file,rel_path,block,n_tokens,speaker,source,ai_draft,translation
dom1Jenny_L01.mes,Script/dom1Jenny_L01.mes,0,28,주인공,(お、今日はロックバンドのライブ<6E5C>をやってるみたいだ),,
dom1Jenny_L01.mes,Script/dom1Jenny_L01.mes,1,14,UNKNOWN_1c,キャー!サイコー!ヤフー!,,
dom1Jenny_L01.mes,Script/dom1Jenny_L01.mes,2,36,주인공,(むむ、ひときわ騒いでる客が<6E5C>いるな.外国の女の人みたい<6E5C>だけど……),,
dom1Jenny_L01.mes,Script/dom1Jenny_L01.mes,3,14,UNKNOWN_1c,ヒューヒュー!しびれる~★,,
dom1Jenny_L01.mes,Script/dom1Jenny_L01.mes,4,25,주인공,(……なんか、どっかで見たことあ<6E5C>るような……),,
dom1Jenny_L01.mes,Script/dom1Jenny_L01.mes,5,29,UNKNOWN_1c,アラン?ソコにいるのは<이름:3232>!<6E5C>いっしょにたのしもーよん!,,
dom1Jenny_L01.mes,Script/dom1Jenny_L01.mes,6,12,주인공,ジェ、ジェニー先生!?,,
dom1Jenny_L01.mes,Script/dom1Jenny_L01.mes,7,26,Jenny,ホラホラ、もっと前に来て!<6E5C>ダイブするわよダイブ!,,
dom1Jenny_L01.mes,Script/dom1Jenny_L01.mes,8,8,주인공,いや、俺は……,,
dom1Jenny_L01.mes,Script/dom1Jenny_L01.mes,9,12,Jenny,イエ~!サイッコーー!,,
dom1Jenny_L01.mes,Script/dom1Jenny_L01.mes,10,5,주인공,…………,,
dom1Jenny_L01.mes,Script/dom1Jenny_L01.mes,11,19,주인공,(や、やっとライブが終わっ<6E5C>た……),,
dom1Jenny_L01.mes,Script/dom1Jenny_L01.mes,12,18,Jenny,たのしかったわん!<6E5C>イイ汗かいた~,,
dom1Jenny_L01.mes,Script/dom1Jenny_L01.mes,13,5,주인공,…………,,
dom1Jenny_L01.mes,Script/dom1Jenny_L01.mes,14,8,Jenny,どうしたのん?,,
dom1Jenny_L01.mes,Script/dom1Jenny_L01.mes,15,56,주인공,すごい騒ぎ様だったので、<6E5C>ちょっと驚いて……<485C>学校でも十分アレですけど、<6E5C>外ではもっとアレですね.<6E5C>激しい……,,
dom1Jenny_L01.mes,Script/dom1Jenny_L01.mes,16,34,Jenny,これがホントのアタシの姿よんっ!<6E5C>ガッコウでは遠慮してるんだから~,,
dom1Jenny_L01.mes,Script/dom1Jenny_L01.mes,17,10,주인공,(アレでかよ……),,
dom1Jenny_L01.mes,Script/dom1Jenny_L01.mes,18,29,Jenny,でも、<이름:3232>に会うなんて意外だった<6E5C>わ.音楽、好きなのん?,,
dom1Jenny_L01.mes,Script/dom1Jenny_L01.mes,19,14,[선택지],好きです格闘技の方が好きです,,
dom1Jenny_L01.mes,Script/dom1Jenny_L01.mes,20,9,주인공,ええ、好きですよ,,
dom1Jenny_L01.mes,Script/dom1Jenny_L01.mes,21,30,Jenny,アタシもダイスキ!<6E5C>ナカマが身近にいて、<6E5C>うれしいわーん★,,
dom1Jenny_L01.mes,Script/dom1Jenny_L01.mes,22,27,주인공,(ほんとうに、イキイキしてるな、<6E5C>ジェニー先生……),,
dom1Jenny_L01.mes,Script/dom1Jenny_L01.mes,23,13,주인공,格闘技の方が好きですけど,,
dom1Jenny_L01.mes,Script/dom1Jenny_L01.mes,24,30,Jenny,そうなのーん.じゃ、ちゃんと<6E5C>ブカツに出ないとダメよーん★,,
dom1Jenny_L01.mes,Script/dom1Jenny_L01.mes,25,9,주인공,ハハ、そうですね,,
dom1Jenny_L02.mes,Script/dom1Jenny_L02.mes,0,12,[효과음/내레이션],♪カランコロンカラ~ン,,
dom1Jenny_L02.mes,Script/dom1Jenny_L02.mes,1,11,King,いらっしゃい、<이름:3131>君,,
dom1Jenny_L02.mes,Script/dom1Jenny_L02.mes,2,30,주인공,こんにちは.……あれ?<6E5C>今日はいつもと雰囲気が<6E5C>違いますね,,
dom1Jenny_L02.mes,Script/dom1Jenny_L02.mes,3,35,King,今日は七夕だからな.<6E5C>知り合いのバンドを呼んで<6E5C>ライブをしているんだ,,
dom1Jenny_L02.mes,Script/dom1Jenny_L02.mes,4,13,주인공,へぇ.七夕イベントですか,,
dom1Jenny_L02.mes,Script/dom1Jenny_L02.mes,5,5,UNKNOWN_1c,<이름:3232>~★,,
dom1Jenny_L02.mes,Script/dom1Jenny_L02.mes,6,16,주인공,うっ.ジェニー先生がなぜここに,,
dom1Jenny_L02.mes,Script/dom1Jenny_L02.mes,7,30,Jenny,ライブがあるっていったら行くっ<6E5C>きゃないっショ!た~のし~,,
dom1Jenny_L02.mes,Script/dom1Jenny_L02.mes,8,10,주인공,……酔っ払ってる?,,
dom1Jenny_L02.mes,Script/dom1Jenny_L02.mes,9,42,King,ブリティッシュビールばかり注文<6E5C>されてな…….<이름:3131>君のクラスの<6E5C>教育実習生だって?,,
dom1Jenny_L02.mes,Script/dom1Jenny_L02.mes,10,3,주인공,えぇ,,
dom1Jenny_L02.mes,Script/dom1Jenny_L02.mes,11,24,King,じゃあ、しっかり面倒みてくれよ.<6E5C>男なんだから,,
dom1Jenny_L02.mes,Script/dom1Jenny_L02.mes,12,6,주인공,そんな……,,
dom1Jenny_L02.mes,Script/dom1Jenny_L02.mes,13,10,Jenny,<이름:3232>ものもうよ~ん,,
dom1Jenny_L02.mes,Script/dom1Jenny_L02.mes,14,17,주인공,未成年に酒勧めてどうするんですか,,
dom1Jenny_L02.mes,Script/dom1Jenny_L02.mes,15,14,Jenny,ンじゃ、ライブみようよ~ん,,
dom1Jenny_L02.mes,Script/dom1Jenny_L02.mes,16,5,주인공,はいはい,,
dom1Jenny_L02.mes,Script/dom1Jenny_L02.mes,17,1,[효과음/내레이션],♪,,
dom1Jenny_L02.mes,Script/dom1Jenny_L02.mes,18,1,[효과음/내레이션],♪,,
dom1Jenny_L02.mes,Script/dom1Jenny_L02.mes,19,2,[효과음/내레이션],♪,,
dom1Jenny_L02.mes,Script/dom1Jenny_L02.mes,20,11,Jenny,イヤ~ン★サイコ~★,,
dom1Jenny_L02.mes,Script/dom1Jenny_L02.mes,21,20,주인공,(さっきから飲んで騒ぎまくり<6E5C>だ……),,
dom1Jenny_L02.mes,Script/dom1Jenny_L02.mes,22,13,Jenny,もう……ガマンできな~い,,
dom1Jenny_L02.mes,Script/dom1Jenny_L02.mes,23,3,주인공,!?,,
dom1Jenny_L02.mes,Script/dom1Jenny_L02.mes,24,10,Jenny,アタシも、うたう~,,
dom1Jenny_L02.mes,Script/dom1Jenny_L02.mes,25,26,주인공,ちょ、ちょっと、なに勝手にマイク<6E5C>持ってるんですか,,
dom1Jenny_L02.mes,Script/dom1Jenny_L02.mes,26,12,Jenny,イイの!<020A>うたうのん!,,
dom1Jenny_L02.mes,Script/dom1Jenny_L02.mes,27,10,주인공,んなワガママな……,,
dom1Jenny_L02.mes,Script/dom1Jenny_L02.mes,28,9,Jenny,いくわよーん!?,,
dom1Jenny_L02.mes,Script/dom1Jenny_L02.mes,29,1,[효과음/내레이션],♪,,
dom1Jenny_L02.mes,Script/dom1Jenny_L02.mes,30,1,[효과음/내레이션],♪,,
dom1Jenny_L02.mes,Script/dom1Jenny_L02.mes,31,2,[효과음/내레이션],♪,,
dom1Jenny_L02.mes,Script/dom1Jenny_L02.mes,32,5,주인공,…………,,
dom1Jenny_L02.mes,Script/dom1Jenny_L02.mes,33,22,Jenny,ヤフー!<이름:3232>、アタシの歌は<6E5C>どうだった~?,,
dom1Jenny_L02.mes,Script/dom1Jenny_L02.mes,34,24,[선택지],何言ってるのかわからなかったですスゴイですね……,,
dom1Jenny_L02.mes,Script/dom1Jenny_L02.mes,35,22,주인공,いや、何言ってるのかわからなかっ<6E5C>たですよ,,
dom1Jenny_L02.mes,Script/dom1Jenny_L02.mes,36,17,Jenny,モオ!<6E5C>悲しいラブソングなのに!,,
dom1Jenny_L02.mes,Script/dom1Jenny_L02.mes,37,19,주인공,(でも、英語で歌われても<6E5C>なぁ……),,
dom1Jenny_L02.mes,Script/dom1Jenny_L02.mes,38,21,주인공,スゴイですね…….うまいじゃない<6E5C>ですか,,
dom1Jenny_L02.mes,Script/dom1Jenny_L02.mes,39,11,Jenny,ホント!?サンキュ~,,
dom1Jenny_L02.mes,Script/dom1Jenny_L02.mes,40,8,주인공,見直しましたよ,,
dom1Jenny_L02.mes,Script/dom1Jenny_L02.mes,41,17,Jenny,見直したって、どーゆーイミよん!,,
dom1Jenny_L02.mes,Script/dom1Jenny_L02.mes,42,16,주인공,(しまった、口がすべって……),,
dom1Jenny_L02.mes,Script/dom1Jenny_L02.mes,43,12,[효과음/내레이션],♪カランコロンカラ~ン,,
dom1Jenny_L02.mes,Script/dom1Jenny_L02.mes,44,8,Jenny,ヘロー、<이름:3232>!,,
dom1Jenny_L02.mes,Script/dom1Jenny_L02.mes,45,21,주인공,うっ、ジェニー先生…….<6E5C>酔っ払ってる?,,
dom1Jenny_L02.mes,Script/dom1Jenny_L02.mes,46,11,Jenny,<이름:3232>も飲もうよーん!,,
dom1Jenny_L02.mes,Script/dom1Jenny_L02.mes,47,28,주인공,何やってるんですか、レオナひとり<6E5C>に短冊をかざらせて!,,
dom1Jenny_L02.mes,Script/dom1Jenny_L02.mes,48,22,Jenny,エッ…….レオナ、まだガッコウに<6E5C>いるの?,,
dom1Jenny_L02.mes,Script/dom1Jenny_L02.mes,49,16,주인공,いや、それはわからないですけど,,
dom1Jenny_L02.mes,Script/dom1Jenny_L02.mes,50,47,Jenny,なんでレオナひとりにしてくるの!<6E5C>クラスメイトとしてサイテーよ!<6E5C><이름:3232>、ガッコウに戻るわよ!,,
dom1Jenny_L02.mes,Script/dom1Jenny_L02.mes,51,13,주인공,いや、俺に怒られても……,,
dom1Jenny_L02.mes,Script/dom1Jenny_L02.mes,52,5,Leona,<이름:3131>……,,
dom1Jenny_L02.mes,Script/dom1Jenny_L02.mes,53,16,주인공,レオナ!よかった、まだいたんだ,,
dom1Jenny_L02.mes,Script/dom1Jenny_L02.mes,54,37,Jenny,レオナ、短冊かざってくれて<6E5C>アリガト~.<6E5C>コレはアタシからのお礼よーん!,,
dom1Jenny_L02.mes,Script/dom1Jenny_L02.mes,55,9,Leona,ワタシは別に……,,
dom1Jenny_L02.mes,Script/dom1Jenny_L02.mes,56,23,Jenny,コドモが遠慮しないの!<6E5C>ホラ、飲んで飲んで★,,
dom1Jenny_L02.mes,Script/dom1Jenny_L02.mes,57,54,주인공,ちょっと!未成年に何ビール飲ま<6E5C>せようとしてるんですか!<485C>それ、イリュージョンから持って<6E5C>きたんですね!?,,
dom1Jenny_L02.mes,Script/dom1Jenny_L02.mes,58,32,Jenny,モゥ、<이름:3232>はかたいわね~.<6E5C>ホラ、ちゃんとノンアルコール<6E5C>よ~,,
dom1Jenny_L02.mes,Script/dom1Jenny_L02.mes,59,5,Leona,…………,,
dom1Jenny_L02.mes,Script/dom1Jenny_L02.mes,60,25,Jenny,じゃ、ジュースにする?レオナは<6E5C>何が好きなのん?,,
dom1Jenny_L02.mes,Script/dom1Jenny_L02.mes,61,10,Leona,なんでもいいわ……,,
dom1Jenny_L02.mes,Script/dom1Jenny_L02.mes,62,37,Jenny,ヨーシ、今夜は親睦会よ!<6E5C>とことん飲んでフレンドリーに<6E5C>なりましょ~ん!,,
dom1Jenny_L02.mes,Script/dom1Jenny_L02.mes,63,8,주인공,んな勝手に……,,
dom1Jenny_L02.mes,Script/dom1Jenny_L02.mes,64,5,[효과음/내레이션],…………,,
dom1Jenny_L02_2.mes,Script/dom1Jenny_L02_2.mes,0,52,주인공,……レオナ、ひとりでいるところ<6E5C>ムリヤリ押しかけちゃったけど、<6E5C>迷惑だったか?<485C>こういうの苦手だよな?,,
dom1Jenny_L02_2.mes,Script/dom1Jenny_L02_2.mes,1,13,Leona,……そんなこと……ないわ,,
dom1Jenny_L02_2.mes,Script/dom1Jenny_L02_2.mes,2,11,주인공,そうか、良かった……,,
dom1Jenny_L03.mes,Script/dom1Jenny_L03.mes,0,19,주인공,(まだ誰か教室に残ってる<6E5C>かな……),,
dom1Jenny_L03.mes,Script/dom1Jenny_L03.mes,1,19,Jenny,<이름:3232>~★<6E5C>ひとりでナニしてるのーん?,,
dom1Jenny_L03.mes,Script/dom1Jenny_L03.mes,2,12,주인공,ジェニー先生.別に……,,
dom1Jenny_L03.mes,Script/dom1Jenny_L03.mes,3,26,Jenny,ンじゃ、センセイといっしょに<6E5C>キモダメシ行かない?,,
dom1Jenny_L03.mes,Script/dom1Jenny_L03.mes,4,6,[선택지],行く行かない,,
dom1Jenny_L03.mes,Script/dom1Jenny_L03.mes,5,14,주인공,先生はまだ見てないんですか,,
dom1Jenny_L03.mes,Script/dom1Jenny_L03.mes,6,41,Jenny,そーなのよん.ひとりっきりじゃ<6E5C>こわくて…….だから<이름:3232>、<6E5C>つきあってくれない?,,
dom1Jenny_L03.mes,Script/dom1Jenny_L03.mes,7,6,주인공,いいですよ,,
dom1Jenny_L03.mes,Script/dom1Jenny_L03.mes,8,11,Jenny,アリガト……<이름:3232>……,,
dom1Jenny_L03.mes,Script/dom1Jenny_L03.mes,9,32,주인공,(ジェニー先生にも、意外とかわい<6E5C>らしい部分があるんだな……),,
dom1Jenny_L03.mes,Script/dom1Jenny_L03.mes,10,9,[효과음/내레이션],ドロドロドロ……,,
dom1Jenny_L03.mes,Script/dom1Jenny_L03.mes,11,5,Jenny,ヤフー!,,
dom1Jenny_L03.mes,Script/dom1Jenny_L03.mes,12,7,[효과음/내레이션],うらめしや~,,
dom1Jenny_L03.mes,Script/dom1Jenny_L03.mes,13,7,Jenny,ハハハハハ!,,
dom1Jenny_L03.mes,Script/dom1Jenny_L03.mes,14,24,Jenny,ありがとう<이름:3232>!<6E5C>とってもおもしろかったわん!,,
dom1Jenny_L03.mes,Script/dom1Jenny_L03.mes,15,5,주인공,…………,,
dom1Jenny_L03.mes,Script/dom1Jenny_L03.mes,16,23,[선택지],笑ってどうするんですか!俺も面白かったです……,,
dom1Jenny_L03.mes,Script/dom1Jenny_L03.mes,17,13,주인공,笑ってどうするんですか!,,
dom1Jenny_L03.mes,Script/dom1Jenny_L03.mes,18,3,Jenny,ン?,,
dom1Jenny_L03.mes,Script/dom1Jenny_L03.mes,19,20,주인공,(日本の夏の風物詩も台無し<6E5C>だな……),,
dom1Jenny_L03.mes,Script/dom1Jenny_L03.mes,20,12,주인공,俺も面白かったです……,,
dom1Jenny_L03.mes,Script/dom1Jenny_L03.mes,21,16,Jenny,そうよねん?サイコーだったわ!,,
dom1Jenny_L03.mes,Script/dom1Jenny_L03.mes,22,32,주인공,(この人を、一瞬でもかわいらしい<6E5C>と思った俺がバカだった……),,
dom1Jenny_L03.mes,Script/dom1Jenny_L03.mes,23,24,주인공,ジェニー先生だったら、ひとりでも<6E5C>大丈夫ですよ,,
dom1Jenny_L03.mes,Script/dom1Jenny_L03.mes,24,20,Jenny,ちょっと!それってどkゆー<6E5C>イミよん!,,
dom1Jenny_L03.mes,Script/dom1Jenny_L03.mes,25,16,주인공,(そのまんまの意味だけど……),,
dom1Jenny_L04.mes,Script/dom1Jenny_L04.mes,0,55,King,さ<0001><0011><0006><0000><0000><0000><0000><0006><000A><000A><0000><0000><0001><002A><0000><0000><0000><0000><0000><000E><0000><FFFF><0000><0000><0000><0000><0040><0032><0002>(さて、たまにはぶらぶら買い物で<6E5C>もするか……),,
dom1Jenny_L04.mes,Script/dom1Jenny_L04.mes,1,4,UNKNOWN_1c,<이름:3232>★,,
dom1Jenny_L04.mes,Script/dom1Jenny_L04.mes,2,25,주인공,ジェニー先生、またそんな格好で<6E5C>どうしたんですか,,
dom1Jenny_L04.mes,Script/dom1Jenny_L04.mes,3,15,Jenny,今からライブに行くわよーん!,,
dom1Jenny_L04.mes,Script/dom1Jenny_L04.mes,4,20,주인공,またライブですか.ほんと、好きで<6E5C>すね,,
dom1Jenny_L04.mes,Script/dom1Jenny_L04.mes,5,18,Jenny,何いってるの.<6E5C><이름:3232>も行くのよん!,,
dom1Jenny_L04.mes,Script/dom1Jenny_L04.mes,6,12,주인공,俺も?そんな予定は……,,
dom1Jenny_L04.mes,Script/dom1Jenny_L04.mes,7,19,Jenny,ホラホラはやく!OROCHiへゴー★,,
dom1Jenny_L04.mes,Script/dom1Jenny_L04.mes,8,14,주인공,ったく、強引なんだから……,,
dom1Jenny_L04.mes,Script/dom1Jenny_L04.mes,9,22,주인공,今日もまた激しいロックバンドが<6E5C>出てますね,,
dom1Jenny_L04.mes,Script/dom1Jenny_L04.mes,10,10,Jenny,サイコー!ヤフー!,,
dom1Jenny_L04.mes,Script/dom1Jenny_L04.mes,11,17,주인공,それよりも激しい人が横にいるけど,,
dom1Jenny_L04.mes,Script/dom1Jenny_L04.mes,12,12,UNKNOWN_1a,オォ!?<이름:3131>じゃねーか,,
dom1Jenny_L04.mes,Script/dom1Jenny_L04.mes,13,9,주인공,ん?この声は……,,
dom1Jenny_L04.mes,Script/dom1Jenny_L04.mes,14,16,Kaidou,女づれで、生意気にデートかぁ?,,
dom1Jenny_L04.mes,Script/dom1Jenny_L04.mes,15,4,주인공,海堂!,,
dom1Jenny_L04.mes,Script/dom1Jenny_L04.mes,16,14,Jenny,アラン.<이름:3232>のオトモダチ?,,
dom1Jenny_L04.mes,Script/dom1Jenny_L04.mes,17,9,주인공,別に友達じゃ……,,
dom1Jenny_L04.mes,Script/dom1Jenny_L04.mes,18,36,Jenny,アタシ、<이름:3232>のクラスで教育実習<6E5C>してるジェニーよん.<6E5C>ヨロシクねーん★,,
dom1Jenny_L04.mes,Script/dom1Jenny_L04.mes,19,32,Kaidou,オレは海堂狂也だ.<6E5C>美人じゃねーか.<6E5C>うまくやってんなぁ、<이름:3131>,,
dom1Jenny_L04.mes,Script/dom1Jenny_L04.mes,20,14,주인공,どう、うまくやるんだよ……,,
dom1Jenny_L04.mes,Script/dom1Jenny_L04.mes,21,17,Jenny,よーし、3人でライブたのしもー★,,
dom1Jenny_L04.mes,Script/dom1Jenny_L04.mes,22,20,[선택지],こんな奴ほっときましょう別にいいですけど,,
dom1Jenny_L04.mes,Script/dom1Jenny_L04.mes,23,24,주인공,こんな奴ほっといて、ふたりで楽し<6E5C>みましょうよ,,
dom1Jenny_L04.mes,Script/dom1Jenny_L04.mes,24,33,Jenny,アラン.アタシとの仲を、ダレにも<6E5C>ジャマされたくないってワケェ?,,
dom1Jenny_L04.mes,Script/dom1Jenny_L04.mes,25,17,주인공,(海堂が嫌ってだけですけど……),,
dom1Jenny_L04.mes,Script/dom1Jenny_L04.mes,26,27,Kaidou,オイオイ、オレ様をのけものにする<6E5C>とはどーゆーわけだ,,
dom1Jenny_L04.mes,Script/dom1Jenny_L04.mes,27,13,주인공,関係ねぇだろ、あっち行け,,
dom1Jenny_L04.mes,Script/dom1Jenny_L04.mes,28,29,Kaidou,オマエの方が場違いなんだよ.<6E5C>ライブってガラじゃねーだろ,,
dom1Jenny_L04.mes,Script/dom1Jenny_L04.mes,29,9,주인공,別にいいですけど,,
dom1Jenny_L04.mes,Script/dom1Jenny_L04.mes,30,35,Kaidou,よし、オマエは邪魔だから帰れ.<6E5C>オレがジェニーさんとライブを<6E5C>楽しむ,,
dom1Jenny_L04.mes,Script/dom1Jenny_L04.mes,31,12,주인공,なんでそうなるんだよ!,,
dom1Jenny_L04.mes,Script/dom1Jenny_L04.mes,32,23,Kaidou,だいたいオマエはライブってガラ<6E5C>じゃねーだろ,,
dom1Jenny_L04.mes,Script/dom1Jenny_L04.mes,33,16,Jenny,アナタは音楽やってそうよねん?,,
dom1Jenny_L04.mes,Script/dom1Jenny_L04.mes,34,23,Kaidou,中学のときはバンド組んでドラムた<6E5C>たいてたぜ,,
dom1Jenny_L04.mes,Script/dom1Jenny_L04.mes,35,6,Jenny,カッコイ~,,
dom1Jenny_L04.mes,Script/dom1Jenny_L04.mes,36,30,주인공,俺だって楽器ぐらいできるぞ!<6E5C>……ベースさわるぐらいだけど,,
dom1Jenny_L04.mes,Script/dom1Jenny_L04.mes,37,20,Jenny,<이름:3232>もできるの!?<6E5C>スゴイじゃなーい!,,
dom1Jenny_L04.mes,Script/dom1Jenny_L04.mes,38,27,주인공,(なんか、まずいこと言ったかな、<6E5C>ひょっとして……),,
dom1Jenny_L05.mes,Script/dom1Jenny_L05.mes,0,14,Jenny,<이름:3232>~、待ってたわよーん!,,
dom1Jenny_L05.mes,Script/dom1Jenny_L05.mes,1,22,주인공,ジェニー先生、いったい何があるん<6E5C>ですか?,,
dom1Jenny_L05.mes,Script/dom1Jenny_L05.mes,2,16,Jenny,マァマァとにかく、コレ持って!,,
dom1Jenny_L05.mes,Script/dom1Jenny_L05.mes,3,11,주인공,え……ベースですか?,,
dom1Jenny_L05.mes,Script/dom1Jenny_L05.mes,4,24,Jenny,アタシがうたうのに合わせて、<6E5C>ひいてみてよん!,,
dom1Jenny_L05.mes,Script/dom1Jenny_L05.mes,5,19,주인공,えぇ!?<6E5C>いきなり何言ってるんですか,,
dom1Jenny_L05.mes,Script/dom1Jenny_L05.mes,6,13,Jenny,ンじゃ、いっくわよーん!,,
dom1Jenny_L05.mes,Script/dom1Jenny_L05.mes,7,10,주인공,ちょ、ちょっと……,,
dom1Jenny_L05.mes,Script/dom1Jenny_L05.mes,8,1,[효과음/내레이션],♪,,
dom1Jenny_L05.mes,Script/dom1Jenny_L05.mes,9,1,[효과음/내레이션],♪,,
dom1Jenny_L05.mes,Script/dom1Jenny_L05.mes,10,2,[효과음/내레이션],♪,,
dom1Jenny_L05.mes,Script/dom1Jenny_L05.mes,11,28,주인공,(歌いだしちゃったよ、この人.<6E5C>……しかたないな……),,
dom1Jenny_L05.mes,Script/dom1Jenny_L05.mes,12,1,[효과음/내레이션],♪,,
dom1Jenny_L05.mes,Script/dom1Jenny_L05.mes,13,1,[효과음/내레이션],♪,,
dom1Jenny_L05.mes,Script/dom1Jenny_L05.mes,14,2,[효과음/내레이션],♪,,
dom1Jenny_L05.mes,Script/dom1Jenny_L05.mes,15,16,Jenny,ベリーグー!スゴイじゃなーい!,,
dom1Jenny_L05.mes,Script/dom1Jenny_L05.mes,16,17,주인공,いや、ちょっと弾いてみただけです,,
dom1Jenny_L05.mes,Script/dom1Jenny_L05.mes,17,42,Jenny,技術はマダマダだけど、センスは<6E5C>あるわ.<이름:3232>、夏休みにアタシと<6E5C>つきあってみない?,,
dom1Jenny_L05.mes,Script/dom1Jenny_L05.mes,18,4,주인공,え!?,,
dom1Jenny_L05.mes,Script/dom1Jenny_L05.mes,19,18,[선택지],ライブですか?デートならいいですけど,,
dom1Jenny_L05.mes,Script/dom1Jenny_L05.mes,20,14,[선택지],<0134><0001><0000><001C><0010><0002>ライブですか?,,
dom1Jenny_L05.mes,Script/dom1Jenny_L05.mes,21,5,Jenny,そーよん,,
dom1Jenny_L05.mes,Script/dom1Jenny_L05.mes,22,24,주인공,いっしょに見るのは、つきあっても<6E5C>いいですけど,,
dom1Jenny_L05.mes,Script/dom1Jenny_L05.mes,23,42,Jenny,……フフ.そーね.まずは、アタシ<6E5C>といっしょに、ライブをたくさん<6E5C>みていこーねん★,,
dom1Jenny_L05.mes,Script/dom1Jenny_L05.mes,24,19,주인공,(……騒がしい夏休みになりそう<6E5C>だ),,
dom1Jenny_L05.mes,Script/dom1Jenny_L05.mes,25,21,주인공,デートだったらいくらでも付き合い<6E5C>ますよ,,
dom1Jenny_L05.mes,Script/dom1Jenny_L05.mes,26,32,Jenny,モォ!<이름:3232>のアタマの中には<6E5C>オンナノコのコトしかない<6E5C>のん!?,,
dom1Jenny_L05.mes,Script/dom1Jenny_L05.mes,27,11,주인공,そーゆーわけじゃ……,,
dom1Jenny_L05.mes,Script/dom1Jenny_L05.mes,28,40,Jenny,あまったれた性格ね!夏休みの<6E5C>あいだもセンセイがビシバシ<6E5C>指導してあげるわん!,,
dom1Jenny_L05.mes,Script/dom1Jenny_L05.mes,29,28,주인공,(なんで夏休みにまで説教されない<6E5C>といけないんだ……),,
dom1Jenny_L06.mes,Script/dom1Jenny_L06.mes,0,107,UNKNOWN_01,々<0002><0011><0006><0000><0000><0000><0000><0006><000A><000A><0000><0000><0001><002A><0000><0000><0000><0000><0000><0000><00B4><00A6><0002>(……ん?あそこにいるのは<6E5C>ジェニー先生だ……<6E5C>浴衣を着てるぞ<485C>花火大会だから気合入ってるん<6E5C>だなぁ<485C>……ひとりみたいだし、いっしょに<6E5C>見ようかな.どうしようかな),,
dom1Jenny_L06.mes,Script/dom1Jenny_L06.mes,1,25,[선택지],ジェニーといっしょに見るジェニーといっしょに見ない,,
dom1Jenny_L06.mes,Script/dom1Jenny_L06.mes,2,25,주인공,ジェニー先生!いっしょに河川敷<6E5C>に行きましょう!,,
dom1Jenny_L06.mes,Script/dom1Jenny_L06.mes,3,4,Jenny,<이름:3232>!,,
dom1Jenny_L06.mes,Script/dom1Jenny_L06.mes,4,29,주인공,(ジェニー先生といると騒がしいか<6E5C>らな……やめておくか),,
dom1Jenny_L06_2.mes,Script/dom1Jenny_L06_2.mes,0,5,[효과음/내레이션],…………,,
dom1Jenny_L06_2.mes,Script/dom1Jenny_L06_2.mes,1,8,Jenny,もうはじまる?,,
dom1Jenny_L06_2.mes,Script/dom1Jenny_L06_2.mes,2,15,주인공,うん.もう打ち上がるはず……,,
dom1Jenny_L06_2.mes,Script/dom1Jenny_L06_2.mes,3,6,Jenny,あ、キタ!,,
dom1Jenny_L06_2.mes,Script/dom1Jenny_L06_2.mes,4,5,[효과음/내레이션],ヒューー,,
dom1Jenny_L06_2.mes,Script/dom1Jenny_L06_2.mes,5,6,[효과음/내레이션],ドーーン!,,
dom1Jenny_L06_2.mes,Script/dom1Jenny_L06_2.mes,6,26,Jenny,わぁー.ジャパニーズハナビって、<6E5C>すごくキレイねぇ,,
dom1Jenny_L06_2.mes,Script/dom1Jenny_L06_2.mes,7,7,주인공,そうですか?,,
dom1Jenny_L06_2.mes,Script/dom1Jenny_L06_2.mes,8,17,Jenny,そーよん.ニホンに来てよかったわ,,
dom1Jenny_L06_2.mes,Script/dom1Jenny_L06_2.mes,9,29,주인공,そういえば……ジェニー先生は<6E5C>どうして日本で教育実習を?,,
dom1Jenny_L06_2.mes,Script/dom1Jenny_L06_2.mes,10,9,Jenny,ヒ。ミ。ツよーん,,
dom1Jenny_L06_2.mes,Script/dom1Jenny_L06_2.mes,11,31,주인공,はぁ…….でも、日本は好きなんで<6E5C>すね.浴衣、似合ってますよ,,
dom1Jenny_L06_2.mes,Script/dom1Jenny_L06_2.mes,12,7,Jenny,サンキュウ~,,
dom1Jenny_L06_2.mes,Script/dom1Jenny_L06_2.mes,13,42,주인공,(今日のジェニー先生は、なんだか<6E5C>しおらしいや.浴衣のせいかな.<6E5C>いろっぽい……),,
dom1Jenny_L06_2.mes,Script/dom1Jenny_L06_2.mes,14,24,[선택지],いつもとぜんぜん違いますねだまっていっしょに見る,,
dom1Jenny_L06_2.mes,Script/dom1Jenny_L06_2.mes,15,14,주인공,いつもとぜんぜん違いますね,,
dom1Jenny_L06_2.mes,Script/dom1Jenny_L06_2.mes,16,17,Jenny,いつものアタシって、どーゆーの?,,
dom1Jenny_L06_2.mes,Script/dom1Jenny_L06_2.mes,17,12,주인공,人騒がせでうるさい……,,
dom1Jenny_L06_2.mes,Script/dom1Jenny_L06_2.mes,18,6,Jenny,ナァニ!?,,
dom1Jenny_L06_2.mes,Script/dom1Jenny_L06_2.mes,19,14,주인공,いえ、なんでもないです……,,
dom1Jenny_L06_2.mes,Script/dom1Jenny_L06_2.mes,20,7,Jenny,ステキね……,,
dom1Jenny_L06_2.mes,Script/dom1Jenny_L06_2.mes,21,16,주인공,(なんだかドキドキするな……),,
dom1Jenny_L06_2.mes,Script/dom1Jenny_L06_2.mes,22,5,[효과음/내레이션],…………,,
dom1Jenny_L06_2.mes,Script/dom1Jenny_L06_2.mes,23,30,Jenny,……大空にむかってうちあげる<6E5C>大砲って、タマラナイわよネ~,,
dom1Jenny_L06_2.mes,Script/dom1Jenny_L06_2.mes,24,5,[효과음/내레이션],…………,,
dom1Jenny_L06_2.mes,Script/dom1Jenny_L06_2.mes,25,22,주인공,(……ん?今、怖いこと言ったよ<6E5C>うな……),,
dom1Jenny_L07.mes,Script/dom1Jenny_L07.mes,0,40,주인공,はぁ~.ほんとうに来ちゃったよ.<6E5C>福引が当たるなんて、人生はじめて<6E5C>のことだぜ,,
dom1Jenny_L07.mes,Script/dom1Jenny_L07.mes,1,5,UNKNOWN_1c,<이름:3232>~★,,
dom1Jenny_L07.mes,Script/dom1Jenny_L07.mes,2,28,Jenny,ビューティフルなトコねん!<6E5C>つれてきてくれてアリガト~,,
dom1Jenny_L07.mes,Script/dom1Jenny_L07.mes,3,29,주인공,俺も、まさかほんとうに来てくれる<6E5C>とは思いませんでしたよ,,
dom1Jenny_L07.mes,Script/dom1Jenny_L07.mes,4,25,Jenny,いくにきまってるジャナイ★<6E5C>オンセンもたのしみ!,,
dom1Jenny_L07.mes,Script/dom1Jenny_L07.mes,5,12,주인공,初めてでしたっけ、温泉,,
dom1Jenny_L07.mes,Script/dom1Jenny_L07.mes,6,23,Jenny,そーよん.いっしょにはいってくれ<6E5C>るわよね?,,
dom1Jenny_L07.mes,Script/dom1Jenny_L07.mes,7,5,주인공,えぇ!?,,
dom1Jenny_L07.mes,Script/dom1Jenny_L07.mes,8,13,[선택지],無理でしょ!マジっすか!?,,
dom1Jenny_L07.mes,Script/dom1Jenny_L07.mes,9,12,주인공,無理でしょ、そんなの!,,
dom1Jenny_L07.mes,Script/dom1Jenny_L07.mes,10,28,Jenny,モォ、かたいわね~.せっかく<6E5C>アタシとお泊まりなのに~,,
dom1Jenny_L07.mes,Script/dom1Jenny_L07.mes,11,41,주인공,(ほ、本気で言ってるのか?<6E5C>からかわれてるだけなのか?<6E5C>……あーもーわからん!),,
dom1Jenny_L07.mes,Script/dom1Jenny_L07.mes,12,8,주인공,マジっすか!?,,
dom1Jenny_L07.mes,Script/dom1Jenny_L07.mes,13,27,Jenny,なんてネ!さすがにマダそこまで<6E5C>はできないわよねーん,,
dom1Jenny_L07.mes,Script/dom1Jenny_L07.mes,14,24,주인공,(くっ…….本気にした自分が恥ず<6E5C>かしい……),,
dom1Jenny_L07.mes,Script/dom1Jenny_L07.mes,15,25,Jenny,オンセンはべつべつでも、いろいろ<6E5C>アソビましょー,,
dom1Jenny_L07.mes,Script/dom1Jenny_L07.mes,16,5,주인공,もちろん,,
dom1Jenny_L07.mes,Script/dom1Jenny_L07.mes,17,27,Jenny,この旅行で、知らない<이름:3232>が見れた<6E5C>らイイんだけどな~,,
dom1Jenny_L07.mes,Script/dom1Jenny_L07.mes,18,22,주인공,え?知らない俺って、どういう<6E5C>意味ですか?,,
dom1Jenny_L07.mes,Script/dom1Jenny_L07.mes,19,25,Jenny,フフ、<이름:3232>のコト、じっくり観察さ<6E5C>せてもらうわ★,,
dom1Jenny_L07.mes,Script/dom1Jenny_L07.mes,20,7,주인공,観察って……,,
dom1Jenny_L07.mes,Script/dom1Jenny_L07.mes,21,31,Jenny,ふたりで、カイホウテキになっちゃ<6E5C>いましょ?明日は海だしね!,,
dom1Jenny_L07.mes,Script/dom1Jenny_L07.mes,22,37,주인공,(そうだ!明日は水着だ!……<6E5C>開放的ってどういう意味だろ……<6E5C>ドキドキ),,
dom1Jenny_L08.mes,Script/dom1Jenny_L08.mes,0,39,주인공,(……さーて、やっと海に来たぞ.<6E5C>ジェニー先生、どんな水着着て<6E5C>くるんだろ),,
dom1Jenny_L08.mes,Script/dom1Jenny_L08.mes,1,10,Jenny,<이름:3232>!おまたせ~★,,
dom1Jenny_L08.mes,Script/dom1Jenny_L08.mes,2,4,주인공,おぉ!,,
dom1Jenny_L08.mes,Script/dom1Jenny_L08.mes,3,27,Jenny,なに~?アタシのダイナマイト<6E5C>バディにクギツケェ!?,,
dom1Jenny_L08.mes,Script/dom1Jenny_L08.mes,4,13,주인공,そ、そんなことないですよ,,
dom1Jenny_L08.mes,Script/dom1Jenny_L08.mes,5,20,주인공,(期待通りというかなんという<6E5C>か……),,
dom1Jenny_L08.mes,Script/dom1Jenny_L08.mes,6,36,Jenny,フフ、じゃあ、アタシにも、<6E5C><이름:3232>の新しいスガタを見せて<6E5C>もらおうかな?,,
dom1Jenny_L08.mes,Script/dom1Jenny_L08.mes,7,3,주인공,え?,,
dom1Jenny_L08.mes,Script/dom1Jenny_L08.mes,8,12,Jenny,キョウエイしよーよん★,,
dom1Jenny_L08.mes,Script/dom1Jenny_L08.mes,9,4,주인공,競泳?,,
dom1Jenny_L08.mes,Script/dom1Jenny_L08.mes,10,23,Jenny,どっちが遠くまでおよげるか、<6E5C>キョーソーよ!,,
dom1Jenny_L08.mes,Script/dom1Jenny_L08.mes,11,20,주인공,それでどうやって新しい姿見るん<6E5C>ですか,,
dom1Jenny_L08.mes,Script/dom1Jenny_L08.mes,12,15,Jenny,いーから!するの?しないの?,,
dom1Jenny_L08.mes,Script/dom1Jenny_L08.mes,13,17,[선택지],負けませんよ!それより遊びましょう,,
dom1Jenny_L08.mes,Script/dom1Jenny_L08.mes,14,12,주인공,よーし、負けませんよ!,,
dom1Jenny_L08.mes,Script/dom1Jenny_L08.mes,15,10,Jenny,そーこなくっちゃ★,,
dom1Jenny_L08.mes,Script/dom1Jenny_L08.mes,16,12,Jenny,ンじゃ、いくわよ……?,,
dom1Jenny_L08.mes,Script/dom1Jenny_L08.mes,17,6,주인공,(ゴクリ),,
dom1Jenny_L08.mes,Script/dom1Jenny_L08.mes,18,9,Jenny,レディ……ゴー!,,
dom1Jenny_L08.mes,Script/dom1Jenny_L08.mes,19,7,[효과음/내레이션],ジャブジャブ,,
dom1Jenny_L08.mes,Script/dom1Jenny_L08.mes,20,7,[효과음/내레이션],ジャブジャブ,,
dom1Jenny_L08.mes,Script/dom1Jenny_L08.mes,21,5,[효과음/내레이션],…………,,
dom1Jenny_L08.mes,Script/dom1Jenny_L08.mes,22,7,주인공,ぷ、ぷはぁ!,,
dom1Jenny_L08.mes,Script/dom1Jenny_L08.mes,23,31,Jenny,フフッ、ビューティフル<6E5C>ビクトリ~!<6E5C><이름:3232>、マダマダねーん★,,
dom1Jenny_L08.mes,Script/dom1Jenny_L08.mes,24,8,주인공,く、くっそー!,,
dom1Jenny_L08.mes,Script/dom1Jenny_L08.mes,25,31,주인공,(そ、そういえばこの人、趣味が<6E5C>「領海侵犯」だったよな……),,
dom1Jenny_L08.mes,Script/dom1Jenny_L08.mes,26,9,Jenny,<이름:3232>、くやしい?,,
dom1Jenny_L08.mes,Script/dom1Jenny_L08.mes,27,10,주인공,そりゃそうですよ!,,
dom1Jenny_L08.mes,Script/dom1Jenny_L08.mes,28,26,Jenny,ンじゃ、もっともっと泳ぎましょ.<6E5C>陽がしずむまで!,,
dom1Jenny_L08.mes,Script/dom1Jenny_L08.mes,29,10,주인공,望むところですよ!,,
dom1Jenny_L08.mes,Script/dom1Jenny_L08.mes,30,5,Jenny,ヤフ~!,,
dom1Jenny_L08.mes,Script/dom1Jenny_L08.mes,31,25,UNKNOWN_29,々<0000><0000><0000><0000><0000><002C><0020><0002>それより、浅瀬で遊びましょうよ,,
dom1Jenny_L08.mes,Script/dom1Jenny_L08.mes,32,23,Jenny,エ~?<이름:3232>、アタシに負けるの<6E5C>が怖いのぉ~?,,
dom1Jenny_L08.mes,Script/dom1Jenny_L08.mes,33,17,주인공,そういうわけじゃないですけど……,,
dom1Jenny_L08.mes,Script/dom1Jenny_L08.mes,34,31,주인공,(競泳なんかしたら、じっくり水着<6E5C>が見れないじゃないか……),,
dom1Jenny_L08.mes,Script/dom1Jenny_L08.mes,35,29,Jenny,ア!いま、すっごくヤラシ~コト<6E5C>かんがえたなぁ?エッチ!,,
dom1Jenny_L08.mes,Script/dom1Jenny_L08.mes,36,5,주인공,うっ……,,
dom1Jenny_L08.mes,Script/dom1Jenny_L08.mes,37,20,주인공,(あぁ、海で遊びつかれてクタクタ<6E5C>だ),,
dom1Jenny_L08.mes,Script/dom1Jenny_L08.mes,38,22,Jenny,<이름:3232>!とっても楽しかったわん.<6E5C>アリガト~,,
dom1Jenny_L08.mes,Script/dom1Jenny_L08.mes,39,11,주인공,いえいえ、こちらこそ,,
dom1Jenny_L08.mes,Script/dom1Jenny_L08.mes,40,36,Jenny,じゃ、アタシもお返しに楽しい<6E5C>イベントを<이름:3232>にプレゼント<6E5C>するわよん!,,
dom1Jenny_L08.mes,Script/dom1Jenny_L08.mes,41,6,주인공,イベント?,,
dom1Jenny_L08.mes,Script/dom1Jenny_L08.mes,42,47,Jenny,25日、OROCHiに来て!今日より<6E5C>スリリングでエキサイトなコトが、<6E5C><이름:3232>を待ってるわん!,,
dom1Jenny_L08.mes,Script/dom1Jenny_L08.mes,43,11,주인공,いったいなんですか?,,
dom1Jenny_L08.mes,Script/dom1Jenny_L08.mes,44,16,Jenny,ウフフ★まだヒ。ミ。ツよーん!,,
dom1Jenny_L08.mes,Script/dom1Jenny_L08.mes,45,56,주인공,(なんだかんだで、いつの間にか<6E5C>帰る時間になってしまった<485C>あっという間の二日間だったけど、<6E5C>楽しかったな……),,
dom1Jenny_L09.mes,Script/dom1Jenny_L09.mes,0,40,UNKNOWN_01,し<0002><0011><0006><0000><0000><0000><0000><0006><000A><000A><0000><0000><0001><0018><000F><0004><0001><0000><0000><002A><0000><0000><0000><0000><0000><000E><0008><FFFF><0000><0000><0000><0000><0014><0008><0009><이름:3232>★,,
dom1Jenny_L09.mes,Script/dom1Jenny_L09.mes,1,32,주인공,あれ、ジェニー先生.<6E5C>イリュージョンの前で何してるん<6E5C>ですか?,,
dom1Jenny_L09.mes,Script/dom1Jenny_L09.mes,2,28,Jenny,フフンッ.これから時間ある?<6E5C>ちょっとつきあわなーい?,,
dom1Jenny_L09.mes,Script/dom1Jenny_L09.mes,3,4,주인공,え……,,
dom1Jenny_L09.mes,Script/dom1Jenny_L09.mes,4,10,[선택지],付き合う付き合わない,,
dom1Jenny_L09.mes,Script/dom1Jenny_L09.mes,5,9,주인공,ええ、よろこんで,,
dom1Jenny_L09.mes,Script/dom1Jenny_L09.mes,6,24,Jenny,ヤフ~!じゃ、イリュージョンに<6E5C>入りましょん!,,
dom1Jenny_L09.mes,Script/dom1Jenny_L09.mes,7,12,[효과음/내레이션],♪カランコロンカラ~ン,,
dom1Jenny_L09.mes,Script/dom1Jenny_L09.mes,8,12,[효과음/내레이션],パン★<020A>パン★<020A>パン★,,
dom1Jenny_L09.mes,Script/dom1Jenny_L09.mes,9,3,주인공,!?,,
dom1Jenny_L09.mes,Script/dom1Jenny_L09.mes,10,14,Jenny,<이름:3232>!ハッピーバースデー★,,
dom1Jenny_L09.mes,Script/dom1Jenny_L09.mes,11,33,주인공,え?いつのまにクラッカーを…….<6E5C>俺の誕生日、知ってたんですか?,,
dom1Jenny_L09.mes,Script/dom1Jenny_L09.mes,12,42,Jenny,アタシは副担任だもの!大事な<6E5C>セイトのバースデーくらい、<6E5C>チャントおぼえてるわん!,,
dom1Jenny_L09.mes,Script/dom1Jenny_L09.mes,13,12,주인공,すごい……感激しました,,
dom1Jenny_L09.mes,Script/dom1Jenny_L09.mes,14,9,Jenny,ヤフー!大成功!,,
dom1Jenny_L09.mes,Script/dom1Jenny_L09.mes,15,11,UNKNOWN_1a,オレを忘れるなぁー!,,
dom1Jenny_L09.mes,Script/dom1Jenny_L09.mes,16,5,주인공,ん……?,,
dom1Jenny_L09.mes,Script/dom1Jenny_L09.mes,17,14,Kaidou,今日はオレ様の誕生日だー!,,
dom1Jenny_L09.mes,Script/dom1Jenny_L09.mes,18,7,주인공,げぇ、海堂!,,
dom1Jenny_L09.mes,Script/dom1Jenny_L09.mes,19,44,Jenny,さっきバッタリ会ったの!<6E5C><이름:3232>のトモダチでバースデーが<6E5C>いっしょなんて、すごいわよね!,,
dom1Jenny_L09.mes,Script/dom1Jenny_L09.mes,20,13,주인공,(う、うれしくない……),,
dom1Jenny_L09.mes,Script/dom1Jenny_L09.mes,21,24,Jenny,ふたりのために、アタシうたっ<6E5C>ちゃうわよーん★,,
dom1Jenny_L09.mes,Script/dom1Jenny_L09.mes,22,4,주인공,歌う?,,
dom1Jenny_L09.mes,Script/dom1Jenny_L09.mes,23,41,Jenny,そーよん!海堂クンはドラム叩い<6E5C>てくれるし、<이름:3232>もベースひいて<6E5C>くれるでしょー?,,
dom1Jenny_L09.mes,Script/dom1Jenny_L09.mes,24,9,[선택지],弾く見るだけにする,,
dom1Jenny_L09.mes,Script/dom1Jenny_L09.mes,25,20,[선택지],~<0001><0000><0028><001C><0002>もうヤケです.弾きますよ!,,
dom1Jenny_L09.mes,Script/dom1Jenny_L09.mes,26,5,Jenny,ヤフー!,,
dom1Jenny_L09.mes,Script/dom1Jenny_L09.mes,27,10,Kaidou,ヨーシ、いくぜ!!,,
dom1Jenny_L09.mes,Script/dom1Jenny_L09.mes,28,1,[효과음/내레이션],♪,,
dom1Jenny_L09.mes,Script/dom1Jenny_L09.mes,29,1,[효과음/내레이션],♪,,
dom1Jenny_L09.mes,Script/dom1Jenny_L09.mes,30,2,[효과음/내레이션],♪,,
dom1Jenny_L09.mes,Script/dom1Jenny_L09.mes,31,14,Jenny,イヤーン!ちょータノシー!,,
dom1Jenny_L09.mes,Script/dom1Jenny_L09.mes,32,23,주인공,(とんでもない誕生日になっちゃっ<6E5C>たな……),,
dom1Jenny_L09.mes,Script/dom1Jenny_L09.mes,33,26,UNKNOWN_29,Z<0000><0000><0000><0000><0000><0030><0022><0002>いえ、俺はふたりの演葬を見てます,,
dom1Jenny_L09.mes,Script/dom1Jenny_L09.mes,34,10,Jenny,エー!つまんな~い,,
dom1Jenny_L09.mes,Script/dom1Jenny_L09.mes,35,25,Kaidou,フヌケ野郎め.じゃあ、そこで指く<6E5C>わえて見てろ!,,
dom1Jenny_L09.mes,Script/dom1Jenny_L09.mes,36,1,[효과음/내레이션],♪,,
dom1Jenny_L09.mes,Script/dom1Jenny_L09.mes,37,1,[효과음/내레이션],♪,,
dom1Jenny_L09.mes,Script/dom1Jenny_L09.mes,38,2,[효과음/내레이션],♪,,
dom1Jenny_L09.mes,Script/dom1Jenny_L09.mes,39,19,주인공,(とんでもないプレゼントだ<6E5C>な……),,
dom1Jenny_L09.mes,Script/dom1Jenny_L09.mes,40,16,주인공,すいません、ちょっと時間なくて,,
dom1Jenny_L09.mes,Script/dom1Jenny_L09.mes,41,13,Jenny,そう…….じゃあいーわん,,
dom1Jenny_L09.mes,Script/dom1Jenny_L09.mes,42,16,주인공,(悪いことしちゃったかな……),,
dom1Jenny_L10.mes,Script/dom1Jenny_L10.mes,0,16,주인공,(ジェニー先生、いるかな……),,
dom1Jenny_L10.mes,Script/dom1Jenny_L10.mes,1,1,[효과음/내레이션],♪,,
dom1Jenny_L10.mes,Script/dom1Jenny_L10.mes,2,1,[효과음/내레이션],♪,,
dom1Jenny_L10.mes,Script/dom1Jenny_L10.mes,3,2,[효과음/내레이션],♪,,
dom1Jenny_L10.mes,Script/dom1Jenny_L10.mes,4,37,주인공,(また激しいライブやってるな.<6E5C>女性ボーカルみたいだけど<6E5C>……んん!?),,
dom1Jenny_L10.mes,Script/dom1Jenny_L10.mes,5,7,UNKNOWN_1c,<이름:3232>ーーー!,,
dom1Jenny_L10.mes,Script/dom1Jenny_L10.mes,6,8,주인공,ジェニー先生!,,
dom1Jenny_L10.mes,Script/dom1Jenny_L10.mes,7,16,Jenny,ヨウコソ!アタシのステージへ!,,
dom1Jenny_L10.mes,Script/dom1Jenny_L10.mes,8,13,주인공,な、なんでステージに……,,
dom1Jenny_L10.mes,Script/dom1Jenny_L10.mes,9,30,Jenny,ショウカイするわ!アタシの<6E5C>バンド'リーリンナイツPよん★,,
dom1Jenny_L10.mes,Script/dom1Jenny_L10.mes,10,1,[효과음/내레이션],♪,,
dom1Jenny_L10.mes,Script/dom1Jenny_L10.mes,11,1,[효과음/내레이션],♪,,
dom1Jenny_L10.mes,Script/dom1Jenny_L10.mes,12,2,[효과음/내레이션],♪,,
dom1Jenny_L10.mes,Script/dom1Jenny_L10.mes,13,6,주인공,バンド!?,,
dom1Jenny_L10.mes,Script/dom1Jenny_L10.mes,14,13,Jenny,いっくわよー、みんなー!,,
dom1Jenny_L10.mes,Script/dom1Jenny_L10.mes,15,6,UNKNOWN_20,オーーー!,,
dom1Jenny_L10.mes,Script/dom1Jenny_L10.mes,16,1,[효과음/내레이션],♪,,
dom1Jenny_L10.mes,Script/dom1Jenny_L10.mes,17,1,[효과음/내레이션],♪,,
dom1Jenny_L10.mes,Script/dom1Jenny_L10.mes,18,2,[효과음/내레이션],♪,,
dom1Jenny_L10.mes,Script/dom1Jenny_L10.mes,19,38,주인공,(す、すげー!なんて迫力のある<6E5C>ライブ……見てるだけでワクワクし<6E5C>てくる),,
dom1Jenny_L10.mes,Script/dom1Jenny_L10.mes,20,11,Jenny,<이름:3232>!ごカンソウは?,,
dom1Jenny_L10.mes,Script/dom1Jenny_L10.mes,21,18,[선택지],もっと見たいです!俺もやりたいです!,,
dom1Jenny_L10.mes,Script/dom1Jenny_L10.mes,22,16,[선택지],A<0001><0000><0020><0014><0002>もっと見たいです!,,
dom1Jenny_L10.mes,Script/dom1Jenny_L10.mes,23,28,Jenny,ヨーシみんな!もっともっとヒート<6E5C>アップするわよーん!,,
dom1Jenny_L10.mes,Script/dom1Jenny_L10.mes,24,6,UNKNOWN_20,オーーー!,,
dom1Jenny_L10.mes,Script/dom1Jenny_L10.mes,25,1,[효과음/내레이션],♪,,
dom1Jenny_L10.mes,Script/dom1Jenny_L10.mes,26,1,[효과음/내레이션],♪,,
dom1Jenny_L10.mes,Script/dom1Jenny_L10.mes,27,2,[효과음/내레이션],♪,,
dom1Jenny_L10.mes,Script/dom1Jenny_L10.mes,28,56,주인공,(すげぇ、カッコイイなジェニー<6E5C>先生.学校のときよりずっと<6E5C>輝いてる<485C>俺もいつかこんな風に熱中できた<6E5C>ら……),,
dom1Jenny_L10.mes,Script/dom1Jenny_L10.mes,29,31,Jenny,<이름:3232>!ここにベースがあまってる<6E5C>わよん!これ、<이름:3232>のぶんよ!,,
dom1Jenny_L10.mes,Script/dom1Jenny_L10.mes,30,14,주인공,ええ!?何言ってんですか!,,
dom1Jenny_L10.mes,Script/dom1Jenny_L10.mes,31,24,Jenny,アタシのうたでベース弾くのが<6E5C>イヤってわけぇ?,,
dom1Jenny_L10.mes,Script/dom1Jenny_L10.mes,32,6,주인공,い、いえ!,,
dom1Jenny_L10.mes,Script/dom1Jenny_L10.mes,33,4,Jenny,ハイ!,,
dom1Jenny_L10.mes,Script/dom1Jenny_L10.mes,34,4,[효과음/내레이션],ポンッ,,
dom1Jenny_L10.mes,Script/dom1Jenny_L10.mes,35,30,주인공,(うそ……渡されちゃった…….<6E5C>こうなったら弾くしか……),,
dom1Jenny_L10.mes,Script/dom1Jenny_L10.mes,36,1,[효과음/내레이션],♪,,
dom1Jenny_L10.mes,Script/dom1Jenny_L10.mes,37,1,[효과음/내레이션],♪,,
dom1Jenny_L10.mes,Script/dom1Jenny_L10.mes,38,2,[효과음/내레이션],♪,,
dom1Jenny_L10.mes,Script/dom1Jenny_L10.mes,39,9,Jenny,ステキよ!<이름:3232>★,,
dom1Jenny_L10.mes,Script/dom1Jenny_L10.mes,40,10,주인공,俺もやりたいです!,,
dom1Jenny_L10.mes,Script/dom1Jenny_L10.mes,41,31,Jenny,そーこなくっちゃ★<6E5C>リーリンナイツでベース<6E5C>弾いてよ、<이름:3232>!,,
dom1Jenny_L10.mes,Script/dom1Jenny_L10.mes,42,11,주인공,えぇ!?ほんとに!?,,
dom1Jenny_L10.mes,Script/dom1Jenny_L10.mes,43,37,Jenny,バンドコンテスト、<6E5C>'B「『」 O『 Figh>『<:Pに<6E5C>出よーよん!,,
dom1Jenny_L10.mes,Script/dom1Jenny_L10.mes,44,9,주인공,い、いきなり……,,
dom1Jenny_L10.mes,Script/dom1Jenny_L10.mes,45,4,Jenny,イヤ?,,
dom1Jenny_L10.mes,Script/dom1Jenny_L10.mes,46,12,주인공,……いえ、ぜんぜん!!,,
dom1Jenny_L10.mes,Script/dom1Jenny_L10.mes,47,16,Jenny,ほんとのアナタを教えてあげる★,,
dom1Jenny_L10.mes,Script/dom1Jenny_L10.mes,48,1,[효과음/내레이션],♪,,
dom1Jenny_L10.mes,Script/dom1Jenny_L10.mes,49,1,[효과음/내레이션],♪,,
dom1Jenny_L10.mes,Script/dom1Jenny_L10.mes,50,2,[효과음/내레이션],♪,,
dom1Jenny_M01.mes,Script/dom1Jenny_M01.mes,0,29,주인공,あー、夏の夜風は気持ちいいな.<6E5C>さて、部屋で寝るとするか,,
dom1Jenny_M01.mes,Script/dom1Jenny_M01.mes,1,25,UNKNOWN_1c,カレシ~.おネェさんといっしょに<6E5C>あそばな~い?,,
dom1Jenny_M01.mes,Script/dom1Jenny_M01.mes,2,4,주인공,ん!?,,
dom1Jenny_M01.mes,Script/dom1Jenny_M01.mes,3,25,주인공,(こ、これは…….まさか逆ナンっ<6E5C>てやつか!?),,
dom1Jenny_M01.mes,Script/dom1Jenny_M01.mes,4,25,주인공,あ、あの、でも俺、ホテル代とか<6E5C>持ってないし……,,
dom1Jenny_M01.mes,Script/dom1Jenny_M01.mes,5,5,[효과음/내레이션],ポカリ★,,
dom1Jenny_M01.mes,Script/dom1Jenny_M01.mes,6,3,주인공,!?,,
dom1Jenny_M01.mes,Script/dom1Jenny_M01.mes,7,15,UNKNOWN_1c,アタシよアタシ!ジェニーよ!,,
dom1Jenny_M01.mes,Script/dom1Jenny_M01.mes,8,12,주인공,げぇ、ジェニー先生!?,,
dom1Jenny_M01.mes,Script/dom1Jenny_M01.mes,9,14,Jenny,ゲェってナニ!?ムカツク!,,
dom1Jenny_M01.mes,Script/dom1Jenny_M01.mes,10,22,주인공,いや、メガネじゃないからわからな<6E5C>くて……,,
dom1Jenny_M01.mes,Script/dom1Jenny_M01.mes,11,27,Jenny,さっきOROCHiでライブをみてきた<6E5C>帰りなのよん!,,
dom1Jenny_M01.mes,Script/dom1Jenny_M01.mes,12,7,주인공,ライブですか,,
dom1Jenny_M01.mes,Script/dom1Jenny_M01.mes,13,23,Jenny,たのしかったわよ~!<이름:3232>も<6E5C>いっしょに行く?,,
dom1Jenny_M01.mes,Script/dom1Jenny_M01.mes,14,11,주인공,俺はもう寝るんで……,,
dom1Jenny_M01.mes,Script/dom1Jenny_M01.mes,15,16,Jenny,ンじゃ、また月曜ね★グンナイ!,,
dom1Jenny_M01.mes,Script/dom1Jenny_M01.mes,16,34,주인공,(ライブ好きなのか、ジェニー<6E5C>先生.しかし、女って変わる<6E5C>な……),,
dom1Jenny_M02.mes,Script/dom1Jenny_M02.mes,0,5,[효과음/내레이션],ガラガラ,,
dom1Jenny_M02.mes,Script/dom1Jenny_M02.mes,1,63,주인공,(おお!今日はメチャクチャ早く<6E5C>学校に着いたぞ.いよいよ明日は<6E5C>終業式.<6E5C>一度も遅刻しなかった俺は、<6E5C>なんてエライんだ……),,
dom1Jenny_M02.mes,Script/dom1Jenny_M02.mes,2,8,UNKNOWN_1c,<이름:3232>じゃない!,,
dom1Jenny_M02.mes,Script/dom1Jenny_M02.mes,3,11,Jenny,めずらしく早いわね!,,
dom1Jenny_M02.mes,Script/dom1Jenny_M02.mes,4,17,주인공,おはようございます、ジェニー先生,,
dom1Jenny_M02.mes,Script/dom1Jenny_M02.mes,5,30,Jenny,アシタでガッコウおわりだもの<6E5C>ねん.夏休み、ヨテイできた?,,
dom1Jenny_M02.mes,Script/dom1Jenny_M02.mes,6,7,주인공,とくには……,,
dom1Jenny_M02.mes,Script/dom1Jenny_M02.mes,7,27,Jenny,ンじゃ、アシタの夕方、OROCHi<6E5C>に来てみなさい!,,
dom1Jenny_M02.mes,Script/dom1Jenny_M02.mes,8,3,주인공,え?,,
dom1Jenny_M02.mes,Script/dom1Jenny_M02.mes,9,17,Jenny,ちょっとしたテストをしちゃうから,,
dom1Jenny_M02.mes,Script/dom1Jenny_M02.mes,10,15,주인공,えー、なんでテストなんか……,,
dom1Jenny_M02.mes,Script/dom1Jenny_M02.mes,11,36,Jenny,楽しいテストよん!ンじゃ、<6E5C>職員室でカイギがあるから、<6E5C>まったねーん★,,
dom1Jenny_M02.mes,Script/dom1Jenny_M02.mes,12,38,주인공,(行っちゃった…….明日、<6E5C>OROCHiに行ったら何を<6E5C>されるんだ……?),,
dom1Jenny_O0727_0.mes,Script/dom1Jenny_O0727_0.mes,0,21,주인공,ふう.……ものすごく早く起きてし<6E5C>まった,,
dom1Jenny_O0727_0.mes,Script/dom1Jenny_O0727_0.mes,1,16,주인공,携帯が点滅してる…….留守電?,,
dom1Jenny_O0727_0.mes,Script/dom1Jenny_O0727_0.mes,2,122,UNKNOWN_01,<0100><0002><0000><00F4><00E8><0003>アテナです.<이름:3232>、昨日は励ま<6E5C>してくれてありがとう……<485C>そうそう、色々なスケジュール、<6E5C>ちょっとだけ延期してもらうことに<6E5C>しました<485C>今月末くらいまで、自分の好きなこ<6E5C>とさせてもらえるみたい.たまには<6E5C>息抜きしないとね.じゃ、また!,,
dom1Jenny_O0727_0.mes,Script/dom1Jenny_O0727_0.mes,3,146,Mai,心配かけてごめんね、<이름:3232>君.<6E5C>でも、もう気にしないでほしいの<485C>自分で悩んで、自分で決めたことだ<6E5C>から……<485C>荷物の整理や何やらで、何週間かは<6E5C>そっちのアパートにいれそうです<485C>今度もし顔を合わせるときは、いつ<6E5C>も通りの<이름:3232>君でいてね<485C>私も……私も、いつもの、お隣の<6E5C>お姉さんでいるから.約束よ?,,
dom1Jenny_O0727_0.mes,Script/dom1Jenny_O0727_0.mes,4,105,Yuri,こんばんは、ユリです.こないだは<6E5C>楽しかったね~!<485C>あれから、帰ったらイタリアからお<6E5C>兄ちゃんのお友達が来ててね.月末<6E5C>までは遊ぶ時間、減っちゃうかも<485C>でも、これからも道場には遊びにき<6E5C>てね!おやすみなさ~い,,
dom1Jenny_O0727_0.mes,Script/dom1Jenny_O0727_0.mes,5,122,UNKNOWN_01,<0100><0002><0000><00F4><00E8><0007>キングです.<이름:3131>くん、昨夜の<6E5C>メール、読ませてもらったよ.<6E5C>……私のことは気にしなくていい<485C>君には今、もっと大事なことが<6E5C>あるんだから<485C>昨日みせてくれた気合があれば、<6E5C>何があっても大丈夫だと思うよ.<6E5C>またお店にもおいで.じゃあ……,,
dom1Jenny_O0727_0.mes,Script/dom1Jenny_O0727_0.mes,6,137,[선택지],<0118><010C><0008>藤堂です.先輩!協会からの手紙が<6E5C>来ておりまして、大会は来月に延期<6E5C>することになったそうです<485C>決着が延びてしまうのは口惜しいで<6E5C>すがさらなる鍛錬を積むには絶好の<6E5C>機会ですね<485C>これを機に私もさらなる奥義を<6E5C>会得しようと思うので、月末までは<6E5C>個人練習としましょう.では!,,
dom1Jenny_O0727_0.mes,Script/dom1Jenny_O0727_0.mes,7,121,UNKNOWN_01,<0100><0002><0000><00F4><00E6><000A>……おい、<이름:3131>.寝てんのか<485C>せっかくオレ様が電話してやってん<6E5C>のによ…….まあいいや.クーラ、<6E5C>家に戻ってきたらしいぜ<485C>兄貴が、お前は家にいろって言った<6E5C>らしい.早くも一件落着ってわけ<6E5C>だな<485C>いちおう報告してやったぜ.<6E5C>じゃあな,,
dom1Jenny_O0727_0.mes,Script/dom1Jenny_O0727_0.mes,8,76,Leona,レオナです.さっきは思わせぶりな<6E5C>態度で……ごめんなさい<485C>父と口論になってしまって……<6E5C>少し、興奮していたの<485C>もう大丈夫だから、忘れて.<6E5C>それじゃ……,,
dom1Jenny_O0727_0.mes,Script/dom1Jenny_O0727_0.mes,9,3,[효과음/내레이션],ピッ,,
dom1Jenny_O0727_0.mes,Script/dom1Jenny_O0727_0.mes,10,19,주인공,そうか…….これでよかったんだよ<6E5C>な,,
dom1Jenny_O0727_0.mes,Script/dom1Jenny_O0727_0.mes,11,30,주인공,じゃあ、あと、俺に残っている問題<6E5C>は……ひとつだけだな……,,
dom1Jenny_O0727_0.mes,Script/dom1Jenny_O0727_0.mes,12,11,주인공,ううん、むにゃむにゃ,,
dom1Jenny_O0727_0.mes,Script/dom1Jenny_O0727_0.mes,13,4,[효과음/내레이션],♪。♪,,
dom1Jenny_O0727_0.mes,Script/dom1Jenny_O0727_0.mes,14,9,주인공,……ん?何だぁ?,,
dom1Jenny_O0727_0.mes,Script/dom1Jenny_O0727_0.mes,15,6,[효과음/내레이션],♪。♪。♪,,
dom1Jenny_O0727_0.mes,Script/dom1Jenny_O0727_0.mes,16,39,주인공,あ、ケータイか!普段ぜんぜん鳴<6E5C>らないからわからなかったぜ.<6E5C>いったい誰だ?,,
dom1Jenny_O0727_0.mes,Script/dom1Jenny_O0727_0.mes,17,3,[효과음/내레이션],ピッ,,
dom1Jenny_O0727_0.mes,Script/dom1Jenny_O0727_0.mes,18,5,주인공,もしもし,,
dom1Jenny_O0727_0.mes,Script/dom1Jenny_O0727_0.mes,19,13,UNKNOWN_1c,グンモーニン★ダーリン!,,
dom1Jenny_O0727_0.mes,Script/dom1Jenny_O0727_0.mes,20,28,주인공,……ジェニー先生、朝からいたずら<6E5C>電話はやめてください,,
dom1Jenny_O0727_0.mes,Script/dom1Jenny_O0727_0.mes,21,22,Jenny,モォ、<이름:3232>はノリがわるいわね、<6E5C>ムカツク!,,
dom1Jenny_O0727_0.mes,Script/dom1Jenny_O0727_0.mes,22,15,주인공,なんなんですか、こんな時間に,,
dom1Jenny_O0727_0.mes,Script/dom1Jenny_O0727_0.mes,23,23,Jenny,いまからガッコウに来なさい!<6E5C>メーレーよん!,,
dom1Jenny_O0727_0.mes,Script/dom1Jenny_O0727_0.mes,24,11,주인공,呼び出し命令ですか!,,
dom1Jenny_O0727_0.mes,Script/dom1Jenny_O0727_0.mes,25,17,Jenny,ヤーネ、デートのお誘いじゃない★,,
dom1Jenny_O0727_0.mes,Script/dom1Jenny_O0727_0.mes,26,23,주인공,そんな嘘ついておびき出そうとして<6E5C>もダメです,,
dom1Jenny_O0727_0.mes,Script/dom1Jenny_O0727_0.mes,27,25,Jenny,ほんとはアタシに会いたいくせ<6E5C>に~.コイツゥ~★,,
dom1Jenny_O0727_0.mes,Script/dom1Jenny_O0727_0.mes,28,5,주인공,(絶句),,
dom1Jenny_O0727_0.mes,Script/dom1Jenny_O0727_0.mes,29,14,Jenny,ンじゃ、待ってるからね~ん,,
dom1Jenny_O0727_0.mes,Script/dom1Jenny_O0727_0.mes,30,5,[효과음/내레이션],ガチャッ,,
dom1Jenny_O0727_0.mes,Script/dom1Jenny_O0727_0.mes,31,15,주인공,(……なんて強引なんだ……),,
dom1Jenny_O0727_1.mes,Script/dom1Jenny_O0727_1.mes,0,53,주인공,(……と思いつつのこのこやって<6E5C>来てる俺は、結局ジェニー先生に<6E5C>流される運命ってことなのか、<485C>情けない),,
dom1Jenny_O0727_1.mes,Script/dom1Jenny_O0727_1.mes,1,48,주인공,……しかし、当のジェニー先生は<6E5C>どこだ?教室にも職員室にもいない<6E5C>……人を呼びつけておいて……,,
dom1Jenny_O0727_1.mes,Script/dom1Jenny_O0727_1.mes,2,1,[효과음/내레이션],♪,,
dom1Jenny_O0727_1.mes,Script/dom1Jenny_O0727_1.mes,3,1,[효과음/내레이션],♪,,
dom1Jenny_O0727_1.mes,Script/dom1Jenny_O0727_1.mes,4,2,[효과음/내레이션],♪,,
dom1Jenny_O0727_1.mes,Script/dom1Jenny_O0727_1.mes,5,16,주인공,!<020A>な、なんだ?……校内放送?,,
dom1Jenny_O0727_1.mes,Script/dom1Jenny_O0727_1.mes,6,1,[효과음/내레이션],♪,,
dom1Jenny_O0727_1.mes,Script/dom1Jenny_O0727_1.mes,7,1,[효과음/내레이션],♪,,
dom1Jenny_O0727_1.mes,Script/dom1Jenny_O0727_1.mes,8,2,[효과음/내레이션],♪,,
dom1Jenny_O0727_1.mes,Script/dom1Jenny_O0727_1.mes,9,36,주인공,……爆音でロックが流れてる…….<6E5C>こんなことを学校でしでかすの<6E5C>は……,,
dom1Jenny_O0727_1.mes,Script/dom1Jenny_O0727_1.mes,10,11,Jenny,ア。タ。シ、よーん★,,
dom1Jenny_O0727_1.mes,Script/dom1Jenny_O0727_1.mes,11,4,주인공,出た!,,
dom1Jenny_O0727_1.mes,Script/dom1Jenny_O0727_1.mes,12,22,Jenny,出たとはナニよ、出たとは!<6E5C>シツレイねん!,,
dom1Jenny_O0727_1.mes,Script/dom1Jenny_O0727_1.mes,13,17,주인공,これはいったいなんのマネですか?,,
dom1Jenny_O0727_1.mes,Script/dom1Jenny_O0727_1.mes,14,53,Jenny,<이름:3232>を歓迎するBGMよ!<485C>今日から毎日、<6E5C>'リーリンナイツPのベーシスト<6E5C>としてレンシューするんだから!,,
dom1Jenny_O0727_1.mes,Script/dom1Jenny_O0727_1.mes,15,28,주인공,……あのOROCHiでの話は、ほんとう<6E5C>だったんだ……,,
dom1Jenny_O0727_1.mes,Script/dom1Jenny_O0727_1.mes,16,78,Jenny,あたりまえよん!だから<이름:3232>、<6E5C>もうアタシと<이름:3232>はセンセイと<6E5C>生徒じゃないわん<485C>同じバンドのメンバーよ!<6E5C>ジェニー先生じゃなく、ジェニーっ<6E5C>て呼びなさーい!,,
dom1Jenny_O0727_1.mes,Script/dom1Jenny_O0727_1.mes,17,6,주인공,バンド……,,
dom1Jenny_O0727_1.mes,Script/dom1Jenny_O0727_1.mes,18,30,Jenny,イヤなの?<이름:3232>にとってアタシは<6E5C>センセイ?それともナカマ?,,
dom1Jenny_O0727_1.mes,Script/dom1Jenny_O0727_1.mes,19,6,주인공,そんな……,,
dom1Jenny_O0727_1.mes,Script/dom1Jenny_O0727_1.mes,20,4,[선택지],先生仲間,,
dom1Jenny_O0727_1.mes,Script/dom1Jenny_O0727_1.mes,21,54,[선택지],0<0001><0000><006C><0060><0002>やっぱり、ジェニー先生はジェニー<6E5C>先生ですよ.いきなり同じ仲間とし<6E5C>て接しろって言われても……,,
dom1Jenny_O0727_1.mes,Script/dom1Jenny_O0727_1.mes,22,5,Jenny,ソゥ……,,
dom1Jenny_O0727_1.mes,Script/dom1Jenny_O0727_1.mes,23,67,주인공,(……俺、冷たいかな?ジェニー<6E5C>先生は上下関係なく俺と接したいっ<6E5C>てことだよな……<485C>それはすごくうれしいけど、<6E5C>でもとまどうぜ……),,
dom1Jenny_O0727_1.mes,Script/dom1Jenny_O0727_1.mes,24,50,Jenny,……ンじゃ、センセイとしてビシバ<6E5C>シ<이름:3232>にテクをたたきこむわん!<6E5C>口応えしたらゆるさないわよー!!,,
dom1Jenny_O0727_1.mes,Script/dom1Jenny_O0727_1.mes,25,23,주인공,(……めちゃくちゃ上下関係ある<6E5C>じゃん……),,
dom1Jenny_O0727_1.mes,Script/dom1Jenny_O0727_1.mes,26,43,UNKNOWN_29,『<0000><0000><0000><0000><0000><0050><0044><0002>そりゃ、ジェニー先生は先生ってい<6E5C>うよりは仲間って感じですけど……,,
dom1Jenny_O0727_1.mes,Script/dom1Jenny_O0727_1.mes,27,36,Jenny,ヨカッタ!ンじゃバンドのメンバー<6E5C>として対等にやっていけるわよ<6E5C>ねん!,,
dom1Jenny_O0727_1.mes,Script/dom1Jenny_O0727_1.mes,28,43,주인공,ってゆーか、ぜんぜん先生に見えな<6E5C>いっていうか…….なんで教育実習<6E5C>してるんですか?,,
dom1Jenny_O0727_1.mes,Script/dom1Jenny_O0727_1.mes,29,10,Jenny,ナンですってぇっ?,,
dom1Jenny_O0727_1.mes,Script/dom1Jenny_O0727_1.mes,30,25,주인공,(いや、当然の疑問を言ったまで<6E5C>なんだけど……),,
dom1Jenny_O0727_1.mes,Script/dom1Jenny_O0727_1.mes,31,48,Jenny,とにかく!もう後にはひけないわ<6E5C>よん!バンドに入ってコンテスト<6E5C>に出る覚悟、できてるわよねん?,,
dom1Jenny_O0727_1.mes,Script/dom1Jenny_O0727_1.mes,32,32,주인공,……えぇ、もうヤケです!こうなっ<6E5C>たら行くとこまで行きますよ!,,
dom1Jenny_O0727_1.mes,Script/dom1Jenny_O0727_1.mes,33,10,Jenny,そーこなくっちゃ★,,
dom1Jenny_O0727_1.mes,Script/dom1Jenny_O0727_1.mes,34,23,주인공,練習がんばります!<6E5C>よろしくおねがいします!,,
dom1Jenny_O0727_1.mes,Script/dom1Jenny_O0727_1.mes,35,17,Jenny,アタシこそヨ。ロ。シ。クねーん★,,
dom1Jenny_O0727_2.mes,Script/dom1Jenny_O0727_2.mes,0,8,[효과음/내레이션],♪。♪。♪……,,
dom1Jenny_O0727_2.mes,Script/dom1Jenny_O0727_2.mes,1,24,주인공,……でも、練習って、この教室でや<6E5C>るんですか?,,
dom1Jenny_O0727_2.mes,Script/dom1Jenny_O0727_2.mes,2,32,Jenny,とーぶんの間はねん.夏休みだから<6E5C>ダレも来ないし、イーでしょ?,,
dom1Jenny_O0727_2.mes,Script/dom1Jenny_O0727_2.mes,3,13,주인공,でも私用で使うなんて……,,
dom1Jenny_O0727_2.mes,Script/dom1Jenny_O0727_2.mes,4,13,Jenny,ダイジョブ、ダイジョブ!,,
dom1Jenny_O0727_2.mes,Script/dom1Jenny_O0727_2.mes,5,14,주인공,(教育実習生の分際で……),,
dom1Jenny_O0727_2.mes,Script/dom1Jenny_O0727_2.mes,6,45,주인공,それと……、練習の前に、その<6E5C>バンドコンテストのことを詳しく<6E5C>教えてほしいんですけど……,,
dom1Jenny_O0727_2.mes,Script/dom1Jenny_O0727_2.mes,7,23,Jenny,ソーネ!すっかりセツメイするの<6E5C>忘れてたわ!,,
dom1Jenny_O0727_2.mes,Script/dom1Jenny_O0727_2.mes,8,14,주인공,(しっかりしてくれよ……),,
dom1Jenny_O0727_2.mes,Script/dom1Jenny_O0727_2.mes,9,66,Jenny,'B「『」 O『 Figh>『<:Pが<6E5C>行われるのは31日よん!<6E5C>会場はOROCHi<485C>毎年行われてるチョ~レベル高い<6E5C>コンテストよ,,
dom1Jenny_O0727_2.mes,Script/dom1Jenny_O0727_2.mes,10,17,주인공,31日って4日後じゃないですか!,,
dom1Jenny_O0727_2.mes,Script/dom1Jenny_O0727_2.mes,11,21,Jenny,そーよん.だからみっちり練習する<6E5C>のよー,,
dom1Jenny_O0727_2.mes,Script/dom1Jenny_O0727_2.mes,12,12,주인공,でもレベル高いって……,,
dom1Jenny_O0727_2.mes,Script/dom1Jenny_O0727_2.mes,13,63,Jenny,メジャーレコード会社が主宰<6E5C>だから、優勝したらデビューって<6E5C>コトになっちゃうかも<485C>モチ、やるからには優勝を<6E5C>目指すわよーん!,,
dom1Jenny_O0727_2.mes,Script/dom1Jenny_O0727_2.mes,14,28,주인공,んなデカイコンテストに、<6E5C>なんで俺なんか出すんですか!,,
dom1Jenny_O0727_2.mes,Script/dom1Jenny_O0727_2.mes,15,39,Jenny,先月、ベーシストがケガで<6E5C>抜けちゃって…….<6E5C>だから新しいヒトさがしてたのん,,
dom1Jenny_O0727_2.mes,Script/dom1Jenny_O0727_2.mes,16,29,주인공,でも、俺なんか少し弾けるだけで<6E5C>バンド経験もないのに……,,
dom1Jenny_O0727_2.mes,Script/dom1Jenny_O0727_2.mes,17,66,Jenny,ダイジョブ!<이름:3232>ならゼッタイ<6E5C>できるわん!おとなしーけど熱い<6E5C>ものをもってるのがわかるわ!<485C>アタシが言うんだからまちがい<6E5C>ナーシ!,,
dom1Jenny_O0727_2.mes,Script/dom1Jenny_O0727_2.mes,18,9,주인공,本当ですか……?,,
dom1Jenny_O0727_2.mes,Script/dom1Jenny_O0727_2.mes,19,40,Jenny,モォ!やる前からブーブー言わな<6E5C>いの!オトコならだまってやりと<6E5C>おしなさーい!,,
dom1Jenny_O0727_2.mes,Script/dom1Jenny_O0727_2.mes,20,20,주인공,(……ったく自分勝手なんだか<6E5C>ら……),,
dom1Jenny_O0727_3.mes,Script/dom1Jenny_O0727_3.mes,0,7,[효과음/내레이션],♪~♪♪~♪,,
dom1Jenny_O0727_3.mes,Script/dom1Jenny_O0727_3.mes,1,26,주인공,……イテテ.久々に長時間弾いたか<6E5C>ら指が痛いな……,,
dom1Jenny_O0727_3.mes,Script/dom1Jenny_O0727_3.mes,2,30,Jenny,イイわよ<이름:3232>!レンシュー初日<6E5C>から熱心でうれしいわよーん!,,
dom1Jenny_O0727_3.mes,Script/dom1Jenny_O0727_3.mes,3,63,주인공,そりゃコンテストまで4日だなんて<6E5C>考えたらね……<485C>それに、前のメンバーが使ってた<6E5C>っていうこのベース、すごく<6E5C>弾きやすいです,,
dom1Jenny_O0727_3.mes,Script/dom1Jenny_O0727_3.mes,4,45,Jenny,リーリンナイツの情熱がこもってる<6E5C>からね!コレがあればネコに小判!<6E5C>優勝まちがいナーシ★,,
dom1Jenny_O0727_3.mes,Script/dom1Jenny_O0727_3.mes,5,33,주인공,鬼に金棒でしょ…….まぁ、足手ま<6E5C>といにならないように頑張ります,,
dom1Jenny_O0727_3.mes,Script/dom1Jenny_O0727_3.mes,6,35,Jenny,じゃー、コードのおさらいねん!<6E5C>いくわよ!<6E5C>“ローリングサンダー”!,,
dom1Jenny_O0727_3.mes,Script/dom1Jenny_O0727_3.mes,7,5,주인공,…………,,
dom1Jenny_O0727_3.mes,Script/dom1Jenny_O0727_3.mes,8,7,Jenny,どうしたの?,,
dom1Jenny_O0727_3.mes,Script/dom1Jenny_O0727_3.mes,9,31,주인공,その、なんとかなりませんか?<6E5C>そのプロレス技みたいな曲名……,,
dom1Jenny_O0727_3.mes,Script/dom1Jenny_O0727_3.mes,10,27,Jenny,アタシのビューティフルなセンスに<6E5C>ケチつける気ィ!?,,
dom1Jenny_O0727_3.mes,Script/dom1Jenny_O0727_3.mes,11,16,주인공,すいません……なんでもいいです,,
dom1Jenny_O0727_3.mes,Script/dom1Jenny_O0727_3.mes,12,55,Jenny,イイ?もう一度いうわね.<6E5C>“ローリングサンダー”の<485C>コードは'F#m7 G#m7P<6E5C>ではじまるの.わかった?,,
dom1Jenny_O0727_3.mes,Script/dom1Jenny_O0727_3.mes,13,9,주인공,はい.こうですね,,
dom1Jenny_O0727_3.mes,Script/dom1Jenny_O0727_3.mes,14,7,[효과음/내레이션],♪~♪♪~♪,,
dom1Jenny_O0727_3.mes,Script/dom1Jenny_O0727_3.mes,15,31,Jenny,ソゥソゥ.そのチョーシよん.<6E5C>ジャ、“クレイジーイワン”は?,,
dom1Jenny_O0727_3.mes,Script/dom1Jenny_O0727_3.mes,16,24,주인공,'G#m7 C#m7 A#m7k<6E5C>5Pですね?,,
dom1Jenny_O0727_3.mes,Script/dom1Jenny_O0727_3.mes,17,7,[효과음/내레이션],♪~♪♪~♪,,
dom1Jenny_O0727_3.mes,Script/dom1Jenny_O0727_3.mes,18,22,Jenny,グレイト!イーかんじよん.<6E5C>忘れないでね★,,
dom1Jenny_O0727_3.mes,Script/dom1Jenny_O0727_3.mes,19,4,주인공,はい!,,
dom1Jenny_O0727_4.mes,Script/dom1Jenny_O0727_4.mes,0,16,주인공,あぁ~クタクタだ!肩もいてぇー,,
dom1Jenny_O0727_4.mes,Script/dom1Jenny_O0727_4.mes,1,28,Jenny,<이름:3232>オツカレ!<이름:3232>が入って<6E5C>くれてホントに助かったわ!,,
dom1Jenny_O0727_4.mes,Script/dom1Jenny_O0727_4.mes,2,28,주인공,いえ、俺もなんだか楽しいです.<6E5C>責任も重大ですけど……,,
dom1Jenny_O0727_4.mes,Script/dom1Jenny_O0727_4.mes,3,36,Jenny,プレッシャーは忘れて、もっと<6E5C>楽しんで、もっともっとアツーク<6E5C>なろう★,,
dom1Jenny_O0727_4.mes,Script/dom1Jenny_O0727_4.mes,4,20,주인공,はい.何かに熱中するの、懐かしい<6E5C>です,,
dom1Jenny_O0727_4.mes,Script/dom1Jenny_O0727_4.mes,5,21,Jenny,……アタシといっぱい熱中してくれ<6E5C>てる?,,
dom1Jenny_O0727_4.mes,Script/dom1Jenny_O0727_4.mes,6,4,주인공,ええ!,,
dom1Jenny_O0727_4.mes,Script/dom1Jenny_O0727_4.mes,7,17,Jenny,じゃ、明日も練習がんばろうねん!,,
dom1Jenny_O0727_4.mes,Script/dom1Jenny_O0727_4.mes,8,17,[선택지],もちろんです!デートもしましょう!,,
dom1Jenny_O0727_4.mes,Script/dom1Jenny_O0727_4.mes,9,14,[선택지],<0108><0001><0000><001C><0010><0002>もちろんです!,,
dom1Jenny_O0727_4.mes,Script/dom1Jenny_O0727_4.mes,10,24,Jenny,ヒュ~♪たよりにしてるわ!<6E5C>しからばグッバイ!,,
dom1Jenny_O0727_4.mes,Script/dom1Jenny_O0727_4.mes,11,8,주인공,はい.また明日,,
dom1Jenny_O0727_4.mes,Script/dom1Jenny_O0727_4.mes,12,37,주인공,(疲れたけど、ぜんぜん眠くない<6E5C>や.……気持ちが高ぶってるのか<6E5C>な……),,
dom1Jenny_O0727_4.mes,Script/dom1Jenny_O0727_4.mes,13,20,UNKNOWN_29,<0144><0000><0000><0000><0000><0000><0024><0016><0002>デートもしましょう!,,
dom1Jenny_O0727_4.mes,Script/dom1Jenny_O0727_4.mes,14,3,Jenny,ん?,,
dom1Jenny_O0727_4.mes,Script/dom1Jenny_O0727_4.mes,15,17,주인공,その……練習が終わったあとに……,,
dom1Jenny_O0727_4.mes,Script/dom1Jenny_O0727_4.mes,16,5,Jenny,<이름:3232>……,,
dom1Jenny_O0727_4.mes,Script/dom1Jenny_O0727_4.mes,17,10,주인공,ジェ、ジェニー……,,
dom1Jenny_O0727_4.mes,Script/dom1Jenny_O0727_4.mes,18,28,Jenny,そんなヨユーどこにあるの!<6E5C>明日も朝から一日中練習よ!,,
dom1Jenny_O0727_4.mes,Script/dom1Jenny_O0727_4.mes,19,12,주인공,や、やっぱりそうか……,,
dom1Jenny_O0728_0.mes,Script/dom1Jenny_O0728_0.mes,0,44,주인공,ふぁあ~.こんな早朝に、しかも<6E5C>夏休みなのに学校に来てるなんて、<6E5C>俺ってかわいそう……,,
dom1Jenny_O0728_0.mes,Script/dom1Jenny_O0728_0.mes,1,5,[효과음/내레이션],…………,,
dom1Jenny_O0728_0.mes,Script/dom1Jenny_O0728_0.mes,2,60,주인공,でも、変に気持ちがいいから不思議<6E5C>だよな.昨日も帰ってからずっと<6E5C>ベースの練習してたし<485C>……俺ってけっこーマジメじゃん,,
dom1Jenny_O0728_0.mes,Script/dom1Jenny_O0728_0.mes,3,5,[효과음/내레이션],…………,,
dom1Jenny_O0728_0.mes,Script/dom1Jenny_O0728_0.mes,4,48,주인공,……だというのに、いったい<6E5C>ジェニーはどこに?<485C>呼びつけておいて来ないとは<6E5C>どーゆーつもりだ!,,
dom1Jenny_O0728_0.mes,Script/dom1Jenny_O0728_0.mes,5,5,[효과음/내레이션],…………,,
dom1Jenny_O0728_0.mes,Script/dom1Jenny_O0728_0.mes,6,36,주인공,あ、また派手な演出で現れようとし<6E5C>てるのかな?よし、待ちかまえて<6E5C>やれ,,
dom1Jenny_O0728_0.mes,Script/dom1Jenny_O0728_0.mes,7,5,[효과음/내레이션],…………,,
dom1Jenny_O0728_1.mes,Script/dom1Jenny_O0728_1.mes,0,5,[효과음/내레이션],…………,,
dom1Jenny_O0728_1.mes,Script/dom1Jenny_O0728_1.mes,1,5,주인공,…………,,
dom1Jenny_O0728_1.mes,Script/dom1Jenny_O0728_1.mes,2,4,[효과음/내레이션],ガラッ,,
dom1Jenny_O0728_1.mes,Script/dom1Jenny_O0728_1.mes,3,24,Jenny,ゴッメ~ン、寝坊しちゃった!<6E5C><이름:3232>、待ったー?,,
dom1Jenny_O0728_1.mes,Script/dom1Jenny_O0728_1.mes,4,5,주인공,…………,,
dom1Jenny_O0728_1.mes,Script/dom1Jenny_O0728_1.mes,5,9,Jenny,どーしたの?<이름:3232>,,
dom1Jenny_O0728_1.mes,Script/dom1Jenny_O0728_1.mes,6,54,주인공,……待ちましたよ!いったい何時間<6E5C>遅刻するんですか!<485C>ひとりで散々ベースの練習<6E5C>しちゃったじゃないですか!,,
dom1Jenny_O0728_1.mes,Script/dom1Jenny_O0728_1.mes,7,27,Jenny,ゴメンってばぁ~.アタシ、ホント<6E5C>は朝がダメなのよ~,,
dom1Jenny_O0728_1.mes,Script/dom1Jenny_O0728_1.mes,8,9,주인공,そーなんですか?,,
dom1Jenny_O0728_1.mes,Script/dom1Jenny_O0728_1.mes,9,35,Jenny,なかなか起きれなくって……<6E5C>だから、授業も毎日タイヘン<6E5C>だったのよん,,
dom1Jenny_O0728_1.mes,Script/dom1Jenny_O0728_1.mes,10,17,주인공,それは知らなかったです.意外だな,,
dom1Jenny_O0728_1.mes,Script/dom1Jenny_O0728_1.mes,11,34,Jenny,でも、コンテストは夕方だから<6E5C>シンパイしないで!<6E5C>バッチリよーん★,,
dom1Jenny_O0728_1.mes,Script/dom1Jenny_O0728_1.mes,12,16,주인공,そーゆー問題じゃないでしょ……,,
dom1Jenny_O0728_2.mes,Script/dom1Jenny_O0728_2.mes,0,9,Jenny,だめだめじゃん!,,
dom1Jenny_O0728_2.mes,Script/dom1Jenny_O0728_2.mes,1,16,Jenny,それじゃ弱すぎる!もっと強く!,,
dom1Jenny_O0728_2.mes,Script/dom1Jenny_O0728_2.mes,2,6,주인공,は、はい!,,
dom1Jenny_O0728_2.mes,Script/dom1Jenny_O0728_2.mes,3,7,[효과음/내레이션],♪~♪♪~♪,,
dom1Jenny_O0728_2.mes,Script/dom1Jenny_O0728_2.mes,4,13,Jenny,ノンノン!コードが違う!,,
dom1Jenny_O0728_2.mes,Script/dom1Jenny_O0728_2.mes,5,9,주인공,す、すいません!,,
dom1Jenny_O0728_2.mes,Script/dom1Jenny_O0728_2.mes,6,32,주인공,(ジェニー……今日はやけに厳しい<6E5C>な.遅刻してきたくせに……),,
dom1Jenny_O0728_2.mes,Script/dom1Jenny_O0728_2.mes,7,15,Jenny,ボーっとしない!集中してー!,,
dom1Jenny_O0728_2.mes,Script/dom1Jenny_O0728_2.mes,8,6,주인공,は、はい!,,
dom1Jenny_O0728_2.mes,Script/dom1Jenny_O0728_2.mes,9,7,[효과음/내레이션],♪~♪♪~♪,,
dom1Jenny_O0728_2.mes,Script/dom1Jenny_O0728_2.mes,10,13,Jenny,もっと、心を開いて……!,,
dom1Jenny_O0728_2.mes,Script/dom1Jenny_O0728_2.mes,11,7,[효과음/내레이션],♪~♪♪~♪,,
dom1Jenny_O0728_2.mes,Script/dom1Jenny_O0728_2.mes,12,15,Jenny,スリリングに!エキサイトに!,,
dom1Jenny_O0728_2.mes,Script/dom1Jenny_O0728_2.mes,13,7,[효과음/내레이션],♪~♪♪~♪,,
dom1Jenny_O0728_2.mes,Script/dom1Jenny_O0728_2.mes,14,11,Jenny,……<이름:3232>、つかれた?,,
dom1Jenny_O0728_2.mes,Script/dom1Jenny_O0728_2.mes,15,7,주인공,え?いえ……,,
dom1Jenny_O0728_2.mes,Script/dom1Jenny_O0728_2.mes,16,7,Jenny,……ゴメンね,,
dom1Jenny_O0728_2.mes,Script/dom1Jenny_O0728_2.mes,17,14,주인공,どうしたんですか、いきなり,,
dom1Jenny_O0728_2.mes,Script/dom1Jenny_O0728_2.mes,18,63,Jenny,ゴーインに<이름:3232>をバンドに引き<6E5C>入れて、ムチャな練習ばっかり<6E5C>させて……アタシ勝手だよね<485C>ホントはイヤんなってるよ<6E5C>ねん……?,,
dom1Jenny_O0728_2.mes,Script/dom1Jenny_O0728_2.mes,19,32,주인공,(……いきなり弱気になるなんて、<6E5C>どうしたんだ、ジェニー……),,
dom1Jenny_O0728_2.mes,Script/dom1Jenny_O0728_2.mes,20,22,[선택지],気楽にやりましょうよ自分の意志でやってますよ,,
dom1Jenny_O0728_2.mes,Script/dom1Jenny_O0728_2.mes,21,44,주인공,そんな落ち込んだりしないでくだ<6E5C>さいよ.もっと気楽にやったらいい<6E5C>じゃないですか、ね!,,
dom1Jenny_O0728_2.mes,Script/dom1Jenny_O0728_2.mes,22,5,Jenny,<이름:3232>……,,
dom1Jenny_O0728_2.mes,Script/dom1Jenny_O0728_2.mes,23,7,주인공,ジェニー……,,
dom1Jenny_O0728_2.mes,Script/dom1Jenny_O0728_2.mes,24,49,Jenny,ナニ甘ったれたコト言ってんのよ!<6E5C>楽しくするのはイイけど、気楽に<6E5C>するヨユーなんてないのよーん!,,
dom1Jenny_O0728_2.mes,Script/dom1Jenny_O0728_2.mes,25,4,주인공,でぇ?,,
dom1Jenny_O0728_2.mes,Script/dom1Jenny_O0728_2.mes,26,49,Jenny,この期におよんでまだそんなヌルイ<6E5C>心構えだとは思わなかったわ……<6E5C>100%の本気を出しなさーい!,,
dom1Jenny_O0728_2.mes,Script/dom1Jenny_O0728_2.mes,27,8,주인공,なんなんだよ~,,
dom1Jenny_O0728_2.mes,Script/dom1Jenny_O0728_2.mes,28,27,주인공,そんなことないですよ、俺、自分の<6E5C>意志でやってますよ,,
dom1Jenny_O0728_2.mes,Script/dom1Jenny_O0728_2.mes,29,5,Jenny,エ……?,,
dom1Jenny_O0728_2.mes,Script/dom1Jenny_O0728_2.mes,30,100,주인공,まぁ、俺をここまで引っ張ってきた<6E5C>のはジェニーだけど、でも、ちゃん<6E5C>と自分の意志でバンドに入ることを<485C>決めたし、キツイ練習やってるんで<6E5C>すよ.もっともっと上達したい<6E5C>ですから、ガンガン言って下さい!,,
dom1Jenny_O0728_2.mes,Script/dom1Jenny_O0728_2.mes,31,5,Jenny,<이름:3232>……,,
dom1Jenny_O0728_2.mes,Script/dom1Jenny_O0728_2.mes,32,2,주인공,?,,
dom1Jenny_O0728_2.mes,Script/dom1Jenny_O0728_2.mes,33,22,Jenny,ステキ~!それでこそリーリン<6E5C>ナイツよー!,,
dom1Jenny_O0728_2.mes,Script/dom1Jenny_O0728_2.mes,34,5,[효과음/내레이션],むぎゅっ,,
dom1Jenny_O0728_2.mes,Script/dom1Jenny_O0728_2.mes,35,22,주인공,うわっ、いきなり抱きつかないで<6E5C>ください!,,
dom1Jenny_O0728_2.mes,Script/dom1Jenny_O0728_2.mes,36,13,Jenny,ンもぅ、うれしいくせに~,,
dom1Jenny_O0728_2.mes,Script/dom1Jenny_O0728_2.mes,37,5,주인공,うぷ……,,
dom1Jenny_O0728_3.mes,Script/dom1Jenny_O0728_3.mes,0,29,Jenny,じゃー今日はおっしまーい★<6E5C><이름:3232>どんどん上達してるよん!,,
dom1Jenny_O0728_3.mes,Script/dom1Jenny_O0728_3.mes,1,8,주인공,ほんとですか?,,
dom1Jenny_O0728_3.mes,Script/dom1Jenny_O0728_3.mes,2,43,Jenny,ウン、スゴイスゴイ!ご褒美に、<6E5C>いまからどっか連れていってあげ<6E5C>よー!どこがイーイ?,,
dom1Jenny_O0728_3.mes,Script/dom1Jenny_O0728_3.mes,3,13,[선택지],OROCHiネオジオランド,,
dom1Jenny_O0728_3.mes,Script/dom1Jenny_O0728_3.mes,4,21,주인공,OROCHiにライブ見に行き<6E5C>ませんか?,,
dom1Jenny_O0728_3.mes,Script/dom1Jenny_O0728_3.mes,5,39,Jenny,イイね~.今日のOROCHiはアテナの<6E5C>シークレットライブだしね!<6E5C>イコイコ,,
dom1Jenny_O0728_3.mes,Script/dom1Jenny_O0728_3.mes,6,20,주인공,あ、そーなんですか?知らなかっ<6E5C>たです,,
dom1Jenny_O0728_3.mes,Script/dom1Jenny_O0728_3.mes,7,41,Jenny,マタマタァ~.それが見たくて言っ<6E5C>たクセにぃ~.やっぱり<이름:3232>は<6E5C>アテナのこと……,,
dom1Jenny_O0728_3.mes,Script/dom1Jenny_O0728_3.mes,8,13,주인공,そんなんじゃないですよ!,,
dom1Jenny_O0728_3.mes,Script/dom1Jenny_O0728_3.mes,9,28,Jenny,じゃ、そーゆーコトにしてあげる★<6E5C>OROCHiにゴー!,,
dom1Jenny_O0728_3.mes,Script/dom1Jenny_O0728_3.mes,10,5,주인공,はいはい,,
dom1Jenny_O0728_3.mes,Script/dom1Jenny_O0728_3.mes,11,41,주인공,うわ、クラスのやつらばっ<6E5C>かり…….知り合いを集めた<6E5C>シークレットライブなんだな,,
dom1Jenny_O0728_3.mes,Script/dom1Jenny_O0728_3.mes,12,15,Jenny,ワーオ!ヒトでいっぱいねん!,,
dom1Jenny_O0728_3.mes,Script/dom1Jenny_O0728_3.mes,13,17,주인공,あれ、わざわざ着替えたんですか?,,
dom1Jenny_O0728_3.mes,Script/dom1Jenny_O0728_3.mes,14,34,Jenny,あのカッコじゃワレを忘れてあばれ<6E5C>られないでしょー.トーゼンよん!,,
dom1Jenny_O0728_3.mes,Script/dom1Jenny_O0728_3.mes,15,26,주인공,(そんな堂々と我を忘れて暴れない<6E5C>でください……),,
dom1Jenny_O0728_3.mes,Script/dom1Jenny_O0728_3.mes,16,28,Athena,みんな!今日はわたしのライブに<6E5C>来てくれてありがとう!,,
dom1Jenny_O0728_3.mes,Script/dom1Jenny_O0728_3.mes,17,10,Jenny,ア!はじまったわ!,,
dom1Jenny_O0728_3.mes,Script/dom1Jenny_O0728_3.mes,18,21,Jenny,キャー!アテナー!カッコイイ<6E5C>わよ~ん!,,
dom1Jenny_O0728_3.mes,Script/dom1Jenny_O0728_3.mes,19,17,주인공,ちょっとジェニー、はしゃぎすぎ!,,
dom1Jenny_O0728_3.mes,Script/dom1Jenny_O0728_3.mes,20,26,Jenny,ステキー!アタシもはやくステージ<6E5C>でうたいた~い!,,
dom1Jenny_O0728_3.mes,Script/dom1Jenny_O0728_3.mes,21,42,주인공,……いくらなんでも、アテナの<6E5C>マイクを奪って歌いだしたりする<6E5C>のはやめてくださいよ,,
dom1Jenny_O0728_3.mes,Script/dom1Jenny_O0728_3.mes,22,28,Jenny,シツレイねっ!教師がそんなコト<6E5C>するワケないでしょー!,,
dom1Jenny_O0728_3.mes,Script/dom1Jenny_O0728_3.mes,23,13,주인공,いや、じゅうぶん不安です,,
dom1Jenny_O0728_3.mes,Script/dom1Jenny_O0728_3.mes,24,11,Jenny,アテナー!サイコー!,,
dom1Jenny_O0728_3.mes,Script/dom1Jenny_O0728_3.mes,25,21,주인공,これが教師としてあるべき姿だろう<6E5C>か……,,
dom1Jenny_O0728_3.mes,Script/dom1Jenny_O0728_3.mes,26,16,주인공,ネオジオランドで遊びませんか?,,
dom1Jenny_O0728_3.mes,Script/dom1Jenny_O0728_3.mes,27,34,Jenny,イーわね!パーッとあそんで、疲れ<6E5C>なんてフッ飛ばしちゃうわよーん!,,
dom1Jenny_O0728_3.mes,Script/dom1Jenny_O0728_3.mes,28,17,주인공,ジェニーはどんなゲームが好きかな,,
dom1Jenny_O0728_3.mes,Script/dom1Jenny_O0728_3.mes,29,12,Jenny,たっぷり遊ぶわよーん!,,
dom1Jenny_O0728_3.mes,Script/dom1Jenny_O0728_3.mes,30,17,주인공,あれ、わざわざ着替えたんですか?,,
dom1Jenny_O0728_3.mes,Script/dom1Jenny_O0728_3.mes,31,31,Jenny,モッチロン!暴れやすいカッコウ<6E5C>じゃないとあそべないでしょ?,,
dom1Jenny_O0728_3.mes,Script/dom1Jenny_O0728_3.mes,32,12,주인공,(遊ぶo暴れる……?),,
dom1Jenny_O0728_3.mes,Script/dom1Jenny_O0728_3.mes,33,30,Jenny,おもしろそうなゲームがイッパイ<6E5C>ね.どれがオススメなのん?,,
dom1Jenny_O0728_3.mes,Script/dom1Jenny_O0728_3.mes,34,17,주인공,この格闘ゲーム、やってみません?,,
dom1Jenny_O0728_3.mes,Script/dom1Jenny_O0728_3.mes,35,6,Jenny,オーケー!,,
dom1Jenny_O0728_3.mes,Script/dom1Jenny_O0728_3.mes,36,8,[효과음/내레이션],ドカ!<020A>バキ!,,
dom1Jenny_O0728_3.mes,Script/dom1Jenny_O0728_3.mes,37,10,Jenny,キャー!たのしー!,,
dom1Jenny_O0728_3.mes,Script/dom1Jenny_O0728_3.mes,38,23,주인공,ちょっとジェニー、激しくボタン叩<6E5C>きすぎ……,,
dom1Jenny_O0728_3.mes,Script/dom1Jenny_O0728_3.mes,39,5,[효과음/내레이션],ボンッ!,,
dom1Jenny_O0728_3.mes,Script/dom1Jenny_O0728_3.mes,40,22,Jenny,アレ?画面が真っ黒になっちゃっ<6E5C>たわよん?,,
dom1Jenny_O0728_3.mes,Script/dom1Jenny_O0728_3.mes,41,5,주인공,…………,,
dom1Jenny_O0728_4.mes,Script/dom1Jenny_O0728_4.mes,0,43,Jenny,アテナすごかったわーん.ロック<6E5C>じゃないけど、タマシイはしっかり<6E5C>ロックだったわ……,,
dom1Jenny_O0728_4.mes,Script/dom1Jenny_O0728_4.mes,1,29,주인공,よくわからないけど……俺も、いい<6E5C>ライブだったと思います,,
dom1Jenny_O0728_4.mes,Script/dom1Jenny_O0728_4.mes,2,69,Jenny,やっぱりニンゲン、夢をもたないと<6E5C>ねん!アテナはダレよりも強い夢を<6E5C>もっていたから、今ああやって<485C>ステージに立つことができるのよ<6E5C>ね……,,
dom1Jenny_O0728_4.mes,Script/dom1Jenny_O0728_4.mes,3,8,주인공,そーですね……,,
dom1Jenny_O0728_4.mes,Script/dom1Jenny_O0728_4.mes,4,9,Jenny,<이름:3232>はないの?夢,,
dom1Jenny_O0728_4.mes,Script/dom1Jenny_O0728_4.mes,5,5,주인공,え?俺?,,
dom1Jenny_O0728_4.mes,Script/dom1Jenny_O0728_4.mes,6,28,Jenny,将来なりたい夢ならダレだって持っ<6E5C>てるでしょ?<이름:3232>は?,,
dom1Jenny_O0728_4.mes,Script/dom1Jenny_O0728_4.mes,7,5,주인공,俺は……,,
dom1Jenny_O0728_4.mes,Script/dom1Jenny_O0728_4.mes,8,18,[선택지],べつにないです今はベースが楽しいです,,
dom1Jenny_O0728_4.mes,Script/dom1Jenny_O0728_4.mes,9,9,주인공,べつにないですよ,,
dom1Jenny_O0728_4.mes,Script/dom1Jenny_O0728_4.mes,10,48,Jenny,モォ!夢もないなんておもしろく<6E5C>ないわねん!そんなんじゃホント<6E5C>にイイ演葬なんてできないわよ!,,
dom1Jenny_O0728_4.mes,Script/dom1Jenny_O0728_4.mes,11,11,주인공,そ、そうですか……?,,
dom1Jenny_O0728_4.mes,Script/dom1Jenny_O0728_4.mes,12,10,Jenny,<이름:3232>はマダマダね!,,
dom1Jenny_O0728_4.mes,Script/dom1Jenny_O0728_4.mes,13,33,주인공,今はベース弾くのが楽しいから、そ<6E5C>れ意外のことは考えてないですね,,
dom1Jenny_O0728_4.mes,Script/dom1Jenny_O0728_4.mes,14,24,Jenny,フーン.じゃ、音楽が夢になっ<6E5C>ちゃったりして?,,
dom1Jenny_O0728_4.mes,Script/dom1Jenny_O0728_4.mes,15,10,주인공,う~ん……どうだろ,,
dom1Jenny_O0728_4.mes,Script/dom1Jenny_O0728_4.mes,16,14,Jenny,そーなったら楽しいわよん!,,
dom1Jenny_O0728_4.mes,Script/dom1Jenny_O0728_4.mes,17,42,주인공,そーゆージェニーの夢はなんなんで<6E5C>すか?やっぱりメジャーデビュー?<6E5C>それとも教師?,,
dom1Jenny_O0728_4.mes,Script/dom1Jenny_O0728_4.mes,18,22,Jenny,アタシの夢はねー……ヒ。ミ。ツ、<6E5C>よーん★,,
dom1Jenny_O0728_4.mes,Script/dom1Jenny_O0728_4.mes,19,8,주인공,なんですかそれ,,
dom1Jenny_O0728_4.mes,Script/dom1Jenny_O0728_4.mes,20,40,Jenny,ヒミツにしたほうが叶うって言う<6E5C>じゃなーい.さっ、明日もはやいし<6E5C>グッバ~イ!,,
dom1Jenny_O0728_4.mes,Script/dom1Jenny_O0728_4.mes,21,16,주인공,ひとにきいておいて秘密かよ……,,
dom1Jenny_O0728_4.mes,Script/dom1Jenny_O0728_4.mes,22,17,Jenny,アハハハハ.タイヘンだったわねー,,
dom1Jenny_O0728_4.mes,Script/dom1Jenny_O0728_4.mes,23,26,주인공,……大変どころじゃないですよ!<6E5C>何壊してんですか!,,
dom1Jenny_O0728_4.mes,Script/dom1Jenny_O0728_4.mes,24,36,Jenny,イヤ~、ゲームってあんまりしない<6E5C>から、加減がわからなかったの<6E5C>よーん,,
dom1Jenny_O0728_4.mes,Script/dom1Jenny_O0728_4.mes,25,30,주인공,疲れをフッ飛ばすどころか、<6E5C>よけいに疲れましたよ……トホホ,,
dom1Jenny_O0729_0.mes,Script/dom1Jenny_O0729_0.mes,0,11,주인공,うぅん、むにゃむにゃ,,
dom1Jenny_O0729_0.mes,Script/dom1Jenny_O0729_0.mes,1,7,[효과음/내레이션],♪ピンポ~ン,,
dom1Jenny_O0729_0.mes,Script/dom1Jenny_O0729_0.mes,2,6,주인공,ん?誰だ?,,
dom1Jenny_O0729_0.mes,Script/dom1Jenny_O0729_0.mes,3,5,[효과음/내레이션],ガチャッ,,
dom1Jenny_O0729_0.mes,Script/dom1Jenny_O0729_0.mes,4,9,Jenny,モーニン★<이름:3232>~,,
dom1Jenny_O0729_0.mes,Script/dom1Jenny_O0729_0.mes,5,30,주인공,ジェニー……今日はわざわざお出迎<6E5C>えですか、朝弱いのに……,,
dom1Jenny_O0729_0.mes,Script/dom1Jenny_O0729_0.mes,6,28,Jenny,アタシに起こされるなんてラッキー<6E5C>よん!はやくはやく!,,
dom1Jenny_O0729_0.mes,Script/dom1Jenny_O0729_0.mes,7,15,주인공,はいはい、いま出ますから……,,
dom1Jenny_O0729_0.mes,Script/dom1Jenny_O0729_0.mes,8,23,Jenny,<이름:3232>はパンツ1枚で練習するの?<6E5C>スゴイわねー,,
dom1Jenny_O0729_0.mes,Script/dom1Jenny_O0729_0.mes,9,8,주인공,え?……わぁ!,,
dom1Jenny_O0729_0.mes,Script/dom1Jenny_O0729_0.mes,10,21,Jenny,ハハハ!朝からゲンキがあって<6E5C>ヨロシ~!,,
dom1Jenny_O0729_1.mes,Script/dom1Jenny_O0729_1.mes,0,21,Jenny,ンーッ、ここは風があってキモチ<6E5C>イーわ!,,
dom1Jenny_O0729_1.mes,Script/dom1Jenny_O0729_1.mes,1,12,주인공,……どうしたんですか?,,
dom1Jenny_O0729_1.mes,Script/dom1Jenny_O0729_1.mes,2,4,Jenny,ウン?,,
dom1Jenny_O0729_1.mes,Script/dom1Jenny_O0729_1.mes,3,32,주인공,学校に行かずにこんなところ歩い<6E5C>て、今日は練習しないんですか?,,
dom1Jenny_O0729_1.mes,Script/dom1Jenny_O0729_1.mes,4,33,Jenny,……あのね、じつは練習の前に<6E5C><이름:3232>にはなしたいことが<6E5C>あるの……,,
dom1Jenny_O0729_1.mes,Script/dom1Jenny_O0729_1.mes,5,8,주인공,話したいこと?,,
dom1Jenny_O0729_1.mes,Script/dom1Jenny_O0729_1.mes,6,22,Jenny,<이름:3232>、アタシのことナニも知ら<6E5C>ないでしょ?,,
dom1Jenny_O0729_1.mes,Script/dom1Jenny_O0729_1.mes,7,33,주인공,え?あぁ、考えたら知り合ってひと<6E5C>月も経ってないんですよね、俺達,,
dom1Jenny_O0729_1.mes,Script/dom1Jenny_O0729_1.mes,8,31,Jenny,どーしてアタシが日本で教育実習し<6E5C>てるかなんて知らないわよね,,
dom1Jenny_O0729_1.mes,Script/dom1Jenny_O0729_1.mes,9,14,주인공,だって、教えてくれないから,,
dom1Jenny_O0729_1.mes,Script/dom1Jenny_O0729_1.mes,10,49,Jenny,アタシね……イギリスで生まれた<6E5C>の.けっこー大きな家に生まれて、<6E5C>自由で満たされた生活をしてたの,,
dom1Jenny_O0729_1.mes,Script/dom1Jenny_O0729_1.mes,11,15,주인공,金持ちの家ですか.いいですね,,
dom1Jenny_O0729_1.mes,Script/dom1Jenny_O0729_1.mes,12,51,Jenny,でもずっと考えてた.……アタシ、<6E5C>なんで生きてるんだろう.なんのた<6E5C>めに生まれてきたんだろうって……,,
dom1Jenny_O0729_1.mes,Script/dom1Jenny_O0729_1.mes,13,11,주인공,……大きな疑問ですね,,
dom1Jenny_O0729_1.mes,Script/dom1Jenny_O0729_1.mes,14,46,Jenny,不満なんてなかった.イヤなコトな<6E5C>んてナニひとつなかったけど、楽し<6E5C>いコトもなかったの……,,
dom1Jenny_O0729_1.mes,Script/dom1Jenny_O0729_1.mes,15,8,주인공,楽しいこと……,,
dom1Jenny_O0729_1.mes,Script/dom1Jenny_O0729_1.mes,16,21,Jenny,だから家を飛び出して、日本に来た<6E5C>のよん,,
dom1Jenny_O0729_1.mes,Script/dom1Jenny_O0729_1.mes,17,10,주인공,えぇ!?唐突ですね,,
dom1Jenny_O0729_1.mes,Script/dom1Jenny_O0729_1.mes,18,37,Jenny,だって、イヤなコトも楽しいコトも<6E5C>ない生活なんて生きてるイミないも<6E5C>の!,,
dom1Jenny_O0729_1.mes,Script/dom1Jenny_O0729_1.mes,19,13,주인공,そーかもしれないけど……,,
dom1Jenny_O0729_1.mes,Script/dom1Jenny_O0729_1.mes,20,69,Jenny,ひとりで日本に来て、笑ったり怒っ<6E5C>たり泣いたりの連続だったわ!<6E5C>毎日ナニが起こるかわからない<485C>アタシ、はじめて生きてる実感が<6E5C>湧いたの!,,
dom1Jenny_O0729_1.mes,Script/dom1Jenny_O0729_1.mes,21,16,주인공,スリリングでエキサイト、ですか,,
dom1Jenny_O0729_1.mes,Script/dom1Jenny_O0729_1.mes,22,45,Jenny,そーよん!音楽に出会って、仲間<6E5C>に出会って、イキガイを見つけた!<6E5C>いまは毎日が楽しいわ!,,
dom1Jenny_O0729_1.mes,Script/dom1Jenny_O0729_1.mes,23,20,주인공,ええ、楽しそうなのは伝わってき<6E5C>ますよ,,
dom1Jenny_O0729_1.mes,Script/dom1Jenny_O0729_1.mes,24,54,Jenny,アタシにしかできないコトをやっ<6E5C>て、みんなをおどろかせたい!<485C>あたらしいコトをドンドンやって<6E5C>いきたいの!,,
dom1Jenny_O0729_1.mes,Script/dom1Jenny_O0729_1.mes,25,13,주인공,じゃ……ジェニーの夢は?,,
dom1Jenny_O0729_1.mes,Script/dom1Jenny_O0729_1.mes,26,96,Jenny,イッパイあるわよん!<6E5C>バンドでデビューして<6E5C>世界ツアーやりたいし、<485C>それからハリウッド女優に転向<6E5C>ってゆーのもすてがたいし、<485C>チャント教師になって<6E5C><이름:3232>みたいな子をビシバシ<6E5C>きたえたいしね!,,
dom1Jenny_O0729_1.mes,Script/dom1Jenny_O0729_1.mes,27,17,주인공,それが昨日言ってた秘密ですか……,,
dom1Jenny_O0729_1.mes,Script/dom1Jenny_O0729_1.mes,28,44,Jenny,そーよん!世界はひろいんだから、<6E5C>やれるコトぜーんぶやらないと<6E5C>もったいないじゃない!,,
dom1Jenny_O0729_1.mes,Script/dom1Jenny_O0729_1.mes,29,7,주인공,なるほど……,,
dom1Jenny_O0729_1.mes,Script/dom1Jenny_O0729_1.mes,30,31,Jenny,だから、<이름:3232>をみてると、むかしの<6E5C>アタシみたいに思えたの……,,
dom1Jenny_O0729_1.mes,Script/dom1Jenny_O0729_1.mes,31,10,주인공,むかしのジェニー?,,
dom1Jenny_O0729_1.mes,Script/dom1Jenny_O0729_1.mes,32,43,Jenny,不自由も不満もない生活で、イキガ<6E5C>イをみつけてなかったでしょ?<6E5C>だから気になったよん,,
dom1Jenny_O0729_1.mes,Script/dom1Jenny_O0729_1.mes,33,66,주인공,そうだったんですか…….そんな風<6E5C>に気にかけてくれてたなんてわから<6E5C>なかったです.<6E5C>ただ、はしゃぐことが好きなんだと<6E5C>ばっかり……,,
dom1Jenny_O0729_1.mes,Script/dom1Jenny_O0729_1.mes,34,9,Jenny,なんですってぇ?,,
dom1Jenny_O0729_1.mes,Script/dom1Jenny_O0729_1.mes,35,47,주인공,いやその…….じゃあ、俺まんまと<6E5C>ジェニーの誘いにかかって、バンド<6E5C>にハマっちゃったんですね,,
dom1Jenny_O0729_1.mes,Script/dom1Jenny_O0729_1.mes,36,20,Jenny,<이름:3232>、いま楽しい?<6E5C>イキガイ感じてる?,,
dom1Jenny_O0729_1.mes,Script/dom1Jenny_O0729_1.mes,37,33,주인공,はい!もっともっとベース上手く<6E5C>なって、はやく大会に出たいです!,,
dom1Jenny_O0729_1.mes,Script/dom1Jenny_O0729_1.mes,38,21,Jenny,ヤフ~!じゃー今日も猛トックン<6E5C>よーん!,,
dom1Jenny_O0729_1.mes,Script/dom1Jenny_O0729_1.mes,39,4,주인공,はい!,,
dom1Jenny_O0729_2.mes,Script/dom1Jenny_O0729_2.mes,0,30,Jenny,準備オーケー?アタシが歌うから、<6E5C>まちがえずに弾いてねん?,,
dom1Jenny_O0729_2.mes,Script/dom1Jenny_O0729_2.mes,1,4,주인공,はい!,,
dom1Jenny_O0729_2.mes,Script/dom1Jenny_O0729_2.mes,2,17,Jenny,ヨーシ、“ローリングサンダー”!,,
dom1Jenny_O0729_2.mes,Script/dom1Jenny_O0729_2.mes,3,18,[선택지],C#m7 A#m7F#m7 G#m7,,
dom1Jenny_O0729_2.mes,Script/dom1Jenny_O0729_2.mes,4,4,[효과음/내레이션],♪~♪,,
dom1Jenny_O0729_2.mes,Script/dom1Jenny_O0729_2.mes,5,9,Jenny,ダメダメじゃん!,,
dom1Jenny_O0729_2.mes,Script/dom1Jenny_O0729_2.mes,6,8,주인공,すいません……,,
dom1Jenny_O0729_2.mes,Script/dom1Jenny_O0729_2.mes,7,7,[효과음/내레이션],♪~♪♪~♪,,
dom1Jenny_O0729_2.mes,Script/dom1Jenny_O0729_2.mes,8,14,Jenny,ベリーグ~!その調子よん!,,
dom1Jenny_O0729_2.mes,Script/dom1Jenny_O0729_2.mes,9,4,주인공,はい!,,
dom1Jenny_O0729_2.mes,Script/dom1Jenny_O0729_2.mes,10,12,Jenny,“クレイジーイワン”!,,
dom1Jenny_O0729_2.mes,Script/dom1Jenny_O0729_2.mes,11,32,[선택지],G#m7 C#m7 A#m7-5F#m7 G#m7 A#m7-5,,
dom1Jenny_O0729_2.mes,Script/dom1Jenny_O0729_2.mes,12,7,[효과음/내레이션],♪~♪♪~♪,,
dom1Jenny_O0729_2.mes,Script/dom1Jenny_O0729_2.mes,13,14,Jenny,ベリーグ~!その調子よん!,,
dom1Jenny_O0729_2.mes,Script/dom1Jenny_O0729_2.mes,14,4,주인공,はい!,,
dom1Jenny_O0729_2.mes,Script/dom1Jenny_O0729_2.mes,15,4,[효과음/내레이션],♪~♪,,
dom1Jenny_O0729_2.mes,Script/dom1Jenny_O0729_2.mes,16,9,Jenny,ダメダメじゃん!,,
dom1Jenny_O0729_2.mes,Script/dom1Jenny_O0729_2.mes,17,8,주인공,すいません……,,
dom1Jenny_O0729_3.mes,Script/dom1Jenny_O0729_3.mes,0,7,[효과음/내레이션],♪~♪♪~♪,,
dom1Jenny_O0729_3.mes,Script/dom1Jenny_O0729_3.mes,1,31,Jenny,イイ感じよん.<6E5C>“メニメニトーピードゥ”の<6E5C>コードは覚えた?,,
dom1Jenny_O0729_3.mes,Script/dom1Jenny_O0729_3.mes,2,23,주인공,'AM7 C#m7 B C#m7P<6E5C>ですね?,,
dom1Jenny_O0729_3.mes,Script/dom1Jenny_O0729_3.mes,3,7,[효과음/내레이션],♪~♪♪~♪,,
dom1Jenny_O0729_3.mes,Script/dom1Jenny_O0729_3.mes,4,17,Jenny,“アンニュイ。マドモアゼル”は?,,
dom1Jenny_O0729_3.mes,Script/dom1Jenny_O0729_3.mes,5,24,주인공,'AM7 C#m7 F#m7 B<6E5C>G#m7P!,,
dom1Jenny_O0729_3.mes,Script/dom1Jenny_O0729_3.mes,6,7,[효과음/내레이션],♪~♪♪~♪,,
dom1Jenny_O0729_3.mes,Script/dom1Jenny_O0729_3.mes,7,8,Jenny,その調子よん!,,
dom1Jenny_O0729_3.mes,Script/dom1Jenny_O0729_3.mes,8,8,주인공,はい!……はぁ,,
dom1Jenny_O0729_3.mes,Script/dom1Jenny_O0729_3.mes,9,24,Jenny,つかれたみたいね.<6E5C>そろそろキューケーしましょ,,
dom1Jenny_O0729_3.mes,Script/dom1Jenny_O0729_3.mes,10,10,[선택지],まだまだ!そうですね,,
dom1Jenny_O0729_3.mes,Script/dom1Jenny_O0729_3.mes,11,29,[선택지],<012C><0001><0000><003C><002E><0002>まだまだいけますよ!もっと練習<6E5C>しましょう!,,
dom1Jenny_O0729_3.mes,Script/dom1Jenny_O0729_3.mes,12,5,Jenny,<이름:3232>……,,
dom1Jenny_O0729_3.mes,Script/dom1Jenny_O0729_3.mes,13,7,주인공,ジェニー……,,
dom1Jenny_O0729_3.mes,Script/dom1Jenny_O0729_3.mes,14,39,Jenny,ランチも食べないで練習してるのよ<6E5C>ん!モォおなかすきすぎて死ん<6E5C>じゃうわん!,,
dom1Jenny_O0729_3.mes,Script/dom1Jenny_O0729_3.mes,15,12,주인공,な、なんじゃそりゃ……,,
dom1Jenny_O0729_3.mes,Script/dom1Jenny_O0729_3.mes,16,15,UNKNOWN_29,<0134><0000><0000><0000><0000><0000><0018><000C><0002>そうですね,,
dom1Jenny_O0729_3.mes,Script/dom1Jenny_O0729_3.mes,17,41,Jenny,じゃ、アタシはイリュージョンで<6E5C>ステーキでも食べてくるから、<6E5C><이름:3232>はガンバッテ!,,
dom1Jenny_O0729_3.mes,Script/dom1Jenny_O0729_3.mes,18,16,주인공,え?俺の休憩じゃないんですか?,,
dom1Jenny_O0729_3.mes,Script/dom1Jenny_O0729_3.mes,19,36,Jenny,時間もないのにナニ言ってるの!<6E5C>寝るとき以外はひたすら弾いて<6E5C>なさい!,,
dom1Jenny_O0729_3.mes,Script/dom1Jenny_O0729_3.mes,20,6,주인공,お、鬼……,,
dom1Jenny_O0729_4.mes,Script/dom1Jenny_O0729_4.mes,0,23,Jenny,今日もおそくまでがんばったわね.<6E5C>オツカレ!,,
dom1Jenny_O0729_4.mes,Script/dom1Jenny_O0729_4.mes,1,28,주인공,はい.ジェニーも、一日練習に付き<6E5C>合うのは大変でしょう,,
dom1Jenny_O0729_4.mes,Script/dom1Jenny_O0729_4.mes,2,39,Jenny,アタシはダイジョブよん!<6E5C>毎日サーロインステーキで<6E5C>スタミナ補裕してるからっ,,
dom1Jenny_O0729_4.mes,Script/dom1Jenny_O0729_4.mes,3,10,주인공,そ、そうですか……,,
dom1Jenny_O0729_4.mes,Script/dom1Jenny_O0729_4.mes,4,8,Jenny,<이름:3232>も食べる?,,
dom1Jenny_O0729_4.mes,Script/dom1Jenny_O0729_4.mes,5,16,주인공,夜中にそんなの食べれませんよ!,,
dom1Jenny_O0729_4.mes,Script/dom1Jenny_O0729_4.mes,6,17,Jenny,じゃ、いっしょにシャワーあびる?,,
dom1Jenny_O0729_4.mes,Script/dom1Jenny_O0729_4.mes,7,10,주인공,何言ってんですか!,,
dom1Jenny_O0729_4.mes,Script/dom1Jenny_O0729_4.mes,8,14,Jenny,ベッドでそい寝でもするー?,,
dom1Jenny_O0729_4.mes,Script/dom1Jenny_O0729_4.mes,9,12,주인공,ふざけないでください!,,
dom1Jenny_O0729_4.mes,Script/dom1Jenny_O0729_4.mes,10,38,Jenny,アハハハ!<이름:3232>もまだゲンキある<6E5C>じゃない!明日もがんばろーね.<6E5C>グンナイ★,,
dom1Jenny_O0729_4.mes,Script/dom1Jenny_O0729_4.mes,11,16,주인공,からかわないでくださいよ、もぅ,,
dom1Jenny_O0730_0.mes,Script/dom1Jenny_O0730_0.mes,0,7,[효과음/내레이션],♪ピンポ~ン,,
dom1Jenny_O0730_0.mes,Script/dom1Jenny_O0730_0.mes,1,11,주인공,おっと、ジェニーだな,,
dom1Jenny_O0730_0.mes,Script/dom1Jenny_O0730_0.mes,2,5,[효과음/내레이션],ガチャッ,,
dom1Jenny_O0730_0.mes,Script/dom1Jenny_O0730_0.mes,3,6,Jenny,モーニン★,,
dom1Jenny_O0730_0.mes,Script/dom1Jenny_O0730_0.mes,4,9,주인공,朝から元気ですね,,
dom1Jenny_O0730_0.mes,Script/dom1Jenny_O0730_0.mes,5,37,Jenny,さすがに目覚まし10コもセットした<6E5C>ら目覚めもソーカイねん.<6E5C>行くわよ!,,
dom1Jenny_O0730_0.mes,Script/dom1Jenny_O0730_0.mes,6,9,주인공,はい、学校ですね,,
dom1Jenny_O0730_0.mes,Script/dom1Jenny_O0730_0.mes,7,16,Jenny,ちがうわよ.OROCHiよん!,,
dom1Jenny_O0730_0.mes,Script/dom1Jenny_O0730_0.mes,8,8,주인공,OROCHi?,,
dom1Jenny_O0730_0.mes,Script/dom1Jenny_O0730_0.mes,9,36,Jenny,明日はコンテスト本番よん!<6E5C>ちゃんとステージで弾けるように<6E5C>しないと!,,
dom1Jenny_O0730_0.mes,Script/dom1Jenny_O0730_0.mes,10,19,주인공,OROCHiで練習ができるんですか?,,
dom1Jenny_O0730_0.mes,Script/dom1Jenny_O0730_0.mes,11,54,Jenny,バッチリよん!<6E5C>アタシに不可能の文字はなーい!<485C>リーリンナイツのメンバーも<6E5C>集まってるから、はやくはやくっ,,
dom1Jenny_O0730_0.mes,Script/dom1Jenny_O0730_0.mes,12,6,주인공,は、はい!,,
dom1Jenny_O0730_1.mes,Script/dom1Jenny_O0730_1.mes,0,63,주인공,(うぅ……いつも来てるライブ<6E5C>ハウスなのにメチャクチャ<6E5C>緊張する……<485C>ほんとにあのステージに立って演葬<6E5C>するのかよ、俺……),,
dom1Jenny_O0730_1.mes,Script/dom1Jenny_O0730_1.mes,1,15,Jenny,どうしたの?かたまっちゃって,,
dom1Jenny_O0730_1.mes,Script/dom1Jenny_O0730_1.mes,2,44,주인공,いや、なんか、改めて考えたら俺っ<6E5C>てとんでもないコトやろうとしてる<6E5C>なーって思って……,,
dom1Jenny_O0730_1.mes,Script/dom1Jenny_O0730_1.mes,3,36,Jenny,いまから上がってどーするのよん!<6E5C>キンチョーしないために来たの<6E5C>よん!,,
dom1Jenny_O0730_1.mes,Script/dom1Jenny_O0730_1.mes,4,6,주인공,は、はいっ,,
dom1Jenny_O0730_1.mes,Script/dom1Jenny_O0730_1.mes,5,46,Jenny,やっとリーリンナイツがそろったわ<6E5C>ねん!時間もないから超シュウ<6E5C>チュー的に練習するわよん!,,
dom1Jenny_O0730_1.mes,Script/dom1Jenny_O0730_1.mes,6,6,UNKNOWN_20,オーーー!,,
dom1Jenny_O0730_1.mes,Script/dom1Jenny_O0730_1.mes,7,6,주인공,お、おー!,,
dom1Jenny_O0730_2.mes,Script/dom1Jenny_O0730_2.mes,0,7,[효과음/내레이션],♪~♪♪~♪,,
dom1Jenny_O0730_2.mes,Script/dom1Jenny_O0730_2.mes,1,20,Jenny,イーじゃない<이름:3232>!<6E5C>ミスもすくないわ!,,
dom1Jenny_O0730_2.mes,Script/dom1Jenny_O0730_2.mes,2,33,주인공,はい……もぅ、緊張してる場合じゃ<6E5C>ないですもんね.弾くのに必死で,,
dom1Jenny_O0730_2.mes,Script/dom1Jenny_O0730_2.mes,3,15,Jenny,そのチョーシ、そのチョーシ★,,
dom1Jenny_O0730_2.mes,Script/dom1Jenny_O0730_2.mes,4,26,UNKNOWN_1a,オヤ?見慣れないヤツがステージ<6E5C>に上がってんなぁ~,,
dom1Jenny_O0730_2.mes,Script/dom1Jenny_O0730_2.mes,5,11,주인공,なっ……この声は……,,
dom1Jenny_O0730_2.mes,Script/dom1Jenny_O0730_2.mes,6,22,Kaidou,<이름:3131>、そりゃナンのマネだ?<6E5C>おままごとか?,,
dom1Jenny_O0730_2.mes,Script/dom1Jenny_O0730_2.mes,7,14,주인공,海堂!おまえこそなんで……,,
dom1Jenny_O0730_2.mes,Script/dom1Jenny_O0730_2.mes,8,48,Kaidou,明日はオレ様が優勝する<6E5C>'B「『」 O『 Figh>『<:P<6E5C>だからな.軽く練習しに来たんだよ,,
dom1Jenny_O0730_2.mes,Script/dom1Jenny_O0730_2.mes,9,13,주인공,お、おまえも出るのかよ!,,
dom1Jenny_O0730_2.mes,Script/dom1Jenny_O0730_2.mes,10,16,Kaidou,ってことは<이름:3131>、テメーもか!?,,
dom1Jenny_O0730_2.mes,Script/dom1Jenny_O0730_2.mes,11,5,주인공,あぁ……,,
dom1Jenny_O0730_2.mes,Script/dom1Jenny_O0730_2.mes,12,62,Kaidou,あいかわらずふざけたヤツだな……<485C>'B「『」 O『 Figh>『<:Pは<6E5C>オマエみたいなド素人が出れる<6E5C>大会じゃねーんだぜ,,
dom1Jenny_O0730_2.mes,Script/dom1Jenny_O0730_2.mes,13,28,Jenny,ちょっとー!アタシの大事な<6E5C>メンバーにケチつける気ぃ?,,
dom1Jenny_O0730_2.mes,Script/dom1Jenny_O0730_2.mes,14,7,주인공,あ、ジェニー,,
dom1Jenny_O0730_2.mes,Script/dom1Jenny_O0730_2.mes,15,21,Kaidou,おや?いつかのキレイなオネー<6E5C>サンじゃん,,
dom1Jenny_O0730_2.mes,Script/dom1Jenny_O0730_2.mes,16,54,Jenny,'B「『」 O『 Figh>『<:Pで<6E5C>ユウショーするのはアタシたち<6E5C>リーリンナイツよ!<485C>まちがえないで!,,
dom1Jenny_O0730_2.mes,Script/dom1Jenny_O0730_2.mes,17,47,Kaidou,へぇ、アンタも出るのか.<6E5C>そりゃ楽しみだな<485C>でも、<이름:3131>なんかを入れてる<6E5C>時点で負けは決定だぜ,,
dom1Jenny_O0730_2.mes,Script/dom1Jenny_O0730_2.mes,18,14,Jenny,ナニよ~ん!?やる気ぃ~?,,
dom1Jenny_O0730_2.mes,Script/dom1Jenny_O0730_2.mes,19,7,주인공,ジェニー……,,
dom1Jenny_O0730_2.mes,Script/dom1Jenny_O0730_2.mes,20,39,Kaidou,ハハ!怒った顔もイロっぽいけど、<6E5C>まずはオレ達の演葬を聴いてから<6E5C>怒るんだな,,
dom1Jenny_O0730_2.mes,Script/dom1Jenny_O0730_2.mes,21,16,주인공,おい!俺達が練習してたのに……,,
dom1Jenny_O0730_2.mes,Script/dom1Jenny_O0730_2.mes,22,5,Kaidou,イクゼ!,,
dom1Jenny_O0730_2.mes,Script/dom1Jenny_O0730_2.mes,23,14,[효과음/내레이션],♪♪♪♪。♪♪♪。♪♪♪♪,,
dom1Jenny_O0730_2.mes,Script/dom1Jenny_O0730_2.mes,24,5,주인공,…………,,
dom1Jenny_O0730_2.mes,Script/dom1Jenny_O0730_2.mes,25,20,Kaidou,どーだ?スゴすぎて声も出ねぇっ<6E5C>てか?,,
dom1Jenny_O0730_2.mes,Script/dom1Jenny_O0730_2.mes,26,6,주인공,……くそぉ,,
dom1Jenny_O0730_2.mes,Script/dom1Jenny_O0730_2.mes,27,56,Kaidou,まぁ、明日はオレ達<6E5C>'K)O-)A': 「「『」Pがデビュー<6E5C>する瞬間を、指をくわえて<6E5C>見てるんだな!アバヨ!,,
dom1Jenny_O0730_2.mes,Script/dom1Jenny_O0730_2.mes,28,4,주인공,あ……,,
dom1Jenny_O0730_2.mes,Script/dom1Jenny_O0730_2.mes,29,5,Jenny,…………,,
dom1Jenny_O0730_2.mes,Script/dom1Jenny_O0730_2.mes,30,7,주인공,ジェニー……,,
dom1Jenny_O0730_2.mes,Script/dom1Jenny_O0730_2.mes,31,17,Jenny,……こうなったら殺るしかないわね,,
dom1Jenny_O0730_2.mes,Script/dom1Jenny_O0730_2.mes,32,5,주인공,えぇ!?,,
dom1Jenny_O0730_2.mes,Script/dom1Jenny_O0730_2.mes,33,26,[선택지],わかりました、殺りましょうあんなやつに負けませんよ!,,
dom1Jenny_O0730_2.mes,Script/dom1Jenny_O0730_2.mes,34,31,주인공,わかりました、殺りましょう.<6E5C>海堂のやつをシメちゃいましょう,,
dom1Jenny_O0730_2.mes,Script/dom1Jenny_O0730_2.mes,35,19,Jenny,ナニ言ってるの、殺られるのは<6E5C><이름:3232>よ,,
dom1Jenny_O0730_2.mes,Script/dom1Jenny_O0730_2.mes,36,3,주인공,え?,,
dom1Jenny_O0730_2.mes,Script/dom1Jenny_O0730_2.mes,37,30,Jenny,死ぬ気で練習しないと優勝できない<6E5C>わん!猛トックンよーん!,,
dom1Jenny_O0730_2.mes,Script/dom1Jenny_O0730_2.mes,38,4,주인공,ひえ~,,
dom1Jenny_O0730_2.mes,Script/dom1Jenny_O0730_2.mes,39,17,주인공,あんなやつに負けたりしませんよ!,,
dom1Jenny_O0730_2.mes,Script/dom1Jenny_O0730_2.mes,40,5,Jenny,<이름:3232>……,,
dom1Jenny_O0730_2.mes,Script/dom1Jenny_O0730_2.mes,41,34,주인공,俺達の最高の演葬をすれば、ぜった<6E5C>い優勝します.がんばりましょう!,,
dom1Jenny_O0730_2.mes,Script/dom1Jenny_O0730_2.mes,42,34,Jenny,……やっぱり海堂クンを引き入れた<6E5C>ほうがよかったかしら、アタシ……,,
dom1Jenny_O0730_2.mes,Script/dom1Jenny_O0730_2.mes,43,3,주인공,!?,,
dom1Jenny_O0730_2.mes,Script/dom1Jenny_O0730_2.mes,44,51,Jenny,なんてジョーダンよん!あんなオト<6E5C>コ、アタシたちのパーフェクトな演<6E5C>葬でコテンパにしてやるわよーん!,,
dom1Jenny_O0730_2.mes,Script/dom1Jenny_O0730_2.mes,45,20,주인공,(……本音じゃないだろうな、<6E5C>いまの),,
dom1Jenny_O0730_3.mes,Script/dom1Jenny_O0730_3.mes,0,7,[효과음/내레이션],♪~♪♪~♪,,
dom1Jenny_O0730_3.mes,Script/dom1Jenny_O0730_3.mes,1,21,Jenny,そーじゃないわ!もっとドラムを<6E5C>聴いて!,,
dom1Jenny_O0730_3.mes,Script/dom1Jenny_O0730_3.mes,2,8,주인공,すいません……,,
dom1Jenny_O0730_3.mes,Script/dom1Jenny_O0730_3.mes,3,33,UNKNOWN_b7,リーダー、そんなピリピリするな<6E5C>よ.あせったってしかたないですよ,,
dom1Jenny_O0730_3.mes,Script/dom1Jenny_O0730_3.mes,4,5,Jenny,…………,,
dom1Jenny_O0730_3.mes,Script/dom1Jenny_O0730_3.mes,5,40,UNKNOWN_b7,リーダーの歌い方も、余裕なくなっ<6E5C>てきてるよ.ちょっと休憩したら<6E5C>どうですか?,,
dom1Jenny_O0730_3.mes,Script/dom1Jenny_O0730_3.mes,6,7,Jenny,……そうねん,,
dom1Jenny_O0730_3.mes,Script/dom1Jenny_O0730_3.mes,7,5,주인공,…………,,
dom1Jenny_O0730_3.mes,Script/dom1Jenny_O0730_3.mes,8,46,주인공,(……俺が未熟なせいで迷惑かけ<6E5C>て、悪いな…….みんなみたいに<6E5C>うまかったらいいのに……),,
dom1Jenny_O0730_3.mes,Script/dom1Jenny_O0730_3.mes,9,4,Jenny,<이름:3232>!,,
dom1Jenny_O0730_3.mes,Script/dom1Jenny_O0730_3.mes,10,34,Jenny,ゴメンね……怒ってばっかりで.<6E5C><이름:3232>にはスゴク感謝してるの<6E5C>に……,,
dom1Jenny_O0730_3.mes,Script/dom1Jenny_O0730_3.mes,11,37,주인공,いえ、俺がまだまだヘタだから.<6E5C>厳しく言ってくれたほうが<6E5C>うれしいですよ,,
dom1Jenny_O0730_3.mes,Script/dom1Jenny_O0730_3.mes,12,5,Jenny,<이름:3232>……,,
dom1Jenny_O0730_3.mes,Script/dom1Jenny_O0730_3.mes,13,70,주인공,(……きっと、俺よりジェニーの<6E5C>方がプレッシャー感じてるん<6E5C>だろうな<485C>こんなシリアスな顔のジェニー、<6E5C>見たことないや.<6E5C>……和ませないと),,
dom1Jenny_O0730_3.mes,Script/dom1Jenny_O0730_3.mes,14,63,주인공,……そういえばジェニーは、どうし<6E5C>て日本に来たんですか?<485C>生き甲斐を見つけるのって、<6E5C>べつに日本じゃなくても<6E5C>できたでしょ?,,
dom1Jenny_O0730_3.mes,Script/dom1Jenny_O0730_3.mes,15,3,Jenny,ン?,,
dom1Jenny_O0730_3.mes,Script/dom1Jenny_O0730_3.mes,16,46,주인공,バンドも教師も、祖国の方がやりや<6E5C>すいじゃないですか.もともと日本<6E5C>が好きだったんですか?,,
dom1Jenny_O0730_3.mes,Script/dom1Jenny_O0730_3.mes,17,34,Jenny,……あの国じゃなければどこでもよ<6E5C>かったの.あそこから出られるなら,,
dom1Jenny_O0730_3.mes,Script/dom1Jenny_O0730_3.mes,18,2,주인공,?,,
dom1Jenny_O0730_3.mes,Script/dom1Jenny_O0730_3.mes,19,28,Jenny,ここまでくればダイジョブだと思っ<6E5C>たの.自由だって……,,
dom1Jenny_O0730_3.mes,Script/dom1Jenny_O0730_3.mes,20,33,주인공,(……どういう意味なんだろう.<6E5C>イギリスで何かあったのかな……),,
dom1Jenny_O0730_4.mes,Script/dom1Jenny_O0730_4.mes,0,29,Jenny,いよいよ明日はホンバンねん!<6E5C>今夜はゆっくりねましょーね,,
dom1Jenny_O0730_4.mes,Script/dom1Jenny_O0730_4.mes,1,21,주인공,はい.……明日、よろしくお願いし<6E5C>ます!,,
dom1Jenny_O0730_4.mes,Script/dom1Jenny_O0730_4.mes,2,48,Jenny,アハハ!もーそんなかたくならな<6E5C>くていーわよん.アタシも、明日は<6E5C>ちゃんとリラックスしてやるわ,,
dom1Jenny_O0730_4.mes,Script/dom1Jenny_O0730_4.mes,3,17,주인공,はい.……じゃあ、おやすみなさい,,
dom1Jenny_O0730_4.mes,Script/dom1Jenny_O0730_4.mes,4,7,Jenny,グンナ~イ★,,
dom1Jenny_O0730_4.mes,Script/dom1Jenny_O0730_4.mes,5,5,주인공,…………,,
dom1Jenny_O0730_4.mes,Script/dom1Jenny_O0730_4.mes,6,10,[선택지],部屋に戻る学校に行く,,
dom1Jenny_O0730_4.mes,Script/dom1Jenny_O0730_4.mes,7,79,주인공,(いよいよ明日はコンテストか……<6E5C>あれよあれよという間に話が進ん<6E5C>で、まだ現実感がないな……<485C>まぁ考えても緊張するだけだ.<6E5C>さっさと寝て明日にそなえよう!),,
dom1Jenny_O0730_4.mes,Script/dom1Jenny_O0730_4.mes,8,4,[효과음/내레이션],パチン,,
dom1Jenny_O0730_4.mes,Script/dom1Jenny_O0730_4.mes,9,44,주인공,(…………ダメだな.気持ちが<6E5C>高ぶってなかなか寝つけ…………<6E5C>ぐー……ぐー、ぐー……),,
dom1Jenny_O0730_4.mes,Script/dom1Jenny_O0730_4.mes,10,74,주인공,(明日が本番だと思うと、なかなか<6E5C>寝れない…….俺が一番ヘタなんだ<6E5C>し、もっと練習しないと!<485C>学校なら夜でもベース弾ける<6E5C>だろう.行ってみよっと),,
dom1Jenny_O0730_4.mes,Script/dom1Jenny_O0730_4.mes,11,4,UNKNOWN_1c,<이름:3232>!,,
dom1Jenny_O0730_4.mes,Script/dom1Jenny_O0730_4.mes,12,21,Jenny,どーしたのん?さっき部屋に<6E5C>もどったのに,,
dom1Jenny_O0730_4.mes,Script/dom1Jenny_O0730_4.mes,13,9,주인공,ジェニーこそ……,,
dom1Jenny_O0730_4.mes,Script/dom1Jenny_O0730_4.mes,14,29,Jenny,……なんかドキドキしちゃって!<6E5C>ねれないから散歩してたの,,
dom1Jenny_O0730_4.mes,Script/dom1Jenny_O0730_4.mes,15,29,주인공,……俺も寝れなくて、学校でベース<6E5C>でも弾こうと思って……,,
dom1Jenny_O0730_4.mes,Script/dom1Jenny_O0730_4.mes,16,7,Jenny,……<이름:3232>……,,
dom1Jenny_O0730_4.mes,Script/dom1Jenny_O0730_4.mes,17,5,주인공,…………,,
dom1Jenny_O0730_4.mes,Script/dom1Jenny_O0730_4.mes,18,27,Jenny,じゃーアタシも行くわん!<6E5C>いっしょにうたうわよーん!,,
dom1Jenny_O0730_4.mes,Script/dom1Jenny_O0730_4.mes,19,12,주인공,えぇっ、大丈夫ですか?,,
dom1Jenny_O0730_4.mes,Script/dom1Jenny_O0730_4.mes,20,32,Jenny,ヘーキよん!まだまだゲンキはあ<6E5C>りあまってるわん.レッツゴー★,,
dom1Jenny_O0730_4.mes,Script/dom1Jenny_O0730_4.mes,21,6,주인공,……ハイ!,,
dom1Jenny_O0731_0.mes,Script/dom1Jenny_O0731_0.mes,0,13,[효과음/내레이션],ざわざわ……ざわざわ……,,
dom1Jenny_O0731_0.mes,Script/dom1Jenny_O0731_0.mes,1,43,주인공,(うわ、すごい人…….これだけの<6E5C>バンドが大会に出場するのか.<6E5C>大丈夫かな、俺……),,
dom1Jenny_O0731_0.mes,Script/dom1Jenny_O0731_0.mes,2,13,Jenny,キャー!コーフンする~!,,
dom1Jenny_O0731_0.mes,Script/dom1Jenny_O0731_0.mes,3,10,주인공,ジェ、ジェニー……,,
dom1Jenny_O0731_0.mes,Script/dom1Jenny_O0731_0.mes,4,68,Jenny,こんな大勢の前でアタシの<6E5C>ビューティフルな歌を披露<6E5C>できるなんて、<485C>こんな大勢の前で優勝の瞬間を<6E5C>味わえるなんて、<6E5C>カ。イ。カ。ン……,,
dom1Jenny_O0731_0.mes,Script/dom1Jenny_O0731_0.mes,5,25,주인공,(……この人は緊張するってことが<6E5C>ないのか……),,
dom1Jenny_O0731_0.mes,Script/dom1Jenny_O0731_0.mes,6,27,Jenny,かたい顔してどーしたのよ<6E5C><이름:3232>!しっかりしなさーい!,,
dom1Jenny_O0731_0.mes,Script/dom1Jenny_O0731_0.mes,7,7,[효과음/내레이션],バッシィー★,,
dom1Jenny_O0731_0.mes,Script/dom1Jenny_O0731_0.mes,8,32,주인공,いってぇ!ちょっと、ベース弾け<6E5C>なくなったらどーするんですか!,,
dom1Jenny_O0731_0.mes,Script/dom1Jenny_O0731_0.mes,9,35,Jenny,ダイジョーブ!大会なんて、<6E5C>アタシにかかればイ。チ。コ。ロ<6E5C>よーん!,,
dom1Jenny_O0731_0.mes,Script/dom1Jenny_O0731_0.mes,10,26,주인공,(ったく、ひとりでハイテンション<6E5C>なんだから……),,
dom1Jenny_O0731_0.mes,Script/dom1Jenny_O0731_0.mes,11,30,UNKNOWN_b7,おーいリーダー!リーダーの<6E5C>知り合いって人から電話ですよ!,,
dom1Jenny_O0731_0.mes,Script/dom1Jenny_O0731_0.mes,12,60,Jenny,アランっ.学校のアタシのファンが<6E5C>大会を知ってかけてきたのかし<6E5C>らん<485C>人気者はこれだからこまるわっ.<6E5C>いまいくわよーん,,
dom1Jenny_O0731_0.mes,Script/dom1Jenny_O0731_0.mes,13,23,주인공,俺もあの人ぐらいマイペースになり<6E5C>たいよ……,,
dom1Jenny_O0731_0.mes,Script/dom1Jenny_O0731_0.mes,14,21,UNKNOWN_1a,どーした.その顔は出場をあきらめ<6E5C>たか?,,
dom1Jenny_O0731_0.mes,Script/dom1Jenny_O0731_0.mes,15,17,주인공,……またマイペースなやつが現れた,,
dom1Jenny_O0731_0.mes,Script/dom1Jenny_O0731_0.mes,16,40,Kaidou,オマエの腕で出場しようって方が<6E5C>無謀だからな.<6E5C>辞退した方が恥かかなくてすむぜ,,
dom1Jenny_O0731_0.mes,Script/dom1Jenny_O0731_0.mes,17,23,주인공,海堂……おまえの余裕がいまは<6E5C>うらやましいよ,,
dom1Jenny_O0731_0.mes,Script/dom1Jenny_O0731_0.mes,18,36,Kaidou,なんだ、めずらしく弱気だな.<6E5C>サインならいまのうちにしといて<6E5C>やるぞ?,,
dom1Jenny_O0731_0.mes,Script/dom1Jenny_O0731_0.mes,19,5,주인공,…………,,
dom1Jenny_O0731_0.mes,Script/dom1Jenny_O0731_0.mes,20,4,Jenny,<이름:3232>!,,
dom1Jenny_O0731_0.mes,Script/dom1Jenny_O0731_0.mes,21,17,주인공,どうしたのジェニー、そんな顔して,,
dom1Jenny_O0731_0.mes,Script/dom1Jenny_O0731_0.mes,22,41,Jenny,アタシ……アタシ出れない!<6E5C>'B「『」 O『 Figh>『<:Pに<6E5C>出れないよ!,,
dom1Jenny_O0731_0.mes,Script/dom1Jenny_O0731_0.mes,23,5,주인공,えぇ!?,,
dom1Jenny_O0731_1.mes,Script/dom1Jenny_O0731_1.mes,0,10,주인공,ジェニーの父親!?,,
dom1Jenny_O0731_1.mes,Script/dom1Jenny_O0731_1.mes,1,56,UNKNOWN_b7,あぁ.そいつから電話がかかって<6E5C>きてな、リーダーが大会に出るなら<485C>大会そのものを中止させるって<6E5C>言ってきたんだ,,
dom1Jenny_O0731_1.mes,Script/dom1Jenny_O0731_1.mes,2,34,주인공,コンテストを中止させるなんて……<6E5C>ジェニーの父親って何者なんですか,,
dom1Jenny_O0731_1.mes,Script/dom1Jenny_O0731_1.mes,3,85,UNKNOWN_b7,イギリスじゃ知らない者はない<6E5C>巨大財閥、バーン家の人間だ.<6E5C>リーダーはその一人娘なんだ<485C>黙って家出して日本にやってきたん<6E5C>だけど、ついに居場所がバレちゃっ<6E5C>たみたいだな,,
dom1Jenny_O0731_1.mes,Script/dom1Jenny_O0731_1.mes,4,27,주인공,財閥の一人娘……そんな人だった<6E5C>なんて、ジェニー……,,
dom1Jenny_O0731_1.mes,Script/dom1Jenny_O0731_1.mes,5,44,Jenny,あの家に帰るのはぜったいにイヤ!<6E5C>あんなカゴの中じゃナニひとつ<6E5C>楽しいコトなんてない!,,
dom1Jenny_O0731_1.mes,Script/dom1Jenny_O0731_1.mes,6,7,주인공,ジェニー……,,
dom1Jenny_O0731_1.mes,Script/dom1Jenny_O0731_1.mes,7,55,Jenny,やっとイキガイをみつけたのに、<6E5C>ホントウの自分をみつけることが<6E5C>できたのに……<485C>またとじこめられるなんて……,,
dom1Jenny_O0731_1.mes,Script/dom1Jenny_O0731_1.mes,8,46,주인공,……そんな、中止させるなんて無理<6E5C>ですよ!大丈夫ですよ.もう<6E5C>リハーサルははじまってるのに,,
dom1Jenny_O0731_1.mes,Script/dom1Jenny_O0731_1.mes,9,94,UNKNOWN_b7,あらゆる権力と私財を使って、<6E5C>地球の裏側にいるリーダーを<6E5C>見つけたバーン家だぜ<485C>こんな小さいライブハウスの<6E5C>大会ぐらい、いつでも消せる<485C>……どうしてもリーダーを取り戻し<6E5C>たいみたいだしな,,
dom1Jenny_O0731_1.mes,Script/dom1Jenny_O0731_1.mes,10,34,Jenny,この日のために練習してきたのに!<6E5C>まだ、ナニもはじまってないのに!,,
dom1Jenny_O0731_1.mes,Script/dom1Jenny_O0731_1.mes,11,66,UNKNOWN_b7,でも……俺達が出れば大会は<6E5C>潰されちまう<485C>俺達さえ辞退したら、大会は無事に<6E5C>開催されるんですよ.<6E5C>ほかのバンドのことを考えたら……,,
dom1Jenny_O0731_1.mes,Script/dom1Jenny_O0731_1.mes,12,5,Jenny,…………,,
dom1Jenny_O0731_1.mes,Script/dom1Jenny_O0731_1.mes,13,7,주인공,ジェニー……,,
dom1Jenny_O0731_1.mes,Script/dom1Jenny_O0731_1.mes,14,75,Jenny,……そうね.アタシのワガママの<6E5C>ために、ほかのバンドに迷惑かけ<6E5C>られないものね……<485C>……いままでつらい練習に付き合っ<6E5C>てくれたミンナには悪いけど……,,
dom1Jenny_O0731_1.mes,Script/dom1Jenny_O0731_1.mes,15,49,UNKNOWN_b7,いいさ.いままでリーダーといっ<6E5C>しょにリーリンナイツをやれて楽し<6E5C>かったぜ!それだけでも十分さ!,,
dom1Jenny_O0731_1.mes,Script/dom1Jenny_O0731_1.mes,16,5,Jenny,…………,,
dom1Jenny_O0731_1.mes,Script/dom1Jenny_O0731_1.mes,17,33,주인공,ちょ、ちょっと待ってよ!そんな<6E5C>簡単にあきらめていいんですか!?,,
dom1Jenny_O0731_1.mes,Script/dom1Jenny_O0731_1.mes,18,5,Jenny,<이름:3232>……,,
dom1Jenny_O0731_1.mes,Script/dom1Jenny_O0731_1.mes,19,22,[선택지],強行的にやりましょう!父親を説得しましょう!,,
dom1Jenny_O0731_2.mes,Script/dom1Jenny_O0731_2.mes,0,16,주인공,強行的にやっちゃいましょうよ!,,
dom1Jenny_O0731_2.mes,Script/dom1Jenny_O0731_2.mes,1,9,UNKNOWN_b7,そんなムチャな!,,
dom1Jenny_O0731_2.mes,Script/dom1Jenny_O0731_2.mes,2,68,주인공,どれだけ大きな財閥か知らない<6E5C>けど、もうはじまりかけてる<6E5C>コンテストを中止するなんて<485C>できませんよ.やっちゃえば<6E5C>なんとかなりますよ!,,
dom1Jenny_O0731_2.mes,Script/dom1Jenny_O0731_2.mes,3,73,Jenny,<이름:3232>はアタシの父を知らないから<6E5C>そんなこと言えるのよ!<485C>父はどんなモノでも自分の思い<6E5C>どおりに動かす人なんだから!<485C>できないことなんてないのよ!,,
dom1Jenny_O0731_2.mes,Script/dom1Jenny_O0731_2.mes,4,8,주인공,……すいません,,
dom1Jenny_O0731_2.mes,Script/dom1Jenny_O0731_2.mes,5,32,Jenny,……ゴメン.あやまらないといけな<6E5C>いのはアタシのほうなのに……,,
dom1Jenny_O0731_2.mes,Script/dom1Jenny_O0731_2.mes,6,36,주인공,でも、なんとかできないんですか?<6E5C>このまま諦めるなんてあまりにも<6E5C>……,,
dom1Jenny_O0731_2.mes,Script/dom1Jenny_O0731_2.mes,7,48,Jenny,アタシだってイヤよ!あきらめた<6E5C>くない!でも、あの父を止めるなん<6E5C>てムリなのよ.だからもう……,,
dom1Jenny_O0731_2.mes,Script/dom1Jenny_O0731_2.mes,8,23,주인공,なんでやるまえからあきらめたりす<6E5C>るんだよ!,,
dom1Jenny_O0731_2.mes,Script/dom1Jenny_O0731_2.mes,9,2,Jenny,!,,
dom1Jenny_O0731_2.mes,Script/dom1Jenny_O0731_2.mes,10,104,주인공,俺をこのバンドに誘ったのは<6E5C>ジェニーだろ!?<485C>俺をこんなにも熱中させたのは<6E5C>ジェニーじゃないか!<485C>楽しいものをみつけろって、<6E5C>生き甲斐を生み出せって言ってたの<6E5C>はジェニーなのに、<485C>なんでそんな弱気なんだよ!,,
dom1Jenny_O0731_2.mes,Script/dom1Jenny_O0731_2.mes,11,5,Jenny,<이름:3232>……,,
dom1Jenny_O0731_2.mes,Script/dom1Jenny_O0731_2.mes,12,24,주인공,考えようぜ、方法を!道はぜったい<6E5C>あるはずだ!,,
dom1Jenny_O0731_2.mes,Script/dom1Jenny_O0731_2.mes,13,11,Jenny,でも、どうやって……,,
dom1Jenny_O0731_2.mes,Script/dom1Jenny_O0731_2.mes,14,12,주인공,父親を説得しましょう!,,
dom1Jenny_O0731_2.mes,Script/dom1Jenny_O0731_2.mes,15,5,UNKNOWN_b7,説得!?,,
dom1Jenny_O0731_2.mes,Script/dom1Jenny_O0731_2.mes,16,54,주인공,ジェニーの父親はどうして大会を<6E5C>中止させようとするんですか?<485C>娘にミュージシャンになって<6E5C>ほしくないから?,,
dom1Jenny_O0731_2.mes,Script/dom1Jenny_O0731_2.mes,17,67,Jenny,……父は世間体がとても大事なヒト<6E5C>なのよ.自分の娘がハデなコトを<6E5C>するのが許されないの<485C>人形のようにおとなしくないと<6E5C>ダメなのよ……,,
dom1Jenny_O0731_2.mes,Script/dom1Jenny_O0731_2.mes,18,67,주인공,でも、ジェニーの父親でしょ?<6E5C>父親なら、娘の喜んでる姿が<6E5C>一番嬉しいはずじゃないですか!<6E5C>それを見れば中止なんて言い出し<6E5C>ませんよ!,,
dom1Jenny_O0731_2.mes,Script/dom1Jenny_O0731_2.mes,19,6,Jenny,そんな……,,
dom1Jenny_O0731_2.mes,Script/dom1Jenny_O0731_2.mes,20,48,주인공,ジェニーの歌を聴かせましょうよ!<6E5C>歌を聴いたら、きっともう娘を<6E5C>束縛しようなんて思いませんよ!,,
dom1Jenny_O0731_2.mes,Script/dom1Jenny_O0731_2.mes,21,5,Jenny,でも……,,
dom1Jenny_O0731_2.mes,Script/dom1Jenny_O0731_2.mes,22,55,UNKNOWN_b7,……そうだな.泣き寝入りするより<6E5C>よっぽどいい<485C>頭ごなしに縛り付けるなんて、<6E5C>間違ってるってわからせないとな,,
dom1Jenny_O0731_2.mes,Script/dom1Jenny_O0731_2.mes,23,27,Jenny,アタシの歌をきいたって、父が納得<6E5C>するはずないわ……,,
dom1Jenny_O0731_2.mes,Script/dom1Jenny_O0731_2.mes,24,39,주인공,いつもの自信満々のジェニーはどー<6E5C>したんだよ!そんなのジェニーじゃ<6E5C>ないぜ!,,
dom1Jenny_O0731_2.mes,Script/dom1Jenny_O0731_2.mes,25,5,Jenny,<이름:3232>……,,
dom1Jenny_O0731_2.mes,Script/dom1Jenny_O0731_2.mes,26,55,주인공,大丈夫だよ、ジェニーの歌を聴いた<6E5C>らきっと考え直してくれるさ.俺を<6E5C>これだけ熱中させた歌声だ<485C>きっと届くよ!,,
dom1Jenny_O0731_2.mes,Script/dom1Jenny_O0731_2.mes,27,6,Jenny,<이름:3232>……!,,
dom1Jenny_O0731_2.mes,Script/dom1Jenny_O0731_2.mes,28,24,주인공,ジェニー、家に電話して!父親に<6E5C>出てもらって!,,
dom1Jenny_O0731_2.mes,Script/dom1Jenny_O0731_2.mes,29,11,Jenny,どうするつもりなの?,,
dom1Jenny_O0731_2.mes,Script/dom1Jenny_O0731_2.mes,30,47,주인공,歌うんだ!リーリンナイツのライブ<6E5C>だ!'B「『」 O『 Figh>『<:Pの<6E5C>はじまる前に!,,
dom1Jenny_O0731_2.mes,Script/dom1Jenny_O0731_2.mes,31,5,Jenny,エェ!?,,
dom1Jenny_O0731_2.mes,Script/dom1Jenny_O0731_2.mes,32,27,UNKNOWN_20,そりゃぁおもしれぇ!よし、いっ<6E5C>ちょやってやるかぁ!,,
dom1Jenny_O0731_3.mes,Script/dom1Jenny_O0731_3.mes,0,16,주인공,ちょっと、ちょっとすいません!,,
dom1Jenny_O0731_3.mes,Script/dom1Jenny_O0731_3.mes,1,45,UNKNOWN_19,な、なんだ君は.今は本番前の<6E5C>リハーサル中だ.勝手にステージに<6E5C>上がられたら困るんだよ!,,
dom1Jenny_O0731_3.mes,Script/dom1Jenny_O0731_3.mes,2,41,주인공,その本番自体がなくなるかどーかの<6E5C>大問題なんです!ちょっと演葬さ<6E5C>せてください!,,
dom1Jenny_O0731_3.mes,Script/dom1Jenny_O0731_3.mes,3,14,UNKNOWN_19,はぁ?何を言ってるんだ君は,,
dom1Jenny_O0731_3.mes,Script/dom1Jenny_O0731_3.mes,4,7,UNKNOWN_1a,おい、<이름:3131>!,,
dom1Jenny_O0731_3.mes,Script/dom1Jenny_O0731_3.mes,5,26,Kaidou,何してやがる!勝ち目がない<6E5C>からって血迷ったか!?,,
dom1Jenny_O0731_3.mes,Script/dom1Jenny_O0731_3.mes,6,31,주인공,海堂、いいところに!ちょっと<6E5C>この人たちを抑えておいてくれ!,,
dom1Jenny_O0731_3.mes,Script/dom1Jenny_O0731_3.mes,7,12,Kaidou,アァ?どーゆーことだ!,,
dom1Jenny_O0731_3.mes,Script/dom1Jenny_O0731_3.mes,8,60,주인공,説明してるひまはないんだが、とに<6E5C>かく、いま俺達が演葬しないと大変<6E5C>なことになるんだよ!<485C>少しの間だけ手をかしてくれ!,,
dom1Jenny_O0731_3.mes,Script/dom1Jenny_O0731_3.mes,9,45,Kaidou,……どーやら錯乱してるってワケ<6E5C>じゃないみてーだな.ヨシ、<6E5C>面白そうだから手伝ってやるぜ,,
dom1Jenny_O0731_3.mes,Script/dom1Jenny_O0731_3.mes,10,17,UNKNOWN_19,ちょっ、君まで何のマネだ.わっぷ,,
dom1Jenny_O0731_3.mes,Script/dom1Jenny_O0731_3.mes,11,29,Kaidou,<이름:3131>!やるなら早くやれ!オレ<6E5C>様のきまぐれは長くねーぞ!,,
dom1Jenny_O0731_3.mes,Script/dom1Jenny_O0731_3.mes,12,4,주인공,おぅ!,,
dom1Jenny_O0731_3.mes,Script/dom1Jenny_O0731_3.mes,13,11,UNKNOWN_b7,電話がつながったぞ!,,
dom1Jenny_O0731_3.mes,Script/dom1Jenny_O0731_3.mes,14,9,주인공,よし、リーダー!,,
dom1Jenny_O0731_3.mes,Script/dom1Jenny_O0731_3.mes,15,126,[선택지],<0104><00F6><0009>…………パパ、勝手に家を飛び<6E5C>出してゴメンなさい.<6E5C>でも、アタシ後悔してない<485C>だって日本に来て音楽に<6E5C>出会えたもの.<6E5C>仲間と出会えたもの<485C>アタシやっとイキガイを<6E5C>みつけたのよ<485C>……その証拠をいま聴かせて<6E5C>あげる.……いくわよーん、<6E5C>ミンナーー!,,
dom1Jenny_O0731_3.mes,Script/dom1Jenny_O0731_3.mes,16,6,UNKNOWN_20,オーーー!,,
dom1Jenny_O0731_3.mes,Script/dom1Jenny_O0731_3.mes,17,2,[효과음/내레이션],1、,,
dom1Jenny_O0731_3.mes,Script/dom1Jenny_O0731_3.mes,18,2,[효과음/내레이션],2、,,
dom1Jenny_O0731_3.mes,Script/dom1Jenny_O0731_3.mes,19,2,[효과음/내레이션],1、,,
dom1Jenny_O0731_3.mes,Script/dom1Jenny_O0731_3.mes,20,2,[효과음/내레이션],2、,,
dom1Jenny_O0731_3.mes,Script/dom1Jenny_O0731_3.mes,21,2,[효과음/내레이션],3、,,
dom1Jenny_O0731_3.mes,Script/dom1Jenny_O0731_3.mes,22,3,[효과음/내레이션],4、,,
dom1Jenny_O0731_3.mes,Script/dom1Jenny_O0731_3.mes,23,15,Jenny,ビバ、リーリンナーーーイツ!,,
dom1Jenny_O0731_3.mes,Script/dom1Jenny_O0731_3.mes,24,1,[효과음/내레이션],♪,,
dom1Jenny_O0731_3.mes,Script/dom1Jenny_O0731_3.mes,25,1,[효과음/내레이션],♪,,
dom1Jenny_O0731_3.mes,Script/dom1Jenny_O0731_3.mes,26,1,[효과음/내레이션],♪,,
dom1Jenny_O0731_3.mes,Script/dom1Jenny_O0731_3.mes,27,1,[효과음/내레이션],♪,,
dom1Jenny_O0731_3.mes,Script/dom1Jenny_O0731_3.mes,28,1,[효과음/내레이션],♪,,
dom1Jenny_O0731_3.mes,Script/dom1Jenny_O0731_3.mes,29,2,[효과음/내레이션],♪,,
dom1Jenny_O0731_3.mes,Script/dom1Jenny_O0731_3.mes,30,16,Jenny,<이름:3232>、“ローリングサンダー”!,,
dom1Jenny_O0731_3.mes,Script/dom1Jenny_O0731_3.mes,31,4,주인공,はい!,,
dom1Jenny_O0731_3.mes,Script/dom1Jenny_O0731_3.mes,32,36,[선택지],F#m7 G#m7C#m7 G#m7C#m7 A#m7F#m7 A#m7,,
dom1Jenny_O0731_3.mes,Script/dom1Jenny_O0731_3.mes,33,7,[효과음/내레이션],♪~♪♪~♪,,
dom1Jenny_O0731_3.mes,Script/dom1Jenny_O0731_3.mes,34,4,[효과음/내레이션],♪~♪,,
dom1Jenny_O0731_3.mes,Script/dom1Jenny_O0731_3.mes,35,16,Jenny,ヤフー!“クレイジーイワン”!,,
dom1Jenny_O0731_3.mes,Script/dom1Jenny_O0731_3.mes,36,64,[선택지],F#m7 G#m7 A#m7-5G#m7 G#m7 G#m7-5G#m7 C#m7 A#m7-5G#m7 G#m7 A#m7-5,,
dom1Jenny_O0731_3.mes,Script/dom1Jenny_O0731_3.mes,37,7,[효과음/내레이션],♪~♪♪~♪,,
dom1Jenny_O0731_3.mes,Script/dom1Jenny_O0731_3.mes,38,4,[효과음/내레이션],♪~♪,,
dom1Jenny_O0731_3.mes,Script/dom1Jenny_O0731_3.mes,39,24,Jenny,ハイホ~!おつぎは“メニメニ<6E5C>トーピードゥ”!,,
dom1Jenny_O0731_3.mes,Script/dom1Jenny_O0731_3.mes,40,60,[선택지],AM7 G#m7 B C#m7AM7 C#m7 B C#m7AM7 C#m7 B G#m7AM7 G#m7 B G#m7,,
dom1Jenny_O0731_3.mes,Script/dom1Jenny_O0731_3.mes,41,7,[효과음/내레이션],♪~♪♪~♪,,
dom1Jenny_O0731_3.mes,Script/dom1Jenny_O0731_3.mes,42,4,[효과음/내레이션],♪~♪,,
dom1Jenny_O0731_3.mes,Script/dom1Jenny_O0731_3.mes,43,29,Jenny,ラスト、いっくわよ~ん!<6E5C>“アンニュイ。マドモアゼル”!,,
dom1Jenny_O0731_3.mes,Script/dom1Jenny_O0731_3.mes,44,80,[선택지],AM7 G#m7 F#m7 B G#m7AM7 C#m7 C#m7 B G#m7AM7 C#m7 F#m7 B C#m7AM7 C#m7 F#m7 B G#m7,,
dom1Jenny_O0731_3.mes,Script/dom1Jenny_O0731_3.mes,45,7,[효과음/내레이션],♪~♪♪~♪,,
dom1Jenny_O0731_3.mes,Script/dom1Jenny_O0731_3.mes,46,4,[효과음/내레이션],♪~♪,,
dom1Jenny_O0731_3.mes,Script/dom1Jenny_O0731_3.mes,47,24,Jenny,<이름:3232>サイコー!アタシいま<6E5C>すっごくキモチイ~★,,
dom1Jenny_O0731_3.mes,Script/dom1Jenny_O0731_3.mes,48,8,주인공,あぁ、俺もだ!,,
dom1Jenny_O0731_3.mes,Script/dom1Jenny_O0731_3.mes,49,7,[효과음/내레이션],♪♪♪♪……,,
dom1Jenny_S01.mes,Script/dom1Jenny_S01.mes,0,47,[선택지],8<0001><0011><0002><0000><0000><0000><0000><0006><000A><0003><0000><0000><0001><002A><0000><0000><0000><0000><0000><000E><0000><FFFF><0000><0000><0000><0000><0030><0022><0002>誰もいないし、ちょっと休もうかな,,
dom1Jenny_S01.mes,Script/dom1Jenny_S01.mes,1,10,UNKNOWN_1c,コラ、そこの不良!,,
dom1Jenny_S01.mes,Script/dom1Jenny_S01.mes,2,17,Jenny,教室にいのこって何するつもりー?,,
dom1Jenny_S01.mes,Script/dom1Jenny_S01.mes,3,36,주인공,ジェニー先生…….<6E5C>誰が不良ですか.ちょっと<6E5C>休もうとしてただけですよ,,
dom1Jenny_S01.mes,Script/dom1Jenny_S01.mes,4,15,Jenny,<이름:3232>はブカツやってなかった?,,
dom1Jenny_S01.mes,Script/dom1Jenny_S01.mes,5,14,주인공,3年だから別にいいんですよ,,
dom1Jenny_S01.mes,Script/dom1Jenny_S01.mes,6,32,Jenny,フーン.それでしたいコトもなく、<6E5C>ヒマを持てあましてるワケか~,,
dom1Jenny_S01.mes,Script/dom1Jenny_S01.mes,7,11,주인공,なんか嫌な言い方……,,
dom1Jenny_S01.mes,Script/dom1Jenny_S01.mes,8,46,Jenny,若いんだから、もっと青春をエン<6E5C>ジョイしなさい!じゃ、センセイ<6E5C>は忙しいから、また明日ね★,,
dom1Jenny_S01.mes,Script/dom1Jenny_S01.mes,9,7,주인공,元気な人……,,
dom1Jenny_S01.mes,Script/dom1Jenny_S01.mes,10,7,주인공,誰かいるかな,,
dom1Jenny_S01.mes,Script/dom1Jenny_S01.mes,11,5,UNKNOWN_1c,<이름:3232>~★,,
dom1Jenny_S01.mes,Script/dom1Jenny_S01.mes,12,9,주인공,あ、ジェニー先生,,
dom1Jenny_S01.mes,Script/dom1Jenny_S01.mes,13,17,Jenny,教室でフラフラなにしてるのーん?,,
dom1Jenny_S01.mes,Script/dom1Jenny_S01.mes,14,8,주인공,いえ、別に……,,
dom1Jenny_S01.mes,Script/dom1Jenny_S01.mes,15,62,Jenny,ア!ひょっとしてセンセイを待っ<6E5C>ててくれてたの?イヤーン★<485C>センセイはオシゴトで忙しいの<6E5C>よーん、おとなしく帰ってねーん?,,
dom1Jenny_S01.mes,Script/dom1Jenny_S01.mes,16,20,주인공,(何、勝手な勘違いしてるんだ<6E5C>よ……),,
dom1Jenny_S01.mes,Script/dom1Jenny_S01.mes,17,13,주인공,ふあぁ.今日も疲れた……,,
dom1Jenny_S01.mes,Script/dom1Jenny_S01.mes,18,9,UNKNOWN_1c,そこのヒマ人!!,,
dom1Jenny_S01.mes,Script/dom1Jenny_S01.mes,19,19,Jenny,若者だったらシッカリ遊びなさーい<6E5C>!,,
dom1Jenny_S01.mes,Script/dom1Jenny_S01.mes,20,13,주인공,教師が遊びなさいって……,,
dom1Jenny_S01.mes,Script/dom1Jenny_S01.mes,21,36,Jenny,センセイだって、早く遊びたいのに<6E5C>シゴトしてるのよん?<6E5C>フコウヘイよ!,,
dom1Jenny_S01.mes,Script/dom1Jenny_S01.mes,22,10,주인공,んなムチャクチャな,,
dom1Jenny_S01.mes,Script/dom1Jenny_S01.mes,23,33,Jenny,でも、夏休みに入ったらイッパイ<6E5C>遊ぶんだから!たのしむわよ~ん!,,
dom1Jenny_S01.mes,Script/dom1Jenny_S01.mes,24,13,주인공,す、すごい意気込みですね,,
dom1Jenny_S01.mes,Script/dom1Jenny_S01.mes,25,15,Jenny,<이름:3232>は夏休みのヨテイないの?,,
dom1Jenny_S01.mes,Script/dom1Jenny_S01.mes,26,5,주인공,別に……,,
dom1Jenny_S01.mes,Script/dom1Jenny_S01.mes,27,64,Jenny,かわいそうだな~.このパワーが<6E5C>有り余ってる時期にしたいコトが<6E5C>ないなんて……<485C>センセイが夏休み特別個人授業<6E5C>してあげよーか?,,
dom1Jenny_S01.mes,Script/dom1Jenny_S01.mes,28,32,주인공,ジェニー先生に付き合ってたら、<6E5C>命がいくつあっても足りませんよ,,
dom1Jenny_S01.mes,Script/dom1Jenny_S01.mes,29,10,Jenny,どーゆーイミよん!,,
dom1Jenny_S02.mes,Script/dom1Jenny_S02.mes,0,12,주인공,香澄のやついるかな……,,
dom1Jenny_S02.mes,Script/dom1Jenny_S02.mes,1,9,UNKNOWN_1c,コラ!<020A>ドロボ~,,
dom1Jenny_S02.mes,Script/dom1Jenny_S02.mes,2,19,주인공,ジェニー先生!?<6E5C>……誰が泥棒ですか,,
dom1Jenny_S02.mes,Script/dom1Jenny_S02.mes,3,16,Jenny,ブガイシャは立ち入り禁止よん!,,
dom1Jenny_S02.mes,Script/dom1Jenny_S02.mes,4,12,주인공,俺はここの部員ですよ!,,
dom1Jenny_S02.mes,Script/dom1Jenny_S02.mes,5,17,Jenny,アラン、そうだったの.シツレイ★,,
dom1Jenny_S02.mes,Script/dom1Jenny_S02.mes,6,16,주인공,先生はここで何やってるんですか,,
dom1Jenny_S02.mes,Script/dom1Jenny_S02.mes,7,14,Jenny,見回りよ.とじまりとかね!,,
dom1Jenny_S02.mes,Script/dom1Jenny_S02.mes,8,14,주인공,そっか、一応教師ですもんね,,
dom1Jenny_S02.mes,Script/dom1Jenny_S02.mes,9,20,Jenny,イチオーって何よ!<6E5C>投げ飛ばすわよん!,,
dom1Jenny_S02.mes,Script/dom1Jenny_S02.mes,10,22,주인공,す、すいません.<6E5C>つい口がすべりました……,,
dom1Jenny_S02.mes,Script/dom1Jenny_S02.mes,11,12,주인공,香澄のやついるかな……,,
dom1Jenny_S02.mes,Script/dom1Jenny_S02.mes,12,8,UNKNOWN_1c,コラ!ドロボ~,,
dom1Jenny_S02.mes,Script/dom1Jenny_S02.mes,13,21,주인공,ジェニー先生!?<6E5C>だから俺、部員ですって,,
dom1Jenny_S02.mes,Script/dom1Jenny_S02.mes,14,23,Jenny,アラン、<이름:3232>だったの.<6E5C>シツレイ、シツレイ★,,
dom1Jenny_S02.mes,Script/dom1Jenny_S02.mes,15,37,주인공,……そういや先生.<6E5C>どうしてこんな時期外れに<6E5C>教育実習やってるんですか?,,
dom1Jenny_S02.mes,Script/dom1Jenny_S02.mes,16,23,Jenny,オトナのジジョウってやつよん.<6E5C>閉かないで★,,
dom1Jenny_S02.mes,Script/dom1Jenny_S02.mes,17,7,주인공,は、はあ……,,
dom1Jenny_S02.mes,Script/dom1Jenny_S02.mes,18,42,Jenny,決して、時期をまちがえたけど<6E5C>ゴリ押ししてムリヤリやってきた<6E5C>ワケじゃないからね!,,
dom1Jenny_S02.mes,Script/dom1Jenny_S02.mes,19,10,주인공,(そうなんだ……),,
dom1Jenny_S03.mes,Script/dom1Jenny_S03.mes,0,76,[선택지],0<0001><0002><0008><0003><0000><0030><0001><0011><0002><0000><0000><0000><0000><0006><000A><0003><0000><0000><0001><0029><0024><0000><0000><0000><0000><0011><0003><0000><0000><0000><0000><0006><000A><0005><0000><0000><0001><0018><000E><0000><0001><0000><0000><002A><0000><0000><0000><0000><0000><000E><0008><FFFF><0000><0000><0000><0000><002C><0020><0009>アラ<이름:3232>じゃない.モグモグ……,,
dom1Jenny_S03.mes,Script/dom1Jenny_S03.mes,1,25,주인공,こんなところで何食べてるんです<6E5C>か、ジェニー先生,,
dom1Jenny_S03.mes,Script/dom1Jenny_S03.mes,2,16,Jenny,ステーキよん!<020A><이름:3232>も食べる?,,
dom1Jenny_S03.mes,Script/dom1Jenny_S03.mes,3,25,주인공,ジェニー先生のお弁当ですか?<6E5C>……すごい量ですね,,
dom1Jenny_S03.mes,Script/dom1Jenny_S03.mes,4,31,Jenny,夏ホンバンにむけて、いまから<6E5C>エネルギーたくわえないとねーん,,
dom1Jenny_S03.mes,Script/dom1Jenny_S03.mes,5,24,주인공,(それ以上エネルギーを増やさない<6E5C>でくれ……),,
dom1Jenny_S03.mes,Script/dom1Jenny_S03.mes,6,30,Jenny,<이름:3232>も、いまからやりたいこと<6E5C>イッパイ考えておかないとね★,,
dom1Jenny_S03.mes,Script/dom1Jenny_S03.mes,7,12,주인공,俺はいつもどおりですよ,,
dom1Jenny_S03.mes,Script/dom1Jenny_S03.mes,8,27,Jenny,つまんないわね.何かに熱中する<6E5C>ことを怖がってるの?,,
dom1Jenny_S03.mes,Script/dom1Jenny_S03.mes,9,3,주인공,えっ,,
dom1Jenny_S03.mes,Script/dom1Jenny_S03.mes,10,72,Jenny,<이름:3232>をみてると、そんな感じする<6E5C>わん.熱くなるのはバカらしい<6E5C>って思ってるんでしょ!<485C>冷めてるのがカッコイイなんて<6E5C>思ってたら大マチガイよん!,,
dom1Jenny_S03.mes,Script/dom1Jenny_S03.mes,11,10,주인공,別にそんなこと……,,
dom1Jenny_S03.mes,Script/dom1Jenny_S03.mes,12,25,Jenny,ホラ、このステーキ食べて、<6E5C>シャキっとしなさい!,,
dom1Jenny_S03.mes,Script/dom1Jenny_S03.mes,13,36,주인공,ふがっ!……そ、そんないきなり<6E5C>口の中につっこまなくても……<6E5C>もぐもぐ,,
dom1Jenny_S04.mes,Script/dom1Jenny_S04.mes,0,12,[효과음/내레이션],♪カランコロンカラ~ン,,
dom1Jenny_S04.mes,Script/dom1Jenny_S04.mes,1,12,Jenny,いらっしゃ~い、<이름:3232>★,,
dom1Jenny_S04.mes,Script/dom1Jenny_S04.mes,2,16,주인공,げぇ、いきなりジェニー先生!?,,
dom1Jenny_S04.mes,Script/dom1Jenny_S04.mes,3,37,Jenny,いきなりとはナニよ~ん、夏休み<6E5C>でもアタシに会えてうれしいで<6E5C>しょーん?,,
dom1Jenny_S04.mes,Script/dom1Jenny_S04.mes,4,12,주인공,はいはい、うれしいです,,
dom1Jenny_S04.mes,Script/dom1Jenny_S04.mes,5,24,Jenny,ヨロシイッ.じゃ、花火もいっしょ<6E5C>に見なさい!,,
dom1Jenny_S04.mes,Script/dom1Jenny_S04.mes,6,16,주인공,花火?17日の花火大会ですか?,,
dom1Jenny_S04.mes,Script/dom1Jenny_S04.mes,7,42,Jenny,ソレソレ!ジャパニーズ花火、<6E5C>まだ見たことないのよん.<6E5C>17時に繁華街でオーケー?,,
dom1Jenny_S04.mes,Script/dom1Jenny_S04.mes,8,14,주인공,はいはい、考えておきますよ,,
dom1Jenny_S04.mes,Script/dom1Jenny_S04.mes,9,46,Jenny,ふだんアタシにお世話になってるん<6E5C>だから、こんなときぐらいちゃんと<6E5C>エスコートしなさいよ!,,
dom1Jenny_S04.mes,Script/dom1Jenny_S04.mes,10,30,주인공,(お世話って……迷惑をこうむって<6E5C>る覚えならあるけど……),,
dom1Jenny_S04.mes,Script/dom1Jenny_S04.mes,11,57,UNKNOWN_29,#<0000><0000><0000><0000><0003><0044><0003><0001>U<0001><0011><0000><0000><0000><0000><0000><0006><000A><0006><0000><0000><0001><000F><0000><0000><0000><0000><0000><002A><0000><0000><0000><0000><0000><0010><0009><0000><0000><0000><0000><0000><0024><0018><FFFF>♪カランコロンカラ~ン,,
dom1Jenny_S04.mes,Script/dom1Jenny_S04.mes,12,10,King,いらしゃい、<이름:3131>君,,
dom1Jenny_S04.mes,Script/dom1Jenny_S04.mes,13,8,Jenny,ヘロ~、<이름:3232>★,,
dom1Jenny_S04.mes,Script/dom1Jenny_S04.mes,14,16,주인공,あ、こんなところにジェニー先生,,
dom1Jenny_S04.mes,Script/dom1Jenny_S04.mes,15,35,Jenny,こんなところにとはナニよ!<6E5C>マスターと楽しくおしゃべり<6E5C>してたのに!,,
dom1Jenny_S04.mes,Script/dom1Jenny_S04.mes,16,23,주인공,キングさんと気が合ったんですか<6E5C>(意外……),,
dom1Jenny_S04.mes,Script/dom1Jenny_S04.mes,17,33,King,音楽のはなしで盛り上がってね.<6E5C>ジェニーさん、いいセンスしてるよ,,
dom1Jenny_S04.mes,Script/dom1Jenny_S04.mes,18,30,주인공,へえー、キングさんとジェニー先生<6E5C>で音楽の趣味が合うなんて,,
dom1Jenny_S04.mes,Script/dom1Jenny_S04.mes,19,46,Jenny,音楽に境界なんてないのよ★音楽<6E5C>があれば、どんなヒトとでもつなが<6E5C>ることができるんだから!,,
dom1Jenny_S04.mes,Script/dom1Jenny_S04.mes,20,9,주인공,そんなもんですか,,
dom1Jenny_S04.mes,Script/dom1Jenny_S04.mes,21,33,Jenny,<이름:3232>だって知ってるくせに、<6E5C>冷めてみせたってカッコヨク<6E5C>ないぞ★,,
dom1Jenny_S04.mes,Script/dom1Jenny_S04.mes,22,57,주인공,(別にそんなつもりないのに<485C>でもジェニー先生と話してると、<6E5C>なんだかあせる気持ちになるのは<6E5C>どうしてだろう……),,
dom1Jenny_S05.mes,Script/dom1Jenny_S05.mes,0,43,[선택지],#<0001><0011><0001><0000><0000><0000><0000><0006><000A><000B><0000><0000><0001><000F><0000><0000><0000><0000><0000><002A><0000><0000><0000><0000><0000><0010><0006><0000><0000><0000><0000><0000><001C><000E><FFFF>♪ピンポ~ン,,
dom1Jenny_S05.mes,Script/dom1Jenny_S05.mes,1,6,주인공,ん?誰だろ,,
dom1Jenny_S05.mes,Script/dom1Jenny_S05.mes,2,5,[효과음/내레이션],ガチャッ,,
dom1Jenny_S05.mes,Script/dom1Jenny_S05.mes,3,15,Jenny,ヘロ~★あそびにきたよーん!,,
dom1Jenny_S05.mes,Script/dom1Jenny_S05.mes,4,9,주인공,ジェニー先生!?,,
dom1Jenny_S05.mes,Script/dom1Jenny_S05.mes,5,36,Jenny,どーせグウタラな生活送ってるん<6E5C>でしょ?アタシが叩きなおして<6E5C>あげる!,,
dom1Jenny_S05.mes,Script/dom1Jenny_S05.mes,6,11,주인공,(いい迷惑だよ……),,
dom1Jenny_S05.mes,Script/dom1Jenny_S05.mes,7,16,Jenny,とゆーワケで、まずはオミヤゲ!,,
dom1Jenny_S05.mes,Script/dom1Jenny_S05.mes,8,36,주인공,って、イギリスのビール!?<6E5C>こんなの未成年に飲ませたら<6E5C>捕まりますよ!,,
dom1Jenny_S05.mes,Script/dom1Jenny_S05.mes,9,25,Jenny,ダイジョブ、ダイジョブ.のむのは<6E5C>アタシだから!,,
dom1Jenny_S05.mes,Script/dom1Jenny_S05.mes,10,20,주인공,(それってお土産じゃない<6E5C>じゃん……),,
dom1Jenny_S05.mes,Script/dom1Jenny_S05.mes,11,40,Jenny,<이름:3232>もたまにはハメはずそうよ!<6E5C>ひとりで部屋になんかこもってナニ<6E5C>してるのん?,,
dom1Jenny_S05.mes,Script/dom1Jenny_S05.mes,12,12,주인공,別に何もしてないですよ,,
dom1Jenny_S05.mes,Script/dom1Jenny_S05.mes,13,36,Jenny,ダメダメじゃん!18の夏は一度っ<6E5C>きりしかないのよん!<6E5C>もったいない!,,
dom1Jenny_S05.mes,Script/dom1Jenny_S05.mes,14,28,주인공,それは、自分の過ぎ去りし過去を後<6E5C>悔しての発言ですか?,,
dom1Jenny_S05.mes,Script/dom1Jenny_S05.mes,15,5,Jenny,…………,,
dom1Jenny_S05.mes,Script/dom1Jenny_S05.mes,16,10,주인공,す、すいません!!,,
dom1Jenny_S05.mes,Script/dom1Jenny_S05.mes,17,7,[효과음/내레이션],♪ピンポ~ン,,
dom1Jenny_S05.mes,Script/dom1Jenny_S05.mes,18,6,주인공,ん?誰だろ,,
dom1Jenny_S05.mes,Script/dom1Jenny_S05.mes,19,5,[효과음/내레이션],ガチャッ,,
dom1Jenny_S05.mes,Script/dom1Jenny_S05.mes,20,16,Jenny,ヘロ~★夏をエンジョイしてる?,,
dom1Jenny_S05.mes,Script/dom1Jenny_S05.mes,21,9,주인공,ジェニー先生……,,
dom1Jenny_S05.mes,Script/dom1Jenny_S05.mes,22,25,Jenny,今日はちゃんとたべれるオミヤゲ<6E5C>もってきたよーん,,
dom1Jenny_S05.mes,Script/dom1Jenny_S05.mes,23,29,주인공,って、大量の生肉!こんなの持っ<6E5C>てこられても困りますよ!,,
dom1Jenny_S05.mes,Script/dom1Jenny_S05.mes,24,29,Jenny,オトコならチャント精力つけないと<6E5C>だめよー.あと、CD!,,
dom1Jenny_S05.mes,Script/dom1Jenny_S05.mes,25,14,주인공,ロックのCDばっかりですね,,
dom1Jenny_S05.mes,Script/dom1Jenny_S05.mes,26,25,Jenny,これきいて、もっと音楽のセンスを<6E5C>みがきなさい!,,
dom1Jenny_S05.mes,Script/dom1Jenny_S05.mes,27,5,주인공,でも……,,
dom1Jenny_S05.mes,Script/dom1Jenny_S05.mes,28,67,Jenny,<이름:3232>って、ゼッタイ音楽の趣味<6E5C>がアタシと合うと思うの.<6E5C>これはカンだけどネ<485C>マァ、アタシの愛のメッセージ<6E5C>だと思ってしっかり聴いて!,,
dom1Jenny_S05.mes,Script/dom1Jenny_S05.mes,29,11,Jenny,しからばグッバ~イ★,,
dom1Jenny_S05.mes,Script/dom1Jenny_S05.mes,30,10,주인공,(なんなんだ……),,
dom1Jenny_S06.mes,Script/dom1Jenny_S06.mes,0,11,주인공,(誰かいるかな……),,
dom1Jenny_S06.mes,Script/dom1Jenny_S06.mes,1,10,UNKNOWN_1c,キャー!<020A>ヤフー!,,
dom1Jenny_S06.mes,Script/dom1Jenny_S06.mes,2,11,주인공,こ、この騒ぎ方は……,,
dom1Jenny_S06.mes,Script/dom1Jenny_S06.mes,3,6,Jenny,サイコー!,,
dom1Jenny_S06.mes,Script/dom1Jenny_S06.mes,4,7,주인공,やっぱり……,,
dom1Jenny_S06.mes,Script/dom1Jenny_S06.mes,5,12,Jenny,ア、<이름:3232>~★<020A>アソボ~,,
dom1Jenny_S06.mes,Script/dom1Jenny_S06.mes,6,30,주인공,ジェニー先生はいつも元気ですね.<6E5C>毎日が楽しそうっていうか,,
dom1Jenny_S06.mes,Script/dom1Jenny_S06.mes,7,32,Jenny,アタリマエじゃない!一度しかな<6E5C>いジンセイよ?たのしまないと★,,
dom1Jenny_S06.mes,Script/dom1Jenny_S06.mes,8,9,주인공,そんなもんですか,,
dom1Jenny_S06.mes,Script/dom1Jenny_S06.mes,9,13,Jenny,<이름:3232>にはイキガイないの?,,
dom1Jenny_S06.mes,Script/dom1Jenny_S06.mes,10,16,주인공,生き甲斐ですか?また大層ですね,,
dom1Jenny_S06.mes,Script/dom1Jenny_S06.mes,11,37,Jenny,ちゃんとさがさないとダメよん!<020A><6E5C>さがしてナイなら、うみださない<6E5C>とね!,,
dom1Jenny_S06.mes,Script/dom1Jenny_S06.mes,12,17,주인공,たまには先生らしいこと言いますね,,
dom1Jenny_S06.mes,Script/dom1Jenny_S06.mes,13,31,Jenny,シツレーね.こんなサイコーな<6E5C>センセイ、他にいないわよん!?,,
dom1Jenny_S06.mes,Script/dom1Jenny_S06.mes,14,20,주인공,たしかに、こんな教師見たことない<6E5C>です,,
dom1Jenny_S06.mes,Script/dom1Jenny_S06.mes,15,14,Jenny,いっしょにアソブわよーん!,,
dom1Jenny_S06.mes,Script/dom1Jenny_S06.mes,16,10,주인공,ちょ、ちょっと……,,
dom1Jenny_S06.mes,Script/dom1Jenny_S06.mes,17,11,Jenny,ヤフー!<020A>イエ~イ!,,
dom1Jenny_S06.mes,Script/dom1Jenny_S06.mes,18,10,주인공,ついていけない……,,
dom1Jenny_S06.mes,Script/dom1Jenny_S06.mes,19,11,주인공,(誰かいるかな……),,
dom1Jenny_S06.mes,Script/dom1Jenny_S06.mes,20,10,UNKNOWN_1c,キャー!<020A>ヤフー!,,
dom1Jenny_S06.mes,Script/dom1Jenny_S06.mes,21,11,주인공,こ、この騒ぎ方は……,,
dom1Jenny_S06.mes,Script/dom1Jenny_S06.mes,22,12,Jenny,ア、<이름:3232>~★<020A>アソボ~,,
dom1Jenny_S06.mes,Script/dom1Jenny_S06.mes,23,15,주인공,ほんと、いつも楽しそうですね,,
dom1Jenny_S06.mes,Script/dom1Jenny_S06.mes,24,23,Jenny,<이름:3232>は、まだたのしいコト<6E5C>みつかってないの?,,
dom1Jenny_S06.mes,Script/dom1Jenny_S06.mes,25,3,주인공,はぁ,,
dom1Jenny_S06.mes,Script/dom1Jenny_S06.mes,26,36,Jenny,しかたないな~.アタシが<이름:3232>の<6E5C>ムチュウになるものをさがして<6E5C>あげる!,,
dom1Jenny_S06.mes,Script/dom1Jenny_S06.mes,27,9,주인공,え?どうやって?,,
dom1Jenny_S06.mes,Script/dom1Jenny_S06.mes,28,31,Jenny,フフ、アタシはセンセイよん?<6E5C>ただしく指導しちゃうんだから★,,
dom1Jenny_S06.mes,Script/dom1Jenny_S06.mes,29,5,주인공,でも……,,
dom1Jenny_S06.mes,Script/dom1Jenny_S06.mes,30,53,Jenny,<이름:3232>がイチバンもったいないわ.<6E5C>パワーもセンスもあるのに、<6E5C>もてあまして……<485C>だから<이름:3232>に決めちゃうわん,,
dom1Jenny_S06.mes,Script/dom1Jenny_S06.mes,31,7,주인공,決めるって?,,
dom1Jenny_S06.mes,Script/dom1Jenny_S06.mes,32,17,Jenny,人生かえちゃう夏にしてアゲルッ!,,
dom1Jenny_S07.mes,Script/dom1Jenny_S07.mes,0,7,[효과음/내레이션],♪ピンポ~ン,,
dom1Jenny_S07.mes,Script/dom1Jenny_S07.mes,1,6,주인공,ん?誰だろ,,
dom1Jenny_S07.mes,Script/dom1Jenny_S07.mes,2,5,[효과음/내레이션],ガチャッ,,
dom1Jenny_S07.mes,Script/dom1Jenny_S07.mes,3,5,Jenny,ヘロ~★,,
dom1Jenny_S07.mes,Script/dom1Jenny_S07.mes,4,8,주인공,ジェニー先生!,,
dom1Jenny_S07.mes,Script/dom1Jenny_S07.mes,5,10,Jenny,むかえにきたよーん,,
dom1Jenny_S07.mes,Script/dom1Jenny_S07.mes,6,3,주인공,え?,,
dom1Jenny_S07.mes,Script/dom1Jenny_S07.mes,7,14,Jenny,OROCHiにいこうよ~ん,,
dom1Jenny_S07.mes,Script/dom1Jenny_S07.mes,8,9,주인공,またライブですか,,
dom1Jenny_S07.mes,Script/dom1Jenny_S07.mes,9,7,Jenny,ザッツライ!,,
dom1Jenny_S07.mes,Script/dom1Jenny_S07.mes,10,8,주인공,唐突すぎますよ,,
dom1Jenny_S07.mes,Script/dom1Jenny_S07.mes,11,37,Jenny,モォ、そんなコトいってホントは<6E5C>アタシが来るのまってたんじゃ<6E5C>ないのん?,,
dom1Jenny_S07.mes,Script/dom1Jenny_S07.mes,12,10,주인공,どーゆーことですか,,
dom1Jenny_S07.mes,Script/dom1Jenny_S07.mes,13,34,Jenny,ココロのトビラ、たたいてくれるヒ<6E5C>トを待ってるって顔してるわよん?,,
dom1Jenny_S07.mes,Script/dom1Jenny_S07.mes,14,13,주인공,そんなの待ってませんよ!,,
dom1Jenny_S07.mes,Script/dom1Jenny_S07.mes,15,31,Jenny,まだまだ自分のコトがわかってない<6E5C>のね~.<이름:3232>はコドモだな~,,
dom1Jenny_S07.mes,Script/dom1Jenny_S07.mes,16,3,주인공,え?,,
dom1Jenny_S07.mes,Script/dom1Jenny_S07.mes,17,32,Jenny,いいわん!<020A>今日がムリなら、25日<6E5C>にOROCHiに来なさい!,,
dom1Jenny_S07.mes,Script/dom1Jenny_S07.mes,18,16,주인공,え、25日?何があるんですか?,,
dom1Jenny_S07.mes,Script/dom1Jenny_S07.mes,19,15,Jenny,イーカラ!覚えておいてねん!,,
dom1Jenny_S07.mes,Script/dom1Jenny_S07.mes,20,43,UNKNOWN_01,@<0001><0011><0001><0000><0000><0000><0000><0006><000A><000B><0000><0000><0001><000F><0000><0000><0000><0000><0000><002A><0000><0000><0000><0000><0000><0010><0006><0000><0000><0000><0000><0000><001C><000E><FFFF>♪ピンポ~ン,,
dom1Jenny_S07.mes,Script/dom1Jenny_S07.mes,21,6,주인공,ん?誰だろ,,
dom1Jenny_S07.mes,Script/dom1Jenny_S07.mes,22,5,[효과음/내레이션],ガチャッ,,
dom1Jenny_S07.mes,Script/dom1Jenny_S07.mes,23,5,Jenny,ヘロ~★,,
dom1Jenny_S07.mes,Script/dom1Jenny_S07.mes,24,6,주인공,あ、また!,,
dom1Jenny_S07.mes,Script/dom1Jenny_S07.mes,25,9,Jenny,またとはナニよ!,,
dom1Jenny_S07.mes,Script/dom1Jenny_S07.mes,26,47,주인공,いや…….どうしてジェニー先生<6E5C>は、夏休みなのに熱心に俺の部屋<6E5C>に誘いに来たりするんですか?,,
dom1Jenny_S07.mes,Script/dom1Jenny_S07.mes,27,19,Jenny,<이름:3232>を見てるともったいない<6E5C>からよん,,
dom1Jenny_S07.mes,Script/dom1Jenny_S07.mes,28,8,주인공,もったいない?,,
dom1Jenny_S07.mes,Script/dom1Jenny_S07.mes,29,46,Jenny,満たされた環境なのに、ナニもしよ<6E5C>うとしない.ただ日々をすごして<6E5C>……むかしのアタシみたい,,
dom1Jenny_S07.mes,Script/dom1Jenny_S07.mes,30,16,주인공,……むかしのジェニー先生って?,,
dom1Jenny_S07.mes,Script/dom1Jenny_S07.mes,31,34,Jenny,……モォ!<020A>とにかく<이름:3232>は<6E5C>そのままじゃダメなの!<6E5C>変わらないと!,,
dom1Jenny_S07.mes,Script/dom1Jenny_S07.mes,32,10,주인공,んなムチャクチャな,,
dom1Jenny_S07.mes,Script/dom1Jenny_S07.mes,33,46,Jenny,少しでも変わりたいって気持ちが<6E5C>あるなら、25日にOROCHiに来る<6E5C>ことねん!ジャーネ!,,
dom1Jenny_S07.mes,Script/dom1Jenny_S07.mes,34,5,[효과음/내레이션],バタンッ,,
dom1Jenny_S07.mes,Script/dom1Jenny_S07.mes,35,37,주인공,(……むかしのジェニー先生って<6E5C>…….何かが先生を変えたん<6E5C>だろうか?),,
dom1Jenny_S08.mes,Script/dom1Jenny_S08.mes,0,89,[선택지],(<0001><0002><0008><0003><0005><0030><0001><0011><0007><0000><0000><0000><0000><0006><000A><0009><0000><0000><0001><0029><0054><0000><0000><0000><0000><0003><0008><0003><0006><0030><0001><0011><0006><0000><0000><0000><0000><0006><000A><000A><0000><0000><0001><0029><0024><0000><0000><0000><0000><0011><0005><0000><0000><0000><0000><0006><000A><0007><0000><0000><0001><002A><0000><0000><0000><0000><0000><000E><0000><FFFF><0000><0000><0000><0000><0024><0016><0002>(何して遊ぼうかな),,
dom1Jenny_S08.mes,Script/dom1Jenny_S08.mes,1,5,UNKNOWN_1c,<이름:3232>~!,,
dom1Jenny_S08.mes,Script/dom1Jenny_S08.mes,2,29,주인공,ジェニー先生、相変わらず夏休みを<6E5C>満喫してるみたいですね,,
dom1Jenny_S08.mes,Script/dom1Jenny_S08.mes,3,14,Jenny,<이름:3232>もマンキツしなさーい!,,
dom1Jenny_S08.mes,Script/dom1Jenny_S08.mes,4,13,주인공,俺も十分、満喫してますよ,,
dom1Jenny_S08.mes,Script/dom1Jenny_S08.mes,5,16,Jenny,ゼンゼンたりない!モットよん!,,
dom1Jenny_S08.mes,Script/dom1Jenny_S08.mes,6,8,주인공,って言われても,,
dom1Jenny_S08.mes,Script/dom1Jenny_S08.mes,7,14,Jenny,好きな子とか、いないのん?,,
dom1Jenny_S08.mes,Script/dom1Jenny_S08.mes,8,5,주인공,えぇ!?,,
dom1Jenny_S08.mes,Script/dom1Jenny_S08.mes,9,58,Jenny,ア、その反応はひょっとして<6E5C>アタシにホの字~?<485C>こんなミリョク的なセンセイ<6E5C>ほかにいないから、<6E5C>しかたないわね~ん,,
dom1Jenny_S08.mes,Script/dom1Jenny_S08.mes,10,16,주인공,(な、なんでそーなるんだよ!),,
dom1Jenny_S08.mes,Script/dom1Jenny_S08.mes,11,102,UNKNOWN_29,#<0000><0000><0000><0000><0003><0048><0003><0001>A<0001><0002><0008><0003><0005><0030><0001><0011><0007><0000><0000><0000><0000><0006><000A><0009><0000><0000><0001><0029><0054><0000><0000><0000><0000><0003><0008><0003><0006><0030><0001><0011><0006><0000><0000><0000><0000><0006><000A><000A><0000><0000><0001><0029><0024><0000><0000><0000><0000><0011><0005><0000><0000><0000><0000><0006><000A><0007><0000><0000><0001><0018><000F><0004><0001><0000><0000><002A><0000><0000><0000><0000><0000><000E><0008><FFFF><0000><0000><0000><0000><0020><0012><0009>イエ~、<이름:3232>~★,,
dom1Jenny_S08.mes,Script/dom1Jenny_S08.mes,12,22,주인공,ジェニー先生……いつも元気いっぱ<6E5C>いですね,,
dom1Jenny_S08.mes,Script/dom1Jenny_S08.mes,13,51,Jenny,<이름:3232>ったら、そんなにアタシの<6E5C>コト好きなのん?<485C>夏休みなのにアタシのあと<6E5C>追って来たりして、ヤッダ~,,
dom1Jenny_S08.mes,Script/dom1Jenny_S08.mes,14,9,주인공,…………(絶句),,
dom1Jenny_S08.mes,Script/dom1Jenny_S08.mes,15,24,Jenny,モォ、そんなに赤くならなくって<6E5C>イイのよ~ん?,,
dom1Jenny_S08.mes,Script/dom1Jenny_S08.mes,16,16,주인공,(青くなってるんですけど……),,
dom1Jenny_S08.mes,Script/dom1Jenny_S08.mes,17,26,Jenny,なんてね★<020A>でも<이름:3232>、好きなヒト<6E5C>できたでしょん?,,
dom1Jenny_S08.mes,Script/dom1Jenny_S08.mes,18,16,주인공,え!?なんでそう思うんですか?,,
dom1Jenny_S08.mes,Script/dom1Jenny_S08.mes,19,23,Jenny,前と顔が違うわよん!自分でわか<6E5C>らないのん?,,
dom1Jenny_S08.mes,Script/dom1Jenny_S08.mes,20,12,주인공,わからないですけど……,,
dom1Jenny_S08.mes,Script/dom1Jenny_S08.mes,21,22,Jenny,夏が<이름:3232>を変えたのねん!<6E5C>良かったわねーん,,
dom1Jenny_S08.mes,Script/dom1Jenny_S08.mes,22,35,주인공,(……ほんとかなぁ?でも、<6E5C>そう言われたらそんな気が<6E5C>してきた……),,
dom1Jenny_ending1.mes,Script/dom1Jenny_ending1.mes,0,37,주인공,はぁ……終わってみると、ぜんぶ<6E5C>夢だったんじゃないかって思う.<6E5C>不思議だ,,
dom1Jenny_ending1.mes,Script/dom1Jenny_ending1.mes,1,5,Jenny,<이름:3232>~★,,
dom1Jenny_ending1.mes,Script/dom1Jenny_ending1.mes,2,5,[효과음/내레이션],むぎゅぅ,,
dom1Jenny_ending1.mes,Script/dom1Jenny_ending1.mes,3,17,주인공,うわっ、苦しい、苦しいジェニー!,,
dom1Jenny_ending1.mes,Script/dom1Jenny_ending1.mes,4,38,Jenny,<이름:3232>ダイスキ!アタシ、<이름:3232>の<6E5C>おかげでホントウの自由を手に<6E5C>入れたのよん!,,
dom1Jenny_ending1.mes,Script/dom1Jenny_ending1.mes,5,33,주인공,え、どーゆーことですか?<6E5C>……父親の電話はどうなったん<6E5C>ですか?,,
dom1Jenny_ending1.mes,Script/dom1Jenny_ending1.mes,6,27,UNKNOWN_b7,でも、無事にコンテストが行われ<6E5C>てるとこを見ると……,,
dom1Jenny_ending1.mes,Script/dom1Jenny_ending1.mes,7,77,Jenny,……歌いおわって受話器を持っ<6E5C>たら、パパ、ひとことだけ言って<6E5C>切ったわん<485C>『ガンバレ』って…….<6E5C>アタシ、パパにガンバレなんて<6E5C>言われたの、はじめて……,,
dom1Jenny_ending1.mes,Script/dom1Jenny_ending1.mes,8,10,주인공,そうか……よかった,,
dom1Jenny_ending1.mes,Script/dom1Jenny_ending1.mes,9,41,UNKNOWN_b7,やっと認められたんだ.これで<6E5C>本当に何も気にすることなく<6E5C>歌うことができるわけだ,,
dom1Jenny_ending1.mes,Script/dom1Jenny_ending1.mes,10,38,Jenny,<이름:3232>がああ言ってくれなかっ<6E5C>たら、アタシあきらめてた!<6E5C><이름:3232>のおかげよん!,,
dom1Jenny_ending1.mes,Script/dom1Jenny_ending1.mes,11,41,주인공,ジェニーが俺にあそこまで言わせた<6E5C>んだよ.すっかり夢中にされちゃっ<6E5C>てたから……,,
dom1Jenny_ending1.mes,Script/dom1Jenny_ending1.mes,12,20,Jenny,それってバンドに?<6E5C>それともアタシに?,,
dom1Jenny_ending1.mes,Script/dom1Jenny_ending1.mes,13,5,주인공,えぇ!?,,
dom1Jenny_ending1.mes,Script/dom1Jenny_ending1.mes,14,42,Jenny,バンドだけじゃなく、アタシのこと<6E5C>も好きだから言ってくれたん<6E5C>でしょ?ちがうのん?,,
dom1Jenny_ending1.mes,Script/dom1Jenny_ending1.mes,15,11,주인공,え、いや、その~……,,
dom1Jenny_ending1.mes,Script/dom1Jenny_ending1.mes,16,35,Jenny,モォ、はっきり言ってよ!<6E5C>アタシはこれだけ<이름:3232>のこと<6E5C>スキなのにぃ!,,
dom1Jenny_ending1.mes,Script/dom1Jenny_ending1.mes,17,10,주인공,マ、マジですか!?,,
dom1Jenny_ending1.mes,Script/dom1Jenny_ending1.mes,18,32,UNKNOWN_b7,ハハハハ.バンド内恋愛は禁止<6E5C>じゃなかったんですか?<6E5C>リーダー,,
dom1Jenny_ending1.mes,Script/dom1Jenny_ending1.mes,19,35,Jenny,ムリよん、このアツイきもちを<6E5C>とめるなんて!<6E5C><이름:3232>だってそーでしょ?,,
dom1Jenny_ending1.mes,Script/dom1Jenny_ending1.mes,20,7,주인공,は、はい……,,
dom1Jenny_ending1.mes,Script/dom1Jenny_ending1.mes,21,17,Jenny,キャー!<020A>サイコ~!<020A>ダイスキ★,,
dom1Jenny_ending1.mes,Script/dom1Jenny_ending1.mes,22,5,[효과음/내레이션],むぎゅぅ,,
dom1Jenny_ending1.mes,Script/dom1Jenny_ending1.mes,23,17,주인공,うぅ、気持ちいいけどくるしぃ……,,
dom1Jenny_ending1.mes,Script/dom1Jenny_ending1.mes,24,8,[효과음/내레이션],そして8月……,,
dom1Jenny_ending1.mes,Script/dom1Jenny_ending1.mes,25,28,Jenny,もぉ<이름:3232>!<6E5C>そんなんじゃ午後のデートは<6E5C>オアズケよん!,,
dom1Jenny_ending1.mes,Script/dom1Jenny_ending1.mes,26,7,주인공,そ、そんな~,,
dom1Jenny_ending1.mes,Script/dom1Jenny_ending1.mes,27,49,Jenny,来年の'B「『」 O『 Figh>『<:P<6E5C>ではぜったい優勝するんだから!<6E5C>もう後はないのよん!,,
dom1Jenny_ending1.mes,Script/dom1Jenny_ending1.mes,28,32,주인공,……大会、まさか出られなくなると<6E5C>は思わなかったですからね……,,
dom1Jenny_ending1.mes,Script/dom1Jenny_ending1.mes,29,60,Jenny,あったまくるわあのスタッフ!<6E5C>アタシたちのおかげで中止に<6E5C>ならずにすんだのに、<485C>『大会妨害で出場取り消し』<6E5C>ですって!,,
dom1Jenny_ending1.mes,Script/dom1Jenny_ending1.mes,30,27,주인공,(中止になりかけたのも、俺達が<6E5C>原因なんだけど……),,
dom1Jenny_ending1.mes,Script/dom1Jenny_ending1.mes,31,56,Jenny,それで優勝が<6E5C>'K)O-)A': 「「『」P!<485C>ぜったいリーリンナイツのほうが<6E5C>よかったのにぃ~.<6E5C>くやしぃ~,,
dom1Jenny_ending1.mes,Script/dom1Jenny_ending1.mes,32,43,주인공,まぁ、あいつらも妨害の手助けをし<6E5C>たってことで、デビューの話はナシ<6E5C>みたいですけどね,,
dom1Jenny_ending1.mes,Script/dom1Jenny_ending1.mes,33,50,Jenny,来年はぜったい優勝をうばいとるわ<6E5C>よん!<020A>そのためには猛トックン!<6E5C>1日たりとも休めないんだから!,,
dom1Jenny_ending1.mes,Script/dom1Jenny_ending1.mes,34,12,주인공,そんな、デートは……?,,
dom1Jenny_ending1.mes,Script/dom1Jenny_ending1.mes,35,37,Jenny,こーやってアタシとふたりっきりで<6E5C>練習できるだけでしあわせ<6E5C>でしょーん?,,
dom1Jenny_ending1.mes,Script/dom1Jenny_ending1.mes,36,8,주인공,んな勝手な……,,
dom1Jenny_ending1.mes,Script/dom1Jenny_ending1.mes,37,14,Jenny,愛のムチよん!<020A>ダーリン★,,
dom1Jenny_ending1.mes,Script/dom1Jenny_ending1.mes,38,51,주인공,(トホホ……幸せとは、かくも過酷<6E5C>なものなのか…….こりゃなにがな<6E5C>んでも優勝しないといけないぜ!),,
dom1Jenny_ending1.mes,Script/dom1Jenny_ending1.mes,39,37,Kaidou,全エンディングコンプリートしや<6E5C>がったな!<485C>さすがはオレ様のライバルだな,,
dom1Jenny_ending1.mes,Script/dom1Jenny_ending1.mes,40,7,UNKNOWN_1d,おめでとー!,,
dom1Jenny_ending2.mes,Script/dom1Jenny_ending2.mes,0,37,주인공,はぁ……終わってみると、ぜんぶ<6E5C>夢だったんじゃないかって思う.<6E5C>不思議だ,,
dom1Jenny_ending2.mes,Script/dom1Jenny_ending2.mes,1,5,Jenny,<이름:3232>~★,,
dom1Jenny_ending2.mes,Script/dom1Jenny_ending2.mes,2,5,[효과음/내레이션],むぎゅぅ,,
dom1Jenny_ending2.mes,Script/dom1Jenny_ending2.mes,3,19,주인공,うわっ、苦しい、苦しいよ<6E5C>ジェニー!,,
dom1Jenny_ending2.mes,Script/dom1Jenny_ending2.mes,4,35,Jenny,<이름:3232>!<020A>アタシ、<이름:3232>の<6E5C>おかげでホントウの自由を<6E5C>手に入れたのよん!,,
dom1Jenny_ending2.mes,Script/dom1Jenny_ending2.mes,5,33,주인공,え、どーゆーことですか?<6E5C>……父親の電話はどうなったん<6E5C>ですか?,,
dom1Jenny_ending2.mes,Script/dom1Jenny_ending2.mes,6,42,Jenny,それがすっごい感激してたのよん!<6E5C>国にもどってバンドしろって!<6E5C>ゆるしてやるって!,,
dom1Jenny_ending2.mes,Script/dom1Jenny_ending2.mes,7,12,주인공,ええっ、イギリスで!?,,
dom1Jenny_ending2.mes,Script/dom1Jenny_ending2.mes,8,32,UNKNOWN_b7,リーダーすごい!<6E5C>イギリスでバンドなんて<6E5C>本望じゃないですか!,,
dom1Jenny_ending2.mes,Script/dom1Jenny_ending2.mes,9,33,Jenny,そーと決まればゼンはいそげよん!<6E5C><이름:3232>、イギリスに行きましょう!,,
dom1Jenny_ending2.mes,Script/dom1Jenny_ending2.mes,10,37,주인공,んな無茶な!<6E5C>'B「『」 O『 Figh>『<:Pは<6E5C>どーするんですか!,,
dom1Jenny_ending2.mes,Script/dom1Jenny_ending2.mes,11,77,Jenny,そんなの見るまでもなく優勝に<6E5C>決まってるじゃない!<485C>そしてリーリンナイツは世界に<6E5C>はばたくのよ!<485C>どうせやるならスリリングに、<6E5C>そしてエキサイトにねん!,,
dom1Jenny_ending2.mes,Script/dom1Jenny_ending2.mes,12,8,주인공,んな勝手な……,,
dom1Jenny_ending2.mes,Script/dom1Jenny_ending2.mes,13,30,Kaidou,おいオマエら!<6E5C>コンテスト中だってのにどこに<6E5C>行く気だぁ?,,
dom1Jenny_ending2.mes,Script/dom1Jenny_ending2.mes,14,40,Jenny,<이름:3232>!まだ来れないならあとで<6E5C>来なさい!アタシ、<이름:3232>が<6E5C>来るのを待ってるわん!,,
dom1Jenny_ending2.mes,Script/dom1Jenny_ending2.mes,15,14,주인공,ちょっと待ってよジェニー!,,
dom1Jenny_ending2.mes,Script/dom1Jenny_ending2.mes,16,54,Jenny,アタシを止めるなんて無理よん!<6E5C>アタシは7つの海をまたにかける<6E5C>オンナなんだからんっ<485C>しからばグッバ~イ★,,
dom1Jenny_ending2.mes,Script/dom1Jenny_ending2.mes,17,29,주인공,うそ……ほんとに行っちゃった.<6E5C>なんつーバイタリティーだ,,
dom1Jenny_ending2.mes,Script/dom1Jenny_ending2.mes,18,15,Kaidou,いったいどうしたんだよ、<이름:3131>,,
dom1Jenny_ending2.mes,Script/dom1Jenny_ending2.mes,19,17,주인공,ジェニーはイギリスに行くって……,,
dom1Jenny_ending2.mes,Script/dom1Jenny_ending2.mes,20,30,Kaidou,イギリスぅ!?<6E5C>どーなってんだよ.<6E5C>オマエはどーすんだよ!,,
dom1Jenny_ending2.mes,Script/dom1Jenny_ending2.mes,21,5,주인공,…………,,
dom1Jenny_ending2.mes,Script/dom1Jenny_ending2.mes,22,72,주인공,(俺にイギリスまで行く勇気が<6E5C>あるか……?……無理だ<485C>今はまだ無理だけど、<6E5C>いつかぜったい行ってやる<485C>だから待ってろよ、ジェニーの<6E5C>やつ!!),,
dom1Jenny_ending2.mes,Script/dom1Jenny_ending2.mes,23,87,Kula,<071C><0000><0000><0000><0002><000B><0003><0011><00E0><0001><001E><0000><0000><0000><0000><0000><0011><0001><0000><0000><0000><0000><0006><000A><0000><0000><0000><0001><0018><0015><0000><0001><0000><0000><000D><0000><0000><0000><0000><0000><000E><0000><FFFF><0000><0000><0000><0000><0058><004A><000A>全エンディングコンプリートしや<6E5C>がったな!<485C>さすがはオレ様のライバルだな,,
dom1Jenny_ending2.mes,Script/dom1Jenny_ending2.mes,24,7,UNKNOWN_1d,おめでとー!,,
