file,rel_path,block,n_tokens,speaker,source,ai_draft,translation
dom1Kula_L01.mes,Script/dom1Kula_L01.mes,0,25,주인공,(今日は思いきり遊ぶとするか.<6E5C>ん?あれは……),(오늘은 실컷 놀아볼까.<6E5C>응? 저건……),(오늘은 실컷 놀아볼까.<6E5C>응? 저건……)
dom1Kula_L01.mes,Script/dom1Kula_L01.mes,1,16,Kula,こんなのいらない!きえちゃえ!,이런 거 필요없어! 사라져!,이런 거 필요없어! 사라져!
dom1Kula_L01.mes,Script/dom1Kula_L01.mes,2,31,주인공,(……クーラだ.またひとりで<6E5C>ゲームに熱中してるみたいだな),(……쿨라잖아. 또 혼자서<6E5C>게임에 열중하고 있나 보네),(……쿨라잖아. 또 혼자서<6E5C>게임에 열중하고 있나 보네)
dom1Kula_L01.mes,Script/dom1Kula_L01.mes,3,5,Kula,ア、<이름:3232>,아 <이름:3232>,아 <이름:3232>
dom1Kula_L01.mes,Script/dom1Kula_L01.mes,4,16,주인공,あ、あぁ.楽しそうに遊んでるな,"아, 그래. 재밌게 노네","아, 그래. 재밌게 노네"
dom1Kula_L01.mes,Script/dom1Kula_L01.mes,5,6,Kula,つまんない,재미없어,재미없어
dom1Kula_L01.mes,Script/dom1Kula_L01.mes,6,3,주인공,は?,뭐?,뭐?
dom1Kula_L01.mes,Script/dom1Kula_L01.mes,7,21,Kula,つまんないから対戦相手になって<6E5C>よ、<이름:3232>,"심심하니까 나랑 대전해줘<6E5C>, <이름:3232>","심심하니까 나랑 대전해줘<6E5C>, <이름:3232>"
dom1Kula_L01.mes,Script/dom1Kula_L01.mes,8,21,주인공,いきなりかよ……ってまぁいいや.<6E5C>どれ?,갑자기?...뭐 좋아.<6E5C>어디 볼까?,갑자기?...뭐 좋아.<6E5C>어디 볼까?
dom1Kula_L01.mes,Script/dom1Kula_L01.mes,9,5,Kula,コレコレ,이거이거,이거이거
dom1Kula_L01.mes,Script/dom1Kula_L01.mes,10,14,주인공,格闘ゲームか.よし、やるか,격투 게임이네. 해볼까,격투 게임이네. 해볼까
dom1Kula_L01.mes,Script/dom1Kula_L01.mes,11,8,Kula,負けないもん!,안 질거야!,안 질거야!
dom1Kula_L01.mes,Script/dom1Kula_L01.mes,12,10,[효과음/내레이션],バキ<020A>ドカ<020A>ドーン,퍽<020A>퍼벅<020A>쾅,퍽<020A>퍼벅<020A>쾅
dom1Kula_L01.mes,Script/dom1Kula_L01.mes,13,36,주인공,(う、けっこう強いな、クーラ.<6E5C>どうしよう……本気出しちゃおう<6E5C>かな),"(음, 꽤 강하네, 쿨라.<6E5C>어쩌지…… 진심으로 해<6E5C>볼까)","(음, 꽤 강하네, 쿨라.<6E5C>어쩌지…… 진심으로 해<6E5C>볼까)"
dom1Kula_L01.mes,Script/dom1Kula_L01.mes,14,8,[선택지],本気で勝つ負ける,이긴다진다,이긴다\진다
dom1Kula_L01.mes,Script/dom1Kula_L01.mes,15,6,[효과음/내레이션],K.O.!,K.O.!,K.O.!
dom1Kula_L01.mes,Script/dom1Kula_L01.mes,16,5,Kula,…………,……,……
dom1Kula_L01.mes,Script/dom1Kula_L01.mes,17,33,주인공,(……女の子相手に本気出す<6E5C>なんて、おとなげなかった<6E5C>かな……),(………여자애 상대로 진심을<6E5C>내다니 어른답지 못했<6E5C>나……),(………여자애 상대로 진심을<6E5C>내다니 어른답지 못했<6E5C>나……)
dom1Kula_L01.mes,Script/dom1Kula_L01.mes,18,13,Kula,じゃ、次はホンキだすね!,그럼 다음엔 진심낼게!,그럼 다음엔 진심낼게!
dom1Kula_L01.mes,Script/dom1Kula_L01.mes,19,17,주인공,(………この子も負けず嫌いだな),(…이 애도 승부욕 있네),(…이 애도 승부욕 있네)
dom1Kula_L01.mes,Script/dom1Kula_L01.mes,20,6,[효과음/내레이션],K.O.!,K.O.!,K.O.!
dom1Kula_L01.mes,Script/dom1Kula_L01.mes,21,13,주인공,いや~、クーラは強いなぁ,"이야, 쿨라 강하네","이야, 쿨라 강하네"
dom1Kula_L01.mes,Script/dom1Kula_L01.mes,22,25,Kula,………….ちゃんとホンキ出さない<6E5C>と怒るよ、<이름:3232>,"……제대로 진심 안 내면<6E5C>화낼 거야, <이름:3232>","……제대로 진심 안 내면<6E5C>화낼 거야, <이름:3232>"
dom1Kula_L01.mes,Script/dom1Kula_L01.mes,23,28,주인공,(な、なんでわざと負けたってわか<6E5C>るんだ?この子……),"(뭐, 일부러 진 거 어떻게<6E5C>알았지? 이 애……)","(뭐, 일부러 진 거 어떻게<6E5C>알았지? 이 애……)"
dom1Kula_L01.mes,Script/dom1Kula_L01.mes,24,32,UNKNOWN_1a,おーいクーラ、欲しがってたぬいぐ<6E5C>るみ、やっとゲットできたぞ!,"어이 쿨라, 갖고 싶어하던 인<6E5C>형 드디어 손에 넣었다!","어이 쿨라, 갖고 싶어하던 인<6E5C>형 드디어 손에 넣었다!"
dom1Kula_L01.mes,Script/dom1Kula_L01.mes,25,10,주인공,うっ、この声は……,윽 이 목소리……,윽 이 목소리……
dom1Kula_L01.mes,Script/dom1Kula_L01.mes,26,21,Kaidou,……って、なんで<이름:3131>がいんだ!<6E5C>消えろ!,"……아니, 왜 <이름:3131>가 있어!<6E5C>꺼져!","……아니, 왜 <이름:3131>가 있어!<6E5C>꺼져!"
dom1Kula_L01.mes,Script/dom1Kula_L01.mes,27,26,주인공,海堂もいたのか…….はいはい、<6E5C>消えればいいんだろ,카이도도 있었냐……. 사라지<6E5C>면 되는 거지,카이도도 있었냐……. 사라지<6E5C>면 되는 거지
dom1Kula_L01.mes,Script/dom1Kula_L01.mes,28,11,Kula,またやろうね、<이름:3232>!,"또 놀자, <이름:3232>!","또 놀자, <이름:3232>!"
dom1Kula_L02.mes,Script/dom1Kula_L02.mes,0,41,주인공,(さて、どこに行こうかな…….<6E5C>ん?あんなところに、でっかい<6E5C>笹の葉が飾ってある,"(자, 어디로 가볼까…….<6E5C>응? 저기에 커다란<6E5C>조릿대 잎이 장식되어 있","(자, 어디로 가볼까…….<6E5C>응? 저기에 커다란<6E5C>조릿대 잎이 장식되어 있"
dom1Kula_L02.mes,Script/dom1Kula_L02.mes,1,34,[효과음/내레이션],飾りがつけられてキレイだな.……<6E5C>と、その前に立っているのは……),장식 붙어 예쁘네.……<6E5C>그 앞에 서 있는 건……),장식 붙어 예쁘네.……<6E5C>그 앞에 서 있는 건……)
dom1Kula_L02.mes,Script/dom1Kula_L02.mes,2,15,주인공,クーラ?なんでこんなところに,쿨라? 왜 이런 데 있어?,쿨라? 왜 이런 데 있어?
dom1Kula_L02.mes,Script/dom1Kula_L02.mes,3,27,Kula,ア、<이름:3232>.こんなところって、<6E5C>ココはクーラの学校だよ,"아, <이름:3232>. 이런 데라니,<6E5C>여긴 쿨라 학교야","아, <이름:3232>. 이런 데라니,<6E5C>여긴 쿨라 학교야"
dom1Kula_L02.mes,Script/dom1Kula_L02.mes,4,29,주인공,あれ?適当に歩いてたら、雷門<6E5C>学園の前に来ちゃってたのか,어라? 걷다 보니<6E5C>라이몬 학원 앞까지 왔네,어라? 걷다 보니<6E5C>라이몬 학원 앞까지 왔네
dom1Kula_L02.mes,Script/dom1Kula_L02.mes,5,15,Kula,<이름:3232>もお願いゴトしに来たの?,<이름:3232>도 소원 빌러 왔어?,<이름:3232>도 소원 빌러 왔어?
dom1Kula_L02.mes,Script/dom1Kula_L02.mes,6,29,주인공,え?……あぁ、この大きな笹の<6E5C>葉、雷門学園のか.すげーな,"어? 이 조릿<6E5C>대 잎, 라이몬 학원 거네. 대단해","어? 이 조릿<6E5C>대 잎, 라이몬 학원 거네. 대단해"
dom1Kula_L02.mes,Script/dom1Kula_L02.mes,7,24,Kula,……こんなコトで、願いゴトって叶<6E5C>うのかな……,……이런 걸로 소원이 이뤄<6E5C>질까……,……이런 걸로 소원이 이뤄<6E5C>질까……
dom1Kula_L02.mes,Script/dom1Kula_L02.mes,8,3,주인공,え?,어?,어?
dom1Kula_L02.mes,Script/dom1Kula_L02.mes,9,26,Kula,叶うんだったらクーラも書く<6E5C>よ…….ねぇ、叶うの?,"이뤄지면 쿨라도 쓸<6E5C>래…….있잖아, 이뤄져?","이뤄지면 쿨라도 쓸<6E5C>래…….있잖아, 이뤄져?"
dom1Kula_L02.mes,Script/dom1Kula_L02.mes,10,11,주인공,うーん……そうだなぁ,음……글쎄,음……글쎄
dom1Kula_L02.mes,Script/dom1Kula_L02.mes,11,12,[선택지],信じれば叶うよ気休めだよ,믿으면 이뤄져기분탓이야,믿으면 이뤄져\기분탓이야
dom1Kula_L02.mes,Script/dom1Kula_L02.mes,12,8,주인공,信じれば叶うよ,믿으면 이뤄져,믿으면 이뤄져
dom1Kula_L02.mes,Script/dom1Kula_L02.mes,13,5,Kula,ホント?,정말?,정말?
dom1Kula_L02.mes,Script/dom1Kula_L02.mes,14,35,주인공,ああ、だからクーラも書きなよ.<6E5C>手に持ってるの、クーラの短冊<6E5C>だろ?,"그래, 그러니까 써봐.<6E5C>손에 든 거, 쿨라 소원<6E5C>지잖아?","그래, 그러니까 써봐.<6E5C>손에 든 거, 쿨라 소원<6E5C>지잖아?"
dom1Kula_L02.mes,Script/dom1Kula_L02.mes,15,9,Kula,うん……わかった,응……알았어,응……알았어
dom1Kula_L02.mes,Script/dom1Kula_L02.mes,16,11,주인공,まぁ、気休めだけどな,"뭐, 기분 탓이지만","뭐, 기분 탓이지만"
dom1Kula_L02.mes,Script/dom1Kula_L02.mes,17,6,Kula,そっか……,그렇구나…,그렇구나…
dom1Kula_L02.mes,Script/dom1Kula_L02.mes,18,35,주인공,でも、どうせなら書いたら?その<6E5C>手に持ってるの、クーラの短冊<6E5C>だろ?,"그래도 이왕이면 써보지?<6E5C>그 손에 든 거, 쿨라 소원<6E5C>지잖아?","그래도 이왕이면 써보지?<6E5C>그 손에 든 거, 쿨라 소원<6E5C>지잖아?"
dom1Kula_L02.mes,Script/dom1Kula_L02.mes,19,5,Kula,うん……,응……,응……
dom1Kula_L02.mes,Script/dom1Kula_L02.mes,20,5,[효과음/내레이션],…………,……,……
dom1Kula_L02.mes,Script/dom1Kula_L02.mes,21,16,Kula,書いたよ!これでいいんだよね?,썼어! 이러면 되는 거지?,썼어! 이러면 되는 거지?
dom1Kula_L02.mes,Script/dom1Kula_L02.mes,22,3,주인공,あぁ,아,아
dom1Kula_L02.mes,Script/dom1Kula_L02.mes,23,21,Kula,じゃあ、教室に戻るね!<6E5C><이름:3232>、バイバイ!,"그럼 교실로 돌아갈게!<6E5C><이름:3232>, 안녕!","그럼 교실로 돌아갈게!<6E5C><이름:3232>, 안녕!"
dom1Kula_L02.mes,Script/dom1Kula_L02.mes,24,48,주인공,どれどれ、クーラは何を書いたん<6E5C>だろう…….ん?「おにいちゃん<6E5C>がかえってきますように」……?,"어디 보자, 쿨라는 뭐라고 썼<6E5C>을까…….응? 「오빠가 돌아<6E5C>오게 해주세요」……?","어디 보자, 쿨라는 뭐라고 썼<6E5C>을까…….응? 「오빠가 돌아<6E5C>오게 해주세요」……?"
dom1Kula_L02.mes,Script/dom1Kula_L02.mes,25,19,[효과음/내레이션],クーラのお兄ちゃんっていったい…<6E5C>…,쿨라의 오빠라는 게 대체<6E5C>……,쿨라의 오빠라는 게 대체<6E5C>……
dom1Kula_L03.mes,Script/dom1Kula_L03.mes,0,24,주인공,(さてと、もう遅いし部屋に帰ると<6E5C>するか……),(자 이제 늦었으니 방으로 돌아<6E5C>갈까……),(자 이제 늦었으니 방으로 돌아<6E5C>갈까……)
dom1Kula_L03.mes,Script/dom1Kula_L03.mes,1,4,UNKNOWN_1a,<이름:3131>~,<이름:3131>아,<이름:3131>아
dom1Kula_L03.mes,Script/dom1Kula_L03.mes,2,9,주인공,こ、この声は……,이 목소리는……,이 목소리는……
dom1Kula_L03.mes,Script/dom1Kula_L03.mes,3,17,Kaidou,デケェあくびして、みっともねぇな,"크게 하품하고, 꼴사납네","크게 하품하고, 꼴사납네"
dom1Kula_L03.mes,Script/dom1Kula_L03.mes,4,43,주인공,海堂…….おまえに会うと、寝付き<6E5C>が悪くなりそうだな……と、その後<6E5C>ろにいるのは……,카이도……. 너를 만나면 잠<6E5C>버릇이 나빠질 것 같네…… 그<6E5C>뒤에 있는 건……,카이도……. 너를 만나면 잠<6E5C>버릇이 나빠질 것 같네…… 그<6E5C>뒤에 있는 건……
dom1Kula_L03.mes,Script/dom1Kula_L03.mes,5,5,주인공,クーラ!,쿨라!,쿨라!
dom1Kula_L03.mes,Script/dom1Kula_L03.mes,6,29,Kaidou,今、テメェの学校のきもだめしに<6E5C>行ってきたんだぜ、オレ達,"지금 네 학교 담력시험에<6E5C>갔다 왔다고, 우리","지금 네 학교 담력시험에<6E5C>갔다 왔다고, 우리"
dom1Kula_L03.mes,Script/dom1Kula_L03.mes,7,16,주인공,おまえ、クーラと行ったのかよ!,"너, 쿨라랑 갔던 거냐!","너, 쿨라랑 갔던 거냐!"
dom1Kula_L03.mes,Script/dom1Kula_L03.mes,8,5,Kaidou,なんだよ,뭐냐,뭐냐
dom1Kula_L03.mes,Script/dom1Kula_L03.mes,9,5,주인공,いや……,아니……,아니……
dom1Kula_L03.mes,Script/dom1Kula_L03.mes,10,13,Kaidou,楽しかったよなー?クーラ,재밌었지? 쿨라,재밌었지? 쿨라
dom1Kula_L03.mes,Script/dom1Kula_L03.mes,11,6,Kula,フツーだよ,그냥그래,그냥그래
dom1Kula_L03.mes,Script/dom1Kula_L03.mes,12,13,주인공,(なんかムカつくな……),(왠지 짜증나네……),(왠지 짜증나네……)
dom1Kula_L03.mes,Script/dom1Kula_L03.mes,13,24,[선택지],今度は俺と行こうぜそんなヤツといても面白くないぞ,다음엔 나랑 가자그런 놈이랑 재미없어,다음엔 나랑 가자\그런 놈이랑 재미없어
dom1Kula_L03.mes,Script/dom1Kula_L03.mes,14,9,주인공,……なぁ、クーラ,"……저기, 쿨라","……저기, 쿨라"
dom1Kula_L03.mes,Script/dom1Kula_L03.mes,15,4,Kula,なに?,왜?,왜?
dom1Kula_L03.mes,Script/dom1Kula_L03.mes,16,10,주인공,今度は俺と行こうぜ,다음엔 나랑 가자,다음엔 나랑 가자
dom1Kula_L03.mes,Script/dom1Kula_L03.mes,17,15,Kaidou,あぁ!?オマエ何言ってンだ?,아!? 너 뭔 소리야?,아!? 너 뭔 소리야?
dom1Kula_L03.mes,Script/dom1Kula_L03.mes,18,12,주인공,おまえには関係ないだろ,너랑 상관없잖아,너랑 상관없잖아
dom1Kula_L03.mes,Script/dom1Kula_L03.mes,19,24,Kaidou,それはオマエだよ!<6E5C>オレ達の間に入ってくんな!,그건 너잖아!<6E5C>우리 사이에 끼어들지 마!,그건 너잖아!<6E5C>우리 사이에 끼어들지 마!
dom1Kula_L03.mes,Script/dom1Kula_L03.mes,20,12,주인공,そんなの俺の自由だろ!,그건 내 자유잖아!,그건 내 자유잖아!
dom1Kula_L03.mes,Script/dom1Kula_L03.mes,21,21,주인공,クーラ、そんなヤツといても面白く<6E5C>ないぞ,"쿨라, 그런 놈이랑 있어봤자<6E5C>재미없어","쿨라, 그런 놈이랑 있어봤자<6E5C>재미없어"
dom1Kula_L03.mes,Script/dom1Kula_L03.mes,22,8,Kaidou,ンだとテメェ!,뭐라고 너!,뭐라고 너!
dom1Kula_L03.mes,Script/dom1Kula_L03.mes,23,21,주인공,付き合うなら、もっと人を選んだ方<6E5C>がいい,사귈 거면 사람 좀<6E5C>가려 사귀어,사귈 거면 사람 좀<6E5C>가려 사귀어
dom1Kula_L03.mes,Script/dom1Kula_L03.mes,24,16,Kaidou,勝手なこと言ってンじゃねーよ!,멋대로 지껄이지 마!,멋대로 지껄이지 마!
dom1Kula_L03.mes,Script/dom1Kula_L03.mes,25,15,주인공,おまえといると教育に悪いだろ,너랑 있으면 교육상 안좋아,너랑 있으면 교육상 안좋아
dom1Kula_L03.mes,Script/dom1Kula_L03.mes,26,9,Kaidou,どーゆー意味だ!,그게 뭔소리야!,그게 뭔소리야!
dom1Kula_L03.mes,Script/dom1Kula_L03.mes,27,9,주인공,そのままだけど?,그대로인데?,그대로인데?
dom1Kula_L03.mes,Script/dom1Kula_L03.mes,28,40,Kaidou,ふざけんなよテメェ.なんだったら<6E5C>ココで武道天覧会の決着、付けても<6E5C>いーんだぜ,장난치지 마 너.원한다면<6E5C>여기서 무도천람회 결판을<6E5C>내도 되는데,장난치지 마 너.원한다면<6E5C>여기서 무도천람회 결판을<6E5C>내도 되는데
dom1Kula_L03.mes,Script/dom1Kula_L03.mes,29,24,주인공,クーラの前だからって、強がってん<6E5C>なよ、おまえ,"쿨라 앞이라고 센 척<6E5C>하지 마, 너","쿨라 앞이라고 센 척<6E5C>하지 마, 너"
dom1Kula_L03.mes,Script/dom1Kula_L03.mes,30,10,Kula,モー、ウルサーイ!,아 진짜 시끄러!,아 진짜 시끄러!
dom1Kula_L03.mes,Script/dom1Kula_L03.mes,31,7,주인공,ク……クーラ,쿠……쿨라,쿠……쿨라
dom1Kula_L03.mes,Script/dom1Kula_L03.mes,32,16,Kula,うるさい人キライ!クーラ帰る!,시끄러 싫어! 쿨라 간다!,시끄러 싫어! 쿨라 간다!
dom1Kula_L03.mes,Script/dom1Kula_L03.mes,33,15,Kaidou,あ、ちょっと、待てよクーラ!,"아, 잠깐, 기다려 쿨라!","아, 잠깐, 기다려 쿨라!"
dom1Kula_L03.mes,Script/dom1Kula_L03.mes,34,28,주인공,(……しまった.ちょっとおとなげ<6E5C>なかったな、俺……),"(……아차. 좀 어른답지<6E5C>못했네, 나……)","(……아차. 좀 어른답지<6E5C>못했네, 나……)"
dom1Kula_L04.mes,Script/dom1Kula_L04.mes,0,7,Kula,ア、<이름:3232>……,아 <이름:3232>……,아 <이름:3232>……
dom1Kula_L04.mes,Script/dom1Kula_L04.mes,1,16,주인공,クーラ.どうした?ボーっとして,쿨라 왜 그래? 멍하니 있고,쿨라 왜 그래? 멍하니 있고
dom1Kula_L04.mes,Script/dom1Kula_L04.mes,2,8,Kula,なんでもないよ,아무것도 아냐,아무것도 아냐
dom1Kula_L04.mes,Script/dom1Kula_L04.mes,3,25,주인공,じゃあ、なんでじっとしてんだ?<6E5C>ゲームもしないで,그럼 왜 가만히 있는 거야?<6E5C>게임도 안 하고,그럼 왜 가만히 있는 거야?<6E5C>게임도 안 하고
dom1Kula_L04.mes,Script/dom1Kula_L04.mes,4,11,Kula,……なんでもないって,……아무것도아니래도,……아무것도아니래도
dom1Kula_L04.mes,Script/dom1Kula_L04.mes,5,41,주인공,……ひょっとして、誰か待ってるん<6E5C>じゃないのか?この前言ってた<6E5C>お兄ちゃんを……,……혹시 누구 기다리고<6E5C>있는 거 아니야? 저번에 말했던<6E5C>오빠를……,……혹시 누구 기다리고<6E5C>있는 거 아니야? 저번에 말했던<6E5C>오빠를……
dom1Kula_L04.mes,Script/dom1Kula_L04.mes,6,5,Kula,…………,……,……
dom1Kula_L04.mes,Script/dom1Kula_L04.mes,7,6,주인공,……ごめん,……미안,……미안
dom1Kula_L04.mes,Script/dom1Kula_L04.mes,8,7,Kula,コレ取って!,이거잡아줘!,이거잡아줘!
dom1Kula_L04.mes,Script/dom1Kula_L04.mes,9,3,주인공,え?,어?,어?
dom1Kula_L04.mes,Script/dom1Kula_L04.mes,10,9,Kula,このぬいぐるみ!,이 인형!,이 인형!
dom1Kula_L04.mes,Script/dom1Kula_L04.mes,11,12,주인공,あぁ、クレーンゲームか,"아, 인형 잡기구나","아, 인형 잡기구나"
dom1Kula_L04.mes,Script/dom1Kula_L04.mes,12,13,[선택지],取ってあげる話の続きをする,잡아줄게이야기 계속하기,잡아줄게\이야기 계속하기
dom1Kula_L04.mes,Script/dom1Kula_L04.mes,13,13,주인공,……よーし、やってみるか,"……좋아, 해볼까","……좋아, 해볼까"
dom1Kula_L04.mes,Script/dom1Kula_L04.mes,14,5,Kula,ヤッタ!,야호!,야호!
dom1Kula_L04.mes,Script/dom1Kula_L04.mes,15,10,주인공,次はどれが欲しい?,다음은 뭐갖고파?,다음은 뭐갖고파?
dom1Kula_L04.mes,Script/dom1Kula_L04.mes,16,9,Kula,あのキャンディ!,저 사탕!,저 사탕!
dom1Kula_L04.mes,Script/dom1Kula_L04.mes,17,4,주인공,よーし,좋아,좋아
dom1Kula_L04.mes,Script/dom1Kula_L04.mes,18,5,Kula,ヤッタ!,야호!,야호!
dom1Kula_L04.mes,Script/dom1Kula_L04.mes,19,14,주인공,(……まぁ、しかたないか),(……뭐 어쩔 수 없나),(……뭐 어쩔 수 없나)
dom1Kula_L04.mes,Script/dom1Kula_L04.mes,20,34,주인공,……それより、いつもここらへんう<6E5C>ろついて、親は心配してないのか?,……그보다 맨날 근처를 어<6E5C>슬렁대면 부모님이 걱정 안 하셔?,……그보다 맨날 근처를 어<6E5C>슬렁대면 부모님이 걱정 안 하셔?
dom1Kula_L04.mes,Script/dom1Kula_L04.mes,21,5,Kula,…………,……,……
dom1Kula_L04.mes,Script/dom1Kula_L04.mes,22,29,주인공,海堂なんかにくっついてないで、<6E5C>もっとクラスの友達と……,카이도 같은 애 말고<6E5C>반 친구들이랑 좀……,카이도 같은 애 말고<6E5C>반 친구들이랑 좀……
dom1Kula_L04.mes,Script/dom1Kula_L04.mes,23,23,Kula,ウルサイな!それじゃママみたい<6E5C>だよ、<이름:3232>!,시끄러워! 그럼 완전 엄마<6E5C>같잖아 <이름:3232>!,시끄러워! 그럼 완전 엄마<6E5C>같잖아 <이름:3232>!
dom1Kula_L04.mes,Script/dom1Kula_L04.mes,24,7,주인공,マ、ママ!?,어 엄마!?,어 엄마!?
dom1Kula_L04.mes,Script/dom1Kula_L04.mes,25,4,[효과음/내레이션],ドン!,쿵!,쿵!
dom1Kula_L04.mes,Script/dom1Kula_L04.mes,26,7,Kula,イッターイ!,아파라!,아파라!
dom1Kula_L04.mes,Script/dom1Kula_L04.mes,27,4,주인공,あ……,아……,아……
dom1Kula_L04.mes,Script/dom1Kula_L04.mes,28,6,주인공,レオナ……,레오나……,레오나……
dom1Kula_L04.mes,Script/dom1Kula_L04.mes,29,9,Kula,イタイよ、モォ!,아프잖아 진짜!,아프잖아 진짜!
dom1Kula_L04.mes,Script/dom1Kula_L04.mes,30,9,Leona,……ごめんなさい,……미안해요,……미안해요
dom1Kula_L04.mes,Script/dom1Kula_L04.mes,31,12,Kula,ん?<이름:3232>とおなじ学校?,응?<이름:3232>랑 같은학교?,응?<이름:3232>랑 같은학교?
dom1Kula_L04.mes,Script/dom1Kula_L04.mes,32,13,주인공,あぁ、しかも同じクラスだ,어 게다가 같은 반이야,어 게다가 같은 반이야
dom1Kula_L04.mes,Script/dom1Kula_L04.mes,33,15,Kula,じゃーキャンディちょーだい!,그럼 사탕 줘!,그럼 사탕 줘!
dom1Kula_L04.mes,Script/dom1Kula_L04.mes,34,3,Leona,!?,!?,!?
dom1Kula_L04.mes,Script/dom1Kula_L04.mes,35,12,주인공,なんでそーなるんだよ!,왜 그렇게 되는거야!,왜 그렇게 되는거야!
dom1Kula_L04.mes,Script/dom1Kula_L04.mes,36,23,Kula,ねぇねぇ、ゲーム強い?対戦相手<6E5C>になってよ!,"있잖아, 게임 잘해? 대전상<6E5C>대 해줘!","있잖아, 게임 잘해? 대전상<6E5C>대 해줘!"
dom1Kula_L04.mes,Script/dom1Kula_L04.mes,37,10,Leona,ちょ、ちょっと……,"자, 잠깐만……","자, 잠깐만……"
dom1Kula_L04.mes,Script/dom1Kula_L04.mes,38,45,주인공,(あ、ふたりでゲームはじめちゃっ<6E5C>た.あのレオナを巻き込むなんて、<6E5C>おそるべしクーラ……,"(아, 둘이서 게임을 시작해<6E5C>버렸네. 그 레오나를 끌어들이<6E5C>다니, 역시 쿨라……","(아, 둘이서 게임을 시작해<6E5C>버렸네. 그 레오나를 끌어들이<6E5C>다니, 역시 쿨라……"
dom1Kula_L04.mes,Script/dom1Kula_L04.mes,39,28,[효과음/내레이션],ひょっとしてあいつ、ひとりでさみ<6E5C>しかったのかな……),"혹시 걔, 혼자서 외로<6E5C>웠던 걸까……)","혹시 걔, 혼자서 외로<6E5C>웠던 걸까……)"
dom1Kula_L05.mes,Script/dom1Kula_L05.mes,0,5,주인공,げ、海堂,윽카이도,윽카이도
dom1Kula_L05.mes,Script/dom1Kula_L05.mes,1,23,Kaidou,あぁ?いきなり現れて失礼なヤツ<6E5C>だなテメェは,"뭐야, 느닷없이 나타난 무례한 놈<6E5C>이네","뭐야, 느닷없이 나타난 무례한 놈<6E5C>이네"
dom1Kula_L05.mes,Script/dom1Kula_L05.mes,2,13,주인공,じゃあ、帰るとするか……,그럼 그만 돌아갈까……,그럼 그만 돌아갈까……
dom1Kula_L05.mes,Script/dom1Kula_L05.mes,3,5,UNKNOWN_1c,ア、<이름:3232>,아 <이름:3232>,아 <이름:3232>
dom1Kula_L05.mes,Script/dom1Kula_L05.mes,4,10,주인공,クーラもいたのか!,쿨라도 있었구나!,쿨라도 있었구나!
dom1Kula_L05.mes,Script/dom1Kula_L05.mes,5,24,Kaidou,なんだよ、とたんに笑顔になり<6E5C>やがって、コイツ,"뭐야, 갑자기 웃는 얼굴이<6E5C>되고, 이 자식","뭐야, 갑자기 웃는 얼굴이<6E5C>되고, 이 자식"
dom1Kula_L05.mes,Script/dom1Kula_L05.mes,6,26,주인공,(そりゃおまえと会話してるよりは<6E5C>笑顔になるだろ),(그야 너랑 얘기하는 것보다<6E5C>웃는 게 낫지),(그야 너랑 얘기하는 것보다<6E5C>웃는 게 낫지)
dom1Kula_L05.mes,Script/dom1Kula_L05.mes,7,14,Kula,<이름:3232>の学校も今日が終業式?,<이름:3232>네 학교도 종업식?,<이름:3232>네 학교도 종업식?
dom1Kula_L05.mes,Script/dom1Kula_L05.mes,8,27,주인공,あぁ.終業式だからクーラ、<6E5C>うれしそうにしてるのか?,아. 종업식이라서 쿨라가<6E5C>기뻐 보이는 거야?,아. 종업식이라서 쿨라가<6E5C>기뻐 보이는 거야?
dom1Kula_L05.mes,Script/dom1Kula_L05.mes,9,22,Kula,そーだよ!学校なんか、<6E5C>ダイキライだもん!,그렇지! 학교 같은 거<6E5C>진짜 싫어!,그렇지! 학교 같은 거<6E5C>진짜 싫어!
dom1Kula_L05.mes,Script/dom1Kula_L05.mes,10,13,주인공,(どーしたもんだか……),(어떡해야 하나……),(어떡해야 하나……)
dom1Kula_L05.mes,Script/dom1Kula_L05.mes,11,25,Kula,じゃー、これから3人でどっか<6E5C>あそびにイコーよ!,"그럼, 이제 셋이서 어디<6E5C>놀러 가자!","그럼, 이제 셋이서 어디<6E5C>놀러 가자!"
dom1Kula_L05.mes,Script/dom1Kula_L05.mes,12,8,Kaidou,げぇ、3人で?,우엑 셋이서?,우엑 셋이서?
dom1Kula_L05.mes,Script/dom1Kula_L05.mes,13,22,주인공,まぁ、クーラが喜ぶならそれでいい<6E5C>けど……,"뭐, 쿨라가 좋다면 그걸로<6E5C>됐지만……","뭐, 쿨라가 좋다면 그걸로<6E5C>됐지만……"
dom1Kula_L05.mes,Script/dom1Kula_L05.mes,14,13,Kula,決まり!ネェ、ドコいく?,결정!근데 어디 갈까?,결정!근데 어디 갈까?
dom1Kula_L05.mes,Script/dom1Kula_L05.mes,15,17,[선택지],カラオケに行こう甘いもの食べようか,카라오케 가자단 거 먹을까,카라오케 가자\단 거 먹을까
dom1Kula_L05.mes,Script/dom1Kula_L05.mes,16,14,주인공,じゃあ、カラオケに行こうか,"그럼, 카라오케에 가자","그럼, 카라오케에 가자"
dom1Kula_L05.mes,Script/dom1Kula_L05.mes,17,23,Kula,エ~.ヒトが多いトコキラーイ!<6E5C>つまんない!,엥. 사람 많은 데 싫어!<6E5C>재미없어!,엥. 사람 많은 데 싫어!<6E5C>재미없어!
dom1Kula_L05.mes,Script/dom1Kula_L05.mes,18,17,Kaidou,ハッ.しょうもねぇヤツだなテメェ,"흥. 한심한 놈이네, 너는","흥. 한심한 놈이네, 너는"
dom1Kula_L05.mes,Script/dom1Kula_L05.mes,19,24,주인공,(えぇ~?じゃあどこなら気に入<6E5C>るんだよぉ~),(에? 그럼 어디면 맘에<6E5C>드는데……),(에? 그럼 어디면 맘에<6E5C>드는데……)
dom1Kula_L05.mes,Script/dom1Kula_L05.mes,20,17,주인공,じゃ、何か甘いものでも食べようか,"그럼, 뭔가 단 거라도 먹을까","그럼, 뭔가 단 거라도 먹을까"
dom1Kula_L05.mes,Script/dom1Kula_L05.mes,21,26,Kula,食べる食べる!甘いものダイスキ!<6E5C><이름:3232>のおごりね!,먹을래! 단 거 완전 좋아!<6E5C><이름:3232>가 사는거다!,먹을래! 단 거 완전 좋아!<6E5C><이름:3232>가 사는거다!
dom1Kula_L05.mes,Script/dom1Kula_L05.mes,22,9,주인공,え?あ、うん……,어? 아 응……,어? 아 응……
dom1Kula_L05.mes,Script/dom1Kula_L05.mes,23,10,Kaidou,恩にきるぜ、<이름:3131>!,"고맙다, <이름:3131>!","고맙다, <이름:3131>!"
dom1Kula_L05.mes,Script/dom1Kula_L05.mes,24,25,주인공,なんでおまえのまでおごらないとい<6E5C>けないんだよ!,왜 네 것까지 사줘야<6E5C>하는 건데!,왜 네 것까지 사줘야<6E5C>하는 건데!
dom1Kula_L05.mes,Script/dom1Kula_L05.mes,25,6,[효과음/내레이션],♪。♪。♪,♪.♪.♪,♪.♪.♪
dom1Kula_L05.mes,Script/dom1Kula_L05.mes,26,8,주인공,ん?ケータイ?,응? 핸드폰?,응? 핸드폰?
dom1Kula_L05.mes,Script/dom1Kula_L05.mes,27,17,Kula,あ、クーラのだ.ちょっと待ってね,"아, 쿨라 거다. 잠깐 기다려","아, 쿨라 거다. 잠깐 기다려"
dom1Kula_L05.mes,Script/dom1Kula_L05.mes,28,3,[효과음/내레이션],ピッ,삐빅,삐빅
dom1Kula_L05.mes,Script/dom1Kula_L05.mes,29,24,[효과음/내레이션],コラ、クーラ!いったいどこで<6E5C>遊んでるのッ!!,"이놈, 쿨라! 대체 어디서<6E5C>놀고 있어!!","이놈, 쿨라! 대체 어디서<6E5C>놀고 있어!!"
dom1Kula_L05.mes,Script/dom1Kula_L05.mes,30,7,Kaidou,な、なんだ?,"뭐, 뭐야?","뭐, 뭐야?"
dom1Kula_L05.mes,Script/dom1Kula_L05.mes,31,8,주인공,すげーデカイ声,엄청 큰목소리,엄청 큰목소리
dom1Kula_L05.mes,Script/dom1Kula_L05.mes,32,4,Kula,ママ!,엄마!,엄마!
dom1Kula_L05.mes,Script/dom1Kula_L05.mes,33,32,UNKNOWN_24,またいつものゲームセンターね?<6E5C>迎えに行くから、待ってなさい!,또 맨날 그 오락실이지?<6E5C>데리러 갈 테니까 기다려!,또 맨날 그 오락실이지?<6E5C>데리러 갈 테니까 기다려!
dom1Kula_L05.mes,Script/dom1Kula_L05.mes,34,9,[효과음/내레이션],プッ<020A>ツー<020A>ツー,뚝<020A>뚜<020A>뚜,뚝<020A>뚜<020A>뚜
dom1Kula_L05.mes,Script/dom1Kula_L05.mes,35,11,주인공,ママが迎えにって……,엄마가 데리러……,엄마가 데리러……
dom1Kula_L05.mes,Script/dom1Kula_L05.mes,36,21,Kula,……逃げなきゃ!狂也、<이름:3232>、<6E5C>バイバイ!,"……도망가야! 쿄야,<이름:3232>,<6E5C>바이바이!","……도망가야! 쿄야,<이름:3232>,<6E5C>바이바이!"
dom1Kula_L05.mes,Script/dom1Kula_L05.mes,37,7,주인공,え、ちょっと,"어, 잠깐","어, 잠깐"
dom1Kula_L05.mes,Script/dom1Kula_L05.mes,38,5,Kaidou,待てよ!,기다려!,기다려!
dom1Kula_L05.mes,Script/dom1Kula_L05.mes,39,35,주인공,(……行っちゃった.<6E5C>いったいクーラの家族って、<6E5C>どーなってんだ?),(……가버렸네.<6E5C>대체 쿨라네 가족은<6E5C>어떻게 된 거야?),(……가버렸네.<6E5C>대체 쿨라네 가족은<6E5C>어떻게 된 거야?)
dom1Kula_L06.mes,Script/dom1Kula_L06.mes,0,24,주인공,あ、クーラ!?なんでこんなとこ<6E5C>ろにいるんだ?,"아, 쿨라!?<6E5C>왜 여기 있는 거야?","아, 쿨라!?<6E5C>왜 여기 있는 거야?"
dom1Kula_L06.mes,Script/dom1Kula_L06.mes,1,15,Kula,べつにいーでしょ.ナニか用?,딱히 상관없잖아 뭔 용건?,딱히 상관없잖아 뭔 용건?
dom1Kula_L06.mes,Script/dom1Kula_L06.mes,2,16,[선택지],花火大会に誘う花火大会に誘わない,초대하기초대안하기,초대하기\초대안하기
dom1Kula_L06.mes,Script/dom1Kula_L06.mes,3,23,주인공,あのさ、今日、花火大会があるって<6E5C>知ってる?,"있잖아, 오늘 불꽃놀이 있는 거<6E5C>알아?","있잖아, 오늘 불꽃놀이 있는 거<6E5C>알아?"
dom1Kula_L06.mes,Script/dom1Kula_L06.mes,4,3,Kula,うん,응,응
dom1Kula_L06.mes,Script/dom1Kula_L06.mes,5,22,주인공,もし、誰とも見る約束してないなら<6E5C>俺と……,혹시 아무하고도 약속 안했으면<6E5C>나랑……,혹시 아무하고도 약속 안했으면<6E5C>나랑……
dom1Kula_L06.mes,Script/dom1Kula_L06.mes,6,13,UNKNOWN_1a,オレ様と約束してんだよ~,이 몸이랑 약속했다고,이 몸이랑 약속했다고
dom1Kula_L06.mes,Script/dom1Kula_L06.mes,7,5,주인공,げ、海堂,윽카이도,윽카이도
dom1Kula_L06.mes,Script/dom1Kula_L06.mes,8,13,Kaidou,邪魔者はとっとと消えろよ,방해꾼은 냉큼 꺼져,방해꾼은 냉큼 꺼져
dom1Kula_L06.mes,Script/dom1Kula_L06.mes,9,14,Kula,いーじゃん.3人で見ようよ,괜찮잖아. 셋이 보자,괜찮잖아. 셋이 보자
dom1Kula_L06.mes,Script/dom1Kula_L06.mes,10,5,Kaidou,えぇ~?,에엑?,에엑?
dom1Kula_L06.mes,Script/dom1Kula_L06.mes,11,20,Kula,花火なんて、クーラもともと興味な<6E5C>いし,불꽃놀이 같은 거 쿨라는<6E5C>관심 없고,불꽃놀이 같은 거 쿨라는<6E5C>관심 없고
dom1Kula_L06.mes,Script/dom1Kula_L06.mes,12,9,주인공,花火、嫌いなの?,불꽃놀이싫어해?,불꽃놀이싫어해?
dom1Kula_L06.mes,Script/dom1Kula_L06.mes,13,16,Kaidou,クーラは人込みが嫌いなんだよな,쿨라는 사람 많은 데 싫어해,쿨라는 사람 많은 데 싫어해
dom1Kula_L06.mes,Script/dom1Kula_L06.mes,14,13,Kula,火も人込みもダイキライ!,불도 인파도 싫어!,불도 인파도 싫어!
dom1Kula_L06.mes,Script/dom1Kula_L06.mes,15,7,주인공,そっかぁ……,그렇구나……,그렇구나……
dom1Kula_L06.mes,Script/dom1Kula_L06.mes,16,24,[선택지],人の少ないところで見ようでも、近い方がキレイだぜ,사람 적은 데서 보자그래도 가까운 게 예뻐,사람 적은 데서 보자\그래도 가까운 게 예뻐
dom1Kula_L06.mes,Script/dom1Kula_L06.mes,17,16,주인공,じゃ、人の少ないところで見よう,"그럼, 사람 적은 데서 보자","그럼, 사람 적은 데서 보자"
dom1Kula_L06.mes,Script/dom1Kula_L06.mes,18,10,Kula,そんなトコあるの?,그런 데가 있어?,그런 데가 있어?
dom1Kula_L06.mes,Script/dom1Kula_L06.mes,19,8,주인공,あるよ.探せば,있어. 찾으면,있어. 찾으면
dom1Kula_L06.mes,Script/dom1Kula_L06.mes,20,7,Kula,じゃーイクー,그럼 가자,그럼 가자
dom1Kula_L06.mes,Script/dom1Kula_L06.mes,21,13,주인공,でも、近い方がキレイだぜ,"근데, 가까운 게 예뻐","근데, 가까운 게 예뻐"
dom1Kula_L06.mes,Script/dom1Kula_L06.mes,22,17,Kula,エー.ウルサイのも暑いのもヤダー,"에, 시끄럽고 더운 것도 싫어","에, 시끄럽고 더운 것도 싫어"
dom1Kula_L06.mes,Script/dom1Kula_L06.mes,23,5,주인공,でも……,근데……,근데……
dom1Kula_L06.mes,Script/dom1Kula_L06.mes,24,37,Kaidou,うるせぇなぁ、クーラが嫌いって言<6E5C>ってんだからしかたねーだろ!<6E5C>行くぞ!,"시끄럽네, 쿨라가 싫다고<6E5C>말했으니까 어쩔 수 없잖아!<6E5C>가자!","시끄럽네, 쿨라가 싫다고<6E5C>말했으니까 어쩔 수 없잖아!<6E5C>가자!"
dom1Kula_L06.mes,Script/dom1Kula_L06.mes,25,24,주인공,クーラはこういうところに興味ない<6E5C>と思ってたよ,쿨라는 이런 데 관심 없을<6E5C>줄 알았어,쿨라는 이런 데 관심 없을<6E5C>줄 알았어
dom1Kula_L06.mes,Script/dom1Kula_L06.mes,26,15,Kula,そんなのクーラの勝手でしょ?,그런 건 쿨라 맘이잖아?,그런 건 쿨라 맘이잖아?
dom1Kula_L06.mes,Script/dom1Kula_L06.mes,27,13,주인공,(トゲのある言い方……),(가시 있는말투네……),(가시 있는말투네……)
dom1Kula_L06.mes,Script/dom1Kula_L06.mes,28,5,주인공,じゃあな,그럼간다,그럼간다
dom1Kula_L06.mes,Script/dom1Kula_L06.mes,29,17,주인공,(ユリさんは稽古中なのかな……),(유리 씨는 수련 중인가……),(유리 씨는 수련 중인가……)
dom1Kula_L06_2.mes,Script/dom1Kula_L06_2.mes,0,7,[효과음/내레이션],ざわざわ……,웅성웅성……,웅성웅성……
dom1Kula_L06_2.mes,Script/dom1Kula_L06_2.mes,1,15,주인공,うわー、やっぱりすごい人だな,우와 역시 사람 엄청 많네,우와 역시 사람 엄청 많네
dom1Kula_L06_2.mes,Script/dom1Kula_L06_2.mes,2,30,Kaidou,離れたトコでもこれじゃ、人気のな<6E5C>いトコで見るのは無理だぞ,"떨어진 데도 이래도, 인적<6E5C>없는 데서 보는 건 무리야","떨어진 데도 이래도, 인적<6E5C>없는 데서 보는 건 무리야"
dom1Kula_L06_2.mes,Script/dom1Kula_L06_2.mes,3,13,Kula,エー.じゃークーラ帰るー,에. 그럼 쿨라 갈래,에. 그럼 쿨라 갈래
dom1Kula_L06_2.mes,Script/dom1Kula_L06_2.mes,4,8,주인공,そ、そんな……,"그, 그런……","그, 그런……"
dom1Kula_L06_2.mes,Script/dom1Kula_L06_2.mes,5,3,Kula,!!,!!,!!
dom1Kula_L06_2.mes,Script/dom1Kula_L06_2.mes,6,11,Kaidou,ん?どーした、クーラ,응? 왜 그래 쿨라,응? 왜 그래 쿨라
dom1Kula_L06_2.mes,Script/dom1Kula_L06_2.mes,7,8,Kula,お兄ちゃん!!,오빠!!,오빠!!
dom1Kula_L06_2.mes,Script/dom1Kula_L06_2.mes,8,3,UNKNOWN_12,え?,어?,어?
dom1Kula_L06_2.mes,Script/dom1Kula_L06_2.mes,9,7,[효과음/내레이션],ダダダダ……,다다다다……,다다다다……
dom1Kula_L06_2.mes,Script/dom1Kula_L06_2.mes,10,8,Kaidou,おい、クーラ!,"야, 쿨라!","야, 쿨라!"
dom1Kula_L06_2.mes,Script/dom1Kula_L06_2.mes,11,33,주인공,……あっという間に行っちゃった.<6E5C>クーラのお兄ちゃんって、何者?,……순식간에 가버렸네.<6E5C>쿨라 오빠는 대체 누구지?,……순식간에 가버렸네.<6E5C>쿨라 오빠는 대체 누구지?
dom1Kula_L06_2.mes,Script/dom1Kula_L06_2.mes,12,27,Kaidou,……ああ、大好きな兄貴が家出した<6E5C>って言ってたな、昔,"……아, 좋아하던 형이<6E5C>가출했다고 했지, 예전에","……아, 좋아하던 형이<6E5C>가출했다고 했지, 예전에"
dom1Kula_L06_2.mes,Script/dom1Kula_L06_2.mes,13,24,주인공,そうか.それでいつも寂しそうにし<6E5C>てるのか……,그렇구나. 항상 외로워<6E5C>보였던 거구나……,그렇구나. 항상 외로워<6E5C>보였던 거구나……
dom1Kula_L06_2.mes,Script/dom1Kula_L06_2.mes,14,28,Kaidou,……まぁ、オレ達はその兄貴の代わ<6E5C>りなのかもしれねーな,"……뭐, 우리가 그 형 대신<6E5C>일지도 모르겠네","……뭐, 우리가 그 형 대신<6E5C>일지도 모르겠네"
dom1Kula_L06_2.mes,Script/dom1Kula_L06_2.mes,15,5,주인공,…………,……,……
dom1Kula_L07.mes,Script/dom1Kula_L07.mes,0,21,주인공,あー、やっぱり都会とは空気が<6E5C>違うよなー,"아, 역시 도시랑은 공기가<6E5C>다르네","아, 역시 도시랑은 공기가<6E5C>다르네"
dom1Kula_L07.mes,Script/dom1Kula_L07.mes,1,3,UNKNOWN_28,<이름:3232>,<이름:3232>,<이름:3232>
dom1Kula_L07.mes,Script/dom1Kula_L07.mes,2,8,Kula,足、つかれたよ,"다리, 피곤해","다리, 피곤해"
dom1Kula_L07.mes,Script/dom1Kula_L07.mes,3,22,주인공,ごめんごめん.<6E5C>じゃ、どっかで休憩しようか,"미안 미안.<6E5C>그럼, 어디서 좀 쉬자","미안 미안.<6E5C>그럼, 어디서 좀 쉬자"
dom1Kula_L07.mes,Script/dom1Kula_L07.mes,4,4,Kula,うん!,응!,응!
dom1Kula_L07.mes,Script/dom1Kula_L07.mes,5,39,주인공,でも……ほんとうにクーラが来てく<6E5C>れてうれしいよ.来てくれないかと<6E5C>思ってた,그래도……정말 쿨라가 와줘서<6E5C>기뻐. 안 올까 봐<6E5C>생각했었어,그래도……정말 쿨라가 와줘서<6E5C>기뻐. 안 올까 봐<6E5C>생각했었어
dom1Kula_L07.mes,Script/dom1Kula_L07.mes,6,6,Kula,どうして?,왜?,왜?
dom1Kula_L07.mes,Script/dom1Kula_L07.mes,7,19,주인공,(電話の声がほとんど<6E5C>寝ぼけてたし),(전화 목소리가<6E5C>거의 잠결이었고),(전화 목소리가<6E5C>거의 잠결이었고)
dom1Kula_L07.mes,Script/dom1Kula_L07.mes,8,13,Kula,クーラ、おなかもすいたぁ,"쿨라, 배도 고파","쿨라, 배도 고파"
dom1Kula_L07.mes,Script/dom1Kula_L07.mes,9,17,주인공,そうだな、じゃあ甘いもの食べよう,"그래, 그럼 단 거 먹자","그래, 그럼 단 거 먹자"
dom1Kula_L07.mes,Script/dom1Kula_L07.mes,10,11,Kula,うん!ナニ食べるの?,응! 뭐 먹을거야?,응! 뭐 먹을거야?
dom1Kula_L07.mes,Script/dom1Kula_L07.mes,11,14,[선택지],いちごのシャーベットあんみつ,딸기 셔벗안미츠,딸기 셔벗\안미츠
dom1Kula_L07.mes,Script/dom1Kula_L07.mes,12,16,주인공,いちごのシャーベットにしようか,딸기 셔벗으로 할까,딸기 셔벗으로 할까
dom1Kula_L07.mes,Script/dom1Kula_L07.mes,13,10,Kula,ワーイ!ダイスキ!,야호! 완전좋아!,야호! 완전좋아!
dom1Kula_L07.mes,Script/dom1Kula_L07.mes,14,30,주인공,よかった.来てくれたんだから、<6E5C>遠慮せずにいっぱい食べろよ,다행이다. 와줬으니까<6E5C>사양 말고 많이 먹어,다행이다. 와줬으니까<6E5C>사양 말고 많이 먹어
dom1Kula_L07.mes,Script/dom1Kula_L07.mes,15,12,Kula,うん!イッパイ食べる!,응! 잔뜩 먹을래!,응! 잔뜩 먹을래!
dom1Kula_L07.mes,Script/dom1Kula_L07.mes,16,10,주인공,あんみつにしようか,안미츠로 할까,안미츠로 할까
dom1Kula_L07.mes,Script/dom1Kula_L07.mes,17,11,Kula,うん、それでもいーよ,"응, 그것도 좋아","응, 그것도 좋아"
dom1Kula_L07.mes,Script/dom1Kula_L07.mes,18,21,주인공,来てくれたんだから、何でも頼んで<6E5C>いいよ,"와줬으니까, 뭐든지<6E5C>시켜도 돼","와줬으니까, 뭐든지<6E5C>시켜도 돼"
dom1Kula_L07.mes,Script/dom1Kula_L07.mes,19,15,Kula,あとでキャンディーも買ってね,나중에 사탕도 사줘,나중에 사탕도 사줘
dom1Kula_L07.mes,Script/dom1Kula_L07.mes,20,4,UNKNOWN_1a,<이름:3131>~,<이름:3131>!,<이름:3131>!
dom1Kula_L07.mes,Script/dom1Kula_L07.mes,21,9,주인공,こ、この声は……,이 이 목소리?,이 이 목소리?
dom1Kula_L07.mes,Script/dom1Kula_L07.mes,22,31,Kaidou,テメェ、こんなトコにクーラを連れ<6E5C>だしてナニやってんだぁ~?,"너, 이런 데 쿨라를 데리고<6E5C>와서 뭐 하는 거야?","너, 이런 데 쿨라를 데리고<6E5C>와서 뭐 하는 거야?"
dom1Kula_L07.mes,Script/dom1Kula_L07.mes,23,13,주인공,なんでおまえがここに……,왜 네가 여기……,왜 네가 여기……
dom1Kula_L07.mes,Script/dom1Kula_L07.mes,24,35,Kula,ア、クーラが教えたの.<6E5C><이름:3232>に誘われたから、<6E5C>泊まりで遊びに行くって,"아, 쿨라가 알려줬어.<6E5C><이름:3232>가 초대해서<6E5C>자고 오며 놀러 간다고","아, 쿨라가 알려줬어.<6E5C><이름:3232>가 초대해서<6E5C>자고 오며 놀러 간다고"
dom1Kula_L07.mes,Script/dom1Kula_L07.mes,25,9,주인공,なんてことを……,무슨 짓을……,무슨 짓을……
dom1Kula_L07.mes,Script/dom1Kula_L07.mes,26,28,Kaidou,テメェだけじゃ不安だから、<6E5C>オレが監視役でついててやる,"너 혼자면 불안하니까,<6E5C>내가 감시역으로 붙어줄게","너 혼자면 불안하니까,<6E5C>내가 감시역으로 붙어줄게"
dom1Kula_L07.mes,Script/dom1Kula_L07.mes,27,10,주인공,よけーなお世話だ!,쓸데없는참견이야!,쓸데없는참견이야!
dom1Kula_L07.mes,Script/dom1Kula_L07.mes,28,42,Kula,いーじゃん.きっと3人の方が楽し<6E5C>いよ.明日は海に入るんでしょ?<6E5C>3人であそぼーよ,괜찮잖아. 분명 셋이 더 재밌<6E5C>을 거야. 내일은 바다 들어가지?<6E5C>셋이 놀자,괜찮잖아. 분명 셋이 더 재밌<6E5C>을 거야. 내일은 바다 들어가지?<6E5C>셋이 놀자
dom1Kula_L07.mes,Script/dom1Kula_L07.mes,29,30,Kaidou,ま、そういうことだ<이름:3131>.帰るまで<6E5C>3人で仲良くしようぜぇ~,뭐 그런 거다<이름:3131>.돌아갈 때까지<6E5C>셋이 사이좋게 지내자,뭐 그런 거다<이름:3131>.돌아갈 때까지<6E5C>셋이 사이좋게 지내자
dom1Kula_L07.mes,Script/dom1Kula_L07.mes,30,25,주인공,(せ、せっかくふたりっきりだと<6E5C>思ったのに……),"(모, 모처럼 단둘이라고<6E5C>생각했는데……)","(모, 모처럼 단둘이라고<6E5C>생각했는데……)"
dom1Kula_L08.mes,Script/dom1Kula_L08.mes,0,43,주인공,(海だ…….海堂もいるのは不服だ<6E5C>が、クーラと遊べるんだ、ここは<6E5C>ガマンしよう……),(바다다……. 카이도도 있어 불만이지만<6E5C>쿠라랑 노니까 참자……),(바다다……. 카이도도 있어 불만이지만<6E5C>쿠라랑 노니까 참자……)
dom1Kula_L08.mes,Script/dom1Kula_L08.mes,1,16,Kula,冷たくてキモチイイーよ、<이름:3232>!,"차갑고 기분 좋아, <이름:3232>!","차갑고 기분 좋아, <이름:3232>!"
dom1Kula_L08.mes,Script/dom1Kula_L08.mes,2,17,주인공,クーラ……その手に持ってる棒は?,쿠라…… 손에 든 막대기뭐야?,쿠라…… 손에 든 막대기뭐야?
dom1Kula_L08.mes,Script/dom1Kula_L08.mes,3,27,Kula,海に来たらスイカ割りにきまってる<6E5C>じゃん!やるよー!,바다에 왔으면 수박 깨기지<6E5C>! 할 거야!,바다에 왔으면 수박 깨기지<6E5C>! 할 거야!
dom1Kula_L08.mes,Script/dom1Kula_L08.mes,4,11,주인공,ちょ、ちょっと待……,"자, 잠깐만……","자, 잠깐만……"
dom1Kula_L08.mes,Script/dom1Kula_L08.mes,5,5,[효과음/내레이션],ボカン!,퍽!,퍽!
dom1Kula_L08.mes,Script/dom1Kula_L08.mes,6,8,UNKNOWN_1a,イッテーーー!,아야아앗!,아야아앗!
dom1Kula_L08.mes,Script/dom1Kula_L08.mes,7,6,주인공,あ……海堂,아…카이도,아…카이도
dom1Kula_L08.mes,Script/dom1Kula_L08.mes,8,20,Kaidou,クーラ!オレの頭はスイカじゃ<6E5C>ねーぞ!,쿠라! 내 머리는 수박이<6E5C>아니라고!,쿠라! 내 머리는 수박이<6E5C>아니라고!
dom1Kula_L08.mes,Script/dom1Kula_L08.mes,9,10,Kula,逃げちゃダメだよ~,도망치면 안 돼,도망치면 안 돼
dom1Kula_L08.mes,Script/dom1Kula_L08.mes,10,11,주인공,わー、こっちに来る!,왓 이쪽으로 온다!,왓 이쪽으로 온다!
dom1Kula_L08.mes,Script/dom1Kula_L08.mes,11,15,[선택지],一目さんに逃げる果敢に付き合う,일단 도망친다용감히 맞선다,일단 도망친다\용감히 맞선다
dom1Kula_L08.mes,Script/dom1Kula_L08.mes,12,20,Kaidou,テメェ!逃げるなんて男らしく<6E5C>ねーぞ!,네 이놈! 도망치다니사내답지<6E5C>못해!,네 이놈! 도망치다니사내답지<6E5C>못해!
dom1Kula_L08.mes,Script/dom1Kula_L08.mes,13,20,Kula,逃げちゃダメって言ってるのに、<6E5C><이름:3232>!,"도망치면 안 된다고 했잖아,<6E5C><이름:3232>!","도망치면 안 된다고 했잖아,<6E5C><이름:3232>!"
dom1Kula_L08.mes,Script/dom1Kula_L08.mes,14,32,주인공,だって、あきらかにそれスイカ割り<6E5C>じゃないだろ!狙ってるだろ!,"아니, 저거 딱 봐도 수박 깨기<6E5C>아니잖아! 나 노리잖아!","아니, 저거 딱 봐도 수박 깨기<6E5C>아니잖아! 나 노리잖아!"
dom1Kula_L08.mes,Script/dom1Kula_L08.mes,15,20,Kula,モー、<이름:3232>いくじなし.<6E5C>つまんなーい!,"정말, <이름:3232> 겁쟁이.<6E5C>재미없어!","정말, <이름:3232> 겁쟁이.<6E5C>재미없어!"
dom1Kula_L08.mes,Script/dom1Kula_L08.mes,16,14,주인공,よ、よーしクーラ、右だ右!,"좋아 쿠라, 오른쪽!","좋아 쿠라, 오른쪽!"
dom1Kula_L08.mes,Script/dom1Kula_L08.mes,17,4,[효과음/내레이션],ブン!,붕!,붕!
dom1Kula_L08.mes,Script/dom1Kula_L08.mes,18,8,주인공,もっと前だ前!,더 앞이야앞!,더 앞이야앞!
dom1Kula_L08.mes,Script/dom1Kula_L08.mes,19,8,[효과음/내레이션],ブン!<020A>ブン!,붕!<020A>붕!,붕!<020A>붕!
dom1Kula_L08.mes,Script/dom1Kula_L08.mes,20,11,Kula,アーン、あたんない~,"으앙, 안 맞잖아","으앙, 안 맞잖아"
dom1Kula_L08.mes,Script/dom1Kula_L08.mes,21,5,[효과음/내레이션],ゴチン!,퍽!,퍽!
dom1Kula_L08.mes,Script/dom1Kula_L08.mes,22,13,Kaidou,イッテー!またオレかよ!,아야! 또 나냐!,아야! 또 나냐!
dom1Kula_L08.mes,Script/dom1Kula_L08.mes,23,20,주인공,(クーラと遊ぶのは、命がけだ<6E5C>な……),(쿠라랑 놀려면 목숨걸어야<6E5C>겠어…),(쿠라랑 놀려면 목숨걸어야<6E5C>겠어…)
dom1Kula_L08.mes,Script/dom1Kula_L08.mes,24,31,Kula,<이름:3232>も狂也も、お兄ちゃん<6E5C>みたいに強くないと<6E5C>面白くないよ!,"<이름:3232>도 쿄야도, 오빠처럼<6E5C>강하지 않으면<6E5C>재미없어!","<이름:3232>도 쿄야도, 오빠처럼<6E5C>강하지 않으면<6E5C>재미없어!"
dom1Kula_L08.mes,Script/dom1Kula_L08.mes,25,21,주인공,……クーラのお兄ちゃんって、<6E5C>強いのか?,……쿠라 오빠는<6E5C>강해?,……쿠라 오빠는<6E5C>강해?
dom1Kula_L08.mes,Script/dom1Kula_L08.mes,26,22,Kula,すっごく強いよ!<6E5C>誰にも負けないんだから!,엄청 강해!<6E5C>아무한테도 안 져!,엄청 강해!<6E5C>아무한테도 안 져!
dom1Kula_L08.mes,Script/dom1Kula_L08.mes,27,20,주인공,(すごいブラコンなんだな、<6E5C>クーラは),(쿠라는 정말<6E5C>오빠밖에 모르는구나),(쿠라는 정말<6E5C>오빠밖에 모르는구나)
dom1Kula_L08.mes,Script/dom1Kula_L08.mes,28,5,[효과음/내레이션],ゴチン!,퍽!,퍽!
dom1Kula_L08.mes,Script/dom1Kula_L08.mes,29,6,주인공,いってぇ!,아야!,아야!
dom1Kula_L08.mes,Script/dom1Kula_L08.mes,30,20,Kula,キャハハハ!!<6E5C>やっと<이름:3232>に当たった!,꺄하하하!!<6E5C>드디어 <이름:3232>한테맞았다!,꺄하하하!!<6E5C>드디어 <이름:3232>한테맞았다!
dom1Kula_L08.mes,Script/dom1Kula_L08.mes,31,31,주인공,(うう…….痛いけど、クーラが楽<6E5C>しそうだから、まぁいいか),(으윽…… 아프지만 쿠라가 즐거워<6E5C>보이니까 뭐 괜찮나),(으윽…… 아프지만 쿠라가 즐거워<6E5C>보이니까 뭐 괜찮나)
dom1Kula_L09.mes,Script/dom1Kula_L09.mes,0,7,주인공,あ、クーラ!,"아, 쿠라!","아, 쿠라!"
dom1Kula_L09.mes,Script/dom1Kula_L09.mes,1,16,Kula,<이름:3232>.どうしたの?<6E5C>うれしそう,<이름:3232> 무슨 일?<6E5C>좋아 보이네,<이름:3232> 무슨 일?<6E5C>좋아 보이네
dom1Kula_L09.mes,Script/dom1Kula_L09.mes,2,12,주인공,今日、俺の誕生日なんだ,"오늘, 내 생일이거든","오늘, 내 생일이거든"
dom1Kula_L09.mes,Script/dom1Kula_L09.mes,3,4,Kula,フーン,흐응,흐응
dom1Kula_L09.mes,Script/dom1Kula_L09.mes,4,8,주인공,フーンって……,흐응이라니……,흐응이라니……
dom1Kula_L09.mes,Script/dom1Kula_L09.mes,5,23,주인공,(俺の誕生日なんてどうでもいいの<6E5C>かな……),(내 생일 같은 건아무래도<6E5C>상관없나……),(내 생일 같은 건아무래도<6E5C>상관없나……)
dom1Kula_L09.mes,Script/dom1Kula_L09.mes,6,19,[선택지],それでもクーラに祝ってもらうあきらめる,그래도 쿠라한테 축하받는다포기한다,그래도 쿠라한테 축하받는다\포기한다
dom1Kula_L09.mes,Script/dom1Kula_L09.mes,7,27,주인공,だから、なんでもいいから祝ってほ<6E5C>しいんだ、クーラに,그러니까 뭐든 좋으니까<6E5C>쿠라가 축하해 줬으면 해,그러니까 뭐든 좋으니까<6E5C>쿠라가 축하해 줬으면 해
dom1Kula_L09.mes,Script/dom1Kula_L09.mes,8,16,Kula,クーラのプレゼントが欲しいの?,쿠라 선물 받고 싶은 거야?,쿠라 선물 받고 싶은 거야?
dom1Kula_L09.mes,Script/dom1Kula_L09.mes,9,21,주인공,うん.クーラがくれるならなんでも<6E5C>いいし,응 쿠라가 주는 거라면 뭐든<6E5C>좋으니까,응 쿠라가 주는 거라면 뭐든<6E5C>좋으니까
dom1Kula_L09.mes,Script/dom1Kula_L09.mes,10,30,Kula,そっかぁ.じゃ、ゲームで何か取っ<6E5C>てあげるー.何がいーい?,그렇구나. 그럼 게임에서 뭔가<6E5C>따줄게. 뭐가 좋아?,그렇구나. 그럼 게임에서 뭔가<6E5C>따줄게. 뭐가 좋아?
dom1Kula_L09.mes,Script/dom1Kula_L09.mes,11,16,주인공,やった、サンキュ!えーっと……,"좋았어, 고마워! 음……","좋았어, 고마워! 음……"
dom1Kula_L09.mes,Script/dom1Kula_L09.mes,12,11,UNKNOWN_1a,オレ様を祝えーーー!,이 몸을축하해라앗!,이 몸을축하해라앗!
dom1Kula_L09.mes,Script/dom1Kula_L09.mes,13,6,주인공,か、海堂!,카카이도!,카카이도!
dom1Kula_L09.mes,Script/dom1Kula_L09.mes,14,31,Kaidou,ふざけんな!今日はオレ様の誕生<6E5C>日だぞ!オマエは出てくンな!,까불지 마! 오늘은 이 몸<6E5C>생일이라고! 넌 나오지 마!,까불지 마! 오늘은 이 몸<6E5C>생일이라고! 넌 나오지 마!
dom1Kula_L09.mes,Script/dom1Kula_L09.mes,15,13,주인공,げ、海堂と同じ誕生日……,헉 카이도랑 같은날……,헉 카이도랑 같은날……
dom1Kula_L09.mes,Script/dom1Kula_L09.mes,16,33,Kaidou,テメェなんかに、クーラから<6E5C>プレゼントをもらう資格<6E5C>ねーんだよ!,"네놈 따위한테, 쿠라한테<6E5C>선물 받을 자격<6E5C>같은 거 없다고!","네놈 따위한테, 쿠라한테<6E5C>선물 받을 자격<6E5C>같은 거 없다고!"
dom1Kula_L09.mes,Script/dom1Kula_L09.mes,17,22,주인공,そんなのおまえが決めること<6E5C>じゃねーだろ!,그런 건 네가 정할 일<6E5C>아니잖아!,그런 건 네가 정할 일<6E5C>아니잖아!
dom1Kula_L09.mes,Script/dom1Kula_L09.mes,18,14,Kaidou,上等だぁ、勝負するかぁ!?,좋다 이거지 승부할까!?,좋다 이거지 승부할까!?
dom1Kula_L09.mes,Script/dom1Kula_L09.mes,19,15,[선택지],ゲームで勝負するケンカで決める,게임으로 붙는다싸움한다,게임으로 붙는다\싸움한다
dom1Kula_L09.mes,Script/dom1Kula_L09.mes,20,21,주인공,よーし、じゃあ対戦ゲームで決めよ<6E5C>うぜ!,"좋아, 그럼 대전 게임으로 정하<6E5C>자!","좋아, 그럼 대전 게임으로 정하<6E5C>자!"
dom1Kula_L09.mes,Script/dom1Kula_L09.mes,21,23,Kaidou,おぅ!勝った方が、クーラから<6E5C>プレゼントな!,오! 이기는 쪽이 쿠라한테<6E5C>선물 받는다!,오! 이기는 쪽이 쿠라한테<6E5C>선물 받는다!
dom1Kula_L09.mes,Script/dom1Kula_L09.mes,22,4,주인공,ああ!,그래!,그래!
dom1Kula_L09.mes,Script/dom1Kula_L09.mes,23,10,[효과음/내레이션],go fight!,,파이트!
dom1Kula_L09.mes,Script/dom1Kula_L09.mes,24,6,Kaidou,オラオラ!,덤벼덤벼!,덤벼덤벼!
dom1Kula_L09.mes,Script/dom1Kula_L09.mes,25,6,주인공,くっそー!,젠장!,젠장!
dom1Kula_L09.mes,Script/dom1Kula_L09.mes,26,16,Kula,……バカみたい.クーラもう帰る,……바보 같아. 쿠라 갈래,……바보 같아. 쿠라 갈래
dom1Kula_L09.mes,Script/dom1Kula_L09.mes,27,12,UNKNOWN_12,ええ!?そ、そんな……,에엣!? 그 그런……,에엣!? 그 그런……
dom1Kula_L09.mes,Script/dom1Kula_L09.mes,28,24,주인공,よーし、おまえと真剣にやりあうの<6E5C>も久しぶりだ,"좋아, 너랑 진지하게 붙는 것도<6E5C>오랜만이네","좋아, 너랑 진지하게 붙는 것도<6E5C>오랜만이네"
dom1Kula_L09.mes,Script/dom1Kula_L09.mes,29,24,Kaidou,あぁ、2年前みたいに、負けたりし<6E5C>ねーからな!,"그래, 2년 전처럼 지지는<6E5C>않을 거다!","그래, 2년 전처럼 지지는<6E5C>않을 거다!"
dom1Kula_L09.mes,Script/dom1Kula_L09.mes,30,44,Kula,モォ、ウルサイ!そんなコトするん<6E5C>だったら、どっちにもプレゼント<6E5C>なんてあげないもん!,"정말, 시끄러워! 그런 짓 할<6E5C>거면, 둘 다 선물<6E5C>안 줄 거야!","정말, 시끄러워! 그런 짓 할<6E5C>거면, 둘 다 선물<6E5C>안 줄 거야!"
dom1Kula_L09.mes,Script/dom1Kula_L09.mes,31,8,UNKNOWN_12,そ、そんな……,"그, 그런……","그, 그런……"
dom1Kula_L09.mes,Script/dom1Kula_L09.mes,32,11,Kula,じゃーね、バイバイ!,"안녕, 바이바이!","안녕, 바이바이!"
dom1Kula_L09.mes,Script/dom1Kula_L09.mes,33,35,주인공,(しまった……せっかくクーラに<6E5C>祝ってもらうチャンスだったの<6E5C>に!),(아차……모처럼 쿠라한테<6E5C>축하받을 기회였는데<6E5C>!),(아차……모처럼 쿠라한테<6E5C>축하받을 기회였는데<6E5C>!)
dom1Kula_L09.mes,Script/dom1Kula_L09.mes,34,19,주인공,じゃ、じゃあいいや.<6E5C>またな、クーラ,"그, 그럼 됐어.<6E5C>또 보자, 쿠라","그, 그럼 됐어.<6E5C>또 보자, 쿠라"
dom1Kula_L09.mes,Script/dom1Kula_L09.mes,35,8,Kula,うん.バイバイ,응. 바이바이,응. 바이바이
dom1Kula_L10.mes,Script/dom1Kula_L10.mes,0,23,주인공,(夜風は気持ちいいな.さて、寝る<6E5C>とするか),"(밤바람이 시원하네. 자, 이제<6E5C>자볼까)","(밤바람이 시원하네. 자, 이제<6E5C>자볼까)"
dom1Kula_L10.mes,Script/dom1Kula_L10.mes,1,6,[효과음/내레이션],パッパー!,빠앙!,빠앙!
dom1Kula_L10.mes,Script/dom1Kula_L10.mes,2,27,주인공,うわっ!……あぶねぇ、なんだあ<6E5C>のバイク.暴走族か?,으악!……위험해 뭐야 저<6E5C>오토바이. 폭주족인가?,으악!……위험해 뭐야 저<6E5C>오토바이. 폭주족인가?
dom1Kula_L10.mes,Script/dom1Kula_L10.mes,3,5,[효과음/내레이션],キキィッ,끼이익,끼이익
dom1Kula_L10.mes,Script/dom1Kula_L10.mes,4,28,주인공,え、急ブレーキで止まった…….<6E5C>俺、なんかしたかな……,어 급브레이크로 멈췄어…….<6E5C>내가 뭐 잘못했나……,어 급브레이크로 멈췄어…….<6E5C>내가 뭐 잘못했나……
dom1Kula_L10.mes,Script/dom1Kula_L10.mes,5,4,UNKNOWN_1c,<이름:3232>!,<이름:3232>!,<이름:3232>!
dom1Kula_L10.mes,Script/dom1Kula_L10.mes,6,2,주인공,!,!,!
dom1Kula_L10.mes,Script/dom1Kula_L10.mes,7,6,주인공,クーラ!?,쿠라!?,쿠라!?
dom1Kula_L10.mes,Script/dom1Kula_L10.mes,8,19,Kula,<이름:3232>、フラフラ歩いてたら<6E5C>あぶないよ,"<이름:3232>, 비틀비틀 걸으면<6E5C>위험해","<이름:3232>, 비틀비틀 걸으면<6E5C>위험해"
dom1Kula_L10.mes,Script/dom1Kula_L10.mes,9,24,주인공,ど、どうしたんだよその格好!<6E5C>そのバイクも……,"그, 그 꼴은 뭐야!<6E5C>그 오토바이도……","그, 그 꼴은 뭐야!<6E5C>그 오토바이도……"
dom1Kula_L10.mes,Script/dom1Kula_L10.mes,10,14,Kula,お兄ちゃんがみつかったの!,오빠를 찾았어!,오빠를 찾았어!
dom1Kula_L10.mes,Script/dom1Kula_L10.mes,11,3,주인공,え?,어?,어?
dom1Kula_L10.mes,Script/dom1Kula_L10.mes,12,43,Kula,バイクで走ってるお兄ちゃんを、<6E5C>さっきやっと見つけたの.<6E5C>だから、クーラも家を出るよ,오토바이 타고 달리는 오빠를<6E5C>아까 겨우 찾았어.<6E5C>그래서 쿠라도 집 나갈 거야,오토바이 타고 달리는 오빠를<6E5C>아까 겨우 찾았어.<6E5C>그래서 쿠라도 집 나갈 거야
dom1Kula_L10.mes,Script/dom1Kula_L10.mes,13,4,주인공,は!?,뭐!?,뭐!?
dom1Kula_L10.mes,Script/dom1Kula_L10.mes,14,77,Kula,みつけて、会って、話したの.<6E5C>クーラもあんな家飛び出せって<6E5C>言われたから、<485C>ずっとお兄ちゃんのそばに<6E5C>いたいから、クーラも家出<6E5C>するんだ.じゃあね、<이름:3232>,"찾아서, 만나서, 얘기했어.<6E5C>쿠라도 그런 집 나오라고<6E5C>말해서,<485C>계속 오빠 곁에<6E5C>있고 싶으니까, 쿠라도 가출<6E5C>할 거야. 그럼 안녕, <이름:3232>","찾아서, 만나서, 얘기했어.<6E5C>쿠라도 그런 집 나오라고<6E5C>말해서,<485C>계속 오빠 곁에<6E5C>있고 싶으니까, 쿠라도 가출<6E5C>할 거야. 그럼 안녕, <이름:3232>"
dom1Kula_L10.mes,Script/dom1Kula_L10.mes,15,12,주인공,ちょ、ちょっと待てよ!,"자, 잠깐 기다려!","자, 잠깐 기다려!"
dom1Kula_L10.mes,Script/dom1Kula_L10.mes,16,4,Kula,なに?,왜?,왜?
dom1Kula_L10.mes,Script/dom1Kula_L10.mes,17,14,[선택지],絶対ダメだ!それでいいのか?,절대 안 돼!그래도 돼?,절대 안 돼!\그래도 돼?
dom1Kula_L10.mes,Script/dom1Kula_L10.mes,18,7,주인공,絶対ダメだ!,절대 안돼!,절대 안돼!
dom1Kula_L10.mes,Script/dom1Kula_L10.mes,19,5,Kula,…………,…………,…………
dom1Kula_L10.mes,Script/dom1Kula_L10.mes,20,41,주인공,それじゃクーラまでグレるのか?<6E5C>そんなことしたらママも悲しむぞ!<6E5C>早く家に帰れ!,그럼 쿠라까지 삐뚤어질 거야?<6E5C>그러면 엄마도 슬퍼한다고!<6E5C>얼른 집에 가!,그럼 쿠라까지 삐뚤어질 거야?<6E5C>그러면 엄마도 슬퍼한다고!<6E5C>얼른 집에 가!
dom1Kula_L10.mes,Script/dom1Kula_L10.mes,21,22,Kula,……そんなふうにどなる<이름:3232>、<6E5C>キライだよ!,"……그렇게 소리 지르는<이름:3232>,<6E5C>싫어!","……그렇게 소리 지르는<이름:3232>,<6E5C>싫어!"
dom1Kula_L10.mes,Script/dom1Kula_L10.mes,22,5,주인공,ぐっ……,윽……,윽……
dom1Kula_L10.mes,Script/dom1Kula_L10.mes,23,17,Kula,クーラが何しようと、勝手だもん!,"쿠라가 뭘 하든, 내 맘이야!","쿠라가 뭘 하든, 내 맘이야!"
dom1Kula_L10.mes,Script/dom1Kula_L10.mes,24,9,주인공,それでいいのか?,그래도 괜찮아?,그래도 괜찮아?
dom1Kula_L10.mes,Script/dom1Kula_L10.mes,25,5,Kula,…………,…………,…………
dom1Kula_L10.mes,Script/dom1Kula_L10.mes,26,49,주인공,お兄ちゃんも好きだけど、ママも好<6E5C>きなんだろ?クーラまで出ていっ<6E5C>たら、ママ悲しむぞ.いいのか?,오빠도 좋아하지만 엄마도 좋<6E5C>아하잖아? 쿠라까지 나가면<6E5C>엄마 슬퍼한다. 괜찮아?,오빠도 좋아하지만 엄마도 좋<6E5C>아하잖아? 쿠라까지 나가면<6E5C>엄마 슬퍼한다. 괜찮아?
dom1Kula_L10.mes,Script/dom1Kula_L10.mes,27,5,Kula,でも……,그치만…,그치만…
dom1Kula_L10.mes,Script/dom1Kula_L10.mes,28,11,주인공,他に方法があるだろ?,다른 방법이있잖아?,다른 방법이있잖아?
dom1Kula_L10.mes,Script/dom1Kula_L10.mes,29,9,Kula,……わかんないよ,……모르겠어,……모르겠어
dom1Kula_L10.mes,Script/dom1Kula_L10.mes,30,9,UNKNOWN_1a,……うるせぇなぁ,<2012><0000><0000><0001><0000><0020><0012><001A>……시끄럽네,……시끄럽네
dom1Kula_L10.mes,Script/dom1Kula_L10.mes,31,2,주인공,!,!,!
dom1Kula_L10.mes,Script/dom1Kula_L10.mes,32,11,UNKNOWN_25,おまえ、妹のなんだ?,너 내 동생 뭐냐?,너 내 동생 뭐냐?
dom1Kula_L10.mes,Script/dom1Kula_L10.mes,33,7,Kula,お兄ちゃん!,오빠!,오빠!
dom1Kula_L10.mes,Script/dom1Kula_L10.mes,34,15,주인공,……あんたが、クーラの兄貴か,"……당신이, 쿠라 오빠야?","……당신이, 쿠라 오빠야?"
dom1Kula_L10.mes,Script/dom1Kula_L10.mes,35,37,UNKNOWN_25,……妹のことが心配なら取り返しに<6E5C>きな.俺達は北の工場にいる.<6E5C>じゃあな,……여동생이 걱정되면 데리러<6E5C>와. 우리는 북쪽 공장에 있다.<6E5C>그럼,……여동생이 걱정되면 데리러<6E5C>와. 우리는 북쪽 공장에 있다.<6E5C>그럼
dom1Kula_L10.mes,Script/dom1Kula_L10.mes,36,5,주인공,クーラ!,쿠라!,쿠라!
dom1Kula_L10.mes,Script/dom1Kula_L10.mes,37,10,Kula,<이름:3232>…….バイバイ,<이름:3232>…… 바이바이,<이름:3232>…… 바이바이
dom1Kula_L10.mes,Script/dom1Kula_L10.mes,38,5,[효과음/내레이션],ブオン!,부웅!,부웅!
dom1Kula_L10.mes,Script/dom1Kula_L10.mes,39,30,주인공,(くそ、行っちまった…….<6E5C>どうしたらよかったんだよ……),"(젠장, 가버렸어…….<6E5C>어떻게 했어야 했던 거야……)","(젠장, 가버렸어…….<6E5C>어떻게 했어야 했던 거야……)"
dom1Kula_O0727_0.mes,Script/dom1Kula_O0727_0.mes,0,21,주인공,ふう.……ものすごく早く起きてし<6E5C>まった,후우. ……엄청 일찍 일어나<6E5C>버렸네,후우. ……엄청 일찍 일어나<6E5C>버렸네
dom1Kula_O0727_0.mes,Script/dom1Kula_O0727_0.mes,1,16,주인공,携帯が点滅してる…….留守電?,휴대폰 깜빡이네…부재중?,휴대폰 깜빡이네…부재중?
dom1Kula_O0727_0.mes,Script/dom1Kula_O0727_0.mes,2,116,Athena,アテナです.<이름:3232>、昨日は<6E5C>励ましてくれてありがとう……<485C>そうそう、色々なスケジュール、<6E5C>ちょっとだけ延期してもらう<6E5C>ことにしました<485C>今月末くらいまで、自分の好きなこ<6E5C>とさせてもらえるみたい.たまには<6E5C>息抜きしないとね.じゃ、また!,"아테나예요.<이름:3232>, 어제는<6E5C>격려해줘서 고마워……<485C>참, 여러 일정을<6E5C>조금만 미루기로<6E5C>했어<485C>이번 달 말까지는, 내가 하고<6E5C>싶은 걸 하게 해준대. 가끔은<6E5C>쉬어야지. 그럼, 또 봐!","아테나예요.<이름:3232>, 어제는<6E5C>격려해줘서 고마워……<485C>참, 여러 일정을<6E5C>조금만 미루기로<6E5C>했어<485C>이번 달 말까지는, 내가 하고<6E5C>싶은 걸 하게 해준대. 가끔은<6E5C>쉬어야지. 그럼, 또 봐!"
dom1Kula_O0727_0.mes,Script/dom1Kula_O0727_0.mes,3,146,Mai,心配かけてごめんね、<이름:3232>君.<6E5C>でも、もう気にしないでほしいの<485C>自分で悩んで、自分で決めたことだ<6E5C>から……<485C>荷物の整理や何やらで、何週間かは<6E5C>そっちのアパートにいれそうです<485C>今度もし顔を合わせるときは、いつ<6E5C>も通りの<이름:3232>君でいてね<485C>私も……私も、いつもの、お隣のお<6E5C>姉さんでいるから.約束よ?,"걱정 끼쳐서 미안해,<이름:3232>군.<6E5C>이제 신경 쓰지 마<485C>내가 고민해서,내가 정한 거<6E5C>니까……<485C>짐 정리 때문에,몇 주는<6E5C>그쪽 아파트에 있을 거야<485C>다음에 만날 땐,평소<6E5C>처럼 <이름:3232>군으로 있어줘<485C>나도…… 나도 늘 그랬듯,옆집<6E5C>언니로 있을게.약속이야?","걱정 끼쳐서 미안해,<이름:3232>군.<6E5C>이제 신경 쓰지 마<485C>내가 고민해서,내가 정한 거<6E5C>니까……<485C>짐 정리 때문에,몇 주는<6E5C>그쪽 아파트에 있을 거야<485C>다음에 만날 땐,평소<6E5C>처럼 <이름:3232>군으로 있어줘<485C>나도…… 나도 늘 그랬듯,옆집<6E5C>언니로 있을게.약속이야?"
dom1Kula_O0727_0.mes,Script/dom1Kula_O0727_0.mes,4,106,Yuri,こんばんは、ユリです.<6E5C>こないだは楽しかったね~!<485C>あれから、帰ったらイタリアから<6E5C>お兄ちゃんのお友達が来ててね.<6E5C>月末までは遊ぶ時間、<6E5C>減っちゃうかも<485C>でも、これからも道場には遊びにき<6E5C>てね!おやすみなさ~い,"안녕하세요, 유리예요. 요전엔<6E5C>즐거웠지~! <485C>그 후로, 집에 갔더니 이탈리아에서<6E5C>오빠 친구가 와서 말이야. 월말<6E5C>까지는 놀 시간이 줄어들지도<485C>그래도, 앞으로도 도장엔 놀러<6E5C>와줘! 잘 자~","안녕하세요, 유리예요. 요전엔<6E5C>즐거웠지~! <485C>그 후로, 집에 갔더니 이탈리아에서<6E5C>오빠 친구가 와서 말이야. 월말<6E5C>까지는 놀 시간이 줄어들지도<485C>그래도, 앞으로도 도장엔 놀러<6E5C>와줘! 잘 자~"
dom1Kula_O0727_0.mes,Script/dom1Kula_O0727_0.mes,5,116,King,キングです.<이름:3131>くん、昨夜の<6E5C>メール、読ませてもらったよ.<6E5C>……私のことは気にしなくていい<485C>君には今、もっと大事なことが<6E5C>あるんだから<485C>昨日みせてくれた気合があれば、何<6E5C>があっても大丈夫だと思うよ.また<6E5C>お店にもおいで.じゃあ……,"킹이야. <이름:3131>군, 어젯밤<6E5C>메일, 읽어봤어<485C>……내 걱정은 안 해도 돼. 자네<6E5C>한텐 지금, 더 중요한 일이<6E5C>있으니까<485C>어제 보여준 그 기합이 있으면, 뭔<6E5C>일이 있어도 괜찮을 거야. 또<6E5C>가게에도 와. 그럼……","킹이야. <이름:3131>군, 어젯밤<6E5C>메일, 읽어봤어<485C>……내 걱정은 안 해도 돼. 자네<6E5C>한텐 지금, 더 중요한 일이<6E5C>있으니까<485C>어제 보여준 그 기합이 있으면, 뭔<6E5C>일이 있어도 괜찮을 거야. 또<6E5C>가게에도 와. 그럼……"
dom1Kula_O0727_0.mes,Script/dom1Kula_O0727_0.mes,6,134,Kasumi,藤堂です.先輩!<020A>会からの手紙<6E5C>が来ておりまして、大会は来月に延<6E5C>期することになったそうです<485C>決着が延びてしまうのは口惜しいで<6E5C>すがさらなる鍛錬を積むには絶好の<6E5C>機会ですね<485C>これを機に私もさらなる奥義を<6E5C>会得しようと思うので、月末までは<6E5C>個人練習としましょう.では!,"토도입니다. 선배!<020A>협회에서<6E5C>온 편지에, 대회는 다음 달로<6E5C>연기됐다고 합니다<485C>결판이 미뤄진 건 분하<6E5C>지만 더 단련을 쌓기엔<6E5C>절호의 기회네요<485C>이 기회에 저도 더 깊은 오의를<6E5C>깨우쳐 볼까 하니, 월말까지는<6E5C>개인 훈련으로 하죠. 그럼!","토도입니다. 선배!<020A>협회에서<6E5C>온 편지에, 대회는 다음 달로<6E5C>연기됐다고 합니다<485C>결판이 미뤄진 건 분하<6E5C>지만 더 단련을 쌓기엔<6E5C>절호의 기회네요<485C>이 기회에 저도 더 깊은 오의를<6E5C>깨우쳐 볼까 하니, 월말까지는<6E5C>개인 훈련으로 하죠. 그럼!"
dom1Kula_O0727_0.mes,Script/dom1Kula_O0727_0.mes,7,94,Jenny,ジェニーよん★……<이름:3232>、<6E5C>ゴメンッ!<485C>今度のコンテストはメンバーの<6E5C>人数制限があるのを忘れてたわん<485C>ちょ~っとスタートは遅れるけど、<6E5C><이름:3232>とのセッションは来月から<6E5C>にするね!じゃ~ね~ん,"제니라구~♪ ……<이름:3232>,<6E5C>미아안! 이번 콘테스트는<485C>멤버 인원 제한이 있는 걸<6E5C>깜빡했지 뭐야~<485C>조오금 시작은 늦어지겠지만,<6E5C><이름:3232>랑 세션은 다음 달부터<6E5C>할게! 그으럼~","제니라구~♪ ……<이름:3232>,<6E5C>미아안! 이번 콘테스트는<485C>멤버 인원 제한이 있는 걸<6E5C>깜빡했지 뭐야~<485C>조오금 시작은 늦어지겠지만,<6E5C><이름:3232>랑 세션은 다음 달부터<6E5C>할게! 그으럼~"
dom1Kula_O0727_0.mes,Script/dom1Kula_O0727_0.mes,8,76,Leona,レオナです.さっきは思わせぶりな<6E5C>態度で……ごめんなさい<485C>父と口論になってしまって……<6E5C>少し、興奮していたの<485C>もう大丈夫だから、忘れて.<6E5C>それじゃ……,"레오나예요. 아까는 의미심장한<6E5C>태도로…… 미안해요<485C>아버지랑 말다툼을 해서……<6E5C>조금, 흥분했었어. 이제 괜찮으<6E5C>니까, 잊어줘<485C>그럼……","레오나예요. 아까는 의미심장한<6E5C>태도로…… 미안해요<485C>아버지랑 말다툼을 해서……<6E5C>조금, 흥분했었어. 이제 괜찮으<6E5C>니까, 잊어줘<485C>그럼……"
dom1Kula_O0727_0.mes,Script/dom1Kula_O0727_0.mes,9,3,[효과음/내레이션],ピッ,삐,삐
dom1Kula_O0727_0.mes,Script/dom1Kula_O0727_0.mes,10,19,주인공,そうか…….これでよかったんだよ<6E5C>な,그런가…….<6E5C>이걸로 된 거겠지,그런가…….<6E5C>이걸로 된 거겠지
dom1Kula_O0727_0.mes,Script/dom1Kula_O0727_0.mes,11,30,주인공,じゃあ、あと、俺に残っている問題<6E5C>は……ひとつだけだな……,"그럼, 이제 나한테 남은<6E5C>문제는…… 딱 하나뿐이네……","그럼, 이제 나한테 남은<6E5C>문제는…… 딱 하나뿐이네……"
dom1Kula_O0727_0.mes,Script/dom1Kula_O0727_0.mes,12,7,[효과음/내레이션],タタタタ……,타다다다……,타다다다……
dom1Kula_O0727_0.mes,Script/dom1Kula_O0727_0.mes,13,17,Kaidou,ほんとにそこにクーラがいるのか?,진짜 거기 쿨라 있는 거냐?,진짜 거기 쿨라 있는 거냐?
dom1Kula_O0727_0.mes,Script/dom1Kula_O0727_0.mes,14,22,주인공,間違いない!北の工場って言って<6E5C>たんだよ!,틀림없어! 북쪽 공장이랬<6E5C>단 말이야!,틀림없어! 북쪽 공장이랬<6E5C>단 말이야!
dom1Kula_O0727_0.mes,Script/dom1Kula_O0727_0.mes,15,37,Kaidou,でも、なんでンなトコに…….<6E5C>そんなにも兄貴が大事なの<6E5C>かよ、アイツ……,"그래도, 왜 그런 델……<6E5C>그렇게 형이 소중한 거냐,<6E5C>그 녀석……","그래도, 왜 그런 델……<6E5C>그렇게 형이 소중한 거냐,<6E5C>그 녀석……"
dom1Kula_O0727_0.mes,Script/dom1Kula_O0727_0.mes,16,51,주인공,兄貴想いなのはいーけど、あのまま<6E5C>じゃクーラまで不良に染まっちまう<6E5C>ぜ……それはぜったい止めないと!,"형 생각하는 건 좋은데, 저러다<6E5C>간 쿨라까지 불량해지고 말겠<6E5C>어…… 그건 절대 막아야 돼!","형 생각하는 건 좋은데, 저러다<6E5C>간 쿨라까지 불량해지고 말겠<6E5C>어…… 그건 절대 막아야 돼!"
dom1Kula_O0727_0.mes,Script/dom1Kula_O0727_0.mes,17,21,Kaidou,あぁ!クーラにそんなコトさせら<6E5C>れねぇ!,쿨라한테 그런 짓<6E5C>시킬 순 없어!,쿨라한테 그런 짓<6E5C>시킬 순 없어!
dom1Kula_O0727_0.mes,Script/dom1Kula_O0727_0.mes,18,4,주인공,おぉ!,오오!,오오!
dom1Kula_O0727_0.mes,Script/dom1Kula_O0727_0.mes,19,42,Kaidou,どーせグレるなら、オレのトコに来<6E5C>りゃいーのによ!なんでも教えて<6E5C>やるっつーのに!,"어차피 삐뚤어질 거면, 나한테<6E5C>오면 될걸! 뭐든 가르쳐<6E5C>줄 텐데 말이야!","어차피 삐뚤어질 거면, 나한테<6E5C>오면 될걸! 뭐든 가르쳐<6E5C>줄 텐데 말이야!"
dom1Kula_O0727_0.mes,Script/dom1Kula_O0727_0.mes,20,5,주인공,…………,……,……
dom1Kula_O0727_0.mes,Script/dom1Kula_O0727_0.mes,21,17,Kaidou,おい、工場ってあれじゃねーか!?,"야, 공장이 저거 아니냐!?","야, 공장이 저거 아니냐!?"
dom1Kula_O0727_0.mes,Script/dom1Kula_O0727_0.mes,22,7,주인공,!<020A>そうだ!,!<020A>맞아!,!<020A>맞아!
dom1Kula_O0727_0.mes,Script/dom1Kula_O0727_0.mes,23,4,[효과음/내레이션],バン!,쾅!,쾅!
dom1Kula_O0727_0.mes,Script/dom1Kula_O0727_0.mes,24,15,주인공,クーラ、どこだ!出てこいよ!,"쿨라, 어디야! 나와 봐!","쿨라, 어디야! 나와 봐!"
dom1Kula_O0727_0.mes,Script/dom1Kula_O0727_0.mes,25,5,[효과음/내레이션],…………,……,……
dom1Kula_O0727_0.mes,Script/dom1Kula_O0727_0.mes,26,4,Kula,<이름:3232>?,<이름:3232>?,<이름:3232>?
dom1Kula_O0727_0.mes,Script/dom1Kula_O0727_0.mes,27,5,주인공,クーラ!,쿨라!,쿨라!
dom1Kula_O0727_0.mes,Script/dom1Kula_O0727_0.mes,28,16,Kula,狂也もいっしょだ.どーしたの?,쿄야도 같이 있어 왜 그래?,쿄야도 같이 있어 왜 그래?
dom1Kula_O0727_0.mes,Script/dom1Kula_O0727_0.mes,29,21,Kaidou,どーしたじゃねーよ.迎えに来たん<6E5C>だよ!,왜라니. 데리러 왔단<6E5C>말이야!,왜라니. 데리러 왔단<6E5C>말이야!
dom1Kula_O0727_0.mes,Script/dom1Kula_O0727_0.mes,30,9,Kula,むかえ?なんで?,데리러? 왜?,데리러? 왜?
dom1Kula_O0727_0.mes,Script/dom1Kula_O0727_0.mes,31,24,주인공,なんでって……こんなとこにいたら<6E5C>ダメだろ!?,왜긴…… 이런 데 있으면<6E5C>안 되잖아!?,왜긴…… 이런 데 있으면<6E5C>안 되잖아!?
dom1Kula_O0727_0.mes,Script/dom1Kula_O0727_0.mes,32,13,Kula,どーして?楽しいのに……,왜? 재밌는데……,왜? 재밌는데……
dom1Kula_O0727_0.mes,Script/dom1Kula_O0727_0.mes,33,42,Kaidou,楽しくねーだろ、こんな工場!<6E5C>こっちに来いよ!もっと楽しいトコ<6E5C>連れてってやるぞ!,재밌긴 뭐가 재밌어 이런 공장이!<6E5C>이리 와! 더 재밌는 데로<6E5C>데려가 줄게!,재밌긴 뭐가 재밌어 이런 공장이!<6E5C>이리 와! 더 재밌는 데로<6E5C>데려가 줄게!
dom1Kula_O0727_0.mes,Script/dom1Kula_O0727_0.mes,34,36,Kula,ヤだ.お兄ちゃんといると、<6E5C>クーラどこでもたのしーもん.<6E5C>ココでイイヨ,"싫어. 오빠랑 있으면,<6E5C>쿨라는 어디든 재밌는걸.<6E5C>여기서 좋아","싫어. 오빠랑 있으면,<6E5C>쿨라는 어디든 재밌는걸.<6E5C>여기서 좋아"
dom1Kula_O0727_0.mes,Script/dom1Kula_O0727_0.mes,35,12,Kaidou,クーラ……(がっくり),쿨라……(풀썩),쿨라……(풀썩)
dom1Kula_O0727_0.mes,Script/dom1Kula_O0727_0.mes,36,27,주인공,でも、ここにいると危ない目にもあ<6E5C>うぞ!いいのかよ!,여기 있으면 위험할<6E5C>수도 있어! 괜찮냐!,여기 있으면 위험할<6E5C>수도 있어! 괜찮냐!
dom1Kula_O0727_0.mes,Script/dom1Kula_O0727_0.mes,37,25,Kula,お兄ちゃんが守ってくれるもん.<6E5C>ダイジョーブだよ,오빠가 지켜줄 건데.<6E5C>괜찮단 말이야,오빠가 지켜줄 건데.<6E5C>괜찮단 말이야
dom1Kula_O0727_0.mes,Script/dom1Kula_O0727_0.mes,38,20,[선택지],そんなに兄貴がいーのかよ俺だって守れるよ,그렇게 형이 좋냐<6E5C>나도 지킬 수 있어,그렇게 형이 좋냐\나도 지킬 수 있어
dom1Kula_O0727_0.mes,Script/dom1Kula_O0727_0.mes,39,14,주인공,そんなに兄貴がいーのかよ!,그렇게 형이 좋냐!,그렇게 형이 좋냐!
dom1Kula_O0727_0.mes,Script/dom1Kula_O0727_0.mes,40,2,Kula,?,?,?
dom1Kula_O0727_0.mes,Script/dom1Kula_O0727_0.mes,41,28,주인공,いい加減、兄貴から卒業しろよ!<6E5C>子供じゃねーんだから!,이제 그만 형 졸업 좀 해!<6E5C>어린애도 아니잖아!,이제 그만 형 졸업 좀 해!<6E5C>어린애도 아니잖아!
dom1Kula_O0727_0.mes,Script/dom1Kula_O0727_0.mes,42,5,Kula,…………,……,……
dom1Kula_O0727_0.mes,Script/dom1Kula_O0727_0.mes,43,5,주인공,…………,……,……
dom1Kula_O0727_0.mes,Script/dom1Kula_O0727_0.mes,44,5,Kula,<이름:3232>……,<이름:3232>……,<이름:3232>……
dom1Kula_O0727_0.mes,Script/dom1Kula_O0727_0.mes,45,2,주인공,?,?,?
dom1Kula_O0727_0.mes,Script/dom1Kula_O0727_0.mes,46,4,Kula,キライ,싫어,싫어
dom1Kula_O0727_0.mes,Script/dom1Kula_O0727_0.mes,47,7,주인공,(ガーン!),(충격!),(충격!)
dom1Kula_O0727_0.mes,Script/dom1Kula_O0727_0.mes,48,17,주인공,俺にだってクーラくらい守れるよ!,나도 쿨라 정돈 지킬 수있어!,나도 쿨라 정돈 지킬 수있어!
dom1Kula_O0727_0.mes,Script/dom1Kula_O0727_0.mes,49,2,Kula,?,?,?
dom1Kula_O0727_0.mes,Script/dom1Kula_O0727_0.mes,50,34,주인공,だから……別に兄貴じゃなくてもい<6E5C>いだろ?そんなとこにいないで……,그러니까…… 꼭 형이 아니어도<6E5C>되잖아? 그런 데 있지말고……,그러니까…… 꼭 형이 아니어도<6E5C>되잖아? 그런 데 있지말고……
dom1Kula_O0727_0.mes,Script/dom1Kula_O0727_0.mes,51,5,Kula,<이름:3232>……,<이름:3232>……,<이름:3232>……
dom1Kula_O0727_0.mes,Script/dom1Kula_O0727_0.mes,52,6,주인공,クーラ……,쿨라……,쿨라……
dom1Kula_O0727_0.mes,Script/dom1Kula_O0727_0.mes,53,9,Kula,バカじゃないの?,바보 아니야?,바보 아니야?
dom1Kula_O0727_0.mes,Script/dom1Kula_O0727_0.mes,54,5,주인공,…………,……,……
dom1Kula_O0727_0.mes,Script/dom1Kula_O0727_0.mes,55,17,UNKNOWN_1a,んだよ、朝っぱらからうるせぇなぁ,"뭐야, 아침부터 시끄럽네","뭐야, 아침부터 시끄럽네"
dom1Kula_O0727_0.mes,Script/dom1Kula_O0727_0.mes,56,2,UNKNOWN_12,!,!,!
dom1Kula_O0727_0.mes,Script/dom1Kula_O0727_0.mes,57,12,UNKNOWN_25,おまえら……昨日の奴か,너희…… 어제그놈이냐,너희…… 어제그놈이냐
dom1Kula_O0727_1.mes,Script/dom1Kula_O0727_1.mes,0,13,UNKNOWN_25,おまえらはクーラの何だ?,너희는 쿨라의 뭐냐?,너희는 쿨라의 뭐냐?
dom1Kula_O0727_1.mes,Script/dom1Kula_O0727_1.mes,1,7,주인공,え?その……,어?그게……,어?그게……
dom1Kula_O0727_1.mes,Script/dom1Kula_O0727_1.mes,2,10,[선택지],友達です知り合いです,친구<6E5C>아는 사이,친구\아는 사이
dom1Kula_O0727_1.mes,Script/dom1Kula_O0727_1.mes,3,6,주인공,友達です!,친구예요!,친구예요!
dom1Kula_O0727_1.mes,Script/dom1Kula_O0727_1.mes,4,15,Kula,トモダチ?トモダチってなに?,친구? 친구가 뭔데?,친구? 친구가 뭔데?
dom1Kula_O0727_1.mes,Script/dom1Kula_O0727_1.mes,5,4,주인공,ガクッ,털썩,털썩
dom1Kula_O0727_1.mes,Script/dom1Kula_O0727_1.mes,6,11,UNKNOWN_25,ハッ.たいした仲だな,흥. 대단한 사이네,흥. 대단한 사이네
dom1Kula_O0727_1.mes,Script/dom1Kula_O0727_1.mes,7,33,주인공,(……俺はクーラにとってただの<6E5C>知り合い止まりってことかよ……),(……난 쿨라한테 그냥<6E5C>아는 사이일 뿐이란 거냐……),(……난 쿨라한테 그냥<6E5C>아는 사이일 뿐이란 거냐……)
dom1Kula_O0727_1.mes,Script/dom1Kula_O0727_1.mes,8,17,UNKNOWN_25,ただの知り合いが何しに来たんだよ,그냥 아는 사이가 왜 온 거야,그냥 아는 사이가 왜 온 거야
dom1Kula_O0727_1.mes,Script/dom1Kula_O0727_1.mes,9,9,주인공,それは、その……,"그건, 그게……","그건, 그게……"
dom1Kula_O0727_1.mes,Script/dom1Kula_O0727_1.mes,10,11,Kula,<이름:3232>なんか知らないっ,<이름:3232> 같은 거 몰라,<이름:3232> 같은 거 몰라
dom1Kula_O0727_1.mes,Script/dom1Kula_O0727_1.mes,11,24,주인공,(そんな…….こんなとこまで来て<6E5C>るのに……),(그런…….<6E5C>여기까지 왔는데……),(그런…….<6E5C>여기까지 왔는데……)
dom1Kula_O0727_1.mes,Script/dom1Kula_O0727_1.mes,12,26,Kaidou,アンタ、クーラをこんなトコに置い<6E5C>て平気なのかよ!,"당신, 쿨라를 이런 데 놔두<6E5C>고 괜찮은 거냐!","당신, 쿨라를 이런 데 놔두<6E5C>고 괜찮은 거냐!"
dom1Kula_O0727_1.mes,Script/dom1Kula_O0727_1.mes,13,4,UNKNOWN_25,あぁ?,아앙?,아앙?
dom1Kula_O0727_1.mes,Script/dom1Kula_O0727_1.mes,14,53,Kaidou,アンタが家を出るのは勝手だけど<6E5C>よ、クーラまでこんな汚いトコに<6E5C>置いておく必要ねーだろ!<485C>帰してやれよ!,당신이 집을 나가는 건 맘대로<6E5C>지만 쿨라까지 이런 더러운 데<6E5C>둘 필요는 없잖아!<485C>돌려보내라고!,당신이 집을 나가는 건 맘대로<6E5C>지만 쿨라까지 이런 더러운 데<6E5C>둘 필요는 없잖아!<485C>돌려보내라고!
dom1Kula_O0727_1.mes,Script/dom1Kula_O0727_1.mes,15,39,UNKNOWN_25,んなのクーラの勝手だろ.クーラが<6E5C>帰りたかったらいつでも帰ってかま<6E5C>わねぇぜ,그건 쿨라 맘이지. 쿨라가<6E5C>돌아가고 싶으면 언제든 돌아가도<6E5C>상관없어,그건 쿨라 맘이지. 쿨라가<6E5C>돌아가고 싶으면 언제든 돌아가도<6E5C>상관없어
dom1Kula_O0727_1.mes,Script/dom1Kula_O0727_1.mes,16,28,Kula,イヤ!クーラはお兄ちゃんのそば<6E5C>ならどこでもいーもん!,싫어! 쿨라는 오빠 곁이라면<6E5C>어디든 좋은걸!,싫어! 쿨라는 오빠 곁이라면<6E5C>어디든 좋은걸!
dom1Kula_O0727_1.mes,Script/dom1Kula_O0727_1.mes,17,6,Kaidou,クーラ……,쿨라……,쿨라……
dom1Kula_O0727_1.mes,Script/dom1Kula_O0727_1.mes,18,22,Kula,<이름:3232>と狂也が帰りなよ!<6E5C>クーラ帰らないよ!,<이름:3232>랑 쿄야가 돌아가!<6E5C>난 안 돌아가!,<이름:3232>랑 쿄야가 돌아가!<6E5C>난 안 돌아가!
dom1Kula_O0727_1.mes,Script/dom1Kula_O0727_1.mes,19,20,주인공,(あぁ、なんて言ったらいーんだ<6E5C>よ!),"(아, 뭐라고 해야<6E5C>되는 거야!)","(아, 뭐라고 해야<6E5C>되는 거야!)"
dom1Kula_O0727_2.mes,Script/dom1Kula_O0727_2.mes,0,31,UNKNOWN_25,てめぇら、わめいてないで力づくで<6E5C>取り返してみろよ.男だろ?,네놈들 짖어대지 말고 힘으로<6E5C>되찾아 보시지. 사내잖아?,네놈들 짖어대지 말고 힘으로<6E5C>되찾아 보시지. 사내잖아?
dom1Kula_O0727_2.mes,Script/dom1Kula_O0727_2.mes,1,43,주인공,(くっ……あんな見るからに強そう<6E5C>なやつに、どーやって力づくで<6E5C>やりゃいいんだよ!),"(윽…… 저렇게 딱 봐도 강해<6E5C>보이는 놈을, 어떻게 힘으로<6E5C>이기라는 거야!)","(윽…… 저렇게 딱 봐도 강해<6E5C>보이는 놈을, 어떻게 힘으로<6E5C>이기라는 거야!)"
dom1Kula_O0727_2.mes,Script/dom1Kula_O0727_2.mes,2,25,Kaidou,(<이름:3131>!こーなったらとにかく<6E5C>やるしかねーぜ!),(<이름:3131>! 이렇게 된 이상<6E5C>해볼 수밖에없어!),(<이름:3131>! 이렇게 된 이상<6E5C>해볼 수밖에없어!)
dom1Kula_O0727_2.mes,Script/dom1Kula_O0727_2.mes,3,20,주인공,(でも、クーラの兄貴とケンカなん<6E5C>て),(그래도 쿨라 오빠랑 싸움<6E5C>이라니),(그래도 쿨라 오빠랑 싸움<6E5C>이라니)
dom1Kula_O0727_2.mes,Script/dom1Kula_O0727_2.mes,4,39,Kaidou,(クーラも、オレ達がアイツより強<6E5C>いってトコ見たら、兄貴に幻滅<6E5C>するって!),"(쿨라도, 우리가 저놈보다 강한<6E5C>걸 보면, 형한테 정 떨어질<6E5C>거야!)","(쿨라도, 우리가 저놈보다 강한<6E5C>걸 보면, 형한테 정 떨어질<6E5C>거야!)"
dom1Kula_O0727_2.mes,Script/dom1Kula_O0727_2.mes,5,14,주인공,(んなうまくいくか……?),(그렇게 잘될까……?),(그렇게 잘될까……?)
dom1Kula_O0727_2.mes,Script/dom1Kula_O0727_2.mes,6,14,Kaidou,(とにかくオレはいくぜ!),(어쨌든 나는 간다!),(어쨌든 나는 간다!)
dom1Kula_O0727_2.mes,Script/dom1Kula_O0727_2.mes,7,10,Kaidou,なめんなよーーー!,우습게 보지마아!,우습게 보지마아!
dom1Kula_O0727_2.mes,Script/dom1Kula_O0727_2.mes,8,5,UNKNOWN_25,シィッ!,쉬익!,쉬익!
dom1Kula_O0727_2.mes,Script/dom1Kula_O0727_2.mes,9,10,[효과음/내레이션],<アイントリガー>,<아인트리거>,<아인트리거>
dom1Kula_O0727_2.mes,Script/dom1Kula_O0727_2.mes,10,9,[효과음/내레이션],下。右下。右。A,하.우하.우.A,하.우하.우.A
dom1Kula_O0727_2.mes,Script/dom1Kula_O0727_2.mes,11,5,[효과음/내레이션],バキィ!,빠직!,빠직!
dom1Kula_O0727_2.mes,Script/dom1Kula_O0727_2.mes,12,6,Kaidou,うあああ!,으아악!,으아악!
dom1Kula_O0727_2.mes,Script/dom1Kula_O0727_2.mes,13,4,[효과음/내레이션],ドサッ,털썩,털썩
dom1Kula_O0727_2.mes,Script/dom1Kula_O0727_2.mes,14,9,UNKNOWN_25,どうした?あん?,왜 그래? 어?,왜 그래? 어?
dom1Kula_O0727_2.mes,Script/dom1Kula_O0727_2.mes,15,8,Kaidou,ク、クソォ……,"제, 젠장……","제, 젠장……"
dom1Kula_O0727_2.mes,Script/dom1Kula_O0727_2.mes,16,27,주인공,(なんだ?今の技…….ただ殴っ<6E5C>ただけじゃない……),(뭐지 방금 그 기술?<6E5C>그냥 때린 게 아냐……),(뭐지 방금 그 기술?<6E5C>그냥 때린 게 아냐……)
dom1Kula_O0727_2.mes,Script/dom1Kula_O0727_2.mes,17,9,Kaidou,ま、まだまだぁ!,"아, 아직이다!","아, 아직이다!"
dom1Kula_O0727_2.mes,Script/dom1Kula_O0727_2.mes,18,11,UNKNOWN_25,何度やっても同じだぜ,몇 번을 해도똑같아,몇 번을 해도똑같아
dom1Kula_O0727_2.mes,Script/dom1Kula_O0727_2.mes,19,8,Kaidou,くらえーーー!,받아라아아!,받아라아아!
dom1Kula_O0727_2.mes,Script/dom1Kula_O0727_2.mes,20,8,UNKNOWN_25,オラァァァー!,오라아아!,오라아아!
dom1Kula_O0727_2.mes,Script/dom1Kula_O0727_2.mes,21,9,[효과음/내레이션],<クロウバイツ>,<클로우바이트>,<클로우바이트>
dom1Kula_O0727_2.mes,Script/dom1Kula_O0727_2.mes,22,9,[효과음/내레이션],右。下。右下。A,우.하.우하.A,우.하.우하.A
dom1Kula_O0727_2.mes,Script/dom1Kula_O0727_2.mes,23,5,[효과음/내레이션],ドカァ!,퍼억!,퍼억!
dom1Kula_O0727_2.mes,Script/dom1Kula_O0727_2.mes,24,6,Kaidou,ぐあああ!,크아악!,크아악!
dom1Kula_O0727_2.mes,Script/dom1Kula_O0727_2.mes,25,4,[효과음/내레이션],ドサッ,털썩,털썩
dom1Kula_O0727_2.mes,Script/dom1Kula_O0727_2.mes,26,14,UNKNOWN_25,勝てない奴らが……失せろ!,이기지도 못하면서 꺼져!,이기지도 못하면서 꺼져!
dom1Kula_O0727_2.mes,Script/dom1Kula_O0727_2.mes,27,5,Kaidou,くっ……,윽……,윽……
dom1Kula_O0727_2.mes,Script/dom1Kula_O0727_2.mes,28,5,Kula,狂也……,쿄야……,쿄야……
dom1Kula_O0727_2.mes,Script/dom1Kula_O0727_2.mes,29,6,Kaidou,クーラ……,쿨라……,쿨라……
dom1Kula_O0727_2.mes,Script/dom1Kula_O0727_2.mes,30,23,Kula,お兄ちゃんに勝てるわけないのに、<6E5C>バカみたい,"오빠를 이길 리가 없는데,<6E5C>바보 같아","오빠를 이길 리가 없는데,<6E5C>바보 같아"
dom1Kula_O0727_2.mes,Script/dom1Kula_O0727_2.mes,31,4,Kaidou,ガクッ,털썩,털썩
dom1Kula_O0727_2.mes,Script/dom1Kula_O0727_2.mes,32,4,주인공,海堂!,카이도,카이도
dom1Kula_O0727_2.mes,Script/dom1Kula_O0727_2.mes,33,29,UNKNOWN_25,気が済んだなら消えな.ここは弱い<6E5C>奴の来るとこじゃねぇぜ,속이 풀렸으면 꺼져 여긴 약한<6E5C>놈이 올 데가 아니야,속이 풀렸으면 꺼져 여긴 약한<6E5C>놈이 올 데가 아니야
dom1Kula_O0727_2.mes,Script/dom1Kula_O0727_2.mes,34,5,주인공,くそ……,젠장……,젠장……
dom1Kula_O0727_2.mes,Script/dom1Kula_O0727_2.mes,35,21,Kula,<이름:3232>……狂也のことおねがいね.<6E5C>バイバイ,<이름:3232>…… 쿄야 잘 부탁해.<6E5C>안녕,<이름:3232>…… 쿄야 잘 부탁해.<6E5C>안녕
dom1Kula_O0727_2.mes,Script/dom1Kula_O0727_2.mes,36,6,주인공,クーラ……,쿨라……,쿨라……
dom1Kula_O0727_3.mes,Script/dom1Kula_O0727_3.mes,0,34,주인공,(あんな強い人にかなうはずが<6E5C>ねぇ.あきらめるしかねぇ<6E5C>のか……),(저 강한 사람을 이길 순 없어.<6E5C>포기해야 하나……),(저 강한 사람을 이길 순 없어.<6E5C>포기해야 하나……)
dom1Kula_O0727_3.mes,Script/dom1Kula_O0727_3.mes,1,9,[효과음/내레이션],キキキキィーー!,끼이이익!,끼이이익!
dom1Kula_O0727_3.mes,Script/dom1Kula_O0727_3.mes,2,4,주인공,うわっ,으악!,으악!
dom1Kula_O0727_3.mes,Script/dom1Kula_O0727_3.mes,3,29,주인공,(なんだこの車、いきなり工場の<6E5C>中に突っ込んできたぞ!),"(뭐야 이 차, 갑자기 공장<6E5C>안으로 돌진해 왔어!)","(뭐야 이 차, 갑자기 공장<6E5C>안으로 돌진해 왔어!)"
dom1Kula_O0727_3.mes,Script/dom1Kula_O0727_3.mes,4,4,[효과음/내레이션],バンッ,쾅!,쾅!
dom1Kula_O0727_3.mes,Script/dom1Kula_O0727_3.mes,5,21,UNKNOWN_1c,みつけたわよクーラ!<6E5C>戻ってらっしゃい!,찾았다 쿠라!<6E5C>돌아오렴!,찾았다 쿠라!<6E5C>돌아오렴!
dom1Kula_O0727_3.mes,Script/dom1Kula_O0727_3.mes,6,4,Kula,ママ!,엄마!,엄마!
dom1Kula_O0727_3.mes,Script/dom1Kula_O0727_3.mes,7,6,주인공,ママぁ!?,엄마야?!,엄마야?!
dom1Kula_O0727_3.mes,Script/dom1Kula_O0727_3.mes,8,44,UNKNOWN_24,アナタまでこんな所にたむろして<6E5C>どーするの!そんなロクデナシの<6E5C>マネしちゃいけません!,너까지 여기서 어울려서<6E5C>뭘 어쩌자는 거니! 그런 건달<6E5C>같은 짓 하면 안 돼!,너까지 여기서 어울려서<6E5C>뭘 어쩌자는 거니! 그런 건달<6E5C>같은 짓 하면 안 돼!
dom1Kula_O0727_3.mes,Script/dom1Kula_O0727_3.mes,9,17,UNKNOWN_25,相変わらずヒステリーだな、ババァ,"여전히 히스테리군, 할망구","여전히 히스테리군, 할망구"
dom1Kula_O0727_3.mes,Script/dom1Kula_O0727_3.mes,10,67,UNKNOWN_24,なんですって!アンタはもうウチ<6E5C>の息子でもなんでもないんだから、<485C>クーラと関わるのはやめてちょうだ<6E5C>い!勝手に家を飛び出したくせに!,"뭐라고! 너는 이제 우리<6E5C>집 아들도 뭐도 아니니까,<485C>쿠라한테 관여하는 건 그만둬<6E5C>줘! 제멋대로 집 나간 주제에!","뭐라고! 너는 이제 우리<6E5C>집 아들도 뭐도 아니니까,<485C>쿠라한테 관여하는 건 그만둬<6E5C>줘! 제멋대로 집 나간 주제에!"
dom1Kula_O0727_3.mes,Script/dom1Kula_O0727_3.mes,11,26,UNKNOWN_25,こんなうるさいババァのいる家、<6E5C>誰だって飛び出すぜ,이런 시끄러운 할망구 집이면<6E5C>누구든 뛰쳐나가지,이런 시끄러운 할망구 집이면<6E5C>누구든 뛰쳐나가지
dom1Kula_O0727_3.mes,Script/dom1Kula_O0727_3.mes,12,45,UNKNOWN_24,キィ~~!とにかく、クーラに近<6E5C>づくのだけはやめてちょうだい!<6E5C>アンタはもう他人なのよ!,으이구! 아무튼 쿠라한테 가까이<6E5C>가는 것만은 그만둬!<6E5C>넌 이제 남이니까!,으이구! 아무튼 쿠라한테 가까이<6E5C>가는 것만은 그만둬!<6E5C>넌 이제 남이니까!
dom1Kula_O0727_3.mes,Script/dom1Kula_O0727_3.mes,13,6,UNKNOWN_25,好きにしろ,맘대로 해,맘대로 해
dom1Kula_O0727_3.mes,Script/dom1Kula_O0727_3.mes,14,16,UNKNOWN_24,さぁクーラ、こっちに来なさい!,"자, 쿠라, 이리 오렴!","자, 쿠라, 이리 오렴!"
dom1Kula_O0727_3.mes,Script/dom1Kula_O0727_3.mes,15,21,Kula,いやぁ!お兄ちゃんといっしょに<6E5C>いたい!,싫어! 오빠랑 같이<6E5C>있고 싶어!,싫어! 오빠랑 같이<6E5C>있고 싶어!
dom1Kula_O0727_3.mes,Script/dom1Kula_O0727_3.mes,16,30,UNKNOWN_24,その人はもうお兄ちゃんでもなんで<6E5C>もありません!行くわよ!,그 사람은 이제 오빠도 뭐도<6E5C>아니야! 가자!,그 사람은 이제 오빠도 뭐도<6E5C>아니야! 가자!
dom1Kula_O0727_3.mes,Script/dom1Kula_O0727_3.mes,17,7,Kula,うわぁあん!,으아앙!,으아앙!
dom1Kula_O0727_3.mes,Script/dom1Kula_O0727_3.mes,18,5,[효과음/내레이션],バタン!,쾅!,쾅!
dom1Kula_O0727_3.mes,Script/dom1Kula_O0727_3.mes,19,10,[효과음/내레이션],ブロロロロロロ……,부릉부릉……,부릉부릉……
dom1Kula_O0727_3.mes,Script/dom1Kula_O0727_3.mes,20,5,[효과음/내레이션],…………,……,……
dom1Kula_O0727_3.mes,Script/dom1Kula_O0727_3.mes,21,14,주인공,な、なんなんだいったい……,대 대체 뭐였던 거야……,대 대체 뭐였던 거야……
dom1Kula_O0727_3.mes,Script/dom1Kula_O0727_3.mes,22,29,UNKNOWN_25,うるさいのが消えてせぃせぃ<6E5C>したぜ.おまえらも早く帰んな,시끄러운 게 사라지니<6E5C>속 시원하다. 빨리 가라,시끄러운 게 사라지니<6E5C>속 시원하다. 빨리 가라
dom1Kula_O0727_3.mes,Script/dom1Kula_O0727_3.mes,23,7,주인공,(…………),(……),(……)
dom1Kula_O0727_4.mes,Script/dom1Kula_O0727_4.mes,0,20,주인공,(俺、何もできなかった……<6E5C>情けない),(난 아무것도 못했어……<6E5C>한심하네),(난 아무것도 못했어……<6E5C>한심하네)
dom1Kula_O0727_4.mes,Script/dom1Kula_O0727_4.mes,1,7,Kaidou,イチチチ……,아야야……,아야야……
dom1Kula_O0727_4.mes,Script/dom1Kula_O0727_4.mes,2,26,주인공,海堂、悪かったな、俺どうすること<6E5C>もできなくて……,"카이도, 미안해. 나 어쩔<6E5C>도리가 없어서……","카이도, 미안해. 나 어쩔<6E5C>도리가 없어서……"
dom1Kula_O0727_4.mes,Script/dom1Kula_O0727_4.mes,3,64,Kaidou,いーけどよ.<6E5C>ま、オレ達はナンの役にも立たな<6E5C>かったけどクーラは無事に<485C>家に戻ることができたワケじゃん.<6E5C>それでいーじゃねーか,"괜찮아.<6E5C>뭐, 우리가 별 도움은 못 됐<6E5C>지만 쿠라는 무사히<485C>집에 돌아갈 수 있었잖아.<6E5C>그거면 된 거 아니냐","괜찮아.<6E5C>뭐, 우리가 별 도움은 못 됐<6E5C>지만 쿠라는 무사히<485C>집에 돌아갈 수 있었잖아.<6E5C>그거면 된 거 아니냐"
dom1Kula_O0727_4.mes,Script/dom1Kula_O0727_4.mes,4,10,주인공,……そーだけど……,……그렇긴한데……,……그렇긴한데……
dom1Kula_O0727_4.mes,Script/dom1Kula_O0727_4.mes,5,50,Kaidou,クーラの兄貴……噂には閉いてたけ<6E5C>ど、とんでもない強さだったな<485C>群れないでワルやってるだけ<6E5C>あるぜ,쿠라의 형……소문은 들었는데<6E5C>실력이 장난 아니었어.<485C>혼자 놀 만한 이유가<6E5C>있었네,쿠라의 형……소문은 들었는데<6E5C>실력이 장난 아니었어.<485C>혼자 놀 만한 이유가<6E5C>있었네
dom1Kula_O0727_4.mes,Script/dom1Kula_O0727_4.mes,6,28,주인공,クーラの兄貴はあそこで何を<6E5C>やってんだ?ひとりなのか?,쿠라 형은 거기서 뭘<6E5C>하는 거지? 혼자야?,쿠라 형은 거기서 뭘<6E5C>하는 거지? 혼자야?
dom1Kula_O0727_4.mes,Script/dom1Kula_O0727_4.mes,7,40,Kaidou,さぁ、相棒がひとりいるらしい<6E5C>けど.なんかヤバイことでも<6E5C>してんじゃねーのか?,"글쎄, 파트너가 하나 있다던데.<6E5C>뭔가 위험한 짓 하는<6E5C>거 아니냐?","글쎄, 파트너가 하나 있다던데.<6E5C>뭔가 위험한 짓 하는<6E5C>거 아니냐?"
dom1Kula_O0727_4.mes,Script/dom1Kula_O0727_4.mes,8,5,주인공,…………,……,……
dom1Kula_O0727_4.mes,Script/dom1Kula_O0727_4.mes,9,39,Kaidou,クーラも戻ったことだし、オレ達も<6E5C>関わらないコトだな.ロクな目に<6E5C>あわないぜ,쿠라도 돌아갔으니<6E5C>이제 관여 안 하는 게 낫겠어.<6E5C>좋은 꼴 못 봐,쿠라도 돌아갔으니<6E5C>이제 관여 안 하는 게 낫겠어.<6E5C>좋은 꼴 못 봐
dom1Kula_O0727_4.mes,Script/dom1Kula_O0727_4.mes,10,3,주인공,あぁ,그래,그래
dom1Kula_O0727_4.mes,Script/dom1Kula_O0727_4.mes,11,5,Kaidou,じゃーな,그럼간다,그럼간다
dom1Kula_O0727_4.mes,Script/dom1Kula_O0727_4.mes,12,10,주인공,あぁ、早く傷治せよ,그래 빨리 나아라,그래 빨리 나아라
dom1Kula_O0727_4.mes,Script/dom1Kula_O0727_4.mes,13,10,주인공,(……クーラ……),(……쿠라……),(……쿠라……)
dom1Kula_O0728_0.mes,Script/dom1Kula_O0728_0.mes,0,11,[효과음/내레이션],プルルル…プルルル…,따르릉… 따르릉…,따르릉… 따르릉…
dom1Kula_O0728_0.mes,Script/dom1Kula_O0728_0.mes,1,5,[효과음/내레이션],ガチャッ,달칵,달칵
dom1Kula_O0728_0.mes,Script/dom1Kula_O0728_0.mes,2,13,UNKNOWN_1a,……んぁ~、もしもしぃ?,"……음, 여보세요?","……음, 여보세요?"
dom1Kula_O0728_0.mes,Script/dom1Kula_O0728_0.mes,3,13,주인공,あ、海堂?俺、<이름:3131>だけど,"아, 카이도? <이름:3131>인데","아, 카이도? <이름:3131>인데"
dom1Kula_O0728_0.mes,Script/dom1Kula_O0728_0.mes,4,55,Kaidou,<이름:3131>!?<6E5C>な、なんでオレ様のケータイ番号<6E5C>知ってんだよ!<485C>しかもこんな朝っぱらから<6E5C>かけてきて、ナンの用だ!,"<이름:3131>!?<6E5C>너, 어떻게 내 핸드폰 번호를<6E5C>아는 거야!<485C>게다가 이런 아침부터<6E5C>전화해서 무슨 용건이야!","<이름:3131>!?<6E5C>너, 어떻게 내 핸드폰 번호를<6E5C>아는 거야!<485C>게다가 이런 아침부터<6E5C>전화해서 무슨 용건이야!"
dom1Kula_O0728_0.mes,Script/dom1Kula_O0728_0.mes,5,37,주인공,ユリさんに教えてもらったんだ.<6E5C>……あのな海堂、クーラのこと<6E5C>なんだけど,"유리 누나한테 들었어.<6E5C>……저기 카이도, 쿠라 얘기<6E5C>인데","유리 누나한테 들었어.<6E5C>……저기 카이도, 쿠라 얘기<6E5C>인데"
dom1Kula_O0728_0.mes,Script/dom1Kula_O0728_0.mes,6,10,Kaidou,クーラがどーした?,쿠라가 왜?,쿠라가 왜?
dom1Kula_O0728_0.mes,Script/dom1Kula_O0728_0.mes,7,13,주인공,住所、教えてくれないか?,주소 좀 알려줄래?,주소 좀 알려줄래?
dom1Kula_O0728_0.mes,Script/dom1Kula_O0728_0.mes,8,5,Kaidou,…………,……,……
dom1Kula_O0728_0.mes,Script/dom1Kula_O0728_0.mes,9,6,주인공,……海堂?,…카이도?,…카이도?
dom1Kula_O0728_0.mes,Script/dom1Kula_O0728_0.mes,10,31,Kaidou,ンだとぉ!?テメー、クーラの<6E5C>住所調べてどーするつもりだぁ!,"뭐라고!? 너, 쿠라 주소는<6E5C>알아서 뭘 어쩌려는 거야!","뭐라고!? 너, 쿠라 주소는<6E5C>알아서 뭘 어쩌려는 거야!"
dom1Kula_O0728_0.mes,Script/dom1Kula_O0728_0.mes,11,37,주인공,そんな怒鳴るなよ.ちょっと心配だ<6E5C>から様子見ようと思っただけじゃな<6E5C>いか,그렇게 소리치지 마.<6E5C>그냥 걱정돼서 상태 좀 보려<6E5C>했을 뿐이잖아,그렇게 소리치지 마.<6E5C>그냥 걱정돼서 상태 좀 보려<6E5C>했을 뿐이잖아
dom1Kula_O0728_0.mes,Script/dom1Kula_O0728_0.mes,12,35,Kaidou,様子見ようったって、どーせあの<6E5C>教育ママのお出ましだろ.<6E5C>会えねーよ,가봤자 어차피 극성 엄마<6E5C>나올 텐데. 못 만나,가봤자 어차피 극성 엄마<6E5C>나올 텐데. 못 만나
dom1Kula_O0728_0.mes,Script/dom1Kula_O0728_0.mes,13,26,주인공,でも……じっとしてるのは嫌なん<6E5C>だ.気になって……,그래도……가만있는 건 싫어.<6E5C>신경 쓰여서……,그래도……가만있는 건 싫어.<6E5C>신경 쓰여서……
dom1Kula_O0728_0.mes,Script/dom1Kula_O0728_0.mes,14,44,Kaidou,……しかたねぇな.中等部に行って<6E5C>名簿見てきてやるよ.わかったらか<6E5C>けなおす.イイな?,……어쩔 수 없지. 중등부 가서<6E5C>명부 보고 올게. 알면<6E5C>다시 걸게. 알았지?,……어쩔 수 없지. 중등부 가서<6E5C>명부 보고 올게. 알면<6E5C>다시 걸게. 알았지?
dom1Kula_O0728_0.mes,Script/dom1Kula_O0728_0.mes,15,4,주인공,あぁ!,그래!,그래!
dom1Kula_O0728_0.mes,Script/dom1Kula_O0728_0.mes,16,3,[효과음/내레이션],ピッ,삐,삐
dom1Kula_O0728_1.mes,Script/dom1Kula_O0728_1.mes,0,25,주인공,……で、なんでイリュージョンに向<6E5C>かってるんだ?,"……근데, 왜 일루전으로<6E5C>가고 있는 거야?","……근데, 왜 일루전으로<6E5C>가고 있는 거야?"
dom1Kula_O0728_1.mes,Script/dom1Kula_O0728_1.mes,1,31,Kaidou,あの教育ママに呼びつけられた.<6E5C>娘に面会させる前に面接だとよ,극성 엄마가 불렀어.<6E5C>딸 만나기 전에 면접 본대,극성 엄마가 불렀어.<6E5C>딸 만나기 전에 면접 본대
dom1Kula_O0728_1.mes,Script/dom1Kula_O0728_1.mes,2,11,주인공,本当にお嬢様なんだな,진짜 아가씨였구나,진짜 아가씨였구나
dom1Kula_O0728_1.mes,Script/dom1Kula_O0728_1.mes,3,29,Kaidou,ま、オレもクーラのことは気になっ<6E5C>てたし付き合ってやるよ,"뭐, 나도 쿠라 일이 신경<6E5C>쓰였으니 같이 가주지","뭐, 나도 쿠라 일이 신경<6E5C>쓰였으니 같이 가주지"
dom1Kula_O0728_1.mes,Script/dom1Kula_O0728_1.mes,4,17,주인공,昨日の傷、もう消えてるみたいだな,어제 상처 벌써 나은 거 같네,어제 상처 벌써 나은 거 같네
dom1Kula_O0728_1.mes,Script/dom1Kula_O0728_1.mes,5,32,Kaidou,オレ様はきたえかたが違うからな.<6E5C>あれぐらいどーってことねーよ,난 단련하는 게 다르니까.<6E5C>그 정도는 별거 아니지,난 단련하는 게 다르니까.<6E5C>그 정도는 별거 아니지
dom1Kula_O0728_1.mes,Script/dom1Kula_O0728_1.mes,6,37,주인공,……ちゃんと調べてくれたうえに<6E5C>連絡までとってくれたんだな.<6E5C>すまねぇな,……제대로 알아봐 준 것도<6E5C>모자라 연락까지 해줬구나.<6E5C>고맙다,……제대로 알아봐 준 것도<6E5C>모자라 연락까지 해줬구나.<6E5C>고맙다
dom1Kula_O0728_1.mes,Script/dom1Kula_O0728_1.mes,7,166,Kaidou,ついでにほかのことも調べてやっ<6E5C>た.クーラ。ダイアモンド、<6E5C>5月29日生まれ、<485C>身長169cm(自称)、体重48kg.<6E5C>血夜型不明、大切なものは<6E5C>人形の『キャンディー』、<485C>趣味は『キャンディー』修復の<6E5C>パーツを集めること<485C>好きな食べ物は<6E5C>いちごシャーベット、<6E5C>ペロペロキャンディー<485C>嫌いなものは人ごみと淡.<6E5C>得意スポーツはスケート,"덤으로 다른 것도 알아봐<6E5C>줬다. 쿠라 다이아몬드,<6E5C>5월 29일생,<485C>키 169cm(자칭), 체중 48kg.<6E5C>혈액형 불명, 소중한 것은<6E5C>인형 『캔디』,<485C>취미는 『캔디』 수리용<6E5C>부품 모으기,<485C>좋아하는 음식은<6E5C>딸기 셔벗,<6E5C>막대사탕,<485C>싫어하는 건 인파와 소음.<6E5C>특기 스포츠는 스케이트","덤으로 다른 것도 알아봐<6E5C>줬다. 쿠라 다이아몬드,<6E5C>5월 29일생,<485C>키 169cm(자칭), 체중 48kg.<6E5C>혈액형 불명, 소중한 것은<6E5C>인형 『캔디』,<485C>취미는 『캔디』 수리용<6E5C>부품 모으기,<485C>좋아하는 음식은<6E5C>딸기 셔벗,<6E5C>막대사탕,<485C>싫어하는 건 인파와 소음.<6E5C>특기 스포츠는 스케이트"
dom1Kula_O0728_1.mes,Script/dom1Kula_O0728_1.mes,8,8,주인공,徹底的だな……,철저하네……,철저하네……
dom1Kula_O0728_1.mes,Script/dom1Kula_O0728_1.mes,9,42,Kaidou,オレは何でもやり出したら徹底的<6E5C>なんだよ.凝り性だからな.<6E5C>で、スリーサイズは……,"난 뭐든 시작하면 철저하게<6E5C>하는 성격이거든. 그래서, 쓰리 사이즈는……","난 뭐든 시작하면 철저하게<6E5C>하는 성격이거든. 그래서, 쓰리 사이즈는……"
dom1Kula_O0728_1.mes,Script/dom1Kula_O0728_1.mes,10,51,주인공,いや、そういうのはいらないだろ<6E5C>う.というかどうやって調べたん<6E5C>だ<485C>おまえがちょっと怖くなってきたぞ,"아니, 그런 건 필요 없잖아.<6E5C>근데 대체 어떻게 알아낸<6E5C>거야<485C>너 좀 무서워지기 시작했어","아니, 그런 건 필요 없잖아.<6E5C>근데 대체 어떻게 알아낸<6E5C>거야<485C>너 좀 무서워지기 시작했어"
dom1Kula_O0728_1.mes,Script/dom1Kula_O0728_1.mes,11,14,Kaidou,ああん!?人がせっかく……,아앙!? 사람이모처럼……,아앙!? 사람이모처럼……
dom1Kula_O0728_1.mes,Script/dom1Kula_O0728_1.mes,12,16,주인공,ほら、イリュージョンまできたぞ,"봐, 일루전까지 왔어","봐, 일루전까지 왔어"
dom1Kula_O0728_1.mes,Script/dom1Kula_O0728_1.mes,13,17,Kaidou,もう来ているだろな、あの教育ママ,"벌써 와있겠지, 그 극성 엄마","벌써 와있겠지, 그 극성 엄마"
dom1Kula_O0728_1.mes,Script/dom1Kula_O0728_1.mes,14,11,[효과음/내레이션],♪カランコロンカラン,딸랑딸랑,딸랑딸랑
dom1Kula_O0728_1.mes,Script/dom1Kula_O0728_1.mes,15,8,UNKNOWN_24,待っていたわよ,기다리고있었어,기다리고있었어
dom1Kula_O0728_1.mes,Script/dom1Kula_O0728_1.mes,16,25,주인공,あ、あの.<6E5C>俺、<이름:3131><이름:3232>と言います.<6E5C>今日は……,"아, 저기.<6E5C>저는 <이름:3131><이름:3232>예요.<6E5C>오늘은……","아, 저기.<6E5C>저는 <이름:3131><이름:3232>예요.<6E5C>오늘은……"
dom1Kula_O0728_1.mes,Script/dom1Kula_O0728_1.mes,17,9,UNKNOWN_24,クーラに何の用?,쿠라에게 볼일?,쿠라에게 볼일?
dom1Kula_O0728_1.mes,Script/dom1Kula_O0728_1.mes,18,9,주인공,ちょっと話が……,드릴 말씀이……,드릴 말씀이……
dom1Kula_O0728_1.mes,Script/dom1Kula_O0728_1.mes,19,9,UNKNOWN_24,どういった内容?,무슨 내용이지?,무슨 내용이지?
dom1Kula_O0728_1.mes,Script/dom1Kula_O0728_1.mes,20,8,주인공,いや、その……,아니 그게……,아니 그게……
dom1Kula_O0728_1.mes,Script/dom1Kula_O0728_1.mes,21,46,Kaidou,うざってーなオマエ!<6E5C>えー、クーラさんの友達なんで<6E5C>会わせてください<485C>遊ぶ約束してたんです,"짜증나네 너!<6E5C>저기, 쿠라 씨 친구인데<6E5C>만나게 해주세요<485C>놀기로 약속했었거든요","짜증나네 너!<6E5C>저기, 쿠라 씨 친구인데<6E5C>만나게 해주세요<485C>놀기로 약속했었거든요"
dom1Kula_O0728_1.mes,Script/dom1Kula_O0728_1.mes,22,33,UNKNOWN_24,……うちの娘にそのような荒っぽい<6E5C>男性の友人はいないはずですが?,……우리 딸에게 그런 거친<6E5C>남자 친구는 없을 텐데요?,……우리 딸에게 그런 거친<6E5C>남자 친구는 없을 텐데요?
dom1Kula_O0728_1.mes,Script/dom1Kula_O0728_1.mes,23,24,Kaidou,ウザイババァだな.<6E5C>兄貴が家出するのもわかるぜ,짜증나는 할망구.<6E5C>형이 왜 나갔는지 알겠다,짜증나는 할망구.<6E5C>형이 왜 나갔는지 알겠다
dom1Kula_O0728_1.mes,Script/dom1Kula_O0728_1.mes,24,35,주인공,おい!どうしてもクーラに会いた<6E5C>いんです.<6E5C>会わせてくれませんか!?,이봐요! 쿠라를 꼭<6E5C>만나고 싶어요.<6E5C>만나게 해주세요!,이봐요! 쿠라를 꼭<6E5C>만나고 싶어요.<6E5C>만나게 해주세요!
dom1Kula_O0728_1.mes,Script/dom1Kula_O0728_1.mes,25,54,UNKNOWN_24,……わかりました.では、貴方がた<6E5C>がうちの娘に会うのにふさわしい人<6E5C>物かどうか、<485C>テストさせていただきます,"……알겠어요. 그럼, 두 사람이<6E5C>우리 딸을 만날 자격이 있는<6E5C>사람인지,<485C>시험해 보도록 하겠어요","……알겠어요. 그럼, 두 사람이<6E5C>우리 딸을 만날 자격이 있는<6E5C>사람인지,<485C>시험해 보도록 하겠어요"
dom1Kula_O0728_1.mes,Script/dom1Kula_O0728_1.mes,26,9,UNKNOWN_12,う~ん、やっぱり,"음, 역시","음, 역시"
dom1Kula_O0728_2.mes,Script/dom1Kula_O0728_2.mes,0,20,[효과음/내레이션],第1問<020A>クーラのファミリーネーム<6E5C>は?,1번 문제<020A>쿠라의 성은 뭘까?,1번 문제<020A>쿠라의 성은 뭘까?
dom1Kula_O0728_2.mes,Script/dom1Kula_O0728_2.mes,1,10,[선택지],ダイアモンドダイアナ,다이아몬드다이아나,다이아몬드\다이아나
dom1Kula_O0728_2.mes,Script/dom1Kula_O0728_2.mes,2,7,[효과음/내레이션],◎ピンポーン,딩동댕,딩동댕
dom1Kula_O0728_2.mes,Script/dom1Kula_O0728_2.mes,3,4,[효과음/내레이션],×ブー,부우,부우
dom1Kula_O0728_2.mes,Script/dom1Kula_O0728_2.mes,4,14,[효과음/내레이션],第2問<020A>クーラの誕生日は?,2번 문제<020A>쿠라 생일은?,2번 문제<020A>쿠라 생일은?
dom1Kula_O0728_2.mes,Script/dom1Kula_O0728_2.mes,5,11,[선택지],10月12日5月29日,10월12일5월29일,10월12일\5월29일
dom1Kula_O0728_2.mes,Script/dom1Kula_O0728_2.mes,6,4,[효과음/내레이션],×ブー,부우,부우
dom1Kula_O0728_2.mes,Script/dom1Kula_O0728_2.mes,7,7,[효과음/내레이션],◎ピンポーン,딩동댕,딩동댕
dom1Kula_O0728_2.mes,Script/dom1Kula_O0728_2.mes,8,14,[효과음/내레이션],第3問<020A>クーラの血夜型は?,3번 문제<020A>쿠라 혈액형?,3번 문제<020A>쿠라 혈액형?
dom1Kula_O0728_2.mes,Script/dom1Kula_O0728_2.mes,9,5,[선택지],AB型不明,AB형불명,AB형\불명
dom1Kula_O0728_2.mes,Script/dom1Kula_O0728_2.mes,10,4,[효과음/내레이션],×ブー,부우,부우
dom1Kula_O0728_2.mes,Script/dom1Kula_O0728_2.mes,11,7,[효과음/내레이션],◎ピンポーン,딩동댕,딩동댕
dom1Kula_O0728_2.mes,Script/dom1Kula_O0728_2.mes,12,16,[효과음/내레이션],第4問<020A>クーラの大切なものは?,4번 문제<020A>쿠라 소중한 것?,4번 문제<020A>쿠라 소중한 것?
dom1Kula_O0728_2.mes,Script/dom1Kula_O0728_2.mes,13,10,[선택지],キャンディートモダチ,캔디친구,캔디\친구
dom1Kula_O0728_2.mes,Script/dom1Kula_O0728_2.mes,14,7,[효과음/내레이션],◎ピンポーン,딩동댕,딩동댕
dom1Kula_O0728_2.mes,Script/dom1Kula_O0728_2.mes,15,4,[효과음/내레이션],×ブー,부우,부우
dom1Kula_O0728_2.mes,Script/dom1Kula_O0728_2.mes,16,19,[효과음/내레이션],第5問<020A>クーラの得意なスポーツ<6E5C>は?,5번 문제<020A>쿠라의 특기 스포츠는?,5번 문제<020A>쿠라의 특기 스포츠는?
dom1Kula_O0728_2.mes,Script/dom1Kula_O0728_2.mes,17,10,[선택지],バトミントンスケート,배드민턴스케이트,배드민턴\스케이트
dom1Kula_O0728_2.mes,Script/dom1Kula_O0728_2.mes,18,4,[효과음/내레이션],×ブー,부우,부우
dom1Kula_O0728_2.mes,Script/dom1Kula_O0728_2.mes,19,7,[효과음/내레이션],◎ピンポーン,딩동댕,딩동댕
dom1Kula_O0728_2.mes,Script/dom1Kula_O0728_2.mes,20,38,UNKNOWN_24,その程度の知識じゃうちの娘と会う<6E5C>資格はございません.お引きとりく<6E5C>ださい,그 정도 지식으론 우리 딸을<6E5C>만날 자격이 없어요. 돌아가<6E5C>주세요,그 정도 지식으론 우리 딸을<6E5C>만날 자격이 없어요. 돌아가<6E5C>주세요
dom1Kula_O0728_2.mes,Script/dom1Kula_O0728_2.mes,21,17,주인공,そ、そんな!もう一度チャンスを!,그 그런! 한 번 더 기회를!,그 그런! 한 번 더 기회를!
dom1Kula_O0728_2.mes,Script/dom1Kula_O0728_2.mes,22,28,UNKNOWN_24,……しかたありません.少しだけな<6E5C>ら娘と会わせましょう,……어쩔 수 없죠. 잠깐이면<6E5C>딸을 만나게 해드리죠,……어쩔 수 없죠. 잠깐이면<6E5C>딸을 만나게 해드리죠
dom1Kula_O0728_2.mes,Script/dom1Kula_O0728_2.mes,23,5,주인공,やった!,됐다!,됐다!
dom1Kula_O0728_3.mes,Script/dom1Kula_O0728_3.mes,0,9,Kula,<이름:3232>……狂也……,<이름:3232>……쿄야……,<이름:3232>……쿄야……
dom1Kula_O0728_3.mes,Script/dom1Kula_O0728_3.mes,1,16,주인공,クーラ!よかった、やっと会えた,쿨라! 잘됐다 드디어 만났어,쿨라! 잘됐다 드디어 만났어
dom1Kula_O0728_3.mes,Script/dom1Kula_O0728_3.mes,2,7,Kaidou,心配したぜ!,걱정했다고!,걱정했다고!
dom1Kula_O0728_3.mes,Script/dom1Kula_O0728_3.mes,3,5,Kula,…………,…………,…………
dom1Kula_O0728_3.mes,Script/dom1Kula_O0728_3.mes,4,14,주인공,どうした?具合が悪いのか?,왜 그래? 어디 아파?,왜 그래? 어디 아파?
dom1Kula_O0728_3.mes,Script/dom1Kula_O0728_3.mes,5,12,Kaidou,昨日ケガでもしたのか?,어제 어디 다쳤냐?,어제 어디 다쳤냐?
dom1Kula_O0728_3.mes,Script/dom1Kula_O0728_3.mes,6,24,Kula,おねがい<이름:3232>、狂也!<6E5C>クーラをここから出して!,부탁이야 <이름:3232> 쿄야!<6E5C>쿨라를 여기서 꺼내줘,부탁이야 <이름:3232> 쿄야!<6E5C>쿨라를 여기서 꺼내줘
dom1Kula_O0728_3.mes,Script/dom1Kula_O0728_3.mes,7,3,UNKNOWN_12,え?,어?,어?
dom1Kula_O0728_3.mes,Script/dom1Kula_O0728_3.mes,8,44,Kula,やっぱりイヤだよ!お兄ちゃんの<6E5C>いない家なんてキライ!クーラを<6E5C>お兄ちゃんに会わせて!,역시 싫어! 오빠 없는<6E5C>집 같은 거 싫어! 쿨라를<6E5C>오빠한테 만나게 해줘!,역시 싫어! 오빠 없는<6E5C>집 같은 거 싫어! 쿨라를<6E5C>오빠한테 만나게 해줘!
dom1Kula_O0728_3.mes,Script/dom1Kula_O0728_3.mes,9,24,주인공,……クーラ、またあそこに行くつも<6E5C>りなのか……,"……쿨라, 또 거기 갈 생각인<6E5C>거야……","……쿨라, 또 거기 갈 생각인<6E5C>거야……"
dom1Kula_O0728_3.mes,Script/dom1Kula_O0728_3.mes,10,43,Kula,お兄ちゃんがいないとさみしい<6E5C>…….クーラはいつでもお兄<6E5C>ちゃんのそばにいたいよ……,오빠가 없으면 외로워<6E5C>…….쿨라는 언제나 오빠<6E5C>곁에 있고 싶어……,오빠가 없으면 외로워<6E5C>…….쿨라는 언제나 오빠<6E5C>곁에 있고 싶어……
dom1Kula_O0728_3.mes,Script/dom1Kula_O0728_3.mes,11,30,Kaidou,あんな兄貴のドコがいーんだよ.<6E5C>めちゃくちゃワルじゃねーか,그딴 형 어디가 좋다는 거야.<6E5C>완전 양아치잖아,그딴 형 어디가 좋다는 거야.<6E5C>완전 양아치잖아
dom1Kula_O0728_3.mes,Script/dom1Kula_O0728_3.mes,12,5,Kula,…………,…………,…………
dom1Kula_O0728_3.mes,Script/dom1Kula_O0728_3.mes,13,52,주인공,……クーラ、お兄ちゃんを好きなの<6E5C>はわかるけど、家出はよくないよ<485C>クーラはママのことも好きなんだ<6E5C>ろ?,"……쿨라, 오빠를 좋아하는 건<6E5C>알겠지만, 가출은 안 좋아<485C>쿨라도 엄마를 좋아하잖<6E5C>아?","……쿨라, 오빠를 좋아하는 건<6E5C>알겠지만, 가출은 안 좋아<485C>쿨라도 엄마를 좋아하잖<6E5C>아?"
dom1Kula_O0728_3.mes,Script/dom1Kula_O0728_3.mes,14,5,Kula,…………,…………,…………
dom1Kula_O0728_3.mes,Script/dom1Kula_O0728_3.mes,15,49,주인공,だったらママを悲しませたらダメ<6E5C>だ.お兄ちゃんと会うのは、<485C>ママと話し合ってからに<6E5C>したらどうだ,그럼 엄마를 슬프게 하면 안<6E5C>돼. 오빠랑 만나는 건<485C>엄마랑 얘기하고 나서<6E5C>하는 게 어때,그럼 엄마를 슬프게 하면 안<6E5C>돼. 오빠랑 만나는 건<485C>엄마랑 얘기하고 나서<6E5C>하는 게 어때
dom1Kula_O0728_3.mes,Script/dom1Kula_O0728_3.mes,16,66,Kula,ダメだよ!昨日のコトでカンカン<6E5C>に怒ってるもん.ママはお兄ちゃん<6E5C>が大キライだし<485C>夏休みは一歩も外に出たら<6E5C>ダメだって言ってるもん,안 돼! 어제 일로 엄청<6E5C>화났어 엄마는 오빠를<6E5C>완전 싫어하고<485C>여름방학엔 한 발짝도 밖에 나가면<6E5C>안 된다고 했단 말이야,안 돼! 어제 일로 엄청<6E5C>화났어 엄마는 오빠를<6E5C>완전 싫어하고<485C>여름방학엔 한 발짝도 밖에 나가면<6E5C>안 된다고 했단 말이야
dom1Kula_O0728_3.mes,Script/dom1Kula_O0728_3.mes,17,17,Kaidou,そりゃヒデー.まぁ言いそうだけど,심하네. 뭐 그럴 만하지만,심하네. 뭐 그럴 만하지만
dom1Kula_O0728_3.mes,Script/dom1Kula_O0728_3.mes,18,43,Kula,そんなのたえられない!おねがい、<6E5C>クーラを出して!ぜったいバレ<6E5C>ないようにするから!,그런 거 못 참아! 부탁이야<6E5C>쿨라를 내보내줘! 절대 안 걸<6E5C>리게 할 테니까!,그런 거 못 참아! 부탁이야<6E5C>쿨라를 내보내줘! 절대 안 걸<6E5C>리게 할 테니까!
dom1Kula_O0728_3.mes,Script/dom1Kula_O0728_3.mes,19,12,주인공,バレないようにって……,안 걸리게 하다니……,안 걸리게 하다니……
dom1Kula_O0728_3.mes,Script/dom1Kula_O0728_3.mes,20,31,Kula,お人形のキャンディーに変装させて<6E5C>身代わりになってもらうよ!,인형 캔디한테 변장시켜서<6E5C>대신 있게 할 거야!,인형 캔디한테 변장시켜서<6E5C>대신 있게 할 거야!
dom1Kula_O0728_3.mes,Script/dom1Kula_O0728_3.mes,21,16,Kaidou,身代わり?そんなコトできるの?,대신? 그런 게 되냐?,대신? 그런 게 되냐?
dom1Kula_O0728_3.mes,Script/dom1Kula_O0728_3.mes,22,21,Kula,夕方までに帰ればダイジョーブだ<6E5C>よ!ね?,저녁까지 돌아오면 괜찮<6E5C>아! 그치?,저녁까지 돌아오면 괜찮<6E5C>아! 그치?
dom1Kula_O0728_3.mes,Script/dom1Kula_O0728_3.mes,23,6,주인공,う~ん……,음……,음……
dom1Kula_O0728_3.mes,Script/dom1Kula_O0728_3.mes,24,6,Kula,オネガイ!,부탁이야!,부탁이야!
dom1Kula_O0728_3.mes,Script/dom1Kula_O0728_3.mes,25,44,주인공,……じゃあ、決してあの工場には行<6E5C>かないと約束するんだったら、抜け<6E5C>出す手伝いをするよ,"……그럼, 그 공장에는 절대 안<6E5C>간다고 약속하면, 빠져<6E5C>나오는 거 도와줄게","……그럼, 그 공장에는 절대 안<6E5C>간다고 약속하면, 빠져<6E5C>나오는 거 도와줄게"
dom1Kula_O0728_3.mes,Script/dom1Kula_O0728_3.mes,26,4,Kula,え……,어……,어……
dom1Kula_O0728_3.mes,Script/dom1Kula_O0728_3.mes,27,46,주인공,やっぱりあそこにクーラを行かせる<6E5C>ことはできない.それがなければ、<6E5C>遊びに出すことはできる,"역시 거기에 쿨라를 보낼<6E5C>수는 없어. 그것만 아니면,<6E5C>놀러 나가는 건 괜찮아","역시 거기에 쿨라를 보낼<6E5C>수는 없어. 그것만 아니면,<6E5C>놀러 나가는 건 괜찮아"
dom1Kula_O0728_3.mes,Script/dom1Kula_O0728_3.mes,28,20,Kula,……わかった.クーラ、それでも<6E5C>イーヨ,"……알았어. 쿨라, 그거라도<6E5C>좋아","……알았어. 쿨라, 그거라도<6E5C>좋아"
dom1Kula_O0728_3.mes,Script/dom1Kula_O0728_3.mes,29,30,주인공,よし!じゃあ、明日の朝迎えに来<6E5C>るから、窓から合図してくれ,"좋아! 내일 아침 데리러<6E5C>올 테니, 창문으로 신호해줘","좋아! 내일 아침 데리러<6E5C>올 테니, 창문으로 신호해줘"
dom1Kula_O0728_3.mes,Script/dom1Kula_O0728_3.mes,30,17,Kula,わかった!<6E5C>アリガト<이름:3232>、狂也!,"알았어!<6E5C>고마워<이름:3232>, 쿄야!","알았어!<6E5C>고마워<이름:3232>, 쿄야!"
dom1Kula_O0728_3.mes,Script/dom1Kula_O0728_3.mes,31,3,주인공,ああ,그래,그래
dom1Kula_O0728_4.mes,Script/dom1Kula_O0728_4.mes,0,35,주인공,……はぁ、大変なこと引き受け<6E5C>ちゃったけど、これで良かったん<6E5C>だよな,"……하아, 큰일을 떠맡아<6E5C>버렸는데, 이걸로 잘한<6E5C>거겠지","……하아, 큰일을 떠맡아<6E5C>버렸는데, 이걸로 잘한<6E5C>거겠지"
dom1Kula_O0728_4.mes,Script/dom1Kula_O0728_4.mes,1,26,Kaidou,イーだろ!明日はクーラとどこに<6E5C>行く?楽しみだな!,좋잖아!내일은 쿨라랑 어디<6E5C>갈 거야?기대되는데,좋잖아!내일은 쿨라랑 어디<6E5C>갈 거야?기대되는데
dom1Kula_O0728_4.mes,Script/dom1Kula_O0728_4.mes,2,34,주인공,脳天気なやつ…….無断で家を抜け<6E5C>出させるなんて責任重大だってのに,생각 없는 녀석…….몰래 집을<6E5C>나가게 하다니 책임 막중한데,생각 없는 녀석…….몰래 집을<6E5C>나가게 하다니 책임 막중한데
dom1Kula_O0728_4.mes,Script/dom1Kula_O0728_4.mes,3,54,Kaidou,自分で言ったんじゃねーか!<485C>だいたいクーラと親しいワケでも<6E5C>ねーのに、やけに熱心だな<6E5C>オマエ.好きなのか?,"네가 그렇게 말했잖아!<485C>애초에 쿨라랑 친한 것도<6E5C>아니면서, 되게 열심이네<6E5C>너. 좋아하는 거냐?","네가 그렇게 말했잖아!<485C>애초에 쿨라랑 친한 것도<6E5C>아니면서, 되게 열심이네<6E5C>너. 좋아하는 거냐?"
dom1Kula_O0728_4.mes,Script/dom1Kula_O0728_4.mes,4,5,주인공,えぇ!?,뭐!?,뭐!?
dom1Kula_O0728_4.mes,Script/dom1Kula_O0728_4.mes,5,16,[선택지],可愛い妹だと思う好きかもしれない,귀여운 여동생 같다좋아할지도,귀여운 여동생 같다\좋아할지도
dom1Kula_O0728_4.mes,Script/dom1Kula_O0728_4.mes,6,27,주인공,いや…….可愛くて、妹みたいだ<6E5C>なぁとは思うけど……,아니…….귀엽고 여동생 같다<6E5C>고는 생각하지만……,아니…….귀엽고 여동생 같다<6E5C>고는 생각하지만……
dom1Kula_O0728_4.mes,Script/dom1Kula_O0728_4.mes,7,15,Kaidou,ハッ!ありきたりなセリフだな,핫! 완전 뻔한 대사네,핫! 완전 뻔한 대사네
dom1Kula_O0728_4.mes,Script/dom1Kula_O0728_4.mes,8,16,주인공,そーゆーおまえはどーなんだよ!,그러는 너는 어떤데!,그러는 너는 어떤데!
dom1Kula_O0728_4.mes,Script/dom1Kula_O0728_4.mes,9,22,Kaidou,オレは好きだぜ?カワイイ子なら<6E5C>みんなな!,난 좋아하는데?귀여운 애라면<6E5C>다 좋아!,난 좋아하는데?귀여운 애라면<6E5C>다 좋아!
dom1Kula_O0728_4.mes,Script/dom1Kula_O0728_4.mes,10,10,주인공,節操のないやつ……,지조 없는녀석……,지조 없는녀석……
dom1Kula_O0728_4.mes,Script/dom1Kula_O0728_4.mes,11,36,Kaidou,ま、妹だと思うんなら、明日はくれ<6E5C>ぐれもオレとクーラの邪魔すんな<6E5C>よ!,"뭐, 여동생이라고 생각한다면<6E5C>내일은 나랑 쿨라 사이<6E5C>방해하지 마","뭐, 여동생이라고 생각한다면<6E5C>내일은 나랑 쿨라 사이<6E5C>방해하지 마"
dom1Kula_O0728_4.mes,Script/dom1Kula_O0728_4.mes,12,15,주인공,なんだよそりゃ!ふざけるな!,그게 뭔데!장난치지 마!,그게 뭔데!장난치지 마!
dom1Kula_O0728_4.mes,Script/dom1Kula_O0728_4.mes,13,23,Kaidou,冗談だよアホ!真に受けるな.<6E5C>じゃーアバヨ!,농담이야 진지하게 굴지 마.<6E5C>그럼 안녕!,농담이야 진지하게 굴지 마.<6E5C>그럼 안녕!
dom1Kula_O0728_4.mes,Script/dom1Kula_O0728_4.mes,14,25,주인공,(……たしかに、変に熱心かもしれ<6E5C>ないな……俺),(……확실히 이상하게 열심<6E5C>인지도몰라……나),(……확실히 이상하게 열심<6E5C>인지도몰라……나)
dom1Kula_O0728_4.mes,Script/dom1Kula_O0728_4.mes,15,17,주인공,うーん……好きかもしれないな……,음……좋아하는지도……,음……좋아하는지도……
dom1Kula_O0728_4.mes,Script/dom1Kula_O0728_4.mes,16,14,Kaidou,マジかよ!それってロリ……,진짜냐!그거 완전로리……,진짜냐!그거 완전로리……
dom1Kula_O0728_4.mes,Script/dom1Kula_O0728_4.mes,17,15,주인공,わーっ!そんなんじゃねーよ!,으악!그런 거 아니야!,으악!그런 거 아니야!
dom1Kula_O0728_4.mes,Script/dom1Kula_O0728_4.mes,18,45,Kaidou,……まぁ、気になる存在ってのはわ<6E5C>かるぜ.なんでかかまっちゃうんだ<6E5C>よな、クーラのことは,"……뭐, 신경 쓰이는 존재란 건<6E5C>알겠어. 왠지 자꾸 챙기게 되<6E5C>더라 쿨라 말이야","……뭐, 신경 쓰이는 존재란 건<6E5C>알겠어. 왠지 자꾸 챙기게 되<6E5C>더라 쿨라 말이야"
dom1Kula_O0728_4.mes,Script/dom1Kula_O0728_4.mes,19,30,주인공,そーだな……知らず知らずに振り回<6E5C>されちゃうっていうか……,그러네……나도 모르게 휘둘<6E5C>리게 된달까……,그러네……나도 모르게 휘둘<6E5C>리게 된달까……
dom1Kula_O0728_4.mes,Script/dom1Kula_O0728_4.mes,20,28,Kaidou,……それって完全にハマってるのか<6E5C>もしれないぜ、オマエ,"……그거 완전히 빠진 거일<6E5C>지도 몰라, 너","……그거 완전히 빠진 거일<6E5C>지도 몰라, 너"
dom1Kula_O0728_4.mes,Script/dom1Kula_O0728_4.mes,21,5,주인공,…………,…………,…………
dom1Kula_O0728_4.mes,Script/dom1Kula_O0728_4.mes,22,45,Kaidou,ま、あんな教育ママと兄貴に守られ<6E5C>てたら、手も足も出ねぇけどな.<6E5C>気をつけろよ!じゃーな,뭐 저런 극성 엄마랑 형이<6E5C>지키고 있으니 손도 못 대겠지만.<6E5C>조심해라!그럼 간다,뭐 저런 극성 엄마랑 형이<6E5C>지키고 있으니 손도 못 대겠지만.<6E5C>조심해라!그럼 간다
dom1Kula_O0728_4.mes,Script/dom1Kula_O0728_4.mes,23,27,주인공,(……まさか、ハマってるってこと<6E5C>ないよな、俺……),"(……설마, 빠진 거 아니<6E5C>겠지, 나……)","(……설마, 빠진 거 아니<6E5C>겠지, 나……)"
dom1Kula_O0729_0.mes,Script/dom1Kula_O0729_0.mes,0,39,주인공,(うう、はたしてバレずに家から出<6E5C>してやることができるんだろうか.<6E5C>不安だ),"(으으, 과연 안 걸리고 집에서<6E5C>빼내줄 수 있을까.<6E5C>불안하다)","(으으, 과연 안 걸리고 집에서<6E5C>빼내줄 수 있을까.<6E5C>불안하다)"
dom1Kula_O0729_0.mes,Script/dom1Kula_O0729_0.mes,1,13,UNKNOWN_1a,シケた顔すんなよ、<이름:3131>!,우울한 얼굴 마 <이름:3131>!,우울한 얼굴 마 <이름:3131>!
dom1Kula_O0729_0.mes,Script/dom1Kula_O0729_0.mes,2,25,Kaidou,これからクーラに会うってゆーのに<6E5C>どーした.あ?,이제 쿨라 만나러 간다면서<6E5C>왜 그래. 어?,이제 쿨라 만나러 간다면서<6E5C>왜 그래. 어?
dom1Kula_O0729_0.mes,Script/dom1Kula_O0729_0.mes,3,23,주인공,……おまえは何も心配事がなさそー<6E5C>でいいよな,……넌 아무 걱정도 없어<6E5C>보여서 좋겠다,……넌 아무 걱정도 없어<6E5C>보여서 좋겠다
dom1Kula_O0729_0.mes,Script/dom1Kula_O0729_0.mes,4,51,Kaidou,アホか!<6E5C>案ずるよりナントカって言うだろ!<6E5C>考えるより行動しろ!<485C>だからオマエはフヌケ野郎<6E5C>なんだよ,바보냐!<6E5C>걱정보다 뭐라 하잖아!<6E5C>생각보다 행동해라!<485C>그러니까 넌 겁쟁이<6E5C>인 거야,바보냐!<6E5C>걱정보다 뭐라 하잖아!<6E5C>생각보다 행동해라!<485C>그러니까 넌 겁쟁이<6E5C>인 거야
dom1Kula_O0729_0.mes,Script/dom1Kula_O0729_0.mes,5,15,주인공,言いたいこといいやがって……,하고 싶은 말만 하고서……,하고 싶은 말만 하고서……
dom1Kula_O0729_0.mes,Script/dom1Kula_O0729_0.mes,6,14,Kaidou,ホラ、クーラの家についたぜ,봐라 쿨라네 집 다 왔다,봐라 쿨라네 집 다 왔다
dom1Kula_O0729_0.mes,Script/dom1Kula_O0729_0.mes,7,26,주인공,あぁ…….あ!クーラが2階の窓<6E5C>から手を振ってる!,아…….아!쿨라가 2층 창<6E5C>에서 손 흔들어!,아…….아!쿨라가 2층 창<6E5C>에서 손 흔들어!
dom1Kula_O0729_0.mes,Script/dom1Kula_O0729_0.mes,8,24,Kaidou,おいおい、アイツあそこから飛び降<6E5C>りる気だぞ!,야야 쟤 저기서 뛰어내<6E5C>릴 생각이야!,야야 쟤 저기서 뛰어내<6E5C>릴 생각이야!
dom1Kula_O0729_0.mes,Script/dom1Kula_O0729_0.mes,9,9,Kula,うけとめてねー!,받아줘!,받아줘!
dom1Kula_O0729_0.mes,Script/dom1Kula_O0729_0.mes,10,8,주인공,んなムチャな!,그런 무모한!,그런 무모한!
dom1Kula_O0729_0.mes,Script/dom1Kula_O0729_0.mes,11,9,Kaidou,ウワッ、落ちる!,으악 떨어진다!,으악 떨어진다!
dom1Kula_O0729_0.mes,Script/dom1Kula_O0729_0.mes,12,12,[선택지],左でキャッチ右でキャッチ,왼손받기오른손받기,왼손받기\오른손받기
dom1Kula_O0729_0.mes,Script/dom1Kula_O0729_0.mes,13,4,주인공,わーっ,으악,으악
dom1Kula_O0729_0.mes,Script/dom1Kula_O0729_0.mes,14,4,[효과음/내레이션],ヒュー,휘이잉,휘이잉
dom1Kula_O0729_0.mes,Script/dom1Kula_O0729_0.mes,15,5,[효과음/내레이션],ドシン!,쿵!,쿵!
dom1Kula_O0729_0.mes,Script/dom1Kula_O0729_0.mes,16,5,[효과음/내레이션],…………,…………,…………
dom1Kula_O0729_0.mes,Script/dom1Kula_O0729_0.mes,17,17,Kula,<이름:3232>ナイスキャッチ!<6E5C>助かったぁ,<이름:3232>나이스 캐치!<6E5C>살았다,<이름:3232>나이스 캐치!<6E5C>살았다
dom1Kula_O0729_0.mes,Script/dom1Kula_O0729_0.mes,18,10,주인공,い……いってぇ!!,아……아파!!,아……아파!!
dom1Kula_O0729_0.mes,Script/dom1Kula_O0729_0.mes,19,14,Kaidou,クーラ!ムチャしすぎだぞ!,쿨라!너무 무모했잖아!,쿨라!너무 무모했잖아!
dom1Kula_O0729_0.mes,Script/dom1Kula_O0729_0.mes,20,39,Kula,だってぇ、玄関からは出れないでし<6E5C>ょお?キャハハ!ふたりともお<6E5C>もしろい顔!,"그치만, 현관으로는 못 나가잖<6E5C>아? 캬하하!둘 다 완전<6E5C>웃긴 얼굴!","그치만, 현관으로는 못 나가잖<6E5C>아? 캬하하!둘 다 완전<6E5C>웃긴 얼굴!"
dom1Kula_O0729_0.mes,Script/dom1Kula_O0729_0.mes,21,38,주인공,(こ、こんな調子で今日一日やって<6E5C>いけるんだろうか……やっぱり不安<6E5C>……),"(이, 이런 식으로 오늘 하루<6E5C>버틸 수 있을까……역시 불안<6E5C>……)","(이, 이런 식으로 오늘 하루<6E5C>버틸 수 있을까……역시 불안<6E5C>……)"
dom1Kula_O0729_0.mes,Script/dom1Kula_O0729_0.mes,22,4,주인공,わーっ,으악,으악
dom1Kula_O0729_0.mes,Script/dom1Kula_O0729_0.mes,23,4,[효과음/내레이션],ヒュー,휘이잉,휘이잉
dom1Kula_O0729_0.mes,Script/dom1Kula_O0729_0.mes,24,5,[효과음/내레이션],ドシン!,쿵!,쿵!
dom1Kula_O0729_0.mes,Script/dom1Kula_O0729_0.mes,25,5,[효과음/내레이션],…………,…………,…………
dom1Kula_O0729_0.mes,Script/dom1Kula_O0729_0.mes,26,16,Kula,狂也ナイスキャッチ!助かったぁ,쿄야 나이스 캐치!살았다,쿄야 나이스 캐치!살았다
dom1Kula_O0729_0.mes,Script/dom1Kula_O0729_0.mes,27,8,Kaidou,イッテーーー!,아야야얏!,아야야얏!
dom1Kula_O0729_0.mes,Script/dom1Kula_O0729_0.mes,28,21,주인공,あ、海堂が受け止めたのか.<6E5C>良かった……,"아, 카이도가 받아줬구나.<6E5C>다행……","아, 카이도가 받아줬구나.<6E5C>다행……"
dom1Kula_O0729_0.mes,Script/dom1Kula_O0729_0.mes,29,21,Kaidou,いきなり落ちてくるヤツがあるか、<6E5C>アホ!,"갑자기 떨어지는 게 어딨냐,<6E5C>바보야!","갑자기 떨어지는 게 어딨냐,<6E5C>바보야!"
dom1Kula_O0729_0.mes,Script/dom1Kula_O0729_0.mes,30,36,Kula,だってぇ、玄関からは出れないでし<6E5C>ょお?キャハハ!狂也、腕が真<6E5C>っ赤!,"그치만, 현관으로는 못 나가잖<6E5C>아? 캬하하!쿄야 팔이 새빨<6E5C>개!","그치만, 현관으로는 못 나가잖<6E5C>아? 캬하하!쿄야 팔이 새빨<6E5C>개!"
dom1Kula_O0729_0.mes,Script/dom1Kula_O0729_0.mes,31,8,Kaidou,ダレのせいだ!,누구 탓인데!,누구 탓인데!
dom1Kula_O0729_0.mes,Script/dom1Kula_O0729_0.mes,32,29,주인공,(今日一日こんな調子なのか……心<6E5C>臓が持つかどうか……),(오늘 하루 계속 이런 식인가……심<6E5C>장이버틸까……),(오늘 하루 계속 이런 식인가……심<6E5C>장이버틸까……)
dom1Kula_O0729_1.mes,Script/dom1Kula_O0729_1.mes,0,22,Kula,ワーイ!次はアレ!あのゲーム<6E5C>やろーよー!,와아!다음은 저거!저 게임<6E5C>하자!,와아!다음은 저거!저 게임<6E5C>하자!
dom1Kula_O0729_1.mes,Script/dom1Kula_O0729_1.mes,1,8,Kaidou,あー、ハイハイ,"아, 그래그래","아, 그래그래"
dom1Kula_O0729_1.mes,Script/dom1Kula_O0729_1.mes,2,8,Kula,キャハハハハ!,캬하하하!,캬하하하!
dom1Kula_O0729_1.mes,Script/dom1Kula_O0729_1.mes,3,51,주인공,(……クーラ、楽しんでるみたいで<6E5C>良かった<485C>最近落ち込んでたからな.<6E5C>やっぱりクーラは笑顔がいいや),"(……쿨라, 즐거워 보여서<6E5C>다행이다<485C>요즘 계속 우울해했으니까.<6E5C>역시 쿨라는 웃는 게 좋아)","(……쿨라, 즐거워 보여서<6E5C>다행이다<485C>요즘 계속 우울해했으니까.<6E5C>역시 쿨라는 웃는 게 좋아)"
dom1Kula_O0729_1.mes,Script/dom1Kula_O0729_1.mes,4,6,[효과음/내레이션],ドカーン!,콰쾅!,콰쾅!
dom1Kula_O0729_1.mes,Script/dom1Kula_O0729_1.mes,5,12,Kaidou,チクショー、やられた!,"젠장, 당했다!","젠장, 당했다!"
dom1Kula_O0729_1.mes,Script/dom1Kula_O0729_1.mes,6,25,Kula,キャハハ!狂也よわーい!ネェ、<6E5C><이름:3232>もやろーよぉ,"캬하하!쿄야 약하다!있잖아,<6E5C><이름:3232>도 하자아","캬하하!쿄야 약하다!있잖아,<6E5C><이름:3232>도 하자아"
dom1Kula_O0729_1.mes,Script/dom1Kula_O0729_1.mes,7,16,[선택지],見てるだけでいいヨーシ、どれだ?,"그냥 볼래좋아, 어디?","그냥 볼래\좋아, 어디?"
dom1Kula_O0729_1.mes,Script/dom1Kula_O0729_1.mes,8,15,주인공,いや、俺は見てるだけでいいよ,"아니, 난 그냥 볼게","아니, 난 그냥 볼게"
dom1Kula_O0729_1.mes,Script/dom1Kula_O0729_1.mes,9,26,주인공,(クーラの笑顔見てるだけで、<6E5C>なんだか落ち着くや),(쿨라 웃는 얼굴 보는 것만<6E5C>으로 마음이편해),(쿨라 웃는 얼굴 보는 것만<6E5C>으로 마음이편해)
dom1Kula_O0729_1.mes,Script/dom1Kula_O0729_1.mes,10,19,Kula,エー、<이름:3232>つまんなーい.<6E5C>もぅ帰るー,"에이, <이름:3232>재미없어.<6E5C>그만 갈래","에이, <이름:3232>재미없어.<6E5C>그만 갈래"
dom1Kula_O0729_1.mes,Script/dom1Kula_O0729_1.mes,11,5,주인공,…………,…………,…………
dom1Kula_O0729_1.mes,Script/dom1Kula_O0729_1.mes,12,35,주인공,(……こ、このワガママさえ<6E5C>なけりゃ、メチャクチャ<6E5C>可愛いのに……),"(……이, 이 제멋대로인 것만<6E5C>없으면, 완전<6E5C>귀여운데……)","(……이, 이 제멋대로인 것만<6E5C>없으면, 완전<6E5C>귀여운데……)"
dom1Kula_O0729_1.mes,Script/dom1Kula_O0729_1.mes,13,15,주인공,ヨーシ、どれだ?負けないぞ!,좋아 어디 보자?안 진다!,좋아 어디 보자?안 진다!
dom1Kula_O0729_1.mes,Script/dom1Kula_O0729_1.mes,14,6,Kula,コレコレ!,이거이거!,이거이거!
dom1Kula_O0729_1.mes,Script/dom1Kula_O0729_1.mes,15,7,[효과음/내레이션],ドッカーン!,콰콰쾅!,콰콰쾅!
dom1Kula_O0729_1.mes,Script/dom1Kula_O0729_1.mes,16,22,Kula,モー、狂也も<이름:3232>もよわーい.<6E5C>つまんなーい,"모, 쿄야도<이름:3232>도 약해.<6E5C>재미없어","모, 쿄야도<이름:3232>도 약해.<6E5C>재미없어"
dom1Kula_O0729_1.mes,Script/dom1Kula_O0729_1.mes,17,5,주인공,…………,…………,…………
dom1Kula_O0729_1.mes,Script/dom1Kula_O0729_1.mes,18,36,주인공,(……もう少ししとやかさがあれ<6E5C>ば、メチャクチャ可愛いんだけ<6E5C>ど……),"(……좀 더 얌전하기만<6E5C>했어도, 완전 귀여울 텐<6E5C>데……)","(……좀 더 얌전하기만<6E5C>했어도, 완전 귀여울 텐<6E5C>데……)"
dom1Kula_O0729_2.mes,Script/dom1Kula_O0729_2.mes,0,12,[효과음/내레이션],♪カランコロンカラーン,딸랑딸랑,딸랑딸랑
dom1Kula_O0729_2.mes,Script/dom1Kula_O0729_2.mes,1,17,King,いらっしゃい.今日はにぎやかだな,어서오세요. 오늘은 북적이네요,어서오세요. 오늘은 북적이네요
dom1Kula_O0729_2.mes,Script/dom1Kula_O0729_2.mes,2,47,Kula,クーラ、スパゲティー食べたい!<6E5C>あと、ジュースはメロンソーダで、<6E5C>デザートはいちごパフェね!,"쿠라, 스파게티 먹고 싶어!<6E5C>그리고 주스는 메론소다로,<6E5C>디저트는 딸기파르페로 할래!","쿠라, 스파게티 먹고 싶어!<6E5C>그리고 주스는 메론소다로,<6E5C>디저트는 딸기파르페로 할래!"
dom1Kula_O0729_2.mes,Script/dom1Kula_O0729_2.mes,3,7,Kaidou,オレはコーラ,난 콜라,난 콜라
dom1Kula_O0729_2.mes,Script/dom1Kula_O0729_2.mes,4,11,주인공,俺はアイスコーヒーを,난 아이스커피로,난 아이스커피로
dom1Kula_O0729_2.mes,Script/dom1Kula_O0729_2.mes,5,21,King,はい.すぐに持ってくるから、<6E5C>ごゆっくり,"네. 금방 가져올 테니,<6E5C>편히 계세요","네. 금방 가져올 테니,<6E5C>편히 계세요"
dom1Kula_O0729_2.mes,Script/dom1Kula_O0729_2.mes,6,7,[효과음/내레이션],ぱくぱくぱく,우물우물,우물우물
dom1Kula_O0729_2.mes,Script/dom1Kula_O0729_2.mes,7,8,Kula,オーイシーッ!,진짜 맛있어!,진짜 맛있어!
dom1Kula_O0729_2.mes,Script/dom1Kula_O0729_2.mes,8,28,주인공,……ところでクーラ、今日って財布<6E5C>は持ってきてるのか?,"……그런데 쿠라, 오늘 지갑은<6E5C>가져왔어?","……그런데 쿠라, 오늘 지갑은<6E5C>가져왔어?"
dom1Kula_O0729_2.mes,Script/dom1Kula_O0729_2.mes,9,20,Kula,エ?そんなの持ってないよ.<6E5C>どーして?,에? 그런 거 없는데.<6E5C>왜?,에? 그런 거 없는데.<6E5C>왜?
dom1Kula_O0729_2.mes,Script/dom1Kula_O0729_2.mes,10,14,주인공,いや、それならいいんだ……,"아니, 그럼 됐어……","아니, 그럼 됐어……"
dom1Kula_O0729_2.mes,Script/dom1Kula_O0729_2.mes,11,33,주인공,(やっぱり、俺達がおごることに<6E5C>なってるのね、当然のように……),"(역시 우리가 사는 걸로<6E5C>정해진 거네, 당연하듯……)","(역시 우리가 사는 걸로<6E5C>정해진 거네, 당연하듯……)"
dom1Kula_O0729_2.mes,Script/dom1Kula_O0729_2.mes,12,7,[효과음/내레이션],ぱくぱくぱく,우물우물,우물우물
dom1Kula_O0729_2.mes,Script/dom1Kula_O0729_2.mes,13,9,[효과음/내레이션],ぐ~、きゅるるる,꼬르륵 꾸르륵,꼬르륵 꾸르륵
dom1Kula_O0729_2.mes,Script/dom1Kula_O0729_2.mes,14,30,Kula,ン?<이름:3232>も狂也も、おなかすい<6E5C>てるの?どーして食べないの?,응?<이름:3232>도 쿄야도<6E5C>배고픈 거야? 왜 안 먹어?,응?<이름:3232>도 쿄야도<6E5C>배고픈 거야? 왜 안 먹어?
dom1Kula_O0729_2.mes,Script/dom1Kula_O0729_2.mes,15,12,주인공,いや、夏バテしてて……,"아니, 더위 먹어서…","아니, 더위 먹어서…"
dom1Kula_O0729_2.mes,Script/dom1Kula_O0729_2.mes,16,11,UNKNOWN_0e,オレいま減量中なんだ,나 지금 다이어트중,나 지금 다이어트중
dom1Kula_O0729_2.mes,Script/dom1Kula_O0729_2.mes,17,35,Kula,フーン、こんなにオイシーのに食べ<6E5C>たくないなんてヘンなの!<6E5C>もぐもぐ,"흐응, 이렇게 맛있는데 안<6E5C>먹다니 이상해!<6E5C>우물우물","흐응, 이렇게 맛있는데 안<6E5C>먹다니 이상해!<6E5C>우물우물"
dom1Kula_O0729_2.mes,Script/dom1Kula_O0729_2.mes,18,49,주인공,(さっきもネオジオランドで散財さ<6E5C>せられたのに、自分が食べるような<6E5C>金、残ってないっつーの……),"(아까 네오지오랜드에서도 돈 다<6E5C>썼는데, 내가 먹을 만한<6E5C>돈은 안 남았다고……)","(아까 네오지오랜드에서도 돈 다<6E5C>썼는데, 내가 먹을 만한<6E5C>돈은 안 남았다고……)"
dom1Kula_O0729_2.mes,Script/dom1Kula_O0729_2.mes,19,7,[효과음/내레이션],ぱくぱくぱく,우물우물,우물우물
dom1Kula_O0729_2.mes,Script/dom1Kula_O0729_2.mes,20,9,[효과음/내레이션],ぐ~、きゅるるる,꼬르륵 꾸르륵,꼬르륵 꾸르륵
dom1Kula_O0729_2.mes,Script/dom1Kula_O0729_2.mes,21,34,Kula,モー、うるさいなぁ.食べたいなら<6E5C>食べたらいーじゃん.ハイ、あ~ん,"정말, 시끄럽네.먹고 싶으면<6E5C>먹으면 되잖아.자, 아앙","정말, 시끄럽네.먹고 싶으면<6E5C>먹으면 되잖아.자, 아앙"
dom1Kula_O0729_2.mes,Script/dom1Kula_O0729_2.mes,22,3,주인공,!!,!!,!!
dom1Kula_O0729_2.mes,Script/dom1Kula_O0729_2.mes,23,84,주인공,(こっ、このフォークにささった<6E5C>生クリームたっぷりのいちごを<6E5C>食べるかどうかは、<485C>男が問われるところ…….<6E5C>食べたいけれど、海堂もキングさん<6E5C>もいるし……しかし……),"(이, 이 포크에 꽂힌<6E5C>생크림 듬뿍 올라간 딸기를<6E5C>먹을지 말지가,<485C>남자로서 시험받는 순간……<6E5C>먹고 싶지만, 카이도랑 킹 씨<6E5C>도 있고……하지만……)","(이, 이 포크에 꽂힌<6E5C>생크림 듬뿍 올라간 딸기를<6E5C>먹을지 말지가,<485C>남자로서 시험받는 순간……<6E5C>먹고 싶지만, 카이도랑 킹 씨<6E5C>도 있고……하지만……)"
dom1Kula_O0729_2.mes,Script/dom1Kula_O0729_2.mes,24,17,[선택지],恥を捨てて食べる男の意地で食べない,쪽팔려도먹기남자답게참기,쪽팔려도먹기\남자답게참기
dom1Kula_O0729_2.mes,Script/dom1Kula_O0729_2.mes,25,7,주인공,(えーい!),(에라!),(에라!)
dom1Kula_O0729_2.mes,Script/dom1Kula_O0729_2.mes,26,5,[효과음/내레이션],ぱくんっ,덥석,덥석
dom1Kula_O0729_2.mes,Script/dom1Kula_O0729_2.mes,27,7,Kula,オイシーイ?,맛있어?,맛있어?
dom1Kula_O0729_2.mes,Script/dom1Kula_O0729_2.mes,28,9,주인공,うん……もぐもぐ,응……우물우물,응……우물우물
dom1Kula_O0729_2.mes,Script/dom1Kula_O0729_2.mes,29,18,Kaidou,……<이름:3232>、おまえやっぱり<6E5C>ロリ……,"……<이름:3232>, 너 역시<6E5C>롤리콘……","……<이름:3232>, 너 역시<6E5C>롤리콘……"
dom1Kula_O0729_2.mes,Script/dom1Kula_O0729_2.mes,30,5,주인공,はぁ!?,허?!,허?!
dom1Kula_O0729_2.mes,Script/dom1Kula_O0729_2.mes,31,33,King,<이름:3131>君がそういうキャラクター<6E5C>だったとは…….<6E5C>ちょっと意外だな,<이름:3131>군이 그런 캐릭터<6E5C>였을 줄이야……<6E5C>좀 의외인걸,<이름:3131>군이 그런 캐릭터<6E5C>였을 줄이야……<6E5C>좀 의외인걸
dom1Kula_O0729_2.mes,Script/dom1Kula_O0729_2.mes,32,23,주인공,(……やっぱり世間は厳しいぜ……<6E5C>もぐもぐ),(……역시 세상은 냉정하군……<6E5C>우물우물),(……역시 세상은 냉정하군……<6E5C>우물우물)
dom1Kula_O0729_2.mes,Script/dom1Kula_O0729_2.mes,33,9,주인공,いや、俺はいいよ,"아니, 난 됐어","아니, 난 됐어"
dom1Kula_O0729_2.mes,Script/dom1Kula_O0729_2.mes,34,7,Kula,どーしてぇ?,왜에?,왜에?
dom1Kula_O0729_2.mes,Script/dom1Kula_O0729_2.mes,35,13,Kaidou,じゃー、オレがもーらいっ,"그럼, 내가 먹는다!","그럼, 내가 먹는다!"
dom1Kula_O0729_2.mes,Script/dom1Kula_O0729_2.mes,36,5,[효과음/내레이션],ぱくんっ,덥석,덥석
dom1Kula_O0729_2.mes,Script/dom1Kula_O0729_2.mes,37,5,Kaidou,ウメー!,맛있어!,맛있어!
dom1Kula_O0729_2.mes,Script/dom1Kula_O0729_2.mes,38,6,Kula,でしょー?,그치?,그치?
dom1Kula_O0729_2.mes,Script/dom1Kula_O0729_2.mes,39,27,주인공,(くそ…….くやしくない、<6E5C>くやしくなんかないぞ!),"(젠장……분하지 않아,<6E5C>절대 분하지 않다고!)","(젠장……분하지 않아,<6E5C>절대 분하지 않다고!)"
dom1Kula_O0729_3.mes,Script/dom1Kula_O0729_3.mes,0,5,Kula,…………,……,……
dom1Kula_O0729_3.mes,Script/dom1Kula_O0729_3.mes,1,17,주인공,どうしたんだクーラ、そんな顔して,"왜 그래 쿠라, 그런 표정으로","왜 그래 쿠라, 그런 표정으로"
dom1Kula_O0729_3.mes,Script/dom1Kula_O0729_3.mes,2,13,Kula,……おうち、帰りたくない,……집에 가기 싫어,……집에 가기 싫어
dom1Kula_O0729_3.mes,Script/dom1Kula_O0729_3.mes,3,27,주인공,ダメだよ.もう帰らないと、ママに<6E5C>バレちゃうんだろ?,"안 돼.이제 안 가면, 엄마한테<6E5C>들키잖아?","안 돼.이제 안 가면, 엄마한테<6E5C>들키잖아?"
dom1Kula_O0729_3.mes,Script/dom1Kula_O0729_3.mes,4,5,Kula,でも……,근데……,근데……
dom1Kula_O0729_3.mes,Script/dom1Kula_O0729_3.mes,5,43,주인공,抜け出したのがバレたら、今度こそ<6E5C>ほんとうに外に出れなくなるぞ.<6E5C>それでもいいのか?,"몰래 나온 게 들키면, 이번엔<6E5C>진짜 밖에 못 나올 거야.<6E5C>그래도 괜찮겠어?","몰래 나온 게 들키면, 이번엔<6E5C>진짜 밖에 못 나올 거야.<6E5C>그래도 괜찮겠어?"
dom1Kula_O0729_3.mes,Script/dom1Kula_O0729_3.mes,6,7,Kula,……わかった,……알겠어,……알겠어
dom1Kula_O0729_3.mes,Script/dom1Kula_O0729_3.mes,7,22,주인공,よし、いい子だな.気をつけて部屋<6E5C>に戻れよ,"그래, 착하네.조심해서 방으로<6E5C>돌아가","그래, 착하네.조심해서 방으로<6E5C>돌아가"
dom1Kula_O0729_3.mes,Script/dom1Kula_O0729_3.mes,8,12,Kula,クーラ、明日もあそぶ!,"쿠라, 내일도 놀래!","쿠라, 내일도 놀래!"
dom1Kula_O0729_3.mes,Script/dom1Kula_O0729_3.mes,9,3,주인공,え?,어?,어?
dom1Kula_O0729_3.mes,Script/dom1Kula_O0729_3.mes,10,32,Kula,明日もおんなじようにぬけだすよ!<6E5C>そしたらあそびに行けるよね?,내일도 똑같이 몰래 나올 거야!<6E5C>그럼 놀러 갈 수 있지?,내일도 똑같이 몰래 나올 거야!<6E5C>그럼 놀러 갈 수 있지?
dom1Kula_O0729_3.mes,Script/dom1Kula_O0729_3.mes,11,17,주인공,クーラ、あまりこーゆーことは……,"쿠라, 그런 건 별로……","쿠라, 그런 건 별로……"
dom1Kula_O0729_3.mes,Script/dom1Kula_O0729_3.mes,12,31,Kula,イヤ!明日もぬけだすもん!で、<6E5C>お兄ちゃんに会いにいくもん!,싫어! 내일도 몰래 나갈래!<6E5C>그리고 오빠 만나러 갈래!,싫어! 내일도 몰래 나갈래!<6E5C>그리고 오빠 만나러 갈래!
dom1Kula_O0729_3.mes,Script/dom1Kula_O0729_3.mes,13,21,주인공,!<020A>あそこには行かないって約束し<6E5C>たろ?,!<020A>거긴 안 간다고 약속<6E5C>했잖아?,!<020A>거긴 안 간다고 약속<6E5C>했잖아?
dom1Kula_O0729_3.mes,Script/dom1Kula_O0729_3.mes,14,51,Kula,ヤダ!お兄ちゃんに会いたいよ!<6E5C>このまま会えないままなんてたえ<6E5C>られない!<485C>お兄ちゃんが心配だよ……,싫어!오빠 만나고 싶어!<6E5C>이대로 못 만나는 건 못<6E5C>참아!<485C>오빠가 걱정된단 말이야……,싫어!오빠 만나고 싶어!<6E5C>이대로 못 만나는 건 못<6E5C>참아!<485C>오빠가 걱정된단 말이야……
dom1Kula_O0729_3.mes,Script/dom1Kula_O0729_3.mes,15,6,주인공,クーラ……,쿠라……,쿠라……
dom1Kula_O0729_3.mes,Script/dom1Kula_O0729_3.mes,16,46,Kula,クーラ、ママのことスキだよ.お兄<6E5C>ちゃんのことも大スキだよ.離れば<6E5C>なれなんてイヤだよ……,"쿠라, 엄마도 좋아해.오빠도<6E5C>정말 좋아해.떨어져 지내는<6E5C>건 싫단 말이야……","쿠라, 엄마도 좋아해.오빠도<6E5C>정말 좋아해.떨어져 지내는<6E5C>건 싫단 말이야……"
dom1Kula_O0729_3.mes,Script/dom1Kula_O0729_3.mes,17,5,주인공,…………,……,……
dom1Kula_O0729_3.mes,Script/dom1Kula_O0729_3.mes,18,5,Kula,…………,……,……
dom1Kula_O0729_3.mes,Script/dom1Kula_O0729_3.mes,19,10,주인공,……説得しに行くか,……설득하러가볼까,……설득하러가볼까
dom1Kula_O0729_3.mes,Script/dom1Kula_O0729_3.mes,20,3,Kula,エ?,어?,어?
dom1Kula_O0729_3.mes,Script/dom1Kula_O0729_3.mes,21,51,주인공,俺達といっしょに、お兄ちゃんに<6E5C>家に帰るように説得しに行くって<6E5C>いうんなら<485C>明日連れていってあげるよ,우리랑 같이 오빠한테<6E5C>집에 돌아오라고 설득하러<6E5C>간다면<485C>내일 데려가 줄게,우리랑 같이 오빠한테<6E5C>집에 돌아오라고 설득하러<6E5C>간다면<485C>내일 데려가 줄게
dom1Kula_O0729_3.mes,Script/dom1Kula_O0729_3.mes,22,6,Kaidou,おい、<이름:3131>,"야, <이름:3131>","야, <이름:3131>"
dom1Kula_O0729_3.mes,Script/dom1Kula_O0729_3.mes,23,73,주인공,いいんだ.……いいか、クーラ.<6E5C>お兄ちゃんにいっしょに家に<6E5C>帰るようお願いするんだ<485C>でも、イヤって言われたら<6E5C>あきらめるしかない.<6E5C>できるよな?,"괜찮아.……잘 들어, 쿠라.<6E5C>오빠한테 같이 집에<6E5C>돌아오라고 부탁하는 거야<485C>근데, 싫다고 하면<6E5C>포기할 수밖에 없어.<6E5C>할 수 있지?","괜찮아.……잘 들어, 쿠라.<6E5C>오빠한테 같이 집에<6E5C>돌아오라고 부탁하는 거야<485C>근데, 싫다고 하면<6E5C>포기할 수밖에 없어.<6E5C>할 수 있지?"
dom1Kula_O0729_3.mes,Script/dom1Kula_O0729_3.mes,24,44,Kula,ウン!クーラ、お兄ちゃんが家に<6E5C>帰ってきてくれたらイチバンうれし<6E5C>い!<이름:3232>、アリガト!,"응!쿠라, 오빠가 집에<6E5C>돌아와 주면 제일 기쁠<6E5C>거야!<이름:3232>, 고마워!","응!쿠라, 오빠가 집에<6E5C>돌아와 주면 제일 기쁠<6E5C>거야!<이름:3232>, 고마워!"
dom1Kula_O0729_3.mes,Script/dom1Kula_O0729_3.mes,25,15,주인공,あぁ.じゃあ今日はもう戻りな,그래.오늘은 이만 돌아가,그래.오늘은 이만 돌아가
dom1Kula_O0729_3.mes,Script/dom1Kula_O0729_3.mes,26,15,Kula,ウン!また明日ね、バイバイ!,응!내일 또 봐 바이바이!,응!내일 또 봐 바이바이!
dom1Kula_O0729_3.mes,Script/dom1Kula_O0729_3.mes,27,5,주인공,…………,……,……
dom1Kula_O0729_4.mes,Script/dom1Kula_O0729_4.mes,0,17,Kaidou,……いーのかよ、あんなこと言って,……괜찮은 거냐 그런 말 해서,……괜찮은 거냐 그런 말 해서
dom1Kula_O0729_4.mes,Script/dom1Kula_O0729_4.mes,1,6,주인공,いいんだよ,괜찮아,괜찮아
dom1Kula_O0729_4.mes,Script/dom1Kula_O0729_4.mes,2,30,Kaidou,今度はオレだけじゃなくて、テメー<6E5C>もやられるぜ、あの兄貴に,"이번엔 나뿐만 아니라, 너도<6E5C>당할 거다, 그 형한테","이번엔 나뿐만 아니라, 너도<6E5C>당할 거다, 그 형한테"
dom1Kula_O0729_4.mes,Script/dom1Kula_O0729_4.mes,3,8,주인공,……だろうなぁ,……그렇겠지,……그렇겠지
dom1Kula_O0729_4.mes,Script/dom1Kula_O0729_4.mes,4,9,Kaidou,ハッ.愛の力か?,"핫, 사랑 힘?","핫, 사랑 힘?"
dom1Kula_O0729_4.mes,Script/dom1Kula_O0729_4.mes,5,38,주인공,そんなんじゃねーよ!でも……かわ<6E5C>いそうじゃないか、家族がバラバラ<6E5C>なのは,"그런 거 아니야!근데……불쌍하<6E5C>잖아, 가족이 뿔뿔이<6E5C>흩어진 게","그런 거 아니야!근데……불쌍하<6E5C>잖아, 가족이 뿔뿔이<6E5C>흩어진 게"
dom1Kula_O0729_4.mes,Script/dom1Kula_O0729_4.mes,6,4,Kaidou,まぁな,뭐그래,뭐그래
dom1Kula_O0729_4.mes,Script/dom1Kula_O0729_4.mes,7,11,주인공,それだけだよ、べつに,"그것뿐이야, 딱히","그것뿐이야, 딱히"
dom1Kula_O0729_4.mes,Script/dom1Kula_O0729_4.mes,8,21,Kaidou,……まぁ、そーゆーことにしといて<6E5C>やるよ,"……뭐, 그런 걸로 해<6E5C>둘게","……뭐, 그런 걸로 해<6E5C>둘게"
dom1Kula_O0730_0.mes,Script/dom1Kula_O0730_0.mes,0,34,주인공,(……今日はクーラに窓から飛び降<6E5C>りさせないようにしないとな……),(……오늘은 쿠라가 창문에서 뛰<6E5C>어내리지 못하게해야겠어……),(……오늘은 쿠라가 창문에서 뛰<6E5C>어내리지 못하게해야겠어……)
dom1Kula_O0730_0.mes,Script/dom1Kula_O0730_0.mes,1,5,UNKNOWN_1a,おい<이름:3131>,야<이름:3131>,야<이름:3131>
dom1Kula_O0730_0.mes,Script/dom1Kula_O0730_0.mes,2,5,주인공,なんだ?,왜?,왜?
dom1Kula_O0730_0.mes,Script/dom1Kula_O0730_0.mes,3,30,Kaidou,そんなこと考えてる間に飛び降りよ<6E5C>うとしてるぞ.いままさに,그런 생각하는 사이에 뛰어내<6E5C>리려 하고 있다고지금바로,그런 생각하는 사이에 뛰어내<6E5C>리려 하고 있다고지금바로
dom1Kula_O0730_0.mes,Script/dom1Kula_O0730_0.mes,4,4,주인공,えぇ?,엥?,엥?
dom1Kula_O0730_0.mes,Script/dom1Kula_O0730_0.mes,5,4,[효과음/내레이션],ヒュー,휘잉,휘잉
dom1Kula_O0730_0.mes,Script/dom1Kula_O0730_0.mes,6,5,주인공,うわぁ!,으악!,으악!
dom1Kula_O0730_0.mes,Script/dom1Kula_O0730_0.mes,7,12,[선택지],左でキャッチ右でキャッチ,왼손받기오른손받기,왼손받기\오른손받기
dom1Kula_O0730_0.mes,Script/dom1Kula_O0730_0.mes,8,5,[효과음/내레이션],ドシン!,쿵!,쿵!
dom1Kula_O0730_0.mes,Script/dom1Kula_O0730_0.mes,9,5,[효과음/내레이션],…………,……,……
dom1Kula_O0730_0.mes,Script/dom1Kula_O0730_0.mes,10,16,Kula,狂也ナイスキャッチ!うまいね!,쿄야 나이스캐치!잘한다!,쿄야 나이스캐치!잘한다!
dom1Kula_O0730_0.mes,Script/dom1Kula_O0730_0.mes,11,8,Kaidou,イッテーーー!,아야아아!,아야아아!
dom1Kula_O0730_0.mes,Script/dom1Kula_O0730_0.mes,12,26,주인공,……もぅ、前ぶれもなく落ちてくる<6E5C>なよ、クーラ……,"……아, 예고도 없이 떨어지<6E5C>지 마, 쿠라……","……아, 예고도 없이 떨어지<6E5C>지 마, 쿠라……"
dom1Kula_O0730_0.mes,Script/dom1Kula_O0730_0.mes,13,5,[효과음/내레이션],ドシン!,쿵!,쿵!
dom1Kula_O0730_0.mes,Script/dom1Kula_O0730_0.mes,14,5,[효과음/내레이션],…………,……,……
dom1Kula_O0730_0.mes,Script/dom1Kula_O0730_0.mes,15,17,Kula,<이름:3232>ナイスキャッチ!<6E5C>さっすがぁ,<이름:3232> 나이스캐치!<6E5C>역시!,<이름:3232> 나이스캐치!<6E5C>역시!
dom1Kula_O0730_0.mes,Script/dom1Kula_O0730_0.mes,16,28,주인공,いってぇ!!……だから飛び降り<6E5C>てくるなって、クーラ!,"아야!!……그러니까 뛰어내<6E5C>리지 말라니까, 쿠라!","아야!!……그러니까 뛰어내<6E5C>리지 말라니까, 쿠라!"
dom1Kula_O0730_0.mes,Script/dom1Kula_O0730_0.mes,17,26,Kula,アハハ!だってちゃんと受け止め<6E5C>てくれるんだもーん,아하하!그치만 제대로 받아<6E5C>주는걸 뭐,아하하!그치만 제대로 받아<6E5C>주는걸 뭐
dom1Kula_O0730_0.mes,Script/dom1Kula_O0730_0.mes,18,20,주인공,(こわいもの知らずなんだから、<6E5C>もぅ),"(겁이 없다니까, 정말<6E5C>참)","(겁이 없다니까, 정말<6E5C>참)"
dom1Kula_O0730_1.mes,Script/dom1Kula_O0730_1.mes,0,64,주인공,いいかクーラ、お兄ちゃんに<6E5C>「いっしょに帰ろう」って話しか<6E5C>したらダメだ、<485C>「ここに残る」なんてぜったいに<6E5C>言ったらダメだぞ!,"알겠지 쿨라, 오빠한테<6E5C>“같이 돌아가자”고 말 걸면<6E5C>안 돼,<485C>“여기 남을래”같은 말은 절대로<6E5C>하면 안 돼!","알겠지 쿨라, 오빠한테<6E5C>“같이 돌아가자”고 말 걸면<6E5C>안 돼,<485C>“여기 남을래”같은 말은 절대로<6E5C>하면 안 돼!"
dom1Kula_O0730_1.mes,Script/dom1Kula_O0730_1.mes,1,23,Kula,わかってるよ!モォ、心配しすぎ<6E5C>だよ<이름:3232>はぁ,"알고 있어! 참 걱정도 많네<6E5C><이름:3232>, 하아","알고 있어! 참 걱정도 많네<6E5C><이름:3232>, 하아"
dom1Kula_O0730_1.mes,Script/dom1Kula_O0730_1.mes,2,15,주인공,(そりゃ心配にもなるよ……),(그야 걱정이 되지……),(그야 걱정이 되지……)
dom1Kula_O0730_1.mes,Script/dom1Kula_O0730_1.mes,3,22,Kula,はやくお兄ちゃんに会いたいな!<6E5C>ルンルン♪,빨리 오빠 보고 싶다!<6E5C>룰루랄라,빨리 오빠 보고 싶다!<6E5C>룰루랄라
dom1Kula_O0730_1.mes,Script/dom1Kula_O0730_1.mes,4,16,주인공,(ったくのんきなんだから……),(참 태평하기도 하네……),(참 태평하기도 하네……)
dom1Kula_O0730_1.mes,Script/dom1Kula_O0730_1.mes,5,16,Kula,ア、あの工場だね!早く入ろう!,아 저 공장이다! 빨리가자!,아 저 공장이다! 빨리가자!
dom1Kula_O0730_1.mes,Script/dom1Kula_O0730_1.mes,6,6,[효과음/내레이션],ドカァッ!,콰앙!,콰앙!
dom1Kula_O0730_1.mes,Script/dom1Kula_O0730_1.mes,7,3,주인공,!?,!?,!?
dom1Kula_O0730_1.mes,Script/dom1Kula_O0730_1.mes,8,9,UNKNOWN_1a,シャラァァァァ!,샤라아아아!,샤라아아아!
dom1Kula_O0730_1.mes,Script/dom1Kula_O0730_1.mes,9,11,[효과음/내레이션],<ミニッツスパイク>,<미닛츠 스파이크>,<미닛츠 스파이크>
dom1Kula_O0730_1.mes,Script/dom1Kula_O0730_1.mes,10,9,[효과음/내레이션],下。左下。左。B,하.좌하.좌.B,하.좌하.좌.B
dom1Kula_O0730_1.mes,Script/dom1Kula_O0730_1.mes,11,6,[효과음/내레이션],バキィィィ,빠지직,빠지직
dom1Kula_O0730_1.mes,Script/dom1Kula_O0730_1.mes,12,7,UNKNOWN_26,うああああ!,으아아아!,으아아아!
dom1Kula_O0730_1.mes,Script/dom1Kula_O0730_1.mes,13,4,[효과음/내레이션],ドサッ,쿵,쿵
dom1Kula_O0730_1.mes,Script/dom1Kula_O0730_1.mes,14,15,UNKNOWN_25,なめんじゃねぇぞ、てめぇ……,"까불지 마라, 이 자식……","까불지 마라, 이 자식……"
dom1Kula_O0730_1.mes,Script/dom1Kula_O0730_1.mes,15,50,주인공,(なんだ?何が起こってるんだ?<6E5C>……地面に男が倒れてる<485C>いきなりケンカに遭遇しちまった<6E5C>のかよ!),(뭐야? 무슨 일이야?<6E5C>……땅에 남자가 쓰러져 있어<485C>갑자기 싸움에 휘말린<6E5C>거냐!),(뭐야? 무슨 일이야?<6E5C>……땅에 남자가 쓰러져 있어<485C>갑자기 싸움에 휘말린<6E5C>거냐!)
dom1Kula_O0730_1.mes,Script/dom1Kula_O0730_1.mes,16,7,Kula,お兄ちゃん!,오빠!,오빠!
dom1Kula_O0730_1.mes,Script/dom1Kula_O0730_1.mes,17,10,Kaidou,あぶない、クーラ!,"위험해, 쿨라!","위험해, 쿨라!"
dom1Kula_O0730_1.mes,Script/dom1Kula_O0730_1.mes,18,20,UNKNOWN_25,てめぇら、近寄るんじゃねぇ!<6E5C>失せろ!,"너희들, 가까이 오지 마!<6E5C>꺼져!","너희들, 가까이 오지 마!<6E5C>꺼져!"
dom1Kula_O0730_1.mes,Script/dom1Kula_O0730_1.mes,19,8,Kula,お兄ちゃん……,오빠……,오빠……
dom1Kula_O0730_1.mes,Script/dom1Kula_O0730_1.mes,20,55,주인공,(……こんなことがあるから、<6E5C>ここにクーラを近づけたく<6E5C>なかったんだ……<485C>クソ、<6E5C>説得どころじゃねーぞ……),(……이런 일이 있어서<6E5C>여기에 쿨라를 데려오고<6E5C>싶지 않았던 거야……<485C>젠장<6E5C>설득이고 뭐고없잖아……),(……이런 일이 있어서<6E5C>여기에 쿨라를 데려오고<6E5C>싶지 않았던 거야……<485C>젠장<6E5C>설득이고 뭐고없잖아……)
dom1Kula_O0730_1.mes,Script/dom1Kula_O0730_1.mes,21,16,UNKNOWN_26,俺だっていつまでもやられて……,나도 이대로 당할 순없어……,나도 이대로 당할 순없어……
dom1Kula_O0730_1.mes,Script/dom1Kula_O0730_1.mes,22,16,UNKNOWN_25,なんだ?まだ立ち上がるつもりか,뭐야? 아직도 일어설 셈이냐,뭐야? 아직도 일어설 셈이냐
dom1Kula_O0730_1.mes,Script/dom1Kula_O0730_1.mes,23,6,UNKNOWN_26,砕けろー!,부서져라!,부서져라!
dom1Kula_O0730_1.mes,Script/dom1Kula_O0730_1.mes,24,7,[효과음/내레이션],ドカァァン!,콰과광!,콰과광!
dom1Kula_O0730_1.mes,Script/dom1Kula_O0730_1.mes,25,5,UNKNOWN_25,ゥアッ!,으앗!,으앗!
dom1Kula_O0730_1.mes,Script/dom1Kula_O0730_1.mes,26,10,UNKNOWN_25,やるじゃねぇか……,제법이잖아……,제법이잖아……
dom1Kula_O0730_1.mes,Script/dom1Kula_O0730_1.mes,27,6,UNKNOWN_26,何ぃ……?,뭐……?,뭐……?
dom1Kula_O0730_1.mes,Script/dom1Kula_O0730_1.mes,28,11,UNKNOWN_25,終わりにするぜ……!,끝내주마……!,끝내주마……!
dom1Kula_O0730_1.mes,Script/dom1Kula_O0730_1.mes,29,10,[효과음/내레이션],<ヒートドライブ>,<히트 드라이브>,<히트 드라이브>
dom1Kula_O0730_1.mes,Script/dom1Kula_O0730_1.mes,30,16,[효과음/내레이션],下。右下。右。下。右下。右。A,하.우하.우.하.우하.우.A,하.우하.우.하.우하.우.A
dom1Kula_O0730_1.mes,Script/dom1Kula_O0730_1.mes,31,7,[효과음/내레이션],ズガァァン!,즈가앙!,즈가앙!
dom1Kula_O0730_1.mes,Script/dom1Kula_O0730_1.mes,32,7,UNKNOWN_26,ウォォォォ!,우오오오!,우오오오!
dom1Kula_O0730_1.mes,Script/dom1Kula_O0730_1.mes,33,11,Kula,お兄ちゃん、スゴイ!,"오빠, 대단해!","오빠, 대단해!"
dom1Kula_O0730_1.mes,Script/dom1Kula_O0730_1.mes,34,28,주인공,(なんて技なんだあれは…….<6E5C>強すぎるぜ、この人……),(뭔 기술이야 저건…….<6E5C>너무 강해 이 사람……),(뭔 기술이야 저건…….<6E5C>너무 강해 이 사람……)
dom1Kula_O0730_1.mes,Script/dom1Kula_O0730_1.mes,35,5,UNKNOWN_26,っく……,큭……,큭……
dom1Kula_O0730_1.mes,Script/dom1Kula_O0730_1.mes,36,10,UNKNOWN_25,しぶとい奴だな……,질긴 놈이군……,질긴 놈이군……
dom1Kula_O0730_1.mes,Script/dom1Kula_O0730_1.mes,37,16,UNKNOWN_26,……て、てめぇも往っちまえー!,"……너, 너도 가버려라!","……너, 너도 가버려라!"
dom1Kula_O0730_1.mes,Script/dom1Kula_O0730_1.mes,38,2,UNKNOWN_25,!,!,!
dom1Kula_O0730_1.mes,Script/dom1Kula_O0730_1.mes,39,7,[효과음/내레이션],ガガァァン!,가가앙!,가가앙!
dom1Kula_O0730_1.mes,Script/dom1Kula_O0730_1.mes,40,11,UNKNOWN_25,クゥオアアアアアア!,크오아아아아!,크오아아아아!
dom1Kula_O0730_1.mes,Script/dom1Kula_O0730_1.mes,41,4,[효과음/내레이션],ドサッ,쿵,쿵
dom1Kula_O0730_1.mes,Script/dom1Kula_O0730_1.mes,42,3,주인공,!!,!!,!!
dom1Kula_O0730_1.mes,Script/dom1Kula_O0730_1.mes,43,14,Kula,お兄ちゃん!お兄ちゃん!!,오빠! 오빠!!,오빠! 오빠!!
dom1Kula_O0730_2.mes,Script/dom1Kula_O0730_2.mes,0,20,Kula,お兄ちゃん!<6E5C>お兄ちゃんしっかりして!,오빠!<6E5C>오빠 정신 차려!,오빠!<6E5C>오빠 정신 차려!
dom1Kula_O0730_2.mes,Script/dom1Kula_O0730_2.mes,1,22,UNKNOWN_25,クーラ…….<6E5C>くっ、近づくなと言ったろ……,쿨라…….<6E5C>큭 가까이 오지 말랬잖아……,쿨라…….<6E5C>큭 가까이 오지 말랬잖아……
dom1Kula_O0730_2.mes,Script/dom1Kula_O0730_2.mes,2,13,Kula,うごかないでお兄ちゃん!,움직이지 마 오빠!,움직이지 마 오빠!
dom1Kula_O0730_2.mes,Script/dom1Kula_O0730_2.mes,3,8,UNKNOWN_25,……あいつは?,……그놈은?,……그놈은?
dom1Kula_O0730_2.mes,Script/dom1Kula_O0730_2.mes,4,28,Kula,さっきの男の人?バイクに乗って<6E5C>どっか行っちゃった……,아까 그 남자? 오토바이 타고<6E5C>어디론가가버렸어……,아까 그 남자? 오토바이 타고<6E5C>어디론가가버렸어……
dom1Kula_O0730_2.mes,Script/dom1Kula_O0730_2.mes,5,17,UNKNOWN_25,……く、油断したぜ、ざまぁねぇな,"……큭, 방심했군, 꼴사납네","……큭, 방심했군, 꼴사납네"
dom1Kula_O0730_2.mes,Script/dom1Kula_O0730_2.mes,6,12,Kula,お兄ちゃん、病院に……,"오빠, 병원에……","오빠, 병원에……"
dom1Kula_O0730_2.mes,Script/dom1Kula_O0730_2.mes,7,13,UNKNOWN_25,うるせぇ!さっさと帰れ!,시끄러워! 빨리돌아가!,시끄러워! 빨리돌아가!
dom1Kula_O0730_2.mes,Script/dom1Kula_O0730_2.mes,8,2,Kula,!,!,!
dom1Kula_O0730_2.mes,Script/dom1Kula_O0730_2.mes,9,40,UNKNOWN_25,……あいつは明日も来る…….<6E5C>今度こそ負けねぇ.<6E5C>俺に寝てる暇なんてねぇんだよ,……그놈은 내일도 온다…….<6E5C>꼭 이긴다.<6E5C>나한텐 쉬는 틈 없다고,……그놈은 내일도 온다…….<6E5C>꼭 이긴다.<6E5C>나한텐 쉬는 틈 없다고
dom1Kula_O0730_2.mes,Script/dom1Kula_O0730_2.mes,10,8,Kula,お兄ちゃん……,오빠……,오빠……
dom1Kula_O0730_2.mes,Script/dom1Kula_O0730_2.mes,11,30,UNKNOWN_25,わかったらとっとと帰れ.家でいい<6E5C>子にしてろよ、クーラ……,알았으면 얼른 돌아가.집에서 얌전히<6E5C>있으라고 쿨라……,알았으면 얼른 돌아가.집에서 얌전히<6E5C>있으라고 쿨라……
dom1Kula_O0730_2.mes,Script/dom1Kula_O0730_2.mes,12,5,Kula,…………,…………,…………
dom1Kula_O0730_3.mes,Script/dom1Kula_O0730_3.mes,0,5,Kula,…………,…………,…………
dom1Kula_O0730_3.mes,Script/dom1Kula_O0730_3.mes,1,52,주인공,(……説得するどころか、何の話も<6E5C>できずに追い返されちまった<485C>あいつ、あのままで大丈夫なの<6E5C>か……?),"(……설득은커녕, 아무 말도<6E5C>못 하고 쫓겨나버렸어<485C>그놈, 저대로 괜찮은<6E5C>걸까……?)","(……설득은커녕, 아무 말도<6E5C>못 하고 쫓겨나버렸어<485C>그놈, 저대로 괜찮은<6E5C>걸까……?)"
dom1Kula_O0730_3.mes,Script/dom1Kula_O0730_3.mes,2,5,Kula,…………,…………,…………
dom1Kula_O0730_3.mes,Script/dom1Kula_O0730_3.mes,3,57,주인공,(……情けない.また棒立ちになっ<6E5C>て見ることしかできなかった、俺<485C>止めることも、助けることもできな<6E5C>かった……),"(……한심하다. 또 우두커니 서서<6E5C>보고만 있을 수밖에 없었어, 나는<485C>말리지도, 돕지도 못했어……)","(……한심하다. 또 우두커니 서서<6E5C>보고만 있을 수밖에 없었어, 나는<485C>말리지도, 돕지도 못했어……)"
dom1Kula_O0730_3.mes,Script/dom1Kula_O0730_3.mes,4,6,Kula,……グスン,……흑흑,……흑흑
dom1Kula_O0730_3.mes,Script/dom1Kula_O0730_3.mes,5,6,주인공,クーラ……,쿨라……,쿨라……
dom1Kula_O0730_3.mes,Script/dom1Kula_O0730_3.mes,6,29,Kula,……あのままじゃ、あのままじゃ<6E5C>お兄ちゃんが死んじゃう!,"……저대로면, 저대로 두면<6E5C>오빠가 죽어버릴 거야!","……저대로면, 저대로 두면<6E5C>오빠가 죽어버릴 거야!"
dom1Kula_O0730_3.mes,Script/dom1Kula_O0730_3.mes,7,5,주인공,…………,…………,…………
dom1Kula_O0730_3.mes,Script/dom1Kula_O0730_3.mes,8,23,Kula,<이름:3232>、狂也、おねがい!<6E5C>お兄ちゃんを助けて!,"<이름:3232>, 쿄야, 부탁이야!<6E5C>오빠를 도와줘!","<이름:3232>, 쿄야, 부탁이야!<6E5C>오빠를 도와줘!"
dom1Kula_O0730_3.mes,Script/dom1Kula_O0730_3.mes,9,3,주인공,え?,어?,어?
dom1Kula_O0730_3.mes,Script/dom1Kula_O0730_3.mes,10,58,Kula,お兄ちゃん、また明日あそこでたた<6E5C>かうよ!あんなケガしたのに、<6E5C>お兄ちゃん死んじゃう!<485C>お兄ちゃんを助けてあげて!,"오빠, 또 내일 거기서 싸울<6E5C>거야! 그렇게 다친 채로,<6E5C>오빠 죽어버려!<485C>오빠를 도와줘!","오빠, 또 내일 거기서 싸울<6E5C>거야! 그렇게 다친 채로,<6E5C>오빠 죽어버려!<485C>오빠를 도와줘!"
dom1Kula_O0730_3.mes,Script/dom1Kula_O0730_3.mes,11,45,Kaidou,でも、あの兄貴を止めるなんてムリ<6E5C>だぜ.ありゃあ、どんなケガだろう<6E5C>と立ち向かうタイプだ,그치만 그 형님을 말리는 건 무리<6E5C>야 그 사람은 아무리 다쳐도<6E5C>맞서는 타입이라고,그치만 그 형님을 말리는 건 무리<6E5C>야 그 사람은 아무리 다쳐도<6E5C>맞서는 타입이라고
dom1Kula_O0730_3.mes,Script/dom1Kula_O0730_3.mes,12,16,Kula,そんなの死んじゃうよ!イヤだ!,그런 거 죽어버려! 싫어!,그런 거 죽어버려! 싫어!
dom1Kula_O0730_3.mes,Script/dom1Kula_O0730_3.mes,13,12,주인공,……わかったよ、クーラ,"……알았어, 쿨라","……알았어, 쿨라"
dom1Kula_O0730_3.mes,Script/dom1Kula_O0730_3.mes,14,2,Kula,?,?,?
dom1Kula_O0730_3.mes,Script/dom1Kula_O0730_3.mes,15,20,주인공,クーラの兄貴といっしょに、俺達も<6E5C>闘う,쿨라의 형님이랑 같이 우리도<6E5C>싸운다,쿨라의 형님이랑 같이 우리도<6E5C>싸운다
dom1Kula_O0730_3.mes,Script/dom1Kula_O0730_3.mes,16,4,Kula,<이름:3232>!,<이름:3232>!,<이름:3232>!
dom1Kula_O0730_3.mes,Script/dom1Kula_O0730_3.mes,17,9,Kaidou,本気かよテメー!,진심이냐 네놈!,진심이냐 네놈!
dom1Kula_O0730_3.mes,Script/dom1Kula_O0730_3.mes,18,56,주인공,ケンカを止めるのは無理だろうけ<6E5C>ど、いっしょに闘うことならでき<6E5C>る<485C>いくらかかばってあげることはでき<6E5C>るだろう,싸움을 말리는 건 무리지<6E5C>만 같이 싸우는 거라면 할 수<6E5C>있어<485C>어느 정도 감싸는 것쯤은 할 수<6E5C>있겠지,싸움을 말리는 건 무리지<6E5C>만 같이 싸우는 거라면 할 수<6E5C>있어<485C>어느 정도 감싸는 것쯤은 할 수<6E5C>있겠지
dom1Kula_O0730_3.mes,Script/dom1Kula_O0730_3.mes,19,16,Kula,アリガト、<이름:3232>!<6E5C><이름:3232>大スキ!,고마워<이름:3232>!<6E5C><이름:3232> 너무좋아!,고마워<이름:3232>!<6E5C><이름:3232> 너무좋아!
dom1Kula_O0730_4.mes,Script/dom1Kula_O0730_4.mes,0,25,Kaidou,……オマエ、今日のやり合い、<6E5C>ちゃんと見てたか?,"……너, 오늘 그 대결<6E5C>제대로 봤냐?","……너, 오늘 그 대결<6E5C>제대로 봤냐?"
dom1Kula_O0730_4.mes,Script/dom1Kula_O0730_4.mes,1,3,주인공,あぁ,그래,그래
dom1Kula_O0730_4.mes,Script/dom1Kula_O0730_4.mes,2,30,Kaidou,あんな闘いについていけんのかよ.<6E5C>足手まといになるだけだぜ,저런 싸움을 따라갈 수 있겠냐.<6E5C>짐만 될 뿐이라고,저런 싸움을 따라갈 수 있겠냐.<6E5C>짐만 될 뿐이라고
dom1Kula_O0730_4.mes,Script/dom1Kula_O0730_4.mes,3,37,주인공,そんなことないよ.まぁ勝つのは無<6E5C>理だろうけど……助太刀にはなるは<6E5C>ずだ,그렇지 않아. 뭐 이기는 건 무<6E5C>리겠지만…… 도움은 될 거<6E5C>야,그렇지 않아. 뭐 이기는 건 무<6E5C>리겠지만…… 도움은 될 거<6E5C>야
dom1Kula_O0730_4.mes,Script/dom1Kula_O0730_4.mes,4,37,Kaidou,……ヘッ、しかたねぇ.ホントは<6E5C>オレ様だけでヤっつけるつもり<6E5C>だったのに,……흥 어쩔 수 없지. 사실은<6E5C>이 몸 혼자서 해치울 생각<6E5C>이었는데,……흥 어쩔 수 없지. 사실은<6E5C>이 몸 혼자서 해치울 생각<6E5C>이었는데
dom1Kula_O0730_4.mes,Script/dom1Kula_O0730_4.mes,5,3,주인공,え?,어?,어?
dom1Kula_O0730_4.mes,Script/dom1Kula_O0730_4.mes,6,45,Kaidou,あんなスゲェケンカ見たのひさしぶ<6E5C>りだ.ワクワクするぜ.明日はオレ<6E5C>も負けてらんねーぞ!,저런 대단한 싸움 본 거 오랜만<6E5C>이다. 두근대는데 내일은 나<6E5C>도 질 순 없다고!,저런 대단한 싸움 본 거 오랜만<6E5C>이다. 두근대는데 내일은 나<6E5C>도 질 순 없다고!
dom1Kula_O0730_4.mes,Script/dom1Kula_O0730_4.mes,7,13,주인공,……おまえもやるつもりか,……너도 할 생각이냐,……너도 할 생각이냐
dom1Kula_O0730_4.mes,Script/dom1Kula_O0730_4.mes,8,21,[선택지],俺ひとりでいいよふたりで兄貴の助太刀しよう,나 혼자면 돼<6E5C>둘이서 형님을 돕자,나 혼자면 돼\둘이서 형님을 돕자
dom1Kula_O0730_4.mes,Script/dom1Kula_O0730_4.mes,9,17,주인공,俺ひとりでいいよ.おまえは来るな,혼자면 돼. 넌 오지 마,혼자면 돼. 넌 오지 마
dom1Kula_O0730_4.mes,Script/dom1Kula_O0730_4.mes,10,63,Kaidou,アァン!?テメーだけでクーラに<6E5C>いいトコ見せようって魂胆か!<485C>そーはいくかよ!オレ様がクーラ<6E5C>のヒーローになってやるんだよ!,아앙!? 네놈 혼자 쿨라한테<6E5C>폼 잡으려는 속셈이냐!<485C>그렇겐 안 되지! 이 몸이 쿨라<6E5C>의 히어로가 되어주겠다!,아앙!? 네놈 혼자 쿨라한테<6E5C>폼 잡으려는 속셈이냐!<485C>그렇겐 안 되지! 이 몸이 쿨라<6E5C>의 히어로가 되어주겠다!
dom1Kula_O0730_4.mes,Script/dom1Kula_O0730_4.mes,11,9,주인공,ヒ、ヒーロー……,"히, 히어로……","히, 히어로……"
dom1Kula_O0730_4.mes,Script/dom1Kula_O0730_4.mes,12,46,Kaidou,せいぜいオレ様の足を引っぱらねー<6E5C>よーにするんだな.オマエまでかば<6E5C>ってやったりしねーぞ!,기껏해야 이 몸 발목이나 잡지<6E5C>않게 조심해라. 네놈까지 감싸<6E5C>주진 않을 거다!,기껏해야 이 몸 발목이나 잡지<6E5C>않게 조심해라. 네놈까지 감싸<6E5C>주진 않을 거다!
dom1Kula_O0730_4.mes,Script/dom1Kula_O0730_4.mes,13,11,주인공,はいはい、わかったよ,"예예, 알았어","예예, 알았어"
dom1Kula_O0730_4.mes,Script/dom1Kula_O0730_4.mes,14,16,주인공,ふたりで兄貴の助太刀をしよう!,둘이서 형님을 돕자!,둘이서 형님을 돕자!
dom1Kula_O0730_4.mes,Script/dom1Kula_O0730_4.mes,15,45,Kaidou,ホントはオレ様ひとりで十分なトコ<6E5C>ロなんだが……しかたねぇ.おまえ<6E5C>もつきあわせてやるよ,사실은 이 몸 혼자서 충분한<6E5C>데……어쩔 수 없지. 너도<6E5C>같이 데려가 주마,사실은 이 몸 혼자서 충분한<6E5C>데……어쩔 수 없지. 너도<6E5C>같이 데려가 주마
dom1Kula_O0730_4.mes,Script/dom1Kula_O0730_4.mes,16,12,주인공,なんだよ、えらそーだな,뭐냐 되게 잘난척이네,뭐냐 되게 잘난척이네
dom1Kula_O0730_4.mes,Script/dom1Kula_O0730_4.mes,17,39,Kaidou,まぁ、せいぜぃオレ達の足をひっぱ<6E5C>らないことだな.本気でヤらねぇと<6E5C>ヤバイぞ,뭐 기껏해야 우리 발목이나<6E5C>잡지 말라고. 진심으로 안 하면<6E5C>위험하다고,뭐 기껏해야 우리 발목이나<6E5C>잡지 말라고. 진심으로 안 하면<6E5C>위험하다고
dom1Kula_O0730_4.mes,Script/dom1Kula_O0730_4.mes,18,11,주인공,あぁ、わかってるよ!,"그래, 알고 있어!","그래, 알고 있어!"
dom1Kula_O0731_0.mes,Script/dom1Kula_O0731_0.mes,0,35,주인공,(ヨシ……今日はビビってる場合<6E5C>じゃねーぞ.<6E5C>ヤってやらないと……),(좋아…… 오늘은 쫄고 있을<6E5C>때가 아니야.<6E5C>해내야만 해……),(좋아…… 오늘은 쫄고 있을<6E5C>때가 아니야.<6E5C>해내야만 해……)
dom1Kula_O0731_0.mes,Script/dom1Kula_O0731_0.mes,1,4,UNKNOWN_1a,<이름:3131>!,<이름:3131>!,<이름:3131>!
dom1Kula_O0731_0.mes,Script/dom1Kula_O0731_0.mes,2,3,주인공,海堂,海堂,海堂
dom1Kula_O0731_0.mes,Script/dom1Kula_O0731_0.mes,3,31,Kaidou,昨日はゆっくり寝れたか?こわく<6E5C>て寝れなかったんじゃねーか?,어제는 푹 잤냐? 무서워서<6E5C>못 잔 거 아니냐?,어제는 푹 잤냐? 무서워서<6E5C>못 잔 거 아니냐?
dom1Kula_O0731_0.mes,Script/dom1Kula_O0731_0.mes,4,9,주인공,んなことねーよ!,안 그렇거든!,안 그렇거든!
dom1Kula_O0731_0.mes,Script/dom1Kula_O0731_0.mes,5,22,Kaidou,帰りたくなったらいつでも<6E5C>帰っていーんだぜ,돌아가고 싶어지면 언제든<6E5C>돌아가도된다고,돌아가고 싶어지면 언제든<6E5C>돌아가도된다고
dom1Kula_O0731_0.mes,Script/dom1Kula_O0731_0.mes,6,7,주인공,逃げねーよ!,도망 안가!,도망 안가!
dom1Kula_O0731_0.mes,Script/dom1Kula_O0731_0.mes,7,7,UNKNOWN_28,<이름:3232>!狂也!,<이름:3232>!쿄야!,<이름:3232>!쿄야!
dom1Kula_O0731_0.mes,Script/dom1Kula_O0731_0.mes,8,16,주인공,クーラ!また抜け出してきたのか,쿨라! 또 몰래 빠져나온거야,쿨라! 또 몰래 빠져나온거야
dom1Kula_O0731_0.mes,Script/dom1Kula_O0731_0.mes,9,26,Kula,心配でじっとなんてしてらんない<6E5C>よ!クーラも行く!,걱정돼서 가만있질 못하겠<6E5C>어! 쿨라도 갈래!,걱정돼서 가만있질 못하겠<6E5C>어! 쿨라도 갈래!
dom1Kula_O0731_0.mes,Script/dom1Kula_O0731_0.mes,10,21,Kaidou,アホ!女子供の来る場所<6E5C>じゃねーんだよ!,바보! 여자애가 올 곳<6E5C>이 아니라고!,바보! 여자애가 올 곳<6E5C>이 아니라고!
dom1Kula_O0731_0.mes,Script/dom1Kula_O0731_0.mes,11,15,Kula,イヤイヤイヤ!クーラも行く!,싫어싫어싫어! 쿨라도갈래!,싫어싫어싫어! 쿨라도갈래!
dom1Kula_O0731_0.mes,Script/dom1Kula_O0731_0.mes,12,15,주인공,ケガするかもしれないんだぞ?,다칠지도 모르는데?,다칠지도 모르는데?
dom1Kula_O0731_0.mes,Script/dom1Kula_O0731_0.mes,13,42,Kula,それでもイーもん!クーラもそば<6E5C>にいたい.何もできなくても、<6E5C>見てるだけでもイイ!,그래도 괜찮아 쿨라도 곁<6E5C>에 있고 싶어 아무것도 못해도<6E5C>보고만 있어도 돼!,그래도 괜찮아 쿨라도 곁<6E5C>에 있고 싶어 아무것도 못해도<6E5C>보고만 있어도 돼!
dom1Kula_O0731_0.mes,Script/dom1Kula_O0731_0.mes,14,37,주인공,……しかたないな.ぜったいに<6E5C>見つからないところで見るなら<6E5C>いいけど……,……할 수 없지. 절대로<6E5C>안 들키는 데서 보는 거라면<6E5C>괜찮지만……,……할 수 없지. 절대로<6E5C>안 들키는 데서 보는 거라면<6E5C>괜찮지만……
dom1Kula_O0731_0.mes,Script/dom1Kula_O0731_0.mes,15,20,Kula,わかった!みつからないトコに<6E5C>いるよ!,알았어!<6E5C>안 들키는 데 있을게!,알았어!<6E5C>안 들키는 데 있을게!
dom1Kula_O0731_0.mes,Script/dom1Kula_O0731_0.mes,16,8,주인공,ぜったいだぞ?,절대다?,절대다?
dom1Kula_O0731_0.mes,Script/dom1Kula_O0731_0.mes,17,10,Kula,ウン!ヤクソクね!,응! 약속이야!,응! 약속이야!
dom1Kula_O0731_0.mes,Script/dom1Kula_O0731_0.mes,18,25,주인공,(どーも俺ってクーラに甘いんだよ<6E5C>な……トホホ),(어째 난 쿨라한테 무르단<6E5C>말이지…… 하아),(어째 난 쿨라한테 무르단<6E5C>말이지…… 하아)
dom1Kula_O0731_0.mes,Script/dom1Kula_O0731_0.mes,19,16,Kaidou,おい、着いたぞ.気ィしめろよ!,야 도착했다. 정신 차려!,야 도착했다. 정신 차려!
dom1Kula_O0731_0.mes,Script/dom1Kula_O0731_0.mes,20,4,주인공,おぉ!,오!,오!
dom1Kula_O0731_1.mes,Script/dom1Kula_O0731_1.mes,0,35,주인공,(……どこだ?たしかに<6E5C>「あいつはまた来る」って言って<6E5C>たけど……),(……어디지? 분명히<6E5C>“그놈은 또 온다”고<6E5C>했었는데……),(……어디지? 분명히<6E5C>“그놈은 또 온다”고<6E5C>했었는데……)
dom1Kula_O0731_1.mes,Script/dom1Kula_O0731_1.mes,1,5,[효과음/내레이션],ドカッ!,퍽!,퍽!
dom1Kula_O0731_1.mes,Script/dom1Kula_O0731_1.mes,2,6,Kaidou,あっちだ!,저쪽이다!,저쪽이다!
dom1Kula_O0731_1.mes,Script/dom1Kula_O0731_1.mes,3,3,주인공,!!,!!,!!
dom1Kula_O0731_1.mes,Script/dom1Kula_O0731_1.mes,4,5,UNKNOWN_25,…………,…………,…………
dom1Kula_O0731_1.mes,Script/dom1Kula_O0731_1.mes,5,25,UNKNOWN_26,へっ.また俺にやられたいのか?<6E5C>こりねぇ奴だよ!,"흥, 또 당하고 싶냐?<6E5C>못 말리는 놈이군!","흥, 또 당하고 싶냐?<6E5C>못 말리는 놈이군!"
dom1Kula_O0731_1.mes,Script/dom1Kula_O0731_1.mes,6,11,UNKNOWN_27,コリコリするかにゃ~,아작내줄까냥,아작내줄까냥
dom1Kula_O0731_1.mes,Script/dom1Kula_O0731_1.mes,7,33,UNKNOWN_25,うるせぇ.<6E5C>やるならさっさとやれよ.<6E5C>耳ざわりだ、てめぇらの声は,"시끄러워.<6E5C>할 거면 빨리 해.<6E5C>거슬려, 너희들 목소리는","시끄러워.<6E5C>할 거면 빨리 해.<6E5C>거슬려, 너희들 목소리는"
dom1Kula_O0731_1.mes,Script/dom1Kula_O0731_1.mes,8,7,Kula,お兄ちゃん!,오빠!,오빠!
dom1Kula_O0731_1.mes,Script/dom1Kula_O0731_1.mes,9,50,주인공,(敵が増えてるじゃないか…….<6E5C>あれじゃ、いくらあの兄貴でも<6E5C>無理だ<485C>あんな大ケガをしたのに……),(적이 늘어나잖아……<6E5C>저래서는 아무리 그 형님이라도<6E5C>무리야<485C>그렇게 크게 상처입었는데……),(적이 늘어나잖아……<6E5C>저래서는 아무리 그 형님이라도<6E5C>무리야<485C>그렇게 크게 상처입었는데……)
dom1Kula_O0731_1.mes,Script/dom1Kula_O0731_1.mes,10,30,UNKNOWN_26,相棒ひとりヤられたぐらいで、<6E5C>いつまでもしつけぇんだよっ!,동료 하나 당했다고<6E5C>언제까지 끈질기게 구는 거냐!,동료 하나 당했다고<6E5C>언제까지 끈질기게 구는 거냐!
dom1Kula_O0731_1.mes,Script/dom1Kula_O0731_1.mes,11,15,UNKNOWN_27,ヤられるのがわるいんだにゃ~,당한 게 잘못이지냥,당한 게 잘못이지냥
dom1Kula_O0731_1.mes,Script/dom1Kula_O0731_1.mes,12,39,주인공,(そうか、相棒を倒されたから、<6E5C>あんなケガでも闘おうとしてる<6E5C>のか、あの人),"(그렇구나, 동료를 당해서<6E5C>저런 부상에도 싸우려는<6E5C>거구나, 저 사람)","(그렇구나, 동료를 당해서<6E5C>저런 부상에도 싸우려는<6E5C>거구나, 저 사람)"
dom1Kula_O0731_1.mes,Script/dom1Kula_O0731_1.mes,13,36,UNKNOWN_25,ガタガタ言ってねぇで、まとめて来<6E5C>いよ.今度こそかたづけてやる<6E5C>ぜ……,잔말 말고 한꺼번에 덤벼<6E5C>봐. 이번엔 확실히 끝내주<6E5C>마……,잔말 말고 한꺼번에 덤벼<6E5C>봐. 이번엔 확실히 끝내주<6E5C>마……
dom1Kula_O0731_1.mes,Script/dom1Kula_O0731_1.mes,14,15,UNKNOWN_26,ハッ!ぶち殺してやるぜぇー!,핫! 죽여주마아!,핫! 죽여주마아!
dom1Kula_O0731_1.mes,Script/dom1Kula_O0731_1.mes,15,9,UNKNOWN_27,とくと味わえーっ,똑똑히 맛봐라!,똑똑히 맛봐라!
dom1Kula_O0731_1.mes,Script/dom1Kula_O0731_1.mes,16,4,[효과음/내레이션],ドカ!,퍽!,퍽!
dom1Kula_O0731_1.mes,Script/dom1Kula_O0731_1.mes,17,4,[효과음/내레이션],バキ!,빠직!,빠직!
dom1Kula_O0731_1.mes,Script/dom1Kula_O0731_1.mes,18,5,UNKNOWN_25,くっ……,큭……,큭……
dom1Kula_O0731_1.mes,Script/dom1Kula_O0731_1.mes,19,7,Kula,お兄ちゃん!,오빠!,오빠!
dom1Kula_O0731_1.mes,Script/dom1Kula_O0731_1.mes,20,8,Kaidou,<이름:3131>、いくぞ!,"<이름:3131>, 가자!","<이름:3131>, 가자!"
dom1Kula_O0731_1.mes,Script/dom1Kula_O0731_1.mes,21,4,주인공,おぉ!,오오!,오오!
dom1Kula_O0731_2.mes,Script/dom1Kula_O0731_2.mes,0,3,[효과음/내레이션],ザッ,탁,탁
dom1Kula_O0731_2.mes,Script/dom1Kula_O0731_2.mes,1,13,Kaidou,オレ達も相手してやるぜ!,우리도 상대해주마!,우리도 상대해주마!
dom1Kula_O0731_2.mes,Script/dom1Kula_O0731_2.mes,2,16,주인공,そのケガで闘おうなんて無理だ!,그 상처로 싸우는 건무리야!,그 상처로 싸우는 건무리야!
dom1Kula_O0731_2.mes,Script/dom1Kula_O0731_2.mes,3,29,UNKNOWN_25,おまえら……邪魔しにきたのか.<6E5C>俺ひとりで充分だ、失せろ,너희들……방해하러 온 거냐.<6E5C>나 혼자로 충분해 꺼져,너희들……방해하러 온 거냐.<6E5C>나 혼자로 충분해 꺼져
dom1Kula_O0731_2.mes,Script/dom1Kula_O0731_2.mes,4,10,Kaidou,まぁそう言うなって,뭐 그러지 말라고,뭐 그러지 말라고
dom1Kula_O0731_2.mes,Script/dom1Kula_O0731_2.mes,5,12,주인공,黙って見てられないぜ!,잠자코 볼 순 없어!,잠자코 볼 순 없어!
dom1Kula_O0731_2.mes,Script/dom1Kula_O0731_2.mes,6,11,UNKNOWN_25,フン……勝手にしろ!,흥……마음대로 해!,흥……마음대로 해!
dom1Kula_O0731_2.mes,Script/dom1Kula_O0731_2.mes,7,23,UNKNOWN_26,何人になろうが同じだぜぇっ!<6E5C>くらえぇぇぇ!,몇 명이 오든 똑같다고!<6E5C>받아라아아!,몇 명이 오든 똑같다고!<6E5C>받아라아아!
dom1Kula_O0731_2.mes,Script/dom1Kula_O0731_2.mes,8,5,Kaidou,くるぞ!,온다!,온다!
dom1Kula_O0731_2.mes,Script/dom1Kula_O0731_2.mes,9,2,주인공,!,!,!
dom1Kula_O0731_2.mes,Script/dom1Kula_O0731_2.mes,10,6,UNKNOWN_26,割れろー!,부서져라!,부서져라!
dom1Kula_O0731_2.mes,Script/dom1Kula_O0731_2.mes,11,7,[효과음/내레이션],ドカァァン!,콰아앙!,콰아앙!
dom1Kula_O0731_2.mes,Script/dom1Kula_O0731_2.mes,12,6,주인공,うあああ!,으아아!,으아아!
dom1Kula_O0731_2.mes,Script/dom1Kula_O0731_2.mes,13,4,Kaidou,<이름:3131>!,<이름:3131>!,<이름:3131>!
dom1Kula_O0731_2.mes,Script/dom1Kula_O0731_2.mes,14,5,주인공,くっ……,큭……,큭……
dom1Kula_O0731_2.mes,Script/dom1Kula_O0731_2.mes,15,17,주인공,(強い……どうやって闘えば……),(강해……어떻게 싸워야……),(강해……어떻게 싸워야……)
dom1Kula_O0731_2.mes,Script/dom1Kula_O0731_2.mes,16,11,UNKNOWN_26,あっちへいってろー!,저리 가 있어!,저리 가 있어!
dom1Kula_O0731_2.mes,Script/dom1Kula_O0731_2.mes,17,10,UNKNOWN_25,手加減無しだぜ……,봐주지 않는다……,봐주지 않는다……
dom1Kula_O0731_2.mes,Script/dom1Kula_O0731_2.mes,18,7,[효과음/내레이션],バキィィィ!,퍼어억!,퍼어억!
dom1Kula_O0731_2.mes,Script/dom1Kula_O0731_2.mes,19,8,UNKNOWN_26,ぐあああああ!,크아아아악!,크아아아악!
dom1Kula_O0731_2.mes,Script/dom1Kula_O0731_2.mes,20,16,UNKNOWN_25,てめぇの相手じゃ役不足なんだよ,네놈 따위론 부족하다고,네놈 따위론 부족하다고
dom1Kula_O0731_2.mes,Script/dom1Kula_O0731_2.mes,21,19,주인공,(そうだ……この人みたいに<6E5C>闘えば),(그래……이 사람처럼<6E5C>싸우면),(그래……이 사람처럼<6E5C>싸우면)
dom1Kula_O0731_2.mes,Script/dom1Kula_O0731_2.mes,22,26,Kaidou,何ボサっとしてんだ、<이름:3131>!<6E5C>ヤらねぇとくたばるぞ!,"뭐 멍하니 있어, <이름:3131>!<6E5C>안 하면 죽는다!","뭐 멍하니 있어, <이름:3131>!<6E5C>안 하면 죽는다!"
dom1Kula_O0731_2.mes,Script/dom1Kula_O0731_2.mes,23,4,주인공,あぁ!,으아!,으아!
dom1Kula_O0731_2.mes,Script/dom1Kula_O0731_2.mes,24,6,UNKNOWN_26,消えろォ!,사라져라!,사라져라!
dom1Kula_O0731_2.mes,Script/dom1Kula_O0731_2.mes,25,12,주인공,(よし、やってやる!),"(좋아, 해주겠어!)","(좋아, 해주겠어!)"
dom1Kula_O0731_2.mes,Script/dom1Kula_O0731_2.mes,26,10,[효과음/내레이션],<アイントリガー>,<아인트리거>,<아인트리거>
dom1Kula_O0731_2.mes,Script/dom1Kula_O0731_2.mes,27,5,[선택지],右下右下A,우하우하A,우\하\우하\A
dom1Kula_O0731_2.mes,Script/dom1Kula_O0731_2.mes,28,4,[선택지],下右下A,하우하A,하\우하\A
dom1Kula_O0731_2.mes,Script/dom1Kula_O0731_2.mes,29,3,[선택지],右下A,우하A,우하\A
dom1Kula_O0731_2.mes,Script/dom1Kula_O0731_2.mes,30,1,[선택지],A,A,A
dom1Kula_O0731_2.mes,Script/dom1Kula_O0731_2.mes,31,2,[선택지],右下,우하,우하\
dom1Kula_O0731_2.mes,Script/dom1Kula_O0731_2.mes,32,2,[선택지],下A,하A,하\A
dom1Kula_O0731_2.mes,Script/dom1Kula_O0731_2.mes,33,1,[선택지],A,A,A
dom1Kula_O0731_2.mes,Script/dom1Kula_O0731_2.mes,34,1,[선택지],下,하,하\
dom1Kula_O0731_2.mes,Script/dom1Kula_O0731_2.mes,35,3,[선택지],下右下,하우하,하\우하
dom1Kula_O0731_2.mes,Script/dom1Kula_O0731_2.mes,36,2,[선택지],右下,우하,우하\
dom1Kula_O0731_2.mes,Script/dom1Kula_O0731_2.mes,37,1,[선택지],下,하,하\
dom1Kula_O0731_2.mes,Script/dom1Kula_O0731_2.mes,38,4,[선택지],右右下A,우우하A,우\우하\A
dom1Kula_O0731_2.mes,Script/dom1Kula_O0731_2.mes,39,3,[선택지],右下A,우하A,우하\A
dom1Kula_O0731_2.mes,Script/dom1Kula_O0731_2.mes,40,1,[선택지],A,A,A
dom1Kula_O0731_2.mes,Script/dom1Kula_O0731_2.mes,41,2,[선택지],右下,우하,우하\
dom1Kula_O0731_2.mes,Script/dom1Kula_O0731_2.mes,42,2,[선택지],右A,우A,우A
dom1Kula_O0731_2.mes,Script/dom1Kula_O0731_2.mes,43,1,[선택지],A,A,A
dom1Kula_O0731_2.mes,Script/dom1Kula_O0731_2.mes,44,1,[선택지],右,우,우\
dom1Kula_O0731_2.mes,Script/dom1Kula_O0731_2.mes,45,3,[선택지],右右下,우우하,우\우하
dom1Kula_O0731_2.mes,Script/dom1Kula_O0731_2.mes,46,2,[선택지],右下,우하,우하\
dom1Kula_O0731_2.mes,Script/dom1Kula_O0731_2.mes,47,1,[선택지],右,우,우\
dom1Kula_O0731_2.mes,Script/dom1Kula_O0731_2.mes,48,3,[선택지],右下A,우하A,우\하\A
dom1Kula_O0731_2.mes,Script/dom1Kula_O0731_2.mes,49,2,[선택지],下A,하A,하\A
dom1Kula_O0731_2.mes,Script/dom1Kula_O0731_2.mes,50,1,[선택지],A,A,A
dom1Kula_O0731_2.mes,Script/dom1Kula_O0731_2.mes,51,1,[선택지],下,하,하\
dom1Kula_O0731_2.mes,Script/dom1Kula_O0731_2.mes,52,2,[선택지],右A,우A,우\A
dom1Kula_O0731_2.mes,Script/dom1Kula_O0731_2.mes,53,1,[선택지],A,A,A
dom1Kula_O0731_2.mes,Script/dom1Kula_O0731_2.mes,54,1,[선택지],右,우,우\
dom1Kula_O0731_2.mes,Script/dom1Kula_O0731_2.mes,55,2,[선택지],右下,우하,우\하
dom1Kula_O0731_2.mes,Script/dom1Kula_O0731_2.mes,56,1,[선택지],下,하,하\
dom1Kula_O0731_2.mes,Script/dom1Kula_O0731_2.mes,57,1,[선택지],右,우,우\
dom1Kula_O0731_2.mes,Script/dom1Kula_O0731_2.mes,58,4,[선택지],右下右下,우하우하,우\하\우하
dom1Kula_O0731_2.mes,Script/dom1Kula_O0731_2.mes,59,3,[선택지],下右下,하우하,하\우하
dom1Kula_O0731_2.mes,Script/dom1Kula_O0731_2.mes,60,2,[선택지],右下,우하,우하\
dom1Kula_O0731_2.mes,Script/dom1Kula_O0731_2.mes,61,1,[선택지],下,하,하\
dom1Kula_O0731_2.mes,Script/dom1Kula_O0731_2.mes,62,3,[선택지],右右下,우우하,우\우하
dom1Kula_O0731_2.mes,Script/dom1Kula_O0731_2.mes,63,2,[선택지],右下,우하,우하\
dom1Kula_O0731_2.mes,Script/dom1Kula_O0731_2.mes,64,1,[선택지],右,우,우\
dom1Kula_O0731_2.mes,Script/dom1Kula_O0731_2.mes,65,2,[선택지],右下,우하,우\하
dom1Kula_O0731_2.mes,Script/dom1Kula_O0731_2.mes,66,1,[선택지],下,하,하\
dom1Kula_O0731_2.mes,Script/dom1Kula_O0731_2.mes,67,1,[선택지],右,우,우\
dom1Kula_O0731_2.mes,Script/dom1Kula_O0731_2.mes,68,6,주인공,くらぇぇ!,받아라!,받아라!
dom1Kula_O0731_2.mes,Script/dom1Kula_O0731_2.mes,69,7,[효과음/내레이션],バキィィィ!,퍼어억!,퍼어억!
dom1Kula_O0731_2.mes,Script/dom1Kula_O0731_2.mes,70,8,UNKNOWN_26,ぐあああああ!,크아아아악!,크아아아악!
dom1Kula_O0731_2.mes,Script/dom1Kula_O0731_2.mes,71,7,주인공,(やった!),(해냈다!),(해냈다!)
dom1Kula_O0731_2.mes,Script/dom1Kula_O0731_2.mes,72,6,주인공,くそぉぉ!,젠장!,젠장!
dom1Kula_O0731_2.mes,Script/dom1Kula_O0731_2.mes,73,4,[효과음/내레이션],ガスッ,퍽!,퍽!
dom1Kula_O0731_2.mes,Script/dom1Kula_O0731_2.mes,74,8,UNKNOWN_26,甘ぇんだよっ!,물러터졌다고!,물러터졌다고!
dom1Kula_O0731_2.mes,Script/dom1Kula_O0731_2.mes,75,4,주인공,くそっ,젠장,젠장
dom1Kula_O0731_2.mes,Script/dom1Kula_O0731_2.mes,76,10,UNKNOWN_26,ガーキーどーもー!,으아 잘 가라고!,으아 잘 가라고!
dom1Kula_O0731_2.mes,Script/dom1Kula_O0731_2.mes,77,2,주인공,!,!,!
dom1Kula_O0731_2.mes,Script/dom1Kula_O0731_2.mes,78,9,[효과음/내레이션],<クロウバイツ>,<클로우바이트>,<클로우바이트>
dom1Kula_O0731_2.mes,Script/dom1Kula_O0731_2.mes,79,5,[선택지],右下A右下,우하A우하,우\하\A\우하
dom1Kula_O0731_2.mes,Script/dom1Kula_O0731_2.mes,80,4,[선택지],下A右下,하A우하,하\A\우하
dom1Kula_O0731_2.mes,Script/dom1Kula_O0731_2.mes,81,3,[선택지],A右下,A우하,A\우하
dom1Kula_O0731_2.mes,Script/dom1Kula_O0731_2.mes,82,2,[선택지],右下,우하,우하\
dom1Kula_O0731_2.mes,Script/dom1Kula_O0731_2.mes,83,1,[선택지],A,A,A
dom1Kula_O0731_2.mes,Script/dom1Kula_O0731_2.mes,84,3,[선택지],下右下,하우하,하\우하
dom1Kula_O0731_2.mes,Script/dom1Kula_O0731_2.mes,85,2,[선택지],右下,우하,우하\
dom1Kula_O0731_2.mes,Script/dom1Kula_O0731_2.mes,86,1,[선택지],下,하,하\
dom1Kula_O0731_2.mes,Script/dom1Kula_O0731_2.mes,87,2,[선택지],下A,하A,하\A
dom1Kula_O0731_2.mes,Script/dom1Kula_O0731_2.mes,88,1,[선택지],A,A,A
dom1Kula_O0731_2.mes,Script/dom1Kula_O0731_2.mes,89,1,[선택지],下,하,하\
dom1Kula_O0731_2.mes,Script/dom1Kula_O0731_2.mes,90,4,[선택지],右A右下,우A우하,우\A\우하
dom1Kula_O0731_2.mes,Script/dom1Kula_O0731_2.mes,91,3,[선택지],A右下,A우하,A\우하
dom1Kula_O0731_2.mes,Script/dom1Kula_O0731_2.mes,92,2,[선택지],右下,우하,우하\
dom1Kula_O0731_2.mes,Script/dom1Kula_O0731_2.mes,93,1,[선택지],A,A,A
dom1Kula_O0731_2.mes,Script/dom1Kula_O0731_2.mes,94,3,[선택지],右右下,우우하,우\우하
dom1Kula_O0731_2.mes,Script/dom1Kula_O0731_2.mes,95,2,[선택지],右下,우하,우하\
dom1Kula_O0731_2.mes,Script/dom1Kula_O0731_2.mes,96,1,[선택지],右,우,우\
dom1Kula_O0731_2.mes,Script/dom1Kula_O0731_2.mes,97,2,[선택지],右A,우A,우\A
dom1Kula_O0731_2.mes,Script/dom1Kula_O0731_2.mes,98,1,[선택지],A,A,A
dom1Kula_O0731_2.mes,Script/dom1Kula_O0731_2.mes,99,1,[선택지],右,우,우\
dom1Kula_O0731_2.mes,Script/dom1Kula_O0731_2.mes,100,4,[선택지],右下右下,우하우하,우\하\우하
dom1Kula_O0731_2.mes,Script/dom1Kula_O0731_2.mes,101,3,[선택지],下右下,하우하,하\우하
dom1Kula_O0731_2.mes,Script/dom1Kula_O0731_2.mes,102,2,[선택지],右下,우하,우하\
dom1Kula_O0731_2.mes,Script/dom1Kula_O0731_2.mes,103,1,[선택지],下,하,하\
dom1Kula_O0731_2.mes,Script/dom1Kula_O0731_2.mes,104,3,[선택지],右右下,우우하,우\우하
dom1Kula_O0731_2.mes,Script/dom1Kula_O0731_2.mes,105,2,[선택지],右下,우하,우하\
dom1Kula_O0731_2.mes,Script/dom1Kula_O0731_2.mes,106,1,[선택지],右,우,우\
dom1Kula_O0731_2.mes,Script/dom1Kula_O0731_2.mes,107,2,[선택지],右下,우하,우\하
dom1Kula_O0731_2.mes,Script/dom1Kula_O0731_2.mes,108,1,[선택지],下,하,하\
dom1Kula_O0731_2.mes,Script/dom1Kula_O0731_2.mes,109,1,[선택지],右,우,우\
dom1Kula_O0731_2.mes,Script/dom1Kula_O0731_2.mes,110,3,[선택지],右下A,우하A,우\하\A
dom1Kula_O0731_2.mes,Script/dom1Kula_O0731_2.mes,111,2,[선택지],下A,하A,하\A
dom1Kula_O0731_2.mes,Script/dom1Kula_O0731_2.mes,112,1,[선택지],A,A,A
dom1Kula_O0731_2.mes,Script/dom1Kula_O0731_2.mes,113,1,[선택지],下,하,하\
dom1Kula_O0731_2.mes,Script/dom1Kula_O0731_2.mes,114,2,[선택지],右A,우A,우\A
dom1Kula_O0731_2.mes,Script/dom1Kula_O0731_2.mes,115,1,[선택지],A,A,A
dom1Kula_O0731_2.mes,Script/dom1Kula_O0731_2.mes,116,1,[선택지],右,우,우\
dom1Kula_O0731_2.mes,Script/dom1Kula_O0731_2.mes,117,2,[선택지],右下,우하,우\하
dom1Kula_O0731_2.mes,Script/dom1Kula_O0731_2.mes,118,1,[선택지],下,하,하\
dom1Kula_O0731_2.mes,Script/dom1Kula_O0731_2.mes,119,1,[선택지],右,우,우\
dom1Kula_O0731_2.mes,Script/dom1Kula_O0731_2.mes,120,6,주인공,くらぇぇ!,받아라!,받아라!
dom1Kula_O0731_2.mes,Script/dom1Kula_O0731_2.mes,121,7,[효과음/내레이션],バキィィィ!,퍼어억!,퍼어억!
dom1Kula_O0731_2.mes,Script/dom1Kula_O0731_2.mes,122,8,UNKNOWN_26,ぐあああああ!,크아아아악!,크아아아악!
dom1Kula_O0731_2.mes,Script/dom1Kula_O0731_2.mes,123,7,주인공,(やった!),(해냈다!),(해냈다!)
dom1Kula_O0731_2.mes,Script/dom1Kula_O0731_2.mes,124,6,주인공,くそぉぉ!,젠장!,젠장!
dom1Kula_O0731_2.mes,Script/dom1Kula_O0731_2.mes,125,4,[효과음/내레이션],ガスッ,퍽!,퍽!
dom1Kula_O0731_2.mes,Script/dom1Kula_O0731_2.mes,126,8,UNKNOWN_26,甘ぇんだよっ!,물러터졌다고!,물러터졌다고!
dom1Kula_O0731_2.mes,Script/dom1Kula_O0731_2.mes,127,4,주인공,くそっ,젠장,젠장
dom1Kula_O0731_2.mes,Script/dom1Kula_O0731_2.mes,128,16,UNKNOWN_27,次はアタシだにゃ~.アチョー!,이번엔 내 차례다냥. 아뵤!,이번엔 내 차례다냥. 아뵤!
dom1Kula_O0731_2.mes,Script/dom1Kula_O0731_2.mes,129,2,주인공,!,!,!
dom1Kula_O0731_2.mes,Script/dom1Kula_O0731_2.mes,130,11,[효과음/내레이션],<ミニッツスパイク>,<미닛츠 스파이크>,<미닛츠 스파이크>
dom1Kula_O0731_2.mes,Script/dom1Kula_O0731_2.mes,131,5,[선택지],B左左下下,B좌좌하하,B\좌\좌하\하
dom1Kula_O0731_2.mes,Script/dom1Kula_O0731_2.mes,132,4,[선택지],左左下下,좌좌하하,좌\좌하\하
dom1Kula_O0731_2.mes,Script/dom1Kula_O0731_2.mes,133,3,[선택지],左下下,좌하하,좌하\하
dom1Kula_O0731_2.mes,Script/dom1Kula_O0731_2.mes,134,1,[선택지],下,하,하\
dom1Kula_O0731_2.mes,Script/dom1Kula_O0731_2.mes,135,2,[선택지],左下,좌하,좌하\
dom1Kula_O0731_2.mes,Script/dom1Kula_O0731_2.mes,136,2,[선택지],左下,좌하,좌\하
dom1Kula_O0731_2.mes,Script/dom1Kula_O0731_2.mes,137,1,[선택지],下,하,하\
dom1Kula_O0731_2.mes,Script/dom1Kula_O0731_2.mes,138,1,[선택지],左,좌,좌\
dom1Kula_O0731_2.mes,Script/dom1Kula_O0731_2.mes,139,3,[선택지],左左下,좌좌하,좌\좌하
dom1Kula_O0731_2.mes,Script/dom1Kula_O0731_2.mes,140,2,[선택지],左下,좌하,좌하\
dom1Kula_O0731_2.mes,Script/dom1Kula_O0731_2.mes,141,1,[선택지],左,좌,좌\
dom1Kula_O0731_2.mes,Script/dom1Kula_O0731_2.mes,142,4,[선택지],B左下下,B좌하하,B\좌하\하
dom1Kula_O0731_2.mes,Script/dom1Kula_O0731_2.mes,143,3,[선택지],左下下,좌하하,좌하\하
dom1Kula_O0731_2.mes,Script/dom1Kula_O0731_2.mes,144,1,[선택지],下,하,하\
dom1Kula_O0731_2.mes,Script/dom1Kula_O0731_2.mes,145,2,[선택지],左下,좌하,좌하\
dom1Kula_O0731_2.mes,Script/dom1Kula_O0731_2.mes,146,2,[선택지],B下,B하,B\하
dom1Kula_O0731_2.mes,Script/dom1Kula_O0731_2.mes,147,1,[선택지],下,하,하\
dom1Kula_O0731_2.mes,Script/dom1Kula_O0731_2.mes,148,1,[선택지],B,B,B
dom1Kula_O0731_2.mes,Script/dom1Kula_O0731_2.mes,149,3,[선택지],B左下,B좌하,B\좌하
dom1Kula_O0731_2.mes,Script/dom1Kula_O0731_2.mes,150,2,[선택지],左下,좌하,좌하\
dom1Kula_O0731_2.mes,Script/dom1Kula_O0731_2.mes,151,1,[선택지],B,B,B
dom1Kula_O0731_2.mes,Script/dom1Kula_O0731_2.mes,152,3,[선택지],B左下,B좌하,B\좌\하
dom1Kula_O0731_2.mes,Script/dom1Kula_O0731_2.mes,153,2,[선택지],左下,좌하,좌\하
dom1Kula_O0731_2.mes,Script/dom1Kula_O0731_2.mes,154,1,[선택지],下,하,하\
dom1Kula_O0731_2.mes,Script/dom1Kula_O0731_2.mes,155,1,[선택지],左,좌,좌\
dom1Kula_O0731_2.mes,Script/dom1Kula_O0731_2.mes,156,2,[선택지],B下,B하,B\하
dom1Kula_O0731_2.mes,Script/dom1Kula_O0731_2.mes,157,1,[선택지],下,하,하\
dom1Kula_O0731_2.mes,Script/dom1Kula_O0731_2.mes,158,1,[선택지],B,B,B
dom1Kula_O0731_2.mes,Script/dom1Kula_O0731_2.mes,159,2,[선택지],B左,B좌,B\좌
dom1Kula_O0731_2.mes,Script/dom1Kula_O0731_2.mes,160,1,[선택지],左,좌,좌\
dom1Kula_O0731_2.mes,Script/dom1Kula_O0731_2.mes,161,1,[선택지],B,B,B
dom1Kula_O0731_2.mes,Script/dom1Kula_O0731_2.mes,162,4,[선택지],B左左下,B좌좌하,B\좌\좌하
dom1Kula_O0731_2.mes,Script/dom1Kula_O0731_2.mes,163,3,[선택지],左左下,좌좌하,좌\좌하
dom1Kula_O0731_2.mes,Script/dom1Kula_O0731_2.mes,164,2,[선택지],左下,좌하,좌하\
dom1Kula_O0731_2.mes,Script/dom1Kula_O0731_2.mes,165,1,[선택지],左,좌,좌\
dom1Kula_O0731_2.mes,Script/dom1Kula_O0731_2.mes,166,3,[선택지],B左下,B좌하,B좌하
dom1Kula_O0731_2.mes,Script/dom1Kula_O0731_2.mes,167,2,[선택지],左下,좌하,좌하\
dom1Kula_O0731_2.mes,Script/dom1Kula_O0731_2.mes,168,1,[선택지],B,B,B
dom1Kula_O0731_2.mes,Script/dom1Kula_O0731_2.mes,169,2,[선택지],B左,B좌,B\좌
dom1Kula_O0731_2.mes,Script/dom1Kula_O0731_2.mes,170,1,[선택지],左,좌,좌\
dom1Kula_O0731_2.mes,Script/dom1Kula_O0731_2.mes,171,1,[선택지],B,B,B
dom1Kula_O0731_2.mes,Script/dom1Kula_O0731_2.mes,172,6,주인공,くらぇぇ!,받아라앗!,받아라앗!
dom1Kula_O0731_2.mes,Script/dom1Kula_O0731_2.mes,173,7,[효과음/내레이션],バキィィィ!,빠지지직!,빠지지직!
dom1Kula_O0731_2.mes,Script/dom1Kula_O0731_2.mes,174,7,UNKNOWN_27,うわあああ!,으아아아!,으아아아!
dom1Kula_O0731_2.mes,Script/dom1Kula_O0731_2.mes,175,7,주인공,(やった!),(해냈어!),(해냈어!)
dom1Kula_O0731_2.mes,Script/dom1Kula_O0731_2.mes,176,6,주인공,くそぉぉ!,젠자앙!,젠자앙!
dom1Kula_O0731_2.mes,Script/dom1Kula_O0731_2.mes,177,4,[효과음/내레이션],ガスッ,퍼억!,퍼억!
dom1Kula_O0731_2.mes,Script/dom1Kula_O0731_2.mes,178,12,UNKNOWN_27,まだまだ子供だにゃっ!,아직 어린애다냥!,아직 어린애다냥!
dom1Kula_O0731_2.mes,Script/dom1Kula_O0731_2.mes,179,4,주인공,くそっ,젠장!,젠장!
dom1Kula_O0731_2.mes,Script/dom1Kula_O0731_2.mes,180,15,UNKNOWN_27,うりゃ!<020A>うりゃ!<020A>うりゃ!,얍!<020A>얍!<020A>얍!,얍!<020A>얍!<020A>얍!
dom1Kula_O0731_2.mes,Script/dom1Kula_O0731_2.mes,181,2,주인공,!,!,!
dom1Kula_O0731_2.mes,Script/dom1Kula_O0731_2.mes,182,10,[효과음/내레이션],<ヒートドライブ>,<히트 드라이브>,<히트 드라이브>
dom1Kula_O0731_2.mes,Script/dom1Kula_O0731_2.mes,183,12,[선택지],右下。右A下。右下右。下,우하.우A하.우하우.하,우하.우\A\하.우하\우.하
dom1Kula_O0731_2.mes,Script/dom1Kula_O0731_2.mes,184,8,[선택지],A下。右下右。下,A하.우하우.하,A\하.우하\우.하
dom1Kula_O0731_2.mes,Script/dom1Kula_O0731_2.mes,185,7,[선택지],下。右下右。下,하.우하우.하,하.우하\우.하
dom1Kula_O0731_2.mes,Script/dom1Kula_O0731_2.mes,186,3,[선택지],右。下,우.하,우.하\
dom1Kula_O0731_2.mes,Script/dom1Kula_O0731_2.mes,187,4,[선택지],下。右下,하.우하,하.우하\
dom1Kula_O0731_2.mes,Script/dom1Kula_O0731_2.mes,188,4,[선택지],A右。下,A우.하,A\우.하
dom1Kula_O0731_2.mes,Script/dom1Kula_O0731_2.mes,189,3,[선택지],右。下,우.하,우.하\
dom1Kula_O0731_2.mes,Script/dom1Kula_O0731_2.mes,190,1,[선택지],A,A,A
dom1Kula_O0731_2.mes,Script/dom1Kula_O0731_2.mes,191,5,[선택지],A下。右下,A하.우하,A\하.우하
dom1Kula_O0731_2.mes,Script/dom1Kula_O0731_2.mes,192,4,[선택지],下。右下,하.우하,하.우하\
dom1Kula_O0731_2.mes,Script/dom1Kula_O0731_2.mes,193,1,[선택지],A,A,A
dom1Kula_O0731_2.mes,Script/dom1Kula_O0731_2.mes,194,11,[선택지],右下。右下。右下右。下,우하.우하.우하우.하,우하.우\하.우하\우.하
dom1Kula_O0731_2.mes,Script/dom1Kula_O0731_2.mes,195,7,[선택지],下。右下右。下,하.우하우.하,하.우하\우.하
dom1Kula_O0731_2.mes,Script/dom1Kula_O0731_2.mes,196,3,[선택지],右。下,우.하,우.하\
dom1Kula_O0731_2.mes,Script/dom1Kula_O0731_2.mes,197,4,[선택지],下。右下,하.우하,하.우하\
dom1Kula_O0731_2.mes,Script/dom1Kula_O0731_2.mes,198,7,[선택지],右下。右右。下,우하.우우.하,우하.우\우.하
dom1Kula_O0731_2.mes,Script/dom1Kula_O0731_2.mes,199,3,[선택지],右。下,우.하,우.하\
dom1Kula_O0731_2.mes,Script/dom1Kula_O0731_2.mes,200,4,[선택지],右下。右,우하.우,우하.우\
dom1Kula_O0731_2.mes,Script/dom1Kula_O0731_2.mes,201,8,[선택지],右下。右下。右下,우하.우하.우하,우하.우\하.우하
dom1Kula_O0731_2.mes,Script/dom1Kula_O0731_2.mes,202,4,[선택지],下。右下,하.우하,하.우하\
dom1Kula_O0731_2.mes,Script/dom1Kula_O0731_2.mes,203,4,[선택지],右下。右,우하.우,우하.우\
dom1Kula_O0731_2.mes,Script/dom1Kula_O0731_2.mes,204,8,[선택지],右下。右A右。下,우하.우A우.하,우하.우\A\우.하
dom1Kula_O0731_2.mes,Script/dom1Kula_O0731_2.mes,205,4,[선택지],A右。下,A우.하,A\우.하
dom1Kula_O0731_2.mes,Script/dom1Kula_O0731_2.mes,206,3,[선택지],右。下,우.하,우.하\
dom1Kula_O0731_2.mes,Script/dom1Kula_O0731_2.mes,207,1,[선택지],A,A,A
dom1Kula_O0731_2.mes,Script/dom1Kula_O0731_2.mes,208,7,[선택지],右下。右右。下,우하.우우.하,우하.우우.하
dom1Kula_O0731_2.mes,Script/dom1Kula_O0731_2.mes,209,3,[선택지],右。下,우.하,우.하\
dom1Kula_O0731_2.mes,Script/dom1Kula_O0731_2.mes,210,4,[선택지],右下。右,우하.우,우하.우\
dom1Kula_O0731_2.mes,Script/dom1Kula_O0731_2.mes,211,5,[선택지],右下。右A,우하.우A,우하.우\A
dom1Kula_O0731_2.mes,Script/dom1Kula_O0731_2.mes,212,1,[선택지],A,A,A
dom1Kula_O0731_2.mes,Script/dom1Kula_O0731_2.mes,213,4,[선택지],右下。右,우하.우,우하.우\
dom1Kula_O0731_2.mes,Script/dom1Kula_O0731_2.mes,214,9,[선택지],右下。右A下。右下,우하.우A하.우하,우하.우\A\하.우하
dom1Kula_O0731_2.mes,Script/dom1Kula_O0731_2.mes,215,5,[선택지],A下。右下,A하.우하,A\하.우하
dom1Kula_O0731_2.mes,Script/dom1Kula_O0731_2.mes,216,4,[선택지],下。右下,하.우하,하.우하\
dom1Kula_O0731_2.mes,Script/dom1Kula_O0731_2.mes,217,1,[선택지],A,A,A
dom1Kula_O0731_2.mes,Script/dom1Kula_O0731_2.mes,218,8,[선택지],右下。右下。右下,우하.우하.우하,우하.우하.우하
dom1Kula_O0731_2.mes,Script/dom1Kula_O0731_2.mes,219,4,[선택지],下。右下,하.우하,하.우하\
dom1Kula_O0731_2.mes,Script/dom1Kula_O0731_2.mes,220,4,[선택지],右下。右,우하.우,우하.우\
dom1Kula_O0731_2.mes,Script/dom1Kula_O0731_2.mes,221,5,[선택지],右下。右A,우하.우A,우하.우\A
dom1Kula_O0731_2.mes,Script/dom1Kula_O0731_2.mes,222,1,[선택지],A,A,A
dom1Kula_O0731_2.mes,Script/dom1Kula_O0731_2.mes,223,4,[선택지],右下。右,우하.우,우하.우\
dom1Kula_O0731_2.mes,Script/dom1Kula_O0731_2.mes,224,6,주인공,くらぇぇ!,받아라앗!,받아라앗!
dom1Kula_O0731_2.mes,Script/dom1Kula_O0731_2.mes,225,7,[효과음/내레이션],バキィィィ!,빠지지직!,빠지지직!
dom1Kula_O0731_2.mes,Script/dom1Kula_O0731_2.mes,226,8,UNKNOWN_27,ぐあああああ!,으아아아악!,으아아아악!
dom1Kula_O0731_2.mes,Script/dom1Kula_O0731_2.mes,227,7,주인공,(やった!),(해냈어!),(해냈어!)
dom1Kula_O0731_2.mes,Script/dom1Kula_O0731_2.mes,228,6,주인공,くそぉぉ!,젠자앙!,젠자앙!
dom1Kula_O0731_2.mes,Script/dom1Kula_O0731_2.mes,229,4,[효과음/내레이션],ガスッ,퍼억!,퍼억!
dom1Kula_O0731_2.mes,Script/dom1Kula_O0731_2.mes,230,12,UNKNOWN_27,まだまだ子供だにゃっ!,아직 어린애다냥!,아직 어린애다냥!
dom1Kula_O0731_2.mes,Script/dom1Kula_O0731_2.mes,231,4,주인공,くそっ,젠장!,젠장!
dom1Kula_O0731_2.mes,Script/dom1Kula_O0731_2.mes,232,6,주인공,くそぉ……,젠자앙……,젠자앙……
dom1Kula_O0731_2.mes,Script/dom1Kula_O0731_2.mes,233,17,UNKNOWN_25,だから無理なんだよ、てめぇらには,"그러니까 무리라고, 네놈들한텐","그러니까 무리라고, 네놈들한텐"
dom1Kula_O0731_2.mes,Script/dom1Kula_O0731_2.mes,234,15,UNKNOWN_26,おまえらまとめて消えろォー!,네놈들 다 같이꺼져버려어!,네놈들 다 같이꺼져버려어!
dom1Kula_O0731_2.mes,Script/dom1Kula_O0731_2.mes,235,3,주인공,!!,!!,!!
dom1Kula_O0731_2.mes,Script/dom1Kula_O0731_2.mes,236,10,UNKNOWN_25,オラオラオラァーッ,오라오라오라앗!,오라오라오라앗!
dom1Kula_O0731_2.mes,Script/dom1Kula_O0731_2.mes,237,11,[효과음/내레이션],バキィッ、ドカァン!,"퍼버벅, 쾅!","퍼버벅, 쾅!"
dom1Kula_O0731_2.mes,Script/dom1Kula_O0731_2.mes,238,8,UNKNOWN_26,ぐあああああ!,크아아악!,크아아악!
dom1Kula_O0731_2.mes,Script/dom1Kula_O0731_2.mes,239,8,UNKNOWN_27,うにゃあああ!,으냐아앙!,으냐아앙!
dom1Kula_O0731_2.mes,Script/dom1Kula_O0731_2.mes,240,4,[효과음/내레이션],ドサッ,퍽!,퍽!
dom1Kula_O0731_2.mes,Script/dom1Kula_O0731_2.mes,241,20,주인공,(……スゲェ.ほんとに倒しちゃっ<6E5C>た),(……대박. 진짜 쓰러뜨렸<6E5C>어),(……대박. 진짜 쓰러뜨렸<6E5C>어)
dom1Kula_O0731_2.mes,Script/dom1Kula_O0731_2.mes,242,11,Kula,お兄ちゃんスゴイ!!,오빠 대단해!!,오빠 대단해!!
dom1Kula_O0731_2.mes,Script/dom1Kula_O0731_2.mes,243,4,UNKNOWN_25,フンッ,흥!,흥!
dom1Kula_O0731_2.mes,Script/dom1Kula_O0731_2.mes,244,13,Kaidou,やっぱりかなわねぇぜ……,역시 못 당해내겠군……,역시 못 당해내겠군……
dom1Kula_O0731_2.mes,Script/dom1Kula_O0731_2.mes,245,29,주인공,(……くそ.けっきょく、守るなん<6E5C>てできなかったな……),"(……젠장. 결국, 지켜주지<6E5C> 못했구나……)","(……젠장. 결국, 지켜주지<6E5C> 못했구나……)"
dom1Kula_O0731_2.mes,Script/dom1Kula_O0731_2.mes,246,12,주인공,まだまだいけるぞ……!,아직 멀었다……!,아직 멀었다……!
dom1Kula_O0731_2.mes,Script/dom1Kula_O0731_2.mes,247,15,Kaidou,<이름:3131>のヤツ、やるじゃねぇかぁ,"<이름:3131>이 녀석, 제법이잖아","<이름:3131>이 녀석, 제법이잖아"
dom1Kula_O0731_2.mes,Script/dom1Kula_O0731_2.mes,248,15,UNKNOWN_26,おまえらまとめて消えろォー!,네놈들 다 같이꺼져버려어!,네놈들 다 같이꺼져버려어!
dom1Kula_O0731_2.mes,Script/dom1Kula_O0731_2.mes,249,6,주인공,うぉぉぉ!,우오오오!,우오오오!
dom1Kula_O0731_2.mes,Script/dom1Kula_O0731_2.mes,250,11,[효과음/내레이션],バキィッ、ドカァン!,"퍼버벅, 쾅!","퍼버벅, 쾅!"
dom1Kula_O0731_2.mes,Script/dom1Kula_O0731_2.mes,251,8,UNKNOWN_26,ぐあああああ!,크아아악!,크아아악!
dom1Kula_O0731_2.mes,Script/dom1Kula_O0731_2.mes,252,8,UNKNOWN_27,うにゃあああ!,으냐아앙!,으냐아앙!
dom1Kula_O0731_2.mes,Script/dom1Kula_O0731_2.mes,253,4,[효과음/내레이션],ドサッ,퍽!,퍽!
dom1Kula_O0731_2.mes,Script/dom1Kula_O0731_2.mes,254,22,주인공,(……はぁ、はぁ.なんとか倒した<6E5C>ぞ……),(……하아하아. 겨우 쓰러뜨<6E5C>렸어……),(……하아하아. 겨우 쓰러뜨<6E5C>렸어……)
dom1Kula_O0731_2.mes,Script/dom1Kula_O0731_2.mes,255,8,Kula,<이름:3232>スゴイ!!,<이름:3232>대단해!!,<이름:3232>대단해!!
dom1Kula_O0731_2.mes,Script/dom1Kula_O0731_2.mes,256,8,UNKNOWN_25,やるじゃねぇか,제법이잖아,제법이잖아
dom1Kula_O0731_2.mes,Script/dom1Kula_O0731_2.mes,257,25,Kaidou,<이름:3131>……オマエ、いつからそんな強<6E5C>くなったんだ?,"<이름:3131>……너, 언제부터 그렇게 강<6E5C>해진 거야?","<이름:3131>……너, 언제부터 그렇게 강<6E5C>해진 거야?"
dom1Kula_O0731_2.mes,Script/dom1Kula_O0731_2.mes,258,15,주인공,(うぅ……体中がいてぇ……),(으윽……온몸이 아파……),(으윽……온몸이 아파……)
dom1Kula_O0731_3.mes,Script/dom1Kula_O0731_3.mes,0,5,[효과음/내레이션],…………,…………,…………
dom1Kula_O0731_3.mes,Script/dom1Kula_O0731_3.mes,1,35,Kula,お兄ちゃんお兄ちゃん!<6E5C>お兄ちゃんが死ななくて<6E5C>よかった!ウワーン!,"오빠, 오빠!<6E5C>오빠가 안 죽어서<6E5C>다행이야! 으아앙!","오빠, 오빠!<6E5C>오빠가 안 죽어서<6E5C>다행이야! 으아앙!"
dom1Kula_O0731_3.mes,Script/dom1Kula_O0731_3.mes,2,13,UNKNOWN_25,うるせぇな.耳元で泣くな,시끄러귀에 대고 울지마,시끄러귀에 대고 울지마
dom1Kula_O0731_3.mes,Script/dom1Kula_O0731_3.mes,3,22,Kula,もぉ帰ろうよぉ!ケンカばっかり<6E5C>イヤだよ!,이제 집에 가자! 맨날 싸우는거<6E5C>싫어!,이제 집에 가자! 맨날 싸우는거<6E5C>싫어!
dom1Kula_O0731_3.mes,Script/dom1Kula_O0731_3.mes,4,14,UNKNOWN_25,誰があんな家.冗談じゃねぇ,그딴 집 누가 가웃기지마,그딴 집 누가 가웃기지마
dom1Kula_O0731_3.mes,Script/dom1Kula_O0731_3.mes,5,26,Kula,イヤイヤイヤ!じゃないとクーラ<6E5C>ずっとココにいる!,싫어싫어! 안 그러면 나<6E5C>계속 여기 있을거야!,싫어싫어! 안 그러면 나<6E5C>계속 여기 있을거야!
dom1Kula_O0731_3.mes,Script/dom1Kula_O0731_3.mes,6,8,Kaidou,おい、クーラ!,"야, 쿨라!","야, 쿨라!"
dom1Kula_O0731_3.mes,Script/dom1Kula_O0731_3.mes,7,16,주인공,それはしないって約束しただろ!,그러지 않기로 약속했잖아!,그러지 않기로 약속했잖아!
dom1Kula_O0731_3.mes,Script/dom1Kula_O0731_3.mes,8,5,Kula,でも……,그치만…,그치만…
dom1Kula_O0731_3.mes,Script/dom1Kula_O0731_3.mes,9,40,주인공,……あの、クーラのお兄さん、<6E5C>なんとか家に帰ってやることは<6E5C>できないんですか?,"……저기, 쿨라 오빠분,<6E5C>어떻게든 집에 돌아가게<6E5C>해주실 수 없나요?","……저기, 쿨라 오빠분,<6E5C>어떻게든 집에 돌아가게<6E5C>해주실 수 없나요?"
dom1Kula_O0731_3.mes,Script/dom1Kula_O0731_3.mes,10,24,Kaidou,このままだとクーラまで危険な目に<6E5C>あっちまうぜ,이러다간 쿨라까지 위험해<6E5C>질 거라고,이러다간 쿨라까지 위험해<6E5C>질 거라고
dom1Kula_O0731_3.mes,Script/dom1Kula_O0731_3.mes,11,5,UNKNOWN_25,…………,…………,…………
dom1Kula_O0731_3.mes,Script/dom1Kula_O0731_3.mes,12,12,Kula,オネガイ!お兄ちゃん!,제발! 오빠!,제발! 오빠!
dom1Kula_O0731_3.mes,Script/dom1Kula_O0731_3.mes,13,48,UNKNOWN_25,……仕方ねぇな.あいつが……ヤラ<6E5C>れちまった相棒が病院から出てきた<6E5C>ら、家に顔出すようにするよ,……어쩔 수 없지. 그 자식이……당한<6E5C>동료가 병원에서 나오면<6E5C>집에 얼굴 비출게,……어쩔 수 없지. 그 자식이……당한<6E5C>동료가 병원에서 나오면<6E5C>집에 얼굴 비출게
dom1Kula_O0731_3.mes,Script/dom1Kula_O0731_3.mes,14,6,Kula,ヤッタァ!,신난다!,신난다!
dom1Kula_O0731_3.mes,Script/dom1Kula_O0731_3.mes,15,10,Kaidou,フゥ.ひと安心だぜ,후.안심이네,후.안심이네
dom1Kula_O0731_3.mes,Script/dom1Kula_O0731_3.mes,16,43,주인공,クーラは、家でおとなしくお兄ちゃ<6E5C>んを待ってないとダメだぞ.もぅこ<6E5C>こに来ちゃダメだ,쿨라는 집에서 얌전히 오빠<6E5C>기다려야 돼. 이제 여기<6E5C>오면 안 돼,쿨라는 집에서 얌전히 오빠<6E5C>기다려야 돼. 이제 여기<6E5C>오면 안 돼
dom1Kula_O0731_3.mes,Script/dom1Kula_O0731_3.mes,17,5,Kula,ウンッ!,응!,응!
dom1Kula_O0731_3.mes,Script/dom1Kula_O0731_3.mes,18,17,UNKNOWN_25,で、てめぇらはクーラの何なんだ?,근데 니들은 쿨라랑 뭔사이냐?,근데 니들은 쿨라랑 뭔사이냐?
dom1Kula_O0731_3.mes,Script/dom1Kula_O0731_3.mes,19,3,주인공,え?,어?,어?
dom1Kula_O0731_3.mes,Script/dom1Kula_O0731_3.mes,20,36,UNKNOWN_25,関係ねぇのに俺を助けるマネしやが<6E5C>って、ただの友達って訳じゃねぇだ<6E5C>ろ,"상관도 없는데 날 돕는 척<6E5C>했잖아, 그냥 친구는<6E5C>아니겠지","상관도 없는데 날 돕는 척<6E5C>했잖아, 그냥 친구는<6E5C>아니겠지"
dom1Kula_O0731_3.mes,Script/dom1Kula_O0731_3.mes,21,5,주인공,その……,그게……,그게……
dom1Kula_O0731_3.mes,Script/dom1Kula_O0731_3.mes,22,33,UNKNOWN_25,クーラを守りてぇのか、てめぇ.<6E5C>だったら俺を倒す自信が<6E5C>あるか?,쿨라를 지키고 싶은 거냐 너.<6E5C>그럼 날 이길 자신은<6E5C>있냐?,쿨라를 지키고 싶은 거냐 너.<6E5C>그럼 날 이길 자신은<6E5C>있냐?
dom1Kula_O0731_3.mes,Script/dom1Kula_O0731_3.mes,23,5,주인공,えぇ!?,뭐!?,뭐!?
dom1Kula_O0731_3.mes,Script/dom1Kula_O0731_3.mes,24,14,[선택지],あります!それはちょっと……,있음!그건 좀……,있음!\그건 좀……
dom1Kula_O0731_3.mes,Script/dom1Kula_O0731_3.mes,25,6,주인공,あります!,있어요!,있어요!
dom1Kula_O0731_3.mes,Script/dom1Kula_O0731_3.mes,26,5,Kula,<이름:3232>……,<이름:3232>……,<이름:3232>……
dom1Kula_O0731_3.mes,Script/dom1Kula_O0731_3.mes,27,22,UNKNOWN_25,……フッ、まぁいい.もぅ帰れ.<6E5C>俺は疲れた,"……흥, 됐다.그만 가.<6E5C>나 피곤해","……흥, 됐다.그만 가.<6E5C>나 피곤해"
dom1Kula_O0731_3.mes,Script/dom1Kula_O0731_3.mes,28,5,주인공,…………,…………,…………
dom1Kula_O0731_3.mes,Script/dom1Kula_O0731_3.mes,29,22,Kula,お兄ちゃん……ぜったい家に戻って<6E5C>きてね?,오빠……꼭 집에 돌아<6E5C>와야 해?,오빠……꼭 집에 돌아<6E5C>와야 해?
dom1Kula_O0731_3.mes,Script/dom1Kula_O0731_3.mes,30,7,UNKNOWN_25,あぁ、またな,그래 또보자,그래 또보자
dom1Kula_O0731_3.mes,Script/dom1Kula_O0731_3.mes,31,56,주인공,(……ありますとは言ったものの、<6E5C>俺は本当にこの人に勝つことなんか<6E5C>できるのか?<485C>でも、クーラのためなら……),"(……있다고는 말했지만,<6E5C>내가 정말 이 사람을 이길<6E5C>수 있을까?<485C>그래도 쿨라를 위해서라면……)","(……있다고는 말했지만,<6E5C>내가 정말 이 사람을 이길<6E5C>수 있을까?<485C>그래도 쿨라를 위해서라면……)"
dom1Kula_O0731_3.mes,Script/dom1Kula_O0731_3.mes,32,10,주인공,それはちょっと……,그건 좀……,그건 좀……
dom1Kula_O0731_3.mes,Script/dom1Kula_O0731_3.mes,33,23,UNKNOWN_25,……てめぇじゃ、クーラを守るには<6E5C>力不足だな,……너로는 쿨라를 지키기엔<6E5C>역부족이군,……너로는 쿨라를 지키기엔<6E5C>역부족이군
dom1Kula_O0731_3.mes,Script/dom1Kula_O0731_3.mes,34,7,Kula,お兄ちゃん!,오빠!,오빠!
dom1Kula_O0731_3.mes,Script/dom1Kula_O0731_3.mes,35,16,UNKNOWN_25,まぁいい.もう帰れ.俺は疲れた,됐다.그만 가.나 피곤해,됐다.그만 가.나 피곤해
dom1Kula_O0731_3.mes,Script/dom1Kula_O0731_3.mes,36,5,주인공,…………,…………,…………
dom1Kula_O0731_3.mes,Script/dom1Kula_O0731_3.mes,37,22,Kula,お兄ちゃん……ぜったい家に戻って<6E5C>きてね?,오빠……꼭 집에 돌아<6E5C>와야 해?,오빠……꼭 집에 돌아<6E5C>와야 해?
dom1Kula_O0731_3.mes,Script/dom1Kula_O0731_3.mes,38,7,UNKNOWN_25,あぁ、またな,그래 또보자,그래 또보자
dom1Kula_O0731_3.mes,Script/dom1Kula_O0731_3.mes,39,44,주인공,(この人に勝つ自信なんてあるわけ<6E5C>ないよ.でも、クーラのためなら俺<6E5C>だっていつか……),(이 사람을 이길 자신 따위<6E5C>없어 하지만 쿨라를 위해서라면 나도<6E5C>언젠가는……),(이 사람을 이길 자신 따위<6E5C>없어 하지만 쿨라를 위해서라면 나도<6E5C>언젠가는……)
dom1Kula_S01.mes,Script/dom1Kula_S01.mes,0,16,주인공,(あれ?あそこにいるのは……),(어라? 저기 있는 건……),(어라? 저기 있는 건……)
dom1Kula_S01.mes,Script/dom1Kula_S01.mes,1,19,주인공,クーラ、何してるんだ?<6E5C>こんなとこで,"쿨라, 여기서 뭐 하는<6E5C>거야?","쿨라, 여기서 뭐 하는<6E5C>거야?"
dom1Kula_S01.mes,Script/dom1Kula_S01.mes,2,5,Kula,…………,…………,…………
dom1Kula_S01.mes,Script/dom1Kula_S01.mes,3,37,주인공,(な、なんで黙ってじっと見つめて<6E5C>るんだ?心なしか怒ってるよう<6E5C>な……),(왜 왜 말없이 가만히<6E5C>쳐다보는 거지? 왠지 화난 것<6E5C>같은데……),(왜 왜 말없이 가만히<6E5C>쳐다보는 거지? 왠지 화난 것<6E5C>같은데……)
dom1Kula_S01.mes,Script/dom1Kula_S01.mes,4,11,Kula,100円なくなった!,100엔 없어졌어!,100엔 없어졌어!
dom1Kula_S01.mes,Script/dom1Kula_S01.mes,5,3,주인공,え?,어?,어?
dom1Kula_S01.mes,Script/dom1Kula_S01.mes,6,18,Kula,ゲームできない.100円玉かして!,게임 못해. 100엔 빌려줘!,게임 못해. 100엔 빌려줘!
dom1Kula_S01.mes,Script/dom1Kula_S01.mes,7,7,주인공,え、あ、あぁ,"어, 아 응","어, 아 응"
dom1Kula_S01.mes,Script/dom1Kula_S01.mes,8,5,[효과음/내레이션],ごそごそ,부스럭,부스럭
dom1Kula_S01.mes,Script/dom1Kula_S01.mes,9,3,주인공,はい,자,자
dom1Kula_S01.mes,Script/dom1Kula_S01.mes,10,26,Kula,ヤッタ!これでラスボスもやっつ<6E5C>けちゃうんだから!,신난다! 이걸로 라스트 보스도<6E5C>이길 수 있어!,신난다! 이걸로 라스트 보스도<6E5C>이길 수 있어!
dom1Kula_S01.mes,Script/dom1Kula_S01.mes,11,8,[효과음/내레이션],ドカ!<020A>バキ!,퍽!<020A>빠직!,퍽!<020A>빠직!
dom1Kula_S01.mes,Script/dom1Kula_S01.mes,12,35,주인공,(……俺を無視してゲーム始め<6E5C>ちゃった…….<6E5C>なんなんだこの子……),(……날 무시하고 게임을 시작<6E5C>해버렸어…….<6E5C>이 앤 뭐지……),(……날 무시하고 게임을 시작<6E5C>해버렸어…….<6E5C>이 앤 뭐지……)
dom1Kula_S01.mes,Script/dom1Kula_S01.mes,13,11,주인공,(誰か遊んでるかな),(누가 놀고 있나),(누가 놀고 있나)
dom1Kula_S01.mes,Script/dom1Kula_S01.mes,14,5,UNKNOWN_1c,ええい!,에잇!,에잇!
dom1Kula_S01.mes,Script/dom1Kula_S01.mes,15,10,주인공,(あ、あれは……),"(아, 저건……)","(아, 저건……)"
dom1Kula_S01.mes,Script/dom1Kula_S01.mes,16,10,Kula,いなくなっちゃえ!,사라져버려!,사라져버려!
dom1Kula_S01.mes,Script/dom1Kula_S01.mes,17,31,주인공,(……クーラだ.またひとりで<6E5C>ゲームに熱中してるみたいだな),(……쿨라잖아. 또 혼자서<6E5C>게임에 열중하고 있나 보네),(……쿨라잖아. 또 혼자서<6E5C>게임에 열중하고 있나 보네)
dom1Kula_S01.mes,Script/dom1Kula_S01.mes,18,6,Kula,ア、<이름:3232>だ,아 <이름:3232>다,아 <이름:3232>다
dom1Kula_S01.mes,Script/dom1Kula_S01.mes,19,5,주인공,あ、あぁ,"아, 어","아, 어"
dom1Kula_S01.mes,Script/dom1Kula_S01.mes,20,6,Kula,つまんない,재미없어,재미없어
dom1Kula_S01.mes,Script/dom1Kula_S01.mes,21,3,주인공,は?,뭐?,뭐?
dom1Kula_S01.mes,Script/dom1Kula_S01.mes,22,21,Kula,つまんないからキャンディ買って<6E5C>よ、<이름:3232>,"재미없으니까 사탕 사<6E5C>줘, <이름:3232>","재미없으니까 사탕 사<6E5C>줘, <이름:3232>"
dom1Kula_S01.mes,Script/dom1Kula_S01.mes,23,26,주인공,ムカ…….コ、コインゲームの<6E5C>キャンディでいいか?,"짜증나…….코, 코인게임<6E5C>사탕이면 되냐?","짜증나…….코, 코인게임<6E5C>사탕이면 되냐?"
dom1Kula_S01.mes,Script/dom1Kula_S01.mes,24,3,Kula,うん,응,응
dom1Kula_S01.mes,Script/dom1Kula_S01.mes,25,14,주인공,よーし、ちょっと待てよ……,"좋아, 잠깐 기다려……","좋아, 잠깐 기다려……"
dom1Kula_S01.mes,Script/dom1Kula_S01.mes,26,4,[효과음/내레이션],ゴトン,덜컹,덜컹
dom1Kula_S01.mes,Script/dom1Kula_S01.mes,27,14,Kula,わーい、オイシー!ペロペロ,"우와, 맛있어!날름날름","우와, 맛있어!날름날름"
dom1Kula_S01.mes,Script/dom1Kula_S01.mes,28,44,주인공,(……っていうか、この前も100円<6E5C>貸したんだけど、覚えてんのか<6E5C>な…….まぁいいか),"(……그러고 보니 저번에도 100엔<6E5C>빌려줬는데, 기억하고 있으려<6E5C>나…….됐나)","(……그러고 보니 저번에도 100엔<6E5C>빌려줬는데, 기억하고 있으려<6E5C>나…….됐나)"
dom1Kula_S01.mes,Script/dom1Kula_S01.mes,29,5,Kula,ア、<이름:3232>,아 <이름:3232>,아 <이름:3232>
dom1Kula_S01.mes,Script/dom1Kula_S01.mes,30,39,주인공,クーラ…….よくネオジオランドに<6E5C>いるのか?学校にはちゃんと行っ<6E5C>てるのかよ,쿨라……자주 네오지오랜드에<6E5C>있는 거야? 학교는 제대로<6E5C>가고 있는 거냐,쿨라……자주 네오지오랜드에<6E5C>있는 거야? 학교는 제대로<6E5C>가고 있는 거냐
dom1Kula_S01.mes,Script/dom1Kula_S01.mes,31,13,Kula,学校なんてどうでもいいよ,학교 따위 아무래도좋아,학교 따위 아무래도좋아
dom1Kula_S01.mes,Script/dom1Kula_S01.mes,32,26,주인공,よくはないだろ.まぁ俺もひとのこ<6E5C>とは言えないけど,좋을 리 없잖아뭐 나도 남<6E5C>말할 처진 아니지만,좋을 리 없잖아뭐 나도 남<6E5C>말할 처진 아니지만
dom1Kula_S01.mes,Script/dom1Kula_S01.mes,33,8,UNKNOWN_1a,おい、クーラ!,"야, 쿨라!","야, 쿨라!"
dom1Kula_S01.mes,Script/dom1Kula_S01.mes,34,7,주인공,この声は……,이목소린……,이목소린……
dom1Kula_S01.mes,Script/dom1Kula_S01.mes,35,15,Kaidou,そんなヤツにかまうことねーぜ,그딴 놈 신경 쓸 것 없어,그딴 놈 신경 쓸 것 없어
dom1Kula_S01.mes,Script/dom1Kula_S01.mes,36,22,주인공,海堂!おまえがクーラをサボらせ<6E5C>てんのか?,카이도! 쿨라 학교<6E5C>빼먹게 하는 거냐?,카이도! 쿨라 학교<6E5C>빼먹게 하는 거냐?
dom1Kula_S01.mes,Script/dom1Kula_S01.mes,37,37,Kaidou,ンなコトしてねーよ.<6E5C>クーラが好きでやってるコトだろ.<6E5C>ほっといてやれよ,그런 짓 안 했어.<6E5C>쿨라가 좋아서 하는 거잖아.<6E5C>내버려 둬,그런 짓 안 했어.<6E5C>쿨라가 좋아서 하는 거잖아.<6E5C>내버려 둬
dom1Kula_S01.mes,Script/dom1Kula_S01.mes,38,5,주인공,でも……,그치만…,그치만…
dom1Kula_S01.mes,Script/dom1Kula_S01.mes,39,28,Kaidou,ケッ!オマエのツラ見たらシラけ<6E5C>ちまったぜ.じゃあな!,흥! 네 낯짝 보니까 김샜<6E5C>다.그럼 간다!,흥! 네 낯짝 보니까 김샜<6E5C>다.그럼 간다!
dom1Kula_S01.mes,Script/dom1Kula_S01.mes,40,6,주인공,クーラ……,쿨라……,쿨라……
dom1Kula_S01.mes,Script/dom1Kula_S01.mes,41,8,Kula,クーラも行く!,쿨라도 갈래!,쿨라도 갈래!
dom1Kula_S01.mes,Script/dom1Kula_S01.mes,42,7,[효과음/내레이션],タタタタ……,타다다닥……,타다다닥……
dom1Kula_S01.mes,Script/dom1Kula_S01.mes,43,30,주인공,(……なんで海堂なんかにくっつい<6E5C>てるんだろ、クーラ……),"(……왜 카이도한테<6E5C>붙어 다니는 거지, 쿨라……)","(……왜 카이도한테<6E5C>붙어 다니는 거지, 쿨라……)"
dom1Kula_S01.mes,Script/dom1Kula_S01.mes,44,13,Kula,ア、<이름:3232>だ.ペロペロ……,아 <이름:3232>다.날름날름……,아 <이름:3232>다.날름날름……
dom1Kula_S01.mes,Script/dom1Kula_S01.mes,45,39,주인공,クーラ、また学校サボってんのか?<6E5C>キャンディばっかり食べてたら、<6E5C>体に悪いぞ,"쿨라, 또 학교 빼먹는<6E5C>거냐? 사탕만 자꾸 먹으면<6E5C>몸에 안 좋아","쿨라, 또 학교 빼먹는<6E5C>거냐? 사탕만 자꾸 먹으면<6E5C>몸에 안 좋아"
dom1Kula_S01.mes,Script/dom1Kula_S01.mes,46,16,Kula,<이름:3232>にカンケーないよ.ペロペロ,<이름:3232>랑 상관없어.날름날름,<이름:3232>랑 상관없어.날름날름
dom1Kula_S01.mes,Script/dom1Kula_S01.mes,47,37,주인공,そんなことばっかりしてると、<6E5C>海堂みたいなつまらない不良に<6E5C>なっちゃうぞ,"그런 것만 하고 있으면,<6E5C>카이도 같은 시시한 불량배<6E5C>되고 만다","그런 것만 하고 있으면,<6E5C>카이도 같은 시시한 불량배<6E5C>되고 만다"
dom1Kula_S01.mes,Script/dom1Kula_S01.mes,48,14,Kula,いーもん、それで.ペロペロ,그래도 좋아.날름날름,그래도 좋아.날름날름
dom1Kula_S01.mes,Script/dom1Kula_S01.mes,49,16,주인공,(ったく、何考えてんだか……),"(진짜, 무슨 생각인지……)","(진짜, 무슨 생각인지……)"
dom1Kula_S01.mes,Script/dom1Kula_S01.mes,50,15,UNKNOWN_1a,誰がつまらない不良だとぉ~?,누가 시시한 불량배냐?,누가 시시한 불량배냐?
dom1Kula_S01.mes,Script/dom1Kula_S01.mes,51,10,주인공,しまった.いたのか,이런.있었냐,이런.있었냐
dom1Kula_S01.mes,Script/dom1Kula_S01.mes,52,27,Kaidou,テメェみたいなフヌケ野郎に言われ<6E5C>たくないぜ、<이름:3131>!,"너 같은 겁쟁이가 듣고<6E5C>싶지 않다고, <이름:3131>!","너 같은 겁쟁이가 듣고<6E5C>싶지 않다고, <이름:3131>!"
dom1Kula_S01.mes,Script/dom1Kula_S01.mes,53,24,주인공,はいはい、わかったからこんなとこ<6E5C>で大声出すな,"알았어, 알았으니까 여기서<6E5C>큰소리 내지 마","알았어, 알았으니까 여기서<6E5C>큰소리 내지 마"
dom1Kula_S01.mes,Script/dom1Kula_S01.mes,54,13,Kula,<이름:3232>もフリョーになってよ,<이름:3232>도 불량이 돼봐,<이름:3232>도 불량이 돼봐
dom1Kula_S01.mes,Script/dom1Kula_S01.mes,55,15,주인공,うーん.とは言ってもなぁ……,음.그렇다곤 해도……,음.그렇다곤 해도……
dom1Kula_S01.mes,Script/dom1Kula_S01.mes,56,10,Kula,なんだ、つまんない,"뭐야, 재미없어","뭐야, 재미없어"
dom1Kula_S01.mes,Script/dom1Kula_S01.mes,57,12,주인공,(つまんないって……),(재미없다니……),(재미없다니……)
dom1Kula_S01.mes,Script/dom1Kula_S01.mes,58,21,Kula,じゃ、狂也とあそぶから、<6E5C>バイバイ、<이름:3232>,"그럼, 쿄야랑 놀 거니까,<6E5C>안녕 <이름:3232>","그럼, 쿄야랑 놀 거니까,<6E5C>안녕 <이름:3232>"
dom1Kula_S01.mes,Script/dom1Kula_S01.mes,59,11,주인공,(なんなんだよ……),(뭐냐고……),(뭐냐고……)
dom1Kula_S02.mes,Script/dom1Kula_S02.mes,0,14,주인공,(あれ、あの後ろ姿は……),"(어라, 저 등은……)","(어라, 저 등은……)"
dom1Kula_S02.mes,Script/dom1Kula_S02.mes,1,5,주인공,クーラ?,쿨라?,쿨라?
dom1Kula_S02.mes,Script/dom1Kula_S02.mes,2,9,주인공,あ、制服じゃない,어 교복 아니네,어 교복 아니네
dom1Kula_S02.mes,Script/dom1Kula_S02.mes,3,10,Kula,今日は学校ないもん,오늘은 학교없는걸,오늘은 학교없는걸
dom1Kula_S02.mes,Script/dom1Kula_S02.mes,4,17,주인공,……いつもそんな服で歩いてるの?,……맨날 그런 옷 입고 다녀?,……맨날 그런 옷 입고 다녀?
dom1Kula_S02.mes,Script/dom1Kula_S02.mes,5,6,Kula,フツーだよ,보통이야,보통이야
dom1Kula_S02.mes,Script/dom1Kula_S02.mes,6,30,주인공,ふぅん.ひとりみたいだけど、友達<6E5C>と待ち合わせしてるのか?,흐음. 혼자인 것 같은데 친구<6E5C>랑 만나기로 한 거야?,흐음. 혼자인 것 같은데 친구<6E5C>랑 만나기로 한 거야?
dom1Kula_S02.mes,Script/dom1Kula_S02.mes,7,12,Kula,トモダチなんていないよ,친구 같은 거 없어,친구 같은 거 없어
dom1Kula_S02.mes,Script/dom1Kula_S02.mes,8,12,주인공,クラスの女の子とか……,반 여자애라든가……,반 여자애라든가……
dom1Kula_S02.mes,Script/dom1Kula_S02.mes,9,5,Kula,いないよ,없어,없어
dom1Kula_S02.mes,Script/dom1Kula_S02.mes,10,27,주인공,……ダメだぜ、海堂なんかと<6E5C>ばかり、いっしょにいたら,"……안 되지, 카이도 같은 애랑<6E5C>만 붙어 다니면","……안 되지, 카이도 같은 애랑<6E5C>만 붙어 다니면"
dom1Kula_S02.mes,Script/dom1Kula_S02.mes,11,5,Kula,いいもん,괜찮은걸,괜찮은걸
dom1Kula_S02.mes,Script/dom1Kula_S02.mes,12,16,주인공,…あんなヤツのどこがいいんだよ,…그런 놈이 뭐가 좋은데,…그런 놈이 뭐가 좋은데
dom1Kula_S02.mes,Script/dom1Kula_S02.mes,13,15,Kula,イイ?イイってどーゆーコト?,좋아? 좋다는 게 뭔데?,좋아? 좋다는 게 뭔데?
dom1Kula_S02.mes,Script/dom1Kula_S02.mes,14,11,주인공,どーゆーことって……,그게 무슨소리냐면…,그게 무슨소리냐면…
dom1Kula_S02.mes,Script/dom1Kula_S02.mes,15,17,Kula,ア!……じゃあバイバイ、<6E5C><이름:3232>!,"아! ……그럼 안녕, <6E5C><이름:3232>!","아! ……그럼 안녕, <6E5C><이름:3232>!"
dom1Kula_S02.mes,Script/dom1Kula_S02.mes,16,7,[효과음/내레이션],タタタタ……,타다다닥……,타다다닥……
dom1Kula_S02.mes,Script/dom1Kula_S02.mes,17,55,주인공,(行っちゃった…….やっぱり誰か<6E5C>と待ち合わせてたのか?<485C>なんで海堂にくっついてんのか、<6E5C>ますますわからん),(가버렸네……. 역시 누군가<6E5C>랑 만나기로 했었나?<485C>왜 카이도한테 붙어 다니는지<6E5C>점점 더 모르겠어),(가버렸네……. 역시 누군가<6E5C>랑 만나기로 했었나?<485C>왜 카이도한테 붙어 다니는지<6E5C>점점 더 모르겠어)
dom1Kula_S02.mes,Script/dom1Kula_S02.mes,18,19,주인공,(あのひらひらしたスカート<6E5C>は……),(그 팔랑거리는 치마<6E5C>는……),(그 팔랑거리는 치마<6E5C>는……)
dom1Kula_S02.mes,Script/dom1Kula_S02.mes,19,4,주인공,クーラ,쿨라,쿨라
dom1Kula_S02.mes,Script/dom1Kula_S02.mes,20,7,주인공,また会ったな,또 만났네,또 만났네
dom1Kula_S02.mes,Script/dom1Kula_S02.mes,21,5,Kula,そーだね,그러네,그러네
dom1Kula_S02.mes,Script/dom1Kula_S02.mes,22,22,주인공,……誰か探してたの?<6E5C>周りを見回してたけど,……누구 찾고 있었어?<6E5C>주위를둘러보던데,……누구 찾고 있었어?<6E5C>주위를둘러보던데
dom1Kula_S02.mes,Script/dom1Kula_S02.mes,23,6,Kula,べつに……,딱히……,딱히……
dom1Kula_S02.mes,Script/dom1Kula_S02.mes,24,5,UNKNOWN_1a,クーラ!,쿨라!,쿨라!
dom1Kula_S02.mes,Script/dom1Kula_S02.mes,25,33,Kaidou,キャンディ買ってきてやったぜ!<6E5C>……って、なんで<이름:3131>がいんだよ!,"사탕 사다 줬다!<6E5C>……근데, 왜 <이름:3131>가 있는 거야!","사탕 사다 줬다!<6E5C>……근데, 왜 <이름:3131>가 있는 거야!"
dom1Kula_S02.mes,Script/dom1Kula_S02.mes,26,17,주인공,なんだ、海堂といっしょだったのか,"뭐야, 카이도랑 같이 있었냐","뭐야, 카이도랑 같이 있었냐"
dom1Kula_S02.mes,Script/dom1Kula_S02.mes,27,22,Kaidou,なんだとはなんだ.デートのジャマ<6E5C>すんなよ,뭐가 뭐야. 데이트 방해<6E5C>하지 마라,뭐가 뭐야. 데이트 방해<6E5C>하지 마라
dom1Kula_S02.mes,Script/dom1Kula_S02.mes,28,13,Kula,デートなんかじゃないよ!,데이트 같은 거아니야!,데이트 같은 거아니야!
dom1Kula_S02.mes,Script/dom1Kula_S02.mes,29,32,Kaidou,えぇ?クーラから、オレといっしょ<6E5C>にいたいって言ってきたくせに,"어? 쿨라가, 나랑 같이<6E5C>있고 싶다고 먼저 말해놓고선","어? 쿨라가, 나랑 같이<6E5C>있고 싶다고 먼저 말해놓고선"
dom1Kula_S02.mes,Script/dom1Kula_S02.mes,30,25,Kula,知らないもん!狂也となんか、<6E5C>デートしないもん!,"몰라! 쿄야랑은, <6E5C>데이트 안 해!","몰라! 쿄야랑은, <6E5C>데이트 안 해!"
dom1Kula_S02.mes,Script/dom1Kula_S02.mes,31,9,Kaidou,あぁっ、クーラ!,"아앗, 쿨라!","아앗, 쿨라!"
dom1Kula_S02.mes,Script/dom1Kula_S02.mes,32,38,주인공,(なんだ?海堂にくっついてるわ<6E5C>りには、好きってわけじゃないみた<6E5C>い……),(뭐지? 카이도한테 붙어다니는<6E5C> 거치곤 안 좋아하는 것<6E5C>같은데……),(뭐지? 카이도한테 붙어다니는<6E5C> 거치곤 안 좋아하는 것<6E5C>같은데……)
dom1Kula_S03.mes,Script/dom1Kula_S03.mes,0,7,주인공,あれ、クーラ,"어라, 쿨라","어라, 쿨라"
dom1Kula_S03.mes,Script/dom1Kula_S03.mes,1,3,Kula,<이름:3232>,<이름:3232>,<이름:3232>
dom1Kula_S03.mes,Script/dom1Kula_S03.mes,2,7,[효과음/내레이션],キョロキョロ,두리번두리번,두리번두리번
dom1Kula_S03.mes,Script/dom1Kula_S03.mes,3,7,Kula,どーしたの?,왜 그래?,왜 그래?
dom1Kula_S03.mes,Script/dom1Kula_S03.mes,4,17,주인공,近くに海堂がいるのかと思って……,근처에 카이도가 있나 해서……,근처에 카이도가 있나 해서……
dom1Kula_S03.mes,Script/dom1Kula_S03.mes,5,11,Kula,今日は狂也はいないよ,오늘은 쿄야 없어,오늘은 쿄야 없어
dom1Kula_S03.mes,Script/dom1Kula_S03.mes,6,7,주인공,そうか.ホッ,그렇구나 휴,그렇구나 휴
dom1Kula_S03.mes,Script/dom1Kula_S03.mes,7,10,Kula,なんで安心するの?,왜 안심하는데?,왜 안심하는데?
dom1Kula_S03.mes,Script/dom1Kula_S03.mes,8,49,주인공,あいつがいるとロクなことにならな<6E5C>いからな.クーラも、あいつとの付<6E5C>き合いは考え直した方がいいぞ,"걔가 있으면 좋은 일이 없거든<6E5C>. 쿨라도, 걔랑 사귀는<6E5C> 건 생각해보는 게 좋아","걔가 있으면 좋은 일이 없거든<6E5C>. 쿨라도, 걔랑 사귀는<6E5C> 건 생각해보는 게 좋아"
dom1Kula_S03.mes,Script/dom1Kula_S03.mes,9,5,Kula,クスクス,킥킥,킥킥
dom1Kula_S03.mes,Script/dom1Kula_S03.mes,10,6,주인공,どうした?,왜 그래?,왜 그래?
dom1Kula_S03.mes,Script/dom1Kula_S03.mes,11,14,Kula,そんな心配して、<이름:3232>、ヘン,너 걱정하다니 <이름:3232>이상해,너 걱정하다니 <이름:3232>이상해
dom1Kula_S03.mes,Script/dom1Kula_S03.mes,12,7,주인공,そ、そうかな,"그, 그런가","그, 그런가"
dom1Kula_S03.mes,Script/dom1Kula_S03.mes,13,9,Kula,お兄ちゃんみたい,오빠 같아,오빠 같아
dom1Kula_S03.mes,Script/dom1Kula_S03.mes,14,27,주인공,お兄ちゃん?あ……クーラ、<6E5C>お兄ちゃんがいるんだっけ,"오빠? 아…… 쿨라, <6E5C>오빠가 있었지","오빠? 아…… 쿨라, <6E5C>오빠가 있었지"
dom1Kula_S03.mes,Script/dom1Kula_S03.mes,15,3,Kula,うん,응,응
dom1Kula_S03.mes,Script/dom1Kula_S03.mes,16,13,주인공,お兄ちゃん、好きなんだな,"오빠, 좋아하는구나","오빠, 좋아하는구나"
dom1Kula_S03.mes,Script/dom1Kula_S03.mes,17,14,Kula,うん、ダイスキ!一番スキ!,응 왕 좋아!제일 좋아!,응 왕 좋아!제일 좋아!
dom1Kula_S03.mes,Script/dom1Kula_S03.mes,18,13,주인공,そ、そうか一番好きか……,그 그래…… 제일이구나,그 그래…… 제일이구나
dom1Kula_S03.mes,Script/dom1Kula_S03.mes,19,5,Kula,でも……,근데……,근데……
dom1Kula_S03.mes,Script/dom1Kula_S03.mes,20,6,주인공,どうした?,왜 그래?,왜 그래?
dom1Kula_S03.mes,Script/dom1Kula_S03.mes,21,24,Kula,……ウウン、なんでもない.<6E5C>じゃ、またね、<이름:3232>,"……응, 아무것도 아니야.<6E5C>그럼 또 봐<이름:3232>","……응, 아무것도 아니야.<6E5C>그럼 또 봐<이름:3232>"
dom1Kula_S03.mes,Script/dom1Kula_S03.mes,22,23,주인공,(あ、行っちゃった…….<6E5C>どうしたんだろう),"(아, 가버렸네…….<6E5C>왜 그런 걸까)","(아, 가버렸네…….<6E5C>왜 그런 걸까)"
dom1Kula_S03.mes,Script/dom1Kula_S03.mes,23,6,주인공,あ、クーラ,"어, 쿨라","어, 쿨라"
dom1Kula_S03.mes,Script/dom1Kula_S03.mes,24,4,Kula,<이름:3232>だ,<이름:3232>다,<이름:3232>다
dom1Kula_S03.mes,Script/dom1Kula_S03.mes,25,22,주인공,休みなのに、友達といっしょじゃな<6E5C>いのか?,쉬는 날인데 친구랑<6E5C> 같이 안 있어?,쉬는 날인데 친구랑<6E5C> 같이 안 있어?
dom1Kula_S03.mes,Script/dom1Kula_S03.mes,26,21,Kula,クーラ、トモダチなんかいらないん<6E5C>だもん,쿨라는 친구 같은 거 필요<6E5C>없단 말야,쿨라는 친구 같은 거 필요<6E5C>없단 말야
dom1Kula_S03.mes,Script/dom1Kula_S03.mes,27,16,주인공,そんなこと言ってたらいけないぞ,그런 말 하면 안 되지,그런 말 하면 안 되지
dom1Kula_S03.mes,Script/dom1Kula_S03.mes,28,14,Kula,お兄ちゃんがいればいーもん,오빠만 있으면 되는걸,오빠만 있으면 되는걸
dom1Kula_S03.mes,Script/dom1Kula_S03.mes,29,10,주인공,お兄ちゃんねぇ……,오빠라……,오빠라……
dom1Kula_S03.mes,Script/dom1Kula_S03.mes,30,8,UNKNOWN_1a,おい、クーラ!,"야, 쿨라!","야, 쿨라!"
dom1Kula_S03.mes,Script/dom1Kula_S03.mes,31,9,주인공,ん?お兄ちゃん?,응? 오빠?,응? 오빠?
dom1Kula_S03.mes,Script/dom1Kula_S03.mes,32,23,Kaidou,はい、メロンソーダ……って、<6E5C>また<이름:3131>かよ!,"자, 메론소다……어라,<6E5C>또 <이름:3131>냐!","자, 메론소다……어라,<6E5C>또 <이름:3131>냐!"
dom1Kula_S03.mes,Script/dom1Kula_S03.mes,33,8,주인공,なんだ、海堂か,뭐야 카이도냐,뭐야 카이도냐
dom1Kula_S03.mes,Script/dom1Kula_S03.mes,34,9,Kaidou,なんだとはなんだ,뭐가 뭐야,뭐가 뭐야
dom1Kula_S03.mes,Script/dom1Kula_S03.mes,35,32,주인공,……で、俺と海堂は友達じゃなくて<6E5C>お兄ちゃんみたいなんだって?,"……그래서, 나랑 카이도가 친구가 아니라<6E5C>오빠 같다고?","……그래서, 나랑 카이도가 친구가 아니라<6E5C>오빠 같다고?"
dom1Kula_S03.mes,Script/dom1Kula_S03.mes,36,8,Kula,うーんとね……,음……글쎄……,음……글쎄……
dom1Kula_S03.mes,Script/dom1Kula_S03.mes,37,5,[효과음/내레이션],…………,……,……
dom1Kula_S03.mes,Script/dom1Kula_S03.mes,38,22,Kula,お兄ちゃんの方が、<6E5C>100倍カッコイイヨ!,"오빠가 훨씬,<6E5C>백배는 더 멋있어!","오빠가 훨씬,<6E5C>백배는 더 멋있어!"
dom1Kula_S03.mes,Script/dom1Kula_S03.mes,39,24,주인공,(ガクッ…….何者なんだよ、<6E5C>お兄ちゃんって),(털썩…….<6E5C>오빠가 대체 뭔데),(털썩…….<6E5C>오빠가 대체 뭔데)
dom1Kula_S04.mes,Script/dom1Kula_S04.mes,0,12,[효과음/내레이션],♪カランコロンカラーン,딸랑딸랑,딸랑딸랑
dom1Kula_S04.mes,Script/dom1Kula_S04.mes,1,8,주인공,あれ、クーラ?,"어라, 쿨라?","어라, 쿨라?"
dom1Kula_S04.mes,Script/dom1Kula_S04.mes,2,6,Kula,ア、<이름:3232>だ,아 <이름:3232>다,아 <이름:3232>다
dom1Kula_S04.mes,Script/dom1Kula_S04.mes,3,37,주인공,……めずらしいな.<6E5C>クーラがイリュージョンで<6E5C>イチゴパフェ食べてるなんて,……희한하네.<6E5C>쿨라가 일루전에서<6E5C>딸기파르페를 먹다니,……희한하네.<6E5C>쿨라가 일루전에서<6E5C>딸기파르페를 먹다니
dom1Kula_S04.mes,Script/dom1Kula_S04.mes,4,7,Kula,グーゼンだよ,우연이야,우연이야
dom1Kula_S04.mes,Script/dom1Kula_S04.mes,5,51,주인공,前から思ってたけど、クーラみたい<6E5C>にちっちゃい子がそーゆー服を着て<6E5C>ると、お人形さんみたいで可愛いな,"전부터 생각했는데, 쿨라처럼<6E5C>조그만 애가 그런 옷을 입으<6E5C>면, 인형 같아서 귀엽네","전부터 생각했는데, 쿨라처럼<6E5C>조그만 애가 그런 옷을 입으<6E5C>면, 인형 같아서 귀엽네"
dom1Kula_S04.mes,Script/dom1Kula_S04.mes,6,33,Kula,クーラはちっちゃくないよ!身長<6E5C>だって169センチあるんだから!,쿨라는 조그맣지 않아!키도<6E5C>169센티나 되는걸!,쿨라는 조그맣지 않아!키도<6E5C>169센티나 되는걸!
dom1Kula_S04.mes,Script/dom1Kula_S04.mes,7,12,주인공,ええっ!!そうかぁ!?,"엣!! 그, 그래!?","엣!! 그, 그래!?"
dom1Kula_S04.mes,Script/dom1Kula_S04.mes,8,17,Kula,身体測定のとき、背伸びしたからね,"신체검사 때, 까치발 했거든","신체검사 때, 까치발 했거든"
dom1Kula_S04.mes,Script/dom1Kula_S04.mes,9,8,주인공,ズルじゃん……,반칙이잖아……,반칙이잖아……
dom1Kula_S04.mes,Script/dom1Kula_S04.mes,10,13,Kula,クーラはもうオトナだよ!,쿨라는 이제 어른이야!,쿨라는 이제 어른이야!
dom1Kula_S04.mes,Script/dom1Kula_S04.mes,11,23,주인공,…….ここにもお兄ちゃんを探しに<6E5C>来たのか?,……. 여기도 오빠를 찾으러<6E5C>온 거야?,……. 여기도 오빠를 찾으러<6E5C>온 거야?
dom1Kula_S04.mes,Script/dom1Kula_S04.mes,12,5,Kula,…………,……,……
dom1Kula_S04.mes,Script/dom1Kula_S04.mes,13,49,주인공,海堂から閉いたよ.俺達と同い年の<6E5C>兄貴がいるんだってな.フダ付きの<6E5C>ワルで家を飛び出したんだろ?,카이도한테 들었어. 우리랑 동갑인<6E5C>형이 있다며. 소문난<6E5C>불량배라 집 나온 거지?,카이도한테 들었어. 우리랑 동갑인<6E5C>형이 있다며. 소문난<6E5C>불량배라 집 나온 거지?
dom1Kula_S04.mes,Script/dom1Kula_S04.mes,14,12,Kula,<이름:3232>にカンケーないよ!,<이름:3232>랑 상관없어!,<이름:3232>랑 상관없어!
dom1Kula_S04.mes,Script/dom1Kula_S04.mes,15,47,주인공,関係ないことないよ.お兄ちゃんを<6E5C>探すために、海堂みたいな不良に<6E5C>くっついてるんだろ、クーラ,"상관없는 게 아니지. 오빠를<6E5C>찾으려고, 카이도 같은 불량배한테<6E5C>붙어다니는 거지 쿨라","상관없는 게 아니지. 오빠를<6E5C>찾으려고, 카이도 같은 불량배한테<6E5C>붙어다니는 거지 쿨라"
dom1Kula_S04.mes,Script/dom1Kula_S04.mes,16,5,Kula,…………,……,……
dom1Kula_S04.mes,Script/dom1Kula_S04.mes,17,36,주인공,……別に隠すことないよ.お兄ちゃ<6E5C>ん想いでスゴイじゃないか.<6E5C>えらいよ,……딱히 숨길 것 없어. 오빠<6E5C>생각하는 마음이 대단하잖아<6E5C>기특해,……딱히 숨길 것 없어. 오빠<6E5C>생각하는 마음이 대단하잖아<6E5C>기특해
dom1Kula_S04.mes,Script/dom1Kula_S04.mes,18,5,[효과음/내레이션],なでなで,쓰담쓰담,쓰담쓰담
dom1Kula_S04.mes,Script/dom1Kula_S04.mes,19,5,Kula,…………,……,……
dom1Kula_S04.mes,Script/dom1Kula_S04.mes,20,28,King,どうしたんだ、<이름:3131>君.<6E5C>可愛い妹さんができたみたいだな,무슨 일인가<이름:3131>군.<6E5C>귀여운 여동생이 생긴 모양이군,무슨 일인가<이름:3131>군.<6E5C>귀여운 여동생이 생긴 모양이군
dom1Kula_S04.mes,Script/dom1Kula_S04.mes,21,21,주인공,キングさん、からかわないでくださ<6E5C>いよ!,"킹 씨, 놀리지 말아<6E5C>주세요!","킹 씨, 놀리지 말아<6E5C>주세요!"
dom1Kula_S04.mes,Script/dom1Kula_S04.mes,22,11,Kula,<이름:3232>!メロンソーダ!,<이름:3232>! 메론소다!,<이름:3232>! 메론소다!
dom1Kula_S04.mes,Script/dom1Kula_S04.mes,23,7,주인공,はいはい……,네네……,네네……
dom1Kula_S04.mes,Script/dom1Kula_S04.mes,24,17,주인공,(これじゃほんとに子守だよ……),(이거 완전 애보기잖아……),(이거 완전 애보기잖아……)
dom1Kula_S04.mes,Script/dom1Kula_S04.mes,25,12,[효과음/내레이션],♪カランコロンカラーン,딸랑딸랑,딸랑딸랑
dom1Kula_S04.mes,Script/dom1Kula_S04.mes,26,6,주인공,あ、クーラ,"아, 쿨라","아, 쿨라"
dom1Kula_S04.mes,Script/dom1Kula_S04.mes,27,9,Kula,<이름:3232>だ.もぐもぐ,<이름:3232>다. 냠냠,<이름:3232>다. 냠냠
dom1Kula_S04.mes,Script/dom1Kula_S04.mes,28,10,주인공,またイチゴパフェか,또 딸기파르페냐,또 딸기파르페냐
dom1Kula_S04.mes,Script/dom1Kula_S04.mes,29,14,Kula,オイシーよ.<이름:3232>も食べる?,맛있어.<이름:3232>도 먹을래?,맛있어.<이름:3232>도 먹을래?
dom1Kula_S04.mes,Script/dom1Kula_S04.mes,30,10,주인공,俺はパフェはいいよ,난 파르페는 됐어,난 파르페는 됐어
dom1Kula_S04.mes,Script/dom1Kula_S04.mes,31,36,King,お誉めにあずかり光栄だが、<6E5C>あまり食べ過ぎると太っちゃうぞ、<6E5C>お嬢さん,"칭찬은 영광이지만,<6E5C>너무 많이 먹으면 살찐다,<6E5C>아가씨","칭찬은 영광이지만,<6E5C>너무 많이 먹으면 살찐다,<6E5C>아가씨"
dom1Kula_S04.mes,Script/dom1Kula_S04.mes,32,36,Kula,うるさいなぁ、クーラは太ったりし<6E5C>ないもん.ママみたいに怒らない<6E5C>で!,"시끄러워, 쿨라는 안 뚱뚱해<6E5C>질 거야. 엄마처럼 화내지<6E5C> 마!","시끄러워, 쿨라는 안 뚱뚱해<6E5C>질 거야. 엄마처럼 화내지<6E5C> 마!"
dom1Kula_S04.mes,Script/dom1Kula_S04.mes,33,6,King,マ、ママ?,어 엄마?,어 엄마?
dom1Kula_S04.mes,Script/dom1Kula_S04.mes,34,16,주인공,……クーラのママって、恐いの?,……쿨라 엄마는 무서워?,……쿨라 엄마는 무서워?
dom1Kula_S04.mes,Script/dom1Kula_S04.mes,35,69,Kula,うん、すっごくうるさい.学校ちゃ<6E5C>んと行きなさいとか、勉強しなさい<6E5C>とか、手を洗いなさいとか、<485C>お兄ちゃんみたいになったら<6E5C>ダメとか……,"응, 엄청 시끄러워. 학교<6E5C>제대로 가라든가, 공부하라<6E5C>든가, 손 씻으라든가,<485C>오빠처럼 되면<6E5C>안 된다든가……","응, 엄청 시끄러워. 학교<6E5C>제대로 가라든가, 공부하라<6E5C>든가, 손 씻으라든가,<485C>오빠처럼 되면<6E5C>안 된다든가……"
dom1Kula_S04.mes,Script/dom1Kula_S04.mes,36,13,주인공,お兄ちゃんみたいに……か,오빠처럼……이라,오빠처럼……이라
dom1Kula_S04.mes,Script/dom1Kula_S04.mes,37,69,Kula,……でも、ママのことはキライじゃ<6E5C>ないよ.いつもクーラのこと大事に<6E5C>してくれるもん<485C>お兄ちゃんも、クーラのこと<6E5C>大事にしてくれたけど……,"……근데, 엄마가 싫은 건<6E5C>아니야. 항상 쿨라를 소중히<6E5C>여겨주는걸<485C>오빠도, 쿨라를<6E5C>소중히 여겨줬었지만……","……근데, 엄마가 싫은 건<6E5C>아니야. 항상 쿨라를 소중히<6E5C>여겨주는걸<485C>오빠도, 쿨라를<6E5C>소중히 여겨줬었지만……"
dom1Kula_S04.mes,Script/dom1Kula_S04.mes,38,12,주인공,今はそばにいないもんな,지금은 곁에 없구나,지금은 곁에 없구나
dom1Kula_S04.mes,Script/dom1Kula_S04.mes,39,45,Kula,クーラ、お兄ちゃんにきらわれ<6E5C>ちゃったのかも.だから、家に<6E5C>帰ってきてくれないのかな……,"쿨라, 오빠한테 미움받은<6E5C> 걸지도 몰라. 그래서, 집에<6E5C>안 돌아오는 걸까……","쿨라, 오빠한테 미움받은<6E5C> 걸지도 몰라. 그래서, 집에<6E5C>안 돌아오는 걸까……"
dom1Kula_S04.mes,Script/dom1Kula_S04.mes,40,28,주인공,そんなことないよ.きっと戻ってく<6E5C>るから、心配するなよ,"그런 거 아니야. 분명 돌아올<6E5C>거니까,걱정하지 마","그런 거 아니야. 분명 돌아올<6E5C>거니까,걱정하지 마"
dom1Kula_S04.mes,Script/dom1Kula_S04.mes,41,5,Kula,…………,……,……
dom1Kula_S04.mes,Script/dom1Kula_S04.mes,42,23,주인공,ほら、まだパフェ残ってるぞ.<6E5C>好きなんだろ?,"봐, 아직 파르페 남았잖아.<6E5C>좋아하잖아?","봐, 아직 파르페 남았잖아.<6E5C>좋아하잖아?"
dom1Kula_S04.mes,Script/dom1Kula_S04.mes,43,5,Kula,……うん,……응,……응
dom1Kula_S05.mes,Script/dom1Kula_S05.mes,0,9,주인공,あれ、クーラ!?,"어라, 쿠라!?","어라, 쿠라!?"
dom1Kula_S05.mes,Script/dom1Kula_S05.mes,1,13,Kula,なに?ビックリした顔して,뭐야? 놀란 얼굴이네,뭐야? 놀란 얼굴이네
dom1Kula_S05.mes,Script/dom1Kula_S05.mes,2,36,주인공,ビックリしたんだよ.どうして道場<6E5C>にいるんだ?クーラも空手習うの<6E5C>か?,놀랐잖아. 왜 도장에<6E5C>있는 거야? 쿠라도 가라테<6E5C>배우는 거야?,놀랐잖아. 왜 도장에<6E5C>있는 거야? 쿠라도 가라테<6E5C>배우는 거야?
dom1Kula_S05.mes,Script/dom1Kula_S05.mes,3,31,Kula,クーラがそんなことするわけない<6E5C>じゃん.狂也を待ってるんだよ,쿠라가 그런 거 할 리가<6E5C>없잖아. 쿄야 기다리는 거야,쿠라가 그런 거 할 리가<6E5C>없잖아. 쿄야 기다리는 거야
dom1Kula_S05.mes,Script/dom1Kula_S05.mes,4,5,주인공,海堂を?,카이도?,카이도?
dom1Kula_S05.mes,Script/dom1Kula_S05.mes,5,22,Kaidou,よぉクーラ.もう少しで稽古終わる<6E5C>からな!,어이 쿠라. 곧 수련<6E5C>끝나니까!,어이 쿠라. 곧 수련<6E5C>끝나니까!
dom1Kula_S05.mes,Script/dom1Kula_S05.mes,6,4,Kula,うんっ,응!,응!
dom1Kula_S05.mes,Script/dom1Kula_S05.mes,7,24,주인공,……クーラは、海堂とほんとに仲良<6E5C>いんだな……,……쿠라는 카이도랑 정말 사이가<6E5C>좋구나……,……쿠라는 카이도랑 정말 사이가<6E5C>좋구나……
dom1Kula_S05.mes,Script/dom1Kula_S05.mes,8,4,Kula,うんっ,응!,응!
dom1Kula_S05.mes,Script/dom1Kula_S05.mes,9,17,주인공,(……なんだろ、この気持ち……),"(……뭘까, 이 기분은……)","(……뭘까, 이 기분은……)"
dom1Kula_S05.mes,Script/dom1Kula_S05.mes,10,39,Kula,狂也は強いもん.変な男にナンパさ<6E5C>れたときも、一発で追い返してくれ<6E5C>たんだよ,"쿄야는 강한걸. 이상한 남자가<6E5C>헌팅했을 때도, 한 방에<6E5C>쫓아내 줬어","쿄야는 강한걸. 이상한 남자가<6E5C>헌팅했을 때도, 한 방에<6E5C>쫓아내 줬어"
dom1Kula_S05.mes,Script/dom1Kula_S05.mes,11,14,주인공,お、俺だってそれくらい……,"나, 나도 그 정도는……","나, 나도 그 정도는……"
dom1Kula_S05.mes,Script/dom1Kula_S05.mes,12,2,Kula,?,?,?
dom1Kula_S05.mes,Script/dom1Kula_S05.mes,13,5,주인공,いや……,아니……,아니……
dom1Kula_S05.mes,Script/dom1Kula_S05.mes,14,19,주인공,(くそ、なんだかもやもやす<6E5C>る……),"(젠장, 왠지 답답한<6E5C>기분이……)","(젠장, 왠지 답답한<6E5C>기분이……)"
dom1Kula_S05.mes,Script/dom1Kula_S05.mes,15,22,주인공,あ、クーラ…….また海堂を待って<6E5C>るのか?,"아, 쿠라……. 또 카이도<6E5C>기다려?","아, 쿠라……. 또 카이도<6E5C>기다려?"
dom1Kula_S05.mes,Script/dom1Kula_S05.mes,16,3,Kula,うん,응,응
dom1Kula_S05.mes,Script/dom1Kula_S05.mes,17,17,주인공,クーラは強い男が好きだもんな……,쿠라는 힘센 남자 좋아하지……,쿠라는 힘센 남자 좋아하지……
dom1Kula_S05.mes,Script/dom1Kula_S05.mes,18,17,Kula,うん、でもお兄ちゃんが一番強いよ,"응, 근데 오빠가 제일 강해","응, 근데 오빠가 제일 강해"
dom1Kula_S05.mes,Script/dom1Kula_S05.mes,19,9,주인공,お兄ちゃんか……,오빠라……,오빠라……
dom1Kula_S05.mes,Script/dom1Kula_S05.mes,20,45,Kula,お兄ちゃんは、いつもクーラのそば<6E5C>にいて、クーラを守ってくれた<6E5C>もん.今はいないけど……,"오빠는 항상 쿠라 곁에<6E5C>있으면서, 쿠라를 지켜줬<6E5C>는걸. 지금은 없지만……","오빠는 항상 쿠라 곁에<6E5C>있으면서, 쿠라를 지켜줬<6E5C>는걸. 지금은 없지만……"
dom1Kula_S05.mes,Script/dom1Kula_S05.mes,21,22,주인공,お兄ちゃん、たしか家出しちゃっ<6E5C>たんだよな,"오빠, 분명 가출해<6E5C>버렸었지","오빠, 분명 가출해<6E5C>버렸었지"
dom1Kula_S05.mes,Script/dom1Kula_S05.mes,22,5,Kula,うん……,응……,응……
dom1Kula_S05.mes,Script/dom1Kula_S05.mes,23,45,주인공,じゃあ、お兄ちゃんより強い男が現<6E5C>れたら、そいつのこと、お兄ちゃん<6E5C>より好きになるのか?,"그럼, 오빠보다 강한 남자가<6E5C>나타나면, 그놈을 오빠<6E5C>보다 좋아하게 되는 거야?","그럼, 오빠보다 강한 남자가<6E5C>나타나면, 그놈을 오빠<6E5C>보다 좋아하게 되는 거야?"
dom1Kula_S05.mes,Script/dom1Kula_S05.mes,24,16,Kula,お兄ちゃんより好きになるって?,오빠보다 좋아하게 된다니?,오빠보다 좋아하게 된다니?
dom1Kula_S05.mes,Script/dom1Kula_S05.mes,25,15,주인공,いや……わからないならいいよ,아니…… 모르면 됐어,아니…… 모르면 됐어
dom1Kula_S05.mes,Script/dom1Kula_S05.mes,26,27,주인공,(いなくなったお兄ちゃんにはかな<6E5C>わないのかな……),(사라진 오빠한테는 못<6E5C>당하는 걸까……),(사라진 오빠한테는 못<6E5C>당하는 걸까……)
dom1Kula_S05.mes,Script/dom1Kula_S05.mes,27,6,주인공,クーラ……,쿠라……,쿠라……
dom1Kula_S05.mes,Script/dom1Kula_S05.mes,28,9,UNKNOWN_1a,クーラ、帰ろうぜ,"쿠라, 가자","쿠라, 가자"
dom1Kula_S05.mes,Script/dom1Kula_S05.mes,29,10,Kaidou,お、<이름:3131>じゃねーか,"어, <이름:3131> 아니냐","어, <이름:3131> 아니냐"
dom1Kula_S05.mes,Script/dom1Kula_S05.mes,30,12,Kula,<이름:3232>もいっしょに帰る?,<이름:3232>도 같이 갈래?,<이름:3232>도 같이 갈래?
dom1Kula_S05.mes,Script/dom1Kula_S05.mes,31,15,Kaidou,ほっとけよ、そんなフヌケ野郎,"내버려둬, 그런 얼빠진 놈","내버려둬, 그런 얼빠진 놈"
dom1Kula_S05.mes,Script/dom1Kula_S05.mes,32,13,주인공,おまえに言われたくねぇよ,너한테 그런 말 안들어,너한테 그런 말 안들어
dom1Kula_S05.mes,Script/dom1Kula_S05.mes,33,6,Kaidou,ンだとぉ?,뭐라고?,뭐라고?
dom1Kula_S05.mes,Script/dom1Kula_S05.mes,34,14,Kula,モォ、ふたりともウルサイ!,"진짜, 둘 다 시끄러워!","진짜, 둘 다 시끄러워!"
dom1Kula_S05.mes,Script/dom1Kula_S05.mes,35,12,Kaidou,あぁ、すまねぇ、クーラ,"아, 미안해, 쿠라","아, 미안해, 쿠라"
dom1Kula_S05.mes,Script/dom1Kula_S05.mes,36,23,Kula,ママとお兄ちゃんみたく、ケンカし<6E5C>ないで……,"엄마랑 오빠처럼, 싸우지<6E5C>마……","엄마랑 오빠처럼, 싸우지<6E5C>마……"
dom1Kula_S05.mes,Script/dom1Kula_S05.mes,37,23,주인공,ケ、ケンカなんかまったくしてない<6E5C>よクーラ!,"싸, 싸움 같은 거 전혀<6E5C>안 했어 쿠라!","싸, 싸움 같은 거 전혀<6E5C>안 했어 쿠라!"
dom1Kula_S05.mes,Script/dom1Kula_S05.mes,38,31,Kaidou,そ、そーだぜ!オレ達、こうみえ<6E5C>てもけっこう仲いーんだぜ!?,"그, 그렇다니까! 우리, 이래<6E5C>봬도 꽤 사이좋다고!?","그, 그렇다니까! 우리, 이래<6E5C>봬도 꽤 사이좋다고!?"
dom1Kula_S05.mes,Script/dom1Kula_S05.mes,39,7,Kula,……ホント?,……진짜?,……진짜?
dom1Kula_S05.mes,Script/dom1Kula_S05.mes,40,25,주인공,そうそう、ケンカするほど仲がいい<6E5C>ってゆーか……,"그래그래, 싸울수록 사이좋다<6E5C>고 할까……","그래그래, 싸울수록 사이좋다<6E5C>고 할까……"
dom1Kula_S05.mes,Script/dom1Kula_S05.mes,41,17,Kaidou,ドツキあいも愛情表現っつーか……,치고받는 것도애정표현이랄까……,치고받는 것도애정표현이랄까……
dom1Kula_S05.mes,Script/dom1Kula_S05.mes,42,18,Kula,よかった、<이름:3232>も狂也も<6E5C>ダイスキ!,"다행이다, <이름:3232>도 쿄야도<6E5C>좋아!","다행이다, <이름:3232>도 쿄야도<6E5C>좋아!"
dom1Kula_S05.mes,Script/dom1Kula_S05.mes,43,27,UNKNOWN_12,(……トホホ、けっきょくこいつと<6E5C>同レベルかよ……),"(하아, 결국 이 녀석이랑<6E5C>같은 레벨이냐……)","(하아, 결국 이 녀석이랑<6E5C>같은 레벨이냐……)"
dom1Kula_ending1.mes,Script/dom1Kula_ending1.mes,0,30,주인공,すっかり遅くなっちまったな.<6E5C>いそごう.ママにバレちまうぜ,완전히 늦어버렸네.<6E5C>서두르자. 엄마한테 들키겠어,완전히 늦어버렸네.<6E5C>서두르자. 엄마한테 들키겠어
dom1Kula_ending1.mes,Script/dom1Kula_ending1.mes,1,5,Kula,<이름:3232>……,<이름:3232>……,<이름:3232>……
dom1Kula_ending1.mes,Script/dom1Kula_ending1.mes,2,9,주인공,どーした?クーラ,왜 그래? 쿠라,왜 그래? 쿠라
dom1Kula_ending1.mes,Script/dom1Kula_ending1.mes,3,16,Kula,<이름:3232>バイクのメンキョ持ってる?,<이름:3232> 오토바이 면허 있어?,<이름:3232> 오토바이 면허 있어?
dom1Kula_ending1.mes,Script/dom1Kula_ending1.mes,4,13,주인공,バイク?いきなりなんだ?,오토바이? 갑자기 왜?,오토바이? 갑자기 왜?
dom1Kula_ending1.mes,Script/dom1Kula_ending1.mes,5,6,Kula,持ってる?,있어?,있어?
dom1Kula_ending1.mes,Script/dom1Kula_ending1.mes,6,7,주인공,あるけど……,있긴한데……,있긴한데……
dom1Kula_ending1.mes,Script/dom1Kula_ending1.mes,7,21,Kula,じゃ、明日またクーラの家の前まで<6E5C>来て!,"그럼, 내일 쿠라네 집<6E5C>앞으로 와!","그럼, 내일 쿠라네 집<6E5C>앞으로 와!"
dom1Kula_ending1.mes,Script/dom1Kula_ending1.mes,8,13,Kaidou,なんだよ.何があるんだ?,뭐야. 뭔 일 있어?,뭐야. 뭔 일 있어?
dom1Kula_ending1.mes,Script/dom1Kula_ending1.mes,9,22,Kula,<이름:3232>にきてほしいの!<6E5C><이름:3232>じゃないとダメ!,<이름:3232>가 왔으면!<6E5C><이름:3232> 아니면 안 돼!,<이름:3232>가 왔으면!<6E5C><이름:3232> 아니면 안 돼!
dom1Kula_ending1.mes,Script/dom1Kula_ending1.mes,10,6,Kaidou,ヒデェ……,너무하네…,너무하네…
dom1Kula_ending1.mes,Script/dom1Kula_ending1.mes,11,15,Kula,イイ……?明日、来てくれる?,됐지? 내일 와 줄 거야?,됐지? 내일 와 줄 거야?
dom1Kula_ending1.mes,Script/dom1Kula_ending1.mes,12,16,주인공,あぁ、よくわかんないけど行くよ,"아, 잘은 모르겠지만 갈게","아, 잘은 모르겠지만 갈게"
dom1Kula_ending1.mes,Script/dom1Kula_ending1.mes,13,8,Kula,ヤクソクねっ!,약속이야!,약속이야!
dom1Kula_ending1.mes,Script/dom1Kula_ending1.mes,14,6,[효과음/내레이션],そして……,그리고……,그리고……
dom1Kula_ending1.mes,Script/dom1Kula_ending1.mes,15,8,[효과음/내레이션],ドドドドド……,부릉부릉……,부릉부릉……
dom1Kula_ending1.mes,Script/dom1Kula_ending1.mes,16,18,Kula,キャー!<6E5C>風がキモチイイー、<이름:3232>!,"꺄악!<6E5C>바람이 시원해, <이름:3232>!","꺄악!<6E5C>바람이 시원해, <이름:3232>!"
dom1Kula_ending1.mes,Script/dom1Kula_ending1.mes,17,17,주인공,しっかりつかまってろよ、クーラ!,"꽉 잡고 있어, 쿠라!","꽉 잡고 있어, 쿠라!"
dom1Kula_ending1.mes,Script/dom1Kula_ending1.mes,18,5,Kula,ウンッ!,응!,응!
dom1Kula_ending1.mes,Script/dom1Kula_ending1.mes,19,22,주인공,でも……どうしたんだ?<6E5C>急にドライブなんて,근데…… 왜 그래?<6E5C>갑자기 드라이브라니,근데…… 왜 그래?<6E5C>갑자기 드라이브라니
dom1Kula_ending1.mes,Script/dom1Kula_ending1.mes,20,21,Kula,クーラ、<이름:3232>がイイ!<6E5C><이름:3232>のコト大スキ!,"쿠라, <이름:3232>가 좋아!<6E5C><이름:3232> 좋아해!","쿠라, <이름:3232>가 좋아!<6E5C><이름:3232> 좋아해!"
dom1Kula_ending1.mes,Script/dom1Kula_ending1.mes,21,5,주인공,えぇ!?,에엥!?,에엥!?
dom1Kula_ending1.mes,Script/dom1Kula_ending1.mes,22,6,[효과음/내레이션],キキキィ!,끼이익!,끼이익!
dom1Kula_ending1.mes,Script/dom1Kula_ending1.mes,23,22,주인공,あ、危ねぇ.……大スキって、<6E5C>どーゆー……,"아, 위험해. 좋아한다니<6E5C>그게 무슨……","아, 위험해. 좋아한다니<6E5C>그게 무슨……"
dom1Kula_ending1.mes,Script/dom1Kula_ending1.mes,24,46,Kula,クーラのこと大事にしてくれて、<6E5C>クーラのこと守ってくれる<6E5C><이름:3232>が大スキ<485C>お兄ちゃんみたい!,"쿠라를 소중히 여겨주고,<6E5C>쿠라를 지켜주는<6E5C><이름:3232>가 정말 좋아<485C>오빠 같아!","쿠라를 소중히 여겨주고,<6E5C>쿠라를 지켜주는<6E5C><이름:3232>가 정말 좋아<485C>오빠 같아!"
dom1Kula_ending1.mes,Script/dom1Kula_ending1.mes,25,15,주인공,あぁ、お兄ちゃんみたいね……,"아, 오빠 같다는 거네……","아, 오빠 같다는 거네……"
dom1Kula_ending1.mes,Script/dom1Kula_ending1.mes,26,22,Kula,でも……お兄ちゃんよりあったかい<6E5C>背中……,근데…… 오빠보다 따뜻한<6E5C>등이야……,근데…… 오빠보다 따뜻한<6E5C>등이야……
dom1Kula_ending1.mes,Script/dom1Kula_ending1.mes,27,7,[효과음/내레이션],ぎゅうっ……,꼬옥……,꼬옥……
dom1Kula_ending1.mes,Script/dom1Kula_ending1.mes,28,22,주인공,イテテ、そんなに強くすると<6E5C>痛いよ、クーラ,"아야야, 그렇게 세게 하면<6E5C>아파, 쿠라","아야야, 그렇게 세게 하면<6E5C>아파, 쿠라"
dom1Kula_ending1.mes,Script/dom1Kula_ending1.mes,29,35,Kula,<이름:3232>は?<이름:3232>はクーラのこと<6E5C>スキ?スキだからいつも<6E5C>守ってくれたの?,<이름:3232>는? <이름:3232>는 쿠라를<6E5C>좋아해? 좋아해서 항상<6E5C>지켜준 거야?,<이름:3232>는? <이름:3232>는 쿠라를<6E5C>좋아해? 좋아해서 항상<6E5C>지켜준 거야?
dom1Kula_ending1.mes,Script/dom1Kula_ending1.mes,30,5,주인공,…………,…………,…………
dom1Kula_ending1.mes,Script/dom1Kula_ending1.mes,31,4,Kula,ネェ!,저기!,저기!
dom1Kula_ending1.mes,Script/dom1Kula_ending1.mes,32,7,주인공,……そうだよ,……맞아,……맞아
dom1Kula_ending1.mes,Script/dom1Kula_ending1.mes,33,40,Kula,クーラのことがスキだから、あんな<6E5C>にボロボロになっても闘ってくれた<6E5C>んだよね?,"쿠라를 좋아해서, 그렇게<6E5C>만신창이가 돼도 싸워준<6E5C>거지?","쿠라를 좋아해서, 그렇게<6E5C>만신창이가 돼도 싸워준<6E5C>거지?"
dom1Kula_ending1.mes,Script/dom1Kula_ending1.mes,34,5,주인공,…………,…………,…………
dom1Kula_ending1.mes,Script/dom1Kula_ending1.mes,35,49,Kula,クーラ、すごくうれしかった…….<6E5C>ゴメンね?クーラのせいでイタイ<6E5C>ことして.なぐられたりして……,"쿠라, 정말 기뻤어…….<6E5C>미안해? 쿠라 때문에 아픈<6E5C>일 겪고. 맞기도 하고……","쿠라, 정말 기뻤어…….<6E5C>미안해? 쿠라 때문에 아픈<6E5C>일 겪고. 맞기도 하고……"
dom1Kula_ending1.mes,Script/dom1Kula_ending1.mes,36,12,주인공,クーラのせいじゃないよ,쿠라 때문이 아니야,쿠라 때문이 아니야
dom1Kula_ending1.mes,Script/dom1Kula_ending1.mes,37,3,Kula,エ?,에?,에?
dom1Kula_ending1.mes,Script/dom1Kula_ending1.mes,38,64,주인공,自分のためにしたんだよ.<6E5C>ちゃんと、クーラを守れる男に<6E5C>なりたかったから<485C>あの兄貴よりも、頼られる存<6E5C>在になりたかったから……,나를 위해 한 거야.<6E5C>제대로 쿠라 지킬 남자가<6E5C>되고 싶었으니까<485C>그 형보다 의지되는<6E5C>존재가 되고 싶었으니까……,나를 위해 한 거야.<6E5C>제대로 쿠라 지킬 남자가<6E5C>되고 싶었으니까<485C>그 형보다 의지되는<6E5C>존재가 되고 싶었으니까……
dom1Kula_ending1.mes,Script/dom1Kula_ending1.mes,39,5,Kula,<이름:3232>……,<이름:3232>……,<이름:3232>……
dom1Kula_ending1.mes,Script/dom1Kula_ending1.mes,40,6,[효과음/내레이션],ぎゅうぅっ,꼬오옥,꼬오옥
dom1Kula_ending1.mes,Script/dom1Kula_ending1.mes,41,14,주인공,いたい!クーラ、痛いって!,아파! 쿠라 아프다니까!,아파! 쿠라 아프다니까!
dom1Kula_ending1.mes,Script/dom1Kula_ending1.mes,42,25,Kula,クーラも<이름:3232>が大スキだよ!<6E5C>お兄ちゃんよりスキ!,쿠라도 <이름:3232>가 정말 좋아!<6E5C>오빠보다 좋아!,쿠라도 <이름:3232>가 정말 좋아!<6E5C>오빠보다 좋아!
dom1Kula_ending1.mes,Script/dom1Kula_ending1.mes,43,6,[효과음/내레이션],キキキィ!,끼이익!,끼이익!
dom1Kula_ending1.mes,Script/dom1Kula_ending1.mes,44,13,주인공,えっ!お兄ちゃんより!?,엣! 오빠보다!?,엣! 오빠보다!?
dom1Kula_ending1.mes,Script/dom1Kula_ending1.mes,45,6,Kula,……う~ん,……음~,……음~
dom1Kula_ending1.mes,Script/dom1Kula_ending1.mes,46,4,주인공,がくっ,털썩,털썩
dom1Kula_ending1.mes,Script/dom1Kula_ending1.mes,47,45,Kula,でも、<이름:3232>のそばにいたい!<6E5C>ずっと、<이름:3232>といっしょに<6E5C>いたいって思うよ、<485C>クーラ!イイ?,"근데, <이름:3232> 곁에 있고 싶어!<6E5C>계속, <이름:3232>랑 같이<6E5C>있고 싶어,<485C>쿠라! 됐지?","근데, <이름:3232> 곁에 있고 싶어!<6E5C>계속, <이름:3232>랑 같이<6E5C>있고 싶어,<485C>쿠라! 됐지?"
dom1Kula_ending1.mes,Script/dom1Kula_ending1.mes,48,10,주인공,……しかたねぇなぁ,……어쩔 수 없네,……어쩔 수 없네
dom1Kula_ending1.mes,Script/dom1Kula_ending1.mes,49,8,Kula,ナニよそれー!,그게 뭐야!,그게 뭐야!
dom1Kula_ending1.mes,Script/dom1Kula_ending1.mes,50,78,주인공,(……はぁ.はたして俺は兄代わり<6E5C>なのか、それ以上の存在なんだ<6E5C>か……<485C>まぁ、いいか.いつか、クーラの中<6E5C>で誰よりも大きな存在になってやる<6E5C>……ぜったい),"(하아. 과연 나는 오빠 대신<6E5C>인지, 그 이상의 존재인지……<485C>뭐, 됐어. 언젠가 쿠라 안에<6E5C>서 누구보다 큰 존재가 되어 주겠어<6E5C>……반드시)","(하아. 과연 나는 오빠 대신<6E5C>인지, 그 이상의 존재인지……<485C>뭐, 됐어. 언젠가 쿠라 안에<6E5C>서 누구보다 큰 존재가 되어 주겠어<6E5C>……반드시)"
dom1Kula_ending1.mes,Script/dom1Kula_ending1.mes,51,6,주인공,飛ばすぞ!,달린다!,달린다!
dom1Kula_ending1.mes,Script/dom1Kula_ending1.mes,52,5,Kula,ウンッ!,응!,응!
dom1Kula_ending1.mes,Script/dom1Kula_ending1.mes,53,8,[효과음/내레이션],ドドドドド……,부릉부릉……,부릉부릉……
dom1Kula_ending1.mes,Script/dom1Kula_ending1.mes,54,37,Kaidou,全エンディングコンプリート<6E5C>しやがったな!<485C>さすがはオレ様のライバルだな,전 엔딩 컴플리트<6E5C>해냈구나!<485C>역시 이 몸의 라이벌답네,전 엔딩 컴플리트<6E5C>해냈구나!<485C>역시 이 몸의 라이벌답네
dom1Kula_ending1.mes,Script/dom1Kula_ending1.mes,55,7,UNKNOWN_1d,おめでとー!,축하해!,축하해!
dom1Kula_ending2.mes,Script/dom1Kula_ending2.mes,0,30,주인공,すっかり遅くなっちまったな.<6E5C>いそごう.ママにバレちまうぜ,완전히 늦어버렸네.<6E5C>서두르자. 엄마한테 들키겠어,완전히 늦어버렸네.<6E5C>서두르자. 엄마한테 들키겠어
dom1Kula_ending2.mes,Script/dom1Kula_ending2.mes,1,5,Kula,<이름:3232>……,<이름:3232>……,<이름:3232>……
dom1Kula_ending2.mes,Script/dom1Kula_ending2.mes,2,9,주인공,どーした?クーラ,왜 그래? 쿨라,왜 그래? 쿨라
dom1Kula_ending2.mes,Script/dom1Kula_ending2.mes,3,33,Kula,やっぱりお兄ちゃんのトコに戻る!<6E5C>お兄ちゃんといっしょにいるよ!,역시 오빠한테 돌아갈래!<6E5C>오빠랑 같이 있을 거야!,역시 오빠한테 돌아갈래!<6E5C>오빠랑 같이 있을 거야!
dom1Kula_ending2.mes,Script/dom1Kula_ending2.mes,4,5,주인공,えぇ!?,엥!?,엥!?
dom1Kula_ending2.mes,Script/dom1Kula_ending2.mes,5,21,Kaidou,あのママにバレたらただじゃすま<6E5C>ねぇぞ!,그 엄마한테 들키면 무사하지<6E5C>못할걸!,그 엄마한테 들키면 무사하지<6E5C>못할걸!
dom1Kula_ending2.mes,Script/dom1Kula_ending2.mes,6,31,Kula,イーもん!それでもクーラはお兄<6E5C>ちゃんといっしょにいるもん!,됐어! 그래도 쿨라는 오빠랑<6E5C>같이 있을 거야!,됐어! 그래도 쿨라는 오빠랑<6E5C>같이 있을 거야!
dom1Kula_ending2.mes,Script/dom1Kula_ending2.mes,7,6,주인공,クーラ……,쿨라……,쿨라……
dom1Kula_ending2.mes,Script/dom1Kula_ending2.mes,8,60,Kula,あんなケガしたお兄ちゃん、<6E5C>ほっとけないよ<485C>お兄ちゃんに怒られても、<6E5C>クーラはお兄ちゃんのそばに<6E5C>いたい.だから行く!,"저렇게 다친 오빠를,<6E5C>못 본 척할 수 없어<485C>오빠한테 혼나도,<6E5C>쿨라는 오빠 곁에<6E5C>있고 싶어. 그러니까 갈래!","저렇게 다친 오빠를,<6E5C>못 본 척할 수 없어<485C>오빠한테 혼나도,<6E5C>쿨라는 오빠 곁에<6E5C>있고 싶어. 그러니까 갈래!"
dom1Kula_ending2.mes,Script/dom1Kula_ending2.mes,9,13,주인공,そんなに兄貴が大事かよ!,오빠가 그렇게 좋냐!,오빠가 그렇게 좋냐!
dom1Kula_ending2.mes,Script/dom1Kula_ending2.mes,10,2,Kula,!,!,!
dom1Kula_ending2.mes,Script/dom1Kula_ending2.mes,11,26,주인공,もぅ兄貴にしがみつくのはやめろ!<6E5C>みっともないぞ!,이제 오빠한테 매달리지 마!<6E5C>보기 안 좋아!,이제 오빠한테 매달리지 마!<6E5C>보기 안 좋아!
dom1Kula_ending2.mes,Script/dom1Kula_ending2.mes,12,5,Kula,<이름:3232>……,<이름:3232>……,<이름:3232>……
dom1Kula_ending2.mes,Script/dom1Kula_ending2.mes,13,6,주인공,クーラ……,쿨라……,쿨라……
dom1Kula_ending2.mes,Script/dom1Kula_ending2.mes,14,6,Kula,<이름:3232>キライ,<이름:3232>싫어,<이름:3232>싫어
dom1Kula_ending2.mes,Script/dom1Kula_ending2.mes,15,5,주인공,ガーン!,쿵!,쿵!
dom1Kula_ending2.mes,Script/dom1Kula_ending2.mes,16,40,Kula,<이름:3232>なんかよりお兄ちゃんの<6E5C>ほうがイーもん!お兄ちゃんじゃ<6E5C>ないとダメだもん!,<이름:3232>보다 오빠가<6E5C>더 좋은걸! 오빠가<6E5C>아니면 안 된단 말이야!,<이름:3232>보다 오빠가<6E5C>더 좋은걸! 오빠가<6E5C>아니면 안 된단 말이야!
dom1Kula_ending2.mes,Script/dom1Kula_ending2.mes,17,9,주인공,ちょっ、クーラ!,"잠깐, 쿨라!","잠깐, 쿨라!"
dom1Kula_ending2.mes,Script/dom1Kula_ending2.mes,18,8,[효과음/내레이션],ダダダダダ……,다다다다다……,다다다다다……
dom1Kula_ending2.mes,Script/dom1Kula_ending2.mes,19,5,주인공,クーラ!,쿨라!,쿨라!
dom1Kula_ending2.mes,Script/dom1Kula_ending2.mes,20,28,Kula,ヤダ、来ないでよ<이름:3232>!<6E5C>クーラはここにずっといるから!,싫어 오지 마<이름:3232>!<6E5C>쿨라는 여기 계속 있을 거야!,싫어 오지 마<이름:3232>!<6E5C>쿨라는 여기 계속 있을 거야!
dom1Kula_ending2.mes,Script/dom1Kula_ending2.mes,21,23,주인공,(じゃあ俺はなんのために闘ったん<6E5C>だよ……),(그럼 난 뭐 때문에 싸운<6E5C>거야……),(그럼 난 뭐 때문에 싸운<6E5C>거야……)
dom1Kula_ending2.mes,Script/dom1Kula_ending2.mes,22,7,UNKNOWN_25,てめぇら……,네놈들……,네놈들……
dom1Kula_ending2.mes,Script/dom1Kula_ending2.mes,23,11,주인공,クーラのお兄さん……,쿨라의 오빠……,쿨라의 오빠……
dom1Kula_ending2.mes,Script/dom1Kula_ending2.mes,24,34,UNKNOWN_25,かわいそうだな.こんな妹に振りま<6E5C>わされて.ちょっと同情しちまうぜ,불쌍하네. 이런 동생한테 휘둘<6E5C>리다니. 좀 동정이 가는군,불쌍하네. 이런 동생한테 휘둘<6E5C>리다니. 좀 동정이 가는군
dom1Kula_ending2.mes,Script/dom1Kula_ending2.mes,25,25,주인공,(こ、この怖いお兄さんに同情され<6E5C>るなんて……),"(이, 이 무서운 형한테 동정받<6E5C>다니……)","(이, 이 무서운 형한테 동정받<6E5C>다니……)"
dom1Kula_ending2.mes,Script/dom1Kula_ending2.mes,26,11,Kaidou,俺もそう思うぜ、<이름:3131>,나도 동감이다 <이름:3131>,나도 동감이다 <이름:3131>
dom1Kula_ending2.mes,Script/dom1Kula_ending2.mes,27,7,주인공,海堂にまで!,카이도까지!,카이도까지!
dom1Kula_ending2.mes,Script/dom1Kula_ending2.mes,28,30,UNKNOWN_25,悪いことは言わない、あきらめな.<6E5C>あんたはよくがんばったぜ,나쁜 말 안 할 테니 포기해.<6E5C>넌 정말 잘 싸웠어,나쁜 말 안 할 테니 포기해.<6E5C>넌 정말 잘 싸웠어
dom1Kula_ending2.mes,Script/dom1Kula_ending2.mes,29,23,Kaidou,あぁ、オレ様もオマエのこと、少し<6E5C>見直したぜ,"그래, 이 몸도 널 조금은<6E5C>다시 봤다","그래, 이 몸도 널 조금은<6E5C>다시 봤다"
dom1Kula_ending2.mes,Script/dom1Kula_ending2.mes,30,10,Kula,よかったね、<이름:3232>!,"잘됐네, <이름:3232>!","잘됐네, <이름:3232>!"
dom1Kula_ending2.mes,Script/dom1Kula_ending2.mes,31,57,주인공,(なぐさめられてもよけい虚しいだ<6E5C>けだよ!<485C>……けっきょくお兄ちゃんには<6E5C>かなわないってことなのか…<6E5C>…トホホ),(위로받아도 더 허무할<6E5C>뿐이야!<485C>……결국 오빠한테는<6E5C>못 당한다는 건가…<6E5C>…아이고),(위로받아도 더 허무할<6E5C>뿐이야!<485C>……결국 오빠한테는<6E5C>못 당한다는 건가…<6E5C>…아이고)
dom1Kula_ending2.mes,Script/dom1Kula_ending2.mes,32,37,Kaidou,全エンディングコンプリート<6E5C>しやがったな!<485C>さすがはオレ様のライバルだな,전 엔딩 다 클리어<6E5C>했잖아!<485C>역시 이 몸의 라이벌답군,전 엔딩 다 클리어<6E5C>했잖아!<485C>역시 이 몸의 라이벌답군
dom1Kula_ending2.mes,Script/dom1Kula_ending2.mes,33,7,UNKNOWN_1d,おめでとー!,축하해!,축하해!
