file,rel_path,block,n_tokens,speaker,source,ai_draft,translation
dom1Yuri_L01.mes,Script/dom1Yuri_L01.mes,0,55,[선택지],ぉ<0001><0011><0000><0000><0000><0000><0000><0006><000A><0008><0000><0000><0001><002A><0000><0000><0000><0000><0000><0000><004C><003E><0002>(そういえば、ユリさんが師範して<6E5C>る道場って、ここだったな),,
dom1Yuri_L01.mes,Script/dom1Yuri_L01.mes,1,4,[효과음/내레이션],ガラッ,,
dom1Yuri_L01.mes,Script/dom1Yuri_L01.mes,2,7,주인공,こんにちはー,,
dom1Yuri_L01.mes,Script/dom1Yuri_L01.mes,3,6,[효과음/내레이션],バキンッ★,,
dom1Yuri_L01.mes,Script/dom1Yuri_L01.mes,4,6,주인공,ぐわ!!?,,
dom1Yuri_L01.mes,Script/dom1Yuri_L01.mes,5,7,UNKNOWN_1c,ごめ~~ん!,,
dom1Yuri_L01.mes,Script/dom1Yuri_L01.mes,6,11,주인공,え、あ、ユリさん!?,,
dom1Yuri_L01.mes,Script/dom1Yuri_L01.mes,7,14,Yuri,<이름:3232>くん!だいじょうぶ!?,,
dom1Yuri_L01.mes,Script/dom1Yuri_L01.mes,8,14,주인공,イテテ……いったい何が……,,
dom1Yuri_L01.mes,Script/dom1Yuri_L01.mes,9,34,Yuri,飛んできた瓦割りの瓦に<6E5C>ぶつかったんだよ.<6E5C>すごいタイミングッチ!,,
dom1Yuri_L01.mes,Script/dom1Yuri_L01.mes,10,36,주인공,そんなタイミングいらない……って<6E5C>ゆーか、どんだけ激しい瓦割り<6E5C>ですか,,
dom1Yuri_L01.mes,Script/dom1Yuri_L01.mes,11,31,Yuri,来てくれたんだね.ありがと~.<6E5C>じゃあ、さっそく稽古しよう!,,
dom1Yuri_L01.mes,Script/dom1Yuri_L01.mes,12,20,주인공,いや、今ケガしたばっかりなんです<6E5C>けど,,
dom1Yuri_L01.mes,Script/dom1Yuri_L01.mes,13,16,Yuri,若いんだからだいじょうぶッチ!,,
dom1Yuri_L01.mes,Script/dom1Yuri_L01.mes,14,5,주인공,…………,,
dom1Yuri_L01.mes,Script/dom1Yuri_L01.mes,15,16,[선택지],やりましょう!休憩させてください,,
dom1Yuri_L01.mes,Script/dom1Yuri_L01.mes,16,16,주인공,わかりましたよ、やりましょう!,,
dom1Yuri_L01.mes,Script/dom1Yuri_L01.mes,17,14,Yuri,さすが!それでこそ男の子!,,
dom1Yuri_L01.mes,Script/dom1Yuri_L01.mes,18,16,UNKNOWN_1a,ほぅ.威勢だけはイイじゃねーか,,
dom1Yuri_L01.mes,Script/dom1Yuri_L01.mes,19,9,주인공,こ、この声は……,,
dom1Yuri_L01.mes,Script/dom1Yuri_L01.mes,20,4,주인공,海堂!,,
dom1Yuri_L01.mes,Script/dom1Yuri_L01.mes,21,29,Kaidou,なんだ?オレ様がいると知ってて<6E5C>戦いに来たんじゃねーのか,,
dom1Yuri_L01.mes,Script/dom1Yuri_L01.mes,22,14,Yuri,あれ?ふたりとも、お友達?,,
dom1Yuri_L01.mes,Script/dom1Yuri_L01.mes,23,6,주인공,違います!,,
dom1Yuri_L01.mes,Script/dom1Yuri_L01.mes,24,11,Kaidou,誰がこんなフヌケと!,,
dom1Yuri_L01.mes,Script/dom1Yuri_L01.mes,25,30,Yuri,それならいーや.<6E5C>海堂くん、<이름:3232>くんの<6E5C>相手してあげてよ!,,
dom1Yuri_L01.mes,Script/dom1Yuri_L01.mes,26,10,주인공,だから違うって……,,
dom1Yuri_L01.mes,Script/dom1Yuri_L01.mes,27,17,Kaidou,よーし!コテンパンにしてやるぜ!,,
dom1Yuri_L01.mes,Script/dom1Yuri_L01.mes,28,7,주인공,あぁもう……,,
dom1Yuri_L01.mes,Script/dom1Yuri_L01.mes,29,41,Yuri,と思ったけど、<이름:3232>くんタンコブ<6E5C>大きくなってきたからまた今度ね.<6E5C>待ってるから!,,
dom1Yuri_L01.mes,Script/dom1Yuri_L01.mes,30,5,주인공,はぁ……,,
dom1Yuri_L01.mes,Script/dom1Yuri_L01.mes,31,13,주인공,休憩させてくださいよ……,,
dom1Yuri_L01.mes,Script/dom1Yuri_L01.mes,32,17,Yuri,それくらいのケガで、情けないな~,,
dom1Yuri_L01.mes,Script/dom1Yuri_L01.mes,33,13,주인공,自分がケガさせといて……,,
dom1Yuri_L01.mes,Script/dom1Yuri_L01.mes,34,11,UNKNOWN_1a,みっともないぜ、<이름:3131>,,
dom1Yuri_L01.mes,Script/dom1Yuri_L01.mes,35,9,주인공,……こ、この声は,,
dom1Yuri_L01.mes,Script/dom1Yuri_L01.mes,36,4,주인공,海堂!,,
dom1Yuri_L01.mes,Script/dom1Yuri_L01.mes,37,26,Kaidou,なんだ?オレ様がいると知ってて<6E5C>来たんじゃねーのか,,
dom1Yuri_L01.mes,Script/dom1Yuri_L01.mes,38,14,Yuri,あれ?ふたりとも、お友達?,,
dom1Yuri_L01.mes,Script/dom1Yuri_L01.mes,39,6,주인공,違います!,,
dom1Yuri_L01.mes,Script/dom1Yuri_L01.mes,40,11,Kaidou,誰がこんなフヌケと!,,
dom1Yuri_L01.mes,Script/dom1Yuri_L01.mes,41,33,Yuri,まぁいーや.<이름:3232>くん、<6E5C>今日はそこで寝ながら見学して<6E5C>いってね!,,
dom1Yuri_L01.mes,Script/dom1Yuri_L01.mes,42,7,주인공,は、はぁ……,,
dom1Yuri_L01.mes,Script/dom1Yuri_L01.mes,43,20,주인공,(とんでもない所に来ちゃった<6E5C>な……),,
dom1Yuri_L02.mes,Script/dom1Yuri_L02.mes,0,17,주인공,今日は普通に稽古してるのかな……,,
dom1Yuri_L02.mes,Script/dom1Yuri_L02.mes,1,60,Yuri,あら、<이름:3232>くん.よく来たね.<6E5C>今日はね、小学生の部の子が、<6E5C>笹の葉に短冊をかざってるの<485C><이름:3232>くんも仲間に入ってくれる?,,
dom1Yuri_L02.mes,Script/dom1Yuri_L02.mes,2,6,[선택지],入る入らない,,
dom1Yuri_L02.mes,Script/dom1Yuri_L02.mes,3,13,주인공,お邪魔してもいいですか?,,
dom1Yuri_L02.mes,Script/dom1Yuri_L02.mes,4,22,Yuri,もっちろん!<이름:3232>くんもお願い<6E5C>ゴトしてよ!,,
dom1Yuri_L02.mes,Script/dom1Yuri_L02.mes,5,6,주인공,そーだなぁ,,
dom1Yuri_L02.mes,Script/dom1Yuri_L02.mes,6,15,[선택지],お金持ちになりたい強くなりたい,,
dom1Yuri_L02.mes,Script/dom1Yuri_L02.mes,7,17,주인공,お金持ちになりたいって書こうかな,,
dom1Yuri_L02.mes,Script/dom1Yuri_L02.mes,8,13,Yuri,え~.つまらない夢だなぁ,,
dom1Yuri_L02.mes,Script/dom1Yuri_L02.mes,9,15,주인공,そうですか?普通だと思うけど,,
dom1Yuri_L02.mes,Script/dom1Yuri_L02.mes,10,14,UNKNOWN_1a,しょせんその程度か、<이름:3131>~,,
dom1Yuri_L02.mes,Script/dom1Yuri_L02.mes,11,12,주인공,チッ.やっぱりいたのか,,
dom1Yuri_L02.mes,Script/dom1Yuri_L02.mes,12,24,Kaidou,そんな器じゃ、到底オレ様に勝つこ<6E5C>とは無理だな,,
dom1Yuri_L02.mes,Script/dom1Yuri_L02.mes,13,9,주인공,どういう意味だよ,,
dom1Yuri_L02.mes,Script/dom1Yuri_L02.mes,14,26,Kaidou,オレの短冊は『世界征服』だ!<6E5C>スケールが違うだろ!,,
dom1Yuri_L02.mes,Script/dom1Yuri_L02.mes,15,9,주인공,おまえは子供か!,,
dom1Yuri_L02.mes,Script/dom1Yuri_L02.mes,16,32,Yuri,まぁまぁ.どんな夢でもいいから、<6E5C>ホラ、短冊かざるの手伝って!,,
dom1Yuri_L02.mes,Script/dom1Yuri_L02.mes,17,4,UNKNOWN_12,はーい,,
dom1Yuri_L02.mes,Script/dom1Yuri_L02.mes,18,23,UNKNOWN_29,々<0000><0000><0000><0000><0000><0028><001C><0002>強くなりたいって書こうかな,,
dom1Yuri_L02.mes,Script/dom1Yuri_L02.mes,19,15,Yuri,ホント!?みんなと同じだね!,,
dom1Yuri_L02.mes,Script/dom1Yuri_L02.mes,20,5,주인공,みんな?,,
dom1Yuri_L02.mes,Script/dom1Yuri_L02.mes,21,24,Yuri,子供達の短冊、ぜんぶ<6E5C>『つよくなりたい』だよ!,,
dom1Yuri_L02.mes,Script/dom1Yuri_L02.mes,22,13,주인공,小学生と同じレベルか……,,
dom1Yuri_L02.mes,Script/dom1Yuri_L02.mes,23,55,Yuri,うれしいよ、あたし.<6E5C><이름:3232>くんもいっしょで<485C>それだけ、真剣に空手を<6E5C>身につけようと考えてるって<6E5C>コトだよね?,,
dom1Yuri_L02.mes,Script/dom1Yuri_L02.mes,24,5,주인공,まぁ……,,
dom1Yuri_L02.mes,Script/dom1Yuri_L02.mes,25,44,Yuri,<이름:3232>くんが道場に来てくれる<6E5C>ようになって、とっても楽しいし.<6E5C>これからもよろしくッチ!,,
dom1Yuri_L02.mes,Script/dom1Yuri_L02.mes,26,6,주인공,お、押忍!,,
dom1Yuri_L02.mes,Script/dom1Yuri_L02.mes,27,27,주인공,あ、イベントしてるんだったら、<6E5C>今日は遠慮しときます,,
dom1Yuri_L02.mes,Script/dom1Yuri_L02.mes,28,13,Yuri,そう?じゃ、また今度ね~,,
dom1Yuri_L02.mes,Script/dom1Yuri_L02.mes,29,19,주인공,(さすがに小学生の相手は<6E5C>なあ……),,
dom1Yuri_L03.mes,Script/dom1Yuri_L03.mes,0,12,Yuri,あら、<이름:3232>くん.稽古?,,
dom1Yuri_L03.mes,Script/dom1Yuri_L03.mes,1,24,[선택지],ユリをきもだめしに誘うユリをきもだめしに誘わない,,
dom1Yuri_L03.mes,Script/dom1Yuri_L03.mes,2,32,[선택지],っ<0001><0000><0040><0034><0002>いえ、今日はユリさんをきもだめし<6E5C>に誘おうと思って,,
dom1Yuri_L03.mes,Script/dom1Yuri_L03.mes,3,7,Yuri,きもだめし?,,
dom1Yuri_L03.mes,Script/dom1Yuri_L03.mes,4,41,주인공,今、清泉学園できもだめしやってる<6E5C>んですよ.よかったら、いっしょに<6E5C>見ませんか?,,
dom1Yuri_L03.mes,Script/dom1Yuri_L03.mes,5,23,Yuri,面白そうッチ!<6E5C>稽古まで時間あるから、いいよ,,
dom1Yuri_L03.mes,Script/dom1Yuri_L03.mes,6,5,주인공,やった!,,
dom1Yuri_L03.mes,Script/dom1Yuri_L03.mes,7,5,UNKNOWN_1a,<이름:3131>~~,,
dom1Yuri_L03.mes,Script/dom1Yuri_L03.mes,8,21,Kaidou,ユリ師範を誘うとは、<6E5C>いい度胸じゃねーか,,
dom1Yuri_L03.mes,Script/dom1Yuri_L03.mes,9,20,주인공,オバケより気味の悪いヤツが出てき<6E5C>たな,,
dom1Yuri_L03.mes,Script/dom1Yuri_L03.mes,10,25,Kaidou,んだとぉ?テメェ、ここでオレと<6E5C>決着つけるかよ!,,
dom1Yuri_L03.mes,Script/dom1Yuri_L03.mes,11,6,[선택지],戦う無視する,,
dom1Yuri_L03.mes,Script/dom1Yuri_L03.mes,12,11,주인공,よし、望むところだ!,,
dom1Yuri_L03.mes,Script/dom1Yuri_L03.mes,13,7,Kaidou,おっしゃあ!,,
dom1Yuri_L03.mes,Script/dom1Yuri_L03.mes,14,16,Yuri,コラー!ふたりともやめるッチ!,,
dom1Yuri_L03.mes,Script/dom1Yuri_L03.mes,15,7,주인공,ユリさん……,,
dom1Yuri_L03.mes,Script/dom1Yuri_L03.mes,16,31,Yuri,ケンカはほどほどに!どうせなら、<6E5C>3人できもだめしするッチ!,,
dom1Yuri_L03.mes,Script/dom1Yuri_L03.mes,17,4,UNKNOWN_12,えーっ,,
dom1Yuri_L03.mes,Script/dom1Yuri_L03.mes,18,5,[효과음/내레이션],…………,,
dom1Yuri_L03.mes,Script/dom1Yuri_L03.mes,19,8,[효과음/내레이션],ドロドロドロ~,,
dom1Yuri_L03.mes,Script/dom1Yuri_L03.mes,20,4,Kaidou,ワー!,,
dom1Yuri_L03.mes,Script/dom1Yuri_L03.mes,21,7,[효과음/내레이션],うらめしや~,,
dom1Yuri_L03.mes,Script/dom1Yuri_L03.mes,22,6,Kaidou,ぎゃあ~!,,
dom1Yuri_L03.mes,Script/dom1Yuri_L03.mes,23,12,Yuri,海堂くん、怖がりッチ!,,
dom1Yuri_L03.mes,Script/dom1Yuri_L03.mes,24,32,주인공,(なんで暗闇で海堂なんかの悲鳴<6E5C>閉かないといけないんだよ……),,
dom1Yuri_L03.mes,Script/dom1Yuri_L03.mes,25,28,UNKNOWN_29,><0000><0000><0000><0000><0018><FFFF><0000><0000><0000><0000><0000><0028><001A><0002>ユリさん、走りましょう!,,
dom1Yuri_L03.mes,Script/dom1Yuri_L03.mes,26,3,Yuri,え?,,
dom1Yuri_L03.mes,Script/dom1Yuri_L03.mes,27,40,주인공,こんなヤツにかまってたら、<6E5C>きもだめし終わっちゃいますよ.<6E5C>早く行きましょう!,,
dom1Yuri_L03.mes,Script/dom1Yuri_L03.mes,28,10,Yuri,アハハ!オッケイ!,,
dom1Yuri_L03.mes,Script/dom1Yuri_L03.mes,29,13,Kaidou,あ、どこに行く、<이름:3131>!!,,
dom1Yuri_L03.mes,Script/dom1Yuri_L03.mes,30,8,[효과음/내레이션],ドロドロドロ~,,
dom1Yuri_L03.mes,Script/dom1Yuri_L03.mes,31,4,Yuri,キャー,,
dom1Yuri_L03.mes,Script/dom1Yuri_L03.mes,32,7,[효과음/내레이션],うらめしや~,,
dom1Yuri_L03.mes,Script/dom1Yuri_L03.mes,33,9,Yuri,ちょうアッパー!,,
dom1Yuri_L03.mes,Script/dom1Yuri_L03.mes,34,4,[효과음/내레이션],バキッ,,
dom1Yuri_L03.mes,Script/dom1Yuri_L03.mes,35,18,Yuri,ありがと、<이름:3232>くん!<6E5C>楽しかった!,,
dom1Yuri_L03.mes,Script/dom1Yuri_L03.mes,36,31,주인공,オバケがひとり殴られてた気がする<6E5C>けど……俺も楽しかったです,,
dom1Yuri_L03.mes,Script/dom1Yuri_L03.mes,37,21,UNKNOWN_29,<0100><0000><0000><0000><0000><0000><0024><0018><0002>稽古つけてくれますか?,,
dom1Yuri_L03.mes,Script/dom1Yuri_L03.mes,38,9,Yuri,もちろんだッチ!,,
dom1Yuri_L03.mes,Script/dom1Yuri_L03.mes,39,8,[효과음/내레이션],バキ!<020A>ドカ!,,
dom1Yuri_L03.mes,Script/dom1Yuri_L03.mes,40,12,Yuri,<이름:3232>くん、楽しんでる?,,
dom1Yuri_L03.mes,Script/dom1Yuri_L03.mes,41,20,주인공,(た、楽しいって言うか痛い<6E5C>です……),,
dom1Yuri_L04.mes,Script/dom1Yuri_L04.mes,0,12,주인공,(ぶらりと歩くか……),,
dom1Yuri_L04.mes,Script/dom1Yuri_L04.mes,1,15,UNKNOWN_1c,あっぶな~い!<020A>よけてぇー!,,
dom1Yuri_L04.mes,Script/dom1Yuri_L04.mes,2,11,주인공,(こ、この声は……),,
dom1Yuri_L04.mes,Script/dom1Yuri_L04.mes,3,7,[효과음/내레이션],キキキキィー,,
dom1Yuri_L04.mes,Script/dom1Yuri_L04.mes,4,5,[효과음/내레이션],ひょいっ,,
dom1Yuri_L04.mes,Script/dom1Yuri_L04.mes,5,8,[효과음/내레이션],ドッカーーン!,,
dom1Yuri_L04.mes,Script/dom1Yuri_L04.mes,6,6,UNKNOWN_1c,いたた……,,
dom1Yuri_L04.mes,Script/dom1Yuri_L04.mes,7,12,주인공,大丈夫ですか、ユリさん,,
dom1Yuri_L04.mes,Script/dom1Yuri_L04.mes,8,21,Yuri,<이름:3232>くん…….よくよけたね.<6E5C>いたた……,,
dom1Yuri_L04.mes,Script/dom1Yuri_L04.mes,9,41,주인공,さすがにもう慣れましたよ.ユリさ<6E5C>ん……まだそのボロ自転車に乗って<6E5C>るんですか?,,
dom1Yuri_L04.mes,Script/dom1Yuri_L04.mes,10,3,Yuri,うん,,
dom1Yuri_L04.mes,Script/dom1Yuri_L04.mes,11,40,주인공,あーあ、もう完全に壊れましたよ.<6E5C>しかたないなぁ、俺が押していって<6E5C>あげますよ,,
dom1Yuri_L04.mes,Script/dom1Yuri_L04.mes,12,31,Yuri,ありがと!道場までお願いね.<6E5C>フィットネスクラブの帰りなの!,,
dom1Yuri_L04.mes,Script/dom1Yuri_L04.mes,13,21,주인공,フィットネス?<6E5C>へえ、習ってるんですか?,,
dom1Yuri_L04.mes,Script/dom1Yuri_L04.mes,14,20,Yuri,ううん.インストラクターのバイト<6E5C>だよ,,
dom1Yuri_L04.mes,Script/dom1Yuri_L04.mes,15,22,주인공,え!道場だけじゃないんですか、<6E5C>教えてるの,,
dom1Yuri_L04.mes,Script/dom1Yuri_L04.mes,16,30,Yuri,道場だけじゃ家計が成り立たないか<6E5C>らね~.バイトもしないと,,
dom1Yuri_L04.mes,Script/dom1Yuri_L04.mes,17,21,주인공,そうだったんですか…….大変です<6E5C>ね……,,
dom1Yuri_L04.mes,Script/dom1Yuri_L04.mes,18,14,Yuri,もぅ慣れっこ.よゆうッチ!,,
dom1Yuri_L04.mes,Script/dom1Yuri_L04.mes,19,51,주인공,(……だから自転車も修理に出せな<6E5C>いのか…….そんな苦労も垣間みせ<6E5C>ず、ユリさんはいつも笑顔で……),,
dom1Yuri_L04.mes,Script/dom1Yuri_L04.mes,20,16,Yuri,どうしたの?目がうるんでるけど,,
dom1Yuri_L04.mes,Script/dom1Yuri_L04.mes,21,29,[선택지],困ったことがあったら言って下さい!道場までおんぶしますよ!,,
dom1Yuri_L04.mes,Script/dom1Yuri_L04.mes,22,32,[선택지],々<0001><0000><0040><0034><0002>困ったことがあったら、俺になんで<6E5C>も言って下さい!,,
dom1Yuri_L04.mes,Script/dom1Yuri_L04.mes,23,28,Yuri,ホント!?じゃあ、新しい門下生<6E5C>を100人連れてきて!,,
dom1Yuri_L04.mes,Script/dom1Yuri_L04.mes,24,4,주인공,え……,,
dom1Yuri_L04.mes,Script/dom1Yuri_L04.mes,25,23,Yuri,なーんてね.心配しなくていいよ.<6E5C>ありがとー,,
dom1Yuri_L04.mes,Script/dom1Yuri_L04.mes,26,37,주인공,(俺ひとりの力で、ユリさんを助け<6E5C>るなんて無謀だよな……バカみたい<6E5C>だ),,
dom1Yuri_L04.mes,Script/dom1Yuri_L04.mes,27,33,UNKNOWN_29,『<0000><0000><0000><0000><0000><003C><0030><0002>道場までおんぶしますよ!<6E5C>背中に乗って下さい!,,
dom1Yuri_L04.mes,Script/dom1Yuri_L04.mes,28,14,Yuri,え!?自転車も押してるのに,,
dom1Yuri_L04.mes,Script/dom1Yuri_L04.mes,29,7,주인공,よゆうッチ!,,
dom1Yuri_L04.mes,Script/dom1Yuri_L04.mes,30,14,Yuri,んじゃ、お言葉にあまえて~,,
dom1Yuri_L04.mes,Script/dom1Yuri_L04.mes,31,5,[효과음/내레이션],ひょいっ,,
dom1Yuri_L04.mes,Script/dom1Yuri_L04.mes,32,7,[효과음/내레이션],ズッテーン★,,
dom1Yuri_L04.mes,Script/dom1Yuri_L04.mes,33,26,Yuri,コラ!レディーを乗せてつぶれる<6E5C>なんて、失礼だぞ!,,
dom1Yuri_L04.mes,Script/dom1Yuri_L04.mes,34,14,주인공,こんなハズじゃ.イタタ……,,
dom1Yuri_L05.mes,Script/dom1Yuri_L05.mes,0,20,Yuri,<이름:3232>くん!<6E5C>稽古を受けに来てくれたの?,,
dom1Yuri_L05.mes,Script/dom1Yuri_L05.mes,1,27,주인공,今日は稽古じゃなくて…….<6E5C>その、終業式だったんです,,
dom1Yuri_L05.mes,Script/dom1Yuri_L05.mes,2,13,Yuri,へー.明日から夏休みかー,,
dom1Yuri_L05.mes,Script/dom1Yuri_L05.mes,3,21,주인공,そうなんです.<6E5C>だから、どっか遊びに……,,
dom1Yuri_L05.mes,Script/dom1Yuri_L05.mes,4,3,Yuri,え?,,
dom1Yuri_L05.mes,Script/dom1Yuri_L05.mes,5,42,주인공,……ユリさんって、いつも道場と<6E5C>バイトで、ぜんぜん遊びに<6E5C>行ってないじゃないですか,,
dom1Yuri_L05.mes,Script/dom1Yuri_L05.mes,6,49,주인공,だから、夏休みなら俺いつでも空い<6E5C>てるから、ユリさんの休みの日に、<6E5C>いっしょに遊びたいなって……,,
dom1Yuri_L05.mes,Script/dom1Yuri_L05.mes,7,7,Yuri,<이름:3232>くん……,,
dom1Yuri_L05.mes,Script/dom1Yuri_L05.mes,8,10,UNKNOWN_1a,ちょっと待てぇー!,,
dom1Yuri_L05.mes,Script/dom1Yuri_L05.mes,9,10,주인공,……ま、またか……,,
dom1Yuri_L05.mes,Script/dom1Yuri_L05.mes,10,25,Kaidou,ユリ師範になれなれしくするんじゃ<6E5C>ねぇよ!<이름:3131>!,,
dom1Yuri_L05.mes,Script/dom1Yuri_L05.mes,11,16,주인공,海堂…….おまえに関係ねぇだろ,,
dom1Yuri_L05.mes,Script/dom1Yuri_L05.mes,12,55,Kaidou,ユリ師範がどれほど大変な日々を<6E5C>過ごしてるかは、<485C>優秀な門下生であるこのオレ様の<6E5C>ほうがよく知ってるんだよ!,,
dom1Yuri_L05.mes,Script/dom1Yuri_L05.mes,13,9,주인공,だったらなんだよ,,
dom1Yuri_L05.mes,Script/dom1Yuri_L05.mes,14,40,Kaidou,部外者が口出すなって言ってんだ.<6E5C>テメェはただ、デートがしてぇだけ<6E5C>なんだろ?,,
dom1Yuri_L05.mes,Script/dom1Yuri_L05.mes,15,4,Yuri,え……,,
dom1Yuri_L05.mes,Script/dom1Yuri_L05.mes,16,16,[선택지],だまってろ!そんなんじゃねぇよ!,,
dom1Yuri_L05.mes,Script/dom1Yuri_L05.mes,17,13,주인공,うるせぇな、だまってろ!,,
dom1Yuri_L05.mes,Script/dom1Yuri_L05.mes,18,8,Kaidou,ハン、図星かよ,,
dom1Yuri_L05.mes,Script/dom1Yuri_L05.mes,19,10,주인공,やんのかよ、海堂!,,
dom1Yuri_L05.mes,Script/dom1Yuri_L05.mes,20,11,Kaidou,オゥ、望むところだ!,,
dom1Yuri_L05.mes,Script/dom1Yuri_L05.mes,21,7,Yuri,コラーーー!,,
dom1Yuri_L05.mes,Script/dom1Yuri_L05.mes,22,7,주인공,ユリさん……,,
dom1Yuri_L05.mes,Script/dom1Yuri_L05.mes,23,25,Yuri,道場内でケンカは厳禁!<6E5C>するなら外でしなさーい!,,
dom1Yuri_L05.mes,Script/dom1Yuri_L05.mes,24,5,UNKNOWN_12,……はい,,
dom1Yuri_L05.mes,Script/dom1Yuri_L05.mes,25,37,주인공,(せっかくユリさんを誘いに来たの<6E5C>に、なんでこんなことになるん<6E5C>だ……),,
dom1Yuri_L05.mes,Script/dom1Yuri_L05.mes,26,20,UNKNOWN_29,<0164><0000><0000><0000><0000><0000><0024><0016><0002>そんなんじゃねぇよ!,,
dom1Yuri_L05.mes,Script/dom1Yuri_L05.mes,27,33,Yuri,<이름:3232>くん…….<6E5C>じゃあ、ほんとに純粋に、<6E5C>遊びに誘ってくれたの?,,
dom1Yuri_L05.mes,Script/dom1Yuri_L05.mes,28,6,주인공,まぁ、はい,,
dom1Yuri_L05.mes,Script/dom1Yuri_L05.mes,29,27,Yuri,ありがとー.じゃあ、夏休みに3人<6E5C>で遊びに行くッチ!,,
dom1Yuri_L05.mes,Script/dom1Yuri_L05.mes,30,4,UNKNOWN_12,えー!,,
dom1Yuri_L05.mes,Script/dom1Yuri_L05.mes,31,28,주인공,(なんで海堂といっしょに遊ばない<6E5C>といけないんだよ!),,
dom1Yuri_L06.mes,Script/dom1Yuri_L06.mes,0,24,주인공,(花火、ちゃんと見れたのかな.<6E5C>あの人は……),,
dom1Yuri_L06.mes,Script/dom1Yuri_L06.mes,1,7,주인공,こんばんはー,,
dom1Yuri_L06.mes,Script/dom1Yuri_L06.mes,2,19,Yuri,<이름:3232>くん!<6E5C>こんな時間にどうしたの?,,
dom1Yuri_L06.mes,Script/dom1Yuri_L06.mes,3,22,주인공,ユリさん…….<6E5C>今まで稽古だったんですか?,,
dom1Yuri_L06.mes,Script/dom1Yuri_L06.mes,4,11,Yuri,そうだよ.どうして?,,
dom1Yuri_L06.mes,Script/dom1Yuri_L06.mes,5,16,주인공,今日は、花火大会だったのに……,,
dom1Yuri_L06.mes,Script/dom1Yuri_L06.mes,6,32,Yuri,あ、そっか.すっかり忘れてたよ.<6E5C>毎年、稽古で見れないからねー,,
dom1Yuri_L06.mes,Script/dom1Yuri_L06.mes,7,16,주인공,……ユリさんに見てほしかったな,,
dom1Yuri_L06.mes,Script/dom1Yuri_L06.mes,8,7,Yuri,<이름:3232>くん……,,
dom1Yuri_L06.mes,Script/dom1Yuri_L06.mes,9,54,주인공,でも、忙しかったら<6E5C>しかたないですよね……<485C>代わってあげられるなら代わりた<6E5C>いけど、俺なんかに無理だし……,,
dom1Yuri_L06.mes,Script/dom1Yuri_L06.mes,10,28,Yuri,……ありがとう<이름:3232>くん!<6E5C>その言葉だけでうれしいッチ!,,
dom1Yuri_L06.mes,Script/dom1Yuri_L06.mes,11,6,주인공,……はい!,,
dom1Yuri_L06.mes,Script/dom1Yuri_L06.mes,12,42,Yuri,また、道場に来てね.待ってる<6E5C>から.あたし、<이름:3232>くんは<6E5C>とっても強くなると思うよ?,,
dom1Yuri_L06.mes,Script/dom1Yuri_L06.mes,13,9,주인공,ほんとうですか?,,
dom1Yuri_L06.mes,Script/dom1Yuri_L06.mes,14,29,Yuri,もっちろん!ユリ師範が言うんだ<6E5C>から、まちがいないッチ!,,
dom1Yuri_L06.mes,Script/dom1Yuri_L06.mes,15,5,주인공,やったぁ,,
dom1Yuri_L06.mes,Script/dom1Yuri_L06.mes,16,23,Yuri,<이름:3232>くんといっしょだと、<6E5C>稽古も楽しいし……,,
dom1Yuri_L06.mes,Script/dom1Yuri_L06.mes,17,7,주인공,ユリさん……,,
dom1Yuri_L06.mes,Script/dom1Yuri_L06.mes,18,21,Yuri,いっぱい、技をかけてあげたく<6E5C>なるッチ!,,
dom1Yuri_L06.mes,Script/dom1Yuri_L06.mes,19,12,주인공,わ、技ですか……押忍!,,
dom1Yuri_L07.mes,Script/dom1Yuri_L07.mes,0,14,주인공,ほんとうに来ちゃったぜ……,,
dom1Yuri_L07.mes,Script/dom1Yuri_L07.mes,1,7,UNKNOWN_1c,<이름:3232>くーん!,,
dom1Yuri_L07.mes,Script/dom1Yuri_L07.mes,2,12,Yuri,やっぱり遠出は楽しいね,,
dom1Yuri_L07.mes,Script/dom1Yuri_L07.mes,3,29,주인공,ええ.ふたりっきりだと、<6E5C>もっと楽しかったんですけど……,,
dom1Yuri_L07.mes,Script/dom1Yuri_L07.mes,4,9,Yuri,え?何か言った?,,
dom1Yuri_L07.mes,Script/dom1Yuri_L07.mes,5,6,주인공,いえ、何も,,
dom1Yuri_L07.mes,Script/dom1Yuri_L07.mes,6,29,Yuri,<이름:3232>くんがこの旅行に誘って<6E5C>くれて、ほんとに助かったよ!,,
dom1Yuri_L07.mes,Script/dom1Yuri_L07.mes,7,44,Yuri,極限流の合宿と、日にちも場所も<6E5C>偶然同じなんだもん!あたしの分の<6E5C>旅費、浮いちゃった!,,
dom1Yuri_L07.mes,Script/dom1Yuri_L07.mes,8,34,주인공,苦労人のユリさんの助けになったの<6E5C>なら、これ以上に嬉しいことは……,,
dom1Yuri_L07.mes,Script/dom1Yuri_L07.mes,9,23,Yuri,みんなといっしょに、バンバン稽古<6E5C>しようね!,,
dom1Yuri_L07.mes,Script/dom1Yuri_L07.mes,10,8,주인공,はい……トホホ,,
dom1Yuri_L07.mes,Script/dom1Yuri_L07.mes,11,23,Kaidou,そうだぜ<이름:3131>.<6E5C>2日間、仲良く稽古しようぜぇ,,
dom1Yuri_L07.mes,Script/dom1Yuri_L07.mes,12,47,주인공,(くっそー!なんで海堂まで来て<6E5C>るんだよ!せっかくユリさんと泊<6E5C>まりで遊ぶ予定だったのに!),,
dom1Yuri_L07.mes,Script/dom1Yuri_L07.mes,13,57,Yuri,<이름:3232>くん、複雑な顔して<6E5C>どーしたッチ?<485C>せっかくこんなステキなトコに<6E5C>来たんだから、稽古の時間まで<6E5C>楽しもうよ!,,
dom1Yuri_L07.mes,Script/dom1Yuri_L07.mes,14,5,주인공,はい……,,
dom1Yuri_L07.mes,Script/dom1Yuri_L07.mes,15,5,[효과음/내레이션],…………,,
dom1Yuri_L07.mes,Script/dom1Yuri_L07.mes,16,8,UNKNOWN_1a,おい、<이름:3131>……,,
dom1Yuri_L07.mes,Script/dom1Yuri_L07.mes,17,8,주인공,……ぐー、ぐー,,
dom1Yuri_L07.mes,Script/dom1Yuri_L07.mes,18,11,UNKNOWN_1a,起きろってば、<이름:3131>!,,
dom1Yuri_L07.mes,Script/dom1Yuri_L07.mes,19,16,주인공,なんだよ、こんな夜中に起こして,,
dom1Yuri_L07.mes,Script/dom1Yuri_L07.mes,20,16,Kaidou,今、ユリ師範が温泉に行ったぞ!,,
dom1Yuri_L07.mes,Script/dom1Yuri_L07.mes,21,3,주인공,はぁ,,
dom1Yuri_L07.mes,Script/dom1Yuri_L07.mes,22,10,Kaidou,のぞきに行こうぜ!,,
dom1Yuri_L07.mes,Script/dom1Yuri_L07.mes,23,5,주인공,えぇ!?,,
dom1Yuri_L07.mes,Script/dom1Yuri_L07.mes,24,6,[선택지],行く行かない,,
dom1Yuri_L07.mes,Script/dom1Yuri_L07.mes,25,15,[선택지],Y<0001><0000><0020><0012><0002>ほ……ほんとに?,,
dom1Yuri_L07.mes,Script/dom1Yuri_L07.mes,26,27,Kaidou,さすがはオレ様の宿敵だな.<6E5C>さっそく乗り気じゃねぇか,,
dom1Yuri_L07.mes,Script/dom1Yuri_L07.mes,27,12,주인공,別にそんなわけじゃ……,,
dom1Yuri_L07.mes,Script/dom1Yuri_L07.mes,28,9,Kaidou,とにかく行くぞ!,,
dom1Yuri_L07.mes,Script/dom1Yuri_L07.mes,29,7,[효과음/내레이션],ごそごそ……,,
dom1Yuri_L07.mes,Script/dom1Yuri_L07.mes,30,16,주인공,おい、ほんとうに大丈夫なのかよ,,
dom1Yuri_L07.mes,Script/dom1Yuri_L07.mes,31,16,Kaidou,絶対バレねぇって!ほら、ここだ,,
dom1Yuri_L07.mes,Script/dom1Yuri_L07.mes,32,3,주인공,!!,,
dom1Yuri_L07.mes,Script/dom1Yuri_L07.mes,33,5,Kaidou,スゲー!,,
dom1Yuri_L07.mes,Script/dom1Yuri_L07.mes,34,33,주인공,(ユリさん…….うう、いけないと<6E5C>思いつつ、目が離せない……!),,
dom1Yuri_L07.mes,Script/dom1Yuri_L07.mes,35,25,Yuri,コラ!そこにいるのは<이름:3232>くん<6E5C>と海堂くんだなぁ!,,
dom1Yuri_L07.mes,Script/dom1Yuri_L07.mes,36,2,주인공,!,,
dom1Yuri_L07.mes,Script/dom1Yuri_L07.mes,37,14,Kaidou,しまった.いきなりバレたぜ,,
dom1Yuri_L07.mes,Script/dom1Yuri_L07.mes,38,12,[효과음/내레이션],バキ!<020A>ドカ!<020A>ボコ!,,
dom1Yuri_L07.mes,Script/dom1Yuri_L07.mes,39,20,주인공,(お、おそるべし、極限流……<6E5C>バタリ),,
dom1Yuri_L07.mes,Script/dom1Yuri_L07.mes,40,21,주인공,誰が行くか、バカ!俺は寝るぞ!<6E5C>ぐーぐー,,
dom1Yuri_L07.mes,Script/dom1Yuri_L07.mes,41,12,Kaidou,なんだよ、つまんねーな,,
dom1Yuri_L07.mes,Script/dom1Yuri_L07.mes,42,19,주인공,(見たいけど……がまん、<6E5C>がまん!),,
dom1Yuri_L08.mes,Script/dom1Yuri_L08.mes,0,22,주인공,(うう、昨夜はちゃんと寝れなかっ<6E5C>た……),,
dom1Yuri_L08.mes,Script/dom1Yuri_L08.mes,1,22,Yuri,<이름:3232>くん…….ほら、海だよ.<6E5C>早く泳ごう?,,
dom1Yuri_L08.mes,Script/dom1Yuri_L08.mes,2,13,주인공,ええ、そうで……すね……,,
dom1Yuri_L08.mes,Script/dom1Yuri_L08.mes,3,17,Yuri,ヤダ、そんなにじっと見ないで……,,
dom1Yuri_L08.mes,Script/dom1Yuri_L08.mes,4,19,주인공,(ユリさんが、モジモジして<6E5C>る……),,
dom1Yuri_L08.mes,Script/dom1Yuri_L08.mes,5,22,Yuri,み、水着なんて久しぶり.<6E5C>……変じゃない?,,
dom1Yuri_L08.mes,Script/dom1Yuri_L08.mes,6,9,주인공,あ、や、その……,,
dom1Yuri_L08.mes,Script/dom1Yuri_L08.mes,7,11,[선택지],色っぽいです可愛いです,,
dom1Yuri_L08.mes,Script/dom1Yuri_L08.mes,8,8,주인공,色っぽいですよ,,
dom1Yuri_L08.mes,Script/dom1Yuri_L08.mes,9,10,Yuri,えぇ!?色っぽい?,,
dom1Yuri_L08.mes,Script/dom1Yuri_L08.mes,10,3,주인공,はい,,
dom1Yuri_L08.mes,Script/dom1Yuri_L08.mes,11,35,Yuri,ヤダ!そんなこと言われると恥ず<6E5C>かしいッチ!<6E5C>やっぱり服に着替える!,,
dom1Yuri_L08.mes,Script/dom1Yuri_L08.mes,12,26,주인공,そんな!せっかくの海なんですか<6E5C>ら遊びましょうよ!,,
dom1Yuri_L08.mes,Script/dom1Yuri_L08.mes,13,9,Yuri,でも……きゃあ!,,
dom1Yuri_L08.mes,Script/dom1Yuri_L08.mes,14,7,[효과음/내레이션],スッテーン!,,
dom1Yuri_L08.mes,Script/dom1Yuri_L08.mes,15,24,주인공,どうしたんですか?<6E5C>何もないとこで転んだりして,,
dom1Yuri_L08.mes,Script/dom1Yuri_L08.mes,16,16,Yuri,うん……どうしたんだろ?アタシ,,
dom1Yuri_L08.mes,Script/dom1Yuri_L08.mes,17,41,주인공,(緊張してるんだな、ユリさん.<6E5C>……やっぱり、ユリさんと<6E5C>海に来て良かった……),,
dom1Yuri_L08.mes,Script/dom1Yuri_L08.mes,18,16,UNKNOWN_29,~<0000><0000><0000><0000><0000><001C><000E><0002>可愛いですよ,,
dom1Yuri_L08.mes,Script/dom1Yuri_L08.mes,19,26,Yuri,ヤッダー!かわいいなんて、<6E5C>お姉さんにむかってぇ!,,
dom1Yuri_L08.mes,Script/dom1Yuri_L08.mes,20,7,[효과음/내레이션],バッチーン★,,
dom1Yuri_L08.mes,Script/dom1Yuri_L08.mes,21,6,주인공,いってー!,,
dom1Yuri_L08.mes,Script/dom1Yuri_L08.mes,22,9,Yuri,ゴ、ゴメンッチ!,,
dom1Yuri_L08.mes,Script/dom1Yuri_L08.mes,23,28,주인공,(イテテ…….水着姿でも、<6E5C>いつものユリさんだな……),,
dom1Yuri_L08.mes,Script/dom1Yuri_L08.mes,24,14,Yuri,なーに?その残念って顔は!,,
dom1Yuri_L08.mes,Script/dom1Yuri_L08.mes,25,16,주인공,い、いえ、なんでもありません!,,
dom1Yuri_L09.mes,Script/dom1Yuri_L09.mes,0,27,주인공,(誕生日を祝ってくれるって、<6E5C>本当かな……ドキドキ),,
dom1Yuri_L09.mes,Script/dom1Yuri_L09.mes,1,9,주인공,こ、こんにちはー,,
dom1Yuri_L09.mes,Script/dom1Yuri_L09.mes,2,13,[효과음/내레이션],パンッ★<020A>パン★<020A>パン★,,
dom1Yuri_L09.mes,Script/dom1Yuri_L09.mes,3,3,주인공,!?,,
dom1Yuri_L09.mes,Script/dom1Yuri_L09.mes,4,13,Yuri,おめでとー、<이름:3232>くーん!,,
dom1Yuri_L09.mes,Script/dom1Yuri_L09.mes,5,39,주인공,あ、クラッカーか…….ユリさん、<6E5C>ほんとうに誕生日の用意して<6E5C>くれたんですね,,
dom1Yuri_L09.mes,Script/dom1Yuri_L09.mes,6,27,Yuri,モチロン!<이름:3232>くんの誕生日、<6E5C>祝わないワケないッチ!,,
dom1Yuri_L09.mes,Script/dom1Yuri_L09.mes,7,24,주인공,しかもふたりっきりだなんて……<6E5C>サイコーだ……,,
dom1Yuri_L09.mes,Script/dom1Yuri_L09.mes,8,20,UNKNOWN_1a,だ~れがふたりっきりだってぇ?<6E5C><이름:3131>~,,
dom1Yuri_L09.mes,Script/dom1Yuri_L09.mes,9,6,주인공,まさか……,,
dom1Yuri_L09.mes,Script/dom1Yuri_L09.mes,10,22,Kaidou,オレ様のことを忘れてもらっちゃぁ<6E5C>困るぜ!,,
dom1Yuri_L09.mes,Script/dom1Yuri_L09.mes,11,16,주인공,海堂…….たのむから帰ってくれ,,
dom1Yuri_L09.mes,Script/dom1Yuri_L09.mes,12,25,Kaidou,アホか!今日7月24日、何の日か<6E5C>知らねぇのか!,,
dom1Yuri_L09.mes,Script/dom1Yuri_L09.mes,13,14,주인공,え?だから俺の生まれた……,,
dom1Yuri_L09.mes,Script/dom1Yuri_L09.mes,14,14,Kaidou,オレ様の誕生日なんだよ!!,,
dom1Yuri_L09.mes,Script/dom1Yuri_L09.mes,15,16,주인공,げぇ!?海堂と同じ誕生日かよ!,,
dom1Yuri_L09.mes,Script/dom1Yuri_L09.mes,16,24,Yuri,ふたりともおめでとー!<6E5C>今日は3人でお祝いね!,,
dom1Yuri_L09.mes,Script/dom1Yuri_L09.mes,17,7,주인공,(ガーン!),,
dom1Yuri_L09.mes,Script/dom1Yuri_L09.mes,18,24,Kaidou,オレだってテメーとの合同を<6E5C>ガマンしてんだぜ!,,
dom1Yuri_L09.mes,Script/dom1Yuri_L09.mes,19,11,Yuri,3人で楽しもうねー!,,
dom1Yuri_L09.mes,Script/dom1Yuri_L09.mes,20,12,주인공,くっ……しかたない……,,
dom1Yuri_L09.mes,Script/dom1Yuri_L09.mes,21,21,Yuri,カレーをつくったから、<6E5C>仲良く食べよう!,,
dom1Yuri_L09.mes,Script/dom1Yuri_L09.mes,22,15,Kaidou,テメェ、もっとそっち行けよ!,,
dom1Yuri_L09.mes,Script/dom1Yuri_L09.mes,23,14,주인공,おまえこそ、もっと離れろ!,,
dom1Yuri_L09.mes,Script/dom1Yuri_L09.mes,24,15,Yuri,んじゃ、いっただっきまーす!,,
dom1Yuri_L09.mes,Script/dom1Yuri_L09.mes,25,4,[효과음/내레이션],パクッ,,
dom1Yuri_L09.mes,Script/dom1Yuri_L09.mes,26,6,UNKNOWN_12,あまっっっ,,
dom1Yuri_L09.mes,Script/dom1Yuri_L09.mes,27,32,Yuri,ユリ特製の甘口カレーだよ!いっ<6E5C>ぱいあるから、残さず食べてね!,,
dom1Yuri_L09.mes,Script/dom1Yuri_L09.mes,28,7,UNKNOWN_12,は、はい……,,
dom1Yuri_L09.mes,Script/dom1Yuri_L09.mes,29,12,[선택지],後片付けするおかわりする,,
dom1Yuri_L09.mes,Script/dom1Yuri_L09.mes,30,11,[선택지],o<0001><0000><0018><000A><FFFF>ぱくぱく,,
dom1Yuri_L09.mes,Script/dom1Yuri_L09.mes,31,16,주인공,ごちそうさま!俺、片付けます!,,
dom1Yuri_L09.mes,Script/dom1Yuri_L09.mes,32,23,Kaidou,テメェ、点数かせごうと<6E5C>しやがって、もぐもぐ,,
dom1Yuri_L09.mes,Script/dom1Yuri_L09.mes,33,12,Yuri,<이름:3232>くん、もういいの?,,
dom1Yuri_L09.mes,Script/dom1Yuri_L09.mes,34,17,주인공,はい.もう胸がいっぱいっていうか,,
dom1Yuri_L09.mes,Script/dom1Yuri_L09.mes,35,24,Yuri,もっと食べないとダメだよ!<6E5C><이름:3232>くんは小食だね,,
dom1Yuri_L09.mes,Script/dom1Yuri_L09.mes,36,26,Kaidou,オレなら大盛り3バイはいけるぞ、<6E5C>オレの勝ちだな!,,
dom1Yuri_L09.mes,Script/dom1Yuri_L09.mes,37,15,Yuri,男の子はそれっくらいないと!,,
dom1Yuri_L09.mes,Script/dom1Yuri_L09.mes,38,16,주인공,(し、しまった.逆効果か……),,
dom1Yuri_L09.mes,Script/dom1Yuri_L09.mes,39,8,[효과음/내레이션],ばくばくばくっ,,
dom1Yuri_L09.mes,Script/dom1Yuri_L09.mes,40,8,주인공,お、おかわり!,,
dom1Yuri_L09.mes,Script/dom1Yuri_L09.mes,41,19,Yuri,<이름:3232>くん、はやーい!<6E5C>うれしいッチ!,,
dom1Yuri_L09.mes,Script/dom1Yuri_L09.mes,42,17,Kaidou,テメェ、無理しやがって、もぐもぐ,,
dom1Yuri_L09.mes,Script/dom1Yuri_L09.mes,43,44,주인공,ユリさん…….その、今日は3人<6E5C>だったけど、今度はふたりっきり<6E5C>で祝ってくれませんか?,,
dom1Yuri_L09.mes,Script/dom1Yuri_L09.mes,44,21,Kaidou,どさくさにまぎれてナニ言って<6E5C>やがんだ!,,
dom1Yuri_L09.mes,Script/dom1Yuri_L09.mes,45,22,Yuri,いいよ!明日のお昼だったら空い<6E5C>てるけど?,,
dom1Yuri_L09.mes,Script/dom1Yuri_L09.mes,46,30,주인공,じゃあそれで!<6E5C>ネオジオランドで遊びましょう!<6E5C>パーッと!,,
dom1Yuri_L09.mes,Script/dom1Yuri_L09.mes,47,44,Yuri,……でもいいの?あたしみたいに、<6E5C>女の子らしくない奴と……デート<6E5C>とか……ごにょごにょ,,
dom1Yuri_L09.mes,Script/dom1Yuri_L09.mes,48,9,주인공,え?なんですか?,,
dom1Yuri_L09.mes,Script/dom1Yuri_L09.mes,49,33,Yuri,ア、アハハ!じゃ、待ち合わせ!<6E5C>あ、おかわりも、残さず食べてね!,,
dom1Yuri_L09.mes,Script/dom1Yuri_L09.mes,50,4,주인공,押忍!,,
dom1Yuri_L10.mes,Script/dom1Yuri_L10.mes,0,19,주인공,(来てくれてるかな、<6E5C>ユリさん……),,
dom1Yuri_L10.mes,Script/dom1Yuri_L10.mes,1,7,[효과음/내레이션],きょろきょろ,,
dom1Yuri_L10.mes,Script/dom1Yuri_L10.mes,2,14,주인공,(あれ、まだなのかな……),,
dom1Yuri_L10.mes,Script/dom1Yuri_L10.mes,3,7,UNKNOWN_1c,<이름:3232>くん……,,
dom1Yuri_L10.mes,Script/dom1Yuri_L10.mes,4,2,주인공,?,,
dom1Yuri_L10.mes,Script/dom1Yuri_L10.mes,5,5,UNKNOWN_1c,待った?,,
dom1Yuri_L10.mes,Script/dom1Yuri_L10.mes,6,14,주인공,えーっと、失礼ですけど……,,
dom1Yuri_L10.mes,Script/dom1Yuri_L10.mes,7,13,UNKNOWN_1c,もー、あたし、ユリだよ!,,
dom1Yuri_L10.mes,Script/dom1Yuri_L10.mes,8,7,주인공,ユリさん!?,,
dom1Yuri_L10.mes,Script/dom1Yuri_L10.mes,9,17,Yuri,待ち合わせしといて、ヒドイなぁ!,,
dom1Yuri_L10.mes,Script/dom1Yuri_L10.mes,10,31,주인공,いや、あの、いつもと雰囲気が<6E5C>ぜんぜん違うから、わかんなくて,,
dom1Yuri_L10.mes,Script/dom1Yuri_L10.mes,11,8,Yuri,そんなに違う?,,
dom1Yuri_L10.mes,Script/dom1Yuri_L10.mes,12,5,주인공,はい……,,
dom1Yuri_L10.mes,Script/dom1Yuri_L10.mes,13,5,[효과음/내레이션],じろじろ,,
dom1Yuri_L10.mes,Script/dom1Yuri_L10.mes,14,16,Yuri,そんなに見ないでよ!……変!?,,
dom1Yuri_L10.mes,Script/dom1Yuri_L10.mes,15,8,주인공,いえまったく!,,
dom1Yuri_L10.mes,Script/dom1Yuri_L10.mes,16,36,Yuri,う~.やっぱり普段しないカッコ<6E5C>なんてするもんじゃないね!<6E5C>着替える!,,
dom1Yuri_L10.mes,Script/dom1Yuri_L10.mes,17,21,주인공,なんでですか!<6E5C>すごく似合ってる<6E5C>のに!,,
dom1Yuri_L10.mes,Script/dom1Yuri_L10.mes,18,7,Yuri,……ほんと?,,
dom1Yuri_L10.mes,Script/dom1Yuri_L10.mes,19,27,주인공,はい.……俺のためにしてくれたん<6E5C>ですよね?その服装,,
dom1Yuri_L10.mes,Script/dom1Yuri_L10.mes,20,34,Yuri,べ、別にそんなんじゃないよ!<6E5C>だって、道着じゃ<6E5C>遊べないでしょ!?,,
dom1Yuri_L10.mes,Script/dom1Yuri_L10.mes,21,10,주인공,そりゃ道着じゃ……,,
dom1Yuri_L10.mes,Script/dom1Yuri_L10.mes,22,32,Yuri,とにかく、いろいろ遊び、教えてく<6E5C>れるんでしょ?早く遊ぶッチ!,,
dom1Yuri_L10.mes,Script/dom1Yuri_L10.mes,23,24,주인공,(やっぱ、中身はいつものユリさん<6E5C>なんだなー),,
dom1Yuri_L10.mes,Script/dom1Yuri_L10.mes,24,13,UNKNOWN_2e,かのじょー、かわいいねー,,
dom1Yuri_L10.mes,Script/dom1Yuri_L10.mes,25,24,UNKNOWN_2f,そんなヤツほっといて、いっしょに<6E5C>お茶しない?,,
dom1Yuri_L10.mes,Script/dom1Yuri_L10.mes,26,3,Yuri,!?,,
dom1Yuri_L10.mes,Script/dom1Yuri_L10.mes,27,12,주인공,(げ、ナンパか……?),,
dom1Yuri_L10.mes,Script/dom1Yuri_L10.mes,28,11,[선택지],やめろよふたりで逃げる,,
dom1Yuri_L10.mes,Script/dom1Yuri_L10.mes,29,16,[선택지],k<0001><0000><0020><0014><0002>迷惑だろ、やめろよ,,
dom1Yuri_L10.mes,Script/dom1Yuri_L10.mes,30,13,UNKNOWN_2e,うるせーな、関係ねーだろ,,
dom1Yuri_L10.mes,Script/dom1Yuri_L10.mes,31,28,주인공,(どうしよう.ここでモメると、<6E5C>ユリさんに迷惑が……),,
dom1Yuri_L10.mes,Script/dom1Yuri_L10.mes,32,8,Yuri,さわるなッチ!,,
dom1Yuri_L10.mes,Script/dom1Yuri_L10.mes,33,8,[효과음/내레이션],ドカ!<020A>バキ!,,
dom1Yuri_L10.mes,Script/dom1Yuri_L10.mes,34,5,[효과음/내레이션],…………,,
dom1Yuri_L10.mes,Script/dom1Yuri_L10.mes,35,21,Yuri,あ……手を払おうとしただけ<6E5C>なのにな……,,
dom1Yuri_L10.mes,Script/dom1Yuri_L10.mes,36,14,주인공,……さ、さすがユリさん……,,
dom1Yuri_L10.mes,Script/dom1Yuri_L10.mes,37,10,주인공,ユリさん、こっち!,,
dom1Yuri_L10.mes,Script/dom1Yuri_L10.mes,38,4,Yuri,え!?,,
dom1Yuri_L10.mes,Script/dom1Yuri_L10.mes,39,7,[효과음/내레이션],ダダダダ……,,
dom1Yuri_L10.mes,Script/dom1Yuri_L10.mes,40,24,주인공,……ふぅ.ここまで逃げたら、<6E5C>もう大丈夫ですね,,
dom1Yuri_L10.mes,Script/dom1Yuri_L10.mes,41,23,Yuri,もお、あんなヤツらから逃げること<6E5C>ないのに!,,
dom1Yuri_L10.mes,Script/dom1Yuri_L10.mes,42,3,주인공,え?,,
dom1Yuri_L10.mes,Script/dom1Yuri_L10.mes,43,35,Yuri,やっつけちゃえばイイんだよ!<6E5C>逃げるなんて男の<6E5C>することじゃないよ!,,
dom1Yuri_L10.mes,Script/dom1Yuri_L10.mes,44,32,주인공,(……しまった、ユリさんを守りた<6E5C>かったのに、失敗したな……),,
dom1Yuri_M01.mes,Script/dom1Yuri_M01.mes,0,33,주인공,(いっけねぇ.急がねぇと、今度こ<6E5C>そ遅刻しちまうぜ……モグモグ),,
dom1Yuri_M01.mes,Script/dom1Yuri_M01.mes,1,7,[효과음/내레이션],タタタタ……,,
dom1Yuri_M01.mes,Script/dom1Yuri_M01.mes,2,5,UNKNOWN_1c,キャア!,,
dom1Yuri_M01.mes,Script/dom1Yuri_M01.mes,3,3,주인공,え?,,
dom1Yuri_M01.mes,Script/dom1Yuri_M01.mes,4,7,[효과음/내레이션],ゴッチーン★,,
dom1Yuri_M01.mes,Script/dom1Yuri_M01.mes,5,5,[효과음/내레이션],…………,,
dom1Yuri_M01.mes,Script/dom1Yuri_M01.mes,6,6,주인공,イタタ……,,
dom1Yuri_M01.mes,Script/dom1Yuri_M01.mes,7,29,UNKNOWN_1c,だ、だいじょうぶ?いきなり曲が<6E5C>り角から出てくるから……,,
dom1Yuri_M01.mes,Script/dom1Yuri_M01.mes,8,17,주인공,そっちこそ……って、ユリさん!?,,
dom1Yuri_M01.mes,Script/dom1Yuri_M01.mes,9,6,Yuri,<이름:3232>くん!,,
dom1Yuri_M01.mes,Script/dom1Yuri_M01.mes,10,29,주인공,ハハ…….なんか、よくぶつかりま<6E5C>すね、ユリさんとは……,,
dom1Yuri_M01.mes,Script/dom1Yuri_M01.mes,11,42,Yuri,ホント!<이름:3232>くん、制服で<6E5C>食パンくわえながら走ってたって<6E5C>ことは、登校中なのかな?,,
dom1Yuri_M01.mes,Script/dom1Yuri_M01.mes,12,16,주인공,そうだ!遅刻しそうなんですよ!,,
dom1Yuri_M01.mes,Script/dom1Yuri_M01.mes,13,54,Yuri,そっかぁ.あたしは朝のジョギング<6E5C>中だったんだけど……<485C>ヨォシ!あたしがおんぶして<6E5C>学校まで運んであげる!,,
dom1Yuri_M01.mes,Script/dom1Yuri_M01.mes,14,20,주인공,げぇ!?いいですよ、そんな恥ず<6E5C>かしい,,
dom1Yuri_M01.mes,Script/dom1Yuri_M01.mes,15,15,Yuri,気にしないで!乗った乗った!,,
dom1Yuri_M01.mes,Script/dom1Yuri_M01.mes,16,54,주인공,わぁっ.そんな、俺を軽々と持ち上<6E5C>げて……<485C>トホホ、こんなトコ誰かに見られ<6E5C>たら、遅刻するより最悪だぜ……,,
dom1Yuri_O0727_0.mes,Script/dom1Yuri_O0727_0.mes,0,30,UNKNOWN_29,ぅ<0000><0000><0000><0000><0000><0038><002A><0002>ふう.……ものすごく早く起きてし<6E5C>まった,,
dom1Yuri_O0727_0.mes,Script/dom1Yuri_O0727_0.mes,1,16,주인공,携帯が点滅してる…….留守電?,,
dom1Yuri_O0727_0.mes,Script/dom1Yuri_O0727_0.mes,2,122,UNKNOWN_01,<0100><0002><0000><00F4><00E8><0003>アテナです.<이름:3232>、昨日は<6E5C>励ましてくれてありがとう……<485C>そうそう、色々なスケジュール、<6E5C>ちょっとだけ延期してもらう<6E5C>ことにしました<485C>今月末くらいまで、自分の好きなこ<6E5C>とさせてもらえるみたい.たまには<6E5C>息抜きしないとね.じゃ、また!,,
dom1Yuri_O0727_0.mes,Script/dom1Yuri_O0727_0.mes,3,146,Mai,心配かけてごめんね、<이름:3232>君.<6E5C>でも、もう気にしないでほしいの<485C>自分で悩んで、自分で決めたことだ<6E5C>から……<485C>荷物の整理や何やらで、何週間かは<6E5C>そっちのアパートにいれそうです<485C>今度もし顔を合わせるときは、いつ<6E5C>も通りの<이름:3232>君でいてね<485C>私も……私も、いつもの、お隣のお<6E5C>姉さんでいるから.約束よ?,,
dom1Yuri_O0727_0.mes,Script/dom1Yuri_O0727_0.mes,4,122,UNKNOWN_01,<0100><0002><0000><00F4><00E8><0007>キングです.<이름:3131>くん、昨夜の<6E5C>メール、読ませてもらったよ<485C>……私のことは気にしなくて<6E5C>いい.君には今、もっと大事な<6E5C>ことがあるんだから<485C>昨日みせてくれた気合があれば、何<6E5C>があっても大丈夫だと思うよ.また<6E5C>お店にもおいで.じゃあ……,,
dom1Yuri_O0727_0.mes,Script/dom1Yuri_O0727_0.mes,5,137,[선택지],<0118><010C><0008>藤堂です.先輩!協会からの手紙<6E5C>が来ておりまして、大会は来月に延<6E5C>期することになったそうです<485C>決着が延びてしまうのは口惜しいで<6E5C>すがさらなる鍛錬を積むには絶好の<6E5C>機会ですね<485C>これを機に私もさらなる奥義を<6E5C>会得しようと思うので、月末までは<6E5C>個人練習としましょう.では!,,
dom1Yuri_O0727_0.mes,Script/dom1Yuri_O0727_0.mes,6,94,Jenny,ジェニーよん★<6E5C>……<이름:3232>、ゴメンッ!<485C>今度のコンテストはメンバーの<6E5C>人数制限があるのを忘れてたわん<485C>ちょ~っとスタートは遅れるけど、<6E5C><이름:3232>とのセッションは来月から<6E5C>にするね!じゃ~ね~ん,,
dom1Yuri_O0727_0.mes,Script/dom1Yuri_O0727_0.mes,7,122,UNKNOWN_01,<0100><0002><0000><00F4><00E8><000A>……おい、<이름:3131>.寝てんのか.<6E5C>せっかくオレ様が電話して<6E5C>やってんのによ……<485C>まあいいや.<6E5C>クーラ、家に戻ってきたらしいぜ<485C>兄貴が、お前は家にいろって<6E5C>言ったらしい<485C>早くも一件落着ってわけだな.<6E5C>いちおう報告してやったぜ.<6E5C>じゃあな,,
dom1Yuri_O0727_0.mes,Script/dom1Yuri_O0727_0.mes,8,78,Leona,レオナです.さっきは思わせぶりな<6E5C>態度で……ごめんなさい<485C>.<6E5C>父と口論になってしまって……<6E5C>少し、興奮していたの<485C>もう大丈夫だから、忘れて.<6E5C>それじゃ……,,
dom1Yuri_O0727_0.mes,Script/dom1Yuri_O0727_0.mes,9,3,[효과음/내레이션],ピッ,,
dom1Yuri_O0727_0.mes,Script/dom1Yuri_O0727_0.mes,10,19,주인공,そうか…….これでよかったんだよ<6E5C>な,,
dom1Yuri_O0727_0.mes,Script/dom1Yuri_O0727_0.mes,11,30,주인공,じゃあ、あと、俺に残っている問題<6E5C>は……ひとつだけだな……,,
dom1Yuri_O0727_0.mes,Script/dom1Yuri_O0727_0.mes,12,21,주인공,ふぁあ、だるいなぁ~.夏だからか<6E5C>な……,,
dom1Yuri_O0727_0.mes,Script/dom1Yuri_O0727_0.mes,13,68,주인공,(……この前のユリさんとの<6E5C>デート、かっこわるかったなー、<6E5C>俺.キレイなユリさんを<485C>ナンパ男から守ることが<6E5C>できなかった……情けない),,
dom1Yuri_O0727_0.mes,Script/dom1Yuri_O0727_0.mes,14,49,주인공,あーもう、考えてもしょうがない!<6E5C>いつまでも部屋でダラダラしてる<6E5C>からダメなんだよ!外に出よう!,,
dom1Yuri_O0727_0.mes,Script/dom1Yuri_O0727_0.mes,15,5,[효과음/내레이션],バタン!,,
dom1Yuri_O0727_0.mes,Script/dom1Yuri_O0727_0.mes,16,49,주인공,(……とは言え、どこに行こうか.<6E5C>こんな俺でも、ユリさんは極限流で<6E5C>必要としてくれるんだろうか?,,
dom1Yuri_O0727_0.mes,Script/dom1Yuri_O0727_0.mes,17,52,주인공,極限流に行けば、芯のある男になれ<6E5C>るのか……<485C>いやいや、そんな風に頼ってる<6E5C>時点でダメじゃないのか?),,
dom1Yuri_O0727_0.mes,Script/dom1Yuri_O0727_0.mes,18,18,[선택지],極限流道場へ行くネオジオランドへ行く,,
dom1Yuri_O0727_1.mes,Script/dom1Yuri_O0727_1.mes,0,19,주인공,(とにかく、前に進まないと<6E5C>な……),,
dom1Yuri_O0727_1.mes,Script/dom1Yuri_O0727_1.mes,1,8,Yuri,あら、<이름:3232>くん,,
dom1Yuri_O0727_1.mes,Script/dom1Yuri_O0727_1.mes,2,22,주인공,こんにちはユリさん.<6E5C>先日はどうも……へへ,,
dom1Yuri_O0727_1.mes,Script/dom1Yuri_O0727_1.mes,3,44,Yuri,なんかジャマが入ってちゃんと遊べ<6E5C>なかったね!やっぱり、慣れない<6E5C>カッコしたせいかな?,,
dom1Yuri_O0727_1.mes,Script/dom1Yuri_O0727_1.mes,4,12,주인공,そんなことないですよ!,,
dom1Yuri_O0727_1.mes,Script/dom1Yuri_O0727_1.mes,5,56,Yuri,にしても、最近は情けない男が<6E5C>多いわよね~、あいつらも<6E5C>道場に連れてきて、<485C>きたえなおしてやれば<6E5C>よかったわ!,,
dom1Yuri_O0727_1.mes,Script/dom1Yuri_O0727_1.mes,6,28,주인공,(うう……まるで自分のことを言わ<6E5C>れてるみたいだ……),,
dom1Yuri_O0727_1.mes,Script/dom1Yuri_O0727_1.mes,7,14,Yuri,で、<이름:3232>くん、どうしたの?,,
dom1Yuri_O0727_1.mes,Script/dom1Yuri_O0727_1.mes,8,21,주인공,その……俺も体をきたえなおそうと<6E5C>思って,,
dom1Yuri_O0727_1.mes,Script/dom1Yuri_O0727_1.mes,9,24,Yuri,あ、本気で極限流に入ってくれるっ<6E5C>てことぉ!?,,
dom1Yuri_O0727_1.mes,Script/dom1Yuri_O0727_1.mes,10,5,주인공,そうです,,
dom1Yuri_O0727_1.mes,Script/dom1Yuri_O0727_1.mes,11,27,Yuri,やった~!<6E5C>えいえいオーオージャーンプ、<6E5C>ブイブイ!,,
dom1Yuri_O0727_1.mes,Script/dom1Yuri_O0727_1.mes,12,3,주인공,!?,,
dom1Yuri_O0727_1.mes,Script/dom1Yuri_O0727_1.mes,13,31,Yuri,うれしいッチ!<이름:3232>くんが入って<6E5C>くれたら、道場も活気づくよ!,,
dom1Yuri_O0727_1.mes,Script/dom1Yuri_O0727_1.mes,14,20,주인공,そんなに喜んでくれるなんて、<6E5C>光栄です,,
dom1Yuri_O0727_1.mes,Script/dom1Yuri_O0727_1.mes,15,43,Yuri,でも、どうして決心したの?<6E5C>門下生にならなくても、今まで<6E5C>みたいな稽古ならできたのに,,
dom1Yuri_O0727_1.mes,Script/dom1Yuri_O0727_1.mes,16,22,[선택지],大事な人を守りたいから自分自身を高めたいから,,
dom1Yuri_O0727_1.mes,Script/dom1Yuri_O0727_1.mes,17,22,[선택지],S<0001><0000><002C><0020><0002>大事な人を守りたいからです……,,
dom1Yuri_O0727_1.mes,Script/dom1Yuri_O0727_1.mes,18,8,Yuri,……大事な人?,,
dom1Yuri_O0727_1.mes,Script/dom1Yuri_O0727_1.mes,19,48,주인공,あ、いや、深い意味じゃなくて、<6E5C>この前ユリさんにかっこわるいとこ<6E5C>見せちゃったから、それで……,,
dom1Yuri_O0727_1.mes,Script/dom1Yuri_O0727_1.mes,20,7,Yuri,<이름:3232>くん……,,
dom1Yuri_O0727_1.mes,Script/dom1Yuri_O0727_1.mes,21,44,주인공,女の人ひとりぐらい守れないとダメ<6E5C>ですよね.俺のこと、一からきたえ<6E5C>なおしてください!,,
dom1Yuri_O0727_1.mes,Script/dom1Yuri_O0727_1.mes,22,8,Yuri,まかせるッチ!,,
dom1Yuri_O0727_1.mes,Script/dom1Yuri_O0727_1.mes,23,15,주인공,自分自身を高めたいからです!,,
dom1Yuri_O0727_1.mes,Script/dom1Yuri_O0727_1.mes,24,11,Yuri,わー、かっこいいね!,,
dom1Yuri_O0727_1.mes,Script/dom1Yuri_O0727_1.mes,25,47,주인공,……なんて、俺はもともとなまけ癖<6E5C>があるから、少しはシャキっとしな<6E5C>いといけないと思って……,,
dom1Yuri_O0727_1.mes,Script/dom1Yuri_O0727_1.mes,26,51,Yuri,いいことだよ!<6E5C>自分に厳しくするって、<6E5C>なかなかできることじゃないもん<485C>ビシバシしごいてあげるッチ!,,
dom1Yuri_O0727_1.mes,Script/dom1Yuri_O0727_1.mes,27,66,UNKNOWN_29,~<0000><0000><0000><0000><0011><0005><0000><0000><0000><0000><0006><000A><0007><0000><0000><0001><002A><0000><0000><0000><0000><0000><0000><005C><004E><0002>(そんなこと考えながらこんなとこ<6E5C>へ…….俺って根っからダメなやつ<6E5C>だなぁ),,
dom1Yuri_O0727_1.mes,Script/dom1Yuri_O0727_1.mes,28,8,UNKNOWN_1a,<이름:3131>じゃねーか,,
dom1Yuri_O0727_1.mes,Script/dom1Yuri_O0727_1.mes,29,21,주인공,海堂!……おまえには会いたくな<6E5C>かったな,,
dom1Yuri_O0727_1.mes,Script/dom1Yuri_O0727_1.mes,30,27,Kaidou,そりゃこっちのセリフだ!<6E5C>シケた顔してナニやってんだ,,
dom1Yuri_O0727_1.mes,Script/dom1Yuri_O0727_1.mes,31,6,주인공,べつに……,,
dom1Yuri_O0727_1.mes,Script/dom1Yuri_O0727_1.mes,32,27,Kaidou,情けねぇなあ.<6E5C>オレは今から道場だ.<6E5C>オマエも来い!,,
dom1Yuri_O0727_1.mes,Script/dom1Yuri_O0727_1.mes,33,9,주인공,えぇ!?なんで?,,
dom1Yuri_O0727_1.mes,Script/dom1Yuri_O0727_1.mes,34,66,Kaidou,オマエがフヌケ野郎だってことは<6E5C>もともと知ってたが、こんなヤツに<6E5C>一度でも負けたのかと思うと<485C>腹が立つんだよ!<6E5C>叩きなおしてやる!,,
dom1Yuri_O0727_1.mes,Script/dom1Yuri_O0727_1.mes,35,13,주인공,なんでおまえなんかに……,,
dom1Yuri_O0727_1.mes,Script/dom1Yuri_O0727_1.mes,36,34,Kaidou,オマエ、いままでお遊びで道場に<6E5C>来てたのかよ!<6E5C>やる気ねぇのか!?,,
dom1Yuri_O0727_1.mes,Script/dom1Yuri_O0727_1.mes,37,5,주인공,うっ……,,
dom1Yuri_O0727_1.mes,Script/dom1Yuri_O0727_1.mes,38,15,Kaidou,たっぷりシゴいてやるからな!,,
dom1Yuri_O0727_2.mes,Script/dom1Yuri_O0727_2.mes,0,30,Yuri,よ~し、じゃあ、さっそく稽古を<6E5C>はじめるッチ!用意はいい?,,
dom1Yuri_O0727_2.mes,Script/dom1Yuri_O0727_2.mes,1,4,Kaidou,押忍!,,
dom1Yuri_O0727_2.mes,Script/dom1Yuri_O0727_2.mes,2,6,주인공,お、押忍!,,
dom1Yuri_O0727_2.mes,Script/dom1Yuri_O0727_2.mes,3,7,Yuri,拳を握って!,,
dom1Yuri_O0727_2.mes,Script/dom1Yuri_O0727_2.mes,4,19,[선택지],第二関節に親指をそろえる親指を握り込む,,
dom1Yuri_O0727_2.mes,Script/dom1Yuri_O0727_2.mes,5,6,주인공,こうですね,,
dom1Yuri_O0727_2.mes,Script/dom1Yuri_O0727_2.mes,6,23,Yuri,そう!手をケガしないように気を<6E5C>つけるッチ!,,
dom1Yuri_O0727_2.mes,Script/dom1Yuri_O0727_2.mes,7,8,주인공,こうでしたっけ,,
dom1Yuri_O0727_2.mes,Script/dom1Yuri_O0727_2.mes,8,24,Yuri,それじゃ手をケガしちゃうよ!<6E5C>基本を忘れたの?,,
dom1Yuri_O0727_2.mes,Script/dom1Yuri_O0727_2.mes,9,7,주인공,しまった……,,
dom1Yuri_O0727_2.mes,Script/dom1Yuri_O0727_2.mes,10,8,Yuri,次は前屈立ち!,,
dom1Yuri_O0727_2.mes,Script/dom1Yuri_O0727_2.mes,11,22,[선택지],前足を直角に曲げる両足を前に向けて腰を下げる,,
dom1Yuri_O0727_2.mes,Script/dom1Yuri_O0727_2.mes,12,6,주인공,こうですね,,
dom1Yuri_O0727_2.mes,Script/dom1Yuri_O0727_2.mes,13,9,Yuri,そう!その調子!,,
dom1Yuri_O0727_2.mes,Script/dom1Yuri_O0727_2.mes,14,7,주인공,こうですか?,,
dom1Yuri_O0727_2.mes,Script/dom1Yuri_O0727_2.mes,15,12,Yuri,それじゃ騎馬立ちだよ!,,
dom1Yuri_O0727_2.mes,Script/dom1Yuri_O0727_2.mes,16,27,Yuri,やっぱり<이름:3232>くん基本バッチリ!<6E5C>すぐに強くなるッチ!,,
dom1Yuri_O0727_2.mes,Script/dom1Yuri_O0727_2.mes,17,8,주인공,がんばります!,,
dom1Yuri_O0727_2.mes,Script/dom1Yuri_O0727_2.mes,18,38,UNKNOWN_29,<0104><0000><0000><0000><0000><0003><0078><0003><0001>:<0001><0018><0006><0000><0000><0000><0000><0000><0030><0022><0006>ゆっくり、あせらず強くなろうね!,,
dom1Yuri_O0727_2.mes,Script/dom1Yuri_O0727_2.mes,19,11,주인공,はい、がんばります!,,
dom1Yuri_O0727_2.mes,Script/dom1Yuri_O0727_2.mes,20,26,Yuri,今日の<이름:3232>くんはボーっと<6E5C>してるよ!しっかりして!,,
dom1Yuri_O0727_2.mes,Script/dom1Yuri_O0727_2.mes,21,8,주인공,すいません……,,
dom1Yuri_O0727_3.mes,Script/dom1Yuri_O0727_3.mes,0,31,Yuri,じゃあ次は組み手ね.あたしと<6E5C>海堂くんと、どっちと組みたい?,,
dom1Yuri_O0727_3.mes,Script/dom1Yuri_O0727_3.mes,1,4,[선택지],ユリ海堂,,
dom1Yuri_O0727_3.mes,Script/dom1Yuri_O0727_3.mes,2,19,[선택지],0<0001><0000><0028><001A><0002>ユリさん、お願いします!,,
dom1Yuri_O0727_3.mes,Script/dom1Yuri_O0727_3.mes,3,20,Yuri,よーし、じゃあ思いっきり突いてみ<6E5C>て!,,
dom1Yuri_O0727_3.mes,Script/dom1Yuri_O0727_3.mes,4,13,주인공,え……ユリさんにですか?,,
dom1Yuri_O0727_3.mes,Script/dom1Yuri_O0727_3.mes,5,11,Yuri,あたりまえじゃない!,,
dom1Yuri_O0727_3.mes,Script/dom1Yuri_O0727_3.mes,6,6,주인공,は、はい!,,
dom1Yuri_O0727_3.mes,Script/dom1Yuri_O0727_3.mes,7,5,[효과음/내레이션],ボクッ!,,
dom1Yuri_O0727_3.mes,Script/dom1Yuri_O0727_3.mes,8,5,Yuri,…………,,
dom1Yuri_O0727_3.mes,Script/dom1Yuri_O0727_3.mes,9,11,주인공,あの、大丈夫ですか?,,
dom1Yuri_O0727_3.mes,Script/dom1Yuri_O0727_3.mes,10,45,Yuri,……<이름:3232>くん、女だからって<6E5C>手加減しないでよ!そんなことじゃ<6E5C>勝負に勝つなんて無理だよ!,,
dom1Yuri_O0727_3.mes,Script/dom1Yuri_O0727_3.mes,11,11,주인공,ご、ごめんなさい……,,
dom1Yuri_O0727_3.mes,Script/dom1Yuri_O0727_3.mes,12,7,주인공,じゃ、海堂で,,
dom1Yuri_O0727_3.mes,Script/dom1Yuri_O0727_3.mes,13,21,Kaidou,オレ様をご指名とは、<6E5C>いい度胸じゃねーか,,
dom1Yuri_O0727_3.mes,Script/dom1Yuri_O0727_3.mes,14,22,주인공,おまえだったら思いっきりやれそう<6E5C>だからな,,
dom1Yuri_O0727_3.mes,Script/dom1Yuri_O0727_3.mes,15,37,Kaidou,ヘッ.そういうのはやってから<6E5C>言え.思いっきり廻し蹴りでも<6E5C>やってみな!,,
dom1Yuri_O0727_3.mes,Script/dom1Yuri_O0727_3.mes,16,4,주인공,よーし,,
dom1Yuri_O0727_3.mes,Script/dom1Yuri_O0727_3.mes,17,4,[효과음/내레이션],ドカ!,,
dom1Yuri_O0727_3.mes,Script/dom1Yuri_O0727_3.mes,18,5,Kaidou,…………,,
dom1Yuri_O0727_3.mes,Script/dom1Yuri_O0727_3.mes,19,4,주인공,海堂?,,
dom1Yuri_O0727_3.mes,Script/dom1Yuri_O0727_3.mes,20,27,Kaidou,……オマエ、1年のときより<6E5C>弱くなったんじゃねーか?,,
dom1Yuri_O0727_3.mes,Script/dom1Yuri_O0727_3.mes,21,8,주인공,そ、そんな……,,
dom1Yuri_O0727_4.mes,Script/dom1Yuri_O0727_4.mes,0,30,주인공,(はぁ、はぁ…….さすがに一日中<6E5C>稽古するとバテるな……),,
dom1Yuri_O0727_4.mes,Script/dom1Yuri_O0727_4.mes,1,26,Yuri,<이름:3232>くん、お疲れ!<6E5C>今日は最後までよく頑張ったね!,,
dom1Yuri_O0727_4.mes,Script/dom1Yuri_O0727_4.mes,2,30,주인공,お疲れさまです!……今まで<6E5C>なまけてたから、こたえましたよ,,
dom1Yuri_O0727_4.mes,Script/dom1Yuri_O0727_4.mes,3,53,Yuri,フフ、でもすぐ筋肉は取り<6E5C>戻せるよ<485C>1年のときは海堂くんに勝って大会<6E5C>で優勝したんでしょ?<6E5C>すごいじゃん,,
dom1Yuri_O0727_4.mes,Script/dom1Yuri_O0727_4.mes,4,34,주인공,むかしの話ですよ.<6E5C>いま考えたらなんで<6E5C>優勝できたのかわからないし,,
dom1Yuri_O0727_4.mes,Script/dom1Yuri_O0727_4.mes,5,54,Yuri,まぐれで優勝なんてできるもんじゃ<6E5C>ないよ.<이름:3232>くんはそれだけ<6E5C>努力できる人だってこと<485C>これから楽しみだな!,,
dom1Yuri_O0727_4.mes,Script/dom1Yuri_O0727_4.mes,6,27,주인공,……ユリさんはやっぱり、<6E5C>強い人が好きなんですよね?,,
dom1Yuri_O0727_4.mes,Script/dom1Yuri_O0727_4.mes,7,48,Yuri,男の人?そーだなー、背が高くっ<6E5C>てスポーツマンで、あたしのことを<6E5C>大切にしてくれる人がいいなー,,
dom1Yuri_O0727_4.mes,Script/dom1Yuri_O0727_4.mes,8,12,주인공,……理想が高いんですね,,
dom1Yuri_O0727_4.mes,Script/dom1Yuri_O0727_4.mes,9,26,Yuri,そんなことないよ!<6E5C>どうしてそんなこと気にするの?,,
dom1Yuri_O0727_4.mes,Script/dom1Yuri_O0727_4.mes,10,21,주인공,いえ、ちょっと閉いてみたかった<6E5C>だけです,,
dom1Yuri_O0727_4.mes,Script/dom1Yuri_O0727_4.mes,11,25,Yuri,……明日もがんばろうね<6E5C><이름:3232>くん.待ってるから!,,
dom1Yuri_O0727_4.mes,Script/dom1Yuri_O0727_4.mes,12,4,주인공,押忍!,,
dom1Yuri_O0728_0.mes,Script/dom1Yuri_O0728_0.mes,0,6,[효과음/내레이션],タッタッタ,,
dom1Yuri_O0728_0.mes,Script/dom1Yuri_O0728_0.mes,1,9,주인공,はっ、はっ、はっ,,
dom1Yuri_O0728_0.mes,Script/dom1Yuri_O0728_0.mes,2,6,[효과음/내레이션],タッタッタ,,
dom1Yuri_O0728_0.mes,Script/dom1Yuri_O0728_0.mes,3,88,주인공,(……早朝ランニングなんて<6E5C>ひさしぶりだぜ……<485C>しかも自主的にやるのは初めてだ.<6E5C>俺も変わったな……<485C>てゆーか、昨日の稽古であまりの<6E5C>体の衰えぶりに愕然としたから<6E5C>なんだけど,,
dom1Yuri_O0728_0.mes,Script/dom1Yuri_O0728_0.mes,4,28,주인공,こんなことならまじめに部活やって<6E5C>りゃ良かったぜ……),,
dom1Yuri_O0728_0.mes,Script/dom1Yuri_O0728_0.mes,5,8,UNKNOWN_1a,<이름:3131>じゃねーか,,
dom1Yuri_O0728_0.mes,Script/dom1Yuri_O0728_0.mes,6,5,주인공,あ、海堂,,
dom1Yuri_O0728_0.mes,Script/dom1Yuri_O0728_0.mes,7,27,Kaidou,朝から走り込みかよ.<6E5C>オマエにしてはやる気じゃねーか,,
dom1Yuri_O0728_0.mes,Script/dom1Yuri_O0728_0.mes,8,12,주인공,そういうおまえこそ……,,
dom1Yuri_O0728_0.mes,Script/dom1Yuri_O0728_0.mes,9,56,Kaidou,オレ様は夏休みに入ってから朝の<6E5C>ランニングを欠かしたことは<6E5C>ねーよ<485C>休んでたら世界最強の男には<6E5C>なれねーからな,,
dom1Yuri_O0728_0.mes,Script/dom1Yuri_O0728_0.mes,10,17,주인공,……おまえって根はマジメなんだな,,
dom1Yuri_O0728_0.mes,Script/dom1Yuri_O0728_0.mes,11,4,Kaidou,ハァ?,,
dom1Yuri_O0728_0.mes,Script/dom1Yuri_O0728_0.mes,12,49,주인공,いままで、ただのチャラい不良にし<6E5C>か思ってなかったけど、本当は努力<6E5C>家だったんだな……見直したよ,,
dom1Yuri_O0728_0.mes,Script/dom1Yuri_O0728_0.mes,13,13,Kaidou,バカにしてんのかテメー!,,
dom1Yuri_O0728_0.mes,Script/dom1Yuri_O0728_0.mes,14,24,주인공,見直してるって言ってんのに、<6E5C>なんで怒るんだよ,,
dom1Yuri_O0728_0.mes,Script/dom1Yuri_O0728_0.mes,15,42,Kaidou,……まぁいい.オレはこのまま走っ<6E5C>て道場に向かうぜ.おまえもいまか<6E5C>ら行くんだろ?,,
dom1Yuri_O0728_0.mes,Script/dom1Yuri_O0728_0.mes,16,3,주인공,あぁ,,
dom1Yuri_O0728_0.mes,Script/dom1Yuri_O0728_0.mes,17,15,Kaidou,じゃあ競争だ!遅れんなよぉ!,,
dom1Yuri_O0728_0.mes,Script/dom1Yuri_O0728_0.mes,18,15,주인공,あ、ちょっ……待てよてめー!,,
dom1Yuri_O0728_1.mes,Script/dom1Yuri_O0728_1.mes,0,41,Yuri,おはよ!海堂くん、<이름:3232>くん!<6E5C>稽古の前から走り込みなんて、<6E5C>ふたりとも感心感心!,,
dom1Yuri_O0728_1.mes,Script/dom1Yuri_O0728_1.mes,1,30,Kaidou,お早うございます、ユリ師範!<6E5C>今日もよろしくお願いします!,,
dom1Yuri_O0728_1.mes,Script/dom1Yuri_O0728_1.mes,2,27,주인공,おはよう……ぜぃ、ぜぃ……<6E5C>ございます……ぜぃ、ぜぃ,,
dom1Yuri_O0728_1.mes,Script/dom1Yuri_O0728_1.mes,3,29,Yuri,<이름:3232>くんは息が上がってるなー.<6E5C>もっと体力つけないとね!,,
dom1Yuri_O0728_1.mes,Script/dom1Yuri_O0728_1.mes,4,44,주인공,(くっそー!海堂に負けるなんて<6E5C>……俺ってメチャクチャ弱くなって<6E5C>るんじゃないか!?),,
dom1Yuri_O0728_1.mes,Script/dom1Yuri_O0728_1.mes,5,17,Yuri,じゃ、さっそく着替えて稽古開始!,,
dom1Yuri_O0728_1.mes,Script/dom1Yuri_O0728_1.mes,6,4,UNKNOWN_12,押忍!,,
dom1Yuri_O0728_1.mes,Script/dom1Yuri_O0728_1.mes,7,9,주인공,やぁっ!とぉっ!,,
dom1Yuri_O0728_1.mes,Script/dom1Yuri_O0728_1.mes,8,53,주인공,(……道着を着て道場で稽古してる<6E5C>と、なんだか精神が研ぎ澄まされる<6E5C>感じがするな<485C>この感じ、なつかしい),,
dom1Yuri_O0728_1.mes,Script/dom1Yuri_O0728_1.mes,9,13,Yuri,集中してるね、<이름:3232>くん!,,
dom1Yuri_O0728_1.mes,Script/dom1Yuri_O0728_1.mes,10,4,주인공,押忍!,,
dom1Yuri_O0728_1.mes,Script/dom1Yuri_O0728_1.mes,11,16,Yuri,見ててね、これがー!虎煌拳!!,,
dom1Yuri_O0728_1.mes,Script/dom1Yuri_O0728_1.mes,12,5,[효과음/내레이션],ゴオッ!,,
dom1Yuri_O0728_1.mes,Script/dom1Yuri_O0728_1.mes,13,8,주인공,す、すげえ……,,
dom1Yuri_O0728_1.mes,Script/dom1Yuri_O0728_1.mes,14,24,Yuri,拳を突き上げるように!<6E5C>ユリちょうアッパー!!,,
dom1Yuri_O0728_1.mes,Script/dom1Yuri_O0728_1.mes,15,5,[효과음/내레이션],ドカッ!,,
dom1Yuri_O0728_1.mes,Script/dom1Yuri_O0728_1.mes,16,5,주인공,おおっ!,,
dom1Yuri_O0728_1.mes,Script/dom1Yuri_O0728_1.mes,17,41,Yuri,本当は空牙って技なんだけどね.<6E5C>で、それを舞うように、すばやく!<6E5C>飛燕烈孔ー!!,,
dom1Yuri_O0728_1.mes,Script/dom1Yuri_O0728_1.mes,18,5,[효과음/내레이션],ガガッ!,,
dom1Yuri_O0728_1.mes,Script/dom1Yuri_O0728_1.mes,19,6,주인공,おおおっ!,,
dom1Yuri_O0728_1.mes,Script/dom1Yuri_O0728_1.mes,20,26,Yuri,連なる打撃は、極限流の真骨頂!!<6E5C>飛燕鳳凰脚ー!!,,
dom1Yuri_O0728_1.mes,Script/dom1Yuri_O0728_1.mes,21,8,[효과음/내레이션],ババババババ!,,
dom1Yuri_O0728_1.mes,Script/dom1Yuri_O0728_1.mes,22,8,주인공,おおおおっ!!,,
dom1Yuri_O0728_1.mes,Script/dom1Yuri_O0728_1.mes,23,13,Yuri,で、これがヒップアタック,,
dom1Yuri_O0728_1.mes,Script/dom1Yuri_O0728_1.mes,24,3,[효과음/내레이션],ビシ,,
dom1Yuri_O0728_1.mes,Script/dom1Yuri_O0728_1.mes,25,3,주인공,……,,
dom1Yuri_O0728_1.mes,Script/dom1Yuri_O0728_1.mes,26,29,Yuri,これも燕翼っていう立派な技だよ.<6E5C>ちゃんとゼンブ覚えてね,,
dom1Yuri_O0728_1.mes,Script/dom1Yuri_O0728_1.mes,27,26,주인공,ヒップアタックにも技の名前<6E5C>が…….奥が深いですね,,
dom1Yuri_O0728_1.mes,Script/dom1Yuri_O0728_1.mes,28,15,Yuri,じゃ、今度は<이름:3232>くんの番かな,,
dom1Yuri_O0728_1.mes,Script/dom1Yuri_O0728_1.mes,29,16,주인공,ええっ!?今の技はちょっと……,,
dom1Yuri_O0728_1.mes,Script/dom1Yuri_O0728_1.mes,30,44,Yuri,わかってる!極限流名物の氷柱<6E5C>割りかビール瓶切りをやって<6E5C>もらうッチ!どっちがいーい?,,
dom1Yuri_O0728_1.mes,Script/dom1Yuri_O0728_1.mes,31,13,주인공,な、なんですかそれは!?,,
dom1Yuri_O0728_1.mes,Script/dom1Yuri_O0728_1.mes,32,10,[선택지],氷柱割りビール瓶切り,,
dom1Yuri_O0728_1.mes,Script/dom1Yuri_O0728_1.mes,33,14,주인공,じゃ、じゃあ氷柱割りを……,,
dom1Yuri_O0728_1.mes,Script/dom1Yuri_O0728_1.mes,34,28,Yuri,オッケー!4枚の氷柱を積んだか<6E5C>ら思いっきり割るッチ!,,
dom1Yuri_O0728_1.mes,Script/dom1Yuri_O0728_1.mes,35,8,주인공,よ、よーし……,,
dom1Yuri_O0728_1.mes,Script/dom1Yuri_O0728_1.mes,36,6,[효과음/내레이션],バキィッ!,,
dom1Yuri_O0728_1.mes,Script/dom1Yuri_O0728_1.mes,37,6,주인공,いってー!,,
dom1Yuri_O0728_1.mes,Script/dom1Yuri_O0728_1.mes,38,28,Yuri,うーん、割れたのは2枚だけかぁ.<6E5C>まぁまぁってトコだね,,
dom1Yuri_O0728_1.mes,Script/dom1Yuri_O0728_1.mes,39,23,주인공,こ、こんなので集中力がわかるんで<6E5C>すか……?,,
dom1Yuri_O0728_1.mes,Script/dom1Yuri_O0728_1.mes,40,27,Yuri,まー、体力は強化されるッチ!<6E5C>どんどんがんばろうね!,,
dom1Yuri_O0728_1.mes,Script/dom1Yuri_O0728_1.mes,41,5,주인공,はぁ……,,
dom1Yuri_O0728_1.mes,Script/dom1Yuri_O0728_1.mes,42,16,주인공,じゃ、じゃあビール瓶切りを……,,
dom1Yuri_O0728_1.mes,Script/dom1Yuri_O0728_1.mes,43,31,Yuri,オッケー!5本のビール瓶を並べ<6E5C>たから、思いっきり切るッチ!,,
dom1Yuri_O0728_1.mes,Script/dom1Yuri_O0728_1.mes,44,8,주인공,よ、よーし……,,
dom1Yuri_O0728_1.mes,Script/dom1Yuri_O0728_1.mes,45,6,[효과음/내레이션],ビシィッ!,,
dom1Yuri_O0728_1.mes,Script/dom1Yuri_O0728_1.mes,46,6,주인공,いってー!,,
dom1Yuri_O0728_1.mes,Script/dom1Yuri_O0728_1.mes,47,28,Yuri,うーん、切れたのは2本だけかぁ.<6E5C>まぁまぁってトコだね,,
dom1Yuri_O0728_1.mes,Script/dom1Yuri_O0728_1.mes,48,23,주인공,こ、こんなので集中力がわかるんで<6E5C>すか……?,,
dom1Yuri_O0728_1.mes,Script/dom1Yuri_O0728_1.mes,49,26,Yuri,まー、気力は強化されるッチ!<6E5C>もっとがんばろうね!,,
dom1Yuri_O0728_1.mes,Script/dom1Yuri_O0728_1.mes,50,5,주인공,はぁ……,,
dom1Yuri_O0728_2.mes,Script/dom1Yuri_O0728_2.mes,0,22,Yuri,ヨシ、いまから休憩!<6E5C>ふたりともおつかれ~,,
dom1Yuri_O0728_2.mes,Script/dom1Yuri_O0728_2.mes,1,12,주인공,あぁ、やっと休憩かぁ~,,
dom1Yuri_O0728_2.mes,Script/dom1Yuri_O0728_2.mes,2,44,Yuri,アハハ、<이름:3232>くんはだいぶ疲れ<6E5C>たようだね.しっかりお昼ごはん<6E5C>食べて、また稽古しよーね,,
dom1Yuri_O0728_2.mes,Script/dom1Yuri_O0728_2.mes,3,21,주인공,お昼か……ユリさんはどうするんで<6E5C>すか?,,
dom1Yuri_O0728_2.mes,Script/dom1Yuri_O0728_2.mes,4,14,Yuri,あたしはお手製のカレーだよ,,
dom1Yuri_O0728_2.mes,Script/dom1Yuri_O0728_2.mes,5,7,주인공,カレーか……,,
dom1Yuri_O0728_2.mes,Script/dom1Yuri_O0728_2.mes,6,25,[선택지],俺も食べさせてください外でいっしょに食べませんか?,,
dom1Yuri_O0728_2.mes,Script/dom1Yuri_O0728_2.mes,7,23,주인공,俺も、ユリさんのカレー食べさせて<6E5C>ください!,,
dom1Yuri_O0728_2.mes,Script/dom1Yuri_O0728_2.mes,8,14,Yuri,え?お子様用のカレーだよ?,,
dom1Yuri_O0728_2.mes,Script/dom1Yuri_O0728_2.mes,9,8,주인공,食べたいです!,,
dom1Yuri_O0728_2.mes,Script/dom1Yuri_O0728_2.mes,10,20,Yuri,キャー、うれしいッチ!<6E5C>はい、どーぞ!,,
dom1Yuri_O0728_2.mes,Script/dom1Yuri_O0728_2.mes,11,10,주인공,じゃ、いただきます,,
dom1Yuri_O0728_2.mes,Script/dom1Yuri_O0728_2.mes,12,4,[효과음/내레이션],パクッ,,
dom1Yuri_O0728_2.mes,Script/dom1Yuri_O0728_2.mes,13,16,주인공,(う……メチャクチャ甘い……),,
dom1Yuri_O0728_2.mes,Script/dom1Yuri_O0728_2.mes,14,38,Yuri,ン~、あたしのカレーはいつ<6E5C>食べてもおいし~.<6E5C>カレーは甘口にかぎるよね?,,
dom1Yuri_O0728_2.mes,Script/dom1Yuri_O0728_2.mes,15,6,주인공,お、押忍!,,
dom1Yuri_O0728_2.mes,Script/dom1Yuri_O0728_2.mes,16,32,UNKNOWN_29,<0118><0000><0000><0000><0000><0000><003C><002E><0002>……よかったら外でいっしょに食べ<6E5C>ませんか?,,
dom1Yuri_O0728_2.mes,Script/dom1Yuri_O0728_2.mes,17,11,Yuri,が、がいしょくっ!?,,
dom1Yuri_O0728_2.mes,Script/dom1Yuri_O0728_2.mes,18,7,주인공,?<020A>はい……,,
dom1Yuri_O0728_2.mes,Script/dom1Yuri_O0728_2.mes,19,40,Yuri,そんなぜいたくする余裕ないよ~.<6E5C>気を使わないで、おいしーもの食べ<6E5C>てきなよ!,,
dom1Yuri_O0728_2.mes,Script/dom1Yuri_O0728_2.mes,20,8,주인공,……そうですか,,
dom1Yuri_O0728_3.mes,Script/dom1Yuri_O0728_3.mes,0,6,[효과음/내레이션],タッタッタ,,
dom1Yuri_O0728_3.mes,Script/dom1Yuri_O0728_3.mes,1,9,주인공,はっ、はっ、はっ,,
dom1Yuri_O0728_3.mes,Script/dom1Yuri_O0728_3.mes,2,6,[효과음/내레이션],タッタッタ,,
dom1Yuri_O0728_3.mes,Script/dom1Yuri_O0728_3.mes,3,33,주인공,(今日2度目のランニングか…….<6E5C>不思議と朝ほどしんどくないな),,
dom1Yuri_O0728_3.mes,Script/dom1Yuri_O0728_3.mes,4,6,Kaidou,おい、<이름:3131>,,
dom1Yuri_O0728_3.mes,Script/dom1Yuri_O0728_3.mes,5,21,주인공,なんだよ、走りながら話しかけてく<6E5C>るなよ,,
dom1Yuri_O0728_3.mes,Script/dom1Yuri_O0728_3.mes,6,31,Kaidou,オマエとふたりで外周なんて、<6E5C>しゃべらないとやってらんねーぜ,,
dom1Yuri_O0728_3.mes,Script/dom1Yuri_O0728_3.mes,7,4,주인공,まぁな,,
dom1Yuri_O0728_3.mes,Script/dom1Yuri_O0728_3.mes,8,30,Kaidou,まさかホントに極限流に入っちまう<6E5C>とはな…….意外だったぜ,,
dom1Yuri_O0728_3.mes,Script/dom1Yuri_O0728_3.mes,9,10,주인공,自分でもそう思うよ,,
dom1Yuri_O0728_3.mes,Script/dom1Yuri_O0728_3.mes,10,65,Kaidou,オマエ、どうせユリ師範が目当てで<6E5C>入ったんだろ?<485C>そういうよこしまな気持ちじゃ、<6E5C>ぜってー強くなれねぇぜ.<6E5C>あきらめたらどうだ?,,
dom1Yuri_O0728_3.mes,Script/dom1Yuri_O0728_3.mes,11,15,[선택지],そんなんじゃないよそうかもなぁ,,
dom1Yuri_O0728_3.mes,Script/dom1Yuri_O0728_3.mes,12,10,주인공,そんなんじゃないよ,,
dom1Yuri_O0728_3.mes,Script/dom1Yuri_O0728_3.mes,13,11,Kaidou,しらばっくれんなよ!,,
dom1Yuri_O0728_3.mes,Script/dom1Yuri_O0728_3.mes,14,24,주인공,……体をきたえなおしたいっていう<6E5C>のは本当だぜ,,
dom1Yuri_O0728_3.mes,Script/dom1Yuri_O0728_3.mes,15,63,Kaidou,フーン.まぁ、いまのままじゃ、<6E5C>オマエをライバルと見込んで修行を<6E5C>積んできたオレ様が<485C>かわいそうだからな.せいぜい<6E5C>がんばれ,,
dom1Yuri_O0728_3.mes,Script/dom1Yuri_O0728_3.mes,16,14,주인공,言われなくてもがんばるよ!,,
dom1Yuri_O0728_3.mes,Script/dom1Yuri_O0728_3.mes,17,7,주인공,そうかもなぁ,,
dom1Yuri_O0728_3.mes,Script/dom1Yuri_O0728_3.mes,18,22,Kaidou,やっぱりそうか!<6E5C>見上げた度胸だなテメー!,,
dom1Yuri_O0728_3.mes,Script/dom1Yuri_O0728_3.mes,19,15,주인공,でも強くなりたいのは本当だぜ,,
dom1Yuri_O0728_3.mes,Script/dom1Yuri_O0728_3.mes,20,15,Kaidou,ハッ.そんな魂胆じゃムリだな,,
dom1Yuri_O0728_3.mes,Script/dom1Yuri_O0728_3.mes,21,24,주인공,どーかな.そうやって見くびってる<6E5C>とケガするぞ,,
dom1Yuri_O0728_3.mes,Script/dom1Yuri_O0728_3.mes,22,21,Kaidou,どっから出てくるんだよ、<6E5C>その自信はよ!,,
dom1Yuri_O0728_3.mes,Script/dom1Yuri_O0728_3.mes,23,25,Yuri,コラ~!しゃべってないでちゃん<6E5C>と走りなさ~い!,,
dom1Yuri_O0728_3.mes,Script/dom1Yuri_O0728_3.mes,24,17,Kaidou,ヤベ、ユリ師範が追っかけてきたぞ,,
dom1Yuri_O0728_3.mes,Script/dom1Yuri_O0728_3.mes,25,17,주인공,だから話しかけるなって言ったのに,,
dom1Yuri_O0728_4.mes,Script/dom1Yuri_O0728_4.mes,0,27,Yuri,<이름:3232>くん!今日もがんばったね.<6E5C>気をつけて帰ってね!,,
dom1Yuri_O0728_4.mes,Script/dom1Yuri_O0728_4.mes,1,14,주인공,はい、明日もがんばります!,,
dom1Yuri_O0728_4.mes,Script/dom1Yuri_O0728_4.mes,2,16,Yuri,アハハ、明日は道場お休みだよっ,,
dom1Yuri_O0728_4.mes,Script/dom1Yuri_O0728_4.mes,3,9,주인공,あ、そうか水曜か,,
dom1Yuri_O0728_4.mes,Script/dom1Yuri_O0728_4.mes,4,19,Yuri,疲れたろうから、<6E5C>ゆっくり休みなよ!,,
dom1Yuri_O0728_4.mes,Script/dom1Yuri_O0728_4.mes,5,21,주인공,……ユリさんは、明日何してるん<6E5C>ですか?,,
dom1Yuri_O0728_4.mes,Script/dom1Yuri_O0728_4.mes,6,28,Yuri,朝はフィットネスクラブのバイト.<6E5C>昼からは予定ないけど,,
dom1Yuri_O0728_4.mes,Script/dom1Yuri_O0728_4.mes,7,14,주인공,そうですか……わかりました,,
dom1Yuri_O0728_4.mes,Script/dom1Yuri_O0728_4.mes,8,11,Yuri,じゃあね、おやすみ!,,
dom1Yuri_O0729_0.mes,Script/dom1Yuri_O0729_0.mes,0,6,[효과음/내레이션],タッタッタ,,
dom1Yuri_O0729_0.mes,Script/dom1Yuri_O0729_0.mes,1,9,주인공,はっ、はっ、はっ,,
dom1Yuri_O0729_0.mes,Script/dom1Yuri_O0729_0.mes,2,6,[효과음/내레이션],タッタッタ,,
dom1Yuri_O0729_0.mes,Script/dom1Yuri_O0729_0.mes,3,57,주인공,(道場が休みでも、こうやって道着<6E5C>着てランニングしてる俺って、<485C>なんてエライんだ……って<6E5C>感心してる場合じゃねぇ,,
dom1Yuri_O0729_0.mes,Script/dom1Yuri_O0729_0.mes,4,50,주인공,これぐらいしないと、俺ほんとうに<6E5C>弱くなってるからな.いつまでたっ<6E5C>てもユリさんに認められないぜ),,
dom1Yuri_O0729_0.mes,Script/dom1Yuri_O0729_0.mes,5,4,UNKNOWN_1c,先輩!,,
dom1Yuri_O0729_0.mes,Script/dom1Yuri_O0729_0.mes,6,3,주인공,ん?,,
dom1Yuri_O0729_0.mes,Script/dom1Yuri_O0729_0.mes,7,11,Kasumi,先輩……その格好……,,
dom1Yuri_O0729_0.mes,Script/dom1Yuri_O0729_0.mes,8,6,주인공,か、香澄!,,
dom1Yuri_O0729_0.mes,Script/dom1Yuri_O0729_0.mes,9,37,Kasumi,……信じられません.<6E5C>先輩が極限流に入ったという噂は<6E5C>本当だったのですか,,
dom1Yuri_O0729_0.mes,Script/dom1Yuri_O0729_0.mes,10,13,주인공,いや、まぁそうだけど……,,
dom1Yuri_O0729_0.mes,Script/dom1Yuri_O0729_0.mes,11,50,Kasumi,極限流がわたしの宿敵と知っての<6E5C>ことですか……<485C>先輩、いままでわたしのことを<6E5C>あざむいてたんですか,,
dom1Yuri_O0729_0.mes,Script/dom1Yuri_O0729_0.mes,12,28,Kasumi,同志だと思っていたのに、<6E5C>目標だとも思っていたのに……,,
dom1Yuri_O0729_0.mes,Script/dom1Yuri_O0729_0.mes,13,21,주인공,いやいや、それはその、なんて<6E5C>言うか……,,
dom1Yuri_O0729_0.mes,Script/dom1Yuri_O0729_0.mes,14,30,Kasumi,……極限流は父の仇.極限流の<6E5C>傘下のものはすべてわたしの敵,,
dom1Yuri_O0729_0.mes,Script/dom1Yuri_O0729_0.mes,15,26,Kasumi,……先輩とて例外ではない!<6E5C>この場で決着をつける!,,
dom1Yuri_O0729_0.mes,Script/dom1Yuri_O0729_0.mes,16,14,주인공,げぇ、口調が変わってる……,,
dom1Yuri_O0729_0.mes,Script/dom1Yuri_O0729_0.mes,17,11,Kasumi,覚悟……よろしいな!,,
dom1Yuri_O0729_0.mes,Script/dom1Yuri_O0729_0.mes,18,6,[선택지],戦う説得する,,
dom1Yuri_O0729_1.mes,Script/dom1Yuri_O0729_1.mes,0,60,주인공,香澄……たしかにおまえが<6E5C>ショックを受けるのも無理ないよ<485C>柔剣部にいながら、おまえに<6E5C>黙って極限流に入ったのは悪かった,,
dom1Yuri_O0729_1.mes,Script/dom1Yuri_O0729_1.mes,1,13,Kasumi,言い訳など閉きたくない!,,
dom1Yuri_O0729_1.mes,Script/dom1Yuri_O0729_1.mes,2,53,주인공,あぁ、おまえが言っても閉かない<6E5C>やつだってことは、先輩の俺が<6E5C>よく知ってる<485C>よし、来い!相手してやるぜ!,,
dom1Yuri_O0729_1.mes,Script/dom1Yuri_O0729_1.mes,3,14,Kasumi,その意気や良し!とぉーー!,,
dom1Yuri_O0729_1.mes,Script/dom1Yuri_O0729_1.mes,4,75,UNKNOWN_29,<0144><0000><0000><0000><0000><0018><000D><0002><0001><0000><0000><0000>:<0078><0002>香澄……たしかにおまえがショック<6E5C>を受けるのも無理ないよ<485C>柔剣部にいながら、おまえに<6E5C>黙って極限流に入ったのは悪かった,,
dom1Yuri_O0729_1.mes,Script/dom1Yuri_O0729_1.mes,5,13,Kasumi,言い訳など閉きたくない!,,
dom1Yuri_O0729_1.mes,Script/dom1Yuri_O0729_1.mes,6,21,주인공,待てよ!<6E5C>俺はおまえと戦いたくないんだ!,,
dom1Yuri_O0729_1.mes,Script/dom1Yuri_O0729_1.mes,7,15,Kasumi,えぇい、問答無用!とぉーー!,,
dom1Yuri_O0729_1.mes,Script/dom1Yuri_O0729_1.mes,8,8,주인공,ちょ、待っ……,,
dom1Yuri_O0729_1.mes,Script/dom1Yuri_O0729_1.mes,9,7,[효과음/내레이션],バシィッ!!,,
dom1Yuri_O0729_1.mes,Script/dom1Yuri_O0729_1.mes,10,5,[효과음/내레이션],…………,,
dom1Yuri_O0729_1.mes,Script/dom1Yuri_O0729_1.mes,11,3,주인공,!!,,
dom1Yuri_O0729_1.mes,Script/dom1Yuri_O0729_1.mes,12,8,Kasumi,お、お前は……,,
dom1Yuri_O0729_1.mes,Script/dom1Yuri_O0729_1.mes,13,6,주인공,ユリさん!,,
dom1Yuri_O0729_1.mes,Script/dom1Yuri_O0729_1.mes,14,15,Yuri,こんなところで何してるッチ?,,
dom1Yuri_O0729_1.mes,Script/dom1Yuri_O0729_1.mes,15,21,Kasumi,極限流の女…….<6E5C>えぇい、その手を離せ!,,
dom1Yuri_O0729_1.mes,Script/dom1Yuri_O0729_1.mes,16,28,Yuri,<이름:3232>くんはうちの大事な<6E5C>門下生よ.野試合は許してないの,,
dom1Yuri_O0729_1.mes,Script/dom1Yuri_O0729_1.mes,17,15,Kasumi,黙れ!父様を奪ったくせに……,,
dom1Yuri_O0729_1.mes,Script/dom1Yuri_O0729_1.mes,18,42,Yuri,お父さんが行方不明なのはかわいそ<6E5C>うだけど、それで周りが見えなく<6E5C>なっちゃダメだよ,,
dom1Yuri_O0729_1.mes,Script/dom1Yuri_O0729_1.mes,19,13,Kasumi,お前なんかに何がわかる!,,
dom1Yuri_O0729_1.mes,Script/dom1Yuri_O0729_1.mes,20,43,Yuri,親が突然いなくなっちゃうつらさは<6E5C>わかるよ.わたしも、小さい頃に<6E5C>母を亡くしてるから,,
dom1Yuri_O0729_1.mes,Script/dom1Yuri_O0729_1.mes,21,2,Kasumi,!,,
dom1Yuri_O0729_1.mes,Script/dom1Yuri_O0729_1.mes,22,5,주인공,…………,,
dom1Yuri_O0729_1.mes,Script/dom1Yuri_O0729_1.mes,23,43,Yuri,でも、ヤケになっちゃダメだよ.<6E5C>周りと自分を大事にしないと、<6E5C>どんどんつらくなるよ?,,
dom1Yuri_O0729_1.mes,Script/dom1Yuri_O0729_1.mes,24,5,Kasumi,…………,,
dom1Yuri_O0729_1.mes,Script/dom1Yuri_O0729_1.mes,25,7,주인공,ユリさん……,,
dom1Yuri_O0729_1.mes,Script/dom1Yuri_O0729_1.mes,26,49,Kasumi,……たしかに、今のわたしは少々取<6E5C>り乱していた.こんなところで先輩<6E5C>とやり合っても、無意味だ……,,
dom1Yuri_O0729_1.mes,Script/dom1Yuri_O0729_1.mes,27,5,주인공,香澄……,,
dom1Yuri_O0729_1.mes,Script/dom1Yuri_O0729_1.mes,28,44,Kasumi,でも極限流を許した訳じゃないぞ!<6E5C>積年の恨みは、正式に試合を申し<6E5C>込んで果たすからな!,,
dom1Yuri_O0729_1.mes,Script/dom1Yuri_O0729_1.mes,29,15,Yuri,正式な試合なら、大歓迎ッチ!,,
dom1Yuri_O0729_1.mes,Script/dom1Yuri_O0729_1.mes,30,14,Kasumi,約束だぞ.必ず闘うからな!,,
dom1Yuri_O0729_1.mes,Script/dom1Yuri_O0729_1.mes,31,7,Yuri,うん、約束ね,,
dom1Yuri_O0729_1.mes,Script/dom1Yuri_O0729_1.mes,32,22,Kasumi,絶対だぞ.<6E5C>逃げたりしたら承知しないからな,,
dom1Yuri_O0729_1.mes,Script/dom1Yuri_O0729_1.mes,33,9,Yuri,わかってるッチ!,,
dom1Yuri_O0729_1.mes,Script/dom1Yuri_O0729_1.mes,34,8,Kasumi,絶対の絶対だぞ,,
dom1Yuri_O0729_1.mes,Script/dom1Yuri_O0729_1.mes,35,5,Yuri,…………,,
dom1Yuri_O0729_1.mes,Script/dom1Yuri_O0729_1.mes,36,11,Kasumi,今度会ったときは……,,
dom1Yuri_O0729_1.mes,Script/dom1Yuri_O0729_1.mes,37,11,주인공,おまえ、しつこいぞ!,,
dom1Yuri_O0729_1.mes,Script/dom1Yuri_O0729_1.mes,38,17,Kasumi,……じゃあ、その時までさらばだ!,,
dom1Yuri_O0729_1.mes,Script/dom1Yuri_O0729_1.mes,39,8,[효과음/내레이션],タッタッタ……,,
dom1Yuri_O0729_1.mes,Script/dom1Yuri_O0729_1.mes,40,11,Yuri,……フフ、面白い子!,,
dom1Yuri_O0729_1.mes,Script/dom1Yuri_O0729_1.mes,41,5,주인공,…………,,
dom1Yuri_O0729_2.mes,Script/dom1Yuri_O0729_2.mes,0,47,주인공,(……あぁ、俺ってなんて情けな<6E5C>いんだろう…….香澄からまで、<6E5C>ユリさんに守ってもらって……,,
dom1Yuri_O0729_2.mes,Script/dom1Yuri_O0729_2.mes,1,12,주인공,何やってんだ、俺……),,
dom1Yuri_O0729_2.mes,Script/dom1Yuri_O0729_2.mes,2,12,Yuri,どうしたの?暗い顔して,,
dom1Yuri_O0729_2.mes,Script/dom1Yuri_O0729_2.mes,3,36,주인공,ユリさん…….<6E5C>その、すいませんでした.<6E5C>変な騒ぎに巻き込んでしまって,,
dom1Yuri_O0729_2.mes,Script/dom1Yuri_O0729_2.mes,4,40,Yuri,気にすることないッチ!あの子が<6E5C>極限流に恨みがあるの、<6E5C>前から知ってたことだし,,
dom1Yuri_O0729_2.mes,Script/dom1Yuri_O0729_2.mes,5,5,주인공,でも……,,
dom1Yuri_O0729_2.mes,Script/dom1Yuri_O0729_2.mes,6,55,Yuri,……家族が突然いなくなるって、<6E5C>つらいよね……<485C>何かにあたらないと<6E5C>やってられないよね……あたしも<6E5C>わかるよ,,
dom1Yuri_O0729_2.mes,Script/dom1Yuri_O0729_2.mes,7,5,주인공,…………,,
dom1Yuri_O0729_2.mes,Script/dom1Yuri_O0729_2.mes,8,50,Yuri,あっ、ごめん!ちょっとむかしのこ<6E5C>と思い出しちゃった.今はぜんぜん<6E5C>悲しくないから、気にしないで!,,
dom1Yuri_O0729_2.mes,Script/dom1Yuri_O0729_2.mes,9,17,[선택지],無理しないでください俺がいますよ!,,
dom1Yuri_O0729_2.mes,Script/dom1Yuri_O0729_2.mes,10,12,주인공,無理しないでください!,,
dom1Yuri_O0729_2.mes,Script/dom1Yuri_O0729_2.mes,11,3,Yuri,え?,,
dom1Yuri_O0729_2.mes,Script/dom1Yuri_O0729_2.mes,12,89,주인공,母親を亡くすなんて、<6E5C>つらくてあたりまえですよ<485C>月日で悲しみが薄れていっても、<6E5C>けっして無くなるもんじゃ<6E5C>ないと思います<485C>……大人になったって、思いきり<6E5C>悲しんでもいいんですよ,,
dom1Yuri_O0729_2.mes,Script/dom1Yuri_O0729_2.mes,13,7,Yuri,<이름:3232>くん……,,
dom1Yuri_O0729_2.mes,Script/dom1Yuri_O0729_2.mes,14,32,주인공,……なんて、わからない俺が言えた<6E5C>セリフじゃないですけどね……,,
dom1Yuri_O0729_2.mes,Script/dom1Yuri_O0729_2.mes,15,33,Yuri,……ううん.ありがとう、そんな風<6E5C>に言ってくれて.うれしいよ……,,
dom1Yuri_O0729_2.mes,Script/dom1Yuri_O0729_2.mes,16,8,주인공,俺がいますよ!,,
dom1Yuri_O0729_2.mes,Script/dom1Yuri_O0729_2.mes,17,3,Yuri,え?,,
dom1Yuri_O0729_2.mes,Script/dom1Yuri_O0729_2.mes,18,69,주인공,悲しいなんて、さみしいなんて<6E5C>思わないでください!<485C>俺がユリさんのそばにいます<6E5C>から!その……お母さんの代わり<6E5C>にはなれないですけど……,,
dom1Yuri_O0729_2.mes,Script/dom1Yuri_O0729_2.mes,19,5,Yuri,…………,,
dom1Yuri_O0729_2.mes,Script/dom1Yuri_O0729_2.mes,20,4,주인공,……?,,
dom1Yuri_O0729_2.mes,Script/dom1Yuri_O0729_2.mes,21,7,Yuri,アハハハハ!,,
dom1Yuri_O0729_2.mes,Script/dom1Yuri_O0729_2.mes,22,13,주인공,な、なんで笑うんですか?,,
dom1Yuri_O0729_2.mes,Script/dom1Yuri_O0729_2.mes,23,26,Yuri,ごめんごめん、いや、すごい真剣な<6E5C>顔で言うから……,,
dom1Yuri_O0729_2.mes,Script/dom1Yuri_O0729_2.mes,24,9,주인공,俺は真剣ですよ!,,
dom1Yuri_O0729_2.mes,Script/dom1Yuri_O0729_2.mes,25,41,Yuri,ごめん!ちがうの、うれしいの、<6E5C>そんな風に言ってくれて.<6E5C>ありがとう、<이름:3232>くん!,,
dom1Yuri_O0729_3.mes,Script/dom1Yuri_O0729_3.mes,0,35,Yuri,……<이름:3232>くんは優しいいい子<6E5C>だね.<이름:3232>くんと知り合えて、<6E5C>良かったな,,
dom1Yuri_O0729_3.mes,Script/dom1Yuri_O0729_3.mes,1,17,주인공,……子供あつかいしないでください,,
dom1Yuri_O0729_3.mes,Script/dom1Yuri_O0729_3.mes,2,38,Yuri,そういう意味じゃないよ!<6E5C>……じゃあ、あたし夕飯の用意が<6E5C>あるから、帰るね,,
dom1Yuri_O0729_3.mes,Script/dom1Yuri_O0729_3.mes,3,11,주인공,はい.明日また道場で,,
dom1Yuri_O0729_3.mes,Script/dom1Yuri_O0729_3.mes,4,16,Yuri,あたし、明日は道場にいないんだ,,
dom1Yuri_O0729_3.mes,Script/dom1Yuri_O0729_3.mes,5,3,주인공,え?,,
dom1Yuri_O0729_3.mes,Script/dom1Yuri_O0729_3.mes,6,37,Yuri,明日は父が指導する日なの.<6E5C><이름:3232>くん、父の指導受ける?<6E5C>……まだ早いかな,,
dom1Yuri_O0729_3.mes,Script/dom1Yuri_O0729_3.mes,7,5,주인공,…………,,
dom1Yuri_O0729_3.mes,Script/dom1Yuri_O0729_3.mes,8,21,[선택지],お父様にご挨拶しますユリさんとデートします,,
dom1Yuri_O0729_3.mes,Script/dom1Yuri_O0729_3.mes,9,14,주인공,お、お父様にご挨拶します!,,
dom1Yuri_O0729_3.mes,Script/dom1Yuri_O0729_3.mes,10,7,Yuri,ごあいさつ?,,
dom1Yuri_O0729_3.mes,Script/dom1Yuri_O0729_3.mes,11,33,주인공,門下生となったのだから、やはり師<6E5C>匠には挨拶をしておかないと……,,
dom1Yuri_O0729_3.mes,Script/dom1Yuri_O0729_3.mes,12,41,Yuri,あー、そんなのしなくていいよ、<6E5C>あんな空手バカに!<6E5C>それより<이름:3232>くん、遊ぼっか?,,
dom1Yuri_O0729_3.mes,Script/dom1Yuri_O0729_3.mes,13,4,주인공,え!?,,
dom1Yuri_O0729_3.mes,Script/dom1Yuri_O0729_3.mes,14,33,Yuri,せっかくだからさ.このまえも<6E5C>ジャマされて遊べなかったし.<6E5C>ね?,,
dom1Yuri_O0729_3.mes,Script/dom1Yuri_O0729_3.mes,15,12,주인공,は、はい、よろこんで!,,
dom1Yuri_O0729_3.mes,Script/dom1Yuri_O0729_3.mes,16,24,UNKNOWN_29,「<0000><0000><0000><0000><0000><002C><001E><0002>俺、ユリさんとデートします!,,
dom1Yuri_O0729_3.mes,Script/dom1Yuri_O0729_3.mes,17,3,Yuri,へ?,,
dom1Yuri_O0729_3.mes,Script/dom1Yuri_O0729_3.mes,18,45,주인공,このまえはジャマが入ったし、俺、<6E5C>ちゃんとユリさんとデートしたいで<6E5C>す.そうしましょう!,,
dom1Yuri_O0729_3.mes,Script/dom1Yuri_O0729_3.mes,19,21,Yuri,<이름:3232>くん……まじめに空手やる<6E5C>気ないの?,,
dom1Yuri_O0729_3.mes,Script/dom1Yuri_O0729_3.mes,20,13,주인공,え!そ、そんなことは……,,
dom1Yuri_O0729_3.mes,Script/dom1Yuri_O0729_3.mes,21,21,Yuri,なんてね.いいよ.<6E5C>思いっきり遊ぶッチ!,,
dom1Yuri_O0729_3.mes,Script/dom1Yuri_O0729_3.mes,22,5,주인공,やった!,,
dom1Yuri_O0729_4.mes,Script/dom1Yuri_O0729_4.mes,0,6,[효과음/내레이션],タッタッタ,,
dom1Yuri_O0729_4.mes,Script/dom1Yuri_O0729_4.mes,1,9,주인공,はっ、はっ、はっ,,
dom1Yuri_O0729_4.mes,Script/dom1Yuri_O0729_4.mes,2,6,[효과음/내레이션],タッタッタ,,
dom1Yuri_O0729_4.mes,Script/dom1Yuri_O0729_4.mes,3,65,주인공,(……はぁ.はりきって夜まで<6E5C>ランニングしちゃう俺って、<6E5C>なんてエライんだ<485C>ユリさんと出会ってから、<6E5C>どんどん活気がわいてくるな,,
dom1Yuri_O0729_4.mes,Script/dom1Yuri_O0729_4.mes,4,62,주인공,……動機は不純かもしれないけど…<6E5C>…でも、稽古がぜんぜん苦じゃ<6E5C>ない<485C>汗をかくのが気持ちいいなんて<6E5C>感覚、久しぶりだ……),,
dom1Yuri_O0729_4.mes,Script/dom1Yuri_O0729_4.mes,5,23,주인공,あ、道場だ.こんなとこまで走って<6E5C>きちまった,,
dom1Yuri_O0729_4.mes,Script/dom1Yuri_O0729_4.mes,6,31,주인공,(今頃、家族3人でごはんでも食べ<6E5C>てんのかな、ユリさん……),,
dom1Yuri_O0729_4.mes,Script/dom1Yuri_O0729_4.mes,7,11,주인공,ん?なんだ、あの人影,,
dom1Yuri_O0729_4.mes,Script/dom1Yuri_O0729_4.mes,8,5,[효과음/내레이션],…………,,
dom1Yuri_O0729_4.mes,Script/dom1Yuri_O0729_4.mes,9,46,주인공,(……大柄な男が、道場の中をのぞ<6E5C>いてるような…….ちがうか、ただ<6E5C>通り過ぎただけか……),,
dom1Yuri_O0730_0.mes,Script/dom1Yuri_O0730_0.mes,0,66,주인공,(……今日はちゃんとユリさんを<6E5C>引っ張っていかないとな……<485C>いつも引っ張られっぱなし<6E5C>だからな、俺.男らしいところを<6E5C>見せよう!),,
dom1Yuri_O0730_0.mes,Script/dom1Yuri_O0730_0.mes,1,6,Yuri,<이름:3232>くーん,,
dom1Yuri_O0730_0.mes,Script/dom1Yuri_O0730_0.mes,2,7,주인공,あ、ユリさん,,
dom1Yuri_O0730_0.mes,Script/dom1Yuri_O0730_0.mes,3,10,Yuri,おまたせ.待った?,,
dom1Yuri_O0730_0.mes,Script/dom1Yuri_O0730_0.mes,4,24,주인공,いえ!……今日もその服装で来て<6E5C>くれたんですね,,
dom1Yuri_O0730_0.mes,Script/dom1Yuri_O0730_0.mes,5,22,Yuri,うん、たまにはね.……おかしくな<6E5C>いかな?,,
dom1Yuri_O0730_0.mes,Script/dom1Yuri_O0730_0.mes,6,13,주인공,すごく似合ってますって!,,
dom1Yuri_O0730_0.mes,Script/dom1Yuri_O0730_0.mes,7,14,Yuri,フフ……なんか照れくさいな,,
dom1Yuri_O0730_0.mes,Script/dom1Yuri_O0730_0.mes,8,23,[선택지],可愛いワンピースですねきれいなイヤリングですね,,
dom1Yuri_O0730_0.mes,Script/dom1Yuri_O0730_0.mes,9,12,주인공,可愛いワンピースですね,,
dom1Yuri_O0730_0.mes,Script/dom1Yuri_O0730_0.mes,10,27,Yuri,そぅ……?スカートってはきなれ<6E5C>ないから歩きにくいな,,
dom1Yuri_O0730_0.mes,Script/dom1Yuri_O0730_0.mes,11,21,주인공,こけそうになったら俺が支えてあげ<6E5C>ますよ,,
dom1Yuri_O0730_0.mes,Script/dom1Yuri_O0730_0.mes,12,11,Yuri,そんなドジしないよ!,,
dom1Yuri_O0730_0.mes,Script/dom1Yuri_O0730_0.mes,13,22,UNKNOWN_29,Z<0000><0000><0000><0000><0000><0028><001A><0002>きれいなイヤリングですね,,
dom1Yuri_O0730_0.mes,Script/dom1Yuri_O0730_0.mes,14,11,Yuri,え……ほんとうっ!?,,
dom1Yuri_O0730_0.mes,Script/dom1Yuri_O0730_0.mes,15,5,주인공,?<020A>えぇ,,
dom1Yuri_O0730_0.mes,Script/dom1Yuri_O0730_0.mes,16,42,Yuri,……これ、ママがつけてたイヤリン<6E5C>グなんだ…….あたしの宝物なの.<6E5C>……うれしいな,,
dom1Yuri_O0730_0.mes,Script/dom1Yuri_O0730_0.mes,17,26,주인공,そうなんですか!……素敵なお母<6E5C>さんだったんですね,,
dom1Yuri_O0730_0.mes,Script/dom1Yuri_O0730_0.mes,18,9,Yuri,……ありがとう!,,
dom1Yuri_O0730_1.mes,Script/dom1Yuri_O0730_1.mes,0,47,주인공,ユリさん、遊びましょう!今日は<6E5C>道場のことも家計のことも忘れて、<6E5C>思いきりはしゃぎましょう!,,
dom1Yuri_O0730_1.mes,Script/dom1Yuri_O0730_1.mes,1,5,Yuri,うん……,,
dom1Yuri_O0730_1.mes,Script/dom1Yuri_O0730_1.mes,2,35,주인공,ルールは俺が教えますよ.<6E5C>ゲームなんてあまりやったこと<6E5C>ないでしょ?,,
dom1Yuri_O0730_1.mes,Script/dom1Yuri_O0730_1.mes,3,5,Yuri,うん……,,
dom1Yuri_O0730_1.mes,Script/dom1Yuri_O0730_1.mes,4,28,주인공,……どうしたんですか?<6E5C>ゲームセンター、嫌いでしたか?,,
dom1Yuri_O0730_1.mes,Script/dom1Yuri_O0730_1.mes,5,25,Yuri,う、ううん、そんなことないよ!<6E5C>やり方、教えて?,,
dom1Yuri_O0730_1.mes,Script/dom1Yuri_O0730_1.mes,6,5,주인공,あ、はい,,
dom1Yuri_O0730_1.mes,Script/dom1Yuri_O0730_1.mes,7,31,주인공,(……どうしたのかな.いつもの<6E5C>元気がないみたいだけど……),,
dom1Yuri_O0730_1.mes,Script/dom1Yuri_O0730_1.mes,8,17,Yuri,わ、これ面白いね.対戦できるの?,,
dom1Yuri_O0730_1.mes,Script/dom1Yuri_O0730_1.mes,9,24,주인공,もちろん!じゃあユリさん、<6E5C>俺と対戦しましょう,,
dom1Yuri_O0730_1.mes,Script/dom1Yuri_O0730_1.mes,10,32,Yuri,ヨーシ、バビッとやっつけちゃ……<6E5C>ホホ、ゆっくり楽しみましょう,,
dom1Yuri_O0730_1.mes,Script/dom1Yuri_O0730_1.mes,11,3,주인공,??,,
dom1Yuri_O0730_2.mes,Script/dom1Yuri_O0730_2.mes,0,42,주인공,……さて、ゲームもしたしカラオケ<6E5C>にも行ったし、次はどこに行きま<6E5C>しょう、ユリさん,,
dom1Yuri_O0730_2.mes,Script/dom1Yuri_O0730_2.mes,1,26,Yuri,そぅねぇ……静かな喫茶店でお茶で<6E5C>も飲みましょうか,,
dom1Yuri_O0730_2.mes,Script/dom1Yuri_O0730_2.mes,2,5,주인공,…………,,
dom1Yuri_O0730_2.mes,Script/dom1Yuri_O0730_2.mes,3,7,Yuri,どうしたの?,,
dom1Yuri_O0730_2.mes,Script/dom1Yuri_O0730_2.mes,4,9,주인공,……ユリさん……,,
dom1Yuri_O0730_2.mes,Script/dom1Yuri_O0730_2.mes,5,29,[선택지],変なものでも食べたんですか?俺といるの楽しくないんですか?,,
dom1Yuri_O0730_2.mes,Script/dom1Yuri_O0730_2.mes,6,15,주인공,変なものでも食べたんですか?,,
dom1Yuri_O0730_2.mes,Script/dom1Yuri_O0730_2.mes,7,4,Yuri,えぇ?,,
dom1Yuri_O0730_2.mes,Script/dom1Yuri_O0730_2.mes,8,48,주인공,……今日のユリさんおかしいです.<6E5C>ずっと上の空です.お腹が痛いんで<6E5C>しょう?正直に言って下さい,,
dom1Yuri_O0730_2.mes,Script/dom1Yuri_O0730_2.mes,9,5,Yuri,…………,,
dom1Yuri_O0730_2.mes,Script/dom1Yuri_O0730_2.mes,10,2,주인공,?,,
dom1Yuri_O0730_2.mes,Script/dom1Yuri_O0730_2.mes,11,5,Yuri,バカー!,,
dom1Yuri_O0730_2.mes,Script/dom1Yuri_O0730_2.mes,12,3,주인공,!?,,
dom1Yuri_O0730_2.mes,Script/dom1Yuri_O0730_2.mes,13,16,주인공,俺といるの楽しくないんですか?,,
dom1Yuri_O0730_2.mes,Script/dom1Yuri_O0730_2.mes,14,4,Yuri,えぇ?,,
dom1Yuri_O0730_2.mes,Script/dom1Yuri_O0730_2.mes,15,53,주인공,……今日のユリさんおかしいです.<6E5C>ずっと上の空です<485C>俺がつまんないやつだから<6E5C>ですよね.ごめんなさい……,,
dom1Yuri_O0730_2.mes,Script/dom1Yuri_O0730_2.mes,16,8,Yuri,ち、ちがうよ!,,
dom1Yuri_O0730_2.mes,Script/dom1Yuri_O0730_2.mes,17,16,주인공,いいんですよ、無理しなくて……,,
dom1Yuri_O0730_2.mes,Script/dom1Yuri_O0730_2.mes,18,14,Yuri,もぉ、ちがうッチーーー!!,,
dom1Yuri_O0730_2.mes,Script/dom1Yuri_O0730_2.mes,19,3,주인공,!?,,
dom1Yuri_O0730_2.mes,Script/dom1Yuri_O0730_2.mes,20,28,Yuri,……あたし、あたし、ずっと空手<6E5C>ばかりしてたんだもん!,,
dom1Yuri_O0730_2.mes,Script/dom1Yuri_O0730_2.mes,21,3,주인공,え?,,
dom1Yuri_O0730_2.mes,Script/dom1Yuri_O0730_2.mes,22,31,Yuri,汗くさいお父さんとお兄ちゃんに<6E5C>囲まれて生活してたんだもん!,,
dom1Yuri_O0730_2.mes,Script/dom1Yuri_O0730_2.mes,23,5,주인공,は、はい,,
dom1Yuri_O0730_2.mes,Script/dom1Yuri_O0730_2.mes,24,32,Yuri,ずっと貧乏だったし……オシャレ<6E5C>なんてしたことなかったんだもの,,
dom1Yuri_O0730_2.mes,Script/dom1Yuri_O0730_2.mes,25,5,주인공,…………,,
dom1Yuri_O0730_2.mes,Script/dom1Yuri_O0730_2.mes,26,80,Yuri,女らしいことなんて、何ひとつでき<6E5C>なかったもの.デートだってわから<6E5C>なくて……<485C>だからこの前も、<이름:3232>くんと<6E5C>ふたりっきりだったのにケンカ腰に<6E5C>なっちゃって……,,
dom1Yuri_O0730_2.mes,Script/dom1Yuri_O0730_2.mes,27,5,주인공,…………,,
dom1Yuri_O0730_2.mes,Script/dom1Yuri_O0730_2.mes,28,51,Yuri,……今度はちゃんと女らしくしない<6E5C>といけないって思ったんだ.おとな<6E5C>しく、おとなしくしないとって……,,
dom1Yuri_O0730_2.mes,Script/dom1Yuri_O0730_2.mes,29,5,주인공,…………,,
dom1Yuri_O0730_3.mes,Script/dom1Yuri_O0730_3.mes,0,75,주인공,(俺はいつも元気なユリさんが好き<6E5C>だから、自転車で俺のことハネ<6E5C>たり、簡単に男をブッ飛ばし<485C>ちゃうユリさんが好きだから<6E5C>デートを申し込んだのに……),,
dom1Yuri_O0730_3.mes,Script/dom1Yuri_O0730_3.mes,1,41,주인공,(それをうまく言葉にできない<6E5C>まま、ふたりきりの時間も<6E5C>終わろうとしている……),,
dom1Yuri_O0730_3.mes,Script/dom1Yuri_O0730_3.mes,2,24,Yuri,あぁ、もぅこんな時間.夕ごはんの<6E5C>支度しなきゃ,,
dom1Yuri_O0730_3.mes,Script/dom1Yuri_O0730_3.mes,3,16,주인공,そうですね.道場まで送りますよ,,
dom1Yuri_O0730_3.mes,Script/dom1Yuri_O0730_3.mes,4,6,Yuri,ありがとう,,
dom1Yuri_O0730_3.mes,Script/dom1Yuri_O0730_3.mes,5,4,UNKNOWN_1a,<이름:3131>~,,
dom1Yuri_O0730_3.mes,Script/dom1Yuri_O0730_3.mes,6,3,주인공,!?,,
dom1Yuri_O0730_3.mes,Script/dom1Yuri_O0730_3.mes,7,17,Kaidou,道場にも来ないでナニやってんだよ,,
dom1Yuri_O0730_3.mes,Script/dom1Yuri_O0730_3.mes,8,24,주인공,か、海堂…….今日おまえは師匠の<6E5C>稽古じゃ……,,
dom1Yuri_O0730_3.mes,Script/dom1Yuri_O0730_3.mes,9,54,Kaidou,師匠なら、さっき急に「用事が<6E5C>できた」ってサウスタウンの道場へ<6E5C>飛んで行っちまったぜ<485C>夜の稽古はおあずけだ,,
dom1Yuri_O0730_3.mes,Script/dom1Yuri_O0730_3.mes,10,6,주인공,そうか……,,
dom1Yuri_O0730_3.mes,Script/dom1Yuri_O0730_3.mes,11,37,Kaidou,そういうオマエは女連れでサボリ<6E5C>じゃねーか.<6E5C>ユリ師範に言いつけんぞぉ?,,
dom1Yuri_O0730_3.mes,Script/dom1Yuri_O0730_3.mes,12,13,주인공,……やっぱりわかんねーか,,
dom1Yuri_O0730_3.mes,Script/dom1Yuri_O0730_3.mes,13,4,Kaidou,ハァ?,,
dom1Yuri_O0730_3.mes,Script/dom1Yuri_O0730_3.mes,14,45,Yuri,お父さん、あたしに何も言わないで<6E5C>サウスタウンに行っちゃったの?<6E5C>もぉ、勝手なんだから!,,
dom1Yuri_O0730_3.mes,Script/dom1Yuri_O0730_3.mes,15,9,Kaidou,……その声は……,,
dom1Yuri_O0730_3.mes,Script/dom1Yuri_O0730_3.mes,16,14,Yuri,海堂くん、稽古お疲れさま!,,
dom1Yuri_O0730_3.mes,Script/dom1Yuri_O0730_3.mes,17,23,Kaidou,ユリ師範?そ、そのカッコウは?<6E5C>なぜ<이름:3131>と?,,
dom1Yuri_O0730_3.mes,Script/dom1Yuri_O0730_3.mes,18,10,주인공,まぁそーゆーことだ,,
dom1Yuri_O0730_3.mes,Script/dom1Yuri_O0730_3.mes,19,25,Kaidou,テ、テメェ~、極限流の風上にも<6E5C>置けんヤツめ……,,
dom1Yuri_O0730_3.mes,Script/dom1Yuri_O0730_3.mes,20,39,Yuri,?<020A><이름:3232>くんと海堂くんはいつも<6E5C>仲良いね!じゃ、あたしはひとりで<6E5C>帰るから!,,
dom1Yuri_O0730_3.mes,Script/dom1Yuri_O0730_3.mes,21,7,주인공,送りますよ!,,
dom1Yuri_O0730_3.mes,Script/dom1Yuri_O0730_3.mes,22,15,Kaidou,テメーはオレと話があんだよ!,,
dom1Yuri_O0730_3.mes,Script/dom1Yuri_O0730_3.mes,23,40,Yuri,ひとりで帰れるから、<6E5C>だいじょうぶッチ!ふたりとも、<6E5C>明日道場でね!バイバイ!,,
dom1Yuri_O0730_3.mes,Script/dom1Yuri_O0730_3.mes,24,9,주인공,あ、ユリさん……,,
dom1Yuri_O0730_3.mes,Script/dom1Yuri_O0730_3.mes,25,34,Kaidou,コラ、テメー!やっぱりユリ師範狙<6E5C>いで極限流に入りやがったなぁ!?,,
dom1Yuri_O0730_3.mes,Script/dom1Yuri_O0730_3.mes,26,30,주인공,あまり否定はできないが……稽古は<6E5C>まじめにやる.だから許せ,,
dom1Yuri_O0730_3.mes,Script/dom1Yuri_O0730_3.mes,27,27,Kaidou,ンなふざけたヤツが道場にいると<6E5C>目ざわりなんだよォ!,,
dom1Yuri_O0730_3.mes,Script/dom1Yuri_O0730_3.mes,28,10,주인공,って言われても……,,
dom1Yuri_O0730_3.mes,Script/dom1Yuri_O0730_3.mes,29,7,Yuri,キャーーー!,,
dom1Yuri_O0730_3.mes,Script/dom1Yuri_O0730_3.mes,30,2,UNKNOWN_12,!,,
dom1Yuri_O0730_3.mes,Script/dom1Yuri_O0730_3.mes,31,7,주인공,ユリさん!?,,
dom1Yuri_O0730_3.mes,Script/dom1Yuri_O0730_3.mes,32,12,Kaidou,なんだ?あの黒い車……,,
dom1Yuri_O0730_3.mes,Script/dom1Yuri_O0730_3.mes,33,8,[효과음/내레이션],ブロロロロ……,,
dom1Yuri_O0730_3.mes,Script/dom1Yuri_O0730_3.mes,34,33,주인공,お、おい!あの車に押し込まれて<6E5C>たの、ユリさんじゃなかったか!?,,
dom1Yuri_O0730_3.mes,Script/dom1Yuri_O0730_3.mes,35,26,Kaidou,あぁ、一瞬しか見えなかったがユリ<6E5C>師範だ!追うぞ!,,
dom1Yuri_O0730_3.mes,Script/dom1Yuri_O0730_3.mes,36,8,[효과음/내레이션],ダダダダダ……,,
dom1Yuri_O0730_3.mes,Script/dom1Yuri_O0730_3.mes,37,24,주인공,……ダメだ.追いつくわけねぇ.<6E5C>見失っちまった,,
dom1Yuri_O0730_3.mes,Script/dom1Yuri_O0730_3.mes,38,29,Kaidou,クソッ.いったいどーなってんだ…<6E5C>…なんでユリ師範が……,,
dom1Yuri_O0730_3.mes,Script/dom1Yuri_O0730_3.mes,39,32,주인공,とにかく一度、道場に行こう!<6E5C>このことをみんなに知らせないと!,,
dom1Yuri_O0730_3.mes,Script/dom1Yuri_O0730_3.mes,40,5,Kaidou,あぁ!!,,
dom1Yuri_O0730_4.mes,Script/dom1Yuri_O0730_4.mes,0,4,[효과음/내레이션],バン!,,
dom1Yuri_O0730_4.mes,Script/dom1Yuri_O0730_4.mes,1,13,주인공,大変だ!誰かいないか!?,,
dom1Yuri_O0730_4.mes,Script/dom1Yuri_O0730_4.mes,2,21,UNKNOWN_30,あれ、<이름:3131>さんと海堂先輩<6E5C>じゃないですか,,
dom1Yuri_O0730_4.mes,Script/dom1Yuri_O0730_4.mes,3,28,주인공,道場に残ってるのは君だけか?<6E5C>ユリさんのお兄さんは!?,,
dom1Yuri_O0730_4.mes,Script/dom1Yuri_O0730_4.mes,4,36,UNKNOWN_30,お兄さんは師匠といっしょに<6E5C>サウスタウンですよ.<6E5C>どうかしたんですか?,,
dom1Yuri_O0730_4.mes,Script/dom1Yuri_O0730_4.mes,5,28,Kaidou,ヤベェな……こんなときに師匠も<6E5C>師範もいないなんて……,,
dom1Yuri_O0730_4.mes,Script/dom1Yuri_O0730_4.mes,6,39,주인공,ユリさんが何者かにさらわれたん<6E5C>だ!何か、変な電話がかかってこな<6E5C>かったか?,,
dom1Yuri_O0730_4.mes,Script/dom1Yuri_O0730_4.mes,7,48,UNKNOWN_30,いえ、僕は掃除当番で残ってただけ<6E5C>で…….でも、そういえば白い封筒<6E5C>が扉の下にはさまってました,,
dom1Yuri_O0730_4.mes,Script/dom1Yuri_O0730_4.mes,8,12,Kaidou,なんだとぉ!?どれだ!,,
dom1Yuri_O0730_4.mes,Script/dom1Yuri_O0730_4.mes,9,6,[효과음/내레이션],ガサガサッ,,
dom1Yuri_O0730_4.mes,Script/dom1Yuri_O0730_4.mes,10,51,[효과음/내레이션],娘はあずかった.返してほしくば明<6E5C>日の朝、道場の権利書を持って北の<6E5C><9C18>工場に来い.<020A><020A><020A>M<.ビッグ,,
dom1Yuri_O0730_4.mes,Script/dom1Yuri_O0730_4.mes,11,11,주인공,……どういうことだ?,,
dom1Yuri_O0730_4.mes,Script/dom1Yuri_O0730_4.mes,12,21,Kaidou,ビッグ……この町の裏のボス.<6E5C>地上げ屋だ,,
dom1Yuri_O0730_4.mes,Script/dom1Yuri_O0730_4.mes,13,7,주인공,地上げ屋!?,,
dom1Yuri_O0730_4.mes,Script/dom1Yuri_O0730_4.mes,14,66,Kaidou,ユリ師範が前に言ってたぜ.道場が<6E5C>はやらないから、地上げ屋に立ち退<6E5C>きを迫られてるって<485C>ここまでヒドイやつとは<6E5C>思わなかったが……,,
dom1Yuri_O0730_4.mes,Script/dom1Yuri_O0730_4.mes,15,6,주인공,そんな……,,
dom1Yuri_O0730_4.mes,Script/dom1Yuri_O0730_4.mes,16,26,Kaidou,いま、道場はもぬけの空だ.<6E5C>どうしたらいーんだ……,,
dom1Yuri_O0730_4.mes,Script/dom1Yuri_O0730_4.mes,17,12,주인공,…………決まってるだろ,,
dom1Yuri_O0730_4.mes,Script/dom1Yuri_O0730_4.mes,18,3,Kaidou,エ?,,
dom1Yuri_O0730_4.mes,Script/dom1Yuri_O0730_4.mes,19,16,주인공,俺達でユリさんを助けるんだよ!,,
dom1Yuri_O0730_4.mes,Script/dom1Yuri_O0730_4.mes,20,5,Kaidou,ナニ!?,,
dom1Yuri_O0730_4.mes,Script/dom1Yuri_O0730_4.mes,21,31,주인공,当たり前だろ!相手がどんなやつ<6E5C>であろうと、闘うしかないぜ!,,
dom1Yuri_O0730_4.mes,Script/dom1Yuri_O0730_4.mes,22,22,Kaidou,……<이름:3131>、たまにはイイこと<6E5C>言うじゃねーか,,
dom1Yuri_O0730_4.mes,Script/dom1Yuri_O0730_4.mes,23,24,주인공,師匠に代わって、俺達でユリさんを<6E5C>救い出そう!,,
dom1Yuri_O0730_4.mes,Script/dom1Yuri_O0730_4.mes,24,4,Kaidou,オォ!,,
dom1Yuri_O0731_0.mes,Script/dom1Yuri_O0731_0.mes,0,14,주인공,海堂……心の準備はいいか?,,
dom1Yuri_O0731_0.mes,Script/dom1Yuri_O0731_0.mes,1,13,Kaidou,ヘッ、いつでもこいだよ!,,
dom1Yuri_O0731_0.mes,Script/dom1Yuri_O0731_0.mes,2,8,주인공,よし、いくぞ!,,
dom1Yuri_O0731_0.mes,Script/dom1Yuri_O0731_0.mes,3,4,[효과음/내레이션],バン!,,
dom1Yuri_O0731_0.mes,Script/dom1Yuri_O0731_0.mes,4,17,주인공,来たぞ、ビッグ!ユリさんを返せ!,,
dom1Yuri_O0731_0.mes,Script/dom1Yuri_O0731_0.mes,5,27,Kaidou,テメーみてぇなやつ、この町から<6E5C>たたき出してやるぜ!,,
dom1Yuri_O0731_0.mes,Script/dom1Yuri_O0731_0.mes,6,5,[효과음/내레이션],…………,,
dom1Yuri_O0731_0.mes,Script/dom1Yuri_O0731_0.mes,7,14,UNKNOWN_1a,……なんだぁ?オマエら……,,
dom1Yuri_O0731_0.mes,Script/dom1Yuri_O0731_0.mes,8,54,UNKNOWN_0d,何しに来たんだ、ネズミども…….<6E5C>私が呼んだのは<6E5C>タクマ。サカザキだ<485C>オマエらのようなガキに用は<6E5C>ない……,,
dom1Yuri_O0731_0.mes,Script/dom1Yuri_O0731_0.mes,9,22,주인공,こ、こいつが道場を狙ってる<6E5C>地上げ屋か……,,
dom1Yuri_O0731_0.mes,Script/dom1Yuri_O0731_0.mes,10,48,Kaidou,テメーみてぇなチンピラをやっつけ<6E5C>るのに、わざわざ師匠を出す必要は<6E5C>ねぇ!オレ達だけで十分だ!,,
dom1Yuri_O0731_0.mes,Script/dom1Yuri_O0731_0.mes,11,24,UNKNOWN_0d,ほぅ…….なかなか面白いジョーク<6E5C>を言うガキだ,,
dom1Yuri_O0731_0.mes,Script/dom1Yuri_O0731_0.mes,12,14,주인공,ユリさんはどこだ!出せ!!,,
dom1Yuri_O0731_0.mes,Script/dom1Yuri_O0731_0.mes,13,11,Yuri,<이름:3232>くん!海堂くん!,,
dom1Yuri_O0731_0.mes,Script/dom1Yuri_O0731_0.mes,14,6,주인공,ユリさん!,,
dom1Yuri_O0731_0.mes,Script/dom1Yuri_O0731_0.mes,15,13,Yuri,<이름:3232>くんと海堂くんが……,,
dom1Yuri_O0731_0.mes,Script/dom1Yuri_O0731_0.mes,16,44,주인공,ユリさん……待っててください.<6E5C>必ず助けます!俺達の闘いを、<6E5C>そこで見ていてください!,,
dom1Yuri_O0731_0.mes,Script/dom1Yuri_O0731_0.mes,17,7,Yuri,<이름:3232>くん……,,
dom1Yuri_O0731_0.mes,Script/dom1Yuri_O0731_0.mes,18,55,UNKNOWN_0d,フッ、威勢のいいガキどもだ.<6E5C>ではどれだけ楽しませてくれるか、<6E5C>とくと見せてもらおう<485C>お前たち、やってやれ!,,
dom1Yuri_O0731_0.mes,Script/dom1Yuri_O0731_0.mes,19,4,UNKNOWN_31,ハッ!,,
dom1Yuri_O0731_0.mes,Script/dom1Yuri_O0731_0.mes,20,8,Kaidou,来るぞ、<이름:3131>!,,
dom1Yuri_O0731_0.mes,Script/dom1Yuri_O0731_0.mes,21,4,주인공,おぉ!,,
dom1Yuri_O0731_1.mes,Script/dom1Yuri_O0731_1.mes,0,11,UNKNOWN_32,ガキが、くたばれー!,,
dom1Yuri_O0731_1.mes,Script/dom1Yuri_O0731_1.mes,1,8,[효과음/내레이션],バキッ<020A>ドカッ,,
dom1Yuri_O0731_1.mes,Script/dom1Yuri_O0731_1.mes,2,5,주인공,くそっ!,,
dom1Yuri_O0731_1.mes,Script/dom1Yuri_O0731_1.mes,3,7,Yuri,<이름:3232>くーん!,,
dom1Yuri_O0731_1.mes,Script/dom1Yuri_O0731_1.mes,4,6,주인공,ユリさん!,,
dom1Yuri_O0731_1.mes,Script/dom1Yuri_O0731_1.mes,5,27,Yuri,稽古を思い出して!あたしが道場<6E5C>で見せた技を使って!,,
dom1Yuri_O0731_1.mes,Script/dom1Yuri_O0731_1.mes,6,9,주인공,ユリさんの技を?,,
dom1Yuri_O0731_1.mes,Script/dom1Yuri_O0731_1.mes,7,14,Yuri,拳を思いっきりぶつけるの!,,
dom1Yuri_O0731_1.mes,Script/dom1Yuri_O0731_1.mes,8,5,주인공,拳を……,,
dom1Yuri_O0731_1.mes,Script/dom1Yuri_O0731_1.mes,9,9,[선택지],龍煌拳虎煌拳虎煌拳,,
dom1Yuri_O0731_1.mes,Script/dom1Yuri_O0731_1.mes,10,5,주인공,これだ!,,
dom1Yuri_O0731_1.mes,Script/dom1Yuri_O0731_1.mes,11,5,[효과음/내레이션],バキィ!,,
dom1Yuri_O0731_1.mes,Script/dom1Yuri_O0731_1.mes,12,6,UNKNOWN_32,ぐわぁぁぁ,,
dom1Yuri_O0731_1.mes,Script/dom1Yuri_O0731_1.mes,13,5,주인공,やった!,,
dom1Yuri_O0731_1.mes,Script/dom1Yuri_O0731_1.mes,14,9,Yuri,<이름:3232>くんスゴイ!,,
dom1Yuri_O0731_1.mes,Script/dom1Yuri_O0731_1.mes,15,5,주인공,これだ!,,
dom1Yuri_O0731_1.mes,Script/dom1Yuri_O0731_1.mes,16,4,[효과음/내레이션],ドカ!,,
dom1Yuri_O0731_1.mes,Script/dom1Yuri_O0731_1.mes,17,6,주인공,うわぁぁ!,,
dom1Yuri_O0731_1.mes,Script/dom1Yuri_O0731_1.mes,18,7,Yuri,<이름:3232>くんっ!,,
dom1Yuri_O0731_1.mes,Script/dom1Yuri_O0731_1.mes,19,8,UNKNOWN_33,なめるなよー!,,
dom1Yuri_O0731_1.mes,Script/dom1Yuri_O0731_1.mes,20,14,Yuri,<이름:3232>くん!拳を突き上げて!,,
dom1Yuri_O0731_1.mes,Script/dom1Yuri_O0731_1.mes,21,10,주인공,拳を突き上げる……,,
dom1Yuri_O0731_1.mes,Script/dom1Yuri_O0731_1.mes,22,6,[선택지],空牙空刀雷牙,,
dom1Yuri_O0731_1.mes,Script/dom1Yuri_O0731_1.mes,23,5,주인공,これだ!,,
dom1Yuri_O0731_1.mes,Script/dom1Yuri_O0731_1.mes,24,5,[효과음/내레이션],バキィ!,,
dom1Yuri_O0731_1.mes,Script/dom1Yuri_O0731_1.mes,25,6,UNKNOWN_33,ぐわぁぁぁ,,
dom1Yuri_O0731_1.mes,Script/dom1Yuri_O0731_1.mes,26,5,주인공,やった!,,
dom1Yuri_O0731_1.mes,Script/dom1Yuri_O0731_1.mes,27,9,Yuri,<이름:3232>くんスゴイ!,,
dom1Yuri_O0731_1.mes,Script/dom1Yuri_O0731_1.mes,28,5,주인공,これだ!,,
dom1Yuri_O0731_1.mes,Script/dom1Yuri_O0731_1.mes,29,4,[효과음/내레이션],ドカ!,,
dom1Yuri_O0731_1.mes,Script/dom1Yuri_O0731_1.mes,30,6,주인공,うわぁぁ!,,
dom1Yuri_O0731_1.mes,Script/dom1Yuri_O0731_1.mes,31,7,Yuri,<이름:3232>くんっ!,,
dom1Yuri_O0731_1.mes,Script/dom1Yuri_O0731_1.mes,32,12,UNKNOWN_34,だまってやられてろー!,,
dom1Yuri_O0731_1.mes,Script/dom1Yuri_O0731_1.mes,33,10,Yuri,<이름:3232>くん!舞って!,,
dom1Yuri_O0731_1.mes,Script/dom1Yuri_O0731_1.mes,34,6,주인공,ま、舞う?,,
dom1Yuri_O0731_1.mes,Script/dom1Yuri_O0731_1.mes,35,12,[선택지],飛燕烈孔龍虎烈孔猛虎烈孔,,
dom1Yuri_O0731_1.mes,Script/dom1Yuri_O0731_1.mes,36,5,주인공,これだ!,,
dom1Yuri_O0731_1.mes,Script/dom1Yuri_O0731_1.mes,37,5,[효과음/내레이션],バキィ!,,
dom1Yuri_O0731_1.mes,Script/dom1Yuri_O0731_1.mes,38,6,UNKNOWN_34,ぐわぁぁぁ,,
dom1Yuri_O0731_1.mes,Script/dom1Yuri_O0731_1.mes,39,5,주인공,やった!,,
dom1Yuri_O0731_1.mes,Script/dom1Yuri_O0731_1.mes,40,9,Yuri,<이름:3232>くんスゴイ!,,
dom1Yuri_O0731_1.mes,Script/dom1Yuri_O0731_1.mes,41,5,주인공,これだ!,,
dom1Yuri_O0731_1.mes,Script/dom1Yuri_O0731_1.mes,42,4,[효과음/내레이션],ドカ!,,
dom1Yuri_O0731_1.mes,Script/dom1Yuri_O0731_1.mes,43,6,주인공,うわぁぁ!,,
dom1Yuri_O0731_1.mes,Script/dom1Yuri_O0731_1.mes,44,7,Yuri,<이름:3232>くんっ!,,
dom1Yuri_O0731_1.mes,Script/dom1Yuri_O0731_1.mes,45,11,UNKNOWN_35,まだやる気かこらぁ!,,
dom1Yuri_O0731_1.mes,Script/dom1Yuri_O0731_1.mes,46,12,Yuri,<이름:3232>くん!連なる打撃!,,
dom1Yuri_O0731_1.mes,Script/dom1Yuri_O0731_1.mes,47,7,주인공,連なる打撃?,,
dom1Yuri_O0731_1.mes,Script/dom1Yuri_O0731_1.mes,48,15,[선택지],飛燕鳳凰脚飛燕鳳来脚飛燕鳳翼脚,,
dom1Yuri_O0731_1.mes,Script/dom1Yuri_O0731_1.mes,49,5,주인공,これだ!,,
dom1Yuri_O0731_1.mes,Script/dom1Yuri_O0731_1.mes,50,5,[효과음/내레이션],バキィ!,,
dom1Yuri_O0731_1.mes,Script/dom1Yuri_O0731_1.mes,51,6,UNKNOWN_35,ぐわぁぁぁ,,
dom1Yuri_O0731_1.mes,Script/dom1Yuri_O0731_1.mes,52,5,주인공,やった!,,
dom1Yuri_O0731_1.mes,Script/dom1Yuri_O0731_1.mes,53,9,Yuri,<이름:3232>くんスゴイ!,,
dom1Yuri_O0731_1.mes,Script/dom1Yuri_O0731_1.mes,54,5,주인공,これだ!,,
dom1Yuri_O0731_1.mes,Script/dom1Yuri_O0731_1.mes,55,4,[효과음/내레이션],ドカ!,,
dom1Yuri_O0731_1.mes,Script/dom1Yuri_O0731_1.mes,56,6,주인공,うわぁぁ!,,
dom1Yuri_O0731_1.mes,Script/dom1Yuri_O0731_1.mes,57,7,Yuri,<이름:3232>くんっ!,,
dom1Yuri_O0731_1.mes,Script/dom1Yuri_O0731_1.mes,58,12,UNKNOWN_36,いいかげんくたばれー!,,
dom1Yuri_O0731_1.mes,Script/dom1Yuri_O0731_1.mes,59,16,Yuri,<이름:3232>くん!ヒップアタックッチ!,,
dom1Yuri_O0731_1.mes,Script/dom1Yuri_O0731_1.mes,60,11,주인공,ひ、ひっぷあたっく?,,
dom1Yuri_O0731_1.mes,Script/dom1Yuri_O0731_1.mes,61,6,[선택지],<9B1C>翼鬼翼燕翼,,
dom1Yuri_O0731_1.mes,Script/dom1Yuri_O0731_1.mes,62,5,주인공,これだ!,,
dom1Yuri_O0731_1.mes,Script/dom1Yuri_O0731_1.mes,63,5,[효과음/내레이션],バキィ!,,
dom1Yuri_O0731_1.mes,Script/dom1Yuri_O0731_1.mes,64,6,UNKNOWN_36,ぐわぁぁぁ,,
dom1Yuri_O0731_1.mes,Script/dom1Yuri_O0731_1.mes,65,5,주인공,やった!,,
dom1Yuri_O0731_1.mes,Script/dom1Yuri_O0731_1.mes,66,9,Yuri,<이름:3232>くんスゴイ!,,
dom1Yuri_O0731_1.mes,Script/dom1Yuri_O0731_1.mes,67,5,주인공,これだ!,,
dom1Yuri_O0731_1.mes,Script/dom1Yuri_O0731_1.mes,68,4,[효과음/내레이션],ドカ!,,
dom1Yuri_O0731_1.mes,Script/dom1Yuri_O0731_1.mes,69,6,주인공,うわぁぁ!,,
dom1Yuri_O0731_1.mes,Script/dom1Yuri_O0731_1.mes,70,7,Yuri,<이름:3232>くんっ!,,
dom1Yuri_O0731_3.mes,Script/dom1Yuri_O0731_3.mes,0,48,주인공,<011C><0001><0000><0060><0054><000D>フッフッフ…….その程度の腕で<6E5C>よくやって来たな…….無謀な<6E5C>勇気だけは誉めてやる,,
dom1Yuri_O0731_3.mes,Script/dom1Yuri_O0731_3.mes,1,13,Yuri,<이름:3232>くん……海堂くん……,,
dom1Yuri_O0731_3.mes,Script/dom1Yuri_O0731_3.mes,2,38,주인공,(くそ…….やっぱり俺がユリさん<6E5C>を助けるなんて無理だったの<6E5C>か……!?),,
dom1Yuri_O0731_3.mes,Script/dom1Yuri_O0731_3.mes,3,26,UNKNOWN_0d,ぬ…….どうやらただのガキじゃな<6E5C>いみたいだな……,,
dom1Yuri_O0731_3.mes,Script/dom1Yuri_O0731_3.mes,4,16,Yuri,<이름:3232>くん、海堂くん、スゴイ!!,,
dom1Yuri_O0731_3.mes,Script/dom1Yuri_O0731_3.mes,5,22,주인공,(ヨシ!このままユリさんを助け<6E5C>出すぜ!),,
dom1Yuri_O0731_3.mes,Script/dom1Yuri_O0731_3.mes,6,32,UNKNOWN_0d,フッ…….極限流だけはあるな.<6E5C>なかなか見せてくれるじゃないか,,
dom1Yuri_O0731_3.mes,Script/dom1Yuri_O0731_3.mes,7,11,Yuri,<이름:3232>くん!海堂くん!,,
dom1Yuri_O0731_3.mes,Script/dom1Yuri_O0731_3.mes,8,19,주인공,(くっ…….<6E5C>まだまだいけるぞ!!),,
dom1Yuri_O0731_3.mes,Script/dom1Yuri_O0731_3.mes,9,29,UNKNOWN_0d,どれ、ショーは終わりだ.<6E5C>最後はこの私が相手をしてやろう,,
dom1Yuri_O0731_3.mes,Script/dom1Yuri_O0731_3.mes,10,14,Kaidou,やっとボスのお出ましかよ!,,
dom1Yuri_O0731_3.mes,Script/dom1Yuri_O0731_3.mes,11,24,주인공,(こいつを倒せば、ユリさんを助け<6E5C>られる……),,
dom1Yuri_O0731_3.mes,Script/dom1Yuri_O0731_3.mes,12,22,UNKNOWN_0d,どうした.ふたりがかりでかかって<6E5C>こないか,,
dom1Yuri_O0731_3.mes,Script/dom1Yuri_O0731_3.mes,13,15,Kaidou,ナメやがって、おらぁーーー!,,
dom1Yuri_O0731_3.mes,Script/dom1Yuri_O0731_3.mes,14,4,[효과음/내레이션],ドカッ,,
dom1Yuri_O0731_3.mes,Script/dom1Yuri_O0731_3.mes,15,5,[효과음/내레이션],バキィ!,,
dom1Yuri_O0731_3.mes,Script/dom1Yuri_O0731_3.mes,16,6,Kaidou,ぐああっ!,,
dom1Yuri_O0731_3.mes,Script/dom1Yuri_O0731_3.mes,17,4,주인공,海堂!,,
dom1Yuri_O0731_3.mes,Script/dom1Yuri_O0731_3.mes,18,6,Yuri,海堂くん!,,
dom1Yuri_O0731_3.mes,Script/dom1Yuri_O0731_3.mes,19,42,UNKNOWN_0d,フッ、しょせんガキはガキだ.<6E5C>大人の世界に首を突っ込んじゃあ<6E5C>いけないぜ、ボウヤ達,,
dom1Yuri_O0731_3.mes,Script/dom1Yuri_O0731_3.mes,20,5,[효과음/내레이션],ドカッ!,,
dom1Yuri_O0731_3.mes,Script/dom1Yuri_O0731_3.mes,21,6,Kaidou,ぐああっ!,,
dom1Yuri_O0731_3.mes,Script/dom1Yuri_O0731_3.mes,22,8,Yuri,やめてーーー!,,
dom1Yuri_O0731_3.mes,Script/dom1Yuri_O0731_3.mes,23,7,UNKNOWN_0d,ハハハハハ!,,
dom1Yuri_O0731_3.mes,Script/dom1Yuri_O0731_3.mes,24,7,주인공,くそぉぉぉ!,,
dom1Yuri_O0731_3.mes,Script/dom1Yuri_O0731_3.mes,25,4,[효과음/내레이션],バキッ,,
dom1Yuri_O0731_3.mes,Script/dom1Yuri_O0731_3.mes,26,5,[효과음/내레이션],ドスッ!,,
dom1Yuri_O0731_3.mes,Script/dom1Yuri_O0731_3.mes,27,6,주인공,うあああ!,,
dom1Yuri_O0731_3.mes,Script/dom1Yuri_O0731_3.mes,28,7,Yuri,<이름:3232>くんっ!,,
dom1Yuri_O0731_3.mes,Script/dom1Yuri_O0731_3.mes,29,14,UNKNOWN_0d,どうだ?まだ殴られたいか?,,
dom1Yuri_O0731_3.mes,Script/dom1Yuri_O0731_3.mes,30,4,[효과음/내레이션],ドカッ,,
dom1Yuri_O0731_3.mes,Script/dom1Yuri_O0731_3.mes,31,5,[효과음/내레이션],バキィ!,,
dom1Yuri_O0731_3.mes,Script/dom1Yuri_O0731_3.mes,32,6,주인공,ぐあああ!,,
dom1Yuri_O0731_3.mes,Script/dom1Yuri_O0731_3.mes,33,8,Yuri,いやーーーっ!,,
dom1Yuri_O0731_3.mes,Script/dom1Yuri_O0731_3.mes,34,13,UNKNOWN_0d,どうした.もうおしまいか,,
dom1Yuri_O0731_3.mes,Script/dom1Yuri_O0731_3.mes,35,11,주인공,……まだ……まだ……,,
dom1Yuri_O0731_3.mes,Script/dom1Yuri_O0731_3.mes,36,4,[효과음/내레이션],バキッ,,
dom1Yuri_O0731_3.mes,Script/dom1Yuri_O0731_3.mes,37,5,[효과음/내레이션],ドスッ!,,
dom1Yuri_O0731_3.mes,Script/dom1Yuri_O0731_3.mes,38,6,주인공,あああっ!,,
dom1Yuri_O0731_3.mes,Script/dom1Yuri_O0731_3.mes,39,10,Yuri,もうやめてーーー!,,
dom1Yuri_O0731_3.mes,Script/dom1Yuri_O0731_3.mes,40,20,UNKNOWN_0d,ハハハハハ!<6E5C>さっきの威勢はどうした?,,
dom1Yuri_O0731_3.mes,Script/dom1Yuri_O0731_3.mes,41,5,주인공,…………,,
dom1Yuri_O0731_3.mes,Script/dom1Yuri_O0731_3.mes,42,11,Yuri,<이름:3232>くん!<이름:3232>くん!,,
dom1Yuri_O0731_3.mes,Script/dom1Yuri_O0731_3.mes,43,73,주인공,(……くそ……もう指一本動かない<6E5C>……俺は大事な人ひとり守ることも<6E5C>できないのか……<485C>こんなことなら、もっとまじめに<6E5C>稽古しておけばよかった……,,
dom1Yuri_O0731_3.mes,Script/dom1Yuri_O0731_3.mes,44,37,주인공,俺はいつもそうだ……面倒だとか、<6E5C>しんどいだとかで練習を<6E5C>さぼって……),,
dom1Yuri_O0731_3.mes,Script/dom1Yuri_O0731_3.mes,45,11,Yuri,<이름:3232>くん!<이름:3232>くん!,,
dom1Yuri_O0731_3.mes,Script/dom1Yuri_O0731_3.mes,46,27,주인공,(楽な方にばかり流されて、<6E5C>大事なものを失うんだ……,,
dom1Yuri_O0731_3.mes,Script/dom1Yuri_O0731_3.mes,47,31,주인공,けっきょく俺はその程度の人間なん<6E5C>だ……しかたないんだ……),,
dom1Yuri_O0731_3.mes,Script/dom1Yuri_O0731_3.mes,48,11,Yuri,<이름:3232>くん!<이름:3232>くん!,,
dom1Yuri_O0731_3.mes,Script/dom1Yuri_O0731_3.mes,49,47,주인공,(………….ちがう……ここであき<6E5C>らめちゃダメだ……俺はユリさんを<6E5C>助けるって誓ったんだ……,,
dom1Yuri_O0731_3.mes,Script/dom1Yuri_O0731_3.mes,50,29,주인공,負けちゃダメだ……立ち上がらない<6E5C>といけないんだ……!),,
dom1Yuri_O0731_3.mes,Script/dom1Yuri_O0731_3.mes,51,10,주인공,……くっっそぉ……,,
dom1Yuri_O0731_3.mes,Script/dom1Yuri_O0731_3.mes,52,16,UNKNOWN_0d,ホゥ.まだ向かってくるつもりか,,
dom1Yuri_O0731_3.mes,Script/dom1Yuri_O0731_3.mes,53,12,Yuri,<이름:3232>くん!もうやめて!,,
dom1Yuri_O0731_3.mes,Script/dom1Yuri_O0731_3.mes,54,31,주인공,ユリさん……待っててください……<6E5C>ぜったい、助けますから……,,
dom1Yuri_O0731_3.mes,Script/dom1Yuri_O0731_3.mes,55,8,Yuri,<이름:3232>くん……!,,
dom1Yuri_O0731_3.mes,Script/dom1Yuri_O0731_3.mes,56,39,UNKNOWN_0d,ハハハ!オマエの闘志はみあげた<6E5C>ものだ!褒美にとどめをくれてや<6E5C>る!くらえっ,,
dom1Yuri_O0731_3.mes,Script/dom1Yuri_O0731_3.mes,57,8,Yuri,イヤーーー!!,,
dom1Yuri_O0731_3.mes,Script/dom1Yuri_O0731_3.mes,58,5,[효과음/내레이션],ドォン!,,
dom1Yuri_O0731_3.mes,Script/dom1Yuri_O0731_3.mes,59,15,UNKNOWN_0d,な、なんだこの娘の構えは……,,
dom1Yuri_O0731_3.mes,Script/dom1Yuri_O0731_3.mes,60,10,주인공,ユ、ユリさん……!,,
dom1Yuri_O0731_3.mes,Script/dom1Yuri_O0731_3.mes,61,16,Yuri,極限流奥義!覇王翔吼拳ーッ!!,,
dom1Yuri_O0731_3.mes,Script/dom1Yuri_O0731_3.mes,62,9,[효과음/내레이션],ドッカーーーン!,,
dom1Yuri_O0731_3.mes,Script/dom1Yuri_O0731_3.mes,63,9,UNKNOWN_0d,ぐあああああ!!,,
dom1Yuri_O0731_3.mes,Script/dom1Yuri_O0731_3.mes,64,10,Yuri,覇王翔吼拳ーッ!!,,
dom1Yuri_O0731_3.mes,Script/dom1Yuri_O0731_3.mes,65,9,[효과음/내레이션],ドッカーーーン!,,
dom1Yuri_O0731_3.mes,Script/dom1Yuri_O0731_3.mes,66,9,UNKNOWN_0d,ぬおおおおお!!,,
dom1Yuri_O0731_3.mes,Script/dom1Yuri_O0731_3.mes,67,27,Yuri,虎煌とみせかけて、もう一発!<6E5C>雷神覇王翔吼拳ーッ!!,,
dom1Yuri_O0731_3.mes,Script/dom1Yuri_O0731_3.mes,68,9,[효과음/내레이션],ドッカーーーン!,,
dom1Yuri_O0731_3.mes,Script/dom1Yuri_O0731_3.mes,69,13,UNKNOWN_0d,ぎゃあああああ……!!!,,
dom1Yuri_O0731_3.mes,Script/dom1Yuri_O0731_3.mes,70,5,[효과음/내레이션],…………,,
dom1Yuri_O0731_3.mes,Script/dom1Yuri_O0731_3.mes,71,5,[효과음/내레이션],…………,,
dom1Yuri_S01.mes,Script/dom1Yuri_S01.mes,0,14,주인공,(ユリさん、いるかな……),,
dom1Yuri_S01.mes,Script/dom1Yuri_S01.mes,1,20,Kaidou,<이름:3131>!ナニ道場の周りうろつい<6E5C>てんだ!,,
dom1Yuri_S01.mes,Script/dom1Yuri_S01.mes,2,16,주인공,海堂!なんでおまえがここに!?,,
dom1Yuri_S01.mes,Script/dom1Yuri_S01.mes,3,36,Kaidou,オレは優秀な極限流空手の習い手<6E5C>だからな、道場が休みでも来るん<6E5C>だよ!,,
dom1Yuri_S01.mes,Script/dom1Yuri_S01.mes,4,23,주인공,おまえ、いつのまにここで空手を<6E5C>習ってたんだ,,
dom1Yuri_S01.mes,Script/dom1Yuri_S01.mes,5,30,Kaidou,オレはあらゆる武術を制覇する<6E5C>男だ.おまえとは格が違うぜ!,,
dom1Yuri_S01.mes,Script/dom1Yuri_S01.mes,6,25,주인공,よくわからんが…….今日は道場は<6E5C>休みなんだな?,,
dom1Yuri_S01.mes,Script/dom1Yuri_S01.mes,7,13,Kaidou,ああ.水曜と土曜は休みだ,,
dom1Yuri_S01.mes,Script/dom1Yuri_S01.mes,8,23,주인공,そうとわかれば、おまえに用は<6E5C>ない.じゃあな,,
dom1Yuri_S01.mes,Script/dom1Yuri_S01.mes,9,22,Kaidou,テメェ!<6E5C>だから道場に何しに来たんだぁ!?,,
dom1Yuri_S01.mes,Script/dom1Yuri_S01.mes,10,14,주인공,(ユリさん、いるかな……),,
dom1Yuri_S01.mes,Script/dom1Yuri_S01.mes,11,22,Kaidou,<이름:3131>!だから道場にナンの用<6E5C>なんだテメェ!,,
dom1Yuri_S01.mes,Script/dom1Yuri_S01.mes,12,14,주인공,げ、海堂.またおまえか……,,
dom1Yuri_S01.mes,Script/dom1Yuri_S01.mes,13,41,Kaidou,そりゃこっちのセリフだ!<6E5C>テメー、ユリさんにちょっかい<6E5C>出しに来たのか、アァン?,,
dom1Yuri_S01.mes,Script/dom1Yuri_S01.mes,14,13,주인공,おまえといっしょにすんな,,
dom1Yuri_S01.mes,Script/dom1Yuri_S01.mes,15,8,Kaidou,なんだとぉ!?,,
dom1Yuri_S01.mes,Script/dom1Yuri_S01.mes,16,22,주인공,あぁもう、おまえに用はないから.<6E5C>じゃあな,,
dom1Yuri_S01.mes,Script/dom1Yuri_S01.mes,17,11,Kaidou,待ちやがれ、テメー!,,
dom1Yuri_S02.mes,Script/dom1Yuri_S02.mes,0,12,주인공,(あ、道場やってるな),,
dom1Yuri_S02.mes,Script/dom1Yuri_S02.mes,1,14,Yuri,<이름:3232>くん!来てくれたんだ~,,
dom1Yuri_S02.mes,Script/dom1Yuri_S02.mes,2,30,주인공,はい.今日はちゃんとユリさんの<6E5C>稽古を受けてみようと思って,,
dom1Yuri_S02.mes,Script/dom1Yuri_S02.mes,3,26,Yuri,大歓迎ッチ!じゃあ、さっそく<6E5C>この道着に着替えて!,,
dom1Yuri_S02.mes,Script/dom1Yuri_S02.mes,4,3,주인공,はい,,
dom1Yuri_S02.mes,Script/dom1Yuri_S02.mes,5,4,UNKNOWN_1a,<이름:3131>~,,
dom1Yuri_S02.mes,Script/dom1Yuri_S02.mes,6,7,주인공,この声は……,,
dom1Yuri_S02.mes,Script/dom1Yuri_S02.mes,7,24,Kaidou,テメェ、オレ様にわざわざやられに<6E5C>来たのかぁ?,,
dom1Yuri_S02.mes,Script/dom1Yuri_S02.mes,8,27,주인공,海堂…….なんだっておまえがこの<6E5C>道場にいるんだ……,,
dom1Yuri_S02.mes,Script/dom1Yuri_S02.mes,9,29,Kaidou,それはこっちのセリフだ!<6E5C>大事な稽古の邪魔だから帰れよ!,,
dom1Yuri_S02.mes,Script/dom1Yuri_S02.mes,10,6,Yuri,仲いいね~,,
dom1Yuri_S02.mes,Script/dom1Yuri_S02.mes,11,6,UNKNOWN_12,どこが!?,,
dom1Yuri_S02.mes,Script/dom1Yuri_S02.mes,12,40,Yuri,じゃあ<이름:3232>くん、まずはあたしが<6E5C>基礎を教えるね.<6E5C>拳の握り方と立ち方だけど……,,
dom1Yuri_S02.mes,Script/dom1Yuri_S02.mes,13,7,주인공,こうですか?,,
dom1Yuri_S02.mes,Script/dom1Yuri_S02.mes,14,31,Yuri,スゴイ!基本はバッチリ!<6E5C>やっぱり、何か武術を<6E5C>習ってたの?,,
dom1Yuri_S02.mes,Script/dom1Yuri_S02.mes,15,8,주인공,いや、別に……,,
dom1Yuri_S02.mes,Script/dom1Yuri_S02.mes,16,19,Kaidou,フン.調子に乗るんじゃねーぞ、<6E5C><이름:3131>,,
dom1Yuri_S02.mes,Script/dom1Yuri_S02.mes,17,16,Yuri,<이름:3232>くん!<6E5C>また来てくれたんだ,,
dom1Yuri_S02.mes,Script/dom1Yuri_S02.mes,18,22,주인공,ユリさんが教えてくれる空手、<6E5C>おもしろくて,,
dom1Yuri_S02.mes,Script/dom1Yuri_S02.mes,19,8,Yuri,うれしいッチ!,,
dom1Yuri_S02.mes,Script/dom1Yuri_S02.mes,20,5,UNKNOWN_1a,<이름:3131>~~,,
dom1Yuri_S02.mes,Script/dom1Yuri_S02.mes,21,5,주인공,あー……,,
dom1Yuri_S02.mes,Script/dom1Yuri_S02.mes,22,31,Kaidou,よし!今日は特別にオレ様が稽古<6E5C>をつけてやる!かかってこい!,,
dom1Yuri_S02.mes,Script/dom1Yuri_S02.mes,23,21,주인공,おまえなんかに教わることは何ひと<6E5C>つない,,
dom1Yuri_S02.mes,Script/dom1Yuri_S02.mes,24,7,Kaidou,ンだとぉ!?,,
dom1Yuri_S02.mes,Script/dom1Yuri_S02.mes,25,16,Yuri,はいはい.遊んでないで、稽古!,,
dom1Yuri_S02.mes,Script/dom1Yuri_S02.mes,26,11,주인공,遊んでるわけじゃ……,,
dom1Yuri_S02.mes,Script/dom1Yuri_S02.mes,27,27,Yuri,<이름:3232>くん、じゃあ技を教える<6E5C>から、あたしにかけてみて,,
dom1Yuri_S02.mes,Script/dom1Yuri_S02.mes,28,3,주인공,はい,,
dom1Yuri_S02.mes,Script/dom1Yuri_S02.mes,29,9,Yuri,じゃあ、いくよ!,,
dom1Yuri_S02.mes,Script/dom1Yuri_S02.mes,30,7,[효과음/내레이션],バッキーン!,,
dom1Yuri_S02.mes,Script/dom1Yuri_S02.mes,31,6,주인공,わああああ,,
dom1Yuri_S02.mes,Script/dom1Yuri_S02.mes,32,14,Yuri,あれれ.フッ飛ばしちゃった,,
dom1Yuri_S02.mes,Script/dom1Yuri_S02.mes,33,10,Kaidou,<이름:3131>、いいザマだぜ,,
dom1Yuri_S02.mes,Script/dom1Yuri_S02.mes,34,71,UNKNOWN_29,@<0000><0000><0000><0000><0003><0058><0003><0002>W<0001><0011><0010><0000><0000><0000><0000><0006><000A><0008><0000><0000><0001><002A><0000><0000><0000><0000><0000><000E><0005><FFFF><0000><0000><0000><0018><0006><0004><0001><0000><0000><0000><0040><0034><0006><이름:3232>くん!今日もビシバシ稽古<6E5C>されに来たんだね!?,,
dom1Yuri_S02.mes,Script/dom1Yuri_S02.mes,35,8,주인공,えぇ、まぁ……,,
dom1Yuri_S02.mes,Script/dom1Yuri_S02.mes,36,7,[효과음/내레이션],キョロキョロ,,
dom1Yuri_S02.mes,Script/dom1Yuri_S02.mes,37,8,Yuri,どうかしたの?,,
dom1Yuri_S02.mes,Script/dom1Yuri_S02.mes,38,24,주인공,あの…….今日は海堂のやつはいな<6E5C>いんですか?,,
dom1Yuri_S02.mes,Script/dom1Yuri_S02.mes,39,29,Yuri,うん、休みだよ.やっぱり、友達が<6E5C>いないとつまんないかな,,
dom1Yuri_S02.mes,Script/dom1Yuri_S02.mes,40,20,주인공,そんな!メチャクチャうれしいで<6E5C>すよ!,,
dom1Yuri_S02.mes,Script/dom1Yuri_S02.mes,41,24,Yuri,アハハ、おもしろいね、<6E5C><이름:3232>くんと海堂くんって,,
dom1Yuri_S02.mes,Script/dom1Yuri_S02.mes,42,7,주인공,そうですか?,,
dom1Yuri_S02.mes,Script/dom1Yuri_S02.mes,43,14,Yuri,うん.お兄ちゃん達みたい!,,
dom1Yuri_S02.mes,Script/dom1Yuri_S02.mes,44,8,주인공,お兄ちゃん達?,,
dom1Yuri_S02.mes,Script/dom1Yuri_S02.mes,45,47,Yuri,あたしのお兄ちゃんとお兄ちゃんの<6E5C>親友.空手バカなんだけど、ちょっ<6E5C>と<이름:3232>くん達に似てるかな,,
dom1Yuri_S02.mes,Script/dom1Yuri_S02.mes,46,13,주인공,へぇ.空手、強いんですか,,
dom1Yuri_S02.mes,Script/dom1Yuri_S02.mes,47,13,Yuri,ふたりとも師範やってるよ,,
dom1Yuri_S02.mes,Script/dom1Yuri_S02.mes,48,22,주인공,そ、そんなすごいふたりに似てる<6E5C>なんて……,,
dom1Yuri_S02.mes,Script/dom1Yuri_S02.mes,49,29,Yuri,うん!なんか、お兄ちゃんみたい<6E5C>な弟ができたってカンジ!,,
dom1Yuri_S02.mes,Script/dom1Yuri_S02.mes,50,14,주인공,お、弟ですか……(ガクッ),,
dom1Yuri_S03.mes,Script/dom1Yuri_S03.mes,0,14,주인공,(あれ、あの後ろ姿は……),,
dom1Yuri_S03.mes,Script/dom1Yuri_S03.mes,1,6,주인공,ユリさん?,,
dom1Yuri_S03.mes,Script/dom1Yuri_S03.mes,2,7,Yuri,<이름:3232>くん!?,,
dom1Yuri_S03.mes,Script/dom1Yuri_S03.mes,3,23,주인공,やっぱり.どうしたんですか?<6E5C>こんなところで,,
dom1Yuri_S03.mes,Script/dom1Yuri_S03.mes,4,47,Yuri,今日は道場お休みだから、ちょっと<6E5C>息抜き.道場ばっかりだと、汗くさ<6E5C>い女の子になっちゃうもん,,
dom1Yuri_S03.mes,Script/dom1Yuri_S03.mes,5,26,주인공,ハハハ.でも、ユリさんは道着の方<6E5C>が似合いますよ?,,
dom1Yuri_S03.mes,Script/dom1Yuri_S03.mes,6,14,Yuri,え?なんか言った?<이름:3232>くん,,
dom1Yuri_S03.mes,Script/dom1Yuri_S03.mes,7,9,주인공,え、あ、いや……,,
dom1Yuri_S03.mes,Script/dom1Yuri_S03.mes,8,25,Yuri,また道場においでよ.<6E5C>ビシバシ鍛えてあげるッチ!,,
dom1Yuri_S03.mes,Script/dom1Yuri_S03.mes,9,3,주인공,はぁ,,
dom1Yuri_S04.mes,Script/dom1Yuri_S04.mes,0,22,주인공,さて、イリュージョンでランチでも<6E5C>食べよう,,
dom1Yuri_S04.mes,Script/dom1Yuri_S04.mes,1,12,[효과음/내레이션],♪カランコロンカラ~ン,,
dom1Yuri_S04.mes,Script/dom1Yuri_S04.mes,2,11,King,いらっしゃい、<이름:3131>君,,
dom1Yuri_S04.mes,Script/dom1Yuri_S04.mes,3,14,주인공,キングさん、ハラペコです~,,
dom1Yuri_S04.mes,Script/dom1Yuri_S04.mes,4,7,UNKNOWN_1c,<이름:3232>くん!?,,
dom1Yuri_S04.mes,Script/dom1Yuri_S04.mes,5,9,주인공,こ、この声は……,,
dom1Yuri_S04.mes,Script/dom1Yuri_S04.mes,6,19,Yuri,<이름:3232>くんもここでお昼?<6E5C>朝以来だね!,,
dom1Yuri_S04.mes,Script/dom1Yuri_S04.mes,7,16,주인공,ユリさん…….今朝はどうも……,,
dom1Yuri_S04.mes,Script/dom1Yuri_S04.mes,8,13,King,今朝、どうかしたのかい?,,
dom1Yuri_S04.mes,Script/dom1Yuri_S04.mes,9,14,주인공,いえ、なんでもないんです!,,
dom1Yuri_S04.mes,Script/dom1Yuri_S04.mes,10,50,Yuri,偶然、<이름:3232>くんとぶつかってね<485C>遅刻しそうな<이름:3232>くんをおぶって<6E5C>学校まで連れていって<6E5C>あげたんです!,,
dom1Yuri_S04.mes,Script/dom1Yuri_S04.mes,11,42,King,へぇ、それはそれは…….<6E5C><이름:3131>君、たくましいお姉さんに<6E5C>おんぶされて、良かったねぇ,,
dom1Yuri_S04.mes,Script/dom1Yuri_S04.mes,12,15,주인공,(き、消えてしまいたい……),,
dom1Yuri_S05.mes,Script/dom1Yuri_S05.mes,0,22,Yuri,いらっしゃい、<이름:3232>くん!<6E5C>おなかすいてる?,,
dom1Yuri_S05.mes,Script/dom1Yuri_S05.mes,1,9,주인공,いきなり何ですか,,
dom1Yuri_S05.mes,Script/dom1Yuri_S05.mes,2,36,Yuri,今ね、みんなでおソバを<6E5C>食べてたトコなの.<6E5C>よかったら<이름:3232>くんもどう?,,
dom1Yuri_S05.mes,Script/dom1Yuri_S05.mes,3,5,주인공,ソバ!?,,
dom1Yuri_S05.mes,Script/dom1Yuri_S05.mes,4,11,Yuri,遠慮しないで食べて!,,
dom1Yuri_S05.mes,Script/dom1Yuri_S05.mes,5,16,주인공,はぁ…….じゃあ、いただきます,,
dom1Yuri_S05.mes,Script/dom1Yuri_S05.mes,6,10,Yuri,そうこなくっちゃ!,,
dom1Yuri_S05.mes,Script/dom1Yuri_S05.mes,7,32,UNKNOWN_1a,ずるずる……オマエ、部外者のくせ<6E5C>にずうずうしいな……ずるずる,,
dom1Yuri_S05.mes,Script/dom1Yuri_S05.mes,8,20,주인공,……ソバ食べながら登場するなよ、<6E5C>海堂,,
dom1Yuri_S05.mes,Script/dom1Yuri_S05.mes,9,43,Kaidou,師匠が魂を込めて打ったソバを、<6E5C>テメーなんかに食べる資格はない.<6E5C>帰れ!……ずるずる,,
dom1Yuri_S05.mes,Script/dom1Yuri_S05.mes,10,8,주인공,師匠が打った?,,
dom1Yuri_S05.mes,Script/dom1Yuri_S05.mes,11,36,Yuri,うん、あたしのお父さんが打った<6E5C>ソバなんだ.ソバ打ちが趣味の<6E5C>父でね~,,
dom1Yuri_S05.mes,Script/dom1Yuri_S05.mes,12,29,주인공,ユリさんのお父さんが打った<6E5C>ソバ……心していただきます!,,
dom1Yuri_S05.mes,Script/dom1Yuri_S05.mes,13,7,[효과음/내레이션],ずるずる……,,
dom1Yuri_S05.mes,Script/dom1Yuri_S05.mes,14,4,Yuri,どう?,,
dom1Yuri_S05.mes,Script/dom1Yuri_S05.mes,15,10,주인공,はい、おいしいです,,
dom1Yuri_S05.mes,Script/dom1Yuri_S05.mes,16,25,Yuri,ホント!?まだまだあるから、<6E5C>いっぱい食べてね!,,
dom1Yuri_S05.mes,Script/dom1Yuri_S05.mes,17,4,주인공,え……,,
dom1Yuri_S05.mes,Script/dom1Yuri_S05.mes,18,39,Yuri,道場の人間は、もう父のソバには<6E5C>うんざりしてるんだ~.<6E5C><이름:3232>くん、助かるよ!,,
dom1Yuri_S05.mes,Script/dom1Yuri_S05.mes,19,6,주인공,……ゲップ,,
dom1Yuri_S05.mes,Script/dom1Yuri_S05.mes,20,93,UNKNOWN_29,<0608><0000><0000><0000><0000><0003><005A><0003><0001><0440><0001><0011><0010><0000><0000><0000><0000><0006><000A><0008><0000><0000><0001><002A><0000><0000><0000><0000><0000><0018><0006><0000><0001><0000><0000><000E><0005><FFFF><0000><0000><0000><0000><006C><0060><0006><이름:3232>くん、いいトコロに!今ね、<6E5C>小学生に指導してるトコなんだけ<6E5C>ど、練習相手になってくれない?,,
dom1Yuri_S05.mes,Script/dom1Yuri_S05.mes,21,9,주인공,小学生のですか?,,
dom1Yuri_S05.mes,Script/dom1Yuri_S05.mes,22,4,Yuri,うん!,,
dom1Yuri_S05.mes,Script/dom1Yuri_S05.mes,23,17,[선택지],やりますそれよりユリさんと組みたい,,
dom1Yuri_S05.mes,Script/dom1Yuri_S05.mes,24,12,주인공,わかりました、やります,,
dom1Yuri_S05.mes,Script/dom1Yuri_S05.mes,25,6,Yuri,ありがとー,,
dom1Yuri_S05.mes,Script/dom1Yuri_S05.mes,26,27,주인공,(相手は小学生だからな、<6E5C>手加減してやらないと……),,
dom1Yuri_S05.mes,Script/dom1Yuri_S05.mes,27,5,[효과음/내레이션],バキィ★,,
dom1Yuri_S05.mes,Script/dom1Yuri_S05.mes,28,6,주인공,いってぇ!,,
dom1Yuri_S05.mes,Script/dom1Yuri_S05.mes,29,27,Kaidou,隙だらけだ<이름:3131>!そんなモンで<6E5C>指導とは、笑わせるぜ!,,
dom1Yuri_S05.mes,Script/dom1Yuri_S05.mes,30,16,주인공,ふいうちなんて卑怯だぞ、海堂!,,
dom1Yuri_S05.mes,Script/dom1Yuri_S05.mes,31,25,UNKNOWN_29,々<0000><0000><0000><0000><0000><002C><0020><0002>それよりユリさんと組みたいです,,
dom1Yuri_S05.mes,Script/dom1Yuri_S05.mes,32,17,Yuri,よし、あたしと組み手してからね!,,
dom1Yuri_S05.mes,Script/dom1Yuri_S05.mes,33,5,[효과음/내레이션],ひょいっ,,
dom1Yuri_S05.mes,Script/dom1Yuri_S05.mes,34,4,[효과음/내레이션],ポーン,,
dom1Yuri_S05.mes,Script/dom1Yuri_S05.mes,35,7,[효과음/내레이션],ズッテーン★,,
dom1Yuri_S05.mes,Script/dom1Yuri_S05.mes,36,12,Yuri,じゃあ、よろしくッチ!,,
dom1Yuri_S05.mes,Script/dom1Yuri_S05.mes,37,17,주인공,簡単にフッ飛ばされてしまった……,,
dom1Yuri_S05.mes,Script/dom1Yuri_S05.mes,38,33,Yuri,<이름:3232>くん!この前は指導を<6E5C>手伝ってくれてありがとう.<6E5C>お礼ッチ!,,
dom1Yuri_S05.mes,Script/dom1Yuri_S05.mes,39,15,주인공,いいにおい…….かす汁ですか,,
dom1Yuri_S05.mes,Script/dom1Yuri_S05.mes,40,4,Yuri,うん!,,
dom1Yuri_S05.mes,Script/dom1Yuri_S05.mes,41,35,주인공,またお父さんが作ったんですね?<6E5C>わかりました、<6E5C>しかたなく食べますよ,,
dom1Yuri_S05.mes,Script/dom1Yuri_S05.mes,42,15,Yuri,失礼ね!あたしが作ったのよ!,,
dom1Yuri_S05.mes,Script/dom1Yuri_S05.mes,43,14,주인공,え!?ご、ごめんなさい……,,
dom1Yuri_S06.mes,Script/dom1Yuri_S06.mes,0,20,주인공,(ユリさんにたっぷり鍛えてもら<6E5C>おう),,
dom1Yuri_S06.mes,Script/dom1Yuri_S06.mes,1,12,UNKNOWN_1a,ナニやってんだ、<이름:3131>!,,
dom1Yuri_S06.mes,Script/dom1Yuri_S06.mes,2,7,주인공,この声は……,,
dom1Yuri_S06.mes,Script/dom1Yuri_S06.mes,3,29,Kaidou,道場の周りうろついてんじゃねぇ!<6E5C>目ざわりだから消えろ!,,
dom1Yuri_S06.mes,Script/dom1Yuri_S06.mes,4,17,주인공,おまえがここにいるってことは……,,
dom1Yuri_S06.mes,Script/dom1Yuri_S06.mes,5,14,Kaidou,水曜と土曜は道場は休みだ!,,
dom1Yuri_S06.mes,Script/dom1Yuri_S06.mes,6,21,주인공,そうか.じゃあ、お望みどおり消え<6E5C>てやる,,
dom1Yuri_S06.mes,Script/dom1Yuri_S06.mes,7,24,Kaidou,あ、テメェ、待ちやがれ!<6E5C>いったいナニしに……,,
dom1Yuri_S07.mes,Script/dom1Yuri_S07.mes,0,66,[선택지],“<0001><0002><0008><0003><0003><0030><0001><0011><0005><0000><0000><0000><0000><0006><000A><0007><0000><0000><0001><0029><0024><0000><0000><0000><0000><0011><0007><0000><0000><0000><0000><0006><000A><0009><0000><0000><0001><002A><0000><0000><0000><0000><0000><000E><0000><FFFF><0000><0000><0000><0000><0024><0018><0002>(あの三つ編みは……),,
dom1Yuri_S07.mes,Script/dom1Yuri_S07.mes,1,6,주인공,ユリさん!,,
dom1Yuri_S07.mes,Script/dom1Yuri_S07.mes,2,6,Yuri,<이름:3232>くん!,,
dom1Yuri_S07.mes,Script/dom1Yuri_S07.mes,3,12,주인공,今日はお休みなんですね,,
dom1Yuri_S07.mes,Script/dom1Yuri_S07.mes,4,40,Yuri,そうなんだけど、いまいち遊び方が<6E5C>わかんなくって、つまんなくしてた<6E5C>トコなんだ,,
dom1Yuri_S07.mes,Script/dom1Yuri_S07.mes,5,37,주인공,だったら俺にまかせてください!<6E5C>俺は学生で今は夏休み.<6E5C>遊びのプロです!,,
dom1Yuri_S07.mes,Script/dom1Yuri_S07.mes,6,25,Yuri,そっかぁ.学生はいっぱい遊べる<6E5C>もんね.いーなぁ,,
dom1Yuri_S07.mes,Script/dom1Yuri_S07.mes,7,33,주인공,そうですね…….ユリさんは若いの<6E5C>に道場を支えるために働いて……,,
dom1Yuri_S07.mes,Script/dom1Yuri_S07.mes,8,42,Yuri,じゃあ、いろんな女の子と遊んでる<6E5C><이름:3232>くんに、楽しい遊び方を<6E5C>教えてもらうッチ!?,,
dom1Yuri_S07.mes,Script/dom1Yuri_S07.mes,9,23,주인공,(あれ?なんか変な誤解をされた<6E5C>ような……),,
dom1Yuri_S09.mes,Script/dom1Yuri_S09.mes,0,14,주인공,(ユリさん、いるかな……),,
dom1Yuri_S09.mes,Script/dom1Yuri_S09.mes,1,16,주인공,なんでおまえが出てくるんだよ!,,
dom1Yuri_S09.mes,Script/dom1Yuri_S09.mes,2,23,Kaidou,オレだってオマエになんかに<6E5C>会いたくねーよ!,,
dom1Yuri_S09.mes,Script/dom1Yuri_S09.mes,3,7,주인공,ユリさんは?,,
dom1Yuri_S09.mes,Script/dom1Yuri_S09.mes,4,44,Kaidou,最近、おまえの後輩が道場の周りに<6E5C>出没して、ユリ師範を狙ってるから<6E5C>な.不在が多いんだ,,
dom1Yuri_S09.mes,Script/dom1Yuri_S09.mes,5,31,주인공,か、香澄のやつか…….あいつ、<6E5C>極限流を目の敵にしてるもんな,,
dom1Yuri_S09.mes,Script/dom1Yuri_S09.mes,6,39,Kaidou,しかたないって、逆恨みされてイイ<6E5C>迷惑だぜ!おまえはどっちの味方<6E5C>なんだよ!,,
dom1Yuri_S09.mes,Script/dom1Yuri_S09.mes,7,4,주인공,え……,,
dom1Yuri_S09.mes,Script/dom1Yuri_S09.mes,8,14,[선택지],ユリさんの味方だ香澄の味方だ,,
dom1Yuri_S09.mes,Script/dom1Yuri_S09.mes,9,12,주인공,俺はユリさんの味方だよ,,
dom1Yuri_S09.mes,Script/dom1Yuri_S09.mes,10,29,Kaidou,そーかよ.だったら後輩のこと、<6E5C>テメェがなんとかしろよ!,,
dom1Yuri_S09.mes,Script/dom1Yuri_S09.mes,11,14,주인공,(そんなこと言っても……),,
dom1Yuri_S09.mes,Script/dom1Yuri_S09.mes,12,10,주인공,俺は香澄の味方だよ,,
dom1Yuri_S09.mes,Script/dom1Yuri_S09.mes,13,27,Kaidou,あ?じゃあ、なんでお前は極限流<6E5C>の道場に顔だしてんだ,,
dom1Yuri_S09.mes,Script/dom1Yuri_S09.mes,14,13,주인공,……俺は両方の味方なんだ,,
dom1Yuri_S09.mes,Script/dom1Yuri_S09.mes,15,36,Kaidou,相変わらずフヌケ野郎だな!<6E5C>はっきりしねぇからオマエは<6E5C>ダメなんだよ!,,
dom1Yuri_S09.mes,Script/dom1Yuri_S09.mes,16,13,주인공,そこまで言わなくても……,,
dom1Yuri_S10.mes,Script/dom1Yuri_S10.mes,0,9,Yuri,あー、<이름:3232>くん!,,
dom1Yuri_S10.mes,Script/dom1Yuri_S10.mes,1,13,주인공,ユリさん.買い物ですか?,,
dom1Yuri_S10.mes,Script/dom1Yuri_S10.mes,2,12,Yuri,晩ごはんの買い出しだよ,,
dom1Yuri_S10.mes,Script/dom1Yuri_S10.mes,3,37,주인공,道場も家事もするって、大変です<6E5C>ね.そういえば、ユリさんの<6E5C>お母さんは?,,
dom1Yuri_S10.mes,Script/dom1Yuri_S10.mes,4,29,Yuri,ママはあたしが子供のときに、<6E5C>事故で亡くなっちゃったんだ,,
dom1Yuri_S10.mes,Script/dom1Yuri_S10.mes,5,9,주인공,……ごめんなさい,,
dom1Yuri_S10.mes,Script/dom1Yuri_S10.mes,6,28,Yuri,気にしないで、昔のことだから.<6E5C><이름:3232>くんのお母さんは?,,
dom1Yuri_S10.mes,Script/dom1Yuri_S10.mes,7,22,주인공,俺の両親は2年前から海外に住んで<6E5C>るんです,,
dom1Yuri_S10.mes,Script/dom1Yuri_S10.mes,8,37,Yuri,じゃあ、家にはいないんだね.<6E5C>あたしが代わりにママになって<6E5C>あげるッチ!,,
dom1Yuri_S10.mes,Script/dom1Yuri_S10.mes,9,28,주인공,ママですか…….じゃあ、誕生日も<6E5C>祝ってもらおうかな?,,
dom1Yuri_S10.mes,Script/dom1Yuri_S10.mes,10,11,Yuri,もうすぐ誕生日なの?,,
dom1Yuri_S10.mes,Script/dom1Yuri_S10.mes,11,10,주인공,24日で18歳です,,
dom1Yuri_S10.mes,Script/dom1Yuri_S10.mes,12,33,Yuri,んじゃ、お祝いするッチ!24日は<6E5C>道場でバースディパーティーね!,,
dom1Yuri_ending1.mes,Script/dom1Yuri_ending1.mes,0,5,[효과음/내레이션],…………,,
dom1Yuri_ending1.mes,Script/dom1Yuri_ending1.mes,1,11,Yuri,<이름:3232>くん!<이름:3232>くん!,,
dom1Yuri_ending1.mes,Script/dom1Yuri_ending1.mes,2,5,주인공,…………,,
dom1Yuri_ending1.mes,Script/dom1Yuri_ending1.mes,3,6,Yuri,<이름:3232>くん!,,
dom1Yuri_ending1.mes,Script/dom1Yuri_ending1.mes,4,9,주인공,……あ、ユリさん,,
dom1Yuri_ending1.mes,Script/dom1Yuri_ending1.mes,5,25,Yuri,よかった!<이름:3232>くん……助けてく<6E5C>れてありがとう!,,
dom1Yuri_ending1.mes,Script/dom1Yuri_ending1.mes,6,17,주인공,え……?あ、ビッグが倒れてる……,,
dom1Yuri_ending1.mes,Script/dom1Yuri_ending1.mes,7,5,Kaidou,<이름:3131>……,,
dom1Yuri_ending1.mes,Script/dom1Yuri_ending1.mes,8,13,주인공,海堂!おまえ、大丈夫かよ,,
dom1Yuri_ending1.mes,Script/dom1Yuri_ending1.mes,9,26,Kaidou,あぁ、このザマだけどな、オマエの<6E5C>ケガよりマシだぜ,,
dom1Yuri_ending1.mes,Script/dom1Yuri_ending1.mes,10,10,주인공,俺……?あ、イテテ,,
dom1Yuri_ending1.mes,Script/dom1Yuri_ending1.mes,11,23,Yuri,動かないで<이름:3232>くん!<6E5C>ひどいケガなんだから!,,
dom1Yuri_ending1.mes,Script/dom1Yuri_ending1.mes,12,15,주인공,ユリさん…………ごめんなさい,,
dom1Yuri_ending1.mes,Script/dom1Yuri_ending1.mes,13,3,Yuri,え?,,
dom1Yuri_ending1.mes,Script/dom1Yuri_ending1.mes,14,55,주인공,俺、助けるって言ったのに、<6E5C>ぜったいに助けるって言ったのに、<485C>けっきょくあいつを倒すことが<6E5C>できなかった…….,,
dom1Yuri_ending1.mes,Script/dom1Yuri_ending1.mes,15,19,주인공,またユリさんに助けられちゃっ<6E5C>た……,,
dom1Yuri_ending1.mes,Script/dom1Yuri_ending1.mes,16,7,Yuri,<이름:3232>くん……,,
dom1Yuri_ending1.mes,Script/dom1Yuri_ending1.mes,17,25,주인공,……こんな情けない男、ユリさん<6E5C>嫌いですよね……,,
dom1Yuri_ending1.mes,Script/dom1Yuri_ending1.mes,18,24,Yuri,あ、あたしこそ……やっぱりダメ<6E5C>だったっチ……,,
dom1Yuri_ending1.mes,Script/dom1Yuri_ending1.mes,19,3,주인공,へ?,,
dom1Yuri_ending1.mes,Script/dom1Yuri_ending1.mes,20,73,Yuri,女の子らしくしようと思って<6E5C>がんばったのに、今度の今度こそ<485C>ちゃんと女らしくしないといけない<6E5C>って思ったのに、けっきょく自分で<6E5C>倒しちゃって……,,
dom1Yuri_ending1.mes,Script/dom1Yuri_ending1.mes,21,5,주인공,……プッ,,
dom1Yuri_ending1.mes,Script/dom1Yuri_ending1.mes,22,2,Yuri,?,,
dom1Yuri_ending1.mes,Script/dom1Yuri_ending1.mes,23,7,주인공,ハハハハハ!,,
dom1Yuri_ending1.mes,Script/dom1Yuri_ending1.mes,24,17,Yuri,なっ……笑うなんてヒドイッチ!!,,
dom1Yuri_ending1.mes,Script/dom1Yuri_ending1.mes,25,25,주인공,ご、ごめんなさい!<6E5C>だって、変なこと考えてるから,,
dom1Yuri_ending1.mes,Script/dom1Yuri_ending1.mes,26,7,Yuri,変なこと!?,,
dom1Yuri_ending1.mes,Script/dom1Yuri_ending1.mes,27,63,주인공,だってそうでしょ?俺はいつも<6E5C>元気なユリさんが好きだから<6E5C>デートを申し込んだんです<485C>おとなしいユリさんなんて<6E5C>魅力ないですよ,,
dom1Yuri_ending1.mes,Script/dom1Yuri_ending1.mes,28,5,Yuri,…………,,
dom1Yuri_ending1.mes,Script/dom1Yuri_ending1.mes,29,41,주인공,女らしくする必要なんてないです<6E5C>よ.いつも十分……その……<6E5C>魅力的なんだから……,,
dom1Yuri_ending1.mes,Script/dom1Yuri_ending1.mes,30,7,Yuri,<이름:3232>くん……,,
dom1Yuri_ending1.mes,Script/dom1Yuri_ending1.mes,31,7,주인공,ユリさん……,,
dom1Yuri_ending1.mes,Script/dom1Yuri_ending1.mes,32,12,Yuri,もぉー、照れるッチ!!,,
dom1Yuri_ending1.mes,Script/dom1Yuri_ending1.mes,33,7,[효과음/내레이션],バッシーン!,,
dom1Yuri_ending1.mes,Script/dom1Yuri_ending1.mes,34,6,주인공,いってー!,,
dom1Yuri_ending1.mes,Script/dom1Yuri_ending1.mes,35,73,Yuri,<이름:3232>くんが必死にあたしのこと<6E5C>助けようとしてくれたから、ビッグ<6E5C>を倒すことができたんだよ!<485C><이름:3232>くんが来なかったら、<6E5C>あたし助かってなかったよ!,,
dom1Yuri_ending1.mes,Script/dom1Yuri_ending1.mes,36,5,주인공,でも……,,
dom1Yuri_ending1.mes,Script/dom1Yuri_ending1.mes,37,29,Yuri,うわーん、うわーん、<6E5C><이름:3232>くんが目覚めて<6E5C>よかったよー!,,
dom1Yuri_ending1.mes,Script/dom1Yuri_ending1.mes,38,5,[효과음/내레이션],ぎゅうっ,,
dom1Yuri_ending1.mes,Script/dom1Yuri_ending1.mes,39,27,주인공,イテテ!そ、そんな抱きしめたら<6E5C>痛いですよ!イテテ!,,
dom1Yuri_ending1.mes,Script/dom1Yuri_ending1.mes,40,29,Kaidou,<이름:3131>……くやしいけどテメー<6E5C>にはかなわないみたいだな……,,
dom1Yuri_ending1.mes,Script/dom1Yuri_ending1.mes,41,8,[효과음/내레이션],そして8月……,,
dom1Yuri_ending1.mes,Script/dom1Yuri_ending1.mes,42,7,Yuri,<이름:3232>くーん!,,
dom1Yuri_ending1.mes,Script/dom1Yuri_ending1.mes,43,9,[효과음/내레이션],♪チリン。チリン,,
dom1Yuri_ending1.mes,Script/dom1Yuri_ending1.mes,44,16,Yuri,急がないと、稽古に遅れるッチ!,,
dom1Yuri_ending1.mes,Script/dom1Yuri_ending1.mes,45,14,주인공,待って下さいよ、ユリさん!,,
dom1Yuri_ending1.mes,Script/dom1Yuri_ending1.mes,46,34,Yuri,ほらほら、早く後ろに乗った!<6E5C>いつまでもデート気分じゃ<6E5C>ダメだよ!,,
dom1Yuri_ending1.mes,Script/dom1Yuri_ending1.mes,47,13,주인공,それはユリさんでしょ!?,,
dom1Yuri_ending1.mes,Script/dom1Yuri_ending1.mes,48,30,Yuri,普段は恋人同士でも、道場に着いた<6E5C>ら師範と門下生だからね!,,
dom1Yuri_ending1.mes,Script/dom1Yuri_ending1.mes,49,36,주인공,そんなのはいまだけですよ.<6E5C>俺、すぐにユリさんより強く<6E5C>なりますからっ,,
dom1Yuri_ending1.mes,Script/dom1Yuri_ending1.mes,50,61,Yuri,たのもし~!じゃー、それまでは<6E5C><이름:3232>くんのことはあたしが<6E5C>守ってあげるね!<485C>刃向かうヤツは、<6E5C>バビッとやっつけちゃうぞ!,,
dom1Yuri_ending1.mes,Script/dom1Yuri_ending1.mes,51,15,주인공,……はあ、俺の負けですよ……,,
dom1Yuri_ending1.mes,Script/dom1Yuri_ending1.mes,52,7,Yuri,よゆうッチ!,,
dom1Yuri_ending1.mes,Script/dom1Yuri_ending1.mes,53,23,주인공,……それより、この自転車どう<6E5C>したんですか?,,
dom1Yuri_ending1.mes,Script/dom1Yuri_ending1.mes,54,15,Yuri,ん?前から使ってる自転車だよ,,
dom1Yuri_ending1.mes,Script/dom1Yuri_ending1.mes,55,23,주인공,前のって……たしか完璧に壊れてま<6E5C>したよね?,,
dom1Yuri_ending1.mes,Script/dom1Yuri_ending1.mes,56,4,Yuri,あ……,,
dom1Yuri_ending1.mes,Script/dom1Yuri_ending1.mes,57,7,[효과음/내레이션],ドッカーン!,,
dom1Yuri_ending1.mes,Script/dom1Yuri_ending1.mes,58,30,Yuri,イテテテ…….またやっちゃった!<6E5C>だいじょうぶ、<이름:3232>くん!,,
dom1Yuri_ending1.mes,Script/dom1Yuri_ending1.mes,59,36,주인공,(こ、この痛みが愛なのか……?<6E5C>これが愛の修行なのか!?<6E5C>お、押忍!),,
dom1Yuri_ending1.mes,Script/dom1Yuri_ending1.mes,60,37,Kaidou,全エンディングコンプリート<6E5C>しやがったな!<485C>さすがはオレ様のライバルだな,,
dom1Yuri_ending1.mes,Script/dom1Yuri_ending1.mes,61,7,UNKNOWN_1d,おめでとー!,,
dom1Yuri_ending2.mes,Script/dom1Yuri_ending2.mes,0,5,[효과음/내레이션],…………,,
dom1Yuri_ending2.mes,Script/dom1Yuri_ending2.mes,1,11,Yuri,<이름:3232>くん!<이름:3232>くん!,,
dom1Yuri_ending2.mes,Script/dom1Yuri_ending2.mes,2,5,주인공,…………,,
dom1Yuri_ending2.mes,Script/dom1Yuri_ending2.mes,3,6,Yuri,<이름:3232>くん!,,
dom1Yuri_ending2.mes,Script/dom1Yuri_ending2.mes,4,9,주인공,……あ、ユリさん,,
dom1Yuri_ending2.mes,Script/dom1Yuri_ending2.mes,5,10,Yuri,良かった目覚めて!,,
dom1Yuri_ending2.mes,Script/dom1Yuri_ending2.mes,6,43,주인공,あ、ビッグが倒れてる…….<6E5C>ってことは、ユリさんが必殺技で<6E5C>倒しちゃったんですか!?,,
dom1Yuri_ending2.mes,Script/dom1Yuri_ending2.mes,7,12,Yuri,<이름:3232>くんのおかげだよ!,,
dom1Yuri_ending2.mes,Script/dom1Yuri_ending2.mes,8,44,주인공,そんな……またユリさんに助けられ<6E5C>ちゃいましたね……トホホ.<6E5C>でも、無事で良かった……,,
dom1Yuri_ending2.mes,Script/dom1Yuri_ending2.mes,9,17,Yuri,<이름:3232>くん、ほんとにありがとう……,,
dom1Yuri_ending2.mes,Script/dom1Yuri_ending2.mes,10,7,주인공,ユリさん……,,
dom1Yuri_ending2.mes,Script/dom1Yuri_ending2.mes,11,6,[효과음/내레이션],バターン!,,
dom1Yuri_ending2.mes,Script/dom1Yuri_ending2.mes,12,3,주인공,!?,,
dom1Yuri_ending2.mes,Script/dom1Yuri_ending2.mes,13,20,UNKNOWN_1f,待てーー!<6E5C>そこの若造、何をしておる!,,
dom1Yuri_ending2.mes,Script/dom1Yuri_ending2.mes,14,41,주인공,な、何!?見るからに怪しげな天<6E5C>狗のお面…….ビッグの他にもまだ<6E5C>敵がいたのか!,,
dom1Yuri_ending2.mes,Script/dom1Yuri_ending2.mes,15,17,UNKNOWN_1f,不届きな輩め、成敗してくれるわ!,,
dom1Yuri_ending2.mes,Script/dom1Yuri_ending2.mes,16,33,주인공,……よぉし、体はボロボロだけど、<6E5C>今度こそユリさんを守ってやる!,,
dom1Yuri_ending2.mes,Script/dom1Yuri_ending2.mes,17,9,Yuri,やめて<이름:3232>くん!,,
dom1Yuri_ending2.mes,Script/dom1Yuri_ending2.mes,18,3,주인공,!?,,
dom1Yuri_ending2.mes,Script/dom1Yuri_ending2.mes,19,17,Yuri,その人は……その人はわたしの……,,
dom1Yuri_ending2.mes,Script/dom1Yuri_ending2.mes,20,6,주인공,まさか……,,
dom1Yuri_ending2.mes,Script/dom1Yuri_ending2.mes,21,7,Yuri,お父さんよ!,,
dom1Yuri_ending2.mes,Script/dom1Yuri_ending2.mes,22,5,주인공,ガーン!,,
dom1Yuri_ending2.mes,Script/dom1Yuri_ending2.mes,23,5,Kaidou,アホー!,,
dom1Yuri_ending2.mes,Script/dom1Yuri_ending2.mes,24,4,[효과음/내레이션],バコッ,,
dom1Yuri_ending2.mes,Script/dom1Yuri_ending2.mes,25,17,주인공,あ、海堂.おまえいつ目覚めたんだ,,
dom1Yuri_ending2.mes,Script/dom1Yuri_ending2.mes,26,44,Kaidou,とっくに目覚めてんだよ!それより<6E5C>オマエ、極限流に入りながら師匠<6E5C>の顔も知らねーのか!,,
dom1Yuri_ending2.mes,Script/dom1Yuri_ending2.mes,27,27,주인공,そ、そう言われれば……なんか見覚<6E5C>えがあるような……,,
dom1Yuri_ending2.mes,Script/dom1Yuri_ending2.mes,28,72,UNKNOWN_11,ふむ…….ユリがビッグにさらわれ<6E5C>たと閉き、サウスタウン行きの飛行<6E5C>機から飛び降りて<485C>帰ってきたのだが、どうやら<6E5C>私のいぬ間に解決したようだな,,
dom1Yuri_ending2.mes,Script/dom1Yuri_ending2.mes,29,27,Yuri,お父さん、<이름:3232>くんと海堂くん<6E5C>が助けてくれたんだよ!,,
dom1Yuri_ending2.mes,Script/dom1Yuri_ending2.mes,30,64,UNKNOWN_11,むぅ!この荒<9C18>した時代になんと<6E5C>勇敢な青年達!君達こそ明日の極<6E5C>限流を背負って立つ人間だ!<485C>今から帰ってさっそく<6E5C>稽古するぞ!,,
dom1Yuri_ending2.mes,Script/dom1Yuri_ending2.mes,31,5,UNKNOWN_12,えぇ~?,,
dom1Yuri_ending2.mes,Script/dom1Yuri_ending2.mes,32,26,Yuri,良かったね!これから毎日<6E5C>いっしょに稽古できるね!,,
dom1Yuri_ending2.mes,Script/dom1Yuri_ending2.mes,33,40,주인공,ユリさんと師匠、ふたりつきっきり<6E5C>の猛稽古か……嬉しいやら大変やら<6E5C>……押忍!,,
dom1Yuri_ending2.mes,Script/dom1Yuri_ending2.mes,34,87,Mai,ヤ<0000><0000><0000><0002><000B><0003><0011><00E0><0001><001E><0000><0000><0000><0000><0000><0011><0001><0000><0000><0000><0000><0006><000A><0000><0000><0000><0001><0018><0015><0000><0001><0000><0000><000D><0000><0000><0000><0000><0000><000E><0000><FFFF><0000><0000><0000><0000><0058><004A><000A>全エンディングコンプリート<6E5C>しやがったな!<485C>さすがはオレ様のライバルだな,,
dom1Yuri_ending2.mes,Script/dom1Yuri_ending2.mes,35,7,UNKNOWN_1d,おめでとー!,,
