file,rel_path,block,n_tokens,speaker,source,ai_draft,translation
dom1Mai_L01.mes,Script/dom1Mai_L01.mes,0,7,[효과음/내레이션],♪ピンポ~ン,,
dom1Mai_L01.mes,Script/dom1Mai_L01.mes,1,3,주인공,はい,,
dom1Mai_L01.mes,Script/dom1Mai_L01.mes,2,4,[효과음/내레이션],ガチャ,,
dom1Mai_L01.mes,Script/dom1Mai_L01.mes,3,37,Mai,ね、ちょっとお願いがあるん<6E5C>だけど、ショッピングに<6E5C>つき合ってくれない?,,
dom1Mai_L01.mes,Script/dom1Mai_L01.mes,4,13,주인공,いや、今日はちょっと……,,
dom1Mai_L01.mes,Script/dom1Mai_L01.mes,5,8,Mai,何?イヤなの?,,
dom1Mai_L01.mes,Script/dom1Mai_L01.mes,6,42,주인공,い、いや~今日はちょっと、<6E5C>舞さんと買い物にでも行きたいな、<6E5C>と思ってたんですよ!,,
dom1Mai_L01.mes,Script/dom1Mai_L01.mes,7,5,Mai,よろしい,,
dom1Mai_L01.mes,Script/dom1Mai_L01.mes,8,31,주인공,(結局、俺は舞さんにあちこち連れ<6E5C>回されることになった……),,
dom1Mai_L01_2.mes,Script/dom1Mai_L01_2.mes,0,42,Mai,あ~楽しかった!すっかり遅くなっ<6E5C>ちゃったね.付き合ってくれた<6E5C>お礼に一杯おごるわ,,
dom1Mai_L01_2.mes,Script/dom1Mai_L01_2.mes,1,16,주인공,一杯って……俺、高校生ですから,,
dom1Mai_L01_2.mes,Script/dom1Mai_L01_2.mes,2,11,Mai,だいじょうぶだって!,,
dom1Mai_L01_2.mes,Script/dom1Mai_L01_2.mes,3,7,주인공,は、はぁ……,,
dom1Mai_L01_2.mes,Script/dom1Mai_L01_2.mes,4,24,주인공,(ま、俺に舞さんを止められるわけ<6E5C>ないか……),,
dom1Mai_L01_2.mes,Script/dom1Mai_L01_2.mes,5,12,[효과음/내레이션],♪カランコロンカラ~ン,,
dom1Mai_L01_2.mes,Script/dom1Mai_L01_2.mes,6,12,Mai,こんばんは、キングさん,,
dom1Mai_L01_2.mes,Script/dom1Mai_L01_2.mes,7,10,King,ああ、いらっしゃい,,
dom1Mai_L01_2.mes,Script/dom1Mai_L01_2.mes,8,8,Yuri,あれ、君は……,,
dom1Mai_L01_2.mes,Script/dom1Mai_L01_2.mes,9,8,주인공,あ、ユリさん!,,
dom1Mai_L01_2.mes,Script/dom1Mai_L01_2.mes,10,16,Yuri,偶然だねぇ、君も飲みに来たの?,,
dom1Mai_L01_2.mes,Script/dom1Mai_L01_2.mes,11,9,주인공,いえいえ、まさか,,
dom1Mai_L01_2.mes,Script/dom1Mai_L01_2.mes,12,28,Yuri,なんだ~?<6E5C>男の子のくせに、<6E5C>お酒も飲めないのかぁ!?,,
dom1Mai_L01_2.mes,Script/dom1Mai_L01_2.mes,13,21,Mai,ちょっと、<6E5C>私の連れにからまないでよね!,,
dom1Mai_L01_2.mes,Script/dom1Mai_L01_2.mes,14,7,Yuri,ん、誰ッチ?,,
dom1Mai_L01_2.mes,Script/dom1Mai_L01_2.mes,15,12,Mai,な……誰、ですってぇ?,,
dom1Mai_L01_2.mes,Script/dom1Mai_L01_2.mes,16,14,주인공,ま、舞さん、落ち着いて……,,
dom1Mai_L01_2.mes,Script/dom1Mai_L01_2.mes,17,20,Mai,これが落ち着いてられますか!<6E5C>勝負よ!,,
dom1Mai_L01_2.mes,Script/dom1Mai_L01_2.mes,18,13,Yuri,よ~し、飲み比べしよう!,,
dom1Mai_L01_2.mes,Script/dom1Mai_L01_2.mes,19,8,Mai,望むところよ!,,
dom1Mai_L01_2.mes,Script/dom1Mai_L01_2.mes,20,12,주인공,あ、あの、ふたりとも?,,
dom1Mai_L01_2.mes,Script/dom1Mai_L01_2.mes,21,5,Mai,日本一!,,
dom1Mai_L01_2.mes,Script/dom1Mai_L01_2.mes,22,7,Yuri,よゆうッチ!,,
dom1Mai_L01_2.mes,Script/dom1Mai_L01_2.mes,23,65,주인공,(あ~ふたりとも<6E5C>意味不明なこと口走ってる<485C>キングさんはなんか楽しそうだし<6E5C>……って、ふたりとも一杯で<6E5C>つぶれてるじゃねえか!),,
dom1Mai_L01_2.mes,Script/dom1Mai_L01_2.mes,24,49,King,ふたりとも酔いつぶれちゃったな<485C><이름:3131>君、<6E5C>舞のほうはよろしく頼んだよ.<6E5C>家まで送って行ってあげて,,
dom1Mai_L01_2.mes,Script/dom1Mai_L01_2.mes,25,5,주인공,はぁ……,,
dom1Mai_L01_2.mes,Script/dom1Mai_L01_2.mes,26,20,주인공,(まったく、冗談じゃねえよ<6E5C>なぁ……),,
dom1Mai_L02.mes,Script/dom1Mai_L02.mes,0,14,주인공,(フゥ……今日も疲れたな),,
dom1Mai_L02.mes,Script/dom1Mai_L02.mes,1,6,UNKNOWN_13,キャー!!,,
dom1Mai_L02.mes,Script/dom1Mai_L02.mes,2,16,주인공,なんだ!?舞さんの部屋からだ!,,
dom1Mai_L02.mes,Script/dom1Mai_L02.mes,3,12,[선택지],様子を見に行く放っておく,,
dom1Mai_L02.mes,Script/dom1Mai_L02.mes,4,15,주인공,(様子を見に行かなくちゃ!),,
dom1Mai_L02.mes,Script/dom1Mai_L02.mes,5,5,[효과음/내레이션],バタン!,,
dom1Mai_L02.mes,Script/dom1Mai_L02.mes,6,2,주인공,!,,
dom1Mai_L02.mes,Script/dom1Mai_L02.mes,7,9,주인공,ま、舞さん……?,,
dom1Mai_L02.mes,Script/dom1Mai_L02.mes,8,17,Mai,は~助かった.私、クモ苦手なのよ,,
dom1Mai_L02.mes,Script/dom1Mai_L02.mes,9,20,주인공,ク、クモですか?それであんな悲<6E5C>鳴を?,,
dom1Mai_L02.mes,Script/dom1Mai_L02.mes,10,9,Mai,な、何よ.悪い?,,
dom1Mai_L02.mes,Script/dom1Mai_L02.mes,11,12,주인공,いえいえ、ラッキーです,,
dom1Mai_L02.mes,Script/dom1Mai_L02.mes,12,41,Mai,あ、エッチ!どこ見てるのよ!<6E5C>もう、着替えて<이름:3232>君の部屋に<6E5C>行くから、出てって!,,
dom1Mai_L02.mes,Script/dom1Mai_L02.mes,13,14,주인공,(まったく、勝手な人だな),,
dom1Mai_L02.mes,Script/dom1Mai_L02.mes,14,44,Mai,さっきはありがとう.<이름:3232>君が<6E5C>いなかったら、パニックでどうして<6E5C>いいかわからなかったわ,,
dom1Mai_L02.mes,Script/dom1Mai_L02.mes,15,20,주인공,(お、めずらしく殊勝なこと言って<6E5C>る),,
dom1Mai_L02.mes,Script/dom1Mai_L02.mes,16,16,Mai,ね、今日がなんの日か知ってる?,,
dom1Mai_L02.mes,Script/dom1Mai_L02.mes,17,7,주인공,七夕でしょ?,,
dom1Mai_L02.mes,Script/dom1Mai_L02.mes,18,10,Mai,正解!で……これ!,,
dom1Mai_L02.mes,Script/dom1Mai_L02.mes,19,5,주인공,あ、短冊,,
dom1Mai_L02.mes,Script/dom1Mai_L02.mes,20,17,Mai,そう.一緒に願い事を書きましょう,,
dom1Mai_L02.mes,Script/dom1Mai_L02.mes,21,6,주인공,いいですね,,
dom1Mai_L02.mes,Script/dom1Mai_L02.mes,22,23,주인공,(それから俺たちはそれぞれ願い事<6E5C>を書いた),,
dom1Mai_L02.mes,Script/dom1Mai_L02.mes,23,14,Mai,<이름:3232>君は何をお願いしたの?,,
dom1Mai_L02.mes,Script/dom1Mai_L02.mes,24,8,주인공,平和、ですかね,,
dom1Mai_L02.mes,Script/dom1Mai_L02.mes,25,10,Mai,何それ?世界平和?,,
dom1Mai_L02.mes,Script/dom1Mai_L02.mes,26,15,주인공,いや、俺の学生生活の平和です,,
dom1Mai_L02.mes,Script/dom1Mai_L02.mes,27,13,Mai,まったく、おじさんみたい,,
dom1Mai_L02.mes,Script/dom1Mai_L02.mes,28,23,주인공,そう言う舞さんは、何をお願い<6E5C>したんですか?,,
dom1Mai_L02.mes,Script/dom1Mai_L02.mes,29,9,Mai,わ、私のは秘密よ,,
dom1Mai_L02.mes,Script/dom1Mai_L02.mes,30,38,주인공,(なんだよ、人には閉いておい<6E5C>て…….とはいえ無理に閉く勇気も<6E5C>ないけど),,
dom1Mai_L02.mes,Script/dom1Mai_L02.mes,31,26,주인공,(俺には関係ないよな.触らぬ神に<6E5C>たたりなし、だ),,
dom1Mai_L03.mes,Script/dom1Mai_L03.mes,0,12,주인공,(ん……イヤな予感!),,
dom1Mai_L03.mes,Script/dom1Mai_L03.mes,1,5,Mai,<이름:3232>君!,,
dom1Mai_L03.mes,Script/dom1Mai_L03.mes,2,5,주인공,来たっ!,,
dom1Mai_L03.mes,Script/dom1Mai_L03.mes,3,9,Mai,何、何が来たの?,,
dom1Mai_L03.mes,Script/dom1Mai_L03.mes,4,15,주인공,しまった、つい口に出して……,,
dom1Mai_L03.mes,Script/dom1Mai_L03.mes,5,27,Mai,ちょうどいいところに来たわね.<6E5C>お願いがあるんだけど,,
dom1Mai_L03.mes,Script/dom1Mai_L03.mes,6,10,주인공,な、なんでしょう?,,
dom1Mai_L03.mes,Script/dom1Mai_L03.mes,7,38,Mai,ひとりで街を歩いてたんだけど、<6E5C>退屈で.どこかおもしろいとこ<6E5C>連れてってよ,,
dom1Mai_L03.mes,Script/dom1Mai_L03.mes,8,10,주인공,おもしろいところ?,,
dom1Mai_L03.mes,Script/dom1Mai_L03.mes,9,16,[선택지],きもだめしに誘う自分の部屋に誘う,,
dom1Mai_L03.mes,Script/dom1Mai_L03.mes,10,15,Mai,きもだめし!?おもしろそう!,,
dom1Mai_L03.mes,Script/dom1Mai_L03.mes,11,17,주인공,よかった……それじゃ行きましょう,,
dom1Mai_L03.mes,Script/dom1Mai_L03.mes,12,4,Mai,うん!,,
dom1Mai_L03.mes,Script/dom1Mai_L03.mes,13,37,Mai,<이름:3232>君の部屋に行ってもつまら<6E5C>ないじゃない.<6E5C>もういい、ひとりで遊ぶから,,
dom1Mai_L03.mes,Script/dom1Mai_L03.mes,14,11,주인공,はぁ、申し訳ないっす,,
dom1Mai_L03.mes,Script/dom1Mai_L03.mes,15,14,주인공,(なんだよ、失礼な人だな),,
dom1Mai_L03_2.mes,Script/dom1Mai_L03_2.mes,0,26,주인공,(俺たちは夜まで時間をつぶして、<6E5C>学校へ向かった),,
dom1Mai_L03_2.mes,Script/dom1Mai_L03_2.mes,1,27,Mai,へぇ~ここが<이름:3232>君の学校か.なん<6E5C>か懐かしい感じだね,,
dom1Mai_L03_2.mes,Script/dom1Mai_L03_2.mes,2,25,주인공,あ、舞さん、俺たちの番が回ってき<6E5C>たみたいですよ,,
dom1Mai_L03_2.mes,Script/dom1Mai_L03_2.mes,3,10,Mai,よ~し、行くわよ!,,
dom1Mai_L03_2.mes,Script/dom1Mai_L03_2.mes,4,3,Mai,……,,
dom1Mai_L03_2.mes,Script/dom1Mai_L03_2.mes,5,12,Mai,……あんまり怖くないね,,
dom1Mai_L03_2.mes,Script/dom1Mai_L03_2.mes,6,8,주인공,そ、そうですね,,
dom1Mai_L03_2.mes,Script/dom1Mai_L03_2.mes,7,29,Mai,なんでそんなにくっついて歩くの?<6E5C>もしかして怖いとか……,,
dom1Mai_L03_2.mes,Script/dom1Mai_L03_2.mes,8,7,주인공,ま、まさか!,,
dom1Mai_L03_2.mes,Script/dom1Mai_L03_2.mes,9,17,Mai,そうよね、男の子が……キャー!!,,
dom1Mai_L03_2.mes,Script/dom1Mai_L03_2.mes,10,21,주인공,な、何!?<6E5C>(ま、舞さんの胸が腕に……),,
dom1Mai_L03_2.mes,Script/dom1Mai_L03_2.mes,11,7,Mai,ク、クモ……,,
dom1Mai_L03_2.mes,Script/dom1Mai_L03_2.mes,12,40,주인공,ああ、なんだ、ちっちゃなクモじゃ<6E5C>ないですか.はい、どっかやっちゃ<6E5C>いましたよ,,
dom1Mai_L03_2.mes,Script/dom1Mai_L03_2.mes,13,34,Mai,フゥ、助かった……やっぱりこうい<6E5C>う時には、男の子は頼りになるわね,,
dom1Mai_L03_2.mes,Script/dom1Mai_L03_2.mes,14,31,주인공,そんな、たかがクモごときで……<6E5C>ってこれで終わりみたいですよ,,
dom1Mai_L03_2.mes,Script/dom1Mai_L03_2.mes,15,11,Mai,けっこう楽しかったね,,
dom1Mai_L03_2.mes,Script/dom1Mai_L03_2.mes,16,17,주인공,喜んでもらえたなら、よかったです,,
dom1Mai_L04.mes,Script/dom1Mai_L04.mes,0,7,UNKNOWN_21,待ってくれ!,,
dom1Mai_L04.mes,Script/dom1Mai_L04.mes,1,31,Mai,しつっこいな!もうあなたと私は<6E5C>無関係だって言ってるでしょ!,,
dom1Mai_L04.mes,Script/dom1Mai_L04.mes,2,19,주인공,(なんだ?あれ、舞さんじゃない<6E5C>か),,
dom1Mai_L04.mes,Script/dom1Mai_L04.mes,3,16,UNKNOWN_10,舞、何をそんなに怒ってるんだよ,,
dom1Mai_L04.mes,Script/dom1Mai_L04.mes,4,13,Mai,私は家には帰らないわよ!,,
dom1Mai_L04.mes,Script/dom1Mai_L04.mes,5,31,UNKNOWN_10,そんなこと言わないで……お祖父さ<6E5C>まも待ってる.さあ、帰ろう,,
dom1Mai_L04.mes,Script/dom1Mai_L04.mes,6,14,Mai,ちょ、ちょっと、放してよ!,,
dom1Mai_L04.mes,Script/dom1Mai_L04.mes,7,4,주인공,あの~,,
dom1Mai_L04.mes,Script/dom1Mai_L04.mes,8,10,UNKNOWN_10,ん?なんだい君は?,,
dom1Mai_L04.mes,Script/dom1Mai_L04.mes,9,5,Mai,<이름:3232>君!,,
dom1Mai_L04.mes,Script/dom1Mai_L04.mes,10,16,주인공,ども、舞さん.お邪魔でしたか?,,
dom1Mai_L04.mes,Script/dom1Mai_L04.mes,11,10,Mai,ううん、助かったわ,,
dom1Mai_L04.mes,Script/dom1Mai_L04.mes,12,8,UNKNOWN_10,舞、こちらは?,,
dom1Mai_L04.mes,Script/dom1Mai_L04.mes,13,15,Mai,私のボディーガードの<이름:3232>君よ,,
dom1Mai_L04.mes,Script/dom1Mai_L04.mes,14,10,주인공,ボディーガード!?,,
dom1Mai_L04.mes,Script/dom1Mai_L04.mes,15,28,UNKNOWN_10,君、これは僕と舞の問題なんだ.<6E5C>下がっていてくれるかな,,
dom1Mai_L04.mes,Script/dom1Mai_L04.mes,16,17,주인공,え~っと……そうもいかないみたい,,
dom1Mai_L04.mes,Script/dom1Mai_L04.mes,17,24,UNKNOWN_10,おもしろいことを言うね.<6E5C>僕と勝負する気かい?,,
dom1Mai_L04.mes,Script/dom1Mai_L04.mes,18,8,주인공,……仕方ないな,,
dom1Mai_L04.mes,Script/dom1Mai_L04.mes,19,34,Mai,<이름:3232>君!<6E5C>アンディは骨法の達人なの!<6E5C>ケンカはやめたほうがいいわ!,,
dom1Mai_L04.mes,Script/dom1Mai_L04.mes,20,16,주인공,一応、俺も武道をやってますから,,
dom1Mai_L04.mes,Script/dom1Mai_L04.mes,21,12,UNKNOWN_10,おもしろい!斬影拳!!,,
dom1Mai_L04.mes,Script/dom1Mai_L04.mes,22,5,[효과음/내레이션],ガシッ!,,
dom1Mai_L04.mes,Script/dom1Mai_L04.mes,23,14,UNKNOWN_10,な、僕の斬影拳を止めた!?,,
dom1Mai_L04.mes,Script/dom1Mai_L04.mes,24,13,Mai,<이름:3232>君、すごいじゃない!,,
dom1Mai_L04.mes,Script/dom1Mai_L04.mes,25,33,Mai,アンディ、これ以上騒いだら警察が<6E5C>来るわよ.さっさと帰りなさい!,,
dom1Mai_L04.mes,Script/dom1Mai_L04.mes,26,40,UNKNOWN_10,く、仕方ない……今日のところは僕<6E5C>が下がろう.だけど舞、また迎えに<6E5C>来るからね,,
dom1Mai_L04.mes,Script/dom1Mai_L04.mes,27,17,Mai,ありがとう.<6E5C>助かったわ、<이름:3232>君,,
dom1Mai_L04.mes,Script/dom1Mai_L04.mes,28,27,주인공,いや、舞さんが止めてくれなかった<6E5C>らやられてましたよ,,
dom1Mai_L04.mes,Script/dom1Mai_L04.mes,29,23,Mai,ごめんね.アンディにはきつく<6E5C>言っておくから,,
dom1Mai_L04.mes,Script/dom1Mai_L04.mes,30,6,주인공,舞さん……,,
dom1Mai_L04.mes,Script/dom1Mai_L04.mes,31,23,Mai,ごめん、事情は今は話せないの.<6E5C>ごめんね……,,
dom1Mai_L04.mes,Script/dom1Mai_L04.mes,32,14,주인공,そうですか……わかりました,,
dom1Mai_L05.mes,Script/dom1Mai_L05.mes,0,43,UNKNOWN_01,8<0002><0011><0001><0000><0000><0000><0000><0006><000A><000B><0000><0000><0001><000F><0000><0000><0000><0000><0000><002A><0000><0000><0000><0000><0000><0010><0006><0000><0000><0000><0000><0000><001C><000E><FFFF>♪ピンポ~ン,,
dom1Mai_L05.mes,Script/dom1Mai_L05.mes,1,3,주인공,はい,,
dom1Mai_L05.mes,Script/dom1Mai_L05.mes,2,4,[효과음/내레이션],ガチャ,,
dom1Mai_L05.mes,Script/dom1Mai_L05.mes,3,49,Mai,おはよう!<이름:3232>君の学校って、<6E5C>今日が終業式だよね?<485C>学校が終わったらキングさんの<6E5C>店に行かない?,,
dom1Mai_L05.mes,Script/dom1Mai_L05.mes,4,6,[선택지],行くやめとく,,
dom1Mai_L05.mes,Script/dom1Mai_L05.mes,5,13,주인공,いいですよ、行きましょう,,
dom1Mai_L05.mes,Script/dom1Mai_L05.mes,6,40,Mai,それじゃ、終業式が終わったら<6E5C>イリュージョンに来てね.<6E5C>先に行って待ってるから,,
dom1Mai_L05.mes,Script/dom1Mai_L05.mes,7,7,주인공,わかりました,,
dom1Mai_L05.mes,Script/dom1Mai_L05.mes,8,16,주인공,すみません、今日はやめときます,,
dom1Mai_L05.mes,Script/dom1Mai_L05.mes,9,9,Mai,そう……わかった,,
dom1Mai_L05.mes,Script/dom1Mai_L05.mes,10,3,주인공,……,,
dom1Mai_L06.mes,Script/dom1Mai_L06.mes,0,24,주인공,(今日も疲れたな……マンガでも<6E5C>読んで寝よう),,
dom1Mai_L06.mes,Script/dom1Mai_L06.mes,1,16,주인공,あれ、停電かな?懐中電灯は……,,
dom1Mai_L06.mes,Script/dom1Mai_L06.mes,2,28,주인공,(もしかして、ほかの部屋も停電に<6E5C>なってるのかな……),,
dom1Mai_L06.mes,Script/dom1Mai_L06.mes,3,18,[선택지],舞さんは大丈夫かなま、どうでもいいか,,
dom1Mai_L06.mes,Script/dom1Mai_L06.mes,4,21,[선택지],4<0001><0000><002C><001E><0002>(ちょっと様子を見に行こう),,
dom1Mai_L06.mes,Script/dom1Mai_L06.mes,5,7,[효과음/내레이션],♪ピンポ~ン,,
dom1Mai_L06.mes,Script/dom1Mai_L06.mes,6,14,주인공,だいじょうぶですか、舞さん,,
dom1Mai_L06.mes,Script/dom1Mai_L06.mes,7,4,[효과음/내레이션],ガチャ,,
dom1Mai_L06.mes,Script/dom1Mai_L06.mes,8,55,Mai,ええ、だいじょうぶ.ちょっとびっ<6E5C>くりしただけ<485C>それより、さっきからロウソクを<6E5C>探してるんだけど……キャッ!,,
dom1Mai_L06.mes,Script/dom1Mai_L06.mes,9,5,[효과음/내레이션],ドタッ!,,
dom1Mai_L06.mes,Script/dom1Mai_L06.mes,10,12,Mai,あ……!ちょっと……!,,
dom1Mai_L06.mes,Script/dom1Mai_L06.mes,11,12,주인공,え、あ!ごめんなさい!,,
dom1Mai_L06.mes,Script/dom1Mai_L06.mes,12,3,Mai,……,,
dom1Mai_L06.mes,Script/dom1Mai_L06.mes,13,3,주인공,……,,
dom1Mai_L06.mes,Script/dom1Mai_L06.mes,14,15,주인공,(なんだ、この沈黙は……?),,
dom1Mai_L06.mes,Script/dom1Mai_L06.mes,15,3,Mai,……,,
dom1Mai_L06.mes,Script/dom1Mai_L06.mes,16,15,주인공,(もしかして、このまま……),,
dom1Mai_L06.mes,Script/dom1Mai_L06.mes,17,5,Mai,ねえ……,,
dom1Mai_L06.mes,Script/dom1Mai_L06.mes,18,8,주인공,は……はい……,,
dom1Mai_L06.mes,Script/dom1Mai_L06.mes,19,14,Mai,いつまでこうしてるつもり?,,
dom1Mai_L06.mes,Script/dom1Mai_L06.mes,20,8,주인공,あ、すみません,,
dom1Mai_L06.mes,Script/dom1Mai_L06.mes,21,15,주인공,(何を期待してるんだ、俺は),,
dom1Mai_L06.mes,Script/dom1Mai_L06.mes,22,15,Mai,ありがと、心配して来てくれて,,
dom1Mai_L06.mes,Script/dom1Mai_L06.mes,23,8,주인공,いや、別に……,,
dom1Mai_L06.mes,Script/dom1Mai_L06.mes,24,39,Mai,ほらほら、いつまで若い乙女の部屋<6E5C>にいるつもり?早く自分の部屋に<6E5C>帰りなさい,,
dom1Mai_L06.mes,Script/dom1Mai_L06.mes,25,15,주인공,それじゃ、俺はこのへんで……,,
dom1Mai_L06.mes,Script/dom1Mai_L06.mes,26,5,Mai,……うん,,
dom1Mai_L06.mes,Script/dom1Mai_L06.mes,27,29,주인공,(お、電気がついた.やっぱり大し<6E5C>たことなかったんだな),,
dom1Mai_L07.mes,Script/dom1Mai_L07.mes,0,7,[효과음/내레이션],♪ピンポ~ン,,
dom1Mai_L07.mes,Script/dom1Mai_L07.mes,1,3,주인공,はい,,
dom1Mai_L07.mes,Script/dom1Mai_L07.mes,2,4,[효과음/내레이션],ガチャ,,
dom1Mai_L07.mes,Script/dom1Mai_L07.mes,3,21,Mai,約束、ちゃんと覚えてたね.<6E5C>えらいえらい,,
dom1Mai_L07.mes,Script/dom1Mai_L07.mes,4,6,주인공,ええ、まあ,,
dom1Mai_L07.mes,Script/dom1Mai_L07.mes,5,34,Mai,さて、こんなとこでうかうかしてら<6E5C>れないわ.早く会場に向かいましょ,,
dom1Mai_L07.mes,Script/dom1Mai_L07.mes,6,15,주인공,悪かったですね、こんなとこで,,
dom1Mai_L07.mes,Script/dom1Mai_L07.mes,7,20,Mai,行くわよ!<6E5C>いい場所とるのは男の役目!,,
dom1Mai_L07.mes,Script/dom1Mai_L07.mes,8,3,주인공,は?,,
dom1Mai_L07.mes,Script/dom1Mai_L07.mes,9,6,Mai,出発よ!!,,
dom1Mai_L07.mes,Script/dom1Mai_L07.mes,10,6,주인공,は、はい!,,
dom1Mai_L07.mes,Script/dom1Mai_L07.mes,11,30,주인공,(なんだよ、誘いに来たんなら、<6E5C>もうちょっと女らしく……),,
dom1Mai_L07_2.mes,Script/dom1Mai_L07_2.mes,0,11,Mai,うわ~、きれいだねぇ,,
dom1Mai_L07_2.mes,Script/dom1Mai_L07_2.mes,1,32,주인공,(君のほうがきれいだよ……な~ん<6E5C>て言ったら怒鳴られそうだな),,
dom1Mai_L07_2.mes,Script/dom1Mai_L07_2.mes,2,9,Mai,ん、どうしたの?,,
dom1Mai_L07_2.mes,Script/dom1Mai_L07_2.mes,3,23,주인공,いや、舞さんが持ってる包み、<6E5C>何かなと思って,,
dom1Mai_L07_2.mes,Script/dom1Mai_L07_2.mes,4,23,Mai,これ?じゃ~ん、おせち料理を<6E5C>作ってきたんだ,,
dom1Mai_L07_2.mes,Script/dom1Mai_L07_2.mes,5,32,주인공,うわ、すげえ.本格的なおせちだ.<6E5C>でも……なんで花火におせち?,,
dom1Mai_L07_2.mes,Script/dom1Mai_L07_2.mes,6,21,Mai,細かいこといわない.まずは食べて<6E5C>みてよ,,
dom1Mai_L07_2.mes,Script/dom1Mai_L07_2.mes,7,12,주인공,それじゃ、いただきます,,
dom1Mai_L07_2.mes,Script/dom1Mai_L07_2.mes,8,13,[선택지],う、うまい!う、う~ん……,,
dom1Mai_L07_2.mes,Script/dom1Mai_L07_2.mes,9,42,[선택지],0<0001><0018><0004><0004><0001><0000><0000><0000><0048><003C><0005>ほんとに?よかった.朝からがん<6E5C>ばって作った甲斐があったわ,,
dom1Mai_L07_2.mes,Script/dom1Mai_L07_2.mes,10,14,주인공,朝から俺のためにこれを……,,
dom1Mai_L07_2.mes,Script/dom1Mai_L07_2.mes,11,20,Mai,そ、そんなに大した手間じゃないの<6E5C>よ!,,
dom1Mai_L07_2.mes,Script/dom1Mai_L07_2.mes,12,25,주인공,いや~ほんとにうまいです.<6E5C>ありがとうございます,,
dom1Mai_L07_2.mes,Script/dom1Mai_L07_2.mes,13,3,Mai,……,,
dom1Mai_L07_2.mes,Script/dom1Mai_L07_2.mes,14,28,주인공,なんですか、じーっと見て.<6E5C>俺の顔になんかついてます?,,
dom1Mai_L07_2.mes,Script/dom1Mai_L07_2.mes,15,25,Mai,ううん、ほんとにおいしそうに食べ<6E5C>るなぁと思って,,
dom1Mai_L07_2.mes,Script/dom1Mai_L07_2.mes,16,15,주인공,だって、ほんとにうまいですよ,,
dom1Mai_L07_2.mes,Script/dom1Mai_L07_2.mes,17,8,Mai,フフ、ありがと,,
dom1Mai_L07_2.mes,Script/dom1Mai_L07_2.mes,18,13,Mai,あれ、おいしくなかった?,,
dom1Mai_L07_2.mes,Script/dom1Mai_L07_2.mes,19,17,주인공,いや、これはこれで、個性的で……,,
dom1Mai_L07_2.mes,Script/dom1Mai_L07_2.mes,20,7,Mai,……ごめんね,,
dom1Mai_L07_2.mes,Script/dom1Mai_L07_2.mes,21,15,주인공,(なんか気まずい空気が……),,
dom1Mai_L08.mes,Script/dom1Mai_L08.mes,0,44,Mai,ありがとう、<이름:3232>君.そろそろ<6E5C>実家に顔を出さなきゃって思って<6E5C>たし、ちょうどよかったわ,,
dom1Mai_L08.mes,Script/dom1Mai_L08.mes,1,21,주인공,舞さんの実家って、この近くなんで<6E5C>すか?,,
dom1Mai_L08.mes,Script/dom1Mai_L08.mes,2,9,Mai,ええ.すぐそこよ,,
dom1Mai_L08.mes,Script/dom1Mai_L08.mes,3,22,주인공,じゃあ、俺はその辺をブラブラしと<6E5C>きますよ,,
dom1Mai_L08.mes,Script/dom1Mai_L08.mes,4,33,Mai,うん.<6E5C><이름:3232>君は観光を楽しんでね.<6E5C>夜に一緒に温泉に行きましょう,,
dom1Mai_L08.mes,Script/dom1Mai_L08.mes,5,7,주인공,わかりました,,
dom1Mai_L08.mes,Script/dom1Mai_L08.mes,6,32,주인공,(とは言ってみたものの、ひとりで<6E5C>回っても楽しくないなぁ……),,
dom1Mai_L08.mes,Script/dom1Mai_L08.mes,7,4,UNKNOWN_21,<이름:3131>!,,
dom1Mai_L08.mes,Script/dom1Mai_L08.mes,8,13,주인공,この不愉快な叫び声は……,,
dom1Mai_L08.mes,Script/dom1Mai_L08.mes,9,27,주인공,……いくらひとりがイヤでも、<6E5C>お前とは絡みたくねえよ,,
dom1Mai_L08.mes,Script/dom1Mai_L08.mes,10,16,Kaidou,あ、このヤロー、待ちやがれ!!,,
dom1Mai_L08.mes,Script/dom1Mai_L08.mes,11,19,주인공,(ハァ……まったく、ついてない<6E5C>よ),,
dom1Mai_L08.mes,Script/dom1Mai_L08.mes,12,21,Mai,お待たせ.<6E5C>それじゃ温泉に行きましょうか,,
dom1Mai_L08.mes,Script/dom1Mai_L08.mes,13,12,[선택지],そうですねもう寝たいです,,
dom1Mai_L08.mes,Script/dom1Mai_L08.mes,14,7,Mai,よし、行こう,,
dom1Mai_L08.mes,Script/dom1Mai_L08.mes,15,28,주인공,(それから俺たちは男湯と女湯に<6E5C>分かれて温泉に入った),,
dom1Mai_L08.mes,Script/dom1Mai_L08.mes,16,9,주인공,ふ~生き返るなぁ,,
dom1Mai_L08.mes,Script/dom1Mai_L08.mes,17,10,Kaidou,その声は……<이름:3131>!,,
dom1Mai_L08.mes,Script/dom1Mai_L08.mes,18,25,주인공,か、海堂!こんなとこまでついて<6E5C>来るんじゃねえよ,,
dom1Mai_L08.mes,Script/dom1Mai_L08.mes,19,36,Kaidou,誰がテメェなんかについて行くか<6E5C>よ.ここからすげえもんが<6E5C>見えるんだよ,,
dom1Mai_L08.mes,Script/dom1Mai_L08.mes,20,34,주인공,なんだよすげえもんって?<6E5C>俺にも見せろ……って、おお!<6E5C>これは……,,
dom1Mai_L08.mes,Script/dom1Mai_L08.mes,21,15,Kaidou,おい!さっさと代わりやがれ!,,
dom1Mai_L08.mes,Script/dom1Mai_L08.mes,22,12,주인공,待て待て、もう少し……,,
dom1Mai_L08.mes,Script/dom1Mai_L08.mes,23,13,Kaidou,テメェ!いい加減にしろ!,,
dom1Mai_L08.mes,Script/dom1Mai_L08.mes,24,10,Mai,誰!?誰かいるの?,,
dom1Mai_L08.mes,Script/dom1Mai_L08.mes,25,10,주인공,やべっ、見つかった,,
dom1Mai_L08.mes,Script/dom1Mai_L08.mes,26,20,주인공,(ふ~いいもの見せてもらっ<6E5C>たぁ……),,
dom1Mai_L08.mes,Script/dom1Mai_L08.mes,27,9,Mai,いいお湯だったね,,
dom1Mai_L08.mes,Script/dom1Mai_L08.mes,28,8,주인공,そ、そうですね,,
dom1Mai_L08.mes,Script/dom1Mai_L08.mes,29,12,Mai,どうしたの?顔、赤いよ,,
dom1Mai_L08.mes,Script/dom1Mai_L08.mes,30,13,주인공,いえ!なんでもないです!,,
dom1Mai_L08.mes,Script/dom1Mai_L08.mes,31,26,Mai,そう?それならいいけど.<6E5C>明日は海で泳ぎましょうね,,
dom1Mai_L08.mes,Script/dom1Mai_L08.mes,32,13,주인공,はい!楽しみにしてます!,,
dom1Mai_L08.mes,Script/dom1Mai_L08.mes,33,21,Mai,それじゃ、私は実家に戻るから.<6E5C>おやすみ,,
dom1Mai_L08.mes,Script/dom1Mai_L08.mes,34,8,주인공,おやすみなさい,,
dom1Mai_L08.mes,Script/dom1Mai_L08.mes,35,15,주인공,(素晴らしい一日だった……),,
dom1Mai_L08.mes,Script/dom1Mai_L08.mes,36,22,Mai,そう?せっかくいい温泉なのに<6E5C>もったいない,,
dom1Mai_L08.mes,Script/dom1Mai_L08.mes,37,15,주인공,(明日の海に期待しよう……),,
dom1Mai_L09.mes,Script/dom1Mai_L09.mes,0,5,Mai,おはよう,,
dom1Mai_L09.mes,Script/dom1Mai_L09.mes,1,10,주인공,おはようございます,,
dom1Mai_L09.mes,Script/dom1Mai_L09.mes,2,24,Mai,それではそれでは、さっそく泳ぎに<6E5C>行きましょう,,
dom1Mai_L09.mes,Script/dom1Mai_L09.mes,3,5,주인공,ですね!,,
dom1Mai_L09.mes,Script/dom1Mai_L09.mes,4,17,주인공,(舞さんの水着、どんなかな……),,
dom1Mai_L09.mes,Script/dom1Mai_L09.mes,5,5,Mai,お待たせ,,
dom1Mai_L09.mes,Script/dom1Mai_L09.mes,6,9,주인공,ま、眩しい……!,,
dom1Mai_L09.mes,Script/dom1Mai_L09.mes,7,15,Mai,そう?<이름:3232>くん、逆光だもんね,,
dom1Mai_L09.mes,Script/dom1Mai_L09.mes,8,19,주인공,(眩しいのはアナタです、<6E5C>舞さん!),,
dom1Mai_L09.mes,Script/dom1Mai_L09.mes,9,14,Mai,たしかに眩しいお天気ね……,,
dom1Mai_L09.mes,Script/dom1Mai_L09.mes,10,20,주인공,舞さん.<6E5C>久しぶりの実家はどうでした?,,
dom1Mai_L09.mes,Script/dom1Mai_L09.mes,11,11,Mai,う、うん、まあまあね,,
dom1Mai_L09.mes,Script/dom1Mai_L09.mes,12,15,[선택지],実家を出た訳を閉く何も閉かない,,
dom1Mai_L09.mes,Script/dom1Mai_L09.mes,13,26,[선택지],'<0001><0000><0034><0028><0002>舞さんはどうして実家を出たんです<6E5C>か?,,
dom1Mai_L09.mes,Script/dom1Mai_L09.mes,14,3,Mai,……,,
dom1Mai_L09.mes,Script/dom1Mai_L09.mes,15,20,주인공,あ、言いたくなかったらいいですか<6E5C>ら!,,
dom1Mai_L09.mes,Script/dom1Mai_L09.mes,16,22,Mai,……無理やり結婚させられそうに<6E5C>なったから,,
dom1Mai_L09.mes,Script/dom1Mai_L09.mes,17,15,주인공,あのアンディって人とですか?,,
dom1Mai_L09.mes,Script/dom1Mai_L09.mes,18,8,Mai,ううん、別の人,,
dom1Mai_L09.mes,Script/dom1Mai_L09.mes,19,21,주인공,その人のことも、気に入らないんで<6E5C>すか?,,
dom1Mai_L09.mes,Script/dom1Mai_L09.mes,20,74,Mai,そんなことないわ.<6E5C>でも、家のために結婚するのって<6E5C>……私はイヤなんだ<485C>もっと、ちゃんと相手のことを知っ<6E5C>て、好きになって、それからじゃな<6E5C>いとね,,
dom1Mai_L09.mes,Script/dom1Mai_L09.mes,21,49,주인공,そうですか……<6E5C>舞さんも大変ですね<485C>俺にできることがあったら言って<6E5C>くださいよ.力になりますから,,
dom1Mai_L09.mes,Script/dom1Mai_L09.mes,22,9,Mai,うん……ありがと,,
dom1Mai_L09.mes,Script/dom1Mai_L09.mes,23,27,주인공,(この旅行で、ちょっとは舞さんに<6E5C>近づけたかな……),,
dom1Mai_L09.mes,Script/dom1Mai_L09.mes,24,11,Mai,……そろそろ帰ろうか,,
dom1Mai_L09.mes,Script/dom1Mai_L09.mes,25,6,주인공,そうですね,,
dom1Mai_L09.mes,Script/dom1Mai_L09.mes,26,12,주인공,(楽しい旅行だったな),,
dom1Mai_L10.mes,Script/dom1Mai_L10.mes,0,7,[효과음/내레이션],♪ピンポ~ン,,
dom1Mai_L10.mes,Script/dom1Mai_L10.mes,1,3,주인공,はい,,
dom1Mai_L10.mes,Script/dom1Mai_L10.mes,2,4,[효과음/내레이션],ガチャ,,
dom1Mai_L10.mes,Script/dom1Mai_L10.mes,3,26,Mai,さあ、今日は腕によりをかけて<6E5C>ごちそうを作るわよ!,,
dom1Mai_L10.mes,Script/dom1Mai_L10.mes,4,10,주인공,気合い入ってますね,,
dom1Mai_L10.mes,Script/dom1Mai_L10.mes,5,16,Mai,<이름:3232>君は適当に休んでていいわよ,,
dom1Mai_L10.mes,Script/dom1Mai_L10.mes,6,27,주인공,(いつもこれくらい優しかったら<6E5C>最高なんだけどなぁ),,
dom1Mai_L10.mes,Script/dom1Mai_L10.mes,7,3,Mai,……,,
dom1Mai_L10.mes,Script/dom1Mai_L10.mes,8,3,주인공,……,,
dom1Mai_L10.mes,Script/dom1Mai_L10.mes,9,5,Mai,…………,,
dom1Mai_L10.mes,Script/dom1Mai_L10.mes,10,15,주인공,あ、いいにおいがしてきた……,,
dom1Mai_L10.mes,Script/dom1Mai_L10.mes,11,7,Mai,………………,,
dom1Mai_L10.mes,Script/dom1Mai_L10.mes,12,8,주인공,は、腹減った~,,
dom1Mai_L10.mes,Script/dom1Mai_L10.mes,13,5,Mai,できた!,,
dom1Mai_L10.mes,Script/dom1Mai_L10.mes,14,8,주인공,待ってました!,,
dom1Mai_L10.mes,Script/dom1Mai_L10.mes,15,27,Mai,さ、座って座って.不知火舞の豪華<6E5C>おせちフルコースよ,,
dom1Mai_L10.mes,Script/dom1Mai_L10.mes,16,12,주인공,す、すげえ……プロ級だ,,
dom1Mai_L10.mes,Script/dom1Mai_L10.mes,17,15,Mai,<이름:3232>君、お誕生日おめでと~!,,
dom1Mai_L10.mes,Script/dom1Mai_L10.mes,18,12,주인공,ありがとうございます!,,
dom1Mai_L10.mes,Script/dom1Mai_L10.mes,19,11,Mai,それじゃ、食べようか,,
dom1Mai_L10.mes,Script/dom1Mai_L10.mes,20,11,주인공,はい!いただきます!,,
dom1Mai_L10.mes,Script/dom1Mai_L10.mes,21,10,주인공,(ん!これは!!),,
dom1Mai_L10.mes,Script/dom1Mai_L10.mes,22,9,Mai,どう?おいしい?,,
dom1Mai_L10.mes,Script/dom1Mai_L10.mes,23,13,주인공,めちゃくちゃうまいです!,,
dom1Mai_L10.mes,Script/dom1Mai_L10.mes,24,5,Mai,よかった,,
dom1Mai_L10.mes,Script/dom1Mai_L10.mes,25,20,주인공,舞さんって、いいお嫁さんになりま<6E5C>すね,,
dom1Mai_L10.mes,Script/dom1Mai_L10.mes,26,14,Mai,バ、バカ……何言ってるのよ,,
dom1Mai_L10.mes,Script/dom1Mai_L10.mes,27,11,주인공,いや、ほんとですって,,
dom1Mai_L10.mes,Script/dom1Mai_L10.mes,28,20,Mai,<이름:3232>君も、いい旦那さんになると<6E5C>思うよ,,
dom1Mai_L10.mes,Script/dom1Mai_L10.mes,29,20,주인공,舞さんにそう言われると、<6E5C>自信つくな!,,
dom1Mai_L10.mes,Script/dom1Mai_L10.mes,30,24,Mai,うん.きっと楽しい結婚生活になる<6E5C>だろうね……,,
dom1Mai_L10.mes,Script/dom1Mai_L10.mes,31,37,주인공,(この日はやけに女らしい舞さん<6E5C>と、最高の誕生日を過ごすことが<6E5C>できた),,
dom1Mai_L11.mes,Script/dom1Mai_L11.mes,0,67,UNKNOWN_01,○<0002><0006><0049><0001><0000><0000><0002><0000><007C><006E><0002>(う~ん……なんか昨夜はやけに舞<6E5C>さんの部屋がうるさかったな.<6E5C>何かあったのか?<485C>ちょっと様子を見に行くか),,
dom1Mai_L11.mes,Script/dom1Mai_L11.mes,1,7,[효과음/내레이션],♪ピンポ~ン,,
dom1Mai_L11.mes,Script/dom1Mai_L11.mes,2,4,주인공,舞さん,,
dom1Mai_L11.mes,Script/dom1Mai_L11.mes,3,7,[효과음/내레이션],♪ピンポ~ン,,
dom1Mai_L11.mes,Script/dom1Mai_L11.mes,4,28,주인공,開けますよ、いいんですか?<6E5C>ほんとに開けちゃいますよ!,,
dom1Mai_L11.mes,Script/dom1Mai_L11.mes,5,7,[효과음/내레이션],ガチャガチャ,,
dom1Mai_L11.mes,Script/dom1Mai_L11.mes,6,14,주인공,あれ、開かないな.……ん?,,
dom1Mai_L11.mes,Script/dom1Mai_L11.mes,7,24,주인공,(ドアに手紙がはさんである.<6E5C>……俺宛てだ!),,
dom1Mai_L11.mes,Script/dom1Mai_L11.mes,8,36,주인공,とつぜんいなくなることに<6E5C>なっちゃって、ごめんなさい<6E5C>……なんだこれ?,,
dom1Mai_L11.mes,Script/dom1Mai_L11.mes,9,375,UNKNOWN_29,今朝、お祖父さまが病気で倒れたと<6E5C>の連絡があり、急遮実家に帰ること<6E5C>になりました<485C>もしお祖父さまが亡くなるようなこ<6E5C>とがあれば、私は実家の不知火流の<6E5C>正当後維者として、<6E5C>跡を維ぐことになります<485C>そうなれば、家のためにも早く<6E5C>結婚をしなければならないで<6E5C>しょう<485C>……私には結婚相手の候補が、<6E5C>ふたりいました<485C>ひとりは<이름:3232>君も知っている<6E5C>アンディです<485C>そしてもうひとりは<6E5C>……<이름:3232>君、あなたです<485C>ごめんなさい.突然のことで驚いた<6E5C>だろうと思います.<6E5C>けど、安心してください<485C>私は<이름:3232>君に迷惑をかけたく<6E5C>ないから、お祖父さまの言いつけ<6E5C>通りアンディと結婚します<485C>今までありがとう.<이름:3232>君の<6E5C>おとなりさんとして過ごした<6E5C>毎日の思い出は、私の宝物です<485C>その思い出を巡りながら、<6E5C>気持ちの整理をつけて実家に<6E5C>帰ろうと思います<485C>……ごめんね.ありがとう<485C>不知火舞,,
dom1Mai_L11.mes,Script/dom1Mai_L11.mes,10,23,주인공,なんだよこれ……そんなこと急に<6E5C>言われたって,,
dom1Mai_L11.mes,Script/dom1Mai_L11.mes,11,50,주인공,(でも手紙には、すぐには実家に帰<6E5C>らないって書いてあるよな.今から<6E5C>捜せばまだ間に合うんじゃ……),,
dom1Mai_L11.mes,Script/dom1Mai_L11.mes,12,9,[선택지],舞を捜すあきらめる,,
dom1Mai_L11.mes,Script/dom1Mai_L11.mes,13,31,주인공,(こんな別れ方、納得できるかよ!<6E5C>絶対見つけ出してやる!!),,
dom1Mai_L11.mes,Script/dom1Mai_L11.mes,14,63,주인공,(舞さんが考えて決めたことだ.<6E5C>俺が口をはさんでどうこうなる<6E5C>問題じゃないだろう……<485C>もう、舞さんには<6E5C>会えないのかな……),,
dom1Mai_L11.mes,Script/dom1Mai_L11.mes,15,55,주인공,(う~ん……なんか昨夜はやけに舞<6E5C>さんの部屋がうるさかったな.何か<6E5C>あったのか?<485C>……ま、俺には関係ないか),,
dom1Mai_M01.mes,Script/dom1Mai_M01.mes,0,7,[효과음/내레이션],♪ピンポ~ン,,
dom1Mai_M01.mes,Script/dom1Mai_M01.mes,1,15,주인공,(誰だ、こんな朝早くに……),,
dom1Mai_M01.mes,Script/dom1Mai_M01.mes,2,4,[효과음/내레이션],ガチャ,,
dom1Mai_M01.mes,Script/dom1Mai_M01.mes,3,9,Mai,おはよう、<이름:3232>君,,
dom1Mai_M01.mes,Script/dom1Mai_M01.mes,4,37,주인공,あ、舞さん.おはようございます.<6E5C>わざわざ起こしに来てくれたんです<6E5C>か?,,
dom1Mai_M01.mes,Script/dom1Mai_M01.mes,5,14,Mai,それもあるけど、はい、これ,,
dom1Mai_M01.mes,Script/dom1Mai_M01.mes,6,7,주인공,なんですか?,,
dom1Mai_M01.mes,Script/dom1Mai_M01.mes,7,28,Mai,お弁当よ.<6E5C>こないだ約束したでしょ、<6E5C>作ってあげるって,,
dom1Mai_M01.mes,Script/dom1Mai_M01.mes,8,16,주인공,うわ~ほんとですか!ラッキー!,,
dom1Mai_M01.mes,Script/dom1Mai_M01.mes,9,24,Mai,ほらほら、さっさと用意して学校へ<6E5C>行きなさいよ,,
dom1Mai_M01.mes,Script/dom1Mai_M01.mes,10,15,주인공,はい、ありがとうございます!,,
dom1Mai_M01.mes,Script/dom1Mai_M01.mes,11,22,UNKNOWN_29,<0200><0000><0000><0000><0000><0010><0006><0000><0000><0000><0000><0000><001C><000E><FFFF>♪ピンポ~ン,,
dom1Mai_M01.mes,Script/dom1Mai_M01.mes,12,15,주인공,(誰だ、こんな朝早くに……),,
dom1Mai_M01.mes,Script/dom1Mai_M01.mes,13,4,[효과음/내레이션],ガチャ,,
dom1Mai_M01.mes,Script/dom1Mai_M01.mes,14,9,Mai,おはよう、<이름:3232>君,,
dom1Mai_M01.mes,Script/dom1Mai_M01.mes,15,38,주인공,あれ、舞さん.おはようございま<6E5C>す.わざわざ起こしに来てくれ<6E5C>たんですか?,,
dom1Mai_M01.mes,Script/dom1Mai_M01.mes,16,37,Mai,そうよ.となりの部屋までいびきが<6E5C>閉こえてくるから、心配に<6E5C>なっちゃって,,
dom1Mai_M01.mes,Script/dom1Mai_M01.mes,17,11,주인공,すみません、わざわざ,,
dom1Mai_M01.mes,Script/dom1Mai_M01.mes,18,24,Mai,ほらほら、さっさと用意して学校へ<6E5C>行きなさいよ,,
dom1Mai_M01.mes,Script/dom1Mai_M01.mes,19,15,주인공,はい、ありがとうございます!,,
dom1Mai_M02.mes,Script/dom1Mai_M02.mes,0,47,UNKNOWN_29,4<0000><0000><0000><0000><0011><0001><0000><0000><0000><0000><0006><000A><000B><0000><0000><0001><000F><0000><0000><0000><0000><0000><002A><0000><0000><0000><0000><0000><0010><0005><0000><0000><0000><0000><0000><001C><0010><FFFF>♪ピピピピ……,,
dom1Mai_M02.mes,Script/dom1Mai_M02.mes,1,17,주인공,ふぁ~……もう朝か……まだ眠いよ,,
dom1Mai_M02.mes,Script/dom1Mai_M02.mes,2,9,UNKNOWN_13,う、うぅ~ん……,,
dom1Mai_M02.mes,Script/dom1Mai_M02.mes,3,19,주인공,(な、なんだ、この悩ましい<6E5C>声は!),,
dom1Mai_M02.mes,Script/dom1Mai_M02.mes,4,7,주인공,ま、舞さん!,,
dom1Mai_M02.mes,Script/dom1Mai_M02.mes,5,25,주인공,(な、なんで俺の部屋に舞さんが<6E5C>寝てるんだ!?),,
dom1Mai_M02.mes,Script/dom1Mai_M02.mes,6,22,Mai,あぁん……お手玉する猿が……<6E5C>むにゃむにゃ,,
dom1Mai_M02.mes,Script/dom1Mai_M02.mes,7,25,주인공,(い、いまの寝言か!?<6E5C>いったいどんな夢を……),,
dom1Mai_M02.mes,Script/dom1Mai_M02.mes,8,15,주인공,ま、舞さん!起きてください!,,
dom1Mai_M02.mes,Script/dom1Mai_M02.mes,9,11,Mai,あ、<이름:3232>君、おはよう,,
dom1Mai_M02.mes,Script/dom1Mai_M02.mes,10,24,주인공,おはようじゃないですよ!<6E5C>何やってんですか!?,,
dom1Mai_M02.mes,Script/dom1Mai_M02.mes,11,26,Mai,ん~?あれ、なんで<이름:3232>君が<6E5C>私の部屋にいるの……?,,
dom1Mai_M02.mes,Script/dom1Mai_M02.mes,12,16,주인공,いやいや、ここは俺の部屋ですよ,,
dom1Mai_M02.mes,Script/dom1Mai_M02.mes,13,15,Mai,え、ウソ!私、部屋間違えた?,,
dom1Mai_M02.mes,Script/dom1Mai_M02.mes,14,9,주인공,はい、思いっきり,,
dom1Mai_M02.mes,Script/dom1Mai_M02.mes,15,51,Mai,あちゃ~またやっちゃったか.<6E5C>酔って帰ると、たまに間違える<6E5C>のよねえ<485C>ごめんごめん、お邪魔しました~,,
dom1Mai_M02.mes,Script/dom1Mai_M02.mes,16,23,주인공,(たまに間違えるって……豪快な人<6E5C>だな……),,
dom1Mai_O0727_0.mes,Script/dom1Mai_O0727_0.mes,0,21,주인공,ふう.……ものすごく早く起きてし<6E5C>まった,,
dom1Mai_O0727_0.mes,Script/dom1Mai_O0727_0.mes,1,16,주인공,携帯が点滅してる…….留守電?,,
dom1Mai_O0727_0.mes,Script/dom1Mai_O0727_0.mes,2,122,UNKNOWN_01,<0100><0002><0000><00F4><00E8><0003>アテナです.<이름:3232>、昨日は<6E5C>励ましてくれてありがとう……<485C>そうそう、色々なスケジュール、<6E5C>ちょっとだけ延期してもらう<6E5C>ことにしました<485C>今月末くらいまで、自分の好きなこ<6E5C>とさせてもらえるみたい.たまには<6E5C>息抜きしないとね.じゃ、また!,,
dom1Mai_O0727_0.mes,Script/dom1Mai_O0727_0.mes,3,105,Yuri,こんばんは、ユリです.こないだは<6E5C>楽しかったね~!<485C>あれから、帰ったらイタリアから<6E5C>お兄ちゃんのお友達が来ててね<485C>月末までは遊ぶ時間、減っちゃう<6E5C>かも<485C>でも、これからも道場には遊びにき<6E5C>てね<020A>おやすみなさ~い,,
dom1Mai_O0727_0.mes,Script/dom1Mai_O0727_0.mes,4,122,UNKNOWN_01,<0100><0002><0000><00F4><00E8><0007>キングです.<이름:3131>くん、昨夜の<6E5C>メール、読ませてもらったよ<485C>……私のことは気にしなくていい.<6E5C>君には今、もっと大事なことが<6E5C>あるんだから<485C>昨日みせてくれた気合があれば、何<6E5C>があっても大丈夫だと思うよ.また<6E5C>お店にもおいで.じゃあ……,,
dom1Mai_O0727_0.mes,Script/dom1Mai_O0727_0.mes,5,137,[선택지],<0118><010C><0008>藤堂です.先輩!協会からの手紙<6E5C>が来ておりまして、大会は来月に延<6E5C>期することになったそうです<485C>決着が延びてしまうのは口惜しいで<6E5C>すがさらなる鍛錬を積むには絶好の<6E5C>機会ですね<485C>これを機に私もさらなる奥義を<6E5C>会得しようと思うので、月末までは<6E5C>個人練習としましょう.では!,,
dom1Mai_O0727_0.mes,Script/dom1Mai_O0727_0.mes,6,94,Jenny,ジェニーよん★<6E5C>……<이름:3232>、ゴメンッ!<485C>今度のコンテストはメンバーの<6E5C>人数制限があるのを忘れてたわん<485C>ちょ~っとスタートは遅れるけど、<6E5C><이름:3232>とのセッションは来月からに<6E5C>するね!じゃ~ね~ん,,
dom1Mai_O0727_0.mes,Script/dom1Mai_O0727_0.mes,7,122,UNKNOWN_01,<0100><0002><0000><00F4><00E8><000A>……おい、<이름:3131>.寝てんのか.<6E5C>せっかくオレ様が電話してやってん<6E5C>のによ……<485C>まあいいや.クーラ、家に戻って<6E5C>きたらしいぜ<485C>兄貴が、お前は家にいろって言った<6E5C>らしい<485C>早くも一件落着ってわけだな.<6E5C>いちおう報告してやったぜ.<6E5C>じゃあな,,
dom1Mai_O0727_0.mes,Script/dom1Mai_O0727_0.mes,8,76,Leona,レオナです.さっきは思わせぶりな<6E5C>態度で……ごめんなさい<485C>父と口論になってしまって<6E5C>……少し、興奮していたの<485C>もう大丈夫だから、忘れて.<6E5C>それじゃ……,,
dom1Mai_O0727_0.mes,Script/dom1Mai_O0727_0.mes,9,3,[효과음/내레이션],ピッ,,
dom1Mai_O0727_0.mes,Script/dom1Mai_O0727_0.mes,10,19,주인공,そうか…….<6E5C>これでよかったんだよな,,
dom1Mai_O0727_0.mes,Script/dom1Mai_O0727_0.mes,11,30,주인공,じゃあ、あと、俺に残っている問題<6E5C>は……ひとつだけだな……,,
dom1Mai_O0727_0.mes,Script/dom1Mai_O0727_0.mes,12,59,주인공,(昨日は一日中いろんな場所を探し<6E5C>たけど、舞さん見つからなかった<6E5C>な……<485C>手紙にあった俺との思い出の<6E5C>場所って……),,
dom1Mai_O0727_0.mes,Script/dom1Mai_O0727_0.mes,13,7,[효과음/내레이션],♪ピンポ~ン,,
dom1Mai_O0727_0.mes,Script/dom1Mai_O0727_0.mes,14,8,주인공,(誰だろう?),,
dom1Mai_O0727_0.mes,Script/dom1Mai_O0727_0.mes,15,4,[효과음/내레이션],ガチャ,,
dom1Mai_O0727_0.mes,Script/dom1Mai_O0727_0.mes,16,17,주인공,アテナじゃないか.どうしたんだ?,,
dom1Mai_O0727_0.mes,Script/dom1Mai_O0727_0.mes,17,21,Athena,うん、ちょっと気になることがあっ<6E5C>て……,,
dom1Mai_O0727_0.mes,Script/dom1Mai_O0727_0.mes,18,5,주인공,なんだよ,,
dom1Mai_O0727_0.mes,Script/dom1Mai_O0727_0.mes,19,73,Athena,さっき街ですれ違った人が、とても<6E5C>思いつめた表情をしてたの<485C>それが気になって……あれって、<6E5C>たぶん<이름:3232>のおとなりさんの<6E5C>不知火舞さんじゃないかな,,
dom1Mai_O0727_0.mes,Script/dom1Mai_O0727_0.mes,20,13,주인공,それって、いつの話だ!?,,
dom1Mai_O0727_0.mes,Script/dom1Mai_O0727_0.mes,21,17,Athena,ついさっきだよ.心当たりあるの?,,
dom1Mai_O0727_0.mes,Script/dom1Mai_O0727_0.mes,22,20,주인공,ああ、たぶんな!<6E5C>ありがとう、アテナ!,,
dom1Mai_O0727_0.mes,Script/dom1Mai_O0727_0.mes,23,37,Athena,あ、ちょっと<이름:3232>!<6E5C>あ~あ、行っちゃった……<6E5C>そんなに、大事な人なのかな,,
dom1Mai_O0727_0.mes,Script/dom1Mai_O0727_0.mes,24,38,주인공,(舞さんはまだこの街のどこかにい<6E5C>る!ふたりの思い出の場所といえ<6E5C>ば……),,
dom1Mai_O0727_0.mes,Script/dom1Mai_O0727_0.mes,25,12,주인공,レオナ、何やってんだよ,,
dom1Mai_O0727_0.mes,Script/dom1Mai_O0727_0.mes,26,6,Leona,べつに……,,
dom1Mai_O0727_0.mes,Script/dom1Mai_O0727_0.mes,27,41,주인공,いや、べつにって、私服で学校来て<6E5C>るなんておかしくないか?しかも<6E5C>まだ夏休みだぞ,,
dom1Mai_O0727_0.mes,Script/dom1Mai_O0727_0.mes,28,3,Leona,……,,
dom1Mai_O0727_0.mes,Script/dom1Mai_O0727_0.mes,29,56,주인공,ああ、言いたくないならべつにいい<6E5C>んだ.詮索するのはやめとくよ<485C>それより、ちょっと閉きたいことが<6E5C>あるんだけど,,
dom1Mai_O0727_0.mes,Script/dom1Mai_O0727_0.mes,30,5,Leona,……何?,,
dom1Mai_O0727_0.mes,Script/dom1Mai_O0727_0.mes,31,49,주인공,今ちょっと人を探してるんだけど、<6E5C>セクシーな服装で、きれいなロング<6E5C>ヘアーの女の人見なかったか?,,
dom1Mai_O0727_0.mes,Script/dom1Mai_O0727_0.mes,32,12,Leona,……さあ、わからないわ,,
dom1Mai_O0727_0.mes,Script/dom1Mai_O0727_0.mes,33,33,주인공,そうか.そりゃそうだよな.こんな<6E5C>情報だけで、わかるわけないよな,,
dom1Mai_O0727_0.mes,Script/dom1Mai_O0727_0.mes,34,16,Leona,……父なら、わかるかもしれない,,
dom1Mai_O0727_0.mes,Script/dom1Mai_O0727_0.mes,35,8,주인공,え!ほんとか?,,
dom1Mai_O0727_0.mes,Script/dom1Mai_O0727_0.mes,36,21,Leona,情報収集は、父の特技のひとつだか<6E5C>ら……,,
dom1Mai_O0727_0.mes,Script/dom1Mai_O0727_0.mes,37,31,주인공,どんな親父だよ.でも、助かる!<6E5C>親父さんに頼んでもらえるか?,,
dom1Mai_O0727_0.mes,Script/dom1Mai_O0727_0.mes,38,6,Leona,……いいわ,,
dom1Mai_O0727_0.mes,Script/dom1Mai_O0727_0.mes,39,42,주인공,名前は不知火舞.特徴はさっき言っ<6E5C>たような感じで、え~っと、<6E5C>その……すごく美人だ,,
dom1Mai_O0727_0.mes,Script/dom1Mai_O0727_0.mes,40,3,Leona,そう,,
dom1Mai_O0727_0.mes,Script/dom1Mai_O0727_0.mes,41,61,주인공,う……そっけねえなぁ.けっこう恥<6E5C>ずかしかったのに.まぁいいや<485C>じゃあ何かわかったら連絡くれよ.<6E5C>すぐに飛んでいくから!,,
dom1Mai_O0727_0.mes,Script/dom1Mai_O0727_0.mes,42,5,Leona,ええ……,,
dom1Mai_O0727_0.mes,Script/dom1Mai_O0727_0.mes,43,9,주인공,じゃ、よろしく!,,
dom1Mai_O0727_0.mes,Script/dom1Mai_O0727_0.mes,44,70,주인공,(にしても、レオナのやつ、何やっ<6E5C>てたんだろ.怪しすぎるよな……っ<6E5C>と、それどころじゃなかった<485C>他に舞さんとの思い出の場所と<6E5C>いえば……),,
dom1Mai_O0727_0.mes,Script/dom1Mai_O0727_0.mes,45,41,주인공,(誰もいない……ここじゃなかった<6E5C>か.だとすれば他に思い出の場所と<6E5C>いえば……),,
dom1Mai_O0727_0.mes,Script/dom1Mai_O0727_0.mes,46,12,[효과음/내레이션],♪カランコロンカラ~ン,,
dom1Mai_O0727_0.mes,Script/dom1Mai_O0727_0.mes,47,7,King,いらっしゃい,,
dom1Mai_O0727_0.mes,Script/dom1Mai_O0727_0.mes,48,7,주인공,……いないか,,
dom1Mai_O0727_0.mes,Script/dom1Mai_O0727_0.mes,49,16,King,どうした.誰か探してるのかい?,,
dom1Mai_O0727_0.mes,Script/dom1Mai_O0727_0.mes,50,10,주인공,はい.舞さんを……,,
dom1Mai_O0727_0.mes,Script/dom1Mai_O0727_0.mes,51,15,King,なんだ、ケンカでもしたのか?,,
dom1Mai_O0727_0.mes,Script/dom1Mai_O0727_0.mes,52,20,주인공,いえ、それならまだいいんですけ<6E5C>ど……,,
dom1Mai_O0727_0.mes,Script/dom1Mai_O0727_0.mes,53,27,King,……複雑な事情がありそうだな.<6E5C>閉かせてくれるかい?,,
dom1Mai_O0727_0.mes,Script/dom1Mai_O0727_0.mes,54,9,주인공,はい.じつは……,,
dom1Mai_O0727_0.mes,Script/dom1Mai_O0727_0.mes,55,29,King,なるほどね.手紙だけを置いて、<6E5C>姿を消してしまったわけか,,
dom1Mai_O0727_0.mes,Script/dom1Mai_O0727_0.mes,56,55,주인공,そうなんです.振り回される<6E5C>のはいつものことですけど、<6E5C>今度ばかりは<485C>もう会えないんじゃ<6E5C>ないかと思って……,,
dom1Mai_O0727_0.mes,Script/dom1Mai_O0727_0.mes,57,35,King,<이름:3131>君が弱気になって<6E5C>どうするんだ.<6E5C>君の気持ちはそんなものなのか?,,
dom1Mai_O0727_0.mes,Script/dom1Mai_O0727_0.mes,58,16,주인공,そんなことありません.俺は……,,
dom1Mai_O0727_0.mes,Script/dom1Mai_O0727_0.mes,59,124,[선택지],<0100><00F2><0007>なら、あきらめるな.<6E5C><이름:3131>君もわかってるとおり、<6E5C>舞は君に探してほしがってる<485C>まだ迷ってるということだ.<6E5C>その迷いを断ち切ることができるの<6E5C>は、<이름:3131>君しかいないだろう<485C>もっと気持ちを強く持って、<6E5C>舞を支えられるような男に<6E5C>ならなくてどうする,,
dom1Mai_O0727_0.mes,Script/dom1Mai_O0727_0.mes,60,8,주인공,キングさん……,,
dom1Mai_O0727_0.mes,Script/dom1Mai_O0727_0.mes,61,56,King,ちょっとしゃべりすぎたみたいだ<485C>もし舞が店に顔を出したらすぐに連<6E5C>絡してあげるから、早く他を探しに<6E5C>行ってきな,,
dom1Mai_O0727_0.mes,Script/dom1Mai_O0727_0.mes,62,4,주인공,はい!,,
dom1Mai_O0727_0.mes,Script/dom1Mai_O0727_0.mes,63,97,주인공,(キングさんの言うとおりだ.<6E5C>俺がしっかりしなくちゃ<485C>今のままじゃ舞さんを見つけても、<6E5C>引き止める自信がないよ<485C>でも、今はそんなことを言ってる場<6E5C>合じゃないか…….次はどこに行っ<6E5C>てみるかな),,
dom1Mai_O0727_0.mes,Script/dom1Mai_O0727_0.mes,64,41,주인공,(誰もいない……ここじゃなかった<6E5C>か.だとすれば他に思い出の場所と<6E5C>いえば……),,
dom1Mai_O0727_0.mes,Script/dom1Mai_O0727_0.mes,65,74,UNKNOWN_29,違<0000><0000><0000><0000><0003><0008><0003><0003>B<0001><0011><0005><0000><0000><0000><0000><0006><000A><0007><0000><0000><0001><000D><0000><0000><0000><0000><0000><0000><0060><0052><0002>(誰もいない……ここじゃなかった<6E5C>か.だとすれば他に思い出の場所と<6E5C>いえば……),,
dom1Mai_O0727_0.mes,Script/dom1Mai_O0727_0.mes,66,21,Yuri,あれ、<이름:3232>くんじゃない!<6E5C>どうしたの~?,,
dom1Mai_O0727_0.mes,Script/dom1Mai_O0727_0.mes,67,25,주인공,ユリさん、ちょっと閉きたい事があ<6E5C>るんですが……,,
dom1Mai_O0727_0.mes,Script/dom1Mai_O0727_0.mes,68,10,UNKNOWN_21,ちょっと待ったぁ!,,
dom1Mai_O0727_0.mes,Script/dom1Mai_O0727_0.mes,69,25,Kaidou,テメェ、誰に断ってユリ師範に質問<6E5C>してんだぁ!?,,
dom1Mai_O0727_0.mes,Script/dom1Mai_O0727_0.mes,70,19,주인공,……誰に断ったら質問していいんだ<6E5C>よ,,
dom1Mai_O0727_0.mes,Script/dom1Mai_O0727_0.mes,71,6,Kaidou,オレ様だ!,,
dom1Mai_O0727_0.mes,Script/dom1Mai_O0727_0.mes,72,30,주인공,ユリさんに質問させていただいてよ<6E5C>ろしいでしょうか、海堂君,,
dom1Mai_O0727_0.mes,Script/dom1Mai_O0727_0.mes,73,10,Kaidou,オ、オウ……どうぞ,,
dom1Mai_O0727_0.mes,Script/dom1Mai_O0727_0.mes,74,17,주인공,ったく、バカの相手は疲れるよ……,,
dom1Mai_O0727_0.mes,Script/dom1Mai_O0727_0.mes,75,32,Kaidou,んだとぉ!テメェ、ここでこれま<6E5C>での因縁に決着をつけてやる!!,,
dom1Mai_O0727_0.mes,Script/dom1Mai_O0727_0.mes,76,11,Yuri,はいはい、そこまで!,,
dom1Mai_O0727_0.mes,Script/dom1Mai_O0727_0.mes,77,16,Kaidou,ユリ師範!止めないでください!,,
dom1Mai_O0727_0.mes,Script/dom1Mai_O0727_0.mes,78,35,Yuri,海堂くん、空気を読むッチ!<6E5C>空気を読めない武道家は<6E5C>強くならないよ!,,
dom1Mai_O0727_0.mes,Script/dom1Mai_O0727_0.mes,79,12,Kaidou,く……わ、わかりました,,
dom1Mai_O0727_0.mes,Script/dom1Mai_O0727_0.mes,80,25,주인공,(ユリさん、さすがだなぁ……海堂<6E5C>を黙らせたよ),,
dom1Mai_O0727_0.mes,Script/dom1Mai_O0727_0.mes,81,20,Yuri,それで、あたしに閉きたいことって<6E5C>何?,,
dom1Mai_O0727_0.mes,Script/dom1Mai_O0727_0.mes,82,9,주인공,舞さんのことです,,
dom1Mai_O0727_0.mes,Script/dom1Mai_O0727_0.mes,83,8,Yuri,舞さんのこと?,,
dom1Mai_O0727_0.mes,Script/dom1Mai_O0727_0.mes,84,25,주인공,はい.じつは、昨日から行方知れず<6E5C>になってて……,,
dom1Mai_O0727_0.mes,Script/dom1Mai_O0727_0.mes,85,40,Kaidou,なんだとぉ!テメェ、なんでそれ<6E5C>をさっさと言わねぇんだよ!<6E5C>大変じゃねえか!!,,
dom1Mai_O0727_0.mes,Script/dom1Mai_O0727_0.mes,86,13,주인공,お前の相手の方が大変だよ,,
dom1Mai_O0727_0.mes,Script/dom1Mai_O0727_0.mes,87,13,Yuri,<이름:3232>くん、それ本当なの?,,
dom1Mai_O0727_0.mes,Script/dom1Mai_O0727_0.mes,88,34,주인공,え、ああ、ほんとですよ.このバカ<6E5C>の相手するのはほんとに大変で……,,
dom1Mai_O0727_0.mes,Script/dom1Mai_O0727_0.mes,89,21,Yuri,バカ!冗談言ってる場合じゃない<6E5C>でしょ!,,
dom1Mai_O0727_0.mes,Script/dom1Mai_O0727_0.mes,90,9,주인공,す、すみません!,,
dom1Mai_O0727_0.mes,Script/dom1Mai_O0727_0.mes,91,9,Yuri,何か心当たりは?,,
dom1Mai_O0727_0.mes,Script/dom1Mai_O0727_0.mes,92,16,주인공,いえ、それがほとんどなくて……,,
dom1Mai_O0727_0.mes,Script/dom1Mai_O0727_0.mes,93,9,Kaidou,ケッ、使えねえな,,
dom1Mai_O0727_0.mes,Script/dom1Mai_O0727_0.mes,94,37,주인공,ただ、置き手紙には俺との思い出を<6E5C>巡りながら実家に帰るって書いて<6E5C>ました,,
dom1Mai_O0727_0.mes,Script/dom1Mai_O0727_0.mes,95,46,Yuri,そっか、まだこの街のどこかにいる<6E5C>かもしれないんだ……よし、みんな<6E5C>で手分けして探すッチ!,,
dom1Mai_O0727_0.mes,Script/dom1Mai_O0727_0.mes,96,56,Kaidou,仕方ねえなぁ、テメェひとりに任せ<6E5C>てたらいつまでたっても見つかりゃ<6E5C>しねぇだろうから、<485C>オレも手伝ってやるよ!,,
dom1Mai_O0727_0.mes,Script/dom1Mai_O0727_0.mes,97,10,주인공,ユリさん、海堂……,,
dom1Mai_O0727_0.mes,Script/dom1Mai_O0727_0.mes,98,10,Yuri,ほら、早く行くよ!,,
dom1Mai_O0727_0.mes,Script/dom1Mai_O0727_0.mes,99,4,주인공,はい!,,
dom1Mai_O0727_0.mes,Script/dom1Mai_O0727_0.mes,100,16,주인공,(他に探してない場所は……!),,
dom1Mai_O0727_0.mes,Script/dom1Mai_O0727_0.mes,101,41,주인공,(誰もいない……ここじゃなかった<6E5C>か.だとすれば他に思い出の場所と<6E5C>いえば……),,
dom1Mai_O0727_0.mes,Script/dom1Mai_O0727_0.mes,102,41,주인공,(誰もいない……ここじゃなかった<6E5C>か.だとすれば他に思い出の場所と<6E5C>いえば……),,
dom1Mai_O0727_0.mes,Script/dom1Mai_O0727_0.mes,103,45,Yuri,カ<0001><0011><0006><0000><0000><0000><0000><0006><000A><000A><0000><0000><0001><0002><0036><0003><0000><0B28><0002><0018><0019><0000><0001><0000><0000><000D><0000><0000><0000><0000><0000><0000><0020><0012><0002>(あ、あれは!),,
dom1Mai_O0727_0.mes,Script/dom1Mai_O0727_0.mes,104,13,UNKNOWN_10,おや、君はたしか舞の……,,
dom1Mai_O0727_0.mes,Script/dom1Mai_O0727_0.mes,105,16,주인공,あんた、ここで何やってるんだ?,,
dom1Mai_O0727_0.mes,Script/dom1Mai_O0727_0.mes,106,26,UNKNOWN_10,それはこちらのセリフだ.<6E5C>君の方こそ何をしている?,,
dom1Mai_O0727_0.mes,Script/dom1Mai_O0727_0.mes,107,11,주인공,あんたには関係ないよ,,
dom1Mai_O0727_0.mes,Script/dom1Mai_O0727_0.mes,108,30,UNKNOWN_10,そうか、それならこれ以上話すこと<6E5C>もないな.僕は失礼するよ,,
dom1Mai_O0727_0.mes,Script/dom1Mai_O0727_0.mes,109,13,주인공,ちょ、ちょっと待ってくれ,,
dom1Mai_O0727_0.mes,Script/dom1Mai_O0727_0.mes,110,7,UNKNOWN_10,……なんだ?,,
dom1Mai_O0727_0.mes,Script/dom1Mai_O0727_0.mes,111,23,주인공,あんた、舞さんがどこにいるか知っ<6E5C>てるのか?,,
dom1Mai_O0727_0.mes,Script/dom1Mai_O0727_0.mes,112,54,UNKNOWN_10,あんた?それが人にものを尋ねる<6E5C>態度かい?<485C>頭を下げろとは言わないが、<6E5C>最低限の礼節はわきまえて<6E5C>ほしいな,,
dom1Mai_O0727_0.mes,Script/dom1Mai_O0727_0.mes,113,27,주인공,(く……腹が立つけど、言ってるこ<6E5C>とは正しいか……),,
dom1Mai_O0727_0.mes,Script/dom1Mai_O0727_0.mes,114,11,주인공,ア、アンディ……さん,,
dom1Mai_O0727_0.mes,Script/dom1Mai_O0727_0.mes,115,6,UNKNOWN_10,なんだい?,,
dom1Mai_O0727_0.mes,Script/dom1Mai_O0727_0.mes,116,21,주인공,舞さんがどこへ言ったか、<6E5C>知ってますか?,,
dom1Mai_O0727_0.mes,Script/dom1Mai_O0727_0.mes,117,19,UNKNOWN_10,なんだ、君も舞の行方を知らないの<6E5C>か,,
dom1Mai_O0727_0.mes,Script/dom1Mai_O0727_0.mes,118,37,주인공,君も……って、あんたも知らないの<6E5C>かよ!もったいぶったくせに使え<6E5C>ねえな,,
dom1Mai_O0727_0.mes,Script/dom1Mai_O0727_0.mes,119,74,UNKNOWN_10,それは勝手に君が思ったことだろ<6E5C>う.そんなことまで責任は取れ<6E5C>ないよ<485C>それにしても、最近の若い男って<6E5C>のはみんな君のような人間ばっかり<6E5C>なのかい?,,
dom1Mai_O0727_0.mes,Script/dom1Mai_O0727_0.mes,120,15,주인공,そんなこと俺に閉かれてもなぁ,,
dom1Mai_O0727_0.mes,Script/dom1Mai_O0727_0.mes,121,60,UNKNOWN_10,まあいい.<6E5C>ところで、本当のところ、<6E5C>君は舞のなんなんだい?<485C>ただのおとなりさんか?<6E5C>ボディーガードか?<6E5C>それとも……,,
dom1Mai_O0727_0.mes,Script/dom1Mai_O0727_0.mes,122,11,주인공,あんたはどうなんだよ,,
dom1Mai_O0727_0.mes,Script/dom1Mai_O0727_0.mes,123,66,UNKNOWN_10,フゥ……やれやれ.質問に質問で返<6E5C>すとは、本当に礼節を知らないね<485C>それとも、舞との関係について明確<6E5C>に答えられるものがないのかい?,,
dom1Mai_O0727_0.mes,Script/dom1Mai_O0727_0.mes,124,11,주인공,お、俺は舞さんの……,,
dom1Mai_O0727_0.mes,Script/dom1Mai_O0727_0.mes,125,10,[선택지],婚約者だ!友だちだ!,,
dom1Mai_O0727_0.mes,Script/dom1Mai_O0727_0.mes,126,14,주인공,俺は……舞さんの婚約者だ!,,
dom1Mai_O0727_0.mes,Script/dom1Mai_O0727_0.mes,127,40,UNKNOWN_10,!<020A>フフ、おもしろいことを言う<6E5C>ね.僕以外に舞に婚約者がいるって<6E5C>いうのかい?,,
dom1Mai_O0727_0.mes,Script/dom1Mai_O0727_0.mes,128,19,주인공,なんだ、あんた知らされてないの<6E5C>か?,,
dom1Mai_O0727_0.mes,Script/dom1Mai_O0727_0.mes,129,11,UNKNOWN_10,……どういうことだ?,,
dom1Mai_O0727_0.mes,Script/dom1Mai_O0727_0.mes,130,31,주인공,舞さんの結婚相手の候補は、あんた<6E5C>以外にもうひとりいたんだよ,,
dom1Mai_O0727_0.mes,Script/dom1Mai_O0727_0.mes,131,21,UNKNOWN_10,なんだって!?まさか、本当に君<6E5C>が……?,,
dom1Mai_O0727_0.mes,Script/dom1Mai_O0727_0.mes,132,11,주인공,もうひとりの候補だ!,,
dom1Mai_O0727_0.mes,Script/dom1Mai_O0727_0.mes,133,31,UNKNOWN_10,な、なんてことだ.そんな話は舞の<6E5C>お祖父さまから閉いてないぞ,,
dom1Mai_O0727_0.mes,Script/dom1Mai_O0727_0.mes,134,79,주인공,(……こいつ、よく俺の話を簡単に<6E5C>信じるな.普通もうちょっと疑って<6E5C>もよさそうなもんなのに<485C>言ってる俺ですら信じられないって<6E5C>のに……じつはいい奴なのか?),,
dom1Mai_O0727_0.mes,Script/dom1Mai_O0727_0.mes,135,58,UNKNOWN_10,こうしてはいられない!<6E5C>君、<이름:3131>君と言ったかな?<6E5C>貴重な情報ありがとう<485C>早速帰って舞のお祖父さまに<6E5C>確認してみるよ,,
dom1Mai_O0727_0.mes,Script/dom1Mai_O0727_0.mes,136,22,주인공,いい奴なのかバカなのか、わからな<6E5C>いな……,,
dom1Mai_O0727_0.mes,Script/dom1Mai_O0727_0.mes,137,20,주인공,(まあいいや.とにかく他を探そ<6E5C>う!),,
dom1Mai_O0727_0.mes,Script/dom1Mai_O0727_0.mes,138,14,주인공,俺は……舞さんの友だちだ!,,
dom1Mai_O0727_0.mes,Script/dom1Mai_O0727_0.mes,139,26,UNKNOWN_10,そうか、それで親切に舞を探してく<6E5C>れているんだね?,,
dom1Mai_O0727_0.mes,Script/dom1Mai_O0727_0.mes,140,7,주인공,お、おう……,,
dom1Mai_O0727_0.mes,Script/dom1Mai_O0727_0.mes,141,39,UNKNOWN_10,じゃあ、舞を見つけたらすぐに知ら<6E5C>せてくれ.それじゃ、僕はこれで失<6E5C>礼するよ,,
dom1Mai_O0727_0.mes,Script/dom1Mai_O0727_0.mes,142,82,주인공,(何をやってるんだ俺は!……そ<6E5C>れにしても、あっさり信じたな、<6E5C>あいつ<485C>単純というかバカというか……<485C>じつはいい奴なのかな.<6E5C>まあいいか.<6E5C>とにかく他を探そう!),,
dom1Mai_O0727_0.mes,Script/dom1Mai_O0727_0.mes,143,41,주인공,(誰もいない……ここじゃなかった<6E5C>か.だとすれば他に思い出の場所と<6E5C>いえば……),,
dom1Mai_O0727_0.mes,Script/dom1Mai_O0727_0.mes,144,41,주인공,(誰もいない……ここじゃなかった<6E5C>か.だとすれば他に思い出の場所と<6E5C>いえば……),,
dom1Mai_O0727_4.mes,Script/dom1Mai_O0727_4.mes,0,41,주인공,(ダメだ……どこにもいない.<6E5C>しょうがない、今日はあきらめて<6E5C>部屋に帰るか……),,
dom1Mai_O0727_4.mes,Script/dom1Mai_O0727_4.mes,1,21,주인공,(舞さん……どこに行っちゃったん<6E5C>だよ),,
dom1Mai_O0727_4.mes,Script/dom1Mai_O0727_4.mes,2,7,[효과음/내레이션],♪ピンポ~ン,,
dom1Mai_O0727_4.mes,Script/dom1Mai_O0727_4.mes,3,6,주인공,舞さん!?,,
dom1Mai_O0727_4.mes,Script/dom1Mai_O0727_4.mes,4,4,[효과음/내레이션],ガチャ,,
dom1Mai_O0727_4.mes,Script/dom1Mai_O0727_4.mes,5,15,주인공,レオナ!……とハイデルンさん,,
dom1Mai_O0727_4.mes,Script/dom1Mai_O0727_4.mes,6,72,레오나 아버지,お邪魔するよ、<이름:3131>君.<6E5C>事情はレオナから閉いた<485C>君が探していた不知火舞さんだが、<6E5C>私の調べた情報によると、今日の午<6E5C>後の電車で街を離れたようだ,,
dom1Mai_O0727_4.mes,Script/dom1Mai_O0727_4.mes,7,9,주인공,そ、そんな……!,,
dom1Mai_O0727_4.mes,Script/dom1Mai_O0727_4.mes,8,10,Leona,……落ち着きなさい,,
dom1Mai_O0727_4.mes,Script/dom1Mai_O0727_4.mes,9,24,레오나 아버지,安心したまえ.被女の行き先も調べ<6E5C>がついている,,
dom1Mai_O0727_4.mes,Script/dom1Mai_O0727_4.mes,10,19,주인공,ほ、本当ですか!<6E5C>舞さんはどこに!?,,
dom1Mai_O0727_4.mes,Script/dom1Mai_O0727_4.mes,11,14,레오나 아버지,被女は、実家に帰ったようだ,,
dom1Mai_O0727_4.mes,Script/dom1Mai_O0727_4.mes,12,45,주인공,……そんな.もう帰っちゃったんで<6E5C>すか.それじゃあもう心の整理がつ<6E5C>いたってことかよ……,,
dom1Mai_O0727_4.mes,Script/dom1Mai_O0727_4.mes,13,11,Leona,だったら、どうなの?,,
dom1Mai_O0727_4.mes,Script/dom1Mai_O0727_4.mes,14,3,주인공,え?,,
dom1Mai_O0727_4.mes,Script/dom1Mai_O0727_4.mes,15,40,레오나 아버지,被女が心の整理をつけて帰った<6E5C>から、君はそれであきらめる<6E5C>のか?と閉いてるのだ,,
dom1Mai_O0727_4.mes,Script/dom1Mai_O0727_4.mes,16,14,주인공,い、いや、そんなことは……,,
dom1Mai_O0727_4.mes,Script/dom1Mai_O0727_4.mes,17,7,Leona,だったら……,,
dom1Mai_O0727_4.mes,Script/dom1Mai_O0727_4.mes,18,30,레오나 아버지,どうして今すぐにでも飛び出してい<6E5C>かないんだ?と言っている,,
dom1Mai_O0727_4.mes,Script/dom1Mai_O0727_4.mes,19,3,주인공,……,,
dom1Mai_O0727_4.mes,Script/dom1Mai_O0727_4.mes,20,3,Leona,……,,
dom1Mai_O0727_4.mes,Script/dom1Mai_O0727_4.mes,21,68,레오나 아버지,今日はもう遅い.明日の朝一番の電<6E5C>車で行くしかないだろう<485C>君が本当に被女のことを<6E5C>思うのであれば、迷うことは<6E5C>ないはずだ、と言っている,,
dom1Mai_O0727_4.mes,Script/dom1Mai_O0727_4.mes,22,9,Leona,……言ってないわ,,
dom1Mai_O0727_4.mes,Script/dom1Mai_O0727_4.mes,23,6,레오나 아버지,そ、そうか,,
dom1Mai_O0727_4.mes,Script/dom1Mai_O0727_4.mes,24,69,주인공,レオナ……ありがとう.<6E5C>俺、行ってみるよ<485C>もうダメなのかもしれないけど、<6E5C>間に合わないかもしれないけど、<6E5C>やれるだけのことはやってみる!,,
dom1Mai_O0727_4.mes,Script/dom1Mai_O0727_4.mes,25,5,Leona,……そう,,
dom1Mai_O0727_4.mes,Script/dom1Mai_O0727_4.mes,26,136,[선택지],<0118><010A><000F>それでこそ男だ.<6E5C>愛する女のために全力で<6E5C>行動できなくてどうする<485C>若いうちは、勢いだけで<6E5C>ぶつかっていけばいい<485C>中途半端にかしこくなってしまった<6E5C>大人にはできないことだ<485C>もしダメだったとしても、君には<6E5C>まだまだ後悔してやり直せる時間が<6E5C>あるじゃないか、と言っている,,
dom1Mai_O0727_4.mes,Script/dom1Mai_O0727_4.mes,27,3,Leona,……,,
dom1Mai_O0727_4.mes,Script/dom1Mai_O0727_4.mes,28,3,주인공,……,,
dom1Mai_O0727_4.mes,Script/dom1Mai_O0727_4.mes,29,3,레오나 아버지,……,,
dom1Mai_O0727_4.mes,Script/dom1Mai_O0727_4.mes,30,19,Leona,……父もこう言ってるわ.<6E5C>がんばって,,
dom1Mai_O0727_4.mes,Script/dom1Mai_O0727_4.mes,31,26,주인공,お、おう.ハイデルンさん、<6E5C>ありがとうございました,,
dom1Mai_O0727_4.mes,Script/dom1Mai_O0727_4.mes,32,13,레오나 아버지,う、うむ.がんばりなさい,,
dom1Mai_O0727_4.mes,Script/dom1Mai_O0727_4.mes,33,4,주인공,はい!,,
dom1Mai_O0727_4.mes,Script/dom1Mai_O0727_4.mes,34,35,주인공,(よし、明日の始発の電車で<6E5C>行くぞー!待っててください、<6E5C>舞さん!),,
dom1Mai_O0727_4.mes,Script/dom1Mai_O0727_4.mes,35,8,주인공,キングさん……,,
dom1Mai_O0727_4.mes,Script/dom1Mai_O0727_4.mes,36,16,King,なんだ、えらく残念そうな顔だな,,
dom1Mai_O0727_4.mes,Script/dom1Mai_O0727_4.mes,37,12,주인공,いや、そんなことは……,,
dom1Mai_O0727_4.mes,Script/dom1Mai_O0727_4.mes,38,29,King,いいよ、無理しなくて.それより、<6E5C>舞の行き先がわかったよ,,
dom1Mai_O0727_4.mes,Script/dom1Mai_O0727_4.mes,39,8,주인공,本当ですか!?,,
dom1Mai_O0727_4.mes,Script/dom1Mai_O0727_4.mes,40,40,King,ああ.お客さんにそれとなく閉いて<6E5C>回ってたら、会って少し話したって<6E5C>人がいてね,,
dom1Mai_O0727_4.mes,Script/dom1Mai_O0727_4.mes,41,15,주인공,そ、それで、舞さんはどこに?,,
dom1Mai_O0727_4.mes,Script/dom1Mai_O0727_4.mes,42,15,King,うん.……実家に帰ったらしい,,
dom1Mai_O0727_4.mes,Script/dom1Mai_O0727_4.mes,43,27,주인공,実家、ですか…….もう心の整理を<6E5C>つけて帰ったんだな,,
dom1Mai_O0727_4.mes,Script/dom1Mai_O0727_4.mes,44,10,King,何を言ってるんだ?,,
dom1Mai_O0727_4.mes,Script/dom1Mai_O0727_4.mes,45,3,주인공,え?,,
dom1Mai_O0727_4.mes,Script/dom1Mai_O0727_4.mes,46,40,King,<이름:3131>君はそれで納得なのか?<6E5C>もうこれで舞に会えないとしても、<6E5C>それでいいのか?,,
dom1Mai_O0727_4.mes,Script/dom1Mai_O0727_4.mes,47,16,주인공,そんなことは、ないですけど……,,
dom1Mai_O0727_4.mes,Script/dom1Mai_O0727_4.mes,48,20,King,男だったら、もっとビシッとしなさ<6E5C>い!,,
dom1Mai_O0727_4.mes,Script/dom1Mai_O0727_4.mes,49,6,주인공,は、はい!,,
dom1Mai_O0727_4.mes,Script/dom1Mai_O0727_4.mes,50,84,King,舞は、好きで実家に帰ったわけじゃ<6E5C>ないんだろう?<485C><이름:3131>君に迷惑をかけたく<6E5C>ないから、自分にウソをついて<6E5C>心を整理したんじゃないのか?<485C>そんな舞を放っておくつもりかい?,,
dom1Mai_O0727_4.mes,Script/dom1Mai_O0727_4.mes,51,17,주인공,いえ!舞さんは必ず連れ戻します!,,
dom1Mai_O0727_4.mes,Script/dom1Mai_O0727_4.mes,52,64,King,よし、それでいい.私に舞のことを<6E5C>教えてくれた人は、舞がひどく悲し<6E5C>そうだったと言ってたよ<485C>あの子は、きっと<이름:3131>君を<6E5C>待ってる,,
dom1Mai_O0727_4.mes,Script/dom1Mai_O0727_4.mes,53,8,주인공,キングさん……,,
dom1Mai_O0727_4.mes,Script/dom1Mai_O0727_4.mes,54,9,King,行ってきなさい!,,
dom1Mai_O0727_4.mes,Script/dom1Mai_O0727_4.mes,55,11,주인공,はい!行ってきます!,,
dom1Mai_O0727_4.mes,Script/dom1Mai_O0727_4.mes,56,6,King,はい、これ,,
dom1Mai_O0727_4.mes,Script/dom1Mai_O0727_4.mes,57,7,주인공,これは……?,,
dom1Mai_O0727_4.mes,Script/dom1Mai_O0727_4.mes,58,40,King,舞の実家までの切符だよ.今日はも<6E5C>う遅いから、明日の始発になって<6E5C>しまうけどね,,
dom1Mai_O0727_4.mes,Script/dom1Mai_O0727_4.mes,59,29,주인공,あ、ありがとうございます.<6E5C>俺、なんて言っていいのか……,,
dom1Mai_O0727_4.mes,Script/dom1Mai_O0727_4.mes,60,42,King,礼ならいらないよ.舞を連れ戻した<6E5C>時に、ふたりで店に来てくれればい<6E5C>い.待ってるよ,,
dom1Mai_O0727_4.mes,Script/dom1Mai_O0727_4.mes,61,66,주인공,(やっぱりキングさんは大人だな…<6E5C>….よし、俺もキングさんの気持ち<6E5C>を無駄にしないためにも頑張ろう!<485C>待っててください、舞さん!),,
dom1Mai_O0727_4.mes,Script/dom1Mai_O0727_4.mes,62,32,UNKNOWN_29,泳<0000><0000><0000><0000><0003><0075><0003><0003>っ<0001><0018><0019><0000><0001><0000><0000><0000><0024><0016><0010>夜分遅くに失礼するよ,,
dom1Mai_O0727_4.mes,Script/dom1Mai_O0727_4.mes,63,15,주인공,あ、あんたは……なんの用だ?,,
dom1Mai_O0727_4.mes,Script/dom1Mai_O0727_4.mes,64,48,UNKNOWN_10,そんな親の仇を見るような目で見な<6E5C>いでくれ.君に舞の行方を教えてあ<6E5C>げようと思って来たんだから,,
dom1Mai_O0727_4.mes,Script/dom1Mai_O0727_4.mes,65,14,주인공,舞さん、見つかったのか!?,,
dom1Mai_O0727_4.mes,Script/dom1Mai_O0727_4.mes,66,51,UNKNOWN_10,ああ.<6E5C>さっき舞の実家に電話したんだが、<6E5C>もう実家に帰っているそうだ<485C>僕とは行き違いになったらしいな,,
dom1Mai_O0727_4.mes,Script/dom1Mai_O0727_4.mes,67,11,주인공,な、なんで実家に……,,
dom1Mai_O0727_4.mes,Script/dom1Mai_O0727_4.mes,68,15,UNKNOWN_10,もちろん、僕と結婚するためだ,,
dom1Mai_O0727_4.mes,Script/dom1Mai_O0727_4.mes,69,4,주인공,何!?,,
dom1Mai_O0727_4.mes,Script/dom1Mai_O0727_4.mes,70,50,UNKNOWN_10,舞からそう閉いたと、<6E5C>お祖父さまもおっしゃっていた<485C>短い婚約者レースだったが、<6E5C>僕の勝ちのようだね,,
dom1Mai_O0727_4.mes,Script/dom1Mai_O0727_4.mes,71,21,주인공,……まだだ.まだレースは終わって<6E5C>ない!,,
dom1Mai_O0727_4.mes,Script/dom1Mai_O0727_4.mes,72,73,UNKNOWN_10,案外見苦しい男だね、君は.<6E5C>あまり何かに執着するような<6E5C>人間には見えなかったけど<485C>これは舞自身が決めたことなんだ<485C>もう遊びの時間は終わったんだよ,,
dom1Mai_O0727_4.mes,Script/dom1Mai_O0727_4.mes,73,19,주인공,舞さんが心から望んだことじゃ<6E5C>ない!,,
dom1Mai_O0727_4.mes,Script/dom1Mai_O0727_4.mes,74,20,UNKNOWN_10,<이름:3131>君、みっともない真似は<6E5C>よさないか,,
dom1Mai_O0727_4.mes,Script/dom1Mai_O0727_4.mes,75,50,주인공,みっともなくてもなんでもいい!<6E5C>俺は舞さんに会いに行く!<485C>こんな……こんな結果<6E5C>納得がいくかよ!!,,
dom1Mai_O0727_4.mes,Script/dom1Mai_O0727_4.mes,76,36,UNKNOWN_10,フゥ……まぁ好きにすればいいさ.<6E5C>僕はこれから車で舞の実家へ<6E5C>向かうよ,,
dom1Mai_O0727_4.mes,Script/dom1Mai_O0727_4.mes,77,9,주인공,俺も乗せていけ!,,
dom1Mai_O0727_4.mes,Script/dom1Mai_O0727_4.mes,78,50,UNKNOWN_10,おいおい、礼儀知らずもそこまで<6E5C>いくと笑えないよ<485C>僕のどこにそんなことを<6E5C>してあげる義理があるんだ,,
dom1Mai_O0727_4.mes,Script/dom1Mai_O0727_4.mes,79,19,주인공,イヤだってんなら、<6E5C>力づくでも……!,,
dom1Mai_O0727_4.mes,Script/dom1Mai_O0727_4.mes,80,9,UNKNOWN_10,うぬぼれるな!!,,
dom1Mai_O0727_4.mes,Script/dom1Mai_O0727_4.mes,81,5,[효과음/내레이션],バキィ!,,
dom1Mai_O0727_4.mes,Script/dom1Mai_O0727_4.mes,82,5,주인공,うわー!,,
dom1Mai_O0727_4.mes,Script/dom1Mai_O0727_4.mes,83,41,UNKNOWN_10,あまりなめてもらっては困るよ.<6E5C>まだまだ君のような礼儀知らずに<6E5C>負ける僕じゃない,,
dom1Mai_O0727_4.mes,Script/dom1Mai_O0727_4.mes,84,7,주인공,く、くそ……,,
dom1Mai_O0727_4.mes,Script/dom1Mai_O0727_4.mes,85,16,UNKNOWN_10,それじゃ、僕はこれで失礼するよ,,
dom1Mai_O0727_4.mes,Script/dom1Mai_O0727_4.mes,86,84,주인공,(あ、あいつ……こんなに強かった<6E5C>のかよ.まったく拳が<6E5C>見えなかった<485C>でも……これで負けじゃない!<6E5C>俺は絶対舞さんを連れ戻して<6E5C>みせる!<485C>待っててください、舞さん!),,
dom1Mai_O0727_4.mes,Script/dom1Mai_O0727_4.mes,87,37,UNKNOWN_29,<1410><0000><0000><0000><0000><0003><0075><0003><0004><09CC><0001><0018><0007><0000><0002><0000><0000><0018><0015><0000><0000><0000><0000><0000><0020><0014><0002>……なんだ、海堂か,,
dom1Mai_O0727_4.mes,Script/dom1Mai_O0727_4.mes,88,41,Kaidou,なんだとはなんだテメェ.<6E5C>人がせっかく貴重な情報を<6E5C>持ってきてやったってのによぉ,,
dom1Mai_O0727_4.mes,Script/dom1Mai_O0727_4.mes,89,14,주인공,貴重な情報って……まさか!,,
dom1Mai_O0727_4.mes,Script/dom1Mai_O0727_4.mes,90,23,Yuri,うん.舞さんがどこに行ったのかわ<6E5C>かったよ!,,
dom1Mai_O0727_4.mes,Script/dom1Mai_O0727_4.mes,91,9,주인공,ほんとですか!?,,
dom1Mai_O0727_4.mes,Script/dom1Mai_O0727_4.mes,92,29,Yuri,うん.それでね…….舞さん、実家<6E5C>に帰っちゃったらしいの,,
dom1Mai_O0727_4.mes,Script/dom1Mai_O0727_4.mes,93,8,주인공,そ、そんな……,,
dom1Mai_O0727_4.mes,Script/dom1Mai_O0727_4.mes,94,28,Kaidou,ハッ、情けねぇテメェに愛想尽かせ<6E5C>て帰っちまったんだよ,,
dom1Mai_O0727_4.mes,Script/dom1Mai_O0727_4.mes,95,19,Yuri,海堂くん、そんな言い方はないで<6E5C>しょ,,
dom1Mai_O0727_4.mes,Script/dom1Mai_O0727_4.mes,96,158,[선택지],<0144><0136><000A>いいえ、言わせてもらいます.<6E5C>オイ、<이름:3131>!<485C>テメェがもっとしっかりしてれば<6E5C>舞さんは帰らないで済んだんじゃ<6E5C>ねぇのか?<485C>テメェがふぬけてなかったら、<6E5C>舞さんはここにいられたんじゃ<6E5C>ねぇのか?<485C>テメェがぐずぐずしてなかっ<6E5C>たら、舞さんが帰る前に見つける<6E5C>ことができたんじゃねぇのか?<485C>全部テメェのせいなんだよ!,,
dom1Mai_O0727_4.mes,Script/dom1Mai_O0727_4.mes,97,6,Yuri,海堂くん!,,
dom1Mai_O0727_4.mes,Script/dom1Mai_O0727_4.mes,98,31,주인공,いや、いいんですユリさん.<6E5C>ほんと、海堂の言うとおりですから,,
dom1Mai_O0727_4.mes,Script/dom1Mai_O0727_4.mes,99,7,Yuri,<이름:3232>くん……,,
dom1Mai_O0727_4.mes,Script/dom1Mai_O0727_4.mes,100,21,주인공,ほんと、俺がもっとしっかりしてれ<6E5C>ば……,,
dom1Mai_O0727_4.mes,Script/dom1Mai_O0727_4.mes,101,7,Kaidou,バカヤロー!,,
dom1Mai_O0727_4.mes,Script/dom1Mai_O0727_4.mes,102,5,[효과음/내레이션],バキィ!,,
dom1Mai_O0727_4.mes,Script/dom1Mai_O0727_4.mes,103,7,Yuri,海堂くん!?,,
dom1Mai_O0727_4.mes,Script/dom1Mai_O0727_4.mes,104,6,주인공,ぐ……何を,,
dom1Mai_O0727_4.mes,Script/dom1Mai_O0727_4.mes,105,65,Kaidou,いつまでテメェはそうなんだよ!<6E5C>からっぽの頭でグダグダ悩みや<6E5C>がって!<485C>惚れた女ひとり取り返すことも<6E5C>できねぇのか、テメェは!!,,
dom1Mai_O0727_4.mes,Script/dom1Mai_O0727_4.mes,106,5,주인공,海堂……,,
dom1Mai_O0727_4.mes,Script/dom1Mai_O0727_4.mes,107,79,Kaidou,ハッ、これがたとえまぐれでもオレ<6E5C>に勝ったヤツかと思うと、情けなく<6E5C>なるぜ!<485C>テメェも男なら、今すぐ走ってでも<6E5C>舞さんのところまでぶっ飛んで行き<6E5C>やがれ!!,,
dom1Mai_O0727_4.mes,Script/dom1Mai_O0727_4.mes,108,3,주인공,……,,
dom1Mai_O0727_4.mes,Script/dom1Mai_O0727_4.mes,109,10,Yuri,あたしも、そう思う,,
dom1Mai_O0727_4.mes,Script/dom1Mai_O0727_4.mes,110,7,주인공,ユリさん……,,
dom1Mai_O0727_4.mes,Script/dom1Mai_O0727_4.mes,111,102,Yuri,悩んでてもしょうがないでしょ!<485C>男の子だったら、わき目もふらずに<6E5C>好きな子のところまでダッシュ<6E5C>しなきゃ!<485C>ほら、すぐに用意する!<485C>もう電車がないから明日になっちゃ<6E5C>うけど、今できることは今すぐ<6E5C>やる!,,
dom1Mai_O0727_4.mes,Script/dom1Mai_O0727_4.mes,112,6,주인공,は、はい!,,
dom1Mai_O0727_4.mes,Script/dom1Mai_O0727_4.mes,113,16,Kaidou,ったく、世話の焼けるヤローだぜ,,
dom1Mai_O0727_4.mes,Script/dom1Mai_O0727_4.mes,114,38,Yuri,それじゃ、あたしたちは帰るね.<6E5C>ぜったい舞さんを連れて帰って<6E5C>くるんだよ!,,
dom1Mai_O0727_4.mes,Script/dom1Mai_O0727_4.mes,115,38,Kaidou,テメェ、ひとりで帰ってきやがった<6E5C>ら、今度こそ足腰立たなくしてやる<6E5C>からな,,
dom1Mai_O0727_4.mes,Script/dom1Mai_O0727_4.mes,116,15,주인공,ユリさん、海堂……ありがとう,,
dom1Mai_O0727_4.mes,Script/dom1Mai_O0727_4.mes,117,8,Yuri,がんばるッチ!,,
dom1Mai_O0727_4.mes,Script/dom1Mai_O0727_4.mes,118,36,Kaidou,ヘッ、気持ち悪いこと言ってねぇ<6E5C>で、さっさと支度しやがれ.<6E5C>じゃあな!,,
dom1Mai_O0727_4.mes,Script/dom1Mai_O0727_4.mes,119,75,주인공,(海堂にまで心配されて……俺って<6E5C>ほんと情けないな.<6E5C>でもおかげで心は決まった!<485C>絶対に舞さんを取り返して<6E5C>みせるぞ!待っててください、<6E5C>舞さん!),,
dom1Mai_O0727_4.mes,Script/dom1Mai_O0727_4.mes,120,4,Athena,<이름:3232>!,,
dom1Mai_O0727_4.mes,Script/dom1Mai_O0727_4.mes,121,24,주인공,なんだ、アテナか.<6E5C>どうしたんだよ、怖い顔して,,
dom1Mai_O0727_4.mes,Script/dom1Mai_O0727_4.mes,122,32,Athena,どうしたじゃないでしょ!<6E5C>なんで<이름:3232>はこんなとこに<6E5C>いるのよ!,,
dom1Mai_O0727_4.mes,Script/dom1Mai_O0727_4.mes,123,16,주인공,いや、だってここ俺の家だし……,,
dom1Mai_O0727_4.mes,Script/dom1Mai_O0727_4.mes,124,19,Athena,ハァ……ほんとに昔から変わらない<6E5C>ね,,
dom1Mai_O0727_4.mes,Script/dom1Mai_O0727_4.mes,125,5,주인공,何がだよ,,
dom1Mai_O0727_4.mes,Script/dom1Mai_O0727_4.mes,126,64,Athena,ほしいものがあっても、がんばって<6E5C>まで手に入れようとしないところ!<6E5C>さっきキングさんに閉いたよ<485C>舞さん、いなくなったんでしょ?,,
dom1Mai_O0727_4.mes,Script/dom1Mai_O0727_4.mes,127,20,주인공,な、なんでキングさんがその<6E5C>ことを……,,
dom1Mai_O0727_4.mes,Script/dom1Mai_O0727_4.mes,128,28,Athena,この街のことで、キングさんが知ら<6E5C>ないことなんてないの,,
dom1Mai_O0727_4.mes,Script/dom1Mai_O0727_4.mes,129,13,주인공,そんなことはないだろ……,,
dom1Mai_O0727_4.mes,Script/dom1Mai_O0727_4.mes,130,49,Athena,舞さん、この街を出る前にイリュー<6E5C>ジョンに寄ったらしいの.とっても<6E5C>悲しそうな顔をしてたらしいよ,,
dom1Mai_O0727_4.mes,Script/dom1Mai_O0727_4.mes,131,6,주인공,舞さん……,,
dom1Mai_O0727_4.mes,Script/dom1Mai_O0727_4.mes,132,24,Athena,それでね、舞さんは実家に帰っ<6E5C>ちゃったらしいの,,
dom1Mai_O0727_4.mes,Script/dom1Mai_O0727_4.mes,133,22,주인공,実家に!?そっか……心の整理が<6E5C>ついたのか,,
dom1Mai_O0727_4.mes,Script/dom1Mai_O0727_4.mes,134,4,Athena,バカ!,,
dom1Mai_O0727_4.mes,Script/dom1Mai_O0727_4.mes,135,11,주인공,な、なんだよいきなり,,
dom1Mai_O0727_4.mes,Script/dom1Mai_O0727_4.mes,136,59,Athena,どうしてそう物わかりがいいのよ!<6E5C>どうしてほしいものをほしいって<6E5C>言わないの!<485C>どうしてすぐに<6E5C>あきらめちゃうのよ!,,
dom1Mai_O0727_4.mes,Script/dom1Mai_O0727_4.mes,137,9,주인공,だ、だってさ……,,
dom1Mai_O0727_4.mes,Script/dom1Mai_O0727_4.mes,138,60,Athena,舞さんがほんとに会いたかったの<6E5C>は、<이름:3232>に決まってるでしょ!<485C>そうじゃなかったら、あんなに<6E5C>悲しい顔でうつむかないよ!,,
dom1Mai_O0727_4.mes,Script/dom1Mai_O0727_4.mes,139,3,주인공,……,,
dom1Mai_O0727_4.mes,Script/dom1Mai_O0727_4.mes,140,120,Athena,わたしはアイドルになってから<6E5C>いろんなこと我慢しなくちゃ<6E5C>ならなかったし、<485C>寂しい思いをしたこともあるけど、<6E5C>いつも<이름:3232>がいてくれたから<6E5C>がんばってこれたの<485C><이름:3232>だけはいつもわたしのこと、<6E5C>ちゃんと見てくれてたから.<6E5C>応援してくれてたから,,
dom1Mai_O0727_4.mes,Script/dom1Mai_O0727_4.mes,141,6,주인공,アテナ……,,
dom1Mai_O0727_4.mes,Script/dom1Mai_O0727_4.mes,142,85,Athena,だから今度はわたしが<이름:3232>を<6E5C>応援する番だよ<485C>がんばってよ!舞さん、絶対<6E5C><이름:3232>のこと待ってるから<485C>きっと今も、心の中で<이름:3232>の<6E5C>こと呼んでるから……だから、<6E5C>がんばってよ!,,
dom1Mai_O0727_4.mes,Script/dom1Mai_O0727_4.mes,143,20,주인공,ア、アテナ……お前が泣くことない<6E5C>だろ,,
dom1Mai_O0727_4.mes,Script/dom1Mai_O0727_4.mes,144,47,Athena,わたしも、舞さんの気持ちがわかる<6E5C>から.すごくつらい時に、<485C><이름:3232>を呼んだことがある<6E5C>から……,,
dom1Mai_O0727_4.mes,Script/dom1Mai_O0727_4.mes,145,6,주인공,アテナ……,,
dom1Mai_O0727_4.mes,Script/dom1Mai_O0727_4.mes,146,27,Athena,ヘヘ、ゴメンね.なんか思い出した<6E5C>ら泣けてきちゃって,,
dom1Mai_O0727_4.mes,Script/dom1Mai_O0727_4.mes,147,10,주인공,ありがとう、アテナ,,
dom1Mai_O0727_4.mes,Script/dom1Mai_O0727_4.mes,148,5,Athena,<이름:3232>……,,
dom1Mai_O0727_4.mes,Script/dom1Mai_O0727_4.mes,149,38,주인공,俺、がんばってみるよ!ダメかも<6E5C>しれないけど、最後までがんばって<6E5C>みるよ!,,
dom1Mai_O0727_4.mes,Script/dom1Mai_O0727_4.mes,150,4,Athena,うん!,,
dom1Mai_O0727_4.mes,Script/dom1Mai_O0727_4.mes,151,11,주인공,……ごめんな、アテナ,,
dom1Mai_O0727_4.mes,Script/dom1Mai_O0727_4.mes,152,62,Athena,ううん、いいの.<이름:3232>には、<6E5C>今までいっぱい応援して<6E5C>もらったから<485C>それじゃ、わたしはこれで帰るね.<6E5C>アイドルは忙しいのです,,
dom1Mai_O0727_4.mes,Script/dom1Mai_O0727_4.mes,153,13,주인공,ああ.仕事、がんばってな,,
dom1Mai_O0727_4.mes,Script/dom1Mai_O0727_4.mes,154,5,Athena,<이름:3232>もね,,
dom1Mai_O0727_4.mes,Script/dom1Mai_O0727_4.mes,155,3,주인공,おう,,
dom1Mai_O0727_4.mes,Script/dom1Mai_O0727_4.mes,156,81,주인공,(アテナ……ほんとにありがとう<485C>俺、やってみるよ.こんな気持ちに<6E5C>なったのは生まれて初めてだから<485C>必ず、舞さんを連れ戻してみせる!<485C>待っててください、舞さん!),,
dom1Mai_O0728_1.mes,Script/dom1Mai_O0728_1.mes,0,29,주인공,フゥ……やっと着いた.さてと、<6E5C>たしか舞さんの実家は……,,
dom1Mai_O0728_1.mes,Script/dom1Mai_O0728_1.mes,1,6,UNKNOWN_13,<이름:3232>君!?,,
dom1Mai_O0728_1.mes,Script/dom1Mai_O0728_1.mes,2,5,주인공,え……?,,
dom1Mai_O0728_1.mes,Script/dom1Mai_O0728_1.mes,3,14,Mai,やっぱり、<이름:3232>君じゃない!,,
dom1Mai_O0728_1.mes,Script/dom1Mai_O0728_1.mes,4,5,주인공,舞さん!,,
dom1Mai_O0728_1.mes,Script/dom1Mai_O0728_1.mes,5,14,Mai,何してるの、こんなところで,,
dom1Mai_O0728_1.mes,Script/dom1Mai_O0728_1.mes,6,20,주인공,何って……舞さんを迎えに来たん<6E5C>ですよ,,
dom1Mai_O0728_1.mes,Script/dom1Mai_O0728_1.mes,7,3,Mai,え?,,
dom1Mai_O0728_1.mes,Script/dom1Mai_O0728_1.mes,8,13,주인공,え?ってあの……舞さん?,,
dom1Mai_O0728_1.mes,Script/dom1Mai_O0728_1.mes,9,11,Mai,……すっごくうれしい,,
dom1Mai_O0728_1.mes,Script/dom1Mai_O0728_1.mes,10,6,주인공,舞さん……,,
dom1Mai_O0728_1.mes,Script/dom1Mai_O0728_1.mes,11,21,Mai,まさか来てくれるとは思ってなかっ<6E5C>たから,,
dom1Mai_O0728_1.mes,Script/dom1Mai_O0728_1.mes,12,30,주인공,あんな手紙置いていかれたら、<6E5C>来ないわけにはいかないでしょ,,
dom1Mai_O0728_1.mes,Script/dom1Mai_O0728_1.mes,13,4,Mai,ごめん,,
dom1Mai_O0728_1.mes,Script/dom1Mai_O0728_1.mes,14,20,주인공,なんで何も言ってくれなかったん<6E5C>ですか,,
dom1Mai_O0728_1.mes,Script/dom1Mai_O0728_1.mes,15,6,Mai,だって……,,
dom1Mai_O0728_1.mes,Script/dom1Mai_O0728_1.mes,16,6,주인공,なんです?,,
dom1Mai_O0728_1.mes,Script/dom1Mai_O0728_1.mes,17,15,Mai,ほんとに急なことだったし……,,
dom1Mai_O0728_1.mes,Script/dom1Mai_O0728_1.mes,18,9,주인공,それだけですか?,,
dom1Mai_O0728_1.mes,Script/dom1Mai_O0728_1.mes,19,93,Mai,ううん.<이름:3232>君とはね、<6E5C>普通のおとなりさんとして<6E5C>過ごしてたかったの<485C>いきなり婚約者だって言われても<6E5C>困るだろうし、<485C>私も知らない人のことを<6E5C>いきなり婚約者候補だって<6E5C>言われて困ったし,,
dom1Mai_O0728_1.mes,Script/dom1Mai_O0728_1.mes,20,71,주인공,でも、なんで婚約者候補だってこと<6E5C>が俺に知らされなかったのかな<485C>いくらなんでも、舞さんの方<6E5C>だけで進める話じゃないでしょ.<6E5C>俺にも親がいるし,,
dom1Mai_O0728_1.mes,Script/dom1Mai_O0728_1.mes,21,14,Mai,それは、<이름:3232>君のせいでしょ,,
dom1Mai_O0728_1.mes,Script/dom1Mai_O0728_1.mes,22,3,주인공,え?,,
dom1Mai_O0728_1.mes,Script/dom1Mai_O0728_1.mes,23,91,Mai,<이름:3232>君のご両親には話も通って<6E5C>るし、お見合い写真だって<6E5C>お渡ししてあったのよ<485C>それを<이름:3232>君が写真を<6E5C>見もしないで、<485C>まだ結婚なんてできるかよって<6E5C>放ったらかしにした<6E5C>らしいじゃない,,
dom1Mai_O0728_1.mes,Script/dom1Mai_O0728_1.mes,24,7,주인공,え、ウソ……,,
dom1Mai_O0728_1.mes,Script/dom1Mai_O0728_1.mes,25,14,Mai,やっぱり覚えてなかったのね,,
dom1Mai_O0728_1.mes,Script/dom1Mai_O0728_1.mes,26,27,주인공,あ、いや……そういえば、そんな話<6E5C>があったような……,,
dom1Mai_O0728_1.mes,Script/dom1Mai_O0728_1.mes,27,15,Mai,まったく、いい加減なんだから,,
dom1Mai_O0728_1.mes,Script/dom1Mai_O0728_1.mes,28,65,주인공,すみません…….でも、たしかに違<6E5C>和感はあったんですよ<485C>どこかで見たことあるような……<6E5C>あれ、でも俺、写真も見てないん<6E5C>ですよね,,
dom1Mai_O0728_1.mes,Script/dom1Mai_O0728_1.mes,29,33,Mai,引っ越しを手伝ってくれたお礼にあ<6E5C>げた、扇子のせいじゃないかしら,,
dom1Mai_O0728_1.mes,Script/dom1Mai_O0728_1.mes,30,4,주인공,扇子?,,
dom1Mai_O0728_1.mes,Script/dom1Mai_O0728_1.mes,31,76,Mai,うん.あの扇子には不知火家の家紋<6E5C>が彫り込んであるから<485C>お見合い写真の表紙にも、<6E5C>不知火家の家紋が<6E5C>描かれてたからね<485C>きっとそれをかすかに覚えてたのよ,,
dom1Mai_O0728_1.mes,Script/dom1Mai_O0728_1.mes,32,6,주인공,なるほど!,,
dom1Mai_O0728_1.mes,Script/dom1Mai_O0728_1.mes,33,14,Mai,まったく、ほんといい加減ね,,
dom1Mai_O0728_1.mes,Script/dom1Mai_O0728_1.mes,34,7,주인공,ごめんなさい,,
dom1Mai_O0728_1.mes,Script/dom1Mai_O0728_1.mes,35,22,Mai,でもいいわ.<6E5C>こうして迎えに来てくれたし!,,
dom1Mai_O0728_1.mes,Script/dom1Mai_O0728_1.mes,36,17,주인공,それで、その、舞さん……結婚は?,,
dom1Mai_O0728_1.mes,Script/dom1Mai_O0728_1.mes,37,5,Mai,するわよ,,
dom1Mai_O0728_1.mes,Script/dom1Mai_O0728_1.mes,38,6,주인공,だ、誰と?,,
dom1Mai_O0728_1.mes,Script/dom1Mai_O0728_1.mes,39,27,Mai,う~ん、そこが問題よね.<6E5C>どこかにいい男いないかしら,,
dom1Mai_O0728_1.mes,Script/dom1Mai_O0728_1.mes,40,27,주인공,はぁ?ちょっと、怒りますよ!<6E5C>俺がどんな気持ちで……,,
dom1Mai_O0728_1.mes,Script/dom1Mai_O0728_1.mes,41,12,Mai,どんな気持ちだったの?,,
dom1Mai_O0728_1.mes,Script/dom1Mai_O0728_1.mes,42,3,주인공,え?,,
dom1Mai_O0728_1.mes,Script/dom1Mai_O0728_1.mes,43,15,Mai,どんな気持ちで来てくれたの?,,
dom1Mai_O0728_1.mes,Script/dom1Mai_O0728_1.mes,44,9,주인공,そりゃ、その……,,
dom1Mai_O0728_1.mes,Script/dom1Mai_O0728_1.mes,45,27,Mai,ん~はっきり言わないと、<6E5C>アンディと結婚しちゃうわよ,,
dom1Mai_O0728_1.mes,Script/dom1Mai_O0728_1.mes,46,30,주인공,かんべんしてくださいよ.そんなの<6E5C>言わなくてもわかるでしょ,,
dom1Mai_O0728_1.mes,Script/dom1Mai_O0728_1.mes,47,28,Mai,<이름:3232>君.言わなきゃ伝わらない<6E5C>気持ちってのもあるんだよ,,
dom1Mai_O0728_1.mes,Script/dom1Mai_O0728_1.mes,48,12,주인공,そ、そんなもんですか?,,
dom1Mai_O0728_1.mes,Script/dom1Mai_O0728_1.mes,49,11,Mai,うん.ほら、言ってよ,,
dom1Mai_O0728_1.mes,Script/dom1Mai_O0728_1.mes,50,50,주인공,(こういうのって、催促されて言う<6E5C>ことなのかなぁ.でもまあいいか.<6E5C>伝えるつもりで来たんだし……),,
dom1Mai_O0728_1.mes,Script/dom1Mai_O0728_1.mes,51,5,주인공,舞さん!,,
dom1Mai_O0728_1.mes,Script/dom1Mai_O0728_1.mes,52,3,Mai,はい,,
dom1Mai_O0728_1.mes,Script/dom1Mai_O0728_1.mes,53,43,주인공,俺、舞さんのことが好きです!<6E5C>ずっと一緒にいたくて、<6E5C>いてほしくて、迎えに来ました!,,
dom1Mai_O0728_1.mes,Script/dom1Mai_O0728_1.mes,54,8,Mai,……ありがとう,,
dom1Mai_O0728_1.mes,Script/dom1Mai_O0728_1.mes,55,31,주인공,(あ、あれ、それだけ?私も……<6E5C>とかって展開じゃないのかよ),,
dom1Mai_O0728_1.mes,Script/dom1Mai_O0728_1.mes,56,10,Mai,それじゃ、帰ろうか,,
dom1Mai_O0728_1.mes,Script/dom1Mai_O0728_1.mes,57,7,주인공,え、どこに?,,
dom1Mai_O0728_1.mes,Script/dom1Mai_O0728_1.mes,58,26,Mai,私たち、おとなりさんでしょ.<6E5C>私たちの家に帰るのよ,,
dom1Mai_O0728_1.mes,Script/dom1Mai_O0728_1.mes,59,4,주인공,はい!,,
dom1Mai_O0728_1.mes,Script/dom1Mai_O0728_1.mes,60,7,UNKNOWN_21,待ちたまえ!,,
dom1Mai_O0728_1.mes,Script/dom1Mai_O0728_1.mes,61,7,Mai,アンディ……,,
dom1Mai_O0728_1.mes,Script/dom1Mai_O0728_1.mes,62,25,주인공,あんた、なんの用だよ.<6E5C>舞さんは、俺と帰るんだ!,,
dom1Mai_O0728_1.mes,Script/dom1Mai_O0728_1.mes,63,59,UNKNOWN_10,へぇ、少し見ない間に、ずいぶんと<6E5C>いい顔つきになったじゃないか<485C>でも、これは君が口をはさんで<6E5C>いい問題じゃないんだよ,,
dom1Mai_O0728_1.mes,Script/dom1Mai_O0728_1.mes,64,13,주인공,俺も婚約者候補なんだよ!,,
dom1Mai_O0728_1.mes,Script/dom1Mai_O0728_1.mes,65,17,UNKNOWN_10,相手の写真を見もしなかった君が?,,
dom1Mai_O0728_1.mes,Script/dom1Mai_O0728_1.mes,66,4,주인공,く……,,
dom1Mai_O0728_1.mes,Script/dom1Mai_O0728_1.mes,67,50,Mai,アンディ、あなたの家には、正式に<6E5C>お断りの連絡をさせてもらうわ<485C>私は、私の生きたいように<6E5C>生きるの,,
dom1Mai_O0728_1.mes,Script/dom1Mai_O0728_1.mes,68,49,UNKNOWN_10,舞……不知火流は<6E5C>どうするつもりだい?<485C>君ひとりのわがままで、<6E5C>みんなを困らせるもんじゃ<6E5C>ないよ,,
dom1Mai_O0728_1.mes,Script/dom1Mai_O0728_1.mes,69,31,Mai,人のことをだまして連れ戻そうと<6E5C>する家なんて、知らないわよ!,,
dom1Mai_O0728_1.mes,Script/dom1Mai_O0728_1.mes,70,8,주인공,だ、だまして?,,
dom1Mai_O0728_1.mes,Script/dom1Mai_O0728_1.mes,71,47,Mai,そうよ.この人たち……お祖父さま<6E5C>も一緒になって、病気だってウソを<6E5C>ついて私を呼び戻したの!,,
dom1Mai_O0728_1.mes,Script/dom1Mai_O0728_1.mes,72,36,UNKNOWN_10,やむをえなかったんだ.そうでもし<6E5C>ないと、君は帰ってこないじゃ<6E5C>ないか,,
dom1Mai_O0728_1.mes,Script/dom1Mai_O0728_1.mes,73,9,Mai,当たり前でしょ!,,
dom1Mai_O0728_1.mes,Script/dom1Mai_O0728_1.mes,74,57,UNKNOWN_10,舞、冷静になるんだ.君は不知火流<6E5C>の正当な後維者なんだよ<485C>一時の感情に流されて、<6E5C>大切なものを見失っちゃいけない,,
dom1Mai_O0728_1.mes,Script/dom1Mai_O0728_1.mes,75,56,Mai,見失ってるのはあなたたちでしょ!<6E5C>私をだましてまで結婚させようと<6E5C>して、何が大切なものよ!<485C>私は戻らないわよ!,,
dom1Mai_O0728_1.mes,Script/dom1Mai_O0728_1.mes,76,4,주인공,待てよ,,
dom1Mai_O0728_1.mes,Script/dom1Mai_O0728_1.mes,77,3,UNKNOWN_10,ん?,,
dom1Mai_O0728_1.mes,Script/dom1Mai_O0728_1.mes,78,4,Mai,<이름:3232>君,,
dom1Mai_O0728_1.mes,Script/dom1Mai_O0728_1.mes,79,39,주인공,さっきから閉いてれば、一方的な<6E5C>理屈で人ひとりの人生を<6E5C>おもちゃにしやがって,,
dom1Mai_O0728_1.mes,Script/dom1Mai_O0728_1.mes,80,24,UNKNOWN_10,君には関係ないことだ.<6E5C>そこをどいてくれないか,,
dom1Mai_O0728_1.mes,Script/dom1Mai_O0728_1.mes,81,14,주인공,断る!舞さんは、俺が守る!,,
dom1Mai_O0728_1.mes,Script/dom1Mai_O0728_1.mes,82,6,Mai,<이름:3232>君……,,
dom1Mai_O0728_1.mes,Script/dom1Mai_O0728_1.mes,83,25,UNKNOWN_10,おもしろい.僕と本気で勝負するっ<6E5C>ていうのかい?,,
dom1Mai_O0728_1.mes,Script/dom1Mai_O0728_1.mes,84,4,주인공,そうだ,,
dom1Mai_O0728_1.mes,Script/dom1Mai_O0728_1.mes,85,42,UNKNOWN_10,いいだろう.その勝負、受けて立と<6E5C>う.負けた方は舞から手を引く.<6E5C>それでいいかい?,,
dom1Mai_O0728_1.mes,Script/dom1Mai_O0728_1.mes,86,8,주인공,望むところだよ,,
dom1Mai_O0728_1.mes,Script/dom1Mai_O0728_1.mes,87,24,Mai,ちょ、ちょっと、勝手にふたりで進<6E5C>めないでよ!,,
dom1Mai_O0728_1.mes,Script/dom1Mai_O0728_1.mes,88,31,주인공,舞さん.俺のこと、信じてもらえま<6E5C>せんか.絶対に勝ちますから,,
dom1Mai_O0728_1.mes,Script/dom1Mai_O0728_1.mes,89,6,Mai,<이름:3232>君……,,
dom1Mai_O0728_1.mes,Script/dom1Mai_O0728_1.mes,90,39,UNKNOWN_10,<이름:3131>君、絶対なんて簡単に<6E5C>口にするもんじゃないよ.<6E5C>すぐに後悔することになる,,
dom1Mai_O0728_1.mes,Script/dom1Mai_O0728_1.mes,91,4,주인공,舞さん,,
dom1Mai_O0728_1.mes,Script/dom1Mai_O0728_1.mes,92,6,Mai,え……でも,,
dom1Mai_O0728_1.mes,Script/dom1Mai_O0728_1.mes,93,5,주인공,舞さん!,,
dom1Mai_O0728_1.mes,Script/dom1Mai_O0728_1.mes,94,6,Mai,は、はい!,,
dom1Mai_O0728_1.mes,Script/dom1Mai_O0728_1.mes,95,11,주인공,俺に、任せてください,,
dom1Mai_O0728_1.mes,Script/dom1Mai_O0728_1.mes,96,5,Mai,……うん,,
dom1Mai_O0728_1.mes,Script/dom1Mai_O0728_1.mes,97,15,주인공,そういうことだ、アンディさん,,
dom1Mai_O0728_1.mes,Script/dom1Mai_O0728_1.mes,98,17,UNKNOWN_10,わかった.勝負の方法はどうする?,,
dom1Mai_O0728_1.mes,Script/dom1Mai_O0728_1.mes,99,9,주인공,俺はなんでもいい,,
dom1Mai_O0728_1.mes,Script/dom1Mai_O0728_1.mes,100,91,UNKNOWN_10,フフ、大した自信だね.<6E5C>それじゃあ、勝負の方法を<6E5C>提案させてもらおう<485C>不知火流には、後維者の資格を<6E5C>得るための試験がある<485C>その試験の成績が上だった者の<6E5C>勝ち、ということでどうだい?,,
dom1Mai_O0728_1.mes,Script/dom1Mai_O0728_1.mes,101,5,주인공,わかった,,
dom1Mai_O0728_1.mes,Script/dom1Mai_O0728_1.mes,102,100,UNKNOWN_10,不知火流を維ぐにふさわしい資格と<6E5C>は、誰よりも強い肉体を持っている<6E5C>こと<485C>それを量るための試験を、<6E5C>3日後に行なう<485C>詳しい内容は、舞に閉くといい.<6E5C>勝負がつくまでは、舞が君の<6E5C>そばにいることを許そう,,
dom1Mai_O0728_1.mes,Script/dom1Mai_O0728_1.mes,103,29,주인공,あ、あの、舞さん……不知火流<6E5C>って、華道の家元ですよね?,,
dom1Mai_O0728_1.mes,Script/dom1Mai_O0728_1.mes,104,7,Mai,そうだけど?,,
dom1Mai_O0728_1.mes,Script/dom1Mai_O0728_1.mes,105,20,주인공,……誰よりも強い肉体って必要<6E5C>ですか?,,
dom1Mai_O0728_1.mes,Script/dom1Mai_O0728_1.mes,106,20,Mai,さあ……お祖父さまが決めたことだ<6E5C>から,,
dom1Mai_O0728_1.mes,Script/dom1Mai_O0728_1.mes,107,20,UNKNOWN_10,それじゃ、3日後を楽しみにしてい<6E5C>るよ,,
dom1Mai_O0728_1.mes,Script/dom1Mai_O0728_1.mes,108,7,주인공,え~っと……,,
dom1Mai_O0728_1.mes,Script/dom1Mai_O0728_1.mes,109,18,Mai,<이름:3232>君.<6E5C>責任、取ってもらうからね,,
dom1Mai_O0728_1.mes,Script/dom1Mai_O0728_1.mes,110,16,주인공,だ、だいじょうぶですよ!たぶん,,
dom1Mai_O0728_1.mes,Script/dom1Mai_O0728_1.mes,111,38,Mai,たぶんって何よ!?舞さんは俺が<6E5C>守る、とかかっこいいこと言ってた<6E5C>くせに!,,
dom1Mai_O0728_1.mes,Script/dom1Mai_O0728_1.mes,112,34,주인공,ま、負けませんって!と、とにかく<6E5C>勝負の方法ってのを教えてください,,
dom1Mai_O0728_1.mes,Script/dom1Mai_O0728_1.mes,113,33,Mai,そうね.でもここじゃなんだから、<6E5C>家に帰ってからゆっくり話そうか,,
dom1Mai_O0728_1.mes,Script/dom1Mai_O0728_1.mes,114,6,주인공,そうですね,,
dom1Mai_O0728_1.mes,Script/dom1Mai_O0728_1.mes,115,33,주인공,(勢いで勝負を受けちゃったけど、<6E5C>ほんとにだいじょうぶかな……),,
dom1Mai_O0728_4.mes,Script/dom1Mai_O0728_4.mes,0,49,Mai,それじゃ、試験の内容を説明する<6E5C>わ.最高の肉体には、大きく分けて<6E5C>ふたつの要素があるの.わかる?,,
dom1Mai_O0728_4.mes,Script/dom1Mai_O0728_4.mes,1,13,주인공,瞬発力と、持久力ですか?,,
dom1Mai_O0728_4.mes,Script/dom1Mai_O0728_4.mes,2,63,Mai,正解.不知火流の試験では、<6E5C>そのふたつを同時に<6E5C>試されることになるわ<485C>具体的には……うん、きっと<6E5C>宝探しをすることになるわね,,
dom1Mai_O0728_4.mes,Script/dom1Mai_O0728_4.mes,3,6,주인공,宝探し!?,,
dom1Mai_O0728_4.mes,Script/dom1Mai_O0728_4.mes,4,9,Mai,何よ.何か不満?,,
dom1Mai_O0728_4.mes,Script/dom1Mai_O0728_4.mes,5,21,주인공,いや、不満というか……<6E5C>不知火流って……,,
dom1Mai_O0728_4.mes,Script/dom1Mai_O0728_4.mes,6,8,Mai,華道の家元よ!,,
dom1Mai_O0728_4.mes,Script/dom1Mai_O0728_4.mes,7,8,주인공,で、ですよねぇ,,
dom1Mai_O0728_4.mes,Script/dom1Mai_O0728_4.mes,8,30,Mai,もう!仕方ないでしょ、<6E5C>お祖父さまが決めたこと<6E5C>なんだから,,
dom1Mai_O0728_4.mes,Script/dom1Mai_O0728_4.mes,9,30,주인공,あの、お祖父さまっていうのは、<6E5C>何をされてた方なんですか?,,
dom1Mai_O0728_4.mes,Script/dom1Mai_O0728_4.mes,10,4,Mai,忍者よ,,
dom1Mai_O0728_4.mes,Script/dom1Mai_O0728_4.mes,11,5,주인공,なるほど,,
dom1Mai_O0728_4.mes,Script/dom1Mai_O0728_4.mes,12,26,Mai,何がなるほどよ.納得してないなら<6E5C>そう言いなさいよ,,
dom1Mai_O0728_4.mes,Script/dom1Mai_O0728_4.mes,13,17,주인공,いや、なんかむしろ納得できました,,
dom1Mai_O0728_4.mes,Script/dom1Mai_O0728_4.mes,14,14,Mai,そ、そう?それならいいけど,,
dom1Mai_O0728_4.mes,Script/dom1Mai_O0728_4.mes,15,28,주인공,(なんで忍者が華道なのか<6E5C>閉いたら、怒るだろうしなぁ),,
dom1Mai_O0728_4.mes,Script/dom1Mai_O0728_4.mes,16,67,Mai,それで、宝探しなんだけど、街中に<6E5C>ばらまかれる暗号を解き明かして、<485C>相手より早く隠されている宝物を<6E5C>見つけた方の勝ちよ.<6E5C>簡単でしょ,,
dom1Mai_O0728_4.mes,Script/dom1Mai_O0728_4.mes,17,14,주인공,宝物って、なんなんですか?,,
dom1Mai_O0728_4.mes,Script/dom1Mai_O0728_4.mes,18,29,Mai,さあ?お祖父さまが考えることだ<6E5C>から、想像もつかないわね,,
dom1Mai_O0728_4.mes,Script/dom1Mai_O0728_4.mes,19,17,주인공,舞さんはやったことあるんですか?,,
dom1Mai_O0728_4.mes,Script/dom1Mai_O0728_4.mes,20,28,Mai,ないわよ.私は生まれた時から<6E5C>不知火流の後維者だからね,,
dom1Mai_O0728_4.mes,Script/dom1Mai_O0728_4.mes,21,16,주인공,そうですか.うらやましいですね,,
dom1Mai_O0728_4.mes,Script/dom1Mai_O0728_4.mes,22,49,Mai,<이름:3232>君も不知火流になりたいの?<6E5C>私と結婚したら、正当後維者の旦那<6E5C>様として、晴れて不知火流入りよ,,
dom1Mai_O0728_4.mes,Script/dom1Mai_O0728_4.mes,23,26,주인공,む、婿養子ですか…….<6E5C>しかもなんかおまけっぽいし,,
dom1Mai_O0728_4.mes,Script/dom1Mai_O0728_4.mes,24,24,Mai,何よ、私がついてくるのよ.<6E5C>不満だっていうの?,,
dom1Mai_O0728_4.mes,Script/dom1Mai_O0728_4.mes,25,30,주인공,まさか.お、俺は、舞さんさえいて<6E5C>くれれば、家柄なんて……,,
dom1Mai_O0728_4.mes,Script/dom1Mai_O0728_4.mes,26,10,Mai,あ、ありがとう……,,
dom1Mai_O0728_4.mes,Script/dom1Mai_O0728_4.mes,27,5,주인공,いえ……,,
dom1Mai_O0728_4.mes,Script/dom1Mai_O0728_4.mes,28,3,Mai,……,,
dom1Mai_O0728_4.mes,Script/dom1Mai_O0728_4.mes,29,3,주인공,……,,
dom1Mai_O0728_4.mes,Script/dom1Mai_O0728_4.mes,30,20,주인공,(なんか変な空気になっちゃっ<6E5C>た……),,
dom1Mai_O0728_4.mes,Script/dom1Mai_O0728_4.mes,31,11,[선택지],話題を変えるキスをする,,
dom1Mai_O0728_4.mes,Script/dom1Mai_O0728_4.mes,32,31,주인공,そ、それにしても、お祖父さん、<6E5C>病気じゃなくてよかったですね,,
dom1Mai_O0728_4.mes,Script/dom1Mai_O0728_4.mes,33,19,Mai,う、うん.ウソには腹が立ったけど<6E5C>ね,,
dom1Mai_O0728_4.mes,Script/dom1Mai_O0728_4.mes,34,13,주인공,人間、健康第一ですからね,,
dom1Mai_O0728_4.mes,Script/dom1Mai_O0728_4.mes,35,6,Mai,そ、そうね,,
dom1Mai_O0728_4.mes,Script/dom1Mai_O0728_4.mes,36,3,주인공,……,,
dom1Mai_O0728_4.mes,Script/dom1Mai_O0728_4.mes,37,3,Mai,……,,
dom1Mai_O0728_4.mes,Script/dom1Mai_O0728_4.mes,38,3,주인공,……,,
dom1Mai_O0728_4.mes,Script/dom1Mai_O0728_4.mes,39,19,Mai,それじゃ、私はそろそろ部屋に戻る<6E5C>わ,,
dom1Mai_O0728_4.mes,Script/dom1Mai_O0728_4.mes,40,6,주인공,え、もう?,,
dom1Mai_O0728_4.mes,Script/dom1Mai_O0728_4.mes,41,3,Mai,え?,,
dom1Mai_O0728_4.mes,Script/dom1Mai_O0728_4.mes,42,15,주인공,あ、いえ、なんでもない、です,,
dom1Mai_O0728_4.mes,Script/dom1Mai_O0728_4.mes,43,15,Mai,……もうちょっと、いようかな,,
dom1Mai_O0728_4.mes,Script/dom1Mai_O0728_4.mes,44,5,주인공,は、はい,,
dom1Mai_O0728_4.mes,Script/dom1Mai_O0728_4.mes,45,58,주인공,(結局、舞さんは明け方まで<6E5C>俺の部屋にいた<485C>そして俺たちは、明日から<6E5C>宝探しの練習をすることを<6E5C>約束して、別れた),,
dom1Mai_O0728_4.mes,Script/dom1Mai_O0728_4.mes,46,8,주인공,ま、舞さん……,,
dom1Mai_O0728_4.mes,Script/dom1Mai_O0728_4.mes,47,5,Mai,な、何?,,
dom1Mai_O0728_4.mes,Script/dom1Mai_O0728_4.mes,48,3,주인공,……,,
dom1Mai_O0728_4.mes,Script/dom1Mai_O0728_4.mes,49,18,Mai,ちょ、ちょっと<이름:3232>君.<6E5C>顔が近いよ,,
dom1Mai_O0728_4.mes,Script/dom1Mai_O0728_4.mes,50,8,주인공,ダメ、ですか?,,
dom1Mai_O0728_4.mes,Script/dom1Mai_O0728_4.mes,51,16,Mai,ううん、そんなことないけど……,,
dom1Mai_O0728_4.mes,Script/dom1Mai_O0728_4.mes,52,6,주인공,じゃあ……,,
dom1Mai_O0728_4.mes,Script/dom1Mai_O0728_4.mes,53,5,Mai,うん……,,
dom1Mai_O0728_4.mes,Script/dom1Mai_O0728_4.mes,54,7,[효과음/내레이션],♪ピンポ~ン,,
dom1Mai_O0728_4.mes,Script/dom1Mai_O0728_4.mes,55,10,Mai,!<020A>だ、誰か来たよ,,
dom1Mai_O0728_4.mes,Script/dom1Mai_O0728_4.mes,56,8,주인공,そ、そうですね,,
dom1Mai_O0728_4.mes,Script/dom1Mai_O0728_4.mes,57,4,[효과음/내레이션],ガチャ,,
dom1Mai_O0728_4.mes,Script/dom1Mai_O0728_4.mes,58,21,주인공,ア、アテナ、どうしたんだ、<6E5C>こんな遅くに,,
dom1Mai_O0728_4.mes,Script/dom1Mai_O0728_4.mes,59,29,Athena,うん、近くを通りかかったら電気が<6E5C>ついてるのが見えたから,,
dom1Mai_O0728_4.mes,Script/dom1Mai_O0728_4.mes,60,32,주인공,そ、そうか.<6E5C>こんな時間まで仕事か?<6E5C>た、大変だな、アイドルも,,
dom1Mai_O0728_4.mes,Script/dom1Mai_O0728_4.mes,61,10,Athena,<이름:3232>も大変そうだね,,
dom1Mai_O0728_4.mes,Script/dom1Mai_O0728_4.mes,62,7,주인공,な、何がだよ,,
dom1Mai_O0728_4.mes,Script/dom1Mai_O0728_4.mes,63,12,Athena,フフ、よかったね、<이름:3232>,,
dom1Mai_O0728_4.mes,Script/dom1Mai_O0728_4.mes,64,11,주인공,あ、ああ.ありがとう,,
dom1Mai_O0728_4.mes,Script/dom1Mai_O0728_4.mes,65,12,Athena,それじゃ、わたし行くね,,
dom1Mai_O0728_4.mes,Script/dom1Mai_O0728_4.mes,66,7,주인공,気をつけてな,,
dom1Mai_O0728_4.mes,Script/dom1Mai_O0728_4.mes,67,21,Athena,舞さ~ん、舞さんも気をつけてくだ<6E5C>さいね,,
dom1Mai_O0728_4.mes,Script/dom1Mai_O0728_4.mes,68,19,주인공,お、おい、アテナ!<6E5C>何を言ってんだよ,,
dom1Mai_O0728_4.mes,Script/dom1Mai_O0728_4.mes,69,11,Athena,さあ、なんでしょう?,,
dom1Mai_O0728_4.mes,Script/dom1Mai_O0728_4.mes,70,27,주인공,お前、そういう捨てゼリフを残して<6E5C>くのは反則だろ……,,
dom1Mai_O0728_4.mes,Script/dom1Mai_O0728_4.mes,71,29,Athena,フフ、ごめん.それじゃ、<6E5C>わたし帰るね.<6E5C>バイバイ、<이름:3232>,,
dom1Mai_O0728_4.mes,Script/dom1Mai_O0728_4.mes,72,5,주인공,あ、ああ,,
dom1Mai_O0728_4.mes,Script/dom1Mai_O0728_4.mes,73,4,Mai,ふ~ん,,
dom1Mai_O0728_4.mes,Script/dom1Mai_O0728_4.mes,74,9,주인공,な、なんですか?,,
dom1Mai_O0728_4.mes,Script/dom1Mai_O0728_4.mes,75,16,Mai,気をつけて、って言われちゃった,,
dom1Mai_O0728_4.mes,Script/dom1Mai_O0728_4.mes,76,17,주인공,あ、あいつ、何言ってんでしょうね,,
dom1Mai_O0728_4.mes,Script/dom1Mai_O0728_4.mes,77,12,Mai,とっても仲がよさそうね,,
dom1Mai_O0728_4.mes,Script/dom1Mai_O0728_4.mes,78,12,주인공,お、幼なじみですからね,,
dom1Mai_O0728_4.mes,Script/dom1Mai_O0728_4.mes,79,6,Mai,それだけ?,,
dom1Mai_O0728_4.mes,Script/dom1Mai_O0728_4.mes,80,16,주인공,お、俺は、舞さんだけですから!,,
dom1Mai_O0728_4.mes,Script/dom1Mai_O0728_4.mes,81,8,Mai,……ありがとう,,
dom1Mai_O0728_4.mes,Script/dom1Mai_O0728_4.mes,82,58,주인공,(結局、舞さんは明け方まで<6E5C>俺の部屋にいた<485C>そして俺たちは、明日から<6E5C>宝探しの練習をすることを<6E5C>約束して、別れた),,
dom1Mai_O0729_1.mes,Script/dom1Mai_O0729_1.mes,0,7,[효과음/내레이션],♪ピンポ~ン,,
dom1Mai_O0729_1.mes,Script/dom1Mai_O0729_1.mes,1,7,[효과음/내레이션],♪ピンポ~ン,,
dom1Mai_O0729_1.mes,Script/dom1Mai_O0729_1.mes,2,20,주인공,ん~……もうちょっと寝かせて<6E5C>くれ……,,
dom1Mai_O0729_1.mes,Script/dom1Mai_O0729_1.mes,3,7,[효과음/내레이션],♪ピンポ~ン,,
dom1Mai_O0729_1.mes,Script/dom1Mai_O0729_1.mes,4,10,주인공,ああ、わかったよ!,,
dom1Mai_O0729_1.mes,Script/dom1Mai_O0729_1.mes,5,4,[효과음/내레이션],ガチャ,,
dom1Mai_O0729_1.mes,Script/dom1Mai_O0729_1.mes,6,6,주인공,あ、舞さん,,
dom1Mai_O0729_1.mes,Script/dom1Mai_O0729_1.mes,7,42,Mai,ちょっと、まさか今起きたの?<6E5C>今日は朝から宝探しの練習を<6E5C>するって言ってたでしょ!,,
dom1Mai_O0729_1.mes,Script/dom1Mai_O0729_1.mes,8,10,주인공,え、今何時ですか?,,
dom1Mai_O0729_1.mes,Script/dom1Mai_O0729_1.mes,9,7,Mai,もうお昼よ!,,
dom1Mai_O0729_1.mes,Script/dom1Mai_O0729_1.mes,10,53,주인공,マジっすか…….ん?でもなんで<6E5C>こんな時間まで起こしにこな<6E5C>かったんですか?<485C>舞さんも寝坊したんじゃ……,,
dom1Mai_O0729_1.mes,Script/dom1Mai_O0729_1.mes,11,28,Mai,う、うるさいわね.<6E5C>いいから早く着替えて!<6E5C>行くわよ!,,
dom1Mai_O0729_1.mes,Script/dom1Mai_O0729_1.mes,12,29,주인공,(さすがの舞さんも、睡眠不足には<6E5C>かなわなかったか……),,
dom1Mai_O0729_1.mes,Script/dom1Mai_O0729_1.mes,13,10,Mai,さあ、始めるわよ!,,
dom1Mai_O0729_1.mes,Script/dom1Mai_O0729_1.mes,14,6,주인공,何をです?,,
dom1Mai_O0729_1.mes,Script/dom1Mai_O0729_1.mes,15,14,Mai,宝探しに決まってるでしょ!,,
dom1Mai_O0729_1.mes,Script/dom1Mai_O0729_1.mes,16,10,주인공,何を探すんですか?,,
dom1Mai_O0729_1.mes,Script/dom1Mai_O0729_1.mes,17,12,Mai,宝物に決まってるでしょ,,
dom1Mai_O0729_1.mes,Script/dom1Mai_O0729_1.mes,18,10,주인공,どこにあるんです?,,
dom1Mai_O0729_1.mes,Script/dom1Mai_O0729_1.mes,19,22,Mai,それを言ったら宝探しにならない<6E5C>じゃない!,,
dom1Mai_O0729_1.mes,Script/dom1Mai_O0729_1.mes,20,30,주인공,いや、そうじゃなくて、どこかに<6E5C>宝物が隠してあるんですか?,,
dom1Mai_O0729_1.mes,Script/dom1Mai_O0729_1.mes,21,14,Mai,そうよ.仕込みはバッチリ!,,
dom1Mai_O0729_1.mes,Script/dom1Mai_O0729_1.mes,22,35,주인공,(まさか、舞さんが寝坊した<6E5C>のって、この仕込みのせい<6E5C>なんじゃ……),,
dom1Mai_O0729_1.mes,Script/dom1Mai_O0729_1.mes,23,13,Mai,ほら、さっそく始めるわよ,,
dom1Mai_O0729_1.mes,Script/dom1Mai_O0729_1.mes,24,6,주인공,は、はい!,,
dom1Mai_O0729_1.mes,Script/dom1Mai_O0729_1.mes,25,15,Mai,それじゃ、これが最初の暗号ね,,
dom1Mai_O0729_1.mes,Script/dom1Mai_O0729_1.mes,26,41,주인공,えー……“ヘビノナヲイタダクネッ<6E5C>キョウノハコ”?<6E5C>これなんでカタカナなんです?,,
dom1Mai_O0729_1.mes,Script/dom1Mai_O0729_1.mes,27,17,Mai,だって、その方が雰囲気出るでしょ,,
dom1Mai_O0729_1.mes,Script/dom1Mai_O0729_1.mes,28,26,주인공,はぁ.ま、いいか.<6E5C>さて、この暗号が示す場所は……,,
dom1Mai_O0729_1.mes,Script/dom1Mai_O0729_1.mes,29,21,Mai,もう、ここじゃないでしょ.<6E5C>よく読んでよ,,
dom1Mai_O0729_1.mes,Script/dom1Mai_O0729_1.mes,30,39,주인공,えー……“ヘビノナヲイタダクネッ<6E5C>キョウノハコ”.<6E5C>この暗号が示す場所は……,,
dom1Mai_O0729_1.mes,Script/dom1Mai_O0729_1.mes,31,12,[효과음/내레이션],♪カランコロンカラ~ン,,
dom1Mai_O0729_1.mes,Script/dom1Mai_O0729_1.mes,32,7,King,いらっしゃい,,
dom1Mai_O0729_1.mes,Script/dom1Mai_O0729_1.mes,33,9,주인공,ども、キングさん,,
dom1Mai_O0729_1.mes,Script/dom1Mai_O0729_1.mes,34,17,King,どうやら、舞を連れ戻せたようだな,,
dom1Mai_O0729_1.mes,Script/dom1Mai_O0729_1.mes,35,16,주인공,はい、まだ半分ってとこですけど,,
dom1Mai_O0729_1.mes,Script/dom1Mai_O0729_1.mes,36,4,King,半分?,,
dom1Mai_O0729_1.mes,Script/dom1Mai_O0729_1.mes,37,30,주인공,そうなんですよ.不知火流の試験を<6E5C>受けることになっちゃって,,
dom1Mai_O0729_1.mes,Script/dom1Mai_O0729_1.mes,38,9,Mai,あら、不満そうね,,
dom1Mai_O0729_1.mes,Script/dom1Mai_O0729_1.mes,39,12,주인공,い、いえ、とんでもない,,
dom1Mai_O0729_1.mes,Script/dom1Mai_O0729_1.mes,40,10,King,フフ、舞、おかえり,,
dom1Mai_O0729_1.mes,Script/dom1Mai_O0729_1.mes,41,11,Mai,ただいま、キングさん,,
dom1Mai_O0729_1.mes,Script/dom1Mai_O0729_1.mes,42,22,King,また何か楽しそうなことをしてるみ<6E5C>たいだな,,
dom1Mai_O0729_1.mes,Script/dom1Mai_O0729_1.mes,43,25,Mai,もう、キングさん.私の人生が<6E5C>かかってるんですよ,,
dom1Mai_O0729_1.mes,Script/dom1Mai_O0729_1.mes,44,30,King,すまない.どうもそんなせっぱ<6E5C>詰まってるように見えなくてさ,,
dom1Mai_O0729_1.mes,Script/dom1Mai_O0729_1.mes,45,17,주인공,そうですよね、緊張感ないですよね,,
dom1Mai_O0729_1.mes,Script/dom1Mai_O0729_1.mes,46,11,Mai,あなたが言わないの!,,
dom1Mai_O0729_1.mes,Script/dom1Mai_O0729_1.mes,47,20,King,ハハハ、あいかわらずだな、<6E5C>ふたりとも,,
dom1Mai_O0729_1.mes,Script/dom1Mai_O0729_1.mes,48,17,주인공,あ、キングさん、俺アイスコーヒー,,
dom1Mai_O0729_1.mes,Script/dom1Mai_O0729_1.mes,49,36,Mai,のんびりしてる場合じゃない<6E5C>でしょ!ごめんねキングさん.<6E5C>また来まーす,,
dom1Mai_O0729_1.mes,Script/dom1Mai_O0729_1.mes,50,9,King,ああ、待ってるよ,,
dom1Mai_O0729_1.mes,Script/dom1Mai_O0729_1.mes,51,75,주인공,ハァ、お茶を飲む時間もないの<6E5C>かよ…….次はどこに行って<6E5C>みようかな<485C>えっと……“ヘビノナヲイタダクネ<6E5C>ッキョウノハコ”.<6E5C>この暗号が示す場所は……,,
dom1Mai_O0729_1.mes,Script/dom1Mai_O0729_1.mes,52,12,[효과음/내레이션],♪カランコロンカラ~ン,,
dom1Mai_O0729_1.mes,Script/dom1Mai_O0729_1.mes,53,12,King,あれ、また来たのかい?,,
dom1Mai_O0729_1.mes,Script/dom1Mai_O0729_1.mes,54,14,Mai,コラ、サボるんじゃないの!,,
dom1Mai_O0729_1.mes,Script/dom1Mai_O0729_1.mes,55,59,주인공,は~い.<6E5C>次はどこに行ってみようかな<485C>えっと……“ヘビノナヲイタダ<6E5C>クネッキョウノハコ”.<6E5C>この暗号が示す場所は……,,
dom1Mai_O0729_1.mes,Script/dom1Mai_O0729_1.mes,56,21,Mai,もう、ここじゃないでしょ.<6E5C>よく読んでよ,,
dom1Mai_O0729_1.mes,Script/dom1Mai_O0729_1.mes,57,39,주인공,えー……“ヘビノナヲイタダクネッ<6E5C>キョウノハコ”.<6E5C>この暗号が示す場所は……,,
dom1Mai_O0729_1.mes,Script/dom1Mai_O0729_1.mes,58,21,Mai,もう、ここじゃないでしょ.<6E5C>よく読んでよ,,
dom1Mai_O0729_1.mes,Script/dom1Mai_O0729_1.mes,59,39,주인공,えー……“ヘビノナヲイタダクネッ<6E5C>キョウノハコ”.<6E5C>この暗号が示す場所は……,,
dom1Mai_O0729_1.mes,Script/dom1Mai_O0729_1.mes,60,57,UNKNOWN_29,か<0000><0000><0000><0000><0003><0008><0003><0005>9<0001><0011><0007><0000><0000><0000><0000><0006><000A><0009><0000><0000><0001><0018><0004><0004><0001><0000><0000><000D><0000><0000><0000><0000><0000><000E><0004><FFFF><0000><0000><0000><0000><0024><0018><0005>すごい、正解よ!<이름:3232>君,,
dom1Mai_O0729_1.mes,Script/dom1Mai_O0729_1.mes,61,28,주인공,フ~……よかった.それで、ここに<6E5C>宝物があるんですか?,,
dom1Mai_O0729_1.mes,Script/dom1Mai_O0729_1.mes,62,14,Mai,そうよ、あの人が持ってるわ,,
dom1Mai_O0729_1.mes,Script/dom1Mai_O0729_1.mes,63,19,주인공,うわ、ジェニー先生じゃないです<6E5C>か!,,
dom1Mai_O0729_1.mes,Script/dom1Mai_O0729_1.mes,64,7,Jenny,ハーイ、<이름:3232>,,
dom1Mai_O0729_1.mes,Script/dom1Mai_O0729_1.mes,65,22,주인공,あの、おふたりは知り合いだったん<6E5C>ですか?,,
dom1Mai_O0729_1.mes,Script/dom1Mai_O0729_1.mes,66,67,Mai,違うわよ.ここへ来たら朝早くから<6E5C>ハイテンションで歌ってる人がいた<6E5C>から、<485C>協力してもらうことにしたの.<6E5C><이름:3232>君こそ、知り合いなの?,,
dom1Mai_O0729_1.mes,Script/dom1Mai_O0729_1.mes,67,17,주인공,俺の学校の、教育実習の先生ですよ,,
dom1Mai_O0729_1.mes,Script/dom1Mai_O0729_1.mes,68,11,Jenny,イエーイ!ヨロシク!,,
dom1Mai_O0729_1.mes,Script/dom1Mai_O0729_1.mes,69,29,Mai,よろしく、ジェニー.それで、<6E5C>例のものは持っててくれた?,,
dom1Mai_O0729_1.mes,Script/dom1Mai_O0729_1.mes,70,15,Jenny,モチロン!<이름:3232>、オメデトー★,,
dom1Mai_O0729_1.mes,Script/dom1Mai_O0729_1.mes,71,13,주인공,あ!これ、俺の通知表!?,,
dom1Mai_O0729_1.mes,Script/dom1Mai_O0729_1.mes,72,13,Mai,そう、これが今回の宝物よ,,
dom1Mai_O0729_1.mes,Script/dom1Mai_O0729_1.mes,73,29,주인공,ちょっと、勝手に人の部屋から持ち<6E5C>出さないでくださいよ!,,
dom1Mai_O0729_1.mes,Script/dom1Mai_O0729_1.mes,74,29,Mai,そうねぇ、たしかにこの成績じゃ持<6E5C>ち出されたら怒るわよね,,
dom1Mai_O0729_1.mes,Script/dom1Mai_O0729_1.mes,75,23,Jenny,<이름:3232>!もっとベンキョー<6E5C>しなきゃダメよ~ん!,,
dom1Mai_O0729_1.mes,Script/dom1Mai_O0729_1.mes,76,22,주인공,わ、わかりましたよ.<6E5C>早く返してください!,,
dom1Mai_O0729_1.mes,Script/dom1Mai_O0729_1.mes,77,98,Mai,何はともあれ、無事に宝物を見つけ<6E5C>ることができたわね<485C>本番はもっとたくさんの暗号を<6E5C>解かなくちゃならないし、<485C>アンディより早く宝物を見つけ<6E5C>なきゃいけないから大変だけど<6E5C>……だいじょうぶだよね?,,
dom1Mai_O0729_1.mes,Script/dom1Mai_O0729_1.mes,78,6,주인공,た、たぶん,,
dom1Mai_O0729_1.mes,Script/dom1Mai_O0729_1.mes,79,3,Mai,は?,,
dom1Mai_O0729_1.mes,Script/dom1Mai_O0729_1.mes,80,14,Jenny,<이름:3232>、男らしくナイわ~ん!,,
dom1Mai_O0729_1.mes,Script/dom1Mai_O0729_1.mes,81,30,주인공,ふ、ふたりして…….<6E5C>わかりましたよ!<6E5C>絶対に負けません!,,
dom1Mai_O0729_1.mes,Script/dom1Mai_O0729_1.mes,82,7,Mai,よく言った!,,
dom1Mai_O0729_1.mes,Script/dom1Mai_O0729_1.mes,83,6,Jenny,イエーイ!,,
dom1Mai_O0729_1.mes,Script/dom1Mai_O0729_1.mes,84,14,주인공,(最強タッグ完成か……?),,
dom1Mai_O0729_1.mes,Script/dom1Mai_O0729_1.mes,85,34,Mai,さ、あとは本番を待つだけね.<6E5C>残った時間は……<6E5C>デートしましょう!,,
dom1Mai_O0729_1.mes,Script/dom1Mai_O0729_1.mes,86,8,주인공,そ、そうですね,,
dom1Mai_O0729_1.mes,Script/dom1Mai_O0729_1.mes,87,21,Mai,もう、ここじゃないでしょ.<6E5C>よく読んでよ,,
dom1Mai_O0729_1.mes,Script/dom1Mai_O0729_1.mes,88,39,주인공,えー……“ヘビノナヲイタダクネッ<6E5C>キョウノハコ”.<6E5C>この暗号が示す場所は……,,
dom1Mai_O0729_1.mes,Script/dom1Mai_O0729_1.mes,89,21,Mai,もう、ここじゃないでしょ.<6E5C>よく読んでよ,,
dom1Mai_O0729_1.mes,Script/dom1Mai_O0729_1.mes,90,39,주인공,えー……“ヘビノナヲイタダクネッ<6E5C>キョウノハコ”.<6E5C>この暗号が示す場所は……,,
dom1Mai_O0729_1.mes,Script/dom1Mai_O0729_1.mes,91,17,Mai,もう!日が募れちゃったじゃない!,,
dom1Mai_O0729_1.mes,Script/dom1Mai_O0729_1.mes,92,10,주인공,す、すみません……,,
dom1Mai_O0729_1.mes,Script/dom1Mai_O0729_1.mes,93,29,Mai,しっかりしてよ!もうあさってに<6E5C>はアンディと対決なのよ!,,
dom1Mai_O0729_1.mes,Script/dom1Mai_O0729_1.mes,94,19,주인공,は、はい!<6E5C>明日こそはがんばります!,,
dom1Mai_O0729_1.mes,Script/dom1Mai_O0729_1.mes,95,32,Mai,ハァ……頼りないわねぇ.<6E5C>まあ仕方ないわ.<6E5C>今日は帰りましょう,,
dom1Mai_O0729_1.mes,Script/dom1Mai_O0729_1.mes,96,32,주인공,(宝物を見つけることができなかっ<6E5C>た…….明日こそはきっと!),,
dom1Mai_O0730_0.mes,Script/dom1Mai_O0730_0.mes,0,7,[효과음/내레이션],♪ピンポ~ン,,
dom1Mai_O0730_0.mes,Script/dom1Mai_O0730_0.mes,1,3,주인공,はい,,
dom1Mai_O0730_0.mes,Script/dom1Mai_O0730_0.mes,2,4,[효과음/내레이션],ガチャ,,
dom1Mai_O0730_0.mes,Script/dom1Mai_O0730_0.mes,3,9,Mai,おはよう、<이름:3232>君,,
dom1Mai_O0730_0.mes,Script/dom1Mai_O0730_0.mes,4,10,주인공,おはようございます,,
dom1Mai_O0730_0.mes,Script/dom1Mai_O0730_0.mes,5,22,Mai,それじゃ、早速昨日の続きを始めま<6E5C>しょうか,,
dom1Mai_O0730_0.mes,Script/dom1Mai_O0730_0.mes,6,48,주인공,はい.たしか暗号は“ヘビノナヲイ<6E5C>タダクネッキョウノハコ”でした<6E5C>ね.この暗号が示す場所は……,,
dom1Mai_O0730_0.mes,Script/dom1Mai_O0730_0.mes,7,21,Mai,もう、ここじゃないでしょ.<6E5C>よく読んでよ,,
dom1Mai_O0730_0.mes,Script/dom1Mai_O0730_0.mes,8,39,주인공,えー……“ヘビノナヲイタダクネッ<6E5C>キョウノハコ”.<6E5C>この暗号が示す場所は……,,
dom1Mai_O0730_0.mes,Script/dom1Mai_O0730_0.mes,9,12,[효과음/내레이션],♪カランコロンカラ~ン,,
dom1Mai_O0730_0.mes,Script/dom1Mai_O0730_0.mes,10,7,King,いらっしゃい,,
dom1Mai_O0730_0.mes,Script/dom1Mai_O0730_0.mes,11,9,주인공,ども、キングさん,,
dom1Mai_O0730_0.mes,Script/dom1Mai_O0730_0.mes,12,17,King,どうやら、舞を連れ戻せたようだな,,
dom1Mai_O0730_0.mes,Script/dom1Mai_O0730_0.mes,13,16,주인공,はい、まだ半分ってとこですけど,,
dom1Mai_O0730_0.mes,Script/dom1Mai_O0730_0.mes,14,4,King,半分?,,
dom1Mai_O0730_0.mes,Script/dom1Mai_O0730_0.mes,15,30,주인공,そうなんですよ.不知火流の試験を<6E5C>受けることになっちゃって,,
dom1Mai_O0730_0.mes,Script/dom1Mai_O0730_0.mes,16,9,Mai,あら、不満そうね,,
dom1Mai_O0730_0.mes,Script/dom1Mai_O0730_0.mes,17,12,주인공,い、いえ、とんでもない,,
dom1Mai_O0730_0.mes,Script/dom1Mai_O0730_0.mes,18,10,King,フフ、舞、おかえり,,
dom1Mai_O0730_0.mes,Script/dom1Mai_O0730_0.mes,19,11,Mai,ただいま、キングさん,,
dom1Mai_O0730_0.mes,Script/dom1Mai_O0730_0.mes,20,22,King,また何か楽しそうなことをしてるみ<6E5C>たいだな,,
dom1Mai_O0730_0.mes,Script/dom1Mai_O0730_0.mes,21,25,Mai,もう、キングさん.<6E5C>私の人生がかかってるんですよ,,
dom1Mai_O0730_0.mes,Script/dom1Mai_O0730_0.mes,22,30,King,すまない.どうもそんなせっぱ<6E5C>詰まってるように見えなくてさ,,
dom1Mai_O0730_0.mes,Script/dom1Mai_O0730_0.mes,23,19,주인공,そうですよねぇ、<6E5C>緊張感ないですよね,,
dom1Mai_O0730_0.mes,Script/dom1Mai_O0730_0.mes,24,11,Mai,あなたが言わないの!,,
dom1Mai_O0730_0.mes,Script/dom1Mai_O0730_0.mes,25,20,King,ハハハ、あいかわらずだな、<6E5C>ふたりとも,,
dom1Mai_O0730_0.mes,Script/dom1Mai_O0730_0.mes,26,17,주인공,あ、キングさん、俺アイスコーヒー,,
dom1Mai_O0730_0.mes,Script/dom1Mai_O0730_0.mes,27,37,Mai,のんびりしてる場合じゃない<6E5C>でしょ!ごめんね、キングさん.<6E5C>また来まーす,,
dom1Mai_O0730_0.mes,Script/dom1Mai_O0730_0.mes,28,9,King,ああ、待ってるよ,,
dom1Mai_O0730_0.mes,Script/dom1Mai_O0730_0.mes,29,76,주인공,ハァ、お茶を飲む時間もないの<6E5C>か…….さて、次はどこに<6E5C>行ってみようかな<485C>えー……“ヘビノナヲイタダクネッ<6E5C>キョウノハコ”.<6E5C>この暗号が示す場所は……,,
dom1Mai_O0730_0.mes,Script/dom1Mai_O0730_0.mes,30,51,UNKNOWN_29,<0174><0000><0000><0000><0000><0011><0004><0000><0000><0000><0000><0006><000A><0006><0000><0000><0001><000F><0000><0000><0000><0000><0000><000D><0000><0000><0000><0000><0000><0010><0009><0000><0000><0000><0000><0000><0024><0018><FFFF>♪カランコロンカラ~ン,,
dom1Mai_O0730_0.mes,Script/dom1Mai_O0730_0.mes,31,12,King,あれ、また来たのかい?,,
dom1Mai_O0730_0.mes,Script/dom1Mai_O0730_0.mes,32,14,Mai,コラ、サボるんじゃないの!,,
dom1Mai_O0730_0.mes,Script/dom1Mai_O0730_0.mes,33,58,주인공,は~い.<6E5C>次はどこに行ってみようかな<485C>えー……“ヘビノナヲイタダク<6E5C>ネッキョウノハコ”.<6E5C>この暗号が示す場所は……,,
dom1Mai_O0730_0.mes,Script/dom1Mai_O0730_0.mes,34,21,Mai,もう、ここじゃないでしょ.<6E5C>よく読んでよ,,
dom1Mai_O0730_0.mes,Script/dom1Mai_O0730_0.mes,35,39,주인공,えー……“ヘビノナヲイタダクネッ<6E5C>キョウノハコ”.<6E5C>この暗号が示す場所は……,,
dom1Mai_O0730_0.mes,Script/dom1Mai_O0730_0.mes,36,21,Mai,もう、ここじゃないでしょ.<6E5C>よく読んでよ,,
dom1Mai_O0730_0.mes,Script/dom1Mai_O0730_0.mes,37,39,주인공,えー……“ヘビノナヲイタダクネッ<6E5C>キョウノハコ”.<6E5C>この暗号が示す場所は……,,
dom1Mai_O0730_0.mes,Script/dom1Mai_O0730_0.mes,38,12,Mai,すごい、正解よ!<이름:3232>君,,
dom1Mai_O0730_0.mes,Script/dom1Mai_O0730_0.mes,39,28,주인공,フ~……よかった.それで、ここに<6E5C>宝物があるんですか?,,
dom1Mai_O0730_0.mes,Script/dom1Mai_O0730_0.mes,40,14,Mai,そうよ、あの人が持ってるわ,,
dom1Mai_O0730_0.mes,Script/dom1Mai_O0730_0.mes,41,19,주인공,うわ、ジェニー先生じゃない<6E5C>ですか!,,
dom1Mai_O0730_0.mes,Script/dom1Mai_O0730_0.mes,42,8,Jenny,ハーイ!<이름:3232>!,,
dom1Mai_O0730_0.mes,Script/dom1Mai_O0730_0.mes,43,22,주인공,あの、おふたりは知り合いだったん<6E5C>ですか?,,
dom1Mai_O0730_0.mes,Script/dom1Mai_O0730_0.mes,44,67,Mai,違うわよ.ここへ来たら朝早くから<6E5C>ハイテンションで歌ってる人が<6E5C>いたから、<485C>協力してもらうことにしたの.<6E5C><이름:3232>君こそ、知り合いなの?,,
dom1Mai_O0730_0.mes,Script/dom1Mai_O0730_0.mes,45,17,주인공,俺の学校の、教育実習の先生ですよ,,
dom1Mai_O0730_0.mes,Script/dom1Mai_O0730_0.mes,46,11,Jenny,イエーイ!ヨロシク!,,
dom1Mai_O0730_0.mes,Script/dom1Mai_O0730_0.mes,47,29,Mai,よろしく、ジェニー.それで、<6E5C>例のものは持っててくれた?,,
dom1Mai_O0730_0.mes,Script/dom1Mai_O0730_0.mes,48,15,Jenny,モチロン!<이름:3232>、オメデトー★,,
dom1Mai_O0730_0.mes,Script/dom1Mai_O0730_0.mes,49,13,주인공,あ!これ、俺の通知表!?,,
dom1Mai_O0730_0.mes,Script/dom1Mai_O0730_0.mes,50,13,Mai,そう、これが今回の宝物よ,,
dom1Mai_O0730_0.mes,Script/dom1Mai_O0730_0.mes,51,29,주인공,ちょっと、勝手に人の部屋から持ち<6E5C>出さないでくださいよ!,,
dom1Mai_O0730_0.mes,Script/dom1Mai_O0730_0.mes,52,29,Mai,そうねぇ、たしかにこの成績じゃ<6E5C>持ち出されたら怒るわよね,,
dom1Mai_O0730_0.mes,Script/dom1Mai_O0730_0.mes,53,23,Jenny,<이름:3232>!もっとベンキョーしな<6E5C>きゃダメよ~ん!,,
dom1Mai_O0730_0.mes,Script/dom1Mai_O0730_0.mes,54,22,주인공,わ、わかりましたよ.早く返してく<6E5C>ださい!,,
dom1Mai_O0730_0.mes,Script/dom1Mai_O0730_0.mes,55,97,Mai,何はともあれ、無事に宝物を見つけ<6E5C>ることができたわね<485C>本番はもっとたくさんの暗号を<6E5C>解かなくちゃならないし、<485C>アンディより早く宝物を<6E5C>見つけなきゃいけないから大変<6E5C>だけど、だいじょうぶだよね?,,
dom1Mai_O0730_0.mes,Script/dom1Mai_O0730_0.mes,56,6,주인공,た、たぶん,,
dom1Mai_O0730_0.mes,Script/dom1Mai_O0730_0.mes,57,3,Mai,は?,,
dom1Mai_O0730_0.mes,Script/dom1Mai_O0730_0.mes,58,14,Jenny,<이름:3232>、男らしくナイわ~ん!,,
dom1Mai_O0730_0.mes,Script/dom1Mai_O0730_0.mes,59,30,주인공,ふ、ふたりして…….<6E5C>わかりましたよ!<6E5C>絶対に負けません!,,
dom1Mai_O0730_0.mes,Script/dom1Mai_O0730_0.mes,60,7,Mai,よく言った!,,
dom1Mai_O0730_0.mes,Script/dom1Mai_O0730_0.mes,61,6,Jenny,イエーイ!,,
dom1Mai_O0730_0.mes,Script/dom1Mai_O0730_0.mes,62,14,주인공,(最強タッグ完成か……?),,
dom1Mai_O0730_0.mes,Script/dom1Mai_O0730_0.mes,63,34,Mai,さ、あとは本番を待つだけね.<6E5C>残った時間は……<6E5C>デートしましょう!,,
dom1Mai_O0730_0.mes,Script/dom1Mai_O0730_0.mes,64,8,주인공,そ、そうですね,,
dom1Mai_O0730_0.mes,Script/dom1Mai_O0730_0.mes,65,21,Mai,もう、ここじゃないでしょ.<6E5C>よく読んでよ,,
dom1Mai_O0730_0.mes,Script/dom1Mai_O0730_0.mes,66,39,주인공,えー……“ヘビノナヲイタダクネッ<6E5C>キョウノハコ”.<6E5C>この暗号が示す場所は……,,
dom1Mai_O0730_0.mes,Script/dom1Mai_O0730_0.mes,67,21,Mai,もう、ここじゃないでしょ.<6E5C>よく読んでよ,,
dom1Mai_O0730_0.mes,Script/dom1Mai_O0730_0.mes,68,39,주인공,えー……“ヘビノナヲイタダクネッ<6E5C>キョウノハコ”.<6E5C>この暗号が示す場所は……,,
dom1Mai_O0730_0.mes,Script/dom1Mai_O0730_0.mes,69,35,Mai,もう、いい加減にしてよ!<6E5C>どうしてこんな簡単な暗号が<6E5C>解けないの!?,,
dom1Mai_O0730_0.mes,Script/dom1Mai_O0730_0.mes,70,15,주인공,そ、そんなこと言われても……,,
dom1Mai_O0730_0.mes,Script/dom1Mai_O0730_0.mes,71,44,Mai,いい?この暗号を漢字に直すと<6E5C>“蛇の名をいただく熱狂の箱”に<6E5C>なるわ.これならわかる?,,
dom1Mai_O0730_0.mes,Script/dom1Mai_O0730_0.mes,72,11,주인공,あ!OROCHiか!,,
dom1Mai_O0730_0.mes,Script/dom1Mai_O0730_0.mes,73,39,Mai,ハァ……こんなことでアンディに<6E5C>勝つなんて、夢のまた夢ね.<6E5C>あきらめましょう,,
dom1Mai_O0730_0.mes,Script/dom1Mai_O0730_0.mes,74,27,주인공,ま、待ってください!<6E5C>明日は必ず解いてみせますから!,,
dom1Mai_O0730_0.mes,Script/dom1Mai_O0730_0.mes,75,6,Mai,ほんとに?,,
dom1Mai_O0730_0.mes,Script/dom1Mai_O0730_0.mes,76,10,주인공,はい!約束します!,,
dom1Mai_O0730_0.mes,Script/dom1Mai_O0730_0.mes,77,21,Mai,……わかった.今回だけは、信じて<6E5C>あげる,,
dom1Mai_O0730_0.mes,Script/dom1Mai_O0730_0.mes,78,7,주인공,よかった……,,
dom1Mai_O0730_0.mes,Script/dom1Mai_O0730_0.mes,79,39,Mai,でも、明日は1回も失敗できないと<6E5C>思っててよ.それぐらい、アンディ<6E5C>は強いわ,,
dom1Mai_O0730_0.mes,Script/dom1Mai_O0730_0.mes,80,7,주인공,わかりました,,
dom1Mai_O0730_0.mes,Script/dom1Mai_O0730_0.mes,81,25,주인공,(いよいよ明日か…….<6E5C>絶対に勝ってみせるぞ!),,
dom1Mai_O0731_0.mes,Script/dom1Mai_O0731_0.mes,0,7,[효과음/내레이션],♪ピンポ~ン,,
dom1Mai_O0731_0.mes,Script/dom1Mai_O0731_0.mes,1,3,주인공,はい,,
dom1Mai_O0731_0.mes,Script/dom1Mai_O0731_0.mes,2,4,[효과음/내레이션],ガチャ,,
dom1Mai_O0731_0.mes,Script/dom1Mai_O0731_0.mes,3,12,Mai,おはよう.よく眠れた?,,
dom1Mai_O0731_0.mes,Script/dom1Mai_O0731_0.mes,4,8,주인공,バッチリです!,,
dom1Mai_O0731_0.mes,Script/dom1Mai_O0731_0.mes,5,22,주인공,(ほんとは緊張して全然眠れなかっ<6E5C>たけど),,
dom1Mai_O0731_0.mes,Script/dom1Mai_O0731_0.mes,6,12,Mai,ほんとにだいじょうぶ?,,
dom1Mai_O0731_0.mes,Script/dom1Mai_O0731_0.mes,7,9,주인공,だいじょうぶです,,
dom1Mai_O0731_0.mes,Script/dom1Mai_O0731_0.mes,8,9,Mai,そっか、よかった,,
dom1Mai_O0731_0.mes,Script/dom1Mai_O0731_0.mes,9,7,주인공,行きましょう,,
dom1Mai_O0731_0.mes,Script/dom1Mai_O0731_0.mes,10,3,Mai,うん,,
dom1Mai_O0731_1.mes,Script/dom1Mai_O0731_1.mes,0,10,UNKNOWN_10,よく逃げずに来たね,,
dom1Mai_O0731_1.mes,Script/dom1Mai_O0731_1.mes,1,6,주인공,そっちこそ,,
dom1Mai_O0731_1.mes,Script/dom1Mai_O0731_1.mes,2,22,Mai,アンディ、この勝負のこと、<6E5C>お祖父さまは?,,
dom1Mai_O0731_1.mes,Script/dom1Mai_O0731_1.mes,3,34,UNKNOWN_10,承知している.この勝負の勝者と舞<6E5C>の仮祝言の準備が進んでいるはずだ,,
dom1Mai_O0731_1.mes,Script/dom1Mai_O0731_1.mes,4,6,Mai,仮祝言!?,,
dom1Mai_O0731_1.mes,Script/dom1Mai_O0731_1.mes,5,16,UNKNOWN_10,そうだ.内輪で行う、仮の婚礼だ,,
dom1Mai_O0731_1.mes,Script/dom1Mai_O0731_1.mes,6,28,주인공,こ、婚礼って……この勝負の後<6E5C>すぐに結婚式ってこと!?,,
dom1Mai_O0731_1.mes,Script/dom1Mai_O0731_1.mes,7,41,UNKNOWN_10,いや、正確には婚約の儀だな.<6E5C>正式な結婚はもっときっちりと<6E5C>した準備が必要だろう,,
dom1Mai_O0731_1.mes,Script/dom1Mai_O0731_1.mes,8,27,주인공,ど、どっちにしても、いきなり<6E5C>ダッシュな展開だな……,,
dom1Mai_O0731_1.mes,Script/dom1Mai_O0731_1.mes,9,11,Mai,<이름:3232>君……やめとく?,,
dom1Mai_O0731_1.mes,Script/dom1Mai_O0731_1.mes,10,11,주인공,いえ、やりますよ俺は,,
dom1Mai_O0731_1.mes,Script/dom1Mai_O0731_1.mes,11,28,UNKNOWN_10,いい度胸だ.君となら正々堂々、<6E5C>最高の勝負ができそうだ,,
dom1Mai_O0731_1.mes,Script/dom1Mai_O0731_1.mes,12,7,주인공,望むところだ,,
dom1Mai_O0731_1.mes,Script/dom1Mai_O0731_1.mes,13,30,UNKNOWN_10,舞、君はひと足先に実家へ戻って、<6E5C>仮祝言の準備を手伝うんだ,,
dom1Mai_O0731_1.mes,Script/dom1Mai_O0731_1.mes,14,19,Mai,え?それじゃ誰が勝負を<6E5C>見届けるのよ,,
dom1Mai_O0731_1.mes,Script/dom1Mai_O0731_1.mes,15,45,UNKNOWN_10,男と男の勝負だ.見届け人などいな<6E5C>くても、正々堂々と決着をつける<6E5C>さ.そうだろう、<이름:3131>君,,
dom1Mai_O0731_1.mes,Script/dom1Mai_O0731_1.mes,16,33,주인공,ああ.舞さん、心配しないで、俺が<6E5C>迎えに行くのを待っててください,,
dom1Mai_O0731_1.mes,Script/dom1Mai_O0731_1.mes,17,20,Mai,<이름:3232>君…….わかった.<6E5C>信じてるからね,,
dom1Mai_O0731_1.mes,Script/dom1Mai_O0731_1.mes,18,37,UNKNOWN_10,よし、時間も限られている.<6E5C>早速始めよう.<6E5C>試験の内容は把握しているね?,,
dom1Mai_O0731_1.mes,Script/dom1Mai_O0731_1.mes,19,11,[선택지],なんだっけ?もちろんだ,,
dom1Mai_O0731_1.mes,Script/dom1Mai_O0731_1.mes,20,24,주인공,悪い、まだちゃんとわかってなかっ<6E5C>たりして……,,
dom1Mai_O0731_1.mes,Script/dom1Mai_O0731_1.mes,21,75,UNKNOWN_10,おいおい、しっかりしてくれよ.い<6E5C>いかい、これから出される暗号を解<6E5C>いて、暗号が示す場所へ向かい、<485C>宝物を先に手に入れた方の勝ちだ.<6E5C>わかったかい?,,
dom1Mai_O0731_1.mes,Script/dom1Mai_O0731_1.mes,22,12,주인공,おう、すぐに始めてくれ,,
dom1Mai_O0731_1.mes,Script/dom1Mai_O0731_1.mes,23,17,UNKNOWN_10,いいだろう.最初の暗号はこれだ!,,
dom1Mai_O0731_1.mes,Script/dom1Mai_O0731_1.mes,24,42,주인공,!<020A>“ヒルトヨル、フタツノカオニ<6E5C>テヒトビトヲムカエル”<6E5C>この暗号が示す場所は……,,
dom1Mai_O0731_1.mes,Script/dom1Mai_O0731_1.mes,25,14,주인공,香澄!……まさか、お前も?,,
dom1Mai_O0731_1.mes,Script/dom1Mai_O0731_1.mes,26,25,Kasumi,はい.ここでこれを先輩に渡すよう<6E5C>に頼まれました,,
dom1Mai_O0731_1.mes,Script/dom1Mai_O0731_1.mes,27,24,주인공,おいおい、どんだけ大ごとにするつ<6E5C>もりだよ……,,
dom1Mai_O0731_1.mes,Script/dom1Mai_O0731_1.mes,28,34,Kasumi,先輩!どんなことであろうと、<6E5C>勝負は勝負.<6E5C>負けは許されませんよ!,,
dom1Mai_O0731_1.mes,Script/dom1Mai_O0731_1.mes,29,13,주인공,お、おう!絶対に勝つよ!,,
dom1Mai_O0731_1.mes,Script/dom1Mai_O0731_1.mes,30,19,Kasumi,あぁ……そのやる気をなぜ<6E5C>稽古に……,,
dom1Mai_O0731_1.mes,Script/dom1Mai_O0731_1.mes,31,88,주인공,う、うるさいな.そんなこと言って<6E5C>る場合じゃねえんだよ.<6E5C>えっと、次の暗号は……<485C>“オモイヨクトナリテツヨク、コガ<6E5C>ネガキエテヨロコビガショウズル”<6E5C>この暗号が示す場所は……,,
dom1Mai_O0731_1.mes,Script/dom1Mai_O0731_1.mes,32,76,주인공,(あれ、誰もいない…….<6E5C>しまった!ここじゃなかったか!<485C>となると……“ヒルトヨル、フタ<6E5C>ツノカオニテヒトビトヲムカエル”<6E5C>この暗号が示す場所は……),,
dom1Mai_O0731_1.mes,Script/dom1Mai_O0731_1.mes,33,99,UNKNOWN_29,k<0000><0000><0000><0000><0003><0076><0003><0002>S<0001><0000><00B4><00A8><0002>(あれ、誰もいない…….<6E5C>しまった!ここじゃなかったか!<485C>となると……“オモイヨクトナリ<6E5C>テツヨク、コガネガキエテヨロコビ<6E5C>ガショウズル”<485C>この暗号が示す場所は……),,
dom1Mai_O0731_1.mes,Script/dom1Mai_O0731_1.mes,34,85,주인공,(あれ、誰もいない…….<6E5C>しまった!ここじゃなかったか!<485C>となると……“ココロヤスク、キ<6E5C>ズナフカク、アンジュウノチニテコ<6E5C>レヲサイゴトス”<485C>この暗号が示す場所は……),,
dom1Mai_O0731_1.mes,Script/dom1Mai_O0731_1.mes,35,12,[효과음/내레이션],♪カランコロンカラ~ン,,
dom1Mai_O0731_1.mes,Script/dom1Mai_O0731_1.mes,36,16,King,いらっしゃい.はい、次の暗号だ,,
dom1Mai_O0731_1.mes,Script/dom1Mai_O0731_1.mes,37,9,주인공,え?キングさん?,,
dom1Mai_O0731_1.mes,Script/dom1Mai_O0731_1.mes,38,50,King,私もこの勝負を手伝ってくれと<6E5C>頼まれてね<485C>ここで<이름:3131>君に次の<6E5C>暗号を渡すために待ってたって<6E5C>わけだ,,
dom1Mai_O0731_1.mes,Script/dom1Mai_O0731_1.mes,39,11,주인공,そ、そうなんですか?,,
dom1Mai_O0731_1.mes,Script/dom1Mai_O0731_1.mes,40,46,King,本当はどちらか一方を応援しちゃい<6E5C>けないんだろうけど、私は君を応援<6E5C>してるよ.がんばって!,,
dom1Mai_O0731_1.mes,Script/dom1Mai_O0731_1.mes,41,57,주인공,は、はい!えっと、次の暗号は……<485C>“ヤワラトケン、タガイニタカメ<6E5C>アイタカミニイタル”<6E5C>この暗号が示す場所は……,,
dom1Mai_O0731_1.mes,Script/dom1Mai_O0731_1.mes,42,76,주인공,(あれ、誰もいない…….<6E5C>しまった!ここじゃなかったか!<485C>となると……“ヤワラトケン、タ<6E5C>ガイニタカメアイタカミニイタル”<6E5C>この暗号が示す場所は……),,
dom1Mai_O0731_1.mes,Script/dom1Mai_O0731_1.mes,43,99,UNKNOWN_29,k<0000><0000><0000><0000><0003><0076><0003><0002>S<0001><0000><00B4><00A8><0002>(あれ、誰もいない…….<6E5C>しまった!ここじゃなかったか!<485C>となると……“オモイヨクトナリ<6E5C>テツヨク、コガネガキエテヨロコビ<6E5C>ガショウズル”<485C>この暗号が示す場所は……),,
dom1Mai_O0731_1.mes,Script/dom1Mai_O0731_1.mes,44,85,주인공,(あれ、誰もいない…….<6E5C>しまった!ここじゃなかったか!<485C>となると……“ココロヤスク、キ<6E5C>ズナフカク、アンジュウノチニテコ<6E5C>レヲサイゴトス”<485C>この暗号が示す場所は……),,
dom1Mai_O0731_1.mes,Script/dom1Mai_O0731_1.mes,45,7,주인공,あ、クーラ!,,
dom1Mai_O0731_1.mes,Script/dom1Mai_O0731_1.mes,46,14,Kula,<이름:3232>、100円ちょーだい!,,
dom1Mai_O0731_1.mes,Script/dom1Mai_O0731_1.mes,47,24,주인공,え?クーラは俺たちの勝負に関係<6E5C>ないのか……?,,
dom1Mai_O0731_1.mes,Script/dom1Mai_O0731_1.mes,48,6,Kula,100円!,,
dom1Mai_O0731_1.mes,Script/dom1Mai_O0731_1.mes,49,13,주인공,あ、ああ.はい、100円,,
dom1Mai_O0731_1.mes,Script/dom1Mai_O0731_1.mes,50,17,Kula,ありがと!はい、お礼にこれあげる,,
dom1Mai_O0731_1.mes,Script/dom1Mai_O0731_1.mes,51,14,주인공,あ、これは暗号じゃねえか!,,
dom1Mai_O0731_1.mes,Script/dom1Mai_O0731_1.mes,52,29,Kula,なんかヘンな人に渡されたんだ.<6E5C>これが最後だって言ってた,,
dom1Mai_O0731_1.mes,Script/dom1Mai_O0731_1.mes,53,71,주인공,そうか、これが最後の暗号か!<6E5C>え~っと……<485C>“ココロヤスク、キズナフカク、<6E5C>アンジュウノチニテコレヲ<6E5C>サイゴトス”<485C>この暗号が示す場所は……,,
dom1Mai_O0731_1.mes,Script/dom1Mai_O0731_1.mes,54,76,주인공,(あれ、誰もいない…….<6E5C>しまった!ここじゃなかったか!<485C>となると……“ヒルトヨル、フタ<6E5C>ツノカオニテヒトビトヲムカエル”<6E5C>この暗号が示す場所は……),,
dom1Mai_O0731_1.mes,Script/dom1Mai_O0731_1.mes,55,91,UNKNOWN_29,S<0000><0000><0000><0000><0003><0076><0003><0001><00BC><0001><0000><00A4>7<0002>(あれ、誰もいない…….<6E5C>しまった!ここじゃなかったか!<485C>となると……“ヤワラトケン、タ<6E5C>ガイニタカメアイタカミニイタル”<6E5C>この暗号が示す場所は……),,
dom1Mai_O0731_1.mes,Script/dom1Mai_O0731_1.mes,56,85,주인공,(あれ、誰もいない…….<6E5C>しまった!ここじゃなかったか!<485C>となると……“ココロヤスク、キ<6E5C>ズナフカク、アンジュウノチニテコ<6E5C>レヲサイゴトス”<485C>この暗号が示す場所は……),,
dom1Mai_O0731_1.mes,Script/dom1Mai_O0731_1.mes,57,76,주인공,(あれ、誰もいない…….<6E5C>しまった!ここじゃなかったか!<485C>となると……“ヒルトヨル、フタ<6E5C>ツノカオニテヒトビトヲムカエル”<6E5C>この暗号が示す場所は……),,
dom1Mai_O0731_1.mes,Script/dom1Mai_O0731_1.mes,58,76,주인공,(あれ、誰もいない…….<6E5C>しまった!ここじゃなかったか!<485C>となると……“ヤワラトケン、タ<6E5C>ガイニタカメアイタカミニイタル”<6E5C>この暗号が示す場所は……),,
dom1Mai_O0731_1.mes,Script/dom1Mai_O0731_1.mes,59,84,주인공,(あれ、誰もいない…….<6E5C>しまった!ここじゃなかったか!<485C>となると……“オモイヨクトナリ<6E5C>テツヨク、コガネガキエテヨロコビ<6E5C>ガショウズル”<485C>この暗号が示す場所は……),,
dom1Mai_O0731_1.mes,Script/dom1Mai_O0731_1.mes,60,85,주인공,(あれ、誰もいない…….<6E5C>しまった!ここじゃなかったか!<485C>となると……“ココロヤスク、キ<6E5C>ズナフカク、アンジュウノチニテコ<6E5C>レヲサイゴトス”<485C>この暗号が示す場所は……),,
dom1Mai_O0731_1.mes,Script/dom1Mai_O0731_1.mes,61,76,주인공,(あれ、誰もいない…….<6E5C>しまった!ここじゃなかったか!<485C>となると……“ヒルトヨル、フタ<6E5C>ツノカオニテヒトビトヲムカエル”<6E5C>この暗号が示す場所は……),,
dom1Mai_O0731_1.mes,Script/dom1Mai_O0731_1.mes,62,76,주인공,(あれ、誰もいない…….<6E5C>しまった!ここじゃなかったか!<485C>となると……“ヤワラトケン、タ<6E5C>ガイニタカメアイタカミニイタル”<6E5C>この暗号が示す場所は……),,
dom1Mai_O0731_1.mes,Script/dom1Mai_O0731_1.mes,63,84,주인공,(あれ、誰もいない…….<6E5C>しまった!ここじゃなかったか!<485C>となると……“オモイヨクトナリ<6E5C>テツヨク、コガネガキエテヨロコビ<6E5C>ガショウズル”<485C>この暗号が示す場所は……),,
dom1Mai_O0731_1.mes,Script/dom1Mai_O0731_1.mes,64,85,주인공,(あれ、誰もいない…….<6E5C>しまった!ここじゃなかったか!<485C>となると……“ココロヤスク、キ<6E5C>ズナフカク、アンジュウノチニテコ<6E5C>レヲサイゴトス”<485C>この暗号が示す場所は……),,
dom1Mai_O0731_1.mes,Script/dom1Mai_O0731_1.mes,65,115,UNKNOWN_29,Y<0000><0000><0000><0000><0003><0008><0003><0006><0344><0001><0011><0006><0000><0000><0000><0000><0006><000A><000A><0000><0000><0001><000D><0000><0000><0000><0000><0000><0002><0076><0003><0000><00BC><0001><0000><00A4>7<0002>(あれ、誰もいない…….<6E5C>しまった!ここじゃなかったか!<485C>となると……“ヒルトヨル、フタ<6E5C>ツノカオニテヒトビトヲムカエル”<6E5C>この暗号が示す場所は……),,
dom1Mai_O0731_1.mes,Script/dom1Mai_O0731_1.mes,66,76,주인공,(あれ、誰もいない…….<6E5C>しまった!ここじゃなかったか!<485C>となると……“ヤワラトケン、タ<6E5C>ガイニタカメアイタカミニイタル”<6E5C>この暗号が示す場所は……),,
dom1Mai_O0731_1.mes,Script/dom1Mai_O0731_1.mes,67,84,주인공,(あれ、誰もいない…….<6E5C>しまった!ここじゃなかったか!<485C>となると……“オモイヨクトナリ<6E5C>テツヨク、コガネガキエテヨロコビ<6E5C>ガショウズル”<485C>この暗号が示す場所は……),,
dom1Mai_O0731_1.mes,Script/dom1Mai_O0731_1.mes,68,85,주인공,(あれ、誰もいない…….<6E5C>しまった!ここじゃなかったか!<485C>となると……“ココロヤスク、キ<6E5C>ズナフカク、アンジュウノチニテコ<6E5C>レヲサイゴトス”<485C>この暗号が示す場所は……),,
dom1Mai_O0731_1.mes,Script/dom1Mai_O0731_1.mes,69,76,주인공,(あれ、誰もいない…….<6E5C>しまった!ここじゃなかったか!<485C>となると……“ヒルトヨル、フタ<6E5C>ツノカオニテヒトビトヲムカエル”<6E5C>この暗号が示す場所は……),,
dom1Mai_O0731_1.mes,Script/dom1Mai_O0731_1.mes,70,91,UNKNOWN_29,N<0000><0000><0000><0000><0003><0076><0003><0001><00BC><0001><0000><00A4>7<0002>(あれ、誰もいない…….<6E5C>しまった!ここじゃなかったか!<485C>となると……“ヤワラトケン、タ<6E5C>ガイニタカメアイタカミニイタル”<6E5C>この暗号が示す場所は……),,
dom1Mai_O0731_1.mes,Script/dom1Mai_O0731_1.mes,71,84,주인공,(あれ、誰もいない…….<6E5C>しまった!ここじゃなかったか!<485C>となると……“オモイヨクトナリ<6E5C>テツヨク、コガネガキエテヨロコビ<6E5C>ガショウズル”<485C>この暗号が示す場所は……),,
dom1Mai_S01.mes,Script/dom1Mai_S01.mes,0,7,[효과음/내레이션],♪ピンポ~ン,,
dom1Mai_S01.mes,Script/dom1Mai_S01.mes,1,10,Mai,こんにちは、<이름:3232>君,,
dom1Mai_S01.mes,Script/dom1Mai_S01.mes,2,17,주인공,あれ、舞さん.どうしたんですか?,,
dom1Mai_S01.mes,Script/dom1Mai_S01.mes,3,55,Mai,私、引っ越してきたばっかり<6E5C>だから、この街のことよく<6E5C>わからないのよね<485C>ちょっと教えてもらおうと<6E5C>思って……,,
dom1Mai_S01.mes,Script/dom1Mai_S01.mes,4,22,주인공,あぁ、いいですよ、なんでも閉いて<6E5C>ください,,
dom1Mai_S01.mes,Script/dom1Mai_S01.mes,5,28,주인공,(それからしばらく、俺はこの街の<6E5C>ことを教えてあげた),,
dom1Mai_S01.mes,Script/dom1Mai_S01.mes,6,20,Mai,そっか、ありがとう.<6E5C>今度行ってみるわ,,
dom1Mai_S01.mes,Script/dom1Mai_S01.mes,7,5,주인공,いえいえ,,
dom1Mai_S01.mes,Script/dom1Mai_S01.mes,8,31,주인공,(初めての街って大変だろうな.<6E5C>いろいろ教えてあげなくちゃ),,
dom1Mai_S01.mes,Script/dom1Mai_S01.mes,9,40,UNKNOWN_29,ふ<0000><0000><0000><0000><0003><0050><0003><0001>W<0001><000F><0000><0000><0000><0000><0000><002A><0000><0000><0000><0000><0000><0010><0006><0000><0000><0000><0000><0000><001C><000E><FFFF>♪ピンポ~ン,,
dom1Mai_S01.mes,Script/dom1Mai_S01.mes,10,25,Mai,お邪魔します.ちょっとお願いがあ<6E5C>るんだけど……,,
dom1Mai_S01.mes,Script/dom1Mai_S01.mes,11,7,주인공,お、お願い?,,
dom1Mai_S01.mes,Script/dom1Mai_S01.mes,12,12,Mai,お醤油貸してくれない?,,
dom1Mai_S01.mes,Script/dom1Mai_S01.mes,13,7,주인공,へ?お醤油?,,
dom1Mai_S01.mes,Script/dom1Mai_S01.mes,14,15,Mai,どうしたの、顔赤くしちゃって,,
dom1Mai_S01.mes,Script/dom1Mai_S01.mes,15,7,주인공,い、いや……,,
dom1Mai_S01.mes,Script/dom1Mai_S01.mes,16,29,Mai,あ、まさかエッチなことでも考えて<6E5C>たんじゃないでしょうね,,
dom1Mai_S01.mes,Script/dom1Mai_S01.mes,17,13,주인공,ま、まさか、違いますよ!,,
dom1Mai_S01.mes,Script/dom1Mai_S01.mes,18,11,Mai,ふ~ん、ならいいけど,,
dom1Mai_S01.mes,Script/dom1Mai_S01.mes,19,21,주인공,しょ、醤油でしたよね.<6E5C>……はい、どうぞ,,
dom1Mai_S01.mes,Script/dom1Mai_S01.mes,20,53,Mai,ありがとう.ところで、<6E5C>ちゃんと食事してる?<485C>男の子の一人募らしだと、<6E5C>ろくなもの食べてないんじゃない?,,
dom1Mai_S01.mes,Script/dom1Mai_S01.mes,21,20,주인공,そうですね、ほとんど自炊は<6E5C>しないかな,,
dom1Mai_S01.mes,Script/dom1Mai_S01.mes,22,33,Mai,ダメよ、そんなんじゃ.<6E5C>いいわ、今度私がお弁当作って<6E5C>きてあげる,,
dom1Mai_S01.mes,Script/dom1Mai_S01.mes,23,12,주인공,本当っすか!やったー!,,
dom1Mai_S01.mes,Script/dom1Mai_S01.mes,24,11,Mai,フフ、じゃあ、またね,,
dom1Mai_S01.mes,Script/dom1Mai_S01.mes,25,17,주인공,(舞さんの弁当か……楽しみだな),,
dom1Mai_S01.mes,Script/dom1Mai_S01.mes,26,34,UNKNOWN_29,G<0000><0000><0000><0000><000F><0000><0000><0000><0000><0000><002A><0000><0000><0000><0000><0000><0010><0006><0000><0000><0000><0000><0000><001C><000E><FFFF>♪ピンポ~ン,,
dom1Mai_S01.mes,Script/dom1Mai_S01.mes,27,6,Mai,こんにちは,,
dom1Mai_S01.mes,Script/dom1Mai_S01.mes,28,28,주인공,あ、舞さん.この辺りのこと、<6E5C>だいぶわかってきました?,,
dom1Mai_S01.mes,Script/dom1Mai_S01.mes,29,40,Mai,ありがとう.もうバッチリよ!<6E5C>いいお店も見つけたんだから.<6E5C>今度一緒に行こうね,,
dom1Mai_S01.mes,Script/dom1Mai_S01.mes,30,10,주인공,なんのお店ですか?,,
dom1Mai_S01.mes,Script/dom1Mai_S01.mes,31,32,Mai,オシャレなバーよ.そこのバーテン<6E5C>さんとも意気投合しちゃってさ,,
dom1Mai_S01.mes,Script/dom1Mai_S01.mes,32,17,주인공,バーって……俺、まだ高校生ですよ,,
dom1Mai_S01.mes,Script/dom1Mai_S01.mes,33,52,Mai,何言ってるの.<6E5C>江戸時代には、15歳にもなれば<6E5C>立派な大人扱いだったのよ<485C><이름:3232>君も、もうだいじょうぶ!,,
dom1Mai_S01.mes,Script/dom1Mai_S01.mes,34,25,주인공,だいじょうぶって……今は江戸時代<6E5C>じゃないっすよ,,
dom1Mai_S01.mes,Script/dom1Mai_S01.mes,35,35,Mai,男なら細かいこと言わないで、<6E5C>かっこよく女性をエスコート<6E5C>しなさい!,,
dom1Mai_S01.mes,Script/dom1Mai_S01.mes,36,5,주인공,は、はい,,
dom1Mai_S01.mes,Script/dom1Mai_S01.mes,37,14,Mai,よろしい.それじゃ、またね,,
dom1Mai_S01.mes,Script/dom1Mai_S01.mes,38,14,주인공,(かなり無茶な人だな……),,
dom1Mai_S01.mes,Script/dom1Mai_S01.mes,39,32,Mai,暑いわね~.こう暑いと、着てるも<6E5C>の全部脱ぎたくなっちゃうわね,,
dom1Mai_S01.mes,Script/dom1Mai_S01.mes,40,7,주인공,ぜ、全部!?,,
dom1Mai_S01.mes,Script/dom1Mai_S01.mes,41,21,Mai,例えばよ、例えば!<6E5C>脱ぐわけないでしょ!,,
dom1Mai_S01.mes,Script/dom1Mai_S01.mes,42,9,주인공,そ、そうですよね,,
dom1Mai_S01.mes,Script/dom1Mai_S01.mes,43,12,Mai,<이름:3232>君は被女いないの?,,
dom1Mai_S01.mes,Script/dom1Mai_S01.mes,44,17,주인공,いないですよ.そういう舞さんは?,,
dom1Mai_S01.mes,Script/dom1Mai_S01.mes,45,15,Mai,私?私は……う~ん、どうかな,,
dom1Mai_S01.mes,Script/dom1Mai_S01.mes,46,37,주인공,(なんか微妙な答えだな.<6E5C>あんまり自分のことは<6E5C>話したくないのかな……),,
dom1Mai_S01.mes,Script/dom1Mai_S01.mes,47,28,주인공,それにしても、こう暑いと海にでも<6E5C>行きたくなりますよね,,
dom1Mai_S01.mes,Script/dom1Mai_S01.mes,48,21,Mai,海ねぇ.いいわね、<6E5C>今度一緒に行こうか?,,
dom1Mai_S01.mes,Script/dom1Mai_S01.mes,49,16,주인공,行きましょう!絶対行きましょう,,
dom1Mai_S01.mes,Script/dom1Mai_S01.mes,50,25,주인공,(ま、舞さんの水着姿…….<6E5C>う、いかん、鼻血が),,
dom1Mai_S01.mes,Script/dom1Mai_S01.mes,51,21,Mai,コラ~!またエッチなこと考えて<6E5C>たでしょ,,
dom1Mai_S01.mes,Script/dom1Mai_S01.mes,52,6,주인공,ま、まさか,,
dom1Mai_S01.mes,Script/dom1Mai_S01.mes,53,5,Mai,まったく,,
dom1Mai_S02.mes,Script/dom1Mai_S02.mes,0,12,[효과음/내레이션],♪カランコロンカラ~ン,,
dom1Mai_S02.mes,Script/dom1Mai_S02.mes,1,11,King,いらっしゃい、<이름:3131>君,,
dom1Mai_S02.mes,Script/dom1Mai_S02.mes,2,6,주인공,こんにちは,,
dom1Mai_S02.mes,Script/dom1Mai_S02.mes,3,8,Mai,あれ、<이름:3232>君?,,
dom1Mai_S02.mes,Script/dom1Mai_S02.mes,4,24,주인공,あ、舞さんじゃないですか.<6E5C>何してるんですか?,,
dom1Mai_S02.mes,Script/dom1Mai_S02.mes,5,24,Mai,お買い物して疲れちゃったから、<6E5C>少し休んでたの,,
dom1Mai_S02.mes,Script/dom1Mai_S02.mes,6,16,King,なんだ、ふたりは顔見知りかい?,,
dom1Mai_S02.mes,Script/dom1Mai_S02.mes,7,23,주인공,はい.アパートの部屋がとなり同士<6E5C>なんですよ,,
dom1Mai_S02.mes,Script/dom1Mai_S02.mes,8,9,King,へぇ、そうなんだ,,
dom1Mai_S02.mes,Script/dom1Mai_S02.mes,9,11,Mai,でもちょうどよかった,,
dom1Mai_S02.mes,Script/dom1Mai_S02.mes,10,6,주인공,何がです?,,
dom1Mai_S02.mes,Script/dom1Mai_S02.mes,11,28,Mai,荷物が多すぎて、どうやって持って<6E5C>帰ろうか困ってたのよ,,
dom1Mai_S02.mes,Script/dom1Mai_S02.mes,12,11,주인공,ま、また荷物運び……,,
dom1Mai_S02.mes,Script/dom1Mai_S02.mes,13,13,King,ハハハ、<이름:3131>君も大変だな,,
dom1Mai_S03.mes,Script/dom1Mai_S03.mes,0,26,Mai,ねえ、何か面白いことないの?<6E5C>退屈で死んじゃいそう,,
dom1Mai_S03.mes,Script/dom1Mai_S03.mes,1,46,주인공,そりゃこんな時間に高校生の部屋に<6E5C>上がりこんでたんじゃ、面白いこと<6E5C>なんて見つかりませんよ,,
dom1Mai_S03.mes,Script/dom1Mai_S03.mes,2,17,Mai,何よそれ.帰れって言ってるわけ?,,
dom1Mai_S03.mes,Script/dom1Mai_S03.mes,3,34,주인공,違いますよ.ふたりでぼんやり過ご<6E5C>す時間も悪くないでしょって話です,,
dom1Mai_S03.mes,Script/dom1Mai_S03.mes,4,36,Mai,ふ~ん、まぁいいけど.<6E5C>私も<이름:3232>君とのんびり過ごすの<6E5C>嫌いじゃないしね,,
dom1Mai_S03.mes,Script/dom1Mai_S03.mes,5,31,주인공,舞さんみたいな美人と一緒にいられ<6E5C>るだけで、俺は楽しいですよ,,
dom1Mai_S03.mes,Script/dom1Mai_S03.mes,6,27,Mai,な、何言ってるの.お姉さんをから<6E5C>かうんじゃないの!,,
dom1Mai_S03.mes,Script/dom1Mai_S03.mes,7,15,주인공,(ま、舞さん色っぽいな……),,
dom1Mai_S03.mes,Script/dom1Mai_S03.mes,8,43,UNKNOWN_01,k<0001><0011><0001><0000><0000><0000><0000><0006><000A><000B><0000><0000><0001><0018><0005><0000><0001><0000><0000><002A><0000><0000><0000><0000><0000><000E><0004><FFFF><0000><0000><0000><0000><001C><000E><0002>あの~舞さん,,
dom1Mai_S03.mes,Script/dom1Mai_S03.mes,9,5,Mai,ん、何?,,
dom1Mai_S03.mes,Script/dom1Mai_S03.mes,10,14,주인공,なんですか、そのかっこうは,,
dom1Mai_S03.mes,Script/dom1Mai_S03.mes,11,13,Mai,変かな?かわいいでしょ?,,
dom1Mai_S03.mes,Script/dom1Mai_S03.mes,12,50,주인공,いや、かわいいですけど.って、そ<6E5C>うじゃなくて、なんで部屋着で俺の<6E5C>部屋にいるんですかって話ですよ,,
dom1Mai_S03.mes,Script/dom1Mai_S03.mes,13,36,Mai,だって、おとなりさんの家に行くの<6E5C>にいちいち着替えるの面倒なんだ<6E5C>もん,,
dom1Mai_S03.mes,Script/dom1Mai_S03.mes,14,27,주인공,ハァ……俺って舞さんにとって、<6E5C>どういう存在なんだろ,,
dom1Mai_S03.mes,Script/dom1Mai_S03.mes,15,27,Mai,そんな細かいこと気にしてたら、<6E5C>結婚した時大変だよ?,,
dom1Mai_S03.mes,Script/dom1Mai_S03.mes,16,11,주인공,誰が結婚するんです?,,
dom1Mai_S03.mes,Script/dom1Mai_S03.mes,17,20,Mai,え?え~っと……だから、例えば<6E5C>の話よ,,
dom1Mai_S03.mes,Script/dom1Mai_S03.mes,18,12,주인공,よくわかんないけど……,,
dom1Mai_S03.mes,Script/dom1Mai_S03.mes,19,9,Mai,まぁいいじゃない,,
dom1Mai_S03.mes,Script/dom1Mai_S03.mes,20,27,주인공,(なんかよくわかんねぇけど……<6E5C>ま、いつものことか),,
dom1Mai_S04.mes,Script/dom1Mai_S04.mes,0,7,Mai,あ、<이름:3232>君!,,
dom1Mai_S04.mes,Script/dom1Mai_S04.mes,1,22,주인공,舞さんじゃないですか.<6E5C>何やってるんです?,,
dom1Mai_S04.mes,Script/dom1Mai_S04.mes,2,23,Mai,見ればわかるでしょ.<6E5C>ひとりで楽しんでるのよ,,
dom1Mai_S04.mes,Script/dom1Mai_S04.mes,3,17,주인공,そうですか.じゃ、俺はこれで……,,
dom1Mai_S04.mes,Script/dom1Mai_S04.mes,4,7,Mai,待ちなさい!,,
dom1Mai_S04.mes,Script/dom1Mai_S04.mes,5,3,주인공,へ?,,
dom1Mai_S04.mes,Script/dom1Mai_S04.mes,6,47,Mai,あんたねえ、こんな美人のお姉さん<6E5C>がひとりでいるのよ.男なら素敵な<6E5C>リードで楽しませなさいよ,,
dom1Mai_S04.mes,Script/dom1Mai_S04.mes,7,8,주인공,す、すみません,,
dom1Mai_S04.mes,Script/dom1Mai_S04.mes,8,25,주인공,(ひとりで楽しんでるんじゃなかっ<6E5C>たのかよ……),,
dom1Mai_S04.mes,Script/dom1Mai_S04.mes,9,10,Mai,ほら、次行くわよ!,,
dom1Mai_S04.mes,Script/dom1Mai_S04.mes,10,4,주인공,は~い,,
dom1Mai_S04.mes,Script/dom1Mai_S04.mes,11,14,주인공,(逆らっても無駄だな……),,
dom1Mai_S04.mes,Script/dom1Mai_S04.mes,12,15,주인공,舞さん.何やってるんですか?,,
dom1Mai_S04.mes,Script/dom1Mai_S04.mes,13,13,Mai,あ、<이름:3232>君、捜してたのよ,,
dom1Mai_S04.mes,Script/dom1Mai_S04.mes,14,15,주인공,俺のことをですか?なんです?,,
dom1Mai_S04.mes,Script/dom1Mai_S04.mes,15,16,Mai,今度、花火大会があるんだよね?,,
dom1Mai_S04.mes,Script/dom1Mai_S04.mes,16,29,주인공,ああ、そうですね.7月17日に<6E5C>河川敷でやるみたいですよ,,
dom1Mai_S04.mes,Script/dom1Mai_S04.mes,17,9,Mai,一緒に行かない?,,
dom1Mai_S04.mes,Script/dom1Mai_S04.mes,18,12,[선택지],いいですね遠慮しときます,,
dom1Mai_S04.mes,Script/dom1Mai_S04.mes,19,15,[선택지],<0164><0001><0000><0020><0012><0002>ぜひ行きましょう,,
dom1Mai_S04.mes,Script/dom1Mai_S04.mes,20,28,Mai,よかった!ひとりで見てもつまら<6E5C>ないな~って思ってたの,,
dom1Mai_S04.mes,Script/dom1Mai_S04.mes,21,22,주인공,舞さんと一緒に花火見物なんて、<6E5C>光栄ですよ,,
dom1Mai_S04.mes,Script/dom1Mai_S04.mes,22,41,Mai,ありがとう.それじゃ、17日の夕方<6E5C>に<이름:3232>君の部屋に迎えに行く<6E5C>から、待っててね,,
dom1Mai_S04.mes,Script/dom1Mai_S04.mes,23,9,주인공,楽しみにしてます,,
dom1Mai_S04.mes,Script/dom1Mai_S04.mes,24,20,Mai,あっそう.私の誘いを断るんだ.<6E5C>ふ~ん,,
dom1Mai_S04.mes,Script/dom1Mai_S04.mes,25,17,주인공,(あちゃ~怒らせちゃったか……),,
dom1Mai_S04.mes,Script/dom1Mai_S04.mes,26,10,Mai,もういい!私帰る!,,
dom1Mai_S04.mes,Script/dom1Mai_S04.mes,27,14,주인공,(ああ……行っちゃったよ),,
dom1Mai_S04.mes,Script/dom1Mai_S04.mes,28,11,Mai,いい加減にしなさい!,,
dom1Mai_S04.mes,Script/dom1Mai_S04.mes,29,16,주인공,(おお!いきなり修羅場か!?),,
dom1Mai_S04.mes,Script/dom1Mai_S04.mes,30,22,Kaidou,いいじゃねぇか.<6E5C>ちょっとぐらいつき合えよ,,
dom1Mai_S04.mes,Script/dom1Mai_S04.mes,31,16,주인공,(海堂!あいつ何やってんだ!),,
dom1Mai_S04.mes,Script/dom1Mai_S04.mes,32,7,Mai,あ、<이름:3232>君!,,
dom1Mai_S04.mes,Script/dom1Mai_S04.mes,33,14,주인공,(しまった、見つかった!),,
dom1Mai_S04.mes,Script/dom1Mai_S04.mes,34,14,Mai,よかった、ちょっと助けてよ,,
dom1Mai_S04.mes,Script/dom1Mai_S04.mes,35,14,Kaidou,<이름:3131>!テメェなんの用だよ!,,
dom1Mai_S04.mes,Script/dom1Mai_S04.mes,36,17,주인공,お前さ、嫌われてることに気づけよ,,
dom1Mai_S04.mes,Script/dom1Mai_S04.mes,37,20,Kaidou,あぁん!?<6E5C>俺はここからの男なんだよ!,,
dom1Mai_S04.mes,Script/dom1Mai_S04.mes,38,14,주인공,なんの宣言だよ、かっこ悪ぃ,,
dom1Mai_S04.mes,Script/dom1Mai_S04.mes,39,8,Kaidou,んだとコラァ!,,
dom1Mai_S04.mes,Script/dom1Mai_S04.mes,40,16,Mai,あ~もういい!行くよ、<이름:3232>君!,,
dom1Mai_S04.mes,Script/dom1Mai_S04.mes,41,14,주인공,そうですね.じゃあな、海堂,,
dom1Mai_S04.mes,Script/dom1Mai_S04.mes,42,10,Kaidou,テメェ!待てコラ!,,
dom1Mai_S04.mes,Script/dom1Mai_S04.mes,43,28,주인공,(あいつ、いつもあんなに吠えてて<6E5C>疲れねえのかな……),,
dom1Mai_S05.mes,Script/dom1Mai_S05.mes,0,23,Mai,あれ、このカレンダーの丸印、<6E5C>何かの記念日?,,
dom1Mai_S05.mes,Script/dom1Mai_S05.mes,1,15,주인공,その日、俺の誕生日なんですよ,,
dom1Mai_S05.mes,Script/dom1Mai_S05.mes,2,19,Mai,え、そうなんだ?<6E5C>お祝いしなくちゃ!,,
dom1Mai_S05.mes,Script/dom1Mai_S05.mes,3,17,주인공,いや、そんな大げさなのいいですよ,,
dom1Mai_S05.mes,Script/dom1Mai_S05.mes,4,25,Mai,何を遠慮してるの.ふたりでお誕生<6E5C>日会しようよ!,,
dom1Mai_S05.mes,Script/dom1Mai_S05.mes,5,23,[선택지],いや、ほんとにいいですからじゃあ、お願いします,,
dom1Mai_S05.mes,Script/dom1Mai_S05.mes,6,9,Mai,え~つまんないの,,
dom1Mai_S05.mes,Script/dom1Mai_S05.mes,7,15,주인공,俺、そういうの苦手なんですよ,,
dom1Mai_S05.mes,Script/dom1Mai_S05.mes,8,4,Mai,ふ~ん,,
dom1Mai_S05.mes,Script/dom1Mai_S05.mes,9,32,주인공,(なんだろ、舞さんすごく残念そう<6E5C>だな.悪いことしたかな……),,
dom1Mai_S05.mes,Script/dom1Mai_S05.mes,10,38,UNKNOWN_29,<0108><0000><0000><0000><0000><0003><0007><0003><0001><00FC><0001><0000><003C><002E><0005>よ~し、腕によりをかけてごちそう<6E5C>を作るわよ,,
dom1Mai_S05.mes,Script/dom1Mai_S05.mes,11,24,주인공,舞さんの料理うまいもんなぁ.<6E5C>すっげえ楽しみだ,,
dom1Mai_S05.mes,Script/dom1Mai_S05.mes,12,28,Mai,それじゃ24日のお昼に準備を始める<6E5C>から、部屋にいてね,,
dom1Mai_S05.mes,Script/dom1Mai_S05.mes,13,8,주인공,わかりました!,,
dom1Mai_S05.mes,Script/dom1Mai_S05.mes,14,43,UNKNOWN_01,G<0001><0011><0001><0000><0000><0000><0000><0006><000A><000B><0000><0000><0001><000F><0000><0000><0000><0000><0000><002A><0000><0000><0000><0000><0000><0010><0006><0000><0000><0000><0000><0000><001C><000E><FFFF>♪ピンポ~ン,,
dom1Mai_S05.mes,Script/dom1Mai_S05.mes,15,3,주인공,はい,,
dom1Mai_S05.mes,Script/dom1Mai_S05.mes,16,4,[효과음/내레이션],ガチャ,,
dom1Mai_S05.mes,Script/dom1Mai_S05.mes,17,19,주인공,あれ、今日は部屋着じゃないん<6E5C>ですね,,
dom1Mai_S05.mes,Script/dom1Mai_S05.mes,18,7,Mai,う、うん……,,
dom1Mai_S05.mes,Script/dom1Mai_S05.mes,19,11,주인공,どうかしたんですか?,,
dom1Mai_S05.mes,Script/dom1Mai_S05.mes,20,28,Mai,うん、じつはね……<6E5C>やっぱりいいや.<6E5C>ごめん、私帰るね,,
dom1Mai_S05.mes,Script/dom1Mai_S05.mes,21,8,[선택지],引き止める見送る,,
dom1Mai_S05.mes,Script/dom1Mai_S05.mes,22,46,[선택지],K<0001><0000><005C><0050><0002>ちょ、ちょっと待って!何か話が<6E5C>あって来てくれたんですよね?<6E5C>閉かせてください,,
dom1Mai_S05.mes,Script/dom1Mai_S05.mes,23,7,Mai,……ありがと,,
dom1Mai_S05.mes,Script/dom1Mai_S05.mes,24,9,주인공,どうしたんです?,,
dom1Mai_S05.mes,Script/dom1Mai_S05.mes,25,30,Mai,うん……もしかしたら私、<6E5C>ここを出て行くかも<6E5C>しれないんだ,,
dom1Mai_S05.mes,Script/dom1Mai_S05.mes,26,9,주인공,え!どうして!?,,
dom1Mai_S05.mes,Script/dom1Mai_S05.mes,27,42,Mai,家の事情でね.それで、<이름:3232>君<6E5C>に迷惑かけることになるかも<6E5C>しれないな、と思って……,,
dom1Mai_S05.mes,Script/dom1Mai_S05.mes,28,11,주인공,俺に迷惑が、ですか?,,
dom1Mai_S05.mes,Script/dom1Mai_S05.mes,29,9,Mai,もしかしたら、ね,,
dom1Mai_S05.mes,Script/dom1Mai_S05.mes,30,70,주인공,よくわからないけど、<6E5C>俺、舞さんのこと迷惑だと<6E5C>思ったことないですよ<485C>だから遠慮しないで、<6E5C>なんでも話してください.<6E5C>頼りないですけど……,,
dom1Mai_S05.mes,Script/dom1Mai_S05.mes,31,31,Mai,ありがとう…….<이름:3232>君は、<6E5C>ぜんぜん頼りなくなんて<6E5C>ないわよ,,
dom1Mai_S05.mes,Script/dom1Mai_S05.mes,32,8,주인공,そうですか……,,
dom1Mai_S05.mes,Script/dom1Mai_S05.mes,33,3,Mai,……,,
dom1Mai_S05.mes,Script/dom1Mai_S05.mes,34,19,주인공,(舞さん、辛そうな顔してた<6E5C>な……),,
dom1Mai_S06.mes,Script/dom1Mai_S06.mes,0,7,Mai,<이름:3232>く~ん!,,
dom1Mai_S06.mes,Script/dom1Mai_S06.mes,1,9,주인공,(あ、舞さんだ),,
dom1Mai_S06.mes,Script/dom1Mai_S06.mes,2,21,Yuri,あれ~<이름:3232>君じゃない.<6E5C>何やってんのぉ?,,
dom1Mai_S06.mes,Script/dom1Mai_S06.mes,3,36,주인공,どうも、こんにちは.ていうか、<6E5C>おふたりはいつの間にそんな<6E5C>仲良しに?,,
dom1Mai_S06.mes,Script/dom1Mai_S06.mes,4,16,Yuri,けっこう前から仲良しだよ!ね?,,
dom1Mai_S06.mes,Script/dom1Mai_S06.mes,5,21,Mai,そうそう.<이름:3232>君が知らなかった<6E5C>だけだよ,,
dom1Mai_S06.mes,Script/dom1Mai_S06.mes,6,11,주인공,は、はぁ、そうですか,,
dom1Mai_S06.mes,Script/dom1Mai_S06.mes,7,56,주인공,(な、なんだ……このふたりから、<6E5C>同じオーラを感じる<485C>この無茶しそうな感じ……<6E5C>これが意気投合のきっかけか?),,
dom1Mai_S06.mes,Script/dom1Mai_S06.mes,8,17,Mai,コラ、おかしなこと考えてるでしょ,,
dom1Mai_S06.mes,Script/dom1Mai_S06.mes,9,12,Yuri,ん~そうなの、<이름:3232>君?,,
dom1Mai_S06.mes,Script/dom1Mai_S06.mes,10,14,주인공,い、いや、めっそうもない!,,
dom1Mai_S06.mes,Script/dom1Mai_S06.mes,11,23,주인공,(こんな最強コンビに勝てるわけね<6E5C>えよ……),,
dom1Mai_S06.mes,Script/dom1Mai_S06.mes,12,38,주인공,(あ、ユリさんだ.<6E5C>一緒にいるのは舞さんか.<6E5C>できれば顔を合わせずに……),,
dom1Mai_S06.mes,Script/dom1Mai_S06.mes,13,5,Yuri,<이름:3232>君!,,
dom1Mai_S06.mes,Script/dom1Mai_S06.mes,14,10,주인공,(し、しまった~),,
dom1Mai_S06.mes,Script/dom1Mai_S06.mes,15,38,주인공,あ、あれ、ユリさんと舞さんじゃな<6E5C>いですか!ぜんぜん気づきません<6E5C>でしたよ,,
dom1Mai_S06.mes,Script/dom1Mai_S06.mes,16,13,Mai,逃げようとしてたでしょ?,,
dom1Mai_S06.mes,Script/dom1Mai_S06.mes,17,26,주인공,ま、まさか.ほんとに気づかなかっ<6E5C>ただけですってば,,
dom1Mai_S06.mes,Script/dom1Mai_S06.mes,18,9,Mai,ユリ、どう思う?,,
dom1Mai_S06.mes,Script/dom1Mai_S06.mes,19,31,Yuri,絶対逃げようとしてたよね~.<6E5C>どんなお仕置きをしちゃおうかな,,
dom1Mai_S06.mes,Script/dom1Mai_S06.mes,20,14,Mai,何かごちそうしてもらおうか,,
dom1Mai_S06.mes,Script/dom1Mai_S06.mes,21,10,주인공,マ、マジですか……,,
dom1Mai_S06.mes,Script/dom1Mai_S06.mes,22,36,Mai,前においしいコロッケ屋さんがある<6E5C>って言ってたよね?<6E5C>それ、買ってきて,,
dom1Mai_S06.mes,Script/dom1Mai_S06.mes,23,16,Yuri,いえ~い、コロッケだコロッケ!,,
dom1Mai_S06.mes,Script/dom1Mai_S06.mes,24,12,주인공,わ、わかりましたよ……,,
dom1Mai_S06.mes,Script/dom1Mai_S06.mes,25,42,주인공,(まいったな……今月ピンチなの<6E5C>に.でもあのふたりに逆らう<6E5C>勇気は俺にはない……),,
dom1Mai_ending1.mes,Script/dom1Mai_ending1.mes,0,6,주인공,アテナ!?,,
dom1Mai_ending1.mes,Script/dom1Mai_ending1.mes,1,7,Athena,お帰り、<이름:3232>,,
dom1Mai_ending1.mes,Script/dom1Mai_ending1.mes,2,14,주인공,お前、ここで何やってんだよ,,
dom1Mai_ending1.mes,Script/dom1Mai_ending1.mes,3,16,Athena,<이름:3232>が帰ってくるのを待ってたの,,
dom1Mai_ending1.mes,Script/dom1Mai_ending1.mes,4,16,주인공,まさか、お前もこの勝負に……?,,
dom1Mai_ending1.mes,Script/dom1Mai_ending1.mes,5,19,Athena,うん、これを渡すように頼まれ<6E5C>たんだ,,
dom1Mai_ending1.mes,Script/dom1Mai_ending1.mes,6,19,주인공,こ、これはお見合い写真じゃねえか<6E5C>!,,
dom1Mai_ending1.mes,Script/dom1Mai_ending1.mes,7,10,Athena,きれいだね、舞さん,,
dom1Mai_ending1.mes,Script/dom1Mai_ending1.mes,8,19,주인공,あ、ああ、そうだな.<6E5C>でもこれって?,,
dom1Mai_ending1.mes,Script/dom1Mai_ending1.mes,9,30,Athena,これが宝物だよ.<6E5C><이름:3232>にとって、<6E5C>一番大切な人なんでしょ?,,
dom1Mai_ending1.mes,Script/dom1Mai_ending1.mes,10,22,주인공,うん.今の俺にとって、かけがえの<6E5C>ない人だ,,
dom1Mai_ending1.mes,Script/dom1Mai_ending1.mes,11,37,Athena,この勝負は、<이름:3232>の勝ちだよ!<6E5C>さあ、早く舞さんのところに<6E5C>行ってあげて!,,
dom1Mai_ending1.mes,Script/dom1Mai_ending1.mes,12,21,주인공,おう!行ってくる!<6E5C>ありがとう、アテナ!,,
dom1Mai_ending1.mes,Script/dom1Mai_ending1.mes,13,36,Athena,あ~あ、うれしそうに<6E5C>飛び出して行っちゃった.<6E5C>うらやましいな、舞さん,,
dom1Mai_ending1.mes,Script/dom1Mai_ending1.mes,14,29,주인공,(やった!俺が勝ったんだ!<6E5C>舞さん、待っててください!),,
dom1Mai_ending1.mes,Script/dom1Mai_ending1.mes,15,21,주인공,(やっと着いた……ここに舞さん<6E5C>が……),,
dom1Mai_ending1.mes,Script/dom1Mai_ending1.mes,16,42,UNKNOWN_2a,ようこそいらっしゃいました、<6E5C><이름:3131>さま.こちらで、<6E5C>舞お嬢さまがお待ちでございます,,
dom1Mai_ending1.mes,Script/dom1Mai_ending1.mes,17,17,주인공,(い、いよいよか……緊張するな),,
dom1Mai_ending1.mes,Script/dom1Mai_ending1.mes,18,7,주인공,失礼します!,,
dom1Mai_ending1.mes,Script/dom1Mai_ending1.mes,19,16,주인공,(うわ~舞さん、きれいだ……),,
dom1Mai_ending1.mes,Script/dom1Mai_ending1.mes,20,6,Mai,<이름:3232>君……,,
dom1Mai_ending1.mes,Script/dom1Mai_ending1.mes,21,6,주인공,舞さん……,,
dom1Mai_ending1.mes,Script/dom1Mai_ending1.mes,22,23,Mai,ふつつか者ですが、よろしく<6E5C>お願いいたします,,
dom1Mai_ending1.mes,Script/dom1Mai_ending1.mes,23,25,주인공,そ、そんな.こちらこそ、よろしく<6E5C>お願いします!,,
dom1Mai_ending1.mes,Script/dom1Mai_ending1.mes,24,38,UNKNOWN_2b,うむ、なかなか良い面構えの男では<6E5C>ないか.これで我が不知火流も安泰<6E5C>じゃな,,
dom1Mai_ending1.mes,Script/dom1Mai_ending1.mes,25,15,주인공,あ、あの、あなたはまさか……,,
dom1Mai_ending1.mes,Script/dom1Mai_ending1.mes,26,20,UNKNOWN_2b,そう、わしが不知火半蔵.<6E5C>舞の祖父じゃ,,
dom1Mai_ending1.mes,Script/dom1Mai_ending1.mes,27,11,주인공,(こ、この人が……),,
dom1Mai_ending1.mes,Script/dom1Mai_ending1.mes,28,28,UNKNOWN_2b,そう硬くならんでもよい.<6E5C>さあ、こっちへ来て座りなさい,,
dom1Mai_ending1.mes,Script/dom1Mai_ending1.mes,29,8,주인공,は、はい……!,,
dom1Mai_ending1.mes,Script/dom1Mai_ending1.mes,30,6,Mai,……ダメよ,,
dom1Mai_ending1.mes,Script/dom1Mai_ending1.mes,31,3,주인공,え?,,
dom1Mai_ending1.mes,Script/dom1Mai_ending1.mes,32,5,Mai,もうダメ,,
dom1Mai_ending1.mes,Script/dom1Mai_ending1.mes,33,5,주인공,舞さん?,,
dom1Mai_ending1.mes,Script/dom1Mai_ending1.mes,34,10,Mai,もう我慢できない!,,
dom1Mai_ending1.mes,Script/dom1Mai_ending1.mes,35,12,주인공,ちょ、ちょっと舞さん?,,
dom1Mai_ending1.mes,Script/dom1Mai_ending1.mes,36,25,Mai,私はウェディングドレスが<6E5C>着たいって言ったのに!,,
dom1Mai_ending1.mes,Script/dom1Mai_ending1.mes,37,27,UNKNOWN_2b,馬鹿もーん!不知火流の正装は<6E5C>和服に決まっとろうが!,,
dom1Mai_ending1.mes,Script/dom1Mai_ending1.mes,38,23,Mai,そんなこと知らないわよ!<6E5C><이름:3232>君、行くわよ!,,
dom1Mai_ending1.mes,Script/dom1Mai_ending1.mes,39,13,주인공,え、ちょっと、舞さん!?,,
dom1Mai_ending1.mes,Script/dom1Mai_ending1.mes,40,26,주인공,(さ、最後の最後まで引っ張り回さ<6E5C>れるのかよ……),,
dom1Mai_ending1.mes,Script/dom1Mai_ending1.mes,41,12,Mai,やっと帰ってこれたわね,,
dom1Mai_ending1.mes,Script/dom1Mai_ending1.mes,42,6,주인공,ええ、まあ,,
dom1Mai_ending1.mes,Script/dom1Mai_ending1.mes,43,3,Mai,何よ,,
dom1Mai_ending1.mes,Script/dom1Mai_ending1.mes,44,25,주인공,いえ、なんでもありません.<6E5C>お帰りなさい、舞さん,,
dom1Mai_ending1.mes,Script/dom1Mai_ending1.mes,45,12,Mai,うん、ただいま.<이름:3232>君,,
dom1Mai_ending1.mes,Script/dom1Mai_ending1.mes,46,11,주인공,俺、約束守りましたよ,,
dom1Mai_ending1.mes,Script/dom1Mai_ending1.mes,47,9,Mai,うん……信じてた,,
dom1Mai_ending1.mes,Script/dom1Mai_ending1.mes,48,20,주인공,これで、ずっと一緒にいられるんで<6E5C>すね,,
dom1Mai_ending1.mes,Script/dom1Mai_ending1.mes,49,24,Mai,そうだね.これからもよろしくね、<6E5C>おとなりさん,,
dom1Mai_ending1.mes,Script/dom1Mai_ending1.mes,50,33,주인공,お、おとなりさん?それじゃ今ま<6E5C>でと変わってないじゃないですか!,,
dom1Mai_ending1.mes,Script/dom1Mai_ending1.mes,51,24,Mai,ううん、そんなことないよ.<6E5C>これ、お礼の気持ち,,
dom1Mai_ending1.mes,Script/dom1Mai_ending1.mes,52,4,[효과음/내레이션],チュッ,,
dom1Mai_ending1.mes,Script/dom1Mai_ending1.mes,53,10,주인공,!<020A>ま、舞さん!?,,
dom1Mai_ending1.mes,Script/dom1Mai_ending1.mes,54,12,Mai,ヘヘ、ほっぺでごめんね,,
dom1Mai_ending1.mes,Script/dom1Mai_ending1.mes,55,15,주인공,い、いえ、とんでもない……!,,
dom1Mai_ending1.mes,Script/dom1Mai_ending1.mes,56,15,Mai,これからもよろしくね、<이름:3232>君,,
dom1Mai_ending1.mes,Script/dom1Mai_ending1.mes,57,10,주인공,こちらこそ、舞さん,,
dom1Mai_ending1.mes,Script/dom1Mai_ending1.mes,58,17,Mai,もうその舞さんっていうのやめてよ,,
dom1Mai_ending1.mes,Script/dom1Mai_ending1.mes,59,7,주인공,え、でも……,,
dom1Mai_ending1.mes,Script/dom1Mai_ending1.mes,60,8,Mai,舞、でいいわよ,,
dom1Mai_ending1.mes,Script/dom1Mai_ending1.mes,61,7,주인공,うん、舞……,,
dom1Mai_ending1.mes,Script/dom1Mai_ending1.mes,62,10,[효과음/내레이션],グ~キュルルル……,,
dom1Mai_ending1.mes,Script/dom1Mai_ending1.mes,63,3,Mai,……,,
dom1Mai_ending1.mes,Script/dom1Mai_ending1.mes,64,3,주인공,……,,
dom1Mai_ending1.mes,Script/dom1Mai_ending1.mes,65,11,Mai,もう!ムード台無し!,,
dom1Mai_ending1.mes,Script/dom1Mai_ending1.mes,66,9,주인공,ご、ごめんなさい,,
dom1Mai_ending1.mes,Script/dom1Mai_ending1.mes,67,27,Mai,ほんとにもう……待ってて、すぐに<6E5C>おせち料理作るから,,
dom1Mai_ending1.mes,Script/dom1Mai_ending1.mes,68,4,주인공,はい!,,
dom1Mai_ending1.mes,Script/dom1Mai_ending1.mes,69,19,주인공,(やっぱり、当分は「舞さん」<6E5C>だな),,
dom1Mai_ending1.mes,Script/dom1Mai_ending1.mes,70,37,Kaidou,全エンディングコンプリートしや<6E5C>がったな!<485C>さすがはオレ様のライバルだな,,
dom1Mai_ending1.mes,Script/dom1Mai_ending1.mes,71,7,UNKNOWN_1d,おめでとー!,,
dom1Mai_ending2.mes,Script/dom1Mai_ending2.mes,0,24,UNKNOWN_10,ずいぶん遅かったじゃないか.<6E5C>待ちくたびれたよ,,
dom1Mai_ending2.mes,Script/dom1Mai_ending2.mes,1,8,주인공,あ、あんた……,,
dom1Mai_ending2.mes,Script/dom1Mai_ending2.mes,2,17,UNKNOWN_10,見ての通り、この勝負は僕の勝ちだ,,
dom1Mai_ending2.mes,Script/dom1Mai_ending2.mes,3,8,주인공,そ、そんな……,,
dom1Mai_ending2.mes,Script/dom1Mai_ending2.mes,4,22,UNKNOWN_10,約束だ.もう二度と舞には近づかな<6E5C>いでくれ,,
dom1Mai_ending2.mes,Script/dom1Mai_ending2.mes,5,3,주인공,……,,
dom1Mai_ending2.mes,Script/dom1Mai_ending2.mes,6,7,UNKNOWN_13,待ちなさい!,,
dom1Mai_ending2.mes,Script/dom1Mai_ending2.mes,7,6,UNKNOWN_10,この声……,,
dom1Mai_ending2.mes,Script/dom1Mai_ending2.mes,8,5,주인공,舞さん!,,
dom1Mai_ending2.mes,Script/dom1Mai_ending2.mes,9,11,Mai,こんな賭けは無効よ!,,
dom1Mai_ending2.mes,Script/dom1Mai_ending2.mes,10,11,UNKNOWN_10,舞、何を言ってるんだ,,
dom1Mai_ending2.mes,Script/dom1Mai_ending2.mes,11,44,Mai,やっぱり、自分の人生を他人任せに<6E5C>するなんて、我慢できない!<6E5C>私は私の人生を生きるわ!,,
dom1Mai_ending2.mes,Script/dom1Mai_ending2.mes,12,17,UNKNOWN_10,おいおい、今さらそれはないだろう,,
dom1Mai_ending2.mes,Script/dom1Mai_ending2.mes,13,34,Mai,うるさーい!もう決めたの!<6E5C>私はもっといい男を探しに<6E5C>旅に出るわ!,,
dom1Mai_ending2.mes,Script/dom1Mai_ending2.mes,14,4,주인공,はぁ?,,
dom1Mai_ending2.mes,Script/dom1Mai_ending2.mes,15,28,Mai,<이름:3232>君、短い間だったけど、<6E5C>楽しかったよ.ありがとうね,,
dom1Mai_ending2.mes,Script/dom1Mai_ending2.mes,16,10,주인공,え、いや、舞さん?,,
dom1Mai_ending2.mes,Script/dom1Mai_ending2.mes,17,12,Mai,それじゃあね.バイバイ,,
dom1Mai_ending2.mes,Script/dom1Mai_ending2.mes,18,8,UNKNOWN_10,お、おい、舞!,,
dom1Mai_ending2.mes,Script/dom1Mai_ending2.mes,19,9,주인공,行っちゃった……,,
dom1Mai_ending2.mes,Script/dom1Mai_ending2.mes,20,3,UNKNOWN_10,……,,
dom1Mai_ending2.mes,Script/dom1Mai_ending2.mes,21,3,주인공,……,,
dom1Mai_ending2.mes,Script/dom1Mai_ending2.mes,22,4,UNKNOWN_10,<이름:3131>君,,
dom1Mai_ending2.mes,Script/dom1Mai_ending2.mes,23,3,주인공,はい,,
dom1Mai_ending2.mes,Script/dom1Mai_ending2.mes,24,12,UNKNOWN_10,君はまだ未成年だったね,,
dom1Mai_ending2.mes,Script/dom1Mai_ending2.mes,25,6,주인공,ええ、まあ,,
dom1Mai_ending2.mes,Script/dom1Mai_ending2.mes,26,16,UNKNOWN_10,そうか、それじゃ酒は飲めないな,,
dom1Mai_ending2.mes,Script/dom1Mai_ending2.mes,27,21,주인공,……付き合いますよ.<6E5C>ジュースでよければ,,
dom1Mai_ending2.mes,Script/dom1Mai_ending2.mes,28,4,UNKNOWN_10,そうか,,
dom1Mai_ending2.mes,Script/dom1Mai_ending2.mes,29,3,주인공,はい,,
dom1Mai_ending2.mes,Script/dom1Mai_ending2.mes,30,14,UNKNOWN_10,よし、今日は朝まで飲もう!,,
dom1Mai_ending2.mes,Script/dom1Mai_ending2.mes,31,4,주인공,はい!,,
dom1Mai_ending2.mes,Script/dom1Mai_ending2.mes,32,37,Kaidou,全エンディングコンプリートしや<6E5C>がったな!<485C>さすがはオレ様のライバルだな,,
dom1Mai_ending2.mes,Script/dom1Mai_ending2.mes,33,7,UNKNOWN_1d,おめでとー!,,
