file,rel_path,block,n_tokens,speaker,source,ai_draft,translation
dom1Kasumi_L01.mes,Script/dom1Kasumi_L01.mes,0,25,주인공,(香澄に見つからないように横切ら<6E5C>ないとな……),,
dom1Kasumi_L01.mes,Script/dom1Kasumi_L01.mes,1,9,주인공,うわ、なんだ!?,,
dom1Kasumi_L01.mes,Script/dom1Kasumi_L01.mes,2,32,주인공,なんだよ、七夕の短冊が飛んできた<6E5C>だけか.びっくりさせんなよな,,
dom1Kasumi_L01.mes,Script/dom1Kasumi_L01.mes,3,13,주인공,(お、なんか書いてある),,
dom1Kasumi_L01.mes,Script/dom1Kasumi_L01.mes,4,6,[선택지],読む読まない,,
dom1Kasumi_L01.mes,Script/dom1Kasumi_L01.mes,5,47,주인공,え~っと……打倒極限流、父さまが<6E5C>見つかりますように、先輩がちゃん<6E5C>と部活に来ますように……,,
dom1Kasumi_L01.mes,Script/dom1Kasumi_L01.mes,6,4,Kasumi,先輩!,,
dom1Kasumi_L01.mes,Script/dom1Kasumi_L01.mes,7,7,주인공,この声は……,,
dom1Kasumi_L01.mes,Script/dom1Kasumi_L01.mes,8,15,주인공,しまった~見つかっちまったか,,
dom1Kasumi_L01.mes,Script/dom1Kasumi_L01.mes,9,6,Kasumi,先輩、それ,,
dom1Kasumi_L01.mes,Script/dom1Kasumi_L01.mes,10,24,주인공,あ、これか?なんか風に乗って<6E5C>飛んできたんだよ,,
dom1Kasumi_L01.mes,Script/dom1Kasumi_L01.mes,11,16,Kasumi,なんて書いてあるか読みました?,,
dom1Kasumi_L01.mes,Script/dom1Kasumi_L01.mes,12,11,주인공,ああ、まずかったか?,,
dom1Kasumi_L01.mes,Script/dom1Kasumi_L01.mes,13,63,Kasumi,そうですか…….<6E5C>先輩、このことは一切<6E5C>他言無用でお願いします<485C>こんなものを見られたら、<6E5C>変な子だと思われてしまいます<6E5C>から,,
dom1Kasumi_L01.mes,Script/dom1Kasumi_L01.mes,14,22,주인공,もうじゅうぶん思われてる気がする<6E5C>けど……,,
dom1Kasumi_L01.mes,Script/dom1Kasumi_L01.mes,15,4,Kasumi,何か?,,
dom1Kasumi_L01.mes,Script/dom1Kasumi_L01.mes,16,32,주인공,い、いや、なんでもない.<6E5C>わかった、これはふたりだけの<6E5C>秘密だ,,
dom1Kasumi_L01.mes,Script/dom1Kasumi_L01.mes,17,23,Kasumi,ふ、ふたりだけの秘密?そんな<6E5C>はしたない……,,
dom1Kasumi_L01.mes,Script/dom1Kasumi_L01.mes,18,9,주인공,べつに普通だろ?,,
dom1Kasumi_L01.mes,Script/dom1Kasumi_L01.mes,19,30,Kasumi,わ、わかりました.では、ふたり<6E5C>だけの秘密ということで……,,
dom1Kasumi_L01.mes,Script/dom1Kasumi_L01.mes,20,9,주인공,(なんだあれ?),,
dom1Kasumi_L01.mes,Script/dom1Kasumi_L01.mes,21,22,주인공,(勝手に人の願い事見るのも悪い<6E5C>よな……),,
dom1Kasumi_L02.mes,Script/dom1Kasumi_L02.mes,0,19,주인공,(香澄だ.<6E5C>相変わらず稽古熱心だな),,
dom1Kasumi_L02.mes,Script/dom1Kasumi_L02.mes,1,22,Kasumi,あ、先輩!いよいよ今日ですね、<6E5C>きもだめし,,
dom1Kasumi_L02.mes,Script/dom1Kasumi_L02.mes,2,16,주인공,なんでそんなに嬉しそうなんだよ,,
dom1Kasumi_L02.mes,Script/dom1Kasumi_L02.mes,3,29,Kasumi,わたしホラー映画が大好きなん<6E5C>です.先輩も行きますよね?,,
dom1Kasumi_L02.mes,Script/dom1Kasumi_L02.mes,4,10,주인공,どうしようかな……,,
dom1Kasumi_L02.mes,Script/dom1Kasumi_L02.mes,5,6,[선택지],行く行かない,,
dom1Kasumi_L02.mes,Script/dom1Kasumi_L02.mes,6,23,주인공,行こう……かな.<6E5C>でもきもだめしってなぁ……,,
dom1Kasumi_L02.mes,Script/dom1Kasumi_L02.mes,7,50,Kasumi,わかりました.<6E5C>そんなに怖いのなら、わたしが<6E5C>付いて行ってあげます<485C>今日の夜、ここで待ってますから,,
dom1Kasumi_L02.mes,Script/dom1Kasumi_L02.mes,8,16,주인공,(行っちまった……まぁいいか),,
dom1Kasumi_L02.mes,Script/dom1Kasumi_L02.mes,9,20,UNKNOWN_29,<0108><0000><0000><0000><0000><0000><0024><0016><0002>いや、俺はやめとくよ,,
dom1Kasumi_L02.mes,Script/dom1Kasumi_L02.mes,10,26,Kasumi,そうですか.怖いのであれば、<6E5C>やめておくべきですね,,
dom1Kasumi_L02.mes,Script/dom1Kasumi_L02.mes,11,9,주인공,誰も怖いとは……,,
dom1Kasumi_L02.mes,Script/dom1Kasumi_L02.mes,12,29,Kasumi,いいんです.いかに男子といえ<6E5C>ども、おばけは怖いものです,,
dom1Kasumi_L02.mes,Script/dom1Kasumi_L02.mes,13,17,주인공,(なんか勝手に納得しちゃったな),,
dom1Kasumi_L02_2.mes,Script/dom1Kasumi_L02_2.mes,0,29,주인공,(……<485C>…………<485C>………………しまった、<6E5C>寝ちまった!),,
dom1Kasumi_L02_2.mes,Script/dom1Kasumi_L02_2.mes,1,13,주인공,ハァ、ハァ、悪い、遅れた,,
dom1Kasumi_L02_2.mes,Script/dom1Kasumi_L02_2.mes,2,28,Kasumi,あ、先輩.お待ちしてましたよ.<6E5C>さぁ、早速行きましょう,,
dom1Kasumi_L02_2.mes,Script/dom1Kasumi_L02_2.mes,3,14,주인공,(あ、あれ?怒ってない?),,
dom1Kasumi_L02_2.mes,Script/dom1Kasumi_L02_2.mes,4,17,Kasumi,さ、先輩、ここからスタートですよ,,
dom1Kasumi_L02_2.mes,Script/dom1Kasumi_L02_2.mes,5,24,주인공,あのさ、どうでもいいけど、<6E5C>なんで道着なんだよ,,
dom1Kasumi_L02_2.mes,Script/dom1Kasumi_L02_2.mes,6,33,Kasumi,こ、これは、いついかなる時も闘い<6E5C>に身を置く者の心構えとして……,,
dom1Kasumi_L02_2.mes,Script/dom1Kasumi_L02_2.mes,7,12,주인공,(何と闘うつもりだよ),,
dom1Kasumi_L02_2.mes,Script/dom1Kasumi_L02_2.mes,8,13,주인공,じつは怖いんじゃねえの?,,
dom1Kasumi_L02_2.mes,Script/dom1Kasumi_L02_2.mes,9,27,Kasumi,ば、馬鹿なことを!<6E5C>心頭滅却すれば火もまた涼しですよ,,
dom1Kasumi_L02_2.mes,Script/dom1Kasumi_L02_2.mes,10,12,주인공,(何を言ってるんだか),,
dom1Kasumi_L02_2.mes,Script/dom1Kasumi_L02_2.mes,11,16,주인공,香澄、手でもつないでやろうか?,,
dom1Kasumi_L02_2.mes,Script/dom1Kasumi_L02_2.mes,12,45,Kasumi,な、何を言うんです!そんなこと<6E5C>できるわけないでしょう.<6E5C>わたしたち、まだ高校生ですよ!,,
dom1Kasumi_L02_2.mes,Script/dom1Kasumi_L02_2.mes,13,51,주인공,(いまどき小学生だって手くらいつ<6E5C>なぐっつーの.……って、言ってる<6E5C>そばから安っぽいおばけ登場かよ),,
dom1Kasumi_L02_2.mes,Script/dom1Kasumi_L02_2.mes,14,7,Kasumi,きゃー!!!,,
dom1Kasumi_L02_2.mes,Script/dom1Kasumi_L02_2.mes,15,7,주인공,え、えぇ!?,,
dom1Kasumi_L02_2.mes,Script/dom1Kasumi_L02_2.mes,16,9,[효과음/내레이션],ドカッ、バキッ!,,
dom1Kasumi_L02_2.mes,Script/dom1Kasumi_L02_2.mes,17,42,주인공,(うお!出てくるおばけたちが吹<6E5C>き飛ばされていく!こ、これは……<6E5C>奥義重ね当て!),,
dom1Kasumi_L02_2.mes,Script/dom1Kasumi_L02_2.mes,18,14,주인공,すげえ、おばけより強ぇ……,,
dom1Kasumi_L02_2.mes,Script/dom1Kasumi_L02_2.mes,19,29,주인공,(……これからはあんまり香澄を<6E5C>怒らせないようにしよう),,
dom1Kasumi_L03.mes,Script/dom1Kasumi_L03.mes,0,10,Kasumi,たあー!<020A>とおー!,,
dom1Kasumi_L03.mes,Script/dom1Kasumi_L03.mes,1,9,[효과음/내레이션],ドンッ、バシッ!,,
dom1Kasumi_L03.mes,Script/dom1Kasumi_L03.mes,2,15,주인공,香澄、今日はここまでにしよう,,
dom1Kasumi_L03.mes,Script/dom1Kasumi_L03.mes,3,29,Kasumi,むむ……わかりました.<6E5C>口惜しいですが、今日はここまでで,,
dom1Kasumi_L03.mes,Script/dom1Kasumi_L03.mes,4,11,주인공,(口惜しいって……),,
dom1Kasumi_L03.mes,Script/dom1Kasumi_L03.mes,5,25,주인공,香澄、帰りにイリュージョンに<6E5C>寄って行かないか?,,
dom1Kasumi_L03.mes,Script/dom1Kasumi_L03.mes,6,32,Kasumi,そうですね、キングさんの淹れる<6E5C>お茶を飲みたいし、行きましょう,,
dom1Kasumi_L03.mes,Script/dom1Kasumi_L03.mes,7,21,주인공,(カフェで日本茶を飲むんだもん<6E5C>な……),,
dom1Kasumi_L03.mes,Script/dom1Kasumi_L03.mes,8,13,[효과음/내레이션],♪カランコロンカラン……,,
dom1Kasumi_L03.mes,Script/dom1Kasumi_L03.mes,9,7,King,いらっしゃい,,
dom1Kasumi_L03.mes,Script/dom1Kasumi_L03.mes,10,22,주인공,キングさん、コーヒーひとつ、<6E5C>お願いします,,
dom1Kasumi_L03.mes,Script/dom1Kasumi_L03.mes,11,10,King,わかった.香澄は?,,
dom1Kasumi_L03.mes,Script/dom1Kasumi_L03.mes,12,9,Kasumi,わたしは日本茶で,,
dom1Kasumi_L03.mes,Script/dom1Kasumi_L03.mes,13,20,King,オーケー.香澄専用の日本茶を<6E5C>淹れるよ,,
dom1Kasumi_L03.mes,Script/dom1Kasumi_L03.mes,14,31,Kasumi,すみません.どうしてもコーヒー<6E5C>というものが好きになれなくて,,
dom1Kasumi_L03.mes,Script/dom1Kasumi_L03.mes,15,10,King,気にしなくていいよ,,
dom1Kasumi_L03.mes,Script/dom1Kasumi_L03.mes,16,11,Kasumi,ありがとうございます,,
dom1Kasumi_L03.mes,Script/dom1Kasumi_L03.mes,17,49,King,それにしても、ふたりは仲がいいん<6E5C>だね.あれ?でも<이름:3131>君、こない<6E5C>だ一緒に来た子はどうしたんだ?,,
dom1Kasumi_L03.mes,Script/dom1Kasumi_L03.mes,18,20,주인공,ちょ、キングさん、なに言ってん<6E5C>ですか,,
dom1Kasumi_L03.mes,Script/dom1Kasumi_L03.mes,19,13,King,ハハ、冗談、じょうだ……,,
dom1Kasumi_L03.mes,Script/dom1Kasumi_L03.mes,20,34,Kasumi,先輩!……先輩ってそういう人<6E5C>だったんですね.<6E5C>わたし、帰ります!,,
dom1Kasumi_L03.mes,Script/dom1Kasumi_L03.mes,21,7,[효과음/내레이션],タッタッタッタ,,
dom1Kasumi_L03.mes,Script/dom1Kasumi_L03.mes,22,6,[효과음/내레이션],バタン!!,,
dom1Kasumi_L03.mes,Script/dom1Kasumi_L03.mes,23,20,King,……あの子には冗談は通じないの<6E5C>かい?,,
dom1Kasumi_L03.mes,Script/dom1Kasumi_L03.mes,24,43,주인공,勘弁してくださいよ.ったく、<6E5C>キングさんたまに冗談を言ったと<6E5C>思ったらこれだもんなぁ,,
dom1Kasumi_L03.mes,Script/dom1Kasumi_L03.mes,25,4,King,ごめん,,
dom1Kasumi_L04.mes,Script/dom1Kasumi_L04.mes,0,20,Athena,<이름:3232>、ちゃんと宿題やらなきゃ<6E5C>ダメだよ,,
dom1Kasumi_L04.mes,Script/dom1Kasumi_L04.mes,1,17,주인공,わかってるって.だいじょうぶだよ,,
dom1Kasumi_L04.mes,Script/dom1Kasumi_L04.mes,2,6,Athena,心配だな~,,
dom1Kasumi_L04.mes,Script/dom1Kasumi_L04.mes,3,4,Kasumi,先輩!,,
dom1Kasumi_L04.mes,Script/dom1Kasumi_L04.mes,4,9,주인공,な、なんだよ香澄,,
dom1Kasumi_L04.mes,Script/dom1Kasumi_L04.mes,5,28,Kasumi,もうすぐ稽古が始まりますよ!<6E5C>早く道場へ来てください!,,
dom1Kasumi_L04.mes,Script/dom1Kasumi_L04.mes,6,22,주인공,お前、それを言うためにわざわざ<6E5C>来たわけ?,,
dom1Kasumi_L04.mes,Script/dom1Kasumi_L04.mes,7,24,Kasumi,迎えに来ないと先輩帰っちゃうじゃ<6E5C>ないですか!,,
dom1Kasumi_L04.mes,Script/dom1Kasumi_L04.mes,8,25,주인공,俺はこどもか……って、何うなずい<6E5C>てんだよアテナ,,
dom1Kasumi_L04.mes,Script/dom1Kasumi_L04.mes,9,31,Kasumi,アテナ先輩!先輩からもひと言<6E5C>ガツンと言ってあげてください!,,
dom1Kasumi_L04.mes,Script/dom1Kasumi_L04.mes,10,38,Athena,え、わたし?あぁ、え~っと……<6E5C><이름:3232>、ちゃんと部活に出ないと<6E5C>ダメじゃない,,
dom1Kasumi_L04.mes,Script/dom1Kasumi_L04.mes,11,47,Kasumi,ほら、閉きましたか先輩!アテナ<6E5C>先輩もこうおっしゃってるんです.<6E5C>今すぐ道場へ来てください!,,
dom1Kasumi_L04.mes,Script/dom1Kasumi_L04.mes,12,32,Athena,わ、わたしは仕事があるからこのへ<6E5C>んで…….がんばってね、<이름:3232>,,
dom1Kasumi_L04.mes,Script/dom1Kasumi_L04.mes,13,15,주인공,お、おいアテナ、逃げんなよ!,,
dom1Kasumi_L04.mes,Script/dom1Kasumi_L04.mes,14,12,Kasumi,さぁ、行きますよ先輩!,,
dom1Kasumi_L04.mes,Script/dom1Kasumi_L04.mes,15,27,주인공,(あぁ……俺の夏休みの先行きが思<6E5C>いやられるよ……),,
dom1Kasumi_L04.mes,Script/dom1Kasumi_L04.mes,16,17,주인공,さーて、次はどこに行こうかな……,,
dom1Kasumi_L04.mes,Script/dom1Kasumi_L04.mes,17,60,UNKNOWN_01,G<0002><000C><0000><0000><0000><0000><0000><0018><FFFF><0000><0001><0000><0000><0011><0004><0000><0000><0000><0000><0006><000A><0006><0000><0000><0001><000F><0000><0000><0000><0000><0000><000D><0000><0000><0000><0000><0000><0010><0009><0000><0000><0000><0000><0000><0024><0018><FFFF>♪カランコロンカラ~ン,,
dom1Kasumi_L04.mes,Script/dom1Kasumi_L04.mes,18,11,King,いらっしゃい、<이름:3131>君,,
dom1Kasumi_L04.mes,Script/dom1Kasumi_L04.mes,19,11,Mai,<이름:3232>君、こっちこっち,,
dom1Kasumi_L04.mes,Script/dom1Kasumi_L04.mes,20,30,주인공,お待たせしました.で、今日はどう<6E5C>して誘ってくれたんです?,,
dom1Kasumi_L04.mes,Script/dom1Kasumi_L04.mes,21,26,Mai,うん……一昨日、迷惑かけちゃった<6E5C>から、そのおわび,,
dom1Kasumi_L04.mes,Script/dom1Kasumi_L04.mes,22,17,주인공,いいですよ、気にしてないですから,,
dom1Kasumi_L04.mes,Script/dom1Kasumi_L04.mes,23,6,Mai,ありがとう,,
dom1Kasumi_L04.mes,Script/dom1Kasumi_L04.mes,24,30,King,はい、お待たせ.今日は特別<6E5C>サービスの特製ディナーセットだ,,
dom1Kasumi_L04.mes,Script/dom1Kasumi_L04.mes,25,12,주인공,お~すげえ、うまそ~!,,
dom1Kasumi_L04.mes,Script/dom1Kasumi_L04.mes,26,14,Mai,ありがとう、キングさん……,,
dom1Kasumi_L04.mes,Script/dom1Kasumi_L04.mes,27,12,King,……ゆっくりしていきな,,
dom1Kasumi_L04.mes,Script/dom1Kasumi_L04.mes,28,26,Mai,<이름:3232>君、こないだのあの男ね、<6E5C>私の婚約者だったんだ,,
dom1Kasumi_L04.mes,Script/dom1Kasumi_L04.mes,29,16,주인공,ぶほっ!の、のどに詰まった……,,
dom1Kasumi_L04.mes,Script/dom1Kasumi_L04.mes,30,10,Mai,ちょっと、汚いなぁ,,
dom1Kasumi_L04.mes,Script/dom1Kasumi_L04.mes,31,25,주인공,だ、だって突然とんでもないこと<6E5C>言い出すから……,,
dom1Kasumi_L04.mes,Script/dom1Kasumi_L04.mes,32,55,Mai,と言っても、お祖父さまが勝手に<6E5C>決めた縁談で、私はぜんぜん<6E5C>その気はなかったの<485C>きっぱり断ったんだけどね……,,
dom1Kasumi_L04.mes,Script/dom1Kasumi_L04.mes,33,14,주인공,向こうはそう思ってない、と,,
dom1Kasumi_L04.mes,Script/dom1Kasumi_L04.mes,34,5,Mai,……うん,,
dom1Kasumi_L04.mes,Script/dom1Kasumi_L04.mes,35,24,주인공,だいじょうぶ、今度も俺が守って<6E5C>みせますから!,,
dom1Kasumi_L04.mes,Script/dom1Kasumi_L04.mes,36,11,Mai,<이름:3232>君……ありがとう,,
dom1Kasumi_L05.mes,Script/dom1Kasumi_L05.mes,0,13,주인공,あれ、どうしたんだ香澄?,,
dom1Kasumi_L05.mes,Script/dom1Kasumi_L05.mes,1,6,Kasumi,何がです?,,
dom1Kasumi_L05.mes,Script/dom1Kasumi_L05.mes,2,28,주인공,香澄が道場で制服着てんの、初めて<6E5C>見た気がするんだけど,,
dom1Kasumi_L05.mes,Script/dom1Kasumi_L05.mes,3,22,Kasumi,わたし、ここに来ると気分が落ち<6E5C>着くんです,,
dom1Kasumi_L05.mes,Script/dom1Kasumi_L05.mes,4,24,Kasumi,いろいろ考えると、疲れちゃうこと<6E5C>があって……,,
dom1Kasumi_L05.mes,Script/dom1Kasumi_L05.mes,5,11,주인공,親父さんのこととか?,,
dom1Kasumi_L05.mes,Script/dom1Kasumi_L05.mes,6,33,Kasumi,ええ、それもあります.あと、先輩<6E5C>をいかに稽古に連れ出すか、とか,,
dom1Kasumi_L05.mes,Script/dom1Kasumi_L05.mes,7,29,주인공,気苦労かけて悪かったよ.おわびっ<6E5C>てわけじゃないけど……,,
dom1Kasumi_L05.mes,Script/dom1Kasumi_L05.mes,8,19,[선택지],花火大会に行かないか一発殴らせてやるよ,,
dom1Kasumi_L05.mes,Script/dom1Kasumi_L05.mes,9,46,주인공,今日の花火大会、一緒に行かない<6E5C>か?たくさん人が集まるから、親父<6E5C>さんも来るかもしれないし,,
dom1Kasumi_L05.mes,Script/dom1Kasumi_L05.mes,10,13,Kasumi,そうですね、行きましょう,,
dom1Kasumi_L05.mes,Script/dom1Kasumi_L05.mes,11,30,주인공,よし、それじゃ一回帰って、着替え<6E5C>て河川敷で待ち合わせよう,,
dom1Kasumi_L05.mes,Script/dom1Kasumi_L05.mes,12,3,Kasumi,はい,,
dom1Kasumi_L05.mes,Script/dom1Kasumi_L05.mes,13,17,Kasumi,せ、先輩ってそういう趣味が……?,,
dom1Kasumi_L05.mes,Script/dom1Kasumi_L05.mes,14,13,주인공,いや、そうじゃなくて……,,
dom1Kasumi_L05.mes,Script/dom1Kasumi_L05.mes,15,16,Kasumi,きゃー!近寄らないでください!,,
dom1Kasumi_L05.mes,Script/dom1Kasumi_L05.mes,16,16,주인공,(なんだよ、人がせっかく……),,
dom1Kasumi_L05_2.mes,Script/dom1Kasumi_L05_2.mes,0,11,Kasumi,うわ~すごい人ですね,,
dom1Kasumi_L05_2.mes,Script/dom1Kasumi_L05_2.mes,1,24,주인공,そうだな.けっこう有名な花火大会<6E5C>らしいからな,,
dom1Kasumi_L05_2.mes,Script/dom1Kasumi_L05_2.mes,2,9,Kasumi,あ!<020A>父さま!?,,
dom1Kasumi_L05_2.mes,Script/dom1Kasumi_L05_2.mes,3,9,주인공,お、おい、香澄!,,
dom1Kasumi_L05_2.mes,Script/dom1Kasumi_L05_2.mes,4,15,주인공,(走って行っちゃったよ……),,
dom1Kasumi_L05_2.mes,Script/dom1Kasumi_L05_2.mes,5,14,[선택지],あとを追う戻ってくるのを待つ,,
dom1Kasumi_L05_2.mes,Script/dom1Kasumi_L05_2.mes,6,32,주인공,(こう人が多いと、前に進むのも<6E5C>大変だな……っと、見つけた!),,
dom1Kasumi_L05_2.mes,Script/dom1Kasumi_L05_2.mes,7,4,주인공,香澄!,,
dom1Kasumi_L05_2.mes,Script/dom1Kasumi_L05_2.mes,8,24,Kasumi,見失っちゃいました……人違いだっ<6E5C>たのかな……,,
dom1Kasumi_L05_2.mes,Script/dom1Kasumi_L05_2.mes,9,28,주인공,(結局、いつまで待っても香澄は<6E5C>戻ってこなかった……),,
dom1Kasumi_L05_2.mes,Script/dom1Kasumi_L05_2.mes,10,20,UNKNOWN_01,、<0002><0001><0028><000A><000A><0000><0000><0000><0000>声をかける抱き締める,,
dom1Kasumi_L05_2.mes,Script/dom1Kasumi_L05_2.mes,11,31,주인공,元気出せよ.きっとすぐに見つか<6E5C>るさ.俺も捜すの手伝うからさ,,
dom1Kasumi_L05_2.mes,Script/dom1Kasumi_L05_2.mes,12,14,Kasumi,はい.ありがとうございます,,
dom1Kasumi_L05_2.mes,Script/dom1Kasumi_L05_2.mes,13,14,주인공,(よかった、笑ってくれた),,
dom1Kasumi_L05_2.mes,Script/dom1Kasumi_L05_2.mes,14,10,주인공,今は花火を楽しもう,,
dom1Kasumi_L05_2.mes,Script/dom1Kasumi_L05_2.mes,15,4,Kasumi,はい!,,
dom1Kasumi_L05_2.mes,Script/dom1Kasumi_L05_2.mes,16,9,Kasumi,何するんですか!,,
dom1Kasumi_L05_2.mes,Script/dom1Kasumi_L05_2.mes,17,6,[효과음/내레이션],ズズンッ!,,
dom1Kasumi_L05_2.mes,Script/dom1Kasumi_L05_2.mes,18,40,주인공,(し、しまった……ここで重ね<6E5C>当てを繰り出されるとは、<6E5C>予想できなかった……),,
dom1Kasumi_L05_2.mes,Script/dom1Kasumi_L05_2.mes,19,10,Kasumi,わたし、帰ります!,,
dom1Kasumi_L06.mes,Script/dom1Kasumi_L06.mes,0,26,주인공,(ん?なんか人だかりができ<6E5C>てるぞ.なんだろう?),,
dom1Kasumi_L06.mes,Script/dom1Kasumi_L06.mes,1,10,[선택지],見に行く見に行かない,,
dom1Kasumi_L06.mes,Script/dom1Kasumi_L06.mes,2,13,UNKNOWN_13,極限流、覚悟よろしいか!,,
dom1Kasumi_L06.mes,Script/dom1Kasumi_L06.mes,3,14,주인공,(こ、この声はまさか……),,
dom1Kasumi_L06.mes,Script/dom1Kasumi_L06.mes,4,4,주인공,香澄!,,
dom1Kasumi_L06.mes,Script/dom1Kasumi_L06.mes,5,22,Kasumi,なんです、先輩!邪魔をしないで<6E5C>ください!,,
dom1Kasumi_L06.mes,Script/dom1Kasumi_L06.mes,6,25,주인공,邪魔をって……ユリさんまでその気<6E5C>になっちゃって,,
dom1Kasumi_L06.mes,Script/dom1Kasumi_L06.mes,7,19,주인공,ま、俺には関係ないか.<6E5C>さっさと帰ろ,,
dom1Kasumi_L06.mes,Script/dom1Kasumi_L06.mes,8,17,UNKNOWN_01,か<0002><0001><0024><0006><0008><0000><0000><0000><0000>止める止めない,,
dom1Kasumi_L06.mes,Script/dom1Kasumi_L06.mes,9,34,주인공,ちょ、ちょっとふたりとも!こんな<6E5C>とこで果し合いなんてやめろって!,,
dom1Kasumi_L06.mes,Script/dom1Kasumi_L06.mes,10,41,Kasumi,先輩!<020A>止めないでください!<6E5C>長きにわたる因縁に、ここで決着を<6E5C>つけるんです!!,,
dom1Kasumi_L06.mes,Script/dom1Kasumi_L06.mes,11,15,주인공,そういうわけにいかねえだろ!,,
dom1Kasumi_L06.mes,Script/dom1Kasumi_L06.mes,12,45,주인공,もうすぐ大会も迫ってるのに、こん<6E5C>なとこでケンカしてるのがバレたら<6E5C>出場できなくなるぞ!,,
dom1Kasumi_L06.mes,Script/dom1Kasumi_L06.mes,13,6,Kasumi,むむ……!,,
dom1Kasumi_L06.mes,Script/dom1Kasumi_L06.mes,14,3,Yuri,あ!,,
dom1Kasumi_L06.mes,Script/dom1Kasumi_L06.mes,15,9,Kasumi,何か!?極限流!,,
dom1Kasumi_L06.mes,Script/dom1Kasumi_L06.mes,16,32,Yuri,ごめ~ん、用事思い出しちゃった.<6E5C>この続きはまた今度やろうね~,,
dom1Kasumi_L06.mes,Script/dom1Kasumi_L06.mes,17,10,Kasumi,あ、待て、極限流!,,
dom1Kasumi_L06.mes,Script/dom1Kasumi_L06.mes,18,43,주인공,(あ~ユリさん帰っちゃったよ.<6E5C>さすがの香澄も、ユリさんには<6E5C>かなわないみたいだな),,
dom1Kasumi_L06.mes,Script/dom1Kasumi_L06.mes,19,21,Yuri,だいじょうぶだよ、<이름:3232>くん.<6E5C>余裕ッチ!,,
dom1Kasumi_L06.mes,Script/dom1Kasumi_L06.mes,20,9,Kasumi,何を!極限流!!,,
dom1Kasumi_L06.mes,Script/dom1Kasumi_L06.mes,21,32,주인공,ユ、ユリさん……火に油を注ぐよう<6E5C>なこと言わないでくださいよ~,,
dom1Kasumi_L06.mes,Script/dom1Kasumi_L06.mes,22,22,Yuri,極限流の師範として、ここは引けな<6E5C>いでしょ,,
dom1Kasumi_L06.mes,Script/dom1Kasumi_L06.mes,23,42,주인공,師範ならこんなとこでストリート<6E5C>ファイトしないで、道場でちゃんと<6E5C>やりましょうよ!,,
dom1Kasumi_L06.mes,Script/dom1Kasumi_L06.mes,24,12,Yuri,う~ん、そうだなぁ……,,
dom1Kasumi_L06.mes,Script/dom1Kasumi_L06.mes,25,21,Kasumi,何をごちゃごちゃと!<6E5C>覚悟、よろしいか!,,
dom1Kasumi_L06.mes,Script/dom1Kasumi_L06.mes,26,3,Yuri,あ!,,
dom1Kasumi_L06.mes,Script/dom1Kasumi_L06.mes,27,9,Kasumi,何か!?極限流!,,
dom1Kasumi_L06.mes,Script/dom1Kasumi_L06.mes,28,32,Yuri,ごめ~ん、用事思い出しちゃった.<6E5C>この続きはまた今度やろうね~,,
dom1Kasumi_L06.mes,Script/dom1Kasumi_L06.mes,29,10,Kasumi,あ、待て、極限流!,,
dom1Kasumi_L06.mes,Script/dom1Kasumi_L06.mes,30,43,주인공,(あ~ユリさん帰っちゃったよ.<6E5C>さすがの香澄も、ユリさんには<6E5C>かなわないみたいだな),,
dom1Kasumi_L06.mes,Script/dom1Kasumi_L06.mes,31,32,주인공,(こ、これはもはや俺に止められる<6E5C>レベルの問題じゃないな……),,
dom1Kasumi_L06.mes,Script/dom1Kasumi_L06.mes,32,10,Kasumi,覚悟!竜巻槍打!!,,
dom1Kasumi_L06.mes,Script/dom1Kasumi_L06.mes,33,10,Yuri,甘いッチ!砕波!!,,
dom1Kasumi_L06.mes,Script/dom1Kasumi_L06.mes,34,9,[효과음/내레이션],ガガッ、バキッ!,,
dom1Kasumi_L06.mes,Script/dom1Kasumi_L06.mes,35,20,Yuri,今度はこっちから行くよー!<6E5C>虎煌拳!!,,
dom1Kasumi_L06.mes,Script/dom1Kasumi_L06.mes,36,10,Kasumi,なんの!白山挑!!,,
dom1Kasumi_L06.mes,Script/dom1Kasumi_L06.mes,37,9,[효과음/내레이션],ズカッ、バキッ!,,
dom1Kasumi_L06.mes,Script/dom1Kasumi_L06.mes,38,57,주인공,(うお~なんてレベルの高い<6E5C>攻防だよ!<485C>……でも、ユリさんのほうは<6E5C>なんかまだまだ余力を残してるって<6E5C>感じだな),,
dom1Kasumi_L06.mes,Script/dom1Kasumi_L06.mes,39,17,Kasumi,こうなったら奥義、重ね当てを……,,
dom1Kasumi_L06.mes,Script/dom1Kasumi_L06.mes,40,3,Yuri,あ!,,
dom1Kasumi_L06.mes,Script/dom1Kasumi_L06.mes,41,10,Kasumi,何か!?<020A>極限流!,,
dom1Kasumi_L06.mes,Script/dom1Kasumi_L06.mes,42,32,Yuri,ごめ~ん、用事思い出しちゃった.<6E5C>この続きはまた今度やろうね~,,
dom1Kasumi_L06.mes,Script/dom1Kasumi_L06.mes,43,10,Kasumi,あ、待て、極限流!,,
dom1Kasumi_L06.mes,Script/dom1Kasumi_L06.mes,44,42,주인공,(あ~ユリさん帰っちゃったよ<485C>さすがの香澄も、ユリさんにはかな<6E5C>わないみたいだな),,
dom1Kasumi_L07.mes,Script/dom1Kasumi_L07.mes,0,14,Kasumi,先輩、わたしはうれしいです,,
dom1Kasumi_L07.mes,Script/dom1Kasumi_L07.mes,1,4,주인공,何が?,,
dom1Kasumi_L07.mes,Script/dom1Kasumi_L07.mes,2,20,Kasumi,先輩が修行に誘ってくださるなん<6E5C>て……,,
dom1Kasumi_L07.mes,Script/dom1Kasumi_L07.mes,3,24,주인공,しゅ、修行!?<020A>そういうつもりで<6E5C>来たのかよ!,,
dom1Kasumi_L07.mes,Script/dom1Kasumi_L07.mes,4,8,Kasumi,違うんですか?,,
dom1Kasumi_L07.mes,Script/dom1Kasumi_L07.mes,5,22,주인공,い、いや、まぁべつにそれでもいい<6E5C>けど……,,
dom1Kasumi_L07.mes,Script/dom1Kasumi_L07.mes,6,19,주인공,(鈍いというか、<6E5C>純粋というか……),,
dom1Kasumi_L07.mes,Script/dom1Kasumi_L07.mes,7,4,UNKNOWN_21,<이름:3131>!,,
dom1Kasumi_L07.mes,Script/dom1Kasumi_L07.mes,8,14,주인공,(こ、この声はまさか……),,
dom1Kasumi_L07.mes,Script/dom1Kasumi_L07.mes,9,28,주인공,(やっぱり!なんだってこんな<6E5C>ところでこんな奴に……),,
dom1Kasumi_L07.mes,Script/dom1Kasumi_L07.mes,10,11,Kaidou,何やってんだぁ、<이름:3131>,,
dom1Kasumi_L07.mes,Script/dom1Kasumi_L07.mes,11,7,주인공,……お前こそ,,
dom1Kasumi_L07.mes,Script/dom1Kasumi_L07.mes,12,12,Kaidou,オレは極限流の合宿だよ,,
dom1Kasumi_L07.mes,Script/dom1Kasumi_L07.mes,13,24,Kasumi,極限流!?あなた、極限流に入門<6E5C>したのですか?,,
dom1Kasumi_L07.mes,Script/dom1Kasumi_L07.mes,14,15,Kaidou,お?おう.なんか文句あるかよ,,
dom1Kasumi_L07.mes,Script/dom1Kasumi_L07.mes,15,10,Kasumi,覚悟、よろしいか!,,
dom1Kasumi_L07.mes,Script/dom1Kasumi_L07.mes,16,3,Kaidou,は?,,
dom1Kasumi_L07.mes,Script/dom1Kasumi_L07.mes,17,7,주인공,(まずい!),,
dom1Kasumi_L07.mes,Script/dom1Kasumi_L07.mes,18,11,[선택지],香澄を止める様子を見る,,
dom1Kasumi_L07.mes,Script/dom1Kasumi_L07.mes,19,14,주인공,ちょ、ちょっと待て、香澄!,,
dom1Kasumi_L07.mes,Script/dom1Kasumi_L07.mes,20,15,Kasumi,先輩!どうして止めるんです!,,
dom1Kasumi_L07.mes,Script/dom1Kasumi_L07.mes,21,17,주인공,止めなきゃ大変なことになるからだ,,
dom1Kasumi_L07.mes,Script/dom1Kasumi_L07.mes,22,12,Kasumi,わたしが負けるとでも?,,
dom1Kasumi_L07.mes,Script/dom1Kasumi_L07.mes,23,17,주인공,いや、そういうことじゃなくて……,,
dom1Kasumi_L07.mes,Script/dom1Kasumi_L07.mes,24,39,Kaidou,なんだかわかんねえけど、<6E5C>ちょうどいい機会だ.ここで決着を<6E5C>つけようぜ、<이름:3131>,,
dom1Kasumi_L07.mes,Script/dom1Kasumi_L07.mes,25,29,주인공,今はお前の相手をしてる暇なんてな<6E5C>いんだよ.行こう、香澄,,
dom1Kasumi_L07.mes,Script/dom1Kasumi_L07.mes,26,11,Kasumi,先輩!<020A>わたしは……,,
dom1Kasumi_L07.mes,Script/dom1Kasumi_L07.mes,27,33,주인공,こいつを倒したって、極限流に勝っ<6E5C>たことにはならないよ.違うか?,,
dom1Kasumi_L07.mes,Script/dom1Kasumi_L07.mes,28,16,Kasumi,むむ……それは、そうですが……,,
dom1Kasumi_L07.mes,Script/dom1Kasumi_L07.mes,29,21,주인공,本当の極限流を倒すその時まで、<6E5C>修行だ!,,
dom1Kasumi_L07.mes,Script/dom1Kasumi_L07.mes,30,4,Kasumi,はい!,,
dom1Kasumi_L07.mes,Script/dom1Kasumi_L07.mes,31,10,주인공,よし、ダッシュだ!,,
dom1Kasumi_L07.mes,Script/dom1Kasumi_L07.mes,32,38,Kaidou,テメェ、逃げんのかよ!オレを無視<6E5C>するんじゃねえ!おい、戻って<6E5C>きやがれ!,,
dom1Kasumi_L07.mes,Script/dom1Kasumi_L07.mes,33,30,주인공,(結局、この日は香澄との熱血修行<6E5C>で終わってしまった……),,
dom1Kasumi_L07.mes,Script/dom1Kasumi_L07.mes,34,15,주인공,(どうせ止めても無駄だろう),,
dom1Kasumi_L07.mes,Script/dom1Kasumi_L07.mes,35,8,Kasumi,極限流、覚悟!,,
dom1Kasumi_L07.mes,Script/dom1Kasumi_L07.mes,36,16,Kaidou,う、うお!テメェ、何しやがる!,,
dom1Kasumi_L07.mes,Script/dom1Kasumi_L07.mes,37,7,[효과음/내레이션],ズズ~ンッ!,,
dom1Kasumi_L07.mes,Script/dom1Kasumi_L07.mes,38,15,주인공,(出たー!奥義、重ね当て!),,
dom1Kasumi_L07.mes,Script/dom1Kasumi_L07.mes,39,10,Kaidou,こ、このヤロウ……,,
dom1Kasumi_L07.mes,Script/dom1Kasumi_L07.mes,40,19,주인공,香澄、お前の勝ちだ.<6E5C>もういいだろう,,
dom1Kasumi_L07.mes,Script/dom1Kasumi_L07.mes,41,23,Kasumi,ですが先輩、まだ完全決着というわ<6E5C>けでは……,,
dom1Kasumi_L07.mes,Script/dom1Kasumi_L07.mes,42,33,주인공,こいつを倒したって、極限流に勝っ<6E5C>たことにはならないよ.違うか?,,
dom1Kasumi_L07.mes,Script/dom1Kasumi_L07.mes,43,16,Kasumi,むむ……それは、そうですが……,,
dom1Kasumi_L07.mes,Script/dom1Kasumi_L07.mes,44,21,주인공,本当の極限流を倒すその時まで、<6E5C>修行だ!,,
dom1Kasumi_L07.mes,Script/dom1Kasumi_L07.mes,45,4,Kasumi,はい!,,
dom1Kasumi_L07.mes,Script/dom1Kasumi_L07.mes,46,10,주인공,よし、ダッシュだ!,,
dom1Kasumi_L07.mes,Script/dom1Kasumi_L07.mes,47,38,Kaidou,テメェ、逃げんのかよ!オレを無視<6E5C>するんじゃねえ!おい、戻って<6E5C>きやがれ!,,
dom1Kasumi_L07.mes,Script/dom1Kasumi_L07.mes,48,30,주인공,(結局、この日は香澄との熱血修行<6E5C>で終わってしまった……),,
dom1Kasumi_L08.mes,Script/dom1Kasumi_L08.mes,0,9,[효과음/내레이션],♪ピピピピ……!,,
dom1Kasumi_L08.mes,Script/dom1Kasumi_L08.mes,1,26,주인공,(……今日も香澄と修行する羽目に<6E5C>なるんだろうか),,
dom1Kasumi_L08.mes,Script/dom1Kasumi_L08.mes,2,21,Kasumi,さあ、先輩、今日もしっかり稽古<6E5C>しますよ,,
dom1Kasumi_L08.mes,Script/dom1Kasumi_L08.mes,3,37,주인공,な、なぁ香澄.今日は休みってこと<6E5C>にして、せっかくだし海で泳がない<6E5C>か?,,
dom1Kasumi_L08.mes,Script/dom1Kasumi_L08.mes,4,3,Kasumi,……,,
dom1Kasumi_L08.mes,Script/dom1Kasumi_L08.mes,5,16,주인공,そ、そうだよな.そんなわけには,,
dom1Kasumi_L08.mes,Script/dom1Kasumi_L08.mes,6,7,Kasumi,わかりました,,
dom1Kasumi_L08.mes,Script/dom1Kasumi_L08.mes,7,3,주인공,へ?,,
dom1Kasumi_L08.mes,Script/dom1Kasumi_L08.mes,8,42,Kasumi,最近、先輩も真面目に稽古してくれ<6E5C>るようになりましたし、今日はお休<6E5C>みにしましょう,,
dom1Kasumi_L08.mes,Script/dom1Kasumi_L08.mes,9,30,주인공,マジで!?やったー!それじゃ、<6E5C>着替えて先に海に行ってるぞ,,
dom1Kasumi_L08.mes,Script/dom1Kasumi_L08.mes,10,7,Kasumi,わかりました,,
dom1Kasumi_L08.mes,Script/dom1Kasumi_L08.mes,11,22,주인공,(まさか普通に遊べるとは……<6E5C>ラッキー!),,
dom1Kasumi_L08.mes,Script/dom1Kasumi_L08.mes,12,14,주인공,(香澄のやつ、遅いな……),,
dom1Kasumi_L08.mes,Script/dom1Kasumi_L08.mes,13,3,Kasumi,先輩,,
dom1Kasumi_L08.mes,Script/dom1Kasumi_L08.mes,14,9,주인공,香澄、遅い……ぞ,,
dom1Kasumi_L08.mes,Script/dom1Kasumi_L08.mes,15,3,주인공,……,,
dom1Kasumi_L08.mes,Script/dom1Kasumi_L08.mes,16,29,Kasumi,そ、そんなに見ないでください.<6E5C>恥ずかしいじゃないですか,,
dom1Kasumi_L08.mes,Script/dom1Kasumi_L08.mes,17,22,주인공,いや、びっくりして…….<6E5C>よく似合ってるよ,,
dom1Kasumi_L08.mes,Script/dom1Kasumi_L08.mes,18,28,Kasumi,ほんとですか?嬉しいな……初め<6E5C>て先輩にほめられました,,
dom1Kasumi_L08.mes,Script/dom1Kasumi_L08.mes,19,9,주인공,馬子にも衣装……,,
dom1Kasumi_L08.mes,Script/dom1Kasumi_L08.mes,20,4,Kasumi,何か?,,
dom1Kasumi_L08.mes,Script/dom1Kasumi_L08.mes,21,31,주인공,い、いや.ほんと、すごく似合って<6E5C>るよ.なんだかいい休日だな,,
dom1Kasumi_L08.mes,Script/dom1Kasumi_L08.mes,22,16,Kasumi,たまにはこういうのもいいですね,,
dom1Kasumi_L08.mes,Script/dom1Kasumi_L08.mes,23,28,주인공,なんだかんだで、いつの間にか帰る<6E5C>時間になってしまった,,
dom1Kasumi_L08.mes,Script/dom1Kasumi_L08.mes,24,26,주인공,あっという間の二日間だったけど、<6E5C>楽しかったな……,,
dom1Kasumi_L09.mes,Script/dom1Kasumi_L09.mes,0,7,[효과음/내레이션],♪ピンポ~ン,,
dom1Kasumi_L09.mes,Script/dom1Kasumi_L09.mes,1,17,주인공,(ん……こんな朝早くから誰だ?),,
dom1Kasumi_L09.mes,Script/dom1Kasumi_L09.mes,2,13,Kasumi,おはようございます、先輩,,
dom1Kasumi_L09.mes,Script/dom1Kasumi_L09.mes,3,8,주인공,あれ、香澄……,,
dom1Kasumi_L09.mes,Script/dom1Kasumi_L09.mes,4,25,Kasumi,おや、まだ寝ぼけてますね.<6E5C>お誘いに来たんですよ,,
dom1Kasumi_L09.mes,Script/dom1Kasumi_L09.mes,5,8,주인공,……デートの?,,
dom1Kasumi_L09.mes,Script/dom1Kasumi_L09.mes,6,6,Kasumi,部活です!,,
dom1Kasumi_L09.mes,Script/dom1Kasumi_L09.mes,7,48,주인공,(う~ん、実は今日って、俺の誕生<6E5C>日なんだよな…….今日くらいは<6E5C>ゆっくり過ごしたいけど……),,
dom1Kasumi_L09.mes,Script/dom1Kasumi_L09.mes,8,8,주인공,なあ、香澄……,,
dom1Kasumi_L09.mes,Script/dom1Kasumi_L09.mes,9,22,[선택지],支度するから少し待って俺、今日は誕生日なんだ,,
dom1Kasumi_L09.mes,Script/dom1Kasumi_L09.mes,10,20,주인공,わかった.<6E5C>支度するから少し待ってくれ,,
dom1Kasumi_L09.mes,Script/dom1Kasumi_L09.mes,11,3,Kasumi,はい,,
dom1Kasumi_L09.mes,Script/dom1Kasumi_L09.mes,12,7,[효과음/내레이션],ごそごそ……,,
dom1Kasumi_L09.mes,Script/dom1Kasumi_L09.mes,13,36,Kasumi,おや、先輩.カレンダーに赤丸が<6E5C>ついていますね.今日は何か<6E5C>ご予定が?,,
dom1Kasumi_L09.mes,Script/dom1Kasumi_L09.mes,14,15,주인공,ああ.今日が誕生日なんだ、俺,,
dom1Kasumi_L09.mes,Script/dom1Kasumi_L09.mes,15,11,Kasumi,それはまことですか!,,
dom1Kasumi_L09.mes,Script/dom1Kasumi_L09.mes,16,5,주인공,あ、ああ,,
dom1Kasumi_L09.mes,Script/dom1Kasumi_L09.mes,17,53,Kasumi,おめでとうございます!でしたら、<6E5C>今日の部活はお休みにしましょう<485C>誕生日くらいはゆっくり過ごすも<6E5C>のです,,
dom1Kasumi_L09.mes,Script/dom1Kasumi_L09.mes,18,20,주인공,あ、ありがとう.ほんとうにいい<6E5C>のか?,,
dom1Kasumi_L09.mes,Script/dom1Kasumi_L09.mes,19,46,Kasumi,わたしとて鬼ではないですよ.なに<6E5C>かプレゼントをさしあげましょう、<6E5C>なにがよろしいですか?,,
dom1Kasumi_L09.mes,Script/dom1Kasumi_L09.mes,20,13,주인공,そうか…….だったら……,,
dom1Kasumi_L09.mes,Script/dom1Kasumi_L09.mes,21,10,Kasumi,先輩、ここって……,,
dom1Kasumi_L09.mes,Script/dom1Kasumi_L09.mes,22,47,주인공,ああ、香澄オススメのコロッケ屋さ<6E5C>んだ.ここのコロッケをプレゼント<6E5C>してもらおうかと思ってさ,,
dom1Kasumi_L09.mes,Script/dom1Kasumi_L09.mes,23,14,Kasumi,こんなものでいいんですか?,,
dom1Kasumi_L09.mes,Script/dom1Kasumi_L09.mes,24,29,주인공,俺は香澄がおいしそうにコロッケを<6E5C>食べる顔が好きなんだよ,,
dom1Kasumi_L09.mes,Script/dom1Kasumi_L09.mes,25,5,Kasumi,先輩……,,
dom1Kasumi_L09.mes,Script/dom1Kasumi_L09.mes,26,27,주인공,お姉さん、ミートとクリームの<6E5C>コロッケをひとつずつね,,
dom1Kasumi_L09.mes,Script/dom1Kasumi_L09.mes,27,4,UNKNOWN_2c,はいよ,,
dom1Kasumi_L09.mes,Script/dom1Kasumi_L09.mes,28,11,주인공,ほら.一緒に食べよう,,
dom1Kasumi_L09.mes,Script/dom1Kasumi_L09.mes,29,3,Kasumi,はい,,
dom1Kasumi_L09.mes,Script/dom1Kasumi_L09.mes,30,24,주인공,うまいなぁ.やっぱりここの<6E5C>コロッケは最高だな,,
dom1Kasumi_L09.mes,Script/dom1Kasumi_L09.mes,31,29,Kasumi,そうですね.わたしはやはりミート<6E5C>コロッケが一番好きです,,
dom1Kasumi_L09.mes,Script/dom1Kasumi_L09.mes,32,39,주인공,俺はクリームだな.この、外はサク<6E5C>サク、中はジューシーって加減が<6E5C>最高だよな,,
dom1Kasumi_L09.mes,Script/dom1Kasumi_L09.mes,33,9,Kasumi,フフ、そうですね,,
dom1Kasumi_L09.mes,Script/dom1Kasumi_L09.mes,34,23,주인공,(なんかほのぼのとしたいい誕生日<6E5C>だな……),,
dom1Kasumi_L09.mes,Script/dom1Kasumi_L09.mes,35,12,주인공,俺、今日は誕生日なんだ,,
dom1Kasumi_L09.mes,Script/dom1Kasumi_L09.mes,36,23,Kasumi,そ……そうですか.おめでとう<6E5C>ございます……,,
dom1Kasumi_L09.mes,Script/dom1Kasumi_L09.mes,37,26,주인공,今日くらい、ゆっくりさせてくれ<6E5C>ないかな.悪いけど,,
dom1Kasumi_L09.mes,Script/dom1Kasumi_L09.mes,38,14,Kasumi,そうですね……わかりました,,
dom1Kasumi_L09.mes,Script/dom1Kasumi_L09.mes,39,13,주인공,(悪いことしたかな……),,
dom1Kasumi_L10.mes,Script/dom1Kasumi_L10.mes,0,91,UNKNOWN_29,は<0000><0000><0000><0000><0002><000B><0003><0000><0018><0002><0029>ィ<0000><0000><0000><0000><0002><0026><0003><0000>ろ<0001><0011><0003><0000><0000><0000><0000><0006><000A><0005><0000><0000><0001><0018><000D><0000><0001><0000><0000><002A><0000><0000><0000><0000><0000><000E><0007><FFFF><0000><0000><0000><0006><004C><0001><0000><0000><0002><0006><0026><0001><0000><0000><0001><0000><0038><002C><0008>いよいよ、武道天覧会が近づいて<6E5C>きましたね,,
dom1Kasumi_L10.mes,Script/dom1Kasumi_L10.mes,1,3,주인공,ああ,,
dom1Kasumi_L10.mes,Script/dom1Kasumi_L10.mes,2,28,Kasumi,では、今日の稽古はここまで!<6E5C>先輩、一緒に帰りましょう,,
dom1Kasumi_L10.mes,Script/dom1Kasumi_L10.mes,3,3,주인공,おう,,
dom1Kasumi_L10.mes,Script/dom1Kasumi_L10.mes,4,9,Kasumi,むむ、怪しい気配,,
dom1Kasumi_L10.mes,Script/dom1Kasumi_L10.mes,5,9,UNKNOWN_0c,背中が甘~い!!,,
dom1Kasumi_L10.mes,Script/dom1Kasumi_L10.mes,6,11,UNKNOWN_0c,藤堂流奥義!重ね……,,
dom1Kasumi_L10.mes,Script/dom1Kasumi_L10.mes,7,7,Kasumi,重ね当て~!,,
dom1Kasumi_L10.mes,Script/dom1Kasumi_L10.mes,8,6,[효과음/내레이션],ズズ~ン!,,
dom1Kasumi_L10.mes,Script/dom1Kasumi_L10.mes,9,6,Kasumi,父さま!?,,
dom1Kasumi_L10.mes,Script/dom1Kasumi_L10.mes,10,15,UNKNOWN_0c,うむむ……腕を上げたな、香澄,,
dom1Kasumi_L10.mes,Script/dom1Kasumi_L10.mes,11,5,[효과음/내레이션],…………,,
dom1Kasumi_L10.mes,Script/dom1Kasumi_L10.mes,12,12,UNKNOWN_0c,ふぅ.まだ腰が痛むのう,,
dom1Kasumi_L10.mes,Script/dom1Kasumi_L10.mes,13,24,주인공,どういう親子だよ……久々の対面が<6E5C>あれって……,,
dom1Kasumi_L10.mes,Script/dom1Kasumi_L10.mes,14,21,Kasumi,父さま!今までどこへ行ってたん<6E5C>ですか!,,
dom1Kasumi_L10.mes,Script/dom1Kasumi_L10.mes,15,40,UNKNOWN_0c,わしに代わってお前を倒す人材を<6E5C>探しにだ.そしてわしはついに<6E5C>見つけた.海堂!,,
dom1Kasumi_L10.mes,Script/dom1Kasumi_L10.mes,16,3,Kaidou,おう,,
dom1Kasumi_L10.mes,Script/dom1Kasumi_L10.mes,17,11,주인공,お、お前がなんで……,,
dom1Kasumi_L10.mes,Script/dom1Kasumi_L10.mes,18,10,Kaidou,へっ、驚いたか<이름:3131>,,
dom1Kasumi_L10.mes,Script/dom1Kasumi_L10.mes,19,51,UNKNOWN_0c,この海堂には、お前にも教えていな<6E5C>い技を教えてある.5日後の武道天<6E5C>覧会で、その力を知ることになろう,,
dom1Kasumi_L10.mes,Script/dom1Kasumi_L10.mes,20,12,Kasumi,なにを馬鹿なことを……,,
dom1Kasumi_L10.mes,Script/dom1Kasumi_L10.mes,21,49,UNKNOWN_0c,馬鹿なことではない!よいか、海堂<6E5C>には、勝てばお前を嫁がせると言っ<6E5C>てある.心してかかるがよい!,,
dom1Kasumi_L10.mes,Script/dom1Kasumi_L10.mes,22,5,Kasumi,な……!,,
dom1Kasumi_L10.mes,Script/dom1Kasumi_L10.mes,23,47,Kasumi,父さまの妄執にはこれ以上つき合っ<6E5C>ていられません!大会を待たずと<6E5C>も、ここで決着をつけます!,,
dom1Kasumi_L10.mes,Script/dom1Kasumi_L10.mes,24,17,Kaidou,おっと、相手ならオレがしてやるよ,,
dom1Kasumi_L10.mes,Script/dom1Kasumi_L10.mes,25,8,Kasumi,邪魔をするな!,,
dom1Kasumi_L10.mes,Script/dom1Kasumi_L10.mes,26,10,주인공,……香澄、やめとけ,,
dom1Kasumi_L10.mes,Script/dom1Kasumi_L10.mes,27,16,Kasumi,先輩!どうして止めるんですか!,,
dom1Kasumi_L10.mes,Script/dom1Kasumi_L10.mes,28,11,주인공,……本番は5日後だろ,,
dom1Kasumi_L10.mes,Script/dom1Kasumi_L10.mes,29,5,Kasumi,しかし!,,
dom1Kasumi_L10.mes,Script/dom1Kasumi_L10.mes,30,35,UNKNOWN_0c,わっはっはっ!まだわからんのか<6E5C>香澄、その男の言わんとする<6E5C>ところが,,
dom1Kasumi_L10.mes,Script/dom1Kasumi_L10.mes,31,10,Kasumi,どういうことです?,,
dom1Kasumi_L10.mes,Script/dom1Kasumi_L10.mes,32,46,UNKNOWN_0c,今この海堂と仕合っても、お前では<6E5C>勝てぬと言っているのだ.なかなか<6E5C>見所のある男ではないか,,
dom1Kasumi_L10.mes,Script/dom1Kasumi_L10.mes,33,15,Kasumi,そんな……先輩、本当ですか?,,
dom1Kasumi_L10.mes,Script/dom1Kasumi_L10.mes,34,3,주인공,……,,
dom1Kasumi_L10.mes,Script/dom1Kasumi_L10.mes,35,10,Kasumi,……そうなんですね,,
dom1Kasumi_L10.mes,Script/dom1Kasumi_L10.mes,36,48,UNKNOWN_0c,修行が足りんようじゃな、香澄.<6E5C>あと5日でなにができるか、よく<6E5C>考えてみるんだな.行くぞ、海堂,,
dom1Kasumi_L10.mes,Script/dom1Kasumi_L10.mes,37,53,Kaidou,おい<이름:3131>.<6E5C>お前も大会に出るんだったよな?<485C>香澄の次はお前の番だ.<6E5C>せいぜい無駄な努力をして<6E5C>みるんだな,,
dom1Kasumi_L10.mes,Script/dom1Kasumi_L10.mes,38,23,Kasumi,先輩……本当に、今のままでは勝て<6E5C>ませんか?,,
dom1Kasumi_L10.mes,Script/dom1Kasumi_L10.mes,39,13,주인공,ああ.お前も、俺も……な,,
dom1Kasumi_L10.mes,Script/dom1Kasumi_L10.mes,40,13,Kasumi,そうですか.わかりました,,
dom1Kasumi_L10.mes,Script/dom1Kasumi_L10.mes,41,10,주인공,どうするつもりだ?,,
dom1Kasumi_L10.mes,Script/dom1Kasumi_L10.mes,42,33,Kasumi,あと5日あります.それまでに、必<6E5C>ず新たな奥義を体得してみせます,,
dom1Kasumi_L10.mes,Script/dom1Kasumi_L10.mes,43,17,주인공,そうか.なら俺もそれにつき合うよ,,
dom1Kasumi_L10.mes,Script/dom1Kasumi_L10.mes,44,16,Kasumi,いいんですか?練習嫌いの先輩が,,
dom1Kasumi_L10.mes,Script/dom1Kasumi_L10.mes,45,20,주인공,ひとりより、ふたりのほうがいい<6E5C>だろ?,,
dom1Kasumi_L10.mes,Script/dom1Kasumi_L10.mes,46,6,Kasumi,……はい!,,
dom1Kasumi_M01.mes,Script/dom1Kasumi_M01.mes,0,25,주인공,しかし親父さん、いざ探すとなると<6E5C>見つからないな,,
dom1Kasumi_M01.mes,Script/dom1Kasumi_M01.mes,1,24,Kasumi,そうですね、父さまの気は感じるん<6E5C>ですけど……,,
dom1Kasumi_M01.mes,Script/dom1Kasumi_M01.mes,2,15,주인공,案外、すぐ近くにいたりしてな,,
dom1Kasumi_M01.mes,Script/dom1Kasumi_M01.mes,3,4,Kasumi,まさか,,
dom1Kasumi_M01.mes,Script/dom1Kasumi_M01.mes,4,5,주인공,だよなぁ,,
dom1Kasumi_M01.mes,Script/dom1Kasumi_M01.mes,5,48,Kasumi,でも、こうしている今この時にも、<6E5C>父さまの気を身近に感じるのは、<6E5C>わたしが未熟なためでしょうか,,
dom1Kasumi_M01.mes,Script/dom1Kasumi_M01.mes,6,21,주인공,じつはただの寂しがり屋なんじゃ<6E5C>ねえの?,,
dom1Kasumi_M01.mes,Script/dom1Kasumi_M01.mes,7,34,Kasumi,そ、そんなことありません!<6E5C>極限流を倒すまでは、<6E5C>寂しいなどと……,,
dom1Kasumi_M01.mes,Script/dom1Kasumi_M01.mes,8,22,주인공,その言葉を閉けば、親父さん大喜び<6E5C>だろうな,,
dom1Kasumi_M01.mes,Script/dom1Kasumi_M01.mes,9,7,Kasumi,打倒極限流!,,
dom1Kasumi_M01.mes,Script/dom1Kasumi_M01.mes,10,10,주인공,おう、打倒極限流!,,
dom1Kasumi_M01.mes,Script/dom1Kasumi_M01.mes,11,9,UNKNOWN_0c,打倒極限流!!!,,
dom1Kasumi_M01.mes,Script/dom1Kasumi_M01.mes,12,10,주인공,なんだ?誰の声だ?,,
dom1Kasumi_M01.mes,Script/dom1Kasumi_M01.mes,13,22,Kasumi,さぁ?でも父さまの声に似ていた<6E5C>ような……,,
dom1Kasumi_M01.mes,Script/dom1Kasumi_M01.mes,14,27,주인공,(結局、香澄の親父さんは見つから<6E5C>ずじまいだったな),,
dom1Kasumi_O0727_0.mes,Script/dom1Kasumi_O0727_0.mes,0,21,주인공,ふう.……ものすごく早く起きて<6E5C>しまった,,
dom1Kasumi_O0727_0.mes,Script/dom1Kasumi_O0727_0.mes,1,16,주인공,携帯が点滅してる…….留守電?,,
dom1Kasumi_O0727_0.mes,Script/dom1Kasumi_O0727_0.mes,2,122,UNKNOWN_01,<0100><0002><0000><00F4><00E8><0003>アテナです.<이름:3232>、昨日は<6E5C>励ましてくれてありがとう……<485C>そうそう、色々なスケジュール、<6E5C>ちょっとだけ延期してもらうことに<6E5C>しました<485C>今月末くらいまで、自分の好きな<6E5C>ことさせてもらえるみたい<485C>たまには息抜きしないとね.<6E5C>じゃ、また!,,
dom1Kasumi_O0727_0.mes,Script/dom1Kasumi_O0727_0.mes,3,146,Mai,心配かけてごめんね、<이름:3232>君.<6E5C>でも、もう気にしないでほしいの<485C>自分で悩んで、自分で決めたこと<6E5C>だから……<485C>荷物の整理や何やらで、何週間かは<6E5C>そっちのアパートにいれそうです<485C>今度もし顔を合わせるときは、<6E5C>いつも通りの<이름:3232>君でいてね<485C>私も……私も、いつもの、お隣の<6E5C>お姉さんでいるから.約束よ?,,
dom1Kasumi_O0727_0.mes,Script/dom1Kasumi_O0727_0.mes,4,105,Yuri,こんばんは、ユリです.こないだは<6E5C>楽しかったね~!<485C>あれから、帰ったらイタリアからお<6E5C>兄ちゃんのお友達が来ててね.月末<6E5C>までは遊ぶ時間、減っちゃうかも<485C>でも、これからも道場には遊びにき<6E5C>てね!おやすみなさ~い,,
dom1Kasumi_O0727_0.mes,Script/dom1Kasumi_O0727_0.mes,5,122,UNKNOWN_01,<0100><0002><0000><00F4><00E8><0007>キングです.<이름:3131>くん、昨夜の<6E5C>メール、読ませてもらったよ<485C>……私のことは気にしなくていい.<6E5C>君には今、もっと大事なことが<6E5C>あるんだから<485C>昨日みせてくれた気合があれば、<6E5C>何があっても大丈夫だと思うよ.<6E5C>またお店にもおいで.じゃあ……,,
dom1Kasumi_O0727_0.mes,Script/dom1Kasumi_O0727_0.mes,6,94,Jenny,ジェニーよん★<6E5C>……<이름:3232>、ゴメンッ!<485C>今度のコンテストはメンバーの<6E5C>人数制限があるのを忘れてたわん<485C>ちょ~っとスタートは遅れるけど、<6E5C><이름:3232>とのセッションは来月からに<6E5C>するね!じゃ~ね~ん,,
dom1Kasumi_O0727_0.mes,Script/dom1Kasumi_O0727_0.mes,7,122,UNKNOWN_01,<0100><0002><0000><00F4><00E8><000A>……おい、<이름:3131>.寝てんのか.<6E5C>せっかくオレ様が電話してやってん<6E5C>のによ……<485C>まあいいや.クーラ、家に戻って<6E5C>きたらしいぜ<485C>兄貴が、お前は家にいろって言った<6E5C>らしい.早くも一件落着ってわけ<6E5C>だな<485C>いちおう報告してやったぜ.<6E5C>じゃあな,,
dom1Kasumi_O0727_0.mes,Script/dom1Kasumi_O0727_0.mes,8,76,Leona,レオナです.さっきは思わせぶり<6E5C>な態度で……ごめんなさい<485C>父と口論になってしまって……<6E5C>少し、興奮していたの<485C>もう大丈夫だから、忘れて.<6E5C>それじゃ……,,
dom1Kasumi_O0727_0.mes,Script/dom1Kasumi_O0727_0.mes,9,3,[효과음/내레이션],ピッ,,
dom1Kasumi_O0727_0.mes,Script/dom1Kasumi_O0727_0.mes,10,19,주인공,そうか…….<6E5C>これでよかったんだよな,,
dom1Kasumi_O0727_0.mes,Script/dom1Kasumi_O0727_0.mes,11,30,주인공,じゃあ、あと、俺に残っている<6E5C>問題は……ひとつだけだな……,,
dom1Kasumi_O0727_0.mes,Script/dom1Kasumi_O0727_0.mes,12,7,[효과음/내레이션],♪ピンポ~ン,,
dom1Kasumi_O0727_0.mes,Script/dom1Kasumi_O0727_0.mes,13,3,주인공,はい,,
dom1Kasumi_O0727_0.mes,Script/dom1Kasumi_O0727_0.mes,14,4,[효과음/내레이션],ガチャ,,
dom1Kasumi_O0727_0.mes,Script/dom1Kasumi_O0727_0.mes,15,6,주인공,おう、香澄,,
dom1Kasumi_O0727_0.mes,Script/dom1Kasumi_O0727_0.mes,16,13,Kasumi,おはようございます、先輩,,
dom1Kasumi_O0727_0.mes,Script/dom1Kasumi_O0727_0.mes,17,33,주인공,今日からの5日間、どうすれば少し<6E5C>でも強くなれるかを考えないとな,,
dom1Kasumi_O0727_0.mes,Script/dom1Kasumi_O0727_0.mes,18,63,Kasumi,残された時間は少ないですし、<6E5C>やみくもに稽古を重ねるより、<485C>新必殺技のヒントになりそうな<6E5C>情報を集めるというのはどうでしょう,,
dom1Kasumi_O0727_0.mes,Script/dom1Kasumi_O0727_0.mes,19,61,주인공,そうだな.時間は有意義に使わない<6E5C>とな.何か親父さんはヒントになり<6E5C>そうなものを残してないのか?<485C>巻き物とか、古文書とか,,
dom1Kasumi_O0727_0.mes,Script/dom1Kasumi_O0727_0.mes,20,37,Kasumi,ありません.あったとしても、<6E5C>父さまは字が下手だから読めない<6E5C>と思います,,
dom1Kasumi_O0727_0.mes,Script/dom1Kasumi_O0727_0.mes,21,58,주인공,そうか…….けど、海堂の急激な<6E5C>成長は、香澄の親父さんから教えを<6E5C>受けたことが原因だろ<485C>何かあるはずなんだよな……,,
dom1Kasumi_O0727_0.mes,Script/dom1Kasumi_O0727_0.mes,22,63,Kasumi,そういえば……一度父さまが話して<6E5C>いるのを閉いたことがあります<485C>重ね当てにはさらなる深みがある、<6E5C>と.たしか……超重ね当て!,,
dom1Kasumi_O0727_0.mes,Script/dom1Kasumi_O0727_0.mes,23,26,주인공,それだよ!海堂はその超重ね当てを<6E5C>伝授されたんだ!,,
dom1Kasumi_O0727_0.mes,Script/dom1Kasumi_O0727_0.mes,24,41,Kasumi,父さまは……どうしてわたしでは<6E5C>なく、あんな人に奥義を伝授したん<6E5C>でしょうか……,,
dom1Kasumi_O0727_0.mes,Script/dom1Kasumi_O0727_0.mes,25,41,주인공,う~ん……親父さんの失踪の原因と<6E5C>関係があったりして.何か心当たり<6E5C>はないのか?,,
dom1Kasumi_O0727_0.mes,Script/dom1Kasumi_O0727_0.mes,26,127,[선택지],<0104><00F8><0008>……その日はたしか、父さまと<6E5C>ふたりで稽古をしていて、わたしが<6E5C>重ね当てで父さまを斬り捨てた<485C>ところで、突然父さまが元気を<6E5C>なくして……<485C>次の日、修行に出るという置手紙<6E5C>だけを残して、姿を消して<6E5C>しまったんです<485C>それ以外に特に変わったこと<6E5C>は……,,
dom1Kasumi_O0727_0.mes,Script/dom1Kasumi_O0727_0.mes,27,5,주인공,それだよ,,
dom1Kasumi_O0727_0.mes,Script/dom1Kasumi_O0727_0.mes,28,3,Kasumi,え?,,
dom1Kasumi_O0727_0.mes,Script/dom1Kasumi_O0727_0.mes,29,36,주인공,え、じゃねぇよ.親父さんは、<6E5C>お前に負けたのが悔しくて<6E5C>家出したんだろ,,
dom1Kasumi_O0727_0.mes,Script/dom1Kasumi_O0727_0.mes,30,30,Kasumi,そんな……まさかそんな理由で<6E5C>家族を置いて家を出たとでも?,,
dom1Kasumi_O0727_0.mes,Script/dom1Kasumi_O0727_0.mes,31,15,주인공,あの親父なら、十分ありえる!,,
dom1Kasumi_O0727_0.mes,Script/dom1Kasumi_O0727_0.mes,32,13,Kasumi,むむ……否定できない……,,
dom1Kasumi_O0727_0.mes,Script/dom1Kasumi_O0727_0.mes,33,46,주인공,あ~なんか急にやる気がなくなった<6E5C>なぁ…….つまんない親子げんかに<6E5C>付き合わされただけかよ,,
dom1Kasumi_O0727_0.mes,Script/dom1Kasumi_O0727_0.mes,34,4,Kasumi,先輩!,,
dom1Kasumi_O0727_0.mes,Script/dom1Kasumi_O0727_0.mes,35,5,주인공,なんだよ,,
dom1Kasumi_O0727_0.mes,Script/dom1Kasumi_O0727_0.mes,36,42,Kasumi,昨日言ったことは、嘘だったんです<6E5C>か?その……ひとりより、ふたり<6E5C>のほうが……って,,
dom1Kasumi_O0727_0.mes,Script/dom1Kasumi_O0727_0.mes,37,32,주인공,は、恥ずかしいことを思い出させる<6E5C>なよ.……う、嘘じゃねぇけど,,
dom1Kasumi_O0727_0.mes,Script/dom1Kasumi_O0727_0.mes,38,7,Kasumi,よかった……,,
dom1Kasumi_O0727_0.mes,Script/dom1Kasumi_O0727_0.mes,39,3,주인공,……,,
dom1Kasumi_O0727_0.mes,Script/dom1Kasumi_O0727_0.mes,40,3,Kasumi,……,,
dom1Kasumi_O0727_0.mes,Script/dom1Kasumi_O0727_0.mes,41,40,주인공,よ、よし!<020A>とりあえず街へ出て、<6E5C>超重ね当てのヒントをくれそうな<6E5C>人を探そう!,,
dom1Kasumi_O0727_0.mes,Script/dom1Kasumi_O0727_0.mes,42,4,Kasumi,はい!,,
dom1Kasumi_O0727_1.mes,Script/dom1Kasumi_O0727_1.mes,0,22,주인공,(さて、何か知ってそうな人といえ<6E5C>ば……),,
dom1Kasumi_O0727_1.mes,Script/dom1Kasumi_O0727_1.mes,1,18,[선택지],舞さんかなキングさんかなユリさんかな,,
dom1Kasumi_O0727_1.mes,Script/dom1Kasumi_O0727_1.mes,2,13,[선택지],キングさんかなユリさんかな,,
dom1Kasumi_O0727_1.mes,Script/dom1Kasumi_O0727_1.mes,3,11,[선택지],舞さんかなユリさんかな,,
dom1Kasumi_O0727_1.mes,Script/dom1Kasumi_O0727_1.mes,4,25,UNKNOWN_29,<0144><0000><0000><0000><0000><0003><0000><0003><0003><0044><0001><0001><0020><000C><0000><0000><0000><0000><0000>ユリさんかな,,
dom1Kasumi_O0727_1.mes,Script/dom1Kasumi_O0727_1.mes,5,31,UNKNOWN_29,<0100><0000><0000><0000><0000><0003><0000><0003><0004><0074><0001><0001><002C><000A><000E><0000><0000><0000><0000>舞さんかなキングさんかな,,
dom1Kasumi_O0727_1.mes,Script/dom1Kasumi_O0727_1.mes,6,7,[선택지],キングさんかな,,
dom1Kasumi_O0727_1.mes,Script/dom1Kasumi_O0727_1.mes,7,5,[선택지],舞さんかな,,
dom1Kasumi_O0727_1.mes,Script/dom1Kasumi_O0727_1.mes,8,4,주인공,舞さん,,
dom1Kasumi_O0727_1.mes,Script/dom1Kasumi_O0727_1.mes,9,11,Mai,<이름:3232>君、どうしたの?,,
dom1Kasumi_O0727_1.mes,Script/dom1Kasumi_O0727_1.mes,10,21,주인공,舞さんの実家って、華道の家元です<6E5C>よね?,,
dom1Kasumi_O0727_1.mes,Script/dom1Kasumi_O0727_1.mes,11,7,Mai,そうだけど?,,
dom1Kasumi_O0727_1.mes,Script/dom1Kasumi_O0727_1.mes,12,14,주인공,華道の極意ってなんですか?,,
dom1Kasumi_O0727_1.mes,Script/dom1Kasumi_O0727_1.mes,13,37,Mai,極意?う~ん……急に言われても<6E5C>難しいわね.流派によっても違う<6E5C>だろうし,,
dom1Kasumi_O0727_1.mes,Script/dom1Kasumi_O0727_1.mes,14,8,주인공,そうですか……,,
dom1Kasumi_O0727_1.mes,Script/dom1Kasumi_O0727_1.mes,15,50,Mai,あ、でも昔お祖父さまが、“どの道<6E5C>も、たどり着く場所はすべて無であ<6E5C>る”って言ってたことがあったわ,,
dom1Kasumi_O0727_1.mes,Script/dom1Kasumi_O0727_1.mes,16,7,주인공,無……ですか,,
dom1Kasumi_O0727_1.mes,Script/dom1Kasumi_O0727_1.mes,17,14,Mai,どうしてそんなこと閉くの?,,
dom1Kasumi_O0727_1.mes,Script/dom1Kasumi_O0727_1.mes,18,31,주인공,今度の武道天覧会で、どうしても<6E5C>負けられない奴がいるからです,,
dom1Kasumi_O0727_1.mes,Script/dom1Kasumi_O0727_1.mes,19,28,Mai,そっか、いよいよ<이름:3232>君も本気に<6E5C>なったのね.がんばって,,
dom1Kasumi_O0727_1.mes,Script/dom1Kasumi_O0727_1.mes,20,14,주인공,はい!ありがとうございます,,
dom1Kasumi_O0727_1.mes,Script/dom1Kasumi_O0727_1.mes,21,24,Kasumi,先輩、どうしてあのようなことを<6E5C>閉いたんです?,,
dom1Kasumi_O0727_1.mes,Script/dom1Kasumi_O0727_1.mes,22,39,주인공,華道も武道も同じ道だろ.何か<6E5C>ヒントになることがあるんじゃ<6E5C>ないかと思ってさ,,
dom1Kasumi_O0727_1.mes,Script/dom1Kasumi_O0727_1.mes,23,10,Kasumi,そんなものですか?,,
dom1Kasumi_O0727_1.mes,Script/dom1Kasumi_O0727_1.mes,24,4,주인공,さあ?,,
dom1Kasumi_O0727_1.mes,Script/dom1Kasumi_O0727_1.mes,25,12,Kasumi,先輩!そんないい加減な,,
dom1Kasumi_O0727_1.mes,Script/dom1Kasumi_O0727_1.mes,26,21,주인공,そ、そんな怒るなよ.<6E5C>次、次行ってみよう,,
dom1Kasumi_O0727_1.mes,Script/dom1Kasumi_O0727_1.mes,27,7,King,いらっしゃい,,
dom1Kasumi_O0727_1.mes,Script/dom1Kasumi_O0727_1.mes,28,9,주인공,ども、キングさん,,
dom1Kasumi_O0727_1.mes,Script/dom1Kasumi_O0727_1.mes,29,16,King,ん、どうしたんだ?あらたまって,,
dom1Kasumi_O0727_1.mes,Script/dom1Kasumi_O0727_1.mes,30,38,주인공,キングさんに閉きたいことがあるん<6E5C>ですが、藤堂竜白って人、<6E5C>知ってますか?,,
dom1Kasumi_O0727_1.mes,Script/dom1Kasumi_O0727_1.mes,31,12,King,……藤堂って、香澄の?,,
dom1Kasumi_O0727_1.mes,Script/dom1Kasumi_O0727_1.mes,32,13,Kasumi,はい、わたしの父さまです,,
dom1Kasumi_O0727_1.mes,Script/dom1Kasumi_O0727_1.mes,33,13,King,まだ見つからないのかい?,,
dom1Kasumi_O0727_1.mes,Script/dom1Kasumi_O0727_1.mes,34,23,Kasumi,いえ……見つかるには見つかったの<6E5C>ですが……,,
dom1Kasumi_O0727_1.mes,Script/dom1Kasumi_O0727_1.mes,35,24,King,そう、訳ありか.それで、何が閉き<6E5C>たいんだい?,,
dom1Kasumi_O0727_1.mes,Script/dom1Kasumi_O0727_1.mes,36,30,주인공,香澄の親父さん、イリュージョンに<6E5C>来たことってないですか?,,
dom1Kasumi_O0727_1.mes,Script/dom1Kasumi_O0727_1.mes,37,4,King,あるよ,,
dom1Kasumi_O0727_1.mes,Script/dom1Kasumi_O0727_1.mes,38,7,Kasumi,本当ですか!,,
dom1Kasumi_O0727_1.mes,Script/dom1Kasumi_O0727_1.mes,39,15,King,ああ.でもけっこう前の話だよ,,
dom1Kasumi_O0727_1.mes,Script/dom1Kasumi_O0727_1.mes,40,9,주인공,よく覚えてますね,,
dom1Kasumi_O0727_1.mes,Script/dom1Kasumi_O0727_1.mes,41,12,King,印象的な人だったからね,,
dom1Kasumi_O0727_1.mes,Script/dom1Kasumi_O0727_1.mes,42,9,Kasumi,と、言いますと?,,
dom1Kasumi_O0727_1.mes,Script/dom1Kasumi_O0727_1.mes,43,93,King,夜にフラッとやってきて、最初は豪<6E5C>快に笑いながら飲んでたんだけど、<6E5C>だんだん無口になってね<485C>どうしたのかなと思って声をかけた<6E5C>ら、涙ながらに語り始めたんだ.<6E5C>うん、最後は大泣きだったな,,
dom1Kasumi_O0727_1.mes,Script/dom1Kasumi_O0727_1.mes,44,11,Kasumi,父さま……はしたない,,
dom1Kasumi_O0727_1.mes,Script/dom1Kasumi_O0727_1.mes,45,31,King,そう言うなよ、香澄.お父さん、<6E5C>香澄のことをずっと話してたよ,,
dom1Kasumi_O0727_1.mes,Script/dom1Kasumi_O0727_1.mes,46,8,Kasumi,わたしのこと?,,
dom1Kasumi_O0727_1.mes,Script/dom1Kasumi_O0727_1.mes,47,31,King,あの子は誰よりも負けず嫌いで、<6E5C>きっと強くなるって.ただ……,,
dom1Kasumi_O0727_1.mes,Script/dom1Kasumi_O0727_1.mes,48,4,Kasumi,ただ?,,
dom1Kasumi_O0727_1.mes,Script/dom1Kasumi_O0727_1.mes,49,51,King,優しすぎて最後の最後で人に気を<6E5C>遣うところがあるのが心配だ、<6E5C>って言ってたな<485C>勝ちに徹しきれないって,,
dom1Kasumi_O0727_1.mes,Script/dom1Kasumi_O0727_1.mes,50,10,Kasumi,そ、そんなこと……,,
dom1Kasumi_O0727_1.mes,Script/dom1Kasumi_O0727_1.mes,51,41,King,いや、いいんだよ、それで.その<6E5C>優しさが、誰にも負けない強さに<6E5C>変わることもある,,
dom1Kasumi_O0727_1.mes,Script/dom1Kasumi_O0727_1.mes,52,20,주인공,うん、俺も今のままの香澄でいいと<6E5C>思う,,
dom1Kasumi_O0727_1.mes,Script/dom1Kasumi_O0727_1.mes,53,5,Kasumi,先輩……,,
dom1Kasumi_O0727_1.mes,Script/dom1Kasumi_O0727_1.mes,54,31,King,……それで、ふたりはお父さんの<6E5C>思い出話を閉きに来たのかい?,,
dom1Kasumi_O0727_1.mes,Script/dom1Kasumi_O0727_1.mes,55,26,Kasumi,あ、いえ、そうではなくて、<6E5C>超重ね当てのことを……,,
dom1Kasumi_O0727_1.mes,Script/dom1Kasumi_O0727_1.mes,56,7,King,超重ね当て?,,
dom1Kasumi_O0727_1.mes,Script/dom1Kasumi_O0727_1.mes,57,16,주인공,ええ、藤堂流の奥義らしいんです,,
dom1Kasumi_O0727_1.mes,Script/dom1Kasumi_O0727_1.mes,58,47,King,そういえば……あの技さえ完成して<6E5C>いれば、極限流などに遅れは取らな<6E5C>かった、ってこぼしてたな,,
dom1Kasumi_O0727_1.mes,Script/dom1Kasumi_O0727_1.mes,59,24,주인공,もっと詳しく技について話してま<6E5C>せんでしたか?,,
dom1Kasumi_O0727_1.mes,Script/dom1Kasumi_O0727_1.mes,60,11,King,いや、そこまでは……,,
dom1Kasumi_O0727_1.mes,Script/dom1Kasumi_O0727_1.mes,61,8,주인공,そうですか……,,
dom1Kasumi_O0727_1.mes,Script/dom1Kasumi_O0727_1.mes,62,14,King,すまないな、役に立てなくて,,
dom1Kasumi_O0727_1.mes,Script/dom1Kasumi_O0727_1.mes,63,24,주인공,いや、とんでもない!興味深い話が<6E5C>閉けましたよ,,
dom1Kasumi_O0727_1.mes,Script/dom1Kasumi_O0727_1.mes,64,14,King,そうかい?それならいいけど,,
dom1Kasumi_O0727_1.mes,Script/dom1Kasumi_O0727_1.mes,65,26,Kasumi,先輩!こんなところに来て、<6E5C>どういうつもりですか!,,
dom1Kasumi_O0727_1.mes,Script/dom1Kasumi_O0727_1.mes,66,33,주인공,いや、だって、俺の知り合いの中で<6E5C>一番強いのってユリさんだし……,,
dom1Kasumi_O0727_1.mes,Script/dom1Kasumi_O0727_1.mes,67,29,Kasumi,だからといって、極限流などに<6E5C>助力を願うというのですか!,,
dom1Kasumi_O0727_1.mes,Script/dom1Kasumi_O0727_1.mes,68,53,주인공,ユリさんなら、香澄の親父さんの<6E5C>果し合いを見てるかもしれない<6E5C>だろ<485C>何かヒントがもらえるんじゃ<6E5C>ねえか?,,
dom1Kasumi_O0727_1.mes,Script/dom1Kasumi_O0727_1.mes,69,11,Kasumi,だからといって……!,,
dom1Kasumi_O0727_1.mes,Script/dom1Kasumi_O0727_1.mes,70,10,Yuri,何を騒いでるの~?,,
dom1Kasumi_O0727_1.mes,Script/dom1Kasumi_O0727_1.mes,71,5,주인공,ユリさん,,
dom1Kasumi_O0727_1.mes,Script/dom1Kasumi_O0727_1.mes,72,10,Kasumi,うむむ……極限流!,,
dom1Kasumi_O0727_1.mes,Script/dom1Kasumi_O0727_1.mes,73,22,Yuri,あれ、<이름:3232>くんじゃない.<6E5C>そっちの子は……,,
dom1Kasumi_O0727_1.mes,Script/dom1Kasumi_O0727_1.mes,74,17,Kasumi,藤堂香澄です!覚悟、よろしいか!,,
dom1Kasumi_O0727_1.mes,Script/dom1Kasumi_O0727_1.mes,75,53,주인공,ちょ、ちょっと待て!ケンカ売って<6E5C>どうするんだよ<485C>今は打倒海堂が先だろ.<6E5C>あいつの嫁さんになりたいのか?,,
dom1Kasumi_O0727_1.mes,Script/dom1Kasumi_O0727_1.mes,76,10,Kasumi,絶対にお断りです!,,
dom1Kasumi_O0727_1.mes,Script/dom1Kasumi_O0727_1.mes,77,10,주인공,じゃあ少し落ち着け,,
dom1Kasumi_O0727_1.mes,Script/dom1Kasumi_O0727_1.mes,78,5,Kasumi,……はい,,
dom1Kasumi_O0727_1.mes,Script/dom1Kasumi_O0727_1.mes,79,11,주인공,すみません、ユリさん,,
dom1Kasumi_O0727_1.mes,Script/dom1Kasumi_O0727_1.mes,80,38,Yuri,ん、気にしてないよ!それより、<6E5C>今日はどうしたの?ふたりでうち<6E5C>に出稽古?,,
dom1Kasumi_O0727_1.mes,Script/dom1Kasumi_O0727_1.mes,81,56,주인공,ええ、似たようなもんなんです<6E5C>けど、ちょっと閉きたいことが<6E5C>ありまして<485C>ユリさん、超重ね当てって<6E5C>知ってます?,,
dom1Kasumi_O0727_1.mes,Script/dom1Kasumi_O0727_1.mes,82,11,Yuri,うん、知ってるッチ!,,
dom1Kasumi_O0727_1.mes,Script/dom1Kasumi_O0727_1.mes,83,34,주인공,えぇ~っ!!ほんとですか!?そ、<6E5C>それで、どんな技だったんです!?,,
dom1Kasumi_O0727_1.mes,Script/dom1Kasumi_O0727_1.mes,84,9,Yuri,わかんないッチ!,,
dom1Kasumi_O0727_1.mes,Script/dom1Kasumi_O0727_1.mes,85,19,Kasumi,極限流!<6E5C>わたしたちを馬鹿にするな!,,
dom1Kasumi_O0727_1.mes,Script/dom1Kasumi_O0727_1.mes,86,39,주인공,お、落ち着けって香澄.ユリさん、<6E5C>どういうことです?さっき知って<6E5C>るって……,,
dom1Kasumi_O0727_1.mes,Script/dom1Kasumi_O0727_1.mes,87,46,Yuri,うん、名前だけはね.その子のお父<6E5C>さん、“超重ね当てー!”って叫ん<6E5C>だまま止まっちゃったの,,
dom1Kasumi_O0727_1.mes,Script/dom1Kasumi_O0727_1.mes,88,10,Kasumi,どういうことです?,,
dom1Kasumi_O0727_1.mes,Script/dom1Kasumi_O0727_1.mes,89,37,Yuri,“うぬぬ、しまった.この技はまだ<6E5C>未完成であったわ……”って言って<6E5C>たよ,,
dom1Kasumi_O0727_1.mes,Script/dom1Kasumi_O0727_1.mes,90,21,Kasumi,父さま……真剣勝負の場でなんと<6E5C>いう……,,
dom1Kasumi_O0727_1.mes,Script/dom1Kasumi_O0727_1.mes,91,10,주인공,どんだけうかつだよ,,
dom1Kasumi_O0727_1.mes,Script/dom1Kasumi_O0727_1.mes,92,42,Yuri,すっごい気合いだったから、技が<6E5C>完成してたらものすごいことに<6E5C>なってたんだろうね!,,
dom1Kasumi_O0727_1.mes,Script/dom1Kasumi_O0727_1.mes,93,5,Kasumi,……先輩,,
dom1Kasumi_O0727_1.mes,Script/dom1Kasumi_O0727_1.mes,94,3,주인공,ん?,,
dom1Kasumi_O0727_1.mes,Script/dom1Kasumi_O0727_1.mes,95,48,Kasumi,いくら極限流に馬鹿にされても、<6E5C>わたしにはもう父さまを援護する<6E5C>ことはできません…….無念です,,
dom1Kasumi_O0727_1.mes,Script/dom1Kasumi_O0727_1.mes,96,22,주인공,無念ですって…….俺もフォロー<6E5C>できねえよ,,
dom1Kasumi_O0727_1.mes,Script/dom1Kasumi_O0727_1.mes,97,7,Yuri,どうしたの?,,
dom1Kasumi_O0727_1.mes,Script/dom1Kasumi_O0727_1.mes,98,51,주인공,ああ、こっちの話です.それより、<6E5C>俺たち今、超重ね当てを体得するた<6E5C>めのヒントを探してるんですけど、,,
dom1Kasumi_O0727_1.mes,Script/dom1Kasumi_O0727_1.mes,99,27,주인공,果し合いを見てて何か気づいたこと<6E5C>ってありませんか?,,
dom1Kasumi_O0727_1.mes,Script/dom1Kasumi_O0727_1.mes,100,66,Yuri,気づいたことねぇ.なんか空気が<6E5C>違ったよ<485C>足元から風がまき起こるような……<6E5C>相手の技を全部巻き込んじゃいそう<6E5C>な、怖い風だったよぉ,,
dom1Kasumi_O0727_1.mes,Script/dom1Kasumi_O0727_1.mes,101,21,주인공,ユリさんが怖がるって……よっぽど<6E5C>ですね,,
dom1Kasumi_O0727_1.mes,Script/dom1Kasumi_O0727_1.mes,102,28,Yuri,相手の気の流れを、自分の気で巻き<6E5C>込んでいく感じで……,,
dom1Kasumi_O0727_1.mes,Script/dom1Kasumi_O0727_1.mes,103,30,주인공,相手の気を巻き込む、か.ありがと<6E5C>うございます、ユリさん!,,
dom1Kasumi_O0727_1.mes,Script/dom1Kasumi_O0727_1.mes,104,10,Yuri,どういたしまして!,,
dom1Kasumi_O0727_1.mes,Script/dom1Kasumi_O0727_1.mes,105,15,Kasumi,……ありがとう、ございました,,
dom1Kasumi_O0727_1.mes,Script/dom1Kasumi_O0727_1.mes,106,4,Yuri,うん!,,
dom1Kasumi_O0727_1.mes,Script/dom1Kasumi_O0727_1.mes,107,15,주인공,なんとなく、ヒントが見えたな,,
dom1Kasumi_O0727_1.mes,Script/dom1Kasumi_O0727_1.mes,108,10,Kasumi,気の流れ、ですか?,,
dom1Kasumi_O0727_1.mes,Script/dom1Kasumi_O0727_1.mes,109,36,주인공,ああ.相手の気を巻き込むっての<6E5C>が、大きなヒントになりそうな<6E5C>気がする,,
dom1Kasumi_O0727_1.mes,Script/dom1Kasumi_O0727_1.mes,110,26,Kasumi,そうですね.では、すぐにでも修行<6E5C>を始めましょう!,,
dom1Kasumi_O0727_1.mes,Script/dom1Kasumi_O0727_1.mes,111,6,주인공,修行か……,,
dom1Kasumi_O0727_1.mes,Script/dom1Kasumi_O0727_1.mes,112,4,Kasumi,何か?,,
dom1Kasumi_O0727_1.mes,Script/dom1Kasumi_O0727_1.mes,113,39,주인공,修行といえば、やっぱり山だよな.<6E5C>よし、いい場所があるから、そこへ<6E5C>行こう!,,
dom1Kasumi_O0727_1.mes,Script/dom1Kasumi_O0727_1.mes,114,4,Kasumi,はい!,,
dom1Kasumi_O0727_1.mes,Script/dom1Kasumi_O0727_1.mes,115,45,주인공,(こうして一日かけて情報を集めた<6E5C>俺たちは、修行に集中するため、<6E5C>街を離れることにした),,
dom1Kasumi_O0728.mes,Script/dom1Kasumi_O0728.mes,0,13,Kasumi,おはようございます、先輩,,
dom1Kasumi_O0728.mes,Script/dom1Kasumi_O0728.mes,1,13,주인공,おはよう.よく眠れたか?,,
dom1Kasumi_O0728.mes,Script/dom1Kasumi_O0728.mes,2,3,Kasumi,はい,,
dom1Kasumi_O0728.mes,Script/dom1Kasumi_O0728.mes,3,21,주인공,そうか.よし、それじゃ修行を<6E5C>始めようか,,
dom1Kasumi_O0728.mes,Script/dom1Kasumi_O0728.mes,4,21,Kasumi,具体的にはどういった修行をするん<6E5C>です?,,
dom1Kasumi_O0728.mes,Script/dom1Kasumi_O0728.mes,5,37,주인공,前に香澄に教わった重ね当ての<6E5C>極意に、もうひとつ手を加え<6E5C>ようと思うんだ,,
dom1Kasumi_O0728.mes,Script/dom1Kasumi_O0728.mes,6,9,Kasumi,と、言いますと?,,
dom1Kasumi_O0728.mes,Script/dom1Kasumi_O0728.mes,7,14,주인공,とりあえず、実践してみよう,,
dom1Kasumi_O0728.mes,Script/dom1Kasumi_O0728.mes,8,4,Kasumi,はい!,,
dom1Kasumi_O0728.mes,Script/dom1Kasumi_O0728.mes,9,11,주인공,まず、構えからだ……,,
dom1Kasumi_O0728.mes,Script/dom1Kasumi_O0728.mes,10,22,[선택지],拳に力を込める丹田に力を込める両足を踏ん張る,,
dom1Kasumi_O0728.mes,Script/dom1Kasumi_O0728.mes,11,31,Kasumi,先輩!そのような構えでは重ね当<6E5C>ては本来の力を発揮しません!,,
dom1Kasumi_O0728.mes,Script/dom1Kasumi_O0728.mes,12,29,주인공,そ、そうだったか?え~っと……<6E5C>どうするんだったかな……,,
dom1Kasumi_O0728.mes,Script/dom1Kasumi_O0728.mes,13,16,Kasumi,そうです、先輩!次は受けです!,,
dom1Kasumi_O0728.mes,Script/dom1Kasumi_O0728.mes,14,28,[선택지],流れにたゆたう落ち葉揺らぐことなき巨木すべてを見切る疾風,,
dom1Kasumi_O0728.mes,Script/dom1Kasumi_O0728.mes,15,56,Kasumi,先輩!重ね当ての極意は、相手の<6E5C>力をかわすのでも受け止めるのでも<6E5C>なく、受け流すことにあるんです!<485C>もう一度!,,
dom1Kasumi_O0728.mes,Script/dom1Kasumi_O0728.mes,16,22,주인공,かわすでもなく、受け止めるでも<6E5C>なく……か,,
dom1Kasumi_O0728.mes,Script/dom1Kasumi_O0728.mes,17,31,주인공,丹田に力を込め、されど体は流れに<6E5C>たゆたう落ち葉のごとく……,,
dom1Kasumi_O0728.mes,Script/dom1Kasumi_O0728.mes,18,13,Kasumi,そうです、先輩!最後は!,,
dom1Kasumi_O0728.mes,Script/dom1Kasumi_O0728.mes,19,25,[선택지],気を開放する気合い一閃カウンター気持ちを込めて祈る,,
dom1Kasumi_O0728.mes,Script/dom1Kasumi_O0728.mes,20,44,Kasumi,なんですかそれは!そんなことで<6E5C>は超重ね当てはおろか、重ね当て<6E5C>すらおぼつきませんよ!,,
dom1Kasumi_O0728.mes,Script/dom1Kasumi_O0728.mes,21,13,주인공,わ、悪い.次は真剣に……,,
dom1Kasumi_O0728.mes,Script/dom1Kasumi_O0728.mes,22,23,주인공,相手の攻撃を受け流しつつ……気を<6E5C>開放する!,,
dom1Kasumi_O0728.mes,Script/dom1Kasumi_O0728.mes,23,6,[효과음/내레이션],ドドーン!,,
dom1Kasumi_O0728.mes,Script/dom1Kasumi_O0728.mes,24,20,Kasumi,そうです、先輩!完璧な重ね当て<6E5C>です!,,
dom1Kasumi_O0728.mes,Script/dom1Kasumi_O0728.mes,25,40,주인공,よし、これでユリさんから閉いた、<6E5C>相手の気を巻き込むタイミングが<6E5C>わかれば……,,
dom1Kasumi_O0728.mes,Script/dom1Kasumi_O0728.mes,26,13,Kasumi,超重ね当ての完成ですね!,,
dom1Kasumi_O0728.mes,Script/dom1Kasumi_O0728.mes,27,8,주인공,そういうことだ,,
dom1Kasumi_O0728.mes,Script/dom1Kasumi_O0728.mes,28,16,Kasumi,では、早速修行を始めましょう!,,
dom1Kasumi_O0728.mes,Script/dom1Kasumi_O0728.mes,29,71,주인공,ちょっと待った.やみくもにやって<6E5C>もダメだって言ったのは香澄だろ<485C>少し落ち着いて、どのタイミングで<6E5C>相手の気を巻き込めばいいのかを<6E5C>考えよう,,
dom1Kasumi_O0728.mes,Script/dom1Kasumi_O0728.mes,30,25,Kasumi,そ、そうですね……つい気がはやっ<6E5C>てしまって……,,
dom1Kasumi_O0728.mes,Script/dom1Kasumi_O0728.mes,31,15,주인공,考えられるタイミングは4つだ,,
dom1Kasumi_O0728.mes,Script/dom1Kasumi_O0728.mes,32,25,Kasumi,構えの前、受けの前、開放の前、<6E5C>開放の後、ですね,,
dom1Kasumi_O0728.mes,Script/dom1Kasumi_O0728.mes,33,55,주인공,そうだ.<6E5C>そのどこかのタイミングで相手の<6E5C>気を巻き込むことができれば、<485C>重ね当ての威力は飛躍的に<6E5C>増すはずだ,,
dom1Kasumi_O0728.mes,Script/dom1Kasumi_O0728.mes,34,20,Kasumi,先輩はどのタイミングだと<6E5C>思いますか?,,
dom1Kasumi_O0728.mes,Script/dom1Kasumi_O0728.mes,35,7,주인공,そうだな……,,
dom1Kasumi_O0728.mes,Script/dom1Kasumi_O0728.mes,36,16,[선택지],構えの前受けの前開放の前開放の後,,
dom1Kasumi_O0728.mes,Script/dom1Kasumi_O0728.mes,37,12,주인공,やっぱり、構えの前かな,,
dom1Kasumi_O0728.mes,Script/dom1Kasumi_O0728.mes,38,6,Kasumi,なぜです?,,
dom1Kasumi_O0728.mes,Script/dom1Kasumi_O0728.mes,39,50,주인공,機先を制して相手の気を飲み込むこ<6E5C>とで、相手の動きを御して、自分の<6E5C>ペースに持ち込める気がするんだ,,
dom1Kasumi_O0728.mes,Script/dom1Kasumi_O0728.mes,40,21,Kasumi,わかりました.それではやって<6E5C>みましょう,,
dom1Kasumi_O0728.mes,Script/dom1Kasumi_O0728.mes,41,17,주인공,よし!香澄、闘気を開放してくれ!,,
dom1Kasumi_O0728.mes,Script/dom1Kasumi_O0728.mes,42,10,Kasumi,はい!<020A>うむむ……,,
dom1Kasumi_O0728.mes,Script/dom1Kasumi_O0728.mes,43,37,주인공,さ、さすが香澄.すごい気だな.<6E5C>これは気を抜くとただじゃすま<6E5C>ないぞ……,,
dom1Kasumi_O0728.mes,Script/dom1Kasumi_O0728.mes,44,8,Kasumi,先輩!どうぞ!,,
dom1Kasumi_O0728.mes,Script/dom1Kasumi_O0728.mes,45,58,주인공,よし、相手の気を巻き込み……丹田<6E5C>に力を込め、たゆたう落ち葉のよう<6E5C>に受け、気を開放する!<485C>いくぞ、超重ね当て!!,,
dom1Kasumi_O0728.mes,Script/dom1Kasumi_O0728.mes,46,6,[효과음/내레이션],ドドーン!,,
dom1Kasumi_O0728.mes,Script/dom1Kasumi_O0728.mes,47,3,주인공,……,,
dom1Kasumi_O0728.mes,Script/dom1Kasumi_O0728.mes,48,3,Kasumi,……,,
dom1Kasumi_O0728.mes,Script/dom1Kasumi_O0728.mes,49,10,주인공,……えっと、今のは,,
dom1Kasumi_O0728.mes,Script/dom1Kasumi_O0728.mes,50,13,Kasumi,はい、普通の重ね当てです,,
dom1Kasumi_O0728.mes,Script/dom1Kasumi_O0728.mes,51,6,주인공,失敗か~!,,
dom1Kasumi_O0728.mes,Script/dom1Kasumi_O0728.mes,52,11,Kasumi,先輩、もう一度です!,,
dom1Kasumi_O0728.mes,Script/dom1Kasumi_O0728.mes,53,11,주인공,よ、よし、今度こそ!,,
dom1Kasumi_O0728.mes,Script/dom1Kasumi_O0728.mes,54,18,UNKNOWN_01,G<0001><0000><0024><0018><0002>やっぱり、受けの前かな,,
dom1Kasumi_O0728.mes,Script/dom1Kasumi_O0728.mes,55,6,Kasumi,なぜです?,,
dom1Kasumi_O0728.mes,Script/dom1Kasumi_O0728.mes,56,64,주인공,相手の攻撃を受ける前に、相手の<6E5C>気を飲み込んでしまえば、相手を<6E5C>意のままに操って<485C>こっちの攻撃を当てる<6E5C>ことができると思うんだ,,
dom1Kasumi_O0728.mes,Script/dom1Kasumi_O0728.mes,57,19,Kasumi,なるほど.それではやってみま<6E5C>しょう,,
dom1Kasumi_O0728.mes,Script/dom1Kasumi_O0728.mes,58,17,주인공,よし!香澄、闘気を開放してくれ!,,
dom1Kasumi_O0728.mes,Script/dom1Kasumi_O0728.mes,59,10,Kasumi,はい!<020A>うむむ……,,
dom1Kasumi_O0728.mes,Script/dom1Kasumi_O0728.mes,60,37,주인공,さ、さすが香澄.すごい気だな.<6E5C>これは気を抜くとただじゃすま<6E5C>ないぞ……,,
dom1Kasumi_O0728.mes,Script/dom1Kasumi_O0728.mes,61,8,Kasumi,先輩!どうぞ!,,
dom1Kasumi_O0728.mes,Script/dom1Kasumi_O0728.mes,62,58,주인공,よし、丹田に力を込め、相手の気を<6E5C>巻き込み……たゆたう落ち葉のよう<6E5C>に受け、気を開放する!<6E5C>いくぞ、超重ね当て!!,,
dom1Kasumi_O0728.mes,Script/dom1Kasumi_O0728.mes,63,6,[효과음/내레이션],ドドーン!,,
dom1Kasumi_O0728.mes,Script/dom1Kasumi_O0728.mes,64,3,주인공,……,,
dom1Kasumi_O0728.mes,Script/dom1Kasumi_O0728.mes,65,3,Kasumi,……,,
dom1Kasumi_O0728.mes,Script/dom1Kasumi_O0728.mes,66,10,주인공,……えっと、今のは,,
dom1Kasumi_O0728.mes,Script/dom1Kasumi_O0728.mes,67,13,Kasumi,はい、普通の重ね当てです,,
dom1Kasumi_O0728.mes,Script/dom1Kasumi_O0728.mes,68,6,주인공,失敗か~!,,
dom1Kasumi_O0728.mes,Script/dom1Kasumi_O0728.mes,69,11,Kasumi,先輩、もう一度です!,,
dom1Kasumi_O0728.mes,Script/dom1Kasumi_O0728.mes,70,11,주인공,よ、よし、今度こそ!,,
dom1Kasumi_O0728.mes,Script/dom1Kasumi_O0728.mes,71,24,주인공,ぇ<0001><0007><0011><0002><0000><0000><0001><0000><0024><0018><0002>やっぱり、開放の前かな,,
dom1Kasumi_O0728.mes,Script/dom1Kasumi_O0728.mes,72,6,Kasumi,なぜです?,,
dom1Kasumi_O0728.mes,Script/dom1Kasumi_O0728.mes,73,70,주인공,気の開放の前に相手の気を巻き込ん<6E5C>で、巨大な気のかたまりを生み出し<6E5C>て、威力を高めて打ち込むことが<485C>超重ね当ての極意じゃないかと<6E5C>思うんだ,,
dom1Kasumi_O0728.mes,Script/dom1Kasumi_O0728.mes,74,16,Kasumi,むむ……先輩がもっともな意見を,,
dom1Kasumi_O0728.mes,Script/dom1Kasumi_O0728.mes,75,21,주인공,うるせぇ.俺だってたまには考え<6E5C>るんだよ,,
dom1Kasumi_O0728.mes,Script/dom1Kasumi_O0728.mes,76,15,Kasumi,では、早速やってみましょう!,,
dom1Kasumi_O0728.mes,Script/dom1Kasumi_O0728.mes,77,17,주인공,よし、香澄、闘気を開放してくれ!,,
dom1Kasumi_O0728.mes,Script/dom1Kasumi_O0728.mes,78,10,Kasumi,はい!<020A>うむむ……,,
dom1Kasumi_O0728.mes,Script/dom1Kasumi_O0728.mes,79,37,주인공,さ、さすが香澄.すごい気だな.<6E5C>これは気を抜くとただじゃすま<6E5C>ないぞ……,,
dom1Kasumi_O0728.mes,Script/dom1Kasumi_O0728.mes,80,8,Kasumi,先輩!どうぞ!,,
dom1Kasumi_O0728.mes,Script/dom1Kasumi_O0728.mes,81,58,주인공,よし、丹田に力を込め、たゆたう落<6E5C>ち葉のように受け、相手の気を巻き<6E5C>込み……気を開放する!<485C>いくぞ、超重ね当て!!,,
dom1Kasumi_O0728.mes,Script/dom1Kasumi_O0728.mes,82,9,[효과음/내레이션],ズドォォォン!!,,
dom1Kasumi_O0728.mes,Script/dom1Kasumi_O0728.mes,83,5,Kasumi,きゃー!,,
dom1Kasumi_O0728.mes,Script/dom1Kasumi_O0728.mes,84,4,주인공,香澄!,,
dom1Kasumi_O0728.mes,Script/dom1Kasumi_O0728.mes,85,6,Kasumi,いたた……,,
dom1Kasumi_O0728.mes,Script/dom1Kasumi_O0728.mes,86,13,주인공,香澄!だいじょうぶか!?,,
dom1Kasumi_O0728.mes,Script/dom1Kasumi_O0728.mes,87,10,Kasumi,はい、なんとか……,,
dom1Kasumi_O0728.mes,Script/dom1Kasumi_O0728.mes,88,23,주인공,ごめん、初めての技で力加減がわか<6E5C>らなくてさ,,
dom1Kasumi_O0728.mes,Script/dom1Kasumi_O0728.mes,89,39,Kasumi,わたしはだいじょうぶです.それよ<6E5C>り、ついに技が完成したのではない<6E5C>ですか?,,
dom1Kasumi_O0728.mes,Script/dom1Kasumi_O0728.mes,90,20,주인공,ああ、おそらく今のが超重ね当てだ<6E5C>ろう,,
dom1Kasumi_O0728.mes,Script/dom1Kasumi_O0728.mes,91,11,Kasumi,やりましたね、先輩!,,
dom1Kasumi_O0728.mes,Script/dom1Kasumi_O0728.mes,92,37,주인공,香澄のおかげだ.お前がいなかった<6E5C>ら、俺はここまでたどり着けな<6E5C>かったよ,,
dom1Kasumi_O0728.mes,Script/dom1Kasumi_O0728.mes,93,5,Kasumi,先輩……,,
dom1Kasumi_O0728.mes,Script/dom1Kasumi_O0728.mes,94,9,주인공,ありがとう、香澄,,
dom1Kasumi_O0728.mes,Script/dom1Kasumi_O0728.mes,95,13,Kasumi,……いえ、わたしの方こそ,,
dom1Kasumi_O0728.mes,Script/dom1Kasumi_O0728.mes,96,3,주인공,……,,
dom1Kasumi_O0728.mes,Script/dom1Kasumi_O0728.mes,97,3,Kasumi,……,,
dom1Kasumi_O0728.mes,Script/dom1Kasumi_O0728.mes,98,17,주인공,あのさ香澄……俺、お前のこと……,,
dom1Kasumi_O0728.mes,Script/dom1Kasumi_O0728.mes,99,25,Kasumi,待ってください!その言葉はまだ<6E5C>早いですよ、先輩,,
dom1Kasumi_O0728.mes,Script/dom1Kasumi_O0728.mes,100,34,Kasumi,父さまと海堂さんを倒した後に……<6E5C>その言葉の続きを閉かせてください,,
dom1Kasumi_O0728.mes,Script/dom1Kasumi_O0728.mes,101,25,주인공,そうだな.たしかにまだ何も終わっ<6E5C>ちゃいないよな,,
dom1Kasumi_O0728.mes,Script/dom1Kasumi_O0728.mes,102,45,Kasumi,そうです!次はわたしが超重ね当て<6E5C>を体得しなくては!先輩、ご指導、<6E5C>よろしくお願いします,,
dom1Kasumi_O0728.mes,Script/dom1Kasumi_O0728.mes,103,38,주인공,おう!でも、今日はここまでにし<6E5C>よう.もう日も募れたし、お互い<6E5C>ボロボロだ,,
dom1Kasumi_O0728.mes,Script/dom1Kasumi_O0728.mes,104,10,Kasumi,ふふ、ほんとですね,,
dom1Kasumi_O0728.mes,Script/dom1Kasumi_O0728.mes,105,33,주인공,明日も朝早いし、今日はゆっくり<6E5C>温泉にでも入って、明日に備えよう,,
dom1Kasumi_O0728.mes,Script/dom1Kasumi_O0728.mes,106,4,Kasumi,はい!,,
dom1Kasumi_O0728.mes,Script/dom1Kasumi_O0728.mes,107,12,주인공,やっぱり、開放の後かな,,
dom1Kasumi_O0728.mes,Script/dom1Kasumi_O0728.mes,108,50,Kasumi,先輩……気を開放したところで技は<6E5C>終わりですよ.その後に相手の気を<6E5C>巻き込んでも意味がないのでは?,,
dom1Kasumi_O0728.mes,Script/dom1Kasumi_O0728.mes,109,16,주인공,そ、そうか!俺としたことが……,,
dom1Kasumi_O0728.mes,Script/dom1Kasumi_O0728.mes,110,9,Kasumi,俺としたことが?,,
dom1Kasumi_O0728.mes,Script/dom1Kasumi_O0728.mes,111,5,주인공,なんだよ,,
dom1Kasumi_O0728.mes,Script/dom1Kasumi_O0728.mes,112,7,Kasumi,いえ、べつに,,
dom1Kasumi_O0728.mes,Script/dom1Kasumi_O0728.mes,113,24,주인공,なんだよ、悪かったよ.どうせ俺は<6E5C>ダメな男だよ,,
dom1Kasumi_O0728.mes,Script/dom1Kasumi_O0728.mes,114,13,Kasumi,いえ、誰もそこまでは……,,
dom1Kasumi_O0728.mes,Script/dom1Kasumi_O0728.mes,115,22,주인공,いいよ.時間がないんだ、次行って<6E5C>みよう!,,
dom1Kasumi_O0729_0.mes,Script/dom1Kasumi_O0729_0.mes,0,5,주인공,(……),,
dom1Kasumi_O0729_0.mes,Script/dom1Kasumi_O0729_0.mes,1,5,[효과음/내레이션],ズズン!,,
dom1Kasumi_O0729_0.mes,Script/dom1Kasumi_O0729_0.mes,2,9,주인공,(な、なんだ?),,
dom1Kasumi_O0729_0.mes,Script/dom1Kasumi_O0729_0.mes,3,10,주인공,(あ、あれは……),,
dom1Kasumi_O0729_0.mes,Script/dom1Kasumi_O0729_0.mes,4,15,Kasumi,あ、先輩.おはようございます,,
dom1Kasumi_O0729_0.mes,Script/dom1Kasumi_O0729_0.mes,5,24,주인공,おはようじゃねえよ.<6E5C>朝早くから何やってんだ?,,
dom1Kasumi_O0729_0.mes,Script/dom1Kasumi_O0729_0.mes,6,35,Kasumi,はい.少しでも早く超重ね当てを<6E5C>体得しようと思って、<6E5C>稽古してました,,
dom1Kasumi_O0729_0.mes,Script/dom1Kasumi_O0729_0.mes,7,19,주인공,ん?お前、その右腕はどうし<6E5C>たんだ?,,
dom1Kasumi_O0729_0.mes,Script/dom1Kasumi_O0729_0.mes,8,35,Kasumi,あ、これですか?技を出す呼吸を<6E5C>間違えて、少しひねってしまい<6E5C>ました,,
dom1Kasumi_O0729_0.mes,Script/dom1Kasumi_O0729_0.mes,9,6,[선택지],怒る心配する,,
dom1Kasumi_O0729_0.mes,Script/dom1Kasumi_O0729_0.mes,10,31,주인공,この大事な時期に何をやってん<6E5C>だよ.自己管理も大切な修行だろ,,
dom1Kasumi_O0729_0.mes,Script/dom1Kasumi_O0729_0.mes,11,8,Kasumi,……すみません,,
dom1Kasumi_O0729_0.mes,Script/dom1Kasumi_O0729_0.mes,12,37,주인공,ったく……もうひとりでの稽古は<6E5C>ダメだぞ.<6E5C>香澄はすぐにムチャするからな,,
dom1Kasumi_O0729_0.mes,Script/dom1Kasumi_O0729_0.mes,13,11,주인공,だいじょうぶなのか?,,
dom1Kasumi_O0729_0.mes,Script/dom1Kasumi_O0729_0.mes,14,15,Kasumi,ええ、大したことはありません,,
dom1Kasumi_O0729_0.mes,Script/dom1Kasumi_O0729_0.mes,15,49,주인공,そうか……それならいいけど.<6E5C>でも、もうひとりでの稽古は<6E5C>ダメだぞ<485C>香澄はすぐにムチャするからな,,
dom1Kasumi_O0729_0.mes,Script/dom1Kasumi_O0729_0.mes,16,3,Kasumi,はい,,
dom1Kasumi_O0729_0.mes,Script/dom1Kasumi_O0729_0.mes,17,26,주인공,よし.それじゃ秘密特訓の成果を<6E5C>見せてもらおうかな,,
dom1Kasumi_O0729_0.mes,Script/dom1Kasumi_O0729_0.mes,18,16,Kasumi,わかりました.いきますよ、先輩,,
dom1Kasumi_O0729_0.mes,Script/dom1Kasumi_O0729_0.mes,19,4,주인공,おう!,,
dom1Kasumi_O0729_0.mes,Script/dom1Kasumi_O0729_0.mes,20,48,Kasumi,丹田に力を込め、たゆたう落ち葉の<6E5C>ように受け、相手の気を巻き込み…<6E5C>…気を開放する!<485C>ヤアー!,,
dom1Kasumi_O0729_0.mes,Script/dom1Kasumi_O0729_0.mes,21,9,[효과음/내레이션],ズドォォォン!!,,
dom1Kasumi_O0729_0.mes,Script/dom1Kasumi_O0729_0.mes,22,7,주인공,うわあぁぁ!,,
dom1Kasumi_O0729_0.mes,Script/dom1Kasumi_O0729_0.mes,23,4,Kasumi,先輩!,,
dom1Kasumi_O0729_0.mes,Script/dom1Kasumi_O0729_0.mes,24,38,주인공,だ、だいじょうぶだ.それより、<6E5C>すごいじゃないか香澄.<6E5C>完璧な超重ね当てだ,,
dom1Kasumi_O0729_0.mes,Script/dom1Kasumi_O0729_0.mes,25,12,Kasumi,ありがとうございます!,,
dom1Kasumi_O0729_0.mes,Script/dom1Kasumi_O0729_0.mes,26,40,주인공,これで親父さんと海堂に追いついた<6E5C>な.あとは残りの時間でさらに技を<6E5C>磨けば……,,
dom1Kasumi_O0729_0.mes,Script/dom1Kasumi_O0729_0.mes,27,13,Kasumi,わたしたちの勝利ですね!,,
dom1Kasumi_O0729_0.mes,Script/dom1Kasumi_O0729_0.mes,28,8,주인공,そういうことだ,,
dom1Kasumi_O0729_0.mes,Script/dom1Kasumi_O0729_0.mes,29,30,Kasumi,では、早速修行を再開……と言いた<6E5C>いところなのですが、先輩,,
dom1Kasumi_O0729_0.mes,Script/dom1Kasumi_O0729_0.mes,30,6,주인공,どうした?,,
dom1Kasumi_O0729_0.mes,Script/dom1Kasumi_O0729_0.mes,31,45,Kasumi,わたし、どうしても行きたいところ<6E5C>があって、修行は夕方からという<6E5C>ことでよろしいですか?,,
dom1Kasumi_O0729_0.mes,Script/dom1Kasumi_O0729_0.mes,32,37,주인공,香澄がそんなこと言うなんてめずら<6E5C>しいな.よし、それじゃそこに<6E5C>行こうか,,
dom1Kasumi_O0729_0.mes,Script/dom1Kasumi_O0729_0.mes,33,21,Kasumi,あ、いえ、じつはひとりで行きた<6E5C>いんです,,
dom1Kasumi_O0729_0.mes,Script/dom1Kasumi_O0729_0.mes,34,17,주인공,なんだ、俺が一緒じゃまずいのか?,,
dom1Kasumi_O0729_0.mes,Script/dom1Kasumi_O0729_0.mes,35,3,Kasumi,はい,,
dom1Kasumi_O0729_0.mes,Script/dom1Kasumi_O0729_0.mes,36,23,주인공,そうか.わかった、それじゃ夕方に<6E5C>またここで,,
dom1Kasumi_O0729_0.mes,Script/dom1Kasumi_O0729_0.mes,37,17,Kasumi,はい.わがままを言ってすみません,,
dom1Kasumi_O0729_0.mes,Script/dom1Kasumi_O0729_0.mes,38,4,주인공,いいよ,,
dom1Kasumi_O0729_0.mes,Script/dom1Kasumi_O0729_0.mes,39,12,Kasumi,では、少し行ってきます,,
dom1Kasumi_O0729_0.mes,Script/dom1Kasumi_O0729_0.mes,40,12,주인공,おう、行ってらっしゃい,,
dom1Kasumi_O0729_0.mes,Script/dom1Kasumi_O0729_0.mes,41,61,주인공,(しかしあの稽古好きの香澄が、<6E5C>めずらしいこともあるもんだな<485C>俺も昼まで稽古したらそこら辺を<6E5C>ぶらぶらしてみるかな……),,
dom1Kasumi_O0729_4.mes,Script/dom1Kasumi_O0729_4.mes,0,5,주인공,(……),,
dom1Kasumi_O0729_4.mes,Script/dom1Kasumi_O0729_4.mes,1,19,주인공,(……うわ、もうこんな時間<6E5C>かよ!),,
dom1Kasumi_O0729_4.mes,Script/dom1Kasumi_O0729_4.mes,2,31,주인공,香澄、悪い.ちょっとぶらぶらする<6E5C>つもりが、道に迷っちゃって,,
dom1Kasumi_O0729_4.mes,Script/dom1Kasumi_O0729_4.mes,3,22,Kasumi,まったく、どこをほっつき歩いて<6E5C>たんです?,,
dom1Kasumi_O0729_4.mes,Script/dom1Kasumi_O0729_4.mes,4,57,주인공,なんか山の中を歩いてたら遠くに<6E5C>鳥居が見えてさ<485C>そこまで行ってきたんだけど、<6E5C>帰り道がわからなくなって<6E5C>参ったよ,,
dom1Kasumi_O0729_4.mes,Script/dom1Kasumi_O0729_4.mes,5,10,Kasumi,鳥居?神社ですか?,,
dom1Kasumi_O0729_4.mes,Script/dom1Kasumi_O0729_4.mes,6,27,주인공,ああ.そこで、こんな物をもらって<6E5C>きた.やるよ、香澄,,
dom1Kasumi_O0729_4.mes,Script/dom1Kasumi_O0729_4.mes,7,6,Kasumi,これは……,,
dom1Kasumi_O0729_4.mes,Script/dom1Kasumi_O0729_4.mes,8,45,주인공,なんか勝負事にご加護のあるお守り<6E5C>らしいんだけど、自分のために<6E5C>祈ってもダメなんだってさ,,
dom1Kasumi_O0729_4.mes,Script/dom1Kasumi_O0729_4.mes,9,30,주인공,誰か大切な人のために祈ることで、<6E5C>願いを叶えてくれるらしい,,
dom1Kasumi_O0729_4.mes,Script/dom1Kasumi_O0729_4.mes,10,7,Kasumi,大切な人……,,
dom1Kasumi_O0729_4.mes,Script/dom1Kasumi_O0729_4.mes,11,28,주인공,お、おう.たっぷり祈っといた<6E5C>から、効き目ばっちりだぞ,,
dom1Kasumi_O0729_4.mes,Script/dom1Kasumi_O0729_4.mes,12,5,Kasumi,ふふ……,,
dom1Kasumi_O0729_4.mes,Script/dom1Kasumi_O0729_4.mes,13,12,주인공,ん、何がおかしいんだ?,,
dom1Kasumi_O0729_4.mes,Script/dom1Kasumi_O0729_4.mes,14,14,Kasumi,だって……先輩.はい、これ,,
dom1Kasumi_O0729_4.mes,Script/dom1Kasumi_O0729_4.mes,15,29,주인공,あ!同じお守りじゃねえか!<6E5C>香澄もあそこに行ってたのか?,,
dom1Kasumi_O0729_4.mes,Script/dom1Kasumi_O0729_4.mes,16,64,Kasumi,はい.ここへ来る前に少しこの辺の<6E5C>ことを調べてみたんです<485C>いんたーねっとというやつで.<6E5C>そうしたらあの神社のことが<6E5C>載っていて,,
dom1Kasumi_O0729_4.mes,Script/dom1Kasumi_O0729_4.mes,17,19,주인공,そっか、それでひとりで行った<6E5C>わけか,,
dom1Kasumi_O0729_4.mes,Script/dom1Kasumi_O0729_4.mes,18,29,Kasumi,はい.先輩のことを祈るのに、<6E5C>一緒じゃ恥ずかしいですから,,
dom1Kasumi_O0729_4.mes,Script/dom1Kasumi_O0729_4.mes,19,21,주인공,香澄にも女の子らしいところが<6E5C>あるんだな,,
dom1Kasumi_O0729_4.mes,Script/dom1Kasumi_O0729_4.mes,20,4,Kasumi,何か?,,
dom1Kasumi_O0729_4.mes,Script/dom1Kasumi_O0729_4.mes,21,34,주인공,い、いや.まぁなんにしても、これ<6E5C>で俺たちの勝利は間違いなしだな!,,
dom1Kasumi_O0729_4.mes,Script/dom1Kasumi_O0729_4.mes,22,4,Kasumi,はい!,,
dom1Kasumi_O0729_4.mes,Script/dom1Kasumi_O0729_4.mes,23,26,주인공,あれ、でも俺たちが決勝で当たった<6E5C>らどうなるんだ?,,
dom1Kasumi_O0729_4.mes,Script/dom1Kasumi_O0729_4.mes,24,7,Kasumi,その時は……,,
dom1Kasumi_O0729_4.mes,Script/dom1Kasumi_O0729_4.mes,25,6,주인공,その時は?,,
dom1Kasumi_O0729_4.mes,Script/dom1Kasumi_O0729_4.mes,26,15,Kasumi,全力で勝たせていただきます!,,
dom1Kasumi_O0729_4.mes,Script/dom1Kasumi_O0729_4.mes,27,6,주인공,そ、そうか,,
dom1Kasumi_O0729_4.mes,Script/dom1Kasumi_O0729_4.mes,28,45,Kasumi,さ、先輩.今日はもう暗くなって<6E5C>しまいましたから、明日は今日より<6E5C>早く起きて稽古ですよ!,,
dom1Kasumi_O0729_4.mes,Script/dom1Kasumi_O0729_4.mes,29,32,주인공,そうだな.残された時間は少ない.<6E5C>悔いの残らないようにやろう!,,
dom1Kasumi_O0729_4.mes,Script/dom1Kasumi_O0729_4.mes,30,4,Kasumi,はい!,,
dom1Kasumi_O0730_0.mes,Script/dom1Kasumi_O0730_0.mes,0,4,[효과음/내레이션],ズン!,,
dom1Kasumi_O0730_0.mes,Script/dom1Kasumi_O0730_0.mes,1,7,주인공,(……ん?),,
dom1Kasumi_O0730_0.mes,Script/dom1Kasumi_O0730_0.mes,2,5,[효과음/내레이션],ズズン!,,
dom1Kasumi_O0730_0.mes,Script/dom1Kasumi_O0730_0.mes,3,16,주인공,(ふぁ~……なんだ、この音?),,
dom1Kasumi_O0730_0.mes,Script/dom1Kasumi_O0730_0.mes,4,6,[효과음/내레이션],ドドーン!,,
dom1Kasumi_O0730_0.mes,Script/dom1Kasumi_O0730_0.mes,5,24,주인공,(……香澄がいない.<6E5C>まだ夜も明けてないのに),,
dom1Kasumi_O0730_0.mes,Script/dom1Kasumi_O0730_0.mes,6,9,[효과음/내레이션],ズドォォォン!!,,
dom1Kasumi_O0730_0.mes,Script/dom1Kasumi_O0730_0.mes,7,17,주인공,(まさかあいつ、またひとりで!),,
dom1Kasumi_O0730_0.mes,Script/dom1Kasumi_O0730_0.mes,8,8,Kasumi,ハァ、ハァ……,,
dom1Kasumi_O0730_0.mes,Script/dom1Kasumi_O0730_0.mes,9,15,주인공,(あ、あいつやっぱり……!),,
dom1Kasumi_O0730_0.mes,Script/dom1Kasumi_O0730_0.mes,10,4,주인공,香澄!,,
dom1Kasumi_O0730_0.mes,Script/dom1Kasumi_O0730_0.mes,11,5,Kasumi,せ、先輩,,
dom1Kasumi_O0730_0.mes,Script/dom1Kasumi_O0730_0.mes,12,11,주인공,お前、何やってんだよ,,
dom1Kasumi_O0730_0.mes,Script/dom1Kasumi_O0730_0.mes,13,67,Kasumi,今のまま海堂さんと闘ったとして、<6E5C>よくて互角.おそらくまだわたしの<6E5C>方が劣るでしょう<485C>だから、その差を少しでも<6E5C>埋めようと思って……,,
dom1Kasumi_O0730_0.mes,Script/dom1Kasumi_O0730_0.mes,14,14,주인공,!<020A>ってお前……その腕!!,,
dom1Kasumi_O0730_0.mes,Script/dom1Kasumi_O0730_0.mes,15,29,Kasumi,だ、だいじょうぶです、大した<6E5C>傷じゃないですから……痛っ,,
dom1Kasumi_O0730_0.mes,Script/dom1Kasumi_O0730_0.mes,16,32,주인공,お、お前……ひどいケガじゃない<6E5C>か.なんでこんなになるまで……,,
dom1Kasumi_O0730_0.mes,Script/dom1Kasumi_O0730_0.mes,17,16,Kasumi,わたしは、負けられないから……,,
dom1Kasumi_O0730_0.mes,Script/dom1Kasumi_O0730_0.mes,18,31,주인공,だからって香澄、このケガじゃ明日<6E5C>の大会には出られないだろう,,
dom1Kasumi_O0730_0.mes,Script/dom1Kasumi_O0730_0.mes,19,12,Kasumi,いえ、わたしは出ます!,,
dom1Kasumi_O0730_0.mes,Script/dom1Kasumi_O0730_0.mes,20,24,주인공,ダメだ.こんな右腕で、海堂に勝て<6E5C>るわけがない,,
dom1Kasumi_O0730_0.mes,Script/dom1Kasumi_O0730_0.mes,21,4,Kasumi,嫌です,,
dom1Kasumi_O0730_0.mes,Script/dom1Kasumi_O0730_0.mes,22,5,주인공,ダメだ!,,
dom1Kasumi_O0730_0.mes,Script/dom1Kasumi_O0730_0.mes,23,5,Kasumi,嫌です!,,
dom1Kasumi_O0730_0.mes,Script/dom1Kasumi_O0730_0.mes,24,8,주인공,絶対にダメだ!,,
dom1Kasumi_O0730_0.mes,Script/dom1Kasumi_O0730_0.mes,25,17,Kasumi,先輩には関係ないじゃないですか!,,
dom1Kasumi_O0730_0.mes,Script/dom1Kasumi_O0730_0.mes,26,3,주인공,何?,,
dom1Kasumi_O0730_0.mes,Script/dom1Kasumi_O0730_0.mes,27,67,Kasumi,先輩にわたしの気持ちなんて<6E5C>わからないんです<485C>もう放っておいてください.<6E5C>今まで修行に付き合ってくだ<6E5C>さって、ありがとうございました,,
dom1Kasumi_O0730_0.mes,Script/dom1Kasumi_O0730_0.mes,28,4,주인공,……!,,
dom1Kasumi_O0730_0.mes,Script/dom1Kasumi_O0730_0.mes,29,8,[선택지],顔をぶつなだめる,,
dom1Kasumi_O0730_0.mes,Script/dom1Kasumi_O0730_0.mes,30,5,[효과음/내레이션],パシッ!,,
dom1Kasumi_O0730_0.mes,Script/dom1Kasumi_O0730_0.mes,31,25,Kasumi,!<020A>何をするんですか!女の顔を<6E5C>ぶつなんて……!,,
dom1Kasumi_O0730_0.mes,Script/dom1Kasumi_O0730_0.mes,32,3,주인공,……,,
dom1Kasumi_O0730_0.mes,Script/dom1Kasumi_O0730_0.mes,33,3,Kasumi,……,,
dom1Kasumi_O0730_0.mes,Script/dom1Kasumi_O0730_0.mes,34,8,주인공,……悪い、つい,,
dom1Kasumi_O0730_0.mes,Script/dom1Kasumi_O0730_0.mes,35,5,Kasumi,いえ……,,
dom1Kasumi_O0730_0.mes,Script/dom1Kasumi_O0730_0.mes,36,11,주인공,どうしても出るのか?,,
dom1Kasumi_O0730_0.mes,Script/dom1Kasumi_O0730_0.mes,37,5,Kasumi,……はい,,
dom1Kasumi_O0730_0.mes,Script/dom1Kasumi_O0730_0.mes,38,6,주인공,そうか……,,
dom1Kasumi_O0730_0.mes,Script/dom1Kasumi_O0730_0.mes,39,29,Kasumi,あ、あの……先輩.さっきは言い<6E5C>過ぎました.ごめんなさい,,
dom1Kasumi_O0730_0.mes,Script/dom1Kasumi_O0730_0.mes,40,59,주인공,いや、いいんだ.たしかに俺には<6E5C>香澄の気持ちはわからないから<485C>でもな、俺がお前の心配をする<6E5C>のに、そんなもの必要か?,,
dom1Kasumi_O0730_0.mes,Script/dom1Kasumi_O0730_0.mes,41,60,주인공,俺は香澄がなんと言おうと香澄の<6E5C>心配をするし、絶対にお前の<6E5C>ことを守り通してみせる<485C>俺はここに来る前にそう<6E5C>誓ったんだ,,
dom1Kasumi_O0730_0.mes,Script/dom1Kasumi_O0730_0.mes,42,5,Kasumi,先輩……,,
dom1Kasumi_O0730_0.mes,Script/dom1Kasumi_O0730_0.mes,43,75,주인공,……もう大会に出るなとは<6E5C>言わない.ただ、ひとつだけ<6E5C>約束してくれ<485C>どうしてもダメだと思ったら、無理<6E5C>だと思ったら、海堂を倒すのは俺に<6E5C>任せてほしい,,
dom1Kasumi_O0730_0.mes,Script/dom1Kasumi_O0730_0.mes,44,42,Kasumi,……わかりました.もしもの時は、<6E5C>先輩にすべてをお任せします.<6E5C>わたしの未来も……,,
dom1Kasumi_O0730_0.mes,Script/dom1Kasumi_O0730_0.mes,45,27,주인공,ありがとう、香澄.さっきは悪かっ<6E5C>たな.痛くないか?,,
dom1Kasumi_O0730_0.mes,Script/dom1Kasumi_O0730_0.mes,46,16,Kasumi,どんな奥義よりも、痛かったです,,
dom1Kasumi_O0730_0.mes,Script/dom1Kasumi_O0730_0.mes,47,49,주인공,悪かった、ほんとに.しかしとりあ<6E5C>えず、今日の修行は中止だな.その<6E5C>ケガじゃこれ以上は無理だろう,,
dom1Kasumi_O0730_0.mes,Script/dom1Kasumi_O0730_0.mes,48,16,Kasumi,でも、それじゃ先輩の修行が……,,
dom1Kasumi_O0730_0.mes,Script/dom1Kasumi_O0730_0.mes,49,42,주인공,だいじょうぶだよ.本番は明日なん<6E5C>だ.街へ戻って、今日はゆっくり<6E5C>羽根をのばそう!,,
dom1Kasumi_O0730_0.mes,Script/dom1Kasumi_O0730_0.mes,50,3,Kasumi,はい,,
dom1Kasumi_O0730_0.mes,Script/dom1Kasumi_O0730_0.mes,51,53,주인공,今までの俺たちの関係って<6E5C>なんだったんだよ<485C>そんな簡単に終わらせてしまえる<6E5C>ような程度のものだったのか?,,
dom1Kasumi_O0730_0.mes,Script/dom1Kasumi_O0730_0.mes,52,6,Kasumi,それは……,,
dom1Kasumi_O0730_0.mes,Script/dom1Kasumi_O0730_0.mes,53,57,주인공,……たしかに俺には香澄の気持ちは<6E5C>わからないかもしれない<485C>でもな、俺がお前の心配を<6E5C>するのに、そんなもの必要か?,,
dom1Kasumi_O0730_0.mes,Script/dom1Kasumi_O0730_0.mes,54,60,주인공,俺は香澄がなんと言おうと香澄の<6E5C>心配をするし、絶対にお前のことを<6E5C>守り通してみせる<485C>俺はここに来る前に<6E5C>そう誓ったんだ,,
dom1Kasumi_O0730_0.mes,Script/dom1Kasumi_O0730_0.mes,55,5,Kasumi,先輩……,,
dom1Kasumi_O0730_0.mes,Script/dom1Kasumi_O0730_0.mes,56,75,주인공,……もう大会に出るなとは言わ<6E5C>ない.ただ、ひとつだけ約束して<6E5C>くれ<485C>どうしてもダメだと思ったら、無理<6E5C>だと思ったら、海堂を倒すのは俺に<6E5C>任せてほしい,,
dom1Kasumi_O0730_0.mes,Script/dom1Kasumi_O0730_0.mes,57,42,Kasumi,……わかりました.もしもの時は、<6E5C>先輩にすべてをお任せします.<6E5C>わたしの未来も……,,
dom1Kasumi_O0730_0.mes,Script/dom1Kasumi_O0730_0.mes,58,50,주인공,だいじょうぶだよ.俺は必ず勝つ.<6E5C>さあ、今はそのことは忘れて、街へ<6E5C>戻ってゆっくり羽根をのばそう!,,
dom1Kasumi_O0730_0.mes,Script/dom1Kasumi_O0730_0.mes,59,3,Kasumi,はい,,
dom1Kasumi_O0730_0.mes,Script/dom1Kasumi_O0730_0.mes,60,65,주인공,(思わぬハプニングに見舞われた<6E5C>3日間だったな……<485C>正直、今の香澄じゃ海堂には<6E5C>勝てないだろう.<6E5C>俺がなんとかしなくちゃな……),,
dom1Kasumi_O0730_3.mes,Script/dom1Kasumi_O0730_3.mes,0,19,Kasumi,先輩?どうしたんです、難しい<6E5C>顔して,,
dom1Kasumi_O0730_3.mes,Script/dom1Kasumi_O0730_3.mes,1,25,주인공,あ、いや、ちょっと明日の大会の<6E5C>ことを考えててさ,,
dom1Kasumi_O0730_3.mes,Script/dom1Kasumi_O0730_3.mes,2,20,Kasumi,先輩でも緊張することがあるん<6E5C>ですか?,,
dom1Kasumi_O0730_3.mes,Script/dom1Kasumi_O0730_3.mes,3,22,주인공,あのな、俺はお前と違ってナイーブ<6E5C>なんだよ,,
dom1Kasumi_O0730_3.mes,Script/dom1Kasumi_O0730_3.mes,4,10,Kasumi,誰が図太いんですか,,
dom1Kasumi_O0730_3.mes,Script/dom1Kasumi_O0730_3.mes,5,41,주인공,いや、言ってないよ.今からそんな<6E5C>に力んでると、明日ちゃんと力を<6E5C>出せなくなるぞ,,
dom1Kasumi_O0730_3.mes,Script/dom1Kasumi_O0730_3.mes,6,5,Kasumi,先輩こそ,,
dom1Kasumi_O0730_3.mes,Script/dom1Kasumi_O0730_3.mes,7,14,주인공,ほら、コロッケ屋に着いたぞ,,
dom1Kasumi_O0730_3.mes,Script/dom1Kasumi_O0730_3.mes,8,28,Kasumi,やはり、ここのコロッケを食べなく<6E5C>ては力が出ませんよね,,
dom1Kasumi_O0730_3.mes,Script/dom1Kasumi_O0730_3.mes,9,24,주인공,そうだな.お姉さん、クリーム<6E5C>コロッケふたつね,,
dom1Kasumi_O0730_3.mes,Script/dom1Kasumi_O0730_3.mes,10,5,UNKNOWN_2c,はいよ!,,
dom1Kasumi_O0730_3.mes,Script/dom1Kasumi_O0730_3.mes,11,30,주인공,しかしなんでコロッケ屋の店員が<6E5C>チャイナ服着てるんだろうな,,
dom1Kasumi_O0730_3.mes,Script/dom1Kasumi_O0730_3.mes,12,13,Kasumi,こだわり、ですかねぇ……,,
dom1Kasumi_O0730_3.mes,Script/dom1Kasumi_O0730_3.mes,13,16,UNKNOWN_2c,はい、クリームコロッケお待ちー,,
dom1Kasumi_O0730_3.mes,Script/dom1Kasumi_O0730_3.mes,14,8,주인공,おーうまそうだ,,
dom1Kasumi_O0730_3.mes,Script/dom1Kasumi_O0730_3.mes,15,12,Kasumi,モグ……おいしいですよ,,
dom1Kasumi_O0730_3.mes,Script/dom1Kasumi_O0730_3.mes,16,10,주인공,もう食ってるのかよ,,
dom1Kasumi_O0730_3.mes,Script/dom1Kasumi_O0730_3.mes,17,14,Kasumi,モグ……食べないんですか?,,
dom1Kasumi_O0730_3.mes,Script/dom1Kasumi_O0730_3.mes,18,64,주인공,食うよ.というか、食べながら話す<6E5C>のやめろ<485C>それから、まだ食い終わってない<6E5C>のに人のコロッケを物欲しそうな<6E5C>目で見るんじゃない,,
dom1Kasumi_O0730_3.mes,Script/dom1Kasumi_O0730_3.mes,19,11,Kasumi,モグ……見てませんよ,,
dom1Kasumi_O0730_3.mes,Script/dom1Kasumi_O0730_3.mes,20,6,주인공,……ったく,,
dom1Kasumi_O0730_3.mes,Script/dom1Kasumi_O0730_3.mes,21,42,주인공,(それから俺たちは、束の間のデー<6E5C>トを楽しんだ.武道天覧会は、<6E5C>いよいよ明日だ!),,
dom1Kasumi_O0731_0.mes,Script/dom1Kasumi_O0731_0.mes,0,7,[효과음/내레이션],♪ピンポ~ン,,
dom1Kasumi_O0731_0.mes,Script/dom1Kasumi_O0731_0.mes,1,3,주인공,はい,,
dom1Kasumi_O0731_0.mes,Script/dom1Kasumi_O0731_0.mes,2,4,[효과음/내레이션],ガチャ,,
dom1Kasumi_O0731_0.mes,Script/dom1Kasumi_O0731_0.mes,3,13,Kasumi,おはようございます、先輩,,
dom1Kasumi_O0731_0.mes,Script/dom1Kasumi_O0731_0.mes,4,22,주인공,おはよう……ってなんですでに道着<6E5C>なんだよ,,
dom1Kasumi_O0731_0.mes,Script/dom1Kasumi_O0731_0.mes,5,45,Kasumi,わたし、大会の日には興奮して<6E5C>しまって、いつでも闘える状態で<6E5C>いないと気が済まないんです,,
dom1Kasumi_O0731_0.mes,Script/dom1Kasumi_O0731_0.mes,6,13,주인공,なるほどね.香澄らしいよ,,
dom1Kasumi_O0731_0.mes,Script/dom1Kasumi_O0731_0.mes,7,12,Kasumi,さあ、行きますよ、先輩,,
dom1Kasumi_O0731_0.mes,Script/dom1Kasumi_O0731_0.mes,8,3,주인공,おう,,
dom1Kasumi_O0731_0.mes,Script/dom1Kasumi_O0731_0.mes,9,15,주인공,ここが武道天覧会の会場か……,,
dom1Kasumi_O0731_0.mes,Script/dom1Kasumi_O0731_0.mes,10,9,Kasumi,わくわくしますね,,
dom1Kasumi_O0731_0.mes,Script/dom1Kasumi_O0731_0.mes,11,15,주인공,そうか?俺はドキドキするけど,,
dom1Kasumi_O0731_0.mes,Script/dom1Kasumi_O0731_0.mes,12,11,Kasumi,似たようなものですよ,,
dom1Kasumi_O0731_0.mes,Script/dom1Kasumi_O0731_0.mes,13,4,UNKNOWN_21,<이름:3131>!,,
dom1Kasumi_O0731_0.mes,Script/dom1Kasumi_O0731_0.mes,14,6,주인공,……海堂か,,
dom1Kasumi_O0731_0.mes,Script/dom1Kasumi_O0731_0.mes,15,10,Kaidou,よく逃げずに来たな,,
dom1Kasumi_O0731_0.mes,Script/dom1Kasumi_O0731_0.mes,16,24,주인공,なんで俺がお前相手に、逃げる必要<6E5C>があるんだよ,,
dom1Kasumi_O0731_0.mes,Script/dom1Kasumi_O0731_0.mes,17,24,Kaidou,フン、すぐにその減らず口も叩けな<6E5C>くしてやるよ,,
dom1Kasumi_O0731_0.mes,Script/dom1Kasumi_O0731_0.mes,18,10,Kasumi,父さまはどこです?,,
dom1Kasumi_O0731_0.mes,Script/dom1Kasumi_O0731_0.mes,19,19,Kaidou,オウ、未来のオレの嫁さんじゃ<6E5C>ねぇか,,
dom1Kasumi_O0731_0.mes,Script/dom1Kasumi_O0731_0.mes,20,15,Kasumi,誰が嫁か!父さまはどこです!,,
dom1Kasumi_O0731_0.mes,Script/dom1Kasumi_O0731_0.mes,21,23,Kaidou,あの親父なら、道に迷って遅れてく<6E5C>るらしいぜ,,
dom1Kasumi_O0731_0.mes,Script/dom1Kasumi_O0731_0.mes,22,6,Kasumi,父さま……,,
dom1Kasumi_O0731_0.mes,Script/dom1Kasumi_O0731_0.mes,23,23,Kaidou,ん?なんだお前、その右腕.<6E5C>ケガしてんのか?,,
dom1Kasumi_O0731_0.mes,Script/dom1Kasumi_O0731_0.mes,24,8,Kasumi,こ、これは……,,
dom1Kasumi_O0731_0.mes,Script/dom1Kasumi_O0731_0.mes,25,37,Kaidou,おいおい、そんな腕でオレと闘うつ<6E5C>もりかよ.ナメられたもんだな、<6E5C>オレも,,
dom1Kasumi_O0731_0.mes,Script/dom1Kasumi_O0731_0.mes,26,6,Kasumi,何を……!,,
dom1Kasumi_O0731_0.mes,Script/dom1Kasumi_O0731_0.mes,27,32,주인공,海堂.お前は俺が必ず倒す.香澄の<6E5C>手をわずらわせるまでもなくな,,
dom1Kasumi_O0731_0.mes,Script/dom1Kasumi_O0731_0.mes,28,5,Kasumi,先輩……,,
dom1Kasumi_O0731_0.mes,Script/dom1Kasumi_O0731_0.mes,29,40,Kaidou,ハッ、2年間サボりまくったテメェ<6E5C>なんかに、オレが負けるとでも思っ<6E5C>てんのかよ,,
dom1Kasumi_O0731_0.mes,Script/dom1Kasumi_O0731_0.mes,30,21,주인공,それは本番で証明してやる.<6E5C>行くぞ、香澄,,
dom1Kasumi_O0731_0.mes,Script/dom1Kasumi_O0731_0.mes,31,3,Kasumi,はい,,
dom1Kasumi_O0731_0.mes,Script/dom1Kasumi_O0731_0.mes,32,28,Kaidou,せいぜいオレと当たるまで負けない<6E5C>ように頑張るんだな!,,
dom1Kasumi_O0731_0.mes,Script/dom1Kasumi_O0731_0.mes,33,5,Kasumi,先輩……,,
dom1Kasumi_O0731_0.mes,Script/dom1Kasumi_O0731_0.mes,34,24,주인공,そんな顔するな.<6E5C>負けるつもりはまったくないよ,,
dom1Kasumi_O0731_0.mes,Script/dom1Kasumi_O0731_0.mes,35,3,Kasumi,はい,,
dom1Kasumi_O0731_0.mes,Script/dom1Kasumi_O0731_0.mes,36,16,주인공,さあ、組み合わせ抽選会に行こう,,
dom1Kasumi_O0731_0.mes,Script/dom1Kasumi_O0731_0.mes,37,4,Kasumi,はい!,,
dom1Kasumi_O0731_0.mes,Script/dom1Kasumi_O0731_0.mes,38,57,주인공,(……やっぱり、<6E5C>香澄じゃ海堂には勝てない<485C>なんとか香澄より先に海堂と<6E5C>当たって、俺があいつを<6E5C>倒さないと……),,
dom1Kasumi_O0731_1.mes,Script/dom1Kasumi_O0731_1.mes,0,13,Kasumi,……先輩、やりましたね!,,
dom1Kasumi_O0731_1.mes,Script/dom1Kasumi_O0731_1.mes,1,11,주인공,何がやりましたねだよ,,
dom1Kasumi_O0731_1.mes,Script/dom1Kasumi_O0731_1.mes,2,34,Kasumi,だって、組み合わせ見ました?<6E5C>理想的な組み合わせじゃ<6E5C>ないですか!,,
dom1Kasumi_O0731_1.mes,Script/dom1Kasumi_O0731_1.mes,3,14,주인공,いや、最低な組み合わせだろ,,
dom1Kasumi_O0731_1.mes,Script/dom1Kasumi_O0731_1.mes,4,26,Kasumi,どうしてです?わたしたちで<6E5C>決勝を闘えるんですよ?,,
dom1Kasumi_O0731_1.mes,Script/dom1Kasumi_O0731_1.mes,5,26,주인공,お前、その前に準決勝で当たる相手<6E5C>わかってんのかよ,,
dom1Kasumi_O0731_1.mes,Script/dom1Kasumi_O0731_1.mes,6,5,Kasumi,海堂さん,,
dom1Kasumi_O0731_1.mes,Script/dom1Kasumi_O0731_1.mes,7,16,주인공,そうだよ.わかってんじゃねえか,,
dom1Kasumi_O0731_1.mes,Script/dom1Kasumi_O0731_1.mes,8,22,Kasumi,それの何が最悪なんですか?<6E5C>まさか先輩……,,
dom1Kasumi_O0731_1.mes,Script/dom1Kasumi_O0731_1.mes,9,7,주인공,え、いや……,,
dom1Kasumi_O0731_1.mes,Script/dom1Kasumi_O0731_1.mes,10,12,Kasumi,わたしは負けませんよ!,,
dom1Kasumi_O0731_1.mes,Script/dom1Kasumi_O0731_1.mes,11,23,주인공,わ、わかってるよ.<6E5C>負けるとは思ってないって,,
dom1Kasumi_O0731_1.mes,Script/dom1Kasumi_O0731_1.mes,12,13,Kasumi,じゃあいいじゃないですか,,
dom1Kasumi_O0731_1.mes,Script/dom1Kasumi_O0731_1.mes,13,7,주인공,う、うん……,,
dom1Kasumi_O0731_1.mes,Script/dom1Kasumi_O0731_1.mes,14,17,Kasumi,さ、すぐに第一試合が始まりますよ,,
dom1Kasumi_O0731_1.mes,Script/dom1Kasumi_O0731_1.mes,15,9,UNKNOWN_21,ワッハッハッハ!,,
dom1Kasumi_O0731_1.mes,Script/dom1Kasumi_O0731_1.mes,16,15,주인공,ま、また頭の痛くなる声が……,,
dom1Kasumi_O0731_1.mes,Script/dom1Kasumi_O0731_1.mes,17,5,Kasumi,父さま!,,
dom1Kasumi_O0731_1.mes,Script/dom1Kasumi_O0731_1.mes,18,43,UNKNOWN_0c,未熟者!なんだその怪我は?<6E5C>自己管理もできんような者に、<6E5C>我が藤堂流が倒せるものか!,,
dom1Kasumi_O0731_1.mes,Script/dom1Kasumi_O0731_1.mes,19,15,주인공,いや、あんたの娘も藤堂流だよ,,
dom1Kasumi_O0731_1.mes,Script/dom1Kasumi_O0731_1.mes,20,60,UNKNOWN_0c,ええい、黙れ若造!貴様も、香澄<6E5C>と共にありながら、惚れた女に怪我<6E5C>を負わせるなど未熟も未熟!<485C>顔を洗って出直して来い!,,
dom1Kasumi_O0731_1.mes,Script/dom1Kasumi_O0731_1.mes,21,4,주인공,う……,,
dom1Kasumi_O0731_1.mes,Script/dom1Kasumi_O0731_1.mes,22,45,Kasumi,先輩は関係ありません!この怪我<6E5C>はわたしの不注意です!それに、<6E5C>先輩は誰にも負けません!,,
dom1Kasumi_O0731_1.mes,Script/dom1Kasumi_O0731_1.mes,23,13,UNKNOWN_0c,ほう、誰にも負けんだと?,,
dom1Kasumi_O0731_1.mes,Script/dom1Kasumi_O0731_1.mes,24,20,Kasumi,そうです!<6E5C>先輩は約束してくれました!,,
dom1Kasumi_O0731_1.mes,Script/dom1Kasumi_O0731_1.mes,25,9,주인공,お、おい、香澄?,,
dom1Kasumi_O0731_1.mes,Script/dom1Kasumi_O0731_1.mes,26,12,UNKNOWN_0c,約束だと?なんの約束だ,,
dom1Kasumi_O0731_1.mes,Script/dom1Kasumi_O0731_1.mes,27,15,Kasumi,わたしを守り通してみせると!,,
dom1Kasumi_O0731_1.mes,Script/dom1Kasumi_O0731_1.mes,28,3,주인공,……,,
dom1Kasumi_O0731_1.mes,Script/dom1Kasumi_O0731_1.mes,29,3,UNKNOWN_0c,……,,
dom1Kasumi_O0731_1.mes,Script/dom1Kasumi_O0731_1.mes,30,3,Kasumi,……,,
dom1Kasumi_O0731_1.mes,Script/dom1Kasumi_O0731_1.mes,31,21,주인공,おい、自分で言って黙り込むんじゃ<6E5C>ねえよ,,
dom1Kasumi_O0731_1.mes,Script/dom1Kasumi_O0731_1.mes,32,21,Kasumi,わ、わたしとしたことが、はしたな<6E5C>い……,,
dom1Kasumi_O0731_1.mes,Script/dom1Kasumi_O0731_1.mes,33,60,UNKNOWN_0c,む、むう……なかなか男気のあるこ<6E5C>とを言うではないか若造.しかし!<485C>その言葉は、この海堂を倒してか<6E5C>ら言ってもらおう!,,
dom1Kasumi_O0731_1.mes,Script/dom1Kasumi_O0731_1.mes,34,12,Kaidou,へ、そういうことだ<이름:3131>,,
dom1Kasumi_O0731_1.mes,Script/dom1Kasumi_O0731_1.mes,35,22,주인공,お前、いつの間に.<6E5C>試合はどうしたんだよ?,,
dom1Kasumi_O0731_1.mes,Script/dom1Kasumi_O0731_1.mes,36,26,Kaidou,試合?ああ、さっきのウォーミング<6E5C>アップのことか?,,
dom1Kasumi_O0731_1.mes,Script/dom1Kasumi_O0731_1.mes,37,6,Kasumi,せ、先輩!,,
dom1Kasumi_O0731_1.mes,Script/dom1Kasumi_O0731_1.mes,38,5,주인공,なんだ?,,
dom1Kasumi_O0731_1.mes,Script/dom1Kasumi_O0731_1.mes,39,14,Kasumi,試合、もう終わってます……,,
dom1Kasumi_O0731_1.mes,Script/dom1Kasumi_O0731_1.mes,40,29,주인공,なんだって?だってお前、開始から<6E5C>10秒と経ってねえだろ,,
dom1Kasumi_O0731_1.mes,Script/dom1Kasumi_O0731_1.mes,41,57,Kaidou,ハッ、あんなザコを倒すのに10秒も<6E5C>いるかよ.テメェらもすぐに<6E5C>ぶっ倒してやるから、<485C>首を洗って待ってるんだな!,,
dom1Kasumi_O0731_1.mes,Script/dom1Kasumi_O0731_1.mes,42,28,UNKNOWN_0c,なんとも頼もしい奴よ.藤堂流の<6E5C>跡維ぎにふさわしい男だ,,
dom1Kasumi_O0731_1.mes,Script/dom1Kasumi_O0731_1.mes,43,34,Kasumi,父さま!まさかあんな馬鹿げた<6E5C>約束を本気で考えているのです<6E5C>か!?,,
dom1Kasumi_O0731_1.mes,Script/dom1Kasumi_O0731_1.mes,44,37,UNKNOWN_0c,もちろんだ!海堂が優勝のあかつ<6E5C>きには、お前を嫁にくれてやる<6E5C>つもりだ!,,
dom1Kasumi_O0731_1.mes,Script/dom1Kasumi_O0731_1.mes,45,5,Kasumi,な……!,,
dom1Kasumi_O0731_1.mes,Script/dom1Kasumi_O0731_1.mes,46,48,주인공,ちょっと待てよ.香澄は物じゃねえ<6E5C>んだよ.あんたの勝手な都合で賞品<6E5C>みたいな扱いするんじゃねえ,,
dom1Kasumi_O0731_1.mes,Script/dom1Kasumi_O0731_1.mes,47,5,Kasumi,先輩……,,
dom1Kasumi_O0731_1.mes,Script/dom1Kasumi_O0731_1.mes,48,58,UNKNOWN_0c,むむ……若造、なかなかの気迫では<6E5C>ないか<485C>これは海堂との決勝戦が楽しみだ!<6E5C>ワッハッハッハ、楽しみにして<6E5C>おるぞ!,,
dom1Kasumi_O0731_1.mes,Script/dom1Kasumi_O0731_1.mes,49,16,주인공,さあ、俺たちも一回戦が始まるぞ,,
dom1Kasumi_O0731_1.mes,Script/dom1Kasumi_O0731_1.mes,50,4,Kasumi,はい!,,
dom1Kasumi_O0731_1.mes,Script/dom1Kasumi_O0731_1.mes,51,36,주인공,(俺たちは順調に勝ち進み、<6E5C>海堂も圧倒的な強さで準決勝進出を<6E5C>決めた),,
dom1Kasumi_O0731_1.mes,Script/dom1Kasumi_O0731_1.mes,52,14,UNKNOWN_22,勝者、清泉学園、藤堂香澄!,,
dom1Kasumi_O0731_1.mes,Script/dom1Kasumi_O0731_1.mes,53,5,[효과음/내레이션],ワーッ!,,
dom1Kasumi_O0731_1.mes,Script/dom1Kasumi_O0731_1.mes,54,26,Kasumi,先輩、なんとか勝てました……これ<6E5C>で準決勝進出です,,
dom1Kasumi_O0731_1.mes,Script/dom1Kasumi_O0731_1.mes,55,12,주인공,香澄……お前その腕……,,
dom1Kasumi_O0731_1.mes,Script/dom1Kasumi_O0731_1.mes,56,21,Kasumi,だいじょうぶです.わたしはやれま<6E5C>すから,,
dom1Kasumi_O0731_1.mes,Script/dom1Kasumi_O0731_1.mes,57,9,주인공,……棄権するんだ,,
dom1Kasumi_O0731_1.mes,Script/dom1Kasumi_O0731_1.mes,58,3,Kasumi,え?,,
dom1Kasumi_O0731_1.mes,Script/dom1Kasumi_O0731_1.mes,59,11,주인공,もうこれ以上は無理だ,,
dom1Kasumi_O0731_1.mes,Script/dom1Kasumi_O0731_1.mes,60,4,Kasumi,先輩!,,
dom1Kasumi_O0731_1.mes,Script/dom1Kasumi_O0731_1.mes,61,23,주인공,香澄……気持ちだけじゃ、あいつに<6E5C>は勝てない,,
dom1Kasumi_O0731_1.mes,Script/dom1Kasumi_O0731_1.mes,62,9,Kasumi,わたしは出ます!,,
dom1Kasumi_O0731_1.mes,Script/dom1Kasumi_O0731_1.mes,63,12,주인공,……香澄.お前は強いよ,,
dom1Kasumi_O0731_1.mes,Script/dom1Kasumi_O0731_1.mes,64,3,Kasumi,え?,,
dom1Kasumi_O0731_1.mes,Script/dom1Kasumi_O0731_1.mes,65,56,주인공,お前は強い.万全の状態なら、<6E5C>きっと俺より強い<485C>何より、その精神力は俺には<6E5C>真似できない.<6E5C>お前は本当に強いよ,,
dom1Kasumi_O0731_1.mes,Script/dom1Kasumi_O0731_1.mes,66,4,Kasumi,先輩?,,
dom1Kasumi_O0731_1.mes,Script/dom1Kasumi_O0731_1.mes,67,33,주인공,そんな俺より強い香澄が、海堂に負<6E5C>けるところなんて見たくないんだ,,
dom1Kasumi_O0731_1.mes,Script/dom1Kasumi_O0731_1.mes,68,11,Kasumi,わたしは負けません!,,
dom1Kasumi_O0731_1.mes,Script/dom1Kasumi_O0731_1.mes,69,68,주인공,そう.そうだな.お前は負けないか<6E5C>もしれない.でもただじゃすまない<6E5C>のもたしかだろう<485C>あいつは、女が相手でも<6E5C>手を抜くような奴じゃない,,
dom1Kasumi_O0731_1.mes,Script/dom1Kasumi_O0731_1.mes,70,11,Kasumi,わたしは構いません!,,
dom1Kasumi_O0731_1.mes,Script/dom1Kasumi_O0731_1.mes,71,47,주인공,俺が我慢できないんだよ.香澄があ<6E5C>いつに殴られるところを見るのは、<6E5C>我慢できない.だから……,,
dom1Kasumi_O0731_1.mes,Script/dom1Kasumi_O0731_1.mes,72,5,Kasumi,だから?,,
dom1Kasumi_O0731_1.mes,Script/dom1Kasumi_O0731_1.mes,73,63,주인공,あいつを倒すのは、俺に任せてほし<6E5C>いんだ.俺が海堂を倒す.<6E5C>それで、香澄のケガが治ったら、<6E5C>俺とふたりで本当の決勝戦をやろう,,
dom1Kasumi_O0731_1.mes,Script/dom1Kasumi_O0731_1.mes,74,5,Kasumi,先輩……,,
dom1Kasumi_O0731_1.mes,Script/dom1Kasumi_O0731_1.mes,75,15,주인공,香澄は、俺が負けると思うか?,,
dom1Kasumi_O0731_1.mes,Script/dom1Kasumi_O0731_1.mes,76,12,Kasumi,いえ、先輩は勝ちます!,,
dom1Kasumi_O0731_1.mes,Script/dom1Kasumi_O0731_1.mes,77,9,주인공,ありがとう、香澄,,
dom1Kasumi_O0731_1.mes,Script/dom1Kasumi_O0731_1.mes,78,5,Kasumi,……いえ,,
dom1Kasumi_O0731_1.mes,Script/dom1Kasumi_O0731_1.mes,79,12,주인공,俺に、任せてくれるな?,,
dom1Kasumi_O0731_1.mes,Script/dom1Kasumi_O0731_1.mes,80,5,Kasumi,……はい,,
dom1Kasumi_O0731_1.mes,Script/dom1Kasumi_O0731_1.mes,81,16,주인공,よし、決まりだ!絶対に勝つぞ!,,
dom1Kasumi_O0731_1.mes,Script/dom1Kasumi_O0731_1.mes,82,4,Kasumi,はい!,,
dom1Kasumi_O0731_1.mes,Script/dom1Kasumi_O0731_1.mes,83,41,주인공,(そして俺も海堂も危なげなく準決<6E5C>勝を勝ち上がり、ついに決戦の時を<6E5C>迎えた……),,
dom1Kasumi_O0731_1.mes,Script/dom1Kasumi_O0731_1.mes,84,21,Kaidou,いよいよテメェと決着をつける時が<6E5C>きたな,,
dom1Kasumi_O0731_1.mes,Script/dom1Kasumi_O0731_1.mes,85,14,주인공,ったく、迷惑な因縁だったよ,,
dom1Kasumi_O0731_1.mes,Script/dom1Kasumi_O0731_1.mes,86,14,Kaidou,その減らず口もここまでだ!,,
dom1Kasumi_O0731_1.mes,Script/dom1Kasumi_O0731_1.mes,87,5,UNKNOWN_22,始め!!,,
dom1Kasumi_O0731_1.mes,Script/dom1Kasumi_O0731_1.mes,88,15,Kaidou,さっさと終わらせてもらうぜ!,,
dom1Kasumi_O0731_1.mes,Script/dom1Kasumi_O0731_1.mes,89,24,주인공,……これは、超重ね当てか!なら<6E5C>こっちも……!,,
dom1Kasumi_O0731_1.mes,Script/dom1Kasumi_O0731_1.mes,90,22,[선택지],拳に力を込める両足を踏ん張る丹田に力を込める,,
dom1Kasumi_O0731_1.mes,Script/dom1Kasumi_O0731_1.mes,91,28,[선택지],揺らぐことなき巨木流れにたゆたう落ち葉すべてを見切る疾風,,
dom1Kasumi_O0731_1.mes,Script/dom1Kasumi_O0731_1.mes,92,18,[선택지],気を逸らす気を巻き込む気を受け止める,,
dom1Kasumi_O0731_1.mes,Script/dom1Kasumi_O0731_1.mes,93,25,[선택지],気を開放する気合い一閃カウンター気持ちを込めて祈る,,
dom1Kasumi_O0731_1.mes,Script/dom1Kasumi_O0731_1.mes,94,38,Leona,<0118><0001><0008><0011><0014><0000><0000><0001><0002><0011><0004><0000><0018><0001><0029><08EC><0000><0000><0000><0000><000B><0019><0002><0001><0000><0000><0000><001C><0010><FFFF>ズドォォォン!,,
dom1Kasumi_O0731_1.mes,Script/dom1Kasumi_O0731_1.mes,95,9,주인공,うわ!しまった!,,
dom1Kasumi_O0731_1.mes,Script/dom1Kasumi_O0731_1.mes,96,25,Kaidou,ハッ、なんだ<이름:3131>.テメェは<6E5C>やっぱりその程度かよ,,
dom1Kasumi_O0731_1.mes,Script/dom1Kasumi_O0731_1.mes,97,29,주인공,(く……強い.これは確実に技を出<6E5C>さないと、やられるぞ),,
dom1Kasumi_O0731_1.mes,Script/dom1Kasumi_O0731_1.mes,98,8,주인공,気を開放する!,,
dom1Kasumi_O0731_1.mes,Script/dom1Kasumi_O0731_1.mes,99,8,Kaidou,いくぜぇぇぇ!,,
dom1Kasumi_O0731_1.mes,Script/dom1Kasumi_O0731_1.mes,100,9,주인공,超重ね当てー!!,,
dom1Kasumi_O0731_1.mes,Script/dom1Kasumi_O0731_1.mes,101,8,Kaidou,盟王武雷陣!!,,
dom1Kasumi_O0731_1.mes,Script/dom1Kasumi_O0731_1.mes,102,10,[효과음/내레이션],ズドォォォン!!!,,
dom1Kasumi_O0731_1.mes,Script/dom1Kasumi_O0731_1.mes,103,20,주인공,な、なんだ?超重ね当てじゃ<6E5C>ない……?,,
dom1Kasumi_O0731_1.mes,Script/dom1Kasumi_O0731_1.mes,104,26,Kaidou,へ、へへ、なんだよ.それがお前が<6E5C>体得した奥義かよ,,
dom1Kasumi_O0731_1.mes,Script/dom1Kasumi_O0731_1.mes,105,4,Kasumi,先輩!,,
dom1Kasumi_O0731_1.mes,Script/dom1Kasumi_O0731_1.mes,106,17,UNKNOWN_0c,ワッハッハッハ、やはりまだ未熟!,,
dom1Kasumi_O0731_1.mes,Script/dom1Kasumi_O0731_1.mes,107,4,Kasumi,何を!,,
dom1Kasumi_O0731_1.mes,Script/dom1Kasumi_O0731_1.mes,108,34,UNKNOWN_0c,見てわからんか!ダメージは明ら<6E5C>かに<이름:3131>の方が大きいでは<6E5C>ないか!,,
dom1Kasumi_O0731_1.mes,Script/dom1Kasumi_O0731_1.mes,109,5,Kasumi,先輩!?,,
dom1Kasumi_O0731_1.mes,Script/dom1Kasumi_O0731_1.mes,110,29,주인공,……ちょっと、お前の親父さんを<6E5C>甘く見てたようだな、俺は,,
dom1Kasumi_O0731_1.mes,Script/dom1Kasumi_O0731_1.mes,111,32,UNKNOWN_0c,ワッハッハッハ、わしが海堂に授け<6E5C>たのは、超重ね当てではない!,,
dom1Kasumi_O0731_1.mes,Script/dom1Kasumi_O0731_1.mes,112,9,Kasumi,なんですって!?,,
dom1Kasumi_O0731_1.mes,Script/dom1Kasumi_O0731_1.mes,113,25,UNKNOWN_0c,あれぞ、我が藤堂流究極奥義、<6E5C>盟王武雷陣なり!!,,
dom1Kasumi_O0731_1.mes,Script/dom1Kasumi_O0731_1.mes,114,11,Kaidou,そういうことだ、<이름:3131>,,
dom1Kasumi_O0731_1.mes,Script/dom1Kasumi_O0731_1.mes,115,13,주인공,……参ったな、違う技かよ,,
dom1Kasumi_O0731_1.mes,Script/dom1Kasumi_O0731_1.mes,116,66,Kaidou,いや、まったく違う技ってわけじゃ<6E5C>ねぇ<485C>ただ、あの親父が極限流に負けた<6E5C>後に完成した超重ね当てに、<6E5C>さらなる改良を加えたってわけだ,,
dom1Kasumi_O0731_1.mes,Script/dom1Kasumi_O0731_1.mes,117,41,UNKNOWN_0c,そういうことだ!武道家たる者、<6E5C>いつまでも同じ地平で安穏とはして<6E5C>おれんのでな!,,
dom1Kasumi_O0731_1.mes,Script/dom1Kasumi_O0731_1.mes,118,13,Kasumi,そんな……それじゃ先輩は,,
dom1Kasumi_O0731_1.mes,Script/dom1Kasumi_O0731_1.mes,119,6,UNKNOWN_0c,勝てぬ!!,,
dom1Kasumi_O0731_1.mes,Script/dom1Kasumi_O0731_1.mes,120,41,Kaidou,ハッ、そういうこった、<이름:3131>.<6E5C>テメェとの長い因縁も、<6E5C>これで終わりにしてやるぜ!,,
dom1Kasumi_O0731_1.mes,Script/dom1Kasumi_O0731_1.mes,121,13,주인공,そ、そりゃありがたい……,,
dom1Kasumi_O0731_1.mes,Script/dom1Kasumi_O0731_1.mes,122,4,Kasumi,先輩!,,
dom1Kasumi_O0731_1.mes,Script/dom1Kasumi_O0731_1.mes,123,16,주인공,……香澄.お守り、持ってるか?,,
dom1Kasumi_O0731_1.mes,Script/dom1Kasumi_O0731_1.mes,124,8,Kasumi,はい!ここに!,,
dom1Kasumi_O0731_1.mes,Script/dom1Kasumi_O0731_1.mes,125,24,주인공,俺も、持ってる.これがある限り、<6E5C>俺たちは……,,
dom1Kasumi_O0731_1.mes,Script/dom1Kasumi_O0731_1.mes,126,8,Kasumi,負けません!!,,
dom1Kasumi_O0731_1.mes,Script/dom1Kasumi_O0731_1.mes,127,16,주인공,そういうことだ!いくぞ海堂!!,,
dom1Kasumi_O0731_1.mes,Script/dom1Kasumi_O0731_1.mes,128,41,Kaidou,まだ減らず口を叩く余裕があったか<6E5C>よ!ならとどめを刺してやるぜ!<6E5C>盟王武雷陣!!,,
dom1Kasumi_O0731_1.mes,Script/dom1Kasumi_O0731_1.mes,129,24,주인공,(……!どうする!どうすれば<6E5C>勝てるんだ!?),,
dom1Kasumi_O0731_1.mes,Script/dom1Kasumi_O0731_1.mes,130,5,Kasumi,先輩!!,,
dom1Kasumi_O0731_1.mes,Script/dom1Kasumi_O0731_1.mes,131,35,주인공,(そうだな、香澄.考えてる場合<6E5C>じゃねえよな.やるしかないん<6E5C>だ!),,
dom1Kasumi_O0731_1.mes,Script/dom1Kasumi_O0731_1.mes,132,24,주인공,丹田に力を!たゆたう落ち葉で!<6E5C>気を巻き込み!,,
dom1Kasumi_O0731_1.mes,Script/dom1Kasumi_O0731_1.mes,133,17,Kaidou,その技はもう通用しねぇんだよ!!,,
dom1Kasumi_O0731_1.mes,Script/dom1Kasumi_O0731_1.mes,134,17,주인공,!<020A>ここでもうひとつ何かを……!,,
dom1Kasumi_O0731_1.mes,Script/dom1Kasumi_O0731_1.mes,135,13,[선택지],心を無に相手を無視もう無理,,
dom1Kasumi_O0731_1.mes,Script/dom1Kasumi_O0731_1.mes,136,23,주인공,(違う違う、あきらめてどうするん<6E5C>だ……!),,
dom1Kasumi_S01.mes,Script/dom1Kasumi_S01.mes,0,15,주인공,(たまには道場に顔を出すか),,
dom1Kasumi_S01.mes,Script/dom1Kasumi_S01.mes,1,4,Kasumi,先輩!,,
dom1Kasumi_S01.mes,Script/dom1Kasumi_S01.mes,2,26,주인공,うわ、びっくりした.いきなり後ろ<6E5C>から声かけんなよ,,
dom1Kasumi_S01.mes,Script/dom1Kasumi_S01.mes,3,27,Kasumi,不覚……先輩なんかより道場に着く<6E5C>のが遅れるとは……,,
dom1Kasumi_S01.mes,Script/dom1Kasumi_S01.mes,4,8,주인공,なんかって……,,
dom1Kasumi_S01.mes,Script/dom1Kasumi_S01.mes,5,22,주인공,(丁寧な言葉遣いのくせに、失礼な<6E5C>奴だな),,
dom1Kasumi_S01.mes,Script/dom1Kasumi_S01.mes,6,14,Kasumi,さぁ、稽古を始めましょう!,,
dom1Kasumi_S01.mes,Script/dom1Kasumi_S01.mes,7,20,주인공,いや、そういうつもりで来たん<6E5C>じゃ……,,
dom1Kasumi_S01.mes,Script/dom1Kasumi_S01.mes,8,27,Kasumi,なんです?神聖な道場にぶらり遊<6E5C>び気分で来たとでも?,,
dom1Kasumi_S01.mes,Script/dom1Kasumi_S01.mes,9,25,주인공,(こ、後輩のくせに、先輩を威圧す<6E5C>るなよな……),,
dom1Kasumi_S01.mes,Script/dom1Kasumi_S01.mes,10,26,주인공,わかった!わかったけど、今は昼<6E5C>メシを食わせてくれ,,
dom1Kasumi_S01.mes,Script/dom1Kasumi_S01.mes,11,20,Kasumi,むむ……腹が減っては戦はできぬで<6E5C>すか,,
dom1Kasumi_S01.mes,Script/dom1Kasumi_S01.mes,12,23,주인공,そう、それだよ!それじゃそう<6E5C>いうことで……,,
dom1Kasumi_S01.mes,Script/dom1Kasumi_S01.mes,13,17,주인공,(フゥ……なんとか切り抜けたか),,
dom1Kasumi_S01.mes,Script/dom1Kasumi_S01.mes,14,17,주인공,(今日は道場にでも行ってみるか),,
dom1Kasumi_S01.mes,Script/dom1Kasumi_S01.mes,15,23,주인공,この道場も年季が入ってボロくなっ<6E5C>てきたなぁ,,
dom1Kasumi_S01.mes,Script/dom1Kasumi_S01.mes,16,4,Kasumi,先輩!,,
dom1Kasumi_S01.mes,Script/dom1Kasumi_S01.mes,17,20,주인공,お、香澄、相変わらず真面目に稽古<6E5C>か?,,
dom1Kasumi_S01.mes,Script/dom1Kasumi_S01.mes,18,44,Kasumi,先輩が不真面目すぎるんです!<6E5C>道場に顔を出したと思えば、<6E5C>神聖な道場をボロいなどと……,,
dom1Kasumi_S01.mes,Script/dom1Kasumi_S01.mes,19,26,주인공,悪かったよ.俺ももうちょっと真面<6E5C>目にやらねぇとな,,
dom1Kasumi_S01.mes,Script/dom1Kasumi_S01.mes,20,44,Kasumi,せ、先輩!わたしの熱い思いがつ<6E5C>いに先輩を動かしたのですね.<6E5C>やはり、信念は岩をも貫く,,
dom1Kasumi_S01.mes,Script/dom1Kasumi_S01.mes,21,6,주인공,誰が岩だよ,,
dom1Kasumi_S01.mes,Script/dom1Kasumi_S01.mes,22,23,Kasumi,さぁ、早速お手合わせ願います.<6E5C>よろしいか?,,
dom1Kasumi_S01.mes,Script/dom1Kasumi_S01.mes,23,41,주인공,ちょ、ちょっと待った.俺、先生に<6E5C>呼び出しくらってるんだ.稽古はそ<6E5C>のあと、な?,,
dom1Kasumi_S01.mes,Script/dom1Kasumi_S01.mes,24,17,Kasumi,むむ……わかりました、では後ほど,,
dom1Kasumi_S01.mes,Script/dom1Kasumi_S01.mes,25,12,주인공,お、おう.それじゃあな,,
dom1Kasumi_S01.mes,Script/dom1Kasumi_S01.mes,26,17,주인공,(たまには道場で体を動かすかな),,
dom1Kasumi_S01.mes,Script/dom1Kasumi_S01.mes,27,3,Kasumi,先輩,,
dom1Kasumi_S01.mes,Script/dom1Kasumi_S01.mes,28,17,주인공,おう香澄.相変わらず稽古熱心だな,,
dom1Kasumi_S01.mes,Script/dom1Kasumi_S01.mes,29,11,Kasumi,何をしに来たんです?,,
dom1Kasumi_S01.mes,Script/dom1Kasumi_S01.mes,30,16,주인공,(えらくトゲのある言い方だな),,
dom1Kasumi_S01.mes,Script/dom1Kasumi_S01.mes,31,17,주인공,たまには稽古をしようかと思ってな,,
dom1Kasumi_S01.mes,Script/dom1Kasumi_S01.mes,32,7,Kasumi,本当ですか!,,
dom1Kasumi_S01.mes,Script/dom1Kasumi_S01.mes,33,9,주인공,……お手柔らかに,,
dom1Kasumi_S01.mes,Script/dom1Kasumi_S01.mes,34,13,Kasumi,では、参ります!とおー!,,
dom1Kasumi_S01.mes,Script/dom1Kasumi_S01.mes,35,13,[효과음/내레이션],バシッ、バキッ、ズズン!,,
dom1Kasumi_S01.mes,Script/dom1Kasumi_S01.mes,36,42,주인공,いてて……転んじまった.やっぱ稽<6E5C>古不足だな、俺は.ん?どうした<6E5C>香澄、怖い顔して,,
dom1Kasumi_S01.mes,Script/dom1Kasumi_S01.mes,37,61,Kasumi,やはり、先輩はお強い!なまりき<6E5C>っているはずの体技で、わたしの技<6E5C>をかわしきるのですから<485C>これは武道天覧会が楽しみですね,,
dom1Kasumi_S01.mes,Script/dom1Kasumi_S01.mes,38,10,주인공,あ、ああ、そうだな,,
dom1Kasumi_S01.mes,Script/dom1Kasumi_S01.mes,39,24,주인공,(出るとはひと言も言ってないんだ<6E5C>けどな……),,
dom1Kasumi_S02.mes,Script/dom1Kasumi_S02.mes,0,29,Kasumi,もしかして先輩は、部活動にもう<6E5C>興味がないのでしょうか?,,
dom1Kasumi_S02.mes,Script/dom1Kasumi_S02.mes,1,23,주인공,そ、そんなことはないぞ.香澄は<6E5C>稽古帰りか?,,
dom1Kasumi_S02.mes,Script/dom1Kasumi_S02.mes,2,3,Kasumi,はい,,
dom1Kasumi_S02.mes,Script/dom1Kasumi_S02.mes,3,21,주인공,なんでそんなに必死になって鍛え<6E5C>るんだ?,,
dom1Kasumi_S02.mes,Script/dom1Kasumi_S02.mes,4,11,Kasumi,……父さまのためです,,
dom1Kasumi_S02.mes,Script/dom1Kasumi_S02.mes,5,9,주인공,親父さんのため?,,
dom1Kasumi_S02.mes,Script/dom1Kasumi_S02.mes,6,86,Kasumi,はい.極限流の師範に果し合いで<6E5C>敗れて行方をくらました父さまの<6E5C>仇を討つために、<485C>武道を極めようと思っているの<6E5C>です<485C>そうすれば、父さまも戻ってきてく<6E5C>れるのではないかと,,
dom1Kasumi_S02.mes,Script/dom1Kasumi_S02.mes,7,15,주인공,そうか……香澄も大変なんだな,,
dom1Kasumi_S02.mes,Script/dom1Kasumi_S02.mes,8,27,주인공,(ちょっと真面目に稽古相手をして<6E5C>やんなきゃな……),,
dom1Kasumi_S02.mes,Script/dom1Kasumi_S02.mes,9,3,주인공,香澄,,
dom1Kasumi_S02.mes,Script/dom1Kasumi_S02.mes,10,22,Kasumi,あ、先輩.ちょうどいいところに現<6E5C>れました,,
dom1Kasumi_S02.mes,Script/dom1Kasumi_S02.mes,11,19,주인공,現れましたって……どうかしたの<6E5C>か?,,
dom1Kasumi_S02.mes,Script/dom1Kasumi_S02.mes,12,56,Kasumi,じつはこの先にある店の、<6E5C>クリームコロッケが絶品なんです<6E5C>けど、学校帰りに女の身で<485C>買い食いなどというのは……,,
dom1Kasumi_S02.mes,Script/dom1Kasumi_S02.mes,13,23,주인공,ふーん.香澄にも女らしい恥じらい<6E5C>があるのか,,
dom1Kasumi_S02.mes,Script/dom1Kasumi_S02.mes,14,37,Kasumi,わ、わたしは、打倒極限流のために<6E5C>精をつけておかなくてはと思っ<6E5C>て……!,,
dom1Kasumi_S02.mes,Script/dom1Kasumi_S02.mes,15,24,주인공,極限流といえば……親父さんは見つ<6E5C>かったのか?,,
dom1Kasumi_S02.mes,Script/dom1Kasumi_S02.mes,16,5,Kasumi,いえ……,,
dom1Kasumi_S02.mes,Script/dom1Kasumi_S02.mes,17,49,주인공,そ、そうか.え~っと、この先の<6E5C>コロッケ屋だな?よし、わかった.<6E5C>買ってくるからちょっと待ってろ,,
dom1Kasumi_S02.mes,Script/dom1Kasumi_S02.mes,18,4,Kasumi,はい!,,
dom1Kasumi_S02.mes,Script/dom1Kasumi_S02.mes,19,34,주인공,(びっくりした~あの香澄が泣きそ<6E5C>うな顔するなんて、意外だったな),,
dom1Kasumi_S03.mes,Script/dom1Kasumi_S03.mes,0,68,[선택지],U<0001><002A><0000><0000><0000><0000><0000><000E><0000><FFFF><0000><0000><0000><0018><001C><0000><0001><0000><0000><0000><0064><0058><0002>(ん?なんだあの怪しいおっさん<6E5C>は.こんな街中で武道着なんて着て<6E5C>きょろきょろして……寺,,
dom1Kasumi_S03.mes,Script/dom1Kasumi_S03.mes,1,10,주인공,あ、行っちまった),,
dom1Kasumi_S03.mes,Script/dom1Kasumi_S03.mes,2,4,Kasumi,先輩!,,
dom1Kasumi_S03.mes,Script/dom1Kasumi_S03.mes,3,5,주인공,あ、香澄,,
dom1Kasumi_S03.mes,Script/dom1Kasumi_S03.mes,4,22,주인공,(ここにも道着の怪しい人間が<6E5C>ひとり、か),,
dom1Kasumi_S03.mes,Script/dom1Kasumi_S03.mes,5,11,Kasumi,なんです、じろじろと,,
dom1Kasumi_S03.mes,Script/dom1Kasumi_S03.mes,6,37,주인공,いや、さっきお前と同じようなかっ<6E5C>こうをした怪しいおっさんを見かけ<6E5C>てな,,
dom1Kasumi_S03.mes,Script/dom1Kasumi_S03.mes,7,4,Kasumi,先輩!,,
dom1Kasumi_S03.mes,Script/dom1Kasumi_S03.mes,8,7,주인공,な、なんだよ,,
dom1Kasumi_S03.mes,Script/dom1Kasumi_S03.mes,9,10,Kasumi,その人の特徴は!?,,
dom1Kasumi_S03.mes,Script/dom1Kasumi_S03.mes,10,36,주인공,え~……長髪で、ハチマキをしてて<6E5C>……けっこう立派な口ひげがあった<6E5C>な,,
dom1Kasumi_S03.mes,Script/dom1Kasumi_S03.mes,11,7,Kasumi,父さまだわ!,,
dom1Kasumi_S03.mes,Script/dom1Kasumi_S03.mes,12,5,주인공,えぇ!?,,
dom1Kasumi_S03.mes,Script/dom1Kasumi_S03.mes,13,88,Kasumi,父さま……この街に帰ってらしたん<6E5C>ですね<485C>私、今後はこれくらいの時間に<6E5C>繁華街を探し回ることにします<485C>先輩もまたその人を見かけたら、<6E5C>教えてください.<6E5C>必ず捕らえてみせます!,,
dom1Kasumi_S03.mes,Script/dom1Kasumi_S03.mes,14,20,주인공,捕らえるって……父さまじゃねえの<6E5C>かよ,,
dom1Kasumi_S03.mes,Script/dom1Kasumi_S03.mes,15,13,주인공,(親子そろって変、だな),,
dom1Kasumi_S03.mes,Script/dom1Kasumi_S03.mes,16,22,주인공,(あ、香澄の親父さんだ!香澄に<6E5C>連絡を……寺,,
dom1Kasumi_S03.mes,Script/dom1Kasumi_S03.mes,17,15,주인공,ってあいつ携帯持ってねえよ!寺,,
dom1Kasumi_S03.mes,Script/dom1Kasumi_S03.mes,18,11,주인공,あぁ、行っちまった),,
dom1Kasumi_S03.mes,Script/dom1Kasumi_S03.mes,19,29,주인공,(とりあえず香澄を探すか……<6E5C>たぶん、あそこにいるはず),,
dom1Kasumi_S03.mes,Script/dom1Kasumi_S03.mes,20,10,주인공,(やっぱりいた!),,
dom1Kasumi_S03.mes,Script/dom1Kasumi_S03.mes,21,15,주인공,香澄.……何を食ってるんだ?,,
dom1Kasumi_S03.mes,Script/dom1Kasumi_S03.mes,22,13,Kasumi,モグ……い、いえ、これは,,
dom1Kasumi_S03.mes,Script/dom1Kasumi_S03.mes,23,33,주인공,コロッケ食ってる場合じゃねえよ.<6E5C>さっきまた親父さんを見かけたぞ,,
dom1Kasumi_S03.mes,Script/dom1Kasumi_S03.mes,24,13,Kasumi,モグ……ほ、本当ですか!,,
dom1Kasumi_S03.mes,Script/dom1Kasumi_S03.mes,25,13,주인공,食うのやめて驚けよな……,,
dom1Kasumi_S03.mes,Script/dom1Kasumi_S03.mes,26,19,Kasumi,モグ……それで、父さまはどこ<6E5C>に!?,,
dom1Kasumi_S03.mes,Script/dom1Kasumi_S03.mes,27,14,주인공,それが見失っちまったんだよ,,
dom1Kasumi_S03.mes,Script/dom1Kasumi_S03.mes,28,7,Kasumi,モグ……チッ,,
dom1Kasumi_S03.mes,Script/dom1Kasumi_S03.mes,29,16,주인공,……お前、今舌打ちしなかった?,,
dom1Kasumi_S03.mes,Script/dom1Kasumi_S03.mes,30,20,Kasumi,まさか.そんなわけないじゃないで<6E5C>すか,,
dom1Kasumi_S03.mes,Script/dom1Kasumi_S03.mes,31,8,주인공,……まぁいいか,,
dom1Kasumi_S03.mes,Script/dom1Kasumi_S03.mes,32,39,주인공,(あれは香澄の親父さん!香澄は<6E5C>いねえし、しょうがない、俺が捕ま<6E5C>えるか!),,
dom1Kasumi_S03.mes,Script/dom1Kasumi_S03.mes,33,4,Kaidou,<이름:3131>!,,
dom1Kasumi_S03.mes,Script/dom1Kasumi_S03.mes,34,9,주인공,うわ、こんな時に,,
dom1Kasumi_S03.mes,Script/dom1Kasumi_S03.mes,35,27,Kaidou,何をあわててやがんだぁ?ママの<6E5C>形見でも落としたかよ,,
dom1Kasumi_S03.mes,Script/dom1Kasumi_S03.mes,36,13,주인공,あ、ちょっと待って……!,,
dom1Kasumi_S03.mes,Script/dom1Kasumi_S03.mes,37,23,Kaidou,テメェ、オレのことを<6E5C>無視してんじゃねえよ!,,
dom1Kasumi_S03.mes,Script/dom1Kasumi_S03.mes,38,25,주인공,どけっ!今はお前の相手をしてる<6E5C>暇はないんだよ!,,
dom1Kasumi_S03.mes,Script/dom1Kasumi_S03.mes,39,12,Kaidou,おもしれぇ、力づくか?,,
dom1Kasumi_S03.mes,Script/dom1Kasumi_S03.mes,40,13,[효과음/내레이션],ドカッ、バキッ、ドーン!,,
dom1Kasumi_S03.mes,Script/dom1Kasumi_S03.mes,41,5,주인공,うわぁ!,,
dom1Kasumi_S03.mes,Script/dom1Kasumi_S03.mes,42,25,Kaidou,へっ、なんだよ<이름:3131>.<6E5C>テメェも落ちぶれたもんだな,,
dom1Kasumi_S03.mes,Script/dom1Kasumi_S03.mes,43,13,주인공,お、お前……この技は……,,
dom1Kasumi_S03.mes,Script/dom1Kasumi_S03.mes,44,9,[효과음/내레이션],……先輩、先輩!,,
dom1Kasumi_S03.mes,Script/dom1Kasumi_S03.mes,45,6,주인공,……いてて,,
dom1Kasumi_S03.mes,Script/dom1Kasumi_S03.mes,46,15,Kasumi,先輩、気がつかれましたか!?,,
dom1Kasumi_S03.mes,Script/dom1Kasumi_S03.mes,47,22,주인공,香澄?なんで俺こんなところに寝<6E5C>転んで……,,
dom1Kasumi_S03.mes,Script/dom1Kasumi_S03.mes,48,28,Kasumi,驚きましたよ、人だかりの中で先輩<6E5C>が倒れてるんですから,,
dom1Kasumi_S03.mes,Script/dom1Kasumi_S03.mes,49,14,주인공,そうか、俺は重ね当てで……,,
dom1Kasumi_S03.mes,Script/dom1Kasumi_S03.mes,50,25,Kasumi,重ね当て!?まさか、父さまにや<6E5C>られたのですか?,,
dom1Kasumi_S03.mes,Script/dom1Kasumi_S03.mes,51,42,주인공,いや、そうじゃない.けど……あの<6E5C>技は間違いなく重ね当てだった.<6E5C>なんで海堂が……,,
dom1Kasumi_S03.mes,Script/dom1Kasumi_S03.mes,52,33,Kasumi,重ね当ては我が流派の奥義.門外漢<6E5C>が使えるはずはないのですが……,,
dom1Kasumi_S03.mes,Script/dom1Kasumi_S03.mes,53,47,주인공,香澄、お前の親父さん、これからは<6E5C>俺も一緒に探すよ.どうも他人事<6E5C>じゃなくなってきたみたいだ,,
dom1Kasumi_S04.mes,Script/dom1Kasumi_S04.mes,0,13,주인공,あれ、今日は香澄だけか?,,
dom1Kasumi_S04.mes,Script/dom1Kasumi_S04.mes,1,24,Kasumi,はい.みんな夏休みは予定がぎっし<6E5C>りだそうです,,
dom1Kasumi_S04.mes,Script/dom1Kasumi_S04.mes,2,17,주인공,しまった……来ないでよかったのか,,
dom1Kasumi_S04.mes,Script/dom1Kasumi_S04.mes,3,4,Kasumi,何か?,,
dom1Kasumi_S04.mes,Script/dom1Kasumi_S04.mes,4,40,주인공,い、いや、なんでも.ただ、そろ<6E5C>そろ奥義みたいなのを教えてほしい<6E5C>なぁと思って,,
dom1Kasumi_S04.mes,Script/dom1Kasumi_S04.mes,5,4,Kasumi,先輩!,,
dom1Kasumi_S04.mes,Script/dom1Kasumi_S04.mes,6,26,주인공,あ、悪い.そんな簡単に覚えられる<6E5C>もんじゃねえよな,,
dom1Kasumi_S04.mes,Script/dom1Kasumi_S04.mes,7,6,Kasumi,感激です!,,
dom1Kasumi_S04.mes,Script/dom1Kasumi_S04.mes,8,3,Kasumi,は?,,
dom1Kasumi_S04.mes,Script/dom1Kasumi_S04.mes,9,62,Kasumi,あの先輩がそんなにやる気を出して<6E5C>くださるなんて……<485C>わかりました!<6E5C>藤堂流の真髄を、骨の髄まで叩<6E5C>き込んでさし上げます!,,
dom1Kasumi_S04.mes,Script/dom1Kasumi_S04.mes,10,5,주인공,お、おう,,
dom1Kasumi_S04.mes,Script/dom1Kasumi_S04.mes,11,24,주인공,(しまった~、余計なことを…….<6E5C>俺のバカ!),,
dom1Kasumi_S05.mes,Script/dom1Kasumi_S05.mes,0,62,[선택지],#<0001><0018><000D><0000><0001><0000><0000><002A><0000><0000><0000><0000><0000><000E><0007><FFFF><0000><0000><0000><0000><0058><004C><0008>先輩.大会も近づいて参りました<6E5C>し、今後はみっちり修行に明け<6E5C>募れましょう,,
dom1Kasumi_S05.mes,Script/dom1Kasumi_S05.mes,1,6,주인공,お、おう!,,
dom1Kasumi_S05.mes,Script/dom1Kasumi_S05.mes,2,22,Kasumi,今日は藤堂流の奥義、重ね当てを<6E5C>伝授します,,
dom1Kasumi_S05.mes,Script/dom1Kasumi_S05.mes,3,13,주인공,お、奥義か……緊張するな,,
dom1Kasumi_S05.mes,Script/dom1Kasumi_S05.mes,4,50,Kasumi,ただ、一朝一夕で覚えられるほど甘<6E5C>いものではないので、ひとつずつ順<6E5C>を追って極めていってもらいます,,
dom1Kasumi_S05.mes,Script/dom1Kasumi_S05.mes,5,6,주인공,お、押忍!,,
dom1Kasumi_S05.mes,Script/dom1Kasumi_S05.mes,6,32,주인공,(香澄からただならぬ気を感じる<6E5C>…….気を抜いたら死ぬ、かも),,
dom1Kasumi_S05.mes,Script/dom1Kasumi_S05.mes,7,16,Kasumi,では、まずは丹田に力を込めて!,,
dom1Kasumi_S05.mes,Script/dom1Kasumi_S05.mes,8,7,주인공,丹田に力を!,,
dom1Kasumi_S05.mes,Script/dom1Kasumi_S05.mes,9,7,Kasumi,込めました?,,
dom1Kasumi_S05.mes,Script/dom1Kasumi_S05.mes,10,8,주인공,お、おぉう……,,
dom1Kasumi_S05.mes,Script/dom1Kasumi_S05.mes,11,12,주인공,(腹がねじ切れそうだ),,
dom1Kasumi_S05.mes,Script/dom1Kasumi_S05.mes,12,5,Kasumi,とおー!,,
dom1Kasumi_S05.mes,Script/dom1Kasumi_S05.mes,13,5,[효과음/내레이션],ズンッ!,,
dom1Kasumi_S05.mes,Script/dom1Kasumi_S05.mes,14,21,주인공,ぐほっ!な、なんでボディー<6E5C>ブローを……,,
dom1Kasumi_S05.mes,Script/dom1Kasumi_S05.mes,15,20,Kasumi,この程度の力の入れ具合では、まだ<6E5C>まだ,,
dom1Kasumi_S05.mes,Script/dom1Kasumi_S05.mes,16,14,주인공,な、殴る前に言えよ、な……,,
dom1Kasumi_S05.mes,Script/dom1Kasumi_S05.mes,17,19,주인공,(お、女の打つパンチじゃ<6E5C>ねえ……),,
dom1Kasumi_S05.mes,Script/dom1Kasumi_S05.mes,18,4,[효과음/내레이션],バタン,,
dom1Kasumi_S05.mes,Script/dom1Kasumi_S05.mes,19,7,Kasumi,行きますよ!,,
dom1Kasumi_S05.mes,Script/dom1Kasumi_S05.mes,20,4,주인공,おう!,,
dom1Kasumi_S05.mes,Script/dom1Kasumi_S05.mes,21,5,Kasumi,とおー!,,
dom1Kasumi_S05.mes,Script/dom1Kasumi_S05.mes,22,5,[효과음/내레이션],ズンッ!,,
dom1Kasumi_S05.mes,Script/dom1Kasumi_S05.mes,23,45,주인공,……いてて.相変わらずすさまじい<6E5C>威力だな.でも香澄のパンチに耐え<6E5C>られるようになったぞ,,
dom1Kasumi_S05.mes,Script/dom1Kasumi_S05.mes,24,40,Kasumi,さすがです、先輩.では、次の段階<6E5C>にまいりましょう.まずは丹田に<6E5C>力を入れ……,,
dom1Kasumi_S05.mes,Script/dom1Kasumi_S05.mes,25,9,주인공,丹田に力を……!,,
dom1Kasumi_S05.mes,Script/dom1Kasumi_S05.mes,26,22,Kasumi,されど体は、流れにたゆたう落ち<6E5C>葉のように,,
dom1Kasumi_S05.mes,Script/dom1Kasumi_S05.mes,27,11,주인공,た、たゆたう落ち葉?,,
dom1Kasumi_S05.mes,Script/dom1Kasumi_S05.mes,28,5,Kasumi,とおー!,,
dom1Kasumi_S05.mes,Script/dom1Kasumi_S05.mes,29,5,[효과음/내레이션],バキッ!,,
dom1Kasumi_S05.mes,Script/dom1Kasumi_S05.mes,30,15,주인공,ぐわっ!こ、今度は当て身……,,
dom1Kasumi_S05.mes,Script/dom1Kasumi_S05.mes,31,29,Kasumi,先輩!この程度の打撃は柳のよう<6E5C>に流してくださらないと!,,
dom1Kasumi_S05.mes,Script/dom1Kasumi_S05.mes,32,17,주인공,お、落ち葉じゃなかったのかよ……,,
dom1Kasumi_S05.mes,Script/dom1Kasumi_S05.mes,33,19,주인공,(ダメだ、やっぱ俺、死ぬ<6E5C>かも……),,
dom1Kasumi_S05.mes,Script/dom1Kasumi_S05.mes,34,26,Kasumi,さぁ先輩!今日で重ね当てを覚え<6E5C>てもらいますからね,,
dom1Kasumi_S05.mes,Script/dom1Kasumi_S05.mes,35,20,주인공,もうこうなりゃヤケだ!なんでも<6E5C>来い!,,
dom1Kasumi_S05.mes,Script/dom1Kasumi_S05.mes,36,9,Kasumi,その意気やよし!,,
dom1Kasumi_S05.mes,Script/dom1Kasumi_S05.mes,37,34,주인공,(丹田に力を込め……されど体は流<6E5C>れにたゆたう落ち葉のように……),,
dom1Kasumi_S05.mes,Script/dom1Kasumi_S05.mes,38,43,Kasumi,お見事です、先輩!そしてそこで<6E5C>相手の攻撃を受け流しつつ、<6E5C>気を開放する……とおー!,,
dom1Kasumi_S05.mes,Script/dom1Kasumi_S05.mes,39,9,[효과음/내레이션],ズンッ!バキッ!,,
dom1Kasumi_S05.mes,Script/dom1Kasumi_S05.mes,40,5,주인공,うわ~!,,
dom1Kasumi_S05.mes,Script/dom1Kasumi_S05.mes,41,4,[효과음/내레이션],ドタッ,,
dom1Kasumi_S05.mes,Script/dom1Kasumi_S05.mes,42,15,Kasumi,先輩!何をやってるんですか!,,
dom1Kasumi_S05.mes,Script/dom1Kasumi_S05.mes,43,32,주인공,いや、何をやってるんですかって…<6E5C>…何をやったらいいんですか?,,
dom1Kasumi_S05.mes,Script/dom1Kasumi_S05.mes,44,11,Kasumi,だから気の開放ですよ,,
dom1Kasumi_S05.mes,Script/dom1Kasumi_S05.mes,45,23,주인공,そ、その方法を教えろって、<6E5C>言ってんだよ……,,
dom1Kasumi_S05.mes,Script/dom1Kasumi_S05.mes,46,12,주인공,(あぁ……意識が……),,
dom1Kasumi_S06.mes,Script/dom1Kasumi_S06.mes,0,36,[선택지],A<0001><0018><000D><0002><0001><0000><0000><002A><0000><0000><0000><0000><0000><000E><0007><FFFF><0000><0000><0000><0000><0024><0018><0008>今日の稽古はここまで!,,
dom1Kasumi_S06.mes,Script/dom1Kasumi_S06.mes,1,8,주인공,お、終わった~,,
dom1Kasumi_S06.mes,Script/dom1Kasumi_S06.mes,2,21,Kasumi,先輩、このあと何かご予定はあり<6E5C>ますか?,,
dom1Kasumi_S06.mes,Script/dom1Kasumi_S06.mes,3,10,주인공,いや、別にないけど,,
dom1Kasumi_S06.mes,Script/dom1Kasumi_S06.mes,4,15,Kasumi,それでは、一緒に帰りましょう,,
dom1Kasumi_S06.mes,Script/dom1Kasumi_S06.mes,5,3,주인공,おう,,
dom1Kasumi_S06.mes,Script/dom1Kasumi_S06.mes,6,24,주인공,そういえば、親父さんはどこに行っ<6E5C>たんだろうな,,
dom1Kasumi_S06.mes,Script/dom1Kasumi_S06.mes,7,30,Kasumi,わかりません.ただ、そう遠くでは<6E5C>ないような気がするんです,,
dom1Kasumi_S06.mes,Script/dom1Kasumi_S06.mes,8,6,주인공,女の勘か?,,
dom1Kasumi_S06.mes,Script/dom1Kasumi_S06.mes,9,17,Kasumi,いえ、武道家の勘です.それに……,,
dom1Kasumi_S06.mes,Script/dom1Kasumi_S06.mes,10,5,주인공,それに?,,
dom1Kasumi_S06.mes,Script/dom1Kasumi_S06.mes,11,30,Kasumi,先輩と一緒にいれば、そのうち見つ<6E5C>かるような気がするんです,,
dom1Kasumi_S06.mes,Script/dom1Kasumi_S06.mes,12,8,주인공,そうだといいな,,
dom1Kasumi_S06.mes,Script/dom1Kasumi_S06.mes,13,22,Kasumi,あ、あの……だから、その……<6E5C>わたしと……,,
dom1Kasumi_S06.mes,Script/dom1Kasumi_S06.mes,14,3,주인공,ん?,,
dom1Kasumi_S06.mes,Script/dom1Kasumi_S06.mes,15,30,Kasumi,い、いえ、なんでもありません!<6E5C>わたし、ここで失礼します!,,
dom1Kasumi_S06.mes,Script/dom1Kasumi_S06.mes,16,19,주인공,(なんだ?何を言いかけたんだろ<6E5C>う),,
dom1Kasumi_S06.mes,Script/dom1Kasumi_S06.mes,17,19,주인공,よっしゃ~!今日の練習も終わり<6E5C>だ!,,
dom1Kasumi_S06.mes,Script/dom1Kasumi_S06.mes,18,33,Kasumi,先輩、帰りに寄りたい場所があるん<6E5C>ですけど、一緒に行きませんか?,,
dom1Kasumi_S06.mes,Script/dom1Kasumi_S06.mes,19,17,주인공,ああ、いいよ.それじゃ、行こうか,,
dom1Kasumi_S06.mes,Script/dom1Kasumi_S06.mes,20,48,Kasumi,あ、ここです!ここのクリーム<6E5C>コロッケが絶品なんですよ!すみま<6E5C>せん、クリームコロッケをふたつ,,
dom1Kasumi_S06.mes,Script/dom1Kasumi_S06.mes,21,10,UNKNOWN_2c,はいよ、180円ね,,
dom1Kasumi_S06.mes,Script/dom1Kasumi_S06.mes,22,14,Kasumi,えっと、お財布は……あれ?,,
dom1Kasumi_S06.mes,Script/dom1Kasumi_S06.mes,23,14,주인공,なんだ、財布なくしたのか?,,
dom1Kasumi_S06.mes,Script/dom1Kasumi_S06.mes,24,6,UNKNOWN_2c,食い逃げ!,,
dom1Kasumi_S06.mes,Script/dom1Kasumi_S06.mes,25,31,Kasumi,だ、誰が食い逃げですか!ちょっと<6E5C>お財布を探してるだけです!,,
dom1Kasumi_S06.mes,Script/dom1Kasumi_S06.mes,26,15,UNKNOWN_2c,食い逃げだけは許さないよー!,,
dom1Kasumi_S06.mes,Script/dom1Kasumi_S06.mes,27,17,Kasumi,だから違うって言ってるでしょう!,,
dom1Kasumi_S06.mes,Script/dom1Kasumi_S06.mes,28,42,주인공,ちょ、ちょっと待った.金は俺が払<6E5C>うから、ふたりとも落ち着けって.<6E5C>はい、180円,,
dom1Kasumi_S06.mes,Script/dom1Kasumi_S06.mes,29,24,UNKNOWN_2c,毎度~.私はお金さえもらえれば、<6E5C>それでいいよ,,
dom1Kasumi_S06.mes,Script/dom1Kasumi_S06.mes,30,25,Kasumi,先輩!わたしの濡れ衣が晴れない<6E5C>じゃないですか!,,
dom1Kasumi_S06.mes,Script/dom1Kasumi_S06.mes,31,23,주인공,まぁまぁ、うまいコロッケ食いなが<6E5C>ら帰ろうぜ,,
dom1Kasumi_S06.mes,Script/dom1Kasumi_S06.mes,32,16,Kasumi,……わかりました.いただきます,,
dom1Kasumi_S06.mes,Script/dom1Kasumi_S06.mes,33,19,주인공,(フゥ、なんとか落ち着いた<6E5C>か……),,
dom1Kasumi_S06.mes,Script/dom1Kasumi_S06.mes,34,9,Kasumi,奥義、重ね当て!,,
dom1Kasumi_S06.mes,Script/dom1Kasumi_S06.mes,35,6,[효과음/내레이션],ドド~ン!,,
dom1Kasumi_S06.mes,Script/dom1Kasumi_S06.mes,36,6,주인공,ま、参った,,
dom1Kasumi_S06.mes,Script/dom1Kasumi_S06.mes,37,21,Kasumi,ふぅ、今日の稽古はここまでにしま<6E5C>しょう,,
dom1Kasumi_S06.mes,Script/dom1Kasumi_S06.mes,38,34,주인공,そ、そうだな.そうだ、帰りに<6E5C>ネオジオランドにでも寄って<6E5C>いくか?,,
dom1Kasumi_S06.mes,Script/dom1Kasumi_S06.mes,39,24,Kasumi,ゲームセンターですか?……まぁ、<6E5C>いいですけど,,
dom1Kasumi_S06.mes,Script/dom1Kasumi_S06.mes,40,8,주인공,よし、行こう!,,
dom1Kasumi_S06.mes,Script/dom1Kasumi_S06.mes,41,23,Kasumi,わたし、こういうところに来るの、<6E5C>初めてです,,
dom1Kasumi_S06.mes,Script/dom1Kasumi_S06.mes,42,21,주인공,なかなか面白いぞ、たまにはこうい<6E5C>うのも,,
dom1Kasumi_S06.mes,Script/dom1Kasumi_S06.mes,43,15,Kasumi,あ、このぬいぐるみかわいい!,,
dom1Kasumi_S06.mes,Script/dom1Kasumi_S06.mes,44,22,주인공,お、クレーンゲームか?よし、<6E5C>取ってやるよ,,
dom1Kasumi_S06.mes,Script/dom1Kasumi_S06.mes,45,10,[효과음/내레이션],ウィィィン、ゴトッ,,
dom1Kasumi_S06.mes,Script/dom1Kasumi_S06.mes,46,15,Kasumi,すごい、先輩!取れましたよ!,,
dom1Kasumi_S06.mes,Script/dom1Kasumi_S06.mes,47,7,주인공,ほら、やるよ,,
dom1Kasumi_S06.mes,Script/dom1Kasumi_S06.mes,48,20,Kasumi,ありがとうございます!大切にし<6E5C>ます!,,
dom1Kasumi_S06.mes,Script/dom1Kasumi_S06.mes,49,22,주인공,(香澄も、こんな無邪気な顔を<6E5C>するんだな),,
dom1Kasumi_ending1.mes,Script/dom1Kasumi_ending1.mes,0,9,주인공,……無我の境地へ,,
dom1Kasumi_ending1.mes,Script/dom1Kasumi_ending1.mes,1,13,Kaidou,何!目をつぶりやがった!,,
dom1Kasumi_ending1.mes,Script/dom1Kasumi_ending1.mes,2,17,주인공,そして……すべての気を開放する!,,
dom1Kasumi_ending1.mes,Script/dom1Kasumi_ending1.mes,3,9,UNKNOWN_0c,うぉぉ!あれは!,,
dom1Kasumi_ending1.mes,Script/dom1Kasumi_ending1.mes,4,5,Kasumi,先輩!!,,
dom1Kasumi_ending1.mes,Script/dom1Kasumi_ending1.mes,5,11,주인공,心眼。葛落とし!!!,,
dom1Kasumi_ending1.mes,Script/dom1Kasumi_ending1.mes,6,11,[효과음/내레이션],ズゴォォォォン!!!,,
dom1Kasumi_ending1.mes,Script/dom1Kasumi_ending1.mes,7,28,주인공,(……なんだ?えらく静かだな…<6E5C>…俺は、負けたのか?),,
dom1Kasumi_ending1.mes,Script/dom1Kasumi_ending1.mes,8,4,Kasumi,先輩!,,
dom1Kasumi_ending1.mes,Script/dom1Kasumi_ending1.mes,9,21,주인공,(香澄?あぁ……俺は意識を失っ<6E5C>て……),,
dom1Kasumi_ending1.mes,Script/dom1Kasumi_ending1.mes,10,13,Kasumi,先輩!立ってください!!,,
dom1Kasumi_ending1.mes,Script/dom1Kasumi_ending1.mes,11,27,주인공,(相変わらずムチャな奴だな……<6E5C>体が動かないんだよ),,
dom1Kasumi_ending1.mes,Script/dom1Kasumi_ending1.mes,12,14,Kasumi,約束はどうしたんですか!!,,
dom1Kasumi_ending1.mes,Script/dom1Kasumi_ending1.mes,13,34,주인공,(約束……そうだ、約束したんだっ<6E5C>た.俺は……負けちゃいけない!),,
dom1Kasumi_ending1.mes,Script/dom1Kasumi_ending1.mes,14,5,UNKNOWN_23,ウワー!,,
dom1Kasumi_ending1.mes,Script/dom1Kasumi_ending1.mes,15,11,UNKNOWN_23,ウォォ!立ったぞ!!,,
dom1Kasumi_ending1.mes,Script/dom1Kasumi_ending1.mes,16,4,Kasumi,先輩!,,
dom1Kasumi_ending1.mes,Script/dom1Kasumi_ending1.mes,17,5,주인공,香澄……,,
dom1Kasumi_ending1.mes,Script/dom1Kasumi_ending1.mes,18,14,UNKNOWN_22,勝者!清泉学園、<이름:3131><이름:3232>!,,
dom1Kasumi_ending1.mes,Script/dom1Kasumi_ending1.mes,19,10,주인공,勝った、のか……?,,
dom1Kasumi_ending1.mes,Script/dom1Kasumi_ending1.mes,20,16,Kasumi,そうです!先輩が勝ったんです!,,
dom1Kasumi_ending1.mes,Script/dom1Kasumi_ending1.mes,21,16,주인공,そうか……俺が、勝った、か……,,
dom1Kasumi_ending1.mes,Script/dom1Kasumi_ending1.mes,22,5,[효과음/내레이션],バタン!,,
dom1Kasumi_ending1.mes,Script/dom1Kasumi_ending1.mes,23,5,주인공,(……),,
dom1Kasumi_ending1.mes,Script/dom1Kasumi_ending1.mes,24,5,Kasumi,……先輩,,
dom1Kasumi_ending1.mes,Script/dom1Kasumi_ending1.mes,25,5,주인공,(……),,
dom1Kasumi_ending1.mes,Script/dom1Kasumi_ending1.mes,26,3,Kasumi,先輩,,
dom1Kasumi_ending1.mes,Script/dom1Kasumi_ending1.mes,27,6,주인공,(……ん),,
dom1Kasumi_ending1.mes,Script/dom1Kasumi_ending1.mes,28,4,Kasumi,先輩!,,
dom1Kasumi_ending1.mes,Script/dom1Kasumi_ending1.mes,29,4,Kasumi,先輩!,,
dom1Kasumi_ending1.mes,Script/dom1Kasumi_ending1.mes,30,9,주인공,……おお、香澄か,,
dom1Kasumi_ending1.mes,Script/dom1Kasumi_ending1.mes,31,12,Kasumi,やっと気がつきましたか,,
dom1Kasumi_ending1.mes,Script/dom1Kasumi_ending1.mes,32,10,주인공,ん?ここ、どこだ?,,
dom1Kasumi_ending1.mes,Script/dom1Kasumi_ending1.mes,33,6,Kasumi,河原ですよ,,
dom1Kasumi_ending1.mes,Script/dom1Kasumi_ending1.mes,34,20,주인공,もしかして、香澄が運んでくれたの<6E5C>か?,,
dom1Kasumi_ending1.mes,Script/dom1Kasumi_ending1.mes,35,4,Kasumi,まさか,,
dom1Kasumi_ending1.mes,Script/dom1Kasumi_ending1.mes,36,42,주인공,そ、そうだよな.いくら香澄でも、<6E5C>気を失った俺をここまで担いでくる<6E5C>のは無理だよな,,
dom1Kasumi_ending1.mes,Script/dom1Kasumi_ending1.mes,37,6,Kasumi,父さまです,,
dom1Kasumi_ending1.mes,Script/dom1Kasumi_ending1.mes,38,3,주인공,え?,,
dom1Kasumi_ending1.mes,Script/dom1Kasumi_ending1.mes,39,14,Kasumi,父さまが運んでくれたんです,,
dom1Kasumi_ending1.mes,Script/dom1Kasumi_ending1.mes,40,14,주인공,なんで香澄の親父さんが……,,
dom1Kasumi_ending1.mes,Script/dom1Kasumi_ending1.mes,41,19,Kasumi,先輩のことを認めてくれたので<6E5C>しょう,,
dom1Kasumi_ending1.mes,Script/dom1Kasumi_ending1.mes,42,7,주인공,そうなのか?,,
dom1Kasumi_ending1.mes,Script/dom1Kasumi_ending1.mes,43,59,Kasumi,はい.先輩が最後に出した技……<6E5C>心眼・葛落としですが、<485C>あれは父さまが長年追い求めている<6E5C>藤堂流の究極奥義らしいです,,
dom1Kasumi_ending1.mes,Script/dom1Kasumi_ending1.mes,44,25,Kasumi,よもや先を越されるとは……と悔し<6E5C>がっていました,,
dom1Kasumi_ending1.mes,Script/dom1Kasumi_ending1.mes,45,42,주인공,あれは無意識で出した技だからな<6E5C>……それをほめられてもあんまり<6E5C>覚えてないんだけど,,
dom1Kasumi_ending1.mes,Script/dom1Kasumi_ending1.mes,46,31,Kasumi,わたしも驚きました.あんな技、<6E5C>稽古でも出したことがないのに,,
dom1Kasumi_ending1.mes,Script/dom1Kasumi_ending1.mes,47,24,주인공,もう一回やれって言われても、<6E5C>できないだろうな,,
dom1Kasumi_ending1.mes,Script/dom1Kasumi_ending1.mes,48,28,Kasumi,だいじょうぶ!これから稽古<6E5C>すれば、本物になりますよ!,,
dom1Kasumi_ending1.mes,Script/dom1Kasumi_ending1.mes,49,53,주인공,おいおい、さっき大会が終わった<6E5C>ところなんだぞ.<6E5C>ちょっと休ませてくれよ<485C>……ん、俺、優勝したんだよな?,,
dom1Kasumi_ending1.mes,Script/dom1Kasumi_ending1.mes,50,14,Kasumi,はい!トロフィーもここに!,,
dom1Kasumi_ending1.mes,Script/dom1Kasumi_ending1.mes,51,10,주인공,そっか……よかった,,
dom1Kasumi_ending1.mes,Script/dom1Kasumi_ending1.mes,52,22,Kasumi,どうぞ、先輩.優勝、おめでとう<6E5C>ございます,,
dom1Kasumi_ending1.mes,Script/dom1Kasumi_ending1.mes,53,13,주인공,いや、それは受け取れない,,
dom1Kasumi_ending1.mes,Script/dom1Kasumi_ending1.mes,54,6,Kasumi,なぜです?,,
dom1Kasumi_ending1.mes,Script/dom1Kasumi_ending1.mes,55,25,주인공,それは俺たちで決勝戦をして、<6E5C>勝った方のものだろ,,
dom1Kasumi_ending1.mes,Script/dom1Kasumi_ending1.mes,56,5,Kasumi,先輩……,,
dom1Kasumi_ending1.mes,Script/dom1Kasumi_ending1.mes,57,68,주인공,じつはさ、海堂との闘いの最後の<6E5C>最後、俺ちょっとあきらめかけた<6E5C>んだ<485C>でも、香澄の声が閉こえて……<6E5C>それで開き直って最後の技を<6E5C>出せた,,
dom1Kasumi_ending1.mes,Script/dom1Kasumi_ending1.mes,58,20,주인공,あの試合に勝てたのは、香澄のおか<6E5C>げだ,,
dom1Kasumi_ending1.mes,Script/dom1Kasumi_ending1.mes,59,3,Kasumi,……,,
dom1Kasumi_ending1.mes,Script/dom1Kasumi_ending1.mes,60,23,주인공,俺、約束守ったよ.お前のこと、<6E5C>守り通すって,,
dom1Kasumi_ending1.mes,Script/dom1Kasumi_ending1.mes,61,15,Kasumi,はい.ありがとうございました,,
dom1Kasumi_ending1.mes,Script/dom1Kasumi_ending1.mes,62,16,주인공,で、あの……その約束なんだけど,,
dom1Kasumi_ending1.mes,Script/dom1Kasumi_ending1.mes,63,4,Kasumi,何か?,,
dom1Kasumi_ending1.mes,Script/dom1Kasumi_ending1.mes,64,22,주인공,もうちょっと延長したいんだけど、<6E5C>いいかな,,
dom1Kasumi_ending1.mes,Script/dom1Kasumi_ending1.mes,65,5,Kasumi,……先輩,,
dom1Kasumi_ending1.mes,Script/dom1Kasumi_ending1.mes,66,34,주인공,俺、もっと強くなって、もっとちゃ<6E5C>んと香澄のこと守れる男になるから,,
dom1Kasumi_ending1.mes,Script/dom1Kasumi_ending1.mes,67,4,Kasumi,はい!,,
dom1Kasumi_ending1.mes,Script/dom1Kasumi_ending1.mes,68,6,주인공,香澄……?,,
dom1Kasumi_ending1.mes,Script/dom1Kasumi_ending1.mes,69,24,Kasumi,お礼、です.これからも、よろしく<6E5C>お願いします,,
dom1Kasumi_ending1.mes,Script/dom1Kasumi_ending1.mes,70,6,주인공,……ああ!,,
dom1Kasumi_ending1.mes,Script/dom1Kasumi_ending1.mes,71,5,UNKNOWN_21,天晴れ!,,
dom1Kasumi_ending1.mes,Script/dom1Kasumi_ending1.mes,72,3,주인공,!?,,
dom1Kasumi_ending1.mes,Script/dom1Kasumi_ending1.mes,73,5,Kasumi,父さま!,,
dom1Kasumi_ending1.mes,Script/dom1Kasumi_ending1.mes,74,12,UNKNOWN_0c,よくぞ言った、<이름:3131>よ!,,
dom1Kasumi_ending1.mes,Script/dom1Kasumi_ending1.mes,75,9,주인공,な、なんだ……?,,
dom1Kasumi_ending1.mes,Script/dom1Kasumi_ending1.mes,76,59,UNKNOWN_0c,わしはこれから、貴様を倒せるよ<6E5C>り強い逸材を探す旅に出ることに<6E5C>した<485C><이름:3131>よ、それまでは香澄との<6E5C>交際を許してやろう,,
dom1Kasumi_ending1.mes,Script/dom1Kasumi_ending1.mes,77,60,UNKNOWN_0c,だが覚えておれよ、必ず貴様を倒す<6E5C>ことのできる男を見つけ出して<6E5C>みせる<485C>首を洗って待っておるがよい.<6E5C>ワーッハッハッハ,,
dom1Kasumi_ending1.mes,Script/dom1Kasumi_ending1.mes,78,22,Kasumi,父さま!打倒極限流はよろしいの<6E5C>ですか!?,,
dom1Kasumi_ending1.mes,Script/dom1Kasumi_ending1.mes,79,24,UNKNOWN_0c,それはお前とその男に任せる.しっ<6E5C>かりやれい!,,
dom1Kasumi_ending1.mes,Script/dom1Kasumi_ending1.mes,80,36,Kasumi,まったく、父さまったら…….<6E5C>すみません、先輩.<6E5C>勝手ばかりの父さまで,,
dom1Kasumi_ending1.mes,Script/dom1Kasumi_ending1.mes,81,32,주인공,た、たくましいお父さんだな.次に<6E5C>会うまで、首を洗ってなきゃな,,
dom1Kasumi_ending1.mes,Script/dom1Kasumi_ending1.mes,82,15,Kasumi,まさか負けるおつもりですか?,,
dom1Kasumi_ending1.mes,Script/dom1Kasumi_ending1.mes,83,56,주인공,まさか.勝ち続ける限り、親父さん<6E5C>も俺と香澄のことを邪魔しないん<6E5C>だろ?<485C>だったら、絶対に負けられない<6E5C>だろう,,
dom1Kasumi_ending1.mes,Script/dom1Kasumi_ending1.mes,84,5,Kasumi,先輩……,,
dom1Kasumi_ending1.mes,Script/dom1Kasumi_ending1.mes,85,15,주인공,これからも、ふたりで修行だな,,
dom1Kasumi_ending1.mes,Script/dom1Kasumi_ending1.mes,86,4,Kasumi,はい!,,
dom1Kasumi_ending1.mes,Script/dom1Kasumi_ending1.mes,87,37,Kaidou,全エンディングコンプリートしや<6E5C>がったな!<485C>さすがはオレ様のライバルだな,,
dom1Kasumi_ending1.mes,Script/dom1Kasumi_ending1.mes,88,7,UNKNOWN_1d,おめでとー!,,
dom1Kasumi_ending2.mes,Script/dom1Kasumi_ending2.mes,0,8,[효과음/내레이션],ズドォォォン!,,
dom1Kasumi_ending2.mes,Script/dom1Kasumi_ending2.mes,1,8,주인공,うわぁぁぁ!!,,
dom1Kasumi_ending2.mes,Script/dom1Kasumi_ending2.mes,2,20,Kaidou,ヘッ、これでテメェとの因縁も<6E5C>終わりだ,,
dom1Kasumi_ending2.mes,Script/dom1Kasumi_ending2.mes,3,11,UNKNOWN_0c,よくやったぞ、海堂!,,
dom1Kasumi_ending2.mes,Script/dom1Kasumi_ending2.mes,4,5,Kasumi,先輩……,,
dom1Kasumi_ending2.mes,Script/dom1Kasumi_ending2.mes,5,20,Kasumi,父さま!わたしは結婚など<6E5C>しませんよ!,,
dom1Kasumi_ending2.mes,Script/dom1Kasumi_ending2.mes,6,8,UNKNOWN_0c,約束は約束だ!,,
dom1Kasumi_ending2.mes,Script/dom1Kasumi_ending2.mes,7,5,주인공,……ん?,,
dom1Kasumi_ending2.mes,Script/dom1Kasumi_ending2.mes,8,21,UNKNOWN_0c,やっと目を覚ましおったか、この未<6E5C>熟者が,,
dom1Kasumi_ending2.mes,Script/dom1Kasumi_ending2.mes,9,23,Kasumi,父さま!先輩は精一杯がんばって<6E5C>くれました!,,
dom1Kasumi_ending2.mes,Script/dom1Kasumi_ending2.mes,10,11,UNKNOWN_0c,負ければ意味はないわ,,
dom1Kasumi_ending2.mes,Script/dom1Kasumi_ending2.mes,11,6,Kasumi,うむむ……,,
dom1Kasumi_ending2.mes,Script/dom1Kasumi_ending2.mes,12,41,UNKNOWN_0c,わしはこれから極限流打倒を果たす<6E5C>ための旅に出る!お前は海堂と共<6E5C>に留守を守れ!,,
dom1Kasumi_ending2.mes,Script/dom1Kasumi_ending2.mes,13,45,Kasumi,父さま!今度の旅にはわたしも連<6E5C>れて行ってください!極限流打倒<6E5C>は、わたしが果たします!,,
dom1Kasumi_ending2.mes,Script/dom1Kasumi_ending2.mes,14,14,UNKNOWN_0c,むむ……そこまでの覚悟か!,,
dom1Kasumi_ending2.mes,Script/dom1Kasumi_ending2.mes,15,4,Kasumi,はい!,,
dom1Kasumi_ending2.mes,Script/dom1Kasumi_ending2.mes,16,11,UNKNOWN_0c,ならば行くぞ、香澄!,,
dom1Kasumi_ending2.mes,Script/dom1Kasumi_ending2.mes,17,5,Kasumi,はい!!,,
dom1Kasumi_ending2.mes,Script/dom1Kasumi_ending2.mes,18,15,주인공,お、おい、置いてけぼりかよ!,,
dom1Kasumi_ending2.mes,Script/dom1Kasumi_ending2.mes,19,8,UNKNOWN_21,……テメェもか,,
dom1Kasumi_ending2.mes,Script/dom1Kasumi_ending2.mes,20,5,주인공,お前……,,
dom1Kasumi_ending2.mes,Script/dom1Kasumi_ending2.mes,21,37,Kaidou,何も言うんじゃねぇ!オレは置い<6E5C>ていかれたって、悔しくもなんとも<6E5C>……!,,
dom1Kasumi_ending2.mes,Script/dom1Kasumi_ending2.mes,22,22,주인공,ハァ……結局、残ったのは俺たち<6E5C>ふたりかよ,,
dom1Kasumi_ending2.mes,Script/dom1Kasumi_ending2.mes,23,9,Kaidou,……そうらしいな,,
dom1Kasumi_ending2.mes,Script/dom1Kasumi_ending2.mes,24,21,주인공,お前との腐れ縁も、ずいぶん長いよ<6E5C>な……,,
dom1Kasumi_ending2.mes,Script/dom1Kasumi_ending2.mes,25,3,Kaidou,ああ,,
dom1Kasumi_ending2.mes,Script/dom1Kasumi_ending2.mes,26,29,주인공,なんだかんだ言って、やっぱり男<6E5C>同士ってのはいいよな……,,
dom1Kasumi_ending2.mes,Script/dom1Kasumi_ending2.mes,27,15,Kaidou,……ああ、そうかもしれねぇな,,
dom1Kasumi_ending2.mes,Script/dom1Kasumi_ending2.mes,28,6,주인공,……飲むか,,
dom1Kasumi_ending2.mes,Script/dom1Kasumi_ending2.mes,29,3,Kaidou,オウ,,
dom1Kasumi_ending2.mes,Script/dom1Kasumi_ending2.mes,30,20,주인공,よし、イリュージョンまでダッシュ<6E5C>だ!,,
dom1Kasumi_ending2.mes,Script/dom1Kasumi_ending2.mes,31,41,주인공,(この後、俺たちは酒を飲もうとし<6E5C>てキングさんにこっぴどくしかられ<6E5C>たんだ……),,
dom1Kasumi_ending2.mes,Script/dom1Kasumi_ending2.mes,32,37,Kaidou,全エンディングコンプリートしや<6E5C>がったな!<485C>さすがはオレ様のライバルだな,,
dom1Kasumi_ending2.mes,Script/dom1Kasumi_ending2.mes,33,7,UNKNOWN_1d,おめでとー!,,
