file,rel_path,block,n_tokens,speaker,source,ai_draft,translation
dom1Athena_L01.mes,Script/dom1Athena_L01.mes,0,11,주인공,えーっと、たしか……,,
dom1Athena_L01.mes,Script/dom1Athena_L01.mes,1,6,주인공,あ、アテナ,,
dom1Athena_L01.mes,Script/dom1Athena_L01.mes,2,28,Athena,<이름:3232>!わたしがこの店に来るって<6E5C>言ったの、覚えてたんだ,,
dom1Athena_L01.mes,Script/dom1Athena_L01.mes,3,5,주인공,偶然だよ,,
dom1Athena_L01.mes,Script/dom1Athena_L01.mes,4,28,Athena,フフ.まぁいいや.ねぇ<이름:3232>、<6E5C>どっちの服がいいと思う?,,
dom1Athena_L01.mes,Script/dom1Athena_L01.mes,5,11,[선택지],ミニスカートチャイナ服,,
dom1Athena_L01.mes,Script/dom1Athena_L01.mes,6,10,주인공,やっぱミニスカかな,,
dom1Athena_L01.mes,Script/dom1Athena_L01.mes,7,14,Athena,えー<이름:3232>、オジサンくさい!,,
dom1Athena_L01.mes,Script/dom1Athena_L01.mes,8,9,주인공,わ、悪かったなぁ,,
dom1Athena_L01.mes,Script/dom1Athena_L01.mes,9,14,주인공,アテナはチャイナが似合うよ,,
dom1Athena_L01.mes,Script/dom1Athena_L01.mes,10,6,Athena,ほんとう?,,
dom1Athena_L01.mes,Script/dom1Athena_L01.mes,11,15,주인공,ああ.昔っからよく着てたろ?,,
dom1Athena_L01.mes,Script/dom1Athena_L01.mes,12,11,Athena,あ、同じクラスの子だ,,
dom1Athena_L01.mes,Script/dom1Athena_L01.mes,13,17,주인공,げ、アテナファンの野郎じゃないか,,
dom1Athena_L01.mes,Script/dom1Athena_L01.mes,14,17,[선택지],アテナから離れるアテナのそばにいる,,
dom1Athena_L01.mes,Script/dom1Athena_L01.mes,15,4,Athena,<이름:3232>?,,
dom1Athena_L01.mes,Script/dom1Athena_L01.mes,16,14,주인공,(しーっ.話しかけるなよ),,
dom1Athena_L01.mes,Script/dom1Athena_L01.mes,17,5,[효과음/내레이션],…………,,
dom1Athena_L01.mes,Script/dom1Athena_L01.mes,18,16,주인공,……ふぅ.なんとか通り過ぎたな,,
dom1Athena_L01.mes,Script/dom1Athena_L01.mes,19,17,Athena,もう、隠れなくたっていいじゃない,,
dom1Athena_L01.mes,Script/dom1Athena_L01.mes,20,16,주인공,とやかく言われるよりいいだろ?,,
dom1Athena_L01.mes,Script/dom1Athena_L01.mes,21,4,Athena,もぅ!,,
dom1Athena_L01.mes,Script/dom1Athena_L01.mes,22,34,UNKNOWN_16,あぁ、そこにおられるのは<6E5C>アテナちゃん!<6E5C>そして……なぜに<이름:3131>!?,,
dom1Athena_L01.mes,Script/dom1Athena_L01.mes,23,29,UNKNOWN_17,アテナちゃんに付きまとうのも、<6E5C>いい加減にするでヤンス!,,
dom1Athena_L01.mes,Script/dom1Athena_L01.mes,24,10,주인공,いちいちうるせーな,,
dom1Athena_L01.mes,Script/dom1Athena_L01.mes,25,10,Athena,3人とも仲良いわね,,
dom1Athena_L01.mes,Script/dom1Athena_L01.mes,26,13,주인공,(仲良いのか?これ……),,
dom1Athena_L02.mes,Script/dom1Athena_L02.mes,0,7,[효과음/내레이션],♪ピンポ~ン,,
dom1Athena_L02.mes,Script/dom1Athena_L02.mes,1,3,주인공,ん?,,
dom1Athena_L02.mes,Script/dom1Athena_L02.mes,2,5,[효과음/내레이션],ガチャッ,,
dom1Athena_L02.mes,Script/dom1Athena_L02.mes,3,10,Athena,<이름:3232>!持ってきたよ,,
dom1Athena_L02.mes,Script/dom1Athena_L02.mes,4,17,주인공,笹の葉に飾りに短冊か.マメだなぁ,,
dom1Athena_L02.mes,Script/dom1Athena_L02.mes,5,23,Athena,日本の行事は大事にしないとね!<6E5C>入っていい?,,
dom1Athena_L02.mes,Script/dom1Athena_L02.mes,6,9,[선택지],もちろんごめん……,,
dom1Athena_L02.mes,Script/dom1Athena_L02.mes,7,27,주인공,もちろんいいぜ.でもこの歳で<6E5C>願い事って言ってもなぁ,,
dom1Athena_L02.mes,Script/dom1Athena_L02.mes,8,40,Athena,信じる者は救われる、だよ.<이름:3232>、<6E5C>わたしが何のお願い事をするか、<6E5C>当ててみて?,,
dom1Athena_L02.mes,Script/dom1Athena_L02.mes,9,4,주인공,えぇ?,,
dom1Athena_L02.mes,Script/dom1Athena_L02.mes,10,13,[선택지],コンサートの成功恋愛の成就,,
dom1Athena_L02.mes,Script/dom1Athena_L02.mes,11,17,주인공,やっぱり、コンサートの成功だろ?,,
dom1Athena_L02.mes,Script/dom1Athena_L02.mes,12,21,Athena,それは自分の力でちゃんと成功<6E5C>させるよ!,,
dom1Athena_L02.mes,Script/dom1Athena_L02.mes,13,9,주인공,じゃあ、なんだよ,,
dom1Athena_L02.mes,Script/dom1Athena_L02.mes,14,7,Athena,ひみつだよ~,,
dom1Athena_L02.mes,Script/dom1Athena_L02.mes,15,13,주인공,恋が叶いますように、か?,,
dom1Athena_L02.mes,Script/dom1Athena_L02.mes,16,13,Athena,ん?けっこうスルドイな~,,
dom1Athena_L02.mes,Script/dom1Athena_L02.mes,17,7,주인공,ほんとうかよ,,
dom1Athena_L02.mes,Script/dom1Athena_L02.mes,18,11,Athena,さあ、どうでしょう?,,
dom1Athena_L02.mes,Script/dom1Athena_L02.mes,19,12,주인공,じゃあ、俺の願い事は?,,
dom1Athena_L02.mes,Script/dom1Athena_L02.mes,20,17,Athena,えっとねー.お金持ちになりたい?,,
dom1Athena_L02.mes,Script/dom1Athena_L02.mes,21,29,주인공,アタリだ!さすがアテナ.<6E5C>人の心が手に取るようにわかるな,,
dom1Athena_L02.mes,Script/dom1Athena_L02.mes,22,21,Athena,昔っから同じじゃない!<6E5C>読むまでもないよ,,
dom1Athena_L02.mes,Script/dom1Athena_L02.mes,23,37,주인공,でも、その能力はやっぱり便利だよ<6E5C>なぁ.人の気持ちがわかるって<6E5C>いうのは,,
dom1Athena_L02.mes,Script/dom1Athena_L02.mes,24,35,Athena,思考までわかるわけじゃないよ.<6E5C>感情が伝わってくるの.<6E5C>喜怒哀楽とか,,
dom1Athena_L02.mes,Script/dom1Athena_L02.mes,25,35,주인공,相手の本心がわかるわけだろ?<6E5C>顔では笑ってても、<6E5C>内心は嫌ってるとか,,
dom1Athena_L02.mes,Script/dom1Athena_L02.mes,26,3,Athena,うん,,
dom1Athena_L02.mes,Script/dom1Athena_L02.mes,27,26,주인공,すげーよな.それがあれば芸能界で<6E5C>も絶対成功するよ,,
dom1Athena_L02.mes,Script/dom1Athena_L02.mes,28,33,Athena,イヤだよ.知りたくもないのに、<6E5C>周りの感情がわかっちゃうのは……,,
dom1Athena_L02.mes,Script/dom1Athena_L02.mes,29,17,주인공,ま、いい人間ばかりじゃねーもんな,,
dom1Athena_L02.mes,Script/dom1Athena_L02.mes,30,42,Athena,こんなこと知ってるの、<이름:3232>だけな<6E5C>んだからね.他の人に知られたら、<6E5C>怖がられちゃう,,
dom1Athena_L02.mes,Script/dom1Athena_L02.mes,31,40,주인공,俺は小さい頃から知ってたからな.<6E5C>まぁ、あんまり思い込むなよ.<6E5C>短冊、書こうぜ,,
dom1Athena_L02.mes,Script/dom1Athena_L02.mes,32,4,Athena,うんっ,,
dom1Athena_L02.mes,Script/dom1Athena_L02.mes,33,9,주인공,ごめん…….あの,,
dom1Athena_L02.mes,Script/dom1Athena_L02.mes,34,40,Athena,……そっか、他の子と会うんだね.<6E5C>じゃあ、わたし帰るよ.<6E5C>突然来てごめんね……,,
dom1Athena_L02.mes,Script/dom1Athena_L02.mes,35,8,주인공,あ、アテナ……,,
dom1Athena_L03.mes,Script/dom1Athena_L03.mes,0,12,주인공,ちょっと休憩でもするか,,
dom1Athena_L03.mes,Script/dom1Athena_L03.mes,1,4,Athena,<이름:3232>!,,
dom1Athena_L03.mes,Script/dom1Athena_L03.mes,2,4,주인공,アテナ,,
dom1Athena_L03.mes,Script/dom1Athena_L03.mes,3,32,Athena,<이름:3232>、もうきもだめしした?<6E5C>わたしまだなんだ.<6E5C>仕事してたから,,
dom1Athena_L03.mes,Script/dom1Athena_L03.mes,4,5,주인공,大変だな,,
dom1Athena_L03.mes,Script/dom1Athena_L03.mes,5,12,Athena,今からいっしょに行こ?,,
dom1Athena_L03.mes,Script/dom1Athena_L03.mes,6,13,[선택지],いいぜ行っても面白くないぜ,,
dom1Athena_L03.mes,Script/dom1Athena_L03.mes,7,4,주인공,いいぜ,,
dom1Athena_L03.mes,Script/dom1Athena_L03.mes,8,8,Athena,手、つなごうよ,,
dom1Athena_L03.mes,Script/dom1Athena_L03.mes,9,7,주인공,え?なんで?,,
dom1Athena_L03.mes,Script/dom1Athena_L03.mes,10,25,Athena,<이름:3232>は昔っから怖がりでしょ?<6E5C>遠慮しなくていいよ,,
dom1Athena_L03.mes,Script/dom1Athena_L03.mes,11,16,[선택지],バカにするな!怖いのはアテナだろ,,
dom1Athena_L03.mes,Script/dom1Athena_L03.mes,12,9,주인공,バカにするなよ!,,
dom1Athena_L03.mes,Script/dom1Athena_L03.mes,13,21,Athena,もう、そんなに怒らなくてもいい<6E5C>じゃない,,
dom1Athena_L03.mes,Script/dom1Athena_L03.mes,14,14,주인공,いいからさっさと行こうぜ!,,
dom1Athena_L03.mes,Script/dom1Athena_L03.mes,15,4,Athena,はーい,,
dom1Athena_L03.mes,Script/dom1Athena_L03.mes,16,13,주인공,怖いのはアテナの方だろ?,,
dom1Athena_L03.mes,Script/dom1Athena_L03.mes,17,11,Athena,そんなことないわよー,,
dom1Athena_L03.mes,Script/dom1Athena_L03.mes,18,15,주인공,どうだかな.さっさと行こうぜ,,
dom1Athena_L03.mes,Script/dom1Athena_L03.mes,19,4,Athena,うんっ,,
dom1Athena_L03.mes,Script/dom1Athena_L03.mes,20,8,[효과음/내레이션],ドロドロドロ~,,
dom1Athena_L03.mes,Script/dom1Athena_L03.mes,21,5,Athena,キャー!,,
dom1Athena_L03.mes,Script/dom1Athena_L03.mes,22,7,[효과음/내레이션],うらめしや~,,
dom1Athena_L03.mes,Script/dom1Athena_L03.mes,23,5,Athena,キャー!,,
dom1Athena_L03.mes,Script/dom1Athena_L03.mes,24,23,Athena,……へぇ.けっこう怖かったね.<6E5C>驚いちゃった,,
dom1Athena_L03.mes,Script/dom1Athena_L03.mes,25,6,주인공,……アテナ,,
dom1Athena_L03.mes,Script/dom1Athena_L03.mes,26,3,Athena,ん?,,
dom1Athena_L03.mes,Script/dom1Athena_L03.mes,27,13,주인공,ほんとうに怖がってたか?,,
dom1Athena_L03.mes,Script/dom1Athena_L03.mes,28,3,Athena,え?,,
dom1Athena_L03.mes,Script/dom1Athena_L03.mes,29,17,주인공,なんか、驚き方が演技っぽかったぞ,,
dom1Athena_L03.mes,Script/dom1Athena_L03.mes,30,60,Athena,……バレた?<6E5C>エヘ.どうも、人が出てくる<6E5C>きもだめしって、驚かそうとする<6E5C>気持ちがわかって、<6E5C>ちゃんと楽しめないのよね,,
dom1Athena_L03.mes,Script/dom1Athena_L03.mes,31,34,주인공,……アテナはアイドルだけじゃ<6E5C>なく、女優にもなれるかも<6E5C>しれねぇな,,
dom1Athena_L03.mes,Script/dom1Athena_L03.mes,32,30,UNKNOWN_29,<0110><0000><0000><0000><0000><0000><0038><002A><0002>きもだめしなんて、<6E5C>行っても面白くないぜ,,
dom1Athena_L03.mes,Script/dom1Athena_L03.mes,33,39,Athena,……そんなこと言って、<6E5C>他の女の子と見るんでしょう!<6E5C>わかったよ、じゃーね!,,
dom1Athena_L03.mes,Script/dom1Athena_L03.mes,34,32,주인공,あ、アテナ……!<6E5C>なんだよ、勝手に人の心を<6E5C>察知しやがって……,,
dom1Athena_L04.mes,Script/dom1Athena_L04.mes,0,21,주인공,うーん、朝メシがない.<6E5C>何か買いに行くか,,
dom1Athena_L04.mes,Script/dom1Athena_L04.mes,1,5,[효과음/내레이션],ガチャッ,,
dom1Athena_L04.mes,Script/dom1Athena_L04.mes,2,4,Athena,<이름:3232>!,,
dom1Athena_L04.mes,Script/dom1Athena_L04.mes,3,17,주인공,あれ、アテナ.こんな時間に仕事?,,
dom1Athena_L04.mes,Script/dom1Athena_L04.mes,4,3,Athena,うん,,
dom1Athena_L04.mes,Script/dom1Athena_L04.mes,5,27,주인공,どんどん忙しくなっていってる<6E5C>なぁ.学校、大丈夫かよ,,
dom1Athena_L04.mes,Script/dom1Athena_L04.mes,6,5,Athena,平気だよ,,
dom1Athena_L04.mes,Script/dom1Athena_L04.mes,7,15,주인공,でも、両立するのは難しいだろ,,
dom1Athena_L04.mes,Script/dom1Athena_L04.mes,8,46,Athena,……うん.親にもマネージャー<6E5C>にも、アイドル活動に専念しなさい<6E5C>って言われてるんだけど……,,
dom1Athena_L04.mes,Script/dom1Athena_L04.mes,9,5,주인공,だろうな,,
dom1Athena_L04.mes,Script/dom1Athena_L04.mes,10,28,Athena,でも、仕事も大事だけど、学生の<6E5C>時間だって大事だし……,,
dom1Athena_L04.mes,Script/dom1Athena_L04.mes,11,24,주인공,無理しないで、アテナの好きなよう<6E5C>にがんばれよ,,
dom1Athena_L04.mes,Script/dom1Athena_L04.mes,12,12,Athena,うん.ありがとう、<이름:3232>,,
dom1Athena_L04.mes,Script/dom1Athena_L04.mes,13,4,주인공,あれ?,,
dom1Athena_L04.mes,Script/dom1Athena_L04.mes,14,7,Athena,どうしたの?,,
dom1Athena_L04.mes,Script/dom1Athena_L04.mes,15,21,주인공,あそこを歩いてるの、レオナじゃ<6E5C>ないか?,,
dom1Athena_L04.mes,Script/dom1Athena_L04.mes,16,11,[선택지],呼び止める呼び止めない,,
dom1Athena_L04.mes,Script/dom1Athena_L04.mes,17,15,[선택지],G<0001><0000><0020><0012><0002>おーい、レオナ!,,
dom1Athena_L04.mes,Script/dom1Athena_L04.mes,18,5,Leona,…………,,
dom1Athena_L04.mes,Script/dom1Athena_L04.mes,19,11,주인공,おはよ.何してんだ?,,
dom1Athena_L04.mes,Script/dom1Athena_L04.mes,20,5,Leona,別に……,,
dom1Athena_L04.mes,Script/dom1Athena_L04.mes,21,24,Athena,おはよう、レオナさん.<6E5C>何か探しものしてたの?,,
dom1Athena_L04.mes,Script/dom1Athena_L04.mes,22,5,Leona,…………,,
dom1Athena_L04.mes,Script/dom1Athena_L04.mes,23,33,Athena,困ってることがあったら、なんでも<6E5C>言ってね.クラスメイトでしょ?,,
dom1Athena_L04.mes,Script/dom1Athena_L04.mes,24,13,Leona,……いいのよ.じゃあ……,,
dom1Athena_L04.mes,Script/dom1Athena_L04.mes,25,4,Athena,あ……,,
dom1Athena_L04.mes,Script/dom1Athena_L04.mes,26,25,주인공,……行っちゃったな.相変わらず<6E5C>愛想のないやつだ,,
dom1Athena_L04.mes,Script/dom1Athena_L04.mes,27,12,Athena,……被女、やっぱり……,,
dom1Athena_L04.mes,Script/dom1Athena_L04.mes,28,6,주인공,どうした?,,
dom1Athena_L04.mes,Script/dom1Athena_L04.mes,29,51,Athena,……レオナさん、大事な何かを探し<6E5C>てるわ.誰にも知られないように、<6E5C>顔に出さないようにしてるけど……,,
dom1Athena_L04.mes,Script/dom1Athena_L04.mes,30,9,주인공,大事な何かって?,,
dom1Athena_L04.mes,Script/dom1Athena_L04.mes,31,33,Athena,……<이름:3232>なら、それを探して<6E5C>あげることができるかも<6E5C>しれないわね,,
dom1Athena_L04.mes,Script/dom1Athena_L04.mes,32,11,주인공,え?なんで俺なんだよ,,
dom1Athena_L04.mes,Script/dom1Athena_L04.mes,33,21,Athena,なんとなく、そう思うだけなん<6E5C>だけど……,,
dom1Athena_L04.mes,Script/dom1Athena_L04.mes,34,8,주인공,何してんのかな,,
dom1Athena_L04.mes,Script/dom1Athena_L04.mes,35,34,Athena,何か探しものかしら?<6E5C>あ、もうマネージャーが来る.<6E5C>じゃあね、<이름:3232>,,
dom1Athena_L04.mes,Script/dom1Athena_L04.mes,36,3,주인공,ああ,,
dom1Athena_L05.mes,Script/dom1Athena_L05.mes,0,4,UNKNOWN_13,<이름:3232>!,,
dom1Athena_L05.mes,Script/dom1Athena_L05.mes,1,4,주인공,アテナ,,
dom1Athena_L05.mes,Script/dom1Athena_L05.mes,2,9,Athena,やっと夏休みだね,,
dom1Athena_L05.mes,Script/dom1Athena_L05.mes,3,24,주인공,ああ.でも、アテナには休みなんか<6E5C>ないんだろ?,,
dom1Athena_L05.mes,Script/dom1Athena_L05.mes,4,30,Athena,忙しいけどね.<6E5C>でも、ちゃんと遊ぶときは遊ぶよ!<6E5C><이름:3232>は?,,
dom1Athena_L05.mes,Script/dom1Athena_L05.mes,5,7,주인공,俺は別に……,,
dom1Athena_L05.mes,Script/dom1Athena_L05.mes,6,27,Athena,最近はいろんな女の子と遊ぶ約束し<6E5C>てるんじゃないの?,,
dom1Athena_L05.mes,Script/dom1Athena_L05.mes,7,11,주인공,え、そんなことないよ,,
dom1Athena_L05.mes,Script/dom1Athena_L05.mes,8,10,Athena,ふーん.どうかな?,,
dom1Athena_L05.mes,Script/dom1Athena_L05.mes,9,5,주인공,なんだよ,,
dom1Athena_L05.mes,Script/dom1Athena_L05.mes,10,24,Athena,わたしのコンサート、31日だよ.<6E5C>来てくれる?,,
dom1Athena_L05.mes,Script/dom1Athena_L05.mes,11,7,[선택지],行くわからない,,
dom1Athena_L05.mes,Script/dom1Athena_L05.mes,12,7,주인공,ああ、行くよ,,
dom1Athena_L05.mes,Script/dom1Athena_L05.mes,13,12,Athena,ほんとう!?約束だよ?,,
dom1Athena_L05.mes,Script/dom1Athena_L05.mes,14,17,주인공,ああ.歌詞、トチったりすんなよ?,,
dom1Athena_L05.mes,Script/dom1Athena_L05.mes,15,15,Athena,もー.そんなことしないよっ!,,
dom1Athena_L05.mes,Script/dom1Athena_L05.mes,16,13,주인공,そうだな、行けたら行くよ,,
dom1Athena_L05.mes,Script/dom1Athena_L05.mes,17,25,Athena,そっかぁ.デートで忙しくって、<6E5C>わかんないよねー,,
dom1Athena_L05.mes,Script/dom1Athena_L05.mes,18,9,주인공,嫌味な言い方だな,,
dom1Athena_L05.mes,Script/dom1Athena_L05.mes,19,6,Athena,そーかな?,,
dom1Athena_L06.mes,Script/dom1Athena_L06.mes,0,6,[효과음/내레이션],♪。♪。♪,,
dom1Athena_L06.mes,Script/dom1Athena_L06.mes,1,23,주인공,あれ、俺のケータイが鳴るなんて<6E5C>めずらしいな,,
dom1Athena_L06.mes,Script/dom1Athena_L06.mes,2,3,[효과음/내레이션],ピッ,,
dom1Athena_L06.mes,Script/dom1Athena_L06.mes,3,5,주인공,もしもし,,
dom1Athena_L06.mes,Script/dom1Athena_L06.mes,4,11,Athena,<이름:3232>……今、大丈夫?,,
dom1Athena_L06.mes,Script/dom1Athena_L06.mes,5,11,주인공,アテナか.どうした?,,
dom1Athena_L06.mes,Script/dom1Athena_L06.mes,6,6,Athena,……ゴメン,,
dom1Athena_L06.mes,Script/dom1Athena_L06.mes,7,3,주인공,え?,,
dom1Athena_L06.mes,Script/dom1Athena_L06.mes,8,49,Athena,今夜の花火大会、急に仕事が入って<6E5C>行けなくなっちゃったの<485C>絶対に<이름:3232>と見るって<6E5C>約束したのに……,,
dom1Athena_L06.mes,Script/dom1Athena_L06.mes,9,22,[선택지],仕事じゃしかたないよいっしょに見たかったのに,,
dom1Athena_L06.mes,Script/dom1Athena_L06.mes,10,11,주인공,仕事じゃしかたないよ,,
dom1Athena_L06.mes,Script/dom1Athena_L06.mes,11,15,Athena,うん…….ほんとうにゴメンッ,,
dom1Athena_L06.mes,Script/dom1Athena_L06.mes,12,9,주인공,そんなに謝るなよ,,
dom1Athena_L06.mes,Script/dom1Athena_L06.mes,13,19,Athena,でも、毎年いっしょに見てたの<6E5C>に……,,
dom1Athena_L06.mes,Script/dom1Athena_L06.mes,14,23,주인공,いつまでもいっしょってわけには<6E5C>いかないだろ,,
dom1Athena_L06.mes,Script/dom1Athena_L06.mes,15,5,Athena,…………,,
dom1Athena_L06.mes,Script/dom1Athena_L06.mes,16,22,주인공,花火くらいで落ち込むなよ.<6E5C>また来年あるし,,
dom1Athena_L06.mes,Script/dom1Athena_L06.mes,17,6,Athena,来年か……,,
dom1Athena_L06.mes,Script/dom1Athena_L06.mes,18,15,주인공,じゃ、仕事がんばれよ.アテナ,,
dom1Athena_L06.mes,Script/dom1Athena_L06.mes,19,11,Athena,うん.……ありがとう,,
dom1Athena_L06.mes,Script/dom1Athena_L06.mes,20,3,[효과음/내레이션],ピッ,,
dom1Athena_L06.mes,Script/dom1Athena_L06.mes,21,14,주인공,いっしょに見たかったのにな,,
dom1Athena_L06.mes,Script/dom1Athena_L06.mes,22,20,Athena,わたしだっていっしょに見たかった<6E5C>よ!,,
dom1Athena_L06.mes,Script/dom1Athena_L06.mes,23,33,주인공,……そうだな.アテナの方が悔しい<6E5C>よな、毎年、楽しみにしてたのに,,
dom1Athena_L06.mes,Script/dom1Athena_L06.mes,24,5,Athena,……うん,,
dom1Athena_L06.mes,Script/dom1Athena_L06.mes,25,13,주인공,来年、いっしょに見ようぜ,,
dom1Athena_L06.mes,Script/dom1Athena_L06.mes,26,5,Athena,来年……,,
dom1Athena_L06.mes,Script/dom1Athena_L06.mes,27,8,주인공,どうかしたか?,,
dom1Athena_L06.mes,Script/dom1Athena_L06.mes,28,26,Athena,ううん.そうだね、来年、いっしょ<6E5C>に見ようね、<이름:3232>,,
dom1Athena_L06.mes,Script/dom1Athena_L06.mes,29,16,주인공,ああ、約束だ.仕事、がんばれよ,,
dom1Athena_L06.mes,Script/dom1Athena_L06.mes,30,5,Athena,うん……,,
dom1Athena_L06.mes,Script/dom1Athena_L06.mes,31,3,[효과음/내레이션],ピッ,,
dom1Athena_L07.mes,Script/dom1Athena_L07.mes,0,27,주인공,やっぱ、たまに来るといいよな.<6E5C>こういう情緒ある街は,,
dom1Athena_L07.mes,Script/dom1Athena_L07.mes,1,9,Athena,待ってよ、<이름:3232>!,,
dom1Athena_L07.mes,Script/dom1Athena_L07.mes,2,25,Athena,もぅ、ひとりで行かないでよ.<6E5C>ふたりで来てるのに,,
dom1Athena_L07.mes,Script/dom1Athena_L07.mes,3,41,주인공,わりぃ.いや、まさか本当にアテナ<6E5C>と来れると思わなかったよ.<6E5C>ダメ元で誘ったのに,,
dom1Athena_L07.mes,Script/dom1Athena_L07.mes,4,28,Athena,わたしも休みもらえてビックリ.<6E5C>日頃の努力の賜物かな?,,
dom1Athena_L07.mes,Script/dom1Athena_L07.mes,5,41,주인공,アテナはがんばり屋だからな.<6E5C>たまにはこうやって羽をのばさない<6E5C>と倒れちゃうだろ,,
dom1Athena_L07.mes,Script/dom1Athena_L07.mes,6,27,Athena,マネージャーにも言われたよ.<6E5C>ゆっくり休んでこいって,,
dom1Athena_L07.mes,Script/dom1Athena_L07.mes,7,15,주인공,おう!じゃ、まずはどこ行く?,,
dom1Athena_L07.mes,Script/dom1Athena_L07.mes,8,21,Athena,そうだなぁ.おみやげを買いに<6E5C>行きたいな,,
dom1Athena_L07.mes,Script/dom1Athena_L07.mes,9,13,주인공,い、いきなりおみやげかよ,,
dom1Athena_L07.mes,Script/dom1Athena_L07.mes,10,26,Athena,ねぇ、スタッフへのおみやげ、<6E5C>どっちがいいと思う?,,
dom1Athena_L07.mes,Script/dom1Athena_L07.mes,11,18,[선택지],もみじまんじゅうクッキーの詰め合わせ,,
dom1Athena_L07.mes,Script/dom1Athena_L07.mes,12,28,[선택지],N<0001><0000><0038><002C><0002>もみじまんじゅうなんて、<6E5C>いいんじゃないか,,
dom1Athena_L07.mes,Script/dom1Athena_L07.mes,13,14,Athena,そうだね!わたしも大好き!,,
dom1Athena_L07.mes,Script/dom1Athena_L07.mes,14,26,주인공,アテナ、むかし食いすぎて腹壊した<6E5C>ことあったもんな,,
dom1Athena_L07.mes,Script/dom1Athena_L07.mes,15,27,Athena,もー、そんなこといつまでも覚えて<6E5C>なくていいよ、<이름:3232>,,
dom1Athena_L07.mes,Script/dom1Athena_L07.mes,16,28,주인공,おみやげって言って、自分のために<6E5C>買うんじゃないのか?,,
dom1Athena_L07.mes,Script/dom1Athena_L07.mes,17,11,Athena,そんなことないよっ!,,
dom1Athena_L07.mes,Script/dom1Athena_L07.mes,18,17,주인공,クッキーだったら誰でも食べるだろ,,
dom1Athena_L07.mes,Script/dom1Athena_L07.mes,19,13,Athena,そうだね.そうしようかな,,
dom1Athena_L07.mes,Script/dom1Athena_L07.mes,20,31,주인공,でも、人のことよりまずは自分<6E5C>だろ.アテナは気を遣いすぎだぞ,,
dom1Athena_L07.mes,Script/dom1Athena_L07.mes,21,7,Athena,そうかなぁ?,,
dom1Athena_L07.mes,Script/dom1Athena_L07.mes,22,21,주인공,けっきょく買い物で一日つぶれ<6E5C>ちゃったな,,
dom1Athena_L07.mes,Script/dom1Athena_L07.mes,23,40,Athena,フフッ.ついでに色んなところを<6E5C>見ることができたし良かったじゃ<6E5C>ない.……あっ,,
dom1Athena_L07.mes,Script/dom1Athena_L07.mes,24,28,주인공,おっと.……石畳はつまずきやすい<6E5C>からな.気をつけ……,,
dom1Athena_L07.mes,Script/dom1Athena_L07.mes,25,5,Athena,…………,,
dom1Athena_L07.mes,Script/dom1Athena_L07.mes,26,28,주인공,(う、後ろから抱きしめるかたちに<6E5C>なってしまった……),,
dom1Athena_L07.mes,Script/dom1Athena_L07.mes,27,5,Athena,<이름:3232>……,,
dom1Athena_L07.mes,Script/dom1Athena_L07.mes,28,20,주인공,(アテナの瞳……キラキラして<6E5C>る……),,
dom1Athena_L07.mes,Script/dom1Athena_L07.mes,29,8,Athena,<이름:3232>……私……,,
dom1Athena_L07.mes,Script/dom1Athena_L07.mes,30,3,[효과음/내레이션],パッ,,
dom1Athena_L07.mes,Script/dom1Athena_L07.mes,31,21,주인공,わ、悪い.じゃあ……そろそろ旅館<6E5C>行くわ,,
dom1Athena_L07.mes,Script/dom1Athena_L07.mes,32,9,Athena,あ…….うん……,,
dom1Athena_L07.mes,Script/dom1Athena_L07.mes,33,6,주인공,また明日な,,
dom1Athena_L07.mes,Script/dom1Athena_L07.mes,34,11,Athena,うん.また、明日……,,
dom1Athena_L07.mes,Script/dom1Athena_L07.mes,35,5,주인공,…………,,
dom1Athena_L08.mes,Script/dom1Athena_L08.mes,0,15,Athena,<이름:3232>!水がすっごく冷たいよ!,,
dom1Athena_L08.mes,Script/dom1Athena_L08.mes,1,5,주인공,お、おう,,
dom1Athena_L08.mes,Script/dom1Athena_L08.mes,2,14,Athena,早く泳ごう?きもちいいよ!,,
dom1Athena_L08.mes,Script/dom1Athena_L08.mes,3,21,주인공,ほんとうに水着持ってきたんだな、<6E5C>アテナ,,
dom1Athena_L08.mes,Script/dom1Athena_L08.mes,4,28,Athena,あたりまえじゃない.海に来て、<6E5C>泳がなくてどうするの?,,
dom1Athena_L08.mes,Script/dom1Athena_L08.mes,5,37,주인공,でも…….アイドルがそんな<6E5C>プライベートで堂々と水着に<6E5C>なっていいのか?,,
dom1Athena_L08.mes,Script/dom1Athena_L08.mes,6,50,Athena,そんなの関係ないよ!<485C>今日は芸能人じゃなくて、<6E5C>ただの麻宮アテナとして<6E5C><이름:3232>と遊びに来てるんだもん,,
dom1Athena_L08.mes,Script/dom1Athena_L08.mes,7,43,주인공,そうだけど…….もう、周りには<6E5C>アイドルの麻宮アテナだって<6E5C>こと、バレてるみたいだぜ,,
dom1Athena_L08.mes,Script/dom1Athena_L08.mes,8,24,Athena,え?あ……ほんとだ.<6E5C>みんなじろじろ見てる……,,
dom1Athena_L08.mes,Script/dom1Athena_L08.mes,9,13,[선택지],かまわず遊ぶアテナをかばう,,
dom1Athena_L08.mes,Script/dom1Athena_L08.mes,10,28,주인공,まぁいっか.海の中に入ったらわか<6E5C>らねぇよな.遊ぼうぜ,,
dom1Athena_L08.mes,Script/dom1Athena_L08.mes,11,5,Athena,う、うん,,
dom1Athena_L08.mes,Script/dom1Athena_L08.mes,12,11,UNKNOWN_14,あのー、すいませーん,,
dom1Athena_L08.mes,Script/dom1Athena_L08.mes,13,3,Athena,え?,,
dom1Athena_L08.mes,Script/dom1Athena_L08.mes,14,25,UNKNOWN_14,アテナちゃんですよね?<6E5C>握手してもらえませんか?,,
dom1Athena_L08.mes,Script/dom1Athena_L08.mes,15,16,UNKNOWN_15,いっしょに写真撮ってください!,,
dom1Athena_L08.mes,Script/dom1Athena_L08.mes,16,5,Athena,あ、あの,,
dom1Athena_L08.mes,Script/dom1Athena_L08.mes,17,21,주인공,しまった…….遊ぶどころじゃねー<6E5C>な……,,
dom1Athena_L08.mes,Script/dom1Athena_L08.mes,18,18,UNKNOWN_29,<0134><0000><0000><0000><0000><0000><0020><0012><0002>アテナ、こっち!,,
dom1Athena_L08.mes,Script/dom1Athena_L08.mes,19,3,Athena,え?,,
dom1Athena_L08.mes,Script/dom1Athena_L08.mes,20,37,주인공,人の少ないところで泳ごう.<6E5C>じゃないと、ふたりでゆっくり<6E5C>遊べないだろ?,,
dom1Athena_L08.mes,Script/dom1Athena_L08.mes,21,6,Athena,……うん!,,
dom1Athena_L08.mes,Script/dom1Athena_L08.mes,22,7,[효과음/내레이션],タタタタ……,,
dom1Athena_L08.mes,Script/dom1Athena_L08.mes,23,22,주인공,……こういうのも、ちょっとおもし<6E5C>ろいよな,,
dom1Athena_L08.mes,Script/dom1Athena_L08.mes,24,12,Athena,うん、ドキドキするね!,,
dom1Athena_L08.mes,Script/dom1Athena_L08.mes,25,56,주인공,(なんだかんだで、いつの間にか<6E5C>帰る時間になってしまった<485C>あっという間の二日間だった<6E5C>けど、楽しかったな……),,
dom1Athena_L09.mes,Script/dom1Athena_L09.mes,0,7,[효과음/내레이션],♪ピンポ~ン,,
dom1Athena_L09.mes,Script/dom1Athena_L09.mes,1,4,주인공,はーい,,
dom1Athena_L09.mes,Script/dom1Athena_L09.mes,2,5,[효과음/내레이션],ガチャッ,,
dom1Athena_L09.mes,Script/dom1Athena_L09.mes,3,15,Athena,<이름:3232>!お誕生日、おめでとう!,,
dom1Athena_L09.mes,Script/dom1Athena_L09.mes,4,12,주인공,……ほんとうに来たんだ,,
dom1Athena_L09.mes,Script/dom1Athena_L09.mes,5,14,Athena,なぁに?嬉しくなさそうな顔,,
dom1Athena_L09.mes,Script/dom1Athena_L09.mes,6,12,[선택지],そ、そうかな……違うよ!,,
dom1Athena_L09.mes,Script/dom1Athena_L09.mes,7,20,주인공,そ、そうか……?そ、そんなこと<6E5C>ないよ,,
dom1Athena_L09.mes,Script/dom1Athena_L09.mes,8,16,Athena,……<이름:3232>、いま誰のこと考えた?,,
dom1Athena_L09.mes,Script/dom1Athena_L09.mes,9,11,주인공,え!?いや、別に……,,
dom1Athena_L09.mes,Script/dom1Athena_L09.mes,10,28,Athena,他の人と約束してるならそう言えば<6E5C>いいのに!じゃあね!,,
dom1Athena_L09.mes,Script/dom1Athena_L09.mes,11,5,[효과음/내레이션],バタンッ,,
dom1Athena_L09.mes,Script/dom1Athena_L09.mes,12,33,주인공,あ…….悪いことしたな.アテナに<6E5C>は嘘って通用しないんだよな……,,
dom1Athena_L09.mes,Script/dom1Athena_L09.mes,13,39,UNKNOWN_29,A<0000><0000><0000><0000><0000><0048><003C><0002>違うよ!嬉しくて、どういう顔し<6E5C>ていいのかわからないんだよ,,
dom1Athena_L09.mes,Script/dom1Athena_L09.mes,14,8,Athena,フフ、変なの!,,
dom1Athena_L09.mes,Script/dom1Athena_L09.mes,15,41,주인공,ありがとう…….アテナは、毎年俺<6E5C>の誕生日を忘れたことがないよな.<6E5C>すげぇよ……,,
dom1Athena_L09.mes,Script/dom1Athena_L09.mes,16,80,Athena,あたりまえじゃない.女の子は、<6E5C>友達の誕生日を忘れたりしないん<6E5C>だよ!<485C>……まさか<이름:3232>、10年以上の<6E5C>付き合いなのに、わたしの誕生日<6E5C>忘れたりしてないよねぇ?,,
dom1Athena_L09.mes,Script/dom1Athena_L09.mes,17,4,주인공,え……,,
dom1Athena_L09.mes,Script/dom1Athena_L09.mes,18,10,[선택지],4月13日3月14日,,
dom1Athena_L09.mes,Script/dom1Athena_L09.mes,19,22,[선택지],<0104><0001><0000><002C><0020><0002>覚えてるよ!4月13日だろ!?,,
dom1Athena_L09.mes,Script/dom1Athena_L09.mes,20,5,Athena,…………,,
dom1Athena_L09.mes,Script/dom1Athena_L09.mes,21,9,주인공,え、間違えた!?,,
dom1Athena_L09.mes,Script/dom1Athena_L09.mes,22,10,Athena,もう!<이름:3232>のバカ!,,
dom1Athena_L09.mes,Script/dom1Athena_L09.mes,23,5,[효과음/내레이션],バタンッ,,
dom1Athena_L09.mes,Script/dom1Athena_L09.mes,24,4,주인공,あ……,,
dom1Athena_L09.mes,Script/dom1Athena_L09.mes,25,15,주인공,覚えてるよ.3月14日だろ?,,
dom1Athena_L09.mes,Script/dom1Athena_L09.mes,26,33,Athena,良かった!<6E5C>じゃあ来年の誕生日プレゼント、<6E5C>期待してるからね!?,,
dom1Athena_L09.mes,Script/dom1Athena_L09.mes,27,16,주인공,おいおい、今は俺の誕生日だろ?,,
dom1Athena_L09.mes,Script/dom1Athena_L09.mes,28,4,Athena,フフッ,,
dom1Athena_L10.mes,Script/dom1Athena_L10.mes,0,7,[효과음/내레이션],♪ピンポ~ン,,
dom1Athena_L10.mes,Script/dom1Athena_L10.mes,1,3,주인공,はい,,
dom1Athena_L10.mes,Script/dom1Athena_L10.mes,2,5,[효과음/내레이션],ガチャッ,,
dom1Athena_L10.mes,Script/dom1Athena_L10.mes,3,5,Athena,……<이름:3232>,,
dom1Athena_L10.mes,Script/dom1Athena_L10.mes,4,20,주인공,アテナ.どうしたんだよ、そんな<6E5C>顔して,,
dom1Athena_L10.mes,Script/dom1Athena_L10.mes,5,41,Athena,……わたし、みんなといっしょに<6E5C>清泉学園を卒業したい.<6E5C><이름:3232>たちと離れたくない!,,
dom1Athena_L10.mes,Script/dom1Athena_L10.mes,6,10,주인공,どういうことだよ!,,
dom1Athena_L10.mes,Script/dom1Athena_L10.mes,7,64,Athena,……わたし、9月から東京に行かな<6E5C>いといけないかもしれないの<485C>マネージャーに、東京でアイドル<6E5C>活動に専念しようって言われて……,,
dom1Athena_L10.mes,Script/dom1Athena_L10.mes,8,5,주인공,…………,,
dom1Athena_L10.mes,Script/dom1Athena_L10.mes,9,34,Athena,どうしよう、<이름:3232>!<6E5C>このまま、東京に行かないと<6E5C>いけないのかな!?,,
dom1Athena_L10.mes,Script/dom1Athena_L10.mes,10,29,[선택지],アテナはもうアイドルなんだから離れても気持ちは通じるだろ?,,
dom1Athena_L10.mes,Script/dom1Athena_L10.mes,11,45,주인공,……アテナはもう立派なアイドルな<6E5C>んだから、そんな子供みたいなわが<6E5C>まま、言えないだろ?,,
dom1Athena_L10.mes,Script/dom1Athena_L10.mes,12,5,Athena,…………,,
dom1Athena_L10.mes,Script/dom1Athena_L10.mes,13,30,주인공,東京に呼ばれるなんて、すごいこと<6E5C>じゃないか.喜んで行けよ,,
dom1Athena_L10.mes,Script/dom1Athena_L10.mes,14,7,Athena,……そうだね,,
dom1Athena_L10.mes,Script/dom1Athena_L10.mes,15,33,주인공,離れても応援してるよ.周りの心が<6E5C>わかるアテナなら、大丈夫だって,,
dom1Athena_L10.mes,Script/dom1Athena_L10.mes,16,16,Athena,……うん.<이름:3232>、ありがとう……,,
dom1Athena_L10.mes,Script/dom1Athena_L10.mes,17,45,UNKNOWN_29,o<0000><0000><0000><0000><0000><0054><0048><0002>……たとえ東京に行っちゃっても、<6E5C>俺とアテナの気持ちは通じてる<6E5C>だろ?,,
dom1Athena_L10.mes,Script/dom1Athena_L10.mes,18,5,Athena,<이름:3232>……,,
dom1Athena_L10.mes,Script/dom1Athena_L10.mes,19,44,주인공,会えなくても、ひとりぼっちじゃな<6E5C>いよ.アテナなら、俺が今どんな<6E5C>気持ちかわかるはずだ,,
dom1Athena_L10.mes,Script/dom1Athena_L10.mes,20,5,Athena,…………,,
dom1Athena_L10.mes,Script/dom1Athena_L10.mes,21,37,주인공,夢だったんだろ.東京に行って、<6E5C>アイドルとして思いきりがんばって<6E5C>こいよ,,
dom1Athena_L10.mes,Script/dom1Athena_L10.mes,22,33,Athena,<이름:3232>……ありがとう!<6E5C><이름:3232>に会ったら、不安が<6E5C>ふきとんじゃった!,,
dom1Athena_M01.mes,Script/dom1Athena_M01.mes,0,7,[효과음/내레이션],♪ピンポ~ン,,
dom1Athena_M01.mes,Script/dom1Athena_M01.mes,1,3,주인공,ん?,,
dom1Athena_M01.mes,Script/dom1Athena_M01.mes,2,4,[효과음/내레이션],ガチャ,,
dom1Athena_M01.mes,Script/dom1Athena_M01.mes,3,22,Athena,おはよう、<이름:3232>!<6E5C>早く行かないと遅刻だよ?,,
dom1Athena_M01.mes,Script/dom1Athena_M01.mes,4,25,주인공,……おまえは俺が遅刻しそうなとき<6E5C>に必ず来るなぁ,,
dom1Athena_M01.mes,Script/dom1Athena_M01.mes,5,23,Athena,こんな素敵な幼馴染いないわよ?<6E5C>ほら、早く!,,
dom1Athena_M01.mes,Script/dom1Athena_M01.mes,6,5,주인공,はいはい,,
dom1Athena_M01.mes,Script/dom1Athena_M01.mes,7,8,[효과음/내레이션],タタタタタ……,,
dom1Athena_M01.mes,Script/dom1Athena_M01.mes,8,3,Athena,あ!,,
dom1Athena_M01.mes,Script/dom1Athena_M01.mes,9,6,주인공,どうした?,,
dom1Athena_M01.mes,Script/dom1Athena_M01.mes,10,25,Athena,ほら、あそこに新しいショップが<6E5C>できてるでしょ?,,
dom1Athena_M01.mes,Script/dom1Athena_M01.mes,11,3,주인공,ああ,,
dom1Athena_M01.mes,Script/dom1Athena_M01.mes,12,26,Athena,可愛い服ばかりなんだって.<6E5C>クラスの子が言ってたわ,,
dom1Athena_M01.mes,Script/dom1Athena_M01.mes,13,10,주인공,なんだ、くだらねぇ,,
dom1Athena_M01.mes,Script/dom1Athena_M01.mes,14,58,Athena,くだらなくないわよ.<6E5C>わたし、明日は日曜だから<6E5C>見に行こうと思ってるの<485C>昼なら少し時間あるし.<6E5C><이름:3232>も見に行こうよ,,
dom1Athena_M01.mes,Script/dom1Athena_M01.mes,15,7,주인공,興味ねぇなぁ,,
dom1Athena_M01.mes,Script/dom1Athena_M01.mes,16,28,Athena,<이름:3232>も新しい服買ったら?<6E5C>わたしが見立ててあげるよ!?,,
dom1Athena_M01.mes,Script/dom1Athena_M01.mes,17,7,주인공,いらねーよ!,,
dom1Athena_M02.mes,Script/dom1Athena_M02.mes,0,7,[효과음/내레이션],♪ピンポ~ン,,
dom1Athena_M02.mes,Script/dom1Athena_M02.mes,1,16,주인공,休みなのに、朝っぱらから誰だ?,,
dom1Athena_M02.mes,Script/dom1Athena_M02.mes,2,4,[효과음/내레이션],ガチャ,,
dom1Athena_M02.mes,Script/dom1Athena_M02.mes,3,7,Athena,おはよう<이름:3232>,,
dom1Athena_M02.mes,Script/dom1Athena_M02.mes,4,13,주인공,アテナ、いまは学校ねーぞ,,
dom1Athena_M02.mes,Script/dom1Athena_M02.mes,5,49,Athena,わかってるよ!<6E5C><이름:3232>、休みになるとちゃんと<6E5C>食事取らなくなるでしょ?<485C>お弁当持ってきたんだ.はい,,
dom1Athena_M02.mes,Script/dom1Athena_M02.mes,6,4,주인공,え!?,,
dom1Athena_M02.mes,Script/dom1Athena_M02.mes,7,23,Athena,練習スタジオで出されるお弁当なん<6E5C>だけど……,,
dom1Athena_M02.mes,Script/dom1Athena_M02.mes,8,20,주인공,アテナ、こんな時間から仕事してる<6E5C>のか,,
dom1Athena_M02.mes,Script/dom1Athena_M02.mes,9,40,Athena,うん.<이름:3232>の好きなカニクリーム<6E5C>コロッケも入ってるから、<6E5C>ちゃーんと食べてね?,,
dom1Athena_M02.mes,Script/dom1Athena_M02.mes,10,12,주인공,……忙しいのに、悪いな,,
dom1Athena_M02.mes,Script/dom1Athena_M02.mes,11,27,Athena,<이름:3232>が栄養失調で倒れたら、<6E5C>おばさんに申し訳ないもの,,
dom1Athena_M02.mes,Script/dom1Athena_M02.mes,12,8,주인공,俺は子供かよ!,,
dom1Athena_M02.mes,Script/dom1Athena_M02.mes,13,15,Athena,フフ.じゃあスタジオに戻るね,,
dom1Athena_M02.mes,Script/dom1Athena_M02.mes,14,9,주인공,ああ、サンキュ!,,
dom1Athena_M03.mes,Script/dom1Athena_M03.mes,0,7,[효과음/내레이션],♪ピンポ~ン,,
dom1Athena_M03.mes,Script/dom1Athena_M03.mes,1,8,주인공,んー.誰だぁ?,,
dom1Athena_M03.mes,Script/dom1Athena_M03.mes,2,4,[효과음/내레이션],ガチャ,,
dom1Athena_M03.mes,Script/dom1Athena_M03.mes,3,5,Athena,<이름:3232>……,,
dom1Athena_M03.mes,Script/dom1Athena_M03.mes,4,10,주인공,アテナ、どうした?,,
dom1Athena_M03.mes,Script/dom1Athena_M03.mes,5,12,Athena,あのね……相談があるの,,
dom1Athena_M03.mes,Script/dom1Athena_M03.mes,6,4,주인공,相談?,,
dom1Athena_M03.mes,Script/dom1Athena_M03.mes,7,8,Athena,うん、今いい?,,
dom1Athena_M03.mes,Script/dom1Athena_M03.mes,8,7,주인공,いいけど……,,
dom1Athena_M03.mes,Script/dom1Athena_M03.mes,9,3,Athena,あっ,,
dom1Athena_M03.mes,Script/dom1Athena_M03.mes,10,6,[효과음/내레이션],♪。♪。♪,,
dom1Athena_M03.mes,Script/dom1Athena_M03.mes,11,14,주인공,ケータイ?仕事じゃないか?,,
dom1Athena_M03.mes,Script/dom1Athena_M03.mes,12,25,Athena,うん…….ちょっと待ってね.<6E5C>はい、もしもし……,,
dom1Athena_M03.mes,Script/dom1Athena_M03.mes,13,5,[효과음/내레이션],…………,,
dom1Athena_M03.mes,Script/dom1Athena_M03.mes,14,41,Athena,……ごめん、<이름:3232>.<6E5C>いまから急いでスタジオに戻らな<6E5C>いといけなくなっちゃった……,,
dom1Athena_M03.mes,Script/dom1Athena_M03.mes,15,8,주인공,ああ、わかった,,
dom1Athena_M03.mes,Script/dom1Athena_M03.mes,16,24,Athena,明日は部屋にいる?どうしても<6E5C><이름:3232>と話したいの,,
dom1Athena_M03.mes,Script/dom1Athena_M03.mes,17,20,주인공,わかった、いるよ.仕事、がんばっ<6E5C>てな,,
dom1Athena_O0727_0.mes,Script/dom1Athena_O0727_0.mes,0,30,UNKNOWN_29,u<0000><0000><0000><0000><0000><0038><002A><0002>ふう.……ものすごく早く起きて<6E5C>しまった,,
dom1Athena_O0727_0.mes,Script/dom1Athena_O0727_0.mes,1,16,주인공,携帯が点滅してる…….留守電?,,
dom1Athena_O0727_0.mes,Script/dom1Athena_O0727_0.mes,2,146,Mai,心配かけてごめんね、<이름:3232>君.<6E5C>でも、もう気にしないでほしいの<485C>自分で悩んで、自分で決めたこと<6E5C>だから……<485C>荷物の整理や何やらで、何週間かは<6E5C>そっちのアパートにいれそうです<485C>今度もし顔を合わせるときは、いつ<6E5C>も通りの<이름:3232>君でいてね<485C>私も……私も、いつもの、お隣の<6E5C>お姉さんでいるから.約束よ?,,
dom1Athena_O0727_0.mes,Script/dom1Athena_O0727_0.mes,3,105,Yuri,こんばんは、ユリです.こないだは<6E5C>楽しかったね~!<485C>あれから、帰ったらイタリアからお<6E5C>兄ちゃんのお友達が来ててね.月末<6E5C>までは遊ぶ時間、減っちゃうかも<485C>でも、これからも道場には遊びにき<6E5C>てね!おやすみなさ~い,,
dom1Athena_O0727_0.mes,Script/dom1Athena_O0727_0.mes,4,122,UNKNOWN_01,<0100><0002><0000><00F4><00E8><0007>キングです.<이름:3131>くん、昨夜の<6E5C>メール、読ませてもらったよ<485C>……私のことは気にしなくていい.<6E5C>君には今、もっと大事なことが<6E5C>あるんだから<485C>昨日みせてくれた気合があれば、何<6E5C>があっても大丈夫だと思うよ.また<6E5C>お店にもおいで.じゃあ……,,
dom1Athena_O0727_0.mes,Script/dom1Athena_O0727_0.mes,5,137,[선택지],<0118><010C><0008>藤堂です.先輩!協会からの手紙<6E5C>が来ておりまして、大会は来月に<6E5C>延期することになったそうです<485C>決着が延びてしまうのは口惜しい<6E5C>ですがさらなる鍛錬を積むには<6E5C>絶好の機会ですね<485C>これを機に私もさらなる奥義を<6E5C>会得しようと思うので、月末までは<6E5C>個人練習としましょう.では!,,
dom1Athena_O0727_0.mes,Script/dom1Athena_O0727_0.mes,6,94,Jenny,ジェニーよん★……<이름:3232>、<6E5C>ゴメンッ!今度のコンテストは<485C>メンバーの人数制限があるのを<6E5C>忘れてたわん<485C>ちょ~っとスタートは遅れるけど、<6E5C><이름:3232>とのセッションは来月からに<6E5C>するね!じゃ~ね~ん,,
dom1Athena_O0727_0.mes,Script/dom1Athena_O0727_0.mes,7,123,UNKNOWN_01,<0104><0002><0000><00F8><00EA><000A>……おい、<이름:3131>.寝てんのか.<6E5C>せっかくオレ様が電話してやってん<6E5C>のによ…….まあいいや<485C>クーラ、家に戻ってきたらしいぜ.<6E5C>兄貴が、お前は家にいろって言った<6E5C>らしい.<6E5C>早くも一件落着ってわけだな.<6E5C>いちおう報告してやったぜ.<6E5C>じゃあな,,
dom1Athena_O0727_0.mes,Script/dom1Athena_O0727_0.mes,8,76,Leona,レオナです.さっきは思わせぶりな<6E5C>態度で……ごめんなさい<485C>父と口論になってしまって……<6E5C>少し、興奮していたの.<6E5C>もう大丈夫だから、忘れて<485C>それじゃ……,,
dom1Athena_O0727_0.mes,Script/dom1Athena_O0727_0.mes,9,3,[효과음/내레이션],ピッ,,
dom1Athena_O0727_0.mes,Script/dom1Athena_O0727_0.mes,10,19,주인공,そうか…….<6E5C>これでよかったんだよな,,
dom1Athena_O0727_0.mes,Script/dom1Athena_O0727_0.mes,11,30,주인공,じゃあ、あと、俺に残っている<6E5C>問題は……ひとつだけだな……,,
dom1Athena_O0727_0.mes,Script/dom1Athena_O0727_0.mes,12,55,주인공,(……アテナ、大丈夫かな.昨日は<6E5C>笑顔で帰っていったけど、<485C>まだ迷ってるんじゃないかな、<6E5C>東京行きのこと……,,
dom1Athena_O0727_0.mes,Script/dom1Athena_O0727_0.mes,13,45,주인공,あんな風に弱音を見せたこと、いま<6E5C>までなかったし.あー、俺も感情が<6E5C>読めたらいいのに!),,
dom1Athena_O0727_0.mes,Script/dom1Athena_O0727_0.mes,14,21,주인공,迷っててもしかたない.<6E5C>電話してしまえ!,,
dom1Athena_O0727_0.mes,Script/dom1Athena_O0727_0.mes,15,10,[효과음/내레이션],プルルル<020A>プルルル,,
dom1Athena_O0727_0.mes,Script/dom1Athena_O0727_0.mes,16,5,[효과음/내레이션],ガチャッ,,
dom1Athena_O0727_0.mes,Script/dom1Athena_O0727_0.mes,17,8,Athena,はい、もしもし,,
dom1Athena_O0727_0.mes,Script/dom1Athena_O0727_0.mes,18,11,주인공,アテナ?俺だけど……,,
dom1Athena_O0727_0.mes,Script/dom1Athena_O0727_0.mes,19,10,Athena,<이름:3232>、どうしたの?,,
dom1Athena_O0727_0.mes,Script/dom1Athena_O0727_0.mes,20,17,주인공,いや、アテナのことが気になってさ,,
dom1Athena_O0727_0.mes,Script/dom1Athena_O0727_0.mes,21,8,Athena,気になるって?,,
dom1Athena_O0727_0.mes,Script/dom1Athena_O0727_0.mes,22,6,주인공,だって昨日,,
dom1Athena_O0727_0.mes,Script/dom1Athena_O0727_0.mes,23,35,Athena,ゴメン<이름:3232>、実は突然ライブが<6E5C>決まっちゃって、<6E5C>スッゴク忙しいんだ!,,
dom1Athena_O0727_0.mes,Script/dom1Athena_O0727_0.mes,24,22,주인공,ライブって、31日にコンサート<6E5C>だったろ?,,
dom1Athena_O0727_0.mes,Script/dom1Athena_O0727_0.mes,25,39,Athena,コンサートにさきがけて、<6E5C>シークレットライブをすることに<6E5C>決まったんだ、明日,,
dom1Athena_O0727_0.mes,Script/dom1Athena_O0727_0.mes,26,13,주인공,明日!?ほんとうに急だな,,
dom1Athena_O0727_0.mes,Script/dom1Athena_O0727_0.mes,27,13,Athena,OROCHiでやるんだよ,,
dom1Athena_O0727_0.mes,Script/dom1Athena_O0727_0.mes,28,46,주인공,しかもOROCHiでかよ!地元のあん<6E5C>な小さいライブハウスでって、<6E5C>まさにシークレットだな,,
dom1Athena_O0727_0.mes,Script/dom1Athena_O0727_0.mes,29,30,Athena,そのセッティングで、いまスタッフ<6E5C>みんなバタバタしてるんだ,,
dom1Athena_O0727_0.mes,Script/dom1Athena_O0727_0.mes,30,21,주인공,そっか…….じゃあ、ジャマしちゃ<6E5C>悪いな,,
dom1Athena_O0727_0.mes,Script/dom1Athena_O0727_0.mes,31,14,Athena,ゴメンね!またかけるから!,,
dom1Athena_O0727_0.mes,Script/dom1Athena_O0727_0.mes,32,3,[효과음/내레이션],ピッ,,
dom1Athena_O0727_0.mes,Script/dom1Athena_O0727_0.mes,33,48,주인공,……なんだよ.昨日はあんなに芸<6E5C>能活動を続けるかどうか悩んでたく<6E5C>せに、すっかりアイドルとして,,
dom1Athena_O0727_0.mes,Script/dom1Athena_O0727_0.mes,34,29,주인공,テキパキ働いてるじゃないか.<6E5C>あの涙はなんだったんだ……,,
dom1Athena_O0727_0.mes,Script/dom1Athena_O0727_0.mes,35,5,[효과음/내레이션],…………,,
dom1Athena_O0727_0.mes,Script/dom1Athena_O0727_0.mes,36,67,주인공,(まぁ、くよくよ悩んでるヒマが<6E5C>あったら行動しちゃうっていうのが<6E5C>、アテナのいいトコだけど……<485C>でも、ちょっとさみしいような……<6E5C>),,
dom1Athena_O0727_1.mes,Script/dom1Athena_O0727_1.mes,0,22,주인공,(まぁ、俺が考え込んでもしかたな<6E5C>いよな),,
dom1Athena_O0727_1.mes,Script/dom1Athena_O0727_1.mes,1,14,UNKNOWN_16,むむ、そこにいるのは<이름:3131>!,,
dom1Athena_O0727_1.mes,Script/dom1Athena_O0727_1.mes,2,16,UNKNOWN_17,こんな所でナニしてるでヤンス!,,
dom1Athena_O0727_1.mes,Script/dom1Athena_O0727_1.mes,3,57,주인공,おまえらな…….俺が自分ちの<6E5C>近所歩いて何が悪いんだよ<485C>おまえらこそ、そんな大きな<6E5C>花束持ってどこに行くつもりだ,,
dom1Athena_O0727_1.mes,Script/dom1Athena_O0727_1.mes,4,23,UNKNOWN_16,もちろん、明日アテナちゃんに捧げ<6E5C>る花束だ!,,
dom1Athena_O0727_1.mes,Script/dom1Athena_O0727_1.mes,5,55,UNKNOWN_17,アッシらのために、コンサート前の<6E5C>忙しい時期にライブしてくださるん<6E5C>でヤンス<485C>これぐらい当然の行為でヤンス!,,
dom1Athena_O0727_1.mes,Script/dom1Athena_O0727_1.mes,6,27,주인공,アッシ達のためって……明日の<6E5C>シークレットライブが?,,
dom1Athena_O0727_1.mes,Script/dom1Athena_O0727_1.mes,7,57,UNKNOWN_16,そうだ.3年A組の全員を、<6E5C>貴重なライブにタダで招待する<6E5C>なんて……<485C>こんなありがたいことが他に<6E5C>あるだろうか!,,
dom1Athena_O0727_1.mes,Script/dom1Athena_O0727_1.mes,8,45,UNKNOWN_17,まったく、アテナちゃんは女神<6E5C>そのもの!アッシらにとって<6E5C>はアイドル以上の存在でヤンス!,,
dom1Athena_O0727_1.mes,Script/dom1Athena_O0727_1.mes,9,12,UNKNOWN_18,お~い、おい!(号泣),,
dom1Athena_O0727_1.mes,Script/dom1Athena_O0727_1.mes,10,48,주인공,(………….あいつ、明日のライブ<6E5C>でそんなこと…….やっぱり、決意<6E5C>したってことなのかな……),,
dom1Athena_O0727_2.mes,Script/dom1Athena_O0727_2.mes,0,15,주인공,(う…….つい、来ちまった),,
dom1Athena_O0727_2.mes,Script/dom1Athena_O0727_2.mes,1,4,Athena,<이름:3232>!,,
dom1Athena_O0727_2.mes,Script/dom1Athena_O0727_2.mes,2,20,주인공,あ、アテナ!……それ、ライブの<6E5C>衣装?,,
dom1Athena_O0727_2.mes,Script/dom1Athena_O0727_2.mes,3,28,Athena,そうだけど…….どうしたの?<6E5C>ライブハウスに来るなんて,,
dom1Athena_O0727_2.mes,Script/dom1Athena_O0727_2.mes,4,9,주인공,いやぁ、あの……,,
dom1Athena_O0727_2.mes,Script/dom1Athena_O0727_2.mes,5,24,UNKNOWN_19,おーい、アテナちゃん!<6E5C>こっち来てくれないか!,,
dom1Athena_O0727_2.mes,Script/dom1Athena_O0727_2.mes,6,12,Athena,はーい、いま行きます!,,
dom1Athena_O0727_2.mes,Script/dom1Athena_O0727_2.mes,7,14,주인공,忙しそうだな……当たり前か,,
dom1Athena_O0727_2.mes,Script/dom1Athena_O0727_2.mes,8,27,Athena,うん.直前に決まっちゃったから.<6E5C>でも<이름:3232>、何か話?,,
dom1Athena_O0727_2.mes,Script/dom1Athena_O0727_2.mes,9,9,주인공,話っていうか……,,
dom1Athena_O0727_2.mes,Script/dom1Athena_O0727_2.mes,10,17,UNKNOWN_1a,お~い、きみきみ.そらアカンで~,,
dom1Athena_O0727_2.mes,Script/dom1Athena_O0727_2.mes,11,10,Athena,あ、マネージャー!,,
dom1Athena_O0727_2.mes,Script/dom1Athena_O0727_2.mes,12,47,UNKNOWN_1b,サインも握手も、明日にしてくれへ<6E5C>んか.アテナはきみら一般人とちご<6E5C>て、忙しい身やさかいな~,,
dom1Athena_O0727_2.mes,Script/dom1Athena_O0727_2.mes,13,15,주인공,いや、俺ファンじゃなくて……,,
dom1Athena_O0727_2.mes,Script/dom1Athena_O0727_2.mes,14,14,Athena,マネージャー、違いますよ!,,
dom1Athena_O0727_2.mes,Script/dom1Athena_O0727_2.mes,15,11,UNKNOWN_19,アテナちゃん、早く!,,
dom1Athena_O0727_2.mes,Script/dom1Athena_O0727_2.mes,16,20,Athena,はい、すいません!<6E5C>……<이름:3232>、ゴメンね,,
dom1Athena_O0727_2.mes,Script/dom1Athena_O0727_2.mes,17,6,주인공,あ、アテナ,,
dom1Athena_O0727_2.mes,Script/dom1Athena_O0727_2.mes,18,55,UNKNOWN_1b,あ、そうか、きみ急遮派遣された<6E5C>ライブスタッフやな!<485C>そら助かるわ.じゃ、さっそく<6E5C>やけど設営してくれるか!,,
dom1Athena_O0727_2.mes,Script/dom1Athena_O0727_2.mes,19,4,주인공,えぇ?,,
dom1Athena_O0727_2.mes,Script/dom1Athena_O0727_2.mes,20,9,[선택지],手伝うアテナを探す,,
dom1Athena_O0727_2.mes,Script/dom1Athena_O0727_2.mes,21,28,[선택지],<1818><0001><0000><0038><002C><0002>わ、わかりました.何をしたら<6E5C>いいですか?,,
dom1Athena_O0727_2.mes,Script/dom1Athena_O0727_2.mes,22,20,UNKNOWN_1b,せやな、まずは機材を搬入して<6E5C>くれんか,,
dom1Athena_O0727_2.mes,Script/dom1Athena_O0727_2.mes,23,3,주인공,はい,,
dom1Athena_O0727_2.mes,Script/dom1Athena_O0727_2.mes,24,12,UNKNOWN_1b,搬入が終わったら設置や,,
dom1Athena_O0727_2.mes,Script/dom1Athena_O0727_2.mes,25,3,주인공,はい,,
dom1Athena_O0727_2.mes,Script/dom1Athena_O0727_2.mes,26,10,UNKNOWN_1b,次は照明のチェック,,
dom1Athena_O0727_2.mes,Script/dom1Athena_O0727_2.mes,27,3,주인공,はい,,
dom1Athena_O0727_2.mes,Script/dom1Athena_O0727_2.mes,28,14,UNKNOWN_1b,んで客席づくりや.ええか?,,
dom1Athena_O0727_2.mes,Script/dom1Athena_O0727_2.mes,29,4,주인공,はい!,,
dom1Athena_O0727_2.mes,Script/dom1Athena_O0727_2.mes,30,31,UNKNOWN_1b,じゃ、ミスのないようにたのむで!<6E5C>ライブは準備が命やからな!,,
dom1Athena_O0727_2.mes,Script/dom1Athena_O0727_2.mes,31,20,주인공,(うわ~.えらいことになっち<6E5C>まった),,
dom1Athena_O0727_2.mes,Script/dom1Athena_O0727_2.mes,32,24,UNKNOWN_19,きみ!ボケっとしてないで早く<6E5C>作業してくれよ!,,
dom1Athena_O0727_2.mes,Script/dom1Athena_O0727_2.mes,33,6,주인공,は、はい!,,
dom1Athena_O0727_2.mes,Script/dom1Athena_O0727_2.mes,34,13,주인공,(えーっと、まずは……),,
dom1Athena_O0727_2.mes,Script/dom1Athena_O0727_2.mes,35,8,[선택지],照明設置搬入客席,,
dom1Athena_O0727_2.mes,Script/dom1Athena_O0727_2.mes,36,15,[선택지],<04DC><0001><0000><0020><0012><FFFF>ガタガタガタ……,,
dom1Athena_O0727_2.mes,Script/dom1Athena_O0727_2.mes,37,19,주인공,(……よしっと、<6E5C>次はどれかな……),,
dom1Athena_O0727_2.mes,Script/dom1Athena_O0727_2.mes,38,6,[선택지],設置搬入客席,,
dom1Athena_O0727_2.mes,Script/dom1Athena_O0727_2.mes,39,9,[효과음/내레이션],ガタガタガタ……,,
dom1Athena_O0727_2.mes,Script/dom1Athena_O0727_2.mes,40,19,주인공,(……よしっと、<6E5C>次はどれかな……),,
dom1Athena_O0727_2.mes,Script/dom1Athena_O0727_2.mes,41,4,[선택지],搬入客席,,
dom1Athena_O0727_2.mes,Script/dom1Athena_O0727_2.mes,42,9,[효과음/내레이션],ガタガタガタ……,,
dom1Athena_O0727_2.mes,Script/dom1Athena_O0727_2.mes,43,19,주인공,(……よしっと、<6E5C>次はどれかな……),,
dom1Athena_O0727_2.mes,Script/dom1Athena_O0727_2.mes,44,2,[선택지],客席,,
dom1Athena_O0727_2.mes,Script/dom1Athena_O0727_2.mes,45,9,[효과음/내레이션],ガタガタガタ……,,
dom1Athena_O0727_2.mes,Script/dom1Athena_O0727_2.mes,46,19,주인공,(……よしっと、<6E5C>次はどれかな……),,
dom1Athena_O0727_2.mes,Script/dom1Athena_O0727_2.mes,47,2,[선택지],搬入,,
dom1Athena_O0727_2.mes,Script/dom1Athena_O0727_2.mes,48,9,[효과음/내레이션],ガタガタガタ……,,
dom1Athena_O0727_2.mes,Script/dom1Athena_O0727_2.mes,49,19,주인공,(……よしっと、<6E5C>次はどれかな……),,
dom1Athena_O0727_2.mes,Script/dom1Athena_O0727_2.mes,50,4,[선택지],設置客席,,
dom1Athena_O0727_2.mes,Script/dom1Athena_O0727_2.mes,51,9,[효과음/내레이션],ガタガタガタ……,,
dom1Athena_O0727_2.mes,Script/dom1Athena_O0727_2.mes,52,19,주인공,(……よしっと、<6E5C>次はどれかな……),,
dom1Athena_O0727_2.mes,Script/dom1Athena_O0727_2.mes,53,2,[선택지],客席,,
dom1Athena_O0727_2.mes,Script/dom1Athena_O0727_2.mes,54,9,[효과음/내레이션],ガタガタガタ……,,
dom1Athena_O0727_2.mes,Script/dom1Athena_O0727_2.mes,55,19,주인공,(……よしっと、<6E5C>次はどれかな……),,
dom1Athena_O0727_2.mes,Script/dom1Athena_O0727_2.mes,56,2,[선택지],設置,,
dom1Athena_O0727_2.mes,Script/dom1Athena_O0727_2.mes,57,9,[효과음/내레이션],ガタガタガタ……,,
dom1Athena_O0727_2.mes,Script/dom1Athena_O0727_2.mes,58,19,주인공,(……よしっと、<6E5C>次はどれかな……),,
dom1Athena_O0727_2.mes,Script/dom1Athena_O0727_2.mes,59,4,[선택지],設置搬入,,
dom1Athena_O0727_2.mes,Script/dom1Athena_O0727_2.mes,60,9,[효과음/내레이션],ガタガタガタ……,,
dom1Athena_O0727_2.mes,Script/dom1Athena_O0727_2.mes,61,19,주인공,(……よしっと、<6E5C>次はどれかな……),,
dom1Athena_O0727_2.mes,Script/dom1Athena_O0727_2.mes,62,2,[선택지],搬入,,
dom1Athena_O0727_2.mes,Script/dom1Athena_O0727_2.mes,63,9,[효과음/내레이션],ガタガタガタ……,,
dom1Athena_O0727_2.mes,Script/dom1Athena_O0727_2.mes,64,19,주인공,(……よしっと、<6E5C>次はどれかな……),,
dom1Athena_O0727_2.mes,Script/dom1Athena_O0727_2.mes,65,2,[선택지],設置,,
dom1Athena_O0727_2.mes,Script/dom1Athena_O0727_2.mes,66,15,UNKNOWN_01,<04DC><0001><0000><0020><0012><FFFF>ガタガタガタ……,,
dom1Athena_O0727_2.mes,Script/dom1Athena_O0727_2.mes,67,19,주인공,(……よしっと、<6E5C>次はどれかな……),,
dom1Athena_O0727_2.mes,Script/dom1Athena_O0727_2.mes,68,6,[선택지],照明搬入客席,,
dom1Athena_O0727_2.mes,Script/dom1Athena_O0727_2.mes,69,9,[효과음/내레이션],ガタガタガタ……,,
dom1Athena_O0727_2.mes,Script/dom1Athena_O0727_2.mes,70,19,주인공,(……よしっと、<6E5C>次はどれかな……),,
dom1Athena_O0727_2.mes,Script/dom1Athena_O0727_2.mes,71,4,[선택지],搬入客席,,
dom1Athena_O0727_2.mes,Script/dom1Athena_O0727_2.mes,72,9,[효과음/내레이션],ガタガタガタ……,,
dom1Athena_O0727_2.mes,Script/dom1Athena_O0727_2.mes,73,19,주인공,(……よしっと、<6E5C>次はどれかな……),,
dom1Athena_O0727_2.mes,Script/dom1Athena_O0727_2.mes,74,2,[선택지],客席,,
dom1Athena_O0727_2.mes,Script/dom1Athena_O0727_2.mes,75,9,[효과음/내레이션],ガタガタガタ……,,
dom1Athena_O0727_2.mes,Script/dom1Athena_O0727_2.mes,76,19,주인공,(……よしっと、<6E5C>次はどれかな……),,
dom1Athena_O0727_2.mes,Script/dom1Athena_O0727_2.mes,77,2,[선택지],搬入,,
dom1Athena_O0727_2.mes,Script/dom1Athena_O0727_2.mes,78,9,[효과음/내레이션],ガタガタガタ……,,
dom1Athena_O0727_2.mes,Script/dom1Athena_O0727_2.mes,79,19,주인공,(……よしっと、<6E5C>次はどれかな……),,
dom1Athena_O0727_2.mes,Script/dom1Athena_O0727_2.mes,80,4,[선택지],照明客席,,
dom1Athena_O0727_2.mes,Script/dom1Athena_O0727_2.mes,81,9,[효과음/내레이션],ガタガタガタ……,,
dom1Athena_O0727_2.mes,Script/dom1Athena_O0727_2.mes,82,19,주인공,(……よしっと、<6E5C>次はどれかな……),,
dom1Athena_O0727_2.mes,Script/dom1Athena_O0727_2.mes,83,2,[선택지],客席,,
dom1Athena_O0727_2.mes,Script/dom1Athena_O0727_2.mes,84,9,[효과음/내레이션],ガタガタガタ……,,
dom1Athena_O0727_2.mes,Script/dom1Athena_O0727_2.mes,85,19,주인공,(……よしっと、<6E5C>次はどれかな……),,
dom1Athena_O0727_2.mes,Script/dom1Athena_O0727_2.mes,86,2,[선택지],照明,,
dom1Athena_O0727_2.mes,Script/dom1Athena_O0727_2.mes,87,9,[효과음/내레이션],ガタガタガタ……,,
dom1Athena_O0727_2.mes,Script/dom1Athena_O0727_2.mes,88,19,주인공,(……よしっと、<6E5C>次はどれかな……),,
dom1Athena_O0727_2.mes,Script/dom1Athena_O0727_2.mes,89,4,[선택지],照明搬入,,
dom1Athena_O0727_2.mes,Script/dom1Athena_O0727_2.mes,90,9,[효과음/내레이션],ガタガタガタ……,,
dom1Athena_O0727_2.mes,Script/dom1Athena_O0727_2.mes,91,19,주인공,(……よしっと、<6E5C>次はどれかな……),,
dom1Athena_O0727_2.mes,Script/dom1Athena_O0727_2.mes,92,2,[선택지],搬入,,
dom1Athena_O0727_2.mes,Script/dom1Athena_O0727_2.mes,93,9,[효과음/내레이션],ガタガタガタ……,,
dom1Athena_O0727_2.mes,Script/dom1Athena_O0727_2.mes,94,19,주인공,(……よしっと、<6E5C>次はどれかな……),,
dom1Athena_O0727_2.mes,Script/dom1Athena_O0727_2.mes,95,2,[선택지],照明,,
dom1Athena_O0727_2.mes,Script/dom1Athena_O0727_2.mes,96,9,[효과음/내레이션],ガタガタガタ……,,
dom1Athena_O0727_2.mes,Script/dom1Athena_O0727_2.mes,97,19,주인공,(……よしっと、<6E5C>次はどれかな……),,
dom1Athena_O0727_2.mes,Script/dom1Athena_O0727_2.mes,98,6,[선택지],照明設置客席,,
dom1Athena_O0727_2.mes,Script/dom1Athena_O0727_2.mes,99,9,[효과음/내레이션],ガタガタガタ……,,
dom1Athena_O0727_2.mes,Script/dom1Athena_O0727_2.mes,100,19,주인공,(……よしっと、<6E5C>次はどれかな……),,
dom1Athena_O0727_2.mes,Script/dom1Athena_O0727_2.mes,101,4,[선택지],設置客席,,
dom1Athena_O0727_2.mes,Script/dom1Athena_O0727_2.mes,102,9,[효과음/내레이션],ガタガタガタ……,,
dom1Athena_O0727_2.mes,Script/dom1Athena_O0727_2.mes,103,19,주인공,(……よしっと、<6E5C>次はどれかな……),,
dom1Athena_O0727_2.mes,Script/dom1Athena_O0727_2.mes,104,2,[선택지],客席,,
dom1Athena_O0727_2.mes,Script/dom1Athena_O0727_2.mes,105,9,[효과음/내레이션],ガタガタガタ……,,
dom1Athena_O0727_2.mes,Script/dom1Athena_O0727_2.mes,106,19,주인공,(……よしっと、<6E5C>次はどれかな……),,
dom1Athena_O0727_2.mes,Script/dom1Athena_O0727_2.mes,107,2,[선택지],設置,,
dom1Athena_O0727_2.mes,Script/dom1Athena_O0727_2.mes,108,15,UNKNOWN_01,~<0001><0000><0020><0012><FFFF>ガタガタガタ……,,
dom1Athena_O0727_2.mes,Script/dom1Athena_O0727_2.mes,109,19,주인공,(……よしっと、<6E5C>次はどれかな……),,
dom1Athena_O0727_2.mes,Script/dom1Athena_O0727_2.mes,110,4,[선택지],照明客席,,
dom1Athena_O0727_2.mes,Script/dom1Athena_O0727_2.mes,111,9,[효과음/내레이션],ガタガタガタ……,,
dom1Athena_O0727_2.mes,Script/dom1Athena_O0727_2.mes,112,19,주인공,(……よしっと、<6E5C>次はどれかな……),,
dom1Athena_O0727_2.mes,Script/dom1Athena_O0727_2.mes,113,2,[선택지],客席,,
dom1Athena_O0727_2.mes,Script/dom1Athena_O0727_2.mes,114,9,[효과음/내레이션],ガタガタガタ……,,
dom1Athena_O0727_2.mes,Script/dom1Athena_O0727_2.mes,115,19,주인공,(……よしっと、<6E5C>次はどれかな……),,
dom1Athena_O0727_2.mes,Script/dom1Athena_O0727_2.mes,116,2,[선택지],照明,,
dom1Athena_O0727_2.mes,Script/dom1Athena_O0727_2.mes,117,9,[효과음/내레이션],ガタガタガタ……,,
dom1Athena_O0727_2.mes,Script/dom1Athena_O0727_2.mes,118,19,주인공,(……よしっと、<6E5C>次はどれかな……),,
dom1Athena_O0727_2.mes,Script/dom1Athena_O0727_2.mes,119,4,[선택지],照明設置,,
dom1Athena_O0727_2.mes,Script/dom1Athena_O0727_2.mes,120,9,[효과음/내레이션],ガタガタガタ……,,
dom1Athena_O0727_2.mes,Script/dom1Athena_O0727_2.mes,121,19,주인공,(……よしっと、<6E5C>次はどれかな……),,
dom1Athena_O0727_2.mes,Script/dom1Athena_O0727_2.mes,122,2,[선택지],設置,,
dom1Athena_O0727_2.mes,Script/dom1Athena_O0727_2.mes,123,9,[효과음/내레이션],ガタガタガタ……,,
dom1Athena_O0727_2.mes,Script/dom1Athena_O0727_2.mes,124,19,주인공,(……よしっと、<6E5C>次はどれかな……),,
dom1Athena_O0727_2.mes,Script/dom1Athena_O0727_2.mes,125,2,[선택지],照明,,
dom1Athena_O0727_2.mes,Script/dom1Athena_O0727_2.mes,126,9,[효과음/내레이션],ガタガタガタ……,,
dom1Athena_O0727_2.mes,Script/dom1Athena_O0727_2.mes,127,19,주인공,(……よしっと、<6E5C>次はどれかな……),,
dom1Athena_O0727_2.mes,Script/dom1Athena_O0727_2.mes,128,6,[선택지],照明設置搬入,,
dom1Athena_O0727_2.mes,Script/dom1Athena_O0727_2.mes,129,9,[효과음/내레이션],ガタガタガタ……,,
dom1Athena_O0727_2.mes,Script/dom1Athena_O0727_2.mes,130,19,주인공,(……よしっと、<6E5C>次はどれかな……),,
dom1Athena_O0727_2.mes,Script/dom1Athena_O0727_2.mes,131,4,[선택지],設置搬入,,
dom1Athena_O0727_2.mes,Script/dom1Athena_O0727_2.mes,132,9,[효과음/내레이션],ガタガタガタ……,,
dom1Athena_O0727_2.mes,Script/dom1Athena_O0727_2.mes,133,19,주인공,(……よしっと、<6E5C>次はどれかな……),,
dom1Athena_O0727_2.mes,Script/dom1Athena_O0727_2.mes,134,2,[선택지],搬入,,
dom1Athena_O0727_2.mes,Script/dom1Athena_O0727_2.mes,135,9,[효과음/내레이션],ガタガタガタ……,,
dom1Athena_O0727_2.mes,Script/dom1Athena_O0727_2.mes,136,19,주인공,(……よしっと、<6E5C>次はどれかな……),,
dom1Athena_O0727_2.mes,Script/dom1Athena_O0727_2.mes,137,2,[선택지],設置,,
dom1Athena_O0727_2.mes,Script/dom1Athena_O0727_2.mes,138,9,[효과음/내레이션],ガタガタガタ……,,
dom1Athena_O0727_2.mes,Script/dom1Athena_O0727_2.mes,139,19,주인공,(……よしっと、<6E5C>次はどれかな……),,
dom1Athena_O0727_2.mes,Script/dom1Athena_O0727_2.mes,140,4,[선택지],照明搬入,,
dom1Athena_O0727_2.mes,Script/dom1Athena_O0727_2.mes,141,9,[효과음/내레이션],ガタガタガタ……,,
dom1Athena_O0727_2.mes,Script/dom1Athena_O0727_2.mes,142,19,주인공,(……よしっと、<6E5C>次はどれかな……),,
dom1Athena_O0727_2.mes,Script/dom1Athena_O0727_2.mes,143,2,[선택지],搬入,,
dom1Athena_O0727_2.mes,Script/dom1Athena_O0727_2.mes,144,9,[효과음/내레이션],ガタガタガタ……,,
dom1Athena_O0727_2.mes,Script/dom1Athena_O0727_2.mes,145,19,주인공,(……よしっと、<6E5C>次はどれかな……),,
dom1Athena_O0727_2.mes,Script/dom1Athena_O0727_2.mes,146,2,[선택지],照明,,
dom1Athena_O0727_2.mes,Script/dom1Athena_O0727_2.mes,147,9,[효과음/내레이션],ガタガタガタ……,,
dom1Athena_O0727_2.mes,Script/dom1Athena_O0727_2.mes,148,19,주인공,(……よしっと、<6E5C>次はどれかな……),,
dom1Athena_O0727_2.mes,Script/dom1Athena_O0727_2.mes,149,4,[선택지],照明設置,,
dom1Athena_O0727_2.mes,Script/dom1Athena_O0727_2.mes,150,9,[효과음/내레이션],ガタガタガタ……,,
dom1Athena_O0727_2.mes,Script/dom1Athena_O0727_2.mes,151,19,주인공,(……よしっと、<6E5C>次はどれかな……),,
dom1Athena_O0727_2.mes,Script/dom1Athena_O0727_2.mes,152,2,[선택지],設置,,
dom1Athena_O0727_2.mes,Script/dom1Athena_O0727_2.mes,153,9,[효과음/내레이션],ガタガタガタ……,,
dom1Athena_O0727_2.mes,Script/dom1Athena_O0727_2.mes,154,19,주인공,(……よしっと、<6E5C>次はどれかな……),,
dom1Athena_O0727_2.mes,Script/dom1Athena_O0727_2.mes,155,2,[선택지],照明,,
dom1Athena_O0727_2.mes,Script/dom1Athena_O0727_2.mes,156,13,UNKNOWN_01,<0140><0002><0000><001C><000E><FFFF>バタバタ……,,
dom1Athena_O0727_2.mes,Script/dom1Athena_O0727_2.mes,157,15,주인공,(ふぅ、なんとか終わったぞ),,
dom1Athena_O0727_2.mes,Script/dom1Athena_O0727_2.mes,158,53,UNKNOWN_1b,きみ、よぅやってくれたな!<6E5C>これで明日の本番も大成功や!<485C>ほな、これはワイからの<6E5C>報酬やで.体力回復や!,,
dom1Athena_O0727_2.mes,Script/dom1Athena_O0727_2.mes,159,16,[효과음/내레이션],マネージャーが肉まんをくれた!,,
dom1Athena_O0727_2.mes,Script/dom1Athena_O0727_2.mes,160,12,주인공,え……なんで肉まん!?,,
dom1Athena_O0727_2.mes,Script/dom1Athena_O0727_2.mes,161,7,[효과음/내레이션],バタバタ……,,
dom1Athena_O0727_2.mes,Script/dom1Athena_O0727_2.mes,162,19,주인공,(ふぅ、なんとか終わった<6E5C>けど……),,
dom1Athena_O0727_2.mes,Script/dom1Athena_O0727_2.mes,163,59,UNKNOWN_1b,コラコラきみ!<6E5C>ちゃんと言われたとおりに<6E5C>してくれな困るで!<485C>これで明日のライブが<6E5C>失敗したら、きみのせいやからな!,,
dom1Athena_O0727_2.mes,Script/dom1Athena_O0727_2.mes,164,13,주인공,えぇ!?し、しまった……,,
dom1Athena_O0727_2.mes,Script/dom1Athena_O0727_2.mes,165,23,주인공,す、すいません.俺、ちょっと他に<6E5C>用事が……,,
dom1Athena_O0727_2.mes,Script/dom1Athena_O0727_2.mes,166,15,UNKNOWN_1b,はぁ?ちょ、待たんかいなきみ,,
dom1Athena_O0727_2.mes,Script/dom1Athena_O0727_2.mes,167,15,주인공,はやくアテナを探さないと……,,
dom1Athena_O0727_2.mes,Script/dom1Athena_O0727_2.mes,168,34,UNKNOWN_19,コラ!君はさっきから何うろ<6E5C>ちょろしてるんだ!?<6E5C>部外者は退場だ!,,
dom1Athena_O0727_2.mes,Script/dom1Athena_O0727_2.mes,169,35,주인공,(がーん!<6E5C>追い出されてしまった!<6E5C>しかたない、待つしかないか……),,
dom1Athena_O0727_3.mes,Script/dom1Athena_O0727_3.mes,0,29,Athena,じゃあ、1曲目からいきまーす.<6E5C>“サイコ。ソルジャー”!,,
dom1Athena_O0727_3.mes,Script/dom1Athena_O0727_3.mes,1,4,[효과음/내레이션],♪♪♪,,
dom1Athena_O0727_3.mes,Script/dom1Athena_O0727_3.mes,2,37,주인공,(なんとかリハーサルがはじまった<6E5C>な.見ることができて良かった<6E5C>ぜ……),,
dom1Athena_O0727_3.mes,Script/dom1Athena_O0727_3.mes,3,28,Athena,2曲目いきまーす.<6E5C>“傷だらけの<6E5C>トゥルー。ハート”!,,
dom1Athena_O0727_3.mes,Script/dom1Athena_O0727_3.mes,4,4,[효과음/내레이션],♪♪♪,,
dom1Athena_O0727_3.mes,Script/dom1Athena_O0727_3.mes,5,61,주인공,(アテナはいつも、こんな大勢の<6E5C>スタッフに支えられてアイドル<6E5C>やってきたんだ……<485C>全国には数えきれないファンも<6E5C>いて……,,
dom1Athena_O0727_3.mes,Script/dom1Athena_O0727_3.mes,6,23,주인공,どれだけのプレッシャーか、想像で<6E5C>きねぇな),,
dom1Athena_O0727_3.mes,Script/dom1Athena_O0727_3.mes,7,37,Athena,3曲目いきまーす.<6E5C>“私のナイト<6E5C>~Show m『 Cou<「g『~”!,,
dom1Athena_O0727_3.mes,Script/dom1Athena_O0727_3.mes,8,4,[효과음/내레이션],♪♪♪,,
dom1Athena_O0727_3.mes,Script/dom1Athena_O0727_3.mes,9,66,주인공,(これだけの人を巻き込んでやって<6E5C>るんだ.個人的なわがままで地元に<6E5C>住み続けるなんてできるわけない.<6E5C>東京に行くのが当然、か……),,
dom1Athena_O0727_3.mes,Script/dom1Athena_O0727_3.mes,10,30,Athena,4曲目いきまーす.<6E5C>“~AMP wi>h HIROKI”!,,
dom1Athena_O0727_3.mes,Script/dom1Athena_O0727_3.mes,11,4,[효과음/내레이션],♪♪♪,,
dom1Athena_O0727_3.mes,Script/dom1Athena_O0727_3.mes,12,78,주인공,(10年以上も隣にいて、ぜんぜん<6E5C>わからなかった.アテナがこんな<6E5C>にも高い場所に立っていたなんて.<6E5C>淋しいのは、俺が子供だから<6E5C>なんだろうな、きっと……),,
dom1Athena_O0727_3.mes,Script/dom1Athena_O0727_3.mes,13,6,[효과음/내레이션],♪♪♪……,,
dom1Athena_O0727_4.mes,Script/dom1Athena_O0727_4.mes,0,45,주인공,はぁ、けっきょくアテナと会話でき<6E5C>ずに終わっちゃった.ライブの前日<6E5C>じゃ、しかたないかぁ,,
dom1Athena_O0727_4.mes,Script/dom1Athena_O0727_4.mes,1,4,UNKNOWN_1c,<이름:3232>!,,
dom1Athena_O0727_4.mes,Script/dom1Athena_O0727_4.mes,2,3,주인공,ん?,,
dom1Athena_O0727_4.mes,Script/dom1Athena_O0727_4.mes,3,13,Athena,ふぅ.やっと追いついた!,,
dom1Athena_O0727_4.mes,Script/dom1Athena_O0727_4.mes,4,10,주인공,アテナ!なんで……,,
dom1Athena_O0727_4.mes,Script/dom1Athena_O0727_4.mes,5,34,Athena,もぅリハーサルも打ち合わせも今日<6E5C>は終わったよ.いっしょに帰ろう?,,
dom1Athena_O0727_4.mes,Script/dom1Athena_O0727_4.mes,6,15,주인공,わざわざ追いかけてきたのかよ,,
dom1Athena_O0727_4.mes,Script/dom1Athena_O0727_4.mes,7,31,Athena,<이름:3232>…….わたしに話があったん<6E5C>でしょ?ゴメンね、時間なくて,,
dom1Athena_O0727_4.mes,Script/dom1Athena_O0727_4.mes,8,16,주인공,いや、仕事場に来た俺が悪いんだ,,
dom1Athena_O0727_4.mes,Script/dom1Athena_O0727_4.mes,9,6,Athena,なんの話?,,
dom1Athena_O0727_4.mes,Script/dom1Athena_O0727_4.mes,10,10,주인공,えーっと、その……,,
dom1Athena_O0727_4.mes,Script/dom1Athena_O0727_4.mes,11,24,Athena,フフッ.……なんてね、だいたい<6E5C>わかるんだけど,,
dom1Athena_O0727_4.mes,Script/dom1Athena_O0727_4.mes,12,3,주인공,え?,,
dom1Athena_O0727_4.mes,Script/dom1Athena_O0727_4.mes,13,38,Athena,昨日、わたしがあんな泣き言いった<6E5C>から心配してくれたんでしょ?<6E5C>ありがとう,,
dom1Athena_O0727_4.mes,Script/dom1Athena_O0727_4.mes,14,13,주인공,なんだ……読めてんのかよ,,
dom1Athena_O0727_4.mes,Script/dom1Athena_O0727_4.mes,15,47,Athena,今日、OROCHiにいる間もずっと<6E5C><이름:3232>の気持ち、感じてたよ.<6E5C>心配してくれてるのが伝わった,,
dom1Athena_O0727_4.mes,Script/dom1Athena_O0727_4.mes,16,17,주인공,そんなおおげさなもんじゃねーけど,,
dom1Athena_O0727_4.mes,Script/dom1Athena_O0727_4.mes,17,54,Athena,<이름:3232>が心配してくれてるの<6E5C>わかったから、わたし大丈夫<6E5C>だよ!<485C>もうくよくよしたりしない、<6E5C>がんばるからね!,,
dom1Athena_O0727_4.mes,Script/dom1Athena_O0727_4.mes,18,5,주인공,……あぁ,,
dom1Athena_O0727_4.mes,Script/dom1Athena_O0727_4.mes,19,52,Athena,明日のライブも、<6E5C>だからやるって決めたの<485C>東京に行く前に、クラスの<6E5C>みんなに感謝の気持ちを<6E5C>伝えないと,,
dom1Athena_O0727_4.mes,Script/dom1Athena_O0727_4.mes,20,34,Athena,わたし、学校休んだり行事に参加で<6E5C>きなかったりで迷惑かけてきたから,,
dom1Athena_O0727_4.mes,Script/dom1Athena_O0727_4.mes,21,12,주인공,そんなのしかたないだろ,,
dom1Athena_O0727_4.mes,Script/dom1Athena_O0727_4.mes,22,28,Athena,うん.でも伝えたいの.迷惑かけた<6E5C>のには変わりないから,,
dom1Athena_O0727_4.mes,Script/dom1Athena_O0727_4.mes,23,34,주인공,……人の感情がわかるせいで、気苦<6E5C>労が多いのだけは直りようがないな,,
dom1Athena_O0727_4.mes,Script/dom1Athena_O0727_4.mes,24,3,Athena,え?,,
dom1Athena_O0727_4.mes,Script/dom1Athena_O0727_4.mes,25,41,주인공,そんな風に周りを気遣ってばかりい<6E5C>たら、いつか倒れるぞ!自分を<6E5C>第一に考えろよ!,,
dom1Athena_O0727_4.mes,Script/dom1Athena_O0727_4.mes,26,22,Athena,フフ、大丈夫だよ.<이름:3232>、<6E5C>まだ心配してる!,,
dom1Athena_O0727_4.mes,Script/dom1Athena_O0727_4.mes,27,8,주인공,あたりまえだ!,,
dom1Athena_O0727_4.mes,Script/dom1Athena_O0727_4.mes,28,32,Athena,……明日、きっとこの街で歌えるの<6E5C>は最後になる.……がんばるね,,
dom1Athena_O0727_4.mes,Script/dom1Athena_O0727_4.mes,29,5,주인공,……あぁ,,
dom1Athena_O0728_0.mes,Script/dom1Athena_O0728_0.mes,0,22,주인공,ふぁあ.なんだか昨日は寝つきが<6E5C>悪かったな,,
dom1Athena_O0728_0.mes,Script/dom1Athena_O0728_0.mes,1,7,[효과음/내레이션],♪ピンポ~ン,,
dom1Athena_O0728_0.mes,Script/dom1Athena_O0728_0.mes,2,5,주인공,誰だぁ?,,
dom1Athena_O0728_0.mes,Script/dom1Athena_O0728_0.mes,3,5,[효과음/내레이션],ガチャッ,,
dom1Athena_O0728_0.mes,Script/dom1Athena_O0728_0.mes,4,9,Jenny,モーニン★<020A><이름:3232>,,
dom1Athena_O0728_0.mes,Script/dom1Athena_O0728_0.mes,5,24,주인공,ジェニー先生.どうしたんですか、<6E5C>朝っぱらから,,
dom1Athena_O0728_0.mes,Script/dom1Athena_O0728_0.mes,6,35,Jenny,どーしたって、今日はアテナの<6E5C>ライブの日でしょ?<6E5C>連れてってよーん!,,
dom1Athena_O0728_0.mes,Script/dom1Athena_O0728_0.mes,7,15,주인공,ジェニー先生も行くんですか?,,
dom1Athena_O0728_0.mes,Script/dom1Athena_O0728_0.mes,8,40,Jenny,あたりまえじゃない!カワイイ<6E5C>生徒のハレの舞台よ!<6E5C>見ないわけないでしょーん?,,
dom1Athena_O0728_0.mes,Script/dom1Athena_O0728_0.mes,9,24,주인공,(って、ただ騒ぎたいだけじゃない<6E5C>のかよ……),,
dom1Athena_O0728_0.mes,Script/dom1Athena_O0728_0.mes,10,8,Jenny,なんかいった?,,
dom1Athena_O0728_0.mes,Script/dom1Athena_O0728_0.mes,11,27,주인공,いえ、なんでも.でも、いくらなん<6E5C>でもまだ早いですよ,,
dom1Athena_O0728_0.mes,Script/dom1Athena_O0728_0.mes,12,48,Jenny,今日は、お昼からアテナの事務所の<6E5C>バンドがライブはじめてるらしーの<6E5C>よ!ゼンはいそげよ、<이름:3232>!,,
dom1Athena_O0728_0.mes,Script/dom1Athena_O0728_0.mes,13,28,주인공,よくわからないけど…….<6E5C>はいはい、連れて行きますよ!,,
dom1Athena_O0728_0.mes,Script/dom1Athena_O0728_0.mes,14,20,주인공,ふぅ、暑いですね.もう7月も<6E5C>終わりか,,
dom1Athena_O0728_0.mes,Script/dom1Athena_O0728_0.mes,15,26,Jenny,8月はアテナと遊ぶヨテイ、<6E5C>イッパイ立ててるのん?,,
dom1Athena_O0728_0.mes,Script/dom1Athena_O0728_0.mes,16,25,주인공,そんなわけないでしょ、あっちは<6E5C>超多忙なんだから,,
dom1Athena_O0728_0.mes,Script/dom1Athena_O0728_0.mes,17,40,Jenny,でも、<이름:3232>とアテナはイイ仲なん<6E5C>でしょ?だったら仕事なんて<6E5C>カンケーないわよ!,,
dom1Athena_O0728_0.mes,Script/dom1Athena_O0728_0.mes,18,21,[선택지],そんな仲じゃないですそりゃ遊びたいですけど,,
dom1Athena_O0728_0.mes,Script/dom1Athena_O0728_0.mes,19,20,[선택지],<011C><0001><0000><0028><001C><0002>そんなイイ仲じゃないですよ,,
dom1Athena_O0728_0.mes,Script/dom1Athena_O0728_0.mes,20,25,Jenny,フーン?強がっちゃって、<6E5C>まだまだオコチャマね!,,
dom1Athena_O0728_0.mes,Script/dom1Athena_O0728_0.mes,21,11,주인공,どういう意味ですか!,,
dom1Athena_O0728_0.mes,Script/dom1Athena_O0728_0.mes,22,35,Jenny,アラアラ、そんなこといってるあい<6E5C>だにOROCHiについたわよーん!,,
dom1Athena_O0728_0.mes,Script/dom1Athena_O0728_0.mes,23,5,주인공,くっ……,,
dom1Athena_O0728_0.mes,Script/dom1Athena_O0728_0.mes,24,22,주인공,そりゃ、遊びたい気持ちはあります<6E5C>けど……,,
dom1Athena_O0728_0.mes,Script/dom1Athena_O0728_0.mes,25,37,Jenny,フフンッ.なかなか素直で<6E5C>ヨロシー.ンじゃ、センセイ<6E5C>応援しちゃうわよ!,,
dom1Athena_O0728_0.mes,Script/dom1Athena_O0728_0.mes,26,25,주인공,いいですよ!ほら、OROCHiに<6E5C>着きましたよ!,,
dom1Athena_O0728_0.mes,Script/dom1Athena_O0728_0.mes,27,14,Jenny,ンもぉ、照れちゃってぇ~★,,
dom1Athena_O0728_0.mes,Script/dom1Athena_O0728_0.mes,28,7,주인공,あぁもう……,,
dom1Athena_O0728_1.mes,Script/dom1Athena_O0728_1.mes,0,4,[효과음/내레이션],♪♪♪,,
dom1Athena_O0728_1.mes,Script/dom1Athena_O0728_1.mes,1,31,Jenny,キャーキャー!けっこうカッコ<6E5C>イイバンドじゃない!<6E5C>ヤフ~★,,
dom1Athena_O0728_1.mes,Script/dom1Athena_O0728_1.mes,2,17,주인공,よかったですね、お望みのロックで,,
dom1Athena_O0728_1.mes,Script/dom1Athena_O0728_1.mes,3,16,Jenny,<이름:3232>もいっしょに見ようよ~ん★,,
dom1Athena_O0728_1.mes,Script/dom1Athena_O0728_1.mes,4,10,[선택지],いっしょに見る見ない,,
dom1Athena_O0728_1.mes,Script/dom1Athena_O0728_1.mes,5,13,주인공,はいはい、見てあげますよ,,
dom1Athena_O0728_1.mes,Script/dom1Athena_O0728_1.mes,6,10,Jenny,キャー!サイコー!,,
dom1Athena_O0728_1.mes,Script/dom1Athena_O0728_1.mes,7,5,주인공,…………,,
dom1Athena_O0728_1.mes,Script/dom1Athena_O0728_1.mes,8,5,Jenny,ヤフ~★,,
dom1Athena_O0728_1.mes,Script/dom1Athena_O0728_1.mes,9,21,주인공,……こんな調子で、夜までもつのか<6E5C>な……,,
dom1Athena_O0728_1.mes,Script/dom1Athena_O0728_1.mes,10,25,주인공,すいません、俺、ちょっと行きたい<6E5C>とこがあるんで,,
dom1Athena_O0728_1.mes,Script/dom1Athena_O0728_1.mes,11,24,Jenny,……フフーン.わかったわ、<6E5C>いってらっしゃい★,,
dom1Athena_O0728_1.mes,Script/dom1Athena_O0728_1.mes,12,14,주인공,なんですか、そのやらしい目,,
dom1Athena_O0728_1.mes,Script/dom1Athena_O0728_1.mes,13,25,Jenny,なんでもないわよぉ~.早くいって<6E5C>きなさいって!,,
dom1Athena_O0728_1.mes,Script/dom1Athena_O0728_1.mes,14,27,주인공,(くそ、ジェニー先生にまで行動を<6E5C>読まれてるな……),,
dom1Athena_O0728_1.mes,Script/dom1Athena_O0728_1.mes,15,7,[효과음/내레이션],タタタタ……,,
dom1Athena_O0728_1.mes,Script/dom1Athena_O0728_1.mes,16,10,주인공,(会えるかな……),,
dom1Athena_O0728_1.mes,Script/dom1Athena_O0728_1.mes,17,7,주인공,あ、アテナ!,,
dom1Athena_O0728_1.mes,Script/dom1Athena_O0728_1.mes,18,13,Athena,<이름:3232>!もう来てくれたの?,,
dom1Athena_O0728_1.mes,Script/dom1Athena_O0728_1.mes,19,16,주인공,あぁ.今日のライブ、がんばれよ,,
dom1Athena_O0728_1.mes,Script/dom1Athena_O0728_1.mes,20,6,Athena,モチロン!,,
dom1Athena_O0728_1.mes,Script/dom1Athena_O0728_1.mes,21,28,주인공,じゃあ、それ言いに来ただけ<6E5C>だから.ジャマしてごめんな,,
dom1Athena_O0728_1.mes,Script/dom1Athena_O0728_1.mes,22,5,Athena,……<이름:3232>,,
dom1Athena_O0728_1.mes,Script/dom1Athena_O0728_1.mes,23,3,주인공,何?,,
dom1Athena_O0728_1.mes,Script/dom1Athena_O0728_1.mes,24,9,Athena,……ありがとう!,,
dom1Athena_O0728_2.mes,Script/dom1Athena_O0728_2.mes,0,4,[효과음/내레이션],キャー,,
dom1Athena_O0728_2.mes,Script/dom1Athena_O0728_2.mes,1,4,[효과음/내레이션],ワー!,,
dom1Athena_O0728_2.mes,Script/dom1Athena_O0728_2.mes,2,8,[효과음/내레이션],アテナちゃーん,,
dom1Athena_O0728_2.mes,Script/dom1Athena_O0728_2.mes,3,74,Athena,みんな、今日はわたしの突然の<6E5C>ライブに来てくれてありがとう!<485C>わたしが今までがんばって<6E5C>これたのも、クラスのみんなと、<6E5C>この町の人々のおかげです!,,
dom1Athena_O0728_2.mes,Script/dom1Athena_O0728_2.mes,4,4,[효과음/내레이션],ワー!,,
dom1Athena_O0728_2.mes,Script/dom1Athena_O0728_2.mes,5,13,Athena,最後まで聴いてください!,,
dom1Athena_O0728_2.mes,Script/dom1Athena_O0728_2.mes,6,4,[효과음/내레이션],オー!,,
dom1Athena_O0728_2.mes,Script/dom1Athena_O0728_2.mes,7,13,Athena,“サイコ。ソルジャー”!,,
dom1Athena_O0728_2.mes,Script/dom1Athena_O0728_2.mes,8,4,[효과음/내레이션],♪♪♪,,
dom1Athena_O0728_2.mes,Script/dom1Athena_O0728_2.mes,9,23,UNKNOWN_16,A!T!H!E!N!A!<6E5C>アテナちゃーん!!,,
dom1Athena_O0728_2.mes,Script/dom1Athena_O0728_2.mes,10,17,Athena,“傷だらけのトゥルー。ハート”!,,
dom1Athena_O0728_2.mes,Script/dom1Athena_O0728_2.mes,11,4,[효과음/내레이션],♪♪♪,,
dom1Athena_O0728_2.mes,Script/dom1Athena_O0728_2.mes,12,41,UNKNOWN_17,アテナちゃんこそアッシらの女神!<6E5C>その歌声で、天国まで導いてほし<6E5C>いでヤンス~!,,
dom1Athena_O0728_2.mes,Script/dom1Athena_O0728_2.mes,13,27,Athena,“私のナイト<6E5C>~Show m『 Cou<「g『~”!,,
dom1Athena_O0728_2.mes,Script/dom1Athena_O0728_2.mes,14,4,[효과음/내레이션],♪♪♪,,
dom1Athena_O0728_2.mes,Script/dom1Athena_O0728_2.mes,15,34,주인공,(いつにも増してあいつらのノリは<6E5C>異常だな……ついていけねえ……),,
dom1Athena_O0728_2.mes,Script/dom1Athena_O0728_2.mes,16,20,Athena,“~AMP wi>h HIROKI”!,,
dom1Athena_O0728_2.mes,Script/dom1Athena_O0728_2.mes,17,4,[효과음/내레이션],♪♪♪,,
dom1Athena_O0728_2.mes,Script/dom1Athena_O0728_2.mes,18,7,주인공,(…………),,
dom1Athena_O0728_2.mes,Script/dom1Athena_O0728_2.mes,19,16,Jenny,アテナー!カッコイイわよ~ん!,,
dom1Athena_O0728_2.mes,Script/dom1Athena_O0728_2.mes,20,7,주인공,(…………),,
dom1Athena_O0728_2.mes,Script/dom1Athena_O0728_2.mes,21,9,Jenny,どうしたの?<이름:3232>,,
dom1Athena_O0728_2.mes,Script/dom1Athena_O0728_2.mes,22,8,주인공,いや、別に……,,
dom1Athena_O0728_2.mes,Script/dom1Athena_O0728_2.mes,23,12,Jenny,悩んでるって顔してる!,,
dom1Athena_O0728_2.mes,Script/dom1Athena_O0728_2.mes,24,11,주인공,そんなことないですよ,,
dom1Athena_O0728_2.mes,Script/dom1Athena_O0728_2.mes,25,24,Jenny,……そーいえば、アテナもちょっと<6E5C>元気ないわね,,
dom1Athena_O0728_2.mes,Script/dom1Athena_O0728_2.mes,26,23,주인공,そうですか!?いつもどおりに<6E5C>見えるけど……,,
dom1Athena_O0728_2.mes,Script/dom1Athena_O0728_2.mes,27,14,Jenny,まぁ、女のカンってヤツねん,,
dom1Athena_O0728_2.mes,Script/dom1Athena_O0728_2.mes,28,3,주인공,はぁ,,
dom1Athena_O0728_2.mes,Script/dom1Athena_O0728_2.mes,29,16,Jenny,……<이름:3232>、こころあたりあるの?,,
dom1Athena_O0728_2.mes,Script/dom1Athena_O0728_2.mes,30,7,[선택지],あるわからない,,
dom1Athena_O0728_2.mes,Script/dom1Athena_O0728_2.mes,31,11,[선택지],",<0001><0000><0018><000A><0002>……はい",,
dom1Athena_O0728_2.mes,Script/dom1Athena_O0728_2.mes,32,34,Jenny,ソゥ.それは、<이름:3232>にしかわかって<6E5C>あげられないコトかもしれないわね,,
dom1Athena_O0728_2.mes,Script/dom1Athena_O0728_2.mes,33,2,주인공,?,,
dom1Athena_O0728_2.mes,Script/dom1Athena_O0728_2.mes,34,29,Jenny,アンタが落ち込んでどーすんの!<6E5C>しっかりしなさいよーん★,,
dom1Athena_O0728_2.mes,Script/dom1Athena_O0728_2.mes,35,4,[효과음/내레이션],バシッ,,
dom1Athena_O0728_2.mes,Script/dom1Athena_O0728_2.mes,36,7,주인공,は、はいっ!,,
dom1Athena_O0728_2.mes,Script/dom1Athena_O0728_2.mes,37,6,[효과음/내레이션],♪♪♪……,,
dom1Athena_O0728_2.mes,Script/dom1Athena_O0728_2.mes,38,9,주인공,わかりません……,,
dom1Athena_O0728_2.mes,Script/dom1Athena_O0728_2.mes,39,28,Jenny,ソゥ.ンじゃ気のせいかもね.<6E5C>ライブを楽しみましょー★,,
dom1Athena_O0728_2.mes,Script/dom1Athena_O0728_2.mes,40,5,주인공,……はい,,
dom1Athena_O0728_2.mes,Script/dom1Athena_O0728_2.mes,41,6,[효과음/내레이션],♪♪♪……,,
dom1Athena_O0728_3.mes,Script/dom1Athena_O0728_3.mes,0,13,UNKNOWN_16,アテナちゃん!感動した!,,
dom1Athena_O0728_3.mes,Script/dom1Athena_O0728_3.mes,1,17,UNKNOWN_17,素晴らしいライブだったでヤンス!,,
dom1Athena_O0728_3.mes,Script/dom1Athena_O0728_3.mes,2,50,Athena,みんなも、最後まで残ってくれてあ<6E5C>りがとう.ささやかだけど、このま<6E5C>ま打ち上げも楽しんでいってね!,,
dom1Athena_O0728_3.mes,Script/dom1Athena_O0728_3.mes,3,7,[효과음/내레이션],カンパーイ★,,
dom1Athena_O0728_3.mes,Script/dom1Athena_O0728_3.mes,4,11,Jenny,キャホー!のむわよ~,,
dom1Athena_O0728_3.mes,Script/dom1Athena_O0728_3.mes,5,24,주인공,ジェニー先生、あまり飲みすぎない<6E5C>でくださいよ,,
dom1Athena_O0728_3.mes,Script/dom1Athena_O0728_3.mes,6,35,Jenny,ダイジョブ、ダイジョブ!<6E5C>それより<이름:3232>、アテナと<6E5C>おはなししないの?,,
dom1Athena_O0728_3.mes,Script/dom1Athena_O0728_3.mes,7,7,주인공,え、なんで?,,
dom1Athena_O0728_3.mes,Script/dom1Athena_O0728_3.mes,8,16,Jenny,はなしたそうな顔してるわよーん,,
dom1Athena_O0728_3.mes,Script/dom1Athena_O0728_3.mes,9,6,주인공,そんな……,,
dom1Athena_O0728_3.mes,Script/dom1Athena_O0728_3.mes,10,34,UNKNOWN_16,アテナちゃん、どんなに有名になっ<6E5C>ても俺達のこと忘れないでくれぇ!,,
dom1Athena_O0728_3.mes,Script/dom1Athena_O0728_3.mes,11,33,UNKNOWN_17,アテナちゃんはアッシらだけで<6E5C>なく、この町の女神なんで<6E5C>ヤンス!,,
dom1Athena_O0728_3.mes,Script/dom1Athena_O0728_3.mes,12,13,Athena,もちろん忘れたりしないわ,,
dom1Athena_O0728_3.mes,Script/dom1Athena_O0728_3.mes,13,30,Jenny,……でも、アテナはみんなとの<6E5C>おはなしでイソガシーみたいね,,
dom1Athena_O0728_3.mes,Script/dom1Athena_O0728_3.mes,14,7,주인공,みたいですね,,
dom1Athena_O0728_3.mes,Script/dom1Athena_O0728_3.mes,15,9,[선택지],帰るジェニーと話す,,
dom1Athena_O0728_3.mes,Script/dom1Athena_O0728_3.mes,16,30,주인공,みんなと話すこともいっぱいあるで<6E5C>しょう.俺、もう帰ります,,
dom1Athena_O0728_3.mes,Script/dom1Athena_O0728_3.mes,17,14,Jenny,アラン、そぉ.……イイノ?,,
dom1Athena_O0728_3.mes,Script/dom1Athena_O0728_3.mes,18,23,주인공,俺とアテナはいつでも話せますから<6E5C>……たぶん,,
dom1Athena_O0728_3.mes,Script/dom1Athena_O0728_3.mes,19,17,Jenny,フフ、そうねん.気をつけてねーん,,
dom1Athena_O0728_3.mes,Script/dom1Athena_O0728_3.mes,20,3,주인공,はい,,
dom1Athena_O0728_3.mes,Script/dom1Athena_O0728_3.mes,21,24,주인공,アテナはみんなのマドンナです<6E5C>から、いいですよ,,
dom1Athena_O0728_3.mes,Script/dom1Athena_O0728_3.mes,22,21,Jenny,アイドルの幼馴染を持つと、<6E5C>たいへんね~,,
dom1Athena_O0728_3.mes,Script/dom1Athena_O0728_3.mes,23,10,주인공,どーゆー意味ですか,,
dom1Athena_O0728_3.mes,Script/dom1Athena_O0728_3.mes,24,23,Jenny,アラ<이름:3232>、怒ってるの?<6E5C>ホラ、のんでのんで★,,
dom1Athena_O0728_3.mes,Script/dom1Athena_O0728_3.mes,25,17,주인공,ってジェニー先生、飲みすぎですよ,,
dom1Athena_O0728_3.mes,Script/dom1Athena_O0728_3.mes,26,21,Jenny,そんなコトないわよぉ~.<6E5C>ウィ~、ヒック,,
dom1Athena_O0728_3.mes,Script/dom1Athena_O0728_3.mes,27,21,주인공,あぁもうホラ、俺が送ってってあげ<6E5C>ますよ,,
dom1Athena_O0728_3.mes,Script/dom1Athena_O0728_3.mes,28,11,Jenny,あぁん、もっとのむ~,,
dom1Athena_O0728_3.mes,Script/dom1Athena_O0728_3.mes,29,17,주인공,ほら、しっかり歩いてくださいよ!,,
dom1Athena_O0728_3.mes,Script/dom1Athena_O0728_3.mes,30,30,Jenny,しっかりするのはアンタれしょ~.<6E5C>オトコらしくしなさいよ~,,
dom1Athena_O0728_3.mes,Script/dom1Athena_O0728_3.mes,31,20,주인공,(なんなんだこの酔っ払い教師<6E5C>は……),,
dom1Athena_O0728_4.mes,Script/dom1Athena_O0728_4.mes,0,29,주인공,(……いいライブだったな.<6E5C>やっぱり、アテナはすごいや),,
dom1Athena_O0728_4.mes,Script/dom1Athena_O0728_4.mes,1,4,UNKNOWN_1c,<이름:3232>!,,
dom1Athena_O0728_4.mes,Script/dom1Athena_O0728_4.mes,2,12,주인공,アテナ!打ち上げは!?,,
dom1Athena_O0728_4.mes,Script/dom1Athena_O0728_4.mes,3,24,Athena,だって、何も言わずに帰っちゃうん<6E5C>だもん、<이름:3232>,,
dom1Athena_O0728_4.mes,Script/dom1Athena_O0728_4.mes,4,26,주인공,たまにはクラスのやつらとゆっくり<6E5C>話したらどうだ?,,
dom1Athena_O0728_4.mes,Script/dom1Athena_O0728_4.mes,5,29,Athena,それもそうだけど……<6E5C>でも、<이름:3232>と話したいことも<6E5C>あるよ,,
dom1Athena_O0728_4.mes,Script/dom1Athena_O0728_4.mes,6,5,주인공,え……?,,
dom1Athena_O0728_4.mes,Script/dom1Athena_O0728_4.mes,7,32,Athena,……明日の朝、<이름:3232>の部屋に<6E5C>行ってもいい?<6E5C>ゆっくり話したいの,,
dom1Athena_O0728_4.mes,Script/dom1Athena_O0728_4.mes,8,25,주인공,でも、31日にはコンサート本番<6E5C>だろ.いいのか?,,
dom1Athena_O0728_4.mes,Script/dom1Athena_O0728_4.mes,9,51,Athena,だいじょうぶ.今日のライブは<6E5C>コンサートのリハーサルも<6E5C>兼ねてたから<485C>明日は夜までお休みもらってるの,,
dom1Athena_O0728_4.mes,Script/dom1Athena_O0728_4.mes,10,21,주인공,そうか.……わかった、部屋で待っ<6E5C>てるよ,,
dom1Athena_O0728_4.mes,Script/dom1Athena_O0728_4.mes,11,10,Athena,ありがとう……<이름:3232>,,
dom1Athena_O0728_4.mes,Script/dom1Athena_O0728_4.mes,12,14,주인공,……今日、かっこよかったぜ,,
dom1Athena_O0728_4.mes,Script/dom1Athena_O0728_4.mes,13,29,Athena,……フフ、あたりまえじゃない!<6E5C>じゃあ、わたし戻るから!,,
dom1Athena_O0728_4.mes,Script/dom1Athena_O0728_4.mes,14,10,주인공,あぁ.じゃ、明日な,,
dom1Athena_O0728_4.mes,Script/dom1Athena_O0728_4.mes,15,7,[효과음/내레이션],タタタタ……,,
dom1Athena_O0728_4.mes,Script/dom1Athena_O0728_4.mes,16,47,주인공,(アテナ……アイドルとしてがんば<6E5C>るってはりきってたのに、やっぱり<6E5C>まだ悩んでんのかな……),,
dom1Athena_O0729_0.mes,Script/dom1Athena_O0729_0.mes,0,22,주인공,うーん、今日はやたら早く目覚め<6E5C>ちまったぜ,,
dom1Athena_O0729_0.mes,Script/dom1Athena_O0729_0.mes,1,7,[효과음/내레이션],♪ピンポ~ン,,
dom1Athena_O0729_0.mes,Script/dom1Athena_O0729_0.mes,2,5,[효과음/내레이션],ガチャッ,,
dom1Athena_O0729_0.mes,Script/dom1Athena_O0729_0.mes,3,23,Athena,おはよう<이름:3232>!<6E5C>早く行かないと遅刻するわよ!,,
dom1Athena_O0729_0.mes,Script/dom1Athena_O0729_0.mes,4,25,주인공,アテナ……夏休みまで俺を学校に<6E5C>連れていく気か?,,
dom1Athena_O0729_0.mes,Script/dom1Athena_O0729_0.mes,5,21,Athena,フフッ.休みの間は早起きなのね.<6E5C>変なの,,
dom1Athena_O0729_0.mes,Script/dom1Athena_O0729_0.mes,6,17,주인공,ま、目覚めは爽快だよな、休みだと,,
dom1Athena_O0729_0.mes,Script/dom1Athena_O0729_0.mes,7,10,Athena,……今、時間ある?,,
dom1Athena_O0729_0.mes,Script/dom1Athena_O0729_0.mes,8,10,주인공,いいぜ.どうした?,,
dom1Athena_O0729_0.mes,Script/dom1Athena_O0729_0.mes,9,5,Athena,…………,,
dom1Athena_O0729_0.mes,Script/dom1Athena_O0729_0.mes,10,10,주인공,……どこか行こうか,,
dom1Athena_O0729_1.mes,Script/dom1Athena_O0729_1.mes,0,26,주인공,今日はまだ風があって涼しいな.<6E5C>ここでもいいだろ?,,
dom1Athena_O0729_1.mes,Script/dom1Athena_O0729_1.mes,1,3,Athena,うん,,
dom1Athena_O0729_1.mes,Script/dom1Athena_O0729_1.mes,2,34,주인공,……むかしはこの河原にもよく来た<6E5C>よな.かくれんぼとか、虫取りとか,,
dom1Athena_O0729_1.mes,Script/dom1Athena_O0729_1.mes,3,36,Athena,バッタ嫌いだって言ってるのに、<6E5C>いつも捕まえては見せに来てた<6E5C>わよね!,,
dom1Athena_O0729_1.mes,Script/dom1Athena_O0729_1.mes,4,17,주인공,ハハ、怖がるのが面白かったんだよ,,
dom1Athena_O0729_1.mes,Script/dom1Athena_O0729_1.mes,5,22,Athena,中学のときは、部活帰りによく<6E5C>寄り道したわ,,
dom1Athena_O0729_1.mes,Script/dom1Athena_O0729_1.mes,6,13,주인공,アテナ、部活してたっけ?,,
dom1Athena_O0729_1.mes,Script/dom1Athena_O0729_1.mes,7,19,Athena,覚えてないの?わたしが何部だっ<6E5C>たか,,
dom1Athena_O0729_1.mes,Script/dom1Athena_O0729_1.mes,8,5,주인공,え~っと,,
dom1Athena_O0729_1.mes,Script/dom1Athena_O0729_1.mes,9,7,[선택지],テニスラクロス,,
dom1Athena_O0729_1.mes,Script/dom1Athena_O0729_1.mes,10,14,[선택지],<0110><0001><0000><001C><0010><0002>テニス部だっけ,,
dom1Athena_O0729_1.mes,Script/dom1Athena_O0729_1.mes,11,14,Athena,もー、いい加減なんだから!,,
dom1Athena_O0729_1.mes,Script/dom1Athena_O0729_1.mes,12,42,주인공,ごめんごめん.だって、あの頃から<6E5C>歌とか踊りのレッスンの方が忙し<6E5C>かったじゃないか,,
dom1Athena_O0729_1.mes,Script/dom1Athena_O0729_1.mes,13,24,Athena,そうだね…….ちゃんと活動できな<6E5C>かったもんね,,
dom1Athena_O0729_1.mes,Script/dom1Athena_O0729_1.mes,14,9,주인공,ラクロスだっけ?,,
dom1Athena_O0729_1.mes,Script/dom1Athena_O0729_1.mes,15,13,Athena,なんだ、覚えてるじゃない,,
dom1Athena_O0729_1.mes,Script/dom1Athena_O0729_1.mes,16,21,주인공,なんか、虫取り網みたいなの持って<6E5C>たよな,,
dom1Athena_O0729_1.mes,Script/dom1Athena_O0729_1.mes,17,10,Athena,もー、クロスだよ!,,
dom1Athena_O0729_1.mes,Script/dom1Athena_O0729_1.mes,18,40,주인공,でも、あの頃アテナが買い食いして<6E5C>たのは覚えてるぞ.いつもいちご<6E5C>大福だったな,,
dom1Athena_O0729_1.mes,Script/dom1Athena_O0729_1.mes,19,15,Athena,フフ、週に3回は食べてたわね,,
dom1Athena_O0729_1.mes,Script/dom1Athena_O0729_1.mes,20,26,주인공,そんなに…….アイドルがそんな<6E5C>ことしていーのかよ,,
dom1Athena_O0729_1.mes,Script/dom1Athena_O0729_1.mes,21,15,Athena,デビューしたのは去年だもん!,,
dom1Athena_O0729_1.mes,Script/dom1Athena_O0729_1.mes,22,36,주인공,そういやそうだな.デビューして<6E5C>からガラリと生活が変わったな、<6E5C>アテナ,,
dom1Athena_O0729_1.mes,Script/dom1Athena_O0729_1.mes,23,39,Athena,……この河原は、ふたりでかくれん<6E5C>ぼしていた頃から、変わってないの<6E5C>にね……,,
dom1Athena_O0729_2.mes,Script/dom1Athena_O0729_2.mes,0,6,주인공,……アテナ,,
dom1Athena_O0729_2.mes,Script/dom1Athena_O0729_2.mes,1,5,Athena,…………,,
dom1Athena_O0729_2.mes,Script/dom1Athena_O0729_2.mes,2,49,주인공,で、どうしたんだよ.俺と思い出話<6E5C>するために、わざわざコンサートの<6E5C>2日前に来たんじゃないだろ?,,
dom1Athena_O0729_2.mes,Script/dom1Athena_O0729_2.mes,3,5,Athena,……うん,,
dom1Athena_O0729_2.mes,Script/dom1Athena_O0729_2.mes,4,27,주인공,何かあったのか?東京でがんばる<6E5C>決心はついたんだろ?,,
dom1Athena_O0729_2.mes,Script/dom1Athena_O0729_2.mes,5,5,Athena,…………,,
dom1Athena_O0729_2.mes,Script/dom1Athena_O0729_2.mes,6,12,주인공,黙ってちゃわからないよ,,
dom1Athena_O0729_2.mes,Script/dom1Athena_O0729_2.mes,7,5,Athena,…………,,
dom1Athena_O0729_2.mes,Script/dom1Athena_O0729_2.mes,8,14,[선택지],はっきり言えよ!顔を近づける,,
dom1Athena_O0729_2.mes,Script/dom1Athena_O0729_2.mes,9,15,[선택지],<0134><0001><0000><0020><0012><0002>はっきり言えよ!,,
dom1Athena_O0729_2.mes,Script/dom1Athena_O0729_2.mes,10,2,Athena,!,,
dom1Athena_O0729_2.mes,Script/dom1Athena_O0729_2.mes,11,46,주인공,俺はおまえみたいに、相手の感情を<6E5C>読めたりしないんだからさ、言って<6E5C>くれないとわからないよ,,
dom1Athena_O0729_2.mes,Script/dom1Athena_O0729_2.mes,12,6,Athena,……ごめん,,
dom1Athena_O0729_2.mes,Script/dom1Athena_O0729_2.mes,13,17,주인공,……いや、俺こそ大声出してごめん,,
dom1Athena_O0729_2.mes,Script/dom1Athena_O0729_2.mes,14,5,Athena,…………,,
dom1Athena_O0729_2.mes,Script/dom1Athena_O0729_2.mes,15,5,[효과음/내레이션],コツンッ,,
dom1Athena_O0729_2.mes,Script/dom1Athena_O0729_2.mes,16,2,Athena,!,,
dom1Athena_O0729_2.mes,Script/dom1Athena_O0729_2.mes,17,77,주인공,アテナには俺の今の気持ちが<6E5C>わかるんだろ?<6E5C>でも、俺にはわからない<485C>こうやって額をくっつけただけで、<6E5C>アテナの考えが俺にも伝わってきた<6E5C>らいいのにな……,,
dom1Athena_O0729_2.mes,Script/dom1Athena_O0729_2.mes,18,5,Athena,<이름:3232>……,,
dom1Athena_O0729_2.mes,Script/dom1Athena_O0729_2.mes,19,14,주인공,なんて、できるわけねーけど,,
dom1Athena_O0729_2.mes,Script/dom1Athena_O0729_2.mes,20,11,Athena,……ありがとう、<이름:3232>,,
dom1Athena_O0729_2.mes,Script/dom1Athena_O0729_2.mes,21,6,주인공,アテナ……,,
dom1Athena_O0729_2.mes,Script/dom1Athena_O0729_2.mes,22,28,Athena,……わたし、どうしてこんな能力を<6E5C>持って生まれたのかな,,
dom1Athena_O0729_2.mes,Script/dom1Athena_O0729_2.mes,23,2,주인공,?,,
dom1Athena_O0729_2.mes,Script/dom1Athena_O0729_2.mes,24,39,Athena,前までは良かったんだ.この町で、<6E5C><이름:3232>達と生活するだけならなんと<6E5C>もなかった,,
dom1Athena_O0729_2.mes,Script/dom1Athena_O0729_2.mes,25,5,주인공,…………,,
dom1Athena_O0729_2.mes,Script/dom1Athena_O0729_2.mes,26,69,Athena,言ってることと思ってることが<6E5C>違う人なんて、そんなに<6E5C>いなかったもの<485C>この町で普通に募らしてるだけ<6E5C>なら、誰も嘘なんてつく<6E5C>必要なかった,,
dom1Athena_O0729_2.mes,Script/dom1Athena_O0729_2.mes,27,16,Athena,ついても可愛らしいもの.平気よ,,
dom1Athena_O0729_2.mes,Script/dom1Athena_O0729_2.mes,28,3,주인공,うん,,
dom1Athena_O0729_2.mes,Script/dom1Athena_O0729_2.mes,29,71,Athena,でも……芸能界は違うわね.<6E5C>正直な人なんてひとりもいないわ.<6E5C>みんな、心とは裏腹の笑顔ばかり.<6E5C>ドロドロした本音なんか、<6E5C>知りたくもないのに,,
dom1Athena_O0729_2.mes,Script/dom1Athena_O0729_2.mes,30,5,주인공,…………,,
dom1Athena_O0729_2.mes,Script/dom1Athena_O0729_2.mes,31,60,Athena,ときどき耳を覆いたくなる.<6E5C>耐えられないの、流れ込んでくる<6E5C>感情の波に.<6E5C>ひとの心なんて、読めても何も<6E5C>いいことないわ,,
dom1Athena_O0729_2.mes,Script/dom1Athena_O0729_2.mes,32,5,주인공,…………,,
dom1Athena_O0729_2.mes,Script/dom1Athena_O0729_2.mes,33,46,Athena,そして、わたしも作り笑顔をしな<6E5C>いといけないのよ.心が読めるなん<6E5C>て知られてはいけないから,,
dom1Athena_O0729_2.mes,Script/dom1Athena_O0729_2.mes,34,29,Athena,他の人と同じように、本心を隠して<6E5C>振る舞わないといけない,,
dom1Athena_O0729_2.mes,Script/dom1Athena_O0729_2.mes,35,7,주인공,……そうだな,,
dom1Athena_O0729_2.mes,Script/dom1Athena_O0729_2.mes,36,66,Athena,……東京に行ったら、そんなこと<6E5C>に、これまで以上に耐えていか<6E5C>ないといけないのね.<6E5C>それを考えたら、<6E5C>押しつぶされそうになって……,,
dom1Athena_O0729_2.mes,Script/dom1Athena_O0729_2.mes,37,5,주인공,…………,,
dom1Athena_O0729_2.mes,Script/dom1Athena_O0729_2.mes,38,56,Athena,みんなの前で歌うのは<6E5C>小さい頃からの夢よ<485C>わたしの歌で勇気づけられる人が<6E5C>いるかぎり、歌うことを<6E5C>やめたくない,,
dom1Athena_O0729_2.mes,Script/dom1Athena_O0729_2.mes,39,30,Athena,でも、芸能界にいつづける自信が、<6E5C>今のわたしにはないの……,,
dom1Athena_O0729_2.mes,Script/dom1Athena_O0729_2.mes,40,6,주인공,アテナ……,,
dom1Athena_O0729_3.mes,Script/dom1Athena_O0729_3.mes,0,5,[효과음/내레이션],…………,,
dom1Athena_O0729_3.mes,Script/dom1Athena_O0729_3.mes,1,54,주인공,(……俺はアテナに何をしてやれば<6E5C>いいんだろう<485C>せっかく話してくれたのに、<6E5C>なんて言えばいいのかわかんねぇ,,
dom1Athena_O0729_3.mes,Script/dom1Athena_O0729_3.mes,2,27,주인공,アテナの力のこと、唯一閉いてやれ<6E5C>る存在なのに……),,
dom1Athena_O0729_3.mes,Script/dom1Athena_O0729_3.mes,3,4,Athena,<이름:3232>!,,
dom1Athena_O0729_3.mes,Script/dom1Athena_O0729_3.mes,4,53,Athena,ゴメンね、あんな話して.<6E5C><이름:3232>まで考え込んだりしないで!<485C>閉いてくれただけで、<6E5C>わたしはスッキリしたから,,
dom1Athena_O0729_3.mes,Script/dom1Athena_O0729_3.mes,5,5,주인공,でも……,,
dom1Athena_O0729_3.mes,Script/dom1Athena_O0729_3.mes,6,62,Athena,これは自分で乗り越えないといけな<6E5C>いことだから.乗り越えるしかない<6E5C>って、わかってるから……<485C>閉いてくれてありがとう、<이름:3232>,,
dom1Athena_O0729_3.mes,Script/dom1Athena_O0729_3.mes,7,32,주인공,いや……閉くだけしかできねぇで、<6E5C>悪い.たよりない幼馴染だよな,,
dom1Athena_O0729_3.mes,Script/dom1Athena_O0729_3.mes,8,68,Athena,そんなことないよ!<6E5C><이름:3232>が、こんな気味の悪い<6E5C>能力があるって知りながら<485C>付き合ってくれるから、<6E5C>だからわたしは<6E5C>がんばってこれたんだよ,,
dom1Athena_O0729_3.mes,Script/dom1Athena_O0729_3.mes,9,9,Athena,<이름:3232>のおかげだよ,,
dom1Athena_O0729_3.mes,Script/dom1Athena_O0729_3.mes,10,10,주인공,俺は何もしてねぇよ,,
dom1Athena_O0729_3.mes,Script/dom1Athena_O0729_3.mes,11,34,Athena,いつもそばにいて、話を閉いてくれ<6E5C>るじゃない……それだけで十分だよ,,
dom1Athena_O0729_3.mes,Script/dom1Athena_O0729_3.mes,12,7,주인공,そうか……?,,
dom1Athena_O0729_3.mes,Script/dom1Athena_O0729_3.mes,13,40,Athena,フフ、今日はイッパイお話し<6E5C>しちゃったね!疲れたでしょ?<6E5C>何か食べに行こうよ!,,
dom1Athena_O0729_3.mes,Script/dom1Athena_O0729_3.mes,14,41,주인공,……ヨーシ!じゃあ、未来の世界<6E5C>アイドル様に高級料理をごちそうし<6E5C>てもらうかなっ,,
dom1Athena_O0729_3.mes,Script/dom1Athena_O0729_3.mes,15,10,Athena,もぅ、<이름:3232>ったら!,,
dom1Athena_O0729_4.mes,Script/dom1Athena_O0729_4.mes,0,20,주인공,あ~.たらふく食ったし、<6E5C>帰るとするか,,
dom1Athena_O0729_4.mes,Script/dom1Athena_O0729_4.mes,1,20,Athena,そうね.けっきょく割り勘だった<6E5C>けど!,,
dom1Athena_O0729_4.mes,Script/dom1Athena_O0729_4.mes,2,21,주인공,女に払わせるわけないだろ.<6E5C>家まで送るよ,,
dom1Athena_O0729_4.mes,Script/dom1Athena_O0729_4.mes,3,10,Athena,あ、でも迎えが……,,
dom1Athena_O0729_4.mes,Script/dom1Athena_O0729_4.mes,4,7,[효과음/내레이션],キキキィー!,,
dom1Athena_O0729_4.mes,Script/dom1Athena_O0729_4.mes,5,13,주인공,なんだ?この黒い高級車は,,
dom1Athena_O0729_4.mes,Script/dom1Athena_O0729_4.mes,6,5,[효과음/내레이션],バタンッ,,
dom1Athena_O0729_4.mes,Script/dom1Athena_O0729_4.mes,7,53,UNKNOWN_1b,アテナ、時間やで!<6E5C>今から明後日のコンサートまで<6E5C>もぅ休みはナシや!<485C>はよ乗らな、スタッフ待ってる<6E5C>で!,,
dom1Athena_O0729_4.mes,Script/dom1Athena_O0729_4.mes,8,16,주인공,こ、こんな時間から仕事かよ……,,
dom1Athena_O0729_4.mes,Script/dom1Athena_O0729_4.mes,9,48,UNKNOWN_1b,アテナがわがまま言うさかい、今日<6E5C>はまるまるオフにしたったんや.<6E5C>スケジュール調整、大変やで!,,
dom1Athena_O0729_4.mes,Script/dom1Athena_O0729_4.mes,10,16,Athena,<이름:3232>…….じゃあ、わたし行くね,,
dom1Athena_O0729_4.mes,Script/dom1Athena_O0729_4.mes,11,9,주인공,あぁ、がんばれよ,,
dom1Athena_O0729_4.mes,Script/dom1Athena_O0729_4.mes,12,11,주인공,(帰るとするか……),,
dom1Athena_O0729_4.mes,Script/dom1Athena_O0729_4.mes,13,4,Athena,<이름:3232>!,,
dom1Athena_O0729_4.mes,Script/dom1Athena_O0729_4.mes,14,6,주인공,どうした?,,
dom1Athena_O0729_4.mes,Script/dom1Athena_O0729_4.mes,15,44,Athena,……わたしにはわかるよ、<이름:3232>の<6E5C>感情が.嬉しいとか、悲しいとか、<6E5C>好きとか嫌いとか……,,
dom1Athena_O0729_4.mes,Script/dom1Athena_O0729_4.mes,16,9,주인공,あぁ、知ってるよ,,
dom1Athena_O0729_4.mes,Script/dom1Athena_O0729_4.mes,17,24,Athena,でも、<이름:3232>には伝わらない……<6E5C>わたしの感情……,,
dom1Athena_O0729_4.mes,Script/dom1Athena_O0729_4.mes,18,27,주인공,ん?だから今日みたいになんでも<6E5C>話してくれるんだろ?,,
dom1Athena_O0729_4.mes,Script/dom1Athena_O0729_4.mes,19,5,Athena,……うん,,
dom1Athena_O0729_4.mes,Script/dom1Athena_O0729_4.mes,20,8,주인공,どうしたんだよ,,
dom1Athena_O0729_4.mes,Script/dom1Athena_O0729_4.mes,21,26,Athena,……なんでもない.ごめんね.<6E5C>じゃ、おやすみ、<이름:3232>,,
dom1Athena_O0729_4.mes,Script/dom1Athena_O0729_4.mes,22,5,주인공,……あぁ,,
dom1Athena_O0729_4.mes,Script/dom1Athena_O0729_4.mes,23,8,[효과음/내레이션],ブロロロロ……,,
dom1Athena_O0729_4.mes,Script/dom1Athena_O0729_4.mes,24,23,주인공,(……何が言いたいんだ、アテナの<6E5C>やつ……),,
dom1Athena_O0730_0.mes,Script/dom1Athena_O0730_0.mes,0,11,주인공,ううん、むにゃむにゃ,,
dom1Athena_O0730_0.mes,Script/dom1Athena_O0730_0.mes,1,6,[효과음/내레이션],♪。♪。♪,,
dom1Athena_O0730_0.mes,Script/dom1Athena_O0730_0.mes,2,11,주인공,……ん?何の音だぁ?,,
dom1Athena_O0730_0.mes,Script/dom1Athena_O0730_0.mes,3,6,[효과음/내레이션],♪。♪。♪,,
dom1Athena_O0730_0.mes,Script/dom1Athena_O0730_0.mes,4,24,주인공,呼び鈴でもないし、目覚まし時計で<6E5C>もないし……,,
dom1Athena_O0730_0.mes,Script/dom1Athena_O0730_0.mes,5,6,[효과음/내레이션],♪。♪。♪,,
dom1Athena_O0730_0.mes,Script/dom1Athena_O0730_0.mes,6,39,주인공,あ、ケータイか!普段ぜんぜん鳴<6E5C>らないからわからなかったぜ.<6E5C>いったい誰だ?,,
dom1Athena_O0730_0.mes,Script/dom1Athena_O0730_0.mes,7,3,[효과음/내레이션],ピッ,,
dom1Athena_O0730_0.mes,Script/dom1Athena_O0730_0.mes,8,5,주인공,もしもし,,
dom1Athena_O0730_0.mes,Script/dom1Athena_O0730_0.mes,9,14,UNKNOWN_1a,大変や~.えらいこっちゃ~,,
dom1Athena_O0730_0.mes,Script/dom1Athena_O0730_0.mes,10,21,주인공,その声は……アテナのマネージャー<6E5C>さん?,,
dom1Athena_O0730_0.mes,Script/dom1Athena_O0730_0.mes,11,14,UNKNOWN_1b,そうや!どえらいことやで!,,
dom1Athena_O0730_0.mes,Script/dom1Athena_O0730_0.mes,12,23,주인공,いったい何なんですか、落ち着いて<6E5C>くださいよ,,
dom1Athena_O0730_0.mes,Script/dom1Athena_O0730_0.mes,13,32,UNKNOWN_1b,アテナがいなくなったんや!つい<6E5C>さっきまで事務所におったのに!,,
dom1Athena_O0730_0.mes,Script/dom1Athena_O0730_0.mes,14,5,주인공,えぇ!?,,
dom1Athena_O0730_0.mes,Script/dom1Athena_O0730_0.mes,15,60,UNKNOWN_1b,コンサートは明日やで!<6E5C>それまで休みは1秒だってないって<6E5C>伝えとったのに……<485C>きみ、アテナがどこにいるか<6E5C>知らんか!?,,
dom1Athena_O0730_0.mes,Script/dom1Athena_O0730_0.mes,16,15,주인공,いや、何も閉いてないです……,,
dom1Athena_O0730_0.mes,Script/dom1Athena_O0730_0.mes,17,23,UNKNOWN_1b,あぁ~、いったいどこに消えたん<6E5C>や、アテナ~,,
dom1Athena_O0730_0.mes,Script/dom1Athena_O0730_0.mes,18,41,주인공,マネージャーさん、落ち着いて状況<6E5C>をくわしく教えてください!<6E5C>俺も探しますから!,,
dom1Athena_O0730_1.mes,Script/dom1Athena_O0730_1.mes,0,7,[효과음/내레이션],タタタタ……,,
dom1Athena_O0730_1.mes,Script/dom1Athena_O0730_1.mes,1,15,주인공,はぁ、はぁ…….えーっと……,,
dom1Athena_O0730_1.mes,Script/dom1Athena_O0730_1.mes,2,13,UNKNOWN_1a,きみ!こっちやこっちや!,,
dom1Athena_O0730_1.mes,Script/dom1Athena_O0730_1.mes,3,5,주인공,あ、いた,,
dom1Athena_O0730_1.mes,Script/dom1Athena_O0730_1.mes,4,35,UNKNOWN_1b,助かるで.まだ見つからんし、<6E5C>ケータイもつながらんねん、<6E5C>アテナ……,,
dom1Athena_O0730_1.mes,Script/dom1Athena_O0730_1.mes,5,32,주인공,そうですか…….いったい、どんな<6E5C>状況でいなくなったんですか?,,
dom1Athena_O0730_1.mes,Script/dom1Athena_O0730_1.mes,6,42,UNKNOWN_1b,今朝や.夜通しの打ち合わせが終<6E5C>わって、アテナとワイは食堂で朝食<6E5C>を食べとったんや,,
dom1Athena_O0730_1.mes,Script/dom1Athena_O0730_1.mes,7,68,UNKNOWN_1b,そのときアテナが<6E5C>「化粧なおしに行く」ゆうて席を<6E5C>立って、それっきり……<485C>今までこんなこと一度もなかった<6E5C>のに、どこに行ったんや~!!,,
dom1Athena_O0730_1.mes,Script/dom1Athena_O0730_1.mes,8,17,주인공,何者かに誘拐されたってことは……,,
dom1Athena_O0730_1.mes,Script/dom1Athena_O0730_1.mes,9,35,UNKNOWN_1b,もちろんそのケースも考えてる.<6E5C>でも今ンとこそんな連絡は<6E5C>ないし……,,
dom1Athena_O0730_1.mes,Script/dom1Athena_O0730_1.mes,10,29,주인공,(アテナ……いったい何やってん<6E5C>だ!何があったんだよ!),,
dom1Athena_O0730_1.mes,Script/dom1Athena_O0730_1.mes,11,53,UNKNOWN_1b,アテナはなんでも気のきく賢い子<6E5C>や.ワイへの連絡を欠かしたこと<6E5C>なんて一度もない<485C>そんなアテナに何が……,,
dom1Athena_O0730_1.mes,Script/dom1Athena_O0730_1.mes,12,49,주인공,(……そうだ.アテナなら、誘拐し<6E5C>ようなんて悪意を持ってるヤツ、近<6E5C>づいてきただけでわかるはずだ,,
dom1Athena_O0730_1.mes,Script/dom1Athena_O0730_1.mes,13,29,주인공,誘拐なんかじゃない.さらわれたん<6E5C>じゃないとしたら……),,
dom1Athena_O0730_1.mes,Script/dom1Athena_O0730_1.mes,14,29,주인공,いなくなる前に、何か変わったこと<6E5C>はありませんでしたか?,,
dom1Athena_O0730_1.mes,Script/dom1Athena_O0730_1.mes,15,43,UNKNOWN_1b,いや、いつも通りモーニングを食べ<6E5C>とった.あと、ケータイでメール<6E5C>チェックしとったわ,,
dom1Athena_O0730_1.mes,Script/dom1Athena_O0730_1.mes,16,6,주인공,メール……,,
dom1Athena_O0730_1.mes,Script/dom1Athena_O0730_1.mes,17,59,UNKNOWN_1b,友達からやな.『おはよう』とか<6E5C>『コンサートがんばって』とか<6E5C>書いてあったわ<485C>隣で食べとったから、チラっと<6E5C>見えてん,,
dom1Athena_O0730_1.mes,Script/dom1Athena_O0730_1.mes,18,10,주인공,普通のメールですか,,
dom1Athena_O0730_1.mes,Script/dom1Athena_O0730_1.mes,19,37,UNKNOWN_1b,あぁ、あたりさわりない文章や.<6E5C>……あぁ、あと、よくわからん<6E5C>のもあった,,
dom1Athena_O0730_1.mes,Script/dom1Athena_O0730_1.mes,20,8,주인공,よくわからん?,,
dom1Athena_O0730_1.mes,Script/dom1Athena_O0730_1.mes,21,47,UNKNOWN_1b,『河原の話を閉いた』って書いて<6E5C>あったわ.まぁ、学校の友達みたい<6E5C>やから、どーでもええ話やろ,,
dom1Athena_O0730_1.mes,Script/dom1Athena_O0730_1.mes,22,10,주인공,(河原の話……?),,
dom1Athena_O0730_1.mes,Script/dom1Athena_O0730_1.mes,23,5,[효과음/내레이션],…………,,
dom1Athena_O0730_1.mes,Script/dom1Athena_O0730_1.mes,24,6,주인공,…………!,,
dom1Athena_O0730_2.mes,Script/dom1Athena_O0730_2.mes,0,7,[효과음/내레이션],タタタタ……,,
dom1Athena_O0730_2.mes,Script/dom1Athena_O0730_2.mes,1,17,주인공,はぁ、はぁ…….くそ、誰もいねぇ,,
dom1Athena_O0730_2.mes,Script/dom1Athena_O0730_2.mes,2,5,[효과음/내레이션],…………,,
dom1Athena_O0730_2.mes,Script/dom1Athena_O0730_2.mes,3,71,주인공,(……アテナのメール、『河原の話<6E5C>を閉いた』って、きっと昨日の俺達<6E5C>の会話のことだ<485C>……閉かれたんだ、アテナが<6E5C>他人の感情を読めるって話……,,
dom1Athena_O0730_2.mes,Script/dom1Athena_O0730_2.mes,4,37,주인공,アテナはそいつに会いに行ったに<6E5C>違いない.くそ、いったい誰なん<6E5C>だ……),,
dom1Athena_O0730_2.mes,Script/dom1Athena_O0730_2.mes,5,7,[효과음/내레이션],タタタタ……,,
dom1Athena_O0730_2.mes,Script/dom1Athena_O0730_2.mes,6,49,주인공,ダメだ.どこを探したらいいのかわ<6E5C>かんねぇ…….こうなったら町中し<6E5C>らみつぶしに探すしかないぜ!,,
dom1Athena_O0730_2.mes,Script/dom1Athena_O0730_2.mes,7,51,주인공,(はぁ、はぁ、誰もいねぇ……<485C>まぁ、香澄がアテナの居場所知って<6E5C>るわけねぇしな…….<6E5C>他を探そう!),,
dom1Athena_O0730_2.mes,Script/dom1Athena_O0730_2.mes,8,23,King,どうしたんだい<이름:3131>君.<6E5C>そんなに息を切らして,,
dom1Athena_O0730_2.mes,Script/dom1Athena_O0730_2.mes,9,22,주인공,キングさん、アテナを見ませんでし<6E5C>たか!?,,
dom1Athena_O0730_2.mes,Script/dom1Athena_O0730_2.mes,10,51,King,アテナ?いや、最近は店に来て<6E5C>ないが……<485C>コンサートが明日だろう.<6E5C>仕事で忙しくしてるんじゃないか?,,
dom1Athena_O0730_2.mes,Script/dom1Athena_O0730_2.mes,11,6,주인공,それが……,,
dom1Athena_O0730_2.mes,Script/dom1Athena_O0730_2.mes,12,11,King,……いなくなったのか,,
dom1Athena_O0730_2.mes,Script/dom1Athena_O0730_2.mes,13,5,주인공,…………,,
dom1Athena_O0730_2.mes,Script/dom1Athena_O0730_2.mes,14,83,King,……<이름:3131>君、そういうときはただ<6E5C>闇雲に探すだけでなく、<485C>被女のことを気にかけていた<6E5C>人にもあたった方がいい<485C>私もお客さん達に閉いておくよ.<6E5C>……早く見つかるといいな,,
dom1Athena_O0730_2.mes,Script/dom1Athena_O0730_2.mes,15,7,주인공,……はいっ!,,
dom1Athena_O0730_2.mes,Script/dom1Athena_O0730_2.mes,16,20,주인공,あ、あ、あのさ!アテナ見なかっ<6E5C>たか?,,
dom1Athena_O0730_2.mes,Script/dom1Athena_O0730_2.mes,17,5,Kula,アテナ?,,
dom1Athena_O0730_2.mes,Script/dom1Athena_O0730_2.mes,18,32,주인공,前に会ったことあるだろう?<6E5C>こぅ、髪が長くてふわっとし<6E5C>た……,,
dom1Athena_O0730_2.mes,Script/dom1Athena_O0730_2.mes,19,13,Kula,あー、アイドルしてる人だ,,
dom1Athena_O0730_2.mes,Script/dom1Athena_O0730_2.mes,20,14,주인공,そう!どこかで見なかった?,,
dom1Athena_O0730_2.mes,Script/dom1Athena_O0730_2.mes,21,34,Kula,見てないよ.有名人だから、誰か見<6E5C>てたらすぐにわかるんじゃないの?,,
dom1Athena_O0730_2.mes,Script/dom1Athena_O0730_2.mes,22,10,주인공,そうなんだけど……,,
dom1Athena_O0730_2.mes,Script/dom1Athena_O0730_2.mes,23,8,Yuri,あれ、<이름:3232>くん,,
dom1Athena_O0730_2.mes,Script/dom1Athena_O0730_2.mes,24,22,주인공,こ、こんにちはユリさん.……はぁ<6E5C>……はぁ,,
dom1Athena_O0730_2.mes,Script/dom1Athena_O0730_2.mes,25,21,Yuri,ランニングしてきたの?がんばっ<6E5C>てるね~,,
dom1Athena_O0730_2.mes,Script/dom1Athena_O0730_2.mes,26,43,주인공,いや、そうじゃなくて…….あの、<6E5C>女の子見ませんでした?髪が長く<6E5C>て可愛い感じの……,,
dom1Athena_O0730_2.mes,Script/dom1Athena_O0730_2.mes,27,36,Yuri,う~ん、汗くさい男しか見ない生活<6E5C>だから、見たら覚えてるんだけど…<6E5C>…,,
dom1Athena_O0730_2.mes,Script/dom1Athena_O0730_2.mes,28,13,주인공,そうですか……すいません,,
dom1Athena_O0730_2.mes,Script/dom1Athena_O0730_2.mes,29,15,Jenny,<이름:3232>、すごい汗!どーしたの?,,
dom1Athena_O0730_2.mes,Script/dom1Athena_O0730_2.mes,30,23,주인공,ジェニー先生!あの、アテナ知り<6E5C>ませんか!?,,
dom1Athena_O0730_2.mes,Script/dom1Athena_O0730_2.mes,31,21,Jenny,アテナ?アテナは明日コンサート<6E5C>でしょ?,,
dom1Athena_O0730_2.mes,Script/dom1Athena_O0730_2.mes,32,15,주인공,それがいなくなっちゃって……,,
dom1Athena_O0730_2.mes,Script/dom1Athena_O0730_2.mes,33,5,Jenny,…………,,
dom1Athena_O0730_2.mes,Script/dom1Athena_O0730_2.mes,34,17,주인공,何か知りませんか、ジェニー先生!,,
dom1Athena_O0730_2.mes,Script/dom1Athena_O0730_2.mes,35,33,Jenny,……<이름:3232>、<이름:3232>はアテナのこと、<6E5C>オサナナジミとしか思ってないの?,,
dom1Athena_O0730_2.mes,Script/dom1Athena_O0730_2.mes,36,11,주인공,え?いきなり何ですか,,
dom1Athena_O0730_2.mes,Script/dom1Athena_O0730_2.mes,37,29,Jenny,<이름:3232>とアテナは幼いコロから<6E5C>ずっといっしょだって知ってる,,
dom1Athena_O0730_2.mes,Script/dom1Athena_O0730_2.mes,38,43,Jenny,アテナはきっと、<이름:3232>のこといつも<6E5C>見てたよ.でも<이름:3232>は?<6E5C>ずっとアテナのこと見てた?,,
dom1Athena_O0730_2.mes,Script/dom1Athena_O0730_2.mes,39,5,주인공,…………,,
dom1Athena_O0730_2.mes,Script/dom1Athena_O0730_2.mes,40,64,Jenny,このまえのライブ見て、チョット感<6E5C>じた.アテナはナニか悩んでるよ.<6E5C>それは<이름:3232>とのことだと思う.<6E5C><이름:3232>はナニも感じなかったの?,,
dom1Athena_O0730_2.mes,Script/dom1Athena_O0730_2.mes,41,9,주인공,……俺とのこと?,,
dom1Athena_O0730_2.mes,Script/dom1Athena_O0730_2.mes,42,68,Jenny,……<이름:3232>はもっとチャント、アテナ<6E5C>のこと考えて!<6E5C>そしたらアテナはみつかるよ!<485C>アテナのココロを解決できるのは、<6E5C><이름:3232>にしかムリだよ!,,
dom1Athena_O0730_2.mes,Script/dom1Athena_O0730_2.mes,43,7,주인공,…………はい,,
dom1Athena_O0730_2.mes,Script/dom1Athena_O0730_2.mes,44,34,Yuri,―<0001><0011><0006><0000><0000><0000><0000><0006><000A><000A><0000><0000><0001><0018><0015><0000><0001><0000><0000><000D><0000><0000><0000><0000><0000><0000><0014><0008><0002>海堂!,,
dom1Athena_O0730_2.mes,Script/dom1Athena_O0730_2.mes,45,28,Kaidou,<이름:3131>.テメー、めずらしく汗だく<6E5C>になってナニやってんだ,,
dom1Athena_O0730_2.mes,Script/dom1Athena_O0730_2.mes,46,16,주인공,おまえ、アテナをどこにやった!,,
dom1Athena_O0730_2.mes,Script/dom1Athena_O0730_2.mes,47,10,Kaidou,はぁ?なんだって?,,
dom1Athena_O0730_2.mes,Script/dom1Athena_O0730_2.mes,48,29,주인공,……はぁ、はぁ.アテナが行方不明<6E5C>なんだよ.知らねぇか?,,
dom1Athena_O0730_2.mes,Script/dom1Athena_O0730_2.mes,49,31,Kaidou,知らねぇよ!なんでオレがアテナ<6E5C>ちゃんを隠したりするんだよ!,,
dom1Athena_O0730_2.mes,Script/dom1Athena_O0730_2.mes,50,12,주인공,……そうだな、すまねぇ,,
dom1Athena_O0730_2.mes,Script/dom1Athena_O0730_2.mes,51,12,Kaidou,……ずっと探してんのか,,
dom1Athena_O0730_2.mes,Script/dom1Athena_O0730_2.mes,52,3,주인공,あぁ,,
dom1Athena_O0730_2.mes,Script/dom1Athena_O0730_2.mes,53,53,Kaidou,……テメェ、アテナちゃんの<6E5C>幼馴染だろぉ!?<6E5C>しっかりしろよ!<485C>オマエが守ってやらなくて<6E5C>どーすんだよ!,,
dom1Athena_O0730_2.mes,Script/dom1Athena_O0730_2.mes,54,5,주인공,…………,,
dom1Athena_O0730_2.mes,Script/dom1Athena_O0730_2.mes,55,26,Kaidou,そんな顔してねーでさっさと探しに<6E5C>行け!バカ野郎!,,
dom1Athena_O0730_2.mes,Script/dom1Athena_O0730_2.mes,56,6,주인공,……ああ!,,
dom1Athena_O0730_2.mes,Script/dom1Athena_O0730_2.mes,57,44,주인공,はぁ、はぁ…….ダメだ、誰も来た<6E5C>様子がない…….くそ、どこに行っ<6E5C>たんだよ、アテナ!,,
dom1Athena_O0730_4.mes,Script/dom1Athena_O0730_4.mes,0,7,[효과음/내레이션],タタタタ……,,
dom1Athena_O0730_4.mes,Script/dom1Athena_O0730_4.mes,1,8,주인공,はぁ、はぁ……,,
dom1Athena_O0730_4.mes,Script/dom1Athena_O0730_4.mes,2,27,[효과음/내레이션],――<이름:3232>はもっとチャント、アテナ<6E5C>のこと考えて!――,,
dom1Athena_O0730_4.mes,Script/dom1Athena_O0730_4.mes,3,89,주인공,(……俺、アテナのこと見てなかっ<6E5C>たのかな……<485C>当たり前にそばにいて、なんでも話<6E5C>せる仲だったのに、何ひとつアテナ<6E5C>のことわかってなかったのか……?<485C>どうしたらいいんだよ……),,
dom1Athena_O0730_4.mes,Script/dom1Athena_O0730_4.mes,4,32,[효과음/내레이션],――<이름:3232>はアテナのこと、オサナナ<6E5C>ジミとしか思ってないの?――,,
dom1Athena_O0730_4.mes,Script/dom1Athena_O0730_4.mes,5,84,주인공,(そりゃアテナのことは好きだ.<6E5C>けど、アテナは可愛いし、誰からも<6E5C>好かれる性格だ<485C>幼馴染以上として考えるなんて<6E5C>できるわけない<485C>考えるだけでアテナにバレるの<6E5C>に……),,
dom1Athena_O0730_4.mes,Script/dom1Athena_O0730_4.mes,6,5,주인공,…………,,
dom1Athena_O0730_4.mes,Script/dom1Athena_O0730_4.mes,7,2,주인공,!,,
dom1Athena_O0730_4.mes,Script/dom1Athena_O0730_4.mes,8,112,주인공,(そうだ…….俺はいままで、<6E5C>アテナのことを「幼馴染」以上に<6E5C>考えないようにしてきた<485C>恋愛感情を抱けば、すぐアテナは<6E5C>気づく<485C>それはふたりの関係を壊すことにな<6E5C>る.だからアテナのことを想わない<6E5C>ように、想わないように……),,
dom1Athena_O0730_4.mes,Script/dom1Athena_O0730_4.mes,9,89,주인공,……!俺は、いままでずっと<6E5C>アテナへの気持ちを封じながら、<6E5C>アテナと接してきたんだ……<485C>アテナの力のこと理解してるフリし<6E5C>て、本当はずっと、誰よりも恐れて<6E5C>たんじゃないか……!,,
dom1Athena_O0730_4.mes,Script/dom1Athena_O0730_4.mes,10,48,주인공,(じゃあ俺は、アテナのことを心の<6E5C>底ではどう思ってるんだ?幼馴染<6E5C>以上に、アテナのことを……),,
dom1Athena_O0730_4.mes,Script/dom1Athena_O0730_4.mes,11,5,주인공,…………,,
dom1Athena_O0730_4.mes,Script/dom1Athena_O0730_4.mes,12,51,주인공,……俺、アテナのことが好きだ.誰<6E5C>よりも大事だ…….そんなことに、<6E5C>自分でも気づかなかったなんて……,,
dom1Athena_O0730_4.mes,Script/dom1Athena_O0730_4.mes,13,107,주인공,(……アテナ!!俺、おまえに今<6E5C>まで気持ちを偽ってたんだな……<485C>そばにいるつもりだったのに、<6E5C>ずっと孤独感を与えてたんだ<485C>……ごめん!もう気持ちを隠した<6E5C>りしないよ!だから応えてくれ<6E5C>アテナ!どこにいるんだよ!),,
dom1Athena_O0730_4.mes,Script/dom1Athena_O0730_4.mes,14,40,주인공,……俺の声が届いてるんだろ?<6E5C>アテナ、応えろよ!<6E5C>いなくなったりするなよぉ!!,,
dom1Athena_O0730_4.mes,Script/dom1Athena_O0730_4.mes,15,5,[효과음/내레이션],…………,,
dom1Athena_O0730_4.mes,Script/dom1Athena_O0730_4.mes,16,5,[효과음/내레이션],…………,,
dom1Athena_O0730_4.mes,Script/dom1Athena_O0730_4.mes,17,5,[효과음/내레이션],…………,,
dom1Athena_O0730_4.mes,Script/dom1Athena_O0730_4.mes,18,12,[효과음/내레이션],((……<이름:3232>……!)),,
dom1Athena_O0731_0.mes,Script/dom1Athena_O0731_0.mes,0,55,주인공,(アテナ……アテナの声が<6E5C>閉こえる!<485C>アテナに俺の声が届いたんだ!<6E5C>アテナが、俺に声を送ってくれて<6E5C>る!!),,
dom1Athena_O0731_0.mes,Script/dom1Athena_O0731_0.mes,1,16,주인공,アテナどこだ!どこにいるんだ!,,
dom1Athena_O0731_0.mes,Script/dom1Athena_O0731_0.mes,2,5,[효과음/내레이션],…………,,
dom1Athena_O0731_0.mes,Script/dom1Athena_O0731_0.mes,3,9,[효과음/내레이션],((……<이름:3232>)),,
dom1Athena_O0731_0.mes,Script/dom1Athena_O0731_0.mes,4,5,주인공,アテナ!,,
dom1Athena_O0731_0.mes,Script/dom1Athena_O0731_0.mes,5,15,[효과음/내레이션],((……<이름:3232>……タスケテ)),,
dom1Athena_O0731_0.mes,Script/dom1Athena_O0731_0.mes,6,26,주인공,助けて?どうしたんだ、誰かに<6E5C>つかまってるのか!?,,
dom1Athena_O0731_0.mes,Script/dom1Athena_O0731_0.mes,7,12,[효과음/내레이션],((……クライ……)),,
dom1Athena_O0731_0.mes,Script/dom1Athena_O0731_0.mes,8,36,주인공,暗い?閉じ込められてるのか?<6E5C>助けに行くから、どこなんだ、<6E5C>教えろよ!,,
dom1Athena_O0731_0.mes,Script/dom1Athena_O0731_0.mes,9,15,[효과음/내레이션],((……ダレモイナイ……)),,
dom1Athena_O0731_0.mes,Script/dom1Athena_O0731_0.mes,10,23,주인공,周りに人がいないんだな?<6E5C>人気のない場所か?,,
dom1Athena_O0731_0.mes,Script/dom1Athena_O0731_0.mes,11,37,UNKNOWN_29,<0134><0000><0000><0000><0000><0003><0073><0003><0001>'<0001><0000><0038><002C><FFFF>((……<이름:3232>……チカクニカンジル<6E5C>……)),,
dom1Athena_O0731_0.mes,Script/dom1Athena_O0731_0.mes,12,22,주인공,遠くはないんだな.この町にいるん<6E5C>だな!?,,
dom1Athena_O0731_0.mes,Script/dom1Athena_O0731_0.mes,13,14,[효과음/내레이션],((……チャイムガ……)),,
dom1Athena_O0731_0.mes,Script/dom1Athena_O0731_0.mes,14,21,주인공,チャイム?チャイムが閉こえる<6E5C>場所……!,,
dom1Athena_O0731_0.mes,Script/dom1Athena_O0731_0.mes,15,25,주인공,ちがう…….アテナの声がしない.<6E5C>ここじゃない!,,
dom1Athena_O0731_0.mes,Script/dom1Athena_O0731_0.mes,16,30,UNKNOWN_29,―<0000><0000><0000><0000><0002><0073><0004><0002>々<0001><0000><002C><001E><0002>声が近い……そうか、校舎か!,,
dom1Athena_O0731_0.mes,Script/dom1Athena_O0731_0.mes,17,4,[효과음/내레이션],ガラッ,,
dom1Athena_O0731_0.mes,Script/dom1Athena_O0731_0.mes,18,20,주인공,アテナ、どこだ!ここにいるんだ<6E5C>ろ!?,,
dom1Athena_O0731_0.mes,Script/dom1Athena_O0731_0.mes,19,8,Athena,…………<이름:3232>!,,
dom1Athena_O0731_0.mes,Script/dom1Athena_O0731_0.mes,20,5,주인공,アテナ!,,
dom1Athena_O0731_0.mes,Script/dom1Athena_O0731_0.mes,21,16,UNKNOWN_16,む、<이름:3131>!おまえ何故ここに!?,,
dom1Athena_O0731_0.mes,Script/dom1Athena_O0731_0.mes,22,16,UNKNOWN_17,とんだ邪魔者が現れたでヤンス!,,
dom1Athena_O0731_0.mes,Script/dom1Athena_O0731_0.mes,23,25,주인공,お、おまえら……!おまえらの<6E5C>仕業だったのか!!,,
dom1Athena_O0731_0.mes,Script/dom1Athena_O0731_0.mes,24,24,UNKNOWN_29,~<0000><0000><0000><0000><0000><002C><001E><0002>声が近い……そうか、校舎か!,,
dom1Athena_O0731_0.mes,Script/dom1Athena_O0731_0.mes,25,4,[효과음/내레이션],ガラッ,,
dom1Athena_O0731_0.mes,Script/dom1Athena_O0731_0.mes,26,20,주인공,アテナ、どこだ!ここにいるんだ<6E5C>ろ!?,,
dom1Athena_O0731_0.mes,Script/dom1Athena_O0731_0.mes,27,4,Athena,<이름:3232>!,,
dom1Athena_O0731_0.mes,Script/dom1Athena_O0731_0.mes,28,5,주인공,アテナ!,,
dom1Athena_O0731_0.mes,Script/dom1Athena_O0731_0.mes,29,23,UNKNOWN_16,<이름:3131>!いまさらノコノコ現れ<6E5C>おって、遅いわ!,,
dom1Athena_O0731_0.mes,Script/dom1Athena_O0731_0.mes,30,21,UNKNOWN_17,おまえなんかの出る幕じゃないで<6E5C>ヤンス!,,
dom1Athena_O0731_0.mes,Script/dom1Athena_O0731_0.mes,31,25,주인공,お、おまえら……!おまえらの<6E5C>仕業だったのか!!,,
dom1Athena_O0731_1.mes,Script/dom1Athena_O0731_1.mes,0,55,UNKNOWN_17,閉いたでヤンス!おまえと<6E5C>アテナちゃんの会話を!<485C>アテナちゃんがそんな選ばれし<6E5C>能力の持ち主だったなんて……,,
dom1Athena_O0731_1.mes,Script/dom1Athena_O0731_1.mes,1,27,UNKNOWN_17,もはやアイドルの枠におさまるお方<6E5C>じゃないでヤンス!,,
dom1Athena_O0731_1.mes,Script/dom1Athena_O0731_1.mes,2,41,UNKNOWN_16,そうだ、神だ!アテナ様を教祖<6E5C>として、我々世界中の人間は統治<6E5C>されるべきなんだ!,,
dom1Athena_O0731_1.mes,Script/dom1Athena_O0731_1.mes,3,32,UNKNOWN_16,昨日からずっと、そうアテナ様を説<6E5C>得しておるのだ、邪魔するな!,,
dom1Athena_O0731_1.mes,Script/dom1Athena_O0731_1.mes,4,54,주인공,こ、こいつら完全にヤバイ…….<6E5C>思考回路がイっちゃってる<485C>そんなふざけた話でアテナを<6E5C>呼び出したりしたのか,,
dom1Athena_O0731_1.mes,Script/dom1Athena_O0731_1.mes,5,23,UNKNOWN_16,何ぃ!?我々の信仰をバカにする<6E5C>のは許さん!,,
dom1Athena_O0731_1.mes,Script/dom1Athena_O0731_1.mes,6,13,UNKNOWN_17,やっつけてやるでヤンス!,,
dom1Athena_O0731_1.mes,Script/dom1Athena_O0731_1.mes,7,8,Athena,<이름:3232>!危ない!,,
dom1Athena_O0731_1.mes,Script/dom1Athena_O0731_1.mes,8,16,주인공,やられるのはおまえらの方だよ!,,
dom1Athena_O0731_1.mes,Script/dom1Athena_O0731_1.mes,9,12,[효과음/내레이션],ドカッ<020A>バキッ<020A>ドカッ,,
dom1Athena_O0731_1.mes,Script/dom1Athena_O0731_1.mes,10,25,주인공,……はぁ、はぁ.やっぱり2対1<6E5C>じゃキツイな……,,
dom1Athena_O0731_1.mes,Script/dom1Athena_O0731_1.mes,11,14,UNKNOWN_16,うぬぅ、しぶといやつめ……,,
dom1Athena_O0731_1.mes,Script/dom1Athena_O0731_1.mes,12,27,UNKNOWN_17,しかたない……こうなったら切り<6E5C>刻んでやるでヤンス!,,
dom1Athena_O0731_1.mes,Script/dom1Athena_O0731_1.mes,13,8,주인공,ナ、ナイフ……,,
dom1Athena_O0731_1.mes,Script/dom1Athena_O0731_1.mes,14,7,Athena,<이름:3232>ーーー!,,
dom1Athena_O0731_1.mes,Script/dom1Athena_O0731_1.mes,15,8,주인공,ア、アテナ!?,,
dom1Athena_O0731_1.mes,Script/dom1Athena_O0731_1.mes,16,16,UNKNOWN_16,なっ……なんて神々しい光……!,,
dom1Athena_O0731_1.mes,Script/dom1Athena_O0731_1.mes,17,11,UNKNOWN_17,あぁ……アテナ様……,,
dom1Athena_O0731_1.mes,Script/dom1Athena_O0731_1.mes,18,8,Athena,えーーーい!!,,
dom1Athena_O0731_1.mes,Script/dom1Athena_O0731_1.mes,19,6,[효과음/내레이션],ドカーン!,,
dom1Athena_O0731_1.mes,Script/dom1Athena_O0731_1.mes,20,6,UNKNOWN_18,わーーー!,,
dom1Athena_O0731_1.mes,Script/dom1Athena_O0731_1.mes,21,5,[효과음/내레이션],…………,,
dom1Athena_O0731_1.mes,Script/dom1Athena_O0731_1.mes,22,5,[효과음/내레이션],…………,,
dom1Athena_O0731_1.mes,Script/dom1Athena_O0731_1.mes,23,14,주인공,……な、何が起こったんだ?,,
dom1Athena_O0731_1.mes,Script/dom1Athena_O0731_1.mes,24,9,Athena,<이름:3232>!大丈夫!?,,
dom1Athena_O0731_1.mes,Script/dom1Athena_O0731_1.mes,25,24,주인공,アテナ!俺は無事だけど……今、<6E5C>何をしたんだ?,,
dom1Athena_O0731_1.mes,Script/dom1Athena_O0731_1.mes,26,31,Athena,わからない…….<이름:3232>を助けな<6E5C>きゃって思ったら、突然光が……,,
dom1Athena_O0731_1.mes,Script/dom1Athena_O0731_1.mes,27,6,주인공,光って……,,
dom1Athena_O0731_1.mes,Script/dom1Athena_O0731_1.mes,28,12,Athena,あっ、あのふたりは!?,,
dom1Athena_O0731_1.mes,Script/dom1Athena_O0731_1.mes,29,4,UNKNOWN_16,う~ん,,
dom1Athena_O0731_1.mes,Script/dom1Athena_O0731_1.mes,30,8,UNKNOWN_17,アテナちゃ~ん,,
dom1Athena_O0731_1.mes,Script/dom1Athena_O0731_1.mes,31,16,주인공,お、おまえら!気はたしかか!?,,
dom1Athena_O0731_1.mes,Script/dom1Athena_O0731_1.mes,32,40,UNKNOWN_16,ハッ!……おまえは<이름:3131>!<6E5C>それにアテナちゃん!?<6E5C>ど、どうしてこんなところに?,,
dom1Athena_O0731_1.mes,Script/dom1Athena_O0731_1.mes,33,26,UNKNOWN_17,なんでアッシ達は教室なんかにいる<6E5C>んでヤンスか!?,,
dom1Athena_O0731_1.mes,Script/dom1Athena_O0731_1.mes,34,12,주인공,こいつら……覚えてねぇ,,
dom1Athena_O0731_1.mes,Script/dom1Athena_O0731_1.mes,35,14,Athena,良かった!無事だったのね!,,
dom1Athena_O0731_1.mes,Script/dom1Athena_O0731_1.mes,36,45,주인공,(こ、こいつ、こんな危険な目に<6E5C>遭っといて…….まったく、<6E5C>どこまでお人好しなんだよ!),,
dom1Athena_O0731_2.mes,Script/dom1Athena_O0731_2.mes,0,46,주인공,(……なんか一瞬の出来事でよくわ<6E5C>からなかったが……無事に丸くおさ<6E5C>まったんだよな……?),,
dom1Athena_O0731_2.mes,Script/dom1Athena_O0731_2.mes,1,5,Athena,<이름:3232>……,,
dom1Athena_O0731_2.mes,Script/dom1Athena_O0731_2.mes,2,17,주인공,アテナ、ほんとうにケガはないな?,,
dom1Athena_O0731_2.mes,Script/dom1Athena_O0731_2.mes,3,23,Athena,うん、大丈夫だよ.助けてくれて<6E5C>ありがとう!,,
dom1Athena_O0731_2.mes,Script/dom1Athena_O0731_2.mes,4,29,주인공,いや、どっちかって言うと助けられ<6E5C>たのは俺の方だけど……,,
dom1Athena_O0731_2.mes,Script/dom1Athena_O0731_2.mes,5,54,Athena,ううん.<이름:3232>が大きな気持ちで<6E5C>呼びかけてくれないと、<485C>わたしも<이름:3232>に言葉を送る<6E5C>ことなんてできなかったもの,,
dom1Athena_O0731_2.mes,Script/dom1Athena_O0731_2.mes,6,29,주인공,……そうか.あんなに離れてても、<6E5C>声が届いたんだよな……,,
dom1Athena_O0731_2.mes,Script/dom1Athena_O0731_2.mes,7,29,Athena,うん.<이름:3232>のほんとの気持ち、<6E5C>やっと閉くことができた……,,
dom1Athena_O0731_2.mes,Script/dom1Athena_O0731_2.mes,8,21,주인공,……ごめんな.いままで淋しい思い<6E5C>させて,,
dom1Athena_O0731_2.mes,Script/dom1Athena_O0731_2.mes,9,52,Athena,そうだよ!いくら読んでも、<6E5C><이름:3232>はわたしのこと『好き』って<6E5C>想ってくれてないんだもん!<6E5C>淋しかったよ!,,
dom1Athena_O0731_2.mes,Script/dom1Athena_O0731_2.mes,10,17,주인공,そ、そんなに俺の心を探ってたのか,,
dom1Athena_O0731_2.mes,Script/dom1Athena_O0731_2.mes,11,6,Athena,……ゴメン,,
dom1Athena_O0731_2.mes,Script/dom1Athena_O0731_2.mes,12,50,주인공,いや、読まれることを知ってた<6E5C>から、今まで気持ちにセーブかけ<6E5C>てたんだ<485C>俺が素直じゃなかったんだよ,,
dom1Athena_O0731_2.mes,Script/dom1Athena_O0731_2.mes,13,5,Athena,……<이름:3232>,,
dom1Athena_O0731_2.mes,Script/dom1Athena_O0731_2.mes,14,36,주인공,マネージャーもスタッフの人たち<6E5C>も、みんな心配してるぞ.<6E5C>早く行こうぜ,,
dom1Athena_O0731_2.mes,Script/dom1Athena_O0731_2.mes,15,15,Athena,いけない!もう開場しちゃう!,,
dom1Athena_O0731_2.mes,Script/dom1Athena_O0731_2.mes,16,7,[효과음/내레이션],タタタタ……,,
dom1Athena_O0731_2.mes,Script/dom1Athena_O0731_2.mes,17,5,[효과음/내레이션],…………,,
dom1Athena_O0731_2.mes,Script/dom1Athena_O0731_2.mes,18,66,주인공,……しかし、人の心を読むばかり<6E5C>じゃなく、テレパシーも飛ばせる<6E5C>なんてな<485C>しかも変な光で記憶まで消し<6E5C>ちゃうんだから、スゴすぎだよ,,
dom1Athena_O0731_2.mes,Script/dom1Athena_O0731_2.mes,19,25,주인공,あいつらが「神」って言ったのも<6E5C>うなずけるぜ……,,
dom1Athena_O0731_2.mes,Script/dom1Athena_O0731_2.mes,20,3,Athena,え?,,
dom1Athena_O0731_2.mes,Script/dom1Athena_O0731_2.mes,21,44,주인공,……おまえ、サイキックアイドルと<6E5C>して売り出したら、世界の頂点に立<6E5C>てるんじゃないか?,,
dom1Athena_O0731_2.mes,Script/dom1Athena_O0731_2.mes,22,10,Athena,もー、<이름:3232>ったら!,,
dom1Athena_O0731_3.mes,Script/dom1Athena_O0731_3.mes,0,13,[효과음/내레이션],ざわざわ……ざわざわ……,,
dom1Athena_O0731_3.mes,Script/dom1Athena_O0731_3.mes,1,13,Athena,アテナ、行っきまーす!!,,
dom1Athena_O0731_3.mes,Script/dom1Athena_O0731_3.mes,2,13,[효과음/내레이션],キャー!アテナちゃーん!,,
dom1Athena_O0731_3.mes,Script/dom1Athena_O0731_3.mes,3,4,[효과음/내레이션],♪♪♪,,
dom1Athena_O0731_3.mes,Script/dom1Athena_O0731_3.mes,4,21,주인공,……ふぅ.なんとか間にあって<6E5C>よかったぜ,,
dom1Athena_O0731_3.mes,Script/dom1Athena_O0731_3.mes,5,61,UNKNOWN_1b,ホンマ、一時はどうなることかと<6E5C>思ったで!いや~、アテナを<6E5C>見つけ出してくれておおきに!<485C>コンサート、ゆっくり聴いてや!,,
dom1Athena_O0731_3.mes,Script/dom1Athena_O0731_3.mes,6,45,Athena,みんな、来てくれてありがとう!<6E5C>最後まで楽しんでいってね!<6E5C>じゃあ1曲目、行っきまーす!,,
dom1Athena_O0731_3.mes,Script/dom1Athena_O0731_3.mes,7,4,[효과음/내레이션],♪♪♪,,
dom1Athena_O0731_3.mes,Script/dom1Athena_O0731_3.mes,8,58,주인공,(あ、これOROCHiで歌ってた歌だ.<6E5C>そういえば、あのライブと同じ<6E5C>曲順って言ってたな.<6E5C>どんな順番だっけ……),,
dom1Athena_O0731_3.mes,Script/dom1Athena_O0731_3.mes,9,60,[선택지],~AMP wi>h HIROKIサイコ・ソルジャー私のナイト~Show m『 Cou<「g『~傷だらけのトゥルー・ハート,,
dom1Athena_O0731_3.mes,Script/dom1Athena_O0731_3.mes,10,54,[선택지],k<0001><0001><006C><0012><002C><001A><0000><0000><0000>サイコ・ソルジャー私のナイト~Show m『 Cou<「g『~傷だらけのトゥルー・ハート,,
dom1Athena_O0731_3.mes,Script/dom1Athena_O0731_3.mes,11,35,[선택지],私のナイト~Show m『 Cou<「g『~傷だらけのトゥルー・ハート,,
dom1Athena_O0731_3.mes,Script/dom1Athena_O0731_3.mes,12,13,[선택지],傷だらけのトゥルー・ハート,,
dom1Athena_O0731_3.mes,Script/dom1Athena_O0731_3.mes,13,22,[선택지],私のナイト~Show m『 Cou<「g『~,,
dom1Athena_O0731_3.mes,Script/dom1Athena_O0731_3.mes,14,22,[선택지],サイコ・ソルジャー傷だらけのトゥルー・ハート,,
dom1Athena_O0731_3.mes,Script/dom1Athena_O0731_3.mes,15,13,[선택지],傷だらけのトゥルー・ハート,,
dom1Athena_O0731_3.mes,Script/dom1Athena_O0731_3.mes,16,9,[선택지],サイコ・ソルジャー,,
dom1Athena_O0731_3.mes,Script/dom1Athena_O0731_3.mes,17,31,[선택지],サイコ・ソルジャー私のナイト~Show m『 Cou<「g『~,,
dom1Athena_O0731_3.mes,Script/dom1Athena_O0731_3.mes,18,22,[선택지],私のナイト~Show m『 Cou<「g『~,,
dom1Athena_O0731_3.mes,Script/dom1Athena_O0731_3.mes,19,9,[선택지],サイコ・ソルジャー,,
dom1Athena_O0731_3.mes,Script/dom1Athena_O0731_3.mes,20,51,[선택지],~AMP wi>h HIROKI私のナイト~Show m『 Cou<「g『~傷だらけのトゥルー・ハート,,
dom1Athena_O0731_3.mes,Script/dom1Athena_O0731_3.mes,21,35,[선택지],私のナイト~Show m『 Cou<「g『~傷だらけのトゥルー・ハート,,
dom1Athena_O0731_3.mes,Script/dom1Athena_O0731_3.mes,22,13,[선택지],傷だらけのトゥルー・ハート,,
dom1Athena_O0731_3.mes,Script/dom1Athena_O0731_3.mes,23,22,[선택지],私のナイト~Show m『 Cou<「g『~,,
dom1Athena_O0731_3.mes,Script/dom1Athena_O0731_3.mes,24,48,UNKNOWN_29,0<0000><0000><0000><0000><0003><0007><0003><0001><00E4><0001><0001><0050><0020><001A><0000><0000><0000><0000>~AMP wi>h HIROKI傷だらけのトゥルー・ハート,,
dom1Athena_O0731_3.mes,Script/dom1Athena_O0731_3.mes,25,13,[선택지],傷だらけのトゥルー・ハート,,
dom1Athena_O0731_3.mes,Script/dom1Athena_O0731_3.mes,26,16,[선택지],~AMP wi>h HIROKI,,
dom1Athena_O0731_3.mes,Script/dom1Athena_O0731_3.mes,27,51,UNKNOWN_29,<0110><0000><0000><0000><0000><0001><0060><0020><002C><0000><0000><0000><0000>~AMP wi>h HIROKI私のナイト~Show m『 Cou<「g『~,,
dom1Athena_O0731_3.mes,Script/dom1Athena_O0731_3.mes,28,22,[선택지],私のナイト~Show m『 Cou<「g『~,,
dom1Athena_O0731_3.mes,Script/dom1Athena_O0731_3.mes,29,16,[선택지],~AMP wi>h HIROKI,,
dom1Athena_O0731_3.mes,Script/dom1Athena_O0731_3.mes,30,57,UNKNOWN_29,<060C><0000><0000><0000><0000><0003><0007><0003><0002><02E0><0001><0001><0060><0020><0012><001A><0000><0000><0000>~AMP wi>h HIROKIサイコ・ソルジャー傷だらけのトゥルー・ハート,,
dom1Athena_O0731_3.mes,Script/dom1Athena_O0731_3.mes,31,22,[선택지],サイコ・ソルジャー傷だらけのトゥルー・ハート,,
dom1Athena_O0731_3.mes,Script/dom1Athena_O0731_3.mes,32,13,[선택지],傷だらけのトゥルー・ハート,,
dom1Athena_O0731_3.mes,Script/dom1Athena_O0731_3.mes,33,9,[선택지],サイコ・ソルジャー,,
dom1Athena_O0731_3.mes,Script/dom1Athena_O0731_3.mes,34,29,[선택지],~AMP wi>h HIROKI傷だらけのトゥルー・ハート,,
dom1Athena_O0731_3.mes,Script/dom1Athena_O0731_3.mes,35,13,[선택지],傷だらけのトゥルー・ハート,,
dom1Athena_O0731_3.mes,Script/dom1Athena_O0731_3.mes,36,16,[선택지],~AMP wi>h HIROKI,,
dom1Athena_O0731_3.mes,Script/dom1Athena_O0731_3.mes,37,25,[선택지],~AMP wi>h HIROKIサイコ・ソルジャー,,
dom1Athena_O0731_3.mes,Script/dom1Athena_O0731_3.mes,38,9,[선택지],サイコ・ソルジャー,,
dom1Athena_O0731_3.mes,Script/dom1Athena_O0731_3.mes,39,16,[선택지],~AMP wi>h HIROKI,,
dom1Athena_O0731_3.mes,Script/dom1Athena_O0731_3.mes,40,47,[선택지],~AMP wi>h HIROKIサイコ・ソルジャー私のナイト~Show m『 Cou<「g『~,,
dom1Athena_O0731_3.mes,Script/dom1Athena_O0731_3.mes,41,31,[선택지],サイコ・ソルジャー私のナイト~Show m『 Cou<「g『~,,
dom1Athena_O0731_3.mes,Script/dom1Athena_O0731_3.mes,42,22,[선택지],私のナイト~Show m『 Cou<「g『~,,
dom1Athena_O0731_3.mes,Script/dom1Athena_O0731_3.mes,43,9,[선택지],サイコ・ソルジャー,,
dom1Athena_O0731_3.mes,Script/dom1Athena_O0731_3.mes,44,57,UNKNOWN_29,@<0000><0000><0000><0000><0003><0007><0003><0001><0104><0001><0001><0060><0020><002C><0000><0000><0000><0000>~AMP wi>h HIROKI私のナイト~Show m『 Cou<「g『~,,
dom1Athena_O0731_3.mes,Script/dom1Athena_O0731_3.mes,45,22,[선택지],私のナイト~Show m『 Cou<「g『~,,
dom1Athena_O0731_3.mes,Script/dom1Athena_O0731_3.mes,46,16,[선택지],~AMP wi>h HIROKI,,
dom1Athena_O0731_3.mes,Script/dom1Athena_O0731_3.mes,47,25,[선택지],~AMP wi>h HIROKIサイコ・ソルジャー,,
dom1Athena_O0731_3.mes,Script/dom1Athena_O0731_3.mes,48,9,[선택지],サイコ・ソルジャー,,
dom1Athena_O0731_3.mes,Script/dom1Athena_O0731_3.mes,49,16,[선택지],~AMP wi>h HIROKI,,
dom1Athena_S01.mes,Script/dom1Athena_S01.mes,0,15,주인공,メシでも食うか.もぐもぐ……,,
dom1Athena_S01.mes,Script/dom1Athena_S01.mes,1,4,Athena,<이름:3232>!,,
dom1Athena_S01.mes,Script/dom1Athena_S01.mes,2,12,Athena,お昼ごはん食べてるの?,,
dom1Athena_S01.mes,Script/dom1Athena_S01.mes,3,17,주인공,ああ、コンビニのおにぎりだけどな,,
dom1Athena_S01.mes,Script/dom1Athena_S01.mes,4,15,Athena,あ、ほっぺたにお弁当ついてる,,
dom1Athena_S01.mes,Script/dom1Athena_S01.mes,5,20,주인공,うわ、バカ、取るなよ.<6E5C>恥ずかしいだろ,,
dom1Athena_S01.mes,Script/dom1Athena_S01.mes,6,23,Athena,もう、いつまでたっても子供みたい<6E5C>なんだから,,
dom1Athena_S01.mes,Script/dom1Athena_S01.mes,7,7,주인공,うるせぇなぁ,,
dom1Athena_S01.mes,Script/dom1Athena_S01.mes,8,29,Athena,ねぇ、もうすぐ七夕だよ!<6E5C><이름:3232>の部屋に笹の葉かざろうよ!,,
dom1Athena_S01.mes,Script/dom1Athena_S01.mes,9,14,주인공,はあ?いきなり何言ってんだ,,
dom1Athena_S01.mes,Script/dom1Athena_S01.mes,10,37,Athena,いいじゃない.子供みたいな遊びが<6E5C>許されるのもきっと今年までだよ.<6E5C>ね?,,
dom1Athena_S01.mes,Script/dom1Athena_S01.mes,11,22,주인공,まぁ、アテナが用意するんならいい<6E5C>けど……,,
dom1Athena_S01.mes,Script/dom1Athena_S01.mes,12,20,Athena,うん!ちゃんと短冊も持っていく<6E5C>から!,,
dom1Athena_S01.mes,Script/dom1Athena_S01.mes,13,19,UNKNOWN_29,―<0000><0000><0000><0000><0003><0049><0003><0001>G<0001><0000><0014><0008><0003><이름:3232>!,,
dom1Athena_S01.mes,Script/dom1Athena_S01.mes,14,15,Athena,あれ、どうしたの?そのお弁当,,
dom1Athena_S01.mes,Script/dom1Athena_S01.mes,15,22,주인공,ああ…….同じアパートの人がくれ<6E5C>たんだよ,,
dom1Athena_S01.mes,Script/dom1Athena_S01.mes,16,12,주인공,ああ…….たまには、な,,
dom1Athena_S01.mes,Script/dom1Athena_S01.mes,17,31,Athena,ふーん…….わたしもお弁当<6E5C>だから、いっしょに食べましょう?,,
dom1Athena_S01.mes,Script/dom1Athena_S01.mes,18,3,주인공,ああ,,
dom1Athena_S01.mes,Script/dom1Athena_S01.mes,19,7,[효과음/내레이션],もぐもぐ……,,
dom1Athena_S01.mes,Script/dom1Athena_S01.mes,20,36,Athena,……<이름:3232>、遅刻しなくなったのは<6E5C>いいけど、今日も授業中寝てた<6E5C>でしょう,,
dom1Athena_S01.mes,Script/dom1Athena_S01.mes,21,3,주인공,ぎく,,
dom1Athena_S01.mes,Script/dom1Athena_S01.mes,22,16,Athena,そんなことじゃ卒業できないよ?,,
dom1Athena_S01.mes,Script/dom1Athena_S01.mes,23,7,주인공,大丈夫だって,,
dom1Athena_S01.mes,Script/dom1Athena_S01.mes,24,30,Athena,もう、前みたいにわたしが勉強教え<6E5C>てあげることもできないし,,
dom1Athena_S01.mes,Script/dom1Athena_S01.mes,25,30,주인공,そういや、中学の頃はよく、アテナ<6E5C>に宿題教えてもらってたな,,
dom1Athena_S01.mes,Script/dom1Athena_S01.mes,26,17,Athena,今は自分で勉強しないとダメだよ!,,
dom1Athena_S01.mes,Script/dom1Athena_S01.mes,27,5,주인공,はいはい,,
dom1Athena_S02.mes,Script/dom1Athena_S02.mes,0,12,[효과음/내레이션],♪カランコロンカラ~ン,,
dom1Athena_S02.mes,Script/dom1Athena_S02.mes,1,24,King,<이름:3131>君、いらっしゃい.<6E5C>今日は先客が来ているぞ,,
dom1Athena_S02.mes,Script/dom1Athena_S02.mes,2,4,Athena,<이름:3232>!,,
dom1Athena_S02.mes,Script/dom1Athena_S02.mes,3,20,주인공,アテナ.こんなとこで何、油売って<6E5C>んだ,,
dom1Athena_S02.mes,Script/dom1Athena_S02.mes,4,17,Athena,ヘヘ.お仕事の前の大事な休息だよ,,
dom1Athena_S02.mes,Script/dom1Athena_S02.mes,5,16,주인공,って、ただ寄り道してるだけだろ,,
dom1Athena_S02.mes,Script/dom1Athena_S02.mes,6,7,Athena,<이름:3232>だって!,,
dom1Athena_S02.mes,Script/dom1Athena_S02.mes,7,14,주인공,ケーキまで食べて……太るぞ,,
dom1Athena_S02.mes,Script/dom1Athena_S02.mes,8,9,Athena,たまにはいーの!,,
dom1Athena_S02.mes,Script/dom1Athena_S02.mes,9,35,King,相変わらず仲良いなぁ.今度の<6E5C>きもだめしも、ふたりで行くん<6E5C>だろう?,,
dom1Athena_S02.mes,Script/dom1Athena_S02.mes,10,7,주인공,きもだめし?,,
dom1Athena_S02.mes,Script/dom1Athena_S02.mes,11,27,King,10日にあるんだろ?<6E5C>みんな楽しみにしてるみたいだぞ,,
dom1Athena_S02.mes,Script/dom1Athena_S02.mes,12,28,주인공,ああ.でも、オバケより怒った<6E5C>アテナの方が怖いですから,,
dom1Athena_S02.mes,Script/dom1Athena_S02.mes,13,7,Athena,もー、<이름:3232>!,,
dom1Athena_S03.mes,Script/dom1Athena_S03.mes,0,17,주인공,さて、昼メシでも食うか.もぐもぐ,,
dom1Athena_S03.mes,Script/dom1Athena_S03.mes,1,7,Athena,みーつけた!,,
dom1Athena_S03.mes,Script/dom1Athena_S03.mes,2,12,주인공,アテナ.どうしたんだ?,,
dom1Athena_S03.mes,Script/dom1Athena_S03.mes,3,14,Athena,あのね<이름:3232>、オバケしない?,,
dom1Athena_S03.mes,Script/dom1Athena_S03.mes,4,4,주인공,ぶっ!,,
dom1Athena_S03.mes,Script/dom1Athena_S03.mes,5,10,Athena,きゃあ!きたない!,,
dom1Athena_S03.mes,Script/dom1Athena_S03.mes,6,9,주인공,なんだそりゃ!?,,
dom1Athena_S03.mes,Script/dom1Athena_S03.mes,7,40,Athena,ホラ、10日にきもだめしをするで<6E5C>しょう?そのオバケ役の子を<6E5C>探してるんだって,,
dom1Athena_S03.mes,Script/dom1Athena_S03.mes,8,17,주인공,なるほど…….でも絶対しねーよ!,,
dom1Athena_S03.mes,Script/dom1Athena_S03.mes,9,13,Athena,誰かと見る約束してるの?,,
dom1Athena_S03.mes,Script/dom1Athena_S03.mes,10,11,주인공,別にそうじゃねぇけど,,
dom1Athena_S03.mes,Script/dom1Athena_S03.mes,11,11,Athena,ふーん、ほんとかなぁ,,
dom1Athena_S03.mes,Script/dom1Athena_S03.mes,12,11,주인공,なんだ、その流し目は,,
dom1Athena_S03.mes,Script/dom1Athena_S03.mes,13,24,Athena,わかった.じゃあ、お昼のジャマ<6E5C>してごめんね!,,
dom1Athena_S03.mes,Script/dom1Athena_S03.mes,14,8,주인공,なんなんだ……,,
dom1Athena_S03.mes,Script/dom1Athena_S03.mes,15,17,주인공,今日はライブやってないな……ん?,,
dom1Athena_S03.mes,Script/dom1Athena_S03.mes,16,5,Athena,あ、<이름:3232>,,
dom1Athena_S03.mes,Script/dom1Athena_S03.mes,17,12,주인공,アテナ、どうしたんだ?,,
dom1Athena_S03.mes,Script/dom1Athena_S03.mes,18,33,Athena,ちょっと見学.いつかOROCHiで<6E5C>ライブできたらなぁって思って,,
dom1Athena_S03.mes,Script/dom1Athena_S03.mes,19,14,주인공,アイドルがライブハウスで?,,
dom1Athena_S03.mes,Script/dom1Athena_S03.mes,20,31,Athena,うん.ライブハウスって、より<6E5C>みんなと近づいて歌えるでしょ?,,
dom1Athena_S03.mes,Script/dom1Athena_S03.mes,21,20,주인공,ほんと、歌うのが好きだなー、<6E5C>アテナは,,
dom1Athena_S03.mes,Script/dom1Athena_S03.mes,22,6,Athena,もちろん!,,
dom1Athena_S03.mes,Script/dom1Athena_S03.mes,23,23,주인공,ちっちゃいときは俺の方が歌うま<6E5C>かったのにな,,
dom1Athena_S03.mes,Script/dom1Athena_S03.mes,24,36,Athena,あたしの家族と<이름:3232>の家族で、<6E5C>よくカラオケ行ってたもんね.<6E5C>……フフフ,,
dom1Athena_S03.mes,Script/dom1Athena_S03.mes,25,22,주인공,あ、なんだよその笑い方.バカにし<6E5C>ただろー,,
dom1Athena_S03.mes,Script/dom1Athena_S03.mes,26,12,Athena,そんなことないよーっ!,,
dom1Athena_S04.mes,Script/dom1Athena_S04.mes,0,25,[선택지],(<0001><002A><0000><0000><0000><0000><0000><000E><0000><FFFF><0000><0000><0000><0000><001C><000E><0002>あれ、アテナ,,
dom1Athena_S04.mes,Script/dom1Athena_S04.mes,1,11,Athena,あー.<이름:3232>も息抜き?,,
dom1Athena_S04.mes,Script/dom1Athena_S04.mes,2,23,주인공,俺はそんな忙しくねーよ.アテナは<6E5C>忙しいだろ,,
dom1Athena_S04.mes,Script/dom1Athena_S04.mes,3,46,Athena,うん.コンサートまであと半月<6E5C>だからね.たまに休憩をもらうと、<6E5C>こっちに戻って来ちゃうんだ,,
dom1Athena_S04.mes,Script/dom1Athena_S04.mes,4,25,주인공,そっか.花火大会のときも、休憩も<6E5C>らえたらいいな,,
dom1Athena_S04.mes,Script/dom1Athena_S04.mes,5,6,Athena,花火大会?,,
dom1Athena_S04.mes,Script/dom1Athena_S04.mes,6,14,주인공,17日.毎年やってるだろ?,,
dom1Athena_S04.mes,Script/dom1Athena_S04.mes,7,15,Athena,そっかぁ.すっかり忘れてたよ,,
dom1Athena_S04.mes,Script/dom1Athena_S04.mes,8,10,주인공,まぁ、今年は無理か,,
dom1Athena_S04.mes,Script/dom1Athena_S04.mes,9,5,Athena,…………,,
dom1Athena_S04.mes,Script/dom1Athena_S04.mes,10,31,Athena,ううん、見る!見たいよ花火!<6E5C>今年も<이름:3232>といっしょに見たい!,,
dom1Athena_S04.mes,Script/dom1Athena_S04.mes,11,6,주인공,大丈夫か?,,
dom1Athena_S04.mes,Script/dom1Athena_S04.mes,12,31,Athena,うん、頼んでみる!<6E5C>だから<이름:3232>、今年もいっしょに<6E5C>見ようね?,,
dom1Athena_S04.mes,Script/dom1Athena_S04.mes,13,3,주인공,ああ,,
dom1Athena_S04.mes,Script/dom1Athena_S04.mes,14,14,주인공,あ、アテナ.また息抜きか?,,
dom1Athena_S04.mes,Script/dom1Athena_S04.mes,15,22,Athena,<이름:3232>.ヘヘ、別にサボってる<6E5C>わけじゃないよ,,
dom1Athena_S04.mes,Script/dom1Athena_S04.mes,16,23,주인공,わかってるよ.アテナはそんなこと<6E5C>しねーだろ,,
dom1Athena_S04.mes,Script/dom1Athena_S04.mes,17,64,Athena,うん…….ほんとうはみんなと<6E5C>遊びたいけど、ちゃんと休みが<6E5C>取れないから、<485C>たまに時間ができると<6E5C>ひとりでいるしかないんだ……,,
dom1Athena_S04.mes,Script/dom1Athena_S04.mes,18,7,주인공,……大変だな,,
dom1Athena_S04.mes,Script/dom1Athena_S04.mes,19,23,Athena,あ、ゴメン.別に不満があるんじゃ<6E5C>なくて……,,
dom1Athena_S04.mes,Script/dom1Athena_S04.mes,20,30,주인공,わかってるよ.俺にまで気を遣う<6E5C>なって.あまり無理すんなよ,,
dom1Athena_S04.mes,Script/dom1Athena_S04.mes,21,8,Athena,……ありがとう,,
dom1Athena_S04.mes,Script/dom1Athena_S04.mes,22,9,주인공,花火、楽しもうな,,
dom1Athena_S04.mes,Script/dom1Athena_S04.mes,23,4,Athena,うん!,,
dom1Athena_S05.mes,Script/dom1Athena_S05.mes,0,12,[효과음/내레이션],♪カランコロンカラ~ン,,
dom1Athena_S05.mes,Script/dom1Athena_S05.mes,1,10,King,いらっしゃい<이름:3131>君,,
dom1Athena_S05.mes,Script/dom1Athena_S05.mes,2,30,주인공,こんにちは.キングさんのおいしい<6E5C>ランチ、食べに来ましたよ,,
dom1Athena_S05.mes,Script/dom1Athena_S05.mes,3,20,King,お世辞がうまいな.座って待ってな<6E5C>さい,,
dom1Athena_S05.mes,Script/dom1Athena_S05.mes,4,3,주인공,はい,,
dom1Athena_S05.mes,Script/dom1Athena_S05.mes,5,12,[효과음/내레이션],♪カランコロンカラ~ン,,
dom1Athena_S05.mes,Script/dom1Athena_S05.mes,6,3,주인공,ん?,,
dom1Athena_S05.mes,Script/dom1Athena_S05.mes,7,5,Athena,<이름:3232>……,,
dom1Athena_S05.mes,Script/dom1Athena_S05.mes,8,16,주인공,アテナ.アテナもここで昼メシ?,,
dom1Athena_S05.mes,Script/dom1Athena_S05.mes,9,3,Athena,うん,,
dom1Athena_S05.mes,Script/dom1Athena_S05.mes,10,15,주인공,座れよ.どうした?元気ないな,,
dom1Athena_S05.mes,Script/dom1Athena_S05.mes,11,15,Athena,<이름:3232>……花火、きれいだった?,,
dom1Athena_S05.mes,Script/dom1Athena_S05.mes,12,12,주인공,花火って、花火大会の?,,
dom1Athena_S05.mes,Script/dom1Athena_S05.mes,13,17,Athena,うん.仕事で行けなかったから……,,
dom1Athena_S05.mes,Script/dom1Athena_S05.mes,14,25,주인공,ああ.気にするなよ、そんなの.<6E5C>また来年もあるし,,
dom1Athena_S05.mes,Script/dom1Athena_S05.mes,15,28,Athena,来年…….そうだね.来年は<6E5C>いっしょに見てくれる?<이름:3232>,,
dom1Athena_S05.mes,Script/dom1Athena_S05.mes,16,24,주인공,ああ、アテナが全国ツアー中とか<6E5C>じゃなけりゃな,,
dom1Athena_S05.mes,Script/dom1Athena_S05.mes,17,5,Athena,……うん,,
dom1Athena_S06.mes,Script/dom1Athena_S06.mes,0,29,[선택지],~<0001><002A><0000><0000><0000><0000><0000><000E><0000><FFFF><0000><0000><0000><0000><0024><0016><0002>あ、アテナじゃないか,,
dom1Athena_S06.mes,Script/dom1Athena_S06.mes,1,20,Athena,フフッ.<이름:3232>が来るような気が<6E5C>したんだ,,
dom1Athena_S06.mes,Script/dom1Athena_S06.mes,2,15,주인공,俺って行動が読まれやすいかな,,
dom1Athena_S06.mes,Script/dom1Athena_S06.mes,3,36,Athena,10年以上付き合ってるんだよ?<6E5C><이름:3232>の行きそうなトコぐらい、<6E5C>わかるよ,,
dom1Athena_S06.mes,Script/dom1Athena_S06.mes,4,34,주인공,そーだな…….俺は昔からぜんぜん<6E5C>変わってないしな.アテナと違って,,
dom1Athena_S06.mes,Script/dom1Athena_S06.mes,5,10,Athena,わたし、変わった?,,
dom1Athena_S06.mes,Script/dom1Athena_S06.mes,6,47,주인공,去年、デビューしてから、ずいぶん<6E5C>環境が変わったじゃないか.<6E5C>すっかりアイドルになっちまって,,
dom1Athena_S06.mes,Script/dom1Athena_S06.mes,7,25,Athena,……でも、わたし自身は変わってな<6E5C>いつもりだよ?,,
dom1Athena_S06.mes,Script/dom1Athena_S06.mes,8,26,주인공,ああ.心配性で、気苦労が多い性格<6E5C>は変わってないよ,,
dom1Athena_S06.mes,Script/dom1Athena_S06.mes,9,8,Athena,心配性かなぁ?,,
dom1Athena_S06.mes,Script/dom1Athena_S06.mes,10,24,주인공,ハハハ、自分のことはぜんぜんわか<6E5C>らないんだな,,
dom1Athena_S06.mes,Script/dom1Athena_S06.mes,11,24,UNKNOWN_01,8<0001><002A><0000><0000><0000><0000><0000><000E><0000><FFFF><0000><0000><0000><0000><0018><000C><0002>あ、アテナ,,
dom1Athena_S06.mes,Script/dom1Athena_S06.mes,12,13,Athena,やっぱり<이름:3232>、ここにいた,,
dom1Athena_S06.mes,Script/dom1Athena_S06.mes,13,10,주인공,なんだ、俺に用か?,,
dom1Athena_S06.mes,Script/dom1Athena_S06.mes,14,22,Athena,<이름:3232>、もうすぐ誕生日でしょ?<6E5C>何が欲しい?,,
dom1Athena_S06.mes,Script/dom1Athena_S06.mes,15,22,주인공,あ、そっか.24日か.すっかり忘れ<6E5C>てたぜ,,
dom1Athena_S06.mes,Script/dom1Athena_S06.mes,16,32,Athena,もう、自分の誕生日なのに.<6E5C>今年も、ちゃんとお祝いする<6E5C>からね,,
dom1Athena_S06.mes,Script/dom1Athena_S06.mes,17,14,주인공,いいよ.コンサート前だろ?,,
dom1Athena_S06.mes,Script/dom1Athena_S06.mes,18,20,Athena,大丈夫だよ!<6E5C>毎年ずっと祝ってたのに!,,
dom1Athena_S06.mes,Script/dom1Athena_S06.mes,19,36,주인공,ああ、アテナの家に招かれてな.<6E5C>今年は無理だろ?<6E5C>気にしなくていいから,,
dom1Athena_S06.mes,Script/dom1Athena_S06.mes,20,43,Athena,でも…….なんとか時間作って<6E5C><이름:3232>の部屋にプレゼント持って<6E5C>いくから、待ってて.ね?,,
dom1Athena_S06.mes,Script/dom1Athena_S06.mes,21,7,주인공,無理すんなよ,,
dom1Athena_S06.mes,Script/dom1Athena_S06.mes,22,38,UNKNOWN_29,'<0000><0000><0000><0000><0003><004D><0003><0002>6<0001><002A><0000><0000><0000><0000><0000><000E><0000><FFFF><0000><0000><0000><0000><0024><0016><0002>今日はゆっくり遊ぶか,,
dom1Athena_S06.mes,Script/dom1Athena_S06.mes,23,4,Athena,<이름:3232>!,,
dom1Athena_S06.mes,Script/dom1Athena_S06.mes,24,37,주인공,アテナ.よく俺の行き先がわかる<6E5C>な.……俺ってやっぱり読まれ<6E5C>やすいんだ,,
dom1Athena_S06.mes,Script/dom1Athena_S06.mes,25,34,Athena,別にそんなわけじゃないけど、<6E5C>たまの休憩ぐらい<이름:3232>と<6E5C>遊びたいもん,,
dom1Athena_S06.mes,Script/dom1Athena_S06.mes,26,28,주인공,そんなに周りのことばっかり考えて<6E5C>ると、胃潰瘍になるぞ,,
dom1Athena_S06.mes,Script/dom1Athena_S06.mes,27,10,Athena,そんなことないよ!,,
dom1Athena_S06.mes,Script/dom1Athena_S06.mes,28,39,주인공,ただでさえ周りのことを見ちゃうん<6E5C>だからさ、アテナは.もっと気楽に<6E5C>してろよ,,
dom1Athena_S06.mes,Script/dom1Athena_S06.mes,29,24,Athena,……<이름:3232>といるときが、一番落ち<6E5C>着くんだけどな,,
dom1Athena_S06.mes,Script/dom1Athena_S06.mes,30,23,주인공,ハハ、そう言われると、幼馴染とし<6E5C>て嬉しいよ,,
dom1Athena_S06.mes,Script/dom1Athena_S06.mes,31,11,Athena,……幼馴染として、ね,,
dom1Athena_ending1.mes,Script/dom1Athena_ending1.mes,0,57,주인공,(あぁ、コンサートも無事に<6E5C>終わった……<485C>俺が歌ったわけじゃないのに、<6E5C>この満足感はなんだろう……<6E5C>不思議だぜ),,
dom1Athena_ending1.mes,Script/dom1Athena_ending1.mes,1,12,Athena,<이름:3232>!!ありがとうっ!,,
dom1Athena_ending1.mes,Script/dom1Athena_ending1.mes,2,17,주인공,わっ.なんだいきなり抱きついて!,,
dom1Athena_ending1.mes,Script/dom1Athena_ending1.mes,3,48,Athena,だって、<이름:3232>のおかげで<6E5C>コンサートできたんだもん!<485C><이름:3232>がいるから、<6E5C>わたしがんばれたんだよ!,,
dom1Athena_ending1.mes,Script/dom1Athena_ending1.mes,4,26,주인공,だ、だからってそんな抱きつくな!<6E5C>人が見るだろ!?,,
dom1Athena_ending1.mes,Script/dom1Athena_ending1.mes,5,34,Athena,なによ.わたしのこと『好き』だっ<6E5C>て気持ち、やっぱり嘘だったの!?,,
dom1Athena_ending1.mes,Script/dom1Athena_ending1.mes,6,11,주인공,そんなんじゃねーよ!,,
dom1Athena_ending1.mes,Script/dom1Athena_ending1.mes,7,9,UNKNOWN_1a,お~い、きみぃ!,,
dom1Athena_ending1.mes,Script/dom1Athena_ending1.mes,8,13,주인공,わっ.マネージャーさん!,,
dom1Athena_ending1.mes,Script/dom1Athena_ending1.mes,9,42,UNKNOWN_1b,う~ん、う~ん、君には世話になっ<6E5C>たしなぁ~.しかたない、涙を飲ん<6E5C>で認めたるわ!,,
dom1Athena_ending1.mes,Script/dom1Athena_ending1.mes,10,13,주인공,え?どういうことですか?,,
dom1Athena_ending1.mes,Script/dom1Athena_ending1.mes,11,24,UNKNOWN_1b,君とアテナの交際を、認めたるっ<6E5C>ちゅーてんねん,,
dom1Athena_ending1.mes,Script/dom1Athena_ending1.mes,12,22,주인공,えぇ!?な、なんでいきなり<6E5C>そんな話に!?,,
dom1Athena_ending1.mes,Script/dom1Athena_ending1.mes,13,41,Athena,わたしがお願いしたの.隠して嘘を<6E5C>つきたくないし.正々堂々と付き合<6E5C>いたいもの!,,
dom1Athena_ending1.mes,Script/dom1Athena_ending1.mes,14,16,주인공,だからって、急に交際なんて……,,
dom1Athena_ending1.mes,Script/dom1Athena_ending1.mes,15,40,Athena,なぁに?やっと気持ちが通じ合っ<6E5C>たのに、わたしと付き合うの、<6E5C>嫌だったの……?,,
dom1Athena_ending1.mes,Script/dom1Athena_ending1.mes,16,17,주인공,じゃなくて、話が急すぎるんだよ!,,
dom1Athena_ending1.mes,Script/dom1Athena_ending1.mes,17,45,UNKNOWN_1b,まぁまぁ、そんな照れんでもええ<6E5C>て.若いふたりの新たな第一歩<6E5C>や!お祝いにこれあげるわ!,,
dom1Athena_ending1.mes,Script/dom1Athena_ending1.mes,18,16,[효과음/내레이션],マネージャーが肉まんをくれた!,,
dom1Athena_ending1.mes,Script/dom1Athena_ending1.mes,19,17,주인공,いや、別に肉まんはいらないです!,,
dom1Athena_ending1.mes,Script/dom1Athena_ending1.mes,20,8,[효과음/내레이션],そして8月……,,
dom1Athena_ending1.mes,Script/dom1Athena_ending1.mes,21,5,Athena,<이름:3232>ー!,,
dom1Athena_ending1.mes,Script/dom1Athena_ending1.mes,22,12,Athena,もっとゆっくり歩こうよ,,
dom1Athena_ending1.mes,Script/dom1Athena_ending1.mes,23,16,주인공,あぁ…….なんか、恥ずかしくて,,
dom1Athena_ending1.mes,Script/dom1Athena_ending1.mes,24,25,Athena,どうして?小さい頃からずっと<6E5C>いっしょにいるのに,,
dom1Athena_ending1.mes,Script/dom1Athena_ending1.mes,25,15,주인공,今と昔とじゃ関係が違うだろ?,,
dom1Athena_ending1.mes,Script/dom1Athena_ending1.mes,26,28,Athena,フフッ.今のほうがずっとずっと、<6E5C>近くに感じられるねっ,,
dom1Athena_ending1.mes,Script/dom1Athena_ending1.mes,27,4,[효과음/내레이션],ぎゅっ,,
dom1Athena_ending1.mes,Script/dom1Athena_ending1.mes,28,21,주인공,わぁっ.人前で手ぇつないだりする<6E5C>なよ!,,
dom1Athena_ending1.mes,Script/dom1Athena_ending1.mes,29,31,Athena,いま『手をつないぎたい』って考え<6E5C>たのは、<이름:3232>の方でしょぉ?,,
dom1Athena_ending1.mes,Script/dom1Athena_ending1.mes,30,33,주인공,………….そうやって、なんでも人<6E5C>の心を読むのは卑怯だぞ、アテナ,,
dom1Athena_ending1.mes,Script/dom1Athena_ending1.mes,31,56,Athena,だって、<이름:3232>がしたいって思う<6E5C>ことは、なんでもして<6E5C>あげたいもん<485C>わたしなら、話さなくても叶えられ<6E5C>るんだよ?,,
dom1Athena_ending1.mes,Script/dom1Athena_ending1.mes,32,28,Athena,この力に、こんなに感謝したのは、<6E5C>生まれてはじめてっ!,,
dom1Athena_ending1.mes,Script/dom1Athena_ending1.mes,33,32,주인공,(……し、したいことをなんでも<6E5C>してあげるって、どういう意味?,,
dom1Athena_ending1.mes,Script/dom1Athena_ending1.mes,34,42,주인공,いかんいかん、どんどん顔が赤く<6E5C>なってくる!これじゃ読まれる<6E5C>以前にバレバレだ!),,
dom1Athena_ending1.mes,Script/dom1Athena_ending1.mes,35,13,Athena,あ、<이름:3232>ったらヤラシィ~,,
dom1Athena_ending1.mes,Script/dom1Athena_ending1.mes,36,17,주인공,おまえがそんなこと言うからだろ!,,
dom1Athena_ending1.mes,Script/dom1Athena_ending1.mes,37,53,Athena,フフ!会いたいって思ってくれた<6E5C>らいつでも会いに行く!<485C>東京に行ってもテレポーテーション<6E5C>して来るから!,,
dom1Athena_ending1.mes,Script/dom1Athena_ending1.mes,38,17,주인공,そんなことまでできるのかよっ!?,,
dom1Athena_ending1.mes,Script/dom1Athena_ending1.mes,39,16,Athena,練習したら、できそうじゃない?,,
dom1Athena_ending1.mes,Script/dom1Athena_ending1.mes,40,24,주인공,……あぁ.アテナならなんでもでき<6E5C>そうだよ……,,
dom1Athena_ending1.mes,Script/dom1Athena_ending1.mes,41,39,주인공,(……サイキックなアイドルと付き<6E5C>合うと、なんだか気苦労が耐えない<6E5C>ぜ……),,
dom1Athena_ending1.mes,Script/dom1Athena_ending1.mes,42,37,Kaidou,全エンディングコンプリートしやが<6E5C>ったな!<485C>さすがはオレ様のライバルだな,,
dom1Athena_ending1.mes,Script/dom1Athena_ending1.mes,43,7,UNKNOWN_1d,おめでとー!,,
dom1Athena_ending2.mes,Script/dom1Athena_ending2.mes,0,57,주인공,(あぁ、コンサートも無事に<6E5C>終わった……<485C>俺が歌ったわけじゃないのに、<6E5C>この満足感はなんだろう……<6E5C>不思議だぜ),,
dom1Athena_ending2.mes,Script/dom1Athena_ending2.mes,1,11,Athena,<이름:3232>、ありがとうっ!,,
dom1Athena_ending2.mes,Script/dom1Athena_ending2.mes,2,6,주인공,アテナ……,,
dom1Athena_ending2.mes,Script/dom1Athena_ending2.mes,3,49,Athena,今日コンサートができたのは、<6E5C><이름:3232>のおかげだよ<485C><이름:3232>がいなかったらわたし<6E5C>……なにもできなかった,,
dom1Athena_ending2.mes,Script/dom1Athena_ending2.mes,4,17,주인공,俺はいつでもそばにいるよ、アテナ,,
dom1Athena_ending2.mes,Script/dom1Athena_ending2.mes,5,5,Athena,<이름:3232>……,,
dom1Athena_ending2.mes,Script/dom1Athena_ending2.mes,6,12,UNKNOWN_1a,ちょっと待たんか~い!,,
dom1Athena_ending2.mes,Script/dom1Athena_ending2.mes,7,13,주인공,あ、マネージャーさん……,,
dom1Athena_ending2.mes,Script/dom1Athena_ending2.mes,8,50,UNKNOWN_1b,<이름:3232>君、君にはホンマに世話に<6E5C>なった.感謝してもしきれへん<485C>でもな、アカン、ぜったい<6E5C>許さへんで!,,
dom1Athena_ending2.mes,Script/dom1Athena_ending2.mes,9,9,주인공,な、何をですか?,,
dom1Athena_ending2.mes,Script/dom1Athena_ending2.mes,10,45,UNKNOWN_1b,アテナとの交際や!トップ<6E5C>アイドルを目指すアテナとの男女<6E5C>の交際は、いっさい認めへんで!,,
dom1Athena_ending2.mes,Script/dom1Athena_ending2.mes,11,25,주인공,なっ……誰もそんなこと言ってない<6E5C>じゃないですか,,
dom1Athena_ending2.mes,Script/dom1Athena_ending2.mes,12,52,UNKNOWN_1b,君らが相思相愛なんはモロバレや!<485C>でもな、恋は仕事のさまたげに<6E5C>なる.アイドルに恋愛は御法度<6E5C>なんや!,,
dom1Athena_ending2.mes,Script/dom1Athena_ending2.mes,13,56,Athena,……たしかに、わたしがしっかり<6E5C>してないせいで、<485C>スタッフのみんなにも<6E5C><이름:3232>にも迷惑をかけちゃった<6E5C>もんね……,,
dom1Athena_ending2.mes,Script/dom1Athena_ending2.mes,14,31,Athena,わたしがまだまだ人間として、<6E5C>アイドルとして未熟なせいだよね,,
dom1Athena_ending2.mes,Script/dom1Athena_ending2.mes,15,54,UNKNOWN_1b,せや!とにかく一人前になるまで<6E5C>は恋愛はおあずけや!<485C>東京に拠点も移すしな、<6E5C>そんなことしてるヒマないで!,,
dom1Athena_ending2.mes,Script/dom1Athena_ending2.mes,16,6,주인공,そんな……,,
dom1Athena_ending2.mes,Script/dom1Athena_ending2.mes,17,57,Athena,……<이름:3232>、わたしがんばる!<6E5C>東京で立派な大人に、アイドルに<6E5C>なってくるね!<485C>それまでわたしのこと待って<6E5C>くれる?,,
dom1Athena_ending2.mes,Script/dom1Athena_ending2.mes,18,5,주인공,……あぁ,,
dom1Athena_ending2.mes,Script/dom1Athena_ending2.mes,19,45,Athena,良かった…….離れても気持ちは<6E5C>通じてるもんね!わたし、<이름:3232>の<6E5C>ことを想ってがんばるよ!,,
dom1Athena_ending2.mes,Script/dom1Athena_ending2.mes,20,25,주인공,あぁ.つらいけど、俺もアテナの<6E5C>ことを毎日想うよ,,
dom1Athena_ending2.mes,Script/dom1Athena_ending2.mes,21,48,UNKNOWN_1b,そうそう、それでこそ青春や!若<6E5C>さや!トップアイドルになるまで、<6E5C>アテナのことはワイが守るで!,,
dom1Athena_ending2.mes,Script/dom1Athena_ending2.mes,22,33,UNKNOWN_1b,なんせワイはアテナのナイト……<6E5C>いやいや、マネージャーやさかい!,,
dom1Athena_ending2.mes,Script/dom1Athena_ending2.mes,23,42,주인공,(トホホ…….まぁ幼馴染とは<6E5C>いえ、アイドルのアテナとそう<6E5C>簡単に付き合えないよな,,
dom1Athena_ending2.mes,Script/dom1Athena_ending2.mes,24,40,주인공,俺も、アテナのことをちゃんと守れ<6E5C>る男になれるよう、この町でがんば<6E5C>ろう……),,
dom1Athena_ending2.mes,Script/dom1Athena_ending2.mes,25,37,Kaidou,全エンディングコンプリートしやが<6E5C>ったな!<485C>さすがはオレ様のライバルだな,,
dom1Athena_ending2.mes,Script/dom1Athena_ending2.mes,26,7,UNKNOWN_1d,おめでとー!,,
