file,rel_path,block,n_tokens,speaker,source,ai_draft,translation
dom2Kisarah_L01.mes,Script/dom2Kisarah_L01.mes,0,15,주인공,おや、ふたりで遊んでるのか?,"어라, 둘이 놀고 있어?","어라, 둘이 놀고 있어?"
dom2Kisarah_L01.mes,Script/dom2Kisarah_L01.mes,1,25,Kisarah,これから買い物しに行くトコ~.<6E5C><이름:3232>クンもどう?,이제 쇼핑하러 가는 참~.<6E5C><이름:3232>군도 갈래?,이제 쇼핑하러 가는 참~.<6E5C><이름:3232>군도 갈래?
dom2Kisarah_L01.mes,Script/dom2Kisarah_L01.mes,2,4,주인공,僕も?,나도?,나도?
dom2Kisarah_L01.mes,Script/dom2Kisarah_L01.mes,3,26,Kisarah,ほたるがエッチな下着を<6E5C>買いたいって言うからさぁー,호타루가 야한 속옷을<6E5C>사고 싶다길래 말이지~,호타루가 야한 속옷을<6E5C>사고 싶다길래 말이지~
dom2Kisarah_L01.mes,Script/dom2Kisarah_L01.mes,4,26,Hotaru,キサラちゃんっ!<6E5C>ほたる、そんなこと言ってないよ!,"키사라!<6E5C>호타루, 그런 말 안 했어!","키사라!<6E5C>호타루, 그런 말 안 했어!"
dom2Kisarah_L01.mes,Script/dom2Kisarah_L01.mes,5,24,Kisarah,アハハ、J。O。D。A。N!<6E5C>ジョーダンだよ!,"아하하, 노.담!<6E5C>농담이야!","아하하, 노.담!<6E5C>농담이야!"
dom2Kisarah_L01.mes,Script/dom2Kisarah_L01.mes,6,28,Kisarah,でも、兄として妹の身だしなみは<6E5C>気になるんじゃないの?,그래도 오빠로서 여동생 옷차림은<6E5C>신경 쓰이잖아?,그래도 오빠로서 여동생 옷차림은<6E5C>신경 쓰이잖아?
dom2Kisarah_L01.mes,Script/dom2Kisarah_L01.mes,7,10,주인공,ほたるは大丈夫だよ,호타루는 괜찮아,호타루는 괜찮아
dom2Kisarah_L01.mes,Script/dom2Kisarah_L01.mes,8,19,주인공,キサラにそそのかされたり<6E5C>しなければ,키사라한테 부추김만<6E5C>안 당하면,키사라한테 부추김만<6E5C>안 당하면
dom2Kisarah_L01.mes,Script/dom2Kisarah_L01.mes,9,37,Hotaru,お兄ちゃん、大丈夫だよ.<6E5C>ほたる、……エッチ……な服なんて<6E5C>買わないから,"오빠, 괜찮아.<6E5C>호타루, ……야한……옷 같은 건<6E5C>안 살 거니까","오빠, 괜찮아.<6E5C>호타루, ……야한……옷 같은 건<6E5C>안 살 거니까"
dom2Kisarah_L01.mes,Script/dom2Kisarah_L01.mes,10,5,주인공,当然だ!,당연하지,당연하지
dom2Kisarah_L01.mes,Script/dom2Kisarah_L01.mes,11,12,Kisarah,かたいなぁ、<이름:3232>クンは,"딱딱하네, <이름:3232>군은","딱딱하네, <이름:3232>군은"
dom2Kisarah_L01.mes,Script/dom2Kisarah_L01.mes,12,23,Kisarah,じゃあ、代わりにボクの服を<6E5C>見立ててくれる?,그럼 대신 내 옷을<6E5C>골라 줄래?,그럼 대신 내 옷을<6E5C>골라 줄래?
dom2Kisarah_L01.mes,Script/dom2Kisarah_L01.mes,13,6,주인공,キサラの?,키사라꺼?,키사라꺼?
dom2Kisarah_L01.mes,Script/dom2Kisarah_L01.mes,14,8,[선택지],清楚な服ハデな服,청순옷화려옷,청순옷\화려옷
dom2Kisarah_L01.mes,Script/dom2Kisarah_L01.mes,15,43,주인공,そうだなぁ.キサラも、たまには<6E5C>清楚で女らしい服を着て、<6E5C>おとなしくなったらどうだ?,"글쎄.키사라도 가끔은<6E5C>청초하고 여성스러운 옷을 입고,<6E5C>얌전해지는 게 어때?","글쎄.키사라도 가끔은<6E5C>청초하고 여성스러운 옷을 입고,<6E5C>얌전해지는 게 어때?"
dom2Kisarah_L01.mes,Script/dom2Kisarah_L01.mes,16,21,Kisarah,やだなぁ.<6E5C>ボクはいつだって女らしいのに,싫은데.<6E5C>난 항상 여성스러운데,싫은데.<6E5C>난 항상 여성스러운데
dom2Kisarah_L01.mes,Script/dom2Kisarah_L01.mes,17,55,Hotaru,キサラちゃんは優しくって<6E5C>女らしいよ?<485C>生徒会だってがんばってるし、<6E5C>男の子にも女の子にも<6E5C>人気あるんだもん,"키사라는 상냥하고<6E5C>여성스럽잖아?<485C>학생회도 열심히 하고,<6E5C>남자애한테도 여자애한테도<6E5C>인기 있는걸","키사라는 상냥하고<6E5C>여성스럽잖아?<485C>학생회도 열심히 하고,<6E5C>남자애한테도 여자애한테도<6E5C>인기 있는걸"
dom2Kisarah_L01.mes,Script/dom2Kisarah_L01.mes,18,33,Kisarah,フゥ.<이름:3232>クンはまだまだ、<6E5C>ボクの魅力がわからない<6E5C>みたいだネ?,"흐응.<이름:3232>군은 아직도,<6E5C>내 매력을 모르는<6E5C>것 같네?","흐응.<이름:3232>군은 아직도,<6E5C>내 매력을 모르는<6E5C>것 같네?"
dom2Kisarah_L01.mes,Script/dom2Kisarah_L01.mes,19,40,주인공,キサラはいつもどーり、<6E5C>ミニスカートとかのハデな服が<6E5C>似合ってるんじゃないか?,키사라는 늘 그렇듯<6E5C>미니스커트 같은 화려한 옷이<6E5C>어울리는 거 아니야?,키사라는 늘 그렇듯<6E5C>미니스커트 같은 화려한 옷이<6E5C>어울리는 거 아니야?
dom2Kisarah_L01.mes,Script/dom2Kisarah_L01.mes,20,21,Kisarah,やっぱりそう思う?<6E5C><이름:3232>クンも好きだね~,역시 그렇지?<6E5C><이름:3232>군도 좋아하네~,역시 그렇지?<6E5C><이름:3232>군도 좋아하네~
dom2Kisarah_L01.mes,Script/dom2Kisarah_L01.mes,21,13,주인공,別に僕の好みじゃないよ!,내 취향은 아니야!,내 취향은 아니야!
dom2Kisarah_L01.mes,Script/dom2Kisarah_L01.mes,22,22,Kisarah,でも、シックな服だって<6E5C>着こなせるんだヨ?,그래도 시크한 옷도<6E5C>잘 소화한다고?,그래도 시크한 옷도<6E5C>잘 소화한다고?
dom2Kisarah_L01.mes,Script/dom2Kisarah_L01.mes,23,24,Kisarah,ボクはただのかわいい<6E5C>女の子じゃないんだから!,난 그냥 귀여운<6E5C>여자애가 아니니까!,난 그냥 귀여운<6E5C>여자애가 아니니까!
dom2Kisarah_L02.mes,Script/dom2Kisarah_L02.mes,0,15,주인공,……ん?あそこにいるのは……,……음? 저기 있는 건……,……음? 저기 있는 건……
dom2Kisarah_L02.mes,Script/dom2Kisarah_L02.mes,1,23,UNKNOWN_53,……ワシと一緒に空手道を<6E5C>極めないか、チミ!,……나랑 같이 가라테를<6E5C>익혀보지 않겠나!,……나랑 같이 가라테를<6E5C>익혀보지 않겠나!
dom2Kisarah_L02.mes,Script/dom2Kisarah_L02.mes,2,14,Hotaru,イヤです!離してください!,싫어요! 놔주세요!,싫어요! 놔주세요!
dom2Kisarah_L02.mes,Script/dom2Kisarah_L02.mes,3,26,UNKNOWN_53,ロンゲが悪いとは言わぬ!<6E5C>だが染めるのはどうかッ!,긴 머리가 나쁘진 않지!<6E5C>허나 염색은 좀……!,긴 머리가 나쁘진 않지!<6E5C>허나 염색은 좀……!
dom2Kisarah_L02.mes,Script/dom2Kisarah_L02.mes,4,5,주인공,ほたる!,호타루!,호타루!
dom2Kisarah_L02.mes,Script/dom2Kisarah_L02.mes,5,26,주인공,くそっ、なんだあの大きな男は.<6E5C>早く助けないと……,"젠장, 저 큰 남자는 뭐야.<6E5C>빨리 도와줘야……","젠장, 저 큰 남자는 뭐야.<6E5C>빨리 도와줘야……"
dom2Kisarah_L02.mes,Script/dom2Kisarah_L02.mes,6,31,UNKNOWN_1e,チョット!<6E5C>デカイ図体でナニみっともないコト<6E5C>やってんのヨ!,잠깐!<6E5C>그 커다란 덩치로 무슨<6E5C>꼴사나운 짓이야!,잠깐!<6E5C>그 커다란 덩치로 무슨<6E5C>꼴사나운 짓이야!
dom2Kisarah_L02.mes,Script/dom2Kisarah_L02.mes,7,4,[효과음/내레이션],ドカッ,퍽,퍽
dom2Kisarah_L02.mes,Script/dom2Kisarah_L02.mes,8,4,[효과음/내레이션],バキッ,빠직,빠직
dom2Kisarah_L02.mes,Script/dom2Kisarah_L02.mes,9,7,[효과음/내레이션],パッカーンッ,빠캉,빠캉
dom2Kisarah_L02.mes,Script/dom2Kisarah_L02.mes,10,15,UNKNOWN_53,むぅ、こりゃタマラン!失礼っ,"음, 참을 수 없군! 실례","음, 참을 수 없군! 실례"
dom2Kisarah_L02.mes,Script/dom2Kisarah_L02.mes,11,11,[효과음/내레이션],カランッコランッ……,달그락 달그락……,달그락 달그락……
dom2Kisarah_L02.mes,Script/dom2Kisarah_L02.mes,12,26,Kisarah,フンッ!力にもの言わせたナンパ<6E5C>なんてサイテーね!,흥! 힘으로 밀어붙이는 헌팅<6E5C>따위 최악이네!,흥! 힘으로 밀어붙이는 헌팅<6E5C>따위 최악이네!
dom2Kisarah_L02.mes,Script/dom2Kisarah_L02.mes,13,24,Hotaru,あ、ありがとう、キサラちゃん!<6E5C>だいじょうぶ?,"아, 고마워, 키사라!<6E5C>괜찮아?","아, 고마워, 키사라!<6E5C>괜찮아?"
dom2Kisarah_L02.mes,Script/dom2Kisarah_L02.mes,14,9,주인공,ほたる!キサラ!,호타루! 키사라,호타루! 키사라
dom2Kisarah_L02.mes,Script/dom2Kisarah_L02.mes,15,8,Hotaru,あ、お兄ちゃん,"아, 오빠","아, 오빠"
dom2Kisarah_L02.mes,Script/dom2Kisarah_L02.mes,16,11,주인공,大丈夫か?ふたりとも,괜찮아? 둘 다,괜찮아? 둘 다
dom2Kisarah_L02.mes,Script/dom2Kisarah_L02.mes,17,20,주인공,キサラ、ダメだろ、<6E5C>あんな無茶しちゃ!,"키사라, 안 돼,<6E5C>그런 무모한 짓!","키사라, 안 돼,<6E5C>그런 무모한 짓!"
dom2Kisarah_L02.mes,Script/dom2Kisarah_L02.mes,18,7,Kisarah,ヘーキだよ!,괜찮다니까!,괜찮다니까!
dom2Kisarah_L02.mes,Script/dom2Kisarah_L02.mes,19,38,Kisarah,カバンと、このチアリーダーで<6E5C>鍛えた足があれば、あんなの<6E5C>なんでもないワ!,"가방이랑, 치어리더로<6E5C>단련한 다리만 있으면<6E5C>아무것도 아니야!","가방이랑, 치어리더로<6E5C>단련한 다리만 있으면<6E5C>아무것도 아니야!"
dom2Kisarah_L02.mes,Script/dom2Kisarah_L02.mes,20,11,[선택지],それならいいけどバカ!,그럼 다행이지만바보!,그럼 다행이지만\바보!
dom2Kisarah_L02.mes,Script/dom2Kisarah_L02.mes,21,11,주인공,それならいいけど……,그럼 다행이지만……,그럼 다행이지만……
dom2Kisarah_L02.mes,Script/dom2Kisarah_L02.mes,22,15,Kisarah,モォ、心配症だな~<이름:3232>クンは,"정말, 걱정도 많네~<이름:3232>군","정말, 걱정도 많네~<이름:3232>군"
dom2Kisarah_L02.mes,Script/dom2Kisarah_L02.mes,23,33,Kisarah,<이름:3232>クンがからまれても、<6E5C>ボクがちゃーんと助けて<6E5C>アゲルからっ!,"<이름:3232>군이 휘말려도,<6E5C>내가 확실하게 도와<6E5C>줄 거니까!","<이름:3232>군이 휘말려도,<6E5C>내가 확실하게 도와<6E5C>줄 거니까!"
dom2Kisarah_L02.mes,Script/dom2Kisarah_L02.mes,24,29,주인공,バカ!相手が逆上したら、<6E5C>何されるかわからないんだぞっ!,바보! 상대가 흥분하면<6E5C>무슨 짓 당할지 모른다고!,바보! 상대가 흥분하면<6E5C>무슨 짓 당할지 모른다고!
dom2Kisarah_L02.mes,Script/dom2Kisarah_L02.mes,25,5,Kisarah,…………,…………,…………
dom2Kisarah_L02.mes,Script/dom2Kisarah_L02.mes,26,36,Hotaru,お兄ちゃん!<6E5C>キサラちゃんを怒らないで!<6E5C>ほたるを助けてくれたのに……,오빠!<6E5C>키사라한테 화내지 마!<6E5C>호타루를 도와줬는데……,오빠!<6E5C>키사라한테 화내지 마!<6E5C>호타루를 도와줬는데……
dom2Kisarah_L02.mes,Script/dom2Kisarah_L02.mes,27,5,주인공,うん……,응……,응……
dom2Kisarah_L02.mes,Script/dom2Kisarah_L02.mes,28,31,주인공,でも、危ないことはしないでくれよ<6E5C>.ふたりとも心配だから……,그래도 위험한 짓은 하지 마<6E5C>. 둘 다 걱정되니까……,그래도 위험한 짓은 하지 마<6E5C>. 둘 다 걱정되니까……
dom2Kisarah_L02.mes,Script/dom2Kisarah_L02.mes,29,8,Kisarah,……わかったワ,……알았어,……알았어
dom2Kisarah_L03.mes,Script/dom2Kisarah_L03.mes,0,7,[효과음/내레이션],♪ピンポーン,♪딩동,♪딩동
dom2Kisarah_L03.mes,Script/dom2Kisarah_L03.mes,1,3,주인공,ん?,음?,음?
dom2Kisarah_L03.mes,Script/dom2Kisarah_L03.mes,2,5,[효과음/내레이션],ガチャッ,철컥,철컥
dom2Kisarah_L03.mes,Script/dom2Kisarah_L03.mes,3,15,Kisarah,ハロ~.買い物に行くわヨ~?,안녕. 쇼핑하러 갈래~?,안녕. 쇼핑하러 갈래~?
dom2Kisarah_L03.mes,Script/dom2Kisarah_L03.mes,4,11,주인공,突然なんだよ、キサラ,"갑자기 왜, 키사라","갑자기 왜, 키사라"
dom2Kisarah_L03.mes,Script/dom2Kisarah_L03.mes,5,27,Kisarah,何って、約束したじゃない、<6E5C>いっしょに海に行くって.寺,"무슨 소리야, 약속했잖아,<6E5C>같이 바다에 가기로.","무슨 소리야, 약속했잖아,<6E5C>같이 바다에 가기로."
dom2Kisarah_L03.mes,Script/dom2Kisarah_L03.mes,6,10,Kisarah,まさか忘れたの!?,설마 잊은 거야?,설마 잊은 거야?
dom2Kisarah_L03.mes,Script/dom2Kisarah_L03.mes,7,36,주인공,いや、覚えてるけど、あれは夏休み<6E5C>までに被女ができなかったら、<6E5C>だろ?,"아니, 기억하는데,<6E5C>여름방학까지 여친 없으면,<6E5C>그거잖아?","아니, 기억하는데,<6E5C>여름방학까지 여친 없으면,<6E5C>그거잖아?"
dom2Kisarah_L03.mes,Script/dom2Kisarah_L03.mes,8,12,주인공,……100%無理だけど,……100% 무리지만,……100% 무리지만
dom2Kisarah_L03.mes,Script/dom2Kisarah_L03.mes,9,33,Kisarah,ムリだってわかってるんだから、<6E5C>水着を用意しないとダメでしょー?,"무리인 거 알고 있으니까,<6E5C>수영복은 준비해야 하잖아?","무리인 거 알고 있으니까,<6E5C>수영복은 준비해야 하잖아?"
dom2Kisarah_L03.mes,Script/dom2Kisarah_L03.mes,10,11,주인공,そ、そんな強引な……,그런 억지가……,그런 억지가……
dom2Kisarah_L03.mes,Script/dom2Kisarah_L03.mes,11,12,[효과음/내레이션],……クスクス、クスクス,"……킥킥, 킥킥","……킥킥, 킥킥"
dom2Kisarah_L03.mes,Script/dom2Kisarah_L03.mes,12,25,주인공,……キ、キサラ、早く出ろよ.<6E5C>恥ずかしいだろぉ?,"……키, 키사라, 빨리 나와.<6E5C>부끄럽잖아?","……키, 키사라, 빨리 나와.<6E5C>부끄럽잖아?"
dom2Kisarah_L03.mes,Script/dom2Kisarah_L03.mes,13,22,Kisarah,ちょっと待ってよ.<6E5C>まだ着替えてるんだから,잠깐만 기다려.<6E5C>아직 갈아입는 중이니까,잠깐만 기다려.<6E5C>아직 갈아입는 중이니까
dom2Kisarah_L03.mes,Script/dom2Kisarah_L03.mes,14,39,주인공,トホホ、なんで女物の水着売り場で<6E5C>、ひとり突っ立ってないと<6E5C>いけないんだ……,"하아, 왜 여자 수영복 코너에서<6E5C>혼자 서 있어야<6E5C>하냐고……","하아, 왜 여자 수영복 코너에서<6E5C>혼자 서 있어야<6E5C>하냐고……"
dom2Kisarah_L03.mes,Script/dom2Kisarah_L03.mes,15,10,Kisarah,よし、もう出るヨ!,"좋아, 나갈게!","좋아, 나갈게!"
dom2Kisarah_L03.mes,Script/dom2Kisarah_L03.mes,16,12,주인공,着替えたか、キサラッ!,"갈아입었어, 키사라!","갈아입었어, 키사라!"
dom2Kisarah_L03.mes,Script/dom2Kisarah_L03.mes,17,4,[효과음/내레이션],シャッ,쓱,쓱
dom2Kisarah_L03.mes,Script/dom2Kisarah_L03.mes,18,6,Kisarah,キャアッ!,꺄악!,꺄악!
dom2Kisarah_L03.mes,Script/dom2Kisarah_L03.mes,19,10,주인공,あっ、ご、ごめん!,"아, 미, 미안!","아, 미, 미안!"
dom2Kisarah_L03.mes,Script/dom2Kisarah_L03.mes,20,24,Kisarah,勝手に開けるなんて、<6E5C>サイテーだよ、<이름:3232>クン!,"멋대로 열다니,<6E5C>최악이야, <이름:3232>군!","멋대로 열다니,<6E5C>최악이야, <이름:3232>군!"
dom2Kisarah_L03.mes,Script/dom2Kisarah_L03.mes,21,15,주인공,だって、もう着替えたかと……,"그야, 다 갈아입은 줄……","그야, 다 갈아입은 줄……"
dom2Kisarah_L03.mes,Script/dom2Kisarah_L03.mes,22,9,Kisarah,着替えたけど……,갈아입었는데……,갈아입었는데……
dom2Kisarah_L03.mes,Script/dom2Kisarah_L03.mes,23,6,주인공,じゃあ……,그럼……,그럼……
dom2Kisarah_L03.mes,Script/dom2Kisarah_L03.mes,24,21,Kisarah,……モォ、恥ずかしいから早く<6E5C>閉めてヨ!,"……정말, 부끄러우니까 빨리<6E5C>닫아!","……정말, 부끄러우니까 빨리<6E5C>닫아!"
dom2Kisarah_L03.mes,Script/dom2Kisarah_L03.mes,25,9,주인공,わ、わかったよ!,"아, 알았어!","아, 알았어!"
dom2Kisarah_L03.mes,Script/dom2Kisarah_L03.mes,26,4,[효과음/내레이션],シャッ,쓱,쓱
dom2Kisarah_L03_2.mes,Script/dom2Kisarah_L03_2.mes,0,7,주인공,(うっ……),(윽……),(윽……)
dom2Kisarah_L03_2.mes,Script/dom2Kisarah_L03_2.mes,1,23,주인공,(結局、気まずいまま店を出て<6E5C>しまった……),(결국 어색하게 가게를 나왔다……),(결국 어색하게 가게를 나왔다……)
dom2Kisarah_L03_2.mes,Script/dom2Kisarah_L03_2.mes,2,14,주인공,……キサラ、怒ってるのか?,"……키사라, 화났어?","……키사라, 화났어?"
dom2Kisarah_L03_2.mes,Script/dom2Kisarah_L03_2.mes,3,13,Kisarah,……怒ってないワヨ、別に,"……화 안 났어, 딱히","……화 안 났어, 딱히"
dom2Kisarah_L03_2.mes,Script/dom2Kisarah_L03_2.mes,4,19,주인공,でも、買わなかったじゃないか、<6E5C>水着,"근데, 안 샀잖아,<6E5C>수영복","근데, 안 샀잖아,<6E5C>수영복"
dom2Kisarah_L03_2.mes,Script/dom2Kisarah_L03_2.mes,5,13,주인공,さっきの似合ってたのにな,아까 그거 어울렸는데,아까 그거 어울렸는데
dom2Kisarah_L03_2.mes,Script/dom2Kisarah_L03_2.mes,6,5,Kisarah,エ……?,에……?,에……?
dom2Kisarah_L03_2.mes,Script/dom2Kisarah_L03_2.mes,7,17,주인공,その……チラッとしか見てないけど,그……잠깐밖에 못 봤지만,그……잠깐밖에 못 봤지만
dom2Kisarah_L03_2.mes,Script/dom2Kisarah_L03_2.mes,8,9,Kisarah,ア、アリガト……,"고, 고마워……","고, 고마워……"
dom2Kisarah_L03_2.mes,Script/dom2Kisarah_L03_2.mes,9,21,주인공,(……うっ、恥ずかしいな、<6E5C>こういうの),"(……윽, 부끄럽네,<6E5C>이런 거)","(……윽, 부끄럽네,<6E5C>이런 거)"
dom2Kisarah_L04.mes,Script/dom2Kisarah_L04.mes,0,7,UNKNOWN_1e,<이름:3232>クンッ!,<이름:3232>군!,<이름:3232>군!
dom2Kisarah_L04.mes,Script/dom2Kisarah_L04.mes,1,3,주인공,ん?,음?,음?
dom2Kisarah_L04.mes,Script/dom2Kisarah_L04.mes,2,25,Kisarah,……<이름:3232>クン、ゴメンね?<6E5C>海、行けなくなって……,"……<이름:3232>군, 미안?<6E5C>바다 못 가게 돼서……","……<이름:3232>군, 미안?<6E5C>바다 못 가게 돼서……"
dom2Kisarah_L04.mes,Script/dom2Kisarah_L04.mes,3,14,주인공,キサラ!まだ気にしてたのか,키사라! 아직 신경 써?,키사라! 아직 신경 써?
dom2Kisarah_L04.mes,Script/dom2Kisarah_L04.mes,4,32,주인공,いいよ、受験生なんだし、<6E5C>しかたないよ.<6E5C>僕は気にしてないから,"괜찮아, 수험생이니까,<6E5C>어쩔 수 없지.<6E5C>신경 안 쓰니까","괜찮아, 수험생이니까,<6E5C>어쩔 수 없지.<6E5C>신경 안 쓰니까"
dom2Kisarah_L04.mes,Script/dom2Kisarah_L04.mes,5,43,Kisarah,ボクは気にしてるの!<485C>ボクは<이름:3232>クンと<6E5C>海に行きたかったんだよ!<6E5C>だから約束したのに,난 신경 쓰여!<485C>난 <이름:3232>군이랑<6E5C>바다에 가고 싶었어!<6E5C>그래서 약속했는데,난 신경 쓰여!<485C>난 <이름:3232>군이랑<6E5C>바다에 가고 싶었어!<6E5C>그래서 약속했는데
dom2Kisarah_L04.mes,Script/dom2Kisarah_L04.mes,6,17,Kisarah,<이름:3232>クンは、どうでもよかったの?,"<이름:3232>군은, 아무래도 좋았어?","<이름:3232>군은, 아무래도 좋았어?"
dom2Kisarah_L04.mes,Script/dom2Kisarah_L04.mes,7,11,주인공,そういうわけじゃ……,그런 게 아니라……,그런 게 아니라……
dom2Kisarah_L04.mes,Script/dom2Kisarah_L04.mes,8,6,Kisarah,……ゴメン,……미안,……미안
dom2Kisarah_L04.mes,Script/dom2Kisarah_L04.mes,9,5,주인공,いや……,아니……,아니……
dom2Kisarah_L04.mes,Script/dom2Kisarah_L04.mes,10,28,주인공,僕だって、どうでもいいと思って<6E5C>約束したわけじゃないよ,나도 아무래도 좋다고 생각해서<6E5C>약속한 건 아니야,나도 아무래도 좋다고 생각해서<6E5C>약속한 건 아니야
dom2Kisarah_L04.mes,Script/dom2Kisarah_L04.mes,11,41,주인공,キサラと行くの楽しみだったけど、<6E5C>親を心配させてまで果たす<6E5C>約束じゃないだろう?,"같이 가는 거 기대했지만,<6E5C>부모님 걱정시키면서까지 지킬<6E5C>약속은 아니잖아?","같이 가는 거 기대했지만,<6E5C>부모님 걱정시키면서까지 지킬<6E5C>약속은 아니잖아?"
dom2Kisarah_L04.mes,Script/dom2Kisarah_L04.mes,12,21,주인공,だから、後ろめたく思わないで<6E5C>ほしいんだ,"그러니까, 미안해하지<6E5C>않았으면 좋겠어","그러니까, 미안해하지<6E5C>않았으면 좋겠어"
dom2Kisarah_L04.mes,Script/dom2Kisarah_L04.mes,13,23,주인공,キサラが約束事に敏感なの、<6E5C>知ってるから……,"키사라가 약속 예민한 거,<6E5C>아니까……","키사라가 약속 예민한 거,<6E5C>아니까……"
dom2Kisarah_L04.mes,Script/dom2Kisarah_L04.mes,14,7,Kisarah,<이름:3232>クン……,<이름:3232>군……,<이름:3232>군……
dom2Kisarah_L04.mes,Script/dom2Kisarah_L04.mes,15,5,주인공,…………,…………,…………
dom2Kisarah_L04.mes,Script/dom2Kisarah_L04.mes,16,17,Kisarah,ねぇ、今から清泉学園に行こうヨ!,"저기, 지금 학원 가자!","저기, 지금 학원 가자!"
dom2Kisarah_L04.mes,Script/dom2Kisarah_L04.mes,17,3,주인공,え?,어?,어?
dom2Kisarah_L04.mes,Script/dom2Kisarah_L04.mes,18,28,Kisarah,海はチョット遠いけど、<6E5C>学校のプールならすぐそこだよ?,"바다는 좀 멀지만,<6E5C>수영장은 바로 근처잖아?","바다는 좀 멀지만,<6E5C>수영장은 바로 근처잖아?"
dom2Kisarah_L04.mes,Script/dom2Kisarah_L04.mes,19,6,[선택지],行く行かない,간다안 간다,간다\안 간다
dom2Kisarah_L04.mes,Script/dom2Kisarah_L04.mes,20,23,Kisarah,アハハッ!<6E5C>夜の学校って、ドキドキするわネ!,"아하핫!<6E5C>밤의 학교라니, 두근거리네!","아하핫!<6E5C>밤의 학교라니, 두근거리네!"
dom2Kisarah_L04.mes,Script/dom2Kisarah_L04.mes,21,28,주인공,来たはいいけど、どうするんだよ.<6E5C>水着なんてどこに……,"왔는데, 어떡할 거야.<6E5C>수영복은 대체 어디……","왔는데, 어떡할 거야.<6E5C>수영복은 대체 어디……"
dom2Kisarah_L04.mes,Script/dom2Kisarah_L04.mes,22,26,Kisarah,ナニ言ってるの.こうするに<6E5C>決まってるじゃないッ!,무슨 소리야. 이렇게 하는 게<6E5C>당연하잖아!,무슨 소리야. 이렇게 하는 게<6E5C>당연하잖아!
dom2Kisarah_L04.mes,Script/dom2Kisarah_L04.mes,23,7,[효과음/내레이션],ドッボーン!,풍덩!,풍덩!
dom2Kisarah_L04.mes,Script/dom2Kisarah_L04.mes,24,10,[효과음/내레이션],パシャッ<020A>パシャッ,촤악<020A>촤악,촤악<020A>촤악
dom2Kisarah_L04.mes,Script/dom2Kisarah_L04.mes,25,17,주인공,ちょっと、やめろよ!ぬれるだろ!,"야, 그만해! 젖잖아!","야, 그만해! 젖잖아!"
dom2Kisarah_L04.mes,Script/dom2Kisarah_L04.mes,26,20,Kisarah,もう、ずぶぬれじゃないの!<6E5C>アハハハッ,"정말, 완전히 젖었잖아!<6E5C>아하하핫","정말, 완전히 젖었잖아!<6E5C>아하하핫"
dom2Kisarah_L04.mes,Script/dom2Kisarah_L04.mes,27,10,주인공,くそっ……こいつぅ,젠장……이 녀석,젠장……이 녀석
dom2Kisarah_L04.mes,Script/dom2Kisarah_L04.mes,28,10,[효과음/내레이션],パシャッ<020A>パシャッ,촤악<020A>촤악,촤악<020A>촤악
dom2Kisarah_L04.mes,Script/dom2Kisarah_L04.mes,29,28,Kisarah,キャアッ!<6E5C>よーし、ボクだって<6E5C>手加減しないからねェ!,"꺄악!<6E5C>좋아, 나도<6E5C>봐주지 않을 거야!","꺄악!<6E5C>좋아, 나도<6E5C>봐주지 않을 거야!"
dom2Kisarah_L04.mes,Script/dom2Kisarah_L04.mes,30,10,[효과음/내레이션],パシャッ<020A>パシャッ,촤악<020A>촤악,촤악<020A>촤악
dom2Kisarah_L04.mes,Script/dom2Kisarah_L04.mes,31,15,주인공,アハハ!<020A>もう、やめろって!,아하하!<020A>그만하라니까!,아하하!<020A>그만하라니까!
dom2Kisarah_L04.mes,Script/dom2Kisarah_L04.mes,32,16,Kisarah,キャハハ!楽しいね、<이름:3232>クン!,"꺄하하! 재밌다, <이름:3232>군!","꺄하하! 재밌다, <이름:3232>군!"
dom2Kisarah_L04.mes,Script/dom2Kisarah_L04.mes,33,23,주인공,そうだな、海に行くより楽しいかも<6E5C>しれないな,"그러게, 바다 가는 것보다<6E5C>재밌을지도","그러게, 바다 가는 것보다<6E5C>재밌을지도"
dom2Kisarah_L04.mes,Script/dom2Kisarah_L04.mes,34,19,Kisarah,このプールは、ふたりっきりだしネ<6E5C>?,"이 수영장은, 둘뿐이니까<6E5C>?","이 수영장은, 둘뿐이니까<6E5C>?"
dom2Kisarah_L04.mes,Script/dom2Kisarah_L04.mes,35,4,주인공,え……,어……,어……
dom2Kisarah_L04.mes,Script/dom2Kisarah_L04.mes,36,17,Kisarah,……これで、約束果たせたよ、ネ?,……이걸로 약속 지킨 거지?,……이걸로 약속 지킨 거지?
dom2Kisarah_L04.mes,Script/dom2Kisarah_L04.mes,37,5,주인공,……うん,……응,……응
dom2Kisarah_L04.mes,Script/dom2Kisarah_L04.mes,38,23,주인공,何言ってんだよ.ふざけてないで、<6E5C>早く帰れよ,무슨 소리야. 장난치지 말고<6E5C>빨리 돌아가,무슨 소리야. 장난치지 말고<6E5C>빨리 돌아가
dom2Kisarah_L04.mes,Script/dom2Kisarah_L04.mes,39,10,Kisarah,……<이름:3232>クンのバカ,……<이름:3232>군 바보,……<이름:3232>군 바보
dom2Kisarah_L05.mes,Script/dom2Kisarah_L05.mes,0,7,[효과음/내레이션],♪ピンポーン,♪딩동,♪딩동
dom2Kisarah_L05.mes,Script/dom2Kisarah_L05.mes,1,8,주인공,あれ、誰だろう,"어, 누구지","어, 누구지"
dom2Kisarah_L05.mes,Script/dom2Kisarah_L05.mes,2,5,[효과음/내레이션],ガチャッ,철컥,철컥
dom2Kisarah_L05.mes,Script/dom2Kisarah_L05.mes,3,20,Kisarah,モー、許せないんだから!<6E5C>あのババァ!,"정말, 용서 못 해!<6E5C>그 아줌마!","정말, 용서 못 해!<6E5C>그 아줌마!"
dom2Kisarah_L05.mes,Script/dom2Kisarah_L05.mes,4,8,Hotaru,キサラちゃん?,키사라?,키사라?
dom2Kisarah_L05.mes,Script/dom2Kisarah_L05.mes,5,10,주인공,いきなりなんだぁ?,갑자기 뭐야?,갑자기 뭐야?
dom2Kisarah_L05.mes,Script/dom2Kisarah_L05.mes,6,24,Kisarah,あんな時代錯誤な人とはいっしょに<6E5C>住めないワ!,그런 시대착오적 사람이랑은<6E5C>같이 못 살아!,그런 시대착오적 사람이랑은<6E5C>같이 못 살아!
dom2Kisarah_L05.mes,Script/dom2Kisarah_L05.mes,7,21,Kisarah,今夜はココに泊めさせて<6E5C>もらうからねッ!,오늘 밤은 여기서 잘<6E5C>거니까!,오늘 밤은 여기서 잘<6E5C>거니까!
dom2Kisarah_L05.mes,Script/dom2Kisarah_L05.mes,8,10,주인공,どういうことだよ!,무슨 소리야!,무슨 소리야!
dom2Kisarah_L05.mes,Script/dom2Kisarah_L05.mes,9,28,Hotaru,キサラちゃん……また、お母さんと<6E5C>ケンカしちゃったの?,"키사라……또, 엄마랑<6E5C>싸운 거야?","키사라……또, 엄마랑<6E5C>싸운 거야?"
dom2Kisarah_L05.mes,Script/dom2Kisarah_L05.mes,10,52,Kisarah,ママったら、ボクのことはあれこれ<6E5C>縛りつけるくせに、<485C>自分は約束を平気で破るんだもの.<6E5C>信じらんない!,"엄마는 내 일은 이것저것<6E5C>구속하면서,<485C>자긴 약속을 태연히 어겨.<6E5C>믿을 수 없어!","엄마는 내 일은 이것저것<6E5C>구속하면서,<485C>자긴 약속을 태연히 어겨.<6E5C>믿을 수 없어!"
dom2Kisarah_L05.mes,Script/dom2Kisarah_L05.mes,11,25,Hotaru,いいよ<020A>キサラちゃん、<6E5C>気の済むまでここにいても,"괜찮아<020A>키사라, 마음<6E5C>풀릴 때까지 있어도","괜찮아<020A>키사라, 마음<6E5C>풀릴 때까지 있어도"
dom2Kisarah_L05.mes,Script/dom2Kisarah_L05.mes,12,16,주인공,おいおい、ここは僕の部屋だぞ?,"이봐, 여긴 내 방인데?","이봐, 여긴 내 방인데?"
dom2Kisarah_L05.mes,Script/dom2Kisarah_L05.mes,13,43,Kisarah,ありがとう、ほたる.もちろんその<6E5C>つもりヨ!着替えも持ってきてる<6E5C>から、安心してネ★,"고마워, 호타루.물론 그럴<6E5C>생각이야! 옷도 가져왔으<6E5C>니까 안심해★","고마워, 호타루.물론 그럴<6E5C>생각이야! 옷도 가져왔으<6E5C>니까 안심해★"
dom2Kisarah_L05.mes,Script/dom2Kisarah_L05.mes,14,7,주인공,ああもう……,아 정말……,아 정말……
dom2Kisarah_L05.mes,Script/dom2Kisarah_L05.mes,15,26,Kisarah,キャハハ!<이름:3232>クンも、<6E5C>ほたるの部屋で3人で寝る?,"꺄하하!<이름:3232>군도,<6E5C>호타루 방에서 셋이 잘래?","꺄하하!<이름:3232>군도,<6E5C>호타루 방에서 셋이 잘래?"
dom2Kisarah_L05.mes,Script/dom2Kisarah_L05.mes,16,14,주인공,うるさいなぁ……早く寝ろよ,시끄럽네……빨리 자,시끄럽네……빨리 자
dom2Kisarah_L05.mes,Script/dom2Kisarah_L05.mes,17,14,Hotaru,お、お兄ちゃん、ごめんね?,"오, 오빠, 미안해?","오, 오빠, 미안해?"
dom2Kisarah_L05.mes,Script/dom2Kisarah_L05.mes,18,33,Kisarah,せっかくのお泊りなのに、<6E5C>おとなしく寝るなんて<6E5C>もったいないわヨ,"모처럼 자고 가는 건데,<6E5C>얌전히 자는 건<6E5C>아깝잖아","모처럼 자고 가는 건데,<6E5C>얌전히 자는 건<6E5C>아깝잖아"
dom2Kisarah_L05.mes,Script/dom2Kisarah_L05.mes,19,15,Kisarah,<이름:3232>クンもこっちに来たら~?,<이름:3232>군도 이리 올래~?,<이름:3232>군도 이리 올래~?
dom2Kisarah_L05.mes,Script/dom2Kisarah_L05.mes,20,8,주인공,なんで僕が……,왜 내가……,왜 내가……
dom2Kisarah_L05.mes,Script/dom2Kisarah_L05.mes,21,23,Kisarah,こうなったらあれよね、<6E5C>話すコトと言えば……,"이렇게 됐으니 그거네,<6E5C>얘기할 거라면……","이렇게 됐으니 그거네,<6E5C>얘기할 거라면……"
dom2Kisarah_L05.mes,Script/dom2Kisarah_L05.mes,22,13,Kisarah,好きな人の告白ターイム!,좋아하는 사람 고백!,좋아하는 사람 고백!
dom2Kisarah_L05.mes,Script/dom2Kisarah_L05.mes,23,8,주인공,修学旅行かよ!,수학여행이냐!,수학여행이냐!
dom2Kisarah_L05.mes,Script/dom2Kisarah_L05.mes,24,10,Kisarah,まずはほたるからッ,먼저 호타루부터,먼저 호타루부터
dom2Kisarah_L05.mes,Script/dom2Kisarah_L05.mes,25,25,Hotaru,えぇ!?そ、そんな、ほたる、<6E5C>好きな人なんて……,"에? 그런, 호타루,<6E5C>좋아하는 사람이라니……","에? 그런, 호타루,<6E5C>좋아하는 사람이라니……"
dom2Kisarah_L05.mes,Script/dom2Kisarah_L05.mes,26,14,주인공,勝手に話を進めるなってば!,멋대로 얘기 진행 마!,멋대로 얘기 진행 마!
dom2Kisarah_L05.mes,Script/dom2Kisarah_L05.mes,27,35,주인공,だいたい、おまえはいつまで<6E5C>居座るつもりなんだよ!<6E5C>早く家に帰れよ!,"애초에, 넌 언제까지<6E5C>눌러앉아 있을 거야!<6E5C>빨리 집에 가!","애초에, 넌 언제까지<6E5C>눌러앉아 있을 거야!<6E5C>빨리 집에 가!"
dom2Kisarah_L05.mes,Script/dom2Kisarah_L05.mes,28,19,Kisarah,ヤーねぇ.<6E5C>明日の朝には帰ってるわよ,참 나.<6E5C>내일 아침엔 갈 거야,참 나.<6E5C>내일 아침엔 갈 거야
dom2Kisarah_L05.mes,Script/dom2Kisarah_L05.mes,29,29,Kisarah,あんなケンカで家出なんて、<6E5C>本気でするワケないじゃない!,"그런 걸로 가출이라니,<6E5C>진심으로 할 리가 없잖아!","그런 걸로 가출이라니,<6E5C>진심으로 할 리가 없잖아!"
dom2Kisarah_L05.mes,Script/dom2Kisarah_L05.mes,30,12,주인공,なんなんだよ、もう……,"뭐냐고, 진짜……","뭐냐고, 진짜……"
dom2Kisarah_L06.mes,Script/dom2Kisarah_L06.mes,0,33,주인공,(……もうすぐ、キサラのクラスで<6E5C>試験対決が行われるはずだ……),"(……곧, 키사라네 반에서<6E5C>시험 대결이 열릴 텐데……)","(……곧, 키사라네 반에서<6E5C>시험 대결이 열릴 텐데……)"
dom2Kisarah_L06.mes,Script/dom2Kisarah_L06.mes,1,13,Kisarah,あっ、<이름:3232>ク……<이름:3131>先生,"아,<이름:3232>구……<이름:3131>선생님","아,<이름:3232>구……<이름:3131>선생님"
dom2Kisarah_L06.mes,Script/dom2Kisarah_L06.mes,2,13,주인공,キサラ、今から試験だろ?,"키사라, 시험 아니야?","키사라, 시험 아니야?"
dom2Kisarah_L06.mes,Script/dom2Kisarah_L06.mes,3,17,주인공,がんばれよ.キサラなら大丈夫だ!,힘내.키사라라면 괜찮을 거야!,힘내.키사라라면 괜찮을 거야!
dom2Kisarah_L06.mes,Script/dom2Kisarah_L06.mes,4,17,Kisarah,<이름:3131>先生……ありがとうございます,<이름:3131>선생님……감사합니다,<이름:3131>선생님……감사합니다
dom2Kisarah_L06.mes,Script/dom2Kisarah_L06.mes,5,4,UNKNOWN_1e,貴様ッ,이놈!,이놈!
dom2Kisarah_L06.mes,Script/dom2Kisarah_L06.mes,6,7,주인공,八神先輩……,야가미!,야가미!
dom2Kisarah_L06.mes,Script/dom2Kisarah_L06.mes,7,34,Iori,いつまで無駄話を続けている…….<6E5C>早く席に着かんか.楽には帰さんぞ,언제까지 떠들 거냐…….<6E5C>냉큼 앉아라.곱게 못 보낸다,언제까지 떠들 거냐…….<6E5C>냉큼 앉아라.곱게 못 보낸다
dom2Kisarah_L06.mes,Script/dom2Kisarah_L06.mes,8,17,Kisarah,すいません、八神先生.今戻ります,"죄송해요, 선생님.바로 갈게요","죄송해요, 선생님.바로 갈게요"
dom2Kisarah_L06.mes,Script/dom2Kisarah_L06.mes,9,27,Iori,ククク、どんなにあがこうと、<6E5C>勝利するのは我がB組だ,"큭큭, 발버둥 쳐봤자,<6E5C>이기는 건 우리 B반이다","큭큭, 발버둥 쳐봤자,<6E5C>이기는 건 우리 B반이다"
dom2Kisarah_L06.mes,Script/dom2Kisarah_L06.mes,10,15,Iori,京のクラスがいかに無力か……,쿄의 반이 얼마나 무력한지,쿄의 반이 얼마나 무력한지
dom2Kisarah_L06.mes,Script/dom2Kisarah_L06.mes,11,22,UNKNOWN_1e,また、ひとりで燃えてる<6E5C>みてぇだなぁ、八神,"또 혼자 열올리고<6E5C>있군, 야가미","또 혼자 열올리고<6E5C>있군, 야가미"
dom2Kisarah_L06.mes,Script/dom2Kisarah_L06.mes,12,6,주인공,草薙先輩!,쿠사나기!,쿠사나기!
dom2Kisarah_L06.mes,Script/dom2Kisarah_L06.mes,13,30,Kyo,今から試験だろ?<6E5C><이름:3232>、しっかり教えて<6E5C>やってたんだろうな,"이제 시험이잖아?<6E5C><이름:3232>, 제대로 가르쳐<6E5C>준 거겠지","이제 시험이잖아?<6E5C><이름:3232>, 제대로 가르쳐<6E5C>준 거겠지"
dom2Kisarah_L06.mes,Script/dom2Kisarah_L06.mes,14,27,주인공,ええ……草薙先輩がまったく頼りに<6E5C>ならないせいで……,네…… 쿠사나기 선배가 전혀 도움이<6E5C>안 돼서……,네…… 쿠사나기 선배가 전혀 도움이<6E5C>안 돼서……
dom2Kisarah_L06.mes,Script/dom2Kisarah_L06.mes,15,7,Iori,京ッ、貴様!,"쿄, 이놈!","쿄, 이놈!"
dom2Kisarah_L06.mes,Script/dom2Kisarah_L06.mes,16,8,Kyo,なんだよ、八神,"뭐야, 야가미","뭐야, 야가미"
dom2Kisarah_L06.mes,Script/dom2Kisarah_L06.mes,17,22,Iori,お前のそのたるみきった態度が<6E5C>許せんのだ!,네놈의 그 해이한 태도를<6E5C>용서 못한다!,네놈의 그 해이한 태도를<6E5C>용서 못한다!
dom2Kisarah_L06.mes,Script/dom2Kisarah_L06.mes,18,42,Iori,貴様はそれでも教師か!<6E5C>俺の指導がいかに優れているか、<6E5C>この試験で思い知るがいい!,네놈이 그러고도 교사냐!<6E5C>내 지도가 얼마나 뛰어난지<6E5C>이 시험으로 느껴봐라!,네놈이 그러고도 교사냐!<6E5C>내 지도가 얼마나 뛰어난지<6E5C>이 시험으로 느껴봐라!
dom2Kisarah_L06.mes,Script/dom2Kisarah_L06.mes,19,34,Kyo,ったく、わかっちゃいねえ.<6E5C>生徒を指導する?<6E5C>おこがましいぜ、八神,"흥, 하나도 모르는군.<6E5C>학생을 지도한다고?<6E5C>가소롭다, 야가미","흥, 하나도 모르는군.<6E5C>학생을 지도한다고?<6E5C>가소롭다, 야가미"
dom2Kisarah_L06.mes,Script/dom2Kisarah_L06.mes,20,44,Kyo,教育とは互いに磨きあうもの、<6E5C>教師が教えられるのは勉強だけさ.<6E5C>お前は縛りすぎなんだよ,"교육은 서로 갈고닦는 거야,<6E5C>교사가 가르칠 건 공부뿐.<6E5C>넌 너무 옭아매는 거야","교육은 서로 갈고닦는 거야,<6E5C>교사가 가르칠 건 공부뿐.<6E5C>넌 너무 옭아매는 거야"
dom2Kisarah_L06.mes,Script/dom2Kisarah_L06.mes,21,20,주인공,草薙先輩は勉強すら<6E5C>教えてませんけどね,쿠사나기 선배는<6E5C>공부 안 가르치던데,쿠사나기 선배는<6E5C>공부 안 가르치던데
dom2Kisarah_L06.mes,Script/dom2Kisarah_L06.mes,22,13,Kyo,じゃあ<이름:3232>、後は任せたぜ,"그럼 <이름:3232>, 맡긴다","그럼 <이름:3232>, 맡긴다"
dom2Kisarah_L06.mes,Script/dom2Kisarah_L06.mes,23,17,주인공,えっ?試験、見届けないんですか?,"네? 시험, 안 지켜보세요?","네? 시험, 안 지켜보세요?"
dom2Kisarah_L06.mes,Script/dom2Kisarah_L06.mes,24,26,Kyo,見てて何になるんだ?<6E5C>そんなもん教師の自己満足だろ,봐서 뭐 되는데?<6E5C>교사의 자기만족이잖아,봐서 뭐 되는데?<6E5C>교사의 자기만족이잖아
dom2Kisarah_L06.mes,Script/dom2Kisarah_L06.mes,25,23,Kyo,俺はユキとデートの約束してるから<6E5C>、じゃあな,"유키랑 데이트 약속 있어<6E5C>, 간다","유키랑 데이트 약속 있어<6E5C>, 간다"
dom2Kisarah_L06.mes,Script/dom2Kisarah_L06.mes,26,13,주인공,ちょ、ちょっと草薙先輩!,"잠깐, 쿠사나기 선배!","잠깐, 쿠사나기 선배!"
dom2Kisarah_L06.mes,Script/dom2Kisarah_L06.mes,27,24,Iori,貴様ッ!またしても俺の前から<6E5C>去るというのか!,이놈!또 내 앞에서<6E5C>사라지겠다는 거냐!,이놈!또 내 앞에서<6E5C>사라지겠다는 거냐!
dom2Kisarah_L06.mes,Script/dom2Kisarah_L06.mes,28,13,Iori,許さんぞ、京ォォォォォ!,"용서 못해, 쿄오오오!","용서 못해, 쿄오오오!"
dom2Kisarah_L06.mes,Script/dom2Kisarah_L06.mes,29,5,[효과음/내레이션],ドターン,콰당,콰당
dom2Kisarah_L06.mes,Script/dom2Kisarah_L06.mes,30,5,[효과음/내레이션],バターン,쾅,쾅
dom2Kisarah_L06.mes,Script/dom2Kisarah_L06.mes,31,36,주인공,わーっ!もう、このふたりが<6E5C>教師だってことがそもそも<6E5C>間違ってるよー!,"으악!정말, 이 둘이<6E5C>교사라는 것 자체가<6E5C>잘못된 거야!","으악!정말, 이 둘이<6E5C>교사라는 것 자체가<6E5C>잘못된 거야!"
dom2Kisarah_L06.mes,Script/dom2Kisarah_L06.mes,32,31,주인공,と、とにかく、A組もB組も無事に<6E5C>試験が終わればいいけど……,"아무튼, A반도 B반도<6E5C>시험이 잘 끝났으면","아무튼, A반도 B반도<6E5C>시험이 잘 끝났으면"
dom2Kisarah_L09.mes,Script/dom2Kisarah_L09.mes,0,15,주인공,キサラ、どうしたんだ?制服で,"키사라, 무슨 일이야?","키사라, 무슨 일이야?"
dom2Kisarah_L09.mes,Script/dom2Kisarah_L09.mes,1,24,Kisarah,ナニ言ってんのヨ!<6E5C>今日は試験の発表日でしょ!,무슨 소리야!<6E5C>오늘 시험 발표일이잖아!,무슨 소리야!<6E5C>오늘 시험 발표일이잖아!
dom2Kisarah_L09.mes,Script/dom2Kisarah_L09.mes,2,9,주인공,今日だったのか!,오늘이었구나!,오늘이었구나!
dom2Kisarah_L09.mes,Script/dom2Kisarah_L09.mes,3,28,주인공,よし、僕も行くよ.A組の勉強を<6E5C>見たのは僕なんだからね,"좋아, 나도 갈게.A반 공부를<6E5C>봐준 건 나니까","좋아, 나도 갈게.A반 공부를<6E5C>봐준 건 나니까"
dom2Kisarah_L09.mes,Script/dom2Kisarah_L09.mes,4,9,[효과음/내레이션],バタバタバタ……,타다다닥……,타다다닥……
dom2Kisarah_L09.mes,Script/dom2Kisarah_L09.mes,5,12,UNKNOWN_1e,貴様ッ!廊下を走るな!,"뛰지 마라, 이놈!","뛰지 마라, 이놈!"
dom2Kisarah_L09.mes,Script/dom2Kisarah_L09.mes,6,15,주인공,あ、八神先輩.すいません……,"아, 선배.죄송합니다……","아, 선배.죄송합니다……"
dom2Kisarah_L09.mes,Script/dom2Kisarah_L09.mes,7,14,Kisarah,八神先生、発表はどこで……,"선생님, 발표는 어디서?","선생님, 발표는 어디서?"
dom2Kisarah_L09.mes,Script/dom2Kisarah_L09.mes,8,20,Iori,それぞれの教室に貼ってある.<6E5C>よく見ろ,각자 교실에 붙어 있다.<6E5C>잘 보아라,각자 교실에 붙어 있다.<6E5C>잘 보아라
dom2Kisarah_L09.mes,Script/dom2Kisarah_L09.mes,9,9,주인공,え、どれどれ……,어디 보자……,어디 보자……
dom2Kisarah_L09.mes,Script/dom2Kisarah_L09.mes,10,18,Kyo,俺たち、<6E5C>3年A組の勝ちだぜ、<이름:3232>,"우리가,<6E5C>A반이 이겼다, <이름:3232>","우리가,<6E5C>A반이 이겼다, <이름:3232>"
dom2Kisarah_L09.mes,Script/dom2Kisarah_L09.mes,11,6,주인공,草薙先輩!,쿠사나기!,쿠사나기!
dom2Kisarah_L09.mes,Script/dom2Kisarah_L09.mes,12,23,Kisarah,……ホントだ!<6E5C>総合得点、5点差で勝ってる!,"……진짜다!<6E5C>총점, 5점 차로 이겼어!","……진짜다!<6E5C>총점, 5점 차로 이겼어!"
dom2Kisarah_L09.mes,Script/dom2Kisarah_L09.mes,13,10,주인공,すごい!やったぁ!,대박!해냈다!,대박!해냈다!
dom2Kisarah_L09.mes,Script/dom2Kisarah_L09.mes,14,12,Kyo,さすがは俺のクラスだぜ,역시 내 반이라니까,역시 내 반이라니까
dom2Kisarah_L09.mes,Script/dom2Kisarah_L09.mes,15,17,주인공,いや先輩は何もやってないでしょ!,선배는 아무것도 안 했잖아요!,선배는 아무것도 안 했잖아요!
dom2Kisarah_L09.mes,Script/dom2Kisarah_L09.mes,16,17,Kyo,どうだ八神.ケリは……つけたぜ!,어떠냐 야가미.결판…… 냈다!,어떠냐 야가미.결판…… 냈다!
dom2Kisarah_L09.mes,Script/dom2Kisarah_L09.mes,17,38,Iori,フン…….こんなものは<6E5C>余興に過ぎん.本気で俺に<6E5C>勝ったなどと思わぬことだ,흥…….이런 건<6E5C>여흥에 불과하다.진심으로 나를<6E5C>이겼다고 생각지 마라,흥…….이런 건<6E5C>여흥에 불과하다.진심으로 나를<6E5C>이겼다고 생각지 마라
dom2Kisarah_L09.mes,Script/dom2Kisarah_L09.mes,18,36,Iori,それに京、貴様のクラスを<6E5C>指導していたのは、<6E5C>ほとんど<이름:3131><이름:3232>だろう?,"게다가 쿄, 네놈의 반을<6E5C>지도한 건,<6E5C>거의 <이름:3131><이름:3232> 아니냐?","게다가 쿄, 네놈의 반을<6E5C>지도한 건,<6E5C>거의 <이름:3131><이름:3232> 아니냐?"
dom2Kisarah_L09.mes,Script/dom2Kisarah_L09.mes,19,28,Kyo,ハッ、往生際がわりぃなぁ.<6E5C>素直に負けを認めたらどうだ,"하, 미련이 많군.<6E5C>순순히 패배를 인정하지 그래","하, 미련이 많군.<6E5C>순순히 패배를 인정하지 그래"
dom2Kisarah_L09.mes,Script/dom2Kisarah_L09.mes,20,26,Iori,何だと貴様!俺はお前のクラス<6E5C>などどうでもいいのだ,뭐라고 이놈!난 네 반 따위<6E5C>아무래도 상관없다,뭐라고 이놈!난 네 반 따위<6E5C>아무래도 상관없다
dom2Kisarah_L09.mes,Script/dom2Kisarah_L09.mes,21,41,Iori,今この場で全てを<6E5C>終わらせてやってもいいんだぞ!<6E5C>俺のいらだちも、貴様の命もな!,"지금 여기서 전부<6E5C>끝내줘도 좋다!<6E5C>내 짜증도, 네놈 목숨도!","지금 여기서 전부<6E5C>끝내줘도 좋다!<6E5C>내 짜증도, 네놈 목숨도!"
dom2Kisarah_L09.mes,Script/dom2Kisarah_L09.mes,22,31,주인공,わー!ちょっと、ケンカしても<6E5C>何の解決にもならないでしょう!,"으악!잠깐, 싸운다고<6E5C>해결되는 건 없잖아요!","으악!잠깐, 싸운다고<6E5C>해결되는 건 없잖아요!"
dom2Kisarah_L09.mes,Script/dom2Kisarah_L09.mes,23,37,주인공,……だいたい、<6E5C>テストで対決させるなんて<6E5C>生徒がかわいそうだったんですよ,"……애초에,<6E5C>시험으로 대결시키다니<6E5C>학생들이 불쌍했다고요","……애초에,<6E5C>시험으로 대결시키다니<6E5C>학생들이 불쌍했다고요"
dom2Kisarah_L09.mes,Script/dom2Kisarah_L09.mes,24,42,주인공,どちらもがんばったんだから、<6E5C>誉めてあげるのが担任としての<6E5C>務めじゃありませんか?,"둘 다 열심히 했으니까,<6E5C>칭찬해주는 게 담임으로서<6E5C>할 일 아닌가요?","둘 다 열심히 했으니까,<6E5C>칭찬해주는 게 담임으로서<6E5C>할 일 아닌가요?"
dom2Kisarah_L09.mes,Script/dom2Kisarah_L09.mes,25,17,Iori,フンッ……くだらん.興が削がれた,흥…… 시시하군.흥이 깨졌다,흥…… 시시하군.흥이 깨졌다
dom2Kisarah_L09.mes,Script/dom2Kisarah_L09.mes,26,5,주인공,…………,…………,…………
dom2Kisarah_L09.mes,Script/dom2Kisarah_L09.mes,27,24,Kyo,まぁ、そうだな.よくやったぜ、<6E5C>キサラも<이름:3232>も,"뭐, 그렇지.잘했다,<6E5C>키사라도 <이름:3232>도","뭐, 그렇지.잘했다,<6E5C>키사라도 <이름:3232>도"
dom2Kisarah_L09.mes,Script/dom2Kisarah_L09.mes,28,4,Kisarah,ハイ!,네!,네!
dom2Kisarah_L09.mes,Script/dom2Kisarah_L09.mes,29,17,Kyo,じゃあな.夏休み、たっぷり遊べよ,"그럼.여름방학, 실컷 놀아라","그럼.여름방학, 실컷 놀아라"
dom2Kisarah_L09.mes,Script/dom2Kisarah_L09.mes,30,29,주인공,……ふぅ.<6E5C>ったく、危なっかしいんだから、<6E5C>あのふたりは,"……휴.<6E5C>정말, 위태위태하다니까,<6E5C>저 두 사람은","……휴.<6E5C>정말, 위태위태하다니까,<6E5C>저 두 사람은"
dom2Kisarah_L09.mes,Script/dom2Kisarah_L09.mes,31,64,Kisarah,あんなコト言ってるけど、ふたりと<6E5C>も自分の生徒が大好きなんだヨ?<485C>八神先生も言葉にはしないけど、<6E5C>いつもクラスを見守ってるもの,"저렇게 말해도, 둘 다<6E5C>자기 학생을 엄청 아낀다구?<485C>야가미 선생님도 말은 안 해도,<6E5C>항상 반을 지켜보고 있는걸","저렇게 말해도, 둘 다<6E5C>자기 학생을 엄청 아낀다구?<485C>야가미 선생님도 말은 안 해도,<6E5C>항상 반을 지켜보고 있는걸"
dom2Kisarah_L09.mes,Script/dom2Kisarah_L09.mes,32,14,주인공,へぇ、それならいいけど……,그렇다면 다행인데……,그렇다면 다행인데……
dom2Kisarah_L09.mes,Script/dom2Kisarah_L09.mes,33,37,Kisarah,<이름:3232>クンもおつかれ~.<6E5C>よかったネ、<이름:3232>クンの<6E5C>教え方がよかったんだヨ~,"<이름:3232>군도 수고했어~.<6E5C>잘됐네, <이름:3232>군<6E5C>가르치는 게 좋았던 거야~","<이름:3232>군도 수고했어~.<6E5C>잘됐네, <이름:3232>군<6E5C>가르치는 게 좋았던 거야~"
dom2Kisarah_L09.mes,Script/dom2Kisarah_L09.mes,34,44,주인공,いや、みんなが一生懸命勉強した<6E5C>からだよ.キサラもよくやったな.<6E5C>これ、満点じゃないか,"아니, 다들 열심히 공부한<6E5C>덕분이지.키사라도 잘했네.<6E5C>이거, 만점 아니야","아니, 다들 열심히 공부한<6E5C>덕분이지.키사라도 잘했네.<6E5C>이거, 만점 아니야"
dom2Kisarah_L09.mes,Script/dom2Kisarah_L09.mes,35,34,Kisarah,ボクが満点なのは<6E5C>あたりまえじゃな~い.<6E5C>もともと天才なんだから!,내가 만점인 건<6E5C>당연한 거잖아~.<6E5C>원래 천재니까!,내가 만점인 건<6E5C>당연한 거잖아~.<6E5C>원래 천재니까!
dom2Kisarah_L09.mes,Script/dom2Kisarah_L09.mes,36,12,주인공,かわいくない言い方だな,얄미운 말투네,얄미운 말투네
dom2Kisarah_L09.mes,Script/dom2Kisarah_L09.mes,37,37,Kisarah,なんて、ネ.<이름:3232>クンが<6E5C>応援してくれたからだヨ.<6E5C>ボク、はりきったよね?,"라고 해도, 사실은.<이름:3232>군이<6E5C>응원해줘서 그런 거야.<6E5C>나, 힘냈지?","라고 해도, 사실은.<이름:3232>군이<6E5C>응원해줘서 그런 거야.<6E5C>나, 힘냈지?"
dom2Kisarah_L09.mes,Script/dom2Kisarah_L09.mes,38,10,주인공,うんうん.よしよし,응응.그래그래,응응.그래그래
dom2Kisarah_L09.mes,Script/dom2Kisarah_L09.mes,39,5,[효과음/내레이션],ナデナデ,쓰담쓰담,쓰담쓰담
dom2Kisarah_L09.mes,Script/dom2Kisarah_L09.mes,40,15,Kisarah,……もっとナデナデしていいよ,……더 쓰담쓰담해도 돼,……더 쓰담쓰담해도 돼
dom2Kisarah_L09.mes,Script/dom2Kisarah_L09.mes,41,19,주인공,(いつまでやらせるつもりだよ……<6E5C>),(언제까지 시킬 셈이야……<6E5C>),(언제까지 시킬 셈이야……<6E5C>)
dom2Kisarah_L09.mes,Script/dom2Kisarah_L09.mes,42,9,[효과음/내레이션],バタバタバタ……,타다다닥……,타다다닥……
dom2Kisarah_L09.mes,Script/dom2Kisarah_L09.mes,43,19,UNKNOWN_1e,廊下を走ってどこへ行く.<6E5C>貴様ら……,복도서 뛰어 가나.<6E5C>이놈들……,복도서 뛰어 가나.<6E5C>이놈들……
dom2Kisarah_L09.mes,Script/dom2Kisarah_L09.mes,44,7,주인공,あ、八神先輩,"아, 선배","아, 선배"
dom2Kisarah_L09.mes,Script/dom2Kisarah_L09.mes,45,14,Kisarah,八神先生、発表はどこで……,"선생님, 발표는 어디서?","선생님, 발표는 어디서?"
dom2Kisarah_L09.mes,Script/dom2Kisarah_L09.mes,46,23,Iori,もうすでに出ている.<6E5C>黒板に貼っているだろう,이미 나와 있다.<6E5C>칠판에 붙여 놨을 텐데,이미 나와 있다.<6E5C>칠판에 붙여 놨을 텐데
dom2Kisarah_L09.mes,Script/dom2Kisarah_L09.mes,47,9,주인공,え、どれどれ……,어디 보자……,어디 보자……
dom2Kisarah_L09.mes,Script/dom2Kisarah_L09.mes,48,25,Iori,もはや見る必要はない.<6E5C>俺から結果を言ってやろう,더 볼 필요 없다.<6E5C>내가 결과를 말해주마,더 볼 필요 없다.<6E5C>내가 결과를 말해주마
dom2Kisarah_L09.mes,Script/dom2Kisarah_L09.mes,49,25,Iori,今回の試験対決……我が3年B組の<6E5C>圧倒的勝利だ!,이번 시험…… 3학년 B반의<6E5C>압도적 승리다!,이번 시험…… 3학년 B반의<6E5C>압도적 승리다!
dom2Kisarah_L09.mes,Script/dom2Kisarah_L09.mes,50,9,주인공,えっ!そんな……,엣! 그런……,엣! 그런……
dom2Kisarah_L09.mes,Script/dom2Kisarah_L09.mes,51,22,Kisarah,ホントだ.<6E5C>総合得点、5点差で負けてる……,진짜다.<6E5C>5점 차로 지고 있어……,진짜다.<6E5C>5점 차로 지고 있어……
dom2Kisarah_L09.mes,Script/dom2Kisarah_L09.mes,52,42,Iori,フッ、これで京のクラスより俺の<6E5C>クラスの方が優秀だということを<6E5C>思い知っただろう!,"흥, 이걸로 쿄의 반보다 내<6E5C>반이 우수하다는 걸<6E5C>뼈저리게 깨달았겠지!","흥, 이걸로 쿄의 반보다 내<6E5C>반이 우수하다는 걸<6E5C>뼈저리게 깨달았겠지!"
dom2Kisarah_L09.mes,Script/dom2Kisarah_L09.mes,53,23,Iori,ククク、ハッハッハ、<6E5C>ハァーハッハッハッハ!,"큭큭큭, 하하하,<6E5C>하아 하하하하!","큭큭큭, 하하하,<6E5C>하아 하하하하!"
dom2Kisarah_L09.mes,Script/dom2Kisarah_L09.mes,54,14,주인공,やっぱり、僕の教え方が……,"역시, 내 가르침이……","역시, 내 가르침이……"
dom2Kisarah_L09.mes,Script/dom2Kisarah_L09.mes,55,17,UNKNOWN_1e,こんなことでいちいち落ち込むなよ,이런 일로 일일이 풀죽지 마라,이런 일로 일일이 풀죽지 마라
dom2Kisarah_L09.mes,Script/dom2Kisarah_L09.mes,56,6,주인공,草薙先輩!,쿠사나기!,쿠사나기!
dom2Kisarah_L09.mes,Script/dom2Kisarah_L09.mes,57,29,Kyo,たかがテストだろ?<6E5C>受験で本領発揮すれば<6E5C>いいじゃねーか,고작 시험이잖아?<6E5C>수험서 실력 발휘하면<6E5C>되잖아,고작 시험이잖아?<6E5C>수험서 실력 발휘하면<6E5C>되잖아
dom2Kisarah_L09.mes,Script/dom2Kisarah_L09.mes,58,28,Iori,京ッ!負けたからといって、<6E5C>そんな言い訳は見苦しいぞ!,"쿄!졌다고 해서,<6E5C>그런 변명은 꼴사납다!","쿄!졌다고 해서,<6E5C>그런 변명은 꼴사납다!"
dom2Kisarah_L09.mes,Script/dom2Kisarah_L09.mes,59,38,Kyo,生徒の成績を担任が<6E5C>争う方が見苦しいんだよ.<6E5C>勉強は自分のためのものだろ?,학생 성적을 담임이<6E5C>다투는 게 꼴사납지.<6E5C>공부는 자길 위한 거잖아,학생 성적을 담임이<6E5C>다투는 게 꼴사납지.<6E5C>공부는 자길 위한 거잖아
dom2Kisarah_L09.mes,Script/dom2Kisarah_L09.mes,60,13,Iori,フッ、くだらぬ戯言を……,"흥, 시시한 헛소리를","흥, 시시한 헛소리를"
dom2Kisarah_L09.mes,Script/dom2Kisarah_L09.mes,61,33,Kyo,自慢じゃないが、俺は高校生の頃に<6E5C>勉強したことなんて一度もないぜ,"자랑은 아니지만, 고등학생 때<6E5C>공부한 적 한 번도 없어","자랑은 아니지만, 고등학생 때<6E5C>공부한 적 한 번도 없어"
dom2Kisarah_L09.mes,Script/dom2Kisarah_L09.mes,62,23,주인공,この人、どうやって教師に<6E5C>なったんだホントに,"이 사람, 어떻게 교사가<6E5C>됐는지 진짜","이 사람, 어떻게 교사가<6E5C>됐는지 진짜"
dom2Kisarah_L09.mes,Script/dom2Kisarah_L09.mes,63,31,Kyo,とにかく、みんなよくがんばったと<6E5C>思うぜ.キサラも、<이름:3232>もな,"아무튼, 다들 잘했다.<6E5C>키사라도, <이름:3232>도","아무튼, 다들 잘했다.<6E5C>키사라도, <이름:3232>도"
dom2Kisarah_L09.mes,Script/dom2Kisarah_L09.mes,64,11,주인공,あ、いえ、そんな……,"아뇨, 그런……","아뇨, 그런……"
dom2Kisarah_L09.mes,Script/dom2Kisarah_L09.mes,65,36,Kyo,試験も終わったんだから、<6E5C>たっぷり遊べよ.<6E5C>最後の夏休みなんだからな!,"시험도 끝났으니까,<6E5C>실컷 놀아라.<6E5C>마지막 여름방학이니까!","시험도 끝났으니까,<6E5C>실컷 놀아라.<6E5C>마지막 여름방학이니까!"
dom2Kisarah_L09.mes,Script/dom2Kisarah_L09.mes,66,26,Iori,待て、貴様ッ!そんな言い逃れが<6E5C>通用すると思うか!,"기다려, 이놈!그런 변명이<6E5C>통할 것 같으냐!","기다려, 이놈!그런 변명이<6E5C>통할 것 같으냐!"
dom2Kisarah_L09.mes,Script/dom2Kisarah_L09.mes,67,41,Iori,テストが不服なら、今この場で<6E5C>ケリをつけてやる!<6E5C>俺のいらだちも、貴様の命もな!,"시험이 불만이면, 여기서<6E5C>결판을 내주마!<6E5C>내 짜증도, 네놈 목숨도!","시험이 불만이면, 여기서<6E5C>결판을 내주마!<6E5C>내 짜증도, 네놈 목숨도!"
dom2Kisarah_L09.mes,Script/dom2Kisarah_L09.mes,68,8,Iori,京ォォォォォ!,쿄오오오오!,쿄오오오오!
dom2Kisarah_L09.mes,Script/dom2Kisarah_L09.mes,69,9,주인공,……行っちゃった,……가버렸다,……가버렸다
dom2Kisarah_L09.mes,Script/dom2Kisarah_L09.mes,70,19,Kisarah,……負けちゃったんだ.<6E5C>くやしい……,……져버렸구나.<6E5C>분해……,……져버렸구나.<6E5C>분해……
dom2Kisarah_L09.mes,Script/dom2Kisarah_L09.mes,71,6,주인공,キサラ……,키사라……,키사라……
dom2Kisarah_L09.mes,Script/dom2Kisarah_L09.mes,72,34,주인공,ごめん、僕がもっと<6E5C>しっかり教えられれば.<6E5C>キサラは満点なのに……,"미안, 내가 더<6E5C>제대로 가르쳐줬다면.<6E5C>키사라는 만점인데……","미안, 내가 더<6E5C>제대로 가르쳐줬다면.<6E5C>키사라는 만점인데……"
dom2Kisarah_L09.mes,Script/dom2Kisarah_L09.mes,73,32,Kisarah,<이름:3232>クンはよく教えてくれたよ.<6E5C>クラスのみんな、感謝してるヨ?,"<이름:3232>군은 잘 가르쳐줬어.<6E5C>반 애들 다, 고마워하고 있어?","<이름:3232>군은 잘 가르쳐줬어.<6E5C>반 애들 다, 고마워하고 있어?"
dom2Kisarah_L09.mes,Script/dom2Kisarah_L09.mes,74,5,주인공,でも……,그래도,그래도
dom2Kisarah_L09.mes,Script/dom2Kisarah_L09.mes,75,20,Kisarah,もー、キミが落ち込んで<6E5C>どーすんの!?,너 풀죽어서<6E5C>어쩌려는 거야!?,너 풀죽어서<6E5C>어쩌려는 거야!?
dom2Kisarah_L09.mes,Script/dom2Kisarah_L09.mes,76,8,주인공,ご、ごめん……,"미, 미안……","미, 미안……"
dom2Kisarah_L10.mes,Script/dom2Kisarah_L10.mes,0,8,주인공,あれ、キサラ?,"어라, 키사라","어라, 키사라"
dom2Kisarah_L10.mes,Script/dom2Kisarah_L10.mes,1,10,Kisarah,アァッ!<이름:3232>クン!,앗!<이름:3232>군!,앗!<이름:3232>군!
dom2Kisarah_L10.mes,Script/dom2Kisarah_L10.mes,2,13,주인공,なんだよ、そんなに驚いて,"왜 그래, 놀라긴","왜 그래, 놀라긴"
dom2Kisarah_L10.mes,Script/dom2Kisarah_L10.mes,3,24,Kisarah,しまったな~.<6E5C>先に見つけられちゃうなんて……,아차차~.<6E5C>먼저 들켜버리다니……,아차차~.<6E5C>먼저 들켜버리다니……
dom2Kisarah_L10.mes,Script/dom2Kisarah_L10.mes,4,9,주인공,ん?僕に何か用?,볼일 있어?,볼일 있어?
dom2Kisarah_L10.mes,Script/dom2Kisarah_L10.mes,5,32,Kisarah,何って、今日は<이름:3232>クンの<6E5C>誕生日じゃない.<6E5C>21歳、オメデト~,"뭐긴, 오늘은 <이름:3232>군<6E5C>생일이잖아.<6E5C>21살, 축하해~","뭐긴, 오늘은 <이름:3232>군<6E5C>생일이잖아.<6E5C>21살, 축하해~"
dom2Kisarah_L10.mes,Script/dom2Kisarah_L10.mes,6,25,주인공,え、お祝いに来るつもりだったのか<6E5C>……ありがとう,"어, 축하해주러 온 거였구나<6E5C>…… 고마워","어, 축하해주러 온 거였구나<6E5C>…… 고마워"
dom2Kisarah_L10.mes,Script/dom2Kisarah_L10.mes,7,48,Kisarah,でも、困ったコトにまだプレゼント<6E5C>が用意できてないんだ.さっきから<6E5C>ずっと考えてるんだけど……,"근데, 곤란하게도 아직 선물을<6E5C>준비 못 했어.아까부터 계속<6E5C>고민하고 있는데……","근데, 곤란하게도 아직 선물을<6E5C>준비 못 했어.아까부터 계속<6E5C>고민하고 있는데……"
dom2Kisarah_L10.mes,Script/dom2Kisarah_L10.mes,8,13,주인공,いいよ、プレゼントなんて,"괜찮아, 선물 같은 거","괜찮아, 선물 같은 거"
dom2Kisarah_L10.mes,Script/dom2Kisarah_L10.mes,9,43,Kisarah,そうはいかないわヨ.幼馴染として<6E5C>恥ずかしくない、サイコーの品を<6E5C>プレゼントしないと,"그럴 순 없지.소꿉친구로서<6E5C>부끄럽지 않은, 최고의 물건을<6E5C>선물해야지","그럴 순 없지.소꿉친구로서<6E5C>부끄럽지 않은, 최고의 물건을<6E5C>선물해야지"
dom2Kisarah_L10.mes,Script/dom2Kisarah_L10.mes,10,11,주인공,ずいぶんオーバーだな,되게 오버하네,되게 오버하네
dom2Kisarah_L10.mes,Script/dom2Kisarah_L10.mes,11,40,Kisarah,それで閉きたいんだけど、<6E5C><이름:3232>クンはキスと抱擁と膝枕<6E5C>だったら、どれがいーい?,"묻고 싶은데,<6E5C><이름:3232>군은 키스, 포옹, 무릎베개<6E5C>중에 뭐가 좋아?","묻고 싶은데,<6E5C><이름:3232>군은 키스, 포옹, 무릎베개<6E5C>중에 뭐가 좋아?"
dom2Kisarah_L10.mes,Script/dom2Kisarah_L10.mes,12,6,주인공,……はぁ?,……하아?,……하아?
dom2Kisarah_L10.mes,Script/dom2Kisarah_L10.mes,13,32,Kisarah,アッ、ダメだよ~.<6E5C>全部なんて答えは.<6E5C>どれかひとつだからネ!,"아, 안 돼~.<6E5C>전부라는 대답은.<6E5C>하나만 골라야 해!","아, 안 돼~.<6E5C>전부라는 대답은.<6E5C>하나만 골라야 해!"
dom2Kisarah_L10.mes,Script/dom2Kisarah_L10.mes,14,30,주인공,なんなんだよその選択は!<6E5C>プレゼントでもなんでもないだろ!,뭐냐고 그 선택지는!<6E5C>선물이고 뭐고 아니잖아!,뭐냐고 그 선택지는!<6E5C>선물이고 뭐고 아니잖아!
dom2Kisarah_L10.mes,Script/dom2Kisarah_L10.mes,15,42,Kisarah,アレ?おかしいナァ<485C>ボクが<이름:3232>クンにされたら<6E5C>うれしいコトを<6E5C>考えたんだけどなぁ~,어라? 이상하네<485C>내가 <이름:3232>군한테 받으면<6E5C>기쁠 걸<6E5C>생각한 건데 말이야~,어라? 이상하네<485C>내가 <이름:3232>군한테 받으면<6E5C>기쁠 걸<6E5C>생각한 건데 말이야~
dom2Kisarah_L10.mes,Script/dom2Kisarah_L10.mes,16,5,주인공,……え?,……어?,……어?
dom2Kisarah_L10.mes,Script/dom2Kisarah_L10.mes,17,32,Kisarah,しかたない.<6E5C>じゃー『ボクと1日デート券』を<6E5C>プレゼントしよう,어쩔 수 없지.<6E5C>그럼 '나랑 하루 데이트권'을<6E5C>선물할게,어쩔 수 없지.<6E5C>그럼 '나랑 하루 데이트권'을<6E5C>선물할게
dom2Kisarah_L10.mes,Script/dom2Kisarah_L10.mes,18,13,주인공,結局それがプレゼント!?,결국 그게 선물이야!?,결국 그게 선물이야!?
dom2Kisarah_L10.mes,Script/dom2Kisarah_L10.mes,19,14,Kisarah,イヤ?ぜんぜん欲しくない?,싫어? 안 갖고 싶어?,싫어? 안 갖고 싶어?
dom2Kisarah_L10.mes,Script/dom2Kisarah_L10.mes,20,10,주인공,嫌ってわけじゃ……,싫은 건 아니고,싫은 건 아니고
dom2Kisarah_L10.mes,Script/dom2Kisarah_L10.mes,21,26,Kisarah,ヨカッタ!<6E5C>キミが喜んでくれると<6E5C>ボクも嬉しいヨ!,다행이다!<6E5C>네가 기뻐해주면<6E5C>나도 좋아!,다행이다!<6E5C>네가 기뻐해주면<6E5C>나도 좋아!
dom2Kisarah_L10.mes,Script/dom2Kisarah_L10.mes,22,8,Kisarah,じゃ、行こう!,"자, 가자!","자, 가자!"
dom2Kisarah_L10.mes,Script/dom2Kisarah_L10.mes,23,10,주인공,……ま、いいか……,"……뭐, 됐나……","……뭐, 됐나……"
dom2Kisarah_M01.mes,Script/dom2Kisarah_M01.mes,0,14,Kisarah,あ、<이름:3232>クン被女できた~?,<이름:3232>군 여친 생겼어~?,<이름:3232>군 여친 생겼어~?
dom2Kisarah_M01.mes,Script/dom2Kisarah_M01.mes,1,13,주인공,いきなり嫌味だな、キサラ,"갑자기 비꼬네, 키사라","갑자기 비꼬네, 키사라"
dom2Kisarah_M01.mes,Script/dom2Kisarah_M01.mes,2,17,Kisarah,何よ、ど~せできないんでしょー?,"뭐야, 어차피 없잖아~?","뭐야, 어차피 없잖아~?"
dom2Kisarah_M01.mes,Script/dom2Kisarah_M01.mes,3,13,주인공,まだ決まったわけじゃ……,아직 정해진 건 아니고,아직 정해진 건 아니고
dom2Kisarah_M01.mes,Script/dom2Kisarah_M01.mes,4,31,주인공,……いや、もういい.<6E5C>ぜったい無理だ.<6E5C>被女なんてできません,"……아니, 됐다.<6E5C>절대 무리다.<6E5C>여친은 못 만들어","……아니, 됐다.<6E5C>절대 무리다.<6E5C>여친은 못 만들어"
dom2Kisarah_M01.mes,Script/dom2Kisarah_M01.mes,5,25,Kisarah,エ~?<6E5C>じゃあ、ボクと泳ぎに行くって<6E5C>ワケだネ?,"에~?<6E5C>그럼, 나랑 수영하러 간다는<6E5C>거네?","에~?<6E5C>그럼, 나랑 수영하러 간다는<6E5C>거네?"
dom2Kisarah_M01.mes,Script/dom2Kisarah_M01.mes,6,15,주인공,まぁ、そういうことになるなぁ,"뭐, 그렇게 되는 건가","뭐, 그렇게 되는 건가"
dom2Kisarah_M01.mes,Script/dom2Kisarah_M01.mes,7,14,Kisarah,YEAH!ヤクソク完了ネ!,YEAH!약속 완료야!,YEAH!약속 완료야!
dom2Kisarah_M01.mes,Script/dom2Kisarah_M01.mes,8,7,[효과음/내레이션],PLLLLL,삐리리릭,삐리리릭
dom2Kisarah_M01.mes,Script/dom2Kisarah_M01.mes,9,10,주인공,ん?僕のケータイだ,내 휴대폰이네,내 휴대폰이네
dom2Kisarah_M01.mes,Script/dom2Kisarah_M01.mes,10,3,[효과음/내레이션],Pi,삐,삐
dom2Kisarah_M01.mes,Script/dom2Kisarah_M01.mes,11,7,Kisarah,<이름:3232>クン……,<이름:3232>군……,<이름:3232>군……
dom2Kisarah_M01.mes,Script/dom2Kisarah_M01.mes,12,11,주인공,キサラ、どうしたの?,키사라 무슨 일이야,키사라 무슨 일이야
dom2Kisarah_M01.mes,Script/dom2Kisarah_M01.mes,13,22,Kisarah,ゴメン…….<6E5C>海、行けないかもしれない……,"미안…….<6E5C>바다, 못 갈지도 몰라……","미안…….<6E5C>바다, 못 갈지도 몰라……"
dom2Kisarah_M01.mes,Script/dom2Kisarah_M01.mes,14,11,주인공,え?いきなりどうして,어? 갑자기 왜,어? 갑자기 왜
dom2Kisarah_M01.mes,Script/dom2Kisarah_M01.mes,15,39,Kisarah,ママに話したらすごい怒っちゃっ<6E5C>て…….夏休みの間はずっと<6E5C>監視入るかも……,엄마한테 말했더니 엄청 화내<6E5C>서…….여름방학 내내<6E5C>감시당할지도……,엄마한테 말했더니 엄청 화내<6E5C>서…….여름방학 내내<6E5C>감시당할지도……
dom2Kisarah_M01.mes,Script/dom2Kisarah_M01.mes,16,21,주인공,そうか…….<6E5C>キサラのお母さん怖いもんな,그렇구나…….<6E5C>키사라네 엄마 무섭잖아,그렇구나…….<6E5C>키사라네 엄마 무섭잖아
dom2Kisarah_M01.mes,Script/dom2Kisarah_M01.mes,17,26,Kisarah,でも、なんとか行くようにする!<6E5C>約束したんだから!,"그래도, 어떻게든 갈게!<6E5C>약속했으니까!","그래도, 어떻게든 갈게!<6E5C>약속했으니까!"
dom2Kisarah_M01.mes,Script/dom2Kisarah_M01.mes,18,25,주인공,いいよ.<6E5C>お母さんを怒らせたらやっかい<6E5C>だろう?,괜찮아.<6E5C>어머니 화나게 하면 성가시<6E5C>잖아?,괜찮아.<6E5C>어머니 화나게 하면 성가시<6E5C>잖아?
dom2Kisarah_M01.mes,Script/dom2Kisarah_M01.mes,19,16,Kisarah,でも、約束を守れないなんて……,약속을 못 지키다니……,약속을 못 지키다니……
dom2Kisarah_M01.mes,Script/dom2Kisarah_M01.mes,20,29,주인공,無理しなくていいよ.<6E5C>果たせない約束だって<6E5C>あるだろう?,무리 안 해도 돼.<6E5C>못 지키는 약속도<6E5C>있잖아,무리 안 해도 돼.<6E5C>못 지키는 약속도<6E5C>있잖아
dom2Kisarah_M01.mes,Script/dom2Kisarah_M01.mes,21,5,Kisarah,…………,…………,…………
dom2Kisarah_M01.mes,Script/dom2Kisarah_M01.mes,22,23,주인공,僕のことは気にしなくていいから、<6E5C>もう寝なよ,"내 걱정은 안 해도 되니까,<6E5C>이제 자","내 걱정은 안 해도 되니까,<6E5C>이제 자"
dom2Kisarah_M01.mes,Script/dom2Kisarah_M01.mes,23,7,Kisarah,<이름:3232>クン……,<이름:3232>군……,<이름:3232>군……
dom2Kisarah_M02.mes,Script/dom2Kisarah_M02.mes,0,7,[효과음/내레이션],♪ピンポーン,♪딩동,♪딩동
dom2Kisarah_M02.mes,Script/dom2Kisarah_M02.mes,1,11,주인공,誰だ?こんな朝早くに,"누구지, 아침부터","누구지, 아침부터"
dom2Kisarah_M02.mes,Script/dom2Kisarah_M02.mes,2,5,[효과음/내레이션],ガチャッ,철컥,철컥
dom2Kisarah_M02.mes,Script/dom2Kisarah_M02.mes,3,6,Kisarah,モーニン★,모닝★,모닝★
dom2Kisarah_M02.mes,Script/dom2Kisarah_M02.mes,4,10,주인공,キサラ、何の用だよ,키사라 뭔 일이야,키사라 뭔 일이야
dom2Kisarah_M02.mes,Script/dom2Kisarah_M02.mes,5,23,Kisarah,失礼ねー.<6E5C>せっかく届けに来てあげたのにィ!,실례네~.<6E5C>모처럼 갖다줬는데!,실례네~.<6E5C>모처럼 갖다줬는데!
dom2Kisarah_M02.mes,Script/dom2Kisarah_M02.mes,6,5,주인공,届けに?,갖다줘?,갖다줘?
dom2Kisarah_M02.mes,Script/dom2Kisarah_M02.mes,7,20,Kisarah,ホラ、これ<이름:3232>クンの<6E5C>ハンカチでしょ?,"봐, 이거 <이름:3232>군<6E5C>손수건이지?","봐, 이거 <이름:3232>군<6E5C>손수건이지?"
dom2Kisarah_M02.mes,Script/dom2Kisarah_M02.mes,8,22,주인공,あ、ホントだ.<6E5C>いつ落としてたんだろう……,"아, 진짜네.<6E5C>언제 떨어뜨렸지……","아, 진짜네.<6E5C>언제 떨어뜨렸지……"
dom2Kisarah_M02.mes,Script/dom2Kisarah_M02.mes,9,10,주인공,わざわざありがとう,일부러 고마워,일부러 고마워
dom2Kisarah_M02.mes,Script/dom2Kisarah_M02.mes,10,29,Kisarah,フフッ、ボクって優しいよねー.<6E5C>頭ナデナデしてもいーよ?,"후훗, 나 참 착하지~.<6E5C>머리 쓰담쓰담해도 돼?","후훗, 나 참 착하지~.<6E5C>머리 쓰담쓰담해도 돼?"
dom2Kisarah_M02.mes,Script/dom2Kisarah_M02.mes,11,4,주인공,はぁ?,하아?,하아?
dom2Kisarah_M02.mes,Script/dom2Kisarah_M02.mes,12,6,주인공,ったく……,정말……,정말……
dom2Kisarah_M02.mes,Script/dom2Kisarah_M02.mes,13,5,[효과음/내레이션],ナデナデ,쓰담쓰담,쓰담쓰담
dom2Kisarah_M02.mes,Script/dom2Kisarah_M02.mes,14,5,Kisarah,…………,…………,…………
dom2Kisarah_M02.mes,Script/dom2Kisarah_M02.mes,15,5,주인공,なんだよ,왜,왜
dom2Kisarah_M02.mes,Script/dom2Kisarah_M02.mes,16,21,Kisarah,ホントにするなんて……<6E5C>バカじゃないの?,진짜로 할 줄이야……<6E5C>바보 아니야?,진짜로 할 줄이야……<6E5C>바보 아니야?
dom2Kisarah_M02.mes,Script/dom2Kisarah_M02.mes,17,13,주인공,おまえが言ったんだろー!,네가 말했잖아!,네가 말했잖아!
dom2Kisarah_M02.mes,Script/dom2Kisarah_M02.mes,18,19,Kisarah,アハハッ、<6E5C><이름:3232>クンってばおかしー!,"아하핫, <6E5C><이름:3232>군 진짜 웃겨!","아하핫, <6E5C><이름:3232>군 진짜 웃겨!"
dom2Kisarah_S01.mes,Script/dom2Kisarah_S01.mes,0,14,UNKNOWN_1e,ナニボンヤリしてんのヨ~!,뭘 멍하니 있는 거야~!,뭘 멍하니 있는 거야~!
dom2Kisarah_S01.mes,Script/dom2Kisarah_S01.mes,1,6,[효과음/내레이션],バシーン!,빠악!,빠악!
dom2Kisarah_S01.mes,Script/dom2Kisarah_S01.mes,2,6,주인공,いったー!,아야!,아야!
dom2Kisarah_S01.mes,Script/dom2Kisarah_S01.mes,3,10,주인공,……って、キサラ!,……아니 키사라!,……아니 키사라!
dom2Kisarah_S01.mes,Script/dom2Kisarah_S01.mes,4,23,Kisarah,アハハッ.<이름:3232>クン、<6E5C>暗い顔でどうしたの~?,"아하핫, <이름:3232>군<6E5C>왜 우울한 얼굴이야~?","아하핫, <이름:3232>군<6E5C>왜 우울한 얼굴이야~?"
dom2Kisarah_S01.mes,Script/dom2Kisarah_S01.mes,5,31,주인공,別に暗くないよ!<6E5C>それに、<이름:3232>クンじゃなくて<6E5C>「先生」だろ!,"안 우울해!<6E5C>그리고, <이름:3232>군 아니라<6E5C>선생님이잖아!","안 우울해!<6E5C>그리고, <이름:3232>군 아니라<6E5C>선생님이잖아!"
dom2Kisarah_S01.mes,Script/dom2Kisarah_S01.mes,6,28,Kisarah,今は学校じゃないでしょ?<6E5C><이름:3232>クンは昔から<이름:3232>クンだよ,학교 아니잖아?<6E5C><이름:3232>군은 옛날부터 <이름:3232>군이야,학교 아니잖아?<6E5C><이름:3232>군은 옛날부터 <이름:3232>군이야
dom2Kisarah_S01.mes,Script/dom2Kisarah_S01.mes,7,5,주인공,てて……,아야……,아야……
dom2Kisarah_S01.mes,Script/dom2Kisarah_S01.mes,8,16,주인공,とにかく、カバンで殴るなよ……,가방으로 때리지 마……,가방으로 때리지 마……
dom2Kisarah_S01.mes,Script/dom2Kisarah_S01.mes,9,25,Kisarah,かよわいレディが素手で<6E5C>殴れるはずないでしょ~?,연약한 레이디가 맨손으로<6E5C>때릴 리 없잖아~?,연약한 레이디가 맨손으로<6E5C>때릴 리 없잖아~?
dom2Kisarah_S01.mes,Script/dom2Kisarah_S01.mes,10,20,주인공,何もしてないのに……<6E5C>乱暴なやつだなぁ,아무것도 안 했는데……<6E5C>난폭하다니까,아무것도 안 했는데……<6E5C>난폭하다니까
dom2Kisarah_S01.mes,Script/dom2Kisarah_S01.mes,11,13,주인공,ん?あそこにいるのは……,응? 저기 있는 건……,응? 저기 있는 건……
dom2Kisarah_S01.mes,Script/dom2Kisarah_S01.mes,12,14,UNKNOWN_4c,やれやれ、困ったちゃんだな,"이거 참, 골칫덩이로군","이거 참, 골칫덩이로군"
dom2Kisarah_S01.mes,Script/dom2Kisarah_S01.mes,13,21,UNKNOWN_1e,ボクとお茶しようなんて<6E5C>10年早いのヨ!,나랑 차 마시자니<6E5C>10년은 일러!,나랑 차 마시자니<6E5C>10년은 일러!
dom2Kisarah_S01.mes,Script/dom2Kisarah_S01.mes,14,7,[효과음/내레이션],バシーンッ!,빠악!,빠악!
dom2Kisarah_S01.mes,Script/dom2Kisarah_S01.mes,15,13,Kisarah,アラ?<이름:3232>クンじゃないの,어라? <이름:3232>군이잖아,어라? <이름:3232>군이잖아
dom2Kisarah_S01.mes,Script/dom2Kisarah_S01.mes,16,20,주인공,……キサラ、<6E5C>またハデなことしてるなぁ,"……키사라, <6E5C>또 요란하네","……키사라, <6E5C>또 요란하네"
dom2Kisarah_S01.mes,Script/dom2Kisarah_S01.mes,17,32,Kisarah,ハデなコトってなぁに?<6E5C>ボクは強引なナンパに<6E5C>困ってただけだよ,뭐가 요란해?<6E5C>억지 헌팅 때문에<6E5C>곤란했을 뿐이야,뭐가 요란해?<6E5C>억지 헌팅 때문에<6E5C>곤란했을 뿐이야
dom2Kisarah_S01.mes,Script/dom2Kisarah_S01.mes,18,6,주인공,どこがだよ,뭐가,뭐가
dom2Kisarah_S01.mes,Script/dom2Kisarah_S01.mes,19,26,주인공,あんまり手荒に断ってると、<6E5C>いつか痛い目にあうぞ?,"거칠게 거절하다간,<6E5C>험한 꼴 당한다?","거칠게 거절하다간,<6E5C>험한 꼴 당한다?"
dom2Kisarah_S01.mes,Script/dom2Kisarah_S01.mes,20,39,Kisarah,アハハッ、そしたら<이름:3232>クンが<6E5C>助けてくれるんでしょう?<6E5C>期待、してるからね?,"아하핫, 그럼 <이름:3232>군이<6E5C>도와줄 거잖아?<6E5C>기대하고 있을게?","아하핫, 그럼 <이름:3232>군이<6E5C>도와줄 거잖아?<6E5C>기대하고 있을게?"
dom2Kisarah_S01.mes,Script/dom2Kisarah_S01.mes,21,20,주인공,ん?<6E5C>あそこで大声でどなってるのは……,응?<6E5C>저기서 큰소리로 외치는 건……,응?<6E5C>저기서 큰소리로 외치는 건……
dom2Kisarah_S01.mes,Script/dom2Kisarah_S01.mes,22,32,UNKNOWN_1e,ちゃんと約束したじゃない!<6E5C>どーゆーことよ!<6E5C>しんじらんない!,분명히 약속했잖아!<6E5C>이게 무슨 소리야!<6E5C>믿을 수가 없어!,분명히 약속했잖아!<6E5C>이게 무슨 소리야!<6E5C>믿을 수가 없어!
dom2Kisarah_S01.mes,Script/dom2Kisarah_S01.mes,23,5,주인공,…………,…………,…………
dom2Kisarah_S01.mes,Script/dom2Kisarah_S01.mes,24,8,Kisarah,アラ?<이름:3232>クン,어라? <이름:3232>군,어라? <이름:3232>군
dom2Kisarah_S01.mes,Script/dom2Kisarah_S01.mes,25,29,주인공,どうしたんだよ.ケータイで<6E5C>ケンカしてたみたいだけど……,무슨 일이야. 휴대폰으로<6E5C>싸우는 것 같던데……,무슨 일이야. 휴대폰으로<6E5C>싸우는 것 같던데……
dom2Kisarah_S01.mes,Script/dom2Kisarah_S01.mes,26,10,Kisarah,ケンカじゃないわよ,싸운 거 아니야,싸운 거 아니야
dom2Kisarah_S01.mes,Script/dom2Kisarah_S01.mes,27,28,Kisarah,生徒会の会合があったんだけど、<6E5C>来れなくなったって電話,"학생회 회의가 있었는데,<6E5C>못 오게 됐다는 전화였어","학생회 회의가 있었는데,<6E5C>못 오게 됐다는 전화였어"
dom2Kisarah_S01.mes,Script/dom2Kisarah_S01.mes,28,15,주인공,それであんなに怒ってたのか?,그래서 화난 거야?,그래서 화난 거야?
dom2Kisarah_S01.mes,Script/dom2Kisarah_S01.mes,29,28,Kisarah,だって約束してたのよ!?<6E5C>守れないなんてサイテーだワ!,약속했잖아!?<6E5C>못 지키다니 최악이야!,약속했잖아!?<6E5C>못 지키다니 최악이야!
dom2Kisarah_S01.mes,Script/dom2Kisarah_S01.mes,30,23,주인공,キサラは、ヘンなとこで<6E5C>マジメだからなぁ……,"키사라는, 이상한 데서<6E5C>진지하다니까……","키사라는, 이상한 데서<6E5C>진지하다니까……"
dom2Kisarah_S01.mes,Script/dom2Kisarah_S01.mes,31,15,Kisarah,ボクはいつだってマジメだよ?,난 언제나 진지하거든?,난 언제나 진지하거든?
dom2Kisarah_S01.mes,Script/dom2Kisarah_S01.mes,32,26,Kisarah,<이름:3232>クンだって、約束は<6E5C>守るべきだって思うでしょ?,"<이름:3232>군도, 약속은<6E5C>지켜야 한다고 생각하지?","<이름:3232>군도, 약속은<6E5C>지켜야 한다고 생각하지?"
dom2Kisarah_S01.mes,Script/dom2Kisarah_S01.mes,33,9,주인공,そりゃそうだけど,그건 그렇지만,그건 그렇지만
dom2Kisarah_S01.mes,Script/dom2Kisarah_S01.mes,34,33,Kisarah,だよね?<6E5C><이름:3232>クンはマジメだって、ボク、<6E5C>ちゃんと知ってるモンっ,"그치?<6E5C><이름:3232>군은 진지하다는 거, 나<6E5C>제대로 알고 있는걸","그치?<6E5C><이름:3232>군은 진지하다는 거, 나<6E5C>제대로 알고 있는걸"
dom2Kisarah_S02.mes,Script/dom2Kisarah_S02.mes,0,7,[효과음/내레이션],♪ピンポーン,♪딩동,♪딩동
dom2Kisarah_S02.mes,Script/dom2Kisarah_S02.mes,1,6,주인공,ん?誰だ?,누구지?,누구지?
dom2Kisarah_S02.mes,Script/dom2Kisarah_S02.mes,2,5,[효과음/내레이션],ガチャッ,달칵,달칵
dom2Kisarah_S02.mes,Script/dom2Kisarah_S02.mes,3,14,Kisarah,ハロ~.<이름:3232>クン、ひとり?,"헬로~ <이름:3232>군, 혼자야?","헬로~ <이름:3232>군, 혼자야?"
dom2Kisarah_S02.mes,Script/dom2Kisarah_S02.mes,4,9,주인공,そうだけど、何?,"그런데, 왜?","그런데, 왜?"
dom2Kisarah_S02.mes,Script/dom2Kisarah_S02.mes,5,36,Kisarah,せっかくの夏なのに、<6E5C>被女がいないからひとりで<6E5C>いるしかないなんて……,"모처럼 여름인데,<6E5C>여자친구가 없어서 혼자<6E5C>있을 수밖에 없다니……","모처럼 여름인데,<6E5C>여자친구가 없어서 혼자<6E5C>있을 수밖에 없다니……"
dom2Kisarah_S02.mes,Script/dom2Kisarah_S02.mes,6,11,Kisarah,ウウッ、同情しちゃう,동정하게 되네,동정하게 되네
dom2Kisarah_S02.mes,Script/dom2Kisarah_S02.mes,7,8,주인공,うるさいなぁ!,시끄러워!,시끄러워!
dom2Kisarah_S02.mes,Script/dom2Kisarah_S02.mes,8,25,Kisarah,しかたないから、<6E5C>ボクが海につれていってあげるヨ,"할 수 없으니까,<6E5C>내가 바다에 데려가 줄게","할 수 없으니까,<6E5C>내가 바다에 데려가 줄게"
dom2Kisarah_S02.mes,Script/dom2Kisarah_S02.mes,9,4,주인공,えぇ?,엥?,엥?
dom2Kisarah_S02.mes,Script/dom2Kisarah_S02.mes,10,27,Kisarah,夏休みになっても<이름:3232>クンに<6E5C>被女ができなかったらね?,방학이 돼도 <이름:3232>군한테<6E5C>여친 안 생기면?,방학이 돼도 <이름:3232>군한테<6E5C>여친 안 생기면?
dom2Kisarah_S02.mes,Script/dom2Kisarah_S02.mes,11,24,주인공,夏休みまでって……あと何日だと<6E5C>思ってるんだよ,방학까지라니……며칠 남았다고<6E5C>생각하는 거야,방학까지라니……며칠 남았다고<6E5C>생각하는 거야
dom2Kisarah_S02.mes,Script/dom2Kisarah_S02.mes,12,22,Kisarah,じゃあ、がんばって<6E5C>つくったらいいじゃない,"그럼, 열심히<6E5C>만들면 되잖아","그럼, 열심히<6E5C>만들면 되잖아"
dom2Kisarah_S02.mes,Script/dom2Kisarah_S02.mes,13,30,Kisarah,ボクは<이름:3232>クンと海に行きたいと<6E5C>思ってるんだよ.いけない?,난 <이름:3232>군이랑 바다 가고 싶다고<6E5C>생각하는데. 안 돼?,난 <이름:3232>군이랑 바다 가고 싶다고<6E5C>생각하는데. 안 돼?
dom2Kisarah_S02.mes,Script/dom2Kisarah_S02.mes,14,9,[선택지],かまわないいけない,괜찮아안 돼,괜찮아\안 돼
dom2Kisarah_S02.mes,Script/dom2Kisarah_S02.mes,15,8,주인공,えっ.いや……,엇. 아니……,엇. 아니……
dom2Kisarah_S02.mes,Script/dom2Kisarah_S02.mes,16,16,Kisarah,アハハッ、じゃあ、ヤクソクね?,"아하핫, 그럼, 약속이다?","아하핫, 그럼, 약속이다?"
dom2Kisarah_S02.mes,Script/dom2Kisarah_S02.mes,17,22,주인공,いけないな.<6E5C>そんな同情でなら行きたくない,안 돼.<6E5C>그런 동정으로 가고 싶지 않아,안 돼.<6E5C>그런 동정으로 가고 싶지 않아
dom2Kisarah_S02.mes,Script/dom2Kisarah_S02.mes,18,14,Kisarah,もぉ~、見栄はっちゃって!,"정말~, 허세는!","정말~, 허세는!"
dom2Kisarah_S02.mes,Script/dom2Kisarah_S02.mes,19,5,[효과음/내레이션],ガチャッ,달칵,달칵
dom2Kisarah_S02.mes,Script/dom2Kisarah_S02.mes,20,8,[효과음/내레이션],バサバサバサッ,푸드덕푸드덕,푸드덕푸드덕
dom2Kisarah_S02.mes,Script/dom2Kisarah_S02.mes,21,9,주인공,わぁ、なんだぁ?,"우와, 뭐야?","우와, 뭐야?"
dom2Kisarah_S02.mes,Script/dom2Kisarah_S02.mes,22,14,Kisarah,<이름:3232>クン、磯子を捕まえて!,"<이름:3232>군, 이소코 잡아줘!","<이름:3232>군, 이소코 잡아줘!"
dom2Kisarah_S02.mes,Script/dom2Kisarah_S02.mes,23,12,주인공,キサラ、どういうこと?,"키사라, 뭔 소리야?","키사라, 뭔 소리야?"
dom2Kisarah_S02.mes,Script/dom2Kisarah_S02.mes,24,35,Kisarah,磯子が突然逃げて、<6E5C>窓からここに入っちゃったのヨ!<6E5C>そこ、捕まえて!,"이소코가 갑자기 도망쳐서,<6E5C>창문으로 들어왔어!<6E5C>거기, 잡아!","이소코가 갑자기 도망쳐서,<6E5C>창문으로 들어왔어!<6E5C>거기, 잡아!"
dom2Kisarah_S02.mes,Script/dom2Kisarah_S02.mes,25,17,주인공,ああ、この小鳥、キサラのペットか,이 새 키사라 애완동물이구나,이 새 키사라 애완동물이구나
dom2Kisarah_S02.mes,Script/dom2Kisarah_S02.mes,26,13,Kisarah,コザクラインコよ!早く!,모란앵무야! 빨리!,모란앵무야! 빨리!
dom2Kisarah_S02.mes,Script/dom2Kisarah_S02.mes,27,5,주인공,はいはい,네네,네네
dom2Kisarah_S02.mes,Script/dom2Kisarah_S02.mes,28,8,주인공,よーし、えいっ,"좋아, 얍!","좋아, 얍!"
dom2Kisarah_S02.mes,Script/dom2Kisarah_S02.mes,29,3,[효과음/내레이션],バッ,휘릭,휘릭
dom2Kisarah_S02.mes,Script/dom2Kisarah_S02.mes,30,7,[효과음/내레이션],ズッテーン!,콰당!,콰당!
dom2Kisarah_S02.mes,Script/dom2Kisarah_S02.mes,31,6,주인공,いてて……,아야야……,아야야……
dom2Kisarah_S02.mes,Script/dom2Kisarah_S02.mes,32,13,Kisarah,動かないで!頭の上に……,움직이지마! 머리에……,움직이지마! 머리에……
dom2Kisarah_S02.mes,Script/dom2Kisarah_S02.mes,33,5,[효과음/내레이션],チチチ!,삐이삐이,삐이삐이
dom2Kisarah_S02.mes,Script/dom2Kisarah_S02.mes,34,16,Kisarah,やったぁ!つかまえたわよ磯子!,해냈다! 이소코 잡았어!,해냈다! 이소코 잡았어!
dom2Kisarah_S02.mes,Script/dom2Kisarah_S02.mes,35,22,주인공,……ふぅ.<6E5C>よかったな、すぐつかまえられて,"……휴.<6E5C>다행이다, 금방 잡혀서","……휴.<6E5C>다행이다, 금방 잡혀서"
dom2Kisarah_S02.mes,Script/dom2Kisarah_S02.mes,36,10,Kisarah,うん、ありがと……,"응, 고마워……","응, 고마워……"
dom2Kisarah_S02.mes,Script/dom2Kisarah_S02.mes,37,18,Kisarah,ところで<이름:3232>クン、<6E5C>被女はできた?,"그런데 <이름:3232>군,<6E5C>여친 생겼어?","그런데 <이름:3232>군,<6E5C>여친 생겼어?"
dom2Kisarah_S02.mes,Script/dom2Kisarah_S02.mes,38,31,주인공,えぇ?それってこの前の話?<6E5C>そんなすぐにできるわけないだろ!,엥? 그거 저번 얘기야?<6E5C>그렇게 금방 생길 리 없잖아!,엥? 그거 저번 얘기야?<6E5C>그렇게 금방 생길 리 없잖아!
dom2Kisarah_S02.mes,Script/dom2Kisarah_S02.mes,39,19,Kisarah,フーン……<6E5C>できなかったらイーのにね,흐응……<6E5C>안 생기는 게 좋을 텐데,흐응……<6E5C>안 생기는 게 좋을 텐데
dom2Kisarah_S02.mes,Script/dom2Kisarah_S02.mes,40,4,주인공,えぇ?,엥?,엥?
dom2Kisarah_S03.mes,Script/dom2Kisarah_S03.mes,0,8,[효과음/내레이션],バタバタバタッ,타다다닥,타다다닥
dom2Kisarah_S03.mes,Script/dom2Kisarah_S03.mes,1,16,UNKNOWN_1e,ちょっとそこ!廊下は走らない!,"거기, 복도서 뛰지마!","거기, 복도서 뛰지마!"
dom2Kisarah_S03.mes,Script/dom2Kisarah_S03.mes,2,4,주인공,あ……,아……,아……
dom2Kisarah_S03.mes,Script/dom2Kisarah_S03.mes,3,19,UNKNOWN_4d,あのぉ、<6E5C>相撲部に遅れてしまうのでぇ,"저기요,<6E5C>씨름부에 늦어버려서요","저기요,<6E5C>씨름부에 늦어버려서요"
dom2Kisarah_S03.mes,Script/dom2Kisarah_S03.mes,4,32,Kisarah,だったら早めに出ればいいじゃない<6E5C>.走っていい理由にならないわ,그럼 일찍 나오면 되잖아<6E5C>. 뛰어도 되는 이유는 안 돼,그럼 일찍 나오면 되잖아<6E5C>. 뛰어도 되는 이유는 안 돼
dom2Kisarah_S03.mes,Script/dom2Kisarah_S03.mes,5,8,UNKNOWN_4d,ごめんなさいぃ,죄송해요오,죄송해요오
dom2Kisarah_S03.mes,Script/dom2Kisarah_S03.mes,6,5,주인공,…………,…………,…………
dom2Kisarah_S03.mes,Script/dom2Kisarah_S03.mes,7,14,Kisarah,どうしたんですか?<이름:3131>先生,왜 그러세요? <이름:3131>선생님,왜 그러세요? <이름:3131>선생님
dom2Kisarah_S03.mes,Script/dom2Kisarah_S03.mes,8,21,주인공,いや……こんなに見事に<6E5C>演じれるものかと,아니……이렇게 완벽히<6E5C>연기하다니,아니……이렇게 완벽히<6E5C>연기하다니
dom2Kisarah_S03.mes,Script/dom2Kisarah_S03.mes,9,5,Kisarah,演じる?,연기?,연기?
dom2Kisarah_S03.mes,Script/dom2Kisarah_S03.mes,10,55,Kisarah,成績は常に学年トップ、<6E5C>生徒会長も務め、品行方正で<6E5C>先生方の信頼も厚い<485C>キサラ。ウェストフィールドに<6E5C>何か?,"늘 학년 1등,<6E5C>학생회장에, 품행 방정해서<6E5C>선생님 신뢰도 두터운<485C>키사라 웨스트필드한테<6E5C>무슨 볼일?","늘 학년 1등,<6E5C>학생회장에, 품행 방정해서<6E5C>선생님 신뢰도 두터운<485C>키사라 웨스트필드한테<6E5C>무슨 볼일?"
dom2Kisarah_S03.mes,Script/dom2Kisarah_S03.mes,11,8,주인공,いえ、何も……,"아뇨, 별로","아뇨, 별로"
dom2Kisarah_S03.mes,Script/dom2Kisarah_S03.mes,12,6,Kisarah,……フフッ,……후훗,……후훗
dom2Kisarah_S03.mes,Script/dom2Kisarah_S03.mes,13,25,Kisarah,こーゆーのも、けっこう<6E5C>楽しいんだヨ?<이름:3232>クンッ,"이런 것도, 꽤<6E5C>재밌다니까? <이름:3232>군","이런 것도, 꽤<6E5C>재밌다니까? <이름:3232>군"
dom2Kisarah_S03.mes,Script/dom2Kisarah_S03.mes,14,30,Kyo,よぉ、真……じゃなかった、<이름:3232>!<6E5C>しっかり指導してんのか?,"어이, 신고……아니, <이름:3232>!<6E5C>제대로 지도하고 있냐?","어이, 신고……아니, <이름:3232>!<6E5C>제대로 지도하고 있냐?"
dom2Kisarah_S03.mes,Script/dom2Kisarah_S03.mes,15,20,주인공,また名前を……はいはい、<6E5C>おかげさまで,"또 이름을……네네,<6E5C>덕분에요","또 이름을……네네,<6E5C>덕분에요"
dom2Kisarah_S03.mes,Script/dom2Kisarah_S03.mes,16,31,Kyo,しっかりやれよ?<6E5C>おまえは大学のときから<6E5C>頼りなかったからな,제대로 해라?<6E5C>넌 대학 때부터<6E5C>미덥지 못했으니까,제대로 해라?<6E5C>넌 대학 때부터<6E5C>미덥지 못했으니까
dom2Kisarah_S03.mes,Script/dom2Kisarah_S03.mes,17,6,UNKNOWN_1e,草薙先生!,선생님!,선생님!
dom2Kisarah_S03.mes,Script/dom2Kisarah_S03.mes,18,10,Kyo,おっ.生徒会長さん,"오, 회장님","오, 회장님"
dom2Kisarah_S03.mes,Script/dom2Kisarah_S03.mes,19,33,Kisarah,<이름:3131>先生はしっかり<6E5C>教えてくれますよ!<6E5C>頼りなくなんかないです!,<이름:3131>선생님은 제대로<6E5C>가르쳐 주세요!<6E5C>미덥지 못하지 않아요!,<이름:3131>선생님은 제대로<6E5C>가르쳐 주세요!<6E5C>미덥지 못하지 않아요!
dom2Kisarah_S03.mes,Script/dom2Kisarah_S03.mes,20,6,주인공,キサラ……,키사라……,키사라……
dom2Kisarah_S03.mes,Script/dom2Kisarah_S03.mes,21,41,Kyo,へぇ.それなら俺も安心して<6E5C>任せられるぜ.じゃあな.<6E5C>八神のクラスに負けんなよ?,허. 그럼 안심하고<6E5C>맡기겠군. 간다.<6E5C>야가미 반한테 지지 마라?,허. 그럼 안심하고<6E5C>맡기겠군. 간다.<6E5C>야가미 반한테 지지 마라?
dom2Kisarah_S03.mes,Script/dom2Kisarah_S03.mes,22,12,주인공,……キサラ、ありがとう,"……키사라, 고마워","……키사라, 고마워"
dom2Kisarah_S03.mes,Script/dom2Kisarah_S03.mes,23,29,Kisarah,<이름:3232>クンは、<6E5C>頼りなくなんかないよ.<6E5C>ボク、知ってるモン,"<이름:3232>군은,<6E5C>미덥지 못하지 않아.<6E5C>나, 알고 있는걸","<이름:3232>군은,<6E5C>미덥지 못하지 않아.<6E5C>나, 알고 있는걸"
dom2Kisarah_S03.mes,Script/dom2Kisarah_S03.mes,24,24,Kisarah,あの約束だって、<6E5C>ちゃんと覚えてくれてるよね?,"그 약속도,<6E5C>제대로 기억해 주고 있지?","그 약속도,<6E5C>제대로 기억해 주고 있지?"
dom2Kisarah_S03.mes,Script/dom2Kisarah_S03.mes,25,4,주인공,え……,어……,어……
dom2Kisarah_S03.mes,Script/dom2Kisarah_S03.mes,26,20,주인공,……あれ?<6E5C>キサラひとり残って勉強か?,……어라?<6E5C>혼자 남아 공부해?,……어라?<6E5C>혼자 남아 공부해?
dom2Kisarah_S03.mes,Script/dom2Kisarah_S03.mes,27,7,Kisarah,あ、<이름:3232>クン,"아, <이름:3232>군","아, <이름:3232>군"
dom2Kisarah_S03.mes,Script/dom2Kisarah_S03.mes,28,26,Kisarah,うん.家でやるより学校でやる<6E5C>ほうがはかどるからネ,응. 집보다 학교서 하는 게<6E5C>더 잘돼,응. 집보다 학교서 하는 게<6E5C>더 잘돼
dom2Kisarah_S03.mes,Script/dom2Kisarah_S03.mes,29,21,주인공,そうか.<6E5C>試験対決と受験とで大変だもんな,그렇구나.<6E5C>시험이랑 입시로 힘들겠다,그렇구나.<6E5C>시험이랑 입시로 힘들겠다
dom2Kisarah_S03.mes,Script/dom2Kisarah_S03.mes,30,9,Kisarah,そんなことないよ,그렇지 않아,그렇지 않아
dom2Kisarah_S03.mes,Script/dom2Kisarah_S03.mes,31,28,Kisarah,こうやって、<이름:3232>クンと<6E5C>ふたりっきりになれたりするしね,"이렇게, <이름:3232>군이랑<6E5C>단둘이 있을 수도 있고 말이야","이렇게, <이름:3232>군이랑<6E5C>단둘이 있을 수도 있고 말이야"
dom2Kisarah_S03.mes,Script/dom2Kisarah_S03.mes,32,13,주인공,か、からかうなよ、キサラ,"놀리지 마, 키사라","놀리지 마, 키사라"
dom2Kisarah_S03.mes,Script/dom2Kisarah_S03.mes,33,46,Kisarah,からかってなんかないよ?<485C><이름:3232>クンとふたりっきりに<6E5C>なれて、うれしくないわけ<6E5C>ないじゃない,"놀리는 거 아니야?<485C><이름:3232>군이랑 단둘이<6E5C>있게 돼서, 기쁘지 않을 리<6E5C>없잖아","놀리는 거 아니야?<485C><이름:3232>군이랑 단둘이<6E5C>있게 돼서, 기쁘지 않을 리<6E5C>없잖아"
dom2Kisarah_S03.mes,Script/dom2Kisarah_S03.mes,34,5,UNKNOWN_1e,貴様ッ!,네 이놈,네 이놈
dom2Kisarah_S03.mes,Script/dom2Kisarah_S03.mes,35,24,Iori,いつまで騒いでいる…….<6E5C>もう授業は終わったぞ,언제까지 떠드냐…….<6E5C>수업은 이미 끝났다,언제까지 떠드냐…….<6E5C>수업은 이미 끝났다
dom2Kisarah_S03.mes,Script/dom2Kisarah_S03.mes,36,15,주인공,あ、すいません、八神先輩……,"아, 죄송합니다, 선배……","아, 죄송합니다, 선배……"
dom2Kisarah_S03.mes,Script/dom2Kisarah_S03.mes,37,26,Kisarah,私の勉強を見てもらっていたんです<6E5C>、いけませんか?,"제 공부를 봐주고 계셨어요<6E5C>, 안 되나요?","제 공부를 봐주고 계셨어요<6E5C>, 안 되나요?"
dom2Kisarah_S03.mes,Script/dom2Kisarah_S03.mes,38,26,Iori,む、貴様……A組の<6E5C>キサラ。ウェストフィールドだな,"흠, 네놈……A반의<6E5C>키사라 웨스트필드로군","흠, 네놈……A반의<6E5C>키사라 웨스트필드로군"
dom2Kisarah_S03.mes,Script/dom2Kisarah_S03.mes,39,3,Kisarah,はい,네,네
dom2Kisarah_S03.mes,Script/dom2Kisarah_S03.mes,40,29,Iori,フッ、どれだけあがこうと、<6E5C>試験で勝利するのは我がB組だ,"흥, 발버둥 쳐도,<6E5C>이기는 건 우리 B반이다","흥, 발버둥 쳐도,<6E5C>이기는 건 우리 B반이다"
dom2Kisarah_S03.mes,Script/dom2Kisarah_S03.mes,41,23,Iori,ククク、ハッハッハ、<6E5C>ハァーハッハッハッハ!,"쿠쿠쿠, 하하하,<6E5C>하아하하하하!","쿠쿠쿠, 하하하,<6E5C>하아하하하하!"
dom2Kisarah_S03.mes,Script/dom2Kisarah_S03.mes,42,10,주인공,……こ、こわい……,……무서워……,……무서워……
dom2Kisarah_S04.mes,Script/dom2Kisarah_S04.mes,0,25,Kisarah,なぁに?<6E5C>被女もいないから、<6E5C>ひとりってワケェ?,"왜?<6E5C>여자친구도 없어서,<6E5C>혼자라는 거야?","왜?<6E5C>여자친구도 없어서,<6E5C>혼자라는 거야?"
dom2Kisarah_S04.mes,Script/dom2Kisarah_S04.mes,1,16,주인공,うるさいなぁ、ほっといてくれよ,"시끄러워, 좀 내버려 둬","시끄러워, 좀 내버려 둬"
dom2Kisarah_S04.mes,Script/dom2Kisarah_S04.mes,2,24,Kisarah,その分じゃ、夏祭りもどーせ<6E5C>ひとりなんでしょう,"그럼, 여름 축제도 어차피<6E5C>혼자겠네","그럼, 여름 축제도 어차피<6E5C>혼자겠네"
dom2Kisarah_S04.mes,Script/dom2Kisarah_S04.mes,3,22,Kisarah,かわいそうだからボクが<6E5C>つきあってあげるヨ,불쌍하니까 내가<6E5C>같이 가 줄게,불쌍하니까 내가<6E5C>같이 가 줄게
dom2Kisarah_S04.mes,Script/dom2Kisarah_S04.mes,4,4,주인공,えぇ?,엥?,엥?
dom2Kisarah_S04.mes,Script/dom2Kisarah_S04.mes,5,12,[선택지],わかったよ余計なお世話だ,알겠어쓸데없는 참견이야,알겠어\쓸데없는 참견이야
dom2Kisarah_S04.mes,Script/dom2Kisarah_S04.mes,6,20,주인공,僕はかわいそうな人か…….<6E5C>わかったよ,내가 불쌍한 사람인가……<6E5C>알겠어,내가 불쌍한 사람인가……<6E5C>알겠어
dom2Kisarah_S04.mes,Script/dom2Kisarah_S04.mes,7,14,Kisarah,ん?それは喜んでるのかな?,그거 기뻐하는 건가?,그거 기뻐하는 건가?
dom2Kisarah_S04.mes,Script/dom2Kisarah_S04.mes,8,9,주인공,喜んでる喜んでる,기뻐해 기뻐해,기뻐해 기뻐해
dom2Kisarah_S04.mes,Script/dom2Kisarah_S04.mes,9,19,Kisarah,フフッ.<6E5C>じゃーボクも喜んじゃおうッ,후훗.<6E5C>그럼 나도 기뻐해야지,후훗.<6E5C>그럼 나도 기뻐해야지
dom2Kisarah_S04.mes,Script/dom2Kisarah_S04.mes,10,10,주인공,余計なお世話だよ!,쓸데없는 참견!,쓸데없는 참견!
dom2Kisarah_S04.mes,Script/dom2Kisarah_S04.mes,11,14,Kisarah,強がっちゃって、平気なの?,"허세 부리다니, 괜찮아?","허세 부리다니, 괜찮아?"
dom2Kisarah_S04.mes,Script/dom2Kisarah_S04.mes,12,28,주인공,キサラに心配されるほど、<6E5C>僕はモテないわけじゃないぞ!,키사라가 걱정할 만큼<6E5C>인기 없진 않거든!,키사라가 걱정할 만큼<6E5C>인기 없진 않거든!
dom2Kisarah_S04.mes,Script/dom2Kisarah_S04.mes,13,13,Kisarah,<이름:3232>クン、またひとり~?,"<이름:3232>군, 또 혼자야~?","<이름:3232>군, 또 혼자야~?"
dom2Kisarah_S04.mes,Script/dom2Kisarah_S04.mes,14,4,[효과음/내레이션],ぎゅっ,꼬옥,꼬옥
dom2Kisarah_S04.mes,Script/dom2Kisarah_S04.mes,15,16,주인공,なんだよ、いきなり腕組んで……,"뭐야, 갑자기 팔짱 끼고……","뭐야, 갑자기 팔짱 끼고……"
dom2Kisarah_S04.mes,Script/dom2Kisarah_S04.mes,16,35,Kisarah,優しいボクが、<6E5C>つかのまの恋人気分を<6E5C>味わわせてあげようってゆーの!,"상냥한 내가,<6E5C>잠깐의 연인 기분을<6E5C>느끼게 해 주겠다는 거야!","상냥한 내가,<6E5C>잠깐의 연인 기분을<6E5C>느끼게 해 주겠다는 거야!"
dom2Kisarah_S04.mes,Script/dom2Kisarah_S04.mes,17,31,Kisarah,こんなステキなレディと<6E5C>デートなんて、<6E5C>そうそうないわヨォ?,"이런 멋진 레이디랑<6E5C>데이트라니,<6E5C>흔한 일 아니잖아?","이런 멋진 레이디랑<6E5C>데이트라니,<6E5C>흔한 일 아니잖아?"
dom2Kisarah_S04.mes,Script/dom2Kisarah_S04.mes,18,11,주인공,やめろよ、恥ずかしい,"그만해, 부끄럽잖아","그만해, 부끄럽잖아"
dom2Kisarah_S04.mes,Script/dom2Kisarah_S04.mes,19,31,Kisarah,ナニよ、ボクと腕組むのがイヤって<6E5C>ワケェ?ボクは嬉しいのに~,"뭐야, 나랑 팔짱 끼는 게 싫다는<6E5C>거야? 난 기쁜데~","뭐야, 나랑 팔짱 끼는 게 싫다는<6E5C>거야? 난 기쁜데~"
dom2Kisarah_S04.mes,Script/dom2Kisarah_S04.mes,20,4,주인공,え……,어……,어……
dom2Kisarah_S04.mes,Script/dom2Kisarah_S04.mes,21,21,Kisarah,ヨーシ、<이름:3232>クンのおごりで<6E5C>カラオケね★,"좋아, <이름:3232>군이 사는<6E5C>노래방 가자★","좋아, <이름:3232>군이 사는<6E5C>노래방 가자★"
dom2Kisarah_S04.mes,Script/dom2Kisarah_S04.mes,22,6,주인공,……トホホ,……흑흑,……흑흑
dom2Kisarah_S05.mes,Script/dom2Kisarah_S05.mes,0,7,[효과음/내레이션],♪ピンポーン,♪딩동,♪딩동
dom2Kisarah_S05.mes,Script/dom2Kisarah_S05.mes,1,6,주인공,ん?誰かな,누구지,누구지
dom2Kisarah_S05.mes,Script/dom2Kisarah_S05.mes,2,5,[효과음/내레이션],ガチャッ,달칵,달칵
dom2Kisarah_S05.mes,Script/dom2Kisarah_S05.mes,3,26,Kisarah,ハロ~.ステキなレディが遊びに<6E5C>来てあげたわヨ~?,헬로~. 멋진 레이디가 놀러<6E5C>와 줬어~?,헬로~. 멋진 레이디가 놀러<6E5C>와 줬어~?
dom2Kisarah_S05.mes,Script/dom2Kisarah_S05.mes,4,12,주인공,キサラ……ごきげんだな,키사라……기분 좋네,키사라……기분 좋네
dom2Kisarah_S05.mes,Script/dom2Kisarah_S05.mes,5,33,Kisarah,やっと試験から開放されたんだよ?<6E5C>夏休みも本番!遊ばなくっちゃ~,드디어 시험 끝났단 말이야?<6E5C>방학도 시작! 놀아야지~,드디어 시험 끝났단 말이야?<6E5C>방학도 시작! 놀아야지~
dom2Kisarah_S05.mes,Script/dom2Kisarah_S05.mes,6,6,주인공,強引だなぁ,억지스럽네,억지스럽네
dom2Kisarah_S05.mes,Script/dom2Kisarah_S05.mes,7,30,Kisarah,それとも、デートじゃなくて、<6E5C>この部屋で何かしたいのぉ~?,"아니면, 데이트 말고<6E5C>이 방서 뭔가 하고 싶어~?","아니면, 데이트 말고<6E5C>이 방서 뭔가 하고 싶어~?"
dom2Kisarah_S05.mes,Script/dom2Kisarah_S05.mes,8,11,주인공,そんなわけないだろ!,그럴 리가 없잖아!,그럴 리가 없잖아!
dom2Kisarah_S05.mes,Script/dom2Kisarah_S05.mes,9,19,Kisarah,もぉ、<6E5C>いつも邪険にするんだから……,"정말,<6E5C>맨날 매정하게 굴고……","정말,<6E5C>맨날 매정하게 굴고……"
dom2Kisarah_S05.mes,Script/dom2Kisarah_S05.mes,10,23,주인공,(……な、なんだよ、<6E5C>急にしおらしくなって),"(……뭐, 뭐야,<6E5C>갑자기 얌전해져서)","(……뭐, 뭐야,<6E5C>갑자기 얌전해져서)"
dom2Kisarah_S06.mes,Script/dom2Kisarah_S06.mes,0,15,주인공,あれ?キサラ、落ち込んでる?,"어라? 키사라, 우울해?","어라? 키사라, 우울해?"
dom2Kisarah_S06.mes,Script/dom2Kisarah_S06.mes,1,17,Kisarah,落ち込んでないわよ.怒ってるの!,우울한 거 아냐. 화난 거야!,우울한 거 아냐. 화난 거야!
dom2Kisarah_S06.mes,Script/dom2Kisarah_S06.mes,2,27,Kisarah,友達が待ち合わせに10分も<6E5C>遅れるから帰ってるトコ!,친구가 약속에 10분이나<6E5C>늦어서 돌아가는 중!,친구가 약속에 10분이나<6E5C>늦어서 돌아가는 중!
dom2Kisarah_S06.mes,Script/dom2Kisarah_S06.mes,3,27,주인공,10分の遅刻でか…….<6E5C>相変わらずキサラは厳しいなぁ,10분 지각으로……<6E5C>역시 키사라는 엄격하네,10분 지각으로……<6E5C>역시 키사라는 엄격하네
dom2Kisarah_S06.mes,Script/dom2Kisarah_S06.mes,4,22,Kisarah,そりゃしかたない事情があるなら<6E5C>怒らないよ,어쩔 수 없는 사정이면<6E5C>화 안 내,어쩔 수 없는 사정이면<6E5C>화 안 내
dom2Kisarah_S06.mes,Script/dom2Kisarah_S06.mes,5,28,Kisarah,でもみんないー加減なんだもん.<6E5C>それが許せないの、ボク,근데 다들 대충이란 말이야.<6E5C>그게 용서 안 돼,근데 다들 대충이란 말이야.<6E5C>그게 용서 안 돼
dom2Kisarah_S06.mes,Script/dom2Kisarah_S06.mes,6,29,주인공,ハハ…….<6E5C>キサラを怒らせないように、<6E5C>僕も気をつけるよ,하하…….<6E5C>키사라를 화나게 하지 않게<6E5C>나도 조심할게,하하…….<6E5C>키사라를 화나게 하지 않게<6E5C>나도 조심할게
dom2Kisarah_S06.mes,Script/dom2Kisarah_S06.mes,7,19,Kisarah,<이름:3232>クンはそんなコト<6E5C>しないでしょ?,<이름:3232>군은 그런 짓<6E5C>안 하잖아?,<이름:3232>군은 그런 짓<6E5C>안 하잖아?
dom2Kisarah_S06.mes,Script/dom2Kisarah_S06.mes,8,16,Kisarah,桑とは違うもの、<이름:3232>クンは……,"남들과는 달라, <이름:3232>군은","남들과는 달라, <이름:3232>군은"
dom2Kisarah_S06.mes,Script/dom2Kisarah_S06.mes,9,7,주인공,……じょう?,……라고?,……라고?
dom2Kisarah_S06.mes,Script/dom2Kisarah_S06.mes,10,14,Kisarah,信じてるからね?<이름:3232>クンッ,믿고 있으니까?<이름:3232>군!,믿고 있으니까?<이름:3232>군!
dom2Kisarah_S06.mes,Script/dom2Kisarah_S06.mes,11,26,주인공,ん?あそこでキザな男と<6E5C>しゃべってる女子高生は……,응? 저기서 느끼한 남자랑<6E5C>얘기하는 여고생은,응? 저기서 느끼한 남자랑<6E5C>얘기하는 여고생은
dom2Kisarah_S06.mes,Script/dom2Kisarah_S06.mes,12,27,Kisarah,しつこいわねぇ.ボク、<6E5C>軽薄なナンパって大ッキライ!,끈질기네.<6E5C>난 가벼운 헌팅 완전 싫어해!,끈질기네.<6E5C>난 가벼운 헌팅 완전 싫어해!
dom2Kisarah_S06.mes,Script/dom2Kisarah_S06.mes,13,29,UNKNOWN_4c,レディ、俺が美しすぎるからって、<6E5C>怖がることないんだよ?,"레이디, 내가 너무 잘생겨서<6E5C>겁먹을 필요 없다구?","레이디, 내가 너무 잘생겨서<6E5C>겁먹을 필요 없다구?"
dom2Kisarah_S06.mes,Script/dom2Kisarah_S06.mes,14,19,Kisarah,うるさいわねぇ、いーかげん怒るヨ<6E5C>!,"시끄럽네, 슬슬 화낼 거야<6E5C>!","시끄럽네, 슬슬 화낼 거야<6E5C>!"
dom2Kisarah_S06.mes,Script/dom2Kisarah_S06.mes,15,19,주인공,(キサラがナンパ男とモメてる……<6E5C>),(키사라가 헌팅남과 실랑이……<6E5C>),(키사라가 헌팅남과 실랑이……<6E5C>)
dom2Kisarah_S06.mes,Script/dom2Kisarah_S06.mes,16,18,Kisarah,アッ、<이름:3232>クン!<6E5C>こっち、こっち!,"앗, <이름:3232>군!<6E5C>이쪽, 이쪽!","앗, <이름:3232>군!<6E5C>이쪽, 이쪽!"
dom2Kisarah_S06.mes,Script/dom2Kisarah_S06.mes,17,7,주인공,ん?なんだ?,응? 뭐야?,응? 뭐야?
dom2Kisarah_S06.mes,Script/dom2Kisarah_S06.mes,18,29,Kisarah,被はボクのカレシなんだぞ!<6E5C>悪いけど、他あたってくれる?,"이 사람 내 남친이거든!<6E5C>미안하지만, 딴 데 알아봐","이 사람 내 남친이거든!<6E5C>미안하지만, 딴 데 알아봐"
dom2Kisarah_S06.mes,Script/dom2Kisarah_S06.mes,19,12,주인공,な、何言ってるんだよ!,뭔 소리야!,뭔 소리야!
dom2Kisarah_S06.mes,Script/dom2Kisarah_S06.mes,20,25,UNKNOWN_4c,君のような美しいレディに、<6E5C>こんなダサ男が……?,이런 미인한테<6E5C>이런 남자라니……?,이런 미인한테<6E5C>이런 남자라니……?
dom2Kisarah_S06.mes,Script/dom2Kisarah_S06.mes,21,7,UNKNOWN_4c,やれやれ……,어휴……,어휴……
dom2Kisarah_S06.mes,Script/dom2Kisarah_S06.mes,22,7,[효과음/내레이션],スゴスゴ……,터덜터덜……,터덜터덜……
dom2Kisarah_S06.mes,Script/dom2Kisarah_S06.mes,23,15,Kisarah,フゥ、なんとか追っ払えたわね,"후, 어떻게든 쫓아냈네","후, 어떻게든 쫓아냈네"
dom2Kisarah_S06.mes,Script/dom2Kisarah_S06.mes,24,14,주인공,用が済んだのなら離せよ、腕,"용건 끝났으면 놔, 팔","용건 끝났으면 놔, 팔"
dom2Kisarah_S06.mes,Script/dom2Kisarah_S06.mes,25,21,Kisarah,じゃー、これからどこに行く?<6E5C>ダーリン★,"자, 이제 어디 갈까?<6E5C>자기★","자, 이제 어디 갈까?<6E5C>자기★"
dom2Kisarah_S06.mes,Script/dom2Kisarah_S06.mes,26,8,주인공,冗談はよせよ!,농담 그만해!,농담 그만해!
dom2Kisarah_S06.mes,Script/dom2Kisarah_S06.mes,27,31,Kisarah,やーねぇ、ボクのカレシ役を<6E5C>演じられたんだから喜びなさいヨ~,"에이, 내 남친 역할<6E5C>해봤으니까 기뻐하라구~","에이, 내 남친 역할<6E5C>해봤으니까 기뻐하라구~"
dom2Kisarah_S06.mes,Script/dom2Kisarah_S06.mes,28,11,Kisarah,ホントは嬉しいくせに,사실은 좋으면서,사실은 좋으면서
dom2Kisarah_S06.mes,Script/dom2Kisarah_S06.mes,29,5,주인공,…………,…………,…………
dom2Kisarah_S07.mes,Script/dom2Kisarah_S07.mes,0,7,[효과음/내레이션],♪ピンポーン,♪딩동,♪딩동
dom2Kisarah_S07.mes,Script/dom2Kisarah_S07.mes,1,8,주인공,おや、誰だろう,"어라, 누구지","어라, 누구지"
dom2Kisarah_S07.mes,Script/dom2Kisarah_S07.mes,2,5,[효과음/내레이션],ガチャッ,철컥,철컥
dom2Kisarah_S07.mes,Script/dom2Kisarah_S07.mes,3,4,Kisarah,ハロ~,헬로~,헬로~
dom2Kisarah_S07.mes,Script/dom2Kisarah_S07.mes,4,27,주인공,キサラ…….来るのはいいけど、<6E5C>前もって連絡とか……,"키사라……. 오는 건 좋은데,<6E5C>미리 연락이라도","키사라……. 오는 건 좋은데,<6E5C>미리 연락이라도"
dom2Kisarah_S07.mes,Script/dom2Kisarah_S07.mes,5,7,[효과음/내레이션],♪ピンポーン,♪딩동,♪딩동
dom2Kisarah_S07.mes,Script/dom2Kisarah_S07.mes,6,10,주인공,あれ?また誰か……,어라? 또 누구야,어라? 또 누구야
dom2Kisarah_S07.mes,Script/dom2Kisarah_S07.mes,7,5,[효과음/내레이션],ガチャッ,철컥,철컥
dom2Kisarah_S07.mes,Script/dom2Kisarah_S07.mes,8,11,Shizuku,こんにちは、<이름:3131>くん,"안녕하세요, <이름:3131>군","안녕하세요, <이름:3131>군"
dom2Kisarah_S07.mes,Script/dom2Kisarah_S07.mes,9,6,주인공,巳沢さん!,미사와씨!,미사와씨!
dom2Kisarah_S07.mes,Script/dom2Kisarah_S07.mes,10,32,Shizuku,この前、<이름:3131>くんのノートを<6E5C>間違えて持って帰って<6E5C>しまって……,"저번에, <이름:3131>군 노트를<6E5C>실수로 가져가<6E5C>버려서……","저번에, <이름:3131>군 노트를<6E5C>실수로 가져가<6E5C>버려서……"
dom2Kisarah_S07.mes,Script/dom2Kisarah_S07.mes,11,10,Shizuku,それを持ってきたの,그거 가져왔어요,그거 가져왔어요
dom2Kisarah_S07.mes,Script/dom2Kisarah_S07.mes,12,13,주인공,ああ、わざわざありがとう,"아, 일부러 고마워","아, 일부러 고마워"
dom2Kisarah_S07.mes,Script/dom2Kisarah_S07.mes,13,10,Shizuku,じゃあ、私はこれで,"그럼, 저는 이만","그럼, 저는 이만"
dom2Kisarah_S07.mes,Script/dom2Kisarah_S07.mes,14,18,Shizuku,ごめんなさいね?<6E5C>お話の邪魔をして,미안해요?<6E5C>얘기 방해해서,미안해요?<6E5C>얘기 방해해서
dom2Kisarah_S07.mes,Script/dom2Kisarah_S07.mes,15,5,Kisarah,…………,…………,…………
dom2Kisarah_S07.mes,Script/dom2Kisarah_S07.mes,16,4,[효과음/내레이션],バタン,쾅,쾅
dom2Kisarah_S07.mes,Script/dom2Kisarah_S07.mes,17,15,주인공,どうしたんだよキサラ.黙って,"왜 그래, 말도 없이","왜 그래, 말도 없이"
dom2Kisarah_S07.mes,Script/dom2Kisarah_S07.mes,18,24,Kisarah,……フーン、<이름:3232>クン、<6E5C>あーゆー女が好きなんだ,"……흐응, <이름:3232>군,<6E5C>저런 여자 좋아하는구나","……흐응, <이름:3232>군,<6E5C>저런 여자 좋아하는구나"
dom2Kisarah_S07.mes,Script/dom2Kisarah_S07.mes,19,13,주인공,はぁ?何勘違いしてるんだ,뭐? 뭘 착각하는 거야,뭐? 뭘 착각하는 거야
dom2Kisarah_S07.mes,Script/dom2Kisarah_S07.mes,20,29,Kisarah,じゃあ、なんとも思ってないの?<6E5C>ボクの方が好き?答えてよ,"그럼, 아무렇지도 않아?<6E5C>내가 더 좋아? 대답해 봐","그럼, 아무렇지도 않아?<6E5C>내가 더 좋아? 대답해 봐"
dom2Kisarah_S07.mes,Script/dom2Kisarah_S07.mes,21,7,[선택지],好きわからない,좋아해모르겠어,좋아해\모르겠어
dom2Kisarah_S07.mes,Script/dom2Kisarah_S07.mes,22,21,주인공,そりゃ、キサラとは付き合いが<6E5C>長いし……,"그야, 키사라랑 오래 알고<6E5C>지냈으니까","그야, 키사라랑 오래 알고<6E5C>지냈으니까"
dom2Kisarah_S07.mes,Script/dom2Kisarah_S07.mes,23,20,Kisarah,じゃあ、友達として好きって<6E5C>コトなんだ,"그럼, 친구로서 좋아한다는<6E5C>거구나","그럼, 친구로서 좋아한다는<6E5C>거구나"
dom2Kisarah_S07.mes,Script/dom2Kisarah_S07.mes,24,5,주인공,…………,…………,…………
dom2Kisarah_S07.mes,Script/dom2Kisarah_S07.mes,25,29,Kisarah,クスッ、まーいーや、それで.<6E5C>ヘンなコト言ってゴメンね?,"큭, 뭐 됐어, 그걸로.<6E5C>이상한 말 해서 미안해?","큭, 뭐 됐어, 그걸로.<6E5C>이상한 말 해서 미안해?"
dom2Kisarah_S07.mes,Script/dom2Kisarah_S07.mes,26,26,Kisarah,でも、いい加減な気持ちで<6E5C>閉いたんじゃないよ?ボク,"근데, 대충 넘기려고<6E5C>물어본 거 아니야, 나","근데, 대충 넘기려고<6E5C>물어본 거 아니야, 나"
dom2Kisarah_S07.mes,Script/dom2Kisarah_S07.mes,27,14,주인공,そんなの、わからないよ……,"그런 건, 모르겠어……","그런 건, 모르겠어……"
dom2Kisarah_S07.mes,Script/dom2Kisarah_S07.mes,28,38,Kisarah,……ゴメン.<이름:3232>クンが他の<6E5C>女の人と仲良くしてるのが<6E5C>イヤだったんだ、ボク,"……미안.<이름:3232>군이 다른<6E5C>여자랑 친하게 지내는 게<6E5C>싫었어, 나","……미안.<이름:3232>군이 다른<6E5C>여자랑 친하게 지내는 게<6E5C>싫었어, 나"
dom2Kisarah_S07.mes,Script/dom2Kisarah_S07.mes,29,5,주인공,…………,…………,…………
dom2Kisarah_S07.mes,Script/dom2Kisarah_S07.mes,30,20,Kisarah,ボク、<이름:3232>クンのコトが<6E5C>好きなのかな?,"나, <이름:3232>군을<6E5C>좋아하나 봐?","나, <이름:3232>군을<6E5C>좋아하나 봐?"
dom2Kisarah_S08.mes,Script/dom2Kisarah_S08.mes,0,26,주인공,あれ?めずらしいな、<6E5C>キサラが神楽神社にいるなんて,"어라? 별일이네,<6E5C>키사라가 신사에 있다니","어라? 별일이네,<6E5C>키사라가 신사에 있다니"
dom2Kisarah_S08.mes,Script/dom2Kisarah_S08.mes,1,20,Kisarah,そう?昔はよくふたりで<6E5C>来てたじゃない,그래? 옛날엔 자주 둘이서<6E5C>왔었잖아,그래? 옛날엔 자주 둘이서<6E5C>왔었잖아
dom2Kisarah_S08.mes,Script/dom2Kisarah_S08.mes,2,26,주인공,それ、10年以上前の話だろ?<6E5C>子どもの頃じゃないか,그거 10년 전 얘기잖아?<6E5C>어릴 때잖아,그거 10년 전 얘기잖아?<6E5C>어릴 때잖아
dom2Kisarah_S08.mes,Script/dom2Kisarah_S08.mes,3,27,Kisarah,あれから変わっちゃったり<6E5C>したのかなぁ、ボクたち……,"그때부터 변해버린 걸까<6E5C>, 우리……","그때부터 변해버린 걸까<6E5C>, 우리……"
dom2Kisarah_S08.mes,Script/dom2Kisarah_S08.mes,4,25,주인공,どうしたんだ?<6E5C>ずいぶんおとなしいんだな、今日は,왜 그래?<6E5C>오늘따라 되게 얌전하네,왜 그래?<6E5C>오늘따라 되게 얌전하네
dom2Kisarah_S08.mes,Script/dom2Kisarah_S08.mes,5,22,Kisarah,も~、<이름:3232>クンはデリカシーが<6E5C>ないんだから,"정말~, <이름:3232>군은 눈치가<6E5C>없다니까","정말~, <이름:3232>군은 눈치가<6E5C>없다니까"
dom2Kisarah_S08.mes,Script/dom2Kisarah_S08.mes,6,8,주인공,ごめん、ごめん,"미안, 미안","미안, 미안"
dom2Kisarah_S08.mes,Script/dom2Kisarah_S08.mes,7,33,주인공,でも、人間変わるのが<6E5C>あたりまえだろ?<6E5C>悲しむことないじゃないか,"근데, 사람이 변하는 건<6E5C>당연하잖아?<6E5C>슬퍼할 것 없잖아","근데, 사람이 변하는 건<6E5C>당연하잖아?<6E5C>슬퍼할 것 없잖아"
dom2Kisarah_S08.mes,Script/dom2Kisarah_S08.mes,8,21,Kisarah,変わらなくていいものだって<6E5C>あるでしょ?,안 변해도 되는 것도<6E5C>있잖아?,안 변해도 되는 것도<6E5C>있잖아?
dom2Kisarah_S08.mes,Script/dom2Kisarah_S08.mes,9,2,주인공,?,?,?
dom2Kisarah_S08.mes,Script/dom2Kisarah_S08.mes,10,21,Kisarah,<이름:3232>クンは変わってないって、<6E5C>信じてるヨ,<이름:3232>군은 안 변했다고<6E5C>믿고 있어,<이름:3232>군은 안 변했다고<6E5C>믿고 있어
dom2Kisarah_X01.mes,Script/dom2Kisarah_X01.mes,0,6,UNKNOWN_1e,キュゥッ!,큐웃!,큐웃!
dom2Kisarah_X01.mes,Script/dom2Kisarah_X01.mes,1,4,[효과음/내레이션],ガブッ,덥석,덥석
dom2Kisarah_X01.mes,Script/dom2Kisarah_X01.mes,2,6,주인공,いってー!,아야!,아야!
dom2Kisarah_X01.mes,Script/dom2Kisarah_X01.mes,3,5,UNKNOWN_3e,キュゥ!,큐우!,큐우!
dom2Kisarah_X01.mes,Script/dom2Kisarah_X01.mes,4,11,주인공,イトカツ……あ、朝か,이토카츠… 아침인가,이토카츠… 아침인가
dom2Kisarah_X01.mes,Script/dom2Kisarah_X01.mes,5,16,Hotaru,お兄ちゃん、いつまで寝てるの?,"오빠, 언제까지 잘 거야?","오빠, 언제까지 잘 거야?"
dom2Kisarah_X01.mes,Script/dom2Kisarah_X01.mes,6,24,Hotaru,いい天気だから、<6E5C>外に出ないともったいないよ!,"날씨 좋은데,<6E5C>밖에 안 나가면 아깝잖아!","날씨 좋은데,<6E5C>밖에 안 나가면 아깝잖아!"
dom2Kisarah_X01.mes,Script/dom2Kisarah_X01.mes,7,12,주인공,ほたるは朝から元気だな,호타루 기운 넘치네,호타루 기운 넘치네
dom2Kisarah_X01.mes,Script/dom2Kisarah_X01.mes,8,14,Hotaru,もう朝ごはんもできてるよ?,벌써 아침밥도 다 됐어,벌써 아침밥도 다 됐어
dom2Kisarah_X01.mes,Script/dom2Kisarah_X01.mes,9,27,주인공,ほたるの朝ごはんか……じゃ、<6E5C>もうひと眠りしようかな,"호타루의 아침밥이라……<6E5C>그럼, 좀 더 자볼까","호타루의 아침밥이라……<6E5C>그럼, 좀 더 자볼까"
dom2Kisarah_X01.mes,Script/dom2Kisarah_X01.mes,10,8,Hotaru,お兄ちゃーん!,오빠아!,오빠아!
dom2Kisarah_X01.mes,Script/dom2Kisarah_X01.mes,11,5,UNKNOWN_3e,キュゥ!,큐우!,큐우!
dom2Kisarah_X01.mes,Script/dom2Kisarah_X01.mes,12,6,[효과음/내레이션],バリバリッ,우적!,우적!
dom2Kisarah_X01.mes,Script/dom2Kisarah_X01.mes,13,6,주인공,いってー!,아야!,아야!
dom2Kisarah_X01.mes,Script/dom2Kisarah_X01.mes,14,65,주인공,ゼミのレポートも一応完成したし、<6E5C>もうあまりすることって<6E5C>ないんだよなぁ<485C>でもせっかくの夏だし、<6E5C>部屋に閉じこもっててもなぁ……,"세미나 리포트도 일단 완성했고,<6E5C>이제 딱히 할 일도<6E5C>없는데<485C>근데 모처럼 여름인데,<6E5C>방에만 있기도 그렇고……","세미나 리포트도 일단 완성했고,<6E5C>이제 딱히 할 일도<6E5C>없는데<485C>근데 모처럼 여름인데,<6E5C>방에만 있기도 그렇고……"
dom2Kisarah_X01.mes,Script/dom2Kisarah_X01.mes,15,14,주인공,あれ?あそこにいるのは……,어라? 저기 있는 건……,어라? 저기 있는 건……
dom2Kisarah_X01.mes,Script/dom2Kisarah_X01.mes,16,9,Kisarah,あ、<이름:3232>クン……,"아, <이름:3232>군……","아, <이름:3232>군……"
dom2Kisarah_X01.mes,Script/dom2Kisarah_X01.mes,17,22,주인공,こんなとこにひとりで<6E5C>何してるんだ?キサラ,이런 데서 혼자<6E5C>뭐 하는 거야? 키사라,이런 데서 혼자<6E5C>뭐 하는 거야? 키사라
dom2Kisarah_X01.mes,Script/dom2Kisarah_X01.mes,18,33,Kisarah,……フフッ、ココで<이름:3232>クンに<6E5C>会わせてくれるなんて、<6E5C>ステキだね,"……후훗, 여기서 <이름:3232>군을<6E5C>만나게 해주다니,<6E5C>멋지네","……후훗, 여기서 <이름:3232>군을<6E5C>만나게 해주다니,<6E5C>멋지네"
dom2Kisarah_X01.mes,Script/dom2Kisarah_X01.mes,19,3,주인공,え?,어?,어?
dom2Kisarah_X01.mes,Script/dom2Kisarah_X01.mes,20,30,Kisarah,暑いんだから、さっさと涼しい<6E5C>カフェにでも案内しなさいよ!,"더우니까, 빨리 시원한<6E5C>카페로 안내해!","더우니까, 빨리 시원한<6E5C>카페로 안내해!"
dom2Kisarah_X01.mes,Script/dom2Kisarah_X01.mes,21,10,Kisarah,気が利かないわネ~,눈치 없네~,눈치 없네~
dom2Kisarah_X01.mes,Script/dom2Kisarah_X01.mes,22,13,주인공,な、なんて勝手なんだ……,"뭐, 제멋대로네……","뭐, 제멋대로네……"
dom2Kisarah_X01.mes,Script/dom2Kisarah_X01.mes,23,12,[효과음/내레이션],♪カランコロンカラ~ン,♪딸랑딸랑~,♪딸랑딸랑~
dom2Kisarah_X01.mes,Script/dom2Kisarah_X01.mes,24,16,Shizuku,いらっしゃいませ.あ、<이름:3131>くん,"어서 오세요. 아, <이름:3131>군","어서 오세요. 아, <이름:3131>군"
dom2Kisarah_X01.mes,Script/dom2Kisarah_X01.mes,25,27,Kisarah,と、そのカノジョのキサラの<6E5C>2名様でーす.ヨロシク~,"그리고, 여친 키사라<6E5C>2명이요. 잘 부탁해~","그리고, 여친 키사라<6E5C>2명이요. 잘 부탁해~"
dom2Kisarah_X01.mes,Script/dom2Kisarah_X01.mes,26,17,주인공,おいおい、勝手な自己紹介するなよ,"야야, 멋대로 자기소개하지 마","야야, 멋대로 자기소개하지 마"
dom2Kisarah_X01.mes,Script/dom2Kisarah_X01.mes,27,34,Shizuku,……フフッ、素敵な被女ね.<6E5C>待ってね、今すぐお水を<6E5C>持ってくるから,"……후훗, 멋진 여자친구네.<6E5C>기다려, 지금 바로 물<6E5C>가져올게","……후훗, 멋진 여자친구네.<6E5C>기다려, 지금 바로 물<6E5C>가져올게"
dom2Kisarah_X01.mes,Script/dom2Kisarah_X01.mes,28,22,Kisarah,ムム……なかなか手ごわい女ね.<6E5C>やるわ……,음음…… 제법 만만찮네.<6E5C>제법인데……,음음…… 제법 만만찮네.<6E5C>제법인데……
dom2Kisarah_X01.mes,Script/dom2Kisarah_X01.mes,29,19,주인공,なんであんなこと言うんだよ、<6E5C>キサラ,"왜 그런 말을 하는 거야,<6E5C>키사라","왜 그런 말을 하는 거야,<6E5C>키사라"
dom2Kisarah_X01.mes,Script/dom2Kisarah_X01.mes,30,30,Kisarah,今の人、キミと同じゼミの子でしょ<6E5C>?かな~り親密なご関係の,"방금 그 사람, 세미나 친구지?<6E5C>꽤 친밀한 사이인","방금 그 사람, 세미나 친구지?<6E5C>꽤 친밀한 사이인"
dom2Kisarah_X01.mes,Script/dom2Kisarah_X01.mes,31,15,주인공,普通の友達の、巳沢雫さんだよ,"그냥 친구인, 미사와 씨야","그냥 친구인, 미사와 씨야"
dom2Kisarah_X01.mes,Script/dom2Kisarah_X01.mes,32,21,Kisarah,でも、この店を選んだのは<6E5C><이름:3232>クンだよ?,"근데, 이 가게 고른 건<6E5C><이름:3232>군이잖아","근데, 이 가게 고른 건<6E5C><이름:3232>군이잖아"
dom2Kisarah_X01.mes,Script/dom2Kisarah_X01.mes,33,42,Kisarah,それって、あの子に会いたかった<6E5C>から?それとも、あの子にボクを<6E5C>見せたかったから?,"그거, 저 애를 만나고 싶어서<6E5C>야? 아니면, 저 애한테<6E5C>날 보여주려고?","그거, 저 애를 만나고 싶어서<6E5C>야? 아니면, 저 애한테<6E5C>날 보여주려고?"
dom2Kisarah_X01.mes,Script/dom2Kisarah_X01.mes,34,10,주인공,なんだよ、その質問,"뭐야, 그 질문","뭐야, 그 질문"
dom2Kisarah_X01.mes,Script/dom2Kisarah_X01.mes,35,8,Kisarah,ねェ、答えてよ,"저기, 대답해","저기, 대답해"
dom2Kisarah_X01.mes,Script/dom2Kisarah_X01.mes,36,16,[선택지],会いたかったから見せたかったから,만나고 싶어서보여주고 싶어서,만나고 싶어서\보여주고 싶어서
dom2Kisarah_X01.mes,Script/dom2Kisarah_X01.mes,37,23,주인공,じゃあ……巳沢さんに<6E5C>会いたかったから、かな,그럼…… 미사와 씨를<6E5C>만나고 싶어서려나,그럼…… 미사와 씨를<6E5C>만나고 싶어서려나
dom2Kisarah_X01.mes,Script/dom2Kisarah_X01.mes,38,5,Kisarah,…………,…………,…………
dom2Kisarah_X01.mes,Script/dom2Kisarah_X01.mes,39,24,주인공,なんだよ、キサラがいじわるなコト<6E5C>言うからだろ,"뭐야, 키사라가 얄미운 소리<6E5C>하니까 그렇지","뭐야, 키사라가 얄미운 소리<6E5C>하니까 그렇지"
dom2Kisarah_X01.mes,Script/dom2Kisarah_X01.mes,40,26,Kisarah,ボク、イジワルなコトなんて<6E5C>ひと言も言ってないよ?,"나, 못된 말 같은 거<6E5C>한마디도 안 했는데?","나, 못된 말 같은 거<6E5C>한마디도 안 했는데?"
dom2Kisarah_X01.mes,Script/dom2Kisarah_X01.mes,41,24,Kisarah,いつだって素直なのに.<6E5C><이름:3232>クン、勘違いしてる,"항상 솔직한데.<6E5C><이름:3232>군, 착각하고 있어","항상 솔직한데.<6E5C><이름:3232>군, 착각하고 있어"
dom2Kisarah_X01.mes,Script/dom2Kisarah_X01.mes,42,6,주인공,どこがだよ,뭐가,뭐가
dom2Kisarah_X01.mes,Script/dom2Kisarah_X01.mes,43,24,Kisarah,<이름:3232>クン、ボクの素直な気持ちに<6E5C>気づかないの?,"<이름:3232>군, 내 진심을<6E5C>못 알아채는 거야?","<이름:3232>군, 내 진심을<6E5C>못 알아채는 거야?"
dom2Kisarah_X01.mes,Script/dom2Kisarah_X01.mes,44,16,주인공,キサラを見せたかったから、かな,키사라 보여주고 싶어서,키사라 보여주고 싶어서
dom2Kisarah_X01.mes,Script/dom2Kisarah_X01.mes,45,10,Kisarah,えっ、<이름:3232>クン……,"엇, <이름:3232>군……","엇, <이름:3232>군……"
dom2Kisarah_X01.mes,Script/dom2Kisarah_X01.mes,46,20,주인공,こんな面白い奴、<6E5C>なかなかいないもんな,"이렇게 재밌는 애,<6E5C>좀처럼 없으니까","이렇게 재밌는 애,<6E5C>좀처럼 없으니까"
dom2Kisarah_X01.mes,Script/dom2Kisarah_X01.mes,47,13,Kisarah,どーゆーコトよ、それェ!,그게 무슨 소리야!,그게 무슨 소리야!
dom2Kisarah_X01.mes,Script/dom2Kisarah_X01.mes,48,5,주인공,冗談だよ,농담이야,농담이야
dom2Kisarah_X01.mes,Script/dom2Kisarah_X01.mes,49,34,주인공,ここ、好きな店だからキサラと<6E5C>来たかったんだよ.<6E5C>それじゃ悪いか?,"여기, 좋아하는 가게라 키사라랑<6E5C>오고 싶었어.<6E5C>그게 나빠?","여기, 좋아하는 가게라 키사라랑<6E5C>오고 싶었어.<6E5C>그게 나빠?"
dom2Kisarah_X01.mes,Script/dom2Kisarah_X01.mes,50,16,Kisarah,もぉ……それで許してあげるワ!,정말……그걸로 용서해 줄게!,정말……그걸로 용서해 줄게!
dom2Kisarah_X01.mes,Script/dom2Kisarah_X01.mes,51,21,Kisarah,アー!<이름:3232>クン、あれも乗ろう、<6E5C>あれも!,"아! <이름:3232>군, 저것도 타자,<6E5C>저것도!","아! <이름:3232>군, 저것도 타자,<6E5C>저것도!"
dom2Kisarah_X01.mes,Script/dom2Kisarah_X01.mes,52,17,주인공,な、なんでネオジオワールドに……,"왜, 왜 네오지오 월드에……","왜, 왜 네오지오 월드에……"
dom2Kisarah_X01.mes,Script/dom2Kisarah_X01.mes,53,25,Kisarah,せっかく会ったんだもん.<6E5C>遊ばなきゃ損でしょ~?,모처럼 만났잖아.<6E5C>놀지 않으면 손해잖아~?,모처럼 만났잖아.<6E5C>놀지 않으면 손해잖아~?
dom2Kisarah_X01.mes,Script/dom2Kisarah_X01.mes,54,17,주인공,ったく、昔から変わらないんだから,"진짜, 옛날부터 안 변한다니까","진짜, 옛날부터 안 변한다니까"
dom2Kisarah_X01.mes,Script/dom2Kisarah_X01.mes,55,42,Kisarah,もぅ何年の付き合いだと思ってるの<6E5C>?幼馴染なんだから、<6E5C>しっかり付き合いなさいヨ!,"도대체 몇 년 알고 지냈다고<6E5C>생각하는 거야? 소꿉친구니까,<6E5C>제대로 놀아줘!","도대체 몇 년 알고 지냈다고<6E5C>생각하는 거야? 소꿉친구니까,<6E5C>제대로 놀아줘!"
dom2Kisarah_X01.mes,Script/dom2Kisarah_X01.mes,56,7,주인공,はいはい……,네네……,네네……
dom2Kisarah_X01.mes,Script/dom2Kisarah_X01.mes,57,22,Kisarah,その前にあそこでソフトクリーム<6E5C>食べよ~?,그 전에 저기서 아이스크림<6E5C>먹자~?,그 전에 저기서 아이스크림<6E5C>먹자~?
dom2Kisarah_X01.mes,Script/dom2Kisarah_X01.mes,58,10,주인공,わかりましたよ……,알겠습니다……,알겠습니다……
dom2Kisarah_X01.mes,Script/dom2Kisarah_X01.mes,59,5,[효과음/내레이션],ペロペロ,할짝할짝,할짝할짝
dom2Kisarah_X01.mes,Script/dom2Kisarah_X01.mes,60,24,Kisarah,フフッ、真夏のソフトクリームは<6E5C>おいしいわネ~,"후훗, 한여름 소프트아이스크림은<6E5C>맛있네~","후훗, 한여름 소프트아이스크림은<6E5C>맛있네~"
dom2Kisarah_X01.mes,Script/dom2Kisarah_X01.mes,61,14,주인공,うん、たまに食べるといいな,"응, 가끔 먹으면 좋더라","응, 가끔 먹으면 좋더라"
dom2Kisarah_X01.mes,Script/dom2Kisarah_X01.mes,62,24,Kisarah,アッ、<이름:3232>クン、ほっぺたに<6E5C>クリームついてるよ,"앗, <이름:3232>군, 볼에<6E5C>크림 묻었어","앗, <이름:3232>군, 볼에<6E5C>크림 묻었어"
dom2Kisarah_X01.mes,Script/dom2Kisarah_X01.mes,63,3,주인공,えっ,엇,엇
dom2Kisarah_X01.mes,Script/dom2Kisarah_X01.mes,64,4,[효과음/내레이션],ペロッ,할짝,할짝
dom2Kisarah_X01.mes,Script/dom2Kisarah_X01.mes,65,12,Kisarah,ハイ、取ってあげたわよ,"자, 떼어줬어","자, 떼어줬어"
dom2Kisarah_X01.mes,Script/dom2Kisarah_X01.mes,66,19,주인공,わぁっ!なんでなめるんだよ、<6E5C>バカ!,"으악! 왜 핥는 거야,<6E5C>바보!","으악! 왜 핥는 거야,<6E5C>바보!"
dom2Kisarah_X01.mes,Script/dom2Kisarah_X01.mes,67,26,Kisarah,だって、指で取ったら汚れる<6E5C>じゃない.当然でしょ?,"그야, 손가락으로 닦으면<6E5C>더러워지잖아","그야, 손가락으로 닦으면<6E5C>더러워지잖아"
dom2Kisarah_X01.mes,Script/dom2Kisarah_X01.mes,68,17,주인공,ク、クリームぐらい自分で拭くよ!,크림 정도는 내가 닦을게!,크림 정도는 내가 닦을게!
dom2Kisarah_X01.mes,Script/dom2Kisarah_X01.mes,69,16,Kisarah,エ~、おいしいのにもったいない,"에~, 맛있는데 아깝다","에~, 맛있는데 아깝다"
dom2Kisarah_X01.mes,Script/dom2Kisarah_X01.mes,70,11,[선택지],恥ずかしいだろ汚いだろ,부끄럽잖아더럽잖아,부끄럽잖아\더럽잖아
dom2Kisarah_X01.mes,Script/dom2Kisarah_X01.mes,71,9,주인공,恥ずかしいだろ!,부끄럽잖아!,부끄럽잖아!
dom2Kisarah_X01.mes,Script/dom2Kisarah_X01.mes,72,34,Kisarah,どーして?ボクは<이름:3232>クンと<6E5C>だったら、ぜんぜん<6E5C>恥ずかしくないヨ?,"왜? 나는 <이름:3232>군이랑<6E5C>이면, 전혀<6E5C>안 부끄러운데?","왜? 나는 <이름:3232>군이랑<6E5C>이면, 전혀<6E5C>안 부끄러운데?"
dom2Kisarah_X01.mes,Script/dom2Kisarah_X01.mes,73,5,주인공,…………,…………,…………
dom2Kisarah_X01.mes,Script/dom2Kisarah_X01.mes,74,16,Kisarah,アハハ!<이름:3232>クン耳まで真っ赤!,아하하! <이름:3232>군 귀 새빨개!,아하하! <이름:3232>군 귀 새빨개!
dom2Kisarah_X01.mes,Script/dom2Kisarah_X01.mes,75,5,주인공,キサラ!,키사라!,키사라!
dom2Kisarah_X01.mes,Script/dom2Kisarah_X01.mes,76,27,Kisarah,フフッ?<6E5C><이름:3232>クンのほっぺたのも、<6E5C>おいしかったヨ?,"후훗?<6E5C><이름:3232>군 볼에 있던 것도,<6E5C>맛있었어","후훗?<6E5C><이름:3232>군 볼에 있던 것도,<6E5C>맛있었어"
dom2Kisarah_X01.mes,Script/dom2Kisarah_X01.mes,77,6,주인공,汚いだろ!,더럽잖아!,더럽잖아!
dom2Kisarah_X01.mes,Script/dom2Kisarah_X01.mes,78,5,[효과음/내레이션],ゴシゴシ,벅벅,벅벅
dom2Kisarah_X01.mes,Script/dom2Kisarah_X01.mes,79,17,Kisarah,アーッ!拭き取るなんてサイテー!,아앗! 닦아내다니 최악이야!,아앗! 닦아내다니 최악이야!
dom2Kisarah_X01.mes,Script/dom2Kisarah_X01.mes,80,16,주인공,おまえがそんなことするからだ!,네가 그러니까 그렇지!,네가 그러니까 그렇지!
dom2Kisarah_X01.mes,Script/dom2Kisarah_X01.mes,81,13,Kisarah,もぉ、<이름:3232>クンのバカ……,"정말, <이름:3232>군 바보……","정말, <이름:3232>군 바보……"
dom2Kisarah_X01.mes,Script/dom2Kisarah_X01.mes,82,19,주인공,……ふぅ.<6E5C>結局1日中遊んじゃったな,……후.<6E5C>결국 하루 종일 놀았네,……후.<6E5C>결국 하루 종일 놀았네
dom2Kisarah_X01.mes,Script/dom2Kisarah_X01.mes,83,38,Kisarah,ボクといるのが楽しすぎて、<6E5C>時間が経つのも忘れちゃったって<6E5C>カンジだね~?,"나랑 있는 게 너무 즐거워서,<6E5C>시간 가는 줄 몰랐다는<6E5C>느낌이지~?","나랑 있는 게 너무 즐거워서,<6E5C>시간 가는 줄 몰랐다는<6E5C>느낌이지~?"
dom2Kisarah_X01.mes,Script/dom2Kisarah_X01.mes,84,14,주인공,……まぁ、なんでもいいけど,"뭐, 아무래도 상관없지만","뭐, 아무래도 상관없지만"
dom2Kisarah_X01.mes,Script/dom2Kisarah_X01.mes,85,35,Kisarah,ボクは<이름:3232>クンと遊べて<6E5C>楽しかったヨ.<6E5C><이름:3232>クンは楽しくなかったの?,나는 <이름:3232>군이랑 놀아서<6E5C>즐거웠어.<6E5C><이름:3232>군은 안 즐거웠어?,나는 <이름:3232>군이랑 놀아서<6E5C>즐거웠어.<6E5C><이름:3232>군은 안 즐거웠어?
dom2Kisarah_X01.mes,Script/dom2Kisarah_X01.mes,86,14,주인공,いや、まぁ……楽しかったヨ,"아니, 뭐…… 즐거웠어","아니, 뭐…… 즐거웠어"
dom2Kisarah_X01.mes,Script/dom2Kisarah_X01.mes,87,5,Kisarah,ホラね!,거 봐!,거 봐!
dom2Kisarah_X01.mes,Script/dom2Kisarah_X01.mes,88,44,Kisarah,あのとき、<이름:3232>クンが神社に<6E5C>来てくれて嬉しかった.やっぱり、<6E5C>覚えててくれたんだね……,"그때, <이름:3232>군이 신사에<6E5C>와줘서 기뻤어. 역시,<6E5C>기억하고 있었구나……","그때, <이름:3232>군이 신사에<6E5C>와줘서 기뻤어. 역시,<6E5C>기억하고 있었구나……"
dom2Kisarah_X01.mes,Script/dom2Kisarah_X01.mes,89,3,주인공,え?,어?,어?
dom2Kisarah_X01.mes,Script/dom2Kisarah_X01.mes,90,16,Kisarah,また明日、神社で会ってくれる?,"내일 또, 신사서 만나줄래?","내일 또, 신사서 만나줄래?"
dom2Kisarah_X01.mes,Script/dom2Kisarah_X01.mes,91,9,주인공,え、あ、いいけど,"어, 그래","어, 그래"
dom2Kisarah_X01.mes,Script/dom2Kisarah_X01.mes,92,32,Kisarah,ヤッタ!<6E5C>じゃ、明日が例の約束の日、ネ!<6E5C>あれから10年だし!,신난다!<6E5C>내일이 약속의 날이네!<6E5C>10년 만이니까!,신난다!<6E5C>내일이 약속의 날이네!<6E5C>10년 만이니까!
dom2Kisarah_X01.mes,Script/dom2Kisarah_X01.mes,93,5,주인공,…………,…………,…………
dom2Kisarah_X01.mes,Script/dom2Kisarah_X01.mes,94,11,Kisarah,<이름:3232>クン、おやすみッ,"<이름:3232>군, 잘 자!","<이름:3232>군, 잘 자!"
dom2Kisarah_X01.mes,Script/dom2Kisarah_X01.mes,95,20,주인공,あ、ああ、おやすみ.<6E5C>気をつけて帰れよ,"아, 그래, 잘 자.<6E5C>조심히 들어가","아, 그래, 잘 자.<6E5C>조심히 들어가"
dom2Kisarah_X01.mes,Script/dom2Kisarah_X01.mes,96,6,Kisarah,じゃあねッ,안녕!,안녕!
dom2Kisarah_X01.mes,Script/dom2Kisarah_X01.mes,97,13,주인공,約束って、10年前……?,"약속, 10년 전……?","약속, 10년 전……?"
dom2Kisarah_X02.mes,Script/dom2Kisarah_X02.mes,0,19,Hotaru,あれ?<6E5C>珍しく早起きだね、お兄ちゃん,"어라?<6E5C>일찍 일어났네, 오빠","어라?<6E5C>일찍 일어났네, 오빠"
dom2Kisarah_X02.mes,Script/dom2Kisarah_X02.mes,1,35,주인공,ほたる……キサラがたまに言う<6E5C>「例の約束」って、<6E5C>何かわからないか?,"호타루…… 키사라가 가끔 말하는<6E5C>'그 약속'이,<6E5C>뭔지 알아?","호타루…… 키사라가 가끔 말하는<6E5C>'그 약속'이,<6E5C>뭔지 알아?"
dom2Kisarah_X02.mes,Script/dom2Kisarah_X02.mes,2,13,Hotaru,え?いきなりどうしたの?,어? 갑자기 왜 그래?,어? 갑자기 왜 그래?
dom2Kisarah_X02.mes,Script/dom2Kisarah_X02.mes,3,42,주인공,前から何度か閉かれて、その度に<6E5C>はっきり言わなかったんだけど、<6E5C>僕、覚えてないんだ,"전에도 몇 번 물었지만<6E5C>그때마다 제대로 말 못 했는데,<6E5C>사실 기억이 안 나","전에도 몇 번 물었지만<6E5C>그때마다 제대로 말 못 했는데,<6E5C>사실 기억이 안 나"
dom2Kisarah_X02.mes,Script/dom2Kisarah_X02.mes,4,15,Hotaru,えーっ.ヒドイよ、お兄ちゃん,"에?! 너무해, 오빠","에?! 너무해, 오빠"
dom2Kisarah_X02.mes,Script/dom2Kisarah_X02.mes,5,31,주인공,どうやら10年も前にした約束<6E5C>らしいんだ.そんなの昔の話……,그게 10년도 전 약속<6E5C>이라나 봐. 옛날 얘기지……,그게 10년도 전 약속<6E5C>이라나 봐. 옛날 얘기지……
dom2Kisarah_X02.mes,Script/dom2Kisarah_X02.mes,6,29,Hotaru,でも、キサラちゃん悲しむよ?<6E5C>誰よりも約束事に厳しいのに,키사라 언니 슬퍼할걸?<6E5C>누구보다 약속에 엄격한데,키사라 언니 슬퍼할걸?<6E5C>누구보다 약속에 엄격한데
dom2Kisarah_X02.mes,Script/dom2Kisarah_X02.mes,7,33,주인공,だから恥を忍んで、<6E5C>ほたるに閉いてるんだよ.<6E5C>わからない……よね,"그러니까 창피 무릅쓰고,<6E5C>호타루한테 묻는 거야.<6E5C>모르겠지…","그러니까 창피 무릅쓰고,<6E5C>호타루한테 묻는 거야.<6E5C>모르겠지…"
dom2Kisarah_X02.mes,Script/dom2Kisarah_X02.mes,8,35,Hotaru,10年前なんて、ほたるはお兄ちゃん<6E5C>にもキサラちゃんにも会ってないよ,"10년 전이면, 호타루는 오빠<6E5C>도 키사라 언니도 만난 적 없어","10년 전이면, 호타루는 오빠<6E5C>도 키사라 언니도 만난 적 없어"
dom2Kisarah_X02.mes,Script/dom2Kisarah_X02.mes,9,13,주인공,そうだよな.知らないよな,그렇지. 모르겠지,그렇지. 모르겠지
dom2Kisarah_X02.mes,Script/dom2Kisarah_X02.mes,10,23,Hotaru,……正直に言ったら?<6E5C>素直に謝った方がいいよ,…솔직히 말해?<6E5C>순순히 사과하는 게 나아,…솔직히 말해?<6E5C>순순히 사과하는 게 나아
dom2Kisarah_X02.mes,Script/dom2Kisarah_X02.mes,11,16,주인공,でも、相手がキサラだからな……,"그치만, 상대가 키사라니까…","그치만, 상대가 키사라니까…"
dom2Kisarah_X02.mes,Script/dom2Kisarah_X02.mes,12,41,Hotaru,思い出せないなら、謝るしかないよ<6E5C>.よけいにキサラちゃんを<6E5C>怒らせるよりはいいよ,기억 안 나면 사과할 수밖에<6E5C> 키사라 언니를 더<6E5C>화나게 하는 것보단 나아,기억 안 나면 사과할 수밖에<6E5C> 키사라 언니를 더<6E5C>화나게 하는 것보단 나아
dom2Kisarah_X02.mes,Script/dom2Kisarah_X02.mes,13,16,주인공,そうだな…….ほたる、ありがと,"그렇네…… 호타루, 고마워","그렇네…… 호타루, 고마워"
dom2Kisarah_X02.mes,Script/dom2Kisarah_X02.mes,14,19,Hotaru,ううん.お兄ちゃん、がんばってね<6E5C>?,"아니야. 오빠, 힘내<6E5C>?","아니야. 오빠, 힘내<6E5C>?"
dom2Kisarah_X02.mes,Script/dom2Kisarah_X02.mes,15,31,주인공,(ううっ、約束したからには、<6E5C>来ないわけに行かないよな……),"(으윽, 약속을 했으니,<6E5C>안 갈 수는 없겠지……)","(으윽, 약속을 했으니,<6E5C>안 갈 수는 없겠지……)"
dom2Kisarah_X02.mes,Script/dom2Kisarah_X02.mes,16,6,UNKNOWN_1e,<이름:3232>ク~ン,<이름:3232>군~,<이름:3232>군~
dom2Kisarah_X02.mes,Script/dom2Kisarah_X02.mes,17,6,주인공,キサラ……,키사라……,키사라……
dom2Kisarah_X02.mes,Script/dom2Kisarah_X02.mes,18,16,Kisarah,ちゃんと来てくれたネ!ヨシヨシ,제대로 와줬네! 옳지옳지,제대로 와줬네! 옳지옳지
dom2Kisarah_X02.mes,Script/dom2Kisarah_X02.mes,19,10,주인공,そ、そりゃそうだよ,"그, 그야당연하지","그, 그야당연하지"
dom2Kisarah_X02.mes,Script/dom2Kisarah_X02.mes,20,24,Kisarah,じゃ、あのヤクソクもちゃんと<6E5C>果たしてくれる?,"그럼, 그 약속도 제대로<6E5C>지켜줄 거지?","그럼, 그 약속도 제대로<6E5C>지켜줄 거지?"
dom2Kisarah_X02.mes,Script/dom2Kisarah_X02.mes,21,5,주인공,う、うう,"우, 윽","우, 윽"
dom2Kisarah_X02.mes,Script/dom2Kisarah_X02.mes,22,4,Kisarah,早く~,빨리~,빨리~
dom2Kisarah_X02.mes,Script/dom2Kisarah_X02.mes,23,6,[선택지],謝るたずねる,사과함물어봄,사과함\물어봄
dom2Kisarah_X02.mes,Script/dom2Kisarah_X02.mes,24,11,주인공,キサラ、ごめんっっ!,"키사라, 미안!!","키사라, 미안!!"
dom2Kisarah_X02.mes,Script/dom2Kisarah_X02.mes,25,3,Kisarah,え?,어?,어?
dom2Kisarah_X02.mes,Script/dom2Kisarah_X02.mes,26,43,주인공,前から言われてたけど、その約束っ<6E5C>ていうの、僕、忘れちゃったん<6E5C>だ…….本当にごめん,"전부터 얘기 들었는데, 그 약속<6E5C>이라는 거, 내가 잊어버렸<6E5C>어…… 정말 미안","전부터 얘기 들었는데, 그 약속<6E5C>이라는 거, 내가 잊어버렸<6E5C>어…… 정말 미안"
dom2Kisarah_X02.mes,Script/dom2Kisarah_X02.mes,27,5,Kisarah,…………,…………,…………
dom2Kisarah_X02.mes,Script/dom2Kisarah_X02.mes,28,39,주인공,ごめん!早く言えばよかったのに、<6E5C>今の今まで黙っててごめん!<6E5C>許してくれ……,"미안! 진작 말할걸,<6E5C>여태 입 다물어서 미안!<6E5C>용서해줘……","미안! 진작 말할걸,<6E5C>여태 입 다물어서 미안!<6E5C>용서해줘……"
dom2Kisarah_X02.mes,Script/dom2Kisarah_X02.mes,29,16,Kisarah,……ほんとうに、覚えてないの?,"……정말로, 기억 안 나?","……정말로, 기억 안 나?"
dom2Kisarah_X02.mes,Script/dom2Kisarah_X02.mes,30,24,주인공,うん……10年越しの約束なんて、<6E5C>まったく……,"응…… 10년 만의 약속이라니,<6E5C>진짜……","응…… 10년 만의 약속이라니,<6E5C>진짜……"
dom2Kisarah_X02.mes,Script/dom2Kisarah_X02.mes,31,12,Kisarah,……ヒドイよ、<이름:3232>クン,"……너무해, <이름:3232>군","……너무해, <이름:3232>군"
dom2Kisarah_X02.mes,Script/dom2Kisarah_X02.mes,32,14,주인공,えーっと、なんだったかな?,"어~, 뭐였더라?","어~, 뭐였더라?"
dom2Kisarah_X02.mes,Script/dom2Kisarah_X02.mes,33,4,Kisarah,えっ?,엇?,엇?
dom2Kisarah_X02.mes,Script/dom2Kisarah_X02.mes,34,35,주인공,ほら、10年も前の約束だろ?<6E5C>ちょっと忘れちゃってさ、<6E5C>教えてくれよ,"봐봐 10년도 전의 약속이잖아?<6E5C>좀 잊어버려서 그런데,<6E5C>알려줘","봐봐 10년도 전의 약속이잖아?<6E5C>좀 잊어버려서 그런데,<6E5C>알려줘"
dom2Kisarah_X02.mes,Script/dom2Kisarah_X02.mes,35,9,Kisarah,……<이름:3232>クンッ!,……<이름:3232>군!!,……<이름:3232>군!!
dom2Kisarah_X02.mes,Script/dom2Kisarah_X02.mes,36,13,주인공,あ……やっぱり怒ってる?,아…… 역시 화났어?,아…… 역시 화났어?
dom2Kisarah_X02.mes,Script/dom2Kisarah_X02.mes,37,25,Kisarah,よく、そんなコト言いに<6E5C>ノコノコ現れたわねッッ!,"잘도, 그런 말 하러<6E5C>뻔뻔하게 나타났네!!","잘도, 그런 말 하러<6E5C>뻔뻔하게 나타났네!!"
dom2Kisarah_X02.mes,Script/dom2Kisarah_X02.mes,38,6,주인공,だって……,그치만……,그치만……
dom2Kisarah_X02.mes,Script/dom2Kisarah_X02.mes,39,9,Kisarah,信じられない……,믿을 수 없어…,믿을 수 없어…
dom2Kisarah_X02.mes,Script/dom2Kisarah_X02.mes,40,5,Kisarah,…………,…………,…………
dom2Kisarah_X02.mes,Script/dom2Kisarah_X02.mes,41,6,주인공,……キサラ,……키사라,……키사라
dom2Kisarah_X02.mes,Script/dom2Kisarah_X02.mes,42,24,Kisarah,<이름:3232>クンは、ぜったい覚えてると<6E5C>思ったのに……,"<이름:3232>군은, 분명 기억할 거라고<6E5C>생각했는데…","<이름:3232>군은, 분명 기억할 거라고<6E5C>생각했는데…"
dom2Kisarah_X02.mes,Script/dom2Kisarah_X02.mes,43,6,주인공,……ごめん,……미안,……미안
dom2Kisarah_X02.mes,Script/dom2Kisarah_X02.mes,44,18,Kisarah,……桑と同じなんだね、<6E5C><이름:3232>クンも,"……쿠와랑 똑같네,<6E5C><이름:3232>군도","……쿠와랑 똑같네,<6E5C><이름:3232>군도"
dom2Kisarah_X02.mes,Script/dom2Kisarah_X02.mes,45,9,주인공,え?桑って……?,어? 쿠와가…?,어? 쿠와가…?
dom2Kisarah_X02.mes,Script/dom2Kisarah_X02.mes,46,45,Kisarah,……覚えてない?3年前までこの<6E5C>街にいた桑だよ.『江坂の赤豹』<6E5C>って呼ばれてたケンカ馬鹿,…기억 안 나? 3년 전까지 여기<6E5C>있던 쿠와야. 에사카 빨간표범<6E5C>이란 싸움꾼이야,…기억 안 나? 3년 전까지 여기<6E5C>있던 쿠와야. 에사카 빨간표범<6E5C>이란 싸움꾼이야
dom2Kisarah_X02.mes,Script/dom2Kisarah_X02.mes,47,9,주인공,……!思い出した,……! 생각났다,……! 생각났다
dom2Kisarah_X02.mes,Script/dom2Kisarah_X02.mes,48,42,주인공,キサラとよく遊んでた、<6E5C>ヤンチャな男の子だな.キサラとも<6E5C>ケンカばっかりしてたけど,키사라랑 자주 놀던<6E5C>말썽꾸러기 남자애잖아. 키사라랑도<6E5C>맨날 싸우기만 했지만,키사라랑 자주 놀던<6E5C>말썽꾸러기 남자애잖아. 키사라랑도<6E5C>맨날 싸우기만 했지만
dom2Kisarah_X02.mes,Script/dom2Kisarah_X02.mes,49,62,Kisarah,アイツ、昔ボクのことを、<6E5C>『高校生になったらカノジョに<6E5C>する』って約束してくれたんだ<485C>ボクはそれをずっと<6E5C>待ってたのに……,"그 녀석이 예전에 나한테,<6E5C>'고등학생 되면 여자친구로<6E5C>삼겠다'고 약속해줬는데<485C>난 그걸 계속<6E5C>기다렸는데……","그 녀석이 예전에 나한테,<6E5C>'고등학생 되면 여자친구로<6E5C>삼겠다'고 약속해줬는데<485C>난 그걸 계속<6E5C>기다렸는데……"
dom2Kisarah_X02.mes,Script/dom2Kisarah_X02.mes,50,24,주인공,(そんな約束してたのか!<6E5C>マセたガキだな……),(그런 약속을 했었나!<6E5C>조숙한 녀석이네…),(그런 약속을 했었나!<6E5C>조숙한 녀석이네…)
dom2Kisarah_X02.mes,Script/dom2Kisarah_X02.mes,51,73,Kisarah,なのにアイツ、ボクが高校に<6E5C>上がったとたんに<485C>『男は強くてナンボだぜ!』とか<6E5C>なんとか言って、<485C>ケンカ修行に行っちゃったのよ.<6E5C>信じらんナイッ!,"근데 그 녀석 내가 고등학교에<6E5C>올라가자마자<485C>'남자는 강해야 최고지!'라나<6E5C>뭐라나 하면서,<485C>싸움 수련하러 가버렸어.<6E5C>믿을 수 없어!","근데 그 녀석 내가 고등학교에<6E5C>올라가자마자<485C>'남자는 강해야 최고지!'라나<6E5C>뭐라나 하면서,<485C>싸움 수련하러 가버렸어.<6E5C>믿을 수 없어!"
dom2Kisarah_X02.mes,Script/dom2Kisarah_X02.mes,52,10,주인공,なんて高校生だ……,무슨 고등학생이…,무슨 고등학생이…
dom2Kisarah_X02.mes,Script/dom2Kisarah_X02.mes,53,26,Kisarah,ボクとの約束なんかすっかり忘れて<6E5C>!あンのバカ男!,나랑 한 약속 따위 잊어버리고<6E5C> 이 바보자식!,나랑 한 약속 따위 잊어버리고<6E5C> 이 바보자식!
dom2Kisarah_X02.mes,Script/dom2Kisarah_X02.mes,54,26,Kisarah,一生、男だけの世界で<6E5C>ガンガンやってればいーのヨ!,평생 남자들 세계에서<6E5C>실컷 날뛰고 있으면 돼!,평생 남자들 세계에서<6E5C>실컷 날뛰고 있으면 돼!
dom2Kisarah_X02.mes,Script/dom2Kisarah_X02.mes,55,5,주인공,…………,…………,…………
dom2Kisarah_X02.mes,Script/dom2Kisarah_X02.mes,56,56,Kisarah,……ボクは一度も約束を忘れた<6E5C>コトなかったのに、男はアッサリ<6E5C>忘れられるのね<485C>脳みそまで筋肉でできてるんだワ!,"…난 한 번도 약속을 잊은<6E5C>적 없는데, 남자는 참 쉽게<6E5C>잊어버리는구나<485C>뇌까지 근육으로 돼 있나 봐!","…난 한 번도 약속을 잊은<6E5C>적 없는데, 남자는 참 쉽게<6E5C>잊어버리는구나<485C>뇌까지 근육으로 돼 있나 봐!"
dom2Kisarah_X02.mes,Script/dom2Kisarah_X02.mes,57,9,주인공,そんなことは……,그럴 리는……,그럴 리는……
dom2Kisarah_X02.mes,Script/dom2Kisarah_X02.mes,58,48,Kisarah,もう、約束を破られるのはウンザリ<6E5C>…….あんな悲しいコトはイヤ.<6E5C>約束を破るヤツは許さない……,"이제, 약속 깨지는 거 지긋지긋<6E5C>해…… 슬픈 일 싫어.<6E5C>약속 깨는 놈 용서 못 해……","이제, 약속 깨지는 거 지긋지긋<6E5C>해…… 슬픈 일 싫어.<6E5C>약속 깨는 놈 용서 못 해……"
dom2Kisarah_X02.mes,Script/dom2Kisarah_X02.mes,59,20,주인공,それで、<6E5C>あんなに約束にこだわって……,"그래서,<6E5C>그렇게 약속에 집착했구나…","그래서,<6E5C>그렇게 약속에 집착했구나…"
dom2Kisarah_X02.mes,Script/dom2Kisarah_X02.mes,60,35,Kisarah,<이름:3232>クンだけは違うって、<6E5C>桑みたいなコトしないって<6E5C>信じてたけど……,"<이름:3232>군만은 다를 거라고,<6E5C>쿠와처럼 안 할 거라고<6E5C>믿었는데……","<이름:3232>군만은 다를 거라고,<6E5C>쿠와처럼 안 할 거라고<6E5C>믿었는데……"
dom2Kisarah_X02.mes,Script/dom2Kisarah_X02.mes,61,5,주인공,…………,…………,…………
dom2Kisarah_X02.mes,Script/dom2Kisarah_X02.mes,62,24,Kisarah,……ボクの思い込みだったんだネ.<6E5C>わかった……,……내 착각이었나 보네.<6E5C>알았어……,……내 착각이었나 보네.<6E5C>알았어……
dom2Kisarah_X02.mes,Script/dom2Kisarah_X02.mes,63,6,주인공,キサラ……,키사라……,키사라……
dom2Kisarah_X02.mes,Script/dom2Kisarah_X02.mes,64,7,[효과음/내레이션],ポタッ、ポタ,"뚝, 뚝","뚝, 뚝"
dom2Kisarah_X02.mes,Script/dom2Kisarah_X02.mes,65,2,주인공,!,!,!
dom2Kisarah_X02.mes,Script/dom2Kisarah_X02.mes,66,9,Kisarah,……うっ、ううっ,"……흑, 흐윽","……흑, 흐윽"
dom2Kisarah_X02.mes,Script/dom2Kisarah_X02.mes,67,9,주인공,キサラ、ごめん!,"키사라, 미안!","키사라, 미안!"
dom2Kisarah_X02.mes,Script/dom2Kisarah_X02.mes,68,41,Kisarah,……みんな、みんな、ボクとの<6E5C>約束なんてどうでもいいんだ.<6E5C>ボクのコトなんて……,"……다들, 다들, 나와의<6E5C>약속 따위 아무래도 상관없구나.<6E5C>내 일 따위……","……다들, 다들, 나와의<6E5C>약속 따위 아무래도 상관없구나.<6E5C>내 일 따위……"
dom2Kisarah_X02.mes,Script/dom2Kisarah_X02.mes,69,5,주인공,キサラ?,키사라?,키사라?
dom2Kisarah_X02.mes,Script/dom2Kisarah_X02.mes,70,10,Kisarah,うっう、うああ……,"으윽, 으아아……","으윽, 으아아……"
dom2Kisarah_X02.mes,Script/dom2Kisarah_X02.mes,71,10,주인공,そ、そんな泣くなよ,"그, 그리 울지마","그, 그리 울지마"
dom2Kisarah_X02.mes,Script/dom2Kisarah_X02.mes,72,9,Kisarah,さわらないでっ!,만지지 마!!,만지지 마!!
dom2Kisarah_X02.mes,Script/dom2Kisarah_X02.mes,73,2,주인공,!,!,!
dom2Kisarah_X02.mes,Script/dom2Kisarah_X02.mes,74,45,Kisarah,ボクのことなんてなんとも思って<6E5C>ないくせに!桑みたいに、<6E5C>ボクの前からいなくなるくせに!,"내 생각 따위 하지도<6E5C>않으면서! 쿠와처럼,<6E5C>내 앞에서 사라져버릴 거면서!","내 생각 따위 하지도<6E5C>않으면서! 쿠와처럼,<6E5C>내 앞에서 사라져버릴 거면서!"
dom2Kisarah_X02.mes,Script/dom2Kisarah_X02.mes,75,10,주인공,そんなことないよ!,그렇지 않아!,그렇지 않아!
dom2Kisarah_X02.mes,Script/dom2Kisarah_X02.mes,76,24,Kisarah,嘘!じゃあなんで忘れてたコト、<6E5C>今さら言うの?,거짓말! 왜 잊은 걸<6E5C>이제 와서 말해?,거짓말! 왜 잊은 걸<6E5C>이제 와서 말해?
dom2Kisarah_X02.mes,Script/dom2Kisarah_X02.mes,77,6,주인공,それは……,그건……,그건……
dom2Kisarah_X02.mes,Script/dom2Kisarah_X02.mes,78,46,Kisarah,何度も閉いたのに、正直に言って<6E5C>くれなかった!ボクの約束なんて、<6E5C>どうでもいいからでしょ?,"몇 번 물었는데 솔직히<6E5C>말 안 해줬잖아! 나와 약속 따위,<6E5C>아무래도 상관없어서지?","몇 번 물었는데 솔직히<6E5C>말 안 해줬잖아! 나와 약속 따위,<6E5C>아무래도 상관없어서지?"
dom2Kisarah_X02.mes,Script/dom2Kisarah_X02.mes,79,11,주인공,そういうわけじゃ……,그런 게 아니라……,그런 게 아니라……
dom2Kisarah_X02.mes,Script/dom2Kisarah_X02.mes,80,19,Kisarah,もう、<이름:3232>クンなんて……<6E5C>知らないッ,"이제, <이름:3232>군 같은 건……<6E5C>몰라!","이제, <이름:3232>군 같은 건……<6E5C>몰라!"
dom2Kisarah_X02.mes,Script/dom2Kisarah_X02.mes,81,3,[효과음/내레이션],ダッ,타닥,타닥
dom2Kisarah_X02.mes,Script/dom2Kisarah_X02.mes,82,11,주인공,あ、キサラ、待てよ!,"키사라, 기다려!","키사라, 기다려!"
dom2Kisarah_X02.mes,Script/dom2Kisarah_X02.mes,83,5,[효과음/내레이션],…………,…………,…………
dom2Kisarah_X02.mes,Script/dom2Kisarah_X02.mes,84,6,주인공,キサラ……,키사라……,키사라……
dom2Kisarah_X02.mes,Script/dom2Kisarah_X02.mes,85,9,[효과음/내레이션],PLLLLL……,PLLLLL……,PLLLLL……
dom2Kisarah_X02.mes,Script/dom2Kisarah_X02.mes,86,6,주인공,……ダメだ,안 되겠다,안 되겠다
dom2Kisarah_X02.mes,Script/dom2Kisarah_X02.mes,87,12,주인공,何度かけても出ない……,여러번걸어도 안 받아,여러번걸어도 안 받아
dom2Kisarah_X02.mes,Script/dom2Kisarah_X02.mes,88,25,Hotaru,お兄ちゃん…….キサラちゃん、<6E5C>怒っちゃったの?,"오빠…… 키사라 언니,<6E5C>화난 거야?","오빠…… 키사라 언니,<6E5C>화난 거야?"
dom2Kisarah_X02.mes,Script/dom2Kisarah_X02.mes,89,5,주인공,……ああ,……그래,……그래
dom2Kisarah_X02.mes,Script/dom2Kisarah_X02.mes,90,20,주인공,そりゃ、怒るよな.<6E5C>あのキサラだもんな,"그야, 화나겠지.<6E5C>그 키사라니까","그야, 화나겠지.<6E5C>그 키사라니까"
dom2Kisarah_X02.mes,Script/dom2Kisarah_X02.mes,91,42,Hotaru,……でも、すぐに許してくれるよ.<6E5C>お兄ちゃんとキサラちゃんは<6E5C>付き合い長いんだもん,…그래도 금방 용서해줄 거야.<6E5C>오빠랑 키사라 언니<6E5C>알고 지낸 지 오래됐잖아,…그래도 금방 용서해줄 거야.<6E5C>오빠랑 키사라 언니<6E5C>알고 지낸 지 오래됐잖아
dom2Kisarah_X02.mes,Script/dom2Kisarah_X02.mes,92,36,주인공,……でも、10年以上付き合って、<6E5C>あんな風に泣くキサラを<6E5C>見たのは……,"…근데, 10년 넘게 알고 지내며,<6E5C>그렇게 우는 키사라<6E5C>본건……","…근데, 10년 넘게 알고 지내며,<6E5C>그렇게 우는 키사라<6E5C>본건……"
dom2Kisarah_X02.mes,Script/dom2Kisarah_X02.mes,93,14,Hotaru,え?キサラちゃん泣いたの?,어?키사라 언니 울었어?,어?키사라 언니 울었어?
dom2Kisarah_X02.mes,Script/dom2Kisarah_X02.mes,94,5,주인공,いや……,아니……,아니……
dom2Kisarah_X02.mes,Script/dom2Kisarah_X02.mes,95,33,주인공,(……キサラ、このことがそんなに<6E5C>傷つけることになるなんて……),"(……키사라, 이 일이 그렇게<6E5C>상처가 될 줄이야……)","(……키사라, 이 일이 그렇게<6E5C>상처가 될 줄이야……)"
dom2Kisarah_X02.mes,Script/dom2Kisarah_X02.mes,96,15,주인공,(ああ、どうしたらいいんだ),"(아, 어떡하면 좋지)","(아, 어떡하면 좋지)"
dom2Kisarah_X02.mes,Script/dom2Kisarah_X02.mes,97,24,Hotaru,……それでお兄ちゃん、<6E5C>約束のことどうするの?,"……그래서 오빠,<6E5C>약속은 어떻게 할 거야?","……그래서 오빠,<6E5C>약속은 어떻게 할 거야?"
dom2Kisarah_X02.mes,Script/dom2Kisarah_X02.mes,98,10,[선택지],もう一度謝る思い出す,사과떠올리기,사과\떠올리기
dom2Kisarah_X02.mes,Script/dom2Kisarah_X02.mes,99,20,주인공,……もう一度、謝るよ.<6E5C>謝るしかないよ,…다시 사과할게.<6E5C>사과할수밖에 없어,…다시 사과할게.<6E5C>사과할수밖에 없어
dom2Kisarah_X02.mes,Script/dom2Kisarah_X02.mes,100,16,Hotaru,……そうだね.謝るしかないよね,…그래. 사과할 수밖에 없지,…그래. 사과할 수밖에 없지
dom2Kisarah_X02.mes,Script/dom2Kisarah_X02.mes,101,9,[효과음/내레이션],PLLLLL……,PLLLLL……,PLLLLL……
dom2Kisarah_X02.mes,Script/dom2Kisarah_X02.mes,102,8,주인공,ダメだ、出ない,역시 안 받아,역시 안 받아
dom2Kisarah_X02.mes,Script/dom2Kisarah_X02.mes,103,21,주인공,……くそっ.<6E5C>キサラ、謝らせてくれよ……,"……젠장.<6E5C>키사라, 사과하게 해줘……","……젠장.<6E5C>키사라, 사과하게 해줘……"
dom2Kisarah_X02.mes,Script/dom2Kisarah_X02.mes,104,20,주인공,……なんとか、<6E5C>約束を思い出してみるよ,"……어떻게든,<6E5C>약속을 떠올려볼게","……어떻게든,<6E5C>약속을 떠올려볼게"
dom2Kisarah_X02.mes,Script/dom2Kisarah_X02.mes,105,31,주인공,思い出さないと、もう口もきいて<6E5C>くれないような気がするからね,"떠올리지 않으면, 말도 안<6E5C>걸어줄 것 같은 느낌이 들어","떠올리지 않으면, 말도 안<6E5C>걸어줄 것 같은 느낌이 들어"
dom2Kisarah_X02.mes,Script/dom2Kisarah_X02.mes,106,17,Hotaru,……そうだね.思い出せたらいいね,……그렇네. 떠오르면 좋겠다,……그렇네. 떠오르면 좋겠다
dom2Kisarah_X02.mes,Script/dom2Kisarah_X02.mes,107,49,주인공,(……とは言え、今までまったく<6E5C>思い出せなかったものが、そう簡単<6E5C>に思い出せるわけないよな……),"(…라고는 해도, 지금까지 전혀<6E5C>기억 안 나던 게, 그렇게 쉽게<6E5C>떠오를 리 없잖아……)","(…라고는 해도, 지금까지 전혀<6E5C>기억 안 나던 게, 그렇게 쉽게<6E5C>떠오를 리 없잖아……)"
dom2Kisarah_X02.mes,Script/dom2Kisarah_X02.mes,108,22,주인공,(うう……ひたすら<6E5C>悩むしかないのか……),(으으… 그냥<6E5C>고민할 수밖에 없나……),(으으… 그냥<6E5C>고민할 수밖에 없나……)
dom2Kisarah_X02.mes,Script/dom2Kisarah_X02.mes,109,7,[효과음/내레이션],♪ピンポーン,♪딩동,♪딩동
dom2Kisarah_X02.mes,Script/dom2Kisarah_X02.mes,110,5,[효과음/내레이션],…………,…………,…………
dom2Kisarah_X02.mes,Script/dom2Kisarah_X02.mes,111,7,[효과음/내레이션],♪ピンポーン,♪딩동,♪딩동
dom2Kisarah_X02.mes,Script/dom2Kisarah_X02.mes,112,24,주인공,……キサラ!出て来てくれよ.<6E5C>話がしたいんだ!,……키사라! 나와줘.<6E5C>얘기하고 싶어!,……키사라! 나와줘.<6E5C>얘기하고 싶어!
dom2Kisarah_X02.mes,Script/dom2Kisarah_X02.mes,113,7,주인공,……キサラ!,……키사라!,……키사라!
dom2Kisarah_X02.mes,Script/dom2Kisarah_X02.mes,114,5,Kisarah,…………,…………,…………
dom2Kisarah_X02.mes,Script/dom2Kisarah_X02.mes,115,6,주인공,……キサラ,……키사라,……키사라
dom2Kisarah_X02.mes,Script/dom2Kisarah_X02.mes,116,11,Kisarah,……迷惑だよ、やめて,"……민폐야, 그만해","……민폐야, 그만해"
dom2Kisarah_X02.mes,Script/dom2Kisarah_X02.mes,117,15,주인공,ごめん、キサラ.許してくれよ,"미안, 키사라. 용서해줘","미안, 키사라. 용서해줘"
dom2Kisarah_X02.mes,Script/dom2Kisarah_X02.mes,118,21,주인공,どうしても思い出せないんだ.<6E5C>ごめん……,아무리 해도 기억이 안 나.<6E5C>미안……,아무리 해도 기억이 안 나.<6E5C>미안……
dom2Kisarah_X02.mes,Script/dom2Kisarah_X02.mes,119,5,Kisarah,…………,…………,…………
dom2Kisarah_X02.mes,Script/dom2Kisarah_X02.mes,120,39,주인공,……こんなことでケンカは<6E5C>やめようよ.僕、キサラと<6E5C>ケンカなんてしたくないよ,"……이런 일로 싸우는 건<6E5C>그만하자. 나, 키사라랑<6E5C>싸우고 싶지 않아","……이런 일로 싸우는 건<6E5C>그만하자. 나, 키사라랑<6E5C>싸우고 싶지 않아"
dom2Kisarah_X02.mes,Script/dom2Kisarah_X02.mes,121,25,Kisarah,こんなことって何よ!<6E5C>こんなことなんかじゃない!,이런 일이라니 뭐야<6E5C>이런 일 따위가 아니야!,이런 일이라니 뭐야<6E5C>이런 일 따위가 아니야!
dom2Kisarah_X02.mes,Script/dom2Kisarah_X02.mes,122,16,주인공,そ、そういう意味じゃなくて……,"그, 그런 뜻이 아니라……","그, 그런 뜻이 아니라……"
dom2Kisarah_X02.mes,Script/dom2Kisarah_X02.mes,123,42,Kisarah,……もうダメ.もう、<6E5C><이름:3232>クンとは本当に話せない.<6E5C><이름:3232>クンは、何もわかってないよ,……이제 안 되겠어.<6E5C><이름:3232>군이랑 정말 얘기 못 해.<6E5C><이름:3232>군은 아무것도 몰라,……이제 안 되겠어.<6E5C><이름:3232>군이랑 정말 얘기 못 해.<6E5C><이름:3232>군은 아무것도 몰라
dom2Kisarah_X02.mes,Script/dom2Kisarah_X02.mes,124,8,주인공,でも、でも……,그치만 그치만,그치만 그치만
dom2Kisarah_X02.mes,Script/dom2Kisarah_X02.mes,125,6,Kisarah,……ナニよ,……뭔데,……뭔데
dom2Kisarah_X02.mes,Script/dom2Kisarah_X02.mes,126,48,주인공,……10年も前にした約束なんて、<6E5C>普通、誰も覚えてないだろ?<6E5C>そんなに怒ることないじゃないか!,…10년 전 약속 같은 거<6E5C>보통 아무도 기억 못 하잖아?<6E5C>그렇게 화낼 것까진 없잖아!,…10년 전 약속 같은 거<6E5C>보통 아무도 기억 못 하잖아?<6E5C>그렇게 화낼 것까진 없잖아!
dom2Kisarah_X02.mes,Script/dom2Kisarah_X02.mes,127,5,Kisarah,…………,…………,…………
dom2Kisarah_X02.mes,Script/dom2Kisarah_X02.mes,128,33,주인공,僕もキサラも、うんと小さかった<6E5C>頃の話だぞ?覚えてる方がすごいよ,나도 키사라도 되게 어렸을<6E5C>때 얘기잖아? 기억이 더 대단해,나도 키사라도 되게 어렸을<6E5C>때 얘기잖아? 기억이 더 대단해
dom2Kisarah_X02.mes,Script/dom2Kisarah_X02.mes,129,33,주인공,それを根に持ってこんな風に<6E5C>怒るなんて、<6E5C>僕にはわからないよ……,"그걸 담아두고 이렇게<6E5C>화내다니,<6E5C>나로선 이해가 안 가……","그걸 담아두고 이렇게<6E5C>화내다니,<6E5C>나로선 이해가 안 가……"
dom2Kisarah_X02.mes,Script/dom2Kisarah_X02.mes,130,33,Kisarah,年齢なんて関係ないよ.<6E5C><이름:3232>クンとの約束だから、<6E5C>大事だったんだ,"나이는 상관없어.<6E5C><이름:3232>군과의 약속이니까,<6E5C>소중했던 거야","나이는 상관없어.<6E5C><이름:3232>군과의 약속이니까,<6E5C>소중했던 거야"
dom2Kisarah_X02.mes,Script/dom2Kisarah_X02.mes,131,3,주인공,え?,어?,어?
dom2Kisarah_X02.mes,Script/dom2Kisarah_X02.mes,132,68,Kisarah,あのときからずっと、<6E5C><이름:3232>クンは大事な<6E5C>友達なんだもん<485C>だからボクは忘れたりしないよ.<6E5C>でも、<이름:3232>クンには違ったんだ.<6E5C>それだけで十分,"그때부터 계속<6E5C><이름:3232>군은 소중한<6E5C>친구였으니까<485C>그러니까 난 잊거나 하지 않아.<6E5C>근데, <이름:3232>군한텐 아니었나 봐.<6E5C>그거로 충분해","그때부터 계속<6E5C><이름:3232>군은 소중한<6E5C>친구였으니까<485C>그러니까 난 잊거나 하지 않아.<6E5C>근데, <이름:3232>군한텐 아니었나 봐.<6E5C>그거로 충분해"
dom2Kisarah_X02.mes,Script/dom2Kisarah_X02.mes,133,7,주인공,十分って……,충분하다니…,충분하다니…
dom2Kisarah_X02.mes,Script/dom2Kisarah_X02.mes,134,47,Kisarah,<이름:3232>クンにとって、ボクはその<6E5C>程度の存在だったんだ<485C>だから忘れたままで平気で<6E5C>いられたんだよ,"<이름:3232>군한테, 난 그<6E5C>정도였던 거야<485C>그래서 잊은 채로 태연하게<6E5C>있을 수 있었던 거지","<이름:3232>군한테, 난 그<6E5C>정도였던 거야<485C>그래서 잊은 채로 태연하게<6E5C>있을 수 있었던 거지"
dom2Kisarah_X02.mes,Script/dom2Kisarah_X02.mes,135,5,주인공,…………,…………,…………
dom2Kisarah_X02.mes,Script/dom2Kisarah_X02.mes,136,31,Kisarah,だからボクも忘れる.<6E5C>ボクだけが覚えてても、<6E5C>しかたないもん,그러니까 나도 잊을래.<6E5C>나만 기억하고 있어도<6E5C>소용없잖아,그러니까 나도 잊을래.<6E5C>나만 기억하고 있어도<6E5C>소용없잖아
dom2Kisarah_X02.mes,Script/dom2Kisarah_X02.mes,137,3,주인공,えっ,엇,엇
dom2Kisarah_X02.mes,Script/dom2Kisarah_X02.mes,138,36,Kisarah,もう、<이름:3232>クンとは口きかない.<6E5C><이름:3232>クンとは幼馴染でもなんでも<6E5C>ないよ,이제 <이름:3232>군이랑 말 안 해.<6E5C><이름:3232>군이랑은 소꿉친구도 뭐도<6E5C>아니야,이제 <이름:3232>군이랑 말 안 해.<6E5C><이름:3232>군이랑은 소꿉친구도 뭐도<6E5C>아니야
dom2Kisarah_X02.mes,Script/dom2Kisarah_X02.mes,139,4,주인공,そんな,그런,그런
dom2Kisarah_X02.mes,Script/dom2Kisarah_X02.mes,140,55,Kisarah,<이름:3232>クンがボクのことをどう<6E5C>思ってたかわかったから、<6E5C>しかたないよ<485C>いままでどおりなんて話せない.<6E5C>悲しいよ,"<이름:3232>군이 날 어떻게<6E5C>생각했는지 알았으니까,<6E5C>어쩔 수 없어<485C>지금까지처럼은 얘기 못 해.<6E5C>슬퍼","<이름:3232>군이 날 어떻게<6E5C>생각했는지 알았으니까,<6E5C>어쩔 수 없어<485C>지금까지처럼은 얘기 못 해.<6E5C>슬퍼"
dom2Kisarah_X02.mes,Script/dom2Kisarah_X02.mes,141,5,주인공,…………,…………,…………
dom2Kisarah_X02.mes,Script/dom2Kisarah_X02.mes,142,14,Kisarah,……最後に、これだけ言うね,…마지막에 한마디만 할게,…마지막에 한마디만 할게
dom2Kisarah_X02.mes,Script/dom2Kisarah_X02.mes,143,40,Kisarah,約束をしたとき……ボク、<6E5C>すごく嬉しかった<485C><이름:3232>クンがすっごく<6E5C>頼もしかったよ,"약속했을 때…… 나,<6E5C>정말 기뻤어<485C><이름:3232>군이 엄청<6E5C>든든했어","약속했을 때…… 나,<6E5C>정말 기뻤어<485C><이름:3232>군이 엄청<6E5C>든든했어"
dom2Kisarah_X02.mes,Script/dom2Kisarah_X02.mes,144,21,Kisarah,いつも、それがボクの<6E5C>支えだったんだよ?,"항상, 그게 내<6E5C>버팀목이었어?","항상, 그게 내<6E5C>버팀목이었어?"
dom2Kisarah_X02.mes,Script/dom2Kisarah_X02.mes,145,6,주인공,キサラ……,키사라……,키사라……
dom2Kisarah_X02.mes,Script/dom2Kisarah_X02.mes,146,10,Kisarah,じゃあね、サヨナラ,"그럼, 안녕","그럼, 안녕"
dom2Kisarah_X02.mes,Script/dom2Kisarah_X02.mes,147,16,주인공,ま、待てよキサラ!キサラーッ!,"기, 기다려! 키사라아앗!","기, 기다려! 키사라아앗!"
dom2Kisarah_X03.mes,Script/dom2Kisarah_X03.mes,0,6,주인공,う、う……,"으, 윽…","으, 윽…"
dom2Kisarah_X03.mes,Script/dom2Kisarah_X03.mes,1,15,UNKNOWN_1e,……お兄ちゃん、お兄ちゃん!,"……오빠, 오빠!","……오빠, 오빠!"
dom2Kisarah_X03.mes,Script/dom2Kisarah_X03.mes,2,8,주인공,!<020A>……ほたる,!<020A>……호타루,!<020A>……호타루
dom2Kisarah_X03.mes,Script/dom2Kisarah_X03.mes,3,20,Hotaru,大丈夫?<6E5C>うなされてたみたいだけど……,괜찮아?<6E5C>가위눌린 것 같던데……,괜찮아?<6E5C>가위눌린 것 같던데……
dom2Kisarah_X03.mes,Script/dom2Kisarah_X03.mes,4,15,주인공,……そうか、僕はまたあの夢を,"…그런가, 나 또 그 꿈을","…그런가, 나 또 그 꿈을"
dom2Kisarah_X03.mes,Script/dom2Kisarah_X03.mes,5,22,Hotaru,昨日の夜、キサラちゃんに<6E5C>会えなかったの?,"어젯밤, 키사라 언니를<6E5C>못 만났어?","어젯밤, 키사라 언니를<6E5C>못 만났어?"
dom2Kisarah_X03.mes,Script/dom2Kisarah_X03.mes,6,11,주인공,会えたけど、でも……,"만났는데, 근데……","만났는데, 근데……"
dom2Kisarah_X03.mes,Script/dom2Kisarah_X03.mes,7,13,Hotaru,許してくれなかったんだね,용서 안 해줬구나,용서 안 해줬구나
dom2Kisarah_X03.mes,Script/dom2Kisarah_X03.mes,8,5,주인공,……うん,……응,……응
dom2Kisarah_X03.mes,Script/dom2Kisarah_X03.mes,9,9,Hotaru,……しかたないよ,…어쩔 수 없지,…어쩔 수 없지
dom2Kisarah_X03.mes,Script/dom2Kisarah_X03.mes,10,44,Hotaru,今はそっとしておこうよ.<6E5C>キサラちゃんも、いつまでも怒り<6E5C>続けたりしないよ.今だけだよ,지금은 놔두자.<6E5C>키사라 언니도 계속<6E5C>화내진 않을 거야. 지금뿐이야,지금은 놔두자.<6E5C>키사라 언니도 계속<6E5C>화내진 않을 거야. 지금뿐이야
dom2Kisarah_X03.mes,Script/dom2Kisarah_X03.mes,11,45,주인공,……そうかな.キサラはきっと、<6E5C>一度許さないと決めたら、死ぬまで<6E5C>許さないやつだと思うよ,"……그럴까. 키사라는,<6E5C>한번 용서 안 하면, 죽을 때까지<6E5C>용서 안 할 애일걸","……그럴까. 키사라는,<6E5C>한번 용서 안 하면, 죽을 때까지<6E5C>용서 안 할 애일걸"
dom2Kisarah_X03.mes,Script/dom2Kisarah_X03.mes,12,8,Hotaru,お兄ちゃん……,오빠……,오빠……
dom2Kisarah_X03.mes,Script/dom2Kisarah_X03.mes,13,37,주인공,どうしたらいいんだ.こんなにも<6E5C>キサラを傷つけてしまったなんて、<6E5C>僕……,"어떡하면 좋지. 이렇게까지<6E5C>키사라한테 상처를 줬다니,<6E5C>나……","어떡하면 좋지. 이렇게까지<6E5C>키사라한테 상처를 줬다니,<6E5C>나……"
dom2Kisarah_X03.mes,Script/dom2Kisarah_X03.mes,14,24,Hotaru,……そんなに動揺するお兄ちゃん、<6E5C>はじめて見た,"……그렇게 당황하는 오빠,<6E5C>처음 봤어","……그렇게 당황하는 오빠,<6E5C>처음 봤어"
dom2Kisarah_X03.mes,Script/dom2Kisarah_X03.mes,15,3,주인공,え?,어?,어?
dom2Kisarah_X03.mes,Script/dom2Kisarah_X03.mes,16,34,Hotaru,そんなに、キサラちゃんのことが<6E5C>好きだったんだね.<6E5C>知らなかったよ,"그렇게, 키사라 언니를<6E5C>좋아했던 거구나.<6E5C>몰랐어","그렇게, 키사라 언니를<6E5C>좋아했던 거구나.<6E5C>몰랐어"
dom2Kisarah_X03.mes,Script/dom2Kisarah_X03.mes,17,19,주인공,好きって、<6E5C>そういうんじゃなくて……,"좋아한다는 게,<6E5C>그런 게 아니라…","좋아한다는 게,<6E5C>그런 게 아니라…"
dom2Kisarah_X03.mes,Script/dom2Kisarah_X03.mes,18,26,Hotaru,お兄ちゃんは、信頼を傷つけた<6E5C>ことを悔やんでるの?,"오빠는, 신뢰를 저버린<6E5C>걸 후회하는 거야?","오빠는, 신뢰를 저버린<6E5C>걸 후회하는 거야?"
dom2Kisarah_X03.mes,Script/dom2Kisarah_X03.mes,19,32,Hotaru,それとも、キサラちゃんと会えない<6E5C>ことを悲しんでるの?どっち?,아니면 키사라 언니 못 만나는<6E5C>게 슬픈 거야? 어느 쪽?,아니면 키사라 언니 못 만나는<6E5C>게 슬픈 거야? 어느 쪽?
dom2Kisarah_X03.mes,Script/dom2Kisarah_X03.mes,20,4,주인공,え……,어……,어……
dom2Kisarah_X03.mes,Script/dom2Kisarah_X03.mes,21,10,[선택지],悔やんでる悲しんでる,후회돼슬퍼,후회돼\슬퍼
dom2Kisarah_X03.mes,Script/dom2Kisarah_X03.mes,22,27,주인공,信頼を傷つけたこと、かな.<6E5C>約束を軽んじるなんて……,믿음 상처 준 거려나.<6E5C>약속을 쉽게 여기다니……,믿음 상처 준 거려나.<6E5C>약속을 쉽게 여기다니……
dom2Kisarah_X03.mes,Script/dom2Kisarah_X03.mes,23,22,Hotaru,お兄ちゃんはマジメだもんね.<6E5C>教師だもんね,오빠는 성실하잖아.<6E5C>선생님이니까,오빠는 성실하잖아.<6E5C>선생님이니까
dom2Kisarah_X03.mes,Script/dom2Kisarah_X03.mes,24,10,주인공,教育実習生だけどな,교생이지만 말이야,교생이지만 말이야
dom2Kisarah_X03.mes,Script/dom2Kisarah_X03.mes,25,48,Hotaru,お兄ちゃんのマジメな気持ちは、<6E5C>ぜったいキサラちゃんに通じると<6E5C>思うよ.だから、あきらめないで,"오빠의 성실한 마음은,<6E5C>분명 키사라한테 통할<6E5C>거야. 그러니까 포기하지 마","오빠의 성실한 마음은,<6E5C>분명 키사라한테 통할<6E5C>거야. 그러니까 포기하지 마"
dom2Kisarah_X03.mes,Script/dom2Kisarah_X03.mes,26,5,주인공,……ああ,……그래,……그래
dom2Kisarah_X03.mes,Script/dom2Kisarah_X03.mes,27,25,주인공,もう、キサラと会えないかも<6E5C>しれないことかな……,"이제, 키사라랑 못 만날지도<6E5C>모르려나……","이제, 키사라랑 못 만날지도<6E5C>모르려나……"
dom2Kisarah_X03.mes,Script/dom2Kisarah_X03.mes,28,25,Hotaru,……やっぱり、キサラちゃんのこと<6E5C>、好きなんだね,"……역시, 키사라를<6E5C>좋아하는구나","……역시, 키사라를<6E5C>좋아하는구나"
dom2Kisarah_X03.mes,Script/dom2Kisarah_X03.mes,29,41,주인공,そりゃ10年以上付き合ってるん<6E5C>だから.幼馴染を失うのは<6E5C>悲しいに決まってるだろ,그야 10년 넘게 알고 지냈으니까.<6E5C>소꿉친구를 잃는 게<6E5C>슬픈 건 당연하지,그야 10년 넘게 알고 지냈으니까.<6E5C>소꿉친구를 잃는 게<6E5C>슬픈 건 당연하지
dom2Kisarah_X03.mes,Script/dom2Kisarah_X03.mes,30,11,Hotaru,幼馴染として、だけ?,소꿉친구로만?,소꿉친구로만?
dom2Kisarah_X03.mes,Script/dom2Kisarah_X03.mes,31,4,주인공,え……,어……,어……
dom2Kisarah_X03.mes,Script/dom2Kisarah_X03.mes,32,34,Hotaru,……お兄ちゃんの気持ちが、<6E5C>キサラちゃんに通じたらいいのに<6E5C>……ね,"……오빠의 마음이,<6E5C>키사라한테 통하면 좋을 텐데<6E5C>……","……오빠의 마음이,<6E5C>키사라한테 통하면 좋을 텐데<6E5C>……"
dom2Kisarah_X03.mes,Script/dom2Kisarah_X03.mes,33,28,주인공,(……ダメだ、キサラとのことが<6E5C>気になってしかたない),"(……안 되겠어, 키사라 일이<6E5C>자꾸 신경 쓰여)","(……안 되겠어, 키사라 일이<6E5C>자꾸 신경 쓰여)"
dom2Kisarah_X03.mes,Script/dom2Kisarah_X03.mes,34,26,주인공,(ああもう、どう謝ったら許して<6E5C>くれるんだよ……),"(아, 정말, 어떻게 사과해야<6E5C>용서해줄까……)","(아, 정말, 어떻게 사과해야<6E5C>용서해줄까……)"
dom2Kisarah_X03.mes,Script/dom2Kisarah_X03.mes,35,8,주인공,あっ、キサラ!,"앗, 키사라!","앗, 키사라!"
dom2Kisarah_X03.mes,Script/dom2Kisarah_X03.mes,36,6,Kisarah,……………,……………,……………
dom2Kisarah_X03.mes,Script/dom2Kisarah_X03.mes,37,11,주인공,あっ、待てよキサラ!,"기다려, 키사라!","기다려, 키사라!"
dom2Kisarah_X03.mes,Script/dom2Kisarah_X03.mes,38,4,[효과음/내레이션],ダダッ,다다닷,다다닷
dom2Kisarah_X03.mes,Script/dom2Kisarah_X03.mes,39,5,Kisarah,…………,…………,…………
dom2Kisarah_X03.mes,Script/dom2Kisarah_X03.mes,40,10,주인공,ちょっと、待てよ!,기다리라니까!,기다리라니까!
dom2Kisarah_X03.mes,Script/dom2Kisarah_X03.mes,41,4,[효과음/내레이션],ダダッ,다다닷,다다닷
dom2Kisarah_X03.mes,Script/dom2Kisarah_X03.mes,42,5,Kisarah,…………,…………,…………
dom2Kisarah_X03.mes,Script/dom2Kisarah_X03.mes,43,5,주인공,…………,…………,…………
dom2Kisarah_X03.mes,Script/dom2Kisarah_X03.mes,44,25,주인공,完全にシカト…….<6E5C>もう、僕になすすべはないのか,"완전 무시…….<6E5C>이제, 방법이 없는 건가","완전 무시…….<6E5C>이제, 방법이 없는 건가"
dom2Kisarah_X03.mes,Script/dom2Kisarah_X03.mes,45,20,주인공,怒った女の子って、<6E5C>なんて恐いんだ……,"화난 여자는,<6E5C>왜 이리 무서워……","화난 여자는,<6E5C>왜 이리 무서워……"
dom2Kisarah_X03.mes,Script/dom2Kisarah_X03.mes,46,12,[효과음/내레이션],♪カランコロンカラ~ン,♪딸랑딸랑딸랑~,♪딸랑딸랑딸랑~
dom2Kisarah_X03.mes,Script/dom2Kisarah_X03.mes,47,9,Shizuku,いらっしゃいませ,어서 오세요,어서 오세요
dom2Kisarah_X03.mes,Script/dom2Kisarah_X03.mes,48,26,주인공,女の子の気持ちを教えてください、<6E5C>バーテンダーさん,"여자애 마음 좀 가르쳐 주세요,<6E5C>바텐더 씨","여자애 마음 좀 가르쳐 주세요,<6E5C>바텐더 씨"
dom2Kisarah_X03.mes,Script/dom2Kisarah_X03.mes,49,19,Shizuku,えぇ?いきなりどうしたの、<6E5C><이름:3131>くん,"엥? 갑자기 왜 그래,<6E5C><이름:3131>군","엥? 갑자기 왜 그래,<6E5C><이름:3131>군"
dom2Kisarah_X03.mes,Script/dom2Kisarah_X03.mes,50,21,주인공,もう、僕にはさっぱり…….<6E5C>お手上げだよ,"정말, 전혀…….<6E5C>두 손 다 들었어","정말, 전혀…….<6E5C>두 손 다 들었어"
dom2Kisarah_X03.mes,Script/dom2Kisarah_X03.mes,51,35,Shizuku,それってひょっとして……<6E5C>この前お店に連れてきてくれた<6E5C>被女のこと?,그거 혹시……<6E5C>저번에 가게에 데려왔던<6E5C>여자친구 얘기?,그거 혹시……<6E5C>저번에 가게에 데려왔던<6E5C>여자친구 얘기?
dom2Kisarah_X03.mes,Script/dom2Kisarah_X03.mes,52,21,주인공,えっ、だからキサラは<6E5C>被女じゃなくて……,"엣, 키사라는<6E5C>여자친구 아니라고……","엣, 키사라는<6E5C>여자친구 아니라고……"
dom2Kisarah_X03.mes,Script/dom2Kisarah_X03.mes,53,13,Shizuku,やっぱり、その子のことだ,"역시, 걔 얘기구나","역시, 걔 얘기구나"
dom2Kisarah_X03.mes,Script/dom2Kisarah_X03.mes,54,5,주인공,…………,…………,…………
dom2Kisarah_X03.mes,Script/dom2Kisarah_X03.mes,55,13,Shizuku,で、ケンカしちゃったの?,"그래서, 싸운 거야?","그래서, 싸운 거야?"
dom2Kisarah_X03.mes,Script/dom2Kisarah_X03.mes,56,31,주인공,ケンカっていうか、僕が約束を<6E5C>忘れたせいで、怒らせてしまって,"싸움이라기보다, 내가 약속을<6E5C>잊어버려서 화나게 했어","싸움이라기보다, 내가 약속을<6E5C>잊어버려서 화나게 했어"
dom2Kisarah_X03.mes,Script/dom2Kisarah_X03.mes,57,4,Shizuku,約束?,약속?,약속?
dom2Kisarah_X03.mes,Script/dom2Kisarah_X03.mes,58,42,주인공,10年も前にした約束なんだ.それを<6E5C>思いだせないせいで、カンカンに<6E5C>なっちゃってね,"10년도 전에 한 약속이야.<6E5C>그걸 기억 못 해서, 완전히<6E5C>화가 나 버렸어","10년도 전에 한 약속이야.<6E5C>그걸 기억 못 해서, 완전히<6E5C>화가 나 버렸어"
dom2Kisarah_X03.mes,Script/dom2Kisarah_X03.mes,59,22,Shizuku,そっかぁ.<6E5C>よっぽど大切な約束だったんだね,그렇구나.<6E5C>꽤 소중한 약속이었나 보네,그렇구나.<6E5C>꽤 소중한 약속이었나 보네
dom2Kisarah_X03.mes,Script/dom2Kisarah_X03.mes,60,25,주인공,でも、子どもの頃の話だよ?<6E5C>それで怒られても……,그래도 옛날 얘기잖아?<6E5C>그걸로 화낸다고……,그래도 옛날 얘기잖아?<6E5C>그걸로 화낸다고……
dom2Kisarah_X03.mes,Script/dom2Kisarah_X03.mes,61,36,Shizuku,約束を忘れたことだけじゃなくて、<6E5C>そういう軽い考えが原因じゃないの<6E5C>?,"약속을 잊은 것뿐만 아니라,<6E5C>그런 가벼운 생각이 원인<6E5C>아니야?","약속을 잊은 것뿐만 아니라,<6E5C>그런 가벼운 생각이 원인<6E5C>아니야?"
dom2Kisarah_X03.mes,Script/dom2Kisarah_X03.mes,62,38,Shizuku,『子どもの頃の話だから忘れて<6E5C>当然』っていう気持ちが<6E5C>いけないんじゃない?,『어릴 적 얘기니까 잊는 게<6E5C>당연하다』는 마음가짐이<6E5C>문제 아닐까?,『어릴 적 얘기니까 잊는 게<6E5C>당연하다』는 마음가짐이<6E5C>문제 아닐까?
dom2Kisarah_X03.mes,Script/dom2Kisarah_X03.mes,63,5,주인공,うっ……,윽……,윽……
dom2Kisarah_X03.mes,Script/dom2Kisarah_X03.mes,64,13,Shizuku,なんて、わからないけどね,"라곤 해도, 모르지만","라곤 해도, 모르지만"
dom2Kisarah_X03.mes,Script/dom2Kisarah_X03.mes,65,41,주인공,……ねぇ、巳沢さん.どうしたら<6E5C>いいと思う?同じ女性なら、<6E5C>気持ちわかるでしょ?,"……저기, 미사와 씨. 어떡하면<6E5C>좋을까요? 같은 여자니까<6E5C>마음 알죠?","……저기, 미사와 씨. 어떡하면<6E5C>좋을까요? 같은 여자니까<6E5C>마음 알죠?"
dom2Kisarah_X03.mes,Script/dom2Kisarah_X03.mes,66,66,Shizuku,私はキサラさんじゃないから、<6E5C>どうしたら許してくれるかなんて<6E5C>わからないわよ<485C>同じ女だからって、そんな単純な<6E5C>ものじゃないんだよ?,"저는 키사라 씨가 아니니까,<6E5C>어떻게 해야 용서해 줄지<6E5C>모르겠어요<485C>같은 여자라고 해서, 그렇게 단순한<6E5C>게 아니거든요?","저는 키사라 씨가 아니니까,<6E5C>어떻게 해야 용서해 줄지<6E5C>모르겠어요<485C>같은 여자라고 해서, 그렇게 단순한<6E5C>게 아니거든요?"
dom2Kisarah_X03.mes,Script/dom2Kisarah_X03.mes,67,16,주인공,……やっぱり厳しいな、巳沢さん,"……엄하네요, 미사와 씨","……엄하네요, 미사와 씨"
dom2Kisarah_X03.mes,Script/dom2Kisarah_X03.mes,68,45,Shizuku,あら、私は普通よ?<이름:3131>くんは、<6E5C>女の子なら誰でも自分に優しく<6E5C>接してくれると思ってるの?,"어머, 전 보통인데요?<이름:3131>군은<6E5C>여자애면 다 자길 다정하게<6E5C>대해줄 거라 생각해요?","어머, 전 보통인데요?<이름:3131>군은<6E5C>여자애면 다 자길 다정하게<6E5C>대해줄 거라 생각해요?"
dom2Kisarah_X03.mes,Script/dom2Kisarah_X03.mes,69,28,주인공,うう…….ただでさえ弱ってるん<6E5C>だから、いじめないでよ,으으…….가뜩이나 힘든데<6E5C>괴롭히지 마세요,으으…….가뜩이나 힘든데<6E5C>괴롭히지 마세요
dom2Kisarah_X03.mes,Script/dom2Kisarah_X03.mes,70,15,Shizuku,<이름:3131>くんが甘えてるからだよ!,"<이름:3131>군, 응석 부리잖아!","<이름:3131>군, 응석 부리잖아!"
dom2Kisarah_X03.mes,Script/dom2Kisarah_X03.mes,71,31,Shizuku,そんなことじゃ、いつまで経っても<6E5C>被女の機嫌は直らないわよ?,"그런 식이면, 언제까지고<6E5C>여자친구 기분 안 풀릴걸요?","그런 식이면, 언제까지고<6E5C>여자친구 기분 안 풀릴걸요?"
dom2Kisarah_X03.mes,Script/dom2Kisarah_X03.mes,72,14,주인공,だから被女じゃないって……,여친 아니라니까……,여친 아니라니까……
dom2Kisarah_X03.mes,Script/dom2Kisarah_X03.mes,73,41,Shizuku,そう?今の<이름:3131>くんは、大好きな<6E5C>恋人とケンカして参ってる、<6E5C>気弱な被氏に見えるよ,"그래요? 지금 <이름:3131>군은,<6E5C>연인이랑 싸워 지친<6E5C>마음 약한 남친으로 보여요","그래요? 지금 <이름:3131>군은,<6E5C>연인이랑 싸워 지친<6E5C>마음 약한 남친으로 보여요"
dom2Kisarah_X03.mes,Script/dom2Kisarah_X03.mes,74,47,Shizuku,そんなことで、私に気軽に相談する<6E5C>なんて、<이름:3131>くんはやっぱり<6E5C>軽薄だと思う.自分で考えたら?,"그런 일로 저한테 상담하다니,<6E5C><이름:3131>군은 역시<6E5C>경솔한 듯해요. 스스로 생각해보죠?","그런 일로 저한테 상담하다니,<6E5C><이름:3131>군은 역시<6E5C>경솔한 듯해요. 스스로 생각해보죠?"
dom2Kisarah_X03.mes,Script/dom2Kisarah_X03.mes,75,12,주인공,あっ、巳沢さんまで……,미사와 씨까지……,미사와 씨까지……
dom2Kisarah_X03.mes,Script/dom2Kisarah_X03.mes,76,14,주인공,僕、どうしたらいいんだ……,"나, 어떡하면 좋지……","나, 어떡하면 좋지……"
dom2Kisarah_X03.mes,Script/dom2Kisarah_X03.mes,77,37,주인공,僕って本当に、<6E5C>最低なやつかもしれない.<6E5C>もう取り返しがつかないのか……,"나 정말로,<6E5C>최악인 놈일지도 몰라.<6E5C>이제 돌이킬 수 없는 걸까……","나 정말로,<6E5C>최악인 놈일지도 몰라.<6E5C>이제 돌이킬 수 없는 걸까……"
dom2Kisarah_X03.mes,Script/dom2Kisarah_X03.mes,78,12,주인공,ん?あれは……キサラ!,응? 저건……키사라!,응? 저건……키사라!
dom2Kisarah_X03.mes,Script/dom2Kisarah_X03.mes,79,37,UNKNOWN_4c,ねぇ君、さっきから変な男が<6E5C>俺たちの方を見てるんだけど、<6E5C>あれは誰だい?,"얘, 아까부터 이상한 남자가<6E5C>우릴 보고 있는데,<6E5C>저건 누구야?","얘, 아까부터 이상한 남자가<6E5C>우릴 보고 있는데,<6E5C>저건 누구야?"
dom2Kisarah_X03.mes,Script/dom2Kisarah_X03.mes,80,19,Kisarah,さぁ、知らないわ.<6E5C>ほっときましょ?,"글쎄, 몰라.<6E5C>내버려 두죠?","글쎄, 몰라.<6E5C>내버려 두죠?"
dom2Kisarah_X03.mes,Script/dom2Kisarah_X03.mes,81,26,UNKNOWN_4c,そうだな.俺たちの邪魔は<6E5C>誰にもできないよ、レディ,"그러네. 우리 방해는<6E5C>누구도 못 해, 레이디","그러네. 우리 방해는<6E5C>누구도 못 해, 레이디"
dom2Kisarah_X03.mes,Script/dom2Kisarah_X03.mes,82,30,Kisarah,そうよ.ボク、もっとアナタと<6E5C>親密になれる場所に行きたいワ,맞아요. 더 당신이랑<6E5C>가까워질 곳에 가고 싶어요,맞아요. 더 당신이랑<6E5C>가까워질 곳에 가고 싶어요
dom2Kisarah_X03.mes,Script/dom2Kisarah_X03.mes,83,33,UNKNOWN_4c,ヒュゥッ♪大胆だね.<6E5C>君にもやっと俺の良さがわかって、<6E5C>嬉しいよ,휘유♪ 대담하네.<6E5C>너도 이제야 내 매력을 알아줘서<6E5C>기뻐,휘유♪ 대담하네.<6E5C>너도 이제야 내 매력을 알아줘서<6E5C>기뻐
dom2Kisarah_X03.mes,Script/dom2Kisarah_X03.mes,84,20,UNKNOWN_4c,俺の美しさにしびれちゃったん<6E5C>だろう?,내 아름다움에 반해버린<6E5C>거지?,내 아름다움에 반해버린<6E5C>거지?
dom2Kisarah_X03.mes,Script/dom2Kisarah_X03.mes,85,10,Kisarah,エェ、たぶんそうよ,"네, 아마도요","네, 아마도요"
dom2Kisarah_X03.mes,Script/dom2Kisarah_X03.mes,86,25,Kisarah,とにかく、早くふたりっきりに<6E5C>なりたいナ~、ボク,"아무튼, 빨리 단둘이<6E5C>있고 싶어요~, 저","아무튼, 빨리 단둘이<6E5C>있고 싶어요~, 저"
dom2Kisarah_X03.mes,Script/dom2Kisarah_X03.mes,87,12,UNKNOWN_4c,そう急かすなよ、レディ,"재촉 마, 레이디","재촉 마, 레이디"
dom2Kisarah_X03.mes,Script/dom2Kisarah_X03.mes,88,48,UNKNOWN_4c,なんなら俺の屋敷でシューティング<6E5C>を見ないかい?俺のあまりの強さに<6E5C>、ますますしびれちゃうぜ?,"괜찮다면 내 저택에서 슈팅<6E5C>게임 구경 안 할래? 내 엄청난<6E5C>실력에, 더 반해버릴걸?","괜찮다면 내 저택에서 슈팅<6E5C>게임 구경 안 할래? 내 엄청난<6E5C>실력에, 더 반해버릴걸?"
dom2Kisarah_X03.mes,Script/dom2Kisarah_X03.mes,89,20,Kisarah,エエ、なんでもいいから、<6E5C>そうするワ~,"네, 뭐든 좋으니<6E5C>그럴게요~","네, 뭐든 좋으니<6E5C>그럴게요~"
dom2Kisarah_X03.mes,Script/dom2Kisarah_X03.mes,90,5,주인공,…………,…………,…………
dom2Kisarah_X03.mes,Script/dom2Kisarah_X03.mes,91,12,주인공,……な、なんだあれは!,"……뭐, 뭐야 저건!","……뭐, 뭐야 저건!"
dom2Kisarah_X03.mes,Script/dom2Kisarah_X03.mes,92,34,주인공,キサラのやつ、知らない男と<6E5C>あんなにベタベタと……<6E5C>なんてやつだ!,키사라 모르는 남자랑<6E5C>저리 붙어서……<6E5C>대체 뭔 생각이야!,키사라 모르는 남자랑<6E5C>저리 붙어서……<6E5C>대체 뭔 생각이야!
dom2Kisarah_X03.mes,Script/dom2Kisarah_X03.mes,93,19,주인공,ひとがこんなに悩んでるのに……!<6E5C>!,사람이 이렇게 고민하는데……!<6E5C>!,사람이 이렇게 고민하는데……!<6E5C>!
dom2Kisarah_X03.mes,Script/dom2Kisarah_X03.mes,94,7,[선택지],帰る追いかける,돌아간다쫓는다,돌아간다\쫓는다
dom2Kisarah_X03.mes,Script/dom2Kisarah_X03.mes,95,36,주인공,もう知らない!今日はあいつの<6E5C>ことで悩むのはやめだ!<6E5C>バカバカしい……,이제 몰라! 오늘 그 녀석<6E5C>때문에 고민 그만두자!<6E5C>바보 같아……,이제 몰라! 오늘 그 녀석<6E5C>때문에 고민 그만두자!<6E5C>바보 같아……
dom2Kisarah_X03.mes,Script/dom2Kisarah_X03.mes,96,22,주인공,くっそぉ、ふたりっきりで<6E5C>何をするつもりだ,"젠장, 단둘이서<6E5C>뭘 하려는 거야","젠장, 단둘이서<6E5C>뭘 하려는 거야"
dom2Kisarah_X03.mes,Script/dom2Kisarah_X03.mes,97,19,주인공,早く追いかけないと、<6E5C>見失ってしまう,"빨리 쫓아가지 않으면,<6E5C>놓쳐버려","빨리 쫓아가지 않으면,<6E5C>놓쳐버려"
dom2Kisarah_X03.mes,Script/dom2Kisarah_X03.mes,98,4,[효과음/내레이션],ダダッ,다다닷,다다닷
dom2Kisarah_X03.mes,Script/dom2Kisarah_X03.mes,99,4,[효과음/내레이션],ドンッ,쿵,쿵
dom2Kisarah_X03.mes,Script/dom2Kisarah_X03.mes,100,9,주인공,あ、すいませ……,"아, 죄송……","아, 죄송……"
dom2Kisarah_X03.mes,Script/dom2Kisarah_X03.mes,101,6,Iori,貴様は……,네놈은……,네놈은……
dom2Kisarah_X03.mes,Script/dom2Kisarah_X03.mes,102,6,주인공,八神先輩!,야가미!,야가미!
dom2Kisarah_X03.mes,Script/dom2Kisarah_X03.mes,103,23,Iori,俺の行く手を阻む者は、<6E5C>誰であろうと許さんぞ,"내 길을 막는 자는,<6E5C>누구든 용서 않는다","내 길을 막는 자는,<6E5C>누구든 용서 않는다"
dom2Kisarah_X03.mes,Script/dom2Kisarah_X03.mes,104,32,주인공,そ、そんなつもり微塵もないですよ<6E5C>!ただ僕はキサラを追って……,"그, 그런 생각 없어요<6E5C>! 그냥 키사라를 쫓다가……","그, 그런 생각 없어요<6E5C>! 그냥 키사라를 쫓다가……"
dom2Kisarah_X03.mes,Script/dom2Kisarah_X03.mes,105,25,Iori,何ッ?女の尻を追い、<6E5C>俺にぶつかったと言うのか!,"뭐? 여자 쫓다가,<6E5C>나한테 부딪혔다는 거냐!","뭐? 여자 쫓다가,<6E5C>나한테 부딪혔다는 거냐!"
dom2Kisarah_X03.mes,Script/dom2Kisarah_X03.mes,106,29,Iori,そんなふぬけた態度で教師が<6E5C>務まるか、貴様ァァァァァッ!,"그런 나약한 태도로 교사가<6E5C>가당키나 하냐, 네놈!","그런 나약한 태도로 교사가<6E5C>가당키나 하냐, 네놈!"
dom2Kisarah_X03.mes,Script/dom2Kisarah_X03.mes,107,20,주인공,ヒェェェェェ!<6E5C>かんべんしてください~,히이이이익!<6E5C>봐 주세요~,히이이이익!<6E5C>봐 주세요~
dom2Kisarah_X03.mes,Script/dom2Kisarah_X03.mes,108,5,[효과음/내레이션],ガチャッ,달칵,달칵
dom2Kisarah_X03.mes,Script/dom2Kisarah_X03.mes,109,27,주인공,……ほたるはもう寝てるみたいだな<6E5C>.僕も、疲れた……,……호타루는 벌써 자나 보네<6E5C>. 나도 피곤해……,……호타루는 벌써 자나 보네<6E5C>. 나도 피곤해……
dom2Kisarah_X03.mes,Script/dom2Kisarah_X03.mes,110,57,주인공,……よし、僕ももう寝よう!<6E5C>あんな怒りっぽいキサラの<6E5C>ことなんて、もう忘れるんだ!<485C>僕は必死で謝ってるのに……!,"……좋아, 나도 자자!<6E5C>저렇게 화 잘 내는 키사라<6E5C>같은 건 잊는 거야!<485C>난 필사적으로 비는데……!","……좋아, 나도 자자!<6E5C>저렇게 화 잘 내는 키사라<6E5C>같은 건 잊는 거야!<485C>난 필사적으로 비는데……!"
dom2Kisarah_X03.mes,Script/dom2Kisarah_X03.mes,111,23,주인공,もう、あんな勝手なヤツなんて<6E5C>知らないやっ!,"이제, 저런 제멋대로인 녀석<6E5C>따위 몰라!","이제, 저런 제멋대로인 녀석<6E5C>따위 몰라!"
dom2Kisarah_X04.mes,Script/dom2Kisarah_X04.mes,0,15,Hotaru,お兄ちゃん、おはよう.早いね,오빠 좋은 아침. 일찍이네,오빠 좋은 아침. 일찍이네
dom2Kisarah_X04.mes,Script/dom2Kisarah_X04.mes,1,9,주인공,ああ、おはよう!,"그래, 안녕!","그래, 안녕!"
dom2Kisarah_X04.mes,Script/dom2Kisarah_X04.mes,2,16,Hotaru,お、お兄ちゃん、何か怒ってる?,"오, 오빠, 뭔가 화났어?","오, 오빠, 뭔가 화났어?"
dom2Kisarah_X04.mes,Script/dom2Kisarah_X04.mes,3,12,주인공,え?怒ってなんかないよ,어? 화 안 났어,어? 화 안 났어
dom2Kisarah_X04.mes,Script/dom2Kisarah_X04.mes,4,19,Hotaru,ならいいけど.<6E5C>ちょっと恐かったから,그럼 다행이고.<6E5C>좀 무서웠으니까,그럼 다행이고.<6E5C>좀 무서웠으니까
dom2Kisarah_X04.mes,Script/dom2Kisarah_X04.mes,5,12,주인공,ほたるが恐がりなんだよ,호타루가 겁쟁이야,호타루가 겁쟁이야
dom2Kisarah_X04.mes,Script/dom2Kisarah_X04.mes,6,23,Hotaru,じゃあ、キサラちゃんと<6E5C>仲直りできたのかな?,"그럼, 키사라랑<6E5C>화해한 거야?","그럼, 키사라랑<6E5C>화해한 거야?"
dom2Kisarah_X04.mes,Script/dom2Kisarah_X04.mes,7,5,주인공,…………,…………,…………
dom2Kisarah_X04.mes,Script/dom2Kisarah_X04.mes,8,10,Hotaru,お、お兄ちゃん……,"오, 오빠……","오, 오빠……"
dom2Kisarah_X04.mes,Script/dom2Kisarah_X04.mes,9,39,Hotaru,もう、ほたるがキサラちゃんに<6E5C>お願いするよ!<6E5C>仲直りするように説得するから!,"이제, 호타루가 키사라한테<6E5C>부탁할게!<6E5C>화해하도록 설득할 테니까!","이제, 호타루가 키사라한테<6E5C>부탁할게!<6E5C>화해하도록 설득할 테니까!"
dom2Kisarah_X04.mes,Script/dom2Kisarah_X04.mes,10,29,주인공,いいんだ、ほたる!<6E5C>もう、キサラのことは<6E5C>当分ほっとくよ,"괜찮아, 호타루!<6E5C>키사라 일은<6E5C>당분간 내버려 둘래","괜찮아, 호타루!<6E5C>키사라 일은<6E5C>당분간 내버려 둘래"
dom2Kisarah_X04.mes,Script/dom2Kisarah_X04.mes,11,41,주인공,こっちが何をやってもダメみたい<6E5C>だし、しかたないよ.<6E5C>時間が必要なのかもしれない,내가 뭘 해도 안 될 것 같고<6E5C>어쩔 수 없어.<6E5C>시간이 필요한 걸지도 몰라,내가 뭘 해도 안 될 것 같고<6E5C>어쩔 수 없어.<6E5C>시간이 필요한 걸지도 몰라
dom2Kisarah_X04.mes,Script/dom2Kisarah_X04.mes,12,13,Hotaru,……そう?それでいいの?,……그래? 그걸로 돼?,……그래? 그걸로 돼?
dom2Kisarah_X04.mes,Script/dom2Kisarah_X04.mes,13,21,주인공,ああ!いつまでも悩んでも<6E5C>意味ないからね,그래! 계속 고민해봤자<6E5C>의미 없으니까,그래! 계속 고민해봤자<6E5C>의미 없으니까
dom2Kisarah_X04.mes,Script/dom2Kisarah_X04.mes,14,25,Hotaru,お兄ちゃんがそう言うなら、<6E5C>ほたるは何も言わない,"오빠가 그렇다면,<6E5C>호타루는 아무 말 안 할게","오빠가 그렇다면,<6E5C>호타루는 아무 말 안 할게"
dom2Kisarah_X04.mes,Script/dom2Kisarah_X04.mes,15,16,Hotaru,……早く、許してくれたらいいね,……빨리 용서해주면 좋겠다,……빨리 용서해주면 좋겠다
dom2Kisarah_X04.mes,Script/dom2Kisarah_X04.mes,16,15,주인공,ああ.そのときを気長に待つよ,그래. 느긋하게 기다릴게,그래. 느긋하게 기다릴게
dom2Kisarah_X04.mes,Script/dom2Kisarah_X04.mes,17,24,주인공,はぁ、ここ数日考えすぎて、<6E5C>頭が疲れちゃったや,"하아, 요즘 너무 생각해서,<6E5C>머리가 무거워","하아, 요즘 너무 생각해서,<6E5C>머리가 무거워"
dom2Kisarah_X04.mes,Script/dom2Kisarah_X04.mes,18,12,주인공,少しは休ませないとなぁ,좀 쉬게 해줘야겠어,좀 쉬게 해줘야겠어
dom2Kisarah_X04.mes,Script/dom2Kisarah_X04.mes,19,21,UNKNOWN_1e,な~に、ため息なんかついてんだよ<6E5C>、真吾,"뭐야, 한숨은 왜 쉬는 거야<6E5C>, 신고","뭐야, 한숨은 왜 쉬는 거야<6E5C>, 신고"
dom2Kisarah_X04.mes,Script/dom2Kisarah_X04.mes,20,19,주인공,く、草薙先輩…….<6E5C>だから僕の名前は,"쿠, 쿠사나기 선배…….<6E5C>이름은","쿠, 쿠사나기 선배…….<6E5C>이름은"
dom2Kisarah_X04.mes,Script/dom2Kisarah_X04.mes,21,24,Kyo,<이름:3131><이름:3232>だろ?<6E5C>そんなことどうだっていいんだよ,<이름:3131><이름:3232>맞지?<6E5C>그런 거 아무래도 상관없잖아,<이름:3131><이름:3232>맞지?<6E5C>그런 거 아무래도 상관없잖아
dom2Kisarah_X04.mes,Script/dom2Kisarah_X04.mes,22,17,주인공,人の名前をどうでもいいなんて……,이름을 아무래도 좋다니……,이름을 아무래도 좋다니……
dom2Kisarah_X04.mes,Script/dom2Kisarah_X04.mes,23,32,Kyo,それより、さっきのは何のため息だ<6E5C>?悩んでることがあるんだろう,"그것보다, 아까 그건 무슨 한숨이야<6E5C>? 고민 있는 거지","그것보다, 아까 그건 무슨 한숨이야<6E5C>? 고민 있는 거지"
dom2Kisarah_X04.mes,Script/dom2Kisarah_X04.mes,24,12,주인공,ぎくっ.……なぜそれを,뜨끔.……어떻게 그걸,뜨끔.……어떻게 그걸
dom2Kisarah_X04.mes,Script/dom2Kisarah_X04.mes,25,28,Kyo,だてに教師やってねぇからな.<6E5C>それぐらい、お見通しだぜ,괜히 교사 하는 게 아니거든.<6E5C>척 보면 다 알지,괜히 교사 하는 게 아니거든.<6E5C>척 보면 다 알지
dom2Kisarah_X04.mes,Script/dom2Kisarah_X04.mes,26,21,주인공,草薙先輩に見抜かれるなんて……<6E5C>ショック,선배한테 들키다니……<6E5C>충격이야,선배한테 들키다니……<6E5C>충격이야
dom2Kisarah_X04.mes,Script/dom2Kisarah_X04.mes,27,13,Kyo,で、何の悩みだよ.金か?,무슨 고민이야 돈이냐?,무슨 고민이야 돈이냐?
dom2Kisarah_X04.mes,Script/dom2Kisarah_X04.mes,28,17,주인공,違いますよ!その、人間関係で……,"아니에요! 그, 인간관계로……","아니에요! 그, 인간관계로……"
dom2Kisarah_X04.mes,Script/dom2Kisarah_X04.mes,29,12,Kyo,俺のクラスのキサラか?,내 반 키사라냐?,내 반 키사라냐?
dom2Kisarah_X04.mes,Script/dom2Kisarah_X04.mes,30,25,주인공,ぎくっ.……なんで変なとこで<6E5C>鋭いんだ、草薙先輩,"뜨끔.……왜 이런 데서<6E5C>예리해요, 선배","뜨끔.……왜 이런 데서<6E5C>예리해요, 선배"
dom2Kisarah_X04.mes,Script/dom2Kisarah_X04.mes,31,21,Kyo,どうせ、なんかヘマして<6E5C>怒らせたんだろ?,어차피 실수해서<6E5C>화나게 한 거지?,어차피 실수해서<6E5C>화나게 한 거지?
dom2Kisarah_X04.mes,Script/dom2Kisarah_X04.mes,32,14,주인공,まぁ、そうなんですけど……,"뭐, 그렇긴 한데요……","뭐, 그렇긴 한데요……"
dom2Kisarah_X04.mes,Script/dom2Kisarah_X04.mes,33,21,주인공,でも、キサラが厳しすぎる<6E5C>性格なんで……,"근데, 키사라 엄격한<6E5C>성격이라서……","근데, 키사라 엄격한<6E5C>성격이라서……"
dom2Kisarah_X04.mes,Script/dom2Kisarah_X04.mes,34,16,Kyo,おい、それは違うんじゃねぇか?,"야, 그건 아니지 않냐?","야, 그건 아니지 않냐?"
dom2Kisarah_X04.mes,Script/dom2Kisarah_X04.mes,35,34,Kyo,キサラは確かに生徒会もやってて、<6E5C>人より厳しくないといけない立場だ,키사라는 확실히 학생회도 해서<6E5C>남보다 엄격해야 하는 입장이야,키사라는 확실히 학생회도 해서<6E5C>남보다 엄격해야 하는 입장이야
dom2Kisarah_X04.mes,Script/dom2Kisarah_X04.mes,36,30,Kyo,だけど無駄に厳しいってことは<6E5C>ねぇぜ.俺が見てるかぎりはな,근데 쓸데없이 엄격한 건<6E5C>아니야. 내가 보기엔 말이지,근데 쓸데없이 엄격한 건<6E5C>아니야. 내가 보기엔 말이지
dom2Kisarah_X04.mes,Script/dom2Kisarah_X04.mes,37,7,주인공,草薙先輩……,쿠사나기……,쿠사나기……
dom2Kisarah_X04.mes,Script/dom2Kisarah_X04.mes,38,22,Kyo,おまえが約束忘れたりして、<6E5C>怒らせたんだろ,"네가 약속 잊어서,<6E5C>화나게 한 거잖아","네가 약속 잊어서,<6E5C>화나게 한 거잖아"
dom2Kisarah_X04.mes,Script/dom2Kisarah_X04.mes,39,16,주인공,ぎくっ.でも、大昔の約束を……,뜨끔. 근데 옛날 약속을……,뜨끔. 근데 옛날 약속을……
dom2Kisarah_X04.mes,Script/dom2Kisarah_X04.mes,40,31,Kyo,それをいままで覚えてるフリでも<6E5C>してたんじゃねぇのか?おまえ,그걸 지금까지 기억하는 척이라도<6E5C>했어야 하잖아? 너,그걸 지금까지 기억하는 척이라도<6E5C>했어야 하잖아? 너
dom2Kisarah_X04.mes,Script/dom2Kisarah_X04.mes,41,24,주인공,……たしかに、チャンスはいくらで<6E5C>もありました,"……확실히, 기회는 얼마든지<6E5C>있었어요","……확실히, 기회는 얼마든지<6E5C>있었어요"
dom2Kisarah_X04.mes,Script/dom2Kisarah_X04.mes,42,38,Kyo,きっとキサラは、約束を忘れたこと<6E5C>そのものを怒ってるんじゃねぇと思<6E5C>うぜ?,"분명 키사라는, 약속 잊은 것<6E5C>자체에 화난 게 아닐 거라고<6E5C>생각해","분명 키사라는, 약속 잊은 것<6E5C>자체에 화난 게 아닐 거라고<6E5C>생각해"
dom2Kisarah_X04.mes,Script/dom2Kisarah_X04.mes,43,47,Kyo,約束を軽んじたことに怒ってんだ.<6E5C>キサラに取っちゃ、それは自分を<6E5C>軽んじられたも同然だからな,약속을 우습게 여긴 것에 화난 거야.<6E5C>키사라 입장에선 자신이<6E5C>우스워진 거나 같으니까,약속을 우습게 여긴 것에 화난 거야.<6E5C>키사라 입장에선 자신이<6E5C>우스워진 거나 같으니까
dom2Kisarah_X04.mes,Script/dom2Kisarah_X04.mes,44,23,주인공,草薙先輩……なんでそこまで<6E5C>わかるんですか?,선배……어떻게 그렇게까지<6E5C>아는 거예요?,선배……어떻게 그렇게까지<6E5C>아는 거예요?
dom2Kisarah_X04.mes,Script/dom2Kisarah_X04.mes,45,41,Kyo,そりゃ、俺の生徒だからな.<6E5C>こんなこともわからないようじゃ、<6E5C>監督不行き届きだぜ,"그야, 내 학생이니까.<6E5C>이런 것도 모르면,<6E5C>관리 소홀이지","그야, 내 학생이니까.<6E5C>이런 것도 모르면,<6E5C>관리 소홀이지"
dom2Kisarah_X04.mes,Script/dom2Kisarah_X04.mes,46,5,주인공,…………,…………,…………
dom2Kisarah_X04.mes,Script/dom2Kisarah_X04.mes,47,39,Kyo,まぁ、おまえならなんとかなるだろ<6E5C>.俺よりキサラのことは詳しいはず<6E5C>だからな,"뭐, 너라면 어떻게든 될 거야<6E5C>. 나보다 키사라를 잘 알<6E5C>테니까","뭐, 너라면 어떻게든 될 거야<6E5C>. 나보다 키사라를 잘 알<6E5C>테니까"
dom2Kisarah_X04.mes,Script/dom2Kisarah_X04.mes,48,15,Kyo,だから、焦らずにうまくやれよ,그러니 서두르지 말고 해봐,그러니 서두르지 말고 해봐
dom2Kisarah_X04.mes,Script/dom2Kisarah_X04.mes,49,7,주인공,草薙先輩……,쿠사나기……,쿠사나기……
dom2Kisarah_X04.mes,Script/dom2Kisarah_X04.mes,50,22,[선택지],ありがとうございます!本当に草薙先輩ですか?,감사합니다!정말 쿠사나기 선배 맞아요?,감사합니다!\정말 쿠사나기 선배 맞아요?
dom2Kisarah_X04.mes,Script/dom2Kisarah_X04.mes,51,12,주인공,ありがとうございます!,감사합니다!,감사합니다!
dom2Kisarah_X04.mes,Script/dom2Kisarah_X04.mes,52,11,Kyo,よせよ、テレくせぇな,"됐어, 쑥스럽게","됐어, 쑥스럽게"
dom2Kisarah_X04.mes,Script/dom2Kisarah_X04.mes,53,24,Kyo,じゃ、俺はユキとデートの<6E5C>途中だから、またなっ,"그럼, 유키랑 데이트<6E5C>중이니까, 또 보자","그럼, 유키랑 데이트<6E5C>중이니까, 또 보자"
dom2Kisarah_X04.mes,Script/dom2Kisarah_X04.mes,54,7,주인공,……草薙先輩,……쿠사나기,……쿠사나기
dom2Kisarah_X04.mes,Script/dom2Kisarah_X04.mes,55,22,주인공,僕、草薙先輩のことを誤解してた<6E5C>みたいです,"저, 선배를 오해했던<6E5C>것 같아요","저, 선배를 오해했던<6E5C>것 같아요"
dom2Kisarah_X04.mes,Script/dom2Kisarah_X04.mes,56,26,주인공,不覚にも今、先輩のことを<6E5C>尊敬しちゃいましたよ……,"이런, 지금 선배를<6E5C>존경해버렸어요……","이런, 지금 선배를<6E5C>존경해버렸어요……"
dom2Kisarah_X04.mes,Script/dom2Kisarah_X04.mes,57,14,주인공,……本当に草薙先輩ですか?,……정말 선배 맞아요?,……정말 선배 맞아요?
dom2Kisarah_X04.mes,Script/dom2Kisarah_X04.mes,58,14,Kyo,ハァ?おまえ、何言ってんだ,"하아? 너, 뭔 소리야","하아? 너, 뭔 소리야"
dom2Kisarah_X04.mes,Script/dom2Kisarah_X04.mes,59,22,주인공,あまりに草薙先輩らしくない<6E5C>発言ですよ……,너무 선배답지 않은<6E5C>발언이에요……,너무 선배답지 않은<6E5C>발언이에요……
dom2Kisarah_X04.mes,Script/dom2Kisarah_X04.mes,60,16,주인공,熱でもあるんじゃないんですか?,열 있는 거 아니에요?,열 있는 거 아니에요?
dom2Kisarah_X04.mes,Script/dom2Kisarah_X04.mes,61,25,Kyo,<이름:3232>……おまえ、俺のブローを<6E5C>受けてぇみてぇだな,"<이름:3232>……너, 내 블로<6E5C>맞고 싶은가 보네","<이름:3232>……너, 내 블로<6E5C>맞고 싶은가 보네"
dom2Kisarah_X04.mes,Script/dom2Kisarah_X04.mes,62,6,주인공,え、そんな,"어, 그런","어, 그런"
dom2Kisarah_X04.mes,Script/dom2Kisarah_X04.mes,63,6,[효과음/내레이션],ブオォッ!,화르륵!,화르륵!
dom2Kisarah_X04.mes,Script/dom2Kisarah_X04.mes,64,5,주인공,わぁっ!,으왓!,으왓!
dom2Kisarah_X04.mes,Script/dom2Kisarah_X04.mes,65,10,Kyo,へへ……燃えたろ?,헤헤……뜨겁지?,헤헤……뜨겁지?
dom2Kisarah_X04.mes,Script/dom2Kisarah_X04.mes,66,21,주인공,い、今、目の前に淡が…….<6E5C>気のせいか?,눈앞에 불꽃이…….<6E5C>기분 탓인가?,눈앞에 불꽃이…….<6E5C>기분 탓인가?
dom2Kisarah_X04.mes,Script/dom2Kisarah_X04.mes,67,29,주인공,(……僕は、キサラのことを軽く<6E5C>見ていたのかもしれない),"(……나는, 키사라를 가볍게<6E5C>보고 있었는지도 몰라)","(……나는, 키사라를 가볍게<6E5C>보고 있었는지도 몰라)"
dom2Kisarah_X04.mes,Script/dom2Kisarah_X04.mes,68,33,주인공,(長くいすぎたせいで、昔の約束<6E5C>ぐらい……と思ってしまったんだ),(너무 오래 함께해서 옛날 약속<6E5C>쯤이야 하고 생각한 거야),(너무 오래 함께해서 옛날 약속<6E5C>쯤이야 하고 생각한 거야)
dom2Kisarah_X04.mes,Script/dom2Kisarah_X04.mes,69,67,주인공,(キサラが過去に約束事で傷を受け<6E5C>たことも知らないで)<485C>(でも僕は決して、キサラの<6E5C>ことをどうでもいい存在だと<6E5C>思ってたことは……),(키사라가 과거에 약속 때문에 상처받은<6E5C>줄도 모르고)<485C>(하지만 절대 키사라를<6E5C>아무래도 좋은 존재라고<6E5C>생각한 적은……),(키사라가 과거에 약속 때문에 상처받은<6E5C>줄도 모르고)<485C>(하지만 절대 키사라를<6E5C>아무래도 좋은 존재라고<6E5C>생각한 적은……)
dom2Kisarah_X04.mes,Script/dom2Kisarah_X04.mes,70,10,UNKNOWN_1e,あれ、お兄ちゃん?,"어, 오빠?","어, 오빠?"
dom2Kisarah_X04.mes,Script/dom2Kisarah_X04.mes,71,12,주인공,ほたる.買い物帰りか?,호타루 장보고 왔어?,호타루 장보고 왔어?
dom2Kisarah_X04.mes,Script/dom2Kisarah_X04.mes,72,38,Hotaru,うん.お兄ちゃんの好きなクリーム<6E5C>コロッケも買ってきたよ.<6E5C>夜、食べようね,"응. 오빠가 좋아하는 크림<6E5C>고로케도 사왔어.<6E5C>밤에, 먹자","응. 오빠가 좋아하는 크림<6E5C>고로케도 사왔어.<6E5C>밤에, 먹자"
dom2Kisarah_X04.mes,Script/dom2Kisarah_X04.mes,73,12,주인공,ありがとう.袋、持つよ,고마워. 봉투 들게,고마워. 봉투 들게
dom2Kisarah_X04.mes,Script/dom2Kisarah_X04.mes,74,6,Hotaru,ありがとっ,고마워!,고마워!
dom2Kisarah_X04.mes,Script/dom2Kisarah_X04.mes,75,29,주인공,……この河川敷をほたると歩くのも<6E5C>、久しぶりな気がするな,……이 강변을 호타루랑<6E5C>걷는 것도 오랜만인 것 같네,……이 강변을 호타루랑<6E5C>걷는 것도 오랜만인 것 같네
dom2Kisarah_X04.mes,Script/dom2Kisarah_X04.mes,76,34,Hotaru,そうだね.ほたるがお家に<6E5C>来たばかりの頃は、<6E5C>よくふたりで遊んだね,"맞아. 호타루가 집에<6E5C>막 왔을 때는,<6E5C>둘이 자주 놀았었지","맞아. 호타루가 집에<6E5C>막 왔을 때는,<6E5C>둘이 자주 놀았었지"
dom2Kisarah_X04.mes,Script/dom2Kisarah_X04.mes,77,16,Hotaru,あ、キサラちゃんも一緒だったね,"아, 키사라도 같이 있었지","아, 키사라도 같이 있었지"
dom2Kisarah_X04.mes,Script/dom2Kisarah_X04.mes,78,15,주인공,そうだな.3人で遊んだな……,그랬지. 셋이서 놀았었지…,그랬지. 셋이서 놀았었지…
dom2Kisarah_X04.mes,Script/dom2Kisarah_X04.mes,79,21,Hotaru,キサラちゃんとは、<6E5C>今でもここで遊ぶよ?,키사라랑은<6E5C> 지금도 여기서 놀아?,키사라랑은<6E5C> 지금도 여기서 놀아?
dom2Kisarah_X04.mes,Script/dom2Kisarah_X04.mes,80,23,Hotaru,あとは、神楽神社かな.<6E5C>お気に入りなんだって,"그리고, 카구라 신사려나.<6E5C>마음에 든대","그리고, 카구라 신사려나.<6E5C>마음에 든대"
dom2Kisarah_X04.mes,Script/dom2Kisarah_X04.mes,81,10,주인공,神社が?ほたるの?,신사?호타루 거?,신사?호타루 거?
dom2Kisarah_X04.mes,Script/dom2Kisarah_X04.mes,82,12,Hotaru,ううん.キサラちゃんの,아니. 키사라 거야,아니. 키사라 거야
dom2Kisarah_X04.mes,Script/dom2Kisarah_X04.mes,83,13,Hotaru,思い出の場所なんだってさ,추억의 장소래,추억의 장소래
dom2Kisarah_X04.mes,Script/dom2Kisarah_X04.mes,84,29,주인공,へぇ.そういえばキサラ、<6E5C>たまに神社にひとりでいたな……,"그러고 보니 키사라,<6E5C>가끔 신사에 혼자 있었지……","그러고 보니 키사라,<6E5C>가끔 신사에 혼자 있었지……"
dom2Kisarah_X04.mes,Script/dom2Kisarah_X04.mes,85,15,주인공,似合わないなぁと思ってたけど,안 어울린다고 생각했었는데,안 어울린다고 생각했었는데
dom2Kisarah_X04.mes,Script/dom2Kisarah_X04.mes,86,21,Hotaru,そんなことないよ.<6E5C>大好きだって言ってた,그렇지 않아.<6E5C>정말 좋아한다고 했어,그렇지 않아.<6E5C>정말 좋아한다고 했어
dom2Kisarah_X04.mes,Script/dom2Kisarah_X04.mes,87,21,Hotaru,お兄ちゃんともよく、<6E5C>遊んでたんでしょ?,"오빠랑도 자주,<6E5C>놀았었지?","오빠랑도 자주,<6E5C>놀았었지?"
dom2Kisarah_X04.mes,Script/dom2Kisarah_X04.mes,88,29,주인공,まぁ、子どもの頃だけどな.<6E5C>隠れんぼとか、みんなでしたよ,어릴 때긴 하지만.<6E5C>숨바꼭질 같은 거 다같이 했지,어릴 때긴 하지만.<6E5C>숨바꼭질 같은 거 다같이 했지
dom2Kisarah_X04.mes,Script/dom2Kisarah_X04.mes,89,38,Hotaru,キサラちゃんも言ってた!<6E5C>隠れんぼは、誰よりも隠れるのが<6E5C>上手だったって!,"키사라도 그랬어!<6E5C>숨바꼭질은, 누구보다 숨는 걸<6E5C>잘했다고!","키사라도 그랬어!<6E5C>숨바꼭질은, 누구보다 숨는 걸<6E5C>잘했다고!"
dom2Kisarah_X04.mes,Script/dom2Kisarah_X04.mes,90,33,주인공,そうだな.キサラは、ああいうのが<6E5C>本当に得意で、隠すと言えば……,"맞아. 키사라는 그런 거<6E5C>정말 잘했었지, 숨긴다고 하면……","맞아. 키사라는 그런 거<6E5C>정말 잘했었지, 숨긴다고 하면……"
dom2Kisarah_X04.mes,Script/dom2Kisarah_X04.mes,91,14,Hotaru,?<020A>どうしたの、お兄ちゃん,"?<020A>왜 그래, 오빠","?<020A>왜 그래, 오빠"
dom2Kisarah_X04.mes,Script/dom2Kisarah_X04.mes,92,4,주인공,――!,――!,――!
dom2Kisarah_X04.mes,Script/dom2Kisarah_X04.mes,93,32,주인공,ご、ごめんほたる、買い物袋を<6E5C>持って、先に帰っててくれないか?,"미, 미안 호타루, 장바구니<6E5C>들고 먼저 가 있어줄래?","미, 미안 호타루, 장바구니<6E5C>들고 먼저 가 있어줄래?"
dom2Kisarah_X04.mes,Script/dom2Kisarah_X04.mes,94,6,Hotaru,えっ、何?,어 뭐야?,어 뭐야?
dom2Kisarah_X04.mes,Script/dom2Kisarah_X04.mes,95,20,주인공,大丈夫、もう大丈夫だよ、<6E5C>ほたる……!,괜찮아 이제 괜찮으니까<6E5C>호타루……!,괜찮아 이제 괜찮으니까<6E5C>호타루……!
dom2Kisarah_X04.mes,Script/dom2Kisarah_X04.mes,96,9,[효과음/내레이션],タッタッタッ……,타다닥……,타다닥……
dom2Kisarah_X04.mes,Script/dom2Kisarah_X04.mes,97,8,주인공,はぁ、はぁ……,"헉, 헉……","헉, 헉……"
dom2Kisarah_X04.mes,Script/dom2Kisarah_X04.mes,98,22,주인공,す、すいません、神楽先輩!<6E5C>いませんか!?,"죄, 죄송해요, 선배!<6E5C>안 계세요!?","죄, 죄송해요, 선배!<6E5C>안 계세요!?"
dom2Kisarah_X04.mes,Script/dom2Kisarah_X04.mes,99,13,Chizuru,あら、<이름:3131>君.こんにちは,"어머, <이름:3131>군. 안녕","어머, <이름:3131>군. 안녕"
dom2Kisarah_X04.mes,Script/dom2Kisarah_X04.mes,100,12,주인공,すいません、神楽先輩!,"죄송해요, 선배!","죄송해요, 선배!"
dom2Kisarah_X04.mes,Script/dom2Kisarah_X04.mes,101,17,주인공,どうか僕に、掘らせてくださいっ!,"제발 저한테, 파게 해주세요!","제발 저한테, 파게 해주세요!"
dom2Kisarah_X04.mes,Script/dom2Kisarah_X04.mes,102,19,Chizuru,え?いきなり、<6E5C>どういうことかしら?,"어? 갑자기,<6E5C>무슨 소리야?","어? 갑자기,<6E5C>무슨 소리야?"
dom2Kisarah_X04.mes,Script/dom2Kisarah_X04.mes,103,31,Chizuru,……まぁ!何、そのスコップ!<6E5C>今から宝探しでもするつもり!?,……어머! 뭐야 그 삽!<6E5C>이제 보물찾기라도 할 거야!?,……어머! 뭐야 그 삽!<6E5C>이제 보물찾기라도 할 거야!?
dom2Kisarah_X04.mes,Script/dom2Kisarah_X04.mes,104,11,주인공,実はそんなところです,실은 그런 셈이에요,실은 그런 셈이에요
dom2Kisarah_X04.mes,Script/dom2Kisarah_X04.mes,105,25,주인공,その、ちょっと神社の敷地を<6E5C>掘らせてほしくて……,잠깐 신사 부지를<6E5C>파게 해주셨으면 해서……,잠깐 신사 부지를<6E5C>파게 해주셨으면 해서……
dom2Kisarah_X04.mes,Script/dom2Kisarah_X04.mes,106,11,Chizuru,どういうことかしら?,무슨 소리야?,무슨 소리야?
dom2Kisarah_X04.mes,Script/dom2Kisarah_X04.mes,107,29,주인공,……10年前、この神社のどこかに<6E5C>カプセルをうめたんです,"……10년 전, 이 신사 어딘가에<6E5C>통을 묻었거든요","……10년 전, 이 신사 어딘가에<6E5C>통을 묻었거든요"
dom2Kisarah_X04.mes,Script/dom2Kisarah_X04.mes,108,40,주인공,紙の入った小さなカプセルです.<6E5C>僕はそれを探し、<6E5C>掘り出さないといけないんです,"종이가 든 작은 통이에요.<6E5C>전 그걸 찾아서,<6E5C>파내야만 해요","종이가 든 작은 통이에요.<6E5C>전 그걸 찾아서,<6E5C>파내야만 해요"
dom2Kisarah_X04.mes,Script/dom2Kisarah_X04.mes,109,13,주인공,どうか、お願いします……,"부디, 부탁드려요……","부디, 부탁드려요……"
dom2Kisarah_X04.mes,Script/dom2Kisarah_X04.mes,110,16,Chizuru,タイムカプセル、ということね?,"타임캡슐, 그런 거네?","타임캡슐, 그런 거네?"
dom2Kisarah_X04.mes,Script/dom2Kisarah_X04.mes,111,5,주인공,……はい,……네,……네
dom2Kisarah_X04.mes,Script/dom2Kisarah_X04.mes,112,16,Chizuru,どこにうめたか、覚えているの?,어디 묻었는지 기억해?,어디 묻었는지 기억해?
dom2Kisarah_X04.mes,Script/dom2Kisarah_X04.mes,113,6,주인공,それが……,그게……,그게……
dom2Kisarah_X04.mes,Script/dom2Kisarah_X04.mes,114,26,Chizuru,掘り出すなんて言っても、<6E5C>神社はけっこう広いわよ?,"파낸다고 해도,<6E5C>신사는 꽤 넓은데?","파낸다고 해도,<6E5C>신사는 꽤 넓은데?"
dom2Kisarah_X04.mes,Script/dom2Kisarah_X04.mes,115,21,주인공,はい.でも、<6E5C>見つかるまで探すつもりです,"네. 그래도,<6E5C>찾을 때까지 찾아볼게요","네. 그래도,<6E5C>찾을 때까지 찾아볼게요"
dom2Kisarah_X04.mes,Script/dom2Kisarah_X04.mes,116,35,주인공,もちろん、<6E5C>掘った穴は元通りに戻します.<6E5C>どうか、お願いします……!,"물론,<6E5C>판 구멍은 원래대로 되돌릴게요.<6E5C>부디, 부탁드려요……!","물론,<6E5C>판 구멍은 원래대로 되돌릴게요.<6E5C>부디, 부탁드려요……!"
dom2Kisarah_X04.mes,Script/dom2Kisarah_X04.mes,117,5,Chizuru,………….,………….,………….
dom2Kisarah_X04.mes,Script/dom2Kisarah_X04.mes,118,30,Chizuru,そんな風に必死に頼まれたら、<6E5C>断って帰すわけにいかないわね,그렇게 필사적으로 부탁하니<6E5C>거절하고 돌려보낼 순 없지,그렇게 필사적으로 부탁하니<6E5C>거절하고 돌려보낼 순 없지
dom2Kisarah_X04.mes,Script/dom2Kisarah_X04.mes,119,6,주인공,神楽先輩!,선배!,선배!
dom2Kisarah_X04.mes,Script/dom2Kisarah_X04.mes,120,16,Chizuru,早く見つかることを、私も祈るわ,"빨리 찾기를, 나도 빌게","빨리 찾기를, 나도 빌게"
dom2Kisarah_X04.mes,Script/dom2Kisarah_X04.mes,121,15,주인공,あっ、ありがとうございます!,"아, 감사합니다!","아, 감사합니다!"
dom2Kisarah_X04.mes,Script/dom2Kisarah_X04.mes,122,27,Chizuru,でも……どうしてそんなに必死なの<6E5C>?大変な労力なのに,근데… 왜 그렇게 필사적이야<6E5C>?엄청 힘든 일인데,근데… 왜 그렇게 필사적이야<6E5C>?엄청 힘든 일인데
dom2Kisarah_X04.mes,Script/dom2Kisarah_X04.mes,123,28,Chizuru,……自分のため?それとも、<6E5C>誰かさんのためなのかしら?,"……자신을 위해서? 아니면,<6E5C>누군가를 위해서일까?","……자신을 위해서? 아니면,<6E5C>누군가를 위해서일까?"
dom2Kisarah_X04.mes,Script/dom2Kisarah_X04.mes,124,6,주인공,それは……,그건……,그건……
dom2Kisarah_X04.mes,Script/dom2Kisarah_X04.mes,125,12,[선택지],自分のため誰かさんのため,자신을 위해누군가 위해,자신을 위해\누군가 위해
dom2Kisarah_X04.mes,Script/dom2Kisarah_X04.mes,126,11,주인공,……自分のため、です,……자신을 위해서요,……자신을 위해서요
dom2Kisarah_X04.mes,Script/dom2Kisarah_X04.mes,127,27,주인공,これを探し出さないと、<6E5C>自分を見失うことになるんです,이걸 찾아내지 못하면<6E5C>나 자신을 잃게 될 거예요,이걸 찾아내지 못하면<6E5C>나 자신을 잃게 될 거예요
dom2Kisarah_X04.mes,Script/dom2Kisarah_X04.mes,128,23,Chizuru,そう……なんだか凛々しいわね、<6E5C>今日の<이름:3131>君,"그래……왠지 늠름하네,<6E5C>오늘의 <이름:3131>군","그래……왠지 늠름하네,<6E5C>오늘의 <이름:3131>군"
dom2Kisarah_X04.mes,Script/dom2Kisarah_X04.mes,129,21,Chizuru,自らに課した使命のため、<6E5C>がんばりなさい,스스로에게 부과한 사명을 위해<6E5C>힘내렴,스스로에게 부과한 사명을 위해<6E5C>힘내렴
dom2Kisarah_X04.mes,Script/dom2Kisarah_X04.mes,130,11,주인공,はい!がんばります!,네! 힘낼게요!,네! 힘낼게요!
dom2Kisarah_X04.mes,Script/dom2Kisarah_X04.mes,131,15,주인공,誰かのため……かもしれません,누군가 위해서일지도 몰라요,누군가 위해서일지도 몰라요
dom2Kisarah_X04.mes,Script/dom2Kisarah_X04.mes,132,19,주인공,今、被女は失意の中に<6E5C>いますから……,그녀는 지금 실의에<6E5C>빠져있어서요…,그녀는 지금 실의에<6E5C>빠져있어서요…
dom2Kisarah_X04.mes,Script/dom2Kisarah_X04.mes,133,19,Chizuru,そう.それは、<6E5C>救ってあげなければね,"그래. 그럼,<6E5C>구해줘야겠네","그래. 그럼,<6E5C>구해줘야겠네"
dom2Kisarah_X04.mes,Script/dom2Kisarah_X04.mes,134,19,Chizuru,しっかり、その人を<6E5C>護ってあげなさい,"제대로, 그 사람을<6E5C>지켜주렴","제대로, 그 사람을<6E5C>지켜주렴"
dom2Kisarah_X04.mes,Script/dom2Kisarah_X04.mes,135,9,주인공,はい!護ります!,네! 지킬게요!,네! 지킬게요!
dom2Kisarah_X04.mes,Script/dom2Kisarah_X04.mes,136,5,[효과음/내레이션],…………,…………,…………
dom2Kisarah_X04.mes,Script/dom2Kisarah_X04.mes,137,13,[효과음/내레이션],……え、タイムカプセル?,"……어, 타임캡슐?","……어, 타임캡슐?"
dom2Kisarah_X04.mes,Script/dom2Kisarah_X04.mes,138,37,[효과음/내레이션],……うん、10年後のふたりに向けて<6E5C>メッセージを書くの.<6E5C>ステキでしょ?,"……응, 10년 후의 우리 둘에게<6E5C>메시지를 쓰는 거야.<6E5C>멋지지?","……응, 10년 후의 우리 둘에게<6E5C>메시지를 쓰는 거야.<6E5C>멋지지?"
dom2Kisarah_X04.mes,Script/dom2Kisarah_X04.mes,139,14,[효과음/내레이션],……うんっ!わくわくする!,……응! 두근두근해!,……응! 두근두근해!
dom2Kisarah_X04.mes,Script/dom2Kisarah_X04.mes,140,52,[효과음/내레이션],……キサラは、未来の<이름:3232>クンに<6E5C>向けて.<이름:3232>クンは、未来の<6E5C>キサラに向けて<485C>未来へ送るお手紙だからネ!,"……키사라는 미래의 <이름:3232>군에게<6E5C>쓰고,<이름:3232>군은 미래의<6E5C>키사라에게 쓰는<485C>미래로 보내는 편지니까!","……키사라는 미래의 <이름:3232>군에게<6E5C>쓰고,<이름:3232>군은 미래의<6E5C>키사라에게 쓰는<485C>미래로 보내는 편지니까!"
dom2Kisarah_X04.mes,Script/dom2Kisarah_X04.mes,141,26,[효과음/내레이션],……未来のキサラちゃんへか……<6E5C>なにを書こうかなぁ,……미래의 키사라한테라……<6E5C>뭘 쓸까나,……미래의 키사라한테라……<6E5C>뭘 쓸까나
dom2Kisarah_X04.mes,Script/dom2Kisarah_X04.mes,142,41,[효과음/내레이션],……10年後の夏に、<6E5C>ふたりで開けよう?<485C>それまでぜーったい、<6E5C>見ちゃダメだヨ?,"……10년 후 여름에,<6E5C>둘이서 열어보자?<485C>그때까지 절~대,<6E5C>보면 안 돼?","……10년 후 여름에,<6E5C>둘이서 열어보자?<485C>그때까지 절~대,<6E5C>보면 안 돼?"
dom2Kisarah_X04.mes,Script/dom2Kisarah_X04.mes,143,18,[효과음/내레이션],……うん!<6E5C>ぜったいやくそくする!,……응!<6E5C>꼭 약속할게!,……응!<6E5C>꼭 약속할게!
dom2Kisarah_X04.mes,Script/dom2Kisarah_X04.mes,144,51,[효과음/내레이션],……フフッ.キサラと<6E5C><이름:3232>クンの、大事な大事な<6E5C>ヤ。ク。ソ。ク、だからね?<485C>忘れちゃいけないヨ……?,"……후훗. 키사라랑<6E5C><이름:3232>군의, 소중하고 소중한<6E5C>야.속.이니까?<485C>잊으면 안 돼……?","……후훗. 키사라랑<6E5C><이름:3232>군의, 소중하고 소중한<6E5C>야.속.이니까?<485C>잊으면 안 돼……?"
dom2Kisarah_X04.mes,Script/dom2Kisarah_X04.mes,145,5,[효과음/내레이션],…………,…………,…………
dom2Kisarah_X04.mes,Script/dom2Kisarah_X04.mes,146,6,주인공,キサラ……,키사라……,키사라……
dom2Kisarah_X04.mes,Script/dom2Kisarah_X04.mes,147,9,[효과음/내레이션],ザクッザクッ……,푹푹……,푹푹……
dom2Kisarah_X04.mes,Script/dom2Kisarah_X04.mes,148,11,주인공,……くそ、ここも違う,…젠장 여기도 아냐,…젠장 여기도 아냐
dom2Kisarah_X04.mes,Script/dom2Kisarah_X04.mes,149,37,주인공,同じような木ばかりだからな.<6E5C>どこにうめたのか、<6E5C>まるで見当つかない……,"비슷한 나무들뿐이니까.<6E5C>어디에 묻었는지,<6E5C>전혀 감이 안 잡혀……","비슷한 나무들뿐이니까.<6E5C>어디에 묻었는지,<6E5C>전혀 감이 안 잡혀……"
dom2Kisarah_X04.mes,Script/dom2Kisarah_X04.mes,150,32,주인공,でも、たしかに神楽神社に<6E5C>うめたんだ.<6E5C>必ずカプセルは出てくる,"그래도, 카구라 신사에<6E5C>묻었어.<6E5C>반드시 통은 나올 거야","그래도, 카구라 신사에<6E5C>묻었어.<6E5C>반드시 통은 나올 거야"
dom2Kisarah_X04.mes,Script/dom2Kisarah_X04.mes,151,23,주인공,あきらめないで、<6E5C>堀りつづけるしか、ない……,포기하지 말고<6E5C>계속 파는 수밖에 없어……,포기하지 말고<6E5C>계속 파는 수밖에 없어……
dom2Kisarah_X04.mes,Script/dom2Kisarah_X04.mes,152,9,UNKNOWN_1e,お兄ちゃん……?,오빠……?,오빠……?
dom2Kisarah_X04.mes,Script/dom2Kisarah_X04.mes,153,13,주인공,!<020A>……なんだ、ほたるか,!<020A>……뭐야 호타루였어,!<020A>……뭐야 호타루였어
dom2Kisarah_X04.mes,Script/dom2Kisarah_X04.mes,154,36,Hotaru,お兄ちゃん、こんなところで<6E5C>何してるの?<6E5C>とっくに晩ごはんできてるよ?,"오빠, 이런 데서<6E5C>뭐 하는 거야?<6E5C>저녁 다 됐는데?","오빠, 이런 데서<6E5C>뭐 하는 거야?<6E5C>저녁 다 됐는데?"
dom2Kisarah_X04.mes,Script/dom2Kisarah_X04.mes,155,21,주인공,……ごめん.<6E5C>まだ食べられそうにないんだ,……미안.<6E5C>아직 못 먹을 것 같아,……미안.<6E5C>아직 못 먹을 것 같아
dom2Kisarah_X04.mes,Script/dom2Kisarah_X04.mes,156,26,주인공,ほたる、先に食べて寝ておいて<6E5C>くれないか.悪い……,"호타루, 먼저 먹고 자고 있어<6E5C>줄래? 미안……","호타루, 먼저 먹고 자고 있어<6E5C>줄래? 미안……"
dom2Kisarah_X04.mes,Script/dom2Kisarah_X04.mes,157,27,Hotaru,……それ、キサラちゃんとの約束?<6E5C>思い出したんだね?,"……그거, 키사라랑의 약속?<6E5C>기억났구나?","……그거, 키사라랑의 약속?<6E5C>기억났구나?"
dom2Kisarah_X04.mes,Script/dom2Kisarah_X04.mes,158,12,Hotaru,じゃ、ほたるも手伝うよ,그럼 호타루도 도울게,그럼 호타루도 도울게
dom2Kisarah_X04.mes,Script/dom2Kisarah_X04.mes,159,30,주인공,ダメだ.これは人に手伝って<6E5C>もらって果たすことじゃないんだ,안 돼. 이건 남에게 도움을 받아서<6E5C>이룰 일이 아니야,안 돼. 이건 남에게 도움을 받아서<6E5C>이룰 일이 아니야
dom2Kisarah_X04.mes,Script/dom2Kisarah_X04.mes,160,22,주인공,約束した者だけで果たさないと<6E5C>いけないんだ,약속한 사람끼리만 이뤄야<6E5C>하는 거야,약속한 사람끼리만 이뤄야<6E5C>하는 거야
dom2Kisarah_X04.mes,Script/dom2Kisarah_X04.mes,161,26,주인공,ほんとうは、ふたりで掘る約束を<6E5C>していたんだけどね,"사실은, 둘이서 파기로 약속<6E5C>했었지만 말이야","사실은, 둘이서 파기로 약속<6E5C>했었지만 말이야"
dom2Kisarah_X04.mes,Script/dom2Kisarah_X04.mes,162,8,Hotaru,……お兄ちゃん,……오빠,……오빠
dom2Kisarah_X04.mes,Script/dom2Kisarah_X04.mes,163,29,주인공,だからほたる、僕のことは気に<6E5C>しないでごはんを食べてくれ,"그러니까 호타루, 나는 신경<6E5C>쓰지 말고 밥 먹어","그러니까 호타루, 나는 신경<6E5C>쓰지 말고 밥 먹어"
dom2Kisarah_X04.mes,Script/dom2Kisarah_X04.mes,164,15,주인공,必ず、探し出して帰るから……,반드시 찾아서 돌아갈게……,반드시 찾아서 돌아갈게……
dom2Kisarah_X04.mes,Script/dom2Kisarah_X04.mes,165,35,Hotaru,……わかった.お部屋で、<6E5C>お兄ちゃんが帰ってくるの<6E5C>待ってるね……?,"……알았어. 방에서,<6E5C>오빠가 돌아오는 거<6E5C>기다리고 있을게……?","……알았어. 방에서,<6E5C>오빠가 돌아오는 거<6E5C>기다리고 있을게……?"
dom2Kisarah_X05.mes,Script/dom2Kisarah_X05.mes,0,13,[효과음/내레이션],チュン、チュンチュン……,"포르릉, 포르릉……","포르릉, 포르릉……"
dom2Kisarah_X05.mes,Script/dom2Kisarah_X05.mes,1,6,주인공,……くそっ,……젠장,……젠장
dom2Kisarah_X05.mes,Script/dom2Kisarah_X05.mes,2,40,주인공,神楽神社がこんなに広いなんて……<6E5C>いつも見てるのに、<6E5C>ぜんぜんわかってなかった,"카구라 신사가 이렇게 클 줄이야……<6E5C>맨날 보면서도,<6E5C>전혀 몰랐었어","카구라 신사가 이렇게 클 줄이야……<6E5C>맨날 보면서도,<6E5C>전혀 몰랐었어"
dom2Kisarah_X05.mes,Script/dom2Kisarah_X05.mes,3,30,주인공,ひと晩探して見つからないなんて…<6E5C>…もう、体力の限界だ……,하룻밤 찾았는데 못 찾다니…<6E5C>…이제 체력이 한계야……,하룻밤 찾았는데 못 찾다니…<6E5C>…이제 체력이 한계야……
dom2Kisarah_X05.mes,Script/dom2Kisarah_X05.mes,4,25,주인공,いや、ダメだダメだ!<6E5C>ここであきらめちゃダメだ!,아니 안돼 안 돼!<6E5C>여기서 포기하면 안 돼!,아니 안돼 안 돼!<6E5C>여기서 포기하면 안 돼!
dom2Kisarah_X05.mes,Script/dom2Kisarah_X05.mes,5,53,주인공,キサラはこの日を、1日も忘れず<6E5C>10年、待っていたんだ<485C>僕がこれぐらいで、<6E5C>へこたれてる場合じゃない……,키사라는 이 날을 하루도 잊지 않고<6E5C>10년을 기다려왔어<485C>내가 이 정도로<6E5C>지쳐 있을 때가 아냐…,키사라는 이 날을 하루도 잊지 않고<6E5C>10년을 기다려왔어<485C>내가 이 정도로<6E5C>지쳐 있을 때가 아냐…
dom2Kisarah_X05.mes,Script/dom2Kisarah_X05.mes,6,7,[효과음/내레이션],チュンチュン,포르릉,포르릉
dom2Kisarah_X05.mes,Script/dom2Kisarah_X05.mes,7,49,주인공,……でも、もう意識が朦朧と<6E5C>してきた<485C>どこを掘って、どこを掘って<6E5C>ないのかもわからなくなってきた,…하지만 이제 의식이 몽롱해<6E5C>지기 시작했어<485C>어디를 팠는지 어디를<6E5C>안 팠는지 모르게 됐어,…하지만 이제 의식이 몽롱해<6E5C>지기 시작했어<485C>어디를 팠는지 어디를<6E5C>안 팠는지 모르게 됐어
dom2Kisarah_X05.mes,Script/dom2Kisarah_X05.mes,8,41,주인공,ああ、バカだ.こんなことじゃ、<6E5C>何日掘ったって、<6E5C>タイムカプセルは出てこない……,"아, 바보 같아. 이래서는,<6E5C>며칠을 파든,<6E5C>타임캡슐은 안 나올 거야……","아, 바보 같아. 이래서는,<6E5C>며칠을 파든,<6E5C>타임캡슐은 안 나올 거야……"
dom2Kisarah_X05.mes,Script/dom2Kisarah_X05.mes,9,9,[효과음/내레이션],ピチ、ピチチ……,"삐, 삐삐……","삐, 삐삐……"
dom2Kisarah_X05.mes,Script/dom2Kisarah_X05.mes,10,5,주인공,……ん?,……응?,……응?
dom2Kisarah_X05.mes,Script/dom2Kisarah_X05.mes,11,19,주인공,雀のさえずりの中に、<6E5C>違う声音が……,참새 소리 사이에<6E5C>다른 소리가……,참새 소리 사이에<6E5C>다른 소리가……
dom2Kisarah_X05.mes,Script/dom2Kisarah_X05.mes,12,4,[효과음/내레이션],チチッ,찍,찍
dom2Kisarah_X05.mes,Script/dom2Kisarah_X05.mes,13,21,주인공,あ、あれは神楽先輩が飼ってる<6E5C>文鳥の……,"아, 저건 선배가 기르는<6E5C>문조의……","아, 저건 선배가 기르는<6E5C>문조의……"
dom2Kisarah_X05.mes,Script/dom2Kisarah_X05.mes,14,5,[효과음/내레이션],ピチチ!,삐약!,삐약!
dom2Kisarah_X05.mes,Script/dom2Kisarah_X05.mes,15,7,주인공,チーちゃん?,치이짱?,치이짱?
dom2Kisarah_X05.mes,Script/dom2Kisarah_X05.mes,16,10,주인공,なんで、ここに……,"왜, 여기에……","왜, 여기에……"
dom2Kisarah_X05.mes,Script/dom2Kisarah_X05.mes,17,9,[효과음/내레이션],ピチチ!ピチチ!,삐약! 삐약!,삐약! 삐약!
dom2Kisarah_X05.mes,Script/dom2Kisarah_X05.mes,18,23,주인공,……どうしたんだ?<6E5C>鳥居の下なんか突っついて,……왜 그래?<6E5C>도리이 밑을 쪼아대고,……왜 그래?<6E5C>도리이 밑을 쪼아대고
dom2Kisarah_X05.mes,Script/dom2Kisarah_X05.mes,19,9,[효과음/내레이션],ピチチ!ピチチ!,삐약! 삐약!,삐약! 삐약!
dom2Kisarah_X05.mes,Script/dom2Kisarah_X05.mes,20,22,주인공,……え、まさか…….本当か?<6E5C>チーちゃん!,"……어, 설마…… 진짜야?<6E5C>치이짱!","……어, 설마…… 진짜야?<6E5C>치이짱!"
dom2Kisarah_X05.mes,Script/dom2Kisarah_X05.mes,21,32,주인공,……あの神楽先輩の飼ってる文鳥だ<6E5C>.何があっても不思議じゃない,…저 선배가 기르는 문조야<6E5C>뭔 일이 있어도 이상하지 않지,…저 선배가 기르는 문조야<6E5C>뭔 일이 있어도 이상하지 않지
dom2Kisarah_X05.mes,Script/dom2Kisarah_X05.mes,22,12,주인공,チーちゃん、信じるよ!,"치이짱, 믿을게!","치이짱, 믿을게!"
dom2Kisarah_X05.mes,Script/dom2Kisarah_X05.mes,23,4,[효과음/내레이션],ピチ!,삐!,삐!
dom2Kisarah_X05.mes,Script/dom2Kisarah_X05.mes,24,5,주인공,よしっ!,좋았어!,좋았어!
dom2Kisarah_X05.mes,Script/dom2Kisarah_X05.mes,25,12,[효과음/내레이션],ザクッザクッザクッ……,푹푹푹……,푹푹푹……
dom2Kisarah_X05.mes,Script/dom2Kisarah_X05.mes,26,9,[효과음/내레이션],タッタッタッ……,타다닥……,타다닥……
dom2Kisarah_X05.mes,Script/dom2Kisarah_X05.mes,27,14,주인공,早く、早くキサラの元へ……,빨리빨리 키사라한테로……,빨리빨리 키사라한테로……
dom2Kisarah_X05.mes,Script/dom2Kisarah_X05.mes,28,7,UNKNOWN_1e,<이름:3131>くん!?,<이름:3131>군!?,<이름:3131>군!?
dom2Kisarah_X05.mes,Script/dom2Kisarah_X05.mes,29,9,주인공,あ、巳沢さん……,아 미사와 씨…,아 미사와 씨…
dom2Kisarah_X05.mes,Script/dom2Kisarah_X05.mes,30,19,Shizuku,どうしたの?<6E5C>こんなとこを走って……,무슨 일이야?<6E5C>이런 데를 뛰어서…,무슨 일이야?<6E5C>이런 데를 뛰어서…
dom2Kisarah_X05.mes,Script/dom2Kisarah_X05.mes,31,13,Shizuku,やだ、泥だらけじゃない!,"어머, 흙투성이잖아!","어머, 흙투성이잖아!"
dom2Kisarah_X05.mes,Script/dom2Kisarah_X05.mes,32,27,주인공,そんなこと、どうでもいいんだ.<6E5C>僕、とにかく急いでて,그런 건 아무래도 상관없어요.<6E5C>저 아무튼 급해서,그런 건 아무래도 상관없어요.<6E5C>저 아무튼 급해서
dom2Kisarah_X05.mes,Script/dom2Kisarah_X05.mes,33,19,Shizuku,そうなの?<6E5C>ごめんなさい、呼び止めて,"그래?<6E5C>미안해, 붙잡아서","그래?<6E5C>미안해, 붙잡아서"
dom2Kisarah_X05.mes,Script/dom2Kisarah_X05.mes,34,5,주인공,いや……,아뇨……,아뇨……
dom2Kisarah_X05.mes,Script/dom2Kisarah_X05.mes,35,29,주인공,そうだ、巳沢さんに言わないと<6E5C>いけないことがあるんだった,"맞다, 미사와 씨한테 말해야<6E5C>할 게 있었지","맞다, 미사와 씨한테 말해야<6E5C>할 게 있었지"
dom2Kisarah_X05.mes,Script/dom2Kisarah_X05.mes,36,9,Shizuku,あら、何かしら?,"어머, 뭔데?","어머, 뭔데?"
dom2Kisarah_X05.mes,Script/dom2Kisarah_X05.mes,37,24,주인공,僕……巳沢さんの言っていたとおり<6E5C>、甘えてたよ,"저, 미사와 씨 말대로<6E5C>응석 부렸어요","저, 미사와 씨 말대로<6E5C>응석 부렸어요"
dom2Kisarah_X05.mes,Script/dom2Kisarah_X05.mes,38,55,주인공,真剣にキサラのことを考えて<6E5C>なかった.ちゃんと見ようと<6E5C>してなかったんだ<485C>教えてくれてありがとう、<6E5C>巳沢さん,진지하게 키사라를 생각하지<6E5C>않았어요.제대로 보려고<6E5C>하지 않았던 거예요<485C>알려줘서 고마워요<6E5C>미사와 씨,진지하게 키사라를 생각하지<6E5C>않았어요.제대로 보려고<6E5C>하지 않았던 거예요<485C>알려줘서 고마워요<6E5C>미사와 씨
dom2Kisarah_X05.mes,Script/dom2Kisarah_X05.mes,39,17,Shizuku,……思い出したんだね.おめでとう,……기억났구나. 축하해,……기억났구나. 축하해
dom2Kisarah_X05.mes,Script/dom2Kisarah_X05.mes,40,32,Shizuku,そっか……被女のために、そんなに<6E5C>泥だらけになってきたんだね?,그렇구나…… 그녀를 위해서<6E5C>이렇게 더러워졌구나?,그렇구나…… 그녀를 위해서<6E5C>이렇게 더러워졌구나?
dom2Kisarah_X05.mes,Script/dom2Kisarah_X05.mes,41,7,주인공,巳沢さん……,미사와 씨…,미사와 씨…
dom2Kisarah_X05.mes,Script/dom2Kisarah_X05.mes,42,20,Shizuku,それで、他に私に言うこと<6E5C>あるでしょ?,"그래서, 나한테 할 말이<6E5C>더 있지?","그래서, 나한테 할 말이<6E5C>더 있지?"
dom2Kisarah_X05.mes,Script/dom2Kisarah_X05.mes,43,4,주인공,え……,어……,어……
dom2Kisarah_X05.mes,Script/dom2Kisarah_X05.mes,44,31,Shizuku,私には『ありがとう』で終わり?<6E5C><이름:3131>くんって、けっこう残酷?,"나한텐 『고마워』로 끝?<6E5C><이름:3131>군은, 꽤 잔인하네?","나한텐 『고마워』로 끝?<6E5C><이름:3131>군은, 꽤 잔인하네?"
dom2Kisarah_X05.mes,Script/dom2Kisarah_X05.mes,45,7,주인공,いや、言うよ,아니 말할게,아니 말할게
dom2Kisarah_X05.mes,Script/dom2Kisarah_X05.mes,46,29,주인공,……やっと気づいたんだ.<6E5C>僕はキサラが誰よりも大事だって,…겨우 깨달았어<6E5C>난 키사라가 누구보다 소중하다는 걸,…겨우 깨달았어<6E5C>난 키사라가 누구보다 소중하다는 걸
dom2Kisarah_X05.mes,Script/dom2Kisarah_X05.mes,47,34,주인공,あいつの泣き顔を見てから、ずっと<6E5C>あいつのことで頭がいっぱいだった,그 녀석 우는 얼굴 보고 나서<6E5C>계속 그 생각뿐이었어,그 녀석 우는 얼굴 보고 나서<6E5C>계속 그 생각뿐이었어
dom2Kisarah_X05.mes,Script/dom2Kisarah_X05.mes,48,37,주인공,キサラが隣からいなくなるなんて、<6E5C>僕には考えられないこと<6E5C>だったんだ……,키사라가 곁에서 없어진다니<6E5C>나한텐 상상도 할 수 없는<6E5C>일이었어……,키사라가 곁에서 없어진다니<6E5C>나한텐 상상도 할 수 없는<6E5C>일이었어……
dom2Kisarah_X05.mes,Script/dom2Kisarah_X05.mes,49,5,Shizuku,…………,…………,…………
dom2Kisarah_X05.mes,Script/dom2Kisarah_X05.mes,50,38,주인공,……僕の背中を押してくれた<6E5C>巳沢さんも、大事な友達だよ.<6E5C>それは変わらない,"……내 등을 밀어준<6E5C>미사와 씨도, 소중한 친구야.<6E5C>그건 변함없어","……내 등을 밀어준<6E5C>미사와 씨도, 소중한 친구야.<6E5C>그건 변함없어"
dom2Kisarah_X05.mes,Script/dom2Kisarah_X05.mes,51,24,Shizuku,友達なんて……やっぱり<이름:3131>くん、<6E5C>けっこう残酷,"친구라니…… 역시 <이름:3131>군,<6E5C>꽤 잔인하네","친구라니…… 역시 <이름:3131>군,<6E5C>꽤 잔인하네"
dom2Kisarah_X05.mes,Script/dom2Kisarah_X05.mes,52,5,주인공,…………,…………,…………
dom2Kisarah_X05.mes,Script/dom2Kisarah_X05.mes,53,37,Shizuku,もう、ふたりはただの幼馴染<6E5C>じゃないんだね.<6E5C>被女になってもらうの……?,"이제, 둘은 그냥 소꿉친구가<6E5C>아니구나.<6E5C>여자친구로 만들 거야……?","이제, 둘은 그냥 소꿉친구가<6E5C>아니구나.<6E5C>여자친구로 만들 거야……?"
dom2Kisarah_X05.mes,Script/dom2Kisarah_X05.mes,54,11,[선택지],なってほしいもう被女だ,되어줘이미 여친이야,되어줘\이미 여친이야
dom2Kisarah_X05.mes,Script/dom2Kisarah_X05.mes,55,22,주인공,なってほしい……な.<6E5C>正直、そう思ってるよ,"되어줬으면…해.<6E5C>솔직히, 그렇게 생각해","되어줬으면…해.<6E5C>솔직히, 그렇게 생각해"
dom2Kisarah_X05.mes,Script/dom2Kisarah_X05.mes,56,14,Shizuku,フフッ、素直でよろしいっ!,"후훗, 솔직해서 좋네!","후훗, 솔직해서 좋네!"
dom2Kisarah_X05.mes,Script/dom2Kisarah_X05.mes,57,40,Shizuku,じゃあ、がんばってね、<6E5C><이름:3131>くん.巳沢雫は、ちゃんと<6E5C>『友達』を頑張るから……,"그럼 힘내,<6E5C><이름:3131>군. 미사와 시즈쿠는 제대로<6E5C>『친구』로 힘낼 테니까……","그럼 힘내,<6E5C><이름:3131>군. 미사와 시즈쿠는 제대로<6E5C>『친구』로 힘낼 테니까……"
dom2Kisarah_X05.mes,Script/dom2Kisarah_X05.mes,58,13,주인공,ありがとう、巳沢さん……,"고마워, 미사와 씨……","고마워, 미사와 씨……"
dom2Kisarah_X05.mes,Script/dom2Kisarah_X05.mes,59,12,주인공,いや……もう、被女だよ,아니…이미 여자친구야,아니…이미 여자친구야
dom2Kisarah_X05.mes,Script/dom2Kisarah_X05.mes,60,8,Shizuku,わぁ、強気だね,우와 당당하네,우와 당당하네
dom2Kisarah_X05.mes,Script/dom2Kisarah_X05.mes,61,38,주인공,巳沢さんにこうやって話したんだ.<6E5C>ぜったい、被女にしないと<6E5C>いけないからな,미사와 씨한테 말했으니까<6E5C>반드시 여자친구로 만들지<6E5C>않으면 안 돼,미사와 씨한테 말했으니까<6E5C>반드시 여자친구로 만들지<6E5C>않으면 안 돼
dom2Kisarah_X05.mes,Script/dom2Kisarah_X05.mes,62,36,Shizuku,……そうだね.<이름:3131>くんは、<6E5C>いい加減なことはしないって、<6E5C>信じてるから,"……그러네.<이름:3131>군은,<6E5C>대충 하는 짓은 안 한다고,<6E5C>믿으니까","……그러네.<이름:3131>군은,<6E5C>대충 하는 짓은 안 한다고,<6E5C>믿으니까"
dom2Kisarah_X05.mes,Script/dom2Kisarah_X05.mes,63,39,주인공,……ああ、もう、優柔不断なことは<6E5C>しないよ.巳沢さん、<6E5C>本当にありがとう……,"…그래 이제,<6E5C>우유부단한 짓은 안 할게. 미사와 씨,<6E5C>정말 고마워……","…그래 이제,<6E5C>우유부단한 짓은 안 할게. 미사와 씨,<6E5C>정말 고마워……"
dom2Kisarah_X05.mes,Script/dom2Kisarah_X05.mes,64,7,[효과음/내레이션],♪ピンポーン,♪딩동,♪딩동
dom2Kisarah_X05.mes,Script/dom2Kisarah_X05.mes,65,5,[효과음/내레이션],…………,…………,…………
dom2Kisarah_X05.mes,Script/dom2Kisarah_X05.mes,66,7,[효과음/내레이션],♪ピンポーン,♪딩동,♪딩동
dom2Kisarah_X05.mes,Script/dom2Kisarah_X05.mes,67,14,주인공,……キサラ!出てきてくれ!,……키사라! 나와줘!,……키사라! 나와줘!
dom2Kisarah_X05.mes,Script/dom2Kisarah_X05.mes,68,27,주인공,今、約束を果たすよ!<6E5C>だから出てきてくれ、お願いだ!,지금 약속을 지킬게!<6E5C>그러니까 나와줘 부탁이야!,지금 약속을 지킬게!<6E5C>그러니까 나와줘 부탁이야!
dom2Kisarah_X05.mes,Script/dom2Kisarah_X05.mes,69,5,[효과음/내레이션],…………,…………,…………
dom2Kisarah_X05.mes,Script/dom2Kisarah_X05.mes,70,5,[효과음/내레이션],ガチャッ,달칵,달칵
dom2Kisarah_X05.mes,Script/dom2Kisarah_X05.mes,71,5,Kisarah,…………,…………,…………
dom2Kisarah_X05.mes,Script/dom2Kisarah_X05.mes,72,10,주인공,ありがとう、キサラ,"고마워, 키사라","고마워, 키사라"
dom2Kisarah_X05.mes,Script/dom2Kisarah_X05.mes,73,24,Kisarah,……約束って、忘れたのに<6E5C>どうやって果たすの?,"…약속이라니, 잊었으면서<6E5C>어떻게 지키는데?","…약속이라니, 잊었으면서<6E5C>어떻게 지키는데?"
dom2Kisarah_X05.mes,Script/dom2Kisarah_X05.mes,74,5,주인공,……これ,……이건,……이건
dom2Kisarah_X05.mes,Script/dom2Kisarah_X05.mes,75,2,Kisarah,!,!,!
dom2Kisarah_X05.mes,Script/dom2Kisarah_X05.mes,76,21,주인공,ごめんな、<6E5C>こんな大事なことを忘れて……,"미안해,<6E5C>중요한 걸 잊어버려서……","미안해,<6E5C>중요한 걸 잊어버려서……"
dom2Kisarah_X05.mes,Script/dom2Kisarah_X05.mes,77,28,주인공,でも、なんとか思い出したよ.<6E5C>だから、ここに持ってきた,"그래도, 겨우 기억해냈어.<6E5C>그래서, 여기 가져왔어","그래도, 겨우 기억해냈어.<6E5C>그래서, 여기 가져왔어"
dom2Kisarah_X05.mes,Script/dom2Kisarah_X05.mes,78,5,Kisarah,うそ……,설마……,설마……
dom2Kisarah_X05.mes,Script/dom2Kisarah_X05.mes,79,36,주인공,ふたりで開けるって約束だろ?<6E5C>だから、まだ開けてないよ.<6E5C>このカプセル,둘이서 열기로 약속했잖아?<6E5C>그래서 아직 안 열었어.<6E5C>이 상자,둘이서 열기로 약속했잖아?<6E5C>그래서 아직 안 열었어.<6E5C>이 상자
dom2Kisarah_X05.mes,Script/dom2Kisarah_X05.mes,80,7,Kisarah,<이름:3232>クン……,<이름:3232>군……,<이름:3232>군……
dom2Kisarah_X05.mes,Script/dom2Kisarah_X05.mes,81,41,Kisarah,もう、もうダメだと思ってた.<6E5C><이름:3232>クンが忘れてたら、<6E5C>掘り出したって意味ないもん,"이제 틀렸다고 생각했어.<6E5C><이름:3232>군이 잊어버렸으면,<6E5C>파내도 의미 없잖아","이제 틀렸다고 생각했어.<6E5C><이름:3232>군이 잊어버렸으면,<6E5C>파내도 의미 없잖아"
dom2Kisarah_X05.mes,Script/dom2Kisarah_X05.mes,82,35,Kisarah,一生、あの神社の土の中で<6E5C>眠ってるんだと思ってた.<6E5C>このカプセル……,"평생, 그 신사 땅속에서<6E5C>잠들어 있을 줄 알았어.<6E5C>이 상자……","평생, 그 신사 땅속에서<6E5C>잠들어 있을 줄 알았어.<6E5C>이 상자……"
dom2Kisarah_X05.mes,Script/dom2Kisarah_X05.mes,83,19,Kisarah,思い出してくれたんだ、<6E5C><이름:3232>クン……,"기억해 줬구나,<6E5C><이름:3232>군……","기억해 줬구나,<6E5C><이름:3232>군……"
dom2Kisarah_X05.mes,Script/dom2Kisarah_X05.mes,84,11,Kisarah,嬉しい、嬉しいヨ……,"기뻐, 기뻐……","기뻐, 기뻐……"
dom2Kisarah_X05.mes,Script/dom2Kisarah_X05.mes,85,26,주인공,バカ、今は泣くとこじゃないだろ.<6E5C>見てから、だろ?,"바보, 울 때 아니야.<6E5C>보고 나서잖아?","바보, 울 때 아니야.<6E5C>보고 나서잖아?"
dom2Kisarah_X05.mes,Script/dom2Kisarah_X05.mes,86,36,주인공,さぁ、一緒に開けよう.<6E5C>10年間閉じ込められた想いが、<6E5C>今開かれるんだ,"자, 같이 열자.<6E5C>10년 갇혀 있던 마음이,<6E5C>이제 열리는 거야","자, 같이 열자.<6E5C>10년 갇혀 있던 마음이,<6E5C>이제 열리는 거야"
dom2Kisarah_X05.mes,Script/dom2Kisarah_X05.mes,87,8,Kisarah,う、うん……!,"으, 응……!","으, 응……!"
dom2Kisarah_X05.mes,Script/dom2Kisarah_X05.mes,88,4,[효과음/내레이션],ぎゅっ,꼭,꼭
dom2Kisarah_X05.mes,Script/dom2Kisarah_X05.mes,89,4,[효과음/내레이션],ぎゅっ,꼭,꼭
dom2Kisarah_X05.mes,Script/dom2Kisarah_X05.mes,90,4,[효과음/내레이션],ぎゅっ,꼭,꼭
dom2Kisarah_X05.mes,Script/dom2Kisarah_X05.mes,91,6,[효과음/내레이션],……パカッ,……딸깍,……딸깍
dom2Kisarah_X05.mes,Script/dom2Kisarah_X05.mes,92,6,Kisarah,開いた……,열렸어……,열렸어……
dom2Kisarah_X05.mes,Script/dom2Kisarah_X05.mes,93,21,주인공,……メッセージを読む前に、<6E5C>閉いていい?,"……메시지 읽기 전에,<6E5C>물어봐도 돼?","……메시지 읽기 전에,<6E5C>물어봐도 돼?"
dom2Kisarah_X05.mes,Script/dom2Kisarah_X05.mes,94,5,Kisarah,え、何?,뭔데?,뭔데?
dom2Kisarah_X05.mes,Script/dom2Kisarah_X05.mes,95,39,주인공,……僕が、もしまったく<6E5C>思いだせなかったら、<6E5C>ずーっと口きかないままだった?,"……내가, 만약 전혀<6E5C>기억 못 해냈다면,<6E5C>계속 말 안 할 생각이었어?","……내가, 만약 전혀<6E5C>기억 못 해냈다면,<6E5C>계속 말 안 할 생각이었어?"
dom2Kisarah_X05.mes,Script/dom2Kisarah_X05.mes,96,11,Kisarah,なんだ、そんなことか,"뭐야, 그런 거였어","뭐야, 그런 거였어"
dom2Kisarah_X05.mes,Script/dom2Kisarah_X05.mes,97,11,Kisarah,あたりまえじゃない!,당연하잖아!,당연하잖아!
dom2Kisarah_X05.mes,Script/dom2Kisarah_X05.mes,98,13,주인공,き、きついな……一生かよ,가혹하네…… 평생이라니,가혹하네…… 평생이라니
dom2Kisarah_X05.mes,Script/dom2Kisarah_X05.mes,99,43,Kisarah,いーじゃない、こうして<6E5C>思い出してくれたんだから!!<6E5C>ボク、今すっごく感動してるヨ?,"괜찮잖아, 이렇게<6E5C>기억해 줬으니까!!<6E5C>나 지금 완전 감동했다구?","괜찮잖아, 이렇게<6E5C>기억해 줬으니까!!<6E5C>나 지금 완전 감동했다구?"
dom2Kisarah_X05.mes,Script/dom2Kisarah_X05.mes,100,9,주인공,ま、まぁそうだな,"뭐, 뭐 그렇지","뭐, 뭐 그렇지"
dom2Kisarah_X05.mes,Script/dom2Kisarah_X05.mes,101,19,Kisarah,じゃーボクも、<6E5C>読む前に閉いていい?,"나도,<6E5C>읽기 전 물어봐도 돼?","나도,<6E5C>읽기 전 물어봐도 돼?"
dom2Kisarah_X05.mes,Script/dom2Kisarah_X05.mes,102,4,주인공,ん?何,뭐?,뭐?
dom2Kisarah_X05.mes,Script/dom2Kisarah_X05.mes,103,23,Kisarah,どーやって思い出したの?<6E5C>このカプセルのこと,어떻게 기억해낸 거야?<6E5C>이 상자 얘기,어떻게 기억해낸 거야?<6E5C>이 상자 얘기
dom2Kisarah_X05.mes,Script/dom2Kisarah_X05.mes,104,16,Kisarah,他に知ってる人は誰もいないのに,다른 사람은 아무도 모르는데,다른 사람은 아무도 모르는데
dom2Kisarah_X05.mes,Script/dom2Kisarah_X05.mes,105,16,주인공,それは……努力と根性と執念、だ,……노력과 근성과 집념이야,……노력과 근성과 집념이야
dom2Kisarah_X05.mes,Script/dom2Kisarah_X05.mes,106,29,Kisarah,アハハ!<이름:3232>クンにもそんなのが<6E5C>あったんだ.安心したヨ!,아하하!<이름:3232>군한테도 그런 게<6E5C>있었구나. 안심했어!,아하하!<이름:3232>군한테도 그런 게<6E5C>있었구나. 안심했어!
dom2Kisarah_X05.mes,Script/dom2Kisarah_X05.mes,107,7,주인공,何の安心だよ,뭔 안심이야,뭔 안심이야
dom2Kisarah_X05.mes,Script/dom2Kisarah_X05.mes,108,32,Kisarah,努力も根性も執念もないような男、<6E5C>ボクとは釣り合わないからネ!,"노력도 근성도 집념도 없는 남자는,<6E5C>나랑 안 어울리니까!","노력도 근성도 집념도 없는 남자는,<6E5C>나랑 안 어울리니까!"
dom2Kisarah_X05.mes,Script/dom2Kisarah_X05.mes,109,9,주인공,釣り合うって……,어울린다니……,어울린다니……
dom2Kisarah_X05.mes,Script/dom2Kisarah_X05.mes,110,50,Kisarah,必死に思い出して見つけてくれたっ<6E5C>てことは、もうボクはどうでもいい<6E5C>幼馴染じゃないってことでしょ?,"필사적으로 기억해내서 찾아<6E5C>줬다는 건, 아무래도<6E5C>상관없는 소꿉친구가 아니란 거지?","필사적으로 기억해내서 찾아<6E5C>줬다는 건, 아무래도<6E5C>상관없는 소꿉친구가 아니란 거지?"
dom2Kisarah_X05.mes,Script/dom2Kisarah_X05.mes,111,26,주인공,そ、そんなこと今言わせるなよ!<6E5C>とにかく、見るぞ!,그런 걸 지금 말하게 하지 마!<6E5C>아무튼 보자!,그런 걸 지금 말하게 하지 마!<6E5C>아무튼 보자!
dom2Kisarah_X05.mes,Script/dom2Kisarah_X05.mes,112,29,Kisarah,ちょっと待って、<이름:3232>クン.<6E5C>どっちのメッセージを読むの?,"잠깐만, <이름:3232>군.<6E5C>어느 쪽 메시지부터 읽을 거야?","잠깐만, <이름:3232>군.<6E5C>어느 쪽 메시지부터 읽을 거야?"
dom2Kisarah_X05.mes,Script/dom2Kisarah_X05.mes,113,7,[선택지],自分のキサラの,내것키사라것,내것\키사라것
dom2Kisarah_X05.mes,Script/dom2Kisarah_X05.mes,114,13,주인공,じゃ、まずは自分のを……,그럼 먼저 내 것을……,그럼 먼저 내 것을……
dom2Kisarah_X05.mes,Script/dom2Kisarah_X05.mes,115,6,Kisarah,……フーン,……흐응,……흐응
dom2Kisarah_X05.mes,Script/dom2Kisarah_X05.mes,116,6,[효과음/내레이션],ガサガサッ,부스럭,부스럭
dom2Kisarah_X05.mes,Script/dom2Kisarah_X05.mes,117,26,주인공,……うわっ!<6E5C>僕、こんなことをキサラに<6E5C>書いたのか,……우왓!<6E5C>내가 이런 걸 키사라한테<6E5C>썼던 거야,……우왓!<6E5C>내가 이런 걸 키사라한테<6E5C>썼던 거야
dom2Kisarah_X05.mes,Script/dom2Kisarah_X05.mes,118,7,Kisarah,なになにっ?,뭔데뭔데?,뭔데뭔데?
dom2Kisarah_X05.mes,Script/dom2Kisarah_X05.mes,119,21,주인공,なんだよ、<6E5C>キサラはなんて書いてたんだよ,"뭐야,<6E5C>키사라는 뭐라고 썼는데","뭐야,<6E5C>키사라는 뭐라고 썼는데"
dom2Kisarah_X05.mes,Script/dom2Kisarah_X05.mes,120,20,Kisarah,……<이름:3232>クンから<6E5C>見せてくれないとダメ,……<이름:3232>군부터<6E5C>보여줘야 돼,……<이름:3232>군부터<6E5C>보여줘야 돼
dom2Kisarah_X05.mes,Script/dom2Kisarah_X05.mes,121,15,주인공,くそ、しかたないな……はい!,칫 어쩔 수 없네…… 자!,칫 어쩔 수 없네…… 자!
dom2Kisarah_X05.mes,Script/dom2Kisarah_X05.mes,122,21,[효과음/내레이션],ずっとずっといっしょにいようね、<6E5C>キサラ,"계속 계속 함께 있자,<6E5C>키사라","계속 계속 함께 있자,<6E5C>키사라"
dom2Kisarah_X05.mes,Script/dom2Kisarah_X05.mes,123,5,Kisarah,…………,…………,…………
dom2Kisarah_X05.mes,Script/dom2Kisarah_X05.mes,124,22,주인공,は、恥ずかしいだろ.<6E5C>キサラのも見せろよ!,"부, 부끄럽잖아.<6E5C>키사라 것도 보여줘!","부, 부끄럽잖아.<6E5C>키사라 것도 보여줘!"
dom2Kisarah_X05.mes,Script/dom2Kisarah_X05.mes,125,3,Kisarah,アッ,앗,앗
dom2Kisarah_X05.mes,Script/dom2Kisarah_X05.mes,126,23,[효과음/내레이션],<이름:3232>クンは、キサラを一生<6E5C>だいじにすること!,<이름:3232>군은 키사라를 평생<6E5C>소중히 여길 것!,<이름:3232>군은 키사라를 평생<6E5C>소중히 여길 것!
dom2Kisarah_X05.mes,Script/dom2Kisarah_X05.mes,127,5,주인공,…………,…………,…………
dom2Kisarah_X05.mes,Script/dom2Kisarah_X05.mes,128,5,Kisarah,…………,…………,…………
dom2Kisarah_X05.mes,Script/dom2Kisarah_X05.mes,129,8,UNKNOWN_64,アハハハハハ!,아하하하하하!,아하하하하하!
dom2Kisarah_X05.mes,Script/dom2Kisarah_X05.mes,130,14,주인공,もちろん、キサラのを見るよ,"물론, 키사라 것도 볼게","물론, 키사라 것도 볼게"
dom2Kisarah_X05.mes,Script/dom2Kisarah_X05.mes,131,25,주인공,お互いに向けたメッセージを<6E5C>見るって約束だろう?,서로에게 남긴 메시지를<6E5C>보기로 약속했잖아?,서로에게 남긴 메시지를<6E5C>보기로 약속했잖아?
dom2Kisarah_X05.mes,Script/dom2Kisarah_X05.mes,132,5,Kisarah,……うん,……응,……응
dom2Kisarah_X05.mes,Script/dom2Kisarah_X05.mes,133,10,주인공,じゃ、せーのーでっ,자 하나 둘 셋에,자 하나 둘 셋에
dom2Kisarah_X05.mes,Script/dom2Kisarah_X05.mes,134,3,[효과음/내레이션],バッ,탁,탁
dom2Kisarah_X05.mes,Script/dom2Kisarah_X05.mes,135,5,Kisarah,…………,…………,…………
dom2Kisarah_X05.mes,Script/dom2Kisarah_X05.mes,136,5,주인공,…………,…………,…………
dom2Kisarah_X05.mes,Script/dom2Kisarah_X05.mes,137,14,Kisarah,……<이름:3232>クンの字、かわいい,"……<이름:3232>군 글씨, 귀엽다","……<이름:3232>군 글씨, 귀엽다"
dom2Kisarah_X05.mes,Script/dom2Kisarah_X05.mes,138,15,주인공,キサラの字は、丸くて小さいな,키사라 글씨는 동글고 작네,키사라 글씨는 동글고 작네
dom2Kisarah_X05.mes,Script/dom2Kisarah_X05.mes,139,15,Kisarah,じゃ、またせーので見せ合う?,그럼 또 셋에 보여줄까?,그럼 또 셋에 보여줄까?
dom2Kisarah_X05.mes,Script/dom2Kisarah_X05.mes,140,13,주인공,ああ.じゃ、せーのーでっ,그래. 하나 둘 셋에,그래. 하나 둘 셋에
dom2Kisarah_X05.mes,Script/dom2Kisarah_X05.mes,141,3,[효과음/내레이션],バッ,탁,탁
dom2Kisarah_X05.mes,Script/dom2Kisarah_X05.mes,142,21,[효과음/내레이션],ずっとずっといっしょにいようね、<6E5C>キサラ,"계속 계속 함께 있자,<6E5C>키사라","계속 계속 함께 있자,<6E5C>키사라"
dom2Kisarah_X05.mes,Script/dom2Kisarah_X05.mes,143,23,[효과음/내레이션],<이름:3232>クンは、キサラを一生<6E5C>だいじにすること!,<이름:3232>군은 키사라를 평생<6E5C>소중히 여길 것!,<이름:3232>군은 키사라를 평생<6E5C>소중히 여길 것!
dom2Kisarah_X05.mes,Script/dom2Kisarah_X05.mes,144,48,Kisarah,……これって<이름:3232>クン、<6E5C>完全にプロポーズだよね?<485C>11歳のときにプロポーズなんて、<6E5C>スゴーイ!,"……이거 <이름:3232>군,<6E5C>완전 프러포즈지?<485C>11살 때 프러포즈라니,<6E5C>대단해!","……이거 <이름:3232>군,<6E5C>완전 프러포즈지?<485C>11살 때 프러포즈라니,<6E5C>대단해!"
dom2Kisarah_X05.mes,Script/dom2Kisarah_X05.mes,145,36,주인공,別にそういう意味じゃないよ!<6E5C>ただキサラとずっといたいなと<6E5C>思って……,딱히 그런 뜻 아니야!<6E5C>그냥 키사라랑 계속 있고 싶어서……,딱히 그런 뜻 아니야!<6E5C>그냥 키사라랑 계속 있고 싶어서……
dom2Kisarah_X05.mes,Script/dom2Kisarah_X05.mes,146,14,주인공,子どもなんだから当然だろ?,애였으니까 당연하잖아?,애였으니까 당연하잖아?
dom2Kisarah_X05.mes,Script/dom2Kisarah_X05.mes,147,22,Kisarah,じゃあ、今は思ってないの?<6E5C>10年前だけ?,그럼 생각 안 해?<6E5C>10년 전만?,그럼 생각 안 해?<6E5C>10년 전만?
dom2Kisarah_X05.mes,Script/dom2Kisarah_X05.mes,148,17,주인공,……いや、そんなことないけど……,"……아니, 그렇진 않지만……","……아니, 그렇진 않지만……"
dom2Kisarah_X05.mes,Script/dom2Kisarah_X05.mes,149,6,Kisarah,ヤッタァ!,됐다!,됐다!
dom2Kisarah_X05.mes,Script/dom2Kisarah_X05.mes,150,23,주인공,キサラだって、<6E5C>8歳のときから高飛車全開だな,"키사라도,<6E5C>8살 때부터 완전 도도했잖아","키사라도,<6E5C>8살 때부터 완전 도도했잖아"
dom2Kisarah_X05.mes,Script/dom2Kisarah_X05.mes,151,23,Kisarah,どこがよ.とってもカワイイ<6E5C>愛の告白じゃない,어디가. 너무 귀여운<6E5C>사랑 고백이잖아,어디가. 너무 귀여운<6E5C>사랑 고백이잖아
dom2Kisarah_X05.mes,Script/dom2Kisarah_X05.mes,152,10,주인공,あ、愛の告白ぅ~?,사랑 고백~?,사랑 고백~?
dom2Kisarah_X05.mes,Script/dom2Kisarah_X05.mes,153,28,Kisarah,<이름:3232>クンがボクを大事にするのは<6E5C>あたりまえでしょう~?,<이름:3232>군이 날 소중히 여기는 건<6E5C>당연하잖아~?,<이름:3232>군이 날 소중히 여기는 건<6E5C>당연하잖아~?
dom2Kisarah_X05.mes,Script/dom2Kisarah_X05.mes,154,30,Kisarah,こんなステキなレディ、世界中<6E5C>どこ探してもいないんだから!,이렇게 멋진 레이디는 전 세계<6E5C>어딜 찾아도 없으니까!,이렇게 멋진 레이디는 전 세계<6E5C>어딜 찾아도 없으니까!
dom2Kisarah_X05.mes,Script/dom2Kisarah_X05.mes,155,12,주인공,そこが高飛車なんだよ!,그게 도도한 거라고!,그게 도도한 거라고!
dom2Kisarah_X05.mes,Script/dom2Kisarah_X05.mes,156,24,Kisarah,ボクは、<이름:3232>クンだけに大事に<6E5C>してほしいのに?,난 <이름:3232>군한테만<6E5C>대접받고 싶은데?,난 <이름:3232>군한테만<6E5C>대접받고 싶은데?
dom2Kisarah_X05.mes,Script/dom2Kisarah_X05.mes,157,4,주인공,え……,어……,어……
dom2Kisarah_X05.mes,Script/dom2Kisarah_X05.mes,158,34,Kisarah,アハハ!<이름:3232>クン、すぐに赤く<6E5C>なるトコ、10年前から変わんナイ<6E5C>!,"아하하!<이름:3232>군 금방 빨개<6E5C>지는 거, 10년 전과 그대로<6E5C>네!","아하하!<이름:3232>군 금방 빨개<6E5C>지는 거, 10년 전과 그대로<6E5C>네!"
dom2Kisarah_X05.mes,Script/dom2Kisarah_X05.mes,159,7,주인공,キ、キサラ!,키사라!,키사라!
dom2Kisarah_X05.mes,Script/dom2Kisarah_X05.mes,160,34,Kisarah,<이름:3232>クン……ヤクソク、<6E5C>果たしてくれてありがとう.<6E5C>ほんとに嬉しい,"<이름:3232>군…… 약속,<6E5C>지켜줘서 고마워.<6E5C>정말 기뻐","<이름:3232>군…… 약속,<6E5C>지켜줘서 고마워.<6E5C>정말 기뻐"
dom2Kisarah_ending1.mes,Script/dom2Kisarah_ending1.mes,0,28,Kisarah,じゃ、ふたりでこのメッセージ<6E5C>どおりに行動しないとネ!,"자, 이제 둘이서 이 메시지<6E5C>대로 행동해야지!","자, 이제 둘이서 이 메시지<6E5C>대로 행동해야지!"
dom2Kisarah_ending1.mes,Script/dom2Kisarah_ending1.mes,1,25,Kisarah,タイムカプセルの言葉は、<6E5C>ゼッタイなんだからッ!,"이 상자의 약속은,<6E5C>절대적인 거니까!","이 상자의 약속은,<6E5C>절대적인 거니까!"
dom2Kisarah_ending1.mes,Script/dom2Kisarah_ending1.mes,2,7,주인공,そうだな……,그러게……,그러게……
dom2Kisarah_ending1.mes,Script/dom2Kisarah_ending1.mes,3,7,Kisarah,<이름:3232>クン……,<이름:3232>군……,<이름:3232>군……
dom2Kisarah_ending1.mes,Script/dom2Kisarah_ending1.mes,4,5,[효과음/내레이션],ぎゅっっ,꼬옥,꼬옥
dom2Kisarah_ending1.mes,Script/dom2Kisarah_ending1.mes,5,35,주인공,わっ!バカ、おまえ家の前で<6E5C>抱きつくなよ!<6E5C>家族の人に見られたら……,"왓!바보, 집 앞에서<6E5C>안기지 마!<6E5C>가족한테 들키면……","왓!바보, 집 앞에서<6E5C>안기지 마!<6E5C>가족한테 들키면……"
dom2Kisarah_ending1.mes,Script/dom2Kisarah_ending1.mes,6,41,Kisarah,かまわないよそんなの!<6E5C><이름:3232>クンを抱きしめるトコぐらい、<6E5C>誰に見られたってイイ!,"상관없어 그런 거!<6E5C><이름:3232>군 안는 모습 정도,<6E5C>누가 봐도 괜찮아!","상관없어 그런 거!<6E5C><이름:3232>군 안는 모습 정도,<6E5C>누가 봐도 괜찮아!"
dom2Kisarah_ending1.mes,Script/dom2Kisarah_ending1.mes,7,29,주인공,……あ、一晩中カプセルを<6E5C>探してたから、泥だらけだし……,"……아, 밤새도록 상자를<6E5C>찾아다녀서, 더러운데……","……아, 밤새도록 상자를<6E5C>찾아다녀서, 더러운데……"
dom2Kisarah_ending1.mes,Script/dom2Kisarah_ending1.mes,8,46,Kisarah,イイってば!ボクのために探して<6E5C>汚れたのに……そんなの、いくら<6E5C>ついたってへっちゃらだよ!,괜찮다니까!날 위해 찾다가<6E5C>더러워진 건데……<6E5C>얼마나 묻어도 아무렇지 않아!,괜찮다니까!날 위해 찾다가<6E5C>더러워진 건데……<6E5C>얼마나 묻어도 아무렇지 않아!
dom2Kisarah_ending1.mes,Script/dom2Kisarah_ending1.mes,9,6,주인공,キサラ……,키사라……,키사라……
dom2Kisarah_ending1.mes,Script/dom2Kisarah_ending1.mes,10,5,Kisarah,なんで?,왜?,왜?
dom2Kisarah_ending1.mes,Script/dom2Kisarah_ending1.mes,11,3,주인공,え?,어?,어?
dom2Kisarah_ending1.mes,Script/dom2Kisarah_ending1.mes,12,45,Kisarah,なんでボクが抱きしめてるのに、<6E5C><이름:3232>クンは抱き返して<6E5C>くれないの?<485C>背中がさみしいヨ……,"왜 내가 안고 있는데,<6E5C><이름:3232>군은 마주 안아<6E5C>주지 않는 거야?<485C>등이 허전해……","왜 내가 안고 있는데,<6E5C><이름:3232>군은 마주 안아<6E5C>주지 않는 거야?<485C>등이 허전해……"
dom2Kisarah_ending1.mes,Script/dom2Kisarah_ending1.mes,13,14,주인공,え、あ…….わ、わかったよ,"어, 아…… 아, 알았어","어, 아…… 아, 알았어"
dom2Kisarah_ending1.mes,Script/dom2Kisarah_ending1.mes,14,4,[효과음/내레이션],ぎゅっ,꼭,꼭
dom2Kisarah_ending1.mes,Script/dom2Kisarah_ending1.mes,15,19,Kisarah,……<이름:3232>クンの胸、<6E5C>ドキドキ言ってる,"……<이름:3232>군 심장,<6E5C>두근두근거려","……<이름:3232>군 심장,<6E5C>두근두근거려"
dom2Kisarah_ending1.mes,Script/dom2Kisarah_ending1.mes,16,14,주인공,バカ、そういうこと言うなよ,"바보, 그런 말 하지 마","바보, 그런 말 하지 마"
dom2Kisarah_ending1.mes,Script/dom2Kisarah_ending1.mes,17,24,Kisarah,もうボクたち、ただの幼馴染<6E5C>じゃないよね……?,"이제 우린, 그냥 소꿉친구<6E5C>가 아니지……?","이제 우린, 그냥 소꿉친구<6E5C>가 아니지……?"
dom2Kisarah_ending1.mes,Script/dom2Kisarah_ending1.mes,18,4,주인공,ああ!,그래!,그래!
dom2Kisarah_ending1.mes,Script/dom2Kisarah_ending1.mes,19,23,주인공,……でも、いいのか?<6E5C>キサラは桑のことが……,……근데 괜찮아?<6E5C>키사라는 쿠와를……,……근데 괜찮아?<6E5C>키사라는 쿠와를……
dom2Kisarah_ending1.mes,Script/dom2Kisarah_ending1.mes,20,30,Kisarah,もう、とっくに<이름:3232>クンが<6E5C>好きなコトぐらい、わかるでしょ?,"정말, 진작에 <이름:3232>군을<6E5C>좋아하는 거 정도는, 알잖아?","정말, 진작에 <이름:3232>군을<6E5C>좋아하는 거 정도는, 알잖아?"
dom2Kisarah_ending1.mes,Script/dom2Kisarah_ending1.mes,21,27,주인공,う……うん.<6E5C>あ、この前腕を組んで歩いてた<6E5C>男は……,응.<6E5C>저번에 팔짱 끼고 걷던<6E5C>그 남자는……,응.<6E5C>저번에 팔짱 끼고 걷던<6E5C>그 남자는……
dom2Kisarah_ending1.mes,Script/dom2Kisarah_ending1.mes,22,51,Kisarah,<이름:3232>クンを嫉妨させるために<6E5C>やったに決まってるじゃない!<485C>あんなナルシストに惚れるワケ<6E5C>ないでしょ?,<이름:3232>군을 질투하게 만들려고<6E5C>그런 거잖아!<485C>저런 나르시스트한테 반할 리<6E5C>없잖아?,<이름:3232>군을 질투하게 만들려고<6E5C>그런 거잖아!<485C>저런 나르시스트한테 반할 리<6E5C>없잖아?
dom2Kisarah_ending1.mes,Script/dom2Kisarah_ending1.mes,23,8,주인공,そ、そうか……,그렇구나……,그렇구나……
dom2Kisarah_ending1.mes,Script/dom2Kisarah_ending1.mes,24,31,Kisarah,ほんとに<이름:3232>クンがボクの<6E5C>カレシなんだね.<6E5C>ちょっと夢みたい,정말 <이름:3232>군이 내<6E5C>남자친구구나.<6E5C>조금 꿈같아,정말 <이름:3232>군이 내<6E5C>남자친구구나.<6E5C>조금 꿈같아
dom2Kisarah_ending1.mes,Script/dom2Kisarah_ending1.mes,25,7,[효과음/내레이션],ざわざわ……,웅성웅성……,웅성웅성……
dom2Kisarah_ending1.mes,Script/dom2Kisarah_ending1.mes,26,23,주인공,キ、キサラ!だからやめろって、<6E5C>登校中に……,"키사라!그러니까 그만하라고,<6E5C>등굣길에……","키사라!그러니까 그만하라고,<6E5C>등굣길에……"
dom2Kisarah_ending1.mes,Script/dom2Kisarah_ending1.mes,27,21,Kisarah,なんで?そんなのボクたちに<6E5C>関係ないヨ~,왜?그런 거 우리랑<6E5C>상관없잖아~,왜?그런 거 우리랑<6E5C>상관없잖아~
dom2Kisarah_ending1.mes,Script/dom2Kisarah_ending1.mes,28,12,주인공,バカ!みんな見てるよ!,바보!다들 보잖아!,바보!다들 보잖아!
dom2Kisarah_ending1.mes,Script/dom2Kisarah_ending1.mes,29,25,Kisarah,だから見せつけてるんじゃない.<6E5C>わかってないナ~,그러니까 보여주는 거잖아.<6E5C>모르네에~,그러니까 보여주는 거잖아.<6E5C>모르네에~
dom2Kisarah_ending1.mes,Script/dom2Kisarah_ending1.mes,30,17,주인공,僕は見せつけたくないよ!離せよ!,난 보여주기 싫다고!놔줘!,난 보여주기 싫다고!놔줘!
dom2Kisarah_ending1.mes,Script/dom2Kisarah_ending1.mes,31,29,Kisarah,じゃぁ、『愛してる』って言って<6E5C>くれたら離してあげるッ!,"그럼, '사랑해'라고 말해<6E5C>주면 놔줄게!","그럼, '사랑해'라고 말해<6E5C>주면 놔줄게!"
dom2Kisarah_ending1.mes,Script/dom2Kisarah_ending1.mes,32,3,주인공,え~,에~,에~
dom2Kisarah_ending1.mes,Script/dom2Kisarah_ending1.mes,33,14,Kisarah,ナニよぉ.言えないのぉ~?,뭐야. 말 못해~?,뭐야. 말 못해~?
dom2Kisarah_ending1.mes,Script/dom2Kisarah_ending1.mes,34,13,주인공,あ……愛し、てる、よ……,"사…… 사랑, 해……","사…… 사랑, 해……"
dom2Kisarah_ending1.mes,Script/dom2Kisarah_ending1.mes,35,32,Kisarah,フフッ!やっと言ったな、<6E5C>コイツぅ.<6E5C>もう離れないんだから~★,"후훗!드디어 말했네,<6E5C>요 녀석.<6E5C>이제 안 놔줄 거니까~★","후훗!드디어 말했네,<6E5C>요 녀석.<6E5C>이제 안 놔줄 거니까~★"
dom2Kisarah_ending1.mes,Script/dom2Kisarah_ending1.mes,36,32,주인공,わーっ!<6E5C>言ったのによけいくっつくなよ!<6E5C>ヤクソクが違うだろ!,우와앗!<6E5C>말했는데 더 붙지 마!<6E5C>약속이랑 다르잖아!,우와앗!<6E5C>말했는데 더 붙지 마!<6E5C>약속이랑 다르잖아!
dom2Kisarah_ending1.mes,Script/dom2Kisarah_ending1.mes,37,31,주인공,……もう、こんなことでこの街に<6E5C>住んでいられるんだろうか、僕,"……하아, 이런 걸로 이 동네서<6E5C>계속 살 수 있을까","……하아, 이런 걸로 이 동네서<6E5C>계속 살 수 있을까"
dom2Kisarah_ending1.mes,Script/dom2Kisarah_ending1.mes,38,6,주인공,トホホ……,흑흑……,흑흑……
dom2Kisarah_ending1.mes,Script/dom2Kisarah_ending1.mes,39,24,Shizuku,すごい、シナリオをぜんぶ<6E5C>読んでくれたんだね!,"대단해, 시나리오를 전부<6E5C>읽어줬구나!","대단해, 시나리오를 전부<6E5C>읽어줬구나!"
dom2Kisarah_ending1.mes,Script/dom2Kisarah_ending1.mes,40,35,Shizuku,これは私たちからのささやかな<6E5C>プレゼントです.<6E5C>受け取ってください!,이건 저희가 드리는 작은<6E5C>선물이에요.<6E5C>받아주세요!,이건 저희가 드리는 작은<6E5C>선물이에요.<6E5C>받아주세요!
dom2Kisarah_ending1.mes,Script/dom2Kisarah_ending1.mes,41,12,UNKNOWN_66,おめでとうございます!,축하합니다!,축하합니다!
dom2Kisarah_ending1.mes,Script/dom2Kisarah_ending1.mes,42,20,UNKNOWN_66,私たちを見つけてくれて、<6E5C>ありがとう!,"저희를 찾아주셔서,<6E5C>감사합니다!","저희를 찾아주셔서,<6E5C>감사합니다!"
dom2Kisarah_ending2.mes,Script/dom2Kisarah_ending2.mes,0,24,주인공,じゃあ僕、キサラとはもう<6E5C>幼馴染じゃなくて……,"그럼 나, 키사라랑<6E5C>소꿉친구가 아니라……","그럼 나, 키사라랑<6E5C>소꿉친구가 아니라……"
dom2Kisarah_ending2.mes,Script/dom2Kisarah_ending2.mes,1,7,Kisarah,<이름:3232>クン……,<이름:3232>군……,<이름:3232>군……
dom2Kisarah_ending2.mes,Script/dom2Kisarah_ending2.mes,2,22,UNKNOWN_1e,テメェ、俺のキサラに<6E5C>ナニしてんだぁー!!,"자식, 내 키사라한테<6E5C>뭐 하는 거야!!","자식, 내 키사라한테<6E5C>뭐 하는 거야!!"
dom2Kisarah_ending2.mes,Script/dom2Kisarah_ending2.mes,3,7,[효과음/내레이션],バッキーン!,빠카앙!,빠카앙!
dom2Kisarah_ending2.mes,Script/dom2Kisarah_ending2.mes,4,5,주인공,ぐわあっ,으악,으악
dom2Kisarah_ending2.mes,Script/dom2Kisarah_ending2.mes,5,7,Kisarah,<이름:3232>クン!?,<이름:3232>군!?,<이름:3232>군!?
dom2Kisarah_ending2.mes,Script/dom2Kisarah_ending2.mes,6,15,주인공,い、いったい今のパンチは……,지금 그 펀치는 대체……,지금 그 펀치는 대체……
dom2Kisarah_ending2.mes,Script/dom2Kisarah_ending2.mes,7,22,UNKNOWN_1e,俺のいない間に調子に<6E5C>乗ってんじゃねーぞ!,내가 없는 동안 까불고<6E5C>있었던 거냐!,내가 없는 동안 까불고<6E5C>있었던 거냐!
dom2Kisarah_ending2.mes,Script/dom2Kisarah_ending2.mes,8,21,주인공,だ、誰なんだ.<6E5C>この赤い学ランの男は……,누구야.<6E5C>이 빨간 교복 남자는……,누구야.<6E5C>이 빨간 교복 남자는……
dom2Kisarah_ending2.mes,Script/dom2Kisarah_ending2.mes,9,4,Kisarah,桑!!,쿠와!,쿠와!
dom2Kisarah_ending2.mes,Script/dom2Kisarah_ending2.mes,10,5,주인공,えーっ!,에엣!,에엣!
dom2Kisarah_ending2.mes,Script/dom2Kisarah_ending2.mes,11,34,UNKNOWN_65,キサラァ!おまえ、俺の被女に<6E5C>なるって約束したんじゃ<6E5C>ねーのかよ!,"키사라아!너, 내 여자친구<6E5C>되기로 약속했던 거<6E5C>아니었냐!","키사라아!너, 내 여자친구<6E5C>되기로 약속했던 거<6E5C>아니었냐!"
dom2Kisarah_ending2.mes,Script/dom2Kisarah_ending2.mes,12,11,Kisarah,ナニ言ってんのよッ!,뭔 소리야!,뭔 소리야!
dom2Kisarah_ending2.mes,Script/dom2Kisarah_ending2.mes,13,34,Kisarah,突然いなくなって、3年もほったら<6E5C>かしにしてたクセによくゆーわネ!,"갑자기 사라져서, 3년이나<6E5C>내버려 놓고서 잘도 말하네!","갑자기 사라져서, 3년이나<6E5C>내버려 놓고서 잘도 말하네!"
dom2Kisarah_ending2.mes,Script/dom2Kisarah_ending2.mes,14,27,UNKNOWN_65,しかたねーじゃん.<6E5C>男にはケンカがつきもんなんだぜ?,어쩔 수 없잖아.<6E5C>남자한텐 싸움이 따르는 법이야,어쩔 수 없잖아.<6E5C>남자한텐 싸움이 따르는 법이야
dom2Kisarah_ending2.mes,Script/dom2Kisarah_ending2.mes,15,11,Kisarah,知らないわよ、バカ!,"몰라, 바보야!","몰라, 바보야!"
dom2Kisarah_ending2.mes,Script/dom2Kisarah_ending2.mes,16,39,Kisarah,約束を破ったのは桑よ!<6E5C>もうボクには<이름:3232>クンっていう<6E5C>カレシがいるんだから!,약속 깬 건 쿠와잖아!<6E5C>이제 나한텐 <이름:3232>군이란<6E5C>남자친구가 있으니까!,약속 깬 건 쿠와잖아!<6E5C>이제 나한텐 <이름:3232>군이란<6E5C>남자친구가 있으니까!
dom2Kisarah_ending2.mes,Script/dom2Kisarah_ending2.mes,17,8,주인공,いや、あの……,아니 저기……,아니 저기……
dom2Kisarah_ending2.mes,Script/dom2Kisarah_ending2.mes,18,14,UNKNOWN_65,上等だぁ、<이름:3232>!決闘だぜ!,"좋다, <이름:3232>!결투다!","좋다, <이름:3232>!결투다!"
dom2Kisarah_ending2.mes,Script/dom2Kisarah_ending2.mes,19,8,주인공,そんな無茶な!,말도 안 돼!,말도 안 돼!
dom2Kisarah_ending2.mes,Script/dom2Kisarah_ending2.mes,20,25,Kisarah,ナニよ<이름:3232>クン、<6E5C>ボクのために戦ってくれないの?,"뭐야 <이름:3232>군,<6E5C>날 위해 싸워주지 않을 거야?","뭐야 <이름:3232>군,<6E5C>날 위해 싸워주지 않을 거야?"
dom2Kisarah_ending2.mes,Script/dom2Kisarah_ending2.mes,21,14,주인공,そーゆー問題じゃないだろ!,그런 문제가 아니잖아!,그런 문제가 아니잖아!
dom2Kisarah_ending2.mes,Script/dom2Kisarah_ending2.mes,22,17,UNKNOWN_65,ごちゃごちゃ言ってんじゃねーよ!,이러쿵저러쿵 말하지 마!,이러쿵저러쿵 말하지 마!
dom2Kisarah_ending2.mes,Script/dom2Kisarah_ending2.mes,23,32,UNKNOWN_65,男なら男らしく、拳で話し合いだぜ<6E5C>!この『日本一の赤豹』とよ!,남자답게 주먹으로 말하자<6E5C>! '일본 제일 빨간 표범'이다,남자답게 주먹으로 말하자<6E5C>! '일본 제일 빨간 표범'이다
dom2Kisarah_ending2.mes,Script/dom2Kisarah_ending2.mes,24,7,[효과음/내레이션],バッキーン!,빠카앙!,빠카앙!
dom2Kisarah_ending2.mes,Script/dom2Kisarah_ending2.mes,25,6,주인공,ぐわぁぁっ,으아아악,으아아악
dom2Kisarah_ending2.mes,Script/dom2Kisarah_ending2.mes,26,34,Kisarah,ちょっと、桑!<6E5C>アンタさっきから乱暴すぎるのヨ!<6E5C>このケンカ馬鹿!,"잠깐, 쿠와!<6E5C>너 아까부터 너무 난폭해!<6E5C>이 싸움광아!","잠깐, 쿠와!<6E5C>너 아까부터 너무 난폭해!<6E5C>이 싸움광아!"
dom2Kisarah_ending2.mes,Script/dom2Kisarah_ending2.mes,27,21,UNKNOWN_65,キサラを賭けて、<6E5C>男と男の決闘だぜーっ!,키사라를 걸고<6E5C>남자 대 남자 결투다!,키사라를 걸고<6E5C>남자 대 남자 결투다!
dom2Kisarah_ending2.mes,Script/dom2Kisarah_ending2.mes,28,29,Kisarah,<이름:3232>クンもなによ!<6E5C>さっきから逃げてばっかりじゃない<6E5C>!,<이름:3232>군도 뭐야!<6E5C>아까부터 도망만 치고<6E5C>있잖아!,<이름:3232>군도 뭐야!<6E5C>아까부터 도망만 치고<6E5C>있잖아!
dom2Kisarah_ending2.mes,Script/dom2Kisarah_ending2.mes,29,17,주인공,だって、いきなり決闘だなんて……,"그치만, 갑자기 결투라니……","그치만, 갑자기 결투라니……"
dom2Kisarah_ending2.mes,Script/dom2Kisarah_ending2.mes,30,14,Kisarah,モ~~、どいつもこいつも!,정말~~ 다들 왜 그래!,정말~~ 다들 왜 그래!
dom2Kisarah_ending2.mes,Script/dom2Kisarah_ending2.mes,31,37,Kisarah,男なんて自分勝手なんだから!<6E5C>サイテーよッ!<6E5C>勝手にやってれば、バカッ!,"남자들은 다 제멋대로야!<6E5C>최악이야!<6E5C>맘대로 하든지 말든지, 바보!","남자들은 다 제멋대로야!<6E5C>최악이야!<6E5C>맘대로 하든지 말든지, 바보!"
dom2Kisarah_ending2.mes,Script/dom2Kisarah_ending2.mes,32,17,주인공,ちょっ、ちょっと待てよ、キサラ!,"자, 잠깐만 기다려, 키사라!","자, 잠깐만 기다려, 키사라!"
dom2Kisarah_ending2.mes,Script/dom2Kisarah_ending2.mes,33,44,주인공,(しまった.肝心なところで弱腰に<6E5C>なっちゃって…….僕、全然<6E5C>成長してないじゃないか),"(아차. 중요한 순간에 소심해져<6E5C>버려서…… 나, 하나도<6E5C>안 컸잖아)","(아차. 중요한 순간에 소심해져<6E5C>버려서…… 나, 하나도<6E5C>안 컸잖아)"
dom2Kisarah_ending2.mes,Script/dom2Kisarah_ending2.mes,34,31,주인공,(こんなに情けない姿を見せて、<6E5C>キサラが怒るのも当然だ……),(이런 한심한 모습 보여줬으니<6E5C>키사라가 화낼 만해……),(이런 한심한 모습 보여줬으니<6E5C>키사라가 화낼 만해……)
dom2Kisarah_ending2.mes,Script/dom2Kisarah_ending2.mes,35,12,[효과음/내레이션],♪カランコロンカラ~ン,♪딸랑딸랑딸랑~,♪딸랑딸랑딸랑~
dom2Kisarah_ending2.mes,Script/dom2Kisarah_ending2.mes,36,19,주인공,今夜は飲まないと<6E5C>やってられない……,밤은 술 없인<6E5C>못 버티겠어……,밤은 술 없인<6E5C>못 버티겠어……
