file,rel_path,block,n_tokens,speaker,source,ai_draft,translation
dom2Mary_L01.mes,Script/dom2Mary_L01.mes,0,31,주인공,(あ、暑い……さっさと帰って、<6E5C>冷たいシャワーでも浴びよう),,
dom2Mary_L01.mes,Script/dom2Mary_L01.mes,1,7,UNKNOWN_1e,Hi、ボーイ,,
dom2Mary_L01.mes,Script/dom2Mary_L01.mes,2,8,주인공,あ、マリーさん,,
dom2Mary_L01.mes,Script/dom2Mary_L01.mes,3,26,Mary,暑苦しい顔してるわね.<6E5C>見てるこっちまで暑くなるわ,,
dom2Mary_L01.mes,Script/dom2Mary_L01.mes,4,13,주인공,ほ、ほっといてください!,,
dom2Mary_L01.mes,Script/dom2Mary_L01.mes,5,9,Mary,フフ、悪かったわ,,
dom2Mary_L01.mes,Script/dom2Mary_L01.mes,6,15,Mary,ねぇ、これから海に行かない?,,
dom2Mary_L01.mes,Script/dom2Mary_L01.mes,7,3,주인공,え?,,
dom2Mary_L01.mes,Script/dom2Mary_L01.mes,8,26,Mary,どうせ暇なんでしょ?<6E5C>街を案内がてら、付き合ってよ,,
dom2Mary_L01.mes,Script/dom2Mary_L01.mes,9,14,주인공,ぼ、僕はナビじゃないですよ,,
dom2Mary_L01.mes,Script/dom2Mary_L01.mes,10,28,Mary,男が細かいこと言わないの.<6E5C>アントンに噛み付かせるわよ,,
dom2Mary_L01.mes,Script/dom2Mary_L01.mes,11,6,[마리의 개],グルル……,,
dom2Mary_L01.mes,Script/dom2Mary_L01.mes,12,18,[선택지],わ、わかりましたよご、ごめんなさい!,,
dom2Mary_L01.mes,Script/dom2Mary_L01.mes,13,11,주인공,わ、わかりましたよ!,,
dom2Mary_L01.mes,Script/dom2Mary_L01.mes,14,38,주인공,(結局、海に案内させられて、<6E5C>一緒に潜らされる羽目になって<6E5C>しまった……),,
dom2Mary_L01.mes,Script/dom2Mary_L01.mes,15,17,주인공,(……これってけっこう役得かも),,
dom2Mary_L01.mes,Script/dom2Mary_L01.mes,16,15,주인공,(マリーさん、きれいだなぁ),,
dom2Mary_L01.mes,Script/dom2Mary_L01.mes,17,9,Mary,なにを見てるの?,,
dom2Mary_L01.mes,Script/dom2Mary_L01.mes,18,5,주인공,人魚です,,
dom2Mary_L01.mes,Script/dom2Mary_L01.mes,19,14,Mary,マーメイド?どこにいるの?,,
dom2Mary_L01.mes,Script/dom2Mary_L01.mes,20,9,주인공,僕の目の前に……,,
dom2Mary_L01.mes,Script/dom2Mary_L01.mes,21,11,Mary,私?フフ、ありがとう,,
dom2Mary_L01.mes,Script/dom2Mary_L01.mes,22,37,Mary,でも、私は最後に泡になって<6E5C>消えてしまう、悲しい人魚姫<6E5C>かもしれないわよ,,
dom2Mary_L01.mes,Script/dom2Mary_L01.mes,23,13,주인공,姫って……自分で言うかな,,
dom2Mary_L01.mes,Script/dom2Mary_L01.mes,24,7,Mary,アントーン!,,
dom2Mary_L01.mes,Script/dom2Mary_L01.mes,25,6,[마리의 개],グルル……,,
dom2Mary_L01.mes,Script/dom2Mary_L01.mes,26,42,주인공,ご、ごめんなさい!マリーさんは<6E5C>最後に王子様と結ばれる、<6E5C>幸せな人魚姫になれます!,,
dom2Mary_L01.mes,Script/dom2Mary_L01.mes,27,28,Mary,幸せに……か.<6E5C>フフ、王子様を探さなきゃ<6E5C>いけないわね,,
dom2Mary_L01.mes,Script/dom2Mary_L01.mes,28,11,주인공,今日はごめんなさい!,,
dom2Mary_L01.mes,Script/dom2Mary_L01.mes,29,10,[효과음/내레이션],タッタッタッタ……,,
dom2Mary_L01.mes,Script/dom2Mary_L01.mes,30,12,Mary,あ、コラ!待ちなさい!,,
dom2Mary_L01_2.mes,Script/dom2Mary_L01_2.mes,0,16,Mary,今日はありがとう.楽しかったわ,,
dom2Mary_L01_2.mes,Script/dom2Mary_L01_2.mes,1,10,주인공,僕も楽しかったです,,
dom2Mary_L01_2.mes,Script/dom2Mary_L01_2.mes,2,9,Mary,それじゃ、Bヤe,,
dom2Mary_L01_2.mes,Script/dom2Mary_L01_2.mes,3,6,[마리의 개],ワンワン!,,
dom2Mary_L01_2.mes,Script/dom2Mary_L01_2.mes,4,15,주인공,(思わぬ一日になったな……),,
dom2Mary_L02.mes,Script/dom2Mary_L02.mes,0,31,주인공,(さて……ほたるに頼まれた<6E5C>買い物も終わったし、帰ろうかな),,
dom2Mary_L02.mes,Script/dom2Mary_L02.mes,1,30,주인공,(あ、マリーさん.な、なんだろ、<6E5C>えらく怖い顔をしてるな),,
dom2Mary_L02.mes,Script/dom2Mary_L02.mes,2,17,주인공,(なにか探してるようだけど……),,
dom2Mary_L02.mes,Script/dom2Mary_L02.mes,3,9,Mary,ん?あぁ、<이름:3131>君,,
dom2Mary_L02.mes,Script/dom2Mary_L02.mes,4,21,주인공,こ、こんにちは.<6E5C>なにか探しものですか?,,
dom2Mary_L02.mes,Script/dom2Mary_L02.mes,5,11,Mary,いいえ、ただの散歩よ,,
dom2Mary_L02.mes,Script/dom2Mary_L02.mes,6,28,주인공,すごく怖い顔してましたけど……<6E5C>お仕事のことでなにか?,,
dom2Mary_L02.mes,Script/dom2Mary_L02.mes,7,16,Mary,……あなたには関係のないことよ,,
dom2Mary_L02.mes,Script/dom2Mary_L02.mes,8,27,주인공,(や、やばい!怒らせちゃった!<6E5C>ど、どうしよう……),,
dom2Mary_L02.mes,Script/dom2Mary_L02.mes,9,15,[선택지],他の話題に移るさらに閉いてみる,,
dom2Mary_L02.mes,Script/dom2Mary_L02.mes,10,44,주인공,そ、そういえば、マリーさんの<6E5C>名前ってオシャレですよね!<6E5C>ブルーって響きがかっこよくて,,
dom2Mary_L02.mes,Script/dom2Mary_L02.mes,11,20,Mary,ありがとう.<6E5C>本名は別にあるんだけどね,,
dom2Mary_L02.mes,Script/dom2Mary_L02.mes,12,19,주인공,え?<6E5C>ブルー・マリーって芸名ですか?,,
dom2Mary_L02.mes,Script/dom2Mary_L02.mes,13,24,Mary,芸名?コードネームのこと?<6E5C>まぁそんなところよ,,
dom2Mary_L02.mes,Script/dom2Mary_L02.mes,14,22,주인공,(な、なんか微妙に<6E5C>噛み合ってないな……),,
dom2Mary_L02.mes,Script/dom2Mary_L02.mes,15,16,Mary,それじゃ、私はこれで失礼するわ,,
dom2Mary_L02.mes,Script/dom2Mary_L02.mes,16,20,주인공,(なんとか機嫌直して<6E5C>くれたかな……),,
dom2Mary_L02.mes,Script/dom2Mary_L02.mes,17,50,주인공,も、もしかして何か<6E5C>探してるんですか?<485C>ここらへんで特別なものといったら<6E5C>、神楽神社に関係するとか,,
dom2Mary_L02.mes,Script/dom2Mary_L02.mes,18,3,Mary,……,,
dom2Mary_L02.mes,Script/dom2Mary_L02.mes,19,27,주인공,(あ、あれ、当たらずとも遠からず<6E5C>、って感じかな?),,
dom2Mary_L02.mes,Script/dom2Mary_L02.mes,20,23,Mary,フゥ……どうしてそんなことを<6E5C>閉きたがるの?,,
dom2Mary_L02.mes,Script/dom2Mary_L02.mes,21,17,주인공,いや、なんか気になるというか……,,
dom2Mary_L02.mes,Script/dom2Mary_L02.mes,22,41,Mary,いい?そんな子どもの好奇心で<6E5C>首を突っ込むような世界じゃないの<6E5C>、私のいる世界は,,
dom2Mary_L02.mes,Script/dom2Mary_L02.mes,23,25,Mary,意思と覚悟もなしに、<6E5C>踏み込んではいけない世界よ,,
dom2Mary_L02.mes,Script/dom2Mary_L02.mes,24,16,Mary,わかったら、もうついてこないで,,
dom2Mary_L02.mes,Script/dom2Mary_L02.mes,25,11,주인공,(……意思と、覚悟),,
dom2Mary_L02.mes,Script/dom2Mary_L02.mes,26,33,주인공,(マリーさんって、いったいどんな<6E5C>世界に身を置いてるんだ……?),,
dom2Mary_L03.mes,Script/dom2Mary_L03.mes,0,4,[마리의 개],ワン!,,
dom2Mary_L03.mes,Script/dom2Mary_L03.mes,1,8,주인공,よう、アントン,,
dom2Mary_L03.mes,Script/dom2Mary_L03.mes,2,7,Mary,……<이름:3131>君か,,
dom2Mary_L03.mes,Script/dom2Mary_L03.mes,3,31,주인공,どうしたんですか、マリーさん.<6E5C>一瞬怖い顔になってたけど……,,
dom2Mary_L03.mes,Script/dom2Mary_L03.mes,4,10,Mary,……なんでもないわ,,
dom2Mary_L03.mes,Script/dom2Mary_L03.mes,5,15,주인공,もしかして、お仕事と関係が?,,
dom2Mary_L03.mes,Script/dom2Mary_L03.mes,6,47,Mary,<이름:3131>君……どういうつもりか<6E5C>知らないけど、<485C>私のことに首を突っ込むのは<6E5C>やめてくれないかしら,,
dom2Mary_L03.mes,Script/dom2Mary_L03.mes,7,38,Mary,これは警告よ.あなたの身の安全の<6E5C>ために言ってるの.<6E5C>これ以上関わらないで,,
dom2Mary_L03.mes,Script/dom2Mary_L03.mes,8,28,주인공,そ、そんなに危ないことを<6E5C>やってるんですか、マリーさん,,
dom2Mary_L03.mes,Script/dom2Mary_L03.mes,9,33,Mary,そう.あなたのように表の世界で<6E5C>生きている人にはわからない世界よ,,
dom2Mary_L03.mes,Script/dom2Mary_L03.mes,10,11,주인공,こ、殺し屋……とか?,,
dom2Mary_L03.mes,Script/dom2Mary_L03.mes,11,15,Mary,アハハハ、すごいこと言うわね,,
dom2Mary_L03.mes,Script/dom2Mary_L03.mes,12,4,주인공,……?,,
dom2Mary_L03.mes,Script/dom2Mary_L03.mes,13,17,Mary,すごい発想ね、思わず笑っちゃった,,
dom2Mary_L03.mes,Script/dom2Mary_L03.mes,14,36,Mary,そうなの、私、殺し屋を<6E5C>やってるのよ.<6E5C>だから、もう私に近づかないでね,,
dom2Mary_L03.mes,Script/dom2Mary_L03.mes,15,5,Mary,Bヤe!,,
dom2Mary_L03.mes,Script/dom2Mary_L03.mes,16,5,[마리의 개],クゥ~ン,,
dom2Mary_L03.mes,Script/dom2Mary_L03.mes,17,16,주인공,な、慰めてくれてるの、アントン,,
dom2Mary_L03.mes,Script/dom2Mary_L03.mes,18,35,주인공,(犬に同情されてしまった…….<6E5C>そんなにおかしなこと言ったかな?<6E5C>),,
dom2Mary_L03.mes,Script/dom2Mary_L03.mes,19,70,주인공,(じつはマリーさんの仕事って……<6E5C>スナイパー?いや、それじゃ<6E5C>殺し屋と変わんないか)<485C>(スパイ、秘密警察、<6E5C>正義の味方……わからないなぁ),,
dom2Mary_L04.mes,Script/dom2Mary_L04.mes,0,29,주인공,(すっかり遅くなっちゃったな.<6E5C>またほたるに怒られるよ),,
dom2Mary_L04.mes,Script/dom2Mary_L04.mes,1,9,주인공,(急いで帰ろう),,
dom2Mary_L04.mes,Script/dom2Mary_L04.mes,2,8,[효과음/내레이션],タッタッタ……,,
dom2Mary_L04.mes,Script/dom2Mary_L04.mes,3,5,[마리의 개],バウ!!,,
dom2Mary_L04.mes,Script/dom2Mary_L04.mes,4,15,주인공,!<020A>あれ、アントンじゃないか,,
dom2Mary_L04.mes,Script/dom2Mary_L04.mes,5,25,주인공,え、おい、ちょっと……<6E5C>ズボンを引っ張るなって!,,
dom2Mary_L04.mes,Script/dom2Mary_L04.mes,6,6,[마리의 개],ワンワン!,,
dom2Mary_L04.mes,Script/dom2Mary_L04.mes,7,5,주인공,なんだ?,,
dom2Mary_L04.mes,Script/dom2Mary_L04.mes,8,11,[선택지],ついて行くエサをあげる,,
dom2Mary_L04.mes,Script/dom2Mary_L04.mes,9,28,주인공,わ、わかったよアントン、<6E5C>ついて行くから引っ張るなって,,
dom2Mary_L04.mes,Script/dom2Mary_L04.mes,10,4,[마리의 개],ワン!,,
dom2Mary_L04.mes,Script/dom2Mary_L04.mes,11,8,[효과음/내레이션],タッタッタ……,,
dom2Mary_L04.mes,Script/dom2Mary_L04.mes,12,6,[마리의 개],ワンワン!,,
dom2Mary_L04.mes,Script/dom2Mary_L04.mes,13,12,주인공,!<020A>……マリーさん!!,,
dom2Mary_L04.mes,Script/dom2Mary_L04.mes,14,29,주인공,(き、傷だらけじゃないか.<6E5C>気を失ってるみたいだし……),,
dom2Mary_L04.mes,Script/dom2Mary_L04.mes,15,19,주인공,アントン、一体なにがあったんだ!<6E5C>?,,
dom2Mary_L04.mes,Script/dom2Mary_L04.mes,16,6,[마리의 개],ワンワン!,,
dom2Mary_L04.mes,Script/dom2Mary_L04.mes,17,33,주인공,あ、ああ、そうだね.<6E5C>今はそんなことを言ってる<6E5C>場合じゃなかった,,
dom2Mary_L04.mes,Script/dom2Mary_L04.mes,18,23,주인공,病院に連れて行かなくちゃ……<6E5C>よいしょっと!,,
dom2Mary_L04.mes,Script/dom2Mary_L04.mes,19,46,주인공,(待てよ、ほんとに病院に連れてっ<6E5C>ていいのかな…….なにか複雑な<6E5C>事情がありそうだし……),,
dom2Mary_L04.mes,Script/dom2Mary_L04.mes,20,4,[마리의 개],ワゥ~,,
dom2Mary_L04.mes,Script/dom2Mary_L04.mes,21,37,주인공,だいじょうぶだよ、アントン.<6E5C>見たところ、それほど深刻な傷は<6E5C>なさそうだ,,
dom2Mary_L04.mes,Script/dom2Mary_L04.mes,22,34,주인공,(よし、今晩はうちに泊まって<6E5C>もらって、明日一緒に病院に行こう<6E5C>),,
dom2Mary_L04.mes,Script/dom2Mary_L04.mes,23,3,[효과음/내레이션],……,,
dom2Mary_L04.mes,Script/dom2Mary_L04.mes,24,5,[효과음/내레이션],…………,,
dom2Mary_L04.mes,Script/dom2Mary_L04.mes,25,17,주인공,たしか昼飯のパンが残ってたな……,,
dom2Mary_L04.mes,Script/dom2Mary_L04.mes,26,5,[효과음/내레이션],ゴソゴソ,,
dom2Mary_L04.mes,Script/dom2Mary_L04.mes,27,31,주인공,はい、これお食べ.<6E5C>僕、ちょっと急いでるんだ.<6E5C>また今度な!,,
dom2Mary_L04.mes,Script/dom2Mary_L04.mes,28,8,[효과음/내레이션],タッタッタ……,,
dom2Mary_L04.mes,Script/dom2Mary_L04.mes,29,6,[마리의 개],ワォ~ン!,,
dom2Mary_L04.mes,Script/dom2Mary_L04.mes,30,8,[효과음/내레이션],タッタッタ……,,
dom2Mary_L04.mes,Script/dom2Mary_L04.mes,31,23,주인공,(アントンのやつ、<6E5C>なんか必死だったな……),,
dom2Mary_L05.mes,Script/dom2Mary_L05.mes,0,12,[효과음/내레이션],♪カランコロンカラ~ン,,
dom2Mary_L05.mes,Script/dom2Mary_L05.mes,1,11,King,いらっしゃい、<이름:3131>君,,
dom2Mary_L05.mes,Script/dom2Mary_L05.mes,2,7,Mary,Hi、<이름:3131>君,,
dom2Mary_L05.mes,Script/dom2Mary_L05.mes,3,21,주인공,マリーさん!<6E5C>だいじょうぶなんですか!?,,
dom2Mary_L05.mes,Script/dom2Mary_L05.mes,4,9,Mary,ええ、問題ないわ,,
dom2Mary_L05.mes,Script/dom2Mary_L05.mes,5,23,Mary,ごめんなさい、お礼も言わずに<6E5C>消えてしまって,,
dom2Mary_L05.mes,Script/dom2Mary_L05.mes,6,17,주인공,い、いや、そんなことはいいですよ,,
dom2Mary_L05.mes,Script/dom2Mary_L05.mes,7,31,Mary,ありがとう.警察や病院に通報<6E5C>しなかったことも、感謝してるわ,,
dom2Mary_L05.mes,Script/dom2Mary_L05.mes,8,14,주인공,あれは……なんとなく、です,,
dom2Mary_L05.mes,Script/dom2Mary_L05.mes,9,38,Mary,お礼がしたいんだけど、<6E5C>なにか欲しいものはない?<6E5C>して欲しいことでもいいわ,,
dom2Mary_L05.mes,Script/dom2Mary_L05.mes,10,4,주인공,え……,,
dom2Mary_L05.mes,Script/dom2Mary_L05.mes,11,9,[선택지],ありますないですよ,,
dom2Mary_L05.mes,Script/dom2Mary_L05.mes,12,20,[선택지],><0001><0000><0028><001C><0002>な、なんでもいいんですか?,,
dom2Mary_L05.mes,Script/dom2Mary_L05.mes,13,37,Mary,なんでも……って言われると<6E5C>ちょっと怖いけど、<6E5C>できる限りのことはするわ,,
dom2Mary_L05.mes,Script/dom2Mary_L05.mes,14,26,주인공,じゃあ、そのカクテル、<6E5C>僕もいただいていいですか?,,
dom2Mary_L05.mes,Script/dom2Mary_L05.mes,15,4,Mary,これ?,,
dom2Mary_L05.mes,Script/dom2Mary_L05.mes,16,19,주인공,はい.<6E5C>とてもきれいなブルーですよね,,
dom2Mary_L05.mes,Script/dom2Mary_L05.mes,17,10,King,<이름:3131>君、これは……,,
dom2Mary_L05.mes,Script/dom2Mary_L05.mes,18,15,Mary,いいの、キング.作ってあげて,,
dom2Mary_L05.mes,Script/dom2Mary_L05.mes,19,9,King,本当にいいのか?,,
dom2Mary_L05.mes,Script/dom2Mary_L05.mes,20,10,Mary,ええ.被になら……,,
dom2Mary_L05.mes,Script/dom2Mary_L05.mes,21,5,King,わかった,,
dom2Mary_L05.mes,Script/dom2Mary_L05.mes,22,33,주인공,(な、なんだろ……もしかして、<6E5C>まずいことお願いしちゃったかな),,
dom2Mary_L05.mes,Script/dom2Mary_L05.mes,23,4,[효과음/내레이션],コトッ,,
dom2Mary_L05.mes,Script/dom2Mary_L05.mes,24,8,King,どうぞ、<이름:3131>君,,
dom2Mary_L05.mes,Script/dom2Mary_L05.mes,25,9,주인공,い、いただきます,,
dom2Mary_L05.mes,Script/dom2Mary_L05.mes,26,4,[효과음/내레이션],ゴクッ,,
dom2Mary_L05.mes,Script/dom2Mary_L05.mes,27,7,주인공,……おいしい,,
dom2Mary_L05.mes,Script/dom2Mary_L05.mes,28,10,Mary,そう……よかったわ,,
dom2Mary_L05.mes,Script/dom2Mary_L05.mes,29,25,주인공,ありがとうございました、<6E5C>マリーさん、キングさん,,
dom2Mary_L05.mes,Script/dom2Mary_L05.mes,30,6,Mary,こちらこそ,,
dom2Mary_L05.mes,Script/dom2Mary_L05.mes,31,33,King,今日は特別だ.<6E5C>本当は、マリーのためだけの<6E5C>カクテルなんだからね,,
dom2Mary_L05.mes,Script/dom2Mary_L05.mes,32,4,Mary,キング,,
dom2Mary_L05.mes,Script/dom2Mary_L05.mes,33,10,King,あ、あぁ、すまない,,
dom2Mary_L05.mes,Script/dom2Mary_L05.mes,34,28,주인공,(や、やっぱりまずいこと<6E5C>お願いしちゃったのかな……),,
dom2Mary_L05.mes,Script/dom2Mary_L05.mes,35,32,주인공,そんな、お礼とかいいですよ.<6E5C>当たり前のことをしただけですから,,
dom2Mary_L05.mes,Script/dom2Mary_L05.mes,36,10,Mary,……そう.残念だわ,,
dom2Mary_L08.mes,Script/dom2Mary_L08.mes,0,7,[효과음/내레이션],ザワザワ……,,
dom2Mary_L08.mes,Script/dom2Mary_L08.mes,1,54,주인공,(今日も人が多いな……<6E5C>問題起こしてばっかりなのに、)<485C>(八神先輩のライブってやっぱり<6E5C>人気あるんだなぁ),,
dom2Mary_L08.mes,Script/dom2Mary_L08.mes,2,35,주인공,(あれ?マリーさんだ.<6E5C>もしかしてマリーさんも<6E5C>八神先輩のファン?),,
dom2Mary_L08.mes,Script/dom2Mary_L08.mes,3,31,주인공,(あ……行っちゃった.<6E5C>なんだろ、急用でもできたのかな?<6E5C>),,
dom2Mary_L08.mes,Script/dom2Mary_L08.mes,4,13,[선택지],後をつけてみるライブを見る,,
dom2Mary_L08.mes,Script/dom2Mary_L08.mes,5,20,주인공,(気になるな……<6E5C>ついて行ってみよう),,
dom2Mary_L08.mes,Script/dom2Mary_L08.mes,6,22,주인공,(えらく険しい顔だな……ん?<6E5C>あれは……),,
dom2Mary_L08.mes,Script/dom2Mary_L08.mes,7,39,주인공,(ゲーニッツ先生……?<6E5C>マリーさんの様子、もしかして<6E5C>先生をつけてるのか?),,
dom2Mary_L08.mes,Script/dom2Mary_L08.mes,8,6,주인공,(あ……),,
dom2Mary_L08.mes,Script/dom2Mary_L08.mes,9,24,주인공,(ふ、ふたりとも足速いな……<6E5C>見失っちゃうよ),,
dom2Mary_L08.mes,Script/dom2Mary_L08.mes,10,23,주인공,(ハァ……なんとか見失わずに<6E5C>ついて来れた),,
dom2Mary_L08.mes,Script/dom2Mary_L08.mes,11,20,주인공,(あれ?<6E5C>ゲーニッツ先生がいない……),,
dom2Mary_L08.mes,Script/dom2Mary_L08.mes,12,5,Mary,アントン,,
dom2Mary_L08.mes,Script/dom2Mary_L08.mes,13,4,[마리의 개],ワン!,,
dom2Mary_L08.mes,Script/dom2Mary_L08.mes,14,8,[효과음/내레이션],タッタッタ……,,
dom2Mary_L08.mes,Script/dom2Mary_L08.mes,15,6,[마리의 개],ワンワン!,,
dom2Mary_L08.mes,Script/dom2Mary_L08.mes,16,27,주인공,う、うわ!アントン、やめろ、<6E5C>ズボンを噛むなって!!,,
dom2Mary_L08.mes,Script/dom2Mary_L08.mes,17,12,Mary,……なにをしているの?,,
dom2Mary_L08.mes,Script/dom2Mary_L08.mes,18,24,주인공,あ……マ、マリーさん.<6E5C>いや、これは、その……,,
dom2Mary_L08.mes,Script/dom2Mary_L08.mes,19,15,Mary,無用な好奇心は身を滅ぼすわよ,,
dom2Mary_L08.mes,Script/dom2Mary_L08.mes,20,19,주인공,僕は……マリーさんが<6E5C>気になって……,,
dom2Mary_L08.mes,Script/dom2Mary_L08.mes,21,23,Mary,女のマリーとしては、<6E5C>嬉しく受け取っておくわ,,
dom2Mary_L08.mes,Script/dom2Mary_L08.mes,22,19,Mary,でも、ブルー・マリーとしては<6E5C>迷惑よ,,
dom2Mary_L08.mes,Script/dom2Mary_L08.mes,23,10,주인공,す、すみません……,,
dom2Mary_L08.mes,Script/dom2Mary_L08.mes,24,10,Mary,フゥ……もういいわ,,
dom2Mary_L08.mes,Script/dom2Mary_L08.mes,25,33,Mary,イリュージョンへ行きましょう.<6E5C>おわびに1杯付き合ってちょうだい,,
dom2Mary_L08.mes,Script/dom2Mary_L08.mes,26,6,주인공,は、はい!,,
dom2Mary_L08.mes,Script/dom2Mary_L08.mes,27,34,주인공,(それにしても……なんで<6E5C>ゲーニッツ先生を<6E5C>尾行してたのかな……),,
dom2Mary_L08.mes,Script/dom2Mary_L08.mes,28,24,UNKNOWN_29,「<0000><0000><0000><0000><0000><002C><001E><0002>(もうすぐライブが始まるな),,
dom2Mary_L08.mes,Script/dom2Mary_L08.mes,29,5,[효과음/내레이션],キャー!,,
dom2Mary_L08.mes,Script/dom2Mary_L08.mes,30,11,주인공,(す、すごい歓声だ),,
dom2Mary_L08.mes,Script/dom2Mary_L08.mes,31,1,[효과음/내레이션],♪,,
dom2Mary_L08.mes,Script/dom2Mary_L08.mes,32,1,[효과음/내레이션],♪,,
dom2Mary_L08.mes,Script/dom2Mary_L08.mes,33,2,[효과음/내레이션],♪,,
dom2Mary_L08.mes,Script/dom2Mary_L08.mes,34,22,Iori,永遠に見上げ続けろ、<6E5C>あの月と俺とをな……,,
dom2Mary_L08.mes,Script/dom2Mary_L08.mes,35,5,[효과음/내레이션],キャー!,,
dom2Mary_L08.mes,Script/dom2Mary_L08.mes,36,31,주인공,(クールで格好いいな、八神先輩<6E5C>……草薙先輩さえいなければ),,
dom2Mary_L09.mes,Script/dom2Mary_L09.mes,0,12,[효과음/내레이션],♪カランコロンカラ~ン,,
dom2Mary_L09.mes,Script/dom2Mary_L09.mes,1,7,King,いらっしゃい,,
dom2Mary_L09.mes,Script/dom2Mary_L09.mes,2,9,주인공,ども、キングさん,,
dom2Mary_L09.mes,Script/dom2Mary_L09.mes,3,12,주인공,こんにちは、マリーさん,,
dom2Mary_L09.mes,Script/dom2Mary_L09.mes,4,12,Mary,Hi、一緒に飲まない?,,
dom2Mary_L09.mes,Script/dom2Mary_L09.mes,5,8,주인공,いいんですか?,,
dom2Mary_L09.mes,Script/dom2Mary_L09.mes,6,20,Mary,ええ.<6E5C>少しおしゃべりをしたい気分なの,,
dom2Mary_L09.mes,Script/dom2Mary_L09.mes,7,14,주인공,……なにかあったんですか?,,
dom2Mary_L09.mes,Script/dom2Mary_L09.mes,8,10,Mary,心が……凍ったのよ,,
dom2Mary_L09.mes,Script/dom2Mary_L09.mes,9,3,주인공,え?,,
dom2Mary_L09.mes,Script/dom2Mary_L09.mes,10,22,Mary,ほんの少しだけ、<6E5C>昔話に付き合ってくれる?,,
dom2Mary_L09.mes,Script/dom2Mary_L09.mes,11,7,주인공,……もちろん,,
dom2Mary_L09.mes,Script/dom2Mary_L09.mes,12,6,Mary,ありがとう,,
dom2Mary_L09.mes,Script/dom2Mary_L09.mes,13,44,Mary,……昔、マリー・ライアンという<6E5C>女がいたの.父親はシークレット・<6E5C>サービスをしていたわ,,
dom2Mary_L09.mes,Script/dom2Mary_L09.mes,14,32,Mary,ある日、父は優秀な部下と共に、<6E5C>大統領の護衛をすることになった,,
dom2Mary_L09.mes,Script/dom2Mary_L09.mes,15,19,주인공,すごいですね……<6E5C>大統領の護衛ですか,,
dom2Mary_L09.mes,Script/dom2Mary_L09.mes,16,40,Mary,父は私の誇りだったわ.<6E5C>強くて、優しくて、気高くて、<6E5C>誰よりも平和を愛していた,,
dom2Mary_L09.mes,Script/dom2Mary_L09.mes,17,50,Mary,……2年前、その父が、大統領の<6E5C>暗殺を企てたグループの凶弾に倒れた<6E5C>の.私の愛した人と一緒にね……,,
dom2Mary_L09.mes,Script/dom2Mary_L09.mes,18,17,주인공,……お父さんの部下の人、ですか?,,
dom2Mary_L09.mes,Script/dom2Mary_L09.mes,19,33,Mary,ええ.私のために、このカクテル、<6E5C>ブルー・マリーを作ってくれた人,,
dom2Mary_L09.mes,Script/dom2Mary_L09.mes,20,27,주인공,ブルー・マリーって……<6E5C>カクテルの名前だったんですか,,
dom2Mary_L09.mes,Script/dom2Mary_L09.mes,21,20,Mary,今は私の名前よ.<6E5C>あの日からずっと、ね,,
dom2Mary_L09.mes,Script/dom2Mary_L09.mes,22,24,주인공,……マリー・ライアンには、<6E5C>戻らないんですか?,,
dom2Mary_L09.mes,Script/dom2Mary_L09.mes,23,23,Mary,今はまだ……無理.<6E5C>心が凍ったままだから……,,
dom2Mary_L09.mes,Script/dom2Mary_L09.mes,24,3,주인공,……,,
dom2Mary_L09.mes,Script/dom2Mary_L09.mes,25,17,Mary,ごめんなさい、つまらない話をして,,
dom2Mary_L09.mes,Script/dom2Mary_L09.mes,26,9,주인공,いや、そんな……,,
dom2Mary_L09.mes,Script/dom2Mary_L09.mes,27,22,Mary,なんとなく……あなたに<6E5C>閉いてほしかったの,,
dom2Mary_L09.mes,Script/dom2Mary_L09.mes,28,13,주인공,え、それってどういう……,,
dom2Mary_L09.mes,Script/dom2Mary_L09.mes,29,15,Mary,フフ、少し酔ったみたいね……,,
dom2Mary_L10.mes,Script/dom2Mary_L10.mes,0,14,주인공,(さて……どうしようかな),,
dom2Mary_L10.mes,Script/dom2Mary_L10.mes,1,3,UNKNOWN_1e,Hi,,
dom2Mary_L10.mes,Script/dom2Mary_L10.mes,2,24,주인공,マリーさん.どうしたんですか、<6E5C>こんなところで,,
dom2Mary_L10.mes,Script/dom2Mary_L10.mes,3,53,Mary,仕事よ.<6E5C>これから依頼主に会いに行くの<485C>これまで代理を立てていたけど、<6E5C>ようやく直接会う気になったみたい,,
dom2Mary_L10.mes,Script/dom2Mary_L10.mes,4,25,주인공,だ、だいじょうぶなんですか?<6E5C>危ないこととか……,,
dom2Mary_L10.mes,Script/dom2Mary_L10.mes,5,25,Mary,私を誰だと思ってるの?<6E5C>だいじょうぶよ.じゃあね,,
dom2Mary_L10.mes,Script/dom2Mary_L10.mes,6,12,주인공,……ぼ、僕も行きます!,,
dom2Mary_L10.mes,Script/dom2Mary_L10.mes,7,21,Mary,は?なにを言ってるの?<6E5C>遊びじゃないのよ,,
dom2Mary_L10.mes,Script/dom2Mary_L10.mes,8,8,주인공,僕も、行きます,,
dom2Mary_L10.mes,Script/dom2Mary_L10.mes,9,35,Mary,あのね、そんなことされても、<6E5C>私は全然うれしくない.<6E5C>むしろ迷惑だわ,,
dom2Mary_L10.mes,Script/dom2Mary_L10.mes,10,5,주인공,行きます,,
dom2Mary_L10.mes,Script/dom2Mary_L10.mes,11,5,Mary,!<020A>……,,
dom2Mary_L10.mes,Script/dom2Mary_L10.mes,12,3,주인공,……,,
dom2Mary_L10.mes,Script/dom2Mary_L10.mes,13,28,Mary,フゥ……好きにすれば?<6E5C>なにがあっても私は知らないわよ,,
dom2Mary_L10.mes,Script/dom2Mary_L10.mes,14,4,주인공,はい!,,
dom2Mary_L10.mes,Script/dom2Mary_L10.mes,15,19,Mary,あそこにいるのが、<6E5C>今回の依頼主……,,
dom2Mary_L10.mes,Script/dom2Mary_L10.mes,16,10,주인공,え?あ、あれは……,,
dom2Mary_L10.mes,Script/dom2Mary_L10.mes,17,6,주인공,あ、あれ?,,
dom2Mary_L10.mes,Script/dom2Mary_L10.mes,18,7,주인공,マリーさん?,,
dom2Mary_L10.mes,Script/dom2Mary_L10.mes,19,9,주인공,マリーさん……?,,
dom2Mary_L10.mes,Script/dom2Mary_L10.mes,20,29,주인공,……古典的な手にひっかかったなぁ<6E5C>.……見失っちゃったよ,,
dom2Mary_M01.mes,Script/dom2Mary_M01.mes,0,12,[효과음/내레이션],♪カランコロンカラ~ン,,
dom2Mary_M01.mes,Script/dom2Mary_M01.mes,1,31,주인공,あ、マリーさん、こんばんは.<6E5C>今日はお仕事じゃないんですか?,,
dom2Mary_M01.mes,Script/dom2Mary_M01.mes,2,27,Mary,ええ、今回の仕事は一段落着いたわ<6E5C>.でも、どうして?,,
dom2Mary_M01.mes,Script/dom2Mary_M01.mes,3,20,주인공,いや、いつもと着てる服が<6E5C>違うから……,,
dom2Mary_M01.mes,Script/dom2Mary_M01.mes,4,24,Mary,目ざといわね.<6E5C>意外にプレイボーイ君なのかな?,,
dom2Mary_M01.mes,Script/dom2Mary_M01.mes,5,16,주인공,そ、そんな、とんでもないですよ,,
dom2Mary_M01.mes,Script/dom2Mary_M01.mes,6,8,Mary,フフ、そう……,,
dom2Mary_M01.mes,Script/dom2Mary_M01.mes,7,31,Mary,でも、そうやって細かい変化に<6E5C>気づいてもらえると嬉しいものよ,,
dom2Mary_M01.mes,Script/dom2Mary_M01.mes,8,22,주인공,(めずらしくマリーさんが<6E5C>笑ってくれた!),,
dom2Mary_M01.mes,Script/dom2Mary_M01.mes,9,46,주인공,(どうしよう、仕事のことも気<6E5C>になるけど、このままの流れで話を<6E5C>続けたほうがいいかな……),,
dom2Mary_M01.mes,Script/dom2Mary_M01.mes,10,16,[선택지],仕事のことを閉くこのままの流れで,,
dom2Mary_M01.mes,Script/dom2Mary_M01.mes,11,59,주인공,そういえば、マリーさんって仕事で<6E5C>この街に来てたんですよね?<485C>それが終わったってことは、<6E5C>もう街から離れるんですか?,,
dom2Mary_M01.mes,Script/dom2Mary_M01.mes,12,64,Mary,……そのつもりだったんだけど、<6E5C>この街にはまだ調べなきゃ<6E5C>いけないことが残ってるわ<485C>だから、もうしばらく、<6E5C>ここにいるつもりよ,,
dom2Mary_M01.mes,Script/dom2Mary_M01.mes,13,22,주인공,(調べなきゃいけないこと……<6E5C>なんだろ?),,
dom2Mary_M01.mes,Script/dom2Mary_M01.mes,14,22,주인공,あの……とっても、似合ってますよ<6E5C>、その服,,
dom2Mary_M01.mes,Script/dom2Mary_M01.mes,15,28,Mary,久しぶりにそんなことを言われた<6E5C>気がするわ.ありがとう,,
dom2Mary_M01.mes,Script/dom2Mary_M01.mes,16,20,주인공,(喜んでくれたみたいだな.<6E5C>よかった),,
dom2Mary_M02.mes,Script/dom2Mary_M02.mes,0,7,[효과음/내레이션],ガヤガヤ……,,
dom2Mary_M02.mes,Script/dom2Mary_M02.mes,1,32,주인공,(なんかにぎやかだな.<6E5C>そりゃそうか、<6E5C>明日は夏祭りだもんな),,
dom2Mary_M02.mes,Script/dom2Mary_M02.mes,2,30,주인공,(もう浴衣を着てる人もいる…….<6E5C>前夜祭でもやるのかな?),,
dom2Mary_M02.mes,Script/dom2Mary_M02.mes,3,5,UNKNOWN_1e,ワンワン,,
dom2Mary_M02.mes,Script/dom2Mary_M02.mes,4,30,주인공,アントン!マリーさんも.<6E5C>めずらしいですね、こんなところで,,
dom2Mary_M02.mes,Script/dom2Mary_M02.mes,5,19,Mary,楽しそうね、サマーフェスティバル<6E5C>?,,
dom2Mary_M02.mes,Script/dom2Mary_M02.mes,6,11,주인공,そうです、夏祭りです,,
dom2Mary_M02.mes,Script/dom2Mary_M02.mes,7,13,Mary,いいわね、にぎやかなのは,,
dom2Mary_M02.mes,Script/dom2Mary_M02.mes,8,24,주인공,(マリーさん、一緒に行く人<6E5C>いないのかな……),,
dom2Mary_M02.mes,Script/dom2Mary_M02.mes,9,10,[선택지],誘ってみるやめておく,,
dom2Mary_M02.mes,Script/dom2Mary_M02.mes,10,31,[선택지],k<0001><0000><0040><0032><0002>マリーさん、明日の夏祭り、<6E5C>一緒に行きませんか?,,
dom2Mary_M02.mes,Script/dom2Mary_M02.mes,11,5,Mary,え……?,,
dom2Mary_M02.mes,Script/dom2Mary_M02.mes,12,8,주인공,忙しいですか?,,
dom2Mary_M02.mes,Script/dom2Mary_M02.mes,13,11,Mary,そんなことはないけど,,
dom2Mary_M02.mes,Script/dom2Mary_M02.mes,14,20,주인공,じゃあ、行きましょう!<6E5C>楽しいですよ!,,
dom2Mary_M02.mes,Script/dom2Mary_M02.mes,15,4,[마리의 개],ワン!,,
dom2Mary_M02.mes,Script/dom2Mary_M02.mes,16,12,Mary,OK!楽しみにしとくわ,,
dom2Mary_M02.mes,Script/dom2Mary_M02.mes,17,22,주인공,(やった!<6E5C>マリーさんとお祭りデートだ!),,
dom2Mary_M02.mes,Script/dom2Mary_M02.mes,18,39,UNKNOWN_29,<0140><0000><0000><0000><0000><0000><0048><003C><0002>(きっと忙しいよな.誘われても<6E5C>困るだろうし、やめとこう),,
dom2Mary_M02.mes,Script/dom2Mary_M02.mes,19,24,Mary,なんだか動きにくそうな服を<6E5C>着てる人がいるわね,,
dom2Mary_M02.mes,Script/dom2Mary_M02.mes,20,28,주인공,あぁ、浴衣ですか.マリーさんは<6E5C>着たことないんですか?,,
dom2Mary_M02.mes,Script/dom2Mary_M02.mes,21,14,Mary,ええ.一度着てみたいものね,,
dom2Mary_M02.mes,Script/dom2Mary_M02.mes,22,21,주인공,(マリーさんの浴衣……<6E5C>似合うだろうな),,
dom2Mary_S01.mes,Script/dom2Mary_S01.mes,0,17,주인공,(あれ、あの人……マリーさん?),,
dom2Mary_S01.mes,Script/dom2Mary_S01.mes,1,11,Mary,Hi、<이름:3131>君じゃない,,
dom2Mary_S01.mes,Script/dom2Mary_S01.mes,2,27,주인공,どうも、マリーさん.<6E5C>今日はお仕事じゃないんですか?,,
dom2Mary_S01.mes,Script/dom2Mary_S01.mes,3,11,Mary,いいえ、今も仕事中よ,,
dom2Mary_S01.mes,Script/dom2Mary_S01.mes,4,32,주인공,え……お仕事中ですか?<6E5C>なにやってるんです、<6E5C>こんなところで?,,
dom2Mary_S01.mes,Script/dom2Mary_S01.mes,5,25,Mary,悪いけど、余計な詮索をされるのは<6E5C>好きじゃないの,,
dom2Mary_S01.mes,Script/dom2Mary_S01.mes,6,13,주인공,す、すみません、つい……,,
dom2Mary_S01.mes,Script/dom2Mary_S01.mes,7,10,Mary,じゃあ、私は行くわ,,
dom2Mary_S01.mes,Script/dom2Mary_S01.mes,8,5,주인공,は、はい,,
dom2Mary_S01.mes,Script/dom2Mary_S01.mes,9,55,주인공,(……OLってわけじゃ<6E5C>なさそうだな)<485C>(なにやってる人なんだろ……<6E5C>って、詮索しちゃいけないん<6E5C>だったな),,
dom2Mary_S01.mes,Script/dom2Mary_S01.mes,10,75,UNKNOWN_29,m<0000><0000><0000><0000><0003><004B><0003><0001>A<0001><0002><0008><0003><0003><0030><0001><0011><0003><0000><0000><0000><0000><0006><000A><0004><0000><0000><0001><0029><0024><0000><0000><0000><0000><0011><000A><0000><0000><0000><0000><0006><000A><0006><0000><0000><0001><0018><000D><0000><0001><0000><0000><002A><0000><0000><0000><0000><0000><000E><000B><FFFF><0000><0000><0000><0000><0018><000C><0002>マリーさん,,
dom2Mary_S01.mes,Script/dom2Mary_S01.mes,11,14,Mary,Hi、<이름:3131>君.どうしたの?,,
dom2Mary_S01.mes,Script/dom2Mary_S01.mes,12,11,주인공,今日もお仕事ですか?,,
dom2Mary_S01.mes,Script/dom2Mary_S01.mes,13,24,Mary,ええ、そうよ.私の仕事には<6E5C>休日なんてないから,,
dom2Mary_S01.mes,Script/dom2Mary_S01.mes,14,15,주인공,す、すごいなぁ……大変そうだ,,
dom2Mary_S01.mes,Script/dom2Mary_S01.mes,15,7,Mary,そうかしら?,,
dom2Mary_S01.mes,Script/dom2Mary_S01.mes,16,46,Mary,みんな、なにかしら大変なものを<6E5C>抱えて生きていると思うから、<6E5C>そんなに特別なことではないわ,,
dom2Mary_S01.mes,Script/dom2Mary_S01.mes,17,10,주인공,そんなもんですか?,,
dom2Mary_S01.mes,Script/dom2Mary_S01.mes,18,25,Mary,あなたにはまだ、わからないかも<6E5C>しれないわね……,,
dom2Mary_S01.mes,Script/dom2Mary_S01.mes,19,31,주인공,僕にとって大変なものといったら、<6E5C>今はゼミの課題ですかね……,,
dom2Mary_S01.mes,Script/dom2Mary_S01.mes,20,5,Mary,……そう,,
dom2Mary_S01.mes,Script/dom2Mary_S01.mes,21,13,주인공,(あ、あれ、怒ってる?),,
dom2Mary_S01.mes,Script/dom2Mary_S01.mes,22,22,주인공,(え~っと、他に大変なものと<6E5C>いえば……),,
dom2Mary_S01.mes,Script/dom2Mary_S01.mes,23,13,Mary,悪いけど、そろそろ行くわ,,
dom2Mary_S01.mes,Script/dom2Mary_S01.mes,24,9,주인공,行っちゃった……,,
dom2Mary_S01.mes,Script/dom2Mary_S01.mes,25,5,[마리의 개],ワンワン,,
dom2Mary_S01.mes,Script/dom2Mary_S01.mes,26,7,Mary,あら、<이름:3131>君,,
dom2Mary_S01.mes,Script/dom2Mary_S01.mes,27,10,주인공,どうも、マリーさん,,
dom2Mary_S01.mes,Script/dom2Mary_S01.mes,28,3,Mary,……,,
dom2Mary_S01.mes,Script/dom2Mary_S01.mes,29,3,주인공,……,,
dom2Mary_S01.mes,Script/dom2Mary_S01.mes,30,14,Mary,……仕事のこと閉かないのね,,
dom2Mary_S01.mes,Script/dom2Mary_S01.mes,31,29,주인공,お仕事のことを閉くと、<6E5C>マリーさんを怒らせちゃうんで……,,
dom2Mary_S01.mes,Script/dom2Mary_S01.mes,32,9,Mary,そうだったかしら,,
dom2Mary_S01.mes,Script/dom2Mary_S01.mes,33,43,Mary,でも、首を突っ込むと危険な<6E5C>ことはたしかだから、あまり私に<6E5C>関わらないほうがいいわね,,
dom2Mary_S01.mes,Script/dom2Mary_S01.mes,34,24,주인공,そ、そんな危険な仕事なんですか…<6E5C>…大変ですね,,
dom2Mary_S01.mes,Script/dom2Mary_S01.mes,35,14,Mary,ハンパな同情ならいらないわ,,
dom2Mary_S01.mes,Script/dom2Mary_S01.mes,36,8,주인공,す、すみません,,
dom2Mary_S01.mes,Script/dom2Mary_S01.mes,37,20,Mary,じゃあね、<이름:3131>君.アントン、<6E5C>行くわよ,,
dom2Mary_S01.mes,Script/dom2Mary_S01.mes,38,3,[마리의 개],ワン,,
dom2Mary_S01.mes,Script/dom2Mary_S01.mes,39,20,주인공,(ハァ……<6E5C>また怒らせちゃったよ……),,
dom2Mary_S02.mes,Script/dom2Mary_S02.mes,0,16,주인공,(さて、と……どうしようかな),,
dom2Mary_S02.mes,Script/dom2Mary_S02.mes,1,5,UNKNOWN_1e,バウッ!,,
dom2Mary_S02.mes,Script/dom2Mary_S02.mes,2,31,주인공,うお、っと.<6E5C>あれ、アントンじゃないか.<6E5C>ひとりで散歩かい?,,
dom2Mary_S02.mes,Script/dom2Mary_S02.mes,3,5,[마리의 개],ワンワン,,
dom2Mary_S02.mes,Script/dom2Mary_S02.mes,4,10,주인공,あ……行っちゃった,,
dom2Mary_S02.mes,Script/dom2Mary_S02.mes,5,19,주인공,(ちょっと付いて行ってみようかな<6E5C>),,
dom2Mary_S02.mes,Script/dom2Mary_S02.mes,6,10,[효과음/내레이션],タッタッタッタ……,,
dom2Mary_S02.mes,Script/dom2Mary_S02.mes,7,8,주인공,あ、マリーさん,,
dom2Mary_S02.mes,Script/dom2Mary_S02.mes,8,16,Mary,どうしたの、なにか急ぎの用事?,,
dom2Mary_S02.mes,Script/dom2Mary_S02.mes,9,16,주인공,い、いえ、そういうわけじゃ……,,
dom2Mary_S02.mes,Script/dom2Mary_S02.mes,10,21,Mary,そう、それじゃあね.<6E5C>行くわよ、アントン,,
dom2Mary_S02.mes,Script/dom2Mary_S02.mes,11,37,주인공,(アントンのいるところ、<6E5C>マリーさんあり、か.<6E5C>ほんとに仲良しだな……),,
dom2Mary_S02.mes,Script/dom2Mary_S02.mes,12,58,UNKNOWN_29,E<0000><0000><0000><0000><0003><004C><0003><0001><02B8><0001><0011><0003><0000><0000><0000><0000><0006><000A><0004><0000><0000><0001><0018><000D><0000><0001><0000><0000><002A><0000><0000><0000><0000><0000><000E><000B><FFFF><0000><0000><0000><0000><0028><001A><003C>あ、<이름:3131>君、いいところに,,
dom2Mary_S02.mes,Script/dom2Mary_S02.mes,13,20,주인공,あれ、マリーさん.<6E5C>どうしたんですか?,,
dom2Mary_S02.mes,Script/dom2Mary_S02.mes,14,46,Mary,ちょっと買い物したいんだけど、<6E5C>初めての街だから、どこになにが<6E5C>あるのかよくわからなくてね,,
dom2Mary_S02.mes,Script/dom2Mary_S02.mes,15,23,Mary,よかったら、街を案内してもらえ<6E5C>ないかしら?,,
dom2Mary_S02.mes,Script/dom2Mary_S02.mes,16,17,주인공,いいですよ.なにを買うんですか?,,
dom2Mary_S02.mes,Script/dom2Mary_S02.mes,17,11,Mary,ビーフカップの材料よ,,
dom2Mary_S02.mes,Script/dom2Mary_S02.mes,18,8,주인공,ビーフカップ?,,
dom2Mary_S02.mes,Script/dom2Mary_S02.mes,19,10,Mary,ああ、牛丼のことよ,,
dom2Mary_S02.mes,Script/dom2Mary_S02.mes,20,10,주인공,そ、そうですか……,,
dom2Mary_S02.mes,Script/dom2Mary_S02.mes,21,29,Mary,さ、案内してちょうだい.<6E5C>とびっきりの牛肉が買えるお店へ,,
dom2Mary_S02.mes,Script/dom2Mary_S02.mes,22,5,주인공,は、はい,,
dom2Mary_S02.mes,Script/dom2Mary_S02.mes,23,24,주인공,(牛肉のことはビーフとは<6E5C>言わないんだな……),,
dom2Mary_S03.mes,Script/dom2Mary_S03.mes,0,43,[선택지],K<0001><0011><0003><0000><0000><0000><0000><0006><000A><0004><0000><0000><0001><0018><000D><0002><0002><0000><0000><002A><0000><0000><0000><0000><0000><000E><000B><FFFF><0000><0000><0000><0000><001C><000E><0002>(……ん?),,
dom2Mary_S03.mes,Script/dom2Mary_S03.mes,1,26,주인공,(マリーさんだ……<6E5C>険しい顔でなにやってんだろ?),,
dom2Mary_S03.mes,Script/dom2Mary_S03.mes,2,20,주인공,(誰かの後を<6E5C>つけてるようだけど……),,
dom2Mary_S03.mes,Script/dom2Mary_S03.mes,3,4,[마리의 개],バウ!,,
dom2Mary_S03.mes,Script/dom2Mary_S03.mes,4,2,Mary,!,,
dom2Mary_S03.mes,Script/dom2Mary_S03.mes,5,15,Mary,<이름:3131>君……なにをやってるの?,,
dom2Mary_S03.mes,Script/dom2Mary_S03.mes,6,35,주인공,え、いや、べつに……<6E5C>マリーさんこそ、<6E5C>怖い顔してどうしたんですか?,,
dom2Mary_S03.mes,Script/dom2Mary_S03.mes,7,32,Mary,新しい仕事よ.<6E5C>悪いけど、今はあなたの相手を<6E5C>してる暇はないわ,,
dom2Mary_S03.mes,Script/dom2Mary_S03.mes,8,5,Mary,じゃあね,,
dom2Mary_S03.mes,Script/dom2Mary_S03.mes,9,12,주인공,え、あ……行っちゃった,,
dom2Mary_S03.mes,Script/dom2Mary_S03.mes,10,47,주인공,(マリーさん、怒ってるっていう<6E5C>より、緊張してるように見えたな.<6E5C>……だいじょうぶなのかな),,
dom2Mary_S03.mes,Script/dom2Mary_S03.mes,11,7,주인공,(……あ!),,
dom2Mary_S03.mes,Script/dom2Mary_S03.mes,12,16,주인공,(マリーさん……また尾行かな),,
dom2Mary_S03.mes,Script/dom2Mary_S03.mes,13,20,주인공,(今日はアントン、<6E5C>いないみたいだな),,
dom2Mary_S03.mes,Script/dom2Mary_S03.mes,14,19,주인공,(よし、ちょっと後をつけてみるか<6E5C>),,
dom2Mary_S03.mes,Script/dom2Mary_S03.mes,15,33,주인공,(どこまで行くんだろ.こっちって<6E5C>清泉大学のあるほうだよな……),,
dom2Mary_S03.mes,Script/dom2Mary_S03.mes,16,5,[효과음/내레이션],ガブッ!,,
dom2Mary_S03.mes,Script/dom2Mary_S03.mes,17,3,주인공,!!,,
dom2Mary_S03.mes,Script/dom2Mary_S03.mes,18,17,주인공,(ア、アントン!い、いつの間に),,
dom2Mary_S03.mes,Script/dom2Mary_S03.mes,19,6,[마리의 개],グルル……,,
dom2Mary_S03.mes,Script/dom2Mary_S03.mes,20,39,주인공,わ、わかった、おとなしく帰るから<6E5C>!……マリーさんには内緒に<6E5C>しといてくれよ,,
dom2Mary_S03.mes,Script/dom2Mary_S03.mes,21,3,[마리의 개],ワン,,
dom2Mary_S03.mes,Script/dom2Mary_S03.mes,22,7,[효과음/내레이션],タタタタタッ,,
dom2Mary_S03.mes,Script/dom2Mary_S03.mes,23,9,주인공,(行っちゃった),,
dom2Mary_S03.mes,Script/dom2Mary_S03.mes,24,32,주인공,(マリーさんも見失っちゃったし、<6E5C>今日はおとなしく帰るか……),,
dom2Mary_S04.mes,Script/dom2Mary_S04.mes,0,48,[선택지],U<0001><0011><0006><0000><0000><0000><0000><0006><000A><0003><0000><0000><0001><000F><0000><0000><0000><0000><0000><002A><0000><0000><0000><0000><0000><0010><0009><0000><0000><0000><0000><0000><0024><0018><FFFF>♪カランコロンカラ~ン,,
dom2Mary_S04.mes,Script/dom2Mary_S04.mes,1,15,주인공,あ……こんにちは、マリーさん,,
dom2Mary_S04.mes,Script/dom2Mary_S04.mes,2,7,Mary,Hi、<이름:3131>君,,
dom2Mary_S04.mes,Script/dom2Mary_S04.mes,3,8,UNKNOWN_1e,あ、<이름:3232>クン!,,
dom2Mary_S04.mes,Script/dom2Mary_S04.mes,4,9,주인공,キサラじゃないか,,
dom2Mary_S04.mes,Script/dom2Mary_S04.mes,5,6,Mary,お友だち?,,
dom2Mary_S04.mes,Script/dom2Mary_S04.mes,6,16,주인공,あ、はい.友だちっていうか……,,
dom2Mary_S04.mes,Script/dom2Mary_S04.mes,7,11,Kisarah,<이름:3232>クン、その人は?,,
dom2Mary_S04.mes,Script/dom2Mary_S04.mes,8,10,주인공,こちらはマリーさん,,
dom2Mary_S04.mes,Script/dom2Mary_S04.mes,9,20,Mary,<이름:3131>君にはいろいろ<6E5C>お世話になってるわ,,
dom2Mary_S04.mes,Script/dom2Mary_S04.mes,10,12,Kisarah,いろいろ、お世話……?,,
dom2Mary_S04.mes,Script/dom2Mary_S04.mes,11,8,Mary,そう、いろいろ,,
dom2Mary_S04.mes,Script/dom2Mary_S04.mes,12,16,주인공,(な、なんだ、この緊迫感は?),,
dom2Mary_S04.mes,Script/dom2Mary_S04.mes,13,24,Mary,……フフ、かわいいお友だちで<6E5C>うらやましいわね,,
dom2Mary_S04.mes,Script/dom2Mary_S04.mes,14,16,Mary,それじゃ、私はこれで失礼するわ,,
dom2Mary_S04.mes,Script/dom2Mary_S04.mes,15,8,Kisarah,あ、ちょっと!,,
dom2Mary_S04.mes,Script/dom2Mary_S04.mes,16,18,Kisarah,もう、<이름:3232>クン!<6E5C>なんなのあの人!,,
dom2Mary_S04.mes,Script/dom2Mary_S04.mes,17,17,주인공,いや、なにって言われてもなぁ……,,
dom2Mary_S04.mes,Script/dom2Mary_S04.mes,18,26,주인공,(僕にもよくわからないんだよな、<6E5C>マリーさんって),,
dom2Mary_S04.mes,Script/dom2Mary_S04.mes,19,12,[효과음/내레이션],♪カランコロンカラ~ン,,
dom2Mary_S04.mes,Script/dom2Mary_S04.mes,20,11,주인공,(マリーさんだ……),,
dom2Mary_S04.mes,Script/dom2Mary_S04.mes,21,14,주인공,あの、となり、いいですか?,,
dom2Mary_S04.mes,Script/dom2Mary_S04.mes,22,12,Mary,……Hi、空いてるわよ,,
dom2Mary_S04.mes,Script/dom2Mary_S04.mes,23,12,주인공,なんだか元気ないですね,,
dom2Mary_S04.mes,Script/dom2Mary_S04.mes,24,19,Mary,そう?<6E5C>ちょっと考え事をしてただけよ,,
dom2Mary_S04.mes,Script/dom2Mary_S04.mes,25,28,주인공,(……じっとカクテルを見つめて、<6E5C>なに考えてたんだろ),,
dom2Mary_S04.mes,Script/dom2Mary_S04.mes,26,32,주인공,そ、そういえば、マリーさんって<6E5C>いつも同じカクテル飲んでますね,,
dom2Mary_S04.mes,Script/dom2Mary_S04.mes,27,8,Mary,よく見てるわね,,
dom2Mary_S04.mes,Script/dom2Mary_S04.mes,28,27,주인공,あ、いや、きれいなブルーの<6E5C>カクテルだから、印象的で,,
dom2Mary_S04.mes,Script/dom2Mary_S04.mes,29,7,Mary,きれい……か,,
dom2Mary_S04.mes,Script/dom2Mary_S04.mes,30,24,Mary,そうね、思い出なら、<6E5C>きれいに笑えるでしょうね,,
dom2Mary_S04.mes,Script/dom2Mary_S04.mes,31,3,주인공,え?,,
dom2Mary_S04.mes,Script/dom2Mary_S04.mes,32,10,Mary,……なんでもないわ,,
dom2Mary_S04.mes,Script/dom2Mary_S04.mes,33,23,주인공,(なんかまずいこと<6E5C>閉いちゃったのかな……),,
dom2Mary_S05.mes,Script/dom2Mary_S05.mes,0,16,주인공,(さて、と.なにして遊ぶかな),,
dom2Mary_S05.mes,Script/dom2Mary_S05.mes,1,23,주인공,あれ、マリーさんじゃないですか.<6E5C>アントンも,,
dom2Mary_S05.mes,Script/dom2Mary_S05.mes,2,4,[마리의 개],ワン!,,
dom2Mary_S05.mes,Script/dom2Mary_S05.mes,3,9,Mary,あなたも息抜き?,,
dom2Mary_S05.mes,Script/dom2Mary_S05.mes,4,17,주인공,そんなところです.マリーさんも?,,
dom2Mary_S05.mes,Script/dom2Mary_S05.mes,5,9,Mary,ええ.たまにはね,,
dom2Mary_S05.mes,Script/dom2Mary_S05.mes,6,21,Mary,どう、私と野球ゲームで<6E5C>勝負してみない?,,
dom2Mary_S05.mes,Script/dom2Mary_S05.mes,7,21,주인공,いいですけど……僕、<6E5C>けっこう強いですよ,,
dom2Mary_S05.mes,Script/dom2Mary_S05.mes,8,14,Mary,私も、負けるつもりはないわ,,
dom2Mary_S05.mes,Script/dom2Mary_S05.mes,9,13,주인공,わかりました!勝負です!,,
dom2Mary_S05.mes,Script/dom2Mary_S05.mes,10,6,[마리의 개],ワンワン!,,
dom2Mary_S05.mes,Script/dom2Mary_S05.mes,11,24,주인공,(それからしばらく、<6E5C>僕らはゲームを楽しんだ),,
dom2Mary_S05.mes,Script/dom2Mary_S05.mes,12,18,주인공,3対3の引き分けか…….やりますね,,
dom2Mary_S05.mes,Script/dom2Mary_S05.mes,13,15,Mary,あなたこそ、なかなかのものよ,,
dom2Mary_S05.mes,Script/dom2Mary_S05.mes,14,14,주인공,この決着は、またいつか必ず,,
dom2Mary_S05.mes,Script/dom2Mary_S05.mes,15,34,Mary,私のライバルになるつもりね.<6E5C>いいわ、いつでも挑戦を<6E5C>受けてあげる,,
dom2Mary_S05.mes,Script/dom2Mary_S05.mes,16,4,[마리의 개],ワン!,,
dom2Mary_S06.mes,Script/dom2Mary_S06.mes,0,12,[효과음/내레이션],♪カランコロンカラ~ン,,
dom2Mary_S06.mes,Script/dom2Mary_S06.mes,1,14,Shizuku,いらっしゃいませ、<이름:3131>くん,,
dom2Mary_S06.mes,Script/dom2Mary_S06.mes,2,15,주인공,巳沢さん、いつものやつ頼むよ,,
dom2Mary_S06.mes,Script/dom2Mary_S06.mes,3,8,Shizuku,うん、わかった,,
dom2Mary_S06.mes,Script/dom2Mary_S06.mes,4,3,UNKNOWN_1e,Hi,,
dom2Mary_S06.mes,Script/dom2Mary_S06.mes,5,4,주인공,あ……,,
dom2Mary_S06.mes,Script/dom2Mary_S06.mes,6,15,주인공,マリーさん.おひとりですか?,,
dom2Mary_S06.mes,Script/dom2Mary_S06.mes,7,25,Mary,見ての通りよ.<6E5C>誰も誘ってくれない、寂しい女なの,,
dom2Mary_S06.mes,Script/dom2Mary_S06.mes,8,16,주인공,マリーさん、モテそうなのになぁ,,
dom2Mary_S06.mes,Script/dom2Mary_S06.mes,9,23,Mary,あら、ありがとう.<6E5C>でも、現実はこんなものよ,,
dom2Mary_S06.mes,Script/dom2Mary_S06.mes,10,20,주인공,すごく理想が高いんじゃ<6E5C>ないんですか?,,
dom2Mary_S06.mes,Script/dom2Mary_S06.mes,11,16,Mary,……弱い男は嫌いね.優柔不断も,,
dom2Mary_S06.mes,Script/dom2Mary_S06.mes,12,25,주인공,強くて決断力がある人が好き……<6E5C>ってことですか?,,
dom2Mary_S06.mes,Script/dom2Mary_S06.mes,13,14,Mary,そうね、少なくとも私よりは,,
dom2Mary_S06.mes,Script/dom2Mary_S06.mes,14,28,주인공,(それって、けっこうムチャな<6E5C>注文じゃないのかな……),,
dom2Mary_S06.mes,Script/dom2Mary_S06.mes,15,12,[효과음/내레이션],♪カランコロンカラ~ン,,
dom2Mary_S06.mes,Script/dom2Mary_S06.mes,16,7,King,いらっしゃい,,
dom2Mary_S06.mes,Script/dom2Mary_S06.mes,17,9,주인공,ども、キングさん,,
dom2Mary_S06.mes,Script/dom2Mary_S06.mes,18,18,Mary,……あら、<6E5C><이름:3131>君も飲みに来たの?,,
dom2Mary_S06.mes,Script/dom2Mary_S06.mes,19,3,주인공,はい,,
dom2Mary_S06.mes,Script/dom2Mary_S06.mes,20,12,King,ゆっくりしていってくれ,,
dom2Mary_S06.mes,Script/dom2Mary_S06.mes,21,17,King,それで、マリー.今度の仕事は……,,
dom2Mary_S06.mes,Script/dom2Mary_S06.mes,22,17,Mary,ええ、少しやっかいなものになるわ,,
dom2Mary_S06.mes,Script/dom2Mary_S06.mes,23,6,King,そうか……,,
dom2Mary_S06.mes,Script/dom2Mary_S06.mes,24,51,주인공,(なんだろ、短い会話なのに、すご<6E5C>く深いところまで理解し合ってるよ<6E5C>うな……特別な絆を感じる……?),,
dom2Mary_S06.mes,Script/dom2Mary_S06.mes,25,27,주인공,あ、あの、おふたりって、<6E5C>どういった関係なんですか?,,
dom2Mary_S06.mes,Script/dom2Mary_S06.mes,26,13,Mary,……戦友、ってとこかしら,,
dom2Mary_S06.mes,Script/dom2Mary_S06.mes,27,22,King,そうだな.<6E5C>腐れ縁とも言うかもしれないけど,,
dom2Mary_S06.mes,Script/dom2Mary_S06.mes,28,6,Mary,たしかにね,,
dom2Mary_S06.mes,Script/dom2Mary_S06.mes,29,35,주인공,(やっぱり、<6E5C>ふたりだけにしかわからない、<6E5C>特別な関係なんだろうな),,
dom2Mary_S07.mes,Script/dom2Mary_S07.mes,0,4,Mary,<이름:3131>君,,
dom2Mary_S07.mes,Script/dom2Mary_S07.mes,1,11,주인공,え……あ、マリーさん,,
dom2Mary_S07.mes,Script/dom2Mary_S07.mes,2,9,Mary,探したわ、<이름:3131>君,,
dom2Mary_S07.mes,Script/dom2Mary_S07.mes,3,9,주인공,僕を……ですか?,,
dom2Mary_S07.mes,Script/dom2Mary_S07.mes,4,19,Mary,ええ.<6E5C>あなたに閉きたいことがあるの,,
dom2Mary_S07.mes,Script/dom2Mary_S07.mes,5,7,주인공,なんですか?,,
dom2Mary_S07.mes,Script/dom2Mary_S07.mes,6,24,Mary,……最近、あなたの周りで<6E5C>おかしなことはない?,,
dom2Mary_S07.mes,Script/dom2Mary_S07.mes,7,8,주인공,おかしなこと?,,
dom2Mary_S07.mes,Script/dom2Mary_S07.mes,8,15,Mary,そう……例えば、大学内でとか,,
dom2Mary_S07.mes,Script/dom2Mary_S07.mes,9,36,주인공,大学……は、<6E5C>今夏休みで全然行ってないから、<6E5C>ちょっとわからないですね,,
dom2Mary_S07.mes,Script/dom2Mary_S07.mes,10,31,Mary,そう.それならいいの.<6E5C>ごめんなさい、<6E5C>おかしなことを閉いて,,
dom2Mary_S07.mes,Script/dom2Mary_S07.mes,11,12,주인공,なにかあったんですか?,,
dom2Mary_S07.mes,Script/dom2Mary_S07.mes,12,33,주인공,お仕事に関係することで、<6E5C>また危険なことに<6E5C>巻き込まれてたり……,,
dom2Mary_S07.mes,Script/dom2Mary_S07.mes,13,35,Mary,問題ないわ.<6E5C>ありがとう、心配してくれて.<6E5C>それじゃ、私は失礼するわ,,
dom2Mary_S07.mes,Script/dom2Mary_S07.mes,14,20,주인공,(なんだったんだろう……<6E5C>気になるな),,
dom2Mary_S07.mes,Script/dom2Mary_S07.mes,15,47,UNKNOWN_01,I<0001><0011><0003><0000><0000><0000><0000><0006><000A><0004><0000><0000><0001><0018><000D><0000><0001><0000><0000><002A><0000><0000><0000><0000><0000><000E><000B><FFFF><0000><0000><0000><0010><000C><0000><0000><0000><0000><0000><0018><000A><0044>ワンワン,,
dom2Mary_S07.mes,Script/dom2Mary_S07.mes,16,8,주인공,やあ、アントン,,
dom2Mary_S07.mes,Script/dom2Mary_S07.mes,17,7,Mary,Hi、<이름:3131>君,,
dom2Mary_S07.mes,Script/dom2Mary_S07.mes,18,12,주인공,こんにちは、マリーさん,,
dom2Mary_S07.mes,Script/dom2Mary_S07.mes,19,16,주인공,あの、こないだの話ですけど……,,
dom2Mary_S07.mes,Script/dom2Mary_S07.mes,20,9,Mary,?<020A>なんのこと?,,
dom2Mary_S07.mes,Script/dom2Mary_S07.mes,21,22,주인공,僕の周りでなにかおかしなことが<6E5C>ないかって,,
dom2Mary_S07.mes,Script/dom2Mary_S07.mes,22,11,Mary,!<020A>なにかあったの?,,
dom2Mary_S07.mes,Script/dom2Mary_S07.mes,23,33,주인공,い、いえ、そういうわけじゃない<6E5C>ですけど、ずっと気になってて……,,
dom2Mary_S07.mes,Script/dom2Mary_S07.mes,24,30,Mary,……OK、少しだけ、<6E5C>今言える範囲のことを<6E5C>教えてあげるわ,,
dom2Mary_S07.mes,Script/dom2Mary_S07.mes,25,17,Mary,私が今調べているのは、清泉大学よ,,
dom2Mary_S07.mes,Script/dom2Mary_S07.mes,26,8,주인공,うちの学校!?,,
dom2Mary_S07.mes,Script/dom2Mary_S07.mes,27,37,Mary,ええ.学校を揺るがす事態に<6E5C>発展しかねないことが、<6E5C>行われようとしてるわ,,
dom2Mary_S07.mes,Script/dom2Mary_S07.mes,28,13,주인공,な、なんですか、それって,,
dom2Mary_S07.mes,Script/dom2Mary_S07.mes,29,37,Mary,それは言えない.<6E5C>まだ確証はないし、あなたが首を<6E5C>突っ込むことじゃないわ,,
dom2Mary_S07.mes,Script/dom2Mary_S07.mes,30,3,주인공,……,,
dom2Mary_S07.mes,Script/dom2Mary_S07.mes,31,38,Mary,あなたは、<6E5C>今までどおり生活していればいい.<6E5C>なにも閉かず、言わず、考えず,,
dom2Mary_S07.mes,Script/dom2Mary_S07.mes,32,15,Mary,そうすれば、平和に生きられる,,
dom2Mary_S07.mes,Script/dom2Mary_S07.mes,33,7,주인공,で、でも……,,
dom2Mary_S07.mes,Script/dom2Mary_S07.mes,34,32,주인공,(そんなこと閉いて、<6E5C>今さら知らんふりなんて<6E5C>できないよ……),,
dom2Mary_S07.mes,Script/dom2Mary_S07.mes,35,28,Mary,いいわね、口外しないで.<6E5C>それから、首も突っ込まないで,,
dom2Mary_S07.mes,Script/dom2Mary_S07.mes,36,10,Mary,行くわよ、アントン,,
dom2Mary_S07.mes,Script/dom2Mary_S07.mes,37,4,[마리의 개],ワン!,,
dom2Mary_S07.mes,Script/dom2Mary_S07.mes,38,3,주인공,……,,
dom2Mary_X01.mes,Script/dom2Mary_X01.mes,0,19,Hotaru,ふたりでお散歩なんて、<6E5C>久しぶりだね,,
dom2Mary_X01.mes,Script/dom2Mary_X01.mes,1,17,주인공,そうだな.いつ以来になるのかなぁ,,
dom2Mary_X01.mes,Script/dom2Mary_X01.mes,2,20,Hotaru,もう思い出せないくらい、<6E5C>ずっと前だよ,,
dom2Mary_X01.mes,Script/dom2Mary_X01.mes,3,39,주인공,もうほたるも高校生だもんな.<6E5C>そうそういっしょに散歩って<6E5C>わけにもいかないか,,
dom2Mary_X01.mes,Script/dom2Mary_X01.mes,4,31,Hotaru,そんなことない.<6E5C>私も、お兄ちゃんといっぱい<6E5C>お散歩したいよ,,
dom2Mary_X01.mes,Script/dom2Mary_X01.mes,5,15,주인공,そっか、それじゃまた行こうな,,
dom2Mary_X01.mes,Script/dom2Mary_X01.mes,6,4,Hotaru,うん!,,
dom2Mary_X01.mes,Script/dom2Mary_X01.mes,7,3,[효과음/내레이션],サッ,,
dom2Mary_X01.mes,Script/dom2Mary_X01.mes,8,3,주인공,ん?,,
dom2Mary_X01.mes,Script/dom2Mary_X01.mes,9,4,[효과음/내레이션],ササッ,,
dom2Mary_X01.mes,Script/dom2Mary_X01.mes,10,20,주인공,(な、なんだ?<6E5C>背後に人の気配が……),,
dom2Mary_X01.mes,Script/dom2Mary_X01.mes,11,5,[효과음/내레이션],ドンッ!,,
dom2Mary_X01.mes,Script/dom2Mary_X01.mes,12,5,주인공,いてっ!,,
dom2Mary_X01.mes,Script/dom2Mary_X01.mes,13,10,[효과음/내레이션],タッタッタッタ……,,
dom2Mary_X01.mes,Script/dom2Mary_X01.mes,14,14,Hotaru,お兄ちゃん!だいじょうぶ?,,
dom2Mary_X01.mes,Script/dom2Mary_X01.mes,15,39,주인공,な、なんだよ.ぶつかっといて<6E5C>ひと言もないなんて、<6E5C>まったく……ん?うわ!!,,
dom2Mary_X01.mes,Script/dom2Mary_X01.mes,16,20,Hotaru,お、お兄ちゃん!<6E5C>背中、血が出てるよ!,,
dom2Mary_X01.mes,Script/dom2Mary_X01.mes,17,11,주인공,い、いや、これは……,,
dom2Mary_X01.mes,Script/dom2Mary_X01.mes,18,21,주인공,(血……じゃない.<6E5C>ペンキかなにかか?),,
dom2Mary_X01.mes,Script/dom2Mary_X01.mes,19,14,Hotaru,痛くない?ひとりで立てる?,,
dom2Mary_X01.mes,Script/dom2Mary_X01.mes,20,35,주인공,うん、だいじょうぶ.<6E5C>ぶつかった拍子にペンキを<6E5C>つけられただけだから,,
dom2Mary_X01.mes,Script/dom2Mary_X01.mes,21,14,Hotaru,もう!ひどいイタズラだね!,,
dom2Mary_X01.mes,Script/dom2Mary_X01.mes,22,15,주인공,いたずら……か.どうだろうな,,
dom2Mary_X01.mes,Script/dom2Mary_X01.mes,23,7,Hotaru,お兄ちゃん?,,
dom2Mary_X01.mes,Script/dom2Mary_X01.mes,24,32,주인공,ん?ああ、なんでもない.<6E5C>帰ろうか.<6E5C>このままじゃ気持ち悪いし,,
dom2Mary_X01.mes,Script/dom2Mary_X01.mes,25,7,[효과음/내레이션],♪ピンポーン,,
dom2Mary_X01.mes,Script/dom2Mary_X01.mes,26,4,[효과음/내레이션],ガチャ,,
dom2Mary_X01.mes,Script/dom2Mary_X01.mes,27,6,Shizuku,こんにちは,,
dom2Mary_X01.mes,Script/dom2Mary_X01.mes,28,28,주인공,巳沢さん.どうしたの、<6E5C>今日ってなにか約束してたっけ?,,
dom2Mary_X01.mes,Script/dom2Mary_X01.mes,29,10,Shizuku,ううん、してないよ,,
dom2Mary_X01.mes,Script/dom2Mary_X01.mes,30,52,Shizuku,学校の図書館でレポートを<6E5C>やろうと思うんだけど、<485C><이름:3131>くんもいっしょに<6E5C>どうかなと思って、誘いにきたの,,
dom2Mary_X01.mes,Script/dom2Mary_X01.mes,31,27,주인공,あ、そうだ……レポート<6E5C>しなくちゃいけないんだったね,,
dom2Mary_X01.mes,Script/dom2Mary_X01.mes,32,11,주인공,わかった、僕も行くよ,,
dom2Mary_X01.mes,Script/dom2Mary_X01.mes,33,13,Shizuku,よかった!じゃあ行こうか,,
dom2Mary_X01.mes,Script/dom2Mary_X01.mes,34,3,주인공,うん,,
dom2Mary_X01.mes,Script/dom2Mary_X01.mes,35,23,Shizuku,<이름:3131>くんのほうは、<6E5C>レポートの進み具合どう?,,
dom2Mary_X01.mes,Script/dom2Mary_X01.mes,36,6,주인공,うーん……,,
dom2Mary_X01.mes,Script/dom2Mary_X01.mes,37,33,Shizuku,そっかそっか.<6E5C>なんだか<이름:3131>くんの顔を見てると、<6E5C>安心しちゃうね,,
dom2Mary_X01.mes,Script/dom2Mary_X01.mes,38,19,주인공,どういう意味だよ.<6E5C>ひどいな巳沢さん,,
dom2Mary_X01.mes,Script/dom2Mary_X01.mes,39,36,Shizuku,フフ、私もあんまり進んでないから<6E5C>、ちょっとうれしかったの……あれ<6E5C>?,,
dom2Mary_X01.mes,Script/dom2Mary_X01.mes,40,13,주인공,どうしたの?あ……あれは,,
dom2Mary_X01.mes,Script/dom2Mary_X01.mes,41,7,주인공,マリーさんだ,,
dom2Mary_X01.mes,Script/dom2Mary_X01.mes,42,12,Shizuku,なにやってるのかしら?,,
dom2Mary_X01.mes,Script/dom2Mary_X01.mes,43,25,주인공,(マリーさん……また危ない<6E5C>仕事をしてるのかな),,
dom2Mary_X01.mes,Script/dom2Mary_X01.mes,44,9,Shizuku,あ、行っちゃった,,
dom2Mary_X01.mes,Script/dom2Mary_X01.mes,45,8,주인공,マリーさん……,,
dom2Mary_X01.mes,Script/dom2Mary_X01.mes,46,31,주인공,(気になる……追いかけたいけど、<6E5C>巳沢さんに何て言おう……),,
dom2Mary_X01.mes,Script/dom2Mary_X01.mes,47,14,[선택지],急用ができたお腹が痛くなった,,
dom2Mary_X01.mes,Script/dom2Mary_X01.mes,48,33,주인공,ごめん、巳沢さん!<6E5C>僕、ちょっと急用を思い出したから<6E5C>、行くね!,,
dom2Mary_X01.mes,Script/dom2Mary_X01.mes,49,15,Shizuku,え?<이름:3131>くん、レポートは!?,,
dom2Mary_X01.mes,Script/dom2Mary_X01.mes,50,14,주인공,なんとかするよ!それじゃ!,,
dom2Mary_X01.mes,Script/dom2Mary_X01.mes,51,8,[효과음/내레이션],タッタッタ……,,
dom2Mary_X01.mes,Script/dom2Mary_X01.mes,52,16,주인공,ハァ、ハァ……やっと追いついた,,
dom2Mary_X01.mes,Script/dom2Mary_X01.mes,53,16,Mary,<이름:3131>君、なにをしてるのかしら?,,
dom2Mary_X01.mes,Script/dom2Mary_X01.mes,54,11,주인공,あ、見つかった……!,,
dom2Mary_X01.mes,Script/dom2Mary_X01.mes,55,40,Mary,気配も消さないで、ドタドタ追い<6E5C>かけてきたら、アントンじゃ<6E5C>なくても気づくわよ,,
dom2Mary_X01.mes,Script/dom2Mary_X01.mes,56,25,주인공,ハ、ハハ……僕、あんまり尾行は<6E5C>得意じゃないんで,,
dom2Mary_X01.mes,Script/dom2Mary_X01.mes,57,13,Mary,フゥ、それで、なんの用?,,
dom2Mary_X01.mes,Script/dom2Mary_X01.mes,58,44,주인공,いや、その、またマリーさんが<6E5C>危ないことに巻き込まれてるんじゃ<6E5C>ないかなって心配で……,,
dom2Mary_X01.mes,Script/dom2Mary_X01.mes,59,24,Mary,首を突っ込まないでと、<6E5C>何度言ったらわかるの?,,
dom2Mary_X01.mes,Script/dom2Mary_X01.mes,60,6,주인공,……だって,,
dom2Mary_X01.mes,Script/dom2Mary_X01.mes,61,23,Mary,なに?言いたいことがあるなら<6E5C>ハッキリ言って,,
dom2Mary_X01.mes,Script/dom2Mary_X01.mes,62,29,주인공,僕は……僕はマリーさんが<6E5C>心配なんです!気になるんです!,,
dom2Mary_X01.mes,Script/dom2Mary_X01.mes,63,49,주인공,ひとりでこの街に来て、<6E5C>危ない仕事をして、<6E5C>弱みを見せてくれなくて、<485C>なんでも全部抱え込んで……,,
dom2Mary_X01.mes,Script/dom2Mary_X01.mes,64,21,주인공,そんなの、<6E5C>ほっとけないじゃないですか!,,
dom2Mary_X01.mes,Script/dom2Mary_X01.mes,65,10,Mary,あ、ありがとう……,,
dom2Mary_X01.mes,Script/dom2Mary_X01.mes,66,4,[마리의 개],ワン!,,
dom2Mary_X01.mes,Script/dom2Mary_X01.mes,67,10,Mary,!<020A>動き始めた……,,
dom2Mary_X01.mes,Script/dom2Mary_X01.mes,68,8,주인공,え、なんです?,,
dom2Mary_X01.mes,Script/dom2Mary_X01.mes,69,33,Mary,<이름:3131>君.悪いけど、<6E5C>やっぱりあなたを巻き込むわけには<6E5C>いかないわ,,
dom2Mary_X01.mes,Script/dom2Mary_X01.mes,70,10,Mary,早く家に帰りなさい,,
dom2Mary_X01.mes,Script/dom2Mary_X01.mes,71,8,[효과음/내레이션],タッタッタ……,,
dom2Mary_X01.mes,Script/dom2Mary_X01.mes,72,26,주인공,あ、ちょっとマリーさん!<6E5C>アントン!待って……!!,,
dom2Mary_X01.mes,Script/dom2Mary_X01.mes,73,12,주인공,(追いかけなくちゃ!),,
dom2Mary_X01.mes,Script/dom2Mary_X01.mes,74,14,주인공,あいてて!急にお腹が……!,,
dom2Mary_X01.mes,Script/dom2Mary_X01.mes,75,16,Shizuku,だ、だいじょうぶ、<이름:3131>くん!?,,
dom2Mary_X01.mes,Script/dom2Mary_X01.mes,76,30,주인공,だいじょうぶ、ちょっと休んだら<6E5C>追いつくから、先に行ってて,,
dom2Mary_X01.mes,Script/dom2Mary_X01.mes,77,31,Shizuku,そんなこと、<6E5C>できるわけないじゃない!<6E5C>いま救急車呼ぶから!,,
dom2Mary_X01.mes,Script/dom2Mary_X01.mes,78,12,주인공,わあっ!待って待って!,,
dom2Mary_X01.mes,Script/dom2Mary_X01.mes,79,5,Shizuku,なに!?,,
dom2Mary_X01.mes,Script/dom2Mary_X01.mes,80,12,주인공,やっぱり……治りました,,
dom2Mary_X01.mes,Script/dom2Mary_X01.mes,81,3,Shizuku,……,,
dom2Mary_X01.mes,Script/dom2Mary_X01.mes,82,3,주인공,……,,
dom2Mary_X01.mes,Script/dom2Mary_X01.mes,83,3,Shizuku,……,,
dom2Mary_X01.mes,Script/dom2Mary_X01.mes,84,11,주인공,あの……ごめんなさい,,
dom2Mary_X01.mes,Script/dom2Mary_X01.mes,85,12,Shizuku,さっきの人のことでしょ,,
dom2Mary_X01.mes,Script/dom2Mary_X01.mes,86,7,주인공,あ、その……,,
dom2Mary_X01.mes,Script/dom2Mary_X01.mes,87,26,Shizuku,気になるんだったら、どうして<6E5C>追いかけなかったの?,,
dom2Mary_X01.mes,Script/dom2Mary_X01.mes,88,15,주인공,巳沢さんに悪いなと思って……,,
dom2Mary_X01.mes,Script/dom2Mary_X01.mes,89,10,Shizuku,人のせいにしない!,,
dom2Mary_X01.mes,Script/dom2Mary_X01.mes,90,6,주인공,は、はい!,,
dom2Mary_X01.mes,Script/dom2Mary_X01.mes,91,25,Shizuku,ほら、早く行って!<6E5C>ちゃんとぶつかってきなさい!,,
dom2Mary_X01.mes,Script/dom2Mary_X01.mes,92,24,주인공,み、巳沢さん?<6E5C>なんでそんなに必死に怒るんだよ,,
dom2Mary_X01.mes,Script/dom2Mary_X01.mes,93,42,Shizuku,……わからない.<6E5C>でも、<이름:3131>くんはあの人を追いかけ<6E5C>ないといけないと思ったから……,,
dom2Mary_X01.mes,Script/dom2Mary_X01.mes,94,10,주인공,そっか……そうだね,,
dom2Mary_X01.mes,Script/dom2Mary_X01.mes,95,28,주인공,逃げてちゃいけないよね.<6E5C>僕がマリーさんを守らなきゃ!,,
dom2Mary_X01.mes,Script/dom2Mary_X01.mes,96,22,주인공,ありがとう、巳沢さん!<6E5C>僕、行ってくるよ!,,
dom2Mary_X01.mes,Script/dom2Mary_X01.mes,97,8,[효과음/내레이션],タッタッタ……,,
dom2Mary_X01.mes,Script/dom2Mary_X01.mes,98,5,Shizuku,バカ……,,
dom2Mary_X01.mes,Script/dom2Mary_X01.mes,99,15,주인공,ハァ、ハァ……見つからないな,,
dom2Mary_X01.mes,Script/dom2Mary_X01.mes,100,6,UNKNOWN_1e,<이름:3232>クン?,,
dom2Mary_X01.mes,Script/dom2Mary_X01.mes,101,11,주인공,なんだ、キサラか……,,
dom2Mary_X01.mes,Script/dom2Mary_X01.mes,102,38,Kisarah,ちょっと!こんなにカワイイ子を<6E5C>目の前にして、ナンダって<6E5C>どういうことよ!,,
dom2Mary_X01.mes,Script/dom2Mary_X01.mes,103,34,주인공,わ、悪かったよ.<6E5C>ちょっと人を探してたから、<6E5C>その人かなと思ってさ,,
dom2Mary_X01.mes,Script/dom2Mary_X01.mes,104,10,Kisarah,人探し?どんな人?,,
dom2Mary_X01.mes,Script/dom2Mary_X01.mes,105,43,주인공,金髪のショートヘアで、少し<6E5C>きつい目をした女の人.たぶん、<6E5C>犬もいっしょにいたと思う,,
dom2Mary_X01.mes,Script/dom2Mary_X01.mes,106,20,Kisarah,うーん……見たような、<6E5C>見てないような,,
dom2Mary_X01.mes,Script/dom2Mary_X01.mes,107,6,주인공,どっちだよ,,
dom2Mary_X01.mes,Script/dom2Mary_X01.mes,108,37,Kisarah,あ、でも、犬なら見たよ.<6E5C>NESTSの前で、<6E5C>じっと座ってる犬がいたんだ,,
dom2Mary_X01.mes,Script/dom2Mary_X01.mes,109,31,Kisarah,ホントに、全然動かないの.<6E5C>あれって、すごい訓練されてるよね,,
dom2Mary_X01.mes,Script/dom2Mary_X01.mes,110,15,주인공,それだ!ありがとう、キサラ!,,
dom2Mary_X01.mes,Script/dom2Mary_X01.mes,111,8,[효과음/내레이션],タッタッタ……,,
dom2Mary_X01.mes,Script/dom2Mary_X01.mes,112,23,Kisarah,ちょっと<이름:3232>クン!<6E5C>ボクを置いてくつもり!?,,
dom2Mary_X01.mes,Script/dom2Mary_X01.mes,113,8,[효과음/내레이션],タッタッタ……,,
dom2Mary_X01.mes,Script/dom2Mary_X01.mes,114,17,주인공,(あれは……やっぱりアントン!),,
dom2Mary_X01.mes,Script/dom2Mary_X01.mes,115,3,[마리의 개],……,,
dom2Mary_X01.mes,Script/dom2Mary_X01.mes,116,26,주인공,(あ、あれ、吠えない.<6E5C>そうか、仕事中だからだな),,
dom2Mary_X01.mes,Script/dom2Mary_X01.mes,117,26,주인공,(と、いうことは、<6E5C>近くにマリーさんもいるはずだ),,
dom2Mary_X01.mes,Script/dom2Mary_X01.mes,118,17,주인공,(いた!まだ僕に気づいてないな),,
dom2Mary_X01.mes,Script/dom2Mary_X01.mes,119,43,주인공,(誰を追いかけてるんだろう?<6E5C>気になるな.よし、このまま気配を<6E5C>消して近づいて……),,
dom2Mary_X01.mes,Script/dom2Mary_X01.mes,120,5,[효과음/내레이션],ガブッ!,,
dom2Mary_X01.mes,Script/dom2Mary_X01.mes,121,3,주인공,!!,,
dom2Mary_X01.mes,Script/dom2Mary_X01.mes,122,36,주인공,(ア、アントン!僕がぎりぎり<6E5C>声を出さない強さで噛むとは……<6E5C>やるね),,
dom2Mary_X01.mes,Script/dom2Mary_X01.mes,123,28,주인공,(でも、今はどんなに強く<6E5C>噛まれても、僕はやめないよ),,
dom2Mary_X01.mes,Script/dom2Mary_X01.mes,124,21,주인공,(まずい、見失う前に<6E5C>追いかけなきゃ!),,
dom2Mary_X01.mes,Script/dom2Mary_X01.mes,125,8,[효과음/내레이션],タッタッタ……,,
dom2Mary_X01.mes,Script/dom2Mary_X01.mes,126,12,[효과음/내레이션],♪カランコロンカラ~ン,,
dom2Mary_X01.mes,Script/dom2Mary_X01.mes,127,39,주인공,(……なんとか、見つからずに<6E5C>ついてこれたぞ.今日はもう尾行は<6E5C>終わりかな),,
dom2Mary_X01.mes,Script/dom2Mary_X01.mes,128,14,Shizuku,いらっしゃいませ、<이름:3131>くん,,
dom2Mary_X01.mes,Script/dom2Mary_X01.mes,129,16,주인공,あ、巳沢さん……今日はごめんね,,
dom2Mary_X01.mes,Script/dom2Mary_X01.mes,130,11,Shizuku,いいの、気にしないで,,
dom2Mary_X01.mes,Script/dom2Mary_X01.mes,131,28,Shizuku,すごく気になって、キングさんに<6E5C>あの人のこと閉いたんだ,,
dom2Mary_X01.mes,Script/dom2Mary_X01.mes,132,11,주인공,……なにを閉いたの?,,
dom2Mary_X01.mes,Script/dom2Mary_X01.mes,133,60,Shizuku,マリーさんの本当の名前が、<6E5C>マリー。ライアンだっていうことと<485C>……今マリーさんが飲んでる<6E5C>カクテル、ブルーマリーのこと,,
dom2Mary_X01.mes,Script/dom2Mary_X01.mes,134,10,주인공,カクテルのこと……,,
dom2Mary_X01.mes,Script/dom2Mary_X01.mes,135,28,Shizuku,昔の恋人が、マリーさんのために<6E5C>作ったカクテルなんだね,,
dom2Mary_X01.mes,Script/dom2Mary_X01.mes,136,45,Shizuku,その恋人は事件に巻き込まれて<6E5C>亡くなってるって……お父さんも、<6E5C>その事件でいっしょに……,,
dom2Mary_X01.mes,Script/dom2Mary_X01.mes,137,28,주인공,そっか…….キングさん、<6E5C>よくそんなこと話してくれたね,,
dom2Mary_X01.mes,Script/dom2Mary_X01.mes,138,16,Shizuku,ごめん、私が無理やり頼んだから,,
dom2Mary_X01.mes,Script/dom2Mary_X01.mes,139,15,주인공,巳沢さんが謝ることじゃないさ,,
dom2Mary_X01.mes,Script/dom2Mary_X01.mes,140,5,Shizuku,うん……,,
dom2Mary_X01.mes,Script/dom2Mary_X01.mes,141,21,Shizuku,<이름:3131>くんは、マリーさんのこと<6E5C>好きなの?,,
dom2Mary_X01.mes,Script/dom2Mary_X01.mes,142,29,주인공,う~ん……僕にできることは、<6E5C>全部やりたいとは思ってるよ,,
dom2Mary_X01.mes,Script/dom2Mary_X01.mes,143,21,Shizuku,そっか……それじゃ、私、<6E5C>仕事に戻るから,,
dom2Mary_X01.mes,Script/dom2Mary_X01.mes,144,3,주인공,うん,,
dom2Mary_X01.mes,Script/dom2Mary_X01.mes,145,11,King,いらっしゃい、<이름:3131>君,,
dom2Mary_X01.mes,Script/dom2Mary_X01.mes,146,12,주인공,こんばんは、キングさん,,
dom2Mary_X01.mes,Script/dom2Mary_X01.mes,147,13,King,こっちに来て飲まないか?,,
dom2Mary_X01.mes,Script/dom2Mary_X01.mes,148,21,주인공,え……っと、マリーさんは<6E5C>いいんですか?,,
dom2Mary_X01.mes,Script/dom2Mary_X01.mes,149,28,Mary,かまわないわよ.一日中尾行を<6E5C>続けて、疲れたでしょう?,,
dom2Mary_X01.mes,Script/dom2Mary_X01.mes,150,12,주인공,し、知ってたんですか!,,
dom2Mary_X01.mes,Script/dom2Mary_X01.mes,151,41,King,ハハハ、マリーはプロだぞ.<6E5C>素人の<이름:3131>君が、バレずに<6E5C>ついて行けるわけないだろう,,
dom2Mary_X01.mes,Script/dom2Mary_X01.mes,152,13,주인공,そ、それじゃどうして……,,
dom2Mary_X01.mes,Script/dom2Mary_X01.mes,153,10,Mary,覚悟を、試すためよ,,
dom2Mary_X01.mes,Script/dom2Mary_X01.mes,154,8,주인공,覚悟、ですか?,,
dom2Mary_X01.mes,Script/dom2Mary_X01.mes,155,33,Mary,そう.中途半端な好奇心じゃなく、<6E5C>確固たる決意で立ち向かう覚悟よ,,
dom2Mary_X01.mes,Script/dom2Mary_X01.mes,156,13,Mary,あなたに、それがあるの?,,
dom2Mary_X01.mes,Script/dom2Mary_X01.mes,157,13,[선택지],あります!あると思います!,,
dom2Mary_X01.mes,Script/dom2Mary_X01.mes,158,12,[선택지],<0134><0001><0000><0018><000C><0002>あります!,,
dom2Mary_X01.mes,Script/dom2Mary_X01.mes,159,19,Mary,ケガじゃすまないかもしれないのよ<6E5C>?,,
dom2Mary_X01.mes,Script/dom2Mary_X01.mes,160,8,주인공,う……は、はい,,
dom2Mary_X01.mes,Script/dom2Mary_X01.mes,161,22,Mary,最悪、命を落とすことだって<6E5C>ありえるのよ?,,
dom2Mary_X01.mes,Script/dom2Mary_X01.mes,162,14,주인공,お、脅かさないでくださいよ,,
dom2Mary_X01.mes,Script/dom2Mary_X01.mes,163,12,Mary,脅しじゃないわ.真実よ,,
dom2Mary_X01.mes,Script/dom2Mary_X01.mes,164,11,주인공,そ、それでも僕は……,,
dom2Mary_X01.mes,Script/dom2Mary_X01.mes,165,9,주인공,あると思います!,,
dom2Mary_X01.mes,Script/dom2Mary_X01.mes,166,19,Mary,中途半端な返事ね.あるの?<6E5C>ないの?,,
dom2Mary_X01.mes,Script/dom2Mary_X01.mes,167,42,주인공,えーと……で、でも、マリーさんの<6E5C>ことが心配だっていう<6E5C>自分の気持ちはわかります!,,
dom2Mary_X01.mes,Script/dom2Mary_X01.mes,168,19,Mary,それについては、<6E5C>お礼を言っておくわ,,
dom2Mary_X01.mes,Script/dom2Mary_X01.mes,169,31,Mary,でも、そんな気持ちではとても<6E5C>あなたに頼ることはできないわね,,
dom2Mary_X01.mes,Script/dom2Mary_X01.mes,170,3,주인공,……,,
dom2Mary_X01.mes,Script/dom2Mary_X01.mes,171,28,King,ハハハ、マリー、いじめるのは<6E5C>それくらいにしておきなよ,,
dom2Mary_X01.mes,Script/dom2Mary_X01.mes,172,3,주인공,え?,,
dom2Mary_X01.mes,Script/dom2Mary_X01.mes,173,7,Mary,フフ、そうね,,
dom2Mary_X01.mes,Script/dom2Mary_X01.mes,174,5,주인공,え?え?,,
dom2Mary_X01.mes,Script/dom2Mary_X01.mes,175,36,King,<이름:3131>君、マリーはね、<6E5C>本当は君に仕事の手伝いを<6E5C>頼もうと思っていたんだ,,
dom2Mary_X01.mes,Script/dom2Mary_X01.mes,176,11,주인공,そ、そうなんですか?,,
dom2Mary_X01.mes,Script/dom2Mary_X01.mes,177,40,Mary,ごめんなさい.どうしても私<6E5C>ひとりじゃ限界があって、<6E5C>パートナーを探していたの,,
dom2Mary_X01.mes,Script/dom2Mary_X01.mes,178,32,Mary,でも、こんなことに一般の人間を<6E5C>巻き込むわけにもいかないし……,,
dom2Mary_X01.mes,Script/dom2Mary_X01.mes,179,3,주인공,……,,
dom2Mary_X01.mes,Script/dom2Mary_X01.mes,180,28,King,<이름:3131>君、今朝、君は路上で<6E5C>何者かに警告を受けただろう?,,
dom2Mary_X01.mes,Script/dom2Mary_X01.mes,181,21,주인공,警告?あ、あの赤いペンキのこと<6E5C>ですか?,,
dom2Mary_X01.mes,Script/dom2Mary_X01.mes,182,28,Mary,あれは、これ以上この件に<6E5C>深入りするなという警告だった,,
dom2Mary_X01.mes,Script/dom2Mary_X01.mes,183,22,주인공,え、でもどうしてマリーさんが<6E5C>そのことを?,,
dom2Mary_X01.mes,Script/dom2Mary_X01.mes,184,29,Mary,ごめんなさい.今朝<이름:3131>君に<6E5C>ぶつかった男を、尾行してたの,,
dom2Mary_X01.mes,Script/dom2Mary_X01.mes,185,21,주인공,え!あのときマリーさん<6E5C>いたんですか!?,,
dom2Mary_X01.mes,Script/dom2Mary_X01.mes,186,55,Mary,もしあなたがあの警告を受け入れて<6E5C>、この件から手を引くのであれば、<485C>ひとりでこの件を片付ける<6E5C>つもりだったわ,,
dom2Mary_X01.mes,Script/dom2Mary_X01.mes,187,14,주인공,そ、そうだったんですか……,,
dom2Mary_X01.mes,Script/dom2Mary_X01.mes,188,54,King,覚悟は、できるかい?<6E5C>これはスクリーンの向こうの<6E5C>出来事じゃない<485C>最悪の場合、<6E5C>本当に命を落とすこともある,,
dom2Mary_X01.mes,Script/dom2Mary_X01.mes,189,6,주인공,ゴクッ……,,
dom2Mary_X01.mes,Script/dom2Mary_X01.mes,190,32,Mary,いいのよ、断って.<6E5C>元々、あなたには関係の<6E5C>ないことなんだから,,
dom2Mary_X01.mes,Script/dom2Mary_X01.mes,191,21,주인공,い、いえ、やります!<6E5C>やらせてください!,,
dom2Mary_X01.mes,Script/dom2Mary_X01.mes,192,25,Mary,本当にいいのね?<6E5C>もう二度と同じ質問はしないわよ,,
dom2Mary_X01.mes,Script/dom2Mary_X01.mes,193,6,주인공,……はい!,,
dom2Mary_X01.mes,Script/dom2Mary_X01.mes,194,6,Mary,ありがとう,,
dom2Mary_X01.mes,Script/dom2Mary_X01.mes,195,28,주인공,いえ、そんな.僕にできることなら<6E5C>、なんだってやります,,
dom2Mary_X01.mes,Script/dom2Mary_X01.mes,196,14,King,ちょっと頼りないナイトだな,,
dom2Mary_X01.mes,Script/dom2Mary_X01.mes,197,7,Mary,フフ、そうね,,
dom2Mary_X01.mes,Script/dom2Mary_X01.mes,198,10,주인공,ひ、ひどいなぁ……,,
dom2Mary_X01.mes,Script/dom2Mary_X01.mes,199,15,Mary,冗談よ.明日から、よろしくね,,
dom2Mary_X01.mes,Script/dom2Mary_X01.mes,200,6,주인공,は、はい!,,
dom2Mary_X02.mes,Script/dom2Mary_X02.mes,0,4,[효과음/내레이션],ガブッ,,
dom2Mary_X02.mes,Script/dom2Mary_X02.mes,1,7,주인공,いってーっ!,,
dom2Mary_X02.mes,Script/dom2Mary_X02.mes,2,5,UNKNOWN_3e,キュゥ!,,
dom2Mary_X02.mes,Script/dom2Mary_X02.mes,3,11,Hotaru,おはよう、お兄ちゃん,,
dom2Mary_X02.mes,Script/dom2Mary_X02.mes,4,28,주인공,いてて……朝から噛み付かせるの<6E5C>やめろって言ってるだろ,,
dom2Mary_X02.mes,Script/dom2Mary_X02.mes,5,23,Hotaru,だって、お兄ちゃんなかなか<6E5C>起きないんだもん,,
dom2Mary_X02.mes,Script/dom2Mary_X02.mes,6,20,주인공,仕方ないだろ、<6E5C>昨日は遅かったんだから,,
dom2Mary_X02.mes,Script/dom2Mary_X02.mes,7,16,Hotaru,昨日、お兄ちゃんなにしてたの?,,
dom2Mary_X02.mes,Script/dom2Mary_X02.mes,8,12,주인공,え?なにって……べつに,,
dom2Mary_X02.mes,Script/dom2Mary_X02.mes,9,38,Hotaru,キサラちゃんが言ってたよ、<6E5C>お兄ちゃんが誰かを探して<6E5C>街中走り回ってたって,,
dom2Mary_X02.mes,Script/dom2Mary_X02.mes,10,12,주인공,あいつ……余計なことを,,
dom2Mary_X02.mes,Script/dom2Mary_X02.mes,11,21,Hotaru,まさか、なにか危ないこと<6E5C>してないよね?,,
dom2Mary_X02.mes,Script/dom2Mary_X02.mes,12,12,주인공,あ、当たり前じゃないか,,
dom2Mary_X02.mes,Script/dom2Mary_X02.mes,13,16,주인공,(たまに鋭いな、ほたるのやつ),,
dom2Mary_X02.mes,Script/dom2Mary_X02.mes,14,12,Hotaru,そう.それならいいけど,,
dom2Mary_X02.mes,Script/dom2Mary_X02.mes,15,42,주인공,あ、そうだ.僕、これから<6E5C>出かけないといけないから、<6E5C>朝ごはんはひとりで食べてくれ,,
dom2Mary_X02.mes,Script/dom2Mary_X02.mes,16,26,Hotaru,え~っ!今日はお兄ちゃんが<6E5C>朝ごはんを作る日だよ!,,
dom2Mary_X02.mes,Script/dom2Mary_X02.mes,17,25,주인공,ごめん!もう今から出かけなく<6E5C>ちゃならないんだ!,,
dom2Mary_X02.mes,Script/dom2Mary_X02.mes,18,26,Hotaru,こんな時間からどこに行くの?<6E5C>学校はお休みでしょ?,,
dom2Mary_X02.mes,Script/dom2Mary_X02.mes,19,11,주인공,う、うん、ちょっとね,,
dom2Mary_X02.mes,Script/dom2Mary_X02.mes,20,19,Hotaru,……ほたるには言って<6E5C>くれないんだね,,
dom2Mary_X02.mes,Script/dom2Mary_X02.mes,21,11,주인공,ごめん!行ってきます,,
dom2Mary_X02.mes,Script/dom2Mary_X02.mes,22,9,Hotaru,あ、お兄ちゃん!,,
dom2Mary_X02.mes,Script/dom2Mary_X02.mes,23,25,주인공,(やれやれ.ほたるに隠し<6E5C>通すのもひと苦労だな),,
dom2Mary_X02.mes,Script/dom2Mary_X02.mes,24,5,UNKNOWN_1e,ワンワン,,
dom2Mary_X02.mes,Script/dom2Mary_X02.mes,25,12,주인공,お、アントン.おはよう,,
dom2Mary_X02.mes,Script/dom2Mary_X02.mes,26,9,Mary,おはよう、<이름:3131>君,,
dom2Mary_X02.mes,Script/dom2Mary_X02.mes,27,10,주인공,おはようございます,,
dom2Mary_X02.mes,Script/dom2Mary_X02.mes,28,19,Mary,よく眠れた?<6E5C>緊張して眠れなかった?,,
dom2Mary_X02.mes,Script/dom2Mary_X02.mes,29,41,주인공,正直、よく眠れなかったです.<6E5C>興奮してるのか、緊張してるのか、<6E5C>よくわからなくて,,
dom2Mary_X02.mes,Script/dom2Mary_X02.mes,30,39,Mary,そう.まぁいいわ.とりあえず、<6E5C>歩きながら今回の件について簡単に<6E5C>説明するわ,,
dom2Mary_X02.mes,Script/dom2Mary_X02.mes,31,35,Mary,それから、昼には依頼主に会いに<6E5C>行くから、いっしょに来て<6E5C>ちょうだい,,
dom2Mary_X02.mes,Script/dom2Mary_X02.mes,32,7,주인공,わかりました,,
dom2Mary_X02.mes,Script/dom2Mary_X02.mes,33,28,Mary,まず、今回の依頼だけど、<6E5C>あなたの大学に関係することよ,,
dom2Mary_X02.mes,Script/dom2Mary_X02.mes,34,12,주인공,え!清泉大学ですか!?,,
dom2Mary_X02.mes,Script/dom2Mary_X02.mes,35,14,주인공,あんなに穏やかな学校が……,,
dom2Mary_X02.mes,Script/dom2Mary_X02.mes,36,21,Mary,平和そうな世界にも、<6E5C>影が必ずあるものよ,,
dom2Mary_X02.mes,Script/dom2Mary_X02.mes,37,19,주인공,そ、それで、<6E5C>どんな依頼なんですか?,,
dom2Mary_X02.mes,Script/dom2Mary_X02.mes,38,28,Mary,関係者の中に、学長を<6E5C>失脚させようと動いてる者がいるの,,
dom2Mary_X02.mes,Script/dom2Mary_X02.mes,39,24,Mary,今回の依頼は、その人物の特定と、<6E5C>陰謀の阻止よ,,
dom2Mary_X02.mes,Script/dom2Mary_X02.mes,40,14,주인공,ということは、依頼主は……,,
dom2Mary_X02.mes,Script/dom2Mary_X02.mes,41,7,Mary,学長その人よ,,
dom2Mary_X02.mes,Script/dom2Mary_X02.mes,42,14,주인공,(ほ、ほんとに学長だ……),,
dom2Mary_X02.mes,Script/dom2Mary_X02.mes,43,24,UNKNOWN_5b,ん?君はたしか、我が大学の<6E5C>生徒ではないのか?,,
dom2Mary_X02.mes,Script/dom2Mary_X02.mes,44,13,주인공,は、はい!<이름:3131><이름:3232>です!,,
dom2Mary_X02.mes,Script/dom2Mary_X02.mes,45,22,UNKNOWN_5b,<이름:3131>……マチュアがおもちゃに<6E5C>していた男か,,
dom2Mary_X02.mes,Script/dom2Mary_X02.mes,46,9,주인공,おもちゃって……,,
dom2Mary_X02.mes,Script/dom2Mary_X02.mes,47,14,Mary,そんなことはどうでもいいわ,,
dom2Mary_X02.mes,Script/dom2Mary_X02.mes,48,41,Mary,それより、そろそろ教えて<6E5C>くれてもいいんじゃない?<6E5C>今回の件の鍵を握る物について,,
dom2Mary_X02.mes,Script/dom2Mary_X02.mes,49,27,UNKNOWN_5b,フッフッフ、さすがだな.<6E5C>やはりそこにたどり着いたか,,
dom2Mary_X02.mes,Script/dom2Mary_X02.mes,50,10,UNKNOWN_5b,いいだろう、話そう,,
dom2Mary_X02.mes,Script/dom2Mary_X02.mes,51,66,UNKNOWN_5b,すでに知っての通り、私を<6E5C>失脚させて大学を乗っ取ろうと<6E5C>する不届きな輩がいるのだ<485C>そのあたりの調べは、<6E5C>すでについているのだろう?,,
dom2Mary_X02.mes,Script/dom2Mary_X02.mes,52,21,Mary,ええ.犯人のだいたいの<6E5C>見当はついてるわ,,
dom2Mary_X02.mes,Script/dom2Mary_X02.mes,53,37,UNKNOWN_5b,ならば話は早い.そやつに奪われた<6E5C>、我が大学の重大な秘密を<6E5C>取り戻すのだ,,
dom2Mary_X02.mes,Script/dom2Mary_X02.mes,54,46,Mary,だから、それがなんなのかを閉いて<6E5C>るんでしょ.あんな巨大な学校を<6E5C>揺るがす物ってなんなの?,,
dom2Mary_X02.mes,Script/dom2Mary_X02.mes,55,52,UNKNOWN_5b,具体的な中身に関しては言えん<485C>私が言えるのは、それが重要な<6E5C>データの入ったディスクだ<6E5C>ということだけだ,,
dom2Mary_X02.mes,Script/dom2Mary_X02.mes,56,19,Mary,中身には一切触れるな、<6E5C>ということね,,
dom2Mary_X02.mes,Script/dom2Mary_X02.mes,57,13,Mary,いいわ、それでかまわない,,
dom2Mary_X02.mes,Script/dom2Mary_X02.mes,58,10,주인공,え、いいんですか?,,
dom2Mary_X02.mes,Script/dom2Mary_X02.mes,59,25,Mary,べつに私はその中身に興味はない<6E5C>からかまわないわ,,
dom2Mary_X02.mes,Script/dom2Mary_X02.mes,60,60,주인공,あれ?でもそれってもうすでに<6E5C>奪われてしまってるんでしょ?<485C>それじゃもう中身は<6E5C>見られちゃってるんじゃ<6E5C>ないんですか?,,
dom2Mary_X02.mes,Script/dom2Mary_X02.mes,61,56,Mary,奪われたにも関わらずこうやって<6E5C>落ち着いていられるのは、<485C>そのデータに厳重なプロテクトが<6E5C>かけられているからよ,,
dom2Mary_X02.mes,Script/dom2Mary_X02.mes,62,40,Mary,もうしばらくは、そのプロテクトを<6E5C>破られることはないと<6E5C>踏んでいるんでしょうね,,
dom2Mary_X02.mes,Script/dom2Mary_X02.mes,63,5,주인공,なるほど,,
dom2Mary_X02.mes,Script/dom2Mary_X02.mes,64,52,UNKNOWN_5b,その通りだ.しかし、<6E5C>奴らの情報収集能力からして、<6E5C>それが破られるまでの時間は<485C>おそらく72時間足らず,,
dom2Mary_X02.mes,Script/dom2Mary_X02.mes,65,17,UNKNOWN_5b,それまでに、取り戻してもらいたい,,
dom2Mary_X02.mes,Script/dom2Mary_X02.mes,66,8,Mary,あと3日か……,,
dom2Mary_X02.mes,Script/dom2Mary_X02.mes,67,41,UNKNOWN_5b,では、頼んだぞ.<이름:3131>君、<6E5C>君も今の清泉大学を愛して<6E5C>いるなら、全力で協力するのだ,,
dom2Mary_X02.mes,Script/dom2Mary_X02.mes,68,6,주인공,は、はい!,,
dom2Mary_X02.mes,Script/dom2Mary_X02.mes,69,23,Mary,あまり時間は残されていない……<6E5C>行きましょう,,
dom2Mary_X02.mes,Script/dom2Mary_X02.mes,70,22,주인공,(なんだかえらいことになって<6E5C>きたな……),,
dom2Mary_X02.mes,Script/dom2Mary_X02.mes,71,48,Mary,今後は車道を歩くときは気をつけ<6E5C>てね.今は私が左側を歩くから、<6E5C>ふたりで歩くときは内側を歩いて,,
dom2Mary_X02.mes,Script/dom2Mary_X02.mes,72,40,주인공,はい.……マリーさん、犯人のだい<6E5C>たいの見当はついてるって<6E5C>言ってましたよね?,,
dom2Mary_X02.mes,Script/dom2Mary_X02.mes,73,3,Mary,ええ,,
dom2Mary_X02.mes,Script/dom2Mary_X02.mes,74,8,주인공,誰なんですか?,,
dom2Mary_X02.mes,Script/dom2Mary_X02.mes,75,6,Mary,それは……,,
dom2Mary_X02.mes,Script/dom2Mary_X02.mes,76,8,[효과음/내레이션],パパァーン!!,,
dom2Mary_X02.mes,Script/dom2Mary_X02.mes,77,9,[효과음/내레이션],ブォォォン!!!,,
dom2Mary_X02.mes,Script/dom2Mary_X02.mes,78,25,주인공,(バイクが車道を乗り越えて<6E5C>突っ込んでくる!!),,
dom2Mary_X02.mes,Script/dom2Mary_X02.mes,79,10,[선택지],右によける左によける,,
dom2Mary_X02.mes,Script/dom2Mary_X02.mes,80,6,주인공,うわーっ!,,
dom2Mary_X02.mes,Script/dom2Mary_X02.mes,81,4,[효과음/내레이션],バッ!,,
dom2Mary_X02.mes,Script/dom2Mary_X02.mes,82,6,[효과음/내레이션],ドサッ!!,,
dom2Mary_X02.mes,Script/dom2Mary_X02.mes,83,12,Mary,だいじょうぶ、<이름:3131>君?,,
dom2Mary_X02.mes,Script/dom2Mary_X02.mes,84,15,주인공,いてて……は、はい、なんとか,,
dom2Mary_X02.mes,Script/dom2Mary_X02.mes,85,22,Mary,そう.なら先に帰ってて.<6E5C>私はあれを追うわ,,
dom2Mary_X02.mes,Script/dom2Mary_X02.mes,86,8,주인공,え、追うって?,,
dom2Mary_X02.mes,Script/dom2Mary_X02.mes,87,24,Mary,すぐそこにバイクを止めてあるの.<6E5C>時間がないわ,,
dom2Mary_X02.mes,Script/dom2Mary_X02.mes,88,19,Mary,夜、あなたの家へ行くから、<6E5C>待ってて,,
dom2Mary_X02.mes,Script/dom2Mary_X02.mes,89,46,Mary,それから、もしお互いになにか<6E5C>あったときの合流場所は、神楽神社<6E5C>にしましょう!忘れないで!,,
dom2Mary_X02.mes,Script/dom2Mary_X02.mes,90,7,주인공,マリーさん!,,
dom2Mary_X02.mes,Script/dom2Mary_X02.mes,91,13,주인공,(あぁ……行っちゃった),,
dom2Mary_X02.mes,Script/dom2Mary_X02.mes,92,11,주인공,マリーさん、危ない!,,
dom2Mary_X02.mes,Script/dom2Mary_X02.mes,93,5,[효과음/내레이션],ガバッ!,,
dom2Mary_X02.mes,Script/dom2Mary_X02.mes,94,6,[효과음/내레이션],ドサッ!!,,
dom2Mary_X02.mes,Script/dom2Mary_X02.mes,95,14,주인공,いてて……なんとかかわせた,,
dom2Mary_X02.mes,Script/dom2Mary_X02.mes,96,12,주인공,なんだったんだ、今のは,,
dom2Mary_X02.mes,Script/dom2Mary_X02.mes,97,26,Mary,かばってくれてありがとう.<6E5C>だいじょうぶ、<이름:3131>君?,,
dom2Mary_X02.mes,Script/dom2Mary_X02.mes,98,10,주인공,あ、はい.なんとか,,
dom2Mary_X02.mes,Script/dom2Mary_X02.mes,99,22,Mary,そう.なら先に帰ってて.<6E5C>私はあれを追うわ,,
dom2Mary_X02.mes,Script/dom2Mary_X02.mes,100,8,주인공,え、追うって?,,
dom2Mary_X02.mes,Script/dom2Mary_X02.mes,101,24,Mary,すぐそこにバイクを止めてあるの.<6E5C>時間がないわ,,
dom2Mary_X02.mes,Script/dom2Mary_X02.mes,102,19,Mary,夜、あなたの家へ行くから、<6E5C>待ってて,,
dom2Mary_X02.mes,Script/dom2Mary_X02.mes,103,46,Mary,それから、もしお互いになにか<6E5C>あったときの合流場所は、神楽神社<6E5C>にしましょう!忘れないで!,,
dom2Mary_X02.mes,Script/dom2Mary_X02.mes,104,7,주인공,マリーさん!,,
dom2Mary_X02.mes,Script/dom2Mary_X02.mes,105,13,주인공,(あぁ……行っちゃった),,
dom2Mary_X02.mes,Script/dom2Mary_X02.mes,106,6,Hotaru,お兄ちゃん,,
dom2Mary_X02.mes,Script/dom2Mary_X02.mes,107,11,주인공,どうした、怖い顔して,,
dom2Mary_X02.mes,Script/dom2Mary_X02.mes,108,17,Hotaru,ほたるになにか隠してることない?,,
dom2Mary_X02.mes,Script/dom2Mary_X02.mes,109,16,주인공,なんだよいきなり.べつにないよ,,
dom2Mary_X02.mes,Script/dom2Mary_X02.mes,110,16,Hotaru,嘘!だってほたる閉いたんだよ!,,
dom2Mary_X02.mes,Script/dom2Mary_X02.mes,111,24,Hotaru,お兄ちゃんがバイクにひかれそうに<6E5C>なったって!,,
dom2Mary_X02.mes,Script/dom2Mary_X02.mes,112,12,주인공,えぇ!どうしてそれを!,,
dom2Mary_X02.mes,Script/dom2Mary_X02.mes,113,23,Hotaru,近所のおばさんが見てて、<6E5C>教えてくれたんだよ,,
dom2Mary_X02.mes,Script/dom2Mary_X02.mes,114,15,Hotaru,やっぱり、ほんとだったんだね,,
dom2Mary_X02.mes,Script/dom2Mary_X02.mes,115,32,주인공,いや、でもあれは偶然の事故で……<6E5C>それに僕はケガもしなかったし,,
dom2Mary_X02.mes,Script/dom2Mary_X02.mes,116,15,Hotaru,いっしょにいた女の人って誰?,,
dom2Mary_X02.mes,Script/dom2Mary_X02.mes,117,27,주인공,マリーさんのこと?あ、あの人は<6E5C>ただの知り合いで……,,
dom2Mary_X02.mes,Script/dom2Mary_X02.mes,118,22,Hotaru,お兄ちゃん……ほたるをひとりに<6E5C>しないでね,,
dom2Mary_X02.mes,Script/dom2Mary_X02.mes,119,30,주인공,あ、当たり前だろ!<6E5C>僕がそんなことをする人間に<6E5C>見えるか?,,
dom2Mary_X02.mes,Script/dom2Mary_X02.mes,120,12,Hotaru,ううん、そんなことない,,
dom2Mary_X02.mes,Script/dom2Mary_X02.mes,121,44,Hotaru,でも、お兄ちゃんやさしいから……<6E5C>誰かのために傷ついて、<6E5C>帰ってこなくなったら嫌だよ?,,
dom2Mary_X02.mes,Script/dom2Mary_X02.mes,122,36,주인공,バカ……だいじょうぶだよ.<6E5C>僕は、絶対にほたるをひとりに<6E5C>したりしない,,
dom2Mary_X02.mes,Script/dom2Mary_X02.mes,123,4,Hotaru,うん!,,
dom2Mary_X02.mes,Script/dom2Mary_X02.mes,124,11,주인공,わかったらもう寝ろよ,,
dom2Mary_X02.mes,Script/dom2Mary_X02.mes,125,19,Hotaru,うん.お兄ちゃん、いっしょに寝る<6E5C>?,,
dom2Mary_X02.mes,Script/dom2Mary_X02.mes,126,20,주인공,なに言ってんだよ.<6E5C>さっさと寝ろっての,,
dom2Mary_X02.mes,Script/dom2Mary_X02.mes,127,12,Hotaru,ちぇ.おいで、イトカツ,,
dom2Mary_X02.mes,Script/dom2Mary_X02.mes,128,5,UNKNOWN_3e,キュウ!,,
dom2Mary_X02.mes,Script/dom2Mary_X02.mes,129,23,주인공,(……マリーさん遅いな.<6E5C>だいじょうぶかな),,
dom2Mary_X02.mes,Script/dom2Mary_X02.mes,130,24,주인공,(その夜、結局マリーさんは姿を<6E5C>見せなかった),,
dom2Mary_X03.mes,Script/dom2Mary_X03.mes,0,5,[효과음/내레이션],…………,,
dom2Mary_X03.mes,Script/dom2Mary_X03.mes,1,10,[효과음/내레이션],…………えーーん、,,
dom2Mary_X03.mes,Script/dom2Mary_X03.mes,2,7,주인공,(……君か),,
dom2Mary_X03.mes,Script/dom2Mary_X03.mes,3,11,[효과음/내레이션],……えーん、えーん、,,
dom2Mary_X03.mes,Script/dom2Mary_X03.mes,4,23,주인공,(手を離してしまった僕を<6E5C>責めてるのかい?),,
dom2Mary_X03.mes,Script/dom2Mary_X03.mes,5,5,[효과음/내레이션],…………,,
dom2Mary_X03.mes,Script/dom2Mary_X03.mes,6,27,주인공,(ごめん.あのときの僕には、<6E5C>君を護る力がなかった),,
dom2Mary_X03.mes,Script/dom2Mary_X03.mes,7,41,주인공,(今度は.今度こそは、ぜったいに<6E5C>逃げたりしない.力がなくたって.<6E5C>だから……),,
dom2Mary_X03.mes,Script/dom2Mary_X03.mes,8,10,주인공,(もう泣かないで),,
dom2Mary_X03.mes,Script/dom2Mary_X03.mes,9,7,[효과음/내레이션],チュンチュン,,
dom2Mary_X03.mes,Script/dom2Mary_X03.mes,10,21,주인공,(朝か……久しぶりにあの<6E5C>夢だった……),,
dom2Mary_X03.mes,Script/dom2Mary_X03.mes,11,15,주인공,(マリーさん、来なかったな),,
dom2Mary_X03.mes,Script/dom2Mary_X03.mes,12,4,[효과음/내레이션],カチャ,,
dom2Mary_X03.mes,Script/dom2Mary_X03.mes,13,5,[효과음/내레이션],ガコン!,,
dom2Mary_X03.mes,Script/dom2Mary_X03.mes,14,27,주인공,(ん?新閉かな.いや、<6E5C>でもうちは新閉取ってないか),,
dom2Mary_X03.mes,Script/dom2Mary_X03.mes,15,5,[효과음/내레이션],カサカサ,,
dom2Mary_X03.mes,Script/dom2Mary_X03.mes,16,9,주인공,こ、これは……!,,
dom2Mary_X03.mes,Script/dom2Mary_X03.mes,17,11,Hotaru,おはよう、お兄ちゃん,,
dom2Mary_X03.mes,Script/dom2Mary_X03.mes,18,14,주인공,お、おぉ、おはよう、ほたる,,
dom2Mary_X03.mes,Script/dom2Mary_X03.mes,19,20,Hotaru,ん~どうしたの、お兄ちゃん.<6E5C>お手紙?,,
dom2Mary_X03.mes,Script/dom2Mary_X03.mes,20,11,주인공,いや、なんでもないよ,,
dom2Mary_X03.mes,Script/dom2Mary_X03.mes,21,25,Hotaru,あ、もしかしてラブレター?<6E5C>ほたるにも見せてよ!,,
dom2Mary_X03.mes,Script/dom2Mary_X03.mes,22,9,주인공,ダ、ダメだって!,,
dom2Mary_X03.mes,Script/dom2Mary_X03.mes,23,20,Hotaru,あやしいなぁ.<6E5C>イトカツ、取っちゃえ!,,
dom2Mary_X03.mes,Script/dom2Mary_X03.mes,24,5,UNKNOWN_3e,キュウ!,,
dom2Mary_X03.mes,Script/dom2Mary_X03.mes,25,5,[효과음/내레이션],ガブッ!,,
dom2Mary_X03.mes,Script/dom2Mary_X03.mes,26,15,주인공,いってぇ!手に噛み付くなよ!,,
dom2Mary_X03.mes,Script/dom2Mary_X03.mes,27,4,UNKNOWN_3e,キュウ,,
dom2Mary_X03.mes,Script/dom2Mary_X03.mes,28,24,Hotaru,えらいえらい.よく取ってきたね.<6E5C>どれどれ……,,
dom2Mary_X03.mes,Script/dom2Mary_X03.mes,29,17,주인공,あ、こら、見ちゃダメだって……!,,
dom2Mary_X03.mes,Script/dom2Mary_X03.mes,30,11,Hotaru,お兄ちゃん、これ……,,
dom2Mary_X03.mes,Script/dom2Mary_X03.mes,31,11,주인공,ほたるには関係ないよ,,
dom2Mary_X03.mes,Script/dom2Mary_X03.mes,32,8,Hotaru,関係なくない!,,
dom2Mary_X03.mes,Script/dom2Mary_X03.mes,33,25,Hotaru,『手を引かなかったら命の<6E5C>保証はない』って何!?,,
dom2Mary_X03.mes,Script/dom2Mary_X03.mes,34,7,주인공,いたずらだよ,,
dom2Mary_X03.mes,Script/dom2Mary_X03.mes,35,26,Hotaru,どうして嘘つくの?<6E5C>昨日の女の人が大切な人だから?,,
dom2Mary_X03.mes,Script/dom2Mary_X03.mes,36,13,주인공,昨日の女の人って……あ!,,
dom2Mary_X03.mes,Script/dom2Mary_X03.mes,37,14,주인공,(ま、まさかマリーさん!),,
dom2Mary_X03.mes,Script/dom2Mary_X03.mes,38,7,Hotaru,どうしたの?,,
dom2Mary_X03.mes,Script/dom2Mary_X03.mes,39,17,주인공,ごめん、ほたる!僕行かなくちゃ!,,
dom2Mary_X03.mes,Script/dom2Mary_X03.mes,40,19,Hotaru,待って!ほたるを置いて行かないで<6E5C>!,,
dom2Mary_X03.mes,Script/dom2Mary_X03.mes,41,13,[선택지],説得するそれどころじゃない,,
dom2Mary_X03.mes,Script/dom2Mary_X03.mes,42,15,주인공,ほたる!今は時間がないんだ!,,
dom2Mary_X03.mes,Script/dom2Mary_X03.mes,43,17,주인공,僕が行かなくちゃならないんだよ!,,
dom2Mary_X03.mes,Script/dom2Mary_X03.mes,44,35,Hotaru,どうして?どうしてお兄ちゃんが<6E5C>危ない目に遭わないといけないの!<6E5C>?,,
dom2Mary_X03.mes,Script/dom2Mary_X03.mes,45,40,주인공,大切な人を守るためなんだ.<6E5C>もう、悲しい人をこれ以上<6E5C>増やしちゃいけないんだ!,,
dom2Mary_X03.mes,Script/dom2Mary_X03.mes,46,8,Hotaru,お兄ちゃん……,,
dom2Mary_X03.mes,Script/dom2Mary_X03.mes,47,15,주인공,ごめん、ほたる.わかってくれ,,
dom2Mary_X03.mes,Script/dom2Mary_X03.mes,48,14,주인공,僕は絶対に帰ってくるから!,,
dom2Mary_X03.mes,Script/dom2Mary_X03.mes,49,10,Hotaru,……うん、わかった,,
dom2Mary_X03.mes,Script/dom2Mary_X03.mes,50,7,주인공,ありがとう!,,
dom2Mary_X03.mes,Script/dom2Mary_X03.mes,51,20,주인공,ごめん、ほたる!<6E5C>今は時間がないんだ!,,
dom2Mary_X03.mes,Script/dom2Mary_X03.mes,52,33,주인공,ハァ、ハァ、走ってきたのは<6E5C>いいけど……どこを探したら<6E5C>いいんだ,,
dom2Mary_X03.mes,Script/dom2Mary_X03.mes,53,5,UNKNOWN_1e,<이름:3131>君!,,
dom2Mary_X03.mes,Script/dom2Mary_X03.mes,54,7,주인공,キングさん!,,
dom2Mary_X03.mes,Script/dom2Mary_X03.mes,55,29,King,よかった.今から<이름:3131>君の家へ<6E5C>行こうとしてたところなんだ,,
dom2Mary_X03.mes,Script/dom2Mary_X03.mes,56,20,주인공,もしかして、マリーさんのこと<6E5C>ですか?,,
dom2Mary_X03.mes,Script/dom2Mary_X03.mes,57,60,King,ああ.昨日の夜中に<6E5C>マリーから電話があって、<485C>訳あってしばらく動けないから、<6E5C><이름:3131>君に伝えてくれと<6E5C>伝言を頼まれたんだ,,
dom2Mary_X03.mes,Script/dom2Mary_X03.mes,58,28,주인공,しばらく動けないって……<6E5C>まさかケガでもしたんじゃ!?,,
dom2Mary_X03.mes,Script/dom2Mary_X03.mes,59,9,King,落ち着け、<이름:3131>君,,
dom2Mary_X03.mes,Script/dom2Mary_X03.mes,60,39,King,電話をすることができたという<6E5C>ことは、誰かに捕まっているという<6E5C>わけじゃない,,
dom2Mary_X03.mes,Script/dom2Mary_X03.mes,61,42,King,しばらく動けないと言っていたから<6E5C>、おそらくひどいケガを負った<6E5C>わけでもないだろう,,
dom2Mary_X03.mes,Script/dom2Mary_X03.mes,62,22,주인공,で、でも、安全ってわけじゃない<6E5C>ですよね!,,
dom2Mary_X03.mes,Script/dom2Mary_X03.mes,63,24,King,私に怒鳴られても困る.<6E5C>冷静になるんだ、<이름:3131>君,,
dom2Mary_X03.mes,Script/dom2Mary_X03.mes,64,45,King,マリーは君に伝言を頼むと言った.<6E5C>なにか緊急のときのことをマリー<6E5C>から閉いていないのか?,,
dom2Mary_X03.mes,Script/dom2Mary_X03.mes,65,56,주인공,そういえば……なにかあったら、<6E5C>どこかで落ち合おうって<485C>どこだったかな……そうだ!<6E5C>あそこで合流するんだった!,,
dom2Mary_X03.mes,Script/dom2Mary_X03.mes,66,21,주인공,すみません、キングさん!<6E5C>僕、行きます!,,
dom2Mary_X03.mes,Script/dom2Mary_X03.mes,67,13,King,ああ、気をつけるんだぞ!,,
dom2Mary_X03.mes,Script/dom2Mary_X03.mes,68,4,주인공,はい!,,
dom2Mary_X03.mes,Script/dom2Mary_X03.mes,69,8,[효과음/내레이션],タッタッタ……,,
dom2Mary_X03.mes,Script/dom2Mary_X03.mes,70,8,[효과음/내레이션],タッタッタ……,,
dom2Mary_X03.mes,Script/dom2Mary_X03.mes,71,27,주인공,ハア、ハア……あれ?<6E5C>ここじゃ……なかったか.くそ!,,
dom2Mary_X03.mes,Script/dom2Mary_X03.mes,72,8,[효과음/내레이션],タッタッタ……,,
dom2Mary_X03.mes,Script/dom2Mary_X03.mes,73,15,주인공,(ど、どこだ、マリーさん!),,
dom2Mary_X03.mes,Script/dom2Mary_X03.mes,74,5,UNKNOWN_1e,ワゥ~ン,,
dom2Mary_X03.mes,Script/dom2Mary_X03.mes,75,15,주인공,こ、この声は!?アントンか!,,
dom2Mary_X03.mes,Script/dom2Mary_X03.mes,76,5,[마리의 개],クゥ~ン,,
dom2Mary_X03.mes,Script/dom2Mary_X03.mes,77,26,주인공,アントン!どうしたんだよ、<6E5C>傷だらけじゃないか!!,,
dom2Mary_X03.mes,Script/dom2Mary_X03.mes,78,5,[마리의 개],……ワウ,,
dom2Mary_X03.mes,Script/dom2Mary_X03.mes,79,4,[효과음/내레이션],ボトッ,,
dom2Mary_X03.mes,Script/dom2Mary_X03.mes,80,14,주인공,ん?なにをくわえてたんだ?,,
dom2Mary_X03.mes,Script/dom2Mary_X03.mes,81,4,[효과음/내레이션],バタッ,,
dom2Mary_X03.mes,Script/dom2Mary_X03.mes,82,27,주인공,アントン!しっかりしろ!<6E5C>いったいなにがあった……あ,,
dom2Mary_X03.mes,Script/dom2Mary_X03.mes,83,16,주인공,(これは……例のディスクか!),,
dom2Mary_X03.mes,Script/dom2Mary_X03.mes,84,22,주인공,お前……これを守ってここまで<6E5C>来たのか……,,
dom2Mary_X03.mes,Script/dom2Mary_X03.mes,85,33,주인공,ごめんな、ほたる.突然だったから<6E5C>、イトカツもびっくりしてるだろ,,
dom2Mary_X03.mes,Script/dom2Mary_X03.mes,86,27,Hotaru,ううん、いい.こんな傷だらけの子<6E5C>、ほっとけないもん,,
dom2Mary_X03.mes,Script/dom2Mary_X03.mes,87,6,주인공,ありがとう,,
dom2Mary_X03.mes,Script/dom2Mary_X03.mes,88,9,Hotaru,ねえ、お兄ちゃん,,
dom2Mary_X03.mes,Script/dom2Mary_X03.mes,89,3,주인공,ん?,,
dom2Mary_X03.mes,Script/dom2Mary_X03.mes,90,30,Hotaru,お兄ちゃんは、大切な人を守るため<6E5C>にがんばってるんだよね?,,
dom2Mary_X03.mes,Script/dom2Mary_X03.mes,91,3,주인공,うん,,
dom2Mary_X03.mes,Script/dom2Mary_X03.mes,92,25,Hotaru,そっか、わかった.<6E5C>それじゃ、ほたるも応援するね,,
dom2Mary_X03.mes,Script/dom2Mary_X03.mes,93,6,주인공,ほたる……,,
dom2Mary_X03.mes,Script/dom2Mary_X03.mes,94,30,Hotaru,そういうことわからないほど、<6E5C>ほたるはもう子どもじゃないよ,,
dom2Mary_X03.mes,Script/dom2Mary_X03.mes,95,22,주인공,大人はそんなでっかいリボンつけ<6E5C>ないけどな,,
dom2Mary_X03.mes,Script/dom2Mary_X03.mes,96,6,Hotaru,イトカツ!,,
dom2Mary_X03.mes,Script/dom2Mary_X03.mes,97,5,UNKNOWN_3e,キュウ!,,
dom2Mary_X03.mes,Script/dom2Mary_X03.mes,98,5,[효과음/내레이션],ガブッ!,,
dom2Mary_X03.mes,Script/dom2Mary_X03.mes,99,13,주인공,いってぇ!なにすんだよ!,,
dom2Mary_X03.mes,Script/dom2Mary_X03.mes,100,13,Hotaru,ほたるはなにもしてないよ,,
dom2Mary_X03.mes,Script/dom2Mary_X03.mes,101,15,Hotaru,ほら、早く行かなくていいの?,,
dom2Mary_X03.mes,Script/dom2Mary_X03.mes,102,10,주인공,なんだよ、まったく,,
dom2Mary_X03.mes,Script/dom2Mary_X03.mes,103,7,주인공,行ってくるよ,,
dom2Mary_X03.mes,Script/dom2Mary_X03.mes,104,10,Hotaru,いってらっしゃい!,,
dom2Mary_X03.mes,Script/dom2Mary_X03.mes,105,20,주인공,とはいえ……どこに行けば<6E5C>いいんだろう,,
dom2Mary_X03.mes,Script/dom2Mary_X03.mes,106,27,주인공,早くマリーさんに会ってこの<6E5C>ディスクを渡さないと……,,
dom2Mary_X03.mes,Script/dom2Mary_X03.mes,107,8,[효과음/내레이션],パパァーン!!,,
dom2Mary_X03.mes,Script/dom2Mary_X03.mes,108,9,[효과음/내레이션],ブォォォン!!!,,
dom2Mary_X03.mes,Script/dom2Mary_X03.mes,109,3,주인공,あ!,,
dom2Mary_X03.mes,Script/dom2Mary_X03.mes,110,5,[효과음/내레이션],パシッ!,,
dom2Mary_X03.mes,Script/dom2Mary_X03.mes,111,9,[효과음/내레이션],ブォォォン!!!,,
dom2Mary_X03.mes,Script/dom2Mary_X03.mes,112,4,주인공,うわ!,,
dom2Mary_X03.mes,Script/dom2Mary_X03.mes,113,14,주인공,いてて……またあのバイクか,,
dom2Mary_X03.mes,Script/dom2Mary_X03.mes,114,6,UNKNOWN_1e,<이름:3131>君!!,,
dom2Mary_X03.mes,Script/dom2Mary_X03.mes,115,8,[효과음/내레이션],パパァーン!!,,
dom2Mary_X03.mes,Script/dom2Mary_X03.mes,116,9,[효과음/내레이션],ブォォォン!!!,,
dom2Mary_X03.mes,Script/dom2Mary_X03.mes,117,9,Mary,だいじょうぶ!?,,
dom2Mary_X03.mes,Script/dom2Mary_X03.mes,118,22,주인공,マ、マリーさん!<6E5C>どこに行ってたんですか!,,
dom2Mary_X03.mes,Script/dom2Mary_X03.mes,119,36,Mary,話はあとよ!ディスクを奪われたわ<6E5C>!後ろに乗って!<6E5C>追いかけるわよ!!,,
dom2Mary_X03.mes,Script/dom2Mary_X03.mes,120,19,주인공,ディスクを……って、ああ!?<6E5C>ない!,,
dom2Mary_X03.mes,Script/dom2Mary_X03.mes,121,8,Mary,早くなさい!!,,
dom2Mary_X03.mes,Script/dom2Mary_X03.mes,122,8,주인공,は、はいぃ!!,,
dom2Mary_X03.mes,Script/dom2Mary_X03.mes,123,4,[효과음/내레이션],ドサッ,,
dom2Mary_X03.mes,Script/dom2Mary_X03.mes,124,12,Mary,乗ったわね!行くわよ!,,
dom2Mary_X03.mes,Script/dom2Mary_X03.mes,125,9,[효과음/내레이션],ブォォォン!!!,,
dom2Mary_X03.mes,Script/dom2Mary_X03.mes,126,19,주인공,マ、マリーさん!あ、危ないぃっ!<6E5C>!,,
dom2Mary_X03.mes,Script/dom2Mary_X03.mes,127,26,Mary,しっかりつかまって黙ってなさい!<6E5C>舌を噛むわよ!!,,
dom2Mary_X03.mes,Script/dom2Mary_X03.mes,128,8,[효과음/내레이션],ブォォォン!!,,
dom2Mary_X03.mes,Script/dom2Mary_X03.mes,129,5,주인공,うわぁ!,,
dom2Mary_X03.mes,Script/dom2Mary_X03.mes,130,7,Mary,飛ばすわよ!,,
dom2Mary_X03.mes,Script/dom2Mary_X03.mes,131,11,주인공,もう飛んでますって!,,
dom2Mary_X03.mes,Script/dom2Mary_X03.mes,132,16,Mary,男なら笑って着地してみなさい!,,
dom2Mary_X03.mes,Script/dom2Mary_X03.mes,133,25,주인공,ハンドル握ってるのマリーさんじゃ<6E5C>ないですか!!,,
dom2Mary_X03.mes,Script/dom2Mary_X03.mes,134,8,[효과음/내레이션],キキィィ!!!,,
dom2Mary_X03.mes,Script/dom2Mary_X03.mes,135,12,Mary,やっと止まったわね……,,
dom2Mary_X03.mes,Script/dom2Mary_X03.mes,136,7,주인공,う……うぷっ,,
dom2Mary_X03.mes,Script/dom2Mary_X03.mes,137,6,Mary,だらしない,,
dom2Mary_X03.mes,Script/dom2Mary_X03.mes,138,14,주인공,だ、だって、あんな運転……,,
dom2Mary_X03.mes,Script/dom2Mary_X03.mes,139,38,Mary,そこのあなた!もう逃げられない<6E5C>わよ!さっさとそのディスクを<6E5C>返しなさい!,,
dom2Mary_X03.mes,Script/dom2Mary_X03.mes,140,21,UNKNOWN_1a,もう逃げられない?<6E5C>ひゃっひゃっひゃっ!,,
dom2Mary_X03.mes,Script/dom2Mary_X03.mes,141,11,Mary,なにがおかしいの!?,,
dom2Mary_X03.mes,Script/dom2Mary_X03.mes,142,32,UNKNOWN_1a,テメェらはワナにはまったんだよぉ<6E5C>!周りをよく見てみやがれ!!,,
dom2Mary_X03.mes,Script/dom2Mary_X03.mes,143,6,[효과음/내레이션],ザザザッ!,,
dom2Mary_X03.mes,Script/dom2Mary_X03.mes,144,16,주인공,う、うわぁ!か、囲まれてる!!,,
dom2Mary_X03.mes,Script/dom2Mary_X03.mes,145,9,Mary,2、3……4人か,,
dom2Mary_X03.mes,Script/dom2Mary_X03.mes,146,39,UNKNOWN_1a,アイツの手助けなんぞするのは<6E5C>胸クソ悪ィが、これもビジネス<6E5C>ってやつでなぁ!,,
dom2Mary_X03.mes,Script/dom2Mary_X03.mes,147,18,Mary,アイツって誰のこと?答えなさい<6E5C>!,,
dom2Mary_X03.mes,Script/dom2Mary_X03.mes,148,20,주인공,どどど、どうしましょう、<6E5C>マリーさん!,,
dom2Mary_X03.mes,Script/dom2Mary_X03.mes,149,14,Mary,戦うしか、ないんじゃない?,,
dom2Mary_X03.mes,Script/dom2Mary_X03.mes,150,7,주인공,え、えぇ!!,,
dom2Mary_X03.mes,Script/dom2Mary_X03.mes,151,21,Mary,あなたは逃げなさい.私が活路を<6E5C>開くから,,
dom2Mary_X03.mes,Script/dom2Mary_X03.mes,152,4,주인공,え……,,
dom2Mary_X03.mes,Script/dom2Mary_X03.mes,153,18,[선택지],わかりました!そんなことできません!,,
dom2Mary_X03.mes,Script/dom2Mary_X03.mes,154,23,주인공,わかりました.僕はどうすれば<6E5C>いいんですか?,,
dom2Mary_X03.mes,Script/dom2Mary_X03.mes,155,25,Mary,おそらく、あの正面にいる<6E5C>デカいのが、リーダーよ,,
dom2Mary_X03.mes,Script/dom2Mary_X03.mes,156,48,Mary,私があの男に仕掛けるから、あなた<6E5C>は私の後ろをぴったりついてきて、<6E5C>あの男の脇を走り抜けなさい,,
dom2Mary_X03.mes,Script/dom2Mary_X03.mes,157,27,Mary,近くにいる人に事情を話して、<6E5C>警察を呼んでもらって!,,
dom2Mary_X03.mes,Script/dom2Mary_X03.mes,158,27,Mary,さすがに……私もこの人数を相手に<6E5C>するのは難しいから,,
dom2Mary_X03.mes,Script/dom2Mary_X03.mes,159,10,주인공,わ、わかりました!,,
dom2Mary_X03.mes,Script/dom2Mary_X03.mes,160,45,UNKNOWN_1a,ケェヘヘヘヘ……もう相談は<6E5C>終わったかよ!!いくぞ、いくぞ、<6E5C>いくぞ、シャァァァ!!!!,,
dom2Mary_X03.mes,Script/dom2Mary_X03.mes,161,6,Mary,行くわよ!,,
dom2Mary_X03.mes,Script/dom2Mary_X03.mes,162,6,주인공,は、はい!,,
dom2Mary_X03.mes,Script/dom2Mary_X03.mes,163,9,[효과음/내레이션],ダダダダダッ!!,,
dom2Mary_X03.mes,Script/dom2Mary_X03.mes,164,5,[효과음/내레이션],バキィ!,,
dom2Mary_X03.mes,Script/dom2Mary_X03.mes,165,6,[효과음/내레이션],ガシィ!!,,
dom2Mary_X03.mes,Script/dom2Mary_X03.mes,166,13,Mary,今よ!駆け抜けなさい!!,,
dom2Mary_X03.mes,Script/dom2Mary_X03.mes,167,4,주인공,はい!,,
dom2Mary_X03.mes,Script/dom2Mary_X03.mes,168,9,[효과음/내레이션],ダダダダダッ!!,,
dom2Mary_X03.mes,Script/dom2Mary_X03.mes,169,22,주인공,(抜けた!このまま、<6E5C>人を呼んで……!!),,
dom2Mary_X03.mes,Script/dom2Mary_X03.mes,170,8,Mary,キャァァァ!!,,
dom2Mary_X03.mes,Script/dom2Mary_X03.mes,171,8,주인공,マリーさん!?,,
dom2Mary_X03.mes,Script/dom2Mary_X03.mes,172,13,주인공,(あぁ!囲まれてる!!),,
dom2Mary_X03.mes,Script/dom2Mary_X03.mes,173,25,Mary,なにをしてるの!<6E5C>は、早く……行きなさい.うぐっ,,
dom2Mary_X03.mes,Script/dom2Mary_X03.mes,174,26,UNKNOWN_1a,おきろコラァ!ひゃっはっはっは、<6E5C>死ねぇぇぇぇ!!,,
dom2Mary_X03.mes,Script/dom2Mary_X03.mes,175,10,주인공,く、くそーっ!!!,,
dom2Mary_X03.mes,Script/dom2Mary_X03.mes,176,9,[효과음/내레이션],ダダダダダッ!!,,
dom2Mary_X03.mes,Script/dom2Mary_X03.mes,177,6,[효과음/내레이션],バキィ!!,,
dom2Mary_X03.mes,Script/dom2Mary_X03.mes,178,36,UNKNOWN_1a,ちぃぃっ!!<6E5C>俺の顔に一発入れるたぁ覚悟は<6E5C>できてるんだろうなぁ!!!,,
dom2Mary_X03.mes,Script/dom2Mary_X03.mes,179,29,Mary,ど、どうして戻ってきたの……<6E5C>逃げなさいと言ったでしょう,,
dom2Mary_X03.mes,Script/dom2Mary_X03.mes,180,35,주인공,こ、こんな状態で、<6E5C>マリーさんを置いて行くなんて……<6E5C>そんなこと……,,
dom2Mary_X03.mes,Script/dom2Mary_X03.mes,181,15,주인공,僕にはそんなことできません!,,
dom2Mary_X03.mes,Script/dom2Mary_X03.mes,182,38,Mary,じゃあ……どうすると言うの?<6E5C>この状況を切り抜ける方法が<6E5C>他にあるとでも?,,
dom2Mary_X03.mes,Script/dom2Mary_X03.mes,183,53,주인공,そ、それはわかりませんけど……<485C>でも、だからって、僕はもう<6E5C>目の前でうずくまってる人から<6E5C>逃げません!!,,
dom2Mary_X03.mes,Script/dom2Mary_X03.mes,184,12,UNKNOWN_1e,よく言ったぜ!<이름:3232>!!,,
dom2Mary_X03.mes,Script/dom2Mary_X03.mes,185,9,주인공,く、草薙先輩!!,,
dom2Mary_X03.mes,Script/dom2Mary_X03.mes,186,22,Kyo,なかなかかっこいいこと<6E5C>やってるじゃねぇか,,
dom2Mary_X03.mes,Script/dom2Mary_X03.mes,187,10,주인공,どうしてここに……,,
dom2Mary_X03.mes,Script/dom2Mary_X03.mes,188,69,Kyo,八神の野郎に呼び出されてよ.<6E5C>しゃーねぇから来てみたら、<485C>こっちでもっと面白そうなこと<6E5C>してやがるから、<6E5C>見に来たらお前がいたってわけだ,,
dom2Mary_X03.mes,Script/dom2Mary_X03.mes,189,19,주인공,え、それじゃあ、<6E5C>いま八神先輩は……,,
dom2Mary_X03.mes,Script/dom2Mary_X03.mes,190,20,Kyo,ああ、待ちぼうけ食ってんじゃ<6E5C>ねぇの?,,
dom2Mary_X03.mes,Script/dom2Mary_X03.mes,191,11,UNKNOWN_1e,京ォォォォォ!!!!,,
dom2Mary_X03.mes,Script/dom2Mary_X03.mes,192,13,주인공,や、やっぱり怒ってる!!,,
dom2Mary_X03.mes,Script/dom2Mary_X03.mes,193,29,Iori,京……貴様、この俺から逃げられる<6E5C>とでも思っているのか?,,
dom2Mary_X03.mes,Script/dom2Mary_X03.mes,194,31,Kyo,へっ、誰が逃げるかよ.<6E5C>こっちのほうが面白そうだった<6E5C>だけだ,,
dom2Mary_X03.mes,Script/dom2Mary_X03.mes,195,16,주인공,面白がれる状況じゃないですよ!,,
dom2Mary_X03.mes,Script/dom2Mary_X03.mes,196,26,Iori,……なんだ貴様.こんなところで<6E5C>なにを遊んでいる?,,
dom2Mary_X03.mes,Script/dom2Mary_X03.mes,197,23,주인공,いや、遊んでるって……<6E5C>周りを見てくださいよ,,
dom2Mary_X03.mes,Script/dom2Mary_X03.mes,198,27,Iori,フン……くだらん.こんな雑魚を<6E5C>相手に遊んでいたのか,,
dom2Mary_X03.mes,Script/dom2Mary_X03.mes,199,24,UNKNOWN_1a,テメェェェ!<6E5C>今すぐ叩き潰してやるぜぇぇぇ!!,,
dom2Mary_X03.mes,Script/dom2Mary_X03.mes,200,5,[효과음/내레이션],バキィ!,,
dom2Mary_X03.mes,Script/dom2Mary_X03.mes,201,9,[효과음/내레이션],ボオォォォウ!!,,
dom2Mary_X03.mes,Script/dom2Mary_X03.mes,202,6,UNKNOWN_1a,げぼぉ!!,,
dom2Mary_X03.mes,Script/dom2Mary_X03.mes,203,4,[효과음/내레이션],ドサッ,,
dom2Mary_X03.mes,Script/dom2Mary_X03.mes,204,33,주인공,い、一発で倒しちゃった……いや、<6E5C>草薙先輩と八神先輩が一発ずつか,,
dom2Mary_X03.mes,Script/dom2Mary_X03.mes,205,19,주인공,それにしても、<6E5C>今淡が出たような……,,
dom2Mary_X03.mes,Script/dom2Mary_X03.mes,206,17,Kyo,なんだよ、張り合いのねぇ野郎だな,,
dom2Mary_X03.mes,Script/dom2Mary_X03.mes,207,9,Iori,フンッ、笑わせる,,
dom2Mary_X03.mes,Script/dom2Mary_X03.mes,208,20,주인공,(こ、このふたりっていったい<6E5C>何者?),,
dom2Mary_X03.mes,Script/dom2Mary_X03.mes,209,27,Kyo,ほれ、<이름:3232>!シャキッと<6E5C>しねぇか!残りも片付けるぞ!,,
dom2Mary_X03.mes,Script/dom2Mary_X03.mes,210,7,주인공,は、はい!!,,
dom2Mary_X03.mes,Script/dom2Mary_X03.mes,211,5,[효과음/내레이션],バキィ!,,
dom2Mary_X03.mes,Script/dom2Mary_X03.mes,212,6,[효과음/내레이션],ゴキィ!!,,
dom2Mary_X03.mes,Script/dom2Mary_X03.mes,213,7,[효과음/내레이션],バシィィ!!,,
dom2Mary_X03.mes,Script/dom2Mary_X03.mes,214,8,Kyo,全員片付けたな,,
dom2Mary_X03.mes,Script/dom2Mary_X03.mes,215,29,Iori,……興が削がれた.京、貴様との<6E5C>決着は次の機会にしてやる,,
dom2Mary_X03.mes,Script/dom2Mary_X03.mes,216,16,Kyo,ん?さっき倒した大男がいねぇな,,
dom2Mary_X03.mes,Script/dom2Mary_X03.mes,217,11,Mary,あの男なら、逃げたわ,,
dom2Mary_X03.mes,Script/dom2Mary_X03.mes,218,12,Kyo,へっ、これで終わりかよ,,
dom2Mary_X03.mes,Script/dom2Mary_X03.mes,219,22,Kyo,じゃあな、<이름:3232>.<6E5C>ちょっとだけ楽しかったぜ,,
dom2Mary_X03.mes,Script/dom2Mary_X03.mes,220,26,주인공,ハア、ハア……あ、ありがとう<6E5C>ございました、先輩!,,
dom2Mary_X03.mes,Script/dom2Mary_X03.mes,221,14,Mary,なかなか頼もしいお友だちね,,
dom2Mary_X03.mes,Script/dom2Mary_X03.mes,222,29,주인공,いや、頼もしい友たちじゃなくて、<6E5C>恐ろしい先輩たちですよ,,
dom2Mary_X03.mes,Script/dom2Mary_X03.mes,223,14,Mary,どちらにしても、助かったわ,,
dom2Mary_X03.mes,Script/dom2Mary_X03.mes,224,10,Mary,これも戻ってきたし,,
dom2Mary_X03.mes,Script/dom2Mary_X03.mes,225,26,주인공,あ!それ、ディスクじゃないですか<6E5C>!いつの間に……,,
dom2Mary_X03.mes,Script/dom2Mary_X03.mes,226,29,Mary,私を誰だと思ってるの?むざむざ<6E5C>やられるわけないでしょう,,
dom2Mary_X03.mes,Script/dom2Mary_X03.mes,227,14,주인공,こ、この人も怖い……いてて,,
dom2Mary_X03.mes,Script/dom2Mary_X03.mes,228,8,Mary,どこか痛むの?,,
dom2Mary_X03.mes,Script/dom2Mary_X03.mes,229,41,주인공,あ、いえ、ちょっとだけです.<6E5C>僕なんかより、マリーさんこそ<6E5C>だいじょうぶですか?,,
dom2Mary_X03.mes,Script/dom2Mary_X03.mes,230,10,Mary,私はだいじょうぶよ,,
dom2Mary_X03.mes,Script/dom2Mary_X03.mes,231,12,주인공,そうですか……よかった,,
dom2Mary_X03.mes,Script/dom2Mary_X03.mes,232,14,주인공,これからどうしましょうか?,,
dom2Mary_X03.mes,Script/dom2Mary_X03.mes,233,17,Mary,とりあえず、どこかで休みましょう,,
dom2Mary_X03.mes,Script/dom2Mary_X03.mes,234,6,주인공,そうですね,,
dom2Mary_X03.mes,Script/dom2Mary_X03.mes,235,12,[효과음/내레이션],♪カランコロンカラ~ン,,
dom2Mary_X03.mes,Script/dom2Mary_X03.mes,236,7,Mary,Hi、キング,,
dom2Mary_X03.mes,Script/dom2Mary_X03.mes,237,24,King,どうしたんだ、こんな時間に.<6E5C>もうすぐ閉店だぞ,,
dom2Mary_X03.mes,Script/dom2Mary_X03.mes,238,12,주인공,すみません、キングさん,,
dom2Mary_X03.mes,Script/dom2Mary_X03.mes,239,13,King,いや、べつにかまわないが,,
dom2Mary_X03.mes,Script/dom2Mary_X03.mes,240,12,King,ゆっくりしていってくれ,,
dom2Mary_X03.mes,Script/dom2Mary_X03.mes,241,24,Mary,悪いわね、キング.<6E5C>お言葉に甘えさせてもらうわ,,
dom2Mary_X03.mes,Script/dom2Mary_X03.mes,242,13,King,いつものやつでいいかい?,,
dom2Mary_X03.mes,Script/dom2Mary_X03.mes,243,17,Mary,ええ、こちらのナイトさんにも、ね,,
dom2Mary_X03.mes,Script/dom2Mary_X03.mes,244,20,주인공,いえ、僕なんて、なにもできなくて<6E5C>……,,
dom2Mary_X03.mes,Script/dom2Mary_X03.mes,245,7,King,はい、どうぞ,,
dom2Mary_X03.mes,Script/dom2Mary_X03.mes,246,4,[효과음/내레이션],コトッ,,
dom2Mary_X03.mes,Script/dom2Mary_X03.mes,247,4,[효과음/내레이션],コトッ,,
dom2Mary_X03.mes,Script/dom2Mary_X03.mes,248,6,King,ごゆっくり,,
dom2Mary_X03.mes,Script/dom2Mary_X03.mes,249,20,Mary,なにもできなかったなんてことは<6E5C>ないわ,,
dom2Mary_X03.mes,Script/dom2Mary_X03.mes,250,15,Mary,今日のあなたは……素敵だった,,
dom2Mary_X03.mes,Script/dom2Mary_X03.mes,251,8,주인공,マリーさん……,,
dom2Mary_X03.mes,Script/dom2Mary_X03.mes,252,19,Mary,少しだけ、名前を取り戻せた<6E5C>気がする,,
dom2Mary_X03.mes,Script/dom2Mary_X03.mes,253,13,주인공,マリー。ライアン、ですか,,
dom2Mary_X03.mes,Script/dom2Mary_X03.mes,254,22,Mary,ええ.凍った心といっしょに<6E5C>封印した名前よ,,
dom2Mary_X03.mes,Script/dom2Mary_X03.mes,255,20,주인공,……マリーさんの心は<6E5C>凍ってないですよ,,
dom2Mary_X03.mes,Script/dom2Mary_X03.mes,256,3,Mary,え?,,
dom2Mary_X03.mes,Script/dom2Mary_X03.mes,257,24,주인공,それどころか、きっと、<6E5C>誰よりも熱いと思います,,
dom2Mary_X03.mes,Script/dom2Mary_X03.mes,258,49,주인공,ただ、今は傷口がかさぶたになって<6E5C>て、心が熱を持つと痛いんですよ.<6E5C>思い出すと辛いことが多すぎて,,
dom2Mary_X03.mes,Script/dom2Mary_X03.mes,259,28,Mary,フフ、あなたの大学では、<6E5C>そんなことも教えてくれるの?,,
dom2Mary_X03.mes,Script/dom2Mary_X03.mes,260,22,주인공,まさか.ぼ、僕なりに必死に<6E5C>考えた言葉です,,
dom2Mary_X03.mes,Script/dom2Mary_X03.mes,261,21,Mary,やさしいのね.誰にでもそうなの<6E5C>かしら?,,
dom2Mary_X03.mes,Script/dom2Mary_X03.mes,262,32,주인공,僕は……誰にでもやさしくできる<6E5C>ほど、大きな人間じゃないですよ,,
dom2Mary_X03.mes,Script/dom2Mary_X03.mes,263,27,Mary,あら、それじゃどうして私には<6E5C>やさしくしてくれるの?,,
dom2Mary_X03.mes,Script/dom2Mary_X03.mes,264,19,Mary,父親と恋人に先立たれた女への<6E5C>同情?,,
dom2Mary_X03.mes,Script/dom2Mary_X03.mes,265,27,주인공,マリーさん!冗談でも、<6E5C>そんな言い方はやめてください,,
dom2Mary_X03.mes,Script/dom2Mary_X03.mes,266,36,Mary,……ごめん.ちょっと酔ったのかな<6E5C>……少しだけ、背中を貸してくれる<6E5C>?,,
dom2Mary_X03.mes,Script/dom2Mary_X03.mes,267,6,주인공,いいですよ,,
dom2Mary_X03.mes,Script/dom2Mary_X03.mes,268,3,[효과음/내레이션],スッ,,
dom2Mary_X03.mes,Script/dom2Mary_X03.mes,269,29,Mary,フフ、やっぱり男の子ね.<6E5C>思ったよりずっと大きな背中……,,
dom2Mary_X03.mes,Script/dom2Mary_X03.mes,270,35,Mary,いつからか誰かに<6E5C>もたれることを忘れた私には、<6E5C>とても……あたたかい,,
dom2Mary_X03.mes,Script/dom2Mary_X03.mes,271,21,주인공,いつでも、<6E5C>好きなだけもたれていいですよ,,
dom2Mary_X03.mes,Script/dom2Mary_X03.mes,272,31,주인공,僕にマリーさんの重みを受け止め<6E5C>切れるかはわからないけど……,,
dom2Mary_X03.mes,Script/dom2Mary_X03.mes,273,29,주인공,ぬくもりが傷を癒すなら、それを<6E5C>あげることはできますから,,
dom2Mary_X03.mes,Script/dom2Mary_X03.mes,274,8,Mary,ありがとう……,,
dom2Mary_X03.mes,Script/dom2Mary_X03.mes,275,36,Mary,今夜だけは、ひとりの女に……<6E5C>マリー・ライアンに戻れるような<6E5C>気がする,,
dom2Mary_X03.mes,Script/dom2Mary_X03.mes,276,8,주인공,マリーさん……,,
dom2Mary_X03.mes,Script/dom2Mary_X03.mes,277,33,Mary,行きましょう.<6E5C>今夜だけは、仕事のことも<6E5C>過去のことも忘れさせて,,
dom2Mary_X03.mes,Script/dom2Mary_X03.mes,278,5,주인공,は、はい,,
dom2Mary_X04.mes,Script/dom2Mary_X04.mes,0,7,[효과음/내레이션],チュンチュン,,
dom2Mary_X04.mes,Script/dom2Mary_X04.mes,1,7,주인공,ん……ふぁ~,,
dom2Mary_X04.mes,Script/dom2Mary_X04.mes,2,15,주인공,(昨日はいろいろあったなぁ),,
dom2Mary_X04.mes,Script/dom2Mary_X04.mes,3,20,주인공,(今日はたしか、<6E5C>大学の調査だったな),,
dom2Mary_X04.mes,Script/dom2Mary_X04.mes,4,58,주인공,(マリーさんが見当をつけてる<6E5C>犯人と、直接対峠するって<6E5C>言ってたな……)<485C>(また危ない展開になったら<6E5C>どうしよう),,
dom2Mary_X04.mes,Script/dom2Mary_X04.mes,5,12,Hotaru,なに難しい顔してるの?,,
dom2Mary_X04.mes,Script/dom2Mary_X04.mes,6,28,주인공,うわ!ほたるか……部屋に<6E5C>入るときはノックくらいしろよ,,
dom2Mary_X04.mes,Script/dom2Mary_X04.mes,7,34,Hotaru,いっぱいしたよ!それなのに、<6E5C>お兄ちゃん出てきてくれないん<6E5C>だもん,,
dom2Mary_X04.mes,Script/dom2Mary_X04.mes,8,12,주인공,そ、そうか.悪かったな,,
dom2Mary_X04.mes,Script/dom2Mary_X04.mes,9,21,Hotaru,それで、今日はどんな危ないこと<6E5C>するの?,,
dom2Mary_X04.mes,Script/dom2Mary_X04.mes,10,25,주인공,(う……すでに横にイトカツが<6E5C>スタンバイしてる),,
dom2Mary_X04.mes,Script/dom2Mary_X04.mes,11,29,주인공,(うかつなことを言うと噛み付かれ<6E5C>そうだな.ここは……),,
dom2Mary_X04.mes,Script/dom2Mary_X04.mes,12,8,주인공,逃げるが勝ち!,,
dom2Mary_X04.mes,Script/dom2Mary_X04.mes,13,5,[효과음/내레이션],タタタッ,,
dom2Mary_X04.mes,Script/dom2Mary_X04.mes,14,19,Hotaru,あ、お兄ちゃん!<6E5C>よーし、アントン!,,
dom2Mary_X04.mes,Script/dom2Mary_X04.mes,15,4,[마리의 개],ワン!,,
dom2Mary_X04.mes,Script/dom2Mary_X04.mes,16,5,[효과음/내레이션],ガブッ!,,
dom2Mary_X04.mes,Script/dom2Mary_X04.mes,17,25,주인공,いってぇ!しまった……アントン<6E5C>がいるの忘れてた,,
dom2Mary_X04.mes,Script/dom2Mary_X04.mes,18,13,Hotaru,アントン、よくやったね!,,
dom2Mary_X04.mes,Script/dom2Mary_X04.mes,19,21,주인공,くそー、アントン、助けた恩も<6E5C>忘れて……,,
dom2Mary_X04.mes,Script/dom2Mary_X04.mes,20,16,Hotaru,さあ、お兄ちゃん、白状しなさい,,
dom2Mary_X04.mes,Script/dom2Mary_X04.mes,21,17,주인공,きょ、今日は大学に行くだけだって,,
dom2Mary_X04.mes,Script/dom2Mary_X04.mes,22,6,Hotaru,ほんとに?,,
dom2Mary_X04.mes,Script/dom2Mary_X04.mes,23,19,주인공,ほんとほんと.<6E5C>学校に用事があるんだ,,
dom2Mary_X04.mes,Script/dom2Mary_X04.mes,24,11,Hotaru,……ほんとにほんと?,,
dom2Mary_X04.mes,Script/dom2Mary_X04.mes,25,8,주인공,ほんとだって!,,
dom2Mary_X04.mes,Script/dom2Mary_X04.mes,26,12,주인공,(嘘ではないよな……),,
dom2Mary_X04.mes,Script/dom2Mary_X04.mes,27,10,Hotaru,わかった.信じるよ,,
dom2Mary_X04.mes,Script/dom2Mary_X04.mes,28,22,주인공,フゥ、ありがとう.それじゃ、<6E5C>行ってくるよ,,
dom2Mary_X04.mes,Script/dom2Mary_X04.mes,29,13,Hotaru,うん!いってらっしゃい!,,
dom2Mary_X04.mes,Script/dom2Mary_X04.mes,30,21,주인공,やれやれ、ほたるの心配性にも<6E5C>参るな……,,
dom2Mary_X04.mes,Script/dom2Mary_X04.mes,31,17,UNKNOWN_1e,なにをぶつぶつ言ってるのかしら?,,
dom2Mary_X04.mes,Script/dom2Mary_X04.mes,32,15,주인공,い、いえ、なんでもないですよ,,
dom2Mary_X04.mes,Script/dom2Mary_X04.mes,33,28,Chizuru,そう?なんだか重いものを抱えて<6E5C>いるような顔つきだけど,,
dom2Mary_X04.mes,Script/dom2Mary_X04.mes,34,13,주인공,す、鋭いですね、神楽先輩,,
dom2Mary_X04.mes,Script/dom2Mary_X04.mes,35,28,Chizuru,神社には人生相談に来る方が<6E5C>たくさんいらっしゃるからね,,
dom2Mary_X04.mes,Script/dom2Mary_X04.mes,36,16,주인공,人を見る目には自信あり、ですか,,
dom2Mary_X04.mes,Script/dom2Mary_X04.mes,37,35,Chizuru,ふふ、人は見た目で内側を<6E5C>覗けるほど、<6E5C>わかりやすいものではなくてよ,,
dom2Mary_X04.mes,Script/dom2Mary_X04.mes,38,9,주인공,じゃあ、今のは?,,
dom2Mary_X04.mes,Script/dom2Mary_X04.mes,39,24,Chizuru,直感のようなものよ.ただ、<6E5C>そんな気がしただけ,,
dom2Mary_X04.mes,Script/dom2Mary_X04.mes,40,14,주인공,でも、その直感当たってます,,
dom2Mary_X04.mes,Script/dom2Mary_X04.mes,41,24,주인공,で、その直感鋭い神楽先輩に<6E5C>質問なんですが……,,
dom2Mary_X04.mes,Script/dom2Mary_X04.mes,42,7,Chizuru,なにかしら?,,
dom2Mary_X04.mes,Script/dom2Mary_X04.mes,43,37,주인공,たとえば、自分の大切なものを<6E5C>外部から隠すとき、<6E5C>どうやって隠しますか?,,
dom2Mary_X04.mes,Script/dom2Mary_X04.mes,44,23,Chizuru,……難しい質問ね.<6E5C>守るのではなく、隠すの?,,
dom2Mary_X04.mes,Script/dom2Mary_X04.mes,45,3,주인공,はい,,
dom2Mary_X04.mes,Script/dom2Mary_X04.mes,46,38,Chizuru,そうね……自分の心の奥深くにある<6E5C>、とても大切な場所にしまって<6E5C>おくかしら,,
dom2Mary_X04.mes,Script/dom2Mary_X04.mes,47,28,주인공,え、それって、思い出とか、<6E5C>感情の話じゃないんですか?,,
dom2Mary_X04.mes,Script/dom2Mary_X04.mes,48,39,Chizuru,そうね、基本的には.<6E5C>でも、それはなにも内面だけに<6E5C>意味するものではなくてよ,,
dom2Mary_X04.mes,Script/dom2Mary_X04.mes,49,26,Chizuru,例えば<이름:3131>君なら、宝物を<6E5C>隠すとしたらどこに隠す?,,
dom2Mary_X04.mes,Script/dom2Mary_X04.mes,50,32,주인공,そうですね……僕なら、<6E5C>自分だけにとって大切な場所に<6E5C>隠します,,
dom2Mary_X04.mes,Script/dom2Mary_X04.mes,51,15,Chizuru,そう、それもひとつの考え方ね,,
dom2Mary_X04.mes,Script/dom2Mary_X04.mes,52,45,Chizuru,他者にとっては意味のないことも、<6E5C>自身にとって意味のあるもので<6E5C>あれば、それは特別になる,,
dom2Mary_X04.mes,Script/dom2Mary_X04.mes,53,20,Chizuru,大切な場所というのは、<6E5C>そういうものよ,,
dom2Mary_X04.mes,Script/dom2Mary_X04.mes,54,12,주인공,わ、わかりづらいな……,,
dom2Mary_X04.mes,Script/dom2Mary_X04.mes,55,17,Chizuru,ふふ、そんなに深く考え込まないで,,
dom2Mary_X04.mes,Script/dom2Mary_X04.mes,56,13,Chizuru,それでは、私は失礼するわ,,
dom2Mary_X04.mes,Script/dom2Mary_X04.mes,57,16,주인공,(……自分にとっての意味、か),,
dom2Mary_X04.mes,Script/dom2Mary_X04.mes,58,23,주인공,(そろそろ、マリーさんが<6E5C>来るころだな……),,
dom2Mary_X04.mes,Script/dom2Mary_X04.mes,59,4,UNKNOWN_1e,<이름:3131>君,,
dom2Mary_X04.mes,Script/dom2Mary_X04.mes,60,7,주인공,マリーさん?,,
dom2Mary_X04.mes,Script/dom2Mary_X04.mes,61,14,주인공,あ……マチュアさんでしたか,,
dom2Mary_X04.mes,Script/dom2Mary_X04.mes,62,21,Mature,あら、誰と間違えたのかしら.<6E5C>妨けるわね,,
dom2Mary_X04.mes,Script/dom2Mary_X04.mes,63,19,주인공,こんなとこで、なにやってるんです<6E5C>?,,
dom2Mary_X04.mes,Script/dom2Mary_X04.mes,64,13,Mature,お仕事よ、オ。シ。ゴ。ト,,
dom2Mary_X04.mes,Script/dom2Mary_X04.mes,65,14,주인공,大変ですね、夏休み中なのに,,
dom2Mary_X04.mes,Script/dom2Mary_X04.mes,66,13,Mature,フフ……いろいろあるのよ,,
dom2Mary_X04.mes,Script/dom2Mary_X04.mes,67,14,주인공,(あ、あやしい笑みだなぁ),,
dom2Mary_X04.mes,Script/dom2Mary_X04.mes,68,7,주인공,あ、そうだ!,,
dom2Mary_X04.mes,Script/dom2Mary_X04.mes,69,14,Mature,なに、突然大きな声を出して,,
dom2Mary_X04.mes,Script/dom2Mary_X04.mes,70,21,주인공,マチュアさんに閉きたいことが<6E5C>あるんです,,
dom2Mary_X04.mes,Script/dom2Mary_X04.mes,71,7,Mature,なにかしら?,,
dom2Mary_X04.mes,Script/dom2Mary_X04.mes,72,14,[선택지],マチュアについて学長について,,
dom2Mary_X04.mes,Script/dom2Mary_X04.mes,73,31,주인공,マチュアさんは、一連の事件に<6E5C>ついて何か知っているんですか?,,
dom2Mary_X04.mes,Script/dom2Mary_X04.mes,74,9,Mature,何のことかしら?,,
dom2Mary_X04.mes,Script/dom2Mary_X04.mes,75,6,주인공,そ、それは,,
dom2Mary_X04.mes,Script/dom2Mary_X04.mes,76,37,Mature,ダメな子ねぇ.私は学長直属の<6E5C>秘書よ.言えることと<6E5C>言えないことがあるの,,
dom2Mary_X04.mes,Script/dom2Mary_X04.mes,77,27,주인공,そうでした.閉き方を変えます、<6E5C>僕が閉きたいのは……,,
dom2Mary_X04.mes,Script/dom2Mary_X04.mes,78,17,Mature,そうそう.もっとからめ手で来てね,,
dom2Mary_X04.mes,Script/dom2Mary_X04.mes,79,15,주인공,学長の好きなものについてです,,
dom2Mary_X04.mes,Script/dom2Mary_X04.mes,80,23,Mature,好きなもの?<6E5C>そんなことを閉いてどうするの?,,
dom2Mary_X04.mes,Script/dom2Mary_X04.mes,81,48,주인공,いえ、べつに.ただ、自分の通って<6E5C>る大学の学長のことくらい、もう<6E5C>少し知っておきたいなと思って,,
dom2Mary_X04.mes,Script/dom2Mary_X04.mes,82,12,Mature,変わった子ね……いいわ,,
dom2Mary_X04.mes,Script/dom2Mary_X04.mes,83,41,Mature,あの男はね、ムダに趣味の幅が広い<6E5C>から、その時々で好きなものが<6E5C>コロコロ変わるの,,
dom2Mary_X04.mes,Script/dom2Mary_X04.mes,84,52,Mature,この前は黒豹を飼いたいなんて<6E5C>言い出して、弱ったわ<485C>今はたしか……銅像の<6E5C>コレクションに凝ってるはずよ,,
dom2Mary_X04.mes,Script/dom2Mary_X04.mes,85,31,주인공,それはまた…….<6E5C>特にお気に入りのやつって<6E5C>あるんですかね?,,
dom2Mary_X04.mes,Script/dom2Mary_X04.mes,86,64,Mature,世界中の格闘家たちの<6E5C>コレクションを、毎日ニヤニヤ<6E5C>しながら磨いてるわ<485C>たしか……右から2番目の像を<6E5C>一番念入りに磨いてたわね,,
dom2Mary_X04.mes,Script/dom2Mary_X04.mes,87,6,UNKNOWN_1e,<이름:3131>君ー?,,
dom2Mary_X04.mes,Script/dom2Mary_X04.mes,88,13,주인공,あ、マリーさんの声だ……,,
dom2Mary_X04.mes,Script/dom2Mary_X04.mes,89,31,Mature,あらあら、本命が到着しちゃった<6E5C>ようね.それじゃ、私は行くわ,,
dom2Mary_X04.mes,Script/dom2Mary_X04.mes,90,12,주인공,ありがとうございました,,
dom2Mary_X04.mes,Script/dom2Mary_X04.mes,91,20,Mary,ごめんなさい、遅くなって<6E5C>しまったわね,,
dom2Mary_X04.mes,Script/dom2Mary_X04.mes,92,30,주인공,いえ、それより、ほんとにこれから<6E5C>黒幕と対峠するんですか?,,
dom2Mary_X04.mes,Script/dom2Mary_X04.mes,93,5,Mary,怖いの?,,
dom2Mary_X04.mes,Script/dom2Mary_X04.mes,94,13,주인공,そ、そりゃちょっとは……,,
dom2Mary_X04.mes,Script/dom2Mary_X04.mes,95,4,Mary,帰る?,,
dom2Mary_X04.mes,Script/dom2Mary_X04.mes,96,28,주인공,とんでもない!ここまで来て、<6E5C>今さら引き返せませんよ!,,
dom2Mary_X04.mes,Script/dom2Mary_X04.mes,97,11,Mary,フフ、無理しちゃって,,
dom2Mary_X04.mes,Script/dom2Mary_X04.mes,98,7,주인공,してません!,,
dom2Mary_X04.mes,Script/dom2Mary_X04.mes,99,40,Mary,そうね……昨夜はとても素敵な、<6E5C>ブルー。マリーを酔わせるほどの<6E5C>男だったものね,,
dom2Mary_X04.mes,Script/dom2Mary_X04.mes,100,9,주인공,いや、そんな……,,
dom2Mary_X04.mes,Script/dom2Mary_X04.mes,101,26,Mary,っと、そんな思い出話をしてる<6E5C>場合じゃなかったわね,,
dom2Mary_X04.mes,Script/dom2Mary_X04.mes,102,10,Mary,さあ、行きましょう,,
dom2Mary_X04.mes,Script/dom2Mary_X04.mes,103,4,주인공,はい!,,
dom2Mary_X04.mes,Script/dom2Mary_X04.mes,104,6,Mary,……いたわ,,
dom2Mary_X04.mes,Script/dom2Mary_X04.mes,105,3,주인공,え?,,
dom2Mary_X04.mes,Script/dom2Mary_X04.mes,106,5,Mary,あの女よ,,
dom2Mary_X04.mes,Script/dom2Mary_X04.mes,107,5,주인공,えぇ!?,,
dom2Mary_X04.mes,Script/dom2Mary_X04.mes,108,11,Mary,今回の事件の黒幕……,,
dom2Mary_X04.mes,Script/dom2Mary_X04.mes,109,9,주인공,マチュアさん!?,,
dom2Mary_X04.mes,Script/dom2Mary_X04.mes,110,13,Mature,あら、どうしたの<이름:3131>君?,,
dom2Mary_X04.mes,Script/dom2Mary_X04.mes,111,21,주인공,マ、マチュアさんが……<6E5C>黒幕なんですか?,,
dom2Mary_X04.mes,Script/dom2Mary_X04.mes,112,6,Mature,なんの話?,,
dom2Mary_X04.mes,Script/dom2Mary_X04.mes,113,46,Mary,昨日、私たちを襲った男たちのうち<6E5C>のひとりが、今回の首謀者について<6E5C>詳しく閉かせてくれたわ,,
dom2Mary_X04.mes,Script/dom2Mary_X04.mes,114,25,Mary,その男、今ごろ警察でたっぷり<6E5C>絞られているはずよ,,
dom2Mary_X04.mes,Script/dom2Mary_X04.mes,115,5,Mature,……そう,,
dom2Mary_X04.mes,Script/dom2Mary_X04.mes,116,24,Mary,あなたまで捜査の手が伸びるのは、<6E5C>時間の問題ね,,
dom2Mary_X04.mes,Script/dom2Mary_X04.mes,117,33,Mature,なるほどねぇ.<6E5C>でもね、黒幕は私じゃないの.<6E5C>私はただの使い走り,,
dom2Mary_X04.mes,Script/dom2Mary_X04.mes,118,10,Mary,……どういうこと?,,
dom2Mary_X04.mes,Script/dom2Mary_X04.mes,119,28,Mature,本当の黒幕はもう高飛び<6E5C>してるってこと.残念だったわね,,
dom2Mary_X04.mes,Script/dom2Mary_X04.mes,120,27,Mature,<이름:3131>君、あなたの活躍で大学は<6E5C>救われたわ.おめでとう,,
dom2Mary_X04.mes,Script/dom2Mary_X04.mes,121,9,주인공,マチュアさん……,,
dom2Mary_X04.mes,Script/dom2Mary_X04.mes,122,19,Mary,本当の黒幕って誰なの?<6E5C>答えなさい!,,
dom2Mary_X04.mes,Script/dom2Mary_X04.mes,123,48,Mature,それに、大学を救った英雄には、<6E5C>学長も寛大な措置をしてくれる<6E5C>はずよ<485C>……D判定もこれで返上ね,,
dom2Mary_X04.mes,Script/dom2Mary_X04.mes,124,15,주인공,そ、それは助かりますけど……,,
dom2Mary_X04.mes,Script/dom2Mary_X04.mes,125,26,Mature,あなたは学長も助けたかたちに<6E5C>なるわね.フフフ……,,
dom2Mary_X04.mes,Script/dom2Mary_X04.mes,126,10,Mary,なにがおかしいの?,,
dom2Mary_X04.mes,Script/dom2Mary_X04.mes,127,23,Mature,あなた方、ディスクは<6E5C>手に入れたのでしょう?,,
dom2Mary_X04.mes,Script/dom2Mary_X04.mes,128,12,Mature,もうあの男に渡したの?,,
dom2Mary_X04.mes,Script/dom2Mary_X04.mes,129,15,주인공,いえ、まだ持ってますけど……,,
dom2Mary_X04.mes,Script/dom2Mary_X04.mes,130,13,Mature,そう.中身をごらんなさい,,
dom2Mary_X04.mes,Script/dom2Mary_X04.mes,131,8,Mary,どういうこと?,,
dom2Mary_X04.mes,Script/dom2Mary_X04.mes,132,24,Mature,人間は犯した罪を償わなくては<6E5C>ならないってこと,,
dom2Mary_X04.mes,Script/dom2Mary_X04.mes,133,9,[효과음/내레이션],ウゥ~!ウゥ~!,,
dom2Mary_X04.mes,Script/dom2Mary_X04.mes,134,38,Mature,あら、どうやら警察の<6E5C>お迎えが来たみたいね<6E5C>それじゃ、私はここで失礼するわ,,
dom2Mary_X04.mes,Script/dom2Mary_X04.mes,135,21,Mature,さよなら、<이름:3131>君.<6E5C>あなた、素敵だったわ,,
dom2Mary_X04.mes,Script/dom2Mary_X04.mes,136,17,Mary,待ちなさい、まだ閉きたいことが!,,
dom2Mary_X04.mes,Script/dom2Mary_X04.mes,137,9,주인공,行っちゃった……,,
dom2Mary_X04.mes,Script/dom2Mary_X04.mes,138,20,Mary,この件、<6E5C>ここでは終われないようね……,,
dom2Mary_X04.mes,Script/dom2Mary_X04.mes,139,18,주인공,えぇ!<6E5C>やっと終わったと思ったのに,,
dom2Mary_X04.mes,Script/dom2Mary_X04.mes,140,37,Mary,<이름:3131>君、夜になったらディスクを<6E5C>持って、イリュージョンへ来て<6E5C>ちょうだい,,
dom2Mary_X04.mes,Script/dom2Mary_X04.mes,141,21,주인공,え、マリーさんは今から<6E5C>どうするんです?,,
dom2Mary_X04.mes,Script/dom2Mary_X04.mes,142,26,Mary,私はディスクのプロテクトを解く、<6E5C>暗証番号を探すわ,,
dom2Mary_X04.mes,Script/dom2Mary_X04.mes,143,7,주인공,暗証番号……,,
dom2Mary_X04.mes,Script/dom2Mary_X04.mes,144,29,Mary,それじゃ、くれぐれも気をつけてね<6E5C>.まだ終わりではないわ,,
dom2Mary_X04.mes,Script/dom2Mary_X04.mes,145,20,주인공,(暗証番号か……よし、<6E5C>僕も探そう!),,
dom2Mary_X04.mes,Script/dom2Mary_X04.mes,146,43,주인공,(マリーさんとの合流まであまり<6E5C>時間がないからな……きっちり<6E5C>推理して探してみよう),,
dom2Mary_X04.mes,Script/dom2Mary_X04.mes,147,42,주인공,(まず、学長が暗証番号にしそうな<6E5C>番号を考えないと……たしか、<6E5C>学長の趣味は……),,
dom2Mary_X04.mes,Script/dom2Mary_X04.mes,148,16,[선택지],銅像コレクション胸像コレクション,,
dom2Mary_X04.mes,Script/dom2Mary_X04.mes,149,11,주인공,銅像コレクションだ!,,
dom2Mary_X04.mes,Script/dom2Mary_X04.mes,150,8,[효과음/내레이션],タッタッタ……,,
dom2Mary_X04.mes,Script/dom2Mary_X04.mes,151,11,주인공,胸像コレクションだ!,,
dom2Mary_X04.mes,Script/dom2Mary_X04.mes,152,22,주인공,(……でも、胸像なんて見たこと<6E5C>ないぞ?),,
dom2Mary_X04.mes,Script/dom2Mary_X04.mes,153,11,주인공,(なにか違うな……),,
dom2Mary_X04.mes,Script/dom2Mary_X04.mes,154,16,주인공,そうか!銅像コレクションだよ!,,
dom2Mary_X04.mes,Script/dom2Mary_X04.mes,155,8,[효과음/내레이션],タッタッタ……,,
dom2Mary_X04.mes,Script/dom2Mary_X04.mes,156,26,주인공,(おぉ、銅像が並んでる……<6E5C>1、2、3……5体か),,
dom2Mary_X04.mes,Script/dom2Mary_X04.mes,157,22,주인공,(たしか、学長の一番の<6E5C>お気に入りは……),,
dom2Mary_X04.mes,Script/dom2Mary_X04.mes,158,27,[선택지],左はし左から2番目左から3番目左から4番目左から5番目,,
dom2Mary_X04.mes,Script/dom2Mary_X04.mes,159,9,주인공,たしか、これだ!,,
dom2Mary_X04.mes,Script/dom2Mary_X04.mes,160,6,[효과음/내레이션],グググ……,,
dom2Mary_X04.mes,Script/dom2Mary_X04.mes,161,4,[효과음/내레이션],ゴトッ,,
dom2Mary_X04.mes,Script/dom2Mary_X04.mes,162,15,주인공,あ、あれ?なにも書いてないぞ,,
dom2Mary_X04.mes,Script/dom2Mary_X04.mes,163,17,주인공,ん~……これじゃないとすると……,,
dom2Mary_X04.mes,Script/dom2Mary_X04.mes,164,18,UNKNOWN_29,~<0000><0000><0000><0000><0000><0020><0012><0002>たしか、これだ!,,
dom2Mary_X04.mes,Script/dom2Mary_X04.mes,165,25,주인공,(にしても、なんだよこの趣味の<6E5C>悪い銅像は……),,
dom2Mary_X04.mes,Script/dom2Mary_X04.mes,166,25,주인공,マッドマン……?こんな格闘家、<6E5C>閉いたことないな,,
dom2Mary_X04.mes,Script/dom2Mary_X04.mes,167,6,[효과음/내레이션],グググ……,,
dom2Mary_X04.mes,Script/dom2Mary_X04.mes,168,4,[효과음/내레이션],ゴトッ,,
dom2Mary_X04.mes,Script/dom2Mary_X04.mes,169,7,주인공,あ!これか!,,
dom2Mary_X04.mes,Script/dom2Mary_X04.mes,170,6,[효과음/내레이션],23514,,
dom2Mary_X04.mes,Script/dom2Mary_X04.mes,171,31,주인공,(これが暗証番号に違いない!<6E5C>ちゃんとメモっとかないと……),,
dom2Mary_X04.mes,Script/dom2Mary_X04.mes,172,16,주인공,よし、イリュージョンへ行こう!,,
dom2Mary_X04.mes,Script/dom2Mary_X04.mes,173,12,[효과음/내레이션],♪カランコロンカラ~ン,,
dom2Mary_X04.mes,Script/dom2Mary_X04.mes,174,12,Shizuku,いらっしゃい、<이름:3131>くん,,
dom2Mary_X04.mes,Script/dom2Mary_X04.mes,175,17,주인공,あ、巳沢さん.マリーさん来てる?,,
dom2Mary_X04.mes,Script/dom2Mary_X04.mes,176,27,Shizuku,開口一番に女の人の名前だなんて、<6E5C><이름:3131>くんらしいわね,,
dom2Mary_X04.mes,Script/dom2Mary_X04.mes,177,11,주인공,ど、どういう意味だよ,,
dom2Mary_X04.mes,Script/dom2Mary_X04.mes,178,27,Shizuku,さあ?探してる人がいるなら、<6E5C>ご自由にお探しください,,
dom2Mary_X04.mes,Script/dom2Mary_X04.mes,179,11,주인공,な、なんか怒ってる?,,
dom2Mary_X04.mes,Script/dom2Mary_X04.mes,180,22,Shizuku,いいえ、とんでもない.<6E5C>ようやくわかったの,,
dom2Mary_X04.mes,Script/dom2Mary_X04.mes,181,38,Shizuku,<이름:3131>くんって、誰にでも<6E5C>やさしいから、ちょっと勘違い<6E5C>しちゃってたんだって,,
dom2Mary_X04.mes,Script/dom2Mary_X04.mes,182,8,주인공,勘違いって……,,
dom2Mary_X04.mes,Script/dom2Mary_X04.mes,183,7,Shizuku,もういい……,,
dom2Mary_X04.mes,Script/dom2Mary_X04.mes,184,9,주인공,(巳沢さん……),,
dom2Mary_X04.mes,Script/dom2Mary_X04.mes,185,4,King,<이름:3131>君,,
dom2Mary_X04.mes,Script/dom2Mary_X04.mes,186,10,주인공,キングさん……あの,,
dom2Mary_X04.mes,Script/dom2Mary_X04.mes,187,38,King,わかってる.被女のほうは私に<6E5C>任せて、君は今自分がやるべき<6E5C>ことをやるんだ,,
dom2Mary_X04.mes,Script/dom2Mary_X04.mes,188,6,주인공,はい……!,,
dom2Mary_X04.mes,Script/dom2Mary_X04.mes,189,9,Mary,遅かったわね……,,
dom2Mary_X04.mes,Script/dom2Mary_X04.mes,190,3,주인공,え?,,
dom2Mary_X04.mes,Script/dom2Mary_X04.mes,191,53,Mary,イリュージョンの<6E5C>奥のパソコンを借りて、<485C>ディスクを開いてみたんだけど、<6E5C>やっぱり暗証番号が必要だったわ,,
dom2Mary_X04.mes,Script/dom2Mary_X04.mes,192,7,주인공,そ、それで?,,
dom2Mary_X04.mes,Script/dom2Mary_X04.mes,193,14,Mary,番号を入力できる回数は3回,,
dom2Mary_X04.mes,Script/dom2Mary_X04.mes,194,23,Mary,だけど、もうすでに私が2回入れて<6E5C>しまったの,,
dom2Mary_X04.mes,Script/dom2Mary_X04.mes,195,16,Mary,……どちらも認証されなかったわ,,
dom2Mary_X04.mes,Script/dom2Mary_X04.mes,196,4,주인공,なんだ,,
dom2Mary_X04.mes,Script/dom2Mary_X04.mes,197,47,Mary,なんだとはなによ!?あと1回失敗<6E5C>すれば、永遠にこのディスク<6E5C>のデータは失われてしまうのよ!,,
dom2Mary_X04.mes,Script/dom2Mary_X04.mes,198,16,주인공,え、そんなシステムなんですか?,,
dom2Mary_X04.mes,Script/dom2Mary_X04.mes,199,58,Mary,もし誰かが不正にアクセス<6E5C>しようとした場合、<485C>プロテクトが働いて中のデータは<6E5C>消去されるプログラムに<6E5C>なっているわ,,
dom2Mary_X04.mes,Script/dom2Mary_X04.mes,200,7,주인공,な、なるほど,,
dom2Mary_X04.mes,Script/dom2Mary_X04.mes,201,13,주인공,でも、だいじょうぶです!,,
dom2Mary_X04.mes,Script/dom2Mary_X04.mes,202,17,Mary,なにがだいじょうぶだというの!?,,
dom2Mary_X04.mes,Script/dom2Mary_X04.mes,203,50,Mary,私はこれまでこの仕事をやってきた<6E5C>プライドと、これからもやっていく<6E5C>自信を失いそうだというのに……,,
dom2Mary_X04.mes,Script/dom2Mary_X04.mes,204,17,주인공,僕、暗証番号を見つけましたから!,,
dom2Mary_X04.mes,Script/dom2Mary_X04.mes,205,30,Mary,本気で言ってるの?<6E5C>私でさえ見つけられなかったと<6E5C>いうのに,,
dom2Mary_X04.mes,Script/dom2Mary_X04.mes,206,11,주인공,はい!暗証番号は……,,
dom2Mary_X04.mes,Script/dom2Mary_X04.mes,207,25,[선택지],2351432514231543215421354,,
dom2Mary_X04.mes,Script/dom2Mary_X04.mes,208,35,[선택지],?<0001><0018><000D><0000><0001><0000><0000><0000><003C><002E><003C>……言い切ったわね.<6E5C>よほど自信があるのね?,,
dom2Mary_X04.mes,Script/dom2Mary_X04.mes,209,4,주인공,はい!,,
dom2Mary_X04.mes,Script/dom2Mary_X04.mes,210,3,Mary,……,,
dom2Mary_X04.mes,Script/dom2Mary_X04.mes,211,3,주인공,……,,
dom2Mary_X04.mes,Script/dom2Mary_X04.mes,212,19,Mary,……わかった.<6E5C>それで勝負しましょう,,
dom2Mary_X04.mes,Script/dom2Mary_X04.mes,213,4,주인공,はい!,,
dom2Mary_X04.mes,Script/dom2Mary_X04.mes,214,12,[효과음/내레이션],カチャカチャカチャ……,,
dom2Mary_X04.mes,Script/dom2Mary_X04.mes,215,16,Mary,入力したわ.アクセスするわよ?,,
dom2Mary_X04.mes,Script/dom2Mary_X04.mes,216,8,주인공,は、はい……!,,
dom2Mary_X04.mes,Script/dom2Mary_X04.mes,217,4,[효과음/내레이션],カチャ,,
dom2Mary_X04.mes,Script/dom2Mary_X04.mes,218,5,Mary,……!!,,
dom2Mary_X04.mes,Script/dom2Mary_X04.mes,219,4,주인공,!!!,,
dom2Mary_X04.mes,Script/dom2Mary_X04.mes,220,16,Mary,アクセスは……拒否されました?,,
dom2Mary_X04.mes,Script/dom2Mary_X04.mes,221,9,주인공,え、それって……,,
dom2Mary_X04.mes,Script/dom2Mary_X04.mes,222,38,UNKNOWN_29,U<0000><0000><0000><0000><0018><000D><0000><0001><0000><0000><0000><003C><002E><003C>……言い切ったわね.<6E5C>よほど自信があるのね?,,
dom2Mary_X04.mes,Script/dom2Mary_X04.mes,223,4,주인공,はい!,,
dom2Mary_X04.mes,Script/dom2Mary_X04.mes,224,3,Mary,……,,
dom2Mary_X04.mes,Script/dom2Mary_X04.mes,225,3,주인공,……,,
dom2Mary_X04.mes,Script/dom2Mary_X04.mes,226,19,Mary,……わかった.<6E5C>それで勝負しましょう,,
dom2Mary_X04.mes,Script/dom2Mary_X04.mes,227,4,주인공,はい!,,
dom2Mary_X04.mes,Script/dom2Mary_X04.mes,228,12,[효과음/내레이션],カチャカチャカチャ……,,
dom2Mary_X04.mes,Script/dom2Mary_X04.mes,229,16,Mary,入力したわ.アクセスするわよ?,,
dom2Mary_X04.mes,Script/dom2Mary_X04.mes,230,8,주인공,は、はい……!,,
dom2Mary_X04.mes,Script/dom2Mary_X04.mes,231,4,[효과음/내레이션],カチャ,,
dom2Mary_X04.mes,Script/dom2Mary_X04.mes,232,5,Mary,……!!,,
dom2Mary_X04.mes,Script/dom2Mary_X04.mes,233,4,주인공,!!!,,
dom2Mary_X04.mes,Script/dom2Mary_X04.mes,234,14,Mary,アクセスを……許可します?,,
dom2Mary_X04.mes,Script/dom2Mary_X04.mes,235,8,주인공,こ、これって!,,
dom2Mary_X04.mes,Script/dom2Mary_X04.mes,236,6,Mary,成功よ!!,,
dom2Mary_X04.mes,Script/dom2Mary_X04.mes,237,9,주인공,やったぁぁぁ!!,,
dom2Mary_X04.mes,Script/dom2Mary_X04.mes,238,11,Mary,すごいわ、<이름:3131>君!!,,
dom2Mary_X04.mes,Script/dom2Mary_X04.mes,239,24,주인공,ありがとうございます!<6E5C>で、ディスクの内容は?,,
dom2Mary_X04.mes,Script/dom2Mary_X04.mes,240,12,Mary,確認するのを忘れてたわ,,
dom2Mary_X04.mes,Script/dom2Mary_X04.mes,241,9,주인공,お願いしますよぉ,,
dom2Mary_X04.mes,Script/dom2Mary_X04.mes,242,7,Mary,……!これは,,
dom2Mary_X04.mes,Script/dom2Mary_X04.mes,243,6,주인공,なんです?,,
dom2Mary_X04.mes,Script/dom2Mary_X04.mes,244,22,Mary,たしかに、学校全体を揺るがす<6E5C>データね……,,
dom2Mary_X04.mes,Script/dom2Mary_X04.mes,245,5,주인공,え?え?,,
dom2Mary_X04.mes,Script/dom2Mary_X04.mes,246,17,Mary,これで……後は決着をつけるだけね,,
dom2Mary_X04.mes,Script/dom2Mary_X04.mes,247,22,주인공,(マリーさん……<6E5C>僕のこと忘れないで……),,
dom2Mary_X05.mes,Script/dom2Mary_X05.mes,0,8,Mary,いよいよね……,,
dom2Mary_X05.mes,Script/dom2Mary_X05.mes,1,37,주인공,あの、マリーさん、結局ディスクの<6E5C>内容を教えてもらってないん<6E5C>ですけど?,,
dom2Mary_X05.mes,Script/dom2Mary_X05.mes,2,7,Mary,シッ!来たわ,,
dom2Mary_X05.mes,Script/dom2Mary_X05.mes,3,6,[효과음/내레이션],ガラガラッ,,
dom2Mary_X05.mes,Script/dom2Mary_X05.mes,4,11,UNKNOWN_5b,お待たせしたようだな,,
dom2Mary_X05.mes,Script/dom2Mary_X05.mes,5,22,Mary,女を待たせる男はろくな死に方を<6E5C>しないわよ,,
dom2Mary_X05.mes,Script/dom2Mary_X05.mes,6,13,UNKNOWN_5b,フッフッ、これは手厳しい,,
dom2Mary_X05.mes,Script/dom2Mary_X05.mes,7,9,Mary,仕事は果たしたわ,,
dom2Mary_X05.mes,Script/dom2Mary_X05.mes,8,35,UNKNOWN_5b,さすが、凄腕のエージェントと<6E5C>名高いブルー。マリーだけの<6E5C>ことはある,,
dom2Mary_X05.mes,Script/dom2Mary_X05.mes,9,22,UNKNOWN_5b,では、ディスクをこちらに<6E5C>渡してもらおうか,,
dom2Mary_X05.mes,Script/dom2Mary_X05.mes,10,8,Mary,ここにはないわ,,
dom2Mary_X05.mes,Script/dom2Mary_X05.mes,11,3,주인공,え?,,
dom2Mary_X05.mes,Script/dom2Mary_X05.mes,12,10,UNKNOWN_5b,どういうことかな?,,
dom2Mary_X05.mes,Script/dom2Mary_X05.mes,13,23,Mary,あのディスクは、<6E5C>信用できる刑事に渡してある,,
dom2Mary_X05.mes,Script/dom2Mary_X05.mes,14,27,Mary,あなたの悪事が白日の下に<6E5C>さらされるのも時間の問題ね,,
dom2Mary_X05.mes,Script/dom2Mary_X05.mes,15,7,UNKNOWN_5b,なんだと!?,,
dom2Mary_X05.mes,Script/dom2Mary_X05.mes,16,19,Mary,それじゃ、私たちはこれで<6E5C>失礼するわ,,
dom2Mary_X05.mes,Script/dom2Mary_X05.mes,17,5,주인공,え?え?,,
dom2Mary_X05.mes,Script/dom2Mary_X05.mes,18,28,UNKNOWN_5b,ま、待て!お前が暗証番号を<6E5C>解読したとでも言うのか!?,,
dom2Mary_X05.mes,Script/dom2Mary_X05.mes,19,36,주인공,あ、すみません、それは僕が……<6E5C>あんまり趣味よくないですよ、<6E5C>あの銅像,,
dom2Mary_X05.mes,Script/dom2Mary_X05.mes,20,9,UNKNOWN_5b,な、なんだと!!,,
dom2Mary_X05.mes,Script/dom2Mary_X05.mes,21,9,Mary,それじゃ、Bヤe,,
dom2Mary_X05.mes,Script/dom2Mary_X05.mes,22,6,주인공,失礼します,,
dom2Mary_X05.mes,Script/dom2Mary_X05.mes,23,15,Mary,フゥ……ようやく終わったわね,,
dom2Mary_X05.mes,Script/dom2Mary_X05.mes,24,20,주인공,僕にはよくわかりません<6E5C>でしたけど……,,
dom2Mary_X05.mes,Script/dom2Mary_X05.mes,25,12,Mary,あのディスクにはね……,,
dom2Mary_X05.mes,Script/dom2Mary_X05.mes,26,4,UNKNOWN_1e,ワン!,,
dom2Mary_X05.mes,Script/dom2Mary_X05.mes,27,7,Mary,アントン!?,,
dom2Mary_X05.mes,Script/dom2Mary_X05.mes,28,19,주인공,あ、お前うちを抜け出してきたのか<6E5C>?,,
dom2Mary_X05.mes,Script/dom2Mary_X05.mes,29,6,[마리의 개],ワンワン!,,
dom2Mary_X05.mes,Script/dom2Mary_X05.mes,30,29,주인공,よーし、仕事も終わったし、<6E5C>いっしょに散歩にでも行くか!,,
dom2Mary_X05.mes,Script/dom2Mary_X05.mes,31,14,주인공,マリーさん、行きましょう!,,
dom2Mary_X05.mes,Script/dom2Mary_X05.mes,32,28,Mary,そ、そうね.でも、ちょっと<6E5C>待っててもらえるかしら……,,
dom2Mary_X05.mes,Script/dom2Mary_X05.mes,33,11,Mary,服を……着替えたいの,,
dom2Mary_X05.mes,Script/dom2Mary_X05.mes,34,27,주인공,え、なんでです?べつにそのまま<6E5C>でいいじゃないですか,,
dom2Mary_X05.mes,Script/dom2Mary_X05.mes,35,25,Mary,このスタイルは、ブルー。マリーの<6E5C>ものだから……,,
dom2Mary_X05.mes,Script/dom2Mary_X05.mes,36,27,Mary,少しだけ、マリー。ライアンに<6E5C>戻らせてちょうだい……,,
dom2Mary_X05.mes,Script/dom2Mary_X05.mes,37,29,주인공,は……はい.それじゃ、僕たちは<6E5C>先に公園に行っときますね,,
dom2Mary_X05.mes,Script/dom2Mary_X05.mes,38,3,Mary,ええ,,
dom2Mary_ending1.mes,Script/dom2Mary_ending1.mes,0,10,주인공,マリーさん、遅いな,,
dom2Mary_ending1.mes,Script/dom2Mary_ending1.mes,1,6,[마리의 개],ワンワン!,,
dom2Mary_ending1.mes,Script/dom2Mary_ending1.mes,2,3,주인공,ん?,,
dom2Mary_ending1.mes,Script/dom2Mary_ending1.mes,3,7,Mary,……お待たせ,,
dom2Mary_ending1.mes,Script/dom2Mary_ending1.mes,4,14,주인공,マリーさん、遅かったですね,,
dom2Mary_ending1.mes,Script/dom2Mary_ending1.mes,5,30,Mary,女にはいろいろあるのよ.<6E5C>恋する女、マリー。ライアンにはね,,
dom2Mary_ending1.mes,Script/dom2Mary_ending1.mes,6,8,주인공,マリーさん……,,
dom2Mary_ending1.mes,Script/dom2Mary_ending1.mes,7,23,Mary,さっきディスクの中身について<6E5C>閉いてたわね?,,
dom2Mary_ending1.mes,Script/dom2Mary_ending1.mes,8,7,주인공,あ、はぁ……,,
dom2Mary_ending1.mes,Script/dom2Mary_ending1.mes,9,35,Mary,あのディスクにはね、清泉大学の<6E5C>スポンサー企業の一覧が<6E5C>載っていたの,,
dom2Mary_ending1.mes,Script/dom2Mary_ending1.mes,10,42,Mary,スポンサー企業各社の不正取引、<6E5C>闇献金、脱税なんかの実態が<6E5C>詳細に記載されていたわ,,
dom2Mary_ending1.mes,Script/dom2Mary_ending1.mes,11,16,주인공,それ……裏帳簿ってやつですか?,,
dom2Mary_ending1.mes,Script/dom2Mary_ending1.mes,12,47,Mary,かなり大きな企業のものも営まれて<6E5C>いたから、下手すれば国を揺るがす<6E5C>かもしれない重大な秘密よ,,
dom2Mary_ending1.mes,Script/dom2Mary_ending1.mes,13,35,Mary,どうしてそんなものをあの学長が<6E5C>手に入れられたのかは<6E5C>まだわからない,,
dom2Mary_ending1.mes,Script/dom2Mary_ending1.mes,14,40,Mary,でもそのネタをバックに、<6E5C>かなり多額の寄付金を<6E5C>各企業から引き出していたみたい,,
dom2Mary_ending1.mes,Script/dom2Mary_ending1.mes,15,43,주인공,そんな……それじゃ清泉大学は、<6E5C>学長の犯罪の上に成り立っていた<6E5C>学校ってことですか?,,
dom2Mary_ending1.mes,Script/dom2Mary_ending1.mes,16,14,Mary,残念ながら、そういうことね,,
dom2Mary_ending1.mes,Script/dom2Mary_ending1.mes,17,3,주인공,……,,
dom2Mary_ending1.mes,Script/dom2Mary_ending1.mes,18,20,Mary,でも、それをあなたが<6E5C>救ったんじゃない,,
dom2Mary_ending1.mes,Script/dom2Mary_ending1.mes,19,37,주인공,僕は、なにもしてないですよ.<6E5C>全部、マリーさんがいてくれた<6E5C>おかげで……,,
dom2Mary_ending1.mes,Script/dom2Mary_ending1.mes,20,43,Mary,フゥ……謙虚というのか、<6E5C>臆病というのか.もっと自分の<6E5C>やったことに自信を持ちなさい,,
dom2Mary_ending1.mes,Script/dom2Mary_ending1.mes,21,25,Mary,あなたはもうひとつ、<6E5C>大事なものも救ったんだから,,
dom2Mary_ending1.mes,Script/dom2Mary_ending1.mes,22,7,주인공,もうひとつ?,,
dom2Mary_ending1.mes,Script/dom2Mary_ending1.mes,23,6,Mary,……名前よ,,
dom2Mary_ending1.mes,Script/dom2Mary_ending1.mes,24,4,주인공,名前?,,
dom2Mary_ending1.mes,Script/dom2Mary_ending1.mes,25,20,Mary,ええ.マリー。ライアンという女の<6E5C>名前,,
dom2Mary_ending1.mes,Script/dom2Mary_ending1.mes,26,43,주인공,マリーさん…….それじゃあ、<6E5C>これからはマリー。ライアンとして<6E5C>生きていくんですか?,,
dom2Mary_ending1.mes,Script/dom2Mary_ending1.mes,27,22,Mary,いいえ.私はブルー。マリーよ、<6E5C>これからも,,
dom2Mary_ending1.mes,Script/dom2Mary_ending1.mes,28,7,주인공,え、でも……,,
dom2Mary_ending1.mes,Script/dom2Mary_ending1.mes,29,26,Mary,言ったでしょう?<6E5C>マリー。ライアンは女の名前だって,,
dom2Mary_ending1.mes,Script/dom2Mary_ending1.mes,30,3,주인공,ええ,,
dom2Mary_ending1.mes,Script/dom2Mary_ending1.mes,31,32,Mary,……あなたの前でだけは、<6E5C>マリー。ライアンで<6E5C>いさせてくれる?,,
dom2Mary_ending1.mes,Script/dom2Mary_ending1.mes,32,10,주인공,も、もちろんです!,,
dom2Mary_ending1.mes,Script/dom2Mary_ending1.mes,33,8,Mary,ありがとう……,,
dom2Mary_ending1.mes,Script/dom2Mary_ending1.mes,34,6,[마리의 개],ワンワン!,,
dom2Mary_ending1.mes,Script/dom2Mary_ending1.mes,35,21,주인공,アントンも祝福してくれてる<6E5C>みたいですね,,
dom2Mary_ending1.mes,Script/dom2Mary_ending1.mes,36,9,Mary,フフ、そうね……,,
dom2Mary_ending1.mes,Script/dom2Mary_ending1.mes,37,74,Mai,ぇ<0000><0000><0000><0002><000B><0003><000D>Z<0001><001E><0000><0000><0000><0000><0000><0011><0006><0000><0000><0000><0000><0006><000A><0003><0000><0000><0001><0018><0002><0000><0001><0000><0000><000D><0000><0000><0000><0000><0000><000E><0001><FFFF><0000><0000><0000><0000><003C><0030><0037>すごい、シナリオを<6E5C>ぜんぶ読んでくれたんだね!,,
dom2Mary_ending1.mes,Script/dom2Mary_ending1.mes,38,35,Shizuku,これは私たちからのささやかな<6E5C>プレゼントです.<6E5C>受け取ってください!,,
dom2Mary_ending1.mes,Script/dom2Mary_ending1.mes,39,12,UNKNOWN_66,おめでとうございます!,,
dom2Mary_ending1.mes,Script/dom2Mary_ending1.mes,40,20,UNKNOWN_66,私たちを見つけてくれて、<6E5C>ありがとう!,,
dom2Mary_ending2.mes,Script/dom2Mary_ending2.mes,0,9,Mary,ダメだったわ……,,
dom2Mary_ending2.mes,Script/dom2Mary_ending2.mes,1,7,주인공,ダメって……,,
dom2Mary_ending2.mes,Script/dom2Mary_ending2.mes,2,29,Mary,暗証番号を入力する最後の<6E5C>チャンスも、失敗してしまったわ,,
dom2Mary_ending2.mes,Script/dom2Mary_ending2.mes,3,42,Mary,これで、プロテクトのかかっていた<6E5C>ディスク内のデータは永遠に<6E5C>失われてしまった……,,
dom2Mary_ending2.mes,Script/dom2Mary_ending2.mes,4,8,주인공,そ、そんな……,,
dom2Mary_ending2.mes,Script/dom2Mary_ending2.mes,5,8,Mary,もうひとつ……,,
dom2Mary_ending2.mes,Script/dom2Mary_ending2.mes,6,3,주인공,え?,,
dom2Mary_ending2.mes,Script/dom2Mary_ending2.mes,7,21,Mary,私は、今回の仕事に<6E5C>失敗したことになるわ,,
dom2Mary_ending2.mes,Script/dom2Mary_ending2.mes,8,22,Mary,依頼主に渡すものが<6E5C>なくなってしまった……,,
dom2Mary_ending2.mes,Script/dom2Mary_ending2.mes,9,17,주인공,で、でもそれは仕方ないんじゃ……,,
dom2Mary_ending2.mes,Script/dom2Mary_ending2.mes,10,15,Mary,私はプロよ.失敗は許されない,,
dom2Mary_ending2.mes,Script/dom2Mary_ending2.mes,11,8,주인공,……マリーさん,,
dom2Mary_ending2.mes,Script/dom2Mary_ending2.mes,12,40,Mary,悪いけど、私はこれで失礼するわ.<6E5C>今回の件、依頼主にきちんと<6E5C>話してこなければ,,
dom2Mary_ending2.mes,Script/dom2Mary_ending2.mes,13,11,주인공,そ、それじゃ僕も……,,
dom2Mary_ending2.mes,Script/dom2Mary_ending2.mes,14,24,Mary,あなたには関係のないことよ.<6E5C>これは、私の失敗,,
dom2Mary_ending2.mes,Script/dom2Mary_ending2.mes,15,6,주인공,で、でも!,,
dom2Mary_ending2.mes,Script/dom2Mary_ending2.mes,16,44,Mary,あなたも、これに懲りて余計なこと<6E5C>に首を突っ込むのはやめにしなさい<6E5C>.それじゃ、Bヤe,,
dom2Mary_ending2.mes,Script/dom2Mary_ending2.mes,17,9,주인공,マ、マリーさん!,,
dom2Mary_ending2.mes,Script/dom2Mary_ending2.mes,18,30,주인공,(そ、そりゃないよ……ここまで<6E5C>いっしょにやってきたのに),,
