file,rel_path,block,n_tokens,speaker,source,ai_draft,translation
dom2Athena_L01.mes,Script/dom2Athena_L01.mes,0,19,UNKNOWN_1e,<이름:3232>クン、イ~ところで<6E5C>会ったわネ~,"<이름:3232>군, 이런 데서 다<6E5C>만나네~","<이름:3232>군, 이런 데서 다<6E5C>만나네~"
dom2Athena_L01.mes,Script/dom2Athena_L01.mes,1,17,주인공,キサラ、こんな時間にお出かけか?,"키사라, 이 시간에 나가?","키사라, 이 시간에 나가?"
dom2Athena_L01.mes,Script/dom2Athena_L01.mes,2,45,Kisarah,フフフッ.今からボク、あの世界の<6E5C>トップアイドル、麻宮アテナの<6E5C>コンサートに行くんだぁ!,"후후훗. 나 지금부터, 그<6E5C>세계 톱 아이돌, 아사미야<6E5C>아테나 콘서트 가는 거야!","후후훗. 나 지금부터, 그<6E5C>세계 톱 아이돌, 아사미야<6E5C>아테나 콘서트 가는 거야!"
dom2Athena_L01.mes,Script/dom2Athena_L01.mes,3,9,주인공,ええっ、麻宮の?,"엇, 아사미야?","엇, 아사미야?"
dom2Athena_L01.mes,Script/dom2Athena_L01.mes,4,28,Kisarah,ア、そーか.<이름:3232>クンは<6E5C>麻宮アテナと友達だったんだよね,"아, 맞다.<이름:3232>군은<6E5C>아사미야 아테나랑 친구였지","아, 맞다.<이름:3232>군은<6E5C>아사미야 아테나랑 친구였지"
dom2Athena_L01.mes,Script/dom2Athena_L01.mes,5,33,주인공,友達というか、清泉学園の3年のと<6E5C>きにクラスが同じだっただけだよ,"친구라기보다, 세이센 학원 3학년<6E5C>때 같은 반이었을 뿐이야","친구라기보다, 세이센 학원 3학년<6E5C>때 같은 반이었을 뿐이야"
dom2Athena_L01.mes,Script/dom2Athena_L01.mes,6,38,Kisarah,じゃー懐かしい再会のために、<6E5C>ボクのコンサート鑑賞に<6E5C>同伴させてあげるヨ~,"그럼 그리운 재회를 위해,<6E5C>내 콘서트 관람에<6E5C>동행시켜줄게~","그럼 그리운 재회를 위해,<6E5C>내 콘서트 관람에<6E5C>동행시켜줄게~"
dom2Athena_L01.mes,Script/dom2Athena_L01.mes,7,15,주인공,え、チケットもう1枚あるの?,"어, 표 한 장 더 있어?","어, 표 한 장 더 있어?"
dom2Athena_L01.mes,Script/dom2Athena_L01.mes,8,73,Kisarah,実は今日、デートに誘われててさ.<6E5C>プラチナチケットだからOKしたけ<6E5C>ど、チョームカつく男だから<485C>さっき別れてきたの.<6E5C>チケット2枚は確保してネ!,"실은 오늘, 데이트 초대받았거든.<6E5C>플래티넘 표라 승낙했는데<6E5C>완전 짜증 나는 남자라<485C>방금 헤어지고 왔어.<6E5C>표 두 장은 확보해놨지!","실은 오늘, 데이트 초대받았거든.<6E5C>플래티넘 표라 승낙했는데<6E5C>완전 짜증 나는 남자라<485C>방금 헤어지고 왔어.<6E5C>표 두 장은 확보해놨지!"
dom2Athena_L01.mes,Script/dom2Athena_L01.mes,9,9,Kisarah,さ、レッツゴー★,"자, 렛츠 고★","자, 렛츠 고★"
dom2Athena_L01.mes,Script/dom2Athena_L01.mes,10,7,주인공,ヒドイ女……,심한 여자네,심한 여자네
dom2Athena_L01.mes,Script/dom2Athena_L01.mes,11,10,[효과음/내레이션],キャー!<020A>キャー!,꺄악!<020A>꺄악!,꺄악!<020A>꺄악!
dom2Athena_L01.mes,Script/dom2Athena_L01.mes,12,26,UNKNOWN_54,アテナちゃーん!<6E5C>世界ツアー成功の凱旋コンサート!,아테나 양~!<6E5C>세계 투어 성공 개선 콘서트!,아테나 양~!<6E5C>세계 투어 성공 개선 콘서트!
dom2Athena_L01.mes,Script/dom2Athena_L01.mes,13,20,UNKNOWN_54,感激のあまり鉄球<6E5C>回しちゃうぜっ!!!,감격한 나머지 쇠공<6E5C>돌려버린다고!!,감격한 나머지 쇠공<6E5C>돌려버린다고!!
dom2Athena_L01.mes,Script/dom2Athena_L01.mes,14,32,UNKNOWN_55,アッシら、どこまでもアテナちゃん<6E5C>を追っかけるでヤンスー!!!,"우리들, 어디까지고 아테나 양<6E5C>따라간다고요!!!","우리들, 어디까지고 아테나 양<6E5C>따라간다고요!!!"
dom2Athena_L01.mes,Script/dom2Athena_L01.mes,15,15,주인공,ん?なんだか懐かしい声が……,응? 왠지 그리운 목소리가,응? 왠지 그리운 목소리가
dom2Athena_L01.mes,Script/dom2Athena_L01.mes,16,11,Athena,みんな、ありがとう!,"여러분, 고마워요!","여러분, 고마워요!"
dom2Athena_L01.mes,Script/dom2Athena_L01.mes,17,26,Athena,アテナがここまでこれたのも、<6E5C>みんなのおかげです!,"여기까지 온 것도,<6E5C>다 여러분 덕분이에요!","여기까지 온 것도,<6E5C>다 여러분 덕분이에요!"
dom2Athena_L01.mes,Script/dom2Athena_L01.mes,18,7,[효과음/내레이션],キャー!!!,꺄악!!!,꺄악!!!
dom2Athena_L01.mes,Script/dom2Athena_L01.mes,19,12,Athena,アテナ、いっきまーす!,"아테나, 시작할게요!","아테나, 시작할게요!"
dom2Athena_L01.mes,Script/dom2Athena_L01.mes,20,5,주인공,…………,…………,…………
dom2Athena_L01.mes,Script/dom2Athena_L01.mes,21,17,Kisarah,どーしたの?懐かしくって感激~?,왜 그래? 그리워서 감격했어?,왜 그래? 그리워서 감격했어?
dom2Athena_L01.mes,Script/dom2Athena_L01.mes,22,30,주인공,いや、なんかもう、あの同級生の頃<6E5C>とは世界が違いすぎて……,"아니, 뭔가, 그때랑은<6E5C>세계가 너무 달라서……","아니, 뭔가, 그때랑은<6E5C>세계가 너무 달라서……"
dom2Athena_L01.mes,Script/dom2Athena_L01.mes,23,24,Kisarah,まぁ、今や知らない人はいないって<6E5C>感じだからね,"뭐, 이제 모르는 사람 없다는<6E5C>느낌이니까","뭐, 이제 모르는 사람 없다는<6E5C>느낌이니까"
dom2Athena_L01.mes,Script/dom2Athena_L01.mes,24,35,Kisarah,じゃー<이름:3232>クンは、かつての<6E5C>クラスメイトより身近な<6E5C>友達の方が大事?,"그럼 <이름:3232>군은, 옛날<6E5C>반 친구보다 가까운<6E5C>친구가 더 소중해?","그럼 <이름:3232>군은, 옛날<6E5C>반 친구보다 가까운<6E5C>친구가 더 소중해?"
dom2Athena_L01.mes,Script/dom2Athena_L01.mes,25,17,[선택지],クラスメイトも大事身近な友達が大事,반친구도소중해가까운친구가소중해,반친구도소중해가까운친구가소중해
dom2Athena_L01.mes,Script/dom2Athena_L01.mes,26,13,주인공,そんなのどっちも大事だよ,그건 둘 다 소중해,그건 둘 다 소중해
dom2Athena_L01.mes,Script/dom2Athena_L01.mes,27,34,주인공,麻宮とはもう普通に話せる関係じゃ<6E5C>ないけど、大事な友達だと思ってる,"아사미야랑 편한 사이는<6E5C>아니지만, 소중한 친구라 생각해","아사미야랑 편한 사이는<6E5C>아니지만, 소중한 친구라 생각해"
dom2Athena_L01.mes,Script/dom2Athena_L01.mes,28,16,Kisarah,エ~?このトップアイドルとぉ?,에~? 이 톱 아이돌보다?,에~? 이 톱 아이돌보다?
dom2Athena_L01.mes,Script/dom2Athena_L01.mes,29,5,주인공,…………,…………,…………
dom2Athena_L01.mes,Script/dom2Athena_L01.mes,30,47,Kisarah,まぁ、相手はキミのこと覚えてない<6E5C>だろうけどね~.ホラ、しんみりし<6E5C>ないでペンライト振って!,"뭐, 상대는 널 기억 못<6E5C>하겠지만 말야~. 자, 우울해하지<6E5C>말고 펜라이트 흔들어!","뭐, 상대는 널 기억 못<6E5C>하겠지만 말야~. 자, 우울해하지<6E5C>말고 펜라이트 흔들어!"
dom2Athena_L01.mes,Script/dom2Athena_L01.mes,31,5,주인공,うん……,응……,응……
dom2Athena_L01.mes,Script/dom2Athena_L01.mes,32,4,[효과음/내레이션],♪♪♪,♪♪♪,♪♪♪
dom2Athena_L01.mes,Script/dom2Athena_L01.mes,33,17,주인공,そりゃ、身近な友達の方が大事だよ,"그야, 가까운 친구가 소중해","그야, 가까운 친구가 소중해"
dom2Athena_L01.mes,Script/dom2Athena_L01.mes,34,28,Kisarah,ホント~?だったらもっとボクの<6E5C>コトも大事にしないと!,정말~? 그럼 더 나를<6E5C>소중히 해야지!,정말~? 그럼 더 나를<6E5C>소중히 해야지!
dom2Athena_L01.mes,Script/dom2Athena_L01.mes,35,31,주인공,……キサラの方が、僕のことを大事<6E5C>にしなさすぎだと思うけど?,"……키사라야말로, 날 너무<6E5C>소중히 안 하는 거 아냐?","……키사라야말로, 날 너무<6E5C>소중히 안 하는 거 아냐?"
dom2Athena_L01.mes,Script/dom2Athena_L01.mes,36,39,Kisarah,も~、<이름:3232>クンはわかってない<6E5C>なぁ.ホラホラ、<이름:3232>クンも<6E5C>ペンライト振って!,"정말~, <이름:3232>군은 모르네<6E5C>. 자자, <이름:3232>군도<6E5C>펜라이트 흔들어!","정말~, <이름:3232>군은 모르네<6E5C>. 자자, <이름:3232>군도<6E5C>펜라이트 흔들어!"
dom2Athena_L01.mes,Script/dom2Athena_L01.mes,37,4,[효과음/내레이션],♪♪♪,♪♪♪,♪♪♪
dom2Athena_L02.mes,Script/dom2Athena_L02.mes,0,4,[효과음/내레이션],ドンッ,쿵,쿵
dom2Athena_L02.mes,Script/dom2Athena_L02.mes,1,5,UNKNOWN_1e,きゃあっ,꺄,꺄
dom2Athena_L02.mes,Script/dom2Athena_L02.mes,2,3,주인공,ん?,응?,응?
dom2Athena_L02.mes,Script/dom2Athena_L02.mes,3,22,UNKNOWN_1e,あ、ごめんなさい.<6E5C>ちょっとよろめいて……,"아, 죄송해요.<6E5C>잠깐 휘청거려서……","아, 죄송해요.<6E5C>잠깐 휘청거려서……"
dom2Athena_L02.mes,Script/dom2Athena_L02.mes,4,5,주인공,…………,…………,…………
dom2Athena_L02.mes,Script/dom2Athena_L02.mes,5,7,주인공,……麻宮!?,아사미야!?,아사미야!?
dom2Athena_L02.mes,Script/dom2Athena_L02.mes,6,5,UNKNOWN_1e,え……?,네……?,네……?
dom2Athena_L02.mes,Script/dom2Athena_L02.mes,7,15,주인공,あの、麻宮アテナさんだよね?,아사미야 아테나 씨지?,아사미야 아테나 씨지?
dom2Athena_L02.mes,Script/dom2Athena_L02.mes,8,23,주인공,……覚えてないか.<6E5C>清泉学園で一緒だった……,……기억 안 나나.<6E5C>세이센 학원 동창인데,……기억 안 나나.<6E5C>세이센 학원 동창인데
dom2Athena_L02.mes,Script/dom2Athena_L02.mes,9,27,Athena,……あっ!<이름:3131>くん?3年A組の<6E5C><이름:3131><이름:3232>くんだね!?,……앗! <이름:3131>군? 3학년 A반<6E5C><이름:3131><이름:3232>군이지!?,……앗! <이름:3131>군? 3학년 A반<6E5C><이름:3131><이름:3232>군이지!?
dom2Athena_L02.mes,Script/dom2Athena_L02.mes,10,11,주인공,覚えてくれてたんだ!,기억해줬구나!,기억해줬구나!
dom2Athena_L02.mes,Script/dom2Athena_L02.mes,11,32,Athena,クラスメイトだもん、<6E5C>当たり前だよ.<6E5C>久しぶり!元気にしてた?,"반 친구였잖아,<6E5C>당연하지.<6E5C>오랜만이야! 잘 지냈어?","반 친구였잖아,<6E5C>당연하지.<6E5C>오랜만이야! 잘 지냈어?"
dom2Athena_L02.mes,Script/dom2Athena_L02.mes,12,15,주인공,うん、僕の方は相変わらずだよ,"응, 나는 여전해","응, 나는 여전해"
dom2Athena_L02.mes,Script/dom2Athena_L02.mes,13,12,주인공,麻宮は忙しいみたいだね,아사미야는 바쁜가 봐,아사미야는 바쁜가 봐
dom2Athena_L02.mes,Script/dom2Athena_L02.mes,14,26,주인공,この前のコンサート、観たよ.<6E5C>ファンも増える一方だ,요전 콘서트 봤어.<6E5C>팬도 계속 느는 것 같더라,요전 콘서트 봤어.<6E5C>팬도 계속 느는 것 같더라
dom2Athena_L02.mes,Script/dom2Athena_L02.mes,15,11,Athena,フフッ、ありがとう!,"후훗, 고마워!","후훗, 고마워!"
dom2Athena_L02.mes,Script/dom2Athena_L02.mes,16,31,주인공,たしか、卒業の前に上京してた<6E5C>けど、今はこっちに戻ってるの?,"분명, 졸업 전에 상경했었는데<6E5C>지금은 돌아온 거야?","분명, 졸업 전에 상경했었는데<6E5C>지금은 돌아온 거야?"
dom2Athena_L02.mes,Script/dom2Athena_L02.mes,17,31,Athena,うん.世界ツアーが終わって、<6E5C>やっと長めのオフをもらえたんだ,"응. 세계 투어가 끝나서,<6E5C>드디어 긴 휴가를 받았거든","응. 세계 투어가 끝나서,<6E5C>드디어 긴 휴가를 받았거든"
dom2Athena_L02.mes,Script/dom2Athena_L02.mes,18,23,Athena,しばらくは地元でゆっくり過ごそう<6E5C>と思って!,당분간 고향에서 느긋하게<6E5C>지낼까 싶어서!,당분간 고향에서 느긋하게<6E5C>지낼까 싶어서!
dom2Athena_L02.mes,Script/dom2Athena_L02.mes,19,14,[선택지],でも、元気ない?元気そうだな,기운 없어?<6E5C>넘쳐 보이는데,기운 없어?<6E5C>넘쳐 보이는데
dom2Athena_L02.mes,Script/dom2Athena_L02.mes,20,19,주인공,でも、あまり元気ないんじゃ<6E5C>ないか?,"그런데, 별로 기운 없는<6E5C>거 아냐","그런데, 별로 기운 없는<6E5C>거 아냐"
dom2Athena_L02.mes,Script/dom2Athena_L02.mes,21,8,Athena,……どうして?,……왜?,……왜?
dom2Athena_L02.mes,Script/dom2Athena_L02.mes,22,36,주인공,いや、疲れてるだけかな?<6E5C>……さっきだって、よろめいた<6E5C>って言ってたし,"아니, 그냥 피곤한가?<6E5C>……아까도, 휘청거렸다고<6E5C>했었잖아","아니, 그냥 피곤한가?<6E5C>……아까도, 휘청거렸다고<6E5C>했었잖아"
dom2Athena_L02.mes,Script/dom2Athena_L02.mes,23,19,주인공,大変だろうけど、<6E5C>あまり無理するなよ,"힘들겠지만,<6E5C>너무 무리하지 마","힘들겠지만,<6E5C>너무 무리하지 마"
dom2Athena_L02.mes,Script/dom2Athena_L02.mes,24,13,Athena,<이름:3131>くん……優しいんだね,<이름:3131> 군…… 다정하네,<이름:3131> 군…… 다정하네
dom2Athena_L02.mes,Script/dom2Athena_L02.mes,25,12,주인공,え?そんなことないけど,어? 그렇지도 않은데,어? 그렇지도 않은데
dom2Athena_L02.mes,Script/dom2Athena_L02.mes,26,44,Athena,ううん.……そうだ、<이름:3131>くんは<6E5C>昔から優しかったね.<6E5C>わたし、いろいろ思いだしちゃった,"아니야.……맞다, <이름:3131> 군은<6E5C>예전부터 다정했었지.<6E5C>나, 여러 가지 생각났어","아니야.……맞다, <이름:3131> 군은<6E5C>예전부터 다정했었지.<6E5C>나, 여러 가지 생각났어"
dom2Athena_L02.mes,Script/dom2Athena_L02.mes,27,37,주인공,そんな……僕のことなんてあまり<6E5C>記憶にないだろう.<6E5C>目立たない奴だったし,그럴 리가……날 별로<6E5C>기억 못 할 텐데.<6E5C>눈에 안 띄는 애였고,그럴 리가……날 별로<6E5C>기억 못 할 텐데.<6E5C>눈에 안 띄는 애였고
dom2Athena_L02.mes,Script/dom2Athena_L02.mes,28,21,Athena,そんなことないよ!<6E5C>フフッ、懐かしいなぁ,"그렇지 않아!<6E5C>후훗, 그립다","그렇지 않아!<6E5C>후훗, 그립다"
dom2Athena_L02.mes,Script/dom2Athena_L02.mes,29,40,Athena,<이름:3131>くん、時間があったら<6E5C>ちょっと飲みにいかない?<6E5C>再会を祝してお茶しようよ!,"<이름:3131>군, 시간 있으면<6E5C>잠깐 마시러 안 갈래?<6E5C>재회 기념으로 차 마시자!","<이름:3131>군, 시간 있으면<6E5C>잠깐 마시러 안 갈래?<6E5C>재회 기념으로 차 마시자!"
dom2Athena_L02.mes,Script/dom2Athena_L02.mes,30,11,주인공,元気そうで安心したし,건강해 안심했고,건강해 안심했고
dom2Athena_L02.mes,Script/dom2Athena_L02.mes,31,36,Athena,もちろん!<6E5C>みんなが支えてくれるから、<6E5C>疲れてるなんて言ってられない!,"물론이지!<6E5C>다들 응원해주니까,<6E5C>피곤하다는 말 못 해!","물론이지!<6E5C>다들 응원해주니까,<6E5C>피곤하다는 말 못 해!"
dom2Athena_L02.mes,Script/dom2Athena_L02.mes,32,19,Athena,麻宮アテナはいつも<6E5C>元気なんだからっ,아테나는 항상<6E5C>기운 넘치니까!,아테나는 항상<6E5C>기운 넘치니까!
dom2Athena_L02.mes,Script/dom2Athena_L02.mes,33,7,주인공,さすがだなぁ,역시 대단해,역시 대단해
dom2Athena_L02.mes,Script/dom2Athena_L02.mes,34,38,Athena,じゃあね、<이름:3131>くん.<6E5C>また女の子といっしょに、<6E5C>コンサートに遊びに来てね?,"그럼 안녕, <이름:3131> 군.<6E5C>또 여자애랑 같이,<6E5C>콘서트 놀러 와?","그럼 안녕, <이름:3131> 군.<6E5C>또 여자애랑 같이,<6E5C>콘서트 놀러 와?"
dom2Athena_L02.mes,Script/dom2Athena_L02.mes,35,10,주인공,え……えぇ~っ!?,어…… 어어~!?,어…… 어어~!?
dom2Athena_L02.mes,Script/dom2Athena_L02.mes,36,4,Athena,フフッ,후훗,후훗
dom2Athena_L03.mes,Script/dom2Athena_L03.mes,0,12,[효과음/내레이션],♪カランコロンカラ~ン,♪딸랑딸랑 딸라~앙,♪딸랑딸랑 딸라~앙
dom2Athena_L03.mes,Script/dom2Athena_L03.mes,1,12,Athena,わぁ、変わってないなぁ,"와아, 그대로네","와아, 그대로네"
dom2Athena_L03.mes,Script/dom2Athena_L03.mes,2,12,Athena,あれ?キングさんは……,어라? 킹 씨는……,어라? 킹 씨는……
dom2Athena_L03.mes,Script/dom2Athena_L03.mes,3,23,주인공,今はイギリスに買い出しに行ってる<6E5C>みたいだよ,지금은 영국에 물건 사러<6E5C>가신 것 같아,지금은 영국에 물건 사러<6E5C>가신 것 같아
dom2Athena_L03.mes,Script/dom2Athena_L03.mes,4,9,Athena,そうなんだ.残念,"그래, 아쉽다","그래, 아쉽다"
dom2Athena_L03.mes,Script/dom2Athena_L03.mes,5,9,UNKNOWN_1e,いらっしゃいませ,어서 오세요,어서 오세요
dom2Athena_L03.mes,Script/dom2Athena_L03.mes,6,5,주인공,巳沢さん,미사와씨,미사와씨
dom2Athena_L03.mes,Script/dom2Athena_L03.mes,7,4,Shizuku,あ……,아……,아……
dom2Athena_L03.mes,Script/dom2Athena_L03.mes,8,29,Athena,はじめまして.<6E5C><이름:3131>くんのお友達?<6E5C>ここで働いてるんだぁ,안녕하세요.<6E5C><이름:3131> 군 친구예요?<6E5C>여기서 일하는구나,안녕하세요.<6E5C><이름:3131> 군 친구예요?<6E5C>여기서 일하는구나
dom2Athena_L03.mes,Script/dom2Athena_L03.mes,9,22,주인공,うん.清泉大学で同じゼミの<6E5C>巳沢雫さんだよ,응. 세미나 같은<6E5C>미사와 시즈쿠 씨야,응. 세미나 같은<6E5C>미사와 시즈쿠 씨야
dom2Athena_L03.mes,Script/dom2Athena_L03.mes,10,31,주인공,こちらは麻宮アテナさん……って、<6E5C>もうわかっちゃってるよね?,이쪽은 아사미야 아테나 씨……<6E5C>이미 알고 있지?,이쪽은 아사미야 아테나 씨……<6E5C>이미 알고 있지?
dom2Athena_L03.mes,Script/dom2Athena_L03.mes,11,19,주인공,高校生のとき、<6E5C>同じクラスだったんだ,"고등학생 때,<6E5C>같은 반이었어","고등학생 때,<6E5C>같은 반이었어"
dom2Athena_L03.mes,Script/dom2Athena_L03.mes,12,12,Shizuku,そうなんだ……すごぉい,그렇구나……대단하다,그렇구나……대단하다
dom2Athena_L03.mes,Script/dom2Athena_L03.mes,13,15,주인공,アハハ、なんだか照れるな……,"아하하, 왠지 부끄럽네……","아하하, 왠지 부끄럽네……"
dom2Athena_L03.mes,Script/dom2Athena_L03.mes,14,8,주인공,麻宮、何飲む?,뭐 마실래?,뭐 마실래?
dom2Athena_L03.mes,Script/dom2Athena_L03.mes,15,22,Athena,そうだなぁ.<6E5C>何か甘いカクテルが飲みたいな,글쎄.<6E5C>뭔가 달콤한 칵테일 마시고 싶어,글쎄.<6E5C>뭔가 달콤한 칵테일 마시고 싶어
dom2Athena_L03.mes,Script/dom2Athena_L03.mes,16,10,주인공,えっ、アルコール?,"어, 술?","어, 술?"
dom2Athena_L03.mes,Script/dom2Athena_L03.mes,17,39,주인공,……そうか、もう高校生じゃない<6E5C>もんな.今はバー営業の時間だし、<6E5C>普通だよね,"……맞다, 이제 고등학생<6E5C>아니지. 지금은 바 영업 시간이니<6E5C>당연한가","……맞다, 이제 고등학생<6E5C>아니지. 지금은 바 영업 시간이니<6E5C>당연한가"
dom2Athena_L03.mes,Script/dom2Athena_L03.mes,18,34,Athena,アハハ!<이름:3131>くんだって、もう<6E5C>高校生じゃないでしょー?<6E5C>おっかしぃ,"아하하! <이름:3131> 군도, 이제<6E5C>고등학생 아니잖아?<6E5C>웃기다","아하하! <이름:3131> 군도, 이제<6E5C>고등학생 아니잖아?<6E5C>웃기다"
dom2Athena_L03.mes,Script/dom2Athena_L03.mes,19,17,주인공,久しぶりに会うと、変な感じだなぁ,오랜만에 만나니 묘한 느낌이네,오랜만에 만나니 묘한 느낌이네
dom2Athena_L03.mes,Script/dom2Athena_L03.mes,20,19,주인공,巳沢さん、<6E5C>じゃあ僕もジン。ライムを,"미사와 씨,<6E5C>나도 진。라임으로","미사와 씨,<6E5C>나도 진。라임으로"
dom2Athena_L03.mes,Script/dom2Athena_L03.mes,21,9,Shizuku,かしこまりました,알겠습니다,알겠습니다
dom2Athena_L03.mes,Script/dom2Athena_L03.mes,22,20,Athena,フフフッ、<이름:3131>くん、<6E5C>変わってないなぁ,"후후훗, <이름:3131> 군,<6E5C>그대로네","후후훗, <이름:3131> 군,<6E5C>그대로네"
dom2Athena_L03.mes,Script/dom2Athena_L03.mes,23,26,주인공,なんだよ、麻宮はそんなに知らない<6E5C>だろう?僕のこと,"뭐야, 아사미야는 그렇게 모르<6E5C>잖아? 내 얘기","뭐야, 아사미야는 그렇게 모르<6E5C>잖아? 내 얘기"
dom2Athena_L03.mes,Script/dom2Athena_L03.mes,24,28,Athena,そんなことないよ.生徒会だって<6E5C>一緒にやってたじゃない,그렇지 않아. 학생회도<6E5C>같이 했었잖아,그렇지 않아. 학생회도<6E5C>같이 했었잖아
dom2Athena_L03.mes,Script/dom2Athena_L03.mes,25,21,주인공,ああ、麻宮が書記で、<6E5C>僕が副会長だったな,"아, 아사미야 서기<6E5C>내가 부회장이었지","아, 아사미야 서기<6E5C>내가 부회장이었지"
dom2Athena_L03.mes,Script/dom2Athena_L03.mes,26,22,주인공,でも、麻宮はあの頃から仕事が<6E5C>忙しくて……,아사미야는 그때부터<6E5C>일이 바빠서……,아사미야는 그때부터<6E5C>일이 바빠서……
dom2Athena_L03.mes,Script/dom2Athena_L03.mes,27,23,Athena,そうだね.あまり出れなかった<6E5C>もんね.ごめん,그러네. 별로 못 나갔었지.<6E5C>미안,그러네. 별로 못 나갔었지.<6E5C>미안
dom2Athena_L03.mes,Script/dom2Athena_L03.mes,28,59,주인공,いまさら謝るなよ.<6E5C>むしろ、クラスメイトがアイドル<6E5C>として活動してることが、<485C>僕たちは嬉しかったし<6E5C>頼もしかったよ?,"이제 와서 사과하지 마.<6E5C>오히려, 반 친구가 아이돌로<6E5C>활동하는 게, 우리는 기쁘고<485C>든든했다고?","이제 와서 사과하지 마.<6E5C>오히려, 반 친구가 아이돌로<6E5C>활동하는 게, 우리는 기쁘고<485C>든든했다고?"
dom2Athena_L03.mes,Script/dom2Athena_L03.mes,29,8,Athena,……ありがとう,……고마워,……고마워
dom2Athena_L03.mes,Script/dom2Athena_L03.mes,30,39,주인공,昔から無理にがんばろうとする<6E5C>ところがあったからな.<6E5C>今でもそうなんだろう?,옛날부터 무리해서 애쓰는<6E5C>구석이 있었잖아.<6E5C>지금도 그런 거지?,옛날부터 무리해서 애쓰는<6E5C>구석이 있었잖아.<6E5C>지금도 그런 거지?
dom2Athena_L03.mes,Script/dom2Athena_L03.mes,31,22,Athena,ううん……わたし、<6E5C>けっこう変わっちゃった,"아니……나, 꽤<6E5C>변한 것 같아","아니……나, 꽤<6E5C>변한 것 같아"
dom2Athena_L03.mes,Script/dom2Athena_L03.mes,32,3,주인공,え?,어?,어?
dom2Athena_L03.mes,Script/dom2Athena_L03.mes,33,36,Athena,<이름:3131>くんは……麻宮アテナは<6E5C>変わらない方がよかった?<6E5C>変わったらダメ?,<이름:3131>군은……아사미야는<6E5C>안 변하는 게 좋았어?<6E5C>변하면 안 돼?,<이름:3131>군은……아사미야는<6E5C>안 변하는 게 좋았어?<6E5C>변하면 안 돼?
dom2Athena_L03.mes,Script/dom2Athena_L03.mes,34,5,주인공,…………,…………,…………
dom2Athena_L03.mes,Script/dom2Athena_L03.mes,35,19,[선택지],変わってもかまわない変わってなんかない,변해도 상관없어변한 거 없어,변해도 상관없어변한 거 없어
dom2Athena_L03.mes,Script/dom2Athena_L03.mes,36,12,주인공,変わってもかまわないよ,변해도 상관없어,변해도 상관없어
dom2Athena_L03.mes,Script/dom2Athena_L03.mes,37,35,주인공,あれからもう3年も経ってるん<6E5C>だよ?変わるのがあたりまえ<6E5C>じゃないか,그로부터 벌써 3년이나<6E5C>지났잖아? 변하는 게<6E5C>당연하지 않아?,그로부터 벌써 3년이나<6E5C>지났잖아? 변하는 게<6E5C>당연하지 않아?
dom2Athena_L03.mes,Script/dom2Athena_L03.mes,38,32,Athena,……フフッ、<이름:3131>くんが変わった<6E5C>トコも、わたし発見しちゃった!,"……후훗, <이름:3131>군이 변한<6E5C>부분도, 나 발견해버렸어!","……후훗, <이름:3131>군이 변한<6E5C>부분도, 나 발견해버렸어!"
dom2Athena_L03.mes,Script/dom2Athena_L03.mes,39,6,주인공,え?どこ?,어디?,어디?
dom2Athena_L03.mes,Script/dom2Athena_L03.mes,40,32,Athena,すっごく大人になった…….<6E5C><이름:3131>くんは人を和ませる力が<6E5C>あるよ,엄청 어른스러워졌어…….<6E5C><이름:3131>군은 사람 챙기는<6E5C>힘이 있어,엄청 어른스러워졌어…….<6E5C><이름:3131>군은 사람 챙기는<6E5C>힘이 있어
dom2Athena_L03.mes,Script/dom2Athena_L03.mes,41,36,Athena,それとも、あの頃からあったの<6E5C>かな?わたしが気づかなかった<6E5C>だけかな?,"아니면, 그때부터 있었던 걸까?<6E5C>내가 눈치 못 챈 걸까?","아니면, 그때부터 있었던 걸까?<6E5C>내가 눈치 못 챈 걸까?"
dom2Athena_L03.mes,Script/dom2Athena_L03.mes,42,7,주인공,そんなの……,그런 거……,그런 거……
dom2Athena_L03.mes,Script/dom2Athena_L03.mes,43,21,Athena,ねぇ、また、わたしと会ってくれる<6E5C>かな?,"있잖아, 또 나랑<6E5C>만나줄래?","있잖아, 또 나랑<6E5C>만나줄래?"
dom2Athena_L03.mes,Script/dom2Athena_L03.mes,44,55,Athena,あの頃、こんな風にふたりっきりで<6E5C>話すことなかったよね?<485C>もっと、<이름:3131>くんと<6E5C>仲良くなっておけばよかった……,"그때는, 이렇게 둘이서만<6E5C>얘기한 적 없었지?<485C>더, <이름:3131>군이랑<6E5C>친해져 둘 걸 그랬어……","그때는, 이렇게 둘이서만<6E5C>얘기한 적 없었지?<485C>더, <이름:3131>군이랑<6E5C>친해져 둘 걸 그랬어……"
dom2Athena_L03.mes,Script/dom2Athena_L03.mes,45,12,주인공,もちろん、僕でいいなら,"물론, 나면 괜찮다면","물론, 나면 괜찮다면"
dom2Athena_L03.mes,Script/dom2Athena_L03.mes,46,13,Athena,ありがとう!そうだな……,고마워! 그렇다면……,고마워! 그렇다면……
dom2Athena_L03.mes,Script/dom2Athena_L03.mes,47,6,[효과음/내레이션],パラパラッ,팔랑팔랑,팔랑팔랑
dom2Athena_L03.mes,Script/dom2Athena_L03.mes,48,14,주인공,うわ、ブ厚いスケジュール帳,"우와, 두꺼운 수첩","우와, 두꺼운 수첩"
dom2Athena_L03.mes,Script/dom2Athena_L03.mes,49,46,Athena,えっとね、10日の夕方でいいかな?<6E5C>それなら空いてるから!繁華街の<6E5C>駅前で待ってるからね!,"음, 10일 저녁이면 괜찮을까?<6E5C>그럼 시간 비니까! 번화가<6E5C>역 앞에서 기다릴게!","음, 10일 저녁이면 괜찮을까?<6E5C>그럼 시간 비니까! 번화가<6E5C>역 앞에서 기다릴게!"
dom2Athena_L03.mes,Script/dom2Athena_L03.mes,50,14,주인공,麻宮は変わってなんかないよ,아사미야는 변한 거 없어,아사미야는 변한 거 없어
dom2Athena_L03.mes,Script/dom2Athena_L03.mes,51,44,주인공,あの頃から輝いてたし、オーラが<6E5C>あった.何を落ち込んでるのか<6E5C>知らないけど、大丈夫だよ,"그때부터 빛났었고, 오라도<6E5C>있었어. 왜 우울한진<6E5C>모르지만, 괜찮을 거야","그때부터 빛났었고, 오라도<6E5C>있었어. 왜 우울한진<6E5C>모르지만, 괜찮을 거야"
dom2Athena_L03.mes,Script/dom2Athena_L03.mes,52,8,Athena,……ありがとう,……고마워,……고마워
dom2Athena_L03.mes,Script/dom2Athena_L03.mes,53,34,주인공,がんばれよ.僕たちはいつでも<6E5C>テレビの麻宮アテナを<6E5C>応援してるから,힘내. 우리는 언제나 TV 속<6E5C>아사미야 아테나를 응원하니까,힘내. 우리는 언제나 TV 속<6E5C>아사미야 아테나를 응원하니까
dom2Athena_L03.mes,Script/dom2Athena_L03.mes,54,36,Athena,うん.ごめんね?<6E5C>変な弱音はいちゃって.<6E5C><이름:3131>くんのおかげで元気出たよ,응. 미안해?<6E5C>이상한 약한 소리 해서.<6E5C><이름:3131>군 덕분에 기운 났어,응. 미안해?<6E5C>이상한 약한 소리 해서.<6E5C><이름:3131>군 덕분에 기운 났어
dom2Athena_L04.mes,Script/dom2Athena_L04.mes,0,14,주인공,この時間で合ってるよな……,이 시간 맞겠지……,이 시간 맞겠지……
dom2Athena_L04.mes,Script/dom2Athena_L04.mes,1,7,UNKNOWN_1e,<이름:3131>くーん!,<이름:3131>구운~!,<이름:3131>구운~!
dom2Athena_L04.mes,Script/dom2Athena_L04.mes,2,31,Athena,フフッ、<이름:3131>くんと会えるって考え<6E5C>たら、思わず走っちゃった!,"후훗, <이름:3131>군 만난다고<6E5C>생각하니, 나도 모르게 뛰었어!","후훗, <이름:3131>군 만난다고<6E5C>생각하니, 나도 모르게 뛰었어!"
dom2Athena_L04.mes,Script/dom2Athena_L04.mes,3,37,주인공,そ、そこまで言われると恐縮<6E5C>しちゃうな.僕なんてただの<6E5C>一般人なのに……,"그, 그렇게까지 말하면<6E5C>부끄러운데. 난 그냥<6E5C>평범한 사람인데……","그, 그렇게까지 말하면<6E5C>부끄러운데. 난 그냥<6E5C>평범한 사람인데……"
dom2Athena_L04.mes,Script/dom2Athena_L04.mes,4,10,Athena,ちょっと<이름:3131>くん!,"잠깐, <이름:3131>군!","잠깐, <이름:3131>군!"
dom2Athena_L04.mes,Script/dom2Athena_L04.mes,5,41,Athena,今は芸能人とか関係ないでしょ?<6E5C>わたしたちは元クラスメイト.<6E5C>何か違いがあるの?,지금은 연예인이고 뭐고 상관없잖아?<6E5C>우린 예전 반 친구야.<6E5C>뭐가 다른데?,지금은 연예인이고 뭐고 상관없잖아?<6E5C>우린 예전 반 친구야.<6E5C>뭐가 다른데?
dom2Athena_L04.mes,Script/dom2Athena_L04.mes,6,32,주인공,ごめん、そういう意味じゃないよ.<6E5C>その、ちょっと緊張しちゃって,"미안, 그런 뜻 아니야.<6E5C>그, 좀 긴장돼서","미안, 그런 뜻 아니야.<6E5C>그, 좀 긴장돼서"
dom2Athena_L04.mes,Script/dom2Athena_L04.mes,7,34,Athena,なんで緊張するのー?<6E5C>ひょっとして<이름:3131>くん、<6E5C>わたしの隠れファン?,"왜 긴장하는데~?<6E5C>혹시 <이름:3131>군, 나 숨은<6E5C>팬이야?","왜 긴장하는데~?<6E5C>혹시 <이름:3131>군, 나 숨은<6E5C>팬이야?"
dom2Athena_L04.mes,Script/dom2Athena_L04.mes,8,10,주인공,違うよ.ごめんって,아냐. 미안해,아냐. 미안해
dom2Athena_L04.mes,Script/dom2Athena_L04.mes,9,27,주인공,でも、歩き回ったら麻宮アテナ<6E5C>だって騒がれるんじゃぁ,돌아다니면 아사미야<6E5C>아테나라고 소란 나잖아,돌아다니면 아사미야<6E5C>아테나라고 소란 나잖아
dom2Athena_L04.mes,Script/dom2Athena_L04.mes,10,25,Athena,そうだね…….ここは地元だから<6E5C>知り合いも多いし,그러네…….여긴 고향이라<6E5C>아는 사람도 많고,그러네…….여긴 고향이라<6E5C>아는 사람도 많고
dom2Athena_L04.mes,Script/dom2Athena_L04.mes,11,32,Athena,ひょっとして騒がれたい?<6E5C>『麻宮アテナが恋人と密会!?』<6E5C>って,"혹시 소란 나고 싶어?<6E5C>『아사미야, 애인과 밀회!?』라고","혹시 소란 나고 싶어?<6E5C>『아사미야, 애인과 밀회!?』라고"
dom2Athena_L04.mes,Script/dom2Athena_L04.mes,12,17,주인공,もぉ、悪かったって.からかうなよ,"진짜, 미안하다니까.<6E5C>놀리지마","진짜, 미안하다니까.<6E5C>놀리지마"
dom2Athena_L04.mes,Script/dom2Athena_L04.mes,13,28,Athena,フフッ?もしそーなったら、<6E5C><이름:3131>くんはどーするのかな?,"후훗? 만약 그렇게 되면,<6E5C><이름:3131>군은 어떻게 할래?","후훗? 만약 그렇게 되면,<6E5C><이름:3131>군은 어떻게 할래?"
dom2Athena_L04.mes,Script/dom2Athena_L04.mes,14,13,[선택지],どうもしないもちろん逃げる,아무것도 안 해도망친다,아무것도 안 해도망친다
dom2Athena_L04.mes,Script/dom2Athena_L04.mes,15,8,주인공,どうもしないよ,안 해,안 해
dom2Athena_L04.mes,Script/dom2Athena_L04.mes,16,3,Athena,え?,어?,어?
dom2Athena_L04.mes,Script/dom2Athena_L04.mes,17,35,주인공,だって、ただクラスメイトが<6E5C>会ってるだけなんだろう?<6E5C>堂々としてるよ,"그야, 그냥 반 친구끼리<6E5C>만나는 것뿐이잖아?<6E5C>당당할 거야","그야, 그냥 반 친구끼리<6E5C>만나는 것뿐이잖아?<6E5C>당당할 거야"
dom2Athena_L04.mes,Script/dom2Athena_L04.mes,18,10,Athena,……うん、そうだね,"……응, 그러네","……응, 그러네"
dom2Athena_L04.mes,Script/dom2Athena_L04.mes,19,35,주인공,人に何を言われようが関係ない.<6E5C>言いたい奴には言わせていれば<6E5C>いいよ,남이 뭐라 하든 상관없어.<6E5C>말하고 싶은 놈은 말하게<6E5C>두면 돼,남이 뭐라 하든 상관없어.<6E5C>말하고 싶은 놈은 말하게<6E5C>두면 돼
dom2Athena_L04.mes,Script/dom2Athena_L04.mes,20,32,Athena,じゃ、わたしが<이름:3131>くんの部屋に<6E5C>行っても、何の問題もないよね?,"그럼, 내가 <이름:3131>군 방에<6E5C>가도, 아무 문제 없는 거지?","그럼, 내가 <이름:3131>군 방에<6E5C>가도, 아무 문제 없는 거지?"
dom2Athena_L04.mes,Script/dom2Athena_L04.mes,21,4,주인공,えっ!,엣!,엣!
dom2Athena_L04.mes,Script/dom2Athena_L04.mes,22,29,Athena,なによー.かっこいいこと言って<6E5C>おいて、それはダメなの?,"뭐야~. 멋진 말 해놓고서,<6E5C>그건 안 되는 거야?","뭐야~. 멋진 말 해놓고서,<6E5C>그건 안 되는 거야?"
dom2Athena_L04.mes,Script/dom2Athena_L04.mes,23,20,주인공,そういうわけじゃ…….<6E5C>でも、いいの?,그런 건 아닌데…….<6E5C>괜찮아?,그런 건 아닌데…….<6E5C>괜찮아?
dom2Athena_L04.mes,Script/dom2Athena_L04.mes,24,22,Athena,突然お邪魔したら迷惑だから……<6E5C>そうだなぁ,갑자기 찾아가면 민폐니까……<6E5C>그러네,갑자기 찾아가면 민폐니까……<6E5C>그러네
dom2Athena_L04.mes,Script/dom2Athena_L04.mes,25,6,[효과음/내레이션],パラパラッ,팔랑팔랑,팔랑팔랑
dom2Athena_L04.mes,Script/dom2Athena_L04.mes,26,25,주인공,相変わらずギッシリ詰まった<6E5C>スケジュール帳だなぁ,여전히 꽉 찬<6E5C>스케줄 수첩이네,여전히 꽉 찬<6E5C>스케줄 수첩이네
dom2Athena_L04.mes,Script/dom2Athena_L04.mes,27,33,Athena,13日の夕方は部屋にいる?<6E5C>今度はこっそり、<6E5C>お部屋で会おうね?,"13일 저녁엔 방에 있어?<6E5C>이번엔 몰래, 방에서<6E5C>만나자?","13일 저녁엔 방에 있어?<6E5C>이번엔 몰래, 방에서<6E5C>만나자?"
dom2Athena_L04.mes,Script/dom2Athena_L04.mes,28,5,주인공,う、うん,"으, 응","으, 응"
dom2Athena_L04.mes,Script/dom2Athena_L04.mes,29,38,Athena,それじゃ、次の約束も決まったし、<6E5C>出発しましょ.<6E5C>行きたいお店があるんだ!,"그럼, 다음 약속도 정했으니,<6E5C>출발하자. 가고 싶은<6E5C>가게가 있거든!","그럼, 다음 약속도 정했으니,<6E5C>출발하자. 가고 싶은<6E5C>가게가 있거든!"
dom2Athena_L04.mes,Script/dom2Athena_L04.mes,30,37,주인공,もちろん逃げるよ.<6E5C>マスコミになんか追いかけ<6E5C>られたら、たまらないからね,"당연히 도망치지.<6E5C>매스컴한테 쫓기기라도<6E5C>하면, 견딜 수 없으니까","당연히 도망치지.<6E5C>매스컴한테 쫓기기라도<6E5C>하면, 견딜 수 없으니까"
dom2Athena_L04.mes,Script/dom2Athena_L04.mes,31,23,Athena,そうだね!<6E5C>でも、芸能人気分で楽しいかもよ?,"그러네! 근데, 연예인처럼<6E5C>재밌을지도?","그러네! 근데, 연예인처럼<6E5C>재밌을지도?"
dom2Athena_L04.mes,Script/dom2Athena_L04.mes,32,27,주인공,やだよ.麻宮のファンって狂信的な<6E5C>奴も多いじゃないか,싫어. 아사미야 팬 중엔<6E5C>광신적인 놈도 많잖아,싫어. 아사미야 팬 중엔<6E5C>광신적인 놈도 많잖아
dom2Athena_L04.mes,Script/dom2Athena_L04.mes,33,21,Athena,フフッ、<이름:3131>くん、刺されちゃう<6E5C>かもね?,"후훗, <이름:3131>군,<6E5C>찔릴지도 모르겠네?","후훗, <이름:3131>군,<6E5C>찔릴지도 모르겠네?"
dom2Athena_L04.mes,Script/dom2Athena_L04.mes,34,11,주인공,冗談じゃないよ!もう,농담 아니라고!,농담 아니라고!
dom2Athena_L04.mes,Script/dom2Athena_L04.mes,35,30,Athena,それじゃ、そろそろ出発しましょ.<6E5C>行きたいお店があるんだ!,"그럼, 슬슬 출발하자.<6E5C>가고 싶은 가게가 있거든!","그럼, 슬슬 출발하자.<6E5C>가고 싶은 가게가 있거든!"
dom2Athena_L05.mes,Script/dom2Athena_L05.mes,0,8,[효과음/내레이션],PLLLL……,따르르릉……,따르르릉……
dom2Athena_L05.mes,Script/dom2Athena_L05.mes,1,8,주인공,はい、もしもし,"네, 여보세요","네, 여보세요"
dom2Athena_L05.mes,Script/dom2Athena_L05.mes,2,42,Hotaru,お兄ちゃん?今日ね、キサラ<6E5C>ちゃん家に遊びに来てるんだけど、<6E5C>今晩お泊りしていい?,"오빠? 오늘, 키사라 언니네<6E5C>집에 놀러 왔는데, 오늘<6E5C>밤 자고 가도 돼?","오빠? 오늘, 키사라 언니네<6E5C>집에 놀러 왔는데, 오늘<6E5C>밤 자고 가도 돼?"
dom2Athena_L05.mes,Script/dom2Athena_L05.mes,3,26,주인공,別にいいよ.向こうのご両親<6E5C>に迷惑かけないようにな,별로 상관없어.<6E5C>부모님께 폐 끼치지<6E5C>않게 해,별로 상관없어.<6E5C>부모님께 폐 끼치지<6E5C>않게 해
dom2Athena_L05.mes,Script/dom2Athena_L05.mes,4,10,Hotaru,わかった.ありがと,알겠어. 고마워,알겠어. 고마워
dom2Athena_L05.mes,Script/dom2Athena_L05.mes,5,3,[효과음/내레이션],ピッ,삐,삐
dom2Athena_L05.mes,Script/dom2Athena_L05.mes,6,7,[효과음/내레이션],♪ピンポーン,♪딩동,♪딩동
dom2Athena_L05.mes,Script/dom2Athena_L05.mes,7,4,주인공,あ……,아……,아……
dom2Athena_L05.mes,Script/dom2Athena_L05.mes,8,5,[효과음/내레이션],ガチャッ,달칵,달칵
dom2Athena_L05.mes,Script/dom2Athena_L05.mes,9,7,Athena,こんにちは~,안녕하세요~,안녕하세요~
dom2Athena_L05.mes,Script/dom2Athena_L05.mes,10,13,주인공,やぁ.道、迷わなかった?,"야. 길, 안 헤맸어?","야. 길, 안 헤맸어?"
dom2Athena_L05.mes,Script/dom2Athena_L05.mes,11,36,Athena,だいじょうぶ.<6E5C>でも、ちょっとドキドキするな.<6E5C>男の人の部屋に来るのは,"괜찮아.<6E5C>근데, 좀 두근거리네.<6E5C>남자 방에 오는 건","괜찮아.<6E5C>근데, 좀 두근거리네.<6E5C>남자 방에 오는 건"
dom2Athena_L05.mes,Script/dom2Athena_L05.mes,12,14,주인공,そう?妹と住んでるんだけど,그래? 여동생이랑 사는데,그래? 여동생이랑 사는데
dom2Athena_L05.mes,Script/dom2Athena_L05.mes,13,12,Athena,そうなんだ.今いるの?,지금 있어?,지금 있어?
dom2Athena_L05.mes,Script/dom2Athena_L05.mes,14,22,주인공,ううん.今日は友達の家に泊まりに<6E5C>行ってる,아니. 오늘은 친구 집에<6E5C>자러 갔어,아니. 오늘은 친구 집에<6E5C>자러 갔어
dom2Athena_L05.mes,Script/dom2Athena_L05.mes,15,5,Athena,へー……,헤에……,헤에……
dom2Athena_L05.mes,Script/dom2Athena_L05.mes,16,28,Athena,わたしが来るから、妹さんに<6E5C>お泊りをお願いしたのかな?,"내가 온다고, 여동생한테<6E5C>외박 부탁한 거야?","내가 온다고, 여동생한테<6E5C>외박 부탁한 거야?"
dom2Athena_L05.mes,Script/dom2Athena_L05.mes,17,10,주인공,えぇっ!ち、違うよ,에엣! 아니야,에엣! 아니야
dom2Athena_L05.mes,Script/dom2Athena_L05.mes,18,28,Athena,フフッ、まぁいいや.<6E5C>じゃあ、ゆっくりしていいんだね?,"후훗, 뭐 됐어.<6E5C>그럼, 편히 있어도 되지?","후훗, 뭐 됐어.<6E5C>그럼, 편히 있어도 되지?"
dom2Athena_L05.mes,Script/dom2Athena_L05.mes,19,7,주인공,もちろん……,물론이지……,물론이지……
dom2Athena_L05.mes,Script/dom2Athena_L05.mes,20,22,주인공,(下心あるみたいに思われちゃった<6E5C>かな?),(속셈 있는 걸로<6E5C>보였으려나?),(속셈 있는 걸로<6E5C>보였으려나?)
dom2Athena_L05.mes,Script/dom2Athena_L05.mes,21,23,주인공,(……やばい、なんかドキドキして<6E5C>きた……),"(……큰일이다, 두근거리기<6E5C>시작했어)","(……큰일이다, 두근거리기<6E5C>시작했어)"
dom2Athena_L05.mes,Script/dom2Athena_L05.mes,22,7,[효과음/내레이션],♪ピンポーン,♪딩동,♪딩동
dom2Athena_L05.mes,Script/dom2Athena_L05.mes,23,10,Athena,あれ?お客さんだね,어라? 손님이네,어라? 손님이네
dom2Athena_L05.mes,Script/dom2Athena_L05.mes,24,5,[효과음/내레이션],ガチャッ,달칵,달칵
dom2Athena_L05.mes,Script/dom2Athena_L05.mes,25,25,Shizuku,こんにちは、<이름:3131>くん.<6E5C>ゼミのプリントだけど……,"안녕하세요, <이름:3131>군.<6E5C>세미나 프린트인데……","안녕하세요, <이름:3131>군.<6E5C>세미나 프린트인데……"
dom2Athena_L05.mes,Script/dom2Athena_L05.mes,26,5,Athena,…………,…………,…………
dom2Athena_L05.mes,Script/dom2Athena_L05.mes,27,5,주인공,…………,…………,…………
dom2Athena_L05.mes,Script/dom2Athena_L05.mes,28,32,Shizuku,……こんにちは.以前、お店に来て<6E5C>くれた、麻宮アテナさんですね,"……안녕하세요. 전에 가게에<6E5C>왔던, 아사미야 씨네요","……안녕하세요. 전에 가게에<6E5C>왔던, 아사미야 씨네요"
dom2Athena_L05.mes,Script/dom2Athena_L05.mes,29,40,Athena,こんにちは.イリュージョンの<6E5C>かわいいバーテンダーさんね.<6E5C>再会できて嬉しいわ,안녕하세요. 일루전의<6E5C>귀여운 바텐더 씨네.<6E5C>재회할 수 있어 기뻐요,안녕하세요. 일루전의<6E5C>귀여운 바텐더 씨네.<6E5C>재회할 수 있어 기뻐요
dom2Athena_L05.mes,Script/dom2Athena_L05.mes,30,8,[효과음/내레이션],ゴゴゴゴゴ……,고고고고고……,고고고고고……
dom2Athena_L05.mes,Script/dom2Athena_L05.mes,31,30,주인공,(なな、なんだぁ?閉こえない<6E5C>はずの効果音が僕の耳に……),"(뭐, 뭐야? 들릴 리 없는<6E5C>효과음이 내 귀에……)","(뭐, 뭐야? 들릴 리 없는<6E5C>효과음이 내 귀에……)"
dom2Athena_L05.mes,Script/dom2Athena_L05.mes,32,35,Shizuku,すごいなぁ、<이름:3131>くん.<6E5C>トップアイドルの麻宮さんを<6E5C>家に呼べるなんて,"대단하네, <이름:3131>군.<6E5C>톱 아이돌인 아사미야 씨를<6E5C>집에 부르다니","대단하네, <이름:3131>군.<6E5C>톱 아이돌인 아사미야 씨를<6E5C>집에 부르다니"
dom2Athena_L05.mes,Script/dom2Athena_L05.mes,33,37,Athena,そんなぁ、わたしと<이름:3131>くんは<6E5C>元々友達だから、アイドルとか<6E5C>関係ないです,"무슨, 저랑 <이름:3131>군은<6E5C>원래 친구니까, 아이돌이고<6E5C>뭐고 상관없어요","무슨, 저랑 <이름:3131>군은<6E5C>원래 친구니까, 아이돌이고<6E5C>뭐고 상관없어요"
dom2Athena_L05.mes,Script/dom2Athena_L05.mes,34,29,Shizuku,でも、芸能人と私たちは生活も<6E5C>環境も違いますしい.フフフ,"근데, 연예인이랑은<6E5C>사는 게 다르잖아요.<6E5C>후훗","근데, 연예인이랑은<6E5C>사는 게 다르잖아요.<6E5C>후훗"
dom2Athena_L05.mes,Script/dom2Athena_L05.mes,35,36,Athena,同じですよ.あなただって女優<6E5C>みたいにお美しいじゃないですか.<6E5C>アハハ,똑같아요. 당신도 여배우처럼<6E5C>아름다우시잖아요.<6E5C>아하하,똑같아요. 당신도 여배우처럼<6E5C>아름다우시잖아요.<6E5C>아하하
dom2Athena_L05.mes,Script/dom2Athena_L05.mes,36,37,주인공,(……わからない.わからないけど<6E5C>逃げ出したい衝動にかられて<6E5C>やまない),(……모르겠다. 모르겠지만<6E5C>도망치고 싶은 충동이<6E5C>멈추질 않는다),(……모르겠다. 모르겠지만<6E5C>도망치고 싶은 충동이<6E5C>멈추질 않는다)
dom2Athena_L05.mes,Script/dom2Athena_L05.mes,37,27,주인공,(なぜだ、こんな可愛い女性を<6E5C>ふたりも前にして……),"(왜지, 귀여운 여자<6E5C>둘을 앞에 두고서……)","(왜지, 귀여운 여자<6E5C>둘을 앞에 두고서……)"
dom2Athena_L05.mes,Script/dom2Athena_L05.mes,38,8,UNKNOWN_61,キャハハハハ!,꺄하하하하!,꺄하하하하!
dom2Athena_L05_2.mes,Script/dom2Athena_L05_2.mes,0,21,Shizuku,アテナさんっておもしろーい!<6E5C>いがーい!,아테나 씨 완전 재밌다!<6E5C>의외예요!,아테나 씨 완전 재밌다!<6E5C>의외예요!
dom2Athena_L05_2.mes,Script/dom2Athena_L05_2.mes,1,22,Athena,雫さんだって、ひとりで働いて<6E5C>エライわーっ,"시즈쿠 씨도, 혼자 일하고<6E5C>대단해요~","시즈쿠 씨도, 혼자 일하고<6E5C>대단해요~"
dom2Athena_L05_2.mes,Script/dom2Athena_L05_2.mes,2,8,주인공,(……あれ?),(……어라?),(……어라?)
dom2Athena_L05_2.mes,Script/dom2Athena_L05_2.mes,3,23,주인공,(気づいたら家中の酒が次々と<6E5C>開けられ……),(정신 차려보니 술이<6E5C>차례로 따져있고…),(정신 차려보니 술이<6E5C>차례로 따져있고…)
dom2Athena_L05_2.mes,Script/dom2Athena_L05_2.mes,4,23,주인공,(いつのまに飲み会になって<6E5C>しまったんだ?),(어느새 술자리가 되어버린<6E5C>거지?),(어느새 술자리가 되어버린<6E5C>거지?)
dom2Athena_L05_2.mes,Script/dom2Athena_L05_2.mes,5,43,Athena,ちょっと<이름:3131><이름:3232>~!さっきか<6E5C>ら飲んでないじゃないの~!<6E5C>なによ、わたしジャマなの?,"잠깐 <이름:3131><이름:3232>~!<6E5C>아까부터 안 마시고 있잖아~!<6E5C>뭐야, 나 방해되는 거야?","잠깐 <이름:3131><이름:3232>~!<6E5C>아까부터 안 마시고 있잖아~!<6E5C>뭐야, 나 방해되는 거야?"
dom2Athena_L05_2.mes,Script/dom2Athena_L05_2.mes,6,26,Shizuku,<이름:3131>くんはどっちが大事なの?<6E5C>はっきり言ってよー!,<이름:3131>군은 누가 더<6E5C>소중해? 확실히 말해줘~!,<이름:3131>군은 누가 더<6E5C>소중해? 확실히 말해줘~!
dom2Athena_L05_2.mes,Script/dom2Athena_L05_2.mes,7,7,주인공,……はいぃ?,……네에?,……네에?
dom2Athena_L05_2.mes,Script/dom2Athena_L05_2.mes,8,14,[선택지],とりあえず雫とりあえずアテナ,일단시즈쿠일단아테나,일단시즈쿠일단아테나
dom2Athena_L05_2.mes,Script/dom2Athena_L05_2.mes,9,32,주인공,ハハハ……どっちも大事だよー.<6E5C>でも強いて言えば巳沢さんかなー,하하하……둘 다 소중해.<6E5C>근데 하나 고르면<6E5C>미사와 씨려나,하하하……둘 다 소중해.<6E5C>근데 하나 고르면<6E5C>미사와 씨려나
dom2Athena_L05_2.mes,Script/dom2Athena_L05_2.mes,10,26,Shizuku,わーい!じゃあ、夏祭りも私と<6E5C>一緒だね?決まりーっ,"와아! 그럼, 여름 축제도<6E5C>나랑 같이지? 결정","와아! 그럼, 여름 축제도<6E5C>나랑 같이지? 결정"
dom2Athena_L05_2.mes,Script/dom2Athena_L05_2.mes,11,7,주인공,え?あ、うん,어? 응,어? 응
dom2Athena_L05_2.mes,Script/dom2Athena_L05_2.mes,12,45,Athena,ううっ、ひどいわ、そんなはっきり<6E5C>言うなんて……こうなったら飲むし<6E5C>かないわ……グビグビ,"으윽, 너무해, 그렇게 확실히<6E5C>말하다니……이렇게 된 이상<6E5C>마실 수밖에……꿀꺽꿀꺽","으윽, 너무해, 그렇게 확실히<6E5C>말하다니……이렇게 된 이상<6E5C>마실 수밖에……꿀꺽꿀꺽"
dom2Athena_L05_2.mes,Script/dom2Athena_L05_2.mes,13,13,주인공,あまり飲みすぎないで……,너무 마시지 마,너무 마시지 마
dom2Athena_L05_2.mes,Script/dom2Athena_L05_2.mes,14,21,주인공,いや、もう、どうでもいいです……<6E5C>トホホ,"아니, 뭐, 아무래도<6E5C>상관없어요……하","아니, 뭐, 아무래도<6E5C>상관없어요……하"
dom2Athena_L05_2.mes,Script/dom2Athena_L05_2.mes,15,32,주인공,ハハハ……どっちも大事だよー.<6E5C>でも強いて言えば巳沢さんかなー,하하하……둘 다 소중해.<6E5C>근데 하나 고르면<6E5C>미사와 씨려나,하하하……둘 다 소중해.<6E5C>근데 하나 고르면<6E5C>미사와 씨려나
dom2Athena_L05_2.mes,Script/dom2Athena_L05_2.mes,16,19,Shizuku,わーい!<6E5C>閉きましたかアテナさーん!,와아! 들었어요?<6E5C>아테나 씨~!,와아! 들었어요?<6E5C>아테나 씨~!
dom2Athena_L05_2.mes,Script/dom2Athena_L05_2.mes,17,45,Athena,ううっ、ひどいわ、そんなはっきり<6E5C>言うなんて……こうなったら飲むし<6E5C>かないわ……グビグビ,"으윽, 너무해, 그렇게 확실히<6E5C>말하다니……이렇게 된 이상<6E5C>마실 수밖에……꿀꺽꿀꺽","으윽, 너무해, 그렇게 확실히<6E5C>말하다니……이렇게 된 이상<6E5C>마실 수밖에……꿀꺽꿀꺽"
dom2Athena_L05_2.mes,Script/dom2Athena_L05_2.mes,18,13,주인공,あまり飲みすぎないで……,너무 마시지 마……,너무 마시지 마……
dom2Athena_L05_2.mes,Script/dom2Athena_L05_2.mes,19,21,주인공,いや、もう、どうでもいいです……<6E5C>トホホ,"아니, 뭐, 아무래도<6E5C>상관없어요……하","아니, 뭐, 아무래도<6E5C>상관없어요……하"
dom2Athena_L05_2.mes,Script/dom2Athena_L05_2.mes,20,32,주인공,ハハハ……どっちも大事だよー.<6E5C>でもどっちかと言えば麻宮かなー,하하하……둘 다 소중해.<6E5C>근데 하나 고르면<6E5C>아사미야려나,하하하……둘 다 소중해.<6E5C>근데 하나 고르면<6E5C>아사미야려나
dom2Athena_L05_2.mes,Script/dom2Athena_L05_2.mes,21,10,Athena,やったぁ、グゥ~!,"됐다, 우와~!","됐다, 우와~!"
dom2Athena_L05_2.mes,Script/dom2Athena_L05_2.mes,22,27,Athena,じゃ、夏祭りもわたしと一緒に<6E5C>行ってくれる?うれしー,"그럼, 여름 축제도 나랑<6E5C>같이 가줄래? 기뻐라~","그럼, 여름 축제도 나랑<6E5C>같이 가줄래? 기뻐라~"
dom2Athena_L05_2.mes,Script/dom2Athena_L05_2.mes,23,7,주인공,え?あ、うん,어? 응,어? 응
dom2Athena_L05_2.mes,Script/dom2Athena_L05_2.mes,24,11,Shizuku,……へぇ、そうなんだ,"……흐응, 그렇구나","……흐응, 그렇구나"
dom2Athena_L05_2.mes,Script/dom2Athena_L05_2.mes,25,32,Shizuku,……そりゃそうだよね、アテナさん<6E5C>と比べたら私なんて……フフフ,"……그야 그렇지, 아테나 씨랑<6E5C>비교하면 나 따위는……후훗","……그야 그렇지, 아테나 씨랑<6E5C>비교하면 나 따위는……후훗"
dom2Athena_L05_2.mes,Script/dom2Athena_L05_2.mes,26,20,주인공,え、あの、巳沢さん、<6E5C>目がすわってる?,"저기, 미사와 씨,<6E5C>눈 풀렸어?","저기, 미사와 씨,<6E5C>눈 풀렸어?"
dom2Athena_L05_2.mes,Script/dom2Athena_L05_2.mes,27,13,주인공,ああもう、誰か助けて……,"아 진짜, 누가 좀……","아 진짜, 누가 좀……"
dom2Athena_L05_2.mes,Script/dom2Athena_L05_2.mes,28,32,주인공,ハハハ……どっちも大事だよー.<6E5C>でもどっちかと言えば麻宮かなー,하하하……둘 다 소중해.<6E5C>근데 하나 고르면<6E5C>아사미야려나,하하하……둘 다 소중해.<6E5C>근데 하나 고르면<6E5C>아사미야려나
dom2Athena_L05_2.mes,Script/dom2Athena_L05_2.mes,29,20,Athena,やったぁ、グゥ~!<6E5C>ごめんね雫さーん!,"됐다, 우와~!<6E5C>미안 시즈쿠 씨~!","됐다, 우와~!<6E5C>미안 시즈쿠 씨~!"
dom2Athena_L05_2.mes,Script/dom2Athena_L05_2.mes,30,11,Shizuku,……へぇ、そうなんだ,"……흐응, 그렇구나","……흐응, 그렇구나"
dom2Athena_L05_2.mes,Script/dom2Athena_L05_2.mes,31,32,Shizuku,……そりゃそうだよね、アテナさん<6E5C>と比べたら私なんて……フフフ,"……그야 그렇지, 아테나 씨랑<6E5C>비교하면 나 따위는……후훗","……그야 그렇지, 아테나 씨랑<6E5C>비교하면 나 따위는……후훗"
dom2Athena_L05_2.mes,Script/dom2Athena_L05_2.mes,32,20,주인공,え、あの、巳沢さん、<6E5C>目がすわってる?,"저기, 미사와 씨,<6E5C>눈 풀렸어?","저기, 미사와 씨,<6E5C>눈 풀렸어?"
dom2Athena_L05_2.mes,Script/dom2Athena_L05_2.mes,33,13,주인공,ああもう、誰か助けて……,"아 진짜, 누가 좀……","아 진짜, 누가 좀……"
dom2Athena_L09.mes,Script/dom2Athena_L09.mes,0,7,[효과음/내레이션],♪ピンポーン,♪딩동,♪딩동
dom2Athena_L09.mes,Script/dom2Athena_L09.mes,1,4,주인공,あ……,아……,아……
dom2Athena_L09.mes,Script/dom2Athena_L09.mes,2,5,[효과음/내레이션],ガチャッ,달칵,달칵
dom2Athena_L09.mes,Script/dom2Athena_L09.mes,3,20,Athena,フフッ、こんにちは.<6E5C>今日は妹さんは?,"후훗, 안녕.<6E5C>오늘 여동생은?","후훗, 안녕.<6E5C>오늘 여동생은?"
dom2Athena_L09.mes,Script/dom2Athena_L09.mes,4,10,주인공,買い物に行ってるよ,장 보러 갔어,장 보러 갔어
dom2Athena_L09.mes,Script/dom2Athena_L09.mes,5,6,Athena,へー……?,헤에……?,헤에……?
dom2Athena_L09.mes,Script/dom2Athena_L09.mes,6,38,주인공,あ、なんだよその顔.<6E5C>違うぞ、麻宮が来るから追い出した<6E5C>なんてわけじゃ……,"아, 뭐야 그 표정.<6E5C>아니야, 아사미야 온다고<6E5C>쫓아낸 거 아니야……","아, 뭐야 그 표정.<6E5C>아니야, 아사미야 온다고<6E5C>쫓아낸 거 아니야……"
dom2Athena_L09.mes,Script/dom2Athena_L09.mes,7,17,Athena,誰もそんなこと言ってないじゃない,아무도 그런 말 안<6E5C>했잖아,아무도 그런 말 안<6E5C>했잖아
dom2Athena_L09.mes,Script/dom2Athena_L09.mes,8,8,주인공,そうだけど……,그렇긴 한데,그렇긴 한데
dom2Athena_L09.mes,Script/dom2Athena_L09.mes,9,44,Athena,<이름:3131>くんが、わざとふたりっきり<6E5C>にしてくれたのなら、嬉しいなって<6E5C>考えただけなのに……,"<이름:3131>군이, 일부러 둘이서만<6E5C>있게 해준 거라면, 기쁘겠다고<6E5C>생각했을 뿐인데……","<이름:3131>군이, 일부러 둘이서만<6E5C>있게 해준 거라면, 기쁘겠다고<6E5C>생각했을 뿐인데……"
dom2Athena_L09.mes,Script/dom2Athena_L09.mes,10,7,주인공,あ、麻宮……,아사미야……,아사미야……
dom2Athena_L09.mes,Script/dom2Athena_L09.mes,11,5,[효과음/내레이션],ガチャッ,달칵,달칵
dom2Athena_L09.mes,Script/dom2Athena_L09.mes,12,19,Hotaru,お兄ちゃん、<6E5C>サイフ忘れちゃって……,"오빠, 지갑 놓고 가서……","오빠, 지갑 놓고 가서……"
dom2Athena_L09.mes,Script/dom2Athena_L09.mes,13,5,주인공,…………,…………,…………
dom2Athena_L09.mes,Script/dom2Athena_L09.mes,14,30,Athena,……はじめまして.<6E5C>わたし、お兄さんと同じ学校<6E5C>だった……,"……처음이에요.<6E5C>저, 오빠분이랑 같은 학교<6E5C>였어요……","……처음이에요.<6E5C>저, 오빠분이랑 같은 학교<6E5C>였어요……"
dom2Athena_L09.mes,Script/dom2Athena_L09.mes,15,17,Hotaru,知ってます.麻宮アテナさんですね,알아요. 아사미야 아테나<6E5C>씨죠,알아요. 아사미야 아테나<6E5C>씨죠
dom2Athena_L09.mes,Script/dom2Athena_L09.mes,16,40,Hotaru,昔、お兄ちゃんのクラスに<6E5C>アテナさんがいるのスゴイねって<6E5C>よく言ってたから……,"예전에, 오빠 반에 아테나 씨가<6E5C>있는 게 대단하다고 자주<6E5C>말했으니까……","예전에, 오빠 반에 아테나 씨가<6E5C>있는 게 대단하다고 자주<6E5C>말했으니까……"
dom2Athena_L09.mes,Script/dom2Athena_L09.mes,17,6,주인공,ほたる……,호타루……,호타루……
dom2Athena_L09.mes,Script/dom2Athena_L09.mes,18,25,Hotaru,お兄ちゃん、今もお友達?<6E5C>それとも友達以上なの?,"오빠, 지금도 친구야?<6E5C>아님 친구 이상이야?","오빠, 지금도 친구야?<6E5C>아님 친구 이상이야?"
dom2Athena_L09.mes,Script/dom2Athena_L09.mes,19,38,Hotaru,東京に行ったアテナさんとまだ交流<6E5C>があるなんて、ほたる知らなかった<6E5C>な……,"도쿄 간 아테나 씨랑 아직<6E5C>연락한다니, 호타루 몰랐네……","도쿄 간 아테나 씨랑 아직<6E5C>연락한다니, 호타루 몰랐네……"
dom2Athena_L09.mes,Script/dom2Athena_L09.mes,20,6,[선택지],友達友達以上,친구그 이상,친구그 이상
dom2Athena_L09.mes,Script/dom2Athena_L09.mes,21,23,주인공,バカ、何言ってんだよ.<6E5C>友達に決まってるだろ,"바보, 무슨 말이야.<6E5C>친구가 당연하잖아","바보, 무슨 말이야.<6E5C>친구가 당연하잖아"
dom2Athena_L09.mes,Script/dom2Athena_L09.mes,22,47,Hotaru,ふーん.そっか.そうだよね、<6E5C>アテナさんはアイドルだもんね<485C>あ、ほたる買い物に行ってくるね!,"흐응. 그렇구나. 그러네,<6E5C>아테나 씨는 아이돌이니까<485C>아, 호타루 장 보고 올게!","흐응. 그렇구나. 그러네,<6E5C>아테나 씨는 아이돌이니까<485C>아, 호타루 장 보고 올게!"
dom2Athena_L09.mes,Script/dom2Athena_L09.mes,23,5,[효과음/내레이션],バタンッ,쾅,쾅
dom2Athena_L09.mes,Script/dom2Athena_L09.mes,24,35,Athena,妹さん、とってもお兄さん想い<6E5C>だね.悪いから、わたしも<6E5C>帰ろうかな?,"여동생분, 오빠 생각<6E5C>많이 하네. 미안하니,<6E5C>나도 돌아갈까?","여동생분, 오빠 생각<6E5C>많이 하네. 미안하니,<6E5C>나도 돌아갈까?"
dom2Athena_L09.mes,Script/dom2Athena_L09.mes,25,11,주인공,え、来たばかりなのに,"어, 방금 왔는데","어, 방금 왔는데"
dom2Athena_L09.mes,Script/dom2Athena_L09.mes,26,37,Athena,いいの.<이름:3131>くんとこうやって<6E5C>会えただけで満足だし、<6E5C>仕事もあるからね!,"괜찮아. <이름:3131>군이랑<6E5C>이렇게 만난 것만으로 만족하고,<6E5C>일도 있으니!","괜찮아. <이름:3131>군이랑<6E5C>이렇게 만난 것만으로 만족하고,<6E5C>일도 있으니!"
dom2Athena_L09.mes,Script/dom2Athena_L09.mes,27,11,주인공,友達……以上、かな?,친구……이상이려나,친구……이상이려나
dom2Athena_L09.mes,Script/dom2Athena_L09.mes,28,7,Hotaru,……そっかぁ,……그렇구나,……그렇구나
dom2Athena_L09.mes,Script/dom2Athena_L09.mes,29,7,Athena,<이름:3131>くん……,<이름:3131>군……,<이름:3131>군……
dom2Athena_L09.mes,Script/dom2Athena_L09.mes,30,23,Hotaru,……ほたる、買い物に行ってくる!<6E5C>じゃあねっ,"……호타루, 장 보러 갔다올게!<6E5C>안녕!","……호타루, 장 보러 갔다올게!<6E5C>안녕!"
dom2Athena_L09.mes,Script/dom2Athena_L09.mes,31,5,[효과음/내레이션],バタンッ,쾅,쾅
dom2Athena_L09.mes,Script/dom2Athena_L09.mes,32,20,Athena,……よかったの?<6E5C>あんなこと言って……,……괜찮았어?<6E5C>그런 말 해서……,……괜찮았어?<6E5C>그런 말 해서……
dom2Athena_L09.mes,Script/dom2Athena_L09.mes,33,12,주인공,……っていうか、ごめん,"……라기보다, 미안","……라기보다, 미안"
dom2Athena_L09.mes,Script/dom2Athena_L09.mes,34,20,주인공,迷惑だよな、僕にこんなこと<6E5C>言われても,"민폐지, 나한테 이런 말<6E5C>들어봤자","민폐지, 나한테 이런 말<6E5C>들어봤자"
dom2Athena_L09.mes,Script/dom2Athena_L09.mes,35,7,Athena,わたし嬉しい,나 기뻐,나 기뻐
dom2Athena_L09.mes,Script/dom2Athena_L09.mes,36,16,Athena,嬉しくないわけないじゃない……,안 기쁠 리가 없잖아……,안 기쁠 리가 없잖아……
dom2Athena_L09.mes,Script/dom2Athena_L09.mes,37,5,주인공,麻宮……,아사미야,아사미야
dom2Athena_L09.mes,Script/dom2Athena_L09.mes,38,27,Athena,<이름:3131>くんがそんなに優し<6E5C>かったら、わたし、わたし……,"<이름:3131>군이 그렇게<6E5C>다정하면, 나, 나……","<이름:3131>군이 그렇게<6E5C>다정하면, 나, 나……"
dom2Athena_L09.mes,Script/dom2Athena_L09.mes,39,19,주인공,……あっ、とりあえず上がれよ、<6E5C>麻宮,"……아, 일단 들어와,<6E5C>아사미야","……아, 일단 들어와,<6E5C>아사미야"
dom2Athena_L09.mes,Script/dom2Athena_L09.mes,40,14,주인공,何か食べるだろ?何がいい?,뭔가 먹을래?<6E5C>뭐 좋아?,뭔가 먹을래?<6E5C>뭐 좋아?
dom2Athena_L09.mes,Script/dom2Athena_L09.mes,41,23,Athena,なんでもいい!大地の好きなもの<6E5C>ならなんでも,뭐든 좋아!<6E5C>다이치가 좋아하는 거면<6E5C>뭐든,뭐든 좋아!<6E5C>다이치가 좋아하는 거면<6E5C>뭐든
dom2Athena_L09.mes,Script/dom2Athena_L09.mes,42,6,주인공,……大地?,다이치?,다이치?
dom2Athena_L09.mes,Script/dom2Athena_L09.mes,43,12,Athena,!<020A>……ご、ごめんっ!,"!<020A>……미, 미안!","!<020A>……미, 미안!"
dom2Athena_L09.mes,Script/dom2Athena_L09.mes,44,12,주인공,……いま、大地って……,"……방금, 다이치라니","……방금, 다이치라니"
dom2Athena_L09.mes,Script/dom2Athena_L09.mes,45,19,Athena,ごめん、<이름:3131>くん、<6E5C>ごめんなさいっ!,"미안, <이름:3131>군,<6E5C>미안해!","미안, <이름:3131>군,<6E5C>미안해!"
dom2Athena_L09.mes,Script/dom2Athena_L09.mes,46,4,[효과음/내레이션],バンッ,쾅,쾅
dom2Athena_L09.mes,Script/dom2Athena_L09.mes,47,20,주인공,ちょっ、麻宮っ!?<6E5C>待てよ、おいっ――,"잠, 아사미야!?<6E5C>기다려, 야――","잠, 아사미야!?<6E5C>기다려, 야――"
dom2Athena_L09.mes,Script/dom2Athena_L09.mes,48,8,주인공,(……大地?),(다이치?),(다이치?)
dom2Athena_L09.mes,Script/dom2Athena_L09.mes,49,32,주인공,(……そういえば……同級生で<6E5C>そんな名前の奴がいたような……),(……그러고 보니……동창에<6E5C>그런 이름 있던 것<6E5C>같은……),(……그러고 보니……동창에<6E5C>그런 이름 있던 것<6E5C>같은……)
dom2Athena_L10.mes,Script/dom2Athena_L10.mes,0,7,UNKNOWN_1e,<이름:3131>くん……,<이름:3131>군……,<이름:3131>군……
dom2Athena_L10.mes,Script/dom2Athena_L10.mes,1,26,주인공,麻宮!?<6E5C>どうしたんだよ、<6E5C>こんなとこにひとりで!,"아사미야!? 왜 그래,<6E5C>이런 데 혼자서!","아사미야!? 왜 그래,<6E5C>이런 데 혼자서!"
dom2Athena_L10.mes,Script/dom2Athena_L10.mes,2,11,Athena,……ごめん、<이름:3131>くん,"……미안, <이름:3131>군","……미안, <이름:3131>군"
dom2Athena_L10.mes,Script/dom2Athena_L10.mes,3,10,주인공,……この前のこと?,……저번 일 때문,……저번 일 때문
dom2Athena_L10.mes,Script/dom2Athena_L10.mes,4,11,주인공,いいよ.気にするなよ,괜찮아. 신경 쓰지,괜찮아. 신경 쓰지
dom2Athena_L10.mes,Script/dom2Athena_L10.mes,5,12,Athena,……あの、大地って……,"……저기, 다이치란","……저기, 다이치란"
dom2Athena_L10.mes,Script/dom2Athena_L10.mes,6,9,주인공,僕も思い出したよ,나도 생각났어,나도 생각났어
dom2Athena_L10.mes,Script/dom2Athena_L10.mes,7,38,주인공,……そうだよ、あの頃、麻宮には<6E5C>僕なんかより親しいクラスメイトが<6E5C>いたよね,"……맞아, 그때, 아사미야한텐<6E5C>나보다 친한 반 친구가<6E5C>있었지","……맞아, 그때, 아사미야한텐<6E5C>나보다 친한 반 친구가<6E5C>있었지"
dom2Athena_L10.mes,Script/dom2Athena_L10.mes,8,11,주인공,村上大地っていう男だ,무라카미 다이치야,무라카미 다이치야
dom2Athena_L10.mes,Script/dom2Athena_L10.mes,9,5,Athena,…………,…………,…………
dom2Athena_L10.mes,Script/dom2Athena_L10.mes,10,68,주인공,幼馴染だったんだろう?<6E5C>清泉学園を卒業して、<6E5C>オーストラリアに行ったって<485C>閉いて以来忘れてたけど、でも、<6E5C>どうしてそいつの名前が突然?,"소꿉친구였잖아?<6E5C>세이센 학원 졸업하고,<6E5C>호주 갔다고 들었는데<485C>잊고 있었는데, 근데,<6E5C>왜 갑자기 그 녀석 이름이?","소꿉친구였잖아?<6E5C>세이센 학원 졸업하고,<6E5C>호주 갔다고 들었는데<485C>잊고 있었는데, 근데,<6E5C>왜 갑자기 그 녀석 이름이?"
dom2Athena_L10.mes,Script/dom2Athena_L10.mes,11,5,Athena,…………,…………,…………
dom2Athena_L10.mes,Script/dom2Athena_L10.mes,12,38,주인공,……誰にでも言い間違えることぐら<6E5C>いあるよ.そんなことで帰らなくっ<6E5C>たって,……누구나 잘못 말할 때는<6E5C>있잖아. 그런 걸로 안 가도 되는데,……누구나 잘못 말할 때는<6E5C>있잖아. 그런 걸로 안 가도 되는데
dom2Athena_L10.mes,Script/dom2Athena_L10.mes,13,5,Athena,違うの!,아니야!,아니야!
dom2Athena_L10.mes,Script/dom2Athena_L10.mes,14,3,주인공,!?,!?,!?
dom2Athena_L10.mes,Script/dom2Athena_L10.mes,15,19,Athena,……ただの幼馴染なんかじゃ<6E5C>なかった,……그냥 소꿉친구가<6E5C>아니었어,……그냥 소꿉친구가<6E5C>아니었어
dom2Athena_L10.mes,Script/dom2Athena_L10.mes,16,13,Athena,好きだったの、わたし……,"좋아했었어, 나……","좋아했었어, 나……"
dom2Athena_L10.mes,Script/dom2Athena_L10.mes,17,27,Athena,大地も同じだった.<6E5C>わたしたち、離れてたけど心は……,다이치도 마찬가지였어.<6E5C>떨어져 있어도 마음은……,다이치도 마찬가지였어.<6E5C>떨어져 있어도 마음은……
dom2Athena_L10.mes,Script/dom2Athena_L10.mes,18,5,주인공,…………,…………,…………
dom2Athena_L10.mes,Script/dom2Athena_L10.mes,19,16,Athena,……でも、ダメになっちゃったの,"……근데, 안 되게 됐어","……근데, 안 되게 됐어"
dom2Athena_L10.mes,Script/dom2Athena_L10.mes,20,7,주인공,ダメって……,안 된다니,안 된다니
dom2Athena_L10.mes,Script/dom2Athena_L10.mes,21,17,Athena,……別れちゃったんだ、わたしたち,"……헤어졌어, 우리","……헤어졌어, 우리"
dom2Athena_L10.mes,Script/dom2Athena_L10.mes,22,17,Athena,1年前、大地から別れたいって……,1년 전 다이치가 헤어지자고,1년 전 다이치가 헤어지자고
dom2Athena_L10.mes,Script/dom2Athena_L10.mes,23,15,주인공,そんな、麻宮がフラれるなんて,"그런, 아사미야가 차이다니","그런, 아사미야가 차이다니"
dom2Athena_L10.mes,Script/dom2Athena_L10.mes,24,43,Athena,付き合いだしてすぐ離れ離れになっ<6E5C>ちゃったから、恋人同士なんて言え<6E5C>なかったかな……,"사귀기 시작하자마자 떨어지게<6E5C>됐으니까, 연인 사이라고 말하긴<6E5C>어려웠을지도……","사귀기 시작하자마자 떨어지게<6E5C>됐으니까, 연인 사이라고 말하긴<6E5C>어려웠을지도……"
dom2Athena_L10.mes,Script/dom2Athena_L10.mes,25,55,Athena,でも、わたしは平気だった.<6E5C>どこにいたって、何をしてたって、<6E5C>大地の心がわかったもの<485C>さみしくなんかなかった,"근데, 난 괜찮았어. 어디에 있든,<6E5C>뭘 하든, 다이치 마음을 알 수<6E5C>있었으니까<485C>외롭지 않았어","근데, 난 괜찮았어. 어디에 있든,<6E5C>뭘 하든, 다이치 마음을 알 수<6E5C>있었으니까<485C>외롭지 않았어"
dom2Athena_L10.mes,Script/dom2Athena_L10.mes,26,44,Athena,いつも大地の心が、わたしの支え<6E5C>だった.でも、そう思ってたのは<6E5C>わたしだけだったみたい,"언제나 다이치 마음이,<6E5C>내 버팀목이었어. 근데, 그렇게<6E5C>생각한 건 나뿐인가 봐","언제나 다이치 마음이,<6E5C>내 버팀목이었어. 근데, 그렇게<6E5C>생각한 건 나뿐인가 봐"
dom2Athena_L10.mes,Script/dom2Athena_L10.mes,27,49,Athena,大地は何も感じないし、離れてたら<6E5C>いないも同然だもんね.ひとりで<6E5C>安心してたわたしが悪いんだ……,"다이치는 아무것도 몰랐던<6E5C>거겠지. 나 혼자 안심했던<6E5C>거야, 착각한 거였어……","다이치는 아무것도 몰랐던<6E5C>거겠지. 나 혼자 안심했던<6E5C>거야, 착각한 거였어……"
dom2Athena_L10.mes,Script/dom2Athena_L10.mes,28,9,주인공,……じゃあ、今は,"그럼, 지금은","그럼, 지금은"
dom2Athena_L10.mes,Script/dom2Athena_L10.mes,29,21,Athena,もう連絡も取ってないし、<6E5C>何もわからない,"이제 연락도 안 하고,<6E5C>아무것도 몰라","이제 연락도 안 하고,<6E5C>아무것도 몰라"
dom2Athena_L10.mes,Script/dom2Athena_L10.mes,30,45,Athena,あれから何も感じなくなっちゃっ<6E5C>た、わたし…….ただ、笑顔で<6E5C>歌って踊る、お人形さんだよ,"그 뒤로 아무것도 못 느끼게<6E5C>됐어, 나…….그냥 웃으며<6E5C>노래하고 춤추는 인형이야","그 뒤로 아무것도 못 느끼게<6E5C>됐어, 나…….그냥 웃으며<6E5C>노래하고 춤추는 인형이야"
dom2Athena_L10.mes,Script/dom2Athena_L10.mes,31,5,주인공,…………,…………,…………
dom2Athena_L10.mes,Script/dom2Athena_L10.mes,32,19,Athena,……ごめんなさい、<6E5C>突然こんな話して,"……미안해, 갑자기<6E5C>이런 얘기해서","……미안해, 갑자기<6E5C>이런 얘기해서"
dom2Athena_L10.mes,Script/dom2Athena_L10.mes,33,5,주인공,いや……,아니……,아니……
dom2Athena_L10.mes,Script/dom2Athena_L10.mes,34,42,Athena,忘れようと、いっぱい仕事した.<6E5C>考える間を与えないように、<6E5C>芸能活動に打ち込んだわ,"잊으려고, 일 많이 했어.<6E5C>생각할 틈 안 주려고,<6E5C>연예 활동에 몰두했어","잊으려고, 일 많이 했어.<6E5C>생각할 틈 안 주려고,<6E5C>연예 활동에 몰두했어"
dom2Athena_L10.mes,Script/dom2Athena_L10.mes,35,40,Athena,だけど……やっぱり忘れられ<6E5C>ないね.<이름:3131>くんを大地と<6E5C>間違えるなんて、最低……,"근데……역시 못 잊나 봐.<6E5C><이름:3131>군을 다이치랑<6E5C>착각하다니, 최악……","근데……역시 못 잊나 봐.<6E5C><이름:3131>군을 다이치랑<6E5C>착각하다니, 최악……"
dom2Athena_L10.mes,Script/dom2Athena_L10.mes,36,5,주인공,…………,…………,…………
dom2Athena_L10.mes,Script/dom2Athena_L10.mes,37,17,Athena,嫌いになったでしょ?わたしのこと,싫어졌지? 나 같은 거,싫어졌지? 나 같은 거
dom2Athena_L10.mes,Script/dom2Athena_L10.mes,38,29,Athena,<이름:3131>くんの優しさに逃げて<6E5C>たんだよ、わたし.<6E5C>ひどいよね,"<이름:3131>군의 다정함에<6E5C>도망친 거야, 나. 못됐지","<이름:3131>군의 다정함에<6E5C>도망친 거야, 나. 못됐지"
dom2Athena_L10.mes,Script/dom2Athena_L10.mes,39,9,주인공,そんなことないよ,그렇지 않아,그렇지 않아
dom2Athena_L10.mes,Script/dom2Athena_L10.mes,40,28,Athena,もう、迷惑かけないから.<6E5C>わたしの休みももうすぐ終わり,"이제, 폐 안 끼칠게.<6E5C>내 휴가도 곧 끝나","이제, 폐 안 끼칠게.<6E5C>내 휴가도 곧 끝나"
dom2Athena_L10.mes,Script/dom2Athena_L10.mes,41,31,Athena,また、仕事ばかりのアイドル。麻宮<6E5C>アテナに戻るから、安心して,"다시 일만 하는 아이돌로<6E5C>돌아갈 테니, 안심해","다시 일만 하는 아이돌로<6E5C>돌아갈 테니, 안심해"
dom2Athena_L10.mes,Script/dom2Athena_L10.mes,42,32,Athena,それだけ言いたかったの.<6E5C><이름:3131>くん、ありがとう.<6E5C>さよなら……,"그 말이 하고 싶었어.<6E5C><이름:3131>군, 고마워.<6E5C>안녕……","그 말이 하고 싶었어.<6E5C><이름:3131>군, 고마워.<6E5C>안녕……"
dom2Athena_L10.mes,Script/dom2Athena_L10.mes,43,5,주인공,待てよ!,기다려!,기다려!
dom2Athena_L10.mes,Script/dom2Athena_L10.mes,44,14,[선택지],元気出せよさよならなんて嫌だ,기운 내라안녕은 싫어,기운 내라안녕은 싫어
dom2Athena_L10.mes,Script/dom2Athena_L10.mes,45,29,주인공,元気、出せよ.そんな悲しい顔で<6E5C>さよならなんて、言うなよ,"기운 내.<6E5C>그렇게 슬픈 얼굴로<6E5C>안녕이라니, 말하지마","기운 내.<6E5C>그렇게 슬픈 얼굴로<6E5C>안녕이라니, 말하지마"
dom2Athena_L10.mes,Script/dom2Athena_L10.mes,46,7,Athena,<이름:3131>くん……,<이름:3131>군……,<이름:3131>군……
dom2Athena_L10.mes,Script/dom2Athena_L10.mes,47,35,주인공,僕の知ってる麻宮アテナは、<6E5C>いつも元気だぞ?<6E5C>そんな暗い顔じゃないよ,"내가 아는 아테나는,<6E5C>항상 씩씩하잖아? 어두운<6E5C>얼굴이 아니야","내가 아는 아테나는,<6E5C>항상 씩씩하잖아? 어두운<6E5C>얼굴이 아니야"
dom2Athena_L10.mes,Script/dom2Athena_L10.mes,48,5,Athena,……うん,……응,……응
dom2Athena_L10.mes,Script/dom2Athena_L10.mes,49,26,Athena,ありがとう、<이름:3131>くん.<6E5C>やっぱり<이름:3131>くんは優しいね,"고마워, <이름:3131>군.<6E5C>역시 <이름:3131>군은 다정하네","고마워, <이름:3131>군.<6E5C>역시 <이름:3131>군은 다정하네"
dom2Athena_L10.mes,Script/dom2Athena_L10.mes,50,28,Athena,わたし、この街で<이름:3131>くんに<6E5C>再会できて、よかった……!,이 동네에서 <이름:3131>군을<6E5C>다시 만나서 다행이야……!,이 동네에서 <이름:3131>군을<6E5C>다시 만나서 다행이야……!
dom2Athena_L10.mes,Script/dom2Athena_L10.mes,51,12,주인공,さよならなんて嫌だよ!,안녕이란 말은 싫어!,안녕이란 말은 싫어!
dom2Athena_L10.mes,Script/dom2Athena_L10.mes,52,7,Athena,<이름:3131>くん……,<이름:3131>군……,<이름:3131>군……
dom2Athena_L10.mes,Script/dom2Athena_L10.mes,53,31,주인공,間違えてもいいよ.<6E5C>僕のこと、そいつと重ねて<6E5C>見ても構わない,착각해도 괜찮아.<6E5C>날 그 녀석이랑 겹쳐<6E5C>봐도 상관없어,착각해도 괜찮아.<6E5C>날 그 녀석이랑 겹쳐<6E5C>봐도 상관없어
dom2Athena_L10.mes,Script/dom2Athena_L10.mes,54,16,주인공,だけど、さよならなんて言うなよ,"근데, 안녕이란 말은 하지마","근데, 안녕이란 말은 하지마"
dom2Athena_L10.mes,Script/dom2Athena_L10.mes,55,41,주인공,悲しい過去なんて誰にでもある.<6E5C>無理に忘れようとするな.<6E5C>そのままでいいんだ……,슬픈 과거는 누구에게나 있어.<6E5C>억지로 잊으려 하지마.<6E5C>그대로도 괜찮아……,슬픈 과거는 누구에게나 있어.<6E5C>억지로 잊으려 하지마.<6E5C>그대로도 괜찮아……
dom2Athena_L10.mes,Script/dom2Athena_L10.mes,56,5,Athena,でも……,근데……,근데……
dom2Athena_L10.mes,Script/dom2Athena_L10.mes,57,15,주인공,だから、さよならなんて言うな,"그러니까, 안녕이라 하지마","그러니까, 안녕이라 하지마"
dom2Athena_L10.mes,Script/dom2Athena_L10.mes,58,36,주인공,このままお別れなんて、<6E5C>麻宮が耐えられても、<6E5C>僕が耐えられないから……,"이대로 이별이라니,<6E5C>아사미야가 견뎌도,<6E5C>내가 못 견디니까……","이대로 이별이라니,<6E5C>아사미야가 견뎌도,<6E5C>내가 못 견디니까……"
dom2Athena_L10.mes,Script/dom2Athena_L10.mes,59,5,Athena,<이름:3131>くん,<이름:3131>군,<이름:3131>군
dom2Athena_L10.mes,Script/dom2Athena_L10.mes,60,13,주인공,……ごめん、わがままだな,"……미안, 이기적이네","……미안, 이기적이네"
dom2Athena_L10.mes,Script/dom2Athena_L10.mes,61,22,주인공,こんなこと言われても、<6E5C>迷惑だろうけど……,"이런 말 들어도,<6E5C>곤란하겠지만……","이런 말 들어도,<6E5C>곤란하겠지만……"
dom2Athena_L10.mes,Script/dom2Athena_L10.mes,62,8,Athena,……ありがとう,……고마워,……고마워
dom2Athena_L10.mes,Script/dom2Athena_L10.mes,63,25,Athena,わたしも、ちょっとわがままに<6E5C>なってもいいかな?,"나도, 조금 이기적이어도<6E5C>될까?","나도, 조금 이기적이어도<6E5C>될까?"
dom2Athena_L10.mes,Script/dom2Athena_L10.mes,64,27,Athena,なんだか、<이름:3131>くんから離れ<6E5C>られないみたいだから……,"왠지, <이름:3131>군한테서<6E5C>못 떨어질 것 같으니까……","왠지, <이름:3131>군한테서<6E5C>못 떨어질 것 같으니까……"
dom2Athena_M01.mes,Script/dom2Athena_M01.mes,0,13,주인공,う、う~ん、頭が痛い……,"윽, 머리 아파……","윽, 머리 아파……"
dom2Athena_M01.mes,Script/dom2Athena_M01.mes,1,24,주인공,それに、両脇に変な違和感がある…<6E5C>…なんだろう,"게다가, 양옆에 위화감이<6E5C>있어……뭘까","게다가, 양옆에 위화감이<6E5C>있어……뭘까"
dom2Athena_M01.mes,Script/dom2Athena_M01.mes,2,6,주인공,……ハッ!,……헉!,……헉!
dom2Athena_M01.mes,Script/dom2Athena_M01.mes,3,12,주인공,……こ、これはいったい,"……이, 이게 대체","……이, 이게 대체"
dom2Athena_M01.mes,Script/dom2Athena_M01.mes,4,5,Shizuku,すやすや,새근새근,새근새근
dom2Athena_M01.mes,Script/dom2Athena_M01.mes,5,6,Athena,くー、くー,"쿨, 쿨","쿨, 쿨"
dom2Athena_M01.mes,Script/dom2Athena_M01.mes,6,8,주인공,……ダ、ダメだ,……안 돼,……안 돼
dom2Athena_M01.mes,Script/dom2Athena_M01.mes,7,15,주인공,金縛りにあったように動けない,몸이 안 움직여,몸이 안 움직여
dom2Athena_M01.mes,Script/dom2Athena_M01.mes,8,22,주인공,僕はどうすればこの場から脱するこ<6E5C>とが……,난 어떻게 해야 이 자리를<6E5C>벗어날지……,난 어떻게 해야 이 자리를<6E5C>벗어날지……
dom2Athena_M01.mes,Script/dom2Athena_M01.mes,9,39,주인공,いや、むしろ脱したくない!<6E5C>これは、あまりにも幸せな構図<6E5C>なのではないか!?,"아니, 오히려 벗어나고 싶지 않아!<6E5C>이건 너무 행복한<6E5C>구도 아닌가!?","아니, 오히려 벗어나고 싶지 않아!<6E5C>이건 너무 행복한<6E5C>구도 아닌가!?"
dom2Athena_M01.mes,Script/dom2Athena_M01.mes,10,14,주인공,時よ、どうかこのままで……,"시간이여, 부디 이대로","시간이여, 부디 이대로"
dom2Athena_M01.mes,Script/dom2Athena_M01.mes,11,6,Shizuku,う~ん……,으~응……,으~응……
dom2Athena_M01.mes,Script/dom2Athena_M01.mes,12,7,Shizuku,きゃあぁっ!,꺄아악!,꺄아악!
dom2Athena_M01.mes,Script/dom2Athena_M01.mes,13,19,Shizuku,な、なんで私……<6E5C>こんなところに!?,"나, 나 왜……<6E5C>이런 데에!?","나, 나 왜……<6E5C>이런 데에!?"
dom2Athena_M01.mes,Script/dom2Athena_M01.mes,14,11,Shizuku,え、<이름:3131>くんの部屋?,"어, <이름:3131>군 방?","어, <이름:3131>군 방?"
dom2Athena_M01.mes,Script/dom2Athena_M01.mes,15,12,주인공,……巳沢さん、おはよう,"……미사와 씨, 안녕","……미사와 씨, 안녕"
dom2Athena_M01.mes,Script/dom2Athena_M01.mes,16,25,Shizuku,ご、ごめんなさい.<이름:3131>くんのお家<6E5C>にご迷惑を……,"미, 미안해요.<6E5C><이름:3131>군 집에 폐를……","미, 미안해요.<6E5C><이름:3131>군 집에 폐를……"
dom2Athena_M01.mes,Script/dom2Athena_M01.mes,17,8,Shizuku,私、帰るねっ!,"저, 갈게요!","저, 갈게요!"
dom2Athena_M01.mes,Script/dom2Athena_M01.mes,18,11,주인공,え、あ、ちょっと……,"어, 아, 잠깐……","어, 아, 잠깐……"
dom2Athena_M01.mes,Script/dom2Athena_M01.mes,19,6,[효과음/내레이션],バタンッ!,쾅!,쾅!
dom2Athena_M01.mes,Script/dom2Athena_M01.mes,20,12,주인공,そんな急がなくても……,안 서둘러도……,안 서둘러도……
dom2Athena_M01.mes,Script/dom2Athena_M01.mes,21,7,UNKNOWN_1e,きゃああっ!,꺄아앗!,꺄아앗!
dom2Athena_M01.mes,Script/dom2Athena_M01.mes,22,12,Athena,何コレ、どーゆーこと?,이게 뭐야?,이게 뭐야?
dom2Athena_M01.mes,Script/dom2Athena_M01.mes,23,20,주인공,あ、起きたのか麻宮.<6E5C>昨夜は飲んで……,일어났어? 아사미야.<6E5C>어제 마시고,일어났어? 아사미야.<6E5C>어제 마시고
dom2Athena_M01.mes,Script/dom2Athena_M01.mes,24,41,Athena,やだもうこんな時間!<6E5C>マネージャーに怒られちゃうっ!<6E5C>じゃーね<이름:3131>くん、またねっ,"싫어 벌써 이런 시간!<6E5C>매니저한테 혼나겠다!<6E5C>안녕 <이름:3131>군, 또 봐","싫어 벌써 이런 시간!<6E5C>매니저한테 혼나겠다!<6E5C>안녕 <이름:3131>군, 또 봐"
dom2Athena_M01.mes,Script/dom2Athena_M01.mes,25,6,[효과음/내레이션],バタンッ!,쾅!,쾅!
dom2Athena_M01.mes,Script/dom2Athena_M01.mes,26,5,주인공,…………,…………,…………
dom2Athena_M01.mes,Script/dom2Athena_M01.mes,27,11,주인공,……なんだったんだ?,……뭐였던 거지?,……뭐였던 거지?
dom2Athena_M01.mes,Script/dom2Athena_M01.mes,28,26,주인공,まぁいいか.これはなかったことに<6E5C>しよう……ワハハ,뭐 됐나. 이건 없었던 일로<6E5C>하자……와하하,뭐 됐나. 이건 없었던 일로<6E5C>하자……와하하
dom2Athena_M02.mes,Script/dom2Athena_M02.mes,0,14,[효과음/내레이션],ドンドンッ<020A>ドンドンドンッ,쾅쾅<020A>쾅쾅쾅,쾅쾅<020A>쾅쾅쾅
dom2Athena_M02.mes,Script/dom2Athena_M02.mes,1,37,주인공,なな、なんだ?こんな時間に<6E5C>インターホンも押さず、<6E5C>ドアを叩いているのは,"누, 누구야? 이런 시간에<6E5C>초인종도 안 누르고,<6E5C>문을 두드리는 건","누, 누구야? 이런 시간에<6E5C>초인종도 안 누르고,<6E5C>문을 두드리는 건"
dom2Athena_M02.mes,Script/dom2Athena_M02.mes,2,5,[효과음/내레이션],ガチャッ,달칵,달칵
dom2Athena_M02.mes,Script/dom2Athena_M02.mes,3,25,UNKNOWN_1e,アカン、アカン!<6E5C>そらアカンで自分!許さへんで!,"안 되지, 안 되지!<6E5C>임마! 용서 못 해!","안 되지, 안 되지!<6E5C>임마! 용서 못 해!"
dom2Athena_M02.mes,Script/dom2Athena_M02.mes,4,33,주인공,わぁっ.いったい誰なんですか、<6E5C>あなた.新閉は間に合ってますよ!,"으악. 대체 누구세요,<6E5C>당신. 신문은 필요 없어요!","으악. 대체 누구세요,<6E5C>당신. 신문은 필요 없어요!"
dom2Athena_M02.mes,Script/dom2Athena_M02.mes,5,16,UNKNOWN_1e,誰が新閉の勧誘員やねん、コラ!,"누가 신문 영업이야, 인마!","누가 신문 영업이야, 인마!"
dom2Athena_M02.mes,Script/dom2Athena_M02.mes,6,52,UNKNOWN_1e,ワイは、今や知らん者はおらん、<6E5C>泣く子も黙る<6E5C>世界のトップアイドル、<485C>麻宮アテナのマネージャーさんや!,"나, 모르는 사람 없는,<6E5C>우는 애도 뚝 그치는<6E5C>세계 톱 아이돌,<485C>아사미야 아테나의 매니저다!","나, 모르는 사람 없는,<6E5C>우는 애도 뚝 그치는<6E5C>세계 톱 아이돌,<485C>아사미야 아테나의 매니저다!"
dom2Athena_M02.mes,Script/dom2Athena_M02.mes,7,9,주인공,えっ、麻宮の……,"엣, 아사미야?","엣, 아사미야?"
dom2Athena_M02.mes,Script/dom2Athena_M02.mes,8,33,UNKNOWN_1b,自分、最近ウチのアテナとえらい<6E5C>仲良いらしいけどな、そらアカンで,"너, 요즘 우리 아테나랑<6E5C>엄청 친하다며, 그건 안 되지","너, 요즘 우리 아테나랑<6E5C>엄청 친하다며, 그건 안 되지"
dom2Athena_M02.mes,Script/dom2Athena_M02.mes,9,40,UNKNOWN_1b,君とウチのアテナでは住む世界が<6E5C>違うんや.変な勘違いしてもらっ<6E5C>たら困んねや!,너랑 우리 아테나는 사는<6E5C>세계가 달라. 이상한 착각<6E5C>하면 곤란하다니까!,너랑 우리 아테나는 사는<6E5C>세계가 달라. 이상한 착각<6E5C>하면 곤란하다니까!
dom2Athena_M02.mes,Script/dom2Athena_M02.mes,10,11,주인공,そんな、僕は別に……,"그런, 전 딱히……","그런, 전 딱히……"
dom2Athena_M02.mes,Script/dom2Athena_M02.mes,11,47,UNKNOWN_1b,なんや、元クラスメイトっちゅーこ<6E5C>とで会うたりしてるらしいけど、<6E5C>そんなスキンシップ今だけや,"뭐야, 옛날 반 친구라고<6E5C>만나고 있다는데, 그런 스킨십도<6E5C>지금뿐이야","뭐야, 옛날 반 친구라고<6E5C>만나고 있다는데, 그런 스킨십도<6E5C>지금뿐이야"
dom2Athena_M02.mes,Script/dom2Athena_M02.mes,12,39,UNKNOWN_1b,オフも今月で終わり.来月からまた<6E5C>東京に戻って、世界を相手に活躍<6E5C>するんや!,"휴가도 이번 달 끝.<6E5C>다음 달엔 도쿄로 가서,<6E5C>세계 상대로 활약한다고","휴가도 이번 달 끝.<6E5C>다음 달엔 도쿄로 가서,<6E5C>세계 상대로 활약한다고"
dom2Athena_M02.mes,Script/dom2Athena_M02.mes,13,28,UNKNOWN_1b,君と付き合うてる時間なんて、<6E5C>1秒たりともナイんやで!,"너랑 어울릴 시간 따위,<6E5C>1초도 없다고!","너랑 어울릴 시간 따위,<6E5C>1초도 없다고!"
dom2Athena_M02.mes,Script/dom2Athena_M02.mes,14,19,주인공,わ、わかってますよ、<6E5C>それくらい……,"아, 알고 있어요,<6E5C>그 정도는……","아, 알고 있어요,<6E5C>그 정도는……"
dom2Athena_M02.mes,Script/dom2Athena_M02.mes,15,9,UNKNOWN_1b,ど~だかなぁ……,글쎄다~……,글쎄다~……
dom2Athena_M02.mes,Script/dom2Athena_M02.mes,16,33,UNKNOWN_1b,まったく、あの村上っちゅー男と<6E5C>いい、ホンマいい加減な男は困るで,"참말로, 무라카미란<6E5C>남자하며, 대충인 남자는<6E5C>곤란하다니까","참말로, 무라카미란<6E5C>남자하며, 대충인 남자는<6E5C>곤란하다니까"
dom2Athena_M02.mes,Script/dom2Athena_M02.mes,17,6,주인공,……村上?,무라카미?,무라카미?
dom2Athena_M02.mes,Script/dom2Athena_M02.mes,18,27,UNKNOWN_1b,とにかく!今後一切アテナに手ェ<6E5C>出さんでくれるかぁ!,아무튼! 앞으로 절대 아테나한테<6E5C>손대지 마라!,아무튼! 앞으로 절대 아테나한테<6E5C>손대지 마라!
dom2Athena_M02.mes,Script/dom2Athena_M02.mes,19,27,UNKNOWN_1b,ここで退くんが身のためや.<6E5C>男やったら閉き入れぇや!,여기서 물러나는 게 좋다.<6E5C>사내라면 새겨들어!,여기서 물러나는 게 좋다.<6E5C>사내라면 새겨들어!
dom2Athena_M02.mes,Script/dom2Athena_M02.mes,20,8,주인공,……断ります!,거절합니다!,거절합니다!
dom2Athena_M02.mes,Script/dom2Athena_M02.mes,21,9,UNKNOWN_1b,な、なんやてぇ?,"머, 뭐라꼬?","머, 뭐라꼬?"
dom2Athena_M02.mes,Script/dom2Athena_M02.mes,22,21,주인공,住む世界が違うなんてこと、<6E5C>ありえません,"사는 세계가 다르다니,<6E5C>말도 안 돼요","사는 세계가 다르다니,<6E5C>말도 안 돼요"
dom2Athena_M02.mes,Script/dom2Athena_M02.mes,23,32,주인공,僕と麻宮が生きているのは同じひと<6E5C>つの星です.今という現在です,저와 아사미야는 같은 별에<6E5C>살아요. 지금이라는 현재에,저와 아사미야는 같은 별에<6E5C>살아요. 지금이라는 현재에
dom2Athena_M02.mes,Script/dom2Athena_M02.mes,24,46,주인공,たとえ江坂と東京で離れても、日本<6E5C>と外国で離れても、住む世界が違う<6E5C>なんてことありえません,"에사카와 도쿄로 떨어져도,<6E5C>일본과 외국으로 떨어져도,<6E5C>사는 세계가 다르진 않아요","에사카와 도쿄로 떨어져도,<6E5C>일본과 외국으로 떨어져도,<6E5C>사는 세계가 다르진 않아요"
dom2Athena_M02.mes,Script/dom2Athena_M02.mes,25,28,주인공,それはきっと麻宮も同じ<6E5C>気持ちです!お引取りください!,그건 아사미야도 같은<6E5C>마음일 거예요! 가주세요!,그건 아사미야도 같은<6E5C>마음일 거예요! 가주세요!
dom2Athena_M02.mes,Script/dom2Athena_M02.mes,26,22,UNKNOWN_1b,……ほほう.<6E5C>えらい、ゆうてくれるやないか,"……호오. 제법,<6E5C>말 잘하는구먼","……호오. 제법,<6E5C>말 잘하는구먼"
dom2Athena_M02.mes,Script/dom2Athena_M02.mes,27,49,UNKNOWN_1b,ほな、その蜘の友情を見せてもらお<6E5C>か.ゆーとくけど、ウチのアテナを<6E5C>泣かせたらタダじゃおかんで!,"그라믄, 그 각오 한번 보자.<6E5C>말해두는데, 우리 아테나<6E5C>울리면 가만 안 둔데이!","그라믄, 그 각오 한번 보자.<6E5C>말해두는데, 우리 아테나<6E5C>울리면 가만 안 둔데이!"
dom2Athena_M02.mes,Script/dom2Athena_M02.mes,28,16,주인공,そんなこと、ぜったいにしません,"그런 짓, 절대 안 해요","그런 짓, 절대 안 해요"
dom2Athena_M02.mes,Script/dom2Athena_M02.mes,29,21,UNKNOWN_1b,自分の覚悟、見極めさせてもらうか<6E5C>らな!,"네 각오, 두 눈으로<6E5C>지켜볼 테니까!","네 각오, 두 눈으로<6E5C>지켜볼 테니까!"
dom2Athena_M02.mes,Script/dom2Athena_M02.mes,30,6,[효과음/내레이션],バタンッ!,쾅!,쾅!
dom2Athena_M02.mes,Script/dom2Athena_M02.mes,31,16,주인공,……大丈夫.僕は逃げたりしない,괜찮아. 난 도망치지 않아,괜찮아. 난 도망치지 않아
dom2Athena_X01.mes,Script/dom2Athena_X01.mes,0,5,주인공,…………,…………,…………
dom2Athena_X01.mes,Script/dom2Athena_X01.mes,1,11,Hotaru,お兄ちゃん、おはよう,"오빠, 좋은 아침","오빠, 좋은 아침"
dom2Athena_X01.mes,Script/dom2Athena_X01.mes,2,10,주인공,……ああ、おはよう,"아, 좋은 아침","아, 좋은 아침"
dom2Athena_X01.mes,Script/dom2Athena_X01.mes,3,19,Hotaru,お兄ちゃん……最近、<6E5C>元気なくない?,"오빠……요즘, 기운<6E5C>없지 않아?","오빠……요즘, 기운<6E5C>없지 않아?"
dom2Athena_X01.mes,Script/dom2Athena_X01.mes,4,8,주인공,え……そうか?,어……그런가?,어……그런가?
dom2Athena_X01.mes,Script/dom2Athena_X01.mes,5,10,Hotaru,誰か、待ってるの?,누구 기다려?,누구 기다려?
dom2Athena_X01.mes,Script/dom2Athena_X01.mes,6,6,주인공,誰かって?,누구라니?,누구라니?
dom2Athena_X01.mes,Script/dom2Athena_X01.mes,7,8,Hotaru,……知らない!,……몰라!,……몰라!
dom2Athena_X01.mes,Script/dom2Athena_X01.mes,8,17,Hotaru,お兄ちゃんが一番知ってるでしょ?,오빠가 제일 잘 알잖아?,오빠가 제일 잘 알잖아?
dom2Athena_X01.mes,Script/dom2Athena_X01.mes,9,7,주인공,何のことだよ,무슨 소리야,무슨 소리야
dom2Athena_X01.mes,Script/dom2Athena_X01.mes,10,31,Hotaru,お兄ちゃん……なんだか最近遠くに<6E5C>行っちゃったような気がする,오빠……왠지 요즘 멀리<6E5C>가버린 것 같은 느낌이 들어,오빠……왠지 요즘 멀리<6E5C>가버린 것 같은 느낌이 들어
dom2Athena_X01.mes,Script/dom2Athena_X01.mes,11,12,Hotaru,ほたる、さみしいよ……,"호타루, 외로워……","호타루, 외로워……"
dom2Athena_X01.mes,Script/dom2Athena_X01.mes,12,27,주인공,何言ってるんだよ、<6E5C>僕はちゃんとここにいるじゃないか,"무슨 소리야, 나 제대로<6E5C>여기 있잖아","무슨 소리야, 나 제대로<6E5C>여기 있잖아"
dom2Athena_X01.mes,Script/dom2Athena_X01.mes,13,17,주인공,ほたるのそばから離れたりしないよ,호타루 곁에서 떨어지지 않아,호타루 곁에서 떨어지지 않아
dom2Athena_X01.mes,Script/dom2Athena_X01.mes,14,8,Hotaru,ほんとう……?,정말……?,정말……?
dom2Athena_X01.mes,Script/dom2Athena_X01.mes,15,20,주인공,当たり前だ.<6E5C>何も心配することはないよ,당연하지. 아무것도<6E5C>걱정할 거 없어,당연하지. 아무것도<6E5C>걱정할 거 없어
dom2Athena_X01.mes,Script/dom2Athena_X01.mes,16,32,Hotaru,……わかった.<6E5C>ほたる、ずっとお兄ちゃんと<6E5C>いっしょだね……?,"……알았어. 호타루,<6E5C>계속 오빠랑 같이 있는 거지……?","……알았어. 호타루,<6E5C>계속 오빠랑 같이 있는 거지……?"
dom2Athena_X01.mes,Script/dom2Athena_X01.mes,17,5,UNKNOWN_3e,キュゥ!,꾸잉!,꾸잉!
dom2Athena_X01.mes,Script/dom2Athena_X01.mes,18,5,주인공,……ああ,……응,……응
dom2Athena_X01.mes,Script/dom2Athena_X01.mes,19,16,주인공,(……僕が、誰かを待ってる?),(……내가 누굴 기다린다?),(……내가 누굴 기다린다?)
dom2Athena_X01.mes,Script/dom2Athena_X01.mes,20,28,주인공,(ほたるは何を言いたかったん<6E5C>だろう.僕には誰も――),(호타루는 뭘 말하려던<6E5C>걸까. 나한텐 아무도――),(호타루는 뭘 말하려던<6E5C>걸까. 나한텐 아무도――)
dom2Athena_X01.mes,Script/dom2Athena_X01.mes,21,15,UNKNOWN_1e,そこにいるのは……<이름:3131>くん?,거기 있는 건……<이름:3131>군?,거기 있는 건……<이름:3131>군?
dom2Athena_X01.mes,Script/dom2Athena_X01.mes,22,4,주인공,え……,어……,어……
dom2Athena_X01.mes,Script/dom2Athena_X01.mes,23,10,Athena,フフッ、こんにちは,"후훗, 안녕","후훗, 안녕"
dom2Athena_X01.mes,Script/dom2Athena_X01.mes,24,5,주인공,麻宮っ!,아사미야,아사미야
dom2Athena_X01.mes,Script/dom2Athena_X01.mes,25,21,Athena,やだ、<이름:3131>くん.<6E5C>そんな大声で呼んで……,"싫어, <이름:3131>군.<6E5C>크게 부르고……","싫어, <이름:3131>군.<6E5C>크게 부르고……"
dom2Athena_X01.mes,Script/dom2Athena_X01.mes,26,6,주인공,ごめん……,미안……,미안……
dom2Athena_X01.mes,Script/dom2Athena_X01.mes,27,44,Athena,アハハ!わたしも、<이름:3131>くんの姿<6E5C>を発見して飛びつきたくなっ<6E5C>ちゃった!やっと会えたね!,"아하하! 나도, <이름:3131>군<6E5C>모습 보고 달려들고 싶어졌어!<6E5C>드디어 만났네!","아하하! 나도, <이름:3131>군<6E5C>모습 보고 달려들고 싶어졌어!<6E5C>드디어 만났네!"
dom2Athena_X01.mes,Script/dom2Athena_X01.mes,28,9,주인공,ああ、待ってたよ,"응, 기다렸어","응, 기다렸어"
dom2Athena_X01.mes,Script/dom2Athena_X01.mes,29,8,Athena,……ありがとう,……고마워,……고마워
dom2Athena_X01.mes,Script/dom2Athena_X01.mes,30,14,주인공,(……あ、僕は麻宮を……),"(아, 나는 아사미야를)","(아, 나는 아사미야를)"
dom2Athena_X01.mes,Script/dom2Athena_X01.mes,31,31,Athena,今日は<이름:3131>くんと遊ぶために1日<6E5C>空けたよ?思いっきり遊ぼう?,오늘은 <이름:3131>군이랑 놀려고<6E5C>하루 비웠어. 실컷 놀자?,오늘은 <이름:3131>군이랑 놀려고<6E5C>하루 비웠어. 실컷 놀자?
dom2Athena_X01.mes,Script/dom2Athena_X01.mes,32,4,주인공,ああ!,응!,응!
dom2Athena_X01.mes,Script/dom2Athena_X01.mes,33,40,Athena,わー、懐かしいな.よく学校の友達<6E5C>と来たよ.新しいアトラクションも<6E5C>できてるね,"와, 오랜만이다. 학교 친구들이랑<6E5C>자주 왔었어. 새 놀이기구도<6E5C>생겼네","와, 오랜만이다. 학교 친구들이랑<6E5C>자주 왔었어. 새 놀이기구도<6E5C>생겼네"
dom2Athena_X01.mes,Script/dom2Athena_X01.mes,34,27,주인공,やっぱり麻宮も来てたか.<6E5C>この街1番の遊び場だもんな,역시 아사미야도 왔었구나.<6E5C>최고의 놀이터니까,역시 아사미야도 왔었구나.<6E5C>최고의 놀이터니까
dom2Athena_X01.mes,Script/dom2Athena_X01.mes,35,16,Athena,うん!よく大地ともふたりで――,응! 다이치랑 둘이 자주――,응! 다이치랑 둘이 자주――
dom2Athena_X01.mes,Script/dom2Athena_X01.mes,36,5,주인공,…………,…………,…………
dom2Athena_X01.mes,Script/dom2Athena_X01.mes,37,9,Athena,……ごめんなさい,……미안해,……미안해
dom2Athena_X01.mes,Script/dom2Athena_X01.mes,38,10,주인공,何を謝ってるんだよ,뭘 사과하는 거야,뭘 사과하는 거야
dom2Athena_X01.mes,Script/dom2Athena_X01.mes,39,20,주인공,楽しかった思い出だろう?<6E5C>堂々としなよ,즐거웠던 추억이잖아?<6E5C>당당하게 굴어,즐거웠던 추억이잖아?<6E5C>당당하게 굴어
dom2Athena_X01.mes,Script/dom2Athena_X01.mes,40,7,Athena,<이름:3131>くん……,<이름:3131>군……,<이름:3131>군……
dom2Athena_X01.mes,Script/dom2Athena_X01.mes,41,13,UNKNOWN_59,わー、アテナちゃんだー!,"와, 아테나 언니다!","와, 아테나 언니다!"
dom2Athena_X01.mes,Script/dom2Athena_X01.mes,42,9,주인공,あ、子どもが……,"아, 애가……","아, 애가……"
dom2Athena_X01.mes,Script/dom2Athena_X01.mes,43,28,Athena,どうしよう、人が集まったら.<6E5C>夏祭りみたいなことに……,"어떡하지, 사람 모이면.<6E5C>여름축제 때처럼……","어떡하지, 사람 모이면.<6E5C>여름축제 때처럼……"
dom2Athena_X01.mes,Script/dom2Athena_X01.mes,44,3,주인공,麻宮,저기,저기
dom2Athena_X01.mes,Script/dom2Athena_X01.mes,45,8,[선택지],肩を抱く手を握る,어깨안기손잡기,어깨안기손잡기
dom2Athena_X01.mes,Script/dom2Athena_X01.mes,46,3,[효과음/내레이션],ぐっ,꽉,꽉
dom2Athena_X01.mes,Script/dom2Athena_X01.mes,47,2,Athena,!,!,!
dom2Athena_X01.mes,Script/dom2Athena_X01.mes,48,17,주인공,大丈夫だよ、ちゃんと僕が守るから,"괜찮아, 내가 확실히 지킬게","괜찮아, 내가 확실히 지킬게"
dom2Athena_X01.mes,Script/dom2Athena_X01.mes,49,53,주인공,えーっと、ごめんね、お嬢ちゃん.<6E5C>今日のアテナちゃんは、みんなの<6E5C>アテナちゃんじゃないんだ<485C>麻宮、行くよ,"저기, 미안해, 꼬마야.<6E5C>오늘 아테나 언니는, 모두의<6E5C>아테나 언니가 아니야<485C>아사미야, 가자","저기, 미안해, 꼬마야.<6E5C>오늘 아테나 언니는, 모두의<6E5C>아테나 언니가 아니야<485C>아사미야, 가자"
dom2Athena_X01.mes,Script/dom2Athena_X01.mes,50,6,Athena,……うん!,……응!,……응!
dom2Athena_X01.mes,Script/dom2Athena_X01.mes,51,4,[효과음/내레이션],ぎゅっ,꼭,꼭
dom2Athena_X01.mes,Script/dom2Athena_X01.mes,52,2,Athena,!,!,!
dom2Athena_X01.mes,Script/dom2Athena_X01.mes,53,5,주인공,行こう!,가자!,가자!
dom2Athena_X01.mes,Script/dom2Athena_X01.mes,54,4,[효과음/내레이션],タタッ,다다닥,다다닥
dom2Athena_X01.mes,Script/dom2Athena_X01.mes,55,23,Athena,わっ……強引だなぁ、<6E5C><이름:3131>くんったら.フフッ,"왓……억지스럽네,<6E5C><이름:3131>군도 참. 후훗","왓……억지스럽네,<6E5C><이름:3131>군도 참. 후훗"
dom2Athena_X01.mes,Script/dom2Athena_X01.mes,56,45,Athena,……フフッ、楽しい!こんなに思<6E5C>いっきり遊べるのって、久しぶり!<6E5C>すっごく気持ちいいよ!,"……후훗, 즐거워! 이렇게<6E5C>실컷 놀 수 있는 거, 오랜만이야!<6E5C>완전 기분 좋아!","……후훗, 즐거워! 이렇게<6E5C>실컷 놀 수 있는 거, 오랜만이야!<6E5C>완전 기분 좋아!"
dom2Athena_X01.mes,Script/dom2Athena_X01.mes,57,24,주인공,麻宮ほど有名になると、堂々と遊び<6E5C>にくいもんね,"그렇게 유명해지면,<6E5C>당당히 놀기 힘들겠지","그렇게 유명해지면,<6E5C>당당히 놀기 힘들겠지"
dom2Athena_X01.mes,Script/dom2Athena_X01.mes,58,48,Athena,応援してくれるみんながいるから<6E5C>がんばれるんだよ!ファンのみんな<6E5C>は、かけがえのない存在だもの,"응원해주는 다들 있으니까<6E5C>힘낼 수 있는 거야! 팬 여러분은,<6E5C>둘도 없는 존재니까","응원해주는 다들 있으니까<6E5C>힘낼 수 있는 거야! 팬 여러분은,<6E5C>둘도 없는 존재니까"
dom2Athena_X01.mes,Script/dom2Athena_X01.mes,59,15,주인공,麻宮らしい、優等生な発言だな,"아사미야답네,<6E5C>모범생 말투","아사미야답네,<6E5C>모범생 말투"
dom2Athena_X01.mes,Script/dom2Athena_X01.mes,60,11,Athena,何よ、その言い方ー!,"뭐야, 그 말투!","뭐야, 그 말투!"
dom2Athena_X01.mes,Script/dom2Athena_X01.mes,61,25,주인공,もっと気楽になればいいのに.<6E5C>肩に力、入ってるよ,편하게 생각해도 될 텐데.<6E5C>어깨 힘 들어갔어,편하게 생각해도 될 텐데.<6E5C>어깨 힘 들어갔어
dom2Athena_X01.mes,Script/dom2Athena_X01.mes,62,8,Athena,そんなこと……,그런 거……,그런 거……
dom2Athena_X01.mes,Script/dom2Athena_X01.mes,63,38,주인공,みんなのいないところに行こうか?<6E5C>人目に触れない方がいいなら、<6E5C>そうするよ,"다들 없는 곳으로 갈까?<6E5C>남 눈에 안 띄는 게 좋으면,<6E5C>그렇게 할게","다들 없는 곳으로 갈까?<6E5C>남 눈에 안 띄는 게 좋으면,<6E5C>그렇게 할게"
dom2Athena_X01.mes,Script/dom2Athena_X01.mes,64,9,Athena,え、それって……,"어, 그거……","어, 그거……"
dom2Athena_X01.mes,Script/dom2Athena_X01.mes,65,17,주인공,ち、違うよ!変な意味じゃないよ!,아니야!<6E5C>이상한 뜻 아니야!,아니야!<6E5C>이상한 뜻 아니야!
dom2Athena_X01.mes,Script/dom2Athena_X01.mes,66,19,Athena,ヤダ!<이름:3131>くんってば<6E5C>真っ赤になって,싫어! <이름:3131>군도 참<6E5C>새빨개져서,싫어! <이름:3131>군도 참<6E5C>새빨개져서
dom2Athena_X01.mes,Script/dom2Athena_X01.mes,67,16,주인공,先に麻宮が赤くなったからだよ!,먼저 아사미야가 빨개졌잖아!,먼저 아사미야가 빨개졌잖아!
dom2Athena_X01.mes,Script/dom2Athena_X01.mes,68,19,Athena,え、わたしが?<6E5C>いつ赤くなったの~?,"어, 내가? 언제<6E5C>빨개졌는데~?","어, 내가? 언제<6E5C>빨개졌는데~?"
dom2Athena_X01.mes,Script/dom2Athena_X01.mes,69,21,주인공,うっ……きたないぞ、<6E5C>アイドルだからって,"윽……비겁해,<6E5C>아이돌이라고 해서","윽……비겁해,<6E5C>아이돌이라고 해서"
dom2Athena_X01.mes,Script/dom2Athena_X01.mes,70,38,Athena,フフッ、じゃあ、お言葉に甘えて<6E5C>人目のないところに案内して<6E5C>もらおうかな?,"후훗, 그럼, 말한 김에<6E5C>남 눈 없는 곳으로 안내<6E5C>받아볼까?","후훗, 그럼, 말한 김에<6E5C>남 눈 없는 곳으로 안내<6E5C>받아볼까?"
dom2Athena_X01.mes,Script/dom2Athena_X01.mes,71,9,주인공,え、それって……,"어, 그거……","어, 그거……"
dom2Athena_X01.mes,Script/dom2Athena_X01.mes,72,10,Athena,カラオケに行こー!,노래방 가자~!,노래방 가자~!
dom2Athena_X01.mes,Script/dom2Athena_X01.mes,73,10,주인공,あ、なるほどね……,"아, 그렇구나……","아, 그렇구나……"
dom2Athena_X01.mes,Script/dom2Athena_X01.mes,74,22,Athena,やだー.<이름:3131>くんってば何を<6E5C>期待したのー?,아잉~. <이름:3131>군 참<6E5C>뭘 기대한 거야~?,아잉~. <이름:3131>군 참<6E5C>뭘 기대한 거야~?
dom2Athena_X01.mes,Script/dom2Athena_X01.mes,75,18,주인공,……なんだか性格悪くなった?<6E5C>麻宮,왠지 성격 나빠졌어?<6E5C>아사미야,왠지 성격 나빠졌어?<6E5C>아사미야
dom2Athena_X01.mes,Script/dom2Athena_X01.mes,76,37,Athena,もぉ!せっかく、麻宮アテナが<6E5C><이름:3131>くんのためだけに歌おうと<6E5C>思ったのに!,정말! 모처럼 아사미야 아테나가<6E5C><이름:3131>군만 위해서 부르려고<6E5C>했는데!,정말! 모처럼 아사미야 아테나가<6E5C><이름:3131>군만 위해서 부르려고<6E5C>했는데!
dom2Athena_X01.mes,Script/dom2Athena_X01.mes,77,14,주인공,あ、考えたらそれはすごいな,"아, 생각해보니 대단하네","아, 생각해보니 대단하네"
dom2Athena_X01.mes,Script/dom2Athena_X01.mes,78,28,Athena,やっと気づいた?エヘヘ、<6E5C>リクエストにお応えしますよ?,"이제야 알았어? 에헤헤,<6E5C>신청곡 받아드릴게요?","이제야 알았어? 에헤헤,<6E5C>신청곡 받아드릴게요?"
dom2Athena_X01.mes,Script/dom2Athena_X01.mes,79,11,주인공,ほんと?じゃあね……,진짜? 그럼……,진짜? 그럼……
dom2Athena_X01.mes,Script/dom2Athena_X01.mes,80,22,[선택지],サイコ。ソルジャー傷だらけのトゥルー。ハート,사이코 솔저상처투성이 트루 하트,사이코 솔저상처투성이 트루 하트
dom2Athena_X01.mes,Script/dom2Athena_X01.mes,81,16,주인공,「サイコ。ソルジャー」を1曲!,「사이코 솔저」로 한 곡!,「사이코 솔저」로 한 곡!
dom2Athena_X01.mes,Script/dom2Athena_X01.mes,82,19,Athena,やっぱり、アテナといえば<6E5C>それかな?,"역시, 아테나 하면<6E5C>그거려나?","역시, 아테나 하면<6E5C>그거려나?"
dom2Athena_X01.mes,Script/dom2Athena_X01.mes,83,43,주인공,そうだね.これを生で、<6E5C>しかもひとりで聴けると思うと……<6E5C>クラスメイト冥利につきるな,"그러네. 이걸 라이브로,<6E5C>그것도 혼자 들을 수 있다니……<6E5C>반 친구라 다행이네","그러네. 이걸 라이브로,<6E5C>그것도 혼자 들을 수 있다니……<6E5C>반 친구라 다행이네"
dom2Athena_X01.mes,Script/dom2Athena_X01.mes,84,34,Athena,もぉ、クラスメイトだから<6E5C>歌うんじゃないよ?<6E5C><이름:3131>くんだからだよ?,"정말, 반 친구라<6E5C>부르는 거 아니야.<6E5C><이름:3131>군이니까 그런 거야","정말, 반 친구라<6E5C>부르는 거 아니야.<6E5C><이름:3131>군이니까 그런 거야"
dom2Athena_X01.mes,Script/dom2Athena_X01.mes,85,12,주인공,あ、うん……ありがとう,"아, 응……고마워","아, 응……고마워"
dom2Athena_X01.mes,Script/dom2Athena_X01.mes,86,33,주인공,うーん……<6E5C>「傷だらけのトゥルー。ハート」を<6E5C>歌ってもらおうかな,음……<6E5C>「상처투성이 트루 하트」를<6E5C>불러달라고 할까,음……<6E5C>「상처투성이 트루 하트」를<6E5C>불러달라고 할까
dom2Athena_X01.mes,Script/dom2Athena_X01.mes,87,13,Athena,あ、切ないリクエストだね,"아, 애절한 신청이네","아, 애절한 신청이네"
dom2Athena_X01.mes,Script/dom2Athena_X01.mes,88,20,주인공,うん.1対1でじっくり聴きたい<6E5C>曲だね,응. 차분히 즐기고<6E5C>싶은 곡이네,응. 차분히 즐기고<6E5C>싶은 곡이네
dom2Athena_X01.mes,Script/dom2Athena_X01.mes,89,27,Athena,失恋の歌だよ?<6E5C>……感情こもっちゃっても、<6E5C>いいの?,"실연 노래인데?<6E5C>……감정 이입해도,<6E5C>괜찮아?","실연 노래인데?<6E5C>……감정 이입해도,<6E5C>괜찮아?"
dom2Athena_X01.mes,Script/dom2Athena_X01.mes,90,38,주인공,ああ.お客さんのことなんて考えな<6E5C>いで、麻宮のありのままに歌って<6E5C>ほしいよ,"그래. 손님 생각 같은 거<6E5C>하지 말고, 아사미야답게<6E5C>불러줬으면 해","그래. 손님 생각 같은 거<6E5C>하지 말고, 아사미야답게<6E5C>불러줬으면 해"
dom2Athena_X01.mes,Script/dom2Athena_X01.mes,91,10,Athena,うん……ありがとう,응……고마워,응……고마워
dom2Athena_X01.mes,Script/dom2Athena_X01.mes,92,23,주인공,すっかり遅くなっちゃったね.<6E5C>大丈夫だった?,완전히 늦어졌네.<6E5C>괜찮았어?,완전히 늦어졌네.<6E5C>괜찮았어?
dom2Athena_X01.mes,Script/dom2Athena_X01.mes,93,26,Athena,これぐらい平気だよ.<6E5C>もぅ、子どもじゃないんだから,"이 정도는 괜찮아.<6E5C>이제, 애도 아니니까","이 정도는 괜찮아.<6E5C>이제, 애도 아니니까"
dom2Athena_X01.mes,Script/dom2Athena_X01.mes,94,30,주인공,だけど、麻宮は心配する人も多いだ<6E5C>ろう.家まで送っていくよ,"근데, 아사미야 걱정할 사람도<6E5C>많을 텐데. 데려다줄게","근데, 아사미야 걱정할 사람도<6E5C>많을 텐데. 데려다줄게"
dom2Athena_X01.mes,Script/dom2Athena_X01.mes,95,14,Athena,大丈夫、タクシーを呼ぶから,"괜찮아, 택시 부를 거야","괜찮아, 택시 부를 거야"
dom2Athena_X01.mes,Script/dom2Athena_X01.mes,96,19,주인공,ああ、そうだね.そのほうが<6E5C>安心だね,"아, 그렇구나. 그게<6E5C>더 안심되네","아, 그렇구나. 그게<6E5C>더 안심되네"
dom2Athena_X01.mes,Script/dom2Athena_X01.mes,97,15,Athena,<이름:3131>くん……今日は楽しかった,<이름:3131>군……오늘 즐거웠어,<이름:3131>군……오늘 즐거웠어
dom2Athena_X01.mes,Script/dom2Athena_X01.mes,98,10,주인공,僕もだよ.まだ……,나도야. 아직……,나도야. 아직……
dom2Athena_X01.mes,Script/dom2Athena_X01.mes,99,4,Athena,まだ?,아직?,아직?
dom2Athena_X01.mes,Script/dom2Athena_X01.mes,100,15,주인공,……まだ、一緒にいたいくらい,"……아직, 같이 있고 싶어","……아직, 같이 있고 싶어"
dom2Athena_X01.mes,Script/dom2Athena_X01.mes,101,8,Athena,……ありがとう,……고마워,……고마워
dom2Athena_X01.mes,Script/dom2Athena_X01.mes,102,29,주인공,でも、連れまわしたら悪いからね.<6E5C>タクシーをつかまえよう,"근데, 붙잡고 있으면 미안하니까.<6E5C>택시 잡자","근데, 붙잡고 있으면 미안하니까.<6E5C>택시 잡자"
dom2Athena_X01.mes,Script/dom2Athena_X01.mes,103,5,Athena,……うん,……응,……응
dom2Athena_X01.mes,Script/dom2Athena_X01.mes,104,11,주인공,……また、会えるよね,또 만날 거지?,또 만날 거지?
dom2Athena_X01.mes,Script/dom2Athena_X01.mes,105,3,Athena,え?,어?,어?
dom2Athena_X01.mes,Script/dom2Athena_X01.mes,106,41,주인공,まだ、東京に戻るには日があるだ<6E5C>ろ?それまでに、また会えるよね?<6E5C>忙しいかな……,아직 도쿄로 안 돌아가잖아?<6E5C>그때까지 또 만날 수 있지?<6E5C>바쁠까……,아직 도쿄로 안 돌아가잖아?<6E5C>그때까지 또 만날 수 있지?<6E5C>바쁠까……
dom2Athena_X01.mes,Script/dom2Athena_X01.mes,107,10,Athena,ううん.会えるよ!,만날 수 있어!,만날 수 있어!
dom2Athena_X01.mes,Script/dom2Athena_X01.mes,108,13,주인공,ほんとう?今度はいつ……,정말? 다음엔 언제……,정말? 다음엔 언제……
dom2Athena_X01.mes,Script/dom2Athena_X01.mes,109,5,Athena,明日……,내일……,내일……
dom2Athena_X01.mes,Script/dom2Athena_X01.mes,110,9,주인공,明日、会えるの?,내일 만나?,내일 만나?
dom2Athena_X01.mes,Script/dom2Athena_X01.mes,111,11,Athena,あ、タクシー来たね!,"아, 택시 왔다!","아, 택시 왔다!"
dom2Athena_X01.mes,Script/dom2Athena_X01.mes,112,18,Athena,じゃ、<이름:3131>くん.<6E5C>おやすみなさい!,"그럼, <이름:3131>군.<6E5C>잘 자!","그럼, <이름:3131>군.<6E5C>잘 자!"
dom2Athena_X01.mes,Script/dom2Athena_X01.mes,113,5,[효과음/내레이션],バタンッ,쾅!,쾅!
dom2Athena_X01.mes,Script/dom2Athena_X01.mes,114,7,주인공,あっ、麻宮!,아사미야!,아사미야!
dom2Athena_X01.mes,Script/dom2Athena_X01.mes,115,23,주인공,……まぁ、いいか.<6E5C>明日また、会えるなら……,"……됐나, 내일 또<6E5C>만날 수 있다면……","……됐나, 내일 또<6E5C>만날 수 있다면……"
dom2Athena_X02.mes,Script/dom2Athena_X02.mes,0,12,주인공,よっ.おはよう、ほたる,"좋은 아침, 호타루","좋은 아침, 호타루"
dom2Athena_X02.mes,Script/dom2Athena_X02.mes,1,23,Hotaru,おはよう、お兄ちゃん.<6E5C>今日は朝から元気だね,"좋은 아침, 오빠.<6E5C>아침부터 기운 넘치네","좋은 아침, 오빠.<6E5C>아침부터 기운 넘치네"
dom2Athena_X02.mes,Script/dom2Athena_X02.mes,2,9,주인공,いつもどおりだよ,평소랑 똑같아,평소랑 똑같아
dom2Athena_X02.mes,Script/dom2Athena_X02.mes,3,22,Hotaru,……そうかな?<6E5C>昨日とかなり違うと思うけど,……그런가?<6E5C>어제와 다른데,……그런가?<6E5C>어제와 다른데
dom2Athena_X02.mes,Script/dom2Athena_X02.mes,4,7,주인공,気のせいだよ,기분 탓이야,기분 탓이야
dom2Athena_X02.mes,Script/dom2Athena_X02.mes,5,17,Hotaru,……何かイイコトあったんでしょ?,……뭔가 좋은 일 있었지?,……뭔가 좋은 일 있었지?
dom2Athena_X02.mes,Script/dom2Athena_X02.mes,6,10,주인공,えぇ?何もないって,엥? 없어,엥? 없어
dom2Athena_X02.mes,Script/dom2Athena_X02.mes,7,29,Hotaru,もぉ、ほたるにナイショなんて<6E5C>ひどい!お兄ちゃんのバカ!,"치, 호타루한테 비밀이라니<6E5C>너무해! 오빠 바보!","치, 호타루한테 비밀이라니<6E5C>너무해! 오빠 바보!"
dom2Athena_X02.mes,Script/dom2Athena_X02.mes,8,5,UNKNOWN_3e,キュゥ!,꾸잉!,꾸잉!
dom2Athena_X02.mes,Script/dom2Athena_X02.mes,9,5,[효과음/내레이션],バタンッ,쾅!,쾅!
dom2Athena_X02.mes,Script/dom2Athena_X02.mes,10,10,주인공,ナイショなんて……,비밀이라니……,비밀이라니……
dom2Athena_X02.mes,Script/dom2Athena_X02.mes,11,40,주인공,(……麻宮のこと、秘密にする<6E5C>つもりはないのに、なんで<6E5C>言わなかったんだろう),"(……아사미야 얘기, 숨길<6E5C>생각은 없었는데, 왜<6E5C>말 안 했을까)","(……아사미야 얘기, 숨길<6E5C>생각은 없었는데, 왜<6E5C>말 안 했을까)"
dom2Athena_X02.mes,Script/dom2Athena_X02.mes,12,41,주인공,(……言うほどのことでもないよう<6E5C>な、言ってはいけないような、<6E5C>そんな気が……),"(……말할 정도 아닌 것<6E5C>같기도, 말하면 안 될<6E5C>것 같기도 하고……)","(……말할 정도 아닌 것<6E5C>같기도, 말하면 안 될<6E5C>것 같기도 하고……)"
dom2Athena_X02.mes,Script/dom2Athena_X02.mes,13,5,UNKNOWN_1e,わぁっ!,우왓!,우왓!
dom2Athena_X02.mes,Script/dom2Athena_X02.mes,14,12,주인공,わっ!……ビックリした,왓!……깜짝이야,왓!……깜짝이야
dom2Athena_X02.mes,Script/dom2Athena_X02.mes,15,22,Athena,落ち込んだ顔してるからだよ.<6E5C>どうしたの?,우울한 얼굴이라 그래.<6E5C>무슨 일이야?,우울한 얼굴이라 그래.<6E5C>무슨 일이야?
dom2Athena_X02.mes,Script/dom2Athena_X02.mes,16,8,주인공,なんでもないよ,아무것도 아냐,아무것도 아냐
dom2Athena_X02.mes,Script/dom2Athena_X02.mes,17,31,Athena,もぉ、強がっちゃって.わたしと<6E5C>会うのが楽しみじゃないから?,"치, 강한 척하기는. 나랑<6E5C>만나는 게 기대 안 돼서?","치, 강한 척하기는. 나랑<6E5C>만나는 게 기대 안 돼서?"
dom2Athena_X02.mes,Script/dom2Athena_X02.mes,18,30,주인공,……違うよ.麻宮が来てくれるか<6E5C>どうか、不安だったからだよ,"……아니야. 아사미야가 와줄지<6E5C>어떨지, 불안했던 거야","……아니야. 아사미야가 와줄지<6E5C>어떨지, 불안했던 거야"
dom2Athena_X02.mes,Script/dom2Athena_X02.mes,19,26,Athena,……<이름:3131>くんも、けっこう<6E5C>ドキっとすること言うよね,"……<이름:3131>군도, 은근<6E5C>설레게 하는 말 하네","……<이름:3131>군도, 은근<6E5C>설레게 하는 말 하네"
dom2Athena_X02.mes,Script/dom2Athena_X02.mes,20,7,주인공,本心だけど?,진심인데?,진심인데?
dom2Athena_X02.mes,Script/dom2Athena_X02.mes,21,5,Athena,アハハ!,아하하!,아하하!
dom2Athena_X02.mes,Script/dom2Athena_X02.mes,22,25,Athena,今日はどこに行く?<6E5C><이름:3131>くんにお任せしちゃうよ?,오늘은 어디 갈까?<6E5C><이름:3131>군한테 맡길게?,오늘은 어디 갈까?<6E5C><이름:3131>군한테 맡길게?
dom2Athena_X02.mes,Script/dom2Athena_X02.mes,23,8,주인공,そうだなぁ……,그러게……,그러게……
dom2Athena_X02.mes,Script/dom2Athena_X02.mes,24,6,[효과음/내레이션],ガァァン!,쿠콰쾅!,쿠콰쾅!
dom2Athena_X02.mes,Script/dom2Athena_X02.mes,25,6,Athena,きゃあっ!,히익!,히익!
dom2Athena_X02.mes,Script/dom2Athena_X02.mes,26,9,주인공,なな、なんだぁ?,"뭐, 뭐야?","뭐, 뭐야?"
dom2Athena_X02.mes,Script/dom2Athena_X02.mes,27,13,Kyo,淡がお前を呼んでるぜっ!,불꽃이 부르고 있다구!,불꽃이 부르고 있다구!
dom2Athena_X02.mes,Script/dom2Athena_X02.mes,28,14,Iori,なら燃え尽きろ、潔くなぁ!,그럼 타서 사라져라!,그럼 타서 사라져라!
dom2Athena_X02.mes,Script/dom2Athena_X02.mes,29,25,주인공,あ、あのふたり!こんなところで<6E5C>なんてことを……,"아, 저 둘! 여기서<6E5C>대체 뭐 하는 거야……","아, 저 둘! 여기서<6E5C>대체 뭐 하는 거야……"
dom2Athena_X02.mes,Script/dom2Athena_X02.mes,30,14,Athena,く、草薙さんに八神さん!?,"쿠, 쿠사나기랑 야가미?","쿠, 쿠사나기랑 야가미?"
dom2Athena_X02.mes,Script/dom2Athena_X02.mes,31,12,주인공,え、麻宮、知ってるの?,"어, 아사미야 알아?","어, 아사미야 알아?"
dom2Athena_X02.mes,Script/dom2Athena_X02.mes,32,32,Athena,うん、ちょっと前に…….<6E5C>あのふたり、まだこの街に<6E5C>いたんだね,"응, 얼마 전에……<6E5C>저 둘, 아직 이 동네에<6E5C>있었구나","응, 얼마 전에……<6E5C>저 둘, 아직 이 동네에<6E5C>있었구나"
dom2Athena_X02.mes,Script/dom2Athena_X02.mes,33,40,주인공,あのふたりはずっと変わらないよ.<6E5C>先輩たちがいるかぎり、<6E5C>この街に平和はないよ,"저 두 사람은 안 변해.<6E5C>선배들이 있는 한,<6E5C>이 동네에 평화는 없어","저 두 사람은 안 변해.<6E5C>선배들이 있는 한,<6E5C>이 동네에 평화는 없어"
dom2Athena_X02.mes,Script/dom2Athena_X02.mes,34,14,Athena,アハハ!そうかもしれないね,아하하! 그럴지도,아하하! 그럴지도
dom2Athena_X02.mes,Script/dom2Athena_X02.mes,35,7,[효과음/내레이션],ズガァァン!,콰과광!,콰과광!
dom2Athena_X02.mes,Script/dom2Athena_X02.mes,36,4,Athena,きゃっ,히익,히익
dom2Athena_X02.mes,Script/dom2Athena_X02.mes,37,23,주인공,笑ってる場合じゃないよ、麻宮.<6E5C>逃げないと!,"웃을 때 아니야, 아사미야.<6E5C>도망쳐야지!","웃을 때 아니야, 아사미야.<6E5C>도망쳐야지!"
dom2Athena_X02.mes,Script/dom2Athena_X02.mes,38,24,Athena,うん!<이름:3131>くんにしっかり<6E5C>守ってもらわないと!,응! <이름:3131>군이 확실히<6E5C>지켜줘야지!,응! <이름:3131>군이 확실히<6E5C>지켜줘야지!
dom2Athena_X02.mes,Script/dom2Athena_X02.mes,39,11,주인공,のんきなんだから……,태평하기는……,태평하기는……
dom2Athena_X02.mes,Script/dom2Athena_X02.mes,40,28,주인공,……はぁ、はぁ.ここまで来れば<6E5C>火の粉は降ってこないな,"……헉, 헉. 여기까지 오면<6E5C>불똥은 안 튀겠지","……헉, 헉. 여기까지 오면<6E5C>불똥은 안 튀겠지"
dom2Athena_X02.mes,Script/dom2Athena_X02.mes,41,16,Athena,フフッ、ハラハラしちゃったね!,"후훗, 조마조마했지!","후훗, 조마조마했지!"
dom2Athena_X02.mes,Script/dom2Athena_X02.mes,42,26,주인공,笑い事じゃないよ!<6E5C>僕は気が気じゃなかったんだから,웃을 일 아니야!<6E5C>마음 편할 새가 없었다구,웃을 일 아니야!<6E5C>마음 편할 새가 없었다구
dom2Athena_X02.mes,Script/dom2Athena_X02.mes,43,12,Athena,<이름:3131>くんは心配性だなぁ,<이름:3131>군은 걱정도 많네,<이름:3131>군은 걱정도 많네
dom2Athena_X02.mes,Script/dom2Athena_X02.mes,44,28,주인공,……いや.とにかく、麻宮を傷つけ<6E5C>てほしくないから……,"……아니. 아무튼, 아사미야가<6E5C>다치는 건 싫으니까","……아니. 아무튼, 아사미야가<6E5C>다치는 건 싫으니까"
dom2Athena_X02.mes,Script/dom2Athena_X02.mes,45,13,Athena,……頼もしいな、<이름:3131>くん,"……든든하네, <이름:3131>군","……든든하네, <이름:3131>군"
dom2Athena_X02.mes,Script/dom2Athena_X02.mes,46,21,주인공,頼もしくなんかないよ.<6E5C>ぜんぜん無力だよ,든든하긴 뭘.<6E5C>완전히 무력한걸,든든하긴 뭘.<6E5C>완전히 무력한걸
dom2Athena_X02.mes,Script/dom2Athena_X02.mes,47,42,Athena,そんなことない!<이름:3131>くんと<6E5C>一緒にいるから、思いっきり羽を<6E5C>伸ばして遊べるんだよ?,"그렇지 않아! <이름:3131>군과<6E5C>같이 있어서, 맘껏 날개를<6E5C>펴고 놀 수 있는 거야?","그렇지 않아! <이름:3131>군과<6E5C>같이 있어서, 맘껏 날개를<6E5C>펴고 놀 수 있는 거야?"
dom2Athena_X02.mes,Script/dom2Athena_X02.mes,48,12,주인공,……それなら嬉しいけど,……그렇다면 기쁘지만,……그렇다면 기쁘지만
dom2Athena_X02.mes,Script/dom2Athena_X02.mes,49,17,Athena,わたしのためにありがとう……ね?,나 때문에 고마워……그치?,나 때문에 고마워……그치?
dom2Athena_X02.mes,Script/dom2Athena_X02.mes,50,5,주인공,いや……,아니……,아니……
dom2Athena_X02.mes,Script/dom2Athena_X02.mes,51,28,주인공,あのふたりも、他の人に危害を及ば<6E5C>せることはしないしね,"저 둘도, 남한테<6E5C>피해 주는 짓은 안 하니까","저 둘도, 남한테<6E5C>피해 주는 짓은 안 하니까"
dom2Athena_X02.mes,Script/dom2Athena_X02.mes,52,20,Athena,そうだね.<6E5C>いいね、変わらない友情って,"그러네.<6E5C>좋다, 안 변하는 우정","그러네.<6E5C>좋다, 안 변하는 우정"
dom2Athena_X02.mes,Script/dom2Athena_X02.mes,53,7,주인공,あれが友情?,저게 우정?,저게 우정?
dom2Athena_X02.mes,Script/dom2Athena_X02.mes,54,44,Athena,義ましいよ、ふたりを見ると.<6E5C>きっとあの関係が終わったり<6E5C>することはないんだって思える,"부럽더라, 둘을 보면.<6E5C>분명 저 관계는 끝나거나<6E5C>하지 않을 거란 생각이 들어","부럽더라, 둘을 보면.<6E5C>분명 저 관계는 끝나거나<6E5C>하지 않을 거란 생각이 들어"
dom2Athena_X02.mes,Script/dom2Athena_X02.mes,55,23,Athena,わたしだって……終わってほしく<6E5C>なかった……,나도……끝나길 바라지<6E5C>않았어……,나도……끝나길 바라지<6E5C>않았어……
dom2Athena_X02.mes,Script/dom2Athena_X02.mes,56,5,주인공,…………,…………,…………
dom2Athena_X02.mes,Script/dom2Athena_X02.mes,57,27,Athena,……ごめん.もう終わったことなの<6E5C>に、ダメだなぁ……,"……미안. 이미 끝난 일인데도,<6E5C>못났네……","……미안. 이미 끝난 일인데도,<6E5C>못났네……"
dom2Athena_X02.mes,Script/dom2Athena_X02.mes,58,15,주인공,……いいんだよ、無理しなくて,"……괜찮아, 무리 안 해도","……괜찮아, 무리 안 해도"
dom2Athena_X02.mes,Script/dom2Athena_X02.mes,59,33,주인공,僕の前では羽を伸ばせるって言った<6E5C>ろ?強がらないで自然体でいろよ,내 앞에선 날개 펼 수 있다며?<6E5C>강한 척 말고 편하게 있어,내 앞에선 날개 펼 수 있다며?<6E5C>강한 척 말고 편하게 있어
dom2Athena_X02.mes,Script/dom2Athena_X02.mes,60,11,주인공,その方が、僕も嬉しい,"그편이, 나도 기뻐","그편이, 나도 기뻐"
dom2Athena_X02.mes,Script/dom2Athena_X02.mes,61,11,Athena,<이름:3131>くん……でも……,<이름:3131>군……근데……,<이름:3131>군……근데……
dom2Athena_X02.mes,Script/dom2Athena_X02.mes,62,4,주인공,でも?,근데?,근데?
dom2Athena_X02.mes,Script/dom2Athena_X02.mes,63,34,Athena,……嫌じゃない?大地の話.<6E5C>わたしが話しても、なんとも<6E5C>思わない?,"……싫지 않아? 다이치 얘기.<6E5C>내가 얘기해도, 아무렇지<6E5C>않아","……싫지 않아? 다이치 얘기.<6E5C>내가 얘기해도, 아무렇지<6E5C>않아"
dom2Athena_X02.mes,Script/dom2Athena_X02.mes,64,9,[선택지],本当は嫌嫌じゃない,정말 싫어안 싫어,정말 싫어안 싫어
dom2Athena_X02.mes,Script/dom2Athena_X02.mes,65,20,주인공,……本当は……あまり、<6E5C>嬉しくないけど,"……사실은……별로,<6E5C>기쁘지 않지만","……사실은……별로,<6E5C>기쁘지 않지만"
dom2Athena_X02.mes,Script/dom2Athena_X02.mes,66,8,Athena,……どうして?,……왜?,……왜?
dom2Athena_X02.mes,Script/dom2Athena_X02.mes,67,9,주인공,どうしてって……,왜냐면……,왜냐면……
dom2Athena_X02.mes,Script/dom2Athena_X02.mes,68,21,Athena,わからないよ、ちゃんと言って<6E5C>くれないと,"모르겠어, 제대로 말해<6E5C>주지 않으면","모르겠어, 제대로 말해<6E5C>주지 않으면"
dom2Athena_X02.mes,Script/dom2Athena_X02.mes,69,6,주인공,だって……,그야……,그야……
dom2Athena_X02.mes,Script/dom2Athena_X02.mes,70,24,Athena,……ごめん.いじわるな質問は、<6E5C>もうやめるね?,"……미안. 못된 질문은,<6E5C>이제 그만할게","……미안. 못된 질문은,<6E5C>이제 그만할게"
dom2Athena_X02.mes,Script/dom2Athena_X02.mes,71,5,주인공,麻宮……,아사미야,아사미야
dom2Athena_X02.mes,Script/dom2Athena_X02.mes,72,27,Athena,わたし……本当にいじわるな性格に<6E5C>なっちゃったかな?,나……정말 못된 성격이<6E5C>돼버린 걸까?,나……정말 못된 성격이<6E5C>돼버린 걸까?
dom2Athena_X02.mes,Script/dom2Athena_X02.mes,73,28,주인공,嫌じゃなよ.そんな大事な話を話し<6E5C>てくれて、うれしいよ,"싫지 않아. 그런 소중한 얘기<6E5C>해줘서, 기뻐","싫지 않아. 그런 소중한 얘기<6E5C>해줘서, 기뻐"
dom2Athena_X02.mes,Script/dom2Athena_X02.mes,74,8,Athena,……ほんとう?,……정말?,……정말?
dom2Athena_X02.mes,Script/dom2Athena_X02.mes,75,14,주인공,なんでそんなこと閉くんだよ,왜 그런 걸 묻는 거야,왜 그런 걸 묻는 거야
dom2Athena_X02.mes,Script/dom2Athena_X02.mes,76,22,Athena,……<이름:3131>くんの心が、<6E5C>ちゃんと知りたいから,"……<이름:3131>군 맘을,<6E5C>제대로 알고 싶으니까","……<이름:3131>군 맘을,<6E5C>제대로 알고 싶으니까"
dom2Athena_X02.mes,Script/dom2Athena_X02.mes,77,3,주인공,え?,어?,어?
dom2Athena_X02.mes,Script/dom2Athena_X02.mes,78,27,Athena,<이름:3131>くんの心は……まだまだ<6E5C>わたしには見えないかな?,<이름:3131>군 마음은……아직도<6E5C>나한텐 안 보이는 걸까?,<이름:3131>군 마음은……아직도<6E5C>나한텐 안 보이는 걸까?
dom2Athena_X02.mes,Script/dom2Athena_X02.mes,79,40,Athena,わたし、もっともっと<이름:3131>くんと<6E5C>親しくならないとな.<6E5C>まだまだ、足りないよね?,"나, 더 더 <이름:3131>군이랑<6E5C>친해져야겠다.<6E5C>아직, 부족한 거지?","나, 더 더 <이름:3131>군이랑<6E5C>친해져야겠다.<6E5C>아직, 부족한 거지?"
dom2Athena_X02.mes,Script/dom2Athena_X02.mes,80,8,주인공,どういうこと?,무슨 뜻이야?,무슨 뜻이야?
dom2Athena_X02.mes,Script/dom2Athena_X02.mes,81,64,Athena,わたしの話は閉いてくれるけど、<6E5C><이름:3131>くんは自分の話をぜんぜん<6E5C>しないよね?<485C>もっと<이름:3131>くんのこと教えてよ.<6E5C>知らなかった3年間,"내 얘기는 들어주면서,<6E5C><이름:3131>군은 자기 얘기 전혀<6E5C>안 하잖아?<485C><이름:3131>군에 대해 더 알려줘.<6E5C>몰랐던 3년간","내 얘기는 들어주면서,<6E5C><이름:3131>군은 자기 얘기 전혀<6E5C>안 하잖아?<485C><이름:3131>군에 대해 더 알려줘.<6E5C>몰랐던 3년간"
dom2Athena_X02.mes,Script/dom2Athena_X02.mes,82,22,주인공,話題がないんだよ.<6E5C>平凡な3年間だったから,화젯거리가 없어.<6E5C>평범한 3년이었으니까,화젯거리가 없어.<6E5C>평범한 3년이었으니까
dom2Athena_X02.mes,Script/dom2Athena_X02.mes,83,22,Athena,あるよ!<6E5C>わたしの知らないこと、いっぱい!,"있어!<6E5C>내가 모르는 거, 잔뜩!","있어!<6E5C>내가 모르는 거, 잔뜩!"
dom2Athena_X02.mes,Script/dom2Athena_X02.mes,84,10,주인공,って言われても……,그렇게 말해도……,그렇게 말해도……
dom2Athena_X02.mes,Script/dom2Athena_X02.mes,85,15,UNKNOWN_1e,誰とケンカしてるの?<이름:3131>くん,누구랑 싸우는 거야?<이름:3131>군,누구랑 싸우는 거야?<이름:3131>군
dom2Athena_X02.mes,Script/dom2Athena_X02.mes,86,9,주인공,あ、巳沢さん……,"아, 미사와 씨","아, 미사와 씨"
dom2Athena_X02.mes,Script/dom2Athena_X02.mes,87,12,Shizuku,あ、麻宮アテナさん……,"아, 아사미야 씨……","아, 아사미야 씨……"
dom2Athena_X02.mes,Script/dom2Athena_X02.mes,88,43,Athena,こんにちは、雫さん.この前は<6E5C>一緒にお酒を飲めて楽しかったわ.<6E5C>また飲みましょうね?,"안녕하세요, 시즈쿠 씨.<6E5C>저번에 같이 술 마셔서<6E5C>즐거웠어요. 또 마셔요?","안녕하세요, 시즈쿠 씨.<6E5C>저번에 같이 술 마셔서<6E5C>즐거웠어요. 또 마셔요?"
dom2Athena_X02.mes,Script/dom2Athena_X02.mes,89,34,Shizuku,……ええ、喜んで.麻宮アテナさん<6E5C>と同席できるなんて、光栄ですから,"네, 기꺼이요.<6E5C>아사미야 씨랑 자리<6E5C>함께한다니, 영광이니까요","네, 기꺼이요.<6E5C>아사미야 씨랑 자리<6E5C>함께한다니, 영광이니까요"
dom2Athena_X02.mes,Script/dom2Athena_X02.mes,90,43,Shizuku,よろしかったら、またイリュー<6E5C>ジョンにも来てください.<6E5C>サービスさせてもらいますよ?,"괜찮으시면, 다음에 일루전에도<6E5C>또 와주세요.<6E5C>서비스해드릴게요?","괜찮으시면, 다음에 일루전에도<6E5C>또 와주세요.<6E5C>서비스해드릴게요?"
dom2Athena_X02.mes,Script/dom2Athena_X02.mes,91,62,Athena,それは悪いわ.イリュージョンの<6E5C>キングさんとは、わたしの方が<6E5C>付き合い長いですから、<485C>そんな気は使わなくて<6E5C>いいんですよ?,"그건 미안해요. 일루전의<6E5C>킹 씨랑은, 제가 더<6E5C>오래 알고 지냈으니까,<485C>그렇게 신경 안 쓰셔도<6E5C>돼요?","그건 미안해요. 일루전의<6E5C>킹 씨랑은, 제가 더<6E5C>오래 알고 지냈으니까,<485C>그렇게 신경 안 쓰셔도<6E5C>돼요?"
dom2Athena_X02.mes,Script/dom2Athena_X02.mes,92,8,[효과음/내레이션],ゴゴゴゴゴ……,구구구구……,구구구구……
dom2Athena_X02.mes,Script/dom2Athena_X02.mes,93,11,주인공,あわわわわ、また……,"아으으으, 또……","아으으으, 또……"
dom2Athena_X02.mes,Script/dom2Athena_X02.mes,94,37,Shizuku,<이름:3131>くん、最近なにしてるん<6E5C>だろうと思ってたら、そういうこと<6E5C>だったのね,"<이름:3131>군, 요즘 뭐 하나<6E5C>했더니, 그런 일이<6E5C>있었구나","<이름:3131>군, 요즘 뭐 하나<6E5C>했더니, 그런 일이<6E5C>있었구나"
dom2Athena_X02.mes,Script/dom2Athena_X02.mes,95,38,Shizuku,麻宮さんとの思い出話に花が<6E5C>咲いて、すっかりいい雰囲気に<6E5C>なっちゃったんだ,"아사미야 씨랑 추억 얘기로<6E5C>꽃이 펴서, 좋은 분위기가<6E5C>돼버렸구나","아사미야 씨랑 추억 얘기로<6E5C>꽃이 펴서, 좋은 분위기가<6E5C>돼버렸구나"
dom2Athena_X02.mes,Script/dom2Athena_X02.mes,96,10,주인공,え、いや、その……,"어, 아니, 그게","어, 아니, 그게"
dom2Athena_X02.mes,Script/dom2Athena_X02.mes,97,7,Athena,<이름:3131>くん……,<이름:3131>군……,<이름:3131>군……
dom2Athena_X02.mes,Script/dom2Athena_X02.mes,98,12,주인공,……そうだよ、巳沢さん,"……맞아, 미사와 씨","……맞아, 미사와 씨"
dom2Athena_X02.mes,Script/dom2Athena_X02.mes,99,5,Shizuku,…………,…………,…………
dom2Athena_X02.mes,Script/dom2Athena_X02.mes,100,7,Athena,<이름:3131>くん……,<이름:3131>군……,<이름:3131>군……
dom2Athena_X02.mes,Script/dom2Athena_X02.mes,101,24,Shizuku,……はっきり言ってくれて<6E5C>ありがとう、<이름:3131>くん,"……분명히 말해줘서<6E5C>고마워, <이름:3131>군","……분명히 말해줘서<6E5C>고마워, <이름:3131>군"
dom2Athena_X02.mes,Script/dom2Athena_X02.mes,102,7,Shizuku,私、帰るね?,"나, 갈게?","나, 갈게?"
dom2Athena_X02.mes,Script/dom2Athena_X02.mes,103,5,주인공,…………,…………,…………
dom2Athena_X02.mes,Script/dom2Athena_X02.mes,104,5,Athena,雫さん!,시즈쿠,시즈쿠
dom2Athena_X02.mes,Script/dom2Athena_X02.mes,105,50,Athena,あの、わたし本当に、また3人で飲<6E5C>みたいと思ってます.雫さんとは仲<6E5C>良くなれそうな気がするから……,"저, 정말로, 또 셋이서<6E5C>마시고 싶어요. 시즈쿠 씨랑은 친해<6E5C>질 수 있을 것 같으니까……","저, 정말로, 또 셋이서<6E5C>마시고 싶어요. 시즈쿠 씨랑은 친해<6E5C>질 수 있을 것 같으니까……"
dom2Athena_X02.mes,Script/dom2Athena_X02.mes,106,49,Shizuku,……ありがとうございます、<6E5C>麻宮さん<485C>でも今は……ちょっとつらいかも<6E5C>しれないから、ごめんなさい,"……감사합니다,<6E5C>아사미야 씨<485C>근데 지금은……좀 힘들지도<6E5C>모르니까, 죄송해요","……감사합니다,<6E5C>아사미야 씨<485C>근데 지금은……좀 힘들지도<6E5C>모르니까, 죄송해요"
dom2Athena_X02.mes,Script/dom2Athena_X02.mes,107,5,Athena,……うん,……응,……응
dom2Athena_X02.mes,Script/dom2Athena_X02.mes,108,5,주인공,…………,…………,…………
dom2Athena_X02.mes,Script/dom2Athena_X02.mes,109,29,Athena,……わたし、こんなこと言う資格な<6E5C>いのに……ヤな性格……,"……나, 이런 말할 자격도<6E5C>없는데……못된 성격……","……나, 이런 말할 자격도<6E5C>없는데……못된 성격……"
dom2Athena_X02.mes,Script/dom2Athena_X02.mes,110,5,Athena,…………,…………,…………
dom2Athena_X02.mes,Script/dom2Athena_X02.mes,111,22,주인공,……麻宮、さっきからなんで<6E5C>黙ってるんだよ,"……아사미야, 아까부터 왜<6E5C>말이 없어","……아사미야, 아까부터 왜<6E5C>말이 없어"
dom2Athena_X02.mes,Script/dom2Athena_X02.mes,112,5,Athena,……うん,……응,……응
dom2Athena_X02.mes,Script/dom2Athena_X02.mes,113,16,주인공,巳沢さんのこと、気にしてるの?,미사와 씨 일 신경 쓰여?,미사와 씨 일 신경 쓰여?
dom2Athena_X02.mes,Script/dom2Athena_X02.mes,114,5,Athena,…………,…………,…………
dom2Athena_X02.mes,Script/dom2Athena_X02.mes,115,32,주인공,……肯定しない方がよかったかな?<6E5C>麻宮とは、いい雰囲気だなんて,……인정 안 할 걸 그랬나?<6E5C>아사미야랑 좋은 분위기라니,……인정 안 할 걸 그랬나?<6E5C>아사미야랑 좋은 분위기라니
dom2Athena_X02.mes,Script/dom2Athena_X02.mes,116,11,Athena,そういうわけじゃ……,그런 게 아니라……,그런 게 아니라……
dom2Athena_X02.mes,Script/dom2Athena_X02.mes,117,19,주인공,じゃあ、そんな悲しそうな<6E5C>顔するなよ,"그럼, 그렇게 슬픈<6E5C>얼굴 하지 마","그럼, 그렇게 슬픈<6E5C>얼굴 하지 마"
dom2Athena_X02.mes,Script/dom2Athena_X02.mes,118,27,주인공,昔から麻宮は、なんにでも責任を<6E5C>負おうとするんだから,"예전부터 아사미야는, 뭐든지 책임<6E5C>지려고 하니까","예전부터 아사미야는, 뭐든지 책임<6E5C>지려고 하니까"
dom2Athena_X02.mes,Script/dom2Athena_X02.mes,119,6,Athena,そうかな?,그런가?,그런가?
dom2Athena_X02.mes,Script/dom2Athena_X02.mes,120,43,주인공,そうだよ.……もう気にするな.<6E5C>僕は巳沢さんより、麻宮の方が<6E5C>気になる存在なんだから,"맞아.……신경 쓰지 마.<6E5C>난 미사와 씨보다, 아사미야가<6E5C>더 신경 쓰이니까","맞아.……신경 쓰지 마.<6E5C>난 미사와 씨보다, 아사미야가<6E5C>더 신경 쓰이니까"
dom2Athena_X02.mes,Script/dom2Athena_X02.mes,121,5,Athena,…………,…………,…………
dom2Athena_X02.mes,Script/dom2Athena_X02.mes,122,5,주인공,また黙る,다무네,다무네
dom2Athena_X02.mes,Script/dom2Athena_X02.mes,123,22,Athena,そんなこと言ったら、<6E5C>誰だって黙っちゃうよ,"그런 말 들으면,<6E5C>누구든 말 못 해","그런 말 들으면,<6E5C>누구든 말 못 해"
dom2Athena_X02.mes,Script/dom2Athena_X02.mes,124,13,주인공,とにかく、もう気にするな,"아무튼, 신경 쓰지 마","아무튼, 신경 쓰지 마"
dom2Athena_X02.mes,Script/dom2Athena_X02.mes,125,5,Athena,…………,…………,…………
dom2Athena_X02.mes,Script/dom2Athena_X02.mes,126,13,주인공,何、まだ何か気になるの?,"뭐야, 신경 쓰여?","뭐야, 신경 쓰여?"
dom2Athena_X02.mes,Script/dom2Athena_X02.mes,127,43,Athena,<이름:3131>くん……さっき、何もない<6E5C>平凡な3年間だって言ってたけど、<6E5C>何もなくないじゃない,"<이름:3131>군……아까, 평범한 3년이라고<6E5C>했지만, 아무 일도 없는<6E5C>게 아니잖아","<이름:3131>군……아까, 평범한 3년이라고<6E5C>했지만, 아무 일도 없는<6E5C>게 아니잖아"
dom2Athena_X02.mes,Script/dom2Athena_X02.mes,128,3,주인공,え?,어?,어?
dom2Athena_X02.mes,Script/dom2Athena_X02.mes,129,41,Athena,雫さんみたいなステキな女性に<6E5C>出会って、想われてるじゃない.<6E5C>なんで黙ってたの?,"시즈쿠 씨 같은 멋진 여자를<6E5C>만나서, 마음까지 받잖아.<6E5C>왜 말 안 했어?","시즈쿠 씨 같은 멋진 여자를<6E5C>만나서, 마음까지 받잖아.<6E5C>왜 말 안 했어?"
dom2Athena_X02.mes,Script/dom2Athena_X02.mes,130,10,주인공,だって、何にも……,그야……아무것도,그야……아무것도
dom2Athena_X02.mes,Script/dom2Athena_X02.mes,131,5,Athena,他には?,다른 애,다른 애
dom2Athena_X02.mes,Script/dom2Athena_X02.mes,132,3,주인공,え?,어?,어?
dom2Athena_X02.mes,Script/dom2Athena_X02.mes,133,16,Athena,他には、そんな女の子、いない?,"다른 사람, 그런 애 없어","다른 사람, 그런 애 없어"
dom2Athena_X02.mes,Script/dom2Athena_X02.mes,134,7,[선택지],いないいるかも,없어있을지도,없어있을지도
dom2Athena_X02.mes,Script/dom2Athena_X02.mes,135,9,주인공,そんなのいないよ,그런 사람 없어,그런 사람 없어
dom2Athena_X02.mes,Script/dom2Athena_X02.mes,136,7,Athena,ほんとう~?,정말~?,정말~?
dom2Athena_X02.mes,Script/dom2Athena_X02.mes,137,27,주인공,いたら僕が教えてほしいよ.<6E5C>ほんとに何もないんだから,있으면 나도 알고 싶어.<6E5C>정말 아무것도 없으니까,있으면 나도 알고 싶어.<6E5C>정말 아무것도 없으니까
dom2Athena_X02.mes,Script/dom2Athena_X02.mes,138,20,Athena,……じゃあ、そういうことに<6E5C>しとこうっ,"……그럼, 그런 걸로<6E5C>해두자","……그럼, 그런 걸로<6E5C>해두자"
dom2Athena_X02.mes,Script/dom2Athena_X02.mes,139,10,주인공,やっと、納得した?,이제 납득했어?,이제 납득했어?
dom2Athena_X02.mes,Script/dom2Athena_X02.mes,140,8,Athena,うん、<이름:3131>くん,"응, <이름:3131>군","응, <이름:3131>군"
dom2Athena_X02.mes,Script/dom2Athena_X02.mes,141,44,Athena,今日……嬉しかったよ.<이름:3131>くん<6E5C>と過ごせたことも、雫さんにああ<6E5C>言ってくれたことも……,"오늘……기뻤어.<이름:3131>군이랑<6E5C>함께 지낸 것도, 시즈쿠한테 그렇게<6E5C>말해준 것도……","오늘……기뻤어.<이름:3131>군이랑<6E5C>함께 지낸 것도, 시즈쿠한테 그렇게<6E5C>말해준 것도……"
dom2Athena_X02.mes,Script/dom2Athena_X02.mes,142,27,Athena,ますます、<이름:3131>くんと離れられ<6E5C>なくなっちゃったよ……,"점점, <이름:3131>군한테서 못<6E5C>떨어지게 됐어……","점점, <이름:3131>군한테서 못<6E5C>떨어지게 됐어……"
dom2Athena_X02.mes,Script/dom2Athena_X02.mes,143,7,주인공,いる……かも,있을……지도,있을……지도
dom2Athena_X02.mes,Script/dom2Athena_X02.mes,144,7,Athena,やっぱりぃ~,역시나~,역시나~
dom2Athena_X02.mes,Script/dom2Athena_X02.mes,145,30,주인공,いや、でもわからないよ.<6E5C>最近、周りが目まぐるしかったから,"아니, 근데 모르겠어.<6E5C>요즘, 주변이 정신없었으니까","아니, 근데 모르겠어.<6E5C>요즘, 주변이 정신없었으니까"
dom2Athena_X02.mes,Script/dom2Athena_X02.mes,146,21,Athena,何人もの女の人で、<6E5C>目まぐるしかったの?,"여자들 때문에,<6E5C>정신없었던 거야?","여자들 때문에,<6E5C>정신없었던 거야?"
dom2Athena_X02.mes,Script/dom2Athena_X02.mes,147,12,주인공,そういうわけじゃなくて,그런 게 아니라,그런 게 아니라
dom2Athena_X02.mes,Script/dom2Athena_X02.mes,148,25,Athena,やっぱり、<이름:3131>くんが優しいのは<6E5C>誰にでもなんだね,역시 <이름:3131>군이 다정한 건<6E5C>누구한테나 그렇구나,역시 <이름:3131>군이 다정한 건<6E5C>누구한테나 그렇구나
dom2Athena_X02.mes,Script/dom2Athena_X02.mes,149,29,Athena,その優しさで悲しんでる女の子、<6E5C>けっこういるんじゃない?,"그 다정함 때문에 슬퍼하는 여자애,<6E5C>꽤 많지 않아?","그 다정함 때문에 슬퍼하는 여자애,<6E5C>꽤 많지 않아?"
dom2Athena_X02.mes,Script/dom2Athena_X02.mes,150,13,주인공,なんで優しいと傷つくの?,왜 다정하면 상처받아?,왜 다정하면 상처받아?
dom2Athena_X02.mes,Script/dom2Athena_X02.mes,151,24,Athena,もう……<이름:3131>くんは、女心が<6E5C>わからないんだから,"정말……<이름:3131>군은, 여자 마음을<6E5C>모른다니까","정말……<이름:3131>군은, 여자 마음을<6E5C>모른다니까"
dom2Athena_X03.mes,Script/dom2Athena_X03.mes,0,16,Hotaru,お兄ちゃん、いつまで寝てるの?,"오빠, 언제까지 잘 거야?","오빠, 언제까지 잘 거야?"
dom2Athena_X03.mes,Script/dom2Athena_X03.mes,1,9,주인공,あぁ、ほたる……,"아, 호타루……","아, 호타루……"
dom2Athena_X03.mes,Script/dom2Athena_X03.mes,2,43,Hotaru,もぉ、昨日も遅いから.<6E5C>夜遊びばっかりしちゃダメだよ!<6E5C>お母さんに言いつけちゃうよ?,"정말, 어제도 늦었으니까.<6E5C>밤놀이만 하면 안 돼!<6E5C>엄마한테 이를 거야?","정말, 어제도 늦었으니까.<6E5C>밤놀이만 하면 안 돼!<6E5C>엄마한테 이를 거야?"
dom2Athena_X03.mes,Script/dom2Athena_X03.mes,3,31,주인공,子どもじゃないんだから…….<6E5C>それに、夜遊びなんてしてないよ,"애도 아니고……<6E5C>게다가, 밤놀이 같은 거 안 했어","애도 아니고……<6E5C>게다가, 밤놀이 같은 거 안 했어"
dom2Athena_X03.mes,Script/dom2Athena_X03.mes,4,21,Hotaru,うそ!<6E5C>じゃあ、誰と会ってたのよ、昨日!,"거짓말!<6E5C>그럼, 누구 만난 거야!","거짓말!<6E5C>그럼, 누구 만난 거야!"
dom2Athena_X03.mes,Script/dom2Athena_X03.mes,5,7,주인공,誰とって……,누구냐면……,누구냐면……
dom2Athena_X03.mes,Script/dom2Athena_X03.mes,6,24,Hotaru,ほら、ほたるに言えないような<6E5C>人なんでしょ!?,"거봐, 호타루한테 말 못 할<6E5C>사람이지!?","거봐, 호타루한테 말 못 할<6E5C>사람이지!?"
dom2Athena_X03.mes,Script/dom2Athena_X03.mes,7,5,UNKNOWN_3e,キュゥ!,꾸잉!,꾸잉!
dom2Athena_X03.mes,Script/dom2Athena_X03.mes,8,16,주인공,なんでそうなるんだよ、もぅ……,왜 그렇게 되는 거야……,왜 그렇게 되는 거야……
dom2Athena_X03.mes,Script/dom2Athena_X03.mes,9,7,[효과음/내레이션],♪ピンポーン,딩동~,딩동~
dom2Athena_X03.mes,Script/dom2Athena_X03.mes,10,5,주인공,…………,…………,…………
dom2Athena_X03.mes,Script/dom2Athena_X03.mes,11,11,Athena,こんにちは、<이름:3131>くん,"안녕, <이름:3131>군","안녕, <이름:3131>군"
dom2Athena_X03.mes,Script/dom2Athena_X03.mes,12,25,Athena,今日はお部屋に訪ねちゃったけど、<6E5C>よかったかな?,"오늘은 방으로 찾아왔는데,<6E5C>괜찮았을까?","오늘은 방으로 찾아왔는데,<6E5C>괜찮았을까?"
dom2Athena_X03.mes,Script/dom2Athena_X03.mes,13,22,Hotaru,こんにちは!<6E5C><이름:3131><이름:3232>の妹の、ほたるです!,"안녕하세요, <이름:3131><이름:3232> 동생 호타루예요!","안녕하세요, <이름:3131><이름:3232> 동생 호타루예요!"
dom2Athena_X03.mes,Script/dom2Athena_X03.mes,14,26,Athena,この前会ったよね?こんにちは.<6E5C>かわいい妹さんだね,저번에 만났었지? 안녕.<6E5C>귀여운 여동생이네,저번에 만났었지? 안녕.<6E5C>귀여운 여동생이네
dom2Athena_X03.mes,Script/dom2Athena_X03.mes,15,41,Hotaru,そっ、そんなことないです!<6E5C>あの、何の用ですか?<6E5C>兄と会う約束をしてたんですか?,"그, 그렇지 않아요!<6E5C>저기, 무슨 일이세요?<6E5C>오빠랑 만날 약속 하셨어요?","그, 그렇지 않아요!<6E5C>저기, 무슨 일이세요?<6E5C>오빠랑 만날 약속 하셨어요?"
dom2Athena_X03.mes,Script/dom2Athena_X03.mes,16,5,UNKNOWN_3e,キュゥ!,꾸잉!,꾸잉!
dom2Athena_X03.mes,Script/dom2Athena_X03.mes,17,23,주인공,麻宮、ごめん.<6E5C>すぐ支度するから外で待ってて,"미안, 금방 준비할 테니<6E5C>밖에서 기다려","미안, 금방 준비할 테니<6E5C>밖에서 기다려"
dom2Athena_X03.mes,Script/dom2Athena_X03.mes,18,8,Athena,ううん、いいの,"아니, 괜찮아","아니, 괜찮아"
dom2Athena_X03.mes,Script/dom2Athena_X03.mes,19,36,Athena,今日はお弁当を持ってきたから、<6E5C>お部屋で食べさせてもらって<6E5C>いいかな?,"오늘은 도시락 가져왔는데,<6E5C>방에서 먹어도 될까?","오늘은 도시락 가져왔는데,<6E5C>방에서 먹어도 될까?"
dom2Athena_X03.mes,Script/dom2Athena_X03.mes,20,15,Athena,ちゃんと3人分作ってきたよ!,제대로 3인분 만들어왔어!,제대로 3인분 만들어왔어!
dom2Athena_X03.mes,Script/dom2Athena_X03.mes,21,5,Hotaru,…………,…………,…………
dom2Athena_X03.mes,Script/dom2Athena_X03.mes,22,5,주인공,…………,…………,…………
dom2Athena_X03.mes,Script/dom2Athena_X03.mes,23,11,Athena,遠慮しないで食べてね,사양 말고 먹어,사양 말고 먹어
dom2Athena_X03.mes,Script/dom2Athena_X03.mes,24,23,Athena,あまり、料理は得意ってわけじゃ<6E5C>ないんだけど,그렇게 요리를 잘하는 건<6E5C>아니지만,그렇게 요리를 잘하는 건<6E5C>아니지만
dom2Athena_X03.mes,Script/dom2Athena_X03.mes,25,15,주인공,いやいや、すごくおいしそうだ,"아니야, 엄청 맛있어 보여","아니야, 엄청 맛있어 보여"
dom2Athena_X03.mes,Script/dom2Athena_X03.mes,26,28,주인공,これ、本当に麻宮が作ったの?<6E5C>スタッフとかじゃないの?,이거 진짜 아사미야가 만든 거야?<6E5C>스태프 아니고?,이거 진짜 아사미야가 만든 거야?<6E5C>스태프 아니고?
dom2Athena_X03.mes,Script/dom2Athena_X03.mes,27,29,Athena,失礼だなー、<이름:3131>くんは!<6E5C>そんなこと言ったらあげないよ!,"실례네, <이름:3131>군!<6E5C>그런 말 하면 안 줄 거야!","실례네, <이름:3131>군!<6E5C>그런 말 하면 안 줄 거야!"
dom2Athena_X03.mes,Script/dom2Athena_X03.mes,28,24,주인공,冗談だよ.起きたばかりで、<6E5C>お腹空いてるんだよ,"농담이야. 막 일어나서,<6E5C>배고픈 거야","농담이야. 막 일어나서,<6E5C>배고픈 거야"
dom2Athena_X03.mes,Script/dom2Athena_X03.mes,29,8,주인공,いただきまーす,잘 먹겠습니다,잘 먹겠습니다
dom2Athena_X03.mes,Script/dom2Athena_X03.mes,30,28,Athena,ほら、ほたるちゃんも食べて?<6E5C>何か嫌いなものがあった?,"자, 호타루도 먹어?<6E5C>뭐 싫어하는 거 있었어?","자, 호타루도 먹어?<6E5C>뭐 싫어하는 거 있었어?"
dom2Athena_X03.mes,Script/dom2Athena_X03.mes,31,8,Hotaru,いえ、あの……,"아뇨, 저기…","아뇨, 저기…"
dom2Athena_X03.mes,Script/dom2Athena_X03.mes,32,5,UNKNOWN_3e,キュゥ!,큐우!,큐우!
dom2Athena_X03.mes,Script/dom2Athena_X03.mes,33,9,Hotaru,あっ、イトカツ!,"아, 이토카츠!","아, 이토카츠!"
dom2Athena_X03.mes,Script/dom2Athena_X03.mes,34,21,주인공,ハハ、イトカツはおいしそうに<6E5C>食べてるな,"하하, 이토카츠는 맛있게<6E5C>먹고 있네","하하, 이토카츠는 맛있게<6E5C>먹고 있네"
dom2Athena_X03.mes,Script/dom2Athena_X03.mes,35,37,Athena,気に入ってくれてよかった!<6E5C>これでも、朝早く起きて<6E5C>がんばったんだからっ,맘에 들어 다행이야!<6E5C>이래봬도 일찍 일어나서<6E5C>열심히 만들었으니까,맘에 들어 다행이야!<6E5C>이래봬도 일찍 일어나서<6E5C>열심히 만들었으니까
dom2Athena_X03.mes,Script/dom2Athena_X03.mes,36,14,Hotaru,……はい、いただきます……,"……네, 잘 먹겠습니다…","……네, 잘 먹겠습니다…"
dom2Athena_X03.mes,Script/dom2Athena_X03.mes,37,4,[효과음/내레이션],ぱくっ,냠,냠
dom2Athena_X03.mes,Script/dom2Athena_X03.mes,38,5,[효과음/내레이션],もぐもぐ,우물우물,우물우물
dom2Athena_X03.mes,Script/dom2Athena_X03.mes,39,8,Athena,……どうかな?,……어때?,……어때?
dom2Athena_X03.mes,Script/dom2Athena_X03.mes,40,17,Hotaru,あの、すごく、おいしい、です……,"저, 정말, 맛있어요……","저, 정말, 맛있어요……"
dom2Athena_X03.mes,Script/dom2Athena_X03.mes,41,6,Athena,やったぁ!,야호!,야호!
dom2Athena_X03.mes,Script/dom2Athena_X03.mes,42,33,Athena,実はヒヤヒヤだったんだ、<6E5C>お口に合うかどうか.<6E5C>すっごく嬉しいよ,"사실 조마조마했어, 입맛에<6E5C>맞을지. 정말 기뻐","사실 조마조마했어, 입맛에<6E5C>맞을지. 정말 기뻐"
dom2Athena_X03.mes,Script/dom2Athena_X03.mes,43,16,주인공,ほたる、どんどんいただきなさい,"호타루, 많이 먹어","호타루, 많이 먹어"
dom2Athena_X03.mes,Script/dom2Athena_X03.mes,44,15,주인공,ただでさえ成長が遅いんだから,안 그래도 성장이 느린데,안 그래도 성장이 느린데
dom2Athena_X03.mes,Script/dom2Athena_X03.mes,45,10,Hotaru,お、お兄ちゃーん!,"오, 오빠아!","오, 오빠아!"
dom2Athena_X03.mes,Script/dom2Athena_X03.mes,46,9,Athena,フフッ、仲良いね,"후훗, 사이좋네","후훗, 사이좋네"
dom2Athena_X03.mes,Script/dom2Athena_X03.mes,47,31,Athena,<이름:3131>くんはいいね、こんな<6E5C>かわいい妹さんとふたりで<6E5C>募らせて,"<이름:3131>군은 좋겠다, 귀여운<6E5C>여동생이랑 둘이 지내서","<이름:3131>군은 좋겠다, 귀여운<6E5C>여동생이랑 둘이 지내서"
dom2Athena_X03.mes,Script/dom2Athena_X03.mes,48,11,주인공,普段はうるさいけどな,평소엔 시끄럽지만,평소엔 시끄럽지만
dom2Athena_X03.mes,Script/dom2Athena_X03.mes,49,7,Hotaru,お兄ちゃ……,오빠……,오빠……
dom2Athena_X03.mes,Script/dom2Athena_X03.mes,50,26,Athena,ほたるちゃんもよかったね、<6E5C><이름:3131>くんがお兄ちゃんで,"호타루도 좋겠다,<6E5C><이름:3131>군이 오빠라서","호타루도 좋겠다,<6E5C><이름:3131>군이 오빠라서"
dom2Athena_X03.mes,Script/dom2Athena_X03.mes,51,5,Hotaru,……はい,……네,……네
dom2Athena_X03.mes,Script/dom2Athena_X03.mes,52,20,Athena,今日はごめんね、<6E5C>突然お邪魔しちゃって,"오늘은 미안해,<6E5C>갑자기 찾아와서","오늘은 미안해,<6E5C>갑자기 찾아와서"
dom2Athena_X03.mes,Script/dom2Athena_X03.mes,53,28,Athena,わたし、ほたるちゃんともゆっくり<6E5C>話してみたかったんだ,"나, 호타루랑도 차분히<6E5C>얘기해보고 싶었어","나, 호타루랑도 차분히<6E5C>얘기해보고 싶었어"
dom2Athena_X03.mes,Script/dom2Athena_X03.mes,54,24,Athena,この前は、あいさつもちゃんと<6E5C>できなかったから,"저번엔, 인사도 제대로<6E5C>못 했으니까","저번엔, 인사도 제대로<6E5C>못 했으니까"
dom2Athena_X03.mes,Script/dom2Athena_X03.mes,55,5,Hotaru,……はい,……네,……네
dom2Athena_X03.mes,Script/dom2Athena_X03.mes,56,10,Athena,また、来てもいい?,"또, 와도 돼?","또, 와도 돼?"
dom2Athena_X03.mes,Script/dom2Athena_X03.mes,57,22,Athena,3人で遊びに行ったりしたいな.<6E5C>いいかな?,셋이서 놀러 가고 싶어.<6E5C>괜찮을까?,셋이서 놀러 가고 싶어.<6E5C>괜찮을까?
dom2Athena_X03.mes,Script/dom2Athena_X03.mes,58,7,Hotaru,あ、あの……,"아, 저기…","아, 저기…"
dom2Athena_X03.mes,Script/dom2Athena_X03.mes,59,10,UNKNOWN_3e,キュゥ!<020A>キュゥ!,큐우!<020A>큐우!,큐우!<020A>큐우!
dom2Athena_X03.mes,Script/dom2Athena_X03.mes,60,20,주인공,イトカツは麻宮を気に入ったみたい<6E5C>だぞ,"이토카츠, 아사미야<6E5C>맘에 든 듯","이토카츠, 아사미야<6E5C>맘에 든 듯"
dom2Athena_X03.mes,Script/dom2Athena_X03.mes,61,8,Hotaru,は……はい……,네……네……,네……네……
dom2Athena_X03.mes,Script/dom2Athena_X03.mes,62,10,Athena,わぁ、ありがとう!,"와, 고마워!","와, 고마워!"
dom2Athena_X03.mes,Script/dom2Athena_X03.mes,63,28,주인공,よかったな、ほたる.<6E5C>トップアイドルのお姉さんができて,"잘됐다, 호타루.<6E5C>탑 아이돌 언니가 생겨서","잘됐다, 호타루.<6E5C>탑 아이돌 언니가 생겨서"
dom2Athena_X03.mes,Script/dom2Athena_X03.mes,64,24,Athena,<이름:3131>くんも、3人で遊びに<6E5C>行くのに賛成だよね?,"<이름:3131>군도, 셋이서 놀러<6E5C>가는 거 찬성이지?","<이름:3131>군도, 셋이서 놀러<6E5C>가는 거 찬성이지?"
dom2Athena_X03.mes,Script/dom2Athena_X03.mes,65,7,주인공,もちろんだよ,물론이지,물론이지
dom2Athena_X03.mes,Script/dom2Athena_X03.mes,66,27,주인공,ほたる、恥ずかしがってないで、<6E5C>しっかり遊ぶんだぞ?,"호타루, 부끄러워하지 말고,<6E5C>제대로 놀아야 해?","호타루, 부끄러워하지 말고,<6E5C>제대로 놀아야 해?"
dom2Athena_X03.mes,Script/dom2Athena_X03.mes,67,28,주인공,ほたるが元気ないと、僕たちも気に<6E5C>なって遊べないからね,호타루 기운 없으면 우리도<6E5C>신경 쓰여서 못 노니까,호타루 기운 없으면 우리도<6E5C>신경 쓰여서 못 노니까
dom2Athena_X03.mes,Script/dom2Athena_X03.mes,68,10,Hotaru,うん……ありがとう,응……고마워,응……고마워
dom2Athena_X03.mes,Script/dom2Athena_X03.mes,69,15,Hotaru,あっ、ほたる、食器を洗うね?,"아, 호타루 그릇 씻을게?","아, 호타루 그릇 씻을게?"
dom2Athena_X03.mes,Script/dom2Athena_X03.mes,70,12,[효과음/내레이션],ジャーッ<020A>ゴシゴシ……,촤아<020A>쓱싹……,촤아<020A>쓱싹……
dom2Athena_X03.mes,Script/dom2Athena_X03.mes,71,30,주인공,……よかった、あいつもちゃんと<6E5C>あーゆーことができるんだな,"……다행이다, 저 녀석도<6E5C>제대로 저런 걸 할 줄 아네","……다행이다, 저 녀석도<6E5C>제대로 저런 걸 할 줄 아네"
dom2Athena_X03.mes,Script/dom2Athena_X03.mes,72,24,Athena,フフッ……突然来て、ごめんね?<6E5C>ビックリした?,"후훗……갑자기 와서,<6E5C>미안해? 놀랐어?","후훗……갑자기 와서,<6E5C>미안해? 놀랐어?"
dom2Athena_X03.mes,Script/dom2Athena_X03.mes,73,34,주인공,あたりまえだよ.わざわざ弁当まで<6E5C>作って、3人で食べようなんて……,"당연하지. 일부러 도시락까지<6E5C>만들어서, 셋이 먹자니……","당연하지. 일부러 도시락까지<6E5C>만들어서, 셋이 먹자니……"
dom2Athena_X03.mes,Script/dom2Athena_X03.mes,74,26,Athena,だって、ほたるちゃんと仲良くなり<6E5C>たかったんだもの,"그야, 호타루랑 친해지고<6E5C>싶었으니까","그야, 호타루랑 친해지고<6E5C>싶었으니까"
dom2Athena_X03.mes,Script/dom2Athena_X03.mes,75,9,주인공,どうしてほたると,왜 호타루랑,왜 호타루랑
dom2Athena_X03.mes,Script/dom2Athena_X03.mes,76,26,Athena,ほたるちゃんは、<이름:3131>くんの<6E5C>ことが大好きでしょう?,"호타루는, <이름:3131>군을<6E5C>정말 좋아하잖아?","호타루는, <이름:3131>군을<6E5C>정말 좋아하잖아?"
dom2Athena_X03.mes,Script/dom2Athena_X03.mes,77,38,Athena,<이름:3131>くんと親しくなることで、<6E5C>ほたるちゃんに嫌われるのは<6E5C>嫌だったんだもん,"<이름:3131>군이랑 친해지는 걸로,<6E5C>호타루한테 미움받는 건<6E5C>싫었으니까","<이름:3131>군이랑 친해지는 걸로,<6E5C>호타루한테 미움받는 건<6E5C>싫었으니까"
dom2Athena_X03.mes,Script/dom2Athena_X03.mes,78,21,Athena,みんなで遊んだ方が、<6E5C>気持ちいいでしょ?,"다 같이 노는 게,<6E5C>기분 좋잖아?","다 같이 노는 게,<6E5C>기분 좋잖아?"
dom2Athena_X03.mes,Script/dom2Athena_X03.mes,79,10,주인공,気を使うね、麻宮は,신경 쓰는구나,신경 쓰는구나
dom2Athena_X03.mes,Script/dom2Athena_X03.mes,80,10,Athena,そんなのじゃないよ,그런 거 아니야,그런 거 아니야
dom2Athena_X03.mes,Script/dom2Athena_X03.mes,81,27,Athena,巳沢さんみたいに、友達になれない<6E5C>のが悲しいから……,"미사와 씨처럼, 친구가<6E5C>못 되는 게 슬프니까……","미사와 씨처럼, 친구가<6E5C>못 되는 게 슬프니까……"
dom2Athena_X03.mes,Script/dom2Athena_X03.mes,82,26,Athena,だから、強引な手を使っちゃった.<6E5C>卑怯だったかな?,"그래서, 억지로 밀어붙였어.<6E5C>비겁했나?","그래서, 억지로 밀어붙였어.<6E5C>비겁했나?"
dom2Athena_X03.mes,Script/dom2Athena_X03.mes,83,10,주인공,そんなことないけど,그렇지 않지만,그렇지 않지만
dom2Athena_X03.mes,Script/dom2Athena_X03.mes,84,27,주인공,みんなと仲良くなりたいなんて、<6E5C>麻宮らしいよ.立派だ,"다 같이 친해지고 싶다니,<6E5C>아사미야답네. 훌륭해","다 같이 친해지고 싶다니,<6E5C>아사미야답네. 훌륭해"
dom2Athena_X03.mes,Script/dom2Athena_X03.mes,85,21,Athena,現実には無理だってわかってるけど<6E5C>ね……,현실적으론 무리인 거<6E5C>알지만……,현실적으론 무리인 거<6E5C>알지만……
dom2Athena_X03.mes,Script/dom2Athena_X03.mes,86,4,주인공,え……,어……,어……
dom2Athena_X03.mes,Script/dom2Athena_X03.mes,87,32,Athena,フフッ.<6E5C>これで、少しはほたるちゃんも<6E5C>気を許してくれたかな?,"후훗. 이걸로, 조금은 호타루도<6E5C>맘을 열어줬으려나?","후훗. 이걸로, 조금은 호타루도<6E5C>맘을 열어줬으려나?"
dom2Athena_X03.mes,Script/dom2Athena_X03.mes,88,12,Athena,心を開いてくれるかな?,맘을 열어줄까?,맘을 열어줄까?
dom2Athena_X03.mes,Script/dom2Athena_X03.mes,89,41,주인공,ああ.まずイトカツから手なずけら<6E5C>れたからな.ほたるもかなり気を許<6E5C>してるだろう,그래. 우선 이토카츠부터<6E5C>길들였으니까. 호타루도 꽤<6E5C>맘을 열었을 거야,그래. 우선 이토카츠부터<6E5C>길들였으니까. 호타루도 꽤<6E5C>맘을 열었을 거야
dom2Athena_X03.mes,Script/dom2Athena_X03.mes,90,25,Athena,じゃ、<이름:3131>くんと、もっと遊び<6E5C>やすくなったよね?,"그럼, <이름:3131>군이랑,<6E5C>더 놀기 편해졌겠네?","그럼, <이름:3131>군이랑,<6E5C>더 놀기 편해졌겠네?"
dom2Athena_X03.mes,Script/dom2Athena_X03.mes,91,5,주인공,麻宮……,아사미야,아사미야
dom2Athena_X03.mes,Script/dom2Athena_X03.mes,92,27,주인공,これって処世術?芸能界を勝ち<6E5C>抜いていく功名な手口?,이거 처세술이야?<6E5C>연예계 뚫는 기막힌 수법?,이거 처세술이야?<6E5C>연예계 뚫는 기막힌 수법?
dom2Athena_X03.mes,Script/dom2Athena_X03.mes,93,15,Athena,<이름:3131>くんは人閉きが悪いなぁ~,<이름:3131>군 말버릇<6E5C>안 좋네~,<이름:3131>군 말버릇<6E5C>안 좋네~
dom2Athena_X03.mes,Script/dom2Athena_X03.mes,94,20,주인공,麻宮、今日はありがとう.<6E5C>ごちそうさま,"아사미야, 오늘 고마워.<6E5C>잘 먹었어","아사미야, 오늘 고마워.<6E5C>잘 먹었어"
dom2Athena_X03.mes,Script/dom2Athena_X03.mes,95,48,Athena,いいえ.こちらこそ、熱い兄妹愛に<6E5C>触れて感動しちゃいました.勝手に<6E5C>割り込んじゃってごめんね?,"아니야. 나야말로, 뜨거운<6E5C>남매애를 보고 감동했어.<6E5C>맘대로 끼어들어서 미안해?","아니야. 나야말로, 뜨거운<6E5C>남매애를 보고 감동했어.<6E5C>맘대로 끼어들어서 미안해?"
dom2Athena_X03.mes,Script/dom2Athena_X03.mes,96,15,주인공,いつでも割り込めよ.大歓迎だ,언제든 끼어들어.<6E5C>환영이야,언제든 끼어들어.<6E5C>환영이야
dom2Athena_X03.mes,Script/dom2Athena_X03.mes,97,8,Athena,ありがとう……,고마워……,고마워……
dom2Athena_X03.mes,Script/dom2Athena_X03.mes,98,24,주인공,いや、僕の方がもっと麻宮と親しく<6E5C>なりたいから,"아니, 내가 아사미야랑<6E5C>친해지고 싶으니까","아니, 내가 아사미야랑<6E5C>친해지고 싶으니까"
dom2Athena_X03.mes,Script/dom2Athena_X03.mes,99,37,주인공,だから大歓迎なんだよ.僕から麻宮<6E5C>の世界に割り込むのは、恐れ多いか<6E5C>らね,그래서 대환영이야.<6E5C>내가 먼저 아사미야한테<6E5C>끼어드는 건 황송하니까,그래서 대환영이야.<6E5C>내가 먼저 아사미야한테<6E5C>끼어드는 건 황송하니까
dom2Athena_X03.mes,Script/dom2Athena_X03.mes,100,10,Athena,そんなことないのに,그렇지 않은데,그렇지 않은데
dom2Athena_X03.mes,Script/dom2Athena_X03.mes,101,9,주인공,そんなことあるよ,그런 거 있어,그런 거 있어
dom2Athena_X03.mes,Script/dom2Athena_X03.mes,102,10,Athena,でもね、わたし……,"근데, 나……","근데, 나……"
dom2Athena_X03.mes,Script/dom2Athena_X03.mes,103,2,주인공,?,?,?
dom2Athena_X03.mes,Script/dom2Athena_X03.mes,104,25,Athena,怖いんだ、<이름:3131>くんとどんどん<6E5C>親しくなるのが……,"무서워, <이름:3131>군이랑<6E5C>점점 친해지는 게……","무서워, <이름:3131>군이랑<6E5C>점점 친해지는 게……"
dom2Athena_X03.mes,Script/dom2Athena_X03.mes,105,7,주인공,……どうして,……왜,……왜
dom2Athena_X03.mes,Script/dom2Athena_X03.mes,106,22,Athena,親しくなればなるほど、別れるとき<6E5C>が怖いよ,"친해질수록,<6E5C>헤어질 때가 무서워","친해질수록,<6E5C>헤어질 때가 무서워"
dom2Athena_X03.mes,Script/dom2Athena_X03.mes,107,48,Athena,別れは、必ずくるんでしょ?その<6E5C>ときが怖い.出会わなければよかっ<6E5C>たって、思うかもしれない……,"이별은, 반드시 오잖아?<6E5C>그때가 무서워. 안 만났으면<6E5C>나았을 거라고, 생각할지도……","이별은, 반드시 오잖아?<6E5C>그때가 무서워. 안 만났으면<6E5C>나았을 거라고, 생각할지도……"
dom2Athena_X03.mes,Script/dom2Athena_X03.mes,108,5,주인공,麻宮……,아사미야,아사미야
dom2Athena_X03.mes,Script/dom2Athena_X03.mes,109,28,Athena,<이름:3131>くんは優しすぎるから、<6E5C>どんどん居心地が良くなって,"<이름:3131>군은 너무 다정해서,<6E5C>점점 있기 편해져서","<이름:3131>군은 너무 다정해서,<6E5C>점점 있기 편해져서"
dom2Athena_X03.mes,Script/dom2Athena_X03.mes,110,33,Athena,でも失うときのことを考えたら、<6E5C>再会しない方がよかったのかもって,"잃을 때 생각하면,<6E5C>재회 안 하는 게 나았을지도<6E5C>몰라서","잃을 때 생각하면,<6E5C>재회 안 하는 게 나았을지도<6E5C>몰라서"
dom2Athena_X03.mes,Script/dom2Athena_X03.mes,111,15,Athena,だって、来月にはわたしは……,"그야, 다음 달엔 나는……","그야, 다음 달엔 나는……"
dom2Athena_X03.mes,Script/dom2Athena_X03.mes,112,23,주인공,バカ.そんなこと言ったら誰とも<6E5C>会えないだろ,바보. 그런 말 하면 아무도<6E5C>못 만나잖아,바보. 그런 말 하면 아무도<6E5C>못 만나잖아
dom2Athena_X03.mes,Script/dom2Athena_X03.mes,113,29,주인공,麻宮が忙しいのは知ってるよ.<6E5C>だからって僕は後悔しないよ,아사미야가 바쁜 건 알아.<6E5C>그렇다고 난 후회 안 해,아사미야가 바쁜 건 알아.<6E5C>그렇다고 난 후회 안 해
dom2Athena_X03.mes,Script/dom2Athena_X03.mes,114,20,주인공,麻宮と再会したこと.<6E5C>むしろ感謝してる,아사미야 재회한 거.<6E5C>오히려 감사해,아사미야 재회한 거.<6E5C>오히려 감사해
dom2Athena_X03.mes,Script/dom2Athena_X03.mes,115,7,Athena,<이름:3131>くん……,<이름:3131>군……,<이름:3131>군……
dom2Athena_X03.mes,Script/dom2Athena_X03.mes,116,63,주인공,僕は麻宮を悲しませないから.<6E5C>忙しくて会えなくなっても、<6E5C>悲しませないようにするから、<485C>出会わなければよかったなんて<6E5C>言うな,"난 아사미야 안 슬프게 할 거야.<6E5C>바빠서 못 만나게 돼도,<485C>만나지 않는 게 나았단<6E5C>말은 하지 마","난 아사미야 안 슬프게 할 거야.<6E5C>바빠서 못 만나게 돼도,<485C>만나지 않는 게 나았단<6E5C>말은 하지 마"
dom2Athena_X03.mes,Script/dom2Athena_X03.mes,117,6,Athena,ごめん……,미안……,미안……
dom2Athena_X03.mes,Script/dom2Athena_X03.mes,118,32,주인공,……僕が村上のことを忘れさせてや<6E5C>る……って、言いたいけど……,……내가 무라카미를 잊게<6E5C>해주겠다……고 말하고 싶지만……,……내가 무라카미를 잊게<6E5C>해주겠다……고 말하고 싶지만……
dom2Athena_X03.mes,Script/dom2Athena_X03.mes,119,5,Athena,えっ……,어……,어……
dom2Athena_X03.mes,Script/dom2Athena_X03.mes,120,12,주인공,今はまだ、無理かな……,"아직, 무리려나……","아직, 무리려나……"
dom2Athena_X03.mes,Script/dom2Athena_X03.mes,121,7,Athena,<이름:3131>くん……,<이름:3131>군……,<이름:3131>군……
dom2Athena_X03.mes,Script/dom2Athena_X03.mes,122,20,Athena,わたしに大地のこと、<6E5C>忘れさせたいの?,"다이치를,<6E5C>잊게 하고 싶은 거야?","다이치를,<6E5C>잊게 하고 싶은 거야?"
dom2Athena_X03.mes,Script/dom2Athena_X03.mes,123,22,주인공,忘れなくてもいいよ.<6E5C>忘れる必要なんてない,잊지 않아도 돼.<6E5C>잊을 필요 없어,잊지 않아도 돼.<6E5C>잊을 필요 없어
dom2Athena_X03.mes,Script/dom2Athena_X03.mes,124,8,Athena,でも、今は……,지금은……,지금은……
dom2Athena_X03.mes,Script/dom2Athena_X03.mes,125,50,주인공,今はまだつらくても、そいつの<6E5C>こと、大事な思い出にすればいい<485C>今の麻宮には、まだ過去じゃなく<6E5C>ても,"지금 힘들어도, 소중한<6E5C>추억으로 삼으면 돼<485C>아직 과거가 아니라도","지금 힘들어도, 소중한<6E5C>추억으로 삼으면 돼<485C>아직 과거가 아니라도"
dom2Athena_X03.mes,Script/dom2Athena_X03.mes,126,5,Athena,…………,…………,…………
dom2Athena_X03.mes,Script/dom2Athena_X03.mes,127,33,주인공,僕が、村上のことを思い出に変えた<6E5C>い.……それは無謀なことかな?,"내가, 무라카미를<6E5C>추억으로 바꾸고 싶어.<6E5C>무모한 일일까?","내가, 무라카미를<6E5C>추억으로 바꾸고 싶어.<6E5C>무모한 일일까?"
dom2Athena_X03.mes,Script/dom2Athena_X03.mes,128,12,Athena,<이름:3131>くん……ありがとう,<이름:3131>군……고마워,<이름:3131>군……고마워
dom2Athena_X03.mes,Script/dom2Athena_X03.mes,129,36,Athena,今は、自分の気持ちがわからない<6E5C>けど、その言葉は、すごく<6E5C>嬉しいよ……,"지금은, 내 마음을 잘<6E5C>모르겠지만, 그 말은, 정말<6E5C>기뻐……","지금은, 내 마음을 잘<6E5C>모르겠지만, 그 말은, 정말<6E5C>기뻐……"
dom2Athena_X04.mes,Script/dom2Athena_X04.mes,0,15,주인공,……う~ん、おはよう、ほたる,"음, 좋은 아침, 호타루","음, 좋은 아침, 호타루"
dom2Athena_X04.mes,Script/dom2Athena_X04.mes,1,23,Hotaru,おはよう.今日も早起きなんだ.<6E5C>出かけるの?,좋은 아침. 일찍<6E5C>일어났네. 나가?,좋은 아침. 일찍<6E5C>일어났네. 나가?
dom2Athena_X04.mes,Script/dom2Athena_X04.mes,2,5,주인공,そうだな,그렇지,그렇지
dom2Athena_X04.mes,Script/dom2Athena_X04.mes,3,12,Hotaru,また麻宮さんと会うの?,아사미야 씨 만나?,아사미야 씨 만나?
dom2Athena_X04.mes,Script/dom2Athena_X04.mes,4,5,주인공,……うん,……응,……응
dom2Athena_X04.mes,Script/dom2Athena_X04.mes,5,52,Hotaru,麻宮さん、テレビでもステキだけど<6E5C>本物はもっとステキだったね!<485C>お兄ちゃんが好きになるのも<6E5C>わかるよ!,"아사미야 씨, TV에서도 멋지지만<6E5C>실물은 더 멋졌어!<485C>오빠가 좋아하는 것도 알겠어!","아사미야 씨, TV에서도 멋지지만<6E5C>실물은 더 멋졌어!<485C>오빠가 좋아하는 것도 알겠어!"
dom2Athena_X04.mes,Script/dom2Athena_X04.mes,6,10,주인공,えっ、好きって……,좋아한다니……,좋아한다니……
dom2Athena_X04.mes,Script/dom2Athena_X04.mes,7,15,Hotaru,いまさら隠す必要ないでしょ?,숨길 필요 없잖아?,숨길 필요 없잖아?
dom2Athena_X04.mes,Script/dom2Athena_X04.mes,8,8,주인공,う、う~ん……,"으, 으음……","으, 으음……"
dom2Athena_X04.mes,Script/dom2Athena_X04.mes,9,21,Hotaru,麻宮さんじゃ、ほたるもかなわ<6E5C>ないよ……,"아사미야한텐, 호타루도<6E5C>못 당해……","아사미야한텐, 호타루도<6E5C>못 당해……"
dom2Athena_X04.mes,Script/dom2Athena_X04.mes,10,3,주인공,え?,어?,어?
dom2Athena_X04.mes,Script/dom2Athena_X04.mes,11,65,Hotaru,お兄ちゃんを他の女の人に取られ<6E5C>ちゃうのは悲しいけど……<485C>悲しいけど……でも、いつか<6E5C>そういう日が来るってことも、<6E5C>わかってたよ,"오빠를 다른 여자한테 빼앗기는 건<6E5C>슬프지만……슬프지만……근데,<6E5C>언젠가 그런 날이 온다는 것도,<485C>알고 있었어","오빠를 다른 여자한테 빼앗기는 건<6E5C>슬프지만……슬프지만……근데,<6E5C>언젠가 그런 날이 온다는 것도,<485C>알고 있었어"
dom2Athena_X04.mes,Script/dom2Athena_X04.mes,12,6,주인공,ほたる……,호타루……,호타루……
dom2Athena_X04.mes,Script/dom2Athena_X04.mes,13,56,Hotaru,お兄ちゃん、がんばってね?<485C>お兄ちゃんが誰と付き合っても、<6E5C>ほたるはずーっとずーっと、<6E5C>お兄ちゃんの妹だから!,"오빠, 힘내?<485C>오빠가 누구랑 사귀어도,<6E5C>호타루는 계속 계속,<6E5C>오빠 동생이니까!","오빠, 힘내?<485C>오빠가 누구랑 사귀어도,<6E5C>호타루는 계속 계속,<6E5C>오빠 동생이니까!"
dom2Athena_X04.mes,Script/dom2Athena_X04.mes,14,24,Hotaru,失恋したら、イトカツと一緒に<6E5C>慰めてあげるよ!,"실연하면, 이토카츠랑 같이<6E5C>위로해줄게!","실연하면, 이토카츠랑 같이<6E5C>위로해줄게!"
dom2Athena_X04.mes,Script/dom2Athena_X04.mes,15,5,UNKNOWN_3e,キュゥ!,큐우!,큐우!
dom2Athena_X04.mes,Script/dom2Athena_X04.mes,16,13,주인공,ハハ、そりゃありがたいな,"하하, 그거 고맙네","하하, 그거 고맙네"
dom2Athena_X04.mes,Script/dom2Athena_X04.mes,17,20,주인공,(麻宮、本当に今日も会える<6E5C>かな……),(오늘도 만날 수<6E5C>있으려나……),(오늘도 만날 수<6E5C>있으려나……)
dom2Athena_X04.mes,Script/dom2Athena_X04.mes,18,7,UNKNOWN_1e,<이름:3131>くん……,<이름:3131>군……,<이름:3131>군……
dom2Athena_X04.mes,Script/dom2Athena_X04.mes,19,9,주인공,麻宮!……浴衣だ,유카타네!,유카타네!
dom2Athena_X04.mes,Script/dom2Athena_X04.mes,20,40,Athena,うん.また着たくなっちゃっ<6E5C>たんだ.あの日、<이름:3131>くんが<6E5C>守ってくれたときの浴衣,"응. 또 입고 싶어졌어.<6E5C>그날, <이름:3131>군이 지켜줬을<6E5C>때 입은 유카타","응. 또 입고 싶어졌어.<6E5C>그날, <이름:3131>군이 지켜줬을<6E5C>때 입은 유카타"
dom2Athena_X04.mes,Script/dom2Athena_X04.mes,21,24,주인공,……明るいところで見ると、<6E5C>やっぱりかわいいな,"……밝은 데서 보니까,<6E5C>역시 귀엽네","……밝은 데서 보니까,<6E5C>역시 귀엽네"
dom2Athena_X04.mes,Script/dom2Athena_X04.mes,22,10,Athena,フフ……ありがとう,후후……고마워,후후……고마워
dom2Athena_X04.mes,Script/dom2Athena_X04.mes,23,38,주인공,さぁ、今日はどこに行こうか.<6E5C>この街で遊べるとこは、けっこう<6E5C>行ったよね?,"자, 오늘은 어디 갈까.<6E5C>이 동네 놀 만한 곳은, 꽤<6E5C>가봤지?","자, 오늘은 어디 갈까.<6E5C>이 동네 놀 만한 곳은, 꽤<6E5C>가봤지?"
dom2Athena_X04.mes,Script/dom2Athena_X04.mes,24,42,Athena,別に、特別な場所じゃなくて<6E5C>いいよ.<이름:3131>くんと歩きながら、<6E5C>ゆっくりお話ししたいな,"딱히, 특별한 곳 아니어도<6E5C>돼. <이름:3131>군이랑 걸으면서,<6E5C>천천히 얘기하고 싶어","딱히, 특별한 곳 아니어도<6E5C>돼. <이름:3131>군이랑 걸으면서,<6E5C>천천히 얘기하고 싶어"
dom2Athena_X04.mes,Script/dom2Athena_X04.mes,25,13,주인공,そう?それならそうしよう,그럼 그렇게 하자,그럼 그렇게 하자
dom2Athena_X04.mes,Script/dom2Athena_X04.mes,26,14,주인공,あ、ゲタは歩きにくくない?,게타 걷기 불편해?,게타 걷기 불편해?
dom2Athena_X04.mes,Script/dom2Athena_X04.mes,27,4,[효과음/내레이션],ぎゅっ,꼬옥,꼬옥
dom2Athena_X04.mes,Script/dom2Athena_X04.mes,28,42,Athena,!<020A>……<이름:3131>くん、こんな風に<6E5C>いつも女の子と接してるの?<6E5C>すぐに手をつないだりして,"!<020A>……<이름:3131>군, 늘 이렇게<6E5C>여자애들 대하는 거야?<6E5C>바로 손 잡고 그러면서","!<020A>……<이름:3131>군, 늘 이렇게<6E5C>여자애들 대하는 거야?<6E5C>바로 손 잡고 그러면서"
dom2Athena_X04.mes,Script/dom2Athena_X04.mes,29,25,주인공,そんなことないよ.<6E5C>麻宮が迷惑だったらやめるけど,그런 거 아니야.<6E5C>아사미야가 싫으면 그만둘게,그런 거 아니야.<6E5C>아사미야가 싫으면 그만둘게
dom2Athena_X04.mes,Script/dom2Athena_X04.mes,30,6,Athena,迷惑だよ!,싫어!,싫어!
dom2Athena_X04.mes,Script/dom2Athena_X04.mes,31,7,주인공,(ガーン!),(쿵!),(쿵!)
dom2Athena_X04.mes,Script/dom2Athena_X04.mes,32,12,주인공,……じゃ、じゃあ離すよ,"……그, 그럼 놓을게","……그, 그럼 놓을게"
dom2Athena_X04.mes,Script/dom2Athena_X04.mes,33,27,Athena,手をつないじゃったら、<6E5C>離されたときが悲しいじゃない,"손 잡아버리면, 놓았을 때가<6E5C>슬프잖아","손 잡아버리면, 놓았을 때가<6E5C>슬프잖아"
dom2Athena_X04.mes,Script/dom2Athena_X04.mes,34,5,주인공,…………,…………,…………
dom2Athena_X04.mes,Script/dom2Athena_X04.mes,35,23,Athena,それなら、初めからつながないで<6E5C>いた方が……,"그럼, 처음부터 안 잡는 게<6E5C>낫지……","그럼, 처음부터 안 잡는 게<6E5C>낫지……"
dom2Athena_X04.mes,Script/dom2Athena_X04.mes,36,8,주인공,麻宮は臆病だな,겁쟁이네,겁쟁이네
dom2Athena_X04.mes,Script/dom2Athena_X04.mes,37,5,Athena,だって!,그야!,그야!
dom2Athena_X04.mes,Script/dom2Athena_X04.mes,38,20,주인공,いいんだよ.<6E5C>僕は麻宮と手をつないでも,괜찮아.<6E5C>난 아사미야랑 손잡아도,괜찮아.<6E5C>난 아사미야랑 손잡아도
dom2Athena_X04.mes,Script/dom2Athena_X04.mes,39,4,[효과음/내레이션],ぎゅっ,꼬옥,꼬옥
dom2Athena_X04.mes,Script/dom2Athena_X04.mes,40,7,Athena,<이름:3131>くん……,<이름:3131>군……,<이름:3131>군……
dom2Athena_X04.mes,Script/dom2Athena_X04.mes,41,16,주인공,麻宮……閉きたいことがあるんだ,"아사미야, 물어보고 싶어","아사미야, 물어보고 싶어"
dom2Athena_X04.mes,Script/dom2Athena_X04.mes,42,8,Athena,閉きたいこと?,묻고 싶어?,묻고 싶어?
dom2Athena_X04.mes,Script/dom2Athena_X04.mes,43,9,[선택지],僕のこと失恋のこと,내 얘기실연 얘기,내 얘기실연 얘기
dom2Athena_X04.mes,Script/dom2Athena_X04.mes,44,35,주인공,今の正直な気持ちでいい.<6E5C>麻宮が僕をどう思ってるのか、<6E5C>教えてほしい,"지금 솔직한 마음이면 돼.<6E5C>날 어떻게 생각하는지,<6E5C>알려줘","지금 솔직한 마음이면 돼.<6E5C>날 어떻게 생각하는지,<6E5C>알려줘"
dom2Athena_X04.mes,Script/dom2Athena_X04.mes,45,10,Athena,<이름:3131>くんのこと……,<이름:3131>군 얘기……,<이름:3131>군 얘기……
dom2Athena_X04.mes,Script/dom2Athena_X04.mes,46,41,주인공,僕の気持ちは、もうわかってると<6E5C>思う.それにいますぐ答えて<6E5C>くれってわけじゃない,"내 마음은, 이미 알고 있을<6E5C>거야. 그리고 당장 대답해달란<6E5C>것도 아니야","내 마음은, 이미 알고 있을<6E5C>거야. 그리고 당장 대답해달란<6E5C>것도 아니야"
dom2Athena_X04.mes,Script/dom2Athena_X04.mes,47,41,주인공,ただ、このまま麻宮のことを、<6E5C>僕が想い続けてもいいのかどうか、<6E5C>教えてほしいんだ,"그냥, 이대로 아사미야를,<6E5C>내가 계속 생각해도 되는지,<6E5C>알려줬으면 해","그냥, 이대로 아사미야를,<6E5C>내가 계속 생각해도 되는지,<6E5C>알려줬으면 해"
dom2Athena_X04.mes,Script/dom2Athena_X04.mes,48,5,Athena,……でも,……근데,……근데
dom2Athena_X04.mes,Script/dom2Athena_X04.mes,49,48,주인공,いや、違うな…….きっと、麻宮が<6E5C>なんて答えても、僕は麻宮を想い続<6E5C>けるよ.それは、覚悟してね,"아니, 그게 아니지…….<6E5C>아사미야가 뭐라 답해도, 난<6E5C>계속 생각할 거야.<485C>각오해둬","아니, 그게 아니지…….<6E5C>아사미야가 뭐라 답해도, 난<6E5C>계속 생각할 거야.<485C>각오해둬"
dom2Athena_X04.mes,Script/dom2Athena_X04.mes,50,9,Athena,……<이름:3131>くん……,……<이름:3131>군……,……<이름:3131>군……
dom2Athena_X04.mes,Script/dom2Athena_X04.mes,51,30,주인공,麻宮がフラれたことについて閉きた<6E5C>いんだけど……いいかな?,아사미야가 차인 것에 대해<6E5C>묻고 싶은데……괜찮을까?,아사미야가 차인 것에 대해<6E5C>묻고 싶은데……괜찮을까?
dom2Athena_X04.mes,Script/dom2Athena_X04.mes,52,7,Athena,<이름:3131>くん……,<이름:3131>군……,<이름:3131>군……
dom2Athena_X04.mes,Script/dom2Athena_X04.mes,53,37,주인공,ごめん、嫌なこと閉いて.<6E5C>麻宮がフラれる理由が、<6E5C>ぜんぜんわからないんだ,"미안, 싫은 걸 물어서.<6E5C>차일 이유가, 전혀<6E5C>이해가 안 가서","미안, 싫은 걸 물어서.<6E5C>차일 이유가, 전혀<6E5C>이해가 안 가서"
dom2Athena_X04.mes,Script/dom2Athena_X04.mes,54,27,주인공,世界中の人が、麻宮が被女だったら<6E5C>なって思ってるのに,"전 세계 사람들이, 여친이면<6E5C>좋겠다 생각할 텐데","전 세계 사람들이, 여친이면<6E5C>좋겠다 생각할 텐데"
dom2Athena_X04.mes,Script/dom2Athena_X04.mes,55,17,Athena,そんな……アイドルと被女は違うよ,그런……아이돌이랑<6E5C>여친은 달라,그런……아이돌이랑<6E5C>여친은 달라
dom2Athena_X04.mes,Script/dom2Athena_X04.mes,56,31,주인공,でも、村上はミーハーな気持ちで<6E5C>付き合ってたんじゃないだろ?,"근데, 무라카미는 들뜬<6E5C>마음으로 사귄 거 아니잖아?","근데, 무라카미는 들뜬<6E5C>마음으로 사귄 거 아니잖아?"
dom2Athena_X04.mes,Script/dom2Athena_X04.mes,57,34,주인공,幼馴染だったのなら、深く心が結ば<6E5C>れてたはずだ.なんでなのかなって,"소꿉친구였다면, 깊이<6E5C>이어져 있었을 텐데.<6E5C>왜 그런지 싶어서","소꿉친구였다면, 깊이<6E5C>이어져 있었을 텐데.<6E5C>왜 그런지 싶어서"
dom2Athena_X04.mes,Script/dom2Athena_X04.mes,58,17,Athena,わたしもそう思ってた、けどね……,"나도 생각했는데,<6E5C>근데……","나도 생각했는데,<6E5C>근데……"
dom2Athena_X04.mes,Script/dom2Athena_X04.mes,59,13,주인공,……いいよ、無理しなくて,"괜찮아, 무리 안 해","괜찮아, 무리 안 해"
dom2Athena_X04.mes,Script/dom2Athena_X04.mes,60,14,Athena,別れって、突然来るんだよね,"이별은, 갑자기<6E5C>온다더라","이별은, 갑자기<6E5C>온다더라"
dom2Athena_X04.mes,Script/dom2Athena_X04.mes,61,3,주인공,え?,어?,어?
dom2Athena_X04.mes,Script/dom2Athena_X04.mes,62,26,Athena,わたし、別れは予感できると思って<6E5C>た.でも違ったね,"나, 이별은 예감할 수<6E5C>있다고 생각했어","나, 이별은 예감할 수<6E5C>있다고 생각했어"
dom2Athena_X04.mes,Script/dom2Athena_X04.mes,63,36,Athena,とつぜん、『今のままじゃダメだ.<6E5C>別れよう』って言われたんだ、<6E5C>大地に,"갑자기, '이대론 안 돼,<6E5C>헤어지자'는 말 들었어,<6E5C>다이치한테","갑자기, '이대론 안 돼,<6E5C>헤어지자'는 말 들었어,<6E5C>다이치한테"
dom2Athena_X04.mes,Script/dom2Athena_X04.mes,64,10,주인공,……どうしてだろう,……왜 그랬을까,……왜 그랬을까
dom2Athena_X04.mes,Script/dom2Athena_X04.mes,65,36,Athena,大地は、自分の道を見つけたの.<6E5C>それは私と一緒に歩けない道<6E5C>だった……,"다이치는, 자기 길을 찾았어.<6E5C>나랑 걸을 수 없는 길<6E5C>이었어……","다이치는, 자기 길을 찾았어.<6E5C>나랑 걸을 수 없는 길<6E5C>이었어……"
dom2Athena_X04.mes,Script/dom2Athena_X04.mes,66,25,Athena,何度も話し合ったわ.<6E5C>でも、どうしようもなかった,몇 번 얘기했어.<6E5C>근데 어쩔 도리가 없었어,몇 번 얘기했어.<6E5C>근데 어쩔 도리가 없었어
dom2Athena_X04.mes,Script/dom2Athena_X04.mes,67,23,Athena,最後は、おたがい納得して、<6E5C>別れたはずだった,"마지막엔, 서로 납득하고,<6E5C>헤어졌을 텐데","마지막엔, 서로 납득하고,<6E5C>헤어졌을 텐데"
dom2Athena_X04.mes,Script/dom2Athena_X04.mes,68,65,Athena,……でも、別れても、わたしは<6E5C>ずっと大地を好きなままだと<6E5C>思ってたよ<485C>大地を好きなまま、おばあちゃん<6E5C>になって死ぬんだと思ってた,"……근데, 헤어져도, 난 계속<6E5C>다이치를 좋아할 거라고<6E5C>생각했어<485C>다이치를 좋아한 채로,<6E5C>할머니가 돼서 죽을 줄 알았어","……근데, 헤어져도, 난 계속<6E5C>다이치를 좋아할 거라고<6E5C>생각했어<485C>다이치를 좋아한 채로,<6E5C>할머니가 돼서 죽을 줄 알았어"
dom2Athena_X04.mes,Script/dom2Athena_X04.mes,69,19,주인공,そうか…….<6E5C>そうだな、麻宮だもんな,"그렇구나…….<6E5C>그래, 아사미야니까","그렇구나…….<6E5C>그래, 아사미야니까"
dom2Athena_X04.mes,Script/dom2Athena_X04.mes,70,27,Athena,でも……本当に、どうなるかわから<6E5C>ないね.人と人って,"정말, 어떻게 될지<6E5C>모르네. 사람 사이란 건","정말, 어떻게 될지<6E5C>모르네. 사람 사이란 건"
dom2Athena_X04.mes,Script/dom2Athena_X04.mes,71,3,주인공,え?,어?,어?
dom2Athena_X04.mes,Script/dom2Athena_X04.mes,72,39,Athena,……白状します.麻宮アテナは、<6E5C>かなり<이름:3131><이름:3232>のことが<6E5C>気になっちゃってます,"……고백할게요. 아사미야 아테나는,<6E5C>꽤 <이름:3131><이름:3232>가<6E5C>신경 쓰이고 있어요","……고백할게요. 아사미야 아테나는,<6E5C>꽤 <이름:3131><이름:3232>가<6E5C>신경 쓰이고 있어요"
dom2Athena_X04.mes,Script/dom2Athena_X04.mes,73,5,주인공,麻宮……,아사미야,아사미야
dom2Athena_X04.mes,Script/dom2Athena_X04.mes,74,33,Athena,麻宮アテナは、<이름:3131><이름:3232>と<6E5C>できるだけ一緒にいたいなと<6E5C>思ってます,"아사미야 아테나는, <이름:3131><이름:3232>랑<6E5C>가능한 한 함께 있고 싶어요","아사미야 아테나는, <이름:3131><이름:3232>랑<6E5C>가능한 한 함께 있고 싶어요"
dom2Athena_X04.mes,Script/dom2Athena_X04.mes,75,5,주인공,……うん,……응,……응
dom2Athena_X04.mes,Script/dom2Athena_X04.mes,76,19,Athena,今は何も答えられないけど、<6E5C>でも……,"지금은 대답 못 하지만,<6E5C>근데……","지금은 대답 못 하지만,<6E5C>근데……"
dom2Athena_X04.mes,Script/dom2Athena_X04.mes,77,27,주인공,いいよ.焦らないよ.<6E5C>気長にいるから、今は答えないで,괜찮아. 재촉 안 해.<6E5C>지금은 대답 안 해도 돼,괜찮아. 재촉 안 해.<6E5C>지금은 대답 안 해도 돼
dom2Athena_X04.mes,Script/dom2Athena_X04.mes,78,12,Athena,……フフッ、ありがとう,"……후훗, 고마워","……후훗, 고마워"
dom2Athena_X04.mes,Script/dom2Athena_X04.mes,79,30,주인공,ずっと話してたら、のどが渇い<6E5C>ちゃったね.何か買ってくるよ,"계속 얘기했더니, 목이<6E5C>말랐네. 뭐 좀 사올게","계속 얘기했더니, 목이<6E5C>말랐네. 뭐 좀 사올게"
dom2Athena_X04.mes,Script/dom2Athena_X04.mes,80,16,Athena,わたしが買ってくる!待っててね,내가 사올게! 기다려,내가 사올게! 기다려
dom2Athena_X04.mes,Script/dom2Athena_X04.mes,81,6,[효과음/내레이션],タタタ……,타타타……,타타타……
dom2Athena_X04.mes,Script/dom2Athena_X04.mes,82,5,주인공,……麻宮,아사미야,아사미야
dom2Athena_X04.mes,Script/dom2Athena_X04.mes,83,8,UNKNOWN_1e,おい、貴様!!,"야, 네놈!!","야, 네놈!!"
dom2Athena_X04.mes,Script/dom2Athena_X04.mes,84,3,주인공,ん?,응?,응?
dom2Athena_X04.mes,Script/dom2Athena_X04.mes,85,40,UNKNOWN_1e,さっきからアテナちゃんと何を親し<6E5C>そうに話してるんだ!無礼にもほ<6E5C>どがあるぜ!,아까부터 아테나 짱이랑<6E5C>친한 척 얘기하는 거냐!<6E5C>무례하기 짝이 없다!,아까부터 아테나 짱이랑<6E5C>친한 척 얘기하는 거냐!<6E5C>무례하기 짝이 없다!
dom2Athena_X04.mes,Script/dom2Athena_X04.mes,86,23,UNKNOWN_1e,そうでヤンス!身の程をわきまえ<6E5C>るでヤンス!,맞다요! 분수를 알아야<6E5C>하는 거다요!,맞다요! 분수를 알아야<6E5C>하는 거다요!
dom2Athena_X04.mes,Script/dom2Athena_X04.mes,87,25,주인공,……あっ、おまえたち、清泉学園で<6E5C>一緒だった……,"앗, 너희들, 세이센 학원에서<6E5C>같이 있던……","앗, 너희들, 세이센 학원에서<6E5C>같이 있던……"
dom2Athena_X04.mes,Script/dom2Athena_X04.mes,88,45,UNKNOWN_54,俺も覚えているぜ<이름:3131><이름:3232>!<6E5C>おまえがそんな不届きな輩とは思わ<6E5C>なかった!鉄球ふり回すぜ!,"나도 기억해, <이름:3131><이름:3232>!<6E5C>네놈이 발칙한 놈일 줄은<6E5C>몰랐다! 쇠구슬 휘두른다!","나도 기억해, <이름:3131><이름:3232>!<6E5C>네놈이 발칙한 놈일 줄은<6E5C>몰랐다! 쇠구슬 휘두른다!"
dom2Athena_X04.mes,Script/dom2Athena_X04.mes,89,55,UNKNOWN_55,アテナちゃんと付き合えるなど、<6E5C>夢にも思わないことでヤンス!<485C>アッシがこのネイルで切り刻んで<6E5C>やるでヤンス!,"아테나 짱이랑 사귈 수 있다니,<6E5C>꿈에도 생각 못 했다요!<485C>이 몸이 이 손톱으로 잘게<6E5C>썰어주겠다요!","아테나 짱이랑 사귈 수 있다니,<6E5C>꿈에도 생각 못 했다요!<485C>이 몸이 이 손톱으로 잘게<6E5C>썰어주겠다요!"
dom2Athena_X04.mes,Script/dom2Athena_X04.mes,90,46,주인공,おまえたちが麻宮の熱烈なファン<6E5C>なのは昔から知ってるよ.でも、<6E5C>僕が何しようが関係ないだろ,너희가 아사미야의 열혈 팬인 건<6E5C>예전부터 알아. 근데 내가 뭘<6E5C>하든 상관없잖아,너희가 아사미야의 열혈 팬인 건<6E5C>예전부터 알아. 근데 내가 뭘<6E5C>하든 상관없잖아
dom2Athena_X04.mes,Script/dom2Athena_X04.mes,91,56,UNKNOWN_54,な、何をぉぉ?俺たちはな、<6E5C>アテナちゃんのマネージャー様から<6E5C>直々に頼まれてるんだよ!<485C>変な虫を退治しろとな!,"뭐, 뭐라고?! 우리는,<6E5C>아테나 짱 매니저님한테 직접<6E5C>부탁받았다고!<485C>이상한 벌레는 퇴치하라고!","뭐, 뭐라고?! 우리는,<6E5C>아테나 짱 매니저님한테 직접<6E5C>부탁받았다고!<485C>이상한 벌레는 퇴치하라고!"
dom2Athena_X04.mes,Script/dom2Athena_X04.mes,92,43,UNKNOWN_55,そうでヤンス!下心だけの恋愛など<6E5C>ご法度、純粋なアテナちゃんが<6E5C>傷つくだけでヤンス!,"맞다요! 흑심만 가득한 연애는<6E5C>금지다요, 순수한 아테나 짱만<6E5C>상처받는다요!","맞다요! 흑심만 가득한 연애는<6E5C>금지다요, 순수한 아테나 짱만<6E5C>상처받는다요!"
dom2Athena_X04.mes,Script/dom2Athena_X04.mes,93,12,주인공,え、マネージャーが……,"어, 매니저가……","어, 매니저가……"
dom2Athena_X04.mes,Script/dom2Athena_X04.mes,94,32,UNKNOWN_54,これ以上言っても退かないよう<6E5C>なら、本当に鉄球をくらわせるぜ!,"더 말해도 안 물러설 거면,<6E5C>진짜 쇠구슬 먹여주마!","더 말해도 안 물러설 거면,<6E5C>진짜 쇠구슬 먹여주마!"
dom2Athena_X04.mes,Script/dom2Athena_X04.mes,95,13,UNKNOWN_55,ネイルがうなるでヤンス!,손톱이 운다요!,손톱이 운다요!
dom2Athena_X04.mes,Script/dom2Athena_X04.mes,96,47,주인공,や、やれるもんならやってみろ!<6E5C>僕は下心だとか、浮ついた気持ちで<6E5C>麻宮と一緒にいるんじゃ……,할 수 있으면 해봐!<6E5C>흑심이나 들뜬 맘으로<6E5C>아사미야랑 있는 게 아니야……,할 수 있으면 해봐!<6E5C>흑심이나 들뜬 맘으로<6E5C>아사미야랑 있는 게 아니야……
dom2Athena_X04.mes,Script/dom2Athena_X04.mes,97,7,UNKNOWN_1e,やめてっ!!,그만해!!,그만해!!
dom2Athena_X04.mes,Script/dom2Athena_X04.mes,98,5,주인공,麻宮……,아사미야,아사미야
dom2Athena_X04.mes,Script/dom2Athena_X04.mes,99,17,Athena,そんなことやめてよ、ふたりとも!,"그런 짓 그만해, 둘 다!","그런 짓 그만해, 둘 다!"
dom2Athena_X04.mes,Script/dom2Athena_X04.mes,100,29,UNKNOWN_54,でもアテナちゃん、こいつだって<6E5C>どうせ村上と同じだぜ!?,이 녀석도 어차피<6E5C>무라카미랑 똑같다고!,이 녀석도 어차피<6E5C>무라카미랑 똑같다고!
dom2Athena_X04.mes,Script/dom2Athena_X04.mes,101,68,UNKNOWN_55,そうでヤンス!それに、<6E5C>このことをマスコミに知られたら、<6E5C>迷惑するのはふたりでヤンス!<485C>それをマネージャーさんは<6E5C>心配してたでヤンス!,"맞다요! 게다가 이 일이<6E5C>매스컴에 알려지면, 곤란해지는 건<6E5C>두 사람이다요!<485C>그걸 매니저님이 걱정했다요!","맞다요! 게다가 이 일이<6E5C>매스컴에 알려지면, 곤란해지는 건<6E5C>두 사람이다요!<485C>그걸 매니저님이 걱정했다요!"
dom2Athena_X04.mes,Script/dom2Athena_X04.mes,102,24,Athena,だからって、こんなことするなんて<6E5C>バカげてる!,그렇다고 이런 짓을<6E5C>하다니 어이없어!,그렇다고 이런 짓을<6E5C>하다니 어이없어!
dom2Athena_X04.mes,Script/dom2Athena_X04.mes,103,24,UNKNOWN_54,アテナちゃんはもう、<6E5C>世界のアイドルなんだぜ?,"아테나 짱은 이제,<6E5C>세계적인 아이돌이라고?","아테나 짱은 이제,<6E5C>세계적인 아이돌이라고?"
dom2Athena_X04.mes,Script/dom2Athena_X04.mes,104,27,UNKNOWN_54,付き合ったら、今後はもっと怖い人<6E5C>に脅されちゃうぜ!,"사귀면, 앞으론 더 무서운<6E5C>사람한테 협박당해!","사귀면, 앞으론 더 무서운<6E5C>사람한테 협박당해!"
dom2Athena_X04.mes,Script/dom2Athena_X04.mes,105,19,UNKNOWN_55,そうでヤンス!<6E5C>敵は世界中でヤンス!,맞다요! 적은 전 세계다요!,맞다요! 적은 전 세계다요!
dom2Athena_X04.mes,Script/dom2Athena_X04.mes,106,13,Athena,わかった、わかったわよ!,"알았어, 알았다고!","알았어, 알았다고!"
dom2Athena_X04.mes,Script/dom2Athena_X04.mes,107,5,주인공,麻宮……,아사미야,아사미야
dom2Athena_X04.mes,Script/dom2Athena_X04.mes,108,27,Athena,やっぱり、わたしは恋愛しちゃいけ<6E5C>なかったんだね……,"역시, 난 연애하면<6E5C>안 됐던 거네……","역시, 난 연애하면<6E5C>안 됐던 거네……"
dom2Athena_X04.mes,Script/dom2Athena_X04.mes,109,13,주인공,そんなことないよ、麻宮!,"안 그래, 아사미야!","안 그래, 아사미야!"
dom2Athena_X04.mes,Script/dom2Athena_X04.mes,110,68,Athena,……ひょっとしたら、<6E5C>大地もそうだったのかもしれない<485C>わたしの知らないところで<6E5C>ヒドイ目にあって……だったら<6E5C>もう、わたしは2度と……,"……어쩌면, 다이치도<6E5C>그랬을지도 몰라<485C>내가 모르는 곳에서 심한 일을<6E5C>당하고…… 그렇다면 이제,<6E5C>난 두 번 다시……","……어쩌면, 다이치도<6E5C>그랬을지도 몰라<485C>내가 모르는 곳에서 심한 일을<6E5C>당하고…… 그렇다면 이제,<6E5C>난 두 번 다시……"
dom2Athena_X04.mes,Script/dom2Athena_X04.mes,111,4,주인공,麻宮!,그만!,그만!
dom2Athena_X04.mes,Script/dom2Athena_X04.mes,112,36,Athena,<이름:3131>くん、ごめんなさい!<6E5C>わたし、もう2度と<이름:3131>くんとは<6E5C>会わないっ!,"<이름:3131>군, 미안해!<6E5C>나, 이제 다시는<6E5C><이름:3131>군이랑 안 만날 거야!","<이름:3131>군, 미안해!<6E5C>나, 이제 다시는<6E5C><이름:3131>군이랑 안 만날 거야!"
dom2Athena_X04.mes,Script/dom2Athena_X04.mes,113,3,[효과음/내레이션],ダッ,타닷,타닷
dom2Athena_X04.mes,Script/dom2Athena_X04.mes,114,27,주인공,待てよ!麻宮、こんなことで<6E5C>僕の前から消えるなよっ!,"기다려! 아사미야,<6E5C>이런 일로 사라지지 마","기다려! 아사미야,<6E5C>이런 일로 사라지지 마"
dom2Athena_X04.mes,Script/dom2Athena_X04.mes,115,52,주인공,……くそっ.電話もつながら<6E5C>ないし、家にも……<485C>事務所に行っても追い出される<6E5C>だろうし、どうしたら……,"……젠장. 전화도 안 되고,<6E5C>집에도……<485C>사무소에 가도 쫓겨날 테고,<6E5C>어떡하지……","……젠장. 전화도 안 되고,<6E5C>집에도……<485C>사무소에 가도 쫓겨날 테고,<6E5C>어떡하지……"
dom2Athena_X04.mes,Script/dom2Athena_X04.mes,116,29,주인공,麻宮……それとも、僕はそっとして<6E5C>おいたほうがいいのか?,"아사미야…… 아니면, 난<6E5C>가만두는 게 나은 걸까?","아사미야…… 아니면, 난<6E5C>가만두는 게 나은 걸까?"
dom2Athena_X04.mes,Script/dom2Athena_X04.mes,117,26,주인공,あがく方が、麻宮に迷惑なのかも…<6E5C>…いや、でも……,"발버둥이 민폐일지도……<6E5C>아니, 근데……","발버둥이 민폐일지도……<6E5C>아니, 근데……"
dom2Athena_X04.mes,Script/dom2Athena_X04.mes,118,24,주인공,くそっ、どうしたらいいのか、<6E5C>わからない……!,"젠장, 어떻게 해야 할지,<6E5C>모르겠어……!","젠장, 어떻게 해야 할지,<6E5C>모르겠어……!"
dom2Athena_X05.mes,Script/dom2Athena_X05.mes,0,8,[효과음/내레이션],うっ、うう……,"윽, 으윽……","윽, 으윽……"
dom2Athena_X05.mes,Script/dom2Athena_X05.mes,1,9,[효과음/내레이션],(どうしたの?),(뭔 일이야?),(뭔 일이야?)
dom2Athena_X05.mes,Script/dom2Athena_X05.mes,2,10,[효과음/내레이션],え~ん、え~ん……,"으앙, 으앙……","으앙, 으앙……"
dom2Athena_X05.mes,Script/dom2Athena_X05.mes,3,15,[효과음/내레이션],(ああ……誰かが泣いて……),(누군가 울고 있어……),(누군가 울고 있어……)
dom2Athena_X05.mes,Script/dom2Athena_X05.mes,4,23,[효과음/내레이션],(つらいときに、ひとりはさびしい<6E5C>だろう?),"(힘들 때, 혼자면<6E5C>외롭잖아?)","(힘들 때, 혼자면<6E5C>외롭잖아?)"
dom2Athena_X05.mes,Script/dom2Athena_X05.mes,5,27,[효과음/내레이션],(僕がそばにいてあげる.君がひと<6E5C>りなら、僕が……),"(내가 곁에 있어줄게.<6E5C>혼자라면, 내가……)","(내가 곁에 있어줄게.<6E5C>혼자라면, 내가……)"
dom2Athena_X05.mes,Script/dom2Athena_X05.mes,6,19,[효과음/내레이션],(行かなきゃ、早く行かなきゃ……<6E5C>),"(가야 해, 빨리<6E5C>가야 해……)","(가야 해, 빨리<6E5C>가야 해……)"
dom2Athena_X05.mes,Script/dom2Athena_X05.mes,7,5,[효과음/내레이션],――ハッ,――헉,――헉
dom2Athena_X05.mes,Script/dom2Athena_X05.mes,8,6,주인공,あっ……夢,아…… 꿈,아…… 꿈
dom2Athena_X05.mes,Script/dom2Athena_X05.mes,9,20,Hotaru,お兄ちゃん、大丈夫?<6E5C>うなされてたよ?,"오빠, 괜찮아?<6E5C>가위 눌렸었어?","오빠, 괜찮아?<6E5C>가위 눌렸었어?"
dom2Athena_X05.mes,Script/dom2Athena_X05.mes,10,6,주인공,そうか……,그런가……,그런가……
dom2Athena_X05.mes,Script/dom2Athena_X05.mes,11,17,Hotaru,汗びっしょり…….何かあったの?,땀범벅…… 무슨 일 있었어,땀범벅…… 무슨 일 있었어
dom2Athena_X05.mes,Script/dom2Athena_X05.mes,12,5,주인공,いや……,아니……,아니……
dom2Athena_X05.mes,Script/dom2Athena_X05.mes,13,30,Hotaru,寝たら?しんどそうだよ.昨日も、<6E5C>すごく疲れて帰ってきたし,자는 게 어때? 힘들어 보여.<6E5C>어제도 지쳐서 왔고,자는 게 어때? 힘들어 보여.<6E5C>어제도 지쳐서 왔고
dom2Athena_X05.mes,Script/dom2Athena_X05.mes,14,5,주인공,うん……,응……,응……
dom2Athena_X05.mes,Script/dom2Athena_X05.mes,15,27,주인공,でも、でもやらなきゃいけないこと<6E5C>があるんだ、僕には,"근데, 근데 해야만 하는<6E5C>일이 있어, 나한텐","근데, 근데 해야만 하는<6E5C>일이 있어, 나한텐"
dom2Athena_X05.mes,Script/dom2Athena_X05.mes,16,17,주인공,ほたる、心配してくれてありがとう,"호타루, 걱정해줘서 고마워","호타루, 걱정해줘서 고마워"
dom2Athena_X05.mes,Script/dom2Athena_X05.mes,17,8,Hotaru,お兄ちゃん……,오빠……,오빠……
dom2Athena_X05.mes,Script/dom2Athena_X05.mes,18,24,Hotaru,ほたるは、いつでもお兄ちゃんの<6E5C>味方だからね?,"호타루는, 언제나<6E5C>오빠 편이니까?","호타루는, 언제나<6E5C>오빠 편이니까?"
dom2Athena_X05.mes,Script/dom2Athena_X05.mes,19,7,[효과음/내레이션],♪ピンポーン,♪딩동,♪딩동
dom2Athena_X05.mes,Script/dom2Athena_X05.mes,20,28,주인공,(……ダメで元々だ.<6E5C>もう、正面から勝負しかない……),(……밑져야 본전.<6E5C>정면 승부밖에 없어……),(……밑져야 본전.<6E5C>정면 승부밖에 없어……)
dom2Athena_X05.mes,Script/dom2Athena_X05.mes,21,5,[효과음/내레이션],ガチャッ,달칵,달칵
dom2Athena_X05.mes,Script/dom2Athena_X05.mes,22,24,UNKNOWN_1b,おう、誰かと思ったら、アテナの<6E5C>お友達やないか,"오, 누군가 했더니,<6E5C>아테나 친구 아니냐","오, 누군가 했더니,<6E5C>아테나 친구 아니냐"
dom2Athena_X05.mes,Script/dom2Athena_X05.mes,23,36,주인공,お願いします、麻宮と<6E5C>会わせてください!<6E5C>どうしても話がしたいんです!,"부탁드립니다, 아사미야랑<6E5C>만나게 해주세요!<6E5C>꼭 얘기하고 싶어요!","부탁드립니다, 아사미야랑<6E5C>만나게 해주세요!<6E5C>꼭 얘기하고 싶어요!"
dom2Athena_X05.mes,Script/dom2Athena_X05.mes,24,8,UNKNOWN_1b,アカン、アカン,안 돼,안 돼
dom2Athena_X05.mes,Script/dom2Athena_X05.mes,25,55,UNKNOWN_1b,もう、アテナは君とは会いたく<6E5C>ないそうや.顔も見たない<6E5C>っちゅーてるわ<485C>悪いけど、おとなしく<6E5C>帰ってくれんか,"이제, 아테나는 너랑<6E5C>만나기 싫다더라. 얼굴도<6E5C>보기 싫다더라<485C>미안하지만, 얌전히<6E5C>돌아가 주겠나","이제, 아테나는 너랑<6E5C>만나기 싫다더라. 얼굴도<6E5C>보기 싫다더라<485C>미안하지만, 얌전히<6E5C>돌아가 주겠나"
dom2Athena_X05.mes,Script/dom2Athena_X05.mes,26,21,주인공,嘘だ!<6E5C>麻宮だって会いたがってるはずだ!,거짓말이야!<6E5C>만나고 싶어할 거야!,거짓말이야!<6E5C>만나고 싶어할 거야!
dom2Athena_X05.mes,Script/dom2Athena_X05.mes,27,27,UNKNOWN_1b,自分、えらいうぬぼれやさんやな.<6E5C>それ、恥ずかしいで,"자네, 어지간히 자만심<6E5C>세구먼. 부끄러운 거야","자네, 어지간히 자만심<6E5C>세구먼. 부끄러운 거야"
dom2Athena_X05.mes,Script/dom2Athena_X05.mes,28,26,주인공,たとえ本当に言ってたとしても、<6E5C>それは本心じゃない,"설령 정말 그렇게<6E5C>말했더라도, 진심이 아냐","설령 정말 그렇게<6E5C>말했더라도, 진심이 아냐"
dom2Athena_X05.mes,Script/dom2Athena_X05.mes,29,22,주인공,あなたがあんな妨害をするから<6E5C>じゃないか!,당신이 방해를<6E5C>하니까 그런 거잖아!,당신이 방해를<6E5C>하니까 그런 거잖아!
dom2Athena_X05.mes,Script/dom2Athena_X05.mes,30,37,UNKNOWN_1b,人のせいにしなや!あんなもん、<6E5C>妨害でもなんでもあれへん.<6E5C>親切な助言や,"남 탓하지 마! 그딴 거,<6E5C>방해도 아니야.<6E5C>친절한 조언이지","남 탓하지 마! 그딴 거,<6E5C>방해도 아니야.<6E5C>친절한 조언이지"
dom2Athena_X05.mes,Script/dom2Athena_X05.mes,31,36,UNKNOWN_1b,麻宮アテナと付き合うゆーんはな、<6E5C>それだけ大変なんやっちゅーことや<6E5C>!,"아사미야 아테나랑 사귄다는<6E5C>건 말이지, 그만큼 힘들다는<6E5C>뜻이야!","아사미야 아테나랑 사귄다는<6E5C>건 말이지, 그만큼 힘들다는<6E5C>뜻이야!"
dom2Athena_X05.mes,Script/dom2Athena_X05.mes,32,56,UNKNOWN_1b,実際に付き合うたら世界中の<6E5C>ファンから、マスコミから<6E5C>監視されて叩かれるねんで!<485C>自分にそれが耐えられるんか!,"실제로 사귀면 전 세계<6E5C>팬들한테, 매스컴한테<6E5C>감시당하고 두들겨 맞아!<485C>자네가 그걸 견딜 수 있겠나!","실제로 사귀면 전 세계<6E5C>팬들한테, 매스컴한테<6E5C>감시당하고 두들겨 맞아!<485C>자네가 그걸 견딜 수 있겠나!"
dom2Athena_X05.mes,Script/dom2Athena_X05.mes,33,22,주인공,そんなこと、わかってます!<6E5C>覚悟の上です!,"그런 거, 알아요!<6E5C>각오한 거예요!","그런 거, 알아요!<6E5C>각오한 거예요!"
dom2Athena_X05.mes,Script/dom2Athena_X05.mes,34,21,UNKNOWN_1b,わかってるとか簡単に言うなよ、<6E5C>おまえ!,"안다는 말 함부로 하지 마, 너!","안다는 말 함부로 하지 마, 너!"
dom2Athena_X05.mes,Script/dom2Athena_X05.mes,35,3,주인공,!!,!!,!!
dom2Athena_X05.mes,Script/dom2Athena_X05.mes,36,30,UNKNOWN_1b,わいかてアテナが好きや.<6E5C>誰よりも大切に想ってるつもりやで,나도 아테나가 좋아.<6E5C>누구보다 소중히 여긴다고 생각해,나도 아테나가 좋아.<6E5C>누구보다 소중히 여긴다고 생각해
dom2Athena_X05.mes,Script/dom2Athena_X05.mes,37,40,UNKNOWN_1b,だからこそ、トップアイドルの<6E5C>あの子に中途半端な恋愛なんて<6E5C>してほしくないんや,"그러니까, 톱 아이돌인 그 애가<6E5C>어중간한 연애 안 했으면 해","그러니까, 톱 아이돌인 그 애가<6E5C>어중간한 연애 안 했으면 해"
dom2Athena_X05.mes,Script/dom2Athena_X05.mes,38,68,UNKNOWN_1b,実際、覚悟が足りんから、こーやっ<6E5C>てアテナはふさぎ込んでしまったん<6E5C>やないか?<485C>自分がしっかりしてたら、<6E5C>会いたくないなんて言わんやろ,"실제로, 각오가 부족하니까,<6E5C>이렇게 아테나가 침울해진 거<6E5C>아니냐? 제대로 했으면,<6E5C>만나기 싫다는 말은 안 했을 거야","실제로, 각오가 부족하니까,<6E5C>이렇게 아테나가 침울해진 거<6E5C>아니냐? 제대로 했으면,<6E5C>만나기 싫다는 말은 안 했을 거야"
dom2Athena_X05.mes,Script/dom2Athena_X05.mes,39,12,주인공,そうかもしれません……,그럴지도 몰라요……,그럴지도 몰라요……
dom2Athena_X05.mes,Script/dom2Athena_X05.mes,40,20,UNKNOWN_1b,ほらな.<6E5C>ここで退くんがお互いのためや,거봐. 물러나는 게<6E5C>서로 좋아,거봐. 물러나는 게<6E5C>서로 좋아
dom2Athena_X05.mes,Script/dom2Athena_X05.mes,41,44,UNKNOWN_1b,しょーもない男は、アテナの偉大さ<6E5C>に耐えられずに逃げ出してしまい<6E5C>よる.村上がいい例や,"한심한 남자는, 아테나의<6E5C>위대함을 견디지 못하고<6E5C>도망쳐. 무라카미가 좋은 예지","한심한 남자는, 아테나의<6E5C>위대함을 견디지 못하고<6E5C>도망쳐. 무라카미가 좋은 예지"
dom2Athena_X05.mes,Script/dom2Athena_X05.mes,42,44,UNKNOWN_1b,アテナの落ち込みようったら、<6E5C>なかったで.もうあんな、<6E5C>傷ついたアテナは見たくないんや,아테나가 얼마나 침울했는지<6E5C>몰라. 이제 상처받은<6E5C>아테나는 보고 싶지 않아,아테나가 얼마나 침울했는지<6E5C>몰라. 이제 상처받은<6E5C>아테나는 보고 싶지 않아
dom2Athena_X05.mes,Script/dom2Athena_X05.mes,43,23,UNKNOWN_1b,ここで終わらすんが、<6E5C>傷が浅くて一番ええんや,여기서 끝내는 게<6E5C>제일 안 아파,여기서 끝내는 게<6E5C>제일 안 아파
dom2Athena_X05.mes,Script/dom2Athena_X05.mes,44,8,주인공,でも、でも……,근데……,근데……
dom2Athena_X05.mes,Script/dom2Athena_X05.mes,45,23,[선택지],僕はアテナを守ります!僕はアテナが大好きです!,저는 아테나를 지킬 거예요!정말 좋아해요!,저는 아테나를 지킬 거예요!정말 좋아해요!
dom2Athena_X05.mes,Script/dom2Athena_X05.mes,46,12,주인공,僕はアテナを守ります!,아테나를 지켜요!,아테나를 지켜요!
dom2Athena_X05.mes,Script/dom2Athena_X05.mes,47,13,주인공,僕はアテナが大好きです!,아테나가 정말 좋아요!,아테나가 정말 좋아요!
dom2Athena_X05.mes,Script/dom2Athena_X05.mes,48,20,UNKNOWN_1b,アテナがトップアイドルでも<6E5C>平気なんか,톱 아이돌이라도 괜찮은 거냐,톱 아이돌이라도 괜찮은 거냐
dom2Athena_X05.mes,Script/dom2Athena_X05.mes,49,11,UNKNOWN_1b,会えなくてもええんか,못 만나도 되냐,못 만나도 되냐
dom2Athena_X05.mes,Script/dom2Athena_X05.mes,50,25,[선택지],会えなくても平気です!会えないなら会いに行きます!,못 만나도 괜찮아요!만나러 갈 거예요!,못 만나도 괜찮아요!만나러 갈 거예요!
dom2Athena_X05.mes,Script/dom2Athena_X05.mes,51,12,주인공,会えなくても平気です!,못 만나도 괜찮아요!,못 만나도 괜찮아요!
dom2Athena_X05.mes,Script/dom2Athena_X05.mes,52,15,주인공,会えないなら会いに行きます!,만나러 갈 거예요!,만나러 갈 거예요!
dom2Athena_X05.mes,Script/dom2Athena_X05.mes,53,25,UNKNOWN_1b,24時間マスコミに追いかけられる<6E5C>ことになるで?,24시간 매스컴한테<6E5C>쫓기게 된다고?,24시간 매스컴한테<6E5C>쫓기게 된다고?
dom2Athena_X05.mes,Script/dom2Athena_X05.mes,54,14,[선택지],追い払います!逃げ切ります!,쫓아내죠!따돌리죠!,쫓아내죠!따돌리죠!
dom2Athena_X05.mes,Script/dom2Athena_X05.mes,55,8,주인공,追い払います!,쫓아낼게요!,쫓아낼게요!
dom2Athena_X05.mes,Script/dom2Athena_X05.mes,56,8,주인공,逃げ切ります!,따돌릴게요!,따돌릴게요!
dom2Athena_X05.mes,Script/dom2Athena_X05.mes,57,30,UNKNOWN_1b,どんなことがあっても、アテナを<6E5C>幸せにするって誓えるんか!,"어떤 일 있어도, 아테나<6E5C>행복하게 맹세해!","어떤 일 있어도, 아테나<6E5C>행복하게 맹세해!"
dom2Athena_X05.mes,Script/dom2Athena_X05.mes,58,25,[선택지],アテナだけは幸せにします!ふたりで幸せになります!,아테나만 행복하게!둘이 행복해질 거예요!,아테나만 행복하게!둘이 행복해질 거예요!
dom2Athena_X05.mes,Script/dom2Athena_X05.mes,59,14,주인공,アテナだけは幸せにします!,아테나 행복하게 할게요!,아테나 행복하게 할게요!
dom2Athena_X05.mes,Script/dom2Athena_X05.mes,60,13,주인공,ふたりで幸せになります!,둘이 행복해질 거예요!,둘이 행복해질 거예요!
dom2Athena_X05.mes,Script/dom2Athena_X05.mes,61,7,UNKNOWN_1b,……まぁええ,……뭐 됐다,……뭐 됐다
dom2Athena_X05.mes,Script/dom2Athena_X05.mes,62,41,UNKNOWN_1b,最後に話だけでもさしてやるわ.<6E5C>そこでアテナを説得できるんなら、<6E5C>やってみんかい,마지막으로 얘기만이라도<6E5C>하게 해주지. 거기서 아테나를<6E5C>설득해보든가,마지막으로 얘기만이라도<6E5C>하게 해주지. 거기서 아테나를<6E5C>설득해보든가
dom2Athena_X05.mes,Script/dom2Athena_X05.mes,63,15,주인공,あっ、ありがとうございます!,"아, 감사합니다!","아, 감사합니다!"
dom2Athena_X05.mes,Script/dom2Athena_X05.mes,64,5,[효과음/내레이션],…………,…………,…………
dom2Athena_X05.mes,Script/dom2Athena_X05.mes,65,7,Athena,<이름:3131>くん……,<이름:3131>군……,<이름:3131>군……
dom2Athena_X05.mes,Script/dom2Athena_X05.mes,66,11,주인공,麻宮……やっと会えた,아사미야…… 드디어,아사미야…… 드디어
dom2Athena_X05.mes,Script/dom2Athena_X05.mes,67,25,Athena,どうしてそこまでして、<6E5C>わたしと会おうとするの?,"왜 그렇게까지 해서,<6E5C>나랑 만나려는 거야?","왜 그렇게까지 해서,<6E5C>나랑 만나려는 거야?"
dom2Athena_X05.mes,Script/dom2Athena_X05.mes,68,39,주인공,麻宮と会おうとするのに、<6E5C>理由がいる?どうしても<6E5C>会いたいから、それだけだよ,"아사미야를 만나려는데,<6E5C>이유가 필요해? 만나고<6E5C>싶으니까, 그게 다야","아사미야를 만나려는데,<6E5C>이유가 필요해? 만나고<6E5C>싶으니까, 그게 다야"
dom2Athena_X05.mes,Script/dom2Athena_X05.mes,69,7,Athena,<이름:3131>くん……,<이름:3131>군……,<이름:3131>군……
dom2Athena_X05.mes,Script/dom2Athena_X05.mes,70,30,주인공,麻宮が迷惑でもね.今はもう、<6E5C>そうすることしかできないんだ,아사미야한테 민폐여도.<6E5C>지금은 이러는 것밖에<6E5C>못 해,아사미야한테 민폐여도.<6E5C>지금은 이러는 것밖에<6E5C>못 해
dom2Athena_X05.mes,Script/dom2Athena_X05.mes,71,23,Athena,……今なら、今ならまだ大丈夫だと<6E5C>思ったのに,……지금이라면<6E5C>아직 괜찮을 줄 알았는데,……지금이라면<6E5C>아직 괜찮을 줄 알았는데
dom2Athena_X05.mes,Script/dom2Athena_X05.mes,72,23,Athena,別れても、深い傷にならないと思っ<6E5C>たのに……,헤어져도 상처는<6E5C>안 될 줄 알았는데……,헤어져도 상처는<6E5C>안 될 줄 알았는데……
dom2Athena_X05.mes,Script/dom2Athena_X05.mes,73,30,주인공,そんなことはさせないよ.<6E5C>あんな別れ方なんて、僕は許さない,그런 짓 안 시켜.<6E5C>그런 이별은 용납 못 해,그런 짓 안 시켜.<6E5C>그런 이별은 용납 못 해
dom2Athena_X05.mes,Script/dom2Athena_X05.mes,74,7,Athena,<이름:3131>くん……,<이름:3131>군……,<이름:3131>군……
dom2Athena_X05.mes,Script/dom2Athena_X05.mes,75,14,Athena,<이름:3131>くん、やっぱり変わった,"<이름:3131>군, 역시 변했어","<이름:3131>군, 역시 변했어"
dom2Athena_X05.mes,Script/dom2Athena_X05.mes,76,3,주인공,え?,어?,어?
dom2Athena_X05.mes,Script/dom2Athena_X05.mes,77,33,Athena,3年前は、そんな強引な性格じゃ<6E5C>なかったよ.もっとおとなしかった,"3년 전엔, 그렇게 억지스러운<6E5C>성격 아니었어. 더 얌전했어","3년 전엔, 그렇게 억지스러운<6E5C>성격 아니었어. 더 얌전했어"
dom2Athena_X05.mes,Script/dom2Athena_X05.mes,78,13,Athena,……どうして変わったの?,……왜 변한 거야?,……왜 변한 거야?
dom2Athena_X05.mes,Script/dom2Athena_X05.mes,79,16,[선택지],大人になったんだ麻宮が変えたんだ,어른이 됐어아사미야 덕분이야,어른이 됐어아사미야 덕분이야
dom2Athena_X05.mes,Script/dom2Athena_X05.mes,80,42,주인공,……大人になったんだよ.もう僕も<6E5C>高校生の<이름:3131><이름:3232>じゃない.<6E5C>麻宮だってそうだろ?,……어른이 된 거야.<6E5C>나도 고교생<6E5C><이름:3131><이름:3232>가 아니야.<485C>아사미야도 그렇잖아?,……어른이 된 거야.<6E5C>나도 고교생<6E5C><이름:3131><이름:3232>가 아니야.<485C>아사미야도 그렇잖아?
dom2Athena_X05.mes,Script/dom2Athena_X05.mes,81,7,Athena,わたしは……,나는……,나는……
dom2Athena_X05.mes,Script/dom2Athena_X05.mes,82,31,주인공,傷つくことに怖がるのはやめよう.<6E5C>一緒に大人になろうよ、麻宮,"상처받는 걸 두려워 말자.<6E5C>같이 어른이 되자, 아사미야","상처받는 걸 두려워 말자.<6E5C>같이 어른이 되자, 아사미야"
dom2Athena_X05.mes,Script/dom2Athena_X05.mes,83,30,Athena,……<이름:3131>くんは、わたしなんかより<6E5C>大きくなっちゃったんだね,"……<이름:3131>군은, 나보다<6E5C>더 커져 버렸구나","……<이름:3131>군은, 나보다<6E5C>더 커져 버렸구나"
dom2Athena_X05.mes,Script/dom2Athena_X05.mes,84,29,주인공,麻宮が変えたんだよ.麻宮じゃない<6E5C>と、こんなことしないよ,아사미야가 바꾼 거야.<6E5C>아니면 이런 짓 안 해,아사미야가 바꾼 거야.<6E5C>아니면 이런 짓 안 해
dom2Athena_X05.mes,Script/dom2Athena_X05.mes,85,7,Athena,<이름:3131>くん……,<이름:3131>군……,<이름:3131>군……
dom2Athena_X05.mes,Script/dom2Athena_X05.mes,86,54,주인공,たしかに、昔の僕なら考えられない<6E5C>.でも、今は麻宮のためなら<6E5C>なんだってできる<485C>いや、これからずっとそうだ,확실히 예전 나라면<6E5C>상상도 못 했어. 근데 지금은<6E5C>아사미야를 위해서라면 뭐든<6E5C>할 수 있어,확실히 예전 나라면<6E5C>상상도 못 했어. 근데 지금은<6E5C>아사미야를 위해서라면 뭐든<6E5C>할 수 있어
dom2Athena_X05.mes,Script/dom2Athena_X05.mes,87,7,Athena,<이름:3131>くん……,<이름:3131>군……,<이름:3131>군……
dom2Athena_ending1.mes,Script/dom2Athena_ending1.mes,0,15,Athena,……ゆっくりでも、いいかな?,"……천천히여도, 괜찮을까?","……천천히여도, 괜찮을까?"
dom2Athena_ending1.mes,Script/dom2Athena_ending1.mes,1,3,주인공,え?,어?,어?
dom2Athena_ending1.mes,Script/dom2Athena_ending1.mes,2,24,Athena,<이름:3131>くんと、ゆっくり<6E5C>付き合っても、いいかな?,"<이름:3131>군이랑, 천천히<6E5C>사귀어도, 괜찮을까?","<이름:3131>군이랑, 천천히<6E5C>사귀어도, 괜찮을까?"
dom2Athena_ending1.mes,Script/dom2Athena_ending1.mes,3,11,주인공,つ、付き合うって……,"사, 사귄다니……","사, 사귄다니……"
dom2Athena_ending1.mes,Script/dom2Athena_ending1.mes,4,19,Athena,わたし、ずっとずっと<6E5C>閉じこもってた,"나, 계속 계속 틀어박혀 있었어","나, 계속 계속 틀어박혀 있었어"
dom2Athena_ending1.mes,Script/dom2Athena_ending1.mes,5,41,Athena,もう1年も、麻宮アテナは生身の<6E5C>人間じゃなくて、アイドルとして<6E5C>だけ生きてたんだ,"벌써 1년, 아사미야 아테나는<6E5C>진짜 사람이 아니라, 아이돌로만<6E5C>살아왔어","벌써 1년, 아사미야 아테나는<6E5C>진짜 사람이 아니라, 아이돌로만<6E5C>살아왔어"
dom2Athena_ending1.mes,Script/dom2Athena_ending1.mes,6,40,Athena,すぐには戻れないけど、ゆっくり<6E5C><이름:3131>くんの隣で、変わって<6E5C>いっていいかな……?,"당장은 못 돌아가지만, 천천히<6E5C><이름:3131>군 곁에서, 변해가도<6E5C>될까……?","당장은 못 돌아가지만, 천천히<6E5C><이름:3131>군 곁에서, 변해가도<6E5C>될까……?"
dom2Athena_ending1.mes,Script/dom2Athena_ending1.mes,7,6,주인공,麻宮……!,아사미야!,아사미야!
dom2Athena_ending1.mes,Script/dom2Athena_ending1.mes,8,25,Athena,<이름:3131>くんになら、すべて<6E5C>許しちゃいそうなんだ……,"<이름:3131>군한테라면, 전부<6E5C>용서해버릴 것 같아……","<이름:3131>군한테라면, 전부<6E5C>용서해버릴 것 같아……"
dom2Athena_ending1.mes,Script/dom2Athena_ending1.mes,9,4,[효과음/내레이션],がばっ,왈칵,왈칵
dom2Athena_ending1.mes,Script/dom2Athena_ending1.mes,10,30,Athena,きゃっ!こんなところで抱きしめ<6E5C>たら、みんなに見られるよ!,"앗! 이런 데서 안으면,<6E5C>다들 볼 거야!","앗! 이런 데서 안으면,<6E5C>다들 볼 거야!"
dom2Athena_ending1.mes,Script/dom2Athena_ending1.mes,11,34,주인공,かまわないよ.麻宮も今だけはがま<6E5C>んしろ.変わるって言ったんだから,상관없어. 아사미야도<6E5C>지금만은 참아. 변한다고<6E5C>말했으니까,상관없어. 아사미야도<6E5C>지금만은 참아. 변한다고<6E5C>말했으니까
dom2Athena_ending1.mes,Script/dom2Athena_ending1.mes,12,6,Athena,……うん!,……응!,……응!
dom2Athena_ending1.mes,Script/dom2Athena_ending1.mes,13,5,주인공,麻宮……,아사미야,아사미야
dom2Athena_ending1.mes,Script/dom2Athena_ending1.mes,14,20,Athena,え……<이름:3131>くん、東京に<6E5C>来てくれるの?,"어…… <이름:3131>군,<6E5C>도쿄에 와줄 거야?","어…… <이름:3131>군,<6E5C>도쿄에 와줄 거야?"
dom2Athena_ending1.mes,Script/dom2Athena_ending1.mes,15,11,주인공,えぇ!?いきなり何?,어? 갑자기 뭐야?,어? 갑자기 뭐야?
dom2Athena_ending1.mes,Script/dom2Athena_ending1.mes,16,35,Athena,卒業したら東京に来て<6E5C>くれるんでしょ?<6E5C>今、そう思ってくれたよね!?,"졸업하면 도쿄에 와주는<6E5C>거지? 지금, 그렇게<6E5C>생각해줬지!?","졸업하면 도쿄에 와주는<6E5C>거지? 지금, 그렇게<6E5C>생각해줬지!?"
dom2Athena_ending1.mes,Script/dom2Athena_ending1.mes,17,25,주인공,な、なんでそのこと……あとで<6E5C>言おうと思ったのに,"무, 뭘로 그걸……<6E5C>나중에 말하려고 했는데","무, 뭘로 그걸……<6E5C>나중에 말하려고 했는데"
dom2Athena_ending1.mes,Script/dom2Athena_ending1.mes,18,35,Athena,<이름:3131>くんに抱きしめられたら<6E5C>伝わってきたよ!<6E5C>心臓がそう言ってるよ?,<이름:3131>군한테 안겼더니<6E5C>전해졌어! 심장이 그렇게<6E5C>말하고 있어?,<이름:3131>군한테 안겼더니<6E5C>전해졌어! 심장이 그렇게<6E5C>말하고 있어?
dom2Athena_ending1.mes,Script/dom2Athena_ending1.mes,19,31,주인공,本当かよ…….ああもう、わかった<6E5C>から、おとなしくしてろよ!,"진짜냐……. 아 진짜,<6E5C>알았으니까, 얌전히 있어!","진짜냐……. 아 진짜,<6E5C>알았으니까, 얌전히 있어!"
dom2Athena_ending1.mes,Script/dom2Athena_ending1.mes,20,18,Athena,うん.<이름:3131>くんの胸、<6E5C>すごく熱いよ,"응. <이름:3131>군 가슴,<6E5C>엄청 뜨거워","응. <이름:3131>군 가슴,<6E5C>엄청 뜨거워"
dom2Athena_ending1.mes,Script/dom2Athena_ending1.mes,21,20,Athena,ずっとずっと、<6E5C>このままだからね……?,"계속 계속, 이대로일<6E5C>거니까……?","계속 계속, 이대로일<6E5C>거니까……?"
dom2Athena_ending1.mes,Script/dom2Athena_ending1.mes,22,17,주인공,――麻宮、もう収録、終わったの?,"아사미야, 녹화<6E5C>끝난 거야?","아사미야, 녹화<6E5C>끝난 거야?"
dom2Athena_ending1.mes,Script/dom2Athena_ending1.mes,23,27,Athena,うん!だから2時間11分と29秒は<6E5C>デートできるよ!,응! 그럼 2시간<6E5C>11분 29초는 데이트야!,응! 그럼 2시간<6E5C>11분 29초는 데이트야!
dom2Athena_ending1.mes,Script/dom2Athena_ending1.mes,24,25,주인공,秒刻みのスケジュールかよ.<6E5C>よし、精一杯遊ぶぞ!,"초 단위 스케줄이냐.<6E5C>좋아, 실컷 놀자!","초 단위 스케줄이냐.<6E5C>좋아, 실컷 놀자!"
dom2Athena_ending1.mes,Script/dom2Athena_ending1.mes,25,4,Athena,うんっ,응!,응!
dom2Athena_ending1.mes,Script/dom2Athena_ending1.mes,26,33,UNKNOWN_1b,コラーッ!アテナ、これからプロ<6E5C>デューサーさんと打ち合わせやで!,"이 녀석아! 아테나,<6E5C>이제 프로듀서님이랑 미팅이야!","이 녀석아! 아테나,<6E5C>이제 프로듀서님이랑 미팅이야!"
dom2Athena_ending1.mes,Script/dom2Athena_ending1.mes,27,8,[효과음/내레이션],ドドドドド……,두두두두……,두두두두……
dom2Athena_ending1.mes,Script/dom2Athena_ending1.mes,28,36,주인공,わぁっ!なんか、カメラ持ってる<6E5C>人とかもいるぞ……あれ、<6E5C>パパラッチ?,"으왓! 뭔가, 카메라 든<6E5C>사람도 있어…… 저거, 파파라치?","으왓! 뭔가, 카메라 든<6E5C>사람도 있어…… 저거, 파파라치?"
dom2Athena_ending1.mes,Script/dom2Athena_ending1.mes,29,20,Athena,アハハ!<6E5C><이름:3131>くん、さっさと逃げよう!,"아하하!<6E5C><이름:3131>군, 얼른 도망치자!","아하하!<6E5C><이름:3131>군, 얼른 도망치자!"
dom2Athena_ending1.mes,Script/dom2Athena_ending1.mes,30,20,주인공,でも、逃げ切れるかな、<6E5C>あんな人数……,"따돌릴 수 있을까,<6E5C>저 인원……","따돌릴 수 있을까,<6E5C>저 인원……"
dom2Athena_ending1.mes,Script/dom2Athena_ending1.mes,31,43,Athena,なに弱気なこと言ってるの!そん<6E5C>なことじゃ、麻宮アテナのカレシは<6E5C>つとまらないよ!?,"무슨 나약한 소리 하는 거야!<6E5C>그런 걸로는, 아사미야 아테나<6E5C>남친 못 해!?","무슨 나약한 소리 하는 거야!<6E5C>그런 걸로는, 아사미야 아테나<6E5C>남친 못 해!?"
dom2Athena_ending1.mes,Script/dom2Athena_ending1.mes,32,7,주인공,そ、そうだな,"그, 그렇지","그, 그렇지"
dom2Athena_ending1.mes,Script/dom2Athena_ending1.mes,33,17,주인공,よし麻宮、あの路地に突っ込むぞ!,"좋아, 저 골목으로<6E5C>뛰어들자!","좋아, 저 골목으로<6E5C>뛰어들자!"
dom2Athena_ending1.mes,Script/dom2Athena_ending1.mes,34,10,Athena,そうこなくっちゃ!,바로 그거지!,바로 그거지!
dom2Athena_ending1.mes,Script/dom2Athena_ending1.mes,35,51,Athena,<이름:3131>くん……<6E5C>ふたりで、いっぱいいっぱい<6E5C>遊ぼうね!<485C><이름:3131>くんとの出来事で<6E5C>毎日をいっぱいにしたい!,"<이름:3131>군…… 둘이서,<6E5C>잔뜩 잔뜩 놀자!<485C><이름:3131>군이랑 있었던 일들로<6E5C>매일을 가득 채우고 싶어!","<이름:3131>군…… 둘이서,<6E5C>잔뜩 잔뜩 놀자!<485C><이름:3131>군이랑 있었던 일들로<6E5C>매일을 가득 채우고 싶어!"
dom2Athena_ending1.mes,Script/dom2Athena_ending1.mes,36,31,주인공,ああ、世界中を引っかき<6E5C>まわしてな!<6E5C>ずっとずっと、一緒だ!,"그래, 전 세계를 휘젓고<6E5C>다니자! 계속 계속, 함께야!","그래, 전 세계를 휘젓고<6E5C>다니자! 계속 계속, 함께야!"
dom2Athena_ending1.mes,Script/dom2Athena_ending1.mes,37,24,Shizuku,すごい、シナリオをぜんぶ読んで<6E5C>くれたんだね!,"대단해, 시나리오를<6E5C>전부 읽어줬구나!","대단해, 시나리오를<6E5C>전부 읽어줬구나!"
dom2Athena_ending1.mes,Script/dom2Athena_ending1.mes,38,35,Shizuku,これは私たちからのささやかな<6E5C>プレゼントです.<6E5C>受け取ってください!,이건 저희가 드리는<6E5C>작은 선물이에요.<6E5C>받아주세요!,이건 저희가 드리는<6E5C>작은 선물이에요.<6E5C>받아주세요!
dom2Athena_ending1.mes,Script/dom2Athena_ending1.mes,39,12,UNKNOWN_66,おめでとうございます!,축하드립니다!,축하드립니다!
dom2Athena_ending1.mes,Script/dom2Athena_ending1.mes,40,20,UNKNOWN_66,私たちを見つけてくれて、<6E5C>ありがとう!,"저희를 찾아주셔서,<6E5C>감사해요!","저희를 찾아주셔서,<6E5C>감사해요!"
dom2Athena_ending2.mes,Script/dom2Athena_ending2.mes,0,17,Athena,……わたしも、大人にならないとね,"……나도, 어른이 돼야겠네","……나도, 어른이 돼야겠네"
dom2Athena_ending2.mes,Script/dom2Athena_ending2.mes,1,11,주인공,麻宮は大人じゃないか,아사미야도 어른이야,아사미야도 어른이야
dom2Athena_ending2.mes,Script/dom2Athena_ending2.mes,2,36,Athena,ううん.<이름:3131>くんに勇気づけて<6E5C>もらわないと笑えないなんて、<6E5C>子どもだよ,"아니야. <이름:3131>군한테<6E5C>용기를 얻지 않으면 못 웃다니,<6E5C>어린애야","아니야. <이름:3131>군한테<6E5C>용기를 얻지 않으면 못 웃다니,<6E5C>어린애야"
dom2Athena_ending2.mes,Script/dom2Athena_ending2.mes,3,16,Athena,いっぱい甘えちゃって、ごめんね,"많이 응석 부려서, 미안해","많이 응석 부려서, 미안해"
dom2Athena_ending2.mes,Script/dom2Athena_ending2.mes,4,33,주인공,麻宮だったら大歓迎だよ.これから<6E5C>もずっと、僕に頼っていいんだよ,아사미야라면 대환영이야.<6E5C>앞으로도 나한테<6E5C>의지해도 돼,아사미야라면 대환영이야.<6E5C>앞으로도 나한테<6E5C>의지해도 돼
dom2Athena_ending2.mes,Script/dom2Athena_ending2.mes,5,26,Athena,ううん.もうわたしも大人にならな<6E5C>いといけない……,아니야. 이제 나도<6E5C>어른이 돼야 해……,아니야. 이제 나도<6E5C>어른이 돼야 해……
dom2Athena_ending2.mes,Script/dom2Athena_ending2.mes,6,48,Athena,<이름:3131>くんのそばにいると、<6E5C>わたしは子供のままなんだ<485C>甘えてばっかりだよ.<6E5C>それじゃいけないんだ,"<이름:3131>군 곁에 있으면,<6E5C>난 계속 어린애인 거야<485C>응석만 부려. 그러면 안 되는 거야","<이름:3131>군 곁에 있으면,<6E5C>난 계속 어린애인 거야<485C>응석만 부려. 그러면 안 되는 거야"
dom2Athena_ending2.mes,Script/dom2Athena_ending2.mes,7,5,주인공,麻宮……,아사미야,아사미야
dom2Athena_ending2.mes,Script/dom2Athena_ending2.mes,8,20,Athena,……来月には東京に戻らないと<6E5C>いけない,……다음 달엔 도쿄로<6E5C>돌아가야 해,……다음 달엔 도쿄로<6E5C>돌아가야 해
dom2Athena_ending2.mes,Script/dom2Athena_ending2.mes,9,36,Athena,また<이름:3131>くんのいない生活が<6E5C>はじまっちゃうんだよ.<6E5C>もう、頼れないんだ,"또 <이름:3131>군 없는 생활이<6E5C>시작되는 거야. 이제, 의지할 수 없어","또 <이름:3131>군 없는 생활이<6E5C>시작되는 거야. 이제, 의지할 수 없어"
dom2Athena_ending2.mes,Script/dom2Athena_ending2.mes,10,10,주인공,それじゃ、僕は……,"그럼, 나는……","그럼, 나는……"
dom2Athena_ending2.mes,Script/dom2Athena_ending2.mes,11,26,Athena,今、<이름:3131>くんと付き合うのは<6E5C>すごく失礼になっちゃう,"지금, <이름:3131>군이랑<6E5C>사귀는 건 너무 실례가 돼","지금, <이름:3131>군이랑<6E5C>사귀는 건 너무 실례가 돼"
dom2Athena_ending2.mes,Script/dom2Athena_ending2.mes,12,39,Athena,ひとりでも平気なぐらい吹っ切ら<6E5C>ないと、迷惑ばかりかけちゃう.<6E5C>成長しないよ,"혼자여도 괜찮을 만큼<6E5C>털어내지 않으면, 민폐만<6E5C>끼쳐. 성장 못 해","혼자여도 괜찮을 만큼<6E5C>털어내지 않으면, 민폐만<6E5C>끼쳐. 성장 못 해"
dom2Athena_ending2.mes,Script/dom2Athena_ending2.mes,13,34,Athena,自分で乗り越えてから再び<6E5C><이름:3131>くんに会いに行かないと<6E5C>いけないんだ,스스로 극복하고 나서<6E5C>다시 <이름:3131>군을<6E5C>만나러 가야 하는 거야,스스로 극복하고 나서<6E5C>다시 <이름:3131>군을<6E5C>만나러 가야 하는 거야
dom2Athena_ending2.mes,Script/dom2Athena_ending2.mes,14,45,주인공,僕は嫌だよ!もう麻宮と離れられ<6E5C>ないよ.ひとりで乗り越えようなん<6E5C>てしなくていいから……,난 싫어! 이제 아사미야랑<6E5C>못 떨어져. 혼자 극복하려고<6E5C>하지 않아도 되니까……,난 싫어! 이제 아사미야랑<6E5C>못 떨어져. 혼자 극복하려고<6E5C>하지 않아도 되니까……
dom2Athena_ending2.mes,Script/dom2Athena_ending2.mes,15,7,UNKNOWN_1e,あほーーー!,바보---!,바보---!
dom2Athena_ending2.mes,Script/dom2Athena_ending2.mes,16,11,주인공,マネージャーさん……,매니저님……,매니저님……
dom2Athena_ending2.mes,Script/dom2Athena_ending2.mes,17,34,UNKNOWN_1b,おまえが甘えてどーすんねん!<6E5C>アテナは世界の<6E5C>トップアイドルやで!,네가 응석 부리면 어떡해!<6E5C>아테나는 톱 아이돌이야!,네가 응석 부리면 어떡해!<6E5C>아테나는 톱 아이돌이야!
dom2Athena_ending2.mes,Script/dom2Athena_ending2.mes,18,30,UNKNOWN_1b,オフが終わったら会えなくなる<6E5C>ぐらい、わかってたことやろ!,"휴가 끝나면 못 만나게<6E5C>되는 거, 알고 있었잖아!","휴가 끝나면 못 만나게<6E5C>되는 거, 알고 있었잖아!"
dom2Athena_ending2.mes,Script/dom2Athena_ending2.mes,19,9,주인공,そうですけど……,그렇긴 한데……,그렇긴 한데……
dom2Athena_ending2.mes,Script/dom2Athena_ending2.mes,20,44,UNKNOWN_1b,ちょっとはマシな男かと思ったけど<6E5C>、アカンな!おまえなんかに<6E5C>アテナは任せられへんわ!,"조금은 나은 남잔가 했더니,<6E5C>안 되겠네! 너 같은 놈한테<6E5C>아테나는 못 맡겨!","조금은 나은 남잔가 했더니,<6E5C>안 되겠네! 너 같은 놈한테<6E5C>아테나는 못 맡겨!"
dom2Athena_ending2.mes,Script/dom2Athena_ending2.mes,21,10,주인공,ガーン!そんな……,충격! 그런……,충격! 그런……
dom2Athena_ending2.mes,Script/dom2Athena_ending2.mes,22,44,Athena,<이름:3131>くんのせいじゃないの!<6E5C>わたしが悪いんだ.大丈夫、<6E5C>わたし、ちゃんと大人になるから,"<이름:3131>군 잘못 아니야!<6E5C>내가 나쁜 거야. 괜찮아,<6E5C>나, 제대로 어른이 될 거니까","<이름:3131>군 잘못 아니야!<6E5C>내가 나쁜 거야. 괜찮아,<6E5C>나, 제대로 어른이 될 거니까"
dom2Athena_ending2.mes,Script/dom2Athena_ending2.mes,23,21,주인공,麻宮はそれでいいのかよ!<6E5C>僕と離れても!,그래도 괜찮은 거냐!<6E5C>나랑 떨어져도!,그래도 괜찮은 거냐!<6E5C>나랑 떨어져도!
dom2Athena_ending2.mes,Script/dom2Athena_ending2.mes,24,30,Athena,離れても、姿や心が見えなくても、<6E5C>もう弱音なんてはかない!,"떨어져도, 안 보여도,<6E5C>이제 약한 소리 안 해!","떨어져도, 안 보여도,<6E5C>이제 약한 소리 안 해!"
dom2Athena_ending2.mes,Script/dom2Athena_ending2.mes,25,33,Athena,アテナはまずひとりで立てるように<6E5C>なるよ!見ててね、<이름:3131>くんっ!,"아테나는 먼저 혼자 설<6E5C>거야! 지켜봐줘, <이름:3131>군!","아테나는 먼저 혼자 설<6E5C>거야! 지켜봐줘, <이름:3131>군!"
dom2Athena_ending2.mes,Script/dom2Athena_ending2.mes,26,7,주인공,(……麻宮),(아사미야),(아사미야)
dom2Athena_ending2.mes,Script/dom2Athena_ending2.mes,27,35,주인공,(いつの間にか、<6E5C>僕の方が被女に頼ってばかり<6E5C>いたのかもしれないな),(어느새 오히려 내가<6E5C>의지만 하고 있었나 봐),(어느새 오히려 내가<6E5C>의지만 하고 있었나 봐)
dom2Athena_ending2.mes,Script/dom2Athena_ending2.mes,28,44,주인공,(今の僕じゃ、世界をかけまわる<6E5C>麻宮とはつりあわない.<6E5C>ダメだ、大きくならないと……),"(지금의 나로는, 세계를 누비는<6E5C>아사미야랑 안 어울려.<6E5C>더 커져야 해……)","(지금의 나로는, 세계를 누비는<6E5C>아사미야랑 안 어울려.<6E5C>더 커져야 해……)"
dom2Athena_ending2.mes,Script/dom2Athena_ending2.mes,29,12,[효과음/내레이션],♪カランコロンカラ~ン,♪딸랑딸랑딸랑~,♪딸랑딸랑딸랑~
