file,rel_path,block,n_tokens,speaker,source,ai_draft,translation
dom2ENC_T2_Afternoon.mes,Script/dom2ENC_T2_Afternoon.mes,0,12,주인공,ん……?ゲーニッツ先生,음? 게닛츠 선생님,음? 게닛츠 선생님
dom2ENC_T2_Afternoon.mes,Script/dom2ENC_T2_Afternoon.mes,1,16,Goenitz,神よ……私をお導きください……,신이시여…… 저를 인도하소서,신이시여…… 저를 인도하소서
dom2ENC_T2_Afternoon.mes,Script/dom2ENC_T2_Afternoon.mes,2,40,주인공,(い、祈ってる!そういえば、<6E5C>ゲーニッツ先生って牧師も<6E5C>やってるんだったよな),(기도 중이야! 그러고 보니<6E5C>게닛츠 선생님 목사님도<6E5C>겸하고 계셨었지),(기도 중이야! 그러고 보니<6E5C>게닛츠 선생님 목사님도<6E5C>겸하고 계셨었지)
dom2ENC_T2_Afternoon.mes,Script/dom2ENC_T2_Afternoon.mes,3,22,주인공,(ど、どこかに導かれていったのか<6E5C>な……),(어딘가로 인도되어 가버<6E5C>린 걸까……),(어딘가로 인도되어 가버<6E5C>린 걸까……)
dom2ENC_T2_Afternoon.mes,Script/dom2ENC_T2_Afternoon.mes,4,15,Shizuku,<이름:3131>くん、レポート進んでる?,"<이름:3131>군, 리포트 진행돼?","<이름:3131>군, 리포트 진행돼?"
dom2ENC_T2_Afternoon.mes,Script/dom2ENC_T2_Afternoon.mes,5,9,주인공,閉かないでよ……,묻지 말아줘……,묻지 말아줘……
dom2ENC_T2_Afternoon.mes,Script/dom2ENC_T2_Afternoon.mes,6,23,Shizuku,アハハ、こんなところで遊んでてい<6E5C>いのかな?,"아하하, 여기서 놀아도<6E5C>괜찮은 걸까?","아하하, 여기서 놀아도<6E5C>괜찮은 걸까?"
dom2ENC_T2_Afternoon.mes,Script/dom2ENC_T2_Afternoon.mes,7,14,Shizuku,ちゃんとやらないと留年だよ,제대로 안 하면 유급이야,제대로 안 하면 유급이야
dom2ENC_T2_Afternoon.mes,Script/dom2ENC_T2_Afternoon.mes,8,12,주인공,意地悪だな、巳沢さんは,심술맞네 미사와 씨는,심술맞네 미사와 씨는
dom2ENC_T2_Afternoon.mes,Script/dom2ENC_T2_Afternoon.mes,9,7,Shizuku,フフ、ごめん,"후후, 미안","후후, 미안"
dom2ENC_T2_Afternoon.mes,Script/dom2ENC_T2_Afternoon.mes,10,7,Mary,Hi、<이름:3131>君,Hi <이름:3131>군,Hi <이름:3131>군
dom2ENC_T2_Afternoon.mes,Script/dom2ENC_T2_Afternoon.mes,11,17,주인공,あ、マリーさん.お仕事中ですか?,"아, 마리 씨 근무 중이세요?","아, 마리 씨 근무 중이세요?"
dom2ENC_T2_Afternoon.mes,Script/dom2ENC_T2_Afternoon.mes,12,23,Mary,今は少し休憩よ.<6E5C>ランチを食べようと思ってね,지금은 잠깐 휴식이야.<6E5C>점심 먹으려고,지금은 잠깐 휴식이야.<6E5C>점심 먹으려고
dom2ENC_T2_Afternoon.mes,Script/dom2ENC_T2_Afternoon.mes,13,31,주인공,それなら、この先の路地の奥にある<6E5C>定食屋さんがオススメですよ,"그럼, 이 앞 골목 안쪽에 있는<6E5C>식당을 추천해요","그럼, 이 앞 골목 안쪽에 있는<6E5C>식당을 추천해요"
dom2ENC_T2_Afternoon.mes,Script/dom2ENC_T2_Afternoon.mes,14,21,주인공,朽ちかけた店とは思えない<6E5C>うまさですから,쓰러져가는 가게 같아도<6E5C>맛은 진짜예요,쓰러져가는 가게 같아도<6E5C>맛은 진짜예요
dom2ENC_T2_Afternoon.mes,Script/dom2ENC_T2_Afternoon.mes,15,15,Mary,そ、そう……今度試してみるわ,"그, 그래…… 담에 가볼게","그, 그래…… 담에 가볼게"
dom2ENC_T2_Afternoon.mes,Script/dom2ENC_T2_Afternoon.mes,16,5,주인공,あ……!,아……!,아……!
dom2ENC_T2_Afternoon.mes,Script/dom2ENC_T2_Afternoon.mes,17,17,Mature,どうしたのかしら、驚いた顔をして,"왜 그럴까, 놀란 얼굴을 하고","왜 그럴까, 놀란 얼굴을 하고"
dom2ENC_T2_Afternoon.mes,Script/dom2ENC_T2_Afternoon.mes,18,15,UNKNOWN_42,おい、なにを固まってるんだ?,이봐 뭘 그리 얼어 있어?,이봐 뭘 그리 얼어 있어?
dom2ENC_T2_Afternoon.mes,Script/dom2ENC_T2_Afternoon.mes,19,7,주인공,あ、その……,아 그게……,아 그게……
dom2ENC_T2_Afternoon.mes,Script/dom2ENC_T2_Afternoon.mes,20,28,Mature,私たちのあまりの美しさに言葉を<6E5C>失ってしまったのかしら,우리의 너무나 아름다운 모습에<6E5C>말을 잃어버린 걸까,우리의 너무나 아름다운 모습에<6E5C>말을 잃어버린 걸까
dom2ENC_T2_Afternoon.mes,Script/dom2ENC_T2_Afternoon.mes,21,9,UNKNOWN_42,フフ、可愛い奴だ,"후후, 귀엽네","후후, 귀엽네"
dom2ENC_T2_Afternoon.mes,Script/dom2ENC_T2_Afternoon.mes,22,13,주인공,……さて、どうしようかな,"…… 자, 어떻게 할까","…… 자, 어떻게 할까"
dom2ENC_T2_Morning.mes,Script/dom2ENC_T2_Morning.mes,0,7,[효과음/내레이션],ピピピピ……,삐삐삐삐……,삐삐삐삐……
dom2ENC_T2_Morning.mes,Script/dom2ENC_T2_Morning.mes,1,11,Hotaru,おはよう、お兄ちゃん,"오빠, 좋은 아침","오빠, 좋은 아침"
dom2ENC_T2_Morning.mes,Script/dom2ENC_T2_Morning.mes,2,16,주인공,おはよう、ほたる.いい天気だな,좋은 아침 호타루 날씨 좋다,좋은 아침 호타루 날씨 좋다
dom2ENC_T2_Morning.mes,Script/dom2ENC_T2_Morning.mes,3,14,Hotaru,うん!今日もがんばろうね!,응! 오늘도 힘내자!,응! 오늘도 힘내자!
dom2ENC_T2_Night.mes,Script/dom2ENC_T2_Night.mes,0,22,주인공,ほたるもイトカツも、<6E5C>もう寝てるみたいだな,호타루도 이토카츠도<6E5C>벌써 자는 것 같네,호타루도 이토카츠도<6E5C>벌써 자는 것 같네
dom2ENC_T2_Night.mes,Script/dom2ENC_T2_Night.mes,1,8,주인공,僕ももう寝よう,나도 자야지,나도 자야지
dom2ENC_T2_Night.mes,Script/dom2ENC_T2_Night.mes,2,4,[효과음/내레이션],カチッ,딸깍,딸깍
dom2ENC_T2_Night.mes,Script/dom2ENC_T2_Night.mes,3,25,주인공,(……何も夢を見ないくらい、<6E5C>深く寝たいな……),"(…… 아무 꿈 없이,<6E5C>깊이 자고 싶다……)","(…… 아무 꿈 없이,<6E5C>깊이 자고 싶다……)"
dom2ENC_T2_Night.mes,Script/dom2ENC_T2_Night.mes,4,13,주인공,(……スウ……スウ……),(…… 새근새근……),(…… 새근새근……)
dom2ENC_T3_Afternoon.mes,Script/dom2ENC_T3_Afternoon.mes,0,13,주인공,……さて、どうしようかな,"…… 자, 어떻게 할까","…… 자, 어떻게 할까"
dom2ENC_T3_Afternoon.mes,Script/dom2ENC_T3_Afternoon.mes,1,12,Kisarah,ヤダ、<이름:3232>クンじゃない,"어머, <이름:3232>군 아니야","어머, <이름:3232>군 아니야"
dom2ENC_T3_Afternoon.mes,Script/dom2ENC_T3_Afternoon.mes,2,14,주인공,キサラ、ひとりで買い物か?,"키사라, 혼자 쇼핑이야?","키사라, 혼자 쇼핑이야?"
dom2ENC_T3_Afternoon.mes,Script/dom2ENC_T3_Afternoon.mes,3,30,Kisarah,クラスの友達と約束があるんだよ.<6E5C><이름:3232>クンこそ、ひとり~?,"반 친구랑 약속 있어.<6E5C><이름:3232>군이야말로, 혼자야~?","반 친구랑 약속 있어.<6E5C><이름:3232>군이야말로, 혼자야~?"
dom2ENC_T3_Afternoon.mes,Script/dom2ENC_T3_Afternoon.mes,4,3,주인공,ああ,응,응
dom2ENC_T3_Afternoon.mes,Script/dom2ENC_T3_Afternoon.mes,5,29,Kisarah,はやく、ボクみたいなステキな被女<6E5C>つくらないとダメだヨ?,"빨리, 나처럼 멋진 여자친구<6E5C>만들어야지, 안 그래?","빨리, 나처럼 멋진 여자친구<6E5C>만들어야지, 안 그래?"
dom2ENC_T3_Afternoon.mes,Script/dom2ENC_T3_Afternoon.mes,6,23,Chizuru,あら、<이름:3131>君.<6E5C>お祓いでもしに来たのかしら?,"어머, <이름:3131>군<6E5C>액막이라도 하러 온 건가?","어머, <이름:3131>군<6E5C>액막이라도 하러 온 건가?"
dom2ENC_T3_Afternoon.mes,Script/dom2ENC_T3_Afternoon.mes,7,26,주인공,お祓いしてもらったらレポート<6E5C>終わりますかねぇ……,액막이 받으면 리포트가<6E5C>끝나려나요……,액막이 받으면 리포트가<6E5C>끝나려나요……
dom2ENC_T3_Afternoon.mes,Script/dom2ENC_T3_Afternoon.mes,8,26,Chizuru,当神社では、そのようなご相談は<6E5C>承っておりませんわ,"저희 신사에서는, 그런 상담은<6E5C>받지 않아요","저희 신사에서는, 그런 상담은<6E5C>받지 않아요"
dom2ENC_T3_Afternoon.mes,Script/dom2ENC_T3_Afternoon.mes,9,6,주인공,ですよねぇ,그렇겠죠,그렇겠죠
dom2ENC_T3_Afternoon.mes,Script/dom2ENC_T3_Afternoon.mes,10,10,주인공,あ、ゲーニッツ先生,게닛츠 선생님,게닛츠 선생님
dom2ENC_T3_Afternoon.mes,Script/dom2ENC_T3_Afternoon.mes,11,28,Goenitz,おや、これはこれは<이름:3131>君.<6E5C>レポートもせずに余裕ですね,"이런, 이거 참 <이름:3131>군<6E5C>리포트도 안 하고 여유롭네","이런, 이거 참 <이름:3131>군<6E5C>리포트도 안 하고 여유롭네"
dom2ENC_T3_Afternoon.mes,Script/dom2ENC_T3_Afternoon.mes,12,15,주인공,いや、余裕というわけでは……,"아뇨, 여유롭다기보다는……","아뇨, 여유롭다기보다는……"
dom2ENC_T3_Afternoon.mes,Script/dom2ENC_T3_Afternoon.mes,13,34,Goenitz,ふふ、留年で人より1年長く刻まれ<6E5C>る学園生活もいいかもしれませんね,후후 유급으로 남들보다 1년 더<6E5C>긴 학원생활도 나쁘지 않겠네,후후 유급으로 남들보다 1년 더<6E5C>긴 학원생활도 나쁘지 않겠네
dom2ENC_T3_Afternoon.mes,Script/dom2ENC_T3_Afternoon.mes,14,15,주인공,そ、それだけはご勘弁を……!,그 그것만은 봐주세요……!,그 그것만은 봐주세요……!
dom2ENC_T3_Afternoon.mes,Script/dom2ENC_T3_Afternoon.mes,15,13,주인공,……さて、どうしようかな,"…… 자, 어떻게 할까","…… 자, 어떻게 할까"
dom2ENC_T3_Afternoon.mes,Script/dom2ENC_T3_Afternoon.mes,16,14,Fio,<이름:3232>さん、お買い物ですか?,"<이름:3232>씨, 장 보세요?","<이름:3232>씨, 장 보세요?"
dom2ENC_T3_Afternoon.mes,Script/dom2ENC_T3_Afternoon.mes,17,21,주인공,フィオ.すごい大荷物だな.<6E5C>手伝おうか?,피오. 짐이 엄청 많네.<6E5C>도와줄까?,피오. 짐이 엄청 많네.<6E5C>도와줄까?
dom2ENC_T3_Afternoon.mes,Script/dom2ENC_T3_Afternoon.mes,18,16,Fio,そんな!もうしわけないですぅ!,그런! 죄송해서 안 돼요!,그런! 죄송해서 안 돼요!
dom2ENC_T3_Afternoon.mes,Script/dom2ENC_T3_Afternoon.mes,19,22,주인공,うっ……すごく重い.<6E5C>これ、ぜんぶ工具かよ,윽…… 엄청 무거워<6E5C>이거 전부 공구야?,윽…… 엄청 무거워<6E5C>이거 전부 공구야?
dom2ENC_T3_Afternoon.mes,Script/dom2ENC_T3_Afternoon.mes,20,15,주인공,今度は何をつくる気なんだ……,이번엔 뭘 만들 셈이지……,이번엔 뭘 만들 셈이지……
dom2ENC_T3_Morning.mes,Script/dom2ENC_T3_Morning.mes,0,7,[효과음/내레이션],ピピピピ……,삐삐삐삐……,삐삐삐삐……
dom2ENC_T3_Morning.mes,Script/dom2ENC_T3_Morning.mes,1,8,주인공,いってきまーす,다녀올게요~,다녀올게요~
dom2ENC_T3_Morning.mes,Script/dom2ENC_T3_Morning.mes,2,17,주인공,(さて、授業だ……緊張するなぁ),"(자, 수업이다…… 긴장되네)","(자, 수업이다…… 긴장되네)"
dom2ENC_T3_Morning.mes,Script/dom2ENC_T3_Morning.mes,3,13,[효과음/내레이션],キーンコーンカーンコーン,딩동댕동,딩동댕동
dom2ENC_T3_Morning.mes,Script/dom2ENC_T3_Morning.mes,4,19,Kisarah,起立、礼!<6E5C>ありがとうございましたー,"차렷, 경례!<6E5C>감사합니다~","차렷, 경례!<6E5C>감사합니다~"
dom2ENC_T3_Morning.mes,Script/dom2ENC_T3_Morning.mes,5,7,UNKNOWN_1e,<이름:3131><이름:3232>……,<이름:3131><이름:3232>……,<이름:3131><이름:3232>……
dom2ENC_T3_Morning.mes,Script/dom2ENC_T3_Morning.mes,6,6,주인공,八神先輩!,야가미선배,야가미선배
dom2ENC_T3_Morning.mes,Script/dom2ENC_T3_Morning.mes,7,24,Iori,貴様のような半人前に教師がつとま<6E5C>ると思うなよ,네놈 같은 애송이한테<6E5C>교사가 가당키나 하냐,네놈 같은 애송이한테<6E5C>교사가 가당키나 하냐
dom2ENC_T3_Morning.mes,Script/dom2ENC_T3_Morning.mes,8,24,Iori,生徒を指導する責任の重さを、<6E5C>ゆめゆめ忘れるな,학생을 지도하는 책임 무게를<6E5C>절대 잊지마라,학생을 지도하는 책임 무게를<6E5C>절대 잊지마라
dom2ENC_T3_Morning.mes,Script/dom2ENC_T3_Morning.mes,9,31,주인공,……八神先輩って、怖いんだか<6E5C>真面目なんだかよくわからないな,……야가미 선배는 무서운 건지<6E5C>진지한 건지 잘 모르겠네,……야가미 선배는 무서운 건지<6E5C>진지한 건지 잘 모르겠네
dom2ENC_T3_Morning.mes,Script/dom2ENC_T3_Morning.mes,10,11,UNKNOWN_1e,しっかり教えてるか?,제대로 가르치냐?,제대로 가르치냐?
dom2ENC_T3_Morning.mes,Script/dom2ENC_T3_Morning.mes,11,28,주인공,草薙先輩……不安なら先輩が<6E5C>しっかり指導してくださいよ,쿠사나기 선배…… 불안하면 그냥<6E5C>직접 지도해주세요,쿠사나기 선배…… 불안하면 그냥<6E5C>직접 지도해주세요
dom2ENC_T3_Morning.mes,Script/dom2ENC_T3_Morning.mes,12,22,Kyo,俺ならともかく、<6E5C>おまえなら大丈夫だって!,"나라면 몰라도,<6E5C>너라면 괜찮다니까!","나라면 몰라도,<6E5C>너라면 괜찮다니까!"
dom2ENC_T3_Morning.mes,Script/dom2ENC_T3_Morning.mes,13,15,주인공,(教師ってこれでいいのか?),(교사가 이래도 되나?),(교사가 이래도 되나?)
dom2ENC_T3_Morning.mes,Script/dom2ENC_T3_Morning.mes,14,17,주인공,ふう.今日はどうだったのかな……,후우. 오늘은 어떠했으려나……,후우. 오늘은 어떠했으려나……
dom2ENC_T3_Morning.mes,Script/dom2ENC_T3_Morning.mes,15,15,Kisarah,<이름:3131>先生は教え方、上手ですよ,"<이름:3131>샘, 잘 가르치던데요","<이름:3131>샘, 잘 가르치던데요"
dom2ENC_T3_Morning.mes,Script/dom2ENC_T3_Morning.mes,16,16,주인공,あ、ありがとう.キサラ……さん,"아, 고마워. 키사라…… 씨","아, 고마워. 키사라…… 씨"
dom2ENC_T3_Morning.mes,Script/dom2ENC_T3_Morning.mes,17,19,Kisarah,頼りにしてますよ、<6E5C>セ。ン。セ。イ!,"믿고 있어요,<6E5C>선。생。님!","믿고 있어요,<6E5C>선。생。님!"
dom2ENC_T3_Morning.mes,Script/dom2ENC_T3_Morning.mes,18,24,UNKNOWN_1e,ぱちぱちぱち.<6E5C>センセイ、がんばってましたねー,"짝짝짝.<6E5C>선생님, 열심히 하시던데요~","짝짝짝.<6E5C>선생님, 열심히 하시던데요~"
dom2ENC_T3_Morning.mes,Script/dom2ENC_T3_Morning.mes,19,8,주인공,あれ、ほたる?,어라 호타루?,어라 호타루?
dom2ENC_T3_Morning.mes,Script/dom2ENC_T3_Morning.mes,20,43,Hotaru,キサラちゃんの応援に来たんだ.<6E5C>3年生の授業を見るのは大変<6E5C>だよね.はいこれ、お弁当,키사라 언니 응원하러 왔어.<6E5C>3학년 수업 보는 거 힘들<6E5C>지? 자 이거 도시락,키사라 언니 응원하러 왔어.<6E5C>3학년 수업 보는 거 힘들<6E5C>지? 자 이거 도시락
dom2ENC_T3_Morning.mes,Script/dom2ENC_T3_Morning.mes,21,25,Hotaru,がんばってお兄ちゃん、イトカツも<6E5C>応援してるよ!,"힘내 오빠, 이토카츠도<6E5C>응원하고 있어!","힘내 오빠, 이토카츠도<6E5C>응원하고 있어!"
dom2ENC_T3_Morning.mes,Script/dom2ENC_T3_Morning.mes,22,5,UNKNOWN_3e,キュゥ!,큐!,큐!
dom2ENC_T3_Morning.mes,Script/dom2ENC_T3_Morning.mes,23,10,주인공,おう.サンキューな,"오, 고마워","오, 고마워"
dom2ENC_T3_Morning.mes,Script/dom2ENC_T3_Morning.mes,24,7,[효과음/내레이션],ピピピピ……,삐삐삐삐……,삐삐삐삐……
dom2ENC_T3_Morning.mes,Script/dom2ENC_T3_Morning.mes,25,17,Hotaru,お兄ちゃーん.朝ごはんできたよー,오빠~. 아침밥 다 됐어~,오빠~. 아침밥 다 됐어~
dom2ENC_T3_Morning.mes,Script/dom2ENC_T3_Morning.mes,26,9,주인공,おは……ふぁ……,좋은…… 하암…,좋은…… 하암…
dom2ENC_T3_Morning.mes,Script/dom2ENC_T3_Morning.mes,27,17,Hotaru,大きなあくび.大学生は気楽だねっ,크게 하품하네 대학생은 편하네,크게 하품하네 대학생은 편하네
dom2ENC_T3_Morning.mes,Script/dom2ENC_T3_Morning.mes,28,15,주인공,そんなことないぞ……ふぁ……,그렇지 않거든…… 하암……,그렇지 않거든…… 하암……
dom2ENC_T3_Night.mes,Script/dom2ENC_T3_Night.mes,0,24,주인공,あ~、くたくただ.<6E5C>明日の用意をしてから寝よう,"아~, 완전 녹초다.<6E5C>내일 준비하고 자야지","아~, 완전 녹초다.<6E5C>내일 준비하고 자야지"
dom2ENC_T3_Night.mes,Script/dom2ENC_T3_Night.mes,1,4,[효과음/내레이션],カチッ,딸깍,딸깍
dom2ENC_T3_Night.mes,Script/dom2ENC_T3_Night.mes,2,29,주인공,(……卒業して教師になるのも、<6E5C>悪くないかもしれないな),"(…… 졸업해서 교사 되는 것도,<6E5C>나쁘지 않을지도)","(…… 졸업해서 교사 되는 것도,<6E5C>나쁘지 않을지도)"
dom2ENC_T3_Night.mes,Script/dom2ENC_T3_Night.mes,3,13,주인공,(……グウ……グウ……),(…… 드르렁……),(…… 드르렁……)
dom2ENC_T3_Night.mes,Script/dom2ENC_T3_Night.mes,4,21,주인공,ハァ、やっぱり我が家が一番<6E5C>落ち着くなぁ,"하아, 역시 우리 집이 제일<6E5C>편하네","하아, 역시 우리 집이 제일<6E5C>편하네"
dom2ENC_T3_Night.mes,Script/dom2ENC_T3_Night.mes,5,8,주인공,ファ~……眠い,하아암……졸려,하아암……졸려
dom2ENC_T3_Night.mes,Script/dom2ENC_T3_Night.mes,6,5,주인공,グゥ……,쿨……,쿨……
dom2ENC_T4_Afternoon.mes,Script/dom2ENC_T4_Afternoon.mes,0,12,주인공,こんにちは、バイスさん,안녕하세요 바이스 씨,안녕하세요 바이스 씨
dom2ENC_T4_Afternoon.mes,Script/dom2ENC_T4_Afternoon.mes,1,6,UNKNOWN_42,……<이름:3131>か,…<이름:3131>인가,…<이름:3131>인가
dom2ENC_T4_Afternoon.mes,Script/dom2ENC_T4_Afternoon.mes,2,10,주인공,どこ行くんですか?,어디 가세요?,어디 가세요?
dom2ENC_T4_Afternoon.mes,Script/dom2ENC_T4_Afternoon.mes,3,16,UNKNOWN_42,スポーツジムだ.お前も行くか?,헬스장이다. 너도 갈래?,헬스장이다. 너도 갈래?
dom2ENC_T4_Afternoon.mes,Script/dom2ENC_T4_Afternoon.mes,4,10,주인공,え、いや、僕は……,"네, 저는……","네, 저는……"
dom2ENC_T4_Afternoon.mes,Script/dom2ENC_T4_Afternoon.mes,5,6,UNKNOWN_42,よし、来い,좋아 와라,좋아 와라
dom2ENC_T4_Afternoon.mes,Script/dom2ENC_T4_Afternoon.mes,6,9,[효과음/내레이션],ズルズルズル……,질질질……,질질질……
dom2ENC_T4_Afternoon.mes,Script/dom2ENC_T4_Afternoon.mes,7,13,주인공,(たーすーけーてー……),"(사, 살려줘……)","(사, 살려줘……)"
dom2ENC_T4_Afternoon.mes,Script/dom2ENC_T4_Afternoon.mes,8,6,UNKNOWN_1e,ワンワン!,멍멍!,멍멍!
dom2ENC_T4_Afternoon.mes,Script/dom2ENC_T4_Afternoon.mes,9,22,주인공,あれ、アントンじゃないか.<6E5C>マリーさんは?,"어라, 안톤 아니야?<6E5C>마리 씨는?","어라, 안톤 아니야?<6E5C>마리 씨는?"
dom2ENC_T4_Afternoon.mes,Script/dom2ENC_T4_Afternoon.mes,10,4,[마리의 개],ワン!,멍!,멍!
dom2ENC_T4_Afternoon.mes,Script/dom2ENC_T4_Afternoon.mes,11,14,주인공,いや、ワンじゃわからないよ,아니 멍멍으로는 모르겠어,아니 멍멍으로는 모르겠어
dom2ENC_T4_Afternoon.mes,Script/dom2ENC_T4_Afternoon.mes,12,7,[마리의 개],グルルル……,그르르……,그르르……
dom2ENC_T4_Afternoon.mes,Script/dom2ENC_T4_Afternoon.mes,13,21,주인공,え、もしかして怒ってる?<6E5C>わ、悪かったよ,"어, 혹시 화났어?<6E5C>미, 미안해","어, 혹시 화났어?<6E5C>미, 미안해"
dom2ENC_T4_Afternoon.mes,Script/dom2ENC_T4_Afternoon.mes,14,4,[마리의 개],ワン!,멍!,멍!
dom2ENC_T4_Afternoon.mes,Script/dom2ENC_T4_Afternoon.mes,15,3,UNKNOWN_0x1e,よお,여어,여어
dom2ENC_T4_Afternoon.mes,Script/dom2ENC_T4_Afternoon.mes,16,28,주인공,草薙先輩.と……あそこで待ってる<6E5C>の、被女さんですか?,"쿠사나기 선배 옆에서<6E5C>기다리는 분, 여자친구예요?","쿠사나기 선배 옆에서<6E5C>기다리는 분, 여자친구예요?"
dom2ENC_T4_Afternoon.mes,Script/dom2ENC_T4_Afternoon.mes,17,13,Kyo,ああ.おまえはひとりか?,그래. 넌 혼자냐?,그래. 넌 혼자냐?
dom2ENC_T4_Afternoon.mes,Script/dom2ENC_T4_Afternoon.mes,18,26,주인공,先輩と違って、デートしてくれる<6E5C>被女もいませんから,"선배와 달리, 데이트해 줄<6E5C>여자친구도 없어서요","선배와 달리, 데이트해 줄<6E5C>여자친구도 없어서요"
dom2ENC_T4_Afternoon.mes,Script/dom2ENC_T4_Afternoon.mes,19,19,Kyo,ハハ、おまえけっこう<6E5C>モテてんのにな,"하하, 너 의외로<6E5C>인기 많잖아","하하, 너 의외로<6E5C>인기 많잖아"
dom2ENC_T4_Afternoon.mes,Script/dom2ENC_T4_Afternoon.mes,20,12,주인공,え?それって誰にです?,네? 그게 누구게요?,네? 그게 누구게요?
dom2ENC_T4_Afternoon.mes,Script/dom2ENC_T4_Afternoon.mes,21,13,Kyo,この鈍感野郎!じゃーなっ,이 둔감한 놈! 간다,이 둔감한 놈! 간다
dom2ENC_T4_Afternoon.mes,Script/dom2ENC_T4_Afternoon.mes,22,10,주인공,……からかわれた?,…놀림받은 건가?,…놀림받은 건가?
dom2ENC_T4_Afternoon.mes,Script/dom2ENC_T4_Afternoon.mes,23,13,주인공,……さて、どうしようかな,"……자, 어떻게 할까","……자, 어떻게 할까"
dom2ENC_T4_Afternoon.mes,Script/dom2ENC_T4_Afternoon.mes,24,17,UNKNOWN_0x1e,そんなスケジュール無理ですって!,그런 스케줄은 무리라고요!,그런 스케줄은 무리라고요!
dom2ENC_T4_Afternoon.mes,Script/dom2ENC_T4_Afternoon.mes,25,16,주인공,な、なんだ?この大きな声は……,뭐 뭐야? 이 큰 소리는……,뭐 뭐야? 이 큰 소리는……
dom2ENC_T4_Afternoon.mes,Script/dom2ENC_T4_Afternoon.mes,26,40,UNKNOWN_1e,今は貴重なオフでっせ?ウチの子<6E5C>に無茶なスケジュール組ません<6E5C>とってください!,지금은 귀한 휴일이거든요?<6E5C>우리 애한테 무리한 일정은<6E5C>짜지 마세요!,지금은 귀한 휴일이거든요?<6E5C>우리 애한테 무리한 일정은<6E5C>짜지 마세요!
dom2ENC_T4_Afternoon.mes,Script/dom2ENC_T4_Afternoon.mes,27,21,주인공,あ……ビジネスマンか.<6E5C>暑い中、大変だな,아…… 회사원인가<6E5C>더운데 고생이 많네,아…… 회사원인가<6E5C>더운데 고생이 많네
dom2ENC_T4_Afternoon.mes,Script/dom2ENC_T4_Afternoon.mes,28,13,주인공,……さて、どうしようかな,"……자, 어떻게 할까","……자, 어떻게 할까"
dom2ENC_T4_Afternoon.mes,Script/dom2ENC_T4_Afternoon.mes,29,14,주인공,……僕はあきらめないぞ……,……난 포기 안 해……,……난 포기 안 해……
dom2ENC_T4_Afternoon.mes,Script/dom2ENC_T4_Afternoon.mes,30,17,주인공,……何か手がかりがあるはずだ……,……뭔가 단서가 있을 거야……,……뭔가 단서가 있을 거야……
dom2ENC_T4_Morning.mes,Script/dom2ENC_T4_Morning.mes,0,7,[효과음/내레이션],ピピピピ……,삐삐삐삐……,삐삐삐삐……
dom2ENC_T4_Morning.mes,Script/dom2ENC_T4_Morning.mes,1,11,Hotaru,おはよう、お兄ちゃん,"좋은 아침, 오빠","좋은 아침, 오빠"
dom2ENC_T4_Morning.mes,Script/dom2ENC_T4_Morning.mes,2,10,주인공,ほたる、眠そうだな,호타루 졸린가 봐,호타루 졸린가 봐
dom2ENC_T4_Morning.mes,Script/dom2ENC_T4_Morning.mes,3,23,Hotaru,いいんだもん……夏休みだから<6E5C>ゴロゴロしても,"괜찮단 말이야, 여름방학이니까<6E5C>빈둥거려도","괜찮단 말이야, 여름방학이니까<6E5C>빈둥거려도"
dom2ENC_T4_Morning.mes,Script/dom2ENC_T4_Morning.mes,4,7,[효과음/내레이션],ピピピピ……,삐삐삐삐……,삐삐삐삐……
dom2ENC_T4_Morning.mes,Script/dom2ENC_T4_Morning.mes,5,6,주인공,おはよ……,좋은 아침,좋은 아침
dom2ENC_T4_Morning.mes,Script/dom2ENC_T4_Morning.mes,6,17,주인공,(っと……僕しかいないんだった),(참…… 나밖에 없었지),(참…… 나밖에 없었지)
dom2ENC_T4_Morning.mes,Script/dom2ENC_T4_Morning.mes,7,16,주인공,(静かだったんだな、この部屋),"(조용했구나, 이 방)","(조용했구나, 이 방)"
dom2ENC_T4_Night.mes,Script/dom2ENC_T4_Night.mes,0,19,주인공,ほたるもイトカツも寝てる<6E5C>みたいだな,호타루도 이토카츠도<6E5C>자는 것 같네,호타루도 이토카츠도<6E5C>자는 것 같네
dom2ENC_T4_Night.mes,Script/dom2ENC_T4_Night.mes,1,8,주인공,僕ももう寝よう,나도 자야지,나도 자야지
dom2ENC_T4_Night.mes,Script/dom2ENC_T4_Night.mes,2,4,[효과음/내레이션],カチッ,딸깍,딸깍
dom2ENC_T4_Night.mes,Script/dom2ENC_T4_Night.mes,3,15,주인공,(……もうすぐ8月だな……),(……곧 8월이구나……),(……곧 8월이구나……)
dom2ENC_T4_Night.mes,Script/dom2ENC_T4_Night.mes,4,13,주인공,(……スヤ……スヤ……),(……새근……새근……),(……새근……새근……)
dom2ENC_T4_Night.mes,Script/dom2ENC_T4_Night.mes,5,35,주인공,(静かだ……このまま目を<6E5C>閉じたら、完全に闇に<6E5C>包まれるんだろうな),"(조용하다…… 이대로 눈을<6E5C>감으면, 완전히 어둠에<6E5C>감싸이겠지)","(조용하다…… 이대로 눈을<6E5C>감으면, 완전히 어둠에<6E5C>감싸이겠지)"
dom2ENC_T4_Night.mes,Script/dom2ENC_T4_Night.mes,6,16,주인공,(早く、明日になってくれ……),"(빨리, 내일이 되어줘……)","(빨리, 내일이 되어줘……)"
dom2ENC_T4_Night.mes,Script/dom2ENC_T4_Night.mes,7,7,주인공,(早く……),(빨리……),(빨리……)
dom2ENC_T4_Night.mes,Script/dom2ENC_T4_Night.mes,8,5,주인공,(……),(……),(……)
dom2Ed_Iori.mes,Script/dom2Ed_Iori.mes,0,10,주인공,あ……八神先輩……,"아, 야가미 선배","아, 야가미 선배"
dom2Ed_Iori.mes,Script/dom2Ed_Iori.mes,1,5,Iori,どうした,왜 그래,왜 그래
dom2Ed_Iori.mes,Script/dom2Ed_Iori.mes,2,8,주인공,いえ、別に……,아뇨 딱히……,아뇨 딱히……
dom2Ed_Iori.mes,Script/dom2Ed_Iori.mes,3,8,Iori,俺が怖いのか?,내가 무섭냐?,내가 무섭냐?
dom2Ed_Iori.mes,Script/dom2Ed_Iori.mes,4,24,주인공,(そりゃ、そんな怖い顔で<6E5C>にらまれたらね……),(그야 그렇게 무서운 얼굴로<6E5C>노려보면……),(그야 그렇게 무서운 얼굴로<6E5C>노려보면……)
dom2Ed_Iori.mes,Script/dom2Ed_Iori.mes,5,33,Iori,ずいぶんブザマな顔だな.<6E5C>おおかた女に逃げられでも<6E5C>したのだろう,꽤나 꼴사나운 얼굴이군<6E5C>대충 여자한테 차이기라도<6E5C>했나 보군,꽤나 꼴사나운 얼굴이군<6E5C>대충 여자한테 차이기라도<6E5C>했나 보군
dom2Ed_Iori.mes,Script/dom2Ed_Iori.mes,6,13,주인공,はは……そんなところです,"하하, 뭐 그런 셈이죠","하하, 뭐 그런 셈이죠"
dom2Ed_Iori.mes,Script/dom2Ed_Iori.mes,7,14,Iori,なにをヘラヘラ笑っている!,뭘 실실 웃고 있어!,뭘 실실 웃고 있어!
dom2Ed_Iori.mes,Script/dom2Ed_Iori.mes,8,3,주인공,!!,!!,!!
dom2Ed_Iori.mes,Script/dom2Ed_Iori.mes,9,34,Iori,ふられてケリがついたというのか!<6E5C>とことん甘いな、貴様という奴は!,"차여서 끝났다 생각하는 거냐!<6E5C>어지간히 물러터졌군, 네놈은!","차여서 끝났다 생각하는 거냐!<6E5C>어지간히 물러터졌군, 네놈은!"
dom2Ed_Iori.mes,Script/dom2Ed_Iori.mes,10,24,주인공,すいません……もう、<6E5C>かんべんしてもらえますか,"죄송해요…… 이제,<6E5C>그만 좀 봐주시겠어요","죄송해요…… 이제,<6E5C>그만 좀 봐주시겠어요"
dom2Ed_Iori.mes,Script/dom2Ed_Iori.mes,11,15,Iori,飲め.勘定なら俺が払ってやる,마셔. 계산은 내가 해주마,마셔. 계산은 내가 해주마
dom2Ed_Iori.mes,Script/dom2Ed_Iori.mes,12,7,주인공,八神先輩……,야가미 선배,야가미 선배
dom2Ed_Iori.mes,Script/dom2Ed_Iori.mes,13,34,Iori,ひとつだけ教えてやる.<6E5C>惚れた女がいるのなら、<6E5C>とにかく会うことだ,한 가지만 가르쳐주지.<6E5C>좋아하는 여자가 있다면<6E5C>일단 만나라,한 가지만 가르쳐주지.<6E5C>좋아하는 여자가 있다면<6E5C>일단 만나라
dom2Ed_Iori.mes,Script/dom2Ed_Iori.mes,14,6,주인공,会う……?,만난다고?,만난다고?
dom2Ed_Iori.mes,Script/dom2Ed_Iori.mes,15,56,Iori,人間、気まぐれにほっつき歩いて<6E5C>いるわけではない<485C>その時その時で会いやすい<6E5C>場所があるはずだ.<6E5C>それを見極めろ,사람은 그저 변덕으로 돌아다니는<6E5C>게 아니다<485C>그때그때 만나기 쉬운<6E5C>장소가 있을 터.<6E5C>그걸 잘 파악해라,사람은 그저 변덕으로 돌아다니는<6E5C>게 아니다<485C>그때그때 만나기 쉬운<6E5C>장소가 있을 터.<6E5C>그걸 잘 파악해라
dom2Ed_Iori.mes,Script/dom2Ed_Iori.mes,16,50,Iori,そいつが期待している言動や行動を<6E5C>とること、約束を決して忘れぬこと<6E5C>を心掛ければ、叶わぬ想いはない,그 녀석이 원하는 대로 행동하고<6E5C>약속을 잊지 않으면<6E5C>이루지 못할 마음은 없다,그 녀석이 원하는 대로 행동하고<6E5C>약속을 잊지 않으면<6E5C>이루지 못할 마음은 없다
dom2Ed_Iori.mes,Script/dom2Ed_Iori.mes,17,5,주인공,は、はあ,"네, 넵","네, 넵"
dom2Ed_Iori.mes,Script/dom2Ed_Iori.mes,18,37,Iori,まあ、貴様が惚れた女の心すら<6E5C>見抜けぬ愚か者ならば、<6E5C>意味はないがな……,"뭐, 좋아하는 여자 마음조차<6E5C>못 읽는 바보라면<6E5C>의미는 없겠지만……","뭐, 좋아하는 여자 마음조차<6E5C>못 읽는 바보라면<6E5C>의미는 없겠지만……"
dom2Ed_Iori.mes,Script/dom2Ed_Iori.mes,19,20,주인공,あの.<6E5C>でも僕、もうすでにふられて……,"저기.<6E5C>근데 저, 이미 차여서……","저기.<6E5C>근데 저, 이미 차여서……"
dom2Ed_Iori.mes,Script/dom2Ed_Iori.mes,20,34,Iori,さっきも言ったろう.<6E5C>ふられてケリがついたと思うのは<6E5C>貴様の自由だ,아까도 말했잖나.<6E5C>차여서 끝났다고 생각하는 건<6E5C>네놈 자유다,아까도 말했잖나.<6E5C>차여서 끝났다고 생각하는 건<6E5C>네놈 자유다
dom2Ed_Iori.mes,Script/dom2Ed_Iori.mes,21,27,Iori,だがな.<6E5C>やり直しのきかぬことなど、<6E5C>世の中にはない,하지만 말이다.<6E5C>돌이킬 수 없는 일 따위<6E5C>없다,하지만 말이다.<6E5C>돌이킬 수 없는 일 따위<6E5C>없다
dom2Ed_Iori.mes,Script/dom2Ed_Iori.mes,22,13,주인공,ありがとう……ございます,감사……합니다,감사……합니다
dom2Ed_Iori.mes,Script/dom2Ed_Iori.mes,23,10,Iori,フン.……俺は帰る,흥.…… 난 간다,흥.…… 난 간다
dom2Ed_Iori.mes,Script/dom2Ed_Iori.mes,24,17,주인공,この一杯を飲み干して、出直しだ!,이 잔 비우고 다시 시작이다!,이 잔 비우고 다시 시작이다!
dom2Ed_Iori.mes,Script/dom2Ed_Iori.mes,25,16,주인공,今度会うときには、きっと……!,다음에 만날 때는 분명……!,다음에 만날 때는 분명……!
dom2Ed_Iori.mes,Script/dom2Ed_Iori.mes,26,24,Shizuku,すごい、シナリオをぜんぶ<6E5C>読んでくれたんだね!,"대단해, 시나리오를 전부<6E5C>읽어줬구나!","대단해, 시나리오를 전부<6E5C>읽어줬구나!"
dom2Ed_Iori.mes,Script/dom2Ed_Iori.mes,27,35,Shizuku,これは私たちからのささやかな<6E5C>プレゼントです.<6E5C>受け取ってください!,이건 저희가 드리는 작은<6E5C>선물이에요.<6E5C>받아주세요!,이건 저희가 드리는 작은<6E5C>선물이에요.<6E5C>받아주세요!
dom2Ed_Iori.mes,Script/dom2Ed_Iori.mes,28,12,UNKNOWN_66,おめでとうございます!,축하드려요!,축하드려요!
dom2Ed_Iori.mes,Script/dom2Ed_Iori.mes,29,20,UNKNOWN_66,私たちを見つけてくれて、<6E5C>ありがとう!,"저희를 찾아내주셔서,<6E5C>감사합니다!","저희를 찾아내주셔서,<6E5C>감사합니다!"
dom2Ed_Kyo.mes,Script/dom2Ed_Kyo.mes,0,5,[효과음/내레이션],…………,…………,…………
dom2Ed_Kyo.mes,Script/dom2Ed_Kyo.mes,1,10,[효과음/내레이션],…………しーーん、,"…………쿨……,","…………쿨……,"
dom2Ed_Kyo.mes,Script/dom2Ed_Kyo.mes,2,7,주인공,(……ん?),(……음?),(……음?)
dom2Ed_Kyo.mes,Script/dom2Ed_Kyo.mes,3,5,[효과음/내레이션],……ごー,…드르렁,…드르렁
dom2Ed_Kyo.mes,Script/dom2Ed_Kyo.mes,4,15,주인공,(……誰かが泣いてる……?),(……누가 울고 있어……),(……누가 울고 있어……)
dom2Ed_Kyo.mes,Script/dom2Ed_Kyo.mes,5,9,[효과음/내레이션],……しーん、ごー,"……쿨, 드르렁","……쿨, 드르렁"
dom2Ed_Kyo.mes,Script/dom2Ed_Kyo.mes,6,21,주인공,(……泣かないで、<6E5C>僕が助けるから……),"(……울지 마,<6E5C>내가 구해줄게……)","(……울지 마,<6E5C>내가 구해줄게……)"
dom2Ed_Kyo.mes,Script/dom2Ed_Kyo.mes,7,11,[효과음/내레이션],……しーん、ごーん、,"……쿨, 드르렁,","……쿨, 드르렁,"
dom2Ed_Kyo.mes,Script/dom2Ed_Kyo.mes,8,15,주인공,(待ってて、すぐに行くから),(기다려 금방 갈 테니까),(기다려 금방 갈 테니까)
dom2Ed_Kyo.mes,Script/dom2Ed_Kyo.mes,9,11,주인공,(今度こそ、助ける),(이번엔 꼭 구해),(이번엔 꼭 구해)
dom2Ed_Kyo.mes,Script/dom2Ed_Kyo.mes,10,17,주인공,(もう手を離したりなんかしない),(다시는 손 놓지 않을 거야),(다시는 손 놓지 않을 거야)
dom2Ed_Kyo.mes,Script/dom2Ed_Kyo.mes,11,7,주인공,(僕が……),(내가……),(내가……)
dom2Ed_Kyo.mes,Script/dom2Ed_Kyo.mes,12,5,UNKNOWN_1e,……んご,…드르렁,…드르렁
dom2Ed_Kyo.mes,Script/dom2Ed_Kyo.mes,13,5,UNKNOWN_1e,……真吾,……신고,……신고
dom2Ed_Kyo.mes,Script/dom2Ed_Kyo.mes,14,8,UNKNOWN_1e,起きろ、真吾!,일어나 신고!,일어나 신고!
dom2Ed_Kyo.mes,Script/dom2Ed_Kyo.mes,15,15,UNKNOWN_1e,こんのぉ、くらい、やがれぇ!,이 자식 한 대 처맞아라!,이 자식 한 대 처맞아라!
dom2Ed_Kyo.mes,Script/dom2Ed_Kyo.mes,16,4,[효과음/내레이션],ドサッ,쿵,쿵
dom2Ed_Kyo.mes,Script/dom2Ed_Kyo.mes,17,8,주인공,……あ、あれ?,……어 어라?,……어 어라?
dom2Ed_Kyo.mes,Script/dom2Ed_Kyo.mes,18,12,[효과음/내레이션],ボオオオオゥッ!!!!,화르르륵!!!!,화르르륵!!!!
dom2Ed_Kyo.mes,Script/dom2Ed_Kyo.mes,19,7,주인공,う、うわー!,우 우와아!,우 우와아!
dom2Ed_Kyo.mes,Script/dom2Ed_Kyo.mes,20,11,Kyo,やっと起きたか、真吾,"일어났군, 신고","일어났군, 신고"
dom2Ed_Kyo.mes,Script/dom2Ed_Kyo.mes,21,12,주인공,あのね、僕の名前は……,"저기, 제 이름은……","저기, 제 이름은……"
dom2Ed_Kyo.mes,Script/dom2Ed_Kyo.mes,22,17,Kyo,<이름:3131><이름:3232>、だろ?<6E5C>わかってるって,<이름:3131><이름:3232> 맞지?<6E5C>알고 있다니까,<이름:3131><이름:3232> 맞지?<6E5C>알고 있다니까
dom2Ed_Kyo.mes,Script/dom2Ed_Kyo.mes,23,10,주인공,だったらなんで……,그럼 왜……,그럼 왜……
dom2Ed_Kyo.mes,Script/dom2Ed_Kyo.mes,24,17,UNKNOWN_1e,草薙さーん!<6E5C>準備できましたー!,쿠사나기 씨<6E5C>준비 다 됐어요!,쿠사나기 씨<6E5C>준비 다 됐어요!
dom2Ed_Kyo.mes,Script/dom2Ed_Kyo.mes,25,16,Kyo,おう真吾!<6E5C>さ、<이름:3232>も行くぜ!,"오, 신고!<6E5C><이름:3232>도 가자!","오, 신고!<6E5C><이름:3232>도 가자!"
dom2Ed_Kyo.mes,Script/dom2Ed_Kyo.mes,26,5,주인공,え?え?,어? 어,어? 어
dom2Ed_Kyo.mes,Script/dom2Ed_Kyo.mes,27,40,Kyo,キャンプだよ!<6E5C>免許とったからな、キャンピング<6E5C>カーでパーッと遊びに行こうぜ!,"캠핑이야!<6E5C>면허 땄으니까, 캠핑카<6E5C>타고 신나게 놀러 가자고!","캠핑이야!<6E5C>면허 땄으니까, 캠핑카<6E5C>타고 신나게 놀러 가자고!"
dom2Ed_Kyo.mes,Script/dom2Ed_Kyo.mes,28,23,주인공,免許?いつの間に……<6E5C>おめでとうございます!,면허요? 언제 그새……<6E5C>축하드려요!,면허요? 언제 그새……<6E5C>축하드려요!
dom2Ed_Kyo.mes,Script/dom2Ed_Kyo.mes,29,22,UNKNOWN_60,いえ、草薙さんのためならお安い<6E5C>御用っす!,아뇨 쿠사나기 씨 위해서면<6E5C>이 정도야!,아뇨 쿠사나기 씨 위해서면<6E5C>이 정도야!
dom2Ed_Kyo.mes,Script/dom2Ed_Kyo.mes,30,34,주인공,(とったの真吾さんかよ!<6E5C>ていうか僕と真吾さん、<6E5C>似てねぇーっ!),(딴 사람이 신고였냐<6E5C>근데 나랑 신고<6E5C>하나도 안 닮았잖아!),(딴 사람이 신고였냐<6E5C>근데 나랑 신고<6E5C>하나도 안 닮았잖아!)
dom2Ed_Kyo.mes,Script/dom2Ed_Kyo.mes,31,19,Kyo,ユキも待ってんだ.<6E5C>さ、早いとこ……,유키도 기다리고 있어<6E5C>자 얼른……,유키도 기다리고 있어<6E5C>자 얼른……
dom2Ed_Kyo.mes,Script/dom2Ed_Kyo.mes,32,5,[효과음/내레이션],ゴソゴソ,부스럭,부스럭
dom2Ed_Kyo.mes,Script/dom2Ed_Kyo.mes,33,8,주인공,(まさか……),(설마……),(설마……)
dom2Ed_Kyo.mes,Script/dom2Ed_Kyo.mes,34,22,Kyo,この準備リストにあるもん、<6E5C>買ってこーい!,"이 준비 목록에 있는 거,<6E5C>사 와라!","이 준비 목록에 있는 거,<6E5C>사 와라!"
dom2Ed_Kyo.mes,Script/dom2Ed_Kyo.mes,35,7,주인공,やっぱりー!,역시나―!,역시나―!
dom2Ed_Kyo.mes,Script/dom2Ed_Kyo.mes,36,5,UNKNOWN_60,はーい!,네―!,네―!
dom2Ed_Kyo.mes,Script/dom2Ed_Kyo.mes,37,17,Kyo,今年の夏はこいつで日本一周だー!,올여름은 이걸로 일본일주다―!,올여름은 이걸로 일본일주다―!
dom2Ed_Kyo.mes,Script/dom2Ed_Kyo.mes,38,23,주인공,はは、今年はにぎやかな夏に<6E5C>なりそうだ……!,"하하, 올핸 떠들썩한 여름<6E5C>될 것 같아!","하하, 올핸 떠들썩한 여름<6E5C>될 것 같아!"
dom2Ed_Kyo.mes,Script/dom2Ed_Kyo.mes,39,24,Shizuku,すごい、シナリオをぜんぶ読んで<6E5C>くれたんだね!,"대단해, 시나리오를 전부 읽어<6E5C>줬구나!","대단해, 시나리오를 전부 읽어<6E5C>줬구나!"
dom2Ed_Kyo.mes,Script/dom2Ed_Kyo.mes,40,35,Shizuku,これは私たちからのささやかな<6E5C>プレゼントです.<6E5C>受け取ってください!,이건 저희가 드리는 작은<6E5C>선물이에요.<6E5C>받아주세요!,이건 저희가 드리는 작은<6E5C>선물이에요.<6E5C>받아주세요!
dom2Ed_Kyo.mes,Script/dom2Ed_Kyo.mes,41,12,UNKNOWN_66,おめでとうございます!,축하드려요!,축하드려요!
dom2Ed_Kyo.mes,Script/dom2Ed_Kyo.mes,42,20,UNKNOWN_66,私たちを見つけてくれて、<6E5C>ありがとう!,"저희를 찾아내주셔서,<6E5C>감사합니다!","저희를 찾아내주셔서,<6E5C>감사합니다!"
dom2Ed_Shermie.mes,Script/dom2Ed_Shermie.mes,0,5,[효과음/내레이션],…………,…………,…………
dom2Ed_Shermie.mes,Script/dom2Ed_Shermie.mes,1,5,[효과음/내레이션],…………,…………,…………
dom2Ed_Shermie.mes,Script/dom2Ed_Shermie.mes,2,8,주인공,(……ん……),(……음……),(……음……)
dom2Ed_Shermie.mes,Script/dom2Ed_Shermie.mes,3,5,[효과음/내레이션],…………,…………,…………
dom2Ed_Shermie.mes,Script/dom2Ed_Shermie.mes,4,3,[효과음/내레이션],……,……,……
dom2Ed_Shermie.mes,Script/dom2Ed_Shermie.mes,5,5,주인공,朝か……,아침인가,아침인가
dom2Ed_Shermie.mes,Script/dom2Ed_Shermie.mes,6,34,주인공,(なんだか長い夢を見ていたような<6E5C>気がするけど……思い出せないや),(뭔가 긴 꿈을 꾼 것<6E5C>같은데…… 기억이 안 나네),(뭔가 긴 꿈을 꾼 것<6E5C>같은데…… 기억이 안 나네)
dom2Ed_Shermie.mes,Script/dom2Ed_Shermie.mes,7,5,UNKNOWN_1e,おはよう,좋은아침,좋은아침
dom2Ed_Shermie.mes,Script/dom2Ed_Shermie.mes,8,27,UNKNOWN_47,だいじょうぶ?<6E5C>なんだかうなされていた<6E5C>みたいだけど,괜찮아?<6E5C>뭔가 가위눌린<6E5C>것 같던데,괜찮아?<6E5C>뭔가 가위눌린<6E5C>것 같던데
dom2Ed_Shermie.mes,Script/dom2Ed_Shermie.mes,9,3,주인공,!!,!!,!!
dom2Ed_Shermie.mes,Script/dom2Ed_Shermie.mes,10,7,UNKNOWN_47,どうかした?,무슨 일이야,무슨 일이야
dom2Ed_Shermie.mes,Script/dom2Ed_Shermie.mes,11,25,주인공,……なんで、僕の家にいる!!<6E5C>お前は、お前は……,"……왜 내 집에 있어!!<6E5C>너, 너는……","……왜 내 집에 있어!!<6E5C>너, 너는……"
dom2Ed_Shermie.mes,Script/dom2Ed_Shermie.mes,12,13,주인공,シェルミー……だよな……,셀미…… 맞지……,셀미…… 맞지……
dom2Ed_Shermie.mes,Script/dom2Ed_Shermie.mes,13,19,UNKNOWN_47,ねぼけてるの?<6E5C>朝ごはんできてるわよ,잠이 안 깬 거야?<6E5C>아침 다 됐어,잠이 안 깬 거야?<6E5C>아침 다 됐어
dom2Ed_Shermie.mes,Script/dom2Ed_Shermie.mes,14,7,주인공,あ、ああ……,아…… 아아,아…… 아아
dom2Ed_Shermie.mes,Script/dom2Ed_Shermie.mes,15,16,UNKNOWN_47,私、今日はちょっと遅くなるから,나 오늘 좀 늦을 거야,나 오늘 좀 늦을 거야
dom2Ed_Shermie.mes,Script/dom2Ed_Shermie.mes,16,5,주인공,うん……,응……,응……
dom2Ed_Shermie.mes,Script/dom2Ed_Shermie.mes,17,6,주인공,(あれ?),(어라?),(어라?)
dom2Ed_Shermie.mes,Script/dom2Ed_Shermie.mes,18,37,UNKNOWN_47,<이름:3232>はいいよね、夏休みだから<6E5C>ぼーっとできて……ちょっと、<6E5C>閉いてるの?,"<이름:3232>는 좋겠다, 방학이니<6E5C>편해서…… 근데<6E5C>정신 어디 판 거야?","<이름:3232>는 좋겠다, 방학이니<6E5C>편해서…… 근데<6E5C>정신 어디 판 거야?"
dom2Ed_Shermie.mes,Script/dom2Ed_Shermie.mes,19,31,주인공,シェルミー.<6E5C>僕、ふたり募らしをしていた<6E5C>ような気がするんだ,"셀미.<6E5C>나, 둘이서 살고 있었던<6E5C>것 같은 느낌이 들어","셀미.<6E5C>나, 둘이서 살고 있었던<6E5C>것 같은 느낌이 들어"
dom2Ed_Shermie.mes,Script/dom2Ed_Shermie.mes,20,27,UNKNOWN_47,やあねえ.<6E5C>ずっとふたりで募らしてるじゃない<6E5C>、私と,"무슨 소리야.<6E5C>계속 둘이서 살고 있잖아<6E5C>, 나랑","무슨 소리야.<6E5C>계속 둘이서 살고 있잖아<6E5C>, 나랑"
dom2Ed_Shermie.mes,Script/dom2Ed_Shermie.mes,21,18,주인공,そうだったっけ……?<6E5C>誰か別の……,그랬던가……?<6E5C>누군가 다른……,그랬던가……?<6E5C>누군가 다른……
dom2Ed_Shermie.mes,Script/dom2Ed_Shermie.mes,22,31,UNKNOWN_47,別のぉ!?<6E5C>まさか<이름:3232>、浮気でも<6E5C>したんじゃないでしょうね!,"다른 사람!?<6E5C>설마 <이름:3232>, 바람이라도<6E5C>피운 거 아니야!","다른 사람!?<6E5C>설마 <이름:3232>, 바람이라도<6E5C>피운 거 아니야!"
dom2Ed_Shermie.mes,Script/dom2Ed_Shermie.mes,23,19,주인공,う、うわきぃ!?<6E5C>しないよそんなの!,"바, 바람!?<6E5C>그런 거 안 해!","바, 바람!?<6E5C>그런 거 안 해!"
dom2Ed_Shermie.mes,Script/dom2Ed_Shermie.mes,24,28,주인공,(なんだろう……頭がぼうっとして<6E5C>……うまく動かない),(뭐지…… 머리가 멍해서<6E5C>…… 제대로 안 움직여),(뭐지…… 머리가 멍해서<6E5C>…… 제대로 안 움직여)
dom2Ed_Shermie.mes,Script/dom2Ed_Shermie.mes,25,34,UNKNOWN_47,だったらいいけど.<6E5C>あ、そろそろ打ち合わせの時間.<6E5C>行ってきまーす,"그럼 다행이고.<6E5C>아, 슬슬 미팅 시간이네.<6E5C>다녀올게―","그럼 다행이고.<6E5C>아, 슬슬 미팅 시간이네.<6E5C>다녀올게―"
dom2Ed_Shermie.mes,Script/dom2Ed_Shermie.mes,26,9,주인공,いってらっしゃい,다녀와,다녀와
dom2Ed_Shermie.mes,Script/dom2Ed_Shermie.mes,27,22,주인공,僕も出かけようかな.<6E5C>家にいても仕方ないし,나도 나갈까.<6E5C>집에 있어도 할 게 없고,나도 나갈까.<6E5C>집에 있어도 할 게 없고
dom2Ed_Shermie.mes,Script/dom2Ed_Shermie.mes,28,28,주인공,……そっか、課題は提出<6E5C>したんだっけ.<6E5C>……そうだっけ,"……맞다, 과제는 제출<6E5C>했었나.<6E5C>…… 그랬던가","……맞다, 과제는 제출<6E5C>했었나.<6E5C>…… 그랬던가"
dom2Ed_Shermie.mes,Script/dom2Ed_Shermie.mes,29,3,주인공,……,……,……
dom2Ed_Shermie.mes,Script/dom2Ed_Shermie.mes,30,30,주인공,どうしてこんなとこ来たんだろう.<6E5C>知り合いもいないのに……,왜 이런 데에 왔을까.<6E5C>아는 사람도 없는데……,왜 이런 데에 왔을까.<6E5C>아는 사람도 없는데……
dom2Ed_Shermie.mes,Script/dom2Ed_Shermie.mes,31,21,주인공,なんだろう.<6E5C>人は多いのに……活気がない,뭘까.<6E5C>사람은 많은데…… 활기가 없어,뭘까.<6E5C>사람은 많은데…… 활기가 없어
dom2Ed_Shermie.mes,Script/dom2Ed_Shermie.mes,32,12,[효과음/내레이션],♪カランコロンカラ~ン,♪딸랑딸랑딸랑~,♪딸랑딸랑딸랑~
dom2Ed_Shermie.mes,Script/dom2Ed_Shermie.mes,33,8,UNKNOWN_2c,いらっしゃーい,어서 오세요―,어서 오세요―
dom2Ed_Shermie.mes,Script/dom2Ed_Shermie.mes,34,6,주인공,コーヒーを,커피 줘요,커피 줘요
dom2Ed_Shermie.mes,Script/dom2Ed_Shermie.mes,35,8,UNKNOWN_2c,はい、ただいま,"네, 잠시만요","네, 잠시만요"
dom2Ed_Shermie.mes,Script/dom2Ed_Shermie.mes,36,6,UNKNOWN_2c,……どうぞ,……여기요,……여기요
dom2Ed_Shermie.mes,Script/dom2Ed_Shermie.mes,37,9,[효과음/내레이션],ズッ……ズズ……,후룩…… 후루룩,후룩…… 후루룩
dom2Ed_Shermie.mes,Script/dom2Ed_Shermie.mes,38,17,주인공,まず……なんて苦いコーヒーなんだ,쓰다…… 뭐 이리 쓴 커피야,쓰다…… 뭐 이리 쓴 커피야
dom2Ed_Shermie.mes,Script/dom2Ed_Shermie.mes,39,40,주인공,(なんだろう、何か足りない<6E5C>気がする……頭がぼうっとして、<6E5C>思い出せない……),"(뭘까, 뭔가 부족한<6E5C>느낌이 들어…… 머리가 멍해서<6E5C>기억이 안 나……)","(뭘까, 뭔가 부족한<6E5C>느낌이 들어…… 머리가 멍해서<6E5C>기억이 안 나……)"
dom2Ed_Shermie.mes,Script/dom2Ed_Shermie.mes,40,6,주인공,帰ろう……,그만 가자,그만 가자
dom2Ed_Shermie.mes,Script/dom2Ed_Shermie.mes,41,3,주인공,……,……,……
dom2Ed_Shermie.mes,Script/dom2Ed_Shermie.mes,42,4,[효과음/내레이션],ガチャ,달칵,달칵
dom2Ed_Shermie.mes,Script/dom2Ed_Shermie.mes,43,5,UNKNOWN_47,おかえり,어서 와,어서 와
dom2Ed_Shermie.mes,Script/dom2Ed_Shermie.mes,44,7,주인공,た、ただいま,다 다녀왔어,다 다녀왔어
dom2Ed_Shermie.mes,Script/dom2Ed_Shermie.mes,45,23,UNKNOWN_47,暗い顔ねぇ.<6E5C>夢からまだ覚めてないような感じ,표정 어둡네.<6E5C>아직 꿈속에 있는 것 같아,표정 어둡네.<6E5C>아직 꿈속에 있는 것 같아
dom2Ed_Shermie.mes,Script/dom2Ed_Shermie.mes,46,14,주인공,夢?夢……そうかもしれない,"꿈? 꿈, 그럴지도 몰라","꿈? 꿈, 그럴지도 몰라"
dom2Ed_Shermie.mes,Script/dom2Ed_Shermie.mes,47,8,UNKNOWN_47,なにかあったの,무슨 일이었어,무슨 일이었어
dom2Ed_Shermie.mes,Script/dom2Ed_Shermie.mes,48,24,주인공,何か大切なことを忘れているような<6E5C>気がするんだ,뭔가 소중한 걸 잊은<6E5C>느낌이 들어,뭔가 소중한 걸 잊은<6E5C>느낌이 들어
dom2Ed_Shermie.mes,Script/dom2Ed_Shermie.mes,49,7,UNKNOWN_47,大切なこと?,소중한 거?,소중한 거?
dom2Ed_Shermie.mes,Script/dom2Ed_Shermie.mes,50,30,주인공,僕には、どうしても護りたい何かが<6E5C>あったような気がするんだ,"나에겐, 꼭 지키고 싶은 뭔가가<6E5C>있었던 느낌이 들어","나에겐, 꼭 지키고 싶은 뭔가가<6E5C>있었던 느낌이 들어"
dom2Ed_Shermie.mes,Script/dom2Ed_Shermie.mes,51,23,주인공,思い描いただけで胸の中を熱くする<6E5C>ような……,떠올리면 가슴이<6E5C>뜨거워지는 것 같은……,떠올리면 가슴이<6E5C>뜨거워지는 것 같은……
dom2Ed_Shermie.mes,Script/dom2Ed_Shermie.mes,52,10,주인공,僕の……大切な……,내…… 소중한……,내…… 소중한……
dom2Ed_Shermie.mes,Script/dom2Ed_Shermie.mes,53,5,UNKNOWN_47,ないわよ,없어,없어
dom2Ed_Shermie.mes,Script/dom2Ed_Shermie.mes,54,4,주인공,え……,어……,어……
dom2Ed_Shermie.mes,Script/dom2Ed_Shermie.mes,55,22,UNKNOWN_47,そんなの、はじめからないのよ.<6E5C>いいこと?,"그런 거, 처음부터 없었어.<6E5C>알겠지?","그런 거, 처음부터 없었어.<6E5C>알겠지?"
dom2Ed_Shermie.mes,Script/dom2Ed_Shermie.mes,56,63,UNKNOWN_47,あなたに妹はいない<485C>世話焼きの幼なじみも、<6E5C>心安い友達も、頼りになる先輩も、<6E5C>誰もいないの<485C>はじめからいないの.<6E5C>わかった?,"너한테 여동생은 없어<485C>참견쟁이 소꿉친구도,<6E5C>편한 친구도, 의지할 선배도,<6E5C>아무도 없어<485C>처음부터 없었어.<6E5C>알겠어?","너한테 여동생은 없어<485C>참견쟁이 소꿉친구도,<6E5C>편한 친구도, 의지할 선배도,<6E5C>아무도 없어<485C>처음부터 없었어.<6E5C>알겠어?"
dom2Ed_Shermie.mes,Script/dom2Ed_Shermie.mes,57,11,주인공,……ガ……ガガガ……,"……끄, 끄기긱……","……끄, 끄기긱……"
dom2Ed_Shermie.mes,Script/dom2Ed_Shermie.mes,58,37,UNKNOWN_47,あなたは私だけ見ていればいいの.<6E5C>それ以外、何も存在しない.<6E5C>わかった?,너는 나만 보면 돼.<6E5C>그 외엔 아무것도 존재하지 않아.<6E5C>알겠어?,너는 나만 보면 돼.<6E5C>그 외엔 아무것도 존재하지 않아.<6E5C>알겠어?
dom2Ed_Shermie.mes,Script/dom2Ed_Shermie.mes,59,48,주인공,そうだよね.愛してるよシェルミー<6E5C>.どうでもいいことで悩んでたなぁ<6E5C>今日は.さ、夕食にしようよ,"맞아. 사랑해 셀미<6E5C>. 별것도 아닌 일로 고민했었네<6E5C>오늘은. 자, 저녁 먹자","맞아. 사랑해 셀미<6E5C>. 별것도 아닌 일로 고민했었네<6E5C>오늘은. 자, 저녁 먹자"
dom2Ed_Shermie.mes,Script/dom2Ed_Shermie.mes,60,19,UNKNOWN_47,そうね.<6E5C><이름:3232>、今夜は何が食べたい?,"그러게.<6E5C><이름:3232>, 오늘 뭐 먹을래?","그러게.<6E5C><이름:3232>, 오늘 뭐 먹을래?"
dom2Ed_Shermie.mes,Script/dom2Ed_Shermie.mes,61,15,주인공,なんでもいいよ.ハラペコだ!,아무거나 좋아. 배고파!,아무거나 좋아. 배고파!
dom2Ed_Shermie.mes,Script/dom2Ed_Shermie.mes,62,10,UNKNOWN_47,ふふっ.待っててね,"후훗, 기다려","후훗, 기다려"
dom2Ed_Shermie.mes,Script/dom2Ed_Shermie.mes,63,41,주인공,今日の僕はどうかしてたなぁ.<6E5C>まったく時間を無駄にしたよ.<6E5C>愛してるよシェルミー,오늘의 나는 좀 이상했네.<6E5C>완전히 시간 낭비했어.<6E5C>사랑해 셀미,오늘의 나는 좀 이상했네.<6E5C>완전히 시간 낭비했어.<6E5C>사랑해 셀미
dom2Ed_Shermie.mes,Script/dom2Ed_Shermie.mes,64,43,주인공,悩むことなんて何もない生活だね.<6E5C>おっ、焼き魚の匂いがするぞ.<6E5C>愛してるよシェルミー,"고민할 것 하나 없는 생활이네.<6E5C>오, 생선 굽는 냄새가 나네.<6E5C>사랑해 셀미","고민할 것 하나 없는 생활이네.<6E5C>오, 생선 굽는 냄새가 나네.<6E5C>사랑해 셀미"
dom2Ed_Shermie.mes,Script/dom2Ed_Shermie.mes,65,50,주인공,でもなんだろう、胸が冷たいな.<6E5C>愛してるよシェルミー<485C>さびしくて凍えそうだ.<6E5C>愛してるよシェルミー,"근데 뭘까, 가슴이 차갑네.<6E5C>사랑해 셀미<485C>외로워서 얼어붙을 것 같아.<6E5C>사랑해 셀미","근데 뭘까, 가슴이 차갑네.<6E5C>사랑해 셀미<485C>외로워서 얼어붙을 것 같아.<6E5C>사랑해 셀미"
dom2Ed_Shermie.mes,Script/dom2Ed_Shermie.mes,66,49,주인공,君だけを愛してるよシェルミー愛し<6E5C>てるシェルミー愛してるシェルミー<6E5C>愛してる愛してる愛してる……,너만을 사랑해 셀미 사랑<6E5C>해 셀미 사랑해 셀미<6E5C>사랑해 사랑해 사랑해……,너만을 사랑해 셀미 사랑<6E5C>해 셀미 사랑해 셀미<6E5C>사랑해 사랑해 사랑해……
dom2Ed_Shermie.mes,Script/dom2Ed_Shermie.mes,67,24,Shizuku,すごい、シナリオをぜんぶ読んで<6E5C>くれたんだね!,"대단해, 시나리오를 전부 읽어<6E5C>줬구나!","대단해, 시나리오를 전부 읽어<6E5C>줬구나!"
dom2Ed_Shermie.mes,Script/dom2Ed_Shermie.mes,68,35,Shizuku,これは私たちからのささやかな<6E5C>プレゼントです.<6E5C>受け取ってください!,이건 저희가 드리는 작은<6E5C>선물이에요.<6E5C>받아주세요!,이건 저희가 드리는 작은<6E5C>선물이에요.<6E5C>받아주세요!
dom2Ed_Shermie.mes,Script/dom2Ed_Shermie.mes,69,12,UNKNOWN_66,おめでとうございます!,축하드려요!,축하드려요!
dom2Ed_Shermie.mes,Script/dom2Ed_Shermie.mes,70,20,UNKNOWN_66,私たちを見つけてくれて、<6E5C>ありがとう!,"저희를 찾아내주셔서,<6E5C>감사합니다!","저희를 찾아내주셔서,<6E5C>감사합니다!"
dom2Ed_Vice.mes,Script/dom2Ed_Vice.mes,0,16,주인공,バイスさん……どうしてここに?,"바이스 씨, 어째서 여기에?","바이스 씨, 어째서 여기에?"
dom2Ed_Vice.mes,Script/dom2Ed_Vice.mes,1,12,UNKNOWN_42,フッ.わからないのか?,훗. 모르겠나?,훗. 모르겠나?
dom2Ed_Vice.mes,Script/dom2Ed_Vice.mes,2,38,UNKNOWN_42,お前をなぐさめてやるためさ.<6E5C>……ずっと見ていたぞ.<6E5C>お前はよくがんばった,위로해주는 거지.<6E5C>…… 계속 지켜보고 있었다.<6E5C>넌 정말 잘 해냈어,위로해주는 거지.<6E5C>…… 계속 지켜보고 있었다.<6E5C>넌 정말 잘 해냈어
dom2Ed_Vice.mes,Script/dom2Ed_Vice.mes,3,8,주인공,バイスさん……,바이스 씨……,바이스 씨……
dom2Ed_Vice.mes,Script/dom2Ed_Vice.mes,4,19,UNKNOWN_42,ま、その想いは届かなかった<6E5C>わけだが,그 마음 전해지진<6E5C>못했지만 말이야,그 마음 전해지진<6E5C>못했지만 말이야
dom2Ed_Vice.mes,Script/dom2Ed_Vice.mes,5,8,주인공,ひ、ひどい……,너무해요……,너무해요……
dom2Ed_Vice.mes,Script/dom2Ed_Vice.mes,6,25,UNKNOWN_42,傷心ついでに、どうだ.<6E5C>私と付き合ってみないか?,상심한 김에 어때.<6E5C>나랑 사귀어보지 않을래?,상심한 김에 어때.<6E5C>나랑 사귀어보지 않을래?
dom2Ed_Vice.mes,Script/dom2Ed_Vice.mes,7,7,주인공,………………,………………,………………
dom2Ed_Vice.mes,Script/dom2Ed_Vice.mes,8,5,주인공,…………,…………,…………
dom2Ed_Vice.mes,Script/dom2Ed_Vice.mes,9,3,주인공,……,……,……
dom2Ed_Vice.mes,Script/dom2Ed_Vice.mes,10,15,주인공,ぼ、僕がバイスさんとですか?,"저, 제가 바이스 씨랑요?","저, 제가 바이스 씨랑요?"
dom2Ed_Vice.mes,Script/dom2Ed_Vice.mes,11,10,UNKNOWN_42,嫌だってのかい!?,싫다는 거야!?,싫다는 거야!?
dom2Ed_Vice.mes,Script/dom2Ed_Vice.mes,12,12,주인공,いえ!滅相もないです!,아뇨! 당치도 않아요,아뇨! 당치도 않아요
dom2Ed_Vice.mes,Script/dom2Ed_Vice.mes,13,36,UNKNOWN_42,びびってんじゃないよ!<6E5C>人がせっかく愛の告白を<6E5C>してやったのにさぁ!!,쫄지 좀 마!<6E5C>사람이 모처럼 사랑 고백을<6E5C>해줬는데 말이야!!,쫄지 좀 마!<6E5C>사람이 모처럼 사랑 고백을<6E5C>해줬는데 말이야!!
dom2Ed_Vice.mes,Script/dom2Ed_Vice.mes,14,11,주인공,はいっ!すいません!,네! 죄송합니다!,네! 죄송합니다!
dom2Ed_Vice.mes,Script/dom2Ed_Vice.mes,15,34,UNKNOWN_42,ふふ……ほんとに可愛いやつ<6E5C>だよお前は.<6E5C>情けないところが特に、ね,후후…… 정말 귀여운 녀석<6E5C>이야.<6E5C>한심한 부분이 특히 말이지,후후…… 정말 귀여운 녀석<6E5C>이야.<6E5C>한심한 부분이 특히 말이지
dom2Ed_Vice.mes,Script/dom2Ed_Vice.mes,16,19,주인공,(誉められている気がしないな……<6E5C>),(칭찬받는 느낌 참 안 드는데<6E5C>),(칭찬받는 느낌 참 안 드는데<6E5C>)
dom2Ed_Vice.mes,Script/dom2Ed_Vice.mes,17,19,UNKNOWN_42,ほら、グラスを持ちな.<6E5C>……乾杯、だ,"자, 잔 들어.<6E5C>…… 건배, 하자","자, 잔 들어.<6E5C>…… 건배, 하자"
dom2Ed_Vice.mes,Script/dom2Ed_Vice.mes,18,9,[효과음/내레이션],……それから……,……그리고……,……그리고……
dom2Ed_Vice.mes,Script/dom2Ed_Vice.mes,19,9,주인공,ハア……ハア……,"하아, 하아……","하아, 하아……"
dom2Ed_Vice.mes,Script/dom2Ed_Vice.mes,20,19,UNKNOWN_42,そう.<6E5C>もっと早く……いい感じだ……,그래.<6E5C>더 빨리…… 좋은 느낌이야,그래.<6E5C>더 빨리…… 좋은 느낌이야
dom2Ed_Vice.mes,Script/dom2Ed_Vice.mes,21,17,주인공,も……もうダメです.限界です……,이제 못하겠어요. 한계예요……,이제 못하겠어요. 한계예요……
dom2Ed_Vice.mes,Script/dom2Ed_Vice.mes,22,27,UNKNOWN_42,我慢だ、我慢.ホラ、もっと力強く<6E5C>、リズミカルに……,"참아, 참아. 자 더 힘차게<6E5C>, 리드미컬하게……","참아, 참아. 자 더 힘차게<6E5C>, 리드미컬하게……"
dom2Ed_Vice.mes,Script/dom2Ed_Vice.mes,23,14,주인공,……バ……バイスさんっ!!,"……바, 바이스 씨!!","……바, 바이스 씨!!"
dom2Ed_Vice.mes,Script/dom2Ed_Vice.mes,24,32,주인공,も、もう休ませて……1時間以上も<6E5C>ぶっつづけで漕いでるのに……,이제 좀 쉬게 해줘요……<6E5C>한 시간 넘게 젓고 있는데……,이제 좀 쉬게 해줘요……<6E5C>한 시간 넘게 젓고 있는데……
dom2Ed_Vice.mes,Script/dom2Ed_Vice.mes,25,26,UNKNOWN_42,じゃ、こっちもラスト1セット!<6E5C>ハハ、楽しいねぇ!,"그럼, 이쪽도 마지막 1세트!<6E5C>하하, 재밌네!","그럼, 이쪽도 마지막 1세트!<6E5C>하하, 재밌네!"
dom2Ed_Vice.mes,Script/dom2Ed_Vice.mes,26,25,주인공,バイスさん、ベンチプレス何時間<6E5C>やってんだろ……,"바이스 씨, 벤치프레스<6E5C>몇 시간째야……","바이스 씨, 벤치프레스<6E5C>몇 시간째야……"
dom2Ed_Vice.mes,Script/dom2Ed_Vice.mes,27,37,UNKNOWN_42,これが終わったら、<6E5C>町じゅう洋本巡りだよ.<6E5C>探してるアメコミもあるんでね,"이거 끝나면,<6E5C>동네 서점 순례다.<6E5C>찾는 미국 만화도 있어서 말이지","이거 끝나면,<6E5C>동네 서점 순례다.<6E5C>찾는 미국 만화도 있어서 말이지"
dom2Ed_Vice.mes,Script/dom2Ed_Vice.mes,28,10,주인공,ううう.タフだ……,으으…… 터프하네,으으…… 터프하네
dom2Ed_Vice.mes,Script/dom2Ed_Vice.mes,29,41,UNKNOWN_42,とにかく体を動かして汗を流しな.<6E5C>嫌な思い出も……いっしょに流れて<6E5C>くれるからさ,일단 몸을 움직여서 땀을 흘려.<6E5C>싫은 기억도…… 같이 흘러가<6E5C>줄 테니까,일단 몸을 움직여서 땀을 흘려.<6E5C>싫은 기억도…… 같이 흘러가<6E5C>줄 테니까
dom2Ed_Vice.mes,Script/dom2Ed_Vice.mes,30,9,주인공,……バイスさん!,……바이스 씨!,……바이스 씨!
dom2Ed_Vice.mes,Script/dom2Ed_Vice.mes,31,21,UNKNOWN_42,ほら、お前ももうちょっと<6E5C>漕いでいきな!,"자, 너도 좀 더<6E5C>저어봐!","자, 너도 좀 더<6E5C>저어봐!"
dom2Ed_Vice.mes,Script/dom2Ed_Vice.mes,32,9,주인공,た……助けてー!,도와줘―!,도와줘―!
dom2Ed_Vice.mes,Script/dom2Ed_Vice.mes,33,24,Shizuku,すごい、シナリオをぜんぶ読んで<6E5C>くれたんだね!,"대단해, 시나리오를 전부 읽어<6E5C>줬구나!","대단해, 시나리오를 전부 읽어<6E5C>줬구나!"
dom2Ed_Vice.mes,Script/dom2Ed_Vice.mes,34,35,Shizuku,これは私たちからのささやかな<6E5C>プレゼントです.<6E5C>受け取ってください!,이건 저희가 드리는 작은<6E5C>선물이에요.<6E5C>받아주세요!,이건 저희가 드리는 작은<6E5C>선물이에요.<6E5C>받아주세요!
dom2Ed_Vice.mes,Script/dom2Ed_Vice.mes,35,12,UNKNOWN_66,おめでとうございます!,축하드려요!,축하드려요!
dom2Ed_Vice.mes,Script/dom2Ed_Vice.mes,36,20,UNKNOWN_66,私たちを見つけてくれて、<6E5C>ありがとう!,"저희를 찾아내주셔서,<6E5C>감사합니다!","저희를 찾아내주셔서,<6E5C>감사합니다!"
dom2HZR_Apart.mes,Script/dom2HZR_Apart.mes,0,11,주인공,テレビでも見ようかな,TV나 볼까,TV나 볼까
dom2HZR_Apart.mes,Script/dom2HZR_Apart.mes,1,5,UNKNOWN_1e,キュゥ!,꾸엥!,꾸엥!
dom2HZR_Apart.mes,Script/dom2HZR_Apart.mes,2,19,주인공,なんだよ、イトカツ.<6E5C>リモコン返せよ,"뭐야, 이토카츠.<6E5C>리모컨 돌려줘","뭐야, 이토카츠.<6E5C>리모컨 돌려줘"
dom2HZR_Apart.mes,Script/dom2HZR_Apart.mes,3,6,UNKNOWN_3e,キュゥッ!,꾸엥!,꾸엥!
dom2HZR_Apart.mes,Script/dom2HZR_Apart.mes,4,9,주인공,あ、コラ、待て!,"야, 기다려!","야, 기다려!"
dom2HZR_Apart.mes,Script/dom2HZR_Apart.mes,5,39,주인공,……くそ、こいつ、ぜんぜん僕のこ<6E5C>とを飼い主だと認めてないな.<6E5C>にくたらしい,"……젠장, 이 녀석, 전혀 나를<6E5C>주인으로 인정 안 하네.<6E5C>얄밉게","……젠장, 이 녀석, 전혀 나를<6E5C>주인으로 인정 안 하네.<6E5C>얄밉게"
dom2HZR_Apart.mes,Script/dom2HZR_Apart.mes,6,13,주인공,(誰も帰ってないな……),(아무도 없나 봐……),(아무도 없나 봐……)
dom2HZR_Apart.mes,Script/dom2HZR_Apart.mes,7,13,주인공,もう少し街を探してみよう,거리 좀 더 돌아다닐까,거리 좀 더 돌아다닐까
dom2HZR_Downtown.mes,Script/dom2HZR_Downtown.mes,0,15,주인공,ゆっくり買い物でもしようかな,느긋하게 쇼핑이나 할까,느긋하게 쇼핑이나 할까
dom2HZR_Downtown.mes,Script/dom2HZR_Downtown.mes,1,20,주인공,麻宮アテナ、<6E5C>ニューアルバム8月発売か,"아사미야 아테나,<6E5C>새 앨범 8월인가","아사미야 아테나,<6E5C>새 앨범 8월인가"
dom2HZR_Downtown.mes,Script/dom2HZR_Downtown.mes,2,15,주인공,お、あの服ほたるに似合うかも,"저 옷, 호타루 어울리겠네","저 옷, 호타루 어울리겠네"
dom2HZR_Downtown.mes,Script/dom2HZR_Downtown.mes,3,18,주인공,新しい雑貨入ってるかな?<6E5C>どれどれ,새 잡화 들어왔으려나<6E5C>어디 보자,새 잡화 들어왔으려나<6E5C>어디 보자
dom2HZR_Downtown.mes,Script/dom2HZR_Downtown.mes,4,22,주인공,……僕、けっこうブラブラするの<6E5C>得意だよな,"나, 은근 빈둥거리는 거<6E5C>잘하는 편이지","나, 은근 빈둥거리는 거<6E5C>잘하는 편이지"
dom2HZR_Downtown.mes,Script/dom2HZR_Downtown.mes,5,16,주인공,(特に手がかりはなし、か……),(딱히 단서는 없나……),(딱히 단서는 없나……)
dom2HZR_Downtown.mes,Script/dom2HZR_Downtown.mes,6,28,주인공,なんだか町全体の風景がよどんで<6E5C>見える……気のせいかな,왠지 거리 전체 풍경이 탁해<6E5C>보여…… 기분 탓인가,왠지 거리 전체 풍경이 탁해<6E5C>보여…… 기분 탓인가
dom2HZR_Illusion.mes,Script/dom2HZR_Illusion.mes,0,12,[효과음/내레이션],♪カランコロンカラ~ン,♪딸랑딸랑딸랑~,♪딸랑딸랑딸랑~
dom2HZR_Illusion.mes,Script/dom2HZR_Illusion.mes,1,10,UNKNOWN_0x2c,いらっしゃいませ~,어서 오세요―,어서 오세요―
dom2HZR_Illusion.mes,Script/dom2HZR_Illusion.mes,2,22,주인공,あ、双子のウエイトレスさん.<6E5C>え~っと……,"아, 쌍둥이 웨이트리스.<6E5C>어~ 그게……","아, 쌍둥이 웨이트리스.<6E5C>어~ 그게……"
dom2HZR_Illusion.mes,Script/dom2HZR_Illusion.mes,3,19,UNKNOWN_2c,サリーよ.<6E5C>今、お水を持ってくるわね,샐리야.<6E5C>지금 물 갖다 줄게,샐리야.<6E5C>지금 물 갖다 줄게
dom2HZR_Illusion.mes,Script/dom2HZR_Illusion.mes,4,19,주인공,どうも.<6E5C>今日も学生でいっぱいだなぁ,고마워.<6E5C>오늘도 학생들로 가득하네,고마워.<6E5C>오늘도 학생들로 가득하네
dom2HZR_Illusion.mes,Script/dom2HZR_Illusion.mes,5,8,UNKNOWN_2c,はい、おまたせ,"네, 기다렸지","네, 기다렸지"
dom2HZR_Illusion.mes,Script/dom2HZR_Illusion.mes,6,17,주인공,ありがとうございます、サリーさん,"감사합니다, 샐리 씨","감사합니다, 샐리 씨"
dom2HZR_Illusion.mes,Script/dom2HZR_Illusion.mes,7,13,UNKNOWN_2c,失礼ね.私はエリザベスよ,"실례네, 나 엘리자베스","실례네, 나 엘리자베스"
dom2HZR_Illusion.mes,Script/dom2HZR_Illusion.mes,8,14,주인공,えぇ?や……ややこしい……,네? 아…… 헷갈리네……,네? 아…… 헷갈리네……
dom2HZR_Illusion.mes,Script/dom2HZR_Illusion.mes,9,16,주인공,(特に手がかりはなし、か……),(딱히 단서는 없나……),(딱히 단서는 없나……)
dom2HZR_Illusion.mes,Script/dom2HZR_Illusion.mes,10,28,주인공,なんだか町全体の風景がよどんで<6E5C>見える……気のせいかな,왠지 거리 전체 풍경이 탁해<6E5C>보여…… 기분 탓인가,왠지 거리 전체 풍경이 탁해<6E5C>보여…… 기분 탓인가
dom2HZR_Kagura.mes,Script/dom2HZR_Kagura.mes,0,31,주인공,何かお願いごとでもしてこようかな<6E5C>.賽銭は10円くらいで……,뭔가 소원이나 빌어볼까<6E5C>. 새전은 10엔 정도로……,뭔가 소원이나 빌어볼까<6E5C>. 새전은 10엔 정도로……
dom2HZR_Kagura.mes,Script/dom2HZR_Kagura.mes,1,8,[효과음/내레이션],チチッ<020A>チチチ,찍<020A>찍찍,찍<020A>찍찍
dom2HZR_Kagura.mes,Script/dom2HZR_Kagura.mes,2,27,주인공,ん?この鳥は……ちづる先輩の<6E5C>飼ってる、チーちゃん?,"응? 이 새는…… 치즈루 선배가<6E5C>기르는, 치짱?","응? 이 새는…… 치즈루 선배가<6E5C>기르는, 치짱?"
dom2HZR_Kagura.mes,Script/dom2HZR_Kagura.mes,3,5,[효과음/내레이션],チチッ!,찍!,찍!
dom2HZR_Kagura.mes,Script/dom2HZR_Kagura.mes,4,20,주인공,ああっ!<6E5C>僕のサイフから500円玉を!,아앗!<6E5C>내 지갑에서 500엔짜리를!,아앗!<6E5C>내 지갑에서 500엔짜리를!
dom2HZR_Kagura.mes,Script/dom2HZR_Kagura.mes,5,5,[효과음/내레이션],ゴトンッ,덜그럭,덜그럭
dom2HZR_Kagura.mes,Script/dom2HZR_Kagura.mes,6,23,주인공,賽銭箱に入れちゃった……<6E5C>なんてかしこい鳥だ,새전함에 넣어버렸어……<6E5C>정말 영리한 새네,새전함에 넣어버렸어……<6E5C>정말 영리한 새네
dom2HZR_Kagura.mes,Script/dom2HZR_Kagura.mes,7,16,주인공,(特に手がかりはなし、か……),(딱히 단서는 없나……),(딱히 단서는 없나……)
dom2HZR_Kagura.mes,Script/dom2HZR_Kagura.mes,8,28,주인공,なんだか町全体の風景がよどんで<6E5C>見える……気のせいかな,왠지 거리 전체 풍경이 탁해<6E5C>보여…… 기분 탓인가,왠지 거리 전체 풍경이 탁해<6E5C>보여…… 기분 탓인가
dom2HZR_NESTS.mes,Script/dom2HZR_NESTS.mes,0,48,주인공,今日はゆったりしたイベントみたい<6E5C>だな.八神先輩がいるかと思って<6E5C>ドキドキしてたけど、安心した,"오늘은 느긋한 이벤트인가<6E5C>보네. 야가미 선배 있을까 봐<6E5C>두근거렸는데, 안심했다","오늘은 느긋한 이벤트인가<6E5C>보네. 야가미 선배 있을까 봐<6E5C>두근거렸는데, 안심했다"
dom2HZR_NESTS.mes,Script/dom2HZR_NESTS.mes,1,23,UNKNOWN_1e,俺がいると何か問題があるのか?<6E5C><이름:3131><이름:3232>……,내가 있으면 문제라도<6E5C>있나? <이름:3131><이름:3232>……,내가 있으면 문제라도<6E5C>있나? <이름:3131><이름:3232>……
dom2HZR_NESTS.mes,Script/dom2HZR_NESTS.mes,2,11,주인공,うわーっ!八神先輩!,우왓! 야가미 선배,우왓! 야가미 선배
dom2HZR_NESTS.mes,Script/dom2HZR_NESTS.mes,3,28,Iori,何を騒いでいる.こんなところで<6E5C>騒ぐと周りに迷惑だろう,뭘 그리 떠드는 거냐.<6E5C>여기서 떠들면 민폐잖나,뭘 그리 떠드는 거냐.<6E5C>여기서 떠들면 민폐잖나
dom2HZR_NESTS.mes,Script/dom2HZR_NESTS.mes,4,21,Iori,おとなしく見ることもできんのか、<6E5C>貴様は,"얌전히 보지도 못하는 거냐,<6E5C>네놈은","얌전히 보지도 못하는 거냐,<6E5C>네놈은"
dom2HZR_NESTS.mes,Script/dom2HZR_NESTS.mes,5,21,주인공,(……八神先輩には、<6E5C>言われたくないな),(야가미 선배가 할 소리는<6E5C>아니지),(야가미 선배가 할 소리는<6E5C>아니지)
dom2HZR_NESTS.mes,Script/dom2HZR_NESTS.mes,6,16,주인공,(特に手がかりはなし、か……),(딱히 단서는 없나……),(딱히 단서는 없나……)
dom2HZR_NESTS.mes,Script/dom2HZR_NESTS.mes,7,28,주인공,なんだか町全体の風景がよどんで<6E5C>見える……気のせいかな,왠지 거리 전체 풍경이 탁해<6E5C>보여…… 기분 탓인가,왠지 거리 전체 풍경이 탁해<6E5C>보여…… 기분 탓인가
dom2HZR_NeogeoWorld.mes,Script/dom2HZR_NeogeoWorld.mes,0,13,주인공,催し物でもしてないかなぁ,무슨 행사라도 없으려나,무슨 행사라도 없으려나
dom2HZR_NeogeoWorld.mes,Script/dom2HZR_NeogeoWorld.mes,1,26,주인공,なになに.グリフォンマスクの<6E5C>ちびっこ握手会……か,"뭐지 뭐지. 그리폰 마스크<6E5C>꼬마 악수회, 인가","뭐지 뭐지. 그리폰 마스크<6E5C>꼬마 악수회, 인가"
dom2HZR_NeogeoWorld.mes,Script/dom2HZR_NeogeoWorld.mes,2,27,주인공,ひとりで入るところでもないしなぁ<6E5C>.ま、今度にしよう,"혼자 들어갈 데는 아니지<6E5C>. 뭐, 다음에 하자","혼자 들어갈 데는 아니지<6E5C>. 뭐, 다음에 하자"
dom2HZR_NeogeoWorld.mes,Script/dom2HZR_NeogeoWorld.mes,3,16,주인공,(特に手がかりはなし、か……),(딱히 단서는 없나……),(딱히 단서는 없나……)
dom2HZR_NeogeoWorld.mes,Script/dom2HZR_NeogeoWorld.mes,4,28,주인공,なんだか町全体の風景がよどんで<6E5C>見える……気のせいかな,왠지 거리 전체 풍경이 탁해<6E5C>보여…… 기분 탓인가,왠지 거리 전체 풍경이 탁해<6E5C>보여…… 기분 탓인가
dom2HZR_School.mes,Script/dom2HZR_School.mes,0,17,주인공,忘れ物はないかな.確認しとこっと,빠뜨린 거 없나. 확인해두자,빠뜨린 거 없나. 확인해두자
dom2HZR_School.mes,Script/dom2HZR_School.mes,1,26,UNKNOWN_1e,こらっ、そこの生徒!<6E5C>トイレで煙草を吸っていたな!,"이놈, 거기 학생!<6E5C>화장실에서 담배 피웠지!","이놈, 거기 학생!<6E5C>화장실에서 담배 피웠지!"
dom2HZR_School.mes,Script/dom2HZR_School.mes,2,8,주인공,ん、あれは……,"응, 저건……","응, 저건……"
dom2HZR_School.mes,Script/dom2HZR_School.mes,3,11,UNKNOWN_1e,アタタタタターッ!!,아타타타타탓!!,아타타타타탓!!
dom2HZR_School.mes,Script/dom2HZR_School.mes,4,16,주인공,懐かしいなぁ、先生の鳳凰脚……,"그립네, 선생님의 봉황각……","그립네, 선생님의 봉황각……"
dom2HZR_School.mes,Script/dom2HZR_School.mes,5,8,주인공,(早く帰ろう),(얼른 가자),(얼른 가자)
dom2HZR_School.mes,Script/dom2HZR_School.mes,6,16,주인공,(特に手がかりはなし、か……),(딱히 단서는 없나……),(딱히 단서는 없나……)
dom2HZR_School.mes,Script/dom2HZR_School.mes,7,28,주인공,なんだか町全体の風景がよどんで<6E5C>見える……気のせいかな,왠지 거리 전체 풍경이 탁해<6E5C>보여…… 기분 탓인가,왠지 거리 전체 풍경이 탁해<6E5C>보여…… 기분 탓인가
dom2HZR_University.mes,Script/dom2HZR_University.mes,0,2,주인공,あ,아,아
dom2HZR_University.mes,Script/dom2HZR_University.mes,1,22,UNKNOWN_42,何が『あ』だ.<6E5C>人の顔を見て、失礼な奴だな,뭐가 '아'냐.<6E5C>사람 보고 무례하네,뭐가 '아'냐.<6E5C>사람 보고 무례하네
dom2HZR_University.mes,Script/dom2HZR_University.mes,2,25,주인공,いえいえ.ハトが空をですね.<6E5C>飛んでいたんですよ,아뇨. 비둘기가 하늘을요.<6E5C>날고 있었거든요,아뇨. 비둘기가 하늘을요.<6E5C>날고 있었거든요
dom2HZR_University.mes,Script/dom2HZR_University.mes,3,14,UNKNOWN_42,鳥だから空くらい飛ぶだろう,새니까 하늘 정돈 날겠지,새니까 하늘 정돈 날겠지
dom2HZR_University.mes,Script/dom2HZR_University.mes,4,15,주인공,ハハ、いやあ、平和だなーって,"하하, 뭐 평화롭다 싶어서","하하, 뭐 평화롭다 싶어서"
dom2HZR_University.mes,Script/dom2HZR_University.mes,5,22,UNKNOWN_42,フン.人を和ませるのが上手だな、<6E5C>おまえは,흥. 남 마음 풀어주는 거<6E5C>잘하는군 넌,흥. 남 마음 풀어주는 거<6E5C>잘하는군 넌
dom2HZR_University.mes,Script/dom2HZR_University.mes,6,16,주인공,(特に手がかりはなし、か……),(딱히 단서는 없나……),(딱히 단서는 없나……)
dom2HZR_University.mes,Script/dom2HZR_University.mes,7,28,주인공,なんだか町全体の風景がよどんで<6E5C>見える……気のせいかな,왠지 거리 전체 풍경이 탁해<6E5C>보여…… 기분 탓인가,왠지 거리 전체 풍경이 탁해<6E5C>보여…… 기분 탓인가
dom2MEZ01.mes,Script/dom2MEZ01.mes,0,6,[효과음/내레이션],バキィィィ,퍼억,퍼억
dom2MEZ01.mes,Script/dom2MEZ01.mes,1,4,주인공,わわっ,우왓,우왓
dom2MEZ01.mes,Script/dom2MEZ01.mes,2,13,Kyo,決着をつけようぜ、八神!,"결판을 내자, 야가미!","결판을 내자, 야가미!"
dom2MEZ01.mes,Script/dom2MEZ01.mes,3,14,Iori,貴様の退職処分をもってな!,네놈 퇴직 처분으로!,네놈 퇴직 처분으로!
dom2MEZ01.mes,Script/dom2MEZ01.mes,4,7,[효과음/내레이션],ドカァァァン,콰과광,콰과광
dom2MEZ01.mes,Script/dom2MEZ01.mes,5,19,주인공,ま、また争ってるのか<6E5C>この人たち……,"또, 싸우고 있는 거야<6E5C>이 사람들","또, 싸우고 있는 거야<6E5C>이 사람들"
dom2MEZ01.mes,Script/dom2MEZ01.mes,6,10,Kisarah,朝から元気だよねー,아침부터 활기차네,아침부터 활기차네
dom2MEZ01.mes,Script/dom2MEZ01.mes,7,10,주인공,あ、おはようキサラ,"아, 좋은 아침","아, 좋은 아침"
dom2MEZ01.mes,Script/dom2MEZ01.mes,8,21,Kisarah,ボク、いいかげん慣れてきちゃった<6E5C>よコレ,"나, 이제 슬슬 익숙해져<6E5C>버렸어 이거","나, 이제 슬슬 익숙해져<6E5C>버렸어 이거"
dom2MEZ01.mes,Script/dom2MEZ01.mes,9,39,Iori,この落第教師が!<6E5C>見ろ、貴様のクラスはみるみる<6E5C>成績が落ちているではないか!,"이 낙제 교사가!<6E5C>봐라, 네놈 반 성적이<6E5C>순식간에 떨어지고 있잖나!","이 낙제 교사가!<6E5C>봐라, 네놈 반 성적이<6E5C>순식간에 떨어지고 있잖나!"
dom2MEZ01.mes,Script/dom2MEZ01.mes,10,25,Kyo,登校中の生徒が見てる前で<6E5C>言いがかりつけんなって,등교하는 학생들 앞에서<6E5C>트집 잡지 말라고,등교하는 학생들 앞에서<6E5C>트집 잡지 말라고
dom2MEZ01.mes,Script/dom2MEZ01.mes,11,30,Kyo,ウチの奴らはなぁ、お前んとこの<6E5C>生徒よりよっぽど頭いいぜ!,"우리 애들이, 네놈네<6E5C>학생들보다 훨씬 머리 좋다고!","우리 애들이, 네놈네<6E5C>학생들보다 훨씬 머리 좋다고!"
dom2MEZ01.mes,Script/dom2MEZ01.mes,12,6,[효과음/내레이션],バキィィィ,퍼억,퍼억
dom2MEZ01.mes,Script/dom2MEZ01.mes,13,7,주인공,やめてーっ!,그만하라고!,그만하라고!
dom2MEZ01.mes,Script/dom2MEZ01.mes,14,45,Iori,ならば思い知るがいい!<6E5C>終業式が終わった後、受験生用に<6E5C>16日の実力テストがあるだろう!,"그럼 뼈저리게 느껴봐라!<6E5C>종업식 후, 수험생용으로<6E5C>16일 실력고사가 있잖나!","그럼 뼈저리게 느껴봐라!<6E5C>종업식 후, 수험생용으로<6E5C>16일 실력고사가 있잖나!"
dom2MEZ01.mes,Script/dom2MEZ01.mes,15,27,Iori,貴様のクラスと俺のクラス、<6E5C>総合点数でケリをつける!,"네놈 반과 내 반,<6E5C>총점으로 승부를 가른다!","네놈 반과 내 반,<6E5C>총점으로 승부를 가른다!"
dom2MEZ01.mes,Script/dom2MEZ01.mes,16,21,Kyo,よーし、望むところだ!<6E5C>キサラ、頼むぞ!,"좋아, 바라던 바다!<6E5C>키사라, 부탁해","좋아, 바라던 바다!<6E5C>키사라, 부탁해"
dom2MEZ01.mes,Script/dom2MEZ01.mes,17,26,Kisarah,フフ、生徒会長のボクがいるんだ、<6E5C>負けっこないネ!,"후후, 학생회장인 내가 있어,<6E5C>질 리 없잖아!","후후, 학생회장인 내가 있어,<6E5C>질 리 없잖아!"
dom2MEZ01.mes,Script/dom2MEZ01.mes,18,13,Iori,おい、委員長!言い返せ!,"야, 반장! 말대꾸해!","야, 반장! 말대꾸해!"
dom2MEZ01.mes,Script/dom2MEZ01.mes,19,33,UNKNOWN_bd,真剣勝負って素晴らしい<6E5C>ですわぁ~.<6E5C>お手柔らかにお願いします~,진검승부라니 근사하네요~.<6E5C>살살 부탁드릴게요~,진검승부라니 근사하네요~.<6E5C>살살 부탁드릴게요~
dom2MEZ01.mes,Script/dom2MEZ01.mes,20,12,주인공,本気かよこの人たち……,이 사람들 진심이야…,이 사람들 진심이야…
dom2MEZ02.mes,Script/dom2MEZ02.mes,0,16,UNKNOWN_1e,何ちんたら歩いてんだよ、<이름:3232>!,"뭘 꾸물대는 거야, <이름:3232>!","뭘 꾸물대는 거야, <이름:3232>!"
dom2MEZ02.mes,Script/dom2MEZ02.mes,1,6,[효과음/내레이션],バシーン!,찰싹!,찰싹!
dom2MEZ02.mes,Script/dom2MEZ02.mes,2,6,주인공,いってー!,아파!,아파!
dom2MEZ02.mes,Script/dom2MEZ02.mes,3,25,주인공,だから僕は<이름:3131><이름:3232><6E5C>ですって……あれ?合ってるな,"그러니까 전<이름:3131><이름:3232><6E5C>라니까요…… 어라, 맞네","그러니까 전<이름:3131><이름:3232><6E5C>라니까요…… 어라, 맞네"
dom2MEZ02.mes,Script/dom2MEZ02.mes,4,30,Kyo,なんだよ変な顔して.<6E5C>いいとこに連れてってやるぜ.<6E5C>来いよ,왜 그런 표정이야.<6E5C>좋은 데 데려가 줄게.<6E5C>따라와,왜 그런 표정이야.<6E5C>좋은 데 데려가 줄게.<6E5C>따라와
dom2MEZ02.mes,Script/dom2MEZ02.mes,5,12,주인공,えぇ?そんな強引な……,네? 그렇게 억지로…,네? 그렇게 억지로…
dom2MEZ02.mes,Script/dom2MEZ02.mes,6,7,[효과음/내레이션],ざわざわ……,웅성웅성……,웅성웅성……
dom2MEZ02.mes,Script/dom2MEZ02.mes,7,12,Kyo,おまえら、よーく閉けよ,"너희들, 잘 들어","너희들, 잘 들어"
dom2MEZ02.mes,Script/dom2MEZ02.mes,8,42,Kyo,16日のテストが、八神のB組との<6E5C>点数対決になってるってこと、<6E5C>もう閉いてるよな?,"16일 시험이 야가미네 B반과<6E5C>점수 대결이 됐다는 거,<6E5C>이미 들었지?","16일 시험이 야가미네 B반과<6E5C>점수 대결이 됐다는 거,<6E5C>이미 들었지?"
dom2MEZ02.mes,Script/dom2MEZ02.mes,9,33,Kyo,それでだ、かわいい教え子のために<6E5C>俺が強力な助っ人を呼んでやった,"그래서 말이지, 제자들 위해<6E5C>내가 든든한 지원군을 불렀다","그래서 말이지, 제자들 위해<6E5C>내가 든든한 지원군을 불렀다"
dom2MEZ02.mes,Script/dom2MEZ02.mes,10,35,Kyo,期待の新星、<이름:3131><이름:3232>先生だ.<6E5C>みんな、しっかり教えてもらう<6E5C>ように!,"기대의 신인, <이름:3131><이름:3232> 선생님이다.<6E5C>다들, 제대로 배우도록!","기대의 신인, <이름:3131><이름:3232> 선생님이다.<6E5C>다들, 제대로 배우도록!"
dom2MEZ02.mes,Script/dom2MEZ02.mes,11,10,Kisarah,え……<이름:3232>クンが?,어…… <이름:3232>군이?,어…… <이름:3232>군이?
dom2MEZ02.mes,Script/dom2MEZ02.mes,12,31,Kyo,というわけで<이름:3232>、頼んだぜ!<6E5C>おまえならうまく指導できるだろ,그런 이유로<이름:3232> 부탁한다!<6E5C>너라면 잘 가르칠 수 있겠지,그런 이유로<이름:3232> 부탁한다!<6E5C>너라면 잘 가르칠 수 있겠지
dom2MEZ02.mes,Script/dom2MEZ02.mes,13,24,주인공,なんて勝手な!<6E5C>僕の意思は無視ですか!もう……,제멋대로라니!<6E5C>내 뜻은 무시인가요!,제멋대로라니!<6E5C>내 뜻은 무시인가요!
dom2MEZ03.mes,Script/dom2MEZ03.mes,0,7,[효과음/내레이션],ピピピピ……,삐삐삐삐……,삐삐삐삐……
dom2MEZ03.mes,Script/dom2MEZ03.mes,1,17,Hotaru,お兄ちゃーん.朝ごはんできたよー,오빠―. 아침밥 다 됐어―,오빠―. 아침밥 다 됐어―
dom2MEZ03.mes,Script/dom2MEZ03.mes,2,9,주인공,おは……ふぁ……,안…… 하아암…,안…… 하아암…
dom2MEZ03.mes,Script/dom2MEZ03.mes,3,34,Hotaru,大きなあくび.<6E5C>明日からもう1回先生やるんでしょ<6E5C>?だいじょうぶ?,(크게 하품)<6E5C>내일부터 또 선생님 하는 거지?<6E5C>괜찮아?,(크게 하품)<6E5C>내일부터 또 선생님 하는 거지?<6E5C>괜찮아?
dom2MEZ03.mes,Script/dom2MEZ03.mes,4,27,주인공,そうだった……まあ今日くらい<6E5C>ゆっくりさせてもらうよ,맞다……<6E5C>뭐 오늘 정도는 좀 쉬어야겠다,맞다……<6E5C>뭐 오늘 정도는 좀 쉬어야겠다
dom2OP_0701_1.mes,Script/dom2OP_0701_1.mes,0,34,[선택지],ゲームスタート背景テスト背景テスト(暗転)キャラテストサウンドモード,게임 시작배경 테스트배경 테스트(암전)캐릭터 테스트사운드 모드,게임 시작배경 테스트배경 테스트(암전)캐릭터 테스트사운드 모드
dom2OP_0701_1.mes,Script/dom2OP_0701_1.mes,1,9,[선택지],次前BGテスト終了,다음이전BG종료,다음이전BG종료
dom2OP_0701_1.mes,Script/dom2OP_0701_1.mes,2,9,[선택지],次前BGテスト終了,다음이전BG종료,다음이전BG종료
dom2OP_0701_1.mes,Script/dom2OP_0701_1.mes,3,15,[선택지],雫ほたるキサラフィオ次のページ,시즈쿠호타루키사라피오다음,시즈쿠호타루키사라피오다음
dom2OP_0701_1.mes,Script/dom2OP_0701_1.mes,4,18,[선택지],ちづるマリーマチュアアテナ次のページ,치즈루마리마츄어아테나다음페이지,치즈루마리마츄어아테나다음페이지
dom2OP_0701_1.mes,Script/dom2OP_0701_1.mes,5,18,[선택지],サブキャラ次のページキャラテスト終了,서브캐릭터다음페이지캐릭터테스트종료,서브캐릭터다음페이지캐릭터테스트종료
dom2OP_0701_1.mes,Script/dom2OP_0701_1.mes,6,4,[효과음/내레이션],クリス,크리스,크리스
dom2OP_0701_1.mes,Script/dom2OP_0701_1.mes,7,2,[효과음/내레이션],社,야,야
dom2OP_0701_1.mes,Script/dom2OP_0701_1.mes,8,6,[효과음/내레이션],シェルミー,셀미,셀미
dom2OP_0701_1.mes,Script/dom2OP_0701_1.mes,9,5,[효과음/내레이션],ルガール,루갈,루갈
dom2OP_0701_1.mes,Script/dom2OP_0701_1.mes,10,4,[효과음/내레이션],キング,킹,킹
dom2OP_0701_1.mes,Script/dom2OP_0701_1.mes,11,5,[효과음/내레이션],ケンスウ,켄스우,켄스우
dom2OP_0701_1.mes,Script/dom2OP_0701_1.mes,12,5,,タイトル：,타이틀:,타이틀:
dom2OP_0701_1.mes,Script/dom2OP_0701_1.mes,13,6,[효과음/내레이션],オープニング,오프닝,오프닝
dom2OP_0701_1.mes,Script/dom2OP_0701_1.mes,14,6,[효과음/내레이션],メインテーマ,메인 테마,메인 테마
dom2OP_0701_1.mes,Script/dom2OP_0701_1.mes,15,2,[효과음/내레이션],対決,대결,대결
dom2OP_0701_1.mes,Script/dom2OP_0701_1.mes,16,4,[효과음/내레이션],ムーディ,무디,무디
dom2OP_0701_1.mes,Script/dom2OP_0701_1.mes,17,3,[효과음/내레이션],悲しみ,슬픔,슬픔
dom2OP_0701_1.mes,Script/dom2OP_0701_1.mes,18,2,[효과음/내레이션],恐怖,공포,공포
dom2OP_0701_1.mes,Script/dom2OP_0701_1.mes,19,5,[효과음/내레이션],雫のテーマ,시즈쿠테마,시즈쿠테마
dom2OP_0701_1.mes,Script/dom2OP_0701_1.mes,20,7,[효과음/내레이션],ほたるのテーマ,호타루의 테마,호타루의 테마
dom2OP_0701_1.mes,Script/dom2OP_0701_1.mes,21,7,[효과음/내레이션],キサラのテーマ,키사라의 테마,키사라의 테마
dom2OP_0701_1.mes,Script/dom2OP_0701_1.mes,22,7,[효과음/내레이션],フィオのテーマ,피오의 테마,피오의 테마
dom2OP_0701_1.mes,Script/dom2OP_0701_1.mes,23,7,[효과음/내레이션],ちづるのテーマ,치즈루의 테마,치즈루의 테마
dom2OP_0701_1.mes,Script/dom2OP_0701_1.mes,24,7,[효과음/내레이션],マリーのテーマ,마리의 테마,마리의 테마
dom2OP_0701_1.mes,Script/dom2OP_0701_1.mes,25,8,[효과음/내레이션],マチュアのテーマ,마츄어의 테마,마츄어의 테마
dom2OP_0701_1.mes,Script/dom2OP_0701_1.mes,26,7,[효과음/내레이션],アテナのテーマ,아테나의 테마,아테나의 테마
dom2OP_0701_1.mes,Script/dom2OP_0701_1.mes,27,8,[효과음/내레이션],雫(リプライズ),시즈쿠(리프),시즈쿠(리프)
dom2OP_0701_1.mes,Script/dom2OP_0701_1.mes,28,15,[효과음/내레이션],プロローグからはじめますか?,프롤로그부터 시작할까요?,프롤로그부터 시작할까요?
dom2OP_0701_1.mes,Script/dom2OP_0701_1.mes,29,21,[선택지],プロローグからはじめる7月3日からはじめる,프롤로그부터 시작7월 3일부터 시작,프롤로그부터 시작7월 3일부터 시작
dom2OP_0701_1.mes,Script/dom2OP_0701_1.mes,30,5,[효과음/내레이션],…………,…………,…………
dom2OP_0701_1.mes,Script/dom2OP_0701_1.mes,31,10,[효과음/내레이션],…………えーーん、,"…………으앙,","…………으앙,"
dom2OP_0701_1.mes,Script/dom2OP_0701_1.mes,32,7,주인공,(……ん?),(……응?),(……응?)
dom2OP_0701_1.mes,Script/dom2OP_0701_1.mes,33,11,[효과음/내레이션],……えーん、えーん、,"……으앙, 으앙,","……으앙, 으앙,"
dom2OP_0701_1.mes,Script/dom2OP_0701_1.mes,34,14,주인공,(……誰かが泣いてる……),(……누가 울고 있어…),(……누가 울고 있어…)
dom2OP_0701_1.mes,Script/dom2OP_0701_1.mes,35,11,[효과음/내레이션],……えーん、えーん、,"……으앙, 으앙,","……으앙, 으앙,"
dom2OP_0701_1.mes,Script/dom2OP_0701_1.mes,36,19,주인공,(泣かないで、<6E5C>僕が助けるから……),"(울지 마,<6E5C>내가 구할 테니……)","(울지 마,<6E5C>내가 구할 테니……)"
dom2OP_0701_1.mes,Script/dom2OP_0701_1.mes,37,11,[효과음/내레이션],……えーん、えーん、,"……으앙, 으앙,","……으앙, 으앙,"
dom2OP_0701_1.mes,Script/dom2OP_0701_1.mes,38,15,주인공,(待ってて、すぐに行くから),"(기다려, 금방 갈 테니)","(기다려, 금방 갈 테니)"
dom2OP_0701_1.mes,Script/dom2OP_0701_1.mes,39,11,주인공,(今度こそ、助ける),(이번에는 구할게),(이번에는 구할게)
dom2OP_0701_1.mes,Script/dom2OP_0701_1.mes,40,17,주인공,(もう手を離したりなんかしない),(다신 손 놓지 않을 거야),(다신 손 놓지 않을 거야)
dom2OP_0701_1.mes,Script/dom2OP_0701_1.mes,41,7,주인공,(僕が……),(내가……),(내가……)
dom2OP_0701_1.mes,Script/dom2OP_0701_1.mes,42,7,UNKNOWN_0x1e,……ちゃん.寺,……빠.,……빠.
dom2OP_0701_1.mes,Script/dom2OP_0701_1.mes,43,9,UNKNOWN_0x1e,……お兄ちゃん.寺,……오빠.,……오빠.
dom2OP_0701_1.mes,Script/dom2OP_0701_1.mes,44,11,UNKNOWN_0x1e,起きて、お兄ちゃん!寺,"일어나, 오빠!","일어나, 오빠!"
dom2OP_0701_1.mes,Script/dom2OP_0701_1.mes,45,13,UNKNOWN_0x1e,も~、イトカツ、いくよ!,"자, 이토카츠, 가자!","자, 이토카츠, 가자!"
dom2OP_0701_1.mes,Script/dom2OP_0701_1.mes,46,4,[효과음/내레이션],ドサッ,쿵,쿵
dom2OP_0701_1.mes,Script/dom2OP_0701_1.mes,47,8,주인공,……あ、あれ?,"……어, 어라","……어, 어라"
dom2OP_0701_1.mes,Script/dom2OP_0701_1.mes,48,5,[효과음/내레이션],ガブッ!,덥석!,덥석!
dom2OP_0701_1.mes,Script/dom2OP_0701_1.mes,49,8,주인공,い、いってー!,"아, 아파!","아, 아파!"
dom2OP_0701_1.mes,Script/dom2OP_0701_1.mes,50,11,Hotaru,おはよう、お兄ちゃん,"잘 잤어, 오빠","잘 잤어, 오빠"
dom2OP_0701_1.mes,Script/dom2OP_0701_1.mes,51,6,주인공,いってぇ~,아야~,아야~
dom2OP_0701_1.mes,Script/dom2OP_0701_1.mes,52,11,주인공,おはようじゃないよ!,잘 잤어가 아니잖아,잘 잤어가 아니잖아
dom2OP_0701_1.mes,Script/dom2OP_0701_1.mes,53,16,주인공,テンはけっこう歯が鋭いんだぞ!,텐은 이빨이 날카롭다고!,텐은 이빨이 날카롭다고!
dom2OP_0701_1.mes,Script/dom2OP_0701_1.mes,54,25,Hotaru,何度起こしても起きないお兄ちゃん<6E5C>が悪いんだよ~,몇 번 깨워도 안 일어나는<6E5C>오빠 나쁜 거야~,몇 번 깨워도 안 일어나는<6E5C>오빠 나쁜 거야~
dom2OP_0701_1.mes,Script/dom2OP_0701_1.mes,55,20,주인공,起こしてもって……もうそんな<6E5C>時間!?,"깨워도라니, 벌써 이런<6E5C>시간이야!?","깨워도라니, 벌써 이런<6E5C>시간이야!?"
dom2OP_0701_1.mes,Script/dom2OP_0701_1.mes,56,35,Hotaru,教育実習、明日まででしょ?<6E5C>最後の最後に遅刻なんかしちゃ<6E5C>ダメだよ?,"교육실습, 내일까지지?<6E5C>마지막의 마지막에 지각하면<6E5C>안 돼?","교육실습, 내일까지지?<6E5C>마지막의 마지막에 지각하면<6E5C>안 돼?"
dom2OP_0701_1.mes,Script/dom2OP_0701_1.mes,57,21,주인공,わかってるよ.<6E5C>ほたるじゃないんだからさ,알고 있어.<6E5C>호타루도 아니고 말이야,알고 있어.<6E5C>호타루도 아니고 말이야
dom2OP_0701_1.mes,Script/dom2OP_0701_1.mes,58,14,Hotaru,もぉ!子供あつかいしてー!,"정말, 애 취급하지 마!","정말, 애 취급하지 마!"
dom2OP_0701_1.mes,Script/dom2OP_0701_1.mes,59,31,주인공,ごめん、ごめん.ホラ、早く学校に<6E5C>行かないといけないんだろ?,"미안, 미안. 자, 얼른 학교에<6E5C>가야 하는 거잖아?","미안, 미안. 자, 얼른 학교에<6E5C>가야 하는 거잖아?"
dom2OP_0701_1.mes,Script/dom2OP_0701_1.mes,60,17,Hotaru,あ、そうだった.行くよイトカツ!,"아, 맞다. 가자 이토카츠!","아, 맞다. 가자 이토카츠!"
dom2OP_0701_1.mes,Script/dom2OP_0701_1.mes,61,5,UNKNOWN_0x3e,キュゥ!,꾸엥!,꾸엥!
dom2OP_0701_1.mes,Script/dom2OP_0701_1.mes,62,22,Hotaru,そういえばお兄ちゃん、<6E5C>ケータイ鳴ってたよ,"그러고 보니 오빠,<6E5C>휴대폰 울렸어","그러고 보니 오빠,<6E5C>휴대폰 울렸어"
dom2OP_0701_1.mes,Script/dom2OP_0701_1.mes,63,6,주인공,え、僕の?,내 거?,내 거?
dom2OP_0701_1.mes,Script/dom2OP_0701_1.mes,64,19,Hotaru,どうせ女の子からじゃないの?<6E5C>もぉ!,어차피 여자애 아니야? 정말!,어차피 여자애 아니야? 정말!
dom2OP_0701_1.mes,Script/dom2OP_0701_1.mes,65,5,UNKNOWN_0x3e,キュゥ!,꾸엥!,꾸엥!
dom2OP_0701_1.mes,Script/dom2OP_0701_1.mes,66,5,주인공,いたた!,아야!,아야!
dom2OP_0701_1.mes,Script/dom2OP_0701_1.mes,67,14,Hotaru,それじゃ、行ってきまーす!,"그럼, 다녀올게―!","그럼, 다녀올게―!"
dom2OP_0701_1.mes,Script/dom2OP_0701_1.mes,68,5,[효과음/내레이션],バタンッ,쾅,쾅
dom2OP_0701_1.mes,Script/dom2OP_0701_1.mes,69,14,주인공,ったく、朝から騒がしい……,정말 아침부터 시끄럽네,정말 아침부터 시끄럽네
dom2OP_0701_1.mes,Script/dom2OP_0701_1.mes,70,16,주인공,さてと、僕もそろそろ起きないと,"자, 나도 슬슬 일어나야지","자, 나도 슬슬 일어나야지"
dom2OP_0701_1.mes,Script/dom2OP_0701_1.mes,71,14,[효과음/내레이션],♪キーンコーンカーンコーン,♪딩동댕동,♪딩동댕동
dom2OP_0701_1.mes,Script/dom2OP_0701_1.mes,72,21,주인공,……よし.ラスト2日だ、<6E5C>今日も頑張るぞ,……좋아. 마지막 2일<6E5C>오늘도 힘내자,……좋아. 마지막 2일<6E5C>오늘도 힘내자
dom2OP_0701_1.mes,Script/dom2OP_0701_1.mes,73,14,주인공,でも、何か忘れてる気が……,근데 뭔가 잊은 느낌……,근데 뭔가 잊은 느낌……
dom2OP_0701_1.mes,Script/dom2OP_0701_1.mes,74,17,UNKNOWN_0x1a,なーにシケた顔してんだよ、真吾!,"왜 그런 표정이야, 신고!","왜 그런 표정이야, 신고!"
dom2OP_0701_1.mes,Script/dom2OP_0701_1.mes,75,6,[효과음/내레이션],バシーン!,찰싹!,찰싹!
dom2OP_0701_1.mes,Script/dom2OP_0701_1.mes,76,6,주인공,いってー!,아파!,아파!
dom2OP_0701_1.mes,Script/dom2OP_0701_1.mes,77,49,주인공,……もぉ、僕は<이름:3232>ですよ、<6E5C>草薙先輩!<이름:3131><이름:3232>です!<485C>真吾さんって大学の後輩だった<6E5C>人でしょ!?,"……정말, 저는<이름:3232>예요,<6E5C>쿠사나기 선배! <이름:3131><이름:3232>예요!<485C>신고 씨는 대학 후배였잖아요!?","……정말, 저는<이름:3232>예요,<6E5C>쿠사나기 선배! <이름:3131><이름:3232>예요!<485C>신고 씨는 대학 후배였잖아요!?"
dom2OP_0701_1.mes,Script/dom2OP_0701_1.mes,78,15,Kyo,そうだったな.わりぃ、わりぃ,"그랬었지. 미안, 미안","그랬었지. 미안, 미안"
dom2OP_0701_1.mes,Script/dom2OP_0701_1.mes,79,27,주인공,それに、後ろから頭を叩いて現れる<6E5C>のもやめてください,그리고 뒤에서 머리 때리며<6E5C>나타나는 거 그만해요,그리고 뒤에서 머리 때리며<6E5C>나타나는 거 그만해요
dom2OP_0701_1.mes,Script/dom2OP_0701_1.mes,80,16,Kyo,男が細かいこと気にすんなって!,사내자식이 잔소리 좀 마!,사내자식이 잔소리 좀 마!
dom2OP_0701_1.mes,Script/dom2OP_0701_1.mes,81,25,Kyo,それより……おまえ、いいモン持っ<6E5C>てんじゃねーか,"그것보다…… 너, 좋은 거<6E5C>가지고 있잖아","그것보다…… 너, 좋은 거<6E5C>가지고 있잖아"
dom2OP_0701_1.mes,Script/dom2OP_0701_1.mes,82,21,주인공,いいモンって、この焼きそばパンで<6E5C>すか?,"좋은 거라니, 이 빵<6E5C>말씀이세요?","좋은 거라니, 이 빵<6E5C>말씀이세요?"
dom2OP_0701_1.mes,Script/dom2OP_0701_1.mes,83,21,Kyo,そうそう.わりーな、わざわざ俺の<6E5C>ために,"그래그래. 미안하네, 일부러<6E5C>위해서","그래그래. 미안하네, 일부러<6E5C>위해서"
dom2OP_0701_1.mes,Script/dom2OP_0701_1.mes,84,26,주인공,え?何言ってるんですか、これは<6E5C>僕の朝ごはんで……,"네? 무슨 말씀이세요, 이건<6E5C>제 아침밥인데……","네? 무슨 말씀이세요, 이건<6E5C>제 아침밥인데……"
dom2OP_0701_1.mes,Script/dom2OP_0701_1.mes,85,5,[효과음/내레이션],ヒョイッ,채간다!,채간다!
dom2OP_0701_1.mes,Script/dom2OP_0701_1.mes,86,12,주인공,あっ!焼きそばパンが!,앗! 야키소바빵이!,앗! 야키소바빵이!
dom2OP_0701_1.mes,Script/dom2OP_0701_1.mes,87,11,Kyo,ヘッ、ボディが甘いぜ,"헷, 빈틈 많다니까","헷, 빈틈 많다니까"
dom2OP_0701_1.mes,Script/dom2OP_0701_1.mes,88,9,[효과음/내레이션],タッタッタッ……,타다닥……,타다닥……
dom2OP_0701_1.mes,Script/dom2OP_0701_1.mes,89,6,주인공,……ひどい,……너무해,……너무해
dom2OP_0701_1.mes,Script/dom2OP_0701_1.mes,90,27,주인공,大学にいた頃とぜんぜん変わってな<6E5C>いよ、草薙先輩……,"대학 때랑 안 변했네<6E5C>요, 쿠사나기 선배……","대학 때랑 안 변했네<6E5C>요, 쿠사나기 선배……"
dom2OP_0701_2.mes,Script/dom2OP_0701_2.mes,0,14,[효과음/내레이션],♪キーンコーンカーンコーン,♪딩동댕동,♪딩동댕동
dom2OP_0701_2.mes,Script/dom2OP_0701_2.mes,1,21,주인공,(ふぅ……今日の授業も無事に<6E5C>終わった),(후우…… 오늘 수업 무사히<6E5C>끝났다),(후우…… 오늘 수업 무사히<6E5C>끝났다)
dom2OP_0701_2.mes,Script/dom2OP_0701_2.mes,2,5,Kisarah,センセイ,선생님,선생님
dom2OP_0701_2.mes,Script/dom2OP_0701_2.mes,3,17,주인공,あ、キサラ……さん.どうしたの?,"아, 키사라. 무슨 일이야?","아, 키사라. 무슨 일이야?"
dom2OP_0701_2.mes,Script/dom2OP_0701_2.mes,4,26,Kisarah,ボク、今の授業でわかんないとこが<6E5C>あったんですけど,"저, 방금 수업에서 모르는 부분이<6E5C>있었는데요","저, 방금 수업에서 모르는 부분이<6E5C>있었는데요"
dom2OP_0701_2.mes,Script/dom2OP_0701_2.mes,5,12,주인공,え、わかりにくかった?,"어, 어려웠어?","어, 어려웠어?"
dom2OP_0701_2.mes,Script/dom2OP_0701_2.mes,6,12,Kisarah,うん、わかりにくかった,"응, 어려웠어","응, 어려웠어"
dom2OP_0701_2.mes,Script/dom2OP_0701_2.mes,7,23,주인공,そ、そっか、ごめん.<6E5C>どこがわからなかった?,"그, 그렇구나, 미안.<6E5C>어디가 안 됐어?","그, 그렇구나, 미안.<6E5C>어디가 안 됐어?"
dom2OP_0701_2.mes,Script/dom2OP_0701_2.mes,8,28,Kisarah,いっぱいあるから、放課後に教えて<6E5C>もらっていいですか?,"많아서, 방과 후에 가르쳐<6E5C>주시면 안 될까요?","많아서, 방과 후에 가르쳐<6E5C>주시면 안 될까요?"
dom2OP_0701_2.mes,Script/dom2OP_0701_2.mes,9,4,주인공,え……,어……,어……
dom2OP_0701_2.mes,Script/dom2OP_0701_2.mes,10,8,Kisarah,ダメ、ですか?,안 되나요?,안 되나요?
dom2OP_0701_2.mes,Script/dom2OP_0701_2.mes,11,22,주인공,そ、そんなことないよ.<6E5C>わかった、放課後に,"그, 그런 거 아냐.<6E5C>알겠어 방과 후에","그, 그런 거 아냐.<6E5C>알겠어 방과 후에"
dom2OP_0701_2.mes,Script/dom2OP_0701_2.mes,12,16,Kisarah,やったぁ!約束だよ、センセイ!,"야호! 약속이에요, 선생님!","야호! 약속이에요, 선생님!"
dom2OP_0701_2.mes,Script/dom2OP_0701_2.mes,13,5,주인공,う、うん,"으, 응","으, 응"
dom2OP_0701_2.mes,Script/dom2OP_0701_2.mes,14,29,주인공,(さて、と.昼飯を食べたら、<6E5C>大学に顔を出そうかな……),"(자, 점심 먹고,<6E5C>대학에 얼굴이나 비칠까……)","(자, 점심 먹고,<6E5C>대학에 얼굴이나 비칠까……)"
dom2OP_0701_2.mes,Script/dom2OP_0701_2.mes,15,14,Kyo,<이름:3232>.パン買いに行くのか?,"<이름:3232>, 빵 사러 가냐?","<이름:3232>, 빵 사러 가냐?"
dom2OP_0701_2.mes,Script/dom2OP_0701_2.mes,16,9,주인공,いえ、僕は弁当を,"아뇨, 도시락을","아뇨, 도시락을"
dom2OP_0701_2.mes,Script/dom2OP_0701_2.mes,17,14,Kyo,よし、俺の分のパンも頼むわ,"좋아, 내 것도 부탁한다","좋아, 내 것도 부탁한다"
dom2OP_0701_2.mes,Script/dom2OP_0701_2.mes,18,15,주인공,え?いやだから僕は弁当を……,네? 저는 도시락인데……,네? 저는 도시락인데……
dom2OP_0701_2.mes,Script/dom2OP_0701_2.mes,19,33,Kyo,真吾が修行の旅に出ちまったから、<6E5C>パン買ってくる奴がいねぇんだよ,"신고가 수행 여행 떠나버려서,<6E5C>빵 사올 녀석이 없단 말이야","신고가 수행 여행 떠나버려서,<6E5C>빵 사올 녀석이 없단 말이야"
dom2OP_0701_2.mes,Script/dom2OP_0701_2.mes,20,26,주인공,それと僕に、なんの関係が……<6E5C>もう、今回だけですよ,그거랑 저랑 무슨 상관이……<6E5C>이번뿐이에요,그거랑 저랑 무슨 상관이……<6E5C>이번뿐이에요
dom2OP_0701_2.mes,Script/dom2OP_0701_2.mes,21,7,UNKNOWN_1e,お兄ちゃん!,오빠!,오빠!
dom2OP_0701_2.mes,Script/dom2OP_0701_2.mes,22,5,주인공,ほたる?,호타루?,호타루?
dom2OP_0701_2.mes,Script/dom2OP_0701_2.mes,23,7,Hotaru,これ、忘れ物,놓고 갔어,놓고 갔어
dom2OP_0701_2.mes,Script/dom2OP_0701_2.mes,24,9,주인공,あ……僕の弁当?,내 도시락?,내 도시락?
dom2OP_0701_2.mes,Script/dom2OP_0701_2.mes,25,19,Hotaru,うん.ほたるのカバンに入って<6E5C>たんだ,응. 호타루 가방에 들어가<6E5C>있었어,응. 호타루 가방에 들어가<6E5C>있었어
dom2OP_0701_2.mes,Script/dom2OP_0701_2.mes,26,9,Kyo,いやぁ、わりぃな,아이고 미안하네,아이고 미안하네
dom2OP_0701_2.mes,Script/dom2OP_0701_2.mes,27,3,주인공,は?,뭐?,뭐?
dom2OP_0701_2.mes,Script/dom2OP_0701_2.mes,28,32,Kyo,お前はパン買いに行くんだろ?<6E5C>ならそれは俺がもらっといてやるよ,넌 빵 사러 갈 거잖아?<6E5C>그럼 그건 내가 받아둘게,넌 빵 사러 갈 거잖아?<6E5C>그럼 그건 내가 받아둘게
dom2OP_0701_2.mes,Script/dom2OP_0701_2.mes,29,9,주인공,え、ちょっと……,"어, 잠깐만……","어, 잠깐만……"
dom2OP_0701_2.mes,Script/dom2OP_0701_2.mes,30,25,Kyo,やっぱ持つべき者は先輩思いの<6E5C>後輩だな.じゃあな,역시 선배 생각하는<6E5C>후배가 최고지. 간다,역시 선배 생각하는<6E5C>후배가 최고지. 간다
dom2OP_0701_2.mes,Script/dom2OP_0701_2.mes,31,13,Hotaru,行っちゃったね、草薙先生,"가버렸네, 선생님","가버렸네, 선생님"
dom2OP_0701_2.mes,Script/dom2OP_0701_2.mes,32,19,주인공,ハァ……結局弁当は食べられないの<6E5C>か,하아…… 결국 도시락 못 먹나,하아…… 결국 도시락 못 먹나
dom2OP_0701_2.mes,Script/dom2OP_0701_2.mes,33,4,UNKNOWN_1e,貴様ッ,이놈!,이놈!
dom2OP_0701_2.mes,Script/dom2OP_0701_2.mes,34,4,주인공,え……,어……,어……
dom2OP_0701_2.mes,Script/dom2OP_0701_2.mes,35,25,UNKNOWN_1a,いつまでそこにいる…….<6E5C>午後の授業はこの俺だぞ,언제까지 거기 있을 거냐.<6E5C>오후 수업은 나다,언제까지 거기 있을 거냐.<6E5C>오후 수업은 나다
dom2OP_0701_2.mes,Script/dom2OP_0701_2.mes,36,7,주인공,八神先生……,선생님……,선생님……
dom2OP_0701_2.mes,Script/dom2OP_0701_2.mes,37,20,주인공,すいません、生徒としゃべっていて<6E5C>……,"죄송합니다, 학생이랑 얘기하다<6E5C>……","죄송합니다, 학생이랑 얘기하다<6E5C>……"
dom2OP_0701_2.mes,Script/dom2OP_0701_2.mes,38,21,Iori,そこの生徒……貴様は1年では<6E5C>ないのか?,거기 학생…… 넌 1학년<6E5C>아니냐?,거기 학생…… 넌 1학년<6E5C>아니냐?
dom2OP_0701_2.mes,Script/dom2OP_0701_2.mes,39,21,Hotaru,は、はいっ!<6E5C>1年A組の双葉ほたるです!,넵!<6E5C>1학년 A반 후타바 호타루예요!,넵!<6E5C>1학년 A반 후타바 호타루예요!
dom2OP_0701_2.mes,Script/dom2OP_0701_2.mes,40,41,Iori,なぜ、3年の教室にいる…….<6E5C>1年は1年らしく、自分の教室で<6E5C>おとなしくしておけ,왜 3학년 교실에 있는 거냐.<6E5C>1학년은 1학년답게 교실서<6E5C>얌전히 있어라,왜 3학년 교실에 있는 거냐.<6E5C>1학년은 1학년답게 교실서<6E5C>얌전히 있어라
dom2OP_0701_2.mes,Script/dom2OP_0701_2.mes,41,10,Hotaru,す、すいません……,죄송합니다……,죄송합니다……
dom2OP_0701_2.mes,Script/dom2OP_0701_2.mes,42,20,주인공,(ううっ.八神先輩、<6E5C>おっかないなぁ),(으윽. 야가미 선배<6E5C>무섭네),(으윽. 야가미 선배<6E5C>무섭네)
dom2OP_0701_2.mes,Script/dom2OP_0701_2.mes,43,45,주인공,(いつも殺気立ってるっていうか<6E5C>怒ってるっていうか……この人も<6E5C>大学の頃と変わらないよ),(늘 살기등등하다고 할까<6E5C>화나 있다고 할까…… 이 사람도<6E5C>대학 때랑 안 변했어),(늘 살기등등하다고 할까<6E5C>화나 있다고 할까…… 이 사람도<6E5C>대학 때랑 안 변했어)
dom2OP_0701_2.mes,Script/dom2OP_0701_2.mes,44,24,주인공,(笑ってるとこなんて見たことない<6E5C>もんな……),(웃는 모습 본 적이 없단<6E5C>말이지……),(웃는 모습 본 적이 없단<6E5C>말이지……)
dom2OP_0701_2.mes,Script/dom2OP_0701_2.mes,45,31,주인공,や、八神先輩、この子は僕の弁当を<6E5C>届けに来ただけですから……,"야가미 선배, 이 앤 도시락<6E5C>가져다주러 온 것뿐이라……","야가미 선배, 이 앤 도시락<6E5C>가져다주러 온 것뿐이라……"
dom2OP_0701_2.mes,Script/dom2OP_0701_2.mes,46,8,Hotaru,お兄ちゃん……,오빠……,오빠……
dom2OP_0701_2.mes,Script/dom2OP_0701_2.mes,47,32,Iori,半人前が口ごたえか?<6E5C><이름:3131><이름:3232>、貴様はこの娘と<6E5C>どういう関係だ,"반쪽짜리가 말대꾸냐?<6E5C><이름:3131><이름:3232>, 이 아이와<6E5C>무슨 관계지","반쪽짜리가 말대꾸냐?<6E5C><이름:3131><이름:3232>, 이 아이와<6E5C>무슨 관계지"
dom2OP_0701_2.mes,Script/dom2OP_0701_2.mes,48,15,주인공,あ、その、兄妹っていうか……,"아, 그게, 남매랄까……","아, 그게, 남매랄까……"
dom2OP_0701_2.mes,Script/dom2OP_0701_2.mes,49,25,Iori,顔も髪もまるで違うではないか.<6E5C>俺をたばかる気か,얼굴도 머리도 다른데.<6E5C>날 속일 셈이냐,얼굴도 머리도 다른데.<6E5C>날 속일 셈이냐
dom2OP_0701_2.mes,Script/dom2OP_0701_2.mes,50,7,주인공,ええっと……,그게……,그게……
dom2OP_0701_2.mes,Script/dom2OP_0701_2.mes,51,32,Hotaru,わたし、6年前にお父さんとお母<6E5C>さんが事故で亡くなったんです!,"저, 6년 전에 아빠랑 엄마가<6E5C>사고로 돌아가셨어요!","저, 6년 전에 아빠랑 엄마가<6E5C>사고로 돌아가셨어요!"
dom2OP_0701_2.mes,Script/dom2OP_0701_2.mes,52,8,주인공,!<020A>……ほたる,<020A>…… 호타루,<020A>…… 호타루
dom2OP_0701_2.mes,Script/dom2OP_0701_2.mes,53,42,Hotaru,ひとりぼっちになっちゃって、<6E5C>親戚だったお兄ちゃんの家に<6E5C>あずけられて、それで……,"혼자가 되어버려서,<6E5C>친척이었던 오빠 집에<6E5C>맡겨졌고, 그래서……","혼자가 되어버려서,<6E5C>친척이었던 오빠 집에<6E5C>맡겨졌고, 그래서……"
dom2OP_0701_2.mes,Script/dom2OP_0701_2.mes,54,5,Iori,…………,…………,…………
dom2OP_0701_2.mes,Script/dom2OP_0701_2.mes,55,7,주인공,(…………),(…………),(…………)
dom2OP_0701_2.mes,Script/dom2OP_0701_2.mes,56,34,Hotaru,お兄ちゃんとは血はつながってない<6E5C>けど、でも、ほたるにとっては……,"오빠랑 피는 안 이어졌지만,<6E5C>그래도, 호타루한테는……","오빠랑 피는 안 이어졌지만,<6E5C>그래도, 호타루한테는……"
dom2OP_0701_2.mes,Script/dom2OP_0701_2.mes,57,8,주인공,(ほたる……),(호타루……),(호타루……)
dom2OP_0701_2.mes,Script/dom2OP_0701_2.mes,58,10,Iori,血……か.くだらん,피라…… 부질없군,피라…… 부질없군
dom2OP_0701_2.mes,Script/dom2OP_0701_2.mes,59,3,Hotaru,え?,어?,어?
dom2OP_0701_2.mes,Script/dom2OP_0701_2.mes,60,34,Iori,血のつながり、家柄、境遇.そんな<6E5C>ものに従う必要など、どこにもない,"혈연, 가문, 처지.<6E5C>그것에 따를 필요 따위 어디에도 없다","혈연, 가문, 처지.<6E5C>그것에 따를 필요 따위 어디에도 없다"
dom2OP_0701_2.mes,Script/dom2OP_0701_2.mes,61,27,Iori,己の存在を証明できるのは、<6E5C>己自身の意志と行動だけだ,"자신을 증명하는 건,<6E5C>자신의 의지와 행동뿐이다","자신을 증명하는 건,<6E5C>자신의 의지와 행동뿐이다"
dom2OP_0701_2.mes,Script/dom2OP_0701_2.mes,62,21,Iori,……フンッ.<6E5C>飯ぐらい、すきに食えばいい,……흥.<6E5C>밥 정도 맘대로 먹으면 된다,……흥.<6E5C>밥 정도 맘대로 먹으면 된다
dom2OP_0701_2.mes,Script/dom2OP_0701_2.mes,63,5,주인공,…………,…………,…………
dom2OP_0701_2.mes,Script/dom2OP_0701_2.mes,64,9,Hotaru,……行っちゃった,……가버렸다,……가버렸다
dom2OP_0701_2.mes,Script/dom2OP_0701_2.mes,65,5,주인공,…………,…………,…………
dom2OP_0701_2.mes,Script/dom2OP_0701_2.mes,66,16,Hotaru,でも、いい人だね、八神先生って,근데 좋은 사람이네 야가미가,근데 좋은 사람이네 야가미가
dom2OP_0701_2.mes,Script/dom2OP_0701_2.mes,67,7,주인공,え?そうか?,그런가?,그런가?
dom2OP_0701_2.mes,Script/dom2OP_0701_2.mes,68,26,Hotaru,今の言葉、うれしかったな!<6E5C>血なんて関係ないよね?,"방금 그 말, 기뻤어!<6E5C>피 같은 거 상관없지?","방금 그 말, 기뻤어!<6E5C>피 같은 거 상관없지?"
dom2OP_0701_2.mes,Script/dom2OP_0701_2.mes,69,7,주인공,……そうだね,……그렇지,……그렇지
dom2OP_0701_2.mes,Script/dom2OP_0701_2.mes,70,39,Hotaru,それじゃ、放課後に迎えに来てね.<6E5C>キサラちゃんが3人で帰ろうって<6E5C>言ってたよ,"그럼, 방과 후에 데리러 와.<6E5C>키사라가 셋이서 같이 가자고<6E5C>말했었어","그럼, 방과 후에 데리러 와.<6E5C>키사라가 셋이서 같이 가자고<6E5C>말했었어"
dom2OP_0701_2.mes,Script/dom2OP_0701_2.mes,71,16,주인공,あ、そうか.そんな約束したっけ,"아, 맞다. 약속 했었나","아, 맞다. 약속 했었나"
dom2OP_0701_2.mes,Script/dom2OP_0701_2.mes,72,12,Hotaru,じゃあね、お兄ちゃん!,"그럼 이만, 오빠!","그럼 이만, 오빠!"
dom2OP_0701_2.mes,Script/dom2OP_0701_2.mes,73,16,주인공,(……今日も大学に行けないな),(……오늘 대학 못 가겠네),(……오늘 대학 못 가겠네)
dom2OP_0701_3.mes,Script/dom2OP_0701_3.mes,0,14,[효과음/내레이션],♪キーンコーンカーンコーン,♪딩동댕동,♪딩동댕동
dom2OP_0701_3.mes,Script/dom2OP_0701_3.mes,1,7,Hotaru,お兄ちゃん!,오빠!,오빠!
dom2OP_0701_3.mes,Script/dom2OP_0701_3.mes,2,22,주인공,あぁ、ほたる.ここにいたんだ?<6E5C>キサラは?,호타루. 여기 있었구나?<6E5C>키사라는?,호타루. 여기 있었구나?<6E5C>키사라는?
dom2OP_0701_3.mes,Script/dom2OP_0701_3.mes,3,49,Hotaru,キサラちゃんは先に学校の外で待っ<6E5C>てるよ.一緒に学校を出るのはまず<6E5C>いだろうからって.早くいこ!,키사라는 먼저 학교 밖에서<6E5C>기다리고 있어. 같이 나가면 안<6E5C>좋다면서. 얼른 가자!,키사라는 먼저 학교 밖에서<6E5C>기다리고 있어. 같이 나가면 안<6E5C>좋다면서. 얼른 가자!
dom2OP_0701_3.mes,Script/dom2OP_0701_3.mes,4,9,주인공,お待たせ、キサラ,많이 기다렸어?,많이 기다렸어?
dom2OP_0701_3.mes,Script/dom2OP_0701_3.mes,5,66,Kisarah,遅い!待ってる間に2回も<6E5C>ナンパされちゃったよ<485C>もし次ナンパされるまでに<6E5C><이름:3232>クンが来なかったら、<6E5C>付いて行っちゃおうかと思ったよ,"늦었잖아! 기다리는 동안 두 번이나<6E5C>헌팅당했다구<485C>다음 헌팅당하기 전까지<6E5C><이름:3232> 군이 안 왔으면,<6E5C>따라가버릴까 했었어","늦었잖아! 기다리는 동안 두 번이나<6E5C>헌팅당했다구<485C>다음 헌팅당하기 전까지<6E5C><이름:3232> 군이 안 왔으면,<6E5C>따라가버릴까 했었어"
dom2OP_0701_3.mes,Script/dom2OP_0701_3.mes,6,6,주인공,ご、ごめん,"미, 미안","미, 미안"
dom2OP_0701_3.mes,Script/dom2OP_0701_3.mes,7,29,주인공,(……教育実習生と生徒の会話<6E5C>として、これでいいのか?),"(……교생과 학생 대화<6E5C>치고, 괜찮은 건가?)","(……교생과 학생 대화<6E5C>치고, 괜찮은 건가?)"
dom2OP_0701_3.mes,Script/dom2OP_0701_3.mes,8,27,주인공,そ、それで、キサラのわからなかっ<6E5C>たところってどこ?,그래서 키사라가 모르겠<6E5C>다던 부분이 어디야?,그래서 키사라가 모르겠<6E5C>다던 부분이 어디야?
dom2OP_0701_3.mes,Script/dom2OP_0701_3.mes,9,11,Kisarah,え?ああ、あれ嘘だよ,그거 거짓말이야,그거 거짓말이야
dom2OP_0701_3.mes,Script/dom2OP_0701_3.mes,10,15,주인공,は?なんでそんな嘘つくんだよ,뭐? 왜 그런 거짓말을 해,뭐? 왜 그런 거짓말을 해
dom2OP_0701_3.mes,Script/dom2OP_0701_3.mes,11,32,Kisarah,<이름:3232>クンがちゃんと約束覚えてて<6E5C>くれるか、試してみたかったんだ,"<이름:3232> 군이 약속 제대로<6E5C>기억해줄지, 시험해보고 싶었어","<이름:3232> 군이 약속 제대로<6E5C>기억해줄지, 시험해보고 싶었어"
dom2OP_0701_3.mes,Script/dom2OP_0701_3.mes,12,6,주인공,あのな……,저기……,저기……
dom2OP_0701_3.mes,Script/dom2OP_0701_3.mes,13,41,주인공,それよりキサラ.いくら幼馴染だか<6E5C>らって、学校でそのしゃべり方は<6E5C>しないでくれよ,"그것보다 키사라. 아무리 소꿉친구라지만,<6E5C>학교에서 그런 말투는 쓰지 마","그것보다 키사라. 아무리 소꿉친구라지만,<6E5C>학교에서 그런 말투는 쓰지 마"
dom2OP_0701_3.mes,Script/dom2OP_0701_3.mes,14,28,Kisarah,わかってるよ.ボクって表裏の使い<6E5C>分け、得意だからねー,알고 있어. 나 겉과 속 구분하는 거<6E5C>잘하니까,알고 있어. 나 겉과 속 구분하는 거<6E5C>잘하니까
dom2OP_0701_3.mes,Script/dom2OP_0701_3.mes,15,27,Hotaru,ほたるも、お兄ちゃんって呼ばない<6E5C>ほうがいいのかな?,"호타루도, 오빠라고 안 부르는 게 좋을까?","호타루도, 오빠라고 안 부르는 게 좋을까?"
dom2OP_0701_3.mes,Script/dom2OP_0701_3.mes,16,16,주인공,そうだな、先生のほうがいいかも,"그러네, 선생님이 나을지도","그러네, 선생님이 나을지도"
dom2OP_0701_3.mes,Script/dom2OP_0701_3.mes,17,21,Kisarah,<이름:3232>クンがセンセイか.<6E5C>なんかおかしいね,<이름:3232> 군이 센세이라니.<6E5C>뭔가 이상해,<이름:3232> 군이 센세이라니.<6E5C>뭔가 이상해
dom2OP_0701_3.mes,Script/dom2OP_0701_3.mes,18,29,Hotaru,ほたるもそう思う.やっぱり、<6E5C>お兄ちゃんはお兄ちゃんだよ,"호타루도 그렇게 생각해.<6E5C>역시, 오빠는 오빠야","호타루도 그렇게 생각해.<6E5C>역시, 오빠는 오빠야"
dom2OP_0701_3.mes,Script/dom2OP_0701_3.mes,19,9,주인공,はいはい……ん?,네네…… 응?,네네…… 응?
dom2OP_0701_3.mes,Script/dom2OP_0701_3.mes,20,4,UNKNOWN_43,ワン!,멍!,멍!
dom2OP_0701_3.mes,Script/dom2OP_0701_3.mes,21,5,주인공,うわ!!,으악!!,으악!!
dom2OP_0701_3.mes,Script/dom2OP_0701_3.mes,22,38,주인공,(び、びっくりしたー!<6E5C>この犬、いつの間に足元に……<6E5C>全然気づかなかった),"(까, 깜짝이야! 이 개, 언제 발밑에……<6E5C>전혀 몰랐어)","(까, 깜짝이야! 이 개, 언제 발밑에……<6E5C>전혀 몰랐어)"
dom2OP_0701_3.mes,Script/dom2OP_0701_3.mes,23,21,Mary,こら、アントン.<6E5C>街中で吠えるんじゃない,"이놈, 안톤. 길거리에서 짖지 마","이놈, 안톤. 길거리에서 짖지 마"
dom2OP_0701_3.mes,Script/dom2OP_0701_3.mes,24,5,[마리의 개],クゥーン,낑낑,낑낑
dom2OP_0701_3.mes,Script/dom2OP_0701_3.mes,25,16,Mary,ごめんなさい、驚かせてしまって,"미안해요, 놀라게 해서","미안해요, 놀라게 해서"
dom2OP_0701_3.mes,Script/dom2OP_0701_3.mes,26,7,주인공,あ、いえ……,아뇨……,아뇨……
dom2OP_0701_3.mes,Script/dom2OP_0701_3.mes,27,28,Mary,よっぽどのことがないと、人前で<6E5C>吠えたりしないんだけど,"어지간한 일 아니면, 사람 앞에서<6E5C>짖지 않는 앤데","어지간한 일 아니면, 사람 앞에서<6E5C>짖지 않는 앤데"
dom2OP_0701_3.mes,Script/dom2OP_0701_3.mes,28,27,주인공,僕って、なぜか昔から動物に好かれ<6E5C>ないみたいなんです,저는 왠지 예전부터 동물한테<6E5C>인기가 없더라고요,저는 왠지 예전부터 동물한테<6E5C>인기가 없더라고요
dom2OP_0701_3.mes,Script/dom2OP_0701_3.mes,29,37,Mary,へぇ、そうなの.私にはむしろ、<6E5C>アントンがじゃれているように<6E5C>見えるけど,"어머, 그래? 내 눈엔 오히려,<6E5C>안톤이 장난치는 걸로 보이는데","어머, 그래? 내 눈엔 오히려,<6E5C>안톤이 장난치는 걸로 보이는데"
dom2OP_0701_3.mes,Script/dom2OP_0701_3.mes,30,48,주인공,そうですか?だとしたらうれしい<6E5C>な.我が家のペットにも毎朝噛みつ<6E5C>かれてるようなありさまなんで,그런가요? 그렇다면 다행이네요.<6E5C>저희 집 애완동물한테도 매일 아침<6E5C>물리는 처지라서요,그런가요? 그렇다면 다행이네요.<6E5C>저희 집 애완동물한테도 매일 아침<6E5C>물리는 처지라서요
dom2OP_0701_3.mes,Script/dom2OP_0701_3.mes,31,10,Mary,そう.それは大変ね,"그래, 힘들겠네","그래, 힘들겠네"
dom2OP_0701_3.mes,Script/dom2OP_0701_3.mes,32,17,Mary,それじゃ、私は急ぐから失礼するわ,"그럼, 난 급하니 이만 가볼게","그럼, 난 급하니 이만 가볼게"
dom2OP_0701_3.mes,Script/dom2OP_0701_3.mes,33,31,주인공,(クールな人だな……誰だろ?<6E5C>この辺じゃ見かけない人だけど),(쿨한 사람이네…… 누구지?<6E5C>근처선 못 본 사람인데),(쿨한 사람이네…… 누구지?<6E5C>근처선 못 본 사람인데)
dom2OP_0701_3.mes,Script/dom2OP_0701_3.mes,34,13,Kisarah,すごくキレイな人だったね,엄청 예쁜 사람이었네,엄청 예쁜 사람이었네
dom2OP_0701_3.mes,Script/dom2OP_0701_3.mes,35,8,주인공,うん、そうだね,"응, 그러네","응, 그러네"
dom2OP_0701_3.mes,Script/dom2OP_0701_3.mes,36,17,Hotaru,あ、お兄ちゃん、鼻の下が伸びてる,"아, 오빠, 완전 헤벌쭉했어","아, 오빠, 완전 헤벌쭉했어"
dom2OP_0701_3.mes,Script/dom2OP_0701_3.mes,37,28,Kisarah,ホントだ.<6E5C><이름:3232>クンって、<6E5C>ああいう人がタイプなんだ?,"진짜네.<6E5C><이름:3232> 군, 저런 사람이<6E5C>이상형이구나?","진짜네.<6E5C><이름:3232> 군, 저런 사람이<6E5C>이상형이구나?"
dom2OP_0701_3.mes,Script/dom2OP_0701_3.mes,38,17,주인공,は?ふたりともなに言ってるんだよ,뭐? 둘 다 무슨 소리야,뭐? 둘 다 무슨 소리야
dom2OP_0701_3.mes,Script/dom2OP_0701_3.mes,39,5,Hotaru,なにって,뭐긴,뭐긴
dom2OP_0701_3.mes,Script/dom2OP_0701_3.mes,40,3,Kisarah,ねぇ,그치,그치
dom2OP_0701_3.mes,Script/dom2OP_0701_3.mes,41,34,주인공,(ハァ……このふたりがそろうと、<6E5C>いつもからかわれてばっかりだな),(하아…… 이 둘이 모이면<6E5C>맨날 놀림만 당한다니까),(하아…… 이 둘이 모이면<6E5C>맨날 놀림만 당한다니까)
dom2OP_0701_3.mes,Script/dom2OP_0701_3.mes,42,44,Kisarah,そうだ<이름:3232>クン、明日の夕方<6E5C>ライブいっしょに行こうよ.<6E5C>NESTSで八神先生のライブ!,"맞다<이름:3232> 군, 내일 저녁 라이브<6E5C>같이 가자. 네스츠에서 야가미<6E5C>라이브 해!","맞다<이름:3232> 군, 내일 저녁 라이브<6E5C>같이 가자. 네스츠에서 야가미<6E5C>라이브 해!"
dom2OP_0701_3.mes,Script/dom2OP_0701_3.mes,43,5,주인공,ねすつ?,네스츠?,네스츠?
dom2OP_0701_3.mes,Script/dom2OP_0701_3.mes,44,28,Kisarah,最近オープンしたクラブだよ.<6E5C>知らないの?遅れてるな~,최근 연 클럽이야.<6E5C>몰랐어? 완전 옛날 사람이네~,최근 연 클럽이야.<6E5C>몰랐어? 완전 옛날 사람이네~
dom2OP_0701_3.mes,Script/dom2OP_0701_3.mes,45,30,주인공,う~ん……どうしようかな.<6E5C>今日も怒られたばっかりだし……,음…… 어떡하지. 오늘도<6E5C>혼난 지 얼마 안 됐는데……,음…… 어떡하지. 오늘도<6E5C>혼난 지 얼마 안 됐는데……
dom2OP_0701_3.mes,Script/dom2OP_0701_3.mes,46,36,Kisarah,フフッ.八神先生、A組の草薙先生<6E5C>とは仲悪いからピリピリしてる<6E5C>もんね,후훗. 야가미 선생님 A반<6E5C>쿠사나기랑 사이 나빠서<6E5C>날카로운 거야,후훗. 야가미 선생님 A반<6E5C>쿠사나기랑 사이 나빠서<6E5C>날카로운 거야
dom2OP_0701_3.mes,Script/dom2OP_0701_3.mes,47,46,Kisarah,ま、そんな恐いトコロも、八神先生<6E5C>の人気につながってるみたいだし.<6E5C><이름:3232>クンも見習ったら?,"뭐, 그런 무서운 면도 야가미<6E5C>선생님 인기에 한몫하나 봐.<6E5C><이름:3232>도 본받지 그래?","뭐, 그런 무서운 면도 야가미<6E5C>선생님 인기에 한몫하나 봐.<6E5C><이름:3232>도 본받지 그래?"
dom2OP_0701_3.mes,Script/dom2OP_0701_3.mes,48,5,주인공,うっ……,으윽……,으윽……
dom2OP_0701_3.mes,Script/dom2OP_0701_3.mes,49,22,주인공,たしかに恐いけどカッコイイよな、<6E5C>八神先輩,"확실히 무섭지만 멋있지,<6E5C>야가미 선배","확실히 무섭지만 멋있지,<6E5C>야가미 선배"
dom2OP_0701_3.mes,Script/dom2OP_0701_3.mes,50,16,Kisarah,じゃあ、ヤ。ク。ソ。ク、だよ?,"그럼, 약. 속. 이. 야?","그럼, 약. 속. 이. 야?"
dom2OP_0701_3.mes,Script/dom2OP_0701_3.mes,51,25,Hotaru,キサラちゃん、<6E5C>ネオジオワールド寄っていかない?,"키사라, 네오지오월드<6E5C>들렀다 가지 않을래?","키사라, 네오지오월드<6E5C>들렀다 가지 않을래?"
dom2OP_0701_3.mes,Script/dom2OP_0701_3.mes,52,7,Kisarah,サンセーイ!,찬성―!,찬성―!
dom2OP_0701_3.mes,Script/dom2OP_0701_3.mes,53,6,주인공,あ、こら!,이봐!,이봐!
dom2OP_0701_4.mes,Script/dom2OP_0701_4.mes,0,17,주인공,ハァ、ハァ、やっと追いついた……,"하아하아, 겨우 따라잡았다……","하아하아, 겨우 따라잡았다……"
dom2OP_0701_4.mes,Script/dom2OP_0701_4.mes,1,10,Kisarah,あれー、来たんだ?,"어라, 왔네?","어라, 왔네?"
dom2OP_0701_4.mes,Script/dom2OP_0701_4.mes,2,39,주인공,ネオジオワールドに寄り道<6E5C>なんて…….あのね、一応僕は<6E5C>教育実習生なんだよ?,"네오지오월드에 잠깐 들르다니……<6E5C>있잖아, 그래도 교육실습생<6E5C>이거든?","네오지오월드에 잠깐 들르다니……<6E5C>있잖아, 그래도 교육실습생<6E5C>이거든?"
dom2OP_0701_4.mes,Script/dom2OP_0701_4.mes,3,43,Kisarah,アタマ固いねぇ.<이름:3232>クンも<6E5C>遊ぼうよ.ボウリングがいい?<6E5C>それともゲーセンコーナー?,고지식하기는.<6E5C><이름:3232> 군도 놀자. 볼링이 좋아?<6E5C>아니면 오락실 코너?,고지식하기는.<6E5C><이름:3232> 군도 놀자. 볼링이 좋아?<6E5C>아니면 오락실 코너?
dom2OP_0701_4.mes,Script/dom2OP_0701_4.mes,4,24,Hotaru,お兄ちゃん、わたしとジェット<6E5C>コースターに……,"오빠, 나랑 롤러코스터<6E5C>타러……","오빠, 나랑 롤러코스터<6E5C>타러……"
dom2OP_0701_4.mes,Script/dom2OP_0701_4.mes,5,9,[효과음/내레이션],PLLLLL……,삐리리릭……,삐리리릭……
dom2OP_0701_4.mes,Script/dom2OP_0701_4.mes,6,21,주인공,あ、僕のケータイだ…….<6E5C>はい、もしもし,"아, 내 핸드폰이다……. 여보세요","아, 내 핸드폰이다……. 여보세요"
dom2OP_0701_4.mes,Script/dom2OP_0701_4.mes,7,6,UNKNOWN_1e,<이름:3131>くん?,<이름:3131> 군?,<이름:3131> 군?
dom2OP_0701_4.mes,Script/dom2OP_0701_4.mes,8,10,주인공,あ、み、巳沢さん?,"미, 미사와 씨?","미, 미사와 씨?"
dom2OP_0701_4.mes,Script/dom2OP_0701_4.mes,9,10,Hotaru,お兄ちゃん……誰?,오빠…… 누구야?,오빠…… 누구야?
dom2OP_0701_4.mes,Script/dom2OP_0701_4.mes,10,31,주인공,あ、ちょっと待って.巳沢雫さん.<6E5C>お兄ちゃんと同じゼミの人だ,잠깐만. 미사와 시즈쿠야.<6E5C>오빠랑 같은 세미나 사람이야,잠깐만. 미사와 시즈쿠야.<6E5C>오빠랑 같은 세미나 사람이야
dom2OP_0701_4.mes,Script/dom2OP_0701_4.mes,11,15,주인공,1回生のときからの友達なんだ,1학년 때부터 친구야,1학년 때부터 친구야
dom2OP_0701_4.mes,Script/dom2OP_0701_4.mes,12,6,Hotaru,……へーえ,……흐응,……흐응
dom2OP_0701_4.mes,Script/dom2OP_0701_4.mes,13,5,Shizuku,…………,…………,…………
dom2OP_0701_4.mes,Script/dom2OP_0701_4.mes,14,35,주인공,あ、ごめんね.レポートの話<6E5C>だっけ?それなら僕から<6E5C>電話したのに……,"아, 미안해. 리포트 얘기였나?<6E5C>그거면 내가 전화했을 텐데……","아, 미안해. 리포트 얘기였나?<6E5C>그거면 내가 전화했을 텐데……"
dom2OP_0701_4.mes,Script/dom2OP_0701_4.mes,15,20,Shizuku,……<이름:3131>くん、<6E5C>私、今朝電話したよね?,"……<이름:3131> 군, 아침에<6E5C>전화했었지?","……<이름:3131> 군, 아침에<6E5C>전화했었지?"
dom2OP_0701_4.mes,Script/dom2OP_0701_4.mes,16,3,주인공,え?,어?,어?
dom2OP_0701_4.mes,Script/dom2OP_0701_4.mes,17,7,주인공,(…………),(…………),(…………)
dom2OP_0701_4.mes,Script/dom2OP_0701_4.mes,18,11,주인공,(し、しまったぁ!),"(아, 아차차!)","(아, 아차차!)"
dom2OP_0701_4.mes,Script/dom2OP_0701_4.mes,19,33,주인공,(ほたるにケータイ鳴ってたって<6E5C>言われたの、すっかり忘れてた!),(호타루가 핸드폰 울렸다고 했던 거<6E5C>완전히 잊고 있었어!),(호타루가 핸드폰 울렸다고 했던 거<6E5C>완전히 잊고 있었어!)
dom2OP_0701_4.mes,Script/dom2OP_0701_4.mes,20,7,주인공,ご、ごめん!,"미, 미안!","미, 미안!"
dom2OP_0701_4.mes,Script/dom2OP_0701_4.mes,21,49,Shizuku,ずいぶん騒がしいけど、もしかして<6E5C>ネオジオワールド?……フフ、課題<6E5C>も終わってないのに余裕なのね,"되게 시끄러운데, 혹시 네오지오<6E5C>월드? …후후, 과제도 안 끝냈으면서<6E5C>여유롭네","되게 시끄러운데, 혹시 네오지오<6E5C>월드? …후후, 과제도 안 끝냈으면서<6E5C>여유롭네"
dom2OP_0701_4.mes,Script/dom2OP_0701_4.mes,22,32,주인공,いや、そういうわけじゃ!<6E5C>妹の寄り道に付き合ってるだけ<6E5C>だよ!,"아니, 그게 아니라!<6E5C>동생 놀러가는 데 따라온 것뿐이야!","아니, 그게 아니라!<6E5C>동생 놀러가는 데 따라온 것뿐이야!"
dom2OP_0701_4.mes,Script/dom2OP_0701_4.mes,23,31,Hotaru,キサラちゃん!お兄ちゃんなんか<6E5C>ほっといて、ふたりで遊ぼう!,키사라! 오빠는 냅두고<6E5C>우리 둘이서 놀자!,키사라! 오빠는 냅두고<6E5C>우리 둘이서 놀자!
dom2OP_0701_4.mes,Script/dom2OP_0701_4.mes,24,10,주인공,え?何を怒って……,어? 왜 화가……,어? 왜 화가……
dom2OP_0701_4.mes,Script/dom2OP_0701_4.mes,25,18,Kisarah,……フゥ.<6E5C><이름:3232>クンも間が悪いなぁ,……하아.<6E5C><이름:3232> 타이밍 안 좋네,……하아.<6E5C><이름:3232> 타이밍 안 좋네
dom2OP_0701_4.mes,Script/dom2OP_0701_4.mes,26,33,주인공,ちょ、ちょっと待てよふたりとも!<6E5C>なんだよ、間が悪いって!おい!,"자, 잠깐 기다려 둘 다!<6E5C>뭐가 타이밍 안 좋다는 거야!","자, 잠깐 기다려 둘 다!<6E5C>뭐가 타이밍 안 좋다는 거야!"
dom2OP_0701_4.mes,Script/dom2OP_0701_4.mes,27,11,Shizuku,どうしたの、<이름:3131>くん,무슨 일<6E5C><이름:3131> 군,무슨 일<6E5C><이름:3131> 군
dom2OP_0701_4.mes,Script/dom2OP_0701_4.mes,28,29,주인공,うん、ちょっと妹がね……急に<6E5C>怒り出して帰っちゃったんだ,"응, 좀 동생이…… 갑자기 화내고<6E5C>가버렸어","응, 좀 동생이…… 갑자기 화내고<6E5C>가버렸어"
dom2OP_0701_4.mes,Script/dom2OP_0701_4.mes,29,19,Shizuku,ふーん……可愛い妹さんね.<6E5C>クスクス,흐응…… 귀여운 동생이네.<6E5C>큭큭,흐응…… 귀여운 동생이네.<6E5C>큭큭
dom2OP_0701_4.mes,Script/dom2OP_0701_4.mes,30,16,주인공,なんで笑ってるの、巳沢さん!?,왜 웃는 거야 미사와 씨!?,왜 웃는 거야 미사와 씨!?
dom2OP_0701_4.mes,Script/dom2OP_0701_4.mes,31,61,Shizuku,フフッ、それより課題の資料、<6E5C>集めておいた方がいいわよ?<485C>明日のゲーニッツ先生の講義で<6E5C>経過報告しないといけないでしょ?,"후훗, 그것보다 과제 자료,<6E5C>모아두는 게 좋을 거야?<485C>내일 게닛츠 선생님 강의에서<6E5C>경과 보고해야 하잖아?","후훗, 그것보다 과제 자료,<6E5C>모아두는 게 좋을 거야?<485C>내일 게닛츠 선생님 강의에서<6E5C>경과 보고해야 하잖아?"
dom2OP_0701_4.mes,Script/dom2OP_0701_4.mes,32,22,주인공,そうだった.<6E5C>巳沢さんはもう資料そろえた?,맞다. 미사와 씨는 벌써<6E5C>자료 모았어?,맞다. 미사와 씨는 벌써<6E5C>자료 모았어?
dom2OP_0701_4.mes,Script/dom2OP_0701_4.mes,33,37,Shizuku,こっちもかんばしくないなぁ.<6E5C>おたがい、がんばりましょ?<6E5C>じゃ、また明日,"이쪽도 시원찮네.<6E5C>서로 힘내자? 그럼, 내일 봐","이쪽도 시원찮네.<6E5C>서로 힘내자? 그럼, 내일 봐"
dom2OP_0701_4.mes,Script/dom2OP_0701_4.mes,34,8,주인공,うん.また明日,응. 내일 봐,응. 내일 봐
dom2OP_0701_4.mes,Script/dom2OP_0701_4.mes,35,5,주인공,…………,…………,…………
dom2OP_0701_4.mes,Script/dom2OP_0701_4.mes,36,65,주인공,巳沢さんの電話を忘れていたのは<6E5C>失敗だったな……<485C>レポートのテーマは同じなんだし、<6E5C>ここで何か資料をもらえれば、<6E5C>被女も喜ぶはず,"미사와 씨 전화를 잊은 건<6E5C>실수였네……<485C>리포트 주제도 같으니까,<6E5C>여기서 뭔가 자료를 얻으면,<6E5C>그녀도 기뻐할 거야","미사와 씨 전화를 잊은 건<6E5C>실수였네……<485C>리포트 주제도 같으니까,<6E5C>여기서 뭔가 자료를 얻으면,<6E5C>그녀도 기뻐할 거야"
dom2OP_0701_4.mes,Script/dom2OP_0701_4.mes,37,26,주인공,この町一番の歴史を持つ神楽神社<6E5C>なら何かあるはずだ,동네서 가장 오래된<6E5C>카구라 신사면 뭔가 있겠지,동네서 가장 오래된<6E5C>카구라 신사면 뭔가 있겠지
dom2OP_0701_4.mes,Script/dom2OP_0701_4.mes,38,9,[효과음/내레이션],ピチ、ピチチ……,"삐, 삐삐……","삐, 삐삐……"
dom2OP_0701_4.mes,Script/dom2OP_0701_4.mes,39,10,주인공,ん?なんだ、今の音,응? 방금 소리,응? 방금 소리
dom2OP_0701_4.mes,Script/dom2OP_0701_4.mes,40,6,[효과음/내레이션],ピチチ……,삐삐……,삐삐……
dom2OP_0701_4.mes,Script/dom2OP_0701_4.mes,41,3,[효과음/내레이션],パタ,파닥,파닥
dom2OP_0701_4.mes,Script/dom2OP_0701_4.mes,42,8,주인공,あ…….小鳥?,아…… 새?,아…… 새?
dom2OP_0701_4.mes,Script/dom2OP_0701_4.mes,43,10,UNKNOWN_1e,こら、チーちゃん!,"이놈, 치짱!","이놈, 치짱!"
dom2OP_0701_4.mes,Script/dom2OP_0701_4.mes,44,4,주인공,ん……,음……,음……
dom2OP_0701_4.mes,Script/dom2OP_0701_4.mes,45,20,UNKNOWN_1e,だめでしょ、チーちゃん、<6E5C>おいたしちゃ,"안 되지, 치짱,<6E5C>장난치면","안 되지, 치짱,<6E5C>장난치면"
dom2OP_0701_4.mes,Script/dom2OP_0701_4.mes,46,6,주인공,神楽先輩?,선배?,선배?
dom2OP_0701_4.mes,Script/dom2OP_0701_4.mes,47,15,Chizuru,あら……どなただったかしら?,어머…… 누구셨더라?,어머…… 누구셨더라?
dom2OP_0701_4.mes,Script/dom2OP_0701_4.mes,48,21,주인공,あ、そっか、神楽先輩は知らない<6E5C>ですよね,"아, 그렇지, 카구라 선배는<6E5C>모르시죠","아, 그렇지, 카구라 선배는<6E5C>모르시죠"
dom2OP_0701_4.mes,Script/dom2OP_0701_4.mes,49,37,주인공,僕、神楽先輩と同じ清泉大学の<6E5C>3回生、<이름:3131><이름:3232>っていいます.<6E5C>初めまして,카구라 선배와 같은 세이센대<6E5C>3학년 <이름:3131><이름:3232>입니다.<6E5C>반갑습니다,카구라 선배와 같은 세이센대<6E5C>3학년 <이름:3131><이름:3232>입니다.<6E5C>반갑습니다
dom2OP_0701_4.mes,Script/dom2OP_0701_4.mes,50,24,Chizuru,まぁ、後輩なのね.<6E5C>初めまして、神楽ちづるです,"어머, 후배구나.<6E5C>반가워 카구라 치즈루예요","어머, 후배구나.<6E5C>반가워 카구라 치즈루예요"
dom2OP_0701_4.mes,Script/dom2OP_0701_4.mes,51,22,Chizuru,どうして私の名前をご存知だったの<6E5C>かしら?,어떻게 제 이름을 알고<6E5C>계셨을까요?,어떻게 제 이름을 알고<6E5C>계셨을까요?
dom2OP_0701_4.mes,Script/dom2OP_0701_4.mes,52,38,주인공,大学院生で巫女さんをしてる美人が<6E5C>いるって、友達の間で有名だった<6E5C>から……,대학원생인데 무녀인<6E5C>미인이 있다고 친구들 사이에서<6E5C>유명했거든요……,대학원생인데 무녀인<6E5C>미인이 있다고 친구들 사이에서<6E5C>유명했거든요……
dom2OP_0701_4.mes,Script/dom2OP_0701_4.mes,53,8,Chizuru,あら、嬉しいわ,"어머, 기쁘네","어머, 기쁘네"
dom2OP_0701_4.mes,Script/dom2OP_0701_4.mes,54,21,Chizuru,美人だなんて、良いお友達をお持ち<6E5C>なのね,"미인이라니, 좋은 친구를<6E5C>가졌네요","미인이라니, 좋은 친구를<6E5C>가졌네요"
dom2OP_0701_4.mes,Script/dom2OP_0701_4.mes,55,28,주인공,(……友達は「変わった人だ」、<6E5C>とも言ってたけど……),(……친구는 '특이한 사람'이라고도<6E5C>했었지만……),(……친구는 '특이한 사람'이라고도<6E5C>했었지만……)
dom2OP_0701_4.mes,Script/dom2OP_0701_4.mes,56,16,주인공,(それは言わないでおこうっと),(그건 말 안 하는 걸로),(그건 말 안 하는 걸로)
dom2OP_0701_4.mes,Script/dom2OP_0701_4.mes,57,20,Chizuru,それで、神楽神社になにかご用<6E5C>かしら?,"그래서, 신사에 무슨 일<6E5C>이신가요?","그래서, 신사에 무슨 일<6E5C>이신가요?"
dom2OP_0701_4.mes,Script/dom2OP_0701_4.mes,58,34,주인공,あ……僕、ゼミの課題でこのあたり<6E5C>の伝説を調べることになったんです,"아…… 저, 세미나 과제로 이 근처<6E5C>전설을 조사하게 됐어요","아…… 저, 세미나 과제로 이 근처<6E5C>전설을 조사하게 됐어요"
dom2OP_0701_4.mes,Script/dom2OP_0701_4.mes,59,25,주인공,それで、神楽神社なら何か資料が<6E5C>あるかなと思って,"그래서, 카구라 신사면<6E5C>자료 있을까 해서","그래서, 카구라 신사면<6E5C>자료 있을까 해서"
dom2OP_0701_4.mes,Script/dom2OP_0701_4.mes,60,52,Chizuru,そう……たしかにここにはほとんど<6E5C>文献に記されていないような、<485C>口碑、伝説、芸能なんかの<6E5C>資料があるわ,"그래…… 확실히 여기엔 거의<6E5C>문헌에 없는 것 같은,<485C>구전, 전설, 예능 같은<6E5C>자료가 있어","그래…… 확실히 여기엔 거의<6E5C>문헌에 없는 것 같은,<485C>구전, 전설, 예능 같은<6E5C>자료가 있어"
dom2OP_0701_4.mes,Script/dom2OP_0701_4.mes,61,26,Chizuru,でも、簡単に人に見せられるような<6E5C>ものじゃないのよ,"근데, 쉽게 남에게 보여줄 수<6E5C>있는 게 아니야","근데, 쉽게 남에게 보여줄 수<6E5C>있는 게 아니야"
dom2OP_0701_4.mes,Script/dom2OP_0701_4.mes,62,8,주인공,そうですか……,그렇군요……,그렇군요……
dom2OP_0701_4.mes,Script/dom2OP_0701_4.mes,63,5,Chizuru,…………,…………,…………
dom2OP_0701_4.mes,Script/dom2OP_0701_4.mes,64,5,주인공,…………,…………,…………
dom2OP_0701_4.mes,Script/dom2OP_0701_4.mes,65,40,Chizuru,そ、そんなにがっかりした顔をしな<6E5C>いで.どうしてもダメというわけ<6E5C>ではないのよ,"그, 그렇게 실망한 얼굴 하지 마.<6E5C>절대 안 된다는 건 아니야","그, 그렇게 실망한 얼굴 하지 마.<6E5C>절대 안 된다는 건 아니야"
dom2OP_0701_4.mes,Script/dom2OP_0701_4.mes,66,36,Chizuru,ただ、そんなに簡単に見せられるも<6E5C>のではないという……<6E5C>わかるでしょ?,"다만, 그렇게 쉽게 보여줄<6E5C>물건이 아니라는 거…… 알겠지?","다만, 그렇게 쉽게 보여줄<6E5C>물건이 아니라는 거…… 알겠지?"
dom2OP_0701_4.mes,Script/dom2OP_0701_4.mes,67,39,주인공,わかります.いいんです.<6E5C>無理を言ってすいません.<6E5C>それじゃ、僕はこれで……,"알겠어요. 괜찮아요.<6E5C>무리한 부탁 죄송해요.<6E5C>그럼, 저는 이만……","알겠어요. 괜찮아요.<6E5C>무리한 부탁 죄송해요.<6E5C>그럼, 저는 이만……"
dom2OP_0701_4.mes,Script/dom2OP_0701_4.mes,68,28,Chizuru,ちょ、ちょっと待って.<6E5C>なんだか私が悪者みたいじゃない,"자, 잠깐만.<6E5C>왠지 내가 나쁜 사람 같잖아","자, 잠깐만.<6E5C>왠지 내가 나쁜 사람 같잖아"
dom2OP_0701_4.mes,Script/dom2OP_0701_4.mes,69,21,Chizuru,……いいわ、少しだけなら見せて<6E5C>あげるわ,"……좋아, 조금이라면<6E5C>보여줄게","……좋아, 조금이라면<6E5C>보여줄게"
dom2OP_0701_4.mes,Script/dom2OP_0701_4.mes,70,19,주인공,ほんとですか!<6E5C>ありがとうございます,정말요!<6E5C>감사합니다,정말요!<6E5C>감사합니다
dom2OP_0701_4.mes,Script/dom2OP_0701_4.mes,71,29,Chizuru,……私って、母性本能をくすぐられ<6E5C>るのに弱いのかしら……,"……나 참, 모성본능 자극당하는<6E5C>거에 약한가 봐","……나 참, 모성본능 자극당하는<6E5C>거에 약한가 봐"
dom2OP_0701_4.mes,Script/dom2OP_0701_4.mes,72,10,주인공,なにか言いました?,뭐라고 하셨어요?,뭐라고 하셨어요?
dom2OP_0701_4.mes,Script/dom2OP_0701_4.mes,73,24,Chizuru,なんでもないわ.<6E5C>こっちよ、ついていらっしゃい,"아무것도 아니야.<6E5C>이쪽이야, 따라와","아무것도 아니야.<6E5C>이쪽이야, 따라와"
dom2OP_0701_4.mes,Script/dom2OP_0701_4.mes,74,60,주인공,(神楽先輩に案内された部屋にはた<6E5C>くさんの文献があったけど、<485C>多すぎて何が必要になるか、<6E5C>ほとんどわからなかった……),"(카구라 선배가 안내해준 방엔<6E5C>많은 문헌이 있었지만,<485C>너무 많아서 뭐가 필요한지<6E5C>거의 알 수 없었다……)","(카구라 선배가 안내해준 방엔<6E5C>많은 문헌이 있었지만,<485C>너무 많아서 뭐가 필요한지<6E5C>거의 알 수 없었다……)"
dom2OP_0701_4.mes,Script/dom2OP_0701_4.mes,75,11,Chizuru,どう、勉強になった?,"어때, 공부됐어?","어때, 공부됐어?"
dom2OP_0701_4.mes,Script/dom2OP_0701_4.mes,76,44,주인공,は、はい.ありがとうござい<6E5C>ました.あの、この1冊をお借り<6E5C>しておいていいでしょうか?,"네, 네. 감사했습니다.<6E5C>저, 이 책 한 권 빌려도<6E5C>될까요?","네, 네. 감사했습니다.<6E5C>저, 이 책 한 권 빌려도<6E5C>될까요?"
dom2OP_0701_4.mes,Script/dom2OP_0701_4.mes,77,26,Chizuru,ええ.本棚のこやしになるよりは、<6E5C>本も喜ぶと思うわ,그래.<6E5C>책장에서 썩는 것보단<6E5C>책도 기뻐할 거야,그래.<6E5C>책장에서 썩는 것보단<6E5C>책도 기뻐할 거야
dom2OP_0701_4.mes,Script/dom2OP_0701_4.mes,78,16,주인공,あの……また来てもいいですか?,저기…… 또 와도 될까요?,저기…… 또 와도 될까요?
dom2OP_0701_4.mes,Script/dom2OP_0701_4.mes,79,72,Chizuru,いいわよ.ただ、私もたまには大学<6E5C>に顔を出さないといけないし、<485C>17日の夏祭りの準備があるから、<6E5C>いつでも時間をとれるって<6E5C>わけじゃないけどね,"그래.<6E5C>다만 나도 가끔 대학에<6E5C>얼굴 비쳐야 하고,<485C>17일 여름 축제 준비도<6E5C>있으니까, 언제든 시간<6E5C>낼 수 있는 건 아니지만","그래.<6E5C>다만 나도 가끔 대학에<6E5C>얼굴 비쳐야 하고,<485C>17일 여름 축제 준비도<6E5C>있으니까, 언제든 시간<6E5C>낼 수 있는 건 아니지만"
dom2OP_0701_4.mes,Script/dom2OP_0701_4.mes,80,23,주인공,ありがとうございます!<6E5C>それじゃ、また来ます,"감사합니다!<6E5C>그럼, 또 올게요","감사합니다!<6E5C>그럼, 또 올게요"
dom2OP_0701_4.mes,Script/dom2OP_0701_4.mes,81,14,Chizuru,また、いつでもいらっしゃい,"또, 언제든지 오렴","또, 언제든지 오렴"
dom2OP_0701_4.mes,Script/dom2OP_0701_4.mes,82,15,Chizuru,ほら、チーちゃん、戻るわよ!,"자, 치짱, 돌아가자!","자, 치짱, 돌아가자!"
dom2OP_0701_4.mes,Script/dom2OP_0701_4.mes,83,4,[효과음/내레이션],ピチチ,삐약,삐약
dom2OP_0701_4.mes,Script/dom2OP_0701_4.mes,84,6,[효과음/내레이션],パタタ……,파닥……,파닥……
dom2OP_0701_5.mes,Script/dom2OP_0701_5.mes,0,9,주인공,(……静かだな),(……조용하네),(……조용하네)
dom2OP_0701_5.mes,Script/dom2OP_0701_5.mes,1,28,주인공,(ほたるももう寝てるよな.<6E5C>僕もさっさと着替えて……),(호타루도 이제 자겠지.<6E5C>나도 얼른 갈아입고……),(호타루도 이제 자겠지.<6E5C>나도 얼른 갈아입고……)
dom2OP_0701_5.mes,Script/dom2OP_0701_5.mes,2,8,Hotaru,お兄ちゃんっ!,오빠!,오빠!
dom2OP_0701_5.mes,Script/dom2OP_0701_5.mes,3,6,주인공,うわぁっ!,으악!,으악!
dom2OP_0701_5.mes,Script/dom2OP_0701_5.mes,4,15,주인공,……おまえ、まだ起きてたのか,"……너, 아직 안 잤어?","……너, 아직 안 잤어?"
dom2OP_0701_5.mes,Script/dom2OP_0701_5.mes,5,23,Hotaru,お兄ちゃんが帰ってくるのを待って<6E5C>たんだよ!,오빠 돌아오는 거<6E5C>기다리고 있었어!,오빠 돌아오는 거<6E5C>기다리고 있었어!
dom2OP_0701_5.mes,Script/dom2OP_0701_5.mes,6,21,주인공,ははは、兄想いの良い妹だなぁ、<6E5C>ほたるは,"하하하, 오빠 생각하는<6E5C>착한 동생이네","하하하, 오빠 생각하는<6E5C>착한 동생이네"
dom2OP_0701_5.mes,Script/dom2OP_0701_5.mes,7,17,주인공,ネオジオワールドは楽しかったか?,네오지오월드는 재밌었어?,네오지오월드는 재밌었어?
dom2OP_0701_5.mes,Script/dom2OP_0701_5.mes,8,26,Hotaru,……お兄ちゃんは巳沢さんと楽しく<6E5C>デートしてたの?,……오빠는 미사와 씨랑<6E5C>즐겁게 데이트했어?,……오빠는 미사와 씨랑<6E5C>즐겁게 데이트했어?
dom2OP_0701_5.mes,Script/dom2OP_0701_5.mes,9,4,주인공,えぇ?,에?,에?
dom2OP_0701_5.mes,Script/dom2OP_0701_5.mes,10,17,Hotaru,もう、お兄ちゃんなんか知らない!,"정말, 오빠 같은 거 몰라!","정말, 오빠 같은 거 몰라!"
dom2OP_0701_5.mes,Script/dom2OP_0701_5.mes,11,5,UNKNOWN_3e,キュゥ!,끼익!,끼익!
dom2OP_0701_5.mes,Script/dom2OP_0701_5.mes,12,4,[효과음/내레이션],ガブッ,덥석,덥석
dom2OP_0701_5.mes,Script/dom2OP_0701_5.mes,13,6,주인공,いってー!,아야!,아야!
dom2OP_0701_5.mes,Script/dom2OP_0701_5.mes,14,15,Hotaru,明日は最後の教育実習でしょ!,내일 마지막 교육실습이야!,내일 마지막 교육실습이야!
dom2OP_0701_5.mes,Script/dom2OP_0701_5.mes,15,13,Hotaru,早く寝たら?おやすみっ!,빨리 자지?<6E5C>잘 자!,빨리 자지?<6E5C>잘 자!
dom2OP_0701_5.mes,Script/dom2OP_0701_5.mes,16,5,UNKNOWN_3e,キュゥ!,끼익!,끼익!
dom2OP_0701_5.mes,Script/dom2OP_0701_5.mes,17,6,[효과음/내레이션],バタンッ!,쾅!,쾅!
dom2OP_0701_5.mes,Script/dom2OP_0701_5.mes,18,5,주인공,…………,…………,…………
dom2OP_0701_5.mes,Script/dom2OP_0701_5.mes,19,11,주인공,な、なんなんだよ……,"뭐, 뭐냐고……","뭐, 뭐냐고……"
dom2OP_0701_5.mes,Script/dom2OP_0701_5.mes,20,17,주인공,言われなくても寝るよ、ったく……,말 안 해도 잘 거야……,말 안 해도 잘 거야……
dom2OP_0701_5.mes,Script/dom2OP_0701_5.mes,21,4,[효과음/내레이션],パチン,딸깍,딸깍
dom2OP_0701_5.mes,Script/dom2OP_0701_5.mes,22,7,주인공,(…………),(…………),(…………)
dom2OP_0701_5.mes,Script/dom2OP_0701_5.mes,23,20,주인공,(今夜はあの夢、見ないといい<6E5C>な……),"(오늘은 그 꿈,<6E5C>꾸지 않았으면)","(오늘은 그 꿈,<6E5C>꾸지 않았으면)"
dom2OP_0701_5.mes,Script/dom2OP_0701_5.mes,24,5,[효과음/내레이션],…………,…………,…………
dom2OP_0702_1.mes,Script/dom2OP_0702_1.mes,0,7,[효과음/내레이션],ピピピピ……,삐리리릭……,삐리리릭……
dom2OP_0702_1.mes,Script/dom2OP_0702_1.mes,1,3,[효과음/내레이션],ピッ,삑,삑
dom2OP_0702_1.mes,Script/dom2OP_0702_1.mes,2,4,주인공,ん……,음……,음……
dom2OP_0702_1.mes,Script/dom2OP_0702_1.mes,3,19,주인공,(朝か……今日は夢を見なかった<6E5C>な),(아침인가…… 꿈을<6E5C>안 꾸었네),(아침인가…… 꿈을<6E5C>안 꾸었네)
dom2OP_0702_1.mes,Script/dom2OP_0702_1.mes,4,24,주인공,(っと、今日は僕がほたるを起こさ<6E5C>ないと……),"(참, 오늘은 내가 호타루<6E5C>깨워야 하는데)","(참, 오늘은 내가 호타루<6E5C>깨워야 하는데)"
dom2OP_0702_1.mes,Script/dom2OP_0702_1.mes,5,5,[효과음/내레이션],コンコン,똑똑,똑똑
dom2OP_0702_1.mes,Script/dom2OP_0702_1.mes,6,8,주인공,ほたる、朝だよ,호타루 일어나,호타루 일어나
dom2OP_0702_1.mes,Script/dom2OP_0702_1.mes,7,23,Hotaru,んん……お願いお兄ちゃん、<6E5C>あと5分だけ……,"으응…… 부탁이야 오빠,<6E5C>5분만 더……","으응…… 부탁이야 오빠,<6E5C>5분만 더……"
dom2OP_0702_1.mes,Script/dom2OP_0702_1.mes,8,14,주인공,ダメダメ.ほら、早く起きて,안 돼.<6E5C>얼른 일어나,안 돼.<6E5C>얼른 일어나
dom2OP_0702_1.mes,Script/dom2OP_0702_1.mes,9,15,Hotaru,ムニャ……おはよ、お兄ちゃん,"우냐…… 잘 잤어, 오빠","우냐…… 잘 잤어, 오빠"
dom2OP_0702_1.mes,Script/dom2OP_0702_1.mes,10,5,주인공,おはよう,잘 잤어,잘 잤어
dom2OP_0702_1.mes,Script/dom2OP_0702_1.mes,11,39,Hotaru,あ、そうだ.昨日、お母さんから電<6E5C>話があったよ.たまには実家に顔を<6E5C>出せって,"아, 맞다. 어제 엄마한테<6E5C>전화 왔었어. 가끔은 집에<6E5C>얼굴 비치라고","아, 맞다. 어제 엄마한테<6E5C>전화 왔었어. 가끔은 집에<6E5C>얼굴 비치라고"
dom2OP_0702_1.mes,Script/dom2OP_0702_1.mes,12,25,주인공,わかった.ほたるが夏休みに<6E5C>入ったら一度帰ろうか,알았어.<6E5C>호타루 여름방학 되면<6E5C>한번 돌아갈까,알았어.<6E5C>호타루 여름방학 되면<6E5C>한번 돌아갈까
dom2OP_0702_1.mes,Script/dom2OP_0702_1.mes,13,10,Hotaru,う、うん.そうだね,"으, 응. 그러네","으, 응. 그러네"
dom2OP_0702_1.mes,Script/dom2OP_0702_1.mes,14,23,주인공,……帰りたくないならそう言え.<6E5C>無理するなよ,……돌아가기 싫으면 말해.<6E5C>무리하지 마,……돌아가기 싫으면 말해.<6E5C>무리하지 마
dom2OP_0702_1.mes,Script/dom2OP_0702_1.mes,15,11,Hotaru,ごめんね、お兄ちゃん,"미안해, 오빠","미안해, 오빠"
dom2OP_0702_1.mes,Script/dom2OP_0702_1.mes,16,32,주인공,ほたる……ほたるがこの部屋に来た<6E5C>ときも、ごめんねって言ったね,호타루가 이 방에<6E5C>왔을 때도 미안하다고 했지,호타루가 이 방에<6E5C>왔을 때도 미안하다고 했지
dom2OP_0702_1.mes,Script/dom2OP_0702_1.mes,17,21,주인공,あのとき、僕がなんて言ったか<6E5C>覚えてる?,"그때, 내가 뭐라고 했는지<6E5C>기억해?","그때, 내가 뭐라고 했는지<6E5C>기억해?"
dom2OP_0702_1.mes,Script/dom2OP_0702_1.mes,18,33,Hotaru,家族なんだから……ごめんねじゃな<6E5C>くて、ありがとうだろ、って……,"가족이니까…… 미안하다가 아니라,<6E5C>고맙다고 해야지, 라고","가족이니까…… 미안하다가 아니라,<6E5C>고맙다고 해야지, 라고"
dom2OP_0702_1.mes,Script/dom2OP_0702_1.mes,19,14,주인공,そう、ごめんねはいらないよ,"그래, 미안하단 말 됐어","그래, 미안하단 말 됐어"
dom2OP_0702_1.mes,Script/dom2OP_0702_1.mes,20,16,Hotaru,うん……ありがとう、お兄ちゃん,"응…… 고마워, 오빠","응…… 고마워, 오빠"
dom2OP_0702_1.mes,Script/dom2OP_0702_1.mes,21,15,주인공,よく覚えてるな.えらいえらい,잘 기억하네.<6E5C>기특하네,잘 기억하네.<6E5C>기특하네
dom2OP_0702_1.mes,Script/dom2OP_0702_1.mes,22,12,Hotaru,もう、こども扱いして!,"정말, 애 취급하고!","정말, 애 취급하고!"
dom2OP_0702_1.mes,Script/dom2OP_0702_1.mes,23,36,주인공,ごめんごめん.今日は大学に顔出<6E5C>さないといけないから、<6E5C>僕は先に行くよ,"미안미안.<6E5C>오늘은 대학에 얼굴 비쳐야<6E5C>하니까, 나 먼저 갈게","미안미안.<6E5C>오늘은 대학에 얼굴 비쳐야<6E5C>하니까, 나 먼저 갈게"
dom2OP_0702_1.mes,Script/dom2OP_0702_1.mes,24,22,Hotaru,え~、いっしょに朝ごはん食べてか<6E5C>ないの?,"에~, 같이 아침 안 먹고 가?","에~, 같이 아침 안 먹고 가?"
dom2OP_0702_1.mes,Script/dom2OP_0702_1.mes,25,27,주인공,ごめん、ちょっと待ち合わせが<6E5C>あってさ.行ってきます,"미안, 약속이 좀 있어서.<6E5C>다녀올게","미안, 약속이 좀 있어서.<6E5C>다녀올게"
dom2OP_0702_2.mes,Script/dom2OP_0702_2.mes,0,14,[효과음/내레이션],♪キーンコーンカーンコーン,♪딩동댕동,♪딩동댕동
dom2OP_0702_2.mes,Script/dom2OP_0702_2.mes,1,5,주인공,……ふぅ,……후우,……후우
dom2OP_0702_2.mes,Script/dom2OP_0702_2.mes,2,17,주인공,なんとか最後の授業も終えられたや,어떻게든 마지막 수업도 끝냈네,어떻게든 마지막 수업도 끝냈네
dom2OP_0702_2.mes,Script/dom2OP_0702_2.mes,3,26,주인공,さて、これからは大学の単位取得に<6E5C>専念しないと……,"자, 이제 대학 학점 따는<6E5C>데 전념해야지……","자, 이제 대학 학점 따는<6E5C>데 전념해야지……"
dom2OP_0702_2.mes,Script/dom2OP_0702_2.mes,4,5,UNKNOWN_1e,<이름:3131>くん,<이름:3131> 군,<이름:3131> 군
dom2OP_0702_2.mes,Script/dom2OP_0702_2.mes,5,5,주인공,巳沢さん,미사와,미사와
dom2OP_0702_2.mes,Script/dom2OP_0702_2.mes,6,12,Shizuku,やっと<이름:3131>くんに会えた,드디어<이름:3131> 군 만났다,드디어<이름:3131> 군 만났다
dom2OP_0702_2.mes,Script/dom2OP_0702_2.mes,7,8,주인공,昨日はごめんね,어제는 미안해,어제는 미안해
dom2OP_0702_2.mes,Script/dom2OP_0702_2.mes,8,38,Shizuku,もう、まだ言ってる.<6E5C>今からゼミに行くところだったの、<6E5C>一緒に行きましょ?,"정말, 아직도 그 얘기야.<6E5C>지금 세미나 가는 길인데,<6E5C>같이 갈래?","정말, 아직도 그 얘기야.<6E5C>지금 세미나 가는 길인데,<6E5C>같이 갈래?"
dom2OP_0702_2.mes,Script/dom2OP_0702_2.mes,9,14,주인공,うん.ええっと、教室は……,"응. 어, 교실은……","응. 어, 교실은……"
dom2OP_0702_2.mes,Script/dom2OP_0702_2.mes,10,6,[효과음/내레이션],ビュウッ!,휘이익!,휘이익!
dom2OP_0702_2.mes,Script/dom2OP_0702_2.mes,11,5,Shizuku,きゃっ!,꺄악!,꺄악!
dom2OP_0702_2.mes,Script/dom2OP_0702_2.mes,12,15,주인공,なんだ?いきなり強い風が……,갑자기 강한 바람이……,갑자기 강한 바람이……
dom2OP_0702_2.mes,Script/dom2OP_0702_2.mes,13,8,[효과음/내레이션],バサバサバサッ,파사삭,파사삭
dom2OP_0702_2.mes,Script/dom2OP_0702_2.mes,14,14,Shizuku,あ……、紙が風に舞って……,아…… 종이가 날아가서,아…… 종이가 날아가서
dom2OP_0702_2.mes,Script/dom2OP_0702_2.mes,15,30,주인공,……この、吹雪のようにレポート<6E5C>用紙を散らす人と言えば……,……이 눈보라처럼 리포트<6E5C>용지를 흩날리는 사람이라면,……이 눈보라처럼 리포트<6E5C>용지를 흩날리는 사람이라면
dom2OP_0702_2.mes,Script/dom2OP_0702_2.mes,16,31,UNKNOWN_1e,……あなた、こんなブザマな出来で<6E5C>よく提出しようと思ったわね,"……당신, 이런 엉망인 걸로<6E5C>잘도 제출하려고 했네","……당신, 이런 엉망인 걸로<6E5C>잘도 제출하려고 했네"
dom2OP_0702_2.mes,Script/dom2OP_0702_2.mes,17,22,UNKNOWN_1e,その度胸だけは誉めてあげても<6E5C>よくってよ?,그 배짱만은 칭찬해줘도<6E5C>괜찮으려나?,그 배짱만은 칭찬해줘도<6E5C>괜찮으려나?
dom2OP_0702_2.mes,Script/dom2OP_0702_2.mes,18,14,UNKNOWN_45,ああ、おれのレポートが……,"아아, 내 리포트가……","아아, 내 리포트가……"
dom2OP_0702_2.mes,Script/dom2OP_0702_2.mes,19,15,UNKNOWN_1e,こんなものは紙くずも同然……,이런 건 휴지나 다름없어,이런 건 휴지나 다름없어
dom2OP_0702_2.mes,Script/dom2OP_0702_2.mes,20,43,UNKNOWN_1e,私の13センチのピンヒールに踏み<6E5C>にじられるのが、せいぜいお似合い<6E5C>と言ったところね,"내 13센티 핀힐에 눌리는 게,<6E5C>딱 어울리는 결말이겠네","내 13센티 핀힐에 눌리는 게,<6E5C>딱 어울리는 결말이겠네"
dom2OP_0702_2.mes,Script/dom2OP_0702_2.mes,21,36,UNKNOWN_45,イ、イチから修行のやり直しだ……<6E5C>ううっ、草薙さん<6E5C>ごめんなさ~い……,"이, 이치부터 다시 수행이다……<6E5C>으윽, 쿠사나기 씨 죄송해요~","이, 이치부터 다시 수행이다……<6E5C>으윽, 쿠사나기 씨 죄송해요~"
dom2OP_0702_2.mes,Script/dom2OP_0702_2.mes,22,7,[효과음/내레이션],コツ、コツ、,또각또각,또각또각
dom2OP_0702_2.mes,Script/dom2OP_0702_2.mes,23,20,주인공,お、お久しぶりです、<6E5C>マチュアさん……,"오, 오랜만이에요,<6E5C>마츄어 씨……","오, 오랜만이에요,<6E5C>마츄어 씨……"
dom2OP_0702_2.mes,Script/dom2OP_0702_2.mes,24,25,주인공,相変わらず、紙吹雪とともに<6E5C>華麗なるご登場で……,"여전히, 색종이와<6E5C>화려하게 등장하시네요……","여전히, 색종이와<6E5C>화려하게 등장하시네요……"
dom2OP_0702_2.mes,Script/dom2OP_0702_2.mes,25,35,Mature,あら、久しぶりに来たのに、<6E5C>ちゃんと私のこと覚えてたのね.<6E5C>えらいわ,"어머, 오랜만에 왔는데,<6E5C>제대로 날 기억하고 있었네.<6E5C>기특해","어머, 오랜만에 왔는데,<6E5C>제대로 날 기억하고 있었네.<6E5C>기특해"
dom2OP_0702_2.mes,Script/dom2OP_0702_2.mes,26,28,주인공,も、もちろんですよ.<6E5C>マチュアさんは有名人ですから……,"무, 물론이죠.<6E5C>마츄어 씨는 유명인이니까요……","무, 물론이죠.<6E5C>마츄어 씨는 유명인이니까요……"
dom2OP_0702_2.mes,Script/dom2OP_0702_2.mes,27,20,주인공,(どうもこの人は苦手なんだよ<6E5C>な……),(왠지 이 사람 껄끄럽네……),(왠지 이 사람 껄끄럽네……)
dom2OP_0702_2.mes,Script/dom2OP_0702_2.mes,28,17,Mature,ふぅん、私はどう有名なのかしら?,"흐응, 뭘로 유명한 걸까?","흐응, 뭘로 유명한 걸까?"
dom2OP_0702_2.mes,Script/dom2OP_0702_2.mes,29,21,주인공,え、と……学長秘書で、美人で<6E5C>有能で……,"어…… 학장 비서, 미인<6E5C>유능……","어…… 학장 비서, 미인<6E5C>유능……"
dom2OP_0702_2.mes,Script/dom2OP_0702_2.mes,30,54,주인공,(レポートを紙吹雪にしまくるから<6E5C>「風に散る花びら」って)<485C>(呼ばれてる、って<6E5C>言ったら怒るだろうな……),(리포트를 색종이로 만들어<6E5C>대니까 '바람에 흩날리는 꽃잎'<485C>이라 불린다고 하면<6E5C>화내겠지……),(리포트를 색종이로 만들어<6E5C>대니까 '바람에 흩날리는 꽃잎'<485C>이라 불린다고 하면<6E5C>화내겠지……)
dom2OP_0702_2.mes,Script/dom2OP_0702_2.mes,31,10,Mature,フフ、かわいい子ね,"후후, 귀여운 애","후후, 귀여운 애"
dom2OP_0702_2.mes,Script/dom2OP_0702_2.mes,32,26,주인공,あ、あの……僕、ゼミがあるんで、<6E5C>これで失礼します,"저, 저기…… 세미나 있어서,<6E5C>이만 실례할게요","저, 저기…… 세미나 있어서,<6E5C>이만 실례할게요"
dom2OP_0702_2.mes,Script/dom2OP_0702_2.mes,33,6,Mature,待ちなさい,기다려,기다려
dom2OP_0702_2.mes,Script/dom2OP_0702_2.mes,34,6,주인공,は、はい?,"네, 넵?","네, 넵?"
dom2OP_0702_2.mes,Script/dom2OP_0702_2.mes,35,8,Mature,これを見なさい,이걸 봐,이걸 봐
dom2OP_0702_2.mes,Script/dom2OP_0702_2.mes,36,13,주인공,こ、これは、僕の成績表?,"이, 이건 제 성적표?","이, 이건 제 성적표?"
dom2OP_0702_2.mes,Script/dom2OP_0702_2.mes,37,22,Mature,そう、あなたのものよ.<6E5C>ここをごらんなさい,"그래, 네 거야.<6E5C>여길 보렴","그래, 네 거야.<6E5C>여길 보렴"
dom2OP_0702_2.mes,Script/dom2OP_0702_2.mes,38,16,주인공,え、と……民俗学、評価……D?,"어, 그게…… 민속학, D?","어, 그게…… 민속학, D?"
dom2OP_0702_2.mes,Script/dom2OP_0702_2.mes,39,28,Mature,そうね、正解よ.これがなにを意味<6E5C>するかわかるかしら?,"그래, 정답이야.<6E5C>이게 뭘 뜻하는지 알겠니?","그래, 정답이야.<6E5C>이게 뭘 뜻하는지 알겠니?"
dom2OP_0702_2.mes,Script/dom2OP_0702_2.mes,40,9,주인공,単位が取れない?,학점 못 딴다?,학점 못 딴다?
dom2OP_0702_2.mes,Script/dom2OP_0702_2.mes,41,26,Mature,わかってるじゃない.<6E5C>じゃあこれは知ってるかしら?,잘 아네.<6E5C>그럼 이건 알고 있으려나?,잘 아네.<6E5C>그럼 이건 알고 있으려나?
dom2OP_0702_2.mes,Script/dom2OP_0702_2.mes,42,32,Mature,この大学では、自分の専門分野で<6E5C>単位を落とすと進級できないのよ,"이 대학에선, 자기 전공에서<6E5C>학점 떨어지면 진급 못 해","이 대학에선, 자기 전공에서<6E5C>학점 떨어지면 진급 못 해"
dom2OP_0702_2.mes,Script/dom2OP_0702_2.mes,43,45,주인공,えぇ!?いやでも、こないだまで<6E5C>講義がなかったんですよ.<6E5C>なんで成績がついてるんですか?,"네에!? 아니 그치만, 얼마 전까지<6E5C>강의가 없었잖아요.<6E5C>왜 성적이 나온 거예요?","네에!? 아니 그치만, 얼마 전까지<6E5C>강의가 없었잖아요.<6E5C>왜 성적이 나온 거예요?"
dom2OP_0702_2.mes,Script/dom2OP_0702_2.mes,44,34,Mature,私がつけたからよ.<6E5C>あなたのゼミの、ゲーニッツ先生に<6E5C>一任されたの,"내가 매겼으니까.<6E5C>네 세미나, 게닛츠 선생님한테<6E5C>일임받았거든","내가 매겼으니까.<6E5C>네 세미나, 게닛츠 선생님한테<6E5C>일임받았거든"
dom2OP_0702_2.mes,Script/dom2OP_0702_2.mes,45,16,주인공,ど、どうしてマチュアさんに……,"어, 왜 마츄어 씨한테……","어, 왜 마츄어 씨한테……"
dom2OP_0702_2.mes,Script/dom2OP_0702_2.mes,46,49,Mature,さあ、それはわからないわ.ただ、<6E5C>教師と生徒の自主性を重んじるのが<6E5C>我が清泉大学の校風ですからね,"글쎄, 그건 모르겠네.<6E5C>다만, 교사와 학생 자주성을<6E5C>중시하는 게 세이센대<6E5C>교풍이니까","글쎄, 그건 모르겠네.<6E5C>다만, 교사와 학생 자주성을<6E5C>중시하는 게 세이센대<6E5C>교풍이니까"
dom2OP_0702_2.mes,Script/dom2OP_0702_2.mes,47,40,Mature,先生から頼まれれば、断れないわ.<6E5C>もちろん、あなたのお願いも閉いて<6E5C>あげるわよ,"선생님이 부탁하면, 거절 못 해.<6E5C>물론, 네 부탁도 들어줄게","선생님이 부탁하면, 거절 못 해.<6E5C>물론, 네 부탁도 들어줄게"
dom2OP_0702_2.mes,Script/dom2OP_0702_2.mes,48,17,주인공,あ、じゃあ評価をAにしてください,"아, 평가를 A로 해주세요","아, 평가를 A로 해주세요"
dom2OP_0702_2.mes,Script/dom2OP_0702_2.mes,49,30,Mature,へぇ、意外に抜け目ないこと<6E5C>言うじゃない.でもそれは無理ね,"허, 의외로 빈틈없는 소리<6E5C>하잖아. 근데 그건 무리네","허, 의외로 빈틈없는 소리<6E5C>하잖아. 근데 그건 무리네"
dom2OP_0702_2.mes,Script/dom2OP_0702_2.mes,50,35,Mature,ゼミの先生がいなくても、<6E5C>独力で学べることはいくらでも<6E5C>あったはずよ,"세미나 선생 없어도,<6E5C>혼자 배울 수 있는 건<6E5C>많이 있었을 텐데","세미나 선생 없어도,<6E5C>혼자 배울 수 있는 건<6E5C>많이 있었을 텐데"
dom2OP_0702_2.mes,Script/dom2OP_0702_2.mes,51,14,주인공,そ、それはそうですけど……,"그, 그건 그렇지만요……","그, 그건 그렇지만요……"
dom2OP_0702_2.mes,Script/dom2OP_0702_2.mes,52,35,UNKNOWN_1e,おい、マチュア.<6E5C>いつまでもそんな奴を相手に<6E5C>している場合ではないぞ,"이봐, 마츄어.<6E5C>언제까지 그런 녀석<6E5C>상대할 때가 아니야","이봐, 마츄어.<6E5C>언제까지 그런 녀석<6E5C>상대할 때가 아니야"
dom2OP_0702_2.mes,Script/dom2OP_0702_2.mes,53,4,주인공,あ……,아……,아……
dom2OP_0702_2.mes,Script/dom2OP_0702_2.mes,54,20,주인공,(ゲゲッ、秘書ズが揃って<6E5C>しまった!),"(끄악, 비서들이 다 모였다!)","(끄악, 비서들이 다 모였다!)"
dom2OP_0702_2.mes,Script/dom2OP_0702_2.mes,55,23,Mature,バイス、ちょっと待ってて.<6E5C>今いいところなの,"바이스, 기다려.<6E5C>지금 재밌는 참인데","바이스, 기다려.<6E5C>지금 재밌는 참인데"
dom2OP_0702_2.mes,Script/dom2OP_0702_2.mes,56,37,UNKNOWN_42,そんな男、留年が決定してから<6E5C>退学勧告でもなんでも叩きつけて<6E5C>やればいい,"그런 남자, 유급 확정되면<6E5C>퇴학 권고든 뭐든 들이밀면<6E5C>그만이지","그런 남자, 유급 확정되면<6E5C>퇴학 권고든 뭐든 들이밀면<6E5C>그만이지"
dom2OP_0702_2.mes,Script/dom2OP_0702_2.mes,57,14,UNKNOWN_42,それより、学長の相手が先だ,"그보다, 학장이 먼저야","그보다, 학장이 먼저야"
dom2OP_0702_2.mes,Script/dom2OP_0702_2.mes,58,27,Mature,イヤね、また変なコレクションでも<6E5C>はじめる気かしら?,"싫다, 또 이상한 수집이라도<6E5C>시작할 셈이려나?","싫다, 또 이상한 수집이라도<6E5C>시작할 셈이려나?"
dom2OP_0702_2.mes,Script/dom2OP_0702_2.mes,59,24,UNKNOWN_42,形ばかりでも、一応学長だからな.<6E5C>ほら、行くぞ,"형식뿐이라도, 일단 학장이니까.<6E5C>자, 가자","형식뿐이라도, 일단 학장이니까.<6E5C>자, 가자"
dom2OP_0702_2.mes,Script/dom2OP_0702_2.mes,60,10,Mature,しかたないわね……,어쩔 수 없네……,어쩔 수 없네……
dom2OP_0702_2.mes,Script/dom2OP_0702_2.mes,61,38,Mature,……いい?7月中にレポートを<6E5C>提出しないと、とんでもない<6E5C>ことになるわよ?,"……알겠니? 7월 안에 리포트<6E5C>제출 안 하면, 큰일<6E5C>날 거야?","……알겠니? 7월 안에 리포트<6E5C>제출 안 하면, 큰일<6E5C>날 거야?"
dom2OP_0702_2.mes,Script/dom2OP_0702_2.mes,62,27,Mature,もう覚悟を決めているのなら、<6E5C>何も言わないけれど……,"이미 각오한 거라면,<6E5C>아무 말 안 하겠지만……","이미 각오한 거라면,<6E5C>아무 말 안 하겠지만……"
dom2OP_0702_2.mes,Script/dom2OP_0702_2.mes,63,15,주인공,いえいえ、決めてないですっ!,"아뇨, 각오 안 했어요!","아뇨, 각오 안 했어요!"
dom2OP_0702_2.mes,Script/dom2OP_0702_2.mes,64,41,Mature,フフッ、何かわからないことが<6E5C>あれば、いつでも秘書室のドアを<6E5C>たたいていいのよ?,"후훗, 뭔가 모르는 게<6E5C>있으면, 언제든 비서실 문을<6E5C>두드려도 돼","후훗, 뭔가 모르는 게<6E5C>있으면, 언제든 비서실 문을<6E5C>두드려도 돼"
dom2OP_0702_2.mes,Script/dom2OP_0702_2.mes,65,24,Mature,手取り足取り、お姉さんが教えて<6E5C>アゲルから……,"하나부터 열까지, 언니가<6E5C>가르쳐줄게……","하나부터 열까지, 언니가<6E5C>가르쳐줄게……"
dom2OP_0702_2.mes,Script/dom2OP_0702_2.mes,66,6,주인공,は、はいぃ,"네, 넵","네, 넵"
dom2OP_0702_2.mes,Script/dom2OP_0702_2.mes,67,28,Mature,じゃあ、ふたりでいるところを邪魔<6E5C>してごめんなさいね?,"그럼, 둘이 있는데 방해<6E5C>해서 미안하네?","그럼, 둘이 있는데 방해<6E5C>해서 미안하네?"
dom2OP_0702_2.mes,Script/dom2OP_0702_2.mes,68,8,Mature,ホホホホホ……,호호호호호……,호호호호호……
dom2OP_0702_2.mes,Script/dom2OP_0702_2.mes,69,11,[효과음/내레이션],コツ、コツ、コツ……,"또각, 또각, 또각","또각, 또각, 또각"
dom2OP_0702_2.mes,Script/dom2OP_0702_2.mes,70,14,주인공,……あぁっ、ドッと疲れたぁ,"……아, 확 지친다","……아, 확 지친다"
dom2OP_0702_2.mes,Script/dom2OP_0702_2.mes,71,27,주인공,久しぶりに見てもすごい迫力だな.<6E5C>学長の秘書ズは……,오랜만에 봐도 굉장한 박력.<6E5C>학장 비서들은……,오랜만에 봐도 굉장한 박력.<6E5C>학장 비서들은……
dom2OP_0702_2.mes,Script/dom2OP_0702_2.mes,72,10,Shizuku,大丈夫?<020A><이름:3131>くん,괜찮아?<020A><이름:3131> 군,괜찮아?<020A><이름:3131> 군
dom2OP_0702_2.mes,Script/dom2OP_0702_2.mes,73,44,주인공,平気だよ、巳沢さん.早くゼミに<6E5C>行ってレポートの件を閉こう、<6E5C>もう脅されたくないからね,"괜찮아, 미사와 씨.<6E5C>얼른 세미나 가서 리포트<6E5C>얘기하자, 이제 협박당하기 싫어","괜찮아, 미사와 씨.<6E5C>얼른 세미나 가서 리포트<6E5C>얘기하자, 이제 협박당하기 싫어"
dom2OP_0702_2.mes,Script/dom2OP_0702_2.mes,74,48,Shizuku,そう?ほんとうは、マチュアさんと<6E5C>ふたりっきりの個人授業を受けたい<6E5C>って思ってるんじゃなぁい?,"그래? 사실은, 마츄어 씨랑<6E5C>단둘이 개인 수업 받고<6E5C>싶은 거 아니야?","그래? 사실은, 마츄어 씨랑<6E5C>단둘이 개인 수업 받고<6E5C>싶은 거 아니야?"
dom2OP_0702_2.mes,Script/dom2OP_0702_2.mes,75,15,주인공,えぇ!?そんなわけないだろ?,에엥!? 그럴 리 없잖아?,에엥!? 그럴 리 없잖아?
dom2OP_0702_2.mes,Script/dom2OP_0702_2.mes,76,6,Shizuku,どうかなぁ,글쎄다,글쎄다
dom2OP_0702_2.mes,Script/dom2OP_0702_2.mes,77,25,주인공,いじわるだな、巳沢さんは!<6E5C>早くゼミに行こうよ!,"심술맞네, 미사와 씨는!<6E5C>얼른 세미나 가자!","심술맞네, 미사와 씨는!<6E5C>얼른 세미나 가자!"
dom2OP_0702_2.mes,Script/dom2OP_0702_2.mes,78,4,Shizuku,フフッ,후훗,후훗
dom2OP_0702_2.mes,Script/dom2OP_0702_2.mes,79,22,주인공,(……女の人ってみんな怖いな、<6E5C>やれやれ),"(……여자들은 다들 무섭네,<6E5C>어휴)","(……여자들은 다들 무섭네,<6E5C>어휴)"
dom2OP_0702_2.mes,Script/dom2OP_0702_2.mes,80,17,주인공,あれ?ゲーニッツ先生、きてないな,어라? 게닛츠 선생님 안 왔네,어라? 게닛츠 선생님 안 왔네
dom2OP_0702_2.mes,Script/dom2OP_0702_2.mes,81,19,UNKNOWN_1e,きゃあああ!<6E5C>前を通してくださ~いっ,꺄아아아!<6E5C>앞을 지나가게 해줘요~,꺄아아아!<6E5C>앞을 지나가게 해줘요~
dom2OP_0702_2.mes,Script/dom2OP_0702_2.mes,82,3,Shizuku,え?,어?,어?
dom2OP_0702_2.mes,Script/dom2OP_0702_2.mes,83,8,[효과음/내레이션],ずってーーんっ,쿠당탕탕,쿠당탕탕
dom2OP_0702_2.mes,Script/dom2OP_0702_2.mes,84,8,UNKNOWN_1e,イタタタタ……,아야야야야……,아야야야야……
dom2OP_0702_2.mes,Script/dom2OP_0702_2.mes,85,13,Shizuku,だ、だいじょうぶ?フィオ,"괘, 괜찮아? 피오","괘, 괜찮아? 피오"
dom2OP_0702_2.mes,Script/dom2OP_0702_2.mes,86,15,Fio,はい!平気です、大丈夫です!,"네! 괜찮아요, 무사해요!","네! 괜찮아요, 무사해요!"
dom2OP_0702_2.mes,Script/dom2OP_0702_2.mes,87,11,주인공,久しぶりだね、フィオ,"오랜만이네, 피오","오랜만이네, 피오"
dom2OP_0702_2.mes,Script/dom2OP_0702_2.mes,88,18,Fio,あ、<이름:3232>さん.<6E5C>お久しぶりですぅ!,"아, <이름:3232> 씨.<6E5C>오랜만이에요!","아, <이름:3232> 씨.<6E5C>오랜만이에요!"
dom2OP_0702_2.mes,Script/dom2OP_0702_2.mes,89,19,주인공,そ、そんなに久しぶりだった<6E5C>かな……,"그, 그렇게 오랜만이었나……","그, 그렇게 오랜만이었나……"
dom2OP_0702_2.mes,Script/dom2OP_0702_2.mes,90,9,Fio,はい!とっても!,네! 완전요!,네! 완전요!
dom2OP_0702_2.mes,Script/dom2OP_0702_2.mes,91,7,주인공,は、はは……,"하, 하하","하, 하하"
dom2OP_0702_2.mes,Script/dom2OP_0702_2.mes,92,24,주인공,(……それにしても、相変わらず<6E5C>変な敬語だな),"(……그나저나, 여전히<6E5C>이상한 존댓말이네)","(……그나저나, 여전히<6E5C>이상한 존댓말이네)"
dom2OP_0702_2.mes,Script/dom2OP_0702_2.mes,93,17,주인공,(同い年で同じ3回生なのに……),(동갑에 같은 3학년인데……),(동갑에 같은 3학년인데……)
dom2OP_0702_2.mes,Script/dom2OP_0702_2.mes,94,9,Shizuku,ところで先生は?,근데 선생님은?,근데 선생님은?
dom2OP_0702_2.mes,Script/dom2OP_0702_2.mes,95,46,Fio,今日もお休みみたいです.<6E5C>このプリント、休講中の課題<6E5C>らしいですよ<485C>どうぞです……キャッ!,"오늘도 쉬시는 것 같아요.<6E5C>이 프린트, 휴강 중 과제<6E5C>라나 봐요<485C>여기요……꺄!","오늘도 쉬시는 것 같아요.<6E5C>이 프린트, 휴강 중 과제<6E5C>라나 봐요<485C>여기요……꺄!"
dom2OP_0702_2.mes,Script/dom2OP_0702_2.mes,96,5,[효과음/내레이션],ガタタ!,우당탕!,우당탕!
dom2OP_0702_2.mes,Script/dom2OP_0702_2.mes,97,6,[효과음/내레이션],ズテ~ン!,쿠당탕!,쿠당탕!
dom2OP_0702_2.mes,Script/dom2OP_0702_2.mes,98,11,주인공,だ、だいじょうぶ!?,"괘, 괜찮아!?","괘, 괜찮아!?"
dom2OP_0702_2.mes,Script/dom2OP_0702_2.mes,99,38,Fio,はわわわ!へ、平気です、<6E5C>だいじょうぶです!<6E5C>え~と……あれ?メガネメガネ,"허와와와! 괘, 괜찮아요,<6E5C>무사해요!<6E5C>어…… 어라? 안경 안경","허와와와! 괘, 괜찮아요,<6E5C>무사해요!<6E5C>어…… 어라? 안경 안경"
dom2OP_0702_2.mes,Script/dom2OP_0702_2.mes,100,8,주인공,はい、落ちたよ,"자, 떨어졌어","자, 떨어졌어"
dom2OP_0702_2.mes,Script/dom2OP_0702_2.mes,101,14,Fio,あ、ありがとうございます!,"아, 감사합니다!","아, 감사합니다!"
dom2OP_0702_2.mes,Script/dom2OP_0702_2.mes,102,32,주인공,しっかし、すごい荷物だなぁ.<6E5C>なんだこれ、ガラクタばっかり……,"근데, 짐이 엄청나네.<6E5C>이게 뭐야, 다 잡동사니잖아……","근데, 짐이 엄청나네.<6E5C>이게 뭐야, 다 잡동사니잖아……"
dom2OP_0702_2.mes,Script/dom2OP_0702_2.mes,103,25,Fio,ガラクタじゃないです!<6E5C>ちゃんとした部品ですっ!,잡동사니 아니에요!<6E5C>제대로 된 부품이라고요!,잡동사니 아니에요!<6E5C>제대로 된 부품이라고요!
dom2OP_0702_2.mes,Script/dom2OP_0702_2.mes,104,30,주인공,そ、そうか.ごめんごめん.<6E5C>またこれで発明品を作るんだね?,"그, 그래. 미안미안.<6E5C>또 이걸로 발명품 만들어?","그, 그래. 미안미안.<6E5C>또 이걸로 발명품 만들어?"
dom2OP_0702_2.mes,Script/dom2OP_0702_2.mes,105,30,Fio,そうですっ!夏祭りに向けて、<6E5C>フィオさん大ハリキリですっ!,그래요!<6E5C>여름 축제 앞두고 피오 씨<6E5C>완전 의욕 넘쳐요,그래요!<6E5C>여름 축제 앞두고 피오 씨<6E5C>완전 의욕 넘쳐요
dom2OP_0702_2.mes,Script/dom2OP_0702_2.mes,106,5,주인공,夏祭り?,여름축제,여름축제
dom2OP_0702_2.mes,Script/dom2OP_0702_2.mes,107,46,Fio,はい、今年も神楽神社でお祭りが<6E5C>あるんですけど、それに何か出品<6E5C>できないかなと画策中で……,"네, 올해도 카구라 신사서<6E5C>축제 있는데, 거기 뭔가<6E5C>출품 못 할까 궁리 중이라……","네, 올해도 카구라 신사서<6E5C>축제 있는데, 거기 뭔가<6E5C>출품 못 할까 궁리 중이라……"
dom2OP_0702_2.mes,Script/dom2OP_0702_2.mes,108,27,주인공,うーん…….この部品を集めて、<6E5C>みこしでも作るとか?,"음…… 이 부품들 모아서,<6E5C>가마라도 만든다든가?","음…… 이 부품들 모아서,<6E5C>가마라도 만든다든가?"
dom2OP_0702_2.mes,Script/dom2OP_0702_2.mes,109,21,Fio,あっ、それイイですね!<6E5C>ありがとうです!,"앗, 그거 좋네요!<6E5C>감사합니다!","앗, 그거 좋네요!<6E5C>감사합니다!"
dom2OP_0702_2.mes,Script/dom2OP_0702_2.mes,110,41,Fio,わたし、神楽神社で作業してると<6E5C>思うんで、他にも思いついたら<6E5C>教えてくださいね!,"저, 카구라 신사에서<6E5C>작업할 거니까, 다른 것도<6E5C>생각나면 알려주세요!","저, 카구라 신사에서<6E5C>작업할 거니까, 다른 것도<6E5C>생각나면 알려주세요!"
dom2OP_0702_2.mes,Script/dom2OP_0702_2.mes,111,9,주인공,うん、任せといて,"응, 맡겨둬","응, 맡겨둬"
dom2OP_0702_2.mes,Script/dom2OP_0702_2.mes,112,50,주인공,(って、安諸け合いしてだいじょう<6E5C>ぶかな……どうも困ってる人を見る<6E5C>と、放っておけないんだよなぁ),"(라고, 함부로 약속해도<6E5C>되나…… 아무래도 곤란한 사람<6E5C>보면, 못 지나치는구나)","(라고, 함부로 약속해도<6E5C>되나…… 아무래도 곤란한 사람<6E5C>보면, 못 지나치는구나)"
dom2OP_0702_2.mes,Script/dom2OP_0702_2.mes,113,50,주인공,ところでさ、フィオはどうしてこの<6E5C>ゼミを取ってるの?専門はカイロプ<6E5C>ラクティックじゃなかったっけ?,"근데, 피오는 왜 이<6E5C>세미나 하는 거야? 전공은<6E5C>카이로프랙틱 아니었어?","근데, 피오는 왜 이<6E5C>세미나 하는 거야? 전공은<6E5C>카이로프랙틱 아니었어?"
dom2OP_0702_2.mes,Script/dom2OP_0702_2.mes,114,25,Fio,わたし、日本の伝統文化にすごく<6E5C>興味があるんです,"저, 일본 전통문화에 굉장히<6E5C>관심 있거든요","저, 일본 전통문화에 굉장히<6E5C>관심 있거든요"
dom2OP_0702_2.mes,Script/dom2OP_0702_2.mes,115,42,Shizuku,そっか、フィオはイタリアから<6E5C>来たんだったね.それじゃ最近<6E5C>ゼミがないのは残念だね,"그렇구나, 피오는 이탈리아에서<6E5C>왔었지. 그럼 요즘 세미나<6E5C>없는 게 아쉽겠네","그렇구나, 피오는 이탈리아에서<6E5C>왔었지. 그럼 요즘 세미나<6E5C>없는 게 아쉽겠네"
dom2OP_0702_2.mes,Script/dom2OP_0702_2.mes,116,32,Fio,いえ、自分ひとりでも勉強できる<6E5C>ことっていっぱいありますから!,"아뇨, 혼자서도 공부할 수<6E5C>있는 게 잔뜩 있으니까요!","아뇨, 혼자서도 공부할 수<6E5C>있는 게 잔뜩 있으니까요!"
dom2OP_0702_2.mes,Script/dom2OP_0702_2.mes,117,19,주인공,(う……マチュアさんと同じ<6E5C>ことを),(마츄어 씨랑<6E5C>같은 소리네……),(마츄어 씨랑<6E5C>같은 소리네……)
dom2OP_0702_2.mes,Script/dom2OP_0702_2.mes,118,32,주인공,そ、そうだよね.僕も神楽神社なん<6E5C>かで、文献を調べたりしてるよ,"그, 그렇지. 나도 카구라 신사<6E5C>같은 데서 문헌 조사해","그, 그렇지. 나도 카구라 신사<6E5C>같은 데서 문헌 조사해"
dom2OP_0702_2.mes,Script/dom2OP_0702_2.mes,119,35,Fio,すご~い!<이름:3232>さんは勉強家さん<6E5C>なんですね.<6E5C>将来はサムライですか?,대단해요! <이름:3232> 씨는 공부벌레<6E5C>시네요.<6E5C>장래엔 사무라이예요?,대단해요! <이름:3232> 씨는 공부벌레<6E5C>시네요.<6E5C>장래엔 사무라이예요?
dom2OP_0702_2.mes,Script/dom2OP_0702_2.mes,120,13,주인공,な、なんでそうなるんだよ,"왜, 왜 그런 건데?","왜, 왜 그런 건데?"
dom2OP_0702_2.mes,Script/dom2OP_0702_2.mes,121,38,Fio,ジャパニーズ軍人といえば、<6E5C>サムライですよね?<6E5C>私も卒業したら軍人ですよ!,"재패니즈 군인이라 하면,<6E5C>사무라이잖아요?<6E5C>저도 졸업하면 군인이에요!","재패니즈 군인이라 하면,<6E5C>사무라이잖아요?<6E5C>저도 졸업하면 군인이에요!"
dom2OP_0702_2.mes,Script/dom2OP_0702_2.mes,122,8,Shizuku,え、そうなの?,"어, 그래?","어, 그래?"
dom2OP_0702_2.mes,Script/dom2OP_0702_2.mes,123,38,Fio,ジェルミ家では、<6E5C>代々当主は軍人であるべし、<6E5C>というのがしきたりですから!,"제르미 가문은, 대대로<6E5C>당주는 군인이어야 한다는 게<6E5C>가풍이니까요!","제르미 가문은, 대대로<6E5C>당주는 군인이어야 한다는 게<6E5C>가풍이니까요!"
dom2OP_0702_2.mes,Script/dom2OP_0702_2.mes,124,28,주인공,僕はイヤだなぁ、争いごとは.<6E5C>フィオはいいの、それで?,나는 다투는 거 싫은데.<6E5C>피오는 그래도 괜찮아?,나는 다투는 거 싫은데.<6E5C>피오는 그래도 괜찮아?
dom2OP_0702_2.mes,Script/dom2OP_0702_2.mes,125,25,Fio,はい!フィオさんは世界平和の<6E5C>ために頑張ります!,네! 저는 세계평화를 위해<6E5C>힘낼게요!,네! 저는 세계평화를 위해<6E5C>힘낼게요!
dom2OP_0702_2.mes,Script/dom2OP_0702_2.mes,126,15,주인공,そ、そう.すごいな、フィオは,"그래, 대단하네, 피오는","그래, 대단하네, 피오는"
dom2OP_0702_2.mes,Script/dom2OP_0702_2.mes,127,27,Fio,それじゃ、そろそろ行ってきます、<6E5C><이름:3232>さん、雫さん!,"그럼, 이만 다녀올게요,<6E5C><이름:3232> 씨, 시즈쿠 씨!","그럼, 이만 다녀올게요,<6E5C><이름:3232> 씨, 시즈쿠 씨!"
dom2OP_0702_2.mes,Script/dom2OP_0702_2.mes,128,5,[효과음/내레이션],タッ……,타닷……,타닷……
dom2OP_0702_2.mes,Script/dom2OP_0702_2.mes,129,8,[효과음/내레이션],ずってーーん!,꽈당탕!,꽈당탕!
dom2OP_0702_2.mes,Script/dom2OP_0702_2.mes,130,5,주인공,…………,…………,…………
dom2OP_0702_2.mes,Script/dom2OP_0702_2.mes,131,16,주인공,って言ってるそばからこけるなよ,말하자마자 넘어지지 마,말하자마자 넘어지지 마
dom2OP_0702_2.mes,Script/dom2OP_0702_2.mes,132,8,Fio,イタタタタ……,아야야야……,아야야야……
dom2OP_0702_2.mes,Script/dom2OP_0702_2.mes,133,14,Fio,へ、平気です、大丈夫です!,"괘, 괜찮아요, 무사해요","괘, 괜찮아요, 무사해요"
dom2OP_0702_2.mes,Script/dom2OP_0702_2.mes,134,16,주인공,しょうがないな、持ってあげるよ,"어쩔 수 없네, 들어줄게","어쩔 수 없네, 들어줄게"
dom2OP_0702_2.mes,Script/dom2OP_0702_2.mes,135,24,Fio,わぁっ!<6E5C><이름:3232>さん優しいですね!<6E5C>感激ですっ!,우와!<6E5C><이름:3232> 씨 다정하시네요!<6E5C>감격이에요!,우와!<6E5C><이름:3232> 씨 다정하시네요!<6E5C>감격이에요!
dom2OP_0702_2.mes,Script/dom2OP_0702_2.mes,136,32,Shizuku,ほんとう、<이름:3131>くんって、<6E5C>誰にでも優しいのね.<6E5C>尊敬しちゃうわ,"정말, <이름:3131> 군은,<6E5C>누구한테나 다정하네.<6E5C>존경스러워","정말, <이름:3131> 군은,<6E5C>누구한테나 다정하네.<6E5C>존경스러워"
dom2OP_0702_2.mes,Script/dom2OP_0702_2.mes,137,7,주인공,(…………),(…………),(…………)
dom2OP_0702_2.mes,Script/dom2OP_0702_2.mes,138,25,주인공,(……こ、これは純粋に誉めて<6E5C>くれてるのかな?),"(……이, 이건 순수하게<6E5C>칭찬해주는 걸까?)","(……이, 이건 순수하게<6E5C>칭찬해주는 걸까?)"
dom2OP_0702_2.mes,Script/dom2OP_0702_2.mes,139,21,주인공,ゼミも休みだし、<6E5C>これからどうしようか?,"세미나도 쉬는 날인데,<6E5C>뭐 할까?","세미나도 쉬는 날인데,<6E5C>뭐 할까?"
dom2OP_0702_2.mes,Script/dom2OP_0702_2.mes,140,7,Shizuku,そうだね……,글쎄……,글쎄……
dom2OP_0702_2.mes,Script/dom2OP_0702_2.mes,141,15,[효과음/내레이션],ブォォォォォン!ブォォォン!,부우우웅! 부우웅!,부우우웅! 부우웅!
dom2OP_0702_2.mes,Script/dom2OP_0702_2.mes,142,5,Shizuku,きゃっ!,꺄!,꺄!
dom2OP_0702_2.mes,Script/dom2OP_0702_2.mes,143,29,주인공,大型バイクだ.<6E5C>でも、あのシルエットは、<6E5C>もしかして……,"대형 바이크다.<6E5C>근데, 저 실루엣은,<6E5C>혹시……","대형 바이크다.<6E5C>근데, 저 실루엣은,<6E5C>혹시……"
dom2OP_0702_2.mes,Script/dom2OP_0702_2.mes,144,8,UNKNOWN_1e,あら?<020A>奇遇ね,앗?<020A>우연이네,앗?<020A>우연이네
dom2OP_0702_2.mes,Script/dom2OP_0702_2.mes,145,6,주인공,神楽先輩!,선배!,선배!
dom2OP_0702_2.mes,Script/dom2OP_0702_2.mes,146,37,Chizuru,こんにちは、<이름:3131>君、昨日は我が<6E5C>神楽神社にお越しいただいて、<6E5C>ありがとう,"안녕, <이름:3131> 군,<6E5C>어제는 우리 카구라 신사에<6E5C>와줘서 고마워","안녕, <이름:3131> 군,<6E5C>어제는 우리 카구라 신사에<6E5C>와줘서 고마워"
dom2OP_0702_2.mes,Script/dom2OP_0702_2.mes,147,11,주인공,いえいえ、こちらこそ,"아뇨아뇨, 저야말로","아뇨아뇨, 저야말로"
dom2OP_0702_2.mes,Script/dom2OP_0702_2.mes,148,13,Shizuku,あ、私、同じ3回生の……,"아, 저 같은 3학년…","아, 저 같은 3학년…"
dom2OP_0702_2.mes,Script/dom2OP_0702_2.mes,149,13,Chizuru,巳沢雫さんね.初めまして,미사와 시즈쿠.<6E5C>반가워,미사와 시즈쿠.<6E5C>반가워
dom2OP_0702_2.mes,Script/dom2OP_0702_2.mes,150,13,Shizuku,え…….どうして名前を?,네…….어떻게 이름을?,네…….어떻게 이름을?
dom2OP_0702_2.mes,Script/dom2OP_0702_2.mes,151,29,Chizuru,院生の間でも、可愛い後輩がいる<6E5C>って噂は流れてるものよ?,"원생들 사이에도, 귀여운<6E5C>후배가 있단 소문 돌아","원생들 사이에도, 귀여운<6E5C>후배가 있단 소문 돌아"
dom2OP_0702_2.mes,Script/dom2OP_0702_2.mes,152,8,Shizuku,そ、そんな……,"그, 그런……","그, 그런……"
dom2OP_0702_2.mes,Script/dom2OP_0702_2.mes,153,40,주인공,(……う~ん、ちょっと年上なだけ<6E5C>なのに、すごい大人の雰囲気だな、<6E5C>神楽先輩),"(……음, 살짝 연상일 뿐인데,<6E5C>어른스러운 분위기네,<6E5C>카구라 선배)","(……음, 살짝 연상일 뿐인데,<6E5C>어른스러운 분위기네,<6E5C>카구라 선배)"
dom2OP_0702_2.mes,Script/dom2OP_0702_2.mes,154,21,Chizuru,じゃあ、みなさん、<6E5C>またお会いしましょう,"그럼, 다들 또 봐요","그럼, 다들 또 봐요"
dom2OP_0702_2.mes,Script/dom2OP_0702_2.mes,155,3,주인공,はい,네,네
dom2OP_0702_2.mes,Script/dom2OP_0702_2.mes,156,11,Shizuku,ステキなひとだったね,멋진 사람이었네,멋진 사람이었네
dom2OP_0702_2.mes,Script/dom2OP_0702_2.mes,157,32,주인공,うん、優しい先輩で良かった.<6E5C>神楽神社のレポートも作りやすいよ,"응, 다정한 선배라 다행.<6E5C>신사 리포트 쓰기 편하겠어","응, 다정한 선배라 다행.<6E5C>신사 리포트 쓰기 편하겠어"
dom2OP_0702_2.mes,Script/dom2OP_0702_2.mes,158,39,주인공,でも神社に仕える人って大変なんだ<6E5C>なぁ.なんだか、住む世界が違うっ<6E5C>て感じだ,근데 신사 일하는 사람은<6E5C>힘들겠다. 사는 세계가<6E5C>다르다는 느낌이야,근데 신사 일하는 사람은<6E5C>힘들겠다. 사는 세계가<6E5C>다르다는 느낌이야
dom2OP_0702_2.mes,Script/dom2OP_0702_2.mes,159,42,Shizuku,……あ、あの、神楽先輩?<6E5C>出口でしたらこっちですけど…….<6E5C>そっちはトイレですよ?,"……저, 저기, 카구라 선배?<6E5C>출구는 이쪽인데요……<6E5C>그쪽은 화장실이에요?","……저, 저기, 카구라 선배?<6E5C>출구는 이쪽인데요……<6E5C>그쪽은 화장실이에요?"
dom2OP_0702_2.mes,Script/dom2OP_0702_2.mes,160,5,주인공,…………,…………,…………
dom2OP_0702_2.mes,Script/dom2OP_0702_2.mes,161,32,Chizuru,……ほほほ、大学って広いから、<6E5C>たまに迷子になっちゃうのよねぇ,"……호호호, 대학이 커서,<6E5C>가끔 길 잃어버리네","……호호호, 대학이 커서,<6E5C>가끔 길 잃어버리네"
dom2OP_0702_2.mes,Script/dom2OP_0702_2.mes,162,16,Chizuru,……ではみなさん、ごきげんよう,"……그럼 다들, 안녕히","……그럼 다들, 안녕히"
dom2OP_0702_2.mes,Script/dom2OP_0702_2.mes,163,5,[효과음/내레이션],…………,…………,…………
dom2OP_0702_2.mes,Script/dom2OP_0702_2.mes,164,5,주인공,…………,…………,…………
dom2OP_0702_2.mes,Script/dom2OP_0702_2.mes,165,5,Shizuku,…………,…………,…………
dom2OP_0702_2.mes,Script/dom2OP_0702_2.mes,166,8,주인공,……あ、そうだ,"……아, 맞다","……아, 맞다"
dom2OP_0702_2.mes,Script/dom2OP_0702_2.mes,167,4,Shizuku,なに?,왜?,왜?
dom2OP_0702_2.mes,Script/dom2OP_0702_2.mes,168,42,주인공,うん.昨日、神社で資料を借りて<6E5C>きたんだ.僕はもう読んだから、<6E5C>巳沢さんも使いなよ,"응. 어제, 신사서 자료<6E5C>빌려왔거든. 나는 다 읽었으니까,<6E5C>미사와 씨도 써","응. 어제, 신사서 자료<6E5C>빌려왔거든. 나는 다 읽었으니까,<6E5C>미사와 씨도 써"
dom2OP_0702_2.mes,Script/dom2OP_0702_2.mes,169,23,Shizuku,ほんとに!?やったー!<6E5C><이름:3131>くん、ありがとう,"정말!? 야호! <이름:3131> 군,<6E5C>고마워","정말!? 야호! <이름:3131> 군,<6E5C>고마워"
dom2OP_0702_2.mes,Script/dom2OP_0702_2.mes,170,9,주인공,いや、そんな……,"아니, 뭘……","아니, 뭘……"
dom2OP_0702_2.mes,Script/dom2OP_0702_2.mes,171,33,Shizuku,じゃあ、夜にごはんでも食べに行こ<6E5C>うか.お礼におごっちゃうから!,"그럼, 밤에 밥이라도 먹으러<6E5C>갈까? 답례로 내가 쏠게!","그럼, 밤에 밥이라도 먹으러<6E5C>갈까? 답례로 내가 쏠게!"
dom2OP_0702_2.mes,Script/dom2OP_0702_2.mes,172,8,주인공,そんな、悪いよ,그러지 마,그러지 마
dom2OP_0702_2.mes,Script/dom2OP_0702_2.mes,173,31,Shizuku,いいのいいの、ついでにレポートに<6E5C>備えて情報交揆もしとこうよ,"괜찮아 괜찮아, 겸사겸사<6E5C>리포트 대비 정보 교환도 하자","괜찮아 괜찮아, 겸사겸사<6E5C>리포트 대비 정보 교환도 하자"
dom2OP_0702_2.mes,Script/dom2OP_0702_2.mes,174,30,Shizuku,私、今から塾講師のアルバイト<6E5C>だから、夜にイリュージョンで,"나 지금부터 학원 강사<6E5C>알바라서, 밤에 일루전에서","나 지금부터 학원 강사<6E5C>알바라서, 밤에 일루전에서"
dom2OP_0702_2.mes,Script/dom2OP_0702_2.mes,175,29,주인공,(……巳沢さんは自分で生活費を<6E5C>稼いでるからえらいなぁ),(……미사와 씨는 스스로<6E5C>생활비를 버니까 대단하네),(……미사와 씨는 스스로<6E5C>생활비를 버니까 대단하네)
dom2OP_0702_2.mes,Script/dom2OP_0702_2.mes,176,32,주인공,(……そういえば、巳沢さんの<6E5C>家族の話って、閉いたことないや),(……그러고 보니 미사와 씨<6E5C>가족 얘긴 들어본 적 없네),(……그러고 보니 미사와 씨<6E5C>가족 얘긴 들어본 적 없네)
dom2OP_0702_2.mes,Script/dom2OP_0702_2.mes,177,22,주인공,(ひとり募らし、そんなに長いのか<6E5C>な……),(혼자 산 지 그렇게<6E5C>오래됐으려나……),(혼자 산 지 그렇게<6E5C>오래됐으려나……)
dom2OP_0702_2.mes,Script/dom2OP_0702_2.mes,178,31,Shizuku,明日からカウンターを挟むことに<6E5C>なるし、ゆっくり飲みましょ?,"내일부턴 카운터 너머로<6E5C>마주 볼 텐데, 느긋이 마시자?","내일부턴 카운터 너머로<6E5C>마주 볼 텐데, 느긋이 마시자?"
dom2OP_0702_2.mes,Script/dom2OP_0702_2.mes,179,22,주인공,巳沢さん、バーテンダーの面接<6E5C>受かったんだ,"미사와 씨, 바텐더 면접<6E5C>붙었어","미사와 씨, 바텐더 면접<6E5C>붙었어"
dom2OP_0702_2.mes,Script/dom2OP_0702_2.mes,180,14,Shizuku,うん.いっぱいお店に来てね,응. 가게 많이 놀러 와,응. 가게 많이 놀러 와
dom2OP_0702_2.mes,Script/dom2OP_0702_2.mes,181,5,주인공,もちろん,물론이지,물론이지
dom2OP_0702_2.mes,Script/dom2OP_0702_2.mes,182,15,Shizuku,それじゃ今夜、楽しみにしてる,"그럼 오늘 밤, 기대할게","그럼 오늘 밤, 기대할게"
dom2OP_0702_2.mes,Script/dom2OP_0702_2.mes,183,13,주인공,うん.じゃあ、またあとで,"응. 그럼, 이따 봐","응. 그럼, 이따 봐"
dom2OP_0702_2.mes,Script/dom2OP_0702_2.mes,184,5,Shizuku,バイバイ,바이바이,바이바이
dom2OP_0702_3.mes,Script/dom2OP_0702_3.mes,0,34,주인공,(……はぁ.結局、久しぶりに大学<6E5C>に行ったのに何もできなかったな),"(……하아. 결국, 오랜만에<6E5C>대학 갔는데 아무것도 못 했네)","(……하아. 결국, 오랜만에<6E5C>대학 갔는데 아무것도 못 했네)"
dom2OP_0702_3.mes,Script/dom2OP_0702_3.mes,1,25,주인공,(今度からはちゃんと、<6E5C>授業を調べて行かないと),"(다음부턴 제대로,<6E5C>수업 확인하고 가야지)","(다음부턴 제대로,<6E5C>수업 확인하고 가야지)"
dom2OP_0702_3.mes,Script/dom2OP_0702_3.mes,2,4,UNKNOWN_43,バウ!,멍!,멍!
dom2OP_0702_3.mes,Script/dom2OP_0702_3.mes,3,6,주인공,うわっ!!,으악!!,으악!!
dom2OP_0702_3.mes,Script/dom2OP_0702_3.mes,4,23,UNKNOWN_1e,こら、アントン.<6E5C>見ず知らずの人に吠えないの,"이놈, 안톤. 낯선 사람한테<6E5C>짖지 말랬지","이놈, 안톤. 낯선 사람한테<6E5C>짖지 말랬지"
dom2OP_0702_3.mes,Script/dom2OP_0702_3.mes,5,34,Mary,あら、あなた…….そう、見ず知ら<6E5C>ずの人というわけではなかったのね,"어머, 당신……. 그래,<6E5C>낯선 사람은 아니었네","어머, 당신……. 그래,<6E5C>낯선 사람은 아니었네"
dom2OP_0702_3.mes,Script/dom2OP_0702_3.mes,6,8,주인공,あ、昨日の……,"아, 어제……","아, 어제……"
dom2OP_0702_3.mes,Script/dom2OP_0702_3.mes,7,9,Mary,ブルー。マリーよ,블루. 마리야,블루. 마리야
dom2OP_0702_3.mes,Script/dom2OP_0702_3.mes,8,7,주인공,<이름:3131><이름:3232>です,<이름:3131><이름:3232>예요,<이름:3131><이름:3232>예요
dom2OP_0702_3.mes,Script/dom2OP_0702_3.mes,9,59,주인공,(な、なに言ってるんだ僕は?<6E5C>いきなり自己紹介して<6E5C>どうするんだよ)<485C>(あれ、でも向こうから<6E5C>名乗ってきたんだっけ),"(뭐, 뭔 소릴 하는 거야 나?<6E5C>갑자기 자기소개는<6E5C>왜 하는 거야)<485C>(어라, 근데 저쪽이<6E5C>먼저 밝혔던가)","(뭐, 뭔 소릴 하는 거야 나?<6E5C>갑자기 자기소개는<6E5C>왜 하는 거야)<485C>(어라, 근데 저쪽이<6E5C>먼저 밝혔던가)"
dom2OP_0702_3.mes,Script/dom2OP_0702_3.mes,10,20,Mary,こっちはアントニオ.<6E5C>私のパートナーよ,이쪽은 안토니오.<6E5C>내 파트너야,이쪽은 안토니오.<6E5C>내 파트너야
dom2OP_0702_3.mes,Script/dom2OP_0702_3.mes,11,8,주인공,そ、そうですか,"그, 그런가요","그, 그런가요"
dom2OP_0702_3.mes,Script/dom2OP_0702_3.mes,12,33,주인공,(ペットじゃなくて、パートナー<6E5C>なんだ.すごい動物好きなのかな),"(애완동물이 아니라, 파트너구나.<6E5C>엄청 동물 좋아하나 봐)","(애완동물이 아니라, 파트너구나.<6E5C>엄청 동물 좋아하나 봐)"
dom2OP_0702_3.mes,Script/dom2OP_0702_3.mes,13,6,[마리의 개],ワンワン!,멍멍!,멍멍!
dom2OP_0702_3.mes,Script/dom2OP_0702_3.mes,14,31,Mary,へぇ……アントンが私以外の人に<6E5C>なつくなんて、めずらしいわね,"허…… 안톤이 나 말고<6E5C>딴 사람 따르다니, 별일이네","허…… 안톤이 나 말고<6E5C>딴 사람 따르다니, 별일이네"
dom2OP_0702_3.mes,Script/dom2OP_0702_3.mes,15,10,주인공,そ、そうなんですか,"그, 그런가요","그, 그런가요"
dom2OP_0702_3.mes,Script/dom2OP_0702_3.mes,16,55,Mary,ええ.アントンは特別な訓練を<6E5C>受けているの<485C>よっぽどのことがなければ、<6E5C>私以外の人間に心を許すことは<6E5C>ないわ,"그래.<6E5C>안톤은 특별한 훈련 받았어<485C>어지간한 일 아니면,<6E5C>다른 사람한테<6E5C>마음 여는 일 없거든","그래.<6E5C>안톤은 특별한 훈련 받았어<485C>어지간한 일 아니면,<6E5C>다른 사람한테<6E5C>마음 여는 일 없거든"
dom2OP_0702_3.mes,Script/dom2OP_0702_3.mes,17,30,주인공,特別な訓練って……警察犬とか、<6E5C>盲導犬みたいなやつですか?,특별한 훈련이라면……<6E5C>경찰견이나 맹도견<6E5C>같은 건가요?,특별한 훈련이라면……<6E5C>경찰견이나 맹도견<6E5C>같은 건가요?
dom2OP_0702_3.mes,Script/dom2OP_0702_3.mes,18,11,Mary,まぁ似たようなものね,"뭐, 비슷한 거지","뭐, 비슷한 거지"
dom2OP_0702_3.mes,Script/dom2OP_0702_3.mes,19,44,주인공,そうか……僕は動物には好かれない<6E5C>タイプだと思ってたけど.<6E5C>お前はいい奴だな、アントン,"나는 동물한테 안 좋아하는<6E5C>타입인 줄 알았는데.<6E5C>좋은 녀석이네, 안톤","나는 동물한테 안 좋아하는<6E5C>타입인 줄 알았는데.<6E5C>좋은 녀석이네, 안톤"
dom2OP_0702_3.mes,Script/dom2OP_0702_3.mes,20,4,[마리의 개],ワン!,멍!,멍!
dom2OP_0702_3.mes,Script/dom2OP_0702_3.mes,21,39,Mary,それじゃ、もう行くわ.<6E5C>初めての街で、覚えなきゃならない<6E5C>ことがいっぱいなの,"그럼, 이만 가볼게.<6E5C>낯선 동네라, 알아둬야<6E5C>할 게 잔뜩이거든","그럼, 이만 가볼게.<6E5C>낯선 동네라, 알아둬야<6E5C>할 게 잔뜩이거든"
dom2OP_0702_3.mes,Script/dom2OP_0702_3.mes,22,11,주인공,は、はぁ、そうですか,"네, 넵, 그런가요","네, 넵, 그런가요"
dom2OP_0702_3.mes,Script/dom2OP_0702_3.mes,23,49,주인공,初めての街って言ってたな……どこ<6E5C>から来たんだろ?普通のOLって<6E5C>感じでもないよな……まぁいいか,"낯선 동네라고 했었지……<6E5C>어디서 왔을까? 평범한<6E5C>회사원 같지도 않고……<6E5C>뭐, 아무렴","낯선 동네라고 했었지……<6E5C>어디서 왔을까? 평범한<6E5C>회사원 같지도 않고……<6E5C>뭐, 아무렴"
dom2OP_0702_3.mes,Script/dom2OP_0702_3.mes,24,10,주인공,……コンサート……,……콘서트……,……콘서트……
dom2OP_0702_3.mes,Script/dom2OP_0702_3.mes,25,32,주인공,あっ!忘れてた、NESTSで<6E5C>八神先輩のライブがあるんだった!,"앗! 깜빡했다, NESTS에서<6E5C>야가미 선배 라이브 있었지","앗! 깜빡했다, NESTS에서<6E5C>야가미 선배 라이브 있었지"
dom2OP_0702_3.mes,Script/dom2OP_0702_3.mes,26,27,주인공,キサラと約束してたんだ、<6E5C>すっぽかしたら怒られるな~,"키사라랑 약속했었는데,<6E5C>바람맞히면 혼나겠다~","키사라랑 약속했었는데,<6E5C>바람맞히면 혼나겠다~"
dom2OP_0702_4.mes,Script/dom2OP_0702_4.mes,0,24,주인공,ふぅ、なんとかたどり着いたけど、<6E5C>すごい人だな,"후, 겨우 도착했는데,<6E5C>사람 엄청 많네","후, 겨우 도착했는데,<6E5C>사람 엄청 많네"
dom2OP_0702_4.mes,Script/dom2OP_0702_4.mes,1,14,Kisarah,あ、<이름:3232>クン、みーつけた!,"아, <이름:3232> 군, 찾았다!","아, <이름:3232> 군, 찾았다!"
dom2OP_0702_4.mes,Script/dom2OP_0702_4.mes,2,5,주인공,キサラ!,키사라!,키사라!
dom2OP_0702_4.mes,Script/dom2OP_0702_4.mes,3,25,Kisarah,ちゃんとヤクソク守ったんだね、<6E5C>エライ、エライ!,"약속 제대로 지켰네,<6E5C>기특해, 기특해!","약속 제대로 지켰네,<6E5C>기특해, 기특해!"
dom2OP_0702_4.mes,Script/dom2OP_0702_4.mes,4,25,주인공,頭をナデるな!<6E5C>や、約束を守るなんて、当然だろ?,머리 쓰다듬지 마!<6E5C>약속 지키는 거 당연해,머리 쓰다듬지 마!<6E5C>약속 지키는 거 당연해
dom2OP_0702_4.mes,Script/dom2OP_0702_4.mes,5,30,Kisarah,おおー.頼もしいお言葉だね!<6E5C>アッ、八神先生出てくるよっ!,"오오. 든든한 말이네!<6E5C>앗, 야가미 선생님 나온다!","오오. 든든한 말이네!<6E5C>앗, 야가미 선생님 나온다!"
dom2OP_0702_4.mes,Script/dom2OP_0702_4.mes,6,9,[효과음/내레이션],キャー!キャー!,꺄아! 꺄아!,꺄아! 꺄아!
dom2OP_0702_4.mes,Script/dom2OP_0702_4.mes,7,7,[효과음/내레이션],キャーーー!,꺄아아아!,꺄아아아!
dom2OP_0702_4.mes,Script/dom2OP_0702_4.mes,8,12,주인공,す、すごい人気だな……,"저, 정말 인기 많네","저, 정말 인기 많네"
dom2OP_0702_4.mes,Script/dom2OP_0702_4.mes,9,13,UNKNOWN_1e,へっ、たいしたことねーぜ,"흥, 별거 아니야","흥, 별거 아니야"
dom2OP_0702_4.mes,Script/dom2OP_0702_4.mes,10,9,주인공,あっ、草薙先輩!,"앗, 쿠사나기!","앗, 쿠사나기!"
dom2OP_0702_4.mes,Script/dom2OP_0702_4.mes,11,29,Kyo,生徒達が騒いでるから来てみたら<6E5C>……カッコだけじゃねーか,애들이 시끄럽대서 와봤더니……<6E5C>포즈만 잡고 있잖아,애들이 시끄럽대서 와봤더니……<6E5C>포즈만 잡고 있잖아
dom2OP_0702_4.mes,Script/dom2OP_0702_4.mes,12,10,Iori,何だとぉ、貴様ッ!,"뭐라고, 네놈!","뭐라고, 네놈!"
dom2OP_0702_4.mes,Script/dom2OP_0702_4.mes,13,14,주인공,き、閉こえちゃってるし……,"드, 들리거든요……","드, 들리거든요……"
dom2OP_0702_4.mes,Script/dom2OP_0702_4.mes,14,20,Iori,京!!俺のライブをけなしに<6E5C>来たのか?,쿄!! 내 라이브 깔보러<6E5C>온 거냐?,쿄!! 내 라이브 깔보러<6E5C>온 거냐?
dom2OP_0702_4.mes,Script/dom2OP_0702_4.mes,15,40,Kyo,何言ってんだよ、<6E5C>ちゃんと観に来てやってんだろ?<6E5C>早く演葬してくれよ、庵サマッ,"뭔 소리야, 제대로<6E5C>보러 와준 거잖아? 빨리 끝장<6E5C>내 봐, 이오리 나리","뭔 소리야, 제대로<6E5C>보러 와준 거잖아? 빨리 끝장<6E5C>내 봐, 이오리 나리"
dom2OP_0702_4.mes,Script/dom2OP_0702_4.mes,16,27,Iori,よかろう!葬でるのは貴様の<6E5C>悲鳴だ、京ォォォォォ!!,"좋다! 연주해줄 건 네놈<6E5C>비명이다, 쿄오오오!!","좋다! 연주해줄 건 네놈<6E5C>비명이다, 쿄오오오!!"
dom2OP_0702_4.mes,Script/dom2OP_0702_4.mes,17,6,[효과음/내레이션],ガシャーン,와장창,와장창
dom2OP_0702_4.mes,Script/dom2OP_0702_4.mes,18,6,[효과음/내레이션],ドシャーン,콰과광,콰과광
dom2OP_0702_4.mes,Script/dom2OP_0702_4.mes,19,14,주인공,わーっ!クラブが潰れる!!,으악! 클럽 무너진다!!,으악! 클럽 무너진다!!
dom2OP_0702_4.mes,Script/dom2OP_0702_4.mes,20,25,주인공,この人達、大学の頃と<6E5C>ぜんぜん変わってないよー!,"이 사람들, 대학 때랑<6E5C>하나도 안 변했어!","이 사람들, 대학 때랑<6E5C>하나도 안 변했어!"
dom2OP_0702_4.mes,Script/dom2OP_0702_4.mes,21,17,Kisarah,イイぞぉ、どっちもヤっちゃえー!,"좋아, 둘 다 붙어버려라~!","좋아, 둘 다 붙어버려라~!"
dom2OP_0702_4.mes,Script/dom2OP_0702_4.mes,22,23,주인공,おまえ、何ノンキに観戦してん<6E5C>だよ!出るぞ!,"너, 뭘 태평하게 구경해!<6E5C>나가자!","너, 뭘 태평하게 구경해!<6E5C>나가자!"
dom2OP_0702_4.mes,Script/dom2OP_0702_4.mes,23,20,Kisarah,も~、せっかく面白くなってきたの<6E5C>にぃ,에이~ 모처럼 재밌어지려던<6E5C>참인데,에이~ 모처럼 재밌어지려던<6E5C>참인데
dom2OP_0702_4.mes,Script/dom2OP_0702_4.mes,24,5,[효과음/내레이션],バターン,쾅!,쾅!
dom2OP_0702_4.mes,Script/dom2OP_0702_4.mes,25,16,Iori,このままでは終わらんぞォォォ!,이대로 안 끝난다아아아!,이대로 안 끝난다아아아!
dom2OP_0702_4.mes,Script/dom2OP_0702_4.mes,26,19,주인공,……はぁ、なんだったんだ、<6E5C>まったく,"……하아, 대체 뭐였던 거야","……하아, 대체 뭐였던 거야"
dom2OP_0702_4.mes,Script/dom2OP_0702_4.mes,27,22,Kisarah,あ~あ、八神先生のライブ、<6E5C>今日も中止かぁ,"아~ 야가미 라이브,<6E5C>오늘도 중지구나","아~ 야가미 라이브,<6E5C>오늘도 중지구나"
dom2OP_0702_4.mes,Script/dom2OP_0702_4.mes,28,29,Kisarah,また出入り禁止になっちゃうんじゃ<6E5C>ないかな~、NESTS,"또 출입 금지 당하는 거<6E5C>아닐까~, NESTS","또 출입 금지 당하는 거<6E5C>아닐까~, NESTS"
dom2OP_0702_4.mes,Script/dom2OP_0702_4.mes,29,25,주인공,そ、そんなによく問題を起こしてる<6E5C>のか?八神先輩,"그, 그렇게 자주 사고 쳐요?<6E5C>야가미 선배","그, 그렇게 자주 사고 쳐요?<6E5C>야가미 선배"
dom2OP_0702_4.mes,Script/dom2OP_0702_4.mes,30,30,Kisarah,『赤毛の男』って呼ばれて、<6E5C>ここら辺じゃ危険物扱いらしいよ,"'빨간 머리'로 불리며,<6E5C>여기선 위험물 취급이래","'빨간 머리'로 불리며,<6E5C>여기선 위험물 취급이래"
dom2OP_0702_4.mes,Script/dom2OP_0702_4.mes,31,6,주인공,危険物……,위험물……,위험물……
dom2OP_0702_4.mes,Script/dom2OP_0702_4.mes,32,8,[효과음/내레이션],PLLLL……,지이잉……,지이잉……
dom2OP_0702_4.mes,Script/dom2OP_0702_4.mes,33,35,Kisarah,あ、ゴメンッ!<6E5C>友達からメール来ちゃった.<6E5C>じゃあ<이름:3232>クン、またね~,"아, 미안! 친구한테서<6E5C>메일 왔다. 그럼 <이름:3232> 군,<6E5C>또 보자~","아, 미안! 친구한테서<6E5C>메일 왔다. 그럼 <이름:3232> 군,<6E5C>또 보자~"
dom2OP_0702_4.mes,Script/dom2OP_0702_4.mes,34,13,주인공,おい、これで終わりかよ!,"야, 이걸로 끝이야!","야, 이걸로 끝이야!"
dom2OP_0702_4.mes,Script/dom2OP_0702_4.mes,35,26,Kisarah,今日は<이름:3232>クンがヤクソク<6E5C>守ってくれて安心したナッ,오늘은 <이름:3232> 군이 약속<6E5C>지켜줘서 안심했다냥,오늘은 <이름:3232> 군이 약속<6E5C>지켜줘서 안심했다냥
dom2OP_0702_4.mes,Script/dom2OP_0702_4.mes,36,23,Kisarah,あの『約束』も、もうすぐだネ!<6E5C>じゃ~ね~!,"그 '약속'도, 곧이네!<6E5C>그럼 안녕!","그 '약속'도, 곧이네!<6E5C>그럼 안녕!"
dom2OP_0702_4.mes,Script/dom2OP_0702_4.mes,37,9,[효과음/내레이션],タッタッタッ……,타다닷……,타다닷……
dom2OP_0702_4.mes,Script/dom2OP_0702_4.mes,38,4,주인공,え……,어……,어……
dom2OP_0702_4.mes,Script/dom2OP_0702_4.mes,39,19,주인공,……あの『約束』って、<6E5C>なんだ……?,"……그 '약속'이란 게,<6E5C>뭐지?","……그 '약속'이란 게,<6E5C>뭐지?"
dom2OP_0702_5.mes,Script/dom2OP_0702_5.mes,0,12,[효과음/내레이션],♪カランコロンカラ~ン,♪딸랑딸랑 딸라~앙,♪딸랑딸랑 딸라~앙
dom2OP_0702_5.mes,Script/dom2OP_0702_5.mes,1,9,UNKNOWN_2c,いらっしゃいませ,어서 오세요,어서 오세요
dom2OP_0702_5.mes,Script/dom2OP_0702_5.mes,2,32,주인공,(今は双子のウェイトレスさん<6E5C>だけだ.巳沢さんは……いないな),(지금은 쌍둥이 웨이트리스뿐이네.<6E5C>미사와 씨는…… 없나),(지금은 쌍둥이 웨이트리스뿐이네.<6E5C>미사와 씨는…… 없나)
dom2OP_0702_5.mes,Script/dom2OP_0702_5.mes,3,4,UNKNOWN_43,バウ!,멍!,멍!
dom2OP_0702_5.mes,Script/dom2OP_0702_5.mes,4,4,주인공,うわ!,으왓!,으왓!
dom2OP_0702_5.mes,Script/dom2OP_0702_5.mes,5,19,UNKNOWN_1e,こら、アントン.<6E5C>店の中で吠えないの,"이놈, 안톤. 가게서<6E5C>짖지 말랬지","이놈, 안톤. 가게서<6E5C>짖지 말랬지"
dom2OP_0702_5.mes,Script/dom2OP_0702_5.mes,6,4,주인공,あ……,아……,아……
dom2OP_0702_5.mes,Script/dom2OP_0702_5.mes,7,9,Mary,……Hi、ボーイ,"……Hi, 보이","……Hi, 보이"
dom2OP_0702_5.mes,Script/dom2OP_0702_5.mes,8,12,Mary,また、会っちゃったわね,"또, 만나버렸네","또, 만나버렸네"
dom2OP_0702_5.mes,Script/dom2OP_0702_5.mes,9,12,주인공,こんばんは、マリーさん,"안녕하세요, 마리 씨","안녕하세요, 마리 씨"
dom2OP_0702_5.mes,Script/dom2OP_0702_5.mes,10,15,Mary,Are<020A>ヤ○u<020A>readヤ?,아<020A>유<020A>레디?,아<020A>유<020A>레디?
dom2OP_0702_5.mes,Script/dom2OP_0702_5.mes,11,3,주인공,え?,네?,네?
dom2OP_0702_5.mes,Script/dom2OP_0702_5.mes,12,48,Mary,3度目の出会いは偶然とは呼ばない<6E5C>わ.運命よ.これで、運命の歯車が<6E5C>動き出しちゃったってわけね,세 번째 만남은 우연이라<6E5C>안 해. 운명이야.<6E5C>운명의 톱니바퀴가 움직이기<6E5C>시작한 거네,세 번째 만남은 우연이라<6E5C>안 해. 운명이야.<6E5C>운명의 톱니바퀴가 움직이기<6E5C>시작한 거네
dom2OP_0702_5.mes,Script/dom2OP_0702_5.mes,13,36,Mary,どんなドラマかはわからない<6E5C>けれど、何かが始まるんだわ.<6E5C>準備はOK?,"어떤 드라마일진 모르겠지만,<6E5C>뭔가 시작되는 거야.<6E5C>준비는 됐어?","어떤 드라마일진 모르겠지만,<6E5C>뭔가 시작되는 거야.<6E5C>준비는 됐어?"
dom2OP_0702_5.mes,Script/dom2OP_0702_5.mes,14,6,주인공,何かが……,뭔가가……,뭔가가……
dom2OP_0702_5.mes,Script/dom2OP_0702_5.mes,15,25,Mary,ところで、この店のオーナーは?<6E5C>姿が見えないけど,"그나저나, 이 가게 오너는?<6E5C>안 보이는데","그나저나, 이 가게 오너는?<6E5C>안 보이는데"
dom2OP_0702_5.mes,Script/dom2OP_0702_5.mes,16,46,주인공,あ、キングさんなら、イギリスに<6E5C>行ってて、まだ戻ってきてないん<6E5C>ですよ.買い出しだそうです,"아, 킹 씨는, 영국에<6E5C>가셔서, 아직 안 돌아오셨어요.<6E5C>물건 사러 가셨대요","아, 킹 씨는, 영국에<6E5C>가셔서, 아직 안 돌아오셨어요.<6E5C>물건 사러 가셨대요"
dom2OP_0702_5.mes,Script/dom2OP_0702_5.mes,17,32,Mary,そう……、残念ね.久しぶりに、<6E5C>昔話で飲み明かせると思ったのに,그래…… 아쉽네. 오랜만에<6E5C>옛날얘기하며 마실<6E5C>줄 알았는데,그래…… 아쉽네. 오랜만에<6E5C>옛날얘기하며 마실<6E5C>줄 알았는데
dom2OP_0702_5.mes,Script/dom2OP_0702_5.mes,18,17,주인공,キングさんのお友達だったんですか,킹 씨 친구셨어요?,킹 씨 친구셨어요?
dom2OP_0702_5.mes,Script/dom2OP_0702_5.mes,19,19,Mary,昔のよしみってヤツよ、<6E5C>ちょっとした,"옛정이란 거지, 약간의","옛정이란 거지, 약간의"
dom2OP_0702_5.mes,Script/dom2OP_0702_5.mes,20,43,주인공,そういえば、マリーさんはこの街に<6E5C>来たのは初めてだって言ってました<6E5C>ね.観光ですか?,"그러고 보니, 마리 씨는<6E5C>이 동네에 온 게 처음이라<6E5C>했었죠. 관광이에요?","그러고 보니, 마리 씨는<6E5C>이 동네에 온 게 처음이라<6E5C>했었죠. 관광이에요?"
dom2OP_0702_5.mes,Script/dom2OP_0702_5.mes,21,8,Mary,いいえ、仕事よ,"아니, 일이야","아니, 일이야"
dom2OP_0702_5.mes,Script/dom2OP_0702_5.mes,22,38,주인공,あ、お仕事だったんですか.<6E5C>それじゃあ、この辺に引っ越して<6E5C>きたんですか?,"아, 일 때문이셨구나.<6E5C>그럼, 이 근처로 이사<6E5C>오신 거예요?","아, 일 때문이셨구나.<6E5C>그럼, 이 근처로 이사<6E5C>오신 거예요?"
dom2OP_0702_5.mes,Script/dom2OP_0702_5.mes,23,19,Mary,……いいえ、そういうわけじゃ<6E5C>ないわ,"……아니, 그런 건 아니야","……아니, 그런 건 아니야"
dom2OP_0702_5.mes,Script/dom2OP_0702_5.mes,24,13,주인공,じゃあこの近くに会社が?,이 근처에 회사가?,이 근처에 회사가?
dom2OP_0702_5.mes,Script/dom2OP_0702_5.mes,25,27,Mary,悪いけど、あまり自分のことを<6E5C>話すのは好きじゃないの,"미안한데, 내 얘기 하는 건<6E5C>별로 안 좋아해서","미안한데, 내 얘기 하는 건<6E5C>별로 안 좋아해서"
dom2OP_0702_5.mes,Script/dom2OP_0702_5.mes,26,9,주인공,す、すいません!,"죄, 죄송해요!","죄, 죄송해요!"
dom2OP_0702_5.mes,Script/dom2OP_0702_5.mes,27,40,Mary,気にしないで.キングもいないこと<6E5C>だし、私はそろそろ行くわ.<6E5C>アントン、おいで,"신경 쓰지 마. 킹도 없으니까,<6E5C>나는 이만 갈게.<6E5C>안톤, 이리 와","신경 쓰지 마. 킹도 없으니까,<6E5C>나는 이만 갈게.<6E5C>안톤, 이리 와"
dom2OP_0702_5.mes,Script/dom2OP_0702_5.mes,28,4,[마리의 개],ワン!,멍!,멍!
dom2OP_0702_5.mes,Script/dom2OP_0702_5.mes,29,48,주인공,(あれ、怒らせちゃったかな……<6E5C>なんかちょっと怖い感じの人だな.<6E5C>人を寄せつけないような……),"(어라, 화나게 했나……<6E5C>무서운 느낌의 사람이네.<6E5C>사람을 안 가까이하는<6E5C>것 같은……)","(어라, 화나게 했나……<6E5C>무서운 느낌의 사람이네.<6E5C>사람을 안 가까이하는<6E5C>것 같은……)"
dom2OP_0702_5.mes,Script/dom2OP_0702_5.mes,30,7,Mary,ねぇ、ボーイ,"저기, 보이","저기, 보이"
dom2OP_0702_5.mes,Script/dom2OP_0702_5.mes,31,5,주인공,は、はい,"네, 넵","네, 넵"
dom2OP_0702_5.mes,Script/dom2OP_0702_5.mes,32,34,Mary,運命の出会いにはね、<6E5C>意味があるの.<6E5C>なぜ私たちが出会ったのか……,"운명적인 만남엔,<6E5C>의미가 있어.<6E5C>왜 우리가 만난 건지……","운명적인 만남엔,<6E5C>의미가 있어.<6E5C>왜 우리가 만난 건지……"
dom2OP_0702_5.mes,Script/dom2OP_0702_5.mes,33,3,주인공,え?,네?,네?
dom2OP_0702_5.mes,Script/dom2OP_0702_5.mes,34,22,Mary,また会いましょう.<6E5C>きっと何かが起きるのよ,또 만나자.<6E5C>분명 뭔가 일어날 거야,또 만나자.<6E5C>분명 뭔가 일어날 거야
dom2OP_0702_5.mes,Script/dom2OP_0702_5.mes,35,4,주인공,何か?,뭔가?,뭔가?
dom2OP_0702_5.mes,Script/dom2OP_0702_5.mes,36,34,Mary,それがハッピーな出来事かバッドな<6E5C>出来事かは……夏だけが知ってるわ,그게 행복한 일일지 불행한<6E5C>일일지는…… 여름만이 알겠지,그게 행복한 일일지 불행한<6E5C>일일지는…… 여름만이 알겠지
dom2OP_0702_5.mes,Script/dom2OP_0702_5.mes,37,3,주인공,夏?,여름,여름
dom2OP_0702_5.mes,Script/dom2OP_0702_5.mes,38,11,Mary,あるいはこの街が……,아니면 이 동네가,아니면 이 동네가
dom2OP_0702_5.mes,Script/dom2OP_0702_5.mes,39,16,Mary,そのときを楽しみに待ってるわ!,그때를 기대하며 기다릴게!,그때를 기대하며 기다릴게!
dom2OP_0702_5.mes,Script/dom2OP_0702_5.mes,40,5,주인공,えっ……,엇……,엇……
dom2OP_0702_5.mes,Script/dom2OP_0702_5.mes,41,11,Mary,行くわよ、アントン!,"가자, 안톤!","가자, 안톤!"
dom2OP_0702_5.mes,Script/dom2OP_0702_5.mes,42,5,[마리의 개],バウッ!,멍!,멍!
dom2OP_0702_5.mes,Script/dom2OP_0702_5.mes,43,12,Mary,G○○d<020A>night!,굿<020A>나잇!,굿<020A>나잇!
dom2OP_0702_5.mes,Script/dom2OP_0702_5.mes,44,5,주인공,…………,…………,…………
dom2OP_0702_5.mes,Script/dom2OP_0702_5.mes,45,13,주인공,(この夏に……何かが?),(올여름…… 뭔가),(올여름…… 뭔가)
dom2OP_0702_5.mes,Script/dom2OP_0702_5.mes,46,12,[효과음/내레이션],♪カランコロンカラ~ン,♪딸랑딸랑 딸라~앙,♪딸랑딸랑 딸라~앙
dom2OP_0702_5.mes,Script/dom2OP_0702_5.mes,47,14,Shizuku,ごめーん、待たせちゃった?,"미아안, 기다리게 했어?","미아안, 기다리게 했어?"
dom2OP_0702_5.mes,Script/dom2OP_0702_5.mes,48,7,주인공,わぁっ!!!,으왁!!!,으왁!!!
dom2OP_0702_5.mes,Script/dom2OP_0702_5.mes,49,16,Shizuku,えっ!?ご、ごめんなさい……!,"엇!? 미, 미안해……!","엇!? 미, 미안해……!"
dom2OP_0702_5.mes,Script/dom2OP_0702_5.mes,50,24,주인공,ううん、大丈夫…….<6E5C>ちょっと考え事してたんだ,"아니, 괜찮아…….<6E5C>생각 좀 하고 있었어","아니, 괜찮아…….<6E5C>생각 좀 하고 있었어"
dom2OP_0702_5.mes,Script/dom2OP_0702_5.mes,51,5,Shizuku,考え事?,생각?,생각?
dom2OP_0702_5.mes,Script/dom2OP_0702_5.mes,52,36,주인공,大したことじゃないから、うん.<6E5C>あ、そうだ.<6E5C>はいこれ、さっき話した本,"별거 아니니까, 응.<6E5C>아, 맞다. 자 이거,<6E5C>아까 말했던 책","별거 아니니까, 응.<6E5C>아, 맞다. 자 이거,<6E5C>아까 말했던 책"
dom2OP_0702_5.mes,Script/dom2OP_0702_5.mes,53,10,Shizuku,わぁ、ありがとう!,"와, 고마워!","와, 고마워!"
dom2OP_0702_5.mes,Script/dom2OP_0702_5.mes,54,8,주인공,お安い御用です,별거 아니야,별거 아니야
dom2OP_0702_5.mes,Script/dom2OP_0702_5.mes,55,45,Shizuku,ゲーニッツ先生、ちょっと講義を<6E5C>休みすぎだよね.<이름:3131>くんに<6E5C>会える数少ないチャンスなのに,"게닛츠 선생님, 강의를<6E5C>너무 많이 쉬시네. <이름:3131> 군<6E5C>만날 몇 안 되는 기회인데","게닛츠 선생님, 강의를<6E5C>너무 많이 쉬시네. <이름:3131> 군<6E5C>만날 몇 안 되는 기회인데"
dom2OP_0702_5.mes,Script/dom2OP_0702_5.mes,56,33,주인공,数少ないって…….<6E5C>あ、巳沢さんはゼミの成績<6E5C>だいじょうぶなの?,몇 안 된다니……<6E5C>미사와 씨는 세미나<6E5C>성적 괜찮은 거야?,몇 안 된다니……<6E5C>미사와 씨는 세미나<6E5C>성적 괜찮은 거야?
dom2OP_0702_5.mes,Script/dom2OP_0702_5.mes,57,41,Shizuku,バイトで忙しくて、あんまり出席<6E5C>できてないんだ.私もレポート<6E5C>がんばらなくっちゃ,"알바로 바빠서, 별로 출석을<6E5C>못 하고 있어. 나도 리포트<6E5C>열심히 해야지","알바로 바빠서, 별로 출석을<6E5C>못 하고 있어. 나도 리포트<6E5C>열심히 해야지"
dom2OP_0702_5.mes,Script/dom2OP_0702_5.mes,58,42,주인공,それでイリュージョンのバーテン<6E5C>ダーもするんでしょ?<6E5C>巳沢さんはしっかりしてるよね,그러면서 일루전 바텐더도<6E5C>하는 거잖아? 미사와 씨는<6E5C>참 야무지네,그러면서 일루전 바텐더도<6E5C>하는 거잖아? 미사와 씨는<6E5C>참 야무지네
dom2OP_0702_5.mes,Script/dom2OP_0702_5.mes,59,31,Shizuku,そう見える……?私だって、誰か<6E5C>に甘えたい時があるんだよ……,"그렇게 보여……? 나도,<6E5C>기대고 싶을 때 있단 말야……","그렇게 보여……? 나도,<6E5C>기대고 싶을 때 있단 말야……"
dom2OP_0702_5.mes,Script/dom2OP_0702_5.mes,60,9,주인공,へえ、そうなんだ,"허, 그렇구나","허, 그렇구나"
dom2OP_0702_5.mes,Script/dom2OP_0702_5.mes,61,6,Shizuku,……もう!,……정말!,……정말!
dom2OP_0702_5.mes,Script/dom2OP_0702_5.mes,62,3,주인공,え?,어?,어?
dom2OP_0702_5.mes,Script/dom2OP_0702_5.mes,63,32,Shizuku,なんでもない.あ、<이름:3131>くんって<6E5C>妹さんとふたり募らしだったよね,아무것도 아냐. <이름:3131> 군은<6E5C>여동생이랑 둘이 산다고 했지,아무것도 아냐. <이름:3131> 군은<6E5C>여동생이랑 둘이 산다고 했지
dom2OP_0702_5.mes,Script/dom2OP_0702_5.mes,64,33,Shizuku,誘っておいて何だけど、妹さん、<6E5C>お家にひとりでだいじょうぶなの?,"불러놓고 뭐하지만,<6E5C>여동생, 집에 혼자 있어도<6E5C>돼?","불러놓고 뭐하지만,<6E5C>여동생, 집에 혼자 있어도<6E5C>돼?"
dom2OP_0702_5.mes,Script/dom2OP_0702_5.mes,65,27,주인공,ああ、ほたるには今日は遅くなる<6E5C>って電話してあるから,"응, 호타루한텐 오늘 늦는다고<6E5C>전화해놨으니까","응, 호타루한텐 오늘 늦는다고<6E5C>전화해놨으니까"
dom2OP_0702_5.mes,Script/dom2OP_0702_5.mes,66,36,Shizuku,妹さん、ほたるちゃんていうんだ.<6E5C>……ふーん、<6E5C>遅くなるつもりなんだ?,"여동생, 호타루짱이라 하네.<6E5C>……흐응,<6E5C>늦게 갈 생각이었구나?","여동생, 호타루짱이라 하네.<6E5C>……흐응,<6E5C>늦게 갈 생각이었구나?"
dom2OP_0702_5.mes,Script/dom2OP_0702_5.mes,67,37,주인공,い、いや、そういう意味じゃない<6E5C>よ.いつもよりは、<6E5C>遅くなるっていう……,"아니, 그런 뜻이 아니라.<6E5C>평소보단, 좀 늦는다는<6E5C>거였는데……","아니, 그런 뜻이 아니라.<6E5C>평소보단, 좀 늦는다는<6E5C>거였는데……"
dom2OP_0702_5.mes,Script/dom2OP_0702_5.mes,68,45,Shizuku,ふふ、わかってるよ.……でも、<6E5C>待っている人が部屋にいるって、<6E5C>ちょっとうらやましいかな,"후후, 알고 있어.……근데,<6E5C>기다리는 사람이 방에 있다는 게,<6E5C>좀 부럽네","후후, 알고 있어.……근데,<6E5C>기다리는 사람이 방에 있다는 게,<6E5C>좀 부럽네"
dom2OP_0702_5.mes,Script/dom2OP_0702_5.mes,69,21,Shizuku,私、捨て子で家族ってものを知ら<6E5C>ないから,"나는, 버려진 아이라<6E5C>가족을 모르니까","나는, 버려진 아이라<6E5C>가족을 모르니까"
dom2OP_0702_5.mes,Script/dom2OP_0702_5.mes,70,5,주인공,…………,…………,…………
dom2OP_0702_5.mes,Script/dom2OP_0702_5.mes,71,25,Shizuku,あ、ごめんね?<6E5C>気にしないで、もう平気なんだから,"아, 미안해<6E5C>신경 쓰지 마, 이제 괜찮으니까","아, 미안해<6E5C>신경 쓰지 마, 이제 괜찮으니까"
dom2OP_0702_5.mes,Script/dom2OP_0702_5.mes,72,24,주인공,ほたると巳沢さんは、似ているの<6E5C>かもしれないね,호타루짱과 미사와 씨는<6E5C>닮았을지도 모르겠다,호타루짱과 미사와 씨는<6E5C>닮았을지도 모르겠다
dom2OP_0702_5.mes,Script/dom2OP_0702_5.mes,73,11,Shizuku,どういう、こと……?,"그게, 무슨……?","그게, 무슨……?"
dom2OP_0702_5.mes,Script/dom2OP_0702_5.mes,74,64,주인공,うん.ほたるは6年前に両親を<6E5C>亡くしてね<485C>唯一の肉親だったお兄さんも<6E5C>行方がわからなくなって、うちで<6E5C>引き取ることになったんだ,"응. 호타루는 6년 전에 부모님을<6E5C>여의고서<485C>하나뿐인 혈육이던 오빠도<6E5C>행방불명돼서, 우리 집에서<6E5C>맡게 됐어","응. 호타루는 6년 전에 부모님을<6E5C>여의고서<485C>하나뿐인 혈육이던 오빠도<6E5C>행방불명돼서, 우리 집에서<6E5C>맡게 됐어"
dom2OP_0702_5.mes,Script/dom2OP_0702_5.mes,75,27,Shizuku,……妹さん、えらいね.<6E5C>失う悲しみをのりこえたんだね,"여동생분, 대단하네요.<6E5C>잃은 슬픔을 이겨냈군요","여동생분, 대단하네요.<6E5C>잃은 슬픔을 이겨냈군요"
dom2OP_0702_5.mes,Script/dom2OP_0702_5.mes,76,24,주인공,巳沢さんだって、ほんとは<6E5C>平気じゃないでしょ?,"미사와 씨도, 사실<6E5C>괜찮지 않은 거잖아요?","미사와 씨도, 사실<6E5C>괜찮지 않은 거잖아요?"
dom2OP_0702_5.mes,Script/dom2OP_0702_5.mes,77,34,주인공,なのに、そんなに明るくて、<6E5C>がんばっていて……えらい<6E5C>……と思うよ,"그런데도, 그렇게 밝고,<6E5C>열심히 하고……대단하다<6E5C>……싶어","그런데도, 그렇게 밝고,<6E5C>열심히 하고……대단하다<6E5C>……싶어"
dom2OP_0702_5.mes,Script/dom2OP_0702_5.mes,78,30,Shizuku,ありがとう.そう言ってもらえるだ<6E5C>けで、ちょっと元気になる,고마워. 그렇게 말해주는<6E5C>것만으로 조금 힘이 나네,고마워. 그렇게 말해주는<6E5C>것만으로 조금 힘이 나네
dom2OP_0702_5.mes,Script/dom2OP_0702_5.mes,79,7,주인공,……よかった,……다행이다,……다행이다
dom2OP_0702_5.mes,Script/dom2OP_0702_5.mes,80,33,Shizuku,<이름:3131>くんは優しいね.<6E5C>その調子だと教育実習も<6E5C>大変だったでしょ?,<이름:3131> 군은 다정하네.<6E5C>그런 느낌이면 교육 실습도<6E5C>힘들었겠다,<이름:3131> 군은 다정하네.<6E5C>그런 느낌이면 교육 실습도<6E5C>힘들었겠다
dom2OP_0702_5.mes,Script/dom2OP_0702_5.mes,81,25,주인공,先輩にも生徒にも振り回されっ<6E5C>ぱなしだったよ……,선배한테도 학생한테도<6E5C>휘둘리기만 했어……,선배한테도 학생한테도<6E5C>휘둘리기만 했어……
dom2OP_0702_5.mes,Script/dom2OP_0702_5.mes,82,15,Shizuku,あはは、なんか想像できちゃう,"아하하, 왠지 상상이 되네","아하하, 왠지 상상이 되네"
dom2OP_0702_5.mes,Script/dom2OP_0702_5.mes,83,47,주인공,(それから僕らはとりとめのない<6E5C>話で盛り上がって、予定の時間を<6E5C>ずいぶん過ぎてから店を出た),"(그 후 우리는 별거 아닌 얘기로<6E5C>신났고, 시간 가는 줄 모르고<6E5C>가게를 나섰다)","(그 후 우리는 별거 아닌 얘기로<6E5C>신났고, 시간 가는 줄 모르고<6E5C>가게를 나섰다)"
dom2OP_0702_5.mes,Script/dom2OP_0702_5.mes,84,12,Shizuku,じゃあ私、こっちだから,"그럼 나, 이쪽이니까","그럼 나, 이쪽이니까"
dom2OP_0702_5.mes,Script/dom2OP_0702_5.mes,85,12,주인공,うん.今日は楽しかった,응. 오늘 즐거웠어,응. 오늘 즐거웠어
dom2OP_0702_5.mes,Script/dom2OP_0702_5.mes,86,3,Shizuku,私も,나도,나도
dom2OP_0702_5.mes,Script/dom2OP_0702_5.mes,87,5,주인공,…………,…………,…………
dom2OP_0702_5.mes,Script/dom2OP_0702_5.mes,88,5,Shizuku,…………,…………,…………
dom2OP_0702_5.mes,Script/dom2OP_0702_5.mes,89,6,주인공,あ、あのさ,"아, 저기","아, 저기"
dom2OP_0702_5.mes,Script/dom2OP_0702_5.mes,90,6,Shizuku,なに……?,왜……?,왜……?
dom2OP_0702_5.mes,Script/dom2OP_0702_5.mes,91,19,주인공,明日、バイト初日でしょ?<6E5C>顔を出すよ,내일 알바 첫날이지?<6E5C>얼굴 비출게,내일 알바 첫날이지?<6E5C>얼굴 비출게
dom2OP_0702_5.mes,Script/dom2OP_0702_5.mes,92,12,Shizuku,ありがとう.待ってるね,고마워. 기다릴게,고마워. 기다릴게
dom2OP_0702_5.mes,Script/dom2OP_0702_5.mes,93,5,주인공,それじゃ,그럼,그럼
dom2OP_0702_5.mes,Script/dom2OP_0702_5.mes,94,8,Shizuku,おやすみなさい,잘 자,잘 자
dom2OP_0702_5.mes,Script/dom2OP_0702_5.mes,95,41,주인공,(話してるうちにえらく遅くなっ<6E5C>ちゃったな…….ほたるのやつ、<6E5C>もう寝てるかな),"(얘기하다 보니 늦어졌네…….<6E5C>호타루 그 녀석, 벌써 자고 있으려나)","(얘기하다 보니 늦어졌네…….<6E5C>호타루 그 녀석, 벌써 자고 있으려나)"
dom2OP_0702_5.mes,Script/dom2OP_0702_5.mes,96,7,주인공,(…………),(…………),(…………)
dom2OP_0702_5.mes,Script/dom2OP_0702_5.mes,97,32,주인공,この夏に……か.<6E5C>本当に、今年は何か起きそうな<6E5C>気がするな……,이번 여름에…… 인가.<6E5C>올해는 뭔가 일어날 것<6E5C>같네……,이번 여름에…… 인가.<6E5C>올해는 뭔가 일어날 것<6E5C>같네……
