file,rel_path,block,n_tokens,speaker,source,ai_draft,translation
dom2Orochi_L01.mes,Script/dom2Orochi_L01.mes,0,21,주인공,ハァ、やっぱり我が家が<6E5C>一番落ち着くなぁ,"하아, 역시 우리 집이<6E5C>제일 편하네","하아, 역시 우리 집이<6E5C>제일 편하네"
dom2Orochi_L01.mes,Script/dom2Orochi_L01.mes,1,8,주인공,ファ~……眠い,하아~……졸려,하아~……졸려
dom2Orochi_L01.mes,Script/dom2Orochi_L01.mes,2,5,주인공,グゥ……,쿨……,쿨……
dom2Orochi_L01.mes,Script/dom2Orochi_L01.mes,3,20,Mary,収穫なし、か.<6E5C>想像以上に厄介な仕事ね,소득 없음.<6E5C>생각보다 성가신 일이네,소득 없음.<6E5C>생각보다 성가신 일이네
dom2Orochi_L01.mes,Script/dom2Orochi_L01.mes,4,32,Mary,ねばつくような空気……<6E5C>日本の夏ってこういうところが<6E5C>苦手だわ,끈적한 공기……<6E5C>일본의 여름은 이런 점이<6E5C>싫단 말이지,끈적한 공기……<6E5C>일본의 여름은 이런 점이<6E5C>싫단 말이지
dom2Orochi_L01.mes,Script/dom2Orochi_L01.mes,5,16,Mary,フゥ……そろそろ姿を見せたら?,후……슬슬 나오는 게 어때?,후……슬슬 나오는 게 어때?
dom2Orochi_L01.mes,Script/dom2Orochi_L01.mes,6,7,[마리의 개],グルルル……,그르르……,그르르……
dom2Orochi_L01.mes,Script/dom2Orochi_L01.mes,7,19,UNKNOWN_47,ウフフ、気づいてたの、<6E5C>私たちのこと,"우후후, 눈치챘구나,<6E5C>우리 얘기","우후후, 눈치챘구나,<6E5C>우리 얘기"
dom2Orochi_L01.mes,Script/dom2Orochi_L01.mes,8,21,UNKNOWN_5d,さすがは凄腕のエージェントって<6E5C>ところか,과연 실력 좋은 에이전트라<6E5C>이건가,과연 실력 좋은 에이전트라<6E5C>이건가
dom2Orochi_L01.mes,Script/dom2Orochi_L01.mes,9,23,Mary,私になんの用?<6E5C>ただのファンとも思えないけど,나한테 무슨 볼일?<6E5C>그냥 팬은 아닌듯한데,나한테 무슨 볼일?<6E5C>그냥 팬은 아닌듯한데
dom2Orochi_L01.mes,Script/dom2Orochi_L01.mes,10,14,UNKNOWN_47,アハハハ、ずいぶんと余裕ね,"아하하하, 꽤나 여유롭네","아하하하, 꽤나 여유롭네"
dom2Orochi_L01.mes,Script/dom2Orochi_L01.mes,11,17,UNKNOWN_47,ずばり言うとね、あなた邪魔なのよ,딱 잘라 말할게 넌 방해가 돼,딱 잘라 말할게 넌 방해가 돼
dom2Orochi_L01.mes,Script/dom2Orochi_L01.mes,12,31,UNKNOWN_47,鼻の良すぎる犬には、このへんで<6E5C>退場してもらおうかと思ってね,코가 너무 좋은 개는 이쯤에서<6E5C>퇴장해줬으면 해서 말이야,코가 너무 좋은 개는 이쯤에서<6E5C>퇴장해줬으면 해서 말이야
dom2Orochi_L01.mes,Script/dom2Orochi_L01.mes,13,15,Mary,あなたたちにできるのかしら?,너희들이 할 수 있을까?,너희들이 할 수 있을까?
dom2Orochi_L01.mes,Script/dom2Orochi_L01.mes,14,32,UNKNOWN_5d,ナメた口きくじゃねぇか.<6E5C>できないかどうか、試してみやがれ<6E5C>!,"건방진 소리 하네.<6E5C>되는지 안 되는지, 해봐<6E5C>!","건방진 소리 하네.<6E5C>되는지 안 되는지, 해봐<6E5C>!"
dom2Orochi_L01.mes,Script/dom2Orochi_L01.mes,15,13,Mary,"C○me ○n,B○ヤ!","컴온, 보야!","컴온, 보야!"
dom2Orochi_L01.mes,Script/dom2Orochi_L01.mes,16,9,UNKNOWN_5d,いっちまいなぁ!,간다!,간다!
dom2Orochi_L01.mes,Script/dom2Orochi_L01.mes,17,4,[효과음/내레이션],バキッ、,"빠직,","빠직,"
dom2Orochi_L01.mes,Script/dom2Orochi_L01.mes,18,7,[효과음/내레이션],ドカァッ!!,퍼억!!,퍼억!!
dom2Orochi_L01.mes,Script/dom2Orochi_L01.mes,19,8,Mary,この程度なの?,이 정도야?,이 정도야?
dom2Orochi_L01.mes,Script/dom2Orochi_L01.mes,20,12,UNKNOWN_5d,チッ!ナメんじゃねぇ!,칫! 얕보지 마!,칫! 얕보지 마!
dom2Orochi_L01.mes,Script/dom2Orochi_L01.mes,21,7,[효과음/내레이션],バチバチッ!,파직파직!,파직파직!
dom2Orochi_L01.mes,Script/dom2Orochi_L01.mes,22,4,Mary,グッ!,윽!,윽!
dom2Orochi_L01.mes,Script/dom2Orochi_L01.mes,23,11,Mary,(で、電撃……!?),"(저, 전격…!?)","(저, 전격…!?)"
dom2Orochi_L01.mes,Script/dom2Orochi_L01.mes,24,4,[효과음/내레이션],ドサッ,털썩,털썩
dom2Orochi_L01.mes,Script/dom2Orochi_L01.mes,25,13,UNKNOWN_47,ウフフ、背中ががら空きよ,"우후후, 등이 무방비네","우후후, 등이 무방비네"
dom2Orochi_L01.mes,Script/dom2Orochi_L01.mes,26,13,UNKNOWN_5d,誰が手を貸せっつったよ!,누가 도와달랬냐!,누가 도와달랬냐!
dom2Orochi_L01.mes,Script/dom2Orochi_L01.mes,27,19,UNKNOWN_47,なに言ってるのよ.<6E5C>苦戦してたくせに,무슨 소리야.<6E5C>고전하고 있었으면서,무슨 소리야.<6E5C>고전하고 있었으면서
dom2Orochi_L01.mes,Script/dom2Orochi_L01.mes,28,23,UNKNOWN_5d,だ、誰が苦戦だ!<6E5C>遊んでただけだろうがよぉ!,"누, 누가 고전이야!<6E5C>그냥 놀아준 거다!","누, 누가 고전이야!<6E5C>그냥 놀아준 거다!"
dom2Orochi_L01.mes,Script/dom2Orochi_L01.mes,29,5,[효과음/내레이션],ガスッ!,퍽!,퍽!
dom2Orochi_L01.mes,Script/dom2Orochi_L01.mes,30,5,[효과음/내레이션],ガスッ!,퍽!,퍽!
dom2Orochi_L01.mes,Script/dom2Orochi_L01.mes,31,4,Mary,ぅ……,윽……,윽……
dom2Orochi_L01.mes,Script/dom2Orochi_L01.mes,32,11,UNKNOWN_5d,おとなしく寝てろぉ!,얌전히 자빠져있어!,얌전히 자빠져있어!
dom2Orochi_L01.mes,Script/dom2Orochi_L01.mes,33,5,[효과음/내레이션],ガスッ!,퍽!,퍽!
dom2Orochi_L01.mes,Script/dom2Orochi_L01.mes,34,5,Mary,…………,…………,…………
dom2Orochi_L01.mes,Script/dom2Orochi_L01.mes,35,26,UNKNOWN_47,もういいじゃない.<6E5C>それより、さっさと運びましょう,"이제 됐잖아.<6E5C>그보다, 얼른 옮기자","이제 됐잖아.<6E5C>그보다, 얼른 옮기자"
dom2Orochi_L01.mes,Script/dom2Orochi_L01.mes,36,9,UNKNOWN_5d,チッ、わかったよ,"칫, 알았어","칫, 알았어"
dom2Orochi_L01.mes,Script/dom2Orochi_L01.mes,37,6,[마리의 개],ワンワン!,멍멍!,멍멍!
dom2Orochi_L01.mes,Script/dom2Orochi_L01.mes,38,6,UNKNOWN_5d,うるせぇ!,시끄러!,시끄러!
dom2Orochi_L01.mes,Script/dom2Orochi_L01.mes,39,5,[효과음/내레이션],バキィ!,빠직!,빠직!
dom2Orochi_L01.mes,Script/dom2Orochi_L01.mes,40,7,[마리의 개],キャイーン!,깨갱!,깨갱!
dom2Orochi_L01.mes,Script/dom2Orochi_L01.mes,41,13,UNKNOWN_47,あらあら、容赦ないわねぇ,"어머어머, 인정사정없네","어머어머, 인정사정없네"
dom2Orochi_L01.mes,Script/dom2Orochi_L01.mes,42,19,UNKNOWN_5d,うっとうしいんだよ、<6E5C>キャンキャンと,"성가시다고,<6E5C>깽깽거리는 거","성가시다고,<6E5C>깽깽거리는 거"
dom2Orochi_L01.mes,Script/dom2Orochi_L01.mes,43,11,UNKNOWN_47,さ、早く行きましょう,"자, 얼른 가자","자, 얼른 가자"
dom2Orochi_L01.mes,Script/dom2Orochi_L01.mes,44,3,UNKNOWN_5d,おう,오냐,오냐
dom2Orochi_L02.mes,Script/dom2Orochi_L02.mes,0,21,주인공,ハァ、やっぱり我が家が<6E5C>一番落ち着くなぁ,"하아, 역시 우리 집이<6E5C>제일 편하네","하아, 역시 우리 집이<6E5C>제일 편하네"
dom2Orochi_L02.mes,Script/dom2Orochi_L02.mes,1,19,주인공,ほたる、<6E5C>まだ帰ってきてないのか……,"호타루,<6E5C>아직 안 돌아온 건가……","호타루,<6E5C>아직 안 돌아온 건가……"
dom2Orochi_L02.mes,Script/dom2Orochi_L02.mes,2,8,주인공,ファ~……眠い,하아~……졸려,하아~……졸려
dom2Orochi_L02.mes,Script/dom2Orochi_L02.mes,3,31,Kisarah,じゃあね、ほたる.<6E5C>遅くなっちゃったけど、<6E5C>ひとりでヘーキ?,"그럼 안녕, 호타루.<6E5C>늦어졌는데,<6E5C>혼자 괜찮겠어?","그럼 안녕, 호타루.<6E5C>늦어졌는데,<6E5C>혼자 괜찮겠어?"
dom2Orochi_L02.mes,Script/dom2Orochi_L02.mes,4,22,Hotaru,うん、近道して帰るから、<6E5C>だいじょうぶだよ,"응, 지름길로 갈 거니까<6E5C>괜찮아","응, 지름길로 갈 거니까<6E5C>괜찮아"
dom2Orochi_L02.mes,Script/dom2Orochi_L02.mes,5,12,Hotaru,バイバイ、キサラちゃん,"잘 가, 키사라","잘 가, 키사라"
dom2Orochi_L02.mes,Script/dom2Orochi_L02.mes,6,11,Kisarah,また明日ね.バイバイ,내일 봐. 바이바이,내일 봐. 바이바이
dom2Orochi_L02.mes,Script/dom2Orochi_L02.mes,7,37,Hotaru,さてと.遅くなっちゃったな.<6E5C>早く帰らないと、<6E5C>お兄ちゃんに怒られちゃう,"자, 늦어버렸네.<6E5C>얼른 안 가면,<6E5C>오빠한테 혼나겠다","자, 늦어버렸네.<6E5C>얼른 안 가면,<6E5C>오빠한테 혼나겠다"
dom2Orochi_L02.mes,Script/dom2Orochi_L02.mes,8,8,[효과음/내레이션],タッタッタ……,다다닥……,다다닥……
dom2Orochi_L02.mes,Script/dom2Orochi_L02.mes,9,27,Hotaru,うーん、ちょっと怖いな……でも、<6E5C>早く帰らなきゃね!,"으음, 좀 무섭네……그래도,<6E5C>얼른 가야지!","으음, 좀 무섭네……그래도,<6E5C>얼른 가야지!"
dom2Orochi_L02.mes,Script/dom2Orochi_L02.mes,10,8,[효과음/내레이션],タッタッタ……,다다닥……,다다닥……
dom2Orochi_L02.mes,Script/dom2Orochi_L02.mes,11,4,Hotaru,あれ?,어라?,어라?
dom2Orochi_L02.mes,Script/dom2Orochi_L02.mes,12,19,Hotaru,(なにか落ちてる……めがねかな?<6E5C>),(뭔가 떨어져 있어…안경인가?<6E5C>),(뭔가 떨어져 있어…안경인가?<6E5C>)
dom2Orochi_L02.mes,Script/dom2Orochi_L02.mes,13,22,Hotaru,(ふちの大きなめがねだな.<6E5C>誰のだろう?),(테가 큰 안경이네.<6E5C>누구 거지?),(테가 큰 안경이네.<6E5C>누구 거지?)
dom2Orochi_L02.mes,Script/dom2Orochi_L02.mes,14,3,[효과음/내레이션],ザッ,스윽,스윽
dom2Orochi_L02.mes,Script/dom2Orochi_L02.mes,15,12,UNKNOWN_1e,あらあら、困った子ねぇ,"어머, 곤란한 애네","어머, 곤란한 애네"
dom2Orochi_L02.mes,Script/dom2Orochi_L02.mes,16,20,UNKNOWN_1e,まったくだ.<6E5C>こんなところへ入ってきて,정말이지.<6E5C>이런 곳에 들어오다니,정말이지.<6E5C>이런 곳에 들어오다니
dom2Orochi_L02.mes,Script/dom2Orochi_L02.mes,17,4,Hotaru,誰!?,누구?,누구?
dom2Orochi_L02.mes,Script/dom2Orochi_L02.mes,18,20,Mature,フフ、悪いけど、<6E5C>おとなしくしていてね,"후후, 미안하지만,<6E5C>얌전히 있으렴","후후, 미안하지만,<6E5C>얌전히 있으렴"
dom2Orochi_L02.mes,Script/dom2Orochi_L02.mes,19,10,Hotaru,お、お兄ちゃん……,"오, 오빠……","오, 오빠……"
dom2Orochi_L02.mes,Script/dom2Orochi_L02.mes,20,24,UNKNOWN_42,そう……おとなしくだ.<6E5C>痛みはない、一瞬だから,"그래……가만있어.<6E5C>안 아파, 순식간이니까","그래……가만있어.<6E5C>안 아파, 순식간이니까"
dom2Orochi_L02.mes,Script/dom2Orochi_L02.mes,21,5,[효과음/내레이션],トンッ!,툭!,툭!
dom2Orochi_L02.mes,Script/dom2Orochi_L02.mes,22,5,Hotaru,あ……!,아……!,아……!
dom2Orochi_L02.mes,Script/dom2Orochi_L02.mes,23,4,[효과음/내레이션],ドサッ,털썩,털썩
dom2Orochi_L02.mes,Script/dom2Orochi_L02.mes,24,25,Mature,フフフ、ごめんなさい.<6E5C>せめていい夢を見てね……,"후후후, 미안해.<6E5C>좋은 꿈이라도 꾸렴……","후후후, 미안해.<6E5C>좋은 꿈이라도 꾸렴……"
dom2Orochi_L03.mes,Script/dom2Orochi_L03.mes,0,15,주인공,ほたる、帰ってきてないな……,"호타루, 안 돌아왔네……","호타루, 안 돌아왔네……"
dom2Orochi_L03.mes,Script/dom2Orochi_L03.mes,1,13,주인공,キサラの連絡を待つか……,키사라 연락 기다릴까…,키사라 연락 기다릴까…
dom2Orochi_L03.mes,Script/dom2Orochi_L03.mes,2,8,주인공,ファ~……眠い,하아~……졸려,하아~……졸려
dom2Orochi_L03.mes,Script/dom2Orochi_L03.mes,3,27,Kisarah,いろいろ探したけど、<6E5C>心当たりはもうあそこしかないね,"여기저기 찾아봤는데,<6E5C>짐작 가는 곳은 거기뿐이네","여기저기 찾아봤는데,<6E5C>짐작 가는 곳은 거기뿐이네"
dom2Orochi_L03.mes,Script/dom2Orochi_L03.mes,4,19,Kisarah,ほたる、<6E5C>近道するって言ってたし……,"호타루,<6E5C>지름길로 간다고 했었고…","호타루,<6E5C>지름길로 간다고 했었고…"
dom2Orochi_L03.mes,Script/dom2Orochi_L03.mes,5,8,[효과음/내레이션],タッタッタ……,다다닥……,다다닥……
dom2Orochi_L03.mes,Script/dom2Orochi_L03.mes,6,22,Kisarah,あれ?なに、この場所?<6E5C>まさかこの中に……,"어라? 뭐야, 여기?<6E5C>설마 이 안에……","어라? 뭐야, 여기?<6E5C>설마 이 안에……"
dom2Orochi_L03.mes,Script/dom2Orochi_L03.mes,7,16,UNKNOWN_1e,待ちな.この先は立ち入り禁止だ,기다려. 이곳은 출입 금지다,기다려. 이곳은 출입 금지다
dom2Orochi_L03.mes,Script/dom2Orochi_L03.mes,8,4,Kisarah,誰!?,누구?,누구?
dom2Orochi_L03.mes,Script/dom2Orochi_L03.mes,9,21,UNKNOWN_5d,俺が誰かなんてのは、<6E5C>どうでもいいんだよ,"내가 누군지 따위,<6E5C>아무래도 상관없어","내가 누군지 따위,<6E5C>아무래도 상관없어"
dom2Orochi_L03.mes,Script/dom2Orochi_L03.mes,10,30,UNKNOWN_5d,それより、部外者がこんなとこに<6E5C>足を踏み入れちゃいけねぇな,"그보다, 외부인이 이런 데<6E5C>발 들이면 안 되지","그보다, 외부인이 이런 데<6E5C>발 들이면 안 되지"
dom2Orochi_L03.mes,Script/dom2Orochi_L03.mes,11,7,UNKNOWN_47,そういうこと,그런 거지,그런 거지
dom2Orochi_L03.mes,Script/dom2Orochi_L03.mes,12,33,UNKNOWN_47,ここまで来ちゃったからには、<6E5C>タダで帰すわけには<6E5C>いかないわねぇ,"여기까지 와버린 이상,<6E5C>그냥 돌려보낼 순<6E5C>없겠네","여기까지 와버린 이상,<6E5C>그냥 돌려보낼 순<6E5C>없겠네"
dom2Orochi_L03.mes,Script/dom2Orochi_L03.mes,13,17,Kisarah,まさか……アンタたちがほたるを?,설마……너희들이 호타루를?,설마……너희들이 호타루를?
dom2Orochi_L03.mes,Script/dom2Orochi_L03.mes,14,19,UNKNOWN_47,ほたる?<6E5C>あのリボンの女の子かしら?,호타루?<6E5C>그 리본 여자애 말인가?,호타루?<6E5C>그 리본 여자애 말인가?
dom2Orochi_L03.mes,Script/dom2Orochi_L03.mes,15,21,UNKNOWN_5d,お友だちがのこのこ探しに<6E5C>来たってわけか,친구가 눈치 없이<6E5C>찾으러 왔다는 건가,친구가 눈치 없이<6E5C>찾으러 왔다는 건가
dom2Orochi_L03.mes,Script/dom2Orochi_L03.mes,16,16,UNKNOWN_5d,お前もあいつの横に並べてやるよ,너도 그 옆에 나란히 재우마,너도 그 옆에 나란히 재우마
dom2Orochi_L03.mes,Script/dom2Orochi_L03.mes,17,4,Kisarah,クッ!,큭!,큭!
dom2Orochi_L03.mes,Script/dom2Orochi_L03.mes,18,7,[효과음/내레이션],ダダダダッ!,다다다닷!,다다다닷!
dom2Orochi_L03.mes,Script/dom2Orochi_L03.mes,19,7,UNKNOWN_5d,逃がすかよ!,놓칠까 보냐,놓칠까 보냐
dom2Orochi_L03.mes,Script/dom2Orochi_L03.mes,20,8,[효과음/내레이션],タッタッタ……,다다닥……,다다닥……
dom2Orochi_L03.mes,Script/dom2Orochi_L03.mes,21,8,Kisarah,ハア、ハア……,"하아, 하아…","하아, 하아…"
dom2Orochi_L03.mes,Script/dom2Orochi_L03.mes,22,5,[효과음/내레이션],ガシッ!,덥석!,덥석!
dom2Orochi_L03.mes,Script/dom2Orochi_L03.mes,23,10,UNKNOWN_5d,ヘッ、つかまえたぜ,"헤헷, 잡았다","헤헷, 잡았다"
dom2Orochi_L03.mes,Script/dom2Orochi_L03.mes,24,4,[효과음/내레이션],バッ!,휘릭!,휘릭!
dom2Orochi_L03.mes,Script/dom2Orochi_L03.mes,25,7,[효과음/내레이션],シューッ!!,치이익!!,치이익!!
dom2Orochi_L03.mes,Script/dom2Orochi_L03.mes,26,15,UNKNOWN_5d,ぐわっ!目、目が見えねぇ!!,으악! 눈이 안 보여!!,으악! 눈이 안 보여!!
dom2Orochi_L03.mes,Script/dom2Orochi_L03.mes,27,38,Kisarah,チカン撃退スプレーだよ!<6E5C>レディーの扱いはもっと<6E5C>デリケートなんだから!!,치한 퇴치 스프레이야!<6E5C>레이디를 다루는 건 더<6E5C>섬세해야 한다고!!,치한 퇴치 스프레이야!<6E5C>레이디를 다루는 건 더<6E5C>섬세해야 한다고!!
dom2Orochi_L03.mes,Script/dom2Orochi_L03.mes,28,20,UNKNOWN_47,それじゃ、女同士で<6E5C>話し合いましょうか,"그럼, 여자들끼리<6E5C>얘기 좀 해볼까","그럼, 여자들끼리<6E5C>얘기 좀 해볼까"
dom2Orochi_L03.mes,Script/dom2Orochi_L03.mes,29,12,Kisarah,お断りだね!エーイッ!,사양할게! 얍!,사양할게! 얍!
dom2Orochi_L03.mes,Script/dom2Orochi_L03.mes,30,5,[효과음/내레이션],バシィ!,찰싹!,찰싹!
dom2Orochi_L03.mes,Script/dom2Orochi_L03.mes,31,13,UNKNOWN_47,ぐ……!カ、カバンで……,윽……! 가방으로……,윽……! 가방으로……
dom2Orochi_L03.mes,Script/dom2Orochi_L03.mes,32,6,Kisarah,バイバイ!,바이바이!,바이바이!
dom2Orochi_L03.mes,Script/dom2Orochi_L03.mes,33,8,[효과음/내레이션],タッタッタ……,다다닥……,다다닥……
dom2Orochi_L03.mes,Script/dom2Orochi_L03.mes,34,24,Kisarah,ハァ、ハァ、早く<이름:3232>クンに<6E5C>知らせないと……!,"하아, 하아, 얼른 <이름:3232>군한테<6E5C>알려야……!","하아, 하아, 얼른 <이름:3232>군한테<6E5C>알려야……!"
dom2Orochi_L03.mes,Script/dom2Orochi_L03.mes,35,8,[효과음/내레이션],タッタッタ……,다다닥……,다다닥……
dom2Orochi_L03.mes,Script/dom2Orochi_L03.mes,36,7,[효과음/내레이션],♪ピンポーン,♪딩동,♪딩동
dom2Orochi_L03.mes,Script/dom2Orochi_L03.mes,37,16,Kisarah,アレ、おかしいな.いないのかな,"어라, 이상하네. 없나","어라, 이상하네. 없나"
dom2Orochi_L03.mes,Script/dom2Orochi_L03.mes,38,5,[효과음/내레이션],コンコン,똑똑,똑똑
dom2Orochi_L03.mes,Script/dom2Orochi_L03.mes,39,6,Kisarah,<이름:3232>クン!,<이름:3232>군!,<이름:3232>군!
dom2Orochi_L03.mes,Script/dom2Orochi_L03.mes,40,2,[효과음/내레이션],ドン,쿵,쿵
dom2Orochi_L03.mes,Script/dom2Orochi_L03.mes,41,2,[효과음/내레이션],ドン,쿵,쿵
dom2Orochi_L03.mes,Script/dom2Orochi_L03.mes,42,5,[효과음/내레이션],ドンッ!,쿵!,쿵!
dom2Orochi_L03.mes,Script/dom2Orochi_L03.mes,43,9,Kisarah,<이름:3232>クンってば!,"<이름:3232>군, 진짜!","<이름:3232>군, 진짜!"
dom2Orochi_L03.mes,Script/dom2Orochi_L03.mes,44,20,Kisarah,(そうだ、<6E5C>合鍵もらってたんだった!),"(맞다,<6E5C>여분 열쇠 받았었지!)","(맞다,<6E5C>여분 열쇠 받았었지!)"
dom2Orochi_L03.mes,Script/dom2Orochi_L03.mes,45,7,[효과음/내레이션],カチャカチャ,달칵달칵,달칵달칵
dom2Orochi_L03.mes,Script/dom2Orochi_L03.mes,46,4,[효과음/내레이션],ガチャ,달칵,달칵
dom2Orochi_L03.mes,Script/dom2Orochi_L03.mes,47,8,Kisarah,<이름:3232>クン……!,<이름:3232>군……!,<이름:3232>군……!
dom2Orochi_L03.mes,Script/dom2Orochi_L03.mes,48,5,[효과음/내레이션],バキッ!,빠직!,빠직!
dom2Orochi_L03.mes,Script/dom2Orochi_L03.mes,49,5,Kisarah,う……!,윽……!,윽……!
dom2Orochi_L03.mes,Script/dom2Orochi_L03.mes,50,4,[효과음/내레이션],ドサッ,털썩,털썩
dom2Orochi_L03.mes,Script/dom2Orochi_L03.mes,51,12,UNKNOWN_5d,……手間取らせやがって,…귀찮게 하고 말이야,…귀찮게 하고 말이야
dom2Orochi_L03.mes,Script/dom2Orochi_L03.mes,52,7,[효과음/내레이션],ズルズル……,질질……,질질……
dom2Orochi_L03.mes,Script/dom2Orochi_L03.mes,53,4,[효과음/내레이션],バタン,쾅,쾅
dom2Orochi_L03.mes,Script/dom2Orochi_L03.mes,54,9,주인공,ん……う~ん……,음……으으음……,음……으으음……
dom2Orochi_L03.mes,Script/dom2Orochi_L03.mes,55,4,[효과음/내레이션],ゴロン,데굴,데굴
dom2Orochi_L04.mes,Script/dom2Orochi_L04.mes,0,14,주인공,(ダメだ……見つからない),(안 되겠어…못 찾겠어),(안 되겠어…못 찾겠어)
dom2Orochi_L04.mes,Script/dom2Orochi_L04.mes,1,28,주인공,(キサラとも連絡が取れないし……<6E5C>どうなってるんだ?),(키사라랑도 연락이 안 되고…<6E5C>어떻게 된 거야?),(키사라랑도 연락이 안 되고…<6E5C>어떻게 된 거야?)
dom2Orochi_L04.mes,Script/dom2Orochi_L04.mes,2,57,주인공,(やっぱり警察に連絡したほうが<6E5C>いいかな……)<485C>(あ!そうだ、もしかしたら<6E5C>神楽先輩ならなにか知ってるかも!<6E5C>),"(역시 경찰에 연락하는 게<6E5C>낫나……)<485C>(아! 맞다, 혹시<6E5C>카구라 선배라면 뭔가 알지도!<6E5C>)","(역시 경찰에 연락하는 게<6E5C>낫나……)<485C>(아! 맞다, 혹시<6E5C>카구라 선배라면 뭔가 알지도!<6E5C>)"
dom2Orochi_L04.mes,Script/dom2Orochi_L04.mes,3,8,[효과음/내레이션],タッタッタ……,다다닥……,다다닥……
dom2Orochi_L04.mes,Script/dom2Orochi_L04.mes,4,18,Chizuru,いらっしゃい、<이름:3131>君.<6E5C>待ってたわ,"어서 와, <이름:3131>군.<6E5C>기다렸어","어서 와, <이름:3131>군.<6E5C>기다렸어"
dom2Orochi_L04.mes,Script/dom2Orochi_L04.mes,5,8,주인공,え?待ってた?,기다렸어요?,기다렸어요?
dom2Orochi_L04.mes,Script/dom2Orochi_L04.mes,6,24,Chizuru,ええ.そのうちここへたどり<6E5C>着くと思っていたわ,응. 언젠가 여기로<6E5C>찾아올 거라 생각했어,응. 언젠가 여기로<6E5C>찾아올 거라 생각했어
dom2Orochi_L04.mes,Script/dom2Orochi_L04.mes,7,10,주인공,どういうことです?,무슨 말씀이세요?,무슨 말씀이세요?
dom2Orochi_L04.mes,Script/dom2Orochi_L04.mes,8,24,Chizuru,ここのところ、<6E5C>身の周りでおかしなことはない?,"요즘,<6E5C>주변에 이상한 일 없었어?","요즘,<6E5C>주변에 이상한 일 없었어?"
dom2Orochi_L04.mes,Script/dom2Orochi_L04.mes,9,23,주인공,!<020A>あります!<6E5C>今日もその相談に来たんです!,!<020A>있어요!<6E5C>오늘도 그 상담하러 왔어요!,!<020A>있어요!<6E5C>오늘도 그 상담하러 왔어요!
dom2Orochi_L04.mes,Script/dom2Orochi_L04.mes,10,14,주인공,なにか知ってるんですか!?,뭔가 알고 계신 거예요?,뭔가 알고 계신 거예요?
dom2Orochi_L04.mes,Script/dom2Orochi_L04.mes,11,5,Chizuru,……ええ,……응,……응
dom2Orochi_L04.mes,Script/dom2Orochi_L04.mes,12,26,주인공,教えてください!<6E5C>妹は……ほたるは無事なんですか?,알려주세요!<6E5C>동생은… 호타루는 무사한 거예요?,알려주세요!<6E5C>동생은… 호타루는 무사한 거예요?
dom2Orochi_L04.mes,Script/dom2Orochi_L04.mes,13,12,Chizuru,残念ながら、消息不明よ,아쉽지만 행방불명이야,아쉽지만 행방불명이야
dom2Orochi_L04.mes,Script/dom2Orochi_L04.mes,14,8,주인공,そ、そんな……,"그, 그런……","그, 그런……"
dom2Orochi_L04.mes,Script/dom2Orochi_L04.mes,15,11,Chizuru,妹さんだけじゃないわ,동생분뿐만이 아니야,동생분뿐만이 아니야
dom2Orochi_L04.mes,Script/dom2Orochi_L04.mes,16,62,Chizuru,他にも、エージェントのマリーさん<6E5C>、あなたのお友だちのキサラさん、<485C>フィオさん、巳沢雫さんの<6E5C>行方がわからなくなっているわ,"그 외에도, 에이전트 마리 씨<6E5C>, 네 친구 키사라 씨,<485C>피오 씨, 미사와 시즈쿠 씨도<6E5C>행방을 알 수 없어졌어","그 외에도, 에이전트 마리 씨<6E5C>, 네 친구 키사라 씨,<485C>피오 씨, 미사와 시즈쿠 씨도<6E5C>행방을 알 수 없어졌어"
dom2Orochi_L04.mes,Script/dom2Orochi_L04.mes,17,17,주인공,……!ど、どういうことなんです?,……! 그게 무슨 말이에요?,……! 그게 무슨 말이에요?
dom2Orochi_L04.mes,Script/dom2Orochi_L04.mes,18,30,주인공,知っていることがあるなら、<6E5C>教えてください!お願いします!,"아시는 게 있다면,<6E5C>알려주세요! 부탁드려요!","아시는 게 있다면,<6E5C>알려주세요! 부탁드려요!"
dom2Orochi_L04.mes,Script/dom2Orochi_L04.mes,19,68,Chizuru,そうね……あなたはもはや<6E5C>当事者として関わりつつ<6E5C>あるようだし、<485C>隠しているよりは、<6E5C>すべてを知っておくほうが<6E5C>いいのかもしれないわね,"그렇네…… 너도 이미<6E5C>당사자로 얽히기<6E5C>시작한 것 같고,<485C>숨기는 것보다는,<6E5C>전부 알아두는 편이<6E5C>나을지도 모르겠네","그렇네…… 너도 이미<6E5C>당사자로 얽히기<6E5C>시작한 것 같고,<485C>숨기는 것보다는,<6E5C>전부 알아두는 편이<6E5C>나을지도 모르겠네"
dom2Orochi_L04.mes,Script/dom2Orochi_L04.mes,20,20,주인공,なにが起こっているんですか、<6E5C>この街で,"무슨 일이 있는 거예요,<6E5C>이 동네에","무슨 일이 있는 거예요,<6E5C>이 동네에"
dom2Orochi_L04.mes,Script/dom2Orochi_L04.mes,21,42,Chizuru,そのことを話す前に、<6E5C>神楽神社にまつわる伝説について、<6E5C>少し閉いてもらえるかしら?,"그 얘길 하기 전에,<6E5C>카구라 신사에 얽힌 전설에 대해,<6E5C>잠깐 들어봐 줄래?","그 얘길 하기 전에,<6E5C>카구라 신사에 얽힌 전설에 대해,<6E5C>잠깐 들어봐 줄래?"
dom2Orochi_L04.mes,Script/dom2Orochi_L04.mes,22,35,주인공,伝説、ですか?<6E5C>そういえば以前、この神社は何かを<6E5C>護っているって……,"전설이요?<6E5C>그러고 보니 전에, 이 신사가 뭔가를<6E5C>지킨다고……","전설이요?<6E5C>그러고 보니 전에, 이 신사가 뭔가를<6E5C>지킨다고……"
dom2Orochi_L04.mes,Script/dom2Orochi_L04.mes,23,45,Chizuru,ええ.そのことについてお話するわ<6E5C>.ただし、伝説とは言っても、<6E5C>架空の夢物語ではないわよ,"응. 그 얘길 해줄게<6E5C>. 다만, 전설이라고 해도,<6E5C>지어낸 꿈같은 얘기는 아니야","응. 그 얘길 해줄게<6E5C>. 다만, 전설이라고 해도,<6E5C>지어낸 꿈같은 얘기는 아니야"
dom2Orochi_L04.mes,Script/dom2Orochi_L04.mes,24,16,주인공,わかりました.閉かせてください,알겠어요. 들려주세요,알겠어요. 들려주세요
dom2Orochi_L04.mes,Script/dom2Orochi_L04.mes,25,53,Chizuru,それはとても古い話……<485C>わずかに語り維がれる伝承と、<6E5C>いくつか残るのみとなった<6E5C>文献による歴史の物語……,"아주 오래된 이야기야…<485C>희미하게 전해지는 전승과,<6E5C>얼마 남지 않은<6E5C>문헌에 의한 역사 이야기……","아주 오래된 이야기야…<485C>희미하게 전해지는 전승과,<6E5C>얼마 남지 않은<6E5C>문헌에 의한 역사 이야기……"
dom2Orochi_L04.mes,Script/dom2Orochi_L04.mes,26,42,Chizuru,その昔、この地はオロチと呼ばれる<6E5C>一族による、血と武力による<6E5C>支配がなされていたの,"옛날, 이 땅은 오로치라는<6E5C>일족이, 피와 무력으로<6E5C>지배하고 있었어","옛날, 이 땅은 오로치라는<6E5C>일족이, 피와 무력으로<6E5C>지배하고 있었어"
dom2Orochi_L04.mes,Script/dom2Orochi_L04.mes,27,62,Chizuru,それは一部の特権階級による<6E5C>恐怖政治であり、反抗の意思を<6E5C>髪一筋でも見せた者は<485C>容赦なく斬り捨てられる、<6E5C>暗黒の時代だった,"일부 특권 계급의<6E5C>공포 정치였고, 반항할 뜻을<6E5C>조금이라도 내비친 자는<485C>가차 없이 베여 죽던,<6E5C>암흑의 시대였어","일부 특권 계급의<6E5C>공포 정치였고, 반항할 뜻을<6E5C>조금이라도 내비친 자는<485C>가차 없이 베여 죽던,<6E5C>암흑의 시대였어"
dom2Orochi_L04.mes,Script/dom2Orochi_L04.mes,28,46,Chizuru,しかし御三家と呼ばれる者たちが、<6E5C>民衆を束ねて立ち上がり、<6E5C>激しい戦いの末にオロチを破った,"하지만 삼종가라는 이들이,<6E5C>민중을 이끌고 일어나,<6E5C>격전 끝에 오로치를 무찔렀어","하지만 삼종가라는 이들이,<6E5C>민중을 이끌고 일어나,<6E5C>격전 끝에 오로치를 무찔렀어"
dom2Orochi_L04.mes,Script/dom2Orochi_L04.mes,29,27,Chizuru,そして、この神楽神社の奥に<6E5C>オロチの遺産を封印したの,"그리고, 신사 안쪽에<6E5C>오로치의 유산을 봉인했어","그리고, 신사 안쪽에<6E5C>오로치의 유산을 봉인했어"
dom2Orochi_L04.mes,Script/dom2Orochi_L04.mes,30,23,주인공,か、神楽神社の奥に、<6E5C>オロチの遺産ですか……,"카, 신사 안쪽에,<6E5C>오로치의 유산……","카, 신사 안쪽에,<6E5C>오로치의 유산……"
dom2Orochi_L04.mes,Script/dom2Orochi_L04.mes,31,9,Chizuru,ええ、強大な力よ,강대한 힘이야,강대한 힘이야
dom2Orochi_L04.mes,Script/dom2Orochi_L04.mes,32,20,Chizuru,私たちは、代々その封印を<6E5C>護ってきたわ,"우리는, 대대로 그 봉인을<6E5C>지켜왔어","우리는, 대대로 그 봉인을<6E5C>지켜왔어"
dom2Orochi_L04.mes,Script/dom2Orochi_L04.mes,33,5,주인공,私たち?,우리요?,우리요?
dom2Orochi_L04.mes,Script/dom2Orochi_L04.mes,34,30,Chizuru,ええ、他の御三家、草薙家、<6E5C>八尺瓊家……今の八神家と共にね,"응, 쿠사나기가,<6E5C>야사카니…… 지금 야가미가","응, 쿠사나기가,<6E5C>야사카니…… 지금 야가미가"
dom2Orochi_L04.mes,Script/dom2Orochi_L04.mes,35,25,주인공,え、ちょっと待ってください.<6E5C>その御三家って……,"네, 잠깐만요.<6E5C>그 삼종가라는 게……","네, 잠깐만요.<6E5C>그 삼종가라는 게……"
dom2Orochi_L04.mes,Script/dom2Orochi_L04.mes,36,30,Chizuru,あなたもよく知っている、<6E5C>草薙京、八神庵、そして神楽ちづる,"잘 아는<6E5C>쿠사나기 쿄, 야가미 이오리,<6E5C>카구라 치즈루","잘 아는<6E5C>쿠사나기 쿄, 야가미 이오리,<6E5C>카구라 치즈루"
dom2Orochi_L04.mes,Script/dom2Orochi_L04.mes,37,14,Chizuru,私たちは御三家の子孫なのよ,우리는 삼종가의 자손이야,우리는 삼종가의 자손이야
dom2Orochi_L04.mes,Script/dom2Orochi_L04.mes,38,26,주인공,先輩方、そんなに由緒正しい<6E5C>血筋だったんですか……,"선배님들, 그렇게 유서 깊은<6E5C>혈통이었어요……","선배님들, 그렇게 유서 깊은<6E5C>혈통이었어요……"
dom2Orochi_L04.mes,Script/dom2Orochi_L04.mes,39,24,주인공,(普通の人たちじゃないとは<6E5C>思ってたけど……),(평범한 사람들은 아니라고<6E5C>생각했지만……),(평범한 사람들은 아니라고<6E5C>생각했지만……)
dom2Orochi_L04.mes,Script/dom2Orochi_L04.mes,40,15,Chizuru,ふふ、驚くのも無理はないわね,"후후, 놀랄 만도 하지","후후, 놀랄 만도 하지"
dom2Orochi_L04.mes,Script/dom2Orochi_L04.mes,41,36,Chizuru,私たちも、つい最近まで、<6E5C>それほど血を意識することは<6E5C>なかったのだから,"우리도, 아주 최근까지,<6E5C>혈통을 그렇게 의식한 적은<6E5C>없었으니까","우리도, 아주 최근까지,<6E5C>혈통을 그렇게 의식한 적은<6E5C>없었으니까"
dom2Orochi_L04.mes,Script/dom2Orochi_L04.mes,42,12,주인공,え、どういうことです?,네 무슨 말씀이세요?,네 무슨 말씀이세요?
dom2Orochi_L04.mes,Script/dom2Orochi_L04.mes,43,23,Chizuru,……オロチ一族の末裔が、<6E5C>この街に現れたのよ,"……오로치 후예가,<6E5C>이 동네에 나타났어","……오로치 후예가,<6E5C>이 동네에 나타났어"
dom2Orochi_L04.mes,Script/dom2Orochi_L04.mes,44,23,주인공,まだ絶えてなかったんですか、<6E5C>オロチの血筋は,"아직 안 끊겼던 거예요,<6E5C>오로치의 혈통은","아직 안 끊겼던 거예요,<6E5C>오로치의 혈통은"
dom2Orochi_L04.mes,Script/dom2Orochi_L04.mes,45,44,Chizuru,ええ.オロチの血筋の中でも特に<6E5C>強大な力を持った者たちが、<6E5C>この地に集まってきているわ,"응. 오로치 혈통 중에서도<6E5C>강대한 힘 가진 자들이,<6E5C>이 땅에 모여들고 있어","응. 오로치 혈통 중에서도<6E5C>강대한 힘 가진 자들이,<6E5C>이 땅에 모여들고 있어"
dom2Orochi_L04.mes,Script/dom2Orochi_L04.mes,46,35,주인공,なんのためにです?<6E5C>今さらこの現代で恐怖支配なんて<6E5C>不可能でしょう?,무엇 때문에요?<6E5C>이제 와서 공포 지배 같은 건<6E5C>불가능하잖아요?,무엇 때문에요?<6E5C>이제 와서 공포 지배 같은 건<6E5C>불가능하잖아요?
dom2Orochi_L04.mes,Script/dom2Orochi_L04.mes,47,11,Chizuru,……それはどうかしら,"……글쎄, 과연","……글쎄, 과연"
dom2Orochi_L04.mes,Script/dom2Orochi_L04.mes,48,7,주인공,え、えぇ!?,네 네에!?,네 네에!?
dom2Orochi_L04.mes,Script/dom2Orochi_L04.mes,49,35,Chizuru,オロチの遺産は、支配者の力.<6E5C>それは、この世界をとりまく<6E5C>根源的な力,오로치 유산은 지배자의 힘.<6E5C>이 세계를 감싸는<6E5C>근원적인 힘이야,오로치 유산은 지배자의 힘.<6E5C>이 세계를 감싸는<6E5C>근원적인 힘이야
dom2Orochi_L04.mes,Script/dom2Orochi_L04.mes,50,38,Chizuru,それが悪しき意思を持つ人間の手に<6E5C>渡れば、なにが起きるか<6E5C>想像もつかないわ,"사악한 인간 손에<6E5C>넘어가면, 무슨 일이 벌어질지<6E5C>상상도 안 가","사악한 인간 손에<6E5C>넘어가면, 무슨 일이 벌어질지<6E5C>상상도 안 가"
dom2Orochi_L04.mes,Script/dom2Orochi_L04.mes,51,19,주인공,にわかには<6E5C>信じられない話ですね……,얼른<6E5C>믿기지 않는 얘기네요……,얼른<6E5C>믿기지 않는 얘기네요……
dom2Orochi_L04.mes,Script/dom2Orochi_L04.mes,52,31,Chizuru,そうね、今を生きる私たちには、<6E5C>遠い世界の話のように思えるわ,"그렇겠지, 지금 우리에겐,<6E5C>먼 세상 얘기 같겠지","그렇겠지, 지금 우리에겐,<6E5C>먼 세상 얘기 같겠지"
dom2Orochi_L04.mes,Script/dom2Orochi_L04.mes,53,53,Chizuru,でも、その力を狙った者たちがいて<6E5C>、<485C>その者たちがあなたの周りの<6E5C>世界を侵しているのは<6E5C>紛れもない現実よ,"하지만, 그 힘을 노리는 자들이<6E5C>있고,<485C>그자들이 네 주변<6E5C>세계를 침범하는 건<6E5C>틀림없는 현실이야","하지만, 그 힘을 노리는 자들이<6E5C>있고,<485C>그자들이 네 주변<6E5C>세계를 침범하는 건<6E5C>틀림없는 현실이야"
dom2Orochi_L04.mes,Script/dom2Orochi_L04.mes,54,45,주인공,そんな……じゃあ、その人たちを<6E5C>止めないと、ほたるたちは<6E5C>帰ってこないということですか?,"그럴 수가…… 그럼, 그들을<6E5C>막지 않으면, 호타루 일행은<6E5C>못 돌아온다는 거예요?","그럴 수가…… 그럼, 그들을<6E5C>막지 않으면, 호타루 일행은<6E5C>못 돌아온다는 거예요?"
dom2Orochi_L04.mes,Script/dom2Orochi_L04.mes,55,9,Chizuru,ええ、おそらくは,"응, 아마도","응, 아마도"
dom2Orochi_L04.mes,Script/dom2Orochi_L04.mes,56,17,주인공,僕は……どうすればいいでしょう?,저는…… 어떻게 하면 될까요?,저는…… 어떻게 하면 될까요?
dom2Orochi_L04.mes,Script/dom2Orochi_L04.mes,57,49,Chizuru,オロチの一族に遺産が渡らないよう<6E5C>に、解けつつある封印をもう一度<6E5C>施すための手伝いをしてほしいの,"오로치 일족에게 유산이 넘어가지<6E5C>않도록, 풀려가는 봉인을 다시<6E5C>거는 걸 도와줬으면 해","오로치 일족에게 유산이 넘어가지<6E5C>않도록, 풀려가는 봉인을 다시<6E5C>거는 걸 도와줬으면 해"
dom2Orochi_L04.mes,Script/dom2Orochi_L04.mes,58,40,주인공,その遺産をもう一度封印する<6E5C>ことができれば、みんな無事に<6E5C>戻ってくるんですか?,"그 유산을 다시 봉인할<6E5C>수 있으면, 다들 무사히<6E5C>돌아오는 거예요?","그 유산을 다시 봉인할<6E5C>수 있으면, 다들 무사히<6E5C>돌아오는 거예요?"
dom2Orochi_L04.mes,Script/dom2Orochi_L04.mes,59,27,Chizuru,絶対の保証はできないけど、<6E5C>今はそれしか方法がないわ,"확실히 보장은 못 해도,<6E5C>지금은 그 방법뿐이야","확실히 보장은 못 해도,<6E5C>지금은 그 방법뿐이야"
dom2Orochi_L04.mes,Script/dom2Orochi_L04.mes,60,8,주인공,そうですか……,그렇군요……,그렇군요……
dom2Orochi_L04.mes,Script/dom2Orochi_L04.mes,61,36,Chizuru,ただ、オロチの遺産へと続く道は、<6E5C>いくつかの扉によって<6E5C>護られているの,"다만, 유산으로 가는 길은,<6E5C>몇 개의 문이<6E5C>지키고 있어","다만, 유산으로 가는 길은,<6E5C>몇 개의 문이<6E5C>지키고 있어"
dom2Orochi_L04.mes,Script/dom2Orochi_L04.mes,62,43,Chizuru,それらをすべて開けてオロチの<6E5C>遺産へたどり着かなければ、<6E5C>封印を施すことはできないわ,"그걸 전부 열고 오로치의<6E5C>유산에 도달하지 않으면,<6E5C>봉인을 걸 수 없어","그걸 전부 열고 오로치의<6E5C>유산에 도달하지 않으면,<6E5C>봉인을 걸 수 없어"
dom2Orochi_L04.mes,Script/dom2Orochi_L04.mes,63,37,주인공,でも、それだったら、オロチの末裔<6E5C>たちも遺産にたどり着けないんじゃ<6E5C>……,"하지만 그럼, 오로치 후예<6E5C>들도 유산에 못 닿는 거<6E5C>아닌가요……","하지만 그럼, 오로치 후예<6E5C>들도 유산에 못 닿는 거<6E5C>아닌가요……"
dom2Orochi_L04.mes,Script/dom2Orochi_L04.mes,64,30,Chizuru,オロチの長ならば、遺産への<6E5C>抜け道を知っているかもしれない,오로치 수장이라면 유산으로<6E5C>가는 지름길을 알지도 몰라,오로치 수장이라면 유산으로<6E5C>가는 지름길을 알지도 몰라
dom2Orochi_L04.mes,Script/dom2Orochi_L04.mes,65,10,주인공,オロチの長ですか?,오로치 수장이요?,오로치 수장이요?
dom2Orochi_L04.mes,Script/dom2Orochi_L04.mes,66,49,Chizuru,ええ.オロチの末裔たちが動き出し<6E5C>たのはおそらく、オロチの長の正統<6E5C>な血筋の人間を見つけたからよ,"응. 오로치 후예들이 움직인<6E5C>건 아마, 오로치 수장의 정통<6E5C>혈통을 찾았기 때문이야","응. 오로치 후예들이 움직인<6E5C>건 아마, 오로치 수장의 정통<6E5C>혈통을 찾았기 때문이야"
dom2Orochi_L04.mes,Script/dom2Orochi_L04.mes,67,11,주인공,オロチの長の……血筋,오로치 수장……혈통,오로치 수장……혈통
dom2Orochi_L04.mes,Script/dom2Orochi_L04.mes,68,31,Chizuru,そう.オロチ一族を束ねる者にして<6E5C>、遺産を維ぐ資格を持つ者よ,맞아. 오로치 일족을 이끄는 자<6E5C> 유산을 이을 자격자야,맞아. 오로치 일족을 이끄는 자<6E5C> 유산을 이을 자격자야
dom2Orochi_L04.mes,Script/dom2Orochi_L04.mes,69,50,주인공,じゃあ、オロチの長より早くオロチ<6E5C>の遺産へたどり着いて、改めて封印<6E5C>を施す必要があるわけですか……,"그럼, 수장보다 먼저 오로치<6E5C>의 유산에 도달해서, 다시 봉인<6E5C>해야 한다는 거네요……","그럼, 수장보다 먼저 오로치<6E5C>의 유산에 도달해서, 다시 봉인<6E5C>해야 한다는 거네요……"
dom2Orochi_L04.mes,Script/dom2Orochi_L04.mes,70,59,Chizuru,そう.そのためには、<6E5C>御三家それぞれに伝わる、<485C>オロチの遺産へ続く扉を開く、<6E5C>三種の神器と呼ばれる鍵が<6E5C>必要になるわ,"맞아. 그러려면,<6E5C>삼종가 각자에게 전해지는,<485C>유산으로 가는 문을 여는,<6E5C>삼종신기라는 열쇠가<6E5C>필요해","맞아. 그러려면,<6E5C>삼종가 각자에게 전해지는,<485C>유산으로 가는 문을 여는,<6E5C>삼종신기라는 열쇠가<6E5C>필요해"
dom2Orochi_L04.mes,Script/dom2Orochi_L04.mes,71,8,주인공,三種の神器……,삼종신기……,삼종신기……
dom2Orochi_L04.mes,Script/dom2Orochi_L04.mes,72,44,Chizuru,ひとつは私が持っているわ.<6E5C>残りのふたつは、草薙京と八神庵が<6E5C>それぞれ持っているはずよ,"하나는 내가 가지고 있어.<6E5C>남은 둘은, 쿄와 이오리가<6E5C>각각 가지고 있을 거야","하나는 내가 가지고 있어.<6E5C>남은 둘은, 쿄와 이오리가<6E5C>각각 가지고 있을 거야"
dom2Orochi_L04.mes,Script/dom2Orochi_L04.mes,73,22,Chizuru,あなたには、<6E5C>それを受け取ってきてほしいの,"너한테는,<6E5C>그걸 받아와 줬으면 해","너한테는,<6E5C>그걸 받아와 줬으면 해"
dom2Orochi_L04.mes,Script/dom2Orochi_L04.mes,74,14,주인공,僕が、先輩たちからですか?,"제가, 선배님들한테서요?","제가, 선배님들한테서요?"
dom2Orochi_L04.mes,Script/dom2Orochi_L04.mes,75,33,Chizuru,こういう事態になった以上、<6E5C>私はここを離れるわけには<6E5C>いかないの,"이런 사태가 된 이상,<6E5C>난 여길 떠날<6E5C>수가 없어","이런 사태가 된 이상,<6E5C>난 여길 떠날<6E5C>수가 없어"
dom2Orochi_L04.mes,Script/dom2Orochi_L04.mes,76,28,Chizuru,誰かがふたりから鍵を受け取って<6E5C>こなくてはならないのよ,누군가가 둘한테서 열쇠를 받아<6E5C>와야만 해,누군가가 둘한테서 열쇠를 받아<6E5C>와야만 해
dom2Orochi_L04.mes,Script/dom2Orochi_L04.mes,77,33,주인공,あのふたりが、そんな大切なものを<6E5C>僕に渡してくれるでしょうか……,"그 두 분이, 그렇게 소중한 걸<6E5C>저한테 줄까요……","그 두 분이, 그렇게 소중한 걸<6E5C>저한테 줄까요……"
dom2Orochi_L04.mes,Script/dom2Orochi_L04.mes,78,64,Chizuru,あなたは巻き込まれてしまった<6E5C>だけで、直接オロチとの宿縁が<6E5C>あるわけではないわ<485C>だから無茶を言っているのは<6E5C>わかっているつもり,"넌 그저 휘말렸을<6E5C>뿐이지, 오로치와 직접적인 악연이<6E5C>있는 건 아니야<485C>그러니 무리한 부탁이란 건<6E5C>알고 있어","넌 그저 휘말렸을<6E5C>뿐이지, 오로치와 직접적인 악연이<6E5C>있는 건 아니야<485C>그러니 무리한 부탁이란 건<6E5C>알고 있어"
dom2Orochi_L04.mes,Script/dom2Orochi_L04.mes,79,22,Chizuru,でも、今はあなたしかいないの.<6E5C>お願い……,"하지만, 지금은 너뿐이야.<6E5C>부탁이야……","하지만, 지금은 너뿐이야.<6E5C>부탁이야……"
dom2Orochi_L04.mes,Script/dom2Orochi_L04.mes,80,36,주인공,わかりました.<6E5C>僕だって、このままみんなが<6E5C>戻ってこないなんて認めない,"알겠어요.<6E5C>저도, 이대로 다들<6E5C>안 돌아온다는 건 인정 못 해요","알겠어요.<6E5C>저도, 이대로 다들<6E5C>안 돌아온다는 건 인정 못 해요"
dom2Orochi_L04.mes,Script/dom2Orochi_L04.mes,81,23,주인공,先輩たちを見つけて、<6E5C>鍵を受け取ってきます!,"선배님들을 찾아서,<6E5C>열쇠를 받아올게요!","선배님들을 찾아서,<6E5C>열쇠를 받아올게요!"
dom2Orochi_L04.mes,Script/dom2Orochi_L04.mes,82,22,Chizuru,ありがとう.<6E5C>それじゃあ、よろしくお願いね,"고마워.<6E5C>그럼, 잘 부탁할게","고마워.<6E5C>그럼, 잘 부탁할게"
dom2Orochi_L04.mes,Script/dom2Orochi_L04.mes,83,6,주인공,……はい!,……네!,……네!
dom2Orochi_L05.mes,Script/dom2Orochi_L05.mes,0,7,[효과음/내레이션],チュンチュン,짹짹,짹짹
dom2Orochi_L05.mes,Script/dom2Orochi_L05.mes,1,7,주인공,ふわぁ~……,하아암~……,하아암~……
dom2Orochi_L05.mes,Script/dom2Orochi_L05.mes,2,39,주인공,(朝か…….昨日はほたるが<6E5C>帰ってくるの待ってて<6E5C>遅くまで起きてたからなぁ),(아침인가….어제는 호타루가<6E5C>돌아오길 기다리느라<6E5C>늦게까지 안 잤으니),(아침인가….어제는 호타루가<6E5C>돌아오길 기다리느라<6E5C>늦게까지 안 잤으니)
dom2Orochi_L05.mes,Script/dom2Orochi_L05.mes,3,5,주인공,ほたるー,호타루~,호타루~
dom2Orochi_L05.mes,Script/dom2Orochi_L05.mes,4,4,[효과음/내레이션],シーン,적막,적막
dom2Orochi_L05.mes,Script/dom2Orochi_L05.mes,5,24,주인공,(……おかしいな.<6E5C>人の気配がまったくしない),(……이상하네.<6E5C>인기척이 전혀 안 느껴져),(……이상하네.<6E5C>인기척이 전혀 안 느껴져)
dom2Orochi_L05.mes,Script/dom2Orochi_L05.mes,6,5,[효과음/내레이션],コンコン,똑똑,똑똑
dom2Orochi_L05.mes,Script/dom2Orochi_L05.mes,7,12,주인공,ほたる、ちょっと入るぞ,호타루 잠깐 들어간다,호타루 잠깐 들어간다
dom2Orochi_L05.mes,Script/dom2Orochi_L05.mes,8,4,[효과음/내레이션],ガチャ,달칵,달칵
dom2Orochi_L05.mes,Script/dom2Orochi_L05.mes,9,28,주인공,(いない…….もしかして、<6E5C>まだ帰ってきてないのか?),"(없어…….혹시,<6E5C>아직 안 돌아온 건가?)","(없어…….혹시,<6E5C>아직 안 돌아온 건가?)"
dom2Orochi_L05.mes,Script/dom2Orochi_L05.mes,10,32,주인공,(どうなってるんだ……?<6E5C>まさか、なにかあったんじゃ……!<6E5C>),"(어떻게 된 거지…?<6E5C>설마, 무슨 일이 생긴 건……!<6E5C>)","(어떻게 된 거지…?<6E5C>설마, 무슨 일이 생긴 건……!<6E5C>)"
dom2Orochi_L05.mes,Script/dom2Orochi_L05.mes,11,24,주인공,(くそ!昨日のうちに探しに<6E5C>行けばよかった!),(젠장! 어제안에 찾으러<6E5C>갔어야 했는데!),(젠장! 어제안에 찾으러<6E5C>갔어야 했는데!)
dom2Orochi_L05.mes,Script/dom2Orochi_L05.mes,12,8,[효과음/내레이션],タッタッタ……,다다닥……,다다닥……
dom2Orochi_L06.mes,Script/dom2Orochi_L06.mes,0,25,주인공,(たしか、キングさんの話だと<6E5C>この店に……あ!),"(분명, 킹 씨 얘기론<6E5C>이 가게에……아!)","(분명, 킹 씨 얘기론<6E5C>이 가게에……아!)"
dom2Orochi_L06.mes,Script/dom2Orochi_L06.mes,1,6,주인공,八神先輩!,야가미선배,야가미선배
dom2Orochi_L06.mes,Script/dom2Orochi_L06.mes,2,12,Iori,……<이름:3131>か.なんの用だ,…<이름:3131>냐. 무슨 볼일,…<이름:3131>냐. 무슨 볼일
dom2Orochi_L06.mes,Script/dom2Orochi_L06.mes,3,13,주인공,鍵を、受け取りに来ました,"열쇠를, 받으러 왔어요","열쇠를, 받으러 왔어요"
dom2Orochi_L06.mes,Script/dom2Orochi_L06.mes,4,28,Iori,貴様、なぜそれを……そうか、<6E5C>神楽……あの女の差し金か,"네놈, 그걸 어떻게……<6E5C>카구라, 그 여자 짓인가","네놈, 그걸 어떻게……<6E5C>카구라, 그 여자 짓인가"
dom2Orochi_L06.mes,Script/dom2Orochi_L06.mes,5,5,주인공,違います,아니에요,아니에요
dom2Orochi_L06.mes,Script/dom2Orochi_L06.mes,6,4,Iori,なに?,뭐?,뭐?
dom2Orochi_L06.mes,Script/dom2Orochi_L06.mes,7,20,주인공,僕が、<6E5C>自分の意思で受け取りに来ました,"제가,<6E5C>제 의지로 받으러 왔어요","제가,<6E5C>제 의지로 받으러 왔어요"
dom2Orochi_L06.mes,Script/dom2Orochi_L06.mes,8,31,주인공,お願いします、八神先輩が持って<6E5C>いる鍵を、僕に貸してください,"부탁드려요, 선배가 가진<6E5C>열쇠를, 저한테 빌려주세요","부탁드려요, 선배가 가진<6E5C>열쇠를, 저한테 빌려주세요"
dom2Orochi_L06.mes,Script/dom2Orochi_L06.mes,9,25,Iori,フン……少しはまともな顔が<6E5C>できるようになったか,흥…… 조금은 봐줄 얼굴을<6E5C>짓게 됐군,흥…… 조금은 봐줄 얼굴을<6E5C>짓게 됐군
dom2Orochi_L06.mes,Script/dom2Orochi_L06.mes,10,34,Iori,こんなかび臭い骨董品、<6E5C>俺にはなんの意味もない.<6E5C>好きにするがいい,"곰팡내 나는 골동품,<6E5C>나한텐 의미 없다.<6E5C>맘대로 해라","곰팡내 나는 골동품,<6E5C>나한텐 의미 없다.<6E5C>맘대로 해라"
dom2Orochi_L06.mes,Script/dom2Orochi_L06.mes,11,4,[효과음/내레이션],パシッ,탁,탁
dom2Orochi_L06.mes,Script/dom2Orochi_L06.mes,12,13,주인공,こ、これが八尺瓊の鍵……,이게 야사카니 열쇠……,이게 야사카니 열쇠……
dom2Orochi_L06.mes,Script/dom2Orochi_L06.mes,13,15,Iori,もう用はないだろう.立ち去れ,더 볼일 없겠지. 꺼져,더 볼일 없겠지. 꺼져
dom2Orochi_L06.mes,Script/dom2Orochi_L06.mes,14,30,주인공,あ、あの、八神先輩……先輩の<6E5C>お力を貸してもらえませんか?,"저, 저기, 선배…선배의<6E5C>힘을 좀 빌릴 수 있을까요?","저, 저기, 선배…선배의<6E5C>힘을 좀 빌릴 수 있을까요?"
dom2Orochi_L06.mes,Script/dom2Orochi_L06.mes,15,7,Iori,……くだらん,……시시하군,……시시하군
dom2Orochi_L06.mes,Script/dom2Orochi_L06.mes,16,12,주인공,くだらないですって!?,시시하다고요!?,시시하다고요!?
dom2Orochi_L06.mes,Script/dom2Orochi_L06.mes,17,27,Iori,俺の憎しみを癒すのは京の<6E5C>苦痛にゆがむ顔、それだけだ,내 증오를 달래는 건 쿄의<6E5C>고통스런 얼굴뿐이다,내 증오를 달래는 건 쿄의<6E5C>고통스런 얼굴뿐이다
dom2Orochi_L06.mes,Script/dom2Orochi_L06.mes,18,15,Iori,他の些事に関わるつもりはない,다른 잡일엔 관여 안 한다,다른 잡일엔 관여 안 한다
dom2Orochi_L06.mes,Script/dom2Orochi_L06.mes,19,24,주인공,でも、御三家の一人なんですよね、<6E5C>八神先輩も!,"하지만, 삼종가 중 한 분이죠,<6E5C>선배도!","하지만, 삼종가 중 한 분이죠,<6E5C>선배도!"
dom2Orochi_L06.mes,Script/dom2Orochi_L06.mes,20,19,Iori,俺には血など関係ないと<6E5C>言ったはずだ,나한텐 핏줄 상관없다고<6E5C>말했을텐데,나한텐 핏줄 상관없다고<6E5C>말했을텐데
dom2Orochi_L06.mes,Script/dom2Orochi_L06.mes,21,13,주인공,ちょっと、八神先輩……!,"잠깐, 야가미 선배…!","잠깐, 야가미 선배…!"
dom2Orochi_L06.mes,Script/dom2Orochi_L06.mes,22,8,주인공,あ!八神先輩!,아! 선배!,아! 선배!
dom2Orochi_L06.mes,Script/dom2Orochi_L06.mes,23,5,Iori,…………,…………,…………
dom2Orochi_L06.mes,Script/dom2Orochi_L06.mes,24,6,주인공,八神先輩!,야가미선배,야가미선배
dom2Orochi_L06.mes,Script/dom2Orochi_L06.mes,25,3,Iori,黙れ,닥쳐,닥쳐
dom2Orochi_L06.mes,Script/dom2Orochi_L06.mes,26,10,주인공,い、いきなりですか,"가, 갑자기 왜요","가, 갑자기 왜요"
dom2Orochi_L06.mes,Script/dom2Orochi_L06.mes,27,19,Iori,またくだらん話を<6E5C>持ってきたのだろう,또 시시한 얘기를<6E5C>가져온 거겠지,또 시시한 얘기를<6E5C>가져온 거겠지
dom2Orochi_L06.mes,Script/dom2Orochi_L06.mes,28,22,주인공,わかっていただけているようで<6E5C>話が早いです,이해해 주시는 것 같아<6E5C>얘기가 빠르네요,이해해 주시는 것 같아<6E5C>얘기가 빠르네요
dom2Orochi_L06.mes,Script/dom2Orochi_L06.mes,29,24,주인공,お願いします!<6E5C>八神先輩の力を貸してください!,부탁드려요!<6E5C>야가미 선배 힘을 빌려주세요!,부탁드려요!<6E5C>야가미 선배 힘을 빌려주세요!
dom2Orochi_L06.mes,Script/dom2Orochi_L06.mes,30,3,Iori,断る,거절,거절
dom2Orochi_L06.mes,Script/dom2Orochi_L06.mes,31,25,주인공,そこをなんとか……!<6E5C>ここは僕も引けないんです!,그러지 말고……!<6E5C>여기서 물러설 순 없어요!,그러지 말고……!<6E5C>여기서 물러설 순 없어요!
dom2Orochi_L06.mes,Script/dom2Orochi_L06.mes,32,5,Iori,…………,…………,…………
dom2Orochi_L06.mes,Script/dom2Orochi_L06.mes,33,8,주인공,お願いします!,부탁드려요!,부탁드려요!
dom2Orochi_L06.mes,Script/dom2Orochi_L06.mes,34,26,Iori,<이름:3131>……今回の件、<6E5C>貴様にとっての決着とはなんだ?,"<이름:3131>……이번 일,<6E5C>네게 있어 결착이란 뭐지?","<이름:3131>……이번 일,<6E5C>네게 있어 결착이란 뭐지?"
dom2Orochi_L06.mes,Script/dom2Orochi_L06.mes,35,48,Iori,オロチを倒して世に秩序と平和を<6E5C>取り戻すことか?<485C>それとも、己の周囲に<6E5C>平穏を取り戻すことか?,오로치를 쓰러뜨려 질서와 평화를<6E5C>되찾는 건가?<485C>아니면 제 주변에<6E5C>평온을 되찾는 건가?,오로치를 쓰러뜨려 질서와 평화를<6E5C>되찾는 건가?<485C>아니면 제 주변에<6E5C>평온을 되찾는 건가?
dom2Orochi_L06.mes,Script/dom2Orochi_L06.mes,36,6,주인공,えっと……,그게……,그게……
dom2Orochi_L06.mes,Script/dom2Orochi_L06.mes,37,20,[선택지],秩序と平和を取り戻す周囲の平穏を取り戻す,질서와 평화 되찾기\주변 평온 되찾기,질서와 평화 되찾기\주변 평온 되찾기
dom2Orochi_L06.mes,Script/dom2Orochi_L06.mes,38,59,주인공,できることなら、僕と同じ目に<6E5C>あう人が二度と現れないように、<485C>秩序と平和を取り戻すことが<6E5C>できればいいと思っています,"할 수만 있다면, 저 같은 일을<6E5C>겪는 사람이 다시 없도록,<485C>질서와 평화를 되찾고<6E5C>싶다고 생각해요","할 수만 있다면, 저 같은 일을<6E5C>겪는 사람이 다시 없도록,<485C>질서와 평화를 되찾고<6E5C>싶다고 생각해요"
dom2Orochi_L06.mes,Script/dom2Orochi_L06.mes,39,7,Iori,……くだらん,……시시하군,……시시하군
dom2Orochi_L06.mes,Script/dom2Orochi_L06.mes,40,3,주인공,え?,네?,네?
dom2Orochi_L06.mes,Script/dom2Orochi_L06.mes,41,27,Iori,俺は安いヒロイズムに<6E5C>手を貸すつもりはない.消えろ!,난 값싼 영웅심에<6E5C>손을 빌려줄 생각없다. 꺼져!,난 값싼 영웅심에<6E5C>손을 빌려줄 생각없다. 꺼져!
dom2Orochi_L06.mes,Script/dom2Orochi_L06.mes,42,6,주인공,そんな……,그런……,그런……
dom2Orochi_L06.mes,Script/dom2Orochi_L06.mes,43,41,주인공,ぼ、僕には世界の秩序とか平和とか<6E5C>、そんな大それたものを<6E5C>護る力なんてありません,"저, 저한텐 세상 질서나 평화 같은<6E5C>, 그런 거창한 걸<6E5C>지킬 힘 없어요","저, 저한텐 세상 질서나 평화 같은<6E5C>, 그런 거창한 걸<6E5C>지킬 힘 없어요"
dom2Orochi_L06.mes,Script/dom2Orochi_L06.mes,44,44,주인공,でも……せめて自分にとって<6E5C>大切だと思えるものだけは、<6E5C>身を張ってでも護りたいんです!,"하지만…… 적어도 저한테<6E5C>소중한 것만은,<6E5C>몸을 던져서라도 지키고 싶어요!","하지만…… 적어도 저한테<6E5C>소중한 것만은,<6E5C>몸을 던져서라도 지키고 싶어요!"
dom2Orochi_L06.mes,Script/dom2Orochi_L06.mes,45,20,Iori,フン、小物らしいささやかな<6E5C>願い事だな,"흥, 소인배다운 소박한<6E5C>소원이군","흥, 소인배다운 소박한<6E5C>소원이군"
dom2Orochi_L06.mes,Script/dom2Orochi_L06.mes,46,3,주인공,……,……,……
dom2Orochi_L06.mes,Script/dom2Orochi_L06.mes,47,39,Iori,貴様が身を焼き尽くすまで意を<6E5C>貫き通すというのなら、<6E5C>それに手を貸してやろう,네놈이 몸이 다 타버릴 때까지 뜻을<6E5C>관철하겠다면<6E5C>거기에 손을 빌려주지,네놈이 몸이 다 타버릴 때까지 뜻을<6E5C>관철하겠다면<6E5C>거기에 손을 빌려주지
dom2Orochi_L06.mes,Script/dom2Orochi_L06.mes,48,9,주인공,え、それって……,"네, 그건……","네, 그건……"
dom2Orochi_L06.mes,Script/dom2Orochi_L06.mes,49,26,Iori,燃え尽き、果てる手伝いを<6E5C>してやると言っているのだ,"다 타버려, 스러지는 걸 도와<6E5C>주겠다는 말이다","다 타버려, 스러지는 걸 도와<6E5C>주겠다는 말이다"
dom2Orochi_L06.mes,Script/dom2Orochi_L06.mes,50,14,주인공,あ、ありがとうございます!,"가, 감사합니다!","가, 감사합니다!"
dom2Orochi_L07.mes,Script/dom2Orochi_L07.mes,0,12,주인공,う……ん、もう朝か……,"으…음, 아침인가……","으…음, 아침인가……"
dom2Orochi_L07.mes,Script/dom2Orochi_L07.mes,1,32,주인공,(結局、キサラから連絡なかったな<6E5C>……見つからなかったのかな),"(결국, 키사라한테 연락 없었네<6E5C>……못 찾은 건가)","(결국, 키사라한테 연락 없었네<6E5C>……못 찾은 건가)"
dom2Orochi_L07.mes,Script/dom2Orochi_L07.mes,2,42,주인공,(昨日は寝不足で寝入っちゃった<6E5C>けど、今日はがんばって<6E5C>捜索範囲を広げてみるか!),"(어제는 잠 부족해 잠들었지만<6E5C>, 오늘은 힘내서<6E5C>수색 범위를 넓혀볼까!)","(어제는 잠 부족해 잠들었지만<6E5C>, 오늘은 힘내서<6E5C>수색 범위를 넓혀볼까!)"
dom2Orochi_L08.mes,Script/dom2Orochi_L08.mes,0,9,주인공,あ……草薙先輩!,쿠사나기 선배!,쿠사나기 선배!
dom2Orochi_L08.mes,Script/dom2Orochi_L08.mes,1,17,Kyo,チッ、嫌な奴に見つかっちまったな,"칫, 골치 아픈 놈한테 걸렸군","칫, 골치 아픈 놈한테 걸렸군"
dom2Orochi_L08.mes,Script/dom2Orochi_L08.mes,2,17,주인공,お願いします、僕といっしょに……,"부탁드려요, 저랑 같이……","부탁드려요, 저랑 같이……"
dom2Orochi_L08.mes,Script/dom2Orochi_L08.mes,3,24,Kyo,行かねぇよ.<6E5C>俺は手を貸さないって言っただろ?,안 가.<6E5C>손 안 빌려준다고 했잖아?,안 가.<6E5C>손 안 빌려준다고 했잖아?
dom2Orochi_L08.mes,Script/dom2Orochi_L08.mes,4,35,주인공,なぜです!?<6E5C>オロチ一族との因縁に決着を<6E5C>つけなくていいんですか!?,왜요!?<6E5C>오로치와의 악연에 결착을<6E5C>안 지어도 되나요!?,왜요!?<6E5C>오로치와의 악연에 결착을<6E5C>안 지어도 되나요!?
dom2Orochi_L08.mes,Script/dom2Orochi_L08.mes,5,9,Kyo,俺には関係ねぇよ,나랑은 상관없어,나랑은 상관없어
dom2Orochi_L08.mes,Script/dom2Orochi_L08.mes,6,39,주인공,この街が、いや、もしかしたら<6E5C>この世界が大変なことに<6E5C>なるかもしれなくても?,"이 동네가, 아니, 어쩌면<6E5C>이 세상이 큰일 날<6E5C>수도 있는데도요?","이 동네가, 아니, 어쩌면<6E5C>이 세상이 큰일 날<6E5C>수도 있는데도요?"
dom2Orochi_L08.mes,Script/dom2Orochi_L08.mes,7,35,Kyo,じゃあ閉くけどよ、本当にそんな<6E5C>危機が迫ってる証拠でもあんのかよ<6E5C>?,그럼 묻겠는데 진짜 그런<6E5C>위기가 닥쳤다는 증거라도 있는<6E5C>거냐?,그럼 묻겠는데 진짜 그런<6E5C>위기가 닥쳤다는 증거라도 있는<6E5C>거냐?
dom2Orochi_L08.mes,Script/dom2Orochi_L08.mes,8,26,주인공,僕の妹が、友だちが、大切な人が、<6E5C>いなくなりました,"여동생이, 친구가, 소중한 사람이,<6E5C>사라졌어요","여동생이, 친구가, 소중한 사람이,<6E5C>사라졌어요"
dom2Orochi_L08.mes,Script/dom2Orochi_L08.mes,9,22,Kyo,それがオロチの仕業だって<6E5C>言い切れんのか?,그게 오로치 짓이라고<6E5C>단언할 수 있냐?,그게 오로치 짓이라고<6E5C>단언할 수 있냐?
dom2Orochi_L08.mes,Script/dom2Orochi_L08.mes,10,6,주인공,それは……,그건……,그건……
dom2Orochi_L08.mes,Script/dom2Orochi_L08.mes,11,34,Kyo,それに、それが事実だとしたら、<6E5C>そんなことは警察に<6E5C>持ち込む話だぜ,"게다가, 그게 사실이라면,<6E5C>그런 건 경찰에<6E5C>가져갈 얘기잖아","게다가, 그게 사실이라면,<6E5C>그런 건 경찰에<6E5C>가져갈 얘기잖아"
dom2Orochi_L08.mes,Script/dom2Orochi_L08.mes,12,22,주인공,草薙先輩……<6E5C>本気でそう思ってるんですか?,쿠사나기 선배……<6E5C>진심으로 그래요?,쿠사나기 선배……<6E5C>진심으로 그래요?
dom2Orochi_L08.mes,Script/dom2Orochi_L08.mes,13,9,Kyo,どういう意味だよ,무슨 뜻이야,무슨 뜻이야
dom2Orochi_L08.mes,Script/dom2Orochi_L08.mes,14,39,주인공,僕には、今の草薙先輩は現実から<6E5C>目を逸らそうとしているだけにしか<6E5C>見えません,"제 눈엔, 지금 선배는 현실에서<6E5C>눈을 돌리려는 걸로밖에<6E5C>안 보여요","제 눈엔, 지금 선배는 현실에서<6E5C>눈을 돌리려는 걸로밖에<6E5C>안 보여요"
dom2Orochi_L08.mes,Script/dom2Orochi_L08.mes,15,8,Kyo,なんだと……?,뭐라고……?,뭐라고……?
dom2Orochi_L08.mes,Script/dom2Orochi_L08.mes,16,67,주인공,オロチの遺産が被らの手に渡って<6E5C>しまったら、取り返しの<6E5C>つかないことになるんですよ!<485C>それは、草薙先輩が<6E5C>一番よく知ってるはずです!,"오로치의 유산이 그놈들 손에 넘어가<6E5C>버리면, 돌이킬 수<6E5C>없게 된다고요!<485C>그건, 쿠사나기 선배가<6E5C>제일 잘 아실 거예요!","오로치의 유산이 그놈들 손에 넘어가<6E5C>버리면, 돌이킬 수<6E5C>없게 된다고요!<485C>그건, 쿠사나기 선배가<6E5C>제일 잘 아실 거예요!"
dom2Orochi_L08.mes,Script/dom2Orochi_L08.mes,17,33,Kyo,取り返しがつかない<6E5C>ことってなんだよ?<6E5C>世界が滅亡でもするのか?,돌이킬 수 없는<6E5C>일이 뭔데?<6E5C>세상이 멸망이라도 하냐?,돌이킬 수 없는<6E5C>일이 뭔데?<6E5C>세상이 멸망이라도 하냐?
dom2Orochi_L08.mes,Script/dom2Orochi_L08.mes,18,26,[선택지],大切な人を失うかもしれない世界が滅亡するかもしれない,소중한 사람을 잃을지 몰라\세상이 멸망할지도 몰라,소중한 사람을 잃을지 몰라\세상이 멸망할지도 몰라
dom2Orochi_L08.mes,Script/dom2Orochi_L08.mes,19,35,주인공,世界は……わからないですけど、<6E5C>大切な人を失うかもしれないんです<6E5C>!,"세상은…… 모르겠지만,<6E5C>소중한 사람을 잃을지도 몰라요<6E5C>!","세상은…… 모르겠지만,<6E5C>소중한 사람을 잃을지도 몰라요<6E5C>!"
dom2Orochi_L08.mes,Script/dom2Orochi_L08.mes,20,39,주인공,もしユキさんがいなくなったと<6E5C>しても、草薙先輩は同じことを<6E5C>言うんですか!?,"만약 유키 씨가 사라져도,<6E5C>쿠사나기 선배는 똑같이<6E5C>말할 거예요!?","만약 유키 씨가 사라져도,<6E5C>쿠사나기 선배는 똑같이<6E5C>말할 거예요!?"
dom2Orochi_L08.mes,Script/dom2Orochi_L08.mes,21,41,Kyo,バカヤロー!そんなことさせる<6E5C>わけねぇだろうが!<6E5C>ユキはなにがあっても俺が護る!,바보야! 그런 짓 하게<6E5C>둘 리 없잖아!<6E5C>유키는 뭔 일 있어도 내가 지켜!,바보야! 그런 짓 하게<6E5C>둘 리 없잖아!<6E5C>유키는 뭔 일 있어도 내가 지켜!
dom2Orochi_L08.mes,Script/dom2Orochi_L08.mes,22,23,주인공,僕だってそうです!<6E5C>護りたい人がいるんです!,저도 마찬가지예요!<6E5C>지킬 사람이 있어요!,저도 마찬가지예요!<6E5C>지킬 사람이 있어요!
dom2Orochi_L08.mes,Script/dom2Orochi_L08.mes,23,4,Kyo,……!,……!,……!
dom2Orochi_L08.mes,Script/dom2Orochi_L08.mes,24,12,주인공,お願いします、草薙先輩,"부탁드려요, 선배","부탁드려요, 선배"
dom2Orochi_L08.mes,Script/dom2Orochi_L08.mes,25,36,주인공,僕が弱い心をのぞかせたときに、<6E5C>背中を押してくれるだけで<6E5C>いいですから,"제가 약한 마음을 내비칠 때,<6E5C>등만 밀어주셔도<6E5C>돼요","제가 약한 마음을 내비칠 때,<6E5C>등만 밀어주셔도<6E5C>돼요"
dom2Orochi_L08.mes,Script/dom2Orochi_L08.mes,26,56,주인공,いつもみたいにきつく殴って<6E5C>くれればそれで僕は前に<6E5C>進みますから<485C>だから、少しだけ、<6E5C>力を貸してください……!,"평소처럼 세게 때려<6E5C>주시면 그걸로 저는 앞으로<6E5C>나아갈 테니까<485C>그러니까, 조금만,<6E5C>힘을 빌려주세요…!","평소처럼 세게 때려<6E5C>주시면 그걸로 저는 앞으로<6E5C>나아갈 테니까<485C>그러니까, 조금만,<6E5C>힘을 빌려주세요…!"
dom2Orochi_L08.mes,Script/dom2Orochi_L08.mes,27,5,Kyo,<이름:3232>……,<이름:3232>……,<이름:3232>……
dom2Orochi_L08.mes,Script/dom2Orochi_L08.mes,28,38,Kyo,あーっ、クソッ!わかったよ!<6E5C>手伝ってやるから<6E5C>そんな顔してんじゃねぇよ!,"아앗, 젠장! 알았다고!<6E5C>도와줄 테니까<6E5C>그런 얼굴 하지 마!","아앗, 젠장! 알았다고!<6E5C>도와줄 테니까<6E5C>그런 얼굴 하지 마!"
dom2Orochi_L08.mes,Script/dom2Orochi_L08.mes,29,11,주인공,ほ、ほんとですか!?,"저, 정말요!?","저, 정말요!?"
dom2Orochi_L08.mes,Script/dom2Orochi_L08.mes,30,34,Kyo,まったく……これでユキとの約束を<6E5C>破ることになっちまったじゃねぇか,정말이지…… 이걸로 유키랑 한 약속을<6E5C>깨게 됐잖아,정말이지…… 이걸로 유키랑 한 약속을<6E5C>깨게 됐잖아
dom2Orochi_L08.mes,Script/dom2Orochi_L08.mes,31,10,주인공,ユキさんとの約束?,유키 씨와 약속?,유키 씨와 약속?
dom2Orochi_L08.mes,Script/dom2Orochi_L08.mes,32,29,Kyo,危ないことには絶対に首を突っ込む<6E5C>なって言われてたんだよ,위험한 일엔 절대 끼어들지<6E5C>말라고 했었거든,위험한 일엔 절대 끼어들지<6E5C>말라고 했었거든
dom2Orochi_L08.mes,Script/dom2Orochi_L08.mes,33,9,주인공,な、なるほど……,"그, 그렇군요…","그, 그렇군요…"
dom2Orochi_L08.mes,Script/dom2Orochi_L08.mes,34,26,주인공,(ほんとにユキさんには頭が<6E5C>上がらないんだな……),(정말로 유키 씨한텐 꼼짝을<6E5C>못 하시는구나…),(정말로 유키 씨한텐 꼼짝을<6E5C>못 하시는구나…)
dom2Orochi_L08.mes,Script/dom2Orochi_L08.mes,35,42,Kyo,でもしょうがねぇ.かわいい後輩の<6E5C>ために手を貸すんだ.<6E5C>ユキも大目に見てくれるだろ,하지만 어쩔 수 없지.후배를<6E5C>위해 돕는 거니까.<6E5C>유키도 눈감아 주겠지,하지만 어쩔 수 없지.후배를<6E5C>위해 돕는 거니까.<6E5C>유키도 눈감아 주겠지
dom2Orochi_L08.mes,Script/dom2Orochi_L08.mes,36,15,주인공,はい!ありがとうございます!,네! 감사합니다!,네! 감사합니다!
dom2Orochi_L08.mes,Script/dom2Orochi_L08.mes,37,25,주인공,(やった……!これ以上に心強い<6E5C>味方はいないよ),(해냈다……! 이보다 든든한<6E5C>아군은 없어),(해냈다……! 이보다 든든한<6E5C>아군은 없어)
dom2Orochi_L08.mes,Script/dom2Orochi_L08.mes,38,35,주인공,そ、そうですよ.<6E5C>ほんとに世界が滅亡するかも<6E5C>しれないじゃないですか,"마, 맞아요.<6E5C>진짜 세상이 멸망할지도<6E5C>모르잖아요","마, 맞아요.<6E5C>진짜 세상이 멸망할지도<6E5C>모르잖아요"
dom2Orochi_L08.mes,Script/dom2Orochi_L08.mes,39,30,Kyo,フゥ……<이름:3232>、お前はもうちょっと<6E5C>頭のいい奴だと思ってたぜ,"후……<이름:3232>, 넌 좀 더<6E5C>똑똑한 놈인 줄 알았는데","후……<이름:3232>, 넌 좀 더<6E5C>똑똑한 놈인 줄 알았는데"
dom2Orochi_L08.mes,Script/dom2Orochi_L08.mes,40,12,주인공,ど、どういう意味ですか,그게 무슨 뜻이에요,그게 무슨 뜻이에요
dom2Orochi_L08.mes,Script/dom2Orochi_L08.mes,41,31,Kyo,そんな潰然として現実味のない話に<6E5C>、誰が耳を惧けるってんだ?,그런 막연하고 현실감 없는 얘기<6E5C>에 누가 귀기울이겠냐?,그런 막연하고 현실감 없는 얘기<6E5C>에 누가 귀기울이겠냐?
dom2Orochi_L08.mes,Script/dom2Orochi_L08.mes,42,15,Kyo,アホらしくて閉いてられねぇよ,한심해서 못 듣겠어,한심해서 못 듣겠어
dom2Orochi_L08.mes,Script/dom2Orochi_L08.mes,43,19,주인공,いや、でも、<6E5C>もしかしたら本当に……,"아뇨, 그래도,<6E5C>혹시 진짜로……","아뇨, 그래도,<6E5C>혹시 진짜로……"
dom2Orochi_L08.mes,Script/dom2Orochi_L08.mes,44,16,Kyo,夢物語は寝てるときにだけ語れよ,잠꼬대는 잘 때나 해,잠꼬대는 잘 때나 해
dom2Orochi_L08.mes,Script/dom2Orochi_L08.mes,45,13,Kyo,じゃあな、俺はもう行くぜ,"그럼 간다, 이만 가지","그럼 간다, 이만 가지"
dom2Orochi_L08.mes,Script/dom2Orochi_L08.mes,46,10,주인공,ちょ……草薙先輩!,"잠깐, 선배!","잠깐, 선배!"
dom2Orochi_L08.mes,Script/dom2Orochi_L08.mes,47,29,주인공,(世界が滅亡ってのは、<6E5C>いくらなんでも無茶だったか……),"(세계가 멸망한다는 건,<6E5C>아무리 그래도 억지였나…)","(세계가 멸망한다는 건,<6E5C>아무리 그래도 억지였나…)"
dom2Orochi_L09.mes,Script/dom2Orochi_L09.mes,0,6,[효과음/내레이션],LEO09,LEO09,LEO09
dom2Orochi_L10.mes,Script/dom2Orochi_L10.mes,0,20,Chizuru,待っていたわ<이름:3131>君.<6E5C>覚悟はいいわね?,"기다렸어, <이름:3131>군.<6E5C>각오는 됐지?","기다렸어, <이름:3131>군.<6E5C>각오는 됐지?"
dom2Orochi_L10.mes,Script/dom2Orochi_L10.mes,1,6,[선택지],はい!いいえ,네!\아니요,네!\아니요
dom2Orochi_L10.mes,Script/dom2Orochi_L10.mes,2,13,주인공,はい!腹はくくりました!,네! 각오는 됐어요!,네! 각오는 됐어요!
dom2Orochi_L10.mes,Script/dom2Orochi_L10.mes,3,50,Chizuru,では……オロチの遺産に向かう前に<6E5C>、残された時間でできる限りオロチ<6E5C>の伝承について調べてみましょう,"그럼, 오로치의 유산으로 가기 전에<6E5C>남은 시간 동안 최대한 오로치<6E5C>전승에 대해 조사해보죠","그럼, 오로치의 유산으로 가기 전에<6E5C>남은 시간 동안 최대한 오로치<6E5C>전승에 대해 조사해보죠"
dom2Orochi_L10.mes,Script/dom2Orochi_L10.mes,4,8,주인공,残された時間?,남은 시간요?,남은 시간요?
dom2Orochi_L10.mes,Script/dom2Orochi_L10.mes,5,44,Chizuru,ええ.私が調べた限りでは、<6E5C>オロチの長がその血に覚醒すると<6E5C>される日にはまだ数日あるわ,"그래. 내가 조사해보니,<6E5C>오로치 수장이 피에 각성한다는<6E5C>날까진 며칠 남았어","그래. 내가 조사해보니,<6E5C>오로치 수장이 피에 각성한다는<6E5C>날까진 며칠 남았어"
dom2Orochi_L10.mes,Script/dom2Orochi_L10.mes,6,7,주인공,あと数日……,며칠 뒤라…,며칠 뒤라…
dom2Orochi_L10.mes,Script/dom2Orochi_L10.mes,7,28,Chizuru,それまでに、自分たちにでき得る<6E5C>限りの準備をしましょう,"그때까지, 우리가 할 수 있는<6E5C>준비는 다 해두죠","그때까지, 우리가 할 수 있는<6E5C>준비는 다 해두죠"
dom2Orochi_L10.mes,Script/dom2Orochi_L10.mes,8,4,주인공,はい!,네!,네!
dom2Orochi_L10.mes,Script/dom2Orochi_L10.mes,9,12,주인공,いや、その……まだです,"아뇨, 아직이에요","아뇨, 아직이에요"
dom2Orochi_L10.mes,Script/dom2Orochi_L10.mes,10,19,Chizuru,そう……<6E5C>残された時間はあとわずかよ,그래……<6E5C>남은 시간은 얼마 없어,그래……<6E5C>남은 시간은 얼마 없어
dom2Orochi_L10.mes,Script/dom2Orochi_L10.mes,11,5,주인공,……はい,……네,……네
dom2Orochi_L11.mes,Script/dom2Orochi_L11.mes,0,21,주인공,ハァ、やっぱり我が家が<6E5C>一番落ち着くなぁ,"하아, 역시 우리 집이<6E5C>제일 편하네","하아, 역시 우리 집이<6E5C>제일 편하네"
dom2Orochi_L11.mes,Script/dom2Orochi_L11.mes,1,8,주인공,ファ~……眠い,하아~……졸려,하아~……졸려
dom2Orochi_L11.mes,Script/dom2Orochi_L11.mes,2,5,주인공,グゥ……,쿨쿨……,쿨쿨……
dom2Orochi_L11.mes,Script/dom2Orochi_L11.mes,3,9,Fio,う……ここは……,으……여기는……,으……여기는……
dom2Orochi_L11.mes,Script/dom2Orochi_L11.mes,4,35,UNKNOWN_1e,フィオリーナ。ジェルミ.<6E5C>君のレポートはじつに<6E5C>優秀なものでした……,피오리나 젤미.<6E5C>네 리포트는 실로<6E5C>훌륭했다……,피오리나 젤미.<6E5C>네 리포트는 실로<6E5C>훌륭했다……
dom2Orochi_L11.mes,Script/dom2Orochi_L11.mes,5,25,Fio,誰……?こ、ここはいったいどこ<6E5C>なんですか……?,"누구…? 여, 여기는 대체 어디<6E5C>인가요……?","누구…? 여, 여기는 대체 어디<6E5C>인가요……?"
dom2Orochi_L11.mes,Script/dom2Orochi_L11.mes,6,36,UNKNOWN_1e,私が長年探し求めていたものを、<6E5C>君はたやすく見つけ出して<6E5C>しまった……,"내가 오랜 세월 찾아 헤매던 것을,<6E5C>너는 쉽사리 찾아내고<6E5C>말았군","내가 오랜 세월 찾아 헤매던 것을,<6E5C>너는 쉽사리 찾아내고<6E5C>말았군"
dom2Orochi_L11.mes,Script/dom2Orochi_L11.mes,7,12,Fio,その声は……まさか……,그 목소리는…설마……,그 목소리는…설마……
dom2Orochi_L11.mes,Script/dom2Orochi_L11.mes,8,61,UNKNOWN_1e,ククク…….3年前は思わぬ邪魔が<6E5C>入って一族をそろえることは<6E5C>できませんでしたが、<485C>こたびこそ我らの宿願が<6E5C>叶います……,"쿠쿠쿠… 3년 전에는 뜻밖의 방해가<6E5C>들어와 일족을 모으지<6E5C>못했지만,<485C>이번에야말로 우리 숙원이<6E5C>이루어집니다……","쿠쿠쿠… 3년 전에는 뜻밖의 방해가<6E5C>들어와 일족을 모으지<6E5C>못했지만,<485C>이번에야말로 우리 숙원이<6E5C>이루어집니다……"
dom2Orochi_L11.mes,Script/dom2Orochi_L11.mes,9,6,Fio,助けて……,살려줘요…,살려줘요…
dom2Orochi_L11.mes,Script/dom2Orochi_L11.mes,10,34,UNKNOWN_1e,全ての終わりが今から始まります.<6E5C>さぁ、歓喜と絶望に狂いなさい……,종말이 시작됩니다.<6E5C>환희와 절망에 미쳐보십시오,종말이 시작됩니다.<6E5C>환희와 절망에 미쳐보십시오
dom2Orochi_L11.mes,Script/dom2Orochi_L11.mes,11,11,Fio,助けて、パパ!ママ!,살려줘!아빠!엄마!,살려줘!아빠!엄마!
dom2Orochi_L11.mes,Script/dom2Orochi_L11.mes,12,12,Fio,雫さん!!<이름:3232>さん!!,시즈쿠씨!!<이름:3232>씨!!,시즈쿠씨!!<이름:3232>씨!!
dom2Orochi_L11.mes,Script/dom2Orochi_L11.mes,13,8,Fio,いやぁーっ!!,싫어어어어!!,싫어어어어!!
dom2Orochi_M01.mes,Script/dom2Orochi_M01.mes,0,5,[효과음/내레이션],トンッ!,퉁!,퉁!
dom2Orochi_M01.mes,Script/dom2Orochi_M01.mes,1,6,주인공,あ、ごめん,"아, 미안","아, 미안"
dom2Orochi_M01.mes,Script/dom2Orochi_M01.mes,2,9,UNKNOWN_5e,いえ、こちらこそ,"아뇨, 저야말로","아뇨, 저야말로"
dom2Orochi_M01.mes,Script/dom2Orochi_M01.mes,3,26,주인공,(子ども?いや、でも……<6E5C>なんだろう、この違和感),"(아이? 아니, 근데……<6E5C>뭐지, 이 위화감은)","(아이? 아니, 근데……<6E5C>뭐지, 이 위화감은)"
dom2Orochi_M01.mes,Script/dom2Orochi_M01.mes,4,16,주인공,あの、どこかで会ったことない?,저기 어디서 만난 적 없어?,저기 어디서 만난 적 없어?
dom2Orochi_M01.mes,Script/dom2Orochi_M01.mes,5,24,UNKNOWN_5e,あれ、ナンパですか?<6E5C>僕はこの通り、男ですけど,"어라, 헌팅인가요?<6E5C>보다시피 전 남자인데요","어라, 헌팅인가요?<6E5C>보다시피 전 남자인데요"
dom2Orochi_M01.mes,Script/dom2Orochi_M01.mes,6,16,UNKNOWN_5e,もしかして、そういう趣味の人?,"혹시, 그런 취향이세요?","혹시, 그런 취향이세요?"
dom2Orochi_M01.mes,Script/dom2Orochi_M01.mes,7,34,주인공,ち、違うって!<6E5C>ただ、ちょっと気になって……<6E5C>知り合いに似てたから,아 아니거든!<6E5C>그냥 좀 신경 쓰여서……<6E5C>아는 사람이랑 닮아서,아 아니거든!<6E5C>그냥 좀 신경 쓰여서……<6E5C>아는 사람이랑 닮아서
dom2Orochi_M01.mes,Script/dom2Orochi_M01.mes,8,12,UNKNOWN_5e,くすっ、巳沢雫ですか?,미사와 시즈쿠요?,미사와 시즈쿠요?
dom2Orochi_M01.mes,Script/dom2Orochi_M01.mes,9,15,주인공,え、巳沢さんを知ってるのか?,어? 미사와 씨를 알아?,어? 미사와 씨를 알아?
dom2Orochi_M01.mes,Script/dom2Orochi_M01.mes,10,24,UNKNOWN_5e,巳沢雫ね……被女、<6E5C>もうこの世に存在しませんよ,"미사와 시즈쿠는,<6E5C>이제 이 세상에 없어요","미사와 시즈쿠는,<6E5C>이제 이 세상에 없어요"
dom2Orochi_M01.mes,Script/dom2Orochi_M01.mes,11,10,주인공,は?なんだって!?,뭐?무슨 소리야?,뭐?무슨 소리야?
dom2Orochi_M01.mes,Script/dom2Orochi_M01.mes,12,16,UNKNOWN_5e,ふふ、それじゃ、僕はこのへんで,"후후, 그럼 전 이만","후후, 그럼 전 이만"
dom2Orochi_M01.mes,Script/dom2Orochi_M01.mes,13,41,주인공,ちょ、ちょっと待ってくれよ!<6E5C>おい!巳沢さんが存在しないって<6E5C>どういうことだよ!,"자, 잠깐 기다려!<6E5C>야! 미사와 씨가 존재하지 않다니<6E5C>그게 무슨 소리야!","자, 잠깐 기다려!<6E5C>야! 미사와 씨가 존재하지 않다니<6E5C>그게 무슨 소리야!"
dom2Orochi_M01.mes,Script/dom2Orochi_M01.mes,14,19,주인공,(行っちゃった……足の速い子だな<6E5C>),(가버렸네…… 발 빠른 애구나<6E5C>),(가버렸네…… 발 빠른 애구나<6E5C>)
dom2Orochi_M01.mes,Script/dom2Orochi_M01.mes,15,38,주인공,(でも、どういう意味なんだろう.<6E5C>ただの冗談にも<6E5C>閉こえなかったけど……),(근데 무슨 뜻일까.<6E5C>그냥 농담으로는<6E5C>안 들렸는데……),(근데 무슨 뜻일까.<6E5C>그냥 농담으로는<6E5C>안 들렸는데……)
dom2Orochi_M01.mes,Script/dom2Orochi_M01.mes,16,5,UNKNOWN_1e,<이름:3232>クン,<이름:3232>군,<이름:3232>군
dom2Orochi_M01.mes,Script/dom2Orochi_M01.mes,17,21,주인공,あ、キサラ!<6E5C>お前、ほたるを知らないか?,"아, 키사라!<6E5C>너, 호타루 못 봤어?","아, 키사라!<6E5C>너, 호타루 못 봤어?"
dom2Orochi_M01.mes,Script/dom2Orochi_M01.mes,18,13,Kisarah,ほたるがどうかしたの!?,호타루가 왜?!,호타루가 왜?!
dom2Orochi_M01.mes,Script/dom2Orochi_M01.mes,19,20,주인공,昨日の夜から、<6E5C>ずっと帰ってこないんだ,"어젯밤부터,<6E5C>계속 집에 안 들어와","어젯밤부터,<6E5C>계속 집에 안 들어와"
dom2Orochi_M01.mes,Script/dom2Orochi_M01.mes,20,9,주인공,連絡もないし……,연락도 없고……,연락도 없고……
dom2Orochi_M01.mes,Script/dom2Orochi_M01.mes,21,25,Kisarah,昨日の夜って……ボク、<6E5C>ほたるといっしょだったヨ,"어젯밤이면…… 나,<6E5C>호타루랑 같이 있었는데","어젯밤이면…… 나,<6E5C>호타루랑 같이 있었는데"
dom2Orochi_M01.mes,Script/dom2Orochi_M01.mes,22,8,주인공,なんだって!?,뭐라고!?,뭐라고!?
dom2Orochi_M01.mes,Script/dom2Orochi_M01.mes,23,17,Kisarah,でも、ちゃんと帰ったはずだけど?,"근데, 분명 집에 갔을 텐데?","근데, 분명 집에 갔을 텐데?"
dom2Orochi_M01.mes,Script/dom2Orochi_M01.mes,24,14,주인공,……それが帰ってないんだよ,……그게 안 들어왔다니까,……그게 안 들어왔다니까
dom2Orochi_M01.mes,Script/dom2Orochi_M01.mes,25,15,Kisarah,まさか、なにか事件にでも……,"설마, 무슨 사건에라도……","설마, 무슨 사건에라도……"
dom2Orochi_M01.mes,Script/dom2Orochi_M01.mes,26,15,Kisarah,ボク、心当たりを探してみる!,내가 짚이는 데 찾아볼게!,내가 짚이는 데 찾아볼게!
dom2Orochi_M01.mes,Script/dom2Orochi_M01.mes,27,11,주인공,ああ、悪いけど、頼む,"그래, 부탁할게","그래, 부탁할게"
dom2Orochi_M01.mes,Script/dom2Orochi_M01.mes,28,15,주인공,なにかあったら、知らせてくれ,무슨 일 있으면 알려줘,무슨 일 있으면 알려줘
dom2Orochi_M01.mes,Script/dom2Orochi_M01.mes,29,31,주인공,これ、うちのアパートの鍵.<6E5C>ほたるがいたら勝手に入っておいて,"이거, 우리 집 열쇠.<6E5C>호타루 있으면 그냥 들어가 있어","이거, 우리 집 열쇠.<6E5C>호타루 있으면 그냥 들어가 있어"
dom2Orochi_M01.mes,Script/dom2Orochi_M01.mes,30,27,Kisarah,合鍵……どうせなら、<6E5C>もっと違う形でほしかったな……,"열쇠라…… 이왕이면,<6E5C>다른 식으로 받고 싶었는데","열쇠라…… 이왕이면,<6E5C>다른 식으로 받고 싶었는데"
dom2Orochi_M01.mes,Script/dom2Orochi_M01.mes,31,3,주인공,え?,어?,어?
dom2Orochi_M01.mes,Script/dom2Orochi_M01.mes,32,34,Kisarah,ううん、なんでもない!<6E5C>じゃあ、見つかったらすぐに<6E5C>連絡するから!,"아니, 아무것도 아냐!<6E5C>그럼, 찾으면 바로<6E5C>연락할게!","아니, 아무것도 아냐!<6E5C>그럼, 찾으면 바로<6E5C>연락할게!"
dom2Orochi_M01.mes,Script/dom2Orochi_M01.mes,33,7,주인공,うん、頼む!,응 부탁해!,응 부탁해!
dom2Orochi_M01.mes,Script/dom2Orochi_M01.mes,34,13,주인공,(あれはこないだの……),(저건 지난번의……),(저건 지난번의……)
dom2Orochi_M01.mes,Script/dom2Orochi_M01.mes,35,23,주인공,(いっしょにいるのは……<6E5C>ゲーニッツ先生?),(같이 있는 건……<6E5C>게닛츠 선생님?),(같이 있는 건……<6E5C>게닛츠 선생님?)
dom2Orochi_M01.mes,Script/dom2Orochi_M01.mes,36,34,주인공,(なんとなく気になる<6E5C>組み合わせだな……なにを<6E5C>話してるんだろう),(왠지 신경 쓰이는<6E5C>조합이네…… 무슨 얘기<6E5C>하고 있는 거지),(왠지 신경 쓰이는<6E5C>조합이네…… 무슨 얘기<6E5C>하고 있는 거지)
dom2Orochi_M01.mes,Script/dom2Orochi_M01.mes,37,23,Goenitz,ふふ、なかなか様になって<6E5C>いるじゃないですか,"후후, 제법 그럴싸해<6E5C>졌군요","후후, 제법 그럴싸해<6E5C>졌군요"
dom2Orochi_M01.mes,Script/dom2Orochi_M01.mes,38,23,UNKNOWN_5e,……そうですか?<6E5C>自分ではよくわからないけど,……그런가요?<6E5C>제 눈에는 잘 모르겠지만,……그런가요?<6E5C>제 눈에는 잘 모르겠지만
dom2Orochi_M01.mes,Script/dom2Orochi_M01.mes,39,17,Goenitz,それでいい……それでいいのですよ,그거면 됐다.그거면 되는겁니다,그거면 됐다.그거면 되는겁니다
dom2Orochi_M01.mes,Script/dom2Orochi_M01.mes,40,3,UNKNOWN_5e,……,……,……
dom2Orochi_M01.mes,Script/dom2Orochi_M01.mes,41,34,주인공,(あ、行っちゃった…….<6E5C>なんかよくわからない<6E5C>会話だったな……),"(아, 가버렸네…….<6E5C>뭔가 알 수 없는<6E5C>대화였네……)","(아, 가버렸네…….<6E5C>뭔가 알 수 없는<6E5C>대화였네……)"
dom2Orochi_M01.mes,Script/dom2Orochi_M01.mes,42,4,UNKNOWN_1e,<이름:3131>君,<이름:3131>군,<이름:3131>군
dom2Orochi_M01.mes,Script/dom2Orochi_M01.mes,43,7,주인공,あ、学長……,학장님……,학장님……
dom2Orochi_M01.mes,Script/dom2Orochi_M01.mes,44,22,UNKNOWN_5b,ずいぶん暗い顔をしているね.<6E5C>悩み事かな?,꽤 어두운 얼굴이군.<6E5C>고민이라도 있나?,꽤 어두운 얼굴이군.<6E5C>고민이라도 있나?
dom2Orochi_M01.mes,Script/dom2Orochi_M01.mes,45,16,주인공,はい.ちょっと、色々ありまして,네. 이런저런 일이 있어서요,네. 이런저런 일이 있어서요
dom2Orochi_M01.mes,Script/dom2Orochi_M01.mes,46,30,UNKNOWN_5b,色々、か.まあ、そう表現する<6E5C>ほかあるまいな、君にとっては,"이런저런, 이라. 그렇게 표현할<6E5C>수밖에 없겠지 자네는","이런저런, 이라. 그렇게 표현할<6E5C>수밖에 없겠지 자네는"
dom2Orochi_M01.mes,Script/dom2Orochi_M01.mes,47,12,주인공,……学長?あなたは……,……학장님? 당신은…,……학장님? 당신은…
dom2Orochi_M01.mes,Script/dom2Orochi_M01.mes,48,38,UNKNOWN_5b,任せておきたまえ、<이름:3131>君.<6E5C>この街は私のものだ、<6E5C>奴らの好きにはさせん……,"맡겨두게, <이름:3131>군.<6E5C>이 거리는 내 것이다,<6E5C>놈들 뜻대로 두지 않아…","맡겨두게, <이름:3131>군.<6E5C>이 거리는 내 것이다,<6E5C>놈들 뜻대로 두지 않아…"
dom2Orochi_M01.mes,Script/dom2Orochi_M01.mes,49,23,주인공,私のものって……<6E5C>学長も悪者っぽいよなぁ……,내 것이라니……<6E5C>학장님도 악당 같은데……,내 것이라니……<6E5C>학장님도 악당 같은데……
dom2Orochi_M02.mes,Script/dom2Orochi_M02.mes,0,19,주인공,(あ、またこないだの子どもだ……<6E5C>),"(아, 또 저번 그 아이다……<6E5C>)","(아, 또 저번 그 아이다……<6E5C>)"
dom2Orochi_M02.mes,Script/dom2Orochi_M02.mes,1,12,UNKNOWN_5e,おや、また会いましたね,"이런, 또 만났네요","이런, 또 만났네요"
dom2Orochi_M02.mes,Script/dom2Orochi_M02.mes,2,14,UNKNOWN_5e,まだこの街にいたんですか?,아직 이 거리에 있었죠?,아직 이 거리에 있었죠?
dom2Orochi_M02.mes,Script/dom2Orochi_M02.mes,3,11,주인공,ど、どういう意味だよ,"무, 무슨 뜻이야","무, 무슨 뜻이야"
dom2Orochi_M02.mes,Script/dom2Orochi_M02.mes,4,23,UNKNOWN_5e,この街はすでに、我々の支配下に<6E5C>置かれました,이 거리는 이미 우리 지배하에<6E5C>놓였습니다,이 거리는 이미 우리 지배하에<6E5C>놓였습니다
dom2Orochi_M02.mes,Script/dom2Orochi_M02.mes,5,26,UNKNOWN_5e,あなた……さっさと消えてください<6E5C>.さもないと……,당신…… 어서 사라져 주세요<6E5C>. 안 그러면……,당신…… 어서 사라져 주세요<6E5C>. 안 그러면……
dom2Orochi_M02.mes,Script/dom2Orochi_M02.mes,6,7,주인공,さもないと?,안 그러면?,안 그러면?
dom2Orochi_M02.mes,Script/dom2Orochi_M02.mes,7,6,UNKNOWN_5e,死にますよ,죽어요,죽어요
dom2Orochi_M02.mes,Script/dom2Orochi_M02.mes,8,13,주인공,!<020A>……どういう意味だ?,!<020A>……무슨 뜻이야?,!<020A>……무슨 뜻이야?
dom2Orochi_M02.mes,Script/dom2Orochi_M02.mes,9,26,UNKNOWN_5e,あはは、頭の悪い人だなぁ.<6E5C>言ったままの意味ですよ,"아하하, 머리 나쁘네.<6E5C>말 그대로의 뜻이에요","아하하, 머리 나쁘네.<6E5C>말 그대로의 뜻이에요"
dom2Orochi_M02.mes,Script/dom2Orochi_M02.mes,10,13,주인공,君も、オロチ一族なのか?,너도 오로치 일족이야?,너도 오로치 일족이야?
dom2Orochi_M02.mes,Script/dom2Orochi_M02.mes,11,6,UNKNOWN_5e,違いますね,아니요,아니요
dom2Orochi_M02.mes,Script/dom2Orochi_M02.mes,12,3,주인공,え?,어?,어?
dom2Orochi_M02.mes,Script/dom2Orochi_M02.mes,13,12,UNKNOWN_5e,僕はオロチそのものです,저는 오로치 자체예요,저는 오로치 자체예요
dom2Orochi_M02.mes,Script/dom2Orochi_M02.mes,14,11,주인공,ど、どういうことだ?,"무, 무슨 소리야?","무, 무슨 소리야?"
dom2Orochi_M02.mes,Script/dom2Orochi_M02.mes,15,29,UNKNOWN_5e,くすっ、警告はしたよ.<6E5C>早くこの街を去るのが身のためです,경고는 했어.<6E5C>얼른 이 거리를 떠나는 게 좋을걸요,경고는 했어.<6E5C>얼른 이 거리를 떠나는 게 좋을걸요
dom2Orochi_M02.mes,Script/dom2Orochi_M02.mes,16,5,UNKNOWN_5e,それじゃ,그럼,그럼
dom2Orochi_M02.mes,Script/dom2Orochi_M02.mes,17,23,주인공,(……あの子ども、何者だ?<6E5C>オロチって……),"(…저 아이, 정체 뭐지?<6E5C>오로치라니…)","(…저 아이, 정체 뭐지?<6E5C>오로치라니…)"
dom2Orochi_M02.mes,Script/dom2Orochi_M02.mes,18,8,[효과음/내레이션],PLLLL……,따르릉……,따르릉……
dom2Orochi_M02.mes,Script/dom2Orochi_M02.mes,19,7,주인공,ん?<020A>電話だ,응?<020A>전화네,응?<020A>전화네
dom2Orochi_M02.mes,Script/dom2Orochi_M02.mes,20,3,[효과음/내레이션],ピッ,삐,삐
dom2Orochi_M02.mes,Script/dom2Orochi_M02.mes,21,26,UNKNOWN_5f,清泉大学事務局です.<6E5C>3回生の<이름:3131><이름:3232>さんですか?,세이센대 사무국입니다.<6E5C>3학년 <이름:3131><이름:3232> 맞죠?,세이센대 사무국입니다.<6E5C>3학년 <이름:3131><이름:3232> 맞죠?
dom2Orochi_M02.mes,Script/dom2Orochi_M02.mes,22,12,주인공,はい、そうですけど……,"네, 그런데요……","네, 그런데요……"
dom2Orochi_M02.mes,Script/dom2Orochi_M02.mes,23,40,UNKNOWN_5f,夏休み中、大学は立ち入り禁止に<6E5C>なりました.レポートの提出は<6E5C>来学期で結構です,여름방학 동안 출입 금지예요.<6E5C>리포트는<6E5C>다음 학기에 내시면 돼요,여름방학 동안 출입 금지예요.<6E5C>리포트는<6E5C>다음 학기에 내시면 돼요
dom2Orochi_M02.mes,Script/dom2Orochi_M02.mes,24,15,주인공,え?なにかあったんでしょうか,네? 무슨 일 있었나요,네? 무슨 일 있었나요
dom2Orochi_M02.mes,Script/dom2Orochi_M02.mes,25,19,UNKNOWN_5f,はい.<6E5C>学長室で爆発事故がありまして,네.<6E5C>학장실서 폭발 사고 있었어요,네.<6E5C>학장실서 폭발 사고 있었어요
dom2Orochi_M02.mes,Script/dom2Orochi_M02.mes,26,19,주인공,爆発!?<6E5C>が、学長は無事なんですか?,폭발!?<6E5C>학장님은 무사하세요?,폭발!?<6E5C>학장님은 무사하세요?
dom2Orochi_M02.mes,Script/dom2Orochi_M02.mes,27,12,UNKNOWN_5f,……意識不明の重体です,…의식불명 중태입니다,…의식불명 중태입니다
dom2Orochi_M02.mes,Script/dom2Orochi_M02.mes,28,6,주인공,そんな……,그럴 수가,그럴 수가
dom2Orochi_M02.mes,Script/dom2Orochi_M02.mes,29,13,UNKNOWN_5f,これでわかったでしょう?,이제 아시겠죠?,이제 아시겠죠?
dom2Orochi_M02.mes,Script/dom2Orochi_M02.mes,30,2,주인공,え,네,네
dom2Orochi_M02.mes,Script/dom2Orochi_M02.mes,31,3,[효과음/내레이션],ピッ,삐,삐
dom2Orochi_M02.mes,Script/dom2Orochi_M02.mes,32,5,주인공,…………,…………,…………
dom2Orochi_M02.mes,Script/dom2Orochi_M02.mes,33,25,[효과음/내레이션],(この街はすでに、<6E5C>我々の支配下に置かれました),(이 거리는 이미<6E5C>우리 지배하에 놓였습니다),(이 거리는 이미<6E5C>우리 지배하에 놓였습니다)
dom2Orochi_M02.mes,Script/dom2Orochi_M02.mes,34,6,주인공,まさか……,설마……,설마……
dom2Orochi_M03.mes,Script/dom2Orochi_M03.mes,0,16,주인공,(あ!あれは……巳沢さん!?),(아!저건… 미사와 씨!?),(아!저건… 미사와 씨!?)
dom2Orochi_M03.mes,Script/dom2Orochi_M03.mes,1,8,[효과음/내레이션],タッタッタ……,타닥타닥……,타닥타닥……
dom2Orochi_M03.mes,Script/dom2Orochi_M03.mes,2,11,주인공,あ、あれ?いない……,"어, 어라? 없네…","어, 어라? 없네…"
dom2Orochi_M03.mes,Script/dom2Orochi_M03.mes,3,10,UNKNOWN_1e,誰か探してんのか?,누구 찾냐?,누구 찾냐?
dom2Orochi_M03.mes,Script/dom2Orochi_M03.mes,4,11,주인공,い、いや、べつに……,"아, 아니, 딱히…","아, 아니, 딱히…"
dom2Orochi_M03.mes,Script/dom2Orochi_M03.mes,5,30,UNKNOWN_5d,そうかよ.<6E5C>なら、これ以上首を突っ込むのは<6E5C>やめとくんだな,그러냐.<6E5C>그럼 더 이상 끼어드는 건<6E5C>그만두는게 좋을걸,그러냐.<6E5C>그럼 더 이상 끼어드는 건<6E5C>그만두는게 좋을걸
dom2Orochi_M03.mes,Script/dom2Orochi_M03.mes,6,14,주인공,!<020A>……お前も、オロチの?,"!<020A>……너도, 오로치야?","!<020A>……너도, 오로치야?"
dom2Orochi_M03.mes,Script/dom2Orochi_M03.mes,7,25,UNKNOWN_5d,知りすぎだぜ、お前.<6E5C>おとなしくこの街を去りな!,많이 알아버렸군.<6E5C>얌전히 이 거리를 떠나라!,많이 알아버렸군.<6E5C>얌전히 이 거리를 떠나라!
dom2Orochi_M03.mes,Script/dom2Orochi_M03.mes,8,5,[효과음/내레이션],バキッ!,퍽!,퍽!
dom2Orochi_M03.mes,Script/dom2Orochi_M03.mes,9,14,주인공,うぐっ……な、なにを……!,"으윽… 무, 뭐 하는…!","으윽… 무, 뭐 하는…!"
dom2Orochi_M03.mes,Script/dom2Orochi_M03.mes,10,4,[효과음/내레이션],バタッ,쿵,쿵
dom2Orochi_M04.mes,Script/dom2Orochi_M04.mes,0,4,UNKNOWN_1e,真吾!,신고!,신고!
dom2Orochi_M04.mes,Script/dom2Orochi_M04.mes,1,5,[효과음/내레이션],バシッ!,찰싹!,찰싹!
dom2Orochi_M04.mes,Script/dom2Orochi_M04.mes,2,6,주인공,いってぇ!,아파!,아파!
dom2Orochi_M04.mes,Script/dom2Orochi_M04.mes,3,21,주인공,だから、僕は真吾じゃないって……<6E5C>あぁ!,그러니까 난 신고가 아니라니까<6E5C>아앗!,그러니까 난 신고가 아니라니까<6E5C>아앗!
dom2Orochi_M04.mes,Script/dom2Orochi_M04.mes,4,14,Kyo,ん?なんだお前、暗い顔して,"뭐냐, 얼굴이 왜 그래","뭐냐, 얼굴이 왜 그래"
dom2Orochi_M04.mes,Script/dom2Orochi_M04.mes,5,7,주인공,草薙先輩!!,선배!!,선배!!
dom2Orochi_M04.mes,Script/dom2Orochi_M04.mes,6,27,Kyo,お、おぉ、なんだよ、<6E5C>そんなに俺に会えてうれしいか?,"오, 오오, 뭐야,<6E5C>그렇게 반가워?","오, 오오, 뭐야,<6E5C>그렇게 반가워?"
dom2Orochi_M04.mes,Script/dom2Orochi_M04.mes,7,11,주인공,はい!うれしいです!,네! 반가워요!,네! 반가워요!
dom2Orochi_M04.mes,Script/dom2Orochi_M04.mes,8,22,Kyo,そうかそうか、<6E5C>そんなに感動の再会だったか,"그래 그래,<6E5C>그렇게 감동의 재회였냐","그래 그래,<6E5C>그렇게 감동의 재회였냐"
dom2Orochi_M04.mes,Script/dom2Orochi_M04.mes,9,24,Kyo,けど悪いな.今はお前と遊んでる<6E5C>暇はないんだよ,미안하다. 지금 너랑 놀아줄<6E5C>여유가 없어,미안하다. 지금 너랑 놀아줄<6E5C>여유가 없어
dom2Orochi_M04.mes,Script/dom2Orochi_M04.mes,10,12,Kyo,ユキを待たせてるんでな,유키를 기다리게 해서,유키를 기다리게 해서
dom2Orochi_M04.mes,Script/dom2Orochi_M04.mes,11,21,주인공,いや、今はそれどころじゃ<6E5C>ないんですよ!,"아뇨, 지금 그럴 때가<6E5C>아니에요!","아뇨, 지금 그럴 때가<6E5C>아니에요!"
dom2Orochi_M04.mes,Script/dom2Orochi_M04.mes,12,29,Kyo,んだとぉ?今お前、ユキのことを<6E5C>それどころって言ったか?,"뭐라고? 방금 너, 유키를<6E5C>그럴 때라고 했냐?","뭐라고? 방금 너, 유키를<6E5C>그럴 때라고 했냐?"
dom2Orochi_M04.mes,Script/dom2Orochi_M04.mes,13,24,주인공,僕に草薙の鍵を貸してください!<6E5C>お願いします!,쿠사나기의 열쇠를 빌려주세요!<6E5C>부탁드려요!,쿠사나기의 열쇠를 빌려주세요!<6E5C>부탁드려요!
dom2Orochi_M04.mes,Script/dom2Orochi_M04.mes,14,12,Kyo,……お前、どこでそれを,"……너, 그걸 어디서","……너, 그걸 어디서"
dom2Orochi_M04.mes,Script/dom2Orochi_M04.mes,15,12,주인공,神楽先輩から閉きました,카구라한테 들었어요,카구라한테 들었어요
dom2Orochi_M04.mes,Script/dom2Orochi_M04.mes,16,31,Kyo,チッ、あの女……つまらねえことに<6E5C><이름:3232>を巻き込みやがって……,"칫, 그 여자…… 쓸데없는 일에<6E5C><이름:3232>를 끌어들이다니……","칫, 그 여자…… 쓸데없는 일에<6E5C><이름:3232>를 끌어들이다니……"
dom2Orochi_M04.mes,Script/dom2Orochi_M04.mes,17,25,주인공,お願いします、草薙先輩.<6E5C>どうしても必要なんです,"부탁드려요, 쿠사나기 선배.<6E5C>꼭 필요해요","부탁드려요, 쿠사나기 선배.<6E5C>꼭 필요해요"
dom2Orochi_M04.mes,Script/dom2Orochi_M04.mes,18,35,Kyo,鍵を貸すのはかまわねぇけど、<6E5C>それがどういうことか<6E5C>わかってるのか?,"열쇠 빌려주는 건 상관없지만,<6E5C>그게 무슨 의미인지<6E5C>알고 있냐?","열쇠 빌려주는 건 상관없지만,<6E5C>그게 무슨 의미인지<6E5C>알고 있냐?"
dom2Orochi_M04.mes,Script/dom2Orochi_M04.mes,19,4,주인공,はい!,네!,네!
dom2Orochi_M04.mes,Script/dom2Orochi_M04.mes,20,31,Kyo,くだらねぇ因縁に、お前も取り<6E5C>込まれちまうってことなんだぞ?,"하찮은 악연에, 너도 휘말리게<6E5C>된다는 뜻이라고?","하찮은 악연에, 너도 휘말리게<6E5C>된다는 뜻이라고?"
dom2Orochi_M04.mes,Script/dom2Orochi_M04.mes,21,31,주인공,わかってます……!それでも、<6E5C>僕には護りたいものがあるんです,"알고 있어요……! 그래도,<6E5C>제겐 지키고 싶은 게 있어요","알고 있어요……! 그래도,<6E5C>제겐 지키고 싶은 게 있어요"
dom2Orochi_M04.mes,Script/dom2Orochi_M04.mes,22,17,Kyo,……わかったよ.ほら、持っていけ,"……알았다. 자, 가져가","……알았다. 자, 가져가"
dom2Orochi_M04.mes,Script/dom2Orochi_M04.mes,23,4,[효과음/내레이션],パシッ,탁,탁
dom2Orochi_M04.mes,Script/dom2Orochi_M04.mes,24,11,주인공,これが、草薙の鍵……,이게 쿠사나기 열쇠,이게 쿠사나기 열쇠
dom2Orochi_M04.mes,Script/dom2Orochi_M04.mes,25,5,Kyo,じゃあな,그럼,그럼
dom2Orochi_M04.mes,Script/dom2Orochi_M04.mes,26,16,주인공,ちょ、ちょっと待ってください!,"자, 잠깐만요!","자, 잠깐만요!"
dom2Orochi_M04.mes,Script/dom2Orochi_M04.mes,27,22,주인공,草薙先輩もいっしょに<6E5C>来てもらえませんか?,쿠사나기 선배도 같이<6E5C>가줄 수 없어요?,쿠사나기 선배도 같이<6E5C>가줄 수 없어요?
dom2Orochi_M04.mes,Script/dom2Orochi_M04.mes,28,30,Kyo,甘えるんじゃねぇ!<6E5C>俺は、そんなのに関わるのは<6E5C>御免なんだ,어리광 부리지 마!<6E5C>난 그런 거에 얽히는 건<6E5C>사양이다,어리광 부리지 마!<6E5C>난 그런 거에 얽히는 건<6E5C>사양이다
dom2Orochi_M04.mes,Script/dom2Orochi_M04.mes,29,16,주인공,関係あるでしょう、草薙先輩は!,상관있잖아요 쿠사나기 선배!,상관있잖아요 쿠사나기 선배!
dom2Orochi_M04.mes,Script/dom2Orochi_M04.mes,30,26,Kyo,うるせぇ!いいか、とにかく俺は<6E5C>手を貸さねぇからな,"시끄러! 됐고, 아무튼 난<6E5C>도와주지 않을 거야","시끄러! 됐고, 아무튼 난<6E5C>도와주지 않을 거야"
dom2Orochi_M04.mes,Script/dom2Orochi_M04.mes,31,17,주인공,(草薙先輩……様子が変だったな),(쿠사나기 선배…이상했는데),(쿠사나기 선배…이상했는데)
dom2Orochi_M05.mes,Script/dom2Orochi_M05.mes,0,16,Chizuru,<이름:3131>君……まだ決断できないの?,<이름:3131>군 아직 결단 못 했어?,<이름:3131>군 아직 결단 못 했어?
dom2Orochi_M05.mes,Script/dom2Orochi_M05.mes,1,21,주인공,えっと、その……<6E5C>心の準備がなかなか……,"그게, 저기……<6E5C>마음 준비가 좀처럼…","그게, 저기……<6E5C>마음 준비가 좀처럼…"
dom2Orochi_M05.mes,Script/dom2Orochi_M05.mes,2,22,Chizuru,そう.わかりました.<6E5C>もう時間がありません,그래. 알겠어요.<6E5C>이제 시간이 없어요,그래. 알겠어요.<6E5C>이제 시간이 없어요
dom2Orochi_M05.mes,Script/dom2Orochi_M05.mes,3,10,Chizuru,私ひとりで行きます,저 혼자 가겠어요,저 혼자 가겠어요
dom2Orochi_M05.mes,Script/dom2Orochi_M05.mes,4,23,주인공,えぇ!?そんな、<6E5C>ひとりなんて無茶ですって!,"네!? 그런,<6E5C>혼자는 무리라니까요!","네!? 그런,<6E5C>혼자는 무리라니까요!"
dom2Orochi_M05.mes,Script/dom2Orochi_M05.mes,5,12,주인공,だったら僕も行きます!,그럼 저도 갈게요!,그럼 저도 갈게요!
dom2Orochi_M05.mes,Script/dom2Orochi_M05.mes,6,22,Chizuru,そんな中途半端な気持ちで<6E5C>来られても迷惑よ,그런 어정쩡한 마음으로<6E5C>따라오면 곤란해,그런 어정쩡한 마음으로<6E5C>따라오면 곤란해
dom2Orochi_M05.mes,Script/dom2Orochi_M05.mes,7,32,Chizuru,元々あなたには関係のなかった話.<6E5C>このことは、忘れてちょうだい,"원래 당신과는 상관없는 이야기.<6E5C>이 일은, 잊어버려","원래 당신과는 상관없는 이야기.<6E5C>이 일은, 잊어버려"
dom2Orochi_M05.mes,Script/dom2Orochi_M05.mes,8,13,Chizuru,それでは、私は失礼するわ,"그럼, 난 이만 가볼게","그럼, 난 이만 가볼게"
dom2Orochi_M05.mes,Script/dom2Orochi_M05.mes,9,6,주인공,神楽先輩!,선배!,선배!
dom2Orochi_M05.mes,Script/dom2Orochi_M05.mes,10,29,주인공,(行っちゃった……どうしよう、<6E5C>後を追いかけないと……),"(가버렸어…… 어쩌지,<6E5C>따라가야 하는데……)","(가버렸어…… 어쩌지,<6E5C>따라가야 하는데……)"
dom2Orochi_M05.mes,Script/dom2Orochi_M05.mes,11,22,주인공,(……くそ、足がすくんで<6E5C>動けない……!),(젠장 다리 굳어서<6E5C>움직일 수 없어!),(젠장 다리 굳어서<6E5C>움직일 수 없어!)
dom2Orochi_M05.mes,Script/dom2Orochi_M05.mes,12,39,주인공,(……闇に飲まれて、誰も迎えに<6E5C>来てくれなくて、ひとりで<6E5C>うずくまって……),"(어둠에 삼켜져서, 아무도 데리러<6E5C>와주지 않고, 혼자서<6E5C>웅크리고……)","(어둠에 삼켜져서, 아무도 데리러<6E5C>와주지 않고, 혼자서<6E5C>웅크리고……)"
dom2Orochi_M05.mes,Script/dom2Orochi_M05.mes,13,42,주인공,(うぅ……そんなのはイヤだよ!<6E5C>でも、みんなが僕を待ってる……<6E5C>行かなくちゃ……),"(으…… 그런 건 싫어!<6E5C>그래도, 다들 날 기다리고 있어…<6E5C>가야 하는데…)","(으…… 그런 건 싫어!<6E5C>그래도, 다들 날 기다리고 있어…<6E5C>가야 하는데…)"
dom2Orochi_M05.mes,Script/dom2Orochi_M05.mes,14,32,주인공,(何時間くらい経ったのかな……<6E5C>神楽先輩、帰ってこないな……),"(몇 시간이나 지났을까……<6E5C>카구라 선배, 안 돌아오네…)","(몇 시간이나 지났을까……<6E5C>카구라 선배, 안 돌아오네…)"
dom2Orochi_M05.mes,Script/dom2Orochi_M05.mes,15,46,주인공,(も、もしかして、もう解決し<6E5C>ちゃったかな.だったら僕が行か<6E5C>なくてもだいじょうぶだよな),"(혹, 혹시 벌써 해결<6E5C>됐으려나. 그럼 내가 안 가도<6E5C>괜찮겠지)","(혹, 혹시 벌써 해결<6E5C>됐으려나. 그럼 내가 안 가도<6E5C>괜찮겠지)"
dom2Orochi_M05.mes,Script/dom2Orochi_M05.mes,16,46,주인공,(……どうせ、誰も僕のことなんて<6E5C>待っちゃいないよな.こんな情け<6E5C>ない奴のことなんて……),"(……어차피, 아무도 날<6E5C>기다리지 않을 거야. 이런 한심<6E5C>한 놈 따위……)","(……어차피, 아무도 날<6E5C>기다리지 않을 거야. 이런 한심<6E5C>한 놈 따위……)"
dom2Orochi_M05.mes,Script/dom2Orochi_M05.mes,17,6,주인공,帰ろう……,돌아가자…,돌아가자…
dom2Orochi_M05.mes,Script/dom2Orochi_M05.mes,18,70,주인공,(……逃げてきちゃった.<6E5C>でも、しょうがないよな)<485C>(オロチだなんて、そんなものに<6E5C>僕みたいなのが立ち向かえるわけ<6E5C>ないじゃないか……!),"(……도망쳐버렸어.<6E5C>근데, 어쩔 수 없잖아)<485C>(오로치라니, 그런 것에<6E5C>나 같은 게 맞설 수 있을<6E5C>리가 없잖아……!)","(……도망쳐버렸어.<6E5C>근데, 어쩔 수 없잖아)<485C>(오로치라니, 그런 것에<6E5C>나 같은 게 맞설 수 있을<6E5C>리가 없잖아……!)"
dom2Orochi_M05.mes,Script/dom2Orochi_M05.mes,19,15,주인공,あー!もう考えるのはやめた!,아! 이제 생각 그만할래!,아! 이제 생각 그만할래!
dom2Orochi_M05.mes,Script/dom2Orochi_M05.mes,20,5,[효과음/내레이션],ガバッ!,벌떡!,벌떡!
dom2Orochi_M05.mes,Script/dom2Orochi_M05.mes,21,44,주인공,(こうして布団にくるまって朝を<6E5C>待ってれば、きっと全部<6E5C>夢だったってことになってるさ),"(이렇게 이불 뒤집어쓰고 아침을<6E5C>기다리면, 분명 전부<6E5C>꿈이었던 걸로 될 거야)","(이렇게 이불 뒤집어쓰고 아침을<6E5C>기다리면, 분명 전부<6E5C>꿈이었던 걸로 될 거야)"
dom2Orochi_M05.mes,Script/dom2Orochi_M05.mes,22,14,주인공,(うん、きっとそうさ……),(그래 분명 그럴 거야),(그래 분명 그럴 거야)
dom2Orochi_M06.mes,Script/dom2Orochi_M06.mes,0,10,Shizuku,もうすぐ夏祭りだね,이제 여름 축제네,이제 여름 축제네
dom2Orochi_M06.mes,Script/dom2Orochi_M06.mes,1,25,Shizuku,<이름:3131>くんはもういっしょに行く人<6E5C>決まったのかな?,<이름:3131>군은 같이 갈 사람<6E5C>벌써 정했으려나?,<이름:3131>군은 같이 갈 사람<6E5C>벌써 정했으려나?
dom2Orochi_M06.mes,Script/dom2Orochi_M06.mes,2,8,[효과음/내레이션],PLLLL……,따르릉……,따르릉……
dom2Orochi_M06.mes,Script/dom2Orochi_M06.mes,3,11,Shizuku,あ、ごめんね、電話だ,"아, 미안, 전화네","아, 미안, 전화네"
dom2Orochi_M06.mes,Script/dom2Orochi_M06.mes,4,3,[효과음/내레이션],ピッ,삐,삐
dom2Orochi_M06.mes,Script/dom2Orochi_M06.mes,5,14,Shizuku,もしもし……あ、キングさん,"여보세요…… 아, 킹 씨","여보세요…… 아, 킹 씨"
dom2Orochi_M06.mes,Script/dom2Orochi_M06.mes,6,19,Shizuku,え、今からですか?<6E5C>……わかりました,"네, 지금이요?<6E5C>……알겠습니다","네, 지금이요?<6E5C>……알겠습니다"
dom2Orochi_M06.mes,Script/dom2Orochi_M06.mes,7,3,[효과음/내레이션],ピッ,삐,삐
dom2Orochi_M06.mes,Script/dom2Orochi_M06.mes,8,32,Shizuku,ごめんなさい、イリュージョンの<6E5C>ヘルプに入ることになっちゃった,"미안해, 일루전<6E5C>헬프 뛰게 됐어","미안해, 일루전<6E5C>헬프 뛰게 됐어"
dom2Orochi_M06.mes,Script/dom2Orochi_M06.mes,9,10,주인공,そうなの?大変だね,그래? 힘들겠다,그래? 힘들겠다
dom2Orochi_M06.mes,Script/dom2Orochi_M06.mes,10,24,주인공,僕のことは気にしなくていいから、<6E5C>がんばってね,"내 걱정은 안 해도 되니까,<6E5C>힘내","내 걱정은 안 해도 되니까,<6E5C>힘내"
dom2Orochi_M06.mes,Script/dom2Orochi_M06.mes,11,5,Shizuku,うん……,응……,응……
dom2Orochi_M06.mes,Script/dom2Orochi_M06.mes,12,5,주인공,それじゃ,그럼,그럼
dom2Orochi_M06.mes,Script/dom2Orochi_M06.mes,13,11,Shizuku,あ、ちょっと待って!,"아, 잠깐만!","아, 잠깐만!"
dom2Orochi_M06.mes,Script/dom2Orochi_M06.mes,14,7,주인공,どうしたの?,왜 그래?,왜 그래?
dom2Orochi_M06.mes,Script/dom2Orochi_M06.mes,15,22,Shizuku,あの、夏祭り……<6E5C>私といっしょに行かない?,저기 여름 축제…<6E5C>나랑 같이 안 갈래?,저기 여름 축제…<6E5C>나랑 같이 안 갈래?
dom2Orochi_M06.mes,Script/dom2Orochi_M06.mes,16,15,주인공,うん、いいよ.僕でよかったら,"응, 좋아.나라도 괜찮다면","응, 좋아.나라도 괜찮다면"
dom2Orochi_M06.mes,Script/dom2Orochi_M06.mes,17,16,Shizuku,ありがとう!楽しみにしてるね!,고마워! 기대할게!,고마워! 기대할게!
dom2Orochi_M06.mes,Script/dom2Orochi_M06.mes,18,19,주인공,うん.それじゃ、<6E5C>バイトがんばってね,"응. 그럼,<6E5C>알바 힘내","응. 그럼,<6E5C>알바 힘내"
dom2Orochi_M06.mes,Script/dom2Orochi_M06.mes,19,4,Shizuku,うん!,응!,응!
dom2Orochi_M06.mes,Script/dom2Orochi_M06.mes,20,9,주인공,(夏祭りか……),(여름 축제라),(여름 축제라)
dom2Orochi_S01.mes,Script/dom2Orochi_S01.mes,0,17,주인공,(今日はなんだか人が多いな……),(오늘따라 사람이 많네……),(오늘따라 사람이 많네……)
dom2Orochi_S01.mes,Script/dom2Orochi_S01.mes,1,7,UNKNOWN_1e,オラ、邪魔だ,"야, 비켜","야, 비켜"
dom2Orochi_S01.mes,Script/dom2Orochi_S01.mes,2,5,[효과음/내레이션],ドンッ!,쿵!,쿵!
dom2Orochi_S01.mes,Script/dom2Orochi_S01.mes,3,6,주인공,いてて……,아야야……,아야야……
dom2Orochi_S01.mes,Script/dom2Orochi_S01.mes,4,14,UNKNOWN_5d,チンタラ歩いてんじゃねぇよ,느릿느릿 걷지 좀 마,느릿느릿 걷지 좀 마
dom2Orochi_S01.mes,Script/dom2Orochi_S01.mes,5,8,주인공,す、すみません,"죄, 죄송해요","죄, 죄송해요"
dom2Orochi_S01.mes,Script/dom2Orochi_S01.mes,6,17,UNKNOWN_5d,けっ!まったく、つまんねぇ街だぜ,"쳇! 정말, 재미없는 동네네","쳇! 정말, 재미없는 동네네"
dom2Orochi_S01.mes,Script/dom2Orochi_S01.mes,7,40,주인공,(向こうからぶつかってきたのに、<6E5C>なんで僕が謝らなくちゃ<6E5C>ならならないんだよ),"(저쪽에서 부딪쳐놓고,<6E5C>왜 내가 사과해야<6E5C>하는 거야)","(저쪽에서 부딪쳐놓고,<6E5C>왜 내가 사과해야<6E5C>하는 거야)"
dom2Orochi_S01.mes,Script/dom2Orochi_S01.mes,8,44,주인공,(それにしてもおっかない人<6E5C>だったな……見ない顔だけど、<6E5C>この街の人じゃないのかな?),"(그나저나 무서운 사람<6E5C>이었네… 처음 보는 얼굴인데,<6E5C>이 동네 사람 아닌가?)","(그나저나 무서운 사람<6E5C>이었네… 처음 보는 얼굴인데,<6E5C>이 동네 사람 아닌가?)"
dom2Orochi_S01.mes,Script/dom2Orochi_S01.mes,9,3,주인공,あ!,앗!,앗!
dom2Orochi_S01.mes,Script/dom2Orochi_S01.mes,10,38,주인공,(こないだの人だ……<6E5C>また絡まれないように、<6E5C>目を合わせないようにしよう),"(지난번 그 사람이다……<6E5C>또 얽히지 않게,<6E5C>눈을 마주치지 말자)","(지난번 그 사람이다……<6E5C>또 얽히지 않게,<6E5C>눈을 마주치지 말자)"
dom2Orochi_S01.mes,Script/dom2Orochi_S01.mes,11,3,UNKNOWN_5d,おい,야,야
dom2Orochi_S01.mes,Script/dom2Orochi_S01.mes,12,22,주인공,(あぁ、誰か絡まれてる……<6E5C>かわいそうに),(누가 시비 걸리고 있네……<6E5C>불쌍하게),(누가 시비 걸리고 있네……<6E5C>불쌍하게)
dom2Orochi_S01.mes,Script/dom2Orochi_S01.mes,13,12,UNKNOWN_5d,おい!閉こえねぇのか?,야! 안 들려?,야! 안 들려?
dom2Orochi_S01.mes,Script/dom2Orochi_S01.mes,14,19,주인공,(な、なんか声が近いな……まさか<6E5C>),"(모, 목소리 가까운데… 설마<6E5C>)","(모, 목소리 가까운데… 설마<6E5C>)"
dom2Orochi_S01.mes,Script/dom2Orochi_S01.mes,15,29,UNKNOWN_5d,おい、てめぇだよ!赤毛の男を<6E5C>知らねぇかって閉いてんだよ,"야, 너 말이야! 빨간 머리 남자<6E5C>모르냐고 묻잖아","야, 너 말이야! 빨간 머리 남자<6E5C>모르냐고 묻잖아"
dom2Orochi_S01.mes,Script/dom2Orochi_S01.mes,16,13,주인공,え~っと……僕、ですか?,어~ 저요?,어~ 저요?
dom2Orochi_S01.mes,Script/dom2Orochi_S01.mes,17,10,UNKNOWN_5d,他に誰がいるんだ?,다른 누가 있냐?,다른 누가 있냐?
dom2Orochi_S01.mes,Script/dom2Orochi_S01.mes,18,13,주인공,ハ、ハハ……そうですよね,"하, 하하…… 그렇죠","하, 하하…… 그렇죠"
dom2Orochi_S01.mes,Script/dom2Orochi_S01.mes,19,8,UNKNOWN_5d,おかしな奴だな,이상한 놈이네,이상한 놈이네
dom2Orochi_S01.mes,Script/dom2Orochi_S01.mes,20,8,주인공,す、すみません,"죄, 죄송해요","죄, 죄송해요"
dom2Orochi_S01.mes,Script/dom2Orochi_S01.mes,21,36,UNKNOWN_5d,そんなことより、<6E5C>赤毛の男を知ってるか?<6E5C>この町に住んでるはずなんだが,"그건 그렇고,<6E5C>빨간 머리 남자 알아?<6E5C>이 동네 사는 걸로 아는데","그건 그렇고,<6E5C>빨간 머리 남자 알아?<6E5C>이 동네 사는 걸로 아는데"
dom2Orochi_S01.mes,Script/dom2Orochi_S01.mes,22,22,주인공,え~っと……僕の知り合いには<6E5C>いないですね,어~ 제 지인 중에는<6E5C>없는데요,어~ 제 지인 중에는<6E5C>없는데요
dom2Orochi_S01.mes,Script/dom2Orochi_S01.mes,23,36,주인공,(ひとりいるけど、<6E5C>名前出すとややこしいことに<6E5C>なりそうだもんな……),"(한 명 있긴 한데,<6E5C>이름 꺼내면 골치 아파<6E5C>질 것 같으니……)","(한 명 있긴 한데,<6E5C>이름 꺼내면 골치 아파<6E5C>질 것 같으니……)"
dom2Orochi_S01.mes,Script/dom2Orochi_S01.mes,24,10,UNKNOWN_5d,そうか.ならいいよ,그래. 됐어,그래. 됐어
dom2Orochi_S01.mes,Script/dom2Orochi_S01.mes,25,11,주인공,(フゥ……助かった),(휴…… 살았다),(휴…… 살았다)
dom2Orochi_S02.mes,Script/dom2Orochi_S02.mes,0,19,주인공,(よーし、今日は羽根を伸ばすぞ!<6E5C>),"(좋아, 오늘 실컷 놀아볼까!<6E5C>)","(좋아, 오늘 실컷 놀아볼까!<6E5C>)"
dom2Orochi_S02.mes,Script/dom2Orochi_S02.mes,1,10,UNKNOWN_1e,あなた……いいわね,당신…… 괜찮네,당신…… 괜찮네
dom2Orochi_S02.mes,Script/dom2Orochi_S02.mes,2,3,주인공,え?,어?,어?
dom2Orochi_S02.mes,Script/dom2Orochi_S02.mes,3,9,UNKNOWN_47,フフッ、可愛い顔,귀여운 얼굴이네,귀여운 얼굴이네
dom2Orochi_S02.mes,Script/dom2Orochi_S02.mes,4,4,주인공,えぇ?,네?,네?
dom2Orochi_S02.mes,Script/dom2Orochi_S02.mes,5,14,주인공,(な、なんだいきなり……),"(뭐, 뭐야 갑자기……)","(뭐, 뭐야 갑자기……)"
dom2Orochi_S02.mes,Script/dom2Orochi_S02.mes,6,23,UNKNOWN_47,あなた、イイ線いってるわ.<6E5C>私と遊びましょう,"당신, 제법인데.<6E5C>나랑 놀자","당신, 제법인데.<6E5C>나랑 놀자"
dom2Orochi_S02.mes,Script/dom2Orochi_S02.mes,7,15,주인공,(ぎゃ、逆ナンってやつか!),(허 여자 먼저 헌팅?!),(허 여자 먼저 헌팅?!)
dom2Orochi_S02.mes,Script/dom2Orochi_S02.mes,8,12,주인공,えっと……いいですけど,"그게…… 좋아요, 뭐","그게…… 좋아요, 뭐"
dom2Orochi_S02.mes,Script/dom2Orochi_S02.mes,9,30,UNKNOWN_47,アハハ、それじゃあ行きましょう.<6E5C>面白い遊びを教えてあげる,"아하하, 그럼 가자.<6E5C>재밌는 놀이를 알려줄게","아하하, 그럼 가자.<6E5C>재밌는 놀이를 알려줄게"
dom2Orochi_S02.mes,Script/dom2Orochi_S02.mes,10,7,주인공,は、はぁ……,"네, 네……","네, 네……"
dom2Orochi_S02.mes,Script/dom2Orochi_S02.mes,11,10,주인공,(あ、あれは……),"(아, 저건……)","(아, 저건……)"
dom2Orochi_S02.mes,Script/dom2Orochi_S02.mes,12,12,주인공,(こないだの人だ……),(지난번 사람이다…),(지난번 사람이다…)
dom2Orochi_S02.mes,Script/dom2Orochi_S02.mes,13,8,UNKNOWN_47,また会ったわね,또 만났네,또 만났네
dom2Orochi_S02.mes,Script/dom2Orochi_S02.mes,14,6,주인공,ど、どうも,안녕하세요,안녕하세요
dom2Orochi_S02.mes,Script/dom2Orochi_S02.mes,15,21,UNKNOWN_47,フフ、私と遊びたいのかしら、<6E5C>ムッシュ?,"후후, 나랑 놀고 싶은 건가,<6E5C>무슈?","후후, 나랑 놀고 싶은 건가,<6E5C>무슈?"
dom2Orochi_S02.mes,Script/dom2Orochi_S02.mes,16,13,주인공,いえ、言ってないですけど,"아뇨, 안 그랬어요","아뇨, 안 그랬어요"
dom2Orochi_S02.mes,Script/dom2Orochi_S02.mes,17,42,UNKNOWN_47,いいのよ、遠慮しなくて.<6E5C>今こうしてあなたと会ったのは、<6E5C>きっと偶然だけではないわ,"괜찮아, 사양 말고.<6E5C>지금 이렇게 당신 만난 건,<6E5C>분명 우연만은 아닐 거야","괜찮아, 사양 말고.<6E5C>지금 이렇게 당신 만난 건,<6E5C>분명 우연만은 아닐 거야"
dom2Orochi_S02.mes,Script/dom2Orochi_S02.mes,18,23,UNKNOWN_47,なにか特別な力が<6E5C>結び付けているのよ、きっと,뭔가 특별한 힘이<6E5C>이어주고 있는 게 분명,뭔가 특별한 힘이<6E5C>이어주고 있는 게 분명
dom2Orochi_S02.mes,Script/dom2Orochi_S02.mes,19,28,주인공,(……この手の人には逆らわない<6E5C>ほうがいいな、きっと),(…이런 사람한텐 거스르지 않는<6E5C>게 좋겠지 아마),(…이런 사람한텐 거스르지 않는<6E5C>게 좋겠지 아마)
dom2Orochi_S02.mes,Script/dom2Orochi_S02.mes,20,16,주인공,そ、それじゃあ、遊んでください,"그, 그럼, 놀아주세요","그, 그럼, 놀아주세요"
dom2Orochi_S02.mes,Script/dom2Orochi_S02.mes,21,13,UNKNOWN_47,いいわよ……いらっしゃい,좋아…… 이리 와,좋아…… 이리 와
dom2Orochi_S02.mes,Script/dom2Orochi_S02.mes,22,24,주인공,(適当に合わせて、<6E5C>なんとか切り抜けよう……),(적당히 맞춰주면서<6E5C>어떻게든 넘겨보자……),(적당히 맞춰주면서<6E5C>어떻게든 넘겨보자……)
dom2Orochi_S03.mes,Script/dom2Orochi_S03.mes,0,8,[효과음/내레이션],タッタッタ……,타닥타닥……,타닥타닥……
dom2Orochi_S03.mes,Script/dom2Orochi_S03.mes,1,29,주인공,(ほたる……!どこに行ったんだ<6E5C>……無事でいてくれよ!),(호타루! 대체 어디 간 거야<6E5C>무사해야 할 텐데!),(호타루! 대체 어디 간 거야<6E5C>무사해야 할 텐데!)
dom2Orochi_S03.mes,Script/dom2Orochi_S03.mes,2,8,[효과음/내레이션],タッタッタ……,타닥타닥……,타닥타닥……
dom2Orochi_S03.mes,Script/dom2Orochi_S03.mes,3,31,주인공,(ここにもいない…….<6E5C>どこに行っちゃったんだ、ほたる!<6E5C>),"(여기도 없어…….<6E5C>대체 어디 간 거야, 호타루!<6E5C>)","(여기도 없어…….<6E5C>대체 어디 간 거야, 호타루!<6E5C>)"
dom2Orochi_S04.mes,Script/dom2Orochi_S04.mes,0,32,주인공,(やっぱり、ほたるはいないか……<6E5C>いや、ほたるだけじゃないな),"(역시, 호타루는 없나……<6E5C>아니, 호타루뿐만이 아니야)","(역시, 호타루는 없나……<6E5C>아니, 호타루뿐만이 아니야)"
dom2Orochi_S04.mes,Script/dom2Orochi_S04.mes,1,28,주인공,(マリーさんも、キサラも、<6E5C>フィオも、巳沢さんも……),"(마리 씨도, 키사라도,<6E5C>피오도 미사와 씨도……)","(마리 씨도, 키사라도,<6E5C>피오도 미사와 씨도……)"
dom2Orochi_S04.mes,Script/dom2Orochi_S04.mes,2,13,UNKNOWN_1e,あら、誰かお探しかしら?,어머 누굴 찾고 있나?,어머 누굴 찾고 있나?
dom2Orochi_S04.mes,Script/dom2Orochi_S04.mes,3,12,주인공,あ……秘書ズのおふたり,아…… 비서 두 분,아…… 비서 두 분
dom2Orochi_S04.mes,Script/dom2Orochi_S04.mes,4,42,Mature,難しい顔をしてるわねぇ.<6E5C>悩んで、傷ついて、走り回って<6E5C>疲れて、それでも報われない,어려운 얼굴이네.<6E5C>고민하고 상처받고 뛰어다니다<6E5C>지쳐도 보답받지 못하고,어려운 얼굴이네.<6E5C>고민하고 상처받고 뛰어다니다<6E5C>지쳐도 보답받지 못하고
dom2Orochi_S04.mes,Script/dom2Orochi_S04.mes,5,15,Mature,……ああ、かわいそうな自分!,…아아 가엾은 자기 자신!,…아아 가엾은 자기 자신!
dom2Orochi_S04.mes,Script/dom2Orochi_S04.mes,6,13,주인공,なにを言ってるんですか?,무슨 말씀이세요?,무슨 말씀이세요?
dom2Orochi_S04.mes,Script/dom2Orochi_S04.mes,7,32,UNKNOWN_42,お前は余計なことに首を突っ込んで<6E5C>、無駄なことをしているんだよ,"넌 쓸데없는 일에 끼어들어서<6E5C>, 헛짓거리 하고 있는 거야","넌 쓸데없는 일에 끼어들어서<6E5C>, 헛짓거리 하고 있는 거야"
dom2Orochi_S04.mes,Script/dom2Orochi_S04.mes,8,23,주인공,……おふたりは、<6E5C>なにか知っているんですか?,"……두 분은,<6E5C>뭔가 알고 계신 건가요?","……두 분은,<6E5C>뭔가 알고 계신 건가요?"
dom2Orochi_S04.mes,Script/dom2Orochi_S04.mes,9,23,Mature,フフ、お姉さんたちはなんでも<6E5C>知っているのよ,"후후, 언니들은 뭐든지<6E5C>알고 있지","후후, 언니들은 뭐든지<6E5C>알고 있지"
dom2Orochi_S04.mes,Script/dom2Orochi_S04.mes,10,33,주인공,なら、教えてください.<6E5C>今回のこと、どうすれば<6E5C>終わるんですか?,"그럼, 알려주세요.<6E5C>이번 일, 어떻게 하면<6E5C>끝나는 건가요?","그럼, 알려주세요.<6E5C>이번 일, 어떻게 하면<6E5C>끝나는 건가요?"
dom2Orochi_S04.mes,Script/dom2Orochi_S04.mes,11,29,Mature,ウフフ……まだ始まったばかり<6E5C>じゃない.せっかちな子ねぇ,우후후… 시작한 지<6E5C>얼마 안 됐잖아. 성급한 아이네,우후후… 시작한 지<6E5C>얼마 안 됐잖아. 성급한 아이네
dom2Orochi_S04.mes,Script/dom2Orochi_S04.mes,12,28,UNKNOWN_42,当てもなくさまよって、<6E5C>ヒーローにでもなったつもりか?,정처 없이 헤매고 다니면서<6E5C>영웅이라도 된 셈이냐?,정처 없이 헤매고 다니면서<6E5C>영웅이라도 된 셈이냐?
dom2Orochi_S04.mes,Script/dom2Orochi_S04.mes,13,47,UNKNOWN_42,お前にはなにも止められないし、<6E5C>なにも護れやしない.自己満足が<6E5C>終わったらさっさと帰るんだな,넌 아무것도 막을 수 없고<6E5C>아무것도 지킬 수 없어.자기만족이<6E5C>끝났으면 얼른 돌아가라,넌 아무것도 막을 수 없고<6E5C>아무것도 지킬 수 없어.자기만족이<6E5C>끝났으면 얼른 돌아가라
dom2Orochi_S04.mes,Script/dom2Orochi_S04.mes,14,69,주인공,……僕は、たしかに誰も<6E5C>護れなかった.<6E5C>弱くて、臆病で、ダメな奴です<485C>でも、みんなを助けることが<6E5C>できるんだったら、<6E5C>なんだってやります,"…전, 확실히 아무도<6E5C>지키지 못했어요.<6E5C>약하고, 겁 많고, 못난 놈이에요<485C>그래도 모두를 도울 수<6E5C>있다면,<6E5C>뭐든지 할 거예요","…전, 확실히 아무도<6E5C>지키지 못했어요.<6E5C>약하고, 겁 많고, 못난 놈이에요<485C>그래도 모두를 도울 수<6E5C>있다면,<6E5C>뭐든지 할 거예요"
dom2Orochi_S04.mes,Script/dom2Orochi_S04.mes,15,17,Mature,きれいごとはよしなさい.じゃあね,위선은 그만둬. 그럼 이만,위선은 그만둬. 그럼 이만
dom2Orochi_S04.mes,Script/dom2Orochi_S04.mes,16,12,주인공,あ……待ってください!,아…… 기다려주세요!,아…… 기다려주세요!
dom2Orochi_S04.mes,Script/dom2Orochi_S04.mes,17,7,주인공,マチュアさん,마츄어 씨,마츄어 씨
dom2Orochi_S04.mes,Script/dom2Orochi_S04.mes,18,31,Mature,あら、また来たの?<6E5C>悪いけど、あなたと話すことは<6E5C>もうないわ,"어머, 또 왔어?<6E5C>미안하지만, 너랑 할 얘긴<6E5C>이제 없어","어머, 또 왔어?<6E5C>미안하지만, 너랑 할 얘긴<6E5C>이제 없어"
dom2Orochi_S04.mes,Script/dom2Orochi_S04.mes,19,24,Mature,私たちは……あなたの側の人間では<6E5C>ないのだから,우린…… 네 편의 인간이<6E5C>아니니까,우린…… 네 편의 인간이<6E5C>아니니까
dom2Orochi_S04.mes,Script/dom2Orochi_S04.mes,20,9,주인공,……オロチの末裔,……오로치 후예,……오로치 후예
dom2Orochi_S04.mes,Script/dom2Orochi_S04.mes,21,29,UNKNOWN_42,フ……やはり余計なことに<6E5C>首を突っ込み過ぎているようだな,훗……역시 쓸데없는 일에<6E5C>너무 깊이 끼어든 모양이군,훗……역시 쓸데없는 일에<6E5C>너무 깊이 끼어든 모양이군
dom2Orochi_S04.mes,Script/dom2Orochi_S04.mes,22,50,UNKNOWN_42,よしみだ、今のは閉かなかったこと<6E5C>にしてやる.力なき者は去れ<485C>それが私たちのお前への<6E5C>最大の譲歩だ,"정을 봐서, 방금 건 못 들은 걸로<6E5C>해주마. 약자는 물러가라<485C>이게 우리의<6E5C>최대한의 양보다","정을 봐서, 방금 건 못 들은 걸로<6E5C>해주마. 약자는 물러가라<485C>이게 우리의<6E5C>최대한의 양보다"
dom2Orochi_S04.mes,Script/dom2Orochi_S04.mes,23,44,Mature,あなたは自分のことだけ考えて、<6E5C>なにも知らない顔で今まで通りの<6E5C>生活を続ければいいのよ,넌 네 일만 생각하면서<6E5C>아무것도 모르는 얼굴로 지금까지처럼<6E5C>살아가면 되는 거야,넌 네 일만 생각하면서<6E5C>아무것도 모르는 얼굴로 지금까지처럼<6E5C>살아가면 되는 거야
dom2Orochi_S04.mes,Script/dom2Orochi_S04.mes,24,7,주인공,ぼ、僕は……,"저, 저는…","저, 저는…"
dom2Orochi_S04.mes,Script/dom2Orochi_S04.mes,25,12,Mature,さようなら、<이름:3131>君……,"안녕, <이름:3131>군……","안녕, <이름:3131>군……"
dom2Orochi_S04.mes,Script/dom2Orochi_S04.mes,26,34,UNKNOWN_0x42,<이름:3131>……お前、何度言ったら<6E5C>わかるんだ?<6E5C>手を引けと言ってるだろう,"<이름:3131>…… 너, 몇 번을 말해야<6E5C>알아듣겠어?<6E5C>손 떼라고 했잖아","<이름:3131>…… 너, 몇 번을 말해야<6E5C>알아듣겠어?<6E5C>손 떼라고 했잖아"
dom2Orochi_S04.mes,Script/dom2Orochi_S04.mes,27,26,주인공,引けません……!<6E5C>みんな、僕の大切な人たちなんです,"못 떼요……!<6E5C>다들, 제게 소중한 사람들이에요","못 떼요……!<6E5C>다들, 제게 소중한 사람들이에요"
dom2Orochi_S04.mes,Script/dom2Orochi_S04.mes,28,29,Mature,一番大切なのは誰なの?<6E5C>その子だけ助けてあげましょうか?,제일 소중한 게 누군데?<6E5C>그 아이만 도와줄까?,제일 소중한 게 누군데?<6E5C>그 아이만 도와줄까?
dom2Orochi_S04.mes,Script/dom2Orochi_S04.mes,29,15,주인공,一番なんて……決められません,제일이라니…정할 수 없어요,제일이라니…정할 수 없어요
dom2Orochi_S04.mes,Script/dom2Orochi_S04.mes,30,48,Mature,そう?それじゃあ、恋人とあなた<6E5C>の妹.どちらか一方だけ助けてあげ<6E5C>ると言ったら、どちらを選ぶ?,"그래? 그럼, 애인이랑 네<6E5C>여동생. 둘 중 한쪽만 도와준다고<6E5C>하면 어느 쪽을 고를래?","그래? 그럼, 애인이랑 네<6E5C>여동생. 둘 중 한쪽만 도와준다고<6E5C>하면 어느 쪽을 고를래?"
dom2Orochi_S04.mes,Script/dom2Orochi_S04.mes,31,5,[선택지],恋人妹両方,애인\동생\둘,애인\동생\둘
dom2Orochi_S04.mes,Script/dom2Orochi_S04.mes,32,7,주인공,恋人……かな,연인…이려나,연인…이려나
dom2Orochi_S04.mes,Script/dom2Orochi_S04.mes,33,17,Mature,アハハ!やっぱり優劣がつくのね!,아하하! 역시 우열이 갈리네!,아하하! 역시 우열이 갈리네!
dom2Orochi_S04.mes,Script/dom2Orochi_S04.mes,34,36,Mature,しかも、家族より自分の恋心を<6E5C>優先するなんて……<6E5C>ずいぶん傲慢だこと!,"게다가, 가족보다 자기 애정을<6E5C>우선하다니……<6E5C>어지간히 오만하네!","게다가, 가족보다 자기 애정을<6E5C>우선하다니……<6E5C>어지간히 오만하네!"
dom2Orochi_S04.mes,Script/dom2Orochi_S04.mes,35,36,Mature,そんなものよ.<6E5C>誰もが一番なんてありえない.<6E5C>やっと本音が出たじゃない,그런 거야.<6E5C>누구나 다 소중할 순 없지.<6E5C>드디어 본심이 나왔잖아,그런 거야.<6E5C>누구나 다 소중할 순 없지.<6E5C>드디어 본심이 나왔잖아
dom2Orochi_S04.mes,Script/dom2Orochi_S04.mes,36,13,주인공,妹……かな.家族だし……,"여동생, 가족이니까","여동생, 가족이니까"
dom2Orochi_S04.mes,Script/dom2Orochi_S04.mes,37,19,UNKNOWN_42,ハハハ、<6E5C>ようやく本音が出たようだな,하하<6E5C>드디어 본심이 나온 모양이군,하하<6E5C>드디어 본심이 나온 모양이군
dom2Orochi_S04.mes,Script/dom2Orochi_S04.mes,38,32,UNKNOWN_42,しかも、優先するのは自分の身内か<6E5C>.わかりやすいことこの上ない,우선하는 게 제 핏줄인가<6E5C>. 이보다 뻔할 수 없군,우선하는 게 제 핏줄인가<6E5C>. 이보다 뻔할 수 없군
dom2Orochi_S04.mes,Script/dom2Orochi_S04.mes,39,29,UNKNOWN_42,いくら善人を気取ろうが、<6E5C>人は等しく並び立ちはしないんだ,아무리 선인 척해봤자<6E5C>사람은 다 똑같이 설 수 없다,아무리 선인 척해봤자<6E5C>사람은 다 똑같이 설 수 없다
dom2Orochi_S04.mes,Script/dom2Orochi_S04.mes,40,8,주인공,僕の、本音……,제 본심……,제 본심……
dom2Orochi_S04.mes,Script/dom2Orochi_S04.mes,41,14,Mature,そうよ、それがあなたの本音,"그래, 그게 네 본심이야","그래, 그게 네 본심이야"
dom2Orochi_S04.mes,Script/dom2Orochi_S04.mes,42,17,Mature,誰かのために誰かを捨てられるのよ,누군가 위해 누군가 버리는거야,누군가 위해 누군가 버리는거야
dom2Orochi_S04.mes,Script/dom2Orochi_S04.mes,43,15,UNKNOWN_42,だが、それが人間というものだ,하지만 그게 인간이야,하지만 그게 인간이야
dom2Orochi_S04.mes,Script/dom2Orochi_S04.mes,44,26,UNKNOWN_42,理想を語るだけの愚か者よりは、<6E5C>よほど美しく見える,이상만 떠드는 자보다는<6E5C>훨씬 아름다워 보이는군,이상만 떠드는 자보다는<6E5C>훨씬 아름다워 보이는군
dom2Orochi_S04.mes,Script/dom2Orochi_S04.mes,45,10,주인공,……僕は、僕は……,"……저는, 저는…","……저는, 저는…"
dom2Orochi_S04.mes,Script/dom2Orochi_S04.mes,46,12,Mature,フフ、じゃあね、<이름:3131>君,"후후, 이만, <이름:3131>군","후후, 이만, <이름:3131>군"
dom2Orochi_S04.mes,Script/dom2Orochi_S04.mes,47,11,Mature,なかなか楽しかったわ,제법 즐거웠어,제법 즐거웠어
dom2Orochi_S04.mes,Script/dom2Orochi_S04.mes,48,13,주인공,(僕は、無力なのか……),"(난, 무력한 걸까…)","(난, 무력한 걸까…)"
dom2Orochi_S04.mes,Script/dom2Orochi_S04.mes,49,26,주인공,……そんなの、選べませんよ.<6E5C>両方とも助けたいです,"……그런 거, 못 골라요.<6E5C>둘 다 돕고 싶어요","……그런 거, 못 골라요.<6E5C>둘 다 돕고 싶어요"
dom2Orochi_S04.mes,Script/dom2Orochi_S04.mes,50,14,Mature,……どこまでもきれいごとを,…끝까지 위선을 떠는구나,…끝까지 위선을 떠는구나
dom2Orochi_S04.mes,Script/dom2Orochi_S04.mes,51,26,UNKNOWN_42,お前と私たちは、とことん<6E5C>相容れない存在のようだな,너와 우리는 끝내<6E5C>서로 못 받아들이는 모양이군,너와 우리는 끝내<6E5C>서로 못 받아들이는 모양이군
dom2Orochi_S04.mes,Script/dom2Orochi_S04.mes,52,28,주인공,だって、誰も見捨てられるわけ<6E5C>ないじゃないですか……!,"그야, 아무도 버릴 수<6E5C>있을 리가 없잖아요……!","그야, 아무도 버릴 수<6E5C>있을 리가 없잖아요……!"
dom2Orochi_S04.mes,Script/dom2Orochi_S04.mes,53,46,Mature,黙りなさい!誰ひとり護れない<6E5C>弱者が、誰も捨てないなどと口に<6E5C>するものじゃないわ.不愉快よ,"닥쳐! 아무도 못 지키는<6E5C>약자가, 아무도 안 버린다는 말 따위<6E5C>하지 마. 불쾌해","닥쳐! 아무도 못 지키는<6E5C>약자가, 아무도 안 버린다는 말 따위<6E5C>하지 마. 불쾌해"
dom2Orochi_S04.mes,Script/dom2Orochi_S04.mes,54,27,UNKNOWN_42,お前は結局、語る理想に見合う<6E5C>力など持たない愚か者だ,떠드는 이상에 걸맞은<6E5C>힘도 없는 놈이다,떠드는 이상에 걸맞은<6E5C>힘도 없는 놈이다
dom2Orochi_S04.mes,Script/dom2Orochi_S04.mes,55,25,UNKNOWN_42,私たちは愚か者と話す舌は持たん.<6E5C>さっさと消えろ,어리석은 자와 나눌 말 없다.<6E5C>얼른 사라져라,어리석은 자와 나눌 말 없다.<6E5C>얼른 사라져라
dom2Orochi_S04.mes,Script/dom2Orochi_S04.mes,56,6,주인공,そんな……,그럴수가…,그럴수가…
dom2Orochi_S05.mes,Script/dom2Orochi_S05.mes,0,12,[효과음/내레이션],♪カランコロンカラ~ン,♪딸랑딸랑~,♪딸랑딸랑~
dom2Orochi_S05.mes,Script/dom2Orochi_S05.mes,1,22,King,どうした、<6E5C>この世の終わりみたいな顔をして,"왜그래,<6E5C>이 세상 끝난 것 같은 얼굴로","왜그래,<6E5C>이 세상 끝난 것 같은 얼굴로"
dom2Orochi_S05.mes,Script/dom2Orochi_S05.mes,2,17,주인공,ほんとに終わるかもしれないですよ,진짜로 끝날지도 몰라요,진짜로 끝날지도 몰라요
dom2Orochi_S05.mes,Script/dom2Orochi_S05.mes,3,7,King,なんだって?,뭐라고?,뭐라고?
dom2Orochi_S05.mes,Script/dom2Orochi_S05.mes,4,14,주인공,あ、いえ、なんでもないです,"아뇨, 아무것도 아니에요","아뇨, 아무것도 아니에요"
dom2Orochi_S05.mes,Script/dom2Orochi_S05.mes,5,37,주인공,それよりキングさん、<6E5C>草薙先輩か八神先輩がどこにいるか<6E5C>、知りませんか?,"그것보다 킹씨,<6E5C>쿠사나기 선배나 야가미 선배<6E5C>어디 있는지 아세요?","그것보다 킹씨,<6E5C>쿠사나기 선배나 야가미 선배<6E5C>어디 있는지 아세요?"
dom2Orochi_S05.mes,Script/dom2Orochi_S05.mes,6,19,King,草薙に八神?<6E5C>あぁ、あの問題児たちか,쿠사나기에 야가미?<6E5C>그문제아들이지,쿠사나기에 야가미?<6E5C>그문제아들이지
dom2Orochi_S05.mes,Script/dom2Orochi_S05.mes,7,36,주인공,(あのふたりを問題児扱い<6E5C>できるのは、キングさんくらい<6E5C>だろうな……),"(저 둘을 문제아 취급<6E5C>할 수 있는 건, 킹씨 정도<6E5C>뿐이겠지…)","(저 둘을 문제아 취급<6E5C>할 수 있는 건, 킹씨 정도<6E5C>뿐이겠지…)"
dom2Orochi_S05.mes,Script/dom2Orochi_S05.mes,8,57,King,草薙のことはよく知らないが、<485C>たしか繁華街の西側に、<6E5C>八神がよく行くレコードショップが<6E5C>あると閉いたことがあるな,"쿠사나기는 잘 모르지만,<485C>확실히 번화가 서쪽에<6E5C>야가미가 자주 가는 레코드 가게가<6E5C>있다고 들었지","쿠사나기는 잘 모르지만,<485C>확실히 번화가 서쪽에<6E5C>야가미가 자주 가는 레코드 가게가<6E5C>있다고 들었지"
dom2Orochi_S05.mes,Script/dom2Orochi_S05.mes,9,28,주인공,繁華街ですか……わかりました!<6E5C>ありがとうごさいます!,번화가 말인가요……알겠습니다!<6E5C>감사합니다!,번화가 말인가요……알겠습니다!<6E5C>감사합니다!
dom2Orochi_S06.mes,Script/dom2Orochi_S06.mes,0,15,UNKNOWN_0x1e,あれ、<이름:3131>さんじゃないっすか,"어라, <이름:3131> 씨 아니에요?","어라, <이름:3131> 씨 아니에요?"
dom2Orochi_S06.mes,Script/dom2Orochi_S06.mes,1,20,주인공,え、どなたですか?<6E5C>なんで僕の名前を?,"네, 누구세요?<6E5C>왜 제 이름을……?","네, 누구세요?<6E5C>왜 제 이름을……?"
dom2Orochi_S06.mes,Script/dom2Orochi_S06.mes,2,56,UNKNOWN_60,オレ、真吾っていいます!<6E5C>草薙さんのことならなんでも<6E5C>知ってますから、<485C><이름:3131>さんのことも<6E5C>閉いたことあるっす!,"저, 신고예요!<6E5C>쿠사나기 씨라면 뭐든지<6E5C>알고 있으니까,<485C><이름:3131> 씨 얘기도<6E5C>들어본 적 있어요!","저, 신고예요!<6E5C>쿠사나기 씨라면 뭐든지<6E5C>알고 있으니까,<485C><이름:3131> 씨 얘기도<6E5C>들어본 적 있어요!"
dom2Orochi_S06.mes,Script/dom2Orochi_S06.mes,3,42,주인공,そ、そうなんだ……あ!<6E5C>それじゃあ、草薙先輩が今どこに<6E5C>いるかも知ってるんですか?,"그, 그렇구나…… 아!<6E5C>그럼 쿠사나기 선배가 지금 어디<6E5C>있는지도 아세요?","그, 그렇구나…… 아!<6E5C>그럼 쿠사나기 선배가 지금 어디<6E5C>있는지도 아세요?"
dom2Orochi_S06.mes,Script/dom2Orochi_S06.mes,4,49,UNKNOWN_60,草薙さんは今、被女のユキさんと<6E5C>旅行に行ってるっす!たしか、もう<6E5C>すぐ帰ってくるはずですけど……,쿠사나기 씨는 지금 여자친구 유키 씨랑<6E5C>여행 가 있어요! 아마 곧<6E5C>돌아올 텐데요……,쿠사나기 씨는 지금 여자친구 유키 씨랑<6E5C>여행 가 있어요! 아마 곧<6E5C>돌아올 텐데요……
dom2Orochi_S06.mes,Script/dom2Orochi_S06.mes,5,19,주인공,そっか、<6E5C>今はこの街にいないのか……,"그렇구나,<6E5C>지금은 여기 없구나……","그렇구나,<6E5C>지금은 여기 없구나……"
dom2Orochi_S06.mes,Script/dom2Orochi_S06.mes,6,30,UNKNOWN_60,お役に立てなくて、申し訳ないっす<6E5C>.会ったら伝えときますね,도움이 못 돼서 죄송해요<6E5C>. 만나면 전해둘게요,도움이 못 돼서 죄송해요<6E5C>. 만나면 전해둘게요
dom2Orochi_S06.mes,Script/dom2Orochi_S06.mes,7,24,주인공,よろしくお願いします.<6E5C>ありがとうございました,잘 부탁드립니다.<6E5C>감사했습니다,잘 부탁드립니다.<6E5C>감사했습니다
dom2Orochi_X01.mes,Script/dom2Orochi_X01.mes,0,3,[효과음/내레이션],……,……,……
dom2Orochi_X01.mes,Script/dom2Orochi_X01.mes,1,10,[효과음/내레이션],…………えーーん、,"…………엉엉,","…………엉엉,"
dom2Orochi_X01.mes,Script/dom2Orochi_X01.mes,2,7,주인공,(……ん?),(……음?),(……음?)
dom2Orochi_X01.mes,Script/dom2Orochi_X01.mes,3,11,[효과음/내레이션],……えーん、えーん、,"……엉엉, 엉엉,","……엉엉, 엉엉,"
dom2Orochi_X01.mes,Script/dom2Orochi_X01.mes,4,14,주인공,(……誰かが泣いてる……),(……누가 울고 있어…),(……누가 울고 있어…)
dom2Orochi_X01.mes,Script/dom2Orochi_X01.mes,5,11,[효과음/내레이션],……えーん、えーん、,"……엉엉, 엉엉,","……엉엉, 엉엉,"
dom2Orochi_X01.mes,Script/dom2Orochi_X01.mes,6,7,주인공,(君は……),(너는……),(너는……)
dom2Orochi_X01.mes,Script/dom2Orochi_X01.mes,7,6,[효과음/내레이션],……ぐすっ,……훌쩍,……훌쩍
dom2Orochi_X01.mes,Script/dom2Orochi_X01.mes,8,14,주인공,(……誰だ?思い出せない),(……누구지…… 몰라),(……누구지…… 몰라)
dom2Orochi_X01.mes,Script/dom2Orochi_X01.mes,9,16,주인공,(でも、たしかに覚えてる……),"(그래도, 분명 기억나……)","(그래도, 분명 기억나……)"
dom2Orochi_X01.mes,Script/dom2Orochi_X01.mes,10,5,[효과음/내레이션],…………,…………,…………
dom2Orochi_X01.mes,Script/dom2Orochi_X01.mes,11,14,주인공,(君は、僕の大切な人……),"(너는, 소중한 사람…)","(너는, 소중한 사람…)"
dom2Orochi_X01.mes,Script/dom2Orochi_X01.mes,12,11,주인공,(そうか、君は……),"(그래, 너는……)","(그래, 너는……)"
dom2Orochi_X01.mes,Script/dom2Orochi_X01.mes,13,4,주인공,ん……,음……,음……
dom2Orochi_X01.mes,Script/dom2Orochi_X01.mes,14,6,주인공,(朝か……),(아침인가),(아침인가)
dom2Orochi_X01.mes,Script/dom2Orochi_X01.mes,15,26,[효과음/내레이션],(いよいよ今夜、すべてに決着を<6E5C>つけるんだ……!),"(오늘 밤, 모든 걸<6E5C>끝내는 거다……!)","(오늘 밤, 모든 걸<6E5C>끝내는 거다……!)"
dom2Orochi_X01.mes,Script/dom2Orochi_X01.mes,16,19,주인공,(それにしても、ちょっと<6E5C>眠い……),"(그나저나, 조금<6E5C>졸리네……)","(그나저나, 조금<6E5C>졸리네……)"
dom2Orochi_X01.mes,Script/dom2Orochi_X01.mes,17,64,주인공,(ここ数日はオロチに関する伝承を<6E5C>調べまくってたからな……)<485C>(なんとしても遺産がオロチ一族の<6E5C>手に渡るのを止めなくちゃ……),(요 며칠 오로치 전승을<6E5C>계속 조사했으니까……)<485C>(어떻게든 유산이 오로치<6E5C>일족 손에 넘어가는 걸 막아야 해……),(요 며칠 오로치 전승을<6E5C>계속 조사했으니까……)<485C>(어떻게든 유산이 오로치<6E5C>일족 손에 넘어가는 걸 막아야 해……)
dom2Orochi_X01.mes,Script/dom2Orochi_X01.mes,18,5,주인공,神楽先輩,선배,선배
dom2Orochi_X01.mes,Script/dom2Orochi_X01.mes,19,11,Chizuru,待っていたわ、<이름:3131>君,"기다렸어, <이름:3131>군","기다렸어, <이름:3131>군"
dom2Orochi_X01.mes,Script/dom2Orochi_X01.mes,20,10,주인공,……いよいよですね,……드디어네요,……드디어네요
dom2Orochi_X01.mes,Script/dom2Orochi_X01.mes,21,45,Chizuru,ええ.文献によれば、オロチの長の<6E5C>降臨が今夜.なんとしてもそれを<6E5C>止めなくてはならないわ,그래.문헌에 따르면 오로치 수장의<6E5C>강림이 오늘 밤이야. 어떻게든<6E5C>막아야 해,그래.문헌에 따르면 오로치 수장의<6E5C>강림이 오늘 밤이야. 어떻게든<6E5C>막아야 해
dom2Orochi_X01.mes,Script/dom2Orochi_X01.mes,22,3,주인공,はい,네,네
dom2Orochi_X01.mes,Script/dom2Orochi_X01.mes,23,42,Chizuru,ところで<이름:3131>君.ここ数日<6E5C>調べてもらった、オロチの目覚めを<6E5C>書いた文献を覚えてる?,"그런데 <이름:3131>군.요며칠<6E5C>조사해달라고 한, 오로치의 각성을<6E5C>적은 문헌 기억나?","그런데 <이름:3131>군.요며칠<6E5C>조사해달라고 한, 오로치의 각성을<6E5C>적은 문헌 기억나?"
dom2Orochi_X01.mes,Script/dom2Orochi_X01.mes,24,26,주인공,凶月照らす夜、その男、大いなる力<6E5C>まといて降臨せし,"흉월 뜬 밤, 사내는<6E5C>큰 힘 두르고 강림하리니","흉월 뜬 밤, 사내는<6E5C>큰 힘 두르고 강림하리니"
dom2Orochi_X01.mes,Script/dom2Orochi_X01.mes,25,60,주인공,汝、その衣まとうことを<6E5C>欲するなら、三種の神器……<485C>すなわち草薙の剣、八尺瓊の勾玉、<6E5C>八咫の鏡を手に、祈りを捧げるべし,"그대, 그 옷을 원한다면,<6E5C>삼종신기…<485C>쿠사나기의 검, 야사카니의 곡옥,<6E5C>야타의 거울을 들고 기도를 올릴지니","그대, 그 옷을 원한다면,<6E5C>삼종신기…<485C>쿠사나기의 검, 야사카니의 곡옥,<6E5C>야타의 거울을 들고 기도를 올릴지니"
dom2Orochi_X01.mes,Script/dom2Orochi_X01.mes,26,45,Chizuru,大いなる力、がオロチね.被らの<6E5C>一族が恐れていたのは、三種の神器<6E5C>……すなわち御三家の力,"큰 힘, 이 오로치인 거네.<6E5C>일족이 두려워한 건 삼종신기<6E5C>……즉 삼대 가문의 힘","큰 힘, 이 오로치인 거네.<6E5C>일족이 두려워한 건 삼종신기<6E5C>……즉 삼대 가문의 힘"
dom2Orochi_X01.mes,Script/dom2Orochi_X01.mes,27,10,Chizuru,よく覚えていたわね,잘 기억하고 있네,잘 기억하고 있네
dom2Orochi_X01.mes,Script/dom2Orochi_X01.mes,28,39,주인공,この先、何が役に立つかわかりま<6E5C>せんから.あらためて頭に叩き<6E5C>込んでおきます,앞으로 뭐가 도움이 될지<6E5C>모르니까요. 다시 한번 머리에<6E5C>새겨두겠습니다,앞으로 뭐가 도움이 될지<6E5C>모르니까요. 다시 한번 머리에<6E5C>새겨두겠습니다
dom2Orochi_X01.mes,Script/dom2Orochi_X01.mes,29,8,Chizuru,これはご褒美よ,이건 상이야,이건 상이야
dom2Orochi_X01.mes,Script/dom2Orochi_X01.mes,30,7,주인공,これは……?,이건……?,이건……?
dom2Orochi_X01.mes,Script/dom2Orochi_X01.mes,31,19,Chizuru,八咫のカギよ.<6E5C>あなたに預けておくわ,야타의 열쇠야.<6E5C>너한테 맡겨둘게,야타의 열쇠야.<6E5C>너한테 맡겨둘게
dom2Orochi_X01.mes,Script/dom2Orochi_X01.mes,32,9,주인공,……わかりました,……알겠습니다,……알겠습니다
dom2Orochi_X01.mes,Script/dom2Orochi_X01.mes,33,45,Chizuru,さあ、ここから先は禁忌の場所.<6E5C>決して踏み込んではいけない、<6E5C>禁断の地よ.覚悟はいいわね,"여기부턴 금기의 장소야.<6E5C>절대 들어서면 안 되는,<6E5C>금단의 땅이야. 각오됐지?","여기부턴 금기의 장소야.<6E5C>절대 들어서면 안 되는,<6E5C>금단의 땅이야. 각오됐지?"
dom2Orochi_X01.mes,Script/dom2Orochi_X01.mes,34,3,주인공,はい,네,네
dom2Orochi_X01.mes,Script/dom2Orochi_X01.mes,35,7,Chizuru,……行くわよ,……가자,……가자
dom2Orochi_X01.mes,Script/dom2Orochi_X01.mes,36,23,주인공,(この奥にオロチの遺産が<6E5C>眠ってるのか……),(이 안에 오로치 유산이<6E5C>잠들어 있나…),(이 안에 오로치 유산이<6E5C>잠들어 있나…)
dom2Orochi_X01.mes,Script/dom2Orochi_X01.mes,37,17,Chizuru,ここが、オロチの遺産へ続く洞窟よ,오로치 유산으로 가는 동굴이야,오로치 유산으로 가는 동굴이야
dom2Orochi_X01.mes,Script/dom2Orochi_X01.mes,38,23,주인공,(じ、神社の奥にこんな洞窟がある<6E5C>なんて!),"(시,신사 안쪽에 이런 동굴이<6E5C>있다니!)","(시,신사 안쪽에 이런 동굴이<6E5C>있다니!)"
dom2Orochi_X01.mes,Script/dom2Orochi_X01.mes,39,35,Chizuru,足元に気をつけて.<6E5C>どんな罠が仕掛けられているのか、<6E5C>私も知らないの,발밑을 조심해.<6E5C>어떤 함정이 설치돼 있는지<6E5C>나도 몰라,발밑을 조심해.<6E5C>어떤 함정이 설치돼 있는지<6E5C>나도 몰라
dom2Orochi_X01.mes,Script/dom2Orochi_X01.mes,40,7,주인공,罠……ですか,함정…인가요,함정…인가요
dom2Orochi_X01.mes,Script/dom2Orochi_X01.mes,41,39,Chizuru,ええ.何人たりとも遺産に近づけ<6E5C>させないための罠が、<6E5C>仕掛けられているはずよ,그래.누구도 유산에 다가가지<6E5C>못하게 하려는 함정이<6E5C>설치돼 있을 거야,그래.누구도 유산에 다가가지<6E5C>못하게 하려는 함정이<6E5C>설치돼 있을 거야
dom2Orochi_X01.mes,Script/dom2Orochi_X01.mes,42,6,주인공,……ゴクッ,……꿀꺽,……꿀꺽
dom2Orochi_X01.mes,Script/dom2Orochi_X01.mes,43,41,주인공,(ハ、ハハ……ひざが笑ってるよ.<6E5C>武者震いとは……言わないんだろう<6E5C>な、これは),"(하, 하하…… 무릎이 후들거려.<6E5C>이걸 무사의 떨림이라고는…<6E5C>안 하겠지)","(하, 하하…… 무릎이 후들거려.<6E5C>이걸 무사의 떨림이라고는…<6E5C>안 하겠지)"
dom2Orochi_X01.mes,Script/dom2Orochi_X01.mes,44,3,[효과음/내레이션],ザッ,척,척
dom2Orochi_X01.mes,Script/dom2Orochi_X01.mes,45,7,UNKNOWN_1e,止まりなさい,멈춰라,멈춰라
dom2Orochi_X01.mes,Script/dom2Orochi_X01.mes,46,8,Chizuru,!<020A>誰です!?,!<020A>누구죠!?,!<020A>누구죠!?
dom2Orochi_X01.mes,Script/dom2Orochi_X01.mes,47,17,주인공,あ……マチュアさん!バイスさん!,아… 마츄어 씨! 바이스 씨!,아… 마츄어 씨! 바이스 씨!
dom2Orochi_X01.mes,Script/dom2Orochi_X01.mes,48,15,주인공,(み、道をふさがれた……!),"(기, 길이 막혔다……!)","(기, 길이 막혔다……!)"
dom2Orochi_X01.mes,Script/dom2Orochi_X01.mes,49,29,Mature,<이름:3131>君……あなた、ここが<6E5C>どういう場所かわかっているの?,<이름:3131>군…… 여기가<6E5C>어떤 곳인지 알고 있니?,<이름:3131>군…… 여기가<6E5C>어떤 곳인지 알고 있니?
dom2Orochi_X01.mes,Script/dom2Orochi_X01.mes,50,9,주인공,も、もちろんです,"무, 물론이에요","무, 물론이에요"
dom2Orochi_X01.mes,Script/dom2Orochi_X01.mes,51,21,UNKNOWN_42,わかっていて踏み込んだのか、<6E5C>この場所へ,"알면서 발을 들인 건가,<6E5C>이곳에","알면서 발을 들인 건가,<6E5C>이곳에"
dom2Orochi_X01.mes,Script/dom2Orochi_X01.mes,52,26,주인공,……ぼ、僕には行かなきゃいけない<6E5C>理由があるんです,"……저, 저한텐 가야만 하는<6E5C>이유가 있어요","……저, 저한텐 가야만 하는<6E5C>이유가 있어요"
dom2Orochi_X01.mes,Script/dom2Orochi_X01.mes,53,7,Mature,どうしても?,정말로?,정말로?
dom2Orochi_X01.mes,Script/dom2Orochi_X01.mes,54,8,주인공,どうしてもです,꼭이에요,꼭이에요
dom2Orochi_X01.mes,Script/dom2Orochi_X01.mes,55,9,UNKNOWN_42,死も恐れずにか?,죽음 각오하고?,죽음 각오하고?
dom2Orochi_X01.mes,Script/dom2Orochi_X01.mes,56,29,주인공,……死ぬのは怖いです.<6E5C>でも、それでも僕は行きます……!,"……죽는 건 무서워요.<6E5C>그래도, 전 갈 거예요……!","……죽는 건 무서워요.<6E5C>그래도, 전 갈 거예요……!"
dom2Orochi_X01.mes,Script/dom2Orochi_X01.mes,57,6,Mature,バイス……,바이스……,바이스……
dom2Orochi_X01.mes,Script/dom2Orochi_X01.mes,58,3,UNKNOWN_42,ああ,그래,그래
dom2Orochi_X01.mes,Script/dom2Orochi_X01.mes,59,2,주인공,?,?,?
dom2Orochi_X01.mes,Script/dom2Orochi_X01.mes,60,3,[효과음/내레이션],スッ,슥,슥
dom2Orochi_X01.mes,Script/dom2Orochi_X01.mes,61,17,주인공,(あ、あれ?道を開けてくれた?),"(어,어라? 길을 비켜줬나?)","(어,어라? 길을 비켜줬나?)"
dom2Orochi_X01.mes,Script/dom2Orochi_X01.mes,62,6,Mature,行きなさい,가렴,가렴
dom2Orochi_X01.mes,Script/dom2Orochi_X01.mes,63,3,주인공,え?,어?,어?
dom2Orochi_X01.mes,Script/dom2Orochi_X01.mes,64,13,UNKNOWN_42,通してやると言ってるんだ,보내준다고 하잖나,보내준다고 하잖나
dom2Orochi_X01.mes,Script/dom2Orochi_X01.mes,65,10,주인공,止めないんですか?,안 막으세요?,안 막으세요?
dom2Orochi_X01.mes,Script/dom2Orochi_X01.mes,66,21,Mature,そのつもりだったのよ、ほんの数分<6E5C>前まで,"그럴 생각이었어,불과 몇 분<6E5C>전까지는","그럴 생각이었어,불과 몇 분<6E5C>전까지는"
dom2Orochi_X01.mes,Script/dom2Orochi_X01.mes,67,11,주인공,じゃ、じゃあどうして,"그, 그럼 왜","그, 그럼 왜"
dom2Orochi_X01.mes,Script/dom2Orochi_X01.mes,68,33,Mature,フフ、バカな子ね……あなたに興味<6E5C>があるからに決まってるでしょう,"후후, 바보 같은 애네…… 너한테<6E5C>흥미가 있으니까지","후후, 바보 같은 애네…… 너한테<6E5C>흥미가 있으니까지"
dom2Orochi_X01.mes,Script/dom2Orochi_X01.mes,69,11,주인공,バイスさんもですか?,바이스 씨도요?,바이스 씨도요?
dom2Orochi_X01.mes,Script/dom2Orochi_X01.mes,70,48,UNKNOWN_42,フン、私はお前になど興味はない.<6E5C>ただ、マチュアがそうしたいという<6E5C>なら、それに付き合うだけだ,"흥, 난 너 따위 흥미 없다.<6E5C>다만, 마츄어가 그러고 싶다니<6E5C>어울려줄 뿐이다","흥, 난 너 따위 흥미 없다.<6E5C>다만, 마츄어가 그러고 싶다니<6E5C>어울려줄 뿐이다"
dom2Orochi_X01.mes,Script/dom2Orochi_X01.mes,71,12,Mature,……ありがとう、バイス,"……고마워, 바이스","……고마워, 바이스"
dom2Orochi_X01.mes,Script/dom2Orochi_X01.mes,72,19,주인공,じゃ、じゃあ、<6E5C>通っていいんですね?,"그, 그럼,<6E5C>지나가도 되는 거죠?","그, 그럼,<6E5C>지나가도 되는 거죠?"
dom2Orochi_X01.mes,Script/dom2Orochi_X01.mes,73,40,Mature,ええ.ただしこの先にはもう、<6E5C>やさしく微笑んで道を開けるような<6E5C>者はいないわよ,"그래.다만 이제부턴,<6E5C>상냥하게 웃으며 길을 비켜줄<6E5C>사람은 없어","그래.다만 이제부턴,<6E5C>상냥하게 웃으며 길을 비켜줄<6E5C>사람은 없어"
dom2Orochi_X01.mes,Script/dom2Orochi_X01.mes,74,3,주인공,はい,네,네
dom2Orochi_X01.mes,Script/dom2Orochi_X01.mes,75,10,Chizuru,お礼は言わないわよ,고맙단 말 안 해,고맙단 말 안 해
dom2Orochi_X01.mes,Script/dom2Orochi_X01.mes,76,41,Mature,あなたからそんなものを受け取る<6E5C>いわれはないわ.<6E5C>私は私の意思に従ったまでのこと,너한테 그런 걸 받을<6E5C>이유는 없어.<6E5C>난 그저 내 의지를 따랐을 뿐이야,너한테 그런 걸 받을<6E5C>이유는 없어.<6E5C>난 그저 내 의지를 따랐을 뿐이야
dom2Orochi_X01.mes,Script/dom2Orochi_X01.mes,77,13,Chizuru,そう……では、失礼するわ,"그래… 그럼, 실례할게","그래… 그럼, 실례할게"
dom2Orochi_X01.mes,Script/dom2Orochi_X01.mes,78,12,주인공,それじゃ、僕も行きます,"그럼,저도 가겠습니다","그럼,저도 가겠습니다"
dom2Orochi_X01.mes,Script/dom2Orochi_X01.mes,79,32,Mature,無事に帰ってこれたら、あなたには<6E5C>たっぷりお礼をしてもらうわよ,"무사히 돌아오면, 너한테<6E5C>듬뿍 보답을 받아야겠어","무사히 돌아오면, 너한테<6E5C>듬뿍 보답을 받아야겠어"
dom2Orochi_X01.mes,Script/dom2Orochi_X01.mes,80,6,주인공,は、はい!,"네, 넵!","네, 넵!"
dom2Orochi_X01.mes,Script/dom2Orochi_X01.mes,81,8,[효과음/내레이션],タッタッタ……,타다다닥……,타다다닥……
dom2Orochi_X01.mes,Script/dom2Orochi_X01.mes,82,11,Mature,フゥ……困った子ねぇ,후우… 곤란한 애네,후우… 곤란한 애네
dom2Orochi_X01.mes,Script/dom2Orochi_X01.mes,83,10,Mature,いいわ、行きなさい,"좋아, 가렴","좋아, 가렴"
dom2Orochi_X01.mes,Script/dom2Orochi_X01.mes,84,9,UNKNOWN_42,!<020A>マチュア!?,!<020A>마츄어!?,!<020A>마츄어!?
dom2Orochi_X01.mes,Script/dom2Orochi_X01.mes,85,14,주인공,い、いいんですか、通っても,"저,정말 지나가도 되나요","저,정말 지나가도 되나요"
dom2Orochi_X01.mes,Script/dom2Orochi_X01.mes,86,3,Mature,ええ,그래,그래
dom2Orochi_X01.mes,Script/dom2Orochi_X01.mes,87,23,UNKNOWN_42,マチュア!どういうつもりだ!<6E5C>裏切るのか!?,마츄어!무슨 생각이냐!<6E5C>배신하는 거냐!?,마츄어!무슨 생각이냐!<6E5C>배신하는 거냐!?
dom2Orochi_X01.mes,Script/dom2Orochi_X01.mes,88,11,Mature,ごめんなさい、バイス,"미안해, 바이스","미안해, 바이스"
dom2Orochi_X01.mes,Script/dom2Orochi_X01.mes,89,23,Mature,でもここは、私のわがままを<6E5C>通させてもらうわ,"하지만 여긴, 내 고집을<6E5C>부려보게 해줘","하지만 여긴, 내 고집을<6E5C>부려보게 해줘"
dom2Orochi_X01.mes,Script/dom2Orochi_X01.mes,90,11,UNKNOWN_42,話にならん!どけっ!,말 안 통해!비켜!,말 안 통해!비켜!
dom2Orochi_X01.mes,Script/dom2Orochi_X01.mes,91,5,[효과음/내레이션],ガシッ!,콱!,콱!
dom2Orochi_X01.mes,Script/dom2Orochi_X01.mes,92,21,Mature,できればあなたとは争いたく<6E5C>ないわ……!,가능하면 너와 싸우고<6E5C>싶지 않아……!,가능하면 너와 싸우고<6E5C>싶지 않아……!
dom2Orochi_X01.mes,Script/dom2Orochi_X01.mes,93,13,UNKNOWN_42,く……離せ!マチュア!!,크윽… 놔! 마츄어!!,크윽… 놔! 마츄어!!
dom2Orochi_X01.mes,Script/dom2Orochi_X01.mes,94,49,Mature,<이름:3131>君、早く行きなさい!<485C>ほしいものが、<6E5C>護りたいものがあるのでしょう!<6E5C>ためらいは捨てなさい!,"<이름:3131>군, 어서 가!<485C>원하는 게,<6E5C>지키고 싶은 게 있는 거지!<6E5C>망설임은 버려!","<이름:3131>군, 어서 가!<485C>원하는 게,<6E5C>지키고 싶은 게 있는 거지!<6E5C>망설임은 버려!"
dom2Orochi_X01.mes,Script/dom2Orochi_X01.mes,95,6,주인공,は、はい!,"네, 넵!","네, 넵!"
dom2Orochi_X01.mes,Script/dom2Orochi_X01.mes,96,10,UNKNOWN_42,ま、待て、<이름:3131>!!,"기다려, <이름:3131>!!","기다려, <이름:3131>!!"
dom2Orochi_X01.mes,Script/dom2Orochi_X01.mes,97,8,[효과음/내레이션],タッタッタ……,타다다닥……,타다다닥……
dom2Orochi_X01.mes,Script/dom2Orochi_X01.mes,98,23,주인공,(マチュアさん……<6E5C>ありがとうございます!),(마츄어 씨……<6E5C>감사합니다!),(마츄어 씨……<6E5C>감사합니다!)
dom2Orochi_X01.mes,Script/dom2Orochi_X01.mes,99,17,UNKNOWN_42,フフフ……可愛い坊やだ、まったく,후후후…… 귀여운 녀석이군,후후후…… 귀여운 녀석이군
dom2Orochi_X01.mes,Script/dom2Orochi_X01.mes,100,5,Mature,バイス?,바이스?,바이스?
dom2Orochi_X01.mes,Script/dom2Orochi_X01.mes,101,5,UNKNOWN_42,<이름:3131><이름:3232>,<이름:3131><이름:3232>,<이름:3131><이름:3232>
dom2Orochi_X01.mes,Script/dom2Orochi_X01.mes,102,6,주인공,は、はい!,"네, 넵!","네, 넵!"
dom2Orochi_X01.mes,Script/dom2Orochi_X01.mes,103,3,UNKNOWN_42,通れ,가라,가라
dom2Orochi_X01.mes,Script/dom2Orochi_X01.mes,104,3,주인공,え?,어?,어?
dom2Orochi_X01.mes,Script/dom2Orochi_X01.mes,105,13,Mature,バイス!なにを言うの!?,바이스!무슨 소리야!?,바이스!무슨 소리야!?
dom2Orochi_X01.mes,Script/dom2Orochi_X01.mes,106,37,UNKNOWN_42,悪いな、マチュア.<6E5C>私は、この坊やがどこまで行ける<6E5C>のか見てみたくなった,"미안하군,마츄어.<6E5C>이 녀석이 어디까지 갈 수 있는지<6E5C>보고 싶어졌다","미안하군,마츄어.<6E5C>이 녀석이 어디까지 갈 수 있는지<6E5C>보고 싶어졌다"
dom2Orochi_X01.mes,Script/dom2Orochi_X01.mes,107,24,Mature,な……!<6E5C>そんなことが許されると<6E5C>思ってるの?,뭐……!<6E5C>그런 게 용납될 거라고<6E5C>생각해?,뭐……!<6E5C>그런 게 용납될 거라고<6E5C>생각해?
dom2Orochi_X01.mes,Script/dom2Orochi_X01.mes,108,21,UNKNOWN_42,許す?私は誰にも許しを諸う<6E5C>つもりはない,용납?난 누구 허락도 구할<6E5C>생각 없다,용납?난 누구 허락도 구할<6E5C>생각 없다
dom2Orochi_X01.mes,Script/dom2Orochi_X01.mes,109,25,UNKNOWN_42,私は、私の信念によってのみ<6E5C>行動しているつもりだ,"난, 오직 내 신념에 따라서만<6E5C>행동한다","난, 오직 내 신념에 따라서만<6E5C>행동한다"
dom2Orochi_X01.mes,Script/dom2Orochi_X01.mes,110,19,Mature,話にならないわ!<6E5C>どいてちょうだい!,말이 안 통하네!<6E5C>비켜줘!,말이 안 통하네!<6E5C>비켜줘!
dom2Orochi_X01.mes,Script/dom2Orochi_X01.mes,111,5,[효과음/내레이션],ガシッ!,콱!,콱!
dom2Orochi_X01.mes,Script/dom2Orochi_X01.mes,112,19,UNKNOWN_42,マチュア……悪いが、ここは<6E5C>譲れない,"마츄어… 미안하지만,<6E5C>양보 못 해","마츄어… 미안하지만,<6E5C>양보 못 해"
dom2Orochi_X01.mes,Script/dom2Orochi_X01.mes,113,9,Mature,は、離しなさい!,"노, 놓아줘!","노, 놓아줘!"
dom2Orochi_X01.mes,Script/dom2Orochi_X01.mes,114,28,UNKNOWN_42,行け、<이름:3131>.<6E5C>行って、お前の望むものに<6E5C>手をかけてみろ,"가라, <이름:3131>.<6E5C>가서, 원하는 것에<6E5C>손을 뻗어봐라","가라, <이름:3131>.<6E5C>가서, 원하는 것에<6E5C>손을 뻗어봐라"
dom2Orochi_X01.mes,Script/dom2Orochi_X01.mes,115,6,주인공,は、はい!,"네, 넵!","네, 넵!"
dom2Orochi_X01.mes,Script/dom2Orochi_X01.mes,116,13,Mature,待ちなさい!<이름:3131><이름:3232>!!,기다려!<이름:3131><이름:3232>!!,기다려!<이름:3131><이름:3232>!!
dom2Orochi_X01.mes,Script/dom2Orochi_X01.mes,117,8,[효과음/내레이션],タッタッタ……,타다다닥……,타다다닥……
dom2Orochi_X01.mes,Script/dom2Orochi_X01.mes,118,22,주인공,(バイスさん……<6E5C>ありがとうございます!),(바이스 씨……<6E5C>감사합니다!),(바이스 씨……<6E5C>감사합니다!)
dom2Orochi_X01.mes,Script/dom2Orochi_X01.mes,119,11,Mature,……話にならないわね,……말이 안 통하네,……말이 안 통하네
dom2Orochi_X01.mes,Script/dom2Orochi_X01.mes,120,6,UNKNOWN_42,そのようだ,그렇군,그렇군
dom2Orochi_X01.mes,Script/dom2Orochi_X01.mes,121,29,Mature,仕方ないわ.<6E5C>ここでふたり仲良く消えて<6E5C>もらいましょうか,어쩔 수 없네.<6E5C>여기서 둘이 사이좋게 사라져<6E5C>줘야지,어쩔 수 없네.<6E5C>여기서 둘이 사이좋게 사라져<6E5C>줘야지
dom2Orochi_X01.mes,Script/dom2Orochi_X01.mes,122,4,[효과음/내레이션],ザッ!,척!,척!
dom2Orochi_X01.mes,Script/dom2Orochi_X01.mes,123,20,주인공,(う……このふたりと<6E5C>戦うのか……?),(윽…… 이 둘과<6E5C>싸우는 건가…?),(윽…… 이 둘과<6E5C>싸우는 건가…?)
dom2Orochi_X01.mes,Script/dom2Orochi_X01.mes,124,16,Chizuru,<이름:3131>君、覚悟を決めるしかないわ,"<이름:3131>군, 각오할 수밖에 없어","<이름:3131>군, 각오할 수밖에 없어"
dom2Orochi_X01.mes,Script/dom2Orochi_X01.mes,125,9,주인공,うぅ……くそぉ!,으윽…… 젠장!,으윽…… 젠장!
dom2Orochi_X01.mes,Script/dom2Orochi_X01.mes,126,3,UNKNOWN_1e,待て,잠깐,잠깐
dom2Orochi_X01.mes,Script/dom2Orochi_X01.mes,127,6,주인공,え……!?,어……!?,어……!?
dom2Orochi_X01.mes,Script/dom2Orochi_X01.mes,128,5,Mature,何者!?,누구!?,누구!?
dom2Orochi_X01.mes,Script/dom2Orochi_X01.mes,129,10,주인공,や……八神先輩!!,"야,야가미 선배!","야,야가미 선배!"
dom2Orochi_X01.mes,Script/dom2Orochi_X01.mes,130,6,UNKNOWN_42,八神庵か!,야가미냐!,야가미냐!
dom2Orochi_X01.mes,Script/dom2Orochi_X01.mes,131,22,Iori,<이름:3131>……貴様、まだこんな<6E5C>ところにいたのか,"<이름:3131>… 네놈, 아직도 이런<6E5C>곳에 있었나","<이름:3131>… 네놈, 아직도 이런<6E5C>곳에 있었나"
dom2Orochi_X01.mes,Script/dom2Orochi_X01.mes,132,12,주인공,あ……はい、すみません,"아… 네, 죄송합니다","아… 네, 죄송합니다"
dom2Orochi_X01.mes,Script/dom2Orochi_X01.mes,133,26,Iori,貴様が魂を燃やし尽くす場所は、<6E5C>ここではないはずだ,"네놈이 혼을 태울 곳은,<6E5C>여기가 아닐 텐데","네놈이 혼을 태울 곳은,<6E5C>여기가 아닐 텐데"
dom2Orochi_X01.mes,Script/dom2Orochi_X01.mes,134,19,주인공,いや、でも、マチュアさんたち<6E5C>が……,"아뇨, 근데, 마츄어 씨네가<6E5C>……","아뇨, 근데, 마츄어 씨네가<6E5C>……"
dom2Orochi_X01.mes,Script/dom2Orochi_X01.mes,135,43,Iori,フン……あいつらが貴様に浴びせら<6E5C>れた冷や水か.あんなものは俺が<6E5C>消し飛ばしてくれる,흥…… 저것들이 네놈한테 끼얹은<6E5C>찬물이란 건가. 그런 건 내가<6E5C>날려주지,흥…… 저것들이 네놈한테 끼얹은<6E5C>찬물이란 건가. 그런 건 내가<6E5C>날려주지
dom2Orochi_X01.mes,Script/dom2Orochi_X01.mes,136,21,Iori,貴様は、己の燃え尽きるべき場所へ<6E5C>向かえ,"네놈은, 불타야 할 곳으로<6E5C>향해라","네놈은, 불타야 할 곳으로<6E5C>향해라"
dom2Orochi_X01.mes,Script/dom2Orochi_X01.mes,137,12,Mature,言ってくれるわね、八神,"말은 잘하네, 야가미","말은 잘하네, 야가미"
dom2Orochi_X01.mes,Script/dom2Orochi_X01.mes,138,32,Mature,同じオロチに連なる者のひとりで<6E5C>ありながら、我々を裏切るなんて,같은 오로치의 핏줄을 이은 자면서<6E5C>우리를 배신하다니,같은 오로치의 핏줄을 이은 자면서<6E5C>우리를 배신하다니
dom2Orochi_X01.mes,Script/dom2Orochi_X01.mes,139,27,Iori,俺は貴様らと違って、血に飼い<6E5C>ならされるつもりはない,"난 네놈들과 달리, 피에 길들여질<6E5C>생각은 없다","난 네놈들과 달리, 피에 길들여질<6E5C>생각은 없다"
dom2Orochi_X01.mes,Script/dom2Orochi_X01.mes,140,31,Iori,さぁ無駄話は終わりだ!泣け!<6E5C>叫べ!そして、死ねぇぇぇぇ!!,"잡담 끝이다! 울어라!<6E5C>외쳐라! 그리고, 죽어라아!!","잡담 끝이다! 울어라!<6E5C>외쳐라! 그리고, 죽어라아!!"
dom2Orochi_X01.mes,Script/dom2Orochi_X01.mes,141,4,[효과음/내레이션],ドガッ!,퍼억!,퍼억!
dom2Orochi_X01.mes,Script/dom2Orochi_X01.mes,142,5,[효과음/내레이션],バスッ!,퍽!,퍽!
dom2Orochi_X01.mes,Script/dom2Orochi_X01.mes,143,5,Iori,行け!!,가라!!,가라!!
dom2Orochi_X01.mes,Script/dom2Orochi_X01.mes,144,7,주인공,八神先輩……,선배……,선배……
dom2Orochi_X01.mes,Script/dom2Orochi_X01.mes,145,11,Chizuru,<이름:3131>君、急ぎましょう,"<이름:3131>군, 서두르자","<이름:3131>군, 서두르자"
dom2Orochi_X01.mes,Script/dom2Orochi_X01.mes,146,30,Chizuru,御三家の一人が手を貸して<6E5C>くれたのよ、無駄にしてはいけない,"삼대 가문 한 명이 도와<6E5C>줬어, 헛되게 하면 안 돼","삼대 가문 한 명이 도와<6E5C>줬어, 헛되게 하면 안 돼"
dom2Orochi_X01.mes,Script/dom2Orochi_X01.mes,147,22,주인공,はい……八神先輩、<6E5C>ありがとうございます!,"네…… 야가미 선배,<6E5C>감사합니다!","네…… 야가미 선배,<6E5C>감사합니다!"
dom2Orochi_X01.mes,Script/dom2Orochi_X01.mes,148,8,[효과음/내레이션],タッタッタ……,타다다닥……,타다다닥……
dom2Orochi_X01.mes,Script/dom2Orochi_X01.mes,149,11,Mature,……話にならないわね,……말이 안 통하네,……말이 안 통하네
dom2Orochi_X01.mes,Script/dom2Orochi_X01.mes,150,6,UNKNOWN_42,そのようだ,그렇군,그렇군
dom2Orochi_X01.mes,Script/dom2Orochi_X01.mes,151,29,Mature,仕方ないわ.<6E5C>ここでふたり仲良く消えて<6E5C>もらいましょうか,어쩔 수 없네.<6E5C>여기서 둘이 사이좋게 사라져<6E5C>줘야지,어쩔 수 없네.<6E5C>여기서 둘이 사이좋게 사라져<6E5C>줘야지
dom2Orochi_X01.mes,Script/dom2Orochi_X01.mes,152,4,[효과음/내레이션],ザッ!,척!,척!
dom2Orochi_X01.mes,Script/dom2Orochi_X01.mes,153,20,주인공,(う……このふたりと戦うの<6E5C>か……?),(윽…… 이 둘과 싸우는<6E5C>건가…?),(윽…… 이 둘과 싸우는<6E5C>건가…?)
dom2Orochi_X01.mes,Script/dom2Orochi_X01.mes,154,16,Chizuru,<이름:3131>君、覚悟を決めるしかないわ,"<이름:3131>군, 각오할 수밖에 없어","<이름:3131>군, 각오할 수밖에 없어"
dom2Orochi_X01.mes,Script/dom2Orochi_X01.mes,155,9,주인공,うぅ……くそぉ!,으윽…… 젠장!,으윽…… 젠장!
dom2Orochi_X01.mes,Script/dom2Orochi_X01.mes,156,4,UNKNOWN_1e,待ちな,기다려,기다려
dom2Orochi_X01.mes,Script/dom2Orochi_X01.mes,157,6,주인공,え……!?,어……!?,어……!?
dom2Orochi_X01.mes,Script/dom2Orochi_X01.mes,158,5,Mature,何者!?,누구!?,누구!?
dom2Orochi_X01.mes,Script/dom2Orochi_X01.mes,159,10,주인공,く……草薙先輩!!,크…… 선배!,크…… 선배!
dom2Orochi_X01.mes,Script/dom2Orochi_X01.mes,160,6,UNKNOWN_42,草薙京か!,쿠사나기!,쿠사나기!
dom2Orochi_X01.mes,Script/dom2Orochi_X01.mes,161,23,Kyo,ったく、お前はこんなとこでなに<6E5C>遊んでんだよ,"쯧, 넌 이런 데서 뭐<6E5C>놀고 있는 거야","쯧, 넌 이런 데서 뭐<6E5C>놀고 있는 거야"
dom2Orochi_X01.mes,Script/dom2Orochi_X01.mes,162,14,주인공,いや、遊んでるわけじゃ……,"아뇨, 노는 거 아니라…","아뇨, 노는 거 아니라…"
dom2Orochi_X01.mes,Script/dom2Orochi_X01.mes,163,31,Kyo,お前がたどり着かなきゃならない<6E5C>場所ってのは、もっと先だろ?,"네가 도착해야 할 곳은,<6E5C>더 앞쪽이잖아?","네가 도착해야 할 곳은,<6E5C>더 앞쪽이잖아?"
dom2Orochi_X01.mes,Script/dom2Orochi_X01.mes,164,7,Kyo,さっさと行け,빨랑 가라,빨랑 가라
dom2Orochi_X01.mes,Script/dom2Orochi_X01.mes,165,6,주인공,は、はい!,"네, 넵!","네, 넵!"
dom2Orochi_X01.mes,Script/dom2Orochi_X01.mes,166,7,Mature,待ちなさい!,기다려!,기다려!
dom2Orochi_X01.mes,Script/dom2Orochi_X01.mes,167,32,Kyo,おっと、お前らの相手は<6E5C>俺がしてやるよ.<6E5C><이름:3232>の邪魔はさせねぇ,"어이쿠, 너희 상대는<6E5C>내가 해주지.<6E5C><이름:3232> 방해는 안 시켜","어이쿠, 너희 상대는<6E5C>내가 해주지.<6E5C><이름:3232> 방해는 안 시켜"
dom2Orochi_X01.mes,Script/dom2Orochi_X01.mes,168,22,Kyo,頼りない奴だが、俺のかわいい後輩<6E5C>なんでな,"미덥잖은 놈이지만, 귀여운<6E5C>후배니까","미덥잖은 놈이지만, 귀여운<6E5C>후배니까"
dom2Orochi_X01.mes,Script/dom2Orochi_X01.mes,169,16,Kyo,行くぜぇ!喰らい、やがれぇ!!,"간다!먹어라, 이 자식아!!","간다!먹어라, 이 자식아!!"
dom2Orochi_X01.mes,Script/dom2Orochi_X01.mes,170,7,[효과음/내레이션],ゴォォォッ!,고오오오!,고오오오!
dom2Orochi_X01.mes,Script/dom2Orochi_X01.mes,171,14,Chizuru,草薙……来てくれたのですね,쿠사나기…… 와줬구나,쿠사나기…… 와줬구나
dom2Orochi_X01.mes,Script/dom2Orochi_X01.mes,172,23,Kyo,礼なんかいいから、今のうちに<6E5C>さっさと行け!,"인사는 됐으니까, 지금 틈에<6E5C>얼른 가라!","인사는 됐으니까, 지금 틈에<6E5C>얼른 가라!"
dom2Orochi_X01.mes,Script/dom2Orochi_X01.mes,173,4,주인공,はい!,네!,네!
dom2Orochi_X01.mes,Script/dom2Orochi_X01.mes,174,8,[효과음/내레이션],タッタッタ……,타다다닥……,타다다닥……
dom2Orochi_X01.mes,Script/dom2Orochi_X01.mes,175,11,Mature,……話にならないわね,……말이 안 통하네,……말이 안 통하네
dom2Orochi_X01.mes,Script/dom2Orochi_X01.mes,176,6,UNKNOWN_42,そのようだ,그렇군,그렇군
dom2Orochi_X01.mes,Script/dom2Orochi_X01.mes,177,28,Mature,仕方ないわ.ここでふたり仲良く<6E5C>消えてもらいましょうか,어쩔 수 없네.여기서 둘이 사이좋게<6E5C>사라져줘야겠어,어쩔 수 없네.여기서 둘이 사이좋게<6E5C>사라져줘야겠어
dom2Orochi_X01.mes,Script/dom2Orochi_X01.mes,178,4,[효과음/내레이션],ザッ!,척!,척!
dom2Orochi_X01.mes,Script/dom2Orochi_X01.mes,179,20,주인공,(う……このふたりと戦うの<6E5C>か……?),(윽…… 이 둘과 싸우는<6E5C>건가…?),(윽…… 이 둘과 싸우는<6E5C>건가…?)
dom2Orochi_X01.mes,Script/dom2Orochi_X01.mes,180,26,Chizuru,<이름:3131>君、ここは私に任せて、<6E5C>あなたは先へ進みなさい,"<이름:3131>군, 여긴 맡기고,<6E5C>넌 먼저 가","<이름:3131>군, 여긴 맡기고,<6E5C>넌 먼저 가"
dom2Orochi_X01.mes,Script/dom2Orochi_X01.mes,181,5,주인공,え……?,어……?,어……?
dom2Orochi_X01.mes,Script/dom2Orochi_X01.mes,182,54,Chizuru,こんなところで足止めを食って<6E5C>いたのでは、とてもオロチの<6E5C>遺産へはたどり着けないわ<485C>ここは私が盾になります,이런 데서 발이 묶여 있으면<6E5C>도저히 오로치의 유산까진<6E5C>다다를 수 없어<485C>여긴 내가 방패가 될게,이런 데서 발이 묶여 있으면<6E5C>도저히 오로치의 유산까진<6E5C>다다를 수 없어<485C>여긴 내가 방패가 될게
dom2Orochi_X01.mes,Script/dom2Orochi_X01.mes,183,30,주인공,そ、そんな……神楽先輩をひとり<6E5C>置いてなんて行けませんよ!,"그, 그런…… 카구라 선배를<6E5C>두고 갈 순 없어요!","그, 그런…… 카구라 선배를<6E5C>두고 갈 순 없어요!"
dom2Orochi_X01.mes,Script/dom2Orochi_X01.mes,184,43,Chizuru,あなたには護りたい人たちがいるの<6E5C>でしょう!ためらう時間も惜しんで<6E5C>前へ進みなさい!,너한텐 지키고 싶은 사람들이 있잖아<6E5C>! 망설일 시간 아까우니<6E5C>앞으로 나아가!,너한텐 지키고 싶은 사람들이 있잖아<6E5C>! 망설일 시간 아까우니<6E5C>앞으로 나아가!
dom2Orochi_X01.mes,Script/dom2Orochi_X01.mes,185,33,주인공,うぅ……わ、わかりました.<6E5C>神楽先輩、絶対無事でいて<6E5C>ください!,"으윽…… 알겠습니다.<6E5C>카구라 선배, 꼭 무사히<6E5C>계세요!","으윽…… 알겠습니다.<6E5C>카구라 선배, 꼭 무사히<6E5C>계세요!"
dom2Orochi_X01.mes,Script/dom2Orochi_X01.mes,186,16,Chizuru,だいじょうぶ、すぐに追いつくわ,"괜찮아, 금방 따라갈게","괜찮아, 금방 따라갈게"
dom2Orochi_X01.mes,Script/dom2Orochi_X01.mes,187,7,주인공,待ってます!,기다릴게요!,기다릴게요!
dom2Orochi_X01.mes,Script/dom2Orochi_X01.mes,188,8,[효과음/내레이션],タッタッタ……,타다다닥……,타다다닥……
dom2Orochi_X01.mes,Script/dom2Orochi_X01.mes,189,9,Mature,あ、待ちなさい!,"아, 기다려!","아, 기다려!"
dom2Orochi_X01.mes,Script/dom2Orochi_X01.mes,190,35,Chizuru,待つのはあなたです!<6E5C>永きにわたる因縁、ここで<6E5C>決着をつけましょう!,"기다릴 사람은 너야!<6E5C>오랜 세월의 악연, 여기서<6E5C>결판을 내자!","기다릴 사람은 너야!<6E5C>오랜 세월의 악연, 여기서<6E5C>결판을 내자!"
dom2Orochi_X01.mes,Script/dom2Orochi_X01.mes,191,35,Mature,く……まぁいいわ.<6E5C>どうせあの子ひとりでは、<6E5C>この先へは進めないはず,"큭…… 뭐 좋아.<6E5C>어차피 그 애 혼자서는,<6E5C>못 갈 텐데","큭…… 뭐 좋아.<6E5C>어차피 그 애 혼자서는,<6E5C>못 갈 텐데"
dom2Orochi_X01.mes,Script/dom2Orochi_X01.mes,192,11,Chizuru,私は<이름:3131>君を信じます,<이름:3131>군을 믿어요,<이름:3131>군을 믿어요
dom2Orochi_X01.mes,Script/dom2Orochi_X01.mes,193,31,Mature,信じる者がみんな救われるほど、<6E5C>世界は甘い顔をしていなくてよ,믿는 자가 다 구원받을 만큼<6E5C>세상은 만만하지 않아,믿는 자가 다 구원받을 만큼<6E5C>세상은 만만하지 않아
dom2Orochi_X01.mes,Script/dom2Orochi_X01.mes,194,33,Chizuru,あなた達は本当の力が何かを知らな<6E5C>いようね.それでは私は倒せない,너희는 진짜 힘을 모르는<6E5C>모양이네. 그걸론 못 이겨,너희는 진짜 힘을 모르는<6E5C>모양이네. 그걸론 못 이겨
dom2Orochi_X01.mes,Script/dom2Orochi_X01.mes,195,20,UNKNOWN_42,その言葉、絶望と共に後悔するんだ<6E5C>な!,"그건, 절망과 함께 후회<6E5C>할 거다!","그건, 절망과 함께 후회<6E5C>할 거다!"
dom2Orochi_X01.mes,Script/dom2Orochi_X01.mes,196,13,Chizuru,(<이름:3131>君……頼んだわよ),(<이름:3131>군…… 부탁했어),(<이름:3131>군…… 부탁했어)
dom2Orochi_X01.mes,Script/dom2Orochi_X01.mes,197,8,[효과음/내레이션],タッタッタ……,타다다닥……,타다다닥……
dom2Orochi_X01.mes,Script/dom2Orochi_X01.mes,198,10,Chizuru,<이름:3131>君、止まって!,"<이름:3131>군, 멈춰!","<이름:3131>군, 멈춰!"
dom2Orochi_X01.mes,Script/dom2Orochi_X01.mes,199,4,[효과음/내레이션],ザザッ,사삭,사삭
dom2Orochi_X01.mes,Script/dom2Orochi_X01.mes,200,13,주인공,どうしたんです、神楽先輩,"무슨 일이세요, 선배","무슨 일이세요, 선배"
dom2Orochi_X01.mes,Script/dom2Orochi_X01.mes,201,4,Chizuru,しっ!,쉿!,쉿!
dom2Orochi_X01.mes,Script/dom2Orochi_X01.mes,202,14,Chizuru,……誰です?姿を現しなさい,…누구야? 모습을 드러내,…누구야? 모습을 드러내
dom2Orochi_X01.mes,Script/dom2Orochi_X01.mes,203,11,UNKNOWN_1e,へぇ、よく気づいたな,"허, 잘도 눈치챘네","허, 잘도 눈치챘네"
dom2Orochi_X01.mes,Script/dom2Orochi_X01.mes,204,5,주인공,あぁ!?,으악!?,으악!?
dom2Orochi_X01.mes,Script/dom2Orochi_X01.mes,205,16,주인공,(まったく気づかなかった……),(전혀 눈치 못 챘어……),(전혀 눈치 못 챘어……)
dom2Orochi_X01.mes,Script/dom2Orochi_X01.mes,206,13,Chizuru,オロチ一族の末裔のようね,오로치 후예인가 보네,오로치 후예인가 보네
dom2Orochi_X01.mes,Script/dom2Orochi_X01.mes,207,36,UNKNOWN_5d,そういうこった.<6E5C>わかってるなら、俺がここを<6E5C>通さない理由もわかるよな,"그런 거다.<6E5C>알면, 내가 못 지나가게<6E5C>하는 이유도 알겠지","그런 거다.<6E5C>알면, 내가 못 지나가게<6E5C>하는 이유도 알겠지"
dom2Orochi_X01.mes,Script/dom2Orochi_X01.mes,208,4,주인공,う……,윽……,윽……
dom2Orochi_X01.mes,Script/dom2Orochi_X01.mes,209,22,UNKNOWN_5d,なんでお前みたいなのがここに<6E5C>いるんだよ?,왜 너 같은 놈이 여기에<6E5C>있는 거냐?,왜 너 같은 놈이 여기에<6E5C>있는 거냐?
dom2Orochi_X01.mes,Script/dom2Orochi_X01.mes,210,12,UNKNOWN_5d,そんなに死にたいのか?,그렇게 죽고 싶나?,그렇게 죽고 싶나?
dom2Orochi_X01.mes,Script/dom2Orochi_X01.mes,211,24,주인공,ぼ、僕には行かなきゃいけない<6E5C>理由があるんだ!,"저, 저한텐 가야만 하는<6E5C>이유가 있어!","저, 저한텐 가야만 하는<6E5C>이유가 있어!"
dom2Orochi_X01.mes,Script/dom2Orochi_X01.mes,212,13,UNKNOWN_5d,覚悟はできてるってわけか,각오는 됐다는 거군,각오는 됐다는 거군
dom2Orochi_X01.mes,Script/dom2Orochi_X01.mes,213,27,UNKNOWN_5d,だがな、それをくじく力があるって<6E5C>ことを教えてやるよ,"하지만, 그걸 꺾을 힘이<6E5C>있다는 걸 가르쳐주지","하지만, 그걸 꺾을 힘이<6E5C>있다는 걸 가르쳐주지"
dom2Orochi_X01.mes,Script/dom2Orochi_X01.mes,214,7,주인공,う、うぅ……,"우, 으윽…","우, 으윽…"
dom2Orochi_X01.mes,Script/dom2Orochi_X01.mes,215,17,UNKNOWN_1e,あら、どう教えてくれるのかしら?,"어머,어떻게 가르쳐 줄 건데?","어머,어떻게 가르쳐 줄 건데?"
dom2Orochi_X01.mes,Script/dom2Orochi_X01.mes,216,27,UNKNOWN_1e,そうだな、私たちふたりを相手に<6E5C>教えられるものならな,"글쎄,우리 둘을 상대로<6E5C>가르칠 수 있다면 말이지","글쎄,우리 둘을 상대로<6E5C>가르칠 수 있다면 말이지"
dom2Orochi_X01.mes,Script/dom2Orochi_X01.mes,217,29,주인공,マチュアさん!バイスさん!<6E5C>どうしておふたりがここに!?,마츄어 씨! 바이스 씨!<6E5C>어째서 두 분이 여기에!?,마츄어 씨! 바이스 씨!<6E5C>어째서 두 분이 여기에!?
dom2Orochi_X01.mes,Script/dom2Orochi_X01.mes,218,20,UNKNOWN_42,お前の頼りない背中を押しに来たん<6E5C>だよ,네 미덥잖은 등을 밀어주러<6E5C>왔지,네 미덥잖은 등을 밀어주러<6E5C>왔지
dom2Orochi_X01.mes,Script/dom2Orochi_X01.mes,219,16,Mature,フフ、男冥利に尽きるでしょう?,"후후, 남자 명예 아니겠어?","후후, 남자 명예 아니겠어?"
dom2Orochi_X01.mes,Script/dom2Orochi_X01.mes,220,21,주인공,……あんまり力強く押さないで<6E5C>くださいね,……너무 세게는 밀지<6E5C>말아주세요,……너무 세게는 밀지<6E5C>말아주세요
dom2Orochi_X01.mes,Script/dom2Orochi_X01.mes,221,14,UNKNOWN_5d,お前ら……裏切るつもりか?,너희들… 배신할 셈이냐?,너희들… 배신할 셈이냐?
dom2Orochi_X01.mes,Script/dom2Orochi_X01.mes,222,35,Mature,そうね……オロチでいるよりも、<6E5C><이름:3131><이름:3232>.私たちは被に<6E5C>興味があるの,"그러네… 오로치보단,<6E5C><이름:3131><이름:3232>. 우리는 그 애한테<6E5C>흥미 있거든","그러네… 오로치보단,<6E5C><이름:3131><이름:3232>. 우리는 그 애한테<6E5C>흥미 있거든"
dom2Orochi_X01.mes,Script/dom2Orochi_X01.mes,223,22,UNKNOWN_5d,チッ、まさか身内に足を引っ張られ<6E5C>るとはな,"쳇, 설마 한패한테 발목을 잡힐<6E5C>줄이야","쳇, 설마 한패한테 발목을 잡힐<6E5C>줄이야"
dom2Orochi_X01.mes,Script/dom2Orochi_X01.mes,224,16,UNKNOWN_42,<이름:3131>、ここは私たちが引き受ける,"<이름:3131>, 여긴 우리가 맡는다","<이름:3131>, 여긴 우리가 맡는다"
dom2Orochi_X01.mes,Script/dom2Orochi_X01.mes,225,10,UNKNOWN_42,お前たちは先へ進め,너희는 먼저 가,너희는 먼저 가
dom2Orochi_X01.mes,Script/dom2Orochi_X01.mes,226,7,UNKNOWN_5d,させるかよ!,그냥 둘까!,그냥 둘까!
dom2Orochi_X01.mes,Script/dom2Orochi_X01.mes,227,5,[효과음/내레이션],ガシィ!,콱!,콱!
dom2Orochi_X01.mes,Script/dom2Orochi_X01.mes,228,15,UNKNOWN_42,させないって言ってるだろう?,안 시킨다고 했잖나?,안 시킨다고 했잖나?
dom2Orochi_X01.mes,Script/dom2Orochi_X01.mes,229,4,UNKNOWN_5d,チィ!,칫!,칫!
dom2Orochi_X01.mes,Script/dom2Orochi_X01.mes,230,13,Mature,<이름:3131>君、早く行きなさい!,"<이름:3131>군, 어서 가!","<이름:3131>군, 어서 가!"
dom2Orochi_X01.mes,Script/dom2Orochi_X01.mes,231,27,주인공,は、はい!<6E5C>マチュアさん、バイスさん、<6E5C>気をつけて!,"네, 넵!<6E5C>마츄어 씨, 바이스 씨,<6E5C>조심하세요!","네, 넵!<6E5C>마츄어 씨, 바이스 씨,<6E5C>조심하세요!"
dom2Orochi_X01.mes,Script/dom2Orochi_X01.mes,232,23,Mature,フフ、もしケガをしたら、<6E5C>やさしく介抱してね,"후후, 혹시 다치면,<6E5C>다정하게 돌봐줘","후후, 혹시 다치면,<6E5C>다정하게 돌봐줘"
dom2Orochi_X01.mes,Script/dom2Orochi_X01.mes,233,7,주인공,あ、はい……,"아, 네……","아, 네……"
dom2Orochi_X01.mes,Script/dom2Orochi_X01.mes,234,10,Chizuru,<이름:3131>君、行くわよ!,"<이름:3131>군, 가자!","<이름:3131>군, 가자!"
dom2Orochi_X01.mes,Script/dom2Orochi_X01.mes,235,20,Mature,あら、こっちにはひと言<6E5C>ないのかしら?,"어머, 이쪽엔 한마디<6E5C>없는 거니?","어머, 이쪽엔 한마디<6E5C>없는 거니?"
dom2Orochi_X01.mes,Script/dom2Orochi_X01.mes,236,8,Chizuru,……感謝します,……감사드려요,……감사드려요
dom2Orochi_X01.mes,Script/dom2Orochi_X01.mes,237,11,Mature,フフフ、素直じゃない,"후후,솔직하지 않네","후후,솔직하지 않네"
dom2Orochi_X01.mes,Script/dom2Orochi_X01.mes,238,13,Mature,<이름:3131>君のこと、頼んだわよ,<이름:3131>군 부탁했어,<이름:3131>군 부탁했어
dom2Orochi_X01.mes,Script/dom2Orochi_X01.mes,239,3,Chizuru,ええ,그래,그래
dom2Orochi_X01.mes,Script/dom2Orochi_X01.mes,240,12,Chizuru,さぁ、<이름:3131>君、走って!,"자, <이름:3131>군, 뛰어!","자, <이름:3131>군, 뛰어!"
dom2Orochi_X01.mes,Script/dom2Orochi_X01.mes,241,4,주인공,はい!,네!,네!
dom2Orochi_X01.mes,Script/dom2Orochi_X01.mes,242,8,[효과음/내레이션],タッタッタ……,타다다닥……,타다다닥……
dom2Orochi_X01.mes,Script/dom2Orochi_X01.mes,243,3,UNKNOWN_0x1e,待て,잠깐,잠깐
dom2Orochi_X01.mes,Script/dom2Orochi_X01.mes,244,6,주인공,え……!?,어……!?,어……!?
dom2Orochi_X01.mes,Script/dom2Orochi_X01.mes,245,12,UNKNOWN_5d,なにぃ、まさか……!?,"뭐야, 설마……!?","뭐야, 설마……!?"
dom2Orochi_X01.mes,Script/dom2Orochi_X01.mes,246,10,UNKNOWN_5d,て、てめぇは赤毛!,"너, 빨간 머리!","너, 빨간 머리!"
dom2Orochi_X01.mes,Script/dom2Orochi_X01.mes,247,6,Iori,……誰だ?,…누구냐?,…누구냐?
dom2Orochi_X01.mes,Script/dom2Orochi_X01.mes,248,24,UNKNOWN_5d,誰だって……てめぇ!<6E5C>この俺を忘れたってのか!,누구긴…… 네놈!<6E5C>이 몸을 잊었단 거냐!,누구긴…… 네놈!<6E5C>이 몸을 잊었단 거냐!
dom2Orochi_X01.mes,Script/dom2Orochi_X01.mes,249,10,Iori,知らんな、貴様など,"모른다,네놈 따위","모른다,네놈 따위"
dom2Orochi_X01.mes,Script/dom2Orochi_X01.mes,250,19,주인공,や、八神先輩……来てくれたん<6E5C>ですか,"야, 야가미 선배… 와주신<6E5C>건가요","야, 야가미 선배… 와주신<6E5C>건가요"
dom2Orochi_X01.mes,Script/dom2Orochi_X01.mes,251,22,Iori,<이름:3131>……貴様、まだこんな<6E5C>ところにいたのか,"<이름:3131>… 네놈, 아직도 이런<6E5C>곳에 있었나","<이름:3131>… 네놈, 아직도 이런<6E5C>곳에 있었나"
dom2Orochi_X01.mes,Script/dom2Orochi_X01.mes,252,12,주인공,あ……はい、すみません,"아… 네, 죄송합니다","아… 네, 죄송합니다"
dom2Orochi_X01.mes,Script/dom2Orochi_X01.mes,253,26,Iori,貴様が魂を燃やし尽くす場所は、<6E5C>ここではないはずだ,"네놈이 혼을 태울 곳은,<6E5C>여기가 아닐 텐데","네놈이 혼을 태울 곳은,<6E5C>여기가 아닐 텐데"
dom2Orochi_X01.mes,Script/dom2Orochi_X01.mes,254,13,주인공,いや、でも、この人が……,"아뇨, 이 사람이……","아뇨, 이 사람이……"
dom2Orochi_X01.mes,Script/dom2Orochi_X01.mes,255,42,Iori,フン……こいつが貴様に浴びせられ<6E5C>た冷や水か.こんなものは俺が<6E5C>消し飛ばしてくれる,흥…… 이놈이 네놈한테 끼얹은<6E5C>찬물이란 건가. 이런 건 내가<6E5C>날려주지,흥…… 이놈이 네놈한테 끼얹은<6E5C>찬물이란 건가. 이런 건 내가<6E5C>날려주지
dom2Orochi_X01.mes,Script/dom2Orochi_X01.mes,256,21,Iori,貴様は、己の燃え尽きるべき場所へ<6E5C>向かえ,"네놈은, 불타야 할 곳으로<6E5C>향해라","네놈은, 불타야 할 곳으로<6E5C>향해라"
dom2Orochi_X01.mes,Script/dom2Orochi_X01.mes,257,20,UNKNOWN_5d,消し飛ばす?<6E5C>言ってくれるじゃねぇか!,날려버려?<6E5C>말은 잘하는군!,날려버려?<6E5C>말은 잘하는군!
dom2Orochi_X01.mes,Script/dom2Orochi_X01.mes,258,62,UNKNOWN_5d,神聖なるオロチの血がてめぇみたい<6E5C>な奴にまで流れてるかと思うと、<6E5C>反吐が出るぜ!<485C>今すぐお前の薄汚い血を<6E5C>浄化してやらぁ!,"신성한 오로치의 피가 너 같은<6E5C>놈한테 흐른다고 생각하면,<6E5C>구역질 난다고!<485C>지금 네놈의 더러운 피를<6E5C>정화해주마!","신성한 오로치의 피가 너 같은<6E5C>놈한테 흐른다고 생각하면,<6E5C>구역질 난다고!<485C>지금 네놈의 더러운 피를<6E5C>정화해주마!"
dom2Orochi_X01.mes,Script/dom2Orochi_X01.mes,259,26,Iori,俺は貴様と違って、血に飼いならさ<6E5C>れるつもりはない,"난 네놈과 달리, 피에 길들여질<6E5C>생각은 없다","난 네놈과 달리, 피에 길들여질<6E5C>생각은 없다"
dom2Orochi_X01.mes,Script/dom2Orochi_X01.mes,260,31,Iori,さぁ無駄話は終わりだ!泣け!<6E5C>叫べ!そして、死ねぇぇぇぇ!!,"잡담 끝이다! 울어라!<6E5C>외쳐라! 그리고, 죽어라아!!","잡담 끝이다! 울어라!<6E5C>외쳐라! 그리고, 죽어라아!!"
dom2Orochi_X01.mes,Script/dom2Orochi_X01.mes,261,4,[효과음/내레이션],ドガッ!,퍼억!,퍼억!
dom2Orochi_X01.mes,Script/dom2Orochi_X01.mes,262,5,[효과음/내레이션],バスッ!,퍽!,퍽!
dom2Orochi_X01.mes,Script/dom2Orochi_X01.mes,263,5,Iori,行け!!,가라!!,가라!!
dom2Orochi_X01.mes,Script/dom2Orochi_X01.mes,264,7,주인공,八神先輩……,선배……,선배……
dom2Orochi_X01.mes,Script/dom2Orochi_X01.mes,265,11,Chizuru,<이름:3131>君、急ぎましょう,"<이름:3131>군, 서두르자","<이름:3131>군, 서두르자"
dom2Orochi_X01.mes,Script/dom2Orochi_X01.mes,266,30,Chizuru,御三家の一人が手を貸してくれたの<6E5C>よ、無駄にしてはいけない,"삼대 가문 한 명이 도와줬어,<6E5C>헛되게 하면 안 돼","삼대 가문 한 명이 도와줬어,<6E5C>헛되게 하면 안 돼"
dom2Orochi_X01.mes,Script/dom2Orochi_X01.mes,267,22,주인공,はい……八神先輩、<6E5C>ありがとうございます!,"네…… 야가미 선배,<6E5C>감사합니다!","네…… 야가미 선배,<6E5C>감사합니다!"
dom2Orochi_X01.mes,Script/dom2Orochi_X01.mes,268,8,[효과음/내레이션],タッタッタ……,타다다닥……,타다다닥……
dom2Orochi_X01.mes,Script/dom2Orochi_X01.mes,269,4,UNKNOWN_0x1e,待ちな,기다려,기다려
dom2Orochi_X01.mes,Script/dom2Orochi_X01.mes,270,6,주인공,え……!?,어……!?,어……!?
dom2Orochi_X01.mes,Script/dom2Orochi_X01.mes,271,5,UNKNOWN_5d,誰だ!?,누구!?,누구!?
dom2Orochi_X01.mes,Script/dom2Orochi_X01.mes,272,10,주인공,く……草薙先輩!!,크…… 선배!,크…… 선배!
dom2Orochi_X01.mes,Script/dom2Orochi_X01.mes,273,6,UNKNOWN_5d,草薙だと?,쿠사나기?,쿠사나기?
dom2Orochi_X01.mes,Script/dom2Orochi_X01.mes,274,23,Kyo,ったく、お前はこんなとこでなに<6E5C>遊んでんだよ,"쯧, 넌 이런 데서 뭐<6E5C>놀고 있는 거야","쯧, 넌 이런 데서 뭐<6E5C>놀고 있는 거야"
dom2Orochi_X01.mes,Script/dom2Orochi_X01.mes,275,14,주인공,いや、遊んでるわけじゃ……,"아뇨, 노는 거 아니라…","아뇨, 노는 거 아니라…"
dom2Orochi_X01.mes,Script/dom2Orochi_X01.mes,276,31,Kyo,お前がたどり着かなきゃならない<6E5C>場所ってのは、もっと先だろ?,"네가 도착해야 할 곳은,<6E5C>더 앞쪽이잖아?","네가 도착해야 할 곳은,<6E5C>더 앞쪽이잖아?"
dom2Orochi_X01.mes,Script/dom2Orochi_X01.mes,277,7,Kyo,さっさと行け,빨랑 가라,빨랑 가라
dom2Orochi_X01.mes,Script/dom2Orochi_X01.mes,278,6,주인공,は、はい!,"네, 넵!","네, 넵!"
dom2Orochi_X01.mes,Script/dom2Orochi_X01.mes,279,24,UNKNOWN_5d,待ちやがれ……勝手なことぬかすん<6E5C>じゃねぇよ!,기다리라고…… 멋대로 지껄이지<6E5C>마!,기다리라고…… 멋대로 지껄이지<6E5C>마!
dom2Orochi_X01.mes,Script/dom2Orochi_X01.mes,280,30,Kyo,おっと、お前の相手は俺がしてやる<6E5C>よ.<이름:3232>の邪魔はさせねぇ,"어이쿠, 네 상대는 내가<6E5C>해주지. <이름:3232> 방해는 안 해","어이쿠, 네 상대는 내가<6E5C>해주지. <이름:3232> 방해는 안 해"
dom2Orochi_X01.mes,Script/dom2Orochi_X01.mes,281,22,Kyo,頼りない奴だが、俺のかわいい後輩<6E5C>なんでな,"미덥잖은 놈이지만, 귀여운<6E5C>후배니까","미덥잖은 놈이지만, 귀여운<6E5C>후배니까"
dom2Orochi_X01.mes,Script/dom2Orochi_X01.mes,282,32,UNKNOWN_5d,へっ、面白いじゃねぇか!<6E5C>払う者、草薙の力、<6E5C>見せてみやがれ!,"헷,재밌잖아!<6E5C>불꽃 다루는 자, 쿠사나기의 힘,<6E5C>보여봐!","헷,재밌잖아!<6E5C>불꽃 다루는 자, 쿠사나기의 힘,<6E5C>보여봐!"
dom2Orochi_X01.mes,Script/dom2Orochi_X01.mes,283,16,Kyo,行くぜぇ!喰らい、やがれぇ!!,"간다!먹어라, 이 자식아!!","간다!먹어라, 이 자식아!!"
dom2Orochi_X01.mes,Script/dom2Orochi_X01.mes,284,7,[효과음/내레이션],ゴォォォッ!,고오오오!,고오오오!
dom2Orochi_X01.mes,Script/dom2Orochi_X01.mes,285,14,Chizuru,草薙……来てくれたのですね,쿠사나기…… 와줬구나,쿠사나기…… 와줬구나
dom2Orochi_X01.mes,Script/dom2Orochi_X01.mes,286,23,Kyo,礼なんかいいから、今のうちに<6E5C>さっさと行け!,"인사는 됐으니까, 지금 틈에<6E5C>얼른 가라!","인사는 됐으니까, 지금 틈에<6E5C>얼른 가라!"
dom2Orochi_X01.mes,Script/dom2Orochi_X01.mes,287,4,주인공,はい!,네!,네!
dom2Orochi_X01.mes,Script/dom2Orochi_X01.mes,288,8,[효과음/내레이션],タッタッタ……,타다다닥……,타다다닥……
dom2Orochi_X01.mes,Script/dom2Orochi_X01.mes,289,26,Chizuru,<이름:3131>君、ここは私に任せて、<6E5C>あなたは先へ進みなさい,"<이름:3131>군, 여긴 맡기고,<6E5C>넌 먼저 가","<이름:3131>군, 여긴 맡기고,<6E5C>넌 먼저 가"
dom2Orochi_X01.mes,Script/dom2Orochi_X01.mes,290,5,주인공,え……?,어……?,어……?
dom2Orochi_X01.mes,Script/dom2Orochi_X01.mes,291,54,Chizuru,こんなところで足止めを食っていた<6E5C>のでは、とてもオロチの遺産へは<6E5C>たどり着けないわ<485C>ここは私が盾になります,이런 데서 발이 묶여 있으면<6E5C>도저히 오로치의 유산까진<6E5C>다다를 수 없어<485C>여긴 내가 방패가 될게,이런 데서 발이 묶여 있으면<6E5C>도저히 오로치의 유산까진<6E5C>다다를 수 없어<485C>여긴 내가 방패가 될게
dom2Orochi_X01.mes,Script/dom2Orochi_X01.mes,292,30,주인공,そ、そんな……神楽先輩をひとり<6E5C>置いてなんて行けませんよ!,"그, 그런…… 카구라 선배를<6E5C>두고 갈 순 없어요!","그, 그런…… 카구라 선배를<6E5C>두고 갈 순 없어요!"
dom2Orochi_X01.mes,Script/dom2Orochi_X01.mes,293,43,Chizuru,あなたには護りたい人たちがいるの<6E5C>でしょう!ためらう時間も惜しん<6E5C>で前へ進みなさい!,너한텐 지키고 싶은 사람들이 있잖아<6E5C>! 망설일 시간 아까우니<6E5C>앞으로 나아가!,너한텐 지키고 싶은 사람들이 있잖아<6E5C>! 망설일 시간 아까우니<6E5C>앞으로 나아가!
dom2Orochi_X01.mes,Script/dom2Orochi_X01.mes,294,33,주인공,うぅ……わ、わかりました.<6E5C>神楽先輩、絶対無事で<6E5C>いてください!,"으윽…… 알겠습니다.<6E5C>카구라 선배, 꼭 무사히<6E5C>계세요!","으윽…… 알겠습니다.<6E5C>카구라 선배, 꼭 무사히<6E5C>계세요!"
dom2Orochi_X01.mes,Script/dom2Orochi_X01.mes,295,16,Chizuru,だいじょうぶ、すぐに追いつくわ,"괜찮아, 금방 따라갈게","괜찮아, 금방 따라갈게"
dom2Orochi_X01.mes,Script/dom2Orochi_X01.mes,296,7,주인공,待ってます!,기다릴게요!,기다릴게요!
dom2Orochi_X01.mes,Script/dom2Orochi_X01.mes,297,8,[효과음/내레이션],タッタッタ……,타다다닥……,타다다닥……
dom2Orochi_X01.mes,Script/dom2Orochi_X01.mes,298,40,UNKNOWN_5d,どうにも理解できねぇな.<6E5C>あんな奴をひとりで先へ行かせて<6E5C>どうしようってんだよ,도무지 이해가 안 되는군.<6E5C>저런 놈을 혼자 먼저 보내서<6E5C>어쩌자는 거냐,도무지 이해가 안 되는군.<6E5C>저런 놈을 혼자 먼저 보내서<6E5C>어쩌자는 거냐
dom2Orochi_X01.mes,Script/dom2Orochi_X01.mes,299,16,Chizuru,被には、目指すべき場所があるの,"그 사람한텐, 갈 곳이 있어","그 사람한텐, 갈 곳이 있어"
dom2Orochi_X01.mes,Script/dom2Orochi_X01.mes,300,30,UNKNOWN_5d,はっ、この先をあいつひとりで抜け<6E5C>て行けるわけねぇだろうが,"핫, 이 앞을 혼자서 뚫고<6E5C>갈 순 없을 텐데","핫, 이 앞을 혼자서 뚫고<6E5C>갈 순 없을 텐데"
dom2Orochi_X01.mes,Script/dom2Orochi_X01.mes,301,11,Chizuru,私は<이름:3131>君を信じます,저 <이름:3131>군을 믿어요,저 <이름:3131>군을 믿어요
dom2Orochi_X01.mes,Script/dom2Orochi_X01.mes,302,31,UNKNOWN_5d,そうかよ.だったら、ふたり仲良く<6E5C>地面の下で眠らせてやるよ!,"그러냐. 그럼, 둘이 사이좋게<6E5C>땅속에서 잠들게 해주지!","그러냐. 그럼, 둘이 사이좋게<6E5C>땅속에서 잠들게 해주지!"
dom2Orochi_X01.mes,Script/dom2Orochi_X01.mes,303,13,Chizuru,(<이름:3131>君……頼んだわよ),(<이름:3131>군…… 부탁했어),(<이름:3131>군…… 부탁했어)
dom2Orochi_X01.mes,Script/dom2Orochi_X01.mes,304,8,[효과음/내레이션],タッタッタ……,타다다닥……,타다다닥……
dom2Orochi_X01.mes,Script/dom2Orochi_X01.mes,305,26,주인공,(なんて禍々しい洞窟だ.<6E5C>足音が異様に響くし……),(불길한 동굴이다.<6E5C>발소리가 이상히 울리고…),(불길한 동굴이다.<6E5C>발소리가 이상히 울리고…)
dom2Orochi_X01.mes,Script/dom2Orochi_X01.mes,306,5,[효과음/내레이션],ガスッ!,퍽!,퍽!
dom2Orochi_X01.mes,Script/dom2Orochi_X01.mes,307,5,주인공,ぐ……!,크윽…!,크윽…!
dom2Orochi_X01.mes,Script/dom2Orochi_X01.mes,308,4,[효과음/내레이션],ドサッ,털썩,털썩
dom2Orochi_X01.mes,Script/dom2Orochi_X01.mes,309,22,UNKNOWN_1e,たった一発でこれか.<6E5C>あっけねえな、アンタ,"단 한 방에 이거냐.<6E5C>싱겁네, 너","단 한 방에 이거냐.<6E5C>싱겁네, 너"
dom2Orochi_X01.mes,Script/dom2Orochi_X01.mes,310,17,주인공,(だ、誰だ……顔が見えない……),(누구야…… 얼굴 안 보여),(누구야…… 얼굴 안 보여)
dom2Orochi_X01.mes,Script/dom2Orochi_X01.mes,311,23,UNKNOWN_1e,しょせん、お前にはなにも護れや<6E5C>しないんだよ,"결국, 넌 아무것도<6E5C>지키지 못해","결국, 넌 아무것도<6E5C>지키지 못해"
dom2Orochi_X01.mes,Script/dom2Orochi_X01.mes,312,21,주인공,(な、なんだと……うぅ……<6E5C>意識が……),"(뭐, 뭐라고……으윽……<6E5C>의식이……)","(뭐, 뭐라고……으윽……<6E5C>의식이……)"
dom2Orochi_X01.mes,Script/dom2Orochi_X01.mes,313,37,UNKNOWN_1e,(お前を信じたあの女も、今ごろ<6E5C>地面をなめてることだろうぜ.<6E5C>クク……),"(널 믿은 그 여자도, 지금쯤<6E5C>땅바닥을 기고 있겠지.<6E5C>큭큭……)","(널 믿은 그 여자도, 지금쯤<6E5C>땅바닥을 기고 있겠지.<6E5C>큭큭……)"
dom2Orochi_X01.mes,Script/dom2Orochi_X01.mes,314,8,[효과음/내레이션],タッタッタ……,다다닥……,다다닥……
dom2Orochi_X01.mes,Script/dom2Orochi_X01.mes,315,41,Chizuru,だいぶ奥まで来たわね.<6E5C>そろそろ、オロチの遺産がある封印<6E5C>の間への扉があるはずよ,꽤 깊이 왔네.<6E5C>곧 오로치 유산 있는 봉인의<6E5C>방으로 가는 문이 있을 거야,꽤 깊이 왔네.<6E5C>곧 오로치 유산 있는 봉인의<6E5C>방으로 가는 문이 있을 거야
dom2Orochi_X01.mes,Script/dom2Orochi_X01.mes,316,27,주인공,い、いよいよ遺産へ……みんな、<6E5C>待っててくれよ……!,"드, 드디어 유산이……다들,<6E5C>기다려줘……!","드, 드디어 유산이……다들,<6E5C>기다려줘……!"
dom2Orochi_X01.mes,Script/dom2Orochi_X01.mes,317,6,UNKNOWN_1e,甘いわねぇ,물러터졌네,물러터졌네
dom2Orochi_X01.mes,Script/dom2Orochi_X01.mes,318,7,[효과음/내레이션],バチバチッ!,파지직!,파지직!
dom2Orochi_X01.mes,Script/dom2Orochi_X01.mes,319,21,주인공,つっ!なんだ……?<6E5C>か、体が動かない……,"큭!뭐지……?<6E5C>모,몸이 안 움직여……","큭!뭐지……?<6E5C>모,몸이 안 움직여……"
dom2Orochi_X01.mes,Script/dom2Orochi_X01.mes,320,4,[효과음/내레이션],ドサッ,털썩,털썩
dom2Orochi_X01.mes,Script/dom2Orochi_X01.mes,321,5,Chizuru,<이름:3131>君!,<이름:3131>군!,<이름:3131>군!
dom2Orochi_X01.mes,Script/dom2Orochi_X01.mes,322,25,UNKNOWN_47,ふふ、そう簡単に扉へたどり着ける<6E5C>とでも思った?,"후후,그렇게 쉽게 문까지<6E5C>갈 거라 생각했어?","후후,그렇게 쉽게 문까지<6E5C>갈 거라 생각했어?"
dom2Orochi_X01.mes,Script/dom2Orochi_X01.mes,323,7,[효과음/내레이션],バチバチ……,파지직……,파지직……
dom2Orochi_X01.mes,Script/dom2Orochi_X01.mes,324,6,주인공,う、ぐ……,으크윽……,으크윽……
dom2Orochi_X01.mes,Script/dom2Orochi_X01.mes,325,35,주인공,(あ、あれはスタンガン……<6E5C>そうか、僕はあれで<6E5C>やられたんだな……),"(아, 저건 전기 충격기……<6E5C>그래,나 저걸로<6E5C>당한 거구나……)","(아, 저건 전기 충격기……<6E5C>그래,나 저걸로<6E5C>당한 거구나……)"
dom2Orochi_X01.mes,Script/dom2Orochi_X01.mes,326,13,Chizuru,あなたも……オロチの一族,너도……오로치 일족이군,너도……오로치 일족이군
dom2Orochi_X01.mes,Script/dom2Orochi_X01.mes,327,22,UNKNOWN_47,どうやってここまでたどり着けたの<6E5C>かしら?,어떻게 여기까지 왔을까?,어떻게 여기까지 왔을까?
dom2Orochi_X01.mes,Script/dom2Orochi_X01.mes,328,36,UNKNOWN_47,マチュアやバイスはともかく、<6E5C>社が簡単に抜かれるとは<6E5C>思えないんだけど,"마츄어나 바이스는 몰라도,신사가<6E5C>이렇게 쉽게 뚫릴 줄은<6E5C>몰랐는데","마츄어나 바이스는 몰라도,신사가<6E5C>이렇게 쉽게 뚫릴 줄은<6E5C>몰랐는데"
dom2Orochi_X01.mes,Script/dom2Orochi_X01.mes,329,26,Chizuru,私たちは、ふたりっきりの仲間と<6E5C>いうわけではないわ,"우리는, 단둘이서만 뭉친<6E5C>동료가 아니거든","우리는, 단둘이서만 뭉친<6E5C>동료가 아니거든"
dom2Orochi_X01.mes,Script/dom2Orochi_X01.mes,330,29,Chizuru,手を貸してくれる人たちが、勇気を<6E5C>くれる人たちがいるのよ,"손을 빌려주는, 용기를<6E5C>주는 사람들이 있는 거야","손을 빌려주는, 용기를<6E5C>주는 사람들이 있는 거야"
dom2Orochi_X01.mes,Script/dom2Orochi_X01.mes,331,26,UNKNOWN_47,あはは、なんだ、他力本願でここま<6E5C>で来たってわけ?,"아하하, 뭐야,남의 힘으로 여기까지<6E5C>온 거야?","아하하, 뭐야,남의 힘으로 여기까지<6E5C>온 거야?"
dom2Orochi_X01.mes,Script/dom2Orochi_X01.mes,332,10,UNKNOWN_47,神楽も落ちたものね,카구라 별거아니네,카구라 별거아니네
dom2Orochi_X01.mes,Script/dom2Orochi_X01.mes,333,28,Chizuru,黙りなさい!あなたたちの野望は、<6E5C>必ず止めて見せます!,"닥쳐!당신들의 야망은, 반드시<6E5C>막아내겠어요!","닥쳐!당신들의 야망은, 반드시<6E5C>막아내겠어요!"
dom2Orochi_X01.mes,Script/dom2Orochi_X01.mes,334,30,UNKNOWN_47,やれるの、あなたに?<6E5C>頼りのナイト君はそこで<6E5C>伸びてるけど,"할 수 있어,네가?<6E5C>믿었던 기사님 저기서<6E5C>뻗어 있는데","할 수 있어,네가?<6E5C>믿었던 기사님 저기서<6E5C>뻗어 있는데"
dom2Orochi_X01.mes,Script/dom2Orochi_X01.mes,335,5,주인공,うぅ……,으윽……,으윽……
dom2Orochi_X01.mes,Script/dom2Orochi_X01.mes,336,14,주인공,(う、動け……僕の体……),"(우,움직여……몸……)","(우,움직여……몸……)"
dom2Orochi_X01.mes,Script/dom2Orochi_X01.mes,337,10,Chizuru,<이름:3131>君、動けそう?,"<이름:3131>군,움직여?","<이름:3131>군,움직여?"
dom2Orochi_X01.mes,Script/dom2Orochi_X01.mes,338,17,주인공,も、もうちょっとで、なんとか……,"조,조금만 있으면,어떻게든……","조,조금만 있으면,어떻게든……"
dom2Orochi_X01.mes,Script/dom2Orochi_X01.mes,339,7,Chizuru,わかりました,알겠어요,알겠어요
dom2Orochi_X01.mes,Script/dom2Orochi_X01.mes,340,22,UNKNOWN_47,さあ、神楽、あなたも横に並べて<6E5C>あげるわ!,"자,카구라,너도 옆에 나란히<6E5C>놓아줄게!","자,카구라,너도 옆에 나란히<6E5C>놓아줄게!"
dom2Orochi_X01.mes,Script/dom2Orochi_X01.mes,341,7,[효과음/내레이션],バチバチッ!,파지직!,파지직!
dom2Orochi_X01.mes,Script/dom2Orochi_X01.mes,342,3,UNKNOWN_1e,待て,멈춰,멈춰
dom2Orochi_X01.mes,Script/dom2Orochi_X01.mes,343,6,주인공,え……!?,어……!?,어……!?
dom2Orochi_X01.mes,Script/dom2Orochi_X01.mes,344,4,UNKNOWN_47,誰!?,누구!,누구!
dom2Orochi_X01.mes,Script/dom2Orochi_X01.mes,345,13,UNKNOWN_47,あ、あなたは……八神庵!,"아,당신은……야가미!","아,당신은……야가미!"
dom2Orochi_X01.mes,Script/dom2Orochi_X01.mes,346,5,Iori,……女か,……여자,……여자
dom2Orochi_X01.mes,Script/dom2Orochi_X01.mes,347,28,UNKNOWN_47,あら、心外ね.<6E5C>女だからといって、気を抜かれる<6E5C>なんて,"어머, 의외네.<6E5C>여자라고 방심할 줄이야","어머, 의외네.<6E5C>여자라고 방심할 줄이야"
dom2Orochi_X01.mes,Script/dom2Orochi_X01.mes,348,28,Iori,フン、俺は女だからといって手加減<6E5C>してやるつもりはない,"흥, 나는 여자라고 봐줄<6E5C>생각은 없다","흥, 나는 여자라고 봐줄<6E5C>생각은 없다"
dom2Orochi_X01.mes,Script/dom2Orochi_X01.mes,349,13,UNKNOWN_47,光栄ね……封ずる者、八神,영광이네……봉인자야가미,영광이네……봉인자야가미
dom2Orochi_X01.mes,Script/dom2Orochi_X01.mes,350,19,주인공,や、八神先輩……<6E5C>来てくれたんですか,"야,야가미 선배……<6E5C>와주신 거죠?","야,야가미 선배……<6E5C>와주신 거죠?"
dom2Orochi_X01.mes,Script/dom2Orochi_X01.mes,351,22,Iori,<이름:3131>……貴様、まだこんな<6E5C>ところにいたのか,"<이름:3131>……네놈, 아직도 이런<6E5C>곳에 있었나","<이름:3131>……네놈, 아직도 이런<6E5C>곳에 있었나"
dom2Orochi_X01.mes,Script/dom2Orochi_X01.mes,352,12,주인공,あ……はい、すみません,"아……네, 죄송합니다","아……네, 죄송합니다"
dom2Orochi_X01.mes,Script/dom2Orochi_X01.mes,353,26,Iori,貴様が魂を燃やし尽くす場所は、<6E5C>ここではないはずだ,"네놈이 혼을 불태울 곳은,<6E5C>여기가 아닐 텐데","네놈이 혼을 불태울 곳은,<6E5C>여기가 아닐 텐데"
dom2Orochi_X01.mes,Script/dom2Orochi_X01.mes,354,16,주인공,いや、でも、体がしびれてて……,"아뇨, 근데,몸이 저려서……","아뇨, 근데,몸이 저려서……"
dom2Orochi_X01.mes,Script/dom2Orochi_X01.mes,355,42,Iori,フン……こいつが貴様に浴びせられ<6E5C>た冷や水か.こんなものは俺が消し<6E5C>飛ばしてくれる,흥……이게 네놈이 뒤집어쓴<6E5C>찬물이냐.이런 건 내가<6E5C>날려주마,흥……이게 네놈이 뒤집어쓴<6E5C>찬물이냐.이런 건 내가<6E5C>날려주마
dom2Orochi_X01.mes,Script/dom2Orochi_X01.mes,356,21,Iori,貴様は、己の燃え尽きるべき場所へ<6E5C>向かえ,"네놈,스스로 불타 없어질<6E5C>곳으로 가라","네놈,스스로 불타 없어질<6E5C>곳으로 가라"
dom2Orochi_X01.mes,Script/dom2Orochi_X01.mes,357,34,UNKNOWN_47,あらあら、怖いわねぇ.<6E5C>ほんとに消し飛ばされそうだわ.<6E5C>うふふ……,"어머어머, 무섭네.<6E5C>정말로 날아가 버릴 것 같아.<6E5C>우후후……","어머어머, 무섭네.<6E5C>정말로 날아가 버릴 것 같아.<6E5C>우후후……"
dom2Orochi_X01.mes,Script/dom2Orochi_X01.mes,358,37,UNKNOWN_47,でもいいのかしら、八神.<6E5C>あなたにもオロチの血が流れて<6E5C>いるのでしょう?,"그래도 괜찮겠어, 야가미.<6E5C>너한테도 오로치의 피가<6E5C>흐르고 있잖아?","그래도 괜찮겠어, 야가미.<6E5C>너한테도 오로치의 피가<6E5C>흐르고 있잖아?"
dom2Orochi_X01.mes,Script/dom2Orochi_X01.mes,359,50,UNKNOWN_47,オロチが復活した暁には、<6E5C><9F0E>大な恩恵を得られるはずよ<485C>それがあれば、草薙京にだって<6E5C>勝てるだろうに,오로치가 부활하면<6E5C><9F0E>엄청난 은혜가 있을 텐데<485C>그럼 쿠사나기 쿄한테도<6E5C>이길 수 있을 텐데,오로치가 부활하면<6E5C><9F0E>엄청난 은혜가 있을 텐데<485C>그럼 쿠사나기 쿄한테도<6E5C>이길 수 있을 텐데
dom2Orochi_X01.mes,Script/dom2Orochi_X01.mes,360,27,UNKNOWN_47,こんなところでその坊やのために、<6E5C>ふいにするつもり?,"이런 데서 그 애송이 때문에,<6E5C>다 날릴 셈이야?","이런 데서 그 애송이 때문에,<6E5C>다 날릴 셈이야?"
dom2Orochi_X01.mes,Script/dom2Orochi_X01.mes,361,28,Iori,くだらんな.<6E5C>誇りを捨てて得た勝利に<6E5C>何の価値がある?,시시하군.<6E5C>긍지버려 얻은승리에<6E5C>무슨 가치가 있나?,시시하군.<6E5C>긍지버려 얻은승리에<6E5C>무슨 가치가 있나?
dom2Orochi_X01.mes,Script/dom2Orochi_X01.mes,362,26,Iori,俺は貴様と違って、血に飼いなら<6E5C>されるつもりはない,"나는 네놈과 달리,피에 길들여<6E5C>질 생각은 없다","나는 네놈과 달리,피에 길들여<6E5C>질 생각은 없다"
dom2Orochi_X01.mes,Script/dom2Orochi_X01.mes,363,31,Iori,さぁ無駄話は終わりだ!泣け!<6E5C>叫べ!そして、死ねぇぇぇぇ!!,"자,헛소리는 여기까지다!울어라!<6E5C>외쳐라!죽어라아아아!!","자,헛소리는 여기까지다!울어라!<6E5C>외쳐라!죽어라아아아!!"
dom2Orochi_X01.mes,Script/dom2Orochi_X01.mes,364,4,[효과음/내레이션],ドガッ!,쾅!,쾅!
dom2Orochi_X01.mes,Script/dom2Orochi_X01.mes,365,5,[효과음/내레이션],バスッ!,퍽!,퍽!
dom2Orochi_X01.mes,Script/dom2Orochi_X01.mes,366,5,Iori,行け!!,가라!!,가라!!
dom2Orochi_X01.mes,Script/dom2Orochi_X01.mes,367,7,주인공,八神先輩……,야가미……,야가미……
dom2Orochi_X01.mes,Script/dom2Orochi_X01.mes,368,11,Chizuru,<이름:3131>君、急ぎましょう,"<이름:3131>군, 서두르죠","<이름:3131>군, 서두르죠"
dom2Orochi_X01.mes,Script/dom2Orochi_X01.mes,369,30,Chizuru,御三家の一人が手を貸してくれたの<6E5C>よ、無駄にしてはいけない,"삼대 가문 하나가 도와준<6E5C>거야, 헛되이 하면 안 돼","삼대 가문 하나가 도와준<6E5C>거야, 헛되이 하면 안 돼"
dom2Orochi_X01.mes,Script/dom2Orochi_X01.mes,370,22,주인공,はい……八神先輩、<6E5C>ありがとうございます!,"네……야가미 선배,<6E5C>감사합니다!","네……야가미 선배,<6E5C>감사합니다!"
dom2Orochi_X01.mes,Script/dom2Orochi_X01.mes,371,8,[효과음/내레이션],タッタッタ……,다다닥……,다다닥……
dom2Orochi_X01.mes,Script/dom2Orochi_X01.mes,372,4,UNKNOWN_1e,待ちな,기다려,기다려
dom2Orochi_X01.mes,Script/dom2Orochi_X01.mes,373,5,주인공,……!?,……!?,……!?
dom2Orochi_X01.mes,Script/dom2Orochi_X01.mes,374,4,UNKNOWN_47,誰!?,누구!,누구!
dom2Orochi_X01.mes,Script/dom2Orochi_X01.mes,375,11,주인공,く……草薙先輩……!,크…쿠사나기……!,크…쿠사나기……!
dom2Orochi_X01.mes,Script/dom2Orochi_X01.mes,376,14,UNKNOWN_47,この男が、払う者、草薙……,"정화하는 자,쿠사나기……","정화하는 자,쿠사나기……"
dom2Orochi_X01.mes,Script/dom2Orochi_X01.mes,377,23,Kyo,ったく、お前はこんなとこでなに<6E5C>遊んでんだよ,"쳇, 넌 이런 데서 뭘<6E5C>놀고 있는 거야","쳇, 넌 이런 데서 뭘<6E5C>놀고 있는 거야"
dom2Orochi_X01.mes,Script/dom2Orochi_X01.mes,378,14,주인공,いや、遊んでるわけじゃ……,"아니,노는 게 아니라……","아니,노는 게 아니라……"
dom2Orochi_X01.mes,Script/dom2Orochi_X01.mes,379,38,Kyo,お前がたどり着かなきゃならない<6E5C>場所ってのは、もっと先だろ?<6E5C>さっさと行け,"네가 도착해야 할<6E5C>곳은, 더 앞쪽이잖아?<6E5C>빨리 가","네가 도착해야 할<6E5C>곳은, 더 앞쪽이잖아?<6E5C>빨리 가"
dom2Orochi_X01.mes,Script/dom2Orochi_X01.mes,380,21,주인공,も、もうちょっとだけ待って<6E5C>ください……,"조, 조금만 더 기다려주세요……","조, 조금만 더 기다려주세요……"
dom2Orochi_X01.mes,Script/dom2Orochi_X01.mes,381,31,Kyo,やれやれ、なにやってんだか.<6E5C>まぁいいよ、もう少しだけ寝とけ,"어휴, 뭐 하는 건지.<6E5C>뭐 됐어, 좀 더 자고 있어","어휴, 뭐 하는 건지.<6E5C>뭐 됐어, 좀 더 자고 있어"
dom2Orochi_X01.mes,Script/dom2Orochi_X01.mes,382,17,UNKNOWN_47,あらあら、おやさしいことね、草薙,"어머,다정하기도 하네,쿠사나기","어머,다정하기도 하네,쿠사나기"
dom2Orochi_X01.mes,Script/dom2Orochi_X01.mes,383,39,UNKNOWN_47,払う者としてのプライドは、その坊<6E5C>やの露払いにまで落ちたということ<6E5C>かしら?,"정화하는 자로서의 자존심은,그<6E5C>애송이길잡이 노릇까지<6E5C>떨어졌다는 거야?","정화하는 자로서의 자존심은,그<6E5C>애송이길잡이 노릇까지<6E5C>떨어졌다는 거야?"
dom2Orochi_X01.mes,Script/dom2Orochi_X01.mes,384,30,Kyo,好きに言ってろ.俺のプライドは<6E5C>俺がわかってればそれでいい,맘대로 지껄여.내 자존심은<6E5C>내가 알면 그걸로 됐어,맘대로 지껄여.내 자존심은<6E5C>내가 알면 그걸로 됐어
dom2Orochi_X01.mes,Script/dom2Orochi_X01.mes,385,37,Kyo,さあ、かかって来いよ.<6E5C>お前の相手は俺がしてやる.<6E5C><이름:3232>の邪魔はさせねぇ,"자, 덤벼봐.네 상대는 내가 해주지.<6E5C><이름:3232> 방해는 안 시킨다","자, 덤벼봐.네 상대는 내가 해주지.<6E5C><이름:3232> 방해는 안 시킨다"
dom2Orochi_X01.mes,Script/dom2Orochi_X01.mes,386,22,Kyo,頼りない奴だが、俺のかわいい後輩<6E5C>なんでな,"미덥잖은 녀석이지만,내귀여운 후배<6E5C>거든","미덥잖은 녀석이지만,내귀여운 후배<6E5C>거든"
dom2Orochi_X01.mes,Script/dom2Orochi_X01.mes,387,11,UNKNOWN_47,落ちたものね、草薙!,"형편없네,쿠사나기!","형편없네,쿠사나기!"
dom2Orochi_X01.mes,Script/dom2Orochi_X01.mes,388,7,[효과음/내레이션],バチバチッ!,파지직!,파지직!
dom2Orochi_X01.mes,Script/dom2Orochi_X01.mes,389,16,Kyo,行くぜぇ!喰らい、やがれぇ!!,"간다아!먹어라,이 자식아!!","간다아!먹어라,이 자식아!!"
dom2Orochi_X01.mes,Script/dom2Orochi_X01.mes,390,7,[효과음/내레이션],ゴォォォッ!,고오오오!,고오오오!
dom2Orochi_X01.mes,Script/dom2Orochi_X01.mes,391,14,Chizuru,草薙……来てくれたのですね,쿠사나기……와주셨군요,쿠사나기……와주셨군요
dom2Orochi_X01.mes,Script/dom2Orochi_X01.mes,392,23,Kyo,礼なんかいいから、今のうちに<6E5C>さっさと行け!,"인사는 됐으니까, 지금 중에<6E5C>얼른 가!","인사는 됐으니까, 지금 중에<6E5C>얼른 가!"
dom2Orochi_X01.mes,Script/dom2Orochi_X01.mes,393,4,주인공,はい!,네!,네!
dom2Orochi_X01.mes,Script/dom2Orochi_X01.mes,394,8,[효과음/내레이션],タッタッタ……,다다닥……,다다닥……
dom2Orochi_X01.mes,Script/dom2Orochi_X01.mes,395,12,Chizuru,<이름:3131>君、体は動きそう?,"<이름:3131>군,움직이겠어?","<이름:3131>군,움직이겠어?"
dom2Orochi_X01.mes,Script/dom2Orochi_X01.mes,396,17,주인공,は、はい……なんとか動きそうです,"네,네……어떻게든 움직여요","네,네……어떻게든 움직여요"
dom2Orochi_X01.mes,Script/dom2Orochi_X01.mes,397,32,Chizuru,そう……なら<이름:3131>君、ここは私に<6E5C>任せて、あなたは先へ進みなさい,"그래……그럼 <이름:3131>군, 여긴 나한테<6E5C>맡기고, 넌 먼저 가","그래……그럼 <이름:3131>군, 여긴 나한테<6E5C>맡기고, 넌 먼저 가"
dom2Orochi_X01.mes,Script/dom2Orochi_X01.mes,398,5,주인공,え……?,어……?,어……?
dom2Orochi_X01.mes,Script/dom2Orochi_X01.mes,399,54,Chizuru,こんなところで足止めを食っていた<6E5C>のでは、とてもオロチの遺産へはた<6E5C>どり着けないわ<485C>ここは私が盾になります,"이런 곳에서 발이 묶여서는,<6E5C>도저히 오로치 유산까지는<6E5C>다다를 수 없어<485C>여긴 내가 방패가 될게요","이런 곳에서 발이 묶여서는,<6E5C>도저히 오로치 유산까지는<6E5C>다다를 수 없어<485C>여긴 내가 방패가 될게요"
dom2Orochi_X01.mes,Script/dom2Orochi_X01.mes,400,30,주인공,そ、そんな……神楽先輩をひとり<6E5C>置いてなんて行けませんよ!,"그, 그런……카구라 선배를 혼자<6E5C>두고 갈 순 없어요!","그, 그런……카구라 선배를 혼자<6E5C>두고 갈 순 없어요!"
dom2Orochi_X01.mes,Script/dom2Orochi_X01.mes,401,43,Chizuru,あなたには護りたい人たちがいるの<6E5C>でしょう!ためらう時間も惜しん<6E5C>で前へ進みなさい!,너한텐 지키고 싶은 사람들이<6E5C>있잖아!망설일 시간도 아까우니<6E5C>앞으로 나아가!,너한텐 지키고 싶은 사람들이<6E5C>있잖아!망설일 시간도 아까우니<6E5C>앞으로 나아가!
dom2Orochi_X01.mes,Script/dom2Orochi_X01.mes,402,33,주인공,うぅ……わ、わかりました.<6E5C>神楽先輩、絶対無事でいて<6E5C>ください!,"으윽……아,알겠습니다.<6E5C>카구라 선배,꼭 무사히<6E5C>있어주세요!","으윽……아,알겠습니다.<6E5C>카구라 선배,꼭 무사히<6E5C>있어주세요!"
dom2Orochi_X01.mes,Script/dom2Orochi_X01.mes,403,16,Chizuru,だいじょうぶ、すぐに追いつくわ,"괜찮아, 금방 따라갈게","괜찮아, 금방 따라갈게"
dom2Orochi_X01.mes,Script/dom2Orochi_X01.mes,404,7,주인공,待ってます!,기다릴게요!,기다릴게요!
dom2Orochi_X01.mes,Script/dom2Orochi_X01.mes,405,8,[효과음/내레이션],タッタッタ……,다다닥……,다다닥……
dom2Orochi_X01.mes,Script/dom2Orochi_X01.mes,406,37,UNKNOWN_47,わからないわねぇ.<6E5C>あんな坊やにどれほどの価値を<6E5C>見出してるというわけ?,이해가 안 되네.<6E5C>저런 애송이한테 대체 무슨<6E5C>가치를 느끼는 거야?,이해가 안 되네.<6E5C>저런 애송이한테 대체 무슨<6E5C>가치를 느끼는 거야?
dom2Orochi_X01.mes,Script/dom2Orochi_X01.mes,407,49,Chizuru,……被には、護るべき人たちがいる<6E5C>わ.その想いは、こんなところで<6E5C>くじかれるべきものではないのよ,"……그에게는, 지켜야 할 사람들이<6E5C>있어.그 마음은, 이런 곳에서<6E5C>꺾여선 안 되는 거야","……그에게는, 지켜야 할 사람들이<6E5C>있어.그 마음은, 이런 곳에서<6E5C>꺾여선 안 되는 거야"
dom2Orochi_X01.mes,Script/dom2Orochi_X01.mes,408,30,UNKNOWN_47,ふーん……それが、護る者としての<6E5C>あなたの選択というわけね,"흐응……그게, 지키는 자로서의<6E5C>네 선택이라는 거네","흐응……그게, 지키는 자로서의<6E5C>네 선택이라는 거네"
dom2Orochi_X01.mes,Script/dom2Orochi_X01.mes,409,23,Chizuru,……そうよ.<6E5C>私は、<이름:3131>君にすべてを任せるわ,"……그래.<6E5C>나는, <이름:3131>군에게 전부 맡길게","……그래.<6E5C>나는, <이름:3131>군에게 전부 맡길게"
dom2Orochi_X01.mes,Script/dom2Orochi_X01.mes,410,61,UNKNOWN_47,そう.あの坊やがこの先へ進めると<6E5C>は思えないから、好きにさせてあげ<6E5C>るけど……<485C>あなたにはここでリタイヤして<6E5C>もらうわよ,"그래.저 애송이 앞으로 나아갈 수<6E5C>있을 것 같진 않으니,마음대로<6E5C>하게 두겠지만……<485C>넌 여기서 은퇴해<6E5C>줘야겠어","그래.저 애송이 앞으로 나아갈 수<6E5C>있을 것 같진 않으니,마음대로<6E5C>하게 두겠지만……<485C>넌 여기서 은퇴해<6E5C>줘야겠어"
dom2Orochi_X01.mes,Script/dom2Orochi_X01.mes,411,7,[효과음/내레이션],バチバチッ!,파지직!,파지직!
dom2Orochi_X01.mes,Script/dom2Orochi_X01.mes,412,13,Chizuru,(<이름:3131>君……頼んだわよ),(<이름:3131>군……부탁해),(<이름:3131>군……부탁해)
dom2Orochi_X01.mes,Script/dom2Orochi_X01.mes,413,8,[효과음/내레이션],タッタッタ……,다다닥……,다다닥……
dom2Orochi_X01.mes,Script/dom2Orochi_X01.mes,414,26,주인공,(なんて禍々しい洞窟だ.<6E5C>足音が異様に響くし……),(불길한 동굴이네.<6E5C>발소리 이상히 울리고……),(불길한 동굴이네.<6E5C>발소리 이상히 울리고……)
dom2Orochi_X01.mes,Script/dom2Orochi_X01.mes,415,7,[효과음/내레이션],バチバチッ!,파지직!,파지직!
dom2Orochi_X01.mes,Script/dom2Orochi_X01.mes,416,5,주인공,ぐ……!,크윽……,크윽……
dom2Orochi_X01.mes,Script/dom2Orochi_X01.mes,417,4,[효과음/내레이션],ドサッ,털썩,털썩
dom2Orochi_X01.mes,Script/dom2Orochi_X01.mes,418,23,UNKNOWN_1e,よくここまで来れたわねぇ.<6E5C>でも、ここまでよ,"용케 여기까지 왔네.<6E5C>하지만, 여기까지야","용케 여기까지 왔네.<6E5C>하지만, 여기까지야"
dom2Orochi_X01.mes,Script/dom2Orochi_X01.mes,419,17,주인공,(だ、誰だ……顔が見えない……),(누구지……얼굴 안 보여……),(누구지……얼굴 안 보여……)
dom2Orochi_X01.mes,Script/dom2Orochi_X01.mes,420,40,UNKNOWN_1e,オロチの遺産はあなたが手に<6E5C>取るには崇高過ぎるものよ.<6E5C>身の程をわきまえなさい,오로치의 유산은 네가 손에<6E5C>넣기엔 너무 고귀한 것이야.<6E5C>분수를 알아,오로치의 유산은 네가 손에<6E5C>넣기엔 너무 고귀한 것이야.<6E5C>분수를 알아
dom2Orochi_X01.mes,Script/dom2Orochi_X01.mes,421,21,주인공,(な、なんだと……うぅ……<6E5C>意識が……),"(뭐, 뭐라고……으윽……<6E5C>의식이……)","(뭐, 뭐라고……으윽……<6E5C>의식이……)"
dom2Orochi_X01.mes,Script/dom2Orochi_X01.mes,422,39,UNKNOWN_1e,(あなたを信じたあの女も、今ごろ<6E5C>地面をなめてることでしょうね.<6E5C>クク……),"(널 믿은 그 여자도, 지금쯤<6E5C>땅바닥을 기고 있겠지.<6E5C>큭큭……)","(널 믿은 그 여자도, 지금쯤<6E5C>땅바닥을 기고 있겠지.<6E5C>큭큭……)"
dom2Orochi_X01.mes,Script/dom2Orochi_X01.mes,423,8,[효과음/내레이션],タッタッタ……,다다닥……,다다닥……
dom2Orochi_X01.mes,Script/dom2Orochi_X01.mes,424,4,주인공,あ……,아……,아……
dom2Orochi_X01.mes,Script/dom2Orochi_X01.mes,425,3,[효과음/내레이션],ザッ,스윽,스윽
dom2Orochi_X01.mes,Script/dom2Orochi_X01.mes,426,5,Chizuru,扉ね……,문이네,문이네
dom2Orochi_X01.mes,Script/dom2Orochi_X01.mes,427,29,주인공,はい.でも、扉へ続く道が、おかし<6E5C>な摸様の床になってます,네.근데 문 앞 길이<6E5C>이상한 무늬 바닥이에요,네.근데 문 앞 길이<6E5C>이상한 무늬 바닥이에요
dom2Orochi_X01.mes,Script/dom2Orochi_X01.mes,428,34,Chizuru,これは……古い文字のようね.<6E5C>おそらく、オロチにまつわる<6E5C>伝承……,"이건……오래된 문자네.<6E5C>아마도,오로치에 얽힌<6E5C>전승이겠지……","이건……오래된 문자네.<6E5C>아마도,오로치에 얽힌<6E5C>전승이겠지……"
dom2Orochi_X01.mes,Script/dom2Orochi_X01.mes,429,8,주인공,伝承……ですか,전승……인가요,전승……인가요
dom2Orochi_X01.mes,Script/dom2Orochi_X01.mes,430,7,Chizuru,……なるほど,……그렇군,……그렇군
dom2Orochi_X01.mes,Script/dom2Orochi_X01.mes,431,13,주인공,なにかわかったんですか?,뭔가 알아내신 거예요?,뭔가 알아내신 거예요?
dom2Orochi_X01.mes,Script/dom2Orochi_X01.mes,432,50,Chizuru,これは暗号ね.正しい道を進んで扉<6E5C>にたどり着くためには、おそらくこ<6E5C>の暗号を解かなくてはならないわ,"이건 암호네.바른 길로 나아가 문에<6E5C>다다르려면, 아마 이<6E5C>암호를 풀어야 할 거야","이건 암호네.바른 길로 나아가 문에<6E5C>다다르려면, 아마 이<6E5C>암호를 풀어야 할 거야"
dom2Orochi_X01.mes,Script/dom2Orochi_X01.mes,433,11,주인공,もし解けなかったら?,만약 못 풀면요?,만약 못 풀면요?
dom2Orochi_X01.mes,Script/dom2Orochi_X01.mes,434,21,Chizuru,……なにかしらの罠が発動する<6E5C>でしょうね,……뭔가 함정이 발동하겠지,……뭔가 함정이 발동하겠지
dom2Orochi_X01.mes,Script/dom2Orochi_X01.mes,435,6,주인공,ゴクッ……,꿀꺽……,꿀꺽……
dom2Orochi_X01.mes,Script/dom2Orochi_X01.mes,436,12,Chizuru,ここは<이름:3131>君に任せたわ,여긴 <이름:3131>군한테 맡겨,여긴 <이름:3131>군한테 맡겨
dom2Orochi_X01.mes,Script/dom2Orochi_X01.mes,437,13,주인공,え、えぇ!?僕ですか!?,"예, 예!? 저요!?","예, 예!? 저요!?"
dom2Orochi_X01.mes,Script/dom2Orochi_X01.mes,438,33,Chizuru,ごめんなさい、私こういうパズルの<6E5C>ようなものは苦手なの.<6E5C>お願い,"미안, 나 이런 퍼즐<6E5C>같은 건 잘 못하거든.<6E5C>부탁해","미안, 나 이런 퍼즐<6E5C>같은 건 잘 못하거든.<6E5C>부탁해"
dom2Orochi_X01.mes,Script/dom2Orochi_X01.mes,439,9,주인공,……わかりました,……알겠습니다,……알겠습니다
dom2Orochi_X01.mes,Script/dom2Orochi_X01.mes,440,46,주인공,(古い文献を読みあさったおかげ<6E5C>で、僕にも床の文字は読めるし<6E5C>……なんとかやるしかないな),"(옛 문헌 뒤진 덕에,<6E5C>바닥 문자 읽을 수 있으니<6E5C>……어떻게든 해볼 수밖에 없네)","(옛 문헌 뒤진 덕에,<6E5C>바닥 문자 읽을 수 있으니<6E5C>……어떻게든 해볼 수밖에 없네)"
dom2Orochi_X01.mes,Script/dom2Orochi_X01.mes,441,6,주인공,暗号は……,암호는……,암호는……
dom2Orochi_X01.mes,Script/dom2Orochi_X01.mes,442,65,주인공,凶月照らす夜、その男、大いなる<6E5C>力まといて降臨せし<485C>汝、その衣まとうことを欲する<6E5C>なら、三種の神器……を手に、<6E5C>祈りを捧げるべし,"흉월 비추는 밤, 그 사내,크나큰<6E5C>힘 두르고 강림하리니<485C>그 옷 두르려면<6E5C>삼종신기를 손에 들고,<6E5C>기도를 바쳐야 하리라","흉월 비추는 밤, 그 사내,크나큰<6E5C>힘 두르고 강림하리니<485C>그 옷 두르려면<6E5C>삼종신기를 손에 들고,<6E5C>기도를 바쳐야 하리라"
dom2Orochi_X01.mes,Script/dom2Orochi_X01.mes,443,16,주인공,三種の神器ってなんだっけ……?,삼종신기가 뭐였더라……?,삼종신기가 뭐였더라……?
dom2Orochi_X01.mes,Script/dom2Orochi_X01.mes,444,80,[선택지],草薙の拳、八尺瓊の宝珠、八咫の楔草薙の剣、八尺瓊の勾玉、八咫の楔草薙の剣、八尺瓊の宝珠、八咫の鏡草薙の剣、八尺瓊の勾玉、八咫の鏡草薙の拳、八尺瓊の勾玉、八咫の鏡,"권, 보주, 쐐기\검, 곡옥, 쐐기\검, 보주, 거울\검, 곡옥, 거울\권, 곡옥, 거울","권, 보주, 쐐기\검, 곡옥, 쐐기\검, 보주, 거울\검, 곡옥, 거울\권, 곡옥, 거울"
dom2Orochi_X01.mes,Script/dom2Orochi_X01.mes,445,21,주인공,たしかこの3つだから……<6E5C>こっちの道だな,분명 이 셋이니까……<6E5C>이쪽 길이겠지,분명 이 셋이니까……<6E5C>이쪽 길이겠지
dom2Orochi_X01.mes,Script/dom2Orochi_X01.mes,446,6,[효과음/내레이션],ガコンッ!,덜컹!,덜컹!
dom2Orochi_X01.mes,Script/dom2Orochi_X01.mes,447,10,주인공,う、うわ……床が!,우우와……바닥이!,우우와……바닥이!
dom2Orochi_X01.mes,Script/dom2Orochi_X01.mes,448,5,Chizuru,<이름:3131>君!,<이름:3131>군!,<이름:3131>군!
dom2Orochi_X01.mes,Script/dom2Orochi_X01.mes,449,5,[효과음/내레이션],ガシッ!,콱!,콱!
dom2Orochi_X01.mes,Script/dom2Orochi_X01.mes,450,28,주인공,ハァ、ハァ、あ、危なかった……<6E5C>助かりました、神楽先輩,"하아하아, 아 위험했다……<6E5C>살았어요, 카구라 선배","하아하아, 아 위험했다……<6E5C>살았어요, 카구라 선배"
dom2Orochi_X01.mes,Script/dom2Orochi_X01.mes,451,45,Chizuru,気をつけましょう.うかつに不正解<6E5C>を選ぶと、足元の床が抜ける仕掛け<6E5C>になっているようだわ,"조심하죠.섣불리 오답을<6E5C>고르면, 발밑 바닥이 꺼지는<6E5C>구조인 것 같아","조심하죠.섣불리 오답을<6E5C>고르면, 발밑 바닥이 꺼지는<6E5C>구조인 것 같아"
dom2Orochi_X01.mes,Script/dom2Orochi_X01.mes,452,17,Chizuru,落ちたら……まずいことになるわね,떨어지면……곤란한 일이 되겠네,떨어지면……곤란한 일이 되겠네
dom2Orochi_X01.mes,Script/dom2Orochi_X01.mes,453,11,주인공,ま、まずいことですか,"고,곤란한 일이요?","고,곤란한 일이요?"
dom2Orochi_X01.mes,Script/dom2Orochi_X01.mes,454,16,Chizuru,ええ.慎重に答えを探しましょう,그래.신중하게 답을 찾죠,그래.신중하게 답을 찾죠
dom2Orochi_X01.mes,Script/dom2Orochi_X01.mes,455,16,주인공,慎重に慎重に……答えはこれだ!,"신중,또신중……답은 이거다!","신중,또신중……답은 이거다!"
dom2Orochi_X01.mes,Script/dom2Orochi_X01.mes,456,14,주인공,この3つで間違いないです!,이 셋이 틀림없어요!,이 셋이 틀림없어요!
dom2Orochi_X01.mes,Script/dom2Orochi_X01.mes,457,6,[효과음/내레이션],ガコンッ!,덜컹!,덜컹!
dom2Orochi_X01.mes,Script/dom2Orochi_X01.mes,458,12,주인공,うわっ!これも違った!,으왓!이것도 틀렸다!,으왓!이것도 틀렸다!
dom2Orochi_X01.mes,Script/dom2Orochi_X01.mes,459,28,Chizuru,<이름:3131>君……お願いだから、もっと<6E5C>慎重に考えてちょうだい,"<이름:3131>군……제발, 좀 더<6E5C>신중하게 생각해줘","<이름:3131>군……제발, 좀 더<6E5C>신중하게 생각해줘"
dom2Orochi_X01.mes,Script/dom2Orochi_X01.mes,460,8,주인공,す、すみません,"죄, 죄송해요","죄, 죄송해요"
dom2Orochi_X01.mes,Script/dom2Orochi_X01.mes,461,40,Chizuru,今の暗号……よく考えてみて.<6E5C>3つのうち、ひとつは私の神器<6E5C>……八咫の鏡のはず,방금 그 암호……잘생각해봐.<6E5C>셋중 하나는 내 신기<6E5C>……야타 거울일 거야,방금 그 암호……잘생각해봐.<6E5C>셋중 하나는 내 신기<6E5C>……야타 거울일 거야
dom2Orochi_X01.mes,Script/dom2Orochi_X01.mes,462,33,Chizuru,これを営んでいるものを選び出して<6E5C>いけば、答えは見えてくるはずよ,"이걸 품고 있는 걸 골라<6E5C>나가면, 답이 보일 거야","이걸 품고 있는 걸 골라<6E5C>나가면, 답이 보일 거야"
dom2Orochi_X01.mes,Script/dom2Orochi_X01.mes,463,13,주인공,……そうか、わかったぞ!,"……그렇구나, 알았다!","……그렇구나, 알았다!"
dom2Orochi_X01.mes,Script/dom2Orochi_X01.mes,464,14,주인공,今度こそ正解を……これだ!,이번엔 정답을……이거다!,이번엔 정답을……이거다!
dom2Orochi_X01.mes,Script/dom2Orochi_X01.mes,465,3,Chizuru,……,……,……
dom2Orochi_X01.mes,Script/dom2Orochi_X01.mes,466,10,주인공,……当たり、かな?,"……정답, 인가?","……정답, 인가?"
dom2Orochi_X01.mes,Script/dom2Orochi_X01.mes,467,6,[효과음/내레이션],ガコンッ!,덜컹!,덜컹!
dom2Orochi_X01.mes,Script/dom2Orochi_X01.mes,468,11,주인공,うわっ!また違った!,으왓! 또 틀렸다!,으왓! 또 틀렸다!
dom2Orochi_X01.mes,Script/dom2Orochi_X01.mes,469,15,주인공,(ヤ、ヤバイ!……落ちる!),"(이,이런!……떨어진다!)","(이,이런!……떨어진다!)"
dom2Orochi_X01.mes,Script/dom2Orochi_X01.mes,470,5,Chizuru,<이름:3131>君!,<이름:3131>군!,<이름:3131>군!
dom2Orochi_X01.mes,Script/dom2Orochi_X01.mes,471,4,[효과음/내레이션],ガシッ,콱,콱
dom2Orochi_X01.mes,Script/dom2Orochi_X01.mes,472,5,[효과음/내레이션],ドサッ!,털썩!,털썩!
dom2Orochi_X01.mes,Script/dom2Orochi_X01.mes,473,16,주인공,ハァ、ハァ、助かった……あれ?,"하아, 하아,살았다……어라?","하아, 하아,살았다……어라?"
dom2Orochi_X01.mes,Script/dom2Orochi_X01.mes,474,6,주인공,神楽先輩?,카구라?,카구라?
dom2Orochi_X01.mes,Script/dom2Orochi_X01.mes,475,5,[효과음/내레이션],…………,……,……
dom2Orochi_X01.mes,Script/dom2Orochi_X01.mes,476,21,주인공,(ま、まさか……僕の身代わり<6E5C>に……?),"(서, 설마……날 대신해서……?)","(서, 설마……날 대신해서……?)"
dom2Orochi_X01.mes,Script/dom2Orochi_X01.mes,477,15,주인공,うわぁぁぁ!!神楽先輩!!!,으아아아!!카구라 선배!!,으아아아!!카구라 선배!!
dom2Orochi_X01.mes,Script/dom2Orochi_X01.mes,478,5,[효과음/내레이션],…………,……,……
dom2Orochi_X01.mes,Script/dom2Orochi_X01.mes,479,31,주인공,(返事がない……やっぱり、穴に<6E5C>落ちたんだ……僕のせいで!),"(대답 없어……역시,구멍에<6E5C>떨어진 거야……나 때문에!)","(대답 없어……역시,구멍에<6E5C>떨어진 거야……나 때문에!)"
dom2Orochi_X01.mes,Script/dom2Orochi_X01.mes,480,10,주인공,う、うぅ……くそっ,"으, 으윽……젠장","으, 으윽……젠장"
dom2Orochi_X01.mes,Script/dom2Orochi_X01.mes,481,52,주인공,(こ……ここで僕がくじけたら、<6E5C>神楽先輩に合わせる顔がない!)<485C>(なんとしても、先へ<6E5C>進まないと……),"(여기서 내가 꺾이면,<6E5C>카구라 선배 볼 낯이 없어!)<485C>(어떻게든, 앞으로<6E5C>나아가야 해……)","(여기서 내가 꺾이면,<6E5C>카구라 선배 볼 낯이 없어!)<485C>(어떻게든, 앞으로<6E5C>나아가야 해……)"
dom2Orochi_X01.mes,Script/dom2Orochi_X01.mes,482,13,주인공,よし!ラストチャンスだ!,좋아! 마지막 기회다!,좋아! 마지막 기회다!
dom2Orochi_X01.mes,Script/dom2Orochi_X01.mes,483,7,주인공,……これだ!,……이거다!,……이거다!
dom2Orochi_X01.mes,Script/dom2Orochi_X01.mes,484,5,[효과음/내레이션],…………,……,……
dom2Orochi_X01.mes,Script/dom2Orochi_X01.mes,485,24,주인공,な、なにも起こらない?<6E5C>ということは……あぁ!,아무 일 안 일어나?<6E5C>그렇다는 건……아아!,아무 일 안 일어나?<6E5C>그렇다는 건……아아!
dom2Orochi_X01.mes,Script/dom2Orochi_X01.mes,486,6,[효과음/내레이션],ガコンッ!,덜컹!,덜컹!
dom2Orochi_X01.mes,Script/dom2Orochi_X01.mes,487,11,주인공,う、うわぁぁぁぁ!!,"우, 우와아아아!!","우, 우와아아아!!"
dom2Orochi_X01.mes,Script/dom2Orochi_X01.mes,488,12,주인공,(みんな……ごめん!),(다들……미안!),(다들……미안!)
dom2Orochi_X01.mes,Script/dom2Orochi_X01.mes,489,4,[효과음/내레이션],ドサッ,털썩,털썩
dom2Orochi_X01.mes,Script/dom2Orochi_X01.mes,490,5,[효과음/내레이션],…………,……,……
dom2Orochi_X01.mes,Script/dom2Orochi_X01.mes,491,16,주인공,三種の神器といえば……これだ!,삼종신기라면……이거다!,삼종신기라면……이거다!
dom2Orochi_X01.mes,Script/dom2Orochi_X01.mes,492,5,[효과음/내레이션],ガガガッ,드드득,드드득
dom2Orochi_X01.mes,Script/dom2Orochi_X01.mes,493,9,[효과음/내레이션],ゴゴーーーンッ!,구구구웅!,구구구웅!
dom2Orochi_X01.mes,Script/dom2Orochi_X01.mes,494,28,주인공,(ゆ、床の摸様が消えた?よし、<6E5C>これで扉に進めるぞ!),"(바닥 무늬가 사라졌어?<6E5C>좋아, 문으로 가자!)","(바닥 무늬가 사라졌어?<6E5C>좋아, 문으로 가자!)"
dom2Orochi_X01.mes,Script/dom2Orochi_X01.mes,495,3,[효과음/내레이션],ザッ,스윽,스윽
dom2Orochi_X01.mes,Script/dom2Orochi_X01.mes,496,16,주인공,(この扉……鍵穴が3つある?),(이 문……열쇠구멍 세개?),(이 문……열쇠구멍 세개?)
dom2Orochi_X01.mes,Script/dom2Orochi_X01.mes,497,15,주인공,3つの鍵といえば……これだな,세 개 열쇠라면……이거겠지,세 개 열쇠라면……이거겠지
dom2Orochi_X01.mes,Script/dom2Orochi_X01.mes,498,4,[효과음/내레이션],カチャ,철컥,철컥
dom2Orochi_X01.mes,Script/dom2Orochi_X01.mes,499,4,[효과음/내레이션],カチャ,철컥,철컥
dom2Orochi_X01.mes,Script/dom2Orochi_X01.mes,500,4,[효과음/내레이션],カチャ,철컥,철컥
dom2Orochi_X01.mes,Script/dom2Orochi_X01.mes,501,5,[효과음/내레이션],ガゴンッ,철커덩,철커덩
dom2Orochi_X01.mes,Script/dom2Orochi_X01.mes,502,9,[효과음/내레이션],ゴゴゴゴゴゴ……,구구구구구……,구구구구구……
dom2Orochi_X01.mes,Script/dom2Orochi_X01.mes,503,17,주인공,あ、開いた!よ、よし、先へ……!,"아, 열렸다!좋아,앞으로……!","아, 열렸다!좋아,앞으로……!"
dom2Orochi_X01.mes,Script/dom2Orochi_X01.mes,504,8,[효과음/내레이션],タッタッタ……,다다닥……,다다닥……
dom2Orochi_X01.mes,Script/dom2Orochi_X01.mes,505,27,주인공,ちょ、ちょっと待てよ?<6E5C>鍵なんて3つも持ってないぞ?,"자, 잠깐만?<6E5C>열쇠 같은 거 세 개나 없는데?","자, 잠깐만?<6E5C>열쇠 같은 거 세 개나 없는데?"
dom2Orochi_X01.mes,Script/dom2Orochi_X01.mes,506,6,[효과음/내레이션],ガコンッ!,덜컹!,덜컹!
dom2Orochi_X01.mes,Script/dom2Orochi_X01.mes,507,11,주인공,う、うわぁぁぁぁ!!,"우, 우와아아아!!","우, 우와아아아!!"
dom2Orochi_X01.mes,Script/dom2Orochi_X01.mes,508,13,주인공,(ゆ、床が抜けた!!!),(바닥이 꺼졌다!!!),(바닥이 꺼졌다!!!)
dom2Orochi_X01.mes,Script/dom2Orochi_X01.mes,509,12,주인공,(みんな……ごめん!),(다들……미안!),(다들……미안!)
dom2Orochi_X01.mes,Script/dom2Orochi_X01.mes,510,4,[효과음/내레이션],ドサッ,털썩,털썩
dom2Orochi_X01.mes,Script/dom2Orochi_X01.mes,511,5,[효과음/내레이션],…………,……,……
dom2Orochi_X01.mes,Script/dom2Orochi_X01.mes,512,8,[효과음/내레이션],タッタッタ……,다다닥……,다다닥……
dom2Orochi_X01.mes,Script/dom2Orochi_X01.mes,513,4,주인공,あ……,아……,아……
dom2Orochi_X01.mes,Script/dom2Orochi_X01.mes,514,3,[효과음/내레이션],ザッ,스윽,스윽
dom2Orochi_X01.mes,Script/dom2Orochi_X01.mes,515,5,주인공,扉だ……,문이다,문이다
dom2Orochi_X01.mes,Script/dom2Orochi_X01.mes,516,30,주인공,(でも、扉へ続く道が、おかしな<6E5C>摸様の床になってるな……),"(근데 문으로 가는 길이,<6E5C>이상한 무늬 바닥이네……)","(근데 문으로 가는 길이,<6E5C>이상한 무늬 바닥이네……)"
dom2Orochi_X01.mes,Script/dom2Orochi_X01.mes,517,20,주인공,えらく古い文字だな.これは……暗<6E5C>号?,꽤오래된 문자네.이건……암<6E5C>호인가?,꽤오래된 문자네.이건……암<6E5C>호인가?
dom2Orochi_X01.mes,Script/dom2Orochi_X01.mes,518,60,주인공,(古い文献を読みあさったおかげ<6E5C>で、床の文字が読める……<485C>そうか、この暗号を解かないと<6E5C>、扉へはたどり着けないんだな),(옛 문헌 덕에 바닥 문자를<6E5C>읽을 수 있어……<485C>이 암호를 풀어야<6E5C>문에 다다를 수 있겠구나),(옛 문헌 덕에 바닥 문자를<6E5C>읽을 수 있어……<485C>이 암호를 풀어야<6E5C>문에 다다를 수 있겠구나)
dom2Orochi_X01.mes,Script/dom2Orochi_X01.mes,519,6,주인공,暗号は……,암호는……,암호는……
dom2Orochi_X01.mes,Script/dom2Orochi_X01.mes,520,65,주인공,凶月照らす夜、その男、大いなる力<6E5C>まといて降臨せし<485C>汝、その衣まとうことを欲する<6E5C>なら、三種の神器……を手に、<6E5C>祈りを捧げるべし,"흉월 비추는 밤, 그 사내,크나큰<6E5C>힘 두르고 강림하리니<485C>그 옷 두르려면<6E5C>삼종신기를 손에 들고,<6E5C>기도를 바쳐야 하리라","흉월 비추는 밤, 그 사내,크나큰<6E5C>힘 두르고 강림하리니<485C>그 옷 두르려면<6E5C>삼종신기를 손에 들고,<6E5C>기도를 바쳐야 하리라"
dom2Orochi_X01.mes,Script/dom2Orochi_X01.mes,521,16,주인공,三種の神器ってなんだっけ……?,삼종신기가 뭐였더라……?,삼종신기가 뭐였더라……?
dom2Orochi_X01.mes,Script/dom2Orochi_X01.mes,522,80,[선택지],草薙の拳、八尺瓊の宝珠、八咫の楔草薙の剣、八尺瓊の勾玉、八咫の楔草薙の剣、八尺瓊の宝珠、八咫の鏡草薙の剣、八尺瓊の勾玉、八咫の鏡草薙の拳、八尺瓊の勾玉、八咫の鏡,"권, 보주, 쐐기\검, 곡옥, 쐐기\검, 보주, 거울\검, 곡옥, 거울\권, 곡옥, 거울","권, 보주, 쐐기\검, 곡옥, 쐐기\검, 보주, 거울\검, 곡옥, 거울\권, 곡옥, 거울"
dom2Orochi_X01.mes,Script/dom2Orochi_X01.mes,523,21,주인공,たしかこの3つだから……こっちの<6E5C>道だな,분명 이 셋이니까……이쪽<6E5C>길이겠지,분명 이 셋이니까……이쪽<6E5C>길이겠지
dom2Orochi_X01.mes,Script/dom2Orochi_X01.mes,524,6,[효과음/내레이션],ガコンッ!,덜컹!,덜컹!
dom2Orochi_X01.mes,Script/dom2Orochi_X01.mes,525,10,주인공,う、うわ……床が!,우우와……바닥이!,우우와……바닥이!
dom2Orochi_X01.mes,Script/dom2Orochi_X01.mes,526,43,주인공,(あ、危なかった……なんだよ<6E5C>これ!間違えたら床が抜ける<6E5C>仕掛けになってるのか!?),"(아, 위험했다……뭐야<6E5C>이거!틀리면 바닥이 꺼지는<6E5C>구조인 거야!?)","(아, 위험했다……뭐야<6E5C>이거!틀리면 바닥이 꺼지는<6E5C>구조인 거야!?)"
dom2Orochi_X01.mes,Script/dom2Orochi_X01.mes,527,23,주인공,ゴクッ……落ちたら、助かりそうに<6E5C>ないな……,"꿀꺽……떨어지면, 살아남기<6E5C>힘들겠는데……","꿀꺽……떨어지면, 살아남기<6E5C>힘들겠는데……"
dom2Orochi_X01.mes,Script/dom2Orochi_X01.mes,528,20,주인공,(今度はもっと慎重に選ばない<6E5C>と……),(이번엔 신중히 골라야<6E5C>겠어……),(이번엔 신중히 골라야<6E5C>겠어……)
dom2Orochi_X01.mes,Script/dom2Orochi_X01.mes,529,7,주인공,……これだ!,……이거다!,……이거다!
dom2Orochi_X01.mes,Script/dom2Orochi_X01.mes,530,5,[효과음/내레이션],…………,……,……
dom2Orochi_X01.mes,Script/dom2Orochi_X01.mes,531,24,주인공,な、なにも起こらない?<6E5C>ということは……あぁ!,아무 일 안 일어나?<6E5C>그렇다는 건……아아!,아무 일 안 일어나?<6E5C>그렇다는 건……아아!
dom2Orochi_X01.mes,Script/dom2Orochi_X01.mes,532,6,[효과음/내레이션],ガコンッ!,덜컹!,덜컹!
dom2Orochi_X01.mes,Script/dom2Orochi_X01.mes,533,11,주인공,う、うわぁぁぁぁ!!,"우, 우와아아아!!","우, 우와아아아!!"
dom2Orochi_X01.mes,Script/dom2Orochi_X01.mes,534,12,주인공,(みんな……ごめん!),(다들……미안!),(다들……미안!)
dom2Orochi_X01.mes,Script/dom2Orochi_X01.mes,535,4,[효과음/내레이션],ドサッ,털썩,털썩
dom2Orochi_X01.mes,Script/dom2Orochi_X01.mes,536,5,[효과음/내레이션],…………,……,……
dom2Orochi_X01.mes,Script/dom2Orochi_X01.mes,537,11,Chizuru,ここが、封印の間……,"여기가,봉인 방……","여기가,봉인 방……"
dom2Orochi_X01.mes,Script/dom2Orochi_X01.mes,538,15,주인공,この中に、オロチの遺産が……,"이 안에,오로치의 유산……","이 안에,오로치의 유산……"
dom2Orochi_X01.mes,Script/dom2Orochi_X01.mes,539,7,UNKNOWN_1e,止まりなさい,멈추어라,멈추어라
dom2Orochi_X01.mes,Script/dom2Orochi_X01.mes,540,10,Chizuru,……あなたは……!,……당신은……!,……당신은……!
dom2Orochi_X01.mes,Script/dom2Orochi_X01.mes,541,12,주인공,ゲ、ゲーニッツ先生!!,"게,게닛츠 선생님!!","게,게닛츠 선생님!!"
dom2Orochi_X01.mes,Script/dom2Orochi_X01.mes,542,17,주인공,(手に持ってるのは……拳銃!?),(손에 든 건……권총!?),(손에 든 건……권총!?)
dom2Orochi_X01.mes,Script/dom2Orochi_X01.mes,543,41,Goenitz,ふふ、<이름:3131>君、あなたは実に<6E5C>優秀な生徒ですね.まさかここまで<6E5C>たどり着くとは……,"후후, <이름:3131>군, 참 우수한<6E5C>학생이군요.설마 여기까지<6E5C>다다를 줄이야……","후후, <이름:3131>군, 참 우수한<6E5C>학생이군요.설마 여기까지<6E5C>다다를 줄이야……"
dom2Orochi_X01.mes,Script/dom2Orochi_X01.mes,544,15,Chizuru,あなたがすべての黒幕でしたか,당신이 모든 흑막이었나요,당신이 모든 흑막이었나요
dom2Orochi_X01.mes,Script/dom2Orochi_X01.mes,545,25,Goenitz,黒幕?私は、はじまりの風を起こ<6E5C>したに過ぎません,"흑막이요?저는,시작 바람을<6E5C>일으켰을 뿐입니다","흑막이요?저는,시작 바람을<6E5C>일으켰을 뿐입니다"
dom2Orochi_X01.mes,Script/dom2Orochi_X01.mes,546,39,Goenitz,それが吹き荒び、乱雲となって空を<6E5C>覆ったのは……さだめ.<6E5C>運命だったのですよ,"그게 사납게 불어, 먹구름 되어<6E5C>하늘을 뒤덮은 건……숙명.<6E5C>운명이었죠","그게 사납게 불어, 먹구름 되어<6E5C>하늘을 뒤덮은 건……숙명.<6E5C>운명이었죠"
dom2Orochi_X01.mes,Script/dom2Orochi_X01.mes,547,14,주인공,その風も、止めてみせます!,"그 바람도,멈춰내겠어요!","그 바람도,멈춰내겠어요!"
dom2Orochi_X01.mes,Script/dom2Orochi_X01.mes,548,11,Goenitz,できますか?あなたに,할 수 있나요?당신,할 수 있나요?당신
dom2Orochi_X01.mes,Script/dom2Orochi_X01.mes,549,10,Chizuru,私が封じてみせるわ,제가 봉인하겠어요,제가 봉인하겠어요
dom2Orochi_X01.mes,Script/dom2Orochi_X01.mes,550,6,[효과음/내레이션],カチャ……,철컥……,철컥……
dom2Orochi_X01.mes,Script/dom2Orochi_X01.mes,551,5,[효과음/내레이션],バンッ!,탕!,탕!
dom2Orochi_X01.mes,Script/dom2Orochi_X01.mes,552,4,주인공,うわ!,으왓!,으왓!
dom2Orochi_X01.mes,Script/dom2Orochi_X01.mes,553,6,Chizuru,<이름:3131>君!?,<이름:3131>군!?,<이름:3131>군!?
dom2Orochi_X01.mes,Script/dom2Orochi_X01.mes,554,28,Goenitz,ふふ、今のはわざと外したん<6E5C>ですよ.次は……外しません,"후후, 방금은 일부러<6E5C>빗나갔죠.다음은 안 빗나가요","후후, 방금은 일부러<6E5C>빗나갔죠.다음은 안 빗나가요"
dom2Orochi_X01.mes,Script/dom2Orochi_X01.mes,555,4,주인공,く……,크……,크……
dom2Orochi_X01.mes,Script/dom2Orochi_X01.mes,556,26,주인공,(目的のためなら手段を選ばないっ<6E5C>てわけか……!),(목적을 위해선 수단을<6E5C>안가린다는 거군……!),(목적을 위해선 수단을<6E5C>안가린다는 거군……!)
dom2Orochi_X01.mes,Script/dom2Orochi_X01.mes,557,27,Goenitz,幕を引きましょう、あなた方の血に<6E5C>染まったカーテンで,"막을 내리죠, 당신들의 피로<6E5C>물든 커튼으로","막을 내리죠, 당신들의 피로<6E5C>물든 커튼으로"
dom2Orochi_X01.mes,Script/dom2Orochi_X01.mes,558,13,Goenitz,さあ、神に祈りなさい……,"자,신께 기도하세요……","자,신께 기도하세요……"
dom2Orochi_X01.mes,Script/dom2Orochi_X01.mes,559,25,Chizuru,<이름:3131>君、ここは私が食い止めます.<6E5C>先へ急ぎなさい,"<이름:3131>군,여긴 제가 막을게요.<6E5C>어서앞으로 가요","<이름:3131>군,여긴 제가 막을게요.<6E5C>어서앞으로 가요"
dom2Orochi_X01.mes,Script/dom2Orochi_X01.mes,560,31,주인공,えぇ!?そんな、神楽先輩をひとり<6E5C>残してなんて行けませんよ!,"예!? 그런, 카구라 선배를 혼자<6E5C>두고 갈 순 없어요!","예!? 그런, 카구라 선배를 혼자<6E5C>두고 갈 순 없어요!"
dom2Orochi_X01.mes,Script/dom2Orochi_X01.mes,561,60,Chizuru,あなたには護りたい人たちがいるの<6E5C>でしょう!目指すものはもうすぐ<6E5C>そこです!<485C>ためらう時間も惜しんで前へ<6E5C>進みなさい!,당신에겐 지키고 싶은 사람들이<6E5C>있잖아요!목표도 이제 곧<6E5C>눈앞이에요!<485C>망설일 시간 아까우니 앞으로<6E5C>나아가요!,당신에겐 지키고 싶은 사람들이<6E5C>있잖아요!목표도 이제 곧<6E5C>눈앞이에요!<485C>망설일 시간 아까우니 앞으로<6E5C>나아가요!
dom2Orochi_X01.mes,Script/dom2Orochi_X01.mes,562,6,[효과음/내레이션],カチャ……,철컥……,철컥……
dom2Orochi_X01.mes,Script/dom2Orochi_X01.mes,563,8,주인공,か、神楽先輩!,카구라 선배!,카구라 선배!
dom2Orochi_X01.mes,Script/dom2Orochi_X01.mes,564,29,Chizuru,振り向かないで!あなたはあなた<6E5C>の成すべきことをなさい!,돌아보지 마요!당신은 당신이<6E5C>해야 할 일을 하세요!,돌아보지 마요!당신은 당신이<6E5C>해야 할 일을 하세요!
dom2Orochi_X01.mes,Script/dom2Orochi_X01.mes,565,8,주인공,で、でも……!,하지만……!,하지만……!
dom2Orochi_X01.mes,Script/dom2Orochi_X01.mes,566,42,Goenitz,安心しなさい、<이름:3131>君.<6E5C>あなたもすぐに後を追わせて<6E5C>あげますよ.さぁ、お別れです!,"안심하세요, <이름:3131>군.<6E5C>당신도 곧 뒤따르게<6E5C>해주죠.자, 작별입니다!","안심하세요, <이름:3131>군.<6E5C>당신도 곧 뒤따르게<6E5C>해주죠.자, 작별입니다!"
dom2Orochi_X01.mes,Script/dom2Orochi_X01.mes,567,9,주인공,あ……あぁ……!,아……아아……!,아……아아……!
dom2Orochi_X01.mes,Script/dom2Orochi_X01.mes,568,5,[효과음/내레이션],バンッ!,탕!,탕!
dom2Orochi_X01.mes,Script/dom2Orochi_X01.mes,569,6,Chizuru,くっ……!,큭……!,큭……!
dom2Orochi_X01.mes,Script/dom2Orochi_X01.mes,570,19,Goenitz,覚悟してもらいますよ、<6E5C><이름:3131>くん……,"각오해주셔야겠어요,<6E5C><이름:3131>군……","각오해주셔야겠어요,<6E5C><이름:3131>군……"
dom2Orochi_X01.mes,Script/dom2Orochi_X01.mes,571,4,UNKNOWN_1e,待ちな,기다려,기다려
dom2Orochi_X01.mes,Script/dom2Orochi_X01.mes,572,14,Goenitz,!<020A>……ほう、これはこれは,"!<020A>……호오, 이거 이거","!<020A>……호오, 이거 이거"
dom2Orochi_X01.mes,Script/dom2Orochi_X01.mes,573,6,주인공,草薙先輩!,쿠사나기!,쿠사나기!
dom2Orochi_X01.mes,Script/dom2Orochi_X01.mes,574,20,Kyo,待たせたな、<이름:3232>.<6E5C>こいつが黒幕か……,"기다렸군, <이름:3232>.<6E5C>이놈 흑막인가……","기다렸군, <이름:3232>.<6E5C>이놈 흑막인가……"
dom2Orochi_X01.mes,Script/dom2Orochi_X01.mes,575,30,Goenitz,払う者、草薙.やはり、こうして<6E5C>まみえることになりましたか,"정화하는 자, 쿠사나기.역시,이렇게<6E5C>마주하게 되었군요","정화하는 자, 쿠사나기.역시,이렇게<6E5C>마주하게 되었군요"
dom2Orochi_X01.mes,Script/dom2Orochi_X01.mes,576,23,Kyo,俺がここに来たのは、草薙の名前は<6E5C>関係ねぇよ,"내가 온 건, 쿠사나기 이름과는<6E5C>상관없어","내가 온 건, 쿠사나기 이름과는<6E5C>상관없어"
dom2Orochi_X01.mes,Script/dom2Orochi_X01.mes,577,43,Goenitz,ほう……ならばなぜここに?<6E5C>まさか安い友情に踊らされて<6E5C>来たとでも言うつもりですか?,호오……그럼 왜 여기에?<6E5C>설마 값싼 우정에 놀아나서<6E5C>왔다고 하려는 겁니까?,호오……그럼 왜 여기에?<6E5C>설마 값싼 우정에 놀아나서<6E5C>왔다고 하려는 겁니까?
dom2Orochi_X01.mes,Script/dom2Orochi_X01.mes,578,24,Kyo,バカ言ってんじゃねぇよ.<6E5C>俺は腹が減ってんだよ,헛소리 하지 마.<6E5C>난 배가 고픈 거야,헛소리 하지 마.<6E5C>난 배가 고픈 거야
dom2Orochi_X01.mes,Script/dom2Orochi_X01.mes,579,5,Goenitz,腹……?,배……?,배……?
dom2Orochi_X01.mes,Script/dom2Orochi_X01.mes,580,13,주인공,く、草薙先輩、まさか……,"크쿠사나기선배,설마……","크쿠사나기선배,설마……"
dom2Orochi_X01.mes,Script/dom2Orochi_X01.mes,581,13,Kyo,真吾ぉ!パン買ってこい!,신고오! 빵 사와!,신고오! 빵 사와!
dom2Orochi_X01.mes,Script/dom2Orochi_X01.mes,582,30,주인공,や、やっぱり……!というか、<6E5C>僕は真吾さんじゃありません!,"여, 역시……!아니, 애초에<6E5C>전 신고 씨가 아니에요!","여, 역시……!아니, 애초에<6E5C>전 신고 씨가 아니에요!"
dom2Orochi_X01.mes,Script/dom2Orochi_X01.mes,583,28,Kyo,わかってるよ、<6E5C><이름:3131><이름:3232>、だろ?<6E5C>頼りない、俺の後輩だ,"알고 있어,<6E5C><이름:3131><이름:3232>,맞지?<6E5C>미덥잖은,내 후배잖아","알고 있어,<6E5C><이름:3131><이름:3232>,맞지?<6E5C>미덥잖은,내 후배잖아"
dom2Orochi_X01.mes,Script/dom2Orochi_X01.mes,584,7,주인공,草薙先輩……,쿠사나기……,쿠사나기……
dom2Orochi_X01.mes,Script/dom2Orochi_X01.mes,585,27,Goenitz,はっはっはっ、先輩後輩の情で<6E5C>ここまで来たのですか!,"하하하, 선후배의 정으로<6E5C>여기까지 온 겁니까!","하하하, 선후배의 정으로<6E5C>여기까지 온 겁니까!"
dom2Orochi_X01.mes,Script/dom2Orochi_X01.mes,586,47,Goenitz,いつから草薙はなれ合いに心を許す<6E5C>ようになったのです?触れ過ぎた<6E5C>俗世の毒にやられましたか?,언제부터 쿠사나기가 정에 마음을<6E5C>열게 됐죠?너무 오래 닿은<6E5C>속세 독에 당한 건가요?,언제부터 쿠사나기가 정에 마음을<6E5C>열게 됐죠?너무 오래 닿은<6E5C>속세 독에 당한 건가요?
dom2Orochi_X01.mes,Script/dom2Orochi_X01.mes,587,23,Kyo,言ってろ.俺は誰ともなれ合うつも<6E5C>りはねぇよ,지껄여라.난 누구와도 정 붙일<6E5C>생각 없어,지껄여라.난 누구와도 정 붙일<6E5C>생각 없어
dom2Orochi_X01.mes,Script/dom2Orochi_X01.mes,588,22,Kyo,だがな、俺のものに手を出す奴は<6E5C>許さねぇ!,하지만 내 것에 손대는 놈은<6E5C>용서못해!,하지만 내 것에 손대는 놈은<6E5C>용서못해!
dom2Orochi_X01.mes,Script/dom2Orochi_X01.mes,589,21,Goenitz,ならばどうするというのです、<6E5C>払う者よ!,"그럼 어쩌겠다는 겁니까,<6E5C>정화자여!","그럼 어쩌겠다는 겁니까,<6E5C>정화자여!"
dom2Orochi_X01.mes,Script/dom2Orochi_X01.mes,590,31,Goenitz,銃を相手に、その拳で何が切り開け<6E5C>ると……拳銃……なにっ!?,"총 상대로,그 주먹이 뭘 열<6E5C>수 있다고……권총……뭣!?","총 상대로,그 주먹이 뭘 열<6E5C>수 있다고……권총……뭣!?"
dom2Orochi_X01.mes,Script/dom2Orochi_X01.mes,591,8,[효과음/내레이션],ガチ、ガチガチ,"철컥, 철커덕","철컥, 철커덕"
dom2Orochi_X01.mes,Script/dom2Orochi_X01.mes,592,12,Chizuru,その力、封じます……!,그힘봉인하겠어요……!,그힘봉인하겠어요……!
dom2Orochi_X01.mes,Script/dom2Orochi_X01.mes,593,5,Goenitz,バカな!,말도안돼,말도안돼
dom2Orochi_X01.mes,Script/dom2Orochi_X01.mes,594,7,Chizuru,草薙、早く!,쿠사나기어서,쿠사나기어서
dom2Orochi_X01.mes,Script/dom2Orochi_X01.mes,595,15,Kyo,見せてやるぜ、草薙の拳を!!,"보여주마,쿠사나기 주먹을!","보여주마,쿠사나기 주먹을!"
dom2Orochi_X01.mes,Script/dom2Orochi_X01.mes,596,14,[효과음/내레이션],グオォォォォ!バキィィィ!,구오오오오!콰직!,구오오오오!콰직!
dom2Orochi_X01.mes,Script/dom2Orochi_X01.mes,597,16,Kyo,<이름:3232>!今のうちにさっさと行け!,<이름:3232>!지금 중에 얼른 가!,<이름:3232>!지금 중에 얼른 가!
dom2Orochi_X01.mes,Script/dom2Orochi_X01.mes,598,27,주인공,はい!ありがとうございます!<6E5C>……どうかご無事で!!,네!감사합니다!……부디 무사하세요!!,네!감사합니다!……부디 무사하세요!!
dom2Orochi_X01.mes,Script/dom2Orochi_X01.mes,599,8,[효과음/내레이션],タッタッタ……,다다닥……,다다닥……
dom2Orochi_X01.mes,Script/dom2Orochi_X01.mes,600,4,Kagura Maya,う……,으……,으……
dom2Orochi_X01.mes,Script/dom2Orochi_X01.mes,601,9,Chizuru,え!ね、姉様!?,"어!어,언니!?","어!어,언니!?"
dom2Orochi_X01.mes,Script/dom2Orochi_X01.mes,602,15,Kagura Maya,ち、ちづる……だいじょうぶ?,"치, 치즈루……괜찮니?","치, 치즈루……괜찮니?"
dom2Orochi_X01.mes,Script/dom2Orochi_X01.mes,603,43,Chizuru,わ、私はだいじょうぶです!それ<6E5C>より姉様が……どうして、姉様?<6E5C>なぜ私をかばって……,"저, 저는 괜찮아요!그보다<6E5C>언니가……왜, 언니?<6E5C>어째서 절 감싸고……","저, 저는 괜찮아요!그보다<6E5C>언니가……왜, 언니?<6E5C>어째서 절 감싸고……"
dom2Orochi_X01.mes,Script/dom2Orochi_X01.mes,604,38,Kagura Maya,ふふ……私も、神楽の家の女よ.<6E5C>護るべきものは、よくわかっている<6E5C>つもりよ,후후……나도 카구라 가문 여자야.<6E5C>지켜야 할 게 뭔진 잘 알고<6E5C>있어,후후……나도 카구라 가문 여자야.<6E5C>지켜야 할 게 뭔진 잘 알고<6E5C>있어
dom2Orochi_X01.mes,Script/dom2Orochi_X01.mes,605,5,Chizuru,姉様……,언니……,언니……
dom2Orochi_X01.mes,Script/dom2Orochi_X01.mes,606,47,Chizuru,そう、そうでしたね…….私には、<6E5C>まだやるべきことがある.姉様、<6E5C>少しだけ待っていてください,"그래, 그랬죠…….저에게는,<6E5C>아직 해야 할 일이 있어요.언니,<6E5C>잠시만 기다려주세요","그래, 그랬죠…….저에게는,<6E5C>아직 해야 할 일이 있어요.언니,<6E5C>잠시만 기다려주세요"
dom2Orochi_X01.mes,Script/dom2Orochi_X01.mes,607,13,Kagura Maya,ふふ……なるべく早く、ね,후후……되도록빨리 알아,후후……되도록빨리 알아
dom2Orochi_X01.mes,Script/dom2Orochi_X01.mes,608,4,[효과음/내레이션],ドサッ,털썩,털썩
dom2Orochi_X01.mes,Script/dom2Orochi_X01.mes,609,5,Chizuru,姉様……,언니……,언니……
dom2Orochi_X01.mes,Script/dom2Orochi_X01.mes,610,21,Goenitz,茶番は終わりましたか?<6E5C>そろそろ終幕です,촌극은 끝났나요?<6E5C>슬슬 종막입니다,촌극은 끝났나요?<6E5C>슬슬 종막입니다
dom2Orochi_X01.mes,Script/dom2Orochi_X01.mes,611,13,Chizuru,ええ、終わりにしましょう,"네, 끝내죠","네, 끝내죠"
dom2Orochi_X01.mes,Script/dom2Orochi_X01.mes,612,8,주인공,神楽先輩……!,카구라……!,카구라……!
dom2Orochi_X01.mes,Script/dom2Orochi_X01.mes,613,38,Chizuru,<이름:3131>君、なにをしているの?<6E5C>あなたは皆に支えられて立っている<6E5C>のでしょう?,"<이름:3131>군,뭘 하고 있는 거야?<6E5C>넌 모두 지지를 받아<6E5C>서 있는 거잖아?","<이름:3131>군,뭘 하고 있는 거야?<6E5C>넌 모두 지지를 받아<6E5C>서 있는 거잖아?"
dom2Orochi_X01.mes,Script/dom2Orochi_X01.mes,614,42,Chizuru,ならば、その想いを受け止めて前へ<6E5C>進みなさい!私の分も、姉様の分<6E5C>もいっしょに……,"그렇다면, 그 마음을 받아들여 앞으로<6E5C>나아가!내 몫도,언니 몫<6E5C>도 함께……","그렇다면, 그 마음을 받아들여 앞으로<6E5C>나아가!내 몫도,언니 몫<6E5C>도 함께……"
dom2Orochi_X01.mes,Script/dom2Orochi_X01.mes,615,9,주인공,……わかりました,……알겠습니다,……알겠습니다
dom2Orochi_X01.mes,Script/dom2Orochi_X01.mes,616,3,[효과음/내레이션],ザッ,스윽,스윽
dom2Orochi_X01.mes,Script/dom2Orochi_X01.mes,617,14,Goenitz,おっと、行かせはしませんよ,"이런, 보내드릴 순 없죠","이런, 보내드릴 순 없죠"
dom2Orochi_X01.mes,Script/dom2Orochi_X01.mes,618,4,[효과음/내레이션],カチャ,철컥,철컥
dom2Orochi_X01.mes,Script/dom2Orochi_X01.mes,619,7,Chizuru,させません!,안 돼요!,안 돼요!
dom2Orochi_X01.mes,Script/dom2Orochi_X01.mes,620,5,[효과음/내레이션],バシィ!,촤악!,촤악!
dom2Orochi_X01.mes,Script/dom2Orochi_X01.mes,621,9,[효과음/내레이션],カラカラカラ……,달그락달그락……,달그락달그락……
dom2Orochi_X01.mes,Script/dom2Orochi_X01.mes,622,8,Goenitz,く……銃が……,크……총이……,크……총이……
dom2Orochi_X01.mes,Script/dom2Orochi_X01.mes,623,15,Chizuru,さあ!行きなさい、<이름:3131>君!!,"자!가, <이름:3131>군!!","자!가, <이름:3131>군!!"
dom2Orochi_X01.mes,Script/dom2Orochi_X01.mes,624,4,주인공,はい!,네!,네!
dom2Orochi_X01.mes,Script/dom2Orochi_X01.mes,625,8,[효과음/내레이션],タッタッタ……,다다닥……,다다닥……
dom2Orochi_X01.mes,Script/dom2Orochi_X01.mes,626,12,주인공,ここが、封印の間か……,"여기가,봉인방인가……","여기가,봉인방인가……"
dom2Orochi_X01.mes,Script/dom2Orochi_X01.mes,627,15,주인공,この中に、オロチの遺産が……,"이 안에,오로치의 유산……","이 안에,오로치의 유산……"
dom2Orochi_X01.mes,Script/dom2Orochi_X01.mes,628,7,UNKNOWN_1e,止まりなさい,멈추어라,멈추어라
dom2Orochi_X01.mes,Script/dom2Orochi_X01.mes,629,10,주인공,……あなたは……!,……당신은……!,……당신은……!
dom2Orochi_X01.mes,Script/dom2Orochi_X01.mes,630,12,주인공,ゲ、ゲーニッツ先生!!,"게,게닛츠 선생님!!","게,게닛츠 선생님!!"
dom2Orochi_X01.mes,Script/dom2Orochi_X01.mes,631,17,주인공,(手に持ってるのは……拳銃!?),(손에 든 건……권총!?),(손에 든 건……권총!?)
dom2Orochi_X01.mes,Script/dom2Orochi_X01.mes,632,41,Goenitz,ふふ、<이름:3131>君、あなたは実に<6E5C>優秀な生徒ですね<485C>まさかここまでたどり<6E5C>着くとは……,"후후, <이름:3131>군, 당신은 실로<6E5C>우수한 학생이군요<485C>설마 여기까지<6E5C>이르다니……","후후, <이름:3131>군, 당신은 실로<6E5C>우수한 학생이군요<485C>설마 여기까지<6E5C>이르다니……"
dom2Orochi_X01.mes,Script/dom2Orochi_X01.mes,633,20,주인공,あなたがすべての黒幕だったん<6E5C>ですか!,당신이 모든 흑막이었던<6E5C>거예요!,당신이 모든 흑막이었던<6E5C>거예요!
dom2Orochi_X01.mes,Script/dom2Orochi_X01.mes,634,25,Goenitz,黒幕?私は、はじまりの風を起こ<6E5C>したに過ぎません,흑막? 저는 시작의 바람을 일으<6E5C>켰을 뿐이죠,흑막? 저는 시작의 바람을 일으<6E5C>켰을 뿐이죠
dom2Orochi_X01.mes,Script/dom2Orochi_X01.mes,635,39,Goenitz,それが吹き荒び、乱雲となって空を<6E5C>覆ったのは……さだめ.運命だった<6E5C>のですよ,"그것이 휘몰아쳐 하늘을 뒤덮은<6E5C>것은…… 숙명,<6E5C>운명이었죠","그것이 휘몰아쳐 하늘을 뒤덮은<6E5C>것은…… 숙명,<6E5C>운명이었죠"
dom2Orochi_X01.mes,Script/dom2Orochi_X01.mes,636,14,주인공,その風も、止めてみせます!,그 바람도 멈추겠어요!,그 바람도 멈추겠어요!
dom2Orochi_X01.mes,Script/dom2Orochi_X01.mes,637,11,Goenitz,できますか?あなたに,할 수 있나요?,할 수 있나요?
dom2Orochi_X01.mes,Script/dom2Orochi_X01.mes,638,6,[효과음/내레이션],カチャ……,철컥……,철컥……
dom2Orochi_X01.mes,Script/dom2Orochi_X01.mes,639,5,[효과음/내레이션],バンッ!,탕!,탕!
dom2Orochi_X01.mes,Script/dom2Orochi_X01.mes,640,4,주인공,うわ!,으악!,으악!
dom2Orochi_X01.mes,Script/dom2Orochi_X01.mes,641,28,Goenitz,ふふ、今のはわざと外したんですよ<6E5C>.次は……外しません,"후후, 방금은 일부러 빗나갔죠<6E5C>다음엔 안 빗나가요","후후, 방금은 일부러 빗나갔죠<6E5C>다음엔 안 빗나가요"
dom2Orochi_X01.mes,Script/dom2Orochi_X01.mes,642,4,주인공,く……,큭……,큭……
dom2Orochi_X01.mes,Script/dom2Orochi_X01.mes,643,26,주인공,(目的のためなら手段を選ばない<6E5C>ってわけか……!),(목적을 위해 수단은 안<6E5C>가린다는 건가……!),(목적을 위해 수단은 안<6E5C>가린다는 건가……!)
dom2Orochi_X01.mes,Script/dom2Orochi_X01.mes,644,26,Goenitz,幕を引きましょう、あなたの血に<6E5C>染まったカーテンで,"막을 내리죠, 당신의 피로<6E5C>물든 커튼으로","막을 내리죠, 당신의 피로<6E5C>물든 커튼으로"
dom2Orochi_X01.mes,Script/dom2Orochi_X01.mes,645,19,Goenitz,覚悟してもらいますよ、<6E5C><이름:3131>くん……,"각오하셔야 할 겁니다,<6E5C><이름:3131>군……","각오하셔야 할 겁니다,<6E5C><이름:3131>군……"
dom2Orochi_X01.mes,Script/dom2Orochi_X01.mes,646,4,UNKNOWN_1e,待ちな,기다려,기다려
dom2Orochi_X01.mes,Script/dom2Orochi_X01.mes,647,14,Goenitz,!<020A>……ほう、これはこれは,"!<020A>……호오, 이거 참","!<020A>……호오, 이거 참"
dom2Orochi_X01.mes,Script/dom2Orochi_X01.mes,648,6,주인공,草薙先輩!,선배!,선배!
dom2Orochi_X01.mes,Script/dom2Orochi_X01.mes,649,20,Kyo,待たせたな、<이름:3232>.<6E5C>こいつが黒幕か……,기다렸다 <이름:3232>.<6E5C>이놈이 흑막인가……,기다렸다 <이름:3232>.<6E5C>이놈이 흑막인가……
dom2Orochi_X01.mes,Script/dom2Orochi_X01.mes,650,30,Goenitz,払う者、草薙.やはり、こうして<6E5C>まみえることになりましたか,"불꽃 다루는 자, 쿠사나기.<6E5C>이렇게 마주하게 되었군요","불꽃 다루는 자, 쿠사나기.<6E5C>이렇게 마주하게 되었군요"
dom2Orochi_X01.mes,Script/dom2Orochi_X01.mes,651,23,Kyo,俺がここに来たのは、草薙の名前は<6E5C>関係ねぇよ,쿠사나기 이름 때문에<6E5C>온 게 아니야,쿠사나기 이름 때문에<6E5C>온 게 아니야
dom2Orochi_X01.mes,Script/dom2Orochi_X01.mes,652,43,Goenitz,ほう……ならばなぜここに?まさ<6E5C>か安い友情に踊らされて来たとでも<6E5C>言うつもりですか?,호오…… 그럼 왜 여기에?설마<6E5C>싸구려 우정에 놀아나 왔다고<6E5C>말하려는 겁니까?,호오…… 그럼 왜 여기에?설마<6E5C>싸구려 우정에 놀아나 왔다고<6E5C>말하려는 겁니까?
dom2Orochi_X01.mes,Script/dom2Orochi_X01.mes,653,24,Kyo,バカ言ってんじゃねぇよ.<6E5C>俺は腹が減ってんだよ,헛소리하지 마.<6E5C>난 배가 고픈 거야,헛소리하지 마.<6E5C>난 배가 고픈 거야
dom2Orochi_X01.mes,Script/dom2Orochi_X01.mes,654,5,Goenitz,腹……?,배……?,배……?
dom2Orochi_X01.mes,Script/dom2Orochi_X01.mes,655,13,주인공,く、草薙先輩、まさか……,"크, 선배, 설마……","크, 선배, 설마……"
dom2Orochi_X01.mes,Script/dom2Orochi_X01.mes,656,13,Kyo,真吾ぉ!パン買ってこい!,신고오! 빵 사와!,신고오! 빵 사와!
dom2Orochi_X01.mes,Script/dom2Orochi_X01.mes,657,30,주인공,や、やっぱり……!というか、<6E5C>僕は真吾さんじゃありません!,"역, 역시……! 근데,<6E5C>전 신고 씨가 아니에요!","역, 역시……! 근데,<6E5C>전 신고 씨가 아니에요!"
dom2Orochi_X01.mes,Script/dom2Orochi_X01.mes,658,28,Kyo,わかってるよ、<6E5C><이름:3131><이름:3232>、だろ?<6E5C>頼りない、俺の後輩だ,"알아, <6E5C><이름:3131><이름:3232>, 맞지?<6E5C>미덥잖은, 내 후배야","알아, <6E5C><이름:3131><이름:3232>, 맞지?<6E5C>미덥잖은, 내 후배야"
dom2Orochi_X01.mes,Script/dom2Orochi_X01.mes,659,7,주인공,草薙先輩……,선배……,선배……
dom2Orochi_X01.mes,Script/dom2Orochi_X01.mes,660,27,Goenitz,はっはっはっ、先輩後輩の情でここ<6E5C>まで来たのですか!,"하하하, 선후배 정으로 여기<6E5C>까지 왔단 겁니까!","하하하, 선후배 정으로 여기<6E5C>까지 왔단 겁니까!"
dom2Orochi_X01.mes,Script/dom2Orochi_X01.mes,661,47,Goenitz,いつから草薙はなれ合いに心を許す<6E5C>ようになったのです?触れ過ぎた<6E5C>俗世の毒にやられましたか?,언제부터 쿠사나기가 정에 마음을<6E5C>허락했습니까? 속세의 독에<6E5C>너무 취한 겁니까?,언제부터 쿠사나기가 정에 마음을<6E5C>허락했습니까? 속세의 독에<6E5C>너무 취한 겁니까?
dom2Orochi_X01.mes,Script/dom2Orochi_X01.mes,662,23,Kyo,言ってろ.俺は誰ともなれ合うつも<6E5C>りはねぇよ,떠들어라. 난 누구와도 어울릴<6E5C>생각 없어,떠들어라. 난 누구와도 어울릴<6E5C>생각 없어
dom2Orochi_X01.mes,Script/dom2Orochi_X01.mes,663,22,Kyo,だがな、俺のものに手を出す奴は<6E5C>許さねぇ!,"하지만, 내 것 건드리면<6E5C>용서 안 해!","하지만, 내 것 건드리면<6E5C>용서 안 해!"
dom2Orochi_X01.mes,Script/dom2Orochi_X01.mes,664,21,Goenitz,ならばどうするというのです、<6E5C>払う者よ!,"어쩌겠다는 겁니까,<6E5C>불꽃 다루는 자!","어쩌겠다는 겁니까,<6E5C>불꽃 다루는 자!"
dom2Orochi_X01.mes,Script/dom2Orochi_X01.mes,665,15,Kyo,見せてやるぜ、草薙の拳を!!,"보여주지, 쿠사나기 주먹!","보여주지, 쿠사나기 주먹!"
dom2Orochi_X01.mes,Script/dom2Orochi_X01.mes,666,14,[효과음/내레이션],グオォォォォ!バキィィィ!,구오오오오! 콰직!,구오오오오! 콰직!
dom2Orochi_X01.mes,Script/dom2Orochi_X01.mes,667,16,Kyo,<이름:3232>!今のうちにさっさと行け!,<이름:3232>! 지금 얼른 가!,<이름:3232>! 지금 얼른 가!
dom2Orochi_X01.mes,Script/dom2Orochi_X01.mes,668,27,주인공,はい!ありがとうございます!<6E5C>……どうかご無事で!!,네! 감사합니다!<6E5C>……부디 무사히!!,네! 감사합니다!<6E5C>……부디 무사히!!
dom2Orochi_X01.mes,Script/dom2Orochi_X01.mes,669,8,[효과음/내레이션],タッタッタ……,타닥타닥……,타닥타닥……
dom2Orochi_X01.mes,Script/dom2Orochi_X01.mes,670,8,[효과음/내레이션],タッタッタ……,타닥타닥……,타닥타닥……
dom2Orochi_X01.mes,Script/dom2Orochi_X01.mes,671,26,주인공,(なんて禍々しい洞窟だ.<6E5C>足音が異様に響くし……),(불길한 동굴이다<6E5C>발소리가 이상히 울리고……),(불길한 동굴이다<6E5C>발소리가 이상히 울리고……)
dom2Orochi_X01.mes,Script/dom2Orochi_X01.mes,672,5,[효과음/내레이션],ガスッ!,퍽!,퍽!
dom2Orochi_X01.mes,Script/dom2Orochi_X01.mes,673,5,주인공,ぐ……!,윽……!,윽……!
dom2Orochi_X01.mes,Script/dom2Orochi_X01.mes,674,4,[효과음/내레이션],ドサッ,쿵,쿵
dom2Orochi_X01.mes,Script/dom2Orochi_X01.mes,675,37,UNKNOWN_1e,ふふ、<이름:3131>君……あなたは私が<6E5C>思うよりずっと優秀な生徒<6E5C>だったようですね,"후후, <이름:3131>군…… 제가<6E5C>생각보다 우수한 학생<6E5C>이었나 보군요","후후, <이름:3131>군…… 제가<6E5C>생각보다 우수한 학생<6E5C>이었나 보군요"
dom2Orochi_X01.mes,Script/dom2Orochi_X01.mes,676,17,주인공,(だ、誰だ……顔が見えない……),(누구야…… 얼굴이 안 보여),(누구야…… 얼굴이 안 보여)
dom2Orochi_X01.mes,Script/dom2Orochi_X01.mes,677,48,UNKNOWN_1e,だが、それゆえ招いた結果がこれで<6E5C>す.世の中には、知らずにいるほう<6E5C>が幸せなこともあるのですよ,하지만 그래서 생긴 결과가 이거<6E5C>랍니다. 세상엔 모르는 편<6E5C>이 나을 때도 있죠,하지만 그래서 생긴 결과가 이거<6E5C>랍니다. 세상엔 모르는 편<6E5C>이 나을 때도 있죠
dom2Orochi_X01.mes,Script/dom2Orochi_X01.mes,678,30,UNKNOWN_1e,ふふ、もう閉こえませんか?<6E5C>これが、私からの最後の授業です,"후후, 이제 안 들려요?<6E5C>이게 저의 마지막 수업입니다","후후, 이제 안 들려요?<6E5C>이게 저의 마지막 수업입니다"
dom2Orochi_X01.mes,Script/dom2Orochi_X01.mes,679,21,주인공,(な、なんだと……うぅ……<6E5C>意識が……),(뭐라고…… 으윽……<6E5C>의식이……),(뭐라고…… 으윽……<6E5C>의식이……)
dom2Orochi_X01.mes,Script/dom2Orochi_X01.mes,680,8,[효과음/내레이션],タッタッタ……,타닥타닥……,타닥타닥……
dom2Orochi_X01.mes,Script/dom2Orochi_X01.mes,681,12,주인공,(!<020A>あ、あれは……),"(!<020A>저, 저건……)","(!<020A>저, 저건……)"
dom2Orochi_X01.mes,Script/dom2Orochi_X01.mes,682,4,[효과음/내레이션],ザザッ,스슥,스슥
dom2Orochi_X01.mes,Script/dom2Orochi_X01.mes,683,7,주인공,き、君は……,너는……,너는……
dom2Orochi_X01.mes,Script/dom2Orochi_X01.mes,684,24,UNKNOWN_1e,やれやれ、とうとうここまで来てし<6E5C>まいましたか,"어휴, 결국 여기까지 오고<6E5C>말았군요","어휴, 결국 여기까지 오고<6E5C>말았군요"
dom2Orochi_X01.mes,Script/dom2Orochi_X01.mes,685,13,주인공,ど、どうして君がここに?,왜 네가 여기에?,왜 네가 여기에?
dom2Orochi_X01.mes,Script/dom2Orochi_X01.mes,686,15,UNKNOWN_5e,僕が、オロチの長だからですよ,제가 오로치 수장이니까요,제가 오로치 수장이니까요
dom2Orochi_X01.mes,Script/dom2Orochi_X01.mes,687,11,주인공,オロチの長……君が?,수장이 너야?,수장이 너야?
dom2Orochi_X01.mes,Script/dom2Orochi_X01.mes,688,39,UNKNOWN_5e,僕からも質問していいですか?<6E5C>あなたはなぜこんな所まで来て<6E5C>しまったんです?,저도 질문해도 될까요?<6E5C>당신은 왜 이런 곳까지 와<6E5C>버린 거예요?,저도 질문해도 될까요?<6E5C>당신은 왜 이런 곳까지 와<6E5C>버린 거예요?
dom2Orochi_X01.mes,Script/dom2Orochi_X01.mes,689,6,주인공,それは……,그건……,그건……
dom2Orochi_X01.mes,Script/dom2Orochi_X01.mes,690,14,[선택지],大切な人を護るため運命の導き,지키기 위해\운명의 인도,지키기 위해\운명의 인도
dom2Orochi_X01.mes,Script/dom2Orochi_X01.mes,691,11,주인공,大切な人を護るためだ,지키기 위해서다,지키기 위해서다
dom2Orochi_X01.mes,Script/dom2Orochi_X01.mes,692,28,UNKNOWN_5e,大切な人?ふふ、そんなもののた<6E5C>めにこんなところまで?,"소중한 사람? 후후, 그런 것을<6E5C>위해 여기까지?","소중한 사람? 후후, 그런 것을<6E5C>위해 여기까지?"
dom2Orochi_X01.mes,Script/dom2Orochi_X01.mes,693,26,주인공,そうだ.どうしても、護らなくちゃ<6E5C>ならない人なんだ,그래. 무슨 일 있어도 지켜야<6E5C>하는 사람이야,그래. 무슨 일 있어도 지켜야<6E5C>하는 사람이야
dom2Orochi_X01.mes,Script/dom2Orochi_X01.mes,694,55,UNKNOWN_5e,それは誰のことです?<6E5C>巳沢雫ですか?<485C>あなたは一度、巳沢雫を見捨てた.<6E5C>求められた助けを、<6E5C>拒みましたよね?,"그게 누구죠?<6E5C>미사와 시즈쿠요?<485C>당신은 한 번 그녀를 저버렸죠.<6E5C>도움을 청했는데,<6E5C>거절했잖아요?","그게 누구죠?<6E5C>미사와 시즈쿠요?<485C>당신은 한 번 그녀를 저버렸죠.<6E5C>도움을 청했는데,<6E5C>거절했잖아요?"
dom2Orochi_X01.mes,Script/dom2Orochi_X01.mes,695,4,주인공,う……,윽……,윽……
dom2Orochi_X01.mes,Script/dom2Orochi_X01.mes,696,5,[선택지],はいいいえ,네\아니요,네\아니요
dom2Orochi_X01.mes,Script/dom2Orochi_X01.mes,697,29,주인공,……たしかに、僕は巳沢さんを見捨<6E5C>てたのかもしれない……,"……확실히, 난 미사와 씨를 저버<6E5C>렸을지도 몰라……","……확실히, 난 미사와 씨를 저버<6E5C>렸을지도 몰라……"
dom2Orochi_X01.mes,Script/dom2Orochi_X01.mes,698,67,UNKNOWN_5e,なぜ?愛していたのではないので<6E5C>すか?護り抜きたいと思っていた<6E5C>のではないのですか?<485C>その手を離さないと誓ったのでは<6E5C>ないのですか?,왜죠? 사랑한 게 아니었나요?<6E5C>끝까지 지키고 싶었던<6E5C>거 아니었어요?<485C>그 손 놓지 않겠다 맹세한 게<6E5C>아니었나요?,왜죠? 사랑한 게 아니었나요?<6E5C>끝까지 지키고 싶었던<6E5C>거 아니었어요?<485C>그 손 놓지 않겠다 맹세한 게<6E5C>아니었나요?
dom2Orochi_X01.mes,Script/dom2Orochi_X01.mes,699,6,주인공,……ごめん,……미안,……미안
dom2Orochi_X01.mes,Script/dom2Orochi_X01.mes,700,12,UNKNOWN_5e,僕に謝られても困ります,사과해도 곤란해요,사과해도 곤란해요
dom2Orochi_X01.mes,Script/dom2Orochi_X01.mes,701,58,주인공,……ごめん、巳沢さん<485C>僕が弱かったから……今なら、<6E5C>なにが起きたって、どんなことを<6E5C>したって、君を護り抜くのに……,"……미안, 미사와 씨<485C>내가 약했으니까…… 지금이면<6E5C>무슨 짓을 해서라도<6E5C>널 지킬 텐데……","……미안, 미사와 씨<485C>내가 약했으니까…… 지금이면<6E5C>무슨 짓을 해서라도<6E5C>널 지킬 텐데……"
dom2Orochi_X01.mes,Script/dom2Orochi_X01.mes,702,38,UNKNOWN_5e,どんなことをしても?<6E5C>面白いことを言うね.<6E5C>本当になんでもできるんですか?,어떤 짓을 해도?<6E5C>재밌는 말을 하네.<6E5C>정말로 뭐든지 할 수 있나요?,어떤 짓을 해도?<6E5C>재밌는 말을 하네.<6E5C>정말로 뭐든지 할 수 있나요?
dom2Orochi_X01.mes,Script/dom2Orochi_X01.mes,703,11,주인공,今の僕なら、できる!,지금이라면 가능해!,지금이라면 가능해!
dom2Orochi_X01.mes,Script/dom2Orochi_X01.mes,704,30,UNKNOWN_5e,では最後の質問です.あなたに、<6E5C>僕を殺すことができますか?,"마지막 질문입니다.당신은,<6E5C>저를 죽일 수 있나요?","마지막 질문입니다.당신은,<6E5C>저를 죽일 수 있나요?"
dom2Orochi_X01.mes,Script/dom2Orochi_X01.mes,705,3,주인공,え?,어?,어?
dom2Orochi_X01.mes,Script/dom2Orochi_X01.mes,706,57,UNKNOWN_5e,あなたの大切な人を……巳沢雫を<6E5C>救うためには、僕を殺さないと<6E5C>いけません<485C>あなたに、僕を殺すことが<6E5C>できますか?,당신의 소중한 사람…… 미사와 시즈쿠를<6E5C>구하려면 저를 죽여야<6E5C>합니다<485C>당신은 저를 죽일 수<6E5C>있나요?,당신의 소중한 사람…… 미사와 시즈쿠를<6E5C>구하려면 저를 죽여야<6E5C>합니다<485C>당신은 저를 죽일 수<6E5C>있나요?
dom2Orochi_X01.mes,Script/dom2Orochi_X01.mes,707,6,주인공,そんな……,그런……,그런……
dom2Orochi_X01.mes,Script/dom2Orochi_X01.mes,708,9,[선택지],殺せるよ殺せないよ,죽여\못 죽여,죽여\못 죽여
dom2Orochi_X01.mes,Script/dom2Orochi_X01.mes,709,34,주인공,こ、殺せるよ……!<6E5C>大切な人を護るためなんだ.<6E5C>なんだってやるさ!,죽일 수 있어……!<6E5C>소중한 사람 지키려면<6E5C>뭐든 할 거야!,죽일 수 있어……!<6E5C>소중한 사람 지키려면<6E5C>뭐든 할 거야!
dom2Orochi_X01.mes,Script/dom2Orochi_X01.mes,710,8,UNKNOWN_5e,……そうですか,……그렇습니까,……그렇습니까
dom2Orochi_X01.mes,Script/dom2Orochi_X01.mes,711,38,주인공,な、なんでそんな顔で笑ってられ<6E5C>るんだよ!こ、殺せるって<6E5C>言ったんだぞ!?,왜 그런 얼굴로 웃을 수 있는<6E5C>거야!죽일 수 있다고<6E5C>말했잖아!?,왜 그런 얼굴로 웃을 수 있는<6E5C>거야!죽일 수 있다고<6E5C>말했잖아!?
dom2Orochi_X01.mes,Script/dom2Orochi_X01.mes,712,46,UNKNOWN_5e,ふふ、できやしませんよ、あなたに<6E5C>は.なにも護れない、なにも壊せな<6E5C>い.あなたは無力だ……,"후후, 당신에겐 무리예요<6E5C>.지킬 수도, 부술 수도<6E5C>없어.당신은 무력해……","후후, 당신에겐 무리예요<6E5C>.지킬 수도, 부술 수도<6E5C>없어.당신은 무력해……"
dom2Orochi_X01.mes,Script/dom2Orochi_X01.mes,713,17,주인공,く……そんな、そんなことはない!,"큭……그런, 그럴 리 없어!","큭……그런, 그럴 리 없어!"
dom2Orochi_X01.mes,Script/dom2Orochi_X01.mes,714,27,주인공,……殺せないよ.君を殺すことなん<6E5C>てできるわけがない,……못 죽여.널 죽이는 건<6E5C>할 수 있을 리 없어,……못 죽여.널 죽이는 건<6E5C>할 수 있을 리 없어
dom2Orochi_X01.mes,Script/dom2Orochi_X01.mes,715,24,주인공,だって僕は君を救うためにここまで<6E5C>来たんだから,왜냐면 난 널 구하러 여기까<6E5C>지 온 거니까,왜냐면 난 널 구하러 여기까<6E5C>지 온 거니까
dom2Orochi_X01.mes,Script/dom2Orochi_X01.mes,716,3,UNKNOWN_5e,……,……,……
dom2Orochi_X01.mes,Script/dom2Orochi_X01.mes,717,12,주인공,さぁ、もういいだろう?,"자, 이제 됐잖아?","자, 이제 됐잖아?"
dom2Orochi_X01.mes,Script/dom2Orochi_X01.mes,718,16,UNKNOWN_5e,……気づいていたのね、<이름:3131>くん,"……눈치챘구나, <이름:3131>군","……눈치챘구나, <이름:3131>군"
dom2Orochi_X01.mes,Script/dom2Orochi_X01.mes,719,16,주인공,ぼ、僕は見捨ててなんかいない!,"나, 나는 버린 적 없어!","나, 나는 버린 적 없어!"
dom2Orochi_X01.mes,Script/dom2Orochi_X01.mes,720,56,UNKNOWN_5e,夏祭りの日……あなたは巳沢雫から<6E5C>苦しみを伝えられたはずです<485C>でも、話しを閉く以上のことは<6E5C>なにもしなかった!,"여름 축제날……당신은 시즈쿠의<6E5C>아픔을 들었을 텐데<485C>.듣기만 했을 뿐, 아무것도<6E5C>하지 않았어요!","여름 축제날……당신은 시즈쿠의<6E5C>아픔을 들었을 텐데<485C>.듣기만 했을 뿐, 아무것도<6E5C>하지 않았어요!"
dom2Orochi_X01.mes,Script/dom2Orochi_X01.mes,721,31,주인공,そ、それは……あまり深く触れない<6E5C>ほうがいいと思ったから……,그건……깊이 건들지 않는 게<6E5C>좋다고 생각해서……,그건……깊이 건들지 않는 게<6E5C>좋다고 생각해서……
dom2Orochi_X01.mes,Script/dom2Orochi_X01.mes,722,15,UNKNOWN_5e,見て見ぬふりをするやさしさ?,못 본 척하는 다정함?,못 본 척하는 다정함?
dom2Orochi_X01.mes,Script/dom2Orochi_X01.mes,723,68,UNKNOWN_5e,いいえ.それは向き合うことを恐れ<6E5C>た愚かさなのです<485C>あなたは被女の苦しみに、<6E5C>心のどこかで気づいていた.<6E5C>にもかかわらず、逃げたのです,아뇨.마주하길 두려워한<6E5C>어리석음이에요<485C>그녀의 아픔을 마음 한구석<6E5C>에선 눈치채고 있었어.<6E5C>그런데도 도망친 거예요,아뇨.마주하길 두려워한<6E5C>어리석음이에요<485C>그녀의 아픔을 마음 한구석<6E5C>에선 눈치채고 있었어.<6E5C>그런데도 도망친 거예요
dom2Orochi_X01.mes,Script/dom2Orochi_X01.mes,724,52,UNKNOWN_5e,助けてほしいと差し出された手を、<6E5C>あなたは拒んだんです!<485C>どれほどの絶望と苦痛を与えたかも<6E5C>知らずに!,"도와달라고 내민 손을,<6E5C>당신은 뿌리쳤어요!<485C>얼마나 큰 절망과 고통을 주었는지<6E5C>도 모른 채!","도와달라고 내민 손을,<6E5C>당신은 뿌리쳤어요!<485C>얼마나 큰 절망과 고통을 주었는지<6E5C>도 모른 채!"
dom2Orochi_X01.mes,Script/dom2Orochi_X01.mes,725,8,주인공,そ、そんな……,"그, 그런……","그, 그런……"
dom2Orochi_X01.mes,Script/dom2Orochi_X01.mes,726,24,주인공,運命の導きだよ.<6E5C>僕は、こうなる運命だったんだ,운명의 이끌림이야.<6E5C>이렇게 될 운명이었어,운명의 이끌림이야.<6E5C>이렇게 될 운명이었어
dom2Orochi_X01.mes,Script/dom2Orochi_X01.mes,727,67,UNKNOWN_5e,ふぅ……やれやれ.ここまで来て、<6E5C>自分の行動原理に運命を持ち出すん<6E5C>ですか<485C>それではあなたのために体を<6E5C>張った人たちは報われませんね,"후……어휴.여기까지 와서,<6E5C>자기 행동 근거로 운명을 끌어<6E5C>오나요<485C>그럼 당신 위해 몸을 던진<6E5C>사람들은 보답받지 못하겠네요","후……어휴.여기까지 와서,<6E5C>자기 행동 근거로 운명을 끌어<6E5C>오나요<485C>그럼 당신 위해 몸을 던진<6E5C>사람들은 보답받지 못하겠네요"
dom2Orochi_X01.mes,Script/dom2Orochi_X01.mes,728,53,UNKNOWN_5e,みんな、あなたのために行動したと<6E5C>いうのに<485C>当のあなたは、第三者の導きに<6E5C>よるものだというわけですね……,"다들, 당신을 위해 행동했는데<6E5C>말이죠<485C>정작 당신은, 제3자의 이끌림<6E5C>때문이라는 거군요……","다들, 당신을 위해 행동했는데<6E5C>말이죠<485C>정작 당신은, 제3자의 이끌림<6E5C>때문이라는 거군요……"
dom2Orochi_X01.mes,Script/dom2Orochi_X01.mes,729,17,UNKNOWN_5e,もうけっこうです.話になりません,이제 됐어요.말이 안 통하네요,이제 됐어요.말이 안 통하네요
dom2Orochi_X01.mes,Script/dom2Orochi_X01.mes,730,21,주인공,ちょ、ちょっと待ってくれよ.<6E5C>僕は……う,"자, 잠깐 기다려줘.<6E5C>난……윽","자, 잠깐 기다려줘.<6E5C>난……윽"
dom2Orochi_X01.mes,Script/dom2Orochi_X01.mes,731,6,[효과음/내레이션],シュー……,슈우……,슈우……
dom2Orochi_X01.mes,Script/dom2Orochi_X01.mes,732,10,주인공,な、なんだ?ガス?,"뭐, 뭐야?가스?","뭐, 뭐야?가스?"
dom2Orochi_X01.mes,Script/dom2Orochi_X01.mes,733,19,주인공,(うぅ……意識が遠のいて<6E5C>いく……),(으윽……의식이 멀어져<6E5C>간다……),(으윽……의식이 멀어져<6E5C>간다……)
dom2Orochi_X01.mes,Script/dom2Orochi_X01.mes,734,30,UNKNOWN_5e,くすっ、そんな情けない顔しないで<6E5C>よ.すぐに楽になりますよ,"풋, 그렇게 한심한 얼굴 하지<6E5C>마요.곧 편해질 거예요","풋, 그렇게 한심한 얼굴 하지<6E5C>마요.곧 편해질 거예요"
dom2Orochi_X01.mes,Script/dom2Orochi_X01.mes,735,4,주인공,う……,윽……,윽……
dom2Orochi_X01.mes,Script/dom2Orochi_X01.mes,736,4,[효과음/내레이션],バタッ,털썩,털썩
dom2Orochi_X01.mes,Script/dom2Orochi_X01.mes,737,16,UNKNOWN_5e,ふふ、どうせそんなもんですよね,"후후, 어차피 그 정도죠","후후, 어차피 그 정도죠"
dom2Orochi_X01.mes,Script/dom2Orochi_X01.mes,738,7,주인공,巳沢さん……,미사와 씨…,미사와 씨…
dom2Orochi_X01.mes,Script/dom2Orochi_X01.mes,739,21,Shizuku,いつ、気づいたの?<6E5C>私が変装していたこと,언제 눈치챘어?<6E5C>내가 변장했던 거,언제 눈치챘어?<6E5C>내가 변장했던 거
dom2Orochi_X01.mes,Script/dom2Orochi_X01.mes,740,39,주인공,男の子のかっこうをした巳沢さんを<6E5C>初めて見たときから……<6E5C>違和感はあったんだ,남자아이 모습을 한 미사와 씨를<6E5C>처음 봤을 때부터……<6E5C>위화감이 있었어,남자아이 모습을 한 미사와 씨를<6E5C>처음 봤을 때부터……<6E5C>위화감이 있었어
dom2Orochi_X01.mes,Script/dom2Orochi_X01.mes,741,44,Shizuku,おかしいな、カツラをかぶって、<6E5C>カラーコンタクトを入れて、<6E5C>胸だって布で縛ってあるのに,"이상하네, 가발을 쓰고,<6E5C>컬러렌즈까지 끼고,<6E5C>가슴도 천으로 묶었는데","이상하네, 가발을 쓰고,<6E5C>컬러렌즈까지 끼고,<6E5C>가슴도 천으로 묶었는데"
dom2Orochi_X01.mes,Script/dom2Orochi_X01.mes,742,39,주인공,そういうことじゃないんだ.<6E5C>僕が君を感じるのは、そういう<6E5C>ことじゃないんだよ,"그런 게 아니야.<6E5C>내가 너를 느끼는 건, 그런<6E5C>게 아니라고","그런 게 아니야.<6E5C>내가 너를 느끼는 건, 그런<6E5C>게 아니라고"
dom2Orochi_X01.mes,Script/dom2Orochi_X01.mes,743,10,Shizuku,……じゃあ、なに?,"……그럼, 뭔데?","……그럼, 뭔데?"
dom2Orochi_X01.mes,Script/dom2Orochi_X01.mes,744,34,주인공,うまく言葉にできないけど……いつ<6E5C>だって泣いてる巳沢さんが見えてた,잘 말로 못 하겠지만……언제<6E5C>나 우는 미사와 씨가 보였어,잘 말로 못 하겠지만……언제<6E5C>나 우는 미사와 씨가 보였어
dom2Orochi_X01.mes,Script/dom2Orochi_X01.mes,745,34,주인공,手を引いてほしいって泣く、うずく<6E5C>まったままの女の子が見えてたんだ,"손을 잡아달라고 울며, 웅크린<6E5C>채인 여자아이가 보였던 거야","손을 잡아달라고 울며, 웅크린<6E5C>채인 여자아이가 보였던 거야"
dom2Orochi_X01.mes,Script/dom2Orochi_X01.mes,746,11,Shizuku,だったらどうして……,그럼 왜……,그럼 왜……
dom2Orochi_X01.mes,Script/dom2Orochi_X01.mes,747,3,주인공,え?,어?,어?
dom2Orochi_X01.mes,Script/dom2Orochi_X01.mes,748,30,Shizuku,だったらどうしてもっと早くに手を<6E5C>つないでくれなかったの!,그럼 왜 더 일찍 손을<6E5C>잡아주지 않았던 거야!,그럼 왜 더 일찍 손을<6E5C>잡아주지 않았던 거야!
dom2Orochi_X01.mes,Script/dom2Orochi_X01.mes,749,8,주인공,そ、それは……,"그, 그건……","그, 그건……"
dom2Orochi_X01.mes,Script/dom2Orochi_X01.mes,750,15,Shizuku,……オマエハ、ニゲタノダ……,"……넌, 도망친 거다……","……넌, 도망친 거다……"
dom2Orochi_X01.mes,Script/dom2Orochi_X01.mes,751,8,주인공,み、巳沢さん?,미사와 씨?,미사와 씨?
dom2Orochi_X01.mes,Script/dom2Orochi_X01.mes,752,42,Shizuku,ツカミソコネタノデハナク、ニゲタ<6E5C>ノダ……ソレガ、コノオンナニゼツ<6E5C>ボウヲアタエタ,"붙잡지 못한 게 아냐, 도망친<6E5C>거다……그것이 이 여자에게 절<6E5C>망을 주었다","붙잡지 못한 게 아냐, 도망친<6E5C>거다……그것이 이 여자에게 절<6E5C>망을 주었다"
dom2Orochi_X01.mes,Script/dom2Orochi_X01.mes,753,26,주인공,ど、どうしたんだ巳沢さん!<6E5C>しっかりしてくれよ!!,"왜, 왜 그래 미사와 씨!<6E5C>정신 차려줘!!","왜, 왜 그래 미사와 씨!<6E5C>정신 차려줘!!"
dom2Orochi_X01.mes,Script/dom2Orochi_X01.mes,754,22,Shizuku,ソレニヨリ、ワレハフッカツヲハタ<6E5C>シタ……,"그로써, 우리는 부활을 이루<6E5C>었다……","그로써, 우리는 부활을 이루<6E5C>었다……"
dom2Orochi_X01.mes,Script/dom2Orochi_X01.mes,755,7,주인공,巳沢さん!?,미사와씨!?,미사와씨!?
dom2Orochi_X01.mes,Script/dom2Orochi_X01.mes,756,11,UNKNOWN_14,<00BC>……巳沢雫は消えた,<00BC>시즈쿠는 사라졌다,<00BC>시즈쿠는 사라졌다
dom2Orochi_X01.mes,Script/dom2Orochi_X01.mes,757,28,주인공,な、なんだって?<6E5C>じゃ、じゃあ君は誰だって<6E5C>いうんだ!,"뭐, 뭐라고?<6E5C>그, 그럼 넌 누구라는<6E5C>거야!","뭐, 뭐라고?<6E5C>그, 그럼 넌 누구라는<6E5C>거야!"
dom2Orochi_X01.mes,Script/dom2Orochi_X01.mes,758,27,UNKNOWN_34,<00BC>我が名はオロチ……永き眠りより、<6E5C>今ここに目覚めた,<00BC>내 이름은 오로치.긴 잠에서<6E5C>지금 눈을 떴다,<00BC>내 이름은 오로치.긴 잠에서<6E5C>지금 눈을 떴다
dom2Orochi_X01.mes,Script/dom2Orochi_X01.mes,759,26,주인공,オ、オロチだって!?<6E5C>そんな、それじゃ巳沢さんは!,"오, 오로치라고!?<6E5C>그럼, 그럼 미사와 씨는!","오, 오로치라고!?<6E5C>그럼, 그럼 미사와 씨는!"
dom2Orochi_X01.mes,Script/dom2Orochi_X01.mes,760,17,UNKNOWN_20,<00BC>この女は我が復活するための触<9D12>,<00BC>이 여자는 부활을 위한 매<9D12>,<00BC>이 여자는 부활을 위한 매<9D12>
dom2Orochi_X01.mes,Script/dom2Orochi_X01.mes,761,26,UNKNOWN_32,<00BC>我が復活した以上、自我など崩壊<6E5C>して残っていまい,"<00BC>부활한 이상, 자아 따위<6E5C>남아있지 않으리라","<00BC>부활한 이상, 자아 따위<6E5C>남아있지 않으리라"
dom2Orochi_X01.mes,Script/dom2Orochi_X01.mes,762,11,주인공,そ、そんなバカな……,"그, 그럴 리가……","그, 그럴 리가……"
dom2Orochi_X01.mes,Script/dom2Orochi_X01.mes,763,30,Fio,<00BC>さあ、もう終わりだ.ここに、<6E5C>いにしえの儀式を完遂させる,"<00BC>자, 이제 끝이다.여기서,<6E5C>태고의 의식을 완수하겠다","<00BC>자, 이제 끝이다.여기서,<6E5C>태고의 의식을 완수하겠다"
dom2Orochi_X01.mes,Script/dom2Orochi_X01.mes,764,30,Fio,<00BC>それによってこの世は浄化され、<6E5C>新たな世界が生まれるのだ,"<00BC>그로써 세상은 정화되고,<6E5C>새로운 세계가 태어나리라","<00BC>그로써 세상은 정화되고,<6E5C>새로운 세계가 태어나리라"
dom2Orochi_X01.mes,Script/dom2Orochi_X01.mes,765,11,주인공,そ、そんなこと……!,"그, 그런 짓……!","그, 그런 짓……!"
dom2Orochi_X01.mes,Script/dom2Orochi_X01.mes,766,30,Fio,<00BC>させない、か?<6E5C>神器でもないお前ごときに<6E5C>なにができる?,<00BC>막겠다고?<6E5C>신기도 아닌 네놈이<6E5C>뭘 할 수 있지?,<00BC>막겠다고?<6E5C>신기도 아닌 네놈이<6E5C>뭘 할 수 있지?
dom2Orochi_X01.mes,Script/dom2Orochi_X01.mes,767,17,UNKNOWN_20,<00BC>それとも、何か策でもあるのか?,"<00BC>혹시, 무슨 대책이라도?","<00BC>혹시, 무슨 대책이라도?"
dom2Orochi_X01.mes,Script/dom2Orochi_X01.mes,768,8,[선택지],策はある策はない,대책있다\대책없다,대책있다\대책없다
dom2Orochi_X01.mes,Script/dom2Orochi_X01.mes,769,25,주인공,(何か……何かいいアイデアが<6E5C>あるはずだ……!),(뭔가……뭔가 좋은 방법이<6E5C>있을 거야……!),(뭔가……뭔가 좋은 방법이<6E5C>있을 거야……!)
dom2Orochi_X01.mes,Script/dom2Orochi_X01.mes,770,15,UNKNOWN_1c,<00BC>……愚かな.果てしなく、な,<00BC>……어리석군.끝없이……,<00BC>……어리석군.끝없이……
dom2Orochi_X01.mes,Script/dom2Orochi_X01.mes,771,7,주인공,なっ……!?,윽……!?,윽……!?
dom2Orochi_X01.mes,Script/dom2Orochi_X01.mes,772,5,Kasumi,<00BC>堕ちろ,<00BC>떨어져,<00BC>떨어져
dom2Orochi_X01.mes,Script/dom2Orochi_X01.mes,773,4,주인공,え!?,어!?,어!?
dom2Orochi_X01.mes,Script/dom2Orochi_X01.mes,774,15,주인공,何が起きたんだ!?これは……,뭐가 일어난 거지?이건……,뭐가 일어난 거지?이건……
dom2Orochi_X01.mes,Script/dom2Orochi_X01.mes,775,5,주인공,…………,…………,…………
dom2Orochi_X01.mes,Script/dom2Orochi_X01.mes,776,3,주인공,……,……,……
dom2Orochi_X01.mes,Script/dom2Orochi_X01.mes,777,12,주인공,策なんてない.いらない,대책 없어.필요 없어,대책 없어.필요 없어
dom2Orochi_X01.mes,Script/dom2Orochi_X01.mes,778,6,Kaidou,<00BC>ほう……,<00BC>호오……,<00BC>호오……
dom2Orochi_X01.mes,Script/dom2Orochi_X01.mes,779,27,주인공,巳沢さんが泣くなら、涙をぬぐいに<6E5C>行くって決めたんだ,"미사와 씨가 울면, 눈물 닦으러<6E5C>가겠다 결심했어","미사와 씨가 울면, 눈물 닦으러<6E5C>가겠다 결심했어"
dom2Orochi_X01.mes,Script/dom2Orochi_X01.mes,780,43,주인공,僕は神器とか、そういう大層なもの<6E5C>じゃない.ヒーローになれや<6E5C>しない、普通の人間だよ,"난 신기도 아니고, 대단한<6E5C>존재도 아냐.그냥 평범한<6E5C>인간이야","난 신기도 아니고, 대단한<6E5C>존재도 아냐.그냥 평범한<6E5C>인간이야"
dom2Orochi_X01.mes,Script/dom2Orochi_X01.mes,781,32,주인공,そんな普通の人間の、当たり前の優<6E5C>しさを届けにきた.それだけだ,평범한 인간의 당연한 다정<6E5C>함을 전하러 왔어.그뿐이야,평범한 인간의 당연한 다정<6E5C>함을 전하러 왔어.그뿐이야
dom2Orochi_X01.mes,Script/dom2Orochi_X01.mes,782,18,UNKNOWN_22,<00BC>それをこの女が望まぬとしてもか?,<00BC>이 여자가 원치 않아도?,<00BC>이 여자가 원치 않아도?
dom2Orochi_X01.mes,Script/dom2Orochi_X01.mes,783,26,주인공,望んでいる.被女ほど弱くて<6E5C>寂しがり屋な人はいない,원해.그녀만큼 약하고 외로움<6E5C>타는 이는 없어,원해.그녀만큼 약하고 외로움<6E5C>타는 이는 없어
dom2Orochi_X01.mes,Script/dom2Orochi_X01.mes,784,9,주인공,僕にはわかるんだ,난 알 수 있어,난 알 수 있어
dom2Orochi_X01.mes,Script/dom2Orochi_X01.mes,785,22,UNKNOWN_2a,<00BC>愚かな……おろか、<6E5C>な……おろ……か……,"<00BC>어리석군……어리석어,<6E5C>……어리…석……","<00BC>어리석군……어리석어,<6E5C>……어리…석……"
dom2Orochi_X01.mes,Script/dom2Orochi_X01.mes,786,3,주인공,!?,!?,!?
dom2Orochi_X01.mes,Script/dom2Orochi_X01.mes,787,11,UNKNOWN_14,<00BC>……<이름:3131>、くん……,"<00BC>……<이름:3131>, 군……","<00BC>……<이름:3131>, 군……"
dom2Orochi_X01.mes,Script/dom2Orochi_X01.mes,788,7,주인공,巳沢さん!?,미사와씨!?,미사와씨!?
dom2Orochi_X01.mes,Script/dom2Orochi_X01.mes,789,20,UNKNOWN_26,<00BC>く……消えろ、キエロ……<6E5C>オンナ……,"<00BC>큭……사라져, 사라져……<6E5C>여자……","<00BC>큭……사라져, 사라져……<6E5C>여자……"
dom2Orochi_X01.mes,Script/dom2Orochi_X01.mes,790,13,주인공,巳沢さん!がんばって!!,미사와 씨!힘내!!,미사와 씨!힘내!!
dom2Orochi_X01.mes,Script/dom2Orochi_X01.mes,791,8,UNKNOWN_0e,<00BC>ナ……ゼ……,<00BC>어……째……,<00BC>어……째……
dom2Orochi_X01.mes,Script/dom2Orochi_X01.mes,792,9,주인공,雫―――ッ!!!,시즈쿠――!!!,시즈쿠――!!!
dom2Orochi_X01.mes,Script/dom2Orochi_X01.mes,793,7,Shizuku,……<이름:3131>くん,……<이름:3131>군,……<이름:3131>군
dom2Orochi_X01.mes,Script/dom2Orochi_X01.mes,794,7,주인공,巳沢、さん?,미사와 씨?,미사와 씨?
dom2Orochi_X01.mes,Script/dom2Orochi_X01.mes,795,5,Shizuku,うん……,응……,응……
dom2Orochi_X01.mes,Script/dom2Orochi_X01.mes,796,11,주인공,戻ってきたんだね……,돌아온 거구나……,돌아온 거구나……
dom2Orochi_X01.mes,Script/dom2Orochi_X01.mes,797,38,Shizuku,地を這うだけだった私が、サナギに<6E5C>なって閉じこもって……<6E5C>今、蝶になったの,"그저 기어다니던 내가,<6E5C>번데기 속에 숨었지만……<6E5C>지금, 나비가 됐어","그저 기어다니던 내가,<6E5C>번데기 속에 숨었지만……<6E5C>지금, 나비가 됐어"
dom2Orochi_X01.mes,Script/dom2Orochi_X01.mes,798,7,주인공,巳沢さん……,미사와씨……,미사와씨……
dom2Orochi_X01.mes,Script/dom2Orochi_X01.mes,799,31,Shizuku,サナギを破った蝶は舞うわ……<6E5C>誰よりも強く、高く、美しく……,번데기를 깬 나비는 춤춰……<6E5C>누구보다 강하고 아름답게…,번데기를 깬 나비는 춤춰……<6E5C>누구보다 강하고 아름답게…
dom2Orochi_X01.mes,Script/dom2Orochi_X01.mes,800,17,주인공,み、巳沢さん、だいじょうぶ……?,"미, 미사와 씨, 괜찮아……?","미, 미사와 씨, 괜찮아……?"
dom2Orochi_X01.mes,Script/dom2Orochi_X01.mes,801,39,Shizuku,<이름:3131>くんだけは、巻き込みたく<6E5C>なかった……私のこんな姿、<6E5C>見てほしくなかった,"<이름:3131>군만은 휘말리게<6E5C>하고 싶지 않았어…이런 모습,<6E5C>보이고 싶지 않았어","<이름:3131>군만은 휘말리게<6E5C>하고 싶지 않았어…이런 모습,<6E5C>보이고 싶지 않았어"
dom2Orochi_X01.mes,Script/dom2Orochi_X01.mes,802,35,Shizuku,ねぇ、私どうしたらいいかな?<6E5C>私のせいでたくさんの人が<6E5C>傷ついて……,"있잖아, 나 어떡하면 좋을까?<6E5C>나 때문에 다들<6E5C>다쳤는데……","있잖아, 나 어떡하면 좋을까?<6E5C>나 때문에 다들<6E5C>다쳤는데……"
dom2Orochi_X01.mes,Script/dom2Orochi_X01.mes,803,34,Shizuku,でもね、私、苦しかったの!<6E5C>ひとりぼっちには耐えられ<6E5C>なかったの!,"그래도 있잖아, 나 힘들었어!<6E5C>혼자인 건 견딜 수<6E5C>없었어!","그래도 있잖아, 나 힘들었어!<6E5C>혼자인 건 견딜 수<6E5C>없었어!"
dom2Orochi_X01.mes,Script/dom2Orochi_X01.mes,804,20,주인공,巳沢さん、落ち着いて.<6E5C>何があったの?,미사와 씨 진정해.<6E5C>뭔 일 있었어?,미사와 씨 진정해.<6E5C>뭔 일 있었어?
dom2Orochi_X01.mes,Script/dom2Orochi_X01.mes,805,39,Shizuku,夏祭りの日……ゲーニッツ先生が<6E5C>教えてくれたの.<6E5C>私が捨てられた本当の理由を,여름 축제 날……게닛츠 선생님이<6E5C>가르쳐줬어.<6E5C>내가 버려진 진짜 이유를,여름 축제 날……게닛츠 선생님이<6E5C>가르쳐줬어.<6E5C>내가 버려진 진짜 이유를
dom2Orochi_X01.mes,Script/dom2Orochi_X01.mes,806,31,Shizuku,私の体に流れる、オロチの血を<6E5C>絶やすため、だったんだって……,"내 몸에 흐르는, 오로치의 피를<6E5C>끊기 위해서였다고……","내 몸에 흐르는, 오로치의 피를<6E5C>끊기 위해서였다고……"
dom2Orochi_X01.mes,Script/dom2Orochi_X01.mes,807,28,Shizuku,ずっと……何かやむをえない事情が<6E5C>あったんだと思ってた,계속 뭔가 사정이<6E5C>있었을 거라 생각했어,계속 뭔가 사정이<6E5C>있었을 거라 생각했어
dom2Orochi_X01.mes,Script/dom2Orochi_X01.mes,808,48,Shizuku,お父さんとお母さんは、きっとどこ<6E5C>か遠くで心配してくれてるって、<6E5C>見守ってくれてるって信じてた,"아빠 엄마는, 분명 어딘가<6E5C>먼 곳에서 걱정해 주고 있다고,<6E5C>지켜봐 주고 있다고 믿었어","아빠 엄마는, 분명 어딘가<6E5C>먼 곳에서 걱정해 주고 있다고,<6E5C>지켜봐 주고 있다고 믿었어"
dom2Orochi_X01.mes,Script/dom2Orochi_X01.mes,809,21,Shizuku,でも違った.<6E5C>私は両親に愛されてなかった,아니었어.<6E5C>부모님께 사랑받지 못했어,아니었어.<6E5C>부모님께 사랑받지 못했어
dom2Orochi_X01.mes,Script/dom2Orochi_X01.mes,810,28,Shizuku,それどころか、生きること……存在<6E5C>さえ否定されていた!,"그뿐 아니라, 사는 것……존재<6E5C>조차 부정당했어!","그뿐 아니라, 사는 것……존재<6E5C>조차 부정당했어!"
dom2Orochi_X01.mes,Script/dom2Orochi_X01.mes,811,29,주인공,だから君は、必要とされる別人にな<6E5C>ることにしたんだね……,그래서 넌 필요한<6E5C>다른 사람이 되기로 했구나……,그래서 넌 필요한<6E5C>다른 사람이 되기로 했구나……
dom2Orochi_X01.mes,Script/dom2Orochi_X01.mes,812,39,Shizuku,私、愛されたかった……誰かから<6E5C>必要とされてるって、全身で<6E5C>感じたかった……,"나, 사랑받고 싶었어…누군가에게<6E5C>필요하다는 걸 온몸으로<6E5C>느끼고 싶었어","나, 사랑받고 싶었어…누군가에게<6E5C>필요하다는 걸 온몸으로<6E5C>느끼고 싶었어"
dom2Orochi_X01.mes,Script/dom2Orochi_X01.mes,813,24,Shizuku,それだけだったのに、それすら高望<6E5C>みだった……,"그것뿐이었는데, 그조차 과한<6E5C>욕심이었어……","그것뿐이었는데, 그조차 과한<6E5C>욕심이었어……"
dom2Orochi_X01.mes,Script/dom2Orochi_X01.mes,814,34,Shizuku,もう引き返せないよね……私、どう<6E5C>したらいいの?助けて……助けてよ,"이제 못 돌아가겠지…나, 어떻게<6E5C>하면 좋을까?도와줘……도와줘","이제 못 돌아가겠지…나, 어떻게<6E5C>하면 좋을까?도와줘……도와줘"
dom2Orochi_X01.mes,Script/dom2Orochi_X01.mes,815,3,주인공,雫!,!!,!!
dom2Orochi_X01.mes,Script/dom2Orochi_X01.mes,816,4,[효과음/내레이션],ギュッ,와락,와락
dom2Orochi_X01.mes,Script/dom2Orochi_X01.mes,817,25,Shizuku,そ、そんなに強く抱いたら<6E5C>苦しいよ、<이름:3131>くん……,"그, 그렇게 세게 안으면<6E5C>아파, <이름:3131>군……","그, 그렇게 세게 안으면<6E5C>아파, <이름:3131>군……"
dom2Orochi_X01.mes,Script/dom2Orochi_X01.mes,818,41,주인공,……僕が愛する!雫のことは僕が<6E5C>護る!だから……だからもう力を<6E5C>抜いていいんだよ,……내가 사랑해!시즈쿠는 내가<6E5C>지킬 거야!그러니 이제 힘을<6E5C>빼도 돼,……내가 사랑해!시즈쿠는 내가<6E5C>지킬 거야!그러니 이제 힘을<6E5C>빼도 돼
dom2Orochi_X01.mes,Script/dom2Orochi_X01.mes,819,7,Shizuku,<이름:3131>くん……,<이름:3131>군……,<이름:3131>군……
dom2Orochi_X01.mes,Script/dom2Orochi_X01.mes,820,4,주인공,雫……,시즈쿠,시즈쿠
dom2Orochi_X01.mes,Script/dom2Orochi_X01.mes,821,6,Shizuku,お前に……,너에게……,너에게……
dom2Orochi_X01.mes,Script/dom2Orochi_X01.mes,822,5,주인공,……え?,……어?,……어?
dom2Orochi_X01.mes,Script/dom2Orochi_X01.mes,823,11,Shizuku,お前になにができる!,뭘 할 수 있어!,뭘 할 수 있어!
dom2Orochi_X01.mes,Script/dom2Orochi_X01.mes,824,19,Shizuku,なにも気づかなかった<6E5C>馬鹿のくせに!,아무것도 몰랐던<6E5C>바보 주제에!,아무것도 몰랐던<6E5C>바보 주제에!
dom2Orochi_X01.mes,Script/dom2Orochi_X01.mes,825,15,Shizuku,私を見捨てた卑怯者のくせに!,날 버린 비겁자 주제에!,날 버린 비겁자 주제에!
dom2Orochi_X01.mes,Script/dom2Orochi_X01.mes,826,32,Shizuku,自分ひとりじゃここまで来ることも<6E5C>できなかった臆病者のくせに!,혼자서는 여기까지 오지도<6E5C>못했던 겁쟁이 주제에!,혼자서는 여기까지 오지도<6E5C>못했던 겁쟁이 주제에!
dom2Orochi_X01.mes,Script/dom2Orochi_X01.mes,827,17,Shizuku,私と、私と同じ……弱虫のくせに!,나랑 똑같은……겁쟁이 주제에!,나랑 똑같은……겁쟁이 주제에!
dom2Orochi_X01.mes,Script/dom2Orochi_X01.mes,828,4,주인공,雫……,시즈쿠,시즈쿠
dom2Orochi_X01.mes,Script/dom2Orochi_X01.mes,829,20,[선택지],僕はもう弱虫じゃない僕は弱虫かもしれない,겁쟁이 아니야\난 겁쟁이일지도 몰라,겁쟁이 아니야\난 겁쟁이일지도 몰라
dom2Orochi_X01.mes,Script/dom2Orochi_X01.mes,830,31,주인공,僕はもう弱虫じゃない.<6E5C>僕は強くなった.<6E5C>……君を護るために,난 이제 겁쟁이 아니야.<6E5C>난 강해졌어.<6E5C>……널 지키려고,난 이제 겁쟁이 아니야.<6E5C>난 강해졌어.<6E5C>……널 지키려고
dom2Orochi_X01.mes,Script/dom2Orochi_X01.mes,831,12,주인공,雫、僕が……君を、護る,"시즈쿠, 널 지킬게","시즈쿠, 널 지킬게"
dom2Orochi_X01.mes,Script/dom2Orochi_X01.mes,832,42,Shizuku,……本当だね、あなたは弱虫じゃな<6E5C>い.でも、私はダメ.<6E5C>私、強くなんてなれない……,"……정말이네, 겁쟁이 아니<6E5C>야.근데 난 안 돼.<6E5C>난 강해질 수 없어……","……정말이네, 겁쟁이 아니<6E5C>야.근데 난 안 돼.<6E5C>난 강해질 수 없어……"
dom2Orochi_X01.mes,Script/dom2Orochi_X01.mes,833,28,Shizuku,やっぱり私たち、いっしょにいられ<6E5C>ない運命だったんだよ,"역시 우리, 함께 있을<6E5C>수 없는 운명이었나 봐","역시 우리, 함께 있을<6E5C>수 없는 운명이었나 봐"
dom2Orochi_X01.mes,Script/dom2Orochi_X01.mes,834,13,주인공,雫……まだそんなことを?,"시즈쿠, 그런 소리야?","시즈쿠, 그런 소리야?"
dom2Orochi_X01.mes,Script/dom2Orochi_X01.mes,835,30,Shizuku,ごめんね、<이름:3131>くん……私、<6E5C>やっぱりあなたとは行けない……,"미안해, <이름:3131>군……나,<6E5C>역시 너랑은 못 가……","미안해, <이름:3131>군……나,<6E5C>역시 너랑은 못 가……"
dom2Orochi_X01.mes,Script/dom2Orochi_X01.mes,836,4,[효과음/내레이션],プスッ,푹,푹
dom2Orochi_X01.mes,Script/dom2Orochi_X01.mes,837,5,주인공,う……!,윽……!,윽……!
dom2Orochi_X01.mes,Script/dom2Orochi_X01.mes,838,17,Shizuku,ごめん、ごめんね、<이름:3131>くん……!,"미안, 미안해, <이름:3131>군……!","미안, 미안해, <이름:3131>군……!"
dom2Orochi_X01.mes,Script/dom2Orochi_X01.mes,839,33,주인공,(な、なにか刺されたのか……?<6E5C>うぅ……意識が遠のいていく……),"(뭐, 뭔가에 찔린 건가……?<6E5C>의식이 멀어져 간다……)","(뭐, 뭔가에 찔린 건가……?<6E5C>의식이 멀어져 간다……)"
dom2Orochi_X01.mes,Script/dom2Orochi_X01.mes,840,4,[효과음/내레이션],ドサッ,쿵,쿵
dom2Orochi_X01.mes,Script/dom2Orochi_X01.mes,841,11,Shizuku,私は……飛べない……,난 날 수 없어……,난 날 수 없어……
dom2Orochi_X01.mes,Script/dom2Orochi_X01.mes,842,34,주인공,たしかに、僕は弱虫かもしれない.<6E5C>でも、なにもできないわけじゃない,확실히 겁쟁이일지도 몰라.<6E5C>하지만 아무것도 못하는 건 아니야,확실히 겁쟁이일지도 몰라.<6E5C>하지만 아무것도 못하는 건 아니야
dom2Orochi_X01.mes,Script/dom2Orochi_X01.mes,843,39,주인공,弱いことを認めれば、勇気を出すこ<6E5C>とができる.弱い僕らにもできるこ<6E5C>とがある,약함을 인정하면 용기를 낼<6E5C>수 있어.약한 우리도 할 수<6E5C>있는 게 있어,약함을 인정하면 용기를 낼<6E5C>수 있어.약한 우리도 할 수<6E5C>있는 게 있어
dom2Orochi_X01.mes,Script/dom2Orochi_X01.mes,844,35,주인공,……それは、人を愛することだ.<6E5C>誰もが寄り添いあって<6E5C>生きていくんだ,……그건 사람을 사랑하는 거야.<6E5C>누구나 의지하며<6E5C>살아가는 거야,……그건 사람을 사랑하는 거야.<6E5C>누구나 의지하며<6E5C>살아가는 거야
dom2Orochi_X01.mes,Script/dom2Orochi_X01.mes,845,48,주인공,ひとりで生きていけないことを知っ<6E5C>たとき、僕らは心から人を思いやる<6E5C>ことができる.雫、僕は……,"혼자 살 수 없다는 걸<6E5C>알 때 우리는 진심으로 남을<6E5C>배려할 수 있어.시즈쿠, 나는……","혼자 살 수 없다는 걸<6E5C>알 때 우리는 진심으로 남을<6E5C>배려할 수 있어.시즈쿠, 나는……"
dom2Orochi_X01.mes,Script/dom2Orochi_X01.mes,846,10,주인공,君と生きていきたい,너와 살고 싶어,너와 살고 싶어
dom2Orochi_X01.mes,Script/dom2Orochi_X01.mes,847,24,Shizuku,<이름:3131>くん……私、いっしょに行って<6E5C>いいのかな?,"<이름:3131>군……나, 같이 가도<6E5C>되는 걸까?","<이름:3131>군……나, 같이 가도<6E5C>되는 걸까?"
dom2Orochi_X01.mes,Script/dom2Orochi_X01.mes,848,48,Shizuku,いっぱい人を傷つけて、全部捨てて<6E5C>しまおうとして、<이름:3131>くんにもひど<6E5C>いことたくさんしたのに……,"많은 사람 상처 주고, 전부 버리<6E5C>려 했으면서, <이름:3131>군한테도 못된<6E5C>짓 많이 했는데……","많은 사람 상처 주고, 전부 버리<6E5C>려 했으면서, <이름:3131>군한테도 못된<6E5C>짓 많이 했는데……"
dom2Orochi_X01.mes,Script/dom2Orochi_X01.mes,849,22,주인공,……きっと、すべて必要なことだっ<6E5C>たんだよ,"……분명, 다 필요한 일이<6E5C>었을 거야","……분명, 다 필요한 일이<6E5C>었을 거야"
dom2Orochi_X01.mes,Script/dom2Orochi_X01.mes,850,44,주인공,みんなには、僕もいっしょに謝って<6E5C>あげるから.だから今は、帰ってき<6E5C>たことを喜ぼう……,"다들한테는, 나도 같이 사과<6E5C>할게.그러니까 지금은, 돌아온<6E5C>걸 기뻐하자……","다들한테는, 나도 같이 사과<6E5C>할게.그러니까 지금은, 돌아온<6E5C>걸 기뻐하자……"
dom2Orochi_X01.mes,Script/dom2Orochi_X01.mes,851,44,Shizuku,ほんとに……いいのかな?私、い<6E5C>いのかな?こんな私が、幸せなん<6E5C>て、感じていいのかな?,"정말……괜찮을까?나, 괜<6E5C>찮은 걸까?이런 내가 행복하다<6E5C>고 느껴도 되는 걸까?","정말……괜찮을까?나, 괜<6E5C>찮은 걸까?이런 내가 행복하다<6E5C>고 느껴도 되는 걸까?"
dom2Orochi_X01.mes,Script/dom2Orochi_X01.mes,852,17,주인공,いいんだよ.僕のために笑ってくれ,괜찮아.날 위해 웃어줘,괜찮아.날 위해 웃어줘
dom2Orochi_X01.mes,Script/dom2Orochi_X01.mes,853,20,Shizuku,うん……うん……ありがとう、<6E5C><이름:3131>くん,"응……응……고마워,<6E5C><이름:3131>군","응……응……고마워,<6E5C><이름:3131>군"
dom2Orochi_X01.mes,Script/dom2Orochi_X01.mes,854,5,주인공,…………,…………,…………
dom2Orochi_X01.mes,Script/dom2Orochi_X01.mes,855,37,주인공,そ、そうだ!みんなは?<6E5C>ほたるは、キサラは、フィオは、<6E5C>マリーさんは!?,"그, 그렇지!다들은?<6E5C>호타루는, 키사라는, 피오는,<6E5C>마리 씨는!?","그, 그렇지!다들은?<6E5C>호타루는, 키사라는, 피오는,<6E5C>마리 씨는!?"
dom2Orochi_X01.mes,Script/dom2Orochi_X01.mes,856,28,Shizuku,みんな無事.洞窟の奥の小部屋に<6E5C>閉じ込められているけど,다들 무사해.동굴 안쪽 작은 방에<6E5C>갇혀 있지만,다들 무사해.동굴 안쪽 작은 방에<6E5C>갇혀 있지만
dom2Orochi_X01.mes,Script/dom2Orochi_X01.mes,857,20,Shizuku,少し衰弱しているけど命に別状は<6E5C>ないよ,조금 쇠약해졌지만 목숨엔 지장<6E5C>없어,조금 쇠약해졌지만 목숨엔 지장<6E5C>없어
dom2Orochi_X01.mes,Script/dom2Orochi_X01.mes,858,10,주인공,よ、よかった~……,다행이다~……,다행이다~……
dom2Orochi_X01.mes,Script/dom2Orochi_X01.mes,859,17,Shizuku,さっそく他の女の人の心配なんだね,바로 다른 여자부터 걱정이구나,바로 다른 여자부터 걱정이구나
dom2Orochi_X01.mes,Script/dom2Orochi_X01.mes,860,14,주인공,え?え?だって、それは……,"어?어?그야, 그건……","어?어?그야, 그건……"
dom2Orochi_X01.mes,Script/dom2Orochi_X01.mes,861,31,Shizuku,ふふ、ごめんなさい.<이름:3131>くんは<6E5C>本当にやさしい……だから好き,"후후, 미안해.<이름:3131>군은<6E5C>정말 다정해……그래서 좋아","후후, 미안해.<이름:3131>군은<6E5C>정말 다정해……그래서 좋아"
dom2Orochi_X01.mes,Script/dom2Orochi_X01.mes,862,36,주인공,あ、う、照れるな…….<6E5C>あ、巳沢さん.<6E5C>その小部屋のカギって持ってる?,"아 어, 부끄럽잖아…….<6E5C>미사와 씨, 그 방<6E5C>열쇠 가지고 있어?","아 어, 부끄럽잖아…….<6E5C>미사와 씨, 그 방<6E5C>열쇠 가지고 있어?"
dom2Orochi_X01.mes,Script/dom2Orochi_X01.mes,863,3,[효과음/내레이션],キッ,흘깃,흘깃
dom2Orochi_X01.mes,Script/dom2Orochi_X01.mes,864,10,주인공,あ、あれ、なんで?,"어, 어라, 왜?","어, 어라, 왜?"
dom2Orochi_X01.mes,Script/dom2Orochi_X01.mes,865,6,Shizuku,……しずく,……시즈쿠,……시즈쿠
dom2Orochi_X01.mes,Script/dom2Orochi_X01.mes,866,3,주인공,え?,어?,어?
dom2Orochi_X01.mes,Script/dom2Orochi_X01.mes,867,6,Shizuku,し。ず。く,시.즈.쿠,시.즈.쿠
dom2Orochi_X01.mes,Script/dom2Orochi_X01.mes,868,10,주인공,あ、あぁ……!うん,"아, 아……!응","아, 아……!응"
dom2Orochi_X01.mes,Script/dom2Orochi_X01.mes,869,16,주인공,えっと、それじゃ雫……カギは?,"음, 그럼 시즈쿠……열쇠는?","음, 그럼 시즈쿠……열쇠는?"
dom2Orochi_X01.mes,Script/dom2Orochi_X01.mes,870,6,Shizuku,持ってます,가지고있어,가지고있어
dom2Orochi_X02.mes,Script/dom2Orochi_X02.mes,0,15,UNKNOWN_1e,……ちゃん.<6E5C>……お兄ちゃん,……오빠.<6E5C>……오빠야,……오빠.<6E5C>……오빠야
dom2Orochi_X02.mes,Script/dom2Orochi_X02.mes,1,11,UNKNOWN_1e,起きて、お兄ちゃん!,"일어나, 오빠!","일어나, 오빠!"
dom2Orochi_X02.mes,Script/dom2Orochi_X02.mes,2,13,UNKNOWN_1e,も~、イトカツ、いくよ!,"정말~, 오빠, 가자!","정말~, 오빠, 가자!"
dom2Orochi_X02.mes,Script/dom2Orochi_X02.mes,3,4,[효과음/내레이션],ドサッ,쿵,쿵
dom2Orochi_X02.mes,Script/dom2Orochi_X02.mes,4,5,[효과음/내레이션],ガブッ!,콱!,콱!
dom2Orochi_X02.mes,Script/dom2Orochi_X02.mes,5,11,Hotaru,おはよう、お兄ちゃん,"좋은 아침, 오빠","좋은 아침, 오빠"
dom2Orochi_X02.mes,Script/dom2Orochi_X02.mes,6,29,Hotaru,もう、何度起こしても起きない<6E5C>お兄ちゃんが悪いんでしょ?,아무리 깨워도 안 일어나는<6E5C>오빠가 나쁜 거잖아?,아무리 깨워도 안 일어나는<6E5C>오빠가 나쁜 거잖아?
dom2Orochi_X02.mes,Script/dom2Orochi_X02.mes,7,27,Hotaru,ほらほら、この時計が何時を<6E5C>指してるか、よーく見て!,"자, 이 시계가 몇 시를<6E5C>가리키는지 잘 봐!","자, 이 시계가 몇 시를<6E5C>가리키는지 잘 봐!"
dom2Orochi_X02.mes,Script/dom2Orochi_X02.mes,8,8,Hotaru,……え?制服?,어? 교복?,어? 교복?
dom2Orochi_X02.mes,Script/dom2Orochi_X02.mes,9,20,Hotaru,なに言ってるの、<6E5C>今日から新学期だよ!,"무슨 소리야,<6E5C>오늘부터 새학기야!","무슨 소리야,<6E5C>오늘부터 새학기야!"
dom2Orochi_X02.mes,Script/dom2Orochi_X02.mes,10,49,Chizuru,あのときの被女は、一種のトランス<6E5C>状態だったのでしょう.ゲーニッツ<6E5C>にそそのかされて、我を失って,그때 그녀는 일종의 트랜스<6E5C>상태였을 거예요. 가니츠에게<6E5C>홀려서 제정신을 잃고,그때 그녀는 일종의 트랜스<6E5C>상태였을 거예요. 가니츠에게<6E5C>홀려서 제정신을 잃고
dom2Orochi_X02.mes,Script/dom2Orochi_X02.mes,11,38,Chizuru,実際のところ、自分では何も<6E5C>指示を出してないし、<6E5C>重大な犯罪もしてなかった,"사실 본인은 지시도<6E5C>안 내렸고,<6E5C>중대한 범죄도 안 저질렀어요","사실 본인은 지시도<6E5C>안 내렸고,<6E5C>중대한 범죄도 안 저질렀어요"
dom2Orochi_X02.mes,Script/dom2Orochi_X02.mes,12,17,Chizuru,もう誰も被女を責めたりしないのに,이제 아무도 안 탓할 텐데,이제 아무도 안 탓할 텐데
dom2Orochi_X02.mes,Script/dom2Orochi_X02.mes,13,41,Chizuru,……そう.罪悪感からってだけじゃ<6E5C>ないのね.それなら、<6E5C>それもいいのかもしれない,"……그렇군요. 죄책감 때문만은<6E5C>아닌 거네요. 그럼,<6E5C>그것도 괜찮을지도","……그렇군요. 죄책감 때문만은<6E5C>아닌 거네요. 그럼,<6E5C>그것도 괜찮을지도"
dom2Orochi_X02.mes,Script/dom2Orochi_X02.mes,14,32,Chizuru,え?いいのよ.穏便に収めた方が<6E5C>、私にとっても都合がよかったし,어? 괜찮아요. 조용히 끝낸 게<6E5C>저한테도 나았으니까요,어? 괜찮아요. 조용히 끝낸 게<6E5C>저한테도 나았으니까요
dom2Orochi_X02.mes,Script/dom2Orochi_X02.mes,15,17,Chizuru,ふふ、私はただの巫女.それだけよ,"후후, 전 그냥 무녀예요","후후, 전 그냥 무녀예요"
dom2Orochi_X02.mes,Script/dom2Orochi_X02.mes,16,11,Chizuru,巳沢さんによろしくね,미사와 씨께 안부,미사와 씨께 안부
dom2Orochi_X02.mes,Script/dom2Orochi_X02.mes,17,26,Kisarah,ボクを閉じ込めてくれてアリガトウ<6E5C>って言っといてね,날 가둬줘서 고맙다고<6E5C>전해줘,날 가둬줘서 고맙다고<6E5C>전해줘
dom2Orochi_X02.mes,Script/dom2Orochi_X02.mes,18,36,Kisarah,……フフッ、ジョーダンだよ!<6E5C>『<이름:3232>クンをヨロシク』って<6E5C>伝えといて!,"……후훗, 농담이야!<6E5C>『<이름:3232> 잘 부탁해』라고<6E5C>전해줘!","……후훗, 농담이야!<6E5C>『<이름:3232> 잘 부탁해』라고<6E5C>전해줘!"
dom2Orochi_X02.mes,Script/dom2Orochi_X02.mes,19,33,Kisarah,あ、それから、約束のこと閉いた<6E5C>けど……絶対に破っちゃダメだヨ!,"아, 그리고 약속 얘기 들었는데<6E5C>……절대로 어기면 안 돼!","아, 그리고 약속 얘기 들었는데<6E5C>……절대로 어기면 안 돼!"
dom2Orochi_X02.mes,Script/dom2Orochi_X02.mes,20,7,Mary,Hi、<이름:3131>君,"Hi, <이름:3131>","Hi, <이름:3131>"
dom2Orochi_X02.mes,Script/dom2Orochi_X02.mes,21,6,[마리의 개],ワンワン!,멍멍!,멍멍!
dom2Orochi_X02.mes,Script/dom2Orochi_X02.mes,22,26,Mary,ええ、今はあのときの傷が治るまで<6E5C>お休み中なの……,"응, 그때 상처 나을 때까지<6E5C>쉬는 중이야……","응, 그때 상처 나을 때까지<6E5C>쉬는 중이야……"
dom2Orochi_X02.mes,Script/dom2Orochi_X02.mes,23,27,Mary,しかし、今回は不覚をとったわ.<6E5C>まだまだ未熟な証拠ね,이번엔 방심했어.<6E5C>아직 미숙하다는 증거겠지,이번엔 방심했어.<6E5C>아직 미숙하다는 증거겠지
dom2Orochi_X02.mes,Script/dom2Orochi_X02.mes,24,10,Mary,そう……被女もなの,그래……그녀도,그래……그녀도
dom2Orochi_X02.mes,Script/dom2Orochi_X02.mes,25,23,Mary,え?ええ.私のこの街での<6E5C>仕事は終わったから,"어, 응. 이 거리 일은<6E5C>끝났으니까","어, 응. 이 거리 일은<6E5C>끝났으니까"
dom2Orochi_X02.mes,Script/dom2Orochi_X02.mes,26,21,Mary,そんな顔しないで.<6E5C>……また遊びに来るわ,그런 얼굴 하지 마.<6E5C>또 놀러 올게,그런 얼굴 하지 마.<6E5C>또 놀러 올게
dom2Orochi_X02.mes,Script/dom2Orochi_X02.mes,27,12,UNKNOWN_1e,ど、どいてくださ~い!,"비, 비켜주세요~!","비, 비켜주세요~!"
dom2Orochi_X02.mes,Script/dom2Orochi_X02.mes,28,7,[효과음/내레이션],ずってーん!,쿠당탕!,쿠당탕!
dom2Orochi_X02.mes,Script/dom2Orochi_X02.mes,29,6,UNKNOWN_1e,いたたた…,아야야……,아야야……
dom2Orochi_X02.mes,Script/dom2Orochi_X02.mes,30,33,Fio,雫さんに会ったら、次は笑顔で会い<6E5C>たいです、って伝えてください!,시즈쿠 씨 만나면 다음엔<6E5C>웃으며 만나고 싶다 전해줘요!,시즈쿠 씨 만나면 다음엔<6E5C>웃으며 만나고 싶다 전해줘요!
dom2Orochi_X02.mes,Script/dom2Orochi_X02.mes,31,21,Fio,そうだったんですか……<6E5C>寂しくなりますぅ,그랬군요……<6E5C>섭섭해지네요,그랬군요……<6E5C>섭섭해지네요
dom2Orochi_X02.mes,Script/dom2Orochi_X02.mes,32,23,Fio,<이름:3232>さんはどうするんですか?<6E5C>え、断られた?,"<이름:3232> 씨는요?<6E5C>어, 거절당했어요?","<이름:3232> 씨는요?<6E5C>어, 거절당했어요?"
dom2Orochi_X02.mes,Script/dom2Orochi_X02.mes,33,30,Fio,そうでしたか、妹さんのことが<6E5C>あるから……雫さんらしいです,"그랬군요, 여동생 일도<6E5C>있으니까……시즈쿠 씨답네요","그랬군요, 여동생 일도<6E5C>있으니까……시즈쿠 씨답네요"
dom2Orochi_X02.mes,Script/dom2Orochi_X02.mes,34,24,Fio,で、ほたるさんが卒業したら<6E5C>どうするんですか?,그럼 호타루 씨 졸업하면<6E5C>어쩔 거예요?,그럼 호타루 씨 졸업하면<6E5C>어쩔 거예요?
dom2Orochi_X02.mes,Script/dom2Orochi_X02.mes,35,21,Fio,アハハ、<이름:3232>さん顔が<6E5C>赤くなってますよ?,"아하하, <이름:3232> 씨 얼굴이<6E5C>빨개졌어요?","아하하, <이름:3232> 씨 얼굴이<6E5C>빨개졌어요?"
dom2Orochi_X02.mes,Script/dom2Orochi_X02.mes,36,13,Iori,<이름:3131>……京はどこにいる?,<이름:3131>……쿄 어디 있지?,<이름:3131>……쿄 어디 있지?
dom2Orochi_X02.mes,Script/dom2Orochi_X02.mes,37,21,Iori,被女と後輩を連れて避暑地か……<6E5C>わかった,여자와 후배 데리고 피서지라니<6E5C>알았다,여자와 후배 데리고 피서지라니<6E5C>알았다
dom2Orochi_X02.mes,Script/dom2Orochi_X02.mes,38,25,Iori,用だと?今度こそ決着をつけに<6E5C>行く以外にあるまい,용건? 이번엔 결판을<6E5C>내러 가는 수밖에,용건? 이번엔 결판을<6E5C>내러 가는 수밖에
dom2Orochi_X02.mes,Script/dom2Orochi_X02.mes,39,21,Iori,貴様も己の決着をきっちりと<6E5C>つけるんだな,네놈도 결판을 확실히<6E5C>내는 거겠지,네놈도 결판을 확실히<6E5C>내는 거겠지
dom2Orochi_X02.mes,Script/dom2Orochi_X02.mes,40,3,Iori,フン,흥,흥
dom2Orochi_X02.mes,Script/dom2Orochi_X02.mes,41,7,UNKNOWN_1e,風が呼ぶ……,바람 부른다,바람 부른다
dom2Orochi_X02.mes,Script/dom2Orochi_X02.mes,42,7,UNKNOWN_1e,月が笑う……,달이 웃는다,달이 웃는다
dom2Orochi_X02.mes,Script/dom2Orochi_X02.mes,43,14,UNKNOWN_1e,俺のハートに淡がともる……,내 가슴에 불이 켜진다,내 가슴에 불이 켜진다
dom2Orochi_X02.mes,Script/dom2Orochi_X02.mes,44,19,UNKNOWN_1e,ああ、飛べない鳥が凍えて<6E5C>落ちる……,날지 못하는 새가<6E5C>얼어 떨어진다,날지 못하는 새가<6E5C>얼어 떨어진다
dom2Orochi_X02.mes,Script/dom2Orochi_X02.mes,45,24,Kyo,俺のこの手が真っ赤に燃え……って<6E5C>これは違うな,내 손이 새빨갛게 불타……라니<6E5C>이건 아니지,내 손이 새빨갛게 불타……라니<6E5C>이건 아니지
dom2Orochi_X02.mes,Script/dom2Orochi_X02.mes,46,10,Kyo,ん?<이름:3232>じゃねぇか,응? <이름:3232> 아니냐,응? <이름:3232> 아니냐
dom2Orochi_X02.mes,Script/dom2Orochi_X02.mes,47,30,Kyo,ああ、旅行ね.<6E5C>ユキが夏バテでダウンしちまってな<6E5C>.中止だ,"아, 여행 말이지.<6E5C>유키가 더위 먹고 뻗어서<6E5C>중지야","아, 여행 말이지.<6E5C>유키가 더위 먹고 뻗어서<6E5C>중지야"
dom2Orochi_X02.mes,Script/dom2Orochi_X02.mes,48,26,Kyo,なんだよ、青い顔しやがって.<6E5C>なんかまずかったか?,"뭐야, 얼굴이 파래져서.<6E5C>뭐 문제라도 있냐?","뭐야, 얼굴이 파래져서.<6E5C>뭐 문제라도 있냐?"
dom2Orochi_X02.mes,Script/dom2Orochi_X02.mes,49,49,Kyo,そんなことより、<6E5C>さっさと行ってやれよ<485C>待ってんだろ、お前のことを.<6E5C>女を待たせるもんじゃねぇぞ,"그런 것보다,<6E5C>얼른 가봐<485C>기다리고 있을 거 아냐, 널.<6E5C>여자를 기다리게 하면 안 되지","그런 것보다,<6E5C>얼른 가봐<485C>기다리고 있을 거 아냐, 널.<6E5C>여자를 기다리게 하면 안 되지"
dom2Orochi_X02.mes,Script/dom2Orochi_X02.mes,50,43,Kyo,いろいろあったんだ.またこの街に<6E5C>戻って来られるように、<6E5C>ちゃんとフォローしてやれよ,"여러 일이 있었어. 다시 이 거리로<6E5C>돌아올 수 있도록,<6E5C>제대로 챙겨줘라","여러 일이 있었어. 다시 이 거리로<6E5C>돌아올 수 있도록,<6E5C>제대로 챙겨줘라"
dom2Orochi_X02.mes,Script/dom2Orochi_X02.mes,51,27,Kyo,なんだよ.……悪いキノコでも<6E5C>食べたんですか、だと?,뭐야.……이상한 버섯이라도<6E5C>먹었냐고?,뭐야.……이상한 버섯이라도<6E5C>먹었냐고?
dom2Orochi_X02.mes,Script/dom2Orochi_X02.mes,52,5,[효과음/내레이션],バシィ!,찰싹!,찰싹!
dom2Orochi_X02.mes,Script/dom2Orochi_X02.mes,53,29,Kyo,バカヤロー、つまんねぇこと<6E5C>言ってないで、さっさと行け!,"바보 자식, 쓸데없는 소리<6E5C>하지 말고 얼른 가!","바보 자식, 쓸데없는 소리<6E5C>하지 말고 얼른 가!"
dom2Orochi_X02.mes,Script/dom2Orochi_X02.mes,54,28,주인공,(草薙先輩がまともなこと<6E5C>言うなんて……明日は雨だな),(쿠사나기가 멀쩡한 소릴<6E5C>하다니…비 오려나),(쿠사나기가 멀쩡한 소릴<6E5C>하다니…비 오려나)
dom2Orochi_X02.mes,Script/dom2Orochi_X02.mes,55,39,주인공,(ヤバイ!<6E5C>ギリギリの時間になっちゃったよ!<6E5C>え~っと、何番ホームだ……?),"(큰일이다!<6E5C>시간이 아슬아슬해졌어!<6E5C>어~, 몇 번 승강장이지……?)","(큰일이다!<6E5C>시간이 아슬아슬해졌어!<6E5C>어~, 몇 번 승강장이지……?)"
dom2Orochi_X02.mes,Script/dom2Orochi_X02.mes,56,8,[효과음/내레이션],プルルルル……,따르르릉……,따르르릉……
dom2Orochi_X02.mes,Script/dom2Orochi_X02.mes,57,19,주인공,(まずいぞ……!電車が出ちゃう!<6E5C>),(큰일이다! 전철이 떠나버려!<6E5C>),(큰일이다! 전철이 떠나버려!<6E5C>)
dom2Orochi_X02.mes,Script/dom2Orochi_X02.mes,58,5,UNKNOWN_1e,<이름:3232>ー!,<이름:3232>-!,<이름:3232>-!
dom2Orochi_X02.mes,Script/dom2Orochi_X02.mes,59,4,주인공,あ……,아……,아……
dom2Orochi_X02.mes,Script/dom2Orochi_X02.mes,60,12,주인공,雫!遅くなってごめん!,시즈쿠! 늦어서 미안,시즈쿠! 늦어서 미안
dom2Orochi_X02.mes,Script/dom2Orochi_X02.mes,61,23,Shizuku,もう……ゆっくり話す時間も<6E5C>なかったじゃない,정말……천천히 얘기할 시간도<6E5C>없었잖아,정말……천천히 얘기할 시간도<6E5C>없었잖아
dom2Orochi_X02.mes,Script/dom2Orochi_X02.mes,62,30,주인공,また電話する.<6E5C>今度の休みにはそっちにも<6E5C>遊びに行くから!,또 전화할게.<6E5C>다음 휴일엔 그쪽에도<6E5C>놀러 갈 테니까!,또 전화할게.<6E5C>다음 휴일엔 그쪽에도<6E5C>놀러 갈 테니까!
dom2Orochi_X02.mes,Script/dom2Orochi_X02.mes,63,37,Shizuku,私、もっと強くなるから.<6E5C>誰も傷つけなくていいくらい、<6E5C>強くなるから……,"나 더 강해질 거야.<6E5C>아무도 안 다치게 할 만큼,<6E5C>강해질 거야……","나 더 강해질 거야.<6E5C>아무도 안 다치게 할 만큼,<6E5C>강해질 거야……"
dom2Orochi_X02.mes,Script/dom2Orochi_X02.mes,64,8,주인공,がんばれ!雫!,힘내! 시즈쿠,힘내! 시즈쿠
dom2Orochi_X02.mes,Script/dom2Orochi_X02.mes,65,25,Shizuku,私はだいじょうぶ.<6E5C>それより、約束、忘れないでね,"난 괜찮아.<6E5C>그것보다, 약속 잊지 마","난 괜찮아.<6E5C>그것보다, 약속 잊지 마"
dom2Orochi_X02.mes,Script/dom2Orochi_X02.mes,66,24,주인공,うん.その指輪に誓うよ……<6E5C>かならず迎えに行く,"응, 반지에 맹세할게<6E5C>반드시 데리러 갈게","응, 반지에 맹세할게<6E5C>반드시 데리러 갈게"
dom2Orochi_X02.mes,Script/dom2Orochi_X02.mes,67,5,Shizuku,<이름:3232>……,<이름:3232>……,<이름:3232>……
dom2Orochi_X02.mes,Script/dom2Orochi_X02.mes,68,4,주인공,雫……,시즈쿠,시즈쿠
dom2Orochi_X02.mes,Script/dom2Orochi_X02.mes,69,7,[효과음/내레이션],プシュー……,치이익……,치이익……
dom2Orochi_X02.mes,Script/dom2Orochi_X02.mes,70,11,주인공,行ってらっしゃい、雫,"다녀와, 시즈쿠","다녀와, 시즈쿠"
dom2Orochi_X02.mes,Script/dom2Orochi_X02.mes,71,11,Shizuku,行ってきます……<이름:3232>,다녀올게……<이름:3232>,다녀올게……<이름:3232>
dom2Orochi_X02.mes,Script/dom2Orochi_X02.mes,72,17,주인공,(行っちゃった……がんばれ、雫),"(가버렸네……힘내, 시즈쿠)","(가버렸네……힘내, 시즈쿠)"
dom2Orochi_X02.mes,Script/dom2Orochi_X02.mes,73,27,주인공,(僕も、君を護り抜ける男になれる<6E5C>ようにがんばるよ),(나도 너를 지킬 수 있는<6E5C>남자가 될게),(나도 너를 지킬 수 있는<6E5C>남자가 될게)
dom2Orochi_X02.mes,Script/dom2Orochi_X02.mes,74,14,주인공,(僕の一番大切な君を……),(가장 소중한 너를),(가장 소중한 너를)
dom2Orochi_X02.mes,Script/dom2Orochi_X02.mes,75,24,Shizuku,すごい、シナリオをぜんぶ<6E5C>読んでくれたんだね!,"대단해, 시나리오를 전부<6E5C>읽어준 거구나!","대단해, 시나리오를 전부<6E5C>읽어준 거구나!"
dom2Orochi_X02.mes,Script/dom2Orochi_X02.mes,76,35,Shizuku,これは私たちからのささやかな<6E5C>プレゼントです.<6E5C>受け取ってください!,이건 저희가 드리는 작은<6E5C>선물이에요.<6E5C>받아주세요!,이건 저희가 드리는 작은<6E5C>선물이에요.<6E5C>받아주세요!
dom2Orochi_X02.mes,Script/dom2Orochi_X02.mes,77,12,UNKNOWN_66,おめでとうございます!,축하합니다!,축하합니다!
dom2Orochi_X02.mes,Script/dom2Orochi_X02.mes,78,20,UNKNOWN_66,私たちを見つけてくれて、<6E5C>ありがとう!,"저희를 찾아주셔서,<6E5C>감사합니다!","저희를 찾아주셔서,<6E5C>감사합니다!"
