file,rel_path,block,n_tokens,speaker,source,ai_draft,translation
dom2Hotaru_L01.mes,Script/dom2Hotaru_L01.mes,0,9,[효과음/내레이션],タッタッタッ……,,
dom2Hotaru_L01.mes,Script/dom2Hotaru_L01.mes,1,20,주인공,はぁ、はぁ……<6E5C>僕が寝坊するなんて……,,
dom2Hotaru_L01.mes,Script/dom2Hotaru_L01.mes,2,17,Hotaru,待ってお兄ちゃん.はぁ、はぁ……,,
dom2Hotaru_L01.mes,Script/dom2Hotaru_L01.mes,3,35,주인공,ほたるはまだHRまでに時間が<6E5C>あるだろ?あわてるなよ.<6E5C>階段こけるぞ,,
dom2Hotaru_L01.mes,Script/dom2Hotaru_L01.mes,4,21,Hotaru,でも、お兄ちゃんといっしょに<6E5C>行きた……,,
dom2Hotaru_L01.mes,Script/dom2Hotaru_L01.mes,5,6,Hotaru,きゃあっ!,,
dom2Hotaru_L01.mes,Script/dom2Hotaru_L01.mes,6,5,주인공,え……!,,
dom2Hotaru_L01.mes,Script/dom2Hotaru_L01.mes,7,4,[효과음/내레이션],ドカッ,,
dom2Hotaru_L01.mes,Script/dom2Hotaru_L01.mes,8,4,[효과음/내레이션],ドカッ,,
dom2Hotaru_L01.mes,Script/dom2Hotaru_L01.mes,9,7,[효과음/내레이션],ドッカーン!,,
dom2Hotaru_L01.mes,Script/dom2Hotaru_L01.mes,10,5,[효과음/내레이션],…………,,
dom2Hotaru_L01.mes,Script/dom2Hotaru_L01.mes,11,5,주인공,…………,,
dom2Hotaru_L01.mes,Script/dom2Hotaru_L01.mes,12,4,주인공,ううっ,,
dom2Hotaru_L01.mes,Script/dom2Hotaru_L01.mes,13,22,Hotaru,あっ…….だ、だいじょうぶ?<6E5C>お兄ちゃん!,,
dom2Hotaru_L01.mes,Script/dom2Hotaru_L01.mes,14,7,주인공,か、体が……,,
dom2Hotaru_L01.mes,Script/dom2Hotaru_L01.mes,15,34,Hotaru,ごめんなさい!<6E5C>ほたるがあわてちゃったせいで……<6E5C>ケガしちゃった?,,
dom2Hotaru_L01.mes,Script/dom2Hotaru_L01.mes,16,9,Hotaru,早く救急車を……,,
dom2Hotaru_L01.mes,Script/dom2Hotaru_L01.mes,17,32,주인공,いや、それは大丈夫だ……<6E5C>早く降りてくれ.<6E5C>重くて動けない……,,
dom2Hotaru_L01.mes,Script/dom2Hotaru_L01.mes,18,5,Hotaru,…………,,
dom2Hotaru_L01.mes,Script/dom2Hotaru_L01.mes,19,13,UNKNOWN_1e,アララ、朝から大胆だね~,,
dom2Hotaru_L01.mes,Script/dom2Hotaru_L01.mes,20,5,주인공,キサラ!,,
dom2Hotaru_L01.mes,Script/dom2Hotaru_L01.mes,21,23,Kisarah,そういうコトは、<6E5C>部屋でやってくれるかなぁ~,,
dom2Hotaru_L01.mes,Script/dom2Hotaru_L01.mes,22,30,Hotaru,ちっ、違うよキサラちゃん!<6E5C>私が階段でコケちゃったから……,,
dom2Hotaru_L01.mes,Script/dom2Hotaru_L01.mes,23,23,Kisarah,へぇ、ほたるから?<6E5C>たまにはヤルね、ほたるも,,
dom2Hotaru_L01.mes,Script/dom2Hotaru_L01.mes,24,14,Hotaru,もぉ、キサラちゃんってば!,,
dom2Hotaru_L01.mes,Script/dom2Hotaru_L01.mes,25,14,주인공,(朝からとんだ災難だ……),,
dom2Hotaru_L02.mes,Script/dom2Hotaru_L02.mes,0,9,주인공,ただいま……っと,,
dom2Hotaru_L02.mes,Script/dom2Hotaru_L02.mes,1,11,주인공,なんだこれ、笹の葉?,,
dom2Hotaru_L02.mes,Script/dom2Hotaru_L02.mes,2,11,Hotaru,おかえり、お兄ちゃん,,
dom2Hotaru_L02.mes,Script/dom2Hotaru_L02.mes,3,21,Hotaru,お兄ちゃんもいっしょに<6E5C>お願い事しよう?,,
dom2Hotaru_L02.mes,Script/dom2Hotaru_L02.mes,4,21,주인공,高校生が短冊にお願い事ね……<6E5C>まぁいいか,,
dom2Hotaru_L02.mes,Script/dom2Hotaru_L02.mes,5,11,주인공,よし、何を書こうかな,,
dom2Hotaru_L02.mes,Script/dom2Hotaru_L02.mes,6,27,Hotaru,お兄ちゃんは<6E5C>『大学を卒業できますように』<6E5C>でしょ?,,
dom2Hotaru_L02.mes,Script/dom2Hotaru_L02.mes,7,4,주인공,ぎくっ,,
dom2Hotaru_L02.mes,Script/dom2Hotaru_L02.mes,8,31,Hotaru,あとは、『草薙先生にこれ以上<6E5C>いじめられませんように』かな?,,
dom2Hotaru_L02.mes,Script/dom2Hotaru_L02.mes,9,6,주인공,ぎくぎくっ,,
dom2Hotaru_L02.mes,Script/dom2Hotaru_L02.mes,10,10,Hotaru,あはは!あたった!,,
dom2Hotaru_L02.mes,Script/dom2Hotaru_L02.mes,11,29,주인공,なんだよ、そういうほたるはもう<6E5C>書いたのか?見せてみろよ,,
dom2Hotaru_L02.mes,Script/dom2Hotaru_L02.mes,12,16,Hotaru,あっ!ダメだよ、勝手に見ちゃ!,,
dom2Hotaru_L02.mes,Script/dom2Hotaru_L02.mes,13,22,주인공,飾ったらどうせ見えるんだから<6E5C>いいだろう?,,
dom2Hotaru_L02.mes,Script/dom2Hotaru_L02.mes,14,9,Hotaru,ダメったらダメ!,,
dom2Hotaru_L02.mes,Script/dom2Hotaru_L02.mes,15,5,[선택지],見ない見る,,
dom2Hotaru_L02.mes,Script/dom2Hotaru_L02.mes,16,32,[선택지],“<0001><0000><0040><0034><0002>なんだよ、そこまで言うなら<6E5C>見ないけど、どうして?,,
dom2Hotaru_L02.mes,Script/dom2Hotaru_L02.mes,17,14,Hotaru,だって、恥ずかしいんだもん,,
dom2Hotaru_L02.mes,Script/dom2Hotaru_L02.mes,18,29,주인공,恥ずかしいお願い事って……<6E5C>おとなっぽくなりますように?,,
dom2Hotaru_L02.mes,Script/dom2Hotaru_L02.mes,19,15,Hotaru,違うもん!お兄ちゃんのバカ!,,
dom2Hotaru_L02.mes,Script/dom2Hotaru_L02.mes,20,23,주인공,わかった.わかったから早く<6E5C>笹の葉につけなよ,,
dom2Hotaru_L02.mes,Script/dom2Hotaru_L02.mes,21,5,Hotaru,うん……,,
dom2Hotaru_L02.mes,Script/dom2Hotaru_L02.mes,22,14,Hotaru,ダメだよ?見ちゃダメだよ?,,
dom2Hotaru_L02.mes,Script/dom2Hotaru_L02.mes,23,5,주인공,はいはい,,
dom2Hotaru_L02.mes,Script/dom2Hotaru_L02.mes,24,7,[효과음/내레이션],ガサガサ……,,
dom2Hotaru_L02.mes,Script/dom2Hotaru_L02.mes,25,6,Hotaru,……よし!,,
dom2Hotaru_L02.mes,Script/dom2Hotaru_L02.mes,26,31,Hotaru,じゃあお兄ちゃん、お兄ちゃんも<6E5C>ちゃんと願い事、書くんだよ?,,
dom2Hotaru_L02.mes,Script/dom2Hotaru_L02.mes,27,4,[효과음/내레이션],パタン,,
dom2Hotaru_L02.mes,Script/dom2Hotaru_L02.mes,28,27,주인공,……と言われて、<6E5C>見ないわけないよな.<6E5C>どれどれ……,,
dom2Hotaru_L02.mes,Script/dom2Hotaru_L02.mes,29,32,주인공,ん?<6E5C>「お兄ちゃんとずっといっしょに<6E5C>いられますように」……?,,
dom2Hotaru_L02.mes,Script/dom2Hotaru_L02.mes,30,11,주인공,……ほたるのやつ……,,
dom2Hotaru_L02.mes,Script/dom2Hotaru_L02.mes,31,21,UNKNOWN_29,?<0000><0000><0000><0000><0000><0024><0018><0002>なんだよ、変に強情だな,,
dom2Hotaru_L02.mes,Script/dom2Hotaru_L02.mes,32,9,Hotaru,ダメダメダメッ!,,
dom2Hotaru_L02.mes,Script/dom2Hotaru_L02.mes,33,10,주인공,えーい、すきあり!,,
dom2Hotaru_L02.mes,Script/dom2Hotaru_L02.mes,34,5,Hotaru,あーっ!,,
dom2Hotaru_L02.mes,Script/dom2Hotaru_L02.mes,35,7,주인공,なになに……,,
dom2Hotaru_L02.mes,Script/dom2Hotaru_L02.mes,36,29,주인공,「お兄ちゃんとずっといっしょに<6E5C>いられますように」……?,,
dom2Hotaru_L02.mes,Script/dom2Hotaru_L02.mes,37,5,Hotaru,…………,,
dom2Hotaru_L02.mes,Script/dom2Hotaru_L02.mes,38,12,주인공,……バカだなぁ、ほたる,,
dom2Hotaru_L02.mes,Script/dom2Hotaru_L02.mes,39,31,주인공,こんなコト書かなくても、僕は<6E5C>ずっとほたるのお兄ちゃんだろ?,,
dom2Hotaru_L02.mes,Script/dom2Hotaru_L02.mes,40,7,Hotaru,……ホント?,,
dom2Hotaru_L02.mes,Script/dom2Hotaru_L02.mes,41,26,주인공,どんくさいほたるは、<6E5C>お兄ちゃんが見てやんないとな,,
dom2Hotaru_L02.mes,Script/dom2Hotaru_L02.mes,42,5,Hotaru,もぉー!,,
dom2Hotaru_L03.mes,Script/dom2Hotaru_L03.mes,0,25,주인공,今日も疲れたな.<6E5C>シャワーでも浴びて、休もうかな,,
dom2Hotaru_L03.mes,Script/dom2Hotaru_L03.mes,1,5,[효과음/내레이션],ガチャッ,,
dom2Hotaru_L03.mes,Script/dom2Hotaru_L03.mes,2,7,UNKNOWN_1e,キャーーー!,,
dom2Hotaru_L03.mes,Script/dom2Hotaru_L03.mes,3,7,[효과음/내레이션],ザッバーン!,,
dom2Hotaru_L03.mes,Script/dom2Hotaru_L03.mes,4,5,[효과음/내레이션],バタン!,,
dom2Hotaru_L03.mes,Script/dom2Hotaru_L03.mes,5,21,주인공,え、あ、ほたる?<6E5C>お風呂に入ってたのか?,,
dom2Hotaru_L03.mes,Script/dom2Hotaru_L03.mes,6,19,Hotaru,もぉ!<6E5C>お兄ちゃんのバカバカバカッ!,,
dom2Hotaru_L03.mes,Script/dom2Hotaru_L03.mes,7,19,주인공,ご、ごめん.<6E5C>疲れて気づかなくて……,,
dom2Hotaru_L03.mes,Script/dom2Hotaru_L03.mes,8,14,Hotaru,ほんとに気づかなかったの?,,
dom2Hotaru_L03.mes,Script/dom2Hotaru_L03.mes,9,22,주인공,あたりまえだろ!<6E5C>わざと入るわけないだろ!,,
dom2Hotaru_L03.mes,Script/dom2Hotaru_L03.mes,10,5,Hotaru,…………,,
dom2Hotaru_L03.mes,Script/dom2Hotaru_L03.mes,11,12,주인공,なんだよ、その間は……,,
dom2Hotaru_L03.mes,Script/dom2Hotaru_L03.mes,12,7,[효과음/내레이션],……ガチャッ,,
dom2Hotaru_L03.mes,Script/dom2Hotaru_L03.mes,13,5,Hotaru,…………,,
dom2Hotaru_L03.mes,Script/dom2Hotaru_L03.mes,14,15,주인공,……もう着替えたのか.早いな,,
dom2Hotaru_L03.mes,Script/dom2Hotaru_L03.mes,15,7,Hotaru,……見たの?,,
dom2Hotaru_L03.mes,Script/dom2Hotaru_L03.mes,16,3,주인공,え?,,
dom2Hotaru_L03.mes,Script/dom2Hotaru_L03.mes,17,19,Hotaru,お兄ちゃん、ハダカ見たんでしょう<6E5C>?,,
dom2Hotaru_L03.mes,Script/dom2Hotaru_L03.mes,18,26,주인공,み、見てるわけないだろ!<6E5C>いきなり水かけられたのに,,
dom2Hotaru_L03.mes,Script/dom2Hotaru_L03.mes,19,7,Hotaru,……ホント?,,
dom2Hotaru_L03.mes,Script/dom2Hotaru_L03.mes,20,9,[선택지],ほんとちょっと見た,,
dom2Hotaru_L03.mes,Script/dom2Hotaru_L03.mes,21,14,[선택지],><0001><0000><001C><0010><0002>ほんとだって!,,
dom2Hotaru_L03.mes,Script/dom2Hotaru_L03.mes,22,16,Hotaru,……じゃあいいよ.私、もう寝る,,
dom2Hotaru_L03.mes,Script/dom2Hotaru_L03.mes,23,13,주인공,もう寝るのか?ごはんは?,,
dom2Hotaru_L03.mes,Script/dom2Hotaru_L03.mes,24,24,Hotaru,いいの.お兄ちゃんの分は<6E5C>冷蔵庫に入ってるから,,
dom2Hotaru_L03.mes,Script/dom2Hotaru_L03.mes,25,26,주인공,僕はいいけど、ほたるはちゃんと<6E5C>食べないとダメだぞ,,
dom2Hotaru_L03.mes,Script/dom2Hotaru_L03.mes,26,15,주인공,ただでさえ小さいんだから……,,
dom2Hotaru_L03.mes,Script/dom2Hotaru_L03.mes,27,23,Hotaru,あー!やっぱり見たんでしょう、<6E5C>お兄ちゃん!,,
dom2Hotaru_L03.mes,Script/dom2Hotaru_L03.mes,28,14,주인공,えぇ?違うよ、見てないって,,
dom2Hotaru_L03.mes,Script/dom2Hotaru_L03.mes,29,21,Hotaru,もぉいい!<6E5C>お兄ちゃんのバカバカバカッ!,,
dom2Hotaru_L03.mes,Script/dom2Hotaru_L03.mes,30,5,UNKNOWN_3e,キュゥ!,,
dom2Hotaru_L03.mes,Script/dom2Hotaru_L03.mes,31,5,[효과음/내레이션],バタン!,,
dom2Hotaru_L03.mes,Script/dom2Hotaru_L03.mes,32,31,주인공,なんだよ、何を気にしてるんだ?<6E5C>見てないって言ってるのに……,,
dom2Hotaru_L03.mes,Script/dom2Hotaru_L03.mes,33,13,주인공,だから見えなかったって!,,
dom2Hotaru_L03.mes,Script/dom2Hotaru_L03.mes,34,9,주인공,……ちょっとしか,,
dom2Hotaru_L03.mes,Script/dom2Hotaru_L03.mes,35,11,Hotaru,おにーちゃーんっっ!,,
dom2Hotaru_L03.mes,Script/dom2Hotaru_L03.mes,36,27,주인공,し、しかたないだろ!<6E5C>でも、ほんとにちょっとしか……,,
dom2Hotaru_L03.mes,Script/dom2Hotaru_L03.mes,37,5,UNKNOWN_3e,キュゥ!,,
dom2Hotaru_L03.mes,Script/dom2Hotaru_L03.mes,38,4,[효과음/내레이션],ガブッ,,
dom2Hotaru_L03.mes,Script/dom2Hotaru_L03.mes,39,8,주인공,いってーーー!,,
dom2Hotaru_L03.mes,Script/dom2Hotaru_L03.mes,40,22,Hotaru,お兄ちゃんのバカバカバカッ!<6E5C>知らないっ!,,
dom2Hotaru_L03.mes,Script/dom2Hotaru_L03.mes,41,5,[효과음/내레이션],バタン!,,
dom2Hotaru_L03.mes,Script/dom2Hotaru_L03.mes,42,16,주인공,……ったく、乱暴なんだから……,,
dom2Hotaru_L04.mes,Script/dom2Hotaru_L04.mes,0,31,주인공,あ、おまえたち、またこんな時間に<6E5C>うろついて、学校はどうした,,
dom2Hotaru_L04.mes,Script/dom2Hotaru_L04.mes,1,44,Kisarah,ヤダなぁ、今日は終業式だよ?<6E5C>ボクたちみたいな優等生がサボった<6E5C>りするはずないじゃない,,
dom2Hotaru_L04.mes,Script/dom2Hotaru_L04.mes,2,17,Hotaru,明日から夏休みだよ、お兄ちゃん!,,
dom2Hotaru_L04.mes,Script/dom2Hotaru_L04.mes,3,38,Kisarah,まぁ、3年のボクは試験があるから<6E5C>、もう少し通わないといけないん<6E5C>だけどね,,
dom2Hotaru_L04.mes,Script/dom2Hotaru_L04.mes,4,12,주인공,そうか、今日は終業式か,,
dom2Hotaru_L04.mes,Script/dom2Hotaru_L04.mes,5,12,주인공,じゃあ、ふたりとも……,,
dom2Hotaru_L04.mes,Script/dom2Hotaru_L04.mes,6,18,[선택지],ゆっくり遊びなさい通信簿を見せなさい,,
dom2Hotaru_L04.mes,Script/dom2Hotaru_L04.mes,7,22,[선택지],<0140><0001><0000><002C><0020><0002>ふたりでゆっくり遊んできなさい,,
dom2Hotaru_L04.mes,Script/dom2Hotaru_L04.mes,8,14,Kisarah,言われなくてもそうするよ~,,
dom2Hotaru_L04.mes,Script/dom2Hotaru_L04.mes,9,38,Kisarah,<이름:3232>クンとも遊んであげたい<6E5C>けど、忙しい大学生を連れ出すのは<6E5C>失礼だよね?,,
dom2Hotaru_L04.mes,Script/dom2Hotaru_L04.mes,10,10,주인공,余計なお世話だよ!,,
dom2Hotaru_L04.mes,Script/dom2Hotaru_L04.mes,11,22,Hotaru,今度は3人で遊びに行こうね?<6E5C>夏休みだし!,,
dom2Hotaru_L04.mes,Script/dom2Hotaru_L04.mes,12,21,UNKNOWN_29,<0144><0000><0000><0000><0000><0000><0024><0018><0002>通信簿を見せてみなさい,,
dom2Hotaru_L04.mes,Script/dom2Hotaru_L04.mes,13,13,Kisarah,え~?ナニ言ってんのぉ?,,
dom2Hotaru_L04.mes,Script/dom2Hotaru_L04.mes,14,31,Kisarah,サイテー.<6E5C>こんなトコでまで教師ぶるなんて.<6E5C>ほたる、行こっ,,
dom2Hotaru_L04.mes,Script/dom2Hotaru_L04.mes,15,7,Hotaru,う、うん……,,
dom2Hotaru_L04.mes,Script/dom2Hotaru_L04.mes,16,24,주인공,(うっ、ちょっとえらそうだった<6E5C>かな、僕……),,
dom2Hotaru_L05.mes,Script/dom2Hotaru_L05.mes,0,39,UNKNOWN_01,S<0002><0011><0009><0000><0000><0000><0000><0006><000A><0008><0000><0000><0001><000F><0000><0000><0000><0000><0000><002A><0000><0000><0000><0000><0000><0000><0020><0012><FFFF>チュンチュン……,,
dom2Hotaru_L05.mes,Script/dom2Hotaru_L05.mes,1,4,주인공,ん……,,
dom2Hotaru_L05.mes,Script/dom2Hotaru_L05.mes,2,9,주인공,(もう朝か……),,
dom2Hotaru_L05.mes,Script/dom2Hotaru_L05.mes,3,5,[효과음/내레이션],ガバッ!,,
dom2Hotaru_L05.mes,Script/dom2Hotaru_L05.mes,4,11,주인공,そうだ!マリーさん!,,
dom2Hotaru_L05.mes,Script/dom2Hotaru_L05.mes,5,11,주인공,あ、あれ……いない?,,
dom2Hotaru_L05.mes,Script/dom2Hotaru_L05.mes,6,24,주인공,(……なにも言わないで<6E5C>出ていっちゃったのか),,
dom2Hotaru_L05.mes,Script/dom2Hotaru_L05.mes,7,17,주인공,(あの傷でだいじょうぶかな……),,
dom2Hotaru_L05.mes,Script/dom2Hotaru_L05.mes,8,15,주인공,(う~ん、むにゃむにゃ……),,
dom2Hotaru_L05.mes,Script/dom2Hotaru_L05.mes,9,5,주인공,……ハッ,,
dom2Hotaru_L05.mes,Script/dom2Hotaru_L05.mes,10,31,주인공,……もうこんな何時か.<6E5C>あれ、ほたるのやつはどうしたんだ<6E5C>?,,
dom2Hotaru_L05.mes,Script/dom2Hotaru_L05.mes,11,4,[효과음/내레이션],バタン,,
dom2Hotaru_L05.mes,Script/dom2Hotaru_L05.mes,12,39,주인공,おい、ほたる、起きろよ!<6E5C>夏休みだからって、いきなり<6E5C>だらしないぞ……わっ!,,
dom2Hotaru_L05.mes,Script/dom2Hotaru_L05.mes,13,7,[효과음/내레이션],ドッターン!,,
dom2Hotaru_L05.mes,Script/dom2Hotaru_L05.mes,14,7,Hotaru,うう~ん……,,
dom2Hotaru_L05.mes,Script/dom2Hotaru_L05.mes,15,15,주인공,……ちょっと、おい、ほたる!,,
dom2Hotaru_L05.mes,Script/dom2Hotaru_L05.mes,16,13,Hotaru,んん……おにぃちゃん……,,
dom2Hotaru_L05.mes,Script/dom2Hotaru_L05.mes,17,13,주인공,ふぅ、やっと目覚めたか?,,
dom2Hotaru_L05.mes,Script/dom2Hotaru_L05.mes,18,8,Hotaru,く~、すやすや,,
dom2Hotaru_L05.mes,Script/dom2Hotaru_L05.mes,19,8,주인공,って寝言かよ!,,
dom2Hotaru_L05.mes,Script/dom2Hotaru_L05.mes,20,20,Hotaru,……んん.<6E5C>おにぃちゃん、だいすき……,,
dom2Hotaru_L05.mes,Script/dom2Hotaru_L05.mes,21,6,[효과음/내레이션],ぎゅっ……,,
dom2Hotaru_L05.mes,Script/dom2Hotaru_L05.mes,22,19,주인공,ちょっと、くっつくなって、<6E5C>苦し……,,
dom2Hotaru_L05.mes,Script/dom2Hotaru_L05.mes,23,15,Hotaru,いなくなっちゃ、いやだよ……,,
dom2Hotaru_L05.mes,Script/dom2Hotaru_L05.mes,24,5,주인공,…………,,
dom2Hotaru_L05.mes,Script/dom2Hotaru_L05.mes,25,5,UNKNOWN_3e,キュゥ!,,
dom2Hotaru_L05.mes,Script/dom2Hotaru_L05.mes,26,4,Hotaru,きゃっ,,
dom2Hotaru_L05.mes,Script/dom2Hotaru_L05.mes,27,9,주인공,あ、起きたか……,,
dom2Hotaru_L05.mes,Script/dom2Hotaru_L05.mes,28,16,Hotaru,お、お兄ちゃん、何してるの!?,,
dom2Hotaru_L05.mes,Script/dom2Hotaru_L05.mes,29,15,주인공,何って、ほたるを起こしに……,,
dom2Hotaru_L05.mes,Script/dom2Hotaru_L05.mes,30,8,Hotaru,もぉ、エッチ!,,
dom2Hotaru_L05.mes,Script/dom2Hotaru_L05.mes,31,4,주인공,えぇ?,,
dom2Hotaru_L05.mes,Script/dom2Hotaru_L05.mes,32,27,Hotaru,兄妹だからって、勝手に部屋に<6E5C>入っちゃダメなんだよ?,,
dom2Hotaru_L05.mes,Script/dom2Hotaru_L05.mes,33,9,Hotaru,もぉ、知らないっ,,
dom2Hotaru_L05.mes,Script/dom2Hotaru_L05.mes,34,23,주인공,な、なんで僕が怒られないと<6E5C>いけないんだ……,,
dom2Hotaru_L05.mes,Script/dom2Hotaru_L05.mes,35,7,주인공,(…………),,
dom2Hotaru_L05.mes,Script/dom2Hotaru_L05.mes,36,23,주인공,(……でもほたる、<6E5C>ちょっと泣いてた……?),,
dom2Hotaru_L08.mes,Script/dom2Hotaru_L08.mes,0,17,주인공,うわ、キレイさっぱり片付いてるな,,
dom2Hotaru_L08.mes,Script/dom2Hotaru_L08.mes,1,24,주인공,昨日お祭りがあったなんて<6E5C>嘘みたいだ.……ん?,,
dom2Hotaru_L08.mes,Script/dom2Hotaru_L08.mes,2,6,[효과음/내레이션],バサバサッ,,
dom2Hotaru_L08.mes,Script/dom2Hotaru_L08.mes,3,16,주인공,あの鳩の群れの中にいるのは……,,
dom2Hotaru_L08.mes,Script/dom2Hotaru_L08.mes,4,14,Hotaru,きゃはは!くすぐったーい!,,
dom2Hotaru_L08.mes,Script/dom2Hotaru_L08.mes,5,5,주인공,ほたる!,,
dom2Hotaru_L08.mes,Script/dom2Hotaru_L08.mes,6,10,Hotaru,あっ、お兄ちゃん?,,
dom2Hotaru_L08.mes,Script/dom2Hotaru_L08.mes,7,21,주인공,何やってんだ、<6E5C>そんなとこで鳩に襲われて,,
dom2Hotaru_L08.mes,Script/dom2Hotaru_L08.mes,8,13,Hotaru,もぉ、お兄ちゃんったら!,,
dom2Hotaru_L08.mes,Script/dom2Hotaru_L08.mes,9,28,Hotaru,お兄ちゃんもいっしょにあげようよ<6E5C>.パン、まだあるよ?,,
dom2Hotaru_L08.mes,Script/dom2Hotaru_L08.mes,10,17,주인공,いや、僕は動物と相性悪いから……,,
dom2Hotaru_L08.mes,Script/dom2Hotaru_L08.mes,11,17,주인공,とくに、そこにいるイトカツとはね,,
dom2Hotaru_L08.mes,Script/dom2Hotaru_L08.mes,12,5,UNKNOWN_3e,キュゥ!,,
dom2Hotaru_L08.mes,Script/dom2Hotaru_L08.mes,13,21,Hotaru,あはは!もう、お兄ちゃんは<6E5C>怖がりだなぁ,,
dom2Hotaru_L08.mes,Script/dom2Hotaru_L08.mes,14,28,Hotaru,素直な気持ちで接したら、<6E5C>みんなとってもかわいいのに!,,
dom2Hotaru_L08.mes,Script/dom2Hotaru_L08.mes,15,23,주인공,ほたるは特別、動物と親しく<6E5C>なりやすいんだよ,,
dom2Hotaru_L08.mes,Script/dom2Hotaru_L08.mes,16,7,Hotaru,そうかなぁ?,,
dom2Hotaru_L08.mes,Script/dom2Hotaru_L08.mes,17,10,Hotaru,……なんでだろう?,,
dom2Hotaru_L08.mes,Script/dom2Hotaru_L08.mes,18,13,[선택지],動物っぽいからやさしいから,,
dom2Hotaru_L08.mes,Script/dom2Hotaru_L08.mes,19,37,[선택지],、<0001><001E><0000><0000><0000><0000><0000><0018><0005><0000><0001><0000><0000><0000><0034><0026><0002>ほたるが動物っぽいからじゃないか<6E5C>?,,
dom2Hotaru_L08.mes,Script/dom2Hotaru_L08.mes,20,14,Hotaru,それって、どういう意味!?,,
dom2Hotaru_L08.mes,Script/dom2Hotaru_L08.mes,21,5,UNKNOWN_3e,キュゥ!,,
dom2Hotaru_L08.mes,Script/dom2Hotaru_L08.mes,22,4,[효과음/내레이션],ガブッ,,
dom2Hotaru_L08.mes,Script/dom2Hotaru_L08.mes,23,5,주인공,いたた!,,
dom2Hotaru_L08.mes,Script/dom2Hotaru_L08.mes,24,30,주인공,ほたる、仲良いならそいつの噛み<6E5C>ぐせもなんとかしてくれよ!,,
dom2Hotaru_L08.mes,Script/dom2Hotaru_L08.mes,25,23,Hotaru,いじわるばっかり言うお兄ちゃんが<6E5C>悪いんだよ,,
dom2Hotaru_L08.mes,Script/dom2Hotaru_L08.mes,26,7,Hotaru,知ーらない!,,
dom2Hotaru_L08.mes,Script/dom2Hotaru_L08.mes,27,5,UNKNOWN_3e,キュゥ!,,
dom2Hotaru_L08.mes,Script/dom2Hotaru_L08.mes,28,6,주인공,ううっ……,,
dom2Hotaru_L08.mes,Script/dom2Hotaru_L08.mes,29,29,주인공,ほたるを敵に回すと、すべての<6E5C>動物から襲われそうだな……,,
dom2Hotaru_L08.mes,Script/dom2Hotaru_L08.mes,30,13,주인공,ほたるが優しいからだろう,,
dom2Hotaru_L08.mes,Script/dom2Hotaru_L08.mes,31,12,Hotaru,え……そんなことないよ,,
dom2Hotaru_L08.mes,Script/dom2Hotaru_L08.mes,32,27,주인공,素直な気持ちで接さないと、<6E5C>動物は近づかないんだろ?,,
dom2Hotaru_L08.mes,Script/dom2Hotaru_L08.mes,33,30,주인공,ほたるがいつも素直だから、<6E5C>動物たちも心を許せるんだろうね,,
dom2Hotaru_L08.mes,Script/dom2Hotaru_L08.mes,34,19,Hotaru,え、あ、ん……だったら、<6E5C>うれしいな,,
dom2Hotaru_L08.mes,Script/dom2Hotaru_L08.mes,35,23,주인공,ハハハ、ほたるはすぐに<6E5C>赤くなるから面白いぞ,,
dom2Hotaru_L08.mes,Script/dom2Hotaru_L08.mes,36,5,[효과음/내레이션],ナデナデ,,
dom2Hotaru_L08.mes,Script/dom2Hotaru_L08.mes,37,20,Hotaru,も、もぉ!<6E5C>また子どもあつかいしてぇ!,,
dom2Hotaru_L08.mes,Script/dom2Hotaru_L08.mes,38,27,주인공,(こんなことで照れたりして、<6E5C>やっぱり子どもだなぁ),,
dom2Hotaru_L09.mes,Script/dom2Hotaru_L09.mes,0,39,[선택지],ぅ<0001><0011><0009><0000><0000><0000><0000><0006><000A><0008><0000><0000><0001><002A><0000><0000><0000><0000><0000><000E><0001><FFFF><0000><0000><0000><000B><0008><0001><0001><0000><0000><0000><0014><0006><FFFF>パン★,,
dom2Hotaru_L09.mes,Script/dom2Hotaru_L09.mes,1,4,[효과음/내레이션],パン★,,
dom2Hotaru_L09.mes,Script/dom2Hotaru_L09.mes,2,4,주인공,わぁっ,,
dom2Hotaru_L09.mes,Script/dom2Hotaru_L09.mes,3,19,Hotaru,お誕生日おめでとう、おにーちゃん<6E5C>!,,
dom2Hotaru_L09.mes,Script/dom2Hotaru_L09.mes,4,51,주인공,クラッカー…….<6E5C>うわ、すごいごちそうじゃないか<485C>これ、ぜんぶほたるがつくったのか<6E5C>?……うれしいよ,,
dom2Hotaru_L09.mes,Script/dom2Hotaru_L09.mes,5,13,Hotaru,エヘ、がんばったんだよ?,,
dom2Hotaru_L09.mes,Script/dom2Hotaru_L09.mes,6,50,Hotaru,21歳か…….昨日まではお兄ちゃん<6E5C>と4つしか違わなかったのに、今日<6E5C>からまた5つ離れちゃうんだね,,
dom2Hotaru_L09.mes,Script/dom2Hotaru_L09.mes,7,24,주인공,バカだな.年の差なんて永遠に<6E5C>縮まらないだろ?,,
dom2Hotaru_L09.mes,Script/dom2Hotaru_L09.mes,8,8,Hotaru,そうだけど……,,
dom2Hotaru_L09.mes,Script/dom2Hotaru_L09.mes,9,15,Hotaru,もぉ、お兄ちゃんのドンカン!,,
dom2Hotaru_L09.mes,Script/dom2Hotaru_L09.mes,10,4,주인공,えぇ?,,
dom2Hotaru_L09.mes,Script/dom2Hotaru_L09.mes,11,22,Hotaru,もういいよ.<6E5C>お兄ちゃん、ケーキ食べよう?,,
dom2Hotaru_L09.mes,Script/dom2Hotaru_L09.mes,12,12,주인공,そうだな.どれどれ……,,
dom2Hotaru_L09.mes,Script/dom2Hotaru_L09.mes,13,4,[효과음/내레이션],パクッ,,
dom2Hotaru_L09.mes,Script/dom2Hotaru_L09.mes,14,4,주인공,う……,,
dom2Hotaru_L09.mes,Script/dom2Hotaru_L09.mes,15,19,[선택지],とってもおいしいよちょっと甘すぎるかな,,
dom2Hotaru_L09.mes,Script/dom2Hotaru_L09.mes,16,12,주인공,と、とってもおいしいよ,,
dom2Hotaru_L09.mes,Script/dom2Hotaru_L09.mes,17,15,Hotaru,……ほんとう?無理してない?,,
dom2Hotaru_L09.mes,Script/dom2Hotaru_L09.mes,18,55,주인공,そ、そんなことないよ.ほたるが<6E5C>一生懸命つくってくれたのに、<485C>おいしくないわけないだろ?<6E5C>もぐもぐ.もぐもぐ,,
dom2Hotaru_L09.mes,Script/dom2Hotaru_L09.mes,19,6,주인공,……うぐっ,,
dom2Hotaru_L09.mes,Script/dom2Hotaru_L09.mes,20,11,Hotaru,もぉ!無理しないで!,,
dom2Hotaru_L09.mes,Script/dom2Hotaru_L09.mes,21,27,주인공,無理なんかじゃないって!<6E5C>僕が好きで食べてるんだよ!,,
dom2Hotaru_L09.mes,Script/dom2Hotaru_L09.mes,22,10,Hotaru,……お兄ちゃん……,,
dom2Hotaru_L09.mes,Script/dom2Hotaru_L09.mes,23,32,주인공,そうだ、こんな豪勢なプレゼント<6E5C>されたら、僕もお返ししないとな,,
dom2Hotaru_L09.mes,Script/dom2Hotaru_L09.mes,24,20,주인공,ほたる、今度の日曜に<6E5C>海にでも行こうか,,
dom2Hotaru_L09.mes,Script/dom2Hotaru_L09.mes,25,11,Hotaru,ほんとう!?いいの?,,
dom2Hotaru_L09.mes,Script/dom2Hotaru_L09.mes,26,25,주인공,ああ.約束だ.<6E5C>でも人がいっぱいかもしれないなぁ,,
dom2Hotaru_L09.mes,Script/dom2Hotaru_L09.mes,27,28,Hotaru,じゃあ、朝から行こうよ!<6E5C>早い時間ならきっと少ないよ!,,
dom2Hotaru_L09.mes,Script/dom2Hotaru_L09.mes,28,5,주인공,そうだな,,
dom2Hotaru_L09.mes,Script/dom2Hotaru_L09.mes,29,26,주인공,ほたるがちゃんと起こして<6E5C>くれるなら、朝から行こう,,
dom2Hotaru_L09.mes,Script/dom2Hotaru_L09.mes,30,6,Hotaru,やったぁ!,,
dom2Hotaru_L09.mes,Script/dom2Hotaru_L09.mes,31,20,주인공,そうだな…….<6E5C>ちょっと甘すぎるかな?,,
dom2Hotaru_L09.mes,Script/dom2Hotaru_L09.mes,32,13,Hotaru,そっか…….ごめんなさい,,
dom2Hotaru_L09.mes,Script/dom2Hotaru_L09.mes,33,16,주인공,いやいや、これくらい大丈夫だよ,,
dom2Hotaru_L09.mes,Script/dom2Hotaru_L09.mes,34,27,주인공,ほら、ほたるも食べろよ.<6E5C>僕ひとりじゃ食べきれないぞ,,
dom2Hotaru_L09.mes,Script/dom2Hotaru_L09.mes,35,24,Hotaru,うん!今日は、ふたりっきりで<6E5C>お祝いだもんね?,,
dom2Hotaru_L10.mes,Script/dom2Hotaru_L10.mes,0,9,주인공,う、うう~ん……,,
dom2Hotaru_L10.mes,Script/dom2Hotaru_L10.mes,1,4,[효과음/내레이션],ガブッ,,
dom2Hotaru_L10.mes,Script/dom2Hotaru_L10.mes,2,6,주인공,いってー!,,
dom2Hotaru_L10.mes,Script/dom2Hotaru_L10.mes,3,5,UNKNOWN_3e,キュゥ!,,
dom2Hotaru_L10.mes,Script/dom2Hotaru_L10.mes,4,24,주인공,……あぁ、おはよう、ほたる.<6E5C>えらく早起きだな,,
dom2Hotaru_L10.mes,Script/dom2Hotaru_L10.mes,5,15,Hotaru,もー、今日の約束忘れたのぉ?,,
dom2Hotaru_L10.mes,Script/dom2Hotaru_L10.mes,6,7,주인공,え?約束……,,
dom2Hotaru_L10.mes,Script/dom2Hotaru_L10.mes,7,25,Hotaru,もぉ!早く行かないと人<6E5C>いっぱいで泳げないよっ!,,
dom2Hotaru_L10.mes,Script/dom2Hotaru_L10.mes,8,9,Hotaru,………お兄ちゃん,,
dom2Hotaru_L10.mes,Script/dom2Hotaru_L10.mes,9,16,Hotaru,似合ってなくても笑わないでよ?,,
dom2Hotaru_L10.mes,Script/dom2Hotaru_L10.mes,10,20,주인공,水着ぐらいで笑うわけないだろ、<6E5C>ったく,,
dom2Hotaru_L10.mes,Script/dom2Hotaru_L10.mes,11,10,Hotaru,……ヘンじゃない?,,
dom2Hotaru_L10.mes,Script/dom2Hotaru_L10.mes,12,14,주인공,ヘンじゃない、ヘンじゃない,,
dom2Hotaru_L10.mes,Script/dom2Hotaru_L10.mes,13,12,Hotaru,もぉ、ちゃんと見てよ!,,
dom2Hotaru_L10.mes,Script/dom2Hotaru_L10.mes,14,10,주인공,わかった、わかった,,
dom2Hotaru_L10.mes,Script/dom2Hotaru_L10.mes,15,4,[효과음/내레이션],じ~っ,,
dom2Hotaru_L10.mes,Script/dom2Hotaru_L10.mes,16,19,Hotaru,そんなに見ないでよ!<6E5C>恥ずかしいよ!,,
dom2Hotaru_L10.mes,Script/dom2Hotaru_L10.mes,17,9,주인공,どっちなんだよ!,,
dom2Hotaru_L10.mes,Script/dom2Hotaru_L10.mes,18,12,Hotaru,……ねぇ、似合ってる?,,
dom2Hotaru_L10.mes,Script/dom2Hotaru_L10.mes,19,8,주인공,え?うーん……,,
dom2Hotaru_L10.mes,Script/dom2Hotaru_L10.mes,20,7,[선택지],きれいかわいい,,
dom2Hotaru_L10.mes,Script/dom2Hotaru_L10.mes,21,9,주인공,うん、きれいだよ,,
dom2Hotaru_L10.mes,Script/dom2Hotaru_L10.mes,22,11,Hotaru,え!?キレイって……,,
dom2Hotaru_L10.mes,Script/dom2Hotaru_L10.mes,23,17,주인공,ほたるも成長したな、前に比べたら,,
dom2Hotaru_L10.mes,Script/dom2Hotaru_L10.mes,24,19,Hotaru,えぇ!?どういうこと?<6E5C>それって……,,
dom2Hotaru_L10.mes,Script/dom2Hotaru_L10.mes,25,14,Hotaru,もぉ!お兄ちゃんのエッチ!,,
dom2Hotaru_L10.mes,Script/dom2Hotaru_L10.mes,26,26,주인공,そんな、もじもじするなよ.<6E5C>こっちまで恥ずかしいぞ,,
dom2Hotaru_L10.mes,Script/dom2Hotaru_L10.mes,27,9,Hotaru,ごめんなさい……,,
dom2Hotaru_L10.mes,Script/dom2Hotaru_L10.mes,28,23,주인공,早く海に入ろう.<6E5C>そうすれば恥ずかしくないよ,,
dom2Hotaru_L10.mes,Script/dom2Hotaru_L10.mes,29,20,주인공,どうせ昼には帰らないと<6E5C>いけないんだし,,
dom2Hotaru_L10.mes,Script/dom2Hotaru_L10.mes,30,28,Hotaru,うん!それまで、お兄ちゃんと<6E5C>この海をひとりじめだね?,,
dom2Hotaru_L10.mes,Script/dom2Hotaru_L10.mes,31,26,UNKNOWN_29,",<0000><0000><0000><0000><0000><0030><0022><0002>似合ってるよ.かわいい、かわいい",,
dom2Hotaru_L10.mes,Script/dom2Hotaru_L10.mes,32,19,Hotaru,もぉ、また子どもあつかいしてるー<6E5C>!,,
dom2Hotaru_L10.mes,Script/dom2Hotaru_L10.mes,33,9,UNKNOWN_3e,キュゥ、キュゥ!,,
dom2Hotaru_L10.mes,Script/dom2Hotaru_L10.mes,34,24,Hotaru,あ、イトカツが海を怖がってる……<6E5C>.どうしよう,,
dom2Hotaru_L10.mes,Script/dom2Hotaru_L10.mes,35,14,주인공,連れてこなきゃよかったのに,,
dom2Hotaru_L10.mes,Script/dom2Hotaru_L10.mes,36,17,Hotaru,部屋でひとりになんかできないよ!,,
dom2Hotaru_L10.mes,Script/dom2Hotaru_L10.mes,37,14,주인공,でも、これじゃ泳げないぞ?,,
dom2Hotaru_L10.mes,Script/dom2Hotaru_L10.mes,38,17,Hotaru,じゃあ、砂浜でいっしょに遊ぼう?,,
dom2Hotaru_L10.mes,Script/dom2Hotaru_L10.mes,39,13,주인공,せっかく海に来たのに……,,
dom2Hotaru_L10.mes,Script/dom2Hotaru_L10.mes,40,42,주인공,まぁいいか、昼には帰る予定<6E5C>だったしな.これじゃ幼稚園の<6E5C>砂場に遊びに来たみたいだ,,
dom2Hotaru_M01.mes,Script/dom2Hotaru_M01.mes,0,25,Hotaru,あ、お兄ちゃん!<6E5C>お兄ちゃんもいっしょに行こう?,,
dom2Hotaru_M01.mes,Script/dom2Hotaru_M01.mes,1,20,주인공,ほたる!<6E5C>いきなり現れて何言ってんだ?,,
dom2Hotaru_M01.mes,Script/dom2Hotaru_M01.mes,2,32,Hotaru,あのね、NESTSってトコで<6E5C>~ポップのイベントがあるんだって,,
dom2Hotaru_M01.mes,Script/dom2Hotaru_M01.mes,3,28,Hotaru,キサラちゃんに誘われたんだけど、<6E5C>お兄ちゃんも行こう?,,
dom2Hotaru_M01.mes,Script/dom2Hotaru_M01.mes,4,15,주인공,うーん、行ってもいいけど……,,
dom2Hotaru_M01.mes,Script/dom2Hotaru_M01.mes,5,5,Hotaru,決まり!,,
dom2Hotaru_M01.mes,Script/dom2Hotaru_M01.mes,6,15,주인공,うわ、若い女の子ばっかり……,,
dom2Hotaru_M01.mes,Script/dom2Hotaru_M01.mes,7,10,Hotaru,あ、キサラちゃん!,,
dom2Hotaru_M01.mes,Script/dom2Hotaru_M01.mes,8,26,Kisarah,やっと来たね、ほたる.おや、<6E5C><이름:3232>クンもいっしょ?,,
dom2Hotaru_M01.mes,Script/dom2Hotaru_M01.mes,9,30,주인공,ああ.クラブなんかに、ほたる<6E5C>ひとりで行かせられないからな,,
dom2Hotaru_M01.mes,Script/dom2Hotaru_M01.mes,10,13,Kisarah,過保護だなぁ、<이름:3232>クンは,,
dom2Hotaru_M01.mes,Script/dom2Hotaru_M01.mes,11,10,Kisarah,あ、ほら、始まるよ,,
dom2Hotaru_M01.mes,Script/dom2Hotaru_M01.mes,12,9,[효과음/내레이션],キャー!キャー!,,
dom2Hotaru_M01.mes,Script/dom2Hotaru_M01.mes,13,7,[효과음/내레이션],キャーーー!,,
dom2Hotaru_M01.mes,Script/dom2Hotaru_M01.mes,14,11,Kisarah,キャー!カッコイー!,,
dom2Hotaru_M01.mes,Script/dom2Hotaru_M01.mes,15,9,Hotaru,え?これって……,,
dom2Hotaru_M01.mes,Script/dom2Hotaru_M01.mes,16,28,주인공,おいおい、歌謡曲じゃないのかよ!<6E5C>八神先輩じゃないか!,,
dom2Hotaru_M01.mes,Script/dom2Hotaru_M01.mes,17,55,Kisarah,ん?ほたるが怖がって、なかなか<6E5C>八神先生のライブに来ないから、<485C>ちょっとビックリさせようと<6E5C>思ったんだけど?,,
dom2Hotaru_M01.mes,Script/dom2Hotaru_M01.mes,18,8,주인공,強引すぎるぞ!,,
dom2Hotaru_M01.mes,Script/dom2Hotaru_M01.mes,19,21,주인공,ああ、草薙先輩が現れなきゃ<6E5C>いいけど……,,
dom2Hotaru_M01.mes,Script/dom2Hotaru_M01.mes,20,12,Hotaru,ああっ!八神先生が……,,
dom2Hotaru_M01.mes,Script/dom2Hotaru_M01.mes,21,30,Iori,泣けッ!叫べッ!そして……<6E5C>死ねぇぇぇッ、京ォォォォォ!!,,
dom2Hotaru_M01.mes,Script/dom2Hotaru_M01.mes,22,5,[효과음/내레이션],ドターン,,
dom2Hotaru_M01.mes,Script/dom2Hotaru_M01.mes,23,5,[효과음/내레이션],バキーン,,
dom2Hotaru_M01.mes,Script/dom2Hotaru_M01.mes,24,22,주인공,わーっ!<6E5C>ベース弾かないで叩きつけてるよ!,,
dom2Hotaru_M01.mes,Script/dom2Hotaru_M01.mes,25,25,주인공,これのどこがライブだよ!<6E5C>来るんじゃなかった……,,
dom2Hotaru_M02.mes,Script/dom2Hotaru_M02.mes,0,19,주인공,(……最近、あの夢を見ないな……<6E5C>),,
dom2Hotaru_M02.mes,Script/dom2Hotaru_M02.mes,1,26,주인공,(夢も見ないほど、<6E5C>ぐっすり寝てるってことかな?),,
dom2Hotaru_M02.mes,Script/dom2Hotaru_M02.mes,2,20,주인공,(もう二度と見なければ<6E5C>いいけど……),,
dom2Hotaru_M02.mes,Script/dom2Hotaru_M02.mes,3,8,Hotaru,お兄ちゃん……,,
dom2Hotaru_M02.mes,Script/dom2Hotaru_M02.mes,4,17,주인공,どうした、ほたる.寝れないのか?,,
dom2Hotaru_M02.mes,Script/dom2Hotaru_M02.mes,5,6,Hotaru,ううん……,,
dom2Hotaru_M02.mes,Script/dom2Hotaru_M02.mes,6,16,주인공,……パパとママの夢を見たのか?,,
dom2Hotaru_M02.mes,Script/dom2Hotaru_M02.mes,7,5,Hotaru,…………,,
dom2Hotaru_M02.mes,Script/dom2Hotaru_M02.mes,8,10,주인공,……こっちにおいで,,
dom2Hotaru_M02.mes,Script/dom2Hotaru_M02.mes,9,6,Hotaru,……うんっ,,
dom2Hotaru_M02.mes,Script/dom2Hotaru_M02.mes,10,24,주인공,大丈夫だよ、僕もイトカツも、<6E5C>ちゃんといるから,,
dom2Hotaru_M02.mes,Script/dom2Hotaru_M02.mes,11,5,UNKNOWN_3e,キュゥ!,,
dom2Hotaru_M02.mes,Script/dom2Hotaru_M02.mes,12,22,주인공,ほたるを置いて、<6E5C>どこかに行ったりしないよ,,
dom2Hotaru_M02.mes,Script/dom2Hotaru_M02.mes,13,8,Hotaru,お兄ちゃん……,,
dom2Hotaru_M02.mes,Script/dom2Hotaru_M02.mes,14,9,주인공,だから、安心しな,,
dom2Hotaru_M02.mes,Script/dom2Hotaru_M02.mes,15,5,Hotaru,でも……,,
dom2Hotaru_M02.mes,Script/dom2Hotaru_M02.mes,16,3,주인공,ん?,,
dom2Hotaru_M02.mes,Script/dom2Hotaru_M02.mes,17,21,Hotaru,いなくならないなんて約束は、<6E5C>できないよ,,
dom2Hotaru_M02.mes,Script/dom2Hotaru_M02.mes,18,11,Hotaru,ほたる、知ってる……,,
dom2Hotaru_M02.mes,Script/dom2Hotaru_M02.mes,19,5,주인공,…………,,
dom2Hotaru_M02.mes,Script/dom2Hotaru_M02.mes,20,21,Hotaru,悲しい日なんて、<6E5C>来なければいいのに……,,
dom2Hotaru_M02.mes,Script/dom2Hotaru_M02.mes,21,29,Hotaru,どうすれば来ないですむのかな.<6E5C>ほたる、わかんないよ……,,
dom2Hotaru_M02.mes,Script/dom2Hotaru_M02.mes,22,15,[선택지],こないようにしようしかたないよ,,
dom2Hotaru_M02.mes,Script/dom2Hotaru_M02.mes,23,14,주인공,じゃあ、こないようにしよう,,
dom2Hotaru_M02.mes,Script/dom2Hotaru_M02.mes,24,10,Hotaru,こないようにって?,,
dom2Hotaru_M02.mes,Script/dom2Hotaru_M02.mes,25,12,주인공,……わからないけど……,,
dom2Hotaru_M02.mes,Script/dom2Hotaru_M02.mes,26,5,Hotaru,…………,,
dom2Hotaru_M02.mes,Script/dom2Hotaru_M02.mes,27,10,주인공,ほら、笑って笑って,,
dom2Hotaru_M02.mes,Script/dom2Hotaru_M02.mes,28,26,Hotaru,いたっ.お兄ちゃん、<6E5C>ほっぺたひっぱったらいたいよ,,
dom2Hotaru_M02.mes,Script/dom2Hotaru_M02.mes,29,27,주인공,いっぱい笑ったら、嫌なことも<6E5C>悲しいことも吹き飛ぶよ,,
dom2Hotaru_M02.mes,Script/dom2Hotaru_M02.mes,30,27,주인공,そしたら、そんなことも起こらない<6E5C>かもしれないだろ?,,
dom2Hotaru_M02.mes,Script/dom2Hotaru_M02.mes,31,10,Hotaru,……うん、そうだね,,
dom2Hotaru_M02.mes,Script/dom2Hotaru_M02.mes,32,12,Hotaru,ありがとう、お兄ちゃん,,
dom2Hotaru_M02.mes,Script/dom2Hotaru_M02.mes,33,28,주인공,(……僕も、もう後悔なんてしない<6E5C>ようにしないと……),,
dom2Hotaru_M02.mes,Script/dom2Hotaru_M02.mes,34,37,주인공,それは、しかたないよ.<6E5C>生きてたら、何が起こるかなんて<6E5C>わからないからね,,
dom2Hotaru_M02.mes,Script/dom2Hotaru_M02.mes,35,5,Hotaru,…………,,
dom2Hotaru_M02.mes,Script/dom2Hotaru_M02.mes,36,27,주인공,でも、だからって落ち込んでても<6E5C>しょうがないだろう?,,
dom2Hotaru_M02.mes,Script/dom2Hotaru_M02.mes,37,40,주인공,もっと楽しいことを考えないと.<6E5C>ほたるは、僕やキサラとの<6E5C>毎日が楽しくないの?,,
dom2Hotaru_M02.mes,Script/dom2Hotaru_M02.mes,38,25,Hotaru,そんなことないよ!<6E5C>お兄ちゃんといるの、楽しい!,,
dom2Hotaru_M02.mes,Script/dom2Hotaru_M02.mes,39,19,주인공,だったら、楽しいことばかり<6E5C>考えよう,,
dom2Hotaru_M02.mes,Script/dom2Hotaru_M02.mes,40,26,주인공,楽しいときは、悲しいことまで<6E5C>考えないようにしよう,,
dom2Hotaru_M02.mes,Script/dom2Hotaru_M02.mes,41,17,Hotaru,……うん、ありがとう、お兄ちゃん,,
dom2Hotaru_M02.mes,Script/dom2Hotaru_M02.mes,42,27,주인공,(……僕も、あの夢を見ないように<6E5C>、早く寝よう……),,
dom2Hotaru_S01.mes,Script/dom2Hotaru_S01.mes,0,20,주인공,ほたる.<6E5C>制服のままで何食べてるんだ?,,
dom2Hotaru_S01.mes,Script/dom2Hotaru_S01.mes,1,27,Hotaru,エヘヘ.おなかすいちゃって.<6E5C>急いでごはん作ったんだ,,
dom2Hotaru_S01.mes,Script/dom2Hotaru_S01.mes,2,12,주인공,食いしん坊だな.太るぞ,,
dom2Hotaru_S01.mes,Script/dom2Hotaru_S01.mes,3,42,Hotaru,私はお兄ちゃんと違って成長期なの<6E5C>!そんなこと言ったら<6E5C>お兄ちゃんの分あげないよっ,,
dom2Hotaru_S01.mes,Script/dom2Hotaru_S01.mes,4,29,주인공,わるい、わるい.<6E5C>僕もおなかすいてるんだ.<6E5C>さ、食べよう,,
dom2Hotaru_S01.mes,Script/dom2Hotaru_S01.mes,5,3,Hotaru,もぉ,,
dom2Hotaru_S01.mes,Script/dom2Hotaru_S01.mes,6,7,Hotaru,はい、どーぞ,,
dom2Hotaru_S01.mes,Script/dom2Hotaru_S01.mes,7,8,주인공,いただきまーす,,
dom2Hotaru_S01.mes,Script/dom2Hotaru_S01.mes,8,4,[효과음/내레이션],ぱくっ,,
dom2Hotaru_S01.mes,Script/dom2Hotaru_S01.mes,9,5,주인공,うっ……,,
dom2Hotaru_S01.mes,Script/dom2Hotaru_S01.mes,10,8,Hotaru,あ、あれ……?,,
dom2Hotaru_S01.mes,Script/dom2Hotaru_S01.mes,11,35,주인공,ほ、ほたるは、料理始めて<6E5C>3ヶ月だもんな?<6E5C>上出来、上出来!もぐもぐ,,
dom2Hotaru_S01.mes,Script/dom2Hotaru_S01.mes,12,13,Hotaru,お兄ちゃん、無理して……,,
dom2Hotaru_S01.mes,Script/dom2Hotaru_S01.mes,13,6,[효과음/내레이션],バリバリッ,,
dom2Hotaru_S01.mes,Script/dom2Hotaru_S01.mes,14,6,주인공,いってー!,,
dom2Hotaru_S01.mes,Script/dom2Hotaru_S01.mes,15,6,Hotaru,イトカツ!,,
dom2Hotaru_S01.mes,Script/dom2Hotaru_S01.mes,16,13,주인공,なんだ、ほたる、いたのか,,
dom2Hotaru_S01.mes,Script/dom2Hotaru_S01.mes,17,21,Hotaru,うん.イトカツにごはんを<6E5C>あげるとこだよ,,
dom2Hotaru_S01.mes,Script/dom2Hotaru_S01.mes,18,6,주인공,そうか……,,
dom2Hotaru_S01.mes,Script/dom2Hotaru_S01.mes,19,19,주인공,よし、今日はイトカツ、<6E5C>ごはん抜きだ,,
dom2Hotaru_S01.mes,Script/dom2Hotaru_S01.mes,20,9,Hotaru,えー、どうして?,,
dom2Hotaru_S01.mes,Script/dom2Hotaru_S01.mes,21,26,주인공,いつまでたっても僕になつかない<6E5C>からね.お仕置きだ,,
dom2Hotaru_S01.mes,Script/dom2Hotaru_S01.mes,22,5,UNKNOWN_3e,キュゥ!,,
dom2Hotaru_S01.mes,Script/dom2Hotaru_S01.mes,23,4,[효과음/내레이션],ガブッ,,
dom2Hotaru_S01.mes,Script/dom2Hotaru_S01.mes,24,6,주인공,いってー!,,
dom2Hotaru_S01.mes,Script/dom2Hotaru_S01.mes,25,13,Hotaru,もぉ、いじめるからだよ!,,
dom2Hotaru_S01.mes,Script/dom2Hotaru_S01.mes,26,40,주인공,くそ、なんでほたるにしかなつか<6E5C>ないんだよ.もう6年もいっしょ<6E5C>にいるのに……,,
dom2Hotaru_S01.mes,Script/dom2Hotaru_S01.mes,27,25,Hotaru,まだお兄ちゃんのこと、<6E5C>認めてくれないのかな……,,
dom2Hotaru_S01.mes,Script/dom2Hotaru_S01.mes,28,3,주인공,え?,,
dom2Hotaru_S01.mes,Script/dom2Hotaru_S01.mes,29,37,Hotaru,なんでもない!<6E5C>イトカツはこれでもお兄ちゃんの<6E5C>コト大好きなんだよ?ね?,,
dom2Hotaru_S01.mes,Script/dom2Hotaru_S01.mes,30,5,UNKNOWN_3e,キュゥ!,,
dom2Hotaru_S02.mes,Script/dom2Hotaru_S02.mes,0,7,UNKNOWN_1e,お兄ちゃん!,,
dom2Hotaru_S02.mes,Script/dom2Hotaru_S02.mes,1,24,주인공,おまえたち、またこんなところで<6E5C>遊んでるのか?,,
dom2Hotaru_S02.mes,Script/dom2Hotaru_S02.mes,2,28,Kisarah,うるさいなー.ボクたちがどこで<6E5C>遊ぼうが勝手でしょ~?,,
dom2Hotaru_S02.mes,Script/dom2Hotaru_S02.mes,3,33,Hotaru,お兄ちゃんも遊ぼうよ.<6E5C>ほら、お兄ちゃんこのゲーム<6E5C>好きでしょ?,,
dom2Hotaru_S02.mes,Script/dom2Hotaru_S02.mes,4,35,Kisarah,ヤダな~.ふたりで散々デート<6E5C>してるんじゃない.<6E5C>ボク、おじゃまかな,,
dom2Hotaru_S02.mes,Script/dom2Hotaru_S02.mes,5,47,Hotaru,違うよキサラちゃん!前に、お家の<6E5C>お父さんとお母さんもいっしょに<6E5C>遊びに来たコトがあって……,,
dom2Hotaru_S02.mes,Script/dom2Hotaru_S02.mes,6,14,주인공,そうそう.家族で来たんだよ,,
dom2Hotaru_S02.mes,Script/dom2Hotaru_S02.mes,7,38,Kisarah,そっか.今はふたり募らしだから、<6E5C>わざわざデートする<6E5C>必要ないってコトだね,,
dom2Hotaru_S02.mes,Script/dom2Hotaru_S02.mes,8,5,주인공,キサラ!,,
dom2Hotaru_S02.mes,Script/dom2Hotaru_S02.mes,9,9,Hotaru,キサラちゃんっ!,,
dom2Hotaru_S02.mes,Script/dom2Hotaru_S02.mes,10,16,Kisarah,アハハ、ふたりともカワイイなぁ,,
dom2Hotaru_S03.mes,Script/dom2Hotaru_S03.mes,0,12,[효과음/내레이션],♪カランコロンカラ~ン,,
dom2Hotaru_S03.mes,Script/dom2Hotaru_S03.mes,1,11,주인공,ほたる.ここでお昼か,,
dom2Hotaru_S03.mes,Script/dom2Hotaru_S03.mes,2,19,주인공,ん?ヒジ、どうした?<6E5C>赤くなってるぞ,,
dom2Hotaru_S03.mes,Script/dom2Hotaru_S03.mes,3,28,Hotaru,あ、体育の時間に<6E5C>すりむいちゃったんだ.<6E5C>こけちゃって,,
dom2Hotaru_S03.mes,Script/dom2Hotaru_S03.mes,4,13,주인공,相変わらず、どんくさいな,,
dom2Hotaru_S03.mes,Script/dom2Hotaru_S03.mes,5,22,Hotaru,どんくさくないもん!<6E5C>がんばった証拠なの!,,
dom2Hotaru_S03.mes,Script/dom2Hotaru_S03.mes,6,27,주인공,ハハハ、ほたるは逆上がりも<6E5C>なかなかできなかったしな,,
dom2Hotaru_S03.mes,Script/dom2Hotaru_S03.mes,7,23,주인공,毎日、公園の鉄棒で教えて<6E5C>やってたのは誰だ?,,
dom2Hotaru_S03.mes,Script/dom2Hotaru_S03.mes,8,44,Hotaru,……うん.お兄ちゃんがずっと<6E5C>練習に付き合ってくれたから、<6E5C>できるようになったんだよね,,
dom2Hotaru_S03.mes,Script/dom2Hotaru_S03.mes,9,20,주인공,そうだぞ.ほたるは負けず<6E5C>嫌いだからな,,
dom2Hotaru_S03.mes,Script/dom2Hotaru_S03.mes,10,12,주인공,また手伝ってやろうか?,,
dom2Hotaru_S03.mes,Script/dom2Hotaru_S03.mes,11,20,Hotaru,いいよ!<6E5C>今度はひとりでがんばるもんっ,,
dom2Hotaru_S03.mes,Script/dom2Hotaru_S03.mes,12,12,[효과음/내레이션],♪カランコロンカラ~ン,,
dom2Hotaru_S03.mes,Script/dom2Hotaru_S03.mes,13,14,주인공,またここでランチか、ほたる,,
dom2Hotaru_S03.mes,Script/dom2Hotaru_S03.mes,14,24,Shizuku,いらっしゃい、<이름:3131>くん.<6E5C>日替わりランチかな?,,
dom2Hotaru_S03.mes,Script/dom2Hotaru_S03.mes,15,14,주인공,さすが巳沢さん、するどいね,,
dom2Hotaru_S03.mes,Script/dom2Hotaru_S03.mes,16,12,Shizuku,フフ、すぐお持ちします,,
dom2Hotaru_S03.mes,Script/dom2Hotaru_S03.mes,17,5,Hotaru,…………,,
dom2Hotaru_S03.mes,Script/dom2Hotaru_S03.mes,18,24,주인공,どうした、ほたる.<6E5C>せっかくのランチが冷めるぞ,,
dom2Hotaru_S03.mes,Script/dom2Hotaru_S03.mes,19,22,Hotaru,……お兄ちゃん、<6E5C>今の人って同じ大学の……,,
dom2Hotaru_S03.mes,Script/dom2Hotaru_S03.mes,20,7,주인공,巳沢さん? ,,
dom2Hotaru_S03.mes,Script/dom2Hotaru_S03.mes,21,33,주인공,すごいよな、大学とバイトで毎日<6E5C>忙しいみたいだ.<6E5C>料理もうまいし,,
dom2Hotaru_S03.mes,Script/dom2Hotaru_S03.mes,22,5,Hotaru,…………,,
dom2Hotaru_S03.mes,Script/dom2Hotaru_S03.mes,23,8,[효과음/내레이션],ぱくぱくぱくっ,,
dom2Hotaru_S03.mes,Script/dom2Hotaru_S03.mes,24,5,[효과음/내레이션],ゴックン,,
dom2Hotaru_S03.mes,Script/dom2Hotaru_S03.mes,25,8,주인공,ど、どうした?,,
dom2Hotaru_S03.mes,Script/dom2Hotaru_S03.mes,26,13,Hotaru,ごちそーさま!バイバイ!,,
dom2Hotaru_S03.mes,Script/dom2Hotaru_S03.mes,27,12,[효과음/내레이션],♪カランコロンカラ~ン,,
dom2Hotaru_S03.mes,Script/dom2Hotaru_S03.mes,28,13,Shizuku,お待たせいたしました……,,
dom2Hotaru_S03.mes,Script/dom2Hotaru_S03.mes,29,15,Shizuku,あら、妹さん帰っちゃったの?,,
dom2Hotaru_S03.mes,Script/dom2Hotaru_S03.mes,30,19,주인공,うん…….<6E5C>いきなりあわてて変なやつ,,
dom2Hotaru_S03.mes,Script/dom2Hotaru_S03.mes,31,11,Shizuku,フフッ、可愛い妹さん,,
dom2Hotaru_S03.mes,Script/dom2Hotaru_S03.mes,32,6,주인공,え、何が?,,
dom2Hotaru_S03.mes,Script/dom2Hotaru_S03.mes,33,13,Shizuku,もぅ、鈍感なお兄さんだな,,
dom2Hotaru_S04.mes,Script/dom2Hotaru_S04.mes,0,56,[선택지],2<0001><0011><0004><0000><0000><0000><0000><0006><000A><0005><0000><0000><0001><0018><0004><0000><0001><0000><0000><002A><0000><0000><0000><0000><0000><000E><0007><FFFF><0000><0000><0000><0000><0034><0028><0002>ほたる、<6E5C>またこんなところで遊んで……,,
dom2Hotaru_S04.mes,Script/dom2Hotaru_S04.mes,1,29,Hotaru,ふふっ、ねぇお兄ちゃん.<6E5C>ほたる、ジュースが飲みたいなぁ,,
dom2Hotaru_S04.mes,Script/dom2Hotaru_S04.mes,2,22,주인공,しかたないなぁ.<6E5C>じゃあ、ほたるの分は……,,
dom2Hotaru_S04.mes,Script/dom2Hotaru_S04.mes,3,6,[선택지],ココアソーダ,,
dom2Hotaru_S04.mes,Script/dom2Hotaru_S04.mes,4,22,주인공,炭酸はダメだよな.<6E5C>アイスココアでいいか?,,
dom2Hotaru_S04.mes,Script/dom2Hotaru_S04.mes,5,16,Hotaru,うんっ!ありがとう、お兄ちゃん,,
dom2Hotaru_S04.mes,Script/dom2Hotaru_S04.mes,6,25,주인공,そんなにニコニコして、どうした?<6E5C>おいしいのか?,,
dom2Hotaru_S04.mes,Script/dom2Hotaru_S04.mes,7,38,Hotaru,私が炭酸苦手なの、お兄ちゃんが<6E5C>ちゃーんと覚えてくれてたのが<6E5C>嬉しいんだっ,,
dom2Hotaru_S04.mes,Script/dom2Hotaru_S04.mes,8,32,주인공,なんだ.そんなの6年もいっしょに<6E5C>いるんだからあたりまえだろ?,,
dom2Hotaru_S04.mes,Script/dom2Hotaru_S04.mes,9,19,Hotaru,うん.だけどそれが嬉しいの.<6E5C>エヘヘ,,
dom2Hotaru_S04.mes,Script/dom2Hotaru_S04.mes,10,10,주인공,ソーダでいいよな?,,
dom2Hotaru_S04.mes,Script/dom2Hotaru_S04.mes,11,19,Hotaru,えー?<6E5C>ほたる、前から炭酸苦手なのに,,
dom2Hotaru_S04.mes,Script/dom2Hotaru_S04.mes,12,23,주인공,なんだよ、せっかく買ったのに<6E5C>嫌な顔するなよ,,
dom2Hotaru_S04.mes,Script/dom2Hotaru_S04.mes,13,20,Hotaru,お兄ちゃんが覚えてないのが<6E5C>イヤなの!,,
dom2Hotaru_S04.mes,Script/dom2Hotaru_S04.mes,14,22,주인공,(むずかしいなぁ.<6E5C>この年頃の女の子って),,
dom2Hotaru_S04.mes,Script/dom2Hotaru_S04.mes,15,19,Hotaru,あ、お兄ちゃんもクレープ<6E5C>食べない?,,
dom2Hotaru_S04.mes,Script/dom2Hotaru_S04.mes,16,24,주인공,クレープ?……いいな.<6E5C>閉いたら食べたくなった,,
dom2Hotaru_S04.mes,Script/dom2Hotaru_S04.mes,17,20,주인공,よし、じゃあ、<6E5C>お兄様がおごってやるか,,
dom2Hotaru_S04.mes,Script/dom2Hotaru_S04.mes,18,5,Hotaru,わーい!,,
dom2Hotaru_S04.mes,Script/dom2Hotaru_S04.mes,19,17,주인공,えーっと、ほたるが好きなのは……,,
dom2Hotaru_S04.mes,Script/dom2Hotaru_S04.mes,20,18,[선택지],アイスチョコバナナブルーベリーチーズ,,
dom2Hotaru_S04.mes,Script/dom2Hotaru_S04.mes,21,42,[선택지],<0140><0001><0000><0054><0048><0038>すごい、お兄ちゃん!<6E5C>ほたるの好きなクレープ、<6E5C>覚えてくれてたんだね!,,
dom2Hotaru_S04.mes,Script/dom2Hotaru_S04.mes,22,25,주인공,ああ.前に家族で来たときも、<6E5C>これ食べてたからな,,
dom2Hotaru_S04.mes,Script/dom2Hotaru_S04.mes,23,22,Hotaru,エヘヘ.もぐもぐ…….<6E5C>うん、おいしいっ!,,
dom2Hotaru_S04.mes,Script/dom2Hotaru_S04.mes,24,27,주인공,僕も同じのにしよう.もぐもぐ……<6E5C>.うん、おいしいな,,
dom2Hotaru_S04.mes,Script/dom2Hotaru_S04.mes,25,21,UNKNOWN_29,",<0000><0000><0000><0000><0000><0024><0018><0038>ありがとう、お兄ちゃん",,
dom2Hotaru_S04.mes,Script/dom2Hotaru_S04.mes,26,17,Hotaru,もぐもぐ…….うん、おいしいね!,,
dom2Hotaru_S04.mes,Script/dom2Hotaru_S04.mes,27,16,주인공,もぐもぐ…….うん、おいしいな,,
dom2Hotaru_S04.mes,Script/dom2Hotaru_S04.mes,28,30,Hotaru,……でもホントは、アイスチョコ<6E5C>バナナが一番スキなんだ、私,,
dom2Hotaru_S04.mes,Script/dom2Hotaru_S04.mes,29,21,주인공,そうなのか.それならそう<6E5C>言えばいいのに,,
dom2Hotaru_S04.mes,Script/dom2Hotaru_S04.mes,30,21,Hotaru,いいの.これもおいしいよ!<6E5C>……もぐもぐ,,
dom2Hotaru_S05.mes,Script/dom2Hotaru_S05.mes,0,50,[선택지],E<0001><0011><0009><0000><0000><0000><0000><0006><000A><0008><0000><0000><0001><0018><0005><0000><0001><0000><0000><002A><0000><0000><0000><0000><0000><000E><0007><FFFF><0000><0000><0000><0000><0028><001C><0038>お兄ちゃん、私、今から……,,
dom2Hotaru_S05.mes,Script/dom2Hotaru_S05.mes,1,6,Hotaru,きゃあっ!,,
dom2Hotaru_S05.mes,Script/dom2Hotaru_S05.mes,2,6,[효과음/내레이션],ズッテーン,,
dom2Hotaru_S05.mes,Script/dom2Hotaru_S05.mes,3,11,주인공,おいおい、大丈夫か?,,
dom2Hotaru_S05.mes,Script/dom2Hotaru_S05.mes,4,9,Hotaru,うん、いたた……,,
dom2Hotaru_S05.mes,Script/dom2Hotaru_S05.mes,5,29,Hotaru,あ!リボンがとれかけちゃった.<6E5C>お兄ちゃん、後ろ結んで?,,
dom2Hotaru_S05.mes,Script/dom2Hotaru_S05.mes,6,15,주인공,えぇ?リボンなんて結べないよ,,
dom2Hotaru_S05.mes,Script/dom2Hotaru_S05.mes,7,24,Hotaru,どうして?小さい頃はよく<6E5C>結んでくれたじゃない,,
dom2Hotaru_S05.mes,Script/dom2Hotaru_S05.mes,8,7,주인공,小さい頃……,,
dom2Hotaru_S05.mes,Script/dom2Hotaru_S05.mes,9,24,Hotaru,あっ、ご、ごめん.<6E5C>お兄ちゃん、もう行くねっ!,,
dom2Hotaru_S05.mes,Script/dom2Hotaru_S05.mes,10,4,[효과음/내레이션],バタン,,
dom2Hotaru_S05.mes,Script/dom2Hotaru_S05.mes,11,32,주인공,……ほたる、昔は本当の兄貴に<6E5C>リボンを結んでもらってたのか……,,
dom2Hotaru_S05.mes,Script/dom2Hotaru_S05.mes,12,75,UNKNOWN_29,0<0000><0000><0000><0000><0003><002B><0003><0001>4<0001><0011><0009><0000><0000><0000><0000><0006><000A><0008><0000><0000><0001><0018><0005><0000><0001><0000><0000><002A><0000><0000><0000><0000><0000><000E><0007><FFFF><0000><0000><0000><0000><0048><003C><0038>お兄ちゃん、ごはん食べる?<6E5C>トムヤンクンができたトコなんだ,,
dom2Hotaru_S05.mes,Script/dom2Hotaru_S05.mes,13,9,주인공,ああ、ありがとう,,
dom2Hotaru_S05.mes,Script/dom2Hotaru_S05.mes,14,34,주인공,……ほたる、<6E5C>甘いものが好きなくせに、<6E5C>よくトムヤンクンを作るよな,,
dom2Hotaru_S05.mes,Script/dom2Hotaru_S05.mes,15,3,Hotaru,え?,,
dom2Hotaru_S05.mes,Script/dom2Hotaru_S05.mes,16,31,주인공,……ひょっとして、亡くなった<6E5C>両親が好きな食べ物だったとか?,,
dom2Hotaru_S05.mes,Script/dom2Hotaru_S05.mes,17,5,Hotaru,…………,,
dom2Hotaru_S05.mes,Script/dom2Hotaru_S05.mes,18,13,주인공,……ごめん.嫌な話したな,,
dom2Hotaru_S05.mes,Script/dom2Hotaru_S05.mes,19,16,Hotaru,……お兄ちゃんが、好きだったの,,
dom2Hotaru_S05.mes,Script/dom2Hotaru_S05.mes,20,3,주인공,え?,,
dom2Hotaru_S05.mes,Script/dom2Hotaru_S05.mes,21,32,Hotaru,6年前にいなくなったお兄ちゃんが<6E5C>好きだったんだ、トムヤンクン,,
dom2Hotaru_S05.mes,Script/dom2Hotaru_S05.mes,22,29,주인공,そうか、あの事故のあとに行方不明<6E5C>になったお兄さんが……,,
dom2Hotaru_S05.mes,Script/dom2Hotaru_S05.mes,23,5,Hotaru,…………,,
dom2Hotaru_S05.mes,Script/dom2Hotaru_S05.mes,24,47,주인공,ごめん、ごめん.ちょっと気に<6E5C>なっただけなんだ.僕も、ほたるが<6E5C>作ったトムヤンクン、好きだよ,,
dom2Hotaru_S05.mes,Script/dom2Hotaru_S05.mes,25,14,주인공,ちょっと、すっぱすぎるけど,,
dom2Hotaru_S05.mes,Script/dom2Hotaru_S05.mes,26,4,Hotaru,もぉ!,,
dom2Hotaru_S05.mes,Script/dom2Hotaru_S05.mes,27,17,주인공,ハハハ.ほら、いっしょに食べよう,,
dom2Hotaru_S05.mes,Script/dom2Hotaru_S05.mes,28,5,Hotaru,うん……,,
dom2Hotaru_S05.mes,Script/dom2Hotaru_S05.mes,29,32,Hotaru,ほたる、今は<이름:3232>お兄ちゃんが<6E5C>いるから、さみしくなんかないよ?,,
dom2Hotaru_S06.mes,Script/dom2Hotaru_S06.mes,0,17,Hotaru,おにーちゃん!いっしょに遊ぼう?,,
dom2Hotaru_S06.mes,Script/dom2Hotaru_S06.mes,1,29,주인공,いきなり何だよ.わがままだなぁ.<6E5C>で、何で遊びたいって?,,
dom2Hotaru_S06.mes,Script/dom2Hotaru_S06.mes,2,7,Hotaru,えーっと……,,
dom2Hotaru_S06.mes,Script/dom2Hotaru_S06.mes,3,2,Hotaru,!,,
dom2Hotaru_S06.mes,Script/dom2Hotaru_S06.mes,4,3,[효과음/내레이션],ダッ,,
dom2Hotaru_S06.mes,Script/dom2Hotaru_S06.mes,5,7,주인공,!<020A>ほたる?,,
dom2Hotaru_S06.mes,Script/dom2Hotaru_S06.mes,6,6,[효과음/내레이션],タタタ……,,
dom2Hotaru_S06.mes,Script/dom2Hotaru_S06.mes,7,5,Hotaru,…………,,
dom2Hotaru_S06.mes,Script/dom2Hotaru_S06.mes,8,28,주인공,どうしたんだよ、<6E5C>いきなり駆け出して.<6E5C>誰かいたのか?,,
dom2Hotaru_S06.mes,Script/dom2Hotaru_S06.mes,9,14,Hotaru,……ううん.なんでもないの,,
dom2Hotaru_S06.mes,Script/dom2Hotaru_S06.mes,10,6,주인공,人違いか?,,
dom2Hotaru_S06.mes,Script/dom2Hotaru_S06.mes,11,9,Hotaru,なんでもないの!,,
dom2Hotaru_S06.mes,Script/dom2Hotaru_S06.mes,12,14,Hotaru,お兄ちゃん、遊びに行こう?,,
dom2Hotaru_S06.mes,Script/dom2Hotaru_S06.mes,13,5,주인공,……ああ,,
dom2Hotaru_S06.mes,Script/dom2Hotaru_S06.mes,14,32,주인공,(ほたる…….今でも亡くなった<6E5C>家族の面影を探してるのか……),,
dom2Hotaru_S06.mes,Script/dom2Hotaru_S06.mes,15,16,주인공,(両親や、行方不明の兄の……),,
dom2Hotaru_S07.mes,Script/dom2Hotaru_S07.mes,0,7,[효과음/내레이션],PLLLLL,,
dom2Hotaru_S07.mes,Script/dom2Hotaru_S07.mes,1,8,주인공,僕のケータイだ,,
dom2Hotaru_S07.mes,Script/dom2Hotaru_S07.mes,2,9,주인공,……あ、巳沢さん,,
dom2Hotaru_S07.mes,Script/dom2Hotaru_S07.mes,3,15,주인공,はい、もしもし.どうしたの?,,
dom2Hotaru_S07.mes,Script/dom2Hotaru_S07.mes,4,20,주인공,レポート?<6E5C>たしかゼミのときに机に……,,
dom2Hotaru_S07.mes,Script/dom2Hotaru_S07.mes,5,23,주인공,うん、また調べて連絡するよ.<6E5C>うん、じゃあね,,
dom2Hotaru_S07.mes,Script/dom2Hotaru_S07.mes,6,3,[효과음/내레이션],Pi,,
dom2Hotaru_S07.mes,Script/dom2Hotaru_S07.mes,7,19,주인공,ふぅ、巳沢さんは心配性だな……ん<6E5C>?,,
dom2Hotaru_S07.mes,Script/dom2Hotaru_S07.mes,8,5,Hotaru,…………,,
dom2Hotaru_S07.mes,Script/dom2Hotaru_S07.mes,9,9,주인공,どうした?ほたる,,
dom2Hotaru_S07.mes,Script/dom2Hotaru_S07.mes,10,32,Hotaru,お兄ちゃん、最近、巳沢さんと仲<6E5C>良いよね?……つきあってるの?,,
dom2Hotaru_S07.mes,Script/dom2Hotaru_S07.mes,11,4,주인공,えぇ?,,
dom2Hotaru_S07.mes,Script/dom2Hotaru_S07.mes,12,17,Hotaru,だって、ゼミが同じだけなのに……,,
dom2Hotaru_S07.mes,Script/dom2Hotaru_S07.mes,13,8,주인공,ただの友達だよ,,
dom2Hotaru_S07.mes,Script/dom2Hotaru_S07.mes,14,6,Hotaru,ほんとう?,,
dom2Hotaru_S07.mes,Script/dom2Hotaru_S07.mes,15,43,주인공,巳沢さんは美人だし、働きながら<6E5C>大学に通って、料理も上手だもんな<6E5C>.尊敬する友達だよ,,
dom2Hotaru_S07.mes,Script/dom2Hotaru_S07.mes,16,31,Hotaru,ほ、ほたるだって、まだまだヘタ<6E5C>だけど、お料理がんばるもん!,,
dom2Hotaru_S07.mes,Script/dom2Hotaru_S07.mes,17,29,Hotaru,い、今はまだ小さいかもしれない<6E5C>けど、大きくなったら……,,
dom2Hotaru_S07.mes,Script/dom2Hotaru_S07.mes,18,2,주인공,?,,
dom2Hotaru_S07.mes,Script/dom2Hotaru_S07.mes,19,11,Hotaru,な、なんでもないよ!,,
dom2Hotaru_S07.mes,Script/dom2Hotaru_S07.mes,20,5,[효과음/내레이션],バタンッ,,
dom2Hotaru_S07.mes,Script/dom2Hotaru_S07.mes,21,13,주인공,……なんだ?ほたるのヤツ,,
dom2Hotaru_S07.mes,Script/dom2Hotaru_S07.mes,22,7,[효과음/내레이션],♪ピンポーン,,
dom2Hotaru_S07.mes,Script/dom2Hotaru_S07.mes,23,5,[효과음/내레이션],ガチャッ,,
dom2Hotaru_S07.mes,Script/dom2Hotaru_S07.mes,24,4,Kisarah,ハロ~,,
dom2Hotaru_S07.mes,Script/dom2Hotaru_S07.mes,25,15,Kisarah,……って、なんだ、<이름:3232>クンか,,
dom2Hotaru_S07.mes,Script/dom2Hotaru_S07.mes,26,10,Hotaru,あ、キサラちゃん!,,
dom2Hotaru_S07.mes,Script/dom2Hotaru_S07.mes,27,44,Kisarah,ほたる、こんな頼りないアニキと<6E5C>いっしょじゃつまんないでしょ?<6E5C>せっかくの夏休みだよ?,,
dom2Hotaru_S07.mes,Script/dom2Hotaru_S07.mes,28,13,Hotaru,そ、そんなことないよ……,,
dom2Hotaru_S07.mes,Script/dom2Hotaru_S07.mes,29,27,주인공,そうだぞ、ヒマしてたのはキサラの<6E5C>ほうじゃないのか?,,
dom2Hotaru_S07.mes,Script/dom2Hotaru_S07.mes,30,34,Kisarah,失礼だな~.<6E5C>ボクはデートのお誘いをいくつも<6E5C>断って来てあげたのに,,
dom2Hotaru_S07.mes,Script/dom2Hotaru_S07.mes,31,23,Kisarah,ほたるだって最近、<6E5C>けっこうモテてるんだから,,
dom2Hotaru_S07.mes,Script/dom2Hotaru_S07.mes,32,4,주인공,えっ!,,
dom2Hotaru_S07.mes,Script/dom2Hotaru_S07.mes,33,29,Hotaru,モテてなんかないよ!<6E5C>男の子の友達だって<6E5C>いないのに……,,
dom2Hotaru_S07.mes,Script/dom2Hotaru_S07.mes,34,34,Kisarah,ほたるは奥手だからな~.<6E5C>ボクがきっかけでもつくって<6E5C>あげようか?,,
dom2Hotaru_S07.mes,Script/dom2Hotaru_S07.mes,35,12,Hotaru,いっ、いらないようっ!,,
dom2Hotaru_S07.mes,Script/dom2Hotaru_S07.mes,36,23,주인공,(……ほたるに被氏?<6E5C>考えたこともなかった),,
dom2Hotaru_S07.mes,Script/dom2Hotaru_S07.mes,37,33,주인공,(そんなのができたら、<6E5C>僕は喜んでやれるのかな?<6E5C>それとも……),,
dom2Hotaru_S08.mes,Script/dom2Hotaru_S08.mes,0,15,주인공,ほたる、どこに行ってたんだ?,,
dom2Hotaru_S08.mes,Script/dom2Hotaru_S08.mes,1,27,Hotaru,ちょっと、お家に荷物を取りに<6E5C>行ってたの.帰り道だよ,,
dom2Hotaru_S08.mes,Script/dom2Hotaru_S08.mes,2,16,주인공,そうか.母さんは元気だったか?,,
dom2Hotaru_S08.mes,Script/dom2Hotaru_S08.mes,3,17,Hotaru,うん.お兄ちゃんに会いたがってた,,
dom2Hotaru_S08.mes,Script/dom2Hotaru_S08.mes,4,22,Hotaru,お兄ちゃんが帰った方が、<6E5C>お母さん喜ぶのに,,
dom2Hotaru_S08.mes,Script/dom2Hotaru_S08.mes,5,5,주인공,え……?,,
dom2Hotaru_S08.mes,Script/dom2Hotaru_S08.mes,6,16,Hotaru,あっ、ううん、なんでもない……,,
dom2Hotaru_S08.mes,Script/dom2Hotaru_S08.mes,7,40,주인공,どっちが帰ったって喜ぶに<6E5C>決まってるじゃないか.<6E5C>そんな言い方するなよ、ほたる,,
dom2Hotaru_S08.mes,Script/dom2Hotaru_S08.mes,8,9,Hotaru,ごめんなさい……,,
dom2Hotaru_S08.mes,Script/dom2Hotaru_S08.mes,9,4,[효과음/내레이션],ぎゅっ,,
dom2Hotaru_S08.mes,Script/dom2Hotaru_S08.mes,10,2,Hotaru,!,,
dom2Hotaru_S08.mes,Script/dom2Hotaru_S08.mes,11,49,주인공,……ほたるが家に来たばっかりの<6E5C>頃は、よく、こうやって手をつない<6E5C>で歩いたよな.いっしょに帰ろう,,
dom2Hotaru_S08.mes,Script/dom2Hotaru_S08.mes,12,8,Hotaru,……お兄ちゃん,,
dom2Hotaru_S08.mes,Script/dom2Hotaru_S08.mes,13,116,UNKNOWN_29,~<0000><0000><0000><0000><0003><002E><0003><0001>A<0001><0002><0008><0003><0003><0030><0001><0011><0003><0000><0000><0000><0000><0006><000A><0004><0000><0000><0001><0029><0024><0000><0000><0000><0000><0011><0004><0000><0000><0000><0000><0006><000A><0005><0000><0000><0001><0018><0005><0000><0002><0000><0000><0018><0008><0000><0000><0000><0000><002A><0000><0000><0000><0000><0000><000E><0007><FFFF><0000><0000><0000><0000><0060><0052><0039><이름:3232>クン、ちょうどいいトコに!<6E5C>ボク約束があるから、<6E5C>後ほたるのことヨロシクね!,,
dom2Hotaru_S08.mes,Script/dom2Hotaru_S08.mes,14,7,주인공,あ、おい……,,
dom2Hotaru_S08.mes,Script/dom2Hotaru_S08.mes,15,27,Hotaru,キサラちゃんモテるもんね.<6E5C>約束って、デートかなぁ?,,
dom2Hotaru_S08.mes,Script/dom2Hotaru_S08.mes,16,23,주인공,どうだかなぁ.よし、じゃあ、<6E5C>ふたりで遊ぶか,,
dom2Hotaru_S08.mes,Script/dom2Hotaru_S08.mes,17,7,Hotaru,あ、うん……,,
dom2Hotaru_S08.mes,Script/dom2Hotaru_S08.mes,18,6,주인공,どうした?,,
dom2Hotaru_S08.mes,Script/dom2Hotaru_S08.mes,19,45,Hotaru,……お兄ちゃんと遊ぶのも、周りの<6E5C>ひとからはデートに見えるのかなぁ<6E5C>って思っちゃって……,,
dom2Hotaru_S08.mes,Script/dom2Hotaru_S08.mes,20,9,주인공,えぇ?見えないよ,,
dom2Hotaru_S08.mes,Script/dom2Hotaru_S08.mes,21,16,Hotaru,……もぉ、お兄ちゃんのバカ……,,
dom2Hotaru_X01.mes,Script/dom2Hotaru_X01.mes,0,13,주인공,う~ん、むにゃむにゃ……,,
dom2Hotaru_X01.mes,Script/dom2Hotaru_X01.mes,1,4,[효과음/내레이션],ガブッ,,
dom2Hotaru_X01.mes,Script/dom2Hotaru_X01.mes,2,7,주인공,いってーっ!,,
dom2Hotaru_X01.mes,Script/dom2Hotaru_X01.mes,3,5,UNKNOWN_3e,キュゥ!,,
dom2Hotaru_X01.mes,Script/dom2Hotaru_X01.mes,4,7,주인공,イトカツ……,,
dom2Hotaru_X01.mes,Script/dom2Hotaru_X01.mes,5,32,주인공,いいかげん、噛みついて起こすのは<6E5C>やめてくれよ.生傷が絶えない,,
dom2Hotaru_X01.mes,Script/dom2Hotaru_X01.mes,6,17,UNKNOWN_1e,お兄ちゃんが早く起きないからだよ,,
dom2Hotaru_X01.mes,Script/dom2Hotaru_X01.mes,7,6,주인공,あ、ほたる,,
dom2Hotaru_X01.mes,Script/dom2Hotaru_X01.mes,8,25,주인공,ほたるだってまだ<6E5C>パジャマじゃないか.お寝坊か?,,
dom2Hotaru_X01.mes,Script/dom2Hotaru_X01.mes,9,42,Hotaru,お寝坊じゃないもん!<6E5C>もう朝ごはんだってできてるよ?<6E5C>早く食べてよね、お兄ちゃんっ,,
dom2Hotaru_X01.mes,Script/dom2Hotaru_X01.mes,10,14,주인공,そうか、そうか.ありがとう,,
dom2Hotaru_X01.mes,Script/dom2Hotaru_X01.mes,11,17,Hotaru,食べ終わったらお兄ちゃんは大学?,,
dom2Hotaru_X01.mes,Script/dom2Hotaru_X01.mes,12,31,주인공,いや、レポートは一応提出したから<6E5C>……とくにすることはないな,,
dom2Hotaru_X01.mes,Script/dom2Hotaru_X01.mes,13,7,Hotaru,ほんとう!?,,
dom2Hotaru_X01.mes,Script/dom2Hotaru_X01.mes,14,17,Hotaru,じゃあ、ほたると遊びに行こうよ!,,
dom2Hotaru_X01.mes,Script/dom2Hotaru_X01.mes,15,23,주인공,えぇ~?暑い中をわざわざ<6E5C>出かけるなんて……,,
dom2Hotaru_X01.mes,Script/dom2Hotaru_X01.mes,16,5,Hotaru,…………,,
dom2Hotaru_X01.mes,Script/dom2Hotaru_X01.mes,17,11,주인공,わかった、わかった!,,
dom2Hotaru_X01.mes,Script/dom2Hotaru_X01.mes,18,29,주인공,ほたるの好きなとこについて<6E5C>いってやるから、安心しなさい,,
dom2Hotaru_X01.mes,Script/dom2Hotaru_X01.mes,19,19,Hotaru,やったー!<6E5C>ありがとう、お兄ちゃん!,,
dom2Hotaru_X01.mes,Script/dom2Hotaru_X01.mes,20,17,주인공,やれやれ、休まるときがないな……,,
dom2Hotaru_X01.mes,Script/dom2Hotaru_X01.mes,21,14,Hotaru,おにーちゃーん、早く早く!,,
dom2Hotaru_X01.mes,Script/dom2Hotaru_X01.mes,22,19,주인공,まてまて、そんなに騒ぐなよ、<6E5C>ほたる,,
dom2Hotaru_X01.mes,Script/dom2Hotaru_X01.mes,23,29,Hotaru,だって、お兄ちゃんと一日中遊べる<6E5C>なんて嬉しいんだもんっ,,
dom2Hotaru_X01.mes,Script/dom2Hotaru_X01.mes,24,29,주인공,そんなことで喜ぶなんて.<6E5C>一緒に住んでるのに今さらだろ?,,
dom2Hotaru_X01.mes,Script/dom2Hotaru_X01.mes,25,24,Hotaru,一緒に住んでるのと、<6E5C>一緒に遊ぶのとは違うよ!,,
dom2Hotaru_X01.mes,Script/dom2Hotaru_X01.mes,26,14,Hotaru,お兄ちゃんはわかってない!,,
dom2Hotaru_X01.mes,Script/dom2Hotaru_X01.mes,27,23,주인공,なんで怒るんだ?<6E5C>……複雑な乙女心ってやつか,,
dom2Hotaru_X01.mes,Script/dom2Hotaru_X01.mes,28,24,Hotaru,ふふっ、そうだよ.<6E5C>女の子って複雑なんだから!,,
dom2Hotaru_X01.mes,Script/dom2Hotaru_X01.mes,29,21,주인공,わかった、わかった.<6E5C>僕も精一杯楽しもう,,
dom2Hotaru_X01.mes,Script/dom2Hotaru_X01.mes,30,8,주인공,で、何で遊ぶ?,,
dom2Hotaru_X01.mes,Script/dom2Hotaru_X01.mes,31,23,Hotaru,そうだな.お兄ちゃんに<6E5C>決めてもらおうかな?,,
dom2Hotaru_X01.mes,Script/dom2Hotaru_X01.mes,32,4,주인공,う~ん,,
dom2Hotaru_X01.mes,Script/dom2Hotaru_X01.mes,33,23,[선택지],ニューヨーク。ゲッタウェイエージェント。メタル,,
dom2Hotaru_X01.mes,Script/dom2Hotaru_X01.mes,34,20,주인공,ニューヨーク。ゲッタウェイに<6E5C>しようか,,
dom2Hotaru_X01.mes,Script/dom2Hotaru_X01.mes,35,12,Hotaru,わーい!ほたる大好き!,,
dom2Hotaru_X01.mes,Script/dom2Hotaru_X01.mes,36,36,주인공,ほたるは怖がりのくせに、<6E5C>こういうコースター系の乗り物が<6E5C>大好きだよね,,
dom2Hotaru_X01.mes,Script/dom2Hotaru_X01.mes,37,30,Hotaru,うんっ.はじめて来たときも、<6E5C>お兄ちゃんとイッパイ乗ったね,,
dom2Hotaru_X01.mes,Script/dom2Hotaru_X01.mes,38,21,주인공,僕はもうダメだって何度も<6E5C>言ったのに……,,
dom2Hotaru_X01.mes,Script/dom2Hotaru_X01.mes,39,21,주인공,懐かしいな.<6E5C>また、家族みんなで来たいな,,
dom2Hotaru_X01.mes,Script/dom2Hotaru_X01.mes,40,10,Hotaru,うん、そうだね……,,
dom2Hotaru_X01.mes,Script/dom2Hotaru_X01.mes,41,16,주인공,どうした?みんなで来るの嫌か?,,
dom2Hotaru_X01.mes,Script/dom2Hotaru_X01.mes,42,46,Hotaru,そ、そんなことないよ!<6E5C>また、お家のお父さんとお母さんと<6E5C>一緒に来たい!楽しかったもんね?,,
dom2Hotaru_X01.mes,Script/dom2Hotaru_X01.mes,43,31,주인공,……ああ.<6E5C>お盆にはふたりで帰ろう.<6E5C>さみしくしてるだろうな,,
dom2Hotaru_X01.mes,Script/dom2Hotaru_X01.mes,44,15,Hotaru,ふふっ、お兄ちゃんは優しいね,,
dom2Hotaru_X01.mes,Script/dom2Hotaru_X01.mes,45,8,주인공,ん?どうした?,,
dom2Hotaru_X01.mes,Script/dom2Hotaru_X01.mes,46,19,Hotaru,なんでもない!<6E5C>それより早く乗ろう?,,
dom2Hotaru_X01.mes,Script/dom2Hotaru_X01.mes,47,14,Hotaru,今日も5回は乗るんだから!,,
dom2Hotaru_X01.mes,Script/dom2Hotaru_X01.mes,48,6,주인공,5回か……,,
dom2Hotaru_X01.mes,Script/dom2Hotaru_X01.mes,49,15,주인공,エージェント。メタルにしよう,,
dom2Hotaru_X01.mes,Script/dom2Hotaru_X01.mes,50,20,Hotaru,お兄ちゃんの好きな<6E5C>シューティングだね,,
dom2Hotaru_X01.mes,Script/dom2Hotaru_X01.mes,51,22,주인공,ああ、そうだ.<6E5C>でもほたるはヘタだからなぁ,,
dom2Hotaru_X01.mes,Script/dom2Hotaru_X01.mes,52,29,Hotaru,そんなことないっ!<6E5C>ほたるだってがんばれば<6E5C>できるもんっ,,
dom2Hotaru_X01.mes,Script/dom2Hotaru_X01.mes,53,19,주인공,はいはい.<6E5C>まぁ、期待しないでいるよ,,
dom2Hotaru_X01.mes,Script/dom2Hotaru_X01.mes,54,27,Hotaru,もぉ、お兄ちゃんはすぐに子ども<6E5C>あつかいするんだから,,
dom2Hotaru_X01.mes,Script/dom2Hotaru_X01.mes,55,24,주인공,だって、前に家族で来たときも散々<6E5C>だったろう?,,
dom2Hotaru_X01.mes,Script/dom2Hotaru_X01.mes,56,20,Hotaru,あのときは、まだ、小さかったから<6E5C>……,,
dom2Hotaru_X01.mes,Script/dom2Hotaru_X01.mes,57,16,주인공,今とたいして変わってないけど?,,
dom2Hotaru_X01.mes,Script/dom2Hotaru_X01.mes,58,6,Hotaru,もぉーっ!,,
dom2Hotaru_X01.mes,Script/dom2Hotaru_X01.mes,59,8,주인공,ごめん、ごめん,,
dom2Hotaru_X01.mes,Script/dom2Hotaru_X01.mes,60,38,주인공,そうだな.また家族4人で来よう.<6E5C>父さんも母さんも、<6E5C>さみしくしてるだろう,,
dom2Hotaru_X01.mes,Script/dom2Hotaru_X01.mes,61,10,Hotaru,うん…….そうだね,,
dom2Hotaru_X01.mes,Script/dom2Hotaru_X01.mes,62,11,주인공,どうした?嫌なのか?,,
dom2Hotaru_X01.mes,Script/dom2Hotaru_X01.mes,63,15,Hotaru,ううんっ、そんなことないよ!,,
dom2Hotaru_X01.mes,Script/dom2Hotaru_X01.mes,64,23,Hotaru,それより早く行こう?<6E5C>並ばないといけないよ?,,
dom2Hotaru_X01.mes,Script/dom2Hotaru_X01.mes,65,7,주인공,はいはい……,,
dom2Hotaru_X01.mes,Script/dom2Hotaru_X01.mes,66,10,주인공,ふぅ、楽しかったな,,
dom2Hotaru_X01.mes,Script/dom2Hotaru_X01.mes,67,16,Hotaru,うんっ.イッパイ遊んじゃったね,,
dom2Hotaru_X01.mes,Script/dom2Hotaru_X01.mes,68,20,주인공,くたくただよ.<6E5C>ほたるが連れまわすから,,
dom2Hotaru_X01.mes,Script/dom2Hotaru_X01.mes,69,36,Hotaru,いいじゃない.<6E5C>お兄ちゃんとふたりっきりで、<6E5C>はりきっちゃったんだもん,,
dom2Hotaru_X01.mes,Script/dom2Hotaru_X01.mes,70,16,주인공,よし、お土産に何か買って帰るか,,
dom2Hotaru_X01.mes,Script/dom2Hotaru_X01.mes,71,11,Hotaru,わーい、ありがとう!,,
dom2Hotaru_X01.mes,Script/dom2Hotaru_X01.mes,72,10,주인공,何にしようかな……,,
dom2Hotaru_X01.mes,Script/dom2Hotaru_X01.mes,73,7,[선택지],とりかごリボン,,
dom2Hotaru_X01.mes,Script/dom2Hotaru_X01.mes,74,12,주인공,よし、とりかごにしよう,,
dom2Hotaru_X01.mes,Script/dom2Hotaru_X01.mes,75,14,Hotaru,?<020A>どうしてとりかごなの?,,
dom2Hotaru_X01.mes,Script/dom2Hotaru_X01.mes,76,30,주인공,これにイトカツを閉じ込めるんだ.<6E5C>もう僕を噛めないようにな,,
dom2Hotaru_X01.mes,Script/dom2Hotaru_X01.mes,77,7,Hotaru,ひっどーい!,,
dom2Hotaru_X01.mes,Script/dom2Hotaru_X01.mes,78,23,주인공,どうしてだ.<6E5C>自分の身を守るのは当然だろう?,,
dom2Hotaru_X01.mes,Script/dom2Hotaru_X01.mes,79,20,주인공,ご主人様に噛みつくイトカツが<6E5C>悪いんだ,,
dom2Hotaru_X01.mes,Script/dom2Hotaru_X01.mes,80,32,Hotaru,そんなイジワルなことばっかり<6E5C>考えるから、噛まれちゃうんだよ!,,
dom2Hotaru_X01.mes,Script/dom2Hotaru_X01.mes,81,13,주인공,僕は何もしてないのに……,,
dom2Hotaru_X01.mes,Script/dom2Hotaru_X01.mes,82,5,Hotaru,もぅ……,,
dom2Hotaru_X01.mes,Script/dom2Hotaru_X01.mes,83,27,Hotaru,だいじょうぶ、ほたるがちゃんと<6E5C>手当てしてあげるから,,
dom2Hotaru_X01.mes,Script/dom2Hotaru_X01.mes,84,13,주인공,やっぱり噛まれるんだ……,,
dom2Hotaru_X01.mes,Script/dom2Hotaru_X01.mes,85,19,주인공,よし、新しいリボンを<6E5C>買ってあげよう,,
dom2Hotaru_X01.mes,Script/dom2Hotaru_X01.mes,86,9,Hotaru,え…….いいの?,,
dom2Hotaru_X01.mes,Script/dom2Hotaru_X01.mes,87,13,주인공,それぐらい、お安い御用だ,,
dom2Hotaru_X01.mes,Script/dom2Hotaru_X01.mes,88,16,주인공,ほたる、リボンを集めてるもんな,,
dom2Hotaru_X01.mes,Script/dom2Hotaru_X01.mes,89,11,Hotaru,うん…….ありがとう,,
dom2Hotaru_X01.mes,Script/dom2Hotaru_X01.mes,90,17,주인공,やっぱり子どもっぽいな、ほたるは,,
dom2Hotaru_X01.mes,Script/dom2Hotaru_X01.mes,91,4,Hotaru,もぉ!,,
dom2Hotaru_X01.mes,Script/dom2Hotaru_X01.mes,92,8,주인공,ハハ、冗談だよ,,
dom2Hotaru_X01.mes,Script/dom2Hotaru_X01.mes,93,33,Hotaru,……じゃあ、買ってもらうリボンは<6E5C>お兄ちゃんに結ってもらおーっと,,
dom2Hotaru_X01.mes,Script/dom2Hotaru_X01.mes,94,27,주인공,え?それは無理だよ.女の子の<6E5C>リボンなんて結えないよ,,
dom2Hotaru_X01.mes,Script/dom2Hotaru_X01.mes,95,16,Hotaru,ふふっ、お兄ちゃんってば不器用,,
dom2Hotaru_X01.mes,Script/dom2Hotaru_X01.mes,96,13,주인공,ほたるに言われたくないな,,
dom2Hotaru_X01.mes,Script/dom2Hotaru_X01.mes,97,19,Hotaru,あはは、大事にするね?<6E5C>お兄ちゃんっ,,
dom2Hotaru_X01.mes,Script/dom2Hotaru_X01.mes,98,20,Hotaru,そうだ、晩ごはんの<6E5C>買い物して帰ろうよ,,
dom2Hotaru_X01.mes,Script/dom2Hotaru_X01.mes,99,5,주인공,そうだね,,
dom2Hotaru_X01.mes,Script/dom2Hotaru_X01.mes,100,19,UNKNOWN_1e,おっと、デートかな?<6E5C>おふたりさ~ん,,
dom2Hotaru_X01.mes,Script/dom2Hotaru_X01.mes,101,6,주인공,あ、キサラ,,
dom2Hotaru_X01.mes,Script/dom2Hotaru_X01.mes,102,15,Kisarah,いいね~、仲むつまじいコトで,,
dom2Hotaru_X01.mes,Script/dom2Hotaru_X01.mes,103,10,주인공,おう.兄妹だからな,,
dom2Hotaru_X01.mes,Script/dom2Hotaru_X01.mes,104,35,Kisarah,フ~ン?<6E5C>夏休みにふたりきりで遊びに<6E5C>行くって、それって普通の兄妹?,,
dom2Hotaru_X01.mes,Script/dom2Hotaru_X01.mes,105,9,Hotaru,キサラちゃん……,,
dom2Hotaru_X01.mes,Script/dom2Hotaru_X01.mes,106,10,Kisarah,よかったね、ほたる,,
dom2Hotaru_X01.mes,Script/dom2Hotaru_X01.mes,107,17,주인공,なんだよ.何が言いたいんだキサラ,,
dom2Hotaru_X01.mes,Script/dom2Hotaru_X01.mes,108,40,Kisarah,別にぃ?ただ、普通に仲良い<6E5C>なんて言えないでしょ?<6E5C>血はつながってないんだから,,
dom2Hotaru_X01.mes,Script/dom2Hotaru_X01.mes,109,5,Hotaru,…………,,
dom2Hotaru_X01.mes,Script/dom2Hotaru_X01.mes,110,31,주인공,そんなの関係ないよ.<6E5C>もう僕たち6年も<6E5C>家族やってるんだぞ?,,
dom2Hotaru_X01.mes,Script/dom2Hotaru_X01.mes,111,15,주인공,兄妹以外の何だって言うんだよ,,
dom2Hotaru_X01.mes,Script/dom2Hotaru_X01.mes,112,24,Kisarah,そんな風に思ってるのは、<6E5C><이름:3232>クンだけかもよ?,,
dom2Hotaru_X01.mes,Script/dom2Hotaru_X01.mes,113,2,주인공,?,,
dom2Hotaru_X01.mes,Script/dom2Hotaru_X01.mes,114,10,Hotaru,キ、キサラちゃんっ,,
dom2Hotaru_X01.mes,Script/dom2Hotaru_X01.mes,115,14,Kisarah,アハハッ!ジョーダンだよ!,,
dom2Hotaru_X01.mes,Script/dom2Hotaru_X01.mes,116,20,Kisarah,じゃ、ボクはオジャマ虫だから<6E5C>帰るネ~,,
dom2Hotaru_X01.mes,Script/dom2Hotaru_X01.mes,117,17,Hotaru,あ、うん.バイバイ、キサラちゃん,,
dom2Hotaru_X01.mes,Script/dom2Hotaru_X01.mes,118,10,주인공,……なんだ?あいつ,,
dom2Hotaru_X01.mes,Script/dom2Hotaru_X01.mes,119,17,Hotaru,お、お兄ちゃん、早く部屋に帰ろ?,,
dom2Hotaru_X01.mes,Script/dom2Hotaru_X01.mes,120,14,주인공,ああ.ったく、ヘンなやつだ,,
dom2Hotaru_X01.mes,Script/dom2Hotaru_X01.mes,121,20,UNKNOWN_1e,お兄ちゃん、<6E5C>もうお風呂からあがった?,,
dom2Hotaru_X01.mes,Script/dom2Hotaru_X01.mes,122,9,주인공,ああ、あがったよ,,
dom2Hotaru_X01.mes,Script/dom2Hotaru_X01.mes,123,15,Hotaru,じゃあ、ほたるも、もう寝るね,,
dom2Hotaru_X01.mes,Script/dom2Hotaru_X01.mes,124,10,주인공,僕もぐっすり寝るよ,,
dom2Hotaru_X01.mes,Script/dom2Hotaru_X01.mes,125,11,Hotaru,あっ、お兄ちゃん……,,
dom2Hotaru_X01.mes,Script/dom2Hotaru_X01.mes,126,5,주인공,なんだ?,,
dom2Hotaru_X01.mes,Script/dom2Hotaru_X01.mes,127,8,Hotaru,あの、あの……,,
dom2Hotaru_X01.mes,Script/dom2Hotaru_X01.mes,128,13,주인공,どうした.はっきり言えよ,,
dom2Hotaru_X01.mes,Script/dom2Hotaru_X01.mes,129,15,Hotaru,あの…….おかしくないよね?,,
dom2Hotaru_X01.mes,Script/dom2Hotaru_X01.mes,130,3,주인공,え?,,
dom2Hotaru_X01.mes,Script/dom2Hotaru_X01.mes,131,28,Hotaru,……お兄ちゃんと私が一緒にいても<6E5C>、おかしくないよね?,,
dom2Hotaru_X01.mes,Script/dom2Hotaru_X01.mes,132,23,주인공,……なんだ、<6E5C>キサラの言葉を気にしてるのか?,,
dom2Hotaru_X01.mes,Script/dom2Hotaru_X01.mes,133,30,Hotaru,遊びに行っても、ふたりで募らして<6E5C>ても、おかしくないよね?,,
dom2Hotaru_X01.mes,Script/dom2Hotaru_X01.mes,134,30,주인공,……バカだな、真に受けて.<6E5C>おかしくないに決まってるだろう,,
dom2Hotaru_X01.mes,Script/dom2Hotaru_X01.mes,135,26,Hotaru,ずっとずっと一緒に住んでても、<6E5C>おかしくないよね?,,
dom2Hotaru_X01.mes,Script/dom2Hotaru_X01.mes,136,7,주인공,当たり前だよ,,
dom2Hotaru_X01.mes,Script/dom2Hotaru_X01.mes,137,51,Hotaru,わたしが大人になっても、おばさん<6E5C>になっても、おばあさんになっても<6E5C>、一緒に住んでおかしくないよね?,,
dom2Hotaru_X01.mes,Script/dom2Hotaru_X01.mes,138,11,주인공,おばさんになっても?,,
dom2Hotaru_X01.mes,Script/dom2Hotaru_X01.mes,139,30,주인공,アハハ.そりゃ、ほたるが結婚<6E5C>したら部屋から出て行くだろう,,
dom2Hotaru_X01.mes,Script/dom2Hotaru_X01.mes,140,7,Hotaru,……そうだね,,
dom2Hotaru_X01.mes,Script/dom2Hotaru_X01.mes,141,21,주인공,年齢的には、<6E5C>僕の方が先に結婚しないとね,,
dom2Hotaru_X01.mes,Script/dom2Hotaru_X01.mes,142,5,Hotaru,…………,,
dom2Hotaru_X01.mes,Script/dom2Hotaru_X01.mes,143,16,주인공,どうした?何を気にしてるんだ?,,
dom2Hotaru_X01.mes,Script/dom2Hotaru_X01.mes,144,14,Hotaru,ううんっ、なんでもないよ!,,
dom2Hotaru_X01.mes,Script/dom2Hotaru_X01.mes,145,39,주인공,甘えん坊だなぁ、ほたるは.<6E5C>大丈夫だよ.ほたるならいい人を<6E5C>見つけられるから,,
dom2Hotaru_X01.mes,Script/dom2Hotaru_X01.mes,146,57,주인공,そしたら、今度はその人に<6E5C>思いっきり甘えたらいい<485C>ほたるの見つけた人なら、<6E5C>ほたるをちゃんと<6E5C>守ってくれるだろう,,
dom2Hotaru_X01.mes,Script/dom2Hotaru_X01.mes,147,5,Hotaru,……うん,,
dom2Hotaru_X01.mes,Script/dom2Hotaru_X01.mes,148,19,주인공,ほら、安心したならさっさとおやす<6E5C>み,,
dom2Hotaru_X01.mes,Script/dom2Hotaru_X01.mes,149,17,Hotaru,う、うん.おやすみ、お兄ちゃん!,,
dom2Hotaru_X01.mes,Script/dom2Hotaru_X01.mes,150,9,Hotaru,行くよ、イトカツ,,
dom2Hotaru_X01.mes,Script/dom2Hotaru_X01.mes,151,5,UNKNOWN_3e,キュゥ!,,
dom2Hotaru_X01.mes,Script/dom2Hotaru_X01.mes,152,5,[효과음/내레이션],パタンッ,,
dom2Hotaru_X01.mes,Script/dom2Hotaru_X01.mes,153,20,주인공,……何を気にしてるんだ、<6E5C>ほたるのやつ,,
dom2Hotaru_X02.mes,Script/dom2Hotaru_X02.mes,0,6,[효과음/내레이션],バリバリッ,,
dom2Hotaru_X02.mes,Script/dom2Hotaru_X02.mes,1,6,주인공,いってー!,,
dom2Hotaru_X02.mes,Script/dom2Hotaru_X02.mes,2,13,주인공,……って、またイトカツか,,
dom2Hotaru_X02.mes,Script/dom2Hotaru_X02.mes,3,5,UNKNOWN_3e,キュゥ!,,
dom2Hotaru_X02.mes,Script/dom2Hotaru_X02.mes,4,16,주인공,毎朝毎朝ご苦労だな.ほたるは?,,
dom2Hotaru_X02.mes,Script/dom2Hotaru_X02.mes,5,17,Hotaru,お兄ちゃん、今日もいい天気だよ!,,
dom2Hotaru_X02.mes,Script/dom2Hotaru_X02.mes,6,19,Hotaru,お布団ほしちゃうから、早く起きて<6E5C>!,,
dom2Hotaru_X02.mes,Script/dom2Hotaru_X02.mes,7,15,주인공,はいはい、こちらもご苦労様で,,
dom2Hotaru_X02.mes,Script/dom2Hotaru_X02.mes,8,9,[효과음/내레이션],PLLLLL……,,
dom2Hotaru_X02.mes,Script/dom2Hotaru_X02.mes,9,7,주인공,あれ、電話?,,
dom2Hotaru_X02.mes,Script/dom2Hotaru_X02.mes,10,22,Hotaru,わたしが出るから、<6E5C>お兄ちゃんは着替えて!,,
dom2Hotaru_X02.mes,Script/dom2Hotaru_X02.mes,11,26,주인공,はいはい.こんな朝早くから<6E5C>誰なんだか、ったく……,,
dom2Hotaru_X02.mes,Script/dom2Hotaru_X02.mes,12,5,UNKNOWN_3e,キュゥ!,,
dom2Hotaru_X02.mes,Script/dom2Hotaru_X02.mes,13,30,주인공,なんだ?<6E5C>主人が用事で遊べないからって、<6E5C>僕にじゃれるなよ,,
dom2Hotaru_X02.mes,Script/dom2Hotaru_X02.mes,14,5,UNKNOWN_3e,キュゥ!,,
dom2Hotaru_X02.mes,Script/dom2Hotaru_X02.mes,15,33,주인공,イタタ…….<6E5C>ったく、見た目だけでぜんぜん<6E5C>かわいくないんだから,,
dom2Hotaru_X02.mes,Script/dom2Hotaru_X02.mes,16,5,UNKNOWN_3e,キュゥ!,,
dom2Hotaru_X02.mes,Script/dom2Hotaru_X02.mes,17,23,주인공,わあっ!もう噛むなよ!油断も<6E5C>スキもない……,,
dom2Hotaru_X02.mes,Script/dom2Hotaru_X02.mes,18,5,Hotaru,…………,,
dom2Hotaru_X02.mes,Script/dom2Hotaru_X02.mes,19,19,주인공,ん?どうした.<6E5C>電話、誰からだった?,,
dom2Hotaru_X02.mes,Script/dom2Hotaru_X02.mes,20,17,Hotaru,あ、うん……お家の、お母さん……,,
dom2Hotaru_X02.mes,Script/dom2Hotaru_X02.mes,21,9,주인공,母さん?何の用?,,
dom2Hotaru_X02.mes,Script/dom2Hotaru_X02.mes,22,21,Hotaru,……スイカを送ったから、<6E5C>食べなさいって,,
dom2Hotaru_X02.mes,Script/dom2Hotaru_X02.mes,23,14,주인공,そうか.そりゃありがたいな,,
dom2Hotaru_X02.mes,Script/dom2Hotaru_X02.mes,24,5,Hotaru,…………,,
dom2Hotaru_X02.mes,Script/dom2Hotaru_X02.mes,25,11,주인공,……何かあったのか?,,
dom2Hotaru_X02.mes,Script/dom2Hotaru_X02.mes,26,16,Hotaru,う、ううんっ、なんでもないよ!,,
dom2Hotaru_X02.mes,Script/dom2Hotaru_X02.mes,27,26,Hotaru,あ、朝ごはんできてるから、<6E5C>イトカツと食べててっ!,,
dom2Hotaru_X02.mes,Script/dom2Hotaru_X02.mes,28,6,주인공,ほたる……,,
dom2Hotaru_X02.mes,Script/dom2Hotaru_X02.mes,29,33,주인공,まぁいいか.忙しいみたいだし.<6E5C>よし、ごはんを食べるぞ、イトカツ,,
dom2Hotaru_X02.mes,Script/dom2Hotaru_X02.mes,30,5,UNKNOWN_3e,キュゥ!,,
dom2Hotaru_X02.mes,Script/dom2Hotaru_X02.mes,31,9,[효과음/내레이션],シュウウウウ……,,
dom2Hotaru_X02.mes,Script/dom2Hotaru_X02.mes,32,15,주인공,ほたる!鍋、吹いてるよ!火!,,
dom2Hotaru_X02.mes,Script/dom2Hotaru_X02.mes,33,8,Hotaru,あっ、ごめん!,,
dom2Hotaru_X02.mes,Script/dom2Hotaru_X02.mes,34,4,[효과음/내레이션],カチッ,,
dom2Hotaru_X02.mes,Script/dom2Hotaru_X02.mes,35,5,Hotaru,ふぅ……,,
dom2Hotaru_X02.mes,Script/dom2Hotaru_X02.mes,36,14,주인공,……どうした?ボーっとして,,
dom2Hotaru_X02.mes,Script/dom2Hotaru_X02.mes,37,33,Hotaru,ううん.なんでもないよ.<6E5C>ごめんね、今からお味喘汁<6E5C>作るから……,,
dom2Hotaru_X02.mes,Script/dom2Hotaru_X02.mes,38,3,주인공,ああ,,
dom2Hotaru_X02.mes,Script/dom2Hotaru_X02.mes,39,4,Hotaru,あ……,,
dom2Hotaru_X02.mes,Script/dom2Hotaru_X02.mes,40,3,주인공,何?,,
dom2Hotaru_X02.mes,Script/dom2Hotaru_X02.mes,41,16,Hotaru,……お味喘、買うの忘れちゃった,,
dom2Hotaru_X02.mes,Script/dom2Hotaru_X02.mes,42,23,주인공,おいおい、さっき買い物に<6E5C>行ってたじゃないか,,
dom2Hotaru_X02.mes,Script/dom2Hotaru_X02.mes,43,14,Hotaru,ごめんなさい.うっかり……,,
dom2Hotaru_X02.mes,Script/dom2Hotaru_X02.mes,44,13,[선택지],もういいよ僕が買いに行こう,,
dom2Hotaru_X02.mes,Script/dom2Hotaru_X02.mes,45,21,주인공,もういいよ.<6E5C>別にお味喘汁ぐらいなくても,,
dom2Hotaru_X02.mes,Script/dom2Hotaru_X02.mes,46,5,Hotaru,…………,,
dom2Hotaru_X02.mes,Script/dom2Hotaru_X02.mes,47,24,주인공,味喘を買い忘れたぐらいで<6E5C>そんなに落ち込むなよ,,
dom2Hotaru_X02.mes,Script/dom2Hotaru_X02.mes,48,5,Hotaru,う、うん,,
dom2Hotaru_X02.mes,Script/dom2Hotaru_X02.mes,49,25,주인공,今にはじまったことじゃないだろ?<6E5C>ほたるのドジは,,
dom2Hotaru_X02.mes,Script/dom2Hotaru_X02.mes,50,6,Hotaru,も、もぉ!,,
dom2Hotaru_X02.mes,Script/dom2Hotaru_X02.mes,51,13,주인공,いいよ.僕が買いに行こう,,
dom2Hotaru_X02.mes,Script/dom2Hotaru_X02.mes,52,19,Hotaru,え?そんなの悪いよ.<6E5C>ほたるが行くよ,,
dom2Hotaru_X02.mes,Script/dom2Hotaru_X02.mes,53,37,주인공,僕だって買い物ぐらいできるよ.<6E5C>心配しないでいいから、<6E5C>他の料理を頼むよ,,
dom2Hotaru_X02.mes,Script/dom2Hotaru_X02.mes,54,20,Hotaru,う、うん…….お兄ちゃん、ありが<6E5C>とう,,
dom2Hotaru_X02.mes,Script/dom2Hotaru_X02.mes,55,27,주인공,えーと、味喘だけでよかったのかな<6E5C>.しょう油とか……,,
dom2Hotaru_X02.mes,Script/dom2Hotaru_X02.mes,56,14,UNKNOWN_1e,俺のために買い出しか?真吾,,
dom2Hotaru_X02.mes,Script/dom2Hotaru_X02.mes,57,61,주인공,草薙先輩…….なんで<6E5C>プライベートでまで先輩のパシリを<6E5C>しないといけないんですか<485C>それに、何度も言いますけど<6E5C>名前は……,,
dom2Hotaru_X02.mes,Script/dom2Hotaru_X02.mes,58,25,Kyo,<이름:3232>だろ?わかってるって.<6E5C>冗談に決まってるだろ,,
dom2Hotaru_X02.mes,Script/dom2Hotaru_X02.mes,59,28,Kyo,しかし、一人募らしで自炊か.<6E5C>見かけによらず、えらいな,,
dom2Hotaru_X02.mes,Script/dom2Hotaru_X02.mes,60,12,주인공,見かけによらずって……,,
dom2Hotaru_X02.mes,Script/dom2Hotaru_X02.mes,61,14,주인공,いえ、作るのは妹ですけどね,,
dom2Hotaru_X02.mes,Script/dom2Hotaru_X02.mes,62,28,Kyo,あぁ、1年の双葉ほたるか.<6E5C>おまえらはほんと仲良いよな,,
dom2Hotaru_X02.mes,Script/dom2Hotaru_X02.mes,63,23,Kyo,学校でも、あいつのブラコンぶりは<6E5C>有名だぜ?,,
dom2Hotaru_X02.mes,Script/dom2Hotaru_X02.mes,64,12,주인공,えっ、そうなんですか?,,
dom2Hotaru_X02.mes,Script/dom2Hotaru_X02.mes,65,14,Kyo,よっぽど<이름:3232>が好きなんだな,,
dom2Hotaru_X02.mes,Script/dom2Hotaru_X02.mes,66,47,Kyo,あいつ、両親を亡くしてるんだろ?<6E5C>学校ではそんなそぶり見せないで、<6E5C>いつも元気にふるまってる,,
dom2Hotaru_X02.mes,Script/dom2Hotaru_X02.mes,67,42,Kyo,たぶん、おまえがそばにいるから<6E5C>なんだろうな.これからも、<6E5C>ちゃんと守ってやれよ?,,
dom2Hotaru_X02.mes,Script/dom2Hotaru_X02.mes,68,5,주인공,……はい,,
dom2Hotaru_X02.mes,Script/dom2Hotaru_X02.mes,69,17,Kyo,とくに、八神みたいなやつからはな,,
dom2Hotaru_X02.mes,Script/dom2Hotaru_X02.mes,70,35,주인공,大丈夫ですよ.<6E5C>八神先輩が狙っているのは<6E5C>草薙先輩ただひとりですから,,
dom2Hotaru_X02.mes,Script/dom2Hotaru_X02.mes,71,7,Kyo,いい迷惑だぜ,,
dom2Hotaru_X02.mes,Script/dom2Hotaru_X02.mes,72,22,Kyo,じゃあな、2学期の指導も<6E5C>ヨロシク頼んだぜ,,
dom2Hotaru_X02.mes,Script/dom2Hotaru_X02.mes,73,6,주인공,嫌ですよ!,,
dom2Hotaru_X02.mes,Script/dom2Hotaru_X02.mes,74,34,주인공,……ったく、草薙先輩も、<6E5C>たまには教師らしいことを<6E5C>言うんだな……,,
dom2Hotaru_X02.mes,Script/dom2Hotaru_X02.mes,75,5,Hotaru,…………,,
dom2Hotaru_X02.mes,Script/dom2Hotaru_X02.mes,76,9,UNKNOWN_3e,キュゥ!キュゥ!,,
dom2Hotaru_X02.mes,Script/dom2Hotaru_X02.mes,77,16,주인공,……おい、イトカツが呼んでるぞ,,
dom2Hotaru_X02.mes,Script/dom2Hotaru_X02.mes,78,12,Hotaru,あ、なぁに?イトカツッ,,
dom2Hotaru_X02.mes,Script/dom2Hotaru_X02.mes,79,19,주인공,……どうしたんだよ.<6E5C>朝から上の空で,,
dom2Hotaru_X02.mes,Script/dom2Hotaru_X02.mes,80,10,Hotaru,な、なんでもないよ,,
dom2Hotaru_X02.mes,Script/dom2Hotaru_X02.mes,81,5,주인공,…………,,
dom2Hotaru_X02.mes,Script/dom2Hotaru_X02.mes,82,17,Hotaru,……なに?ほたるの顔をじっと見て,,
dom2Hotaru_X02.mes,Script/dom2Hotaru_X02.mes,83,16,주인공,……よし、ちょっと散歩に出るか,,
dom2Hotaru_X02.mes,Script/dom2Hotaru_X02.mes,84,3,Hotaru,え?,,
dom2Hotaru_X02.mes,Script/dom2Hotaru_X02.mes,85,20,주인공,ここをほたると歩くのも、<6E5C>久しぶりだな,,
dom2Hotaru_X02.mes,Script/dom2Hotaru_X02.mes,86,8,Hotaru,お兄ちゃん……,,
dom2Hotaru_X02.mes,Script/dom2Hotaru_X02.mes,87,30,주인공,ほたるが僕の部屋に来たのは<6E5C>春だったから、もう4ヶ月かな?,,
dom2Hotaru_X02.mes,Script/dom2Hotaru_X02.mes,88,5,Hotaru,うん……,,
dom2Hotaru_X02.mes,Script/dom2Hotaru_X02.mes,89,24,주인공,……考えたら、ほたるは前より<6E5C>元気になったよな,,
dom2Hotaru_X02.mes,Script/dom2Hotaru_X02.mes,90,41,주인공,家で両親と募らしてた頃は、<6E5C>とてもおとなしかった.<6E5C>いつもイトカツとだけ話してた,,
dom2Hotaru_X02.mes,Script/dom2Hotaru_X02.mes,91,13,주인공,僕たちに遠慮してたんだね,,
dom2Hotaru_X02.mes,Script/dom2Hotaru_X02.mes,92,8,Hotaru,そんなこと……,,
dom2Hotaru_X02.mes,Script/dom2Hotaru_X02.mes,93,22,주인공,今の明るいほたるが、<6E5C>本来のほたるなんだね,,
dom2Hotaru_X02.mes,Script/dom2Hotaru_X02.mes,94,31,주인공,やっと他人行儀が抜けて、家族だと<6E5C>認めてくれたってことかな?,,
dom2Hotaru_X02.mes,Script/dom2Hotaru_X02.mes,95,23,Hotaru,お兄ちゃんは昔からほたるの<6E5C>お兄ちゃんだよ!,,
dom2Hotaru_X02.mes,Script/dom2Hotaru_X02.mes,96,24,Hotaru,いつだって優しかったもん!<6E5C>認めるもなにも……,,
dom2Hotaru_X02.mes,Script/dom2Hotaru_X02.mes,97,24,주인공,うん.だから、もっと甘えて<6E5C>いいんだよ、ほたる,,
dom2Hotaru_X02.mes,Script/dom2Hotaru_X02.mes,98,5,Hotaru,え……?,,
dom2Hotaru_X02.mes,Script/dom2Hotaru_X02.mes,99,22,주인공,悩んでることがあったら、<6E5C>なんでも言いなよ,,
dom2Hotaru_X02.mes,Script/dom2Hotaru_X02.mes,100,50,주인공,さみしい気持ちを隠すことは<6E5C>ないんだ<485C>この世界で人間ほど、<6E5C>さみしがり屋の生き物は<6E5C>いないんだから,,
dom2Hotaru_X02.mes,Script/dom2Hotaru_X02.mes,101,4,[효과음/내레이션],ぎゅっ,,
dom2Hotaru_X02.mes,Script/dom2Hotaru_X02.mes,102,2,Hotaru,!,,
dom2Hotaru_X02.mes,Script/dom2Hotaru_X02.mes,103,26,주인공,兄妹なら、手をつないで歩いても<6E5C>おかしくないよね?,,
dom2Hotaru_X02.mes,Script/dom2Hotaru_X02.mes,104,8,Hotaru,お兄ちゃん……,,
dom2Hotaru_X02.mes,Script/dom2Hotaru_X02.mes,105,14,주인공,ふぁ~あ、そろそろ寝ようか,,
dom2Hotaru_X02.mes,Script/dom2Hotaru_X02.mes,106,8,UNKNOWN_1e,お兄ちゃん……,,
dom2Hotaru_X02.mes,Script/dom2Hotaru_X02.mes,107,21,주인공,ああ、ほたるももう寝るんだね.<6E5C>おやすみ,,
dom2Hotaru_X02.mes,Script/dom2Hotaru_X02.mes,108,22,Hotaru,……ほたる、<6E5C>お兄ちゃんに甘えてばかりだね,,
dom2Hotaru_X02.mes,Script/dom2Hotaru_X02.mes,109,3,주인공,ん?,,
dom2Hotaru_X02.mes,Script/dom2Hotaru_X02.mes,110,14,Hotaru,お兄ちゃん、優しいから……,,
dom2Hotaru_X02.mes,Script/dom2Hotaru_X02.mes,111,43,Hotaru,ほたる、もっと大人になるように<6E5C>するね.いつまでもお兄ちゃんに<6E5C>迷惑かけられないから,,
dom2Hotaru_X02.mes,Script/dom2Hotaru_X02.mes,112,8,주인공,迷惑なんて……,,
dom2Hotaru_X02.mes,Script/dom2Hotaru_X02.mes,113,43,Hotaru,いいの!ほたるがしっかりしないと<6E5C>、お兄ちゃんはひとりで<6E5C>ごはんもつくれないでしょ?,,
dom2Hotaru_X02.mes,Script/dom2Hotaru_X02.mes,114,4,주인공,う……,,
dom2Hotaru_X02.mes,Script/dom2Hotaru_X02.mes,115,22,Hotaru,がんばるね!<6E5C>おやすみなさい、お兄ちゃんっ,,
dom2Hotaru_X02.mes,Script/dom2Hotaru_X02.mes,116,5,UNKNOWN_3e,キュゥ!,,
dom2Hotaru_X02.mes,Script/dom2Hotaru_X02.mes,117,4,[효과음/내레이션],パタン,,
dom2Hotaru_X02.mes,Script/dom2Hotaru_X02.mes,118,24,주인공,……元気になった、のかな?<6E5C>それならいいや……,,
dom2Hotaru_X03.mes,Script/dom2Hotaru_X03.mes,0,10,UNKNOWN_1e,キュゥ!<020A>キュゥ!,,
dom2Hotaru_X03.mes,Script/dom2Hotaru_X03.mes,1,4,주인공,ん……,,
dom2Hotaru_X03.mes,Script/dom2Hotaru_X03.mes,2,5,UNKNOWN_3e,キュゥ!,,
dom2Hotaru_X03.mes,Script/dom2Hotaru_X03.mes,3,11,주인공,イトカツ……おはよう,,
dom2Hotaru_X03.mes,Script/dom2Hotaru_X03.mes,4,9,주인공,あれ、ほたるは?,,
dom2Hotaru_X03.mes,Script/dom2Hotaru_X03.mes,5,5,UNKNOWN_3e,キュゥ!,,
dom2Hotaru_X03.mes,Script/dom2Hotaru_X03.mes,6,8,주인공,おい、ほたる!,,
dom2Hotaru_X03.mes,Script/dom2Hotaru_X03.mes,7,43,주인공,……いないなぁ.買い物にでも<6E5C>行ってるのか?でも、イトカツを<6E5C>置いていくなんて珍しい,,
dom2Hotaru_X03.mes,Script/dom2Hotaru_X03.mes,8,5,UNKNOWN_3e,キュゥ!,,
dom2Hotaru_X03.mes,Script/dom2Hotaru_X03.mes,9,26,주인공,ん?あれ、テーブルに朝食が<6E5C>用意されてるじゃないか,,
dom2Hotaru_X03.mes,Script/dom2Hotaru_X03.mes,10,22,주인공,書き置きが……<6E5C>「これを食べておいてね」か,,
dom2Hotaru_X03.mes,Script/dom2Hotaru_X03.mes,11,24,주인공,じゃあ、ふたりでモーニングと<6E5C>するか、イトカツ,,
dom2Hotaru_X03.mes,Script/dom2Hotaru_X03.mes,12,5,UNKNOWN_3e,キュゥ!,,
dom2Hotaru_X03.mes,Script/dom2Hotaru_X03.mes,13,5,[효과음/내레이션],ガチャッ,,
dom2Hotaru_X03.mes,Script/dom2Hotaru_X03.mes,14,12,Hotaru,ただいま……お兄ちゃん,,
dom2Hotaru_X03.mes,Script/dom2Hotaru_X03.mes,15,8,주인공,ああ、おかえり,,
dom2Hotaru_X03.mes,Script/dom2Hotaru_X03.mes,16,13,주인공,どこに出かけてたんだい?,,
dom2Hotaru_X03.mes,Script/dom2Hotaru_X03.mes,17,10,Hotaru,うん、ちょっと……,,
dom2Hotaru_X03.mes,Script/dom2Hotaru_X03.mes,18,11,주인공,……何かあったのか?,,
dom2Hotaru_X03.mes,Script/dom2Hotaru_X03.mes,19,14,Hotaru,……ううん.なんでもないの,,
dom2Hotaru_X03.mes,Script/dom2Hotaru_X03.mes,20,6,주인공,……ほたる,,
dom2Hotaru_X03.mes,Script/dom2Hotaru_X03.mes,21,3,Hotaru,え?,,
dom2Hotaru_X03.mes,Script/dom2Hotaru_X03.mes,22,41,주인공,昨日も言ったけど、もっと僕の<6E5C>ことを頼ってくれよ.<6E5C>ひとりでさみしがらないで……,,
dom2Hotaru_X03.mes,Script/dom2Hotaru_X03.mes,23,8,Hotaru,お兄ちゃん……,,
dom2Hotaru_X03.mes,Script/dom2Hotaru_X03.mes,24,16,주인공,頼りない兄かもしれないけど……,,
dom2Hotaru_X03.mes,Script/dom2Hotaru_X03.mes,25,20,Hotaru,そんなことない!<6E5C>そんなことないもんっ,,
dom2Hotaru_X03.mes,Script/dom2Hotaru_X03.mes,26,5,Hotaru,でも……,,
dom2Hotaru_X03.mes,Script/dom2Hotaru_X03.mes,27,5,주인공,…………,,
dom2Hotaru_X03.mes,Script/dom2Hotaru_X03.mes,28,58,Hotaru,……でも、ほたるだってひとりで<6E5C>乗り越えないといけないことが<6E5C>あるんだよ<485C>いつまでもお兄ちゃんに<6E5C>甘えられないもん,,
dom2Hotaru_X03.mes,Script/dom2Hotaru_X03.mes,29,23,주인공,……そうか.<6E5C>ほたるも、子どもじゃないもんな,,
dom2Hotaru_X03.mes,Script/dom2Hotaru_X03.mes,30,22,Hotaru,そうだよ?<6E5C>女の子だって、がんばるんだから,,
dom2Hotaru_X03.mes,Script/dom2Hotaru_X03.mes,31,26,주인공,……じゃあ、僕は兄として<6E5C>応援しないといけないな?,,
dom2Hotaru_X03.mes,Script/dom2Hotaru_X03.mes,32,19,Hotaru,うんっ.<6E5C>ありがとう、お兄ちゃん……,,
dom2Hotaru_X03.mes,Script/dom2Hotaru_X03.mes,33,9,UNKNOWN_3e,キュゥ!キュゥ!,,
dom2Hotaru_X03.mes,Script/dom2Hotaru_X03.mes,34,20,주인공,さっきから何を鳴いてるんだ、<6E5C>イトカツ,,
dom2Hotaru_X03.mes,Script/dom2Hotaru_X03.mes,35,37,주인공,……あれ?またいないのか、<6E5C>ほたるのやつ.<6E5C>朝からどこに出かけてるんだか,,
dom2Hotaru_X03.mes,Script/dom2Hotaru_X03.mes,36,5,UNKNOWN_3e,キュゥ!,,
dom2Hotaru_X03.mes,Script/dom2Hotaru_X03.mes,37,24,주인공,今まで黙って出かけるなんて<6E5C>ことなかったのにな,,
dom2Hotaru_X03.mes,Script/dom2Hotaru_X03.mes,38,8,주인공,まさか……男?,,
dom2Hotaru_X03.mes,Script/dom2Hotaru_X03.mes,39,9,UNKNOWN_3e,キュゥ!キュゥ!,,
dom2Hotaru_X03.mes,Script/dom2Hotaru_X03.mes,40,12,주인공,ああ、わかったわかった,,
dom2Hotaru_X03.mes,Script/dom2Hotaru_X03.mes,41,42,주인공,じゃあ、僕がほたるに代わって<6E5C>散歩に連れてってやるよ.<6E5C>だから、噛んだりするなよ?,,
dom2Hotaru_X03.mes,Script/dom2Hotaru_X03.mes,42,5,UNKNOWN_3e,キュゥ!,,
dom2Hotaru_X03.mes,Script/dom2Hotaru_X03.mes,43,23,주인공,ほらほら、僕の行きつけに<6E5C>連れてきてやったぞ,,
dom2Hotaru_X03.mes,Script/dom2Hotaru_X03.mes,44,10,주인공,ゆっくり遊びなさい,,
dom2Hotaru_X03.mes,Script/dom2Hotaru_X03.mes,45,5,UNKNOWN_3e,キュゥ!,,
dom2Hotaru_X03.mes,Script/dom2Hotaru_X03.mes,46,11,UNKNOWN_1e,きゃあっ、なに……?,,
dom2Hotaru_X03.mes,Script/dom2Hotaru_X03.mes,47,19,주인공,巳沢さん!<6E5C>ごめん、僕のペットが……,,
dom2Hotaru_X03.mes,Script/dom2Hotaru_X03.mes,48,29,Shizuku,なんだ.<이름:3131>くんのペット<6E5C>だったんだ.びっくりしちゃった,,
dom2Hotaru_X03.mes,Script/dom2Hotaru_X03.mes,49,24,주인공,うん.妹が不在で、<6E5C>代わりに僕が散歩してるんだ,,
dom2Hotaru_X03.mes,Script/dom2Hotaru_X03.mes,50,26,Shizuku,あのね、ここ、飲食店だから、<6E5C>ペットはちょっと……,,
dom2Hotaru_X03.mes,Script/dom2Hotaru_X03.mes,51,12,주인공,そ、そうだよね.ごめん,,
dom2Hotaru_X03.mes,Script/dom2Hotaru_X03.mes,52,26,Shizuku,フフッ.いいな、<이름:3131>くんの<6E5C>周りはいつもにぎやかで,,
dom2Hotaru_X03.mes,Script/dom2Hotaru_X03.mes,53,20,주인공,あ、巳沢さんはひとり募らし<6E5C>なんだよね,,
dom2Hotaru_X03.mes,Script/dom2Hotaru_X03.mes,54,20,Shizuku,うん.<이름:3131>くんの妹さんが<6E5C>義ましい……,,
dom2Hotaru_X03.mes,Script/dom2Hotaru_X03.mes,55,21,Shizuku,泣かせたりしたらダメだよ?<6E5C>お兄ちゃんっ,,
dom2Hotaru_X03.mes,Script/dom2Hotaru_X03.mes,56,5,주인공,うん……,,
dom2Hotaru_X03.mes,Script/dom2Hotaru_X03.mes,57,20,주인공,ほらほら、繁華街に<6E5C>連れてきてやったぞ,,
dom2Hotaru_X03.mes,Script/dom2Hotaru_X03.mes,58,10,주인공,ゆっくり遊びなさい,,
dom2Hotaru_X03.mes,Script/dom2Hotaru_X03.mes,59,6,UNKNOWN_3e,キュゥ……,,
dom2Hotaru_X03.mes,Script/dom2Hotaru_X03.mes,60,23,주인공,ん?あ、そうか人通り激しくて<6E5C>危ないよな……,,
dom2Hotaru_X03.mes,Script/dom2Hotaru_X03.mes,61,24,주인공,(ここは危険だよな……<6E5C>なに考えてんだ、僕は),,
dom2Hotaru_X03.mes,Script/dom2Hotaru_X03.mes,62,25,주인공,ほらほら、ネオジオワールドに<6E5C>連れてきてやったぞ,,
dom2Hotaru_X03.mes,Script/dom2Hotaru_X03.mes,63,10,주인공,ゆっくり遊びなさい,,
dom2Hotaru_X03.mes,Script/dom2Hotaru_X03.mes,64,6,UNKNOWN_3e,キュゥ……,,
dom2Hotaru_X03.mes,Script/dom2Hotaru_X03.mes,65,23,주인공,ん?あ、そうか人通り激しくて<6E5C>危ないよな……,,
dom2Hotaru_X03.mes,Script/dom2Hotaru_X03.mes,66,24,주인공,(ここは危険だよな……<6E5C>なに考えてんだ、僕は),,
dom2Hotaru_X03.mes,Script/dom2Hotaru_X03.mes,67,19,주인공,ほらほら、<6E5C>神社に連れてきてやったぞ,,
dom2Hotaru_X03.mes,Script/dom2Hotaru_X03.mes,68,11,주인공,鳩たちと遊んでなさい,,
dom2Hotaru_X03.mes,Script/dom2Hotaru_X03.mes,69,5,UNKNOWN_3e,キュゥ!,,
dom2Hotaru_X03.mes,Script/dom2Hotaru_X03.mes,70,14,UNKNOWN_1e,あら?珍しいおふたりさんね,,
dom2Hotaru_X03.mes,Script/dom2Hotaru_X03.mes,71,7,주인공,神楽先輩……,,
dom2Hotaru_X03.mes,Script/dom2Hotaru_X03.mes,72,16,Chizuru,ペットとお散歩?ほほえましいわ,,
dom2Hotaru_X03.mes,Script/dom2Hotaru_X03.mes,73,19,주인공,いえ、こいつは元々ほたるの<6E5C>ペットで,,
dom2Hotaru_X03.mes,Script/dom2Hotaru_X03.mes,74,9,Chizuru,ほたる?妹さんね,,
dom2Hotaru_X03.mes,Script/dom2Hotaru_X03.mes,75,27,Chizuru,仲の良い兄妹ね.かけがえのない<6E5C>存在だもの.わかるわ,,
dom2Hotaru_X03.mes,Script/dom2Hotaru_X03.mes,76,22,주인공,でも、僕には最近、妹のことが<6E5C>さっぱり……,,
dom2Hotaru_X03.mes,Script/dom2Hotaru_X03.mes,77,3,Chizuru,え?,,
dom2Hotaru_X03.mes,Script/dom2Hotaru_X03.mes,78,13,주인공,いえ、なんでもありません,,
dom2Hotaru_X03.mes,Script/dom2Hotaru_X03.mes,79,22,Chizuru,……兄妹といっても、<6E5C>違う別々の人間だもの,,
dom2Hotaru_X03.mes,Script/dom2Hotaru_X03.mes,80,14,Chizuru,わからないことだってあるわ,,
dom2Hotaru_X03.mes,Script/dom2Hotaru_X03.mes,81,5,주인공,……はい,,
dom2Hotaru_X03.mes,Script/dom2Hotaru_X03.mes,82,6,[효과음/내레이션],バサバサッ,,
dom2Hotaru_X03.mes,Script/dom2Hotaru_X03.mes,83,25,Chizuru,こら、チーちゃん!<6E5C>神社でおいたをしちゃダメよ!,,
dom2Hotaru_X03.mes,Script/dom2Hotaru_X03.mes,84,16,주인공,あ、イトカツが!……すいません,,
dom2Hotaru_X03.mes,Script/dom2Hotaru_X03.mes,85,12,주인공,ほらほら、アパートだぞ,,
dom2Hotaru_X03.mes,Script/dom2Hotaru_X03.mes,86,10,주인공,ゆっくり遊びなさい,,
dom2Hotaru_X03.mes,Script/dom2Hotaru_X03.mes,87,5,UNKNOWN_3e,キュゥ!,,
dom2Hotaru_X03.mes,Script/dom2Hotaru_X03.mes,88,44,주인공,ん?いつもと同じ場所じゃない<6E5C>かって?だってどこに行けばいいか<6E5C>わからなかったんだもの,,
dom2Hotaru_X03.mes,Script/dom2Hotaru_X03.mes,89,24,주인공,(ほたるはいつもどこに<6E5C>連れてったのかな……),,
dom2Hotaru_X03.mes,Script/dom2Hotaru_X03.mes,90,27,주인공,よし、たっぷり散歩もしたし、<6E5C>部屋に帰るぞ、イトカツ,,
dom2Hotaru_X03.mes,Script/dom2Hotaru_X03.mes,91,5,UNKNOWN_3e,キュゥ!,,
dom2Hotaru_X03.mes,Script/dom2Hotaru_X03.mes,92,34,주인공,いてて.<6E5C>だから噛むなって、せっかく<6E5C>スキンシップをはかってるのに,,
dom2Hotaru_X03.mes,Script/dom2Hotaru_X03.mes,93,5,UNKNOWN_3e,キュゥ!,,
dom2Hotaru_X03.mes,Script/dom2Hotaru_X03.mes,94,5,주인공,……ん?,,
dom2Hotaru_X03.mes,Script/dom2Hotaru_X03.mes,95,11,주인공,あそこにいるのは……,,
dom2Hotaru_X03.mes,Script/dom2Hotaru_X03.mes,96,5,UNKNOWN_3e,キュゥッ,,
dom2Hotaru_X03.mes,Script/dom2Hotaru_X03.mes,97,5,[효과음/내레이션],タタタッ,,
dom2Hotaru_X03.mes,Script/dom2Hotaru_X03.mes,98,8,주인공,あ、イトカツ!,,
dom2Hotaru_X03.mes,Script/dom2Hotaru_X03.mes,99,17,주인공,……はぁ、はぁ.あれ、見失った?,,
dom2Hotaru_X03.mes,Script/dom2Hotaru_X03.mes,100,6,UNKNOWN_3e,キュゥ……,,
dom2Hotaru_X03.mes,Script/dom2Hotaru_X03.mes,101,13,주인공,イトカツ.今の人影は……,,
dom2Hotaru_X03.mes,Script/dom2Hotaru_X03.mes,102,6,UNKNOWN_3e,キュゥ……,,
dom2Hotaru_X03.mes,Script/dom2Hotaru_X03.mes,103,7,주인공,……ほたる?,,
dom2Hotaru_X03.mes,Script/dom2Hotaru_X03.mes,104,28,주인공,……違うよな.誰かと話していた<6E5C>みたいだけど.……男?,,
dom2Hotaru_X03.mes,Script/dom2Hotaru_X03.mes,105,12,주인공,イ、イトカツ、行くぞ!,,
dom2Hotaru_X03.mes,Script/dom2Hotaru_X03.mes,106,5,UNKNOWN_3e,キュゥ!,,
dom2Hotaru_X03.mes,Script/dom2Hotaru_X03.mes,107,6,[효과음/내레이션],ダダダ……,,
dom2Hotaru_X03.mes,Script/dom2Hotaru_X03.mes,108,4,[효과음/내레이션],ドンッ,,
dom2Hotaru_X03.mes,Script/dom2Hotaru_X03.mes,109,15,주인공,すいません、どいてください!,,
dom2Hotaru_X03.mes,Script/dom2Hotaru_X03.mes,110,17,Iori,貴様……それは俺に言ってるのか?,,
dom2Hotaru_X03.mes,Script/dom2Hotaru_X03.mes,111,23,주인공,八神先輩!ごめんなさい、<6E5C>ほたるを追っていて,,
dom2Hotaru_X03.mes,Script/dom2Hotaru_X03.mes,112,25,Iori,女の後を追って俺にぶつかったと<6E5C>言うのか、貴様!,,
dom2Hotaru_X03.mes,Script/dom2Hotaru_X03.mes,113,25,Iori,そのような体たらくで一人前の<6E5C>教師がつとまるか!,,
dom2Hotaru_X03.mes,Script/dom2Hotaru_X03.mes,114,31,주인공,そんなムチャクチャな…….<6E5C>僕にとっては、大事な妹なんです!,,
dom2Hotaru_X03.mes,Script/dom2Hotaru_X03.mes,115,25,Iori,ならば俺を乗り越えていけ!<6E5C>それが貴様の試練だ!,,
dom2Hotaru_X03.mes,Script/dom2Hotaru_X03.mes,116,6,[효과음/내레이션],バキーン!,,
dom2Hotaru_X03.mes,Script/dom2Hotaru_X03.mes,117,14,주인공,な、なんでこんなことに……,,
dom2Hotaru_X03.mes,Script/dom2Hotaru_X03.mes,118,5,[효과음/내레이션],ガチャッ,,
dom2Hotaru_X03.mes,Script/dom2Hotaru_X03.mes,119,29,주인공,今日は散々だったな……結局、<6E5C>ほたるは見つからなかったし,,
dom2Hotaru_X03.mes,Script/dom2Hotaru_X03.mes,120,21,주인공,まさかまだ帰ってない、<6E5C>なんてことは……,,
dom2Hotaru_X03.mes,Script/dom2Hotaru_X03.mes,121,8,UNKNOWN_1e,お兄ちゃん……,,
dom2Hotaru_X03.mes,Script/dom2Hotaru_X03.mes,122,24,주인공,ほたる!よかった、<6E5C>帰ってたんだな.心配したぞ,,
dom2Hotaru_X03.mes,Script/dom2Hotaru_X03.mes,123,30,주인공,……やっぱり、男といっしょに<6E5C>いたのは見間違いだったんだな,,
dom2Hotaru_X03.mes,Script/dom2Hotaru_X03.mes,124,7,Hotaru,え?なぁに?,,
dom2Hotaru_X03.mes,Script/dom2Hotaru_X03.mes,125,11,주인공,いや、なんでもないよ,,
dom2Hotaru_X03.mes,Script/dom2Hotaru_X03.mes,126,12,Hotaru,あのね、お兄ちゃん……,,
dom2Hotaru_X03.mes,Script/dom2Hotaru_X03.mes,127,2,주인공,?,,
dom2Hotaru_X03.mes,Script/dom2Hotaru_X03.mes,128,25,Hotaru,今夜は……お兄ちゃんと<6E5C>一緒に寝ても、いい……?,,
dom2Hotaru_X03.mes,Script/dom2Hotaru_X03.mes,129,5,주인공,…………,,
dom2Hotaru_X03.mes,Script/dom2Hotaru_X03.mes,130,12,[선택지],それはダメだしかたないな,,
dom2Hotaru_X03.mes,Script/dom2Hotaru_X03.mes,131,22,주인공,ほたる……いくら兄妹でも、<6E5C>それはダメだよ,,
dom2Hotaru_X03.mes,Script/dom2Hotaru_X03.mes,132,5,Hotaru,…………,,
dom2Hotaru_X03.mes,Script/dom2Hotaru_X03.mes,133,33,주인공,……どうしたんだい?<6E5C>ほたる、昨日から変だよ.<6E5C>何があったんだ?,,
dom2Hotaru_X03.mes,Script/dom2Hotaru_X03.mes,134,9,Hotaru,なんでもないっ!,,
dom2Hotaru_X03.mes,Script/dom2Hotaru_X03.mes,135,25,Hotaru,ヘンなこと言ってごめんなさい!<6E5C>おやすみなさいっ,,
dom2Hotaru_X03.mes,Script/dom2Hotaru_X03.mes,136,9,Hotaru,行くよ、イトカツ,,
dom2Hotaru_X03.mes,Script/dom2Hotaru_X03.mes,137,5,UNKNOWN_3e,キュゥ!,,
dom2Hotaru_X03.mes,Script/dom2Hotaru_X03.mes,138,5,[효과음/내레이션],パタンッ,,
dom2Hotaru_X03.mes,Script/dom2Hotaru_X03.mes,139,25,주인공,突然あんなこと言い出して、<6E5C>なんだったんだ……?,,
dom2Hotaru_X03.mes,Script/dom2Hotaru_X03.mes,140,16,주인공,……しかたないな.今夜だけだぞ,,
dom2Hotaru_X03.mes,Script/dom2Hotaru_X03.mes,141,14,Hotaru,ほんとう!?お兄ちゃんっ!,,
dom2Hotaru_X03.mes,Script/dom2Hotaru_X03.mes,142,17,주인공,ああ.兄妹だし……まぁ、いいよな,,
dom2Hotaru_X03.mes,Script/dom2Hotaru_X03.mes,143,22,Hotaru,うんっ!お兄ちゃんありがとう!<6E5C>だいすきっ,,
dom2Hotaru_X03.mes,Script/dom2Hotaru_X03.mes,144,7,[효과음/내레이션],もぞもぞ……,,
dom2Hotaru_X03.mes,Script/dom2Hotaru_X03.mes,145,17,Hotaru,あははっ.なんだかドキドキするね,,
dom2Hotaru_X03.mes,Script/dom2Hotaru_X03.mes,146,16,주인공,そ、そうか?そんなことはないぞ,,
dom2Hotaru_X03.mes,Script/dom2Hotaru_X03.mes,147,47,주인공,(と言いつつ、動悴が激しいような<6E5C>……いかん、いかん、このままじゃ<6E5C>ほたるに閉こえてしまう),,
dom2Hotaru_X03.mes,Script/dom2Hotaru_X03.mes,148,5,UNKNOWN_3e,キュゥ!,,
dom2Hotaru_X03.mes,Script/dom2Hotaru_X03.mes,149,18,주인공,わぁっ!なんだイトカツ、いたの<6E5C>か,,
dom2Hotaru_X03.mes,Script/dom2Hotaru_X03.mes,150,17,Hotaru,寝るときはいつも一緒だよ.ダメ?,,
dom2Hotaru_X03.mes,Script/dom2Hotaru_X03.mes,151,17,주인공,ハハハ.ダメなわけないじゃないか,,
dom2Hotaru_X03.mes,Script/dom2Hotaru_X03.mes,152,20,주인공,よしよし、3人で川の字になって<6E5C>寝よう,,
dom2Hotaru_X03.mes,Script/dom2Hotaru_X03.mes,153,20,주인공,(イトカツがいて良かった……<6E5C>よな?),,
dom2Hotaru_X03.mes,Script/dom2Hotaru_X03.mes,154,8,Hotaru,お兄ちゃん……,,
dom2Hotaru_X03.mes,Script/dom2Hotaru_X03.mes,155,3,주인공,ん?,,
dom2Hotaru_X03.mes,Script/dom2Hotaru_X03.mes,156,9,Hotaru,手、つないで……,,
dom2Hotaru_X03.mes,Script/dom2Hotaru_X03.mes,157,5,주인공,……うん,,
dom2Hotaru_X03.mes,Script/dom2Hotaru_X03.mes,158,4,[효과음/내레이션],ぎゅっ,,
dom2Hotaru_X03.mes,Script/dom2Hotaru_X03.mes,159,25,Hotaru,……ふふっ、お兄ちゃんの<6E5C>ドキドキが伝わってくる,,
dom2Hotaru_X03.mes,Script/dom2Hotaru_X03.mes,160,22,주인공,バ、バカッ.<6E5C>そんなの伝わるわけないだろ!,,
dom2Hotaru_X03.mes,Script/dom2Hotaru_X03.mes,161,23,Hotaru,ほんとう?<6E5C>ほたるのドキドキも、伝わらない?,,
dom2Hotaru_X03.mes,Script/dom2Hotaru_X03.mes,162,5,주인공,…………,,
dom2Hotaru_X03.mes,Script/dom2Hotaru_X03.mes,163,22,Hotaru,……ほたる、<6E5C>お兄ちゃんに出会えて良かった,,
dom2Hotaru_X03.mes,Script/dom2Hotaru_X03.mes,164,68,Hotaru,あのとき、突然ひとりぼっちに<6E5C>なっちゃってとっても<6E5C>つらかったけど、<485C>お兄ちゃんと出会えたから、<6E5C>ほたるは今まで<6E5C>生きてこれたんだよ?,,
dom2Hotaru_X03.mes,Script/dom2Hotaru_X03.mes,165,6,주인공,大げさだな,,
dom2Hotaru_X03.mes,Script/dom2Hotaru_X03.mes,166,12,Hotaru,大げさなんかじゃないよ,,
dom2Hotaru_X03.mes,Script/dom2Hotaru_X03.mes,167,44,Hotaru,血がつながってなくても、<6E5C>ほたるはお兄ちゃんの妹……だよね<6E5C>?ずっとずっと妹、だよね?,,
dom2Hotaru_X03.mes,Script/dom2Hotaru_X03.mes,168,10,주인공,……あたりまえだよ,,
dom2Hotaru_X03.mes,Script/dom2Hotaru_X03.mes,169,7,Hotaru,……よかった,,
dom2Hotaru_X03.mes,Script/dom2Hotaru_X03.mes,170,16,Hotaru,おやすみなさい、お兄ちゃん……,,
dom2Hotaru_X03.mes,Script/dom2Hotaru_X03.mes,171,10,주인공,ああ、おやすみ……,,
dom2Hotaru_X04.mes,Script/dom2Hotaru_X04.mes,0,6,주인공,う~ん……,,
dom2Hotaru_X04.mes,Script/dom2Hotaru_X04.mes,1,4,주인공,ハッ!,,
dom2Hotaru_X04.mes,Script/dom2Hotaru_X04.mes,2,5,UNKNOWN_3e,キュゥ~,,
dom2Hotaru_X04.mes,Script/dom2Hotaru_X04.mes,3,15,주인공,イトカツ…….ほ、ほたるは?,,
dom2Hotaru_X04.mes,Script/dom2Hotaru_X04.mes,4,25,Hotaru,お兄ちゃん!朝ごはん<6E5C>できてるから、早く食べて?,,
dom2Hotaru_X04.mes,Script/dom2Hotaru_X04.mes,5,11,주인공,ああ、ありがとう……,,
dom2Hotaru_X04.mes,Script/dom2Hotaru_X04.mes,6,30,주인공,(……ふぅ.昨夜は、ほたるの<6E5C>せいであまり寝れなかったや),,
dom2Hotaru_X04.mes,Script/dom2Hotaru_X04.mes,7,26,주인공,(こんなことで動揺するなんて、<6E5C>兄として失格だな),,
dom2Hotaru_X04.mes,Script/dom2Hotaru_X04.mes,8,5,UNKNOWN_3e,キュゥ!,,
dom2Hotaru_X04.mes,Script/dom2Hotaru_X04.mes,9,9,[효과음/내레이션],PLLLLL……,,
dom2Hotaru_X04.mes,Script/dom2Hotaru_X04.mes,10,21,주인공,あ、電話……っと、<6E5C>ほたるはまた買い物か,,
dom2Hotaru_X04.mes,Script/dom2Hotaru_X04.mes,11,11,주인공,はいはい、出ますよっ,,
dom2Hotaru_X04.mes,Script/dom2Hotaru_X04.mes,12,5,[효과음/내레이션],ガチャッ,,
dom2Hotaru_X04.mes,Script/dom2Hotaru_X04.mes,13,22,UNKNOWN_1e,もしもし?<6E5C><이름:3232>、アンタ元気にやってんの?,,
dom2Hotaru_X04.mes,Script/dom2Hotaru_X04.mes,14,16,주인공,母さん?ああ、元気にやってるよ,,
dom2Hotaru_X04.mes,Script/dom2Hotaru_X04.mes,15,27,UNKNOWN_62,たまには家に顔を出しなさいって<6E5C>いつも言ってるでしょ,,
dom2Hotaru_X04.mes,Script/dom2Hotaru_X04.mes,16,14,주인공,はいはい.用件はそれだけ?,,
dom2Hotaru_X04.mes,Script/dom2Hotaru_X04.mes,17,37,UNKNOWN_62,それと……ほたるちゃんは例の件、<6E5C>何て言ってるの?<6E5C>部屋を出て行くって?,,
dom2Hotaru_X04.mes,Script/dom2Hotaru_X04.mes,18,9,주인공,……え?何の話?,,
dom2Hotaru_X04.mes,Script/dom2Hotaru_X04.mes,19,44,UNKNOWN_62,何って、閉いてるでしょ?<6E5C>ご家族が見つかったんだから、<6E5C>そっちに行ったらどうなのって話,,
dom2Hotaru_X04.mes,Script/dom2Hotaru_X04.mes,20,4,주인공,え……,,
dom2Hotaru_X04.mes,Script/dom2Hotaru_X04.mes,21,13,주인공,何それ、どういうこと!?,,
dom2Hotaru_X04.mes,Script/dom2Hotaru_X04.mes,22,30,UNKNOWN_62,何って……だから見つかったのよ、<6E5C>行方不明だったお兄さんが,,
dom2Hotaru_X04.mes,Script/dom2Hotaru_X04.mes,23,49,UNKNOWN_62,いつまでもあなたの部屋にいるのも<6E5C>不自然だからねぇ.ちゃんと実の<6E5C>お兄さんのところに行ったらって,,
dom2Hotaru_X04.mes,Script/dom2Hotaru_X04.mes,24,7,주인공,何の話だよ!,,
dom2Hotaru_X04.mes,Script/dom2Hotaru_X04.mes,25,24,UNKNOWN_62,閉いてないの?<6E5C>昨日、電話で話したんだけど……,,
dom2Hotaru_X04.mes,Script/dom2Hotaru_X04.mes,26,36,UNKNOWN_62,ほたるちゃんはもう会いに<6E5C>行ったんじゃないのかしら.<6E5C>住所も伝えたから,,
dom2Hotaru_X04.mes,Script/dom2Hotaru_X04.mes,27,6,주인공,そんな……,,
dom2Hotaru_X04.mes,Script/dom2Hotaru_X04.mes,28,20,UNKNOWN_62,よかったわよねぇ、<6E5C>ご家族が見つかって,,
dom2Hotaru_X04.mes,Script/dom2Hotaru_X04.mes,29,31,UNKNOWN_62,やっぱり本物の家族と募らすのが、<6E5C>本人にとって一番幸せよねぇ,,
dom2Hotaru_X04.mes,Script/dom2Hotaru_X04.mes,30,33,UNKNOWN_62,親戚だから引き取ったけど、<6E5C>他人と生活するのは<6E5C>気まずいものねぇ,,
dom2Hotaru_X04.mes,Script/dom2Hotaru_X04.mes,31,5,주인공,…………,,
dom2Hotaru_X04.mes,Script/dom2Hotaru_X04.mes,32,17,UNKNOWN_62,どうしたの、<이름:3232>.<6E5C>閉いてるの?,,
dom2Hotaru_X04.mes,Script/dom2Hotaru_X04.mes,33,39,주인공,僕は気まずくなんかなかった.<6E5C>僕はたしかにほたるの兄だったんだ<6E5C>.だけど……,,
dom2Hotaru_X04.mes,Script/dom2Hotaru_X04.mes,34,11,UNKNOWN_62,<이름:3232>?何を言って……,,
dom2Hotaru_X04.mes,Script/dom2Hotaru_X04.mes,35,5,[효과음/내레이션],ガチャッ,,
dom2Hotaru_X04.mes,Script/dom2Hotaru_X04.mes,36,12,주인공,……ほたる、あいつ……,,
dom2Hotaru_X04.mes,Script/dom2Hotaru_X04.mes,37,5,[효과음/내레이션],ガチャッ,,
dom2Hotaru_X04.mes,Script/dom2Hotaru_X04.mes,38,6,Hotaru,ただいまぁ,,
dom2Hotaru_X04.mes,Script/dom2Hotaru_X04.mes,39,25,Hotaru,ごめんね、遅くなって.<6E5C>今すぐお昼ごはん作るから,,
dom2Hotaru_X04.mes,Script/dom2Hotaru_X04.mes,40,10,주인공,……どこに行ってた,,
dom2Hotaru_X04.mes,Script/dom2Hotaru_X04.mes,41,26,Hotaru,え?だから買い物だよ、<6E5C>今日は買い忘れないから……,,
dom2Hotaru_X04.mes,Script/dom2Hotaru_X04.mes,42,23,주인공,嘘つけ.会いに行ってたんだろう、<6E5C>本物の兄に,,
dom2Hotaru_X04.mes,Script/dom2Hotaru_X04.mes,43,10,Hotaru,!<020A>お兄ちゃん……,,
dom2Hotaru_X04.mes,Script/dom2Hotaru_X04.mes,44,29,주인공,よかったなぁ、見つかって.<6E5C>6年ぶりだろ?感動の再会だな,,
dom2Hotaru_X04.mes,Script/dom2Hotaru_X04.mes,45,5,Hotaru,…………,,
dom2Hotaru_X04.mes,Script/dom2Hotaru_X04.mes,46,55,주인공,それで、いつから一緒に<6E5C>住み始めるんだ?<485C>たったふたりっきりの<6E5C>兄妹なんだから、<6E5C>離れて募らすことないよな?,,
dom2Hotaru_X04.mes,Script/dom2Hotaru_X04.mes,47,5,Hotaru,…………,,
dom2Hotaru_X04.mes,Script/dom2Hotaru_X04.mes,48,22,주인공,なんだよ、<6E5C>こそこそ会いに行ったりして……,,
dom2Hotaru_X04.mes,Script/dom2Hotaru_X04.mes,49,12,주인공,僕だけのけ者にして……,,
dom2Hotaru_X04.mes,Script/dom2Hotaru_X04.mes,50,11,Hotaru,違う、お兄ちゃんっ!,,
dom2Hotaru_X04.mes,Script/dom2Hotaru_X04.mes,51,13,주인공,お兄ちゃんなんて呼ぶな!,,
dom2Hotaru_X04.mes,Script/dom2Hotaru_X04.mes,52,2,Hotaru,!,,
dom2Hotaru_X04.mes,Script/dom2Hotaru_X04.mes,53,27,주인공,僕はもうおまえのお兄ちゃんでも<6E5C>なんでもないだろう?,,
dom2Hotaru_X04.mes,Script/dom2Hotaru_X04.mes,54,54,주인공,本物が見つかったんなら、<6E5C>用済みだ<485C>身代わりなんか忘れて、<6E5C>さっさとそいつのとこに<6E5C>行ったらいいじゃないか,,
dom2Hotaru_X04.mes,Script/dom2Hotaru_X04.mes,55,7,Hotaru,お兄ちゃ……,,
dom2Hotaru_X04.mes,Script/dom2Hotaru_X04.mes,56,16,주인공,もう終わりだ.兄妹ゴッコも……,,
dom2Hotaru_X04.mes,Script/dom2Hotaru_X04.mes,57,8,주인공,行けよ!早く!,,
dom2Hotaru_X04.mes,Script/dom2Hotaru_X04.mes,58,4,Hotaru,……っ,,
dom2Hotaru_X04.mes,Script/dom2Hotaru_X04.mes,59,6,[효과음/내레이션],バタンッ!,,
dom2Hotaru_X04.mes,Script/dom2Hotaru_X04.mes,60,5,주인공,…………,,
dom2Hotaru_X04.mes,Script/dom2Hotaru_X04.mes,61,16,주인공,これでよかったんだ.これで……,,
dom2Hotaru_X04.mes,Script/dom2Hotaru_X04.mes,62,41,주인공,昨日の夜、ほたるがいっしょに<6E5C>寝ようって言ったとき、<6E5C>自分の気持ちに気づいたんだ,,
dom2Hotaru_X04.mes,Script/dom2Hotaru_X04.mes,63,44,주인공,本物の兄がいるなら、僕はもう<6E5C>兄じゃない.男なんだ.ひとりの<6E5C>男になってしまうんだ……,,
dom2Hotaru_X04.mes,Script/dom2Hotaru_X04.mes,64,37,주인공,かりそめの兄妹関係で<6E5C>そんなことを続けていたら、<6E5C>いつか僕はほたるを……,,
dom2Hotaru_X04.mes,Script/dom2Hotaru_X04.mes,65,25,주인공,傷つけてしまう.<6E5C>そうなってからじゃ遅いんだ……,,
dom2Hotaru_X04.mes,Script/dom2Hotaru_X04.mes,66,9,UNKNOWN_3e,キュゥ!キュゥ!,,
dom2Hotaru_X04.mes,Script/dom2Hotaru_X04.mes,67,34,주인공,イトカツ…….<6E5C>ごめん、おまえをほたるに<6E5C>渡してやるの、忘れてたな,,
dom2Hotaru_X04.mes,Script/dom2Hotaru_X04.mes,68,6,UNKNOWN_3e,キュゥ……,,
dom2Hotaru_X04.mes,Script/dom2Hotaru_X04.mes,69,37,주인공,後で母さんにでも頼んで、<6E5C>届けてもらうよ.<6E5C>今だけさみしいけど、我慢しな,,
dom2Hotaru_X04.mes,Script/dom2Hotaru_X04.mes,70,5,UNKNOWN_3e,キュゥゥ,,
dom2Hotaru_X04.mes,Script/dom2Hotaru_X04.mes,71,14,주인공,……僕も、僕も我慢するから,,
dom2Hotaru_X04.mes,Script/dom2Hotaru_X04.mes,72,30,주인공,さみしくても、すぐに慣れるよ.<6E5C>ひとりきりでも、きっと……,,
dom2Hotaru_X04.mes,Script/dom2Hotaru_X04.mes,73,5,UNKNOWN_3e,…………,,
dom2Hotaru_X04.mes,Script/dom2Hotaru_X04.mes,74,12,[효과음/내레이션],♪カランコロンカラ~ン,,
dom2Hotaru_X04.mes,Script/dom2Hotaru_X04.mes,75,10,Shizuku,いらっしゃいま……寺,,
dom2Hotaru_X04.mes,Script/dom2Hotaru_X04.mes,76,13,Shizuku,どうしたの?<이름:3131>くん……,,
dom2Hotaru_X04.mes,Script/dom2Hotaru_X04.mes,77,17,주인공,どうしたって、どうもないよ.変?,,
dom2Hotaru_X04.mes,Script/dom2Hotaru_X04.mes,78,26,Shizuku,変って……すごい顔してるよ?<6E5C>何かあったんでしょ?,,
dom2Hotaru_X04.mes,Script/dom2Hotaru_X04.mes,79,25,주인공,何もない.何もないよ.<6E5C>何もかも、なくなったんだ,,
dom2Hotaru_X04.mes,Script/dom2Hotaru_X04.mes,80,7,Shizuku,<이름:3131>くん……,,
dom2Hotaru_X04.mes,Script/dom2Hotaru_X04.mes,81,30,주인공,何でもいいからお酒を飲ませてよ.<6E5C>すごく酔いたい気分なんだ,,
dom2Hotaru_X04.mes,Script/dom2Hotaru_X04.mes,82,35,Shizuku,バー営業は19時からです.<6E5C>それまでは、アルコールは一切<6E5C>出せません,,
dom2Hotaru_X04.mes,Script/dom2Hotaru_X04.mes,83,16,주인공,そっか…….ごめん、邪魔したね,,
dom2Hotaru_X04.mes,Script/dom2Hotaru_X04.mes,84,33,Shizuku,……何かあったんでしょう?<6E5C>話してよ.<6E5C>今はお客さんも少ないから,,
dom2Hotaru_X04.mes,Script/dom2Hotaru_X04.mes,85,8,주인공,……ありがとう,,
dom2Hotaru_X04.mes,Script/dom2Hotaru_X04.mes,86,9,Shizuku,どういたしまして,,
dom2Hotaru_X04.mes,Script/dom2Hotaru_X04.mes,87,33,주인공,……巳沢さん、巳沢さんは幼い頃<6E5C>から家族がいないって言ってたよね,,
dom2Hotaru_X04.mes,Script/dom2Hotaru_X04.mes,88,14,주인공,やっぱり、家族って欲しい?,,
dom2Hotaru_X04.mes,Script/dom2Hotaru_X04.mes,89,4,Shizuku,……?,,
dom2Hotaru_X04.mes,Script/dom2Hotaru_X04.mes,90,52,주인공,家族って、特別だよね.<6E5C>僕は、当たり前に父も母も<6E5C>健在だから、<485C>そのありがたみがいまいち<6E5C>わからなくて,,
dom2Hotaru_X04.mes,Script/dom2Hotaru_X04.mes,91,46,Shizuku,もちろん私も、<6E5C>家族がほしかった時期があったわ<485C>ううん、今だってその気持ちは<6E5C>変わらないよ,,
dom2Hotaru_X04.mes,Script/dom2Hotaru_X04.mes,92,23,Shizuku,家族は、何ものにも代えがたい<6E5C>大事なものだよ,,
dom2Hotaru_X04.mes,Script/dom2Hotaru_X04.mes,93,38,주인공,……そうだよね.<6E5C>やっぱり、血のつながった家族と<6E5C>いるのが一番いいんだよね,,
dom2Hotaru_X04.mes,Script/dom2Hotaru_X04.mes,94,28,Shizuku,それって妹さんのこと?<6E5C>ほたるちゃんと何かあったんだね,,
dom2Hotaru_X04.mes,Script/dom2Hotaru_X04.mes,95,5,주인공,…………,,
dom2Hotaru_X04.mes,Script/dom2Hotaru_X04.mes,96,21,Shizuku,たしかに血のつながりって<6E5C>特別なものだわ,,
dom2Hotaru_X04.mes,Script/dom2Hotaru_X04.mes,97,19,Shizuku,でもね、それが一番じゃないでしょ<6E5C>?,,
dom2Hotaru_X04.mes,Script/dom2Hotaru_X04.mes,98,4,주인공,え……,,
dom2Hotaru_X04.mes,Script/dom2Hotaru_X04.mes,99,28,Shizuku,私がほしい家族って、<6E5C>血のつながってる人のことじゃない,,
dom2Hotaru_X04.mes,Script/dom2Hotaru_X04.mes,100,39,Shizuku,自分を必要としてくれて、<6E5C>お互いを守り、支えあえる人<6E5C>……それが家族だと思う,,
dom2Hotaru_X04.mes,Script/dom2Hotaru_X04.mes,101,5,주인공,…………,,
dom2Hotaru_X04.mes,Script/dom2Hotaru_X04.mes,102,32,Shizuku,<이름:3131>くんとほたるちゃんは<6E5C>十分そう見えたけど、<6E5C>違ったのかな?,,
dom2Hotaru_X04.mes,Script/dom2Hotaru_X04.mes,103,10,[선택지],わからないそうだけど,,
dom2Hotaru_X04.mes,Script/dom2Hotaru_X04.mes,104,15,[선택지],<0200><0001><0000><0020><0012><0002>……わからないよ,,
dom2Hotaru_X04.mes,Script/dom2Hotaru_X04.mes,105,38,Shizuku,……あのね、私、<6E5C>本当に義ましいと思ったの.<6E5C><이름:3131>くんとほたるちゃんのこと,,
dom2Hotaru_X04.mes,Script/dom2Hotaru_X04.mes,106,3,주인공,え?,,
dom2Hotaru_X04.mes,Script/dom2Hotaru_X04.mes,107,52,Shizuku,ふたりは血のつながった<6E5C>家族じゃないのに、<485C>争うこともなく、<6E5C>生活を共にし、<6E5C>支えあっていたでしょう?,,
dom2Hotaru_X04.mes,Script/dom2Hotaru_X04.mes,108,23,Shizuku,それってきっと、<6E5C>普通にできることじゃないわ,,
dom2Hotaru_X04.mes,Script/dom2Hotaru_X04.mes,109,5,주인공,…………,,
dom2Hotaru_X04.mes,Script/dom2Hotaru_X04.mes,110,31,Shizuku,理屈で考えないで、<6E5C>お互いの気持ちを大事にしてね?<6E5C><이름:3131>くん,,
dom2Hotaru_X04.mes,Script/dom2Hotaru_X04.mes,111,12,주인공,巳沢さん……ありがとう,,
dom2Hotaru_X04.mes,Script/dom2Hotaru_X04.mes,112,32,주인공,そうだけど、でも……きっと本物の<6E5C>家族には、たちうちできないよ,,
dom2Hotaru_X04.mes,Script/dom2Hotaru_X04.mes,113,23,Shizuku,血のつながった家族って、<6E5C>そんなにえらいの?,,
dom2Hotaru_X04.mes,Script/dom2Hotaru_X04.mes,114,8,주인공,えらいって……,,
dom2Hotaru_X04.mes,Script/dom2Hotaru_X04.mes,115,33,Shizuku,じゃあ私は、血縁の人を見つける<6E5C>まで、家族は得られないってこと?,,
dom2Hotaru_X04.mes,Script/dom2Hotaru_X04.mes,116,11,주인공,そういう意味じゃ……,,
dom2Hotaru_X04.mes,Script/dom2Hotaru_X04.mes,117,35,Shizuku,頭でっかちにならないで、<6E5C>もっとお互いのことを考えようよ、<6E5C><이름:3131>くん,,
dom2Hotaru_X04.mes,Script/dom2Hotaru_X04.mes,118,5,주인공,……うん,,
dom2Hotaru_X04.mes,Script/dom2Hotaru_X04.mes,119,5,[효과음/내레이션],ガチャッ,,
dom2Hotaru_X04.mes,Script/dom2Hotaru_X04.mes,120,16,주인공,……やっぱりほたるはいない、か,,
dom2Hotaru_X04.mes,Script/dom2Hotaru_X04.mes,121,38,주인공,本当に実の兄のとこに行ったんだな<6E5C>.……当然か.<6E5C>あんな言い方したんだから,,
dom2Hotaru_X04.mes,Script/dom2Hotaru_X04.mes,122,8,UNKNOWN_3e,キュゥ、キュゥ,,
dom2Hotaru_X04.mes,Script/dom2Hotaru_X04.mes,123,7,주인공,イトカツ……,,
dom2Hotaru_X04.mes,Script/dom2Hotaru_X04.mes,124,28,주인공,なんだ、おまえ出しておいたエサを<6E5C>食べてないじゃないか,,
dom2Hotaru_X04.mes,Script/dom2Hotaru_X04.mes,125,5,UNKNOWN_3e,キュゥ!,,
dom2Hotaru_X04.mes,Script/dom2Hotaru_X04.mes,126,17,주인공,いつもほたるがあげてたからな……,,
dom2Hotaru_X04.mes,Script/dom2Hotaru_X04.mes,127,16,주인공,頼むから、ちゃんと食べてくれよ,,
dom2Hotaru_X04.mes,Script/dom2Hotaru_X04.mes,128,6,UNKNOWN_3e,キュゥッ!,,
dom2Hotaru_X04.mes,Script/dom2Hotaru_X04.mes,129,5,주인공,……もう,,
dom2Hotaru_X04.mes,Script/dom2Hotaru_X04.mes,130,7,[선택지],ほっとくしかる,,
dom2Hotaru_X04.mes,Script/dom2Hotaru_X04.mes,131,34,주인공,もう……知らないよ!<6E5C>僕だってつらいんだ.<6E5C>おまえだけじゃないよっ,,
dom2Hotaru_X04.mes,Script/dom2Hotaru_X04.mes,132,5,UNKNOWN_3e,キュゥッ,,
dom2Hotaru_X04.mes,Script/dom2Hotaru_X04.mes,133,5,[효과음/내레이션],バタンッ,,
dom2Hotaru_X04.mes,Script/dom2Hotaru_X04.mes,134,9,주인공,……僕、最低だな,,
dom2Hotaru_X04.mes,Script/dom2Hotaru_X04.mes,135,25,주인공,ちゃんと食べろよ!<6E5C>もうほたるはいないんだから!,,
dom2Hotaru_X04.mes,Script/dom2Hotaru_X04.mes,136,7,UNKNOWN_3e,キュゥッ……,,
dom2Hotaru_X04.mes,Script/dom2Hotaru_X04.mes,137,6,주인공,……ごめん,,
dom2Hotaru_X04.mes,Script/dom2Hotaru_X04.mes,138,52,주인공,ひとりでさみしかったんだな.<6E5C>ごめんよ<485C>明日、ほたるの元に届けて<6E5C>もらうから、<6E5C>今は我慢してくれよ……,,
dom2Hotaru_X04.mes,Script/dom2Hotaru_X04.mes,139,5,UNKNOWN_3e,キュゥー,,
dom2Hotaru_X04.mes,Script/dom2Hotaru_X04.mes,140,25,주인공,もう、この部屋には戻って<6E5C>こないんだよ、ほたるは,,
dom2Hotaru_X04.mes,Script/dom2Hotaru_X04.mes,141,35,주인공,きっと、こんな僕なんかより、<6E5C>本当のお兄さんの方が<6E5C>やさしいから……,,
dom2Hotaru_X04.mes,Script/dom2Hotaru_X04.mes,142,7,UNKNOWN_3e,キュゥ……?,,
dom2Hotaru_X04.mes,Script/dom2Hotaru_X04.mes,143,6,주인공,ほたる……,,
dom2Hotaru_X05.mes,Script/dom2Hotaru_X05.mes,0,10,UNKNOWN_1e,キュゥッ!キュゥ~,,
dom2Hotaru_X05.mes,Script/dom2Hotaru_X05.mes,1,15,주인공,……ああ、おはよう、イトカツ,,
dom2Hotaru_X05.mes,Script/dom2Hotaru_X05.mes,2,30,주인공,……あ、ちゃんと昨日のエサ、<6E5C>食べてくれたんだな.よかった,,
dom2Hotaru_X05.mes,Script/dom2Hotaru_X05.mes,3,6,UNKNOWN_3e,キュゥーッ,,
dom2Hotaru_X05.mes,Script/dom2Hotaru_X05.mes,4,10,주인공,僕も朝ごはんを……,,
dom2Hotaru_X05.mes,Script/dom2Hotaru_X05.mes,5,27,주인공,あ、そうか.ほたるがいないから<6E5C>自分で用意しないとな,,
dom2Hotaru_X05.mes,Script/dom2Hotaru_X05.mes,6,5,UNKNOWN_3e,キュゥッ,,
dom2Hotaru_X05.mes,Script/dom2Hotaru_X05.mes,7,28,주인공,みっともないな、毎朝ほたるに<6E5C>作ってもらっていたなんて,,
dom2Hotaru_X05.mes,Script/dom2Hotaru_X05.mes,8,34,주인공,ほたるが来るまでは自分で<6E5C>やってたんだから、<6E5C>それぐらいしないとね,,
dom2Hotaru_X05.mes,Script/dom2Hotaru_X05.mes,9,5,UNKNOWN_3e,キュゥ!,,
dom2Hotaru_X05.mes,Script/dom2Hotaru_X05.mes,10,32,주인공,……そうだよ.ほたるとふたりで<6E5C>募らしてたのは、ほんの4ヶ月だ,,
dom2Hotaru_X05.mes,Script/dom2Hotaru_X05.mes,11,39,주인공,それまでの2年間はひとりで<6E5C>募らしてたんだ.<6E5C>これぐらいでさみしいなんて……,,
dom2Hotaru_X05.mes,Script/dom2Hotaru_X05.mes,12,7,UNKNOWN_3e,……キュゥ?,,
dom2Hotaru_X05.mes,Script/dom2Hotaru_X05.mes,13,5,주인공,…………,,
dom2Hotaru_X05.mes,Script/dom2Hotaru_X05.mes,14,14,[효과음/내레이션],ドンドンッ<020A>ドンドンドンッ,,
dom2Hotaru_X05.mes,Script/dom2Hotaru_X05.mes,15,30,주인공,わぁっ、誰だぁ?インターホンを<6E5C>押さずにドアを叩いてるのは,,
dom2Hotaru_X05.mes,Script/dom2Hotaru_X05.mes,16,5,[효과음/내레이션],ガチャッ,,
dom2Hotaru_X05.mes,Script/dom2Hotaru_X05.mes,17,17,Kisarah,ちょっと、どーゆーコトなのよッ!,,
dom2Hotaru_X05.mes,Script/dom2Hotaru_X05.mes,18,7,주인공,キ、キサラ?,,
dom2Hotaru_X05.mes,Script/dom2Hotaru_X05.mes,19,37,Kisarah,<이름:3232>クンがそんなヒトだなんて<6E5C>思わなかった!サイテー!<6E5C>信じらんナイッ!,,
dom2Hotaru_X05.mes,Script/dom2Hotaru_X05.mes,20,23,주인공,な、なんなんだよいきなり.<6E5C>どーゆー意味だよ,,
dom2Hotaru_X05.mes,Script/dom2Hotaru_X05.mes,21,47,Kisarah,どーゆー意味もこーしたもナイわヨ<6E5C>!ほたるにあんなヒドイこと言う<6E5C>なんてどーゆーつもりよォ!,,
dom2Hotaru_X05.mes,Script/dom2Hotaru_X05.mes,22,17,주인공,え……なんでキサラが知ってるんだ,,
dom2Hotaru_X05.mes,Script/dom2Hotaru_X05.mes,23,44,Kisarah,本人に閉いたからに決まってる<6E5C>でしょ!ほたる、昨日泣きながら<6E5C>ボクの部屋に来たんだよ?,,
dom2Hotaru_X05.mes,Script/dom2Hotaru_X05.mes,24,11,주인공,え!キサラの部屋に?,,
dom2Hotaru_X05.mes,Script/dom2Hotaru_X05.mes,25,28,Kisarah,一緒に来ようと思ったんだけど、<6E5C>どうしても帰れないって,,
dom2Hotaru_X05.mes,Script/dom2Hotaru_X05.mes,26,19,Kisarah,出て行けなんて……なんで言ったの<6E5C>?,,
dom2Hotaru_X05.mes,Script/dom2Hotaru_X05.mes,27,33,주인공,だって……実の兄が見つかったのな<6E5C>ら、僕なんて必要ないじゃないか,,
dom2Hotaru_X05.mes,Script/dom2Hotaru_X05.mes,28,25,주인공,本物の家族と募らすのが一番だと<6E5C>思って、僕は……,,
dom2Hotaru_X05.mes,Script/dom2Hotaru_X05.mes,29,19,Kisarah,<이름:3232>クン……それ本気で<6E5C>言ってるの?,,
dom2Hotaru_X05.mes,Script/dom2Hotaru_X05.mes,30,4,주인공,え……,,
dom2Hotaru_X05.mes,Script/dom2Hotaru_X05.mes,31,6,Kisarah,バカッ!!,,
dom2Hotaru_X05.mes,Script/dom2Hotaru_X05.mes,32,6,주인공,キサラ……,,
dom2Hotaru_X05.mes,Script/dom2Hotaru_X05.mes,33,61,Kisarah,ほたるのために身を退いたとでも<6E5C>言いたいの?<485C>自己満足もいーかげんにしなヨ!<6E5C>キミはそーやってほたるを<6E5C>見捨てたんだよ!,,
dom2Hotaru_X05.mes,Script/dom2Hotaru_X05.mes,34,11,주인공,見捨ててなんかない!,,
dom2Hotaru_X05.mes,Script/dom2Hotaru_X05.mes,35,49,Kisarah,ほたるは<이름:3232>クンの<6E5C>そばが一番なんだよ<485C>だから、再会したお兄さんにも<6E5C>それを伝えに行ったのに……,,
dom2Hotaru_X05.mes,Script/dom2Hotaru_X05.mes,36,5,주인공,…………,,
dom2Hotaru_X05.mes,Script/dom2Hotaru_X05.mes,37,5,주인공,……え?,,
dom2Hotaru_X05.mes,Script/dom2Hotaru_X05.mes,38,66,Kisarah,ほたるはずっと<이름:3232>クンと<6E5C>ふたりでいたかったんだよ<485C>だから<이름:3232>クンにも内緒に<6E5C>してたのに…….そんな気持ちも<6E5C>わからないなんて……,,
dom2Hotaru_X05.mes,Script/dom2Hotaru_X05.mes,39,25,주인공,ほ、ほんとなのかキサラ.<6E5C>ほたるがそう言って……,,
dom2Hotaru_X05.mes,Script/dom2Hotaru_X05.mes,40,44,Kisarah,そーだよ!そんなレディのハートも<6E5C>わからないなんて、このドンカン!<6E5C>バカ!ろくでなし!,,
dom2Hotaru_X05.mes,Script/dom2Hotaru_X05.mes,41,13,주인공,そこまで言わなくても……,,
dom2Hotaru_X05.mes,Script/dom2Hotaru_X05.mes,42,21,Kisarah,で、どーするのよ!<6E5C>答えは出てるでしょ!,,
dom2Hotaru_X05.mes,Script/dom2Hotaru_X05.mes,43,22,주인공,キサラ…….<6E5C>もうひとつ問題が残ってるんだ,,
dom2Hotaru_X05.mes,Script/dom2Hotaru_X05.mes,44,6,Kisarah,ナニよ!?,,
dom2Hotaru_X05.mes,Script/dom2Hotaru_X05.mes,45,9,주인공,僕はほたるを……,,
dom2Hotaru_X05.mes,Script/dom2Hotaru_X05.mes,46,23,[선택지],もう妹としてみれない実の兄以上に幸せにできない,,
dom2Hotaru_X05.mes,Script/dom2Hotaru_X05.mes,47,29,주인공,もう妹としてみれない.<6E5C>僕は男として、ほたるのことを……,,
dom2Hotaru_X05.mes,Script/dom2Hotaru_X05.mes,48,20,Kisarah,<이름:3232>クン……たしかにそれは<6E5C>大問題だね,,
dom2Hotaru_X05.mes,Script/dom2Hotaru_X05.mes,49,33,주인공,今も見えない.<6E5C>この気持ちは兄としてなのか、<6E5C>男としてなのか……,,
dom2Hotaru_X05.mes,Script/dom2Hotaru_X05.mes,50,21,Kisarah,でもそんなの、<6E5C>どっちでもいいじゃない!,,
dom2Hotaru_X05.mes,Script/dom2Hotaru_X05.mes,51,35,Kisarah,<이름:3232>クンなら、どんな結果に<6E5C>なってもほたるを大事に<6E5C>できるでしょう?,,
dom2Hotaru_X05.mes,Script/dom2Hotaru_X05.mes,52,26,주인공,ああ.どんなことがあっても<6E5C>ほたるを傷つけはしない,,
dom2Hotaru_X05.mes,Script/dom2Hotaru_X05.mes,53,33,Kisarah,どっちにしてもさ、会いたいんなら<6E5C>行ってきなよ!悩むのはその後!,,
dom2Hotaru_X05.mes,Script/dom2Hotaru_X05.mes,54,24,주인공,ありがとう、キサラ…….<6E5C>なんだか吹っ切れたよ,,
dom2Hotaru_X05.mes,Script/dom2Hotaru_X05.mes,55,27,Kisarah,まったく、ふたりともボクが<6E5C>いないとダメなんだからッ,,
dom2Hotaru_X05.mes,Script/dom2Hotaru_X05.mes,56,31,주인공,実の兄以上に幸せにする自信がない<6E5C>.かりそめの家族だから……,,
dom2Hotaru_X05.mes,Script/dom2Hotaru_X05.mes,57,33,Kisarah,まだ血のつながりにこだわるの!?<6E5C>ほたるはキミを選んだんだよ!?,,
dom2Hotaru_X05.mes,Script/dom2Hotaru_X05.mes,58,9,주인공,……そうだったね,,
dom2Hotaru_X05.mes,Script/dom2Hotaru_X05.mes,59,31,Kisarah,ほたるがいる生活といない生活、<6E5C><이름:3232>クンはどっちが幸せなの!,,
dom2Hotaru_X05.mes,Script/dom2Hotaru_X05.mes,60,13,주인공,……ほたるがいる、生活だ,,
dom2Hotaru_X05.mes,Script/dom2Hotaru_X05.mes,61,31,Kisarah,ふたりとも同じ答えを出したのに、<6E5C>迷う必要なんてナイでしょ?,,
dom2Hotaru_X05.mes,Script/dom2Hotaru_X05.mes,62,30,Kisarah,ボクは席を外してあげる.ふたりっ<6E5C>きりで、うまくやりなヨ?,,
dom2Hotaru_X05.mes,Script/dom2Hotaru_X05.mes,63,9,[효과음/내레이션],タッタッタッ……,,
dom2Hotaru_X05.mes,Script/dom2Hotaru_X05.mes,64,8,주인공,はぁ、はぁ……,,
dom2Hotaru_X05.mes,Script/dom2Hotaru_X05.mes,65,11,주인공,……ほたる、ごめんよ,,
dom2Hotaru_X05.mes,Script/dom2Hotaru_X05.mes,66,34,주인공,僕はなんて臆病だったんだ.<6E5C>あの頃から何も<6E5C>成長しちゃいない……!,,
dom2Hotaru_X05.mes,Script/dom2Hotaru_X05.mes,67,17,주인공,今行くから、待っていてくれ……!,,
dom2Hotaru_X05.mes,Script/dom2Hotaru_X05.mes,68,6,UNKNOWN_3e,キュゥッ!,,
dom2Hotaru_X05.mes,Script/dom2Hotaru_X05.mes,69,14,주인공,イトカツ、ついてきたのか!,,
dom2Hotaru_X05.mes,Script/dom2Hotaru_X05.mes,70,21,주인공,……よし、ふたりでほたるを<6E5C>説得するぞ!,,
dom2Hotaru_X05.mes,Script/dom2Hotaru_X05.mes,71,6,UNKNOWN_3e,キュゥッ!,,
dom2Hotaru_X05.mes,Script/dom2Hotaru_X05.mes,72,4,[효과음/내레이션],ドンッ,,
dom2Hotaru_X05.mes,Script/dom2Hotaru_X05.mes,73,19,주인공,あ、すいません.<6E5C>前を見てなくて……,,
dom2Hotaru_X05.mes,Script/dom2Hotaru_X05.mes,74,8,Iori,また貴様か……,,
dom2Hotaru_X05.mes,Script/dom2Hotaru_X05.mes,75,6,주인공,八神先輩!,,
dom2Hotaru_X05.mes,Script/dom2Hotaru_X05.mes,76,13,Iori,今日も俺に用か、<이름:3131><이름:3232>,,
dom2Hotaru_X05.mes,Script/dom2Hotaru_X05.mes,77,30,주인공,八神先輩……僕、やっと先輩の<6E5C>言ってた意味がわかりました!,,
dom2Hotaru_X05.mes,Script/dom2Hotaru_X05.mes,78,56,주인공,血なんて関係ないんですよね.<6E5C>己自身の意思と行動<485C>それだけあれば十分なんですよね.<6E5C>僕、わかってませんでした!,,
dom2Hotaru_X05.mes,Script/dom2Hotaru_X05.mes,79,13,Iori,なんだ?何の話をしている,,
dom2Hotaru_X05.mes,Script/dom2Hotaru_X05.mes,80,28,주인공,僕……八神先輩のことを、<6E5C>ただの恐い人だと思ってました,,
dom2Hotaru_X05.mes,Script/dom2Hotaru_X05.mes,81,36,주인공,でも、違ったんですね.<6E5C>誰よりも熱い、素晴らしい<6E5C>教師だったんですね!,,
dom2Hotaru_X05.mes,Script/dom2Hotaru_X05.mes,82,12,Iori,待て、話がさっぱり……,,
dom2Hotaru_X05.mes,Script/dom2Hotaru_X05.mes,83,27,주인공,ありがとうございました!<6E5C>僕、もう迷ったりしません!,,
dom2Hotaru_X05.mes,Script/dom2Hotaru_X05.mes,84,11,Iori,お、おい、貴様ッ……,,
dom2Hotaru_X05.mes,Script/dom2Hotaru_X05.mes,85,9,[효과음/내레이션],タッタッタッ……,,
dom2Hotaru_X05.mes,Script/dom2Hotaru_X05.mes,86,11,주인공,ほたる!ほたるーっ!,,
dom2Hotaru_X05.mes,Script/dom2Hotaru_X05.mes,87,7,UNKNOWN_3e,キュゥーッ!,,
dom2Hotaru_X05.mes,Script/dom2Hotaru_X05.mes,88,5,[효과음/내레이션],…………,,
dom2Hotaru_X05.mes,Script/dom2Hotaru_X05.mes,89,8,Hotaru,お兄ちゃん……,,
dom2Hotaru_X05.mes,Script/dom2Hotaru_X05.mes,90,6,주인공,ほたる……,,
dom2Hotaru_X05.mes,Script/dom2Hotaru_X05.mes,91,25,Hotaru,ごめんね、お兄ちゃんに内緒で<6E5C>会いに行ったりして,,
dom2Hotaru_X05.mes,Script/dom2Hotaru_X05.mes,92,40,Hotaru,でも、再会できたのは嬉しいけど、<6E5C><이름:3232>お兄ちゃんと<6E5C>離れたいなんて、ほたる……,,
dom2Hotaru_X05.mes,Script/dom2Hotaru_X05.mes,93,7,주인공,もう、いいよ,,
dom2Hotaru_X05.mes,Script/dom2Hotaru_X05.mes,94,4,[효과음/내레이션],ぎゅっ,,
dom2Hotaru_X05.mes,Script/dom2Hotaru_X05.mes,95,21,Hotaru,お、お兄ちゃん!<6E5C>人に見られちゃうよ……,,
dom2Hotaru_X05.mes,Script/dom2Hotaru_X05.mes,96,16,주인공,かまわない.誰に見られてもいい,,
dom2Hotaru_X05.mes,Script/dom2Hotaru_X05.mes,97,21,주인공,大事なほたるを抱きしめて、<6E5C>何が悪いんだ,,
dom2Hotaru_X05.mes,Script/dom2Hotaru_X05.mes,98,8,Hotaru,お兄ちゃん……,,
dom2Hotaru_X05.mes,Script/dom2Hotaru_X05.mes,99,8,주인공,強がってごめん,,
dom2Hotaru_X05.mes,Script/dom2Hotaru_X05.mes,100,24,주인공,今さらほたると離れて募らすなんて<6E5C>、できないよ,,
dom2Hotaru_X05.mes,Script/dom2Hotaru_X05.mes,101,21,주인공,僕にはほたるが必要なんだ.<6E5C>妹として……,,
dom2Hotaru_X05.mes,Script/dom2Hotaru_X05.mes,102,28,주인공,違う、そんなのどうでもいい.<6E5C>ただ、ほたるが必要なんだ,,
dom2Hotaru_X05.mes,Script/dom2Hotaru_X05.mes,103,15,Hotaru,お兄ちゃん……ほんとに……?,,
dom2Hotaru_X05.mes,Script/dom2Hotaru_X05.mes,104,22,주인공,実の兄は、そりゃかけがえのない<6E5C>肉親だろう,,
dom2Hotaru_X05.mes,Script/dom2Hotaru_X05.mes,105,27,주인공,でも、たとえ兄じゃなくなったって<6E5C>、僕はほたると……,,
dom2Hotaru_X05.mes,Script/dom2Hotaru_X05.mes,106,21,Hotaru,お兄ちゃん!<6E5C>ちょっと苦しいよ、離してっ,,
dom2Hotaru_X05.mes,Script/dom2Hotaru_X05.mes,107,8,주인공,あ、ごめん……,,
dom2Hotaru_X05.mes,Script/dom2Hotaru_X05.mes,108,30,Hotaru,もう……こうしないと、お兄ちゃん<6E5C>の顔がちゃんと見えないよ,,
dom2Hotaru_X05.mes,Script/dom2Hotaru_X05.mes,109,9,주인공,ほたる……ごめん,,
dom2Hotaru_X05.mes,Script/dom2Hotaru_X05.mes,110,13,Hotaru,……もう、謝ってばっかり,,
dom2Hotaru_X05.mes,Script/dom2Hotaru_X05.mes,111,43,Hotaru,『ごめん』じゃないでしょ?<6E5C>こういうときはどうするって、<6E5C>お兄ちゃんは教えてくれた?,,
dom2Hotaru_X05.mes,Script/dom2Hotaru_X05.mes,112,6,주인공,ほたる……,,
dom2Hotaru_X05.mes,Script/dom2Hotaru_X05.mes,113,6,[선택지],笑う礼を言う,,
dom2Hotaru_X05.mes,Script/dom2Hotaru_X05.mes,114,13,주인공,アハハ.笑うべき、かな?,,
dom2Hotaru_X05.mes,Script/dom2Hotaru_X05.mes,115,16,Hotaru,あはは!もう、お兄ちゃんってば,,
dom2Hotaru_X05.mes,Script/dom2Hotaru_X05.mes,116,15,주인공,ほたる……やっと笑ってくれた,,
dom2Hotaru_X05.mes,Script/dom2Hotaru_X05.mes,117,30,Hotaru,お兄ちゃん……お兄ちゃんに会えて<6E5C>、ほんとうに良かった……,,
dom2Hotaru_X05.mes,Script/dom2Hotaru_X05.mes,118,7,Hotaru,ね?イトカツ,,
dom2Hotaru_X05.mes,Script/dom2Hotaru_X05.mes,119,6,UNKNOWN_3e,キュゥッ!,,
dom2Hotaru_X05.mes,Script/dom2Hotaru_X05.mes,120,20,UNKNOWN_29,<0134><0000><0000><0000><0000><0000><0024><0016><0002>ありがとう……だろ?,,
dom2Hotaru_X05.mes,Script/dom2Hotaru_X05.mes,121,8,Hotaru,お兄ちゃん……,,
dom2Hotaru_X05.mes,Script/dom2Hotaru_X05.mes,122,53,주인공,ほたる……ありがとう.<6E5C>ほたるがいてくれて……本当に<6E5C>感謝してる<485C>ほたるがいれば、<6E5C>もうなにもいらないよ,,
dom2Hotaru_X05.mes,Script/dom2Hotaru_X05.mes,123,9,Hotaru,……ほたるもだよ,,
dom2Hotaru_X05.mes,Script/dom2Hotaru_X05.mes,124,22,Hotaru,お兄ちゃんを求めても、<6E5C>いいんだよね……?,,
dom2Hotaru_ending1.mes,Script/dom2Hotaru_ending1.mes,0,26,Hotaru,ほたる……また、お兄ちゃんの<6E5C>部屋に行っていいの?,,
dom2Hotaru_ending1.mes,Script/dom2Hotaru_ending1.mes,1,30,주인공,あたりまえだろ.<6E5C>ほたるがいない生活なんて、<6E5C>ありえないよ,,
dom2Hotaru_ending1.mes,Script/dom2Hotaru_ending1.mes,2,14,Hotaru,でもね、でもね、ほたる……,,
dom2Hotaru_ending1.mes,Script/dom2Hotaru_ending1.mes,3,5,주인공,なんだ?,,
dom2Hotaru_ending1.mes,Script/dom2Hotaru_ending1.mes,4,14,Hotaru,お兄ちゃんのこと、もう……,,
dom2Hotaru_ending1.mes,Script/dom2Hotaru_ending1.mes,5,12,주인공,き、嫌いになったのか?,,
dom2Hotaru_ending1.mes,Script/dom2Hotaru_ending1.mes,6,6,Hotaru,違うよぉ!,,
dom2Hotaru_ending1.mes,Script/dom2Hotaru_ending1.mes,7,31,Hotaru,お兄ちゃんのこと……ひとりの<6E5C>男の人として、見ちゃうかも……,,
dom2Hotaru_ending1.mes,Script/dom2Hotaru_ending1.mes,8,3,주인공,え?,,
dom2Hotaru_ending1.mes,Script/dom2Hotaru_ending1.mes,9,36,Hotaru,だってもうお兄ちゃんは、<6E5C>ほたるにとってお兄ちゃん以上の<6E5C>存在だよ……,,
dom2Hotaru_ending1.mes,Script/dom2Hotaru_ending1.mes,10,10,주인공,ほたる……僕もだよ,,
dom2Hotaru_ending1.mes,Script/dom2Hotaru_ending1.mes,11,8,Hotaru,お兄ちゃん……,,
dom2Hotaru_ending1.mes,Script/dom2Hotaru_ending1.mes,12,38,주인공,……ハハ、これからどういう顔して<6E5C>募らしたらいいんだろうな.<6E5C>恥ずかしいや,,
dom2Hotaru_ending1.mes,Script/dom2Hotaru_ending1.mes,13,36,Hotaru,お兄ちゃんがそんなこと言ったら、<6E5C>ほたるまで恥ずかしく<6E5C>なっちゃうよ!,,
dom2Hotaru_ending1.mes,Script/dom2Hotaru_ending1.mes,14,6,주인공,だ、だって,,
dom2Hotaru_ending1.mes,Script/dom2Hotaru_ending1.mes,15,5,UNKNOWN_3e,キュゥ!,,
dom2Hotaru_ending1.mes,Script/dom2Hotaru_ending1.mes,16,9,Hotaru,あっ、イトカツ!,,
dom2Hotaru_ending1.mes,Script/dom2Hotaru_ending1.mes,17,27,주인공,おまえ、僕がほたるを取っちゃった<6E5C>からって噛むなよ!,,
dom2Hotaru_ending1.mes,Script/dom2Hotaru_ending1.mes,18,5,UNKNOWN_3e,キュゥ~,,
dom2Hotaru_ending1.mes,Script/dom2Hotaru_ending1.mes,19,5,[효과음/내레이션],ペロペロ,,
dom2Hotaru_ending1.mes,Script/dom2Hotaru_ending1.mes,20,10,Hotaru,あ、イトカツが……,,
dom2Hotaru_ending1.mes,Script/dom2Hotaru_ending1.mes,21,7,주인공,イトカツ……,,
dom2Hotaru_ending1.mes,Script/dom2Hotaru_ending1.mes,22,26,Hotaru,あはは!<6E5C>お兄ちゃんのほっぺたなめてる!<6E5C>あはは!,,
dom2Hotaru_ending1.mes,Script/dom2Hotaru_ending1.mes,23,25,주인공,おまえ、いままでぜんぜん<6E5C>なつかなかったのに……,,
dom2Hotaru_ending1.mes,Script/dom2Hotaru_ending1.mes,24,21,Hotaru,お兄ちゃんのこと、<6E5C>認めてくれたのかな?,,
dom2Hotaru_ending1.mes,Script/dom2Hotaru_ending1.mes,25,11,주인공,イトカツ、ほたる……,,
dom2Hotaru_ending1.mes,Script/dom2Hotaru_ending1.mes,26,20,Hotaru,……早く帰ろう?<6E5C>わたしたちの部屋に!,,
dom2Hotaru_ending1.mes,Script/dom2Hotaru_ending1.mes,27,4,주인공,ああ!,,
dom2Hotaru_ending1.mes,Script/dom2Hotaru_ending1.mes,28,6,UNKNOWN_3e,キュゥッ!,,
dom2Hotaru_ending1.mes,Script/dom2Hotaru_ending1.mes,29,23,주인공,……でもほたる、<6E5C>本当のお兄さんはいいのか?,,
dom2Hotaru_ending1.mes,Script/dom2Hotaru_ending1.mes,30,33,Hotaru,うん.お兄ちゃんにはお兄ちゃんの<6E5C>生活があるし、目的があるみたい,,
dom2Hotaru_ending1.mes,Script/dom2Hotaru_ending1.mes,31,47,Hotaru,ほたるは会えただけで嬉しかったし<6E5C>、また会ってくれるって約束して<6E5C>くれた.それだけで十分だよ,,
dom2Hotaru_ending1.mes,Script/dom2Hotaru_ending1.mes,32,28,Hotaru,ほたるは、<이름:3232>お兄ちゃんのそばを<6E5C>離れられないもん……,,
dom2Hotaru_ending1.mes,Script/dom2Hotaru_ending1.mes,33,34,주인공,……じゃあ、そのお兄さんの分も、<6E5C>僕がほたるをしっかり守らないとね,,
dom2Hotaru_ending1.mes,Script/dom2Hotaru_ending1.mes,34,10,주인공,家でも学校でも、ね,,
dom2Hotaru_ending1.mes,Script/dom2Hotaru_ending1.mes,35,11,Hotaru,え?学校でもって……,,
dom2Hotaru_ending1.mes,Script/dom2Hotaru_ending1.mes,36,10,UNKNOWN_8c,そして2年後……>,,
dom2Hotaru_ending1.mes,Script/dom2Hotaru_ending1.mes,37,26,주인공,……えー、ここはテストに出るから<6E5C>覚えておくように,,
dom2Hotaru_ending1.mes,Script/dom2Hotaru_ending1.mes,38,8,주인공,次の問題は……,,
dom2Hotaru_ending1.mes,Script/dom2Hotaru_ending1.mes,39,11,Hotaru,(……お兄ちゃんっ),,
dom2Hotaru_ending1.mes,Script/dom2Hotaru_ending1.mes,40,21,주인공,(……ほたる!ダメだろ、<6E5C>授業中に……),,
dom2Hotaru_ending1.mes,Script/dom2Hotaru_ending1.mes,41,31,Hotaru,(ふふっ、じゃあ、お兄ちゃんが<6E5C>手を離したらいいじゃない!),,
dom2Hotaru_ending1.mes,Script/dom2Hotaru_ending1.mes,42,7,주인공,(……もう),,
dom2Hotaru_ending1.mes,Script/dom2Hotaru_ending1.mes,43,24,Hotaru,(教師をしてるお兄ちゃんも、<6E5C>かっこいいよ?),,
dom2Hotaru_ending1.mes,Script/dom2Hotaru_ending1.mes,44,30,Hotaru,(ほたるは、ずっとずっと<6E5C>お兄ちゃんといっしょだからね?),,
dom2Hotaru_ending1.mes,Script/dom2Hotaru_ending1.mes,45,24,Hotaru,(成長するほたるを、<6E5C>ちゃんと見ててよ……?),,
dom2Hotaru_ending1.mes,Script/dom2Hotaru_ending1.mes,46,66,UNKNOWN_0d,Z<0001><001E><0000><0000><0000><0000><0000><0011><0006><0000><0000><0000><0000><0006><000A><0003><0000><0000><0001><0018><0002><0000><0001><0000><0000><000D><0000><0000><0000><0000><0000><000E><0001><FFFF><0000><0000><0000><0000><003C><0030><0037>すごい、シナリオをぜんぶ<6E5C>読んでくれたんだね!,,
dom2Hotaru_ending1.mes,Script/dom2Hotaru_ending1.mes,47,35,Shizuku,これは私たちからのささやかな<6E5C>プレゼントです.<6E5C>受け取ってください!,,
dom2Hotaru_ending1.mes,Script/dom2Hotaru_ending1.mes,48,12,UNKNOWN_66,おめでとうございます!,,
dom2Hotaru_ending1.mes,Script/dom2Hotaru_ending1.mes,49,20,UNKNOWN_66,私たちを見つけてくれて、<6E5C>ありがとう!,,
dom2Hotaru_ending2.mes,Script/dom2Hotaru_ending2.mes,0,36,Hotaru,お兄ちゃん、ありがとう.<6E5C>お兄ちゃんが来てくれるの、<6E5C>ほたる待ってたよ,,
dom2Hotaru_ending2.mes,Script/dom2Hotaru_ending2.mes,1,6,주인공,ほたる……,,
dom2Hotaru_ending2.mes,Script/dom2Hotaru_ending2.mes,2,24,주인공,もう泣かせないよ.<6E5C>さあ、早くあの部屋に戻ろう,,
dom2Hotaru_ending2.mes,Script/dom2Hotaru_ending2.mes,3,14,Hotaru,でもね、でもね、ほたる……,,
dom2Hotaru_ending2.mes,Script/dom2Hotaru_ending2.mes,4,5,주인공,なんだ?,,
dom2Hotaru_ending2.mes,Script/dom2Hotaru_ending2.mes,5,15,Hotaru,ほたる、ひとり募らしをするよ,,
dom2Hotaru_ending2.mes,Script/dom2Hotaru_ending2.mes,6,3,주인공,え?,,
dom2Hotaru_ending2.mes,Script/dom2Hotaru_ending2.mes,7,31,Hotaru,ほたる、もうお兄ちゃんに甘えたら<6E5C>ダメだなって、わかったんだ,,
dom2Hotaru_ending2.mes,Script/dom2Hotaru_ending2.mes,8,45,Hotaru,6年ぶりに会えたお兄ちゃんを見て<6E5C>、ほたるもひとりで生きていかない<6E5C>とダメだって思ったの,,
dom2Hotaru_ending2.mes,Script/dom2Hotaru_ending2.mes,9,10,주인공,なんで、そんなこと,,
dom2Hotaru_ending2.mes,Script/dom2Hotaru_ending2.mes,10,65,Hotaru,今のままじゃ、ずっとほたるは<6E5C><이름:3232>お兄ちゃんの妹のままだよ<485C>それじゃ大人になれないよね?<6E5C>ほたるは一人前の女の人に<6E5C>なりたいんだ,,
dom2Hotaru_ending2.mes,Script/dom2Hotaru_ending2.mes,11,6,주인공,ほたる……,,
dom2Hotaru_ending2.mes,Script/dom2Hotaru_ending2.mes,12,20,UNKNOWN_1e,アハハッ!<6E5C>ほたるの方が1枚上手だネ~,,
dom2Hotaru_ending2.mes,Script/dom2Hotaru_ending2.mes,13,8,Hotaru,キサラちゃん!,,
dom2Hotaru_ending2.mes,Script/dom2Hotaru_ending2.mes,14,15,주인공,キサラ、おまえ、席を外すって,,
dom2Hotaru_ending2.mes,Script/dom2Hotaru_ending2.mes,15,29,Kisarah,こんな気になるやり取り、<6E5C>ボクが見逃すワケないでしょ~?,,
dom2Hotaru_ending2.mes,Script/dom2Hotaru_ending2.mes,16,15,Kisarah,しっかり見せてもらったわヨ!,,
dom2Hotaru_ending2.mes,Script/dom2Hotaru_ending2.mes,17,7,주인공,きたない……,,
dom2Hotaru_ending2.mes,Script/dom2Hotaru_ending2.mes,18,26,Kisarah,そんなコトより、ほたるの成長っ<6E5C>ぷりは見直したネ!,,
dom2Hotaru_ending2.mes,Script/dom2Hotaru_ending2.mes,19,20,Kisarah,<이름:3232>クンより、<6E5C>ぜんぜんオトナじゃん!,,
dom2Hotaru_ending2.mes,Script/dom2Hotaru_ending2.mes,20,40,Hotaru,そんな、ほたるはまだまだ子ども<6E5C>だってわかったから、<6E5C>大人にならないとって……,,
dom2Hotaru_ending2.mes,Script/dom2Hotaru_ending2.mes,21,25,Kisarah,エライよ!ボクは断然ほたるを<6E5C>応援しちゃうねッ!,,
dom2Hotaru_ending2.mes,Script/dom2Hotaru_ending2.mes,22,12,주인공,そんな、出て行くなんて,,
dom2Hotaru_ending2.mes,Script/dom2Hotaru_ending2.mes,23,5,UNKNOWN_3e,キュゥ!,,
dom2Hotaru_ending2.mes,Script/dom2Hotaru_ending2.mes,24,6,[효과음/내레이션],バリバリッ,,
dom2Hotaru_ending2.mes,Script/dom2Hotaru_ending2.mes,25,5,주인공,いてて!,,
dom2Hotaru_ending2.mes,Script/dom2Hotaru_ending2.mes,26,21,Kisarah,アハハ!<6E5C>イトカツにも怒られてるじゃん!,,
dom2Hotaru_ending2.mes,Script/dom2Hotaru_ending2.mes,27,23,주인공,わかったよ.さよなら…….<6E5C>さよなら、ほたる,,
dom2Hotaru_ending2.mes,Script/dom2Hotaru_ending2.mes,28,22,Hotaru,さよなら、お兄ちゃん……<6E5C>きっといつか……,,
dom2Hotaru_ending2.mes,Script/dom2Hotaru_ending2.mes,29,8,주인공,(……ほたる),,
dom2Hotaru_ending2.mes,Script/dom2Hotaru_ending2.mes,30,32,주인공,(いつの間にか、僕が思ってるより<6E5C>ずっと大人になってたんだな),,
dom2Hotaru_ending2.mes,Script/dom2Hotaru_ending2.mes,31,29,주인공,(僕もほたるを見習って、<6E5C>妹離れしないといけないな……),,
dom2Hotaru_ending2.mes,Script/dom2Hotaru_ending2.mes,32,12,[효과음/내레이션],♪カランコロンカラ~ン,,
dom2Hotaru_ending2.mes,Script/dom2Hotaru_ending2.mes,33,12,주인공,(今夜は、飲もう……),,
