file,rel_path,block,n_tokens,speaker,source,ai_draft,translation
dom2Shizuku_L01.mes,Script/dom2Shizuku_L01.mes,0,12,[효과음/내레이션],♪カランコロンカラ~ン,,
dom2Shizuku_L01.mes,Script/dom2Shizuku_L01.mes,1,31,[선택지],O<0002><0018><0002><0000><0001><0000><0000><000E><0006><FFFF><0000><0000><0000><0000><0028><001A><0037>いらっしゃいませ……あ!,,
dom2Shizuku_L01.mes,Script/dom2Shizuku_L01.mes,2,17,주인공,やあ、巳沢さん.約束通り、来たよ,,
dom2Shizuku_L01.mes,Script/dom2Shizuku_L01.mes,3,20,Shizuku,うれしいな……<6E5C>ほんとに来てくれたんだ,,
dom2Shizuku_L01.mes,Script/dom2Shizuku_L01.mes,4,10,주인공,そう言ったでしょ?,,
dom2Shizuku_L01.mes,Script/dom2Shizuku_L01.mes,5,16,Shizuku,ありがとう…….席、こっちだよ,,
dom2Shizuku_L01.mes,Script/dom2Shizuku_L01.mes,6,20,주인공,それってイリュージョンの<6E5C>制服だよね?,,
dom2Shizuku_L01.mes,Script/dom2Shizuku_L01.mes,7,8,Shizuku,うん.変かな?,,
dom2Shizuku_L01.mes,Script/dom2Shizuku_L01.mes,8,20,주인공,(あ、ネクタイが<6E5C>外れかかってる……),,
dom2Shizuku_L01.mes,Script/dom2Shizuku_L01.mes,9,19,[선택지],ネクタイ外れそうだよすごく似合ってるよ,,
dom2Shizuku_L01.mes,Script/dom2Shizuku_L01.mes,10,11,주인공,ネクタイ外れそうだよ,,
dom2Shizuku_L01.mes,Script/dom2Shizuku_L01.mes,11,7,Shizuku,あ、いけない,,
dom2Shizuku_L01.mes,Script/dom2Shizuku_L01.mes,12,19,주인공,まだ着なれていないせいだね、<6E5C>きっと,,
dom2Shizuku_L01.mes,Script/dom2Shizuku_L01.mes,13,13,Shizuku,そっか、ダメだなぁ私……,,
dom2Shizuku_L01.mes,Script/dom2Shizuku_L01.mes,14,24,주인공,え、いや、そんなことないよ、<6E5C>がんばってるよ!,,
dom2Shizuku_L01.mes,Script/dom2Shizuku_L01.mes,15,6,Shizuku,もういいよ,,
dom2Shizuku_L01.mes,Script/dom2Shizuku_L01.mes,16,23,주인공,(しまった……初日から<6E5C>落ち込ませちゃった),,
dom2Shizuku_L01.mes,Script/dom2Shizuku_L01.mes,17,30,UNKNOWN_29,A<0000><0000><0000><0000><0000><0038><002A><0002>そんなことない.<6E5C>すごくよく似合ってるよ,,
dom2Shizuku_L01.mes,Script/dom2Shizuku_L01.mes,18,10,Shizuku,ありがとう、<이름:3131>君,,
dom2Shizuku_L01.mes,Script/dom2Shizuku_L01.mes,19,11,주인공,仕事、大変じゃない?,,
dom2Shizuku_L01.mes,Script/dom2Shizuku_L01.mes,20,21,Shizuku,ほんと言うとね、<6E5C>ちょっと不安だったんだ,,
dom2Shizuku_L01.mes,Script/dom2Shizuku_L01.mes,21,24,Shizuku,でも……<이름:3131>君が来てくれて、<6E5C>吹っ飛んじゃった,,
dom2Shizuku_L01.mes,Script/dom2Shizuku_L01.mes,22,13,주인공,そ、そう?よ、よかったよ,,
dom2Shizuku_L01.mes,Script/dom2Shizuku_L01.mes,23,11,Shizuku,ゆっくりしていってね,,
dom2Shizuku_L01.mes,Script/dom2Shizuku_L01.mes,24,29,주인공,うん、巳沢さんもがんばって……<6E5C>あ、ネクタイ外れそうだよ,,
dom2Shizuku_L01.mes,Script/dom2Shizuku_L01.mes,25,11,Shizuku,ほんとだ、ありがとう,,
dom2Shizuku_L01.mes,Script/dom2Shizuku_L01.mes,26,17,UNKNOWN_46,すいませーん、オーダーいいですか,,
dom2Shizuku_L01.mes,Script/dom2Shizuku_L01.mes,27,15,Shizuku,あ、はい!ただいま伺います!,,
dom2Shizuku_L01.mes,Script/dom2Shizuku_L01.mes,28,11,Shizuku,……ごめんね、<이름:3131>君,,
dom2Shizuku_L01.mes,Script/dom2Shizuku_L01.mes,29,26,주인공,(がんばってるな、巳沢さん.<6E5C>僕も見習わないとな),,
dom2Shizuku_L01.mes,Script/dom2Shizuku_L01.mes,30,17,주인공,やあ、巳沢さん.約束通り、来たよ,,
dom2Shizuku_L01.mes,Script/dom2Shizuku_L01.mes,31,12,Shizuku,いらっしゃいませ……あ,,
dom2Shizuku_L01.mes,Script/dom2Shizuku_L01.mes,32,23,Mature,こんばんは.<6E5C>あなた、ここでバイトしてるのね,,
dom2Shizuku_L01.mes,Script/dom2Shizuku_L01.mes,33,31,Shizuku,いらっしゃいませ.<6E5C>おふたり仲良く、<6E5C>デートのお帰りですか?,,
dom2Shizuku_L01.mes,Script/dom2Shizuku_L01.mes,34,11,주인공,あ、いや、これは……,,
dom2Shizuku_L01.mes,Script/dom2Shizuku_L01.mes,35,20,Mature,何をうろたえてるの?<6E5C>本当に可愛い子ね,,
dom2Shizuku_L01.mes,Script/dom2Shizuku_L01.mes,36,22,주인공,わあっ!<6E5C>いきなり腕を組まないでください!,,
dom2Shizuku_L01.mes,Script/dom2Shizuku_L01.mes,37,16,Mature,チェリーブロッサムをちょうだい,,
dom2Shizuku_L01.mes,Script/dom2Shizuku_L01.mes,38,23,Shizuku,かしこまりました.<6E5C><이름:3131>くんは水道水でいい?,,
dom2Shizuku_L01.mes,Script/dom2Shizuku_L01.mes,39,21,주인공,ハ、ハハ.<6E5C>冗談きついなぁ、巳沢さん……,,
dom2Shizuku_L02.mes,Script/dom2Shizuku_L02.mes,0,23,주인공,おい、ほたる.<6E5C>いつまでパジャマでいるんだよ,,
dom2Shizuku_L02.mes,Script/dom2Shizuku_L02.mes,1,15,주인공,日曜だからって、だらしないぞ,,
dom2Shizuku_L02.mes,Script/dom2Shizuku_L02.mes,2,22,Hotaru,いいでしょ、<6E5C>どこにも行く予定ないんだから,,
dom2Shizuku_L02.mes,Script/dom2Shizuku_L02.mes,3,20,Hotaru,それとも、<6E5C>どこか連れてってくれるの?,,
dom2Shizuku_L02.mes,Script/dom2Shizuku_L02.mes,4,7,[효과음/내레이션],♪ピンポーン,,
dom2Shizuku_L02.mes,Script/dom2Shizuku_L02.mes,5,4,Hotaru,はーい,,
dom2Shizuku_L02.mes,Script/dom2Shizuku_L02.mes,6,4,[효과음/내레이션],ガチャ,,
dom2Shizuku_L02.mes,Script/dom2Shizuku_L02.mes,7,16,Hotaru,あ……お兄ちゃん、お客さんだよ,,
dom2Shizuku_L02.mes,Script/dom2Shizuku_L02.mes,8,14,주인공,み、巳沢さん.どうしたの?,,
dom2Shizuku_L02.mes,Script/dom2Shizuku_L02.mes,9,28,Shizuku,うん、お天気もいいし、<6E5C>海にでも行かないかな、と思って,,
dom2Shizuku_L02.mes,Script/dom2Shizuku_L02.mes,10,15,주인공,いいね、海.みんなで行こうか,,
dom2Shizuku_L02.mes,Script/dom2Shizuku_L02.mes,11,30,Shizuku,みんな、で?あ、そうだね.<6E5C>ほたるちゃんもいっしょに行こ?,,
dom2Shizuku_L02.mes,Script/dom2Shizuku_L02.mes,12,22,Hotaru,……ううん.<6E5C>お兄ちゃん、行ってきていいよ,,
dom2Shizuku_L02.mes,Script/dom2Shizuku_L02.mes,13,20,Hotaru,ほたるはイトカツと<6E5C>お留守番しとくから,,
dom2Shizuku_L02.mes,Script/dom2Shizuku_L02.mes,14,24,주인공,そ、そうか?<6E5C>じゃあ戸締りはしっかりするんだぞ,,
dom2Shizuku_L02.mes,Script/dom2Shizuku_L02.mes,15,3,Hotaru,うん,,
dom2Shizuku_L02.mes,Script/dom2Shizuku_L02.mes,16,14,주인공,それじゃ行こうか、巳沢さん,,
dom2Shizuku_L02.mes,Script/dom2Shizuku_L02.mes,17,7,Shizuku,う、うん……,,
dom2Shizuku_L02_2.mes,Script/dom2Shizuku_L02_2.mes,0,28,주인공,(巳沢さんと海に行くなんて、<6E5C>考えもしなかったな……),,
dom2Shizuku_L02_2.mes,Script/dom2Shizuku_L02_2.mes,1,14,주인공,(この夏は……ツイてる!),,
dom2Shizuku_L02_2.mes,Script/dom2Shizuku_L02_2.mes,2,24,Shizuku,ほたるちゃん、<6E5C>ひとりで残してきてよかったの?,,
dom2Shizuku_L02_2.mes,Script/dom2Shizuku_L02_2.mes,3,3,주인공,え?,,
dom2Shizuku_L02_2.mes,Script/dom2Shizuku_L02_2.mes,4,30,Shizuku,なんだか、寂しそうだったから……<6E5C>.悪いことしちゃったかな,,
dom2Shizuku_L02_2.mes,Script/dom2Shizuku_L02_2.mes,5,17,[선택지],だいじょうぶだようん、そうだね……,,
dom2Shizuku_L02_2.mes,Script/dom2Shizuku_L02_2.mes,6,25,주인공,だいじょうぶだよ、<6E5C>ほたるももう高校生なんだから,,
dom2Shizuku_L02_2.mes,Script/dom2Shizuku_L02_2.mes,7,6,주인공,それに……,,
dom2Shizuku_L02_2.mes,Script/dom2Shizuku_L02_2.mes,8,5,Shizuku,それに?,,
dom2Shizuku_L02_2.mes,Script/dom2Shizuku_L02_2.mes,9,23,주인공,み、巳沢さんと、<6E5C>ふたりで来たかったから……,,
dom2Shizuku_L02_2.mes,Script/dom2Shizuku_L02_2.mes,10,8,Shizuku,あ、ありがとう,,
dom2Shizuku_L02_2.mes,Script/dom2Shizuku_L02_2.mes,11,5,주인공,……いえ,,
dom2Shizuku_L02_2.mes,Script/dom2Shizuku_L02_2.mes,12,3,Shizuku,……,,
dom2Shizuku_L02_2.mes,Script/dom2Shizuku_L02_2.mes,13,3,주인공,……,,
dom2Shizuku_L02_2.mes,Script/dom2Shizuku_L02_2.mes,14,14,Shizuku,<이름:3131>くんは、いい人……だね,,
dom2Shizuku_L02_2.mes,Script/dom2Shizuku_L02_2.mes,15,27,주인공,(いい人か……それって、<6E5C>どういう意味なんだろうな),,
dom2Shizuku_L02_2.mes,Script/dom2Shizuku_L02_2.mes,16,37,주인공,(その日はけっきょく、<6E5C>暗くなるまで巳沢さんと<6E5C>いっしょにいたんだ……),,
dom2Shizuku_L02_2.mes,Script/dom2Shizuku_L02_2.mes,17,22,주인공,うん、そうだね……<6E5C>悪いことしちゃったかな,,
dom2Shizuku_L02_2.mes,Script/dom2Shizuku_L02_2.mes,18,13,주인공,あいつ、寂しがり屋だから,,
dom2Shizuku_L02_2.mes,Script/dom2Shizuku_L02_2.mes,19,17,Shizuku,後で謝っておいてね、ごめんねって,,
dom2Shizuku_L02_2.mes,Script/dom2Shizuku_L02_2.mes,20,14,주인공,いいよ、巳沢さんは悪くない,,
dom2Shizuku_L02_2.mes,Script/dom2Shizuku_L02_2.mes,21,3,Shizuku,……,,
dom2Shizuku_L02_2.mes,Script/dom2Shizuku_L02_2.mes,22,14,주인공,ほら、それより、楽しもう!,,
dom2Shizuku_L02_2.mes,Script/dom2Shizuku_L02_2.mes,23,16,주인공,せっかくの青い海、白い砂浜だよ,,
dom2Shizuku_L02_2.mes,Script/dom2Shizuku_L02_2.mes,24,10,Shizuku,……うん、ありがと,,
dom2Shizuku_L02_2.mes,Script/dom2Shizuku_L02_2.mes,25,33,주인공,(ほたるも連れてきてやれば<6E5C>よかったかな……<6E5C>ごめんな、ほたる),,
dom2Shizuku_L02_2.mes,Script/dom2Shizuku_L02_2.mes,26,35,주인공,(その日はけっきょく、<6E5C>暗くなるまで巳沢さんと<6E5C>一緒にいたんだ……),,
dom2Shizuku_L03.mes,Script/dom2Shizuku_L03.mes,0,19,주인공,(まいったな……遅刻しちゃったよ<6E5C>),,
dom2Shizuku_L03.mes,Script/dom2Shizuku_L03.mes,1,26,UNKNOWN_1e,ゲーニッツ先生、<6E5C>それはおかしいんじゃないですか?,,
dom2Shizuku_L03.mes,Script/dom2Shizuku_L03.mes,2,17,UNKNOWN_1e,なにがおかしいのですか、巳沢さん,,
dom2Shizuku_L03.mes,Script/dom2Shizuku_L03.mes,3,36,Shizuku,レポートの課題にあったのは、<6E5C>この街の伝統文化を調べること<6E5C>ですよね?,,
dom2Shizuku_L03.mes,Script/dom2Shizuku_L03.mes,4,10,Goenitz,いかにも、そうです,,
dom2Shizuku_L03.mes,Script/dom2Shizuku_L03.mes,5,33,Shizuku,それなら、テーマを宗教に<6E5C>しぼるのはおかしいんじゃ<6E5C>ないですか?,,
dom2Shizuku_L03.mes,Script/dom2Shizuku_L03.mes,6,39,Goenitz,なぜです?人類が築き上げた<6E5C>文化の中で、もっとも崇高なる<6E5C>ものが宗教でしょう,,
dom2Shizuku_L03.mes,Script/dom2Shizuku_L03.mes,7,36,Goenitz,人の心を集め、支配し、<6E5C>世界を動かしてきたのは、<6E5C>宗教という求心力です,,
dom2Shizuku_L03.mes,Script/dom2Shizuku_L03.mes,8,44,Goenitz,それをメインテーマとして調べる<6E5C>ことと、伝統文化を調べることは、<6E5C>予盾することですか?,,
dom2Shizuku_L03.mes,Script/dom2Shizuku_L03.mes,9,45,Shizuku,文化とは、哲学、芸術、科学、宗教<6E5C>などの要素を営んだ、有形。無形の<6E5C>成果の総称のはずです,,
dom2Shizuku_L03.mes,Script/dom2Shizuku_L03.mes,10,54,Shizuku,それらの要素に、優劣はありません<6E5C><485C>宗教を崇高なものとして<6E5C>押し付けるのは、先生のエゴでは<6E5C>ないんですか?,,
dom2Shizuku_L03.mes,Script/dom2Shizuku_L03.mes,11,20,주인공,(な、なんか難しい話をしてる<6E5C>な……),,
dom2Shizuku_L03.mes,Script/dom2Shizuku_L03.mes,12,34,Goenitz,私のゼミで、私のエゴを通すことが<6E5C>それほど問題だとは思いませんが?,,
dom2Shizuku_L03.mes,Script/dom2Shizuku_L03.mes,13,17,Shizuku,このゼミは民俗学のゼミのはずです,,
dom2Shizuku_L03.mes,Script/dom2Shizuku_L03.mes,14,22,Shizuku,先生の個人的な思想を学ぶ場では<6E5C>ありません,,
dom2Shizuku_L03.mes,Script/dom2Shizuku_L03.mes,15,25,주인공,(み、巳沢さん、冷静な顔して、<6E5C>すごい迫力だな),,
dom2Shizuku_L03.mes,Script/dom2Shizuku_L03.mes,16,16,주인공,(とりあえず拍手をしておこう),,
dom2Shizuku_L03.mes,Script/dom2Shizuku_L03.mes,17,9,[효과음/내레이션],パチパチパチ……,,
dom2Shizuku_L03.mes,Script/dom2Shizuku_L03.mes,18,9,UNKNOWN_4a,いいぞ、巳沢―!,,
dom2Shizuku_L03.mes,Script/dom2Shizuku_L03.mes,19,11,UNKNOWN_4a,もっと言ってやれー!,,
dom2Shizuku_L03.mes,Script/dom2Shizuku_L03.mes,20,10,[효과음/내레이션],ワァー!<020A>ワァー!,,
dom2Shizuku_L03.mes,Script/dom2Shizuku_L03.mes,21,36,주인공,(お、おぉ、なんだかわからない<6E5C>けど、みんな巳沢さんを<6E5C>応援してるぞ),,
dom2Shizuku_L03.mes,Script/dom2Shizuku_L03.mes,22,34,Goenitz,困りましたねぇ.<6E5C>みなさんがそういうお気持ちなら、<6E5C>仕方ありません,,
dom2Shizuku_L03.mes,Script/dom2Shizuku_L03.mes,23,30,Goenitz,今回の課題のテーマは、伝統文化<6E5C>全般ということにしましょう,,
dom2Shizuku_L03.mes,Script/dom2Shizuku_L03.mes,24,19,Goenitz,巳沢さん、それでよろしいですかな<6E5C>?,,
dom2Shizuku_L03.mes,Script/dom2Shizuku_L03.mes,25,4,Shizuku,はい!,,
dom2Shizuku_L03.mes,Script/dom2Shizuku_L03.mes,26,22,주인공,(……巳沢さんと口論するのは<6E5C>やめとこう),,
dom2Shizuku_L04.mes,Script/dom2Shizuku_L04.mes,0,12,[효과음/내레이션],♪カランコロンカラ~ン,,
dom2Shizuku_L04.mes,Script/dom2Shizuku_L04.mes,1,14,UNKNOWN_1e,あぁ、<이름:3131>君、いらっしゃい,,
dom2Shizuku_L04.mes,Script/dom2Shizuku_L04.mes,2,13,주인공,え?あ……キングさん!?,,
dom2Shizuku_L04.mes,Script/dom2Shizuku_L04.mes,3,11,King,久しぶりだな、<이름:3131>君,,
dom2Shizuku_L04.mes,Script/dom2Shizuku_L04.mes,4,20,주인공,キングさん、<6E5C>いつ帰ってきたんですか?,,
dom2Shizuku_L04.mes,Script/dom2Shizuku_L04.mes,5,21,주인공,イギリスに買い出しに<6E5C>行ってたんじゃ……,,
dom2Shizuku_L04.mes,Script/dom2Shizuku_L04.mes,6,30,King,あぁ、ジャンとの旅行も兼ねてね.<6E5C>さっき帰ってきたところだ,,
dom2Shizuku_L04.mes,Script/dom2Shizuku_L04.mes,7,10,주인공,そうだったんですか,,
dom2Shizuku_L04.mes,Script/dom2Shizuku_L04.mes,8,39,King,そうだ.この間から、<6E5C>うちにアルバイトで入って<6E5C>くれている子を紹介しておくよ,,
dom2Shizuku_L04.mes,Script/dom2Shizuku_L04.mes,9,21,Shizuku,あの、新しくバイトで入った、<6E5C>巳沢雫です,,
dom2Shizuku_L04.mes,Script/dom2Shizuku_L04.mes,10,26,주인공,み、巳沢さん、今さらあらたまって<6E5C>なに言ってんの?,,
dom2Shizuku_L04.mes,Script/dom2Shizuku_L04.mes,11,11,Shizuku,よろしくね、お客さん,,
dom2Shizuku_L04.mes,Script/dom2Shizuku_L04.mes,12,11,주인공,はいはい、こちらこそ,,
dom2Shizuku_L04.mes,Script/dom2Shizuku_L04.mes,13,17,King,ハハハ、なんだか仲がよさそうだな,,
dom2Shizuku_L04.mes,Script/dom2Shizuku_L04.mes,14,12,King,<이름:3131>君も隅に置けないな,,
dom2Shizuku_L04.mes,Script/dom2Shizuku_L04.mes,15,29,Shizuku,そうですよ、ほんとに.<6E5C>女の子のお友だちいっぱいだもんね,,
dom2Shizuku_L04.mes,Script/dom2Shizuku_L04.mes,16,13,King,ほう、そりゃ賓沢な話だな,,
dom2Shizuku_L04.mes,Script/dom2Shizuku_L04.mes,17,33,주인공,み、巳沢さん、なに言ってんだよ.<6E5C>キングさんまでいっしょになって,,
dom2Shizuku_L04.mes,Script/dom2Shizuku_L04.mes,18,14,주인공,同じゼミの友だちなんです!,,
dom2Shizuku_L04.mes,Script/dom2Shizuku_L04.mes,19,30,King,ハハハ、すまない.1杯おごるから<6E5C>、ゆっくりしていってくれ,,
dom2Shizuku_L04.mes,Script/dom2Shizuku_L04.mes,20,16,주인공,キングさん帰ってきてよかったね,,
dom2Shizuku_L04.mes,Script/dom2Shizuku_L04.mes,21,29,Shizuku,うん.これからは私もカクテルの<6E5C>作り方を教えてもらうんだ,,
dom2Shizuku_L04.mes,Script/dom2Shizuku_L04.mes,22,8,주인공,へぇ、すごいね,,
dom2Shizuku_L04.mes,Script/dom2Shizuku_L04.mes,23,22,Shizuku,第一号のお客さんは、<6E5C><이름:3131>くんで決まりだね,,
dom2Shizuku_L04.mes,Script/dom2Shizuku_L04.mes,24,18,[선택지],それはちょっと……もちろん、喜んで!,,
dom2Shizuku_L04.mes,Script/dom2Shizuku_L04.mes,25,27,주인공,それはちょっと……僕が実験台に<6E5C>なるってことでしょ?,,
dom2Shizuku_L04.mes,Script/dom2Shizuku_L04.mes,26,12,Shizuku,ぼやかない、ぼやかない,,
dom2Shizuku_L04.mes,Script/dom2Shizuku_L04.mes,27,31,Shizuku,だいじょうぶ.ひとり募らしが長い<6E5C>から、お料理は得意なんだよ,,
dom2Shizuku_L04.mes,Script/dom2Shizuku_L04.mes,28,19,주인공,もちろん、喜んで!<6E5C>楽しみにしてるよ,,
dom2Shizuku_L04.mes,Script/dom2Shizuku_L04.mes,29,20,Shizuku,フッフッフ、<6E5C>実験台を手に入れちゃった,,
dom2Shizuku_L04.mes,Script/dom2Shizuku_L04.mes,30,12,주인공,え、僕で実験するの!?,,
dom2Shizuku_L04.mes,Script/dom2Shizuku_L04.mes,31,19,Shizuku,だいじょうぶ、バッチリ<6E5C>習っとくから,,
dom2Shizuku_L05.mes,Script/dom2Shizuku_L05.mes,0,9,주인공,ゴホッ!ゴホッ!,,
dom2Shizuku_L05.mes,Script/dom2Shizuku_L05.mes,1,55,주인공,(あれ?急に頭が<6E5C>ぼうっとして……)<485C>(ま、まいったな……夜の<6E5C>プールのせいで、<6E5C>風邪ひいちゃったみたいだ),,
dom2Shizuku_L05.mes,Script/dom2Shizuku_L05.mes,2,10,[선택지],家で養生する薬を買う,,
dom2Shizuku_L05.mes,Script/dom2Shizuku_L05.mes,3,22,주인공,(こんな日に限ってほたるは<6E5C>いないし……),,
dom2Shizuku_L05.mes,Script/dom2Shizuku_L05.mes,4,15,주인공,(うぅ……頭がクラクラする),,
dom2Shizuku_L05.mes,Script/dom2Shizuku_L05.mes,5,7,[효과음/내레이션],♪ピンポーン,,
dom2Shizuku_L05.mes,Script/dom2Shizuku_L05.mes,6,15,주인공,(だ、誰だ……こんなときに),,
dom2Shizuku_L05.mes,Script/dom2Shizuku_L05.mes,7,4,[효과음/내레이션],ガチャ,,
dom2Shizuku_L05.mes,Script/dom2Shizuku_L05.mes,8,9,주인공,み、巳沢さん……,,
dom2Shizuku_L05.mes,Script/dom2Shizuku_L05.mes,9,24,Shizuku,ど、どうしたの<이름:3131>くん、<6E5C>ひどい顔色じゃない!,,
dom2Shizuku_L05.mes,Script/dom2Shizuku_L05.mes,10,28,주인공,う、うん……ちょっと、<6E5C>風邪ひいちゃったみた、い……で,,
dom2Shizuku_L05.mes,Script/dom2Shizuku_L05.mes,11,4,[효과음/내레이션],ドサッ,,
dom2Shizuku_L05.mes,Script/dom2Shizuku_L05.mes,12,22,Shizuku,ちょ、ちょっと、<이름:3131>くん!<6E5C>しっかりして!,,
dom2Shizuku_L05.mes,Script/dom2Shizuku_L05.mes,13,3,[효과음/내레이션],……,,
dom2Shizuku_L05.mes,Script/dom2Shizuku_L05.mes,14,5,[효과음/내레이션],…………,,
dom2Shizuku_L05.mes,Script/dom2Shizuku_L05.mes,15,16,주인공,(……なんかいいにおいがする),,
dom2Shizuku_L05.mes,Script/dom2Shizuku_L05.mes,16,4,주인공,……ん,,
dom2Shizuku_L05.mes,Script/dom2Shizuku_L05.mes,17,9,Shizuku,あ、気がついた?,,
dom2Shizuku_L05.mes,Script/dom2Shizuku_L05.mes,18,15,주인공,巳沢さん?……なにしてるの?,,
dom2Shizuku_L05.mes,Script/dom2Shizuku_L05.mes,19,20,Shizuku,これはね、巳沢雫特製雑炊.<6E5C>元気出るよ,,
dom2Shizuku_L05.mes,Script/dom2Shizuku_L05.mes,20,10,주인공,いいにおいだね……,,
dom2Shizuku_L05.mes,Script/dom2Shizuku_L05.mes,21,22,주인공,なんか、そうしてると新婚さん<6E5C>みたいだ……,,
dom2Shizuku_L05.mes,Script/dom2Shizuku_L05.mes,22,15,Shizuku,な、なに言ってんの、もう……,,
dom2Shizuku_L05.mes,Script/dom2Shizuku_L05.mes,23,9,주인공,すごくきれいだね,,
dom2Shizuku_L05.mes,Script/dom2Shizuku_L05.mes,24,11,주인공,……本のさし絵みたい,,
dom2Shizuku_L05.mes,Script/dom2Shizuku_L05.mes,25,17,Shizuku,ね、熱がまだ下がってないみたいね,,
dom2Shizuku_L05.mes,Script/dom2Shizuku_L05.mes,26,19,Shizuku,ほら、まだ横になってないと<6E5C>ダメだよ,,
dom2Shizuku_L05.mes,Script/dom2Shizuku_L05.mes,27,10,주인공,ほんと……きれいだ,,
dom2Shizuku_L05.mes,Script/dom2Shizuku_L05.mes,28,4,[효과음/내레이션],ドサッ,,
dom2Shizuku_L05.mes,Script/dom2Shizuku_L05.mes,29,24,주인공,ちょうどあそこに薬局があるな……<6E5C>すいませーん,,
dom2Shizuku_L05.mes,Script/dom2Shizuku_L05.mes,30,20,UNKNOWN_2c,いらっしゃいませ.<6E5C>どういったご用件で,,
dom2Shizuku_L05.mes,Script/dom2Shizuku_L05.mes,31,13,주인공,風邪に効く薬を……ゴホッ,,
dom2Shizuku_L05.mes,Script/dom2Shizuku_L05.mes,32,14,UNKNOWN_2c,ではこの秘薬。竜丸をどうぞ,,
dom2Shizuku_L05.mes,Script/dom2Shizuku_L05.mes,33,20,주인공,あの、秘薬とかじゃなくて<6E5C>市販品で……,,
dom2Shizuku_L05.mes,Script/dom2Shizuku_L05.mes,34,26,UNKNOWN_2c,いえ、これが効果てきめんで<6E5C>ございますので.どうぞ,,
dom2Shizuku_L05.mes,Script/dom2Shizuku_L05.mes,35,5,주인공,…………,,
dom2Shizuku_L05.mes,Script/dom2Shizuku_L05.mes,36,7,[효과음/내레이션],ゴクッゴクッ,,
dom2Shizuku_L05.mes,Script/dom2Shizuku_L05.mes,37,5,주인공,…………,,
dom2Shizuku_L05.mes,Script/dom2Shizuku_L05.mes,38,15,주인공,あ、あれ……ほんとに治った?,,
dom2Shizuku_L05_2.mes,Script/dom2Shizuku_L05_2.mes,0,3,[효과음/내레이션],……,,
dom2Shizuku_L05_2.mes,Script/dom2Shizuku_L05_2.mes,1,5,[효과음/내레이션],…………,,
dom2Shizuku_L05_2.mes,Script/dom2Shizuku_L05_2.mes,2,20,UNKNOWN_1e,なんだよ、<6E5C>ちょっとくらいならいいだろ,,
dom2Shizuku_L05_2.mes,Script/dom2Shizuku_L05_2.mes,3,34,UNKNOWN_1e,ダメです.帰ってください.<6E5C>もう、さっきから<6E5C>お客さんばっかり……,,
dom2Shizuku_L05_2.mes,Script/dom2Shizuku_L05_2.mes,4,15,주인공,(な、なんか騒がしいな……),,
dom2Shizuku_L05_2.mes,Script/dom2Shizuku_L05_2.mes,5,8,주인공,あ……草薙先輩,,
dom2Shizuku_L05_2.mes,Script/dom2Shizuku_L05_2.mes,6,18,Shizuku,<이름:3131>くん、<6E5C>まだ寝てなきゃダメだよ,,
dom2Shizuku_L05_2.mes,Script/dom2Shizuku_L05_2.mes,7,23,Kyo,なんだよ、<이름:3232>.<6E5C>お前、ほんとに風邪なのか?,,
dom2Shizuku_L05_2.mes,Script/dom2Shizuku_L05_2.mes,8,24,Shizuku,だから、さっきからずっと<6E5C>そう言ってるでしょ!,,
dom2Shizuku_L05_2.mes,Script/dom2Shizuku_L05_2.mes,9,16,Shizuku,いいから、早く帰ってください!,,
dom2Shizuku_L05_2.mes,Script/dom2Shizuku_L05_2.mes,10,38,Kyo,ちぇっ、悪かったよ.<6E5C>さっさと治せよ、パシリがいないと<6E5C>俺が困るんだからな,,
dom2Shizuku_L05_2.mes,Script/dom2Shizuku_L05_2.mes,11,13,Shizuku,<이름:3131>くん、だいじょうぶ?,,
dom2Shizuku_L05_2.mes,Script/dom2Shizuku_L05_2.mes,12,15,주인공,うん、もうだいじょうぶみたい,,
dom2Shizuku_L05_2.mes,Script/dom2Shizuku_L05_2.mes,13,24,주인공,ごめんね、巳沢さん.<6E5C>迷惑かけちゃったみたいで,,
dom2Shizuku_L05_2.mes,Script/dom2Shizuku_L05_2.mes,14,14,Shizuku,ううん、そんなことはいいよ,,
dom2Shizuku_L05_2.mes,Script/dom2Shizuku_L05_2.mes,15,28,Shizuku,それより、今日はゆっくり休んでね<6E5C>.私がそばにいるから,,
dom2Shizuku_L05_2.mes,Script/dom2Shizuku_L05_2.mes,16,8,주인공,ありがとう……,,
dom2Shizuku_L05_2.mes,Script/dom2Shizuku_L05_2.mes,17,13,Shizuku,はいはい、ベッドに戻って,,
dom2Shizuku_L05_2.mes,Script/dom2Shizuku_L05_2.mes,18,5,주인공,はい……,,
dom2Shizuku_L05_2.mes,Script/dom2Shizuku_L05_2.mes,19,24,Shizuku,……元気になったら、<6E5C>夏祭りいっしょに行こう?,,
dom2Shizuku_L05_2.mes,Script/dom2Shizuku_L05_2.mes,20,7,주인공,……うん……,,
dom2Shizuku_L06.mes,Script/dom2Shizuku_L06.mes,0,24,주인공,(やっぱり、夜になると<6E5C>過ごしやすくなるなぁ),,
dom2Shizuku_L06.mes,Script/dom2Shizuku_L06.mes,1,5,UNKNOWN_1e,<이름:3131>くん,,
dom2Shizuku_L06.mes,Script/dom2Shizuku_L06.mes,2,26,주인공,あ、巳沢さん.もしかして、<6E5C>イリュージョンの帰り?,,
dom2Shizuku_L06.mes,Script/dom2Shizuku_L06.mes,3,26,Shizuku,うん!ラッキーだな、<6E5C>帰りに<이름:3131>くんに会えるなんて,,
dom2Shizuku_L06.mes,Script/dom2Shizuku_L06.mes,4,9,주인공,ハハ、大げさだな,,
dom2Shizuku_L06.mes,Script/dom2Shizuku_L06.mes,5,19,Shizuku,ね、ちょっと神社に寄って行かない<6E5C>?,,
dom2Shizuku_L06.mes,Script/dom2Shizuku_L06.mes,6,8,[선택지],そうだねやめとく,,
dom2Shizuku_L06.mes,Script/dom2Shizuku_L06.mes,7,12,주인공,そうだね、少し歩こうか,,
dom2Shizuku_L06.mes,Script/dom2Shizuku_L06.mes,8,25,Shizuku,うわぁ、やっぱりここが一番星が<6E5C>きれいに見えるね,,
dom2Shizuku_L06.mes,Script/dom2Shizuku_L06.mes,9,25,주인공,うん.けっこう知られてない、<6E5C>穴場スポットだよね,,
dom2Shizuku_L06.mes,Script/dom2Shizuku_L06.mes,10,35,주인공,きっと、何万年も前からずっと、<6E5C>ここから同じ星が<6E5C>見えてたんだろうね,,
dom2Shizuku_L06.mes,Script/dom2Shizuku_L06.mes,11,8,Shizuku,何万年前か……,,
dom2Shizuku_L06.mes,Script/dom2Shizuku_L06.mes,12,23,Shizuku,私は、ほんのひと昔前のことも<6E5C>見えないのにな,,
dom2Shizuku_L06.mes,Script/dom2Shizuku_L06.mes,13,10,주인공,子どもの頃のこと?,,
dom2Shizuku_L06.mes,Script/dom2Shizuku_L06.mes,14,40,Shizuku,うん……どうしてなのか<6E5C>わからないんだけど、昔のこと、<6E5C>ほとんど覚えてないんだ,,
dom2Shizuku_L06.mes,Script/dom2Shizuku_L06.mes,15,10,주인공,記憶喪失ってやつ?,,
dom2Shizuku_L06.mes,Script/dom2Shizuku_L06.mes,16,10,Shizuku,ううん、違うと思う,,
dom2Shizuku_L06.mes,Script/dom2Shizuku_L06.mes,17,38,Shizuku,きっと、思い出すと辛いこと<6E5C>ばっかりだから、<6E5C>神様が忘れさせてくれたんだよ,,
dom2Shizuku_L06.mes,Script/dom2Shizuku_L06.mes,18,22,주인공,そんなに……辛いことばっかり<6E5C>だったのかな,,
dom2Shizuku_L06.mes,Script/dom2Shizuku_L06.mes,19,8,Shizuku,うん、たぶんね,,
dom2Shizuku_L06.mes,Script/dom2Shizuku_L06.mes,20,36,Shizuku,ずっとひとりぼっちだったし、<6E5C>いろんな施設をたらいまわしに<6E5C>されて……,,
dom2Shizuku_L06.mes,Script/dom2Shizuku_L06.mes,21,14,Shizuku,いっぱいひどいこと言われて,,
dom2Shizuku_L06.mes,Script/dom2Shizuku_L06.mes,22,24,Shizuku,あ、もうなにを言われたのか<6E5C>忘れちゃったけどね,,
dom2Shizuku_L06.mes,Script/dom2Shizuku_L06.mes,23,42,주인공,巳沢さん……僕はバカだから、<6E5C>悲しいときは悲しいって言って<6E5C>くれないとわからないよ,,
dom2Shizuku_L06.mes,Script/dom2Shizuku_L06.mes,24,17,주인공,巳沢さんはいつも笑ってるから……,,
dom2Shizuku_L06.mes,Script/dom2Shizuku_L06.mes,25,24,Shizuku,ほんとだね.いつから泣けなく<6E5C>なったのかな、私,,
dom2Shizuku_L06.mes,Script/dom2Shizuku_L06.mes,26,46,주인공,僕はかっこつけたりできないけど、<6E5C>その……巳沢さんのためになにかを<6E5C>してあげたいと思ってる,,
dom2Shizuku_L06.mes,Script/dom2Shizuku_L06.mes,27,12,Shizuku,<이름:3131>くんはかっこいいよ,,
dom2Shizuku_L06.mes,Script/dom2Shizuku_L06.mes,28,27,Shizuku,私は<이름:3131>くんのかっこいいところ<6E5C>いっぱい知ってるもん,,
dom2Shizuku_L06.mes,Script/dom2Shizuku_L06.mes,29,6,주인공,ありがとう,,
dom2Shizuku_L06.mes,Script/dom2Shizuku_L06.mes,30,19,Shizuku,ううん.私のほうこそ……<6E5C>ありがとう,,
dom2Shizuku_L06.mes,Script/dom2Shizuku_L06.mes,31,14,주인공,う~ん……今日はやめとくよ,,
dom2Shizuku_L06.mes,Script/dom2Shizuku_L06.mes,32,9,Shizuku,そう?残念だなぁ,,
dom2Shizuku_L09.mes,Script/dom2Shizuku_L09.mes,0,21,주인공,(たしか、<6E5C>今日の夕方だったよな、約束),,
dom2Shizuku_L09.mes,Script/dom2Shizuku_L09.mes,1,9,UNKNOWN_1e,お、えらいえらい,,
dom2Shizuku_L09.mes,Script/dom2Shizuku_L09.mes,2,11,Shizuku,ちゃんと来てくれたね,,
dom2Shizuku_L09.mes,Script/dom2Shizuku_L09.mes,3,11,주인공,うん、約束したからね,,
dom2Shizuku_L09.mes,Script/dom2Shizuku_L09.mes,4,10,Shizuku,それじゃ、行こっか,,
dom2Shizuku_L09.mes,Script/dom2Shizuku_L09.mes,5,3,주인공,うん,,
dom2Shizuku_L09.mes,Script/dom2Shizuku_L09.mes,6,24,주인공,(いよいよ、<6E5C>巳沢さんのウェディング姿が……),,
dom2Shizuku_L09.mes,Script/dom2Shizuku_L09.mes,7,16,UNKNOWN_4b,ィヤッホォ!うーん、いいねぇ!,,
dom2Shizuku_L09.mes,Script/dom2Shizuku_L09.mes,8,7,[효과음/내레이션],パシャパシャ,,
dom2Shizuku_L09.mes,Script/dom2Shizuku_L09.mes,9,9,주인공,(うん、いいね),,
dom2Shizuku_L09.mes,Script/dom2Shizuku_L09.mes,10,13,UNKNOWN_4b,ハイ、こっち見て笑って!,,
dom2Shizuku_L09.mes,Script/dom2Shizuku_L09.mes,11,7,[효과음/내레이션],パシャパシャ,,
dom2Shizuku_L09.mes,Script/dom2Shizuku_L09.mes,12,25,주인공,(すごいなぁ……なんだか本物の<6E5C>モデルみたいだ),,
dom2Shizuku_L09.mes,Script/dom2Shizuku_L09.mes,13,22,주인공,(あ、こっち見た!<6E5C>なんかドキドキするな),,
dom2Shizuku_L09.mes,Script/dom2Shizuku_L09.mes,14,39,UNKNOWN_4b,ハイ、ヘルバウッ……じゃなくて<6E5C>ラストショットいくよ!<6E5C>とびっきりの笑顔で!,,
dom2Shizuku_L09.mes,Script/dom2Shizuku_L09.mes,15,4,[효과음/내레이션],パシャ,,
dom2Shizuku_L09.mes,Script/dom2Shizuku_L09.mes,16,11,UNKNOWN_19,お疲れ様でしたー!!,,
dom2Shizuku_L09_2.mes,Script/dom2Shizuku_L09_2.mes,0,12,Shizuku,あ~!やっと終わった!,,
dom2Shizuku_L09_2.mes,Script/dom2Shizuku_L09_2.mes,1,5,주인공,お疲れ様,,
dom2Shizuku_L09_2.mes,Script/dom2Shizuku_L09_2.mes,2,21,Shizuku,ごめんね、<이름:3131>くん.<6E5C>付き合わせちゃって,,
dom2Shizuku_L09_2.mes,Script/dom2Shizuku_L09_2.mes,3,12,주인공,いいよ、僕も楽しかった,,
dom2Shizuku_L09_2.mes,Script/dom2Shizuku_L09_2.mes,4,19,주인공,巳沢さんのウェディング姿も<6E5C>見れたし,,
dom2Shizuku_L09_2.mes,Script/dom2Shizuku_L09_2.mes,5,11,Shizuku,ちょっと恥ずかしいな,,
dom2Shizuku_L09_2.mes,Script/dom2Shizuku_L09_2.mes,6,20,주인공,だいじょうぶ、<6E5C>すごくきれいだったよ!,,
dom2Shizuku_L09_2.mes,Script/dom2Shizuku_L09_2.mes,7,5,Shizuku,ほんと?,,
dom2Shizuku_L09_2.mes,Script/dom2Shizuku_L09_2.mes,8,34,주인공,うん.<6E5C>花婿になる男のことを想像すると、<6E5C>ヤキモチ焼いちゃったもん,,
dom2Shizuku_L09_2.mes,Script/dom2Shizuku_L09_2.mes,9,21,Shizuku,……じゃあ、<6E5C><이름:3131>くんがもらってくれる?,,
dom2Shizuku_L09_2.mes,Script/dom2Shizuku_L09_2.mes,10,16,[선택지],今の僕じゃ無理だよ僕でよければ!,,
dom2Shizuku_L09_2.mes,Script/dom2Shizuku_L09_2.mes,11,15,주인공,う~ん……今の僕じゃ無理だよ,,
dom2Shizuku_L09_2.mes,Script/dom2Shizuku_L09_2.mes,12,20,Shizuku,フフ……ほめ言葉だと<6E5C>受け取っておくね,,
dom2Shizuku_L09_2.mes,Script/dom2Shizuku_L09_2.mes,13,20,UNKNOWN_29,<012C><0000><0000><0000><0000><0000><0024><0016><0002>うん!僕でよければ!,,
dom2Shizuku_L09_2.mes,Script/dom2Shizuku_L09_2.mes,14,3,Shizuku,……,,
dom2Shizuku_L09_2.mes,Script/dom2Shizuku_L09_2.mes,15,23,주인공,……いや、あの、<6E5C>あくまで僕でよければ、だよ,,
dom2Shizuku_L09_2.mes,Script/dom2Shizuku_L09_2.mes,16,6,Shizuku,……いいよ,,
dom2Shizuku_L09_2.mes,Script/dom2Shizuku_L09_2.mes,17,5,주인공,え……?,,
dom2Shizuku_L09_2.mes,Script/dom2Shizuku_L09_2.mes,18,9,Shizuku,2回は言わないよ,,
dom2Shizuku_L09_2.mes,Script/dom2Shizuku_L09_2.mes,19,7,주인공,う、うん……,,
dom2Shizuku_L09_2.mes,Script/dom2Shizuku_L09_2.mes,20,19,주인공,(き、閉き間違いじゃないよな……<6E5C>),,
dom2Shizuku_L10.mes,Script/dom2Shizuku_L10.mes,0,12,[효과음/내레이션],♪カランコロンカラ~ン,,
dom2Shizuku_L10.mes,Script/dom2Shizuku_L10.mes,1,12,Shizuku,いらっしゃい、<이름:3131>くん,,
dom2Shizuku_L10.mes,Script/dom2Shizuku_L10.mes,2,9,주인공,まだ席空いてる?,,
dom2Shizuku_L10.mes,Script/dom2Shizuku_L10.mes,3,19,Shizuku,うん、カウンターのあそこだけ<6E5C>だけど,,
dom2Shizuku_L10.mes,Script/dom2Shizuku_L10.mes,4,6,주인공,ありがとう,,
dom2Shizuku_L10.mes,Script/dom2Shizuku_L10.mes,5,9,Shizuku,ごゆっくりどうぞ,,
dom2Shizuku_L10.mes,Script/dom2Shizuku_L10.mes,6,20,주인공,さて、と.<6E5C>今日はなににしようかな……,,
dom2Shizuku_L10.mes,Script/dom2Shizuku_L10.mes,7,7,UNKNOWN_1e,Hi、<이름:3131>君,,
dom2Shizuku_L10.mes,Script/dom2Shizuku_L10.mes,8,21,주인공,あれ、となり、<6E5C>マリーさんだったんですね,,
dom2Shizuku_L10.mes,Script/dom2Shizuku_L10.mes,9,13,Mary,ええ.もうすぐ帰るけどね,,
dom2Shizuku_L10.mes,Script/dom2Shizuku_L10.mes,10,10,주인공,またお仕事ですか?,,
dom2Shizuku_L10.mes,Script/dom2Shizuku_L10.mes,11,8,Mary,そんなところね,,
dom2Shizuku_L10.mes,Script/dom2Shizuku_L10.mes,12,11,주인공,がんばってください!,,
dom2Shizuku_L10.mes,Script/dom2Shizuku_L10.mes,13,13,Mary,ありがとう.それじゃあね,,
dom2Shizuku_L10.mes,Script/dom2Shizuku_L10.mes,14,13,Shizuku,あの人、最近よく来るんだ,,
dom2Shizuku_L10.mes,Script/dom2Shizuku_L10.mes,15,19,Shizuku,キングさんともすごく仲が<6E5C>いいみたい,,
dom2Shizuku_L10.mes,Script/dom2Shizuku_L10.mes,16,9,주인공,へえ、そうなんだ,,
dom2Shizuku_L10.mes,Script/dom2Shizuku_L10.mes,17,21,Shizuku,ま、<이름:3131>くんとも仲が<6E5C>よさそうだったけど,,
dom2Shizuku_L10.mes,Script/dom2Shizuku_L10.mes,18,11,주인공,い、いや、べつに……,,
dom2Shizuku_L10.mes,Script/dom2Shizuku_L10.mes,19,4,Shizuku,ふ~ん,,
dom2Shizuku_L10.mes,Script/dom2Shizuku_L10.mes,20,20,주인공,(な、なんか巳沢さん<6E5C>怒ってるのかな),,
dom2Shizuku_L10.mes,Script/dom2Shizuku_L10.mes,21,14,UNKNOWN_1e,あら、ひとりなの、<이름:3131>君?,,
dom2Shizuku_L10.mes,Script/dom2Shizuku_L10.mes,22,23,주인공,神楽先輩.はい、悲しくひとりで<6E5C>お茶してます,,
dom2Shizuku_L10.mes,Script/dom2Shizuku_L10.mes,23,26,Chizuru,フフ、それじゃあ、1杯だけ<6E5C>お付き合いしようかしら,,
dom2Shizuku_L10.mes,Script/dom2Shizuku_L10.mes,24,11,주인공,ありがとうございます,,
dom2Shizuku_L10.mes,Script/dom2Shizuku_L10.mes,25,8,Chizuru,あ……しまった,,
dom2Shizuku_L10.mes,Script/dom2Shizuku_L10.mes,26,10,주인공,どうしたんですか?,,
dom2Shizuku_L10.mes,Script/dom2Shizuku_L10.mes,27,21,Chizuru,チーちゃんにエサをあげるのを<6E5C>忘れてたわ,,
dom2Shizuku_L10.mes,Script/dom2Shizuku_L10.mes,28,21,Chizuru,ごめんなさい、私、<6E5C>失礼させていただくわ,,
dom2Shizuku_L10.mes,Script/dom2Shizuku_L10.mes,29,20,Shizuku,ずいぶんとおモテになるみたい<6E5C>ですわね,,
dom2Shizuku_L10.mes,Script/dom2Shizuku_L10.mes,30,25,주인공,な、なに、それって神楽先輩の<6E5C>モノマネのつもり?,,
dom2Shizuku_L10.mes,Script/dom2Shizuku_L10.mes,31,8,주인공,全然似てないよ,,
dom2Shizuku_L10.mes,Script/dom2Shizuku_L10.mes,32,39,Shizuku,そうよねぇ、本物をよく知ってる<6E5C><이름:3131>くんにしてみたら、<6E5C>にせ者の私なんてねぇ,,
dom2Shizuku_L10.mes,Script/dom2Shizuku_L10.mes,33,13,주인공,いや、誰もそんなこと……,,
dom2Shizuku_L10.mes,Script/dom2Shizuku_L10.mes,34,17,주인공,(な、なんだよ……勝手に怒って),,
dom2Shizuku_L10.mes,Script/dom2Shizuku_L10.mes,35,6,UNKNOWN_1e,あ、いた!,,
dom2Shizuku_L10.mes,Script/dom2Shizuku_L10.mes,36,11,Hotaru,お兄ちゃんみつけた!,,
dom2Shizuku_L10.mes,Script/dom2Shizuku_L10.mes,37,21,주인공,あれ、ほたるじゃないか.<6E5C>どうしたんだ?,,
dom2Shizuku_L10.mes,Script/dom2Shizuku_L10.mes,38,25,Hotaru,イトカツのエサを買いに行った<6E5C>帰りに寄ってみたの,,
dom2Shizuku_L10.mes,Script/dom2Shizuku_L10.mes,39,25,Hotaru,もしかしたらお兄ちゃんが<6E5C>いるんじゃないかなって,,
dom2Shizuku_L10.mes,Script/dom2Shizuku_L10.mes,40,15,주인공,えらいえらい、よく見つけたな,,
dom2Shizuku_L10.mes,Script/dom2Shizuku_L10.mes,41,21,Hotaru,もう!すぐ子どもあつかい<6E5C>するんだから!,,
dom2Shizuku_L10.mes,Script/dom2Shizuku_L10.mes,42,30,주인공,ごめんごめん、もうすぐ帰るから、<6E5C>ほたるは先に帰っといてよ,,
dom2Shizuku_L10.mes,Script/dom2Shizuku_L10.mes,43,14,Hotaru,え~いっしょに帰らないの?,,
dom2Shizuku_L10.mes,Script/dom2Shizuku_L10.mes,44,20,주인공,うん、もう少しゆっくりしてから<6E5C>帰るよ,,
dom2Shizuku_L10.mes,Script/dom2Shizuku_L10.mes,45,20,Hotaru,わかった!<6E5C>それじゃ、先に帰ってるね!,,
dom2Shizuku_L10.mes,Script/dom2Shizuku_L10.mes,46,11,주인공,気をつけて帰るんだぞ,,
dom2Shizuku_L10.mes,Script/dom2Shizuku_L10.mes,47,5,Hotaru,はーい!,,
dom2Shizuku_L10.mes,Script/dom2Shizuku_L10.mes,48,21,Shizuku,いっしょに帰らなくて<6E5C>よかったのかしら?,,
dom2Shizuku_L10.mes,Script/dom2Shizuku_L10.mes,49,23,주인공,い、いいだろ、もうちょっと<6E5C>ゆっくりしたって,,
dom2Shizuku_L10.mes,Script/dom2Shizuku_L10.mes,50,21,Shizuku,もちろん、お店としましては<6E5C>大歓迎ですわ,,
dom2Shizuku_L10.mes,Script/dom2Shizuku_L10.mes,51,26,주인공,なんだよ、言いたいことがあるなら<6E5C>はっきり言ってよ,,
dom2Shizuku_L10.mes,Script/dom2Shizuku_L10.mes,52,16,Shizuku,ほんとにはっきり言っていいの?,,
dom2Shizuku_L10.mes,Script/dom2Shizuku_L10.mes,53,12,[선택지],い、いいよやっぱりやめて,,
dom2Shizuku_L10.mes,Script/dom2Shizuku_L10.mes,54,12,주인공,い、いいよ.閉かせてよ,,
dom2Shizuku_L10.mes,Script/dom2Shizuku_L10.mes,55,10,Shizuku,いいの、ほんとに?,,
dom2Shizuku_L10.mes,Script/dom2Shizuku_L10.mes,56,4,[효과음/내레이션],ゴクッ,,
dom2Shizuku_L10.mes,Script/dom2Shizuku_L10.mes,57,7,주인공,う、うん……,,
dom2Shizuku_L10.mes,Script/dom2Shizuku_L10.mes,58,24,Shizuku,<이름:3131>くんが他の人と話してると<6E5C>、イライラするの,,
dom2Shizuku_L10.mes,Script/dom2Shizuku_L10.mes,59,11,주인공,え?そ、それって……,,
dom2Shizuku_L10.mes,Script/dom2Shizuku_L10.mes,60,11,Shizuku,ぷー、<이름:3131>くん嫌い!,,
dom2Shizuku_L10.mes,Script/dom2Shizuku_L10.mes,61,11,주인공,え、そ、そんなぁ……,,
dom2Shizuku_L10.mes,Script/dom2Shizuku_L10.mes,62,7,Shizuku,もうしない?,,
dom2Shizuku_L10.mes,Script/dom2Shizuku_L10.mes,63,9,주인공,う、うん、しない,,
dom2Shizuku_L10.mes,Script/dom2Shizuku_L10.mes,64,6,Shizuku,ほんとに?,,
dom2Shizuku_L10.mes,Script/dom2Shizuku_L10.mes,65,5,주인공,ほんとに,,
dom2Shizuku_L10.mes,Script/dom2Shizuku_L10.mes,66,6,Shizuku,じゃ、許す,,
dom2Shizuku_L10.mes,Script/dom2Shizuku_L10.mes,67,5,주인공,ほっ……,,
dom2Shizuku_L10.mes,Script/dom2Shizuku_L10.mes,68,5,UNKNOWN_1e,<이름:3131>……,,
dom2Shizuku_L10.mes,Script/dom2Shizuku_L10.mes,69,6,주인공,あ、はい?,,
dom2Shizuku_L10.mes,Script/dom2Shizuku_L10.mes,70,15,Shizuku,あ、もー……言ったそばから!,,
dom2Shizuku_L10.mes,Script/dom2Shizuku_L10.mes,71,8,주인공,や、八神先輩!,,
dom2Shizuku_L10.mes,Script/dom2Shizuku_L10.mes,72,11,Shizuku,あ、あれ……男の人?,,
dom2Shizuku_L10.mes,Script/dom2Shizuku_L10.mes,73,12,Shizuku,ご、ごゆっくりどうぞ~,,
dom2Shizuku_L10.mes,Script/dom2Shizuku_L10.mes,74,16,주인공,あ、巳沢さん!置いてかないで!,,
dom2Shizuku_L10.mes,Script/dom2Shizuku_L10.mes,75,8,Iori,……はどこだ?,,
dom2Shizuku_L10.mes,Script/dom2Shizuku_L10.mes,76,6,주인공,は、はい?,,
dom2Shizuku_L10.mes,Script/dom2Shizuku_L10.mes,77,12,Iori,京はどこだと閉いている,,
dom2Shizuku_L10.mes,Script/dom2Shizuku_L10.mes,78,8,주인공,し、知りません,,
dom2Shizuku_L10.mes,Script/dom2Shizuku_L10.mes,79,24,Iori,貴様……女にうつつを抜かして、<6E5C>その体たらくか,,
dom2Shizuku_L10.mes,Script/dom2Shizuku_L10.mes,80,23,주인공,え、いや、僕はただ食事をしに<6E5C>来ただけで……,,
dom2Shizuku_L10.mes,Script/dom2Shizuku_L10.mes,81,17,Iori,そんなことだからなめられるのだ!,,
dom2Shizuku_L10.mes,Script/dom2Shizuku_L10.mes,82,23,Iori,貴様も胸に淡をともせ.<6E5C>憎しみという名の淡を,,
dom2Shizuku_L10.mes,Script/dom2Shizuku_L10.mes,83,14,Iori,そして月を見る度思い出せ!,,
dom2Shizuku_L10.mes,Script/dom2Shizuku_L10.mes,84,15,주인공,や、八神先輩、酔ってますか?,,
dom2Shizuku_L10.mes,Script/dom2Shizuku_L10.mes,85,25,Iori,なめるなよ……俺はアルコールに<6E5C>支配などされん!,,
dom2Shizuku_L10.mes,Script/dom2Shizuku_L10.mes,86,16,주인공,(か、完全に酔っ払ってる……),,
dom2Shizuku_L10.mes,Script/dom2Shizuku_L10.mes,87,20,주인공,や、やっぱりやめて.<6E5C>巳沢さん、怖いよ,,
dom2Shizuku_L10.mes,Script/dom2Shizuku_L10.mes,88,16,Shizuku,あらあら、意気地なしなんだから,,
dom2Shizuku_L10.mes,Script/dom2Shizuku_L10.mes,89,23,주인공,(な、なんだよー!<6E5C>勝手に怒ってるくせに!),,
dom2Shizuku_M01.mes,Script/dom2Shizuku_M01.mes,0,22,주인공,(今日は余裕を持って大学に<6E5C>行けそうだな),,
dom2Shizuku_M01.mes,Script/dom2Shizuku_M01.mes,1,4,UNKNOWN_1e,<이름:3131>君,,
dom2Shizuku_M01.mes,Script/dom2Shizuku_M01.mes,2,19,주인공,あ、キングさん.<6E5C>おはようございます,,
dom2Shizuku_M01.mes,Script/dom2Shizuku_M01.mes,3,15,King,おはよう.これから大学かい?,,
dom2Shizuku_M01.mes,Script/dom2Shizuku_M01.mes,4,3,주인공,はい,,
dom2Shizuku_M01.mes,Script/dom2Shizuku_M01.mes,5,11,King,そうか、気をつけてな,,
dom2Shizuku_M01.mes,Script/dom2Shizuku_M01.mes,6,9,주인공,あ、キングさん!,,
dom2Shizuku_M01.mes,Script/dom2Shizuku_M01.mes,7,3,King,ん?,,
dom2Shizuku_M01.mes,Script/dom2Shizuku_M01.mes,8,44,주인공,え、と……キングさんはよく<6E5C>清泉学園の生徒たちから恋愛相談を<6E5C>受けているそうですが……,,
dom2Shizuku_M01.mes,Script/dom2Shizuku_M01.mes,9,33,King,フフ、いいよ.卒業生でも相談に<6E5C>乗ってあげよう.相手はどんな人?,,
dom2Shizuku_M01.mes,Script/dom2Shizuku_M01.mes,10,8,[선택지],年上同い年、年下,,
dom2Shizuku_M01.mes,Script/dom2Shizuku_M01.mes,11,20,King,ハハ、まさか私のことじゃ<6E5C>ないだろうね,,
dom2Shizuku_M01.mes,Script/dom2Shizuku_M01.mes,12,8,주인공,え……えええ?,,
dom2Shizuku_M01.mes,Script/dom2Shizuku_M01.mes,13,25,King,冗談だよ.そういうウブな反応が<6E5C>君のいいところだ,,
dom2Shizuku_M01.mes,Script/dom2Shizuku_M01.mes,14,31,주인공,(その後、キングさんは親身に<6E5C>なって恋愛相談に乗ってくれた),,
dom2Shizuku_M01.mes,Script/dom2Shizuku_M01.mes,15,8,King,ハハ、青春だな,,
dom2Shizuku_M01.mes,Script/dom2Shizuku_M01.mes,16,31,주인공,(その後、キングさんは親身に<6E5C>なって恋愛相談に乗ってくれた),,
dom2Shizuku_M02.mes,Script/dom2Shizuku_M02.mes,0,46,[선택지],W<0001><0011><000D><0000><0000><0000><0000><0006><000A><0004><0000><0000><0001><0018><0001><0000><0001><0000><0000><002A><0000><0000><0000><0000><0000><000E><0006><FFFF><0000><0000><0000><0000><0020><0014><0037>もうすぐ夏祭りだね,,
dom2Shizuku_M02.mes,Script/dom2Shizuku_M02.mes,1,25,Shizuku,<이름:3131>くんはもういっしょに行く人<6E5C>決まったのかな?,,
dom2Shizuku_M02.mes,Script/dom2Shizuku_M02.mes,2,7,[효과음/내레이션],♪ピピピ……,,
dom2Shizuku_M02.mes,Script/dom2Shizuku_M02.mes,3,11,Shizuku,あ、ごめんね、電話だ,,
dom2Shizuku_M02.mes,Script/dom2Shizuku_M02.mes,4,3,[효과음/내레이션],ピッ,,
dom2Shizuku_M02.mes,Script/dom2Shizuku_M02.mes,5,14,Shizuku,もしもし……あ、キングさん,,
dom2Shizuku_M02.mes,Script/dom2Shizuku_M02.mes,6,19,Shizuku,え、今からですか?<6E5C>……わかりました,,
dom2Shizuku_M02.mes,Script/dom2Shizuku_M02.mes,7,3,[효과음/내레이션],ピッ,,
dom2Shizuku_M02.mes,Script/dom2Shizuku_M02.mes,8,32,Shizuku,ごめんなさい、イリュージョンの<6E5C>ヘルプに入ることになっちゃった,,
dom2Shizuku_M02.mes,Script/dom2Shizuku_M02.mes,9,10,주인공,そうなの?大変だね,,
dom2Shizuku_M02.mes,Script/dom2Shizuku_M02.mes,10,24,주인공,僕のことは気にしなくていいから、<6E5C>がんばってね,,
dom2Shizuku_M02.mes,Script/dom2Shizuku_M02.mes,11,5,Shizuku,うん……,,
dom2Shizuku_M02.mes,Script/dom2Shizuku_M02.mes,12,5,주인공,それじゃ,,
dom2Shizuku_M02.mes,Script/dom2Shizuku_M02.mes,13,11,Shizuku,あ、ちょっと待って!,,
dom2Shizuku_M02.mes,Script/dom2Shizuku_M02.mes,14,7,주인공,どうしたの?,,
dom2Shizuku_M02.mes,Script/dom2Shizuku_M02.mes,15,22,Shizuku,あの、夏祭り……私といっしょに<6E5C>行かない?,,
dom2Shizuku_M02.mes,Script/dom2Shizuku_M02.mes,16,9,[선택지],うん、いいよごめん,,
dom2Shizuku_M02.mes,Script/dom2Shizuku_M02.mes,17,15,주인공,うん、いいよ.僕でよかったら,,
dom2Shizuku_M02.mes,Script/dom2Shizuku_M02.mes,18,16,Shizuku,ありがとう!楽しみにしてるね!,,
dom2Shizuku_M02.mes,Script/dom2Shizuku_M02.mes,19,19,주인공,うん.それじゃ、<6E5C>バイトがんばってね,,
dom2Shizuku_M02.mes,Script/dom2Shizuku_M02.mes,20,4,Shizuku,うん!,,
dom2Shizuku_M02.mes,Script/dom2Shizuku_M02.mes,21,9,주인공,(夏祭りか……),,
dom2Shizuku_M02.mes,Script/dom2Shizuku_M02.mes,22,29,UNKNOWN_29,<0104><0000><0000><0000><0000><0000><0034><0028><0002>ごめん、<6E5C>いっしょに行くのは無理なんだ,,
dom2Shizuku_M02.mes,Script/dom2Shizuku_M02.mes,23,5,Shizuku,……そう,,
dom2Shizuku_M02.mes,Script/dom2Shizuku_M02.mes,24,8,주인공,ほんと、ごめん,,
dom2Shizuku_M02.mes,Script/dom2Shizuku_M02.mes,25,8,Shizuku,ううん、いいの,,
dom2Shizuku_M02.mes,Script/dom2Shizuku_M02.mes,26,16,Shizuku,それじゃ、私、バイトがあるから,,
dom2Shizuku_M02.mes,Script/dom2Shizuku_M02.mes,27,12,주인공,(悪いことしたな……),,
dom2Shizuku_M03.mes,Script/dom2Shizuku_M03.mes,0,5,UNKNOWN_1e,<이름:3131>くん,,
dom2Shizuku_M03.mes,Script/dom2Shizuku_M03.mes,1,13,Shizuku,よかった……探してたんだ,,
dom2Shizuku_M03.mes,Script/dom2Shizuku_M03.mes,2,7,주인공,どうしたの?,,
dom2Shizuku_M03.mes,Script/dom2Shizuku_M03.mes,3,15,Shizuku,ハッピバースデートゥーユー♪,,
dom2Shizuku_M03.mes,Script/dom2Shizuku_M03.mes,4,15,Shizuku,ハッピバースデートゥーユー♪,,
dom2Shizuku_M03.mes,Script/dom2Shizuku_M03.mes,5,20,주인공,あ……ありがとう.<6E5C>覚えてくれてたんだ,,
dom2Shizuku_M03.mes,Script/dom2Shizuku_M03.mes,6,24,Shizuku,フフッ.プレゼントはワ。タ。シ、<6E5C>なんてどう?,,
dom2Shizuku_M03.mes,Script/dom2Shizuku_M03.mes,7,10,주인공,え……えええっ!?,,
dom2Shizuku_M03.mes,Script/dom2Shizuku_M03.mes,8,26,Shizuku,冗談だよ!ほんとからかいがいが<6E5C>あるね、<이름:3131>くんは,,
dom2Shizuku_M03.mes,Script/dom2Shizuku_M03.mes,9,22,주인공,……ひ、ひどい.<6E5C>誕生日なのにいじめられた,,
dom2Shizuku_M03.mes,Script/dom2Shizuku_M03.mes,10,72,Shizuku,ごめんごめん.あのね、<6E5C>昨日イリュージョンのお客さんに、<485C>結婚式のパンフレット用写真で、<6E5C>新郎新婦のモデルになって<6E5C>くれないか、って頼まれたの,,
dom2Shizuku_M03.mes,Script/dom2Shizuku_M03.mes,11,15,주인공,そうなの?すごいじゃないか!,,
dom2Shizuku_M03.mes,Script/dom2Shizuku_M03.mes,12,48,Shizuku,うん……でも私、ウェディング<6E5C>ドレスを着るのは、本当に好きな人<6E5C>のために、って決めてたから……,,
dom2Shizuku_M03.mes,Script/dom2Shizuku_M03.mes,13,23,주인공,そっか……それじゃ断らなきゃ<6E5C>しょうがないか,,
dom2Shizuku_M03.mes,Script/dom2Shizuku_M03.mes,14,37,Shizuku,うん……でもね、その、そういえば<6E5C><이름:3131>くんの誕生日近いなって<6E5C>思い出して,,
dom2Shizuku_M03.mes,Script/dom2Shizuku_M03.mes,15,7,Shizuku,それでね……,,
dom2Shizuku_M03.mes,Script/dom2Shizuku_M03.mes,16,3,주인공,うん,,
dom2Shizuku_M03.mes,Script/dom2Shizuku_M03.mes,17,14,Shizuku,えっと……もしもだけど……,,
dom2Shizuku_M03.mes,Script/dom2Shizuku_M03.mes,18,13,주인공,なんだよ、じらさないでよ,,
dom2Shizuku_M03.mes,Script/dom2Shizuku_M03.mes,19,27,Shizuku,<이름:3131>くんが見たかったら、<6E5C>見せてあげてもいいよ……?,,
dom2Shizuku_M03.mes,Script/dom2Shizuku_M03.mes,20,15,[선택지],見たい!他のプレゼントがいいな,,
dom2Shizuku_M03.mes,Script/dom2Shizuku_M03.mes,21,26,주인공,見たい!巳沢さんの<6E5C>ウェディングドレス、見たいなー,,
dom2Shizuku_M03.mes,Script/dom2Shizuku_M03.mes,22,29,Shizuku,ごめんね、ほんとは何か贈り物を<6E5C>買いたかったんだけど……,,
dom2Shizuku_M03.mes,Script/dom2Shizuku_M03.mes,23,26,주인공,なに言ってるんだよ!<6E5C>これが最高のプレゼントだよ!,,
dom2Shizuku_M03.mes,Script/dom2Shizuku_M03.mes,24,36,Shizuku,ありがとう.それじゃ明日の夕方、<6E5C>ここで待ってるから!<6E5C>絶対来てね!!,,
dom2Shizuku_M03.mes,Script/dom2Shizuku_M03.mes,25,13,주인공,わかった、明日の夕方だね,,
dom2Shizuku_M03.mes,Script/dom2Shizuku_M03.mes,26,24,주인공,(巳沢さんの花嫁姿か……<6E5C>きれいなんだろうな),,
dom2Shizuku_M03.mes,Script/dom2Shizuku_M03.mes,27,30,주인공,ずるいなぁ巳沢さん、それって<6E5C>自分が着てみたいだけでしょ?,,
dom2Shizuku_M03.mes,Script/dom2Shizuku_M03.mes,28,4,Shizuku,あ……,,
dom2Shizuku_M03.mes,Script/dom2Shizuku_M03.mes,29,15,주인공,僕は他のプレゼントがいいな~,,
dom2Shizuku_M03.mes,Script/dom2Shizuku_M03.mes,30,16,Shizuku,……ちぇ、ひっかからなかったか,,
dom2Shizuku_M03.mes,Script/dom2Shizuku_M03.mes,31,3,주인공,え?,,
dom2Shizuku_M03.mes,Script/dom2Shizuku_M03.mes,32,46,Shizuku,<이름:3131>くんに大事な花嫁姿を見せて<6E5C>あげるわけないじゃない.はい、<6E5C>プレゼントのマシュマロパン,,
dom2Shizuku_M03.mes,Script/dom2Shizuku_M03.mes,33,8,주인공,あ、ありがとう,,
dom2Shizuku_M03.mes,Script/dom2Shizuku_M03.mes,34,30,주인공,(プレゼントっていうか、<6E5C>これって巳沢さんのオヤツでは?),,
dom2Shizuku_M03.mes,Script/dom2Shizuku_M03.mes,35,16,Shizuku,私、用事思い出したから行くね?,,
dom2Shizuku_M03.mes,Script/dom2Shizuku_M03.mes,36,5,주인공,あ、うん,,
dom2Shizuku_M03.mes,Script/dom2Shizuku_M03.mes,37,5,Shizuku,バイバイ,,
dom2Shizuku_S01.mes,Script/dom2Shizuku_S01.mes,0,11,Shizuku,こんにちは、<이름:3131>くん,,
dom2Shizuku_S01.mes,Script/dom2Shizuku_S01.mes,1,22,주인공,あ、巳沢さん.<6E5C>今日の講義、予習してきた?,,
dom2Shizuku_S01.mes,Script/dom2Shizuku_S01.mes,2,18,Shizuku,もちろん!<6E5C>でも、見せてあげないよ,,
dom2Shizuku_S01.mes,Script/dom2Shizuku_S01.mes,3,26,주인공,そ、そんな意地悪言わないで、<6E5C>ちょっとだけ見せてよ,,
dom2Shizuku_S01.mes,Script/dom2Shizuku_S01.mes,4,9,Shizuku,どうしよっかなぁ,,
dom2Shizuku_S01.mes,Script/dom2Shizuku_S01.mes,5,6,주인공,この通り!,,
dom2Shizuku_S01.mes,Script/dom2Shizuku_S01.mes,6,27,Shizuku,アハハ、そこまでされたら見せない<6E5C>わけにはいかないね,,
dom2Shizuku_S01.mes,Script/dom2Shizuku_S01.mes,7,8,주인공,よ、よかった~,,
dom2Shizuku_S01.mes,Script/dom2Shizuku_S01.mes,8,24,주인공,あの先生怖いから、<6E5C>どうしようかと思ってたんだ,,
dom2Shizuku_S01.mes,Script/dom2Shizuku_S01.mes,9,25,Shizuku,あ、でもほんとはちゃんとやって<6E5C>こないとダメだよ,,
dom2Shizuku_S01.mes,Script/dom2Shizuku_S01.mes,10,10,주인공,はい、わかりました,,
dom2Shizuku_S01.mes,Script/dom2Shizuku_S01.mes,11,5,Shizuku,よろしい,,
dom2Shizuku_S01.mes,Script/dom2Shizuku_S01.mes,12,9,[효과음/내레이션],バサバサバサッ!,,
dom2Shizuku_S01.mes,Script/dom2Shizuku_S01.mes,13,17,Mature,顔を洗って出直していらっしゃい!,,
dom2Shizuku_S01.mes,Script/dom2Shizuku_S01.mes,14,25,주인공,(あぁ、今日も派手にやってるな、<6E5C>マチュアさん),,
dom2Shizuku_S01.mes,Script/dom2Shizuku_S01.mes,15,19,UNKNOWN_1e,今日も張り切ってるね、<6E5C>マチュアさん,,
dom2Shizuku_S01.mes,Script/dom2Shizuku_S01.mes,16,21,주인공,僕らはああならないように、<6E5C>気をつけよう,,
dom2Shizuku_S01.mes,Script/dom2Shizuku_S01.mes,17,31,Shizuku,そうだね.<6E5C>あの人ににらまれたら、<6E5C>卒業も危うくなっちゃうし,,
dom2Shizuku_S01.mes,Script/dom2Shizuku_S01.mes,18,16,주인공,あ、そういえば、課題やってる?,,
dom2Shizuku_S01.mes,Script/dom2Shizuku_S01.mes,19,13,Shizuku,うーん……それなり、かな,,
dom2Shizuku_S01.mes,Script/dom2Shizuku_S01.mes,20,22,주인공,巳沢さんのそれなりは<6E5C>信用できないからなぁ,,
dom2Shizuku_S01.mes,Script/dom2Shizuku_S01.mes,21,14,Shizuku,それ、どういう意味かしら?,,
dom2Shizuku_S01.mes,Script/dom2Shizuku_S01.mes,22,40,주인공,だってさ、僕から見れば完璧な<6E5C>レポートを書いてきてても、<6E5C>それなりって言うだろ,,
dom2Shizuku_S01.mes,Script/dom2Shizuku_S01.mes,23,38,Shizuku,そんなことないよ.私からすれば<6E5C>ダメだなって思うから、<6E5C>それなりなだけだよ,,
dom2Shizuku_S01.mes,Script/dom2Shizuku_S01.mes,24,36,주인공,それなりのでいいから、<6E5C>僕の代わりにレポート書いて<6E5C>ほしいよ、ほんとに,,
dom2Shizuku_S01.mes,Script/dom2Shizuku_S01.mes,25,11,Shizuku,フフ、それはダメです,,
dom2Shizuku_S01.mes,Script/dom2Shizuku_S01.mes,26,5,주인공,だよねぇ,,
dom2Shizuku_S02.mes,Script/dom2Shizuku_S02.mes,0,12,[효과음/내레이션],♪カランコロンカラ~ン,,
dom2Shizuku_S02.mes,Script/dom2Shizuku_S02.mes,1,9,Shizuku,いらっしゃいませ,,
dom2Shizuku_S02.mes,Script/dom2Shizuku_S02.mes,2,20,주인공,やあ、こんにち……だ、<6E5C>大学の学長!?,,
dom2Shizuku_S02.mes,Script/dom2Shizuku_S02.mes,3,5,UNKNOWN_5b,フム……,,
dom2Shizuku_S02.mes,Script/dom2Shizuku_S02.mes,4,33,Shizuku,<이름:3131>くん、学長としゃべった<6E5C>ことないの?<6E5C>とっても面白い方なのよ,,
dom2Shizuku_S02.mes,Script/dom2Shizuku_S02.mes,5,29,UNKNOWN_5b,いや、私はそろそろ出よう.<6E5C>巳沢君、体はいたわるようにな,,
dom2Shizuku_S02.mes,Script/dom2Shizuku_S02.mes,6,21,Shizuku,ありがとうございます.<6E5C>また電話しますね,,
dom2Shizuku_S02.mes,Script/dom2Shizuku_S02.mes,7,27,UNKNOWN_5b,話はまた今度にしよう.<6E5C>なかなかうまいコーヒーだった,,
dom2Shizuku_S02.mes,Script/dom2Shizuku_S02.mes,8,12,[효과음/내레이션],♪カランコロンカラ~ン,,
dom2Shizuku_S02.mes,Script/dom2Shizuku_S02.mes,9,12,Shizuku,どうしたの、<이름:3131>くん?,,
dom2Shizuku_S02.mes,Script/dom2Shizuku_S02.mes,10,25,주인공,いや、ずいぶん親しい感じだった<6E5C>から……意外だな,,
dom2Shizuku_S02.mes,Script/dom2Shizuku_S02.mes,11,21,Shizuku,フフッ.<6E5C>もしかして、それってヤキモチ?,,
dom2Shizuku_S02.mes,Script/dom2Shizuku_S02.mes,12,9,주인공,なに言ってんだか,,
dom2Shizuku_S02.mes,Script/dom2Shizuku_S02.mes,13,14,주인공,(いや、ヤキモチかも……),,
dom2Shizuku_S02.mes,Script/dom2Shizuku_S02.mes,14,12,[효과음/내레이션],♪カランコロンカラ~ン,,
dom2Shizuku_S02.mes,Script/dom2Shizuku_S02.mes,15,14,Shizuku,あ、<이름:3131>くん、いらっしゃい,,
dom2Shizuku_S02.mes,Script/dom2Shizuku_S02.mes,16,8,주인공,いつものやつね,,
dom2Shizuku_S02.mes,Script/dom2Shizuku_S02.mes,17,19,Shizuku,いつものやつ?<6E5C>そんなのあったっけ?,,
dom2Shizuku_S02.mes,Script/dom2Shizuku_S02.mes,18,24,주인공,いや、ないけど.<6E5C>ちょっと言ってみたかったんだ,,
dom2Shizuku_S02.mes,Script/dom2Shizuku_S02.mes,19,21,주인공,こんなこと、巳沢さんにしか<6E5C>言えないだろ,,
dom2Shizuku_S02.mes,Script/dom2Shizuku_S02.mes,20,36,Shizuku,ではでは、いつものやつを<6E5C>お持ちしますので、席に着いて<6E5C>お待ちください,,
dom2Shizuku_S02.mes,Script/dom2Shizuku_S02.mes,21,5,주인공,え?え?,,
dom2Shizuku_S02.mes,Script/dom2Shizuku_S02.mes,22,9,Shizuku,お待たせしました,,
dom2Shizuku_S02.mes,Script/dom2Shizuku_S02.mes,23,8,주인공,な、なに、これ,,
dom2Shizuku_S02.mes,Script/dom2Shizuku_S02.mes,24,31,Shizuku,はい、氷のたっぷり入った、<6E5C>当店特製のウォーターでございます,,
dom2Shizuku_S02.mes,Script/dom2Shizuku_S02.mes,25,10,주인공,ただの水じゃないか,,
dom2Shizuku_S02.mes,Script/dom2Shizuku_S02.mes,26,26,Shizuku,だって、いつものやつといえば、<6E5C>まずはお水でしょ?,,
dom2Shizuku_S02.mes,Script/dom2Shizuku_S02.mes,27,19,주인공,そ、そりゃそうだけどさ.<6E5C>これだけ?,,
dom2Shizuku_S02.mes,Script/dom2Shizuku_S02.mes,28,16,Shizuku,今なら巳沢雫のスマイルつきです,,
dom2Shizuku_S02.mes,Script/dom2Shizuku_S02.mes,29,11,주인공,そ、それはいいね……,,
dom2Shizuku_S02.mes,Script/dom2Shizuku_S02.mes,30,14,Shizuku,え…….あ、ありがとう……,,
dom2Shizuku_S03.mes,Script/dom2Shizuku_S03.mes,0,20,주인공,(さて、と.<6E5C>今日はなにをしようかな),,
dom2Shizuku_S03.mes,Script/dom2Shizuku_S03.mes,1,4,UNKNOWN_1e,あれ?,,
dom2Shizuku_S03.mes,Script/dom2Shizuku_S03.mes,2,3,주인공,ん?,,
dom2Shizuku_S03.mes,Script/dom2Shizuku_S03.mes,3,14,Shizuku,あー、やっぱり<이름:3131>くんだ!,,
dom2Shizuku_S03.mes,Script/dom2Shizuku_S03.mes,4,10,주인공,巳沢さん.偶然だね,,
dom2Shizuku_S03.mes,Script/dom2Shizuku_S03.mes,5,13,Shizuku,あれ、<이름:3131>くん、ひとり?,,
dom2Shizuku_S03.mes,Script/dom2Shizuku_S03.mes,6,9,주인공,え、そうだけど?,,
dom2Shizuku_S03.mes,Script/dom2Shizuku_S03.mes,7,31,Shizuku,ふ~ん……いつものかわいいお連れ<6E5C>さんはいないんだ.寂しいね,,
dom2Shizuku_S03.mes,Script/dom2Shizuku_S03.mes,8,8,주인공,だ、誰のこと?,,
dom2Shizuku_S03.mes,Script/dom2Shizuku_S03.mes,9,31,Shizuku,さあ、誰でしょう?<6E5C>そんなにたくさん心当たりが<6E5C>あるのかな?,,
dom2Shizuku_S03.mes,Script/dom2Shizuku_S03.mes,10,27,주인공,な、ないよべつに!<6E5C>あ、ほたるだろ?<6E5C>あれは妹で……,,
dom2Shizuku_S03.mes,Script/dom2Shizuku_S03.mes,11,9,Shizuku,いいからいいから,,
dom2Shizuku_S03.mes,Script/dom2Shizuku_S03.mes,12,32,Shizuku,<이름:3131>くんが誰と遊んでても、<6E5C>私が口をはさむことじゃ<6E5C>ないもんね,,
dom2Shizuku_S03.mes,Script/dom2Shizuku_S03.mes,13,17,주인공,そ、そうだよ.関係ないじゃないか,,
dom2Shizuku_S03.mes,Script/dom2Shizuku_S03.mes,14,15,Shizuku,フフ、そうだね、関係ないよね,,
dom2Shizuku_S03.mes,Script/dom2Shizuku_S03.mes,15,23,주인공,あ、いや……そんなことも、<6E5C>ないんだけど……,,
dom2Shizuku_S04.mes,Script/dom2Shizuku_S04.mes,0,12,[효과음/내레이션],♪カランコロンカラ~ン,,
dom2Shizuku_S04.mes,Script/dom2Shizuku_S04.mes,1,14,Shizuku,いらっしゃいませ、<이름:3131>くん,,
dom2Shizuku_S04.mes,Script/dom2Shizuku_S04.mes,2,14,주인공,今日はなんにしようかな……,,
dom2Shizuku_S04.mes,Script/dom2Shizuku_S04.mes,3,7,UNKNOWN_1e,Hi、<이름:3131>君,,
dom2Shizuku_S04.mes,Script/dom2Shizuku_S04.mes,4,15,Mary,どう、いっしょにランチでも?,,
dom2Shizuku_S04.mes,Script/dom2Shizuku_S04.mes,5,9,주인공,え、あ……えっと,,
dom2Shizuku_S04.mes,Script/dom2Shizuku_S04.mes,6,15,주인공,(み、巳沢さんの視線が……),,
dom2Shizuku_S04.mes,Script/dom2Shizuku_S04.mes,7,10,[선택지],遠慮しますいいですね,,
dom2Shizuku_S04.mes,Script/dom2Shizuku_S04.mes,8,25,[선택지],<0134><0001><0000><0034><0026><0002>すみません、<6E5C>今日は遠慮しておきます,,
dom2Shizuku_S04.mes,Script/dom2Shizuku_S04.mes,9,7,Mary,そう、残念ね,,
dom2Shizuku_S04.mes,Script/dom2Shizuku_S04.mes,10,12,Shizuku,よかったの、<이름:3131>くん?,,
dom2Shizuku_S04.mes,Script/dom2Shizuku_S04.mes,11,3,주인공,うん,,
dom2Shizuku_S04.mes,Script/dom2Shizuku_S04.mes,12,12,Shizuku,ふ~ん.無理しちゃって,,
dom2Shizuku_S04.mes,Script/dom2Shizuku_S04.mes,13,9,주인공,べつにしてないよ,,
dom2Shizuku_S04.mes,Script/dom2Shizuku_S04.mes,14,10,Shizuku,そう?ならいいけど,,
dom2Shizuku_S04.mes,Script/dom2Shizuku_S04.mes,15,21,주인공,いいですね、<6E5C>ごいっしょさせてもらいます,,
dom2Shizuku_S04.mes,Script/dom2Shizuku_S04.mes,16,9,Shizuku,ごゆっくりどうぞ,,
dom2Shizuku_S04.mes,Script/dom2Shizuku_S04.mes,17,19,주인공,(巳沢さんの笑顔って……時々怖い<6E5C>),,
dom2Shizuku_S05.mes,Script/dom2Shizuku_S05.mes,0,60,[선택지],A<0001><0002><0008><0003><0001><0030><0001><0011><000E><0000><0000><0000><0000><0006><000A><0002><0000><0000><0001><0029><0024><0000><0000><0000><0000><0011><0003><0000><0000><0000><0000><0006><000A><0004><0000><0000><0001><002A><0000><0000><0000><0000><0000><000E><0001><FFFF><0000><0000><0000><0000><0018><000C><001E><이름:3131>くーん,,
dom2Shizuku_S05.mes,Script/dom2Shizuku_S05.mes,1,22,주인공,あれ、巳沢さん、<6E5C>今日はもう授業はないの?,,
dom2Shizuku_S05.mes,Script/dom2Shizuku_S05.mes,2,11,Shizuku,うん、もう終わったよ,,
dom2Shizuku_S05.mes,Script/dom2Shizuku_S05.mes,3,15,Shizuku,ねえ、どこか遊びに行かない?,,
dom2Shizuku_S05.mes,Script/dom2Shizuku_S05.mes,4,13,주인공,いいね、どこに行こうか?,,
dom2Shizuku_S05.mes,Script/dom2Shizuku_S05.mes,5,17,Shizuku,私、ネオジオワールドに行きたいな,,
dom2Shizuku_S05.mes,Script/dom2Shizuku_S05.mes,6,10,주인공,よし、そうしよう!,,
dom2Shizuku_S05.mes,Script/dom2Shizuku_S05.mes,7,17,Shizuku,アハハ、このぬいぐるみかわいいね,,
dom2Shizuku_S05.mes,Script/dom2Shizuku_S05.mes,8,12,주인공,キモかわいいってやつ?,,
dom2Shizuku_S05.mes,Script/dom2Shizuku_S05.mes,9,18,Shizuku,そうそう!<6E5C>あ、ボウリングやろうよ,,
dom2Shizuku_S05.mes,Script/dom2Shizuku_S05.mes,10,30,주인공,(巳沢さん、楽しそうだな.<6E5C>なんかこっちまで笑顔になるよ),,
dom2Shizuku_S05.mes,Script/dom2Shizuku_S05.mes,11,13,Shizuku,あ~、1本残っちゃった!,,
dom2Shizuku_S05.mes,Script/dom2Shizuku_S05.mes,12,17,주인공,よし、僕がお手本を見せてあげよう,,
dom2Shizuku_S05.mes,Script/dom2Shizuku_S05.mes,13,16,Shizuku,お手本ー?見せられるのかなー?,,
dom2Shizuku_S05.mes,Script/dom2Shizuku_S05.mes,14,10,주인공,だいじょうぶだって,,
dom2Shizuku_S05.mes,Script/dom2Shizuku_S05.mes,15,14,Shizuku,よし、いけーっ、<이름:3131><이름:3232>!,,
dom2Shizuku_S06.mes,Script/dom2Shizuku_S06.mes,0,7,[효과음/내레이션],PLLLLL,,
dom2Shizuku_S06.mes,Script/dom2Shizuku_S06.mes,1,12,주인공,もしもし?あ、ほたるか,,
dom2Shizuku_S06.mes,Script/dom2Shizuku_S06.mes,2,19,주인공,え?今日はキサラちゃんちに<6E5C>泊まる?,,
dom2Shizuku_S06.mes,Script/dom2Shizuku_S06.mes,3,35,주인공,おいおい、<6E5C>いきなりなに言ってんだよ.<6E5C>もうごはんも作ってあるんだぞ,,
dom2Shizuku_S06.mes,Script/dom2Shizuku_S06.mes,4,15,주인공,あ!おい、ちょっと待って……,,
dom2Shizuku_S06.mes,Script/dom2Shizuku_S06.mes,5,4,[효과음/내레이션],プツッ,,
dom2Shizuku_S06.mes,Script/dom2Shizuku_S06.mes,6,7,[효과음/내레이션],ツーツーツー,,
dom2Shizuku_S06.mes,Script/dom2Shizuku_S06.mes,7,16,주인공,(なんだってんだよ、まったく),,
dom2Shizuku_S06.mes,Script/dom2Shizuku_S06.mes,8,7,[효과음/내레이션],♪ピンポーン,,
dom2Shizuku_S06.mes,Script/dom2Shizuku_S06.mes,9,3,주인공,はい,,
dom2Shizuku_S06.mes,Script/dom2Shizuku_S06.mes,10,4,[효과음/내레이션],ガチャ,,
dom2Shizuku_S06.mes,Script/dom2Shizuku_S06.mes,11,15,주인공,あれ、巳沢さん.どうしたの?,,
dom2Shizuku_S06.mes,Script/dom2Shizuku_S06.mes,12,11,Shizuku,これ、返そうと思って,,
dom2Shizuku_S06.mes,Script/dom2Shizuku_S06.mes,13,16,주인공,あ、前に貸した神楽神社の資料?,,
dom2Shizuku_S06.mes,Script/dom2Shizuku_S06.mes,14,22,주인공,いつでもよかったのに.<6E5C>わざわざありがとう,,
dom2Shizuku_S06.mes,Script/dom2Shizuku_S06.mes,15,9,Shizuku,どういたしまして,,
dom2Shizuku_S06.mes,Script/dom2Shizuku_S06.mes,16,30,Shizuku,なんだかいいにおいがしてるね.<6E5C>今日の晩ご飯はカレーかな?,,
dom2Shizuku_S06.mes,Script/dom2Shizuku_S06.mes,17,19,[선택지],よかったら、食べてく?うん、そうなんだ,,
dom2Shizuku_S06.mes,Script/dom2Shizuku_S06.mes,18,33,주인공,あ、そうだ.<6E5C>お礼と言っちゃなんだけど、<6E5C>よかったら、食べてく?,,
dom2Shizuku_S06.mes,Script/dom2Shizuku_S06.mes,19,19,Shizuku,いいの?<6E5C>ほたるちゃん、怒らないかな,,
dom2Shizuku_S06.mes,Script/dom2Shizuku_S06.mes,20,12,주인공,ああ、だいじょうぶだよ,,
dom2Shizuku_S06.mes,Script/dom2Shizuku_S06.mes,21,30,주인공,ほたるならキサラの家に泊まるって<6E5C>、さっき電話があったから,,
dom2Shizuku_S06.mes,Script/dom2Shizuku_S06.mes,22,19,Shizuku,それって、だいじょうぶなのかなぁ<6E5C>?,,
dom2Shizuku_S06.mes,Script/dom2Shizuku_S06.mes,23,19,주인공,え?<6E5C>……あ、だ、だいじょうぶだよ!,,
dom2Shizuku_S06.mes,Script/dom2Shizuku_S06.mes,24,14,주인공,そんなこと考えてないって!,,
dom2Shizuku_S06.mes,Script/dom2Shizuku_S06.mes,25,10,Shizuku,んー、そんなこと?,,
dom2Shizuku_S06.mes,Script/dom2Shizuku_S06.mes,26,12,주인공,いや、だから、その……,,
dom2Shizuku_S06.mes,Script/dom2Shizuku_S06.mes,27,12,Shizuku,アハハ、ごめんね、冗談,,
dom2Shizuku_S06.mes,Script/dom2Shizuku_S06.mes,28,23,Shizuku,遠慮なくいただいちゃうね?<6E5C>おじゃましまーす,,
dom2Shizuku_S06.mes,Script/dom2Shizuku_S06.mes,29,13,주인공,(ハァ……ドッと疲れた),,
dom2Shizuku_S06.mes,Script/dom2Shizuku_S06.mes,30,15,주인공,うん、そうなんだ.寂しい晩餐,,
dom2Shizuku_S06.mes,Script/dom2Shizuku_S06.mes,31,6,Shizuku,そうなの?,,
dom2Shizuku_S06.mes,Script/dom2Shizuku_S06.mes,32,25,주인공,うん.ほたるの奴、キサラの家に<6E5C>泊まるんだってさ,,
dom2Shizuku_S06.mes,Script/dom2Shizuku_S06.mes,33,32,Shizuku,そっか.<6E5C>それじゃ今ここには狼さんが<6E5C>ひとりいるだけなんだね?,,
dom2Shizuku_S06.mes,Script/dom2Shizuku_S06.mes,34,8,주인공,誰が狼だよ……,,
dom2Shizuku_S06.mes,Script/dom2Shizuku_S06.mes,35,20,Shizuku,アハハ、冗談だよ.<6E5C>それじゃ、私帰るね,,
dom2Shizuku_S06.mes,Script/dom2Shizuku_S06.mes,36,16,주인공,うん.これ、ほんとにありがとう,,
dom2Shizuku_S06.mes,Script/dom2Shizuku_S06.mes,37,7,[효과음/내레이션],♪ピンポーン,,
dom2Shizuku_S06.mes,Script/dom2Shizuku_S06.mes,38,3,주인공,はい,,
dom2Shizuku_S06.mes,Script/dom2Shizuku_S06.mes,39,4,[효과음/내레이션],ガチャ,,
dom2Shizuku_S06.mes,Script/dom2Shizuku_S06.mes,40,24,주인공,こ、これはまた……<6E5C>意表をつく取り合わせで……,,
dom2Shizuku_S06.mes,Script/dom2Shizuku_S06.mes,41,16,주인공,え、と……どういったご用件で?,,
dom2Shizuku_S06.mes,Script/dom2Shizuku_S06.mes,42,19,Mature,お姉さんがこうして<6E5C>訪ねてきてるのよ,,
dom2Shizuku_S06.mes,Script/dom2Shizuku_S06.mes,43,17,Mature,デートの誘いに決まってるでしょう,,
dom2Shizuku_S06.mes,Script/dom2Shizuku_S06.mes,44,12,주인공,え?あの、巳沢さんは?,,
dom2Shizuku_S06.mes,Script/dom2Shizuku_S06.mes,45,4,Shizuku,私もよ,,
dom2Shizuku_S06.mes,Script/dom2Shizuku_S06.mes,46,14,Mature,<이름:3131>君は、私と出かけるのよ,,
dom2Shizuku_S06.mes,Script/dom2Shizuku_S06.mes,47,9,Mature,引っ込んでなさい,,
dom2Shizuku_S06.mes,Script/dom2Shizuku_S06.mes,48,29,Shizuku,どうでしょう?それを決めるのは<6E5C><이름:3131>くんではないですか?,,
dom2Shizuku_S06.mes,Script/dom2Shizuku_S06.mes,49,30,Mature,<이름:3131><이름:3232>……<6E5C>どちらを選ぶのか、<6E5C>はっきりさせてちょうだい,,
dom2Shizuku_S06.mes,Script/dom2Shizuku_S06.mes,50,11,Shizuku,<이름:3131>くん、私だよね?,,
dom2Shizuku_S06.mes,Script/dom2Shizuku_S06.mes,51,27,주인공,(な、なんだろこの状況?<6E5C>究極の選択というやつか?),,
dom2Shizuku_S06.mes,Script/dom2Shizuku_S06.mes,52,11,[선택지],雫を選ぶマチュアを選ぶ,,
dom2Shizuku_S06.mes,Script/dom2Shizuku_S06.mes,53,23,[선택지],「<0001><0000><0030><0022><0002>あ、あの、それじゃ巳沢さんで……,,
dom2Shizuku_S06.mes,Script/dom2Shizuku_S06.mes,54,22,Mature,なんですって!<6E5C>この私を選ばないというの?,,
dom2Shizuku_S06.mes,Script/dom2Shizuku_S06.mes,55,19,Shizuku,お悔やみ申し上げます、<6E5C>マチュアさん,,
dom2Shizuku_S06.mes,Script/dom2Shizuku_S06.mes,56,19,Mature,チィッ!小娘が!<6E5C>覚えてらっしゃい!,,
dom2Shizuku_S06.mes,Script/dom2Shizuku_S06.mes,57,15,주인공,(すごい捨てゼリフだな……),,
dom2Shizuku_S06.mes,Script/dom2Shizuku_S06.mes,58,22,Shizuku,さ、<이름:3131>くん.<6E5C>ビリヤードでも行きましょ?,,
dom2Shizuku_S06.mes,Script/dom2Shizuku_S06.mes,59,20,주인공,あ、あの、それじゃ<6E5C>マチュアさんで……,,
dom2Shizuku_S06.mes,Script/dom2Shizuku_S06.mes,60,17,Mature,アッハッハ、当然の結果よ、これは,,
dom2Shizuku_S06.mes,Script/dom2Shizuku_S06.mes,61,3,Shizuku,……,,
dom2Shizuku_S06.mes,Script/dom2Shizuku_S06.mes,62,9,주인공,あ、巳沢さん……,,
dom2Shizuku_S06.mes,Script/dom2Shizuku_S06.mes,63,19,Mature,さあ、極楽へ連れて行ってあげるわ<6E5C>!,,
dom2Shizuku_S07.mes,Script/dom2Shizuku_S07.mes,0,48,[선택지],W<0001><0011><0006><0000><0000><0000><0000><0006><000A><0003><0000><0000><0001><000F><0000><0000><0000><0000><0000><002A><0000><0000><0000><0000><0000><0010><0009><0000><0000><0000><0000><0000><0024><0018><FFFF>♪カランコロンカラ~ン,,
dom2Shizuku_S07.mes,Script/dom2Shizuku_S07.mes,1,7,King,いらっしゃい,,
dom2Shizuku_S07.mes,Script/dom2Shizuku_S07.mes,2,10,주인공,あれ、巳沢さんは?,,
dom2Shizuku_S07.mes,Script/dom2Shizuku_S07.mes,3,13,King,あぁ、今は奥で休んでるよ,,
dom2Shizuku_S07.mes,Script/dom2Shizuku_S07.mes,4,41,King,<이름:3131>君、ちょっと話し相手に<6E5C>なってやってくれないか?<6E5C>どうも元気がないようなんだ,,
dom2Shizuku_S07.mes,Script/dom2Shizuku_S07.mes,5,7,주인공,わかりました,,
dom2Shizuku_S07.mes,Script/dom2Shizuku_S07.mes,6,27,주인공,巳沢さん、どうしたの?<6E5C>キングさんが元気ないって……,,
dom2Shizuku_S07.mes,Script/dom2Shizuku_S07.mes,7,19,Shizuku,うん……昔のことを<6E5C>思い出しちゃって,,
dom2Shizuku_S07.mes,Script/dom2Shizuku_S07.mes,8,6,주인공,昔のこと?,,
dom2Shizuku_S07.mes,Script/dom2Shizuku_S07.mes,9,44,Shizuku,うん.私、昔のことってあんまり<6E5C>覚えてないんだけど、最近なぜか<6E5C>時々記憶の断片が蘇るの,,
dom2Shizuku_S07.mes,Script/dom2Shizuku_S07.mes,10,30,Shizuku,でもね、とてもぼんやりしていて、<6E5C>ちゃんとはわからないんだ,,
dom2Shizuku_S07.mes,Script/dom2Shizuku_S07.mes,11,9,주인공,どんな記憶なの?,,
dom2Shizuku_S07.mes,Script/dom2Shizuku_S07.mes,12,14,Shizuku,……誰かに手を引かれてるの,,
dom2Shizuku_S07.mes,Script/dom2Shizuku_S07.mes,13,20,Shizuku,でも、ずっとはつないで<6E5C>くれなくて……,,
dom2Shizuku_S07.mes,Script/dom2Shizuku_S07.mes,14,54,Shizuku,しばらくいっしょに歩いたら、<6E5C>突然手を離されるんだ……<485C>とても悲しくて、ぬくもりだけが<6E5C>残ってて……辛いの,,
dom2Shizuku_S07.mes,Script/dom2Shizuku_S07.mes,15,5,주인공,…………,,
dom2Shizuku_S07.mes,Script/dom2Shizuku_S07.mes,16,12,[효과음/내레이션],♪カランコロンカラ~ン,,
dom2Shizuku_S07.mes,Script/dom2Shizuku_S07.mes,17,9,Shizuku,いらっしゃいませ,,
dom2Shizuku_S07.mes,Script/dom2Shizuku_S07.mes,18,19,주인공,巳沢さん、目の下にクマが<6E5C>できてるよ,,
dom2Shizuku_S07.mes,Script/dom2Shizuku_S07.mes,19,21,Shizuku,そう?最近あんまり眠れない<6E5C>からかな……,,
dom2Shizuku_S07.mes,Script/dom2Shizuku_S07.mes,20,17,주인공,まだ、悲しい記憶がついてくるの?,,
dom2Shizuku_S07.mes,Script/dom2Shizuku_S07.mes,21,9,Shizuku,うん……少し、ね,,
dom2Shizuku_S07.mes,Script/dom2Shizuku_S07.mes,22,17,주인공,なにか他に思い出したことはある?,,
dom2Shizuku_S07.mes,Script/dom2Shizuku_S07.mes,23,15,Shizuku,うん.でもね、なんだか変なの,,
dom2Shizuku_S07.mes,Script/dom2Shizuku_S07.mes,24,5,주인공,なにが?,,
dom2Shizuku_S07.mes,Script/dom2Shizuku_S07.mes,25,19,Shizuku,私の手を引いてるの、<6E5C><이름:3131>くんなんだ,,
dom2Shizuku_S07.mes,Script/dom2Shizuku_S07.mes,26,4,주인공,え!?,,
dom2Shizuku_S07.mes,Script/dom2Shizuku_S07.mes,27,32,Shizuku,それもね、今の<이름:3131>くんなの.<6E5C>変でしょ、子どもの頃の記憶なのに,,
dom2Shizuku_S07.mes,Script/dom2Shizuku_S07.mes,28,3,[효과음/내레이션],スッ,,
dom2Shizuku_S07.mes,Script/dom2Shizuku_S07.mes,29,8,Shizuku,え、な、なに?,,
dom2Shizuku_S07.mes,Script/dom2Shizuku_S07.mes,30,21,주인공,僕の手のぬくもり……これはなく<6E5C>ならない,,
dom2Shizuku_S07.mes,Script/dom2Shizuku_S07.mes,31,29,주인공,巳沢さんが悲しいって言うなら、<6E5C>ずっと握っててあげるから,,
dom2Shizuku_S07.mes,Script/dom2Shizuku_S07.mes,32,11,Shizuku,……うん、ありがとう,,
dom2Shizuku_S08.mes,Script/dom2Shizuku_S08.mes,0,16,Shizuku,ね、ちょっとお参りして行こうか,,
dom2Shizuku_S08.mes,Script/dom2Shizuku_S08.mes,1,23,주인공,どうしたの、急に.<6E5C>なにか願い事でもあるの?,,
dom2Shizuku_S08.mes,Script/dom2Shizuku_S08.mes,2,21,Shizuku,女の子の願いは、いつだって<6E5C>幸せな結婚よ,,
dom2Shizuku_S08.mes,Script/dom2Shizuku_S08.mes,3,26,주인공,そうなの?最近はそんなことも<6E5C>ないんじゃないかな?,,
dom2Shizuku_S08.mes,Script/dom2Shizuku_S08.mes,4,14,Shizuku,<이름:3131>くんはわかってないなぁ,,
dom2Shizuku_S08.mes,Script/dom2Shizuku_S08.mes,5,38,Shizuku,素敵な男の人に迎えに来てもらう<6E5C>夢っていうのは、<6E5C>いつの時代も変わらないの,,
dom2Shizuku_S08.mes,Script/dom2Shizuku_S08.mes,6,11,주인공,白馬に乗った王子様?,,
dom2Shizuku_S08.mes,Script/dom2Shizuku_S08.mes,7,13,Shizuku,フフ、もう少し現実的だよ,,
dom2Shizuku_S08.mes,Script/dom2Shizuku_S08.mes,8,6,주인공,たとえば?,,
dom2Shizuku_S08.mes,Script/dom2Shizuku_S08.mes,9,36,Shizuku,私のことをとても必要だと言って<6E5C>くれて、ずっといっしょに<6E5C>いてくれる人,,
dom2Shizuku_S08.mes,Script/dom2Shizuku_S08.mes,10,21,주인공,学歴とか社会的地位みたいなのは<6E5C>いいの?,,
dom2Shizuku_S08.mes,Script/dom2Shizuku_S08.mes,11,24,Shizuku,それもあるにこしたことは<6E5C>ないんだろうけど……,,
dom2Shizuku_S08.mes,Script/dom2Shizuku_S08.mes,12,26,Shizuku,でもやっぱり一番は私のことを<6E5C>必要としてくれること,,
dom2Shizuku_S08.mes,Script/dom2Shizuku_S08.mes,13,17,주인공,それって清泉大学出身でもいいの?,,
dom2Shizuku_S08.mes,Script/dom2Shizuku_S08.mes,14,5,Shizuku,もちろん,,
dom2Shizuku_S08.mes,Script/dom2Shizuku_S08.mes,15,12,주인공,そっか……そっかそっか,,
dom2Shizuku_S08.mes,Script/dom2Shizuku_S08.mes,16,13,주인공,今日もお参りして行くの?,,
dom2Shizuku_S08.mes,Script/dom2Shizuku_S08.mes,17,19,Shizuku,うん!<6E5C>素敵な人が現れますようにって,,
dom2Shizuku_S08.mes,Script/dom2Shizuku_S08.mes,18,16,주인공,……まだ、出会ってないのかな?,,
dom2Shizuku_S08.mes,Script/dom2Shizuku_S08.mes,19,3,Shizuku,え?,,
dom2Shizuku_S08.mes,Script/dom2Shizuku_S08.mes,20,30,주인공,巳沢さんの素敵な人、<6E5C>まだ巳沢さんの前に<6E5C>現れてないのかな,,
dom2Shizuku_S08.mes,Script/dom2Shizuku_S08.mes,21,14,Shizuku,どうしてそんなこと閉くの?,,
dom2Shizuku_S08.mes,Script/dom2Shizuku_S08.mes,22,20,주인공,いや、もう現れてたらいいな、<6E5C>と思って,,
dom2Shizuku_S08.mes,Script/dom2Shizuku_S08.mes,23,14,Shizuku,クス……おかしなこと言うね,,
dom2Shizuku_S08.mes,Script/dom2Shizuku_S08.mes,24,6,주인공,そうかな?,,
dom2Shizuku_S08.mes,Script/dom2Shizuku_S08.mes,25,7,Shizuku,うん、変だよ,,
dom2Shizuku_S08.mes,Script/dom2Shizuku_S08.mes,26,9,주인공,そっか、変か……,,
dom2Shizuku_S08.mes,Script/dom2Shizuku_S08.mes,27,12,주인공,変は素敵じゃないよなぁ,,
dom2Shizuku_S08.mes,Script/dom2Shizuku_S08.mes,28,11,Shizuku,私は、変なの好きだよ,,
dom2Shizuku_S08.mes,Script/dom2Shizuku_S08.mes,29,3,주인공,え?,,
dom2Shizuku_S08.mes,Script/dom2Shizuku_S08.mes,30,17,Shizuku,変だけど素敵な人……知ってるから,,
dom2Shizuku_S08.mes,Script/dom2Shizuku_S08.mes,31,12,주인공,それって……誰のこと?,,
dom2Shizuku_S08.mes,Script/dom2Shizuku_S08.mes,32,11,Shizuku,フフ、それは秘密です,,
dom2Shizuku_X01.mes,Script/dom2Shizuku_X01.mes,0,3,[효과음/내레이션],……,,
dom2Shizuku_X01.mes,Script/dom2Shizuku_X01.mes,1,10,[효과음/내레이션],…………えーーん、,,
dom2Shizuku_X01.mes,Script/dom2Shizuku_X01.mes,2,7,주인공,(……ん?),,
dom2Shizuku_X01.mes,Script/dom2Shizuku_X01.mes,3,11,[효과음/내레이션],……えーん、えーん、,,
dom2Shizuku_X01.mes,Script/dom2Shizuku_X01.mes,4,14,주인공,(……誰かが泣いてる……),,
dom2Shizuku_X01.mes,Script/dom2Shizuku_X01.mes,5,11,[효과음/내레이션],……えーん、えーん、,,
dom2Shizuku_X01.mes,Script/dom2Shizuku_X01.mes,6,23,주인공,(……泣かないで、<6E5C>僕がそばにいるから……),,
dom2Shizuku_X01.mes,Script/dom2Shizuku_X01.mes,7,11,[효과음/내레이션],……えーん、えーん、,,
dom2Shizuku_X01.mes,Script/dom2Shizuku_X01.mes,8,17,주인공,(もう手を離したりなんかしない),,
dom2Shizuku_X01.mes,Script/dom2Shizuku_X01.mes,9,7,주인공,(僕が……),,
dom2Shizuku_X01.mes,Script/dom2Shizuku_X01.mes,10,12,주인공,(……また、あの夢か),,
dom2Shizuku_X01.mes,Script/dom2Shizuku_X01.mes,11,28,주인공,んー……ここのとこ、<6E5C>見なかったのになぁ.<6E5C>ファ~……,,
dom2Shizuku_X01.mes,Script/dom2Shizuku_X01.mes,12,13,Hotaru,あ、お兄ちゃん、起きたね,,
dom2Shizuku_X01.mes,Script/dom2Shizuku_X01.mes,13,21,주인공,おぉ、ほたる、早いな.<6E5C>どこか行くのか?,,
dom2Shizuku_X01.mes,Script/dom2Shizuku_X01.mes,14,29,Hotaru,うん!キサラちゃんと約束<6E5C>してるから、ほたるはもう行くよ,,
dom2Shizuku_X01.mes,Script/dom2Shizuku_X01.mes,15,10,주인공,ああ、気をつけてな,,
dom2Shizuku_X01.mes,Script/dom2Shizuku_X01.mes,16,12,Hotaru,うん!行ってきまーす!,,
dom2Shizuku_X01.mes,Script/dom2Shizuku_X01.mes,17,4,[효과음/내레이션],ガチャ,,
dom2Shizuku_X01.mes,Script/dom2Shizuku_X01.mes,18,4,Hotaru,あ……,,
dom2Shizuku_X01.mes,Script/dom2Shizuku_X01.mes,19,10,주인공,どうした、ほたる?,,
dom2Shizuku_X01.mes,Script/dom2Shizuku_X01.mes,20,18,Shizuku,おはよう、<6E5C><이름:3131>くん、ほたるちゃん,,
dom2Shizuku_X01.mes,Script/dom2Shizuku_X01.mes,21,6,Hotaru,あ……うん,,
dom2Shizuku_X01.mes,Script/dom2Shizuku_X01.mes,22,23,주인공,み、巳沢さん!<6E5C>どうしたの、こんな朝早くから,,
dom2Shizuku_X01.mes,Script/dom2Shizuku_X01.mes,23,36,Shizuku,うん、レポートを提出に<6E5C>行くんだけど、<이름:3131>くんも<6E5C>いっしょに、と思って,,
dom2Shizuku_X01.mes,Script/dom2Shizuku_X01.mes,24,19,주인공,そっか、今日だっけ、<6E5C>レポートの提出,,
dom2Shizuku_X01.mes,Script/dom2Shizuku_X01.mes,25,22,Shizuku,ううん、今月中だから、<6E5C>まだ少し余裕あるよ,,
dom2Shizuku_X01.mes,Script/dom2Shizuku_X01.mes,26,11,Shizuku,まだ終わってないの?,,
dom2Shizuku_X01.mes,Script/dom2Shizuku_X01.mes,27,29,주인공,いや、ばっちり終わってるよ.<6E5C>巳沢さんとフィオのおかげで,,
dom2Shizuku_X01.mes,Script/dom2Shizuku_X01.mes,28,14,Hotaru,……あの、ほたる、行くね?,,
dom2Shizuku_X01.mes,Script/dom2Shizuku_X01.mes,29,21,주인공,あ、まだいたのか、ほたる.<6E5C>気をつけてな,,
dom2Shizuku_X01.mes,Script/dom2Shizuku_X01.mes,30,5,Hotaru,うん……,,
dom2Shizuku_X01.mes,Script/dom2Shizuku_X01.mes,31,14,Shizuku,ほたるちゃん、よかったの?,,
dom2Shizuku_X01.mes,Script/dom2Shizuku_X01.mes,32,26,주인공,うん、だいじょうぶ.<6E5C>キサラと遊びに行くんだってさ,,
dom2Shizuku_X01.mes,Script/dom2Shizuku_X01.mes,33,12,Shizuku,そう、それならよかった,,
dom2Shizuku_X01.mes,Script/dom2Shizuku_X01.mes,34,13,Shizuku,さ、私たちも行きましょう,,
dom2Shizuku_X01.mes,Script/dom2Shizuku_X01.mes,35,8,주인공,うん、そうだね,,
dom2Shizuku_X01.mes,Script/dom2Shizuku_X01.mes,36,20,주인공,(うーん……なんだろ、<6E5C>変な感じだな),,
dom2Shizuku_X01.mes,Script/dom2Shizuku_X01.mes,37,52,주인공,(巳沢さん、なんでわざわざ<6E5C>うちまで来たのかな)<485C>(事前に電話してくれれば、<6E5C>待ち合わせもできたのに),,
dom2Shizuku_X01.mes,Script/dom2Shizuku_X01.mes,38,10,주인공,(まぁいいか……),,
dom2Shizuku_X01.mes,Script/dom2Shizuku_X01.mes,39,17,Shizuku,お互い、なんとか進級できそうだね,,
dom2Shizuku_X01.mes,Script/dom2Shizuku_X01.mes,40,23,주인공,うん.まぁマチュアさん次第、<6E5C>ってとこだけど,,
dom2Shizuku_X01.mes,Script/dom2Shizuku_X01.mes,41,12,UNKNOWN_1e,私がどうしたのかしら?,,
dom2Shizuku_X01.mes,Script/dom2Shizuku_X01.mes,42,8,주인공,マチュアさん!,,
dom2Shizuku_X01.mes,Script/dom2Shizuku_X01.mes,43,24,Mature,若い男の子が女の噂話だなんて、<6E5C>朝から健全ねぇ,,
dom2Shizuku_X01.mes,Script/dom2Shizuku_X01.mes,44,19,Shizuku,マチュアさんも朝から<6E5C>元気そうですね,,
dom2Shizuku_X01.mes,Script/dom2Shizuku_X01.mes,45,36,Mature,あら、巳沢さん.<6E5C>あなた今日はあちらの家へ<6E5C>伺う日じゃなかったかしら?,,
dom2Shizuku_X01.mes,Script/dom2Shizuku_X01.mes,46,10,Shizuku,……はい、そうです,,
dom2Shizuku_X01.mes,Script/dom2Shizuku_X01.mes,47,15,Mature,くれぐれも失礼のないようにね,,
dom2Shizuku_X01.mes,Script/dom2Shizuku_X01.mes,48,15,Mature,学長の大切なご友人なんだから,,
dom2Shizuku_X01.mes,Script/dom2Shizuku_X01.mes,49,5,Shizuku,……はい,,
dom2Shizuku_X01.mes,Script/dom2Shizuku_X01.mes,50,8,주인공,え、なんの話?,,
dom2Shizuku_X01.mes,Script/dom2Shizuku_X01.mes,51,12,Shizuku,ううん、なんでもないよ,,
dom2Shizuku_X01.mes,Script/dom2Shizuku_X01.mes,52,40,Mature,女同士の話に首を突っ込むのは、<6E5C>もう少し大人になって女を<6E5C>理解してからになさい,,
dom2Shizuku_X01.mes,Script/dom2Shizuku_X01.mes,53,7,주인공,あ、はぁ……,,
dom2Shizuku_X01.mes,Script/dom2Shizuku_X01.mes,54,9,Shizuku,行こう、<이름:3131>くん,,
dom2Shizuku_X01.mes,Script/dom2Shizuku_X01.mes,55,13,Shizuku,マチュアさん、失礼します,,
dom2Shizuku_X01.mes,Script/dom2Shizuku_X01.mes,56,15,Mature,ええ、がんばってね、巳沢さん,,
dom2Shizuku_X01.mes,Script/dom2Shizuku_X01.mes,57,22,주인공,(な、なんだ?<6E5C>僕の知らないなにかが……),,
dom2Shizuku_X01.mes,Script/dom2Shizuku_X01.mes,58,8,주인공,あ、フィオ……,,
dom2Shizuku_X01.mes,Script/dom2Shizuku_X01.mes,59,7,[효과음/내레이션],ずってーん!,,
dom2Shizuku_X01.mes,Script/dom2Shizuku_X01.mes,60,5,주인공,…………,,
dom2Shizuku_X01.mes,Script/dom2Shizuku_X01.mes,61,12,Shizuku,フィオ、だいじょうぶ?,,
dom2Shizuku_X01.mes,Script/dom2Shizuku_X01.mes,62,15,Fio,はい!フィオさん、平気です!,,
dom2Shizuku_X01.mes,Script/dom2Shizuku_X01.mes,63,23,주인공,フィオは平気というか、<6E5C>兵器だよな.人間魚雷,,
dom2Shizuku_X01.mes,Script/dom2Shizuku_X01.mes,64,19,Fio,ブ~、<이름:3232>さん、<6E5C>朝からひどいです!,,
dom2Shizuku_X01.mes,Script/dom2Shizuku_X01.mes,65,22,Shizuku,アハハハ、たしかによく<6E5C>飛ぶよね、フィオは,,
dom2Shizuku_X01.mes,Script/dom2Shizuku_X01.mes,66,19,Fio,はうう~雫さんまで!<6E5C>ひどいですー!,,
dom2Shizuku_X01.mes,Script/dom2Shizuku_X01.mes,67,11,주인공,ハハハ、ごめんごめん,,
dom2Shizuku_X01.mes,Script/dom2Shizuku_X01.mes,68,17,Shizuku,フィオはもうレポート提出したの?,,
dom2Shizuku_X01.mes,Script/dom2Shizuku_X01.mes,69,11,Fio,はい!ばっちりです!,,
dom2Shizuku_X01.mes,Script/dom2Shizuku_X01.mes,70,22,Shizuku,それじゃ、3人とも課題クリアって<6E5C>ことだね,,
dom2Shizuku_X01.mes,Script/dom2Shizuku_X01.mes,71,10,주인공,うーん、すっきり!,,
dom2Shizuku_X01.mes,Script/dom2Shizuku_X01.mes,72,13,Fio,みなさん、お疲れ様です!,,
dom2Shizuku_X01.mes,Script/dom2Shizuku_X01.mes,73,6,주인공,フィオもね,,
dom2Shizuku_X01.mes,Script/dom2Shizuku_X01.mes,74,17,Fio,フィオさんは全然疲れてないです!,,
dom2Shizuku_X01.mes,Script/dom2Shizuku_X01.mes,75,15,Shizuku,フフ、フィオはいつも元気だね,,
dom2Shizuku_X01.mes,Script/dom2Shizuku_X01.mes,76,4,Fio,はい!,,
dom2Shizuku_X01.mes,Script/dom2Shizuku_X01.mes,77,17,주인공,さてと……これからどうしようか?,,
dom2Shizuku_X01.mes,Script/dom2Shizuku_X01.mes,78,13,Shizuku,みんなで祝杯でもあげる?,,
dom2Shizuku_X01.mes,Script/dom2Shizuku_X01.mes,79,8,주인공,みんなでか……,,
dom2Shizuku_X01.mes,Script/dom2Shizuku_X01.mes,80,33,주인공,(できれば巳沢さんとふたりきりで<6E5C>……って言ったら怒られるかな),,
dom2Shizuku_X01.mes,Script/dom2Shizuku_X01.mes,81,23,주인공,(フィオにも悪いし……う~ん、<6E5C>どうしよう),,
dom2Shizuku_X01.mes,Script/dom2Shizuku_X01.mes,82,14,[선택지],みんなで行こうふたりで行こう,,
dom2Shizuku_X01.mes,Script/dom2Shizuku_X01.mes,83,16,주인공,うん、そうだね.みんなで行こう,,
dom2Shizuku_X01.mes,Script/dom2Shizuku_X01.mes,84,50,Fio,あ……ごめんなさいですぅ<485C>フィオさん、工作部の<6E5C>ミーティングがあるんで、<6E5C>いっしょに行けないんです,,
dom2Shizuku_X01.mes,Script/dom2Shizuku_X01.mes,85,14,Shizuku,そうなの?それは残念ね……,,
dom2Shizuku_X01.mes,Script/dom2Shizuku_X01.mes,86,15,주인공,そっか……それじゃ仕方ないな,,
dom2Shizuku_X01.mes,Script/dom2Shizuku_X01.mes,87,29,주인공,(あぁ!ホッとしてる自分が<6E5C>情けない!フィオ、ごめん!),,
dom2Shizuku_X01.mes,Script/dom2Shizuku_X01.mes,88,19,Shizuku,それじゃあ、<6E5C>ふたりで行きましょうか,,
dom2Shizuku_X01.mes,Script/dom2Shizuku_X01.mes,89,8,주인공,うん、そうだね,,
dom2Shizuku_X01.mes,Script/dom2Shizuku_X01.mes,90,13,Fio,行ってらっしゃいですぅ!,,
dom2Shizuku_X01.mes,Script/dom2Shizuku_X01.mes,91,26,주인공,えっと……みんなで祝杯を<6E5C>あげるのは今度にしない?,,
dom2Shizuku_X01.mes,Script/dom2Shizuku_X01.mes,92,16,주인공,今日はふたりがいいな……なんて,,
dom2Shizuku_X01.mes,Script/dom2Shizuku_X01.mes,93,19,Fio,はわわわ!<6E5C><이름:3232>さんダイタンですぅ!,,
dom2Shizuku_X01.mes,Script/dom2Shizuku_X01.mes,94,16,Shizuku,で、でも、それじゃフィオが……,,
dom2Shizuku_X01.mes,Script/dom2Shizuku_X01.mes,95,49,Fio,私のことなら気にしなくても<6E5C>だいじょうぶですよ!<485C>これから工作部のミーティングが<6E5C>ありますから!,,
dom2Shizuku_X01.mes,Script/dom2Shizuku_X01.mes,96,24,Shizuku,そうなの?ほんとに?<6E5C>私たちに気を遣ってない?,,
dom2Shizuku_X01.mes,Script/dom2Shizuku_X01.mes,97,12,Fio,全然!ほんとですよ~!,,
dom2Shizuku_X01.mes,Script/dom2Shizuku_X01.mes,98,20,Fio,それじゃ、<6E5C>フィオさんもう行きますね!,,
dom2Shizuku_X01.mes,Script/dom2Shizuku_X01.mes,99,5,주인공,う、うん,,
dom2Shizuku_X01.mes,Script/dom2Shizuku_X01.mes,100,11,주인공,(フィオ、ごめん!),,
dom2Shizuku_X01.mes,Script/dom2Shizuku_X01.mes,101,15,Shizuku,……よかったのかな、ほんとに,,
dom2Shizuku_X01.mes,Script/dom2Shizuku_X01.mes,102,21,주인공,うん……悪いことしちゃったね.<6E5C>でも……,,
dom2Shizuku_X01.mes,Script/dom2Shizuku_X01.mes,103,4,Shizuku,でも?,,
dom2Shizuku_X01.mes,Script/dom2Shizuku_X01.mes,104,22,주인공,今日は……巳沢さんとふたりが<6E5C>よかったんだ,,
dom2Shizuku_X01.mes,Script/dom2Shizuku_X01.mes,105,7,Shizuku,<이름:3131>くん……,,
dom2Shizuku_X01.mes,Script/dom2Shizuku_X01.mes,106,8,주인공,い、行こうか!,,
dom2Shizuku_X01.mes,Script/dom2Shizuku_X01.mes,107,3,Shizuku,うん,,
dom2Shizuku_X02.mes,Script/dom2Shizuku_X02.mes,0,12,Shizuku,次はボウリングやろうよ,,
dom2Shizuku_X02.mes,Script/dom2Shizuku_X02.mes,1,30,주인공,フッフッフ、なにをやったって<6E5C>ゲームじゃ僕には勝てないって,,
dom2Shizuku_X02.mes,Script/dom2Shizuku_X02.mes,2,29,Shizuku,言ったわね.<6E5C>じゃあ、もし<이름:3131>くんが<6E5C>負けたらどうする?,,
dom2Shizuku_X02.mes,Script/dom2Shizuku_X02.mes,3,27,주인공,巳沢さんの言うことを、<6E5C>なんでもひとつ閉いて上げるよ,,
dom2Shizuku_X02.mes,Script/dom2Shizuku_X02.mes,4,20,Shizuku,お願い事ひとつか……<6E5C>なんにしようかな,,
dom2Shizuku_X02.mes,Script/dom2Shizuku_X02.mes,5,24,주인공,考えなくてもいいって.<6E5C>どうせ僕が勝つんだから,,
dom2Shizuku_X02.mes,Script/dom2Shizuku_X02.mes,6,27,Shizuku,ダメよ.絶対に勝って、<6E5C>お願い事閉いてもらうんだから,,
dom2Shizuku_X02.mes,Script/dom2Shizuku_X02.mes,7,21,주인공,そんなに意気込むような願い事が<6E5C>あるの?,,
dom2Shizuku_X02.mes,Script/dom2Shizuku_X02.mes,8,8,Shizuku,え、それは……,,
dom2Shizuku_X02.mes,Script/dom2Shizuku_X02.mes,9,16,주인공,なになに?痛いのとかはイヤだよ,,
dom2Shizuku_X02.mes,Script/dom2Shizuku_X02.mes,10,20,Shizuku,そんなんじゃないよ.<6E5C>もっと……普通の,,
dom2Shizuku_X02.mes,Script/dom2Shizuku_X02.mes,11,30,주인공,もっと普通の?なんだろ.<6E5C>まぁいいか.とにかく勝負しよう!,,
dom2Shizuku_X02.mes,Script/dom2Shizuku_X02.mes,12,10,Shizuku,うん!負けないわよ,,
dom2Shizuku_X02.mes,Script/dom2Shizuku_X02.mes,13,20,주인공,(なんだろ、<6E5C>このただならぬ気迫……),,
dom2Shizuku_X02.mes,Script/dom2Shizuku_X02.mes,14,20,주인공,(いったいどんな願い事が<6E5C>あるんだ?),,
dom2Shizuku_X02.mes,Script/dom2Shizuku_X02.mes,15,40,주인공,(気になるからわざと負けて<6E5C>みようかな……いや、でも<6E5C>手加減するのは失礼か?),,
dom2Shizuku_X02.mes,Script/dom2Shizuku_X02.mes,16,11,[선택지],わざと負ける全力で勝負,,
dom2Shizuku_X02.mes,Script/dom2Shizuku_X02.mes,17,25,주인공,(ん~やっぱり気になる!<6E5C>わざと負けちゃおう!),,
dom2Shizuku_X02.mes,Script/dom2Shizuku_X02.mes,18,13,[효과음/내레이션],GAME START!!,,
dom2Shizuku_X02.mes,Script/dom2Shizuku_X02.mes,19,8,[효과음/내레이션],ゴロゴロゴロ……,,
dom2Shizuku_X02.mes,Script/dom2Shizuku_X02.mes,20,6,[효과음/내레이션],ドカーン!,,
dom2Shizuku_X02.mes,Script/dom2Shizuku_X02.mes,21,9,[효과음/내레이션],2P<020A><0190>IN!!,,
dom2Shizuku_X02.mes,Script/dom2Shizuku_X02.mes,22,13,Shizuku,やったー!私の勝ちだね!,,
dom2Shizuku_X02.mes,Script/dom2Shizuku_X02.mes,23,10,주인공,くっそー、負けた!,,
dom2Shizuku_X02.mes,Script/dom2Shizuku_X02.mes,24,29,주인공,(ほ、ほんとに負けたよ.<6E5C>手加減するスキもなかった……),,
dom2Shizuku_X02.mes,Script/dom2Shizuku_X02.mes,25,12,주인공,(巳沢さん、恐るべし),,
dom2Shizuku_X02.mes,Script/dom2Shizuku_X02.mes,26,24,Shizuku,さてさて、どんなお願いを<6E5C>閉いてもらおうかなぁ,,
dom2Shizuku_X02.mes,Script/dom2Shizuku_X02.mes,27,9,주인공,お手柔らかに……,,
dom2Shizuku_X02.mes,Script/dom2Shizuku_X02.mes,28,12,Shizuku,フフ、それじゃあね……,,
dom2Shizuku_X02.mes,Script/dom2Shizuku_X02.mes,29,35,UNKNOWN_29,G<0000><0000><0000><0000><0000><0040><0034><0002>(やっぱり手加減するのは失礼だ!<6E5C>ここは全力で!),,
dom2Shizuku_X02.mes,Script/dom2Shizuku_X02.mes,30,13,[효과음/내레이션],GAME START!!,,
dom2Shizuku_X02.mes,Script/dom2Shizuku_X02.mes,31,8,[효과음/내레이션],ゴロゴロゴロ……,,
dom2Shizuku_X02.mes,Script/dom2Shizuku_X02.mes,32,6,[효과음/내레이션],ドカーン!,,
dom2Shizuku_X02.mes,Script/dom2Shizuku_X02.mes,33,9,[효과음/내레이션],1P<020A><0190>IN!!,,
dom2Shizuku_X02.mes,Script/dom2Shizuku_X02.mes,34,11,Shizuku,あ~負けちゃった……,,
dom2Shizuku_X02.mes,Script/dom2Shizuku_X02.mes,35,4,주인공,よし!,,
dom2Shizuku_X02.mes,Script/dom2Shizuku_X02.mes,36,3,Shizuku,……,,
dom2Shizuku_X02.mes,Script/dom2Shizuku_X02.mes,37,11,주인공,あ、あれ?巳沢さん?,,
dom2Shizuku_X02.mes,Script/dom2Shizuku_X02.mes,38,9,Shizuku,……負けちゃった,,
dom2Shizuku_X02.mes,Script/dom2Shizuku_X02.mes,39,19,주인공,(な、なんだこの重い空気は……!<6E5C>),,
dom2Shizuku_X02.mes,Script/dom2Shizuku_X02.mes,40,26,주인공,(そ、そんなに閉いてほしい<6E5C>お願いがあったのか?),,
dom2Shizuku_X02.mes,Script/dom2Shizuku_X02.mes,41,10,주인공,あ、あの、巳沢さん,,
dom2Shizuku_X02.mes,Script/dom2Shizuku_X02.mes,42,15,주인공,お願い事って、なんだったの?,,
dom2Shizuku_X02.mes,Script/dom2Shizuku_X02.mes,43,14,Shizuku,……いいの.私の負けだから,,
dom2Shizuku_X02.mes,Script/dom2Shizuku_X02.mes,44,26,주인공,い、いや、僕が閉きたいんだ、<6E5C>巳沢さんのお願いを!,,
dom2Shizuku_X02.mes,Script/dom2Shizuku_X02.mes,45,6,Shizuku,どうして?,,
dom2Shizuku_X02.mes,Script/dom2Shizuku_X02.mes,46,8,주인공,そ、それは……,,
dom2Shizuku_X02.mes,Script/dom2Shizuku_X02.mes,47,31,주인공,(巳沢さんの顔が暗いから……<6E5C>って言うわけにもいかないよな),,
dom2Shizuku_X02.mes,Script/dom2Shizuku_X02.mes,48,9,Shizuku,ねぇ、どうして?,,
dom2Shizuku_X02.mes,Script/dom2Shizuku_X02.mes,49,36,주인공,み、巳沢さんのためにできることが<6E5C>あるなら、僕も嬉しいなぁ……<6E5C>なんて,,
dom2Shizuku_X02.mes,Script/dom2Shizuku_X02.mes,50,9,Shizuku,フフ、なにそれ?,,
dom2Shizuku_X02.mes,Script/dom2Shizuku_X02.mes,51,36,주인공,い、いいじゃないか!<6E5C>とにかく、僕は巳沢さんの<6E5C>お願いを閉きたいんだよ,,
dom2Shizuku_X02.mes,Script/dom2Shizuku_X02.mes,52,11,Shizuku,ありがとう、<이름:3131>くん,,
dom2Shizuku_X02.mes,Script/dom2Shizuku_X02.mes,53,25,Shizuku,<이름:3131>くんはやさしいね.<6E5C>甘えちゃっていいのかな?,,
dom2Shizuku_X02.mes,Script/dom2Shizuku_X02.mes,54,15,주인공,もちろん!どんどん甘えてよ!,,
dom2Shizuku_X02.mes,Script/dom2Shizuku_X02.mes,55,12,Shizuku,フフ、それじゃあね……,,
dom2Shizuku_X02.mes,Script/dom2Shizuku_X02.mes,56,12,Shizuku,手……つないでもいい?,,
dom2Shizuku_X02.mes,Script/dom2Shizuku_X02.mes,57,13,주인공,へ?お願い事って、それ?,,
dom2Shizuku_X02.mes,Script/dom2Shizuku_X02.mes,58,6,Shizuku,ダメ、かな,,
dom2Shizuku_X02.mes,Script/dom2Shizuku_X02.mes,59,14,주인공,と、とんでもない!喜んで!,,
dom2Shizuku_X02.mes,Script/dom2Shizuku_X02.mes,60,6,Shizuku,よかった!,,
dom2Shizuku_X02.mes,Script/dom2Shizuku_X02.mes,61,28,주인공,僕はもっととんでもないお願いを<6E5C>されるのかと思ってたよ,,
dom2Shizuku_X02.mes,Script/dom2Shizuku_X02.mes,62,30,Shizuku,とんでもないこと?<6E5C>そんなのないよ.<6E5C>私は普通の女の子だよ,,
dom2Shizuku_X02.mes,Script/dom2Shizuku_X02.mes,63,12,주인공,う、うん.それじゃ……,,
dom2Shizuku_X02.mes,Script/dom2Shizuku_X02.mes,64,4,[효과음/내레이션],ギュッ,,
dom2Shizuku_X02.mes,Script/dom2Shizuku_X02.mes,65,17,Shizuku,……あったかいね、<6E5C><이름:3131>くんの手,,
dom2Shizuku_X02.mes,Script/dom2Shizuku_X02.mes,66,24,주인공,み、巳沢さんの手はひんやり<6E5C>してて気持ちいいよ,,
dom2Shizuku_X02.mes,Script/dom2Shizuku_X02.mes,67,21,Shizuku,なんか照れるね、<6E5C>手をつないで歩くのって,,
dom2Shizuku_X02.mes,Script/dom2Shizuku_X02.mes,68,42,주인공,うん、そうだね.<6E5C>子供の頃はそんなこと気にしないで<6E5C>、誰とでも手をつないでたのにな,,
dom2Shizuku_X02.mes,Script/dom2Shizuku_X02.mes,69,39,Shizuku,そうなの?私は小さいときから、<6E5C>あんまり人と手をつなぐことって<6E5C>なかったけど,,
dom2Shizuku_X02.mes,Script/dom2Shizuku_X02.mes,70,25,주인공,そっか……僕だけなのかな、<6E5C>そういう子供時代って,,
dom2Shizuku_X02.mes,Script/dom2Shizuku_X02.mes,71,16,Shizuku,案外、今もそうなんじゃないの?,,
dom2Shizuku_X02.mes,Script/dom2Shizuku_X02.mes,72,19,Shizuku,簡単に誰とでも手を<6E5C>つないでたりして,,
dom2Shizuku_X02.mes,Script/dom2Shizuku_X02.mes,73,12,주인공,そ、そんなことないよ!,,
dom2Shizuku_X02.mes,Script/dom2Shizuku_X02.mes,74,12,주인공,……巳沢さんだけ、です,,
dom2Shizuku_X02.mes,Script/dom2Shizuku_X02.mes,75,7,Shizuku,うれしい……,,
dom2Shizuku_X02.mes,Script/dom2Shizuku_X02.mes,76,14,Shizuku,でも、ちょっと恥ずかしいね,,
dom2Shizuku_X02.mes,Script/dom2Shizuku_X02.mes,77,6,UNKNOWN_1e,まったくだ,,
dom2Shizuku_X02.mes,Script/dom2Shizuku_X02.mes,78,9,주인공,や、八神先輩……,,
dom2Shizuku_X02.mes,Script/dom2Shizuku_X02.mes,79,8,Shizuku,こ、こんにちは,,
dom2Shizuku_X02.mes,Script/dom2Shizuku_X02.mes,80,31,Iori,こんな時間から人目もはばからず…<6E5C>…貴様、羨恥心はないのか?,,
dom2Shizuku_X02.mes,Script/dom2Shizuku_X02.mes,81,19,주인공,み、みんな、手くらいつないで<6E5C>ますよ,,
dom2Shizuku_X02.mes,Script/dom2Shizuku_X02.mes,82,36,Iori,フン……くだらん.<6E5C>俗習に飲まれて己を見失っている<6E5C>ことに気づかんとは,,
dom2Shizuku_X02.mes,Script/dom2Shizuku_X02.mes,83,27,주인공,俗習っていうか……恋人同士なら<6E5C>自然なことでしょう?,,
dom2Shizuku_X02.mes,Script/dom2Shizuku_X02.mes,84,11,Shizuku,え?<이름:3131>くん、今……,,
dom2Shizuku_X02.mes,Script/dom2Shizuku_X02.mes,85,34,Iori,それがお前の意思か?<6E5C>内なる衝動から沸き上がる<6E5C>お前の意思なのか?,,
dom2Shizuku_X02.mes,Script/dom2Shizuku_X02.mes,86,9,주인공,ま、まぁそうです,,
dom2Shizuku_X02.mes,Script/dom2Shizuku_X02.mes,87,14,Iori,……ならば、その手を離すな,,
dom2Shizuku_X02.mes,Script/dom2Shizuku_X02.mes,88,3,주인공,え?,,
dom2Shizuku_X02.mes,Script/dom2Shizuku_X02.mes,89,48,Iori,連なり、つながっていくものが縁で<6E5C>あるならば、お前がその手を離さ<6E5C>ない限り、円となって輪を成す,,
dom2Shizuku_X02.mes,Script/dom2Shizuku_X02.mes,90,21,Iori,輪となった縁は、そうそうは<6E5C>壊れぬものだ,,
dom2Shizuku_X02.mes,Script/dom2Shizuku_X02.mes,91,75,주인공,(や、八神先輩……たくさん話して<6E5C>くれるのはありがたいですけど、)<485C>(なにを言ってるのかよく<6E5C>わかりません……って言ったら<6E5C>殺されるかもしれないな),,
dom2Shizuku_X02.mes,Script/dom2Shizuku_X02.mes,92,20,주인공,わ、わかりました.<6E5C>この手は離しません,,
dom2Shizuku_X02.mes,Script/dom2Shizuku_X02.mes,93,20,Iori,フン……茶番に<6E5C>付き合わされたようだな,,
dom2Shizuku_X02.mes,Script/dom2Shizuku_X02.mes,94,27,주인공,付き合わされたって……八神先輩が<6E5C>話しかけてきたのに,,
dom2Shizuku_X02.mes,Script/dom2Shizuku_X02.mes,95,5,Shizuku,<이름:3131>くん,,
dom2Shizuku_X02.mes,Script/dom2Shizuku_X02.mes,96,31,주인공,え?あ、ごめん、巳沢さん.<6E5C>八神先輩の迫力に飲まれて忘れてた,,
dom2Shizuku_X02.mes,Script/dom2Shizuku_X02.mes,97,10,Shizuku,ずっと、離さない?,,
dom2Shizuku_X02.mes,Script/dom2Shizuku_X02.mes,98,3,주인공,え?,,
dom2Shizuku_X02.mes,Script/dom2Shizuku_X02.mes,99,22,Shizuku,私の手……ずっと離さないで<6E5C>いてくれるの?,,
dom2Shizuku_X02.mes,Script/dom2Shizuku_X02.mes,100,12,주인공,(あ……さっきの話か),,
dom2Shizuku_X02.mes,Script/dom2Shizuku_X02.mes,101,35,주인공,もちろんだよ!あ、その……<6E5C>もちろん、巳沢さんさえよければ、<6E5C>だけど,,
dom2Shizuku_X02.mes,Script/dom2Shizuku_X02.mes,102,5,Shizuku,私は……,,
dom2Shizuku_X02.mes,Script/dom2Shizuku_X02.mes,103,9,[효과음/내레이션],♪PLLLL……,,
dom2Shizuku_X02.mes,Script/dom2Shizuku_X02.mes,104,10,Shizuku,あ、ごめん、電話だ,,
dom2Shizuku_X02.mes,Script/dom2Shizuku_X02.mes,105,3,[효과음/내레이션],ピッ,,
dom2Shizuku_X02.mes,Script/dom2Shizuku_X02.mes,106,7,Shizuku,もしもし……,,
dom2Shizuku_X02.mes,Script/dom2Shizuku_X02.mes,107,22,주인공,(あ、あっさり、<6E5C>手……離されちゃったな),,
dom2Shizuku_X02.mes,Script/dom2Shizuku_X02.mes,108,22,Shizuku,はい、はい、わかりました.<6E5C>すぐに行きます,,
dom2Shizuku_X02.mes,Script/dom2Shizuku_X02.mes,109,3,[효과음/내레이션],ピッ,,
dom2Shizuku_X02.mes,Script/dom2Shizuku_X02.mes,110,16,Shizuku,ごめんなさい.私、行かなくちゃ,,
dom2Shizuku_X02.mes,Script/dom2Shizuku_X02.mes,111,17,주인공,朝にマチュアさんが言ってた用事?,,
dom2Shizuku_X02.mes,Script/dom2Shizuku_X02.mes,112,5,Shizuku,う、うん,,
dom2Shizuku_X02.mes,Script/dom2Shizuku_X02.mes,113,27,주인공,そっか.わかった.<6E5C>よくわかんないけど、がんばってね,,
dom2Shizuku_X02.mes,Script/dom2Shizuku_X02.mes,114,12,Shizuku,がんばって……いいの?,,
dom2Shizuku_X02.mes,Script/dom2Shizuku_X02.mes,115,3,주인공,え?,,
dom2Shizuku_X02.mes,Script/dom2Shizuku_X02.mes,116,11,Shizuku,ううん、なんでもない,,
dom2Shizuku_X02.mes,Script/dom2Shizuku_X02.mes,117,21,Shizuku,ありがとう、<이름:3131>くん.<6E5C>今日は楽しかった,,
dom2Shizuku_X02.mes,Script/dom2Shizuku_X02.mes,118,12,주인공,うん、僕も楽しかったよ,,
dom2Shizuku_X02.mes,Script/dom2Shizuku_X02.mes,119,6,Shizuku,じゃあね!,,
dom2Shizuku_X02.mes,Script/dom2Shizuku_X02.mes,120,15,주인공,(……ほんと、楽しかったな),,
dom2Shizuku_X02.mes,Script/dom2Shizuku_X02.mes,121,20,Hotaru,お帰り、お兄ちゃん.<6E5C>晩ご飯できてるよ,,
dom2Shizuku_X02.mes,Script/dom2Shizuku_X02.mes,122,27,주인공,ああ、サンキュー.<6E5C>って、この甘いにおいはなんだよ?,,
dom2Shizuku_X02.mes,Script/dom2Shizuku_X02.mes,123,23,Hotaru,ほたる特製、<6E5C>アイスチョコバナナクレープだよ,,
dom2Shizuku_X02.mes,Script/dom2Shizuku_X02.mes,124,10,주인공,それはおやつだろ!,,
dom2Shizuku_X02.mes,Script/dom2Shizuku_X02.mes,125,15,Hotaru,ほたるにとってはご飯だもん!,,
dom2Shizuku_X02.mes,Script/dom2Shizuku_X02.mes,126,9,주인공,ハァ……モグモグ,,
dom2Shizuku_X02.mes,Script/dom2Shizuku_X02.mes,127,7,주인공,あ、甘い……,,
dom2Shizuku_X02.mes,Script/dom2Shizuku_X02.mes,128,26,주인공,(なんとも甘ったるい1日の<6E5C>終わりになったな……),,
dom2Shizuku_X03.mes,Script/dom2Shizuku_X03.mes,0,5,[효과음/내레이션],…………,,
dom2Shizuku_X03.mes,Script/dom2Shizuku_X03.mes,1,10,[효과음/내레이션],…………えーーん、,,
dom2Shizuku_X03.mes,Script/dom2Shizuku_X03.mes,2,14,주인공,(……まだ、泣いてるの?),,
dom2Shizuku_X03.mes,Script/dom2Shizuku_X03.mes,3,21,주인공,(君は……誰?<6E5C>どうして泣いているの?),,
dom2Shizuku_X03.mes,Script/dom2Shizuku_X03.mes,4,5,[효과음/내레이션],…………,,
dom2Shizuku_X03.mes,Script/dom2Shizuku_X03.mes,5,10,[효과음/내레이션],…………えーーん、,,
dom2Shizuku_X03.mes,Script/dom2Shizuku_X03.mes,6,13,주인공,(僕が手を離したから?),,
dom2Shizuku_X03.mes,Script/dom2Shizuku_X03.mes,7,30,주인공,(だったら、もう一度手を<6E5C>伸ばすから、つかんでくれないか),,
dom2Shizuku_X03.mes,Script/dom2Shizuku_X03.mes,8,5,[효과음/내레이션],…………,,
dom2Shizuku_X03.mes,Script/dom2Shizuku_X03.mes,9,5,[효과음/내레이션],…………,,
dom2Shizuku_X03.mes,Script/dom2Shizuku_X03.mes,10,24,주인공,(きっと、今の僕の手は<6E5C>あたたかいと思うから),,
dom2Shizuku_X03.mes,Script/dom2Shizuku_X03.mes,11,23,주인공,(きっと、君を護れると<6E5C>思うから……だから),,
dom2Shizuku_X03.mes,Script/dom2Shizuku_X03.mes,12,5,[효과음/내레이션],…………,,
dom2Shizuku_X03.mes,Script/dom2Shizuku_X03.mes,13,5,[효과음/내레이션],…………,,
dom2Shizuku_X03.mes,Script/dom2Shizuku_X03.mes,14,11,주인공,……僕の手を……ん?,,
dom2Shizuku_X03.mes,Script/dom2Shizuku_X03.mes,15,9,주인공,(もう朝か……),,
dom2Shizuku_X03.mes,Script/dom2Shizuku_X03.mes,16,5,UNKNOWN_1e,キュウ!,,
dom2Shizuku_X03.mes,Script/dom2Shizuku_X03.mes,17,5,[효과음/내레이션],ガブッ!,,
dom2Shizuku_X03.mes,Script/dom2Shizuku_X03.mes,18,6,주인공,いってぇ!,,
dom2Shizuku_X03.mes,Script/dom2Shizuku_X03.mes,19,25,주인공,(わ、我が家では感傷に浸る<6E5C>スキもないのか……),,
dom2Shizuku_X03.mes,Script/dom2Shizuku_X03.mes,20,11,Hotaru,おはよう、お兄ちゃん,,
dom2Shizuku_X03.mes,Script/dom2Shizuku_X03.mes,21,23,주인공,ああ、おはよう.<6E5C>また今日もどこか行くのか?,,
dom2Shizuku_X03.mes,Script/dom2Shizuku_X03.mes,22,24,Hotaru,うん!イトカツとお散歩だよ.<6E5C>行ってきま~す!,,
dom2Shizuku_X03.mes,Script/dom2Shizuku_X03.mes,23,5,UNKNOWN_3e,キュゥ!,,
dom2Shizuku_X03.mes,Script/dom2Shizuku_X03.mes,24,13,주인공,いってらっしゃい、と……,,
dom2Shizuku_X03.mes,Script/dom2Shizuku_X03.mes,25,29,주인공,(レポートも出したし、暇だな.<6E5C>昼からどこか行こうかな),,
dom2Shizuku_X03.mes,Script/dom2Shizuku_X03.mes,26,10,[선택지],繁華街イリュージョン,,
dom2Shizuku_X03.mes,Script/dom2Shizuku_X03.mes,27,11,주인공,(……と!まずい!),,
dom2Shizuku_X03.mes,Script/dom2Shizuku_X03.mes,28,34,UNKNOWN_42,おい、人の顔を見て逃げようと<6E5C>するとはどういうつもりだ、<6E5C><이름:3131><이름:3232>,,
dom2Shizuku_X03.mes,Script/dom2Shizuku_X03.mes,29,15,주인공,い、いや、そんなつもりは……,,
dom2Shizuku_X03.mes,Script/dom2Shizuku_X03.mes,30,12,Mature,許してあげたら?バイス,,
dom2Shizuku_X03.mes,Script/dom2Shizuku_X03.mes,31,25,Mature,人は、まぶしいものから目を<6E5C>逸らしてしまうものよ,,
dom2Shizuku_X03.mes,Script/dom2Shizuku_X03.mes,32,5,UNKNOWN_42,フン……,,
dom2Shizuku_X03.mes,Script/dom2Shizuku_X03.mes,33,8,주인공,フゥ……どうも,,
dom2Shizuku_X03.mes,Script/dom2Shizuku_X03.mes,34,18,Mature,<이름:3131>君、<6E5C>今日はひとりなのかしら?,,
dom2Shizuku_X03.mes,Script/dom2Shizuku_X03.mes,35,10,주인공,はい、そうですけど,,
dom2Shizuku_X03.mes,Script/dom2Shizuku_X03.mes,36,27,Mature,あら、ひとりで私たちふたりの<6E5C>相手ができるのかしら?,,
dom2Shizuku_X03.mes,Script/dom2Shizuku_X03.mes,37,21,UNKNOWN_42,こいつにそんな体力があるわけ<6E5C>ないだろう,,
dom2Shizuku_X03.mes,Script/dom2Shizuku_X03.mes,38,27,주인공,まったくその通りです.<6E5C>僕におふたりの相手なんて……,,
dom2Shizuku_X03.mes,Script/dom2Shizuku_X03.mes,39,15,Mature,巳沢雫の相手ならできるのに?,,
dom2Shizuku_X03.mes,Script/dom2Shizuku_X03.mes,40,20,주인공,な、なんで、ここで巳沢さんの<6E5C>名前が?,,
dom2Shizuku_X03.mes,Script/dom2Shizuku_X03.mes,41,4,Mature,<이름:3131>君,,
dom2Shizuku_X03.mes,Script/dom2Shizuku_X03.mes,42,3,주인공,はい,,
dom2Shizuku_X03.mes,Script/dom2Shizuku_X03.mes,43,54,Mature,女には2種類あるのよ.<6E5C>捕まえるとすり抜けて<6E5C>しまうタイプと、<485C>捕まえてもらわないと<6E5C>不安で仕方ないタイプ,,
dom2Shizuku_X03.mes,Script/dom2Shizuku_X03.mes,44,26,Mature,私やバイスは前者だけど……<6E5C>巳沢さんはどうかしら?,,
dom2Shizuku_X03.mes,Script/dom2Shizuku_X03.mes,45,9,주인공,巳沢さんですか?,,
dom2Shizuku_X03.mes,Script/dom2Shizuku_X03.mes,46,24,주인공,被女はとても強い子だと思うから<6E5C>……前者、かな,,
dom2Shizuku_X03.mes,Script/dom2Shizuku_X03.mes,47,5,Mature,……フゥ,,
dom2Shizuku_X03.mes,Script/dom2Shizuku_X03.mes,48,26,주인공,(な、なんとも深いため息を<6E5C>つかれてしまったぞ?),,
dom2Shizuku_X03.mes,Script/dom2Shizuku_X03.mes,49,14,UNKNOWN_42,お前は本当にそう思うのか?,,
dom2Shizuku_X03.mes,Script/dom2Shizuku_X03.mes,50,8,주인공,え、ええ、まぁ,,
dom2Shizuku_X03.mes,Script/dom2Shizuku_X03.mes,51,22,UNKNOWN_42,ならば、なぜ巳沢雫が<6E5C>見合いなどするんだ?,,
dom2Shizuku_X03.mes,Script/dom2Shizuku_X03.mes,52,8,주인공,み、見合い!?,,
dom2Shizuku_X03.mes,Script/dom2Shizuku_X03.mes,53,7,Mature,バイス……!,,
dom2Shizuku_X03.mes,Script/dom2Shizuku_X03.mes,54,26,UNKNOWN_42,あ、ああ、すまん.<6E5C>このバカを見てると、つい……な,,
dom2Shizuku_X03.mes,Script/dom2Shizuku_X03.mes,55,16,Mature,そうね.再教育の必要があるわね,,
dom2Shizuku_X03.mes,Script/dom2Shizuku_X03.mes,56,9,주인공,え、ちょっと……,,
dom2Shizuku_X03.mes,Script/dom2Shizuku_X03.mes,57,4,[효과음/내레이션],ガシッ,,
dom2Shizuku_X03.mes,Script/dom2Shizuku_X03.mes,58,5,[효과음/내레이션],ガシッ、,,
dom2Shizuku_X03.mes,Script/dom2Shizuku_X03.mes,59,9,[효과음/내레이션],ズルズルズル……,,
dom2Shizuku_X03.mes,Script/dom2Shizuku_X03.mes,60,14,주인공,うわ~!助けてぇぇぇぇ!!,,
dom2Shizuku_X03.mes,Script/dom2Shizuku_X03.mes,61,31,주인공,(巳沢さんがバイトしてるはずだし<6E5C>、イリュージョンに行こう),,
dom2Shizuku_X03.mes,Script/dom2Shizuku_X03.mes,62,12,[효과음/내레이션],♪カランコロンカラ~ン,,
dom2Shizuku_X03.mes,Script/dom2Shizuku_X03.mes,63,7,King,いらっしゃい,,
dom2Shizuku_X03.mes,Script/dom2Shizuku_X03.mes,64,12,주인공,こんにちは、キングさん,,
dom2Shizuku_X03.mes,Script/dom2Shizuku_X03.mes,65,10,King,今日はひとりかい?,,
dom2Shizuku_X03.mes,Script/dom2Shizuku_X03.mes,66,18,주인공,はい……あれ?<6E5C>今日、巳沢さんは?,,
dom2Shizuku_X03.mes,Script/dom2Shizuku_X03.mes,67,20,King,ああ、大事な用があるからね、<6E5C>お休みだ,,
dom2Shizuku_X03.mes,Script/dom2Shizuku_X03.mes,68,6,주인공,大事な用?,,
dom2Shizuku_X03.mes,Script/dom2Shizuku_X03.mes,69,16,King,なんだ、なにも閉いてないのか?,,
dom2Shizuku_X03.mes,Script/dom2Shizuku_X03.mes,70,37,King,そうか……君たちは<6E5C>仲が良かったからな.<6E5C>少し言い出しにくかったんだろう,,
dom2Shizuku_X03.mes,Script/dom2Shizuku_X03.mes,71,11,주인공,どういうことですか?,,
dom2Shizuku_X03.mes,Script/dom2Shizuku_X03.mes,72,19,King,……被女は今、お見合いに<6E5C>行ってるよ,,
dom2Shizuku_X03.mes,Script/dom2Shizuku_X03.mes,73,9,주인공,え、えぇぇぇ!!,,
dom2Shizuku_X03.mes,Script/dom2Shizuku_X03.mes,74,25,King,フゥ……ほんとになにも<6E5C>知らされてなかったんだな,,
dom2Shizuku_X03.mes,Script/dom2Shizuku_X03.mes,75,8,주인공,はい、まったく,,
dom2Shizuku_X03.mes,Script/dom2Shizuku_X03.mes,76,10,King,それでいいのかい?,,
dom2Shizuku_X03.mes,Script/dom2Shizuku_X03.mes,77,3,주인공,え?,,
dom2Shizuku_X03.mes,Script/dom2Shizuku_X03.mes,78,23,King,<이름:3131>君には言わなかった.<6E5C>いや、言えなかった,,
dom2Shizuku_X03.mes,Script/dom2Shizuku_X03.mes,79,16,King,そのことの意味、わかるだろう?,,
dom2Shizuku_X03.mes,Script/dom2Shizuku_X03.mes,80,12,주인공,言えなかった……意味?,,
dom2Shizuku_X03.mes,Script/dom2Shizuku_X03.mes,81,26,King,難しいことじゃない.<6E5C>ごくごく単純な、大切な意味だ,,
dom2Shizuku_X03.mes,Script/dom2Shizuku_X03.mes,82,3,주인공,……,,
dom2Shizuku_X03.mes,Script/dom2Shizuku_X03.mes,83,20,King,フ……まぁいいさ.<6E5C>ゆっくり考えなさい,,
dom2Shizuku_X03.mes,Script/dom2Shizuku_X03.mes,84,15,주인공,(巳沢さんが、お見合い……),,
dom2Shizuku_X03.mes,Script/dom2Shizuku_X03.mes,85,6,[효과음/내레이션],バシーン!,,
dom2Shizuku_X03.mes,Script/dom2Shizuku_X03.mes,86,15,Kisarah,どうしたの、暗い顔しちゃって,,
dom2Shizuku_X03.mes,Script/dom2Shizuku_X03.mes,87,24,주인공,キ、キサラか!<6E5C>いきなりハンドバッグで殴るなよ,,
dom2Shizuku_X03.mes,Script/dom2Shizuku_X03.mes,88,23,Kisarah,なんのこと?<6E5C>ボクはフツーに歩いてただけだよ,,
dom2Shizuku_X03.mes,Script/dom2Shizuku_X03.mes,89,22,주인공,ハンドバッグ振り回して歩く<6E5C>普通があるかよ,,
dom2Shizuku_X03.mes,Script/dom2Shizuku_X03.mes,90,12,Kisarah,ハハハ、まぁいいじゃん,,
dom2Shizuku_X03.mes,Script/dom2Shizuku_X03.mes,91,13,Kisarah,それより、どうしたのさ?,,
dom2Shizuku_X03.mes,Script/dom2Shizuku_X03.mes,92,13,주인공,……キサラには関係ないよ,,
dom2Shizuku_X03.mes,Script/dom2Shizuku_X03.mes,93,52,Kisarah,なに、その言い方!<6E5C>こんなにカワイイ女の子が、<485C>さえない大学生の話を<6E5C>閉いてあげようって言ってるのに!,,
dom2Shizuku_X03.mes,Script/dom2Shizuku_X03.mes,94,8,주인공,わ、悪かったよ,,
dom2Shizuku_X03.mes,Script/dom2Shizuku_X03.mes,95,25,Kisarah,ホラ、話してみなよ.<6E5C>ちょっとは楽になるかもよ?,,
dom2Shizuku_X03.mes,Script/dom2Shizuku_X03.mes,96,10,주인공,うん……じつは……,,
dom2Shizuku_X03.mes,Script/dom2Shizuku_X03.mes,97,15,Kisarah,そんなの決まってるじゃない!,,
dom2Shizuku_X03.mes,Script/dom2Shizuku_X03.mes,98,41,Kisarah,その子、<이름:3232>クンのことが<6E5C>好きなんだよ.そんなこと、<6E5C>悩まなくてもわかるでしょ!,,
dom2Shizuku_X03.mes,Script/dom2Shizuku_X03.mes,99,28,주인공,いや、だって、一度もそんなこと<6E5C>言われたことないし……,,
dom2Shizuku_X03.mes,Script/dom2Shizuku_X03.mes,100,17,Kisarah,そんなの、言えるわけないじゃない,,
dom2Shizuku_X03.mes,Script/dom2Shizuku_X03.mes,101,17,Kisarah,その子、結婚を考えてるんでしょ?,,
dom2Shizuku_X03.mes,Script/dom2Shizuku_X03.mes,102,25,Kisarah,きっと、いろいろあって<6E5C>そう決めたんだと思うんだ,,
dom2Shizuku_X03.mes,Script/dom2Shizuku_X03.mes,103,27,주인공,そういえば巳沢さん、身寄りが<6E5C>ないって言ってたな……,,
dom2Shizuku_X03.mes,Script/dom2Shizuku_X03.mes,104,34,Kisarah,家族がほしいんだよ.<6E5C>だから、好きってだけじゃ<6E5C>走り出せないんだよ,,
dom2Shizuku_X03.mes,Script/dom2Shizuku_X03.mes,105,27,Kisarah,そんなこともわかんないなんて、<6E5C>ダメだなぁ<이름:3232>クンは,,
dom2Shizuku_X03.mes,Script/dom2Shizuku_X03.mes,106,12,주인공,そ、そうだったのか……,,
dom2Shizuku_X03.mes,Script/dom2Shizuku_X03.mes,107,34,Kisarah,やれやれ、<6E5C>こんなんじゃ<이름:3232>クンの奥さんに<6E5C>なる人はタイヘンだね!,,
dom2Shizuku_X03.mes,Script/dom2Shizuku_X03.mes,108,17,주인공,そうだな.もうちょっと勉強するよ,,
dom2Shizuku_X03.mes,Script/dom2Shizuku_X03.mes,109,8,Kisarah,フフ、よろしい,,
dom2Shizuku_X03.mes,Script/dom2Shizuku_X03.mes,110,15,Hotaru,うわーきれいだね、お兄ちゃん,,
dom2Shizuku_X03.mes,Script/dom2Shizuku_X03.mes,111,5,주인공,なにが?,,
dom2Shizuku_X03.mes,Script/dom2Shizuku_X03.mes,112,15,Hotaru,ほら、このウェディングドレス,,
dom2Shizuku_X03.mes,Script/dom2Shizuku_X03.mes,113,11,Hotaru,花嫁さん、幸せそう!,,
dom2Shizuku_X03.mes,Script/dom2Shizuku_X03.mes,114,11,주인공,なんだ、テレビの話か,,
dom2Shizuku_X03.mes,Script/dom2Shizuku_X03.mes,115,20,Hotaru,いいなぁ.<6E5C>ほたるもいつか着てみたいな,,
dom2Shizuku_X03.mes,Script/dom2Shizuku_X03.mes,116,21,주인공,ハハ、ほたるには<6E5C>まだまだまだまだ早いよ,,
dom2Shizuku_X03.mes,Script/dom2Shizuku_X03.mes,117,14,Hotaru,もう!また子ども扱いして!,,
dom2Shizuku_X03.mes,Script/dom2Shizuku_X03.mes,118,8,[효과음/내레이션],PLLLL……,,
dom2Shizuku_X03.mes,Script/dom2Shizuku_X03.mes,119,6,주인공,あ、電話だ,,
dom2Shizuku_X03.mes,Script/dom2Shizuku_X03.mes,120,3,[효과음/내레이션],ピッ,,
dom2Shizuku_X03.mes,Script/dom2Shizuku_X03.mes,121,5,주인공,もしもし,,
dom2Shizuku_X03.mes,Script/dom2Shizuku_X03.mes,122,10,Shizuku,もしもし、巳沢です,,
dom2Shizuku_X03.mes,Script/dom2Shizuku_X03.mes,123,13,주인공,巳沢さん!?どうしたの?,,
dom2Shizuku_X03.mes,Script/dom2Shizuku_X03.mes,124,21,Shizuku,うん……<이름:3131>くんにひとつ<6E5C>お願いがあって,,
dom2Shizuku_X03.mes,Script/dom2Shizuku_X03.mes,125,16,주인공,なに?どうしたの、あらたまって,,
dom2Shizuku_X03.mes,Script/dom2Shizuku_X03.mes,126,17,Shizuku,明日、私とデートしてくれないかな,,
dom2Shizuku_X03.mes,Script/dom2Shizuku_X03.mes,127,29,주인공,デート?いいけど……巳沢さんの<6E5C>ほうはだいじょうぶなの?,,
dom2Shizuku_X03.mes,Script/dom2Shizuku_X03.mes,128,13,Shizuku,うん……明日で最後だから,,
dom2Shizuku_X03.mes,Script/dom2Shizuku_X03.mes,129,4,주인공,最後?,,
dom2Shizuku_X03.mes,Script/dom2Shizuku_X03.mes,130,32,Shizuku,ううん、なんでもない!<6E5C>それじゃ、明日のお昼に<6E5C>迎えに行くね!,,
dom2Shizuku_X03.mes,Script/dom2Shizuku_X03.mes,131,3,[효과음/내레이션],ピッ,,
dom2Shizuku_X03.mes,Script/dom2Shizuku_X03.mes,132,14,주인공,(……なんだろ、最後って),,
dom2Shizuku_X03.mes,Script/dom2Shizuku_X03.mes,133,22,주인공,(心なしか声に元気もなかった気が<6E5C>するし),,
dom2Shizuku_X04.mes,Script/dom2Shizuku_X04.mes,0,5,[효과음/내레이션],…………,,
dom2Shizuku_X04.mes,Script/dom2Shizuku_X04.mes,1,10,[효과음/내레이션],…………えーーん、,,
dom2Shizuku_X04.mes,Script/dom2Shizuku_X04.mes,2,10,주인공,(……また、君か),,
dom2Shizuku_X04.mes,Script/dom2Shizuku_X04.mes,3,11,[효과음/내레이션],……えーん、えーん、,,
dom2Shizuku_X04.mes,Script/dom2Shizuku_X04.mes,4,23,주인공,(手を離してしまった僕を<6E5C>責めてるのかい?),,
dom2Shizuku_X04.mes,Script/dom2Shizuku_X04.mes,5,5,[효과음/내레이션],…………,,
dom2Shizuku_X04.mes,Script/dom2Shizuku_X04.mes,6,27,주인공,(ごめん.あのときの僕には、<6E5C>君を護る力がなかった),,
dom2Shizuku_X04.mes,Script/dom2Shizuku_X04.mes,7,37,주인공,(でも、今なら……君を受け止める<6E5C>ことができると思うんだ.<6E5C>だから……),,
dom2Shizuku_X04.mes,Script/dom2Shizuku_X04.mes,8,10,주인공,(もう泣かないで),,
dom2Shizuku_X04.mes,Script/dom2Shizuku_X04.mes,9,22,주인공,(……また、夢か.ここのとこ、<6E5C>毎日だな),,
dom2Shizuku_X04.mes,Script/dom2Shizuku_X04.mes,10,7,[효과음/내레이션],♪ピンポーン,,
dom2Shizuku_X04.mes,Script/dom2Shizuku_X04.mes,11,13,주인공,(ん……誰だろ、朝から),,
dom2Shizuku_X04.mes,Script/dom2Shizuku_X04.mes,12,4,[효과음/내레이션],ガチャ,,
dom2Shizuku_X04.mes,Script/dom2Shizuku_X04.mes,13,32,Shizuku,こんにちは、<이름:3131>くん.<6E5C>ずいぶんと素敵なかっこうを<6E5C>してるのね,,
dom2Shizuku_X04.mes,Script/dom2Shizuku_X04.mes,14,31,주인공,み、巳沢さん!?こんにちはって<6E5C>……あぁ!もうこんな時間か!,,
dom2Shizuku_X04.mes,Script/dom2Shizuku_X04.mes,15,16,주인공,ごめん、すぐに準備するから!!,,
dom2Shizuku_X04.mes,Script/dom2Shizuku_X04.mes,16,9,Shizuku,ごゆっくりどうぞ,,
dom2Shizuku_X04.mes,Script/dom2Shizuku_X04.mes,17,10,주인공,ほんと~にごめん!,,
dom2Shizuku_X04.mes,Script/dom2Shizuku_X04.mes,18,30,Shizuku,いいよ、もう.こうしてちゃんと<6E5C>付き合ってくれてるんだから,,
dom2Shizuku_X04.mes,Script/dom2Shizuku_X04.mes,19,5,주인공,う、うん,,
dom2Shizuku_X04.mes,Script/dom2Shizuku_X04.mes,20,32,Shizuku,それにしても、<6E5C>寝起きの<이름:3131>くんの頭、<6E5C>すごいことになってたね,,
dom2Shizuku_X04.mes,Script/dom2Shizuku_X04.mes,21,15,주인공,うん、なかなか頑固なやつでさ,,
dom2Shizuku_X04.mes,Script/dom2Shizuku_X04.mes,22,31,주인공,寝ぐせがついちゃうと、<6E5C>1回頭を洗わないと元に<6E5C>戻らないんだ,,
dom2Shizuku_X04.mes,Script/dom2Shizuku_X04.mes,23,14,Shizuku,そっか、君は頑固者なんだね,,
dom2Shizuku_X04.mes,Script/dom2Shizuku_X04.mes,24,5,[효과음/내레이션],ナデナデ,,
dom2Shizuku_X04.mes,Script/dom2Shizuku_X04.mes,25,17,주인공,(巳沢さんの手、気持ちいいなぁ),,
dom2Shizuku_X04.mes,Script/dom2Shizuku_X04.mes,26,17,주인공,(うらやましいぞ、僕の髪の毛!),,
dom2Shizuku_X04.mes,Script/dom2Shizuku_X04.mes,27,12,Shizuku,どうしたの、顔赤いよ?,,
dom2Shizuku_X04.mes,Script/dom2Shizuku_X04.mes,28,19,주인공,な、なんでもないよ.<6E5C>どこ行こうか?,,
dom2Shizuku_X04.mes,Script/dom2Shizuku_X04.mes,29,30,Shizuku,……ゆっくり話したいことが<6E5C>あるから、静かなところがいいな,,
dom2Shizuku_X04.mes,Script/dom2Shizuku_X04.mes,30,8,주인공,だとすると……,,
dom2Shizuku_X04.mes,Script/dom2Shizuku_X04.mes,31,55,Yuri,M<0001><0002><0008><0003><0000>'<0001><0011><0002><0000><0000><0000><0000><0006><000A><0001><0000><0000><0001><000D><0000><0000><0000><0000><0000><0000><0040><0032><0037>クラブなんかで、<6E5C>生徒や先生がけっこういるね……,,
dom2Shizuku_X04.mes,Script/dom2Shizuku_X04.mes,32,58,UNKNOWN_29,「<0000><0000><0000><0000><0003><0008><0003><0001>'<0001><0011><000E><0000><0000><0000><0000><0006><000A><0002><0000><0000><0001><000D><0000><0000><0000><0000><0000><0000><0040><0032><0037>クラブなんかで、<6E5C>生徒や先生がけっこういるね……,,
dom2Shizuku_X04.mes,Script/dom2Shizuku_X04.mes,33,28,Shizuku,お客さんもいるし、キングさんにも<6E5C>……閉かれたくないな,,
dom2Shizuku_X04.mes,Script/dom2Shizuku_X04.mes,34,57,UNKNOWN_29,<0200><0000><0000><0000><0000><0003><0008><0003><0003>:<0001><0011><0003><0000><0000><0000><0000><0006><000A><0004><0000><0000><0001><000D><0000><0000><0000><0000><0000><0000><003C><0030><0037>人……たくさんいると思うけど.<6E5C>静かでもないし,,
dom2Shizuku_X04.mes,Script/dom2Shizuku_X04.mes,35,57,UNKNOWN_29,々<0000><0000><0000><0000><0003><0008><0003><0004>:<0001><0011><0004><0000><0000><0000><0000><0006><000A><0005><0000><0000><0001><000D><0000><0000><0000><0000><0000><0000><003C><0030><0037>人……たくさんいると思うけど.<6E5C>静かでもないし,,
dom2Shizuku_X04.mes,Script/dom2Shizuku_X04.mes,36,24,Shizuku,人……たくさんいると思うけど.<6E5C>静かでもないし,,
dom2Shizuku_X04.mes,Script/dom2Shizuku_X04.mes,37,15,Shizuku,デートなんだよ?<이름:3131>くん……,,
dom2Shizuku_X04.mes,Script/dom2Shizuku_X04.mes,38,22,주인공,神楽神社に行こうか.<6E5C>あそこなら静かなはず,,
dom2Shizuku_X04.mes,Script/dom2Shizuku_X04.mes,39,4,Shizuku,うん!,,
dom2Shizuku_X04.mes,Script/dom2Shizuku_X04.mes,40,7,[효과음/내레이션],ブォォォン!,,
dom2Shizuku_X04.mes,Script/dom2Shizuku_X04.mes,41,13,주인공,(な、なんだこの爆音は),,
dom2Shizuku_X04.mes,Script/dom2Shizuku_X04.mes,42,13,Chizuru,あら、ようこそ神楽神社へ,,
dom2Shizuku_X04.mes,Script/dom2Shizuku_X04.mes,43,22,주인공,ちづるさん、巫女姿で<6E5C>なにやってるんですか,,
dom2Shizuku_X04.mes,Script/dom2Shizuku_X04.mes,44,43,Chizuru,もうすぐバイクレースがあるの.<6E5C>だから、それに向けた<6E5C>メンテナンスをしているところよ,,
dom2Shizuku_X04.mes,Script/dom2Shizuku_X04.mes,45,19,Shizuku,わぁ、神楽先輩、<6E5C>今年も出るんですね,,
dom2Shizuku_X04.mes,Script/dom2Shizuku_X04.mes,46,27,Chizuru,ふふ、そうなの.主催者推薦枠と<6E5C>いうのをいただいてね,,
dom2Shizuku_X04.mes,Script/dom2Shizuku_X04.mes,47,25,Shizuku,そりゃそうですよ.<6E5C>3年連続優勝してるんですから,,
dom2Shizuku_X04.mes,Script/dom2Shizuku_X04.mes,48,8,주인공,な、なんの話?,,
dom2Shizuku_X04.mes,Script/dom2Shizuku_X04.mes,49,11,Shizuku,<이름:3131>くん知らないの?,,
dom2Shizuku_X04.mes,Script/dom2Shizuku_X04.mes,50,52,Shizuku,神楽先輩は、<6E5C>日本でも有数のバイクレースで、<485C>女性初の3年連続優勝を達成した、<6E5C>伝説のライダーなんだよ,,
dom2Shizuku_X04.mes,Script/dom2Shizuku_X04.mes,51,23,주인공,えぇ!そ、そんなにすごい人<6E5C>だったんですか!,,
dom2Shizuku_X04.mes,Script/dom2Shizuku_X04.mes,52,28,주인공,ただ者じゃないとは思ってたけど<6E5C>……まさかそこまでとは,,
dom2Shizuku_X04.mes,Script/dom2Shizuku_X04.mes,53,20,Chizuru,ふふ、そんなに大したものでは<6E5C>ないのよ,,
dom2Shizuku_X04.mes,Script/dom2Shizuku_X04.mes,54,31,Chizuru,好きでやっていると、いつの間にか<6E5C>結果がついてきただけだから,,
dom2Shizuku_X04.mes,Script/dom2Shizuku_X04.mes,55,30,Shizuku,でも、好きなことで結果を<6E5C>残せるなんて、やっぱり素敵ですよ,,
dom2Shizuku_X04.mes,Script/dom2Shizuku_X04.mes,56,30,Chizuru,あなたにもできるわ.<6E5C>好きという気持ちに<6E5C>嘘をつかなければ,,
dom2Shizuku_X04.mes,Script/dom2Shizuku_X04.mes,57,24,Shizuku,そうでしょうか……私には、<6E5C>無理だと思うな……,,
dom2Shizuku_X04.mes,Script/dom2Shizuku_X04.mes,58,35,Chizuru,いろいろ悩みがあるようね.<6E5C>でも、あなたはそれから目を<6E5C>逸らしてない,,
dom2Shizuku_X04.mes,Script/dom2Shizuku_X04.mes,59,30,Chizuru,あとはその瞳で、なにを護ろうと<6E5C>するのか、よく考えることね,,
dom2Shizuku_X04.mes,Script/dom2Shizuku_X04.mes,60,11,Shizuku,私が護りたいもの……,,
dom2Shizuku_X04.mes,Script/dom2Shizuku_X04.mes,61,25,주인공,(難しい話になってきたな……<6E5C>護りたいもの、か),,
dom2Shizuku_X04.mes,Script/dom2Shizuku_X04.mes,62,14,주인공,(僕は……どうなんだろう),,
dom2Shizuku_X04.mes,Script/dom2Shizuku_X04.mes,63,16,Chizuru,ふふ、そんな顔で考え込まないで,,
dom2Shizuku_X04.mes,Script/dom2Shizuku_X04.mes,64,20,Chizuru,だいじょうぶ、きっとわかる日が<6E5C>来るわ,,
dom2Shizuku_X04.mes,Script/dom2Shizuku_X04.mes,65,3,Shizuku,はい,,
dom2Shizuku_X04.mes,Script/dom2Shizuku_X04.mes,66,21,주인공,それじゃ、神楽先輩.<6E5C>僕たちはこのへんで,,
dom2Shizuku_X04.mes,Script/dom2Shizuku_X04.mes,67,12,Chizuru,ええ、またいらっしゃい,,
dom2Shizuku_X04.mes,Script/dom2Shizuku_X04.mes,68,29,주인공,まさか神楽先輩がそこまですごい人<6E5C>だとは、知らなかったよ,,
dom2Shizuku_X04.mes,Script/dom2Shizuku_X04.mes,69,24,Shizuku,他にもたくさん伝説を持ってる人よ<6E5C>、神楽先輩は,,
dom2Shizuku_X04.mes,Script/dom2Shizuku_X04.mes,70,29,주인공,そうなんだ?なんかあの人の正体が<6E5C>わからなくなってきたよ,,
dom2Shizuku_X04.mes,Script/dom2Shizuku_X04.mes,71,15,주인공,いろいろ閉けて面白かったけど,,
dom2Shizuku_X04.mes,Script/dom2Shizuku_X04.mes,72,25,Shizuku,でも……ふたりでゆっくり<6E5C>お話しはできなかったね,,
dom2Shizuku_X04.mes,Script/dom2Shizuku_X04.mes,73,20,주인공,そうだなぁ……じゃあ河川敷へ<6E5C>行こうか,,
dom2Shizuku_X04.mes,Script/dom2Shizuku_X04.mes,74,8,Shizuku,うん、そうだね,,
dom2Shizuku_X04.mes,Script/dom2Shizuku_X04.mes,75,25,Shizuku,よかった、誰もいない.<6E5C>ここならゆっくり話せるね,,
dom2Shizuku_X04.mes,Script/dom2Shizuku_X04.mes,76,20,주인공,それで、巳沢さんの<6E5C>話したいことって?,,
dom2Shizuku_X04.mes,Script/dom2Shizuku_X04.mes,77,13,Shizuku,うん……じつは昨日ね……,,
dom2Shizuku_X04.mes,Script/dom2Shizuku_X04.mes,78,11,주인공,お見合いしたって話?,,
dom2Shizuku_X04.mes,Script/dom2Shizuku_X04.mes,79,7,Shizuku,知ってたの?,,
dom2Shizuku_X04.mes,Script/dom2Shizuku_X04.mes,80,9,주인공,うん、昨日閉いた,,
dom2Shizuku_X04.mes,Script/dom2Shizuku_X04.mes,81,12,Shizuku,そっか……知ってたんだ,,
dom2Shizuku_X04.mes,Script/dom2Shizuku_X04.mes,82,25,Shizuku,じゃあどうして今日デートに<6E5C>付き合ってくれたの?,,
dom2Shizuku_X04.mes,Script/dom2Shizuku_X04.mes,83,15,주인공,本当のことを閉きたかったから,,
dom2Shizuku_X04.mes,Script/dom2Shizuku_X04.mes,84,7,Shizuku,本当のこと?,,
dom2Shizuku_X04.mes,Script/dom2Shizuku_X04.mes,85,28,주인공,こんなに突然お見合いだなんて、<6E5C>きっと訳があるんだろ?,,
dom2Shizuku_X04.mes,Script/dom2Shizuku_X04.mes,86,27,Shizuku,フフ、べつに強制されてお見合いを<6E5C>したわけじゃないよ,,
dom2Shizuku_X04.mes,Script/dom2Shizuku_X04.mes,87,32,주인공,そ、それじゃ、巳沢さんは望んでお<6E5C>見合いをしたっていうこと!?,,
dom2Shizuku_X04.mes,Script/dom2Shizuku_X04.mes,88,11,Shizuku,順を追って説明するね,,
dom2Shizuku_X04.mes,Script/dom2Shizuku_X04.mes,89,28,Shizuku,<이름:3131>くんは、私が捨て子だった<6E5C>ってことは知ってるよね?,,
dom2Shizuku_X04.mes,Script/dom2Shizuku_X04.mes,90,5,주인공,……うん,,
dom2Shizuku_X04.mes,Script/dom2Shizuku_X04.mes,91,48,Shizuku,私は幼い頃から施設に入っていて…<6E5C>…ずっとひとりぼっちで生きてきた<6E5C>の.誰にも必要とされず、ね,,
dom2Shizuku_X04.mes,Script/dom2Shizuku_X04.mes,92,13,주인공,そんな……そんなことは!,,
dom2Shizuku_X04.mes,Script/dom2Shizuku_X04.mes,93,9,Shizuku,閉いて、<이름:3131>くん,,
dom2Shizuku_X04.mes,Script/dom2Shizuku_X04.mes,94,35,Shizuku,そんな私に、今年の春、<6E5C>養子にならないかって<6E5C>言ってくれた人がいたの,,
dom2Shizuku_X04.mes,Script/dom2Shizuku_X04.mes,95,13,Shizuku,すごく、うれしかった……,,
dom2Shizuku_X04.mes,Script/dom2Shizuku_X04.mes,96,14,주인공,養子!?誰がそんなことを?,,
dom2Shizuku_X04.mes,Script/dom2Shizuku_X04.mes,97,13,Shizuku,うちの大学の、学長さんよ,,
dom2Shizuku_X04.mes,Script/dom2Shizuku_X04.mes,98,7,주인공,ま、まさか!,,
dom2Shizuku_X04.mes,Script/dom2Shizuku_X04.mes,99,23,Shizuku,私も最初に閉いたときは、<6E5C>まさかって思ったわ,,
dom2Shizuku_X04.mes,Script/dom2Shizuku_X04.mes,100,43,Shizuku,世界有数の起業家でもある<6E5C>学長さんが、私なんかを養子に<6E5C>ほしいって言ってくれるなんて,,
dom2Shizuku_X04.mes,Script/dom2Shizuku_X04.mes,101,61,Shizuku,あ、でもね、私にとっては<6E5C>お金なんてどうでもいいの<485C>必要だって<6E5C>言ってくれる人がいたっていう、<6E5C>それだけで幸せだった……,,
dom2Shizuku_X04.mes,Script/dom2Shizuku_X04.mes,102,33,Shizuku,ただ、数日前、ひとつだけ桑件が<6E5C>あるって、とつぜんお話があってね,,
dom2Shizuku_X04.mes,Script/dom2Shizuku_X04.mes,103,4,주인공,桑件?,,
dom2Shizuku_X04.mes,Script/dom2Shizuku_X04.mes,104,30,Shizuku,うん.学長さんが選んだ相手との<6E5C>結婚っていうのが、その桑件,,
dom2Shizuku_X04.mes,Script/dom2Shizuku_X04.mes,105,7,주인공,け、結婚!?,,
dom2Shizuku_X04.mes,Script/dom2Shizuku_X04.mes,106,32,Shizuku,フフ、そんなに驚くようなこと<6E5C>じゃないよ.もう21歳なんだから,,
dom2Shizuku_X04.mes,Script/dom2Shizuku_X04.mes,107,13,주인공,いや、でもまだ学生だよ?,,
dom2Shizuku_X04.mes,Script/dom2Shizuku_X04.mes,108,43,Shizuku,学生同士っていうのは難しいかも<6E5C>しれないけど、相手はとても優秀な<6E5C>実業家の方らしくて,,
dom2Shizuku_X04.mes,Script/dom2Shizuku_X04.mes,109,24,Shizuku,ちゃんと大学は卒業しなさいって<6E5C>言ってくれたわ,,
dom2Shizuku_X04.mes,Script/dom2Shizuku_X04.mes,110,30,주인공,巳沢さんは、それでいいの?<6E5C>学長に言われるがままじゃないか,,
dom2Shizuku_X04.mes,Script/dom2Shizuku_X04.mes,111,25,Shizuku,私、ずっとさびしかった.<6E5C>ずっとずっと探していた,,
dom2Shizuku_X04.mes,Script/dom2Shizuku_X04.mes,112,40,Shizuku,明かりのついている部屋、<6E5C>「ただいま」の声、作った料理を<6E5C>分けてあげられる人、,,
dom2Shizuku_X04.mes,Script/dom2Shizuku_X04.mes,113,33,Shizuku,楽しい思い出を分かち合い、<6E5C>悲しいときに支えてくれる<6E5C>存在を……,,
dom2Shizuku_X04.mes,Script/dom2Shizuku_X04.mes,114,10,Shizuku,家族がほしかったの,,
dom2Shizuku_X04.mes,Script/dom2Shizuku_X04.mes,115,29,Shizuku,それが、全部手に入るんだよ.<6E5C>こんなに素敵なことはないわ,,
dom2Shizuku_X04.mes,Script/dom2Shizuku_X04.mes,116,29,주인공,じゃ、じゃあ、どうして今僕と<6E5C>デートなんかしてるんだよ!,,
dom2Shizuku_X04.mes,Script/dom2Shizuku_X04.mes,117,20,Shizuku,<이름:3131>くん?<6E5C>なにをそんなに怒ってるのよ,,
dom2Shizuku_X04.mes,Script/dom2Shizuku_X04.mes,118,5,주인공,……僕は,,
dom2Shizuku_X04.mes,Script/dom2Shizuku_X04.mes,119,32,Shizuku,私ね、<이름:3131>くんのこと<6E5C>好きだったの.<6E5C>知り合った頃から、ずっと,,
dom2Shizuku_X04.mes,Script/dom2Shizuku_X04.mes,120,5,주인공,え……?,,
dom2Shizuku_X04.mes,Script/dom2Shizuku_X04.mes,121,33,Shizuku,こんなことを言うのは恥ずかしいん<6E5C>だけどね.でも、そうだったんだ,,
dom2Shizuku_X04.mes,Script/dom2Shizuku_X04.mes,122,38,Shizuku,すごくやさしくて、いっしょにいる<6E5C>と楽しくて、安心できて……<6E5C>かっこよくて,,
dom2Shizuku_X04.mes,Script/dom2Shizuku_X04.mes,123,8,주인공,あ、ありがとう,,
dom2Shizuku_X04.mes,Script/dom2Shizuku_X04.mes,124,40,Shizuku,昔、私の手を引いてくれた人に、<6E5C>なんとなく似てたっていうのも<6E5C>あったんだけどね,,
dom2Shizuku_X04.mes,Script/dom2Shizuku_X04.mes,125,11,주인공,手を引いてくれた人?,,
dom2Shizuku_X04.mes,Script/dom2Shizuku_X04.mes,126,44,Shizuku,うん.幼い頃に施設から逃げ出して<6E5C>、公園で泣いてた私に手を差し<6E5C>伸べてくれた人がいたの,,
dom2Shizuku_X04.mes,Script/dom2Shizuku_X04.mes,127,39,Shizuku,その人も家出してきたらしくって、<6E5C>ふたりでいっしょにどこか遠くへ<6E5C>行こうって,,
dom2Shizuku_X04.mes,Script/dom2Shizuku_X04.mes,128,13,주인공,それって、何歳の頃の話?,,
dom2Shizuku_X04.mes,Script/dom2Shizuku_X04.mes,129,29,Shizuku,たしか……7歳くらいかな.<6E5C>その人も同じ歳だったと思うよ,,
dom2Shizuku_X04.mes,Script/dom2Shizuku_X04.mes,130,33,Shizuku,それが、私の初恋だった.<6E5C>その初恋の人に、<6E5C><이름:3131>くんは似てるんだ,,
dom2Shizuku_X04.mes,Script/dom2Shizuku_X04.mes,131,10,주인공,それって、どこで?,,
dom2Shizuku_X04.mes,Script/dom2Shizuku_X04.mes,132,23,Shizuku,んー……京都、だったかな.<6E5C>施設があったのは,,
dom2Shizuku_X04.mes,Script/dom2Shizuku_X04.mes,133,15,주인공,その人は今……どうしてるの?,,
dom2Shizuku_X04.mes,Script/dom2Shizuku_X04.mes,134,22,Shizuku,全然わからない.<6E5C>だって、7歳の頃の話だよ,,
dom2Shizuku_X04.mes,Script/dom2Shizuku_X04.mes,135,36,Shizuku,名前もわからないし、その人は<6E5C>すぐに家族が探しに来て、<6E5C>帰っちゃったし,,
dom2Shizuku_X04.mes,Script/dom2Shizuku_X04.mes,136,16,주인공,その人、なにか言ってなかった?,,
dom2Shizuku_X04.mes,Script/dom2Shizuku_X04.mes,137,14,Shizuku,なにか?う~ん……なんだろ,,
dom2Shizuku_X04.mes,Script/dom2Shizuku_X04.mes,138,39,Shizuku,私が覚えてるのは、<6E5C>僕が君を護る、必ず迎えに来る、<6E5C>っていうふたつくらいかな,,
dom2Shizuku_X04.mes,Script/dom2Shizuku_X04.mes,139,24,Shizuku,今思うと、7歳ですごいこと<6E5C>言ってくれてるよね,,
dom2Shizuku_X04.mes,Script/dom2Shizuku_X04.mes,140,19,주인공,(まさか……いや、でもそんな……<6E5C>),,
dom2Shizuku_X04.mes,Script/dom2Shizuku_X04.mes,141,7,Shizuku,どうしたの?,,
dom2Shizuku_X04.mes,Script/dom2Shizuku_X04.mes,142,22,주인공,ぼ、僕もね、昔似たようなことが<6E5C>あったんだ,,
dom2Shizuku_X04.mes,Script/dom2Shizuku_X04.mes,143,6,Shizuku,そうなの?,,
dom2Shizuku_X04.mes,Script/dom2Shizuku_X04.mes,144,59,주인공,うん.僕も、昔家出したことが<6E5C>あって、公園のブランコで<6E5C>泣いてる女の子に出会って、<485C>いっしょに手をつないで歩いて……,,
dom2Shizuku_X04.mes,Script/dom2Shizuku_X04.mes,145,3,Shizuku,……,,
dom2Shizuku_X04.mes,Script/dom2Shizuku_X04.mes,146,49,주인공,でも、すぐに両親が迎えに来て……<6E5C>僕は、泣きながら手をつないでくる<6E5C>その子の手を離しちゃったんだ,,
dom2Shizuku_X04.mes,Script/dom2Shizuku_X04.mes,147,36,주인공,今でも、その頃のことを忘れられ<6E5C>なくて、よく夢に出てくるんだ、<6E5C>その子,,
dom2Shizuku_X04.mes,Script/dom2Shizuku_X04.mes,148,16,Shizuku,……その子は、今どうしてるの?,,
dom2Shizuku_X04.mes,Script/dom2Shizuku_X04.mes,149,19,주인공,わからない.<6E5C>名前も閉けなかったから,,
dom2Shizuku_X04.mes,Script/dom2Shizuku_X04.mes,150,26,주인공,ただ……僕の夢に出てくるその子は<6E5C>、今も泣いてるよ,,
dom2Shizuku_X04.mes,Script/dom2Shizuku_X04.mes,151,3,Shizuku,……,,
dom2Shizuku_X04.mes,Script/dom2Shizuku_X04.mes,152,3,주인공,……,,
dom2Shizuku_X04.mes,Script/dom2Shizuku_X04.mes,153,13,Shizuku,<이름:3131>くんだったんだね……,,
dom2Shizuku_X04.mes,Script/dom2Shizuku_X04.mes,154,13,주인공,巳沢さんだったんだな……,,
dom2Shizuku_X04.mes,Script/dom2Shizuku_X04.mes,155,5,Shizuku,…………,,
dom2Shizuku_X04.mes,Script/dom2Shizuku_X04.mes,156,5,주인공,…………,,
dom2Shizuku_X04.mes,Script/dom2Shizuku_X04.mes,157,20,Shizuku,どうして、あのとき私の手を<6E5C>離したの?,,
dom2Shizuku_X04.mes,Script/dom2Shizuku_X04.mes,158,9,주인공,……怖かったんだ,,
dom2Shizuku_X04.mes,Script/dom2Shizuku_X04.mes,159,48,주인공,僕はまだ両親に護ってもらうだけの<6E5C>小さな子どもで、なにも、誰も、<6E5C>護れるわけないって思った……,,
dom2Shizuku_X04.mes,Script/dom2Shizuku_X04.mes,160,5,Shizuku,ひどいよ,,
dom2Shizuku_X04.mes,Script/dom2Shizuku_X04.mes,161,6,주인공,……ごめん,,
dom2Shizuku_X04.mes,Script/dom2Shizuku_X04.mes,162,7,Shizuku,フフ、冗談よ,,
dom2Shizuku_X04.mes,Script/dom2Shizuku_X04.mes,163,3,주인공,え?,,
dom2Shizuku_X04.mes,Script/dom2Shizuku_X04.mes,164,63,Shizuku,私ね、すごく嬉しかったの.<6E5C>誰にも必要とされてないって<6E5C>ずっと思ってたから、<485C>そんな私にいっしょに<6E5C>逃げようって言ってくれて,,
dom2Shizuku_X04.mes,Script/dom2Shizuku_X04.mes,165,26,Shizuku,あの頃の<이름:3131>くんは、<6E5C>ほんとに素敵な王子様だったよ,,
dom2Shizuku_X04.mes,Script/dom2Shizuku_X04.mes,166,8,주인공,あの頃は……か,,
dom2Shizuku_X04.mes,Script/dom2Shizuku_X04.mes,167,23,Shizuku,あら、今も手を取ってくれるの<6E5C>かしら?王子様,,
dom2Shizuku_X04.mes,Script/dom2Shizuku_X04.mes,168,4,[효과음/내레이션],ギュッ,,
dom2Shizuku_X04.mes,Script/dom2Shizuku_X04.mes,169,7,Shizuku,<이름:3131>くん……,,
dom2Shizuku_X04.mes,Script/dom2Shizuku_X04.mes,170,20,주인공,今なら、きっと……<6E5C>離さないでいられる,,
dom2Shizuku_X04.mes,Script/dom2Shizuku_X04.mes,171,5,Shizuku,無理だよ,,
dom2Shizuku_X04.mes,Script/dom2Shizuku_X04.mes,172,7,주인공,無理じゃない,,
dom2Shizuku_X04.mes,Script/dom2Shizuku_X04.mes,173,29,Shizuku,私は……結婚しちゃうから.<6E5C>今さら、やめになんてできない,,
dom2Shizuku_X04.mes,Script/dom2Shizuku_X04.mes,174,23,주인공,またあの頃みたいに、逃げれば<6E5C>いいじゃないか,,
dom2Shizuku_X04.mes,Script/dom2Shizuku_X04.mes,175,50,Shizuku,逃げてどうするの?<이름:3131>くんが<6E5C>今すぐ結婚してくれる?<485C>一生護ってくれる?<6E5C>永遠に必要としてくれる?,,
dom2Shizuku_X04.mes,Script/dom2Shizuku_X04.mes,176,6,주인공,……それは,,
dom2Shizuku_X04.mes,Script/dom2Shizuku_X04.mes,177,3,[효과음/내레이션],バッ,,
dom2Shizuku_X04.mes,Script/dom2Shizuku_X04.mes,178,24,Shizuku,アハハ、冗談だって.<6E5C>ちょっと言ってみただけよ,,
dom2Shizuku_X04.mes,Script/dom2Shizuku_X04.mes,179,28,Shizuku,だいじょうぶ、私には他に必要と<6E5C>してくれる人がいるから,,
dom2Shizuku_X04.mes,Script/dom2Shizuku_X04.mes,180,7,주인공,巳沢さん……,,
dom2Shizuku_X04.mes,Script/dom2Shizuku_X04.mes,181,17,Shizuku,ごめんね、私そろそろ行かなくちゃ,,
dom2Shizuku_X04.mes,Script/dom2Shizuku_X04.mes,182,11,주인공,え、でもまだ早いよ?,,
dom2Shizuku_X04.mes,Script/dom2Shizuku_X04.mes,183,54,Shizuku,明日、結婚指輪を見に行くんだ<485C>それからウェディングドレスを<6E5C>試着して、式場の下見をして、<6E5C>明後日に備えるの,,
dom2Shizuku_X04.mes,Script/dom2Shizuku_X04.mes,184,42,Shizuku,だから今日は早く帰って、<6E5C>明日からの英気を養わなくっちゃ<6E5C>……っておばさんっぽい?,,
dom2Shizuku_X04.mes,Script/dom2Shizuku_X04.mes,185,20,주인공,明後日に備えるって……<6E5C>どういうこと?,,
dom2Shizuku_X04.mes,Script/dom2Shizuku_X04.mes,186,13,Shizuku,明後日、式を挙げるんだよ,,
dom2Shizuku_X04.mes,Script/dom2Shizuku_X04.mes,187,45,주인공,い、いくらなんでも急過ぎるだろ!<6E5C>それに、大学卒業しなさいって<6E5C>言ってたんだろ、その人?,,
dom2Shizuku_X04.mes,Script/dom2Shizuku_X04.mes,188,48,Shizuku,仕方ないよ.その人、秋から海外に<6E5C>行っちゃうから、その前に式を<6E5C>挙げておきたいって言うんだもん,,
dom2Shizuku_X04.mes,Script/dom2Shizuku_X04.mes,189,48,Shizuku,あ、でもね、私は日本に残るんだよ<6E5C>.それで、あと1年とちょっと、<6E5C>大学で楽しい思い出を作るんだ,,
dom2Shizuku_X04.mes,Script/dom2Shizuku_X04.mes,190,6,주인공,そんな……,,
dom2Shizuku_X04.mes,Script/dom2Shizuku_X04.mes,191,15,Shizuku,そんな顔しないで、祝福してよ,,
dom2Shizuku_X04.mes,Script/dom2Shizuku_X04.mes,192,11,Shizuku,私、幸せになるんだよ,,
dom2Shizuku_X04.mes,Script/dom2Shizuku_X04.mes,193,3,주인공,……,,
dom2Shizuku_X04.mes,Script/dom2Shizuku_X04.mes,194,12,Shizuku,……じゃあね、<이름:3131>くん,,
dom2Shizuku_X04.mes,Script/dom2Shizuku_X04.mes,195,17,Shizuku,ありがとう、今まで.楽しかったよ,,
dom2Shizuku_X04.mes,Script/dom2Shizuku_X04.mes,196,26,주인공,(……そんな……やっと、<6E5C>やっと見つけたのに……),,
dom2Shizuku_X04.mes,Script/dom2Shizuku_X04.mes,197,13,주인공,(巳沢さんが、結婚……),,
dom2Shizuku_X04.mes,Script/dom2Shizuku_X04.mes,198,10,UNKNOWN_1e,いけぇ、イトカツ!,,
dom2Shizuku_X04.mes,Script/dom2Shizuku_X04.mes,199,5,UNKNOWN_3e,キュウ!,,
dom2Shizuku_X04.mes,Script/dom2Shizuku_X04.mes,200,5,[효과음/내레이션],ガブッ!,,
dom2Shizuku_X04.mes,Script/dom2Shizuku_X04.mes,201,8,주인공,(明後日……),,
dom2Shizuku_X04.mes,Script/dom2Shizuku_X04.mes,202,10,UNKNOWN_1e,もう!お兄ちゃん!,,
dom2Shizuku_X04.mes,Script/dom2Shizuku_X04.mes,203,12,Hotaru,ごはん冷めちゃったよ!,,
dom2Shizuku_X04.mes,Script/dom2Shizuku_X04.mes,204,12,주인공,ん?あ、ああ、ほたるか,,
dom2Shizuku_X04.mes,Script/dom2Shizuku_X04.mes,205,12,Hotaru,ほたるか、じゃないよ!,,
dom2Shizuku_X04.mes,Script/dom2Shizuku_X04.mes,206,27,Hotaru,どうしちゃったの、帰ってきてから<6E5C>ずっとボーッとして,,
dom2Shizuku_X04.mes,Script/dom2Shizuku_X04.mes,207,5,주인공,ああ……,,
dom2Shizuku_X04.mes,Script/dom2Shizuku_X04.mes,208,7,Hotaru,お兄ちゃん?,,
dom2Shizuku_X04.mes,Script/dom2Shizuku_X04.mes,209,3,주인공,え?,,
dom2Shizuku_X04.mes,Script/dom2Shizuku_X04.mes,210,34,Hotaru,イトカツに噛み付かれても気づかな<6E5C>いなんて……ほんとにどうしたの?,,
dom2Shizuku_X04.mes,Script/dom2Shizuku_X04.mes,211,21,주인공,うん……巳沢さんがさ、<6E5C>結婚するんだって,,
dom2Shizuku_X04.mes,Script/dom2Shizuku_X04.mes,212,24,Hotaru,えぇ!巳沢さんって、<6E5C>お兄ちゃんの同級生の!?,,
dom2Shizuku_X04.mes,Script/dom2Shizuku_X04.mes,213,25,Hotaru,そっか……それで落ち込んで<6E5C>たんだね、お兄ちゃん,,
dom2Shizuku_X04.mes,Script/dom2Shizuku_X04.mes,214,5,주인공,うん……,,
dom2Shizuku_X04.mes,Script/dom2Shizuku_X04.mes,215,14,Hotaru,お兄ちゃん、それでいいの?,,
dom2Shizuku_X04.mes,Script/dom2Shizuku_X04.mes,216,5,주인공,うん……,,
dom2Shizuku_X04.mes,Script/dom2Shizuku_X04.mes,217,16,Hotaru,ほんとにほんとにそれでいいの?,,
dom2Shizuku_X04.mes,Script/dom2Shizuku_X04.mes,218,13,주인공,うん……いや、よくないよ,,
dom2Shizuku_X04.mes,Script/dom2Shizuku_X04.mes,219,24,Hotaru,だったら、ボーッとしてる場合じゃ<6E5C>ないでしょ!,,
dom2Shizuku_X04.mes,Script/dom2Shizuku_X04.mes,220,26,주인공,だって、明後日だぞ?<6E5C>今さらどうやって止めるんだよ,,
dom2Shizuku_X04.mes,Script/dom2Shizuku_X04.mes,221,34,주인공,明日ウェディングドレス試着して、<6E5C>指輪買って、式場見に行くんだって,,
dom2Shizuku_X04.mes,Script/dom2Shizuku_X04.mes,222,15,Hotaru,巳沢さんはなんて言ってたの?,,
dom2Shizuku_X04.mes,Script/dom2Shizuku_X04.mes,223,15,주인공,私、幸せになるんだよって……,,
dom2Shizuku_X04.mes,Script/dom2Shizuku_X04.mes,224,49,Hotaru,お兄ちゃんのことは?ほたるは、<6E5C>巳沢さんはきっとお兄ちゃんのこと<6E5C>が好きなんだと思ってたけど……,,
dom2Shizuku_X04.mes,Script/dom2Shizuku_X04.mes,225,20,주인공,うん、それも言われた.<6E5C>過去形だけどな,,
dom2Shizuku_X04.mes,Script/dom2Shizuku_X04.mes,226,20,Hotaru,じゃあ、まだチャンスは<6E5C>あるじゃない!,,
dom2Shizuku_X04.mes,Script/dom2Shizuku_X04.mes,227,7,주인공,もう無理だよ,,
dom2Shizuku_X04.mes,Script/dom2Shizuku_X04.mes,228,13,Hotaru,花嫁、さらっちゃおうよ!,,
dom2Shizuku_X04.mes,Script/dom2Shizuku_X04.mes,229,16,주인공,そんなことできるわけないだろ?,,
dom2Shizuku_X04.mes,Script/dom2Shizuku_X04.mes,230,11,Hotaru,そっか……そうだよね,,
dom2Shizuku_X04.mes,Script/dom2Shizuku_X04.mes,231,15,주인공,ごめん、もう寝るよ.おやすみ,,
dom2Shizuku_X04.mes,Script/dom2Shizuku_X04.mes,232,10,Hotaru,うん、おやすみ……,,
dom2Shizuku_X04.mes,Script/dom2Shizuku_X04.mes,233,14,주인공,(もう、ダメなのかな……),,
dom2Shizuku_X05.mes,Script/dom2Shizuku_X05.mes,0,5,[효과음/내레이션],…………,,
dom2Shizuku_X05.mes,Script/dom2Shizuku_X05.mes,1,5,[효과음/내레이션],…………,,
dom2Shizuku_X05.mes,Script/dom2Shizuku_X05.mes,2,26,주인공,(まだ泣いているの?<6E5C>もうすぐ幸せになれるのに?),,
dom2Shizuku_X05.mes,Script/dom2Shizuku_X05.mes,3,5,[효과음/내레이션],…………,,
dom2Shizuku_X05.mes,Script/dom2Shizuku_X05.mes,4,43,주인공,(もうすぐ、手を引いてくれる人が<6E5C>来てくれるよ……僕の手は、<6E5C>もう必要ないだろう?),,
dom2Shizuku_X05.mes,Script/dom2Shizuku_X05.mes,5,48,주인공,(答えてよ……僕は、君が必要だよ<6E5C>.誰よりも、なによりも必要だよ.<6E5C>それじゃ、ダメなのかな?),,
dom2Shizuku_X05.mes,Script/dom2Shizuku_X05.mes,6,5,[효과음/내레이션],…………,,
dom2Shizuku_X05.mes,Script/dom2Shizuku_X05.mes,7,5,[효과음/내레이션],…………,,
dom2Shizuku_X05.mes,Script/dom2Shizuku_X05.mes,8,26,주인공,(夢に問いかけても、<6E5C>答えてくれるわけないか……),,
dom2Shizuku_X05.mes,Script/dom2Shizuku_X05.mes,9,11,주인공,散歩にでも行こう……,,
dom2Shizuku_X05.mes,Script/dom2Shizuku_X05.mes,10,6,[효과음/내레이션],チチチ……,,
dom2Shizuku_X05.mes,Script/dom2Shizuku_X05.mes,11,3,[효과음/내레이션],パタ,,
dom2Shizuku_X05.mes,Script/dom2Shizuku_X05.mes,12,7,주인공,チーちゃん?,,
dom2Shizuku_X05.mes,Script/dom2Shizuku_X05.mes,13,9,Chizuru,おはよう、<이름:3131>君,,
dom2Shizuku_X05.mes,Script/dom2Shizuku_X05.mes,14,10,주인공,おはようございます,,
dom2Shizuku_X05.mes,Script/dom2Shizuku_X05.mes,15,27,Chizuru,あら、ずいぶん赤い目をしている<6E5C>わね.寝不足かしら?,,
dom2Shizuku_X05.mes,Script/dom2Shizuku_X05.mes,16,19,주인공,はい、いろいろあって<6E5C>眠れなくて……,,
dom2Shizuku_X05.mes,Script/dom2Shizuku_X05.mes,17,33,Chizuru,解決方法がわからなくて、<6E5C>途方に募れているという<6E5C>ところかしら?,,
dom2Shizuku_X05.mes,Script/dom2Shizuku_X05.mes,18,3,주인공,はい,,
dom2Shizuku_X05.mes,Script/dom2Shizuku_X05.mes,19,4,Chizuru,<이름:3131>君,,
dom2Shizuku_X05.mes,Script/dom2Shizuku_X05.mes,20,4,주인공,はい?,,
dom2Shizuku_X05.mes,Script/dom2Shizuku_X05.mes,21,28,Chizuru,思い切り当たれば、砕けるのは<6E5C>壁のほうかもしれないのよ,,
dom2Shizuku_X05.mes,Script/dom2Shizuku_X05.mes,22,3,주인공,え?,,
dom2Shizuku_X05.mes,Script/dom2Shizuku_X05.mes,23,21,Chizuru,戦わずに背を向けて残るのは、<6E5C>後悔だけよ,,
dom2Shizuku_X05.mes,Script/dom2Shizuku_X05.mes,24,43,Chizuru,相手があなたにとって大きなもので<6E5C>あればあるほど、それは痛みを<6E5C>ともなうものになるわ,,
dom2Shizuku_X05.mes,Script/dom2Shizuku_X05.mes,25,40,주인공,あ、あの、神楽先輩……ちょっと<6E5C>難しくてお話の意味がよく<6E5C>わからないんですが?,,
dom2Shizuku_X05.mes,Script/dom2Shizuku_X05.mes,26,27,Chizuru,あきらめる前に、自分にできる<6E5C>ことをすべてしなさい!,,
dom2Shizuku_X05.mes,Script/dom2Shizuku_X05.mes,27,28,Chizuru,全力も尽くさずに手に入る今に、<6E5C>真の価値などないのよ!,,
dom2Shizuku_X05.mes,Script/dom2Shizuku_X05.mes,28,6,주인공,は、はい!,,
dom2Shizuku_X05.mes,Script/dom2Shizuku_X05.mes,29,16,Chizuru,それでは、私はこれで失礼するわ,,
dom2Shizuku_X05.mes,Script/dom2Shizuku_X05.mes,30,15,주인공,(な、なんだったんだ……?),,
dom2Shizuku_X05.mes,Script/dom2Shizuku_X05.mes,31,10,주인공,(あ……あれは!),,
dom2Shizuku_X05.mes,Script/dom2Shizuku_X05.mes,32,21,주인공,(巳沢さん!<6E5C>……あ、学長もいっしょだ),,
dom2Shizuku_X05.mes,Script/dom2Shizuku_X05.mes,33,4,UNKNOWN_1e,ワン!,,
dom2Shizuku_X05.mes,Script/dom2Shizuku_X05.mes,34,3,주인공,!!,,
dom2Shizuku_X05.mes,Script/dom2Shizuku_X05.mes,35,39,주인공,アントンか、おどかすなよ.<6E5C>マリーさんも、気配を消して<6E5C>近づかないでください,,
dom2Shizuku_X05.mes,Script/dom2Shizuku_X05.mes,36,32,Mary,あなたこそ、見事な気配の消し方ね<6E5C>.一流のストーカーになれそう,,
dom2Shizuku_X05.mes,Script/dom2Shizuku_X05.mes,37,11,주인공,誰がストーカーですか,,
dom2Shizuku_X05.mes,Script/dom2Shizuku_X05.mes,38,27,Mary,あの子のことが好きなら、<6E5C>ガツンとぶつかってきなさい,,
dom2Shizuku_X05.mes,Script/dom2Shizuku_X05.mes,39,26,Mary,物陰に隠れて見てるだけじゃ、<6E5C>なにもつかめないわよ,,
dom2Shizuku_X05.mes,Script/dom2Shizuku_X05.mes,40,25,주인공,でも、僕が出て行くと、<6E5C>被女に迷惑がかかるんです,,
dom2Shizuku_X05.mes,Script/dom2Shizuku_X05.mes,41,9,Mary,あのねぇ、あなた,,
dom2Shizuku_X05.mes,Script/dom2Shizuku_X05.mes,42,45,Mary,相手の都合に合わせてあきらめ<6E5C>られるくらいの感情なら、自分<6E5C>ひとりできっちり始末しなさい,,
dom2Shizuku_X05.mes,Script/dom2Shizuku_X05.mes,43,13,주인공,あ、あきらめられません!,,
dom2Shizuku_X05.mes,Script/dom2Shizuku_X05.mes,44,27,Mary,いい顔になったじゃない.<6E5C>その顔でぶつかってみたら?,,
dom2Shizuku_X05.mes,Script/dom2Shizuku_X05.mes,45,16,Mary,私なら、少し心が揺らぐと思うわ,,
dom2Shizuku_X05.mes,Script/dom2Shizuku_X05.mes,46,16,주인공,は、はい!ありがとうございます,,
dom2Shizuku_X05.mes,Script/dom2Shizuku_X05.mes,47,15,Mary,じゃあね.行くわよ、アントン,,
dom2Shizuku_X05.mes,Script/dom2Shizuku_X05.mes,48,4,[마리의 개],ワン!,,
dom2Shizuku_X05.mes,Script/dom2Shizuku_X05.mes,49,10,주인공,(よ、よし……!),,
dom2Shizuku_X05.mes,Script/dom2Shizuku_X05.mes,50,6,주인공,巳沢さん!,,
dom2Shizuku_X05.mes,Script/dom2Shizuku_X05.mes,51,6,Shizuku,<이름:3131>くん?,,
dom2Shizuku_X05.mes,Script/dom2Shizuku_X05.mes,52,13,주인공,ちょっと、話があるんだ!,,
dom2Shizuku_X05.mes,Script/dom2Shizuku_X05.mes,53,13,UNKNOWN_5b,なんのつもりだね、<이름:3131>君,,
dom2Shizuku_X05.mes,Script/dom2Shizuku_X05.mes,54,17,주인공,ちょっと巳沢さんをお借りします!,,
dom2Shizuku_X05.mes,Script/dom2Shizuku_X05.mes,55,20,UNKNOWN_5b,待ちたまえ.<6E5C>君たちの関係は閉いている,,
dom2Shizuku_X05.mes,Script/dom2Shizuku_X05.mes,56,39,UNKNOWN_5b,目の前から花嫁が連れ去られるのを<6E5C>黙って見ているほど、<6E5C>私はお人よしではない,,
dom2Shizuku_X05.mes,Script/dom2Shizuku_X05.mes,57,29,주인공,お願いします!少しだけ、<6E5C>ほんの少しだけでいいですから!,,
dom2Shizuku_X05.mes,Script/dom2Shizuku_X05.mes,58,42,UNKNOWN_5b,自分の都合で話すことしか<6E5C>できんのか、君は.巳沢君が<6E5C>迷惑しているのがわからんか?,,
dom2Shizuku_X05.mes,Script/dom2Shizuku_X05.mes,59,35,Shizuku,あの、ごめんなさい.<6E5C>少しだけ、お時間をいただいて<6E5C>よろしいですか?,,
dom2Shizuku_X05.mes,Script/dom2Shizuku_X05.mes,60,12,UNKNOWN_5b,君までそんなことを……,,
dom2Shizuku_X05.mes,Script/dom2Shizuku_X05.mes,61,24,UNKNOWN_5b,……まぁいいだろう.<6E5C>夜には帰ってくるようにな,,
dom2Shizuku_X05.mes,Script/dom2Shizuku_X05.mes,62,15,주인공,あ、ありがとうございます!!,,
dom2Shizuku_X05.mes,Script/dom2Shizuku_X05.mes,63,15,Shizuku,どうして、こんなことしたの?,,
dom2Shizuku_X05.mes,Script/dom2Shizuku_X05.mes,64,20,주인공,どうしても、<6E5C>巳沢さんと話したくて……,,
dom2Shizuku_X05.mes,Script/dom2Shizuku_X05.mes,65,10,Shizuku,話すことなんて……,,
dom2Shizuku_X05.mes,Script/dom2Shizuku_X05.mes,66,13,주인공,あの観覧車に乗って話そう,,
dom2Shizuku_X05.mes,Script/dom2Shizuku_X05.mes,67,5,Shizuku,……うん,,
dom2Shizuku_X05.mes,Script/dom2Shizuku_X05.mes,68,9,Shizuku,話って……なに?,,
dom2Shizuku_X05.mes,Script/dom2Shizuku_X05.mes,69,16,주인공,僕の気持ちを、閉いてほしいんだ,,
dom2Shizuku_X05.mes,Script/dom2Shizuku_X05.mes,70,10,Shizuku,……うん.閉かせて,,
dom2Shizuku_X05.mes,Script/dom2Shizuku_X05.mes,71,36,주인공,僕は、ずっと探してたんだ.<6E5C>あの日、手を離してしまった<6E5C>女の子のことを,,
dom2Shizuku_X05.mes,Script/dom2Shizuku_X05.mes,72,39,주인공,ずっと、忘れられなかった.<6E5C>あのときの手のぬくもりと、<6E5C>離れていくときの涙が,,
dom2Shizuku_X05.mes,Script/dom2Shizuku_X05.mes,73,3,Shizuku,うん,,
dom2Shizuku_X05.mes,Script/dom2Shizuku_X05.mes,74,38,주인공,自分の半身を持っていかれて<6E5C>しまったような、そんな痛みが<6E5C>ずっと続いて……,,
dom2Shizuku_X05.mes,Script/dom2Shizuku_X05.mes,75,15,주인공,それは今も消えてくれないんだ,,
dom2Shizuku_X05.mes,Script/dom2Shizuku_X05.mes,76,9,Shizuku,私を見つけても?,,
dom2Shizuku_X05.mes,Script/dom2Shizuku_X05.mes,77,48,주인공,うん.昨日までは、その女の子に<6E5C>会ってあのときのことを謝れば、<6E5C>消えていくものなんだと思ってた,,
dom2Shizuku_X05.mes,Script/dom2Shizuku_X05.mes,78,7,주인공,でも、違った,,
dom2Shizuku_X05.mes,Script/dom2Shizuku_X05.mes,79,6,Shizuku,どうして?,,
dom2Shizuku_X05.mes,Script/dom2Shizuku_X05.mes,80,12,주인공,……巳沢さんだったから,,
dom2Shizuku_X05.mes,Script/dom2Shizuku_X05.mes,81,3,Shizuku,え?,,
dom2Shizuku_X05.mes,Script/dom2Shizuku_X05.mes,82,38,주인공,あのときの女の子が、巳沢さん<6E5C>だったから……僕の痛みは<6E5C>消えないんだと思う,,
dom2Shizuku_X05.mes,Script/dom2Shizuku_X05.mes,83,14,주인공,好き、って言うのかな、これ,,
dom2Shizuku_X05.mes,Script/dom2Shizuku_X05.mes,84,6,Shizuku,なにそれ?,,
dom2Shizuku_X05.mes,Script/dom2Shizuku_X05.mes,85,44,주인공,痛いんだ、胸が.ずっと、何年も<6E5C>痛かった胸が、今までにないくらい<6E5C>、ものすごく痛いんだ,,
dom2Shizuku_X05.mes,Script/dom2Shizuku_X05.mes,86,3,[효과음/내레이션],スッ,,
dom2Shizuku_X05.mes,Script/dom2Shizuku_X05.mes,87,36,Shizuku,ほんとだ.すごく鼓動が早いよ?<6E5C>これ、<이름:3131>くんは痛いと<6E5C>感じてるんだね,,
dom2Shizuku_X05.mes,Script/dom2Shizuku_X05.mes,88,21,주인공,……うん.締め付けられるような<6E5C>痛みだよ,,
dom2Shizuku_X05.mes,Script/dom2Shizuku_X05.mes,89,11,Shizuku,じゃあ、私と同じだね,,
dom2Shizuku_X05.mes,Script/dom2Shizuku_X05.mes,90,3,주인공,え?,,
dom2Shizuku_X05.mes,Script/dom2Shizuku_X05.mes,91,19,Shizuku,私も、今すごく胸が痛いの.<6E5C>苦しいの,,
dom2Shizuku_X05.mes,Script/dom2Shizuku_X05.mes,92,31,Shizuku,割り切って置いてきたはずの心が、<6E5C>帰ってきちゃったみたい……,,
dom2Shizuku_X05.mes,Script/dom2Shizuku_X05.mes,93,7,주인공,巳沢さん……,,
dom2Shizuku_X05.mes,Script/dom2Shizuku_X05.mes,94,9,[선택지],キスする手をにぎる,,
dom2Shizuku_X05.mes,Script/dom2Shizuku_X05.mes,95,3,Shizuku,……,,
dom2Shizuku_X05.mes,Script/dom2Shizuku_X05.mes,96,3,주인공,……,,
dom2Shizuku_X05.mes,Script/dom2Shizuku_X05.mes,97,7,Shizuku,ダメだよ……,,
dom2Shizuku_X05.mes,Script/dom2Shizuku_X05.mes,98,8,주인공,ダメなの……?,,
dom2Shizuku_X05.mes,Script/dom2Shizuku_X05.mes,99,25,Shizuku,つなぎとめるためのキスなんて……<6E5C>うれしくないよ,,
dom2Shizuku_X05.mes,Script/dom2Shizuku_X05.mes,100,6,주인공,……ごめん,,
dom2Shizuku_X05.mes,Script/dom2Shizuku_X05.mes,101,13,UNKNOWN_29,<0134><0000><0000><0000><0000><0000><0014><0008><FFFF>ギュッ,,
dom2Shizuku_X05.mes,Script/dom2Shizuku_X05.mes,102,12,Shizuku,また、手をつなぐんだね,,
dom2Shizuku_X05.mes,Script/dom2Shizuku_X05.mes,103,17,주인공,これが、僕たちの始まりだったから,,
dom2Shizuku_X05.mes,Script/dom2Shizuku_X05.mes,104,41,Shizuku,もうすぐ、終わるのかな?<6E5C>だったら……今、ここで時間が<6E5C>止まってしまえばいいのに,,
dom2Shizuku_X05.mes,Script/dom2Shizuku_X05.mes,105,36,주인공,……うん.<6E5C>どうしても動いてしまう時間なら、<6E5C>せめてもっとゆっくり……,,
dom2Shizuku_X05.mes,Script/dom2Shizuku_X05.mes,106,5,[효과음/내레이션],ガタンッ,,
dom2Shizuku_X05.mes,Script/dom2Shizuku_X05.mes,107,4,Shizuku,きゃっ,,
dom2Shizuku_X05.mes,Script/dom2Shizuku_X05.mes,108,7,주인공,な、なんだ?,,
dom2Shizuku_X05.mes,Script/dom2Shizuku_X05.mes,109,13,Shizuku,観覧車、止まっちゃったね,,
dom2Shizuku_X05.mes,Script/dom2Shizuku_X05.mes,110,11,주인공,神様のいたずらかな?,,
dom2Shizuku_X05.mes,Script/dom2Shizuku_X05.mes,111,8,Shizuku,……意地悪だよ,,
dom2Shizuku_X05.mes,Script/dom2Shizuku_X05.mes,112,3,주인공,え?,,
dom2Shizuku_X05.mes,Script/dom2Shizuku_X05.mes,113,19,Shizuku,だって、この時間は<6E5C>また動き出すもの,,
dom2Shizuku_X05.mes,Script/dom2Shizuku_X05.mes,114,30,주인공,でも、いっしょにいられる時間が<6E5C>少しでも長くなるじゃないか,,
dom2Shizuku_X05.mes,Script/dom2Shizuku_X05.mes,115,26,Shizuku,そうしたら、今よりもっと<6E5C>離れられなくなるじゃない,,
dom2Shizuku_X05.mes,Script/dom2Shizuku_X05.mes,116,13,Shizuku,それは……もっと残酷だよ,,
dom2Shizuku_X05.mes,Script/dom2Shizuku_X05.mes,117,15,주인공,……僕には、止められないの?,,
dom2Shizuku_X05.mes,Script/dom2Shizuku_X05.mes,118,13,Shizuku,うん……もう、決めたから,,
dom2Shizuku_X05.mes,Script/dom2Shizuku_X05.mes,119,6,주인공,……そうか,,
dom2Shizuku_X05.mes,Script/dom2Shizuku_X05.mes,120,31,Shizuku,……今日はありがとう.<6E5C>最後に、<이름:3131>くんと過ごせて<6E5C>よかった,,
dom2Shizuku_X05.mes,Script/dom2Shizuku_X05.mes,121,3,주인공,……,,
dom2Shizuku_X05.mes,Script/dom2Shizuku_X05.mes,122,14,Shizuku,なにも、言ってくれないの?,,
dom2Shizuku_X05.mes,Script/dom2Shizuku_X05.mes,123,3,주인공,……,,
dom2Shizuku_X05.mes,Script/dom2Shizuku_X05.mes,124,25,Shizuku,そっかそっか、もうなにも言うこと<6E5C>なんてないよね,,
dom2Shizuku_X05.mes,Script/dom2Shizuku_X05.mes,125,11,Shizuku,それじゃ、さようなら,,
dom2Shizuku_X05.mes,Script/dom2Shizuku_X05.mes,126,27,주인공,(なにを……なにを言えばいいって<6E5C>いうんだよ……!),,
dom2Shizuku_X05.mes,Script/dom2Shizuku_X05.mes,127,5,UNKNOWN_1e,<이름:3131>……,,
dom2Shizuku_X05.mes,Script/dom2Shizuku_X05.mes,128,8,주인공,あ……八神先輩,,
dom2Shizuku_X05.mes,Script/dom2Shizuku_X05.mes,129,13,Iori,貴様……手を離したのか?,,
dom2Shizuku_X05.mes,Script/dom2Shizuku_X05.mes,130,5,주인공,……はい,,
dom2Shizuku_X05.mes,Script/dom2Shizuku_X05.mes,131,24,Iori,離さないと俺に誓った言葉は<6E5C>嘘だったわけか……,,
dom2Shizuku_X05.mes,Script/dom2Shizuku_X05.mes,132,3,주인공,……,,
dom2Shizuku_X05.mes,Script/dom2Shizuku_X05.mes,133,17,Iori,貴様ァァァァァ!それで満足か!!,,
dom2Shizuku_X05.mes,Script/dom2Shizuku_X05.mes,134,36,Iori,牙をむくこともせず、頭を垂れ、<6E5C>立ちすくむだけの今に<6E5C>埋没するのか!!,,
dom2Shizuku_X05.mes,Script/dom2Shizuku_X05.mes,135,20,주인공,僕だって、<6E5C>できるなら闘いたいですよ!,,
dom2Shizuku_X05.mes,Script/dom2Shizuku_X05.mes,136,47,주인공,でも、僕なんかよりずっと多くの<6E5C>幸せをあげられる人の方がいいに<6E5C>決まってるじゃないですか!!,,
dom2Shizuku_X05.mes,Script/dom2Shizuku_X05.mes,137,26,주인공,僕にそれを止められるわけ<6E5C>ないじゃないですか!!!,,
dom2Shizuku_X05.mes,Script/dom2Shizuku_X05.mes,138,64,Iori,その怒り、衝動……<6E5C>なぜあの女に伝えてやらん?<485C>幸せなどと、誰かに与えられるが<6E5C>ままで満足するような人間を<6E5C>お前は選んだのか?,,
dom2Shizuku_X05.mes,Script/dom2Shizuku_X05.mes,139,60,주인공,……巳沢さんは、家族がほしいって<6E5C>.自分を必要としてくれる人が<6E5C>ほしいって<485C>僕には、まだ結婚なんて<6E5C>考えられないし……,,
dom2Shizuku_X05.mes,Script/dom2Shizuku_X05.mes,140,48,Iori,フン……たかが数年のことを乗り<6E5C>越えられんというのなら、それまで<6E5C>だったのだとあきらめるがいい,,
dom2Shizuku_X05.mes,Script/dom2Shizuku_X05.mes,141,12,Iori,興が削がれた.俺は帰る,,
dom2Shizuku_X05.mes,Script/dom2Shizuku_X05.mes,142,7,주인공,八神先輩……,,
dom2Shizuku_X05.mes,Script/dom2Shizuku_X05.mes,143,12,[효과음/내레이션],♪カランコロンカラ~ン,,
dom2Shizuku_X05.mes,Script/dom2Shizuku_X05.mes,144,7,King,いらっしゃい,,
dom2Shizuku_X05.mes,Script/dom2Shizuku_X05.mes,145,22,주인공,どうも……なんか強いお酒を<6E5C>もらえますか?,,
dom2Shizuku_X05.mes,Script/dom2Shizuku_X05.mes,146,23,King,なんだ、二日酔いで花嫁を<6E5C>さらいに行くのか?,,
dom2Shizuku_X05.mes,Script/dom2Shizuku_X05.mes,147,3,주인공,は?,,
dom2Shizuku_X05.mes,Script/dom2Shizuku_X05.mes,148,30,King,さっきほたるが<이름:3131>君を探しに<6E5C>来て、いろいろ話してくれたよ,,
dom2Shizuku_X05.mes,Script/dom2Shizuku_X05.mes,149,14,주인공,あ、あいつ余計なことを……,,
dom2Shizuku_X05.mes,Script/dom2Shizuku_X05.mes,150,33,King,そう言うな.あの子なりに、すごく<6E5C>君のことを心配しているんだから,,
dom2Shizuku_X05.mes,Script/dom2Shizuku_X05.mes,151,8,주인공,そうですね……,,
dom2Shizuku_X05.mes,Script/dom2Shizuku_X05.mes,152,10,King,それで、行くのか?,,
dom2Shizuku_X05.mes,Script/dom2Shizuku_X05.mes,153,5,주인공,行きます,,
dom2Shizuku_X05.mes,Script/dom2Shizuku_X05.mes,154,27,King,へぇ……私はてっきり、行かないと<6E5C>答えると思ったけど,,
dom2Shizuku_X05.mes,Script/dom2Shizuku_X05.mes,155,15,주인공,正直、今の今まで迷ってました,,
dom2Shizuku_X05.mes,Script/dom2Shizuku_X05.mes,156,34,주인공,でも、あらためて問いかけられて、<6E5C>素直に出てきたのが今の言葉でした,,
dom2Shizuku_X05.mes,Script/dom2Shizuku_X05.mes,157,27,주인공,もう逃げません.自分の気持ちに<6E5C>気づきましたから……,,
dom2Shizuku_X05.mes,Script/dom2Shizuku_X05.mes,158,43,King,そうか.私は結果について<6E5C>どうこうは言えないが、<이름:3131>君の<6E5C>闘う姿を応援させてもらうよ,,
dom2Shizuku_X05.mes,Script/dom2Shizuku_X05.mes,159,11,주인공,ありがとうございます,,
dom2Shizuku_X05.mes,Script/dom2Shizuku_X05.mes,160,15,Hotaru,あ、お兄ちゃんお帰りなさい!,,
dom2Shizuku_X05.mes,Script/dom2Shizuku_X05.mes,161,12,주인공,ああ、ただいま、ほたる,,
dom2Shizuku_X05.mes,Script/dom2Shizuku_X05.mes,162,23,주인공,僕を探しに出てくれたんだって?<6E5C>ありがとうな,,
dom2Shizuku_X05.mes,Script/dom2Shizuku_X05.mes,163,26,Hotaru,え、そんなのいいよ.<6E5C>ちょっと心配だっただけだから,,
dom2Shizuku_X05.mes,Script/dom2Shizuku_X05.mes,164,7,주인공,僕、決めたよ,,
dom2Shizuku_X05.mes,Script/dom2Shizuku_X05.mes,165,5,Hotaru,なにを?,,
dom2Shizuku_X05.mes,Script/dom2Shizuku_X05.mes,166,12,주인공,花嫁を、さらいに行くよ,,
dom2Shizuku_X05.mes,Script/dom2Shizuku_X05.mes,167,16,Hotaru,すごーい!ほんとに行くんだね!,,
dom2Shizuku_X05.mes,Script/dom2Shizuku_X05.mes,168,23,주인공,うん.もう嘘ついて逃げるのは<6E5C>やめにしたんだ,,
dom2Shizuku_X05.mes,Script/dom2Shizuku_X05.mes,169,31,Hotaru,うん!すごくいいことだよ!<6E5C>ほたるは絶対応援してるからね!!,,
dom2Shizuku_X05.mes,Script/dom2Shizuku_X05.mes,170,32,주인공,ありがとう、ほたる.<6E5C>それじゃ、明日の決戦に<6E5C>備えてもう寝るよ,,
dom2Shizuku_X05.mes,Script/dom2Shizuku_X05.mes,171,8,Hotaru,うん、おやすみ,,
dom2Shizuku_X05.mes,Script/dom2Shizuku_X05.mes,172,8,주인공,(明日……か),,
dom2Shizuku_X06.mes,Script/dom2Shizuku_X06.mes,0,21,주인공,(……朝か……今日は<6E5C>見なかったな、夢),,
dom2Shizuku_X06.mes,Script/dom2Shizuku_X06.mes,1,11,Hotaru,おはよう、お兄ちゃん,,
dom2Shizuku_X06.mes,Script/dom2Shizuku_X06.mes,2,5,주인공,おはよう,,
dom2Shizuku_X06.mes,Script/dom2Shizuku_X06.mes,3,27,Hotaru,いよいよだね.<6E5C>何時からどこでやるかわかってるの<6E5C>?,,
dom2Shizuku_X06.mes,Script/dom2Shizuku_X06.mes,4,15,주인공,ああ、昨日キングさんに閉いた,,
dom2Shizuku_X06.mes,Script/dom2Shizuku_X06.mes,5,16,주인공,お昼から、街の教会でやるらしい,,
dom2Shizuku_X06.mes,Script/dom2Shizuku_X06.mes,6,26,Hotaru,だいじょうぶかな.<6E5C>いっぱい邪魔する人がいたら……,,
dom2Shizuku_X06.mes,Script/dom2Shizuku_X06.mes,7,47,주인공,それは大丈夫だと思うよ.急なこと<6E5C>だし、ごくごく親しい身内だけを<6E5C>集めて行われるみたいだから,,
dom2Shizuku_X06.mes,Script/dom2Shizuku_X06.mes,8,22,Hotaru,そっか……じゃあよかった!<6E5C>がんばってね!,,
dom2Shizuku_X06.mes,Script/dom2Shizuku_X06.mes,9,4,주인공,うん!,,
dom2Shizuku_X06.mes,Script/dom2Shizuku_X06.mes,10,25,주인공,(こ、ここか……うぅ~いざと<6E5C>なると緊張するな),,
dom2Shizuku_X06.mes,Script/dom2Shizuku_X06.mes,11,4,UNKNOWN_1e,真吾!,,
dom2Shizuku_X06.mes,Script/dom2Shizuku_X06.mes,12,6,주인공,草薙先輩!,,
dom2Shizuku_X06.mes,Script/dom2Shizuku_X06.mes,13,21,주인공,(うわー、えらいときに<6E5C>会っちゃったな),,
dom2Shizuku_X06.mes,Script/dom2Shizuku_X06.mes,14,15,Kyo,なにやってんだよ、暇なのか?,,
dom2Shizuku_X06.mes,Script/dom2Shizuku_X06.mes,15,16,주인공,い、いえ、死ぬほど忙しいです!,,
dom2Shizuku_X06.mes,Script/dom2Shizuku_X06.mes,16,35,Kyo,じゃあその死ぬほど忙しい合間で<6E5C>いいから、パン買ってきて<6E5C>くれねぇか,,
dom2Shizuku_X06.mes,Script/dom2Shizuku_X06.mes,17,31,주인공,あ、あのですね、草薙先輩.<6E5C>今日は、ほんとにダメなんですって,,
dom2Shizuku_X06.mes,Script/dom2Shizuku_X06.mes,18,23,Kyo,わ~かってるよ!<6E5C>さらいに行くんだろ、花嫁?,,
dom2Shizuku_X06.mes,Script/dom2Shizuku_X06.mes,19,11,주인공,えぇ!なぜそれを!!,,
dom2Shizuku_X06.mes,Script/dom2Shizuku_X06.mes,20,15,Kyo,そんなもん、みんな知ってるぜ,,
dom2Shizuku_X06.mes,Script/dom2Shizuku_X06.mes,21,24,Kyo,昨日、お前の妹がそこら中で<6E5C>言い回ってたからな,,
dom2Shizuku_X06.mes,Script/dom2Shizuku_X06.mes,22,20,주인공,(ったく……なにやってんだ<6E5C>あいつは),,
dom2Shizuku_X06.mes,Script/dom2Shizuku_X06.mes,23,7,Kyo,おう、<이름:3232>!,,
dom2Shizuku_X06.mes,Script/dom2Shizuku_X06.mes,24,6,주인공,は、はい!,,
dom2Shizuku_X06.mes,Script/dom2Shizuku_X06.mes,25,15,Kyo,悔いだけは残すんじゃねぇぞ!,,
dom2Shizuku_X06.mes,Script/dom2Shizuku_X06.mes,26,31,Kyo,邪魔する奴がいたら俺に任せろ.<6E5C>お前は一直線に花嫁を目指せ!,,
dom2Shizuku_X06.mes,Script/dom2Shizuku_X06.mes,27,30,주인공,く、草薙先輩……僕は今、初めて<6E5C>草薙先輩を尊敬しました……,,
dom2Shizuku_X06.mes,Script/dom2Shizuku_X06.mes,28,17,Kyo,バ、バカ、くっつくんじゃねぇよ!,,
dom2Shizuku_X06.mes,Script/dom2Shizuku_X06.mes,29,5,[효과음/내레이션],バキッ!,,
dom2Shizuku_X06.mes,Script/dom2Shizuku_X06.mes,30,23,주인공,いってぇ!殴らなくても<6E5C>いいじゃないですか!,,
dom2Shizuku_X06.mes,Script/dom2Shizuku_X06.mes,31,28,Kyo,うるせぇ!景気づけだよ!<6E5C>ほら、さっさと行って来い!!,,
dom2Shizuku_X06.mes,Script/dom2Shizuku_X06.mes,32,15,주인공,はい!ありがとうございます!,,
dom2Shizuku_X06.mes,Script/dom2Shizuku_X06.mes,33,9,[효과음/내레이션],ダダダダダッ……,,
dom2Shizuku_X06.mes,Script/dom2Shizuku_X06.mes,34,5,[효과음/내레이션],バンッ!,,
dom2Shizuku_X06.mes,Script/dom2Shizuku_X06.mes,35,7,주인공,巳沢さん!!,,
dom2Shizuku_X06.mes,Script/dom2Shizuku_X06.mes,36,7,[효과음/내레이션],ザワザワ……,,
dom2Shizuku_X06.mes,Script/dom2Shizuku_X06.mes,37,15,Shizuku,……なにしに来たの、<이름:3131>くん,,
dom2Shizuku_X06.mes,Script/dom2Shizuku_X06.mes,38,7,주인공,迎えに来た!,,
dom2Shizuku_X06.mes,Script/dom2Shizuku_X06.mes,39,13,Shizuku,私、そんなこと頼んでない,,
dom2Shizuku_X06.mes,Script/dom2Shizuku_X06.mes,40,25,주인공,僕がそうしたいと思ったから、<6E5C>だから来たんだ!!,,
dom2Shizuku_X06.mes,Script/dom2Shizuku_X06.mes,41,38,UNKNOWN_5c,アハッ♪待って待って……<6E5C>君は神聖な結婚式の場を<6E5C>なんだと心得てるんだい?,,
dom2Shizuku_X06.mes,Script/dom2Shizuku_X06.mes,42,28,UNKNOWN_5c,このことは不問にしてあげるから、<6E5C>さっさと出て行ってよ,,
dom2Shizuku_X06.mes,Script/dom2Shizuku_X06.mes,43,6,주인공,イヤです!,,
dom2Shizuku_X06.mes,Script/dom2Shizuku_X06.mes,44,26,UNKNOWN_5c,やれやれ……閉き分けのない<6E5C>お子様はタチが悪いねー,,
dom2Shizuku_X06.mes,Script/dom2Shizuku_X06.mes,45,22,UNKNOWN_5c,おーい、警備員さん.<6E5C>この男つまみ出してー,,
dom2Shizuku_X06.mes,Script/dom2Shizuku_X06.mes,46,3,UNKNOWN_5b,待て,,
dom2Shizuku_X06.mes,Script/dom2Shizuku_X06.mes,47,3,UNKNOWN_5c,え?,,
dom2Shizuku_X06.mes,Script/dom2Shizuku_X06.mes,48,42,UNKNOWN_5b,フッフッ、面白い余興だな.<6E5C>その男がどこまでやれるのか、<6E5C>見せてもらおうではないか,,
dom2Shizuku_X06.mes,Script/dom2Shizuku_X06.mes,49,26,UNKNOWN_5b,それとも、その男に花嫁を奪われる<6E5C>ことを恐れるか?,,
dom2Shizuku_X06.mes,Script/dom2Shizuku_X06.mes,50,23,UNKNOWN_5c,フゥ……アナタの遊び好きにも<6E5C>困ったもんだね,,
dom2Shizuku_X06.mes,Script/dom2Shizuku_X06.mes,51,36,UNKNOWN_5c,いいよ、チャンスをアゲル.<6E5C>ボクがこんなお子様に負けるわけ<6E5C>ないもの♪,,
dom2Shizuku_X06.mes,Script/dom2Shizuku_X06.mes,52,21,UNKNOWN_5c,君、やるだけやって、<6E5C>早々に立ち去ってネ,,
dom2Shizuku_X06.mes,Script/dom2Shizuku_X06.mes,53,12,주인공,ありがとうございます!,,
dom2Shizuku_X06.mes,Script/dom2Shizuku_X06.mes,54,3,Shizuku,……,,
dom2Shizuku_X06.mes,Script/dom2Shizuku_X06.mes,55,6,주인공,巳沢さん!,,
dom2Shizuku_X06.mes,Script/dom2Shizuku_X06.mes,56,3,Shizuku,はい,,
dom2Shizuku_X06.mes,Script/dom2Shizuku_X06.mes,57,27,주인공,僕は、君のことが好きだ!<6E5C>誰よりも、君が必要なんだ!,,
dom2Shizuku_X06.mes,Script/dom2Shizuku_X06.mes,58,8,Shizuku,妹さんよりも?,,
dom2Shizuku_X06.mes,Script/dom2Shizuku_X06.mes,59,15,[선택지],それはまた別の問題もちろんだ!,,
dom2Shizuku_X06.mes,Script/dom2Shizuku_X06.mes,60,55,주인공,家族愛とはまた別の問題だよ<485C>今まで出会った女性の中でも一番の<6E5C>、とても大切な存在なんだ!<6E5C>失いたくないんだ!,,
dom2Shizuku_X06.mes,Script/dom2Shizuku_X06.mes,61,24,주인공,もちろんだ!もう自分の気持ちに<6E5C>嘘はつけない!,,
dom2Shizuku_X06.mes,Script/dom2Shizuku_X06.mes,62,17,주인공,君が、君だけがいればそれでいい!,,
dom2Shizuku_X06.mes,Script/dom2Shizuku_X06.mes,63,15,Shizuku,そんな風に言われても……困る,,
dom2Shizuku_X06.mes,Script/dom2Shizuku_X06.mes,64,21,주인공,でも、これが僕の偽りのない<6E5C>気持ちなんだ,,
dom2Shizuku_X06.mes,Script/dom2Shizuku_X06.mes,65,17,주인공,自分でもどうしようもないんだよ!,,
dom2Shizuku_X06.mes,Script/dom2Shizuku_X06.mes,66,59,Shizuku,けど、それがずっと続く<6E5C>保証なんてないじゃない<485C>もしかしたら明日には気持ちが<6E5C>変わっちゃってるかも<6E5C>しれないんだよ?,,
dom2Shizuku_X06.mes,Script/dom2Shizuku_X06.mes,67,10,주인공,変わったりしない!,,
dom2Shizuku_X06.mes,Script/dom2Shizuku_X06.mes,68,9,Shizuku,私が変わったら?,,
dom2Shizuku_X06.mes,Script/dom2Shizuku_X06.mes,69,15,[선택지],変わってもいい変わったりしない,,
dom2Shizuku_X06.mes,Script/dom2Shizuku_X06.mes,70,72,주인공,明日変わってもいい……大切なのは<6E5C>今の気持ちじゃないのかな?<485C>今こうしてふたりがお互いを<6E5C>必要としてるってことが、<6E5C>一番大事なことじゃないの?,,
dom2Shizuku_X06.mes,Script/dom2Shizuku_X06.mes,71,10,주인공,変わったりしない!,,
dom2Shizuku_X06.mes,Script/dom2Shizuku_X06.mes,72,19,Shizuku,絶対なんて、この世にはないんだよ<6E5C>?,,
dom2Shizuku_X06.mes,Script/dom2Shizuku_X06.mes,73,14,주인공,絶対がなくても、僕は誓う!,,
dom2Shizuku_X06.mes,Script/dom2Shizuku_X06.mes,74,7,Shizuku,……なにを?,,
dom2Shizuku_X06.mes,Script/dom2Shizuku_X06.mes,75,22,주인공,今度つかんだら、<6E5C>もうその手を離さない!!,,
dom2Shizuku_X06.mes,Script/dom2Shizuku_X06.mes,76,11,Shizuku,そんなの……ダメだよ,,
dom2Shizuku_X06.mes,Script/dom2Shizuku_X06.mes,77,6,주인공,どうして!,,
dom2Shizuku_X06.mes,Script/dom2Shizuku_X06.mes,78,46,Shizuku,私は……不確かなものを信じられ<6E5C>ないから.今、この場で衝動に<6E5C>負けたら、きっと後悔するから,,
dom2Shizuku_X06.mes,Script/dom2Shizuku_X06.mes,79,24,주인공,そんなことない!<6E5C>僕が、きっと幸せにするから!,,
dom2Shizuku_X06.mes,Script/dom2Shizuku_X06.mes,80,8,Shizuku,この人よりも?,,
dom2Shizuku_X06.mes,Script/dom2Shizuku_X06.mes,81,13,UNKNOWN_5c,おっと!それボクのこと?,,
dom2Shizuku_X06.mes,Script/dom2Shizuku_X06.mes,82,47,UNKNOWN_5c,家柄。教養。将来性……何で比べて<6E5C>もらってもいいよ.幸せにできる<6E5C>要素で負ける気はしないな!,,
dom2Shizuku_X06.mes,Script/dom2Shizuku_X06.mes,83,22,[선택지],もちろんその人よりも!勝ち負けの問題じゃない,,
dom2Shizuku_X06.mes,Script/dom2Shizuku_X06.mes,84,54,주인공,もちろんだよ!たしかに僕には<6E5C>地位も名誉もないけど、<485C>そんな社会的ステータスが人を<6E5C>幸せにするんじゃない!,,
dom2Shizuku_X06.mes,Script/dom2Shizuku_X06.mes,85,8,UNKNOWN_5c,じゃあ何だい?,,
dom2Shizuku_X06.mes,Script/dom2Shizuku_X06.mes,86,21,주인공,あなたがさっき項目に<6E5C>挙げなかったものさ,,
dom2Shizuku_X06.mes,Script/dom2Shizuku_X06.mes,87,47,주인공,いっしょに生きていたいって<6E5C>思えること、ふたりが生きている、<6E5C>それだけでも幸せだと思えること,,
dom2Shizuku_X06.mes,Script/dom2Shizuku_X06.mes,88,41,주인공,そうやって積み上げた思い出を、<6E5C>笑って振り返ることができることが<6E5C>、幸せなんだ!,,
dom2Shizuku_X06.mes,Script/dom2Shizuku_X06.mes,89,20,주인공,僕は、巳沢さんにそれを<6E5C>約束できる!!,,
dom2Shizuku_X06.mes,Script/dom2Shizuku_X06.mes,90,56,주인공,勝ち負けの問題じゃない<485C>そりゃ、僕にないものを<6E5C>たくさん持ってる人を前にして、<6E5C>言い訳になるかもしれないど……,,
dom2Shizuku_X06.mes,Script/dom2Shizuku_X06.mes,91,46,주인공,いっしょに生きていたいって思える<6E5C>こと、ふたりが生きている、<6E5C>それだけで満たされるってこと,,
dom2Shizuku_X06.mes,Script/dom2Shizuku_X06.mes,92,41,주인공,そうやって積み上げた思い出を、<6E5C>笑って振り返ることができることが<6E5C>、幸せなんだ!,,
dom2Shizuku_X06.mes,Script/dom2Shizuku_X06.mes,93,20,주인공,僕は、巳沢さんにそれを<6E5C>約束できる!!,,
dom2Shizuku_X06.mes,Script/dom2Shizuku_X06.mes,94,7,Shizuku,<이름:3131>くん……,,
dom2Shizuku_X06.mes,Script/dom2Shizuku_X06.mes,95,14,UNKNOWN_5c,フフフ、青臭い精神論だネ♪,,
dom2Shizuku_X06.mes,Script/dom2Shizuku_X06.mes,96,5,UNKNOWN_5b,……フン,,
dom2Shizuku_X06.mes,Script/dom2Shizuku_X06.mes,97,49,Shizuku,私は、きっとまた手を<6E5C>離されちゃうんだよ<485C><이름:3131>くんには、<6E5C>迎えに来てくれる人が<6E5C>たくさんいるから,,
dom2Shizuku_X06.mes,Script/dom2Shizuku_X06.mes,98,28,Shizuku,もうあんなつらいのは、悲しいのは<6E5C>、痛いのは……嫌なの,,
dom2Shizuku_X06.mes,Script/dom2Shizuku_X06.mes,99,19,[선택지],もう二度と離さないいっしょに帰ればいい,,
dom2Shizuku_X06.mes,Script/dom2Shizuku_X06.mes,100,23,주인공,もう……もう二度と離さないよ.<6E5C>僕が君を護る,,
dom2Shizuku_X06.mes,Script/dom2Shizuku_X06.mes,101,32,주인공,つらいのも、悲しいのも、痛いのも<6E5C>、分かち合えば乗り越えられる,,
dom2Shizuku_X06.mes,Script/dom2Shizuku_X06.mes,102,11,주인공,だから……僕を信じて,,
dom2Shizuku_X06.mes,Script/dom2Shizuku_X06.mes,103,25,주인공,もしも僕に迎えが来たなら、<6E5C>いっしょに帰ればいい,,
dom2Shizuku_X06.mes,Script/dom2Shizuku_X06.mes,104,42,주인공,そこはきっと、あたたかいから.<6E5C>どんなときだって、ひとり残して<6E5C>帰ったりしないから,,
dom2Shizuku_X06.mes,Script/dom2Shizuku_X06.mes,105,31,주인공,もし巳沢さんが嫌がったって、<6E5C>無理やり手を引いて連れてくから,,
dom2Shizuku_X06.mes,Script/dom2Shizuku_X06.mes,106,11,주인공,だから……僕を信じて,,
dom2Shizuku_X06.mes,Script/dom2Shizuku_X06.mes,107,21,Shizuku,信じたいよ……<이름:3131>くんのこと、<6E5C>信じたい,,
dom2Shizuku_X06.mes,Script/dom2Shizuku_X06.mes,108,24,주인공,だったら……この手を取って、<6E5C>いっしょに行こう,,
dom2Shizuku_X06.mes,Script/dom2Shizuku_X06.mes,109,21,Shizuku,……最後に、ひとつだけ<6E5C>閉かせてくれる?,,
dom2Shizuku_X06.mes,Script/dom2Shizuku_X06.mes,110,4,주인공,なに?,,
dom2Shizuku_X06.mes,Script/dom2Shizuku_X06.mes,111,23,Shizuku,もし明日私が死んだら、<6E5C><이름:3131>くんはどうする?,,
dom2Shizuku_X06.mes,Script/dom2Shizuku_X06.mes,112,16,[선택지],いっしょに死ぬそれでも生きていく,,
dom2Shizuku_X06.mes,Script/dom2Shizuku_X06.mes,113,25,[선택지],<012C><0001><0000><0034><0026><0002>そのときは……僕もいっしょに<6E5C>死ぬよ,,
dom2Shizuku_X06.mes,Script/dom2Shizuku_X06.mes,114,23,주인공,巳沢さんをひとりにはしない.<6E5C>手を、離さない,,
dom2Shizuku_X06.mes,Script/dom2Shizuku_X06.mes,115,45,Shizuku,……ダメだよ.死んじゃダメだよ.<6E5C>悲しむ人、いっぱいいるよ?<6E5C>その人たちのことはいいの?,,
dom2Shizuku_X06.mes,Script/dom2Shizuku_X06.mes,116,5,주인공,構わない,,
dom2Shizuku_X06.mes,Script/dom2Shizuku_X06.mes,117,5,Shizuku,そう……,,
dom2Shizuku_X06.mes,Script/dom2Shizuku_X06.mes,118,23,UNKNOWN_29,<0174><0000><0000><0000><0000><0000><0028><001C><0002>それでも、僕は生きていくよ,,
dom2Shizuku_X06.mes,Script/dom2Shizuku_X06.mes,119,6,Shizuku,そうなの?,,
dom2Shizuku_X06.mes,Script/dom2Shizuku_X06.mes,120,47,주인공,うん.巳沢さんが明日死んだら、<6E5C>きっとたくさん後悔すると思う.<6E5C>その後悔を僕は消していきたい,,
dom2Shizuku_X06.mes,Script/dom2Shizuku_X06.mes,121,32,주인공,巳沢さんが生きられなかった未来を<6E5C>、悲しみを背負って生きていく,,
dom2Shizuku_X06.mes,Script/dom2Shizuku_X06.mes,122,37,주인공,……時々は、泣くかもしれないけど<6E5C>.それでも、巳沢さんの分まで<6E5C>生きるよ,,
dom2Shizuku_X06.mes,Script/dom2Shizuku_X06.mes,123,5,Shizuku,そう……,,
dom2Shizuku_ending1.mes,Script/dom2Shizuku_ending1.mes,0,6,UNKNOWN_5b,そこまでだ,,
dom2Shizuku_ending1.mes,Script/dom2Shizuku_ending1.mes,1,4,주인공,……!,,
dom2Shizuku_ending1.mes,Script/dom2Shizuku_ending1.mes,2,17,UNKNOWN_5c,さてさて、花嫁の答えは出たかな?,,
dom2Shizuku_ending1.mes,Script/dom2Shizuku_ending1.mes,3,16,UNKNOWN_5c,まぁ閉くまでもないとは思うけど,,
dom2Shizuku_ending1.mes,Script/dom2Shizuku_ending1.mes,4,5,Shizuku,……はい,,
dom2Shizuku_ending1.mes,Script/dom2Shizuku_ending1.mes,5,7,주인공,巳沢さん!?,,
dom2Shizuku_ending1.mes,Script/dom2Shizuku_ending1.mes,6,5,Shizuku,私は……,,
dom2Shizuku_ending1.mes,Script/dom2Shizuku_ending1.mes,7,3,주인공,……,,
dom2Shizuku_ending1.mes,Script/dom2Shizuku_ending1.mes,8,13,Shizuku,あなたとは結婚できません,,
dom2Shizuku_ending1.mes,Script/dom2Shizuku_ending1.mes,9,6,UNKNOWN_5c,……なっ!,,
dom2Shizuku_ending1.mes,Script/dom2Shizuku_ending1.mes,10,7,주인공,巳沢さん……,,
dom2Shizuku_ending1.mes,Script/dom2Shizuku_ending1.mes,11,12,Shizuku,学長さん、ごめんなさい,,
dom2Shizuku_ending1.mes,Script/dom2Shizuku_ending1.mes,12,21,Shizuku,恩を仇で返すようなことに<6E5C>なってしまって,,
dom2Shizuku_ending1.mes,Script/dom2Shizuku_ending1.mes,13,32,Shizuku,私、ほんとに嬉しかったんです.<6E5C>学長さんに養子に誘ってもらって,,
dom2Shizuku_ending1.mes,Script/dom2Shizuku_ending1.mes,14,37,Shizuku,だからこの結婚も、自らが望んだ<6E5C>ものだと思い込もうとしました.<6E5C>でも……,,
dom2Shizuku_ending1.mes,Script/dom2Shizuku_ending1.mes,15,5,UNKNOWN_5b,もうよい,,
dom2Shizuku_ending1.mes,Script/dom2Shizuku_ending1.mes,16,5,Shizuku,……はい,,
dom2Shizuku_ending1.mes,Script/dom2Shizuku_ending1.mes,17,30,UNKNOWN_5b,君は、私の娘だ.<6E5C>娘の幸せを願わん父親はいない.<6E5C>違うか?,,
dom2Shizuku_ending1.mes,Script/dom2Shizuku_ending1.mes,18,4,Shizuku,え!?,,
dom2Shizuku_ending1.mes,Script/dom2Shizuku_ending1.mes,19,28,UNKNOWN_5b,いい青年を見つけたじゃないか.<6E5C>さすが、私が選んだ娘だ,,
dom2Shizuku_ending1.mes,Script/dom2Shizuku_ending1.mes,20,13,Shizuku,……ありがとう、お父さん,,
dom2Shizuku_ending1.mes,Script/dom2Shizuku_ending1.mes,21,17,UNKNOWN_5b,フッ、父親と呼ばれるのも悪くない,,
dom2Shizuku_ending1.mes,Script/dom2Shizuku_ending1.mes,22,22,UNKNOWN_5b,さぁ、もう行け.<6E5C>この場は私に任せるといい,,
dom2Shizuku_ending1.mes,Script/dom2Shizuku_ending1.mes,23,32,Shizuku,ありがとうございます……ほんとに<6E5C>、ほんとに……ありがとう……,,
dom2Shizuku_ending1.mes,Script/dom2Shizuku_ending1.mes,24,4,[효과음/내레이션],ギュッ,,
dom2Shizuku_ending1.mes,Script/dom2Shizuku_ending1.mes,25,14,주인공,もう、この手は離さないよ!,,
dom2Shizuku_ending1.mes,Script/dom2Shizuku_ending1.mes,26,5,Shizuku,……はい,,
dom2Shizuku_ending1.mes,Script/dom2Shizuku_ending1.mes,27,8,[효과음/내레이션],タッタッタ……,,
dom2Shizuku_ending1.mes,Script/dom2Shizuku_ending1.mes,28,12,[효과음/내레이션],♪カランコロンカラ~ン,,
dom2Shizuku_ending1.mes,Script/dom2Shizuku_ending1.mes,29,19,King,おっと、これはまた、<6E5C>派手な登場だな,,
dom2Shizuku_ending1.mes,Script/dom2Shizuku_ending1.mes,30,12,주인공,すみません、キングさん,,
dom2Shizuku_ending1.mes,Script/dom2Shizuku_ending1.mes,31,56,주인공,さすがにウェディングドレスの<6E5C>ままじゃ街を歩けないんで、<485C>イリュージョンの制服を<6E5C>お借りしようと思いまして……,,
dom2Shizuku_ending1.mes,Script/dom2Shizuku_ending1.mes,32,21,King,フフ、かまわないよ.<6E5C>早く着替えておいで,,
dom2Shizuku_ending1.mes,Script/dom2Shizuku_ending1.mes,33,4,Shizuku,はい!,,
dom2Shizuku_ending1.mes,Script/dom2Shizuku_ending1.mes,34,8,[효과음/내레이션],タッタッタ……,,
dom2Shizuku_ending1.mes,Script/dom2Shizuku_ending1.mes,35,9,King,やったな、<이름:3131>君,,
dom2Shizuku_ending1.mes,Script/dom2Shizuku_ending1.mes,36,4,주인공,はい!,,
dom2Shizuku_ending1.mes,Script/dom2Shizuku_ending1.mes,37,15,King,お、奪われた花嫁の再登場だな,,
dom2Shizuku_ending1.mes,Script/dom2Shizuku_ending1.mes,38,8,Shizuku,キングさん……,,
dom2Shizuku_ending1.mes,Script/dom2Shizuku_ending1.mes,39,12,King,雫……幸せになるんだよ,,
dom2Shizuku_ending1.mes,Script/dom2Shizuku_ending1.mes,40,3,Shizuku,はい,,
dom2Shizuku_ending1.mes,Script/dom2Shizuku_ending1.mes,41,10,주인공,それじゃ、行こうか,,
dom2Shizuku_ending1.mes,Script/dom2Shizuku_ending1.mes,42,4,Shizuku,うん!,,
dom2Shizuku_ending1.mes,Script/dom2Shizuku_ending1.mes,43,16,주인공,じゃあキングさん、また来ます!,,
dom2Shizuku_ending1.mes,Script/dom2Shizuku_ending1.mes,44,9,King,フフ、待ってるよ,,
dom2Shizuku_ending1.mes,Script/dom2Shizuku_ending1.mes,45,14,주인공,ただいま~……って、あれ?,,
dom2Shizuku_ending1.mes,Script/dom2Shizuku_ending1.mes,46,14,주인공,ほたるのやつ、いないのかな,,
dom2Shizuku_ending1.mes,Script/dom2Shizuku_ending1.mes,47,10,Shizuku,<이름:3131>くん、これ……,,
dom2Shizuku_ending1.mes,Script/dom2Shizuku_ending1.mes,48,14,주인공,ん?置き手紙?なになに……,,
dom2Shizuku_ending1.mes,Script/dom2Shizuku_ending1.mes,49,43,주인공,おめでとう、お兄ちゃん!<6E5C>邪魔者はいなくなっとくから、<6E5C>ごゆっくりどうぞ……だって?,,
dom2Shizuku_ending1.mes,Script/dom2Shizuku_ending1.mes,50,20,Shizuku,なんだか、<6E5C>気を遣わせちゃったみたいね,,
dom2Shizuku_ending1.mes,Script/dom2Shizuku_ending1.mes,51,14,주인공,ったく、子どものくせに……,,
dom2Shizuku_ending1.mes,Script/dom2Shizuku_ending1.mes,52,12,주인공,(ほたる、サンキュー),,
dom2Shizuku_ending1.mes,Script/dom2Shizuku_ending1.mes,53,30,Shizuku,あ~、安心したらどっと疲れて<6E5C>きちゃった.ちょっと座ろう?,,
dom2Shizuku_ending1.mes,Script/dom2Shizuku_ending1.mes,54,10,주인공,うん.よいしょっと,,
dom2Shizuku_ending1.mes,Script/dom2Shizuku_ending1.mes,55,5,Shizuku,きゃっ!,,
dom2Shizuku_ending1.mes,Script/dom2Shizuku_ending1.mes,56,11,Shizuku,……は、恥ずかしいよ,,
dom2Shizuku_ending1.mes,Script/dom2Shizuku_ending1.mes,57,41,주인공,そんなこと言ったら、僕なんて<6E5C>教会でもっと恥ずかしいこと<6E5C>いっぱい言っちゃったよ,,
dom2Shizuku_ending1.mes,Script/dom2Shizuku_ending1.mes,58,11,Shizuku,なんて言ってたかな?,,
dom2Shizuku_ending1.mes,Script/dom2Shizuku_ending1.mes,59,22,주인공,えーと、それは……もう、<6E5C>意地悪だな、雫は,,
dom2Shizuku_ending1.mes,Script/dom2Shizuku_ending1.mes,60,31,Shizuku,あ……うん、意地悪してごめんね.<6E5C>すごく嬉しかったよ……<이름:3232>,,
dom2Shizuku_ending1.mes,Script/dom2Shizuku_ending1.mes,61,5,주인공,う、うん,,
dom2Shizuku_ending1.mes,Script/dom2Shizuku_ending1.mes,62,21,Shizuku,ずっと、いっしょに<6E5C>いてくれるんだよね?,,
dom2Shizuku_ending1.mes,Script/dom2Shizuku_ending1.mes,63,17,주인공,そうだよ.雫……もう離さないから,,
dom2Shizuku_ending1.mes,Script/dom2Shizuku_ending1.mes,64,20,주인공,また僕の手を握ってくれて、<6E5C>ありがとう,,
dom2Shizuku_ending1.mes,Script/dom2Shizuku_ending1.mes,65,40,Shizuku,ううん、きっと、あのときから<6E5C>決まってたんだよ.もう一度、<6E5C>手を取り合うことは,,
dom2Shizuku_ending1.mes,Script/dom2Shizuku_ending1.mes,66,8,주인공,運命ってやつ?,,
dom2Shizuku_ending1.mes,Script/dom2Shizuku_ending1.mes,67,12,Shizuku,悪運かもしれないけどね,,
dom2Shizuku_ending1.mes,Script/dom2Shizuku_ending1.mes,68,21,주인공,ひどいなぁ、ちゃんと<6E5C>幸せにしますって!,,
dom2Shizuku_ending1.mes,Script/dom2Shizuku_ending1.mes,69,35,Shizuku,うん、信じてるよ.<6E5C>だから<이름:3232>、もう他の人と手、<6E5C>つないじゃダメだよ,,
dom2Shizuku_ending1.mes,Script/dom2Shizuku_ending1.mes,70,7,주인공,ほたるとも?,,
dom2Shizuku_ending1.mes,Script/dom2Shizuku_ending1.mes,71,5,Shizuku,……ダメ,,
dom2Shizuku_ending1.mes,Script/dom2Shizuku_ending1.mes,72,25,주인공,わかった.僕の手のぬくもりは、<6E5C>雫だけのものだよ,,
dom2Shizuku_ending1.mes,Script/dom2Shizuku_ending1.mes,73,5,Shizuku,……うん,,
dom2Shizuku_ending1.mes,Script/dom2Shizuku_ending1.mes,74,12,주인공,そろそろキスしていい?,,
dom2Shizuku_ending1.mes,Script/dom2Shizuku_ending1.mes,75,5,Shizuku,……うん,,
dom2Shizuku_ending1.mes,Script/dom2Shizuku_ending1.mes,76,66,UNKNOWN_0d,Z<0001><001E><0000><0000><0000><0000><0000><0011><0006><0000><0000><0000><0000><0006><000A><0003><0000><0000><0001><0018><0002><0000><0001><0000><0000><000D><0000><0000><0000><0000><0000><000E><0001><FFFF><0000><0000><0000><0000><003C><0030><0037>すごい、シナリオをぜんぶ<6E5C>読んでくれたんだね!,,
dom2Shizuku_ending1.mes,Script/dom2Shizuku_ending1.mes,77,35,Shizuku,これは私たちからのささやかな<6E5C>プレゼントです.<6E5C>受け取ってください!,,
dom2Shizuku_ending1.mes,Script/dom2Shizuku_ending1.mes,78,12,UNKNOWN_66,おめでとうございます!,,
dom2Shizuku_ending1.mes,Script/dom2Shizuku_ending1.mes,79,20,UNKNOWN_66,私たちを見つけてくれて、<6E5C>ありがとう!,,
dom2Shizuku_ending2.mes,Script/dom2Shizuku_ending2.mes,0,6,UNKNOWN_5b,そこまでだ,,
dom2Shizuku_ending2.mes,Script/dom2Shizuku_ending2.mes,1,4,주인공,……!,,
dom2Shizuku_ending2.mes,Script/dom2Shizuku_ending2.mes,2,17,UNKNOWN_5c,さてさて、花嫁の答えは出たかな?,,
dom2Shizuku_ending2.mes,Script/dom2Shizuku_ending2.mes,3,16,UNKNOWN_5c,まぁ閉くまでもないとは思うけど,,
dom2Shizuku_ending2.mes,Script/dom2Shizuku_ending2.mes,4,5,Shizuku,……はい,,
dom2Shizuku_ending2.mes,Script/dom2Shizuku_ending2.mes,5,7,주인공,巳沢さん!?,,
dom2Shizuku_ending2.mes,Script/dom2Shizuku_ending2.mes,6,5,Shizuku,私は……,,
dom2Shizuku_ending2.mes,Script/dom2Shizuku_ending2.mes,7,3,주인공,……,,
dom2Shizuku_ending2.mes,Script/dom2Shizuku_ending2.mes,8,14,Shizuku,<이름:3131>くんとは行けません……,,
dom2Shizuku_ending2.mes,Script/dom2Shizuku_ending2.mes,9,7,주인공,そ、そんな!,,
dom2Shizuku_ending2.mes,Script/dom2Shizuku_ending2.mes,10,50,Shizuku,ごめんね、<이름:3131>くん.<6E5C>でも、私はここで結婚するわ<485C>来てくれてありがとう.<6E5C>本当に……うれしかったよ,,
dom2Shizuku_ending2.mes,Script/dom2Shizuku_ending2.mes,11,32,UNKNOWN_5c,はい、ごくろーさん.<6E5C>お帰りはあちらだよ.<6E5C>オ。ルヴォワール♪,,
dom2Shizuku_ending2.mes,Script/dom2Shizuku_ending2.mes,12,14,UNKNOWN_5b,フン……しょせんその程度か,,
dom2Shizuku_ending2.mes,Script/dom2Shizuku_ending2.mes,13,15,주인공,そ、そんな……巳沢さん……!,,
dom2Shizuku_ending2.mes,Script/dom2Shizuku_ending2.mes,14,12,[효과음/내레이션],♪カランコロンカラ~ン,,
dom2Shizuku_ending2.mes,Script/dom2Shizuku_ending2.mes,15,7,King,いらっしゃい,,
dom2Shizuku_ending2.mes,Script/dom2Shizuku_ending2.mes,16,8,주인공,キングさん……,,
dom2Shizuku_ending2.mes,Script/dom2Shizuku_ending2.mes,17,42,King,みなまで言うな.わかってる.<6E5C>人生の苦味を知ったんだ.<6E5C>甘口のカクテルを用意するよ,,
dom2Shizuku_ending2.mes,Script/dom2Shizuku_ending2.mes,18,13,주인공,……ありがとうございます,,
