file,rel_path,block,n_tokens,speaker,source,ai_draft,translation
dom2Fio_L01.mes,Script/dom2Fio_L01.mes,0,6,[효과음/내레이션],ドドーン!,두구궁!,두구궁!
dom2Fio_L01.mes,Script/dom2Fio_L01.mes,1,10,주인공,な、なんだぁ……?,"뭐, 뭐야……?","뭐, 뭐야……?"
dom2Fio_L01.mes,Script/dom2Fio_L01.mes,2,15,주인공,こ、ここは工作部の研究室……,"여, 여긴 공작부 연구실…","여, 여긴 공작부 연구실…"
dom2Fio_L01.mes,Script/dom2Fio_L01.mes,3,10,UNKNOWN_1e,ゲホ、ゲホゲホ……,"콜록, 콜록콜록…","콜록, 콜록콜록…"
dom2Fio_L01.mes,Script/dom2Fio_L01.mes,4,5,주인공,フィオ!,피오!,피오!
dom2Fio_L01.mes,Script/dom2Fio_L01.mes,5,21,Fio,あっ、<이름:3232>さん!<6E5C>平気です、大丈夫です!,"아, <이름:3232>씨!<6E5C>괜찮아요, 괜찮습니다!","아, <이름:3232>씨!<6E5C>괜찮아요, 괜찮습니다!"
dom2Fio_L01.mes,Script/dom2Fio_L01.mes,6,21,주인공,まだ何も言ってないよ.<6E5C>何があったんだ?,아직 말도 안 했는데.<6E5C>무슨 일이야?,아직 말도 안 했는데.<6E5C>무슨 일이야?
dom2Fio_L01.mes,Script/dom2Fio_L01.mes,7,28,Fio,その、突然マシンが暴走して……<6E5C>自爆しちゃったんですぅ,"그게, 갑자기 기계가 폭주해서……<6E5C>자폭해버렸어요","그게, 갑자기 기계가 폭주해서……<6E5C>자폭해버렸어요"
dom2Fio_L01.mes,Script/dom2Fio_L01.mes,8,11,주인공,自爆ぅ?ケガ人は……,자폭?다친 사람은…,자폭?다친 사람은…
dom2Fio_L01.mes,Script/dom2Fio_L01.mes,9,24,Fio,研究室にはわたししか<6E5C>いなかったんで大丈夫です,연구실에는 저밖에<6E5C>없었으니까 괜찮아요,연구실에는 저밖에<6E5C>없었으니까 괜찮아요
dom2Fio_L01.mes,Script/dom2Fio_L01.mes,10,41,Fio,でも、また先輩に怒られちゃいます<6E5C>.研究室を壊したの、<6E5C>これで3回目なんです……,"그래도, 또 선배한테 혼나겠어요<6E5C>.연구실을 부순 게<6E5C>이걸로 세 번째예요…","그래도, 또 선배한테 혼나겠어요<6E5C>.연구실을 부순 게<6E5C>이걸로 세 번째예요…"
dom2Fio_L01.mes,Script/dom2Fio_L01.mes,11,6,주인공,3回も……,세번이나…,세번이나…
dom2Fio_L01.mes,Script/dom2Fio_L01.mes,12,16,[선택지],ケガをしなくてよかった自業自得だ,안 다쳐서 다행이야자업자득이야,안 다쳐서 다행이야\자업자득이야
dom2Fio_L01.mes,Script/dom2Fio_L01.mes,13,27,주인공,とにかく、<6E5C>ケガをしなくてよかったよ.<6E5C>気をつけろよ,"아무튼,<6E5C>다치지 않아서 다행이야.<6E5C>조심해","아무튼,<6E5C>다치지 않아서 다행이야.<6E5C>조심해"
dom2Fio_L01.mes,Script/dom2Fio_L01.mes,14,21,Fio,はうう……<이름:3232>さん、<6E5C>ありがとうです……,"하와아……<이름:3232>씨,<6E5C>감사합니다……","하와아……<이름:3232>씨,<6E5C>감사합니다……"
dom2Fio_L01.mes,Script/dom2Fio_L01.mes,15,22,주인공,いいよ.<6E5C>それより中を片付けよう.手伝うよ,괜찮아.<6E5C>그보다 안을 정리하자.도와줄게,괜찮아.<6E5C>그보다 안을 정리하자.도와줄게
dom2Fio_L01.mes,Script/dom2Fio_L01.mes,16,15,Fio,平気です!なれっこですから!,괜찮아요!익숙하니까요!,괜찮아요!익숙하니까요!
dom2Fio_L01.mes,Script/dom2Fio_L01.mes,17,17,주인공,う~ん、あまり慣れたくはないなぁ,별로 익숙해지고 싶진 않은데,별로 익숙해지고 싶진 않은데
dom2Fio_L01.mes,Script/dom2Fio_L01.mes,18,14,주인공,危なすぎるよ!自業自得だ!,너무 위험해!자업자득이야,너무 위험해!자업자득이야
dom2Fio_L01.mes,Script/dom2Fio_L01.mes,19,14,Fio,はうう……ごめんなさいぃ!,하와아……죄송해요!,하와아……죄송해요!
dom2Fio_L01.mes,Script/dom2Fio_L01.mes,20,32,주인공,人がいなくてよかったけど、誰かを<6E5C>ケガさせたらどうするんだよ!,사람이 없어서 다행이지만<6E5C>누가 다치기라도 하면 어쩌려고!,사람이 없어서 다행이지만<6E5C>누가 다치기라도 하면 어쩌려고!
dom2Fio_L01.mes,Script/dom2Fio_L01.mes,21,29,Fio,そうですよね…….<6E5C>わたし、もっともっと気をつけます<6E5C>!,"맞아요…….<6E5C>저, 더더욱 조심할게요<6E5C>!","맞아요…….<6E5C>저, 더더욱 조심할게요<6E5C>!"
dom2Fio_L01.mes,Script/dom2Fio_L01.mes,22,29,주인공,いや…….<6E5C>まぁ、研究に失敗はつきものだと<6E5C>思うけど……,"아니…….<6E5C>뭐, 연구엔 실패가<6E5C>따르는 법이니까……","아니…….<6E5C>뭐, 연구엔 실패가<6E5C>따르는 법이니까……"
dom2Fio_L02.mes,Script/dom2Fio_L02.mes,0,12,주인공,あ、巳沢さん、おはよう,"미사와 씨, 안녕","미사와 씨, 안녕"
dom2Fio_L02.mes,Script/dom2Fio_L02.mes,1,27,Shizuku,早く教室に入りましょう?<6E5C>きっと、フィオが待ってるわ,빨리 교실에 들어가자?<6E5C>분명 피오가 기다릴 거야,빨리 교실에 들어가자?<6E5C>분명 피오가 기다릴 거야
dom2Fio_L02.mes,Script/dom2Fio_L02.mes,2,44,Fio,<이름:3232>さん、雫さん、<6E5C>おはようです!<485C>今日も課題のために力を<6E5C>合わせてがんばりましょう!,"<이름:3232>씨, 시즈쿠 씨,<6E5C>좋은 아침이에요!<485C>오늘도 과제를 위해<6E5C>힘을 합쳐봐요!","<이름:3232>씨, 시즈쿠 씨,<6E5C>좋은 아침이에요!<485C>오늘도 과제를 위해<6E5C>힘을 합쳐봐요!"
dom2Fio_L02.mes,Script/dom2Fio_L02.mes,3,54,Shizuku,まずは、資料をちゃんと<6E5C>集めないとね<485C>私は、また神楽神社で<6E5C>ちづる先輩から文献を借りた方が<6E5C>いいと思うけど,"우선, 자료를 제대로<6E5C>모아야겠지<485C>카구라 신사에서<6E5C>치즈루 선배한테 문헌 빌리는 게<6E5C>좋겠는데","우선, 자료를 제대로<6E5C>모아야겠지<485C>카구라 신사에서<6E5C>치즈루 선배한테 문헌 빌리는 게<6E5C>좋겠는데"
dom2Fio_L02.mes,Script/dom2Fio_L02.mes,4,45,Fio,わたしはもうレポートの作成に<6E5C>取り掛かった方がいいと思います!<6E5C>じゅうぶん調べましたよ!,저는 이제 리포트 작성에<6E5C>착수하는 게 좋다고 생각해요!<6E5C>충분히 조사했어요!,저는 이제 리포트 작성에<6E5C>착수하는 게 좋다고 생각해요!<6E5C>충분히 조사했어요!
dom2Fio_L02.mes,Script/dom2Fio_L02.mes,5,21,Shizuku,そうかなぁ.<6E5C>まだ足りないと思うけど……,그럴까.<6E5C>아직 부족하다고 생각하는데…,그럴까.<6E5C>아직 부족하다고 생각하는데…
dom2Fio_L02.mes,Script/dom2Fio_L02.mes,6,11,Shizuku,<이름:3131>くんはどう思う?,<이름:3131>군은 어때?,<이름:3131>군은 어때?
dom2Fio_L02.mes,Script/dom2Fio_L02.mes,7,16,[선택지],レポートを作ろう神楽神社に行こう,리포트 쓰자카구라 신사에 가자,리포트 쓰자\카구라 신사에 가자
dom2Fio_L02.mes,Script/dom2Fio_L02.mes,8,28,주인공,そうだな.時間もあまりないし、<6E5C>とりあえず書き出そうよ,"그래.시간도 별로 없으니까,<6E5C>일단 써보자","그래.시간도 별로 없으니까,<6E5C>일단 써보자"
dom2Fio_L02.mes,Script/dom2Fio_L02.mes,9,21,주인공,不足したものは、<6E5C>その都度調べたらいいし,"부족한 건,<6E5C>그때그때 찾아보면 되고","부족한 건,<6E5C>그때그때 찾아보면 되고"
dom2Fio_L02.mes,Script/dom2Fio_L02.mes,10,20,Fio,そうです!<6E5C>まずはやってみるべしです!,맞아요!<6E5C>일단 해봐야 해요!,맞아요!<6E5C>일단 해봐야 해요!
dom2Fio_L02.mes,Script/dom2Fio_L02.mes,11,27,Shizuku,レポートは資料が一番大事だと<6E5C>思うけど……まぁいっか,"리포트는 자료가 제일 중요한데<6E5C>……뭐, 됐어","리포트는 자료가 제일 중요한데<6E5C>……뭐, 됐어"
dom2Fio_L02.mes,Script/dom2Fio_L02.mes,12,29,주인공,ゲーニッツ先生をビックリさせる<6E5C>ようなレポートにしよう!,게니츠 선생님을 깜짝 놀라게 할<6E5C>리포트로 만들자!,게니츠 선생님을 깜짝 놀라게 할<6E5C>리포트로 만들자!
dom2Fio_L02.mes,Script/dom2Fio_L02.mes,13,21,Shizuku,あの人がビックリしたり<6E5C>するかしら……?,그 사람이 놀라기나<6E5C>할까……?,그 사람이 놀라기나<6E5C>할까……?
dom2Fio_L02.mes,Script/dom2Fio_L02.mes,14,28,주인공,神楽神社に行こうか.<6E5C>3人で話を閉くのは大事だと思うし,신사에 갈까.<6E5C>셋이 얘기 나누는 게 중요하니까,신사에 갈까.<6E5C>셋이 얘기 나누는 게 중요하니까
dom2Fio_L02.mes,Script/dom2Fio_L02.mes,15,23,Shizuku,そうよね.<6E5C>3人で文献を見せてもらいましょう,그렇지.<6E5C>셋이서 문헌을 보여달라고 하자,그렇지.<6E5C>셋이서 문헌을 보여달라고 하자
dom2Fio_L02.mes,Script/dom2Fio_L02.mes,16,45,Fio,でも、ちづる先輩いるでしょうか?<6E5C>お忙しいみたいですし、<6E5C>ちゃんと約束してからの方が……,"그런데, 치즈루 선배님 계실까요?<6E5C>바쁘신 것 같으니,<6E5C>제대로 약속하고 가는 게…","그런데, 치즈루 선배님 계실까요?<6E5C>바쁘신 것 같으니,<6E5C>제대로 약속하고 가는 게…"
dom2Fio_L02.mes,Script/dom2Fio_L02.mes,17,15,주인공,そうだね.夏祭りの前だしなぁ,그렇겠다.여름 축제전이니까,그렇겠다.여름 축제전이니까
dom2Fio_L02.mes,Script/dom2Fio_L02.mes,18,30,Shizuku,ちゃんと質問を用意してから、<6E5C>お話を閉きにいきましょうね?,"제대로 질문을 준비하고 나서,<6E5C>이야기를 들으러 가자?","제대로 질문을 준비하고 나서,<6E5C>이야기를 들으러 가자?"
dom2Fio_L03.mes,Script/dom2Fio_L03.mes,0,34,주인공,あ、フィオじゃないか.<6E5C>ネオジオワールドにいるなんて<6E5C>めずらしいな,"어, 피오잖아.<6E5C>네오지오 월드에 있다니<6E5C>웬일이야","어, 피오잖아.<6E5C>네오지오 월드에 있다니<6E5C>웬일이야"
dom2Fio_L03.mes,Script/dom2Fio_L03.mes,1,48,Fio,そんなことないですよ?<485C>ここにはいろんなマシンが<6E5C>あるから、フィオさん<6E5C>お気に入りの場所です!,"그렇지 않아요?<485C>여긴 여러 기계가<6E5C>있어서, 피오 씨<6E5C>마음에 드는 장소예요!","그렇지 않아요?<485C>여긴 여러 기계가<6E5C>있어서, 피오 씨<6E5C>마음에 드는 장소예요!"
dom2Fio_L03.mes,Script/dom2Fio_L03.mes,2,33,주인공,そうだったのか.<6E5C>じゃあ、せっかく会ったんだから<6E5C>遊んでいこうか,"그랬구나.<6E5C>그럼, 모처럼 만났으니까<6E5C>놀다 갈까","그랬구나.<6E5C>그럼, 모처럼 만났으니까<6E5C>놀다 갈까"
dom2Fio_L03.mes,Script/dom2Fio_L03.mes,3,16,Fio,えぇ~?<이름:3232>さんとですかぁ~?,네~?<이름:3232>씨랑요~?,네~?<이름:3232>씨랑요~?
dom2Fio_L03.mes,Script/dom2Fio_L03.mes,4,10,주인공,なんだ、嫌なのか?,뭐야 싫은 거야?,뭐야 싫은 거야?
dom2Fio_L03.mes,Script/dom2Fio_L03.mes,5,28,Fio,そそそ、そんなイヤだなんて<6E5C>めっそうもない!はうう……,"아, 아니 그런<6E5C>당치도 않은 말씀을!하와아……","아, 아니 그런<6E5C>당치도 않은 말씀을!하와아……"
dom2Fio_L03.mes,Script/dom2Fio_L03.mes,6,23,UNKNOWN_1e,アレ~?<이름:3232>クンでもデート<6E5C>なんてするんだ~,어라?<이름:3232>군도 데이트<6E5C>같은 거 하는구나~,어라?<이름:3232>군도 데이트<6E5C>같은 거 하는구나~
dom2Fio_L03.mes,Script/dom2Fio_L03.mes,7,26,주인공,キサラ!ちがうよ.<6E5C>フィオは清泉大学の留学生で……,키사라!아냐.<6E5C>피오는 세이센 대학 유학생이야…,키사라!아냐.<6E5C>피오는 세이센 대학 유학생이야…
dom2Fio_L03.mes,Script/dom2Fio_L03.mes,8,45,Fio,はじめまして!<이름:3232>さんと同じ<6E5C>ゼミのフィオリーナ。ジェルミです<6E5C>!お会いできて光栄です!,처음 뵙습니다!<이름:3232>씨와 같은<6E5C>세미나의 피오리나 제르미예요<6E5C>!뵙게 되어 영광이에요,처음 뵙습니다!<이름:3232>씨와 같은<6E5C>세미나의 피오리나 제르미예요<6E5C>!뵙게 되어 영광이에요
dom2Fio_L03.mes,Script/dom2Fio_L03.mes,9,4,Kisarah,へぇ~,흐응~,흐응~
dom2Fio_L03.mes,Script/dom2Fio_L03.mes,10,38,Kisarah,ボクは<이름:3232>クンのフィアンセ、<6E5C>キサラ。ウェストフィールドだよ.<6E5C>ヨロシク~,"난 <이름:3232>군의 약혼녀,<6E5C>키사라 웨스트필드야.<6E5C>잘 부탁해~","난 <이름:3232>군의 약혼녀,<6E5C>키사라 웨스트필드야.<6E5C>잘 부탁해~"
dom2Fio_L03.mes,Script/dom2Fio_L03.mes,11,10,주인공,ただの幼馴染だろ!,그냥 소꿉친구잖아,그냥 소꿉친구잖아
dom2Fio_L03.mes,Script/dom2Fio_L03.mes,12,36,Fio,あの、よかったらみなさんで<6E5C>遊びませんか?<6E5C>大勢の方が盛り上がります!,저 괜찮으면 다 같이<6E5C>놀지 않을래요?<6E5C>사람 많은 게 더 신나요!,저 괜찮으면 다 같이<6E5C>놀지 않을래요?<6E5C>사람 많은 게 더 신나요!
dom2Fio_L03.mes,Script/dom2Fio_L03.mes,13,17,주인공,そうだなぁ.ボウリングか、いいな,"그러게.볼링이라, 좋네","그러게.볼링이라, 좋네"
dom2Fio_L03.mes,Script/dom2Fio_L03.mes,14,39,Kisarah,へぇ~.ボクに勝負を挑もうって<6E5C>言うの?おもしろいじゃない.<6E5C>受けて立つワ!,흐응~.나한테 승부를 걸겠다는<6E5C>거야?재밌잖아.<6E5C>받아주지!,흐응~.나한테 승부를 걸겠다는<6E5C>거야?재밌잖아.<6E5C>받아주지!
dom2Fio_L03.mes,Script/dom2Fio_L03.mes,15,6,[효과음/내레이션],ガターン★,콰당탕★,콰당탕★
dom2Fio_L03.mes,Script/dom2Fio_L03.mes,16,15,Fio,わーい、またまたストライク!,"와아, 또또 스트라이크!","와아, 또또 스트라이크!"
dom2Fio_L03.mes,Script/dom2Fio_L03.mes,17,15,Kisarah,へぇ~、けっこうやるわね……,"흐응~, 제법 하는데……","흐응~, 제법 하는데……"
dom2Fio_L03.mes,Script/dom2Fio_L03.mes,18,21,주인공,(あのドジなフィオが<6E5C>がんばってる……),(덜렁이 피오가<6E5C>열심히 하고 있어…),(덜렁이 피오가<6E5C>열심히 하고 있어…)
dom2Fio_L03.mes,Script/dom2Fio_L03.mes,19,17,주인공,(さて、僕はどっちを応援しよう),"(자, 난 누굴 응원할까)","(자, 난 누굴 응원할까)"
dom2Fio_L03.mes,Script/dom2Fio_L03.mes,20,6,[선택지],フィオキサラ,피오키사라,피오\키사라
dom2Fio_L03.mes,Script/dom2Fio_L03.mes,21,17,주인공,フィオ、いい調子だぞ、がんばれ!,"피오, 잘하고 있어, 힘내!","피오, 잘하고 있어, 힘내!"
dom2Fio_L03.mes,Script/dom2Fio_L03.mes,22,6,[효과음/내레이션],ガターン★,콰당탕★,콰당탕★
dom2Fio_L03.mes,Script/dom2Fio_L03.mes,23,19,Fio,わーい!<6E5C>ミッションコンプリートォ!,와아!<6E5C>미션 컴플리트!,와아!<6E5C>미션 컴플리트!
dom2Fio_L03.mes,Script/dom2Fio_L03.mes,24,13,주인공,すごいじゃないか、フィオ,"대단하잖아, 피오","대단하잖아, 피오"
dom2Fio_L03.mes,Script/dom2Fio_L03.mes,25,15,Fio,<이름:3232>さんの応援のおかげですぅ,<이름:3232>씨 응원해준 덕분이에요,<이름:3232>씨 응원해준 덕분이에요
dom2Fio_L03.mes,Script/dom2Fio_L03.mes,26,16,Kisarah,フン、見せつけてくれるじゃない,"흥, 제법 보여주잖아","흥, 제법 보여주잖아"
dom2Fio_L03.mes,Script/dom2Fio_L03.mes,27,31,주인공,キサラ、がんばれ!<6E5C>おまえは成績優秀でスポーツも<6E5C>万能だろ?,"키사라, 힘내!<6E5C>넌 성적도 우수하고 운동도<6E5C>만능이잖아?","키사라, 힘내!<6E5C>넌 성적도 우수하고 운동도<6E5C>만능이잖아?"
dom2Fio_L03.mes,Script/dom2Fio_L03.mes,28,6,[효과음/내레이션],ガターン★,콰당탕★,콰당탕★
dom2Fio_L03.mes,Script/dom2Fio_L03.mes,29,9,주인공,お、ストライク!,오 스트라이크!,오 스트라이크!
dom2Fio_L03.mes,Script/dom2Fio_L03.mes,30,8,Fio,さすがですぅ~,역시네요~,역시네요~
dom2Fio_L03.mes,Script/dom2Fio_L03.mes,31,11,Kisarah,これくらい、当然ヨ!,이 정돈 당연하지!,이 정돈 당연하지!
dom2Fio_L04.mes,Script/dom2Fio_L04.mes,0,19,주인공,あ、フィオ.<6E5C>何の列に並んでるんだ?,"어, 피오.<6E5C>무슨 줄 선 거야?","어, 피오.<6E5C>무슨 줄 선 거야?"
dom2Fio_L04.mes,Script/dom2Fio_L04.mes,1,23,Fio,<이름:3232>さん!<6E5C>わたし、映画を観ようと思って……,"<이름:3232>씨!<6E5C>저, 영화 보려고요……","<이름:3232>씨!<6E5C>저, 영화 보려고요……"
dom2Fio_L04.mes,Script/dom2Fio_L04.mes,2,28,주인공,どれどれ……<6E5C>「モーデン元帥の逆襲」ねぇ.<6E5C>戦争映画?,어디 보자……<6E5C>『모덴 원수의 역습』.<6E5C>전쟁 영화?,어디 보자……<6E5C>『모덴 원수의 역습』.<6E5C>전쟁 영화?
dom2Fio_L04.mes,Script/dom2Fio_L04.mes,3,22,Fio,はい!感動大作らしいですよ!<6E5C>楽しみです!,네!감동 대작이래요!<6E5C>기대돼요!,네!감동 대작이래요!<6E5C>기대돼요!
dom2Fio_L04.mes,Script/dom2Fio_L04.mes,4,30,주인공,そうなのか.<6E5C>映画に詳しくないから<6E5C>ぜんぜん知らなかったよ,그렇구나.<6E5C>영화는 잘 몰라서<6E5C>전혀 몰랐어,그렇구나.<6E5C>영화는 잘 몰라서<6E5C>전혀 몰랐어
dom2Fio_L04.mes,Script/dom2Fio_L04.mes,5,9,주인공,よし、僕も観よう,좋아 나도 볼래,좋아 나도 볼래
dom2Fio_L04.mes,Script/dom2Fio_L04.mes,6,14,Fio,えぇ!?わたしとですかぁ?,네!?저랑요?,네!?저랑요?
dom2Fio_L04.mes,Script/dom2Fio_L04.mes,7,6,주인공,いけない?,안 돼?,안 돼?
dom2Fio_L04.mes,Script/dom2Fio_L04.mes,8,22,Fio,いえ!そんなことはないですけど、<6E5C>でも……,"아뇨!그런 건 아닌데,<6E5C>그래도……","아뇨!그런 건 아닌데,<6E5C>그래도……"
dom2Fio_L04.mes,Script/dom2Fio_L04.mes,9,20,주인공,あ、もう入れるみたいだ.<6E5C>ほら、行くよ,"아, 이제 들어가나 봐.<6E5C>자, 가자","아, 이제 들어가나 봐.<6E5C>자, 가자"
dom2Fio_L04.mes,Script/dom2Fio_L04.mes,10,8,Fio,は、はいぃ……,"네, 네에……","네, 네에……"
dom2Fio_L04.mes,Script/dom2Fio_L04.mes,11,1,[효과음/내레이션],,,
dom2Fio_L04.mes,Script/dom2Fio_L04.mes,12,14,주인공,――ふぅ、見応えあったなぁ,"――후, 볼만했다","――후, 볼만했다"
dom2Fio_L04.mes,Script/dom2Fio_L04.mes,13,10,Fio,ううっ、ううう……,"으윽, 으으윽……","으윽, 으으윽……"
dom2Fio_L04.mes,Script/dom2Fio_L04.mes,14,16,주인공,そんなに泣くなよ.大げさだなぁ,그렇게 울지 마.오버스럽긴,그렇게 울지 마.오버스럽긴
dom2Fio_L04.mes,Script/dom2Fio_L04.mes,15,16,Fio,フィオさん、感動しましたぁ……,"피오, 감동했어요……","피오, 감동했어요……"
dom2Fio_L04.mes,Script/dom2Fio_L04.mes,16,19,[선택지],でも暴力は嫌いだ正規軍の戦いが良かった,폭력은 싫어정규군 전투가 좋았어,폭력은 싫어\정규군 전투가 좋았어
dom2Fio_L04.mes,Script/dom2Fio_L04.mes,17,41,주인공,でも、暴力的描写が多かったのは、<6E5C>ちょっとな…….<6E5C>戦争映画だからしかたないけど,폭력적인 장면이 많았던 건<6E5C>좀 그랬어…<6E5C>전쟁 영화니 어쩔 수 없지만,폭력적인 장면이 많았던 건<6E5C>좀 그랬어…<6E5C>전쟁 영화니 어쩔 수 없지만
dom2Fio_L04.mes,Script/dom2Fio_L04.mes,18,23,Fio,主人公たちは正義のために<6E5C>戦ってたんですよ?,주인공들은 정의를 위해<6E5C>싸운 거잖아요?,주인공들은 정의를 위해<6E5C>싸운 거잖아요?
dom2Fio_L04.mes,Script/dom2Fio_L04.mes,19,32,주인공,うん.だけど暴力は何も生まないよ<6E5C>.必ず悲しむ人がいるだろう?,응.폭력은 아무것도 못 낳아<6E5C>.분명 슬퍼할 사람 있잖아?,응.폭력은 아무것도 못 낳아<6E5C>.분명 슬퍼할 사람 있잖아?
dom2Fio_L04.mes,Script/dom2Fio_L04.mes,20,12,Fio,そうですけど、でも……,"그렇지만, 그래도……","그렇지만, 그래도……"
dom2Fio_L04.mes,Script/dom2Fio_L04.mes,21,28,주인공,(……うーん、戦争なんて簡単に<6E5C>話せる話題じゃないな),(……전쟁이란 건 쉽게<6E5C>이야기할 화제가 아니구나),(……전쟁이란 건 쉽게<6E5C>이야기할 화제가 아니구나)
dom2Fio_L04.mes,Script/dom2Fio_L04.mes,22,21,주인공,とくに、正規軍の戦いは<6E5C>カッコよかったね,"특히, 정규군의 전투는<6E5C>멋있었어","특히, 정규군의 전투는<6E5C>멋있었어"
dom2Fio_L04.mes,Script/dom2Fio_L04.mes,23,16,Fio,はいっ!あこがれちゃいますぅ!,네!동경하게 돼요!,네!동경하게 돼요!
dom2Fio_L04.mes,Script/dom2Fio_L04.mes,24,25,주인공,フィオのお父さんも、<6E5C>あんな風に戦ってるのかな?,"피오 아버지도,<6E5C>저렇게 싸우고 계신 걸까?","피오 아버지도,<6E5C>저렇게 싸우고 계신 걸까?"
dom2Fio_L04.mes,Script/dom2Fio_L04.mes,25,28,Fio,そうです!<6E5C>またまた父のことを尊敬して<6E5C>しまいました!,맞아요!<6E5C>또다시 아버지를 존경하게<6E5C>되어버렸어요!,맞아요!<6E5C>또다시 아버지를 존경하게<6E5C>되어버렸어요!
dom2Fio_L04.mes,Script/dom2Fio_L04.mes,26,20,주인공,(軍人のお父さんか……<6E5C>大変だろうな),(군인이신 아버지라……<6E5C>힘드시겠다),(군인이신 아버지라……<6E5C>힘드시겠다)
dom2Fio_L07.mes,Script/dom2Fio_L07.mes,0,8,Fio,あ、<이름:3232>さん!,"아, <이름:3232>씨!","아, <이름:3232>씨!"
dom2Fio_L07.mes,Script/dom2Fio_L07.mes,1,9,주인공,フィオ、待った?,피오 기다렸어?,피오 기다렸어?
dom2Fio_L07.mes,Script/dom2Fio_L07.mes,2,14,Fio,い、いえ、今来たトコです!,"아, 아뇨 방금 왔어요!","아, 아뇨 방금 왔어요!"
dom2Fio_L07.mes,Script/dom2Fio_L07.mes,3,16,주인공,ハハ、なんだかデートみたいだね,"하하, 왠지 데이트 같네","하하, 왠지 데이트 같네"
dom2Fio_L07.mes,Script/dom2Fio_L07.mes,4,18,Fio,えぇ!?<6E5C>デデデ、デートですかぁ?,"네!?<6E5C>데, 데데이트요?","네!?<6E5C>데, 데데이트요?"
dom2Fio_L07.mes,Script/dom2Fio_L07.mes,5,25,주인공,(ったく、フィオはからかいがいが<6E5C>あるんだから),"(정말, 피오는 놀리는 재미가<6E5C>있다니까)","(정말, 피오는 놀리는 재미가<6E5C>있다니까)"
dom2Fio_L07.mes,Script/dom2Fio_L07.mes,6,30,주인공,恥ずかしがってないで、<6E5C>どこに行こう?<6E5C>どこも暑そうだけど,"부끄러워하지 말고,<6E5C>어디로 갈까?<6E5C>다 더울 것 같지만","부끄러워하지 말고,<6E5C>어디로 갈까?<6E5C>다 더울 것 같지만"
dom2Fio_L07.mes,Script/dom2Fio_L07.mes,7,15,Fio,そうだ、海なんてどうですか?,"맞다, 바다는 어때요?","맞다, 바다는 어때요?"
dom2Fio_L07.mes,Script/dom2Fio_L07.mes,8,3,주인공,海?,바다,바다
dom2Fio_L07.mes,Script/dom2Fio_L07.mes,9,27,Fio,海に入れば少しは涼しいです!<6E5C>フィオさん、名案です!,"바다에 들어가면 시원해요!<6E5C>피오, 명안이에요!","바다에 들어가면 시원해요!<6E5C>피오, 명안이에요!"
dom2Fio_L07.mes,Script/dom2Fio_L07.mes,10,23,주인공,そうだね.<6E5C>じゃあ、行き道で水着を買って……,"그러네.<6E5C>그럼, 가는 길에 수영복 사고…","그러네.<6E5C>그럼, 가는 길에 수영복 사고…"
dom2Fio_L07.mes,Script/dom2Fio_L07.mes,11,8,Fio,決まりですぅ!,결정이에요!,결정이에요!
dom2Fio_L07_2.mes,Script/dom2Fio_L07_2.mes,0,24,Fio,<이름:3232>さん着替えました?<6E5C>こっちです、こっちー!,"<이름:3232>씨 갈아입었어요?<6E5C>이쪽이에요, 이쪽~!","<이름:3232>씨 갈아입었어요?<6E5C>이쪽이에요, 이쪽~!"
dom2Fio_L07_2.mes,Script/dom2Fio_L07_2.mes,1,9,주인공,フィ、フィオ……,"피, 피오……","피, 피오……"
dom2Fio_L07_2.mes,Script/dom2Fio_L07_2.mes,2,22,Fio,どうしたんですか?<6E5C>恥ずかしがっちゃって!,왜 그러세요?<6E5C>부끄러워하시고!,왜 그러세요?<6E5C>부끄러워하시고!
dom2Fio_L07_2.mes,Script/dom2Fio_L07_2.mes,3,22,주인공,いや、うん、なんだかスゴイなと<6E5C>思って……,"아니, 음, 왠지 대단하다고<6E5C>생각해서…","아니, 음, 왠지 대단하다고<6E5C>생각해서…"
dom2Fio_L07_2.mes,Script/dom2Fio_L07_2.mes,4,20,Fio,何がですか?<6E5C><이름:3232>さん、様子がヘンです,"뭐가요?<6E5C><이름:3232>씨, 이상해요","뭐가요?<6E5C><이름:3232>씨, 이상해요"
dom2Fio_L07_2.mes,Script/dom2Fio_L07_2.mes,5,9,주인공,うん、ごめん……,"응, 미안……","응, 미안……"
dom2Fio_L07_2.mes,Script/dom2Fio_L07_2.mes,6,22,Fio,あはは!顔がまっかです!<6E5C>おもしろいです!,아하하!얼굴이 새빨개요!<6E5C>재밌어요!,아하하!얼굴이 새빨개요!<6E5C>재밌어요!
dom2Fio_L07_2.mes,Script/dom2Fio_L07_2.mes,7,9,[효과음/내레이션],ぴょんっぴょんっ,폴짝폴짝,폴짝폴짝
dom2Fio_L07_2.mes,Script/dom2Fio_L07_2.mes,8,7,[효과음/내레이션],ふよんふよん,출렁출렁,출렁출렁
dom2Fio_L07_2.mes,Script/dom2Fio_L07_2.mes,9,17,주인공,あ、あんまりはしゃぐなよ、フィオ,"야, 너무 촐랑대지 마, 피오","야, 너무 촐랑대지 마, 피오"
dom2Fio_L07_2.mes,Script/dom2Fio_L07_2.mes,10,13,Fio,えー?どうしてですかー?,에~?왜요~?,에~?왜요~?
dom2Fio_L07_2.mes,Script/dom2Fio_L07_2.mes,11,26,주인공,(……ったく、無邪気な分、<6E5C>こっちが照れちゃうや),"(…정말, 순진한 만큼<6E5C>내가 더 부끄러워지네)","(…정말, 순진한 만큼<6E5C>내가 더 부끄러워지네)"
dom2Fio_L07_2.mes,Script/dom2Fio_L07_2.mes,12,33,Fio,……ひょっとして、<6E5C>あまり楽しくないですか?<6E5C>わたしといるの……,"……혹시,<6E5C>별로 재미없으세요?<6E5C>저랑 있는 거……","……혹시,<6E5C>별로 재미없으세요?<6E5C>저랑 있는 거……"
dom2Fio_L07_2.mes,Script/dom2Fio_L07_2.mes,13,11,주인공,え?そんなことないよ,어?그렇지 않아,어?그렇지 않아
dom2Fio_L07_2.mes,Script/dom2Fio_L07_2.mes,14,49,Fio,……わたし、嬉しいです<485C>日本に来てからずっと<6E5C>研究ばかりだったから、<6E5C>こういうのはじめてなんです,"……저, 기뻐요<485C>일본에 온 뒤로 쭉<6E5C>연구만 했으니까,<6E5C>이런 건 처음이에요","……저, 기뻐요<485C>일본에 온 뒤로 쭉<6E5C>연구만 했으니까,<6E5C>이런 건 처음이에요"
dom2Fio_L07_2.mes,Script/dom2Fio_L07_2.mes,15,35,Fio,……もっと、<이름:3232>さんと親しく<6E5C>なりたいんですけど、<6E5C>迷惑でしょうか?,"……더,<이름:3232>씨와 친해지고<6E5C>싶은데,<6E5C>폐가 될까요?","……더,<이름:3232>씨와 친해지고<6E5C>싶은데,<6E5C>폐가 될까요?"
dom2Fio_L07_2.mes,Script/dom2Fio_L07_2.mes,16,21,[선택지],友達はたくさんいるだろ僕も親しくなりたいよ,친구는 많잖아나도 친해지고 싶어,친구는 많잖아\나도 친해지고 싶어
dom2Fio_L07_2.mes,Script/dom2Fio_L07_2.mes,17,43,주인공,何言ってるんだよ、フィオには<6E5C>たくさん友達がいるじゃないか.<6E5C>さみしく思う必要ないよ,"무슨 소리야, 피오한테는<6E5C>친구가 많잖아.<6E5C>외로워할 필요 없어","무슨 소리야, 피오한테는<6E5C>친구가 많잖아.<6E5C>외로워할 필요 없어"
dom2Fio_L07_2.mes,Script/dom2Fio_L07_2.mes,18,25,Fio,……あ、そうですよね!<6E5C>みんな優しいですもんね!,"……아, 그렇죠!<6E5C>다들 다정하니까요!","……아, 그렇죠!<6E5C>다들 다정하니까요!"
dom2Fio_L07_2.mes,Script/dom2Fio_L07_2.mes,19,19,Fio,フィオさん、とっても恵まれてます<6E5C>!,"피오, 정말 축복받았어요<6E5C>!","피오, 정말 축복받았어요<6E5C>!"
dom2Fio_L07_2.mes,Script/dom2Fio_L07_2.mes,20,39,주인공,もちろん、僕もフィオと親しく<6E5C>なりたいよ.もっともっと<6E5C>近づきたいなって思う,"물론, 나도 피오와 친해지고<6E5C>싶어.더더욱<6E5C>가까워지고 싶다고 생각해","물론, 나도 피오와 친해지고<6E5C>싶어.더더욱<6E5C>가까워지고 싶다고 생각해"
dom2Fio_L07_2.mes,Script/dom2Fio_L07_2.mes,21,7,Fio,<이름:3232>さん……,<이름:3232>씨……,<이름:3232>씨……
dom2Fio_L07_2.mes,Script/dom2Fio_L07_2.mes,22,11,주인공,今日もすごく楽しいよ,오늘도 정말 즐거워,오늘도 정말 즐거워
dom2Fio_L07_2.mes,Script/dom2Fio_L07_2.mes,23,23,주인공,またこうやって、<6E5C>フィオと会ってもいいかな?,"또 이렇게,<6E5C>피오랑 만나도 될까?","또 이렇게,<6E5C>피오랑 만나도 될까?"
dom2Fio_L07_2.mes,Script/dom2Fio_L07_2.mes,24,48,Fio,も、もちろんです!<485C>あのわたし、<이름:3232>さんと<6E5C>ショッピングに行きたいなと<6E5C>思ってるんですけど……,"무, 물론이에요!<485C>저기 저, <이름:3232>씨랑<6E5C>쇼핑하러 가고 싶다고<6E5C>생각하는데……","무, 물론이에요!<485C>저기 저, <이름:3232>씨랑<6E5C>쇼핑하러 가고 싶다고<6E5C>생각하는데……"
dom2Fio_L07_2.mes,Script/dom2Fio_L07_2.mes,25,8,주인공,ショッピング?,쇼핑?,쇼핑?
dom2Fio_L07_2.mes,Script/dom2Fio_L07_2.mes,26,32,Fio,その、20日の夕方なんてどうですか<6E5C>?よろしければですけど……,"그, 20일 저녁쯤 어때요<6E5C>?괜찮으시다면요……","그, 20일 저녁쯤 어때요<6E5C>?괜찮으시다면요……"
dom2Fio_L07_2.mes,Script/dom2Fio_L07_2.mes,27,12,주인공,もちろん、喜んで行くよ,"물론, 기꺼이 갈게","물론, 기꺼이 갈게"
dom2Fio_L07_2.mes,Script/dom2Fio_L07_2.mes,28,19,Fio,わーーい!<6E5C>フィオさん、大感激です!,"와아아!<6E5C>피오, 너무 감격이에요!","와아아!<6E5C>피오, 너무 감격이에요!"
dom2Fio_L07_2.mes,Script/dom2Fio_L07_2.mes,29,25,주인공,わっ、だからあんまり<6E5C>はしゃぐなって……やれやれ,"와, 그러니까 너무<6E5C>촐랑대지 말라니까……어휴","와, 그러니까 너무<6E5C>촐랑대지 말라니까……어휴"
dom2Fio_L08.mes,Script/dom2Fio_L08.mes,0,15,Fio,あ、<이름:3232>さん!お待たせです!,<이름:3232>씨!기다리게 했네요!,<이름:3232>씨!기다리게 했네요!
dom2Fio_L08.mes,Script/dom2Fio_L08.mes,1,22,주인공,いや、僕も今来たとこだよ.<6E5C>じゃ、行こうか,"아니, 나도 방금 왔어.<6E5C>자, 갈까","아니, 나도 방금 왔어.<6E5C>자, 갈까"
dom2Fio_L08.mes,Script/dom2Fio_L08.mes,2,5,Fio,はい……,네……,네……
dom2Fio_L08.mes,Script/dom2Fio_L08.mes,3,7,주인공,どうしたの?,왜 그래?,왜 그래?
dom2Fio_L08.mes,Script/dom2Fio_L08.mes,4,31,Fio,いえ、あの、こうやって何度も<6E5C><이름:3232>さんと会えるのが、嬉しくて,"아뇨, 그게, 이렇게 자주<6E5C><이름:3232>씨를 만나는 게 기뻐서","아뇨, 그게, 이렇게 자주<6E5C><이름:3232>씨를 만나는 게 기뻐서"
dom2Fio_L08.mes,Script/dom2Fio_L08.mes,5,23,주인공,……バカ、そういうこと言ったら<6E5C>照れるだろ?,"……바보, 그런 말 하면<6E5C>부끄럽잖아?","……바보, 그런 말 하면<6E5C>부끄럽잖아?"
dom2Fio_L08.mes,Script/dom2Fio_L08.mes,6,12,Fio,はうう、ごめんなさい!,"하와아, 죄송해요!","하와아, 죄송해요!"
dom2Fio_L08.mes,Script/dom2Fio_L08.mes,7,15,주인공,で、何が買いたいんだ?フィオ,그럼 뭘 사고 싶어? 피오,그럼 뭘 사고 싶어? 피오
dom2Fio_L08.mes,Script/dom2Fio_L08.mes,8,21,Fio,そうですね、<6E5C>もっと頑丈な作業服とか……,음 <6E5C>좀 더 튼튼한 작업복이라든가……,음 <6E5C>좀 더 튼튼한 작업복이라든가……
dom2Fio_L08.mes,Script/dom2Fio_L08.mes,9,12,Fio,あ!帽子も欲しいです!,아! 모자도 갖고파요,아! 모자도 갖고파요
dom2Fio_L08.mes,Script/dom2Fio_L08.mes,10,5,주인공,帽子かぁ,모자라…,모자라…
dom2Fio_L08.mes,Script/dom2Fio_L08.mes,11,6,Fio,どれどれ!,어디보자!,어디보자!
dom2Fio_L08.mes,Script/dom2Fio_L08.mes,12,21,Fio,これだと、<6E5C>工作部の制服と合いませんか?,이거 <6E5C>공작부 제복이랑 안 어울려요?,이거 <6E5C>공작부 제복이랑 안 어울려요?
dom2Fio_L08.mes,Script/dom2Fio_L08.mes,13,12,주인공,そうだね.ピッタリだよ,그러네. 딱이야,그러네. 딱이야
dom2Fio_L08.mes,Script/dom2Fio_L08.mes,14,29,주인공,僕はどうかな?<6E5C>……普段、帽子なんて<6E5C>かぶらないんだけど,난 어떨까?<6E5C>……평소엔 모자 같은 건<6E5C>안 쓰는데,난 어떨까?<6E5C>……평소엔 모자 같은 건<6E5C>안 쓰는데
dom2Fio_L08.mes,Script/dom2Fio_L08.mes,15,38,Fio,あはは!なんだか格闘ゲームの<6E5C>ヒーローになったみたいですよ!<6E5C>カッコイイ!,아하하! 왠지 격투 게임<6E5C>히어로가 된 것 같아요!<6E5C>멋있어요!,아하하! 왠지 격투 게임<6E5C>히어로가 된 것 같아요!<6E5C>멋있어요!
dom2Fio_L08.mes,Script/dom2Fio_L08.mes,16,27,주인공,本当?<6E5C>でもフィオの方が似合ってる.<6E5C>それ、買いなよ,정말?<6E5C>근데 피오한테 더 잘 어울려.<6E5C>그거 사,정말?<6E5C>근데 피오한테 더 잘 어울려.<6E5C>그거 사
dom2Fio_L08.mes,Script/dom2Fio_L08.mes,17,21,Fio,はい!買ってきますね!<6E5C>ふふ、嬉しいなぁ,"네! 사 올게요!<6E5C>후후, 기뻐요","네! 사 올게요!<6E5C>후후, 기뻐요"
dom2Fio_L08.mes,Script/dom2Fio_L08.mes,18,26,주인공,――結局、買ったのは帽子だけ<6E5C>だったけど、いいの?,"――결국, 산 건 모자뿐<6E5C>이었는데, 괜찮아?","――결국, 산 건 모자뿐<6E5C>이었는데, 괜찮아?"
dom2Fio_L08.mes,Script/dom2Fio_L08.mes,19,21,Fio,いいんです.<6E5C>これだけで、今日は十分です,괜찮아요.<6E5C>이거면 오늘은 충분해요,괜찮아요.<6E5C>이거면 오늘은 충분해요
dom2Fio_L08.mes,Script/dom2Fio_L08.mes,20,10,주인공,そうか.ならいいや,"그렇구나, 됐어","그렇구나, 됐어"
dom2Fio_L08.mes,Script/dom2Fio_L08.mes,21,37,Fio,……<이름:3232>さんは、<6E5C>もっと可愛らしい服とか買った方が<6E5C>いいと思いましたか?,"……<이름:3232>씨는,<6E5C>더 귀여운 옷 같은 걸 사는 게<6E5C>낫다고 생각했나요?","……<이름:3232>씨는,<6E5C>더 귀여운 옷 같은 걸 사는 게<6E5C>낫다고 생각했나요?"
dom2Fio_L08.mes,Script/dom2Fio_L08.mes,22,3,주인공,え?,네?,네?
dom2Fio_L08.mes,Script/dom2Fio_L08.mes,23,17,Fio,その、いつも工作部の服だから……,"그게, 늘 공작부 옷이니까……","그게, 늘 공작부 옷이니까……"
dom2Fio_L08.mes,Script/dom2Fio_L08.mes,24,13,[선택지],そんなことないよたまにはね,그렇지 않아가끔은 말이지,그렇지 않아\가끔은 말이지
dom2Fio_L08.mes,Script/dom2Fio_L08.mes,25,29,주인공,そんなことないよ.<6E5C>フィオはあの服、<6E5C>とても似合ってるよ,"그렇지 않아.<6E5C>피오는 그 옷,<6E5C>정말 잘 어울려","그렇지 않아.<6E5C>피오는 그 옷,<6E5C>정말 잘 어울려"
dom2Fio_L08.mes,Script/dom2Fio_L08.mes,26,37,Fio,<이름:3232>さんにそう言ってもらえると<6E5C>嬉しいです!<6E5C>わたしもあの服大好きです!,<이름:3232>씨가 그렇게 말해주니<6E5C>기뻐요!<6E5C>저도 그 옷 정말 좋아해요!,<이름:3232>씨가 그렇게 말해주니<6E5C>기뻐요!<6E5C>저도 그 옷 정말 좋아해요!
dom2Fio_L08.mes,Script/dom2Fio_L08.mes,27,25,주인공,まぁ、たまにはスカートとか<6E5C>はいてもいいと思うよ,"뭐, 가끔은 치마도<6E5C>입어도 괜찮을 것 같아","뭐, 가끔은 치마도<6E5C>입어도 괜찮을 것 같아"
dom2Fio_L08.mes,Script/dom2Fio_L08.mes,28,32,Fio,そうですね.<6E5C>そのときは<이름:3232>さん、<6E5C>また付き合ってくださいね?,"그렇네요.<6E5C>그때는 <이름:3232>씨,<6E5C>또 함께해 주세요?","그렇네요.<6E5C>그때는 <이름:3232>씨,<6E5C>또 함께해 주세요?"
dom2Fio_L09.mes,Script/dom2Fio_L09.mes,0,5,[효과음/내레이션],ドカーン!,콰쾅!,콰쾅!
dom2Fio_L09.mes,Script/dom2Fio_L09.mes,1,12,[효과음/내레이션],ドンガラガッシャーン!,우당탕 와장창!,우당탕 와장창!
dom2Fio_L09.mes,Script/dom2Fio_L09.mes,2,11,주인공,いきなり、なんだぁ?,"갑자기, 뭐야?","갑자기, 뭐야?"
dom2Fio_L09.mes,Script/dom2Fio_L09.mes,3,17,Fio,はわわ、フィオさんの最新作がぁぁ,"하와와, 피오 씨 최신작이이이","하와와, 피오 씨 최신작이이이"
dom2Fio_L09.mes,Script/dom2Fio_L09.mes,4,26,주인공,フィオ、何やってんだ?<6E5C>何かが大破したみたいだけど,"피오, 뭐 해?<6E5C>뭔가 크게 부서진 것 같은데","피오, 뭐 해?<6E5C>뭔가 크게 부서진 것 같은데"
dom2Fio_L09.mes,Script/dom2Fio_L09.mes,5,40,Fio,あ、<이름:3232>さん!その、わたし、<6E5C>風の噂で今日が<이름:3232>さんの<6E5C>誕生日だって知って……,"아, <이름:3232>씨! 그게, 제가<6E5C>풍문으로 오늘이 <이름:3232>씨<6E5C>생일이라는 걸 알고…","아, <이름:3232>씨! 그게, 제가<6E5C>풍문으로 오늘이 <이름:3232>씨<6E5C>생일이라는 걸 알고…"
dom2Fio_L09.mes,Script/dom2Fio_L09.mes,6,5,주인공,風の噂?,풍문?,풍문?
dom2Fio_L09.mes,Script/dom2Fio_L09.mes,7,24,Fio,それで、こっそりプレゼントを<6E5C>制作してたんです,"그래서, 몰래 선물을<6E5C>제작하고 있었어요","그래서, 몰래 선물을<6E5C>제작하고 있었어요"
dom2Fio_L09.mes,Script/dom2Fio_L09.mes,8,26,Fio,でも、届ける前に粉みじんになって<6E5C>しまいました……,"근데, 전달하기 전에 산산조각이<6E5C>나버렸어요……","근데, 전달하기 전에 산산조각이<6E5C>나버렸어요……"
dom2Fio_L09.mes,Script/dom2Fio_L09.mes,9,19,주인공,いったい何を作ってくれてたんだい<6E5C>?,대체 뭘 만들어주고 있었던<6E5C>거야?,대체 뭘 만들어주고 있었던<6E5C>거야?
dom2Fio_L09.mes,Script/dom2Fio_L09.mes,10,26,Fio,万能戦車メタルスラッグ、<6E5C>バースデーVer.です!,"만능전차 메탈슬러그,<6E5C>버스데이 Ver.예요!","만능전차 메탈슬러그,<6E5C>버스데이 Ver.예요!"
dom2Fio_L09.mes,Script/dom2Fio_L09.mes,11,7,주인공,戦車かよ……,전차냐……,전차냐……
dom2Fio_L09.mes,Script/dom2Fio_L09.mes,12,11,Fio,あ……迷惑でしたか?,아……민폐였나요?,아……민폐였나요?
dom2Fio_L09.mes,Script/dom2Fio_L09.mes,13,13,[선택지],そんなことないとても迷惑だ,그렇지 않아엄청 민폐야,그렇지 않아\엄청 민폐야
dom2Fio_L09.mes,Script/dom2Fio_L09.mes,14,46,주인공,そ、そんなことないよ!<6E5C>フィオが一生懸命作ってくれたのに<6E5C>、嬉しくないわけないじゃないか!,"그, 그렇지 않아!<6E5C>피오가 열심히 만들어 줬는데<6E5C>, 안 기쁠 리가 없잖아!","그, 그렇지 않아!<6E5C>피오가 열심히 만들어 줬는데<6E5C>, 안 기쁠 리가 없잖아!"
dom2Fio_L09.mes,Script/dom2Fio_L09.mes,15,27,Fio,わぁ!そう言ってもらえると、<6E5C>フィオさん嬉しいです!,"와아! 그렇게 말해주니,<6E5C>피오 씨 기뻐요!","와아! 그렇게 말해주니,<6E5C>피오 씨 기뻐요!"
dom2Fio_L09.mes,Script/dom2Fio_L09.mes,16,23,Fio,壊れちゃったけど、<6E5C>作った甲斐がありました!,"부서지긴 했지만,<6E5C>만든 보람이 있었어요!","부서지긴 했지만,<6E5C>만든 보람이 있었어요!"
dom2Fio_L09.mes,Script/dom2Fio_L09.mes,17,35,Fio,せめて、この壊れた部品だけでも<6E5C>もらってくれますか?<6E5C>形見として……,"적어도, 이 부서진 부품만이라도<6E5C>받아주실래요?<6E5C>유품으로……","적어도, 이 부서진 부품만이라도<6E5C>받아주실래요?<6E5C>유품으로……"
dom2Fio_L09.mes,Script/dom2Fio_L09.mes,18,15,주인공,……ありがとう.大事にするよ,……고마워. 소중히 할게,……고마워. 소중히 할게
dom2Fio_L09.mes,Script/dom2Fio_L09.mes,19,21,주인공,とっても迷惑だよ!<6E5C>なんで戦車なんだよ!,완전 민폐야!<6E5C>왜 하필 전차인 거야!,완전 민폐야!<6E5C>왜 하필 전차인 거야!
dom2Fio_L09.mes,Script/dom2Fio_L09.mes,20,35,Fio,はううっ.<6E5C>でもでも、戦車はすごいんですよ?<6E5C>とっても強いんですよ?,허우웃.<6E5C>그치만 그치만 전차는 대단하다고요?<6E5C>엄청 강하다고요?,허우웃.<6E5C>그치만 그치만 전차는 대단하다고요?<6E5C>엄청 강하다고요?
dom2Fio_L09.mes,Script/dom2Fio_L09.mes,21,13,Fio,がんばって作ったのに……,열심히 만들었는데……,열심히 만들었는데……
dom2Fio_L09.mes,Script/dom2Fio_L09.mes,22,40,주인공,(う~ん、フィオの価値観って<6E5C>かなりずれてるな…….<6E5C>軍人の家系だからかな?),"(음, 피오 가치관은<6E5C>꽤 어긋나 있어…….<6E5C>군인 집안이라 그런가?)","(음, 피오 가치관은<6E5C>꽤 어긋나 있어…….<6E5C>군인 집안이라 그런가?)"
dom2Fio_L10.mes,Script/dom2Fio_L10.mes,0,14,Fio,あっ!<이름:3232>さん、<이름:3232>さん!,"앗! <이름:3232>씨, <이름:3232>씨!","앗! <이름:3232>씨, <이름:3232>씨!"
dom2Fio_L10.mes,Script/dom2Fio_L10.mes,1,14,주인공,どうした?えらくご機嫌だな,왜그래? 기분 좋아보이네,왜그래? 기분 좋아보이네
dom2Fio_L10.mes,Script/dom2Fio_L10.mes,2,12,Fio,ついに完成したんです!,드디어 완성했어요!,드디어 완성했어요!
dom2Fio_L10.mes,Script/dom2Fio_L10.mes,3,47,Fio,フィオさんプレゼンツの新しい<6E5C>アトラクションが!<485C>ネオジオワールドのお客さんも<6E5C>大喜びです!,피오 씨 제공의 새로운<6E5C>어트랙션이!<485C>네오지오월드 손님들도<6E5C>대만족이에요!,피오 씨 제공의 새로운<6E5C>어트랙션이!<485C>네오지오월드 손님들도<6E5C>대만족이에요!
dom2Fio_L10.mes,Script/dom2Fio_L10.mes,4,11,주인공,えっ、大丈夫なのか?,"엣, 괜찮은 거야?","엣, 괜찮은 거야?"
dom2Fio_L10.mes,Script/dom2Fio_L10.mes,5,23,Fio,もちろんです!<6E5C>見てください.じゃじゃーん!,물론이죠!<6E5C>보세요. 짜잔!,물론이죠!<6E5C>보세요. 짜잔!
dom2Fio_L10.mes,Script/dom2Fio_L10.mes,6,8,[효과음/내레이션],パオ~~~ン!,뿌우~~~!,뿌우~~~!
dom2Fio_L10.mes,Script/dom2Fio_L10.mes,7,6,주인공,え……象?,어…코끼리,어…코끼리
dom2Fio_L10.mes,Script/dom2Fio_L10.mes,8,44,Fio,そうです!象さんに乗ってパーク<6E5C>内を冒険する、その名も<6E5C>エレファントスラッグですぅ!!,"맞아요! 코끼리를 타고 파크<6E5C>안을 모험하는, 이름하여<6E5C>엘리펀트슬러그예요!!","맞아요! 코끼리를 타고 파크<6E5C>안을 모험하는, 이름하여<6E5C>엘리펀트슬러그예요!!"
dom2Fio_L10.mes,Script/dom2Fio_L10.mes,9,16,주인공,……これでも発明品って言うの?,……이게 발명품이야?,……이게 발명품이야?
dom2Fio_L10.mes,Script/dom2Fio_L10.mes,10,25,Fio,当然ですよ!<6E5C><이름:3232>さん、<6E5C>さっそく乗りませんか?,"당연하죠!<6E5C><이름:3232>씨,<6E5C>바로 타보지 않을래요?","당연하죠!<6E5C><이름:3232>씨,<6E5C>바로 타보지 않을래요?"
dom2Fio_L10.mes,Script/dom2Fio_L10.mes,11,4,[선택지],乗る断る,탄다거절,탄다\거절
dom2Fio_L10.mes,Script/dom2Fio_L10.mes,12,21,주인공,……よ、よし.男は度胸だ.<6E5C>乗ってみよう,……좋아. 남자는 배짱이지.<6E5C>타 보자,……좋아. 남자는 배짱이지.<6E5C>타 보자
dom2Fio_L10.mes,Script/dom2Fio_L10.mes,13,8,[효과음/내레이션],パオ~~~ン!,뿌우~~~!,뿌우~~~!
dom2Fio_L10.mes,Script/dom2Fio_L10.mes,14,4,주인공,わぁっ,으앗,으앗
dom2Fio_L10.mes,Script/dom2Fio_L10.mes,15,64,Fio,ダメですよ<이름:3232>さん!<485C>この子は野生の動物なんですから、<6E5C>もっと素直な気持ちで乗らないと!<485C>子どもたちはみんな仲良く<6E5C>してるのに,"안 돼요 <이름:3232>씨!<485C>이 아이는 야생 동물이니까,<6E5C>더 순수한 마음으로 타야죠!<485C>아이들은 다들 사이좋게<6E5C>타고 있는데","안 돼요 <이름:3232>씨!<485C>이 아이는 야생 동물이니까,<6E5C>더 순수한 마음으로 타야죠!<485C>아이들은 다들 사이좋게<6E5C>타고 있는데"
dom2Fio_L10.mes,Script/dom2Fio_L10.mes,16,26,주인공,そうだ、僕って動物と相性<6E5C>悪いんだった.トホホ……,"맞다, 나 동물이랑 상성이<6E5C>안 좋았지. 흑흑…","맞다, 나 동물이랑 상성이<6E5C>안 좋았지. 흑흑…"
dom2Fio_L10.mes,Script/dom2Fio_L10.mes,17,23,주인공,無茶言うなよ!<6E5C>こんなの乗れるわけないだろ!,무리한 말 하지 마!<6E5C>이걸 어떻게 타!,무리한 말 하지 마!<6E5C>이걸 어떻게 타!
dom2Fio_L10.mes,Script/dom2Fio_L10.mes,18,25,Fio,そんな……子どもたちはみんな<6E5C>仲良く乗ってるのに,그런……아이들은 다들<6E5C>사이좋게 타고 있는데,그런……아이들은 다들<6E5C>사이좋게 타고 있는데
dom2Fio_L10.mes,Script/dom2Fio_L10.mes,19,8,UNKNOWN_4e,わーい、わーい,"와아, 와아","와아, 와아"
dom2Fio_L10.mes,Script/dom2Fio_L10.mes,20,16,주인공,うーん、信じられない光景だ……,"음, 믿기지 않는 광경이네…","음, 믿기지 않는 광경이네…"
dom2Fio_M01.mes,Script/dom2Fio_M01.mes,0,7,[효과음/내레이션],ずってーん!,꽈당!,꽈당!
dom2Fio_M01.mes,Script/dom2Fio_M01.mes,1,6,UNKNOWN_1e,いたたた…,아야야야…,아야야야…
dom2Fio_M01.mes,Script/dom2Fio_M01.mes,2,23,주인공,……フィオ、<6E5C>ハデにずっこけてどうしたんだ?,"……피오,<6E5C>화려하게 넘어졌는데 왜 그래?","……피오,<6E5C>화려하게 넘어졌는데 왜 그래?"
dom2Fio_M01.mes,Script/dom2Fio_M01.mes,3,18,Fio,あっ、<이름:3232>さん!<6E5C>お久しぶりですぅ,"앗, <이름:3232>씨!<6E5C>오랜만이에요","앗, <이름:3232>씨!<6E5C>오랜만이에요"
dom2Fio_M01.mes,Script/dom2Fio_M01.mes,4,31,주인공,この前、会ったばっかりだろ?<6E5C>そんなにあわてて何かあったの?,요전에 막 만났잖아?<6E5C>그렇게 서둘러서 무슨 일 있었어?,요전에 막 만났잖아?<6E5C>그렇게 서둘러서 무슨 일 있었어?
dom2Fio_M01.mes,Script/dom2Fio_M01.mes,5,29,Fio,いえ、まだ夏祭りの出し物を決めて<6E5C>なくて、あせってて……,"아뇨, 아직 축제 출품작을 못<6E5C>정해서, 초조해서……","아뇨, 아직 축제 출품작을 못<6E5C>정해서, 초조해서……"
dom2Fio_M01.mes,Script/dom2Fio_M01.mes,6,12,주인공,そうか、17日だもんね,그렇구나 17일이니까,그렇구나 17일이니까
dom2Fio_M01.mes,Script/dom2Fio_M01.mes,7,28,주인공,地元のお祭りだから、みんなが<6E5C>楽しめるものじゃないとね,"동네 축제니까, 다들<6E5C>즐길 수 있어야 하지","동네 축제니까, 다들<6E5C>즐길 수 있어야 하지"
dom2Fio_M01.mes,Script/dom2Fio_M01.mes,8,44,Fio,そうなんです.わたしはハデに<6E5C>工作物を出したいんですけど、<6E5C>楽しんでくれるかどうか……,"맞아요. 저는 화려하게<6E5C>공작물을 내고 싶은데,<6E5C>즐거워해 줄지 어떨지……","맞아요. 저는 화려하게<6E5C>공작물을 내고 싶은데,<6E5C>즐거워해 줄지 어떨지……"
dom2Fio_M01.mes,Script/dom2Fio_M01.mes,9,31,주인공,フィオの発明品はとても好きだけど<6E5C>、刺激が強いっていうか……,피오 발명품은 정말 좋아하지만<6E5C>자극이 강하다고 할까……,피오 발명품은 정말 좋아하지만<6E5C>자극이 강하다고 할까……
dom2Fio_M01.mes,Script/dom2Fio_M01.mes,10,48,Fio,そうなんです.ゲーニッツ先生にも<6E5C>言われて、おとなしくレポートに<6E5C>したらどうだって、ううっ……,"맞아요. 게닛츠 선생님한테도<6E5C>얘기 들어서, 얌전히 리포트로<6E5C>하는 게 어떠냐고, 으윽…","맞아요. 게닛츠 선생님한테도<6E5C>얘기 들어서, 얌전히 리포트로<6E5C>하는 게 어떠냐고, 으윽…"
dom2Fio_M01.mes,Script/dom2Fio_M01.mes,11,19,[선택지],工作したらいいよ!やっぱりレポートかな,공작하는 게 좋아!역시 리포트려나,공작하는 게 좋아!\역시 리포트려나
dom2Fio_M01.mes,Script/dom2Fio_M01.mes,12,23,주인공,でも、フィオは何より工作が<6E5C>好きなんだろう?,근데 피오는 뭐보다도 공작을<6E5C>좋아하잖아?,근데 피오는 뭐보다도 공작을<6E5C>좋아하잖아?
dom2Fio_M01.mes,Script/dom2Fio_M01.mes,13,28,주인공,得意分野で出した方が、<6E5C>きっと祭りも盛り上がると思うよ,잘하는 분야로 내는 게<6E5C>분명 축제도 더 신날 거야,잘하는 분야로 내는 게<6E5C>분명 축제도 더 신날 거야
dom2Fio_M01.mes,Script/dom2Fio_M01.mes,14,11,Fio,えっ、ほんとですか?,"엣, 정말요?","엣, 정말요?"
dom2Fio_M01.mes,Script/dom2Fio_M01.mes,15,26,주인공,うん.僕はフィオのとんでもない<6E5C>発明品に期待するな,응. 난 피오의 말도 안되는<6E5C>발명품을 기대할게,응. 난 피오의 말도 안되는<6E5C>발명품을 기대할게
dom2Fio_M01.mes,Script/dom2Fio_M01.mes,16,37,Fio,わーい!フィオさんうれしいです!<6E5C><이름:3232>さんにそんな風に<6E5C>言われるなんて!,와아! 피오 씨 기뻐요!<6E5C><이름:3232>씨한테 그런 말을<6E5C>받다니!,와아! 피오 씨 기뻐요!<6E5C><이름:3232>씨한테 그런 말을<6E5C>받다니!
dom2Fio_M01.mes,Script/dom2Fio_M01.mes,17,45,주인공,うーん、ゲーニッツ先生が言うなら<6E5C>、おとなしくレポートにしたほうが<6E5C>いいんじゃないかな?,"음, 게닛츠 선생님이 그렇게 말한다면<6E5C>, 얌전히 리포트로 하는 게<6E5C>낫지 않을까?","음, 게닛츠 선생님이 그렇게 말한다면<6E5C>, 얌전히 리포트로 하는 게<6E5C>낫지 않을까?"
dom2Fio_M01.mes,Script/dom2Fio_M01.mes,18,12,Fio,やっぱりそうですか……,역시 그런가요……,역시 그런가요……
dom2Fio_M01.mes,Script/dom2Fio_M01.mes,19,36,주인공,神楽神社は歴史も古いし、<6E5C>深く調べたら面白いレポートに<6E5C>なりそうだけど,카구라 신사는 역사 깊으니<6E5C>조사하면 재밌는 리포트<6E5C>될 것 같은데,카구라 신사는 역사 깊으니<6E5C>조사하면 재밌는 리포트<6E5C>될 것 같은데
dom2Fio_M01.mes,Script/dom2Fio_M01.mes,20,22,Fio,そうですね.<6E5C>レポート……がんばってみます,그렇네요.<6E5C>리포트……열심히 해볼게요,그렇네요.<6E5C>리포트……열심히 해볼게요
dom2Fio_M02.mes,Script/dom2Fio_M02.mes,0,10,Shizuku,おはよう、<이름:3131>くん,좋은 아침 <이름:3131>군,좋은 아침 <이름:3131>군
dom2Fio_M02.mes,Script/dom2Fio_M02.mes,1,15,주인공,ふわ……あ、おはよう巳沢さん,…아 좋은 아침 미사와 씨,…아 좋은 아침 미사와 씨
dom2Fio_M02.mes,Script/dom2Fio_M02.mes,2,25,Shizuku,ところで<이름:3131>くん、<6E5C>昨日フィオから連絡なかった?,그런데 <이름:3131>군<6E5C>어제 피오한테서 연락 없었어?,그런데 <이름:3131>군<6E5C>어제 피오한테서 연락 없었어?
dom2Fio_M02.mes,Script/dom2Fio_M02.mes,3,19,주인공,フィオ?<6E5C>いや、ないけど、どうして?,"피오?<6E5C>아니, 없었는데, 왜?","피오?<6E5C>아니, 없었는데, 왜?"
dom2Fio_M02.mes,Script/dom2Fio_M02.mes,4,44,Shizuku,昨日の夜、工作部の先輩と<6E5C>イリュージョンで会う約束してた<6E5C>らしいんだけど、来なかったの,"어젯밤에, 공작부 선배랑<6E5C>일루전에서 만나기로 약속했다<6E5C>는데, 안 왔어","어젯밤에, 공작부 선배랑<6E5C>일루전에서 만나기로 약속했다<6E5C>는데, 안 왔어"
dom2Fio_M02.mes,Script/dom2Fio_M02.mes,5,39,Shizuku,その人が帰った後、私も電話して<6E5C>みたんだけど、ケータイも<6E5C>つながらなくて……,"그 사람이 돌아간 뒤에, 나도 전화해<6E5C>봤는데, 휴대폰도<6E5C>안 받아서……","그 사람이 돌아간 뒤에, 나도 전화해<6E5C>봤는데, 휴대폰도<6E5C>안 받아서……"
dom2Fio_M02.mes,Script/dom2Fio_M02.mes,6,24,주인공,フィオが約束をすっぽかすなんて、<6E5C>めずらしいな,"피오가 약속을 어기다니,<6E5C>드문 일이네","피오가 약속을 어기다니,<6E5C>드문 일이네"
dom2Fio_M02.mes,Script/dom2Fio_M02.mes,7,16,Shizuku,そうなの.だからちょっと心配で,그래. 그래서 좀 걱정돼서,그래. 그래서 좀 걱정돼서
dom2Fio_M02.mes,Script/dom2Fio_M02.mes,8,10,[선택지],誘拐かな?研究かな?,유괴려나?연구려나?,유괴려나?\연구려나?
dom2Fio_M02.mes,Script/dom2Fio_M02.mes,9,10,주인공,まさか、誘拐……?,"설마, 유괴……?","설마, 유괴……?"
dom2Fio_M02.mes,Script/dom2Fio_M02.mes,10,3,Shizuku,……,……,……
dom2Fio_M02.mes,Script/dom2Fio_M02.mes,11,3,주인공,……,……,……
dom2Fio_M02.mes,Script/dom2Fio_M02.mes,12,3,Fio,……,……,……
dom2Fio_M02.mes,Script/dom2Fio_M02.mes,13,7,주인공,……フィオ!,……피오!,……피오!
dom2Fio_M02.mes,Script/dom2Fio_M02.mes,14,12,Fio,何の話だったんですか?,무슨 얘기였어요?,무슨 얘기였어요?
dom2Fio_M02.mes,Script/dom2Fio_M02.mes,15,23,Shizuku,もう……あなたの話よ.<6E5C>昨日はどこにいたの?,정말…네 얘기였어.<6E5C>어제는 어디 있었어?,정말…네 얘기였어.<6E5C>어제는 어디 있었어?
dom2Fio_M02.mes,Script/dom2Fio_M02.mes,16,66,Fio,神社のレポートですよ?<6E5C>夢中になっていたらいつの間にか<6E5C>居眠りしちゃったみたいで……<485C>バイスさんが見つけて<6E5C>車で送ってくれたんです,신사 리포트였어요?<6E5C>몰두하다 보니 어느새<6E5C>깜빡 졸아버린 것 같아서……<485C>바이스 씨가 발견하고<6E5C>차로 데려다줬어요,신사 리포트였어요?<6E5C>몰두하다 보니 어느새<6E5C>깜빡 졸아버린 것 같아서……<485C>바이스 씨가 발견하고<6E5C>차로 데려다줬어요
dom2Fio_M02.mes,Script/dom2Fio_M02.mes,17,29,주인공,そうか.<6E5C>めずらしく連絡がないから、<6E5C>先輩が探してたぞ?,그렇구나.<6E5C>드물게 연락이 없어서<6E5C>선배가 찾고 있었어,그렇구나.<6E5C>드물게 연락이 없어서<6E5C>선배가 찾고 있었어
dom2Fio_M02.mes,Script/dom2Fio_M02.mes,18,13,Fio,はわわわ、いっけなーい!,"하와와와, 이런 큰일!","하와와와, 이런 큰일!"
dom2Fio_M02.mes,Script/dom2Fio_M02.mes,19,40,주인공,あいつのことだから、<6E5C>また発明に没頭して研究室に<6E5C>閉じこもってるんじゃないか?,"그 녀석이라면,<6E5C>또 발명에 몰두해서 연구실에<6E5C>틀어박혀 있는 거 아니야?","그 녀석이라면,<6E5C>또 발명에 몰두해서 연구실에<6E5C>틀어박혀 있는 거 아니야?"
dom2Fio_M02.mes,Script/dom2Fio_M02.mes,20,15,Shizuku,そうね.そうかもしれないわね,그러네. 그럴지도 모르겠네,그러네. 그럴지도 모르겠네
dom2Fio_M02.mes,Script/dom2Fio_M02.mes,21,37,주인공,僕たちも集中してレポートに<6E5C>取り掛かろう.<6E5C>ゲーニッツ先生、厳しいからな,"우리도 집중해서 리포트에<6E5C>착수하자.<6E5C>게닛츠 선생님, 엄격하니까","우리도 집중해서 리포트에<6E5C>착수하자.<6E5C>게닛츠 선생님, 엄격하니까"
dom2Fio_M02.mes,Script/dom2Fio_M02.mes,22,25,Shizuku,そうね.<6E5C>アクビなんかしてる場合じゃ<6E5C>ないわよね,그러네.<6E5C>하품 같은 거 할 때가<6E5C>아니지,그러네.<6E5C>하품 같은 거 할 때가<6E5C>아니지
dom2Fio_M02.mes,Script/dom2Fio_M02.mes,23,18,주인공,……見てたのかい?<6E5C>いじわるだなぁ,……보고 있었어?<6E5C>얄밉네,……보고 있었어?<6E5C>얄밉네
dom2Fio_M02.mes,Script/dom2Fio_M02.mes,24,17,Shizuku,フフッ、いっしょにがんばろうね?,"후훗, 같이 힘내자?","후훗, 같이 힘내자?"
dom2Fio_M03.mes,Script/dom2Fio_M03.mes,0,9,UNKNOWN_1e,<이름:3232>さーーーん!,<이름:3232>씨----!,<이름:3232>씨----!
dom2Fio_M03.mes,Script/dom2Fio_M03.mes,1,29,주인공,フィオ、そんな笑顔でどうしたんだ<6E5C>?走ったらまたこけるぞ,"피오, 그런 얼굴로 왜 그래<6E5C>? 뛰다 또 넘어진다","피오, 그런 얼굴로 왜 그래<6E5C>? 뛰다 또 넘어진다"
dom2Fio_M03.mes,Script/dom2Fio_M03.mes,2,51,Fio,もー!そんなにしょっちゅう<6E5C>コケたりしません!<485C>それより、ついに完成<6E5C>したんですよ、夏祭りの出し物!,"정말! 그렇게 자주<6E5C>넘어지지 않아요!<485C>그것보다, 드디어 완성<6E5C>했어요, 여름 축제 출품작!","정말! 그렇게 자주<6E5C>넘어지지 않아요!<485C>그것보다, 드디어 완성<6E5C>했어요, 여름 축제 출품작!"
dom2Fio_M03.mes,Script/dom2Fio_M03.mes,3,35,주인공,え、すごいじゃないか.<6E5C>祭りは17日なのに、<6E5C>もう出来上がったなんて,"어, 대단하잖아.<6E5C>축제는 17일인데,<6E5C>벌써 완성했다니","어, 대단하잖아.<6E5C>축제는 17일인데,<6E5C>벌써 완성했다니"
dom2Fio_M03.mes,Script/dom2Fio_M03.mes,4,29,Fio,ふふっ、フィオさんにかかれば、<6E5C>お茶の子さいさいですぅ!,"후훗, 피오 씨한테 걸리면,<6E5C>식은 죽 먹기예요!","후훗, 피오 씨한테 걸리면,<6E5C>식은 죽 먹기예요!"
dom2Fio_M03.mes,Script/dom2Fio_M03.mes,5,28,주인공,そうか.で、結局何を作ったんだ?<6E5C>全自動おみこしとか?,그래서 결국 뭘 만든 거야?<6E5C>전자동 가마 같은 거,그래서 결국 뭘 만든 거야?<6E5C>전자동 가마 같은 거
dom2Fio_M03.mes,Script/dom2Fio_M03.mes,6,38,Fio,そんなのヒミツに決まってるじゃ<6E5C>ないですか!<6E5C>夏祭りまでのお楽しみですよ!,그런 건 당연히 비밀이<6E5C>잖아요!<6E5C>여름 축제까지 기대해 주세요!,그런 건 당연히 비밀이<6E5C>잖아요!<6E5C>여름 축제까지 기대해 주세요!
dom2Fio_M03.mes,Script/dom2Fio_M03.mes,7,14,주인공,そうか…….早く見たいなぁ,그렇구나…빨리 보고 싶다,그렇구나…빨리 보고 싶다
dom2Fio_M03.mes,Script/dom2Fio_M03.mes,8,12,Fio,あの、その、それで……,"저기, 그게 그래서…","저기, 그게 그래서…"
dom2Fio_M03.mes,Script/dom2Fio_M03.mes,9,3,주인공,ん?,응?,응?
dom2Fio_M03.mes,Script/dom2Fio_M03.mes,10,31,Fio,よかったら、わたしといっしょに<6E5C>夏祭り、回ってくれませんか?,"괜찮으시면, 저랑 같이<6E5C>여름 축제, 돌아봐 주실래요?","괜찮으시면, 저랑 같이<6E5C>여름 축제, 돌아봐 주실래요?"
dom2Fio_M03.mes,Script/dom2Fio_M03.mes,11,22,Fio,<이름:3232>さんのご迷惑でなかったら<6E5C>ですけど……,<이름:3232>씨한테 민폐가 아니라면<6E5C>말이지만요…,<이름:3232>씨한테 민폐가 아니라면<6E5C>말이지만요…
dom2Fio_M03.mes,Script/dom2Fio_M03.mes,12,8,[선택지],よろこんでごめん,좋아미안,좋아\미안
dom2Fio_M03.mes,Script/dom2Fio_M03.mes,13,21,주인공,ありがとう.<6E5C>僕でよかったら、よろこんで,"고마워.<6E5C>나라도 괜찮다면, 기꺼이","고마워.<6E5C>나라도 괜찮다면, 기꺼이"
dom2Fio_M03.mes,Script/dom2Fio_M03.mes,14,14,Fio,えぇっ!ほんとうですか!?,엣! 정말요!?,엣! 정말요!?
dom2Fio_M03.mes,Script/dom2Fio_M03.mes,15,10,주인공,なんだよ、嫌なの?,"뭐야, 싫어?","뭐야, 싫어?"
dom2Fio_M03.mes,Script/dom2Fio_M03.mes,16,38,Fio,そ、そんなわけないです!<6E5C>フィオさん、感激です!<6E5C>はわわ、どーしましょう!,"그, 그럴 리 없어요!<6E5C>피오 씨, 감격이에요!<6E5C>하와와, 어떡하죠!","그, 그럴 리 없어요!<6E5C>피오 씨, 감격이에요!<6E5C>하와와, 어떡하죠!"
dom2Fio_M03.mes,Script/dom2Fio_M03.mes,17,7,주인공,大げさだなぁ,호들갑은,호들갑은
dom2Fio_M03.mes,Script/dom2Fio_M03.mes,18,24,주인공,ごめん.まだ、夏祭りの予定、<6E5C>考えてなくて……,"미안. 아직 축제 계획,<6E5C>생각 안 해봐서…","미안. 아직 축제 계획,<6E5C>생각 안 해봐서…"
dom2Fio_M03.mes,Script/dom2Fio_M03.mes,19,35,Fio,そ、そうですか…….<6E5C>ごめんなさい、迷惑なことを<6E5C>言ってしまって……,"그, 그런가요…….<6E5C>죄송해요, 민폐되는 말을<6E5C>해버려서……","그, 그런가요…….<6E5C>죄송해요, 민폐되는 말을<6E5C>해버려서……"
dom2Fio_M03.mes,Script/dom2Fio_M03.mes,20,29,주인공,迷惑じゃないよ!<6E5C>フィオの出し物は楽しみに<6E5C>してるから!,민폐 아니야!<6E5C>피오 출품작 기대하고<6E5C>있으니까!,민폐 아니야!<6E5C>피오 출품작 기대하고<6E5C>있으니까!
dom2Fio_M03.mes,Script/dom2Fio_M03.mes,21,13,Fio,……はい.ありがとうです,……네. 고마워요,……네. 고마워요
dom2Fio_S01.mes,Script/dom2Fio_S01.mes,0,17,주인공,フィオ、神楽神社で何してるんだ?,피오 신사에서 뭐 하는 거야?,피오 신사에서 뭐 하는 거야?
dom2Fio_S01.mes,Script/dom2Fio_S01.mes,1,20,Fio,夏祭りの準備です!<6E5C>もうすぐですから!,여름 축제 준비예요!<6E5C>곧이니까요!,여름 축제 준비예요!<6E5C>곧이니까요!
dom2Fio_S01.mes,Script/dom2Fio_S01.mes,2,19,주인공,大変だな.<6E5C>僕に手伝えること、ある?,힘들겠다.<6E5C>내가 도울 거 있어?,힘들겠다.<6E5C>내가 도울 거 있어?
dom2Fio_S01.mes,Script/dom2Fio_S01.mes,3,32,Fio,そんな!<이름:3232>さんのお手をわずら<6E5C>わせるなんて、申し訳ないです!,"그런!<이름:3232>씨 손을 번거<6E5C>롭게 하다니, 죄송해요!","그런!<이름:3232>씨 손을 번거<6E5C>롭게 하다니, 죄송해요!"
dom2Fio_S01.mes,Script/dom2Fio_S01.mes,4,22,주인공,どうしてだよ.<6E5C>友達なんだから当然だろう?,왜 그래.<6E5C>친구니까 당연하잖아?,왜 그래.<6E5C>친구니까 당연하잖아?
dom2Fio_S01.mes,Script/dom2Fio_S01.mes,5,11,Fio,でも、でも、はわわ!,"그치만, 하와와!","그치만, 하와와!"
dom2Fio_S01.mes,Script/dom2Fio_S01.mes,6,7,[효과음/내레이션],ずってーん!,꽈당!,꽈당!
dom2Fio_S01.mes,Script/dom2Fio_S01.mes,7,14,Fio,はううう……メガネ、メガネ,"허우우……안경, 안경","허우우……안경, 안경"
dom2Fio_S01.mes,Script/dom2Fio_S01.mes,8,26,주인공,もう、何やってんだよ.はい.<6E5C>もう、準備がんばれよ,"아니, 뭐 하는 거야. 자.<6E5C>이제 준비 힘내","아니, 뭐 하는 거야. 자.<6E5C>이제 준비 힘내"
dom2Fio_S01.mes,Script/dom2Fio_S01.mes,9,6,Fio,はいぃっ!,네엡!,네엡!
dom2Fio_S01.mes,Script/dom2Fio_S01.mes,10,7,[효과음/내레이션],ずってーん!,꽈당!,꽈당!
dom2Fio_S01.mes,Script/dom2Fio_S01.mes,11,6,주인공,……フィオ,……피오,……피오
dom2Fio_S01.mes,Script/dom2Fio_S01.mes,12,16,Fio,はうう、平気です!大丈夫です!,허우 괜찮아요! 문제없어요!,허우 괜찮아요! 문제없어요!
dom2Fio_S01.mes,Script/dom2Fio_S01.mes,13,20,주인공,夏祭りの準備、<6E5C>がんばってるみたいだな,"축제 준비,<6E5C>열심히 하고 있네","축제 준비,<6E5C>열심히 하고 있네"
dom2Fio_S01.mes,Script/dom2Fio_S01.mes,14,28,Fio,もちろんです!<6E5C>フィオさん、<6E5C>やる気まんまんですから!,"물론이죠!<6E5C>피오 씨,<6E5C>의욕 만렙이니까요!","물론이죠!<6E5C>피오 씨,<6E5C>의욕 만렙이니까요!"
dom2Fio_S01.mes,Script/dom2Fio_S01.mes,15,20,주인공,でも、ひとりじゃ大変だろう?<6E5C>手伝うよ,"그래도, 혼자면 힘들잖아?<6E5C>도와줄게","그래도, 혼자면 힘들잖아?<6E5C>도와줄게"
dom2Fio_S01.mes,Script/dom2Fio_S01.mes,16,7,Fio,<이름:3232>さん……,<이름:3232>씨……,<이름:3232>씨……
dom2Fio_S01.mes,Script/dom2Fio_S01.mes,17,8,UNKNOWN_1e,はかどってる?,잘 되어가?,잘 되어가?
dom2Fio_S01.mes,Script/dom2Fio_S01.mes,18,5,Fio,雫さん!,시즈쿠씨,시즈쿠씨
dom2Fio_S01.mes,Script/dom2Fio_S01.mes,19,18,Shizuku,<이름:3131>くん、お手伝い?<6E5C>優しいんだね,"<이름:3131>군, 도와주는거야?<6E5C>다정하네","<이름:3131>군, 도와주는거야?<6E5C>다정하네"
dom2Fio_S01.mes,Script/dom2Fio_S01.mes,20,15,주인공,巳沢さん……なんか怖くない?,"미사와씨, 무섭지 않아?","미사와씨, 무섭지 않아?"
dom2Fio_S01.mes,Script/dom2Fio_S01.mes,21,22,Shizuku,どうして?<6E5C>みんなでやればはかどるじゃない,왜?<6E5C>다같이 하면 빨리 끝나잖아,왜?<6E5C>다같이 하면 빨리 끝나잖아
dom2Fio_S01.mes,Script/dom2Fio_S01.mes,22,16,Fio,はい!フィオさん大助かりです!,네!피오씨 완전 도움돼요!,네!피오씨 완전 도움돼요!
dom2Fio_S01.mes,Script/dom2Fio_S01.mes,23,7,주인공,そ、そうだね,"그, 그렇지","그, 그렇지"
dom2Fio_S01.mes,Script/dom2Fio_S01.mes,24,6,[효과음/내레이션],ドカーン!,쿠콰쾅!,쿠콰쾅!
dom2Fio_S01.mes,Script/dom2Fio_S01.mes,25,9,주인공,なな、なんだぁ?,"뭐, 뭐야?","뭐, 뭐야?"
dom2Fio_S01.mes,Script/dom2Fio_S01.mes,26,11,Fio,はうう……ゲホゲホッ,하와아……콜록콜록,하와아……콜록콜록
dom2Fio_S01.mes,Script/dom2Fio_S01.mes,27,11,주인공,フィオ!何したんだ?,피오!뭘 한 거야?,피오!뭘 한 거야?
dom2Fio_S01.mes,Script/dom2Fio_S01.mes,28,33,Fio,あ、<이름:3232>さん!<6E5C>お祭りの準備をしていたら、<6E5C>ちょっと手違いで……,"아, <이름:3232>씨!<6E5C>축제 준비를 하다가,<6E5C>좀 실수를 해서……","아, <이름:3232>씨!<6E5C>축제 준비를 하다가,<6E5C>좀 실수를 해서……"
dom2Fio_S01.mes,Script/dom2Fio_S01.mes,29,13,주인공,手違いで爆発させるなよ!,실수로 폭발시키지 마!,실수로 폭발시키지 마!
dom2Fio_S01.mes,Script/dom2Fio_S01.mes,30,28,Fio,大丈夫です!<6E5C>吹っ飛んだのはわたしの<6E5C>道具だけですから,괜찮아요!<6E5C>날아간 건<6E5C>제 도구뿐이니까요,괜찮아요!<6E5C>날아간 건<6E5C>제 도구뿐이니까요
dom2Fio_S01.mes,Script/dom2Fio_S01.mes,31,12,Fio,神社と周りは無傷です!,신사 주변은 무사해요,신사 주변은 무사해요
dom2Fio_S01.mes,Script/dom2Fio_S01.mes,32,37,주인공,それはよかった……のかな?<6E5C>とにかく、気をつけろよ.<6E5C>フィオは心配だから,"그건 다행……인가?<6E5C>아무튼, 조심해.<6E5C>피오가 걱정되니까","그건 다행……인가?<6E5C>아무튼, 조심해.<6E5C>피오가 걱정되니까"
dom2Fio_S01.mes,Script/dom2Fio_S01.mes,33,21,Fio,そんなぁ!<6E5C>わたしの心配なんて悪いです!,그러지 마세요!<6E5C>제 걱정은 안 돼요!,그러지 마세요!<6E5C>제 걱정은 안 돼요!
dom2Fio_S01.mes,Script/dom2Fio_S01.mes,34,25,주인공,何がどう悪いんだ?<6E5C>道具なくなって、大丈夫なの?,뭐가 안된다는 거야?<6E5C>도구 없어져서 괜찮아?,뭐가 안된다는 거야?<6E5C>도구 없어져서 괜찮아?
dom2Fio_S01.mes,Script/dom2Fio_S01.mes,35,15,Fio,平気です!なれっこですから!,괜찮아요!익숙하니까요!,괜찮아요!익숙하니까요!
dom2Fio_S01.mes,Script/dom2Fio_S01.mes,36,9,주인공,なれてるんだ……,익숙하구나……,익숙하구나……
dom2Fio_S02.mes,Script/dom2Fio_S02.mes,0,12,[효과음/내레이션],♪カランコロンカラ~ン,♪딸랑딸랑~,♪딸랑딸랑~
dom2Fio_S02.mes,Script/dom2Fio_S02.mes,1,7,Fio,あ、<이름:3232>さん,"아, <이름:3232>씨","아, <이름:3232>씨"
dom2Fio_S02.mes,Script/dom2Fio_S02.mes,2,23,주인공,フィオもすっかりイリュージョンの<6E5C>常連だよね,피오도 이제 완전<6E5C>일루전 단골이네,피오도 이제 완전<6E5C>일루전 단골이네
dom2Fio_S02.mes,Script/dom2Fio_S02.mes,3,23,Fio,はい!ここのサンドイッチ、<6E5C>大好きなんです!,"네!여기 샌드위치,<6E5C>완전 좋아해요!","네!여기 샌드위치,<6E5C>완전 좋아해요!"
dom2Fio_S02.mes,Script/dom2Fio_S02.mes,4,35,Fio,でも、わたし太りやすいから、<6E5C>あまり食べないように<6E5C>してるんですけど,"근데, 저 살찌기 쉬워서,<6E5C>많이 안 먹으려고<6E5C>하고는 있는데","근데, 저 살찌기 쉬워서,<6E5C>많이 안 먹으려고<6E5C>하고는 있는데"
dom2Fio_S02.mes,Script/dom2Fio_S02.mes,5,21,주인공,太りやすい?<6E5C>ぜんぜんそうは見えないけど,살찌기 쉽다고?<6E5C>전혀 그래 안보이는데,살찌기 쉽다고?<6E5C>전혀 그래 안보이는데
dom2Fio_S02.mes,Script/dom2Fio_S02.mes,6,26,Fio,もうすごいんです!<6E5C>別人みたいに太っちゃうんです!,완전 심해요!<6E5C>딴사람처럼 살쪄버린다니까요!,완전 심해요!<6E5C>딴사람처럼 살쪄버린다니까요!
dom2Fio_S02.mes,Script/dom2Fio_S02.mes,7,21,Fio,運動すればすぐに落とせるん<6E5C>ですけど……,운동하면 금방 빠지긴<6E5C>하는데……,운동하면 금방 빠지긴<6E5C>하는데……
dom2Fio_S02.mes,Script/dom2Fio_S02.mes,8,24,주인공,そうなんだ.<6E5C>太ったフィオなんて想像つかないな,그렇구나.<6E5C>살찐 피오는 상상이 안 되네,그렇구나.<6E5C>살찐 피오는 상상이 안 되네
dom2Fio_S02.mes,Script/dom2Fio_S02.mes,9,34,주인공,でも……たしかにフィオは<6E5C>胸も大きいしね.<6E5C>肉が付きやすいのかな?,근데……확실히 피오는<6E5C>가슴도 크니까.<6E5C>살이 붙기 쉬운 걸까?,근데……확실히 피오는<6E5C>가슴도 크니까.<6E5C>살이 붙기 쉬운 걸까?
dom2Fio_S02.mes,Script/dom2Fio_S02.mes,10,37,Fio,ななな、なにを言ってるんですか<6E5C><이름:3232>さん!<6E5C>変な目で見ないでくださいっ!,"무, 무슨 말을 하는 거예요<6E5C><이름:3232>씨!<6E5C>이상한 눈으로 보지 마세요!","무, 무슨 말을 하는 거예요<6E5C><이름:3232>씨!<6E5C>이상한 눈으로 보지 마세요!"
dom2Fio_S02.mes,Script/dom2Fio_S02.mes,11,6,[효과음/내레이션],バシーン!,찰싹!,찰싹!
dom2Fio_S02.mes,Script/dom2Fio_S02.mes,12,23,주인공,い、いたた…….<6E5C>フィオの張り手は痛いな……,"아, 아야……<6E5C>피오 손바닥은 아프네……","아, 아야……<6E5C>피오 손바닥은 아프네……"
dom2Fio_S02.mes,Script/dom2Fio_S02.mes,13,12,[효과음/내레이션],♪カランコロンカラ~ン,♪딸랑딸랑~,♪딸랑딸랑~
dom2Fio_S02.mes,Script/dom2Fio_S02.mes,14,14,Fio,あ、<이름:3232>さ……んが、ぐぐっ,"아, <이름:3232>씨……가, 끄윽","아, <이름:3232>씨……가, 끄윽"
dom2Fio_S02.mes,Script/dom2Fio_S02.mes,15,27,주인공,どうしたんだフィオ、<6E5C>サンドイッチをのどにつまらせて,"왜 그래 피오,<6E5C>샌드위치가 목에 걸려서","왜 그래 피오,<6E5C>샌드위치가 목에 걸려서"
dom2Fio_S02.mes,Script/dom2Fio_S02.mes,16,35,Fio,ごっくん!<6E5C>……その、突然<이름:3232>さんが<6E5C>現れたので、驚いてしまって……,"꿀꺽!<6E5C>……그, 갑자기 <이름:3232>씨가<6E5C>나타나서, 놀라버려서……","꿀꺽!<6E5C>……그, 갑자기 <이름:3232>씨가<6E5C>나타나서, 놀라버려서……"
dom2Fio_S02.mes,Script/dom2Fio_S02.mes,17,26,Shizuku,いらっしゃい.<6E5C><이름:3131>くんもサンドイッチで<6E5C>いいの?,어서 와.<6E5C><이름:3131>군도 샌드위치면<6E5C>되는 거야?,어서 와.<6E5C><이름:3131>군도 샌드위치면<6E5C>되는 거야?
dom2Fio_S02.mes,Script/dom2Fio_S02.mes,18,9,주인공,ああ、同じものを,"응, 같은 걸로","응, 같은 걸로"
dom2Fio_S02.mes,Script/dom2Fio_S02.mes,19,34,Shizuku,すぐに持ってくるわね.<6E5C>フィオは食後のアイスティーで<6E5C>いいのかな?,금방 가져다줄게.<6E5C>피오는 식후에 아이스티면<6E5C>되는 걸까?,금방 가져다줄게.<6E5C>피오는 식후에 아이스티면<6E5C>되는 걸까?
dom2Fio_S02.mes,Script/dom2Fio_S02.mes,20,34,Fio,あ、はい!<6E5C>雫さんのつくったサンドイッチ、<6E5C>とってもおいしいです!,"아, 네!<6E5C>시즈쿠 씨가 만든 샌드위치,<6E5C>정말 맛있어요!","아, 네!<6E5C>시즈쿠 씨가 만든 샌드위치,<6E5C>정말 맛있어요!"
dom2Fio_S02.mes,Script/dom2Fio_S02.mes,21,21,Shizuku,ふふ、ありがとう.<6E5C>ゆっくりしていってね,"후후, 고마워.<6E5C>천천히 있다 가","후후, 고마워.<6E5C>천천히 있다 가"
dom2Fio_S02.mes,Script/dom2Fio_S02.mes,22,17,Fio,はう~.雫さん、かっこいいですね,"하우~.시즈쿠 씨, 멋있네요","하우~.시즈쿠 씨, 멋있네요"
dom2Fio_S02.mes,Script/dom2Fio_S02.mes,23,54,Fio,お昼のウエイトレスも、<6E5C>とってもサマになってます!<485C>わたしもウエイトレスしたら、<6E5C>サマになるでしょうか!?,"낮의 웨이트리스도,<6E5C>완전 잘 어울려요!<485C>저도 웨이트리스 하면,<6E5C>어울릴까요!?","낮의 웨이트리스도,<6E5C>완전 잘 어울려요!<485C>저도 웨이트리스 하면,<6E5C>어울릴까요!?"
dom2Fio_S02.mes,Script/dom2Fio_S02.mes,24,31,주인공,そんなことしたら、<6E5C>一日ですべてのグラスが<6E5C>破壊されちゃうよ,"그런 짓 하면,<6E5C>하루 만에 모든 컵이<6E5C>박살나 버릴걸","그런 짓 하면,<6E5C>하루 만에 모든 컵이<6E5C>박살나 버릴걸"
dom2Fio_S02.mes,Script/dom2Fio_S02.mes,25,14,Fio,<이름:3232>さんってば失礼ですっ!,<이름:3232>씨는 진짜 실례예요!,<이름:3232>씨는 진짜 실례예요!
dom2Fio_S03.mes,Script/dom2Fio_S03.mes,0,13,주인공,フィオ、夏祭りの準備か?,"피오, 여름축제준비야?","피오, 여름축제준비야?"
dom2Fio_S03.mes,Script/dom2Fio_S03.mes,1,31,Fio,ヘヘヘ.<6E5C>そうなんですけど……<6E5C>ちょっとここに座ってください,헤헤헤.<6E5C>맞긴 한데……<6E5C>잠깐 여기 앉아보세요,헤헤헤.<6E5C>맞긴 한데……<6E5C>잠깐 여기 앉아보세요
dom2Fio_S03.mes,Script/dom2Fio_S03.mes,2,15,주인공,ん、このイスに?よいしょっと,"응, 이 의자에?영차","응, 이 의자에?영차"
dom2Fio_S03.mes,Script/dom2Fio_S03.mes,3,5,[효과음/내레이션],ドカカッ,퍼걱!,퍼걱!
dom2Fio_S03.mes,Script/dom2Fio_S03.mes,4,7,주인공,いだだだっ!,아야야얏!,아야야얏!
dom2Fio_S03.mes,Script/dom2Fio_S03.mes,5,12,Fio,ああっ、大丈夫ですか?,"아앗, 괜찮으세요?","아앗, 괜찮으세요?"
dom2Fio_S03.mes,Script/dom2Fio_S03.mes,6,12,주인공,いてて……なんだ?これ,아파파……뭐야 이거?,아파파……뭐야 이거?
dom2Fio_S03.mes,Script/dom2Fio_S03.mes,7,54,Fio,はぁ、夏祭りで疲れたご老人用にと<6E5C>作ったマッサージチェアなんです<6E5C>けど……失敗作みたいですね<485C>ごめんなさい,"하아, 여름 축제로 지친 노인분들을 위해<6E5C>만든 안마의자인데<6E5C>……실패작인가 보네요<485C>죄송해요","하아, 여름 축제로 지친 노인분들을 위해<6E5C>만든 안마의자인데<6E5C>……실패작인가 보네요<485C>죄송해요"
dom2Fio_S03.mes,Script/dom2Fio_S03.mes,8,20,주인공,そ、それを僕で実験するなよ……<6E5C>トホホ,"그, 그걸로 실험하지 마라……<6E5C>흐헝","그, 그걸로 실험하지 마라……<6E5C>흐헝"
dom2Fio_S03.mes,Script/dom2Fio_S03.mes,9,13,UNKNOWN_0x1e,誰かとめてくださ~い!!,누가 좀 말려줘요~!!,누가 좀 말려줘요~!!
dom2Fio_S03.mes,Script/dom2Fio_S03.mes,10,3,주인공,ん?,음?,음?
dom2Fio_S03.mes,Script/dom2Fio_S03.mes,11,7,[효과음/내레이션],ドッカーン!,쿠콰과쾅!,쿠콰과쾅!
dom2Fio_S03.mes,Script/dom2Fio_S03.mes,12,6,주인공,わーっ!!,으아앗!!,으아앗!!
dom2Fio_S03.mes,Script/dom2Fio_S03.mes,13,14,Fio,<이름:3232>さん!大丈夫ですか!?,<이름:3232>씨!괜찮으세요!?,<이름:3232>씨!괜찮으세요!?
dom2Fio_S03.mes,Script/dom2Fio_S03.mes,14,14,주인공,い、今の物体はいったい……,지금 그 물체는 대체……,지금 그 물체는 대체……
dom2Fio_S03.mes,Script/dom2Fio_S03.mes,15,67,Fio,ごめんなさい、わたしが作った<6E5C>お掃除マシーンなんです<485C>夏祭りが終わったら使おうと<6E5C>思ってたんですけど、<6E5C>とまらなくなってしまって……,"죄송해요, 제가 만든<6E5C>청소 머신인데<485C>여름 축제 끝나면 쓰려고<6E5C>했었는데,<6E5C>멈추질 않게 되어버려서……","죄송해요, 제가 만든<6E5C>청소 머신인데<485C>여름 축제 끝나면 쓰려고<6E5C>했었는데,<6E5C>멈추질 않게 되어버려서……"
dom2Fio_S03.mes,Script/dom2Fio_S03.mes,16,24,Fio,<이름:3232>さんが体を張って<6E5C>とめてくれて助かりました,<이름:3232>씨가 몸을 던져<6E5C>막아줘서 다행이었어요,<이름:3232>씨가 몸을 던져<6E5C>막아줘서 다행이었어요
dom2Fio_S03.mes,Script/dom2Fio_S03.mes,17,16,주인공,別に僕は体を張ったわけじゃ……,딱히 몸 던진 게 아닌데……,딱히 몸 던진 게 아닌데……
dom2Fio_S03.mes,Script/dom2Fio_S03.mes,18,38,Fio,やっぱり、こんなわたしが物を<6E5C>作るなんて、やめたほうが<6E5C>いいんでしょうか?,"역시, 이런 제가 물건을<6E5C>만드는 건, 그만두는 게<6E5C>나은 걸까요?","역시, 이런 제가 물건을<6E5C>만드는 건, 그만두는 게<6E5C>나은 걸까요?"
dom2Fio_S03.mes,Script/dom2Fio_S03.mes,19,11,[선택지],そうかもそんなことない,그럴지도그렇지 않아,그럴지도\그렇지 않아
dom2Fio_S03.mes,Script/dom2Fio_S03.mes,20,23,주인공,う~ん、人々のためには<6E5C>そうかもしれないなぁ,"음, 사람들을 위해서는<6E5C>그럴지도 모르겠네","음, 사람들을 위해서는<6E5C>그럴지도 모르겠네"
dom2Fio_S03.mes,Script/dom2Fio_S03.mes,21,42,Fio,はううっ、世のため人のためを<6E5C>心がけて研究してるのに……<6E5C>わたし、ダメダメですぅ!,"하우웃, 세상을 위해<6E5C>애쓰며 연구하는 건데……<6E5C>저, 완전 엉망이에요!","하우웃, 세상을 위해<6E5C>애쓰며 연구하는 건데……<6E5C>저, 완전 엉망이에요!"
dom2Fio_S03.mes,Script/dom2Fio_S03.mes,22,22,주인공,(ちょっと残酷だけど、<6E5C>でも危ないしなぁ),"(잔인하긴 해도,<6E5C>확실히는 위험하니까)","(잔인하긴 해도,<6E5C>확실히는 위험하니까)"
dom2Fio_S03.mes,Script/dom2Fio_S03.mes,23,32,주인공,そんなことないよ.<6E5C>フィオは人々のために<6E5C>発明してるんだろう?,그렇지 않아.<6E5C>피오는 사람들을 위해<6E5C>발명하는 거잖아?,그렇지 않아.<6E5C>피오는 사람들을 위해<6E5C>발명하는 거잖아?
dom2Fio_S03.mes,Script/dom2Fio_S03.mes,24,9,Fio,そうですけど……,그렇긴 한데……,그렇긴 한데……
dom2Fio_S03.mes,Script/dom2Fio_S03.mes,25,31,주인공,じゃあ、あきらめるなよ.<6E5C>何度でも失敗したら<6E5C>いいじゃないか,"그럼, 포기하지 마.<6E5C>몇 번이고 실패하면<6E5C>되잖아","그럼, 포기하지 마.<6E5C>몇 번이고 실패하면<6E5C>되잖아"
dom2Fio_S03.mes,Script/dom2Fio_S03.mes,26,24,Fio,あ、ありがとうです!<6E5C>フィオさん元気でました!,"아, 고마워요!<6E5C>피오 씨 기운 났어요!","아, 고마워요!<6E5C>피오 씨 기운 났어요!"
dom2Fio_S03.mes,Script/dom2Fio_S03.mes,27,18,주인공,あれ?<6E5C>今日はちょっとにぎやかだな,어라?<6E5C>오늘은 좀 시끌벅적하네,어라?<6E5C>오늘은 좀 시끌벅적하네
dom2Fio_S03.mes,Script/dom2Fio_S03.mes,28,39,Fio,はい.夏祭りも直前ってことで、<6E5C>工作部の先輩たちが加勢に<6E5C>来てくれたんです!,"네.여름 축제도 코앞이라서,<6E5C>공작부 선배들이 도와주러<6E5C>와줬어요!","네.여름 축제도 코앞이라서,<6E5C>공작부 선배들이 도와주러<6E5C>와줬어요!"
dom2Fio_S03.mes,Script/dom2Fio_S03.mes,29,11,주인공,工作部って4人なんだ,공작부는 4명이구나,공작부는 4명이구나
dom2Fio_S03.mes,Script/dom2Fio_S03.mes,30,39,Fio,はい.部員は少ないけど、<6E5C>みんなとっても熱心です!<6E5C>毎日、研究に励んでます!,"네.부원은 적지만,<6E5C>다들 열심이에요!<6E5C>매일, 연구에 힘쓰고 있어요!","네.부원은 적지만,<6E5C>다들 열심이에요!<6E5C>매일, 연구에 힘쓰고 있어요!"
dom2Fio_S03.mes,Script/dom2Fio_S03.mes,31,31,UNKNOWN_4f,おい、フィオ!<6E5C>男と遊んでいるヒマがあったら<6E5C>ソースを読め!,"야, 피오!<6E5C>남자랑 놀 시간 있으면<6E5C>소스나 읽어!","야, 피오!<6E5C>남자랑 놀 시간 있으면<6E5C>소스나 읽어!"
dom2Fio_S03.mes,Script/dom2Fio_S03.mes,32,15,Fio,は、はいぃ.ごめんなさいっ!,"네, 넵.죄송해요!","네, 넵.죄송해요!"
dom2Fio_S03.mes,Script/dom2Fio_S03.mes,33,19,주인공,厳しい先輩だな.<6E5C>準備、がんばってね,"엄한 선배네.<6E5C>준비, 힘내","엄한 선배네.<6E5C>준비, 힘내"
dom2Fio_S04.mes,Script/dom2Fio_S04.mes,0,11,Fio,あ、<이름:3232>さん!はわわ,"아, <이름:3232>씨!하와와","아, <이름:3232>씨!하와와"
dom2Fio_S04.mes,Script/dom2Fio_S04.mes,1,17,주인공,ん?今、後ろに隠したのはなんだ?,음?지금 뒤로 숨긴 건 뭐야?,음?지금 뒤로 숨긴 건 뭐야?
dom2Fio_S04.mes,Script/dom2Fio_S04.mes,2,22,Fio,ななな、なんでもないです!<6E5C>気のせいです!,"아, 아무것도 아니에요!<6E5C>착각이에요!","아, 아무것도 아니에요!<6E5C>착각이에요!"
dom2Fio_S04.mes,Script/dom2Fio_S04.mes,3,20,주인공,そのあわて方は気のせいじゃ<6E5C>ないだろう,그렇게 당황하는 건 착각이<6E5C>아니잖아,그렇게 당황하는 건 착각이<6E5C>아니잖아
dom2Fio_S04.mes,Script/dom2Fio_S04.mes,4,23,주인공,手紙みたいだったけど……<6E5C>まさかラブレター?,편지 같던데……<6E5C>설마 러브레터?,편지 같던데……<6E5C>설마 러브레터?
dom2Fio_S04.mes,Script/dom2Fio_S04.mes,5,34,Fio,ちちち、ちがいますぅ!<6E5C>お家への手紙ですよ!<6E5C>ラブレターだなんて!,"아, 아, 아니에요!<6E5C>집에 보내는 편지예요!<6E5C>러브레터라니!","아, 아, 아니에요!<6E5C>집에 보내는 편지예요!<6E5C>러브레터라니!"
dom2Fio_S04.mes,Script/dom2Fio_S04.mes,6,15,주인공,お家って、イタリアの両親の?,"집이면, 이탈리아 부모님?","집이면, 이탈리아 부모님?"
dom2Fio_S04.mes,Script/dom2Fio_S04.mes,7,15,주인공,手紙を書くなんて親孝行だなぁ,편지를 쓰다니 효녀네,편지를 쓰다니 효녀네
dom2Fio_S04.mes,Script/dom2Fio_S04.mes,8,31,Fio,そんな、当然ですよ!<6E5C>父も母も、たくさん手紙を<6E5C>くれますし!,그야 당연하죠!<6E5C>아빠도 엄마도 편지를<6E5C>많이 보내주세요!,그야 당연하죠!<6E5C>아빠도 엄마도 편지를<6E5C>많이 보내주세요!
dom2Fio_S04.mes,Script/dom2Fio_S04.mes,9,22,주인공,仲の良い家族だな.<6E5C>お父さんって軍人だっけ,사이좋은 가족이네.<6E5C>아버지 군인이었나?,사이좋은 가족이네.<6E5C>아버지 군인이었나?
dom2Fio_S04.mes,Script/dom2Fio_S04.mes,10,34,Fio,はい.世界平和のために命をかけて<6E5C>戦っています!あこがれの父です!,네.세계평화를 위해 목숨 걸고<6E5C>싸우세요!동경하는 아버지예요!,네.세계평화를 위해 목숨 걸고<6E5C>싸우세요!동경하는 아버지예요!
dom2Fio_S04.mes,Script/dom2Fio_S04.mes,11,27,Fio,わたしも早く父の手助けのできる<6E5C>人間になりたいです!,저도 얼른 아버지를 도울<6E5C>사람이 되고 싶어요!,저도 얼른 아버지를 도울<6E5C>사람이 되고 싶어요!
dom2Fio_S04.mes,Script/dom2Fio_S04.mes,12,25,주인공,フィオが軍人ね…….<6E5C>まっさきに自爆しそうだけど,피오가 군인이라……<6E5C>먼저 자폭할 것 같은데,피오가 군인이라……<6E5C>먼저 자폭할 것 같은데
dom2Fio_S04.mes,Script/dom2Fio_S04.mes,13,34,Fio,そうなんです…….<6E5C>だから、わたしの発明で<6E5C>お役に立てないかと……,그렇긴 해요……<6E5C>그래서 제 발명으로<6E5C>도움되지 않을까 해서……,그렇긴 해요……<6E5C>그래서 제 발명으로<6E5C>도움되지 않을까 해서……
dom2Fio_S04.mes,Script/dom2Fio_S04.mes,14,17,주인공,フィオの兵器……暴走しそうだなぁ,피오의 무기……폭주할 것 같네,피오의 무기……폭주할 것 같네
dom2Fio_S04.mes,Script/dom2Fio_S04.mes,15,6,Fio,はうう……,하우우……,하우우……
dom2Fio_S04.mes,Script/dom2Fio_S04.mes,16,36,주인공,ごめん、ごめん.<6E5C>努力家のフィオならきっと<6E5C>たくさんの人たちを救えるよ,"미안, 미안.<6E5C>노력파 피오라면 분명<6E5C>많은 사람들을 구할 수 있어","미안, 미안.<6E5C>노력파 피오라면 분명<6E5C>많은 사람들을 구할 수 있어"
dom2Fio_S04.mes,Script/dom2Fio_S04.mes,17,12,Fio,はいっ!がんばります!,네!열심히 할게요!,네!열심히 할게요!
dom2Fio_S05.mes,Script/dom2Fio_S05.mes,0,6,[효과음/내레이션],ドカーン!,쿠콰쾅!,쿠콰쾅!
dom2Fio_S05.mes,Script/dom2Fio_S05.mes,1,10,주인공,わわっ、なんだぁ?,"으왓, 뭐야?","으왓, 뭐야?"
dom2Fio_S05.mes,Script/dom2Fio_S05.mes,2,13,Kyo,どうしても……やるのか!,정말로……할 셈이냐!,정말로……할 셈이냐!
dom2Fio_S05.mes,Script/dom2Fio_S05.mes,3,10,Iori,今さら命乞いか!?,이제야 목숨을?!,이제야 목숨을?!
dom2Fio_S05.mes,Script/dom2Fio_S05.mes,4,5,[효과음/내레이션],ドターン,쿠당탕,쿠당탕
dom2Fio_S05.mes,Script/dom2Fio_S05.mes,5,5,[효과음/내레이션],バターン,퍼당탕,퍼당탕
dom2Fio_S05.mes,Script/dom2Fio_S05.mes,6,35,주인공,わー!<6E5C>こんなところでやりあって…….<6E5C>なんて争いの耐えないふたり!,우와!<6E5C>이런데서 싸우다니……<6E5C>정말 다툼이 끊이지 않는 둘이네!,우와!<6E5C>이런데서 싸우다니……<6E5C>정말 다툼이 끊이지 않는 둘이네!
dom2Fio_S05.mes,Script/dom2Fio_S05.mes,7,7,Fio,あ、<이름:3232>さん,"아, <이름:3232>씨","아, <이름:3232>씨"
dom2Fio_S05.mes,Script/dom2Fio_S05.mes,8,5,주인공,フィオ!,피오!,피오!
dom2Fio_S05.mes,Script/dom2Fio_S05.mes,9,24,Fio,これは何ですか?<6E5C>何かのアトラクションですか?,이건 뭐예요?<6E5C>무슨 놀이기구예요?,이건 뭐예요?<6E5C>무슨 놀이기구예요?
dom2Fio_S05.mes,Script/dom2Fio_S05.mes,10,27,주인공,違うよ!この世で一番おっかない<6E5C>男同士のケンカだよ!,아니야!세상에서 제일 무서운<6E5C>남자들 싸움이야!,아니야!세상에서 제일 무서운<6E5C>남자들 싸움이야!
dom2Fio_S05.mes,Script/dom2Fio_S05.mes,11,26,Fio,へぇ、ステキですね.<6E5C>宿命のライバル同士の闘いって,"오, 멋지네요.<6E5C>숙명의 라이벌끼리의 대결이라니","오, 멋지네요.<6E5C>숙명의 라이벌끼리의 대결이라니"
dom2Fio_S05.mes,Script/dom2Fio_S05.mes,12,10,주인공,そんなのんきな……,그렇게 태평히……,그렇게 태평히……
dom2Fio_S05.mes,Script/dom2Fio_S05.mes,13,21,Fio,ところで<이름:3232>さん、<6E5C>おなかすきませんか?,"그런데 <이름:3232>씨,<6E5C>배 안 고파요?","그런데 <이름:3232>씨,<6E5C>배 안 고파요?"
dom2Fio_S05.mes,Script/dom2Fio_S05.mes,14,3,주인공,は?,어?,어?
dom2Fio_S05.mes,Script/dom2Fio_S05.mes,15,53,Fio,わたし、ちょうどサンドイッチを<6E5C>持ってきてるんです!<485C>いっしょに食べながら、<6E5C>この闘いを見守りませんか?,"저, 마침 샌드위치를<6E5C>가져왔거든요!<485C>같이 먹으면서,<6E5C>이 대결을 지켜보지 않을래요?","저, 마침 샌드위치를<6E5C>가져왔거든요!<485C>같이 먹으면서,<6E5C>이 대결을 지켜보지 않을래요?"
dom2Fio_S05.mes,Script/dom2Fio_S05.mes,16,24,주인공,えぇ?いきなりシートを広げて<6E5C>何やってるんだよ,엥?갑자기 돗자리를 펴고<6E5C>뭐 하는 거야,엥?갑자기 돗자리를 펴고<6E5C>뭐 하는 거야
dom2Fio_S05.mes,Script/dom2Fio_S05.mes,17,5,[효과음/내레이션],ドターン,쿠당탕,쿠당탕
dom2Fio_S05.mes,Script/dom2Fio_S05.mes,18,5,[효과음/내레이션],バターン,퍼당탕,퍼당탕
dom2Fio_S05.mes,Script/dom2Fio_S05.mes,19,17,Fio,見晴らしのいい食事は最高ですね!,전망 좋은 식사는 최고네요!,전망 좋은 식사는 최고네요!
dom2Fio_S05.mes,Script/dom2Fio_S05.mes,20,8,Fio,あ、<이름:3232>さ……,"아, <이름:3232>씨…","아, <이름:3232>씨…"
dom2Fio_S05.mes,Script/dom2Fio_S05.mes,21,6,[효과음/내레이션],ずってーん,우당탕,우당탕
dom2Fio_S05.mes,Script/dom2Fio_S05.mes,22,12,주인공,……大丈夫かよ、フィオ,"어이, 괜찮냐, 피오","어이, 괜찮냐, 피오"
dom2Fio_S05.mes,Script/dom2Fio_S05.mes,23,17,Fio,はうう…….平気です、大丈夫です,"하우우……괜찮아요, 무사해요","하우우……괜찮아요, 무사해요"
dom2Fio_S05.mes,Script/dom2Fio_S05.mes,24,25,주인공,本当にドジだなぁ.<6E5C>昔から運動音痴だったんだろう,진짜 덜렁대네.<6E5C>옛날부터 몸치였구나,진짜 덜렁대네.<6E5C>옛날부터 몸치였구나
dom2Fio_S05.mes,Script/dom2Fio_S05.mes,25,29,Fio,失礼な!わたし、これでも社交<6E5C>ダンスが得意なんですよ!?,"실례네요!저, 이래 봬도 사교<6E5C>댄스는 잘한다고요!?","실례네요!저, 이래 봬도 사교<6E5C>댄스는 잘한다고요!?"
dom2Fio_S05.mes,Script/dom2Fio_S05.mes,26,15,주인공,社交ダンス?それは初耳だなぁ,사교댄스?그건 처음이네,사교댄스?그건 처음이네
dom2Fio_S05.mes,Script/dom2Fio_S05.mes,27,33,Fio,そういう家だったもんで.<6E5C>いいでしょう、<6E5C>特別に教えてあげます!,"그런 집안이었거든요.<6E5C>좋아요,<6E5C>특별히 가르쳐드릴게요!","그런 집안이었거든요.<6E5C>좋아요,<6E5C>특별히 가르쳐드릴게요!"
dom2Fio_S05.mes,Script/dom2Fio_S05.mes,28,10,주인공,え?教えるって……,어?가르친다니……,어?가르친다니……
dom2Fio_S05.mes,Script/dom2Fio_S05.mes,29,5,[효과음/내레이션],ガシッ!,덥석!,덥석!
dom2Fio_S05.mes,Script/dom2Fio_S05.mes,30,20,Fio,いいですか?<6E5C>ダンスはリズムが大事です,잘 보세요?<6E5C>댄스는 리듬이 중요해요,잘 보세요?<6E5C>댄스는 리듬이 중요해요
dom2Fio_S05.mes,Script/dom2Fio_S05.mes,31,21,Fio,アン。ドゥ。トロワ、<6E5C>アン。ドゥ。トロワ,"하나.둘.셋,<6E5C>하나.둘.셋","하나.둘.셋,<6E5C>하나.둘.셋"
dom2Fio_S05.mes,Script/dom2Fio_S05.mes,32,26,주인공,わーっ!恥ずかしいだろ、<6E5C>こんなとこで踊るなんて!,"으악!쪽팔리잖아,<6E5C>이런 데서 춤추다니!","으악!쪽팔리잖아,<6E5C>이런 데서 춤추다니!"
dom2Fio_S05.mes,Script/dom2Fio_S05.mes,33,21,Fio,あっ、ダメですよリズムを<6E5C>こわしちゃ……,"앗, 안 돼요 리듬을<6E5C>깨면……","앗, 안 돼요 리듬을<6E5C>깨면……"
dom2Fio_S05.mes,Script/dom2Fio_S05.mes,34,7,[효과음/내레이션],ずってーん!,우당탕!,우당탕!
dom2Fio_S05.mes,Script/dom2Fio_S05.mes,35,7,주인공,……むぎゅぅ,……물컹,……물컹
dom2Fio_S05.mes,Script/dom2Fio_S05.mes,36,16,Fio,だだ、大丈夫ですか?<이름:3232>さん!,"괘, 괜찮으세요?<이름:3232>씨!","괘, 괜찮으세요?<이름:3232>씨!"
dom2Fio_S05.mes,Script/dom2Fio_S05.mes,37,4,주인공,ん……,음……,음……
dom2Fio_S05.mes,Script/dom2Fio_S05.mes,38,25,주인공,……あったかいクッションが<6E5C>あったから、大丈夫だ,"……따뜻한 쿠션이<6E5C>있어서, 괜찮아","……따뜻한 쿠션이<6E5C>있어서, 괜찮아"
dom2Fio_S05.mes,Script/dom2Fio_S05.mes,39,15,Fio,きゃあっ!<이름:3232>さんのエッチ!,꺄앗!<이름:3232>씨 변태!,꺄앗!<이름:3232>씨 변태!
dom2Fio_S05.mes,Script/dom2Fio_S05.mes,40,6,[효과음/내레이션],バチーン!,찰싹!,찰싹!
dom2Fio_S06.mes,Script/dom2Fio_S06.mes,0,14,주인공,どれで遊ぼうかな.……ん?,뭘로 놀까나.……음?,뭘로 놀까나.……음?
dom2Fio_S06.mes,Script/dom2Fio_S06.mes,1,7,[효과음/내레이션],ゴロゴロゴロ,데굴데굴,데굴데굴
dom2Fio_S06.mes,Script/dom2Fio_S06.mes,2,14,Fio,ふぅ、ふぅ、あ、<이름:3232>さん!,"헥헥, 아, <이름:3232>씨!","헥헥, 아, <이름:3232>씨!"
dom2Fio_S06.mes,Script/dom2Fio_S06.mes,3,28,주인공,フィオ.どうしたんだ?<6E5C>変なものを転がして.……鉄球?,피오.무슨 일이야?<6E5C>이상한 걸 굴리고.……쇠공?,피오.무슨 일이야?<6E5C>이상한 걸 굴리고.……쇠공?
dom2Fio_S06.mes,Script/dom2Fio_S06.mes,4,62,Fio,はい.あの、わたし、<6E5C>ネオジオワールドさんから<485C>新しいアトラクションを<6E5C>考えてくれないかと<6E5C>頼まれていて、その試作品を……,"네.저기, 제가,<6E5C>네오지오 월드 쪽에서<485C>새로운 놀이기구를<6E5C>생각해달라는<6E5C>부탁을 받아서, 그 시제품을……","네.저기, 제가,<6E5C>네오지오 월드 쪽에서<485C>새로운 놀이기구를<6E5C>생각해달라는<6E5C>부탁을 받아서, 그 시제품을……"
dom2Fio_S06.mes,Script/dom2Fio_S06.mes,5,22,주인공,新しいアトラクション?<6E5C>すごいじゃないか!,새 놀이기구?<6E5C>대단하잖아!,새 놀이기구?<6E5C>대단하잖아!
dom2Fio_S06.mes,Script/dom2Fio_S06.mes,6,13,Fio,はい!とっても光栄です!,네!정말 영광이에요!,네!정말 영광이에요!
dom2Fio_S06.mes,Script/dom2Fio_S06.mes,7,17,주인공,で、この鉄球はどうやって遊ぶの?,근데 이 쇠공은 어떻게 놀아?,근데 이 쇠공은 어떻게 놀아?
dom2Fio_S06.mes,Script/dom2Fio_S06.mes,8,35,Fio,えーっとですね、<6E5C>こうやって振りかぶって<6E5C>障害物を破壊するという……,"어, 그러니까요,<6E5C>이렇게 휘둘러서<6E5C>장애물을 파괴한다는……","어, 그러니까요,<6E5C>이렇게 휘둘러서<6E5C>장애물을 파괴한다는……"
dom2Fio_S06.mes,Script/dom2Fio_S06.mes,9,9,Fio,よっこらせっと!,영차!,영차!
dom2Fio_S06.mes,Script/dom2Fio_S06.mes,10,6,[효과음/내레이션],ゴ~~ンッ,쿠웅~~,쿠웅~~
dom2Fio_S06.mes,Script/dom2Fio_S06.mes,11,6,주인공,ぐわあっ!,으아아악!,으아아악!
dom2Fio_S06.mes,Script/dom2Fio_S06.mes,12,28,Fio,あれ?ちょっと危険すぎたかも<6E5C>しれませんね.失敗です!,어라? 좀 위험했을지도<6E5C>모르겠네요. 실패예요!,어라? 좀 위험했을지도<6E5C>모르겠네요. 실패예요!
dom2Fio_S06.mes,Script/dom2Fio_S06.mes,13,30,주인공,……フィオなんかに任せて<6E5C>いいのかよ、ネオジオワールド……,"……피오한테 맡겨도<6E5C>괜찮은 거야, 네오지오 월드……","……피오한테 맡겨도<6E5C>괜찮은 거야, 네오지오 월드……"
dom2Fio_S06.mes,Script/dom2Fio_S06.mes,14,39,주인공,フィオ.まだネオジオワールドの<6E5C>新しいアトラクションのことを<6E5C>考えてるのか?,피오. 아직도 네오지오 월드<6E5C>새 어트랙션에 대해<6E5C>생각하고 있는 거야?,피오. 아직도 네오지오 월드<6E5C>새 어트랙션에 대해<6E5C>생각하고 있는 거야?
dom2Fio_S06.mes,Script/dom2Fio_S06.mes,15,17,Fio,そうなんです.ずっと悩んでて……,맞아요. 계속 고민 중이라……,맞아요. 계속 고민 중이라……
dom2Fio_S06.mes,Script/dom2Fio_S06.mes,16,65,Fio,<이름:3232>さん、自分がゾンビやミイラ<6E5C>になって戦うアトラクションが<6E5C>あったらおもしいろいですか?<485C><이름:3232>さんなら、<6E5C>どっちがいいですか?,"<이름:3232>씨, 직접 좀비나 미라가<6E5C>돼서 싸우는 어트랙션이<6E5C>있으면 재미있을까요?<485C><이름:3232>씨라면,<6E5C>어느 쪽이 좋으세요?","<이름:3232>씨, 직접 좀비나 미라가<6E5C>돼서 싸우는 어트랙션이<6E5C>있으면 재미있을까요?<485C><이름:3232>씨라면,<6E5C>어느 쪽이 좋으세요?"
dom2Fio_S06.mes,Script/dom2Fio_S06.mes,17,7,주인공,え、えぇ~?,"어, 어~?","어, 어~?"
dom2Fio_S06.mes,Script/dom2Fio_S06.mes,18,16,[선택지],ゾ、ゾンビ……?ミ、ミイラ……?,"조,좀비……? 미, 미라……?","조,좀비……? \미, 미라……?"
dom2Fio_S06.mes,Script/dom2Fio_S06.mes,19,30,주인공,ゾ、ゾンビなんて、飢餓感があって<6E5C>おもしろそうだなぁ、ハハ,"조, 좀비라니, 굶주려서<6E5C>재밌을 것 같네, 하하","조, 좀비라니, 굶주려서<6E5C>재밌을 것 같네, 하하"
dom2Fio_S06.mes,Script/dom2Fio_S06.mes,20,36,Fio,そうですか!男の人は飢えてるのが<6E5C>好きなんですね!<6E5C>参考になりました!,그렇군요! 남자는 굶주린 걸<6E5C>좋아하는군요!<6E5C>참고가 됐어요!,그렇군요! 남자는 굶주린 걸<6E5C>좋아하는군요!<6E5C>참고가 됐어요!
dom2Fio_S06.mes,Script/dom2Fio_S06.mes,21,19,주인공,(……適当なことを言ってしまった<6E5C>),(……대충 아무 말만 해버렸다<6E5C>),(……대충 아무 말만 해버렸다<6E5C>)
dom2Fio_S06.mes,Script/dom2Fio_S06.mes,22,31,주인공,ミ、ミイラなんて、包帯グルグル<6E5C>巻きで面白そうだなぁ、なんて,"미, 미라라니 붕대를 칭칭<6E5C>감아서 재밌을 것 같네, 뭐","미, 미라라니 붕대를 칭칭<6E5C>감아서 재밌을 것 같네, 뭐"
dom2Fio_S06.mes,Script/dom2Fio_S06.mes,23,31,Fio,そうですか.では、苦しくない<6E5C>包帯の開発が必要ですね、う~ん,"그렇군요. 그럼, 안 답답한<6E5C>붕대가 필요하겠네요, 으음","그렇군요. 그럼, 안 답답한<6E5C>붕대가 필요하겠네요, 으음"
dom2Fio_S06.mes,Script/dom2Fio_S06.mes,24,14,주인공,(……本気なんだろうか?),(……진심인 걸까?),(……진심인 걸까?)
dom2Fio_S07.mes,Script/dom2Fio_S07.mes,0,12,[효과음/내레이션],♪カランコロンカラ~ン,♪딸랑딸랑 딸랑~,♪딸랑딸랑 딸랑~
dom2Fio_S07.mes,Script/dom2Fio_S07.mes,1,11,주인공,あれ、フィオもお茶?,어라 피오도 차야?,어라 피오도 차야?
dom2Fio_S07.mes,Script/dom2Fio_S07.mes,2,36,Fio,はい!イリュージョンさんの<6E5C>アイスティーはとっても<6E5C>おいしいですから!,네! 일루전 씨네<6E5C>아이스티가 정말<6E5C>맛있으니까요!,네! 일루전 씨네<6E5C>아이스티가 정말<6E5C>맛있으니까요!
dom2Fio_S07.mes,Script/dom2Fio_S07.mes,3,28,주인공,そうだな.<6E5C>じゃあ、僕はアイスコーヒーを<6E5C>もらおうかな,"그렇지.<6E5C>그럼, 난 아이스커피를<6E5C>마셔볼까","그렇지.<6E5C>그럼, 난 아이스커피를<6E5C>마셔볼까"
dom2Fio_S07.mes,Script/dom2Fio_S07.mes,4,14,Shizuku,いつもありがとう、<이름:3131>くん,"항상 고마워, <이름:3131>군","항상 고마워, <이름:3131>군"
dom2Fio_S07.mes,Script/dom2Fio_S07.mes,5,26,Shizuku,今は他にお客さんもいないから、<6E5C>私もお茶しようかな,지금은 다른 손님도 없으니까<6E5C>나도 차나 마실까,지금은 다른 손님도 없으니까<6E5C>나도 차나 마실까
dom2Fio_S07.mes,Script/dom2Fio_S07.mes,6,17,주인공,うん.巳沢さんもいっしょに飲もう,응. 미사와 씨도 같이 마시자,응. 미사와 씨도 같이 마시자
dom2Fio_S07.mes,Script/dom2Fio_S07.mes,7,28,Fio,あれ?雫さんはホットコーヒー<6E5C>なんですか?この暑いのに,어라? 시즈쿠 씨는 뜨거운 커피<6E5C>세요? 이 더위에,어라? 시즈쿠 씨는 뜨거운 커피<6E5C>세요? 이 더위에
dom2Fio_S07.mes,Script/dom2Fio_S07.mes,8,20,Shizuku,ずっとお店にいると体が<6E5C>冷えちゃうから,계속 가게 있으면 몸이<6E5C>차가워지니까,계속 가게 있으면 몸이<6E5C>차가워지니까
dom2Fio_S07.mes,Script/dom2Fio_S07.mes,9,31,Fio,コーヒーもおいしそうだなぁ.<6E5C>ちょっともらってもいいですか?,커피도 맛있어 보이네요.<6E5C>조금 마셔봐도 될까요?,커피도 맛있어 보이네요.<6E5C>조금 마셔봐도 될까요?
dom2Fio_S07.mes,Script/dom2Fio_S07.mes,10,5,Shizuku,もちろん,물론이지,물론이지
dom2Fio_S07.mes,Script/dom2Fio_S07.mes,11,5,Fio,アチチ!,아뜨뜨!,아뜨뜨!
dom2Fio_S07.mes,Script/dom2Fio_S07.mes,12,14,Shizuku,大丈夫?そんなに熱かった?,괜찮아? 많이 뜨거웠어?,괜찮아? 많이 뜨거웠어?
dom2Fio_S07.mes,Script/dom2Fio_S07.mes,13,34,Fio,いえ……わたし、すっごく猫舌<6E5C>なんですぅ.忘れてました.<6E5C>ヒリヒリ,아뇨…… 저 뜨거운 거<6E5C>잘 못 먹어요. 깜빡했어요.<6E5C>따끔따끔,아뇨…… 저 뜨거운 거<6E5C>잘 못 먹어요. 깜빡했어요.<6E5C>따끔따끔
dom2Fio_S07.mes,Script/dom2Fio_S07.mes,14,9,주인공,そそっかしいなぁ,덤벙대긴,덤벙대긴
dom2Fio_X01.mes,Script/dom2Fio_X01.mes,0,16,UNKNOWN_1e,やったー!やっとできましたー!,야호! 드디어 다 했어요!,야호! 드디어 다 했어요!
dom2Fio_X01.mes,Script/dom2Fio_X01.mes,1,15,주인공,うん……やっと、全員できたな,응…… 드디어 다들 했네,응…… 드디어 다들 했네
dom2Fio_X01.mes,Script/dom2Fio_X01.mes,2,33,Fio,これで夏の課題は完成です!<6E5C>これならみんな合格<6E5C>間違いナシです!,이걸로 여름 과제 완성해요!<6E5C>이러면 다들 합격<6E5C>틀림없어요!,이걸로 여름 과제 완성해요!<6E5C>이러면 다들 합격<6E5C>틀림없어요!
dom2Fio_X01.mes,Script/dom2Fio_X01.mes,3,50,주인공,うん.これなら<6E5C>ゲーニッツ先生もマチュアさんも、<6E5C>文句のつけようがないよ<485C>どれもAAAの出来ばえだ,응. 이 정도면<6E5C>게닛츠 선생님도 마츄어 씨도<6E5C>불평할 데가 없을 거야<485C>AAA급 완성도야,응. 이 정도면<6E5C>게닛츠 선생님도 마츄어 씨도<6E5C>불평할 데가 없을 거야<485C>AAA급 완성도야
dom2Fio_X01.mes,Script/dom2Fio_X01.mes,4,37,Shizuku,3人で協力して作ったからだね.<6E5C>ひとりだったら、<6E5C>ここまで書けなかったわ,셋이 만든 거니까.<6E5C>혼자였으면<6E5C>여기까지 못 썼을 거야,셋이 만든 거니까.<6E5C>혼자였으면<6E5C>여기까지 못 썼을 거야
dom2Fio_X01.mes,Script/dom2Fio_X01.mes,5,28,주인공,うん.3人の努力と友情の結晶だよ<6E5C>、このレポートたちは,응. 셋의 노력과 우정의 결정체야<6E5C> 이 리포트들은,응. 셋의 노력과 우정의 결정체야<6E5C> 이 리포트들은
dom2Fio_X01.mes,Script/dom2Fio_X01.mes,6,15,주인공,さぁ、さっそく提出しに行こう,"자, 바로 제출하러 가자","자, 바로 제출하러 가자"
dom2Fio_X01.mes,Script/dom2Fio_X01.mes,7,33,Fio,では、フィオさんがひとっ走りして<6E5C>、みなさんの分も届けてきます!,"그럼, 피오 씨가 후딱 뛰어가서<6E5C>다들 몫도 가져다드릴게요!","그럼, 피오 씨가 후딱 뛰어가서<6E5C>다들 몫도 가져다드릴게요!"
dom2Fio_X01.mes,Script/dom2Fio_X01.mes,8,20,Fio,最後のお役目はわたしに<6E5C>お任せですぅ!,마지막 임무는 저한테<6E5C>맡겨주세요!,마지막 임무는 저한테<6E5C>맡겨주세요!
dom2Fio_X01.mes,Script/dom2Fio_X01.mes,9,4,[효과음/내레이션],ダダッ,타다닷,타다닷
dom2Fio_X01.mes,Script/dom2Fio_X01.mes,10,8,주인공,あ、フィオ……,"아, 피오……","아, 피오……"
dom2Fio_X01.mes,Script/dom2Fio_X01.mes,11,7,[효과음/내레이션],ずってーん!,쿠당탕!,쿠당탕!
dom2Fio_X01.mes,Script/dom2Fio_X01.mes,12,9,[효과음/내레이션],バサバサバサ……,팔락팔락팔락……,팔락팔락팔락……
dom2Fio_X01.mes,Script/dom2Fio_X01.mes,13,5,주인공,…………,…………,…………
dom2Fio_X01.mes,Script/dom2Fio_X01.mes,14,14,Fio,はわわわわ.レポートがぁ~,하와와와와. 리포트가아~,하와와와와. 리포트가아~
dom2Fio_X01.mes,Script/dom2Fio_X01.mes,15,14,주인공,……やると思ったよ、フィオ,……그럴 줄 알았어 피오,……그럴 줄 알았어 피오
dom2Fio_X01.mes,Script/dom2Fio_X01.mes,16,32,Shizuku,フフ.3人で提出しに行きましょう<6E5C>?提出は本人の最後の仕事だよ,후후. 셋이 제출하러 가요<6E5C>? 제출은 본인 마지막 일이야,후후. 셋이 제출하러 가요<6E5C>? 제출은 본인 마지막 일이야
dom2Fio_X01.mes,Script/dom2Fio_X01.mes,17,20,Fio,そうですね!<6E5C>みなさんで行きましょう!,그렇네요!<6E5C>다 같이 가요!,그렇네요!<6E5C>다 같이 가요!
dom2Fio_X01.mes,Script/dom2Fio_X01.mes,18,27,주인공,フィオに任せたら、<6E5C>途中で爆破するかもしれないからね,"피오한테 맡기면,<6E5C>도중에 폭발시킬지도 모르니까","피오한테 맡기면,<6E5C>도중에 폭발시킬지도 모르니까"
dom2Fio_X01.mes,Script/dom2Fio_X01.mes,19,3,주인공,ふぅ,후우,후우
dom2Fio_X01.mes,Script/dom2Fio_X01.mes,20,20,주인공,これでやっと夏休み本番だね、<6E5C>僕たちも,"이걸로 드디어 여름방학이네,<6E5C>우리도","이걸로 드디어 여름방학이네,<6E5C>우리도"
dom2Fio_X01.mes,Script/dom2Fio_X01.mes,21,26,Fio,はい!レポートも提出したし、<6E5C>夏休みを満喫します!,네! 리포트도 제출했으니<6E5C>방학을 만끽할게요!,네! 리포트도 제출했으니<6E5C>방학을 만끽할게요!
dom2Fio_X01.mes,Script/dom2Fio_X01.mes,22,19,주인공,フィオはこの夏休みに、<6E5C>何をするの?,피오는 이번 방학에<6E5C>뭐 할 거야?,피오는 이번 방학에<6E5C>뭐 할 거야?
dom2Fio_X01.mes,Script/dom2Fio_X01.mes,23,55,Fio,そうですねぇ.<6E5C>さいきん発明にかまけて<6E5C>自分の専攻科目を<485C>おろそかにしてましたし、<6E5C>鍼灸とか、マッサージとか,"글쎄요.<6E5C>요즘 발명에 정신 팔려서<6E5C>제 전공 과목을<485C>소홀히 했었으니까,<6E5C>침구라든가, 마사지라든가","글쎄요.<6E5C>요즘 발명에 정신 팔려서<6E5C>제 전공 과목을<485C>소홀히 했었으니까,<6E5C>침구라든가, 마사지라든가"
dom2Fio_X01.mes,Script/dom2Fio_X01.mes,24,25,Fio,あとはカイロプラクティックの<6E5C>勉強でしょうか……,그리고 카이로프랙틱<6E5C>공부일까요……,그리고 카이로프랙틱<6E5C>공부일까요……
dom2Fio_X01.mes,Script/dom2Fio_X01.mes,25,42,주인공,そういやフィオって、発明さわぎで<6E5C>忘れてたけど、そっち方面を<6E5C>専攻してるんだったね,"그러고 보니 피오, 발명 소동 때문에<6E5C>깜빡했는데 그쪽 방면<6E5C>전공하고 있었지","그러고 보니 피오, 발명 소동 때문에<6E5C>깜빡했는데 그쪽 방면<6E5C>전공하고 있었지"
dom2Fio_X01.mes,Script/dom2Fio_X01.mes,26,7,주인공,巳沢さんは?,미사와 씨?,미사와 씨?
dom2Fio_X01.mes,Script/dom2Fio_X01.mes,27,22,Shizuku,私は夏休みと言っても、<6E5C>バイトがあるからね,나는 방학이라고 해도<6E5C>알바가 있으니까,나는 방학이라고 해도<6E5C>알바가 있으니까
dom2Fio_X01.mes,Script/dom2Fio_X01.mes,28,7,주인공,そうかぁ……,그렇구나……,그렇구나……
dom2Fio_X01.mes,Script/dom2Fio_X01.mes,29,34,주인공,じゃあ、ヒマな学生してるのは<6E5C>僕だけなんだね.<6E5C>なんだか情けないな,"그럼, 한가한 학생 노릇 하는 건<6E5C>나뿐이네.<6E5C>왠지 한심하네","그럼, 한가한 학생 노릇 하는 건<6E5C>나뿐이네.<6E5C>왠지 한심하네"
dom2Fio_X01.mes,Script/dom2Fio_X01.mes,30,57,Shizuku,ねぇ、レポートも無事に終わった<6E5C>ことだし、完成を祝してみんなで<6E5C>遊びにいかない?<485C>私も今日はバイトはお休みだから,"있잖아, 리포트도 무사히 끝났으니<6E5C>축하 겸 다 같이<6E5C>놀러 가지 않을래?<485C>나도 오늘 알바 쉬는 날이니까","있잖아, 리포트도 무사히 끝났으니<6E5C>축하 겸 다 같이<6E5C>놀러 가지 않을래?<485C>나도 오늘 알바 쉬는 날이니까"
dom2Fio_X01.mes,Script/dom2Fio_X01.mes,31,7,주인공,え、いいの?,어 괜찮아?,어 괜찮아?
dom2Fio_X01.mes,Script/dom2Fio_X01.mes,32,26,Fio,わーい!3人で豪遊です!<6E5C>フィオさん、楽しみです!,와아! 셋이서 놀아요!<6E5C>피오 씨 기대돼요!,와아! 셋이서 놀아요!<6E5C>피오 씨 기대돼요!
dom2Fio_X01.mes,Script/dom2Fio_X01.mes,33,14,Shizuku,<이름:3131>くん、どこに行こうか?,"<이름:3131>군, 어디로 갈까?","<이름:3131>군, 어디로 갈까?"
dom2Fio_X01.mes,Script/dom2Fio_X01.mes,34,21,주인공,よし、みんなでコースターでも<6E5C>乗ろうか!,좋아 다 같이 롤러코스터라도<6E5C>타볼까!,좋아 다 같이 롤러코스터라도<6E5C>타볼까!
dom2Fio_X01.mes,Script/dom2Fio_X01.mes,35,24,Fio,わーい!みんなで乗ったら、<6E5C>楽しさも3倍です!,"와아! 다 같이 타면,<6E5C>재미도 세 배예요!","와아! 다 같이 타면,<6E5C>재미도 세 배예요!"
dom2Fio_X01.mes,Script/dom2Fio_X01.mes,36,34,Shizuku,フフッ.でも、<이름:3131>くんは<6E5C>ジェットコースターとか<6E5C>弱いんじゃない?,"후훗. 근데, <이름:3131>군은<6E5C>롤러코스터 같은 거<6E5C>약하지 않아?","후훗. 근데, <이름:3131>군은<6E5C>롤러코스터 같은 거<6E5C>약하지 않아?"
dom2Fio_X01.mes,Script/dom2Fio_X01.mes,37,15,주인공,えっ、なんでそう思うのさ……,"엇, 왜 그리 생각해……","엇, 왜 그리 생각해……"
dom2Fio_X01.mes,Script/dom2Fio_X01.mes,38,14,Shizuku,そんな風に見えるからだよー,그렇게 보이니까 그렇지-,그렇게 보이니까 그렇지-
dom2Fio_X01.mes,Script/dom2Fio_X01.mes,39,8,주인공,し、失礼だなぁ,"시, 실례네","시, 실례네"
dom2Fio_X01.mes,Script/dom2Fio_X01.mes,40,14,Fio,じゃあ、みんなで勝負です!,그럼 다 같이 승부예요!,그럼 다 같이 승부예요!
dom2Fio_X01.mes,Script/dom2Fio_X01.mes,41,23,Fio,絶叫マシンにどれだけ耐えれるか、<6E5C>競争です!,절규 머신을 얼마나 버티는지<6E5C>경쟁이에요!,절규 머신을 얼마나 버티는지<6E5C>경쟁이에요!
dom2Fio_X01.mes,Script/dom2Fio_X01.mes,42,4,주인공,えぇ~,에에~,에에~
dom2Fio_X01.mes,Script/dom2Fio_X01.mes,43,15,Shizuku,アハハ、勝負する前から降参?,아하하 승부도 전에 항복?,아하하 승부도 전에 항복?
dom2Fio_X01.mes,Script/dom2Fio_X01.mes,44,23,주인공,最近の女の子って、<6E5C>男より度胸があるよな……,요즘 여자들은<6E5C>남자보다 배짱 있다니까……,요즘 여자들은<6E5C>남자보다 배짱 있다니까……
dom2Fio_X01.mes,Script/dom2Fio_X01.mes,45,16,주인공,つ、つきあいきれるだろうか……,"가, 감당할 수 있을까……","가, 감당할 수 있을까……"
dom2Fio_X01.mes,Script/dom2Fio_X01.mes,46,26,Fio,わわ、ここで音楽が聴けるのですか<6E5C>.スゴイですね~,"와와, 여기서 음악도 나오네요<6E5C>. 대단해요~","와와, 여기서 음악도 나오네요<6E5C>. 대단해요~"
dom2Fio_X01.mes,Script/dom2Fio_X01.mes,47,23,주인공,あれ、フィオはNESTSに来るの<6E5C>はじめて?,어라 피오는 네스츠에 오는 거<6E5C>처음이야?,어라 피오는 네스츠에 오는 거<6E5C>처음이야?
dom2Fio_X01.mes,Script/dom2Fio_X01.mes,48,33,Fio,はい.恥ずかしながら、ライブとか<6E5C>クラブというものにはご縁が……,"네. 부끄럽지만, 라이브라든가<6E5C>클럽 같은 곳은 인연이……","네. 부끄럽지만, 라이브라든가<6E5C>클럽 같은 곳은 인연이……"
dom2Fio_X01.mes,Script/dom2Fio_X01.mes,49,39,Fio,クラシックのコンサートなどは、<6E5C>両親に連れて行ってもらったことが<6E5C>ありますが,"클래식 콘서트 같은 건,<6E5C>부모님이 데려가 주신 적은<6E5C>있지만요","클래식 콘서트 같은 건,<6E5C>부모님이 데려가 주신 적은<6E5C>있지만요"
dom2Fio_X01.mes,Script/dom2Fio_X01.mes,50,22,주인공,そうか…….<6E5C>いつも工作に没頭してるもんな,그렇구나…….<6E5C>늘 공작에 빠져 있으니까,그렇구나…….<6E5C>늘 공작에 빠져 있으니까
dom2Fio_X01.mes,Script/dom2Fio_X01.mes,51,24,Shizuku,私も、場所は知ってたけどあまり<6E5C>来たことないな,"나도, 장소는 알았지만 별로<6E5C>온 적은 없네","나도, 장소는 알았지만 별로<6E5C>온 적은 없네"
dom2Fio_X01.mes,Script/dom2Fio_X01.mes,52,26,주인공,巳沢さんは大学とバイトで、<6E5C>いつも忙しそうだもんね,미사와 씨는 학교랑 알바로<6E5C>항상 바빠 보이니까,미사와 씨는 학교랑 알바로<6E5C>항상 바빠 보이니까
dom2Fio_X01.mes,Script/dom2Fio_X01.mes,53,27,주인공,まいったな、やっぱり僕だけが<6E5C>遊び人みたいで嫌だなぁ,"곤란하네, 역시 나만<6E5C>노는 사람 같아서 싫네","곤란하네, 역시 나만<6E5C>노는 사람 같아서 싫네"
dom2Fio_X01.mes,Script/dom2Fio_X01.mes,54,23,주인공,まぁいいや.<6E5C>今日は3人でイベントでも見よう,뭐 됐어.<6E5C>오늘은 셋이서 이벤트라도 보자,뭐 됐어.<6E5C>오늘은 셋이서 이벤트라도 보자
dom2Fio_X01.mes,Script/dom2Fio_X01.mes,55,23,Fio,はい!はじめてで何が起こるか<6E5C>ドキドキです!,네! 처음이라 뭐가 나올지<6E5C>두근두근해요!,네! 처음이라 뭐가 나올지<6E5C>두근두근해요!
dom2Fio_X01.mes,Script/dom2Fio_X01.mes,56,23,Shizuku,私も、<이름:3131>くんが何を<6E5C>見せてくれるのか楽しみ,"나도, <이름:3131>군이 뭘<6E5C>보여줄지 기대돼","나도, <이름:3131>군이 뭘<6E5C>보여줄지 기대돼"
dom2Fio_X01.mes,Script/dom2Fio_X01.mes,57,33,주인공,八神先輩が現れなければ、きっと<6E5C>どんなイベントでも楽しいはず……,야가미 선배만 안 나타나면<6E5C>어떤 이벤트든 즐거울 텐데……,야가미 선배만 안 나타나면<6E5C>어떤 이벤트든 즐거울 텐데……
dom2Fio_X01.mes,Script/dom2Fio_X01.mes,58,10,[효과음/내레이션],キャー!<020A>キャー!,꺄악!<020A>꺄악!,꺄악!<020A>꺄악!
dom2Fio_X01.mes,Script/dom2Fio_X01.mes,59,5,[효과음/내레이션],キャー!,꺄악!,꺄악!
dom2Fio_X01.mes,Script/dom2Fio_X01.mes,60,14,주인공,出た!言ってるそばから……,나왔다! 말하자마자……,나왔다! 말하자마자……
dom2Fio_X01.mes,Script/dom2Fio_X01.mes,61,13,Iori,閉け.今日のライブは……,닥쳐 오늘 라이브는……,닥쳐 오늘 라이브는……
dom2Fio_X01.mes,Script/dom2Fio_X01.mes,62,20,UNKNOWN_69,赤毛ー!<6E5C>かっこつけてんじゃねーぞー!,빨간머리ー!<6E5C>잘난 척하지 마라ー!,빨간머리ー!<6E5C>잘난 척하지 마라ー!
dom2Fio_X01.mes,Script/dom2Fio_X01.mes,63,16,UNKNOWN_6a,さっさと始めろー!赤毛野郎ー!,빨리 해ー! 빨간머리ー!,빨리 해ー! 빨간머리ー!
dom2Fio_X01.mes,Script/dom2Fio_X01.mes,64,20,Iori,フン、俺に野次を<6E5C>飛ばすとはいい度胸だ,흥 내게 야유를<6E5C>날리다니 배짱 좋군,흥 내게 야유를<6E5C>날리다니 배짱 좋군
dom2Fio_X01.mes,Script/dom2Fio_X01.mes,65,33,Iori,貴様らにくれてやるのは……痛み、<6E5C>苦しみという名の慈悲だけだ!!,네놈들에게 줄 것은…… 고통<6E5C>괴로움이란 이름의 자비뿐이다!,네놈들에게 줄 것은…… 고통<6E5C>괴로움이란 이름의 자비뿐이다!
dom2Fio_X01.mes,Script/dom2Fio_X01.mes,66,7,[효과음/내레이션],ガシャーン!,와장창!,와장창!
dom2Fio_X01.mes,Script/dom2Fio_X01.mes,67,6,[효과음/내레이션],バターン!,쾅!,쾅!
dom2Fio_X01.mes,Script/dom2Fio_X01.mes,68,15,Shizuku,きゃあっ!何これ、乱闘……?,꺄악! 뭐야 난투극……?,꺄악! 뭐야 난투극……?
dom2Fio_X01.mes,Script/dom2Fio_X01.mes,69,22,Fio,わぁっ.<6E5C>とってもおもしろいイベントです!,와아.<6E5C>정말 재미있는 이벤트네요!,와아.<6E5C>정말 재미있는 이벤트네요!
dom2Fio_X01.mes,Script/dom2Fio_X01.mes,70,19,주인공,し、しまったぁ.<6E5C>僕の選択ミスだ……,"이, 이런.<6E5C>내 선택 실수야……","이, 이런.<6E5C>내 선택 실수야……"
dom2Fio_X01.mes,Script/dom2Fio_X01.mes,71,12,[효과음/내레이션],♪カランコロンカラ~ン,♪딸랑딸랑 딸랑~,♪딸랑딸랑 딸랑~
dom2Fio_X01.mes,Script/dom2Fio_X01.mes,72,8,주인공,ぜぇ、ぜぇ……,"헉, 헉……","헉, 헉……"
dom2Fio_X01.mes,Script/dom2Fio_X01.mes,73,16,Fio,大丈夫ですか?顔が真っ青ですぅ,괜찮으세요? 얼굴이 새파래요,괜찮으세요? 얼굴이 새파래요
dom2Fio_X01.mes,Script/dom2Fio_X01.mes,74,14,Shizuku,ゆっくり休んでいきましょう,천천히 쉬었다 가요,천천히 쉬었다 가요
dom2Fio_X01.mes,Script/dom2Fio_X01.mes,75,27,주인공,ご、ごめんよふたりとも.<6E5C>僕がふがいないばかりに……,"미, 미안해 둘 다.<6E5C>내가 한심해서……","미, 미안해 둘 다.<6E5C>내가 한심해서……"
dom2Fio_X01.mes,Script/dom2Fio_X01.mes,76,24,Fio,そんなことないです!<6E5C>とっても楽しかったです!,그렇지 않아요!<6E5C>정말 즐거웠어요!,그렇지 않아요!<6E5C>정말 즐거웠어요!
dom2Fio_X01.mes,Script/dom2Fio_X01.mes,77,23,Shizuku,私も楽しかったわ.<6E5C>ちょっと疲れちゃったけど,나도 즐거웠어.<6E5C>좀 지치긴 했지만,나도 즐거웠어.<6E5C>좀 지치긴 했지만
dom2Fio_X01.mes,Script/dom2Fio_X01.mes,78,11,주인공,それならよかった……,그럼 다행이야……,그럼 다행이야……
dom2Fio_X01.mes,Script/dom2Fio_X01.mes,79,22,주인공,よし、おなかもすいたし、<6E5C>たっぷり食べよう,"좋아, 배도 고프니까,<6E5C>실컷 먹자","좋아, 배도 고프니까,<6E5C>실컷 먹자"
dom2Fio_X01.mes,Script/dom2Fio_X01.mes,80,26,Shizuku,<CD12><CD08>の<이름:3131>くんには、<6E5C>カレーセットがおすすめだよ?,"<CD12><CD08>인 <이름:3131>군한테는,<6E5C>카레 세트가 딱이지?","<CD12><CD08>인 <이름:3131>군한테는,<6E5C>카레 세트가 딱이지?"
dom2Fio_X01.mes,Script/dom2Fio_X01.mes,81,14,주인공,商売上手だな、巳沢さん……,"장사 잘하네, 미사와 씨","장사 잘하네, 미사와 씨"
dom2Fio_X01.mes,Script/dom2Fio_X01.mes,82,10,주인공,じゃ、それで頼むよ,그럼 그걸 부탁해,그럼 그걸 부탁해
dom2Fio_X01.mes,Script/dom2Fio_X01.mes,83,22,Fio,フィオさんはサンドイッチで<6E5C>お願いします!,피오 씨는 샌드위치로<6E5C>부탁드려요!,피오 씨는 샌드위치로<6E5C>부탁드려요!
dom2Fio_X01.mes,Script/dom2Fio_X01.mes,84,17,Shizuku,ちょっと待ってね.頼んでくるから,잠깐만 기다려. 주문하고 올게,잠깐만 기다려. 주문하고 올게
dom2Fio_X01.mes,Script/dom2Fio_X01.mes,85,14,주인공,立たなくていいよ、巳沢さん,안 서도 돼 미사와 씨,안 서도 돼 미사와 씨
dom2Fio_X01.mes,Script/dom2Fio_X01.mes,86,45,주인공,今日は休みだろう?休みの日ぐら<6E5C>い、ゆっくりしないと.巳沢さんは<6E5C>いつもがんばりすぎだよ,오늘 쉬잖아? 쉬는 날은<6E5C>좀 쉬어야지. 미사와 씨는<6E5C>맨날 너무 애써,오늘 쉬잖아? 쉬는 날은<6E5C>좀 쉬어야지. 미사와 씨는<6E5C>맨날 너무 애써
dom2Fio_X01.mes,Script/dom2Fio_X01.mes,87,12,Shizuku,<이름:3131>くん……ありがとう,<이름:3131>군…… 고마워,<이름:3131>군…… 고마워
dom2Fio_X01.mes,Script/dom2Fio_X01.mes,88,32,Fio,<이름:3232>さんはとっても優しいです!<6E5C>フィオさん、尊敬しちゃいます!,"<이름:3232>씨는 정말 다정하세요!<6E5C>피오 씨, 존경하게 돼요!","<이름:3232>씨는 정말 다정하세요!<6E5C>피오 씨, 존경하게 돼요!"
dom2Fio_X01.mes,Script/dom2Fio_X01.mes,89,19,Shizuku,それって、誰にでも優しいんだよね<6E5C>?,"그거, 누구한테나 다정한 거지<6E5C>?","그거, 누구한테나 다정한 거지<6E5C>?"
dom2Fio_X01.mes,Script/dom2Fio_X01.mes,90,23,Shizuku,あまりにも優しすぎると、<6E5C>残酷だよ?<이름:3131>くん,너무 다정하기만 하면<6E5C>잔인한 거야?<이름:3131>군,너무 다정하기만 하면<6E5C>잔인한 거야?<이름:3131>군
dom2Fio_X01.mes,Script/dom2Fio_X01.mes,91,15,주인공,え……?どういうことかな……,어……? 무슨 뜻일까……,어……? 무슨 뜻일까……
dom2Fio_X01.mes,Script/dom2Fio_X01.mes,92,17,주인공,あっという間に夜になっちゃったな,눈 깜짝할 새 밤이 됐네,눈 깜짝할 새 밤이 됐네
dom2Fio_X01.mes,Script/dom2Fio_X01.mes,93,23,주인공,3人で遊ぶと楽しくて、<6E5C>時間の経つのが短いね,"셋이서 놀면 즐거워서,<6E5C>시간이 금방 가네","셋이서 놀면 즐거워서,<6E5C>시간이 금방 가네"
dom2Fio_X01.mes,Script/dom2Fio_X01.mes,94,48,Fio,はい!とっても楽しかったです!<6E5C>3人でいるのは楽しいですね!<6E5C>ずっとずっと一緒にいたいですぅ!,네! 정말 즐거웠어요!<6E5C>셋이 있는 건 즐겁네요!<6E5C>계속 계속 같이 있고 싶어요!,네! 정말 즐거웠어요!<6E5C>셋이 있는 건 즐겁네요!<6E5C>계속 계속 같이 있고 싶어요!
dom2Fio_X01.mes,Script/dom2Fio_X01.mes,95,29,Shizuku,私も、この3人が同じゼミで、<6E5C>本当に良かったなって思うわ,나도 이 셋이 같은 세미나라서<6E5C>다행이라고 생각해,나도 이 셋이 같은 세미나라서<6E5C>다행이라고 생각해
dom2Fio_X01.mes,Script/dom2Fio_X01.mes,96,5,주인공,僕もだよ,나도야,나도야
dom2Fio_X01.mes,Script/dom2Fio_X01.mes,97,26,주인공,ふたりとも、気をつけて帰ってね.<6E5C>夜道は危ないから,"둘 다, 조심해서 돌아가.<6E5C>밤길은 위험하니까","둘 다, 조심해서 돌아가.<6E5C>밤길은 위험하니까"
dom2Fio_X01.mes,Script/dom2Fio_X01.mes,98,25,Shizuku,あら.紳士な<이름:3131>くんは<6E5C>お見送りをしてくれるの?,어머. 신사적인 <이름:3131>군은<6E5C>배웅해 주는 거야?,어머. 신사적인 <이름:3131>군은<6E5C>배웅해 주는 거야?
dom2Fio_X01.mes,Script/dom2Fio_X01.mes,99,6,주인공,えーと……,그게……,그게……
dom2Fio_X01.mes,Script/dom2Fio_X01.mes,100,10,[선택지],雫を送るフィオを送る,시즈쿠배웅피오배웅,시즈쿠배웅\피오배웅
dom2Fio_X01.mes,Script/dom2Fio_X01.mes,101,19,주인공,そ、そう言うなら、<6E5C>巳沢さんを送るよ,"그, 그럼<6E5C>미사와 씨를 데려다줄게","그, 그럼<6E5C>미사와 씨를 데려다줄게"
dom2Fio_X01.mes,Script/dom2Fio_X01.mes,102,7,Shizuku,私でいいの?,나도 될까?,나도 될까?
dom2Fio_X01.mes,Script/dom2Fio_X01.mes,103,13,Fio,フィオさんなら平気です!,피오 씨라면 괜찮아요!,피오 씨라면 괜찮아요!
dom2Fio_X01.mes,Script/dom2Fio_X01.mes,104,29,Fio,自分で作った防犯グッズを装備して<6E5C>ますから、大丈夫です!,"직접 만든 호신용품을 장착하고<6E5C>있으니까, 괜찮아요!","직접 만든 호신용품을 장착하고<6E5C>있으니까, 괜찮아요!"
dom2Fio_X01.mes,Script/dom2Fio_X01.mes,105,22,주인공,そ、それが使われないことを<6E5C>祈ってるよ……,"그, 그게 쓰이지 않기를<6E5C>기도할게……","그, 그게 쓰이지 않기를<6E5C>기도할게……"
dom2Fio_X01.mes,Script/dom2Fio_X01.mes,106,22,Fio,じゃあ<이름:3232>さん、雫さん、<6E5C>おやすみなさい!,그럼 <이름:3232>씨 시즈쿠 씨<6E5C>안녕히 주무세요,그럼 <이름:3232>씨 시즈쿠 씨<6E5C>안녕히 주무세요
dom2Fio_X01.mes,Script/dom2Fio_X01.mes,107,8,[효과음/내레이션],タタタタタ……,타다다닷……,타다다닷……
dom2Fio_X01.mes,Script/dom2Fio_X01.mes,108,13,Shizuku,フィオ、大丈夫かしら……,"피오, 괜찮을까……","피오, 괜찮을까……"
dom2Fio_X01.mes,Script/dom2Fio_X01.mes,109,13,주인공,じゃあ巳沢さん、行こうか,"그럼 미사와 씨, 갈까","그럼 미사와 씨, 갈까"
dom2Fio_X01.mes,Script/dom2Fio_X01.mes,110,17,Shizuku,<이름:3131>くん、本当に私でよかったの?,<이름:3131>군 정말 나라서 괜찮았어?,<이름:3131>군 정말 나라서 괜찮았어?
dom2Fio_X01.mes,Script/dom2Fio_X01.mes,111,3,주인공,え?,어?,어?
dom2Fio_X01.mes,Script/dom2Fio_X01.mes,112,23,Shizuku,本当は、フィオを送りたかったん<6E5C>じゃないの?,실은 피오를 데려다주고 싶었던<6E5C>아니야?,실은 피오를 데려다주고 싶었던<6E5C>아니야?
dom2Fio_X01.mes,Script/dom2Fio_X01.mes,113,38,주인공,何言ってるんだよ.<6E5C>フィオはあの通り、体に凶器を<6E5C>満載してるから大丈夫だよ,무슨 소리야.<6E5C>피오는 저래 봬도 몸에 무기를<6E5C>잔뜩 둘렀으니 괜찮아,무슨 소리야.<6E5C>피오는 저래 봬도 몸에 무기를<6E5C>잔뜩 둘렀으니 괜찮아
dom2Fio_X01.mes,Script/dom2Fio_X01.mes,114,14,Shizuku,そういうことじゃなくて……,그런 게 아니라……,그런 게 아니라……
dom2Fio_X01.mes,Script/dom2Fio_X01.mes,115,33,Shizuku,まぁいいや.<이름:3131>くんと<6E5C>ふたりっきりで歩けるのは、<6E5C>うれしいから,"뭐 됐어.<이름:3131>군이랑<6E5C>단둘이 걸을 수 있는 게,<6E5C>기쁘니까","뭐 됐어.<이름:3131>군이랑<6E5C>단둘이 걸을 수 있는 게,<6E5C>기쁘니까"
dom2Fio_X01.mes,Script/dom2Fio_X01.mes,116,3,주인공,えっ,엇,엇
dom2Fio_X01.mes,Script/dom2Fio_X01.mes,117,24,Shizuku,フフッ.できるだけゆっくり<6E5C>歩いてね、<이름:3131>くん,"후훗. 최대한 천천히<6E5C>걸어줘, <이름:3131>군","후훗. 최대한 천천히<6E5C>걸어줘, <이름:3131>군"
dom2Fio_X01.mes,Script/dom2Fio_X01.mes,118,26,주인공,じゃあ、フィオの方が遠いし、<6E5C>フィオをお送りするよ,"그럼, 피오 쪽이 더 머니까<6E5C>피오를 데려다줄게","그럼, 피오 쪽이 더 머니까<6E5C>피오를 데려다줄게"
dom2Fio_X01.mes,Script/dom2Fio_X01.mes,119,15,Fio,はわわ!そんなの悪いですよ~,하와와! 그러면 죄송해요~,하와와! 그러면 죄송해요~
dom2Fio_X01.mes,Script/dom2Fio_X01.mes,120,29,Shizuku,そうね.私はひとりで平気だから、<6E5C>フィオを送ってあげて?,"그래.난 혼자서도 괜찮으니까, <6E5C>피오를 데려다줘","그래.난 혼자서도 괜찮으니까, <6E5C>피오를 데려다줘"
dom2Fio_X01.mes,Script/dom2Fio_X01.mes,121,23,Shizuku,じゃあね、<이름:3131>くん、フィオ、<6E5C>おやすみなさい,"그럼, <이름:3131>군, 피오, <6E5C>잘 자","그럼, <이름:3131>군, 피오, <6E5C>잘 자"
dom2Fio_X01.mes,Script/dom2Fio_X01.mes,122,25,Fio,はうう~.ほんとうによかったの<6E5C>でしょうか……?,하우우~.정말 괜찮은 <6E5C>걸까요……?,하우우~.정말 괜찮은 <6E5C>걸까요……?
dom2Fio_X01.mes,Script/dom2Fio_X01.mes,123,42,주인공,何、変な気を使ってるんだよ.<6E5C>本人が平気だって言ってるんだから<6E5C>、行こうよ、フィオ,"뭐야, 이상하게 신경 쓰지 마.<6E5C>본인이 괜찮다고 하니까<6E5C>, 가자, 피오","뭐야, 이상하게 신경 쓰지 마.<6E5C>본인이 괜찮다고 하니까<6E5C>, 가자, 피오"
dom2Fio_X01.mes,Script/dom2Fio_X01.mes,124,12,Fio,でも、でも、雫さん……,"그치만, 시즈쿠씨……","그치만, 시즈쿠씨……"
dom2Fio_X01.mes,Script/dom2Fio_X01.mes,125,30,주인공,……僕はフィオを送りたかったん<6E5C>だけど、ダメだったのかな?,"……난 피오를 데려다주고 싶었<6E5C>는데, 안 됐나?","……난 피오를 데려다주고 싶었<6E5C>는데, 안 됐나?"
dom2Fio_X01.mes,Script/dom2Fio_X01.mes,126,20,Fio,ええ!?<6E5C>なな、なんでそんな.はわわ!,"네!?<6E5C>아, 아니 왜 그런.하와와!","네!?<6E5C>아, 아니 왜 그런.하와와!"
dom2Fio_X01.mes,Script/dom2Fio_X01.mes,127,17,주인공,これぐらいで照れてないで、行くぞ,"이 정도로 부끄러워말고, 가자","이 정도로 부끄러워말고, 가자"
dom2Fio_X01.mes,Script/dom2Fio_X01.mes,128,6,Fio,きゃああ!,꺄아아!,꺄아아!
dom2Fio_X01.mes,Script/dom2Fio_X01.mes,129,6,[효과음/내레이션],バチーン!,찰싹!,찰싹!
dom2Fio_X01.mes,Script/dom2Fio_X01.mes,130,4,주인공,う……,윽……,윽……
dom2Fio_X01.mes,Script/dom2Fio_X01.mes,131,30,Fio,はわわ!<이름:3232>さんがいきなり<6E5C>肩に触るから……ごめんなさい!,하와와!<이름:3232>씨가 갑자기<6E5C>어깨를 만져서……죄송해요!,하와와!<이름:3232>씨가 갑자기<6E5C>어깨를 만져서……죄송해요!
dom2Fio_X01.mes,Script/dom2Fio_X01.mes,132,22,주인공,……これなら夜道も平気かな、<6E5C>フィオは……,……이러면 밤길도 괜찮을까<6E5C>피오는……,……이러면 밤길도 괜찮을까<6E5C>피오는……
dom2Fio_X02.mes,Script/dom2Fio_X02.mes,0,13,주인공,う~ん.ほたる、おはよう,으음.호타루 좋은 아침,으음.호타루 좋은 아침
dom2Fio_X02.mes,Script/dom2Fio_X02.mes,1,27,Hotaru,眠そうだね、お兄ちゃん.<6E5C>昨日、帰りが遅かったから?,"졸려 보이네, 오빠.<6E5C>어제 늦게 들어와서 그래?","졸려 보이네, 오빠.<6E5C>어제 늦게 들어와서 그래?"
dom2Fio_X02.mes,Script/dom2Fio_X02.mes,2,7,주인공,そうだなぁ~,그런가~,그런가~
dom2Fio_X02.mes,Script/dom2Fio_X02.mes,3,12,Hotaru,女の人と遊んでたから?,여자랑 놀았어?,여자랑 놀았어?
dom2Fio_X02.mes,Script/dom2Fio_X02.mes,4,32,주인공,な、なんだよ.いきなり怒るなよ.<6E5C>僕が誰と遊ぼうが勝手だろう?,"뭐, 뭐야.왜 화내는데.<6E5C>내가 누구랑 놀든 내 맘이잖아?","뭐, 뭐야.왜 화내는데.<6E5C>내가 누구랑 놀든 내 맘이잖아?"
dom2Fio_X02.mes,Script/dom2Fio_X02.mes,5,19,Hotaru,ふんだ!<6E5C>お兄ちゃんなんか知らない!,흥이다!<6E5C>오빠 같은 거 몰라!,흥이다!<6E5C>오빠 같은 거 몰라!
dom2Fio_X02.mes,Script/dom2Fio_X02.mes,6,5,UNKNOWN_3e,キュゥ!,큐우!,큐우!
dom2Fio_X02.mes,Script/dom2Fio_X02.mes,7,7,[효과음/내레이션],バリバリッ!,바지직!,바지직!
dom2Fio_X02.mes,Script/dom2Fio_X02.mes,8,6,주인공,いってー!,아야야!,아야야!
dom2Fio_X02.mes,Script/dom2Fio_X02.mes,9,21,주인공,……なんだよ、もう.<6E5C>まだ反抗期なのかな,"……뭐야, 진짜.<6E5C>아직 반항기인가","……뭐야, 진짜.<6E5C>아직 반항기인가"
dom2Fio_X02.mes,Script/dom2Fio_X02.mes,10,40,주인공,(……課題も提出し終わって、<6E5C>休みに入ったっていうのに<6E5C>大学に来るなんて……),(……과제도 다 제출하고<6E5C>방학에 들어갔는데<6E5C>대학에 오다니……),(……과제도 다 제출하고<6E5C>방학에 들어갔는데<6E5C>대학에 오다니……)
dom2Fio_X02.mes,Script/dom2Fio_X02.mes,11,39,주인공,(なんだかんだいって、<6E5C>好きなのかな.それとも、<6E5C>僕は誰かに会いたくて……),(이러니저러니 해도<6E5C>좋아하는 걸까.아니면<6E5C>누군가를 만나고 싶어서……),(이러니저러니 해도<6E5C>좋아하는 걸까.아니면<6E5C>누군가를 만나고 싶어서……)
dom2Fio_X02.mes,Script/dom2Fio_X02.mes,12,4,[효과음/내레이션],ドンッ,쿵!,쿵!
dom2Fio_X02.mes,Script/dom2Fio_X02.mes,13,9,주인공,あ、すいませ……,"아, 죄송……","아, 죄송……"
dom2Fio_X02.mes,Script/dom2Fio_X02.mes,14,8,주인공,って、フィオ!,"어라, 피오!","어라, 피오!"
dom2Fio_X02.mes,Script/dom2Fio_X02.mes,15,9,Fio,あっ、<이름:3232>さ……,"앗, <이름:3232>씨……","앗, <이름:3232>씨……"
dom2Fio_X02.mes,Script/dom2Fio_X02.mes,16,3,[효과음/내레이션],ダッ,타닷,타닷
dom2Fio_X02.mes,Script/dom2Fio_X02.mes,17,5,주인공,フィオ!,피오!,피오!
dom2Fio_X02.mes,Script/dom2Fio_X02.mes,18,26,주인공,……今、あいつ、泣いてた……?<6E5C>いったいなんで……,"……방금, 쟤 울었나……?<6E5C>대체 왜……","……방금, 쟤 울었나……?<6E5C>대체 왜……"
dom2Fio_X02.mes,Script/dom2Fio_X02.mes,19,11,[선택지],追いかける閉き込みする,따라간다캐묻는다,따라간다\캐묻는다
dom2Fio_X02.mes,Script/dom2Fio_X02.mes,20,19,주인공,いったい何があったんだよ、フィオ<6E5C>!,"무슨 일이 있었던 거야, 피오<6E5C>!","무슨 일이 있었던 거야, 피오<6E5C>!"
dom2Fio_X02.mes,Script/dom2Fio_X02.mes,21,4,[효과음/내레이션],ダダッ,다다닷,다다닷
dom2Fio_X02.mes,Script/dom2Fio_X02.mes,22,9,Fio,あ、<이름:3232>さん……,"아, <이름:3232>씨……","아, <이름:3232>씨……"
dom2Fio_X02.mes,Script/dom2Fio_X02.mes,23,14,주인공,どうしたんだよ、フィオ……,"왜 그래, 피오……","왜 그래, 피오……"
dom2Fio_X02.mes,Script/dom2Fio_X02.mes,24,4,Fio,ううっ,으윽,으윽
dom2Fio_X02.mes,Script/dom2Fio_X02.mes,25,3,[효과음/내레이션],ダッ,타닷,타닷
dom2Fio_X02.mes,Script/dom2Fio_X02.mes,26,7,주인공,あ、フィオ!,"아, 피오!","아, 피오!"
dom2Fio_X02.mes,Script/dom2Fio_X02.mes,27,4,[효과음/내레이션],ダダッ,다다닷,다다닷
dom2Fio_X02.mes,Script/dom2Fio_X02.mes,28,7,Fio,<이름:3232>さん……,<이름:3232>씨……,<이름:3232>씨……
dom2Fio_X02.mes,Script/dom2Fio_X02.mes,29,16,주인공,なんで逃げるんだよ、フィオ……,"왜 도망가는 거야, 피오……","왜 도망가는 거야, 피오……"
dom2Fio_X02.mes,Script/dom2Fio_X02.mes,30,6,Fio,だって……,그치만……,그치만……
dom2Fio_X02.mes,Script/dom2Fio_X02.mes,31,3,[효과음/내레이션],ダッ,타닷,타닷
dom2Fio_X02.mes,Script/dom2Fio_X02.mes,32,5,주인공,フィオ!,피오!,피오!
dom2Fio_X02.mes,Script/dom2Fio_X02.mes,33,4,[효과음/내레이션],ぎゅっ,꼬옥,꼬옥
dom2Fio_X02.mes,Script/dom2Fio_X02.mes,34,7,Fio,<이름:3232>さん……,<이름:3232>씨……,<이름:3232>씨……
dom2Fio_X02.mes,Script/dom2Fio_X02.mes,35,13,주인공,つかまえたよ、フィオ……,"잡았다, 피오……","잡았다, 피오……"
dom2Fio_X02.mes,Script/dom2Fio_X02.mes,36,11,주인공,何かあったのかな……,무슨 일 있었나……,무슨 일 있었나……
dom2Fio_X02.mes,Script/dom2Fio_X02.mes,37,9,UNKNOWN_1e,あれ、<이름:3131>くん?,"어라, <이름:3131>군?","어라, <이름:3131>군?"
dom2Fio_X02.mes,Script/dom2Fio_X02.mes,38,17,주인공,巳沢さん!フィオ、何かあったの?,미사와씨!무슨 일이에요?,미사와씨!무슨 일이에요?
dom2Fio_X02.mes,Script/dom2Fio_X02.mes,39,6,Shizuku,何かって?,무슨 일?,무슨 일?
dom2Fio_X02.mes,Script/dom2Fio_X02.mes,40,24,주인공,見てないの?今、フィオが<6E5C>泣きながら走って……,못 봤어요?피오가<6E5C>울면서 뛰어가던데……,못 봤어요?피오가<6E5C>울면서 뛰어가던데……
dom2Fio_X02.mes,Script/dom2Fio_X02.mes,41,10,Shizuku,うそ、どうして……,"거짓말, 왜……","거짓말, 왜……"
dom2Fio_X02.mes,Script/dom2Fio_X02.mes,42,29,주인공,それが僕にもわからないんだよ.<6E5C>巳沢さん、何か知ってる?,"그게 저도 모르겠어요.<6E5C>미사와씨, 아는 거 있어요?","그게 저도 모르겠어요.<6E5C>미사와씨, 아는 거 있어요?"
dom2Fio_X02.mes,Script/dom2Fio_X02.mes,43,33,Shizuku,知らないけど、<이름:3131>くん……<6E5C>まさか、そのまま見てたって<6E5C>言うの?,"모르는데, <이름:3131>군……<6E5C>설마 그냥 보고만 있었다는<6E5C>거야?","모르는데, <이름:3131>군……<6E5C>설마 그냥 보고만 있었다는<6E5C>거야?"
dom2Fio_X02.mes,Script/dom2Fio_X02.mes,44,4,주인공,え……,어……,어……
dom2Fio_X02.mes,Script/dom2Fio_X02.mes,45,22,Shizuku,<이름:3131>くんがそんな人だなんて、<6E5C>思わなかった,<이름:3131>군이 그런 사람일 줄은<6E5C>몰랐어,<이름:3131>군이 그런 사람일 줄은<6E5C>몰랐어
dom2Fio_X02.mes,Script/dom2Fio_X02.mes,46,17,Shizuku,フィオは大事な友達じゃないの!?,피오는 소중한 친구 아니야!?,피오는 소중한 친구 아니야!?
dom2Fio_X02.mes,Script/dom2Fio_X02.mes,47,8,주인공,そうだけど……,그렇긴 한데…,그렇긴 한데…
dom2Fio_X02.mes,Script/dom2Fio_X02.mes,48,19,Shizuku,じゃあ、ほっとくなんて<6E5C>あんまりだよ,"그럼, 내버려두다니<6E5C>너무하잖아","그럼, 내버려두다니<6E5C>너무하잖아"
dom2Fio_X02.mes,Script/dom2Fio_X02.mes,49,11,주인공,わ、わかったよ……!,"아, 알았어……!","아, 알았어……!"
dom2Fio_X02.mes,Script/dom2Fio_X02.mes,50,4,[효과음/내레이션],ダダッ,다다닷,다다닷
dom2Fio_X02.mes,Script/dom2Fio_X02.mes,51,22,Shizuku,……私、強がりなこと<6E5C>言っちゃったかな……,"……나, 괜히 센 척<6E5C>했나……","……나, 괜히 센 척<6E5C>했나……"
dom2Fio_X02.mes,Script/dom2Fio_X02.mes,52,35,주인공,……フィオ、どうしたんだよ.<6E5C>そんなに涙を流して、<6E5C>何があったんだ?,"……피오, 왜 그래.<6E5C>이렇게 눈물까지 흘리고, <6E5C>무슨 일이야?","……피오, 왜 그래.<6E5C>이렇게 눈물까지 흘리고, <6E5C>무슨 일이야?"
dom2Fio_X02.mes,Script/dom2Fio_X02.mes,53,27,Fio,<이름:3232>さん……なんでもないです.<6E5C>平気です、大丈夫です,<이름:3232>씨……아무것도 아니에요.<6E5C>괜찮습니다,<이름:3232>씨……아무것도 아니에요.<6E5C>괜찮습니다
dom2Fio_X02.mes,Script/dom2Fio_X02.mes,54,22,주인공,平気でも大丈夫でもないだろ.<6E5C>わけを話せよ,괜찮긴 뭐가 괜찮아.<6E5C>이유를 말해봐,괜찮긴 뭐가 괜찮아.<6E5C>이유를 말해봐
dom2Fio_X02.mes,Script/dom2Fio_X02.mes,55,8,Fio,でも、でも……,그치만 그치만,그치만 그치만
dom2Fio_X02.mes,Script/dom2Fio_X02.mes,56,16,주인공,……僕には、言えないってこと?,……나한텐 말 못 해?,……나한텐 말 못 해?
dom2Fio_X02.mes,Script/dom2Fio_X02.mes,57,17,주인공,僕は、そんなにも頼りないかな……,내가 그리 미덥지 못한가……,내가 그리 미덥지 못한가……
dom2Fio_X02.mes,Script/dom2Fio_X02.mes,58,15,Fio,そんな!そんなことないです!,그런!그런 거 아니에요!,그런!그런 거 아니에요!
dom2Fio_X02.mes,Script/dom2Fio_X02.mes,59,22,주인공,でも、僕じゃ話しても<6E5C>しかたないんだろう?,"그치만, 나한테 말해봤자<6E5C>소용없잖아?","그치만, 나한테 말해봤자<6E5C>소용없잖아?"
dom2Fio_X02.mes,Script/dom2Fio_X02.mes,60,10,Fio,そんなわけじゃ……,그게 아니라……,그게 아니라……
dom2Fio_X02.mes,Script/dom2Fio_X02.mes,61,38,주인공,僕はフィオが心配なんだよ.<6E5C>力になれるならなんでもするから、<6E5C>言ってくれよ,"난 피오가 걱정돼.<6E5C>힘이 될 수 있다면 뭐든 할 테니까, <6E5C>말해줘","난 피오가 걱정돼.<6E5C>힘이 될 수 있다면 뭐든 할 테니까, <6E5C>말해줘"
dom2Fio_X02.mes,Script/dom2Fio_X02.mes,62,7,Fio,<이름:3232>さん……,<이름:3232>씨……,<이름:3232>씨……
dom2Fio_X02.mes,Script/dom2Fio_X02.mes,63,3,주인공,……,……,……
dom2Fio_X02.mes,Script/dom2Fio_X02.mes,64,5,Fio,…………,…………,…………
dom2Fio_X02.mes,Script/dom2Fio_X02.mes,65,17,Fio,……わたしの父は、人殺しですか?,……저희 아버지 살인자인가요?,……저희 아버지 살인자인가요?
dom2Fio_X02.mes,Script/dom2Fio_X02.mes,66,3,주인공,え?,네?,네?
dom2Fio_X02.mes,Script/dom2Fio_X02.mes,67,29,Fio,さっき、食堂ではじめて会う<6E5C>学生さんたちと話してたんです,아까 식당에서 처음 만난<6E5C>학생들과 얘기하고 있었어요,아까 식당에서 처음 만난<6E5C>학생들과 얘기하고 있었어요
dom2Fio_X02.mes,Script/dom2Fio_X02.mes,68,37,Fio,将来の話し合いをしてて、<6E5C>わたしが軍人の父を尊敬してる<6E5C>って言ったら……,장래 얘기를 하다가<6E5C>제가 군인인 아버지를 존경한다고<6E5C>말했더니……,장래 얘기를 하다가<6E5C>제가 군인인 아버지를 존경한다고<6E5C>말했더니……
dom2Fio_X02.mes,Script/dom2Fio_X02.mes,69,3,주인공,……,……,……
dom2Fio_X02.mes,Script/dom2Fio_X02.mes,70,33,Fio,『あなたは人殺しの家系だ.軍隊に<6E5C>入りたいなんて非情だ』って……,『살인자 집안이다.군대에<6E5C>들어가고 싶다니 비정하다』라고……,『살인자 집안이다.군대에<6E5C>들어가고 싶다니 비정하다』라고……
dom2Fio_X02.mes,Script/dom2Fio_X02.mes,71,6,주인공,……そうか,……그런가,……그런가
dom2Fio_X02.mes,Script/dom2Fio_X02.mes,72,54,Fio,わたしの父は祖国を守るために<6E5C>戦ってるのに!<485C>それはいけないことなんですか?<6E5C>非難されることなんですか!?,우리 아버지는 조국을 지키려고<6E5C>싸우고 계신 건데!<485C>그게 나쁜 일인가요?<6E5C>비난받을 일인가요!?,우리 아버지는 조국을 지키려고<6E5C>싸우고 계신 건데!<485C>그게 나쁜 일인가요?<6E5C>비난받을 일인가요!?
dom2Fio_X02.mes,Script/dom2Fio_X02.mes,73,6,주인공,フィオ……,피오……,피오……
dom2Fio_X02.mes,Script/dom2Fio_X02.mes,74,44,Fio,確かに、戦争では血が流れます.<6E5C>人が傷つきます.でも、生きてる<6E5C>人間には使命があります,확실히 전쟁에선 피가 흐르고<6E5C>사람도 다칩니다.하지만<6E5C>사명이 있는 겁니다,확실히 전쟁에선 피가 흐르고<6E5C>사람도 다칩니다.하지만<6E5C>사명이 있는 겁니다
dom2Fio_X02.mes,Script/dom2Fio_X02.mes,75,5,주인공,…………,…………,…………
dom2Fio_X02.mes,Script/dom2Fio_X02.mes,76,59,Fio,……代々受け維がれた使命を受け、<6E5C>軍隊に入ることをわたしは誇りに<6E5C>思ってました<485C>でも、あんな風に<6E5C>言われるなんて……,……대대로 이어진 사명을 받아<6E5C>군대에 들어가는 걸 저는 자랑스럽게<6E5C>여겼어요<485C>그런데<6E5C>그런 말을 하다니……,……대대로 이어진 사명을 받아<6E5C>군대에 들어가는 걸 저는 자랑스럽게<6E5C>여겼어요<485C>그런데<6E5C>그런 말을 하다니……
dom2Fio_X02.mes,Script/dom2Fio_X02.mes,77,50,주인공,……国によって、<6E5C>戦争に対する思いは違うよ<485C>日本の僕たちにとっては、<6E5C>戦争は許してはいけないものだ,……나라마다 <6E5C>전쟁을 보는 생각은 달라<485C>일본에 사는 우리에게는<6E5C>전쟁은 용납 못 할 일이야,……나라마다 <6E5C>전쟁을 보는 생각은 달라<485C>일본에 사는 우리에게는<6E5C>전쟁은 용납 못 할 일이야
dom2Fio_X02.mes,Script/dom2Fio_X02.mes,78,37,Fio,じゃあ、わたしはみんなと<6E5C>違うんですか!<6E5C>わかりあえない人間なんですか?,그럼 저는 남들과<6E5C>다른 건가요!<6E5C>서로 이해 못 할 사람인가요?,그럼 저는 남들과<6E5C>다른 건가요!<6E5C>서로 이해 못 할 사람인가요?
dom2Fio_X02.mes,Script/dom2Fio_X02.mes,79,21,주인공,そうじゃない!そうじゃないよ.<6E5C>けど……,아니야!그게 아니라고.<6E5C>하지만……,아니야!그게 아니라고.<6E5C>하지만……
dom2Fio_X02.mes,Script/dom2Fio_X02.mes,80,24,Fio,……わたし、わたしもわからなく<6E5C>なってきました,"……저도, 저도 잘 모르게<6E5C>되어버렸어요","……저도, 저도 잘 모르게<6E5C>되어버렸어요"
dom2Fio_X02.mes,Script/dom2Fio_X02.mes,81,25,Fio,わたしが今まで尊敬して、<6E5C>目指してきたものは……,제가 존경하며<6E5C>목표로 삼아온 것은……,제가 존경하며<6E5C>목표로 삼아온 것은……
dom2Fio_X02.mes,Script/dom2Fio_X02.mes,82,6,주인공,フィオ……,피오……,피오……
dom2Fio_X02.mes,Script/dom2Fio_X02.mes,83,31,주인공,(……くそ.なんて言えば、<6E5C>フィオを励ますことができるんだ),(……젠장.뭐라고 하면<6E5C>피오를 위로할 수 있는 거지),(……젠장.뭐라고 하면<6E5C>피오를 위로할 수 있는 거지)
dom2Fio_X02.mes,Script/dom2Fio_X02.mes,84,44,주인공,(戦争。軍隊なんて、言葉で解決<6E5C>できる話じゃない.答えなんて、<6E5C>誰にも出せない問題だ),"(전쟁.군대라니, 말로 해결<6E5C>될 얘기가 아니야.답은 누구도<6E5C>못 내는 문제야)","(전쟁.군대라니, 말로 해결<6E5C>될 얘기가 아니야.답은 누구도<6E5C>못 내는 문제야)"
dom2Fio_X02.mes,Script/dom2Fio_X02.mes,85,14,주인공,(でも、僕はフィオを……),(그치만 난 피오를……),(그치만 난 피오를……)
dom2Fio_X02.mes,Script/dom2Fio_X02.mes,86,6,주인공,……フィオ,……피오,……피오
dom2Fio_X02.mes,Script/dom2Fio_X02.mes,87,56,주인공,ごめん、せっかく話してくれたのに<6E5C>、僕には言葉が見つからないよ……<6E5C><485C>何を言っても、<6E5C>きれい事になりそうなんだ,"미안, 모처럼 말해줬는데<6E5C>, 나는 할 말을 못 찾겠어……<6E5C><485C>뭘 말해도, <6E5C>겉치레가 될 것 같아","미안, 모처럼 말해줬는데<6E5C>, 나는 할 말을 못 찾겠어……<6E5C><485C>뭘 말해도, <6E5C>겉치레가 될 것 같아"
dom2Fio_X02.mes,Script/dom2Fio_X02.mes,88,48,주인공,でも、フィオを励ましたい気持ちは<6E5C>誰にも負けないよ.フィオが元気に<6E5C>なるなら、僕はなんでも……,그치만 피오를 위로하고픈 마음은<6E5C>누구한테도 안 져.기운을 차린다면<6E5C>난 뭐든지……,그치만 피오를 위로하고픈 마음은<6E5C>누구한테도 안 져.기운을 차린다면<6E5C>난 뭐든지……
dom2Fio_X02.mes,Script/dom2Fio_X02.mes,89,7,Fio,<이름:3232>さん……,<이름:3232>씨……,<이름:3232>씨……
dom2Fio_X02.mes,Script/dom2Fio_X02.mes,90,7,주인공,ごめんね……,미안해……,미안해……
dom2Fio_X02.mes,Script/dom2Fio_X02.mes,91,32,Fio,……いえ、わたしこそごめんなさい<6E5C>.<이름:3232>さんにあたってしまって,"……아니에요, 저야말로 죄송해요<6E5C>.<이름:3232>씨한테 화풀이해서","……아니에요, 저야말로 죄송해요<6E5C>.<이름:3232>씨한테 화풀이해서"
dom2Fio_X02.mes,Script/dom2Fio_X02.mes,92,12,Fio,<이름:3232>さんは関係ないのに,<이름:3232>씨는 상관없는데,<이름:3232>씨는 상관없는데
dom2Fio_X02.mes,Script/dom2Fio_X02.mes,93,33,주인공,そんなことない.<6E5C>関係なくなんかないよ.<6E5C>フィオの悩みなんだもの,그런 거 아니야.<6E5C>상관없지 않아.<6E5C>피오의 고민인데,그런 거 아니야.<6E5C>상관없지 않아.<6E5C>피오의 고민인데
dom2Fio_X02.mes,Script/dom2Fio_X02.mes,94,7,Fio,<이름:3232>さん……,<이름:3232>씨……,<이름:3232>씨……
dom2Fio_X02.mes,Script/dom2Fio_X02.mes,95,11,주인공,役に立たないけど……,도움 안 됐지만……,도움 안 됐지만……
dom2Fio_X02.mes,Script/dom2Fio_X02.mes,96,11,Fio,そんなことないです!,그렇지 않아요!,그렇지 않아요!
dom2Fio_X02.mes,Script/dom2Fio_X02.mes,97,36,Fio,<이름:3232>さんに閉いてもらって、<6E5C>フィオさん落ち着きました!<6E5C>大助かりです!,<이름:3232>씨가 들어줘서<6E5C>피오 마음이 진정됐어요!<6E5C>큰 도움이 됐어요!,<이름:3232>씨가 들어줘서<6E5C>피오 마음이 진정됐어요!<6E5C>큰 도움이 됐어요!
dom2Fio_X02.mes,Script/dom2Fio_X02.mes,98,8,주인공,……本当かい?,……정말이야?,……정말이야?
dom2Fio_X02.mes,Script/dom2Fio_X02.mes,99,16,Fio,はい…….<이름:3232>さん、ありがとう,"네…….<이름:3232>씨, 고마워요","네…….<이름:3232>씨, 고마워요"
dom2Fio_X02.mes,Script/dom2Fio_X02.mes,100,25,주인공,フィオが少しでも楽になったのなら<6E5C>、僕も嬉しいよ,"피오가 조금이라도 편해졌다면<6E5C>, 나도 기뻐","피오가 조금이라도 편해졌다면<6E5C>, 나도 기뻐"
dom2Fio_X02.mes,Script/dom2Fio_X02.mes,101,13,Fio,<이름:3232>さん……優しいですぅ,<이름:3232>씨……다정하시네요오,<이름:3232>씨……다정하시네요오
dom2Fio_X02.mes,Script/dom2Fio_X02.mes,102,35,Fio,……<이름:3232>さん、今日はずっと<6E5C>そばにいてくれて<6E5C>ありがとうございました,"……<이름:3232>씨, 오늘 하루 종일<6E5C>곁에 있어 주셔서<6E5C>감사했습니다","……<이름:3232>씨, 오늘 하루 종일<6E5C>곁에 있어 주셔서<6E5C>감사했습니다"
dom2Fio_X02.mes,Script/dom2Fio_X02.mes,103,21,주인공,いや、礼を言われるような<6E5C>ことじゃないよ,"아니, 고맙다는 말 들을<6E5C>일은 아니야","아니, 고맙다는 말 들을<6E5C>일은 아니야"
dom2Fio_X02.mes,Script/dom2Fio_X02.mes,104,33,Fio,いいえ.申し訳ないです.<6E5C>わたしなんかで一日を<6E5C>使わせてしまって,아니에요.죄송해요.<6E5C>저 때문에 하루를<6E5C>써버리게 해서,아니에요.죄송해요.<6E5C>저 때문에 하루를<6E5C>써버리게 해서
dom2Fio_X02.mes,Script/dom2Fio_X02.mes,105,36,주인공,なんで?僕はフィオのそばに<6E5C>いるの、うれしいよ.<6E5C>何も損してないけど?,왜?난 피오 곁에<6E5C>있는 게 기쁜걸.<6E5C>손해 본 것도 없는데?,왜?난 피오 곁에<6E5C>있는 게 기쁜걸.<6E5C>손해 본 것도 없는데?
dom2Fio_X02.mes,Script/dom2Fio_X02.mes,106,7,Fio,<이름:3232>さん……,<이름:3232>씨……,<이름:3232>씨……
dom2Fio_X02.mes,Script/dom2Fio_X02.mes,107,32,주인공,……すぐに立ち直れる問題じゃない<6E5C>と思うけど、早く元気を出せよ,……금방 털어낼 수 있는 문제는<6E5C>아니겠지만 얼른 기운 내,……금방 털어낼 수 있는 문제는<6E5C>아니겠지만 얼른 기운 내
dom2Fio_X02.mes,Script/dom2Fio_X02.mes,108,26,주인공,フィオは笑顔で発明してるときが、<6E5C>一番輝いてるから,"피오는 웃으면서 발명할 때가, <6E5C>가장 빛나니까","피오는 웃으면서 발명할 때가, <6E5C>가장 빛나니까"
dom2Fio_X02.mes,Script/dom2Fio_X02.mes,109,12,Fio,……はい.がんばります,……네.힘낼게요,……네.힘낼게요
dom2Fio_X02.mes,Script/dom2Fio_X02.mes,110,19,Fio,じゃあ<이름:3232>さん、<6E5C>おやすみなさい……,"그럼 <이름:3232>씨, <6E5C>안녕히 주무세요…","그럼 <이름:3232>씨, <6E5C>안녕히 주무세요…"
dom2Fio_X02.mes,Script/dom2Fio_X02.mes,111,7,주인공,あ、フィオ!,"아, 피오!","아, 피오!"
dom2Fio_X02.mes,Script/dom2Fio_X02.mes,112,4,Fio,はい?,네?,네?
dom2Fio_X02.mes,Script/dom2Fio_X02.mes,113,5,주인공,その……,저기……,저기……
dom2Fio_X02.mes,Script/dom2Fio_X02.mes,114,16,[선택지],気をつけて帰れよまた明日も会おう,조심해서 가라고내일도 만나자,조심해서 가라고\내일도 만나자
dom2Fio_X02.mes,Script/dom2Fio_X02.mes,115,10,주인공,気をつけて、帰れよ,"조심해서, 가라고","조심해서, 가라고"
dom2Fio_X02.mes,Script/dom2Fio_X02.mes,116,35,Fio,……はい.今日も防犯グッズは<6E5C>たくさん装備してますから、<6E5C>大丈夫です,"……네.오늘도 방범 용품을<6E5C>잔뜩 챙겨왔으니까, <6E5C>괜찮아요","……네.오늘도 방범 용품을<6E5C>잔뜩 챙겨왔으니까, <6E5C>괜찮아요"
dom2Fio_X02.mes,Script/dom2Fio_X02.mes,117,28,주인공,そうか.それなら安心だ.<6E5C>でも、こけて壊したりするなよ,그렇구나.안심이네.<6E5C>근데 넘어져서 부수지는 마,그렇구나.안심이네.<6E5C>근데 넘어져서 부수지는 마
dom2Fio_X02.mes,Script/dom2Fio_X02.mes,118,21,Fio,そんなドジじゃないですよ!<6E5C>失礼ですね!,그렇게 덜렁대지 않아요!<6E5C>실례네요!,그렇게 덜렁대지 않아요!<6E5C>실례네요!
dom2Fio_X02.mes,Script/dom2Fio_X02.mes,119,14,주인공,ハハ、その元気なら大丈夫だ,"하하, 기세면 괜찮겠네","하하, 기세면 괜찮겠네"
dom2Fio_X02.mes,Script/dom2Fio_X02.mes,120,15,Fio,……ありがとうです、<이름:3232>さん,"……고마워요, <이름:3232>씨","……고마워요, <이름:3232>씨"
dom2Fio_X02.mes,Script/dom2Fio_X02.mes,121,15,주인공,また、明日も会おうな、フィオ,"그럼 내일도 만나자, 피오","그럼 내일도 만나자, 피오"
dom2Fio_X02.mes,Script/dom2Fio_X02.mes,122,7,Fio,<이름:3232>さん……,<이름:3232>씨……,<이름:3232>씨……
dom2Fio_X02.mes,Script/dom2Fio_X02.mes,123,24,주인공,明日、またフィオが大学に行くなら<6E5C>、僕も行くよ,"내일도 피오가 대학에 간다면<6E5C>, 나도 갈게","내일도 피오가 대학에 간다면<6E5C>, 나도 갈게"
dom2Fio_X02.mes,Script/dom2Fio_X02.mes,124,21,주인공,またフィオの顔が見たいんだ.<6E5C>いいだろ?,또 얼굴 보고 싶거든.<6E5C>괜찮지?,또 얼굴 보고 싶거든.<6E5C>괜찮지?
dom2Fio_X02.mes,Script/dom2Fio_X02.mes,125,13,Fio,そんな、イヤだなんて……,"그런, 싫다니……","그런, 싫다니……"
dom2Fio_X02.mes,Script/dom2Fio_X02.mes,126,29,주인공,そばにいても、フィオを楽しませる<6E5C>ことはできないけど……,"곁에 있어도, 피오를 즐겁게<6E5C>해줄 수는 없겠지만……","곁에 있어도, 피오를 즐겁게<6E5C>해줄 수는 없겠지만……"
dom2Fio_X02.mes,Script/dom2Fio_X02.mes,127,29,Fio,楽しいです!<6E5C>わたしも<이름:3232>さんといるの、<6E5C>楽しいですよ!,"즐거워요!<6E5C>저도 <이름:3232>씨랑 있는 거, <6E5C>즐거운걸요!","즐거워요!<6E5C>저도 <이름:3232>씨랑 있는 거, <6E5C>즐거운걸요!"
dom2Fio_X02.mes,Script/dom2Fio_X02.mes,128,4,주인공,本当?,정말?,정말?
dom2Fio_X02.mes,Script/dom2Fio_X02.mes,129,29,Fio,今日だって、<이름:3232>さんがそばに<6E5C>いてくれたから、わたし……,"오늘도, <이름:3232>씨가 곁에<6E5C>있어 줘서, 저……","오늘도, <이름:3232>씨가 곁에<6E5C>있어 줘서, 저……"
dom2Fio_X02.mes,Script/dom2Fio_X02.mes,130,6,주인공,フィオ……,피오……,피오……
dom2Fio_X02.mes,Script/dom2Fio_X02.mes,131,24,Fio,……あ、あ、あの!<6E5C>もう遅いですし、帰ります!,"……저, 저기요!<6E5C>이미 늦었으니 갈게요!","……저, 저기요!<6E5C>이미 늦었으니 갈게요!"
dom2Fio_X02.mes,Script/dom2Fio_X02.mes,132,13,Fio,また明日です!それでは!,내일 봬요!그럼 이만!,내일 봬요!그럼 이만!
dom2Fio_X02.mes,Script/dom2Fio_X02.mes,133,4,[효과음/내레이션],ダダッ,다다닷,다다닷
dom2Fio_X02.mes,Script/dom2Fio_X02.mes,134,7,주인공,あ、フィオ!,"아, 피오!","아, 피오!"
dom2Fio_X02.mes,Script/dom2Fio_X02.mes,135,15,주인공,……ったく、そそっかしいやつ,"……참 나, 덤벙대는 녀석","……참 나, 덤벙대는 녀석"
dom2Fio_X03.mes,Script/dom2Fio_X03.mes,0,7,[효과음/내레이션],ピピピピ……,삐삐삐삐……,삐삐삐삐……
dom2Fio_X03.mes,Script/dom2Fio_X03.mes,1,4,[효과음/내레이션],カチッ,딸깍,딸깍
dom2Fio_X03.mes,Script/dom2Fio_X03.mes,2,10,주인공,う~ん、さてと……,"음~, 그럼……","음~, 그럼……"
dom2Fio_X03.mes,Script/dom2Fio_X03.mes,3,36,Hotaru,あれ?お兄ちゃんがこんな時間に<6E5C>目覚ましで起きるなんて、<6E5C>めずらしいね,"어라? 오빠가 이 시간에<6E5C>알람으로 일어나다니,<6E5C>별일이네","어라? 오빠가 이 시간에<6E5C>알람으로 일어나다니,<6E5C>별일이네"
dom2Fio_X03.mes,Script/dom2Fio_X03.mes,4,7,Hotaru,何かあるの?,무슨 일이야,무슨 일이야
dom2Fio_X03.mes,Script/dom2Fio_X03.mes,5,9,주인공,おはよう、ほたる,안녕 호타루,안녕 호타루
dom2Fio_X03.mes,Script/dom2Fio_X03.mes,6,31,주인공,何言ってんだ.僕はいつも規則<6E5C>正しい生活を送っているだろう?,무슨 소리야. 난 항상 규칙적인<6E5C>생활을 하고 있잖아?,무슨 소리야. 난 항상 규칙적인<6E5C>생활을 하고 있잖아?
dom2Fio_X03.mes,Script/dom2Fio_X03.mes,7,4,Hotaru,ふーん,흐음,흐음
dom2Fio_X03.mes,Script/dom2Fio_X03.mes,8,10,Hotaru,で、どこに行くの?,"근데, 어디 가?","근데, 어디 가?"
dom2Fio_X03.mes,Script/dom2Fio_X03.mes,9,25,주인공,どこって、大学だよ.<6E5C>僕は真面目な大学生だからね,"어디긴, 대학이지.<6E5C>난 성실한 대학생이니까","어디긴, 대학이지.<6E5C>난 성실한 대학생이니까"
dom2Fio_X03.mes,Script/dom2Fio_X03.mes,10,16,Hotaru,どうせ女の子に会うんでしょう!,어차피 여자애 만나러 가지!,어차피 여자애 만나러 가지!
dom2Fio_X03.mes,Script/dom2Fio_X03.mes,11,37,Hotaru,どうぞ行ってらっしゃい!<6E5C>お兄ちゃんの分のごはんなんて、<6E5C>ないんだから!,"잘 다녀오세요!<6E5C>오빠 밥 같은 건,<6E5C>없을 줄 알아!","잘 다녀오세요!<6E5C>오빠 밥 같은 건,<6E5C>없을 줄 알아!"
dom2Fio_X03.mes,Script/dom2Fio_X03.mes,12,5,UNKNOWN_3e,キュゥ!,큐우!,큐우!
dom2Fio_X03.mes,Script/dom2Fio_X03.mes,13,5,[효과음/내레이션],バタンッ,쾅!,쾅!
dom2Fio_X03.mes,Script/dom2Fio_X03.mes,14,32,주인공,……えぇ?<6E5C>いつからあんなに怒りっぽく<6E5C>なったんだろう、あいつ,……어? 저 녀석<6E5C>언제부터 저렇게 화를 잘 내게<6E5C>됐지,……어? 저 녀석<6E5C>언제부터 저렇게 화를 잘 내게<6E5C>됐지
dom2Fio_X03.mes,Script/dom2Fio_X03.mes,15,36,주인공,(……フィオ、もう来てるかな.<6E5C>少しは元気になってたら<6E5C>いいけど……),"(……피오, 벌써 와있으려나.<6E5C>조금 기운 차렸으면<6E5C>좋겠는데……)","(……피오, 벌써 와있으려나.<6E5C>조금 기운 차렸으면<6E5C>좋겠는데……)"
dom2Fio_X03.mes,Script/dom2Fio_X03.mes,16,16,UNKNOWN_1e,きゃぁぁ~、どいてくださ~い!,"꺄아아~, 비켜주세요~!","꺄아아~, 비켜주세요~!"
dom2Fio_X03.mes,Script/dom2Fio_X03.mes,17,4,주인공,え……,어……,어……
dom2Fio_X03.mes,Script/dom2Fio_X03.mes,18,6,[효과음/내레이션],ドカーン!,콰콰쾅!,콰콰쾅!
dom2Fio_X03.mes,Script/dom2Fio_X03.mes,19,6,주인공,わぁぁっ!,으아악!,으아악!
dom2Fio_X03.mes,Script/dom2Fio_X03.mes,20,18,Fio,わぁ!<6E5C><이름:3232>さん、大丈夫ですか!?,"와! <6E5C><이름:3232>씨, 괜찮으세요!?","와! <6E5C><이름:3232>씨, 괜찮으세요!?"
dom2Fio_X03.mes,Script/dom2Fio_X03.mes,21,20,주인공,フィオ……このマシーンは<6E5C>いったい……,피오…… 이 기계는<6E5C>대체……,피오…… 이 기계는<6E5C>대체……
dom2Fio_X03.mes,Script/dom2Fio_X03.mes,22,31,Fio,はわわ.秋の学園祭で行われる、<6E5C>ロボット展覧会の試作品です!,"하와와. 가을 학교 축제용,<6E5C>로봇 전시회 시제품이에요!","하와와. 가을 학교 축제용,<6E5C>로봇 전시회 시제품이에요!"
dom2Fio_X03.mes,Script/dom2Fio_X03.mes,23,30,Fio,スピーディさがウリなんですが……<6E5C>ちょっと危険みたいですね,빠른 속도가 장점인데……<6E5C>좀 위험한가 봐요,빠른 속도가 장점인데……<6E5C>좀 위험한가 봐요
dom2Fio_X03.mes,Script/dom2Fio_X03.mes,24,22,주인공,……カイロプラクティックは<6E5C>どうしたんだよ,……카이로프랙틱은<6E5C>어떻게 된 거야,……카이로프랙틱은<6E5C>어떻게 된 거야
dom2Fio_X03.mes,Script/dom2Fio_X03.mes,25,15,주인공,でも元気になってなにより……寺,그래도 기운 차려 다행이…,그래도 기운 차려 다행이…
dom2Fio_X03.mes,Script/dom2Fio_X03.mes,26,4,주인공,ガクッ,털썩,털썩
dom2Fio_X03.mes,Script/dom2Fio_X03.mes,27,18,Fio,はわわわわ!<6E5C><이름:3232>さーーーんっっ!,하와와와!<6E5C><이름:3232>씨이이이잇!!,하와와와!<6E5C><이름:3232>씨이이이잇!!
dom2Fio_X03.mes,Script/dom2Fio_X03.mes,28,10,주인공,(う、う~ん……),"(으, 으음……)","(으, 으음……)"
dom2Fio_X03.mes,Script/dom2Fio_X03.mes,29,5,주인공,(ハッ),(헉),(헉)
dom2Fio_X03.mes,Script/dom2Fio_X03.mes,30,18,Fio,あ!気づかれましたか、<6E5C><이름:3232>さん!,"아! 정신 드셨어요,<6E5C><이름:3232>씨!","아! 정신 드셨어요,<6E5C><이름:3232>씨!"
dom2Fio_X03.mes,Script/dom2Fio_X03.mes,31,27,주인공,フィオ?……わぁっ、<6E5C>僕ったらなんでこんなことに……,"피오?……으앗,<6E5C>내가 왜 이러고 있는 거지……","피오?……으앗,<6E5C>내가 왜 이러고 있는 거지……"
dom2Fio_X03.mes,Script/dom2Fio_X03.mes,32,23,Fio,動かないでください!<6E5C>気絶されてたんですから,움직이지 마세요!<6E5C>기절하셨었으니까요,움직이지 마세요!<6E5C>기절하셨었으니까요
dom2Fio_X03.mes,Script/dom2Fio_X03.mes,33,13,주인공,で、でも、こんな状況……,그 그래도 이런 상황은,그 그래도 이런 상황은
dom2Fio_X03.mes,Script/dom2Fio_X03.mes,34,12,주인공,いいの?膝枕なんて……,괜찮아 무릎베개라니…,괜찮아 무릎베개라니…
dom2Fio_X03.mes,Script/dom2Fio_X03.mes,35,15,Fio,これくらい、お安いご用です!,이쯤이야 식은 죽 먹기죠!,이쯤이야 식은 죽 먹기죠!
dom2Fio_X03.mes,Script/dom2Fio_X03.mes,36,27,Fio,わたしの機械のせいで、<6E5C>気絶させてしまったのですから,"제 기계 때문에,<6E5C>기절하게 만들었으니까요","제 기계 때문에,<6E5C>기절하게 만들었으니까요"
dom2Fio_X03.mes,Script/dom2Fio_X03.mes,37,13,주인공,じゃ、お言葉に甘えて……,"그럼, 염치없지만……","그럼, 염치없지만……"
dom2Fio_X03.mes,Script/dom2Fio_X03.mes,38,40,주인공,……でも、元気になったみたいで<6E5C>よかったよ.昨日は、あれだけ<6E5C>落ち込んでたから,"……그래도, 기운 차려 다행<6E5C>이야. 어제는 그렇게나<6E5C>풀 죽어 있었으니까","……그래도, 기운 차려 다행<6E5C>이야. 어제는 그렇게나<6E5C>풀 죽어 있었으니까"
dom2Fio_X03.mes,Script/dom2Fio_X03.mes,39,14,Fio,はい!もう吹っ切れました!,네! 훌훌 털어냈어요!,네! 훌훌 털어냈어요!
dom2Fio_X03.mes,Script/dom2Fio_X03.mes,40,25,Fio,くよくよ悩んでいるのは、<6E5C>性分ではないですから!,"끙끙 앓는 건,<6E5C>제 성격이 아니니까요!","끙끙 앓는 건,<6E5C>제 성격이 아니니까요!"
dom2Fio_X03.mes,Script/dom2Fio_X03.mes,41,13,주인공,そうだね、そのとおりだよ,"그렇지, 맞는 말이야","그렇지, 맞는 말이야"
dom2Fio_X03.mes,Script/dom2Fio_X03.mes,42,27,Fio,……みなさんの言うとおり、<6E5C>戦争はないほうがいいです,"……다들 말씀하신 대로,<6E5C>전쟁은 없는 게 좋아요","……다들 말씀하신 대로,<6E5C>전쟁은 없는 게 좋아요"
dom2Fio_X03.mes,Script/dom2Fio_X03.mes,43,52,Fio,でも、そう願っても戦争は<6E5C>なくなりません<485C>なら、国や家族を守るために<6E5C>戦うのは、やはり使命だと思います,"그렇게 바라도 전쟁은<6E5C>없어지지 않아요<485C>그럼, 나라와 가족을 지키려<6E5C>싸우는 건 사명이겠죠","그렇게 바라도 전쟁은<6E5C>없어지지 않아요<485C>그럼, 나라와 가족을 지키려<6E5C>싸우는 건 사명이겠죠"
dom2Fio_X03.mes,Script/dom2Fio_X03.mes,44,41,Fio,軍人の父を尊敬する気持ちは<6E5C>変わりません.それに、<6E5C>軍隊に入るわたしの将来も……,군인인 아버지를 존경하는<6E5C>맘은 변함없어요. 게다가<6E5C>군대 갈 제 미래도……,군인인 아버지를 존경하는<6E5C>맘은 변함없어요. 게다가<6E5C>군대 갈 제 미래도……
dom2Fio_X03.mes,Script/dom2Fio_X03.mes,45,6,주인공,……そうか,…그렇구나,…그렇구나
dom2Fio_X03.mes,Script/dom2Fio_X03.mes,46,30,주인공,そうだな.フィオは誇りと勇気を<6E5C>持ってその将来を選んだんだ,그렇지. 피오는 긍지와 용기로<6E5C>그 미래를 선택한 거야,그렇지. 피오는 긍지와 용기로<6E5C>그 미래를 선택한 거야
dom2Fio_X03.mes,Script/dom2Fio_X03.mes,47,19,주인공,信念を捻じ曲げる必要はないと<6E5C>思うよ,신념을 굽힐 필요는 없다고<6E5C>생각해,신념을 굽힐 필요는 없다고<6E5C>생각해
dom2Fio_X03.mes,Script/dom2Fio_X03.mes,48,20,Fio,はい!<6E5C>だから、朝から新兵器作りです!,네!<6E5C>아침부터 신무기 만들어요!,네!<6E5C>아침부터 신무기 만들어요!
dom2Fio_X03.mes,Script/dom2Fio_X03.mes,49,17,주인공,し、新兵器に僕はやられたのか……,"시, 신무기한테 당한 거야……","시, 신무기한테 당한 거야……"
dom2Fio_X03.mes,Script/dom2Fio_X03.mes,50,25,Fio,そのっ、けして<이름:3232>さんを<6E5C>傷つけるつもりじゃ……,"그, 절대 <이름:3232>씨를<6E5C>다치게 할 생각은……","그, 절대 <이름:3232>씨를<6E5C>다치게 할 생각은……"
dom2Fio_X03.mes,Script/dom2Fio_X03.mes,51,39,주인공,わかってるよ.<6E5C>フィオの発明が混乱を巻き起こす<6E5C>のは、いつものことじゃないか,"알고 있어.<6E5C>피오의 발명품이 소동을 일으키는<6E5C>건, 늘 있는 일이잖아","알고 있어.<6E5C>피오의 발명품이 소동을 일으키는<6E5C>건, 늘 있는 일이잖아"
dom2Fio_X03.mes,Script/dom2Fio_X03.mes,52,6,Fio,<이름:3232>さん!,<이름:3232>씨!,<이름:3232>씨!
dom2Fio_X03.mes,Script/dom2Fio_X03.mes,53,8,주인공,ハハ、怒るなよ,하하 화내지마,하하 화내지마
dom2Fio_X03.mes,Script/dom2Fio_X03.mes,54,22,주인공,立ち直りの早さも、<6E5C>フィオのいいところだな,"회복이 빠른 것도,<6E5C>피오의 장점이지","회복이 빠른 것도,<6E5C>피오의 장점이지"
dom2Fio_X03.mes,Script/dom2Fio_X03.mes,55,33,Fio,……わたしがこんなにすぐ立ち直れ<6E5C>たのは、<이름:3232>さんのおかげですよ,"……제가 이렇게 금방 회복한 건,<6E5C><이름:3232>씨 덕분이에요","……제가 이렇게 금방 회복한 건,<6E5C><이름:3232>씨 덕분이에요"
dom2Fio_X03.mes,Script/dom2Fio_X03.mes,56,3,주인공,僕?,내가,내가
dom2Fio_X03.mes,Script/dom2Fio_X03.mes,57,30,Fio,<이름:3232>さんが話を閉いてくれた<6E5C>から……だから立ち直れたんです,<이름:3232>씨가 들어주셔서<6E5C>……그래서 회복할 수 있었던거예요,<이름:3232>씨가 들어주셔서<6E5C>……그래서 회복할 수 있었던거예요
dom2Fio_X03.mes,Script/dom2Fio_X03.mes,58,11,Fio,ありがとうございます,감사합니다,감사합니다
dom2Fio_X03.mes,Script/dom2Fio_X03.mes,59,25,주인공,……僕にできたのは、<6E5C>話を閉くことだけだから……,"……내가 한 건,<6E5C>이야기 들어준 것뿐이니까","……내가 한 건,<6E5C>이야기 들어준 것뿐이니까"
dom2Fio_X03.mes,Script/dom2Fio_X03.mes,60,25,Fio,それがうれしかったんです.<6E5C><이름:3232>さんのおかげです,그게 기뻤던 거예요.<6E5C><이름:3232>씨 덕분이에요,그게 기뻤던 거예요.<6E5C><이름:3232>씨 덕분이에요
dom2Fio_X03.mes,Script/dom2Fio_X03.mes,61,6,주인공,そうか……,그렇구나…,그렇구나…
dom2Fio_X03.mes,Script/dom2Fio_X03.mes,62,22,[선택지],これからも僕でいいならフィオが素直だからだよ,앞으로도 나라도 괜찮다면피오가 솔직해서야,앞으로도 나라도 괜찮다면\피오가 솔직해서야
dom2Fio_X03.mes,Script/dom2Fio_X03.mes,63,24,주인공,これからも、僕でいいなら<6E5C>いくらでも話を閉くよ,앞으로도 나라면<6E5C>얼마든 얘기 들어줄게,앞으로도 나라면<6E5C>얼마든 얘기 들어줄게
dom2Fio_X03.mes,Script/dom2Fio_X03.mes,64,7,Fio,<이름:3232>さん……,<이름:3232>씨……,<이름:3232>씨……
dom2Fio_X03.mes,Script/dom2Fio_X03.mes,65,36,주인공,それって、僕だったから特別に<6E5C>立ち直れたって受け取って<6E5C>いいんだろう?,그건 나였기에 특별히<6E5C>회복할 수 있었다고 받아들여도<6E5C>되는 거지?,그건 나였기에 특별히<6E5C>회복할 수 있었다고 받아들여도<6E5C>되는 거지?
dom2Fio_X03.mes,Script/dom2Fio_X03.mes,66,10,Fio,は、は、はいぃ……,"네, 네, 네에…","네, 네, 네에…"
dom2Fio_X03.mes,Script/dom2Fio_X03.mes,67,6,주인공,フィオ……,피오……,피오……
dom2Fio_X03.mes,Script/dom2Fio_X03.mes,68,7,Fio,<이름:3232>さん……,<이름:3232>씨……,<이름:3232>씨……
dom2Fio_X03.mes,Script/dom2Fio_X03.mes,69,29,주인공,……でも、膝枕をされてると、<6E5C>フィオの顔がよく見えないな,"근데, 무릎베개 받고 있으니<6E5C>피오 얼굴이 안 보이네","근데, 무릎베개 받고 있으니<6E5C>피오 얼굴이 안 보이네"
dom2Fio_X03.mes,Script/dom2Fio_X03.mes,70,12,주인공,大きな胸しか見えないよ,큰 가슴만 보이는걸,큰 가슴만 보이는걸
dom2Fio_X03.mes,Script/dom2Fio_X03.mes,71,18,Fio,ななななな……<6E5C><이름:3232>さーーーん!?,무무무무……<6E5C><이름:3232>씨이이잇!?,무무무무……<6E5C><이름:3232>씨이이잇!?
dom2Fio_X03.mes,Script/dom2Fio_X03.mes,72,6,[효과음/내레이션],バシーン!,찰싹!,찰싹!
dom2Fio_X03.mes,Script/dom2Fio_X03.mes,73,12,주인공,こ、今度は張り手で……寺,이번엔 손바닥으로……,이번엔 손바닥으로……
dom2Fio_X03.mes,Script/dom2Fio_X03.mes,74,4,주인공,ガクッ,털썩,털썩
dom2Fio_X03.mes,Script/dom2Fio_X03.mes,75,26,주인공,フィオが素直だからだよ.<6E5C>僕のおかげなんかじゃない,피오가 솔직해서야.<6E5C>내 덕분 같은 게 아니야,피오가 솔직해서야.<6E5C>내 덕분 같은 게 아니야
dom2Fio_X03.mes,Script/dom2Fio_X03.mes,76,23,Fio,そんなことないです.<6E5C><이름:3232>さんのおかげですぅ,그렇지 않아요.<6E5C><이름:3232>씨 덕분이에요오,그렇지 않아요.<6E5C><이름:3232>씨 덕분이에요오
dom2Fio_X03.mes,Script/dom2Fio_X03.mes,77,9,주인공,ありがとうフィオ,"고마워, 피오","고마워, 피오"
dom2Fio_X03.mes,Script/dom2Fio_X03.mes,78,40,주인공,でも、フィオならどんなときでも<6E5C>すぐ立ち直れるよ.<6E5C>芯のある、強い女の子だから,"피오라면 어떤 때라도<6E5C>금방 회복할 거야.<6E5C>심지가 굳은, 강한 애니까","피오라면 어떤 때라도<6E5C>금방 회복할 거야.<6E5C>심지가 굳은, 강한 애니까"
dom2Fio_X03.mes,Script/dom2Fio_X03.mes,79,23,Fio,そんな、強くなんてないですよ、<6E5C><이름:3232>さん……,"그런, 강하지 않아요,<6E5C><이름:3232>씨……","그런, 강하지 않아요,<6E5C><이름:3232>씨……"
dom2Fio_X03.mes,Script/dom2Fio_X03.mes,80,23,주인공,……ふぅ.すっかり休ませて<6E5C>もらっちゃったな,……휴. 실컷 쉬게<6E5C>해줘버렸네,……휴. 실컷 쉬게<6E5C>해줘버렸네
dom2Fio_X03.mes,Script/dom2Fio_X03.mes,81,14,주인공,邪魔したんじゃないかな、僕,"방해한 거 아닐까, 나","방해한 거 아닐까, 나"
dom2Fio_X03.mes,Script/dom2Fio_X03.mes,82,23,Fio,そんなことないです!<6E5C>ぜんぜん大助かりです!,그렇지 않아요!<6E5C>완전 큰 도움이 됐어요!,그렇지 않아요!<6E5C>완전 큰 도움이 됐어요!
dom2Fio_X03.mes,Script/dom2Fio_X03.mes,83,20,주인공,何が大助かりなのか<6E5C>わからないけど……,뭐가 도움이 됐는지<6E5C>모르겠지만……,뭐가 도움이 됐는지<6E5C>모르겠지만……
dom2Fio_X03.mes,Script/dom2Fio_X03.mes,84,22,주인공,でも、工作してたんだろう?<6E5C>僕、もう帰るよ,"그래도 제작 중이었지?<6E5C>나, 이만 갈게","그래도 제작 중이었지?<6E5C>나, 이만 갈게"
dom2Fio_X03.mes,Script/dom2Fio_X03.mes,85,8,Fio,そうですか……,그러세요……,그러세요……
dom2Fio_X03.mes,Script/dom2Fio_X03.mes,86,12,Fio,では、お見送りします!,"그럼, 배웅할게요!","그럼, 배웅할게요!"
dom2Fio_X03.mes,Script/dom2Fio_X03.mes,87,6,주인공,ありがとう,고마워,고마워
dom2Fio_X03.mes,Script/dom2Fio_X03.mes,88,5,Fio,はわわ!,하와와!,하와와!
dom2Fio_X03.mes,Script/dom2Fio_X03.mes,89,7,[효과음/내레이션],ずってーん!,꽈당!,꽈당!
dom2Fio_X03.mes,Script/dom2Fio_X03.mes,90,17,주인공,……こけるのがうまいな、フィオは,"……잘도 넘어지네, 피오는","……잘도 넘어지네, 피오는"
dom2Fio_X03.mes,Script/dom2Fio_X03.mes,91,14,Fio,はうう、メガネ、メガネ……,"으윽, 안경, 안경……","으윽, 안경, 안경……"
dom2Fio_X03.mes,Script/dom2Fio_X03.mes,92,5,주인공,はいはい,자자,자자
dom2Fio_X03.mes,Script/dom2Fio_X03.mes,93,15,Fio,うう……ありがとうございます,으으…… 감사합니다,으으…… 감사합니다
dom2Fio_X03.mes,Script/dom2Fio_X03.mes,94,19,주인공,しかしよく壊れないな、<6E5C>このメガネは,"근데 잘 안 깨지네,<6E5C>이 안경은","근데 잘 안 깨지네,<6E5C>이 안경은"
dom2Fio_X03.mes,Script/dom2Fio_X03.mes,95,10,Fio,それは大丈夫です!,그건 괜찮아요!,그건 괜찮아요!
dom2Fio_X03.mes,Script/dom2Fio_X03.mes,96,29,Fio,フィオさんのメガネは、<6E5C>超強化アクリルでできてますから!,"피오 씨 안경은,<6E5C>초강화 아크릴로 만들어졌으니까요!","피오 씨 안경은,<6E5C>초강화 아크릴로 만들어졌으니까요!"
dom2Fio_X03.mes,Script/dom2Fio_X03.mes,97,24,주인공,それ、見えるのか?<6E5C>凶器みたいなメガネだね……,"그거, 보이는 거야?<6E5C>흉기 같은 안경이네…","그거, 보이는 거야?<6E5C>흉기 같은 안경이네…"
dom2Fio_X03.mes,Script/dom2Fio_X03.mes,98,10,주인공,じゃあ、僕は帰るよ,"그럼, 난 갈게","그럼, 난 갈게"
dom2Fio_X03.mes,Script/dom2Fio_X03.mes,99,9,Fio,あ、あ、あの……,"저, 저기…","저, 저기…"
dom2Fio_X03.mes,Script/dom2Fio_X03.mes,100,3,주인공,ん?,응?,응?
dom2Fio_X03.mes,Script/dom2Fio_X03.mes,101,17,[선택지],一緒に帰りたいの?まだ話があるの?,같이 갈래?아직 할 얘기 있어?,같이 갈래?\아직 할 얘기 있어?
dom2Fio_X03.mes,Script/dom2Fio_X03.mes,102,12,주인공,……一緒に帰りたいの?,……같이 가고 싶어?,……같이 가고 싶어?
dom2Fio_X03.mes,Script/dom2Fio_X03.mes,103,12,Fio,え、あ、あの……はい!,"어, 저기…… 네!","어, 저기…… 네!"
dom2Fio_X03.mes,Script/dom2Fio_X03.mes,104,19,주인공,……わかった.<6E5C>じゃあ、一緒に帰ろう,"……알았어.<6E5C>그럼, 같이 가자","……알았어.<6E5C>그럼, 같이 가자"
dom2Fio_X03.mes,Script/dom2Fio_X03.mes,105,24,주인공,おなかもすいたし、<6E5C>どこかでごはんも食べようよ,"배도 고프고,<6E5C>어디서 밥도 먹자","배도 고프고,<6E5C>어디서 밥도 먹자"
dom2Fio_X03.mes,Script/dom2Fio_X03.mes,106,11,Fio,はわわわ!あの、あの,하와와와! 저기저기,하와와와! 저기저기
dom2Fio_X03.mes,Script/dom2Fio_X03.mes,107,7,[효과음/내레이션],ずってーん!,꽈당!,꽈당!
dom2Fio_X03.mes,Script/dom2Fio_X03.mes,108,10,주인공,……何やってんだよ,……뭐 하는 거야,……뭐 하는 거야
dom2Fio_X03.mes,Script/dom2Fio_X03.mes,109,19,Fio,はうう…….平気です、大丈夫です<6E5C>!,"으윽…… 괜찮아요, 멀쩡해요<6E5C>!","으윽…… 괜찮아요, 멀쩡해요<6E5C>!"
dom2Fio_X03.mes,Script/dom2Fio_X03.mes,110,12,주인공,まだ、何か話があるの?,아직 할 얘기 있어?,아직 할 얘기 있어?
dom2Fio_X03.mes,Script/dom2Fio_X03.mes,111,19,Fio,あの、その、話っていうか……<6E5C>ううっ,"저기, 그, 얘기라고 할까…<6E5C>으윽","저기, 그, 얘기라고 할까…<6E5C>으윽"
dom2Fio_X03.mes,Script/dom2Fio_X03.mes,112,11,주인공,何か言いにくいこと?,말하기 힘든 거야?,말하기 힘든 거야?
dom2Fio_X03.mes,Script/dom2Fio_X03.mes,113,8,Fio,いえ、あの……,"아뇨, 저기…","아뇨, 저기…"
dom2Fio_X03.mes,Script/dom2Fio_X03.mes,114,16,Fio,い、一緒に帰ってもいいですか?,"가, 같이 가도 될까요?","가, 같이 가도 될까요?"
dom2Fio_X03.mes,Script/dom2Fio_X03.mes,115,3,주인공,え?,어?,어?
dom2Fio_X03.mes,Script/dom2Fio_X03.mes,116,14,Fio,その、ご迷惑でなければ……,"그, 폐가 안 된다면……","그, 폐가 안 된다면……"
dom2Fio_X03.mes,Script/dom2Fio_X03.mes,117,12,주인공,そんなの迷惑じゃないよ,그런 건 폐 아니야,그런 건 폐 아니야
dom2Fio_X03.mes,Script/dom2Fio_X03.mes,118,14,주인공,じゃ、さっさと一緒に帰ろう,"그럼, 얼른 같이 가자","그럼, 얼른 같이 가자"
dom2Fio_X03.mes,Script/dom2Fio_X03.mes,119,13,Fio,ありがとうございますぅ!,감사합니다아!,감사합니다아!
dom2Fio_X03.mes,Script/dom2Fio_X03.mes,120,26,주인공,……こんなトコに寄り道して、<6E5C>どうしたんだ?フィオ,"……이런 곳에 들르다니,<6E5C>무슨 일이야? 피오","……이런 곳에 들르다니,<6E5C>무슨 일이야? 피오"
dom2Fio_X03.mes,Script/dom2Fio_X03.mes,121,15,Fio,すいません、わがままを言って,"죄송해요, 제멋대로 말해서","죄송해요, 제멋대로 말해서"
dom2Fio_X03.mes,Script/dom2Fio_X03.mes,122,23,Fio,夏祭り以来来れなかったので、<6E5C>どうしても……,"여름 축제 이후로 못 왔어서,<6E5C>아무래도…","여름 축제 이후로 못 왔어서,<6E5C>아무래도…"
dom2Fio_X03.mes,Script/dom2Fio_X03.mes,123,25,주인공,そうか.夏祭りは……いろんな<6E5C>意味で大変だったな,그렇구나 여름 축제는… 여러<6E5C>의미로 힘들었지,그렇구나 여름 축제는… 여러<6E5C>의미로 힘들었지
dom2Fio_X03.mes,Script/dom2Fio_X03.mes,124,27,Fio,ちづる先輩には、とても迷惑を<6E5C>かけてしまいました……,"치즈루 선배님께, 정말 폐를<6E5C>끼치고 말았어요……","치즈루 선배님께, 정말 폐를<6E5C>끼치고 말았어요……"
dom2Fio_X03.mes,Script/dom2Fio_X03.mes,125,37,주인공,いやいや、まぁ気にするなよ.<6E5C>フィオの意欲をとても<6E5C>感じる出し物だったよ,"아냐 아냐, 신경 쓰지마<6E5C>피오의 의욕이 정말<6E5C>느껴지는 출품작이었어","아냐 아냐, 신경 쓰지마<6E5C>피오의 의욕이 정말<6E5C>느껴지는 출품작이었어"
dom2Fio_X03.mes,Script/dom2Fio_X03.mes,126,12,Fio,ありがとうございます!,감사합니다!,감사합니다!
dom2Fio_X03.mes,Script/dom2Fio_X03.mes,127,35,주인공,あの意欲ならきっと、<6E5C>軍隊に入っても活躍するよ.<6E5C>……こけなければね,"그 의욕이면 분명,<6E5C>군대서도 활약할 거야.<6E5C>…넘어지지만 않으면","그 의욕이면 분명,<6E5C>군대서도 활약할 거야.<6E5C>…넘어지지만 않으면"
dom2Fio_X03.mes,Script/dom2Fio_X03.mes,128,5,Fio,……ふふ,……후후,……후후
dom2Fio_X03.mes,Script/dom2Fio_X03.mes,129,25,Fio,わたし、本当の夢はね、<6E5C>スポーツドクターなんです,"저, 진짜 꿈은요,<6E5C>스포츠 닥터예요","저, 진짜 꿈은요,<6E5C>스포츠 닥터예요"
dom2Fio_X03.mes,Script/dom2Fio_X03.mes,130,5,주인공,えっ!?,엣!?,엣!?
dom2Fio_X03.mes,Script/dom2Fio_X03.mes,131,41,Fio,もちろん、代々受け維がれた軍人の<6E5C>命に従うのは本望です.<6E5C>それは、まっとうします,"물론, 대대로 이어진 군인의<6E5C>명을 따르는 게 바람이에요.<6E5C>그건 완수해요","물론, 대대로 이어진 군인의<6E5C>명을 따르는 게 바람이에요.<6E5C>그건 완수해요"
dom2Fio_X03.mes,Script/dom2Fio_X03.mes,132,38,Fio,でも、わたしはこの通りの性格です<6E5C>し……必ずしも戦力にはならない<6E5C>でしょう,"근데, 전 이런 성격이니<6E5C>까…… 꼭 전력이 되지는 않을<6E5C>거예요","근데, 전 이런 성격이니<6E5C>까…… 꼭 전력이 되지는 않을<6E5C>거예요"
dom2Fio_X03.mes,Script/dom2Fio_X03.mes,133,23,Fio,ですから、いくつかの前線を戦い<6E5C>終えたら……,"그래서, 몇 번 전선에서 싸우고<6E5C>나면……","그래서, 몇 번 전선에서 싸우고<6E5C>나면……"
dom2Fio_X03.mes,Script/dom2Fio_X03.mes,134,28,Fio,除隊して、スポーツドクターに<6E5C>なりたいと思ってるんです,제대해서 스포츠 닥터가<6E5C>되고 싶다 생각하고 있어요,제대해서 스포츠 닥터가<6E5C>되고 싶다 생각하고 있어요
dom2Fio_X03.mes,Script/dom2Fio_X03.mes,135,21,주인공,そうだったのか……だから<6E5C>専攻科目が……,그랬던 거구나… 그래서<6E5C>전공 과목이…,그랬던 거구나… 그래서<6E5C>전공 과목이…
dom2Fio_X03.mes,Script/dom2Fio_X03.mes,136,27,Fio,ジェルミ家で代々兵役を<6E5C>担ってきたのは、みな男性です,제르미가 대대로 병역 맡은<6E5C>건 전부 남성이에요,제르미가 대대로 병역 맡은<6E5C>건 전부 남성이에요
dom2Fio_X03.mes,Script/dom2Fio_X03.mes,137,46,Fio,でも、母はわたししか産むことが<6E5C>できませんでした.使命を受け維ぐ<6E5C>のはわたし以外にいません,"근데, 어머니는 저밖에 낳지<6E5C>못하셨어요. 사명을 이어받을<6E5C>사람은 저밖에 없어요","근데, 어머니는 저밖에 낳지<6E5C>못하셨어요. 사명을 이어받을<6E5C>사람은 저밖에 없어요"
dom2Fio_X03.mes,Script/dom2Fio_X03.mes,138,39,Fio,わたしは、わたしを育て愛して<6E5C>くれた父と母に、少しでも<6E5C>恩返しがしたいのです,"저는, 저를 기르고 사랑해<6E5C>주신 부모님께, 조금이라도<6E5C>보답하고 싶어요","저는, 저를 기르고 사랑해<6E5C>주신 부모님께, 조금이라도<6E5C>보답하고 싶어요"
dom2Fio_X03.mes,Script/dom2Fio_X03.mes,139,40,Fio,その後でスポーツドクターに<6E5C>なるのは、きっと父も母も<6E5C>許してくれることでしょう,"그 후 스포츠 닥터가<6E5C>되면, 분명 아버지도 어머니도<6E5C>허락해 주실 거예요","그 후 스포츠 닥터가<6E5C>되면, 분명 아버지도 어머니도<6E5C>허락해 주실 거예요"
dom2Fio_X03.mes,Script/dom2Fio_X03.mes,140,37,주인공,……そうだね.愛しい娘には、<6E5C>できたら危険なことは<6E5C>してほしくないもんね,그렇지 사랑스런 딸에겐<6E5C>되도록 위험한 일은<6E5C>안 시키고 싶은 법이지,그렇지 사랑스런 딸에겐<6E5C>되도록 위험한 일은<6E5C>안 시키고 싶은 법이지
dom2Fio_X03.mes,Script/dom2Fio_X03.mes,141,39,Fio,でも、これはまだ誰にもヒミツです<6E5C>!教えたのは、<이름:3232>さんが<6E5C>はじめてですよ?,"근데, 이건 아직 아무한테도 비밀<6E5C>! 알려준 건 <이름:3232>씨가<6E5C>처음이에요?","근데, 이건 아직 아무한테도 비밀<6E5C>! 알려준 건 <이름:3232>씨가<6E5C>처음이에요?"
dom2Fio_X03.mes,Script/dom2Fio_X03.mes,142,9,주인공,えっ、そうなの?,"엣, 그래?","엣, 그래?"
dom2Fio_X03.mes,Script/dom2Fio_X03.mes,143,21,Fio,<이름:3232>さんは、<6E5C>わたしの特別な人だから……,"<이름:3232>씨는,<6E5C>제 특별한 사람이니까……","<이름:3232>씨는,<6E5C>제 특별한 사람이니까……"
dom2Fio_X03.mes,Script/dom2Fio_X03.mes,144,3,주인공,え?,어?,어?
dom2Fio_X03.mes,Script/dom2Fio_X03.mes,145,8,Fio,あ、あ、あの!,"저 저, 저기","저 저, 저기"
dom2Fio_X03.mes,Script/dom2Fio_X03.mes,146,41,Fio,よかったら、明日わたしの買い物に<6E5C>つきあってくれませんか!?<6E5C>迷惑でなければ……,"괜찮으시면, 내일 제 쇼핑에<6E5C>같이 가주시지 않을래요!?<6E5C>폐가 안 된다면…","괜찮으시면, 내일 제 쇼핑에<6E5C>같이 가주시지 않을래요!?<6E5C>폐가 안 된다면…"
dom2Fio_X03.mes,Script/dom2Fio_X03.mes,147,11,주인공,買い物?別にいいけど,쇼핑?딱히 상관없어,쇼핑?딱히 상관없어
dom2Fio_X03.mes,Script/dom2Fio_X03.mes,148,15,Fio,わぁ!ありがとうございます!,와! 감사합니다!,와! 감사합니다!
dom2Fio_X03.mes,Script/dom2Fio_X03.mes,149,28,Fio,では明日、繁華街で待ってますから<6E5C>!今日は失礼します!,내일 번화가서 기다릴게요<6E5C>!오늘은 이만 가볼게요!,내일 번화가서 기다릴게요<6E5C>!오늘은 이만 가볼게요!
dom2Fio_X03.mes,Script/dom2Fio_X03.mes,150,8,주인공,あ、フィオ……,"아, 피오……","아, 피오……"
dom2Fio_X03.mes,Script/dom2Fio_X03.mes,151,7,[효과음/내레이션],ずってーん!,쿠당탕!,쿠당탕!
dom2Fio_X03.mes,Script/dom2Fio_X03.mes,152,7,Fio,いたたた……,아야야……,아야야……
dom2Fio_X03.mes,Script/dom2Fio_X03.mes,153,16,주인공,やると思ったよ.あわてるなって,이럴 줄 알았어. 조심하지,이럴 줄 알았어. 조심하지
dom2Fio_X03.mes,Script/dom2Fio_X03.mes,154,12,Fio,平気です!大丈夫です!,괜찮아요! 괜찮습니다,괜찮아요! 괜찮습니다
dom2Fio_X04.mes,Script/dom2Fio_X04.mes,0,11,주인공,あ、ほたる、おはよう,"아, 호타루, 안녕","아, 호타루, 안녕"
dom2Fio_X04.mes,Script/dom2Fio_X04.mes,1,21,Hotaru,お兄ちゃん……今日も早いね.<6E5C>また大学?,오빠……일찍 나가네.<6E5C>또 대학?,오빠……일찍 나가네.<6E5C>또 대학?
dom2Fio_X04.mes,Script/dom2Fio_X04.mes,2,17,주인공,いや、今日は大学じゃないけど……,"아니, 오늘은 대학 아닌데……","아니, 오늘은 대학 아닌데……"
dom2Fio_X04.mes,Script/dom2Fio_X04.mes,3,8,Hotaru,じゃ、デート?,그럼 데이트?,그럼 데이트?
dom2Fio_X04.mes,Script/dom2Fio_X04.mes,4,11,주인공,な、なんで怒るんだよ,"왜, 왜 화내는거야","왜, 왜 화내는거야"
dom2Fio_X04.mes,Script/dom2Fio_X04.mes,5,22,Hotaru,お兄ちゃん、<6E5C>最近あんまり家にいないし……,"오빠, <6E5C>요즘 집에 잘 없잖아……","오빠, <6E5C>요즘 집에 잘 없잖아……"
dom2Fio_X04.mes,Script/dom2Fio_X04.mes,6,12,Hotaru,被女できたんでしょう!,여친 생긴 거지!,여친 생긴 거지!
dom2Fio_X04.mes,Script/dom2Fio_X04.mes,7,11,주인공,えぇ?何を言って……,무슨 소리를……,무슨 소리를……
dom2Fio_X04.mes,Script/dom2Fio_X04.mes,8,14,Hotaru,もぉ、お兄ちゃんのフケツ!,"정말, 오빠 변태야!","정말, 오빠 변태야!"
dom2Fio_X04.mes,Script/dom2Fio_X04.mes,9,5,UNKNOWN_3e,キュゥ!,큐우!,큐우!
dom2Fio_X04.mes,Script/dom2Fio_X04.mes,10,5,[효과음/내레이션],バタンッ,쾅!,쾅!
dom2Fio_X04.mes,Script/dom2Fio_X04.mes,11,20,주인공,何、早とちりしてるんだよ、<6E5C>ほたる……,"뭘 그렇게 넘겨짚어,<6E5C>호타루……","뭘 그렇게 넘겨짚어,<6E5C>호타루……"
dom2Fio_X04.mes,Script/dom2Fio_X04.mes,12,15,UNKNOWN_1e,<이름:3232>さーーん!おまたせですぅ,<이름:3232>씨~! 오래 기다렸죠,<이름:3232>씨~! 오래 기다렸죠
dom2Fio_X04.mes,Script/dom2Fio_X04.mes,13,12,주인공,いや、時間ピッタリだよ,시간 딱 맞았어,시간 딱 맞았어
dom2Fio_X04.mes,Script/dom2Fio_X04.mes,14,25,Fio,ふふふ!今日は楽しみです!<6E5C>さぁ、行きましょう!,"후후후! 오늘 정말 기대돼요!<6E5C>자, 가요!","후후후! 오늘 정말 기대돼요!<6E5C>자, 가요!"
dom2Fio_X04.mes,Script/dom2Fio_X04.mes,15,38,주인공,(……たしかに、女の子とばかり<6E5C>会ってるんだから、<6E5C>ほたるも怒るかな……),"(……하긴, 여자애만 계속<6E5C>만나고 다니니까,<6E5C>호타루도 화나겠네……)","(……하긴, 여자애만 계속<6E5C>만나고 다니니까,<6E5C>호타루도 화나겠네……)"
dom2Fio_X04.mes,Script/dom2Fio_X04.mes,16,54,주인공,(でもフィオは被女じゃないし、<6E5C>今日も買い物の付き合うだけ<6E5C>だし……)<485C>(別にやましいことは<6E5C>ないよな?),"(근데 피오는 여친 아니고,<6E5C>오늘도 그냥 쇼핑만<6E5C>가는 거고……)<485C>(딱히 꺼릴 일은<6E5C>없잖아?)","(근데 피오는 여친 아니고,<6E5C>오늘도 그냥 쇼핑만<6E5C>가는 거고……)<485C>(딱히 꺼릴 일은<6E5C>없잖아?)"
dom2Fio_X04.mes,Script/dom2Fio_X04.mes,17,22,주인공,(そりゃ、<6E5C>フィオは魅力的な子だけど……),"(뭐,<6E5C>피오가 매력적이긴 하지만……)","(뭐,<6E5C>피오가 매력적이긴 하지만……)"
dom2Fio_X04.mes,Script/dom2Fio_X04.mes,18,23,Fio,どうしたんですか?<이름:3232>さん.<6E5C>暗い顔してます,무슨 일 있어요?<이름:3232>씨.<6E5C>표정이 어두워요,무슨 일 있어요?<이름:3232>씨.<6E5C>표정이 어두워요
dom2Fio_X04.mes,Script/dom2Fio_X04.mes,19,12,주인공,いや、なんでもないよ!,아니 아무 일도 아냐,아니 아무 일도 아냐
dom2Fio_X04.mes,Script/dom2Fio_X04.mes,20,28,주인공,今日は何を買うんだ?<6E5C>あまり重過ぎる荷物は持てないよ?,오늘 뭘 살 거야?<6E5C>너무 무거운 짐은 못 들어줘?,오늘 뭘 살 거야?<6E5C>너무 무거운 짐은 못 들어줘?
dom2Fio_X04.mes,Script/dom2Fio_X04.mes,21,8,Fio,あの、その……,"저, 그게……","저, 그게……"
dom2Fio_X04.mes,Script/dom2Fio_X04.mes,22,4,주인공,なに?,왜?,왜?
dom2Fio_X04.mes,Script/dom2Fio_X04.mes,23,8,Fio,スカートを……,치마를……,치마를……
dom2Fio_X04.mes,Script/dom2Fio_X04.mes,24,13,주인공,スカート?いいじゃないか,치마? 좋잖아,치마? 좋잖아
dom2Fio_X04.mes,Script/dom2Fio_X04.mes,25,14,Fio,その、<이름:3232>さんの好みの……,"그게, <이름:3232>씨 취향의……","그게, <이름:3232>씨 취향의……"
dom2Fio_X04.mes,Script/dom2Fio_X04.mes,26,3,주인공,え?,어?,어?
dom2Fio_X04.mes,Script/dom2Fio_X04.mes,27,25,Fio,い、いえ、なんでもないです!<6E5C>早く行きましょう!,"아, 아뇨, 아무것도 아니에요!<6E5C>얼른 가요!","아, 아뇨, 아무것도 아니에요!<6E5C>얼른 가요!"
dom2Fio_X04.mes,Script/dom2Fio_X04.mes,28,12,[효과음/내레이션],♪カランコロンカラ~ン,딸랑딸랑~,딸랑딸랑~
dom2Fio_X04.mes,Script/dom2Fio_X04.mes,29,11,Shizuku,いらっしゃいませ……,어서 오세요……,어서 오세요……
dom2Fio_X04.mes,Script/dom2Fio_X04.mes,30,9,Shizuku,あら、おふたり?,"어머, 둘이서?","어머, 둘이서?"
dom2Fio_X04.mes,Script/dom2Fio_X04.mes,31,10,Fio,はい!2名様です~,네! 두 명요~,네! 두 명요~
dom2Fio_X04.mes,Script/dom2Fio_X04.mes,32,25,주인공,やあ、巳沢さん.<6E5C>ふたりでランチをもらいに来たよ,"안녕, 미사와 씨.<6E5C>둘이서 점심 먹으러 왔어","안녕, 미사와 씨.<6E5C>둘이서 점심 먹으러 왔어"
dom2Fio_X04.mes,Script/dom2Fio_X04.mes,33,19,Shizuku,大きな荷物……デートしてたんだね<6E5C>?,짐이 많네……데이트했구나<6E5C>?,짐이 많네……데이트했구나<6E5C>?
dom2Fio_X04.mes,Script/dom2Fio_X04.mes,34,14,주인공,デ、デートだなんてそんな!,"데, 데이트라니 무슨!","데, 데이트라니 무슨!"
dom2Fio_X04.mes,Script/dom2Fio_X04.mes,35,31,Fio,そそそ、そうですよ!<6E5C>買い物につきあってもらって<6E5C>たんです!,"그그그, 그래요!<6E5C>쇼핑 같이<6E5C>따라와 주신 거예요!","그그그, 그래요!<6E5C>쇼핑 같이<6E5C>따라와 주신 거예요!"
dom2Fio_X04.mes,Script/dom2Fio_X04.mes,36,7,Shizuku,そうなんだぁ,그렇구나,그렇구나
dom2Fio_X04.mes,Script/dom2Fio_X04.mes,37,31,Shizuku,すぐにランチを2人前<6E5C>用意しますから、<6E5C>少々お待ちください!,"바로 점심 2인분<6E5C>준비할 테니,<6E5C>잠시만 기다려주세요!","바로 점심 2인분<6E5C>준비할 테니,<6E5C>잠시만 기다려주세요!"
dom2Fio_X04.mes,Script/dom2Fio_X04.mes,38,7,주인공,巳沢さん……,미사와……,미사와……
dom2Fio_X04.mes,Script/dom2Fio_X04.mes,39,33,Fio,あわわ……わたし、<6E5C>何か気にさわるようなことを<6E5C>したでしょうか?,"아와와……제가,<6E5C>뭔가 기분 상하게 할 만한 일을<6E5C>했을까요?","아와와……제가,<6E5C>뭔가 기분 상하게 할 만한 일을<6E5C>했을까요?"
dom2Fio_X04.mes,Script/dom2Fio_X04.mes,40,22,주인공,いや…….<6E5C>きっと、お昼時で忙しいだけだよ,아니…….<6E5C>그냥 점심때라 바쁜 거야,아니…….<6E5C>그냥 점심때라 바쁜 거야
dom2Fio_X04.mes,Script/dom2Fio_X04.mes,41,8,Fio,そうですか……,그런가요……,그런가요……
dom2Fio_X04.mes,Script/dom2Fio_X04.mes,42,24,Fio,ご迷惑なようなら、お店、<6E5C>出た方がいいですか?,"폐가 된다면, 가게서<6E5C>나가는 게 좋을까요?","폐가 된다면, 가게서<6E5C>나가는 게 좋을까요?"
dom2Fio_X04.mes,Script/dom2Fio_X04.mes,43,11,[선택지],そうだねそんなことない,그러네아니야,그러네\아니야
dom2Fio_X04.mes,Script/dom2Fio_X04.mes,44,26,주인공,そうだね…….待ってるお客さんも<6E5C>いるし、出ようか,"그러네…….기다리는 손님도<6E5C>있으니, 나갈까","그러네…….기다리는 손님도<6E5C>있으니, 나갈까"
dom2Fio_X04.mes,Script/dom2Fio_X04.mes,45,24,Fio,ですね.雫さんの迷惑になりたくな<6E5C>いですもんね,맞아요. 폐 끼치기<6E5C>싫으니까요,맞아요. 폐 끼치기<6E5C>싫으니까요
dom2Fio_X04.mes,Script/dom2Fio_X04.mes,46,20,Fio,……やっぱり、<6E5C><이름:3232>さんは優しいですね,"……역시,<6E5C><이름:3232>씨는 다정하시네요","……역시,<6E5C><이름:3232>씨는 다정하시네요"
dom2Fio_X04.mes,Script/dom2Fio_X04.mes,47,3,주인공,え?,어?,어?
dom2Fio_X04.mes,Script/dom2Fio_X04.mes,48,13,Fio,いえ!なんでもないです!,아뇨! 아무것도 아녜요,아뇨! 아무것도 아녜요
dom2Fio_X04.mes,Script/dom2Fio_X04.mes,49,43,주인공,そんなことないよ.僕たちは<6E5C>お客さんなんだから、そこまで気を<6E5C>つかっても、逆に悪いよ,"그렇지 않아. 우리도<6E5C>손님인데, 그렇게까지 신경<6E5C>쓰면 오히려 미안하지","그렇지 않아. 우리도<6E5C>손님인데, 그렇게까지 신경<6E5C>쓰면 오히려 미안하지"
dom2Fio_X04.mes,Script/dom2Fio_X04.mes,50,9,Fio,そうですか……?,그런가요……?,그런가요……?
dom2Fio_X04.mes,Script/dom2Fio_X04.mes,51,32,주인공,僕は、フィオとランチが食べたくて<6E5C>イリュージョンに来たんだから,"나는, 피오랑 점심 먹고 싶어서<6E5C>일루전에 온 거니까","나는, 피오랑 점심 먹고 싶어서<6E5C>일루전에 온 거니까"
dom2Fio_X04.mes,Script/dom2Fio_X04.mes,52,31,Fio,はわわ!そんなこと言われると、<6E5C>恥ずかしくて食べれませんよ!,"하와와! 그런 말 들으면,<6E5C>부끄러워서 못 먹어요!","하와와! 그런 말 들으면,<6E5C>부끄러워서 못 먹어요!"
dom2Fio_X04.mes,Script/dom2Fio_X04.mes,53,25,주인공,これくらいで赤くなるなよ.<6E5C>フィオは子どもだなぁ,이 정도로 빨개지지 마.<6E5C>피오는 애 같다니까,이 정도로 빨개지지 마.<6E5C>피오는 애 같다니까
dom2Fio_X04.mes,Script/dom2Fio_X04.mes,54,33,주인공,……ふぅ.買い物もすんでごはんも<6E5C>食べたし、ここで一休みしようか,"……후. 쇼핑도 끝났고 밥도<6E5C>먹었으니, 여기서 좀 쉴까","……후. 쇼핑도 끝났고 밥도<6E5C>먹었으니, 여기서 좀 쉴까"
dom2Fio_X04.mes,Script/dom2Fio_X04.mes,55,15,Fio,はい!今日は楽しかったです!,네! 오늘 즐거웠어요!,네! 오늘 즐거웠어요!
dom2Fio_X04.mes,Script/dom2Fio_X04.mes,56,29,주인공,ずいぶん買ったなぁ.服と工具と<6E5C>ヘンテコなおもちゃと……,많이도 샀네. 옷이랑 공구랑<6E5C>희한한 장난감이랑……,많이도 샀네. 옷이랑 공구랑<6E5C>희한한 장난감이랑……
dom2Fio_X04.mes,Script/dom2Fio_X04.mes,57,20,주인공,あの火星人の人形って、<6E5C>はやってるの?,"그 화성인 인형,<6E5C>요즘 유행이야?","그 화성인 인형,<6E5C>요즘 유행이야?"
dom2Fio_X04.mes,Script/dom2Fio_X04.mes,58,30,Fio,あれは子どもたちの間でも人気<6E5C>なんですよ?戦う火星人です!,저건 애들 사이에서 인기<6E5C>많다고요? 싸우는 화성인요!,저건 애들 사이에서 인기<6E5C>많다고요? 싸우는 화성인요!
dom2Fio_X04.mes,Script/dom2Fio_X04.mes,59,24,주인공,そうなのか……それじゃ、<6E5C>フィオにお似合いだな,"그렇구나……그럼,<6E5C>피오한테 딱 어울리네","그렇구나……그럼,<6E5C>피오한테 딱 어울리네"
dom2Fio_X04.mes,Script/dom2Fio_X04.mes,60,12,Fio,どういう意味ですかぁ?,그게 무슨 의미예요?,그게 무슨 의미예요?
dom2Fio_X04.mes,Script/dom2Fio_X04.mes,61,41,주인공,いや、フィオはかわいらしいお人形<6E5C>とかより、ああいうものの方が<6E5C>好きなんだろう?,"아니, 피오는 귀여운 인형<6E5C>같은 것보다, 그런 쪽을<6E5C>더 좋아하잖아?","아니, 피오는 귀여운 인형<6E5C>같은 것보다, 그런 쪽을<6E5C>더 좋아하잖아?"
dom2Fio_X04.mes,Script/dom2Fio_X04.mes,62,38,Fio,そんなことないですよ.<6E5C>わたしの部屋には、<6E5C>ペッピーノだっているんですよ?,"그렇지 않아요.<6E5C>제 방에는,<6E5C>페피노도 있다고요?","그렇지 않아요.<6E5C>제 방에는,<6E5C>페피노도 있다고요?"
dom2Fio_X04.mes,Script/dom2Fio_X04.mes,63,7,주인공,ぺっぴーの?,페피노?,페피노?
dom2Fio_X04.mes,Script/dom2Fio_X04.mes,64,46,Fio,生まれたときからずっと一緒にいる<6E5C>、くまのぬいぐるみです!<6E5C>とってもキュートなんですから!,"태어났을 때부터 계속 함께한<6E5C>, 곰 인형이에요!<6E5C>정말 귀엽다고요!","태어났을 때부터 계속 함께한<6E5C>, 곰 인형이에요!<6E5C>정말 귀엽다고요!"
dom2Fio_X04.mes,Script/dom2Fio_X04.mes,65,19,주인공,へぇ……さぞ、<6E5C>ボロボロなんだろうな,"허……꽤나,<6E5C>오래됐겠네","허……꽤나,<6E5C>오래됐겠네"
dom2Fio_X04.mes,Script/dom2Fio_X04.mes,66,9,Fio,<이름:3232>さーーん!?,<이름:3232>씨이이!?,<이름:3232>씨이이!?
dom2Fio_X04.mes,Script/dom2Fio_X04.mes,67,6,주인공,冗談だよ!,농담이야!,농담이야!
dom2Fio_X04.mes,Script/dom2Fio_X04.mes,68,40,주인공,でも、今日は本当に楽しかった.<6E5C>買い物っていうより、<6E5C>デートって感じだったけど,"그래도, 오늘 정말 즐거웠어.<6E5C>쇼핑이라기보다는,<6E5C>데이트 느낌이었지만","그래도, 오늘 정말 즐거웠어.<6E5C>쇼핑이라기보다는,<6E5C>데이트 느낌이었지만"
dom2Fio_X04.mes,Script/dom2Fio_X04.mes,69,32,Fio,えぇ!?<이름:3232>さんはデートだと<6E5C>思ってくれてなかったんですか!?,네!? <이름:3232>씨는 데이트라고<6E5C>생각 안 하셨던 거예요!?,네!? <이름:3232>씨는 데이트라고<6E5C>생각 안 하셨던 거예요!?
dom2Fio_X04.mes,Script/dom2Fio_X04.mes,70,20,주인공,え?だって買い物に<6E5C>つきあってって……,그야 쇼핑에<6E5C>같이 가달라길래……,그야 쇼핑에<6E5C>같이 가달라길래……
dom2Fio_X04.mes,Script/dom2Fio_X04.mes,71,35,Fio,そ、そうですけど、でもわたしは<6E5C><이름:3232>さんとデートしたかった<6E5C>から……,"그, 그렇긴 한데, 저는<6E5C><이름:3232>씨랑 데이트하고 싶었<6E5C>으니까……","그, 그렇긴 한데, 저는<6E5C><이름:3232>씨랑 데이트하고 싶었<6E5C>으니까……"
dom2Fio_X04.mes,Script/dom2Fio_X04.mes,72,16,주인공,そ、それならそう言ってくれよ!,그럼 그렇다고 말해주지!,그럼 그렇다고 말해주지!
dom2Fio_X04.mes,Script/dom2Fio_X04.mes,73,25,Fio,……わたしがデートだって思うの、<6E5C>迷惑でしたか?,"……제가 데이트라 생각한 거,<6E5C>폐가 됐나요?","……제가 데이트라 생각한 거,<6E5C>폐가 됐나요?"
dom2Fio_X04.mes,Script/dom2Fio_X04.mes,74,12,주인공,そんなこと、ないよ……,"그런 거, 아니야……","그런 거, 아니야……"
dom2Fio_X04.mes,Script/dom2Fio_X04.mes,75,13,Fio,わたし、わたし、あの……,"저, 저는, 그게……","저, 저는, 그게……"
dom2Fio_X04.mes,Script/dom2Fio_X04.mes,76,3,주인공,ん?,응?,응?
dom2Fio_X04.mes,Script/dom2Fio_X04.mes,77,23,Fio,<이름:3232>さんのこと、<6E5C>好きになっちゃったんです!,"<이름:3232>씨를,<6E5C>좋아하게 됐어요!","<이름:3232>씨를,<6E5C>좋아하게 됐어요!"
dom2Fio_X04.mes,Script/dom2Fio_X04.mes,78,5,주인공,えぇっ!,엣!,엣!
dom2Fio_X04.mes,Script/dom2Fio_X04.mes,79,32,Fio,ごめんなさい.<6E5C>本当は告白するために会おうと<6E5C>したんです、今日,"죄송해요.<6E5C>사실은 고백하려고 만나려고<6E5C>한 거예요, 오늘","죄송해요.<6E5C>사실은 고백하려고 만나려고<6E5C>한 거예요, 오늘"
dom2Fio_X04.mes,Script/dom2Fio_X04.mes,80,59,Fio,<이름:3232>さんのこと考えると、<6E5C>何も手につかなくて<485C>ドジばっかりしちゃう<6E5C>自分がいて……ドジしちゃうの<6E5C>いつもなんですけど,"<이름:3232>씨 생각을 하면,<6E5C>아무것도 손에 안 잡혀서<485C>실수만 하는<6E5C>제가 있어서……실수하는 건<6E5C>늘 그렇지만요","<이름:3232>씨 생각을 하면,<6E5C>아무것도 손에 안 잡혀서<485C>실수만 하는<6E5C>제가 있어서……실수하는 건<6E5C>늘 그렇지만요"
dom2Fio_X04.mes,Script/dom2Fio_X04.mes,81,31,Fio,それで、ああわたし、<6E5C><이름:3232>さんのことが<6E5C>好きなんだなって……,"그래서, 아 나,<6E5C><이름:3232>씨를<6E5C>좋아하는구나 싶어서……","그래서, 아 나,<6E5C><이름:3232>씨를<6E5C>좋아하는구나 싶어서……"
dom2Fio_X04.mes,Script/dom2Fio_X04.mes,82,8,주인공,そ、そうか……,그런가……,그런가……
dom2Fio_X04.mes,Script/dom2Fio_X04.mes,83,19,Fio,付き合ってくださいなんて<6E5C>言いません,사귀어달라고는<6E5C>말 안 할게요,사귀어달라고는<6E5C>말 안 할게요
dom2Fio_X04.mes,Script/dom2Fio_X04.mes,84,27,Fio,<이름:3232>さんが優しいのは、<6E5C>わたしにだけではないですから,"<이름:3232>씨가 다정한 건,<6E5C>저한테만은 아니니까요","<이름:3232>씨가 다정한 건,<6E5C>저한테만은 아니니까요"
dom2Fio_X04.mes,Script/dom2Fio_X04.mes,85,23,Fio,ただ、<이름:3232>さんと<6E5C>一緒にいたくて、それで……,"그냥,<이름:3232>씨랑<6E5C>같이 있고 싶어서……","그냥,<이름:3232>씨랑<6E5C>같이 있고 싶어서……"
dom2Fio_X04.mes,Script/dom2Fio_X04.mes,86,6,주인공,フィオ……,피오……,피오……
dom2Fio_X04.mes,Script/dom2Fio_X04.mes,87,9,[선택지],キスする手をつなぐ,키스하기손잡기,키스하기\손잡기
dom2Fio_X04.mes,Script/dom2Fio_X04.mes,88,5,Fio,わぁっ!,와앗!,와앗!
dom2Fio_X04.mes,Script/dom2Fio_X04.mes,89,7,[효과음/내레이션],ゴッチーン★,딱콩★,딱콩★
dom2Fio_X04.mes,Script/dom2Fio_X04.mes,90,6,주인공,いてて……,아야야……,아야야……
dom2Fio_X04.mes,Script/dom2Fio_X04.mes,91,33,Fio,ななな、なんで顔を<6E5C>近づけるんですか?<6E5C>おでこ、ぶつかりますよ!,"왜, 왜 얼굴을<6E5C>가까이 대는 거예요?<6E5C>이마 부딪힌다고요!","왜, 왜 얼굴을<6E5C>가까이 대는 거예요?<6E5C>이마 부딪힌다고요!"
dom2Fio_X04.mes,Script/dom2Fio_X04.mes,92,24,주인공,だって……顔を近づけないと<6E5C>キスできないだろ?,그야……가까이 안 하면<6E5C>키스 못 하잖아?,그야……가까이 안 하면<6E5C>키스 못 하잖아?
dom2Fio_X04.mes,Script/dom2Fio_X04.mes,93,18,Fio,えええええ!!<6E5C>キ、キキキキキ……,"에에에에!!<6E5C>키, 키키키키……","에에에에!!<6E5C>키, 키키키키……"
dom2Fio_X04.mes,Script/dom2Fio_X04.mes,94,11,주인공,……ほら、動かないで,……움직이지 마,……움직이지 마
dom2Fio_X04.mes,Script/dom2Fio_X04.mes,95,35,Fio,はわわわわ!!!<6E5C>こ、こーゆーときって<6E5C>メガネを外すんでしょうか!?,"하와와와와!!!<6E5C>이, 이럴 때는<6E5C>안경을 벗어야 하는 걸까요!?","하와와와와!!!<6E5C>이, 이럴 때는<6E5C>안경을 벗어야 하는 걸까요!?"
dom2Fio_X04.mes,Script/dom2Fio_X04.mes,96,17,Fio,わたし、キスってまだ未確認で……,"저, 키스는 미확인이라서……","저, 키스는 미확인이라서……"
dom2Fio_X04.mes,Script/dom2Fio_X04.mes,97,8,주인공,……わかったよ,……알았어,……알았어
dom2Fio_X04.mes,Script/dom2Fio_X04.mes,98,6,Fio,はうう……,하우우……,하우우……
dom2Fio_X04.mes,Script/dom2Fio_X04.mes,99,5,주인공,…………,…………,…………
dom2Fio_X04.mes,Script/dom2Fio_X04.mes,100,7,Fio,………ううっ,………으윽,………으윽
dom2Fio_X04.mes,Script/dom2Fio_X04.mes,101,15,주인공,……息は止めなくていいんだよ,……숨은 안 참아도 돼,……숨은 안 참아도 돼
dom2Fio_X04.mes,Script/dom2Fio_X04.mes,102,17,Fio,口がふさがったら息できません……,입 막히면 숨을 못 쉬어요……,입 막히면 숨을 못 쉬어요……
dom2Fio_X04.mes,Script/dom2Fio_X04.mes,103,8,주인공,鼻があるだろ?,코가 있잖아?,코가 있잖아?
dom2Fio_X04.mes,Script/dom2Fio_X04.mes,104,24,Fio,そ、そんな高等技術、<6E5C>わたしにはムリですぅ……,"그, 그런 고등 기술,<6E5C>저는 무리예요오……","그, 그런 고등 기술,<6E5C>저는 무리예요오……"
dom2Fio_X04.mes,Script/dom2Fio_X04.mes,105,16,주인공,じゃあ、ずっと止めてたらいいよ,"그럼, 계속 참고 있으면 돼","그럼, 계속 참고 있으면 돼"
dom2Fio_X04.mes,Script/dom2Fio_X04.mes,106,12,Fio,はぅぅ……<이름:3232>さん……,하웅……<이름:3232>씨……,하웅……<이름:3232>씨……
dom2Fio_X04.mes,Script/dom2Fio_X04.mes,107,4,[효과음/내레이션],ギュッ,꼬옥,꼬옥
dom2Fio_X04.mes,Script/dom2Fio_X04.mes,108,19,Fio,ななな、<6E5C>なんで手をつなぐんですか?,"왜, 왜,<6E5C>손을 잡는 거예요?","왜, 왜,<6E5C>손을 잡는 거예요?"
dom2Fio_X04.mes,Script/dom2Fio_X04.mes,109,11,주인공,いや?だったら離すよ,싫어? 그럼 놓을게,싫어? 그럼 놓을게
dom2Fio_X04.mes,Script/dom2Fio_X04.mes,110,17,Fio,いえ!!そのままでお願いします!,아뇨!! 이대로 부탁드려요!,아뇨!! 이대로 부탁드려요!
dom2Fio_X04.mes,Script/dom2Fio_X04.mes,111,5,주인공,了解です,알겠어요,알겠어요
dom2Fio_X04.mes,Script/dom2Fio_X04.mes,112,21,Fio,……<이름:3232>さんの手……<6E5C>あったかいです……,……<이름:3232>씨 손……<6E5C>따뜻해요……,……<이름:3232>씨 손……<6E5C>따뜻해요……
dom2Fio_X04.mes,Script/dom2Fio_X04.mes,113,16,주인공,……さっきから困った顔するなよ,……그런 표정 짓지 마,……그런 표정 짓지 마
dom2Fio_X04.mes,Script/dom2Fio_X04.mes,114,10,주인공,僕、悪いことした?,나 잘못한 거야?,나 잘못한 거야?
dom2Fio_X04.mes,Script/dom2Fio_X04.mes,115,26,Fio,そ、そんなことないですぅ.<6E5C>ただ、恥ずかしくて……,"그런 거 아니에요오.<6E5C>그냥, 부끄러워서……","그런 거 아니에요오.<6E5C>그냥, 부끄러워서……"
dom2Fio_X04.mes,Script/dom2Fio_X04.mes,116,11,주인공,僕だって恥ずかしいよ,나도 부끄러워,나도 부끄러워
dom2Fio_X04.mes,Script/dom2Fio_X04.mes,117,22,Fio,あ、あ、あの、フィオさん、<6E5C>もう帰ります!,"저, 저, 저기, 피오,<6E5C>이만 갈게요!","저, 저, 저기, 피오,<6E5C>이만 갈게요!"
dom2Fio_X04.mes,Script/dom2Fio_X04.mes,118,28,Fio,夜も遅いですし、このままいたら<6E5C>気絶しちゃいそうです!,"밤 늦었고, 이대로 있다간<6E5C>기절해버릴 것 같아요!","밤 늦었고, 이대로 있다간<6E5C>기절해버릴 것 같아요!"
dom2Fio_X04.mes,Script/dom2Fio_X04.mes,119,7,주인공,気絶って……,기절까지……,기절까지……
dom2Fio_X04.mes,Script/dom2Fio_X04.mes,120,13,주인공,わかったよ.じゃあ送るよ,"알았어, 데려다줄게","알았어, 데려다줄게"
dom2Fio_X04.mes,Script/dom2Fio_X04.mes,121,21,Fio,いいです!<6E5C>ひとりで走って帰りますから!,괜찮아요!<6E5C>혼자 뛰어서 갈 테니까요!,괜찮아요!<6E5C>혼자 뛰어서 갈 테니까요!
dom2Fio_X04.mes,Script/dom2Fio_X04.mes,122,31,Fio,今日は、ステキな思い出ができて、<6E5C>それだけでもう感激です……,"오늘은, 멋진 추억이 생겨서,<6E5C>그것만으로 감격이에요……","오늘은, 멋진 추억이 생겨서,<6E5C>그것만으로 감격이에요……"
dom2Fio_X04.mes,Script/dom2Fio_X04.mes,123,15,주인공,思い出って、まだこれから……,"추억이라니, 아직인데……","추억이라니, 아직인데……"
dom2Fio_X04.mes,Script/dom2Fio_X04.mes,124,14,Fio,<이름:3232>さん!ありがとうです!,<이름:3232>씨! 고마워요!,<이름:3232>씨! 고마워요!
dom2Fio_X04.mes,Script/dom2Fio_X04.mes,125,4,[효과음/내레이션],ダダッ,다다닷,다다닷
dom2Fio_X04.mes,Script/dom2Fio_X04.mes,126,6,주인공,フィオ……,피오……,피오……
dom2Fio_X04.mes,Script/dom2Fio_X04.mes,127,14,주인공,まぁいいか.フィオらしいや,뭐 됐나. 피오답네,뭐 됐나. 피오답네
dom2Fio_X05.mes,Script/dom2Fio_X05.mes,0,5,주인공,…………,…………,…………
dom2Fio_X05.mes,Script/dom2Fio_X05.mes,1,22,Hotaru,お兄ちゃん、<6E5C>朝からなにボーっとしてるの?,"오빠,<6E5C>아침부터 왜 멍때리고 있어?","오빠,<6E5C>아침부터 왜 멍때리고 있어?"
dom2Fio_X05.mes,Script/dom2Fio_X05.mes,2,15,주인공,ほたる……別になんでもないよ,호타루……아무것도 아냐,호타루……아무것도 아냐
dom2Fio_X05.mes,Script/dom2Fio_X05.mes,3,17,Hotaru,お兄ちゃん……ほたるに隠し事!?,오빠……호타루한테 비밀!?,오빠……호타루한테 비밀!?
dom2Fio_X05.mes,Script/dom2Fio_X05.mes,4,7,주인공,え、いや……,아니……,아니……
dom2Fio_X05.mes,Script/dom2Fio_X05.mes,5,25,Hotaru,どうせほたるはただの妹だもんね!<6E5C>知らないもんっ,어차피 그냥 여동생이니까!<6E5C>몰라도 되잖아!,어차피 그냥 여동생이니까!<6E5C>몰라도 되잖아!
dom2Fio_X05.mes,Script/dom2Fio_X05.mes,6,5,UNKNOWN_3e,キュゥ!,큐우!,큐우!
dom2Fio_X05.mes,Script/dom2Fio_X05.mes,7,5,[효과음/내레이션],パタンッ,파탓!,파탓!
dom2Fio_X05.mes,Script/dom2Fio_X05.mes,8,10,주인공,なんなんだよ、毎朝,"뭐야, 아침마다","뭐야, 아침마다"
dom2Fio_X05.mes,Script/dom2Fio_X05.mes,9,33,주인공,……でも、たしかにほたるに言いに<6E5C>くいことを、しちゃったかな……,"……근데, 확실히 호타루한테 말하기<6E5C>어려운 짓을 했나……","……근데, 확실히 호타루한테 말하기<6E5C>어려운 짓을 했나……"
dom2Fio_X05.mes,Script/dom2Fio_X05.mes,10,37,주인공,(……昨日会ったばかりなのに、<6E5C>またフィオに会いたくなってる、<6E5C>僕……),"(……어제 막 만났는데,<6E5C>또 피오가 보고 싶어지는,<6E5C>나……)","(……어제 막 만났는데,<6E5C>또 피오가 보고 싶어지는,<6E5C>나……)"
dom2Fio_X05.mes,Script/dom2Fio_X05.mes,11,31,주인공,(知らないうちに、僕もフィオの<6E5C>ことを好きになってたのかな),"(나도 모르는 사이, 나도 피오를<6E5C>좋아하게 됐던 걸까)","(나도 모르는 사이, 나도 피오를<6E5C>좋아하게 됐던 걸까)"
dom2Fio_X05.mes,Script/dom2Fio_X05.mes,12,33,주인공,(……よく考えたら、告白してくれ<6E5C>たのに僕は返事もしていないし),"(……생각해보면, 고백해줬<6E5C>는데 나는 대답도 안 했고)","(……생각해보면, 고백해줬<6E5C>는데 나는 대답도 안 했고)"
dom2Fio_X05.mes,Script/dom2Fio_X05.mes,13,30,주인공,(こんなとこにいる場合じゃない!<6E5C>フィオに会わないと……),(이런 데 있을 때가 아니야!<6E5C>피오를 만나야 해……),(이런 데 있을 때가 아니야!<6E5C>피오를 만나야 해……)
dom2Fio_X05.mes,Script/dom2Fio_X05.mes,14,9,Shizuku,あ、<이름:3131>くん……,"아, <이름:3131>군……","아, <이름:3131>군……"
dom2Fio_X05.mes,Script/dom2Fio_X05.mes,15,20,주인공,巳沢さん!<6E5C>よかった、いいところに……,미사와 씨!<6E5C>마침 잘됐다……,미사와 씨!<6E5C>마침 잘됐다……
dom2Fio_X05.mes,Script/dom2Fio_X05.mes,16,16,Shizuku,突然だったね.フィオのこと……,갑작스러웠지. 피오 얘기……,갑작스러웠지. 피오 얘기……
dom2Fio_X05.mes,Script/dom2Fio_X05.mes,17,10,주인공,……え?何のこと?,"뭐, 무슨 얘기?","뭐, 무슨 얘기?"
dom2Fio_X05.mes,Script/dom2Fio_X05.mes,18,27,Shizuku,……まだ閉いてないの?<6E5C>そっか、今来たばかりだものね,"……아직 안 열렸어?<6E5C>그렇구나, 방금 왔나 보네","……아직 안 열렸어?<6E5C>그렇구나, 방금 왔나 보네"
dom2Fio_X05.mes,Script/dom2Fio_X05.mes,19,31,Shizuku,……フィオ、今日の便でイタリアに<6E5C>帰っちゃうって、先生が……,"……피오가 오늘<6E5C>이탈리아로 돌아간대, 선생님이……","……피오가 오늘<6E5C>이탈리아로 돌아간대, 선생님이……"
dom2Fio_X05.mes,Script/dom2Fio_X05.mes,20,7,주인공,え!うそ……,"뭐, 거짓말","뭐, 거짓말"
dom2Fio_X05.mes,Script/dom2Fio_X05.mes,21,28,Shizuku,……なんで私たちに黙ってたん<6E5C>だろう、こんな大事なこと,……왜 우리한테 말 안 했을까<6E5C>이렇게 중요한 걸,……왜 우리한테 말 안 했을까<6E5C>이렇게 중요한 걸
dom2Fio_X05.mes,Script/dom2Fio_X05.mes,22,21,Shizuku,何も言わないでお別れなんて、<6E5C>ひどい……,아무 말도 없이 헤어지다니<6E5C>너무해……,아무 말도 없이 헤어지다니<6E5C>너무해……
dom2Fio_X05.mes,Script/dom2Fio_X05.mes,23,12,주인공,なんでそんな、急に……,왜 그렇게 갑자기……,왜 그렇게 갑자기……
dom2Fio_X05.mes,Script/dom2Fio_X05.mes,24,47,Shizuku,あちらのご両親が、前から呼んでた<6E5C>みたい.やっぱりひとり娘だから<6E5C>恋しくなっちゃったのかな?,저쪽 부모님이 예전부터 부르셨던<6E5C>모양이야. 역시 외동딸이라<6E5C>보고 싶어지셨나 봐?,저쪽 부모님이 예전부터 부르셨던<6E5C>모양이야. 역시 외동딸이라<6E5C>보고 싶어지셨나 봐?
dom2Fio_X05.mes,Script/dom2Fio_X05.mes,25,62,Shizuku,フィオは日本が気に入ってて、<6E5C>清泉大学を卒業するまではって<6E5C>説得してたんだけど、<485C>フィオもご両親が<6E5C>大好きだったからね……,"피오는 일본이 좋아서,<6E5C>세이센대학 졸업까지만이라도<6E5C>라며 설득했었는데,<485C>피오도 부모님을<6E5C>정말 좋아했으니까……","피오는 일본이 좋아서,<6E5C>세이센대학 졸업까지만이라도<6E5C>라며 설득했었는데,<485C>피오도 부모님을<6E5C>정말 좋아했으니까……"
dom2Fio_X05.mes,Script/dom2Fio_X05.mes,26,29,Shizuku,お別れはしかたなくても、<6E5C>あいさつぐらいしたかったな……,"이별은 어쩔 수 없어도,<6E5C>인사는 하고 싶었는데……","이별은 어쩔 수 없어도,<6E5C>인사는 하고 싶었는데……"
dom2Fio_X05.mes,Script/dom2Fio_X05.mes,27,15,주인공,うそだ、うそだ、そんなの……,"거짓말이야, 그런 거……","거짓말이야, 그런 거……"
dom2Fio_X05.mes,Script/dom2Fio_X05.mes,28,6,주인공,うそだっ!,거짓말!,거짓말!
dom2Fio_X05.mes,Script/dom2Fio_X05.mes,29,7,Shizuku,<이름:3131>くん……,<이름:3131>군……,<이름:3131>군……
dom2Fio_X05.mes,Script/dom2Fio_X05.mes,30,33,주인공,あんな……あんな別れ方で……嫌だ<6E5C>!そんなのぜったいに認めない!,그런……그런 식으로 헤어지는 건 싫어<6E5C>!절대 인정 못 해!,그런……그런 식으로 헤어지는 건 싫어<6E5C>!절대 인정 못 해!
dom2Fio_X05.mes,Script/dom2Fio_X05.mes,31,7,Shizuku,<이름:3131>くん……,<이름:3131>군……,<이름:3131>군……
dom2Fio_X05.mes,Script/dom2Fio_X05.mes,32,19,Shizuku,……フィオのことが、好きだったの<6E5C>?,"……피오를, 좋아했던<6E5C>거야?","……피오를, 좋아했던<6E5C>거야?"
dom2Fio_X05.mes,Script/dom2Fio_X05.mes,33,9,주인공,み、巳沢さん……,미사와 씨……,미사와 씨……
dom2Fio_X05.mes,Script/dom2Fio_X05.mes,34,19,주인공,……はじめは、<6E5C>普通の友達だったんだ,"……처음엔,<6E5C>그냥 평범한 친구였어","……처음엔,<6E5C>그냥 평범한 친구였어"
dom2Fio_X05.mes,Script/dom2Fio_X05.mes,35,19,주인공,でも、昨日はっきり、<6E5C>好きだって……,"근데 어제 분명히,<6E5C>좋아한다고……","근데 어제 분명히,<6E5C>좋아한다고……"
dom2Fio_X05.mes,Script/dom2Fio_X05.mes,36,5,Shizuku,…………,…………,…………
dom2Fio_X05.mes,Script/dom2Fio_X05.mes,37,7,주인공,……巳沢さん,미사와 씨,미사와 씨
dom2Fio_X05.mes,Script/dom2Fio_X05.mes,38,26,Shizuku,だったら、イタリアなんかに<6E5C>帰しちゃダメじゃない!,"그럼, 이탈리아 같은 데로<6E5C>보내면 안 되잖아!","그럼, 이탈리아 같은 데로<6E5C>보내면 안 되잖아!"
dom2Fio_X05.mes,Script/dom2Fio_X05.mes,39,11,Shizuku,早く追いかけないと!,빨리 쫓아가야지!,빨리 쫓아가야지!
dom2Fio_X05.mes,Script/dom2Fio_X05.mes,40,5,주인공,…………,…………,…………
dom2Fio_X05.mes,Script/dom2Fio_X05.mes,41,37,Shizuku,フィオも、同じ気持ちなんでしょ?<6E5C>離れたりしたらダメだよ.<6E5C>がんばって!,"피오도, 같은 마음일 거야,<6E5C>그치? 떨어지면 안 돼.<6E5C>힘내!","피오도, 같은 마음일 거야,<6E5C>그치? 떨어지면 안 돼.<6E5C>힘내!"
dom2Fio_X05.mes,Script/dom2Fio_X05.mes,42,17,주인공,……うん!ありがとう、巳沢さん!,"……응! 고마워, 미사와 씨!","……응! 고마워, 미사와 씨!"
dom2Fio_X05.mes,Script/dom2Fio_X05.mes,43,4,[효과음/내레이션],ダダッ,다다닷,다다닷
dom2Fio_X05.mes,Script/dom2Fio_X05.mes,44,15,주인공,(……待ってろよ、フィオ!),"(……기다려, 피오!)","(……기다려, 피오!)"
dom2Fio_X05.mes,Script/dom2Fio_X05.mes,45,25,주인공,(どこに行っても、<6E5C>僕は追いかけるからな……!),"(어디로 가든,<6E5C>내가 쫓아갈 거니까……!)","(어디로 가든,<6E5C>내가 쫓아갈 거니까……!)"
dom2Fio_X05.mes,Script/dom2Fio_X05.mes,46,39,주인공,(……くそ!大学で教えてもらった<6E5C>フィオの部屋はもう、<6E5C>もぬけの殻だし……),(……젠장! 대학에서 알려준<6E5C>피오 방은 벌써<6E5C>텅 비어 있고……),(……젠장! 대학에서 알려준<6E5C>피오 방은 벌써<6E5C>텅 비어 있고……)
dom2Fio_X05.mes,Script/dom2Fio_X05.mes,47,29,주인공,(でも、飛行機の出発まではまだ<6E5C>時間があるって言ってた),"(근데, 비행기 출발까진 아직<6E5C>시간이 있다고 했어)","(근데, 비행기 출발까진 아직<6E5C>시간이 있다고 했어)"
dom2Fio_X05.mes,Script/dom2Fio_X05.mes,48,20,주인공,(きっと、<6E5C>まだこの街にいるはずだ!),(분명<6E5C>아직 이 거리에 있을 거야),(분명<6E5C>아직 이 거리에 있을 거야)
dom2Fio_X05.mes,Script/dom2Fio_X05.mes,49,28,주인공,(空港に行く前にフィオに<6E5C>会わないと、フィオに……!),(공항 가기 전에 피오를<6E5C>만나야 해……!),(공항 가기 전에 피오를<6E5C>만나야 해……!)
dom2Fio_X05.mes,Script/dom2Fio_X05.mes,50,6,[효과음/내레이션],ダダダ……,다다다……,다다다……
dom2Fio_X05.mes,Script/dom2Fio_X05.mes,51,8,주인공,……はぁ、はぁ,……하아 하아,……하아 하아
dom2Fio_X05.mes,Script/dom2Fio_X05.mes,52,15,주인공,……ああ、やっぱりいない……,"……아, 역시 없어……","……아, 역시 없어……"
dom2Fio_X05.mes,Script/dom2Fio_X05.mes,53,37,주인공,フィオ、どうして黙っていなく<6E5C>なるんだ.僕はその程度の<6E5C>存在だったのか?,"피오, 왜 말도 없이<6E5C>사라지는 거야. 난 그 정도<6E5C>존재였던 거야?","피오, 왜 말도 없이<6E5C>사라지는 거야. 난 그 정도<6E5C>존재였던 거야?"
dom2Fio_X05.mes,Script/dom2Fio_X05.mes,54,39,주인공,告白だけして帰るなんて、勝手だよ<6E5C>!君のせいでこんなにも胸が<6E5C>苦しいのに……,"고백만 하고 가버리다니, 너무해<6E5C>!너 때문에 가슴이<6E5C>이렇게 아픈데……","고백만 하고 가버리다니, 너무해<6E5C>!너 때문에 가슴이<6E5C>이렇게 아픈데……"
dom2Fio_X05.mes,Script/dom2Fio_X05.mes,55,18,주인공,……ん?<6E5C>なんだ、あのガラクタ……,"……응?<6E5C>뭐지, 저 고물은……","……응?<6E5C>뭐지, 저 고물은……"
dom2Fio_X05.mes,Script/dom2Fio_X05.mes,56,11,[효과음/내레이션],ガタンッ<020A>ガララ……,덜컹<020A>드르륵……,덜컹<020A>드르륵……
dom2Fio_X05.mes,Script/dom2Fio_X05.mes,57,20,주인공,あ!これは……<6E5C>夏祭りのフィオの戦車!,아!이건……<6E5C>축제 때 피오의 전차!,아!이건……<6E5C>축제 때 피오의 전차!
dom2Fio_X05.mes,Script/dom2Fio_X05.mes,58,40,주인공,あのとき大破したと思ってたけど、<6E5C>まだ残ってたのか!<6E5C>これは……大砲の部分か?,완전히 부서진 줄 알았는데<6E5C>아직 남아 있었구나!<6E5C>이건……포신 부분인가?,완전히 부서진 줄 알았는데<6E5C>아직 남아 있었구나!<6E5C>이건……포신 부분인가?
dom2Fio_X05.mes,Script/dom2Fio_X05.mes,59,14,[선택지],記念に持ち帰る空に向けて撃つ,기념으로 챙긴다하늘에 쏜다,기념으로 챙긴다\하늘에 쏜다
dom2Fio_X05.mes,Script/dom2Fio_X05.mes,60,43,주인공,これが、フィオの置きみやげか.<6E5C>フィオらしいよ、やっぱりかわいく<6E5C>ないみやげだな……,"이게, 피오가 남긴 선물인가.<6E5C>피오답네, 역시 귀엽지<6E5C>않은 선물이네……","이게, 피오가 남긴 선물인가.<6E5C>피오답네, 역시 귀엽지<6E5C>않은 선물이네……"
dom2Fio_X05.mes,Script/dom2Fio_X05.mes,61,21,Hotaru,お兄ちゃん!<6E5C>汗だくになって何してるの?,오빠!<6E5C>땀범벅이 돼서 뭐 하는 거야?,오빠!<6E5C>땀범벅이 돼서 뭐 하는 거야?
dom2Fio_X05.mes,Script/dom2Fio_X05.mes,62,41,주인공,……ぜぇ、ぜぇ.<6E5C>ほたる……部屋に誰か来なかったか<6E5C>?メガネをかけた女の子が……,"……헉, 헉.<6E5C>호타루……방에 누구 오지 않았어<6E5C>? 안경 쓴 여자애가……","……헉, 헉.<6E5C>호타루……방에 누구 오지 않았어<6E5C>? 안경 쓴 여자애가……"
dom2Fio_X05.mes,Script/dom2Fio_X05.mes,63,12,Hotaru,……そんなの知らない!,……그런 거 몰라!,……그런 거 몰라!
dom2Fio_X05.mes,Script/dom2Fio_X05.mes,64,42,Hotaru,大事な子なら、ちゃんとつかまえと<6E5C>けばいいじゃない!<6E5C>お兄ちゃんのバカバカバカッ!,"소중한 애면, 제대로 붙잡아<6E5C>두면 되잖아!<6E5C>바보 바보 바보 오빠!","소중한 애면, 제대로 붙잡아<6E5C>두면 되잖아!<6E5C>바보 바보 바보 오빠!"
dom2Fio_X05.mes,Script/dom2Fio_X05.mes,65,5,UNKNOWN_3e,キュゥ!,큐우!,큐우!
dom2Fio_X05.mes,Script/dom2Fio_X05.mes,66,6,[효과음/내레이션],バリバリッ,지지직,지지직
dom2Fio_X05.mes,Script/dom2Fio_X05.mes,67,8,주인공,い、いってー!,"아, 아야!","아, 아야!"
dom2Fio_X05.mes,Script/dom2Fio_X05.mes,68,20,주인공,……そうか、<6E5C>ここには来てないのか……,"……그런가,<6E5C>여긴 안 왔구나……","……그런가,<6E5C>여긴 안 왔구나……"
dom2Fio_X05.mes,Script/dom2Fio_X05.mes,69,34,Kyo,よぅ、真吾.パン買ってきてくれよ<6E5C>.ユキのぶんと合わせて2個頼むわ,"어이, 신고. 빵 좀 사다 줘<6E5C>. 유키 것까지 2개 부탁한다","어이, 신고. 빵 좀 사다 줘<6E5C>. 유키 것까지 2개 부탁한다"
dom2Fio_X05.mes,Script/dom2Fio_X05.mes,70,17,주인공,なんで草薙先輩がこんなところに!,왜 쿠사나기 선배가 여기에!,왜 쿠사나기 선배가 여기에!
dom2Fio_X05.mes,Script/dom2Fio_X05.mes,71,23,주인공,僕は<이름:3131><이름:3232>です!<6E5C>それにパンは買いません!,저는<이름:3131><이름:3232>예요!<6E5C>그리고 빵은 안 사요!,저는<이름:3131><이름:3232>예요!<6E5C>그리고 빵은 안 사요!
dom2Fio_X05.mes,Script/dom2Fio_X05.mes,72,28,Kyo,なんだ?やさしい先輩の言うことが<6E5C>閉けないってーのか?,뭐야? 착한 선배 말이<6E5C>안 들린다는 거냐?,뭐야? 착한 선배 말이<6E5C>안 들린다는 거냐?
dom2Fio_X05.mes,Script/dom2Fio_X05.mes,73,53,주인공,かんべんしてくださいよ!<6E5C>今はそれどころじゃないんですよ!<485C>男が試される断崖絶壁に<6E5C>立ってるんですから!,좀 봐주세요!<6E5C>지금 그럴 때가 아니라고요!<485C>남자로서 시험받는 벼랑 끝에<6E5C>서 있단 말이에요!,좀 봐주세요!<6E5C>지금 그럴 때가 아니라고요!<485C>남자로서 시험받는 벼랑 끝에<6E5C>서 있단 말이에요!
dom2Fio_X05.mes,Script/dom2Fio_X05.mes,74,24,Kyo,なんだ、そりゃ.面白そうだな.<6E5C>俺にも教えろよ,"뭐야, 그게. 재밌겠는데.<6E5C>나한테도 말해봐","뭐야, 그게. 재밌겠는데.<6E5C>나한테도 말해봐"
dom2Fio_X05.mes,Script/dom2Fio_X05.mes,75,10,주인공,そんなのんきな……,그런 한가한……,그런 한가한……
dom2Fio_X05.mes,Script/dom2Fio_X05.mes,76,43,주인공,……好きになった子が、<6E5C>遠くに行っちゃいそうなんですよ!<6E5C>それを必死に探していて……,"……좋아하는 애가,<6E5C>멀리 갈 것 같아요!<6E5C>필사적으로 찾고 있는데……","……좋아하는 애가,<6E5C>멀리 갈 것 같아요!<6E5C>필사적으로 찾고 있는데……"
dom2Fio_X05.mes,Script/dom2Fio_X05.mes,77,35,Kyo,なんだと?だったらこんなところ<6E5C>で油売ってる場合じゃ<6E5C>ねーじゃねーか,뭐라고? 그럼 이런 데서<6E5C>놀고 있을 때가<6E5C>아니잖아,뭐라고? 그럼 이런 데서<6E5C>놀고 있을 때가<6E5C>아니잖아
dom2Fio_X05.mes,Script/dom2Fio_X05.mes,78,26,Kyo,さっさとつかまえて、<6E5C>二度と離さねぇようにしろよ!,"얼른 붙잡아서,<6E5C>두 번 다시 놓치지 말라고!","얼른 붙잡아서,<6E5C>두 번 다시 놓치지 말라고!"
dom2Fio_X05.mes,Script/dom2Fio_X05.mes,79,6,[효과음/내레이션],バシーン!,찰싹!,찰싹!
dom2Fio_X05.mes,Script/dom2Fio_X05.mes,80,6,주인공,いってー!,아야!,아야!
dom2Fio_X05.mes,Script/dom2Fio_X05.mes,81,19,주인공,い、言われなくてもわかってますよ<6E5C>!,"마, 말 안 해도 알아요<6E5C>!","마, 말 안 해도 알아요<6E5C>!"
dom2Fio_X05.mes,Script/dom2Fio_X05.mes,82,4,[효과음/내레이션],ドンッ,쿵,쿵
dom2Fio_X05.mes,Script/dom2Fio_X05.mes,83,15,주인공,あ!すいません、急いでて……,"아! 죄송해요, 급해서……","아! 죄송해요, 급해서……"
dom2Fio_X05.mes,Script/dom2Fio_X05.mes,84,6,Iori,貴様は……,네놈은……,네놈은……
dom2Fio_X05.mes,Script/dom2Fio_X05.mes,85,17,주인공,八神先輩!なんでこんなときに……,야가미 선배!왜 하필 지금……,야가미 선배!왜 하필 지금……
dom2Fio_X05.mes,Script/dom2Fio_X05.mes,86,23,주인공,すいません先輩、僕、<6E5C>本当に急いでるんで……,죄송해요 선배 저 진짜<6E5C>급해서 그런데……,죄송해요 선배 저 진짜<6E5C>급해서 그런데……
dom2Fio_X05.mes,Script/dom2Fio_X05.mes,87,30,Iori,それが先輩に対する態度か!<6E5C>貴様は礼儀というものを知らん!,그게 선배한테 하는 태도냐!<6E5C>네놈은 예의를 모르는군!,그게 선배한테 하는 태도냐!<6E5C>네놈은 예의를 모르는군!
dom2Fio_X05.mes,Script/dom2Fio_X05.mes,88,12,Iori,それで教師が務まるか!,그러고도 교사냐!,그러고도 교사냐!
dom2Fio_X05.mes,Script/dom2Fio_X05.mes,89,19,주인공,ひぇぇ.<6E5C>教育実習はもうとっくに……,히익.<6E5C>교육실습은 벌써 예전에……,히익.<6E5C>교육실습은 벌써 예전에……
dom2Fio_X05.mes,Script/dom2Fio_X05.mes,90,33,주인공,まぁいいや、<6E5C>とにかくすいませんでした.<6E5C>では僕、急ぎますので!,"뭐 됐어요,<6E5C>아무튼 죄송했습니다.<6E5C>그럼 저 급해서 이만!","뭐 됐어요,<6E5C>아무튼 죄송했습니다.<6E5C>그럼 저 급해서 이만!"
dom2Fio_X05.mes,Script/dom2Fio_X05.mes,91,27,Iori,待て、貴様ッ!<6E5C>……貴様からは京のにおいが<6E5C>する……,기다려!<6E5C>……네놈한테서 쿄의 냄새가<6E5C>난다……,기다려!<6E5C>……네놈한테서 쿄의 냄새가<6E5C>난다……
dom2Fio_X05.mes,Script/dom2Fio_X05.mes,92,18,Iori,<이름:3131><이름:3232>、<6E5C>おまえは京と会ったな?,"<이름:3131><이름:3232>,<6E5C>너 쿄와 만났지?","<이름:3131><이름:3232>,<6E5C>너 쿄와 만났지?"
dom2Fio_X05.mes,Script/dom2Fio_X05.mes,93,12,Iori,教えろ!やつはどこだ!,말해라! 어디냐!,말해라! 어디냐!
dom2Fio_X05.mes,Script/dom2Fio_X05.mes,94,31,주인공,ひぇぇぇぇぇ…….<6E5C>もう、本当にかんべんして<6E5C>くださいぃ……,"히이이익…….<6E5C>정말, 진짜 좀 봐주세요<6E5C>……","히이이익…….<6E5C>정말, 진짜 좀 봐주세요<6E5C>……"
dom2Fio_X05.mes,Script/dom2Fio_X05.mes,95,6,[효과음/내레이션],ダダダ……,다다다……,다다다……
dom2Fio_X05.mes,Script/dom2Fio_X05.mes,96,8,주인공,……はぁ、はぁ,……하아 하아,……하아 하아
dom2Fio_X05.mes,Script/dom2Fio_X05.mes,97,39,주인공,……ダメだ、ここにもいない…….<6E5C>もう、もう二度とフィオに<6E5C>会えないのか!?,"……안 돼, 여기도 없어…….<6E5C>이제, 다신 피오를<6E5C>못 만나는 거야!?","……안 돼, 여기도 없어…….<6E5C>이제, 다신 피오를<6E5C>못 만나는 거야!?"
dom2Fio_X05.mes,Script/dom2Fio_X05.mes,98,37,주인공,そんなのは嫌だ!<6E5C>フィオ、どうして僕に何も<6E5C>言わずに消えたりするんだよ!,"그런 건 싫어!<6E5C>피오, 왜 나한테 아무 말도<6E5C>없이 사라지는 거야!","그런 건 싫어!<6E5C>피오, 왜 나한테 아무 말도<6E5C>없이 사라지는 거야!"
dom2Fio_X05.mes,Script/dom2Fio_X05.mes,99,8,주인공,……はぁ、はぁ,……하아 하아,……하아 하아
dom2Fio_X05.mes,Script/dom2Fio_X05.mes,100,15,주인공,……ああ、やっぱりいない……,"……아, 역시 없어……","……아, 역시 없어……"
dom2Fio_X05.mes,Script/dom2Fio_X05.mes,101,37,주인공,フィオ、どうして黙っていなく<6E5C>なるんだ.僕はその程度の<6E5C>存在だったのか?,"피오, 왜 말도 없이<6E5C>사라지는 거야. 난 그 정도<6E5C>존재였던 거야?","피오, 왜 말도 없이<6E5C>사라지는 거야. 난 그 정도<6E5C>존재였던 거야?"
dom2Fio_X05.mes,Script/dom2Fio_X05.mes,102,39,주인공,告白だけして帰るなんて、勝手だよ<6E5C>!君のせいでこんなにも胸が<6E5C>苦しいのに……,"고백만 하고 가버리다니, 너무해<6E5C>!너 때문에 가슴이<6E5C>이렇게 아픈데……","고백만 하고 가버리다니, 너무해<6E5C>!너 때문에 가슴이<6E5C>이렇게 아픈데……"
dom2Fio_ending1.mes,Script/dom2Fio_ending1.mes,0,40,주인공,フィオ……フィオがいなくなったら<6E5C>、誰がこんな物騒なマシン、<6E5C>あつかうんだよ!,"피오……피오가 없어지면<6E5C>, 누가 이런 위험한 기계를<6E5C>다루겠어!","피오……피오가 없어지면<6E5C>, 누가 이런 위험한 기계를<6E5C>다루겠어!"
dom2Fio_ending1.mes,Script/dom2Fio_ending1.mes,1,22,주인공,おまえがいないと意味ないんだ!<6E5C>なにも……,네가 없으면 의미 없어!<6E5C>아무것도……,네가 없으면 의미 없어!<6E5C>아무것도……
dom2Fio_ending1.mes,Script/dom2Fio_ending1.mes,2,56,주인공,……もう、イタリアに向かう<6E5C>飛行機の中か?<485C>俺の気持ちも知らないで、<6E5C>勝手にいなくなりやがって!<6E5C>見てろよ!!,"……벌써, 이탈리아로 향하는<6E5C>비행기 안인가?<485C>내 마음도 모르고,<6E5C>제멋대로 없어지다니!<6E5C>두고 봐라!!","……벌써, 이탈리아로 향하는<6E5C>비행기 안인가?<485C>내 마음도 모르고,<6E5C>제멋대로 없어지다니!<6E5C>두고 봐라!!"
dom2Fio_ending1.mes,Script/dom2Fio_ending1.mes,3,9,[효과음/내레이션],ガチャ、ガチャ、,"철컥, 철컥,","철컥, 철컥,"
dom2Fio_ending1.mes,Script/dom2Fio_ending1.mes,4,5,[효과음/내레이션],…………,…………,…………
dom2Fio_ending1.mes,Script/dom2Fio_ending1.mes,5,11,[효과음/내레이션],ドッカーーーン!!!,콰과아아앙!!!,콰과아아앙!!!
dom2Fio_ending1.mes,Script/dom2Fio_ending1.mes,6,26,주인공,……これが僕の今の気持ちだよ.<6E5C>フィオ、届いたか?,"……이게 지금 내 마음이야.<6E5C>피오, 닿았어?","……이게 지금 내 마음이야.<6E5C>피오, 닿았어?"
dom2Fio_ending1.mes,Script/dom2Fio_ending1.mes,7,28,주인공,でも、こんなことしても、<6E5C>フィオに会えない悲しさは……,"근데, 이런다고 해도<6E5C>피오를 못 만나는 슬픔은……","근데, 이런다고 해도<6E5C>피오를 못 만나는 슬픔은……"
dom2Fio_ending1.mes,Script/dom2Fio_ending1.mes,8,9,[효과음/내레이션],……キラーン……,……반짝……,……반짝……
dom2Fio_ending1.mes,Script/dom2Fio_ending1.mes,9,25,주인공,……ああ、青い空が輝いてる.<6E5C>僕、泣いてるのか?,"……아, 파란 하늘이 빛나.<6E5C>나 울어?","……아, 파란 하늘이 빛나.<6E5C>나 울어?"
dom2Fio_ending1.mes,Script/dom2Fio_ending1.mes,10,51,주인공,どうやら、そうとうフィオに<6E5C>惚れちゃってたみたいだな<485C>いなくなってから気づくなんて、<6E5C>愚かすぎる……,"아무래도, 나 완전히 피오한테<6E5C>반해 있었나 봐<485C>없어지고 나서야 깨닫다니,<6E5C>너무 어리석어……","아무래도, 나 완전히 피오한테<6E5C>반해 있었나 봐<485C>없어지고 나서야 깨닫다니,<6E5C>너무 어리석어……"
dom2Fio_ending1.mes,Script/dom2Fio_ending1.mes,11,13,[효과음/내레이션],……<이름:3232>さーーーん!……,……<이름:3232>씨이이!……,……<이름:3232>씨이이!……
dom2Fio_ending1.mes,Script/dom2Fio_ending1.mes,12,15,주인공,……今度はフィオの幻聴か……,……또 피오 환청인가……,……또 피오 환청인가……
dom2Fio_ending1.mes,Script/dom2Fio_ending1.mes,13,21,주인공,こんなことじゃ、<6E5C>忘れられそうにもないよ,"이런 걸론,<6E5C>잊을 수 없을 것 같아","이런 걸론,<6E5C>잊을 수 없을 것 같아"
dom2Fio_ending1.mes,Script/dom2Fio_ending1.mes,14,25,주인공,フィオ、こうなったらイタリアまで<6E5C>追いかけに……,피오 이렇게 된 이상 이탈리아까지<6E5C>쫓아가……,피오 이렇게 된 이상 이탈리아까지<6E5C>쫓아가……
dom2Fio_ending1.mes,Script/dom2Fio_ending1.mes,15,10,UNKNOWN_1e,<이름:3232>さーーーん!!,<이름:3232>씨이이!!,<이름:3232>씨이이!!
dom2Fio_ending1.mes,Script/dom2Fio_ending1.mes,16,6,주인공,……あれ?,……어라?,……어라?
dom2Fio_ending1.mes,Script/dom2Fio_ending1.mes,17,39,주인공,幻聴が、だんだんはっきりと…….<6E5C>僕、本当におかしくなって<6E5C>しまったのかな?,"환청이, 점점 또렷하게…….<6E5C>나, 진짜 이상해져<6E5C>버린 걸까?","환청이, 점점 또렷하게…….<6E5C>나, 진짜 이상해져<6E5C>버린 걸까?"
dom2Fio_ending1.mes,Script/dom2Fio_ending1.mes,18,25,UNKNOWN_1e,<이름:3232>さーーーん!!!<6E5C>受け止めてくださーーーい!,<이름:3232>씨이이!!!<6E5C>받아주세요오오!,<이름:3232>씨이이!!!<6E5C>받아주세요오오!
dom2Fio_ending1.mes,Script/dom2Fio_ending1.mes,19,15,주인공,え?……わぁっ、フィオ!!!,"뭐?……우왓, 피오!!!","뭐?……우왓, 피오!!!"
dom2Fio_ending1.mes,Script/dom2Fio_ending1.mes,20,7,Fio,きゃあああ!,꺄아아아!,꺄아아아!
dom2Fio_ending1.mes,Script/dom2Fio_ending1.mes,21,9,[효과음/내레이션],ドッカーン!!!,콰과앙!!!,콰과앙!!!
dom2Fio_ending1.mes,Script/dom2Fio_ending1.mes,22,8,주인공,わあああああ!,으아아아아!,으아아아아!
dom2Fio_ending1.mes,Script/dom2Fio_ending1.mes,23,27,Fio,……す、すごいです<이름:3232>さん!<6E5C>ナイスキャッチですぅ!,"……대, 대단해요<이름:3232>씨!<6E5C>나이스 캐치예요!","……대, 대단해요<이름:3232>씨!<6E5C>나이스 캐치예요!"
dom2Fio_ending1.mes,Script/dom2Fio_ending1.mes,24,28,주인공,な、なんて無茶なことを……<6E5C>どーゆーことだよ、これは!,"무, 무슨 말도 안 되는 짓을……<6E5C>이게 뭐냐고!","무, 무슨 말도 안 되는 짓을……<6E5C>이게 뭐냐고!"
dom2Fio_ending1.mes,Script/dom2Fio_ending1.mes,25,21,Fio,わたし、イタリア行きの便に<6E5C>乗ったんです,"저, 이탈리아행 비행기에<6E5C>탔었거든요","저, 이탈리아행 비행기에<6E5C>탔었거든요"
dom2Fio_ending1.mes,Script/dom2Fio_ending1.mes,26,30,Fio,窓からこの街を見納めしていたら、<6E5C>神楽神社の方から光が……,"창밖으로 거리를 보는데,<6E5C>카구라 신사 쪽에서 빛이……","창밖으로 거리를 보는데,<6E5C>카구라 신사 쪽에서 빛이……"
dom2Fio_ending1.mes,Script/dom2Fio_ending1.mes,27,13,주인공,まさか、さっきの僕の……,"설마, 아까 내가……","설마, 아까 내가……"
dom2Fio_ending1.mes,Script/dom2Fio_ending1.mes,28,41,Fio,<이름:3232>さんのメッセージ、<6E5C>受け取りました!<485C>フィオさん、<6E5C>降りてきちゃいましたよ!,"<이름:3232>씨의 메시지,<6E5C>받았어요!<485C>피오 양,<6E5C>내려와 버렸어요!","<이름:3232>씨의 메시지,<6E5C>받았어요!<485C>피오 양,<6E5C>내려와 버렸어요!"
dom2Fio_ending1.mes,Script/dom2Fio_ending1.mes,29,19,주인공,勝手に降りれるのかよ!<6E5C>旅客機から!,맘대로 내려도 돼!?<6E5C>여객기에서!,맘대로 내려도 돼!?<6E5C>여객기에서!
dom2Fio_ending1.mes,Script/dom2Fio_ending1.mes,30,26,Fio,フィオさんにかかれば、<6E5C>おちゃのこサイサイですぅ!,"피오 양한테 걸리면,<6E5C>식은 죽 먹기예요!","피오 양한테 걸리면,<6E5C>식은 죽 먹기예요!"
dom2Fio_ending1.mes,Script/dom2Fio_ending1.mes,31,22,주인공,でもパラシュートなんて……<6E5C>無茶すぎるぞ!,근데 낙하산이라니……<6E5C>너무 무모하잖아!,근데 낙하산이라니……<6E5C>너무 무모하잖아!
dom2Fio_ending1.mes,Script/dom2Fio_ending1.mes,32,13,Fio,はうう……迷惑でしたか?,하우우……민폐였나요?,하우우……민폐였나요?
dom2Fio_ending1.mes,Script/dom2Fio_ending1.mes,33,11,주인공,迷惑とかそういう……,"민폐라니, 그게……","민폐라니, 그게……"
dom2Fio_ending1.mes,Script/dom2Fio_ending1.mes,34,16,주인공,もう、そんなのどうでもいいよ!,"됐어, 그런 건 상관없어!","됐어, 그런 건 상관없어!"
dom2Fio_ending1.mes,Script/dom2Fio_ending1.mes,35,4,[효과음/내레이션],ギュッ,꼬옥,꼬옥
dom2Fio_ending1.mes,Script/dom2Fio_ending1.mes,36,24,주인공,……よかった.<6E5C>もう、2度と会えないかと思った,……다행이야.<6E5C>이제 못 만날 줄 알았어,……다행이야.<6E5C>이제 못 만날 줄 알았어
dom2Fio_ending1.mes,Script/dom2Fio_ending1.mes,37,21,주인공,フィオ……<6E5C>僕の前から消えたりするなよ!,피오……<6E5C>내 앞에서 사라지지 마!,피오……<6E5C>내 앞에서 사라지지 마!
dom2Fio_ending1.mes,Script/dom2Fio_ending1.mes,38,37,Fio,ご、ごめんなさい!<6E5C>だって、<이름:3232>さんはわたしの<6E5C>気持ちなんて迷惑かと……,"죄, 죄송해요!<6E5C>그치만,<이름:3232>씨는 제<6E5C>마음 같은 거 민폐일까 봐……","죄, 죄송해요!<6E5C>그치만,<이름:3232>씨는 제<6E5C>마음 같은 거 민폐일까 봐……"
dom2Fio_ending1.mes,Script/dom2Fio_ending1.mes,39,32,주인공,勝手に決めるなよ!<6E5C>こんなにも、フィオのことが<6E5C>好きなのに……,"멋대로 정하지 마!<6E5C>이렇게나, 피오를<6E5C>좋아하는데……","멋대로 정하지 마!<6E5C>이렇게나, 피오를<6E5C>좋아하는데……"
dom2Fio_ending1.mes,Script/dom2Fio_ending1.mes,40,18,Fio,えええええ!<6E5C>そそそそそそんな……,에에에에엑!<6E5C>그그그그그그런……,에에에에엑!<6E5C>그그그그그그런……
dom2Fio_ending1.mes,Script/dom2Fio_ending1.mes,41,21,주인공,なんだよ、<6E5C>好きになったらいけないのか?,"왜 그래,<6E5C>좋아하면 안 되는 거야?","왜 그래,<6E5C>좋아하면 안 되는 거야?"
dom2Fio_ending1.mes,Script/dom2Fio_ending1.mes,42,23,Fio,そんなぁ!フィオさん、<6E5C>うれしくて……ううっ,"그런 말이……! 피오 양,<6E5C>기뻐서……흐윽","그런 말이……! 피오 양,<6E5C>기뻐서……흐윽"
dom2Fio_ending1.mes,Script/dom2Fio_ending1.mes,43,17,주인공,フィオ……もう、どこにも行くなよ,피오……이제 어디에도 가지 마,피오……이제 어디에도 가지 마
dom2Fio_ending1.mes,Script/dom2Fio_ending1.mes,44,20,주인공,いや、もうぜったいに離さないから<6E5C>……,아니 이제 절대 안 놓을 거야<6E5C>……,아니 이제 절대 안 놓을 거야<6E5C>……
dom2Fio_ending1.mes,Script/dom2Fio_ending1.mes,45,34,Fio,はうう!わたしも、わたしも、<6E5C>もう<이름:3232>さんのそばから<6E5C>離れません!,"하우우! 저도, 저도,<6E5C>이제<이름:3232>씨 곁에서<6E5C>떠나지 않을게요!","하우우! 저도, 저도,<6E5C>이제<이름:3232>씨 곁에서<6E5C>떠나지 않을게요!"
dom2Fio_ending1.mes,Script/dom2Fio_ending1.mes,46,12,Fio,……あの、<이름:3232>さん……,"……저기,<이름:3232>씨……","……저기,<이름:3232>씨……"
dom2Fio_ending1.mes,Script/dom2Fio_ending1.mes,47,5,주인공,なんだ?,왜?,왜?
dom2Fio_ending1.mes,Script/dom2Fio_ending1.mes,48,12,Fio,その、あの、あぅぅ……,"그, 저기 아우우……","그, 저기 아우우……"
dom2Fio_ending1.mes,Script/dom2Fio_ending1.mes,49,9,주인공,はっきり言えよ!,확실히 말해!,확실히 말해!
dom2Fio_ending1.mes,Script/dom2Fio_ending1.mes,50,25,Fio,はううっ!……あのですね、<6E5C>こーゆーときって……,"하웃!……저기 있잖아요,<6E5C>이럴 때는……","하웃!……저기 있잖아요,<6E5C>이럴 때는……"
dom2Fio_ending1.mes,Script/dom2Fio_ending1.mes,51,15,주인공,あー……では、お言葉に甘えて,"아……그럼, 말씀대로 할게","아……그럼, 말씀대로 할게"
dom2Fio_ending1.mes,Script/dom2Fio_ending1.mes,52,15,Fio,きゃああ!やっぱりいいです!,꺄아! 역시 됐어요!,꺄아! 역시 됐어요!
dom2Fio_ending1.mes,Script/dom2Fio_ending1.mes,53,24,주인공,ああもう、暴れるなよ.<6E5C>……はい、目を閉じて!,"아 정말, 버둥대지 마.<6E5C>……자 눈 감아!","아 정말, 버둥대지 마.<6E5C>……자 눈 감아!"
dom2Fio_ending1.mes,Script/dom2Fio_ending1.mes,54,4,[효과음/내레이션],チュッ,쪽,쪽
dom2Fio_ending1.mes,Script/dom2Fio_ending1.mes,55,7,Fio,はうううう~,하우우우~,하우우우~
dom2Fio_ending1.mes,Script/dom2Fio_ending1.mes,56,21,Fio,ミッションコンプリート……<6E5C>ですぅ!!!,미션 컴플리트……<6E5C>예요!!!,미션 컴플리트……<6E5C>예요!!!
dom2Fio_ending1.mes,Script/dom2Fio_ending1.mes,57,24,Shizuku,すごい、シナリオをぜんぶ<6E5C>読んでくれたんだね!,"대단해, 시나리오를 전부<6E5C>읽어줬구나!","대단해, 시나리오를 전부<6E5C>읽어줬구나!"
dom2Fio_ending1.mes,Script/dom2Fio_ending1.mes,58,35,Shizuku,これは私たちからのささやかな<6E5C>プレゼントです.<6E5C>受け取ってください!,이건 저희들이 드리는 작은<6E5C>선물이에요.<6E5C>받아주세요!,이건 저희들이 드리는 작은<6E5C>선물이에요.<6E5C>받아주세요!
dom2Fio_ending1.mes,Script/dom2Fio_ending1.mes,59,12,UNKNOWN_66,おめでとうございます!,축하합니다!,축하합니다!
dom2Fio_ending1.mes,Script/dom2Fio_ending1.mes,60,20,UNKNOWN_66,私たちを見つけてくれて、<6E5C>ありがとう!,"저희들을 찾아주셔서,<6E5C>감사합니다!","저희들을 찾아주셔서,<6E5C>감사합니다!"
dom2Fio_ending2.mes,Script/dom2Fio_ending2.mes,0,7,UNKNOWN_1e,<이름:3131>くん……,<이름:3131>군……,<이름:3131>군……
dom2Fio_ending2.mes,Script/dom2Fio_ending2.mes,1,2,주인공,!,!,!
dom2Fio_ending2.mes,Script/dom2Fio_ending2.mes,2,5,Shizuku,…………,…………,…………
dom2Fio_ending2.mes,Script/dom2Fio_ending2.mes,3,15,주인공,……巳沢さん、どうしてここに,"……미사와 씨, 왜 여기에","……미사와 씨, 왜 여기에"
dom2Fio_ending2.mes,Script/dom2Fio_ending2.mes,4,28,Shizuku,……工作部に研究室に行ってみたの<6E5C>.そしたらこれが……,……공작부 연구실에 가봤는데<6E5C>. 그랬더니 이게……,……공작부 연구실에 가봤는데<6E5C>. 그랬더니 이게……
dom2Fio_ending2.mes,Script/dom2Fio_ending2.mes,5,4,주인공,え……,어……,어……
dom2Fio_ending2.mes,Script/dom2Fio_ending2.mes,6,16,주인공,……これは、くまのぬいぐるみ?,"……이건, 곰 인형?","……이건, 곰 인형?"
dom2Fio_ending2.mes,Script/dom2Fio_ending2.mes,7,15,Shizuku,……フィオが置いていったのよ,……피오가 두고 간 거야,……피오가 두고 간 거야
dom2Fio_ending2.mes,Script/dom2Fio_ending2.mes,8,31,주인공,そうか、これがペッピーノか…….<6E5C>ハハッ、本当にボロボロだな,"그렇구나, 이게 페피노구나…….<6E5C>하하, 진짜 다 헤졌네","그렇구나, 이게 페피노구나…….<6E5C>하하, 진짜 다 헤졌네"
dom2Fio_ending2.mes,Script/dom2Fio_ending2.mes,9,16,주인공,……でも、どうして研究室に……,"……근데, 왜 연구실에……","……근데, 왜 연구실에……"
dom2Fio_ending2.mes,Script/dom2Fio_ending2.mes,10,26,Shizuku,そのぬいぐるみと一緒に、<6E5C>この手紙が置いてあったわ,"그 인형이랑 같이,<6E5C>이 편지가 놓여 있었어","그 인형이랑 같이,<6E5C>이 편지가 놓여 있었어"
dom2Fio_ending2.mes,Script/dom2Fio_ending2.mes,11,7,주인공,えっ、手紙!,"어, 편지!","어, 편지!"
dom2Fio_ending2.mes,Script/dom2Fio_ending2.mes,12,6,[효과음/내레이션],ガサガサッ,부스럭,부스럭
dom2Fio_ending2.mes,Script/dom2Fio_ending2.mes,13,41,[효과음/내레이션],「――<이름:3232>さん、雫さん、<6E5C>清泉大学のみなさん、黙って<6E5C>帰ってしまってごめんなさい,"「――<이름:3232>씨, 시즈쿠 씨,<6E5C>세이센대학 여러분, 말없이<6E5C>돌아가서 죄송해요","「――<이름:3232>씨, 시즈쿠 씨,<6E5C>세이센대학 여러분, 말없이<6E5C>돌아가서 죄송해요"
dom2Fio_ending2.mes,Script/dom2Fio_ending2.mes,14,29,[효과음/내레이션],わたしは留学生、いずれ国へ<6E5C>帰らなければならない身でした,전 유학생이라 언젠가 나라로<6E5C>돌아가야 할 몸이었어요,전 유학생이라 언젠가 나라로<6E5C>돌아가야 할 몸이었어요
dom2Fio_ending2.mes,Script/dom2Fio_ending2.mes,15,41,[효과음/내레이션],でも、みなさんがとても優しすぎて<6E5C>、別れるのがとてもつらくなって<6E5C>しまったのです,"하지만, 다들 너무 다정하셔서<6E5C>, 헤어지는 게 너무 힘들어져<6E5C>버렸어요","하지만, 다들 너무 다정하셔서<6E5C>, 헤어지는 게 너무 힘들어져<6E5C>버렸어요"
dom2Fio_ending2.mes,Script/dom2Fio_ending2.mes,16,37,[효과음/내레이션],迷惑をかけないために、<6E5C>黙って帰ることを選びました.<6E5C>本当にごめんなさい,폐를 끼치지 않으려고<6E5C>말없이 돌아가는 걸 택했어요.<6E5C>정말 죄송해요,폐를 끼치지 않으려고<6E5C>말없이 돌아가는 걸 택했어요.<6E5C>정말 죄송해요
dom2Fio_ending2.mes,Script/dom2Fio_ending2.mes,17,10,[효과음/내레이션],そして<이름:3232>さん……,그리고<이름:3232>씨……,그리고<이름:3232>씨……
dom2Fio_ending2.mes,Script/dom2Fio_ending2.mes,18,41,[효과음/내레이션],あなたに会えて、本当に<6E5C>良かったです.フィオは一生、<6E5C><이름:3232>さんのことを忘れません,"당신을 만나서, 정말<6E5C>좋았어요. 피오는 평생,<6E5C><이름:3232>씨를 잊지 않을게요","당신을 만나서, 정말<6E5C>좋았어요. 피오는 평생,<6E5C><이름:3232>씨를 잊지 않을게요"
dom2Fio_ending2.mes,Script/dom2Fio_ending2.mes,19,28,[효과음/내레이션],短い間だけど一緒にいてくれて、<6E5C>ありがとうございました,"짧은 시간이지만 함께해줘서,<6E5C>고마웠어요","짧은 시간이지만 함께해줘서,<6E5C>고마웠어요"
dom2Fio_ending2.mes,Script/dom2Fio_ending2.mes,20,28,[효과음/내레이션],わたしの大事な大事な友達、<6E5C>ペッピーノを置いてゆきます,"제 소중하고 소중한 친구,<6E5C>페피노를 두고 갈게요","제 소중하고 소중한 친구,<6E5C>페피노를 두고 갈게요"
dom2Fio_ending2.mes,Script/dom2Fio_ending2.mes,21,50,[효과음/내레이션],どうか、わたしの代わりに<6E5C>かわいがってください<485C><이름:3232>さんなら、きっと<6E5C>優しくしてくれると信じてます,"부디, 저 대신<6E5C>예뻐해 주세요<485C><이름:3232>씨라면, 분명<6E5C>다정하게 대해주실 거라 믿어요","부디, 저 대신<6E5C>예뻐해 주세요<485C><이름:3232>씨라면, 분명<6E5C>다정하게 대해주실 거라 믿어요"
dom2Fio_ending2.mes,Script/dom2Fio_ending2.mes,22,43,[효과음/내레이션],わたしにはもう、<6E5C><이름:3232>さんとの思い出があるから<6E5C>さみしくありません<485C>さようなら――」,"저에게는 이제,<6E5C><이름:3232>씨와의 추억이 있으니까<6E5C>외롭지 않아요<485C>안녕히――」","저에게는 이제,<6E5C><이름:3232>씨와의 추억이 있으니까<6E5C>외롭지 않아요<485C>안녕히――」"
dom2Fio_ending2.mes,Script/dom2Fio_ending2.mes,23,6,주인공,フィオ……,피오……,피오……
dom2Fio_ending2.mes,Script/dom2Fio_ending2.mes,24,7,Shizuku,<이름:3131>くん……,<이름:3131>군……,<이름:3131>군……
dom2Fio_ending2.mes,Script/dom2Fio_ending2.mes,25,32,주인공,ありがとう、巳沢さん.……<6E5C>少しひとりに、<6E5C>させてくれないかな,"고마워, 미사와 씨.……<6E5C>잠깐 혼자,<6E5C>있게 해줄래?","고마워, 미사와 씨.……<6E5C>잠깐 혼자,<6E5C>있게 해줄래?"
dom2Fio_ending2.mes,Script/dom2Fio_ending2.mes,26,5,Shizuku,……うん,……응,……응
dom2Fio_ending2.mes,Script/dom2Fio_ending2.mes,27,14,주인공,うっ……くっ……フィオ……,윽……흑……피오……,윽……흑……피오……
dom2Fio_ending2.mes,Script/dom2Fio_ending2.mes,28,12,[효과음/내레이션],♪カランコロンカラ~ン,♪딸랑딸랑딸~랑,♪딸랑딸랑딸~랑
dom2Fio_ending2.mes,Script/dom2Fio_ending2.mes,29,21,주인공,こんなにお酒がほしいのは、<6E5C>初めてだ……,"이렇게 술이 간절한 건,<6E5C>처음이야……","이렇게 술이 간절한 건,<6E5C>처음이야……"
