file,rel_path,block,n_tokens,speaker,source,ai_draft,translation
dom2Chizuru_L01.mes,Script/dom2Chizuru_L01.mes,0,27,주인공,(そういえば、もうすぐここで<6E5C>夏祭りがあるんだなぁ),,
dom2Chizuru_L01.mes,Script/dom2Chizuru_L01.mes,1,11,Chizuru,いらっしゃい、<이름:3131>君,,
dom2Chizuru_L01.mes,Script/dom2Chizuru_L01.mes,2,7,주인공,あ、神楽先輩,,
dom2Chizuru_L01.mes,Script/dom2Chizuru_L01.mes,3,11,Chizuru,あら、そっけないわね,,
dom2Chizuru_L01.mes,Script/dom2Chizuru_L01.mes,4,22,Chizuru,私に会いに来てくれたわけでは<6E5C>ないのかしら,,
dom2Chizuru_L01.mes,Script/dom2Chizuru_L01.mes,5,30,주인공,(もしかしたらフィオがいるかなと<6E5C>思って来たんだけど……),,
dom2Chizuru_L01.mes,Script/dom2Chizuru_L01.mes,6,19,[선택지],友だちを探しに来た神楽先輩に会いに来た,,
dom2Chizuru_L01.mes,Script/dom2Chizuru_L01.mes,7,19,주인공,いえ、今日は友だちを探しに……<6E5C>あ!,,
dom2Chizuru_L01.mes,Script/dom2Chizuru_L01.mes,8,7,[효과음/내레이션],ずってーん!,,
dom2Chizuru_L01.mes,Script/dom2Chizuru_L01.mes,9,6,UNKNOWN_1e,いたたた…,,
dom2Chizuru_L01.mes,Script/dom2Chizuru_L01.mes,10,6,주인공,……フィオ,,
dom2Chizuru_L01.mes,Script/dom2Chizuru_L01.mes,11,21,Fio,フィオさん平気です!<6E5C>だいじょうぶです!,,
dom2Chizuru_L01.mes,Script/dom2Chizuru_L01.mes,12,28,Chizuru,あらあら、<이름:3131>君が探してた<6E5C>お友だちは、この方かしら?,,
dom2Chizuru_L01.mes,Script/dom2Chizuru_L01.mes,13,14,Fio,へ?<이름:3232>さんがわたしを!?,,
dom2Chizuru_L01.mes,Script/dom2Chizuru_L01.mes,14,21,주인공,あ、うん.<6E5C>一緒にレポートしようと思って,,
dom2Chizuru_L01.mes,Script/dom2Chizuru_L01.mes,15,21,Chizuru,ふふ、仲がよろしいのね.<6E5C>うらやましいわ,,
dom2Chizuru_L01.mes,Script/dom2Chizuru_L01.mes,16,27,주인공,(少し誤解があるような気がする<6E5C>けど……まぁいいか),,
dom2Chizuru_L01.mes,Script/dom2Chizuru_L01.mes,17,21,주인공,い、いえ、神楽先輩に会いに<6E5C>来たんですよ,,
dom2Chizuru_L01.mes,Script/dom2Chizuru_L01.mes,18,20,Chizuru,うれしいわ.<6E5C>ゼミの課題のことかしら?,,
dom2Chizuru_L01.mes,Script/dom2Chizuru_L01.mes,19,32,주인공,そ、そうです.神楽神社の歴史に<6E5C>ついて閉きたいな、と思いまして,,
dom2Chizuru_L01.mes,Script/dom2Chizuru_L01.mes,20,37,주인공,(お、とっさに思いついたにしては<6E5C>、けっこうまともな<6E5C>質問じゃないか?),,
dom2Chizuru_L01.mes,Script/dom2Chizuru_L01.mes,21,9,Chizuru,神楽神社の歴史?,,
dom2Chizuru_L01.mes,Script/dom2Chizuru_L01.mes,22,12,주인공,はい、成り立ちとか……,,
dom2Chizuru_L01.mes,Script/dom2Chizuru_L01.mes,23,51,Chizuru,成り立ちか……<485C>この神社は神道を信仰するために<6E5C>作られたものではなく、<6E5C>とあるものを護るための社なの,,
dom2Chizuru_L01.mes,Script/dom2Chizuru_L01.mes,24,7,주인공,とあるもの?,,
dom2Chizuru_L01.mes,Script/dom2Chizuru_L01.mes,25,32,Chizuru,存在するだけで人を不幸にして<6E5C>しまうものが、世の中にはあるのよ,,
dom2Chizuru_L01.mes,Script/dom2Chizuru_L01.mes,26,23,주인공,何かの武器とか道具とか、<6E5C>そういうものですか,,
dom2Chizuru_L01.mes,Script/dom2Chizuru_L01.mes,27,57,Chizuru,残念だけど中身は教えられないわ<485C>ここは神聖な地であると同時に、<6E5C>悲しい時代を甦らせないための<6E5C>封印の地でもあるの,,
dom2Chizuru_L01.mes,Script/dom2Chizuru_L01.mes,28,11,주인공,む、難しいですね……,,
dom2Chizuru_L01.mes,Script/dom2Chizuru_L01.mes,29,38,Chizuru,ごめんなさい、お見せできないなら<6E5C>、あまりゼミの課題の役には<6E5C>立たないわね,,
dom2Chizuru_L01.mes,Script/dom2Chizuru_L01.mes,30,29,주인공,い、いえ、そんなことないです.<6E5C>ありがとうございました!,,
dom2Chizuru_L01.mes,Script/dom2Chizuru_L01.mes,31,45,주인공,(でも、そんな話初めて閉いたなあ<6E5C>……これってものすごく貴重な<6E5C>話だったんじゃないか?),,
dom2Chizuru_L02.mes,Script/dom2Chizuru_L02.mes,0,7,[효과음/내레이션],ブォォォン!,,
dom2Chizuru_L02.mes,Script/dom2Chizuru_L02.mes,1,14,주인공,(な、なんだこの爆音は!),,
dom2Chizuru_L02.mes,Script/dom2Chizuru_L02.mes,2,10,Chizuru,こんにちは、<이름:3131>君,,
dom2Chizuru_L02.mes,Script/dom2Chizuru_L02.mes,3,31,주인공,か、神楽先輩!これって、先輩の<6E5C>バイクの音だったんですか!?,,
dom2Chizuru_L02.mes,Script/dom2Chizuru_L02.mes,4,14,Chizuru,そうよ.素敵な音でしょう?,,
dom2Chizuru_L02.mes,Script/dom2Chizuru_L02.mes,5,9,주인공,そ、そうですか?,,
dom2Chizuru_L02.mes,Script/dom2Chizuru_L02.mes,6,17,UNKNOWN_1e,ったく、お前は全然わかってねぇな,,
dom2Chizuru_L02.mes,Script/dom2Chizuru_L02.mes,7,8,주인공,あ、草薙先輩!,,
dom2Chizuru_L02.mes,Script/dom2Chizuru_L02.mes,8,24,Kyo,神楽、なかなかいいバイクに乗って<6E5C>るじゃねぇか,,
dom2Chizuru_L02.mes,Script/dom2Chizuru_L02.mes,9,20,Chizuru,あら、わかってもらえる?<6E5C>さすが草薙ね,,
dom2Chizuru_L02.mes,Script/dom2Chizuru_L02.mes,10,33,Kyo,へっ、当然だろ.ん、なんだよ神楽<6E5C>.リアサスはいじってねぇのか?,,
dom2Chizuru_L02.mes,Script/dom2Chizuru_L02.mes,11,38,Chizuru,少し柔らかくしようかとも思ったん<6E5C>だけど、あまり跳ねるように<6E5C>してもね……,,
dom2Chizuru_L02.mes,Script/dom2Chizuru_L02.mes,12,39,Kyo,なに言ってんだよ.それも醒酬味<6E5C>じゃねぇか.なぁ<이름:3232>.<6E5C>お前もそう思うだろ?,,
dom2Chizuru_L02.mes,Script/dom2Chizuru_L02.mes,13,10,주인공,え?あ、えっと……,,
dom2Chizuru_L02.mes,Script/dom2Chizuru_L02.mes,14,16,[선택지],今のままでいい改造したほうがいい,,
dom2Chizuru_L02.mes,Script/dom2Chizuru_L02.mes,15,32,주인공,よ、よくわからないですけど、<6E5C>今のままでいいんじゃないですか?,,
dom2Chizuru_L02.mes,Script/dom2Chizuru_L02.mes,16,11,Chizuru,よく言ったわ、<이름:3131>君,,
dom2Chizuru_L02.mes,Script/dom2Chizuru_L02.mes,17,28,Chizuru,私のバイクはデリケートなんだから<6E5C>、このままでいいのよ,,
dom2Chizuru_L02.mes,Script/dom2Chizuru_L02.mes,18,24,Kyo,ちっ、まったくお前らふたりとも<6E5C>わかってねぇよ,,
dom2Chizuru_L02.mes,Script/dom2Chizuru_L02.mes,19,10,주인공,す、すみません……,,
dom2Chizuru_L02.mes,Script/dom2Chizuru_L02.mes,20,22,주인공,(バイクのことなんて<6E5C>わからないよ……!),,
dom2Chizuru_L02.mes,Script/dom2Chizuru_L02.mes,21,35,주인공,よ、よくわからないですけど、<6E5C>改造したほうがいいんじゃ<6E5C>ないですか?,,
dom2Chizuru_L02.mes,Script/dom2Chizuru_L02.mes,22,21,Chizuru,<이름:3131>君……あなたもわかってくれ<6E5C>ないのね,,
dom2Chizuru_L02.mes,Script/dom2Chizuru_L02.mes,23,10,Kyo,<이름:3232>、よく言ったぜ,,
dom2Chizuru_L02.mes,Script/dom2Chizuru_L02.mes,24,55,Kyo,いいか、神楽.<6E5C>お前もレースに出るんだったら、<485C>リアサスもしっかり<6E5C>替えとかねぇと、ろくな走りが<6E5C>できねぇぜ,,
dom2Chizuru_L02.mes,Script/dom2Chizuru_L02.mes,25,16,Chizuru,仕方ないでしょう、高いんだから,,
dom2Chizuru_L02.mes,Script/dom2Chizuru_L02.mes,26,19,주인공,(あ、経済的な理由だったんだ……<6E5C>),,
dom2Chizuru_L02.mes,Script/dom2Chizuru_L02.mes,27,6,Kyo,やれやれだ,,
dom2Chizuru_L03.mes,Script/dom2Chizuru_L03.mes,0,7,주인공,あ、暑い……,,
dom2Chizuru_L03.mes,Script/dom2Chizuru_L03.mes,1,8,UNKNOWN_1e,本当に暑いわね,,
dom2Chizuru_L03.mes,Script/dom2Chizuru_L03.mes,2,15,주인공,あ、神楽先輩.暑いですね……,,
dom2Chizuru_L03.mes,Script/dom2Chizuru_L03.mes,3,13,Chizuru,海にでも行きたいところね,,
dom2Chizuru_L03.mes,Script/dom2Chizuru_L03.mes,4,8,주인공,いいですね、海,,
dom2Chizuru_L03.mes,Script/dom2Chizuru_L03.mes,5,10,Chizuru,じゃあ行きましょう,,
dom2Chizuru_L03.mes,Script/dom2Chizuru_L03.mes,6,3,주인공,え?,,
dom2Chizuru_L03.mes,Script/dom2Chizuru_L03.mes,7,14,Chizuru,海よ.思い立ったらすぐ実行,,
dom2Chizuru_L03.mes,Script/dom2Chizuru_L03.mes,8,6,Chizuru,善は急げよ,,
dom2Chizuru_L03.mes,Script/dom2Chizuru_L03.mes,9,6,주인공,え?<020A>え?,,
dom2Chizuru_L03.mes,Script/dom2Chizuru_L03.mes,10,7,[효과음/내레이션],ブォォォン!,,
dom2Chizuru_L03.mes,Script/dom2Chizuru_L03.mes,11,11,Chizuru,行くわよ!さあ乗って,,
dom2Chizuru_L03.mes,Script/dom2Chizuru_L03.mes,12,42,주인공,(なんだ?どうなってるんだ?<6E5C>どうして僕は神楽先輩のバイクに<6E5C>乗せられてるんだ?),,
dom2Chizuru_L03.mes,Script/dom2Chizuru_L03.mes,13,16,주인공,(う、揺れる……よ、酔う……),,
dom2Chizuru_L03.mes,Script/dom2Chizuru_L03.mes,14,10,주인공,(う……動けない),,
dom2Chizuru_L03.mes,Script/dom2Chizuru_L03.mes,15,8,Chizuru,だいじょうぶ?,,
dom2Chizuru_L03.mes,Script/dom2Chizuru_L03.mes,16,31,주인공,あ、神楽先輩.すみません、<6E5C>ちょっと酔っちゃったみたいで……,,
dom2Chizuru_L03.mes,Script/dom2Chizuru_L03.mes,17,23,주인공,(あれ、いつの間に水着に<6E5C>着替えたんだろう),,
dom2Chizuru_L03.mes,Script/dom2Chizuru_L03.mes,18,10,주인공,(ま、眩しい……),,
dom2Chizuru_L03.mes,Script/dom2Chizuru_L03.mes,19,22,Chizuru,ゆっくり休んでらっしゃい.<6E5C>私も少し休むわ,,
dom2Chizuru_L03.mes,Script/dom2Chizuru_L03.mes,20,36,주인공,神楽先輩、行動力ありますね…….<6E5C>いきなり海までバイクを<6E5C>飛ばすなんて,,
dom2Chizuru_L03.mes,Script/dom2Chizuru_L03.mes,21,16,Chizuru,ふふ、何事も後悔したくないのよ,,
dom2Chizuru_L03.mes,Script/dom2Chizuru_L03.mes,22,56,Chizuru,私は仕事では神社に縛られている<6E5C>から、自由に使える時間では、<485C>やりたいと思ったことは<6E5C>我慢しないようにしてるの,,
dom2Chizuru_L03.mes,Script/dom2Chizuru_L03.mes,23,50,주인공,(あれ、でもさっき巫女姿だったよ<6E5C>な…….仕事中だったんじゃないの<6E5C>かな?縛られてないじゃないか),,
dom2Chizuru_L03.mes,Script/dom2Chizuru_L03.mes,24,22,Chizuru,どうしたの、黙り込んで.<6E5C>そんなに辛いの?,,
dom2Chizuru_L03.mes,Script/dom2Chizuru_L03.mes,25,22,주인공,(そ、そんなに顔を近づけられ<6E5C>たら……!),,
dom2Chizuru_L03.mes,Script/dom2Chizuru_L03.mes,26,24,Chizuru,まあ、顔も赤いわね.<6E5C>本当にだいじょうぶかしら,,
dom2Chizuru_L03.mes,Script/dom2Chizuru_L03.mes,27,28,주인공,(こ、この人、わざとやってるん<6E5C>じゃないだろうな……),,
dom2Chizuru_L03.mes,Script/dom2Chizuru_L03.mes,28,45,주인공,(結局、僕はバイクと神楽先輩に<6E5C>酔ってしまって、波とたわむれる<6E5C>こともできなかった……),,
dom2Chizuru_L04.mes,Script/dom2Chizuru_L04.mes,0,34,[선택지],<071C><0001><0011><0005><0000><0000><0000><0000><0006><000A><0007><0000><0000><0001><002A><0000><0000><0000><0000><0000><000E><0001><FFFF><0000><0000><0000><0000><0014><0008><001E><이름:3131>君,,
dom2Chizuru_L04.mes,Script/dom2Chizuru_L04.mes,1,10,주인공,(こ、この声は!),,
dom2Chizuru_L04.mes,Script/dom2Chizuru_L04.mes,2,9,주인공,マ、マチュアさん,,
dom2Chizuru_L04.mes,Script/dom2Chizuru_L04.mes,3,5,Mature,わかるわ,,
dom2Chizuru_L04.mes,Script/dom2Chizuru_L04.mes,4,3,주인공,え?,,
dom2Chizuru_L04.mes,Script/dom2Chizuru_L04.mes,5,17,Mature,私の美しさに驚いているんでしょう,,
dom2Chizuru_L04.mes,Script/dom2Chizuru_L04.mes,6,33,Mature,そうね、美貌を裁く法があれば、<6E5C>私は魔女狩りにあうかもしれないわ,,
dom2Chizuru_L04.mes,Script/dom2Chizuru_L04.mes,7,43,주인공,(きょ、今日はいつにもまして<6E5C>ぶっ飛んでるな……注意がこっちに<6E5C>向く前に逃げよう!),,
dom2Chizuru_L04.mes,Script/dom2Chizuru_L04.mes,8,8,[효과음/내레이션],タッタッタ……,,
dom2Chizuru_L04.mes,Script/dom2Chizuru_L04.mes,9,17,주인공,フゥ……なんとかバレなかったかな,,
dom2Chizuru_L04.mes,Script/dom2Chizuru_L04.mes,10,6,[효과음/내레이션],ピチチ……,,
dom2Chizuru_L04.mes,Script/dom2Chizuru_L04.mes,11,11,주인공,ん?チーちゃん?あ!,,
dom2Chizuru_L04.mes,Script/dom2Chizuru_L04.mes,12,17,주인공,(気持ちよさそうに寝てるな……),,
dom2Chizuru_L04.mes,Script/dom2Chizuru_L04.mes,13,27,Mature,<이름:3131><이름:3232>!<6E5C>私を置いていくなんて、<6E5C>どういうつもり?,,
dom2Chizuru_L04.mes,Script/dom2Chizuru_L04.mes,14,14,주인공,マ、マチュアさん、シィー!,,
dom2Chizuru_L04.mes,Script/dom2Chizuru_L04.mes,15,21,Mature,なによ.あら?<6E5C>これはこれは、神楽ちづる,,
dom2Chizuru_L04.mes,Script/dom2Chizuru_L04.mes,16,21,Mature,無防備なかっこうで醜態を<6E5C>さらしてるわね,,
dom2Chizuru_L04.mes,Script/dom2Chizuru_L04.mes,17,36,Mature,鼻でもつまんでやれば、この鼻持ち<6E5C>ならない女の生意気さも止まる<6E5C>かしら,,
dom2Chizuru_L04.mes,Script/dom2Chizuru_L04.mes,18,15,주인공,ちょ、ちょっとマチュアさん?,,
dom2Chizuru_L04.mes,Script/dom2Chizuru_L04.mes,19,16,Mature,なにかしら、私を止めるつもり?,,
dom2Chizuru_L04.mes,Script/dom2Chizuru_L04.mes,20,10,주인공,(う……こ、怖い),,
dom2Chizuru_L04.mes,Script/dom2Chizuru_L04.mes,21,23,[선택지],や、やめてあげてくださいぼ、僕には止められない,,
dom2Chizuru_L04.mes,Script/dom2Chizuru_L04.mes,22,50,[선택지],『<0001><0000><0064><0058><0002>神楽先輩って、いつもすごく忙しい<6E5C>人なんです.お願いですから、<6E5C>寝かせてあげてください,,
dom2Chizuru_L04.mes,Script/dom2Chizuru_L04.mes,23,12,주인공,(い、言っちゃった!),,
dom2Chizuru_L04.mes,Script/dom2Chizuru_L04.mes,24,3,Mature,……,,
dom2Chizuru_L04.mes,Script/dom2Chizuru_L04.mes,25,11,주인공,(お、怒ってる……),,
dom2Chizuru_L04.mes,Script/dom2Chizuru_L04.mes,26,7,Mature,つまらないわ,,
dom2Chizuru_L04.mes,Script/dom2Chizuru_L04.mes,27,3,주인공,え?,,
dom2Chizuru_L04.mes,Script/dom2Chizuru_L04.mes,28,16,주인공,(あ……帰っていく.よかった),,
dom2Chizuru_L04.mes,Script/dom2Chizuru_L04.mes,29,6,[효과음/내레이션],ピチチ……,,
dom2Chizuru_L04.mes,Script/dom2Chizuru_L04.mes,30,19,주인공,クス……<6E5C>ほんとに気持ちよさそうだな,,
dom2Chizuru_L04.mes,Script/dom2Chizuru_L04.mes,31,41,UNKNOWN_29,<0104><0000><0000><0000><0000><0000><004C><0040><0002>(神楽先輩ごめんなさい!僕には<6E5C>この人を止めるのは無理です!),,
dom2Chizuru_L04.mes,Script/dom2Chizuru_L04.mes,32,14,Mature,フフフ……だらしのない子ね,,
dom2Chizuru_L04.mes,Script/dom2Chizuru_L04.mes,33,11,Mature,ほら、下がってなさい,,
dom2Chizuru_L04.mes,Script/dom2Chizuru_L04.mes,34,29,주인공,(か、神様!どうかこの人の<6E5C>暴走を止めてください……!),,
dom2Chizuru_L05.mes,Script/dom2Chizuru_L05.mes,0,7,[효과음/내레이션],ザワザワ……,,
dom2Chizuru_L05.mes,Script/dom2Chizuru_L05.mes,1,16,주인공,(ん?なんだろ、この人だかり),,
dom2Chizuru_L05.mes,Script/dom2Chizuru_L05.mes,2,12,UNKNOWN_4a,ど、どっちもすげぇよな,,
dom2Chizuru_L05.mes,Script/dom2Chizuru_L05.mes,3,16,UNKNOWN_4a,ああ.狐と蛇のオーラが見えるぜ,,
dom2Chizuru_L05.mes,Script/dom2Chizuru_L05.mes,4,21,주인공,(なに言ってんだろ……って、<6E5C>あぁ!?),,
dom2Chizuru_L05.mes,Script/dom2Chizuru_L05.mes,5,16,주인공,神楽先輩……と、マチュアさん!,,
dom2Chizuru_L05.mes,Script/dom2Chizuru_L05.mes,6,8,[효과음/내레이션],ゴゴゴゴゴ……,,
dom2Chizuru_L05.mes,Script/dom2Chizuru_L05.mes,7,11,주인공,(オ、オーラが……),,
dom2Chizuru_L05.mes,Script/dom2Chizuru_L05.mes,8,30,Mature,フフ、あいかわらずファッション<6E5C>という言葉とは無縁のようね,,
dom2Chizuru_L05.mes,Script/dom2Chizuru_L05.mes,9,54,Chizuru,あらあら、化粧と高級ブランドで<6E5C>しか老いを隠せないお歳に<6E5C>なったのかしら、<485C>風に散る花びらのマチュアさんは,,
dom2Chizuru_L05.mes,Script/dom2Chizuru_L05.mes,10,29,Mature,あなたのそのおかしな身のこなし<6E5C>こそ、歳に似合わないわよ,,
dom2Chizuru_L05.mes,Script/dom2Chizuru_L05.mes,11,30,Mature,伝統芸能って、もっと優雅で美しい<6E5C>ものではなかったかしら?,,
dom2Chizuru_L05.mes,Script/dom2Chizuru_L05.mes,12,44,Chizuru,あら、ごめんなさい.育ちの悪い方<6E5C>には、伝統の美というものは理解<6E5C>できないようですわね,,
dom2Chizuru_L05.mes,Script/dom2Chizuru_L05.mes,13,42,Mature,いいのよ、無理しなくて.<6E5C>朽ちかけた神社の伝統なんて、<6E5C>万人に理解し得ないんだから,,
dom2Chizuru_L05.mes,Script/dom2Chizuru_L05.mes,14,28,Mature,あなたはそのままでいいのよ、<6E5C>そのままで.アハハハハハ,,
dom2Chizuru_L05.mes,Script/dom2Chizuru_L05.mes,15,14,주인공,(こ、怖い……怖すぎる!),,
dom2Chizuru_L05.mes,Script/dom2Chizuru_L05.mes,16,16,Fio,な、なにごとですか、<이름:3232>さん!,,
dom2Chizuru_L05.mes,Script/dom2Chizuru_L05.mes,17,39,주인공,あ、フィオ.あんまり近づいちゃ<6E5C>ダメだよ.巻き込まれたら大変な<6E5C>ことになる!,,
dom2Chizuru_L05.mes,Script/dom2Chizuru_L05.mes,18,22,Fio,ジャパニーズマフィアの抗争勃発<6E5C>ですか!?,,
dom2Chizuru_L05.mes,Script/dom2Chizuru_L05.mes,19,21,주인공,うん、ある意味どんな兵器よりも<6E5C>怖いよね,,
dom2Chizuru_L05.mes,Script/dom2Chizuru_L05.mes,20,12,Fio,フィオさん大興奮です!,,
dom2Chizuru_L05.mes,Script/dom2Chizuru_L05.mes,21,8,주인공,フィ、フィオ?,,
dom2Chizuru_L05.mes,Script/dom2Chizuru_L05.mes,22,25,Fio,どちらが学園の平和を守るのか……<6E5C>ドキドキです!,,
dom2Chizuru_L05.mes,Script/dom2Chizuru_L05.mes,23,27,주인공,どっちが勝っても、学園に平和は<6E5C>訪れないよ……たぶん,,
dom2Chizuru_L05.mes,Script/dom2Chizuru_L05.mes,24,15,Fio,なら、<이름:3232>さんも参戦ですね!,,
dom2Chizuru_L05.mes,Script/dom2Chizuru_L05.mes,25,9,주인공,それは絶対ムリ!,,
dom2Chizuru_L08.mes,Script/dom2Chizuru_L08.mes,0,7,[효과음/내레이션],ブォォォン!,,
dom2Chizuru_L08.mes,Script/dom2Chizuru_L08.mes,1,7,[효과음/내레이션],ブォォォン!,,
dom2Chizuru_L08.mes,Script/dom2Chizuru_L08.mes,2,6,UNKNOWN_1e,いい感じね,,
dom2Chizuru_L08.mes,Script/dom2Chizuru_L08.mes,3,25,주인공,(あ……神楽先輩.<6E5C>あいかわらずバイクバイクか),,
dom2Chizuru_L08.mes,Script/dom2Chizuru_L08.mes,4,12,Chizuru,あら、どうしたの<이름:3131>君,,
dom2Chizuru_L08.mes,Script/dom2Chizuru_L08.mes,5,19,주인공,今日もバイクの<6E5C>メンテナンスですか?,,
dom2Chizuru_L08.mes,Script/dom2Chizuru_L08.mes,6,12,Chizuru,ふふ、いい音でしょう?,,
dom2Chizuru_L08.mes,Script/dom2Chizuru_L08.mes,7,8,주인공,そ、そうですね,,
dom2Chizuru_L08.mes,Script/dom2Chizuru_L08.mes,8,36,주인공,(よくわからないけど、<6E5C>せっかく機嫌がいいんだし、<6E5C>そっとしておこう),,
dom2Chizuru_L08.mes,Script/dom2Chizuru_L08.mes,9,22,Chizuru,<이름:3131>君はバイクレースには<6E5C>出ないのかしら?,,
dom2Chizuru_L08.mes,Script/dom2Chizuru_L08.mes,10,19,주인공,いや、僕は免許も持ってない<6E5C>ですから,,
dom2Chizuru_L08.mes,Script/dom2Chizuru_L08.mes,11,14,Chizuru,そうなの?それは残念ね……,,
dom2Chizuru_L08.mes,Script/dom2Chizuru_L08.mes,12,25,주인공,神楽先輩は、どうしてバイクに<6E5C>乗ってるんですか?,,
dom2Chizuru_L08.mes,Script/dom2Chizuru_L08.mes,13,22,Chizuru,そうね……<6E5C>すべてを忘れられるから、かしら,,
dom2Chizuru_L08.mes,Script/dom2Chizuru_L08.mes,14,7,주인공,すべてを……,,
dom2Chizuru_L08.mes,Script/dom2Chizuru_L08.mes,15,33,Chizuru,あとは、風を切る爽快感と、<6E5C>ヒリヒリするような命がけの<6E5C>緊張感ね,,
dom2Chizuru_L08.mes,Script/dom2Chizuru_L08.mes,16,21,주인공,み、巫女の人が命をかけて<6E5C>いいんですか?,,
dom2Chizuru_L08.mes,Script/dom2Chizuru_L08.mes,17,23,Chizuru,あら、バイクレースはスポーツよ.<6E5C>問題ないわ,,
dom2Chizuru_L08.mes,Script/dom2Chizuru_L08.mes,18,23,주인공,で、でも、その……僕は神楽先輩が<6E5C>心配で……,,
dom2Chizuru_L08.mes,Script/dom2Chizuru_L08.mes,19,3,Chizuru,え?,,
dom2Chizuru_L08.mes,Script/dom2Chizuru_L08.mes,20,21,주인공,できればレースは……<6E5C>やめてほしい、かな,,
dom2Chizuru_L08.mes,Script/dom2Chizuru_L08.mes,21,6,Chizuru,<이름:3131>君……,,
dom2Chizuru_L08.mes,Script/dom2Chizuru_L08.mes,22,19,주인공,すみません、<6E5C>自分勝手なことを言って,,
dom2Chizuru_L08.mes,Script/dom2Chizuru_L08.mes,23,25,Chizuru,いいえ……それを閉いたら、<6E5C>きっとちづるも喜ぶわ,,
dom2Chizuru_L08.mes,Script/dom2Chizuru_L08.mes,24,22,주인공,そうですよね、ちづるも……<6E5C>って、ええ!?,,
dom2Chizuru_L08.mes,Script/dom2Chizuru_L08.mes,25,10,UNKNOWN_1e,ふふふ……じゃあね,,
dom2Chizuru_L08.mes,Script/dom2Chizuru_L08.mes,26,26,주인공,(どういうことだ、<6E5C>今のは……うう、混乱してきた),,
dom2Chizuru_L09.mes,Script/dom2Chizuru_L09.mes,0,24,주인공,(うわ~なんか怖そうな人たちが<6E5C>集まってるな),,
dom2Chizuru_L09.mes,Script/dom2Chizuru_L09.mes,1,27,UNKNOWN_50,テメェこら!霧島翔さんが呼び<6E5C>入れろっつってんだよ!,,
dom2Chizuru_L09.mes,Script/dom2Chizuru_L09.mes,2,21,주인공,うわ、あれがリーダーか……<6E5C>悪そうだなぁ,,
dom2Chizuru_L09.mes,Script/dom2Chizuru_L09.mes,3,47,주인공,でもちょっと草薙先輩に似てるかも<6E5C>……って、こんなこと言ってるのが<6E5C>バレたら、殺されちゃうな,,
dom2Chizuru_L09.mes,Script/dom2Chizuru_L09.mes,4,21,UNKNOWN_1e,呼びる?私がですか?<6E5C>どのような理由で?,,
dom2Chizuru_L09.mes,Script/dom2Chizuru_L09.mes,5,11,주인공,(ん?この声は……),,
dom2Chizuru_L09.mes,Script/dom2Chizuru_L09.mes,6,8,주인공,か、神楽先輩!,,
dom2Chizuru_L09.mes,Script/dom2Chizuru_L09.mes,7,12,UNKNOWN_50,あぁ?なんだテメェは!,,
dom2Chizuru_L09.mes,Script/dom2Chizuru_L09.mes,8,20,주인공,(し、しまった!<6E5C>つい大きな声を……),,
dom2Chizuru_L09.mes,Script/dom2Chizuru_L09.mes,9,14,UNKNOWN_50,関係ねぇ奴はすっこんでろ!,,
dom2Chizuru_L09.mes,Script/dom2Chizuru_L09.mes,10,10,주인공,(ど、どうしよう),,
dom2Chizuru_L09.mes,Script/dom2Chizuru_L09.mes,11,14,[선택지],ちづるを助けるとりあえず謝る,,
dom2Chizuru_L09.mes,Script/dom2Chizuru_L09.mes,12,21,주인공,あ、あの、その人、<6E5C>僕の知り合いなんです,,
dom2Chizuru_L09.mes,Script/dom2Chizuru_L09.mes,13,12,UNKNOWN_50,あぁ?だからなんだよ!,,
dom2Chizuru_L09.mes,Script/dom2Chizuru_L09.mes,14,11,주인공,やめてあげてください,,
dom2Chizuru_L09.mes,Script/dom2Chizuru_L09.mes,15,14,UNKNOWN_51,なんだテメェ、関係ねえだろ,,
dom2Chizuru_L09.mes,Script/dom2Chizuru_L09.mes,16,17,Chizuru,<이름:3131>君、あなたは下がっていなさい,,
dom2Chizuru_L09.mes,Script/dom2Chizuru_L09.mes,17,6,주인공,イヤです!,,
dom2Chizuru_L09.mes,Script/dom2Chizuru_L09.mes,18,5,Chizuru,<이름:3131>君?,,
dom2Chizuru_L09.mes,Script/dom2Chizuru_L09.mes,19,25,주인공,僕は、もう目の前で困っている人<6E5C>から逃げません!,,
dom2Chizuru_L09.mes,Script/dom2Chizuru_L09.mes,20,31,UNKNOWN_51,ほぉ、いい覚悟だ.なら、これを<6E5C>食らっても逃げんじゃねぇぞ!,,
dom2Chizuru_L09.mes,Script/dom2Chizuru_L09.mes,21,9,[효과음/내레이션],ウゥ~!ウゥ~!,,
dom2Chizuru_L09.mes,Script/dom2Chizuru_L09.mes,22,20,UNKNOWN_50,や、やべっ!<6E5C>誰か警察を呼びやがった!,,
dom2Chizuru_L09.mes,Script/dom2Chizuru_L09.mes,23,20,UNKNOWN_51,ちっ!<6E5C>今度会ったときは覚悟しとけよ!,,
dom2Chizuru_L09.mes,Script/dom2Chizuru_L09.mes,24,7,[효과음/내레이션],ブォォォン!,,
dom2Chizuru_L09.mes,Script/dom2Chizuru_L09.mes,25,17,Chizuru,ふぅ……まったく、困った人たちね,,
dom2Chizuru_L09.mes,Script/dom2Chizuru_L09.mes,26,16,주인공,神楽先輩、だいじょうぶですか?,,
dom2Chizuru_L09.mes,Script/dom2Chizuru_L09.mes,27,10,Chizuru,ありがとう、<이름:3131>君,,
dom2Chizuru_L09.mes,Script/dom2Chizuru_L09.mes,28,20,주인공,いえ、<6E5C>僕は結局なにもできませんでした,,
dom2Chizuru_L09.mes,Script/dom2Chizuru_L09.mes,29,29,Chizuru,誰かを守ろうとするあなたの勇気が<6E5C>、なによりも美しいのよ,,
dom2Chizuru_L09.mes,Script/dom2Chizuru_L09.mes,30,6,주인공,は、はい!,,
dom2Chizuru_L09.mes,Script/dom2Chizuru_L09.mes,31,17,주인공,(いいこと言うなぁ、神楽先輩!),,
dom2Chizuru_L09.mes,Script/dom2Chizuru_L09.mes,32,29,주인공,(ただ……暴走族に絡まれるって、<6E5C>ほんとに巫女なのかな),,
dom2Chizuru_L09.mes,Script/dom2Chizuru_L09.mes,33,22,주인공,すみません、<6E5C>そういうつもりじゃないんです,,
dom2Chizuru_L09.mes,Script/dom2Chizuru_L09.mes,34,9,[효과음/내레이션],ウゥ~!ウゥ~!,,
dom2Chizuru_L09.mes,Script/dom2Chizuru_L09.mes,35,20,UNKNOWN_50,や、やべっ!<6E5C>誰か警察を呼びやがった!,,
dom2Chizuru_L09.mes,Script/dom2Chizuru_L09.mes,36,23,UNKNOWN_51,神楽ちづる!<6E5C>今度会ったときは覚悟しとけよ!,,
dom2Chizuru_L09.mes,Script/dom2Chizuru_L09.mes,37,7,[효과음/내레이션],ブォォォン!,,
dom2Chizuru_L09.mes,Script/dom2Chizuru_L09.mes,38,17,Chizuru,ふぅ……まったく、困った人たちね,,
dom2Chizuru_L10.mes,Script/dom2Chizuru_L10.mes,0,8,주인공,(暇だな……),,
dom2Chizuru_L10.mes,Script/dom2Chizuru_L10.mes,1,4,UNKNOWN_1e,<이름:3131>君,,
dom2Chizuru_L10.mes,Script/dom2Chizuru_L10.mes,2,15,Chizuru,どうしたの、暇そうな顔をして,,
dom2Chizuru_L10.mes,Script/dom2Chizuru_L10.mes,3,9,주인공,見事に暇なんです,,
dom2Chizuru_L10.mes,Script/dom2Chizuru_L10.mes,4,9,Chizuru,ふふ、面白い人ね,,
dom2Chizuru_L10.mes,Script/dom2Chizuru_L10.mes,5,23,Chizuru,そんなに暇なら、<6E5C>私といっしょにいらっしゃい,,
dom2Chizuru_L10.mes,Script/dom2Chizuru_L10.mes,6,11,주인공,どこに行くんですか?,,
dom2Chizuru_L10.mes,Script/dom2Chizuru_L10.mes,7,14,Chizuru,大学のサーキットで走るのよ,,
dom2Chizuru_L10.mes,Script/dom2Chizuru_L10.mes,8,22,주인공,うちの大学ってサーキットが<6E5C>あるんですか!,,
dom2Chizuru_L10.mes,Script/dom2Chizuru_L10.mes,9,12,Chizuru,あら、知らなかったの?,,
dom2Chizuru_L10.mes,Script/dom2Chizuru_L10.mes,10,5,주인공,は、はい,,
dom2Chizuru_L10.mes,Script/dom2Chizuru_L10.mes,11,30,주인공,(大きな学校だとは思ってたけど…<6E5C>…サーキットがあるとは),,
dom2Chizuru_L10.mes,Script/dom2Chizuru_L10.mes,12,15,주인공,(清泉大学、恐るべし!だな),,
dom2Chizuru_L10.mes,Script/dom2Chizuru_L10.mes,13,13,Chizuru,まぁいいわ.行きましょう,,
dom2Chizuru_L10.mes,Script/dom2Chizuru_L10.mes,14,4,주인공,はい!,,
dom2Chizuru_L10.mes,Script/dom2Chizuru_L10.mes,15,36,Chizuru,私はライダースーツに着替えて<6E5C>くるから、ここで待ってて<6E5C>くれるかしら?,,
dom2Chizuru_L10.mes,Script/dom2Chizuru_L10.mes,16,10,주인공,はい、わかりました,,
dom2Chizuru_L10.mes,Script/dom2Chizuru_L10.mes,17,70,주인공,(あ、そうだ.見学してるだけじゃ<6E5C>つまらないし、僕も動きやすい<6E5C>かっこうに着替えよう)<6E5C>(たしか、学校備え付けの<6E5C>ジャージがあったはずだ),,
dom2Chizuru_L10.mes,Script/dom2Chizuru_L10.mes,18,17,주인공,え、と、男子更衣室は……ここだな,,
dom2Chizuru_L10.mes,Script/dom2Chizuru_L10.mes,19,4,[효과음/내레이션],ガチャ,,
dom2Chizuru_L10.mes,Script/dom2Chizuru_L10.mes,20,5,Chizuru,きゃあ!,,
dom2Chizuru_L10.mes,Script/dom2Chizuru_L10.mes,21,12,주인공,う、うわ!神楽先輩!!,,
dom2Chizuru_L10.mes,Script/dom2Chizuru_L10.mes,22,11,Chizuru,な、なにをしてるの!,,
dom2Chizuru_L10.mes,Script/dom2Chizuru_L10.mes,23,10,주인공,か、神楽先輩こそ!,,
dom2Chizuru_L10.mes,Script/dom2Chizuru_L10.mes,24,17,Chizuru,私は着替えるって言ったでしょう!,,
dom2Chizuru_L10.mes,Script/dom2Chizuru_L10.mes,25,25,주인공,き、着替えるって……<6E5C>ここ、男子ロッカーですよ!,,
dom2Chizuru_L10.mes,Script/dom2Chizuru_L10.mes,26,7,Chizuru,え?えぇ!?,,
dom2Chizuru_L10.mes,Script/dom2Chizuru_L10.mes,27,17,주인공,お、驚く前に、服を着てください!,,
dom2Chizuru_L10.mes,Script/dom2Chizuru_L10.mes,28,30,Chizuru,あ、ごめんなさい.って、<6E5C>あなたが出て行けばいいでしょう!,,
dom2Chizuru_L10.mes,Script/dom2Chizuru_L10.mes,29,17,주인공,そ、そうでした!失礼しました!!,,
dom2Chizuru_L10.mes,Script/dom2Chizuru_L10.mes,30,12,주인공,び、びっくりした……!,,
dom2Chizuru_L10.mes,Script/dom2Chizuru_L10.mes,31,4,[효과음/내레이션],ガチャ,,
dom2Chizuru_L10.mes,Script/dom2Chizuru_L10.mes,32,3,Chizuru,……,,
dom2Chizuru_L10.mes,Script/dom2Chizuru_L10.mes,33,21,주인공,あ、あれ、神楽先輩、<6E5C>着替えるんじゃ……,,
dom2Chizuru_L10.mes,Script/dom2Chizuru_L10.mes,34,13,Chizuru,きょ、今日はやめておくわ,,
dom2Chizuru_L10.mes,Script/dom2Chizuru_L10.mes,35,3,주인공,……,,
dom2Chizuru_L10.mes,Script/dom2Chizuru_L10.mes,36,3,Chizuru,……,,
dom2Chizuru_L10.mes,Script/dom2Chizuru_L10.mes,37,16,주인공,あ、あの、すみませんでした……,,
dom2Chizuru_L10.mes,Script/dom2Chizuru_L10.mes,38,21,Chizuru,い、いいのよ.<6E5C>私の不注意だったんだから,,
dom2Chizuru_L10.mes,Script/dom2Chizuru_L10.mes,39,15,Chizuru,でも……内緒にしておいて、ね,,
dom2Chizuru_L10.mes,Script/dom2Chizuru_L10.mes,40,6,주인공,は、はい!,,
dom2Chizuru_L10.mes,Script/dom2Chizuru_L10.mes,41,12,주인공,(ま、まいったな……),,
dom2Chizuru_M01.mes,Script/dom2Chizuru_M01.mes,0,13,주인공,(神楽先輩いるかな……),,
dom2Chizuru_M01.mes,Script/dom2Chizuru_M01.mes,1,7,주인공,すみませーん,,
dom2Chizuru_M01.mes,Script/dom2Chizuru_M01.mes,2,3,Chizuru,はい,,
dom2Chizuru_M01.mes,Script/dom2Chizuru_M01.mes,3,24,주인공,あ、神楽先輩.<6E5C>神楽神社の伝承を閉きに来ました,,
dom2Chizuru_M01.mes,Script/dom2Chizuru_M01.mes,4,4,Chizuru,伝承?,,
dom2Chizuru_M01.mes,Script/dom2Chizuru_M01.mes,5,28,주인공,はい.また閉きにいらっしゃいって<6E5C>言ってくれたから……,,
dom2Chizuru_M01.mes,Script/dom2Chizuru_M01.mes,6,9,Chizuru,……あの子ったら,,
dom2Chizuru_M01.mes,Script/dom2Chizuru_M01.mes,7,3,주인공,え?,,
dom2Chizuru_M01.mes,Script/dom2Chizuru_M01.mes,8,11,Chizuru,いえ、なんでもないわ,,
dom2Chizuru_M01.mes,Script/dom2Chizuru_M01.mes,9,26,Chizuru,ごめんなさい.またの日にして<6E5C>いただけないかしら?,,
dom2Chizuru_M01.mes,Script/dom2Chizuru_M01.mes,10,14,주인공,え、今日はダメなんですか?,,
dom2Chizuru_M01.mes,Script/dom2Chizuru_M01.mes,11,12,Chizuru,そうなの.ごめんなさい,,
dom2Chizuru_M01.mes,Script/dom2Chizuru_M01.mes,12,10,[선택지],食い下がるあきらめる,,
dom2Chizuru_M01.mes,Script/dom2Chizuru_M01.mes,13,10,주인공,そこをなんとか……,,
dom2Chizuru_M01.mes,Script/dom2Chizuru_M01.mes,14,19,Chizuru,しつこい男はちづるに<6E5C>嫌われましてよ,,
dom2Chizuru_M01.mes,Script/dom2Chizuru_M01.mes,15,3,주인공,え?,,
dom2Chizuru_M01.mes,Script/dom2Chizuru_M01.mes,16,22,주인공,(神楽先輩、<6E5C>今自分のことちづるって……),,
dom2Chizuru_M01.mes,Script/dom2Chizuru_M01.mes,17,21,Chizuru,ふふふ、鏡に映る姿に戸惑って<6E5C>いるようね,,
dom2Chizuru_M01.mes,Script/dom2Chizuru_M01.mes,18,11,Chizuru,私はちづるではないわ,,
dom2Chizuru_M01.mes,Script/dom2Chizuru_M01.mes,19,3,주인공,!?,,
dom2Chizuru_M01.mes,Script/dom2Chizuru_M01.mes,20,26,UNKNOWN_1e,それじゃあ、私は忙しいので<6E5C>失礼させていただきます,,
dom2Chizuru_M01.mes,Script/dom2Chizuru_M01.mes,21,13,주인공,(ど、どういうことだ?),,
dom2Chizuru_M01.mes,Script/dom2Chizuru_M01.mes,22,14,주인공,そうですか……わかりました,,
dom2Chizuru_M01.mes,Script/dom2Chizuru_M01.mes,23,8,Chizuru,またいらしてね,,
dom2Chizuru_M02.mes,Script/dom2Chizuru_M02.mes,0,63,UNKNOWN_29,m<0000><0000><0000><0000><0002><0011><0002><000A><04E8><0001><0011><0005><0000><0000><0000><0000><0006><000A><0007><0000><0000><0001><002A><0000><0000><0000><0000><0000><000E><0001><FFFF><0000><0000><0000><0000><003C><0030><0002>(あれ……神楽先輩、<6E5C>なにをやってるんだろ?),,
dom2Chizuru_M02.mes,Script/dom2Chizuru_M02.mes,1,9,주인공,あの、こんにちは,,
dom2Chizuru_M02.mes,Script/dom2Chizuru_M02.mes,2,22,Chizuru,あなたは……<이름:3131>君、でしたね.<6E5C>こんにちは,,
dom2Chizuru_M02.mes,Script/dom2Chizuru_M02.mes,3,7,주인공,(あれ……),,
dom2Chizuru_M02.mes,Script/dom2Chizuru_M02.mes,4,12,Chizuru,ふふ、気づきましたか?,,
dom2Chizuru_M02.mes,Script/dom2Chizuru_M02.mes,5,14,주인공,神楽先輩じゃない、のですか,,
dom2Chizuru_M02.mes,Script/dom2Chizuru_M02.mes,6,25,UNKNOWN_1e,そう、私は神楽ちづるの<6E5C>双子の姉……神楽マキです,,
dom2Chizuru_M02.mes,Script/dom2Chizuru_M02.mes,7,9,주인공,お、お姉さん!?,,
dom2Chizuru_M02.mes,Script/dom2Chizuru_M02.mes,8,13,Kagura Maya,ええ.よろしくね、<이름:3131>君,,
dom2Chizuru_M02.mes,Script/dom2Chizuru_M02.mes,9,11,주인공,どうして僕の名前を?,,
dom2Chizuru_M02.mes,Script/dom2Chizuru_M02.mes,10,23,Kagura Maya,ちづるから閉いているわ、<6E5C>面白い後輩がいると,,
dom2Chizuru_M02.mes,Script/dom2Chizuru_M02.mes,11,31,주인공,そ、そうですか.ところで、<6E5C>マキさんはなにをしてるんですか?,,
dom2Chizuru_M02.mes,Script/dom2Chizuru_M02.mes,12,12,Kagura Maya,バイクのメンテナンスよ,,
dom2Chizuru_M02.mes,Script/dom2Chizuru_M02.mes,13,17,주인공,マキさんもバイクが好きなんですね,,
dom2Chizuru_M02.mes,Script/dom2Chizuru_M02.mes,14,22,주인공,いいですね、<6E5C>姉妹そろって趣味が同じなんて,,
dom2Chizuru_M02.mes,Script/dom2Chizuru_M02.mes,15,27,주인공,(それにしてもよく似てるな……<6E5C>仕草までそっくりだ),,
dom2Chizuru_M02.mes,Script/dom2Chizuru_M02.mes,16,8,Kagura Maya,<이름:3131>君は素直ね,,
dom2Chizuru_M02.mes,Script/dom2Chizuru_M02.mes,17,2,주인공,え,,
dom2Chizuru_M02.mes,Script/dom2Chizuru_M02.mes,18,32,UNKNOWN_1e,すぐ人の言うことを信じちゃうのね<6E5C>……でも、それっていいことよ,,
dom2Chizuru_M02.mes,Script/dom2Chizuru_M02.mes,19,13,주인공,え?やっぱりちづるさん?,,
dom2Chizuru_M02.mes,Script/dom2Chizuru_M02.mes,20,9,UNKNOWN_1e,あら、どうかしら,,
dom2Chizuru_M02.mes,Script/dom2Chizuru_M02.mes,21,56,주인공,(ちづるさん?マキさん?<6E5C>見た目は同じだけど双子だし、)<485C>(でも、そもそも本当に双子の<6E5C>姉なんているのか……),,
dom2Chizuru_M02.mes,Script/dom2Chizuru_M02.mes,22,13,주인공,(うう、混乱してきたぞ),,
dom2Chizuru_M03.mes,Script/dom2Chizuru_M03.mes,0,23,주인공,(たまには朝から散歩するのも<6E5C>いいもんだな),,
dom2Chizuru_M03.mes,Script/dom2Chizuru_M03.mes,1,15,주인공,(まだ涼しくて気持ちいいや),,
dom2Chizuru_M03.mes,Script/dom2Chizuru_M03.mes,2,6,[효과음/내레이션],ピチチ……,,
dom2Chizuru_M03.mes,Script/dom2Chizuru_M03.mes,3,3,[효과음/내레이션],パタ,,
dom2Chizuru_M03.mes,Script/dom2Chizuru_M03.mes,4,10,주인공,あ……チーちゃん?,,
dom2Chizuru_M03.mes,Script/dom2Chizuru_M03.mes,5,33,Chizuru,おはよう、<이름:3131>君.<6E5C>またチーちゃんがお世話に<6E5C>なっているみたいね,,
dom2Chizuru_M03.mes,Script/dom2Chizuru_M03.mes,6,22,주인공,おはようございます、神楽先輩.<6E5C>早いですね,,
dom2Chizuru_M03.mes,Script/dom2Chizuru_M03.mes,7,25,Chizuru,この時間の空気は澄んでいてとても<6E5C>気持ちがいいの,,
dom2Chizuru_M03.mes,Script/dom2Chizuru_M03.mes,8,12,Chizuru,<이름:3131>君はお散歩かしら?,,
dom2Chizuru_M03.mes,Script/dom2Chizuru_M03.mes,9,19,주인공,はい.<6E5C>じつはちょっと眠れなくて……,,
dom2Chizuru_M03.mes,Script/dom2Chizuru_M03.mes,10,8,Chizuru,なにか悩み事?,,
dom2Chizuru_M03.mes,Script/dom2Chizuru_M03.mes,11,48,주인공,自分に守れるものって、どれくらい<6E5C>あるのかな……なんてことを考えて<6E5C>たら、眠れなくなっちゃって,,
dom2Chizuru_M03.mes,Script/dom2Chizuru_M03.mes,12,12,Chizuru,護りたいものがあるの?,,
dom2Chizuru_M03.mes,Script/dom2Chizuru_M03.mes,13,16,[선택지],はい、ありますいえ、特にないです,,
dom2Chizuru_M03.mes,Script/dom2Chizuru_M03.mes,14,25,[선택지],S<0001><0000><0034><0026><0002>守らなくちゃいけないものが<6E5C>あります,,
dom2Chizuru_M03.mes,Script/dom2Chizuru_M03.mes,15,16,Chizuru,……そう.なら、胸を張りなさい,,
dom2Chizuru_M03.mes,Script/dom2Chizuru_M03.mes,16,3,주인공,え?,,
dom2Chizuru_M03.mes,Script/dom2Chizuru_M03.mes,17,33,Chizuru,大切なのは、護れるかどうかではな<6E5C>いの.護る決意があるかどうかよ,,
dom2Chizuru_M03.mes,Script/dom2Chizuru_M03.mes,18,33,Chizuru,その強い意思があれば、あなたは<6E5C>きっと、それを護ることができるわ,,
dom2Chizuru_M03.mes,Script/dom2Chizuru_M03.mes,19,5,주인공,決意……,,
dom2Chizuru_M03.mes,Script/dom2Chizuru_M03.mes,20,17,Chizuru,だいじょうぶ、あなたならできるわ,,
dom2Chizuru_M03.mes,Script/dom2Chizuru_M03.mes,21,24,주인공,特にこれといったものが<6E5C>あるわけではないんです,,
dom2Chizuru_M03.mes,Script/dom2Chizuru_M03.mes,22,17,Chizuru,そう.なら悩む必要はないじゃない,,
dom2Chizuru_M03.mes,Script/dom2Chizuru_M03.mes,23,11,주인공,(それもそうか……),,
dom2Chizuru_M04.mes,Script/dom2Chizuru_M04.mes,0,30,주인공,(あさっては夏祭りだな.<6E5C>ずいぶん準備も進んでるみたいだ),,
dom2Chizuru_M04.mes,Script/dom2Chizuru_M04.mes,1,7,UNKNOWN_1e,いらっしゃい,,
dom2Chizuru_M04.mes,Script/dom2Chizuru_M04.mes,2,22,주인공,あ、神楽先輩.夏祭りの準備、<6E5C>お疲れ様です,,
dom2Chizuru_M04.mes,Script/dom2Chizuru_M04.mes,3,14,Chizuru,あら、ねぎらってくれるの?,,
dom2Chizuru_M04.mes,Script/dom2Chizuru_M04.mes,4,9,Chizuru,どうもありがとう,,
dom2Chizuru_M04.mes,Script/dom2Chizuru_M04.mes,5,24,주인공,神楽先輩は、<6E5C>夏祭り当日はどうしてるんですか?,,
dom2Chizuru_M04.mes,Script/dom2Chizuru_M04.mes,6,29,Chizuru,そうねぇ……雑務に追われて<6E5C>忙しくしてるんじゃないかしら,,
dom2Chizuru_M04.mes,Script/dom2Chizuru_M04.mes,7,14,Chizuru,誘ってくれる人もいないしね,,
dom2Chizuru_M04.mes,Script/dom2Chizuru_M04.mes,8,22,주인공,誰かに誘われたらいっしょに<6E5C>回るんですか?,,
dom2Chizuru_M04.mes,Script/dom2Chizuru_M04.mes,9,26,Chizuru,ふふ、素敵な殿方に誘われたら、<6E5C>考えなくもないわね,,
dom2Chizuru_M04.mes,Script/dom2Chizuru_M04.mes,10,8,주인공,素敵な殿方……,,
dom2Chizuru_M04.mes,Script/dom2Chizuru_M04.mes,11,12,[선택지],誘ってみる僕じゃ無理だな,,
dom2Chizuru_M04.mes,Script/dom2Chizuru_M04.mes,12,44,[선택지],<0118><0001><0000><0058><004C><0002>あ、あの、もしよかったら、<6E5C>夏祭りは僕といっしょに<6E5C>回ってもらえませんか?,,
dom2Chizuru_M04.mes,Script/dom2Chizuru_M04.mes,13,16,주인공,素敵な殿方ではないですけど……,,
dom2Chizuru_M04.mes,Script/dom2Chizuru_M04.mes,14,26,Chizuru,ふふ、いいわよ.<6E5C>当日までに、素敵な殿方になってね,,
dom2Chizuru_M04.mes,Script/dom2Chizuru_M04.mes,15,6,주인공,は、はい!,,
dom2Chizuru_M04.mes,Script/dom2Chizuru_M04.mes,16,12,주인공,(僕じゃ無理だな……),,
dom2Chizuru_M04.mes,Script/dom2Chizuru_M04.mes,17,27,Chizuru,それじゃ、私は仕事が残ってるから<6E5C>、これで失礼するわ,,
dom2Chizuru_M04.mes,Script/dom2Chizuru_M04.mes,18,16,주인공,(神楽先輩、大変そうだな……),,
dom2Chizuru_S01.mes,Script/dom2Chizuru_S01.mes,0,61,[선택지],'<0001><0002><0008><0003><0001><0030><0001><0011><000E><0000><0000><0000><0000><0006><000A><0002><0000><0000><0001><0029><0024><0000><0000><0000><0000><0011><0006><0000><0000><0000><0000><0006><000A><0003><0000><0000><0001><002A><0000><0000><0000><0000><0000><000E><0001><FFFF><0000><0000><0000><0000><001C><000E><0002>あ、神楽先輩,,
dom2Chizuru_S01.mes,Script/dom2Chizuru_S01.mes,1,20,Chizuru,あら、<이름:3131>君.<6E5C>ゼミの課題は進んでる?,,
dom2Chizuru_S01.mes,Script/dom2Chizuru_S01.mes,2,15,주인공,え、ええ、まぁそれなりに……,,
dom2Chizuru_S01.mes,Script/dom2Chizuru_S01.mes,3,45,Chizuru,そう、がんばってるのね.もしなに<6E5C>かわからないことがあれば、<6E5C>いつでも相談してちょうだい,,
dom2Chizuru_S01.mes,Script/dom2Chizuru_S01.mes,4,19,Chizuru,力になれることであれば、<6E5C>協力するわ,,
dom2Chizuru_S01.mes,Script/dom2Chizuru_S01.mes,5,11,주인공,ありがとうございます,,
dom2Chizuru_S01.mes,Script/dom2Chizuru_S01.mes,6,34,주인공,えっと、できれば今度、神楽神社に<6E5C>伝わる民間伝承を閉かせてください,,
dom2Chizuru_S01.mes,Script/dom2Chizuru_S01.mes,7,21,Chizuru,いいわよ.また神社のほうへ<6E5C>いらっしゃい,,
dom2Chizuru_S01.mes,Script/dom2Chizuru_S01.mes,8,10,주인공,はい!お願いします,,
dom2Chizuru_S01.mes,Script/dom2Chizuru_S01.mes,9,12,Chizuru,それじゃ、がんばってね,,
dom2Chizuru_S01.mes,Script/dom2Chizuru_S01.mes,10,14,주인공,(がんばらなくちゃな……),,
dom2Chizuru_S01.mes,Script/dom2Chizuru_S01.mes,11,86,UNKNOWN_29,A<0000><0000><0000><0000><0003><0042><0003><0001><036C><0001><0002><0008><0003><0001><0030><0001><0011><000E><0000><0000><0000><0000><0006><000A><0002><0000><0000><0001><0029><0024><0000><0000><0000><0000><0011><0006><0000><0000><0000><0000><0006><000A><0003><0000><0000><0001><002A><0000><0000><0000><0000><0000><000E><0001><FFFF><0000><0000><0000><0000><003C><002E><0002>(フゥ……ゼミの課題、<6E5C>なかなか進まないな),,
dom2Chizuru_S01.mes,Script/dom2Chizuru_S01.mes,12,26,Chizuru,どうしたの、<이름:3131>君?<6E5C>なんだか暗い顔をしているわね,,
dom2Chizuru_S01.mes,Script/dom2Chizuru_S01.mes,13,24,주인공,あ、神楽先輩.<6E5C>ちょっとゼミの課題のことで……,,
dom2Chizuru_S01.mes,Script/dom2Chizuru_S01.mes,14,46,Chizuru,なるほど.いいわ、少しなら時間が<6E5C>あるから、神楽神社に伝わる伝承で<6E5C>よければ、お話しするわ,,
dom2Chizuru_S01.mes,Script/dom2Chizuru_S01.mes,15,12,주인공,ぜ、ぜひお願いします!,,
dom2Chizuru_S01.mes,Script/dom2Chizuru_S01.mes,16,19,Chizuru,さあ、なんでも閉いてもらって<6E5C>結構よ,,
dom2Chizuru_S01.mes,Script/dom2Chizuru_S01.mes,17,16,주인공,え、僕から質問するんですか!?,,
dom2Chizuru_S01.mes,Script/dom2Chizuru_S01.mes,18,47,Chizuru,当たり前でしょう、あなたの課題<6E5C>なんだから.与えられるがままの<6E5C>知識なんて、役に立たなくてよ,,
dom2Chizuru_S01.mes,Script/dom2Chizuru_S01.mes,19,17,주인공,そ、そうですよね.すみません……,,
dom2Chizuru_S01.mes,Script/dom2Chizuru_S01.mes,20,16,Chizuru,わかればいいのよ.はい、どうぞ,,
dom2Chizuru_S01.mes,Script/dom2Chizuru_S01.mes,21,20,주인공,(神楽先輩って、<6E5C>けっこう怖いな……),,
dom2Chizuru_S02.mes,Script/dom2Chizuru_S02.mes,0,7,주인공,すみませーん,,
dom2Chizuru_S02.mes,Script/dom2Chizuru_S02.mes,1,3,Chizuru,はい,,
dom2Chizuru_S02.mes,Script/dom2Chizuru_S02.mes,2,23,주인공,あ、神楽先輩!<6E5C>今日もお話を閉きに来ました!,,
dom2Chizuru_S02.mes,Script/dom2Chizuru_S02.mes,3,41,Chizuru,あら、熱心ね.ではオレンジ<6E5C>ジュースでも飲みながら、<6E5C>ゆっくりお話ししましょうか,,
dom2Chizuru_S02.mes,Script/dom2Chizuru_S02.mes,4,11,주인공,ありがとうございます,,
dom2Chizuru_S02.mes,Script/dom2Chizuru_S02.mes,5,27,주인공,(神楽先輩、いつも大人の余裕<6E5C>たっぷりって感じだな),,
dom2Chizuru_S02.mes,Script/dom2Chizuru_S02.mes,6,30,Chizuru,お待たせ.ちょうど買い置きの<6E5C>缶ジュースがあったの.どうぞ,,
dom2Chizuru_S02.mes,Script/dom2Chizuru_S02.mes,7,11,주인공,ありがとうございます,,
dom2Chizuru_S02.mes,Script/dom2Chizuru_S02.mes,8,31,주인공,……って、先輩?<6E5C>これ、おしるこって<6E5C>書いてありますけど……,,
dom2Chizuru_S02.mes,Script/dom2Chizuru_S02.mes,9,15,Chizuru,えぇ?いえ、そんなはずは……,,
dom2Chizuru_S02.mes,Script/dom2Chizuru_S02.mes,10,12,주인공,でもこれおしるこですよ,,
dom2Chizuru_S02.mes,Script/dom2Chizuru_S02.mes,11,40,Chizuru,あら……いやだわ.<6E5C>最近のオレンジジュースは変わって<6E5C>いますのね、オホホホ……,,
dom2Chizuru_S02.mes,Script/dom2Chizuru_S02.mes,12,11,주인공,そんなわけないでしょ,,
dom2Chizuru_S02.mes,Script/dom2Chizuru_S02.mes,13,11,주인공,(神楽先輩って……),,
dom2Chizuru_S02.mes,Script/dom2Chizuru_S02.mes,14,9,주인공,神楽せんぱ~い!,,
dom2Chizuru_S02.mes,Script/dom2Chizuru_S02.mes,15,23,Chizuru,あ、あまり大きな声で呼ばないで<6E5C>いただける?,,
dom2Chizuru_S02.mes,Script/dom2Chizuru_S02.mes,16,8,주인공,あ、すみません,,
dom2Chizuru_S02.mes,Script/dom2Chizuru_S02.mes,17,17,Chizuru,今日も伝承を閉きにきたのかしら?,,
dom2Chizuru_S02.mes,Script/dom2Chizuru_S02.mes,18,36,주인공,いえ、今日は時間があまりないので<6E5C>、なにか本をお借りできればと<6E5C>思って,,
dom2Chizuru_S02.mes,Script/dom2Chizuru_S02.mes,19,14,Chizuru,困ったわね.持ち出しは……,,
dom2Chizuru_S02.mes,Script/dom2Chizuru_S02.mes,20,3,주인공,……,,
dom2Chizuru_S02.mes,Script/dom2Chizuru_S02.mes,21,33,Chizuru,わ、わかりました.なにか探して<6E5C>きてあげるから、そんな顔しないで,,
dom2Chizuru_S02.mes,Script/dom2Chizuru_S02.mes,22,12,주인공,ありがとうございます!,,
dom2Chizuru_S02.mes,Script/dom2Chizuru_S02.mes,23,20,주인공,(神楽先輩って、<6E5C>ほんとにいい人だな),,
dom2Chizuru_S02.mes,Script/dom2Chizuru_S02.mes,24,14,Chizuru,お待たせ.はい、1冊だけよ,,
dom2Chizuru_S02.mes,Script/dom2Chizuru_S02.mes,25,14,주인공,ありがとう……って、先輩?,,
dom2Chizuru_S02.mes,Script/dom2Chizuru_S02.mes,26,2,Chizuru,?,,
dom2Chizuru_S02.mes,Script/dom2Chizuru_S02.mes,27,20,주인공,これ、文鳥の飼い方って<6E5C>書いてますけど,,
dom2Chizuru_S02.mes,Script/dom2Chizuru_S02.mes,28,37,Chizuru,あら?おかしいわね、文鳥がこの<6E5C>神社の守り神だとは閉いていない<6E5C>けど……,,
dom2Chizuru_S02.mes,Script/dom2Chizuru_S02.mes,29,17,주인공,いや、本を間違えただけでしょ……,,
dom2Chizuru_S03.mes,Script/dom2Chizuru_S03.mes,0,4,UNKNOWN_1e,<이름:3232>!,,
dom2Chizuru_S03.mes,Script/dom2Chizuru_S03.mes,1,32,주인공,草薙先輩、こんにちは.<6E5C>また図書館で詩集を<6E5C>借りてたんですか?,,
dom2Chizuru_S03.mes,Script/dom2Chizuru_S03.mes,2,32,Kyo,まぁな.<6E5C>『詩集。フリーマンの慚愧』<6E5C>……ヘヘ、やっと読めるぜ,,
dom2Chizuru_S03.mes,Script/dom2Chizuru_S03.mes,3,12,주인공,なんかまた変なのを……,,
dom2Chizuru_S03.mes,Script/dom2Chizuru_S03.mes,4,19,Kyo,言ったな?<6E5C>よし、ひとつ読んでやろう,,
dom2Chizuru_S03.mes,Script/dom2Chizuru_S03.mes,5,9,주인공,いえ、遠慮します,,
dom2Chizuru_S03.mes,Script/dom2Chizuru_S03.mes,6,13,Kyo,遠慮すんなって!行くぜ!,,
dom2Chizuru_S03.mes,Script/dom2Chizuru_S03.mes,7,41,Kyo,今日をこえる明日がどこにある?<6E5C>この瞬間!この瞬間にだけ俺は<6E5C>生きているのさ!!,,
dom2Chizuru_S03.mes,Script/dom2Chizuru_S03.mes,8,7,UNKNOWN_1e,騒がしいわね,,
dom2Chizuru_S03.mes,Script/dom2Chizuru_S03.mes,9,14,Chizuru,いったい何事かしら、草薙京,,
dom2Chizuru_S03.mes,Script/dom2Chizuru_S03.mes,10,20,Kyo,神楽か……ちっ、<6E5C>べつになんでもねぇよ,,
dom2Chizuru_S03.mes,Script/dom2Chizuru_S03.mes,11,8,주인공,あ、草薙先輩!,,
dom2Chizuru_S03.mes,Script/dom2Chizuru_S03.mes,12,8,[선택지],見送る追いかける,,
dom2Chizuru_S03.mes,Script/dom2Chizuru_S03.mes,13,18,[선택지],",<0001><0000><0024><0018><0002>あぁ、行っちゃった……",,
dom2Chizuru_S03.mes,Script/dom2Chizuru_S03.mes,14,18,Chizuru,<이름:3131>君、あなた草薙と<6E5C>お知り合い?,,
dom2Chizuru_S03.mes,Script/dom2Chizuru_S03.mes,15,17,주인공,あ、はい.ゼミの先輩だったんです,,
dom2Chizuru_S03.mes,Script/dom2Chizuru_S03.mes,16,3,Chizuru,そう,,
dom2Chizuru_S03.mes,Script/dom2Chizuru_S03.mes,17,21,주인공,神楽先輩は、<6E5C>草薙先輩のお友だちですか?,,
dom2Chizuru_S03.mes,Script/dom2Chizuru_S03.mes,18,14,Chizuru,お友だち……いえ、違うわね,,
dom2Chizuru_S03.mes,Script/dom2Chizuru_S03.mes,19,20,주인공,(なんだろ、<6E5C>複雑な関係なのかな……),,
dom2Chizuru_S03.mes,Script/dom2Chizuru_S03.mes,20,17,주인공,ちょ、ちょっと待ってくださいよ!,,
dom2Chizuru_S03.mes,Script/dom2Chizuru_S03.mes,21,12,UNKNOWN_1e,あなたは間違っているわ,,
dom2Chizuru_S03.mes,Script/dom2Chizuru_S03.mes,22,21,UNKNOWN_1e,俺に意見をするな.俺は誰の指図も<6E5C>受けん,,
dom2Chizuru_S03.mes,Script/dom2Chizuru_S03.mes,23,11,주인공,(あ、あれは……!),,
dom2Chizuru_S03.mes,Script/dom2Chizuru_S03.mes,24,10,주인공,八神先輩、神楽先輩,,
dom2Chizuru_S03.mes,Script/dom2Chizuru_S03.mes,25,6,Iori,<이름:3131>か……,,
dom2Chizuru_S03.mes,Script/dom2Chizuru_S03.mes,26,28,Chizuru,ごめんなさい、<이름:3131>君.<6E5C>今は下がっていてもらえるかしら,,
dom2Chizuru_S03.mes,Script/dom2Chizuru_S03.mes,27,24,주인공,(な、なんだ?<6E5C>殺気のようなものを感じる……),,
dom2Chizuru_S03.mes,Script/dom2Chizuru_S03.mes,28,36,Chizuru,八神、あなたは過去に囚われ過ぎよ<6E5C>.自分の成すべきことを<6E5C>見誤っている,,
dom2Chizuru_S03.mes,Script/dom2Chizuru_S03.mes,29,51,Iori,今さら御三家が仲良くする<6E5C>必要もなかろう<485C>過去から逃れられないのは<6E5C>俺ではなく貴様の方ではないのか?,,
dom2Chizuru_S03.mes,Script/dom2Chizuru_S03.mes,30,23,주인공,あ、あの、おふたりとも、<6E5C>穏便にいきましょう,,
dom2Chizuru_S03.mes,Script/dom2Chizuru_S03.mes,31,13,Iori,貴様は引っ込んでろ……!,,
dom2Chizuru_S03.mes,Script/dom2Chizuru_S03.mes,32,15,주인공,(や、八神先輩怖すぎる!!),,
dom2Chizuru_S03.mes,Script/dom2Chizuru_S03.mes,33,38,Chizuru,ふぅ……もういいわ.<6E5C>今はあなたが草薙を追い続けるのも<6E5C>いいのかもしれない,,
dom2Chizuru_S03.mes,Script/dom2Chizuru_S03.mes,34,3,Iori,……,,
dom2Chizuru_S03.mes,Script/dom2Chizuru_S03.mes,35,26,주인공,(こ、このふたりも複雑な関係が<6E5C>ありそうだな……),,
dom2Chizuru_S04.mes,Script/dom2Chizuru_S04.mes,0,7,[효과음/내레이션],ブォォォン!,,
dom2Chizuru_S04.mes,Script/dom2Chizuru_S04.mes,1,23,주인공,(こ、この神社にふさわしくない<6E5C>爆音は……),,
dom2Chizuru_S04.mes,Script/dom2Chizuru_S04.mes,2,10,주인공,やっぱり、神楽先輩,,
dom2Chizuru_S04.mes,Script/dom2Chizuru_S04.mes,3,13,Chizuru,あら<이름:3131>君、どうしたの?,,
dom2Chizuru_S04.mes,Script/dom2Chizuru_S04.mes,4,28,주인공,素敵な爆音がしたんで、神楽先輩が<6E5C>いるかなと思いまして,,
dom2Chizuru_S04.mes,Script/dom2Chizuru_S04.mes,5,17,Chizuru,素敵だなんてそんな……ありがとう,,
dom2Chizuru_S04.mes,Script/dom2Chizuru_S04.mes,6,38,주인공,(あ、あれ、今たしかバイクの<6E5C>音をほめたよな……<6E5C>なんで照れてるんだろ?),,
dom2Chizuru_S04.mes,Script/dom2Chizuru_S04.mes,7,30,Chizuru,これからツーリングに行くんだけど<6E5C>、よかったら乗っていく?,,
dom2Chizuru_S04.mes,Script/dom2Chizuru_S04.mes,8,10,주인공,え、いいんですか?,,
dom2Chizuru_S04.mes,Script/dom2Chizuru_S04.mes,9,15,Chizuru,もちろんよ.はい、ヘルメット,,
dom2Chizuru_S04.mes,Script/dom2Chizuru_S04.mes,10,11,주인공,ありがとうございます,,
dom2Chizuru_S04.mes,Script/dom2Chizuru_S04.mes,11,10,Chizuru,それじゃ、行くわよ,,
dom2Chizuru_S04.mes,Script/dom2Chizuru_S04.mes,12,7,[효과음/내레이션],ブォォォン!,,
dom2Chizuru_S04.mes,Script/dom2Chizuru_S04.mes,13,11,주인공,う、うお!速い……!,,
dom2Chizuru_S04.mes,Script/dom2Chizuru_S04.mes,14,12,UNKNOWN_1e,ちくしょう!覚えてろ!,,
dom2Chizuru_S04.mes,Script/dom2Chizuru_S04.mes,15,29,주인공,(な、なんだ?この神社に<6E5C>似つかわしくない捨てゼリフは),,
dom2Chizuru_S04.mes,Script/dom2Chizuru_S04.mes,16,7,[효과음/내레이션],ブォォォン!,,
dom2Chizuru_S04.mes,Script/dom2Chizuru_S04.mes,17,15,주인공,(わ、悪そうな奴だなぁ……),,
dom2Chizuru_S04.mes,Script/dom2Chizuru_S04.mes,18,10,Chizuru,ふぅ、困ったものね,,
dom2Chizuru_S04.mes,Script/dom2Chizuru_S04.mes,19,25,Chizuru,あら、<이름:3131>君.<6E5C>嫌なところを見られてしまったわね,,
dom2Chizuru_S04.mes,Script/dom2Chizuru_S04.mes,20,10,주인공,神楽先輩、今のは?,,
dom2Chizuru_S04.mes,Script/dom2Chizuru_S04.mes,21,29,주인공,胸をはだけたヤンキーがバイクで<6E5C>走り去っていきましたけど,,
dom2Chizuru_S04.mes,Script/dom2Chizuru_S04.mes,22,25,Chizuru,以前チキンレースで勝負した、<6E5C>暴走族のリーダーよ,,
dom2Chizuru_S04.mes,Script/dom2Chizuru_S04.mes,23,28,주인공,ぼ、暴走族?<6E5C>いや、それより、<6E5C>チキンレースで勝負!?,,
dom2Chizuru_S04.mes,Script/dom2Chizuru_S04.mes,24,17,Chizuru,そ、そんな目で見ないでちょうだい,,
dom2Chizuru_S04.mes,Script/dom2Chizuru_S04.mes,25,50,Chizuru,絡んできた暴走族を20人ほど<6E5C>おとなしくさせたら、<485C>あの男が出てきて勝負を<6E5C>申し込まれただけなのよ,,
dom2Chizuru_S04.mes,Script/dom2Chizuru_S04.mes,26,3,주인공,……,,
dom2Chizuru_S04.mes,Script/dom2Chizuru_S04.mes,27,21,Chizuru,そんな目で見ないで.<6E5C>私も困っているのよ,,
dom2Chizuru_S04.mes,Script/dom2Chizuru_S04.mes,28,26,주인공,(すごい人だとは思ってたけど……<6E5C>とんでもないな),,
dom2Chizuru_S04.mes,Script/dom2Chizuru_S04.mes,29,19,주인공,あの……<6E5C>どなたかいらっしゃいますか,,
dom2Chizuru_S04.mes,Script/dom2Chizuru_S04.mes,30,22,Chizuru,そんな小さな声では、<6E5C>誰にも閉こえないわよ,,
dom2Chizuru_S04.mes,Script/dom2Chizuru_S04.mes,31,5,주인공,神楽先輩,,
dom2Chizuru_S04.mes,Script/dom2Chizuru_S04.mes,32,15,Chizuru,どうしたの、またゼミの課題?,,
dom2Chizuru_S04.mes,Script/dom2Chizuru_S04.mes,33,20,주인공,いえ、<6E5C>今日はゼミのことじゃないんです,,
dom2Chizuru_S04.mes,Script/dom2Chizuru_S04.mes,34,17,Chizuru,それじゃあ、どんなご用件かしら?,,
dom2Chizuru_S04.mes,Script/dom2Chizuru_S04.mes,35,19,주인공,すごく個人的な質問でもいいですか<6E5C>?,,
dom2Chizuru_S04.mes,Script/dom2Chizuru_S04.mes,36,7,Chizuru,ええ、どうぞ,,
dom2Chizuru_S04.mes,Script/dom2Chizuru_S04.mes,37,24,주인공,この神社って、<6E5C>神楽先輩が維いだわけですよね?,,
dom2Chizuru_S04.mes,Script/dom2Chizuru_S04.mes,38,11,Chizuru,……そうね.それが?,,
dom2Chizuru_S04.mes,Script/dom2Chizuru_S04.mes,39,32,주인공,いや、神楽先輩には、他にやりたい<6E5C>こととかないのかな、と思って,,
dom2Chizuru_S04.mes,Script/dom2Chizuru_S04.mes,40,3,Chizuru,……,,
dom2Chizuru_S04.mes,Script/dom2Chizuru_S04.mes,41,28,주인공,あ、あの、すみません.<6E5C>なんかぶしつけな質問しちゃって,,
dom2Chizuru_S04.mes,Script/dom2Chizuru_S04.mes,42,27,Chizuru,……プロのレーサーになりたいと<6E5C>思ったこともあったわ,,
dom2Chizuru_S04.mes,Script/dom2Chizuru_S04.mes,43,4,주인공,え……,,
dom2Chizuru_S04.mes,Script/dom2Chizuru_S04.mes,44,37,Chizuru,でもね、私は生まれたときから<6E5C>神楽ちづるなの.<6E5C>その運命には逆らえないわ,,
dom2Chizuru_S04.mes,Script/dom2Chizuru_S04.mes,45,3,주인공,……,,
dom2Chizuru_S04.mes,Script/dom2Chizuru_S04.mes,46,26,Chizuru,それにね、私はそのことを辛いとは<6E5C>思っていないのよ,,
dom2Chizuru_S04.mes,Script/dom2Chizuru_S04.mes,47,19,Chizuru,ほら、よく似合うでしょ、<6E5C>私の巫女姿,,
dom2Chizuru_S04.mes,Script/dom2Chizuru_S04.mes,48,24,주인공,……はい.とっても、<6E5C>とってもよく似合ってます,,
dom2Chizuru_S04.mes,Script/dom2Chizuru_S04.mes,49,6,Chizuru,ありがとう,,
dom2Chizuru_S05.mes,Script/dom2Chizuru_S05.mes,0,33,UNKNOWN_1e,またいつでもご相談に乗らせて<6E5C>いただきますよ.<6E5C>ご遠慮なくどうぞ,,
dom2Chizuru_S05.mes,Script/dom2Chizuru_S05.mes,1,12,UNKNOWN_1e,ありがとうございました,,
dom2Chizuru_S05.mes,Script/dom2Chizuru_S05.mes,2,13,주인공,(あ……お客さんかな?),,
dom2Chizuru_S05.mes,Script/dom2Chizuru_S05.mes,3,22,Chizuru,<이름:3131>君、どうしたの、<6E5C>そんなところに隠れて,,
dom2Chizuru_S05.mes,Script/dom2Chizuru_S05.mes,4,27,주인공,あ……神楽先輩.<6E5C>いや、お客さんだった<6E5C>みたいだから,,
dom2Chizuru_S05.mes,Script/dom2Chizuru_S05.mes,5,8,주인공,今の人は……?,,
dom2Chizuru_S05.mes,Script/dom2Chizuru_S05.mes,6,24,Chizuru,神社には様々な迷いや悩みを<6E5C>抱えた人が訪れるの,,
dom2Chizuru_S05.mes,Script/dom2Chizuru_S05.mes,7,25,Chizuru,そうした人たちのお話を閉くのも、<6E5C>私の仕事なのよ,,
dom2Chizuru_S05.mes,Script/dom2Chizuru_S05.mes,8,21,주인공,神社に相談って……<6E5C>心霊現象とかですか?,,
dom2Chizuru_S05.mes,Script/dom2Chizuru_S05.mes,9,15,Chizuru,ふふ、そういうものもあるわね,,
dom2Chizuru_S05.mes,Script/dom2Chizuru_S05.mes,10,21,Chizuru,でも、ほとんどはごくありふれた<6E5C>相談事よ,,
dom2Chizuru_S05.mes,Script/dom2Chizuru_S05.mes,11,22,주인공,……神楽先輩には、<6E5C>相談事はないんですか?,,
dom2Chizuru_S05.mes,Script/dom2Chizuru_S05.mes,12,41,Chizuru,私?さあ、どうかしら.<6E5C>人生の多くのことは、自身の<6E5C>意思と努力で解決できるものよ,,
dom2Chizuru_S05.mes,Script/dom2Chizuru_S05.mes,13,11,주인공,(……先輩は強いな),,
dom2Chizuru_S05.mes,Script/dom2Chizuru_S05.mes,14,10,[효과음/내레이션],ミーンミーンミーン,,
dom2Chizuru_S05.mes,Script/dom2Chizuru_S05.mes,15,26,주인공,(暑いな……ちょっと木陰で<6E5C>休ませてもらおうかな),,
dom2Chizuru_S05.mes,Script/dom2Chizuru_S05.mes,16,10,주인공,(あ……神楽先輩),,
dom2Chizuru_S05.mes,Script/dom2Chizuru_S05.mes,17,10,주인공,(……泣いてる?),,
dom2Chizuru_S05.mes,Script/dom2Chizuru_S05.mes,18,8,Chizuru,あ、<이름:3131>君……,,
dom2Chizuru_S05.mes,Script/dom2Chizuru_S05.mes,19,16,주인공,神楽先輩、どうかしたんですか?,,
dom2Chizuru_S05.mes,Script/dom2Chizuru_S05.mes,20,10,Chizuru,え、なにがかしら?,,
dom2Chizuru_S05.mes,Script/dom2Chizuru_S05.mes,21,24,주인공,先輩……つらいときはつらいって<6E5C>言ってください,,
dom2Chizuru_S05.mes,Script/dom2Chizuru_S05.mes,22,37,주인공,僕じゃ頼りにはならないかも<6E5C>しれないけど、背中を貸す<6E5C>くらいならできます,,
dom2Chizuru_S05.mes,Script/dom2Chizuru_S05.mes,23,6,Chizuru,<이름:3131>君……,,
dom2Chizuru_S05.mes,Script/dom2Chizuru_S05.mes,24,10,주인공,ほら、遠慮しないで,,
dom2Chizuru_S05.mes,Script/dom2Chizuru_S05.mes,25,8,Chizuru,ありがとう……,,
dom2Chizuru_S05.mes,Script/dom2Chizuru_S05.mes,26,15,Chizuru,少しだけ、もたれさせてね……,,
dom2Chizuru_S05.mes,Script/dom2Chizuru_S05.mes,27,3,주인공,……,,
dom2Chizuru_S05.mes,Script/dom2Chizuru_S05.mes,28,3,Chizuru,……,,
dom2Chizuru_S05.mes,Script/dom2Chizuru_S05.mes,29,50,주인공,(ちづる先輩、だいじょうぶかな.<6E5C>こないだは結局、なにがあったのか<6E5C>教えてくれなかったもんな……),,
dom2Chizuru_S05.mes,Script/dom2Chizuru_S05.mes,30,10,Chizuru,こんにちは、<이름:3131>君,,
dom2Chizuru_S05.mes,Script/dom2Chizuru_S05.mes,31,7,주인공,神楽先輩……,,
dom2Chizuru_S05.mes,Script/dom2Chizuru_S05.mes,32,13,Chizuru,どうしたの、暗い顔をして,,
dom2Chizuru_S05.mes,Script/dom2Chizuru_S05.mes,33,15,주인공,だいじょうぶですか、神楽先輩,,
dom2Chizuru_S05.mes,Script/dom2Chizuru_S05.mes,34,10,Chizuru,ありがとう、<이름:3131>君,,
dom2Chizuru_S05.mes,Script/dom2Chizuru_S05.mes,35,10,Chizuru,私はだいじょうぶよ,,
dom2Chizuru_S05.mes,Script/dom2Chizuru_S05.mes,36,3,주인공,……,,
dom2Chizuru_S05.mes,Script/dom2Chizuru_S05.mes,37,26,Chizuru,そんな顔をしないで.<6E5C>強がっているわけじゃないのよ,,
dom2Chizuru_S05.mes,Script/dom2Chizuru_S05.mes,38,36,Chizuru,<이름:3131>君が背中を貸して<6E5C>くれたから、私はまたひとりで<6E5C>立つことができたの,,
dom2Chizuru_S05.mes,Script/dom2Chizuru_S05.mes,39,44,Chizuru,……いえ、違うわね.<6E5C>私はひとりじゃない<485C>そう思えたから、<6E5C>こうして笑っていられるのよ,,
dom2Chizuru_S05.mes,Script/dom2Chizuru_S05.mes,40,25,주인공,そうですか…….<6E5C>僕は、少しは役に立てましたか?,,
dom2Chizuru_S05.mes,Script/dom2Chizuru_S05.mes,41,9,Chizuru,ええ、とても……,,
dom2Chizuru_S05.mes,Script/dom2Chizuru_S05.mes,42,7,주인공,……よかった,,
dom2Chizuru_S06.mes,Script/dom2Chizuru_S06.mes,0,6,주인공,(あれ?),,
dom2Chizuru_S06.mes,Script/dom2Chizuru_S06.mes,1,13,주인공,(なんだ?目の錯覚か?),,
dom2Chizuru_S06.mes,Script/dom2Chizuru_S06.mes,2,10,주인공,(あ、あれ……?),,
dom2Chizuru_S06.mes,Script/dom2Chizuru_S06.mes,3,11,Chizuru,あら、<이름:3131>君じゃない,,
dom2Chizuru_S06.mes,Script/dom2Chizuru_S06.mes,4,22,Chizuru,どうしたの、<6E5C>狐につままれたような顔をして,,
dom2Chizuru_S06.mes,Script/dom2Chizuru_S06.mes,5,25,주인공,え、いや、さっき神楽先輩が<6E5C>ふたりいたような……,,
dom2Chizuru_S06.mes,Script/dom2Chizuru_S06.mes,6,18,Chizuru,<이름:3131>君……<6E5C>暑さにやられたのかしら,,
dom2Chizuru_S06.mes,Script/dom2Chizuru_S06.mes,7,13,주인공,ど、どうもそうみたいです,,
dom2Chizuru_S06.mes,Script/dom2Chizuru_S06.mes,8,10,Chizuru,面白い人ね、<이름:3131>君,,
dom2Chizuru_S06.mes,Script/dom2Chizuru_S06.mes,9,10,Chizuru,こんにちは、<이름:3131>君,,
dom2Chizuru_S06.mes,Script/dom2Chizuru_S06.mes,10,6,주인공,こんにちは,,
dom2Chizuru_S06.mes,Script/dom2Chizuru_S06.mes,11,30,Chizuru,私、今から用事があるの.<6E5C>おかまいできなくてごめんなさいね,,
dom2Chizuru_S06.mes,Script/dom2Chizuru_S06.mes,12,5,주인공,は、はい,,
dom2Chizuru_S06.mes,Script/dom2Chizuru_S06.mes,13,8,Chizuru,それじゃ、失礼,,
dom2Chizuru_S06.mes,Script/dom2Chizuru_S06.mes,14,23,주인공,神楽先輩って、たまにミステリアス<6E5C>だよな……,,
dom2Chizuru_S06.mes,Script/dom2Chizuru_S06.mes,15,13,UNKNOWN_1e,私がどうかしたのかしら?,,
dom2Chizuru_S06.mes,Script/dom2Chizuru_S06.mes,16,4,주인공,うわ!,,
dom2Chizuru_S06.mes,Script/dom2Chizuru_S06.mes,17,20,Chizuru,どうしたの、<6E5C>お化けでも見るような顔ね,,
dom2Chizuru_S06.mes,Script/dom2Chizuru_S06.mes,18,30,주인공,えーと、あれ?<6E5C>さっき、用事があるから<6E5C>あっちの方向に……,,
dom2Chizuru_S06.mes,Script/dom2Chizuru_S06.mes,19,19,Chizuru,ふふ……<6E5C>誰があっちに行ったのかしら,,
dom2Chizuru_S06.mes,Script/dom2Chizuru_S06.mes,20,14,주인공,……あの、どちら様ですか?,,
dom2Chizuru_S06.mes,Script/dom2Chizuru_S06.mes,21,16,Chizuru,さて、どちら様に見えるのかしら,,
dom2Chizuru_S06.mes,Script/dom2Chizuru_S06.mes,22,14,주인공,(もしかして遊ばれてる?),,
dom2Chizuru_X01.mes,Script/dom2Chizuru_X01.mes,0,21,주인공,(平和だ……<6E5C>朝の散歩はこうでなくちゃ),,
dom2Chizuru_X01.mes,Script/dom2Chizuru_X01.mes,1,7,[효과음/내레이션],ブォォォン!,,
dom2Chizuru_X01.mes,Script/dom2Chizuru_X01.mes,2,31,주인공,(あ、あぁ……静寂が破られる.<6E5C>いや、でも幻聴かもしれない),,
dom2Chizuru_X01.mes,Script/dom2Chizuru_X01.mes,3,7,[효과음/내레이션],ブォォォン!,,
dom2Chizuru_X01.mes,Script/dom2Chizuru_X01.mes,4,25,주인공,(儚いという字は、<6E5C>人の夢と書くんだよなぁ……),,
dom2Chizuru_X01.mes,Script/dom2Chizuru_X01.mes,5,7,[효과음/내레이션],ブォォォン!,,
dom2Chizuru_X01.mes,Script/dom2Chizuru_X01.mes,6,12,주인공,なんだよ!うるさいな!,,
dom2Chizuru_X01.mes,Script/dom2Chizuru_X01.mes,7,22,Chizuru,ご、ごめんなさい.<6E5C>そんなにご迷惑だった?,,
dom2Chizuru_X01.mes,Script/dom2Chizuru_X01.mes,8,7,주인공,神楽先輩!!,,
dom2Chizuru_X01.mes,Script/dom2Chizuru_X01.mes,9,16,Chizuru,大きな声を出さないでちょうだい,,
dom2Chizuru_X01.mes,Script/dom2Chizuru_X01.mes,10,37,주인공,す、すみません.<6E5C>まさか神楽先輩だとは……てっきり<6E5C>、どこかの暴走族だと,,
dom2Chizuru_X01.mes,Script/dom2Chizuru_X01.mes,11,19,Chizuru,暴走族?<6E5C>あちらの方々のことかしら?,,
dom2Chizuru_X01.mes,Script/dom2Chizuru_X01.mes,12,10,주인공,え?あ、あぁっ!!,,
dom2Chizuru_X01.mes,Script/dom2Chizuru_X01.mes,13,22,주인공,(ひ、人が倒れてる……<6E5C>バイクも数台……),,
dom2Chizuru_X01.mes,Script/dom2Chizuru_X01.mes,14,20,Chizuru,ぜ、全部を私がやったわけでは<6E5C>ないのよ,,
dom2Chizuru_X01.mes,Script/dom2Chizuru_X01.mes,15,12,주인공,なにを照れてるんですか,,
dom2Chizuru_X01.mes,Script/dom2Chizuru_X01.mes,16,29,Chizuru,こんなおてんばな娘だと、<6E5C><이름:3131>君には知られたくなかったわ,,
dom2Chizuru_X01.mes,Script/dom2Chizuru_X01.mes,17,25,주인공,おてんばって……これ、<6E5C>そんなレベルの話ですか?,,
dom2Chizuru_X01.mes,Script/dom2Chizuru_X01.mes,18,19,Chizuru,あまりにしつこかったから、<6E5C>つい……,,
dom2Chizuru_X01.mes,Script/dom2Chizuru_X01.mes,19,46,주인공,ま、まぁ神楽先輩が自分からケンカ<6E5C>を売るとも思えないので、事情が<6E5C>あったのは理解できますが,,
dom2Chizuru_X01.mes,Script/dom2Chizuru_X01.mes,20,15,Chizuru,よかった.じゃあ行きましょう,,
dom2Chizuru_X01.mes,Script/dom2Chizuru_X01.mes,21,27,주인공,よかったって……これ、<6E5C>このまま放って行くんですか?,,
dom2Chizuru_X01.mes,Script/dom2Chizuru_X01.mes,22,67,Chizuru,だいじょうぶよ、この手の方たちは<6E5C>、警察のご厄介になるのを<6E5C>たいそう怖がっておいでだから、<485C>自分たちで事後処理は<6E5C>こなしてくださるわ,,
dom2Chizuru_X01.mes,Script/dom2Chizuru_X01.mes,23,10,주인공,そ、そうですか……,,
dom2Chizuru_X01.mes,Script/dom2Chizuru_X01.mes,24,29,주인공,(誰かが警察に通報するかも、<6E5C>とかは考えないのかな……),,
dom2Chizuru_X01.mes,Script/dom2Chizuru_X01.mes,25,5,주인공,ただいま,,
dom2Chizuru_X01.mes,Script/dom2Chizuru_X01.mes,26,13,Hotaru,お帰りなさい、お兄ちゃん,,
dom2Chizuru_X01.mes,Script/dom2Chizuru_X01.mes,27,13,Hotaru,どうしたの、難しい顔して,,
dom2Chizuru_X01.mes,Script/dom2Chizuru_X01.mes,28,12,주인공,難しい顔してるか、僕は,,
dom2Chizuru_X01.mes,Script/dom2Chizuru_X01.mes,29,43,Hotaru,うん.困ったような、驚いたような<6E5C>、笑ってるような……複雑な顔だよ<6E5C>.だいじょうぶ?,,
dom2Chizuru_X01.mes,Script/dom2Chizuru_X01.mes,30,29,주인공,う、うん、なんか朝からとんでも<6E5C>ないものを見ちゃって……,,
dom2Chizuru_X01.mes,Script/dom2Chizuru_X01.mes,31,19,Hotaru,よくわからないけど、元気出してね<6E5C>!,,
dom2Chizuru_X01.mes,Script/dom2Chizuru_X01.mes,32,7,주인공,すいませ~ん,,
dom2Chizuru_X01.mes,Script/dom2Chizuru_X01.mes,33,3,UNKNOWN_1e,はい,,
dom2Chizuru_X01.mes,Script/dom2Chizuru_X01.mes,34,11,주인공,こんにちは、<이름:3131>です,,
dom2Chizuru_X01.mes,Script/dom2Chizuru_X01.mes,35,17,Chizuru,あら……こんにちは.なにかご用?,,
dom2Chizuru_X01.mes,Script/dom2Chizuru_X01.mes,36,61,주인공,え、と.朝はびっくりして<6E5C>帰っちゃったんで、ちゃんと<6E5C>閉いてなかったんですけど、<485C>神楽先輩ケガとか<6E5C>しなかったんですか?,,
dom2Chizuru_X01.mes,Script/dom2Chizuru_X01.mes,37,21,Chizuru,朝?ケガ?<6E5C>ええ、私はなんともないけど?,,
dom2Chizuru_X01.mes,Script/dom2Chizuru_X01.mes,38,16,주인공,つ、強いんですね……無傷ですか,,
dom2Chizuru_X01.mes,Script/dom2Chizuru_X01.mes,39,45,Chizuru,神楽家は代々護る者としての使命を<6E5C>受けてきたから、ある程度の<6E5C>護身術は身につけているのよ,,
dom2Chizuru_X01.mes,Script/dom2Chizuru_X01.mes,40,27,주인공,今朝の暴走族、20人くらいいたと<6E5C>思うんですけど……,,
dom2Chizuru_X01.mes,Script/dom2Chizuru_X01.mes,41,29,Chizuru,あら、そんなにいたのかしら?<6E5C>でも、数は問題じゃないのよ,,
dom2Chizuru_X01.mes,Script/dom2Chizuru_X01.mes,42,9,주인공,と、言いますと?,,
dom2Chizuru_X01.mes,Script/dom2Chizuru_X01.mes,43,31,Chizuru,何人であったとしても、鏡に映る<6E5C>自分には勝てない、ということ,,
dom2Chizuru_X01.mes,Script/dom2Chizuru_X01.mes,44,14,주인공,よ、よくわからないですけど,,
dom2Chizuru_X01.mes,Script/dom2Chizuru_X01.mes,45,11,Chizuru,ふふ、いいのよそれで,,
dom2Chizuru_X01.mes,Script/dom2Chizuru_X01.mes,46,16,Chizuru,それで、用件はそれだけかしら?,,
dom2Chizuru_X01.mes,Script/dom2Chizuru_X01.mes,47,31,주인공,いえ、あの……よかったら、遊びに<6E5C>行かないかな、と思いまして,,
dom2Chizuru_X01.mes,Script/dom2Chizuru_X01.mes,48,36,Chizuru,私を?それは……この神楽ちづるを<6E5C>デートに誘ってくれているのかしら<6E5C>?,,
dom2Chizuru_X01.mes,Script/dom2Chizuru_X01.mes,49,10,주인공,デートだなんて……,,
dom2Chizuru_X01.mes,Script/dom2Chizuru_X01.mes,50,9,Chizuru,あら、違うの……,,
dom2Chizuru_X01.mes,Script/dom2Chizuru_X01.mes,51,24,주인공,い、いえ、デートです!<6E5C>よろしくお願いします!,,
dom2Chizuru_X01.mes,Script/dom2Chizuru_X01.mes,52,33,Chizuru,喜んでお受けするわ.<6E5C>着替えてくるから、<6E5C>少し待っててもらえる?,,
dom2Chizuru_X01.mes,Script/dom2Chizuru_X01.mes,53,7,주인공,もちろんです,,
dom2Chizuru_X01.mes,Script/dom2Chizuru_X01.mes,54,22,Chizuru,お待たせ.<6E5C>誘ってくれてありがとう、<이름:3131>君,,
dom2Chizuru_X01.mes,Script/dom2Chizuru_X01.mes,55,26,주인공,いや、そんなあらたまって<6E5C>お礼なんていらないですよ,,
dom2Chizuru_X01.mes,Script/dom2Chizuru_X01.mes,56,16,Chizuru,ふふ、それじゃ、行きましょうか,,
dom2Chizuru_X01.mes,Script/dom2Chizuru_X01.mes,57,3,주인공,はい,,
dom2Chizuru_X01.mes,Script/dom2Chizuru_X01.mes,58,17,Chizuru,あら、新作ゲームが入ってるようね,,
dom2Chizuru_X01.mes,Script/dom2Chizuru_X01.mes,59,17,주인공,あ、ほんとだ.気づかなかったなぁ,,
dom2Chizuru_X01.mes,Script/dom2Chizuru_X01.mes,60,15,주인공,神楽先輩はよく来るんですか?,,
dom2Chizuru_X01.mes,Script/dom2Chizuru_X01.mes,61,24,Chizuru,時々よ.<6E5C>無性にレースがしたく<6E5C>なったときだけ,,
dom2Chizuru_X01.mes,Script/dom2Chizuru_X01.mes,62,30,Chizuru,ここの大型筐体のバイクレース<6E5C>ゲーム、とても出来がいいのよ,,
dom2Chizuru_X01.mes,Script/dom2Chizuru_X01.mes,63,13,주인공,あ、あれ面白いですよね!,,
dom2Chizuru_X01.mes,Script/dom2Chizuru_X01.mes,64,18,Chizuru,<이름:3131>君はクリアしたことが<6E5C>あるの?,,
dom2Chizuru_X01.mes,Script/dom2Chizuru_X01.mes,65,32,주인공,はい!<6E5C>僕、免許は持ってないけど、<6E5C>ゲームはわりと得意なんです,,
dom2Chizuru_X01.mes,Script/dom2Chizuru_X01.mes,66,9,Chizuru,じゃあ、勝負ね!,,
dom2Chizuru_X01.mes,Script/dom2Chizuru_X01.mes,67,24,주인공,いくら神楽先輩が相手でも、<6E5C>手加減しませんよ!,,
dom2Chizuru_X01.mes,Script/dom2Chizuru_X01.mes,68,7,Chizuru,望むところよ,,
dom2Chizuru_X01.mes,Script/dom2Chizuru_X01.mes,69,9,주인공,ゲームスタート!,,
dom2Chizuru_X01.mes,Script/dom2Chizuru_X01.mes,70,6,[효과음/내레이션],チャリーン,,
dom2Chizuru_X01.mes,Script/dom2Chizuru_X01.mes,71,8,주인공,は、速い……!,,
dom2Chizuru_X01.mes,Script/dom2Chizuru_X01.mes,72,6,Chizuru,まだまだ!,,
dom2Chizuru_X01.mes,Script/dom2Chizuru_X01.mes,73,9,주인공,こ、この気迫……,,
dom2Chizuru_X01.mes,Script/dom2Chizuru_X01.mes,74,6,Chizuru,ゴールよ!,,
dom2Chizuru_X01.mes,Script/dom2Chizuru_X01.mes,75,7,주인공,負けた~!!,,
dom2Chizuru_X01.mes,Script/dom2Chizuru_X01.mes,76,17,Chizuru,ふぅ……少し熱くなってしまったわ,,
dom2Chizuru_X01.mes,Script/dom2Chizuru_X01.mes,77,16,주인공,神楽先輩、人相変わってましたよ,,
dom2Chizuru_X01.mes,Script/dom2Chizuru_X01.mes,78,12,Chizuru,そ、そうだったかしら?,,
dom2Chizuru_X01.mes,Script/dom2Chizuru_X01.mes,79,17,주인공,それにしても神楽先輩すごいですね,,
dom2Chizuru_X01.mes,Script/dom2Chizuru_X01.mes,80,21,주인공,僕、ゲームだけは負けないと<6E5C>思ってたのに,,
dom2Chizuru_X01.mes,Script/dom2Chizuru_X01.mes,81,33,Chizuru,何事にも全力で挑む.<6E5C>それが、いつか勝利する希望に<6E5C>つながるのよ,,
dom2Chizuru_X01.mes,Script/dom2Chizuru_X01.mes,82,12,주인공,何事にも全力……ですか,,
dom2Chizuru_X01.mes,Script/dom2Chizuru_X01.mes,83,14,Chizuru,そう、常に後悔のない全力よ,,
dom2Chizuru_X01.mes,Script/dom2Chizuru_X01.mes,84,31,주인공,わかりました!<6E5C>全力で挑みます!<6E5C>神楽先輩、もうひと勝負!!,,
dom2Chizuru_X01.mes,Script/dom2Chizuru_X01.mes,85,20,Chizuru,いいわ、<6E5C>いくらでも挑んでいらっしゃい,,
dom2Chizuru_X01.mes,Script/dom2Chizuru_X01.mes,86,40,주인공,(……勢い込んではみたものの、<6E5C>結局一度も神楽先輩に勝つことは<6E5C>できなかった),,
dom2Chizuru_X01.mes,Script/dom2Chizuru_X01.mes,87,35,Chizuru,少し喉が渇いたわ.<6E5C>ジュースを買ってくるけど、<6E5C><이름:3131>君もなにか飲む?,,
dom2Chizuru_X01.mes,Script/dom2Chizuru_X01.mes,88,20,주인공,あ、いいですよ、<6E5C>僕が買ってきますから,,
dom2Chizuru_X01.mes,Script/dom2Chizuru_X01.mes,89,16,Chizuru,じゃあ、いっしょに行きましょう,,
dom2Chizuru_X01.mes,Script/dom2Chizuru_X01.mes,90,3,주인공,はい,,
dom2Chizuru_X01.mes,Script/dom2Chizuru_X01.mes,91,25,주인공,(なんだか今日は神楽先輩と<6E5C>いい雰囲気だな……),,
dom2Chizuru_X01.mes,Script/dom2Chizuru_X01.mes,92,6,[효과음/내레이션],チャリーン,,
dom2Chizuru_X01.mes,Script/dom2Chizuru_X01.mes,93,11,[효과음/내레이션],ガタッ、ガシャシャン,,
dom2Chizuru_X01.mes,Script/dom2Chizuru_X01.mes,94,7,Chizuru,あぁ!また!,,
dom2Chizuru_X01.mes,Script/dom2Chizuru_X01.mes,95,13,주인공,ど、どうしたんですか!?,,
dom2Chizuru_X01.mes,Script/dom2Chizuru_X01.mes,96,11,Chizuru,これを見てちょうだい,,
dom2Chizuru_X01.mes,Script/dom2Chizuru_X01.mes,97,12,주인공,“スッパイおしるこ”?,,
dom2Chizuru_X01.mes,Script/dom2Chizuru_X01.mes,98,54,Chizuru,そう、本当はこの横の<6E5C>“あったかトマトジュース”を<6E5C>買おうと思っていたんだけど、<485C>間違えて押してしまったの,,
dom2Chizuru_X01.mes,Script/dom2Chizuru_X01.mes,99,26,주인공,ど、どっちもあんまりおいしそう<6E5C>じゃないですね……,,
dom2Chizuru_X01.mes,Script/dom2Chizuru_X01.mes,100,15,Chizuru,はぁ……この前も間違えたのよ,,
dom2Chizuru_X01.mes,Script/dom2Chizuru_X01.mes,101,33,Chizuru,どうしてこんな赤いパッケージの<6E5C>ものをとなりに並べておくのかしら,,
dom2Chizuru_X01.mes,Script/dom2Chizuru_X01.mes,102,27,주인공,うーん……誰も買わないと<6E5C>思ってるんじゃないですか?,,
dom2Chizuru_X01.mes,Script/dom2Chizuru_X01.mes,103,12,UNKNOWN_67,ちょっとどいてくれる?,,
dom2Chizuru_X01.mes,Script/dom2Chizuru_X01.mes,104,8,주인공,あ、すみません,,
dom2Chizuru_X01.mes,Script/dom2Chizuru_X01.mes,105,6,[효과음/내레이션],チャリーン,,
dom2Chizuru_X01.mes,Script/dom2Chizuru_X01.mes,106,11,[효과음/내레이션],ガタッ、ガシャシャン,,
dom2Chizuru_X01.mes,Script/dom2Chizuru_X01.mes,107,22,UNKNOWN_67,やっぱ、<6E5C>“あったかトマトジュース”だよな,,
dom2Chizuru_X01.mes,Script/dom2Chizuru_X01.mes,108,17,UNKNOWN_68,そうよねぇ.これ、おいしいもんね,,
dom2Chizuru_X01.mes,Script/dom2Chizuru_X01.mes,109,3,주인공,……,,
dom2Chizuru_X01.mes,Script/dom2Chizuru_X01.mes,110,3,Chizuru,……,,
dom2Chizuru_X01.mes,Script/dom2Chizuru_X01.mes,111,14,주인공,は、流行ってるんですかね?,,
dom2Chizuru_X01.mes,Script/dom2Chizuru_X01.mes,112,53,Chizuru,まぁいいわ.<6E5C>あの子は酸味のきいた<6E5C>甘いものが好きだし、<485C>これはちづるへのお土産と<6E5C>いうことにしましょう,,
dom2Chizuru_X01.mes,Script/dom2Chizuru_X01.mes,113,9,주인공,ちづるって……?,,
dom2Chizuru_X01.mes,Script/dom2Chizuru_X01.mes,114,4,Chizuru,あ……,,
dom2Chizuru_X01.mes,Script/dom2Chizuru_X01.mes,115,35,Kagura Maya,あ~あ、ばれちゃいましたか.<6E5C>私、神楽マキです.<6E5C>ちづるの双子の姉よ,,
dom2Chizuru_X01.mes,Script/dom2Chizuru_X01.mes,116,22,주인공,え、えええ~っ!?<6E5C>お姉さんですかーっ!?,,
dom2Chizuru_X01.mes,Script/dom2Chizuru_X01.mes,117,23,Kagura Maya,ええ.<6E5C>鏡に映したようにそっくりでしょう<6E5C>?,,
dom2Chizuru_X01.mes,Script/dom2Chizuru_X01.mes,118,51,Kagura Maya,ごめんなさい.<6E5C>ちづるの想い人ってどんな<6E5C>人物なのかなと思って<485C>一度、ゆっくり話して<6E5C>みたかったのよ,,
dom2Chizuru_X01.mes,Script/dom2Chizuru_X01.mes,119,22,주인공,(そ、それじゃ今日のデートは……<6E5C>ガーン),,
dom2Chizuru_X01.mes,Script/dom2Chizuru_X01.mes,120,53,Kagura Maya,そろそろ帰りましょうか.<6E5C>ずいぶん長い時間遊んでしまったわ<6E5C><485C>ちづるにこんなところを<6E5C>見られたら大変だわ,,
dom2Chizuru_X01.mes,Script/dom2Chizuru_X01.mes,121,20,주인공,そ、それはまずいですね.<6E5C>帰りましょう,,
dom2Chizuru_X01.mes,Script/dom2Chizuru_X01.mes,122,34,주인공,(ん……?さっきマキさん、<6E5C>すごく重要なこと言って<6E5C>なかったか?),,
dom2Chizuru_X01.mes,Script/dom2Chizuru_X01.mes,123,38,Kagura Maya,今日は楽しかったわ.<6E5C>よかったら、また誘って<6E5C>ちょうだいね……ちづるの方を,,
dom2Chizuru_X01.mes,Script/dom2Chizuru_X01.mes,124,16,주인공,こちらこそ、楽しかったです……,,
dom2Chizuru_X01.mes,Script/dom2Chizuru_X01.mes,125,22,주인공,あの……次はお名前先に<6E5C>教えてくださいね?,,
dom2Chizuru_X01.mes,Script/dom2Chizuru_X01.mes,126,51,Kagura Maya,本当にごめんなさいね.<6E5C>ぜひ次はちづるを誘ってあげて<485C>あの子……家ではあなたの話ばかり<6E5C>するんだから,,
dom2Chizuru_X01.mes,Script/dom2Chizuru_X01.mes,127,25,주인공,わ……わかりました!<6E5C>また誘わせていただきます!,,
dom2Chizuru_X01.mes,Script/dom2Chizuru_X01.mes,128,14,Kagura Maya,ふふ、待ってるわ.それじゃ,,
dom2Chizuru_X01.mes,Script/dom2Chizuru_X01.mes,129,4,UNKNOWN_1e,フーン,,
dom2Chizuru_X01.mes,Script/dom2Chizuru_X01.mes,130,3,주인공,ん?,,
dom2Chizuru_X01.mes,Script/dom2Chizuru_X01.mes,131,6,주인공,あ、キサラ,,
dom2Chizuru_X01.mes,Script/dom2Chizuru_X01.mes,132,16,Kisarah,なんだか楽しそうだね、<이름:3232>クン,,
dom2Chizuru_X01.mes,Script/dom2Chizuru_X01.mes,133,9,주인공,あ、あぁ、まあな,,
dom2Chizuru_X01.mes,Script/dom2Chizuru_X01.mes,134,24,Kisarah,<이름:3232>クンってああいう年増な感じが<6E5C>好みなんだね,,
dom2Chizuru_X01.mes,Script/dom2Chizuru_X01.mes,135,25,주인공,年増って……神楽先輩は僕と<6E5C>4つしか変わらないぞ,,
dom2Chizuru_X01.mes,Script/dom2Chizuru_X01.mes,136,20,Kisarah,それじゃボクとは7歳も<6E5C>離れてるんだね,,
dom2Chizuru_X01.mes,Script/dom2Chizuru_X01.mes,137,12,Kisarah,やっぱり年増じゃないか,,
dom2Chizuru_X01.mes,Script/dom2Chizuru_X01.mes,138,39,주인공,そりゃキサラと比べればそうかも<6E5C>しれないけど、そんなことどう<6E5C>だっていいだろ,,
dom2Chizuru_X01.mes,Script/dom2Chizuru_X01.mes,139,25,Kisarah,ま、ボクもこれからデートだし、<6E5C>関係ないけどね!,,
dom2Chizuru_X01.mes,Script/dom2Chizuru_X01.mes,140,10,Kisarah,じゃあね、<이름:3232>クン,,
dom2Chizuru_X01.mes,Script/dom2Chizuru_X01.mes,141,12,주인공,なんだよ、キサラのやつ,,
dom2Chizuru_X01.mes,Script/dom2Chizuru_X01.mes,142,12,주인공,(まぁいいや.帰ろう),,
dom2Chizuru_X01.mes,Script/dom2Chizuru_X01.mes,143,24,주인공,(明日は大学にレポートを出しに<6E5C>行かないとな),,
dom2Chizuru_X02.mes,Script/dom2Chizuru_X02.mes,0,13,주인공,(神楽先輩いるかな……),,
dom2Chizuru_X02.mes,Script/dom2Chizuru_X02.mes,1,7,[효과음/내레이션],ブォォォン!,,
dom2Chizuru_X02.mes,Script/dom2Chizuru_X02.mes,2,10,주인공,(こ、この爆音は),,
dom2Chizuru_X02.mes,Script/dom2Chizuru_X02.mes,3,5,주인공,神楽先輩,,
dom2Chizuru_X02.mes,Script/dom2Chizuru_X02.mes,4,9,Chizuru,おはよう、<이름:3131>君,,
dom2Chizuru_X02.mes,Script/dom2Chizuru_X02.mes,5,31,주인공,なにをしてるんですか?<6E5C>もしかしてこれからツーリングとか<6E5C>?,,
dom2Chizuru_X02.mes,Script/dom2Chizuru_X02.mes,6,17,Chizuru,いえ、メンテナンスをしてただけよ,,
dom2Chizuru_X02.mes,Script/dom2Chizuru_X02.mes,7,49,Chizuru,ちづるったら、乗り方が荒っぽいか<6E5C>らしっかりメンテナンスをしておか<6E5C>なくては、すぐにガタがくるの,,
dom2Chizuru_X02.mes,Script/dom2Chizuru_X02.mes,8,31,주인공,あぁ、ちづるが……って、神楽先輩<6E5C>じゃなくてマキさんですか!,,
dom2Chizuru_X02.mes,Script/dom2Chizuru_X02.mes,9,36,Kagura Maya,そうね、神楽に違いはないけど……<6E5C>あなたの先輩というわけでは<6E5C>ないわね,,
dom2Chizuru_X02.mes,Script/dom2Chizuru_X02.mes,10,7,UNKNOWN_1e,なんのお話?,,
dom2Chizuru_X02.mes,Script/dom2Chizuru_X02.mes,11,9,Chizuru,おはよう、<이름:3131>君,,
dom2Chizuru_X02.mes,Script/dom2Chizuru_X02.mes,12,19,주인공,お、おはようございます……<6E5C>神楽先輩,,
dom2Chizuru_X02.mes,Script/dom2Chizuru_X02.mes,13,24,주인공,(すごい、並んでもまったく<6E5C>見分けがつかない),,
dom2Chizuru_X02.mes,Script/dom2Chizuru_X02.mes,14,7,Chizuru,私がちづるよ,,
dom2Chizuru_X02.mes,Script/dom2Chizuru_X02.mes,15,5,Kagura Maya,私がマキ,,
dom2Chizuru_X02.mes,Script/dom2Chizuru_X02.mes,16,32,주인공,えっと……私服のほうがちづるさん<6E5C>で……巫女姿なのが、マキさん,,
dom2Chizuru_X02.mes,Script/dom2Chizuru_X02.mes,17,8,Chizuru,そういうことね,,
dom2Chizuru_X02.mes,Script/dom2Chizuru_X02.mes,18,35,Chizuru,それにしても姉様.<6E5C>そのかっこうでバイクを<6E5C>いじるのはおやめになって,,
dom2Chizuru_X02.mes,Script/dom2Chizuru_X02.mes,19,28,Kagura Maya,あら、あなたのバイクの<6E5C>メンテナンスをしてあげてるのよ,,
dom2Chizuru_X02.mes,Script/dom2Chizuru_X02.mes,20,50,Chizuru,当たり前です、昨日、<이름:3131>君を<6E5C>からかった罰ですから<485C>だからといって、<6E5C>その着物を汚されても困ります,,
dom2Chizuru_X02.mes,Script/dom2Chizuru_X02.mes,21,27,Kagura Maya,わかったわよ.<6E5C>それじゃ、<이름:3131>君.<6E5C>また会いましょう,,
dom2Chizuru_X02.mes,Script/dom2Chizuru_X02.mes,22,5,주인공,あ、はい,,
dom2Chizuru_X02.mes,Script/dom2Chizuru_X02.mes,23,22,Chizuru,それで<이름:3131>君、<6E5C>なにか私に用だったかしら?,,
dom2Chizuru_X02.mes,Script/dom2Chizuru_X02.mes,24,25,주인공,その……いっしょに大学に<6E5C>行かないかな、と思って,,
dom2Chizuru_X02.mes,Script/dom2Chizuru_X02.mes,25,22,주인공,神楽先輩、<6E5C>今日は学校に行かないんですか?,,
dom2Chizuru_X02.mes,Script/dom2Chizuru_X02.mes,26,8,Chizuru,いえ、行くわよ,,
dom2Chizuru_X02.mes,Script/dom2Chizuru_X02.mes,27,7,주인공,それじゃ……,,
dom2Chizuru_X02.mes,Script/dom2Chizuru_X02.mes,28,17,Chizuru,いいわよ.いっしょに行きましょう,,
dom2Chizuru_X02.mes,Script/dom2Chizuru_X02.mes,29,6,주인공,やったぁ!,,
dom2Chizuru_X02.mes,Script/dom2Chizuru_X02.mes,30,22,Chizuru,ところで<이름:3131>君、<6E5C>今日はなにをしに学校に?,,
dom2Chizuru_X02.mes,Script/dom2Chizuru_X02.mes,31,11,주인공,レポートを提出にです,,
dom2Chizuru_X02.mes,Script/dom2Chizuru_X02.mes,32,29,Chizuru,ようやく完成したのね.<6E5C>納得のいくものができたのかしら?,,
dom2Chizuru_X02.mes,Script/dom2Chizuru_X02.mes,33,13,주인공,はい、神楽先輩のおかげで,,
dom2Chizuru_X02.mes,Script/dom2Chizuru_X02.mes,34,9,Chizuru,それはよかったわ,,
dom2Chizuru_X02.mes,Script/dom2Chizuru_X02.mes,35,14,UNKNOWN_1e,あらあら、仲のよろしいこと,,
dom2Chizuru_X02.mes,Script/dom2Chizuru_X02.mes,36,7,Chizuru,なにかご用?,,
dom2Chizuru_X02.mes,Script/dom2Chizuru_X02.mes,37,41,Mature,あら、冷たいのねぇ.<6E5C>若い恋人との甘いひと時を邪魔<6E5C>されて、頭にきてるのかしら?,,
dom2Chizuru_X02.mes,Script/dom2Chizuru_X02.mes,38,39,Chizuru,申し訳ないけど、今はあなたとの<6E5C>不毛なやりとりを続けるつもりは<6E5C>ありませんわ,,
dom2Chizuru_X02.mes,Script/dom2Chizuru_X02.mes,39,29,Mature,フフ、無様なところをそこの子ども<6E5C>に見られたら困るから?,,
dom2Chizuru_X02.mes,Script/dom2Chizuru_X02.mes,40,15,Chizuru,無様?私が?馬鹿をおっしゃい,,
dom2Chizuru_X02.mes,Script/dom2Chizuru_X02.mes,41,20,Chizuru,それに、<6E5C><이름:3131>君はもう子どもではないわ,,
dom2Chizuru_X02.mes,Script/dom2Chizuru_X02.mes,42,16,Mature,あらあら、もう子どもではない?,,
dom2Chizuru_X02.mes,Script/dom2Chizuru_X02.mes,43,19,Mature,あなたが大人にしてあげたのかしら<6E5C>?,,
dom2Chizuru_X02.mes,Script/dom2Chizuru_X02.mes,44,25,Chizuru,そうね、若さを吸い取るだけの<6E5C>あなたとは違うのよ,,
dom2Chizuru_X02.mes,Script/dom2Chizuru_X02.mes,45,12,주인공,あ、あの、ふたりとも?,,
dom2Chizuru_X02.mes,Script/dom2Chizuru_X02.mes,46,18,UNKNOWN_1e,<이름:3131>、そいつらのことは<6E5C>放っておけ,,
dom2Chizuru_X02.mes,Script/dom2Chizuru_X02.mes,47,8,주인공,あ、バイスさん,,
dom2Chizuru_X02.mes,Script/dom2Chizuru_X02.mes,48,32,UNKNOWN_42,そのふたりに首を突っ込むのは<6E5C>やめておけ.<6E5C>お前もケガをするぞ,,
dom2Chizuru_X02.mes,Script/dom2Chizuru_X02.mes,49,7,주인공,は、はぁ……,,
dom2Chizuru_X02.mes,Script/dom2Chizuru_X02.mes,50,21,[선택지],でも、放っとけないですよたしかにそうですね,,
dom2Chizuru_X02.mes,Script/dom2Chizuru_X02.mes,51,32,[선택지],Z<0001><0000><0040><0034><0002>でも、放っとけないですよ.<6E5C>一触即発じゃないですか,,
dom2Chizuru_X02.mes,Script/dom2Chizuru_X02.mes,52,37,UNKNOWN_42,まぁお前が止められると言うので<6E5C>あれば、あえて邪魔しようとは<6E5C>思わないが,,
dom2Chizuru_X02.mes,Script/dom2Chizuru_X02.mes,53,28,주인공,う……たしかに、僕がこのふたりを<6E5C>止められるわけがない,,
dom2Chizuru_X02.mes,Script/dom2Chizuru_X02.mes,54,9,UNKNOWN_42,よく考えるんだな,,
dom2Chizuru_X02.mes,Script/dom2Chizuru_X02.mes,55,8,주인공,こ、ここは……,,
dom2Chizuru_X02.mes,Script/dom2Chizuru_X02.mes,56,32,주인공,たしかにそうですね.<6E5C>僕にこのふたりを<6E5C>止められるわけもないし,,
dom2Chizuru_X02.mes,Script/dom2Chizuru_X02.mes,57,13,UNKNOWN_42,そういうことだ.じゃあな,,
dom2Chizuru_X02.mes,Script/dom2Chizuru_X02.mes,58,9,주인공,うん、ここは……,,
dom2Chizuru_X02.mes,Script/dom2Chizuru_X02.mes,59,12,주인공,見なかったことにしよう,,
dom2Chizuru_X02.mes,Script/dom2Chizuru_X02.mes,60,15,주인공,(あ……巳沢さんとフィオだ),,
dom2Chizuru_X02.mes,Script/dom2Chizuru_X02.mes,61,5,주인공,おはよう,,
dom2Chizuru_X02.mes,Script/dom2Chizuru_X02.mes,62,16,Fio,おはようございます!<이름:3232>さん!,,
dom2Chizuru_X02.mes,Script/dom2Chizuru_X02.mes,63,10,Shizuku,おはよう、<이름:3131>くん,,
dom2Chizuru_X02.mes,Script/dom2Chizuru_X02.mes,64,15,주인공,ふたりとも、レポートは完璧?,,
dom2Chizuru_X02.mes,Script/dom2Chizuru_X02.mes,65,30,Fio,はい!3人で力を合わせたこの<6E5C>レポートは、完璧な出来です!,,
dom2Chizuru_X02.mes,Script/dom2Chizuru_X02.mes,66,26,Shizuku,そうね.ひとりじゃここまでは<6E5C>調べられなかったわね,,
dom2Chizuru_X02.mes,Script/dom2Chizuru_X02.mes,67,23,주인공,うん、僕もそう思う.<6E5C>それじゃ、提出しようか,,
dom2Chizuru_X02.mes,Script/dom2Chizuru_X02.mes,68,21,주인공,(これでなんとか進級できそう<6E5C>だな……),,
dom2Chizuru_X02.mes,Script/dom2Chizuru_X02.mes,69,10,Shizuku,ねぇ、あれって……,,
dom2Chizuru_X02.mes,Script/dom2Chizuru_X02.mes,70,19,주인공,あ、あのふたり、まだやってたのか<6E5C>!,,
dom2Chizuru_X02.mes,Script/dom2Chizuru_X02.mes,71,24,Fio,ジャパニーズマフィアの攻防ですね<6E5C>!わくわく!,,
dom2Chizuru_X02.mes,Script/dom2Chizuru_X02.mes,72,13,Shizuku,君子危うきに近寄らず、ね,,
dom2Chizuru_X02.mes,Script/dom2Chizuru_X02.mes,73,12,Shizuku,行きましょう、<이름:3131>くん,,
dom2Chizuru_X02.mes,Script/dom2Chizuru_X02.mes,74,8,주인공,あ、えっと……,,
dom2Chizuru_X02.mes,Script/dom2Chizuru_X02.mes,75,41,주인공,(神楽先輩といっしょに来たん<6E5C>だよな……このまま放って<6E5C>帰っていいものかどうか),,
dom2Chizuru_X02.mes,Script/dom2Chizuru_X02.mes,76,14,[선택지],うん、そうだね先に帰っててよ,,
dom2Chizuru_X02.mes,Script/dom2Chizuru_X02.mes,77,13,주인공,うん、そうだね、帰ろうか,,
dom2Chizuru_X02.mes,Script/dom2Chizuru_X02.mes,78,17,주인공,(当分あれは続きそうだしな……),,
dom2Chizuru_X02.mes,Script/dom2Chizuru_X02.mes,79,32,주인공,悪いけど、先に帰っててよ.<6E5C>僕、神楽先輩といっしょに<6E5C>来たんだ,,
dom2Chizuru_X02.mes,Script/dom2Chizuru_X02.mes,80,27,Fio,それっておふたりはもう<6E5C>付き合ってるってことですか!,,
dom2Chizuru_X02.mes,Script/dom2Chizuru_X02.mes,81,14,Shizuku,ふーん、そうなの?<이름:3131>くん,,
dom2Chizuru_X02.mes,Script/dom2Chizuru_X02.mes,82,21,주인공,い、いや、<6E5C>べつにそういうわけじゃないよ,,
dom2Chizuru_X02.mes,Script/dom2Chizuru_X02.mes,83,36,Shizuku,そう.フィオ、ふたりの邪魔を<6E5C>しても悪いし、私たちは先に<6E5C>帰りましょう,,
dom2Chizuru_X02.mes,Script/dom2Chizuru_X02.mes,84,4,Fio,はい!,,
dom2Chizuru_X02.mes,Script/dom2Chizuru_X02.mes,85,22,주인공,(さて、と.<6E5C>どうやってあれを止めるかな),,
dom2Chizuru_X02.mes,Script/dom2Chizuru_X02.mes,86,20,주인공,あ、あの、お取り込み中<6E5C>すみません……,,
dom2Chizuru_X02.mes,Script/dom2Chizuru_X02.mes,87,24,Chizuru,あら、<이름:3131>君、<6E5C>レポートはきちんと提出できた?,,
dom2Chizuru_X02.mes,Script/dom2Chizuru_X02.mes,88,10,주인공,はい!バッチリです,,
dom2Chizuru_X02.mes,Script/dom2Chizuru_X02.mes,89,22,Mature,そうだわ、<6E5C>レポートの採点をしなくては……,,
dom2Chizuru_X02.mes,Script/dom2Chizuru_X02.mes,90,23,주인공,(ホッ……意外にふたりとも<6E5C>冷静になってる),,
dom2Chizuru_X02.mes,Script/dom2Chizuru_X02.mes,91,29,Mature,この続きは、また次の機会ね.<6E5C>首を洗って待ってらっしゃい,,
dom2Chizuru_X02.mes,Script/dom2Chizuru_X02.mes,92,7,Chizuru,望むところよ,,
dom2Chizuru_X02.mes,Script/dom2Chizuru_X02.mes,93,24,주인공,全然冷静になってない……<6E5C>もう僕先に帰りますよ,,
dom2Chizuru_X02.mes,Script/dom2Chizuru_X02.mes,94,29,주인공,(やれやれ、なんであのふたりって<6E5C>あんなに仲悪いのかな),,
dom2Chizuru_X02.mes,Script/dom2Chizuru_X02.mes,95,5,UNKNOWN_1e,<이름:3131>……,,
dom2Chizuru_X02.mes,Script/dom2Chizuru_X02.mes,96,4,주인공,はい?,,
dom2Chizuru_X02.mes,Script/dom2Chizuru_X02.mes,97,8,주인공,や、八神先輩!,,
dom2Chizuru_X02.mes,Script/dom2Chizuru_X02.mes,98,10,Iori,なにを迷っている?,,
dom2Chizuru_X02.mes,Script/dom2Chizuru_X02.mes,99,50,주인공,いや、どうしても争わずにはいられ<6E5C>ない人たちってのがいるんだな、と<6E5C>思って……その訳を考えてました,,
dom2Chizuru_X02.mes,Script/dom2Chizuru_X02.mes,100,37,Iori,争う訳?そんなもの、気に入らない<6E5C>顔をしている、それだけで<6E5C>じゅうぶんだ,,
dom2Chizuru_X02.mes,Script/dom2Chizuru_X02.mes,101,19,주인공,チ、チンピラの考え方じゃ<6E5C>ないですか,,
dom2Chizuru_X02.mes,Script/dom2Chizuru_X02.mes,102,25,주인공,そんな人たちの争いを止める方法は<6E5C>ないんですか?,,
dom2Chizuru_X02.mes,Script/dom2Chizuru_X02.mes,103,27,Iori,どうしても止めたいのなら、<6E5C>自分でどうにかすることだ,,
dom2Chizuru_X02.mes,Script/dom2Chizuru_X02.mes,104,17,주인공,アドバイスになってないですよ……,,
dom2Chizuru_X02.mes,Script/dom2Chizuru_X02.mes,105,22,Iori,フン、貴様の胸には燃えたぎる淡が<6E5C>ないのか,,
dom2Chizuru_X02.mes,Script/dom2Chizuru_X02.mes,106,21,Iori,ぬるいやり方で運命を変えることは<6E5C>できん,,
dom2Chizuru_X02.mes,Script/dom2Chizuru_X02.mes,107,5,주인공,は、はぁ,,
dom2Chizuru_X02.mes,Script/dom2Chizuru_X02.mes,108,11,Iori,……月が、呼んでいる,,
dom2Chizuru_X02.mes,Script/dom2Chizuru_X02.mes,109,13,주인공,あ、ちょっと、八神先輩!,,
dom2Chizuru_X02.mes,Script/dom2Chizuru_X02.mes,110,30,주인공,(……なんだろ?八神先輩なりに<6E5C>励ましてくれたのかな……),,
dom2Chizuru_X02.mes,Script/dom2Chizuru_X02.mes,111,4,UNKNOWN_1e,<이름:3131>君,,
dom2Chizuru_X02.mes,Script/dom2Chizuru_X02.mes,112,4,주인공,はい?,,
dom2Chizuru_X02.mes,Script/dom2Chizuru_X02.mes,113,9,Chizuru,やっと見つけたわ,,
dom2Chizuru_X02.mes,Script/dom2Chizuru_X02.mes,114,6,주인공,神楽先輩!,,
dom2Chizuru_X02.mes,Script/dom2Chizuru_X02.mes,115,27,Chizuru,置いて帰るというのは、<6E5C>少しひどいんじゃないかしら?,,
dom2Chizuru_X02.mes,Script/dom2Chizuru_X02.mes,116,22,주인공,い、いや、神楽先輩忙しそう<6E5C>だったから……,,
dom2Chizuru_X02.mes,Script/dom2Chizuru_X02.mes,117,20,Chizuru,まぁいいわ.<6E5C>それより、少し飲まない?,,
dom2Chizuru_X02.mes,Script/dom2Chizuru_X02.mes,118,12,주인공,イリュージョンですか?,,
dom2Chizuru_X02.mes,Script/dom2Chizuru_X02.mes,119,3,Chizuru,ええ,,
dom2Chizuru_X02.mes,Script/dom2Chizuru_X02.mes,120,14,주인공,わかりました.行きましょう,,
dom2Chizuru_X02.mes,Script/dom2Chizuru_X02.mes,121,12,[효과음/내레이션],♪カランコロンカラ~ン,,
dom2Chizuru_X02.mes,Script/dom2Chizuru_X02.mes,122,15,Chizuru,やっぱり、ここは落ち着くわね,,
dom2Chizuru_X02.mes,Script/dom2Chizuru_X02.mes,123,6,주인공,そうですね,,
dom2Chizuru_X02.mes,Script/dom2Chizuru_X02.mes,124,7,King,いらっしゃい,,
dom2Chizuru_X02.mes,Script/dom2Chizuru_X02.mes,125,12,Chizuru,キングさん、こんばんは,,
dom2Chizuru_X02.mes,Script/dom2Chizuru_X02.mes,126,19,King,なかなかめずらしい<6E5C>ツーショットだな,,
dom2Chizuru_X02.mes,Script/dom2Chizuru_X02.mes,127,13,주인공,そう言われればそうですね,,
dom2Chizuru_X02.mes,Script/dom2Chizuru_X02.mes,128,14,King,まぁゆっくりしていってくれ,,
dom2Chizuru_X02.mes,Script/dom2Chizuru_X02.mes,129,8,주인공,それじゃ、乾杯,,
dom2Chizuru_X02.mes,Script/dom2Chizuru_X02.mes,130,3,Chizuru,乾杯,,
dom2Chizuru_X02.mes,Script/dom2Chizuru_X02.mes,131,3,[효과음/내레이션],チン,,
dom2Chizuru_X02.mes,Script/dom2Chizuru_X02.mes,132,33,주인공,(この夜は、ゆったりとした大人の<6E5C>時間を過ごすことができた……),,
dom2Chizuru_X03.mes,Script/dom2Chizuru_X03.mes,0,14,주인공,(ん……もうこんな時間か),,
dom2Chizuru_X03.mes,Script/dom2Chizuru_X03.mes,1,17,주인공,(昨日はちょっと飲みすぎたかな),,
dom2Chizuru_X03.mes,Script/dom2Chizuru_X03.mes,2,9,Hotaru,あ、やっと起きた,,
dom2Chizuru_X03.mes,Script/dom2Chizuru_X03.mes,3,8,주인공,おはよ、ほたる,,
dom2Chizuru_X03.mes,Script/dom2Chizuru_X03.mes,4,29,Hotaru,いくら大学がお休みだからって、<6E5C>だらしないよ、お兄ちゃん,,
dom2Chizuru_X03.mes,Script/dom2Chizuru_X03.mes,5,34,주인공,そう言うなよ.<6E5C>やっとレポートも提出して、<6E5C>ゆっくりできるんだから,,
dom2Chizuru_X03.mes,Script/dom2Chizuru_X03.mes,6,16,Hotaru,それじゃどこか遊びに行こうよ!,,
dom2Chizuru_X03.mes,Script/dom2Chizuru_X03.mes,7,26,주인공,えぇ!?ちょっとそれはかんべん<6E5C>してくれないか……,,
dom2Chizuru_X03.mes,Script/dom2Chizuru_X03.mes,8,6,Hotaru,どうして?,,
dom2Chizuru_X03.mes,Script/dom2Chizuru_X03.mes,9,13,주인공,二日酔いで、頭が痛いんだ,,
dom2Chizuru_X03.mes,Script/dom2Chizuru_X03.mes,10,12,Hotaru,もう!お兄ちゃん最低!,,
dom2Chizuru_X03.mes,Script/dom2Chizuru_X03.mes,11,20,Hotaru,いいもん、<6E5C>イトカツと遊びに行くから!,,
dom2Chizuru_X03.mes,Script/dom2Chizuru_X03.mes,12,9,Hotaru,行こ、イトカツ!,,
dom2Chizuru_X03.mes,Script/dom2Chizuru_X03.mes,13,5,UNKNOWN_3e,キュウ!,,
dom2Chizuru_X03.mes,Script/dom2Chizuru_X03.mes,14,25,주인공,なんだよほたるのやつ……そんなに<6E5C>怒らなくたって,,
dom2Chizuru_X03.mes,Script/dom2Chizuru_X03.mes,15,7,[효과음/내레이션],♪ピンポーン,,
dom2Chizuru_X03.mes,Script/dom2Chizuru_X03.mes,16,19,주인공,(あれ、ほたる帰ってきたのかな?<6E5C>),,
dom2Chizuru_X03.mes,Script/dom2Chizuru_X03.mes,17,4,[효과음/내레이션],ガチャ,,
dom2Chizuru_X03.mes,Script/dom2Chizuru_X03.mes,18,6,주인공,神楽先輩?,,
dom2Chizuru_X03.mes,Script/dom2Chizuru_X03.mes,19,12,Kagura Maya,いいえ、私は姉のマキよ,,
dom2Chizuru_X03.mes,Script/dom2Chizuru_X03.mes,20,24,주인공,マキさん?<6E5C>どうしたんです、<6E5C>そんなかっこうで,,
dom2Chizuru_X03.mes,Script/dom2Chizuru_X03.mes,21,16,Kagura Maya,少し、困ったことになってるのよ,,
dom2Chizuru_X03.mes,Script/dom2Chizuru_X03.mes,22,9,주인공,どうしたんです?,,
dom2Chizuru_X03.mes,Script/dom2Chizuru_X03.mes,23,38,Kagura Maya,先日からちづるに絡んでいた<6E5C>暴走族が、全員集合して神楽神社を<6E5C>囲んでいるの,,
dom2Chizuru_X03.mes,Script/dom2Chizuru_X03.mes,24,7,주인공,え、えぇ!!,,
dom2Chizuru_X03.mes,Script/dom2Chizuru_X03.mes,25,32,Kagura Maya,<이름:3131>君、申し訳ないんだけど、<6E5C>少し手を貸してもらえないかしら?,,
dom2Chizuru_X03.mes,Script/dom2Chizuru_X03.mes,26,18,주인공,どういうことです?<6E5C>ちづるさんは?,,
dom2Chizuru_X03.mes,Script/dom2Chizuru_X03.mes,27,30,Kagura Maya,それがタイミングの悪いことに……<6E5C>ちづるは今、出かけてるの,,
dom2Chizuru_X03.mes,Script/dom2Chizuru_X03.mes,28,24,주인공,そうですか……<6E5C>相手は何人くらいいるんですか?,,
dom2Chizuru_X03.mes,Script/dom2Chizuru_X03.mes,29,14,Kagura Maya,おそらく、50人はいるわね,,
dom2Chizuru_X03.mes,Script/dom2Chizuru_X03.mes,30,32,주인공,えぇぇぇ!?<6E5C>そんなの僕たちふたりじゃ<6E5C>相手できないでしょう!,,
dom2Chizuru_X03.mes,Script/dom2Chizuru_X03.mes,31,13,Kagura Maya,では、どうすると言うの?,,
dom2Chizuru_X03.mes,Script/dom2Chizuru_X03.mes,32,11,[선택지],警察を呼ぶ助っ人を呼ぶ,,
dom2Chizuru_X03.mes,Script/dom2Chizuru_X03.mes,33,19,[선택지],<0164><0001><0000><0028><001A><0002>け、警察を呼びましょう!,,
dom2Chizuru_X03.mes,Script/dom2Chizuru_X03.mes,34,9,Kagura Maya,……それはダメよ,,
dom2Chizuru_X03.mes,Script/dom2Chizuru_X03.mes,35,8,주인공,どうしてです?,,
dom2Chizuru_X03.mes,Script/dom2Chizuru_X03.mes,36,58,Kagura Maya,神楽神社の信用にも関わるし、<6E5C>なによりそのことで被らが<6E5C>逆上して、<485C>さらに過激な報復を考えるかも<6E5C>しれないでしょう,,
dom2Chizuru_X03.mes,Script/dom2Chizuru_X03.mes,37,6,주인공,そうですね,,
dom2Chizuru_X03.mes,Script/dom2Chizuru_X03.mes,38,21,주인공,……わかりました.<6E5C>ふたりで行きましょう,,
dom2Chizuru_X03.mes,Script/dom2Chizuru_X03.mes,39,17,주인공,そうだ、草薙先輩を呼びましょう!,,
dom2Chizuru_X03.mes,Script/dom2Chizuru_X03.mes,40,22,주인공,あの人なら、<6E5C>きっとなんとかしてくれます!,,
dom2Chizuru_X03.mes,Script/dom2Chizuru_X03.mes,41,12,Kagura Maya,あなたはそれでいいの?,,
dom2Chizuru_X03.mes,Script/dom2Chizuru_X03.mes,42,3,주인공,え?,,
dom2Chizuru_X03.mes,Script/dom2Chizuru_X03.mes,43,43,Kagura Maya,困ったらなんでも誰かに助けを<6E5C>求めて、自分の力でなにかを<6E5C>護ろうとはしないのかしら?,,
dom2Chizuru_X03.mes,Script/dom2Chizuru_X03.mes,44,13,주인공,……そんなことはないです,,
dom2Chizuru_X03.mes,Script/dom2Chizuru_X03.mes,45,20,주인공,わかりました.<6E5C>ふたりで行きましょう!,,
dom2Chizuru_X03.mes,Script/dom2Chizuru_X03.mes,46,14,Kagura Maya,本当に?ありがとう、<이름:3131>君,,
dom2Chizuru_X03.mes,Script/dom2Chizuru_X03.mes,47,13,주인공,いいですよ.行きましょう,,
dom2Chizuru_X03.mes,Script/dom2Chizuru_X03.mes,48,13,주인공,(死ぬほど怖いけど……),,
dom2Chizuru_X03.mes,Script/dom2Chizuru_X03.mes,49,7,[효과음/내레이션],ブォォォン!,,
dom2Chizuru_X03.mes,Script/dom2Chizuru_X03.mes,50,9,[효과음/내레이션],ブォォォォン!!,,
dom2Chizuru_X03.mes,Script/dom2Chizuru_X03.mes,51,8,Kagura Maya,……あいつらよ,,
dom2Chizuru_X03.mes,Script/dom2Chizuru_X03.mes,52,10,주인공,す、すごい数ですね,,
dom2Chizuru_X03.mes,Script/dom2Chizuru_X03.mes,53,14,Kagura Maya,やっぱり、50人はいるわね,,
dom2Chizuru_X03.mes,Script/dom2Chizuru_X03.mes,54,40,주인공,ゴクリ……あ、でも、前に相手の<6E5C>数は問題じゃないって<6E5C>言ってませんでしたっけ?,,
dom2Chizuru_X03.mes,Script/dom2Chizuru_X03.mes,55,15,Kagura Maya,ええ.追い払うだけなら可能よ,,
dom2Chizuru_X03.mes,Script/dom2Chizuru_X03.mes,56,22,Kagura Maya,でも、それでは根本的な解決にはな<6E5C>らないわ,,
dom2Chizuru_X03.mes,Script/dom2Chizuru_X03.mes,57,34,주인공,そうですね.恨みが恨みを呼んで、<6E5C>どんどん増殖してる感じですもんね,,
dom2Chizuru_X03.mes,Script/dom2Chizuru_X03.mes,58,32,Kagura Maya,禍根を絶つには、心と心をぶつけ<6E5C>合うしかないわ.正面からね……,,
dom2Chizuru_X03.mes,Script/dom2Chizuru_X03.mes,59,24,UNKNOWN_50,お、帰ってきやがったな!<6E5C>そいつが立会人か!?,,
dom2Chizuru_X03.mes,Script/dom2Chizuru_X03.mes,60,4,Kagura Maya,そうよ,,
dom2Chizuru_X03.mes,Script/dom2Chizuru_X03.mes,61,9,주인공,え?え?立会人?,,
dom2Chizuru_X03.mes,Script/dom2Chizuru_X03.mes,62,24,UNKNOWN_50,よし、河川敷でボスがお待ちだ.<6E5C>さっさと来い!,,
dom2Chizuru_X03.mes,Script/dom2Chizuru_X03.mes,63,4,Kagura Maya,ボス?,,
dom2Chizuru_X03.mes,Script/dom2Chizuru_X03.mes,64,62,UNKNOWN_50,なんだテメェ!<6E5C>ここらの暴走族すべての<6E5C>トップであり、<485C>俺たちのカリスマで<6E5C>あらせられる、霧島翔さんを<6E5C>知らねぇってのか!,,
dom2Chizuru_X03.mes,Script/dom2Chizuru_X03.mes,65,39,Kagura Maya,あら、カリスマにしては、<6E5C>数に頼んで攻め込んでくる<6E5C>なんて、えらく臆病なのね,,
dom2Chizuru_X03.mes,Script/dom2Chizuru_X03.mes,66,25,UNKNOWN_50,うるせぇ!<6E5C>さっさとバイクを持ってきやがれ!<6E5C>!,,
dom2Chizuru_X03.mes,Script/dom2Chizuru_X03.mes,67,15,Kagura Maya,……<이름:3131>君、少し待っていてね,,
dom2Chizuru_X03.mes,Script/dom2Chizuru_X03.mes,68,22,주인공,(ひ、ひとりにしないで<6E5C>くださいよぉ……),,
dom2Chizuru_X03.mes,Script/dom2Chizuru_X03.mes,69,20,Kagura Maya,お待たせ、<이름:3131>君.<6E5C>さぁ、行きましょう,,
dom2Chizuru_X03.mes,Script/dom2Chizuru_X03.mes,70,7,주인공,は、はい……,,
dom2Chizuru_X03.mes,Script/dom2Chizuru_X03.mes,71,13,주인공,(い、行きたくないよ~),,
dom2Chizuru_X03.mes,Script/dom2Chizuru_X03.mes,72,7,[효과음/내레이션],ブォォォン!,,
dom2Chizuru_X03.mes,Script/dom2Chizuru_X03.mes,73,9,[효과음/내레이션],ブォォォォン!!,,
dom2Chizuru_X03.mes,Script/dom2Chizuru_X03.mes,74,13,주인공,あ、あれがリーダーか……,,
dom2Chizuru_X03.mes,Script/dom2Chizuru_X03.mes,75,19,UNKNOWN_51,よく逃げずに来たな!<6E5C>神楽ちづる!!,,
dom2Chizuru_X03.mes,Script/dom2Chizuru_X03.mes,76,7,주인공,え?ちづる?,,
dom2Chizuru_X03.mes,Script/dom2Chizuru_X03.mes,77,23,Kagura Maya,シィ!<6E5C>私はちづるということに<6E5C>なっているの,,
dom2Chizuru_X03.mes,Script/dom2Chizuru_X03.mes,78,4,주인공,えぇ?,,
dom2Chizuru_X03.mes,Script/dom2Chizuru_X03.mes,79,41,Kagura Maya,恨まれているのはちづる<6E5C>ですもの…….私がこの件に<6E5C>決着をつければいいだけのこと,,
dom2Chizuru_X03.mes,Script/dom2Chizuru_X03.mes,80,57,Kagura Maya,ただでさえ、あの子には神社を<6E5C>維ぐ重みを背負わせてしまって<6E5C>いるのだから、<485C>これくらいの露払いは<6E5C>私がしなくては,,
dom2Chizuru_X03.mes,Script/dom2Chizuru_X03.mes,81,42,주인공,……わかりました.<6E5C>ちづるさんのためにも、マキさんの<6E5C>ためにも、僕もお手伝いします,,
dom2Chizuru_X03.mes,Script/dom2Chizuru_X03.mes,82,6,Kagura Maya,ありがとう,,
dom2Chizuru_X03.mes,Script/dom2Chizuru_X03.mes,83,19,UNKNOWN_51,いつまでごちゃごちゃやってやがる<6E5C>!,,
dom2Chizuru_X03.mes,Script/dom2Chizuru_X03.mes,84,10,UNKNOWN_51,すぐに始めるぞ!!,,
dom2Chizuru_X03.mes,Script/dom2Chizuru_X03.mes,85,22,Kagura Maya,<이름:3131>君、あなたは直接手を下す<6E5C>必要はないわ,,
dom2Chizuru_X03.mes,Script/dom2Chizuru_X03.mes,86,28,Kagura Maya,これから行われるレースを見届けて<6E5C>くれるだけでいいから,,
dom2Chizuru_X03.mes,Script/dom2Chizuru_X03.mes,87,9,주인공,レース、ですか?,,
dom2Chizuru_X03.mes,Script/dom2Chizuru_X03.mes,88,71,Kagura Maya,ええ.バイクレースよ.<6E5C>双方からひとりずつ<6E5C>立会人を出して、<485C>それぞれを相手のバイクの<6E5C>後部座席に乗せて、互いに不正が<6E5C>なかったかを見張るの,,
dom2Chizuru_X03.mes,Script/dom2Chizuru_X03.mes,89,29,주인공,え!じゃあ僕はあの霧島翔って<6E5C>人のバイクに乗るんですか?,,
dom2Chizuru_X03.mes,Script/dom2Chizuru_X03.mes,90,6,Kagura Maya,……そうね,,
dom2Chizuru_X03.mes,Script/dom2Chizuru_X03.mes,91,19,주인공,(とんでもないことになったな……<6E5C>),,
dom2Chizuru_X03.mes,Script/dom2Chizuru_X03.mes,92,8,UNKNOWN_50,用意はいいな!,,
dom2Chizuru_X03.mes,Script/dom2Chizuru_X03.mes,93,5,Kagura Maya,いつでも,,
dom2Chizuru_X03.mes,Script/dom2Chizuru_X03.mes,94,8,UNKNOWN_51,よし、始めろ!,,
dom2Chizuru_X03.mes,Script/dom2Chizuru_X03.mes,95,14,UNKNOWN_50,では……レディ、ゴー!!!,,
dom2Chizuru_X03.mes,Script/dom2Chizuru_X03.mes,96,7,[효과음/내레이션],ブォォォン!,,
dom2Chizuru_X03.mes,Script/dom2Chizuru_X03.mes,97,8,[효과음/내레이션],ブォォォォン!,,
dom2Chizuru_X03.mes,Script/dom2Chizuru_X03.mes,98,5,주인공,うわぁ!,,
dom2Chizuru_X03.mes,Script/dom2Chizuru_X03.mes,99,5,[효과음/내레이션],ドサッ!,,
dom2Chizuru_X03.mes,Script/dom2Chizuru_X03.mes,100,2,[효과음/내레이션],…,,
dom2Chizuru_X03.mes,Script/dom2Chizuru_X03.mes,101,3,[효과음/내레이션],……,,
dom2Chizuru_X03.mes,Script/dom2Chizuru_X03.mes,102,5,[효과음/내레이션],…………,,
dom2Chizuru_X03.mes,Script/dom2Chizuru_X03.mes,103,4,주인공,う……,,
dom2Chizuru_X03.mes,Script/dom2Chizuru_X03.mes,104,11,Kagura Maya,あ……気づいたのね?,,
dom2Chizuru_X03.mes,Script/dom2Chizuru_X03.mes,105,12,주인공,え、マキさん……僕は?,,
dom2Chizuru_X03.mes,Script/dom2Chizuru_X03.mes,106,40,Kagura Maya,あなたはスタート直後に<6E5C>バイクから振り落とされて、<6E5C>そのまま気を失っていたのよ,,
dom2Chizuru_X03.mes,Script/dom2Chizuru_X03.mes,107,20,주인공,えぇ!<6E5C>じゃ、じゃあレースのほうは!?,,
dom2Chizuru_X03.mes,Script/dom2Chizuru_X03.mes,108,3,Kagura Maya,……,,
dom2Chizuru_X03.mes,Script/dom2Chizuru_X03.mes,109,8,주인공,ま、まさか……,,
dom2Chizuru_X03.mes,Script/dom2Chizuru_X03.mes,110,7,Kagura Maya,負けたわ……,,
dom2Chizuru_X03.mes,Script/dom2Chizuru_X03.mes,111,7,주인공,そ、そんな!,,
dom2Chizuru_X03.mes,Script/dom2Chizuru_X03.mes,112,47,Kagura Maya,仕方ないわ……<485C>私はもともとちづるに無理やり<6E5C>誘われて、バイクに乗り始めた<6E5C>ようなものだから,,
dom2Chizuru_X03.mes,Script/dom2Chizuru_X03.mes,113,32,Kagura Maya,本来は、ちづるのバイクの<6E5C>メンテナンスをしているのが<6E5C>好きなの,,
dom2Chizuru_X03.mes,Script/dom2Chizuru_X03.mes,114,37,주인공,そ、それじゃあ、マキさんは<6E5C>どうなるんです?<6E5C>なにか要求されたんですか?,,
dom2Chizuru_X03.mes,Script/dom2Chizuru_X03.mes,115,6,Kagura Maya,……それが,,
dom2Chizuru_X03.mes,Script/dom2Chizuru_X03.mes,116,7,주인공,なんです!?,,
dom2Chizuru_X03.mes,Script/dom2Chizuru_X03.mes,117,22,Kagura Maya,私がちづるではないことがばれて<6E5C>しまったの,,
dom2Chizuru_X03.mes,Script/dom2Chizuru_X03.mes,118,29,Kagura Maya,あの翔という男が、神楽ちづるが<6E5C>この程度のはずがないって,,
dom2Chizuru_X03.mes,Script/dom2Chizuru_X03.mes,119,6,주인공,それで!?,,
dom2Chizuru_X03.mes,Script/dom2Chizuru_X03.mes,120,23,Kagura Maya,今、あの男の仲間が、<6E5C>ちづるを探しに行ったわ,,
dom2Chizuru_X03.mes,Script/dom2Chizuru_X03.mes,121,16,주인공,なんだって!?あ、あいつら……,,
dom2Chizuru_X03.mes,Script/dom2Chizuru_X03.mes,122,18,Kagura Maya,ちょっと<이름:3131>君、<6E5C>どうするつもり?,,
dom2Chizuru_X03.mes,Script/dom2Chizuru_X03.mes,123,10,주인공,文句言ってきます!,,
dom2Chizuru_X03.mes,Script/dom2Chizuru_X03.mes,124,18,Kagura Maya,やめなさい!<6E5C>あなたが行っても……,,
dom2Chizuru_X03.mes,Script/dom2Chizuru_X03.mes,125,8,주인공,おい、霧島翔!,,
dom2Chizuru_X03.mes,Script/dom2Chizuru_X03.mes,126,11,UNKNOWN_51,あ~ん?なんだオメェ,,
dom2Chizuru_X03.mes,Script/dom2Chizuru_X03.mes,127,38,주인공,いい加減にしろ!<6E5C>元はといえば、お前たちが<6E5C>神楽先輩に絡んだのが原因だろ!,,
dom2Chizuru_X03.mes,Script/dom2Chizuru_X03.mes,128,26,주인공,それを、負けた腹いせにマキさん<6E5C>まで巻き込んで……,,
dom2Chizuru_X03.mes,Script/dom2Chizuru_X03.mes,129,12,UNKNOWN_51,だからなんだってんだ?,,
dom2Chizuru_X03.mes,Script/dom2Chizuru_X03.mes,130,9,주인공,お前も男なら……,,
dom2Chizuru_X03.mes,Script/dom2Chizuru_X03.mes,131,17,[선택지],女の子に手を上げるな!拳で勝負だ!,,
dom2Chizuru_X03.mes,Script/dom2Chizuru_X03.mes,132,17,주인공,男なら……女の子に手を出すなよ!,,
dom2Chizuru_X03.mes,Script/dom2Chizuru_X03.mes,133,6,UNKNOWN_51,くっ……!,,
dom2Chizuru_X03.mes,Script/dom2Chizuru_X03.mes,134,15,주인공,だから、僕が相手になってやる,,
dom2Chizuru_X03.mes,Script/dom2Chizuru_X03.mes,135,4,UNKNOWN_51,はぁ?,,
dom2Chizuru_X03.mes,Script/dom2Chizuru_X03.mes,136,10,Kagura Maya,ちょっと、<이름:3131>君?,,
dom2Chizuru_X03.mes,Script/dom2Chizuru_X03.mes,137,10,주인공,こ、怖いのか、僕が,,
dom2Chizuru_X03.mes,Script/dom2Chizuru_X03.mes,138,27,UNKNOWN_51,なに言ってやがる.<6E5C>震えてるのはお前のほうじゃねぇか,,
dom2Chizuru_X03.mes,Script/dom2Chizuru_X03.mes,139,7,주인공,武者震いだ!,,
dom2Chizuru_X03.mes,Script/dom2Chizuru_X03.mes,140,33,UNKNOWN_51,チッ.<6E5C>てめぇみたいなのに手を出したら、<6E5C>俺が笑われるじゃねぇか,,
dom2Chizuru_X03.mes,Script/dom2Chizuru_X03.mes,141,31,UNKNOWN_51,どうしてもやりたいってんなら、<6E5C>チキンレースで勝負してやらぁ,,
dom2Chizuru_X03.mes,Script/dom2Chizuru_X03.mes,142,7,주인공,う、受ける!,,
dom2Chizuru_X03.mes,Script/dom2Chizuru_X03.mes,143,25,UNKNOWN_51,ほぉ、見かけによらずなかなか<6E5C>いい度胸じゃねぇか,,
dom2Chizuru_X03.mes,Script/dom2Chizuru_X03.mes,144,9,Kagura Maya,<이름:3131>君、駄目よ!,,
dom2Chizuru_X03.mes,Script/dom2Chizuru_X03.mes,145,28,주인공,すみません、マキさん.<6E5C>バイクをお借りしていいですか?,,
dom2Chizuru_X03.mes,Script/dom2Chizuru_X03.mes,146,22,Kagura Maya,無理よ.<6E5C>あなた免許も持っていないでしょう,,
dom2Chizuru_X03.mes,Script/dom2Chizuru_X03.mes,147,35,주인공,動かし方くらいは知ってます.<6E5C>草薙先輩に無理やり<6E5C>教えられましたから,,
dom2Chizuru_X03.mes,Script/dom2Chizuru_X03.mes,148,8,UNKNOWN_1e,よく言った!!,,
dom2Chizuru_X03.mes,Script/dom2Chizuru_X03.mes,149,2,주인공,?,,
dom2Chizuru_X03.mes,Script/dom2Chizuru_X03.mes,150,6,주인공,草薙先輩!,,
dom2Chizuru_X03.mes,Script/dom2Chizuru_X03.mes,151,40,Kyo,<이름:3232>、お前ちょっと見直したぜ.<6E5C>俺が立会人になってやる!<6E5C>思う存分やってこい!,,
dom2Chizuru_X03.mes,Script/dom2Chizuru_X03.mes,152,24,주인공,草薙先輩、手伝ってくれたりは<6E5C>しないんですか?,,
dom2Chizuru_X03.mes,Script/dom2Chizuru_X03.mes,153,24,Kyo,バーカ.俺がやったら勝負に<6E5C>ならないじゃねぇか,,
dom2Chizuru_X03.mes,Script/dom2Chizuru_X03.mes,154,23,주인공,いや、だったらなおのこと<6E5C>代わってくださいよ,,
dom2Chizuru_X03.mes,Script/dom2Chizuru_X03.mes,155,48,Kyo,甘ったれんじゃねぇ!<485C>てめぇで売ったケンカなら、<6E5C>最後までてめぇの力で<6E5C>なんとかしてみやがれ!,,
dom2Chizuru_X03.mes,Script/dom2Chizuru_X03.mes,156,5,주인공,は、はい,,
dom2Chizuru_X03.mes,Script/dom2Chizuru_X03.mes,157,22,주인공,(あぁ……甘い期待をした僕が<6E5C>バカだった),,
dom2Chizuru_X03.mes,Script/dom2Chizuru_X03.mes,158,35,UNKNOWN_51,なにをゴチャゴチャやってんだ!<6E5C>さっさとスタートラインに<6E5C>つきやがれ,,
dom2Chizuru_X03.mes,Script/dom2Chizuru_X03.mes,159,6,주인공,あ、はい!,,
dom2Chizuru_X03.mes,Script/dom2Chizuru_X03.mes,160,7,[효과음/내레이션],ブォォォン!,,
dom2Chizuru_X03.mes,Script/dom2Chizuru_X03.mes,161,9,[효과음/내레이션],ブォォォォン!!,,
dom2Chizuru_X03.mes,Script/dom2Chizuru_X03.mes,162,19,UNKNOWN_50,レディィィィィ、ゴォォォォォ!!<6E5C>!,,
dom2Chizuru_X03.mes,Script/dom2Chizuru_X03.mes,163,9,[효과음/내레이션],ブォォォン!!!,,
dom2Chizuru_X03.mes,Script/dom2Chizuru_X03.mes,164,26,주인공,(は、走り出しちゃった.<6E5C>こうなったらもう……!),,
dom2Chizuru_X03.mes,Script/dom2Chizuru_X03.mes,165,8,[효과음/내레이션],ブォォォォ!!,,
dom2Chizuru_X03.mes,Script/dom2Chizuru_X03.mes,166,12,Kyo,よし!いけぇぇぇぇ!!,,
dom2Chizuru_X03.mes,Script/dom2Chizuru_X03.mes,167,15,Kagura Maya,あ、危ない!止まってぇぇ!!,,
dom2Chizuru_X03.mes,Script/dom2Chizuru_X03.mes,168,12,[효과음/내레이션],キキィィィィ!!!!!,,
dom2Chizuru_X03.mes,Script/dom2Chizuru_X03.mes,169,8,주인공,……け、結果は,,
dom2Chizuru_X03.mes,Script/dom2Chizuru_X03.mes,170,15,UNKNOWN_51,ヘヘ……どうやら俺の勝ちだな,,
dom2Chizuru_X03.mes,Script/dom2Chizuru_X03.mes,171,33,UNKNOWN_51,ま、てめぇも少しは根性見せたけど<6E5C>、所詮俺には勝てねぇってこった,,
dom2Chizuru_X03.mes,Script/dom2Chizuru_X03.mes,172,7,주인공,ま、負けた?,,
dom2Chizuru_X03.mes,Script/dom2Chizuru_X03.mes,173,27,Kyo,チッ!<6E5C><이름:3232>、お前なにやってんだよ.<6E5C>情けねぇ奴だな,,
dom2Chizuru_X03.mes,Script/dom2Chizuru_X03.mes,174,15,주인공,そ、そんなこと言ったって……,,
dom2Chizuru_X03.mes,Script/dom2Chizuru_X03.mes,175,12,Kyo,つまんねぇ.俺は帰るぞ,,
dom2Chizuru_X03.mes,Script/dom2Chizuru_X03.mes,176,19,주인공,男なら……拳ひとつで勝負せんかい<6E5C>!,,
dom2Chizuru_X03.mes,Script/dom2Chizuru_X03.mes,177,12,UNKNOWN_51,拳だぁ!?いい度胸だ!,,
dom2Chizuru_X03.mes,Script/dom2Chizuru_X03.mes,178,14,주인공,でも僕は暴力を好まない……,,
dom2Chizuru_X03.mes,Script/dom2Chizuru_X03.mes,179,19,주인공,……ここはジャンケンで勝負しよう<6E5C>!,,
dom2Chizuru_X03.mes,Script/dom2Chizuru_X03.mes,180,11,주인공,これならハンデなしだ,,
dom2Chizuru_X03.mes,Script/dom2Chizuru_X03.mes,181,3,Kagura Maya,……,,
dom2Chizuru_X03.mes,Script/dom2Chizuru_X03.mes,182,3,UNKNOWN_51,……,,
dom2Chizuru_X03.mes,Script/dom2Chizuru_X03.mes,183,21,주인공,(あ、あれ、<6E5C>みんな黙っちゃったよ……),,
dom2Chizuru_X03.mes,Script/dom2Chizuru_X03.mes,184,25,주인공,(さすがにジャンケン勝負は<6E5C>ふざけすぎたか……),,
dom2Chizuru_X03.mes,Script/dom2Chizuru_X03.mes,185,16,UNKNOWN_51,いいだろう!その勝負受けた!!,,
dom2Chizuru_X03.mes,Script/dom2Chizuru_X03.mes,186,12,주인공,(う、受けるんだ!?),,
dom2Chizuru_X03.mes,Script/dom2Chizuru_X03.mes,187,11,UNKNOWN_51,おい、誰かかけ声だ!,,
dom2Chizuru_X03.mes,Script/dom2Chizuru_X03.mes,188,10,UNKNOWN_50,へい!行きますよ!,,
dom2Chizuru_X03.mes,Script/dom2Chizuru_X03.mes,189,14,UNKNOWN_50,最初はグー!ジャンケン……,,
dom2Chizuru_X03.mes,Script/dom2Chizuru_X03.mes,190,5,UNKNOWN_50,ポン!!,,
dom2Chizuru_X03.mes,Script/dom2Chizuru_X03.mes,191,5,Kagura Maya,あぁ!?,,
dom2Chizuru_X03.mes,Script/dom2Chizuru_X03.mes,192,6,주인공,しまった!,,
dom2Chizuru_X03.mes,Script/dom2Chizuru_X03.mes,193,14,UNKNOWN_51,よっしゃー!俺の勝ちだ!!,,
dom2Chizuru_X03.mes,Script/dom2Chizuru_X03.mes,194,8,주인공,ま、負けた……,,
dom2Chizuru_X03.mes,Script/dom2Chizuru_X03.mes,195,13,UNKNOWN_51,へっ、つまんねぇ野郎だな,,
dom2Chizuru_X03.mes,Script/dom2Chizuru_X03.mes,196,4,Kagura Maya,……!,,
dom2Chizuru_X03.mes,Script/dom2Chizuru_X03.mes,197,15,주인공,す、すみません、マキさん……,,
dom2Chizuru_X03.mes,Script/dom2Chizuru_X03.mes,198,31,UNKNOWN_51,さて……と.<6E5C>お前らふたりには、敗者の償いを<6E5C>してもらおうか,,
dom2Chizuru_X03.mes,Script/dom2Chizuru_X03.mes,199,7,주인공,な、なんだよ,,
dom2Chizuru_X03.mes,Script/dom2Chizuru_X03.mes,200,19,UNKNOWN_51,決まってるだろ?<6E5C>土下座だよ、土下座,,
dom2Chizuru_X03.mes,Script/dom2Chizuru_X03.mes,201,38,주인공,バカなこと言うな!<6E5C>僕はともかく、マキさんに<6E5C>そんなことさせられるもんか!,,
dom2Chizuru_X03.mes,Script/dom2Chizuru_X03.mes,202,36,UNKNOWN_51,うるせぇ!<6E5C>負け犬は負け犬らしく、俺の<6E5C>言うことに従えばいいんだよ!!,,
dom2Chizuru_X03.mes,Script/dom2Chizuru_X03.mes,203,8,UNKNOWN_1e,待ちなさい!!,,
dom2Chizuru_X03.mes,Script/dom2Chizuru_X03.mes,204,4,주인공,……あ,,
dom2Chizuru_X03.mes,Script/dom2Chizuru_X03.mes,205,14,Chizuru,あなたの相手は私がするわ!,,
dom2Chizuru_X03.mes,Script/dom2Chizuru_X03.mes,206,14,Kagura Maya,ち、ちづる……ごめんなさい,,
dom2Chizuru_X03.mes,Script/dom2Chizuru_X03.mes,207,25,Chizuru,姉様が謝ることではないわ!<6E5C>姉様はなにも悪くない,,
dom2Chizuru_X03.mes,Script/dom2Chizuru_X03.mes,208,23,주인공,そ、そうですよ!<6E5C>マキさんはがんばりました!,,
dom2Chizuru_X03.mes,Script/dom2Chizuru_X03.mes,209,33,Chizuru,<이름:3131>君、ありがとう.<6E5C>それから、巻き込んでしまって<6E5C>ごめんなさい,,
dom2Chizuru_X03.mes,Script/dom2Chizuru_X03.mes,210,35,주인공,そんなことはいいですよ.<6E5C>それより、神楽先輩、<6E5C>がんばってください!,,
dom2Chizuru_X03.mes,Script/dom2Chizuru_X03.mes,211,4,Chizuru,任せて,,
dom2Chizuru_X03.mes,Script/dom2Chizuru_X03.mes,212,22,UNKNOWN_51,おう、やっと出やがったな、<6E5C>神楽ちづる!!,,
dom2Chizuru_X03.mes,Script/dom2Chizuru_X03.mes,213,26,Chizuru,あなただけは許せないわ.<6E5C>さぁ、勝負を始めなさい!,,
dom2Chizuru_X03.mes,Script/dom2Chizuru_X03.mes,214,12,Kagura Maya,ちづる……がんばってね,,
dom2Chizuru_X03.mes,Script/dom2Chizuru_X03.mes,215,8,UNKNOWN_50,用意はいいか!,,
dom2Chizuru_X03.mes,Script/dom2Chizuru_X03.mes,216,5,UNKNOWN_51,おう!!,,
dom2Chizuru_X03.mes,Script/dom2Chizuru_X03.mes,217,7,Chizuru,いつでも!!,,
dom2Chizuru_X03.mes,Script/dom2Chizuru_X03.mes,218,33,UNKNOWN_50,爆走チキンレース、<6E5C>レディィィィィ!!<6E5C>ゴォォォォォオォッォ!!,,
dom2Chizuru_X03.mes,Script/dom2Chizuru_X03.mes,219,8,[효과음/내레이션],ブォォォォン!,,
dom2Chizuru_X03.mes,Script/dom2Chizuru_X03.mes,220,8,Chizuru,負けられない!,,
dom2Chizuru_X03.mes,Script/dom2Chizuru_X03.mes,221,22,UNKNOWN_51,これまでの借り、<6E5C>全部チャラにしてやるぜ!,,
dom2Chizuru_X03.mes,Script/dom2Chizuru_X03.mes,222,10,[효과음/내레이션],ブォォォォォン!!,,
dom2Chizuru_X03.mes,Script/dom2Chizuru_X03.mes,223,8,Kagura Maya,がんばって!!,,
dom2Chizuru_X03.mes,Script/dom2Chizuru_X03.mes,224,25,주인공,神楽先輩!<6E5C>そ、そろそろブレーキを<6E5C>踏まないと!,,
dom2Chizuru_X03.mes,Script/dom2Chizuru_X03.mes,225,16,UNKNOWN_51,テ、テメェ、どこまで行く気だ!,,
dom2Chizuru_X03.mes,Script/dom2Chizuru_X03.mes,226,3,Chizuru,!!,,
dom2Chizuru_X03.mes,Script/dom2Chizuru_X03.mes,227,14,[효과음/내레이션],キキィィィィィィィ!!!!,,
dom2Chizuru_X03.mes,Script/dom2Chizuru_X03.mes,228,8,[효과음/내레이션],ドッパーン!!,,
dom2Chizuru_X03.mes,Script/dom2Chizuru_X03.mes,229,7,주인공,神楽先輩!!,,
dom2Chizuru_X03.mes,Script/dom2Chizuru_X03.mes,230,6,Kagura Maya,ちづる!!,,
dom2Chizuru_X03.mes,Script/dom2Chizuru_X03.mes,231,33,UNKNOWN_51,いててて……あ、あの女、最後まで<6E5C>ブレーキ踏みやがらなかった……,,
dom2Chizuru_X03.mes,Script/dom2Chizuru_X03.mes,232,5,[효과음/내레이션],ザバァ!,,
dom2Chizuru_X03.mes,Script/dom2Chizuru_X03.mes,233,20,주인공,か、神楽先輩!<6E5C>無事だったんですね!!,,
dom2Chizuru_X03.mes,Script/dom2Chizuru_X03.mes,234,36,Kagura Maya,ちづる……どうしてノーブレーキで<6E5C>川に突っ込むような無茶を<6E5C>したの……,,
dom2Chizuru_X03.mes,Script/dom2Chizuru_X03.mes,235,44,Chizuru,そ、それは……比類なき勇気を<6E5C>示そうと……ブレーキとアクセルを<6E5C>間違え……ゴニョゴニョ,,
dom2Chizuru_X03.mes,Script/dom2Chizuru_X03.mes,236,10,주인공,(なんだそりゃ!),,
dom2Chizuru_X03.mes,Script/dom2Chizuru_X03.mes,237,22,Chizuru,と、ともあれ、この勝負、<6E5C>私の勝ちのようね,,
dom2Chizuru_X03.mes,Script/dom2Chizuru_X03.mes,238,66,주인공,え、でも、チキンレースって<6E5C>どちらがよりぎりぎりのところで<6E5C>止まれるかを競うもので、<485C>川に落ちちゃったら自動的に<6E5C>負けなんじゃ……,,
dom2Chizuru_X03.mes,Script/dom2Chizuru_X03.mes,239,28,Chizuru,ふふ、ルールはルール.<6E5C>でも、勝敗を決めるのは当事者よ,,
dom2Chizuru_X03.mes,Script/dom2Chizuru_X03.mes,240,11,UNKNOWN_51,……参ったよ.完敗だ,,
dom2Chizuru_X03.mes,Script/dom2Chizuru_X03.mes,241,5,주인공,えぇ!?,,
dom2Chizuru_X03.mes,Script/dom2Chizuru_X03.mes,242,21,UNKNOWN_51,あんた、ほんとにスゲェ奴だよ.<6E5C>惚れたぜ,,
dom2Chizuru_X03.mes,Script/dom2Chizuru_X03.mes,243,26,UNKNOWN_51,これから俺たちはあんたについて<6E5C>いくことに決めた!,,
dom2Chizuru_X03.mes,Script/dom2Chizuru_X03.mes,244,7,[효과음/내레이션],ワー!ワー!,,
dom2Chizuru_X03.mes,Script/dom2Chizuru_X03.mes,245,7,주인공,な、なんだ?,,
dom2Chizuru_X03.mes,Script/dom2Chizuru_X03.mes,246,8,Kagura Maya,……頭が痛いわ,,
dom2Chizuru_X03.mes,Script/dom2Chizuru_X03.mes,247,11,Chizuru,ふふ、面白いじゃない,,
dom2Chizuru_X03.mes,Script/dom2Chizuru_X03.mes,248,7,Hotaru,お兄ちゃん!,,
dom2Chizuru_X03.mes,Script/dom2Chizuru_X03.mes,249,7,주인공,な、なんだよ,,
dom2Chizuru_X03.mes,Script/dom2Chizuru_X03.mes,250,23,Hotaru,また洋服そんなに汚して!<6E5C>なにやってたのよ!,,
dom2Chizuru_X03.mes,Script/dom2Chizuru_X03.mes,251,24,주인공,なにって……いや、待て、<6E5C>今は思い出したくない,,
dom2Chizuru_X03.mes,Script/dom2Chizuru_X03.mes,252,7,Hotaru,お兄ちゃん!,,
dom2Chizuru_X03.mes,Script/dom2Chizuru_X03.mes,253,9,주인공,今日は……疲れた,,
dom2Chizuru_X03.mes,Script/dom2Chizuru_X03.mes,254,4,[효과음/내레이션],バタッ,,
dom2Chizuru_X04.mes,Script/dom2Chizuru_X04.mes,0,7,[효과음/내레이션],♪ピンポーン,,
dom2Chizuru_X04.mes,Script/dom2Chizuru_X04.mes,1,24,주인공,(んん、誰だろう……<6E5C>眠くて体が動かない……),,
dom2Chizuru_X04.mes,Script/dom2Chizuru_X04.mes,2,10,주인공,ほたる~出てくれよ,,
dom2Chizuru_X04.mes,Script/dom2Chizuru_X04.mes,3,7,[효과음/내레이션],♪ピンポーン,,
dom2Chizuru_X04.mes,Script/dom2Chizuru_X04.mes,4,20,주인공,(ほたるのやつ、<6E5C>出かけてるのかな?),,
dom2Chizuru_X04.mes,Script/dom2Chizuru_X04.mes,5,4,[효과음/내레이션],ガチャ,,
dom2Chizuru_X04.mes,Script/dom2Chizuru_X04.mes,6,4,주인공,あ……,,
dom2Chizuru_X04.mes,Script/dom2Chizuru_X04.mes,7,10,Chizuru,こんにちは、<이름:3131>君,,
dom2Chizuru_X04.mes,Script/dom2Chizuru_X04.mes,8,15,주인공,えっと……神楽先輩、ですか?,,
dom2Chizuru_X04.mes,Script/dom2Chizuru_X04.mes,9,10,Chizuru,ええ、神楽ちづるよ,,
dom2Chizuru_X04.mes,Script/dom2Chizuru_X04.mes,10,10,주인공,どうしたんですか?,,
dom2Chizuru_X04.mes,Script/dom2Chizuru_X04.mes,11,36,Chizuru,昨日のお礼をきちんとしたくて、<6E5C>お昼でもいっしょにどうかしらと<6E5C>思って,,
dom2Chizuru_X04.mes,Script/dom2Chizuru_X04.mes,12,32,주인공,(う~ん……昨日のことがあって<6E5C>あんまり眠れなかったんだよな),,
dom2Chizuru_X04.mes,Script/dom2Chizuru_X04.mes,13,26,주인공,(食欲もないし……今日はかんべん<6E5C>してほしいなぁ),,
dom2Chizuru_X04.mes,Script/dom2Chizuru_X04.mes,14,14,[선택지],寝不足なんです食欲ないんです,,
dom2Chizuru_X04.mes,Script/dom2Chizuru_X04.mes,15,23,[선택지],6<0001><0000><0030><0022><0002>申し訳ないですけど、寝不足で……,,
dom2Chizuru_X04.mes,Script/dom2Chizuru_X04.mes,16,37,주인공,(昨日のショックであんまり<6E5C>眠れなかったとは、かっこ悪くて<6E5C>言えないな),,
dom2Chizuru_X04.mes,Script/dom2Chizuru_X04.mes,17,13,Chizuru,そう……それは困ったわね,,
dom2Chizuru_X04.mes,Script/dom2Chizuru_X04.mes,18,21,주인공,はい、そうなんですよ.<6E5C>だから今日は……,,
dom2Chizuru_X04.mes,Script/dom2Chizuru_X04.mes,19,40,Chizuru,だいじょうぶよ.<6E5C>眠りから覚めない姫様には、王子の<6E5C>キスが一番の気つけになるわ,,
dom2Chizuru_X04.mes,Script/dom2Chizuru_X04.mes,20,14,주인공,え……それってどういう……,,
dom2Chizuru_X04.mes,Script/dom2Chizuru_X04.mes,21,8,Chizuru,目を閉じて……,,
dom2Chizuru_X04.mes,Script/dom2Chizuru_X04.mes,22,8,주인공,は、はい……!,,
dom2Chizuru_X04.mes,Script/dom2Chizuru_X04.mes,23,5,[효과음/내레이션],スッ……,,
dom2Chizuru_X04.mes,Script/dom2Chizuru_X04.mes,24,4,[효과음/내레이션],チュッ,,
dom2Chizuru_X04.mes,Script/dom2Chizuru_X04.mes,25,12,주인공,あ……ほ、ほっぺですか,,
dom2Chizuru_X04.mes,Script/dom2Chizuru_X04.mes,26,21,Chizuru,あら、<6E5C>他になにを期待していたのかしら?,,
dom2Chizuru_X04.mes,Script/dom2Chizuru_X04.mes,27,9,주인공,いえ、べつに……,,
dom2Chizuru_X04.mes,Script/dom2Chizuru_X04.mes,28,10,Chizuru,では、行きましょう,,
dom2Chizuru_X04.mes,Script/dom2Chizuru_X04.mes,29,36,주인공,実は、昨日の衝撃的な事件が<6E5C>忘れられなくて、<6E5C>あんまり食欲ないんですよ,,
dom2Chizuru_X04.mes,Script/dom2Chizuru_X04.mes,30,43,Chizuru,だいじょうぶよ.そんなことも<6E5C>あろうかと、神楽神社特製の<6E5C>胃薬を持ってきてあげたから,,
dom2Chizuru_X04.mes,Script/dom2Chizuru_X04.mes,31,15,주인공,特製胃薬……ってなんですか?,,
dom2Chizuru_X04.mes,Script/dom2Chizuru_X04.mes,32,20,주인공,そんなもの勝手に<6E5C>作っていいんですか?,,
dom2Chizuru_X04.mes,Script/dom2Chizuru_X04.mes,33,13,Chizuru,固いことは言いっこなしよ,,
dom2Chizuru_X04.mes,Script/dom2Chizuru_X04.mes,34,7,Chizuru,はい、どうぞ,,
dom2Chizuru_X04.mes,Script/dom2Chizuru_X04.mes,35,6,주인공,ど、どうも,,
dom2Chizuru_X04.mes,Script/dom2Chizuru_X04.mes,36,4,[효과음/내레이션],バクッ,,
dom2Chizuru_X04.mes,Script/dom2Chizuru_X04.mes,37,6,[효과음/내레이션],ゴクン……,,
dom2Chizuru_X04.mes,Script/dom2Chizuru_X04.mes,38,23,주인공,あ、あれ?<6E5C>なんだか胃がすっきりしてきた……,,
dom2Chizuru_X04.mes,Script/dom2Chizuru_X04.mes,39,6,Chizuru,でしょう?,,
dom2Chizuru_X04.mes,Script/dom2Chizuru_X04.mes,40,12,Chizuru,それじゃ、行きましょう,,
dom2Chizuru_X04.mes,Script/dom2Chizuru_X04.mes,41,12,[효과음/내레이션],♪カランコロンカラ~ン,,
dom2Chizuru_X04.mes,Script/dom2Chizuru_X04.mes,42,9,Shizuku,いらっしゃいませ,,
dom2Chizuru_X04.mes,Script/dom2Chizuru_X04.mes,43,9,주인공,あ、巳沢さん……,,
dom2Chizuru_X04.mes,Script/dom2Chizuru_X04.mes,44,16,Shizuku,今日はおふたりでデートですか?,,
dom2Chizuru_X04.mes,Script/dom2Chizuru_X04.mes,45,16,Chizuru,デ、デートだなんて、そんな……,,
dom2Chizuru_X04.mes,Script/dom2Chizuru_X04.mes,46,19,주인공,そうだよ.<6E5C>なに言ってんだよ巳沢さん,,
dom2Chizuru_X04.mes,Script/dom2Chizuru_X04.mes,47,31,Shizuku,それは失礼しました.<6E5C>私には仲の良い恋人同士に<6E5C>見えたもので,,
dom2Chizuru_X04.mes,Script/dom2Chizuru_X04.mes,48,9,Chizuru,そ、そうかしら?,,
dom2Chizuru_X04.mes,Script/dom2Chizuru_X04.mes,49,26,Shizuku,さぁ?<6E5C>私、人を見る目ないって<6E5C>よく言われますから,,
dom2Chizuru_X04.mes,Script/dom2Chizuru_X04.mes,50,8,Shizuku,それじゃ、失礼,,
dom2Chizuru_X04.mes,Script/dom2Chizuru_X04.mes,51,16,주인공,まったく……また勝手に怒ってる,,
dom2Chizuru_X04.mes,Script/dom2Chizuru_X04.mes,52,16,Chizuru,さ、さぁ、なにを食べましょうか,,
dom2Chizuru_X04.mes,Script/dom2Chizuru_X04.mes,53,23,주인공,にしても、昨日はすごかったですね<6E5C>、神楽先輩,,
dom2Chizuru_X04.mes,Script/dom2Chizuru_X04.mes,54,26,Chizuru,そうでした.<6E5C>昨日は本当に<6E5C>ありがとうございました,,
dom2Chizuru_X04.mes,Script/dom2Chizuru_X04.mes,55,14,주인공,な、なんです、あらたまって,,
dom2Chizuru_X04.mes,Script/dom2Chizuru_X04.mes,56,26,Chizuru,あなたを巻き込んでしまった訳、<6E5C>姉様から閉きました,,
dom2Chizuru_X04.mes,Script/dom2Chizuru_X04.mes,57,37,Chizuru,無関係のあなたを巻き込んで<6E5C>しまったこと、本当に申し訳なく<6E5C>思っているわ,,
dom2Chizuru_X04.mes,Script/dom2Chizuru_X04.mes,58,13,주인공,い、いいですよ、そんなの,,
dom2Chizuru_X04.mes,Script/dom2Chizuru_X04.mes,59,20,주인공,僕が好きで首を突っ込んだこと<6E5C>ですから,,
dom2Chizuru_X04.mes,Script/dom2Chizuru_X04.mes,60,6,Chizuru,好きで……,,
dom2Chizuru_X04.mes,Script/dom2Chizuru_X04.mes,61,21,주인공,そうですよ.<6E5C>だから気にしないでください,,
dom2Chizuru_X04.mes,Script/dom2Chizuru_X04.mes,62,13,Chizuru,そう……やはりそうなのね,,
dom2Chizuru_X04.mes,Script/dom2Chizuru_X04.mes,63,7,주인공,なにがです?,,
dom2Chizuru_X04.mes,Script/dom2Chizuru_X04.mes,64,19,Chizuru,<이름:3131>君あなた……<6E5C>姉様が好きなのね!,,
dom2Chizuru_X04.mes,Script/dom2Chizuru_X04.mes,65,20,주인공,ブッ!<6E5C>な、なんでそうなるんですか!?,,
dom2Chizuru_X04.mes,Script/dom2Chizuru_X04.mes,66,52,Chizuru,50人からの暴漢相手に立ち向かう<6E5C>なんて、並大抵のことではないわ<485C>それを成せたのは<6E5C>ひとえに愛ゆえ……,,
dom2Chizuru_X04.mes,Script/dom2Chizuru_X04.mes,67,19,주인공,いや、<6E5C>だからそれは神楽先輩への……,,
dom2Chizuru_X04.mes,Script/dom2Chizuru_X04.mes,68,14,Chizuru,いいの!いいのよ、<이름:3131>君!,,
dom2Chizuru_X04.mes,Script/dom2Chizuru_X04.mes,69,48,Chizuru,たしかに姉様は非の打ちどころのな<6E5C>い美人だし、おしとやかで、気配り<6E5C>のできる素晴らしい方だから,,
dom2Chizuru_X04.mes,Script/dom2Chizuru_X04.mes,70,34,주인공,(こ、この人、自分たちがどれだけ<6E5C>そっくりかわかってるのかな……),,
dom2Chizuru_X04.mes,Script/dom2Chizuru_X04.mes,71,26,주인공,(僕には自分のことをほめてる<6E5C>ように閉こえるけど),,
dom2Chizuru_X04.mes,Script/dom2Chizuru_X04.mes,72,58,Chizuru,ごめんなさい.<6E5C>わかっていたこととはいえ、やはり<6E5C>真実とは残酷で辛いものね<485C>申し訳ないけど、<6E5C>私はここで失礼するわ,,
dom2Chizuru_X04.mes,Script/dom2Chizuru_X04.mes,73,14,주인공,ちょ、ちょっと!神楽先輩!,,
dom2Chizuru_X04.mes,Script/dom2Chizuru_X04.mes,74,41,주인공,(どうしてそうなるんだよ……<6E5C>神楽先輩が好きだからに<6E5C>決まってるじゃないか……),,
dom2Chizuru_X04.mes,Script/dom2Chizuru_X04.mes,75,4,주인공,ハァ~,,
dom2Chizuru_X04.mes,Script/dom2Chizuru_X04.mes,76,23,Hotaru,もう!<6E5C>お兄ちゃんさっきから<6E5C>ため息ばっかり,,
dom2Chizuru_X04.mes,Script/dom2Chizuru_X04.mes,77,17,Hotaru,ほたるまで暗い気分になっちゃうよ,,
dom2Chizuru_X04.mes,Script/dom2Chizuru_X04.mes,78,16,주인공,あ、ああ、そうだったか?悪いな,,
dom2Chizuru_X04.mes,Script/dom2Chizuru_X04.mes,79,6,주인공,ハァ~……,,
dom2Chizuru_X04.mes,Script/dom2Chizuru_X04.mes,80,10,Hotaru,もう!お兄ちゃん!,,
dom2Chizuru_X04.mes,Script/dom2Chizuru_X04.mes,81,7,[효과음/내레이션],♪ピンポーン,,
dom2Chizuru_X04.mes,Script/dom2Chizuru_X04.mes,82,4,Hotaru,はーい,,
dom2Chizuru_X04.mes,Script/dom2Chizuru_X04.mes,83,4,[효과음/내레이션],ガチャ,,
dom2Chizuru_X04.mes,Script/dom2Chizuru_X04.mes,84,16,Hotaru,あ……お兄ちゃん、お客さんだよ,,
dom2Chizuru_X04.mes,Script/dom2Chizuru_X04.mes,85,6,주인공,ん~誰だよ,,
dom2Chizuru_X04.mes,Script/dom2Chizuru_X04.mes,86,10,Kagura Maya,こんにちは、<이름:3131>君,,
dom2Chizuru_X04.mes,Script/dom2Chizuru_X04.mes,87,22,주인공,あ!<6E5C>神楽先輩……じゃなくて、<6E5C>マキさん?,,
dom2Chizuru_X04.mes,Script/dom2Chizuru_X04.mes,88,20,Kagura Maya,あら、よくわかったわね、<6E5C>私がマキだと,,
dom2Chizuru_X04.mes,Script/dom2Chizuru_X04.mes,89,22,주인공,だって、<6E5C>神楽先輩が来るわけありませんもん,,
dom2Chizuru_X04.mes,Script/dom2Chizuru_X04.mes,90,6,Kagura Maya,やっぱり!,,
dom2Chizuru_X04.mes,Script/dom2Chizuru_X04.mes,91,3,주인공,え?,,
dom2Chizuru_X04.mes,Script/dom2Chizuru_X04.mes,92,29,Kagura Maya,やっぱりあなた、ちづるを<6E5C>傷つけるようなことをしたのね?,,
dom2Chizuru_X04.mes,Script/dom2Chizuru_X04.mes,93,13,주인공,え、いや、僕はなにも……,,
dom2Chizuru_X04.mes,Script/dom2Chizuru_X04.mes,94,35,Kagura Maya,嘘おっしゃい!<6E5C>昼間出先から戻ってから、<6E5C>ちづるが全然元気がないのよ,,
dom2Chizuru_X04.mes,Script/dom2Chizuru_X04.mes,95,10,Kagura Maya,ため息ばかりついて,,
dom2Chizuru_X04.mes,Script/dom2Chizuru_X04.mes,96,9,주인공,そうなんですか?,,
dom2Chizuru_X04.mes,Script/dom2Chizuru_X04.mes,97,5,Kagura Maya,白々しい,,
dom2Chizuru_X04.mes,Script/dom2Chizuru_X04.mes,98,16,주인공,いや、ちょっと待ってくださいよ,,
dom2Chizuru_X04.mes,Script/dom2Chizuru_X04.mes,99,12,주인공,僕はほんとになにも……,,
dom2Chizuru_X04.mes,Script/dom2Chizuru_X04.mes,100,32,Kagura Maya,女をすっかりその気にさせておいて<6E5C>、責任を取らないなんて非道よ,,
dom2Chizuru_X04.mes,Script/dom2Chizuru_X04.mes,101,15,Hotaru,え、そうなの!お兄ちゃん!?,,
dom2Chizuru_X04.mes,Script/dom2Chizuru_X04.mes,102,15,Kagura Maya,そうなのよ.ひどいでしょう?,,
dom2Chizuru_X04.mes,Script/dom2Chizuru_X04.mes,103,5,Hotaru,ひどい!,,
dom2Chizuru_X04.mes,Script/dom2Chizuru_X04.mes,104,5,UNKNOWN_3e,キュウ!,,
dom2Chizuru_X04.mes,Script/dom2Chizuru_X04.mes,105,22,주인공,ちょ、ちょっとかんべんして<6E5C>くださいよ……,,
dom2Chizuru_X04.mes,Script/dom2Chizuru_X04.mes,106,30,Kagura Maya,どうしてその気もないなら、<6E5C>ちづるにやさしくしたりしたの?,,
dom2Chizuru_X04.mes,Script/dom2Chizuru_X04.mes,107,16,Hotaru,そうだよお兄ちゃん!どうして?,,
dom2Chizuru_X04.mes,Script/dom2Chizuru_X04.mes,108,9,주인공,いや、それは……,,
dom2Chizuru_X04.mes,Script/dom2Chizuru_X04.mes,109,8,Kagura Maya,どうしてなの?,,
dom2Chizuru_X04.mes,Script/dom2Chizuru_X04.mes,110,6,Hotaru,どうして?,,
dom2Chizuru_X04.mes,Script/dom2Chizuru_X04.mes,111,5,UNKNOWN_3e,キュウ!,,
dom2Chizuru_X04.mes,Script/dom2Chizuru_X04.mes,112,13,주인공,そんなの決まってるだろ!,,
dom2Chizuru_X04.mes,Script/dom2Chizuru_X04.mes,113,17,주인공,神楽先輩のことが好きだからだよ!,,
dom2Chizuru_X04.mes,Script/dom2Chizuru_X04.mes,114,3,Kagura Maya,……,,
dom2Chizuru_X04.mes,Script/dom2Chizuru_X04.mes,115,3,Hotaru,……,,
dom2Chizuru_X04.mes,Script/dom2Chizuru_X04.mes,116,3,UNKNOWN_3e,……,,
dom2Chizuru_X04.mes,Script/dom2Chizuru_X04.mes,117,21,주인공,な、なんで黙るんだよ.<6E5C>なんとか言ってよ,,
dom2Chizuru_X04.mes,Script/dom2Chizuru_X04.mes,118,13,Kagura Maya,今の言葉、嘘偽りはない?,,
dom2Chizuru_X04.mes,Script/dom2Chizuru_X04.mes,119,4,Hotaru,ない?,,
dom2Chizuru_X04.mes,Script/dom2Chizuru_X04.mes,120,7,주인공,ありません!,,
dom2Chizuru_X04.mes,Script/dom2Chizuru_X04.mes,121,27,주인공,(って、僕は妹の前でなにを<6E5C>言わされてるんだよ……),,
dom2Chizuru_X04.mes,Script/dom2Chizuru_X04.mes,122,23,Kagura Maya,わかりました.<6E5C>それでは、テストをしましょう,,
dom2Chizuru_X04.mes,Script/dom2Chizuru_X04.mes,123,10,주인공,テ、テストですか?,,
dom2Chizuru_X04.mes,Script/dom2Chizuru_X04.mes,124,29,Kagura Maya,あなたが本当にちづるを愛して<6E5C>いるかを試すためのテストよ,,
dom2Chizuru_X04.mes,Script/dom2Chizuru_X04.mes,125,9,Hotaru,わぁ!面白そう!,,
dom2Chizuru_X04.mes,Script/dom2Chizuru_X04.mes,126,14,주인공,あのな……全然面白くないよ,,
dom2Chizuru_X04.mes,Script/dom2Chizuru_X04.mes,127,19,Kagura Maya,どうするの?<6E5C>受けるの?受けないの?,,
dom2Chizuru_X04.mes,Script/dom2Chizuru_X04.mes,128,44,주인공,(な、なんか昨日も同じような<6E5C>ことを閉かれた気が……でも、<6E5C>ここは悩む余地はないよな),,
dom2Chizuru_X04.mes,Script/dom2Chizuru_X04.mes,129,11,주인공,もちろん、受けます!,,
dom2Chizuru_X04.mes,Script/dom2Chizuru_X04.mes,130,13,Hotaru,お兄ちゃん、かっこいい!,,
dom2Chizuru_X04.mes,Script/dom2Chizuru_X04.mes,131,35,Kagura Maya,……わかりました.<6E5C>それでは、今日の夕方、<6E5C>神楽神社へ来てちょうだい,,
dom2Chizuru_X04.mes,Script/dom2Chizuru_X04.mes,132,7,주인공,わかりました,,
dom2Chizuru_X04.mes,Script/dom2Chizuru_X04.mes,133,25,Kagura Maya,ちづるを、それから私を……<6E5C>がっかりさせないでね,,
dom2Chizuru_X04.mes,Script/dom2Chizuru_X04.mes,134,13,Hotaru,お兄ちゃん、がんばって!,,
dom2Chizuru_X04.mes,Script/dom2Chizuru_X04.mes,135,14,주인공,(なんだ、この展開は……),,
dom2Chizuru_X04.mes,Script/dom2Chizuru_X04.mes,136,22,Kagura Maya,それでは、<6E5C>さっそく始めさせていただきます,,
dom2Chizuru_X04.mes,Script/dom2Chizuru_X04.mes,137,12,Kagura Maya,準備はよろしいですか?,,
dom2Chizuru_X04.mes,Script/dom2Chizuru_X04.mes,138,4,주인공,はい!,,
dom2Chizuru_X04.mes,Script/dom2Chizuru_X04.mes,139,43,주인공,(神楽先輩、そんな顔しないで!<6E5C>必ず、合格して見せますから!<6E5C>……って言いたい!!),,
dom2Chizuru_X04.mes,Script/dom2Chizuru_X04.mes,140,3,Chizuru,……,,
dom2Chizuru_X04.mes,Script/dom2Chizuru_X04.mes,141,36,Kagura Maya,問題は全部で5問.<6E5C>うち何問正解したかで、<6E5C>合否を判定したいと思います,,
dom2Chizuru_X04.mes,Script/dom2Chizuru_X04.mes,142,4,주인공,はい!,,
dom2Chizuru_X04.mes,Script/dom2Chizuru_X04.mes,143,9,Kagura Maya,では……第1問!,,
dom2Chizuru_X04.mes,Script/dom2Chizuru_X04.mes,144,43,Kagura Maya,27日のネオジオワールドでの<6E5C>デートのとき、バイクレースゲーム<6E5C>で勝ったのはどっち?,,
dom2Chizuru_X04.mes,Script/dom2Chizuru_X04.mes,145,5,[선택지],ちづるマキ,,
dom2Chizuru_X04.mes,Script/dom2Chizuru_X04.mes,146,8,Kagura Maya,続いて第2問!,,
dom2Chizuru_X04.mes,Script/dom2Chizuru_X04.mes,147,16,Kagura Maya,ちづるが好きな飲み物はどっち?,,
dom2Chizuru_X04.mes,Script/dom2Chizuru_X04.mes,148,19,[선택지],あったかトマトジューススッパイおしるこ,,
dom2Chizuru_X04.mes,Script/dom2Chizuru_X04.mes,149,8,Kagura Maya,続いて第3問!,,
dom2Chizuru_X04.mes,Script/dom2Chizuru_X04.mes,150,35,Kagura Maya,28日の朝、神楽神社でバイクの<6E5C>メンテナンスをしていたのは<6E5C>どっち?,,
dom2Chizuru_X04.mes,Script/dom2Chizuru_X04.mes,151,5,[선택지],マキちづる,,
dom2Chizuru_X04.mes,Script/dom2Chizuru_X04.mes,152,8,Kagura Maya,続いて第4問!,,
dom2Chizuru_X04.mes,Script/dom2Chizuru_X04.mes,153,40,Kagura Maya,昨日のバイクレースの際、<6E5C>ちづるがノーブレーキで川へ<6E5C>ダイブした理由はどっち?,,
dom2Chizuru_X04.mes,Script/dom2Chizuru_X04.mes,154,27,[선택지],比類なき勇気を示すためアクセルとブレーキを間違えたため,,
dom2Chizuru_X04.mes,Script/dom2Chizuru_X04.mes,155,17,Kagura Maya,では……いよいよ最後の問題です!,,
dom2Chizuru_X04.mes,Script/dom2Chizuru_X04.mes,156,24,Kagura Maya,<이름:3131><이름:3232>……あなたが本当に<6E5C>好きなのはどっち?,,
dom2Chizuru_X04.mes,Script/dom2Chizuru_X04.mes,157,13,[선택지],私服のあなた巫女服のあなた,,
dom2Chizuru_X04.mes,Script/dom2Chizuru_X04.mes,158,9,Kagura Maya,……わかりました,,
dom2Chizuru_ending1.mes,Script/dom2Chizuru_ending1.mes,0,16,Kagura Maya,……それでは、結果を発表します,,
dom2Chizuru_ending1.mes,Script/dom2Chizuru_ending1.mes,1,10,Kagura Maya,今回のテストは……,,
dom2Chizuru_ending1.mes,Script/dom2Chizuru_ending1.mes,2,9,Kagura Maya,……合格です!!,,
dom2Chizuru_ending1.mes,Script/dom2Chizuru_ending1.mes,3,25,주인공,や、やったぁー!!<6E5C>やりましたよ、ちづるさん!!,,
dom2Chizuru_ending1.mes,Script/dom2Chizuru_ending1.mes,4,23,Chizuru,私と御姉様……<6E5C>見分けてくれたわね、<이름:3131>くん,,
dom2Chizuru_ending1.mes,Script/dom2Chizuru_ending1.mes,5,4,주인공,はい!,,
dom2Chizuru_ending1.mes,Script/dom2Chizuru_ending1.mes,6,22,주인공,(服装が同じだったら……<6E5C>危なかったかも),,
dom2Chizuru_ending1.mes,Script/dom2Chizuru_ending1.mes,7,12,Kagura Maya,よかったわね……ちづる,,
dom2Chizuru_ending1.mes,Script/dom2Chizuru_ending1.mes,8,27,주인공,マキさん、これで僕のこと認めて<6E5C>もらえるんですよね?,,
dom2Chizuru_ending1.mes,Script/dom2Chizuru_ending1.mes,9,27,Kagura Maya,もちろんよ!<6E5C>あなたが神楽を<6E5C>名乗ることを許可します,,
dom2Chizuru_ending1.mes,Script/dom2Chizuru_ending1.mes,10,22,주인공,え?神楽を名乗る?<6E5C>それって……もしかして,,
dom2Chizuru_ending1.mes,Script/dom2Chizuru_ending1.mes,11,17,Kagura Maya,早く結納の日取りも決めなくてはね,,
dom2Chizuru_ending1.mes,Script/dom2Chizuru_ending1.mes,12,11,Kagura Maya,これから忙しくなるわ,,
dom2Chizuru_ending1.mes,Script/dom2Chizuru_ending1.mes,13,30,주인공,ちょ、ちょっと待ってください!<6E5C>結婚はまだ先の話でしょう!,,
dom2Chizuru_ending1.mes,Script/dom2Chizuru_ending1.mes,14,16,Kagura Maya,さあ、いろいろ準備しなくっちゃ,,
dom2Chizuru_ending1.mes,Script/dom2Chizuru_ending1.mes,15,23,Chizuru,ふつつか者ですが、<6E5C>よろしくお願いいたします,,
dom2Chizuru_ending1.mes,Script/dom2Chizuru_ending1.mes,16,16,주인공,ちょ、ちょっと、神楽先輩まで!,,
dom2Chizuru_ending1.mes,Script/dom2Chizuru_ending1.mes,17,15,Chizuru,……ちづる、と呼んでください,,
dom2Chizuru_ending1.mes,Script/dom2Chizuru_ending1.mes,18,7,주인공,え、あ、はい,,
dom2Chizuru_ending1.mes,Script/dom2Chizuru_ending1.mes,19,10,주인공,ち、ちづる……先輩,,
dom2Chizuru_ending1.mes,Script/dom2Chizuru_ending1.mes,20,3,Chizuru,はい,,
dom2Chizuru_ending1.mes,Script/dom2Chizuru_ending1.mes,21,20,주인공,とりあえず、明日、<6E5C>デートしましょうか,,
dom2Chizuru_ending1.mes,Script/dom2Chizuru_ending1.mes,22,3,Chizuru,はい,,
dom2Chizuru_ending1.mes,Script/dom2Chizuru_ending1.mes,23,34,주인공,(神楽先輩、<6E5C>急にしおらしくなっちゃったな.<6E5C>なんか調子が狂うよ),,
dom2Chizuru_ending1.mes,Script/dom2Chizuru_ending1.mes,24,20,Chizuru,あぁ!<6E5C>バイクが故障してしまったみたい,,
dom2Chizuru_ending1.mes,Script/dom2Chizuru_ending1.mes,25,4,주인공,えぇ!,,
dom2Chizuru_ending1.mes,Script/dom2Chizuru_ending1.mes,26,9,Chizuru,ご、ごめんなさい,,
dom2Chizuru_ending1.mes,Script/dom2Chizuru_ending1.mes,27,23,주인공,フゥ……いいですよ、<6E5C>僕が押して行きますから,,
dom2Chizuru_ending1.mes,Script/dom2Chizuru_ending1.mes,28,17,Chizuru,ふふ、今日はとっても楽しかったわ,,
dom2Chizuru_ending1.mes,Script/dom2Chizuru_ending1.mes,29,6,주인공,僕もですよ,,
dom2Chizuru_ending1.mes,Script/dom2Chizuru_ending1.mes,30,27,Chizuru,私は今まで、護ることのみを<6E5C>使命に生きてきたけど……,,
dom2Chizuru_ending1.mes,Script/dom2Chizuru_ending1.mes,31,3,주인공,はい,,
dom2Chizuru_ending1.mes,Script/dom2Chizuru_ending1.mes,32,35,Chizuru,誰かに護ってもらえるのが、<6E5C>こんなに心安らぐものとは<6E5C>知らなかったわ,,
dom2Chizuru_ending1.mes,Script/dom2Chizuru_ending1.mes,33,8,주인공,ちづる先輩……,,
dom2Chizuru_ending1.mes,Script/dom2Chizuru_ending1.mes,34,15,Chizuru,ありがとう、<이름:3131>君……チュッ,,
dom2Chizuru_ending1.mes,Script/dom2Chizuru_ending1.mes,35,14,주인공,え?ちづる先輩、今のって!,,
dom2Chizuru_ending1.mes,Script/dom2Chizuru_ending1.mes,36,30,Chizuru,これまでのお礼と、これからも<6E5C>護ってね、というお願いの印よ,,
dom2Chizuru_ending1.mes,Script/dom2Chizuru_ending1.mes,37,8,주인공,も、もう1回!,,
dom2Chizuru_ending1.mes,Script/dom2Chizuru_ending1.mes,38,9,Chizuru,ダメ.また今度ね,,
dom2Chizuru_ending1.mes,Script/dom2Chizuru_ending1.mes,39,26,주인공,そんなぁ、いきなり過ぎて、<6E5C>実感が湧かないですよ!,,
dom2Chizuru_ending1.mes,Script/dom2Chizuru_ending1.mes,40,17,Chizuru,そ、そんな目で見ないでちょうだい,,
dom2Chizuru_ending1.mes,Script/dom2Chizuru_ending1.mes,41,12,Chizuru,仕方ないわね……チュッ,,
dom2Chizuru_ending1.mes,Script/dom2Chizuru_ending1.mes,42,10,주인공,おぉ!やったぁ!!,,
dom2Chizuru_ending1.mes,Script/dom2Chizuru_ending1.mes,43,66,UNKNOWN_0d,Z<0001><001E><0000><0000><0000><0000><0000><0011><0006><0000><0000><0000><0000><0006><000A><0003><0000><0000><0001><0018><0002><0000><0001><0000><0000><000D><0000><0000><0000><0000><0000><000E><0001><FFFF><0000><0000><0000><0000><003C><0030><0037>すごい、シナリオをぜんぶ読んで<6E5C>くれたんだね!,,
dom2Chizuru_ending1.mes,Script/dom2Chizuru_ending1.mes,44,35,Shizuku,これは私たちからのささやかな<6E5C>プレゼントです.<6E5C>受け取ってください!,,
dom2Chizuru_ending1.mes,Script/dom2Chizuru_ending1.mes,45,12,UNKNOWN_66,おめでとうございます!,,
dom2Chizuru_ending1.mes,Script/dom2Chizuru_ending1.mes,46,20,UNKNOWN_66,私たちを見つけてくれて、<6E5C>ありがとう!,,
dom2Chizuru_ending2.mes,Script/dom2Chizuru_ending2.mes,0,16,Kagura Maya,……それでは、結果を発表します,,
dom2Chizuru_ending2.mes,Script/dom2Chizuru_ending2.mes,1,10,Kagura Maya,今回のテストは……,,
dom2Chizuru_ending2.mes,Script/dom2Chizuru_ending2.mes,2,10,Kagura Maya,……不合格です!!,,
dom2Chizuru_ending2.mes,Script/dom2Chizuru_ending2.mes,3,6,주인공,う、嘘!?,,
dom2Chizuru_ending2.mes,Script/dom2Chizuru_ending2.mes,4,39,Kagura Maya,あなたにはがっかりしたわ.<6E5C>ちづるへの想いなんて、<6E5C>その程度のものだったのね,,
dom2Chizuru_ending2.mes,Script/dom2Chizuru_ending2.mes,5,26,Kagura Maya,もう二度と、私たちの前に姿を<6E5C>現さないでちょうだい,,
dom2Chizuru_ending2.mes,Script/dom2Chizuru_ending2.mes,6,28,Chizuru,やはり、私たちは結ばれるべき<6E5C>運命にはなかったのね……,,
dom2Chizuru_ending2.mes,Script/dom2Chizuru_ending2.mes,7,29,주인공,そ、そんな!<6E5C>こんなクイズで決めちゃって<6E5C>いいんですか?,,
dom2Chizuru_ending2.mes,Script/dom2Chizuru_ending2.mes,8,20,주인공,神楽先輩の気持ちは<6E5C>どうなんですか!?,,
dom2Chizuru_ending2.mes,Script/dom2Chizuru_ending2.mes,9,21,Chizuru,……さようなら.<6E5C>もう来ないでちょうだい,,
dom2Chizuru_ending2.mes,Script/dom2Chizuru_ending2.mes,10,39,주인공,(そ、そんな……こんなことで、<6E5C>今までのことが全部なしに<6E5C>なっちゃうのか?),,
dom2Chizuru_ending2.mes,Script/dom2Chizuru_ending2.mes,11,12,[효과음/내레이션],♪カランコロンカラ~ン,,
dom2Chizuru_ending2.mes,Script/dom2Chizuru_ending2.mes,12,28,주인공,(……こんなの、酒でも飲まなきゃ<6E5C>やってられないよ!),,
