file,rel_path,block,n_tokens,speaker,source,ai_draft,translation
dom2Mature_L01.mes,Script/dom2Mature_L01.mes,0,19,주인공,(ん~今日は金曜日だ!踊るぞー!<6E5C>),(오늘은 금요일! 춤추자!<6E5C>),(오늘은 금요일! 춤추자!<6E5C>)
dom2Mature_L01.mes,Script/dom2Mature_L01.mes,1,11,UNKNOWN_1e,あら、<이름:3131>君じゃない,"어머, <이름:3131>군 아냐","어머, <이름:3131>군 아냐"
dom2Mature_L01.mes,Script/dom2Mature_L01.mes,2,12,Mature,あなたも踊りに来たの?,너도 춤추러 왔니?,너도 춤추러 왔니?
dom2Mature_L01.mes,Script/dom2Mature_L01.mes,3,15,주인공,はい!せっかくの週末ですから,네! 모처럼 주말이라서요,네! 모처럼 주말이라서요
dom2Mature_L01.mes,Script/dom2Mature_L01.mes,4,20,Mature,私と同じってワケね、<6E5C>いい心がけだわ!,"나랑 똑같네,<6E5C>기특하구나!","나랑 똑같네,<6E5C>기특하구나!"
dom2Mature_L01.mes,Script/dom2Mature_L01.mes,5,14,Mature,さぁ、朝まで踊り狂うわよ!,"자, 아침까지 춰보자!","자, 아침까지 춰보자!"
dom2Mature_L01.mes,Script/dom2Mature_L01.mes,6,8,주인공,あ、朝まで!?,아침까지요!?,아침까지요!?
dom2Mature_L01.mes,Script/dom2Mature_L01.mes,7,24,Mature,どうしたの?<6E5C>まさかイヤだとでも言うのかしら?,왜 그래?<6E5C>설마 싫다는 거니?,왜 그래?<6E5C>설마 싫다는 거니?
dom2Mature_L01.mes,Script/dom2Mature_L01.mes,8,26,주인공,(う……マチュアさん、<6E5C>笑ってるけど目が怖い……),"(마츄어 씨,<6E5C>웃고 있는데 눈이 무서워……)","(마츄어 씨,<6E5C>웃고 있는데 눈이 무서워……)"
dom2Mature_L01.mes,Script/dom2Mature_L01.mes,9,17,[선택지],わ、わかりました!朝までは無理です,"아, 알겠어요!\아침까진 무리예요","아, 알겠어요!\아침까진 무리예요"
dom2Mature_L01.mes,Script/dom2Mature_L01.mes,10,11,주인공,朝まで行きましょう!,아침까지 가시죠!,아침까지 가시죠!
dom2Mature_L01.mes,Script/dom2Mature_L01.mes,11,30,Mature,そうでなくちゃね、若者は!<6E5C>さぁ、風になって踊り狂うわよ!,"그래야지, 젊은이는!<6E5C>자, 바람 되어 신나게 춰보자!","그래야지, 젊은이는!<6E5C>자, 바람 되어 신나게 춰보자!"
dom2Mature_L01.mes,Script/dom2Mature_L01.mes,12,4,주인공,はい!,네!,네!
dom2Mature_L01.mes,Script/dom2Mature_L01.mes,13,3,[효과음/내레이션],……,……,……
dom2Mature_L01.mes,Script/dom2Mature_L01.mes,14,15,Mature,ホラ、もっと腰を振りなさい!,"자, 더 허리를 흔들어봐!","자, 더 허리를 흔들어봐!"
dom2Mature_L01.mes,Script/dom2Mature_L01.mes,15,14,주인공,(な、何時間経ったんだ?),(몇 시간 지난 거지?),(몇 시간 지난 거지?)
dom2Mature_L01.mes,Script/dom2Mature_L01.mes,16,5,[효과음/내레이션],…………,…………,…………
dom2Mature_L01.mes,Script/dom2Mature_L01.mes,17,38,Mature,もっとよ、もっと熱くなりなさい!<6E5C>さあ永遠の夢の世界に案内して<6E5C>あげるわ!,"더, 더 뜨거워져봐!<6E5C>자, 영원한 꿈의 세계로<6E5C>데려가줄게!","더, 더 뜨거워져봐!<6E5C>자, 영원한 꿈의 세계로<6E5C>데려가줄게!"
dom2Mature_L01.mes,Script/dom2Mature_L01.mes,18,12,주인공,そ、そろそろ限界が……,"슬, 슬슬 한계가……","슬, 슬슬 한계가……"
dom2Mature_L01.mes,Script/dom2Mature_L01.mes,19,7,[효과음/내레이션],………………,………………,………………
dom2Mature_L01.mes,Script/dom2Mature_L01.mes,20,27,Mature,まだよ……まだまだ!<6E5C>ゾクゾクするわ、最高の快楽よ!,아직이야…… 아직 멀었어!<6E5C>최고의 쾌락이야!,아직이야…… 아직 멀었어!<6E5C>최고의 쾌락이야!
dom2Mature_L01.mes,Script/dom2Mature_L01.mes,21,20,주인공,(ダ、ダメだ……<6E5C>もうついて行けない),(안 되겠어……<6E5C>더 못 따라가겠어),(안 되겠어……<6E5C>더 못 따라가겠어)
dom2Mature_L01.mes,Script/dom2Mature_L01.mes,22,34,주인공,(こっそり抜け出そう.<6E5C>今のマチュアさんなら<6E5C>気づかないはず……),(몰래 빠져나가자.<6E5C>지금 마츄어 씨라면<6E5C>눈치 못챌 거야……),(몰래 빠져나가자.<6E5C>지금 마츄어 씨라면<6E5C>눈치 못챌 거야……)
dom2Mature_L01.mes,Script/dom2Mature_L01.mes,23,19,주인공,それはちょっと<6E5C>かんべんしてください,그건 좀<6E5C>봐주세요,그건 좀<6E5C>봐주세요
dom2Mature_L01.mes,Script/dom2Mature_L01.mes,24,38,Mature,……ゼミの成績が私の手の中に<6E5C>握られてることをわかって<6E5C>言ってるのかしら?,……세미나 성적이 내 손안에<6E5C>있다는 걸 알고서<6E5C>하는 말이니?,……세미나 성적이 내 손안에<6E5C>있다는 걸 알고서<6E5C>하는 말이니?
dom2Mature_L01.mes,Script/dom2Mature_L01.mes,25,21,주인공,う……そ、それは関係ないじゃ<6E5C>ないですか,"으…… 그, 그건 상관<6E5C>없잖아요","으…… 그, 그건 상관<6E5C>없잖아요"
dom2Mature_L01.mes,Script/dom2Mature_L01.mes,26,24,Mature,黙りなさい!<6E5C>あなたにはお仕置きが必要なようね,조용히 해!<6E5C>너한테는 벌이 필요한 것 같네,조용히 해!<6E5C>너한테는 벌이 필요한 것 같네
dom2Mature_L01.mes,Script/dom2Mature_L01.mes,27,23,주인공,ちょ、ちょっと!<6E5C>なに取り出してるんですか!,"자, 잠깐만요!<6E5C>뭘 꺼내시는 거예요!","자, 잠깐만요!<6E5C>뭘 꺼내시는 거예요!"
dom2Mature_L01.mes,Script/dom2Mature_L01.mes,28,19,Mature,だいじょうぶよ、<6E5C>痛くしないから……,"괜찮아,<6E5C>안 아프게 할 테니까……","괜찮아,<6E5C>안 아프게 할 테니까……"
dom2Mature_L01.mes,Script/dom2Mature_L01.mes,29,15,주인공,う、うわー!誰か助けてぇ!!,으아앙! 도와줘요!!,으아앙! 도와줘요!!
dom2Mature_L01.mes,Script/dom2Mature_L01.mes,30,3,주인공,……,……,……
dom2Mature_L01.mes,Script/dom2Mature_L01.mes,31,16,주인공,(も、もうお嫁に行けない……),"(이, 이제 시집 못가……)","(이, 이제 시집 못가……)"
dom2Mature_L01_2.mes,Script/dom2Mature_L01_2.mes,0,16,주인공,(フゥ……なんとか抜け出せた),(후우…… 겨우 빠져나왔다),(후우…… 겨우 빠져나왔다)
dom2Mature_L01_2.mes,Script/dom2Mature_L01_2.mes,1,25,주인공,(さて、巳沢さんのバーテン初日を<6E5C>のぞきに……),"(자, 미사와 씨 바텐더 첫날<6E5C>구경하러……)","(자, 미사와 씨 바텐더 첫날<6E5C>구경하러……)"
dom2Mature_L01_2.mes,Script/dom2Mature_L01_2.mes,2,8,Mature,どこに行くの?,어디 가니?,어디 가니?
dom2Mature_L01_2.mes,Script/dom2Mature_L01_2.mes,3,15,주인공,あ!いえ、ちょっと休憩に……,"아! 아뇨, 잠깐 쉬러……","아! 아뇨, 잠깐 쉬러……"
dom2Mature_L01_2.mes,Script/dom2Mature_L01_2.mes,4,34,Mature,あら、じゃあ特別に私をエスコート<6E5C>させてあげるわ.どの店に入るの?,"어머, 특별히 내가 에스코트<6E5C>해줄게. 어느 가게 갈 거야?","어머, 특별히 내가 에스코트<6E5C>해줄게. 어느 가게 갈 거야?"
dom2Mature_L01_2.mes,Script/dom2Mature_L01_2.mes,5,8,주인공,え、えええ!?,"어, 어어!?","어, 어어!?"
dom2Mature_L02.mes,Script/dom2Mature_L02.mes,0,14,[효과음/내레이션],♪キーンコーンカーンコーン,♪딩동댕동,♪딩동댕동
dom2Mature_L02.mes,Script/dom2Mature_L02.mes,1,25,주인공,(さて、と.やっと授業が終わった<6E5C>.帰ろうかな),"(자, 이제 수업 끝났다<6E5C>. 집에 갈까)","(자, 이제 수업 끝났다<6E5C>. 집에 갈까)"
dom2Mature_L02.mes,Script/dom2Mature_L02.mes,2,23,UNKNOWN_1e,あら、学長、その書類はもう<6E5C>必要ありませんよ,"어머, 학장님, 서류는 이제<6E5C>필요 없어요","어머, 학장님, 서류는 이제<6E5C>필요 없어요"
dom2Mature_L02.mes,Script/dom2Mature_L02.mes,3,56,주인공,(秘書ズのふたりだ.<6E5C>学長かわいそうに……あのふたりに<6E5C>かかったら、)<485C>(誰だってオモチャに<6E5C>されちゃうよな),"(비서 두 사람이다.<6E5C>학장님 불쌍하게……저 둘한테<6E5C>걸리면,)<485C>(누구든 장난감이<6E5C>되는 거지)","(비서 두 사람이다.<6E5C>학장님 불쌍하게……저 둘한테<6E5C>걸리면,)<485C>(누구든 장난감이<6E5C>되는 거지)"
dom2Mature_L02.mes,Script/dom2Mature_L02.mes,4,15,Mature,しっかりしてくださいよ、学長,"정신 좀 차리세요, 학장님","정신 좀 차리세요, 학장님"
dom2Mature_L02.mes,Script/dom2Mature_L02.mes,5,40,UNKNOWN_42,まったくです.トップに立つ人間が<6E5C>そんなことでは、学生たちに<6E5C>示しがつきません,"정말이지요. 정상에 선 사람이<6E5C>그래서야, 학생들한테<6E5C>본이 안 되죠","정말이지요. 정상에 선 사람이<6E5C>그래서야, 학생들한테<6E5C>본이 안 되죠"
dom2Mature_L02.mes,Script/dom2Mature_L02.mes,6,26,UNKNOWN_5b,む…….しかしこれは今朝<6E5C>受け取った書類のはずだが,음…… 하지만 이건 오늘 아침<6E5C>받은 서류일텐데,음…… 하지만 이건 오늘 아침<6E5C>받은 서류일텐데
dom2Mature_L02.mes,Script/dom2Mature_L02.mes,7,23,Mature,おかしいですわね.<6E5C>そんなはずはないんですが,이상하네요.<6E5C>그럴 리가 없는데,이상하네요.<6E5C>그럴 리가 없는데
dom2Mature_L02.mes,Script/dom2Mature_L02.mes,8,9,UNKNOWN_5b,いや、しかし……,"아니, 근데……","아니, 근데……"
dom2Mature_L02.mes,Script/dom2Mature_L02.mes,9,45,UNKNOWN_42,学長の勘違いです.今朝も銅像を<6E5C>磨くのに没頭して、私たちの話を<6E5C>閉いていなかったのでは?,학장님 착각이세요. 오늘 아침<6E5C>동상 닦느라 정신 팔려 저흰<6E5C>얘기 못들으신 거죠?,학장님 착각이세요. 오늘 아침<6E5C>동상 닦느라 정신 팔려 저흰<6E5C>얘기 못들으신 거죠?
dom2Mature_L02.mes,Script/dom2Mature_L02.mes,10,16,UNKNOWN_5b,ん……む.そうだったか.スマン,음…… 그 그랬나. 미안하네,음…… 그 그랬나. 미안하네
dom2Mature_L02.mes,Script/dom2Mature_L02.mes,11,39,주인공,(うわぁ、学長に謝らせちゃったよ<6E5C>.これじゃどっちが秘書だか<6E5C>わからないな),(우와 학장님한테 사과하게<6E5C>만들었어.이래서야 누가 비서인지<6E5C>모르겠네),(우와 학장님한테 사과하게<6E5C>만들었어.이래서야 누가 비서인지<6E5C>모르겠네)
dom2Mature_L02.mes,Script/dom2Mature_L02.mes,12,18,Mature,<이름:3131>君、なにを<6E5C>見ているのかしら?,"<이름:3131>군, 뭘<6E5C>보고 있는 거니?","<이름:3131>군, 뭘<6E5C>보고 있는 거니?"
dom2Mature_L02.mes,Script/dom2Mature_L02.mes,13,24,주인공,(し、しまった!<6E5C>ついつい見入ってしまった!),"(아, 아차!<6E5C>나도 모르게 넋놓고 봤다!)","(아, 아차!<6E5C>나도 모르게 넋놓고 봤다!)"
dom2Mature_L02.mes,Script/dom2Mature_L02.mes,14,14,UNKNOWN_42,ああ、いつぞやの成績D男か,아아 예전 성적 D남인가,아아 예전 성적 D남인가
dom2Mature_L02.mes,Script/dom2Mature_L02.mes,15,16,주인공,(す、すでにいじめモードか?),(벌써 괴롭힘 모드인가?),(벌써 괴롭힘 모드인가?)
dom2Mature_L02.mes,Script/dom2Mature_L02.mes,16,32,Mature,あら、バイス.<6E5C>この子は将来有望なのよ.<6E5C>どこかの学長と違って,"어머, 바이스.<6E5C>이 아인 유망해.<6E5C>어느 학장님과는 달리","어머, 바이스.<6E5C>이 아인 유망해.<6E5C>어느 학장님과는 달리"
dom2Mature_L02.mes,Script/dom2Mature_L02.mes,17,20,UNKNOWN_42,フン.<6E5C>私にはどちらも等しく価値がない,흥.<6E5C>나한텐 둘다 똑같이 가치 없어,흥.<6E5C>나한텐 둘다 똑같이 가치 없어
dom2Mature_L02.mes,Script/dom2Mature_L02.mes,18,22,주인공,(本人を目の前にして<6E5C>なんてことを……!),(본인을 앞에 두고<6E5C>이런 말을……!),(본인을 앞에 두고<6E5C>이런 말을……!)
dom2Mature_L02.mes,Script/dom2Mature_L02.mes,19,19,Mature,フフ……あなたにもそのうち<6E5C>わかるわ,후후…… 너도 언젠가<6E5C>알게 될거야,후후…… 너도 언젠가<6E5C>알게 될거야
dom2Mature_L02.mes,Script/dom2Mature_L02.mes,20,17,Mature,この子は、きっといい男になるわよ,이 아인 좋은 남자 될 거야,이 아인 좋은 남자 될 거야
dom2Mature_L02.mes,Script/dom2Mature_L02.mes,21,5,UNKNOWN_42,どうだか,글쎄,글쎄
dom2Mature_L02.mes,Script/dom2Mature_L02.mes,22,15,주인공,(しゃ、しゃべる隙がない!),"(마, 말할 틈이 없어!)","(마, 말할 틈이 없어!)"
dom2Mature_L02.mes,Script/dom2Mature_L02.mes,23,36,주인공,(もういいや.抵抗したって<6E5C>ムダだし、ふたりが飽きるのを<6E5C>待とう……),(이제 됐어. 저항해도<6E5C>소용없고 둘이 질릴 때까지<6E5C>기다리자……),(이제 됐어. 저항해도<6E5C>소용없고 둘이 질릴 때까지<6E5C>기다리자……)
dom2Mature_L03.mes,Script/dom2Mature_L03.mes,0,6,Kyo,おい、<이름:3232>,"야, <이름:3232>","야, <이름:3232>"
dom2Mature_L03.mes,Script/dom2Mature_L03.mes,1,6,주인공,なんですか,왜요,왜요
dom2Mature_L03.mes,Script/dom2Mature_L03.mes,2,30,Kyo,お前まさか、また八神のライブを<6E5C>見に来たんじゃねぇだろうな,"너 설마, 또 야가미 라이브<6E5C>보러 온 거 아니겠지","너 설마, 또 야가미 라이브<6E5C>보러 온 거 아니겠지"
dom2Mature_L03.mes,Script/dom2Mature_L03.mes,3,37,주인공,イヤならなんでついてくるんですか<6E5C>.もしかして草薙先輩、<6E5C>暇なんですか?,"싫으면 왜 따라오세요<6E5C>. 혹시 쿠사나기 선배,<6E5C>한가하세요?","싫으면 왜 따라오세요<6E5C>. 혹시 쿠사나기 선배,<6E5C>한가하세요?"
dom2Mature_L03.mes,Script/dom2Mature_L03.mes,4,5,[효과음/내레이션],バキッ!,퍽!,퍽!
dom2Mature_L03.mes,Script/dom2Mature_L03.mes,5,33,주인공,いってぇ…….<6E5C>図星つかれたから殴るなんて、<6E5C>大人げないですよ!,"아야…….<6E5C>정곡 찔렸다고 때리다니,<6E5C>어른답지 못하네요!","아야…….<6E5C>정곡 찔렸다고 때리다니,<6E5C>어른답지 못하네요!"
dom2Mature_L03.mes,Script/dom2Mature_L03.mes,6,21,Kyo,うるせぇ!<6E5C>今日はお前のおごりだからな!,시끄러!<6E5C>오늘은 네가 쏘는 거니까!,시끄러!<6E5C>오늘은 네가 쏘는 거니까!
dom2Mature_L03.mes,Script/dom2Mature_L03.mes,7,6,주인공,え、えぇ!,에 에엑!,에 에엑!
dom2Mature_L03.mes,Script/dom2Mature_L03.mes,8,14,UNKNOWN_1e,うるさいわね、なんの騒ぎ?,"시끄럽네, 뭔 소란이야?","시끄럽네, 뭔 소란이야?"
dom2Mature_L03.mes,Script/dom2Mature_L03.mes,9,9,Mature,あなた……草薙京,당신…쿠사나기쿄,당신…쿠사나기쿄
dom2Mature_L03.mes,Script/dom2Mature_L03.mes,10,16,Kyo,チッ!イヤな顔に会っちまったな,쳇! 재수없는 얼굴을 만났군,쳇! 재수없는 얼굴을 만났군
dom2Mature_L03.mes,Script/dom2Mature_L03.mes,11,12,Mature,ずいぶんなごあいさつね,인사 한번 살벌하네,인사 한번 살벌하네
dom2Mature_L03.mes,Script/dom2Mature_L03.mes,12,27,Kyo,うるせぇな.俺はお前らなんかに<6E5C>会いたくねぇんだよ!,시끄러. 난 너희들 따위<6E5C>만나고 싶지 않다고!,시끄러. 난 너희들 따위<6E5C>만나고 싶지 않다고!
dom2Mature_L03.mes,Script/dom2Mature_L03.mes,13,29,UNKNOWN_42,言ってくれるな、草薙.<6E5C>私たちもお前になど会いたくはない,"말 곱게 해, 쿠사나기.<6E5C>우리도 널 만나긴 싫어","말 곱게 해, 쿠사나기.<6E5C>우리도 널 만나긴 싫어"
dom2Mature_L03.mes,Script/dom2Mature_L03.mes,14,8,주인공,あ、あの……?,저 저기……?,저 저기……?
dom2Mature_L03.mes,Script/dom2Mature_L03.mes,15,40,Kyo,まったく、気分わりぃぜ!<6E5C>おい<이름:3232>、俺は先に帰るぞ.<6E5C>あとはお前が相手しとけ!,"아, 진짜 기분 잡치네!<6E5C>야 <이름:3232> 난 먼저 간다.<6E5C>나머진 네가 상대해!","아, 진짜 기분 잡치네!<6E5C>야 <이름:3232> 난 먼저 간다.<6E5C>나머진 네가 상대해!"
dom2Mature_L03.mes,Script/dom2Mature_L03.mes,16,14,주인공,え、ちょっと、草薙先輩!?,"잠깐, 쿠사나기 선배!?","잠깐, 쿠사나기 선배!?"
dom2Mature_L03.mes,Script/dom2Mature_L03.mes,17,25,Mature,さて……<이름:3131>君.<6E5C>どうお相手してくれるのかしら?,자…… <이름:3131>군.<6E5C>날 어떻게 상대해줄 거니?,자…… <이름:3131>군.<6E5C>날 어떻게 상대해줄 거니?
dom2Mature_L03.mes,Script/dom2Mature_L03.mes,18,7,주인공,あ、あの……,저 저기……,저 저기……
dom2Mature_L03.mes,Script/dom2Mature_L03.mes,19,9,주인공,(草薙先輩~!),(선배~!),(선배~!)
dom2Mature_L03.mes,Script/dom2Mature_L03.mes,20,13,UNKNOWN_42,マチュア、私は先に戻るぞ,"마츄어, 먼저 간다","마츄어, 먼저 간다"
dom2Mature_L03.mes,Script/dom2Mature_L03.mes,21,6,Mature,わかったわ,알겠어,알겠어
dom2Mature_L03.mes,Script/dom2Mature_L03.mes,22,28,Mature,さてと.とりあえず、<6E5C>これでも飲んでリラックスしなさい,"자.일단,<6E5C>이거라도 마시고 긴장 풀어","자.일단,<6E5C>이거라도 마시고 긴장 풀어"
dom2Mature_L03.mes,Script/dom2Mature_L03.mes,23,20,Mature,そんなに固くなってたら<6E5C>楽しめないわよ,그렇게 딱딱하게 굴면<6E5C>즐길 수없잖아,그렇게 딱딱하게 굴면<6E5C>즐길 수없잖아
dom2Mature_L03.mes,Script/dom2Mature_L03.mes,24,8,주인공,え……これは?,어…… 이건?,어…… 이건?
dom2Mature_L03.mes,Script/dom2Mature_L03.mes,25,20,Mature,ドンペリよ.<6E5C>飲んだことないのかしら?,돔페리뇽이야.<6E5C>마셔본 적 없니?,돔페리뇽이야.<6E5C>마셔본 적 없니?
dom2Mature_L03.mes,Script/dom2Mature_L03.mes,26,23,주인공,そ、そんな高級なお酒、<6E5C>飲んだことないですよ,"그, 그런 고급 술은<6E5C>마셔본 적 없어요","그, 그런 고급 술은<6E5C>마셔본 적 없어요"
dom2Mature_L03.mes,Script/dom2Mature_L03.mes,27,19,Mature,フフ、酔えるわよ、<6E5C>気持ちよく……ね,"후후 취할 거야,<6E5C>기분 좋게 말야","후후 취할 거야,<6E5C>기분 좋게 말야"
dom2Mature_L03.mes,Script/dom2Mature_L03.mes,28,21,주인공,(う……そんな目で<6E5C>見つめられても……),(으…… 그런 눈으로<6E5C>쳐다보면……),(으…… 그런 눈으로<6E5C>쳐다보면……)
dom2Mature_L03.mes,Script/dom2Mature_L03.mes,29,10,주인공,お、おいしいですね,"마, 맛있네요","마, 맛있네요"
dom2Mature_L03.mes,Script/dom2Mature_L03.mes,30,12,Mature,あなたもおいしそう……,너도 맛있어보이네……,너도 맛있어보이네……
dom2Mature_L03.mes,Script/dom2Mature_L03.mes,31,6,주인공,ど、どうも,그런가요,그런가요
dom2Mature_L03.mes,Script/dom2Mature_L03.mes,32,12,주인공,(ま、まいったな……),(참 난감하네……),(참 난감하네……)
dom2Mature_L03.mes,Script/dom2Mature_L03.mes,33,34,주인공,(それにしても秘書って<6E5C>もうかるんだなぁ.<6E5C>僕も秘書になろうかな),(그나저나 비서란 것도<6E5C>돈 되는구나.<6E5C>나도 비서 할까),(그나저나 비서란 것도<6E5C>돈 되는구나.<6E5C>나도 비서 할까)
dom2Mature_L04.mes,Script/dom2Mature_L04.mes,0,5,[효과음/내레이션],キャー!,꺄악!,꺄악!
dom2Mature_L04.mes,Script/dom2Mature_L04.mes,1,25,주인공,(八神先輩、あいかわらずすごい<6E5C>人気だったなぁ),"(야가미 선배, 여전히 대단한<6E5C>인기네)","(야가미 선배, 여전히 대단한<6E5C>인기네)"
dom2Mature_L04.mes,Script/dom2Mature_L04.mes,2,22,주인공,(かっこいいライブだったもんな、<6E5C>当然か),"(멋진 라이브였으니까,<6E5C>당연한가)","(멋진 라이브였으니까,<6E5C>당연한가)"
dom2Mature_L04.mes,Script/dom2Mature_L04.mes,3,7,UNKNOWN_1e,大した人気ね,정말 인기네,정말 인기네
dom2Mature_L04.mes,Script/dom2Mature_L04.mes,4,9,주인공,あ、マチュアさん,"아, 마츄어 씨","아, 마츄어 씨"
dom2Mature_L04.mes,Script/dom2Mature_L04.mes,5,27,주인공,マチュアさんも八神先輩のライブを<6E5C>見に来たんですか?,마츄어 씨도 야가미 선배 라이브<6E5C>보러 오셨어요?,마츄어 씨도 야가미 선배 라이브<6E5C>보러 오셨어요?
dom2Mature_L04.mes,Script/dom2Mature_L04.mes,6,11,Mature,ええ、そんなところよ,"그래, 그런 셈이지","그래, 그런 셈이지"
dom2Mature_L04.mes,Script/dom2Mature_L04.mes,7,16,주인공,あ、八神先輩、お疲れ様でした!,"야가미 선배, 수고하셨어요!","야가미 선배, 수고하셨어요!"
dom2Mature_L04.mes,Script/dom2Mature_L04.mes,8,16,Iori,貴様……この女となにをしている,"네놈, 이 여자랑 뭘 하지","네놈, 이 여자랑 뭘 하지"
dom2Mature_L04.mes,Script/dom2Mature_L04.mes,9,20,주인공,え?なにをって……<6E5C>話してただけですが,예? 뭘요……<6E5C>얘기만 하고있었는데요,예? 뭘요……<6E5C>얘기만 하고있었는데요
dom2Mature_L04.mes,Script/dom2Mature_L04.mes,10,19,Mature,フフ……なんだか<6E5C>嫌われているようね,후후…… 왠지<6E5C>미움받고 있나 보네,후후…… 왠지<6E5C>미움받고 있나 보네
dom2Mature_L04.mes,Script/dom2Mature_L04.mes,11,20,Iori,フン……貴様など、<6E5C>毛ほども眼中にない,"흥…… 네놈 따위,<6E5C>안중에도 없다","흥…… 네놈 따위,<6E5C>안중에도 없다"
dom2Mature_L04.mes,Script/dom2Mature_L04.mes,12,11,Mature,言ってくれるわね……,말 한번 잘하네……,말 한번 잘하네……
dom2Mature_L04.mes,Script/dom2Mature_L04.mes,13,20,Mature,でも、私はあなたにとても<6E5C>興味があるわ,하지만 난 너한테 아주<6E5C>흥미가있는걸,하지만 난 너한테 아주<6E5C>흥미가있는걸
dom2Mature_L04.mes,Script/dom2Mature_L04.mes,14,26,Iori,知ったことか.あまり目障りだと<6E5C>ただでは済まさんぞ,알 바 아니다. 너무 거슬리면<6E5C>가만두지 않겠다,알 바 아니다. 너무 거슬리면<6E5C>가만두지 않겠다
dom2Mature_L04.mes,Script/dom2Mature_L04.mes,15,22,주인공,あ、あの、八神先輩?<6E5C>暴れないでくださいよ,"저, 야가미 선배?<6E5C>난동 부리지 마세요","저, 야가미 선배?<6E5C>난동 부리지 마세요"
dom2Mature_L04.mes,Script/dom2Mature_L04.mes,16,31,Iori,俺の敵は京だけだ.<6E5C>取るに足りん者を<6E5C>相手にするつもりはない,내 적은 쿄뿐이다.<6E5C>하찮은 것들을<6E5C>상대할 생각 없어,내 적은 쿄뿐이다.<6E5C>하찮은 것들을<6E5C>상대할 생각 없어
dom2Mature_L04.mes,Script/dom2Mature_L04.mes,17,20,Mature,ひどいわ.<6E5C>よっぽど嫌われてるみたいね,심하네.<6E5C>어지간히 미움받나 보네,심하네.<6E5C>어지간히 미움받나 보네
dom2Mature_L04.mes,Script/dom2Mature_L04.mes,18,21,Iori,何度も言わせるな.<6E5C>貴様などに興味はない,몇 번을 말해야 하나.<6E5C>관심 없다니까,몇 번을 말해야 하나.<6E5C>관심 없다니까
dom2Mature_L04.mes,Script/dom2Mature_L04.mes,19,19,Mature,<이름:3131>君.<6E5C>女がここまで言われてるのよ,<이름:3131>군.<6E5C>여자가 이렇게 당하는데,<이름:3131>군.<6E5C>여자가 이렇게 당하는데
dom2Mature_L04.mes,Script/dom2Mature_L04.mes,20,23,Mature,男ならなにか言うべきことが<6E5C>あるんじゃない?,남자라면 뭐라도<6E5C>해야 하지 않겠니?,남자라면 뭐라도<6E5C>해야 하지 않겠니?
dom2Mature_L04.mes,Script/dom2Mature_L04.mes,21,11,주인공,え、え、僕がですか?,"에, 저요 제가요?","에, 저요 제가요?"
dom2Mature_L04.mes,Script/dom2Mature_L04.mes,22,16,[선택지],庵をいさめるマチュアを元気づける,이오리 나무란다\마츄어 응원하기,이오리 나무란다\마츄어 응원하기
dom2Mature_L04.mes,Script/dom2Mature_L04.mes,23,25,주인공,あの……八神先輩、<6E5C>少し言いすぎじゃないですか?,"저기…… 야가미 선배,<6E5C>말이 심하지 않아요?","저기…… 야가미 선배,<6E5C>말이 심하지 않아요?"
dom2Mature_L04.mes,Script/dom2Mature_L04.mes,24,21,Iori,フン、くだらん.<6E5C>俺は弱い者に興味はない,"흥, 시시하군.<6E5C>약자한텐 관심 없어","흥, 시시하군.<6E5C>약자한텐 관심 없어"
dom2Mature_L04.mes,Script/dom2Mature_L04.mes,25,20,Mature,やれやれ、<6E5C>頼りないナイトねぇまったく,"어휴,<6E5C>못 미더운 기사네 정말","어휴,<6E5C>못 미더운 기사네 정말"
dom2Mature_L04.mes,Script/dom2Mature_L04.mes,26,8,주인공,す、すみません,"죄, 죄송해요","죄, 죄송해요"
dom2Mature_L04.mes,Script/dom2Mature_L04.mes,27,24,주인공,(なんで僕が謝らなくちゃ<6E5C>いけないんだよ……),(내가 왜 사과해야<6E5C>하는 거야……),(내가 왜 사과해야<6E5C>하는 거야……)
dom2Mature_L04.mes,Script/dom2Mature_L04.mes,28,21,주인공,マチュアさん、<6E5C>あんまり気にしないで……,"마츄어 씨,<6E5C>너무 신경쓰지 마세요……","마츄어 씨,<6E5C>너무 신경쓰지 마세요……"
dom2Mature_L04.mes,Script/dom2Mature_L04.mes,29,11,Mature,フゥ……ダメな子ねぇ,"후우, 안된 아이네","후우, 안된 아이네"
dom2Mature_L04.mes,Script/dom2Mature_L04.mes,30,12,Mature,まぁいいわ.ありがとう,"뭐, 됐어. 고마워","뭐, 됐어. 고마워"
dom2Mature_L04.mes,Script/dom2Mature_L04.mes,31,12,Iori,茶番はもうじゅうぶんだ,촌극은 이제 충분하다,촌극은 이제 충분하다
dom2Mature_L04.mes,Script/dom2Mature_L04.mes,32,32,주인공,(八神先輩とマチュアさんって、<6E5C>なにか因縁でもあるのかな……),"(야가미 선배랑 마츄어 씨,<6E5C>뭔가 사연 있는 걸까……)","(야가미 선배랑 마츄어 씨,<6E5C>뭔가 사연 있는 걸까……)"
dom2Mature_L07.mes,Script/dom2Mature_L07.mes,0,7,[효과음/내레이션],ワー!ワー!,와! 와아!,와! 와아!
dom2Mature_L07_2.mes,Script/dom2Mature_L07_2.mes,0,14,주인공,フゥ、今日もいい夜だったな,후우 오늘도 좋은 밤이네,후우 오늘도 좋은 밤이네
dom2Mature_L07_2.mes,Script/dom2Mature_L07_2.mes,1,6,UNKNOWN_1e,<이름:3131>君……,<이름:3131>군……,<이름:3131>군……
dom2Mature_L07_2.mes,Script/dom2Mature_L07_2.mes,2,20,주인공,マチュアさん!<6E5C>ど、どうしたんですか?,"마츄어 씨!<6E5C>무, 무슨 일이세요?","마츄어 씨!<6E5C>무, 무슨 일이세요?"
dom2Mature_L07_2.mes,Script/dom2Mature_L07_2.mes,3,19,Mature,ウフフ……少し、<6E5C>飲みすぎたみたいね,"우후후…… 조금,<6E5C>과음한 것 같네","우후후…… 조금,<6E5C>과음한 것 같네"
dom2Mature_L07_2.mes,Script/dom2Mature_L07_2.mes,4,33,주인공,ちょ、ちょっと、<6E5C>しっかりしてください.<6E5C>今タクシー呼びますから,"자, 잠깐만요,<6E5C>정신 좀 차리세요.<6E5C>지금 택시 부를게요","자, 잠깐만요,<6E5C>정신 좀 차리세요.<6E5C>지금 택시 부를게요"
dom2Mature_L07_2.mes,Script/dom2Mature_L07_2.mes,5,13,UNKNOWN_42,すまないな、迷惑をかけて,"미안하군, 폐를 끼쳐서","미안하군, 폐를 끼쳐서"
dom2Mature_L07_2.mes,Script/dom2Mature_L07_2.mes,6,11,주인공,バイスさん.よかった,바이스 씨.다행이다,바이스 씨.다행이다
dom2Mature_L07_2.mes,Script/dom2Mature_L07_2.mes,7,11,주인공,それじゃ、僕はこれで,"그럼, 저는 이만","그럼, 저는 이만"
dom2Mature_L07_2.mes,Script/dom2Mature_L07_2.mes,8,44,UNKNOWN_42,迷惑ついでで申し訳ないが、<6E5C>私は他に用がある.マチュアを<6E5C>送って行ってやってくれないか,폐 끼치는 김에 미안하지만<6E5C>나는 다른 볼일이 있다. 마츄어를<6E5C>바래다줄 수 있나,폐 끼치는 김에 미안하지만<6E5C>나는 다른 볼일이 있다. 마츄어를<6E5C>바래다줄 수 있나
dom2Mature_L07_2.mes,Script/dom2Mature_L07_2.mes,9,7,주인공,え、えぇ!?,에 에엑!?,에 에엑!?
dom2Mature_L07_2.mes,Script/dom2Mature_L07_2.mes,10,17,[선택지],わ、わかりましたそんな、無理ですよ,"알겠습니다\그건 좀, 무리예요","알겠습니다\그건 좀, 무리예요"
dom2Mature_L07_2.mes,Script/dom2Mature_L07_2.mes,11,10,UNKNOWN_42,それじゃ、頼んだぞ,"그럼, 부탁하지","그럼, 부탁하지"
dom2Mature_L07_2.mes,Script/dom2Mature_L07_2.mes,12,10,주인공,(まいったな……),(곤란하네……),(곤란하네……)
dom2Mature_L07_2.mes,Script/dom2Mature_L07_2.mes,13,36,주인공,(それにしてもめずらしいな、<6E5C>マチュアさんがここまで<6E5C>酔っ払うなんて),"(그나저나 특이하네,<6E5C>마츄어 씨가 이렇게까지<6E5C>취하다니)","(그나저나 특이하네,<6E5C>마츄어 씨가 이렇게까지<6E5C>취하다니)"
dom2Mature_L07_2.mes,Script/dom2Mature_L07_2.mes,14,17,주인공,マチュアさん、だいじょうぶですか,"마츄어 씨, 괜찮으세요","마츄어 씨, 괜찮으세요"
dom2Mature_L07_2.mes,Script/dom2Mature_L07_2.mes,15,8,Mature,ん……ここは?,음… 여기는?,음… 여기는?
dom2Mature_L07_2.mes,Script/dom2Mature_L07_2.mes,16,25,주인공,もう、しっかりしてください.<6E5C>タクシーの中ですよ,"이제, 정신 좀 차리세요.<6E5C>택시 안이에요","이제, 정신 좀 차리세요.<6E5C>택시 안이에요"
dom2Mature_L07_2.mes,Script/dom2Mature_L07_2.mes,17,30,Mature,アラアラ、密室?<6E5C>強引ねぇ……そういうの<6E5C>嫌いじゃないけど,"어머어머, 밀실?<6E5C>과감하네…… 그런 거<6E5C>싫진 않지만","어머어머, 밀실?<6E5C>과감하네…… 그런 거<6E5C>싫진 않지만"
dom2Mature_L07_2.mes,Script/dom2Mature_L07_2.mes,18,40,주인공,なに言ってんですか.<6E5C>ほら、いつまでももたれてないで、<6E5C>シャキッとしてください,"무슨 말씀이세요.<6E5C>자, 언제까지 기대고 있지 말고,<6E5C>똑바로 앉으세요","무슨 말씀이세요.<6E5C>자, 언제까지 기대고 있지 말고,<6E5C>똑바로 앉으세요"
dom2Mature_L07_2.mes,Script/dom2Mature_L07_2.mes,19,8,Mature,……このままで,……이대로,……이대로
dom2Mature_L07_2.mes,Script/dom2Mature_L07_2.mes,20,3,주인공,え?,네?,네?
dom2Mature_L07_2.mes,Script/dom2Mature_L07_2.mes,21,21,Mature,もう少し、<6E5C>このままでいさせてちょうだい,"조금만 더,<6E5C>이대로 있게 해줘","조금만 더,<6E5C>이대로 있게 해줘"
dom2Mature_L07_2.mes,Script/dom2Mature_L07_2.mes,22,8,주인공,え……あ、あの,"어, 저기","어, 저기"
dom2Mature_L07_2.mes,Script/dom2Mature_L07_2.mes,23,28,Mature,<이름:3131>君.あなた、思ったより<6E5C>いい体してるわね……素敵よ,"<이름:3131>군. 너, 생각보다<6E5C>몸이 좋구나…… 멋져","<이름:3131>군. 너, 생각보다<6E5C>몸이 좋구나…… 멋져"
dom2Mature_L07_2.mes,Script/dom2Mature_L07_2.mes,24,25,주인공,そ、そんな……マチュアさんの<6E5C>ほうこそ、あの……,"그, 그런…… 마츄어 씨야<6E5C>말로, 저기……","그, 그런…… 마츄어 씨야<6E5C>말로, 저기……"
dom2Mature_L07_2.mes,Script/dom2Mature_L07_2.mes,25,5,Mature,なぁに?,뭐?,뭐?
dom2Mature_L07_2.mes,Script/dom2Mature_L07_2.mes,26,9,주인공,す、素敵……です,"며, 멋져……요","며, 멋져……요"
dom2Mature_L07_2.mes,Script/dom2Mature_L07_2.mes,27,3,Mature,……,……,……
dom2Mature_L07_2.mes,Script/dom2Mature_L07_2.mes,28,28,주인공,(あ、あれ、返事がない……<6E5C>もしかしてクサかったかな),"(어, 어라, 대답이 없어……<6E5C>혹시 냄새났나)","(어, 어라, 대답이 없어……<6E5C>혹시 냄새났나)"
dom2Mature_L07_2.mes,Script/dom2Mature_L07_2.mes,29,7,Mature,スー……スー,새근… 새근,새근… 새근
dom2Mature_L07_2.mes,Script/dom2Mature_L07_2.mes,30,10,주인공,(寝てるのかよ!),(자는 거냐!),(자는 거냐!)
dom2Mature_L07_2.mes,Script/dom2Mature_L07_2.mes,31,32,주인공,(でも……こうしてると、いつもの<6E5C>マチュアさんが嘘みたいだな),"(그래도, 이러고 있으니 평소<6E5C>마츄어 씨가 거짓말 같네)","(그래도, 이러고 있으니 평소<6E5C>마츄어 씨가 거짓말 같네)"
dom2Mature_L07_2.mes,Script/dom2Mature_L07_2.mes,32,17,UNKNOWN_42,……そうか.わかった.もう頼まん,그런가. 이제 안 부탁하마,그런가. 이제 안 부탁하마
dom2Mature_L07_2.mes,Script/dom2Mature_L07_2.mes,33,17,주인공,(そ、そんなに怒らなくても……),(그렇게까지 화 안내셔도……),(그렇게까지 화 안내셔도……)
dom2Mature_L08.mes,Script/dom2Mature_L08.mes,0,7,[효과음/내레이션],♪ピンポーン,♪딩동,♪딩동
dom2Mature_L08.mes,Script/dom2Mature_L08.mes,1,3,주인공,はい,네,네
dom2Mature_L08.mes,Script/dom2Mature_L08.mes,2,4,[효과음/내레이션],ガチャ,철컥,철컥
dom2Mature_L08.mes,Script/dom2Mature_L08.mes,3,10,Mature,こんにちは、<이름:3131>君,"안녕, <이름:3131>군","안녕, <이름:3131>군"
dom2Mature_L08.mes,Script/dom2Mature_L08.mes,4,20,주인공,マ、マチュアさん.<6E5C>どうしたんですか?,"마, 마츄어 씨.<6E5C>무슨 일이세요?","마, 마츄어 씨.<6E5C>무슨 일이세요?"
dom2Mature_L08.mes,Script/dom2Mature_L08.mes,5,11,Mature,無粋なことを閉くのね,눈치 없는 걸 묻네,눈치 없는 걸 묻네
dom2Mature_L08.mes,Script/dom2Mature_L08.mes,6,19,Mature,デートのお誘いに決まってるでしょ<6E5C>?,데이트 신청이지 뭐겠어<6E5C>?,데이트 신청이지 뭐겠어<6E5C>?
dom2Mature_L08.mes,Script/dom2Mature_L08.mes,7,8,주인공,デ、デート!?,데 데이트!?,데 데이트!?
dom2Mature_L08.mes,Script/dom2Mature_L08.mes,8,10,Mature,私じゃ不服かしら?,나로는 불만이니?,나로는 불만이니?
dom2Mature_L08.mes,Script/dom2Mature_L08.mes,9,22,[선택지],とんでもない、行きます光栄ですが、行けません,"당치도 않아요, 갈게요\영광이지만 못 가요","당치도 않아요, 갈게요\영광이지만 못 가요"
dom2Mature_L08.mes,Script/dom2Mature_L08.mes,10,28,주인공,す、すぐに支度しますから、<6E5C>少しだけ待っててください!,"그, 금방 준비할 테니까,<6E5C>조금만 기다려주세요!","그, 금방 준비할 테니까,<6E5C>조금만 기다려주세요!"
dom2Mature_L08.mes,Script/dom2Mature_L08.mes,11,16,Mature,ちゃんと海に行く準備をするのよ,제대로 바다 갈 준비를 해,제대로 바다 갈 준비를 해
dom2Mature_L08.mes,Script/dom2Mature_L08.mes,12,10,주인공,え!う、海ですか!,에! 바 바다요!,에! 바 바다요!
dom2Mature_L08.mes,Script/dom2Mature_L08.mes,13,14,Mature,夏といえば海.普遍の真理よ,여름엔 바다지. 진리야,여름엔 바다지. 진리야
dom2Mature_L08.mes,Script/dom2Mature_L08.mes,14,5,주인공,は、はぁ,하 하아,하 하아
dom2Mature_L08.mes,Script/dom2Mature_L08.mes,15,24,주인공,すみません、今日はこれから用事が<6E5C>あるんで……,"죄송해요, 오늘은 이따가 일이<6E5C>있어서……","죄송해요, 오늘은 이따가 일이<6E5C>있어서……"
dom2Mature_L08.mes,Script/dom2Mature_L08.mes,16,14,Mature,私の誘いを断るというのね?,내 초대를 거절하겠다고?,내 초대를 거절하겠다고?
dom2Mature_L08.mes,Script/dom2Mature_L08.mes,17,32,주인공,ほ、ほんとに用事があるんですよ!<6E5C>申し訳ないと思ってますって!,저 정말 일이 있다니까요!<6E5C>미안하다고 생각하고 있다고요!,저 정말 일이 있다니까요!<6E5C>미안하다고 생각하고 있다고요!
dom2Mature_L08.mes,Script/dom2Mature_L08.mes,18,40,Mature,こんな機会は一生にそう何度も<6E5C>あることじゃないのに……<6E5C>まったく、使えない男ね,이런 기회는 평생에 그리 많이<6E5C>있는 게 아닌데……<6E5C>정말 쓸모없는 남자네,이런 기회는 평생에 그리 많이<6E5C>있는 게 아닌데……<6E5C>정말 쓸모없는 남자네
dom2Mature_L08.mes,Script/dom2Mature_L08.mes,19,17,주인공,(え、えらい言われようだな……),(엄청 심한 말을 듣네……),(엄청 심한 말을 듣네……)
dom2Mature_L08_2.mes,Script/dom2Mature_L08_2.mes,0,24,주인공,(思いがけない展開だな.<6E5C>まったくの予想外だ),(뜻밖의 전개다.<6E5C>완전히 예상외야),(뜻밖의 전개다.<6E5C>완전히 예상외야)
dom2Mature_L08_2.mes,Script/dom2Mature_L08_2.mes,1,14,주인공,(これは……ラッキーだ!),(이건…… 럭키다!),(이건…… 럭키다!)
dom2Mature_L08_2.mes,Script/dom2Mature_L08_2.mes,2,12,Mature,ほら、キレイに塗るのよ,"자, 예쁘게 발라","자, 예쁘게 발라"
dom2Mature_L08_2.mes,Script/dom2Mature_L08_2.mes,3,5,주인공,はい……,네……,네……
dom2Mature_L08_2.mes,Script/dom2Mature_L08_2.mes,4,14,주인공,(……予想通りの展開だな),(… 예상대로의 전개네),(… 예상대로의 전개네)
dom2Mature_L08_2.mes,Script/dom2Mature_L08_2.mes,5,20,주인공,(海、女王さま、サンオイル.<6E5C>定番だ),"(바다, 여왕님 선탠오일<6E5C>정석이지)","(바다, 여왕님 선탠오일<6E5C>정석이지)"
dom2Mature_L08_2.mes,Script/dom2Mature_L08_2.mes,6,14,Mature,そうよ……全身まんべんなく,맞아…… 온몸 골고루,맞아…… 온몸 골고루
dom2Mature_L08_2.mes,Script/dom2Mature_L08_2.mes,7,10,Mature,うぅん、上手よ……,"으응, 잘하네……","으응, 잘하네……"
dom2Mature_L08_2.mes,Script/dom2Mature_L08_2.mes,8,21,주인공,(そ、そんな色っぽい声<6E5C>出されたら……),(그런 색기 있는 목소리<6E5C>내시면……),(그런 색기 있는 목소리<6E5C>내시면……)
dom2Mature_L08_2.mes,Script/dom2Mature_L08_2.mes,9,27,Mature,あら……どうしたのかしら?<6E5C>手がお留守になってるわよ,어머…… 왜 그래?<6E5C>손이 멈췄잖아,어머…… 왜 그래?<6E5C>손이 멈췄잖아
dom2Mature_L08_2.mes,Script/dom2Mature_L08_2.mes,10,16,주인공,い、いえ、なんでもありません!,"아뇨, 아무것도 아니에요!","아뇨, 아무것도 아니에요!"
dom2Mature_L08_2.mes,Script/dom2Mature_L08_2.mes,11,19,주인공,(完全にオモチャにされてるな……<6E5C>),(완전히 장난감 취급이네……<6E5C>),(완전히 장난감 취급이네……<6E5C>)
dom2Mature_L08_2.mes,Script/dom2Mature_L08_2.mes,12,15,주인공,(でも、今は全然オッケー!),(그래도 지금은 오케이!),(그래도 지금은 오케이!)
dom2Mature_L09.mes,Script/dom2Mature_L09.mes,0,24,주인공,(こんなとこでなに<6E5C>やってるんだろうな、僕は),"(이런 데서 뭘<6E5C>하고 있는 걸까, 나는)","(이런 데서 뭘<6E5C>하고 있는 걸까, 나는)"
dom2Mature_L09.mes,Script/dom2Mature_L09.mes,1,15,Mature,パッとしない顔でどうしたの?,왜 그렇게 시무룩해?,왜 그렇게 시무룩해?
dom2Mature_L09.mes,Script/dom2Mature_L09.mes,2,11,주인공,パッとしないって……,시무룩하다니요……,시무룩하다니요……
dom2Mature_L09.mes,Script/dom2Mature_L09.mes,3,41,Mature,21才の誕生日だってのに、<6E5C>ひとりでなにやってんだろう、<6E5C>っていう顔をしてたわよ,"21살 생일인데,<6E5C>혼자서 뭐 하고 있나,<6E5C>하는 얼굴이었어","21살 생일인데,<6E5C>혼자서 뭐 하고 있나,<6E5C>하는 얼굴이었어"
dom2Mature_L09.mes,Script/dom2Mature_L09.mes,4,11,주인공,な、なぜそれを……!,어떻게 그걸……!,어떻게 그걸……!
dom2Mature_L09.mes,Script/dom2Mature_L09.mes,5,19,Mature,フフ、お姉さんはなんでも<6E5C>お見通しよ,후후 언니는 뭐든<6E5C>다 알고 있단다,후후 언니는 뭐든<6E5C>다 알고 있단다
dom2Mature_L09.mes,Script/dom2Mature_L09.mes,6,34,Mature,さあ、こっちへいらっしゃい.<6E5C>バイスとふたりで<6E5C>お祝いしてあげるわ,"자, 이리로 와.<6E5C>바이스랑 둘이서<6E5C>축하해줄게","자, 이리로 와.<6E5C>바이스랑 둘이서<6E5C>축하해줄게"
dom2Mature_L09.mes,Script/dom2Mature_L09.mes,7,37,주인공,(バイスさんとふたりで……!<6E5C>これはどう考えても<6E5C>オモチャにされるな) ,(바이스 씨랑 둘이서……!<6E5C>이건 아무리 봐도<6E5C>장난감 취급당하겠네),(바이스 씨랑 둘이서……!<6E5C>이건 아무리 봐도<6E5C>장난감 취급당하겠네)
dom2Mature_L09.mes,Script/dom2Mature_L09.mes,8,10,Mature,フフ、いらっしゃい,"후후, 이리 와","후후, 이리 와"
dom2Mature_L09.mes,Script/dom2Mature_L09.mes,9,15,UNKNOWN_42,来たようね、本日のいけにえが,온 것 같군 오늘의 제물이,온 것 같군 오늘의 제물이
dom2Mature_L09.mes,Script/dom2Mature_L09.mes,10,16,주인공,物騒なこと言わないでください!,무서운 말 하지 마세요!,무서운 말 하지 마세요!
dom2Mature_L09.mes,Script/dom2Mature_L09.mes,11,16,Mature,ウフフ……もう逃げられないわよ,우후후…… 이제 못 도망가,우후후…… 이제 못 도망가
dom2Mature_L09.mes,Script/dom2Mature_L09.mes,12,9,UNKNOWN_42,うれしいだろう?,기쁘지?,기쁘지?
dom2Mature_L09.mes,Script/dom2Mature_L09.mes,13,6,주인공,は、はい!,"네, 네!","네, 네!"
dom2Mature_L09.mes,Script/dom2Mature_L09.mes,14,12,UNKNOWN_42,さあ、こっちに座りなよ,"자, 이쪽으로 앉아","자, 이쪽으로 앉아"
dom2Mature_L09.mes,Script/dom2Mature_L09.mes,15,14,Mature,ダメよ、被はこっちに座るの,"안 돼, 얜 이쪽이야","안 돼, 얜 이쪽이야"
dom2Mature_L09.mes,Script/dom2Mature_L09.mes,16,21,UNKNOWN_42,フッ……<이름:3131><이름:3232>、<6E5C>お前に選ばせてやるよ,흣…… <이름:3131><이름:3232><6E5C>너한테 고르게 해주지,흣…… <이름:3131><이름:3232><6E5C>너한테 고르게 해주지
dom2Mature_L09.mes,Script/dom2Mature_L09.mes,17,7,[선택지],マチュアバイス,마츄어\바이스,마츄어\바이스
dom2Mature_L09.mes,Script/dom2Mature_L09.mes,18,9,주인공,お、お手柔らかに,살살 부탁드려요,살살 부탁드려요
dom2Mature_L09.mes,Script/dom2Mature_L09.mes,19,25,Mature,バカね.加減したら、<6E5C>本当の快楽は味わえないのよ,"바보네. 살살 하면,<6E5C>진짜 쾌락은 못 맛봐","바보네. 살살 하면,<6E5C>진짜 쾌락은 못 맛봐"
dom2Mature_L09.mes,Script/dom2Mature_L09.mes,20,8,UNKNOWN_42,そういうことだ,그런 거다,그런 거다
dom2Mature_L09.mes,Script/dom2Mature_L09.mes,21,16,주인공,や、やっぱり僕、帰ります……!,"저, 역시 집에 갈게요……!","저, 역시 집에 갈게요……!"
dom2Mature_L09.mes,Script/dom2Mature_L09.mes,22,13,Mature,今さらなにを言ってるの?,이제와서 무슨 소리야?,이제와서 무슨 소리야?
dom2Mature_L09.mes,Script/dom2Mature_L09.mes,23,20,UNKNOWN_42,夜は長い.<6E5C>じっくり楽しもうじゃないか,밤은 길다.<6E5C>천천히 즐겨보자꾸나,밤은 길다.<6E5C>천천히 즐겨보자꾸나
dom2Mature_L09.mes,Script/dom2Mature_L09.mes,24,26,주인공,(天国なのか地獄なのかわからなく<6E5C>なってきた……),(천국인지 지옥인지<6E5C>모르겠어졌어……),(천국인지 지옥인지<6E5C>모르겠어졌어……)
dom2Mature_L09.mes,Script/dom2Mature_L09.mes,25,9,주인공,お、お手柔らかに,살살 부탁드려요,살살 부탁드려요
dom2Mature_L09.mes,Script/dom2Mature_L09.mes,26,21,UNKNOWN_42,わかってるよ.<6E5C>痛くないようにしてあげる,알고 있어.<6E5C>안 아프게 해줄게,알고 있어.<6E5C>안 아프게 해줄게
dom2Mature_L09.mes,Script/dom2Mature_L09.mes,27,20,주인공,な、なにがはじまるん<6E5C>でしょうか……?,"뭐, 뭐가 시작되는<6E5C>거죠……?","뭐, 뭐가 시작되는<6E5C>거죠……?"
dom2Mature_L09.mes,Script/dom2Mature_L09.mes,28,23,Mature,おやすみなさい.<6E5C>百万回目のごきげんよう……,안녕히 주무세요.<6E5C>백만 번째 안녕……,안녕히 주무세요.<6E5C>백만 번째 안녕……
dom2Mature_L09.mes,Script/dom2Mature_L09.mes,29,26,UNKNOWN_42,お前は、今日から新しい<6E5C><이름:3131><이름:3232>に生まれ変わるんだ,넌 오늘부터 새<6E5C><이름:3131><이름:3232>로 다시 태어난다,넌 오늘부터 새<6E5C><이름:3131><이름:3232>로 다시 태어난다
dom2Mature_L09.mes,Script/dom2Mature_L09.mes,30,23,주인공,(じょ、冗談に閉こえない!<6E5C>誰か助けて!!),"(노, 농담 아냐!<6E5C>누가 도와줘!!)","(노, 농담 아냐!<6E5C>누가 도와줘!!)"
dom2Mature_L10.mes,Script/dom2Mature_L10.mes,0,17,주인공,(あれ、今日はなんだか静かだな),(어라 오늘은 왠지 조용하네),(어라 오늘은 왠지 조용하네)
dom2Mature_L10.mes,Script/dom2Mature_L10.mes,1,26,주인공,(もしかして、またマチュアさんの<6E5C>貸し切りかな?),"(혹시, 또 마츄어 씨가<6E5C>전세 낸 건가?)","(혹시, 또 마츄어 씨가<6E5C>전세 낸 건가?)"
dom2Mature_L10.mes,Script/dom2Mature_L10.mes,2,4,UNKNOWN_42,<이름:3131>か,<이름:3131>?,<이름:3131>?
dom2Mature_L10.mes,Script/dom2Mature_L10.mes,3,12,주인공,こんにちは、バイスさん,안녕하세요 바이스 씨,안녕하세요 바이스 씨
dom2Mature_L10.mes,Script/dom2Mature_L10.mes,4,25,주인공,今日はマチュアさんは<6E5C>いっしょじゃないんですか?,오늘은 마츄어 씨는<6E5C>같이 안 계세요?,오늘은 마츄어 씨는<6E5C>같이 안 계세요?
dom2Mature_L10.mes,Script/dom2Mature_L10.mes,5,11,UNKNOWN_42,マチュアは大学にいる,마츄어 대학에 있다,마츄어 대학에 있다
dom2Mature_L10.mes,Script/dom2Mature_L10.mes,6,20,주인공,え、でも大学は<6E5C>夏休み中のはずじゃ……,"어, 대학은<6E5C>여름방학 중일 텐데……","어, 대학은<6E5C>여름방학 중일 텐데……"
dom2Mature_L10.mes,Script/dom2Mature_L10.mes,7,22,UNKNOWN_42,……お前になら話してもいいかも<6E5C>しれないな,…너한테라면 얘기해도<6E5C>괜찮을지 모르겠군,…너한테라면 얘기해도<6E5C>괜찮을지 모르겠군
dom2Mature_L10.mes,Script/dom2Mature_L10.mes,8,7,주인공,なんですか?,뭔데요?,뭔데요?
dom2Mature_L10.mes,Script/dom2Mature_L10.mes,9,23,UNKNOWN_42,大学は今、ちょっとした変化を<6E5C>起こしつつある,대학은 지금 작은 변화를<6E5C>일으키는 중이다,대학은 지금 작은 변화를<6E5C>일으키는 중이다
dom2Mature_L10.mes,Script/dom2Mature_L10.mes,10,25,UNKNOWN_42,その変化は、皆にとってプラスと<6E5C>いうわけではない,"그 변화는, 모두에게 이득이<6E5C>되는 건 아니다","그 변화는, 모두에게 이득이<6E5C>되는 건 아니다"
dom2Mature_L10.mes,Script/dom2Mature_L10.mes,11,16,주인공,あの、話が見えてきませんが……,얘기가 잘 안 보이는데요……,얘기가 잘 안 보이는데요……
dom2Mature_L10.mes,Script/dom2Mature_L10.mes,12,40,UNKNOWN_42,マチュアは今、その変化を<6E5C>促進すべきか、現状を維持する<6E5C>べきかで悩んでいるんだ,"마츄어는 지금 그 변화를<6E5C>촉진할지, 현상 유지를<6E5C>할지 고민 중이다","마츄어는 지금 그 변화를<6E5C>촉진할지, 현상 유지를<6E5C>할지 고민 중이다"
dom2Mature_L10.mes,Script/dom2Mature_L10.mes,13,11,주인공,どういうことですか?,무슨 말씀이세요?,무슨 말씀이세요?
dom2Mature_L10.mes,Script/dom2Mature_L10.mes,14,16,UNKNOWN_42,<이름:3131>.お前、清泉大学は好きか?,<이름:3131>.넌 이 대학 좋아하나?,<이름:3131>.넌 이 대학 좋아하나?
dom2Mature_L10.mes,Script/dom2Mature_L10.mes,15,8,주인공,もちろんです!,물론이죠!,물론이죠!
dom2Mature_L10.mes,Script/dom2Mature_L10.mes,16,6,UNKNOWN_42,そうか……,그런가……,그런가……
dom2Mature_L10.mes,Script/dom2Mature_L10.mes,17,22,주인공,バイスさんやマチュアさんは<6E5C>違うんですか?,바이스 씨나 마츄어 씨는<6E5C>다른가요?,바이스 씨나 마츄어 씨는<6E5C>다른가요?
dom2Mature_L10.mes,Script/dom2Mature_L10.mes,18,20,UNKNOWN_42,私もマチュアも、<6E5C>清泉大学を愛している,나도 마츄어도<6E5C>세이센대학을 사랑한다,나도 마츄어도<6E5C>세이센대학을 사랑한다
dom2Mature_L10.mes,Script/dom2Mature_L10.mes,19,24,주인공,だったら、なにも変えなくていい<6E5C>じゃないですか,그럼 아무것도 안 바꿔도<6E5C>되는 거 아닌가요,그럼 아무것도 안 바꿔도<6E5C>되는 거 아닌가요
dom2Mature_L10.mes,Script/dom2Mature_L10.mes,20,13,UNKNOWN_42,やれやれ、お前は単純だな,"이런, 너는 단순하구나","이런, 너는 단순하구나"
dom2Mature_L10.mes,Script/dom2Mature_L10.mes,21,34,UNKNOWN_42,いや、しかし……今求められている<6E5C>のは、そうした単純さかもしれない,"아니, 하지만…… 지금 필요한<6E5C>건, 그런 단순함일지도 모르지","아니, 하지만…… 지금 필요한<6E5C>건, 그런 단순함일지도 모르지"
dom2Mature_L10.mes,Script/dom2Mature_L10.mes,22,43,주인공,僕は難しいことはわからないです<6E5C>けど、清泉大学の学生であることに<6E5C>誇りを持っています,"저는 어려운 건 모르겠지만<6E5C>, 세이센 대학 학생인 게<6E5C>자랑스러워요","저는 어려운 건 모르겠지만<6E5C>, 세이센 대학 학생인 게<6E5C>자랑스러워요"
dom2Mature_L10.mes,Script/dom2Mature_L10.mes,23,15,UNKNOWN_42,誇り、か.私たちの誇りは……,"자부심이라, 우리 자부심은","자부심이라, 우리 자부심은"
dom2Mature_L10.mes,Script/dom2Mature_L10.mes,24,24,주인공,秘書として、学園を守ることじゃ<6E5C>ないんですか?,"비서로서, 학원을 지키는 것<6E5C>아닌가요?","비서로서, 학원을 지키는 것<6E5C>아닌가요?"
dom2Mature_L10.mes,Script/dom2Mature_L10.mes,25,28,UNKNOWN_42,……そうだな.<6E5C>私はどうも難しく考えすぎて<6E5C>いるようだ,……그렇군.<6E5C>나는 너무 어렵게<6E5C>생각했나 보다,……그렇군.<6E5C>나는 너무 어렵게<6E5C>생각했나 보다
dom2Mature_L10.mes,Script/dom2Mature_L10.mes,26,26,UNKNOWN_42,結局は、自分の思いを貫くことが<6E5C>必要だということか,"결국은, 신념을 관철하는 게<6E5C>필요하다는 건가","결국은, 신념을 관철하는 게<6E5C>필요하다는 건가"
dom2Mature_L10.mes,Script/dom2Mature_L10.mes,27,29,주인공,(あれ、考え込んじゃった…….<6E5C>しばらくそっとしとくか),"(어라, 생각에 잠기셨네…….<6E5C>잠깐 가만히 놔둘까)","(어라, 생각에 잠기셨네…….<6E5C>잠깐 가만히 놔둘까)"
dom2Mature_M01.mes,Script/dom2Mature_M01.mes,0,30,주인공,(えらく遅くなっちゃったな……<6E5C>もうほたる寝ちゃったかな),(엄청 늦어버렸네……<6E5C>호타루는 벌써 잤으려나),(엄청 늦어버렸네……<6E5C>호타루는 벌써 잤으려나)
dom2Mature_M01.mes,Script/dom2Mature_M01.mes,1,6,UNKNOWN_1e,待ちなさい,거기 서,거기 서
dom2Mature_M01.mes,Script/dom2Mature_M01.mes,2,23,Mature,<이름:3131>君、こんな時間になにを<6E5C>してるのかしら?,<이름:3131>군 이런 시간에 뭘<6E5C>하고 있는 걸까?,<이름:3131>군 이런 시간에 뭘<6E5C>하고 있는 걸까?
dom2Mature_M01.mes,Script/dom2Mature_M01.mes,3,23,주인공,あ、マチュアさん.<6E5C>今から家に帰るところです,아 마츄어 씨.<6E5C>지금 집에 가는 길이에요,아 마츄어 씨.<6E5C>지금 집에 가는 길이에요
dom2Mature_M01.mes,Script/dom2Mature_M01.mes,4,22,Mature,ゲーニッツ先生のゼミの課題は<6E5C>終わったの?,게닛츠 선생님 세미나 과제는<6E5C>끝났니?,게닛츠 선생님 세미나 과제는<6E5C>끝났니?
dom2Mature_M01.mes,Script/dom2Mature_M01.mes,5,11,주인공,え、えっと、まだです,"어, 그게, 아직요","어, 그게, 아직요"
dom2Mature_M01.mes,Script/dom2Mature_M01.mes,6,13,Mature,そんなことでどうするの!,그래서 어쩌려고 그래!,그래서 어쩌려고 그래!
dom2Mature_M01.mes,Script/dom2Mature_M01.mes,7,9,주인공,す、すみません!,"죄, 죄송해요!","죄, 죄송해요!"
dom2Mature_M01.mes,Script/dom2Mature_M01.mes,8,41,Mature,まぁいいわ、早く帰りなさい.<6E5C>こんな時間まで外にいると、<6E5C>怖~い人に襲われるわよ,"뭐 됐어, 얼른 가.<6E5C>이런 시간까지 밖에 있으면<6E5C>무~서운 사람한테 잡혀가","뭐 됐어, 얼른 가.<6E5C>이런 시간까지 밖에 있으면<6E5C>무~서운 사람한테 잡혀가"
dom2Mature_M01.mes,Script/dom2Mature_M01.mes,9,23,주인공,(それってマチュアさんのこと<6E5C>なんじゃ……),(그거 마츄어 씨 얘기<6E5C>아닌가……),(그거 마츄어 씨 얘기<6E5C>아닌가……)
dom2Mature_M01.mes,Script/dom2Mature_M01.mes,10,12,주인공,じゃ、じゃあ僕はこれで,"그, 그럼 저는 이만","그, 그럼 저는 이만"
dom2Mature_M01.mes,Script/dom2Mature_M01.mes,11,10,Mature,えぇ、気をつけてね,그래 조심해서 가,그래 조심해서 가
dom2Mature_M01.mes,Script/dom2Mature_M01.mes,12,23,주인공,(なんだろう、いつもと雰囲気が<6E5C>違うな……),"(뭐지, 평소랑 분위기가<6E5C>다른데……)","(뭐지, 평소랑 분위기가<6E5C>다른데……)"
dom2Mature_M01.mes,Script/dom2Mature_M01.mes,13,30,주인공,(えらく遅くなっちゃったな……<6E5C>もうほたる寝ちゃったかな),(엄청 늦어버렸네……<6E5C>호타루는 벌써 잤으려나),(엄청 늦어버렸네……<6E5C>호타루는 벌써 잤으려나)
dom2Mature_M01.mes,Script/dom2Mature_M01.mes,14,6,UNKNOWN_1e,待ちなさい,거기 서,거기 서
dom2Mature_M01.mes,Script/dom2Mature_M01.mes,15,36,Mature,<이름:3131>君、こんな時間になにを<6E5C>してるのかしら?<6E5C>ゼミの課題は進んでるの?,"<이름:3131>군, 이런 시간에 뭘<6E5C>하는 걸까?<6E5C>세미나 과제는 잘 돼가니?","<이름:3131>군, 이런 시간에 뭘<6E5C>하는 걸까?<6E5C>세미나 과제는 잘 돼가니?"
dom2Mature_M01.mes,Script/dom2Mature_M01.mes,16,13,주인공,あ、はい……ぼちぼちです,아 네…… 그럭저럭이요,아 네…… 그럭저럭이요
dom2Mature_M01.mes,Script/dom2Mature_M01.mes,17,6,Mature,あら、そう,어머 그래,어머 그래
dom2Mature_M01.mes,Script/dom2Mature_M01.mes,18,24,Mature,ところで、最近なにか<6E5C>変わったことはなかった?,"그런데, 요즘 뭔가<6E5C>달라진 건 없었니?","그런데, 요즘 뭔가<6E5C>달라진 건 없었니?"
dom2Mature_M01.mes,Script/dom2Mature_M01.mes,19,29,주인공,……いえ、あえて言うなら、<6E5C>ちょっと友達を探していて……,"……아뇨, 굳이 말하자면<6E5C>친구를 좀 찾고 있어서……","……아뇨, 굳이 말하자면<6E5C>친구를 좀 찾고 있어서……"
dom2Mature_M01.mes,Script/dom2Mature_M01.mes,20,31,Mature,ふぅん.なら、これ以上あの場所に<6E5C>ついて調べるのはやめなさい,"흐음. 그럼, 더 이상 그곳을<6E5C>알아보는 건 그만둬","흐음. 그럼, 더 이상 그곳을<6E5C>알아보는 건 그만둬"
dom2Mature_M01.mes,Script/dom2Mature_M01.mes,21,2,주인공,え,어,어
dom2Mature_M01.mes,Script/dom2Mature_M01.mes,22,12,Mature,閉こえなかったのかい?,안 들렸니?,안 들렸니?
dom2Mature_M01.mes,Script/dom2Mature_M01.mes,23,10,주인공,……マチュアさん?,……마츄어 씨?,……마츄어 씨?
dom2Mature_M01.mes,Script/dom2Mature_M01.mes,24,55,Mature,お前たちは首を突っ込みすぎた<485C>でも……今なら間に合うかも<6E5C>しれない.手を引きなさい.<6E5C>自分の命が惜しければね,너희는 너무 깊이 발을 들였어<485C>하지만…… 지금이라면<6E5C>늦지 않을지도 손을 떼<6E5C>목숨이 아깝다면 말이야,너희는 너무 깊이 발을 들였어<485C>하지만…… 지금이라면<6E5C>늦지 않을지도 손을 떼<6E5C>목숨이 아깝다면 말이야
dom2Mature_M01.mes,Script/dom2Mature_M01.mes,25,5,[선택지],はいいいえ,네\아니오,네\아니오
dom2Mature_M01.mes,Script/dom2Mature_M01.mes,26,7,주인공,は……はい!,네…… 넵!,네…… 넵!
dom2Mature_M01.mes,Script/dom2Mature_M01.mes,27,13,Mature,ゼミのレポート、早めにね,세미나 과제 빨리 내렴,세미나 과제 빨리 내렴
dom2Mature_M01.mes,Script/dom2Mature_M01.mes,28,7,주인공,は、はぁ……,"네, 넵……","네, 넵……"
dom2Mature_M01.mes,Script/dom2Mature_M01.mes,29,24,주인공,(なんだったんだろ?<6E5C>妙な迫力があったな……),(뭐였을까?<6E5C>묘한 위압감이 있었는데……),(뭐였을까?<6E5C>묘한 위압감이 있었는데……)
dom2Mature_M01.mes,Script/dom2Mature_M01.mes,30,7,UNKNOWN_1e,<이름:3232>さーん!,<이름:3232> 씨~!,<이름:3232> 씨~!
dom2Mature_M01.mes,Script/dom2Mature_M01.mes,31,13,주인공,フィオ!どこにいたんだ?,피오! 어디 있었어?,피오! 어디 있었어?
dom2Mature_M01.mes,Script/dom2Mature_M01.mes,32,66,Fio,神社のレポートですよ?<6E5C>夢中になっていたらいつの間にか<6E5C>居眠りしちゃったみたいで……<485C>バイスさんが見つけて<6E5C>車で送ってくれたんです,신사 리포트였어요?<6E5C>몰두하다 보니 어느새<6E5C>깜빡 졸아버린 것 같아서……<485C>바이스 씨가 발견하고<6E5C>차로 데려다주셨어요,신사 리포트였어요?<6E5C>몰두하다 보니 어느새<6E5C>깜빡 졸아버린 것 같아서……<485C>바이스 씨가 발견하고<6E5C>차로 데려다주셨어요
dom2Mature_M01.mes,Script/dom2Mature_M01.mes,33,28,주인공,そうか.めずらしく連絡がないから<6E5C>、先輩が探してたぞ?,그렇구나. 웬일로 연락 없어서<6E5C>선배가 찾고 있었어,그렇구나. 웬일로 연락 없어서<6E5C>선배가 찾고 있었어
dom2Mature_M01.mes,Script/dom2Mature_M01.mes,34,13,Fio,はわわわ、いっけなーい!,아와와와 이런 실수를!,아와와와 이런 실수를!
dom2Mature_M01.mes,Script/dom2Mature_M01.mes,35,30,주인공,何の話かわかりませんけど、<6E5C>笑えない冗談はやめてください!,무슨 얘긴지 모르겠지만<6E5C>웃기지 않는 농담은 그만둬요!,무슨 얘긴지 모르겠지만<6E5C>웃기지 않는 농담은 그만둬요!
dom2Mature_M01.mes,Script/dom2Mature_M01.mes,36,3,Mature,……,……,……
dom2Mature_M01.mes,Script/dom2Mature_M01.mes,37,3,주인공,……,……,……
dom2Mature_M01.mes,Script/dom2Mature_M01.mes,38,5,Mature,……そう,……그래,……그래
dom2Mature_M01.mes,Script/dom2Mature_M01.mes,39,15,주인공,(なんなんだ、いったい……),(대체 뭐냐고……),(대체 뭐냐고……)
dom2Mature_M02.mes,Script/dom2Mature_M02.mes,0,12,[효과음/내레이션],♪カランコロンカラ~ン,♪딸랑딸랑 딸그랑~,♪딸랑딸랑 딸그랑~
dom2Mature_M02.mes,Script/dom2Mature_M02.mes,1,16,Shizuku,あ、<이름:3131>くん、いらっしゃいませ,"아, <이름:3131>군, 어서 오세요","아, <이름:3131>군, 어서 오세요"
dom2Mature_M02.mes,Script/dom2Mature_M02.mes,2,11,주인공,巳沢さん、こんばんは,미사와씨 안녕하세요,미사와씨 안녕하세요
dom2Mature_M02.mes,Script/dom2Mature_M02.mes,3,10,Shizuku,ねぇねぇ、ちょっと,"저기 저기, 잠깐","저기 저기, 잠깐"
dom2Mature_M02.mes,Script/dom2Mature_M02.mes,4,6,주인공,な、なに?,뭐 뭔데?,뭐 뭔데?
dom2Mature_M02.mes,Script/dom2Mature_M02.mes,5,9,Shizuku,見て、あそこ……,저기봐 저거……,저기봐 저거……
dom2Mature_M02.mes,Script/dom2Mature_M02.mes,6,11,주인공,マ、マチュアさん……,"마, 마츄어 씨……","마, 마츄어 씨……"
dom2Mature_M02.mes,Script/dom2Mature_M02.mes,7,11,Shizuku,どうする?声かける?,어떡할래? 말걸까?,어떡할래? 말걸까?
dom2Mature_M02.mes,Script/dom2Mature_M02.mes,8,14,주인공,声かけないと、後が怖いから,말 안걸면 나중에 무서워,말 안걸면 나중에 무서워
dom2Mature_M02.mes,Script/dom2Mature_M02.mes,9,11,Shizuku,そうだね.ファイト!,그렇지. 파이팅!,그렇지. 파이팅!
dom2Mature_M02.mes,Script/dom2Mature_M02.mes,10,13,주인공,こんばんは、マチュアさん,"안녕하세요, 마츄어 씨","안녕하세요, 마츄어 씨"
dom2Mature_M02.mes,Script/dom2Mature_M02.mes,11,11,Mature,あら~<이름:3131>君じゃない,어머~<이름:3131>군 아니니,어머~<이름:3131>군 아니니
dom2Mature_M02.mes,Script/dom2Mature_M02.mes,12,13,주인공,もしかして、酔ってます?,"혹시, 취하신 거예요?","혹시, 취하신 거예요?"
dom2Mature_M02.mes,Script/dom2Mature_M02.mes,13,23,Mature,ウフフ……<6E5C>お姉さん酔わせてどうするつもり?,우후후……<6E5C>언니 취하게 해서 뭘어쩌려고?,우후후……<6E5C>언니 취하게 해서 뭘어쩌려고?
dom2Mature_M02.mes,Script/dom2Mature_M02.mes,14,9,주인공,どうもしませんよ,아무것도 안해요,아무것도 안해요
dom2Mature_M02.mes,Script/dom2Mature_M02.mes,15,9,Mature,冷たいわねぇ……,차갑네에……,차갑네에……
dom2Mature_M02.mes,Script/dom2Mature_M02.mes,16,25,주인공,(あ、あれ、マチュアさん、<6E5C>本気でヘコんでる?),"(어, 어라 마츄어 씨<6E5C>진짜 우울한 거야?)","(어, 어라 마츄어 씨<6E5C>진짜 우울한 거야?)"
dom2Mature_M02.mes,Script/dom2Mature_M02.mes,17,24,주인공,あの……僕でよかったら、<6E5C>付き合いましょうか?,저기…… 저라도 괜찮으면<6E5C>같이 있을까요?,저기…… 저라도 괜찮으면<6E5C>같이 있을까요?
dom2Mature_M02.mes,Script/dom2Mature_M02.mes,18,33,Mature,ありがとう、坊や.<6E5C>ついでに夏祭りにも<6E5C>付き合ってくれるかしら?,"고마워, 꼬마야.<6E5C>겸사겸사 여름 축제도<6E5C>같이 가 줄래?","고마워, 꼬마야.<6E5C>겸사겸사 여름 축제도<6E5C>같이 가 줄래?"
dom2Mature_M02.mes,Script/dom2Mature_M02.mes,19,13,[선택지],いいですよちょっと無理です,좋아요\좀 무리예요,좋아요\좀 무리예요
dom2Mature_M02.mes,Script/dom2Mature_M02.mes,20,7,주인공,僕でよければ,저도 좋다면,저도 좋다면
dom2Mature_M02.mes,Script/dom2Mature_M02.mes,21,11,Mature,ありがとう……約束よ,고마워…… 약속이야,고마워…… 약속이야
dom2Mature_M02.mes,Script/dom2Mature_M02.mes,22,5,주인공,は、はい,"네, 네","네, 네"
dom2Mature_M02.mes,Script/dom2Mature_M02.mes,23,38,주인공,(な、なんか巳沢さんから鋭い<6E5C>視線を感じるけど……<6E5C>今はマチュアさんだな),"(뭐, 미사와 씨 시선이<6E5C>날카롭지만……<6E5C>지금은 마츄어 씨부터다)","(뭐, 미사와 씨 시선이<6E5C>날카롭지만……<6E5C>지금은 마츄어 씨부터다)"
dom2Mature_M02.mes,Script/dom2Mature_M02.mes,24,14,주인공,夏祭りは、ちょっと無理です,여름 축제는 좀 무리예요,여름 축제는 좀 무리예요
dom2Mature_M02.mes,Script/dom2Mature_M02.mes,25,9,Mature,冷たい子ねぇ……,차가운 애네……,차가운 애네……
dom2Mature_M02.mes,Script/dom2Mature_M02.mes,26,8,주인공,す、すみません,"죄, 죄송해요","죄, 죄송해요"
dom2Mature_S01.mes,Script/dom2Mature_S01.mes,0,8,[효과음/내레이션],バサバサバサッ,푸드덕푸드덕,푸드덕푸드덕
dom2Mature_S01.mes,Script/dom2Mature_S01.mes,1,35,주인공,(あ~かわいそうに.<6E5C>今日も誰かがマチュアさんの<6E5C>犠牲になってるよ),(아~ 불쌍해라.<6E5C>오늘도 누군가가 마츄어 씨의<6E5C>희생양이 됐네),(아~ 불쌍해라.<6E5C>오늘도 누군가가 마츄어 씨의<6E5C>희생양이 됐네)
dom2Mature_S01.mes,Script/dom2Mature_S01.mes,2,20,Mature,あら、<이름:3131>君、<6E5C>なにを見てるのかしら?,"어머, <이름:3131>군<6E5C>뭘 보고 있는 걸까?","어머, <이름:3131>군<6E5C>뭘 보고 있는 걸까?"
dom2Mature_S01.mes,Script/dom2Mature_S01.mes,3,40,Mature,いくら私の脚線美に魅せられた<6E5C>からといって、無粋に目を<6E5C>向けるものではないのよ,"아무리 내 각선미에 반했다고<6E5C>해도, 눈치 없이 눈을<6E5C>돌리는 게 아니란다","아무리 내 각선미에 반했다고<6E5C>해도, 눈치 없이 눈을<6E5C>돌리는 게 아니란다"
dom2Mature_S01.mes,Script/dom2Mature_S01.mes,4,15,주인공,い、いや、見てませんけど……,"아, 아뇨 안 봤는데요……","아, 아뇨 안 봤는데요……"
dom2Mature_S01.mes,Script/dom2Mature_S01.mes,5,59,Mature,は?あなたもしかして……<6E5C>男として正常な機能を果たして<6E5C>ないんじゃない?<485C>ちょっといらっしゃい.<6E5C>教育し直してあげる,뭐? 너 혹시……<6E5C>남자로서 정상적인 기능을 못<6E5C>하는 거 아니니?<485C>잠깐 이리 와.<6E5C>다시 교육해줄게,뭐? 너 혹시……<6E5C>남자로서 정상적인 기능을 못<6E5C>하는 거 아니니?<485C>잠깐 이리 와.<6E5C>다시 교육해줄게
dom2Mature_S01.mes,Script/dom2Mature_S01.mes,6,7,[효과음/내레이션],ズルズルズル,질질질,질질질
dom2Mature_S01.mes,Script/dom2Mature_S01.mes,7,27,주인공,いや、ちょっと、僕これから<6E5C>行くところが……あぁ~!,"아뇨, 잠깐, 저 지금부터<6E5C>갈 데가……아아~!","아뇨, 잠깐, 저 지금부터<6E5C>갈 데가……아아~!"
dom2Mature_S01.mes,Script/dom2Mature_S01.mes,8,22,주인공,(暇だな……誰か知り合いでも<6E5C>いないかな),(심심하네…… 누구 아는사람<6E5C>없으려나),(심심하네…… 누구 아는사람<6E5C>없으려나)
dom2Mature_S01.mes,Script/dom2Mature_S01.mes,9,19,UNKNOWN_1e,ほらほら、そんなことでどうするの<6E5C>!,"자자, 그런 걸로 어쩌려고<6E5C>그래!","자자, 그런 걸로 어쩌려고<6E5C>그래!"
dom2Mature_S01.mes,Script/dom2Mature_S01.mes,10,24,UNKNOWN_1e,マチュア、そんな男はさっさと<6E5C>退学にしてしまえ,"마츄어, 그런 남자는 냉큼<6E5C>퇴학시켜 버려","마츄어, 그런 남자는 냉큼<6E5C>퇴학시켜 버려"
dom2Mature_S01.mes,Script/dom2Mature_S01.mes,11,22,UNKNOWN_1e,ひぃ~!<6E5C>それだけはかんべんしてください!,히이익!<6E5C>그것만은 봐주세요!,히이익!<6E5C>그것만은 봐주세요!
dom2Mature_S01.mes,Script/dom2Mature_S01.mes,12,16,주인공,(あぁ……いつもの光景が……),(아……늘 있는 광경이……),(아……늘 있는 광경이……)
dom2Mature_S01.mes,Script/dom2Mature_S01.mes,13,31,Mature,でもバイス、この子、なかなか<6E5C>カワイイ顔をしてると思わない?,"그래도 바이스, 이 애, 꽤<6E5C>귀엽게 생기지 않았어?","그래도 바이스, 이 애, 꽤<6E5C>귀엽게 생기지 않았어?"
dom2Mature_S01.mes,Script/dom2Mature_S01.mes,14,21,UNKNOWN_42,私はそんなひょろっとした男に<6E5C>興味はない,나는 그런 비실한 남자한테<6E5C>관심 없다,나는 그런 비실한 남자한테<6E5C>관심 없다
dom2Mature_S01.mes,Script/dom2Mature_S01.mes,15,30,Mature,う~ん、そうねぇ.言われてみれば<6E5C>、ダメな子に見えてきたわ,"으음, 그러네. 듣고 보니<6E5C>별로인 애로 보이네","으음, 그러네. 듣고 보니<6E5C>별로인 애로 보이네"
dom2Mature_S01.mes,Script/dom2Mature_S01.mes,16,8,[효과음/내레이션],バサバサバサッ,푸드덕푸드덕,푸드덕푸드덕
dom2Mature_S01.mes,Script/dom2Mature_S01.mes,17,5,UNKNOWN_4a,うわ~!,으아~!,으아~!
dom2Mature_S01.mes,Script/dom2Mature_S01.mes,18,28,주인공,(あ~……今日も学生の苦心の<6E5C>レポートが風に舞う……),(아~…… 오늘도 학생리포트가<6E5C>바람에 날리네……),(아~…… 오늘도 학생리포트가<6E5C>바람에 날리네……)
dom2Mature_S02.mes,Script/dom2Mature_S02.mes,0,7,[효과음/내레이션],ザワザワ……,웅성웅성……,웅성웅성……
dom2Mature_S02.mes,Script/dom2Mature_S02.mes,1,29,주인공,(今日も人が多いな……ん?<6E5C>マチュアさんとバイスさんだ),"(오늘도 사람 많네…… 응?<6E5C>마츄어, 바이스 씨네)","(오늘도 사람 많네…… 응?<6E5C>마츄어, 바이스 씨네)"
dom2Mature_S02.mes,Script/dom2Mature_S02.mes,2,45,주인공,(逃げたいところだけど、バレたら<6E5C>どうなるかわからないしな……<6E5C>どっちに声をかけようか),"(도망치고 싶지만, 들키면<6E5C>어떻게 될지 모르니까……<6E5C>누구한테 말을 걸까)","(도망치고 싶지만, 들키면<6E5C>어떻게 될지 모르니까……<6E5C>누구한테 말을 걸까)"
dom2Mature_S02.mes,Script/dom2Mature_S02.mes,3,7,[선택지],マチュアバイス,마츄어\바이스,마츄어\바이스
dom2Mature_S02.mes,Script/dom2Mature_S02.mes,4,13,주인공,マチュアさん、こんにちは,"마츄어 씨, 안녕하세요","마츄어 씨, 안녕하세요"
dom2Mature_S02.mes,Script/dom2Mature_S02.mes,5,32,Mature,あら、<이름:3131>君じゃない.<6E5C>どうしたの?<6E5C>迷子にでもなったかしら?,어머 <이름:3131>군 아니니.<6E5C>무슨 일이야?<6E5C>길이라도 잃은 거니?,어머 <이름:3131>군 아니니.<6E5C>무슨 일이야?<6E5C>길이라도 잃은 거니?
dom2Mature_S02.mes,Script/dom2Mature_S02.mes,6,9,주인공,い、いえ、まさか,"아, 아뇨 설마","아, 아뇨 설마"
dom2Mature_S02.mes,Script/dom2Mature_S02.mes,7,15,Mature,恥ずかしがらなくてもいいのよ,부끄러워하지 않아도 돼,부끄러워하지 않아도 돼
dom2Mature_S02.mes,Script/dom2Mature_S02.mes,8,24,Mature,いらっしゃい、お姉さんが道を<6E5C>教えてあげるから,"이리 와, 언니가 길을<6E5C>알려줄 테니까","이리 와, 언니가 길을<6E5C>알려줄 테니까"
dom2Mature_S02.mes,Script/dom2Mature_S02.mes,9,29,주인공,け、けっこうです!<6E5C>だいじょうぶですから!<6E5C>失礼します!,"괘, 괜찮습니다!<6E5C>문제없으니까요!<6E5C>실례하겠습니다!","괘, 괜찮습니다!<6E5C>문제없으니까요!<6E5C>실례하겠습니다!"
dom2Mature_S02.mes,Script/dom2Mature_S02.mes,10,24,주인공,(どこに続く道だかわかった<6E5C>もんじゃない……),(어디로 이어지는 길인지<6E5C>알 게 뭐야……),(어디로 이어지는 길인지<6E5C>알 게 뭐야……)
dom2Mature_S02.mes,Script/dom2Mature_S02.mes,11,16,주인공,あの、バイスさん……こんにちは,저 바이스 씨…… 안녕하세요,저 바이스 씨…… 안녕하세요
dom2Mature_S02.mes,Script/dom2Mature_S02.mes,12,8,UNKNOWN_42,ん?<이름:3131><이름:3232>か,<이름:3131><이름:3232>인가,<이름:3131><이름:3232>인가
dom2Mature_S02.mes,Script/dom2Mature_S02.mes,13,23,주인공,バイスさんはよく来るんですか、<6E5C>NESTS?,"바이스 씨는 자주 오세요,<6E5C>NESTS에?","바이스 씨는 자주 오세요,<6E5C>NESTS에?"
dom2Mature_S02.mes,Script/dom2Mature_S02.mes,14,22,UNKNOWN_42,あぁ、ほとんどはマチュアの<6E5C>付き添いだがな,"아아, 대부분 마츄어를<6E5C>따라온 거지만","아아, 대부분 마츄어를<6E5C>따라온 거지만"
dom2Mature_S02.mes,Script/dom2Mature_S02.mes,15,10,주인공,そ、そうですか……,"그, 그렇군요……","그, 그렇군요……"
dom2Mature_S02.mes,Script/dom2Mature_S02.mes,16,14,주인공,(う~……会話が続かない),(으음…… 대화가 안돼),(으음…… 대화가 안돼)
dom2Mature_S02.mes,Script/dom2Mature_S02.mes,17,11,UNKNOWN_42,まだなにかあるのか?,아직 뭔가 있나?,아직 뭔가 있나?
dom2Mature_S02.mes,Script/dom2Mature_S02.mes,18,12,주인공,い、いえ!失礼します!,아뇨!실례하겠습니다!,아뇨!실례하겠습니다!
dom2Mature_S02.mes,Script/dom2Mature_S02.mes,19,28,주인공,(あれ、今日は静かだな.<6E5C>なんだろ?人もいないし……),(어라 오늘은 조용하네.<6E5C>뭐지? 사람도 없고……),(어라 오늘은 조용하네.<6E5C>뭐지? 사람도 없고……)
dom2Mature_S02.mes,Script/dom2Mature_S02.mes,20,4,UNKNOWN_1e,<이름:3131>君,<이름:3131>군,<이름:3131>군
dom2Mature_S02.mes,Script/dom2Mature_S02.mes,21,22,주인공,あ、マチュアさん.<6E5C>今日は静かですね、ここ,"아, 마츄어 씨.<6E5C>오늘 조용하네요 여기","아, 마츄어 씨.<6E5C>오늘 조용하네요 여기"
dom2Mature_S02.mes,Script/dom2Mature_S02.mes,22,6,Mature,フフフ……,후후후……,후후후……
dom2Mature_S02.mes,Script/dom2Mature_S02.mes,23,9,주인공,な、なんですか?,"뭐, 뭔데요?","뭐, 뭔데요?"
dom2Mature_S02.mes,Script/dom2Mature_S02.mes,24,13,Mature,今日は私の貸し切りなのよ,오늘은 내 전세야,오늘은 내 전세야
dom2Mature_S02.mes,Script/dom2Mature_S02.mes,25,5,주인공,えぇ!?,네에!?,네에!?
dom2Mature_S02.mes,Script/dom2Mature_S02.mes,26,35,주인공,(クラブひとつ貸し切りに<6E5C>しちゃうって……ゴージャスな<6E5C>遊び方だな),(클럽을 통째로 빌려버리다니<6E5C>…… 화려한<6E5C>노는 방식이네),(클럽을 통째로 빌려버리다니<6E5C>…… 화려한<6E5C>노는 방식이네)
dom2Mature_S02.mes,Script/dom2Mature_S02.mes,27,44,Mature,イケナイ子ねぇ、こんな静かな<6E5C>ところでお姉さんとふたりきりに<6E5C>なって、どうするつもり?,"나쁜 애네, 이런 조용한<6E5C>곳에서 언니랑 단둘이<6E5C>있게 되면, 어쩌려고?","나쁜 애네, 이런 조용한<6E5C>곳에서 언니랑 단둘이<6E5C>있게 되면, 어쩌려고?"
dom2Mature_S02.mes,Script/dom2Mature_S02.mes,28,17,주인공,いや、すみません、知らなくて……,"아뇨, 죄송해요, 몰라서……","아뇨, 죄송해요, 몰라서……"
dom2Mature_S02.mes,Script/dom2Mature_S02.mes,29,22,Mature,いらっしゃい.<6E5C>ゆっくりしていきなさい……,어서 와.<6E5C>천천히 놀다 가렴……,어서 와.<6E5C>천천히 놀다 가렴……
dom2Mature_S02.mes,Script/dom2Mature_S02.mes,30,19,주인공,(マ、マチュアさん、目が怖い……<6E5C>),"(마, 마츄어 씨 눈빛 무서워<6E5C>)","(마, 마츄어 씨 눈빛 무서워<6E5C>)"
dom2Mature_S03.mes,Script/dom2Mature_S03.mes,0,15,UNKNOWN_1e,あら、どこを見てるのかしら?,"어머, 어딜 보는 걸까?","어머, 어딜 보는 걸까?"
dom2Mature_S03.mes,Script/dom2Mature_S03.mes,1,28,UNKNOWN_1e,い、いや、だってそんなに<6E5C>前かがみになったら胸元が……,"아, 아니, 그렇게<6E5C>몸을 숙이면 가슴이……","아, 아니, 그렇게<6E5C>몸을 숙이면 가슴이……"
dom2Mature_S03.mes,Script/dom2Mature_S03.mes,2,23,주인공,(マチュアさんだ.<6E5C>また学生つかまえて……),(마츄어 씨다.<6E5C>또 학생을 붙잡고……),(마츄어 씨다.<6E5C>또 학생을 붙잡고……)
dom2Mature_S03.mes,Script/dom2Mature_S03.mes,3,21,Mature,困った子ねぇ.<6E5C>後で秘書室にいらっしゃい,곤란한 애네.<6E5C>나중에 비서실로 오렴,곤란한 애네.<6E5C>나중에 비서실로 오렴
dom2Mature_S03.mes,Script/dom2Mature_S03.mes,4,13,UNKNOWN_4a,かんべんしてくださいよ~,봐주세요~,봐주세요~
dom2Mature_S03.mes,Script/dom2Mature_S03.mes,5,11,Mature,あら?<이름:3131>君じゃない,어머?<이름:3131>군 아니니,어머?<이름:3131>군 아니니
dom2Mature_S03.mes,Script/dom2Mature_S03.mes,6,11,주인공,どうも、マチュアさん,안녕하세요 마츄어씨,안녕하세요 마츄어씨
dom2Mature_S03.mes,Script/dom2Mature_S03.mes,7,24,Mature,なにか言いたげな顔をしてるわね.<6E5C>どうしたの?,뭔가 할 말 있는 얼굴이네.<6E5C>무슨 일이야?,뭔가 할 말 있는 얼굴이네.<6E5C>무슨 일이야?
dom2Mature_S03.mes,Script/dom2Mature_S03.mes,8,29,주인공,いや、マチュアさんって、<6E5C>誰にでもああなのかな、と思って,"아뇨, 마츄어 씨는,<6E5C>누구한테나 저러시나 싶어서요","아뇨, 마츄어 씨는,<6E5C>누구한테나 저러시나 싶어서요"
dom2Mature_S03.mes,Script/dom2Mature_S03.mes,9,28,Mature,あらあら、カワイイことを言うのね<6E5C>.ジェラシーかしら?,"어머어머, 귀여운 말을 하네<6E5C>. 질투인 걸까?","어머어머, 귀여운 말을 하네<6E5C>. 질투인 걸까?"
dom2Mature_S03.mes,Script/dom2Mature_S03.mes,10,15,주인공,そ、そういうんじゃないです!,"그, 그런 거 아니에요!","그, 그런 거 아니에요!"
dom2Mature_S03.mes,Script/dom2Mature_S03.mes,11,26,Mature,フフフ、ムキにならないで.<6E5C>今はあなただけのものよ,"후후후, 발끈하지 마.<6E5C>지금은 너만의 것이니까","후후후, 발끈하지 마.<6E5C>지금은 너만의 것이니까"
dom2Mature_S03.mes,Script/dom2Mature_S03.mes,12,14,주인공,だから、そういうんじゃ……,그러니까 그런 게 아니라,그러니까 그런 게 아니라
dom2Mature_S03.mes,Script/dom2Mature_S03.mes,13,19,Mature,じゃあね、<이름:3131>君.<6E5C>私は仕事に戻るわ,"그럼 안녕, <이름:3131>군.<6E5C>일하러 갈게","그럼 안녕, <이름:3131>군.<6E5C>일하러 갈게"
dom2Mature_S03.mes,Script/dom2Mature_S03.mes,14,20,주인공,(……なんで僕<6E5C>ムキになってんだろ?),(……왜 내가<6E5C>발끈한 거지?),(……왜 내가<6E5C>발끈한 거지?)
dom2Mature_S03.mes,Script/dom2Mature_S03.mes,15,19,주인공,あ~やっと授業が終わった.<6E5C>疲れたぁ,아~드디어 수업 끝났다.<6E5C>피곤해라,아~드디어 수업 끝났다.<6E5C>피곤해라
dom2Mature_S03.mes,Script/dom2Mature_S03.mes,16,14,UNKNOWN_1e,困りますね、そう言われても,"곤란하네요, 그런 말씀을","곤란하네요, 그런 말씀을"
dom2Mature_S03.mes,Script/dom2Mature_S03.mes,17,37,UNKNOWN_1e,それはこっちのセリフよ.<6E5C>どういうつもりか、<6E5C>きっちり説明してちょうだい,"그건 내가 할 말이야.<6E5C>무슨 생각인지,<6E5C>제대로 설명해 봐","그건 내가 할 말이야.<6E5C>무슨 생각인지,<6E5C>제대로 설명해 봐"
dom2Mature_S03.mes,Script/dom2Mature_S03.mes,18,24,주인공,(あれ……マチュアさんと、<6E5C>ゲーニッツ先生?),"(어라…… 마츄어 씨랑,<6E5C>게닛츠 선생님?)","(어라…… 마츄어 씨랑,<6E5C>게닛츠 선생님?)"
dom2Mature_S03.mes,Script/dom2Mature_S03.mes,19,24,Goenitz,先ほど申し上げた通りですよ.<6E5C>変更はありません,방금 말씀드린 대로입니다.<6E5C>변경은 없습니다,방금 말씀드린 대로입니다.<6E5C>변경은 없습니다
dom2Mature_S03.mes,Script/dom2Mature_S03.mes,20,9,Mature,っ!もういいわ!,윽! 됐어!,윽! 됐어!
dom2Mature_S03.mes,Script/dom2Mature_S03.mes,21,4,주인공,あ……,아……,아……
dom2Mature_S03.mes,Script/dom2Mature_S03.mes,22,6,Mature,<이름:3131>君……,<이름:3131>군……,<이름:3131>군……
dom2Mature_S03.mes,Script/dom2Mature_S03.mes,23,33,Goenitz,おや、これはこれは…….<6E5C>私のゼミの<이름:3131><이름:3232>君では<6E5C>ありませんか,"이런, 이거 이거…….<6E5C>내 세미나의 <이름:3131><이름:3232>군<6E5C>아닌가","이런, 이거 이거…….<6E5C>내 세미나의 <이름:3131><이름:3232>군<6E5C>아닌가"
dom2Mature_S03.mes,Script/dom2Mature_S03.mes,24,6,주인공,ど、どうも,안녕하세요,안녕하세요
dom2Mature_S03.mes,Script/dom2Mature_S03.mes,25,7,Mature,閉いてたの?,듣고있었니?,듣고있었니?
dom2Mature_S03.mes,Script/dom2Mature_S03.mes,26,10,주인공,いや……僕はなにも,아뇨…… 아무것도,아뇨…… 아무것도
dom2Mature_S03.mes,Script/dom2Mature_S03.mes,27,9,Mature,そう.ならいいわ,그래. 그럼됐어,그래. 그럼됐어
dom2Mature_S03.mes,Script/dom2Mature_S03.mes,28,14,Goenitz,では、私もこれで失礼します,그럼 저도 이만실례합니다,그럼 저도 이만실례합니다
dom2Mature_S03.mes,Script/dom2Mature_S03.mes,29,30,주인공,(なんか、見てはいけないものを<6E5C>見てしまった気がする……),"(뭔가, 보면 안 될 것을<6E5C>본 것 같은 기분이야……)","(뭔가, 보면 안 될 것을<6E5C>본 것 같은 기분이야……)"
dom2Mature_S04.mes,Script/dom2Mature_S04.mes,0,19,주인공,(……誰か知ってる人は、と.あ!<6E5C>),(……아는 사람 없나. 아!<6E5C>),(……아는 사람 없나. 아!<6E5C>)
dom2Mature_S04.mes,Script/dom2Mature_S04.mes,1,9,UNKNOWN_42,なんだその顔は?,뭐냐 그얼굴은?,뭐냐 그얼굴은?
dom2Mature_S04.mes,Script/dom2Mature_S04.mes,2,13,주인공,ハ、ハハ……いや、べつに,"하, 아뇨 별거 아녜요","하, 아뇨 별거 아녜요"
dom2Mature_S04.mes,Script/dom2Mature_S04.mes,3,34,UNKNOWN_42,フ……素直だな.<6E5C>マチュアが可愛がる気持ちが<6E5C>少しわかる気がするよ,후…… 솔직하군.<6E5C>마츄어가 예뻐하는마음을<6E5C>조금은 알 것 같아,후…… 솔직하군.<6E5C>마츄어가 예뻐하는마음을<6E5C>조금은 알 것 같아
dom2Mature_S04.mes,Script/dom2Mature_S04.mes,4,29,주인공,そ、そういえばマチュアさんは<6E5C>いっしょじゃないんですか?,"그, 그러고 보니 마츄어 씨는<6E5C>같이 안 계세요?","그, 그러고 보니 마츄어 씨는<6E5C>같이 안 계세요?"
dom2Mature_S04.mes,Script/dom2Mature_S04.mes,5,13,UNKNOWN_42,今日はひとりだ.安心しろ,오늘은 혼자다.안심해라,오늘은 혼자다.안심해라
dom2Mature_S04.mes,Script/dom2Mature_S04.mes,6,15,주인공,いや、べつにそういう意味じゃ,"아뇨, 딱히 그런 뜻은","아뇨, 딱히 그런 뜻은"
dom2Mature_S04.mes,Script/dom2Mature_S04.mes,7,58,UNKNOWN_42,ああ見えて、あいつには<6E5C>弱いところがあってな<485C>もしかしたら、<6E5C>自分を受け止めてくれる男を<6E5C>探しているのかもしれない,"저래 봬도, 그 녀석한테는<6E5C>약한 부분이 있어서<485C>어쩌면,<6E5C>자신을 받아줄 남자를<6E5C>찾고 있는 건지도 모르지","저래 봬도, 그 녀석한테는<6E5C>약한 부분이 있어서<485C>어쩌면,<6E5C>자신을 받아줄 남자를<6E5C>찾고 있는 건지도 모르지"
dom2Mature_S04.mes,Script/dom2Mature_S04.mes,8,21,UNKNOWN_42,まぁ巻き込まれる人間は<6E5C>災難かもしれんが,뭐 휘말리는 사람은<6E5C>재난일지도모르지만,뭐 휘말리는 사람은<6E5C>재난일지도모르지만
dom2Mature_S04.mes,Script/dom2Mature_S04.mes,9,20,주인공,楽しんでるだけにしか<6E5C>見えないけど……,그냥 즐기는 걸로만<6E5C>보이는데요……,그냥 즐기는 걸로만<6E5C>보이는데요……
dom2Mature_S04.mes,Script/dom2Mature_S04.mes,10,14,UNKNOWN_42,ハハハ、そうかもしれないな,"하하하, 그럴지도 모르지","하하하, 그럴지도 모르지"
dom2Mature_S04.mes,Script/dom2Mature_S04.mes,11,26,주인공,あ、でも僕、マチュアさんのこと<6E5C>嫌いじゃないですよ,"아, 그래도 저, 마츄어 씨<6E5C>싫어하지 않아요","아, 그래도 저, 마츄어 씨<6E5C>싫어하지 않아요"
dom2Mature_S04.mes,Script/dom2Mature_S04.mes,12,26,UNKNOWN_42,そうか.伝えておくよ.<6E5C>きっと喜ぶよ、マチュアの奴,그런가. 전해두마.<6E5C>분명 좋아할 거다 그 녀석,그런가. 전해두마.<6E5C>분명 좋아할 거다 그 녀석
dom2Mature_S04.mes,Script/dom2Mature_S04.mes,13,7,주인공,(やばい!),(망했다!),(망했다!)
dom2Mature_S04.mes,Script/dom2Mature_S04.mes,14,22,Mature,あら、<이름:3131>君じゃない.<6E5C>ちょうどよかったわ,"어머, <이름:3131>군 아니니.<6E5C>마침 잘됐다","어머, <이름:3131>군 아니니.<6E5C>마침 잘됐다"
dom2Mature_S04.mes,Script/dom2Mature_S04.mes,15,21,주인공,(し、しまった~!<6E5C>見つかっちゃった!),"(아, 아차차~!<6E5C>들켜버렸다!)","(아, 아차차~!<6E5C>들켜버렸다!)"
dom2Mature_S04.mes,Script/dom2Mature_S04.mes,16,20,Mature,お願いがあるんだけど……<6E5C>いいわよね?,부탁이 있는데……<6E5C>괜찮지?,부탁이 있는데……<6E5C>괜찮지?
dom2Mature_S04.mes,Script/dom2Mature_S04.mes,17,15,주인공,(う……有無を言わせぬ迫力),(윽…… 거부 못할 기세),(윽…… 거부 못할 기세)
dom2Mature_S04.mes,Script/dom2Mature_S04.mes,18,9,[선택지],はい……無理です!,네……\무리예요!,네……\무리예요!
dom2Mature_S04.mes,Script/dom2Mature_S04.mes,19,23,주인공,わかりました……なにをすれば<6E5C>いいんですか?,알겠어요…… 뭘 하면<6E5C>되나요?,알겠어요…… 뭘 하면<6E5C>되나요?
dom2Mature_S04.mes,Script/dom2Mature_S04.mes,20,12,Mature,ウフフ、それじゃあ……,"우후후, 그럼……","우후후, 그럼……"
dom2Mature_S04.mes,Script/dom2Mature_S04.mes,21,43,주인공,(その後、僕はマチュアさんに<6E5C>あんなことやこんなことを<6E5C>させられた…….ショックだ),"(그 후, 나는 마츄어 씨한테<6E5C>이런저런 짓을<6E5C>당했다……. 충격이다)","(그 후, 나는 마츄어 씨한테<6E5C>이런저런 짓을<6E5C>당했다……. 충격이다)"
dom2Mature_S04.mes,Script/dom2Mature_S04.mes,22,19,주인공,す、すみません!<6E5C>今日は無理でーす!,죄 죄송해요!<6E5C>오늘은 무리예요~!,죄 죄송해요!<6E5C>오늘은 무리예요~!
dom2Mature_S04.mes,Script/dom2Mature_S04.mes,23,6,[효과음/내레이션],ダダダダッ,다다다닷,다다다닷
dom2Mature_S04.mes,Script/dom2Mature_S04.mes,24,10,Mature,コラ!待ちなさい!,이놈! 거기 서!,이놈! 거기 서!
dom2Mature_S04.mes,Script/dom2Mature_S04.mes,25,14,주인공,(……次会ったときが怖い),(……다음만남이 무섭다),(……다음만남이 무섭다)
dom2Mature_S05.mes,Script/dom2Mature_S05.mes,0,12,[효과음/내레이션],♪カランコロンカラ~ン,♪딸랑딸랑 딸그랑~,♪딸랑딸랑 딸그랑~
dom2Mature_S05.mes,Script/dom2Mature_S05.mes,1,40,Shizuku,あれ、<이름:3131>くん、今日はちょっと<6E5C>早いね.私、バイトの時間まで<6E5C>もう少しあるんだ,"어라, <이름:3131>군, 오늘은 좀<6E5C>이르네. 나 알바 시간까지<6E5C>아직 좀 남았는데","어라, <이름:3131>군, 오늘은 좀<6E5C>이르네. 나 알바 시간까지<6E5C>아직 좀 남았는데"
dom2Mature_S05.mes,Script/dom2Mature_S05.mes,2,8,주인공,え、そうなの?,"어, 그래?","어, 그래?"
dom2Mature_S05.mes,Script/dom2Mature_S05.mes,3,15,Shizuku,一刻も早く私に会いたかった?,그렇게 나 보고 싶었어?,그렇게 나 보고 싶었어?
dom2Mature_S05.mes,Script/dom2Mature_S05.mes,4,10,주인공,あ、うん、そうだね,"아, 응, 그렇지","아, 응, 그렇지"
dom2Mature_S05.mes,Script/dom2Mature_S05.mes,5,6,Shizuku,ほんとに?,진짜로?,진짜로?
dom2Mature_S05.mes,Script/dom2Mature_S05.mes,6,10,주인공,うん、嘘じゃないよ,응 거짓말 아니야,응 거짓말 아니야
dom2Mature_S05.mes,Script/dom2Mature_S05.mes,7,7,Shizuku,……うれしい,……기뻐,……기뻐
dom2Mature_S05.mes,Script/dom2Mature_S05.mes,8,16,UNKNOWN_1e,あら~、ずいぶんとまぶしいわね,"어머~, 꽤나 눈이 부시네","어머~, 꽤나 눈이 부시네"
dom2Mature_S05.mes,Script/dom2Mature_S05.mes,9,10,주인공,マ、マチュアさん!,"마, 마츄어 씨!","마, 마츄어 씨!"
dom2Mature_S05.mes,Script/dom2Mature_S05.mes,10,17,Mature,どうしたの、そんなに驚いた顔して,"왜 그래, 그렇게 놀란 얼굴로","왜 그래, 그렇게 놀란 얼굴로"
dom2Mature_S05.mes,Script/dom2Mature_S05.mes,11,17,Mature,ほら、早く続きを見せてちょうだい,"자, 얼른 나머지 보여줘 봐","자, 얼른 나머지 보여줘 봐"
dom2Mature_S05.mes,Script/dom2Mature_S05.mes,12,14,Shizuku,悪趣味ですね、マチュアさん,취미 고약하네 마츄어 씨,취미 고약하네 마츄어 씨
dom2Mature_S05.mes,Script/dom2Mature_S05.mes,13,23,Mature,フフ、ごめんなさい.<6E5C>調子に乗りすぎたかしら,"후후, 미안해.<6E5C>내가 좀 신났나 보네","후후, 미안해.<6E5C>내가 좀 신났나 보네"
dom2Mature_S05.mes,Script/dom2Mature_S05.mes,14,16,주인공,と、とりあえず、なにか飲もうか,그 그럼 일단 뭐 좀 마실까,그 그럼 일단 뭐 좀 마실까
dom2Mature_S05.mes,Script/dom2Mature_S05.mes,15,13,Shizuku,私はバイトの準備をするわ,나는 알바 준비할게,나는 알바 준비할게
dom2Mature_S05.mes,Script/dom2Mature_S05.mes,16,16,Shizuku,<이름:3131>くんはゆっくりして行ってね,<이름:3131>군은 편히 있다 가,<이름:3131>군은 편히 있다 가
dom2Mature_S05.mes,Script/dom2Mature_S05.mes,17,19,주인공,(ハァ……みんな仲良くしてよ……<6E5C>),(하아…… 다들 사이좋게 지내<6E5C>),(하아…… 다들 사이좋게 지내<6E5C>)
dom2Mature_S06.mes,Script/dom2Mature_S06.mes,0,5,UNKNOWN_0x1e,<이름:3131><이름:3232>,<이름:3131><이름:3232>,<이름:3131><이름:3232>
dom2Mature_S06.mes,Script/dom2Mature_S06.mes,1,13,주인공,(ん?誰か呼んだかな?),(음? 누가 불렀나?),(음? 누가 불렀나?)
dom2Mature_S06.mes,Script/dom2Mature_S06.mes,2,5,UNKNOWN_42,こっちだ,여기다,여기다
dom2Mature_S06.mes,Script/dom2Mature_S06.mes,3,23,주인공,バイスさんじゃないですか.<6E5C>どうしたんです?,바이스 씨 아니세요.<6E5C>무슨 일이세요?,바이스 씨 아니세요.<6E5C>무슨 일이세요?
dom2Mature_S06.mes,Script/dom2Mature_S06.mes,4,22,UNKNOWN_42,少し手伝ってほしいんだが、<6E5C>時間はあるか?,"좀 도와줬으면 하는데,<6E5C>시간 있나?","좀 도와줬으면 하는데,<6E5C>시간 있나?"
dom2Mature_S06.mes,Script/dom2Mature_S06.mes,5,9,주인공,え、な、ないです,"어, 어 없어요","어, 어 없어요"
dom2Mature_S06.mes,Script/dom2Mature_S06.mes,6,7,UNKNOWN_42,よし、行くぞ,"좋아, 가자","좋아, 가자"
dom2Mature_S06.mes,Script/dom2Mature_S06.mes,7,14,주인공,え?え?ないんですけど……,네? 네? 없다니까요……,네? 네? 없다니까요……
dom2Mature_S06.mes,Script/dom2Mature_S06.mes,8,28,UNKNOWN_42,たしか、お前のゼミの成績、<6E5C>マチュアがつけるんだったな,"확실히, 네 세미나 성적은<6E5C>마츄어가 매기는 거였지","확실히, 네 세미나 성적은<6E5C>마츄어가 매기는 거였지"
dom2Mature_S06.mes,Script/dom2Mature_S06.mes,9,12,주인공,きょ、脅迫ですか……!,"협, 협박인가요……!","협, 협박인가요……!"
dom2Mature_S06.mes,Script/dom2Mature_S06.mes,10,10,UNKNOWN_42,フ……かわいい奴だ,"훗, 귀여운 녀석","훗, 귀여운 녀석"
dom2Mature_S06.mes,Script/dom2Mature_S06.mes,11,11,UNKNOWN_42,頼むよ、手伝ってくれ,"부탁한다, 도와줘","부탁한다, 도와줘"
dom2Mature_S06.mes,Script/dom2Mature_S06.mes,12,22,주인공,(う……殊勝な態度に出られると<6E5C>よわいな),(윽…… 저렇게 나오면<6E5C>약해지는데),(윽…… 저렇게 나오면<6E5C>약해지는데)
dom2Mature_S06.mes,Script/dom2Mature_S06.mes,13,23,주인공,わかりました.なにを手伝えば<6E5C>いいんですか?,알겠어요. 뭘 도와드리면<6E5C>되나요?,알겠어요. 뭘 도와드리면<6E5C>되나요?
dom2Mature_S06.mes,Script/dom2Mature_S06.mes,14,23,UNKNOWN_42,すまんな.マチュアにはちゃんと<6E5C>報告しとくよ,미안하군. 마츄어한테는 제대로<6E5C>보고해두마,미안하군. 마츄어한테는 제대로<6E5C>보고해두마
dom2Mature_S06.mes,Script/dom2Mature_S06.mes,15,34,UNKNOWN_42,手伝ってほしいのは買い物だ.<6E5C>私ひとりで買うのは<6E5C>恥ずかしいんでな,도와줬으면 하는 건 쇼핑이다.<6E5C>혼자사는 건<6E5C>부끄러워서 말이지,도와줬으면 하는 건 쇼핑이다.<6E5C>혼자사는 건<6E5C>부끄러워서 말이지
dom2Mature_S06.mes,Script/dom2Mature_S06.mes,16,32,주인공,(な、なにを買うつもりだろ……<6E5C>ついてってだいじょうぶかなぁ),"(뭐, 뭘 사려는 거지……<6E5C>따라가도 괜찮으려나)","(뭐, 뭘 사려는 거지……<6E5C>따라가도 괜찮으려나)"
dom2Mature_S06.mes,Script/dom2Mature_S06.mes,17,14,주인공,(あ、秘書ズのふたり……),"(아, 비서 콤비다……)","(아, 비서 콤비다……)"
dom2Mature_S06.mes,Script/dom2Mature_S06.mes,18,12,Mature,あら、<이름:3131>君.ひとり?,어머 <이름:3131>군 혼자야?,어머 <이름:3131>군 혼자야?
dom2Mature_S06.mes,Script/dom2Mature_S06.mes,19,21,주인공,はい.おふたりは、<6E5C>いつも仲がいいですね,네. 두 분은<6E5C>항상 사이가 좋으시네요,네. 두 분은<6E5C>항상 사이가 좋으시네요
dom2Mature_S06.mes,Script/dom2Mature_S06.mes,20,8,UNKNOWN_42,そう見えるか?,그렇게보이나?,그렇게보이나?
dom2Mature_S06.mes,Script/dom2Mature_S06.mes,21,21,주인공,ええ.いつもいっしょにいる<6E5C>イメージだし,네. 항상 같이 있는<6E5C>이미지고요,네. 항상 같이 있는<6E5C>이미지고요
dom2Mature_S06.mes,Script/dom2Mature_S06.mes,22,24,Mature,そうかもしれないわね.<6E5C>もう家族みたいなものよ,그럴지도 모르겠네.<6E5C>이제 가족 같은 거야,그럴지도 모르겠네.<6E5C>이제 가족 같은 거야
dom2Mature_S06.mes,Script/dom2Mature_S06.mes,23,3,UNKNOWN_42,フッ,훗,훗
dom2Mature_S06.mes,Script/dom2Mature_S06.mes,24,6,UNKNOWN_42,たしかにな,확실하군,확실하군
dom2Mature_S06.mes,Script/dom2Mature_S06.mes,25,26,주인공,いいですね、家族だって<6E5C>言い合えるような友だちって,"좋네요, 가족이라고<6E5C>말할 수 있는 친구라는 거","좋네요, 가족이라고<6E5C>말할 수 있는 친구라는 거"
dom2Mature_S06.mes,Script/dom2Mature_S06.mes,26,14,Mature,あなたにはいないのかしら?,너한테는 없는 거니?,너한테는 없는 거니?
dom2Mature_S06.mes,Script/dom2Mature_S06.mes,27,12,주인공,う~ん……いないですね,으음…… 없네요,으음…… 없네요
dom2Mature_S06.mes,Script/dom2Mature_S06.mes,28,14,Mature,被女ならいっぱいいるのに?,여자친구는 잔뜩있으면서?,여자친구는 잔뜩있으면서?
dom2Mature_S06.mes,Script/dom2Mature_S06.mes,29,13,주인공,な、なに言ってるんですか,"무, 무슨 말씀이세요","무, 무슨 말씀이세요"
dom2Mature_S06.mes,Script/dom2Mature_S06.mes,30,19,UNKNOWN_42,女といるところしか<6E5C>見たことがないぞ,여자랑 있는것밖에<6E5C>본 적이 없다만,여자랑 있는것밖에<6E5C>본 적이 없다만
dom2Mature_S06.mes,Script/dom2Mature_S06.mes,31,21,Mature,そうよねぇ.<6E5C>お姉さん、少し妨けちゃうわ,"그렇지.<6E5C>언니, 살짝 질투 나네","그렇지.<6E5C>언니, 살짝 질투 나네"
dom2Mature_S06.mes,Script/dom2Mature_S06.mes,32,15,주인공,か、からかわないでください!,"노, 놀리지 마세요!","노, 놀리지 마세요!"
dom2Mature_S06.mes,Script/dom2Mature_S06.mes,33,13,Mature,可愛いわね、あいかわらず,"귀엽네, 여전히","귀엽네, 여전히"
dom2Mature_S06.mes,Script/dom2Mature_S06.mes,34,9,UNKNOWN_42,フ……まったくだ,훗 정말 그렇군,훗 정말 그렇군
dom2Mature_S06.mes,Script/dom2Mature_S06.mes,35,5,주인공,(……),(……),(……)
dom2Mature_S06.mes,Script/dom2Mature_S06.mes,36,15,UNKNOWN_1e,どうしたのかしら、暗い顔して,무슨 일이니 어두운 얼굴로,무슨 일이니 어두운 얼굴로
dom2Mature_S06.mes,Script/dom2Mature_S06.mes,37,12,주인공,マ、マチュアさん……!,"마, 마츄어 씨……!","마, 마츄어 씨……!"
dom2Mature_S06.mes,Script/dom2Mature_S06.mes,38,38,Mature,……ほんとに暗い顔してるわね.<6E5C>どうしたの?<6E5C>お姉さんに言ってごらんなさい,……정말 어두운 얼굴을 하고 있네.<6E5C>무슨 일이야?<6E5C>언니한테 말해보렴,……정말 어두운 얼굴을 하고 있네.<6E5C>무슨 일이야?<6E5C>언니한테 말해보렴
dom2Mature_S06.mes,Script/dom2Mature_S06.mes,39,21,주인공,いや、ちょっと変な噂を<6E5C>閉いたんです……,아뇨 좀 이상한 소문을<6E5C>들었거든요……,아뇨 좀 이상한 소문을<6E5C>들었거든요……
dom2Mature_S06.mes,Script/dom2Mature_S06.mes,40,3,Mature,噂?,소문,소문
dom2Mature_S06.mes,Script/dom2Mature_S06.mes,41,31,주인공,はい.……マチュアさんが、<6E5C>悪事に手を染めてるらしい……って,네.……마츄어 씨가<6E5C>나쁜 짓을 하고 있다는……,네.……마츄어 씨가<6E5C>나쁜 짓을 하고 있다는……
dom2Mature_S06.mes,Script/dom2Mature_S06.mes,42,13,주인공,いや、あくまで噂ですよ!,그냥 소문일 뿐이에요!,그냥 소문일 뿐이에요!
dom2Mature_S06.mes,Script/dom2Mature_S06.mes,43,5,Mature,それで?,그래서?,그래서?
dom2Mature_S06.mes,Script/dom2Mature_S06.mes,44,3,주인공,え?,네?,네?
dom2Mature_S06.mes,Script/dom2Mature_S06.mes,45,36,Mature,それで、あなたはそれを<6E5C>閉いてどう思ったの?<6E5C>私なら、さもありなんと?,"그래서, 그걸 듣고<6E5C>어떻게 생각했어?<6E5C>나라면 그럴 만하다고?","그래서, 그걸 듣고<6E5C>어떻게 생각했어?<6E5C>나라면 그럴 만하다고?"
dom2Mature_S06.mes,Script/dom2Mature_S06.mes,46,27,주인공,い、いえ!<6E5C>僕は絶対にそんなわけないと<6E5C>思ってます!,"아, 아뇨!<6E5C>전 절대 그럴 리 없다고<6E5C>생각해요!","아, 아뇨!<6E5C>전 절대 그럴 리 없다고<6E5C>생각해요!"
dom2Mature_S06.mes,Script/dom2Mature_S06.mes,47,13,Mature,なら、それでいいじゃない,그럼 그걸로 됐잖아,그럼 그걸로 됐잖아
dom2Mature_S06.mes,Script/dom2Mature_S06.mes,48,6,주인공,あ……はい,아……네,아……네
dom2Mature_S06.mes,Script/dom2Mature_S06.mes,49,7,Mature,フフ、素直ね,솔직하네,솔직하네
dom2Mature_S06.mes,Script/dom2Mature_S06.mes,50,6,Mature,いいこと?,잘 들어,잘 들어
dom2Mature_S06.mes,Script/dom2Mature_S06.mes,51,44,Mature,誰かの言うことを無視しろとは<6E5C>言わない.だけど、その真偽は<6E5C>きちんと自分で判断しなさい,누군가의 말을 무시하라고는<6E5C>안 해. 하지만 그 진위는<6E5C>제대로 스스로 판단해,누군가의 말을 무시하라고는<6E5C>안 해. 하지만 그 진위는<6E5C>제대로 스스로 판단해
dom2Mature_S06.mes,Script/dom2Mature_S06.mes,52,20,Mature,じゃないと、<6E5C>素敵な男にはなれないわよ,안 그러면<6E5C>멋진 남자는 될 수 없어,안 그러면<6E5C>멋진 남자는 될 수 없어
dom2Mature_S06.mes,Script/dom2Mature_S06.mes,53,6,주인공,は、はい!,"네, 넵!","네, 넵!"
dom2Mature_S06.mes,Script/dom2Mature_S06.mes,54,30,주인공,(……そうだな.噂に振り回される<6E5C>なんて、かっこ悪いよな),(……그렇지. 소문에 휘둘리는 건<6E5C>멋없지),(……그렇지. 소문에 휘둘리는 건<6E5C>멋없지)
dom2Mature_X01.mes,Script/dom2Mature_X01.mes,0,8,주인공,ん……もう朝か,벌써 아침인가,벌써 아침인가
dom2Mature_X01.mes,Script/dom2Mature_X01.mes,1,19,주인공,(レポート提出しに行かなくちゃな<6E5C>),(리포트 제출하러 가야겠다<6E5C>),(리포트 제출하러 가야겠다<6E5C>)
dom2Mature_X01.mes,Script/dom2Mature_X01.mes,2,23,주인공,(さすがに夏休みはあんまり学生も<6E5C>いないな),(역시 여름방학이라 학생이<6E5C>별로 없네),(역시 여름방학이라 학생이<6E5C>별로 없네)
dom2Mature_X01.mes,Script/dom2Mature_X01.mes,3,6,UNKNOWN_1e,<이름:3232>さん!,<이름:3232>씨!,<이름:3232>씨!
dom2Mature_X01.mes,Script/dom2Mature_X01.mes,4,11,주인공,あ、フィオ.おはよう,"피오, 좋은 아침","피오, 좋은 아침"
dom2Mature_X01.mes,Script/dom2Mature_X01.mes,5,28,Fio,おはようございます!<이름:3232>さんも<6E5C>レポートの提出ですか?,좋은 아침이에요!<이름:3232>씨도<6E5C>리포트 제출하러 왔어요?,좋은 아침이에요!<이름:3232>씨도<6E5C>리포트 제출하러 왔어요?
dom2Mature_X01.mes,Script/dom2Mature_X01.mes,6,38,주인공,うん.結局、マチュアさんが<6E5C>採点するんだよな.<6E5C>どうなるか心配で仕方ないよ,응. 결국 마츄어 씨가<6E5C>채점하는 거잖아.<6E5C>어떻게 될지 걱정돼 죽겠어,응. 결국 마츄어 씨가<6E5C>채점하는 거잖아.<6E5C>어떻게 될지 걱정돼 죽겠어
dom2Mature_X01.mes,Script/dom2Mature_X01.mes,7,50,Fio,だいじょうぶです!<485C><이름:3232>さんと雫さんとフィオさんで<6E5C>調べたレポートは、<6E5C>一分のスキもないですから!,"괜찮아요!<485C><이름:3232>씨랑 시즈쿠 씨랑 피오가<6E5C>같이 조사한 리포트는,<6E5C>빈틈이 하나도 없으니까요!","괜찮아요!<485C><이름:3232>씨랑 시즈쿠 씨랑 피오가<6E5C>같이 조사한 리포트는,<6E5C>빈틈이 하나도 없으니까요!"
dom2Mature_X01.mes,Script/dom2Mature_X01.mes,8,10,주인공,だといいんだけどさ,그럼 좋겠는데,그럼 좋겠는데
dom2Mature_X01.mes,Script/dom2Mature_X01.mes,9,10,Fio,さ、行きましょう!,"자, 가요!","자, 가요!"
dom2Mature_X01.mes,Script/dom2Mature_X01.mes,10,12,Fio,あ……マチュアさんです,아……마츄어 씨예요,아……마츄어 씨예요
dom2Mature_X01.mes,Script/dom2Mature_X01.mes,11,9,주인공,ほ、ほんとだ……,"저, 진짜네……","저, 진짜네……"
dom2Mature_X01.mes,Script/dom2Mature_X01.mes,12,32,Mature,この程度のレポートで、よく私の<6E5C>前に持ってくる気になれたわね!,"이 정도 리포트를, 용케 내<6E5C>앞에 가져올 생각을 했네!","이 정도 리포트를, 용케 내<6E5C>앞에 가져올 생각을 했네!"
dom2Mature_X01.mes,Script/dom2Mature_X01.mes,13,22,Mature,もはや寛容になるのは無理ね!<6E5C>散りなさい!,더이상 너그러워질 수 없어!<6E5C>흩어지렴!,더이상 너그러워질 수 없어!<6E5C>흩어지렴!
dom2Mature_X01.mes,Script/dom2Mature_X01.mes,14,10,[효과음/내레이션],ビリビリビリッ!!,찌이이익!!,찌이이익!!
dom2Mature_X01.mes,Script/dom2Mature_X01.mes,15,27,UNKNOWN_4a,あぁ!拙者が3ヶ月、丹精込めて<6E5C>仕上げたレポートが!,아아! 소인이 3개월<6E5C>정성들여 완성한 리포트가!,아아! 소인이 3개월<6E5C>정성들여 완성한 리포트가!
dom2Mature_X01.mes,Script/dom2Mature_X01.mes,16,13,주인공,(うわ~気の毒だな……),(우와~ 안됐다……),(우와~ 안됐다……)
dom2Mature_X01.mes,Script/dom2Mature_X01.mes,17,11,Mature,あら、<이름:3131>君じゃない,"어머, <이름:3131>군이잖아","어머, <이름:3131>군이잖아"
dom2Mature_X01.mes,Script/dom2Mature_X01.mes,18,26,Mature,さぁいらっしゃい.<6E5C>お姉さんがばっちり見てあげるわ,자 이리 와.<6E5C>언니가 제대로 봐 줄게,자 이리 와.<6E5C>언니가 제대로 봐 줄게
dom2Mature_X01.mes,Script/dom2Mature_X01.mes,19,11,주인공,お、お手柔らかに……,"사, 살살요……","사, 살살요……"
dom2Mature_X01.mes,Script/dom2Mature_X01.mes,20,5,Mature,……へぇ,……호오,……호오
dom2Mature_X01.mes,Script/dom2Mature_X01.mes,21,10,주인공,(お、いい反応?),(반응 좋은데?),(반응 좋은데?)
dom2Mature_X01.mes,Script/dom2Mature_X01.mes,22,5,Mature,ほぉ……,허어……,허어……
dom2Mature_X01.mes,Script/dom2Mature_X01.mes,23,16,주인공,(うん、なかなかの手ごたえ!),"(응, 꽤 반응이 좋아!)","(응, 꽤 반응이 좋아!)"
dom2Mature_X01.mes,Script/dom2Mature_X01.mes,24,6,Mature,フフフ……,후후후……,후후후……
dom2Mature_X01.mes,Script/dom2Mature_X01.mes,25,26,주인공,(ん?笑いの要素はなかった<6E5C>気がするんだけど……),(응? 웃을 만한 부분은<6E5C>없었던 것같은데……),(응? 웃을 만한 부분은<6E5C>없었던 것같은데……)
dom2Mature_X01.mes,Script/dom2Mature_X01.mes,26,9,Mature,アッハッハッハ!,아하하하하!,아하하하하!
dom2Mature_X01.mes,Script/dom2Mature_X01.mes,27,16,주인공,(な、なんだ!爆笑してる!?),"(뭐, 뭐야! 폭소해!?)","(뭐, 뭐야! 폭소해!?)"
dom2Mature_X01.mes,Script/dom2Mature_X01.mes,28,10,[효과음/내레이션],ビリビリビリッ!!,찌이이익!!,찌이이익!!
dom2Mature_X01.mes,Script/dom2Mature_X01.mes,29,11,주인공,あ、あぁぁぁぁぁ!!,"아, 아아아아악!!","아, 아아아아악!!"
dom2Mature_X01.mes,Script/dom2Mature_X01.mes,30,21,주인공,(な、なんの感想もなく<6E5C>破るなんて!!),(아무 감상도 없이<6E5C>찢어버리다니!!),(아무 감상도 없이<6E5C>찢어버리다니!!)
dom2Mature_X01.mes,Script/dom2Mature_X01.mes,31,6,Mature,<이름:3131><이름:3232>!,<이름:3131><이름:3232>!,<이름:3131><이름:3232>!
dom2Mature_X01.mes,Script/dom2Mature_X01.mes,32,6,주인공,は、はい!,"네, 넵!","네, 넵!"
dom2Mature_X01.mes,Script/dom2Mature_X01.mes,33,15,Mature,ちょっといっしょに来なさい!,잠깐 같이 좀 와!,잠깐 같이 좀 와!
dom2Mature_X01.mes,Script/dom2Mature_X01.mes,34,7,Fio,<이름:3232>さん……,<이름:3232>씨……,<이름:3232>씨……
dom2Mature_X01.mes,Script/dom2Mature_X01.mes,35,33,주인공,な、なんだと思う、フィオ?<6E5C>もしかして、殺されちゃうのかな!<6E5C>?,"무, 무슨 일일 것 같아, 피오?<6E5C>혹시 나 죽는 건가!<6E5C>?","무, 무슨 일일 것 같아, 피오?<6E5C>혹시 나 죽는 건가!<6E5C>?"
dom2Mature_X01.mes,Script/dom2Mature_X01.mes,36,14,Fio,<이름:3232>さん……ご愁傷さまです,<이름:3232>씨…… 명복을 빕니다,<이름:3232>씨…… 명복을 빕니다
dom2Mature_X01.mes,Script/dom2Mature_X01.mes,37,23,주인공,ちょ、ちょっと!<6E5C>手を合わせるのはやめろよ!,"자, 잠깐!<6E5C>합장하지 좀 마!","자, 잠깐!<6E5C>합장하지 좀 마!"
dom2Mature_X01.mes,Script/dom2Mature_X01.mes,38,28,주인공,(や、やばい……なんだか<6E5C>わかんないけど、怒ってるよ),"(위, 위험해……왠지<6E5C>모르겠지만, 화났어)","(위, 위험해……왠지<6E5C>모르겠지만, 화났어)"
dom2Mature_X01.mes,Script/dom2Mature_X01.mes,39,6,Mature,<이름:3131>君……,<이름:3131>군……,<이름:3131>군……
dom2Mature_X01.mes,Script/dom2Mature_X01.mes,40,6,주인공,は、はい!,"네, 넵!","네, 넵!"
dom2Mature_X01.mes,Script/dom2Mature_X01.mes,41,4,Mature,合格よ,합격!,합격!
dom2Mature_X01.mes,Script/dom2Mature_X01.mes,42,7,주인공,へ?えぇ!?,네? 예!?,네? 예!?
dom2Mature_X01.mes,Script/dom2Mature_X01.mes,43,12,Mature,見事なレポートだったわ,훌륭한 리포트였어,훌륭한 리포트였어
dom2Mature_X01.mes,Script/dom2Mature_X01.mes,44,22,주인공,えぇ~!じゃあどうして<6E5C>破ったんですか!!,예에~! 그럼 왜<6E5C>찢으신 거예요!!,예에~! 그럼 왜<6E5C>찢으신 거예요!!
dom2Mature_X01.mes,Script/dom2Mature_X01.mes,45,10,Mature,ノリよ.あと、クセ,노리야. 버릇이고,노리야. 버릇이고
dom2Mature_X01.mes,Script/dom2Mature_X01.mes,46,36,주인공,そ、そんなバカな……これで僕は<6E5C>進級できなくなるんじゃ<6E5C>ないんですか?,"그, 그런 말도 안 되는……이럼 저<6E5C>진급 못 하는 거<6E5C>아니에요?","그, 그런 말도 안 되는……이럼 저<6E5C>진급 못 하는 거<6E5C>아니에요?"
dom2Mature_X01.mes,Script/dom2Mature_X01.mes,47,34,Mature,フフ、心配しなくても<6E5C>だいじょうぶよ.<6E5C>採点をするのは私なんだから,"후후, 걱정 안 해도<6E5C>괜찮아.<6E5C>채점하는 건 나니까","후후, 걱정 안 해도<6E5C>괜찮아.<6E5C>채점하는 건 나니까"
dom2Mature_X01.mes,Script/dom2Mature_X01.mes,48,21,주인공,え、それじゃ、<6E5C>僕は進級できるんですか?,네 그럼<6E5C>저 진급할 수 있는 거예요?,네 그럼<6E5C>저 진급할 수 있는 거예요?
dom2Mature_X01.mes,Script/dom2Mature_X01.mes,49,33,Mature,そうね……私の言うことを閉いて<6E5C>くれれば、考えてあげてもいいわよ,"글쎄……내 말을 들어<6E5C>준다면, 생각해 줄 수도 있지","글쎄……내 말을 들어<6E5C>준다면, 생각해 줄 수도 있지"
dom2Mature_X01.mes,Script/dom2Mature_X01.mes,50,13,[선택지],そんな理不尽なわかりました,그런 억지\알겠습니다,그런 억지\알겠습니다
dom2Mature_X01.mes,Script/dom2Mature_X01.mes,51,22,주인공,そ、そんな理不尽な……<6E5C>脅迫じゃないですか,"그, 그런 말도 안되는……<6E5C>협박이잖아요","그, 그런 말도 안되는……<6E5C>협박이잖아요"
dom2Mature_X01.mes,Script/dom2Mature_X01.mes,52,15,Mature,嫌だとでも言うつもりかしら?,싫다고 말할 생각이려나?,싫다고 말할 생각이려나?
dom2Mature_X01.mes,Script/dom2Mature_X01.mes,53,33,주인공,と、とんでもございません!<6E5C>喜んでお手伝いさせて<6E5C>いただきます!,"처, 천만의 말씀입니다!<6E5C>기꺼이 도와드리<6E5C>겠습니다!","처, 천만의 말씀입니다!<6E5C>기꺼이 도와드리<6E5C>겠습니다!"
dom2Mature_X01.mes,Script/dom2Mature_X01.mes,54,9,주인공,(うぅ……怖い),(윽……무서워),(윽……무서워)
dom2Mature_X01.mes,Script/dom2Mature_X01.mes,55,63,주인공,わかりました……どうせ断っても<6E5C>無理やり手伝わされるんだし、<485C>だったらちゃんと手伝いますから、<6E5C>きちんと進級させてくださいよ,"알겠어요……어차피 거절해도<6E5C>억지로 돕게 될 테니,<485C>그럴 거면 제대로 도울 테니까,<6E5C>확실하게 진급시켜 주세요","알겠어요……어차피 거절해도<6E5C>억지로 돕게 될 테니,<485C>그럴 거면 제대로 도울 테니까,<6E5C>확실하게 진급시켜 주세요"
dom2Mature_X01.mes,Script/dom2Mature_X01.mes,56,12,Mature,フフ……任せときなさい,후후……맡겨 두렴,후후……맡겨 두렴
dom2Mature_X01.mes,Script/dom2Mature_X01.mes,57,15,주인공,それで、お願いっていうのは?,"그래서, 부탁이라는 게?","그래서, 부탁이라는 게?"
dom2Mature_X01.mes,Script/dom2Mature_X01.mes,58,13,Mature,ここからは、真面目な話よ,여기부턴 진지한 얘기야,여기부턴 진지한 얘기야
dom2Mature_X01.mes,Script/dom2Mature_X01.mes,59,7,주인공,は、はい……,"네, 네……","네, 네……"
dom2Mature_X01.mes,Script/dom2Mature_X01.mes,60,21,주인공,(や、やっぱり今までは<6E5C>遊んでたんだ!),"(역, 역시 지금까진<6E5C>놀린 거였어!)","(역, 역시 지금까진<6E5C>놀린 거였어!)"
dom2Mature_X01.mes,Script/dom2Mature_X01.mes,61,27,Mature,手伝ってほしいのは、<6E5C>この学校の存続に関わることなの,"도와줬으면 하는 건,<6E5C>학교 존속에 관한 일이야","도와줬으면 하는 건,<6E5C>학교 존속에 관한 일이야"
dom2Mature_X01.mes,Script/dom2Mature_X01.mes,62,26,주인공,ま、またえらくとんでもないとこに<6E5C>話が飛びましたね,"또, 또 엄청 뜬금없는 데로<6E5C>얘기가 튀었네요","또, 또 엄청 뜬금없는 데로<6E5C>얘기가 튀었네요"
dom2Mature_X01.mes,Script/dom2Mature_X01.mes,63,15,Mature,真剣な話よ.閉く勇気がある?,진지한 얘기야. 용기있어?,진지한 얘기야. 용기있어?
dom2Mature_X01.mes,Script/dom2Mature_X01.mes,64,5,주인공,は、はい,"네, 네","네, 네"
dom2Mature_X01.mes,Script/dom2Mature_X01.mes,65,30,Mature,よろしい.それじゃ、今日の夜に<6E5C>NESTSに来てちょうだい,"좋아. 그럼, 오늘 밤에<6E5C>NESTS로 와 줘","좋아. 그럼, 오늘 밤에<6E5C>NESTS로 와 줘"
dom2Mature_X01.mes,Script/dom2Mature_X01.mes,66,20,Mature,そこで、バイスといっしょに<6E5C>説明するわ,"거기서, 바이스랑 같이<6E5C>설명할게","거기서, 바이스랑 같이<6E5C>설명할게"
dom2Mature_X01.mes,Script/dom2Mature_X01.mes,67,7,주인공,わかりました,알겠습니다,알겠습니다
dom2Mature_X01.mes,Script/dom2Mature_X01.mes,68,6,Mature,頼んだわよ,부탁했어,부탁했어
dom2Mature_X01.mes,Script/dom2Mature_X01.mes,69,27,주인공,(……マチュアさん、<6E5C>いつになく真面目な顔してたな),(……마츄어 씨<6E5C>평소와 달리 진지한 얼굴이었어),(……마츄어 씨<6E5C>평소와 달리 진지한 얼굴이었어)
dom2Mature_X01.mes,Script/dom2Mature_X01.mes,70,22,주인공,(学校の存続に関わるって……<6E5C>なんだろ?),(학교 존속에 관한 거라니……<6E5C>뭘까?),(학교 존속에 관한 거라니……<6E5C>뭘까?)
dom2Mature_X01.mes,Script/dom2Mature_X01.mes,71,4,UNKNOWN_1e,<이름:3131>君,<이름:3131>군,<이름:3131>군
dom2Mature_X01.mes,Script/dom2Mature_X01.mes,72,51,주인공,あ、マリーさん<485C>どうしたんですか、マリーさんから<6E5C>声をかけてくれるなんて、<6E5C>めずらしいじゃないですか,"아, 마리 씨<485C>무슨 일이에요, 마리 씨가 먼저<6E5C>말을 걸어주다니,<6E5C>신기하네요","아, 마리 씨<485C>무슨 일이에요, 마리 씨가 먼저<6E5C>말을 걸어주다니,<6E5C>신기하네요"
dom2Mature_X01.mes,Script/dom2Mature_X01.mes,73,14,Mary,そんなことはどうでもいいわ,그런건 아무래도 상관없어,그런건 아무래도 상관없어
dom2Mature_X01.mes,Script/dom2Mature_X01.mes,74,9,주인공,う……すみません,으……죄송해요,으……죄송해요
dom2Mature_X01.mes,Script/dom2Mature_X01.mes,75,4,[마리의 개],ワゥ~,왈~,왈~
dom2Mature_X01.mes,Script/dom2Mature_X01.mes,76,24,주인공,おぉ、アントン、慰めてくれるのか<6E5C>?ありがとう,"오오, 안톤, 위로해 주는 거야<6E5C>? 고마워","오오, 안톤, 위로해 주는 거야<6E5C>? 고마워"
dom2Mature_X01.mes,Script/dom2Mature_X01.mes,77,40,Mary,少し閉きたいんだけど、<6E5C>ここのところ、大学のほうで<6E5C>なにか変わったことはない?,"잠깐 물어보고 싶은데,<6E5C>요즘 대학 쪽에서<6E5C>뭔가 달라진 거 없어?","잠깐 물어보고 싶은데,<6E5C>요즘 대학 쪽에서<6E5C>뭔가 달라진 거 없어?"
dom2Mature_X01.mes,Script/dom2Mature_X01.mes,78,27,주인공,変わったこと……いや、<6E5C>特には思い当たらないですけど,"달라진 거……글쎄요,<6E5C>딱히 떠오르는 건 없는데요","달라진 거……글쎄요,<6E5C>딱히 떠오르는 건 없는데요"
dom2Mature_X01.mes,Script/dom2Mature_X01.mes,79,29,Mary,学長やその秘書たちに、なにか<6E5C>いつもと違った動きはない?,학장이나 비서들한테 뭔가<6E5C>평소랑 다른 움직임 없어?,학장이나 비서들한테 뭔가<6E5C>평소랑 다른 움직임 없어?
dom2Mature_X01.mes,Script/dom2Mature_X01.mes,80,57,주인공,学長と……秘書ズですか?<485C>学長はあのふたりのおもちゃに<6E5C>されてますけど、それだけですね.<6E5C>特に変わったことは……,학장이랑……비서분들이요?<485C>학장은 그 두 사람 장난감<6E5C>취급 당하는 것만 빼면요.<6E5C>딱히 달라진 건……,학장이랑……비서분들이요?<485C>학장은 그 두 사람 장난감<6E5C>취급 당하는 것만 빼면요.<6E5C>딱히 달라진 건……
dom2Mature_X01.mes,Script/dom2Mature_X01.mes,81,17,Mary,そう.それならいいわ.ありがとう,그래. 그럼 됐어. 고마워,그래. 그럼 됐어. 고마워
dom2Mature_X01.mes,Script/dom2Mature_X01.mes,82,32,주인공,あ、ちょっと待ってください!<6E5C>うちの学校でなにかあるんですか?,"아, 잠깐만요!<6E5C>우리 학교에 무슨 일 있어요?","아, 잠깐만요!<6E5C>우리 학교에 무슨 일 있어요?"
dom2Mature_X01.mes,Script/dom2Mature_X01.mes,83,19,Mary,いえ、なんでもないわ.<6E5C>気にしないで,아무것도 아냐.<6E5C>신경 쓰지 마,아무것도 아냐.<6E5C>신경 쓰지 마
dom2Mature_X01.mes,Script/dom2Mature_X01.mes,84,36,주인공,(気にしないでって……<6E5C>一番気になる言い方で終わらないで<6E5C>ほしいなぁ),(신경쓰지 말라니……<6E5C>제일 신경 쓰이는 말투로<6E5C>끝내지 말았으면),(신경쓰지 말라니……<6E5C>제일 신경 쓰이는 말투로<6E5C>끝내지 말았으면)
dom2Mature_X01.mes,Script/dom2Mature_X01.mes,85,33,주인공,(夜までまだ時間があるし、<6E5C>ゲームでもして時間をつぶすか……<6E5C>),"(밤까지 아직 시간 있으니,<6E5C>게임이나 하면서 때울까……<6E5C>)","(밤까지 아직 시간 있으니,<6E5C>게임이나 하면서 때울까……<6E5C>)"
dom2Mature_X01.mes,Script/dom2Mature_X01.mes,86,7,UNKNOWN_1e,お兄ちゃん?,오빠?,오빠?
dom2Mature_X01.mes,Script/dom2Mature_X01.mes,87,8,UNKNOWN_1e,あ、<이름:3232>クンだ,아 <이름:3232>군이다,아 <이름:3232>군이다
dom2Mature_X01.mes,Script/dom2Mature_X01.mes,88,20,주인공,あ、ほたるとキサラ.<6E5C>なにしてるんだ?,"아, 호타루랑 키사라.<6E5C>뭐 해?","아, 호타루랑 키사라.<6E5C>뭐 해?"
dom2Mature_X01.mes,Script/dom2Mature_X01.mes,89,39,Kisarah,それはこっちのセリフだよ.<6E5C>いい年して、ひとりでゲームなんて<6E5C>、さみしいネェ,"그건 이쪽 대사거든.<6E5C>다 큰 나이에, 혼자 게임이라니<6E5C>, 외롭네~","그건 이쪽 대사거든.<6E5C>다 큰 나이에, 혼자 게임이라니<6E5C>, 외롭네~"
dom2Mature_X01.mes,Script/dom2Mature_X01.mes,90,33,주인공,う、うるさいな!このあと予定が<6E5C>あるから、時間を潰してるだけだよ,"시, 시끄러워!이따 약속이<6E5C>있어서, 시간 때우는 것뿐이야","시, 시끄러워!이따 약속이<6E5C>있어서, 시간 때우는 것뿐이야"
dom2Mature_X01.mes,Script/dom2Mature_X01.mes,91,23,Hotaru,予定?それじゃ今日はお兄ちゃん<6E5C>帰り遅いの?,약속? 그럼 오늘 오빠<6E5C>늦게 들어와?,약속? 그럼 오늘 오빠<6E5C>늦게 들어와?
dom2Mature_X01.mes,Script/dom2Mature_X01.mes,92,30,주인공,ああ、たぶんな.まぁほたる、<6E5C>寂しい気持ちはわかるけど……,"아, 아마도.뭐 호타루,<6E5C>서운한 마음은 알겠지만……","아, 아마도.뭐 호타루,<6E5C>서운한 마음은 알겠지만……"
dom2Mature_X01.mes,Script/dom2Mature_X01.mes,93,26,Hotaru,わーい!じゃあ今日は時間を<6E5C>気にしないで遊べるね!,와아! 오늘은 시간<6E5C>신경 안 쓰고 놀겠다!,와아! 오늘은 시간<6E5C>신경 안 쓰고 놀겠다!
dom2Mature_X01.mes,Script/dom2Mature_X01.mes,94,25,Kisarah,ホントだね.ボクも今日はいっぱい<6E5C>遊んじゃおう!,진짜네.나도 오늘은 실컷<6E5C>놀아버려야지!,진짜네.나도 오늘은 실컷<6E5C>놀아버려야지!
dom2Mature_X01.mes,Script/dom2Mature_X01.mes,95,22,주인공,……はいはい.<6E5C>どうせ僕なんていなくてもね,……네네.<6E5C>어차피 나 없어도 되겠지,……네네.<6E5C>어차피 나 없어도 되겠지
dom2Mature_X01.mes,Script/dom2Mature_X01.mes,96,22,Kisarah,アレ、<이름:3232>クンひょっとして<6E5C>寂しいのかな?,"어라, <이름:3232>군 혹시<6E5C>서운한 거야?","어라, <이름:3232>군 혹시<6E5C>서운한 거야?"
dom2Mature_X01.mes,Script/dom2Mature_X01.mes,97,8,Hotaru,寂しいのかな?,서운한 거야?,서운한 거야?
dom2Mature_X01.mes,Script/dom2Mature_X01.mes,98,13,Kisarah,仲間に入れてあげようか?,우리 무리에 껴 줄까?,우리 무리에 껴 줄까?
dom2Mature_X01.mes,Script/dom2Mature_X01.mes,99,7,Hotaru,あげようか?,껴 줄까?,껴 줄까?
dom2Mature_X01.mes,Script/dom2Mature_X01.mes,100,45,주인공,大きなお世話だよ!じゃあ僕は<6E5C>そろそろ行くけど、ほたる、<6E5C>あんまり遅くなるんじゃないぞ!,"쓸데없는 참견이야!그럼 난<6E5C>슬슬 가볼 테니, 호타루,<6E5C>너무 늦게 다니지 마!","쓸데없는 참견이야!그럼 난<6E5C>슬슬 가볼 테니, 호타루,<6E5C>너무 늦게 다니지 마!"
dom2Mature_X01.mes,Script/dom2Mature_X01.mes,101,15,Hotaru,はーい!キサラちゃん、行こ!,"네~! 키사라, 가자!","네~! 키사라, 가자!"
dom2Mature_X01.mes,Script/dom2Mature_X01.mes,102,13,Kisarah,ウン!バーイ、<이름:3232>クン!,응! 바이바이 <이름:3232>군!,응! 바이바이 <이름:3232>군!
dom2Mature_X01.mes,Script/dom2Mature_X01.mes,103,33,주인공,(ったく、あいかわらず人を<6E5C>おちょくるのが好きな奴らだな……<6E5C>),(진짜 여전히 사람<6E5C>놀리는 걸 좋아하는 애들이라니까……<6E5C>),(진짜 여전히 사람<6E5C>놀리는 걸 좋아하는 애들이라니까……<6E5C>)
dom2Mature_X01.mes,Script/dom2Mature_X01.mes,104,15,주인공,(あのふたりは、目立つなぁ),"(저 둘은, 눈에 띄네)","(저 둘은, 눈에 띄네)"
dom2Mature_X01.mes,Script/dom2Mature_X01.mes,105,15,Mature,<이름:3131>君、こっちへいらっしゃい,"<이름:3131>군, 이리 오렴","<이름:3131>군, 이리 오렴"
dom2Mature_X01.mes,Script/dom2Mature_X01.mes,106,3,UNKNOWN_42,……,……,……
dom2Mature_X01.mes,Script/dom2Mature_X01.mes,107,12,주인공,あ、どうも、こんばんは,"아, 안녕하세요","아, 안녕하세요"
dom2Mature_X01.mes,Script/dom2Mature_X01.mes,108,29,Mature,緊張するのはわかるけど、<6E5C>固くなるのは今じゃなくってよ?,"긴장하는 건 알겠지만,<6E5C>굳을 때는 아니잖아?","긴장하는 건 알겠지만,<6E5C>굳을 때는 아니잖아?"
dom2Mature_X01.mes,Script/dom2Mature_X01.mes,109,9,UNKNOWN_42,とりあえず、座れ,"일단, 앉아","일단, 앉아"
dom2Mature_X01.mes,Script/dom2Mature_X01.mes,110,5,주인공,は、はい,"네, 네","네, 네"
dom2Mature_X01.mes,Script/dom2Mature_X01.mes,111,4,[효과음/내레이션],ドサッ,털썩,털썩
dom2Mature_X01.mes,Script/dom2Mature_X01.mes,112,20,Mature,さてと.<6E5C>それじゃ、本題に入ろうかしら,"자아.<6E5C>그럼, 본론으로 들어가 볼까","자아.<6E5C>그럼, 본론으로 들어가 볼까"
dom2Mature_X01.mes,Script/dom2Mature_X01.mes,113,31,UNKNOWN_42,もう一度確認するが、<6E5C>本当にコイツを仲間に<6E5C>組み込むんだな?,다시 한번 확인하는데<6E5C>정말 이놈을 동료로<6E5C>들일 셈이지?,다시 한번 확인하는데<6E5C>정말 이놈을 동료로<6E5C>들일 셈이지?
dom2Mature_X01.mes,Script/dom2Mature_X01.mes,114,23,Mature,ええ.被のレポートは素晴らしい<6E5C>出来だったわ,그래.그 사람 리포트는 정말<6E5C>훌륭했어,그래.그 사람 리포트는 정말<6E5C>훌륭했어
dom2Mature_X01.mes,Script/dom2Mature_X01.mes,115,37,Mature,情報収集能力も行動力も、<6E5C>一定以上の水準を満たしていると<6E5C>見て間違いない,"정보 수집 능력도 행동력도,<6E5C>일정 수준은 충족한다고<6E5C>봐도 틀림없어","정보 수집 능력도 행동력도,<6E5C>일정 수준은 충족한다고<6E5C>봐도 틀림없어"
dom2Mature_X01.mes,Script/dom2Mature_X01.mes,116,9,UNKNOWN_42,そうか.わかった,그런가. 알았다,그런가. 알았다
dom2Mature_X01.mes,Script/dom2Mature_X01.mes,117,16,주인공,あ、あの、なんの話でしょうか?,"저, 저기, 무슨 얘기죠?","저, 저기, 무슨 얘기죠?"
dom2Mature_X01.mes,Script/dom2Mature_X01.mes,118,27,Mature,ダメな子ねぇ.女の言葉にはひとつ<6E5C>ひとつ裏があるのよ,안 되겠네.여자 말에는<6E5C>하나하나 속뜻 있는 거야,안 되겠네.여자 말에는<6E5C>하나하나 속뜻 있는 거야
dom2Mature_X01.mes,Script/dom2Mature_X01.mes,119,40,Mature,それをすくい取るためには、<6E5C>一言一句だって閉き逃しちゃ<6E5C>いけないわ.わかった?,"그걸 캐치하려면,<6E5C>한마디도 놓치면<6E5C>안 돼. 알겠어?","그걸 캐치하려면,<6E5C>한마디도 놓치면<6E5C>안 돼. 알겠어?"
dom2Mature_X01.mes,Script/dom2Mature_X01.mes,120,5,주인공,は、はい,"네, 네","네, 네"
dom2Mature_X01.mes,Script/dom2Mature_X01.mes,121,26,주인공,(ちゃ、ちゃんと話を閉いとか<6E5C>ないと、ヤラれる!),"(제, 제대로 들어<6E5C>두지 않으면, 당한다!)","(제, 제대로 들어<6E5C>두지 않으면, 당한다!)"
dom2Mature_X01.mes,Script/dom2Mature_X01.mes,122,9,UNKNOWN_42,そろそろいいか?,슬슬 됐나?,슬슬 됐나?
dom2Mature_X01.mes,Script/dom2Mature_X01.mes,123,20,Mature,あら、ごめんなさい.<6E5C>始めてちょうだい,"어머, 미안.<6E5C>시작해 줘","어머, 미안.<6E5C>시작해 줘"
dom2Mature_X01.mes,Script/dom2Mature_X01.mes,124,40,UNKNOWN_42,よし.いいか、<이름:3131>.<6E5C>まず、お前に手伝ってほしいのは、<6E5C>情報収集と、その防衛だ,"좋아. 잘 들어, <이름:3131>.<6E5C>먼저, 네가 도울 건,<6E5C>정보 수집과 방어다","좋아. 잘 들어, <이름:3131>.<6E5C>먼저, 네가 도울 건,<6E5C>정보 수집과 방어다"
dom2Mature_X01.mes,Script/dom2Mature_X01.mes,125,12,주인공,な、なんの情報ですか?,"무, 무슨 정보요?","무, 무슨 정보요?"
dom2Mature_X01.mes,Script/dom2Mature_X01.mes,126,23,UNKNOWN_42,バカかお前は.<6E5C>それを今から説明するんだろう,바보냐 넌.<6E5C>그걸 지금부터 설명할 거잖아,바보냐 넌.<6E5C>그걸 지금부터 설명할 거잖아
dom2Mature_X01.mes,Script/dom2Mature_X01.mes,127,10,주인공,ご、ごめんなさい!,"죄, 죄송해요!","죄, 죄송해요!"
dom2Mature_X01.mes,Script/dom2Mature_X01.mes,128,31,주인공,(うぅ……やっぱりこれって、<6E5C>お願いじゃなくて、脅迫だよな),"(으으……역시 이거,<6E5C>부탁이 아니라, 협박이잖아)","(으으……역시 이거,<6E5C>부탁이 아니라, 협박이잖아)"
dom2Mature_X01.mes,Script/dom2Mature_X01.mes,129,30,UNKNOWN_42,集めてもらう情報は、清泉大学を<6E5C>かぎ回っている輩についてだ,"모을 정보는, 세이센 대학을<6E5C>캐는 놈들에 관한 거다","모을 정보는, 세이센 대학을<6E5C>캐는 놈들에 관한 거다"
dom2Mature_X01.mes,Script/dom2Mature_X01.mes,130,53,UNKNOWN_42,そして、万が一清泉大学にとって<6E5C>マイナスとなる情報が<485C>外部に漏れそうになった場合の<6E5C>阻止も重ねて頼みたい,"그리고, 만에 하나 세이센 대학에<6E5C>불리한 정보가<485C>외부로 샐 것 같을 경우<6E5C>저지도 함께 부탁하지","그리고, 만에 하나 세이센 대학에<6E5C>불리한 정보가<485C>외부로 샐 것 같을 경우<6E5C>저지도 함께 부탁하지"
dom2Mature_X01.mes,Script/dom2Mature_X01.mes,131,24,주인공,す、すみません、<6E5C>さっぱり話が見えないんですが,"저, 죄송한데,<6E5C>무슨 얘긴지 모르겠는데요","저, 죄송한데,<6E5C>무슨 얘긴지 모르겠는데요"
dom2Mature_X01.mes,Script/dom2Mature_X01.mes,132,32,UNKNOWN_42,おいマチュア!本当にこんな奴を<6E5C>引き込んでだいじょうぶなのか?,이봐 마츄어!정말 이런 놈을<6E5C>끌어들여도 괜찮은 거냐?,이봐 마츄어!정말 이런 놈을<6E5C>끌어들여도 괜찮은 거냐?
dom2Mature_X01.mes,Script/dom2Mature_X01.mes,133,12,Mature,だいじょうぶよ、バイス,"괜찮아, 바이스","괜찮아, 바이스"
dom2Mature_X01.mes,Script/dom2Mature_X01.mes,134,44,Mature,……いい、<이름:3131>君?今、清泉大学は<6E5C>前代未閉のスキャンダルに<6E5C>巻き込まれようとしているわ,……잘 들어 <이름:3131>군?지금 세이센 대학은<6E5C>전대미문의 스캔들에<6E5C>휘말리려 하고 있어,……잘 들어 <이름:3131>군?지금 세이센 대학은<6E5C>전대미문의 스캔들에<6E5C>휘말리려 하고 있어
dom2Mature_X01.mes,Script/dom2Mature_X01.mes,135,12,주인공,スキャンダル、ですか?,"스캔들, 이요?","스캔들, 이요?"
dom2Mature_X01.mes,Script/dom2Mature_X01.mes,136,36,Mature,ええ、明るみに出れば、大学が<6E5C>閉鎖に追い込まれかねない<6E5C>スキャンダルよ,"그래, 밖으로 드러나면 대학이<6E5C>폐쇄로 몰릴 수도 있는<6E5C>스캔들이야","그래, 밖으로 드러나면 대학이<6E5C>폐쇄로 몰릴 수도 있는<6E5C>스캔들이야"
dom2Mature_X01.mes,Script/dom2Mature_X01.mes,137,12,주인공,そ、それっていったい?,"그, 그게 대체?","그, 그게 대체?"
dom2Mature_X01.mes,Script/dom2Mature_X01.mes,138,44,Mature,今は、言えないわ.話せる時期が<6E5C>来れば話すけど、できれば知らない<6E5C>ほうがいいでしょうね,"지금은 말 못 해.때가<6E5C>오면 말할 텐데, 가능하면 모르는<6E5C>편이 나을 거야","지금은 말 못 해.때가<6E5C>오면 말할 텐데, 가능하면 모르는<6E5C>편이 나을 거야"
dom2Mature_X01.mes,Script/dom2Mature_X01.mes,139,70,UNKNOWN_42,難しいことをしろとは言わない.<6E5C>とりあえず、大学の周辺に出没する<6E5C>不審者にコンタクトを取って、<485C>なにかしらの情報を入手するんだ.<6E5C>いいな?,"어려운 일을 하라는 게 아니다.<6E5C>일단, 대학 주변에 출몰하는<6E5C>수상한 자들과 접촉해서,<485C>뭐라도 정보를 캐내는 거다.<6E5C>알겠나?","어려운 일을 하라는 게 아니다.<6E5C>일단, 대학 주변에 출몰하는<6E5C>수상한 자들과 접촉해서,<485C>뭐라도 정보를 캐내는 거다.<6E5C>알겠나?"
dom2Mature_X01.mes,Script/dom2Mature_X01.mes,140,12,[선택지],お断りしますわかりました,거절하겠습니다\알겠습니다,거절하겠습니다\알겠습니다
dom2Mature_X01.mes,Script/dom2Mature_X01.mes,141,39,주인공,そ、そんな探値みたいなこと<6E5C>できないですよ.申し訳ないですが<6E5C>、お断りします,"그, 그런 탐정 같은 짓<6E5C>못 해요.죄송하지만<6E5C>, 거절할게요","그, 그런 탐정 같은 짓<6E5C>못 해요.죄송하지만<6E5C>, 거절할게요"
dom2Mature_X01.mes,Script/dom2Mature_X01.mes,142,27,Mature,フゥ……あなた、まだ自分の立場が<6E5C>わかっていないのね,"휴……너, 아직 자기 입장을<6E5C>모르는구나","휴……너, 아직 자기 입장을<6E5C>모르는구나"
dom2Mature_X01.mes,Script/dom2Mature_X01.mes,143,41,Mature,あなたのレポートの成績は私の<6E5C>さじ加減ひとつだということを<6E5C>忘れないでちょうだい,네 리포트 성적은 내<6E5C>마음먹기 하나에 달렸다는 걸<6E5C>잊지 말아 줘,네 리포트 성적은 내<6E5C>마음먹기 하나에 달렸다는 걸<6E5C>잊지 말아 줘
dom2Mature_X01.mes,Script/dom2Mature_X01.mes,144,19,주인공,や、やっぱり脅迫じゃないです<6E5C>か……,"역, 역시 협박이잖아<6E5C>요……","역, 역시 협박이잖아<6E5C>요……"
dom2Mature_X01.mes,Script/dom2Mature_X01.mes,145,29,UNKNOWN_42,どう取ってもらおうがかまわん.<6E5C>要は、手伝うのかどうかだ,어떻게 받아들이든 상관없다.<6E5C>요컨대 돕느냐 마느냐다,어떻게 받아들이든 상관없다.<6E5C>요컨대 돕느냐 마느냐다
dom2Mature_X01.mes,Script/dom2Mature_X01.mes,146,20,주인공,……わ、わかりました、<6E5C>手伝いますよ!,"……아, 알겠어요,<6E5C>도울게요!","……아, 알겠어요,<6E5C>도울게요!"
dom2Mature_X01.mes,Script/dom2Mature_X01.mes,147,13,주인공,わかりました、手伝います,"알겠어요, 도울게요","알겠어요, 도울게요"
dom2Mature_X01.mes,Script/dom2Mature_X01.mes,148,11,UNKNOWN_42,そう、それでいいんだ,"그래, 그거면 됐다","그래, 그거면 됐다"
dom2Mature_X01.mes,Script/dom2Mature_X01.mes,149,6,Mature,よろしくね,잘 부탁해,잘 부탁해
dom2Mature_X01.mes,Script/dom2Mature_X01.mes,150,9,주인공,わかりました……,알겠습니다……,알겠습니다……
dom2Mature_X01.mes,Script/dom2Mature_X01.mes,151,32,주인공,(も、もしや僕はとんでもない道に<6E5C>引きずりこまれたんでは……),"(서, 설마 나 엄청난 길로<6E5C>끌려 들어간 거 아니야……)","(서, 설마 나 엄청난 길로<6E5C>끌려 들어간 거 아니야……)"
dom2Mature_X02.mes,Script/dom2Mature_X02.mes,0,9,Hotaru,ねぇ、お兄ちゃん,"있잖아, 오빠","있잖아, 오빠"
dom2Mature_X02.mes,Script/dom2Mature_X02.mes,1,4,주인공,なに?,왜?,왜?
dom2Mature_X02.mes,Script/dom2Mature_X02.mes,2,28,Hotaru,お兄ちゃんの大学って、<6E5C>なにか大変なことでもあったの?,"오빠네 대학, 무슨<6E5C>큰일이라도 있었어?","오빠네 대학, 무슨<6E5C>큰일이라도 있었어?"
dom2Mature_X02.mes,Script/dom2Mature_X02.mes,3,22,주인공,え……ど、どうしてそんなこと<6E5C>閉くんだよ?,"어……왜, 왜 그런 걸<6E5C>물어보는 거야?","어……왜, 왜 그런 걸<6E5C>물어보는 거야?"
dom2Mature_X02.mes,Script/dom2Mature_X02.mes,4,67,Hotaru,うん……昨日、キサラちゃんと<6E5C>遊んでたんだけど、帰りに変な<6E5C>おじさんに声をかけられて、<485C>最近大学のほうで<6E5C>おかしなことはないかって?,"응……어제 키사라랑<6E5C>놀고 있었는데, 가는 길에 이상한<6E5C>아저씨가 말을 걸어서,<485C>요즘 대학 쪽에서<6E5C>이상한 일 없냐고 물었어","응……어제 키사라랑<6E5C>놀고 있었는데, 가는 길에 이상한<6E5C>아저씨가 말을 걸어서,<485C>요즘 대학 쪽에서<6E5C>이상한 일 없냐고 물었어"
dom2Mature_X02.mes,Script/dom2Mature_X02.mes,5,8,주인공,そ、それで!?,그 그래서!?,그 그래서!?
dom2Mature_X02.mes,Script/dom2Mature_X02.mes,6,30,Hotaru,キサラちゃんが、持ってたカバンで<6E5C>ノックアウトしちゃった!,"키사라가, 들고 있던 가방으로<6E5C>때려눕혀 버렸어!","키사라가, 들고 있던 가방으로<6E5C>때려눕혀 버렸어!"
dom2Mature_X02.mes,Script/dom2Mature_X02.mes,7,12,주인공,そ、そうか……よかった,그렇구나……다행이다,그렇구나……다행이다
dom2Mature_X02.mes,Script/dom2Mature_X02.mes,8,71,주인공,(それにしても……高校の生徒に<6E5C>まで声をかける人間がいるなんて、<6E5C>清泉学園グループ全体を)<485C>(巻き込むような話なのか、<6E5C>昨日の一件って……),"(그나저나……고등학생한테<6E5C>까지 말 거는 사람이 있다니,<6E5C>세이센 학원 그룹 전체를)<485C>(끌어들일 얘기인 건가,<6E5C>어제 그 일이……)","(그나저나……고등학생한테<6E5C>까지 말 거는 사람이 있다니,<6E5C>세이센 학원 그룹 전체를)<485C>(끌어들일 얘기인 건가,<6E5C>어제 그 일이……)"
dom2Mature_X02.mes,Script/dom2Mature_X02.mes,9,72,주인공,(こうして意識を変えて<6E5C>見てみると、あやしげな人間が<6E5C>何人かいるな……)<485C>(とくに怪しいのは……<6E5C>あのふたりか.どっちに<6E5C>声かけてみようかな),"(이렇게 신경 써서<6E5C>보니, 수상한 사람이<6E5C>몇 명 있네……)<485C>(특히 수상한 건……<6E5C>저 둘인가. 어느 쪽에<6E5C>말을 걸어볼까)","(이렇게 신경 써서<6E5C>보니, 수상한 사람이<6E5C>몇 명 있네……)<485C>(특히 수상한 건……<6E5C>저 둘인가. 어느 쪽에<6E5C>말을 걸어볼까)"
dom2Mature_X02.mes,Script/dom2Mature_X02.mes,10,13,[선택지],新閉記者風の男犬を連れた女,기자 남자\개 데린 여자,기자 남자\개 데린 여자
dom2Mature_X02.mes,Script/dom2Mature_X02.mes,11,24,주인공,(いかにも学生に見えないあの男に<6E5C>してみよう),(누가 봐도 학생 아닌 저 남자로<6E5C>해보자),(누가 봐도 학생 아닌 저 남자로<6E5C>해보자)
dom2Mature_X02.mes,Script/dom2Mature_X02.mes,12,13,주인공,あの、ちょっとすみません,"저기, 잠깐 실례합니다","저기, 잠깐 실례합니다"
dom2Mature_X02.mes,Script/dom2Mature_X02.mes,13,39,UNKNOWN_1a,な、なんだ!?俺はなにもして<6E5C>ないぞ!このカバンにカメラ<6E5C>なんて入ってない!,"뭐, 뭐야!? 난 아무것도 안<6E5C>했어! 이 가방에 카메라<6E5C>안 들었어!","뭐, 뭐야!? 난 아무것도 안<6E5C>했어! 이 가방에 카메라<6E5C>안 들었어!"
dom2Mature_X02.mes,Script/dom2Mature_X02.mes,14,3,주인공,……,……,……
dom2Mature_X02.mes,Script/dom2Mature_X02.mes,15,3,UNKNOWN_1a,……,……,……
dom2Mature_X02.mes,Script/dom2Mature_X02.mes,16,11,주인공,警察に行きましょうか,경찰서에 갈까요,경찰서에 갈까요
dom2Mature_X02.mes,Script/dom2Mature_X02.mes,17,5,UNKNOWN_1a,……はい,……네,……네
dom2Mature_X02.mes,Script/dom2Mature_X02.mes,18,49,주인공,(いかにも公園に来ましたと言いた<6E5C>げなあの女の人にしよう.ここが<6E5C>大学だってわかってるのかな?),(딱 봐도 공원에 놀러 왔다는<6E5C>느낌인 저 여자로 하자. 여기<6E5C>대학인지 알고 있으려나?),(딱 봐도 공원에 놀러 왔다는<6E5C>느낌인 저 여자로 하자. 여기<6E5C>대학인지 알고 있으려나?)
dom2Mature_X02.mes,Script/dom2Mature_X02.mes,19,13,주인공,あの、ちょっとすみません,"저기, 잠깐 실례합니다","저기, 잠깐 실례합니다"
dom2Mature_X02.mes,Script/dom2Mature_X02.mes,20,4,UNKNOWN_1c,はい?,네?,네?
dom2Mature_X02.mes,Script/dom2Mature_X02.mes,21,5,주인공,……あ!,……앗!,……앗!
dom2Mature_X02.mes,Script/dom2Mature_X02.mes,22,7,주인공,マリーさん!,마리 씨!,마리 씨!
dom2Mature_X02.mes,Script/dom2Mature_X02.mes,23,31,Mary,大きな声を出さないで.<6E5C>せっかく学生に<6E5C>溶け込んでるんだから,큰 소리 내지 마.<6E5C>모처럼 학생인 척<6E5C>잘 섞여 있는데,큰 소리 내지 마.<6E5C>모처럼 학생인 척<6E5C>잘 섞여 있는데
dom2Mature_X02.mes,Script/dom2Mature_X02.mes,24,28,주인공,いや、あからさまに怪しいふたりの<6E5C>うちのひとりでしたよ,"아니, 대놓고 수상한 두 사람 중<6E5C>한 명이었거든요","아니, 대놓고 수상한 두 사람 중<6E5C>한 명이었거든요"
dom2Mature_X02.mes,Script/dom2Mature_X02.mes,25,12,Mary,そ、そんなはずはないわ,"그, 그럴 리 없어","그, 그럴 리 없어"
dom2Mature_X02.mes,Script/dom2Mature_X02.mes,26,27,주인공,ほんとですって.というか、<6E5C>なにをやってるんですか?,"진짜라니까요. 그보다,<6E5C>뭐 하고 계신 거예요?","진짜라니까요. 그보다,<6E5C>뭐 하고 계신 거예요?"
dom2Mature_X02.mes,Script/dom2Mature_X02.mes,27,20,Mary,捜査よ、捜査.<6E5C>大学の不祥事に関するね,수사야 수사.<6E5C>대학 비리에 관한 거,수사야 수사.<6E5C>대학 비리에 관한 거
dom2Mature_X02.mes,Script/dom2Mature_X02.mes,28,23,주인공,え!マリーさん、<6E5C>なにか知ってるんですか!?,네! 마리 씨<6E5C>뭔가 알고 계신 거예요!?,네! 마리 씨<6E5C>뭔가 알고 계신 거예요!?
dom2Mature_X02.mes,Script/dom2Mature_X02.mes,29,21,Mary,大きな声を出さないでと<6E5C>言ってるでしょう,큰 소리 내지 말라고<6E5C>했잖아,큰 소리 내지 말라고<6E5C>했잖아
dom2Mature_X02.mes,Script/dom2Mature_X02.mes,30,8,주인공,す、すみません,"죄, 죄송해요","죄, 죄송해요"
dom2Mature_X02.mes,Script/dom2Mature_X02.mes,31,44,Mary,まぁそれはいいとして、あなたには<6E5C>関係のないことよ.首を<6E5C>突っ込むのはやめてちょうだい,"뭐 그건 됐고, 너하곤<6E5C>상관없는 일이야. 끼어드는<6E5C>건 그만둬 줘","뭐 그건 됐고, 너하곤<6E5C>상관없는 일이야. 끼어드는<6E5C>건 그만둬 줘"
dom2Mature_X02.mes,Script/dom2Mature_X02.mes,32,20,주인공,(思いっ切り関係あるん<6E5C>だけどな……),(엄청 관계있는<6E5C>데 말이지……),(엄청 관계있는<6E5C>데 말이지……)
dom2Mature_X02.mes,Script/dom2Mature_X02.mes,33,43,주인공,(それにしても、さすがの<6E5C>ブルー。マリーにも弱点があったか<6E5C>……学生には見えない!),(그나저나 역시<6E5C>블루답네. 마리한테 약점이 있었나<6E5C>……학생으로는 안 보여!),(그나저나 역시<6E5C>블루답네. 마리한테 약점이 있었나<6E5C>……학생으로는 안 보여!)
dom2Mature_X02.mes,Script/dom2Mature_X02.mes,34,12,[효과음/내레이션],♪カランコロンカラ~ン,♪딸랑딸랑 딸랑~,♪딸랑딸랑 딸랑~
dom2Mature_X02.mes,Script/dom2Mature_X02.mes,35,9,Shizuku,いらっしゃいませ,어서 오세요,어서 오세요
dom2Mature_X02.mes,Script/dom2Mature_X02.mes,36,13,주인공,がんばってるね、巳沢さん,열심히 하네 미사와 씨,열심히 하네 미사와 씨
dom2Mature_X02.mes,Script/dom2Mature_X02.mes,37,28,King,まったく、この子はよく働くよ.<6E5C>いい奥さんになりそうだ,거참 이 아이는 참 잘 일해.<6E5C>좋은 아내가 되겠어,거참 이 아이는 참 잘 일해.<6E5C>좋은 아내가 되겠어
dom2Mature_X02.mes,Script/dom2Mature_X02.mes,38,24,King,早めに手を打っとかないと、<6E5C>他の男に取られるぞ,"일찍 손 안 쓰면,<6E5C>다른 남자한테 뺏긴다","일찍 손 안 쓰면,<6E5C>다른 남자한테 뺏긴다"
dom2Mature_X02.mes,Script/dom2Mature_X02.mes,39,19,Shizuku,なにを言ってるんですか、<6E5C>キングさん,"무슨 말씀 하시는 거예요,<6E5C>킹 씨","무슨 말씀 하시는 거예요,<6E5C>킹 씨"
dom2Mature_X02.mes,Script/dom2Mature_X02.mes,40,17,주인공,そ、そうですよ、結婚なんて……!,"마, 맞아요, 결혼이라니……!","마, 맞아요, 결혼이라니……!"
dom2Mature_X02.mes,Script/dom2Mature_X02.mes,41,28,Shizuku,そうよね.<이름:3131>くんは年上の<6E5C>お姉さんが好きなんだもんね,그렇지.<이름:3131>군은 연상<6E5C>누나를 좋아하니까,그렇지.<이름:3131>군은 연상<6E5C>누나를 좋아하니까
dom2Mature_X02.mes,Script/dom2Mature_X02.mes,42,11,King,おや、そうなのかい?,"오, 그런 거야?","오, 그런 거야?"
dom2Mature_X02.mes,Script/dom2Mature_X02.mes,43,20,주인공,ちょ、ちょっと、<6E5C>なんでそうなるんだよ,"자, 잠깐,<6E5C>왜 그렇게 되는 거야","자, 잠깐,<6E5C>왜 그렇게 되는 거야"
dom2Mature_X02.mes,Script/dom2Mature_X02.mes,44,41,Shizuku,フィオに閉いたわよ.<6E5C>マチュアさんとふたりっきりで<6E5C>仲よさそうにしゃべってたって,피오한테 들었어.<6E5C>마츄어 씨랑 단둘이서<6E5C>사이좋게 얘기하고 있었다며,피오한테 들었어.<6E5C>마츄어 씨랑 단둘이서<6E5C>사이좋게 얘기하고 있었다며
dom2Mature_X02.mes,Script/dom2Mature_X02.mes,45,38,주인공,あ、あれが仲よさそうに見える<6E5C>なんて……フィオってどんな目を<6E5C>してるんだ?,"그, 그게 사이좋아 보인다니<6E5C>……피오는 대체 눈이<6E5C>어떻게 된 거야?","그, 그게 사이좋아 보인다니<6E5C>……피오는 대체 눈이<6E5C>어떻게 된 거야?"
dom2Mature_X02.mes,Script/dom2Mature_X02.mes,46,15,King,ハハハ、<이름:3131>君も大変そうだな,하하하 <이름:3131>군도 힘들겠구나,하하하 <이름:3131>군도 힘들겠구나
dom2Mature_X02.mes,Script/dom2Mature_X02.mes,47,12,주인공,ほんとに大変なんですよ,정말 힘들다니까요,정말 힘들다니까요
dom2Mature_X02.mes,Script/dom2Mature_X02.mes,48,33,Shizuku,そうよねぇ、かわいい女の子たちに<6E5C>囲まれて、さぞ大変でしょうねぇ,"그러게, 귀여운 여자애들한테<6E5C>둘러싸여서, 어지간히 힘들겠네","그러게, 귀여운 여자애들한테<6E5C>둘러싸여서, 어지간히 힘들겠네"
dom2Mature_X02.mes,Script/dom2Mature_X02.mes,49,19,주인공,そんなことより、<6E5C>もっと大変なんだよ,"그것보다,<6E5C>더 힘든 일 있어","그것보다,<6E5C>더 힘든 일 있어"
dom2Mature_X02.mes,Script/dom2Mature_X02.mes,50,5,Shizuku,どうだか,글쎄다,글쎄다
dom2Mature_X02.mes,Script/dom2Mature_X02.mes,51,15,주인공,ハァ……なんなんだよいったい,하아……대체 뭐냐고,하아……대체 뭐냐고
dom2Mature_X02.mes,Script/dom2Mature_X02.mes,52,22,King,ハハハ、かわいいヤキモチと<6E5C>いうやつだろう,"하하하, 귀여운 질투라는<6E5C>거겠지","하하하, 귀여운 질투라는<6E5C>거겠지"
dom2Mature_X02.mes,Script/dom2Mature_X02.mes,53,16,주인공,今はそれどころじゃないんですよ,지금 그럴 상황이 아니거든요,지금 그럴 상황이 아니거든요
dom2Mature_X02.mes,Script/dom2Mature_X02.mes,54,17,King,……もしかして、大学のことかい?,"……혹시, 대학 일인가?","……혹시, 대학 일인가?"
dom2Mature_X02.mes,Script/dom2Mature_X02.mes,55,3,주인공,え?,네?,네?
dom2Mature_X02.mes,Script/dom2Mature_X02.mes,56,14,King,もし違うなら閉き流してくれ,혹시 아니면 흘려들어 줘,혹시 아니면 흘려들어 줘
dom2Mature_X02.mes,Script/dom2Mature_X02.mes,57,36,King,どうも最近、清泉大学の周辺が<6E5C>きな臭いという話をちらほら<6E5C>耳にするんだ,요즘 아무래도 세이센 대학 주변이<6E5C>수상하다는 얘기를 종종<6E5C>듣거든,요즘 아무래도 세이센 대학 주변이<6E5C>수상하다는 얘기를 종종<6E5C>듣거든
dom2Mature_X02.mes,Script/dom2Mature_X02.mes,58,31,King,なんでも、学長の座を狙う人間が<6E5C>クーデターを企ててるとか……,듣자 하니 학장 자리 노리는 자가<6E5C>쿠데타 꾸민다던가……,듣자 하니 학장 자리 노리는 자가<6E5C>쿠데타 꾸민다던가……
dom2Mature_X02.mes,Script/dom2Mature_X02.mes,59,8,주인공,……クーデター,……쿠데타,……쿠데타
dom2Mature_X02.mes,Script/dom2Mature_X02.mes,60,44,King,その顔を見ると、具体的なことは<6E5C>知らされてないけど、事件に<6E5C>巻き込まれてはいるようだな,"그 표정 보니, 자세한 건<6E5C>모르는 모양인데, 사건에<6E5C>휘말리긴 한 것 같군","그 표정 보니, 자세한 건<6E5C>모르는 모양인데, 사건에<6E5C>휘말리긴 한 것 같군"
dom2Mature_X02.mes,Script/dom2Mature_X02.mes,61,5,주인공,……はい,……네,……네
dom2Mature_X02.mes,Script/dom2Mature_X02.mes,62,43,King,そうか……わかった.<6E5C>大事なお客さんのことだ.もし<6E5C>なにかわかったら、教えてあげるよ,"그런가……알았다.<6E5C>소중한 손님 일이니까. 뭔가<6E5C>알게 되면, 알려주마","그런가……알았다.<6E5C>소중한 손님 일이니까. 뭔가<6E5C>알게 되면, 알려주마"
dom2Mature_X02.mes,Script/dom2Mature_X02.mes,63,14,주인공,よ、よろしくお願いします!,"자, 잘 부탁드립니다!","자, 잘 부탁드립니다!"
dom2Mature_X02.mes,Script/dom2Mature_X02.mes,64,34,King,どういたしまして.<6E5C>あ、帰る前に、あれ、<6E5C>なんとかして行ってくれよ,"천만에.<6E5C>아, 가기 전에, 그거,<6E5C>어떻게 좀 하고 가라고","천만에.<6E5C>아, 가기 전에, 그거,<6E5C>어떻게 좀 하고 가라고"
dom2Mature_X02.mes,Script/dom2Mature_X02.mes,65,17,주인공,あれって……あぁ、巳沢さんですか,"그거라니……아, 미사와 씨요?","그거라니……아, 미사와 씨요?"
dom2Mature_X02.mes,Script/dom2Mature_X02.mes,66,21,King,ああ見えて、<6E5C>独占欲の強い女の子だからな,"저래 봬도,<6E5C>독점욕 강한 애니까","저래 봬도,<6E5C>독점욕 강한 애니까"
dom2Mature_X02.mes,Script/dom2Mature_X02.mes,67,21,주인공,わかりました.ご機嫌とってから<6E5C>帰ります,알겠습니다. 비위 맞춰 놓고<6E5C>갈게요,알겠습니다. 비위 맞춰 놓고<6E5C>갈게요
dom2Mature_X02.mes,Script/dom2Mature_X02.mes,68,5,King,助かるよ,고맙군,고맙군
dom2Mature_X02.mes,Script/dom2Mature_X02.mes,69,15,주인공,(えっと……マチュアさんは),(음……마츄어 씨는),(음……마츄어 씨는)
dom2Mature_X02.mes,Script/dom2Mature_X02.mes,70,21,주인공,(あれ、マチュアさんと<6E5C>八神先輩だ……),(어 마츄어 씨랑<6E5C>야가미 선배다……),(어 마츄어 씨랑<6E5C>야가미 선배다……)
dom2Mature_X02.mes,Script/dom2Mature_X02.mes,71,13,Iori,俺は貴様になど興味はない,난 네놈 따위 관심없다,난 네놈 따위 관심없다
dom2Mature_X02.mes,Script/dom2Mature_X02.mes,72,28,Mature,あら、残念ね……私はあなたに<6E5C>とても興味があるんだけど,"어머, 아쉽네……난 너한테<6E5C>아주 관심 있는데","어머, 아쉽네……난 너한테<6E5C>아주 관심 있는데"
dom2Mature_X02.mes,Script/dom2Mature_X02.mes,73,25,Iori,用済みの監獄のことなど、<6E5C>俺の知ったことではない,"쓸모없어진 감옥 따위,<6E5C>내 알 바 아니다","쓸모없어진 감옥 따위,<6E5C>내 알 바 아니다"
dom2Mature_X02.mes,Script/dom2Mature_X02.mes,74,26,Mature,そう言わないで.あなたの母校と<6E5C>いうことになるのよ,그렇게 말하지 마.네 모교가<6E5C>된다는 얘기니까,그렇게 말하지 마.네 모교가<6E5C>된다는 얘기니까
dom2Mature_X02.mes,Script/dom2Mature_X02.mes,75,24,Iori,俺はなにかに属して庇護を<6E5C>乞うような真似はせん,무언가에 속해 비호를<6E5C>구걸하는 짓은 안 해,무언가에 속해 비호를<6E5C>구걸하는 짓은 안 해
dom2Mature_X02.mes,Script/dom2Mature_X02.mes,76,21,Iori,潰れてしまうものならば、<6E5C>それでかまわん,망가져 버릴 것이라면<6E5C>그걸로 상관없다,망가져 버릴 것이라면<6E5C>그걸로 상관없다
dom2Mature_X02.mes,Script/dom2Mature_X02.mes,77,10,Mature,そう……交渉決裂ね,교섭 결렬이네,교섭 결렬이네
dom2Mature_X02.mes,Script/dom2Mature_X02.mes,78,22,Iori,フン、俺より、<6E5C>そこの男をうまく使うんだな,"흥 나보다,<6E5C>저기 저 남자나 잘 부려봐","흥 나보다,<6E5C>저기 저 남자나 잘 부려봐"
dom2Mature_X02.mes,Script/dom2Mature_X02.mes,79,21,Mature,あら、<이름:3131>君、<6E5C>いつから見てたのかしら?,"어머 <이름:3131>군,<6E5C>언제부터 보고 있었니?","어머 <이름:3131>군,<6E5C>언제부터 보고 있었니?"
dom2Mature_X02.mes,Script/dom2Mature_X02.mes,80,14,Mature,あまりいい趣味じゃないわよ,그리 좋은 취미는 아니네,그리 좋은 취미는 아니네
dom2Mature_X02.mes,Script/dom2Mature_X02.mes,81,14,주인공,いや、今来たところですから,"아뇨, 지금 막 왔는걸요","아뇨, 지금 막 왔는걸요"
dom2Mature_X02.mes,Script/dom2Mature_X02.mes,82,23,Mature,まぁいいわ.<6E5C>それで、なにかわかったかしら?,"뭐, 됐어.<6E5C>그래서, 뭔가 알아냈니?","뭐, 됐어.<6E5C>그래서, 뭔가 알아냈니?"
dom2Mature_X02.mes,Script/dom2Mature_X02.mes,83,8,주인공,……クーデター,……쿠데타,……쿠데타
dom2Mature_X02.mes,Script/dom2Mature_X02.mes,84,3,Mature,……,……,……
dom2Mature_X02.mes,Script/dom2Mature_X02.mes,85,46,주인공,ちょっと閉かせてほしいんですが、<6E5C>マチュアさんとバイスさんは、<6E5C>どちら側の人間なんですか?,"잠깐 여쭤보고 싶은데,<6E5C>마츄어 씨랑 바이스 씨는,<6E5C>어느 쪽 사람인가요?","잠깐 여쭤보고 싶은데,<6E5C>마츄어 씨랑 바이스 씨는,<6E5C>어느 쪽 사람인가요?"
dom2Mature_X02.mes,Script/dom2Mature_X02.mes,86,30,Mature,どちら側もなにも、私たちは<6E5C>清泉大学を愛する、ただの秘書よ,"어느 쪽도 아니야,<6E5C>우린 세이센대를 사랑하는 비서야","어느 쪽도 아니야,<6E5C>우린 세이센대를 사랑하는 비서야"
dom2Mature_X02.mes,Script/dom2Mature_X02.mes,87,8,UNKNOWN_1e,そういうことだ,그런 거다,그런 거다
dom2Mature_X02.mes,Script/dom2Mature_X02.mes,88,8,주인공,バイスさん……,바이스 씨……,바이스 씨……
dom2Mature_X02.mes,Script/dom2Mature_X02.mes,89,33,UNKNOWN_42,こんな短期間でクーデターの話に<6E5C>たどり着くなんて、やるじゃないか,"이 짧은 시간에 쿠데타 얘기까지<6E5C>알아내다니, 제법이잖아","이 짧은 시간에 쿠데타 얘기까지<6E5C>알아내다니, 제법이잖아"
dom2Mature_X02.mes,Script/dom2Mature_X02.mes,90,15,Mature,でしょ?被は見込みのある男よ,그치? 가능성 있는 남자야,그치? 가능성 있는 남자야
dom2Mature_X02.mes,Script/dom2Mature_X02.mes,91,8,UNKNOWN_42,たしかにな……,확실히 그렇군,확실히 그렇군
dom2Mature_X02.mes,Script/dom2Mature_X02.mes,92,22,Mature,あら、ダメよバイス.<6E5C>被はあげないんだから,안 돼 바이스.<6E5C>이 앤 안 줄 거야,안 돼 바이스.<6E5C>이 앤 안 줄 거야
dom2Mature_X02.mes,Script/dom2Mature_X02.mes,93,22,UNKNOWN_42,フフ、それを決めるのはこいつ<6E5C>自身だろう?,"후후, 정하는 건 이 녀석<6E5C>자신이겠지","후후, 정하는 건 이 녀석<6E5C>자신이겠지"
dom2Mature_X02.mes,Script/dom2Mature_X02.mes,94,7,Mature,それもそうね,그도 그렇네,그도 그렇네
dom2Mature_X02.mes,Script/dom2Mature_X02.mes,95,10,주인공,う……なんですか?,으……뭔가요?,으……뭔가요?
dom2Mature_X02.mes,Script/dom2Mature_X02.mes,96,23,Mature,<이름:3131>君は、どっちのお姉さんが<6E5C>お好みかしら?,"<이름:3131>군은, 어느 쪽 누나가<6E5C>취향이려나?","<이름:3131>군은, 어느 쪽 누나가<6E5C>취향이려나?"
dom2Mature_X02.mes,Script/dom2Mature_X02.mes,97,25,주인공,そ、それって答えなきゃいけない<6E5C>質問なんですか?,"그, 그거 꼭 대답해야<6E5C>하는 질문인가요?","그, 그거 꼭 대답해야<6E5C>하는 질문인가요?"
dom2Mature_X02.mes,Script/dom2Mature_X02.mes,98,4,UNKNOWN_42,当然だ,그렇다,그렇다
dom2Mature_X02.mes,Script/dom2Mature_X02.mes,99,10,Mature,大いに興味があるわ,무척 궁금한걸,무척 궁금한걸
dom2Mature_X02.mes,Script/dom2Mature_X02.mes,100,30,주인공,(どっちを選んでも地獄だな……<6E5C>だったらここは素直に……),(어느 쪽을 골라도 지옥이네<6E5C>그럼 여긴 솔직하게……),(어느 쪽을 골라도 지옥이네<6E5C>그럼 여긴 솔직하게……)
dom2Mature_X02.mes,Script/dom2Mature_X02.mes,101,15,[선택지],バイスさんですマチュアさんです,바이스 씨예요\마츄어 씨예요,바이스 씨예요\마츄어 씨예요
dom2Mature_X02.mes,Script/dom2Mature_X02.mes,102,13,주인공,えっと……バイスさんです,어 음……바이스 씨예요,어 음……바이스 씨예요
dom2Mature_X02.mes,Script/dom2Mature_X02.mes,103,23,UNKNOWN_42,ハハハ、見どころがあるじゃないか<6E5C>、<이름:3131><이름:3232>,"하하하, 제법 볼 만하잖아<6E5C>, <이름:3131><이름:3232>","하하하, 제법 볼 만하잖아<6E5C>, <이름:3131><이름:3232>"
dom2Mature_X02.mes,Script/dom2Mature_X02.mes,104,16,Mature,ハァ……これだからイヤになるわ,하아……그러니까 싫다니까,하아……그러니까 싫다니까
dom2Mature_X02.mes,Script/dom2Mature_X02.mes,105,29,Mature,私の魅力を理解できない人間など、<6E5C>滅んでしまえばいいのよ,"내 매력을 모르는 인간 따위,<6E5C>망해버리면 그만이야","내 매력을 모르는 인간 따위,<6E5C>망해버리면 그만이야"
dom2Mature_X02.mes,Script/dom2Mature_X02.mes,106,16,주인공,か、過激なことを言いますね……,과격한 말씀을 하시네요,과격한 말씀을 하시네요
dom2Mature_X02.mes,Script/dom2Mature_X02.mes,107,14,주인공,えっと……マチュアさんです,"어, 음……마츄어 씨예요","어, 음……마츄어 씨예요"
dom2Mature_X02.mes,Script/dom2Mature_X02.mes,108,17,Mature,ウフフ……よくわかってるじゃない,우후후……제법 잘 아네,우후후……제법 잘 아네
dom2Mature_X02.mes,Script/dom2Mature_X02.mes,109,13,UNKNOWN_42,チッ、これだから子どもは,"쯧, 그러니까 애들이란","쯧, 그러니까 애들이란"
dom2Mature_X02.mes,Script/dom2Mature_X02.mes,110,8,주인공,す、すみません,"죄, 죄송해요","죄, 죄송해요"
dom2Mature_X02.mes,Script/dom2Mature_X02.mes,111,9,Mature,それはまぁいいわ,그건 뭐 됐어,그건 뭐 됐어
dom2Mature_X02.mes,Script/dom2Mature_X02.mes,112,10,Mature,本題に戻りましょう,본론으로 돌아가자,본론으로 돌아가자
dom2Mature_X02.mes,Script/dom2Mature_X02.mes,113,5,UNKNOWN_42,そうだな,그러지,그러지
dom2Mature_X02.mes,Script/dom2Mature_X02.mes,114,13,주인공,(ハァ……勝手な人たち),(제멋대로인 사람들),(제멋대로인 사람들)
dom2Mature_X02.mes,Script/dom2Mature_X02.mes,115,4,Mature,<이름:3131>君,<이름:3131>군,<이름:3131>군
dom2Mature_X02.mes,Script/dom2Mature_X02.mes,116,5,주인공,は、はい,"네, 네","네, 네"
dom2Mature_X02.mes,Script/dom2Mature_X02.mes,117,25,Mature,あなたは、私たちのことを信用して<6E5C>いるのかしら?,"넌, 우릴 믿고<6E5C>있는 거니?","넌, 우릴 믿고<6E5C>있는 거니?"
dom2Mature_X02.mes,Script/dom2Mature_X02.mes,118,12,주인공,え……と、今のところは,어……음 지금은 일단,어……음 지금은 일단
dom2Mature_X02.mes,Script/dom2Mature_X02.mes,119,28,UNKNOWN_42,正直な奴だな.だが、そのほうが<6E5C>こちらも信用できていい,솔직한 녀석이군. 그편이<6E5C>믿을 수 있어 좋다,솔직한 녀석이군. 그편이<6E5C>믿을 수 있어 좋다
dom2Mature_X02.mes,Script/dom2Mature_X02.mes,120,34,Mature,そうね.<6E5C>なら、今は信用してくれてる<6E5C><이름:3131>君にお願いがあるんだけど,그렇네.<6E5C>그럼 지금은 믿어주고 있는<6E5C><이름:3131>군한테 부탁이 있는데,그렇네.<6E5C>그럼 지금은 믿어주고 있는<6E5C><이름:3131>군한테 부탁이 있는데
dom2Mature_X02.mes,Script/dom2Mature_X02.mes,121,7,주인공,なんですか?,뭔가요?,뭔가요?
dom2Mature_X02.mes,Script/dom2Mature_X02.mes,122,45,Mature,この先、なにかしらの選択を迫られ<6E5C>ることがあったとき、私たちの<6E5C>ことを信じ続けてほしいの,"앞으로, 어떤 선택을 강요받는<6E5C>순간이 오더라도, 우릴<6E5C>계속 믿어줬으면 해","앞으로, 어떤 선택을 강요받는<6E5C>순간이 오더라도, 우릴<6E5C>계속 믿어줬으면 해"
dom2Mature_X02.mes,Script/dom2Mature_X02.mes,123,11,주인공,どういうことですか?,그게 뭔 말이에요?,그게 뭔 말이에요?
dom2Mature_X02.mes,Script/dom2Mature_X02.mes,124,35,UNKNOWN_42,今回の件は、<6E5C>何人かの人間による化かし合いの<6E5C>ようなところがあるんだ,"이번 일은,<6E5C>몇몇의 속고 속이는<6E5C>싸움 같은 면이 있다","이번 일은,<6E5C>몇몇의 속고 속이는<6E5C>싸움 같은 면이 있다"
dom2Mature_X02.mes,Script/dom2Mature_X02.mes,125,36,Mature,そう、互いにけん制し合いながら、<6E5C>どこかで出し抜こうと<6E5C>狙っているのよ,"맞아 서로 견제하면서,<6E5C>어딘가에서 뒤통수치려고<6E5C>노리고 있는 거야","맞아 서로 견제하면서,<6E5C>어딘가에서 뒤통수치려고<6E5C>노리고 있는 거야"
dom2Mature_X02.mes,Script/dom2Mature_X02.mes,126,26,주인공,僕はおふたりを信用しても<6E5C>だいじょうぶなんですね?,저는 두 분을 믿어도<6E5C>괜찮은 거죠?,저는 두 분을 믿어도<6E5C>괜찮은 거죠?
dom2Mature_X02.mes,Script/dom2Mature_X02.mes,127,3,Mature,ええ,그럼,그럼
dom2Mature_X02.mes,Script/dom2Mature_X02.mes,128,20,UNKNOWN_42,お前が信じるに足ると思っている<6E5C>間はな,믿을 만하다 생각하는<6E5C>동안은 말이지,믿을 만하다 생각하는<6E5C>동안은 말이지
dom2Mature_X02.mes,Script/dom2Mature_X02.mes,129,7,주인공,わかりました,알겠습니다,알겠습니다
dom2Mature_X02.mes,Script/dom2Mature_X02.mes,130,65,주인공,(今のところどういうことか全然<6E5C>わからないけど、)<485C>(このふたりがこれだけ真剣に<6E5C>話すんだから、信用しても<6E5C>だいじょうぶだろう),"(지금은 무슨 소린지 전혀<6E5C>모르겠지만,)<485C>(이 두 사람이 이렇게까지 진지하게<6E5C>얘기하는 거니까, 믿어도<6E5C>괜찮겠지)","(지금은 무슨 소린지 전혀<6E5C>모르겠지만,)<485C>(이 두 사람이 이렇게까지 진지하게<6E5C>얘기하는 거니까, 믿어도<6E5C>괜찮겠지)"
dom2Mature_X02.mes,Script/dom2Mature_X02.mes,131,14,Mature,それじゃ、引き続きお願いね,"그럼, 계속 부탁할게","그럼, 계속 부탁할게"
dom2Mature_X02.mes,Script/dom2Mature_X02.mes,132,3,주인공,はい,네,네
dom2Mature_X02.mes,Script/dom2Mature_X02.mes,133,10,Mature,フフ、いい子ね……,후후 착한 아이네,후후 착한 아이네
dom2Mature_X03.mes,Script/dom2Mature_X03.mes,0,9,주인공,(あれは……?),(저건……?),(저건……?)
dom2Mature_X03.mes,Script/dom2Mature_X03.mes,1,20,주인공,(ゲーニッツ先生と<6E5C>マチュアさん……),(게닛츠 선생님이랑<6E5C>마츄어 씨……),(게닛츠 선생님이랑<6E5C>마츄어 씨……)
dom2Mature_X03.mes,Script/dom2Mature_X03.mes,2,8,UNKNOWN_1e,怪しいふたりね,수상한 둘이네,수상한 둘이네
dom2Mature_X03.mes,Script/dom2Mature_X03.mes,3,25,주인공,マリーさん、怪しいふたりって<6E5C>どういうことです?,"마리 씨, 수상한 둘이라니<6E5C>무슨 말이에요?","마리 씨, 수상한 둘이라니<6E5C>무슨 말이에요?"
dom2Mature_X03.mes,Script/dom2Mature_X03.mes,4,44,Mary,言葉のままの意味よ.<6E5C>あなただって少しはそう思うから、<6E5C>物影に身を潜めたんじゃないの?,"말 그대로의 뜻이야.<6E5C>너도 조금은 그렇게 생각하니까,<6E5C>그늘에 숨은 거 아니야?","말 그대로의 뜻이야.<6E5C>너도 조금은 그렇게 생각하니까,<6E5C>그늘에 숨은 거 아니야?"
dom2Mature_X03.mes,Script/dom2Mature_X03.mes,5,6,주인공,それは……,그건……,그건……
dom2Mature_X03.mes,Script/dom2Mature_X03.mes,6,20,Mary,<이름:3131>君、あなたなにか<6E5C>知っているわね?,"<이름:3131>군, 너 뭔가<6E5C>알고 있지?","<이름:3131>군, 너 뭔가<6E5C>알고 있지?"
dom2Mature_X03.mes,Script/dom2Mature_X03.mes,7,58,주인공,いえ、ほんとになにも<6E5C>知らないんですよ<485C>巻き込まれてはいるんだろうけど、<6E5C>誰も具体的なことを<6E5C>教えてくれなくて……,"아뇨, 정말 아무것도<6E5C>모른다고요<485C>휘말리긴 한 것 같은데,<6E5C>아무도 구체적인 걸<6E5C>알려주질 않아서……","아뇨, 정말 아무것도<6E5C>모른다고요<485C>휘말리긴 한 것 같은데,<6E5C>아무도 구체적인 걸<6E5C>알려주질 않아서……"
dom2Mature_X03.mes,Script/dom2Mature_X03.mes,8,12,Mary,教えてあげましょうか?,알려줄까?,알려줄까?
dom2Mature_X03.mes,Script/dom2Mature_X03.mes,9,10,주인공,え、ほんとですか?,"네, 정말요?","네, 정말요?"
dom2Mature_X03.mes,Script/dom2Mature_X03.mes,10,11,Mary,ただし、桑件があるわ,"다만, 조건이 있어","다만, 조건이 있어"
dom2Mature_X03.mes,Script/dom2Mature_X03.mes,11,7,주인공,なんですか?,뭔데요?,뭔데요?
dom2Mature_X03.mes,Script/dom2Mature_X03.mes,12,43,Mary,今後、一切の情報を他人に<6E5C>漏らさないこと.それから、<6E5C>私の仕事に手を貸すこと.どう?,"앞으로, 정보를 남에게<6E5C>흘리지 말 것. 그리고,<6E5C>내 일을 도울 것. 어때?","앞으로, 정보를 남에게<6E5C>흘리지 말 것. 그리고,<6E5C>내 일을 도울 것. 어때?"
dom2Mature_X03.mes,Script/dom2Mature_X03.mes,13,49,주인공,(それって……マチュアさんたちと<6E5C>衝突することになっても、マリー<6E5C>さんにつくってことだよな……),"(그거……마츄어 씨네랑<6E5C>부딪히게 되더라도, 마리<6E5C>씨 편에 서라는 거지……)","(그거……마츄어 씨네랑<6E5C>부딪히게 되더라도, 마리<6E5C>씨 편에 서라는 거지……)"
dom2Mature_X03.mes,Script/dom2Mature_X03.mes,14,12,[선택지],わかりましたやめときます,알겠습니다\그만두겠습니다,알겠습니다\그만두겠습니다
dom2Mature_X03.mes,Script/dom2Mature_X03.mes,15,46,주인공,わかりました.この訳のわからない<6E5C>状況を打破できるんだったら、<6E5C>マリーさんの指示に従います,"알겠습니다. 이 영문 모를<6E5C>상황을 타개할 수 있다면,<6E5C>마리 씨 지시를 따를게요","알겠습니다. 이 영문 모를<6E5C>상황을 타개할 수 있다면,<6E5C>마리 씨 지시를 따를게요"
dom2Mature_X03.mes,Script/dom2Mature_X03.mes,16,11,Mary,今の言葉、忘れないで,"그 말, 잊지 마","그 말, 잊지 마"
dom2Mature_X03.mes,Script/dom2Mature_X03.mes,17,3,주인공,はい,네,네
dom2Mature_X03.mes,Script/dom2Mature_X03.mes,18,12,UNKNOWN_1e,あら、なんの話かしら?,"어머, 무슨 얘기니?","어머, 무슨 얘기니?"
dom2Mature_X03.mes,Script/dom2Mature_X03.mes,19,10,주인공,マ、マチュアさん!,"마, 마츄어 씨!","마, 마츄어 씨!"
dom2Mature_X03.mes,Script/dom2Mature_X03.mes,20,3,Mary,……,……,……
dom2Mature_X03.mes,Script/dom2Mature_X03.mes,21,19,Mature,<이름:3131>君、少し向こうで<6E5C>お話ししない?,"<이름:3131>군, 잠깐 저쪽에서<6E5C>얘기할까?","<이름:3131>군, 잠깐 저쪽에서<6E5C>얘기할까?"
dom2Mature_X03.mes,Script/dom2Mature_X03.mes,22,16,주인공,(うぅ~どうしたらいいんだ?),(으으~ 어쩌면 좋지?),(으으~ 어쩌면 좋지?)
dom2Mature_X03.mes,Script/dom2Mature_X03.mes,23,27,Mary,それじゃ、お忙しいようだから、<6E5C>私はこれで失礼するわ,"그럼, 바쁘신 것 같으니,<6E5C>난 이만 실례할게","그럼, 바쁘신 것 같으니,<6E5C>난 이만 실례할게"
dom2Mature_X03.mes,Script/dom2Mature_X03.mes,24,9,주인공,あ、マリーさん!,"아, 마리 씨!","아, 마리 씨!"
dom2Mature_X03.mes,Script/dom2Mature_X03.mes,25,6,Mature,<이름:3131>君……,<이름:3131>군……,<이름:3131>군……
dom2Mature_X03.mes,Script/dom2Mature_X03.mes,26,5,주인공,は、はい,"네, 네","네, 네"
dom2Mature_X03.mes,Script/dom2Mature_X03.mes,27,12,Mature,なにをしてたのかしら?,뭘 하고 있던 거니?,뭘 하고 있던 거니?
dom2Mature_X03.mes,Script/dom2Mature_X03.mes,28,12,주인공,た、ただの世間話ですよ,그 그냥 잡담이었어요,그 그냥 잡담이었어요
dom2Mature_X03.mes,Script/dom2Mature_X03.mes,29,16,Mature,フーン、そうはみえなかったけど,"흐응, 그렇게는 안 보였는데","흐응, 그렇게는 안 보였는데"
dom2Mature_X03.mes,Script/dom2Mature_X03.mes,30,34,주인공,マ、マチュアさんこそ、<6E5C>ゲーニッツ先生となにを<6E5C>話してたんですか?,마츄어 씨야말로<6E5C>게닛츠 선생님이랑 무슨<6E5C>얘길 하고 있었어요?,마츄어 씨야말로<6E5C>게닛츠 선생님이랑 무슨<6E5C>얘길 하고 있었어요?
dom2Mature_X03.mes,Script/dom2Mature_X03.mes,31,19,Mature,あら、見てたの?<6E5C>めざとい子ねぇ……,"어머, 보고 있었어?<6E5C>눈치 빠르네","어머, 보고 있었어?<6E5C>눈치 빠르네"
dom2Mature_X03.mes,Script/dom2Mature_X03.mes,32,35,Mature,でも、あんまり簡単に男と<6E5C>女のことに、首を突っ込むものじゃ<6E5C>ないわよ,"근데, 너무 쉽게 남녀 사이<6E5C>일에 끼어드는 거<6E5C>아니야","근데, 너무 쉽게 남녀 사이<6E5C>일에 끼어드는 거<6E5C>아니야"
dom2Mature_X03.mes,Script/dom2Mature_X03.mes,33,21,주인공,ぼ、僕のほうも、<6E5C>男と女の問題なんで……,"저, 저도, 남녀 사이<6E5C>문제라서……","저, 저도, 남녀 사이<6E5C>문제라서……"
dom2Mature_X03.mes,Script/dom2Mature_X03.mes,34,54,Mature,へぇ……あんまりつり合ってる<6E5C>ようには見えなかったけど……<485C>でもそういうことなら、<6E5C>首を突っ込むのは無粋ね,"허어……별로 어울리는<6E5C>것처럼은 안 보였는데……<485C>근데 그런 거라면,<6E5C>끼어드는 건 눈치 없는 짓이네","허어……별로 어울리는<6E5C>것처럼은 안 보였는데……<485C>근데 그런 거라면,<6E5C>끼어드는 건 눈치 없는 짓이네"
dom2Mature_X03.mes,Script/dom2Mature_X03.mes,35,6,주인공,ど、どうも,고마워요,고마워요
dom2Mature_X03.mes,Script/dom2Mature_X03.mes,36,29,주인공,(ヘビににらまれたカエルの気持ち<6E5C>……痛いほどわかるな),(뱀 앞의 개구리 심정<6E5C>……뼈저리게 알겠네),(뱀 앞의 개구리 심정<6E5C>……뼈저리게 알겠네)
dom2Mature_X03.mes,Script/dom2Mature_X03.mes,37,24,주인공,えっと……情報はほしいですけど、<6E5C>やめときます,"음……정보는 갖고 싶지만,<6E5C>그만둘게요","음……정보는 갖고 싶지만,<6E5C>그만둘게요"
dom2Mature_X03.mes,Script/dom2Mature_X03.mes,38,34,주인공,僕は、これからは自分の意思で<6E5C>この件に関わっていくことに<6E5C>しました,"저는, 앞으로는 제 의지로<6E5C>이 일에 관여하기로<6E5C>했어요","저는, 앞으로는 제 의지로<6E5C>이 일에 관여하기로<6E5C>했어요"
dom2Mature_X03.mes,Script/dom2Mature_X03.mes,39,24,주인공,誰かに行動を制限されるのは本意で<6E5C>はありません,누군가에게 행동 제약받는 건<6E5C>제뜻 아니에요,누군가에게 행동 제약받는 건<6E5C>제뜻 아니에요
dom2Mature_X03.mes,Script/dom2Mature_X03.mes,40,10,Mary,そう、それは残念ね,그래 그거 아쉽네,그래 그거 아쉽네
dom2Mature_X03.mes,Script/dom2Mature_X03.mes,41,34,Mary,でも、これだけは覚えておいて.<6E5C>己の正義を見誤っちゃ<6E5C>いけないわよ,근데 이것만은 기억해 둬.<6E5C>스스로의 정의를 잘못 보면<6E5C>안 돼,근데 이것만은 기억해 둬.<6E5C>스스로의 정의를 잘못 보면<6E5C>안 돼
dom2Mature_X03.mes,Script/dom2Mature_X03.mes,42,7,주인공,己の正義……,나의 정의라,나의 정의라
dom2Mature_X03.mes,Script/dom2Mature_X03.mes,43,17,주인공,わかりました、胸に刻んでおきます,"알겠어요, 가슴에 새겨둘게요","알겠어요, 가슴에 새겨둘게요"
dom2Mature_X03.mes,Script/dom2Mature_X03.mes,44,11,Mary,それじゃ、私は行くわ,"그럼, 난 갈게","그럼, 난 갈게"
dom2Mature_X03.mes,Script/dom2Mature_X03.mes,45,10,주인공,(……己の正義か),(나만의 정의라),(나만의 정의라)
dom2Mature_X03.mes,Script/dom2Mature_X03.mes,46,29,주인공,(ハァ……お祓いでもしたら、<6E5C>この状況を変えられるかな),"(하아……액막이라도 하면,<6E5C>이 상황이 좀 바뀔까)","(하아……액막이라도 하면,<6E5C>이 상황이 좀 바뀔까)"
dom2Mature_X03.mes,Script/dom2Mature_X03.mes,47,10,UNKNOWN_1e,どうしたのかしら?,무슨 일이야?,무슨 일이야?
dom2Mature_X03.mes,Script/dom2Mature_X03.mes,48,8,주인공,あ……神楽先輩,카구라 선배,카구라 선배
dom2Mature_X03.mes,Script/dom2Mature_X03.mes,49,22,Chizuru,浮かない顔をしてるわね.<6E5C>なにかトラブル?,표정이 안 좋네.<6E5C>무슨 문제라도 있어?,표정이 안 좋네.<6E5C>무슨 문제라도 있어?
dom2Mature_X03.mes,Script/dom2Mature_X03.mes,50,27,주인공,はい……出口の見えない迷宮に<6E5C>さまよい込んだ気分です,네……출구 안 보이는 미궁에<6E5C>빠진 기분이에요,네……출구 안 보이는 미궁에<6E5C>빠진 기분이에요
dom2Mature_X03.mes,Script/dom2Mature_X03.mes,51,24,Chizuru,それは大変ねぇ.<6E5C>よかったら話してみてくれる?,그거 힘들겠네.<6E5C>괜찮으면 얘기해 볼래?,그거 힘들겠네.<6E5C>괜찮으면 얘기해 볼래?
dom2Mature_X03.mes,Script/dom2Mature_X03.mes,52,27,주인공,それが、誰にも話せないから余計に<6E5C>困っているんですよ,"그게, 아무한테도 말 못 해서 더<6E5C>곤란한 거예요","그게, 아무한테도 말 못 해서 더<6E5C>곤란한 거예요"
dom2Mature_X03.mes,Script/dom2Mature_X03.mes,53,19,Chizuru,そう……話せないのでは<6E5C>仕方ないわね,그래……말 못 한다면<6E5C>어쩔수 없네,그래……말 못 한다면<6E5C>어쩔수 없네
dom2Mature_X03.mes,Script/dom2Mature_X03.mes,54,36,Chizuru,でもあまり抱え込まずに、<6E5C>重い荷物は誰かといっしょに<6E5C>持つのがいいわよ,"너무 혼자 끌어안지 말고,<6E5C>무거운 짐은 같이<6E5C>드는 게 좋아","너무 혼자 끌어안지 말고,<6E5C>무거운 짐은 같이<6E5C>드는 게 좋아"
dom2Mature_X03.mes,Script/dom2Mature_X03.mes,55,27,주인공,誰かといっしょに、か.<6E5C>わかりました.そうしてみます,누군가와 함께라……<6E5C>알겠습니다. 그렇게 해볼게요,누군가와 함께라……<6E5C>알겠습니다. 그렇게 해볼게요
dom2Mature_X03.mes,Script/dom2Mature_X03.mes,56,11,Mature,いらっしゃい、<이름:3131>君,"어서 와, <이름:3131>군","어서 와, <이름:3131>군"
dom2Mature_X03.mes,Script/dom2Mature_X03.mes,57,12,UNKNOWN_42,どうした、暗い顔をして,왜 그래 어두운 얼굴,왜 그래 어두운 얼굴
dom2Mature_X03.mes,Script/dom2Mature_X03.mes,58,3,주인공,……,……,……
dom2Mature_X03.mes,Script/dom2Mature_X03.mes,59,17,Mature,なにか言いたいことでもありそうね,할 말이 있어 보이네,할 말이 있어 보이네
dom2Mature_X03.mes,Script/dom2Mature_X03.mes,60,26,주인공,僕、やっぱり今のままでは<6E5C>おふたりに協力できません,역시 지금 이대로는<6E5C>두 분께 협력 못 해요,역시 지금 이대로는<6E5C>두 분께 협력 못 해요
dom2Mature_X03.mes,Script/dom2Mature_X03.mes,61,11,Mature,どういうことかしら?,무슨 뜻이니?,무슨 뜻이니?
dom2Mature_X03.mes,Script/dom2Mature_X03.mes,62,58,주인공,わからないことが多すぎますよ<485C>そんな中で、自分がどういう役割を<6E5C>担ってるのか、どこへ行こうと<6E5C>してるのかわからない,"모르는 게 너무 많아요<485C>그런 상황에서, 제가 무슨 역할을<6E5C>맡고 있는지, 어디로 가려는<6E5C>건지 모르겠어요","모르는 게 너무 많아요<485C>그런 상황에서, 제가 무슨 역할을<6E5C>맡고 있는지, 어디로 가려는<6E5C>건지 모르겠어요"
dom2Mature_X03.mes,Script/dom2Mature_X03.mes,63,28,주인공,こんな状態で、誰かを信じて<6E5C>進んでいくことはできません,"이런 상태로, 누군가를 믿고<6E5C>나아갈 수는 없어요","이런 상태로, 누군가를 믿고<6E5C>나아갈 수는 없어요"
dom2Mature_X03.mes,Script/dom2Mature_X03.mes,64,13,UNKNOWN_42,まぁ、もっともな意見だな,"뭐, 지당한 의견이군","뭐, 지당한 의견이군"
dom2Mature_X03.mes,Script/dom2Mature_X03.mes,65,6,Mature,そうね……,그렇네……,그렇네……
dom2Mature_X03.mes,Script/dom2Mature_X03.mes,66,44,주인공,もし、これ以上なにも話して<6E5C>もらえないのなら、僕は今回の件<6E5C>から手を引かせてもらいます,"더 이상 아무것도 말해<6E5C>주지 않으신다면, 이번 일에서<6E5C>손을 떼겠습니다","더 이상 아무것도 말해<6E5C>주지 않으신다면, 이번 일에서<6E5C>손을 떼겠습니다"
dom2Mature_X03.mes,Script/dom2Mature_X03.mes,67,5,UNKNOWN_42,本気か?,진짜냐?,진짜냐?
dom2Mature_X03.mes,Script/dom2Mature_X03.mes,68,3,주인공,はい,네,네
dom2Mature_X03.mes,Script/dom2Mature_X03.mes,69,11,UNKNOWN_42,どうする、マチュア?,"어쩔까, 마츄어?","어쩔까, 마츄어?"
dom2Mature_X03.mes,Script/dom2Mature_X03.mes,70,28,Mature,……いいわ、話しましょう.<6E5C>あなたには閉く権利があるわ,"……좋아, 말해줄게.<6E5C>너한텐 들을 권리가 있으니까","……좋아, 말해줄게.<6E5C>너한텐 들을 권리가 있으니까"
dom2Mature_X03.mes,Script/dom2Mature_X03.mes,71,5,UNKNOWN_42,そうだな,그렇군,그렇군
dom2Mature_X03.mes,Script/dom2Mature_X03.mes,72,29,주인공,じゃあまず、今回の件の大まかな<6E5C>説明をしてもらえますか?,"먼저, 이번 일의 대략적인<6E5C>설명 해주실 수 있나요?","먼저, 이번 일의 대략적인<6E5C>설명 해주실 수 있나요?"
dom2Mature_X03.mes,Script/dom2Mature_X03.mes,73,67,Mature,ええ.まず最初に知って<6E5C>おかなくてはならないことは、<485C>清泉大学のある重要機密の入った<6E5C>ディスクが外部に流出して<6E5C>しまったということね,"그래. 먼저 알아둬야<6E5C>할 건,<485C>세이센 대학의 중요 기밀이 담긴<6E5C>디스크가 외부로 유출<6E5C>됐다는 거야","그래. 먼저 알아둬야<6E5C>할 건,<485C>세이센 대학의 중요 기밀이 담긴<6E5C>디스크가 외부로 유출<6E5C>됐다는 거야"
dom2Mature_X03.mes,Script/dom2Mature_X03.mes,74,6,주인공,重要機密?,기밀요?,기밀요?
dom2Mature_X03.mes,Script/dom2Mature_X03.mes,75,35,Mature,ええ.ただ、<6E5C>その内容は私たちも知らないわ.<6E5C>これは信じてちょうだい,"그래. 다만,<6E5C>그 내용은 우리도 몰라.<6E5C>이건 믿어줘","그래. 다만,<6E5C>그 내용은 우리도 몰라.<6E5C>이건 믿어줘"
dom2Mature_X03.mes,Script/dom2Mature_X03.mes,76,7,주인공,わかりました,알겠습니다,알겠습니다
dom2Mature_X03.mes,Script/dom2Mature_X03.mes,77,37,Mature,次に、このディスクだけども……<6E5C>現在手にしているのは、<6E5C>ゲーニッツ先生よ,"다음으로 이 디스크 말인데<6E5C>지금 갖고 있는 건,<6E5C>게닛츠 선생님이야","다음으로 이 디스크 말인데<6E5C>지금 갖고 있는 건,<6E5C>게닛츠 선생님이야"
dom2Mature_X03.mes,Script/dom2Mature_X03.mes,78,21,주인공,え、えぇ!?<6E5C>どうしてゲーニッツ先生が?,"네, 네!?<6E5C>왜 게닛츠 선생님이?","네, 네!?<6E5C>왜 게닛츠 선생님이?"
dom2Mature_X03.mes,Script/dom2Mature_X03.mes,79,15,UNKNOWN_42,今回の黒幕が、あの男だからだ,"이번 흑막이, 그 남자니까","이번 흑막이, 그 남자니까"
dom2Mature_X03.mes,Script/dom2Mature_X03.mes,80,40,주인공,黒幕?というと、<6E5C>ディスクを手に入れてクーデターを<6E5C>起こそうとしているのは……,"흑막요? 그럼,<6E5C>디스크를 손에 넣고 쿠데타를<6E5C>일으키려는 건……","흑막요? 그럼,<6E5C>디스크를 손에 넣고 쿠데타를<6E5C>일으키려는 건……"
dom2Mature_X03.mes,Script/dom2Mature_X03.mes,81,10,Mature,そう、ゲーニッツよ,"맞아, 게닛츠야","맞아, 게닛츠야"
dom2Mature_X03.mes,Script/dom2Mature_X03.mes,82,36,주인공,……だとすると、マチュアさん<6E5C>たちはクーデター派に<6E5C>属するわけですか?,"……그럼, 마츄어 씨<6E5C>일행은 쿠데타파에<6E5C>속하는 건가요?","……그럼, 마츄어 씨<6E5C>일행은 쿠데타파에<6E5C>속하는 건가요?"
dom2Mature_X03.mes,Script/dom2Mature_X03.mes,83,5,UNKNOWN_42,なぜだ?,어째서?,어째서?
dom2Mature_X03.mes,Script/dom2Mature_X03.mes,84,33,주인공,僕、今日マチュアさんが<6E5C>ゲーニッツ先生と話しているのを<6E5C>見ました,저 오늘 마츄어 씨가<6E5C>게닛츠 선생님이랑 얘기하는 걸<6E5C>봤어요,저 오늘 마츄어 씨가<6E5C>게닛츠 선생님이랑 얘기하는 걸<6E5C>봤어요
dom2Mature_X03.mes,Script/dom2Mature_X03.mes,85,25,주인공,あれは、クーデターに関する<6E5C>相談だったんですか?,"그거, 쿠데타에 관한<6E5C>상의였나요?","그거, 쿠데타에 관한<6E5C>상의였나요?"
dom2Mature_X03.mes,Script/dom2Mature_X03.mes,86,8,Mature,フフ、違うわよ,"후후, 아니야","후후, 아니야"
dom2Mature_X03.mes,Script/dom2Mature_X03.mes,87,9,주인공,じゃあどうして?,그럼 왜요?,그럼 왜요?
dom2Mature_X03.mes,Script/dom2Mature_X03.mes,88,23,UNKNOWN_42,フゥ……厄介なところを見られたな<6E5C>、マチュア,"후……곤란한 장면을 들켰군<6E5C>, 마츄어","후……곤란한 장면을 들켰군<6E5C>, 마츄어"
dom2Mature_X03.mes,Script/dom2Mature_X03.mes,89,29,주인공,じゃ、じゃあやっぱりおふたりは<6E5C>ゲーニッツ先生と関係が?,"그, 그럼 역시 두 분은<6E5C>게닛츠 선생님이랑 관계가?","그, 그럼 역시 두 분은<6E5C>게닛츠 선생님이랑 관계가?"
dom2Mature_X03.mes,Script/dom2Mature_X03.mes,90,14,UNKNOWN_42,関係があったことは、事実だ,관계 있었던 건 사실이다,관계 있었던 건 사실이다
dom2Mature_X03.mes,Script/dom2Mature_X03.mes,91,21,주인공,あった?<6E5C>現在もあるんではないんですか?,있었다고요?<6E5C>지금도 있는거 아니에요?,있었다고요?<6E5C>지금도 있는거 아니에요?
dom2Mature_X03.mes,Script/dom2Mature_X03.mes,92,22,Mature,困ったわね……<6E5C>どう説明すればいいのかしら,곤란하네……<6E5C>어떻게 설명하면 좋을까,곤란하네……<6E5C>어떻게 설명하면 좋을까
dom2Mature_X03.mes,Script/dom2Mature_X03.mes,93,17,UNKNOWN_42,順を追って説明するしかないだろう,순서대로 설명하는 수밖에 없지,순서대로 설명하는 수밖에 없지
dom2Mature_X03.mes,Script/dom2Mature_X03.mes,94,7,주인공,お願いします,부탁드려요,부탁드려요
dom2Mature_X03.mes,Script/dom2Mature_X03.mes,95,58,UNKNOWN_42,ディスクについてだが、<485C>あれは学長の持っているパソコンの<6E5C>中に入っているデータのバック<6E5C>アップ用ディスクだったんだ,"디스크 말인데,<485C>그건 학장이 가진 컴퓨터<6E5C>안에 있는 데이터의 백업용<6E5C>디스크였다","디스크 말인데,<485C>그건 학장이 가진 컴퓨터<6E5C>안에 있는 데이터의 백업용<6E5C>디스크였다"
dom2Mature_X03.mes,Script/dom2Mature_X03.mes,96,26,UNKNOWN_42,そして、それをゲーニッツに<6E5C>渡したのは……私たちだ,"그리고, 그걸 게닛츠에게<6E5C>건넨 건……우리다","그리고, 그걸 게닛츠에게<6E5C>건넨 건……우리다"
dom2Mature_X03.mes,Script/dom2Mature_X03.mes,97,5,주인공,えぇ!?,네에!?,네에!?
dom2Mature_X03.mes,Script/dom2Mature_X03.mes,98,12,Mature,驚くのも無理はないわね,놀랄 만도 하지,놀랄 만도 하지
dom2Mature_X03.mes,Script/dom2Mature_X03.mes,99,15,주인공,ど、どういうことなんですか?,"그, 그게 무슨 말이에요?","그, 그게 무슨 말이에요?"
dom2Mature_X03.mes,Script/dom2Mature_X03.mes,100,23,Mature,……元々、私たちとゲーニッツは<6E5C>仲間だったの,"……원래, 우리랑 게닛츠는<6E5C>한패였어","……원래, 우리랑 게닛츠는<6E5C>한패였어"
dom2Mature_X03.mes,Script/dom2Mature_X03.mes,101,25,Mature,組んで、清泉大学の学長のポストを<6E5C>狙っていたのよ,손잡고 세이센대 학장 자리를<6E5C>노리고 있었거든,손잡고 세이센대 학장 자리를<6E5C>노리고 있었거든
dom2Mature_X03.mes,Script/dom2Mature_X03.mes,102,48,UNKNOWN_42,ゲーニッツが学長としての実権を<6E5C>握り、私たちもそれに乗って好きに<6E5C>やらせてもらおうと思っていた,"게닛츠가 학장으로서 실권을<6E5C>잡으면, 우리도 거기 편승해 맘대로<6E5C>해보려고 했었지","게닛츠가 학장으로서 실권을<6E5C>잡으면, 우리도 거기 편승해 맘대로<6E5C>해보려고 했었지"
dom2Mature_X03.mes,Script/dom2Mature_X03.mes,103,36,주인공,ま、まさに今の状況はそれに向けて<6E5C>着実に前進しているじゃないですか<6E5C>!,그야말로 지금 상황이 그걸 향해<6E5C>착실히 나아가는 거<6E5C>아니에요!,그야말로 지금 상황이 그걸 향해<6E5C>착실히 나아가는 거<6E5C>아니에요!
dom2Mature_X03.mes,Script/dom2Mature_X03.mes,104,25,UNKNOWN_42,その通りだ.だが、私たちは違う<6E5C>道を選択したんだ,그 말대로다. 하지만 우린 다른<6E5C>길을 택했다,그 말대로다. 하지만 우린 다른<6E5C>길을 택했다
dom2Mature_X03.mes,Script/dom2Mature_X03.mes,105,5,주인공,違う道?,다른길?,다른길?
dom2Mature_X03.mes,Script/dom2Mature_X03.mes,106,19,Mature,今の清泉大学を護ろう、<6E5C>ということよ,"지금 세이센대를 지키자,<6E5C>는 거야","지금 세이센대를 지키자,<6E5C>는 거야"
dom2Mature_X03.mes,Script/dom2Mature_X03.mes,107,25,주인공,そ、それはえらく大幅に道を<6E5C>変更しましたねぇ……,"그, 그거 엄청 크게 방향을<6E5C>바꾸셨네요……","그, 그거 엄청 크게 방향을<6E5C>바꾸셨네요……"
dom2Mature_X03.mes,Script/dom2Mature_X03.mes,108,23,UNKNOWN_42,皮肉か……フフ、<6E5C>甘んじて閉いておいてやろう,"비꼬는 건가……후후,<6E5C>기꺼이 들어주지","비꼬는 건가……후후,<6E5C>기꺼이 들어주지"
dom2Mature_X03.mes,Script/dom2Mature_X03.mes,109,23,Mature,私はね、今の清泉大学を<6E5C>気に入ってしまったの,지금 세이센 대학이<6E5C>마음에 들어버렸거든,지금 세이센 대학이<6E5C>마음에 들어버렸거든
dom2Mature_X03.mes,Script/dom2Mature_X03.mes,110,16,UNKNOWN_42,私はどちらでもよかったんだがな,나야 어느쪽이든 상관없었지만,나야 어느쪽이든 상관없었지만
dom2Mature_X03.mes,Script/dom2Mature_X03.mes,111,41,Mature,夢と希望にあふれた若い男たちとの<6E5C>、愉悦の日々……これに優る快楽が<6E5C>あるかしら?,꿈과 희망에 찬 젊은 남자들과의<6E5C>즐거운 나날……이보다 나은 쾌락<6E5C>있을까?,꿈과 희망에 찬 젊은 남자들과의<6E5C>즐거운 나날……이보다 나은 쾌락<6E5C>있을까?
dom2Mature_X03.mes,Script/dom2Mature_X03.mes,112,7,주인공,さ、さぁ……,"그, 글쎄요","그, 글쎄요"
dom2Mature_X03.mes,Script/dom2Mature_X03.mes,113,23,UNKNOWN_42,フフ、本当のことを言ったらどうだ<6E5C>、マチュア,"후후, 진짜 이유를 말해보지<6E5C>, 마츄어","후후, 진짜 이유를 말해보지<6E5C>, 마츄어"
dom2Mature_X03.mes,Script/dom2Mature_X03.mes,114,17,UNKNOWN_42,ひとりの学生に惹かれたんです、と,"한 학생에게 끌렸습니다, 라고","한 학생에게 끌렸습니다, 라고"
dom2Mature_X03.mes,Script/dom2Mature_X03.mes,115,7,Mature,バイス……!,바이스……!,바이스……!
dom2Mature_X03.mes,Script/dom2Mature_X03.mes,116,8,주인공,ひとりの学生?,한 학생요?,한 학생요?
dom2Mature_X03.mes,Script/dom2Mature_X03.mes,117,17,UNKNOWN_42,フフ、<6E5C>お前のことだよ、<이름:3131><이름:3232>,"후후,<6E5C>네 얘기다, <이름:3131><이름:3232>","후후,<6E5C>네 얘기다, <이름:3131><이름:3232>"
dom2Mature_X03.mes,Script/dom2Mature_X03.mes,118,11,주인공,え、えぇぇぇぇぇ!!,"네, 네에에에엣!!","네, 네에에에엣!!"
dom2Mature_X03.mes,Script/dom2Mature_X03.mes,119,16,Mature,フゥ、バイスったら余計なことを,하아 바이스도 쓸데없는 말을,하아 바이스도 쓸데없는 말을
dom2Mature_X03.mes,Script/dom2Mature_X03.mes,120,16,UNKNOWN_42,もう隠しても意味はないだろう?,이제와서 숨겨도 소용없잖나?,이제와서 숨겨도 소용없잖나?
dom2Mature_X03.mes,Script/dom2Mature_X03.mes,121,26,Mature,女の本音なんて、<6E5C>秘めておくにこしたことはないのよ,"여자의 본심이란,<6E5C>숨겨두는 게 최고인 거야","여자의 본심이란,<6E5C>숨겨두는 게 최고인 거야"
dom2Mature_X03.mes,Script/dom2Mature_X03.mes,122,32,주인공,え、でも、バイスさんはどうして<6E5C>計画の変更に賛同したんですか?,"어, 근데, 바이스 씨는 왜<6E5C>계획 변경에 찬성한 거예요?","어, 근데, 바이스 씨는 왜<6E5C>계획 변경에 찬성한 거예요?"
dom2Mature_X03.mes,Script/dom2Mature_X03.mes,123,31,UNKNOWN_42,私は、マチュアがしたいと思うこと<6E5C>に手を貸そうと思っただけだ,"난, 마츄어가 하고 싶은 일을<6E5C>도와주고 싶었을 뿐이다","난, 마츄어가 하고 싶은 일을<6E5C>도와주고 싶었을 뿐이다"
dom2Mature_X03.mes,Script/dom2Mature_X03.mes,124,10,Mature,ありがとう、バイス,"고마워, 바이스","고마워, 바이스"
dom2Mature_X03.mes,Script/dom2Mature_X03.mes,125,21,주인공,仲がいいんですね……<6E5C>なんかうらやましい,사이가 좋으시네요……<6E5C>왠지 부럽네요,사이가 좋으시네요……<6E5C>왠지 부럽네요
dom2Mature_X03.mes,Script/dom2Mature_X03.mes,126,14,UNKNOWN_42,フン、くだらんことを言うな,"흥, 쓸데없는 소리 마라","흥, 쓸데없는 소리 마라"
dom2Mature_X03.mes,Script/dom2Mature_X03.mes,127,20,주인공,あれ、バイスさん、<6E5C>照れてるんですか?,"어라 바이스 씨,<6E5C>부끄러운 거예요?","어라 바이스 씨,<6E5C>부끄러운 거예요?"
dom2Mature_X03.mes,Script/dom2Mature_X03.mes,128,12,UNKNOWN_42,バ、バカバカしい……!,바보 같은 소리……!,바보 같은 소리……!
dom2Mature_X03.mes,Script/dom2Mature_X03.mes,129,37,Mature,これでわかってもらえた?<6E5C>私たちがクーデターを<6E5C>望んでいないということは,이걸로 이해했니?<6E5C>우리가 쿠데타를<6E5C>바라지 않는다는 거,이걸로 이해했니?<6E5C>우리가 쿠데타를<6E5C>바라지 않는다는 거
dom2Mature_X03.mes,Script/dom2Mature_X03.mes,130,58,주인공,はい、わかりました<485C>ディスクの中身、ゲーニッツ先生や<6E5C>学長がどうするつもりなのか、<6E5C>気になることはありますけど……,"네, 알겠습니다<485C>디스크 내용이나, 게닛츠 선생님과<6E5C>학장이 뭘 하려는 건지,<6E5C>궁금하긴 하지만……","네, 알겠습니다<485C>디스크 내용이나, 게닛츠 선생님과<6E5C>학장이 뭘 하려는 건지,<6E5C>궁금하긴 하지만……"
dom2Mature_X03.mes,Script/dom2Mature_X03.mes,131,25,주인공,おふたりに対するわだかまりは<6E5C>すっきりしました!,두 분에 대한 응어리는<6E5C>말끔히 풀렸어요!,두 분에 대한 응어리는<6E5C>말끔히 풀렸어요!
dom2Mature_X03.mes,Script/dom2Mature_X03.mes,132,25,UNKNOWN_42,ゲーニッツの動きに関しては、<6E5C>私たちが追いかける,"게닛츠의 움직임에 관해서는,<6E5C>우리가 쫓겠다","게닛츠의 움직임에 관해서는,<6E5C>우리가 쫓겠다"
dom2Mature_X03.mes,Script/dom2Mature_X03.mes,133,45,UNKNOWN_42,おそらく、ディスクにかかっている<6E5C>セキュリティを外す方法を見つけた<6E5C>ときが動くときだろう,"아마, 디스크에 걸린 보안을<6E5C>풀 방법을 찾아냈을<6E5C>때가 움직일 때겠지","아마, 디스크에 걸린 보안을<6E5C>풀 방법을 찾아냈을<6E5C>때가 움직일 때겠지"
dom2Mature_X03.mes,Script/dom2Mature_X03.mes,134,33,Mature,なんとしても、情報が外部に漏れる<6E5C>ことを阻止しなくちゃならないわ,"무슨 수를 써서든, 정보가 외부로 새는<6E5C>걸 막아야만 해","무슨 수를 써서든, 정보가 외부로 새는<6E5C>걸 막아야만 해"
dom2Mature_X03.mes,Script/dom2Mature_X03.mes,135,26,주인공,そうですね、清泉大学が<6E5C>なくなるのはイヤですから!,그렇죠 세이센 대학이<6E5C>없어지는 건 싫으니까요!,그렇죠 세이센 대학이<6E5C>없어지는 건 싫으니까요!
dom2Mature_X03.mes,Script/dom2Mature_X03.mes,136,39,UNKNOWN_42,そういうことだ.ディスクは<6E5C>スキを見て、ゲーニッツから<6E5C>奪還するつもりでいる,"그런 거다. 디스크는<6E5C>틈을 봐서, 게닛츠에게서<6E5C>탈환할 생각이다","그런 거다. 디스크는<6E5C>틈을 봐서, 게닛츠에게서<6E5C>탈환할 생각이다"
dom2Mature_X03.mes,Script/dom2Mature_X03.mes,137,22,UNKNOWN_42,<이름:3131>は引き続き、学校周辺の<6E5C>情報収集を頼む,<이름:3131>은 쭉 학교 주변<6E5C>정보수집 부탁한다,<이름:3131>은 쭉 학교 주변<6E5C>정보수집 부탁한다
dom2Mature_X03.mes,Script/dom2Mature_X03.mes,138,7,주인공,わかりました,알겠습니다,알겠습니다
dom2Mature_X03.mes,Script/dom2Mature_X03.mes,139,51,Mature,私は、学長の動きを警戒するわ<485C>どうも、フリーのエージェントを<6E5C>雇ってこの件に<6E5C>当たっているようだから,"나는, 학장 움직임을 경계할게<485C>프리랜서 요원을<6E5C>고용해서 이 일을<6E5C>처리 중인 것 같으니까","나는, 학장 움직임을 경계할게<485C>프리랜서 요원을<6E5C>고용해서 이 일을<6E5C>처리 중인 것 같으니까"
dom2Mature_X03.mes,Script/dom2Mature_X03.mes,140,17,주인공,(フリーのエージェントって……),(프리랜서 요원이라면……),(프리랜서 요원이라면……)
dom2Mature_X03.mes,Script/dom2Mature_X03.mes,141,11,Mature,どうしたの、<이름:3131>君?,"왜 그래, <이름:3131>군?","왜 그래, <이름:3131>군?"
dom2Mature_X03.mes,Script/dom2Mature_X03.mes,142,16,주인공,い、いえ……なんでもありません,아 아뇨……아무것도 아니에요,아 아뇨……아무것도 아니에요
dom2Mature_X03.mes,Script/dom2Mature_X03.mes,143,30,Mature,そう?なにか心配事なら、<6E5C>私の胸を貸してあげてもいいわよ?,"그래? 걱정거리라면,<6E5C>내 품을 빌려줘도 되는데?","그래? 걱정거리라면,<6E5C>내 품을 빌려줘도 되는데?"
dom2Mature_X03.mes,Script/dom2Mature_X03.mes,144,24,주인공,む、胸を寄せてこっちを見るの<6E5C>はやめてください,가슴 들이밀며 쳐다보는 건<6E5C>그만해 주세요,가슴 들이밀며 쳐다보는 건<6E5C>그만해 주세요
dom2Mature_X03.mes,Script/dom2Mature_X03.mes,145,29,Mature,あら、冷たいのね……それとも、<6E5C>女に興味がないのかしら?,"어머 차갑네……아니면,<6E5C>여자한테 관심이 없는 거니?","어머 차갑네……아니면,<6E5C>여자한테 관심이 없는 거니?"
dom2Mature_X03.mes,Script/dom2Mature_X03.mes,146,13,UNKNOWN_42,なんだと.それは問題だな,뭐라고. 그거 문제군,뭐라고. 그거 문제군
dom2Mature_X03.mes,Script/dom2Mature_X03.mes,147,5,Mature,再教育ね,재세뇌네,재세뇌네
dom2Mature_X03.mes,Script/dom2Mature_X03.mes,148,5,UNKNOWN_42,再教育だ,재세뇌다,재세뇌다
dom2Mature_X03.mes,Script/dom2Mature_X03.mes,149,25,주인공,ちょ、ちょっと!<6E5C>僕は正常ですってばぁぁぁぁ!!,"자, 잠깐만요!<6E5C>저 정상이라고요오오오!!","자, 잠깐만요!<6E5C>저 정상이라고요오오오!!"
dom2Mature_X03.mes,Script/dom2Mature_X03.mes,150,9,[효과음/내레이션],ズルズルズル……,질질질……,질질질……
dom2Mature_X04.mes,Script/dom2Mature_X04.mes,0,25,주인공,(こんな時間から外に出ても、<6E5C>誰もいないか……),"(이런 시간에 나가도,<6E5C>아무도 없으려나……)","(이런 시간에 나가도,<6E5C>아무도 없으려나……)"
dom2Mature_X04.mes,Script/dom2Mature_X04.mes,1,4,UNKNOWN_1e,ワン!,멍!,멍!
dom2Mature_X04.mes,Script/dom2Mature_X04.mes,2,8,주인공,ア、アントン!,"아, 안톤!","아, 안톤!"
dom2Mature_X04.mes,Script/dom2Mature_X04.mes,3,18,Mary,Hi、<이름:3131>君.<6E5C>朝早くからお散歩?,"Hi, <이름:3131>군.<6E5C>아침 산책이야?","Hi, <이름:3131>군.<6E5C>아침 산책이야?"
dom2Mature_X04.mes,Script/dom2Mature_X04.mes,4,13,주인공,ま、まぁそんなところです,"네, 뭐 그런 셈이에요","네, 뭐 그런 셈이에요"
dom2Mature_X04.mes,Script/dom2Mature_X04.mes,5,37,주인공,(学長が雇ったエージェントって<6E5C>……たぶんマリーさんのこと<6E5C>だよな……),(학장이 고용한 요원이란 건<6E5C>…아마 마리 씨를<6E5C>말하는 거겠지……),(학장이 고용한 요원이란 건<6E5C>…아마 마리 씨를<6E5C>말하는 거겠지……)
dom2Mature_X04.mes,Script/dom2Mature_X04.mes,6,16,Mary,なに?私の顔になにかついてる?,뭐야? 내 얼굴에 뭐 묻었어,뭐야? 내 얼굴에 뭐 묻었어
dom2Mature_X04.mes,Script/dom2Mature_X04.mes,7,13,주인공,い、いえ、いつも通りです,"아뇨, 평소랑 똑같아요","아뇨, 평소랑 똑같아요"
dom2Mature_X04.mes,Script/dom2Mature_X04.mes,8,10,Mary,アハハ、なによそれ,"아하, 그게 뭐야","아하, 그게 뭐야"
dom2Mature_X04.mes,Script/dom2Mature_X04.mes,9,31,주인공,(う~ん……この人が悪事に手を<6E5C>貸してるとは思えないな……),(이 사람이 나쁜 일<6E5C>돕는다곤 생각 안 드는데……),(이 사람이 나쁜 일<6E5C>돕는다곤 생각 안 드는데……)
dom2Mature_X04.mes,Script/dom2Mature_X04.mes,10,24,Mary,そういえば、その後なにか<6E5C>わかったことはある?,"그러고 보니, 그 뒤 뭔가<6E5C>알아낸 거 있어","그러고 보니, 그 뒤 뭔가<6E5C>알아낸 거 있어"
dom2Mature_X04.mes,Script/dom2Mature_X04.mes,11,19,주인공,いえ、あいかわらず、<6E5C>かやの外ですよ,"아뇨, 여전히,<6E5C>겉돌고 있어요","아뇨, 여전히,<6E5C>겉돌고 있어요"
dom2Mature_X04.mes,Script/dom2Mature_X04.mes,12,32,Mary,へぇ……そのわりには、<6E5C>ずいぶんとすっきりした顔に<6E5C>見えるけど,"허어……그런 것치고는,<6E5C>꽤 개운한 표정으로<6E5C>보이는데","허어……그런 것치고는,<6E5C>꽤 개운한 표정으로<6E5C>보이는데"
dom2Mature_X04.mes,Script/dom2Mature_X04.mes,13,9,주인공,そ、そうですか?,"그, 그런가요?","그, 그런가요?"
dom2Mature_X04.mes,Script/dom2Mature_X04.mes,14,24,Mary,まぁいいわ.私は、あなたの正義を<6E5C>信じてるわよ,"뭐 됐어. 난, 네 정의를<6E5C>믿고 있으니까","뭐 됐어. 난, 네 정의를<6E5C>믿고 있으니까"
dom2Mature_X04.mes,Script/dom2Mature_X04.mes,15,8,주인공,はい、僕もです,"네, 저도요","네, 저도요"
dom2Mature_X04.mes,Script/dom2Mature_X04.mes,16,57,Mary,なかなか言うわね.<6E5C>私は信念に基づいて仕事を<6E5C>しているわ<485C>どんな状況であれ、私の中にある<6E5C>正義が曲がることはない,제법 말하네.<6E5C>난 신념에 따라 일을<6E5C>하고 있어<485C>어떤 상황이든 내 안에 있는<6E5C>정의가 흔들리는 일은 없어,제법 말하네.<6E5C>난 신념에 따라 일을<6E5C>하고 있어<485C>어떤 상황이든 내 안에 있는<6E5C>정의가 흔들리는 일은 없어
dom2Mature_X04.mes,Script/dom2Mature_X04.mes,17,5,주인공,僕もです,저도요,저도요
dom2Mature_X04.mes,Script/dom2Mature_X04.mes,18,54,Mary,……わかった.お互い、<6E5C>言えないことはあるようだけど、<485C>道が交わったときに<6E5C>敵対せずに済むことを祈ってるわ,"……알았어. 서로,<6E5C>말 못 할 게 있는 모양이지만,<485C>길이 겹쳤을 때<6E5C>적대하지 않길 바랄게","……알았어. 서로,<6E5C>말 못 할 게 있는 모양이지만,<485C>길이 겹쳤을 때<6E5C>적대하지 않길 바랄게"
dom2Mature_X04.mes,Script/dom2Mature_X04.mes,19,3,주인공,はい,네,네
dom2Mature_X04.mes,Script/dom2Mature_X04.mes,20,9,Mary,じゃあね、Bヤe,"그럼, Bye","그럼, Bye"
dom2Mature_X04.mes,Script/dom2Mature_X04.mes,21,13,주인공,(あの人は、信用できる),(저 사람은 믿음직해),(저 사람은 믿음직해)
dom2Mature_X04.mes,Script/dom2Mature_X04.mes,22,43,주인공,(うーん……結局朝から情報収集<6E5C>してみたけど、なにも<6E5C>目新しいことはなかったな……),"(으음……결국 아침부터 정보<6E5C>수집해 봤지만, 딱히<6E5C>새로운 건 없었네……)","(으음……결국 아침부터 정보<6E5C>수집해 봤지만, 딱히<6E5C>새로운 건 없었네……)"
dom2Mature_X04.mes,Script/dom2Mature_X04.mes,23,36,주인공,(よし、とりあえず場所を<6E5C>移動してみよう.<6E5C>なにか閉けそうなのは……),"(좋아, 일단 장소를<6E5C>옮겨보자.<6E5C>뭔가 알아낼 만한 곳은……)","(좋아, 일단 장소를<6E5C>옮겨보자.<6E5C>뭔가 알아낼 만한 곳은……)"
dom2Mature_X04.mes,Script/dom2Mature_X04.mes,24,11,주인공,ふぅ.お茶でも飲むか,후. 차라도 마실까,후. 차라도 마실까
dom2Mature_X04.mes,Script/dom2Mature_X04.mes,25,5,[효과음/내레이션],コポコポ,보글보글,보글보글
dom2Mature_X04.mes,Script/dom2Mature_X04.mes,26,5,[효과음/내레이션],トクトク,쪼르르,쪼르르
dom2Mature_X04.mes,Script/dom2Mature_X04.mes,27,24,주인공,……って、なに休憩してんだ僕は.<6E5C>よし、次だ!,"……아니 뭐 쉬냐 나.<6E5C>좋아, 다음이다!","……아니 뭐 쉬냐 나.<6E5C>좋아, 다음이다!"
dom2Mature_X04.mes,Script/dom2Mature_X04.mes,28,5,주인공,草薙先輩,쿠사나기,쿠사나기
dom2Mature_X04.mes,Script/dom2Mature_X04.mes,29,8,Kyo,なんだ、真吾か,"뭐야, 신고냐","뭐야, 신고냐"
dom2Mature_X04.mes,Script/dom2Mature_X04.mes,30,10,주인공,僕は<이름:3131><이름:3232>です!,저는 <이름:3131><이름:3232>예요,저는 <이름:3131><이름:3232>예요
dom2Mature_X04.mes,Script/dom2Mature_X04.mes,31,18,Kyo,わかってるよ!<6E5C>うるせぇないちいち,알고 있어!<6E5C>시끄럽네 일일이,알고 있어!<6E5C>시끄럽네 일일이
dom2Mature_X04.mes,Script/dom2Mature_X04.mes,32,43,주인공,はいはい.で、草薙先輩はなにを<6E5C>やってるんですか?また八神先輩へ<6E5C>の嫌がらせですか?,네네. 근데 쿠사나기 선배는 뭘<6E5C>하세요? 또 야가미 선배<6E5C>괴롭히는 거예요?,네네. 근데 쿠사나기 선배는 뭘<6E5C>하세요? 또 야가미 선배<6E5C>괴롭히는 거예요?
dom2Mature_X04.mes,Script/dom2Mature_X04.mes,33,57,Kyo,馬鹿野郎!そんなんじゃねぇよ!<485C>八神の野郎がキャーキャー言われる<6E5C>理由がわからねぇから、<6E5C>ちょっと考えてただけだ,"바보 자식! 그런 거 아니야!<485C>야가미 자식이 왜 인기인지<6E5C>이유를 몰라서,<6E5C>잠깐 생각 좀 했을 뿐이다","바보 자식! 그런 거 아니야!<485C>야가미 자식이 왜 인기인지<6E5C>이유를 몰라서,<6E5C>잠깐 생각 좀 했을 뿐이다"
dom2Mature_X04.mes,Script/dom2Mature_X04.mes,34,13,주인공,なにを考えてたんですか?,뭘 생각하고 계셨는데요,뭘 생각하고 계셨는데요
dom2Mature_X04.mes,Script/dom2Mature_X04.mes,35,13,Kyo,草薙京の、今日のポエムだ,쿠사나기 쿄 오늘 시야,쿠사나기 쿄 오늘 시야
dom2Mature_X04.mes,Script/dom2Mature_X04.mes,36,31,주인공,そ、そうですか……それじゃ、<6E5C>僕は急いでるんでこのへんで……,"그, 그런가요…… 그럼,<6E5C>전 급해서 이만……","그, 그런가요…… 그럼,<6E5C>전 급해서 이만……"
dom2Mature_X04.mes,Script/dom2Mature_X04.mes,37,16,Kyo,待てよ!遠慮しないで閉いていけ,기다려! 사양 말고 듣고 가,기다려! 사양 말고 듣고 가
dom2Mature_X04.mes,Script/dom2Mature_X04.mes,38,16,주인공,遠慮なんてしてませんって……!,사양하는 거 아니라니까요……,사양하는 거 아니라니까요……
dom2Mature_X04.mes,Script/dom2Mature_X04.mes,39,26,Kyo,いいから黙って閉け!いくぞ!<6E5C>食らい、やがれぇ!!,"됐으니까 닥치고 들어! 간다!<6E5C>받아라, 자식!","됐으니까 닥치고 들어! 간다!<6E5C>받아라, 자식!"
dom2Mature_X04.mes,Script/dom2Mature_X04.mes,40,40,Kyo,空が呼ぶ.海が呼ぶ.<6E5C>大地が呼ぶ.俺の心が呼ぶ.<6E5C>そうさ、お前を呼んでいるんだ,"하늘이, 바다가 부른다.<6E5C>대지가, 맘이 부른다.<6E5C>그래, 널 부르는 거다","하늘이, 바다가 부른다.<6E5C>대지가, 맘이 부른다.<6E5C>그래, 널 부르는 거다"
dom2Mature_X04.mes,Script/dom2Mature_X04.mes,41,38,Kyo,心は嘘をつかない.感じているん<6E5C>だろう?だったらこの宇宙に<6E5C>飛び出せばいい,마음은 거짓말 안 해. 느끼고<6E5C>있잖아 그럼 이 우주로<6E5C>뛰쳐나가면 돼,마음은 거짓말 안 해. 느끼고<6E5C>있잖아 그럼 이 우주로<6E5C>뛰쳐나가면 돼
dom2Mature_X04.mes,Script/dom2Mature_X04.mes,42,25,Kyo,お前が淡になるのなら、<6E5C>瞬く星にだってなれるんだ,네가 불꽃이 된다면<6E5C>빛나는 별도 될 수 있어,네가 불꽃이 된다면<6E5C>빛나는 별도 될 수 있어
dom2Mature_X04.mes,Script/dom2Mature_X04.mes,43,3,주인공,……,……,……
dom2Mature_X04.mes,Script/dom2Mature_X04.mes,44,5,주인공,…………,…………,…………
dom2Mature_X04.mes,Script/dom2Mature_X04.mes,45,47,Kyo,……へっ、感動のあまり声も出ねぇ<6E5C>か.いいんだぜ、男だって感動した<6E5C>ときは泣いたっていいんだ,"……흥, 감동해서 말도 안 나오<6E5C>냐. 괜찮아, 남자도 감동했을<6E5C>땐 울어도 되는 거야","……흥, 감동해서 말도 안 나오<6E5C>냐. 괜찮아, 남자도 감동했을<6E5C>땐 울어도 되는 거야"
dom2Mature_X04.mes,Script/dom2Mature_X04.mes,46,17,Kyo,オラ、特別に俺の胸を貸してやるよ,이리 와 특별히 가슴 빌려주지,이리 와 특별히 가슴 빌려주지
dom2Mature_X04.mes,Script/dom2Mature_X04.mes,47,4,[효과음/내레이션],フラッ,휘청,휘청
dom2Mature_X04.mes,Script/dom2Mature_X04.mes,48,4,[효과음/내레이션],バタン,쿵,쿵
dom2Mature_X04.mes,Script/dom2Mature_X04.mes,49,19,Kyo,お、おい!<6E5C>なに気を失ってやがる!?,"어, 어이!<6E5C>왜 기절하고 그래!?","어, 어이!<6E5C>왜 기절하고 그래!?"
dom2Mature_X04.mes,Script/dom2Mature_X04.mes,50,41,Kyo,参ったな.そんなにも感動させ<6E5C>ちまったか.こいつはユキにも<6E5C>閉かせてやらねぇと!,이거 참. 그렇게까지 감동시켜<6E5C>버렸나. 이건 유키한테도<6E5C>들려줘야겠는데!,이거 참. 그렇게까지 감동시켜<6E5C>버렸나. 이건 유키한테도<6E5C>들려줘야겠는데!
dom2Mature_X04.mes,Script/dom2Mature_X04.mes,51,7,주인공,(…………),(…………),(…………)
dom2Mature_X04.mes,Script/dom2Mature_X04.mes,52,22,주인공,誰もいないか…….<6E5C>他の場所に行ってみよう,아무도 없나……<6E5C>다른 곳에 가봐야겠다,아무도 없나……<6E5C>다른 곳에 가봐야겠다
dom2Mature_X04.mes,Script/dom2Mature_X04.mes,53,17,주인공,(イリュージョンに行ってみよう),(일루전에 가봐야겠다),(일루전에 가봐야겠다)
dom2Mature_X04.mes,Script/dom2Mature_X04.mes,54,12,[효과음/내레이션],♪カランコロンカラ~ン,♪딸랑딸랑딸랑~,♪딸랑딸랑딸랑~
dom2Mature_X04.mes,Script/dom2Mature_X04.mes,55,7,King,いらっしゃい,어서 오게,어서 오게
dom2Mature_X04.mes,Script/dom2Mature_X04.mes,56,22,주인공,キングさん、その後なにか<6E5C>わかりましたか?,"킹 씨, 그 후 뭔가<6E5C>알아냈어요?","킹 씨, 그 후 뭔가<6E5C>알아냈어요?"
dom2Mature_X04.mes,Script/dom2Mature_X04.mes,57,40,King,……そうだな.どうも君の大学、<6E5C>かなり儲かっているみたいだな.<6E5C>不自然なほどに,"…글쎄. 아무래도 자네 대학,<6E5C>꽤 버는 모양이더군.<6E5C>부자연스러울 정도로","…글쎄. 아무래도 자네 대학,<6E5C>꽤 버는 모양이더군.<6E5C>부자연스러울 정도로"
dom2Mature_X04.mes,Script/dom2Mature_X04.mes,58,6,주인공,と言うと?,그러니까?,그러니까?
dom2Mature_X04.mes,Script/dom2Mature_X04.mes,59,36,King,そこまでは、まださ.<6E5C>とにかく、組織ぐるみでかなり<6E5C>巨額の金が動いてる,"거기까진, 아직 몰라.<6E5C>아무튼, 조직 차원에서<6E5C>거액이 움직여","거기까진, 아직 몰라.<6E5C>아무튼, 조직 차원에서<6E5C>거액이 움직여"
dom2Mature_X04.mes,Script/dom2Mature_X04.mes,60,28,King,いや、まぁあくまで確固たる証拠の<6E5C>ない情報なんだけどね,뭐 어디까지나 확실한 증거는<6E5C>없는 정보지만 말이야,뭐 어디까지나 확실한 증거는<6E5C>없는 정보지만 말이야
dom2Mature_X04.mes,Script/dom2Mature_X04.mes,61,17,주인공,よくそんな情報が手に入りますね?,그런 정보를 용케 구하시네요?,그런 정보를 용케 구하시네요?
dom2Mature_X04.mes,Script/dom2Mature_X04.mes,62,33,King,こういう商売をしていると、<6E5C>いろいろとなじみの客が<6E5C>できるんだよ,이런 장사를 하다 보면<6E5C>이런저런 단골손님이<6E5C>생기는 법이거든,이런 장사를 하다 보면<6E5C>이런저런 단골손님이<6E5C>생기는 법이거든
dom2Mature_X04.mes,Script/dom2Mature_X04.mes,63,13,주인공,そんなもんですかねぇ……,그런 걸까요……,그런 걸까요……
dom2Mature_X04.mes,Script/dom2Mature_X04.mes,64,4,UNKNOWN_1e,<이름:3131>君,<이름:3131>군,<이름:3131>군
dom2Mature_X04.mes,Script/dom2Mature_X04.mes,65,20,주인공,マチュアさん、<6E5C>今日はおひとりですか?,"마츄어 씨,<6E5C>오늘은 혼자세요?","마츄어 씨,<6E5C>오늘은 혼자세요?"
dom2Mature_X04.mes,Script/dom2Mature_X04.mes,66,25,Mature,どんなにいい女だって、<6E5C>ひとりきりの夜もあるのよ,"아무리 근사한 여자라도,<6E5C>혼자인 밤은 있거든","아무리 근사한 여자라도,<6E5C>혼자인 밤은 있거든"
dom2Mature_X04.mes,Script/dom2Mature_X04.mes,67,8,주인공,そ、そうですか,"그, 그렇군요","그, 그렇군요"
dom2Mature_X04.mes,Script/dom2Mature_X04.mes,68,13,Mature,フフ、少し歩きましょうか,"후후, 잠깐 걸을까","후후, 잠깐 걸을까"
dom2Mature_X04.mes,Script/dom2Mature_X04.mes,69,5,주인공,は、はい,"네, 넵","네, 넵"
dom2Mature_X04.mes,Script/dom2Mature_X04.mes,70,33,Mature,……今回のこと、巻き込んで<6E5C>しまって申し訳なかったと<6E5C>思ってるわ,"……이번 일, 휘말리게<6E5C>해서 미안하다고<6E5C>생각하고 있어","……이번 일, 휘말리게<6E5C>해서 미안하다고<6E5C>생각하고 있어"
dom2Mature_X04.mes,Script/dom2Mature_X04.mes,71,14,주인공,どうしたんですか、いきなり,"왜 그러세요, 갑자기","왜 그러세요, 갑자기"
dom2Mature_X04.mes,Script/dom2Mature_X04.mes,72,40,Mature,私があなたを呼ばなければ、<6E5C>なにも知らずに平和な学園生活を<6E5C>送れたわけだからね,"내가 부르지 않았다면,<6E5C>아무것도 모른 채 평화롭게<6E5C>학교생활 했을 테니까","내가 부르지 않았다면,<6E5C>아무것도 모른 채 평화롭게<6E5C>학교생활 했을 테니까"
dom2Mature_X04.mes,Script/dom2Mature_X04.mes,73,21,Mature,これでも少しは申し訳なく<6E5C>思っているのよ,이래 봬도 조금은 미안하게<6E5C>생각해,이래 봬도 조금은 미안하게<6E5C>생각해
dom2Mature_X04.mes,Script/dom2Mature_X04.mes,74,23,[선택지],やっと謝ってくれましたねマチュアさんらしくない,겨우 사과해주셨네요\마츄어씨답지 않아요,겨우 사과해주셨네요\마츄어씨답지 않아요
dom2Mature_X04.mes,Script/dom2Mature_X04.mes,75,45,주인공,やっと謝ってくれましたね.<6E5C>ほんと、迷惑ですよ<485C>ここのところ振り回されっぱなし<6E5C>ですもん,겨우 사과해주셨네요.<6E5C>진짜 민폐거든요<485C>요즘 계속 휘둘리기만<6E5C>했다고요,겨우 사과해주셨네요.<6E5C>진짜 민폐거든요<485C>요즘 계속 휘둘리기만<6E5C>했다고요
dom2Mature_X04.mes,Script/dom2Mature_X04.mes,76,14,Mature,やっぱりそう思うわよね……,역시 그렇게 생각하는구나,역시 그렇게 생각하는구나
dom2Mature_X04.mes,Script/dom2Mature_X04.mes,77,22,주인공,え?え?いや、そんなには<6E5C>思ってないですよ,"네? 네? 아뇨, 그렇게까진<6E5C>안 그래요","네? 네? 아뇨, 그렇게까진<6E5C>안 그래요"
dom2Mature_X04.mes,Script/dom2Mature_X04.mes,78,11,Mature,いいの、ごめんなさい,"괜찮아, 미안해","괜찮아, 미안해"
dom2Mature_X04.mes,Script/dom2Mature_X04.mes,79,24,주인공,(な、なんだ?<6E5C>マチュアさんらしくないな……),"(뭐, 뭐지?<6E5C>마츄어씨답지 않네……)","(뭐, 뭐지?<6E5C>마츄어씨답지 않네……)"
dom2Mature_X04.mes,Script/dom2Mature_X04.mes,80,23,주인공,やめてくださいよ、<6E5C>マチュアさんらしくもない,"그만하세요,<6E5C>마츄어씨답지도 않게","그만하세요,<6E5C>마츄어씨답지도 않게"
dom2Mature_X04.mes,Script/dom2Mature_X04.mes,81,7,Mature,私らしい、か,"나답다, 라","나답다, 라"
dom2Mature_X04.mes,Script/dom2Mature_X04.mes,82,8,주인공,マチュアさん?,마츄어씨?,마츄어씨?
dom2Mature_X04.mes,Script/dom2Mature_X04.mes,83,31,Mature,どれほど強く見える人間だって、<6E5C>疲れて休みたいときはあるのよ,"아무리 강해 보여도,<6E5C>지쳐서 쉬고 싶을 때는 있어","아무리 강해 보여도,<6E5C>지쳐서 쉬고 싶을 때는 있어"
dom2Mature_X04.mes,Script/dom2Mature_X04.mes,84,8,주인공,……いいですよ,……괜찮아요,……괜찮아요
dom2Mature_X04.mes,Script/dom2Mature_X04.mes,85,3,Mature,え?,어?,어?
dom2Mature_X04.mes,Script/dom2Mature_X04.mes,86,51,주인공,きっと、いつもは<6E5C>いらないだろうけど……<6E5C>マチュアさんが疲れたときは、<485C>僕の肩でよかったら貸しますよ,"분명 평소엔<6E5C>필요 없으시겠지만……<6E5C>마츄어씨가 지쳤을 땐,<485C>제 어깨라도 괜찮으면 빌려드릴게요","분명 평소엔<6E5C>필요 없으시겠지만……<6E5C>마츄어씨가 지쳤을 땐,<485C>제 어깨라도 괜찮으면 빌려드릴게요"
dom2Mature_X04.mes,Script/dom2Mature_X04.mes,87,28,주인공,重みを受け止められるだけの<6E5C>肩かはわかりませんけど……,무게를 받아낼 만한<6E5C>어깨인지는 모르겠지만요……,무게를 받아낼 만한<6E5C>어깨인지는 모르겠지만요……
dom2Mature_X04.mes,Script/dom2Mature_X04.mes,88,17,Mature,失礼ね.私はそんなに重くないわよ,실례네. 나 그렇게 안 무거워,실례네. 나 그렇게 안 무거워
dom2Mature_X04.mes,Script/dom2Mature_X04.mes,89,22,주인공,も、もちろんですよ!<6E5C>そうじゃなくって……,"무, 물론이죠!<6E5C>그게 아니라……","무, 물론이죠!<6E5C>그게 아니라……"
dom2Mature_X04.mes,Script/dom2Mature_X04.mes,90,3,[효과음/내레이션],トン,톡,톡
dom2Mature_X04.mes,Script/dom2Mature_X04.mes,91,22,Mature,フフ、わかってるわよ.<6E5C>ありがとう、<이름:3131>君,"후후, 알고 있어.<6E5C>고마워, <이름:3131>군","후후, 알고 있어.<6E5C>고마워, <이름:3131>군"
dom2Mature_X04.mes,Script/dom2Mature_X04.mes,92,14,Mature,少しだけ、肩を貸してね……,"잠깐만, 어깨 좀 빌릴게","잠깐만, 어깨 좀 빌릴게"
dom2Mature_X04.mes,Script/dom2Mature_X04.mes,93,10,주인공,は、はい.光栄です,"네, 영광입니다","네, 영광입니다"
dom2Mature_X04.mes,Script/dom2Mature_X04.mes,94,24,Mature,久しぶりだわ、<6E5C>誰かに寄りかかって歩くのなんて,"오랜만이네,<6E5C>누군가에게 기대서 걷는 거","오랜만이네,<6E5C>누군가에게 기대서 걷는 거"
dom2Mature_X04.mes,Script/dom2Mature_X04.mes,95,19,주인공,モ、モテモテのマチュアさん<6E5C>なのに?,이 인기 많으신 마츄어씨<6E5C>인데도요,이 인기 많으신 마츄어씨<6E5C>인데도요
dom2Mature_X04.mes,Script/dom2Mature_X04.mes,96,55,Mature,ダメな子ねぇ……<485C>星の数ほどいる男の中で、<6E5C>もたれかかれるくらいの輝きを放つ<6E5C>人なんて、ほんのひと握りなのよ,"바보 같은 애네……<485C>별만큼 많은 남자들 중에서,<6E5C>기대고 싶을 만큼 빛나는<6E5C>사람은, 정말 극소수거든","바보 같은 애네……<485C>별만큼 많은 남자들 중에서,<6E5C>기대고 싶을 만큼 빛나는<6E5C>사람은, 정말 극소수거든"
dom2Mature_X04.mes,Script/dom2Mature_X04.mes,97,10,주인공,そ、そうですか……,"그, 그런가요……","그, 그런가요……"
dom2Mature_X04.mes,Script/dom2Mature_X04.mes,98,50,Mature,フフ、あなたは原石よ<485C>まだまだ輝き足りないけど、<6E5C>私が磨けばきっと、<6E5C>ダイヤモンドにだってなれるわ,"후후, 넌 원석이야<485C>아직 부족하지만,<6E5C>내가 갈고닦으면 분명,<6E5C>다이아몬드도 될 수 있어","후후, 넌 원석이야<485C>아직 부족하지만,<6E5C>내가 갈고닦으면 분명,<6E5C>다이아몬드도 될 수 있어"
dom2Mature_X04.mes,Script/dom2Mature_X04.mes,99,27,주인공,あ、ありがとうございます.<6E5C>よろしく……お願いします,"가, 감사합니다.<6E5C>잘…… 부탁드려요","가, 감사합니다.<6E5C>잘…… 부탁드려요"
dom2Mature_X04.mes,Script/dom2Mature_X04.mes,100,29,Mature,明日からね.……今日は、このまま<6E5C>もたれさせてちょうだい,"내일부터야.……오늘은, 이대로<6E5C>기대게 해줘","내일부터야.……오늘은, 이대로<6E5C>기대게 해줘"
dom2Mature_X04.mes,Script/dom2Mature_X04.mes,101,5,주인공,……はい,……네,……네
dom2Mature_X05.mes,Script/dom2Mature_X05.mes,0,7,[효과음/내레이션],ザワザワ……,웅성웅성……,웅성웅성……
dom2Mature_X05.mes,Script/dom2Mature_X05.mes,1,15,주인공,(な、なんだこの人だかりは),"(뭐, 뭐야 이 인파는)","(뭐, 뭐야 이 인파는)"
dom2Mature_X05.mes,Script/dom2Mature_X05.mes,2,6,UNKNOWN_1e,<이름:3131>くん!,<이름:3131>군!,<이름:3131>군!
dom2Mature_X05.mes,Script/dom2Mature_X05.mes,3,16,주인공,巳沢さん!これ、どういうこと?,미사와 씨! 무슨 일이죠?,미사와 씨! 무슨 일이죠?
dom2Mature_X05.mes,Script/dom2Mature_X05.mes,4,25,Shizuku,わからない.突然マスコミが<6E5C>一斉に押し寄せて……,모르겠어. 갑자기 기자들이<6E5C>몰려들어서……,모르겠어. 갑자기 기자들이<6E5C>몰려들어서……
dom2Mature_X05.mes,Script/dom2Mature_X05.mes,5,24,주인공,え、この人だかり、<6E5C>全部マスコミの人たちなの?,"어, 이 인파가,<6E5C>전부 기자들이라고?","어, 이 인파가,<6E5C>전부 기자들이라고?"
dom2Mature_X05.mes,Script/dom2Mature_X05.mes,6,30,Shizuku,ええ、たぶん.<6E5C>どうも、ゲーニッツ先生が<6E5C>呼んだらしいのよ,"응, 아마도.<6E5C>왠지, 게닛츠 교수님이<6E5C>부른 것 같아","응, 아마도.<6E5C>왠지, 게닛츠 교수님이<6E5C>부른 것 같아"
dom2Mature_X05.mes,Script/dom2Mature_X05.mes,7,7,주인공,ま、まさか!,"서, 설마!","서, 설마!"
dom2Mature_X05.mes,Script/dom2Mature_X05.mes,8,12,Shizuku,どうしたの、<이름:3131>くん?,"왜 그래, <이름:3131>군?","왜 그래, <이름:3131>군?"
dom2Mature_X05.mes,Script/dom2Mature_X05.mes,9,13,주인공,ごめん、僕行かなくちゃ!,"미안, 나 가봐야 해!","미안, 나 가봐야 해!"
dom2Mature_X05.mes,Script/dom2Mature_X05.mes,10,8,[효과음/내레이션],ダダダダダッ!,다다다다닷!,다다다다닷!
dom2Mature_X05.mes,Script/dom2Mature_X05.mes,11,13,Shizuku,あ、待って、<이름:3131>くーん!,"아, 기다려, <이름:3131>구운","아, 기다려, <이름:3131>구운"
dom2Mature_X05.mes,Script/dom2Mature_X05.mes,12,20,주인공,ハァ、ハァ……<6E5C>ゲ、ゲーニッツ先生……,"하아, 하아……<6E5C>게, 게닛츠 교수님","하아, 하아……<6E5C>게, 게닛츠 교수님"
dom2Mature_X05.mes,Script/dom2Mature_X05.mes,13,25,Goenitz,おや、<이름:3131>君ではありませんか.<6E5C>どうしたんです?,"오, <이름:3131>군 아닙니까.<6E5C>무슨 일이시죠?","오, <이름:3131>군 아닙니까.<6E5C>무슨 일이시죠?"
dom2Mature_X05.mes,Script/dom2Mature_X05.mes,14,15,주인공,あ、あのマスコミの人たち……,"저, 저 기자들이……","저, 저 기자들이……"
dom2Mature_X05.mes,Script/dom2Mature_X05.mes,15,37,Goenitz,ああ、私が呼んだのですよ.<6E5C>これから、重大な発表を<6E5C>しようと思いましてね,"아아, 제가 불렀습니다.<6E5C>이제부터, 중대한 발표를<6E5C>하려고 해서요","아아, 제가 불렀습니다.<6E5C>이제부터, 중대한 발표를<6E5C>하려고 해서요"
dom2Mature_X05.mes,Script/dom2Mature_X05.mes,16,36,주인공,じゅ、重要な発表って、<6E5C>その手に持ってるディスクに<6E5C>関することですか?,"주, 중요한 발표라니,<6E5C>그 손에 든 디스크와<6E5C>관련된 건가요?","주, 중요한 발표라니,<6E5C>그 손에 든 디스크와<6E5C>관련된 건가요?"
dom2Mature_X05.mes,Script/dom2Mature_X05.mes,17,6,[효과음/내레이션],カチャ……,달칵……,달칵……
dom2Mature_X05.mes,Script/dom2Mature_X05.mes,18,22,Goenitz,おやおや、なにか知っている<6E5C>ようですね……,"이런 이런, 뭔가 아는<6E5C>모양이군요……","이런 이런, 뭔가 아는<6E5C>모양이군요……"
dom2Mature_X05.mes,Script/dom2Mature_X05.mes,19,15,주인공,それ、どうするつもりですか?,"그거, 어떻게 하실 건가요","그거, 어떻게 하실 건가요"
dom2Mature_X05.mes,Script/dom2Mature_X05.mes,20,33,Goenitz,これからセキュリティを解除して、<6E5C>中身を大々的に公開するんですよ,"이제 보안을 해제하고,<6E5C>내용물을 대대적으로 공개할 겁니다","이제 보안을 해제하고,<6E5C>내용물을 대대적으로 공개할 겁니다"
dom2Mature_X05.mes,Script/dom2Mature_X05.mes,21,17,주인공,そんなことをしてどうするんです?,그런 짓을 해서 뭘 하시려고요,그런 짓을 해서 뭘 하시려고요
dom2Mature_X05.mes,Script/dom2Mature_X05.mes,22,22,Goenitz,学長に、表舞台から<6E5C>消えていただくのですよ,"학장님을, 무대서<6E5C>사라지게 하는 거죠","학장님을, 무대서<6E5C>사라지게 하는 거죠"
dom2Mature_X05.mes,Script/dom2Mature_X05.mes,23,15,주인공,そ、それで先生が次の学長に?,"그, 그럼 교수님이 학장에","그, 그럼 교수님이 학장에"
dom2Mature_X05.mes,Script/dom2Mature_X05.mes,24,58,Goenitz,フフ、いろいろ知っているようだ.<6E5C>その通り<485C>私と、私の優秀な部下による、<6E5C>新たな体制での清泉大学が<6E5C>誕生するのです,"후후, 많이 아는군요.<6E5C>맞습니다<485C>저와, 저의 우수한 부하로,<6E5C>새 체제의 세이센 대학이<6E5C>탄생하는 겁니다","후후, 많이 아는군요.<6E5C>맞습니다<485C>저와, 저의 우수한 부하로,<6E5C>새 체제의 세이센 대학이<6E5C>탄생하는 겁니다"
dom2Mature_X05.mes,Script/dom2Mature_X05.mes,25,20,주인공,やめてもらうわけには……<6E5C>いきませんか,그만두실 수는……<6E5C>없는 건가요,그만두실 수는……<6E5C>없는 건가요
dom2Mature_X05.mes,Script/dom2Mature_X05.mes,26,24,Goenitz,戯言を.そんなわけにいくと<6E5C>思ってるんですか?,헛소리를. 그럴 리가<6E5C>있다고 생각합니까?,헛소리를. 그럴 리가<6E5C>있다고 생각합니까?
dom2Mature_X05.mes,Script/dom2Mature_X05.mes,27,4,주인공,……!,……!,……!
dom2Mature_X05.mes,Script/dom2Mature_X05.mes,28,11,[선택지],力づくで止める説得する,힘으로 막는다\설득한다,힘으로 막는다\설득한다
dom2Mature_X05.mes,Script/dom2Mature_X05.mes,29,21,주인공,だ、だったら、力づくで止めて<6E5C>見せます!,"그, 그럼 힘으로 막아<6E5C>보이겠어요!","그, 그럼 힘으로 막아<6E5C>보이겠어요!"
dom2Mature_X05.mes,Script/dom2Mature_X05.mes,30,21,Goenitz,ははは、私に挑むとは、<6E5C>なかなか勇敢だ!,"하하하, 저에 도전하다니,<6E5C>용감하군요","하하하, 저에 도전하다니,<6E5C>용감하군요"
dom2Mature_X05.mes,Script/dom2Mature_X05.mes,31,41,Goenitz,しかし、マスコミの前でそんな<6E5C>ことをすれば、退学どころか<6E5C>刑事事件は免れませんよ,"하지만 기자들 앞에서 그런<6E5C>짓을 하면, 퇴학은커녕<6E5C>형사 사건 못 면합니다","하지만 기자들 앞에서 그런<6E5C>짓을 하면, 퇴학은커녕<6E5C>형사 사건 못 면합니다"
dom2Mature_X05.mes,Script/dom2Mature_X05.mes,32,5,주인공,く……!,큭……!,큭……!
dom2Mature_X05.mes,Script/dom2Mature_X05.mes,33,31,주인공,先生のやろうとしていることは、<6E5C>本当に正しいことなのですか?,"교수님이 하려는 일이,<6E5C>정말로 옳은 일인가요?","교수님이 하려는 일이,<6E5C>정말로 옳은 일인가요?"
dom2Mature_X05.mes,Script/dom2Mature_X05.mes,34,60,Goenitz,正しいこととは何です?<6E5C>この世はすべて虚像<485C>正義などこの世には微塵も<6E5C>存在しないのです.<6E5C>あるのは、吹き荒ぶ風だけ……,"옳음이란 무엇입니까?<6E5C>세상은 전부 허상<485C>정의 따위 티끌만큼도<6E5C>존재치 않습니다.<6E5C>있는 건, 몰아치는 바람뿐…","옳음이란 무엇입니까?<6E5C>세상은 전부 허상<485C>정의 따위 티끌만큼도<6E5C>존재치 않습니다.<6E5C>있는 건, 몰아치는 바람뿐…"
dom2Mature_X05.mes,Script/dom2Mature_X05.mes,35,20,Goenitz,善悪で人を裁くなど、<6E5C>無意味なことです,"선악으로 사람 재단은,<6E5C>무의미합니다","선악으로 사람 재단은,<6E5C>무의미합니다"
dom2Mature_X05.mes,Script/dom2Mature_X05.mes,36,9,주인공,でも、でも……!,"하지만, 하지만","하지만, 하지만"
dom2Mature_X05.mes,Script/dom2Mature_X05.mes,37,29,Goenitz,ふふ、それでいいのです.<6E5C>無駄なことはせずともよいのです,후후 그거면 됩니다.<6E5C>쓸데없는 짓은 안 해도 됩니다,후후 그거면 됩니다.<6E5C>쓸데없는 짓은 안 해도 됩니다
dom2Mature_X05.mes,Script/dom2Mature_X05.mes,38,4,주인공,く……,큭……,큭……
dom2Mature_X05.mes,Script/dom2Mature_X05.mes,39,44,Goenitz,さて、それではそろそろ時間も<6E5C>なくなってきましたし、ディスクの<6E5C>中身を<9C1A>見しましょうか,"자, 그럼 슬슬 시간도<6E5C>얼마 안 남았으니, 디스크<6E5C>내용물을 <9C1A>공개해볼까요","자, 그럼 슬슬 시간도<6E5C>얼마 안 남았으니, 디스크<6E5C>내용물을 <9C1A>공개해볼까요"
dom2Mature_X05.mes,Script/dom2Mature_X05.mes,40,9,[효과음/내레이션],カチャカチャ……,달칵달칵……,달칵달칵……
dom2Mature_X05.mes,Script/dom2Mature_X05.mes,41,3,[효과음/내레이션],ピッ,삐빅,삐빅
dom2Mature_X05.mes,Script/dom2Mature_X05.mes,42,6,[효과음/내레이션],ピピピ……,삐삐삐……,삐삐삐……
dom2Mature_X05.mes,Script/dom2Mature_X05.mes,43,4,[효과음/내레이션],ピーン,띠링,띠링
dom2Mature_X05.mes,Script/dom2Mature_X05.mes,44,41,Goenitz,さぁ、セキュリティが解除され<6E5C>ましたよ……いったいなにが<6E5C>入って……こ、これは!,"자, 보안이 해제됐<6E5C>습니다……대체 뭐가<6E5C>들어……이, 이건!","자, 보안이 해제됐<6E5C>습니다……대체 뭐가<6E5C>들어……이, 이건!"
dom2Mature_X05.mes,Script/dom2Mature_X05.mes,45,15,주인공,(な、なんだ?……あぁ!!),"(뭐, 뭐지?……아앗!!)","(뭐, 뭐지?……아앗!!)"
dom2Mature_X05.mes,Script/dom2Mature_X05.mes,46,13,Goenitz,こ、これはなんですか!?,"이, 이게 뭡니까!?","이, 이게 뭡니까!?"
dom2Mature_X05.mes,Script/dom2Mature_X05.mes,47,21,주인공,マチュアさんとバイスさんの……<6E5C>写真集?,마츄어 씨랑 바이스 씨의……<6E5C>화보집?,마츄어 씨랑 바이스 씨의……<6E5C>화보집?
dom2Mature_X05.mes,Script/dom2Mature_X05.mes,48,16,Goenitz,な、なんだと……そんなバカな!,"뭐, 뭐라고……그럴 리가!","뭐, 뭐라고……그럴 리가!"
dom2Mature_X05.mes,Script/dom2Mature_X05.mes,49,63,주인공,す、すごい!大胆ショット連発だ!<6E5C>よかったですね、ゲーニッツ先生<485C>これなら呼んだマスコミの人たちも<6E5C>ムダにならずに済みますよ,"대, 대단해! 파격 샷 연발이다!<6E5C>잘됐네요, 게닛츠 교수님<485C>이러면 부르신 기자분들도<6E5C>헛수고로 끝나지 않겠어요","대, 대단해! 파격 샷 연발이다!<6E5C>잘됐네요, 게닛츠 교수님<485C>이러면 부르신 기자분들도<6E5C>헛수고로 끝나지 않겠어요"
dom2Mature_X05.mes,Script/dom2Mature_X05.mes,50,16,Goenitz,そ、そんなことがあるわけが……,"그, 그럴 리가……","그, 그럴 리가……"
dom2Mature_X05.mes,Script/dom2Mature_X05.mes,51,30,주인공,(あのふたりがディスクをすり替え<6E5C>たんだな……すごいや!),(그 둘이 디스크를 바꿔치기<6E5C>했구나…… 대단하다!),(그 둘이 디스크를 바꿔치기<6E5C>했구나…… 대단하다!)
dom2Mature_X05.mes,Script/dom2Mature_X05.mes,52,5,Mature,乾杯!!,건배!!,건배!!
dom2Mature_X05.mes,Script/dom2Mature_X05.mes,53,4,UNKNOWN_42,乾杯!,건배!,건배!
dom2Mature_X05.mes,Script/dom2Mature_X05.mes,54,5,주인공,乾杯!!,건배!!,건배!!
dom2Mature_X05.mes,Script/dom2Mature_X05.mes,55,4,[효과음/내레이션],カチン,쨍,쨍
dom2Mature_X05.mes,Script/dom2Mature_X05.mes,56,42,주인공,やりましたね!まさかおふたりの<6E5C>写真集が出てくるなんて、<6E5C>予想してませんでしたよ!,"해내셨네요! 설마 두 분<6E5C>화보집이 나올 줄은,<6E5C>예상 못 했어요!","해내셨네요! 설마 두 분<6E5C>화보집이 나올 줄은,<6E5C>예상 못 했어요!"
dom2Mature_X05.mes,Script/dom2Mature_X05.mes,57,22,Mature,フフ、素敵な写真ばっかり<6E5C>だったでしょう?,"후후, 멋진 사진만<6E5C>가득했지?","후후, 멋진 사진만<6E5C>가득했지?"
dom2Mature_X05.mes,Script/dom2Mature_X05.mes,58,23,UNKNOWN_42,ハハハ、ゲーニッツの驚いた顔が<6E5C>見たかったな,"하하하, 게닛츠 놀란 얼굴<6E5C>보고 싶었는데","하하하, 게닛츠 놀란 얼굴<6E5C>보고 싶었는데"
dom2Mature_X05.mes,Script/dom2Mature_X05.mes,59,25,주인공,そういえば、おふたりは<6E5C>どこに行ってたんですか?,"그러고 보니, 두 분<6E5C>어디 갔다 오셨어요?","그러고 보니, 두 분<6E5C>어디 갔다 오셨어요?"
dom2Mature_X05.mes,Script/dom2Mature_X05.mes,60,23,Mature,私たちは、ディスクを<6E5C>学長に返しに行ってたの,"우린, 디스크를<6E5C>학장님께 돌려주러 갔었어","우린, 디스크를<6E5C>학장님께 돌려주러 갔었어"
dom2Mature_X05.mes,Script/dom2Mature_X05.mes,61,28,Mature,そのときの学長のあわてぶりも<6E5C>なかなか見ものだったわよ,그때 학장님 당황하는 모습도<6E5C>꽤 볼 만했어,그때 학장님 당황하는 모습도<6E5C>꽤 볼 만했어
dom2Mature_X05.mes,Script/dom2Mature_X05.mes,62,18,UNKNOWN_42,中を見たのか!?<6E5C>を連発していたな,'속을 봤냐?'만<6E5C>연발하더라니까,'속을 봤냐?'만<6E5C>연발하더라니까
dom2Mature_X05.mes,Script/dom2Mature_X05.mes,63,33,주인공,え、それで、結局おふたりは<6E5C>スキャンダルの中身を見たんですか<6E5C>?,"어, 그래서, 결국 두 분은<6E5C>스캔들 내용을 보신 거예요<6E5C>?","어, 그래서, 결국 두 분은<6E5C>스캔들 내용을 보신 거예요<6E5C>?"
dom2Mature_X05.mes,Script/dom2Mature_X05.mes,64,3,Mature,……,……,……
dom2Mature_X05.mes,Script/dom2Mature_X05.mes,65,3,UNKNOWN_42,……,……,……
dom2Mature_X05.mes,Script/dom2Mature_X05.mes,66,6,주인공,あ、あれ?,"어, 어라","어, 어라"
dom2Mature_X05.mes,Script/dom2Mature_X05.mes,67,29,주인공,(もしかして……触れちゃ<6E5C>いけないところだったのかな?),(혹시…… 건드리면<6E5C>안 되는 부분이었나?),(혹시…… 건드리면<6E5C>안 되는 부분이었나?)
dom2Mature_X05.mes,Script/dom2Mature_X05.mes,68,17,UNKNOWN_42,……私たちも中を見ていないんだよ,……우리도 속은 안 봤거든,……우리도 속은 안 봤거든
dom2Mature_X05.mes,Script/dom2Mature_X05.mes,69,9,Mature,ええ.まったくね,그래. 전혀,그래. 전혀
dom2Mature_X05.mes,Script/dom2Mature_X05.mes,70,10,주인공,そ、そうなんですか,"그, 그런가요","그, 그런가요"
dom2Mature_ending1.mes,Script/dom2Mature_ending1.mes,0,22,Mature,……<이름:3131>君は、<6E5C>どうすればよかったと思う?,"……<이름:3131>군은,<6E5C>어떻게 했으면 좋았을까?","……<이름:3131>군은,<6E5C>어떻게 했으면 좋았을까?"
dom2Mature_ending1.mes,Script/dom2Mature_ending1.mes,1,28,주인공,ぼ、僕ですか?<6E5C>僕は……中を見るべきだったと<6E5C>思います,"저, 저요?<6E5C>저는…… 속을 봤어야 했다고<6E5C>생각해요","저, 저요?<6E5C>저는…… 속을 봤어야 했다고<6E5C>생각해요"
dom2Mature_ending1.mes,Script/dom2Mature_ending1.mes,2,32,UNKNOWN_42,それによって、これまでと同じ<6E5C>清泉大学ではなくなったとしても?,"그것 때문에, 지금까지와 다른<6E5C>세이센 대학이 되더라도?","그것 때문에, 지금까지와 다른<6E5C>세이센 대학이 되더라도?"
dom2Mature_ending1.mes,Script/dom2Mature_ending1.mes,3,6,주인공,それは……,그건……,그건……
dom2Mature_ending1.mes,Script/dom2Mature_ending1.mes,4,3,Mature,……,……,……
dom2Mature_ending1.mes,Script/dom2Mature_ending1.mes,5,64,주인공,そ、それでも、やっぱり見る<6E5C>べきだったと思います<485C>僕は清泉大学が好きだから、<6E5C>だからこそ正しい道へ進んで<6E5C>ほしいと思うので……,"그, 그래도, 역시 봤어야<6E5C>했다고 생각해요<485C>전 세이센 대학이 좋으니까,<6E5C>그렇기에 더 올바른 길로 가길<6E5C>바라니까요…","그, 그래도, 역시 봤어야<6E5C>했다고 생각해요<485C>전 세이센 대학이 좋으니까,<6E5C>그렇기에 더 올바른 길로 가길<6E5C>바라니까요…"
dom2Mature_ending1.mes,Script/dom2Mature_ending1.mes,6,5,Mature,フフ……,후후……,후후……
dom2Mature_ending1.mes,Script/dom2Mature_ending1.mes,7,5,UNKNOWN_42,ハハ……,하하……,하하……
dom2Mature_ending1.mes,Script/dom2Mature_ending1.mes,8,26,Mature,ウフフフ……ね、<6E5C>私の言ったとおりだったでしょう?,"우후후……거봐,<6E5C>내 말대로였지?","우후후……거봐,<6E5C>내 말대로였지?"
dom2Mature_ending1.mes,Script/dom2Mature_ending1.mes,9,24,UNKNOWN_42,ハハハ!まったくだ.<6E5C>バカ正直な奴だな、お前は,"하하하! 정말이네.<6E5C>바보처럼 정직하군, 넌","하하하! 정말이네.<6E5C>바보처럼 정직하군, 넌"
dom2Mature_ending1.mes,Script/dom2Mature_ending1.mes,10,5,주인공,え?え?,네? 네,네? 네
dom2Mature_ending1.mes,Script/dom2Mature_ending1.mes,11,9,UNKNOWN_1e,Hi、楽しそうね,"Hi, 재밌겠네","Hi, 재밌겠네"
dom2Mature_ending1.mes,Script/dom2Mature_ending1.mes,12,9,주인공,マ、マリーさん!,"마, 마리 씨!","마, 마리 씨!"
dom2Mature_ending1.mes,Script/dom2Mature_ending1.mes,13,3,Mary,Hi,Hi,Hi
dom2Mature_ending1.mes,Script/dom2Mature_ending1.mes,14,11,주인공,ど、どうしてここに?,"어, 어떻게 여기에","어, 어떻게 여기에"
dom2Mature_ending1.mes,Script/dom2Mature_ending1.mes,15,13,Mary,呼ばれたのよ、そこの人に,불려 왔어 저 사람한테,불려 왔어 저 사람한테
dom2Mature_ending1.mes,Script/dom2Mature_ending1.mes,16,16,Mature,わざわざ来てもらってありがとう,일부러 와줘서 고마워,일부러 와줘서 고마워
dom2Mature_ending1.mes,Script/dom2Mature_ending1.mes,17,10,Mary,これも仕事なんでね,이것도 일이니까,이것도 일이니까
dom2Mature_ending1.mes,Script/dom2Mature_ending1.mes,18,19,Mature,助かるわ.<6E5C>はい、それじゃよろしくね,"도움이 됐어.<6E5C>자, 그럼 부탁할게","도움이 됐어.<6E5C>자, 그럼 부탁할게"
dom2Mature_ending1.mes,Script/dom2Mature_ending1.mes,19,4,[효과음/내레이션],パシッ,탁,탁
dom2Mature_ending1.mes,Script/dom2Mature_ending1.mes,20,11,Mary,たしかに受け取ったわ,확실히 받았어,확실히 받았어
dom2Mature_ending1.mes,Script/dom2Mature_ending1.mes,21,22,주인공,そ、それ、あのディスクじゃ<6E5C>ないですか!?,"그, 그거, 그 디스크<6E5C>아니에요!?","그, 그거, 그 디스크<6E5C>아니에요!?"
dom2Mature_ending1.mes,Script/dom2Mature_ending1.mes,22,65,Mature,ええ.バイスと話し合った結果、<6E5C>これは被女に解析を任せて、<6E5C>判断を委ねることにしたの<485C>公正な目で判断してくれる、<6E5C>中立の被女にね,"응. 바이스랑 상의한 결과,<6E5C>이건 그녀에게 분석과<6E5C>판단을 맡기기로 했어<485C>공정한 눈으로 판단해줄,<6E5C>중립적인 그녀한테","응. 바이스랑 상의한 결과,<6E5C>이건 그녀에게 분석과<6E5C>판단을 맡기기로 했어<485C>공정한 눈으로 판단해줄,<6E5C>중립적인 그녀한테"
dom2Mature_ending1.mes,Script/dom2Mature_ending1.mes,23,21,Mary,それじゃ、<6E5C>私は急ぐからこれで失礼するわ,"그럼,<6E5C>난 바쁘니까 이만 실례할게","그럼,<6E5C>난 바쁘니까 이만 실례할게"
dom2Mature_ending1.mes,Script/dom2Mature_ending1.mes,24,12,UNKNOWN_42,フ……仕事熱心なことだ,훗…… 일에 열심이군,훗…… 일에 열심이군
dom2Mature_ending1.mes,Script/dom2Mature_ending1.mes,25,32,Mature,ほんとね.<6E5C>さすが、腕利きのエージェントと<6E5C>いったところかしら,"정말이지.<6E5C>역시, 실력 있는 요원이라<6E5C>해야 하려나","정말이지.<6E5C>역시, 실력 있는 요원이라<6E5C>해야 하려나"
dom2Mature_ending1.mes,Script/dom2Mature_ending1.mes,26,44,주인공,な、なんだ……僕はてっきり<6E5C>ディスクを学長に返して、全部<6E5C>なかったことにしたのかと……,"뭐, 뭐야…… 전 분명<6E5C>디스크를 학장님께 돌려주고, 전부<6E5C>없던 일로 한 줄……","뭐, 뭐야…… 전 분명<6E5C>디스크를 학장님께 돌려주고, 전부<6E5C>없던 일로 한 줄……"
dom2Mature_ending1.mes,Script/dom2Mature_ending1.mes,27,35,Mature,……私たちも、<6E5C>清泉大学に正しい道を歩んで行って<6E5C>ほしいと思ったのよ,"……우리도,<6E5C>세이센 대학이 올바른 길을 걸어가길<6E5C>바랐거든","……우리도,<6E5C>세이센 대학이 올바른 길을 걸어가길<6E5C>바랐거든"
dom2Mature_ending1.mes,Script/dom2Mature_ending1.mes,28,8,UNKNOWN_42,そういうことだ,그런 거지,그런 거지
dom2Mature_ending1.mes,Script/dom2Mature_ending1.mes,29,20,주인공,そ、そうだったんですか……<6E5C>よかったぁ,"그, 그러셨군요……<6E5C>다행이다","그, 그러셨군요……<6E5C>다행이다"
dom2Mature_ending1.mes,Script/dom2Mature_ending1.mes,30,13,Mature,フフ、よくがんばったわね,"후후, 잘 해냈어","후후, 잘 해냈어"
dom2Mature_ending1.mes,Script/dom2Mature_ending1.mes,31,19,주인공,いや、結局僕はなにも<6E5C>できなくて……,"아뇨, 결국<6E5C>못 했는걸요……","아뇨, 결국<6E5C>못 했는걸요……"
dom2Mature_ending1.mes,Script/dom2Mature_ending1.mes,32,16,Mature,そんなことないわ.ねぇ、バイス,"그렇지 않아. 그치, 바이스","그렇지 않아. 그치, 바이스"
dom2Mature_ending1.mes,Script/dom2Mature_ending1.mes,33,8,UNKNOWN_42,フ……そうだな,훗…… 그렇지,훗…… 그렇지
dom2Mature_ending1.mes,Script/dom2Mature_ending1.mes,34,16,Mature,なにかごほうびをあげないとねぇ,뭔가 상을 줘야겠네,뭔가 상을 줘야겠네
dom2Mature_ending1.mes,Script/dom2Mature_ending1.mes,35,13,주인공,そ、そんな、いいですよ!,"그, 그런, 괜찮아요!","그, 그런, 괜찮아요!"
dom2Mature_ending1.mes,Script/dom2Mature_ending1.mes,36,19,Mature,バカな子ね……<6E5C>女に恥をかかせないの,바보네……<6E5C>여자 체면 세워줘,바보네……<6E5C>여자 체면 세워줘
dom2Mature_ending1.mes,Script/dom2Mature_ending1.mes,37,28,Mature,いい?明日の午後、大学の<6E5C>秘書室にいらっしゃい.必ずよ,"알았지? 내일 오후, 대학<6E5C>비서실로 와. 꼭이야","알았지? 내일 오후, 대학<6E5C>비서실로 와. 꼭이야"
dom2Mature_ending1.mes,Script/dom2Mature_ending1.mes,38,8,주인공,は、はい……!,"네, 네……!","네, 네……!"
dom2Mature_ending1.mes,Script/dom2Mature_ending1.mes,39,14,주인공,(な、なにをされるんだ?),(뭐 뭘 당하는 거지?),(뭐 뭘 당하는 거지?)
dom2Mature_ending1.mes,Script/dom2Mature_ending1.mes,40,37,주인공,(結局僕たちは朝まで飲み続け、<6E5C>気づいたら翌日の午後に<6E5C>なっていた……),"(결국 우리는 아침까지 마셨고,<6E5C>정신 차리니 다음 날<6E5C>오후였다…)","(결국 우리는 아침까지 마셨고,<6E5C>정신 차리니 다음 날<6E5C>오후였다…)"
dom2Mature_ending1.mes,Script/dom2Mature_ending1.mes,41,5,[효과음/내레이션],コンコン,똑똑,똑똑
dom2Mature_ending1.mes,Script/dom2Mature_ending1.mes,42,5,주인공,<이름:3131>です,<이름:3131>예요,<이름:3131>예요
dom2Mature_ending1.mes,Script/dom2Mature_ending1.mes,43,6,Mature,入りなさい,들어와,들어와
dom2Mature_ending1.mes,Script/dom2Mature_ending1.mes,44,6,주인공,失礼します,실례할게요,실례할게요
dom2Mature_ending1.mes,Script/dom2Mature_ending1.mes,45,4,[효과음/내레이션],ガチャ,달칵,달칵
dom2Mature_ending1.mes,Script/dom2Mature_ending1.mes,46,4,주인공,あれ?,어라?,어라?
dom2Mature_ending1.mes,Script/dom2Mature_ending1.mes,47,7,Mature,こっちよ……,이쪽이야……,이쪽이야……
dom2Mature_ending1.mes,Script/dom2Mature_ending1.mes,48,26,주인공,いや、こっちって……真っ暗で<6E5C>なにも見えないですよ,"아니, 이쪽이라니…… 깜깜해서<6E5C>안 보여요","아니, 이쪽이라니…… 깜깜해서<6E5C>안 보여요"
dom2Mature_ending1.mes,Script/dom2Mature_ending1.mes,49,14,Mature,まっすぐ歩いていらっしゃい,똑바로 걸어와,똑바로 걸어와
dom2Mature_ending1.mes,Script/dom2Mature_ending1.mes,50,4,[효과음/내레이션],ドサッ,쿵,쿵
dom2Mature_ending1.mes,Script/dom2Mature_ending1.mes,51,4,[효과음/내레이션],ムニッ,말랑,말랑
dom2Mature_ending1.mes,Script/dom2Mature_ending1.mes,52,11,Mature,あん、せっかちね……,"아앙, 성급하네……","아앙, 성급하네……"
dom2Mature_ending1.mes,Script/dom2Mature_ending1.mes,53,9,주인공,す、すみません!,"죄, 죄송해요!","죄, 죄송해요!"
dom2Mature_ending1.mes,Script/dom2Mature_ending1.mes,54,19,Mature,いいのよ……ほら、<6E5C>ここも触って……,"괜찮아…… 자,<6E5C>여기도 만져봐……","괜찮아…… 자,<6E5C>여기도 만져봐……"
dom2Mature_ending1.mes,Script/dom2Mature_ending1.mes,55,15,주인공,こ、これは……この感触は……,"이, 이건… 이 감촉은……","이, 이건… 이 감촉은……"
dom2Mature_ending1.mes,Script/dom2Mature_ending1.mes,56,20,Mature,そう、上手よ……<6E5C>あなたも気持ちいい?,"그래, 잘하네……<6E5C>너도 기분 좋아?","그래, 잘하네……<6E5C>너도 기분 좋아?"
dom2Mature_ending1.mes,Script/dom2Mature_ending1.mes,57,8,주인공,は、はい……!,"네, 네……!","네, 네……!"
dom2Mature_ending1.mes,Script/dom2Mature_ending1.mes,58,4,[효과음/내레이션],パチッ,탁,탁
dom2Mature_ending1.mes,Script/dom2Mature_ending1.mes,59,6,주인공,あ、あれ?,"어, 어라","어, 어라"
dom2Mature_ending1.mes,Script/dom2Mature_ending1.mes,60,32,Mature,あらあら、なにを愛おしそうに<6E5C>触っているのかしら?妨けるわねぇ,"어머어머, 뭘 그렇게 애틋하게<6E5C>만지고 있어? 기가 차네","어머어머, 뭘 그렇게 애틋하게<6E5C>만지고 있어? 기가 차네"
dom2Mature_ending1.mes,Script/dom2Mature_ending1.mes,61,19,주인공,え?え?これって……<6E5C>フィギュア!?,네? 네? 이거……<6E5C>피규어!?,네? 네? 이거……<6E5C>피규어!?
dom2Mature_ending1.mes,Script/dom2Mature_ending1.mes,62,12,Mature,アハハハハ!大成功ね!,아하하하하 대성공이네,아하하하하 대성공이네
dom2Mature_ending1.mes,Script/dom2Mature_ending1.mes,63,22,주인공,ま、まさか……ドッキリと<6E5C>いうやつでは……,"서, 설마…… 몰래카메라<6E5C>같은 건가요…","서, 설마…… 몰래카메라<6E5C>같은 건가요…"
dom2Mature_ending1.mes,Script/dom2Mature_ending1.mes,64,43,Mature,最近スカルピー改造に<6E5C>凝っててね……!<485C>ダメな子ねぇ、こんなものに<6E5C>引っかかるなんて,"요즘 스컬피 커스텀에<6E5C>빠져서……<485C>바보 같은 애네, 이런 거에<6E5C>속아 넘어가다니","요즘 스컬피 커스텀에<6E5C>빠져서……<485C>바보 같은 애네, 이런 거에<6E5C>속아 넘어가다니"
dom2Mature_ending1.mes,Script/dom2Mature_ending1.mes,65,24,주인공,……な、なんだよ、<6E5C>結局おもちゃにされただけか,"……뭐, 뭐야,<6E5C>결국 놀림당한 것뿐이잖아","……뭐, 뭐야,<6E5C>결국 놀림당한 것뿐이잖아"
dom2Mature_ending1.mes,Script/dom2Mature_ending1.mes,66,3,[효과음/내레이션],トン,톡,톡
dom2Mature_ending1.mes,Script/dom2Mature_ending1.mes,67,9,Mature,……ごめんなさい,……미안해,……미안해
dom2Mature_ending1.mes,Script/dom2Mature_ending1.mes,68,13,주인공,う……マ、マチュアさん?,"윽…… 마, 마츄어씨?","윽…… 마, 마츄어씨?"
dom2Mature_ending1.mes,Script/dom2Mature_ending1.mes,69,15,주인공,(い、いいにおいがする……),"(조, 좋은 냄새가 나…)","(조, 좋은 냄새가 나…)"
dom2Mature_ending1.mes,Script/dom2Mature_ending1.mes,70,10,Mature,ありがとう、<이름:3131>君,"고마워, <이름:3131>군","고마워, <이름:3131>군"
dom2Mature_ending1.mes,Script/dom2Mature_ending1.mes,71,3,주인공,え?,어?,어?
dom2Mature_ending1.mes,Script/dom2Mature_ending1.mes,72,24,Mature,あなたのおかげで、<6E5C>素直な女になれそうだわ……,"네 덕분에,<6E5C>솔직한 여자가 될 것 같아……","네 덕분에,<6E5C>솔직한 여자가 될 것 같아……"
dom2Mature_ending1.mes,Script/dom2Mature_ending1.mes,73,7,주인공,ハ、ハハ……,"하, 하하…","하, 하하…"
dom2Mature_ending1.mes,Script/dom2Mature_ending1.mes,74,25,주인공,(いきなりドッキリかましといて<6E5C>よく言うよ……),(갑자기 몰카 해놓고서<6E5C>잘도 그런 말을……),(갑자기 몰카 해놓고서<6E5C>잘도 그런 말을……)
dom2Mature_ending1.mes,Script/dom2Mature_ending1.mes,75,16,Mature,ねぇ、大人のキスを教えてあげる,"자, 어른 키스 가르쳐줄게","자, 어른 키스 가르쳐줄게"
dom2Mature_ending1.mes,Script/dom2Mature_ending1.mes,76,31,주인공,またドッキリですか?<6E5C>フィギュアとのキスなんて<6E5C>お断りですよ,또 몰카예요?<6E5C>피규어랑 키스라니<6E5C>사양할게요,또 몰카예요?<6E5C>피규어랑 키스라니<6E5C>사양할게요
dom2Mature_ending1.mes,Script/dom2Mature_ending1.mes,77,12,Mature,フフ、バカな子ねぇ……,후후 바보 같은 애네,후후 바보 같은 애네
dom2Mature_ending1.mes,Script/dom2Mature_ending1.mes,78,4,[효과음/내레이션],バチッ,파직,파직
dom2Mature_ending1.mes,Script/dom2Mature_ending1.mes,79,4,[효과음/내레이션],チュッ,쪽,쪽
dom2Mature_ending1.mes,Script/dom2Mature_ending1.mes,80,21,주인공,(こ、これは……<6E5C>ト、トロけそうだ……),"(이, 이건……<6E5C>녹아버릴 것 같아)","(이, 이건……<6E5C>녹아버릴 것 같아)"
dom2Mature_ending1.mes,Script/dom2Mature_ending1.mes,81,9,Mature,気持ちいいでしょ,기분 좋지,기분 좋지
dom2Mature_ending1.mes,Script/dom2Mature_ending1.mes,82,7,주인공,は、はい……,"네, 네……","네, 네……"
dom2Mature_ending1.mes,Script/dom2Mature_ending1.mes,83,14,Mature,ほら、今度はあなたから……,"자, 이번엔 네가……","자, 이번엔 네가……"
dom2Mature_ending1.mes,Script/dom2Mature_ending1.mes,84,4,주인공,はい!,네!,네!
dom2Mature_ending1.mes,Script/dom2Mature_ending1.mes,85,17,주인공,(お、大人の階段が見える……!),"(오, 어른의 계단이 보인다)","(오, 어른의 계단이 보인다)"
dom2Mature_ending1.mes,Script/dom2Mature_ending1.mes,86,24,Shizuku,すごい、シナリオをぜんぶ<6E5C>読んでくれたんだね!,"대단해, 시나리오를 전부<6E5C>읽어줬구나!","대단해, 시나리오를 전부<6E5C>읽어줬구나!"
dom2Mature_ending1.mes,Script/dom2Mature_ending1.mes,87,35,Shizuku,これは私たちからのささやかな<6E5C>プレゼントです.<6E5C>受け取ってください!,이건 저희가 드리는 작은<6E5C>선물이에요.<6E5C>받아주세요!,이건 저희가 드리는 작은<6E5C>선물이에요.<6E5C>받아주세요!
dom2Mature_ending1.mes,Script/dom2Mature_ending1.mes,88,12,UNKNOWN_66,おめでとうございます!,축하합니다!,축하합니다!
dom2Mature_ending1.mes,Script/dom2Mature_ending1.mes,89,20,UNKNOWN_66,私たちを見つけてくれて、<6E5C>ありがとう!,"저희를 찾아내 주셔서,<6E5C>감사합니다!","저희를 찾아내 주셔서,<6E5C>감사합니다!"
dom2Mature_ending2.mes,Script/dom2Mature_ending2.mes,0,24,Mature,フフ……そう、もうあなたには<6E5C>関係のないことよ,"후후…… 그래, 이젠 너랑<6E5C>상관없는 일이야","후후…… 그래, 이젠 너랑<6E5C>상관없는 일이야"
dom2Mature_ending2.mes,Script/dom2Mature_ending2.mes,1,20,UNKNOWN_42,そういうことだ.<6E5C>今回のことは、忘れろ,"그런 거다.<6E5C>이번 일은, 잊어라","그런 거다.<6E5C>이번 일은, 잊어라"
dom2Mature_ending2.mes,Script/dom2Mature_ending2.mes,2,7,주인공,え、えぇ!?,"네, 네에?","네, 네에?"
dom2Mature_ending2.mes,Script/dom2Mature_ending2.mes,3,16,Mature,あまり深入りすると火傷するわよ,너무 깊이 파고들면 다칠거야,너무 깊이 파고들면 다칠거야
dom2Mature_ending2.mes,Script/dom2Mature_ending2.mes,4,21,Mature,じゃあね、<이름:3131>君.<6E5C>なかなか楽しかったわ,"그럼 안녕, <이름:3131>군.<6E5C>꽤 즐거웠어","그럼 안녕, <이름:3131>군.<6E5C>꽤 즐거웠어"
dom2Mature_ending2.mes,Script/dom2Mature_ending2.mes,5,47,UNKNOWN_42,私たちも後期から忙しくなるが、<6E5C>手加減は一切なしだからな.満月の<6E5C>夜にまたNESTSで会おう,우리도 2학기부턴 바빠지지만<6E5C>봐주는 건 없다. 보름달<6E5C>밤에 다시 NESTS서 만나자,우리도 2학기부턴 바빠지지만<6E5C>봐주는 건 없다. 보름달<6E5C>밤에 다시 NESTS서 만나자
dom2Mature_ending2.mes,Script/dom2Mature_ending2.mes,6,7,Mature,ウフフフ……,우후후후……,우후후후……
dom2Mature_ending2.mes,Script/dom2Mature_ending2.mes,7,6,UNKNOWN_42,ハハハ……,하하하……,하하하……
dom2Mature_ending2.mes,Script/dom2Mature_ending2.mes,8,26,주인공,(か、完全にかやの外に<6E5C>追いやられてしまってる!),"(와, 완전히 나만 쏙<6E5C>빼놓고 얘기하잖아!)","(와, 완전히 나만 쏙<6E5C>빼놓고 얘기하잖아!)"
dom2Mature_ending2.mes,Script/dom2Mature_ending2.mes,9,44,주인공,(そんな……ここまで来て、事件の<6E5C>真相を教えてくれないなんて……<6E5C>残酷過ぎますよ……),"(그런…… 여기까지 와서, 사건의<6E5C>진상을 안 알려주다니……<6E5C>너무 잔인해요……)","(그런…… 여기까지 와서, 사건의<6E5C>진상을 안 알려주다니……<6E5C>너무 잔인해요……)"
dom2Mature_ending2.mes,Script/dom2Mature_ending2.mes,10,12,[효과음/내레이션],♪カランコロンカラ~ン,♪딸랑딸랑딸랑~,♪딸랑딸랑딸랑~
dom2Mature_ending2.mes,Script/dom2Mature_ending2.mes,11,27,주인공,(くそ!こうなったら、<6E5C>ひとりで飲み明かしてやる!),"(젠장! 이렇게 된 이상,<6E5C>혼자 밤새 마신다!)","(젠장! 이렇게 된 이상,<6E5C>혼자 밤새 마신다!)"
