file,rel_path,block,n_tokens,speaker,source,ai_draft,translation
dom3Mikoto_L01.mes,Script/dom3Mikoto_L01.mes,0,36,주인공,(枯華院に行くなら、何かお見舞い<6E5C>の品を持っていった方がいいかなぁ<6E5C>),"(고카인에 갈 거면, 병문안<6E5C> 선물을 좀 챙겨가는 게 좋겠지<6E5C>)","(고카인에 갈 거면, 병문안<6E5C> 선물을 좀 챙겨가는 게 좋겠지<6E5C>)"
dom3Mikoto_L01.mes,Script/dom3Mikoto_L01.mes,1,6,UNKNOWN_1e,<이름:3232>殿……,<이름:3232>님……,<이름:3232>님……
dom3Mikoto_L01.mes,Script/dom3Mikoto_L01.mes,2,21,Ukyo,迷いが顔に出ている……<6E5C>いかが致した……,안색이 안 좋군.<6E5C>무슨 일인가……,안색이 안 좋군.<6E5C>무슨 일인가……
dom3Mikoto_L01.mes,Script/dom3Mikoto_L01.mes,3,17,주인공,右京さん、ちょうど良いところに!,"우쿄 씨, 마침 잘 됐어요!","우쿄 씨, 마침 잘 됐어요!"
dom3Mikoto_L01.mes,Script/dom3Mikoto_L01.mes,4,44,주인공,今から知り合いのお見舞いに行くん<6E5C>ですけれど、どんなものを持って<6E5C>いけばいいでしょうか,"지금 아는 사람 병문안을 갈 건데<6E5C>, 뭘 가져가면 좋을까요","지금 아는 사람 병문안을 갈 건데<6E5C>, 뭘 가져가면 좋을까요"
dom3Mikoto_L01.mes,Script/dom3Mikoto_L01.mes,5,15,Ukyo,見舞い…….<6E5C>歌……果物……,병문안…….<6E5C>노래…과일…,병문안…….<6E5C>노래…과일…
dom3Mikoto_L01.mes,Script/dom3Mikoto_L01.mes,6,3,[선택지],歌果物,노\과,노\과
dom3Mikoto_L01.mes,Script/dom3Mikoto_L01.mes,7,32,Mikoto,――まぁ、<이름:3131>様.<6E5C>どうしたのですか?<6E5C>うれしそうな顔をされて,"――어머, <이름:3131>님.<6E5C>무슨 일이세요?<6E5C>기쁜 얼굴을 하시고","――어머, <이름:3131>님.<6E5C>무슨 일이세요?<6E5C>기쁜 얼굴을 하시고"
dom3Mikoto_L01.mes,Script/dom3Mikoto_L01.mes,8,32,주인공,ふふ、命さんが元気になるようにと<6E5C>、歌を作ってきたんですよ、俺,"후후, 미코토 씨 기운 나라고<6E5C>노래를 만들어 왔어요","후후, 미코토 씨 기운 나라고<6E5C>노래를 만들어 왔어요"
dom3Mikoto_L01.mes,Script/dom3Mikoto_L01.mes,9,12,Mikoto,わたくしのために歌を?,저를 위해 노래를요?,저를 위해 노래를요?
dom3Mikoto_L01.mes,Script/dom3Mikoto_L01.mes,10,12,주인공,ええ.では……ゴホンッ,네. 그럼……크흠,네. 그럼……크흠
dom3Mikoto_L01.mes,Script/dom3Mikoto_L01.mes,11,31,주인공,とこしえに……<6E5C>寺床につくなり……<6E5C>寺ミコトさん……<6E5C>寺<이름:3232>,영원토록……<6E5C>랄라 병상……<6E5C>랄라 미코토……<6E5C>랄라 <이름:3232>,영원토록……<6E5C>랄라 병상……<6E5C>랄라 미코토……<6E5C>랄라 <이름:3232>
dom3Mikoto_L01.mes,Script/dom3Mikoto_L01.mes,12,3,[효과음/내레이션],……,……,……
dom3Mikoto_L01.mes,Script/dom3Mikoto_L01.mes,13,3,Mikoto,……,……,……
dom3Mikoto_L01.mes,Script/dom3Mikoto_L01.mes,14,6,주인공,あ、あれ?,어라?,어라?
dom3Mikoto_L01.mes,Script/dom3Mikoto_L01.mes,15,35,Mikoto,……そうですね…….<6E5C>わたくしは、永久に病に伏せる<6E5C>運命ですから……,……그렇네요…….<6E5C>저는 영원히 병상에 누워<6E5C>있을 운명이니까요…,……그렇네요…….<6E5C>저는 영원히 병상에 누워<6E5C>있을 운명이니까요…
dom3Mikoto_L01.mes,Script/dom3Mikoto_L01.mes,16,33,주인공,(し、しまったぁ~.<6E5C>駄目だ、俺はもっと歌を<6E5C>勉強しないと……),"(아, 아차~.<6E5C>안 되겠다, 노래 공부를<6E5C>더 해야겠어……)","(아, 아차~.<6E5C>안 되겠다, 노래 공부를<6E5C>더 해야겠어……)"
dom3Mikoto_L01.mes,Script/dom3Mikoto_L01.mes,17,32,Mikoto,――まぁ、<이름:3131>様.<6E5C>なんですか?<6E5C>その手に持っているものは……,"――어머, <이름:3131>님.<6E5C>그건 뭔가요?<6E5C>손에 든 그건……","――어머, <이름:3131>님.<6E5C>그건 뭔가요?<6E5C>손에 든 그건……"
dom3Mikoto_L01.mes,Script/dom3Mikoto_L01.mes,18,47,주인공,ふふ、いい見舞いの品を持って<6E5C>きましたよ.台所はこっちですか?<6E5C>ちょっと包丁をお借りしますね,"후후, 좋은 병문안 선물을 가져<6E5C>왔어요.부엌은 이쪽인가요?<6E5C>칼 좀 잠깐 빌릴게요","후후, 좋은 병문안 선물을 가져<6E5C>왔어요.부엌은 이쪽인가요?<6E5C>칼 좀 잠깐 빌릴게요"
dom3Mikoto_L01.mes,Script/dom3Mikoto_L01.mes,19,12,Mikoto,え?いったい何を……?,네?대체 뭘……?,네?대체 뭘……?
dom3Mikoto_L01.mes,Script/dom3Mikoto_L01.mes,20,6,Mikoto,これは……,이건……,이건……
dom3Mikoto_L01.mes,Script/dom3Mikoto_L01.mes,21,28,주인공,寺子屋の右京さんからいただいた、<6E5C>リンゴという果物です,"서당의 우쿄 씨에게 받은,<6E5C> 사과라는 과일이에요","서당의 우쿄 씨에게 받은,<6E5C> 사과라는 과일이에요"
dom3Mikoto_L01.mes,Script/dom3Mikoto_L01.mes,22,29,주인공,真っ赤できれいでしょう.<6E5C>まるで命さんの瞳のようです……,새빨갛고 예쁘죠.<6E5C>꼭 미코토 씨 눈동자 같아요……,새빨갛고 예쁘죠.<6E5C>꼭 미코토 씨 눈동자 같아요……
dom3Mikoto_L01.mes,Script/dom3Mikoto_L01.mes,23,50,Mikoto,……覇王丸おじ様から<6E5C>閉いたことがあります<485C>とても甘い果物だと.<6E5C>……いただいてよろしいのですか?,……하오마루 아저씨께<6E5C>들은 적이 있어요<485C>아주 달콤한 과일이라고.<6E5C>……받아도 되는 건가요?,……하오마루 아저씨께<6E5C>들은 적이 있어요<485C>아주 달콤한 과일이라고.<6E5C>……받아도 되는 건가요?
dom3Mikoto_L01.mes,Script/dom3Mikoto_L01.mes,24,15,주인공,もちろん、早く食べてください,"그럼요, 얼른 드세요","그럼요, 얼른 드세요"
dom3Mikoto_L01.mes,Script/dom3Mikoto_L01.mes,25,23,Mikoto,そ、そんな、<6E5C>わたくし自分で食べられますよ!,"그, 그런,<6E5C>저 혼자 먹을 수 있어요!","그, 그런,<6E5C>저 혼자 먹을 수 있어요!"
dom3Mikoto_L01.mes,Script/dom3Mikoto_L01.mes,26,12,주인공,いいから.遠慮しないで,사양 말아요,사양 말아요
dom3Mikoto_L01.mes,Script/dom3Mikoto_L01.mes,27,7,Mikoto,で、では……,그럼……,그럼……
dom3Mikoto_L01.mes,Script/dom3Mikoto_L01.mes,28,6,[효과음/내레이션],あーん……,아앙……,아앙……
dom3Mikoto_L01.mes,Script/dom3Mikoto_L01.mes,29,11,[효과음/내레이션],しゃく、しゃりしゃり,"아삭, 아삭아삭","아삭, 아삭아삭"
dom3Mikoto_L01.mes,Script/dom3Mikoto_L01.mes,30,7,Mikoto,……おいしぃ,……맛있어요,……맛있어요
dom3Mikoto_L01.mes,Script/dom3Mikoto_L01.mes,31,23,주인공,(喜んでもらえたみたいだな.<6E5C>よかった……),(기뻐해 주는 것 같네.<6E5C>다행이다……),(기뻐해 주는 것 같네.<6E5C>다행이다……)
dom3Mikoto_L02.mes,Script/dom3Mikoto_L02.mes,0,12,주인공,命さ……あれ、いない?,미코토 씨……없나?,미코토 씨……없나?
dom3Mikoto_L02.mes,Script/dom3Mikoto_L02.mes,1,25,UNKNOWN_30,9命なら部屋に…….<6E5C>あれ?どこに行ったんじゃ?,9미코토라면 방에…….<6E5C>어라? 어디 갔지?,9미코토라면 방에…….<6E5C>어라? 어디 갔지?
dom3Mikoto_L02.mes,Script/dom3Mikoto_L02.mes,2,10,[선택지],探しに行くここで待つ,찾으러 간다\기다린다,찾으러 간다\기다린다
dom3Mikoto_L02.mes,Script/dom3Mikoto_L02.mes,3,10,주인공,俺、探してきます!,제가 찾아올게요!,제가 찾아올게요!
dom3Mikoto_L02.mes,Script/dom3Mikoto_L02.mes,4,13,주인공,(あんな体でどこへ……),(그 몸으로 어딜……),(그 몸으로 어딜……)
dom3Mikoto_L02.mes,Script/dom3Mikoto_L02.mes,5,36,주인공,……はぁ、はぁ.<6E5C>町にも河原にもいなかった.<6E5C>あとはこの山しか……あ!,……헉헉.<6E5C>마을도 강변도 없었어.<6E5C>남은 건 이 산뿐인데……아!,……헉헉.<6E5C>마을도 강변도 없었어.<6E5C>남은 건 이 산뿐인데……아!
dom3Mikoto_L02.mes,Script/dom3Mikoto_L02.mes,6,27,주인공,(こんな山の中で、何を…….<6E5C>ん?何か様子が変だぞ),(이런 산에서 뭘…….<6E5C>응? 분위기가 이상한데),(이런 산에서 뭘…….<6E5C>응? 분위기가 이상한데)
dom3Mikoto_L02.mes,Script/dom3Mikoto_L02.mes,7,29,Mikoto,……いや.あなたなんて知らない.<6E5C>お願い、出て行って……,"……싫어…….당신 같은 건 몰라.<6E5C>제발, 나가……","……싫어…….당신 같은 건 몰라.<6E5C>제발, 나가……"
dom3Mikoto_L02.mes,Script/dom3Mikoto_L02.mes,8,36,Mikoto,ホホホ、世迷言を.<6E5C>ソナタはワラワ、ワラワがソナタの<6E5C>真の姿ではないか,"호호호, 헛소리를.<6E5C>그대는 나, 내가 그대의<6E5C>참모습이 아니더냐","호호호, 헛소리를.<6E5C>그대는 나, 내가 그대의<6E5C>참모습이 아니더냐"
dom3Mikoto_L02.mes,Script/dom3Mikoto_L02.mes,9,24,주인공,(何か話している…….<6E5C>いったい、誰と……?),(뭔가 얘기 중이야…….<6E5C>대체 누구랑…?),(뭔가 얘기 중이야…….<6E5C>대체 누구랑…?)
dom3Mikoto_L02.mes,Script/dom3Mikoto_L02.mes,10,30,Mikoto,イヤッ.……やめて、……これ以上<6E5C>わたくしを苦しめないで!,"싫어!……그만해,……더 이상<6E5C>날 괴롭히지 마!","싫어!……그만해,……더 이상<6E5C>날 괴롭히지 마!"
dom3Mikoto_L02.mes,Script/dom3Mikoto_L02.mes,11,42,Mikoto,ならば早う、ワラワを受け入れよ!<6E5C>さすれば、苦しみもくだらぬ感情<6E5C>もなくなろうぞ!,그렇다면 어서 받아들여라!<6E5C>그리하면 괴로움도 하찮은 감정<6E5C>도 사라지리라!,그렇다면 어서 받아들여라!<6E5C>그리하면 괴로움도 하찮은 감정<6E5C>도 사라지리라!
dom3Mikoto_L02.mes,Script/dom3Mikoto_L02.mes,12,18,Mikoto,いやぁ!<6E5C>……お願い……やめて……,싫어!<6E5C>……제발……그만해……,싫어!<6E5C>……제발……그만해……
dom3Mikoto_L02.mes,Script/dom3Mikoto_L02.mes,13,27,Mikoto,……だれか、……助け……て.<6E5C>……だ……れ……か……,……누구……도와……줘.<6E5C>……누……구……가……,……누구……도와……줘.<6E5C>……누……구……가……
dom3Mikoto_L02.mes,Script/dom3Mikoto_L02.mes,14,7,주인공,み、命さん!,"미, 미코토","미, 미코토"
dom3Mikoto_L02.mes,Script/dom3Mikoto_L02.mes,15,16,Mikoto,……はぁ、……ゴホッ、ゴホッ!,"……하아,……콜록, 콜록!","……하아,……콜록, 콜록!"
dom3Mikoto_L02.mes,Script/dom3Mikoto_L02.mes,16,12,주인공,大丈夫ですか?命さん!,"괜찮아요, 미코토!","괜찮아요, 미코토!"
dom3Mikoto_L02.mes,Script/dom3Mikoto_L02.mes,17,5,Mikoto,……はっ,……헉,……헉
dom3Mikoto_L02.mes,Script/dom3Mikoto_L02.mes,18,5,Mikoto,<이름:3131>様!,<이름:3131>님!,<이름:3131>님!
dom3Mikoto_L02.mes,Script/dom3Mikoto_L02.mes,19,11,주인공,今のはいったい……?,방금 그건……?,방금 그건……?
dom3Mikoto_L02.mes,Script/dom3Mikoto_L02.mes,20,56,Mikoto,……お願いです、忘れてください.<6E5C>どうか、わたくしにはもう<6E5C>会わないで<485C>……このような、呪われた<6E5C>わたくしには,부탁이에요 잊어주세요.<6E5C>부디 저와는 더 이상<6E5C>만나지 말아주세요<485C>……이런 저주받은<6E5C>저 같은 사람과는,부탁이에요 잊어주세요.<6E5C>부디 저와는 더 이상<6E5C>만나지 말아주세요<485C>……이런 저주받은<6E5C>저 같은 사람과는
dom3Mikoto_L02.mes,Script/dom3Mikoto_L02.mes,21,8,주인공,命さん……!?,미코토……!?,미코토……!?
dom3Mikoto_L02.mes,Script/dom3Mikoto_L02.mes,22,27,주인공,(命さんの中で、いったい何が<6E5C>起こってるんだ……?),(미코토 씨 안에 무슨 일이<6E5C>일어나는 거지…?),(미코토 씨 안에 무슨 일이<6E5C>일어나는 거지…?)
dom3Mikoto_L02.mes,Script/dom3Mikoto_L02.mes,23,22,주인공,こちらで待たせたもらって<6E5C>いいでしょうか?,여기서 기다리고 있어도<6E5C> 될까요?,여기서 기다리고 있어도<6E5C> 될까요?
dom3Mikoto_L02.mes,Script/dom3Mikoto_L02.mes,24,39,UNKNOWN_4c,9おお、それはけっこうじゃ.<6E5C>なんなら、廊下の雑巾がけでも<6E5C>しながら待つか?,"9오, 그거 좋구먼.<6E5C>그럼, 복도 걸레질이라도<6E5C>하면서 기다릴 텐가?","9오, 그거 좋구먼.<6E5C>그럼, 복도 걸레질이라도<6E5C>하면서 기다릴 텐가?"
dom3Mikoto_L02.mes,Script/dom3Mikoto_L02.mes,25,9,주인공,え?あ、はい……,"네? 아, 네","네? 아, 네"
dom3Mikoto_L02.mes,Script/dom3Mikoto_L02.mes,26,7,[효과음/내레이션],ダダダダダッ,다다다다닷,다다다다닷
dom3Mikoto_L02.mes,Script/dom3Mikoto_L02.mes,27,14,주인공,――け、けっこうしんどいな,"――이, 이거 꽤 힘드네","――이, 이거 꽤 힘드네"
dom3Mikoto_L02.mes,Script/dom3Mikoto_L02.mes,28,28,UNKNOWN_36,9感心な若者じゃのう.<6E5C>それが終わったら次は薪割りじゃ,9기특한 젊은이군.<6E5C>그거 끝나면 다음 장작 패기다,9기특한 젊은이군.<6E5C>그거 끝나면 다음 장작 패기다
dom3Mikoto_L02.mes,Script/dom3Mikoto_L02.mes,29,7,주인공,え、えぇ~?,엥~?,엥~?
dom3Mikoto_L02.mes,Script/dom3Mikoto_L02.mes,30,16,주인공,(命さん、早く帰ってきて……),(미코토 씨 얼른 와요……),(미코토 씨 얼른 와요……)
dom3Mikoto_L03.mes,Script/dom3Mikoto_L03.mes,0,33,Mikoto,……<이름:3131>様.……どうして.<6E5C>もう会わないでと<6E5C>申し上げたのに……,<이름:3131>님. 어째서요.<6E5C>더 이상 만나지 말자고<6E5C>말씀드렸는데……,<이름:3131>님. 어째서요.<6E5C>더 이상 만나지 말자고<6E5C>말씀드렸는데……
dom3Mikoto_L03.mes,Script/dom3Mikoto_L03.mes,1,32,주인공,先日の命さんのことがどうしても<6E5C>気になって…….<6E5C>あれは一体?,요전 미코토 씨 일이<6E5C>신경 쓰여서…….<6E5C>그거 뭐였어요?,요전 미코토 씨 일이<6E5C>신경 쓰여서…….<6E5C>그거 뭐였어요?
dom3Mikoto_L03.mes,Script/dom3Mikoto_L03.mes,2,30,Mikoto,…….<6E5C>……どうしても、放っておいては<6E5C>下さらないのですね,"…….<6E5C>……아무래도, 그냥 두고 보시진<6E5C>않으시는군요","…….<6E5C>……아무래도, 그냥 두고 보시진<6E5C>않으시는군요"
dom3Mikoto_L03.mes,Script/dom3Mikoto_L03.mes,3,19,[선택지],言いたくないならいいどうしても閉きたい,말하기 싫음 괜찮아\꼭 듣고 싶어,말하기 싫음 괜찮아\꼭 듣고 싶어
dom3Mikoto_L03.mes,Script/dom3Mikoto_L03.mes,4,21,주인공,言いたくないのなら、<6E5C>無理には閉かないよ,말하고 싶지 않다면<6E5C>억지로 안 물을게,말하고 싶지 않다면<6E5C>억지로 안 물을게
dom3Mikoto_L03.mes,Script/dom3Mikoto_L03.mes,5,3,Mikoto,……,……,……
dom3Mikoto_L03.mes,Script/dom3Mikoto_L03.mes,6,46,주인공,俺のようなヨソ者には言えない、<6E5C>やっかいな事情なのでしょう.<6E5C>無理にたずねて申し訳ないです,"나 같은 외지인한테는 말 못 할,<6E5C> 곤란한 사정이겠죠.<6E5C>억지로 물어봐서 미안해요","나 같은 외지인한테는 말 못 할,<6E5C> 곤란한 사정이겠죠.<6E5C>억지로 물어봐서 미안해요"
dom3Mikoto_L03.mes,Script/dom3Mikoto_L03.mes,7,12,주인공,じゃあ、俺はこれで……,"그럼, 난 이만……","그럼, 난 이만……"
dom3Mikoto_L03.mes,Script/dom3Mikoto_L03.mes,8,8,Mikoto,……<이름:3131>様っ!,……<이름:3131>님!,……<이름:3131>님!
dom3Mikoto_L03.mes,Script/dom3Mikoto_L03.mes,9,4,[효과음/내레이션],ぎゅっ,꽉,꽉
dom3Mikoto_L03.mes,Script/dom3Mikoto_L03.mes,10,26,주인공,……え?どうしたのですか、<6E5C>俺の袖なぞつかんで……,"……네?왜 그러세요,<6E5C>제 소매를 다 붙잡고……","……네?왜 그러세요,<6E5C>제 소매를 다 붙잡고……"
dom3Mikoto_L03.mes,Script/dom3Mikoto_L03.mes,11,41,Mikoto,……いえ、なんでもありません.<6E5C>失礼しました…….<6E5C>どうぞ、<이름:3131>様はお元気で……,"아뇨, 아무것도 아니에요.<6E5C>실례했습니다…….<6E5C>부디 <이름:3131>님은 건강하세요……","아뇨, 아무것도 아니에요.<6E5C>실례했습니다…….<6E5C>부디 <이름:3131>님은 건강하세요……"
dom3Mikoto_L03.mes,Script/dom3Mikoto_L03.mes,12,3,[효과음/내레이션],スッ,스윽,스윽
dom3Mikoto_L03.mes,Script/dom3Mikoto_L03.mes,13,25,주인공,(命さん…….<6E5C>これで、よかったんだよな……?),(미코토 씨…….<6E5C>이걸로 괜찮은 거겠지…?),(미코토 씨…….<6E5C>이걸로 괜찮은 거겠지…?)
dom3Mikoto_L03.mes,Script/dom3Mikoto_L03.mes,14,52,주인공,放ってなんておけないよ.<6E5C>俺で力になれることがあるなら<6E5C>なんでもしたい<485C>だから、どうか話してくれないか,그냥 둘 순 없어.<6E5C>내가 힘이 될 일이라면<6E5C>뭐든 하고 싶어<485C>그러니 얘기해 주지 않을래?,그냥 둘 순 없어.<6E5C>내가 힘이 될 일이라면<6E5C>뭐든 하고 싶어<485C>그러니 얘기해 주지 않을래?
dom3Mikoto_L03.mes,Script/dom3Mikoto_L03.mes,15,11,Mikoto,<이름:3131>様、そこまで……,"<이름:3131>님, 그렇게까지","<이름:3131>님, 그렇게까지"
dom3Mikoto_L03.mes,Script/dom3Mikoto_L03.mes,16,9,Mikoto,……わかりました,……알겠습니다,……알겠습니다
dom3Mikoto_L03.mes,Script/dom3Mikoto_L03.mes,17,7,주인공,(ゴクリッ),(꿀꺽),(꿀꺽)
dom3Mikoto_L03.mes,Script/dom3Mikoto_L03.mes,18,23,Mikoto,……わたくしの病は、<6E5C>ただの病ではないのです,"……제 병은,<6E5C> 그냥 병이 아니에요","……제 병은,<6E5C> 그냥 병이 아니에요"
dom3Mikoto_L03.mes,Script/dom3Mikoto_L03.mes,19,43,Mikoto,悪魔が…….わたくしの体の中に、<6E5C>悪魔のようなもう一人のわたくしが<6E5C>住んでいるのです,"악마가…….제 몸속에,<6E5C> 악마 같은 또 한 명의 제가<6E5C>살고 있는 거예요","악마가…….제 몸속에,<6E5C> 악마 같은 또 한 명의 제가<6E5C>살고 있는 거예요"
dom3Mikoto_L03.mes,Script/dom3Mikoto_L03.mes,20,12,주인공,悪魔だって?そんな……,악마라고요? 그런……,악마라고요? 그런……
dom3Mikoto_L03.mes,Script/dom3Mikoto_L03.mes,21,28,Mikoto,それは生まれたときからわたくしの<6E5C>中に宿っておりました,그건 태어났을 때부터 제<6E5C> 안에 깃들어 있었어요,그건 태어났을 때부터 제<6E5C> 안에 깃들어 있었어요
dom3Mikoto_L03.mes,Script/dom3Mikoto_L03.mes,22,47,Mikoto,幼い頃、発作を起こしたように暴れ<6E5C>ることが何度かあったと、おじい様<6E5C>から閉いたことがあります,"어릴 적, 발작을 일으킨 듯 날뛴<6E5C>적이 몇 번 있었다고 할아버님께<6E5C>들은 적이 있어요","어릴 적, 발작을 일으킨 듯 날뛴<6E5C>적이 몇 번 있었다고 할아버님께<6E5C>들은 적이 있어요"
dom3Mikoto_L03.mes,Script/dom3Mikoto_L03.mes,23,45,Mikoto,わたくしが成長するにつれ、悪魔も<6E5C>言葉をあやつりだし、わたくしや<6E5C>皆様を苦しめだして……,"제가 자라면서, 악마도<6E5C> 말을 하기 시작해서, 저와<6E5C>모두를 괴롭히기 시작했고……","제가 자라면서, 악마도<6E5C> 말을 하기 시작해서, 저와<6E5C>모두를 괴롭히기 시작했고……"
dom3Mikoto_L03.mes,Script/dom3Mikoto_L03.mes,24,11,주인공,悪魔に、体と心を……,악마에게몸과마음을,악마에게몸과마음을
dom3Mikoto_L03.mes,Script/dom3Mikoto_L03.mes,25,49,Mikoto,わたくしを完全にのっとろうとして<6E5C>います.このままでは、いつかわた<6E5C>くしはわたくしでなくなり……,"저를 완전히 빼앗으려<6E5C>해요.이대로면, 언젠가 저는<6E5C>제가 아니게 되어……","저를 완전히 빼앗으려<6E5C>해요.이대로면, 언젠가 저는<6E5C>제가 아니게 되어……"
dom3Mikoto_L03.mes,Script/dom3Mikoto_L03.mes,26,53,Mikoto,だから、<이름:3131>様に嫌われる前に<6E5C>消えてしまいたいのです!<485C>わたくしでないわたくしなど、<6E5C>見られたくない……,그러니 <이름:3131>님께 미움받기 전에<6E5C>사라지고 싶어요!<485C>제가 아닌 저 같은 건<6E5C>보이고 싶지 않아요…,그러니 <이름:3131>님께 미움받기 전에<6E5C>사라지고 싶어요!<485C>제가 아닌 저 같은 건<6E5C>보이고 싶지 않아요…
dom3Mikoto_L03.mes,Script/dom3Mikoto_L03.mes,27,14,주인공,命さん…….でも、それでは,미코토 씨…하지만 그러면,미코토 씨…하지만 그러면
dom3Mikoto_L03.mes,Script/dom3Mikoto_L03.mes,28,41,Mikoto,いいのです.<6E5C>これがわたくしのさだめなのです.<6E5C>もはや、悪魔とともに滅ぶしか……,괜찮아요.<6E5C>이게 제 운명인 거예요.<6E5C>이제는 악마와 함께 스러지는 수밖에…,괜찮아요.<6E5C>이게 제 운명인 거예요.<6E5C>이제는 악마와 함께 스러지는 수밖에…
dom3Mikoto_L03.mes,Script/dom3Mikoto_L03.mes,29,19,주인공,いけない!<6E5C>それでは、あまりにも……,"안 돼요!<6E5C>그건, 너무나도……","안 돼요!<6E5C>그건, 너무나도……"
dom3Mikoto_L03.mes,Script/dom3Mikoto_L03.mes,30,17,Mikoto,よいのです、わたくしはそれで……,"괜찮아요, 저는 그걸로……","괜찮아요, 저는 그걸로……"
dom3Mikoto_L03.mes,Script/dom3Mikoto_L03.mes,31,33,주인공,いいはずなんてない!<6E5C>だって命さん……、<6E5C>泣いてるじゃないですか,"괜찮을 리가 없잖아요!<6E5C>왜냐면 미코토 씨…,<6E5C>울고 있잖아요","괜찮을 리가 없잖아요!<6E5C>왜냐면 미코토 씨…,<6E5C>울고 있잖아요"
dom3Mikoto_L03.mes,Script/dom3Mikoto_L03.mes,32,15,Mikoto,……いいのです……これで……,……괜찮아요……이걸로……,……괜찮아요……이걸로……
dom3Mikoto_L04.mes,Script/dom3Mikoto_L04.mes,0,6,Mikoto,<이름:3131>様……,<이름:3131>님……,<이름:3131>님……
dom3Mikoto_L04.mes,Script/dom3Mikoto_L04.mes,1,23,주인공,命さん、俺といっしょに<6E5C>散歩でもしませんか?,"미코토 씨, 같이 산책할래요?","미코토 씨, 같이 산책할래요?"
dom3Mikoto_L04.mes,Script/dom3Mikoto_L04.mes,2,11,Mikoto,でも、わたくしは……,"하지만, 저는……","하지만, 저는……"
dom3Mikoto_L04.mes,Script/dom3Mikoto_L04.mes,3,50,주인공,たまには外に出て、<6E5C>新鮮な空気を吸ったほうが<6E5C>いいですって!<485C>それとも、<6E5C>俺といっしょは嫌ですか?,가끔은 밖에 나가서<6E5C>신선한 공기를 마시는 게<6E5C>좋다니까요!<485C>아니면<6E5C>저랑 있는 게 싫어요?,가끔은 밖에 나가서<6E5C>신선한 공기를 마시는 게<6E5C>좋다니까요!<485C>아니면<6E5C>저랑 있는 게 싫어요?
dom3Mikoto_L04.mes,Script/dom3Mikoto_L04.mes,4,10,Mikoto,そんな!嫌だなんて,그럴 리가요!,그럴 리가요!
dom3Mikoto_L04.mes,Script/dom3Mikoto_L04.mes,5,10,주인공,なら、決まりです!,그럼 정해졌네요!,그럼 정해졌네요!
dom3Mikoto_L04.mes,Script/dom3Mikoto_L04.mes,6,7,[효과음/내레이션],ざわざわ……,웅성웅성……,웅성웅성……
dom3Mikoto_L04.mes,Script/dom3Mikoto_L04.mes,7,12,Mikoto,まあ、人がいっぱい……,"어머, 사람 많네……","어머, 사람 많네……"
dom3Mikoto_L04.mes,Script/dom3Mikoto_L04.mes,8,36,주인공,命さん、はぐれたら駄目ですよ.<6E5C>ちゃんと俺につかまってて<6E5C>くださいね?,"미코토 씨, 놓치면 안 돼요.<6E5C>제대로 저를 붙잡고<6E5C>있어 주세요?","미코토 씨, 놓치면 안 돼요.<6E5C>제대로 저를 붙잡고<6E5C>있어 주세요?"
dom3Mikoto_L04.mes,Script/dom3Mikoto_L04.mes,9,8,Mikoto,そ、そんな……,"그, 그런……","그, 그런……"
dom3Mikoto_L04.mes,Script/dom3Mikoto_L04.mes,10,12,UNKNOWN_1e,おかおが真っ赤~っ!!,얼굴이 새빨개~!!,얼굴이 새빨개~!!
dom3Mikoto_L04.mes,Script/dom3Mikoto_L04.mes,11,8,주인공,(ん?子供?),(응? 애?),(응? 애?)
dom3Mikoto_L04.mes,Script/dom3Mikoto_L04.mes,12,5,Mikoto,あら……,어머……,어머……
dom3Mikoto_L04.mes,Script/dom3Mikoto_L04.mes,13,25,UNKNOWN_28,オネーサン、きれいな髪だね.<6E5C>ミントは好きだなっ,"누나, 머리카락 예쁘다.<6E5C>나 민트 좋아해!","누나, 머리카락 예쁘다.<6E5C>나 민트 좋아해!"
dom3Mikoto_L04.mes,Script/dom3Mikoto_L04.mes,14,8,Mikoto,あ、ありがとう,"아, 고마워","아, 고마워"
dom3Mikoto_L04.mes,Script/dom3Mikoto_L04.mes,15,34,UNKNOWN_78,オマエ、見かけネーかおだな.<6E5C>あんまりはしゃぐなよな、<6E5C>オレの町で,"너, 처음 보는 얼굴이네.<6E5C>너무 촐랑대지 마라,<6E5C>내 동네에서","너, 처음 보는 얼굴이네.<6E5C>너무 촐랑대지 마라,<6E5C>내 동네에서"
dom3Mikoto_L04.mes,Script/dom3Mikoto_L04.mes,16,11,주인공,(お、もう一人……),"(오, 한 명 더)","(오, 한 명 더)"
dom3Mikoto_L04.mes,Script/dom3Mikoto_L04.mes,17,37,Mikoto,こんにちは.お姉さんは体が悪くて<6E5C>、あんまり外に出れないの.<6E5C>だから……,"안녕.누나는 몸이 안 좋아서<6E5C>, 밖에 잘 못 나와.<6E5C>그래서……","안녕.누나는 몸이 안 좋아서<6E5C>, 밖에 잘 못 나와.<6E5C>그래서……"
dom3Mikoto_L04.mes,Script/dom3Mikoto_L04.mes,18,19,UNKNOWN_28,なして?<6E5C>そげにエ~チチしとるのに?,왜?<6E5C>그렇게 가슴도 빵빵한데?,왜?<6E5C>그렇게 가슴도 빵빵한데?
dom3Mikoto_L04.mes,Script/dom3Mikoto_L04.mes,19,12,주인공,(な、なんてことを!),"(무, 무슨 말을!)","(무, 무슨 말을!)"
dom3Mikoto_L04.mes,Script/dom3Mikoto_L04.mes,20,12,Mikoto,クスクス.不思議な子ね,후후.신기한 애네,후후.신기한 애네
dom3Mikoto_L04.mes,Script/dom3Mikoto_L04.mes,21,33,UNKNOWN_28,オネーサンのおチチは<6E5C>ボインボインッ♪<6E5C>アンタもそう思うじゃろ?,누나 가슴은<6E5C> 빵빵하잖아♪<6E5C>너도 그렇게 생각하지?,누나 가슴은<6E5C> 빵빵하잖아♪<6E5C>너도 그렇게 생각하지?
dom3Mikoto_L04.mes,Script/dom3Mikoto_L04.mes,22,4,주인공,え……,어……,어……
dom3Mikoto_L04.mes,Script/dom3Mikoto_L04.mes,23,14,[선택지],そうだな……そんなことはない,그러게……\그렇지 않아,그러게……\그렇지 않아
dom3Mikoto_L04.mes,Script/dom3Mikoto_L04.mes,24,13,주인공,そ、そうだなぁ……ははは,"그, 그러게……하하하","그, 그러게……하하하"
dom3Mikoto_L04.mes,Script/dom3Mikoto_L04.mes,25,34,Mikoto,……<이름:3131>様、そんな目で<6E5C>わたくしのことを見てらしたの<6E5C>ですか……?,"……<이름:3131>님, 그런 눈으로<6E5C>절 보고 계셨던<6E5C>건가요……?","……<이름:3131>님, 그런 눈으로<6E5C>절 보고 계셨던<6E5C>건가요……?"
dom3Mikoto_L04.mes,Script/dom3Mikoto_L04.mes,26,13,주인공,え!そういうわけでは……,네!그런 게 아니라……,네!그런 게 아니라……
dom3Mikoto_L04.mes,Script/dom3Mikoto_L04.mes,27,23,UNKNOWN_28,ウケケッ.<6E5C>オニーサンのおかおも真っ赤~っ!,우케케.<6E5C>형아 얼굴도 새빨개~!,우케케.<6E5C>형아 얼굴도 새빨개~!
dom3Mikoto_L04.mes,Script/dom3Mikoto_L04.mes,28,15,주인공,く……なんでこんなことに……,큭……왜 이렇게 됐지……,큭……왜 이렇게 됐지……
dom3Mikoto_L04.mes,Script/dom3Mikoto_L04.mes,29,24,주인공,そんなこと……ないよ…….<6E5C>え、どうかな……?,"그런 거……아니야…….<6E5C>어, 어떨까……?","그런 거……아니야…….<6E5C>어, 어떨까……?"
dom3Mikoto_L04.mes,Script/dom3Mikoto_L04.mes,30,22,Mikoto,や、やだ、何を見てるんですか、<6E5C><이름:3131>様!!,"시, 싫어요! 뭘 보세요,<6E5C><이름:3131>님!!","시, 싫어요! 뭘 보세요,<6E5C><이름:3131>님!!"
dom3Mikoto_L04.mes,Script/dom3Mikoto_L04.mes,31,9,주인공,あ、ごめんっ!!,"아, 미안!!","아, 미안!!"
dom3Mikoto_L04.mes,Script/dom3Mikoto_L04.mes,32,11,UNKNOWN_78,ケッ、だらしねーナァ,"쳇, 칠칠맞긴","쳇, 칠칠맞긴"
dom3Mikoto_L04.mes,Script/dom3Mikoto_L04.mes,33,15,주인공,むむむ……なんと生意気な……,으으……되게 건방지네……,으으……되게 건방지네……
dom3Mikoto_L05.mes,Script/dom3Mikoto_L05.mes,0,35,주인공,命さん、今日はわらび餅を<6E5C>買って来たんです.<6E5C>いっしょに食べましょう,"미코토 씨, 오늘은 고사리떡을<6E5C>사 왔어요.<6E5C>같이 먹어요","미코토 씨, 오늘은 고사리떡을<6E5C>사 왔어요.<6E5C>같이 먹어요"
dom3Mikoto_L05.mes,Script/dom3Mikoto_L05.mes,1,14,Mikoto,まぁ、わたくしなんかに……,"어머, 저 같은 사람한테","어머, 저 같은 사람한테"
dom3Mikoto_L05.mes,Script/dom3Mikoto_L05.mes,2,26,주인공,いいからいいから.<6E5C>ほら、俺が食べさせてあげますよ,"괜찮아요, 괜찮아.<6E5C>자, 제가 먹여드릴게요","괜찮아요, 괜찮아.<6E5C>자, 제가 먹여드릴게요"
dom3Mikoto_L05.mes,Script/dom3Mikoto_L05.mes,3,6,Mikoto,そんな……,그런……,그런……
dom3Mikoto_L05.mes,Script/dom3Mikoto_L05.mes,4,15,UNKNOWN_1e,お、わらび餅かぁ.風流だねぇ,오 고사리떡인가.운치있구먼,오 고사리떡인가.운치있구먼
dom3Mikoto_L05.mes,Script/dom3Mikoto_L05.mes,5,7,Mikoto,あら、おじ様,어머 아저씨,어머 아저씨
dom3Mikoto_L05.mes,Script/dom3Mikoto_L05.mes,6,56,UNKNOWN_75,おめぇたち、俺の知らない間に<6E5C>ずいぶん仲よくなっちまって<485C>こりゃ、俺はとっとといなく<6E5C>なった方がいいみてぇだな,"너희들, 내가 모르는 사이에<6E5C>어지간히 친해졌구나<485C>이거, 난 얼른 자리를<6E5C>비켜주는 게 좋겠구먼","너희들, 내가 모르는 사이에<6E5C>어지간히 친해졌구나<485C>이거, 난 얼른 자리를<6E5C>비켜주는 게 좋겠구먼"
dom3Mikoto_L05.mes,Script/dom3Mikoto_L05.mes,7,42,Mikoto,な、何をおっしゃるんです!<6E5C>そんな、わたくしのような者とでは<6E5C>、<이름:3131>様に失礼です!,"무, 무슨 말씀이세요!<6E5C>그런, 저 같은 사람과는<6E5C>, <이름:3131>님께 실례예요!","무, 무슨 말씀이세요!<6E5C>그런, 저 같은 사람과는<6E5C>, <이름:3131>님께 실례예요!"
dom3Mikoto_L05.mes,Script/dom3Mikoto_L05.mes,8,19,UNKNOWN_75,そんなことねぇだろう.<6E5C>なぁ、<이름:3232>?,"그럴 리가 있나.<6E5C>그렇지, <이름:3232>?","그럴 리가 있나.<6E5C>그렇지, <이름:3232>?"
dom3Mikoto_L05.mes,Script/dom3Mikoto_L05.mes,9,14,[선택지],もちろんです命さんに失礼です,물론이죠\미코토씨께 실례예요,물론이죠\미코토씨께 실례예요
dom3Mikoto_L05.mes,Script/dom3Mikoto_L05.mes,10,10,주인공,はい、もちろんです,"네, 물론이죠","네, 물론이죠"
dom3Mikoto_L05.mes,Script/dom3Mikoto_L05.mes,11,22,UNKNOWN_75,ほれ、見ろ.ハハハ!<6E5C>照れるな、照れるな!,거 봐라 하하하!<6E5C>부끄러워 말고 마라!,거 봐라 하하하!<6E5C>부끄러워 말고 마라!
dom3Mikoto_L05.mes,Script/dom3Mikoto_L05.mes,12,35,Mikoto,もう、嫌ですわ.<6E5C>おじ様も<이름:3131>様も、わたくしを<6E5C>からかったりして……,"정말, 너무해요.<6E5C>아저씨도 <이름:3131>님도, 저를<6E5C>놀리시고……","정말, 너무해요.<6E5C>아저씨도 <이름:3131>님도, 저를<6E5C>놀리시고……"
dom3Mikoto_L05.mes,Script/dom3Mikoto_L05.mes,13,37,주인공,(別にからかってるつもりは<6E5C>ないのに.命さんは、<6E5C>恥ずかしがりやだなぁ),"(딱히 놀릴 생각은<6E5C> 없었는데.미코토 씨는,<6E5C>부끄럼쟁이네)","(딱히 놀릴 생각은<6E5C> 없었는데.미코토 씨는,<6E5C>부끄럼쟁이네)"
dom3Mikoto_L05.mes,Script/dom3Mikoto_L05.mes,14,20,주인공,そんな、<6E5C>俺の方こそ命さんに失礼ですよ,"그런,<6E5C>오히려 제 쪽이 실례죠","그런,<6E5C>오히려 제 쪽이 실례죠"
dom3Mikoto_L05.mes,Script/dom3Mikoto_L05.mes,15,10,Mikoto,そんな、<이름:3131>様……,"그런, <이름:3131>님……","그런, <이름:3131>님……"
dom3Mikoto_L05.mes,Script/dom3Mikoto_L05.mes,16,25,UNKNOWN_75,お、命が赤くなった.<6E5C>こりゃ、まんざらでもねぇな,"오, 미코토 빨개졌군.<6E5C>싫지는 않은가 보구먼","오, 미코토 빨개졌군.<6E5C>싫지는 않은가 보구먼"
dom3Mikoto_L05.mes,Script/dom3Mikoto_L05.mes,17,7,Mikoto,おじ様っ!!,아저씨!!,아저씨!!
dom3Mikoto_L05.mes,Script/dom3Mikoto_L05.mes,18,51,UNKNOWN_75,ハハハ、そう怒るな.<6E5C>でも、命、おめぇ最近<6E5C>明るくなったぞ<485C><이름:3232>、今後もこの調子で<6E5C>よろしく頼むな!,"하하하, 화내지 마라.<6E5C>근데 미코토 너 요즘<6E5C>밝아졌구나<485C><이름:3232>, 앞으로도 잘<6E5C>부탁한다!","하하하, 화내지 마라.<6E5C>근데 미코토 너 요즘<6E5C>밝아졌구나<485C><이름:3232>, 앞으로도 잘<6E5C>부탁한다!"
dom3Mikoto_L05.mes,Script/dom3Mikoto_L05.mes,19,21,주인공,あ、はい、<6E5C>俺こそよろしくお願いします!,"아, 네,<6E5C> 저야말로 잘 부탁드려요!","아, 네,<6E5C> 저야말로 잘 부탁드려요!"
dom3Mikoto_L05.mes,Script/dom3Mikoto_L05.mes,20,9,Mikoto,<이름:3131>様ったら……,<이름:3131>님도 참……,<이름:3131>님도 참……
dom3Mikoto_L06.mes,Script/dom3Mikoto_L06.mes,0,23,주인공,……命さん.<6E5C>今日は体調がよろしいのですか?,……미코토 씨.<6E5C>오늘은 괜찮으세요?,……미코토 씨.<6E5C>오늘은 괜찮으세요?
dom3Mikoto_L06.mes,Script/dom3Mikoto_L06.mes,1,16,Mikoto,はい.でも、もう帰るところです,네.이제 가려던 참이에요,네.이제 가려던 참이에요
dom3Mikoto_L06.mes,Script/dom3Mikoto_L06.mes,2,35,주인공,そうですか.<6E5C>もしよかったら、ちょっと俺に<6E5C>つきあってくれませんか?,그렇군요.<6E5C>괜찮으시다면 잠시 저와<6E5C>함께 있어주시겠어요?,그렇군요.<6E5C>괜찮으시다면 잠시 저와<6E5C>함께 있어주시겠어요?
dom3Mikoto_L06.mes,Script/dom3Mikoto_L06.mes,3,12,Mikoto,え?いったいどこへ……,네? 대체 어디로……,네? 대체 어디로……
dom3Mikoto_L06.mes,Script/dom3Mikoto_L06.mes,4,25,Shino,いらっしゃい!あら、女の子連れ<6E5C>なのね、<이름:3232>さん,"어서 와!여자애랑<6E5C>왔네, <이름:3232> 씨","어서 와!여자애랑<6E5C>왔네, <이름:3232> 씨"
dom3Mikoto_L06.mes,Script/dom3Mikoto_L06.mes,5,42,주인공,ああ.こちらは枯華院に住んでる<6E5C>命さん.おうどんをふたつ、<6E5C>とびきり美味しいやつね,"응.이쪽은 고카인 사는<6E5C>미코토 씨야.우동 둘,<6E5C>제일 맛있는 걸로","응.이쪽은 고카인 사는<6E5C>미코토 씨야.우동 둘,<6E5C>제일 맛있는 걸로"
dom3Mikoto_L06.mes,Script/dom3Mikoto_L06.mes,6,25,Shino,はいよ!あたいのはいつでも<6E5C>とびきりなんだから!,그래!내 건 언제나<6E5C>최고급이라고!,그래!내 건 언제나<6E5C>최고급이라고!
dom3Mikoto_L06.mes,Script/dom3Mikoto_L06.mes,7,4,[효과음/내레이션],タタッ,다다닥,다다닥
dom3Mikoto_L06.mes,Script/dom3Mikoto_L06.mes,8,13,Mikoto,<이름:3131>様……よいのですか?,<이름:3131> 님……괜찮나요?,<이름:3131> 님……괜찮나요?
dom3Mikoto_L06.mes,Script/dom3Mikoto_L06.mes,9,45,주인공,ああ.命さんと一度、むささび屋で<6E5C>食べてみたかったんだ.<6E5C>うどんくらいなら大丈夫だろう?,응.미코토 씨랑 한 번 무사사비야에서<6E5C>먹어보고 싶었어.<6E5C>우동 정도라면 괜찮겠지?,응.미코토 씨랑 한 번 무사사비야에서<6E5C>먹어보고 싶었어.<6E5C>우동 정도라면 괜찮겠지?
dom3Mikoto_L06.mes,Script/dom3Mikoto_L06.mes,10,7,Mikoto,ですけど……,하지만……,하지만……
dom3Mikoto_L06.mes,Script/dom3Mikoto_L06.mes,11,23,Shino,おまたせ!おまけにおだんごも<6E5C>つけといたよ!,오래 기다렸지!덤으로 경단도<6E5C>얹어놨어!,오래 기다렸지!덤으로 경단도<6E5C>얹어놨어!
dom3Mikoto_L06.mes,Script/dom3Mikoto_L06.mes,12,21,주인공,ありがとう…….<6E5C>って、俺にはないの!?,"고마워…….<6E5C>어라, 내 건 없어!?","고마워…….<6E5C>어라, 내 건 없어!?"
dom3Mikoto_L06.mes,Script/dom3Mikoto_L06.mes,13,23,Shino,ずうずうしいねぇ.<6E5C>命さんだけで十分だろう?,뻔뻔하긴.<6E5C>미코토 씨만으로 충분하잖아?,뻔뻔하긴.<6E5C>미코토 씨만으로 충분하잖아?
dom3Mikoto_L06.mes,Script/dom3Mikoto_L06.mes,14,31,Mikoto,わたくしにこのような美味しそうな<6E5C>もの……もったいないです!,저에게 이렇게 맛있어 보이는<6E5C>걸……과분해요!,저에게 이렇게 맛있어 보이는<6E5C>걸……과분해요!
dom3Mikoto_L06.mes,Script/dom3Mikoto_L06.mes,15,48,Shino,いいってことよ!<6E5C><이름:3232>さんから閉いてるよ.<6E5C>病で大変なんだろう?<485C>それで、少しは元気をつけな!,괜찮대도!<6E5C><이름:3232> 씨한테 들었어.<6E5C>병으로 힘들다며?<485C>이거 먹고 기운 내!,괜찮대도!<6E5C><이름:3232> 씨한테 들었어.<6E5C>병으로 힘들다며?<485C>이거 먹고 기운 내!
dom3Mikoto_L06.mes,Script/dom3Mikoto_L06.mes,16,6,Mikoto,そんな……,그런……,그런……
dom3Mikoto_L06.mes,Script/dom3Mikoto_L06.mes,17,15,[선택지],甘えておこう詩乃さんは優しいな,신세 지자\시노 씨 다정하네,신세 지자\시노 씨 다정하네
dom3Mikoto_L06.mes,Script/dom3Mikoto_L06.mes,18,27,주인공,そう言ってくれてるんだから、<6E5C>お言葉に甘えておこうよ,"그렇게 말해주니,<6E5C>염치없지만 그 말에 기대자","그렇게 말해주니,<6E5C>염치없지만 그 말에 기대자"
dom3Mikoto_L06.mes,Script/dom3Mikoto_L06.mes,19,22,Shino,そうそう.<6E5C>遠慮なんてするもんじゃないよ!,그래그래.<6E5C>사양 같은 거 하지 마!,그래그래.<6E5C>사양 같은 거 하지 마!
dom3Mikoto_L06.mes,Script/dom3Mikoto_L06.mes,20,16,Mikoto,……はい.ありがとうございます,……네.감사합니다,……네.감사합니다
dom3Mikoto_L06.mes,Script/dom3Mikoto_L06.mes,21,34,Shino,じゃ、あたいも<이름:3232>さんに<6E5C>甘えようかね.<6E5C>あとで皿洗い、よろしく!,"그럼, 나도 <이름:3232> 씨한테<6E5C>기대볼까.<6E5C>이따가 설거지, 부탁해!","그럼, 나도 <이름:3232> 씨한테<6E5C>기대볼까.<6E5C>이따가 설거지, 부탁해!"
dom3Mikoto_L06.mes,Script/dom3Mikoto_L06.mes,22,4,주인공,えぇ~,에엥~,에엥~
dom3Mikoto_L06.mes,Script/dom3Mikoto_L06.mes,23,21,Mikoto,ふふ、とても優しくて楽しい方です<6E5C>ね……,"후후, 다정하고 유쾌한<6E5C>분이시네요……","후후, 다정하고 유쾌한<6E5C>분이시네요……"
dom3Mikoto_L06.mes,Script/dom3Mikoto_L06.mes,24,25,주인공,俺にも優しければ、<6E5C>もっとよかったんだけどね……,나한테도 다정했으면<6E5C>더 좋았을 텐데……,나한테도 다정했으면<6E5C>더 좋았을 텐데……
dom3Mikoto_L06.mes,Script/dom3Mikoto_L06.mes,25,17,주인공,詩乃さん、命さんには優しいんだね,"시노 씨, 미코토씬 다정하네","시노 씨, 미코토씬 다정하네"
dom3Mikoto_L06.mes,Script/dom3Mikoto_L06.mes,26,26,Shino,あら?あたいは誰にでも天使の<6E5C>ように優しいわよぉ?,어머?나는 누구한테나 천사<6E5C>처럼 다정한데?,어머?나는 누구한테나 천사<6E5C>처럼 다정한데?
dom3Mikoto_L06.mes,Script/dom3Mikoto_L06.mes,27,13,주인공,そんな記憶はないけどなぁ,그런 기억은 없는데,그런 기억은 없는데
dom3Mikoto_L06.mes,Script/dom3Mikoto_L06.mes,28,25,Mikoto,ふふ…….<6E5C>……おふたりは仲がよろしいん<6E5C>ですね,후후…….<6E5C>……두 분은 사이가 좋으<6E5C>시네요,후후…….<6E5C>……두 분은 사이가 좋으<6E5C>시네요
dom3Mikoto_L06.mes,Script/dom3Mikoto_L06.mes,29,16,Shino,まぁ、あたいは人気者だからねぇ,"뭐, 나는 인기쟁이니까","뭐, 나는 인기쟁이니까"
dom3Mikoto_L06.mes,Script/dom3Mikoto_L06.mes,30,3,Mikoto,……,……,……
dom3Mikoto_L06.mes,Script/dom3Mikoto_L06.mes,31,28,주인공,(……命さんに、詩乃さんのノリは<6E5C>きつかったかなぁ?),(……미코토씬 시노 씨 텐션이<6E5C>부담스러웠으려나?),(……미코토씬 시노 씨 텐션이<6E5C>부담스러웠으려나?)
dom3Mikoto_L07.mes,Script/dom3Mikoto_L07.mes,0,21,주인공,あれ、命さん.<6E5C>どこかにお出かけですか?,"어라, 미코토 씨.<6E5C>어디 나가시나요?","어라, 미코토 씨.<6E5C>어디 나가시나요?"
dom3Mikoto_L07.mes,Script/dom3Mikoto_L07.mes,1,17,Mikoto,ええ、おじい様に荷物を届けに……,"네, 할아버님 심부름으로……","네, 할아버님 심부름으로……"
dom3Mikoto_L07.mes,Script/dom3Mikoto_L07.mes,2,8,[효과음/내레이션],パラ、パラ……,후드득……,후드득……
dom3Mikoto_L07.mes,Script/dom3Mikoto_L07.mes,3,19,주인공,あ……雨ですよ.<6E5C>なんと頃合いの悪い,아……비네요.<6E5C>타이밍이 안 좋네요,아……비네요.<6E5C>타이밍이 안 좋네요
dom3Mikoto_L07.mes,Script/dom3Mikoto_L07.mes,4,5,Mikoto,まぁ……,어머……,어머……
dom3Mikoto_L07.mes,Script/dom3Mikoto_L07.mes,5,12,[선택지],休んだ方がいいお供します,쉬세요\함께 갈게요,쉬세요\함께 갈게요
dom3Mikoto_L07.mes,Script/dom3Mikoto_L07.mes,6,39,주인공,雨の中をお使いなんて、体に<6E5C>さわります.出かけるのは<6E5C>やめたほうがいいですよ,"빗속에 심부름이라니, 몸에<6E5C>안 좋아요.나가는 건<6E5C>그만두는 게 좋겠어요","빗속에 심부름이라니, 몸에<6E5C>안 좋아요.나가는 건<6E5C>그만두는 게 좋겠어요"
dom3Mikoto_L07.mes,Script/dom3Mikoto_L07.mes,7,11,Mikoto,でも、おじい様が……,하지만 할아버님이…,하지만 할아버님이…
dom3Mikoto_L07.mes,Script/dom3Mikoto_L07.mes,8,37,주인공,荷物なら俺が届けます.<6E5C>命さんはちゃんと寝ていてください<6E5C>.これですね?,짐이라면 제가 전해드릴게요.<6E5C>미코토 씨는 누워 계세요<6E5C>.이거죠?,짐이라면 제가 전해드릴게요.<6E5C>미코토 씨는 누워 계세요<6E5C>.이거죠?
dom3Mikoto_L07.mes,Script/dom3Mikoto_L07.mes,9,20,Mikoto,そんな、悪いです.<6E5C>ああ、<이름:3131>様……!,"그런, 죄송해요.<6E5C>아, <이름:3131> 님!","그런, 죄송해요.<6E5C>아, <이름:3131> 님!"
dom3Mikoto_L07.mes,Script/dom3Mikoto_L07.mes,10,10,[효과음/내레이션],バシャバシャバシャ,첨벙첨벙첨벙,첨벙첨벙첨벙
dom3Mikoto_L07.mes,Script/dom3Mikoto_L07.mes,11,12,주인공,うう、つめたいなぁ……,"으으, 차갑네……","으으, 차갑네……"
dom3Mikoto_L07.mes,Script/dom3Mikoto_L07.mes,12,43,주인공,……っと、しまった.これ、どこに<6E5C>届けたらいいんだろう.<6E5C>閉くのを忘れてしまった……,"……앗, 이런.이거, 어디에<6E5C>전해드려야 하지.<6E5C>물어보는 걸 깜빡했다……","……앗, 이런.이거, 어디에<6E5C>전해드려야 하지.<6E5C>물어보는 걸 깜빡했다……"
dom3Mikoto_L07.mes,Script/dom3Mikoto_L07.mes,13,28,주인공,……それなら、俺もお供しましょう<6E5C>.どちらまでですか?,"……그럼, 저도 함께 가죠<6E5C>.어디까지 가시나요?","……그럼, 저도 함께 가죠<6E5C>.어디까지 가시나요?"
dom3Mikoto_L07.mes,Script/dom3Mikoto_L07.mes,14,10,Mikoto,そんな、悪いです!,"그런, 죄송해요!","그런, 죄송해요!"
dom3Mikoto_L07.mes,Script/dom3Mikoto_L07.mes,15,43,주인공,しかし、傘と荷物をひとりで持つの<6E5C>は大変です.ほら、早くしないと<6E5C>ぬれてしまいますよ,"하지만, 우산과 짐 혼자 드는 건<6E5C>힘들죠.서두르지 않으면<6E5C>다 젖어버려요","하지만, 우산과 짐 혼자 드는 건<6E5C>힘들죠.서두르지 않으면<6E5C>다 젖어버려요"
dom3Mikoto_L07.mes,Script/dom3Mikoto_L07.mes,16,6,Mikoto,<이름:3131>様……,<이름:3131> 님…,<이름:3131> 님…
dom3Mikoto_L07.mes,Script/dom3Mikoto_L07.mes,17,12,[효과음/내레이션],しとしと、しとしと……,부슬부슬……,부슬부슬……
dom3Mikoto_L07.mes,Script/dom3Mikoto_L07.mes,18,24,주인공,……命さん、大丈夫ですか?<6E5C>ぬれてないですか?,"……미코토 씨, 괜찮아요?<6E5C>안 젖었어요?","……미코토 씨, 괜찮아요?<6E5C>안 젖었어요?"
dom3Mikoto_L07.mes,Script/dom3Mikoto_L07.mes,19,38,Mikoto,……大丈夫ですわ.<6E5C>ありがとうございます.<6E5C><이름:3131>様こそ、寒くはないですか?,"……괜찮아요.<6E5C>감사합니다.<6E5C><이름:3131> 님이야말로, 춥지 않으세요?","……괜찮아요.<6E5C>감사합니다.<6E5C><이름:3131> 님이야말로, 춥지 않으세요?"
dom3Mikoto_L07.mes,Script/dom3Mikoto_L07.mes,20,16,주인공,ええ、ぜんぜん……はくしょん!,"네, 전혀……에취!","네, 전혀……에취!"
dom3Mikoto_L07.mes,Script/dom3Mikoto_L07.mes,21,16,Mikoto,ああ、袖がぬれてしまっています,"아, 소매가 다 젖어버렸네요","아, 소매가 다 젖어버렸네요"
dom3Mikoto_L07.mes,Script/dom3Mikoto_L07.mes,22,4,[효과음/내레이션],ピタッ,착,착
dom3Mikoto_L07.mes,Script/dom3Mikoto_L07.mes,23,13,Mikoto,……これで、大丈夫ですわ,"……이러면, 괜찮아요","……이러면, 괜찮아요"
dom3Mikoto_L07.mes,Script/dom3Mikoto_L07.mes,24,15,주인공,(……くっつかれてしまった),(……붙어버렸다),(……붙어버렸다)
dom3Mikoto_L07.mes,Script/dom3Mikoto_L07.mes,25,20,주인공,(命さん、<6E5C>か細くてもあたたかい……),"(미코토 씨,<6E5C>가녀려도 따뜻해……)","(미코토 씨,<6E5C>가녀려도 따뜻해……)"
dom3Mikoto_L08.mes,Script/dom3Mikoto_L08.mes,0,31,주인공,(あれ、命さんが庭に…….<6E5C>いったい、どこに行くつもりだ?),"(어라, 미코토 씨가 정원에…….<6E5C>어디 가려는 거지?)","(어라, 미코토 씨가 정원에…….<6E5C>어디 가려는 거지?)"
dom3Mikoto_L08.mes,Script/dom3Mikoto_L08.mes,1,17,[선택지],ゆっくり追いかける急いで追いかける,천천히 뒤쫓는다\서둘러 뒤쫓는다,천천히 뒤쫓는다\서둘러 뒤쫓는다
dom3Mikoto_L08.mes,Script/dom3Mikoto_L08.mes,2,34,주인공,命さん、どこにいるんだ?<6E5C>たしかにねおじ山に<6E5C>入っていったはず……,"미코토 씨, 어디 있지?<6E5C>분명 네오지산으로<6E5C>들어갔을 텐데……","미코토 씨, 어디 있지?<6E5C>분명 네오지산으로<6E5C>들어갔을 텐데……"
dom3Mikoto_L08.mes,Script/dom3Mikoto_L08.mes,3,4,[효과음/내레이션],ズルッ,주르륵,주르륵
dom3Mikoto_L08.mes,Script/dom3Mikoto_L08.mes,4,6,주인공,うわあっ!,으아앗!,으아앗!
dom3Mikoto_L08.mes,Script/dom3Mikoto_L08.mes,5,40,주인공,……あ、危なかった.<6E5C>こんなところに崖があるなんて.<6E5C>はっ、命さんは無事か!?,"……아, 위험했다.<6E5C>이런 곳에 절벽이 있다니.<6E5C>미코토 씨는 무사한가!?","……아, 위험했다.<6E5C>이런 곳에 절벽이 있다니.<6E5C>미코토 씨는 무사한가!?"
dom3Mikoto_L08.mes,Script/dom3Mikoto_L08.mes,6,10,UNKNOWN_1e,……運の強い男よの,……운 좋은 사내,……운 좋은 사내
dom3Mikoto_L08.mes,Script/dom3Mikoto_L08.mes,7,6,주인공,命さん!?,미코토!?,미코토!?
dom3Mikoto_L08.mes,Script/dom3Mikoto_L08.mes,8,21,Mikoto,そのまま落ちておれば、<6E5C>楽に死ねたものを,그대로 떨어졌으면<6E5C>편하게 죽었을 것을,그대로 떨어졌으면<6E5C>편하게 죽었을 것을
dom3Mikoto_L08.mes,Script/dom3Mikoto_L08.mes,9,29,주인공,なんだって!?お前……悪魔だな!<6E5C>どうしてこんなことを!,뭐라고!?너……악마로구나!<6E5C>어째서 이런 짓을!,뭐라고!?너……악마로구나!<6E5C>어째서 이런 짓을!
dom3Mikoto_L08.mes,Script/dom3Mikoto_L08.mes,10,25,Mikoto,気づいたかえ?<6E5C>だが戯れもここまでじゃ.死にや!,눈치챘느냐?<6E5C>허나 장난도 여기까지다.죽어라!,눈치챘느냐?<6E5C>허나 장난도 여기까지다.죽어라!
dom3Mikoto_L08.mes,Script/dom3Mikoto_L08.mes,11,6,[효과음/내레이션],ザザザッ!,쏴아아앗!,쏴아아앗!
dom3Mikoto_L08.mes,Script/dom3Mikoto_L08.mes,12,5,주인공,うぅ……,으윽……,으윽……
dom3Mikoto_L08.mes,Script/dom3Mikoto_L08.mes,13,52,Mikoto,ソナタが現れてから、<6E5C>命のあらがいが激しくなっておる<485C>これ以上邪魔をされては面倒.<6E5C>おとなしく死にや!,"그대가 나타난 후로,<6E5C>미코토 저항이 거세지고 있다<485C>더 방해받으면 성가시다.<6E5C>얌전히 죽어라!","그대가 나타난 후로,<6E5C>미코토 저항이 거세지고 있다<485C>더 방해받으면 성가시다.<6E5C>얌전히 죽어라!"
dom3Mikoto_L08.mes,Script/dom3Mikoto_L08.mes,14,6,[효과음/내레이션],ゴォウゥ!,고오오오!,고오오오!
dom3Mikoto_L08.mes,Script/dom3Mikoto_L08.mes,15,7,주인공,くうぅっ……,크읏……,크읏……
dom3Mikoto_L08.mes,Script/dom3Mikoto_L08.mes,16,29,Mikoto,ほぅ、なかなかやりよるの.<6E5C>殺すのが惜しゅうなってくるわ,"호오, 제법이로구나.<6E5C>죽이기가 아까워지는구나","호오, 제법이로구나.<6E5C>죽이기가 아까워지는구나"
dom3Mikoto_L08.mes,Script/dom3Mikoto_L08.mes,17,36,주인공,命さんの体から出て行け!<6E5C>こんなことで、俺も命さんも<6E5C>負けないからな!,미코토 씨 몸에서 나가라!<6E5C>나도 미코토 씨도<6E5C>지지 않는다!,미코토 씨 몸에서 나가라!<6E5C>나도 미코토 씨도<6E5C>지지 않는다!
dom3Mikoto_L08.mes,Script/dom3Mikoto_L08.mes,18,35,Mikoto,ホホホッ、これは面白い男じゃ!<6E5C>今日のところは引き下がって<6E5C>やろうぞ,"호호홋, 재미있는 사내로구나!<6E5C>오늘은 이쯤 물러나<6E5C>주도록 하지","호호홋, 재미있는 사내로구나!<6E5C>오늘은 이쯤 물러나<6E5C>주도록 하지"
dom3Mikoto_L08.mes,Script/dom3Mikoto_L08.mes,19,17,Mikoto,せいぜい短い余生を楽しむがよい!,실컷 짧은 여생 즐기려무나!,실컷 짧은 여생 즐기려무나!
dom3Mikoto_L08.mes,Script/dom3Mikoto_L08.mes,20,3,[효과음/내레이션],フッ,훗,훗
dom3Mikoto_L08.mes,Script/dom3Mikoto_L08.mes,21,20,주인공,くっ……命さんは、<6E5C>必ず俺が取り戻す!,"큭……미코토 씨는,<6E5C>내가 되찾겠다!","큭……미코토 씨는,<6E5C>내가 되찾겠다!"
dom3Mikoto_L08.mes,Script/dom3Mikoto_L08.mes,22,14,주인공,命さん、いったいどこへ……,"미코토 씨, 어디로……","미코토 씨, 어디로……"
dom3Mikoto_L08.mes,Script/dom3Mikoto_L08.mes,23,4,[효과음/내레이션],ズルッ,주르륵,주르륵
dom3Mikoto_L08.mes,Script/dom3Mikoto_L08.mes,24,5,주인공,うわっ!,으왓!,으왓!
dom3Mikoto_L08.mes,Script/dom3Mikoto_L08.mes,25,8,[효과음/내레이션],ガサガサガサッ,바스락바스락,바스락바스락
dom3Mikoto_L08.mes,Script/dom3Mikoto_L08.mes,26,7,[효과음/내레이션],ドッシ~ン!,쿠웅~!,쿠웅~!
dom3Mikoto_L08.mes,Script/dom3Mikoto_L08.mes,27,37,주인공,こんなところに崖がある<6E5C>なんて…….くそ、完全に見失って<6E5C>しまったな……,"이런 곳에 절벽이 있다<6E5C>니…….제기랄, 완전히 놓쳐<6E5C>버렸군……","이런 곳에 절벽이 있다<6E5C>니…….제기랄, 완전히 놓쳐<6E5C>버렸군……"
dom3Mikoto_L09.mes,Script/dom3Mikoto_L09.mes,0,11,UNKNOWN_1e,オゥ!やっと会えたな,오우 드디어 만났군,오우 드디어 만났군
dom3Mikoto_L09.mes,Script/dom3Mikoto_L09.mes,1,11,주인공,(ん?お客さんかな),(음? 손님인가?),(음? 손님인가?)
dom3Mikoto_L09.mes,Script/dom3Mikoto_L09.mes,2,36,UNKNOWN_1e,ワシはずっとアンタを<6E5C>見とった…….ワシの嫁御に<6E5C>なってくれや、オゥ!,"나는 계속 당신을<6E5C>보고 있었다…….내 색시가<6E5C>되어다오, 오우!","나는 계속 당신을<6E5C>보고 있었다…….내 색시가<6E5C>되어다오, 오우!"
dom3Mikoto_L09.mes,Script/dom3Mikoto_L09.mes,3,10,주인공,(よ、よめご!?),"(새, 색시!?)","(새, 색시!?)"
dom3Mikoto_L09.mes,Script/dom3Mikoto_L09.mes,4,12,Mikoto,ホゥ、ワラワを嫁にのぅ,호오 색시로 삼겠다니,호오 색시로 삼겠다니
dom3Mikoto_L09.mes,Script/dom3Mikoto_L09.mes,5,28,UNKNOWN_36,Bオゥ!こう間近で見ると、<6E5C>お月さんのように美しいのう,B오우! 이렇게 가까이서 보니<6E5C>달님처럼 아름답구먼,B오우! 이렇게 가까이서 보니<6E5C>달님처럼 아름답구먼
dom3Mikoto_L09.mes,Script/dom3Mikoto_L09.mes,6,31,Mikoto,ホォウ、面白いことを言うわえ.<6E5C>だがおしゃべりはここまでじゃ,"호오, 재미있는 말을 하는구나.<6E5C>허나 수다는 여기까지다","호오, 재미있는 말을 하는구나.<6E5C>허나 수다는 여기까지다"
dom3Mikoto_L09.mes,Script/dom3Mikoto_L09.mes,7,18,UNKNOWN_22,Bオゥ、何かいつもと違うのう……?,"B오우, 뭔가 평소와 다른데?","B오우, 뭔가 평소와 다른데?"
dom3Mikoto_L09.mes,Script/dom3Mikoto_L09.mes,8,15,Mikoto,男.ワラワが好きなら…….<6E5C>寺,사내여 이 몸이 좋다면…<6E5C>흥,사내여 이 몸이 좋다면…<6E5C>흥
dom3Mikoto_L09.mes,Script/dom3Mikoto_L09.mes,9,8,Mikoto,黙って死にや!,닥치고 죽어라,닥치고 죽어라
dom3Mikoto_L09.mes,Script/dom3Mikoto_L09.mes,10,7,주인공,あ、危ない!,아 위험해!,아 위험해!
dom3Mikoto_L09.mes,Script/dom3Mikoto_L09.mes,11,10,[선택지],男をかばう命を止める,감싼다\미코토 막는다,감싼다\미코토 막는다
dom3Mikoto_L09.mes,Script/dom3Mikoto_L09.mes,12,3,[효과음/내레이션],ダッ,탁,탁
dom3Mikoto_L09.mes,Script/dom3Mikoto_L09.mes,13,5,[효과음/내레이션],ゴウゥ!,고오오!,고오오!
dom3Mikoto_L09.mes,Script/dom3Mikoto_L09.mes,14,6,Kaidou,Bグワッ!,B크악!,B크악!
dom3Mikoto_L09.mes,Script/dom3Mikoto_L09.mes,15,7,주인공,グゥ……ッ!,그으……윽!,그으……윽!
dom3Mikoto_L09.mes,Script/dom3Mikoto_L09.mes,16,40,UNKNOWN_4e,Bなんじゃあ、オマエは?<6E5C>突然出て来て、ワシの恋路の<6E5C>邪魔をしに来たか?オゥ!,"B뭐냐, 넌?<6E5C>갑자기 나타나서, 내 사랑길을<6E5C>방해하러 왔느냐? 오우!","B뭐냐, 넌?<6E5C>갑자기 나타나서, 내 사랑길을<6E5C>방해하러 왔느냐? 오우!"
dom3Mikoto_L09.mes,Script/dom3Mikoto_L09.mes,17,22,주인공,そんなこと言っている場合じゃ<6E5C>ないですよ!,그런 말 하고 있을<6E5C>때가 아니에요!,그런 말 하고 있을<6E5C>때가 아니에요!
dom3Mikoto_L09.mes,Script/dom3Mikoto_L09.mes,18,33,Mikoto,ホウ!<6E5C>誰かと思えば<이름:3232>ではないか.<6E5C>わざわざ殺されに来たかえ?,호우!<6E5C>누군가 했더니 <이름:3232> 아니냐.<6E5C>일부러 죽으러 왔느냐?,호우!<6E5C>누군가 했더니 <이름:3232> 아니냐.<6E5C>일부러 죽으러 왔느냐?
dom3Mikoto_L09.mes,Script/dom3Mikoto_L09.mes,19,16,Mikoto,ならば、そこの男と共に死ねぃ!,그럼 그 사내와 죽어라!,그럼 그 사내와 죽어라!
dom3Mikoto_L09.mes,Script/dom3Mikoto_L09.mes,20,5,[효과음/내레이션],ゴウゥ!,고오오!,고오오!
dom3Mikoto_L09.mes,Script/dom3Mikoto_L09.mes,21,17,주인공,うわあっ!<6E5C>早く、逃げましょう!,"으아앗!<6E5C>어서, 도망칩시다!","으아앗!<6E5C>어서, 도망칩시다!"
dom3Mikoto_L09.mes,Script/dom3Mikoto_L09.mes,22,14,UNKNOWN_1a,Bオゥゥ……俺の花嫁が……,B오우으……내 신부가……,B오우으……내 신부가……
dom3Mikoto_L09.mes,Script/dom3Mikoto_L09.mes,23,9,주인공,駄目だ!命さん!,안 돼!미코토!,안 돼!미코토!
dom3Mikoto_L09.mes,Script/dom3Mikoto_L09.mes,24,6,[효과음/내레이션],ゴゥゥ……,고오오……,고오오……
dom3Mikoto_L09.mes,Script/dom3Mikoto_L09.mes,25,28,Mikoto,クッ……、<이름:3232>、ソナタ、<6E5C>ワラワの邪魔をしに来たのかえ,"큭……, <이름:3232>, 그대,<6E5C>이 몸을 방해하러 왔느냐","큭……, <이름:3232>, 그대,<6E5C>이 몸을 방해하러 왔느냐"
dom3Mikoto_L09.mes,Script/dom3Mikoto_L09.mes,26,14,주인공,命さん!自分を取り戻して!,미코토 씨!정신 차려요!,미코토 씨!정신 차려요!
dom3Mikoto_L09.mes,Script/dom3Mikoto_L09.mes,27,30,Mikoto,小賢しいことを.<6E5C>ならばソナタから先に<6E5C>始末してくれようぞ,잔꾀를 부리는구나.<6E5C>그렇다면 그대부터 먼저<6E5C>처리해주마,잔꾀를 부리는구나.<6E5C>그렇다면 그대부터 먼저<6E5C>처리해주마
dom3Mikoto_L09.mes,Script/dom3Mikoto_L09.mes,28,36,UNKNOWN_46,Bオゥ、突然出て来て、<6E5C>なんじゃオマエは!?<6E5C>ワシの花嫁から離れんか!,"B오우, 갑자기 나타나서,<6E5C>뭐냐 넌!?<6E5C>신부한테서 떨어져!","B오우, 갑자기 나타나서,<6E5C>뭐냐 넌!?<6E5C>신부한테서 떨어져!"
dom3Mikoto_L09.mes,Script/dom3Mikoto_L09.mes,29,32,주인공,そんなこと言ってる<6E5C>場合じゃないですよ!<6E5C>早く逃げてください!,그런 말 하고 있을<6E5C>때가 아니에요!<6E5C>얼른 도망치세요!,그런 말 하고 있을<6E5C>때가 아니에요!<6E5C>얼른 도망치세요!
dom3Mikoto_L09.mes,Script/dom3Mikoto_L09.mes,30,28,UNKNOWN_36,Bオゥ!なんだと、若造がっ!<6E5C>オマエこそ去りやがれっ!,"B오우!뭐라고, 애송이가!<6E5C>너야말로 꺼져버려라!","B오우!뭐라고, 애송이가!<6E5C>너야말로 꺼져버려라!"
dom3Mikoto_L09.mes,Script/dom3Mikoto_L09.mes,31,5,[효과음/내레이션],ゴウゥ!,고오오!,고오오!
dom3Mikoto_L09.mes,Script/dom3Mikoto_L09.mes,32,8,주인공,ぐあああ……!,크아아……!,크아아……!
dom3Mikoto_L09.mes,Script/dom3Mikoto_L09.mes,33,10,UNKNOWN_1e,い……いやあああ!,시……싫어어어!,시……싫어어어!
dom3Mikoto_L09.mes,Script/dom3Mikoto_L09.mes,34,20,UNKNOWN_1e,<이름:3131>様……だめ……!<6E5C>や。め。て……!,"<이름:3131> 님, 안 돼요!<6E5C>그만.둬……!","<이름:3131> 님, 안 돼요!<6E5C>그만.둬……!"
dom3Mikoto_L09.mes,Script/dom3Mikoto_L09.mes,35,6,주인공,命さん……,미코토…,미코토…
dom3Mikoto_L09.mes,Script/dom3Mikoto_L09.mes,36,16,Mikoto,はやく……逃げて……あああっ!,빨리…… 도망쳐…… 아아앗!,빨리…… 도망쳐…… 아아앗!
dom3Mikoto_L09.mes,Script/dom3Mikoto_L09.mes,37,34,UNKNOWN_42,B…….<6E5C>そういうことかい.ならばワシは<6E5C>身を引くしかなさそうだな,B…….<6E5C>그런 거였나.그렇다면 나는<6E5C>물러설 수밖에 없겠군,B…….<6E5C>그런 거였나.그렇다면 나는<6E5C>물러설 수밖에 없겠군
dom3Mikoto_L09.mes,Script/dom3Mikoto_L09.mes,38,20,UNKNOWN_26,Bあばよ、月下の花嫁.<6E5C>いい夢だったぜ,B잘 가라 달빛 신부<6E5C>좋은 꿈이었다,B잘 가라 달빛 신부<6E5C>좋은 꿈이었다
dom3Mikoto_L09.mes,Script/dom3Mikoto_L09.mes,39,3,[효과음/내레이션],ダッ,탁,탁
dom3Mikoto_L09.mes,Script/dom3Mikoto_L09.mes,40,19,주인공,(……誰だったんだろう、<6E5C>いったい),"(……대체 누구였을까,<6E5C>그자는)","(……대체 누구였을까,<6E5C>그자는)"
dom3Mikoto_L10.mes,Script/dom3Mikoto_L10.mes,0,6,Mikoto,……<이름:3131>様,…<이름:3131> 님,…<이름:3131> 님
dom3Mikoto_L10.mes,Script/dom3Mikoto_L10.mes,1,24,주인공,……命さん、どうしたんですか.<6E5C>神妙な顔をして,"…미코토 씨, 왜 그러세요.<6E5C>심각한 얼굴로","…미코토 씨, 왜 그러세요.<6E5C>심각한 얼굴로"
dom3Mikoto_L10.mes,Script/dom3Mikoto_L10.mes,2,48,Mikoto,<이름:3131>様にお願いがあります…….<6E5C>どうか、わたくしのみそぎを手伝っ<6E5C>ていただけないでしょうか……,"<이름:3131> 님께 부탁이 있어요…….<6E5C>부디, 제 목욕재계를 도와<6E5C>주실 수 없을까요……","<이름:3131> 님께 부탁이 있어요…….<6E5C>부디, 제 목욕재계를 도와<6E5C>주실 수 없을까요……"
dom3Mikoto_L10.mes,Script/dom3Mikoto_L10.mes,3,5,주인공,みそぎ?,재계요?,재계요?
dom3Mikoto_L10.mes,Script/dom3Mikoto_L10.mes,4,10,[효과음/내레이션],シュル、シュル……,스르륵……,스르륵……
dom3Mikoto_L10.mes,Script/dom3Mikoto_L10.mes,5,5,주인공,命さん!,미코토!,미코토!
dom3Mikoto_L10.mes,Script/dom3Mikoto_L10.mes,6,43,Mikoto,わたくし……もうずっとあきらめて<6E5C>おりました.悪魔に身を蝕まれ、<6E5C>滅びるのがさだめと,"저는……오래전에 포기했었어요.<6E5C>악마에게 몸이 잠식돼,<6E5C>스러지는 게 운명이라고","저는……오래전에 포기했었어요.<6E5C>악마에게 몸이 잠식돼,<6E5C>스러지는 게 운명이라고"
dom3Mikoto_L10.mes,Script/dom3Mikoto_L10.mes,7,28,Mikoto,でも……<이름:3131>様のおかげで、<6E5C>生きる希望を与えられました,"하지만……<이름:3131> 님 덕분에,<6E5C>살아갈 희망을 얻었어요","하지만……<이름:3131> 님 덕분에,<6E5C>살아갈 희망을 얻었어요"
dom3Mikoto_L10.mes,Script/dom3Mikoto_L10.mes,8,34,Mikoto,あなた様といっしょなら、この体と<6E5C>心を取り戻すため、頑張ろうと……,"당신과 함께라면, 이 몸과<6E5C>마음을 되찾기 위해 힘내자고……","당신과 함께라면, 이 몸과<6E5C>마음을 되찾기 위해 힘내자고……"
dom3Mikoto_L10.mes,Script/dom3Mikoto_L10.mes,9,13,주인공,命さん……、よくぞ……!,잘 견뎠어요……!,잘 견뎠어요……!
dom3Mikoto_L10.mes,Script/dom3Mikoto_L10.mes,10,50,Mikoto,わたくしに一桑の光を<6E5C>くださったのは<이름:3131>様です<485C>感謝の気持ちは、<6E5C>とても言葉では言い表せません……,"저에게 한 줄기 빛을<6E5C>주신 분은 <이름:3131> 님이세요<485C>감사한 마음은,<6E5C>말로 다 못 해요……","저에게 한 줄기 빛을<6E5C>주신 분은 <이름:3131> 님이세요<485C>감사한 마음은,<6E5C>말로 다 못 해요……"
dom3Mikoto_L10.mes,Script/dom3Mikoto_L10.mes,11,36,주인공,そんな、俺は何もしてないです.<6E5C>ただ、命さんがいなくなるのが<6E5C>嫌で……,"아뇨, 전 한 게 없어요.<6E5C>미코토 씨가 사라지는 게<6E5C>싫어서……","아뇨, 전 한 게 없어요.<6E5C>미코토 씨가 사라지는 게<6E5C>싫어서……"
dom3Mikoto_L10.mes,Script/dom3Mikoto_L10.mes,12,42,Mikoto,今夜の沐浴……<이름:3131>様に背中を<6E5C>流していただきたく存じます.<6E5C>……よろしいでしょうか,오늘 밤 목욕은……<이름:3131> 님께 등을<6E5C>밀어주셨으면 해요.<6E5C>……괜찮을까요,오늘 밤 목욕은……<이름:3131> 님께 등을<6E5C>밀어주셨으면 해요.<6E5C>……괜찮을까요
dom3Mikoto_L10.mes,Script/dom3Mikoto_L10.mes,13,13,[선택지],それはいけないわかりました,그건 안 됩니다\알겠습니다,그건 안 됩니다\알겠습니다
dom3Mikoto_L10.mes,Script/dom3Mikoto_L10.mes,14,28,주인공,し、しかし、女性の肌に<6E5C>触れるなど…….そんなこと……,"하, 하지만, 여자 살결에<6E5C>손대다니…….그런 건…","하, 하지만, 여자 살결에<6E5C>손대다니…….그런 건…"
dom3Mikoto_L10.mes,Script/dom3Mikoto_L10.mes,15,50,Mikoto,わたくしも、心が潰れてしまいそう<6E5C>なほど恥ずかしい……<485C>でも、<이름:3131>様だからこそ<6E5C>お願いしたいのです,"저도, 심장이 터질 것<6E5C>같이 부끄러워요……<485C>하지만, <이름:3131> 님이시기에<6E5C>부탁드리고 싶어요","저도, 심장이 터질 것<6E5C>같이 부끄러워요……<485C>하지만, <이름:3131> 님이시기에<6E5C>부탁드리고 싶어요"
dom3Mikoto_L10.mes,Script/dom3Mikoto_L10.mes,16,44,Mikoto,もしも、悪魔との闘いを、<6E5C>少しでも応援してくださる気持ちが<6E5C>ございましたら、どうか……,"혹시, 악마와의 싸움을,<6E5C>조금이라도 응원해주실 마음이<6E5C>있으시다면, 부디……","혹시, 악마와의 싸움을,<6E5C>조금이라도 응원해주실 마음이<6E5C>있으시다면, 부디……"
dom3Mikoto_L10.mes,Script/dom3Mikoto_L10.mes,17,3,주인공,……,……,……
dom3Mikoto_L10.mes,Script/dom3Mikoto_L10.mes,18,23,주인공,……わかりました.<6E5C>共に、悪魔と闘いましょう,"……알겠습니다.<6E5C>함께, 악마와 싸웁시다","……알겠습니다.<6E5C>함께, 악마와 싸웁시다"
dom3Mikoto_L10.mes,Script/dom3Mikoto_L10.mes,19,13,Mikoto,……ありがとうございます,……감사합니다,……감사합니다
dom3Mikoto_L10.mes,Script/dom3Mikoto_L10.mes,20,6,[효과음/내레이션],チャプ……,찰박……,찰박……
dom3Mikoto_L10.mes,Script/dom3Mikoto_L10.mes,21,19,주인공,……命さん.<6E5C>水は冷たくないですか?,…미코토 씨.<6E5C>물이 안 차가워요?,…미코토 씨.<6E5C>물이 안 차가워요?
dom3Mikoto_L10.mes,Script/dom3Mikoto_L10.mes,22,14,Mikoto,いえ……気持ちよいです……,아니요…… 기분 좋아요…,아니요…… 기분 좋아요…
dom3Mikoto_L10.mes,Script/dom3Mikoto_L10.mes,23,13,주인공,なんと、きれいな背中……,정말 예쁜 등이네요,정말 예쁜 등이네요
dom3Mikoto_L10.mes,Script/dom3Mikoto_L10.mes,24,3,Mikoto,え?,네?,네?
dom3Mikoto_L10.mes,Script/dom3Mikoto_L10.mes,25,28,주인공,あ、すいません!ちゃんと、<6E5C>目をつぶって洗いますから!,"아, 죄송해요!제대로<6E5C>눈 감고 씻겨드릴게요!","아, 죄송해요!제대로<6E5C>눈 감고 씻겨드릴게요!"
dom3Mikoto_L10.mes,Script/dom3Mikoto_L10.mes,26,19,Mikoto,……いえ.<6E5C>ありがとうございます……,……아니에요.<6E5C>감사합니다……,……아니에요.<6E5C>감사합니다……
dom3Mikoto_L10.mes,Script/dom3Mikoto_L10.mes,27,6,주인공,命さん……,미코토…,미코토…
dom3Mikoto_L10.mes,Script/dom3Mikoto_L10.mes,28,25,Mikoto,きっと、悪魔をこの身から<6E5C>消し去ってみせます……,"반드시, 악마를 몸에서<6E5C>몰아내 보이겠어요……","반드시, 악마를 몸에서<6E5C>몰아내 보이겠어요……"
dom3Mikoto_L10.mes,Script/dom3Mikoto_L10.mes,29,23,주인공,……はい!<6E5C>命さんは、俺がこの手で守ります!,"……네!<6E5C>미코토 씨는, 제가 지킬게요!","……네!<6E5C>미코토 씨는, 제가 지킬게요!"
dom3Mikoto_L10.mes,Script/dom3Mikoto_L10.mes,30,6,[효과음/내레이션],チャプ……,찰박……,찰박……
dom3Mikoto_L10.mes,Script/dom3Mikoto_L10.mes,31,28,주인공,わかりました.みそぎのお手伝い、<6E5C>させてもらいます……,"알겠습니다.목욕재계 돕는 일,<6E5C>제가 하겠습니다……","알겠습니다.목욕재계 돕는 일,<6E5C>제가 하겠습니다……"
dom3Mikoto_L10.mes,Script/dom3Mikoto_L10.mes,32,11,Mikoto,……あ、……あっ……,"……아, ……앗……","……아, ……앗……"
dom3Mikoto_L10.mes,Script/dom3Mikoto_L10.mes,33,3,주인공,ん?,응?,응?
dom3Mikoto_L10.mes,Script/dom3Mikoto_L10.mes,34,30,Mikoto,だ……だめっ、来ないで!<6E5C>……闇が、闇が……ぁぁぁああっ!,"아……안 돼, 오지 마요!<6E5C>……어둠이……아아앗!","아……안 돼, 오지 마요!<6E5C>……어둠이……아아앗!"
dom3Mikoto_L10.mes,Script/dom3Mikoto_L10.mes,35,5,주인공,命さん!,미코토!,미코토!
dom3Mikoto_L10.mes,Script/dom3Mikoto_L10.mes,36,42,Mikoto,ホホホホホ!ソナタ、ワラワの<6E5C>みそぎをのぞき見たいと言うのかえ<6E5C>、この痴れ者がっ!,"호호호호호!그대, 이 몸의<6E5C>목욕재계를 훔쳐보려는 것이냐<6E5C>, 어리석은 놈!","호호호호호!그대, 이 몸의<6E5C>목욕재계를 훔쳐보려는 것이냐<6E5C>, 어리석은 놈!"
dom3Mikoto_L10.mes,Script/dom3Mikoto_L10.mes,37,8,주인공,あ……悪魔!?,앗……악마!?,앗……악마!?
dom3Mikoto_L10.mes,Script/dom3Mikoto_L10.mes,38,28,Mikoto,ソナタのような浅はかな男が、<6E5C>命を救えるかえ!死ねい!,그런 얕은 사내가<6E5C>미코토를 구하겠느냐!죽어라!,그런 얕은 사내가<6E5C>미코토를 구하겠느냐!죽어라!
dom3Mikoto_L10.mes,Script/dom3Mikoto_L10.mes,39,5,[효과음/내레이션],ゴウゥ!,고오오!,고오오!
dom3Mikoto_L10.mes,Script/dom3Mikoto_L10.mes,40,8,주인공,うわああっ……,으아아앗……,으아아앗……
dom3Mikoto_M01.mes,Script/dom3Mikoto_M01.mes,0,48,주인공,(命さん、ああ言ってたけど、<6E5C>何か助ける手があるはず)<485C>(もう一度会って、<6E5C>閉いてみよう……),"(미코토가그렇게말했었지만,<6E5C>분명뭔가도울방법이있을거야)<485C>(다시한번만나서,<6E5C>물어보자……)","(미코토가그렇게말했었지만,<6E5C>분명뭔가도울방법이있을거야)<485C>(다시한번만나서,<6E5C>물어보자……)"
dom3Mikoto_M01.mes,Script/dom3Mikoto_M01.mes,1,10,Mikoto,ソナタこの前の……,"그대,요전의……","그대,요전의……"
dom3Mikoto_M01.mes,Script/dom3Mikoto_M01.mes,2,52,주인공,命さん、病になんか負けちゃ駄目だ<6E5C><485C>自分は呪われていると言って<6E5C>いたけれど、追い払う方法は<6E5C>きっと……,"미코토씨,병같은것에지면안돼요<6E5C><485C>자신은저주받았다고<6E5C>말했었지만,쫓아낼방법이<6E5C>분명……","미코토씨,병같은것에지면안돼요<6E5C><485C>자신은저주받았다고<6E5C>말했었지만,쫓아낼방법이<6E5C>분명……"
dom3Mikoto_M01.mes,Script/dom3Mikoto_M01.mes,3,11,Mikoto,ほぅ、追い払うとな?,"호오,쫓아낸다고?","호오,쫓아낸다고?"
dom3Mikoto_M01.mes,Script/dom3Mikoto_M01.mes,4,15,Mikoto,……ソナタ、<이름:3232>とか申したな,"……그대,<이름:3232>라하였던가","……그대,<이름:3232>라하였던가"
dom3Mikoto_M01.mes,Script/dom3Mikoto_M01.mes,5,4,주인공,???,???,???
dom3Mikoto_M01.mes,Script/dom3Mikoto_M01.mes,6,21,Mikoto,ソナタがワラワを追い出そうと<6E5C>言うのかえ,그대가이몸을쫓아내겠다고<6E5C>말하는것이냐,그대가이몸을쫓아내겠다고<6E5C>말하는것이냐
dom3Mikoto_M01.mes,Script/dom3Mikoto_M01.mes,7,23,주인공,……ま、まさかお前が命さんの<6E5C>言っていた……,"……서,설마네가미코토가<6E5C>말하던……","……서,설마네가미코토가<6E5C>말하던……"
dom3Mikoto_M01.mes,Script/dom3Mikoto_M01.mes,8,28,Mikoto,ホホホホホ!<6E5C>できるものなら、<6E5C>やってみるがよいわっ!,"호호호호호!<6E5C>할수있다면,<6E5C>해보거라!","호호호호호!<6E5C>할수있다면,<6E5C>해보거라!"
dom3Mikoto_M01.mes,Script/dom3Mikoto_M01.mes,9,26,[선택지],ぜったい追い出してやるっ!どうやったら出て行くんだ?,반드시쫓아내겠어!\어떻게하면나갈거야?,반드시쫓아내겠어!\어떻게하면나갈거야?
dom3Mikoto_M01.mes,Script/dom3Mikoto_M01.mes,10,21,주인공,お、俺がぜったいに<6E5C>追い出してやるぞっ!,"내,내가반드시<6E5C>쫓아내주겠다!","내,내가반드시<6E5C>쫓아내주겠다!"
dom3Mikoto_M01.mes,Script/dom3Mikoto_M01.mes,11,33,Mikoto,ホオゥ、ワラワにたてつくと言うか<6E5C>.ワラワの力、思い知るがいい!,"호오,이몸에게대들겠다는것이냐<6E5C>.이몸의힘,뼈저리게느껴보거라!","호오,이몸에게대들겠다는것이냐<6E5C>.이몸의힘,뼈저리게느껴보거라!"
dom3Mikoto_M01.mes,Script/dom3Mikoto_M01.mes,12,5,[효과음/내레이션],ブワッ!,번쩍!,번쩍!
dom3Mikoto_M01.mes,Script/dom3Mikoto_M01.mes,13,5,주인공,ぐわっ!,크윽!,크윽!
dom3Mikoto_M01.mes,Script/dom3Mikoto_M01.mes,14,39,주인공,(くっ.なんて力だ…….<6E5C>俺じゃ相手にならない…….<6E5C>……でも、必ず……!),"(큭.무슨힘이지…….<6E5C>나로선상대안돼…….<6E5C>……하지만,반드시……!)","(큭.무슨힘이지…….<6E5C>나로선상대안돼…….<6E5C>……하지만,반드시……!)"
dom3Mikoto_M01.mes,Script/dom3Mikoto_M01.mes,15,23,주인공,ど、どうやったら出て行って<6E5C>くれるんですか?,"어,어떻게하면나가<6E5C>주는거예요?","어,어떻게하면나가<6E5C>주는거예요?"
dom3Mikoto_M01.mes,Script/dom3Mikoto_M01.mes,16,54,Mikoto,出て行ってくれる?ハハハ!<6E5C>ワラワはこの体が気に入って<6E5C>いるのじゃ<485C>出て行く気などない.<6E5C>とっとと失せや!,나가달라고?하하하!<6E5C>이몸은이몸이마음에<6E5C>드는구나<485C>나갈생각없느니라.<6E5C>어서썩물러가라!,나가달라고?하하하!<6E5C>이몸은이몸이마음에<6E5C>드는구나<485C>나갈생각없느니라.<6E5C>어서썩물러가라!
dom3Mikoto_M01.mes,Script/dom3Mikoto_M01.mes,17,5,[효과음/내레이션],ブワッ!,번쩍!,번쩍!
dom3Mikoto_M01.mes,Script/dom3Mikoto_M01.mes,18,5,주인공,ぐわっ!,크윽!,크윽!
dom3Mikoto_M01.mes,Script/dom3Mikoto_M01.mes,19,8,Mikoto,オーホホホホ!,오호호호호!,오호호호호!
dom3Mikoto_M01.mes,Script/dom3Mikoto_M01.mes,20,15,주인공,(くっ……ひとまず退散だ!),(큭……일단은퇴각이다!),(큭……일단은퇴각이다!)
dom3Mikoto_M02.mes,Script/dom3Mikoto_M02.mes,0,5,주인공,命さん?,미코토?,미코토?
dom3Mikoto_M02.mes,Script/dom3Mikoto_M02.mes,1,6,Mikoto,やめて……,그만해……,그만해……
dom3Mikoto_M02.mes,Script/dom3Mikoto_M02.mes,2,6,주인공,これは……,이건……,이건……
dom3Mikoto_M02.mes,Script/dom3Mikoto_M02.mes,3,36,Mikoto,早う、ワラワを受け入れよ.<6E5C>さすればソナタの望む物すべて<6E5C>手に入ろうぞ,"어서,이몸을받아들여라.<6E5C>그리하면그대가바라는것<6E5C>모두손에넣으리라","어서,이몸을받아들여라.<6E5C>그리하면그대가바라는것<6E5C>모두손에넣으리라"
dom3Mikoto_M02.mes,Script/dom3Mikoto_M02.mes,4,20,Mikoto,……いや……たすけて……<6E5C>だれ、か……,"……싫어……도와……<6E5C>누구,든……","……싫어……도와……<6E5C>누구,든……"
dom3Mikoto_M02.mes,Script/dom3Mikoto_M02.mes,5,12,주인공,しっかりして、命さん!,"정신차려요,미코토씨!","정신차려요,미코토씨!"
dom3Mikoto_M02.mes,Script/dom3Mikoto_M02.mes,6,19,Mikoto,……はぁ……はぁ.<6E5C>……<이름:3131>様……?,……하아……하아.<6E5C>……<이름:3131>님……?,……하아……하아.<6E5C>……<이름:3131>님……?
dom3Mikoto_M02.mes,Script/dom3Mikoto_M02.mes,7,10,주인공,そうです.<이름:3232>です,"네,<이름:3232>입니다","네,<이름:3232>입니다"
dom3Mikoto_M02.mes,Script/dom3Mikoto_M02.mes,8,59,Mikoto,……もう、ダメです.<6E5C>闇の……力が、日増しに<6E5C>大きくなって……、<485C>もう、わたくしの……力では、<6E5C>……制御できない……,"……이제,안돼요.<6E5C>어둠의……힘이,나날이<6E5C>커져서……,<485C>이제,제……힘으론,<6E5C>……제어가안돼요……","……이제,안돼요.<6E5C>어둠의……힘이,나날이<6E5C>커져서……,<485C>이제,제……힘으론,<6E5C>……제어가안돼요……"
dom3Mikoto_M02.mes,Script/dom3Mikoto_M02.mes,9,17,주인공,そんな……しっかりしてください!,그런……정신차리세요!,그런……정신차리세요!
dom3Mikoto_M02.mes,Script/dom3Mikoto_M02.mes,10,22,Mikoto,このままでは、<6E5C>心が壊れてしまいそう……!,"이대로면,<6E5C>마음이부서질것같아요……!","이대로면,<6E5C>마음이부서질것같아요……!"
dom3Mikoto_M02.mes,Script/dom3Mikoto_M02.mes,11,13,[선택지],死なないで!俺がついてる!,죽지마!내가있잖아!,죽지마!내가있잖아!
dom3Mikoto_M02.mes,Script/dom3Mikoto_M02.mes,12,15,주인공,死なないでください!命さん!,죽지마세요!미코토씨!,죽지마세요!미코토씨!
dom3Mikoto_M02.mes,Script/dom3Mikoto_M02.mes,13,41,Mikoto,でも、わたくしが死ねば……<6E5C>この苦しみも終わる.<6E5C>……悪の心もいっしょに死ぬ……,"하지만,제가죽으면……<6E5C>이고통도끝나요.<6E5C>……나쁜마음도함께죽어요……","하지만,제가죽으면……<6E5C>이고통도끝나요.<6E5C>……나쁜마음도함께죽어요……"
dom3Mikoto_M02.mes,Script/dom3Mikoto_M02.mes,14,11,주인공,駄目ですよ、そんな!,"안돼요,그런건!","안돼요,그런건!"
dom3Mikoto_M02.mes,Script/dom3Mikoto_M02.mes,15,26,Mikoto,では、このままでわたくしは<6E5C>どうすれば……ああ……,"그럼,이대로전<6E5C>어떡해야……아아……","그럼,이대로전<6E5C>어떡해야……아아……"
dom3Mikoto_M02.mes,Script/dom3Mikoto_M02.mes,16,19,주인공,(……ううっ、何か方法があれば!<6E5C>),"(……으윽,방법이있다면!<6E5C>)","(……으윽,방법이있다면!<6E5C>)"
dom3Mikoto_M02.mes,Script/dom3Mikoto_M02.mes,17,10,주인공,俺がついてます!!,제가있잖아요!!,제가있잖아요!!
dom3Mikoto_M02.mes,Script/dom3Mikoto_M02.mes,18,8,Mikoto,……<이름:3131>様が?,……<이름:3131>님이?,……<이름:3131>님이?
dom3Mikoto_M02.mes,Script/dom3Mikoto_M02.mes,19,28,주인공,だからいっしょに頑張って、<6E5C>いっしょに悪の心を倒そう!,"그러니함께힘내서,<6E5C>함께나쁜마음을물리쳐요!","그러니함께힘내서,<6E5C>함께나쁜마음을물리쳐요!"
dom3Mikoto_M02.mes,Script/dom3Mikoto_M02.mes,20,15,Mikoto,……いっしょに?わたくしと?,……함께요?저와?,……함께요?저와?
dom3Mikoto_M02.mes,Script/dom3Mikoto_M02.mes,21,5,주인공,そうだ!,그래!,그래!
dom3Mikoto_M02.mes,Script/dom3Mikoto_M02.mes,22,43,Mikoto,……そんなことを言われたら……<6E5C>わたくし、希望を持って<6E5C>しまいます…….<이름:3131>様……!,"……그런말을들으면……<6E5C>저,희망을갖게<6E5C>돼요…….<이름:3131>님……!","……그런말을들으면……<6E5C>저,희망을갖게<6E5C>돼요…….<이름:3131>님……!"
dom3Mikoto_M02.mes,Script/dom3Mikoto_M02.mes,23,16,주인공,俺が、命さんを救ってみせます!,"제가,미코토씨를구할게요!","제가,미코토씨를구할게요!"
dom3Mikoto_M03.mes,Script/dom3Mikoto_M03.mes,0,22,주인공,命さん、寝巻のままで<6E5C>どうしたんですか? ,"미코토씨,잠옷차림으로<6E5C>왜그러세요?","미코토씨,잠옷차림으로<6E5C>왜그러세요?"
dom3Mikoto_M03.mes,Script/dom3Mikoto_M03.mes,1,13,Mikoto,……ソナタ、<이름:3232>だったか,"……그대,<이름:3232>였던가","……그대,<이름:3232>였던가"
dom3Mikoto_M03.mes,Script/dom3Mikoto_M03.mes,2,2,주인공,?,?,?
dom3Mikoto_M03.mes,Script/dom3Mikoto_M03.mes,3,16,주인공,(……何か様子がおかしいぞ?),(……뭔가이상한데?),(……뭔가이상한데?)
dom3Mikoto_M03.mes,Script/dom3Mikoto_M03.mes,4,42,Mikoto,……少し疲れたようじゃ.<6E5C>そうじゃ、そこの二階で休んで<6E5C>行こうぞ.ソナタ、供をせよ,"……좀피곤한모양이구나.<6E5C>그렇지,저이층에서쉬었다<6E5C>가자.그대,따라오거라","……좀피곤한모양이구나.<6E5C>그렇지,저이층에서쉬었다<6E5C>가자.그대,따라오거라"
dom3Mikoto_M03.mes,Script/dom3Mikoto_M03.mes,5,28,주인공,(え、むささび屋の二階!?<6E5C>それってどういう意味……),"(에,무사사비야이층!?<6E5C>그거무슨뜻이지……)","(에,무사사비야이층!?<6E5C>그거무슨뜻이지……)"
dom3Mikoto_M03.mes,Script/dom3Mikoto_M03.mes,6,5,Mikoto,早うせい,서두르라,서두르라
dom3Mikoto_M03.mes,Script/dom3Mikoto_M03.mes,7,4,[효과음/내레이션],ぐいっ,휙,휙
dom3Mikoto_M03.mes,Script/dom3Mikoto_M03.mes,8,13,주인공,(わっ、なんて大胆な!),"(왓,이리대담할수가!)","(왓,이리대담할수가!)"
dom3Mikoto_M03.mes,Script/dom3Mikoto_M03.mes,9,12,[선택지],きっぱり断るやんわり断る,딱잘라거절\부드럽게거절,딱잘라거절\부드럽게거절
dom3Mikoto_M03.mes,Script/dom3Mikoto_M03.mes,10,43,주인공,駄目です!命さん、しっかりして<6E5C>ください.俺がしっかり枯華院に<6E5C>連れて行きますから!,"안돼요!미코토씨,정신<6E5C>차리세요.제가꼭고카인으로<6E5C>데려다드릴게요!","안돼요!미코토씨,정신<6E5C>차리세요.제가꼭고카인으로<6E5C>데려다드릴게요!"
dom3Mikoto_M03.mes,Script/dom3Mikoto_M03.mes,11,11,Mikoto,な、なんじゃと……!,"무,무엇이라고……!","무,무엇이라고……!"
dom3Mikoto_M03.mes,Script/dom3Mikoto_M03.mes,12,5,주인공,命さん?,미코토?,미코토?
dom3Mikoto_M03.mes,Script/dom3Mikoto_M03.mes,13,6,Mikoto,……うぅっ,……으윽,……으윽
dom3Mikoto_M03.mes,Script/dom3Mikoto_M03.mes,14,36,Mikoto,……おのれ、おとなしく眠って<6E5C>おればよいものを…….<6E5C>う、うぉおお!!,"……괘씸한것,얌전히잠들어<6E5C>있으면될것을…….<6E5C>으,으어어어!!","……괘씸한것,얌전히잠들어<6E5C>있으면될것을…….<6E5C>으,으어어어!!"
dom3Mikoto_M03.mes,Script/dom3Mikoto_M03.mes,15,7,주인공,み、命さん!,"미,미코토!","미,미코토!"
dom3Mikoto_M03.mes,Script/dom3Mikoto_M03.mes,16,15,Mikoto,ううっ!<6E5C>寺……<이름:3131>様……?,으윽!<6E5C>……<이름:3131>님……?,으윽!<6E5C>……<이름:3131>님……?
dom3Mikoto_M03.mes,Script/dom3Mikoto_M03.mes,17,19,주인공,……よかった、正気に戻ったん<6E5C>ですね,"……다행이다,정신이<6E5C>돌아왔군요","……다행이다,정신이<6E5C>돌아왔군요"
dom3Mikoto_M03.mes,Script/dom3Mikoto_M03.mes,18,15,Mikoto,<이름:3131>様……申し訳ありません!,<이름:3131>님……죄송합니다!,<이름:3131>님……죄송합니다!
dom3Mikoto_M03.mes,Script/dom3Mikoto_M03.mes,19,44,주인공,(命さん…….いつも、内なる悪魔<6E5C>に苦しめられているのか…….<6E5C>なんとかしないと……),"(미코토씨…….늘,내면의악마<6E5C>에게시달리는걸까…….<6E5C>어떻게든해야하는데……)","(미코토씨…….늘,내면의악마<6E5C>에게시달리는걸까…….<6E5C>어떻게든해야하는데……)"
dom3Mikoto_M03.mes,Script/dom3Mikoto_M03.mes,20,17,주인공,そ、そういうのは良くないですよ!,"그,그런건좋지않아요!","그,그런건좋지않아요!"
dom3Mikoto_M03.mes,Script/dom3Mikoto_M03.mes,21,25,Mikoto,ワラワが良いと言うておるのじゃ.<6E5C>さっさとせぬか,이몸이좋다고하지않느냐.<6E5C>어서하지못할까,이몸이좋다고하지않느냐.<6E5C>어서하지못할까
dom3Mikoto_M03.mes,Script/dom3Mikoto_M03.mes,22,4,[효과음/내레이션],ぐいっ,휙,휙
dom3Mikoto_M03.mes,Script/dom3Mikoto_M03.mes,23,19,주인공,……わかりました.<6E5C>休むだけですよ!,……알겠습니다.<6E5C>쉬기만하는거예요!,……알겠습니다.<6E5C>쉬기만하는거예요!
dom3Mikoto_M03.mes,Script/dom3Mikoto_M03.mes,24,25,주인공,……ちょ、ちょっと命さん、<6E5C>くっつきすぎですよ!,"……자,잠깐미코토씨,<6E5C>너무붙는거아니에요!","……자,잠깐미코토씨,<6E5C>너무붙는거아니에요!"
dom3Mikoto_M03.mes,Script/dom3Mikoto_M03.mes,25,28,Mikoto,ワラワは寒いのじゃ.<6E5C>しっかり抱きしめて温めぬか、ホレ,"이몸은춥구나.<6E5C>꼭안아서데워주지않겠느냐,자","이몸은춥구나.<6E5C>꼭안아서데워주지않겠느냐,자"
dom3Mikoto_M03.mes,Script/dom3Mikoto_M03.mes,26,7,주인공,(ゴクリッ),(꿀꺽),(꿀꺽)
dom3Mikoto_M03.mes,Script/dom3Mikoto_M03.mes,27,7,주인공,は、はい……,"네,네……","네,네……"
dom3Mikoto_M03.mes,Script/dom3Mikoto_M03.mes,28,4,[효과음/내레이션],ぎゅっ,꼬옥,꼬옥
dom3Mikoto_M03.mes,Script/dom3Mikoto_M03.mes,29,3,Mikoto,……,……,……
dom3Mikoto_M03.mes,Script/dom3Mikoto_M03.mes,30,10,Mikoto,……きゃああぁー!,……꺄아아악!,……꺄아아악!
dom3Mikoto_M03.mes,Script/dom3Mikoto_M03.mes,31,7,주인공,え?命さん?,네?미코토?,네?미코토?
dom3Mikoto_M03.mes,Script/dom3Mikoto_M03.mes,32,26,Mikoto,ここはどこですか!<6E5C>……<이름:3131>様、いったい何を……?,"여긴어디예요!<6E5C>……<이름:3131>님,대체무슨……?","여긴어디예요!<6E5C>……<이름:3131>님,대체무슨……?"
dom3Mikoto_M03.mes,Script/dom3Mikoto_M03.mes,33,16,주인공,え、その、ごごごめんなさいっ!,"네,그,죄,죄송합니다!","네,그,죄,죄송합니다!"
dom3Mikoto_M04.mes,Script/dom3Mikoto_M04.mes,0,4,주인공,命さん,미코토,미코토
dom3Mikoto_M04.mes,Script/dom3Mikoto_M04.mes,1,17,Mikoto,……あっ.<6E5C>なんでしょう、<이름:3131>様,"……아.<6E5C>왜그러세요,<이름:3131>님","……아.<6E5C>왜그러세요,<이름:3131>님"
dom3Mikoto_M04.mes,Script/dom3Mikoto_M04.mes,2,9,주인공,何を見ていたの?,뭘보고있었어?,뭘보고있었어?
dom3Mikoto_M04.mes,Script/dom3Mikoto_M04.mes,3,20,Mikoto,いえ、<6E5C>少しぼんやりしていただけですわ,"아뇨,<6E5C>그냥잠깐멍했을뿐이에요","아뇨,<6E5C>그냥잠깐멍했을뿐이에요"
dom3Mikoto_M04.mes,Script/dom3Mikoto_M04.mes,4,3,주인공,……,……,……
dom3Mikoto_M04.mes,Script/dom3Mikoto_M04.mes,5,12,Mikoto,……どうかされました?,……무슨일있으세요?,……무슨일있으세요?
dom3Mikoto_M04.mes,Script/dom3Mikoto_M04.mes,6,24,주인공,命さんの瞳って、<6E5C>色さんと同じ色だな、と思って,"미코토씨눈동자,<6E5C>시키씨랑같은색이네싶어서","미코토씨눈동자,<6E5C>시키씨랑같은색이네싶어서"
dom3Mikoto_M04.mes,Script/dom3Mikoto_M04.mes,7,5,Mikoto,色さん?,시키씨?,시키씨?
dom3Mikoto_M04.mes,Script/dom3Mikoto_M04.mes,8,15,주인공,ほら、この前、町で会った……,"그,전에마을에서만난……","그,전에마을에서만난……"
dom3Mikoto_M04.mes,Script/dom3Mikoto_M04.mes,9,34,Mikoto,……ああ.<6E5C>でも、あの方は違います.<6E5C>わたくしは、すべて真っ赤……,"……아.<6E5C>하지만,그분은달라요.<6E5C>전,온통새빨간……","……아.<6E5C>하지만,그분은달라요.<6E5C>전,온통새빨간……"
dom3Mikoto_M04.mes,Script/dom3Mikoto_M04.mes,10,4,주인공,……?,……?,……?
dom3Mikoto_M04.mes,Script/dom3Mikoto_M04.mes,11,21,Mikoto,……この赤い目は、<6E5C>悪魔の印なんです……,"……이빨간눈은,<6E5C>악마의낙인이에요……","……이빨간눈은,<6E5C>악마의낙인이에요……"
dom3Mikoto_M04.mes,Script/dom3Mikoto_M04.mes,12,16,Mikoto,他の誰とも違う、呪われた印……,누구와도다른저주받은낙인……,누구와도다른저주받은낙인……
dom3Mikoto_M04.mes,Script/dom3Mikoto_M04.mes,13,25,[선택지],そんなにきれいな色なのに?悪魔の印なんかじゃない!,그렇게예쁜색인데?\악마의낙인같은거아니야!,그렇게예쁜색인데?\악마의낙인같은거아니야!
dom3Mikoto_M04.mes,Script/dom3Mikoto_M04.mes,14,14,주인공,そんなにきれいな色なのに?,그렇게예쁜색인데?,그렇게예쁜색인데?
dom3Mikoto_M04.mes,Script/dom3Mikoto_M04.mes,15,33,Mikoto,キレイな色なんかではありません.<6E5C>……この血のような凶々しい色!,예쁜색같은게아니에요.<6E5C>……이피같은흉한색이에요!,예쁜색같은게아니에요.<6E5C>……이피같은흉한색이에요!
dom3Mikoto_M04.mes,Script/dom3Mikoto_M04.mes,16,3,주인공,……,……,……
dom3Mikoto_M04.mes,Script/dom3Mikoto_M04.mes,17,40,Mikoto,……嫌いです.<6E5C>この瞳のせいでわたくしは、どこへ<6E5C>行っても奇異の目で見られ……,"……싫어요.<6E5C>이눈때문에전,어딜<6E5C>가도이상한눈으로보여져……","……싫어요.<6E5C>이눈때문에전,어딜<6E5C>가도이상한눈으로보여져……"
dom3Mikoto_M04.mes,Script/dom3Mikoto_M04.mes,18,27,Mikoto,なくしてしまえるものなら、<6E5C>なくしてしまいたい……!,"없앨수있는거라면,<6E5C>없애버리고싶어요……!","없앨수있는거라면,<6E5C>없애버리고싶어요……!"
dom3Mikoto_M04.mes,Script/dom3Mikoto_M04.mes,19,6,주인공,命さん……,미코토……,미코토……
dom3Mikoto_M04.mes,Script/dom3Mikoto_M04.mes,20,13,주인공,悪魔の印なんかじゃない!,악마의낙인같은거아니야!,악마의낙인같은거아니야!
dom3Mikoto_M04.mes,Script/dom3Mikoto_M04.mes,21,7,Mikoto,……<이름:3131>様?,……<이름:3131>님?,……<이름:3131>님?
dom3Mikoto_M04.mes,Script/dom3Mikoto_M04.mes,22,31,주인공,そんなに美しい瞳が、<6E5C>悪魔の印の訳がないですよ.<6E5C>それに……,"그리아름다운눈동자가,<6E5C>악마의낙인일리없어요.<6E5C>게다가……","그리아름다운눈동자가,<6E5C>악마의낙인일리없어요.<6E5C>게다가……"
dom3Mikoto_M04.mes,Script/dom3Mikoto_M04.mes,23,28,주인공,命さんは悪魔なんかじゃない.<6E5C>必ず治ります.必ず……!,미코토씨는악마가아니야.<6E5C>반드시나아요.반드시……!,미코토씨는악마가아니야.<6E5C>반드시나아요.반드시……!
dom3Mikoto_M04.mes,Script/dom3Mikoto_M04.mes,24,6,Mikoto,<이름:3131>様……,<이름:3131>님……,<이름:3131>님……
dom3Mikoto_M04.mes,Script/dom3Mikoto_M04.mes,25,31,Mikoto,……<이름:3131>様がそうおっしゃって<6E5C>くださるのなら、わたくし……!,"……<이름:3131>님이그리말씀해<6E5C>주신다면,전……!","……<이름:3131>님이그리말씀해<6E5C>주신다면,전……!"
dom3Mikoto_M05.mes,Script/dom3Mikoto_M05.mes,0,15,주인공,命さん、散歩に行きませんか?,"미코토씨,산책갈래요?","미코토씨,산책갈래요?"
dom3Mikoto_M05.mes,Script/dom3Mikoto_M05.mes,1,5,Mikoto,でも……,하지만…,하지만…
dom3Mikoto_M05.mes,Script/dom3Mikoto_M05.mes,2,15,주인공,風が気持ちいいから、少しだけ,"바람이좋으니까,잠깐만","바람이좋으니까,잠깐만"
dom3Mikoto_M05.mes,Script/dom3Mikoto_M05.mes,3,5,Mikoto,……はい,……네,……네
dom3Mikoto_M05.mes,Script/dom3Mikoto_M05.mes,4,47,주인공,……ね、いい気分だろう.お寺も、<6E5C>にぎやかな人たちで楽しいと<6E5C>思うけど、たまには外に出ないと,"……거봐,기분좋죠.절에서도,<6E5C>활기찬사람들있어즐겁지만,<6E5C>가끔밖에나가야죠","……거봐,기분좋죠.절에서도,<6E5C>활기찬사람들있어즐겁지만,<6E5C>가끔밖에나가야죠"
dom3Mikoto_M05.mes,Script/dom3Mikoto_M05.mes,5,20,Mikoto,そうですね.<6E5C>……ありがとうございます,그러네요.<6E5C>……감사합니다,그러네요.<6E5C>……감사합니다
dom3Mikoto_M05.mes,Script/dom3Mikoto_M05.mes,6,38,주인공,お寺の住職さんは……<6E5C>命さんのお祖父さん?<6E5C>両親はいっしょに住んでないの?,절스님은……<6E5C>미코토씨할아버지?<6E5C>부모님은같이안사세요?,절스님은……<6E5C>미코토씨할아버지?<6E5C>부모님은같이안사세요?
dom3Mikoto_M05.mes,Script/dom3Mikoto_M05.mes,7,50,Mikoto,……わたくしは、赤子の時に預けら<6E5C>れた身だと閉いております.おじい<6E5C>様とも、血はつながっていません,"……전,갓난아기때맡겨<6E5C>진몸이라들었어요.할아버지<6E5C>와도,피는안이어져있어요","……전,갓난아기때맡겨<6E5C>진몸이라들었어요.할아버지<6E5C>와도,피는안이어져있어요"
dom3Mikoto_M05.mes,Script/dom3Mikoto_M05.mes,8,20,주인공,じゃあ、命さんは親の顔を<6E5C>知らないの?,"그럼,미코토는부모님<6E5C>얼굴모르는거야?","그럼,미코토는부모님<6E5C>얼굴모르는거야?"
dom3Mikoto_M05.mes,Script/dom3Mikoto_M05.mes,9,5,Mikoto,……はい,……네,……네
dom3Mikoto_M05.mes,Script/dom3Mikoto_M05.mes,10,18,[선택지],両親のこと、恨んでる?ひどい親だな!,부모님을원망해?\정말나쁜부모네!,부모님을원망해?\정말나쁜부모네!
dom3Mikoto_M05.mes,Script/dom3Mikoto_M05.mes,11,19,주인공,だったら、<6E5C>両親のこと恨んでますよね,"그럼,<6E5C>부모님원망하겠네요","그럼,<6E5C>부모님원망하겠네요"
dom3Mikoto_M05.mes,Script/dom3Mikoto_M05.mes,12,24,Mikoto,いえ.……会いたくないと言えば<6E5C>嘘になりますが,아뇨.……보고싶지않다면<6E5C>거짓말이겠지만,아뇨.……보고싶지않다면<6E5C>거짓말이겠지만
dom3Mikoto_M05.mes,Script/dom3Mikoto_M05.mes,13,15,주인공,覇王丸さんは知っているんじゃ,하오마루씨는알잖아,하오마루씨는알잖아
dom3Mikoto_M05.mes,Script/dom3Mikoto_M05.mes,14,17,Mikoto,おじ様は何もおっしゃいません……,아저씨는아무말씀도<6E5C>안하세요……,아저씨는아무말씀도<6E5C>안하세요……
dom3Mikoto_M05.mes,Script/dom3Mikoto_M05.mes,15,42,Mikoto,でもよいのです.わたくしには<6E5C>優しいおじ様もおじい様も<6E5C>いるのですから.それに……,하지만괜찮아요.제겐<6E5C>다정한아저씨도할아버지도<6E5C>계시니까요.게다가……,하지만괜찮아요.제겐<6E5C>다정한아저씨도할아버지도<6E5C>계시니까요.게다가……
dom3Mikoto_M05.mes,Script/dom3Mikoto_M05.mes,16,52,Mikoto,……こうしてお話を閉いてくださる<6E5C><이름:3131>様もいらっしゃいます<485C>それだけで充分.<6E5C>さみしくなどありません!,……이리이야기들어주시는<6E5C><이름:3131>님도계세요<485C>그걸로충분해요.<6E5C>외롭지않아요!,……이리이야기들어주시는<6E5C><이름:3131>님도계세요<485C>그걸로충분해요.<6E5C>외롭지않아요!
dom3Mikoto_M05.mes,Script/dom3Mikoto_M05.mes,17,6,주인공,命さん……,미코토……,미코토……
dom3Mikoto_M05.mes,Script/dom3Mikoto_M05.mes,18,12,주인공,なんてひどい親なんだ!,정말나쁜부모구나!,정말나쁜부모구나!
dom3Mikoto_M05.mes,Script/dom3Mikoto_M05.mes,19,24,Mikoto,そんなことないですわ.<6E5C>きっと事情があって……,그렇지않아요.<6E5C>분명사정이있어서……,그렇지않아요.<6E5C>분명사정이있어서……
dom3Mikoto_M05.mes,Script/dom3Mikoto_M05.mes,20,44,Mikoto,……わたくしがこんな体だから.<6E5C>赤い目の子は不吉だと言って<6E5C>捨てられてしまったのですわ,……제가이런몸이라서요.<6E5C>빨간눈아이는불길하다고<6E5C>버려진거예요,……제가이런몸이라서요.<6E5C>빨간눈아이는불길하다고<6E5C>버려진거예요
dom3Mikoto_M05.mes,Script/dom3Mikoto_M05.mes,21,12,주인공,命さん、そんなこと……,"미코토씨,그런……","미코토씨,그런……"
dom3Mikoto_M05.mes,Script/dom3Mikoto_M05.mes,22,36,Mikoto,……でもよいのです.<6E5C>わたくしには、おじ様もおじい様も<6E5C>いるのですから,"……하지만괜찮아요.<6E5C>제겐,아저씨도할아버지도<6E5C>계시니까요","……하지만괜찮아요.<6E5C>제겐,아저씨도할아버지도<6E5C>계시니까요"
dom3Mikoto_M05.mes,Script/dom3Mikoto_M05.mes,23,12,Mikoto,十分にしあわせですわ!,충분히행복해요!,충분히행복해요!
dom3Mikoto_M05.mes,Script/dom3Mikoto_M05.mes,24,6,주인공,命さん……,미코토……,미코토……
dom3Mikoto_S01.mes,Script/dom3Mikoto_S01.mes,0,7,주인공,こんにちはー,안녕하세요~,안녕하세요~
dom3Mikoto_S01.mes,Script/dom3Mikoto_S01.mes,1,6,[효과음/내레이션],シーン……,정적……,정적……
dom3Mikoto_S01.mes,Script/dom3Mikoto_S01.mes,2,15,주인공,あれ?誰もいないのかな……?,어라? 아무도 없나……?,어라? 아무도 없나……?
dom3Mikoto_S01.mes,Script/dom3Mikoto_S01.mes,3,4,[효과음/내레이션],カタッ,달칵,달칵
dom3Mikoto_S01.mes,Script/dom3Mikoto_S01.mes,4,11,UNKNOWN_1e,……どなた様ですか?,……누구신지요?,……누구신지요?
dom3Mikoto_S01.mes,Script/dom3Mikoto_S01.mes,5,6,주인공,命さん……,미코토……,미코토……
dom3Mikoto_S01.mes,Script/dom3Mikoto_S01.mes,6,11,Mikoto,あ、あなたは、<이름:3131>様,"아, <이름:3131>님이군요","아, <이름:3131>님이군요"
dom3Mikoto_S01.mes,Script/dom3Mikoto_S01.mes,7,33,주인공,あ、すいません.もしかして寝てた<6E5C>ところを起こしてしまったかな?,"아, 죄송해요. 혹시 주무시고<6E5C>계셨는데 제가 깨운 걸까요?","아, 죄송해요. 혹시 주무시고<6E5C>계셨는데 제가 깨운 걸까요?"
dom3Mikoto_S01.mes,Script/dom3Mikoto_S01.mes,8,36,Mikoto,いえ……大丈夫です.<6E5C>……あいにく、覇王丸おじ様は<6E5C>出かけておりますが,"아니요, 괜찮습니다.<6E5C>공교롭게도 하오마루 아저씨는<6E5C>외출 중이세요","아니요, 괜찮습니다.<6E5C>공교롭게도 하오마루 아저씨는<6E5C>외출 중이세요"
dom3Mikoto_S01.mes,Script/dom3Mikoto_S01.mes,9,20,주인공,いえ、今日は命さんに会いに<6E5C>来たんです,오늘은 미코토 보러<6E5C>왔어요,오늘은 미코토 보러<6E5C>왔어요
dom3Mikoto_S01.mes,Script/dom3Mikoto_S01.mes,10,9,Mikoto,わたくしに……?,저에게……?,저에게……?
dom3Mikoto_S01.mes,Script/dom3Mikoto_S01.mes,11,14,주인공,その、お見舞いというか……,"그게, 병문안이라고 할까","그게, 병문안이라고 할까"
dom3Mikoto_S01.mes,Script/dom3Mikoto_S01.mes,12,33,Mikoto,そんな、わたくしのような者に<6E5C>お見舞いだなんて…….<6E5C>困りますっ,그런…… 저 같은 사람에게<6E5C>병문안이라니…….<6E5C>곤란해요!,그런…… 저 같은 사람에게<6E5C>병문안이라니…….<6E5C>곤란해요!
dom3Mikoto_S01.mes,Script/dom3Mikoto_S01.mes,13,25,주인공,そんな、俺は、君に元気になって<6E5C>もらいたくて……,"그런, 나는, 네가 건강해졌으면<6E5C>해서……","그런, 나는, 네가 건강해졌으면<6E5C>해서……"
dom3Mikoto_S01.mes,Script/dom3Mikoto_S01.mes,14,26,Mikoto,わたくしのことはよいのです.<6E5C>放っておいてください,저는 신경 안 쓰셔도 돼요<6E5C>그냥 내버려 두세요,저는 신경 안 쓰셔도 돼요<6E5C>그냥 내버려 두세요
dom3Mikoto_S01.mes,Script/dom3Mikoto_S01.mes,15,3,[효과음/내레이션],スッ,스윽,스윽
dom3Mikoto_S01.mes,Script/dom3Mikoto_S01.mes,16,10,주인공,……ど、どうして?,"……어, 어째서?","……어, 어째서?"
dom3Mikoto_S01.mes,Script/dom3Mikoto_S01.mes,17,5,주인공,命さん!,미코토!,미코토!
dom3Mikoto_S01.mes,Script/dom3Mikoto_S01.mes,18,29,Mikoto,<이름:3131>様…….どうして?<6E5C>もう来ないでと申し上げたのに……,<이름:3131> 님……. 어째서요?<6E5C>다시 오지 말랬는데……,<이름:3131> 님……. 어째서요?<6E5C>다시 오지 말랬는데……
dom3Mikoto_S01.mes,Script/dom3Mikoto_S01.mes,19,8,주인공,なんだか心配で,그냥 걱정돼서,그냥 걱정돼서
dom3Mikoto_S01.mes,Script/dom3Mikoto_S01.mes,20,38,Mikoto,……わたくしは、あなた様の<6E5C>ような方に心配されるような<6E5C>人間ではないのです,"……저는, 당신 같은<6E5C>분께 걱정받을 만한<6E5C>사람이 아니랍니다","……저는, 당신 같은<6E5C>분께 걱정받을 만한<6E5C>사람이 아니랍니다"
dom3Mikoto_S01.mes,Script/dom3Mikoto_S01.mes,21,10,주인공,それはどういう……,그게 무슨……,그게 무슨……
dom3Mikoto_S01.mes,Script/dom3Mikoto_S01.mes,22,40,Mikoto,お願いです、もうここには<6E5C>来ないで.そうでないと、<6E5C>わたくしは、あなた様を……,"부탁이에요, 더는 여기<6E5C>오지 마세요. 그러지 않으면,<6E5C>저는, 당신을……","부탁이에요, 더는 여기<6E5C>오지 마세요. 그러지 않으면,<6E5C>저는, 당신을……"
dom3Mikoto_S01.mes,Script/dom3Mikoto_S01.mes,23,4,주인공,……?,……?,……?
dom3Mikoto_S01.mes,Script/dom3Mikoto_S01.mes,24,3,Mikoto,……,……,……
dom3Mikoto_S01.mes,Script/dom3Mikoto_S01.mes,25,3,[효과음/내레이션],サッ,휙,휙
dom3Mikoto_S01.mes,Script/dom3Mikoto_S01.mes,26,4,주인공,あ……,아……,아……
dom3Mikoto_S01.mes,Script/dom3Mikoto_S01.mes,27,35,주인공,(来ないでって、どういう<6E5C>意味なんだ?<6E5C>うつる病なんだろうか……?),"(오지 말라니, 무슨<6E5C>의미지?<6E5C>옮는 병인 걸까……?)","(오지 말라니, 무슨<6E5C>의미지?<6E5C>옮는 병인 걸까……?)"
dom3Mikoto_S02.mes,Script/dom3Mikoto_S02.mes,0,7,주인공,こんばんはー,안녕하세요~,안녕하세요~
dom3Mikoto_S02.mes,Script/dom3Mikoto_S02.mes,1,6,[효과음/내레이션],シーン……,정적……,정적……
dom3Mikoto_S02.mes,Script/dom3Mikoto_S02.mes,2,15,주인공,あれ?誰もいないのかな……?,어라? 아무도 없나……?,어라? 아무도 없나……?
dom3Mikoto_S02.mes,Script/dom3Mikoto_S02.mes,3,4,[효과음/내레이션],カタッ,달칵,달칵
dom3Mikoto_S02.mes,Script/dom3Mikoto_S02.mes,4,13,Mikoto,……なんじゃ、ソナタは?,"……뭐냐, 그대는?","……뭐냐, 그대는?"
dom3Mikoto_S02.mes,Script/dom3Mikoto_S02.mes,5,37,주인공,何って、この前、覇王丸さんに<6E5C>連れて来られた<이름:3232>ですよ.<6E5C>お忘れですか?,"뭐긴요, 전에 하오마루 씨가<6E5C>데려온 <이름:3232>예요.<6E5C>잊으셨어요?","뭐긴요, 전에 하오마루 씨가<6E5C>데려온 <이름:3232>예요.<6E5C>잊으셨어요?"
dom3Mikoto_S02.mes,Script/dom3Mikoto_S02.mes,6,29,Mikoto,……ほぉ、あの男にな.<6E5C>で、ソナタ、ワラワに何か用かえ?,"……호오, 그 녀석이냐.<6E5C>이 몸에게 무슨 볼일이냐?","……호오, 그 녀석이냐.<6E5C>이 몸에게 무슨 볼일이냐?"
dom3Mikoto_S02.mes,Script/dom3Mikoto_S02.mes,7,21,주인공,(……?<6E5C>なんか、雰囲気がおかしいなぁ),"(……?<6E5C>뭔가, 분위기가 이상한데)","(……?<6E5C>뭔가, 분위기가 이상한데)"
dom3Mikoto_S02.mes,Script/dom3Mikoto_S02.mes,8,15,Mikoto,用がないなら、さっさと去ね!,볼일 없으면 썩 물러가라!,볼일 없으면 썩 물러가라!
dom3Mikoto_S02.mes,Script/dom3Mikoto_S02.mes,9,8,주인공,え?は、はいっ,네? 넵!,네? 넵!
dom3Mikoto_S02.mes,Script/dom3Mikoto_S02.mes,10,3,[효과음/내레이션],タッ,탁,탁
dom3Mikoto_S02.mes,Script/dom3Mikoto_S02.mes,11,41,주인공,(……あれ?<6E5C>思わず出てきてしまったが、命さん<6E5C>って、あんな人だったっけ……?),"(……어라?<6E5C>얼떨결에 나와버렸는데, 미코토 씨<6E5C>가 저런 사람이었나……?)","(……어라?<6E5C>얼떨결에 나와버렸는데, 미코토 씨<6E5C>가 저런 사람이었나……?)"
dom3Mikoto_S02.mes,Script/dom3Mikoto_S02.mes,12,5,주인공,命さん!,미코토!,미코토!
dom3Mikoto_S02.mes,Script/dom3Mikoto_S02.mes,13,14,Mikoto,……ソナタ、また来たのかえ,"……그대, 또 왔느냐","……그대, 또 왔느냐"
dom3Mikoto_S02.mes,Script/dom3Mikoto_S02.mes,14,13,주인공,ええ、命さんのお見舞いに,네 미코토 병문안하러요,네 미코토 병문안하러요
dom3Mikoto_S02.mes,Script/dom3Mikoto_S02.mes,15,13,Mikoto,ほぅ、ワラワの見舞いとな,이 몸 병문안이라,이 몸 병문안이라
dom3Mikoto_S02.mes,Script/dom3Mikoto_S02.mes,16,24,주인공,そうですよ.<6E5C>……命さんの病って何なんですか?,그래요.<6E5C>미코토 씨 병이 대체 뭔가요?,그래요.<6E5C>미코토 씨 병이 대체 뭔가요?
dom3Mikoto_S02.mes,Script/dom3Mikoto_S02.mes,17,13,Mikoto,ワラワは至って健やかぞえ,지극히 건강하다,지극히 건강하다
dom3Mikoto_S02.mes,Script/dom3Mikoto_S02.mes,18,7,주인공,え?でも……,네? 근데,네? 근데
dom3Mikoto_S02.mes,Script/dom3Mikoto_S02.mes,19,32,Mikoto,……強いていうなら、この体がいう<6E5C>ことをきかぬことぐらいか……,"……굳이 말하자면, 몸이 말을<6E5C>안 듣는 것 정도랄까……","……굳이 말하자면, 몸이 말을<6E5C>안 듣는 것 정도랄까……"
dom3Mikoto_S02.mes,Script/dom3Mikoto_S02.mes,20,5,주인공,この体?,몸이?,몸이?
dom3Mikoto_S02.mes,Script/dom3Mikoto_S02.mes,21,13,Mikoto,……フッ、なんでもないわ,"흥, 아무것도 아니다","흥, 아무것도 아니다"
dom3Mikoto_S02.mes,Script/dom3Mikoto_S02.mes,22,22,Mikoto,ソナタおもしろい男よの.<6E5C>また来るがよいぞ,그대 재밌는 사내로군.<6E5C>또 오너라,그대 재밌는 사내로군.<6E5C>또 오너라
dom3Mikoto_S02.mes,Script/dom3Mikoto_S02.mes,23,19,주인공,は、はい.<6E5C>命さんが喜んでくれるなら,"네, 넵.<6E5C>미코토가 기뻐한다면","네, 넵.<6E5C>미코토가 기뻐한다면"
dom3Mikoto_S02.mes,Script/dom3Mikoto_S02.mes,24,27,Mikoto,ワラワがたっぷり時間をかけて、<6E5C>いたぶってやろうぞ!,"이 몸이 시간을 듬뿍 들여,<6E5C>괴롭혀 주겠노라!","이 몸이 시간을 듬뿍 들여,<6E5C>괴롭혀 주겠노라!"
dom3Mikoto_S02.mes,Script/dom3Mikoto_S02.mes,25,5,주인공,えっ!?,엣!?,엣!?
dom3Mikoto_S02.mes,Script/dom3Mikoto_S02.mes,26,11,Mikoto,……いや、独り言じゃ,……아니 혼잣말이다,……아니 혼잣말이다
dom3Mikoto_S02.mes,Script/dom3Mikoto_S02.mes,27,4,주인공,……?,……?,……?
dom3Mikoto_S02.mes,Script/dom3Mikoto_S02.mes,28,28,주인공,(……命さんって、ただならぬ<6E5C>オーラを発する人だなぁ),(……미코토는 범상치 않은<6E5C>기운을 뿜는 사람이네),(……미코토는 범상치 않은<6E5C>기운을 뿜는 사람이네)
dom3Mikoto_S03.mes,Script/dom3Mikoto_S03.mes,0,7,주인공,こんにち……,안녕하……,안녕하……
dom3Mikoto_S03.mes,Script/dom3Mikoto_S03.mes,1,13,주인공,(ん?話し声が閉こえる),(응? 말소리 들리네),(응? 말소리 들리네)
dom3Mikoto_S03.mes,Script/dom3Mikoto_S03.mes,2,17,UNKNOWN_1e,だからお前は馬鹿者だと言うんじゃ,그러니 네놈 바보라 하는 게야,그러니 네놈 바보라 하는 게야
dom3Mikoto_S03.mes,Script/dom3Mikoto_S03.mes,3,23,UNKNOWN_1e,んなこと言ってもよ、<6E5C>覇王丸の兄貴だって……,"그런 말을 해도,<6E5C>하오마루 형님도……","그런 말을 해도,<6E5C>하오마루 형님도……"
dom3Mikoto_S03.mes,Script/dom3Mikoto_S03.mes,4,23,주인공,(あれは、<6E5C>確かこの寺の住職さんとお坊さん),"(저건,<6E5C>분명 이 절의 주지스님과 승려)","(저건,<6E5C>분명 이 절의 주지스님과 승려)"
dom3Mikoto_S03.mes,Script/dom3Mikoto_S03.mes,5,32,UNKNOWN_3e,9覇王丸も覇王丸じゃ!<6E5C>まったく、ふたりで<6E5C>大暴れしおって……,9하오마루도 하오마루로다!<6E5C>둘이서 큰 소란을<6E5C>피우다니……,9하오마루도 하오마루로다!<6E5C>둘이서 큰 소란을<6E5C>피우다니……
dom3Mikoto_S03.mes,Script/dom3Mikoto_S03.mes,6,11,Mikoto,まあまあ、おじいさま,"자자, 할아버님","자자, 할아버님"
dom3Mikoto_S03.mes,Script/dom3Mikoto_S03.mes,7,7,주인공,(命さんだ),(미코토다),(미코토다)
dom3Mikoto_S03.mes,Script/dom3Mikoto_S03.mes,8,34,UNKNOWN_42,Aだからって、いくらなんでも人の<6E5C>頭を勝手に剃るこたないじゃねぇか,"A그렇다고, 아무리 남의<6E5C>머리를 맘대로 밀 것까진 없잖아","A그렇다고, 아무리 남의<6E5C>머리를 맘대로 밀 것까진 없잖아"
dom3Mikoto_S03.mes,Script/dom3Mikoto_S03.mes,9,43,UNKNOWN_54,9馬っ鹿もん、それぐらい当然じゃ!<6E5C>ふたりとも、何度この寺を<6E5C>破壊すればすむんじゃ!,9이런 바보 같으니!<6E5C>둘 다 몇 번이나<6E5C>이 절을 부숴야 시원하냐!,9이런 바보 같으니!<6E5C>둘 다 몇 번이나<6E5C>이 절을 부숴야 시원하냐!
dom3Mikoto_S03.mes,Script/dom3Mikoto_S03.mes,10,45,UNKNOWN_58,Aまぁまぁ.その度に建て替えできて<6E5C>面白ぇじゃねぇか.<6E5C>なんなら昔みてぇに飛騨に戻るか?,"A자자, 그때마다 새로 지으면<6E5C>되잖아.<6E5C>옛날처럼 히다로 돌아갈까?","A자자, 그때마다 새로 지으면<6E5C>되잖아.<6E5C>옛날처럼 히다로 돌아갈까?"
dom3Mikoto_S03.mes,Script/dom3Mikoto_S03.mes,11,22,UNKNOWN_2a,9どこに移ってもお前らの<6E5C>暴れ癖は治らん!,9어딜 가도 네놈들<6E5C>난동은 못 고친다!,9어딜 가도 네놈들<6E5C>난동은 못 고친다!
dom3Mikoto_S03.mes,Script/dom3Mikoto_S03.mes,12,56,Mikoto,クスッ.<6E5C>わたくしも枯華院が新しくなるのは<6E5C>楽しいです<485C>でも、できればこの町を離れたく<6E5C>ないですよ、骸羅おじ様,"후훗.<6E5C>고카인이 새로 지어지는 것도<6E5C>즐거워요<485C>하지만, 이 마을은 떠나고<6E5C>싶지 않아요, 가이라 아저씨","후훗.<6E5C>고카인이 새로 지어지는 것도<6E5C>즐거워요<485C>하지만, 이 마을은 떠나고<6E5C>싶지 않아요, 가이라 아저씨"
dom3Mikoto_S03.mes,Script/dom3Mikoto_S03.mes,13,13,주인공,(命さん、笑ってる……),(미코토가 웃네……),(미코토가 웃네……)
dom3Mikoto_S03.mes,Script/dom3Mikoto_S03.mes,14,31,Mary,Aわかった、わかった.<6E5C>この寺は倒れない程度に<6E5C>暴れるからよ,"A알았어, 알았다고.<6E5C>절 안 무너질 만큼만<6E5C>날뛸게","A알았어, 알았다고.<6E5C>절 안 무너질 만큼만<6E5C>날뛸게"
dom3Mikoto_S03.mes,Script/dom3Mikoto_S03.mes,15,18,UNKNOWN_22,9もう暴れるなと言っておるんじゃ!,9그러니 날뛰지 말라니까!,9그러니 날뛰지 말라니까!
dom3Mikoto_S03.mes,Script/dom3Mikoto_S03.mes,16,25,Mikoto,もうおふたりとも、<6E5C>落ち着いて……、コホ、コホッ,"이제 두 분 다,<6E5C>진정하세요, 콜록콜록","이제 두 분 다,<6E5C>진정하세요, 콜록콜록"
dom3Mikoto_S03.mes,Script/dom3Mikoto_S03.mes,17,20,UNKNOWN_26,9おお、いかん.命や、<6E5C>もう横におなり,"9오오! 미코토야,<6E5C>이제 눕거라","9오오! 미코토야,<6E5C>이제 눕거라"
dom3Mikoto_S03.mes,Script/dom3Mikoto_S03.mes,18,5,Mikoto,……はい,……네,……네
dom3Mikoto_S03.mes,Script/dom3Mikoto_S03.mes,19,3,[효과음/내레이션],スッ,스윽,스윽
dom3Mikoto_S03.mes,Script/dom3Mikoto_S03.mes,20,48,주인공,(う、声を掛ける機会を逃して<6E5C>しまった)<485C>(でも、面白い人たちと募らして<6E5C>るんだなぁ、命さん),"(윽, 말 걸 타이밍을<6E5C>놓쳤다)<485C>(그래도, 재밌는 사람들과<6E5C>지내는구나, 미코토)","(윽, 말 걸 타이밍을<6E5C>놓쳤다)<485C>(그래도, 재밌는 사람들과<6E5C>지내는구나, 미코토)"
dom3Mikoto_S04.mes,Script/dom3Mikoto_S04.mes,0,22,주인공,命さん!<6E5C>今日はスイカを持って来ましたよ!,미코토 씨!<6E5C>오늘은 수박을 가져왔어요!,미코토 씨!<6E5C>오늘은 수박을 가져왔어요!
dom3Mikoto_S04.mes,Script/dom3Mikoto_S04.mes,1,49,Mikoto,<이름:3131>様…….<6E5C>どうしてそんなに、わたくしに<6E5C>優しくしてくださるのです<485C>わたくしは……コホ、コホッ,"<이름:3131> 님…….<6E5C>어째서 그렇게, 저에게<6E5C>다정하게 대해주시는 건가요<485C>저는…… 콜록, 콜록","<이름:3131> 님…….<6E5C>어째서 그렇게, 저에게<6E5C>다정하게 대해주시는 건가요<485C>저는…… 콜록, 콜록"
dom3Mikoto_S04.mes,Script/dom3Mikoto_S04.mes,2,10,주인공,だ、大丈夫ですか?,"괘, 괜찮으세요?","괘, 괜찮으세요?"
dom3Mikoto_S04.mes,Script/dom3Mikoto_S04.mes,3,8,Mikoto,……すいません,……죄송해요,……죄송해요
dom3Mikoto_S04.mes,Script/dom3Mikoto_S04.mes,4,27,주인공,どうしてって、命さんに元気に<6E5C>なってほしいからですよ,"어째서긴, 미코토가 건강해<6E5C>졌으면 해서요","어째서긴, 미코토가 건강해<6E5C>졌으면 해서요"
dom3Mikoto_S04.mes,Script/dom3Mikoto_S04.mes,5,34,Mikoto,そんな…….<6E5C>そんなことをおっしゃられても<6E5C>わたくし……、困ります,그런…….<6E5C>그런 말씀을 하셔도<6E5C>저는…… 곤란해요,그런…….<6E5C>그런 말씀을 하셔도<6E5C>저는…… 곤란해요
dom3Mikoto_S04.mes,Script/dom3Mikoto_S04.mes,6,11,주인공,どうして困るんです?,왜 곤란한 건데요?,왜 곤란한 건데요?
dom3Mikoto_S04.mes,Script/dom3Mikoto_S04.mes,7,31,Mikoto,わたくしなど、生きていても人様に<6E5C>迷惑をかけるだけなのに……,"저 같은 건, 살아있어봐야 남에게<6E5C>폐만 끼칠 뿐인데……","저 같은 건, 살아있어봐야 남에게<6E5C>폐만 끼칠 뿐인데……"
dom3Mikoto_S04.mes,Script/dom3Mikoto_S04.mes,8,38,주인공,そんなことないですよ!<6E5C>命さんが元気になれば、<6E5C>みんな嬉しいに決まってます,"그렇지 않아요!<6E5C>미코토 씨가 건강해지면,<6E5C>다들 분명 기뻐할 거예요","그렇지 않아요!<6E5C>미코토 씨가 건강해지면,<6E5C>다들 분명 기뻐할 거예요"
dom3Mikoto_S04.mes,Script/dom3Mikoto_S04.mes,9,6,Mikoto,<이름:3131>様……,<이름:3131>님……,<이름:3131>님……
dom3Mikoto_S04.mes,Script/dom3Mikoto_S04.mes,10,15,Mikoto,<이름:3131>様はお優しいのですね……,<이름:3131> 님은 다정하시네요……,<이름:3131> 님은 다정하시네요……
dom3Mikoto_S04.mes,Script/dom3Mikoto_S04.mes,11,6,주인공,命さん……,미코토……,미코토……
dom3Mikoto_S04.mes,Script/dom3Mikoto_S04.mes,12,17,Mikoto,……わたくしには、優しすぎます!,……저에게는 너무 다정하세요!,……저에게는 너무 다정하세요!
dom3Mikoto_S05.mes,Script/dom3Mikoto_S05.mes,0,14,주인공,(あれ?命さん、いない?),"(어? 미코토, 없나?)","(어? 미코토, 없나?)"
dom3Mikoto_S05.mes,Script/dom3Mikoto_S05.mes,1,22,UNKNOWN_2a,9命なら、<6E5C>覇王丸に荷物を届けに行っておる,9미코토라면<6E5C>하오마루한테 짐 가져갔다,9미코토라면<6E5C>하오마루한테 짐 가져갔다
dom3Mikoto_S05.mes,Script/dom3Mikoto_S05.mes,2,20,주인공,え、病人の命さんが?<6E5C>……わかりました,"네, 환자인 미코토가요?<6E5C>알겠습니다","네, 환자인 미코토가요?<6E5C>알겠습니다"
dom3Mikoto_S05.mes,Script/dom3Mikoto_S05.mes,3,13,주인공,(とにかく行ってみるか),(일단 가 볼까),(일단 가 볼까)
dom3Mikoto_S05.mes,Script/dom3Mikoto_S05.mes,4,9,주인공,(あ、色さんだ),"(아, 시키씨)","(아, 시키씨)"
dom3Mikoto_S05.mes,Script/dom3Mikoto_S05.mes,5,3,[효과음/내레이션],スッ,스윽,스윽
dom3Mikoto_S05.mes,Script/dom3Mikoto_S05.mes,6,13,주인공,あ、命さん.探しましたよ,"아, 미코토. 찾았어요","아, 미코토. 찾았어요"
dom3Mikoto_S05.mes,Script/dom3Mikoto_S05.mes,7,6,Mikoto,……今の方,……방금,……방금
dom3Mikoto_S05.mes,Script/dom3Mikoto_S05.mes,8,13,주인공,色さんがどうかしました?,시키 씨 왜 그러세요?,시키 씨 왜 그러세요?
dom3Mikoto_S05.mes,Script/dom3Mikoto_S05.mes,9,31,Mikoto,……なんだか、不思議な感じがする<6E5C>.とても懐かしいような……,……왠지 이상한 느낌이 들어<6E5C>굉장히 그리운 것 같아……,……왠지 이상한 느낌이 들어<6E5C>굉장히 그리운 것 같아……
dom3Mikoto_S05.mes,Script/dom3Mikoto_S05.mes,10,4,주인공,えっ?,엣?,엣?
dom3Mikoto_S05.mes,Script/dom3Mikoto_S05.mes,11,3,[효과음/내레이션],サッ,휙,휙
dom3Mikoto_S05.mes,Script/dom3Mikoto_S05.mes,12,11,주인공,あ、待って、命さん!,"아, 잠깐 미코토!","아, 잠깐 미코토!"
dom3Mikoto_S05.mes,Script/dom3Mikoto_S05.mes,13,6,UNKNOWN_1e,……今の女,…그 여자,…그 여자
dom3Mikoto_S05.mes,Script/dom3Mikoto_S05.mes,14,3,주인공,え?,엣?,엣?
dom3Mikoto_S05.mes,Script/dom3Mikoto_S05.mes,15,13,주인공,(うわっ!牙神幻十郎!),(윽! 겐주로!),(윽! 겐주로!)
dom3Mikoto_S05.mes,Script/dom3Mikoto_S05.mes,16,12,UNKNOWN_77,似ているが……まさかな,닮았다만…… 설마,닮았다만…… 설마
dom3Mikoto_S05.mes,Script/dom3Mikoto_S05.mes,17,3,[효과음/내레이션],ザッ,휙,휙
dom3Mikoto_S05.mes,Script/dom3Mikoto_S05.mes,18,16,주인공,(い、いったい何なんだ……?),(대체 뭐였던 거지……?),(대체 뭐였던 거지……?)
dom3Mikoto_S06.mes,Script/dom3Mikoto_S06.mes,0,15,주인공,命さん、いらっしゃいますか?,"미코토 씨, 계세요?","미코토 씨, 계세요?"
dom3Mikoto_S06.mes,Script/dom3Mikoto_S06.mes,1,16,Mikoto,なんじゃ、ソナタまた来たのかえ,"뭐냐, 그대 또 왔느냐","뭐냐, 그대 또 왔느냐"
dom3Mikoto_S06.mes,Script/dom3Mikoto_S06.mes,2,15,주인공,またって、来たら迷惑ですか?,"또라니, 오면 폐예요?","또라니, 오면 폐예요?"
dom3Mikoto_S06.mes,Script/dom3Mikoto_S06.mes,3,27,Mikoto,何が楽しゅうて、こんな荒れ寺に…<6E5C>…おもしろい奴じゃ,뭐가 좋다고 이런 낡은 절에…<6E5C>…재밌는 녀석이군,뭐가 좋다고 이런 낡은 절에…<6E5C>…재밌는 녀석이군
dom3Mikoto_S06.mes,Script/dom3Mikoto_S06.mes,4,9,주인공,そんな言い方……,그런 말투는……,그런 말투는……
dom3Mikoto_S06.mes,Script/dom3Mikoto_S06.mes,5,26,Mikoto,ふむ…….<6E5C>もしやソナタ、<6E5C>ワラワが好きなのかえ?,"흠…….<6E5C>혹시 그대,<6E5C>이 몸을 좋아하는 게냐?","흠…….<6E5C>혹시 그대,<6E5C>이 몸을 좋아하는 게냐?"
dom3Mikoto_S06.mes,Script/dom3Mikoto_S06.mes,6,5,주인공,えっ……,엣……,엣……
dom3Mikoto_S06.mes,Script/dom3Mikoto_S06.mes,7,9,Mikoto,なんじゃ、図星か,"뭐냐, 정곡이냐","뭐냐, 정곡이냐"
dom3Mikoto_S06.mes,Script/dom3Mikoto_S06.mes,8,8,주인공,……そ、そんな,"……그, 그런","……그, 그런"
dom3Mikoto_S06.mes,Script/dom3Mikoto_S06.mes,9,47,Mikoto,……ほぉ、よく見るとソナタ、<6E5C>なかなかの男前ではないか<485C>一晩ぐらいなら<6E5C>添うてやってもよいぞ,"……호오, 보니 그대,<6E5C>제법 잘생겼구나<485C>하룻밤 정도면<6E5C>함께해도 좋으니라","……호오, 보니 그대,<6E5C>제법 잘생겼구나<485C>하룻밤 정도면<6E5C>함께해도 좋으니라"
dom3Mikoto_S06.mes,Script/dom3Mikoto_S06.mes,10,24,주인공,!?<6E5C>命さん……そんな言い方<6E5C>やめてください!,!?<6E5C>미코토 씨…… 그런 말투<6E5C>그만하세요!,!?<6E5C>미코토 씨…… 그런 말투<6E5C>그만하세요!
dom3Mikoto_S06.mes,Script/dom3Mikoto_S06.mes,11,22,Mikoto,ホホホホホ!<6E5C>からかいがいのある小僧よの!,호호호호호!<6E5C>놀릴 맛 나는 녀석이군!,호호호호호!<6E5C>놀릴 맛 나는 녀석이군!
dom3Mikoto_S06.mes,Script/dom3Mikoto_S06.mes,12,6,주인공,命さん……,미코토……,미코토……
dom3Mikoto_S06.mes,Script/dom3Mikoto_S06.mes,13,42,Mikoto,ワラワがソナタなど、本気で相手に<6E5C>するとでも思うたかっ!<485C>笑わせるわ!ホホホホホ!,이 몸이 그대 따위 상대해줄<6E5C>줄 알았느냐!<485C>웃기는구나! 호호호호호!,이 몸이 그대 따위 상대해줄<6E5C>줄 알았느냐!<485C>웃기는구나! 호호호호호!
dom3Mikoto_S06.mes,Script/dom3Mikoto_S06.mes,14,12,주인공,(……これが、病か!),(……이게 병인가!),(……이게 병인가!)
dom3Mikoto_S07.mes,Script/dom3Mikoto_S07.mes,0,11,UNKNOWN_1e,へぇー、なるほどな!,"허, 그렇구먼!","허, 그렇구먼!"
dom3Mikoto_S07.mes,Script/dom3Mikoto_S07.mes,1,11,주인공,(ん?誰かいる……),(누가 있나……),(누가 있나……)
dom3Mikoto_S07.mes,Script/dom3Mikoto_S07.mes,2,29,UNKNOWN_74,ここに深窓の令嬢がいるって<6E5C>閉いて来たんだが、噂以上だぜ,"여기 규수가 있단 소릴<6E5C>듣고 왔는데, 소문 이상인데","여기 규수가 있단 소릴<6E5C>듣고 왔는데, 소문 이상인데"
dom3Mikoto_S07.mes,Script/dom3Mikoto_S07.mes,3,7,Mikoto,あ、あの……,저기……,저기……
dom3Mikoto_S07.mes,Script/dom3Mikoto_S07.mes,4,23,UNKNOWN_74,なあ、名前教えてくれよ.<6E5C>あと、被氏の有無も,"이봐, 이름 알려줘.<6E5C>애인 있는지도","이봐, 이름 알려줘.<6E5C>애인 있는지도"
dom3Mikoto_S07.mes,Script/dom3Mikoto_S07.mes,5,7,주인공,おい、狂エ門,"야, 쿄에몬","야, 쿄에몬"
dom3Mikoto_S07.mes,Script/dom3Mikoto_S07.mes,6,5,Mikoto,<이름:3131>様っ,<이름:3131>님!,<이름:3131>님!
dom3Mikoto_S07.mes,Script/dom3Mikoto_S07.mes,7,13,UNKNOWN_74,なんだぁ、またテメェかよ,"뭐야, 또 네놈이냐","뭐야, 또 네놈이냐"
dom3Mikoto_S07.mes,Script/dom3Mikoto_S07.mes,8,4,[효과음/내레이션],タタッ,타다닥,타다닥
dom3Mikoto_S07.mes,Script/dom3Mikoto_S07.mes,9,3,Mikoto,……,……,……
dom3Mikoto_S07.mes,Script/dom3Mikoto_S07.mes,10,4,[효과음/내레이션],ギュッ,꽉,꽉
dom3Mikoto_S07.mes,Script/dom3Mikoto_S07.mes,11,14,주인공,(命さんが、俺の袖を……),(미코토가 소매를……),(미코토가 소매를……)
dom3Mikoto_S07.mes,Script/dom3Mikoto_S07.mes,12,17,주인공,……狂エ門、この人を怖がらせるな,"……쿄에몬, 이분을 겁주지 마","……쿄에몬, 이분을 겁주지 마"
dom3Mikoto_S07.mes,Script/dom3Mikoto_S07.mes,13,13,UNKNOWN_74,オレ様は何もしてねぇよ!,아무것도 안 했다고!,아무것도 안 했다고!
dom3Mikoto_S07.mes,Script/dom3Mikoto_S07.mes,14,16,주인공,こんなにふるえているじゃないか,이렇게 떨고 있잖아,이렇게 떨고 있잖아
dom3Mikoto_S07.mes,Script/dom3Mikoto_S07.mes,15,23,UNKNOWN_74,……ケッ、そういう訳かよ.<6E5C>勝手にやってろ!,"……쳇, 그런 거였냐.<6E5C>맘대로 해라!","……쳇, 그런 거였냐.<6E5C>맘대로 해라!"
dom3Mikoto_S07.mes,Script/dom3Mikoto_S07.mes,16,3,[효과음/내레이션],ダッ,탁,탁
dom3Mikoto_S07.mes,Script/dom3Mikoto_S07.mes,17,16,주인공,……ふぅ.やっといなくなったな,……휴. 드디어 없어졌네,……휴. 드디어 없어졌네
dom3Mikoto_S07.mes,Script/dom3Mikoto_S07.mes,18,15,Mikoto,……あ、すいません、<이름:3131>様!,"……아, 죄송해요<이름:3131>님!","……아, 죄송해요<이름:3131>님!"
dom3Mikoto_S07.mes,Script/dom3Mikoto_S07.mes,19,3,[효과음/내레이션],バッ,휙,휙
dom3Mikoto_S07.mes,Script/dom3Mikoto_S07.mes,20,38,주인공,いいですよ.いくら握っていても.<6E5C>俺の袖でいいならいくらでも<6E5C>お貸しします,괜찮아요. 얼마든 잡으세요.<6E5C>제 소매로 괜찮으면 얼마든지<6E5C>빌려드려요,괜찮아요. 얼마든 잡으세요.<6E5C>제 소매로 괜찮으면 얼마든지<6E5C>빌려드려요
dom3Mikoto_S07.mes,Script/dom3Mikoto_S07.mes,21,20,Mikoto,……ありがとうございます.<6E5C><이름:3131>様……,……감사합니다.<6E5C><이름:3131> 님……,……감사합니다.<6E5C><이름:3131> 님……
dom3Mikoto_S07.mes,Script/dom3Mikoto_S07.mes,22,38,주인공,(命さん……いつもこんな<6E5C>心細い思いを…….<6E5C>俺が守ってあげないとな……),(미코토…… 늘 이렇게<6E5C>불안했겠구나…….<6E5C>내가 지켜줘야지……),(미코토…… 늘 이렇게<6E5C>불안했겠구나…….<6E5C>내가 지켜줘야지……)
dom3Mikoto_S08.mes,Script/dom3Mikoto_S08.mes,0,15,주인공,み、命さん?どうしてここに?,"미, 미코토? 왜 여기?","미, 미코토? 왜 여기?"
dom3Mikoto_S08.mes,Script/dom3Mikoto_S08.mes,1,33,Mikoto,<이름:3131>様.<6E5C>覇王丸おじ様から、右京様を<6E5C>伺うように言われたので……,"<이름:3131>님.<6E5C>하오마루 아저씨가, 우쿄 님을<6E5C>찾아뵈라 하셔서……","<이름:3131>님.<6E5C>하오마루 아저씨가, 우쿄 님을<6E5C>찾아뵈라 하셔서……"
dom3Mikoto_S08.mes,Script/dom3Mikoto_S08.mes,2,7,주인공,右京さんに?,우쿄한테요?,우쿄한테요?
dom3Mikoto_S08.mes,Script/dom3Mikoto_S08.mes,3,8,Ukyo,……ゴホゴホッ,……콜록콜록,……콜록콜록
dom3Mikoto_S08.mes,Script/dom3Mikoto_S08.mes,4,11,Mikoto,ああ、大丈夫ですか?,"아, 괜찮으세요?","아, 괜찮으세요?"
dom3Mikoto_S08.mes,Script/dom3Mikoto_S08.mes,5,9,Ukyo,かたじけない……,고맙소……,고맙소……
dom3Mikoto_S08.mes,Script/dom3Mikoto_S08.mes,6,48,주인공,(……なるほど.病と闘う右京さん<6E5C>の姿を見せて、命さんにも頑張って<6E5C>もらおうという考えだな!),"(……그렇군. 병과 싸우는 우쿄 모습을<6E5C>보여줘서, 미코토도 힘내게<6E5C>하려는 거구나!)","(……그렇군. 병과 싸우는 우쿄 모습을<6E5C>보여줘서, 미코토도 힘내게<6E5C>하려는 거구나!)"
dom3Mikoto_S08.mes,Script/dom3Mikoto_S08.mes,7,13,주인공,(覇王丸さんもやるなぁ),(하오마루도 제법인데),(하오마루도 제법인데)
dom3Mikoto_S08.mes,Script/dom3Mikoto_S08.mes,8,15,Ukyo,……今日は三つで……良いかな,……오늘은 셋이면……되겠소,……오늘은 셋이면……되겠소
dom3Mikoto_S08.mes,Script/dom3Mikoto_S08.mes,9,21,Mikoto,はい…….<6E5C>無理を言って申し訳ありません,네…….<6E5C>무리한 부탁을 드려 죄송해요,네…….<6E5C>무리한 부탁을 드려 죄송해요
dom3Mikoto_S08.mes,Script/dom3Mikoto_S08.mes,10,11,Ukyo,……いや……かまわぬ,"……아니, 상관없소","……아니, 상관없소"
dom3Mikoto_S08.mes,Script/dom3Mikoto_S08.mes,11,15,주인공,って……ええ、それですか!?,"그게…… 네, 그거예요!?","그게…… 네, 그거예요!?"
dom3Mikoto_S08.mes,Script/dom3Mikoto_S08.mes,12,39,Mikoto,はい…….<6E5C>覇王丸おじ様が、右京様がお持ちの<6E5C>果物をたいそう気に入られて……,네…….<6E5C>하오마루 아저씨가 우쿄 님<6E5C>과일을 무척 좋아하셔서……,네…….<6E5C>하오마루 아저씨가 우쿄 님<6E5C>과일을 무척 좋아하셔서……
dom3Mikoto_S08.mes,Script/dom3Mikoto_S08.mes,13,13,Ukyo,……リンゴは……良い……,……사과는…… 좋소……,……사과는…… 좋소……
dom3Mikoto_S08.mes,Script/dom3Mikoto_S08.mes,14,20,주인공,(……ただのお使いかよ、<6E5C>覇王丸さん),"(……그냥 심부름이었냐, 하오마루)","(……그냥 심부름이었냐, 하오마루)"
dom3Mikoto_S09.mes,Script/dom3Mikoto_S09.mes,0,5,주인공,命さーん,미코토!,미코토!
dom3Mikoto_S09.mes,Script/dom3Mikoto_S09.mes,1,9,Mikoto,また、ソナタかえ,"또, 그대냐","또, 그대냐"
dom3Mikoto_S09.mes,Script/dom3Mikoto_S09.mes,2,30,주인공,……その感じは.<6E5C>お前、命さんに取り憑いている<6E5C>悪魔だな?,"……그 느낌은.<6E5C>너, 미코토 씨한테 씌인<6E5C>악마로군?","……그 느낌은.<6E5C>너, 미코토 씨한테 씌인<6E5C>악마로군?"
dom3Mikoto_S09.mes,Script/dom3Mikoto_S09.mes,3,25,Mikoto,ホホホ、気づいたかえ.<6E5C>いかにも、そのとおりじゃ,"호호호, 눈치챘느냐.<6E5C>그래, 바로 그렇다","호호호, 눈치챘느냐.<6E5C>그래, 바로 그렇다"
dom3Mikoto_S09.mes,Script/dom3Mikoto_S09.mes,4,17,주인공,この……命さんの体から出て行け!,이…… 미코토 몸에서 나가!,이…… 미코토 몸에서 나가!
dom3Mikoto_S09.mes,Script/dom3Mikoto_S09.mes,5,35,Mikoto,ホホホホホッ.<6E5C>何を勘違いしておる.<6E5C>ワラワとこの娘とは一心同体じゃ,호호호호홋.<6E5C>착각하고 있구나.<6E5C>이 몸과 이 아이는 일심동체다,호호호호홋.<6E5C>착각하고 있구나.<6E5C>이 몸과 이 아이는 일심동체다
dom3Mikoto_S09.mes,Script/dom3Mikoto_S09.mes,6,9,주인공,どういうことだ?,무슨 소리야?,무슨 소리야?
dom3Mikoto_S09.mes,Script/dom3Mikoto_S09.mes,7,33,Mikoto,この体は、ワラワが使って長い.<6E5C>ワラワが出て行けばこの娘は死ぬぞ,몸은 이 몸이 오래 썼다<6E5C>이 몸이 나가면 이 아이는 죽는다,몸은 이 몸이 오래 썼다<6E5C>이 몸이 나가면 이 아이는 죽는다
dom3Mikoto_S09.mes,Script/dom3Mikoto_S09.mes,8,7,주인공,なんだって?,뭐라고?,뭐라고?
dom3Mikoto_S09.mes,Script/dom3Mikoto_S09.mes,9,20,Mikoto,ソナタ、この娘が死んでも<6E5C>良いのかえ?,"그대, 이 아이가 죽어도<6E5C>괜찮으냐?","그대, 이 아이가 죽어도<6E5C>괜찮으냐?"
dom3Mikoto_S09.mes,Script/dom3Mikoto_S09.mes,10,6,주인공,そんな……,그런……,그런……
dom3Mikoto_S09.mes,Script/dom3Mikoto_S09.mes,11,22,Mikoto,ソナタにはワラワを追い出すなど、<6E5C>無理じゃ,"그대에겐 이 몸을 쫓아내는 건,<6E5C>무리다","그대에겐 이 몸을 쫓아내는 건,<6E5C>무리다"
dom3Mikoto_S09.mes,Script/dom3Mikoto_S09.mes,12,6,Mikoto,永遠にな!,영원히!,영원히!
dom3Mikoto_S09.mes,Script/dom3Mikoto_S09.mes,13,11,주인공,(なっ……本当か?),"(뭣, 정말이야?)","(뭣, 정말이야?)"
dom3Mikoto_S09.mes,Script/dom3Mikoto_S09.mes,14,54,주인공,(だとしたら、命さんは一生悪魔を<6E5C>宿らせたまま生き続けないといけな<6E5C>いのか!?<485C>どうすればいいんだ……?),"(그럼, 미코토는 평생 악마를<6E5C>품은 채 계속 살아야<6E5C>한다는 건가!?<485C>어떻게 해야 하지……?)","(그럼, 미코토는 평생 악마를<6E5C>품은 채 계속 살아야<6E5C>한다는 건가!?<485C>어떻게 해야 하지……?)"
dom3Mikoto_S09.mes,Script/dom3Mikoto_S09.mes,15,17,주인공,(今日の命さんはどっちだ……?),(오늘은 어느 쪽이지……?),(오늘은 어느 쪽이지……?)
dom3Mikoto_S09.mes,Script/dom3Mikoto_S09.mes,16,22,Mikoto,ソナタ、また無駄な足掻きをしに<6E5C>来たのかえ,"그대, 또 헛된 발버둥을 치러<6E5C>왔느냐","그대, 또 헛된 발버둥을 치러<6E5C>왔느냐"
dom3Mikoto_S09.mes,Script/dom3Mikoto_S09.mes,17,11,주인공,……くっ、またお前か,"……큭, 또 너냐","……큭, 또 너냐"
dom3Mikoto_S09.mes,Script/dom3Mikoto_S09.mes,18,10,Mikoto,何度来ても無駄じゃ,와봐야 소용없다,와봐야 소용없다
dom3Mikoto_S09.mes,Script/dom3Mikoto_S09.mes,19,17,주인공,何と言われても、俺は命さんを救う,뭐래도 난 미코토를 구할 거야,뭐래도 난 미코토를 구할 거야
dom3Mikoto_S09.mes,Script/dom3Mikoto_S09.mes,20,37,Mikoto,あきらめの悪い男よのぅ.<6E5C>……だが、骨のある男はワラワも<6E5C>嫌いではないぞ,포기 모르는 사내로군.<6E5C>허나 기개 있는 사내는<6E5C>이 몸도 싫지 않다,포기 모르는 사내로군.<6E5C>허나 기개 있는 사내는<6E5C>이 몸도 싫지 않다
dom3Mikoto_S09.mes,Script/dom3Mikoto_S09.mes,21,26,Mikoto,……ソナタ、ワラワといっしょに<6E5C>なる気はないかえ?,"……그대, 이 몸과 함께<6E5C>할 마음은 없느냐?","……그대, 이 몸과 함께<6E5C>할 마음은 없느냐?"
dom3Mikoto_S09.mes,Script/dom3Mikoto_S09.mes,22,7,주인공,な、何を!?,뭔 소리!?,뭔 소리!?
dom3Mikoto_S09.mes,Script/dom3Mikoto_S09.mes,23,47,Mikoto,ワラワは、ソナタを気に入ったの<6E5C>じゃ.そうすればソナタもワラワの<6E5C>体を手に入れることができる,이 몸은 그대가 마음에 들었다<6E5C>그리하면 그대도 이 몸의<6E5C>몸을 가질 수 있느니라,이 몸은 그대가 마음에 들었다<6E5C>그리하면 그대도 이 몸의<6E5C>몸을 가질 수 있느니라
dom3Mikoto_S09.mes,Script/dom3Mikoto_S09.mes,24,10,Mikoto,良い考えであろう?,좋은 생각이지?,좋은 생각이지?
dom3Mikoto_S09.mes,Script/dom3Mikoto_S09.mes,25,12,주인공,……お前と命さんは違う,너와 미코토는 달라,너와 미코토는 달라
dom3Mikoto_S09.mes,Script/dom3Mikoto_S09.mes,26,28,Mikoto,ほう、ソナタも愛だのというくだら<6E5C>ぬ物を信じる愚か者か,"호오, 그대도 사랑 따위를<6E5C>믿는 어리석은 자였느냐","호오, 그대도 사랑 따위를<6E5C>믿는 어리석은 자였느냐"
dom3Mikoto_S09.mes,Script/dom3Mikoto_S09.mes,27,13,Mikoto,ならば……死ぬがよいわ!,그렇다면…… 죽어라!,그렇다면…… 죽어라!
dom3Mikoto_S09.mes,Script/dom3Mikoto_S09.mes,28,5,[효과음/내레이션],ゴウッ!,화르륵!,화르륵!
dom3Mikoto_S09.mes,Script/dom3Mikoto_S09.mes,29,6,주인공,うわぁぁ!,으아아!,으아아!
dom3Mikoto_S09.mes,Script/dom3Mikoto_S09.mes,30,30,주인공,(……くっ、こんな悪魔に、<6E5C>どう打ち勝ったらいいんだ……),"(……큭, 이 악마를,<6E5C>어떻게 이겨야 하지……)","(……큭, 이 악마를,<6E5C>어떻게 이겨야 하지……)"
dom3Mikoto_S09.mes,Script/dom3Mikoto_S09.mes,31,18,UNKNOWN_1e,……申し訳ありません、<6E5C><이름:3131>様……,"……죄송합니다,<6E5C><이름:3131> 님……","……죄송합니다,<6E5C><이름:3131> 님……"
dom3Mikoto_S09.mes,Script/dom3Mikoto_S09.mes,32,9,주인공,え……命さん!?,어… 미코토!?,어… 미코토!?
dom3Mikoto_S09.mes,Script/dom3Mikoto_S09.mes,33,38,Mikoto,わたくしのそばにいては、<6E5C><이름:3131>様の命が…….<6E5C>もう、もうわたくしなど……!,"제 곁에 있으면<6E5C><이름:3131>님 목숨이…….<6E5C>이제, 저 같은 건……!","제 곁에 있으면<6E5C><이름:3131>님 목숨이…….<6E5C>이제, 저 같은 건……!"
dom3Mikoto_S09.mes,Script/dom3Mikoto_S09.mes,34,6,주인공,命さん……,미코토……,미코토……
dom3Mikoto_S09.mes,Script/dom3Mikoto_S09.mes,35,51,주인공,(……命さんは、こんな悪魔に苦し<6E5C>められながらずっと戦ってきたんだ.<6E5C>俺も、根性を出さないと……!),"(……미코토는, 이런 악마에게 시달<6E5C>리면서 계속 싸워온 거다.<6E5C>나도 근성 내야 해……!)","(……미코토는, 이런 악마에게 시달<6E5C>리면서 계속 싸워온 거다.<6E5C>나도 근성 내야 해……!)"
dom3Mikoto_X01.mes,Script/dom3Mikoto_X01.mes,0,5,주인공,……はぁ,……하아,……하아
dom3Mikoto_X01.mes,Script/dom3Mikoto_X01.mes,1,26,Iroha,どうなさったんですか、旦那様?<6E5C>ため息なんてついて,"무슨 일이세요, 주인님?<6E5C>한숨을 다 쉬시고","무슨 일이세요, 주인님?<6E5C>한숨을 다 쉬시고"
dom3Mikoto_X01.mes,Script/dom3Mikoto_X01.mes,2,33,주인공,病でふせっている女性を喜ばすには<6E5C>どうしたらいいかな、と思ってさ,병으로 앓아누운 여성을 기쁘게<6E5C>해주려면 어떨까 싶어서,병으로 앓아누운 여성을 기쁘게<6E5C>해주려면 어떨까 싶어서
dom3Mikoto_X01.mes,Script/dom3Mikoto_X01.mes,3,26,Iroha,……それって、枯華院におられる<6E5C>女性のことですか?,"……그거, 고카인에 계신<6E5C>그 여성분 얘긴가요?","……그거, 고카인에 계신<6E5C>그 여성분 얘긴가요?"
dom3Mikoto_X01.mes,Script/dom3Mikoto_X01.mes,4,8,주인공,え?そうだけど,"응, 맞아","응, 맞아"
dom3Mikoto_X01.mes,Script/dom3Mikoto_X01.mes,5,17,Iroha,そんなこと、いろはは知りません!,그런 건 이로하는 몰라요!,그런 건 이로하는 몰라요!
dom3Mikoto_X01.mes,Script/dom3Mikoto_X01.mes,6,4,[효과음/내레이션],プイッ,홱,홱
dom3Mikoto_X01.mes,Script/dom3Mikoto_X01.mes,7,15,주인공,何を怒っているんだ?いろはは,왜 화가 났지? 이로하는,왜 화가 났지? 이로하는
dom3Mikoto_X01.mes,Script/dom3Mikoto_X01.mes,8,6,주인공,命さーん!,미코토씨!,미코토씨!
dom3Mikoto_X01.mes,Script/dom3Mikoto_X01.mes,9,6,Mikoto,<이름:3131>様……,<이름:3131>님……,<이름:3131>님……
dom3Mikoto_X01.mes,Script/dom3Mikoto_X01.mes,10,20,주인공,今日は天気もいいし、<6E5C>出かけませんか?,오늘은 날씨도 좋으니<6E5C>나갈까요?,오늘은 날씨도 좋으니<6E5C>나갈까요?
dom3Mikoto_X01.mes,Script/dom3Mikoto_X01.mes,11,14,Mikoto,<이름:3131>様、わたくしはまだ……,"<이름:3131> 님, 저는 아직……","<이름:3131> 님, 저는 아직……"
dom3Mikoto_X01.mes,Script/dom3Mikoto_X01.mes,12,47,주인공,悪魔のことを気にしているのですか<6E5C>?こんなお天気の日はきっと悪魔も<6E5C>休みですよ.行きましょう,악마가 신경 쓰이나요<6E5C>? 이런 날씨엔 악마도<6E5C>쉬고 있을 거예요. 가요,악마가 신경 쓰이나요<6E5C>? 이런 날씨엔 악마도<6E5C>쉬고 있을 거예요. 가요
dom3Mikoto_X01.mes,Script/dom3Mikoto_X01.mes,13,30,Mikoto,……くすっ.<이름:3131>様がおっしゃる<6E5C>なら、そうかもしれませんね,"……후훗. <이름:3131> 님이<6E5C>그러시다면, 그럴지도 모르겠네요","……후훗. <이름:3131> 님이<6E5C>그러시다면, 그럴지도 모르겠네요"
dom3Mikoto_X01.mes,Script/dom3Mikoto_X01.mes,14,25,주인공,ほらほら、早く太陽の光で悪魔を<6E5C>追い出しましょう,"자자, 어서 햇살로 악마를<6E5C>쫓아냅시다","자자, 어서 햇살로 악마를<6E5C>쫓아냅시다"
dom3Mikoto_X01.mes,Script/dom3Mikoto_X01.mes,15,9,Mikoto,……わかりました,……알겠어요,……알겠어요
dom3Mikoto_X01.mes,Script/dom3Mikoto_X01.mes,16,7,[효과음/내레이션],ガヤガヤ……,왁자지껄……,왁자지껄……
dom3Mikoto_X01.mes,Script/dom3Mikoto_X01.mes,17,12,Mikoto,ずいぶんと賑やかですね,정말 시끌벅적하네요,정말 시끌벅적하네요
dom3Mikoto_X01.mes,Script/dom3Mikoto_X01.mes,18,40,주인공,神社に市が立ってるみたいですね.<6E5C>せっかくですからお参りして<6E5C>行きましょうか?,신사에 장이 선 모양이네요.<6E5C>모처럼이니 참배하고<6E5C>갈까요?,신사에 장이 선 모양이네요.<6E5C>모처럼이니 참배하고<6E5C>갈까요?
dom3Mikoto_X01.mes,Script/dom3Mikoto_X01.mes,19,3,Mikoto,はい,네,네
dom3Mikoto_X01.mes,Script/dom3Mikoto_X01.mes,20,4,[효과음/내레이션],パンッ,짝,짝
dom3Mikoto_X01.mes,Script/dom3Mikoto_X01.mes,21,4,[효과음/내레이션],パンッ,짝,짝
dom3Mikoto_X01.mes,Script/dom3Mikoto_X01.mes,22,28,주인공,――命さんは、やはり病気回復を<6E5C>お願いされたのですか?,"――미코토씨는, 역시 병이<6E5C>낫기를 빌었던 거죠?","――미코토씨는, 역시 병이<6E5C>낫기를 빌었던 거죠?"
dom3Mikoto_X01.mes,Script/dom3Mikoto_X01.mes,23,9,Mikoto,はい.それと……,네. 그리고……,네. 그리고……
dom3Mikoto_X01.mes,Script/dom3Mikoto_X01.mes,24,7,주인공,……それと?,……그리고?,……그리고?
dom3Mikoto_X01.mes,Script/dom3Mikoto_X01.mes,25,23,Mikoto,い、いえなんでもありません.<6E5C><이름:3131>様は何を?,"아뇨, 아무것도 아니에요.<6E5C><이름:3131>님은요?","아뇨, 아무것도 아니에요.<6E5C><이름:3131>님은요?"
dom3Mikoto_X01.mes,Script/dom3Mikoto_X01.mes,26,15,주인공,そりゃあ、命さんの健康を……,"그야, 미코토씨 건강을……","그야, 미코토씨 건강을……"
dom3Mikoto_X01.mes,Script/dom3Mikoto_X01.mes,27,3,Mikoto,……,……,……
dom3Mikoto_X01.mes,Script/dom3Mikoto_X01.mes,28,35,주인공,……あ、暑いですね、<6E5C>何か食べましょうか、<6E5C>ところてんとかどうかな?,"……아, 덥네요, 뭐 좀<6E5C>먹을까요, 도코로텐 어때요?","……아, 덥네요, 뭐 좀<6E5C>먹을까요, 도코로텐 어때요?"
dom3Mikoto_X01.mes,Script/dom3Mikoto_X01.mes,29,11,Mikoto,いえ、わたくしは……,"아뇨, 저는……","아뇨, 저는……"
dom3Mikoto_X01.mes,Script/dom3Mikoto_X01.mes,30,39,주인공,ところてんはお嫌いですか?<6E5C>なら、おだんご?お善哉?<6E5C>いや、丼ものがいいかな,"도코로텐은 싫으세요?<6E5C>그럼 경단? 단팥죽?<6E5C>아니, 덮밥이 좋겠네요","도코로텐은 싫으세요?<6E5C>그럼 경단? 단팥죽?<6E5C>아니, 덮밥이 좋겠네요"
dom3Mikoto_X01.mes,Script/dom3Mikoto_X01.mes,31,17,Mikoto,そ、そんなたくさんは無理ですよ!,"그, 그렇게 많이는 무리예요!","그, 그렇게 많이는 무리예요!"
dom3Mikoto_X01.mes,Script/dom3Mikoto_X01.mes,32,68,주인공,駄目ですよ.<6E5C>悪魔をやっつけるには、まず丈夫な<6E5C>体をつくらないと<485C>俺、おごりますからいっしょに<6E5C>食べましょう.<6E5C>ほら、むささび屋ですよ,"안 돼요.<6E5C>악마를 물리치려면 먼저<6E5C>튼튼한 몸을 만들어야죠<485C>제가 살 테니 같이<6E5C>먹어요.<6E5C>자, 무사사비야예요","안 돼요.<6E5C>악마를 물리치려면 먼저<6E5C>튼튼한 몸을 만들어야죠<485C>제가 살 테니 같이<6E5C>먹어요.<6E5C>자, 무사사비야예요"
dom3Mikoto_X01.mes,Script/dom3Mikoto_X01.mes,33,13,Mikoto,……ありがとうございます,……감사합니다,……감사합니다
dom3Mikoto_X01.mes,Script/dom3Mikoto_X01.mes,34,11,주인공,命さん、疲れました?,미코토씨 피곤해요?,미코토씨 피곤해요?
dom3Mikoto_X01.mes,Script/dom3Mikoto_X01.mes,35,26,Mikoto,いいえ、大丈夫です.<6E5C>今日はずっと気分がいいのです,"아뇨, 괜찮아요.<6E5C>오늘은 계속 기분이 좋아요","아뇨, 괜찮아요.<6E5C>오늘은 계속 기분이 좋아요"
dom3Mikoto_X01.mes,Script/dom3Mikoto_X01.mes,36,29,주인공,それはよかった.<6E5C>きっと体も回復に<6E5C>向かっているんですよ,다행이네요.<6E5C>분명 몸도 회복되고<6E5C>있는 걸 거예요,다행이네요.<6E5C>분명 몸도 회복되고<6E5C>있는 걸 거예요
dom3Mikoto_X01.mes,Script/dom3Mikoto_X01.mes,37,13,Mikoto,……<이름:3131>様のおかげですわ,……<이름:3131> 님 덕분이에요,……<이름:3131> 님 덕분이에요
dom3Mikoto_X01.mes,Script/dom3Mikoto_X01.mes,38,6,주인공,え、俺の?,제가?,제가?
dom3Mikoto_X01.mes,Script/dom3Mikoto_X01.mes,39,57,Mikoto,はい.<이름:3131>様と出会ってからです、<6E5C>こんな健やかな気持ちになれたのは<6E5C><485C>わたくし、なんとお礼をすれば<6E5C>いいのか……,"네. <이름:3131> 님과 만난 후로,<6E5C>이렇게 건강한 기분이 든 건<6E5C><485C>저, 뭐라고 감사드려야<6E5C>할지……","네. <이름:3131> 님과 만난 후로,<6E5C>이렇게 건강한 기분이 든 건<6E5C><485C>저, 뭐라고 감사드려야<6E5C>할지……"
dom3Mikoto_X01.mes,Script/dom3Mikoto_X01.mes,40,51,주인공,そんなことは考えなくていいん<6E5C>ですよ<485C>次はどこに行きましょう?<6E5C>命さん、行きたい所はありませんか<6E5C>?,그런 건 신경 쓰지 않아도<6E5C>돼요<485C>다음엔 어디로 갈까요?<6E5C>가고 싶은 곳은 없나요<6E5C>?,그런 건 신경 쓰지 않아도<6E5C>돼요<485C>다음엔 어디로 갈까요?<6E5C>가고 싶은 곳은 없나요<6E5C>?
dom3Mikoto_X01.mes,Script/dom3Mikoto_X01.mes,41,11,Mikoto,え、わたくしですか?,"네, 저 말인가요?","네, 저 말인가요?"
dom3Mikoto_X01.mes,Script/dom3Mikoto_X01.mes,42,13,주인공,はい.どこでもいいですよ,네. 어디든 좋아요,네. 어디든 좋아요
dom3Mikoto_X01.mes,Script/dom3Mikoto_X01.mes,43,14,Mikoto,……言っても笑いませんか?,……웃지 않으실 건가요?,……웃지 않으실 건가요?
dom3Mikoto_X01.mes,Script/dom3Mikoto_X01.mes,44,10,주인공,笑うだなんてそんな,웃다뇨 그럴 리가,웃다뇨 그럴 리가
dom3Mikoto_X01.mes,Script/dom3Mikoto_X01.mes,45,47,Mikoto,……わたくし、以前から紅が欲し<6E5C>かったのですが、今までそう言った<6E5C>物を買ったことがなくて……,"……저, 예전부터 연지가 갖고<6E5C>싶었는데, 지금까지 그런<6E5C>물건을 사본 적이 없어서……","……저, 예전부터 연지가 갖고<6E5C>싶었는데, 지금까지 그런<6E5C>물건을 사본 적이 없어서……"
dom3Mikoto_X01.mes,Script/dom3Mikoto_X01.mes,46,18,Mikoto,<이름:3131>様に見立てて<6E5C>もらいたいのです,<이름:3131> 님이 골라<6E5C>주셨으면 해요,<이름:3131> 님이 골라<6E5C>주셨으면 해요
dom3Mikoto_X01.mes,Script/dom3Mikoto_X01.mes,47,8,주인공,ベニ、ですか?,연지인가요?,연지인가요?
dom3Mikoto_X01.mes,Script/dom3Mikoto_X01.mes,48,14,Mikoto,はい.……駄目でしょうか?,네. ……안 될까요?,네. ……안 될까요?
dom3Mikoto_X01.mes,Script/dom3Mikoto_X01.mes,49,31,주인공,いや、駄目なことはないんですが、<6E5C>俺にわかるのかと思って……,"아뇨, 안 될 건 없지만,<6E5C>제가 알아볼지 몰라서……","아뇨, 안 될 건 없지만,<6E5C>제가 알아볼지 몰라서……"
dom3Mikoto_X01.mes,Script/dom3Mikoto_X01.mes,50,47,Mikoto,わたくしは<이름:3131>様に選んで<6E5C>いただきたいのです<485C><이름:3131>様がお選びのものなら、<6E5C>どんなものでも……,"저는 <이름:3131>님이 골라<6E5C>주셨으면 하는 거예요<485C><이름:3131>님이 고르신 거라면,<6E5C>어떤 것이라도……","저는 <이름:3131>님이 골라<6E5C>주셨으면 하는 거예요<485C><이름:3131>님이 고르신 거라면,<6E5C>어떤 것이라도……"
dom3Mikoto_X01.mes,Script/dom3Mikoto_X01.mes,51,27,주인공,わかりました.<6E5C>命さんがそう言うのなら<6E5C>行きましょう,알겠어요.<6E5C>미코토 씨가 그렇게 말한다면<6E5C>가죠,알겠어요.<6E5C>미코토 씨가 그렇게 말한다면<6E5C>가죠
dom3Mikoto_X01.mes,Script/dom3Mikoto_X01.mes,52,11,Mikoto,ありがとうございます,감사합니다,감사합니다
dom3Mikoto_X01.mes,Script/dom3Mikoto_X01.mes,53,15,Mikoto,今日はありがとうございました,오늘은 감사했어요,오늘은 감사했어요
dom3Mikoto_X01.mes,Script/dom3Mikoto_X01.mes,54,5,주인공,いえいえ,아니에요,아니에요
dom3Mikoto_X01.mes,Script/dom3Mikoto_X01.mes,55,12,Mikoto,本当に楽しかったですわ,정말 즐거웠어요,정말 즐거웠어요
dom3Mikoto_X01.mes,Script/dom3Mikoto_X01.mes,56,26,Mikoto,……わたくし、<6E5C><이름:3131>様に出会えて、<6E5C>本当によかった,"……저, <6E5C><이름:3131> 님을 만나서,<6E5C>정말 다행이에요","……저, <6E5C><이름:3131> 님을 만나서,<6E5C>정말 다행이에요"
dom3Mikoto_X01.mes,Script/dom3Mikoto_X01.mes,57,62,주인공,おおげさだなぁ.<6E5C>俺も楽しかったですよ<485C>悪魔も出てこなかったし、<6E5C>きっと俺たちの仲の良さに<6E5C>呆れて消えてしまったのでしょう,"과장이시네요.<6E5C>저도 즐거웠어요<485C>악마도 안 나왔고,<6E5C>분명 우리 사이가 너무 좋아서<6E5C>질려서 사라진 거겠죠","과장이시네요.<6E5C>저도 즐거웠어요<485C>악마도 안 나왔고,<6E5C>분명 우리 사이가 너무 좋아서<6E5C>질려서 사라진 거겠죠"
dom3Mikoto_X01.mes,Script/dom3Mikoto_X01.mes,58,10,Mikoto,ふふ、<이름:3131>様ったら,후후 <이름:3131>님도 참,후후 <이름:3131>님도 참
dom3Mikoto_X01.mes,Script/dom3Mikoto_X01.mes,59,24,주인공,疲れたでしょうから、<6E5C>ゆっくり休んでくださいね,"피곤하실 테니,<6E5C>푹 쉬세요","피곤하실 테니,<6E5C>푹 쉬세요"
dom3Mikoto_X01.mes,Script/dom3Mikoto_X01.mes,60,14,Mikoto,はい.<이름:3131>様もお気をつけて,네. <이름:3131>님도 조심하세요,네. <이름:3131>님도 조심하세요
dom3Mikoto_X01.mes,Script/dom3Mikoto_X01.mes,61,3,주인공,では,그럼,그럼
dom3Mikoto_X01.mes,Script/dom3Mikoto_X01.mes,62,26,주인공,(命さん、喜んでくれてよかった.<6E5C>さ、俺も帰ろう),(미코토씨 기뻐해서 다행이야.<6E5C>나도 돌아가자),(미코토씨 기뻐해서 다행이야.<6E5C>나도 돌아가자)
dom3Mikoto_X01.mes,Script/dom3Mikoto_X01.mes,63,5,UNKNOWN_1e,……ぅう,……으윽,……으윽
dom3Mikoto_X01.mes,Script/dom3Mikoto_X01.mes,64,11,주인공,……なんだ?この気配,……뭐지 이 기척은,……뭐지 이 기척은
dom3Mikoto_X01.mes,Script/dom3Mikoto_X01.mes,65,11,[효과음/내레이션],……ゴ、ゴゴゴゴッ!,"……구, 구구구궁!","……구, 구구구궁!"
dom3Mikoto_X01.mes,Script/dom3Mikoto_X01.mes,66,11,주인공,(!?<020A>命さん!?),(!?<020A>미코토씨!),(!?<020A>미코토씨!)
dom3Mikoto_X01.mes,Script/dom3Mikoto_X01.mes,67,3,[효과음/내레이션],ダッ,탁,탁
dom3Mikoto_X01.mes,Script/dom3Mikoto_X01.mes,68,18,주인공,命さん!<6E5C>……お、お前は悪魔だな?,"미코토씨!<6E5C>……너, 악마구나?","미코토씨!<6E5C>……너, 악마구나?"
dom3Mikoto_X01.mes,Script/dom3Mikoto_X01.mes,69,15,Mikoto,なんじゃ.戻って来たのかえ?,뭐냐. 다시 돌아왔느냐?,뭐냐. 다시 돌아왔느냐?
dom3Mikoto_X01.mes,Script/dom3Mikoto_X01.mes,70,10,주인공,命さんから離れろ!,그 몸에서 나가!,그 몸에서 나가!
dom3Mikoto_X01.mes,Script/dom3Mikoto_X01.mes,71,23,Mikoto,ホホホ、やっと出てこれたのに、<6E5C>冷たいことを,"호호호, 겨우 나왔는데,<6E5C>야박하구나","호호호, 겨우 나왔는데,<6E5C>야박하구나"
dom3Mikoto_X01.mes,Script/dom3Mikoto_X01.mes,72,22,주인공,くそ……ぜったいに追い出して<6E5C>やるからな!,젠장……반드시 쫓아내고<6E5C>말겠어!,젠장……반드시 쫓아내고<6E5C>말겠어!
dom3Mikoto_X01.mes,Script/dom3Mikoto_X01.mes,73,13,Mikoto,ホゥ、どう追い出すのじゃ,호오 어찌 쫓아낼 거냐,호오 어찌 쫓아낼 거냐
dom3Mikoto_X01.mes,Script/dom3Mikoto_X01.mes,74,6,주인공,それは……,그건……,그건……
dom3Mikoto_X01.mes,Script/dom3Mikoto_X01.mes,75,48,Mikoto,ホホホホホ!<6E5C>できもせんのにたいそうな見栄を!<485C>ソナタなどにワラワを追い出すのは<6E5C>不可能じゃ!,호호호호호!<6E5C>할 줄도 모르면서 큰소리를!<485C>그대 따위가 이 몸을 쫓아내는 건<6E5C>불가능하다,호호호호호!<6E5C>할 줄도 모르면서 큰소리를!<485C>그대 따위가 이 몸을 쫓아내는 건<6E5C>불가능하다
dom3Mikoto_X01.mes,Script/dom3Mikoto_X01.mes,76,24,주인공,そんなの、やってみなければ<6E5C>わからないだろう!,"그런 건, 해보지 않으면<6E5C>모르는 거잖아!","그런 건, 해보지 않으면<6E5C>모르는 거잖아!"
dom3Mikoto_X01.mes,Script/dom3Mikoto_X01.mes,77,41,Mikoto,ホゥ.ではソナタはこの娘のために<6E5C>全身の血をささげることができると<6E5C>言うのかえ?,호오. 그럼 그대는 이 아이를<6E5C>위해 온몸의 피를 바칠 수<6E5C>있다는 게냐?,호오. 그럼 그대는 이 아이를<6E5C>위해 온몸의 피를 바칠 수<6E5C>있다는 게냐?
dom3Mikoto_X01.mes,Script/dom3Mikoto_X01.mes,78,3,주인공,血?,피?,피?
dom3Mikoto_X01.mes,Script/dom3Mikoto_X01.mes,79,38,Mikoto,そうじゃ.この娘を助けるのには<6E5C>大量の血がいる.<6E5C>娘の好いた男の生き血がな,그렇다. 이 아이를 구하려면<6E5C>많은 피가 필요하다.<6E5C>사내 생피 말이다,그렇다. 이 아이를 구하려면<6E5C>많은 피가 필요하다.<6E5C>사내 생피 말이다
dom3Mikoto_X01.mes,Script/dom3Mikoto_X01.mes,80,6,주인공,なんだと?,뭐라고?,뭐라고?
dom3Mikoto_X01.mes,Script/dom3Mikoto_X01.mes,81,66,Mikoto,この娘がソナタを<6E5C>慕っておるのは明らか.<6E5C>それはもう狂おしい程にな<485C>その血をニエに、ワラワがこの窮屈<6E5C>な体から出て行くのは可能じゃ,이 아이가 그대를 사모함은<6E5C>분명하다. 그야말로 미칠<6E5C>듯이 말이다<485C>그 피를 제물로 이 갑갑한<6E5C>몸에서 나가는 게 가능하다,이 아이가 그대를 사모함은<6E5C>분명하다. 그야말로 미칠<6E5C>듯이 말이다<485C>그 피를 제물로 이 갑갑한<6E5C>몸에서 나가는 게 가능하다
dom3Mikoto_X01.mes,Script/dom3Mikoto_X01.mes,82,3,주인공,……,……,……
dom3Mikoto_X01.mes,Script/dom3Mikoto_X01.mes,83,43,Mikoto,どうする?ソナタの血でないとこの<6E5C>娘は救えぬ.ソナタもこの娘を<6E5C>好いておるのだろう?,어쩌겠느냐? 그대 피 아니면<6E5C>이 아이는 못 구한다.<6E5C>이 아이가 좋지 않으냐?,어쩌겠느냐? 그대 피 아니면<6E5C>이 아이는 못 구한다.<6E5C>이 아이가 좋지 않으냐?
dom3Mikoto_X01.mes,Script/dom3Mikoto_X01.mes,84,25,Mikoto,ソナタが死ねばワラワも消える.<6E5C>簡単なことじゃ!,그대가 죽으면 이 몸도 사라진다.<6E5C>간단하지!,그대가 죽으면 이 몸도 사라진다.<6E5C>간단하지!
dom3Mikoto_X01.mes,Script/dom3Mikoto_X01.mes,85,4,[효과음/내레이션],カラン,달그락,달그락
dom3Mikoto_X01.mes,Script/dom3Mikoto_X01.mes,86,2,주인공,!,!,!
dom3Mikoto_X01.mes,Script/dom3Mikoto_X01.mes,87,31,Mikoto,ワラワと心中する気があるなら、<6E5C>その短刀で喉を突いてみせよ!,이 몸과 죽을 각오면<6E5C>그 단도로 목을 찔러 보아라!,이 몸과 죽을 각오면<6E5C>그 단도로 목을 찔러 보아라!
dom3Mikoto_X01.mes,Script/dom3Mikoto_X01.mes,88,5,주인공,くっ……,큭……,큭……
dom3Mikoto_X01.mes,Script/dom3Mikoto_X01.mes,89,12,[선택지],刀を手に取る俺には無理だ,칼을 든다\무리다,칼을 든다\무리다
dom3Mikoto_X01.mes,Script/dom3Mikoto_X01.mes,90,3,[효과음/내레이션],スッ,슥,슥
dom3Mikoto_X01.mes,Script/dom3Mikoto_X01.mes,91,3,주인공,……,……,……
dom3Mikoto_X01.mes,Script/dom3Mikoto_X01.mes,92,5,Mikoto,……ほお,……호오,……호오
dom3Mikoto_X01.mes,Script/dom3Mikoto_X01.mes,93,3,주인공,……,……,……
dom3Mikoto_X01.mes,Script/dom3Mikoto_X01.mes,94,8,[효과음/내레이션],カタカタカタッ,달달달달,달달달달
dom3Mikoto_X01.mes,Script/dom3Mikoto_X01.mes,95,14,Mikoto,どうした?手が震えておるぞ,"손이 떨리는구나, 왜?","손이 떨리는구나, 왜?"
dom3Mikoto_X01.mes,Script/dom3Mikoto_X01.mes,96,15,주인공,(く……、根性見せろ、俺っ),(크윽…….정신 차려라!),(크윽…….정신 차려라!)
dom3Mikoto_X01.mes,Script/dom3Mikoto_X01.mes,97,8,[효과음/내레이션],カタカタカタッ,달달달달,달달달달
dom3Mikoto_X01.mes,Script/dom3Mikoto_X01.mes,98,11,Mikoto,死ぬのが怖いのかえ?,죽는 게 두려우냐?,죽는 게 두려우냐?
dom3Mikoto_X01.mes,Script/dom3Mikoto_X01.mes,99,60,주인공,(……俺は、悪魔を追い出すって<6E5C>命さんに誓ったんだ!)<485C>ここでできなければ、嘘になる.<6E5C>動け、腕.なぜ動かないんだっ),"(……난, 악마를 쫓아내겠다고<6E5C>맹세했어!)<485C>여기서 못 하면, 거짓말이 돼.<6E5C>움직여, 팔아. 왜 안 움직여)","(……난, 악마를 쫓아내겠다고<6E5C>맹세했어!)<485C>여기서 못 하면, 거짓말이 돼.<6E5C>움직여, 팔아. 왜 안 움직여)"
dom3Mikoto_X01.mes,Script/dom3Mikoto_X01.mes,100,8,[효과음/내레이션],カタカタカタッ,달달달달,달달달달
dom3Mikoto_X01.mes,Script/dom3Mikoto_X01.mes,101,11,Mikoto,……できぬようじゃな,……못 하는구나,……못 하는구나
dom3Mikoto_X01.mes,Script/dom3Mikoto_X01.mes,102,6,주인공,……ううっ,……으윽,……으윽
dom3Mikoto_X01.mes,Script/dom3Mikoto_X01.mes,103,51,Mikoto,……ほぅ、ソナタはこの娘の<6E5C>ためには死ねぬと言うのか<485C>それを知れば、娘はさぞかし<6E5C>悲しむであろうのう,……호오 그대는 이 아이를<6E5C>위해선 죽을 수 없다는 게냐<485C>그걸 안다면 아이는 필시<6E5C>슬퍼하겠지,……호오 그대는 이 아이를<6E5C>위해선 죽을 수 없다는 게냐<485C>그걸 안다면 아이는 필시<6E5C>슬퍼하겠지
dom3Mikoto_X01.mes,Script/dom3Mikoto_X01.mes,104,38,Mikoto,所詮ソナタの思いなどその程度の<6E5C>まがい物.この娘を救おうなど、<6E5C>片腹痛いわ,"결국 그대 마음 따위 그 정도의<6E5C>가짜였구나. 구하겠다니,<6E5C>가소롭구나","결국 그대 마음 따위 그 정도의<6E5C>가짜였구나. 구하겠다니,<6E5C>가소롭구나"
dom3Mikoto_X01.mes,Script/dom3Mikoto_X01.mes,105,23,Mikoto,己のふがいなさを嘆くがよい.<6E5C>ホーホホホッ!,제 무력함을 한탄하거라.<6E5C>호호호홋!,제 무력함을 한탄하거라.<6E5C>호호호홋!
dom3Mikoto_X01.mes,Script/dom3Mikoto_X01.mes,106,4,[효과음/내레이션],ドサッ,쿵,쿵
dom3Mikoto_X01.mes,Script/dom3Mikoto_X01.mes,107,5,주인공,命さん!,미코토!,미코토!
dom3Mikoto_X01.mes,Script/dom3Mikoto_X01.mes,108,4,[효과음/내레이션],ガタッ,달칵,달칵
dom3Mikoto_X01.mes,Script/dom3Mikoto_X01.mes,109,16,UNKNOWN_1e,どうした?何か音がしたようだが,무슨 소리가 난 것 같은데,무슨 소리가 난 것 같은데
dom3Mikoto_X01.mes,Script/dom3Mikoto_X01.mes,110,7,주인공,住職さん……,주지스님……,주지스님……
dom3Mikoto_X01.mes,Script/dom3Mikoto_X01.mes,111,21,UNKNOWN_28,9おお!どうしたのじゃ命?<6E5C>何があった?,"9오오! 미코토야, 무슨 일이냐?","9오오! 미코토야, 무슨 일이냐?"
dom3Mikoto_X01.mes,Script/dom3Mikoto_X01.mes,112,3,주인공,……,……,……
dom3Mikoto_X01.mes,Script/dom3Mikoto_X01.mes,113,33,UNKNOWN_40,9……そうか.<6E5C>お主も顔色が悪い.<6E5C>今日はもう帰られるがよかろう,9……그런가.<6E5C>자네 안색이 안 좋군.<6E5C>오늘은 그만 돌아가게,9……그런가.<6E5C>자네 안색이 안 좋군.<6E5C>오늘은 그만 돌아가게
dom3Mikoto_X01.mes,Script/dom3Mikoto_X01.mes,114,6,주인공,しかし……,하지만……,하지만……
dom3Mikoto_X01.mes,Script/dom3Mikoto_X01.mes,115,13,UNKNOWN_18,9命のことはワシが看よう,9미코토는 내가 돌보마,9미코토는 내가 돌보마
dom3Mikoto_X01.mes,Script/dom3Mikoto_X01.mes,116,5,주인공,……はい,……네,……네
dom3Mikoto_X01.mes,Script/dom3Mikoto_X01.mes,117,15,Iroha,まあ旦那様、お顔が真っ青です,"어머, 안색이 안 좋으세요","어머, 안색이 안 좋으세요"
dom3Mikoto_X01.mes,Script/dom3Mikoto_X01.mes,118,15,주인공,……今日は疲れた.もう寝るよ,……오늘은 피곤하네. 잘게,……오늘은 피곤하네. 잘게
dom3Mikoto_X01.mes,Script/dom3Mikoto_X01.mes,119,6,Iroha,旦那様……,주인님……,주인님……
dom3Mikoto_X01.mes,Script/dom3Mikoto_X01.mes,120,53,주인공,(……俺は命さんを救いたいのでは<6E5C>なかったのか?)<485C>(なのに俺は自分の命を差し出す<6E5C>ことができなかった),(……나는 미코토 씨를 구하고<6E5C>싶었던 게 아니었나?)<485C>(그런데 나는 내 목숨을 내놓지<6E5C>못했다),(……나는 미코토 씨를 구하고<6E5C>싶었던 게 아니었나?)<485C>(그런데 나는 내 목숨을 내놓지<6E5C>못했다)
dom3Mikoto_X01.mes,Script/dom3Mikoto_X01.mes,121,47,주인공,(俺は命さんを裏切ったんだ…….<6E5C>やはり俺の想いは悪魔の言うように<6E5C>まがいものだったのか?),(나는 미코토 씨를 배신한 거야…….<6E5C>역시 내 마음은 악마 말대로<6E5C>가짜였던 걸까?),(나는 미코토 씨를 배신한 거야…….<6E5C>역시 내 마음은 악마 말대로<6E5C>가짜였던 걸까?)
dom3Mikoto_X01.mes,Script/dom3Mikoto_X01.mes,122,31,주인공,(俺は臆病者なのか!<6E5C>あの日、父さんに<6E5C>言われたように……),(나는 겁쟁이인 걸까!<6E5C>그날 아버지가<6E5C>했던 말처럼……),(나는 겁쟁이인 걸까!<6E5C>그날 아버지가<6E5C>했던 말처럼……)
dom3Mikoto_X02.mes,Script/dom3Mikoto_X02.mes,0,9,[효과음/내레이션],チュンチュン……,짹짹…,짹짹…
dom3Mikoto_X02.mes,Script/dom3Mikoto_X02.mes,1,25,주인공,(うぅ、もう朝なのか.<6E5C>一睡もできなかった……),"(으윽, 벌써 아침인가.<6E5C>한숨도 못 잤어…)","(으윽, 벌써 아침인가.<6E5C>한숨도 못 잤어…)"
dom3Mikoto_X02.mes,Script/dom3Mikoto_X02.mes,2,5,UNKNOWN_1e,旦那様~,도련님~,도련님~
dom3Mikoto_X02.mes,Script/dom3Mikoto_X02.mes,3,15,Iroha,今朝はお加減はいかがですか?,오늘 몸은 좀 어떠세요?,오늘 몸은 좀 어떠세요?
dom3Mikoto_X02.mes,Script/dom3Mikoto_X02.mes,4,3,주인공,……,…,…
dom3Mikoto_X02.mes,Script/dom3Mikoto_X02.mes,5,16,Iroha,まだお顔の色がよくありませんね,아직 안색이 좋지 않으시네요,아직 안색이 좋지 않으시네요
dom3Mikoto_X02.mes,Script/dom3Mikoto_X02.mes,6,7,[효과음/내레이션],ドンドンッ!,쿵쿵쿵!,쿵쿵쿵!
dom3Mikoto_X02.mes,Script/dom3Mikoto_X02.mes,7,20,Iroha,まぁ、<6E5C>こんな朝からお客様でしょうか?,"어머,<6E5C>이런 아침부터 손님일까요?","어머,<6E5C>이런 아침부터 손님일까요?"
dom3Mikoto_X02.mes,Script/dom3Mikoto_X02.mes,8,11,UNKNOWN_1e,おい、<이름:3232>!入るぞ!,<이름:3232>!들어간다,<이름:3232>!들어간다
dom3Mikoto_X02.mes,Script/dom3Mikoto_X02.mes,9,4,[효과음/내레이션],バンッ,쾅!,쾅!
dom3Mikoto_X02.mes,Script/dom3Mikoto_X02.mes,10,7,주인공,覇王丸さん!,하오마루 씨,하오마루 씨
dom3Mikoto_X02.mes,Script/dom3Mikoto_X02.mes,11,23,UNKNOWN_75,<이름:3232>、命が大変なんだ.<6E5C>いっしょに来てくれ!,"<이름:3232>,미코토가 큰일이야<6E5C>같이 가 주게!","<이름:3232>,미코토가 큰일이야<6E5C>같이 가 주게!"
dom3Mikoto_X02.mes,Script/dom3Mikoto_X02.mes,12,7,주인공,命さんが!?,미코토가!?,미코토가!?
dom3Mikoto_X02.mes,Script/dom3Mikoto_X02.mes,13,5,주인공,命さん!,미코토!,미코토!
dom3Mikoto_X02.mes,Script/dom3Mikoto_X02.mes,14,12,UNKNOWN_16,9こりゃ、静かにせんか,9조용히 좀 하게,9조용히 좀 하게
dom3Mikoto_X02.mes,Script/dom3Mikoto_X02.mes,15,15,주인공,住職、命さんが大変って……?,"스님,미코토가 큰일이라니?","스님,미코토가 큰일이라니?"
dom3Mikoto_X02.mes,Script/dom3Mikoto_X02.mes,16,45,UNKNOWN_75,昨日から意識が戻らねぇんだ.<6E5C>今までも気を失うことはあったが、<6E5C>こんなに長いのは初めてだ,어제부터 의식이 안 돌아온다네.<6E5C>전에도 기절한 적 있었지만<6E5C>이리 길긴 처음이야,어제부터 의식이 안 돌아온다네.<6E5C>전에도 기절한 적 있었지만<6E5C>이리 길긴 처음이야
dom3Mikoto_X02.mes,Script/dom3Mikoto_X02.mes,17,31,Mary,9命の生命力が極端に弱ってきておる<6E5C>.このままでは、もう……,9미코토 생명력이 급격히 약해지고 있어.<6E5C>이대로면…,9미코토 생명력이 급격히 약해지고 있어.<6E5C>이대로면…
dom3Mikoto_X02.mes,Script/dom3Mikoto_X02.mes,18,16,주인공,そんな!何か手はないんですか?,그럴 수가! 방법이 없나요?,그럴 수가! 방법이 없나요?
dom3Mikoto_X02.mes,Script/dom3Mikoto_X02.mes,19,35,[마리의 개],9命の病は他のものとは違う.<6E5C>わしらでは手の尽くしようが<6E5C>ないんじゃ,9미코토의 병은 다른 것과 달라.<6E5C>우리로선 손쓸 방도가<6E5C>없다네,9미코토의 병은 다른 것과 달라.<6E5C>우리로선 손쓸 방도가<6E5C>없다네
dom3Mikoto_X02.mes,Script/dom3Mikoto_X02.mes,20,3,주인공,……,…,…
dom3Mikoto_X02.mes,Script/dom3Mikoto_X02.mes,21,52,UNKNOWN_66,9お主が現れてから、<6E5C>命は少し変わったように思えたがの<6E5C><485C>もしや、お主なら……と思うて<6E5C>おったのじゃが,"9자네가 나타나고 나서,<6E5C>미코토가 조금 달라진 듯싶었는데<6E5C><485C>혹시 자네라면…하고 생각했건만","9자네가 나타나고 나서,<6E5C>미코토가 조금 달라진 듯싶었는데<6E5C><485C>혹시 자네라면…하고 생각했건만"
dom3Mikoto_X02.mes,Script/dom3Mikoto_X02.mes,22,37,Goenitz,9もはやこれまでとは残念じゃ.<6E5C>せめて、側についていてやって<6E5C>もらえんか,"9이제는 글렀나 보아 아쉽구나.<6E5C>적어도, 곁을 지켜<6E5C>주지 않겠나","9이제는 글렀나 보아 아쉽구나.<6E5C>적어도, 곁을 지켜<6E5C>주지 않겠나"
dom3Mikoto_X02.mes,Script/dom3Mikoto_X02.mes,23,5,주인공,はい……,네…,네…
dom3Mikoto_X02.mes,Script/dom3Mikoto_X02.mes,24,6,주인공,命さん……,미코토…,미코토…
dom3Mikoto_X02.mes,Script/dom3Mikoto_X02.mes,25,61,주인공,(苦しそうだな…….<6E5C>あのとき、俺が勇気さえ出せて<6E5C>いれば、こんなことには?)<485C>(しかし、今となっては<6E5C>どうすれば……),"(괴로워 보이는구나….<6E5C>그때 용기만 냈더라면,<6E5C>이런 일은 없었을 텐데?)<485C>(하지만 이제 와서<6E5C>어찌해야…)","(괴로워 보이는구나….<6E5C>그때 용기만 냈더라면,<6E5C>이런 일은 없었을 텐데?)<485C>(하지만 이제 와서<6E5C>어찌해야…)"
dom3Mikoto_X02.mes,Script/dom3Mikoto_X02.mes,26,55,주인공,(「もしや、お主なら……」<6E5C>住職さんもそう思ってくれて<6E5C>いたのに!)<485C>(俺にはもう、<6E5C>何もできないのか……),"(「혹시 자네라면…」<6E5C>스님도 그리 여겨<6E5C>주셨는데!)<485C>(나는 이제,<6E5C>아무것도 할 수 없나…)","(「혹시 자네라면…」<6E5C>스님도 그리 여겨<6E5C>주셨는데!)<485C>(나는 이제,<6E5C>아무것도 할 수 없나…)"
dom3Mikoto_X02.mes,Script/dom3Mikoto_X02.mes,27,4,Mikoto,……ぅ,…흐,…흐
dom3Mikoto_X02.mes,Script/dom3Mikoto_X02.mes,28,5,주인공,命さん?,미코토?,미코토?
dom3Mikoto_X02.mes,Script/dom3Mikoto_X02.mes,29,6,Mikoto,……ぅぅう,…으으윽,…으으윽
dom3Mikoto_X02.mes,Script/dom3Mikoto_X02.mes,30,16,Mikoto,……はぁはぁ.……<이름:3131>さ、ま?,"…하아하아…<이름:3131>니,님?","…하아하아…<이름:3131>니,님?"
dom3Mikoto_X02.mes,Script/dom3Mikoto_X02.mes,31,11,주인공,命さん!よかった……,미코토! 다행이다…,미코토! 다행이다…
dom3Mikoto_X02.mes,Script/dom3Mikoto_X02.mes,32,10,Mikoto,……ずっと、側に?,"…계속, 곁에?","…계속, 곁에?"
dom3Mikoto_X02.mes,Script/dom3Mikoto_X02.mes,33,3,주인공,ああ,응,응
dom3Mikoto_X02.mes,Script/dom3Mikoto_X02.mes,34,8,Mikoto,うれ、し……い,"기, 뻐…요","기, 뻐…요"
dom3Mikoto_X02.mes,Script/dom3Mikoto_X02.mes,35,9,주인공,命さん、俺は……,"미코토, 나는…","미코토, 나는…"
dom3Mikoto_X02.mes,Script/dom3Mikoto_X02.mes,36,6,Mikoto,……いいえ,…아니에요,…아니에요
dom3Mikoto_X02.mes,Script/dom3Mikoto_X02.mes,37,3,주인공,え?,어?,어?
dom3Mikoto_X02.mes,Script/dom3Mikoto_X02.mes,38,43,Mikoto,よいのです……わたくしは…….<6E5C>それよりも、<이름:3131>様が、<6E5C>生きていて……、よかった……,"괜찮습니다…저는…<6E5C>그보다도, <이름:3131>님께서,<6E5C>살아 계셔서…다행이에요…","괜찮습니다…저는…<6E5C>그보다도, <이름:3131>님께서,<6E5C>살아 계셔서…다행이에요…"
dom3Mikoto_X02.mes,Script/dom3Mikoto_X02.mes,39,17,주인공,命さん、昨夜のことを知って……?,"미코토,어젯밤 일 알고서…?","미코토,어젯밤 일 알고서…?"
dom3Mikoto_X02.mes,Script/dom3Mikoto_X02.mes,40,5,주인공,……俺は,…나는,…나는
dom3Mikoto_X02.mes,Script/dom3Mikoto_X02.mes,41,34,Mikoto,いえ、悪いのは、わたくし…….<6E5C><이름:3131>様を、こんなにも<6E5C>苦しめて……,"아니요, 나쁜 건 저예요….<6E5C><이름:3131>님을, 이렇게<6E5C>괴롭게 해서…","아니요, 나쁜 건 저예요….<6E5C><이름:3131>님을, 이렇게<6E5C>괴롭게 해서…"
dom3Mikoto_X02.mes,Script/dom3Mikoto_X02.mes,42,16,Mikoto,どうか、許してくださいまし……,"부디, 용서해 주세요…","부디, 용서해 주세요…"
dom3Mikoto_X02.mes,Script/dom3Mikoto_X02.mes,43,11,주인공,許すだなんてそんな!,용서라니 그런!,용서라니 그런!
dom3Mikoto_X02.mes,Script/dom3Mikoto_X02.mes,44,26,Mikoto,……はぁはぁ、でも、それも、<6E5C>もうすぐ、終わる……,"…하아하아, 그래도<6E5C>이제 곧 끝나요…","…하아하아, 그래도<6E5C>이제 곧 끝나요…"
dom3Mikoto_X02.mes,Script/dom3Mikoto_X02.mes,45,8,주인공,命さん、何を?,"미코토, 왜?","미코토, 왜?"
dom3Mikoto_X02.mes,Script/dom3Mikoto_X02.mes,46,22,Mikoto,もう、……わたくしは長くは……<6E5C>ありません,"이제, …저는 얼마 남지<6E5C>않았어요","이제, …저는 얼마 남지<6E5C>않았어요"
dom3Mikoto_X02.mes,Script/dom3Mikoto_X02.mes,47,21,주인공,命さん、そんなことを言っては<6E5C>いけない!,"미코토 씨, 그런 말은<6E5C>하지 말아요!","미코토 씨, 그런 말은<6E5C>하지 말아요!"
dom3Mikoto_X02.mes,Script/dom3Mikoto_X02.mes,48,39,Mikoto,心配……しないで、ください.<6E5C>……死ねば、この苦しみも<6E5C>……終わるのですから,"걱정…하지, 마세요.<6E5C>…죽으면, 이 괴로움도<6E5C>…끝날 테니까요","걱정…하지, 마세요.<6E5C>…죽으면, 이 괴로움도<6E5C>…끝날 테니까요"
dom3Mikoto_X02.mes,Script/dom3Mikoto_X02.mes,49,4,주인공,……!,…!,…!
dom3Mikoto_X02.mes,Script/dom3Mikoto_X02.mes,50,22,Mikoto,……<이름:3131>様は……どうか……、<6E5C>お幸せ……に,"…<이름:3131>님은…부디…,<6E5C>행복하…세요","…<이름:3131>님은…부디…,<6E5C>행복하…세요"
dom3Mikoto_X02.mes,Script/dom3Mikoto_X02.mes,51,9,주인공,命さん?命さん!,미코토?미코토!,미코토?미코토!
dom3Mikoto_X02.mes,Script/dom3Mikoto_X02.mes,52,10,[효과음/내레이션],……ゴ……ゴゴ……,…고…고고…,…고…고고…
dom3Mikoto_X02.mes,Script/dom3Mikoto_X02.mes,53,6,주인공,……何だ?,…뭐지?,…뭐지?
dom3Mikoto_X02.mes,Script/dom3Mikoto_X02.mes,54,5,Mikoto,ううッ!,으윽!,으윽!
dom3Mikoto_X02.mes,Script/dom3Mikoto_X02.mes,55,6,주인공,命さん!?,미코토!?,미코토!?
dom3Mikoto_X02.mes,Script/dom3Mikoto_X02.mes,56,27,Mikoto,や……闇が、来ます……、<6E5C>今までで一番大きい……闇が,어…어둠이 옵니다…<6E5C>지금까지 중 가장 큰…어둠이,어…어둠이 옵니다…<6E5C>지금까지 중 가장 큰…어둠이
dom3Mikoto_X02.mes,Script/dom3Mikoto_X02.mes,57,5,주인공,命さん?,미코토?,미코토?
dom3Mikoto_X02.mes,Script/dom3Mikoto_X02.mes,58,32,Mikoto,<이름:3131>様……逃げて、早く……、<6E5C>に、げ、て……、は、や、く……!,"<이름:3131>님…도망가,어서…<6E5C>도,망,가,요…,어,서…!","<이름:3131>님…도망가,어서…<6E5C>도,망,가,요…,어,서…!"
dom3Mikoto_X02.mes,Script/dom3Mikoto_X02.mes,59,5,주인공,命さん!,미코토!,미코토!
dom3Mikoto_X02.mes,Script/dom3Mikoto_X02.mes,60,9,[효과음/내레이션],ゴゴゴゴゴゴッ!,고고고고고곳!,고고고고고곳!
dom3Mikoto_X02.mes,Script/dom3Mikoto_X02.mes,61,4,[효과음/내레이션],ピカッ,번쩍,번쩍
dom3Mikoto_X02.mes,Script/dom3Mikoto_X02.mes,62,34,Mikoto,オーホホホホッ.<6E5C>ワラワが完全となる日が<6E5C>刻一刻と近づいておるわっ,오호호홋.<6E5C>이 몸이 완전해질 날이<6E5C>시시각각 다가오는구나,오호호홋.<6E5C>이 몸이 완전해질 날이<6E5C>시시각각 다가오는구나
dom3Mikoto_X02.mes,Script/dom3Mikoto_X02.mes,63,7,주인공,あ、悪魔……,"이, 악마…","이, 악마…"
dom3Mikoto_X02.mes,Script/dom3Mikoto_X02.mes,64,60,Mikoto,ほう、ソナタまた来ておったのかえ<6E5C>.好いた女のために命も<6E5C>賭けられぬ脆弱者が、<485C>よくもぬけぬけと再び<6E5C>現れられたものよ,"흥, 그대 또 왔더냐.<6E5C>여인 하나 위해 목숨도<6E5C>못 거는 나약한 자가,<485C>용케도 뻔뻔히 다시<6E5C>나타났구나","흥, 그대 또 왔더냐.<6E5C>여인 하나 위해 목숨도<6E5C>못 거는 나약한 자가,<485C>용케도 뻔뻔히 다시<6E5C>나타났구나"
dom3Mikoto_X02.mes,Script/dom3Mikoto_X02.mes,65,3,주인공,くっ,큭,큭
dom3Mikoto_X02.mes,Script/dom3Mikoto_X02.mes,66,29,Mikoto,それとも己の愚かさに気づき、<6E5C>ワラワに殺されに来たのかえ,제 어리석음을 깨닫고<6E5C>이 몸에게 죽으러 왔느냐,제 어리석음을 깨닫고<6E5C>이 몸에게 죽으러 왔느냐
dom3Mikoto_X02.mes,Script/dom3Mikoto_X02.mes,67,35,Mikoto,今宵のワラワは気分がよい.<6E5C>苦しまぬよう、一思いに<6E5C>殺してやろうぞ!,오늘 밤 이 몸은 기분이 좋다.<6E5C>고통 없이 단숨에<6E5C>죽여 주마!,오늘 밤 이 몸은 기분이 좋다.<6E5C>고통 없이 단숨에<6E5C>죽여 주마!
dom3Mikoto_X02.mes,Script/dom3Mikoto_X02.mes,68,7,[효과음/내레이션],ゴゴゴゴ……,고고고고…,고고고고…
dom3Mikoto_X02.mes,Script/dom3Mikoto_X02.mes,69,39,주인공,(な、なんて覇気だ.<6E5C>今までとは違う、このままでは<6E5C>本当に殺されてしまう!),"(뭐, 뭐 이런 기백이.<6E5C>전과는 달라, 이대로면<6E5C>정말 죽고 말겠어!)","(뭐, 뭐 이런 기백이.<6E5C>전과는 달라, 이대로면<6E5C>정말 죽고 말겠어!)"
dom3Mikoto_X02.mes,Script/dom3Mikoto_X02.mes,70,15,[선택지],ひとまず退却ひるまず立ち向かう,일단 물러선다\맞선다,일단 물러선다\맞선다
dom3Mikoto_X02.mes,Script/dom3Mikoto_X02.mes,71,24,주인공,(今日のところは引いて、<6E5C>また改めて戦おう!),"(오늘은 물러나,<6E5C>다시 마음잡고 싸우자!)","(오늘은 물러나,<6E5C>다시 마음잡고 싸우자!)"
dom3Mikoto_X02.mes,Script/dom3Mikoto_X02.mes,72,39,Mikoto,この期におよんで逃げようとは<6E5C>見下げ果てた奴じゃ.<6E5C>逃しはせぬ.潔く死にや!,이제 와 도망치려 들다니<6E5C>한심하구나.<6E5C>놓치지 않는다. 곱게 죽어라!,이제 와 도망치려 들다니<6E5C>한심하구나.<6E5C>놓치지 않는다. 곱게 죽어라!
dom3Mikoto_X02.mes,Script/dom3Mikoto_X02.mes,73,7,[효과음/내레이션],ゴゴゴゴゴ、,"고고고고고,","고고고고고,"
dom3Mikoto_X02.mes,Script/dom3Mikoto_X02.mes,74,9,[효과음/내레이션],ゴオオウゥ!!!,고오오우우!!!,고오오우우!!!
dom3Mikoto_X02.mes,Script/dom3Mikoto_X02.mes,75,9,주인공,ウワワアアァ!!,우와아아아!!,우와아아아!!
dom3Mikoto_X02.mes,Script/dom3Mikoto_X02.mes,76,28,주인공,(いや、駄目だ!<6E5C>ここであきらめたら<6E5C>昨日と同じだ!),(아니 안 돼!<6E5C>여기서 포기하면<6E5C>어제와 같아져!),(아니 안 돼!<6E5C>여기서 포기하면<6E5C>어제와 같아져!)
dom3Mikoto_X02.mes,Script/dom3Mikoto_X02.mes,77,36,Mikoto,ほう、この気を見ても<6E5C>逃げ出さぬというか.<6E5C>愚かというか、鈍いというか,"흥,이 기세 보고도<6E5C>안 도망치느냐.<6E5C>어리석은지, 둔한지","흥,이 기세 보고도<6E5C>안 도망치느냐.<6E5C>어리석은지, 둔한지"
dom3Mikoto_X02.mes,Script/dom3Mikoto_X02.mes,78,13,주인공,黙れ!俺は逃げたりしない,닥쳐! 도망 안 친다,닥쳐! 도망 안 친다
dom3Mikoto_X02.mes,Script/dom3Mikoto_X02.mes,79,5,[효과음/내레이션],チャキ!,챙!,챙!
dom3Mikoto_X02.mes,Script/dom3Mikoto_X02.mes,80,44,Mikoto,刀を抜くか.だがよいのかえ、<6E5C>ソナタがワラワを斬れば、ソナタの<6E5C>大事なこの体も傷つくぞ,"칼을 뽑는가. 되겠느냐,<6E5C>그대가 이 몸을 베면 그대의<6E5C>소중한 몸도 상할 텐데","칼을 뽑는가. 되겠느냐,<6E5C>그대가 이 몸을 베면 그대의<6E5C>소중한 몸도 상할 텐데"
dom3Mikoto_X02.mes,Script/dom3Mikoto_X02.mes,81,5,주인공,うっ……,윽…,윽…
dom3Mikoto_X02.mes,Script/dom3Mikoto_X02.mes,82,38,Mikoto,どちらにしろ、<6E5C>ワラワの前では無駄というもの.<6E5C>力の差を思い知るがよいわ!,어느 쪽이든<6E5C>이 몸 앞에선 부질없는 짓.<6E5C>힘의 차이를 느껴 보아라!,어느 쪽이든<6E5C>이 몸 앞에선 부질없는 짓.<6E5C>힘의 차이를 느껴 보아라!
dom3Mikoto_X02.mes,Script/dom3Mikoto_X02.mes,83,7,[효과음/내레이션],ゴゴゴゴゴ、,"고고고고고,","고고고고고,"
dom3Mikoto_X02.mes,Script/dom3Mikoto_X02.mes,84,8,[효과음/내레이션],ゴオウゥ!!!,고오우우!!!,고오우우!!!
dom3Mikoto_X02.mes,Script/dom3Mikoto_X02.mes,85,7,주인공,ウワアァ!!,우와아아!!,우와아아!!
dom3Mikoto_X02.mes,Script/dom3Mikoto_X02.mes,86,16,주인공,(やはり俺では無理なのか……),(역시 나로선 무리인가…),(역시 나로선 무리인가…)
dom3Mikoto_X03.mes,Script/dom3Mikoto_X03.mes,0,9,주인공,(ウワワアァ!),(우와와아아!),(우와와아아!)
dom3Mikoto_X03.mes,Script/dom3Mikoto_X03.mes,1,52,주인공,(無理だ、俺には.<6E5C>あの圧倒的な力……)<485C>(俺では修行を積んだところで<6E5C>太刀打ちできる相手ではない!),"(무리다, 나로선.<6E5C>그 압도적인 힘…)<485C>(수련을 쌓아 봐야<6E5C>맞설 상대가 아니야!)","(무리다, 나로선.<6E5C>그 압도적인 힘…)<485C>(수련을 쌓아 봐야<6E5C>맞설 상대가 아니야!)"
dom3Mikoto_X03.mes,Script/dom3Mikoto_X03.mes,2,46,주인공,(そもそも、命さんの時間は残り<6E5C>少ないと……いまさら修行を<6E5C>積んでも間に合うわけがない!),(애초에 미코토 시간이 얼마<6E5C>안 남았는데…이제 와 수련해도<6E5C>늦지 않을 리 없어!),(애초에 미코토 시간이 얼마<6E5C>안 남았는데…이제 와 수련해도<6E5C>늦지 않을 리 없어!)
dom3Mikoto_X03.mes,Script/dom3Mikoto_X03.mes,3,46,주인공,(だからと言って、俺には自ら死ぬ<6E5C>勇気もない.住職さんも、<6E5C>もう何もできないと言っていた),"(그렇다고 스스로 목숨을 끊을<6E5C>용기도 없어. 스님도,<6E5C>이제 방법이 없다 했어)","(그렇다고 스스로 목숨을 끊을<6E5C>용기도 없어. 스님도,<6E5C>이제 방법이 없다 했어)"
dom3Mikoto_X03.mes,Script/dom3Mikoto_X03.mes,4,42,주인공,(……命さんだって死ぬ気じゃ<6E5C>ないか.もう、俺がどうにかできる<6E5C>問題じゃないんだ),(…미코토도 죽을 각오인데<6E5C>그렇잖은가. 이제 내가 어찌할<6E5C>문제가 아니야),(…미코토도 죽을 각오인데<6E5C>그렇잖은가. 이제 내가 어찌할<6E5C>문제가 아니야)
dom3Mikoto_X03.mes,Script/dom3Mikoto_X03.mes,5,66,주인공,(……ハハッ、やっぱり父さんの<6E5C>言うとおり、俺は臆病者だ.<6E5C>旅をしても何も変らない)<485C>(生まれたときからの意気地なし<6E5C>なんだ……),"(…하핫, 역시 아버지 말대로,<6E5C>난 겁쟁이야.<6E5C>여행을 해도 안 변하는군)<485C>(태어날 때부터 못난 놈<6E5C>이었던 거야…)","(…하핫, 역시 아버지 말대로,<6E5C>난 겁쟁이야.<6E5C>여행을 해도 안 변하는군)<485C>(태어날 때부터 못난 놈<6E5C>이었던 거야…)"
dom3Mikoto_X03.mes,Script/dom3Mikoto_X03.mes,6,32,주인공,腹が減ったな…….<6E5C>人間、こんなときでも腹は<6E5C>減るもんなんだな,배가 고프네….<6E5C>사람은 이런 때도 배는<6E5C>고픈 법이구나,배가 고프네….<6E5C>사람은 이런 때도 배는<6E5C>고픈 법이구나
dom3Mikoto_X03.mes,Script/dom3Mikoto_X03.mes,7,3,주인공,……,…,…
dom3Mikoto_X03.mes,Script/dom3Mikoto_X03.mes,8,15,UNKNOWN_1e,どうしたの?落ち込んだ顔して,왜 그래? 축 처진 얼굴로,왜 그래? 축 처진 얼굴로
dom3Mikoto_X03.mes,Script/dom3Mikoto_X03.mes,9,15,주인공,詩乃さん、どうしてここに……,"시노 씨,여긴 어쩐 일로…","시노 씨,여긴 어쩐 일로…"
dom3Mikoto_X03.mes,Script/dom3Mikoto_X03.mes,10,32,Shino,はぁ?ここはむささび屋だよ.<6E5C>あたいがいるのは当たり前でしょ?,하아? 여긴 무사시비야잖아.<6E5C>내가 있는 게 당연하지?,하아? 여긴 무사시비야잖아.<6E5C>내가 있는 게 당연하지?
dom3Mikoto_X03.mes,Script/dom3Mikoto_X03.mes,11,8,주인공,はは、そうだな,"하하, 그렇지","하하, 그렇지"
dom3Mikoto_X03.mes,Script/dom3Mikoto_X03.mes,12,23,Shino,変よ、今日の<이름:3232>さん.<6E5C>悪いものでも食べた?,"이상하네,오늘 <이름:3232>씨.<6E5C>뭐 잘못 먹었어?","이상하네,오늘 <이름:3232>씨.<6E5C>뭐 잘못 먹었어?"
dom3Mikoto_X03.mes,Script/dom3Mikoto_X03.mes,13,46,주인공,詩乃さんはいつも元気でうらやま<6E5C>しいよ.俺は、どうしても勝てない<6E5C>敵に出会ってしまって……,"시노 씨는 늘 활기차서<6E5C>부럽네. 나는, 도저히 못 이길<6E5C>상대를 만나 버려서…","시노 씨는 늘 활기차서<6E5C>부럽네. 나는, 도저히 못 이길<6E5C>상대를 만나 버려서…"
dom3Mikoto_X03.mes,Script/dom3Mikoto_X03.mes,14,19,Shino,あら、よく見るとケガしてる<6E5C>じゃない,"어머, 자세히 보니 다쳤<6E5C>잖아","어머, 자세히 보니 다쳤<6E5C>잖아"
dom3Mikoto_X03.mes,Script/dom3Mikoto_X03.mes,15,9,Shino,これでよしっと!,이걸로 됐고!,이걸로 됐고!
dom3Mikoto_X03.mes,Script/dom3Mikoto_X03.mes,16,6,주인공,ありがとう,고마워,고마워
dom3Mikoto_X03.mes,Script/dom3Mikoto_X03.mes,17,42,Shino,まあ、世の中には逆立ちしても<6E5C>勝てない相手ぐらいいるし、<6E5C>できないこともあるからね,"뭐,세상엔 물구나무 서도<6E5C>못 이기는 상대도 있고<6E5C>못하는 것도 있는 법이니까","뭐,세상엔 물구나무 서도<6E5C>못 이기는 상대도 있고<6E5C>못하는 것도 있는 법이니까"
dom3Mikoto_X03.mes,Script/dom3Mikoto_X03.mes,18,30,Shino,そういうのだったらきっぱり忘れて<6E5C>、あきらめるしかないわね,"그런 거라면 깨끗이 잊고<6E5C>, 포기하는 수밖에 없지","그런 거라면 깨끗이 잊고<6E5C>, 포기하는 수밖에 없지"
dom3Mikoto_X03.mes,Script/dom3Mikoto_X03.mes,19,8,주인공,そうだよな……,그렇지…,그렇지…
dom3Mikoto_X03.mes,Script/dom3Mikoto_X03.mes,20,2,Shino,で。,음,음
dom3Mikoto_X03.mes,Script/dom3Mikoto_X03.mes,21,2,Shino,も、,…,…
dom3Mikoto_X03.mes,Script/dom3Mikoto_X03.mes,22,37,Shino,諦めたらそこで負けだよ.<6E5C>男ならとにかく、死に<6E5C>物狂いでやるしかないね!,포기하면 끝이야.<6E5C>남자라면 어쨌든 죽기<6E5C>살기로 하는 수밖에!,포기하면 끝이야.<6E5C>남자라면 어쨌든 죽기<6E5C>살기로 하는 수밖에!
dom3Mikoto_X03.mes,Script/dom3Mikoto_X03.mes,23,24,주인공,死に物狂い…….<6E5C>本当に死んだら解決するのかな,죽기 살기라….<6E5C>정말 죽으면 해결되는 걸까,죽기 살기라….<6E5C>정말 죽으면 해결되는 걸까
dom3Mikoto_X03.mes,Script/dom3Mikoto_X03.mes,24,3,Shino,え?,어?,어?
dom3Mikoto_X03.mes,Script/dom3Mikoto_X03.mes,25,10,주인공,いや、なんでもない,"아냐, 아무것도","아냐, 아무것도"
dom3Mikoto_X03.mes,Script/dom3Mikoto_X03.mes,26,4,Shino,……?,…?,…?
dom3Mikoto_X03.mes,Script/dom3Mikoto_X03.mes,27,5,주인공,はぁ……,하아…,하아…
dom3Mikoto_X03.mes,Script/dom3Mikoto_X03.mes,28,34,UNKNOWN_1e,モウ、いいかげん誰被かまわず<6E5C>ケンカをふっかけるのは<6E5C>止めなさい!,"정말, 이제 그만 아무한테나<6E5C>시비 거는 건<6E5C>그만둬!","정말, 이제 그만 아무한테나<6E5C>시비 거는 건<6E5C>그만둬!"
dom3Mikoto_X03.mes,Script/dom3Mikoto_X03.mes,29,17,UNKNOWN_1e,腰抜けの侍にあたしが負けるもんか,겁쟁이 사무라이한테 내가 질까,겁쟁이 사무라이한테 내가 질까
dom3Mikoto_X03.mes,Script/dom3Mikoto_X03.mes,30,4,주인공,……?,…?,…?
dom3Mikoto_X03.mes,Script/dom3Mikoto_X03.mes,31,40,Saya,でもサムライって決闘したり<6E5C>ハラキリしたりするんでしょ.<6E5C>なんで腰抜けなのよ?,근데 사무라이는 결투도 하고<6E5C>할복도 하고 그러잖아.<6E5C>근데 왜 겁쟁이야?,근데 사무라이는 결투도 하고<6E5C>할복도 하고 그러잖아.<6E5C>근데 왜 겁쟁이야?
dom3Mikoto_X03.mes,Script/dom3Mikoto_X03.mes,32,39,Rinka,そんな侍、物語の中だけだよ.<6E5C>今の侍は武士道の武の字も<6E5C>知らない奴ばっかりだ,그런 사무라이 얘기에나 있지.<6E5C>요즘 사무라이는 무사도의<6E5C>무 자도 몰라,그런 사무라이 얘기에나 있지.<6E5C>요즘 사무라이는 무사도의<6E5C>무 자도 몰라
dom3Mikoto_X03.mes,Script/dom3Mikoto_X03.mes,33,7,주인공,侍?武士道?,사무라이?,사무라이?
dom3Mikoto_X03.mes,Script/dom3Mikoto_X03.mes,34,39,Saya,アラ、<이름:3232>ちゃん!<6E5C>そういや<이름:3232>ちゃんも侍よネ.<6E5C>なんで侍はハラキリするノ?,"어머,<이름:3232>짱!<6E5C>참,<이름:3232>짱도지.<6E5C>왜 할복해?","어머,<이름:3232>짱!<6E5C>참,<이름:3232>짱도지.<6E5C>왜 할복해?"
dom3Mikoto_X03.mes,Script/dom3Mikoto_X03.mes,35,45,주인공,なんでって……そりゃ理由は<6E5C>いろいろあるでしょうけど、普通は<6E5C>名誉のためじゃないですか?,"왜냐니…그야 이유는<6E5C>여러 가지 있겠지만, 보통은<6E5C>명예를 위해서가 아닐까요?","왜냐니…그야 이유는<6E5C>여러 가지 있겠지만, 보통은<6E5C>명예를 위해서가 아닐까요?"
dom3Mikoto_X03.mes,Script/dom3Mikoto_X03.mes,36,21,Saya,メイヨ?<6E5C>そんなの死んだら終わりじゃない,명예? <6E5C>그런 거 죽으면 끝 아니야,명예? <6E5C>그런 거 죽으면 끝 아니야
dom3Mikoto_X03.mes,Script/dom3Mikoto_X03.mes,37,28,주인공,侍にとっては命よりあとに残る<6E5C>名前の方が大切なんですよ,사무라이는 목숨보다 이름이<6E5C>더 소중한 법이거든요,사무라이는 목숨보다 이름이<6E5C>더 소중한 법이거든요
dom3Mikoto_X03.mes,Script/dom3Mikoto_X03.mes,38,19,Saya,フ~ン、<6E5C>ワタシにはよくわからないワ,"흐~응, <6E5C>난 잘 모르겠는걸","흐~응, <6E5C>난 잘 모르겠는걸"
dom3Mikoto_X03.mes,Script/dom3Mikoto_X03.mes,39,44,Rinka,あたしにはなんとなくわかるよ……<6E5C>.生き恥をさらすぐらいなら<6E5C>死んだ方がましって気持ち,나는 왠지 알 것도 같아…<6E5C>.살아 부끄러움 당할 바엔<6E5C>죽는 게 낫다는 그 마음,나는 왠지 알 것도 같아…<6E5C>.살아 부끄러움 당할 바엔<6E5C>죽는 게 낫다는 그 마음
dom3Mikoto_X03.mes,Script/dom3Mikoto_X03.mes,40,20,Saya,マァ、めったこと言わないのよ、<6E5C>凛花!,"저기, 함부로 말하지 마, <6E5C>린카!","저기, 함부로 말하지 마, <6E5C>린카!"
dom3Mikoto_X03.mes,Script/dom3Mikoto_X03.mes,41,16,주인공,……生き恥……死んだ方がまし?,…살아 부끄럽느니 죽는 게?,…살아 부끄럽느니 죽는 게?
dom3Mikoto_X03.mes,Script/dom3Mikoto_X03.mes,42,29,Saya,どうしたの?<6E5C>眉間にしわ寄せちゃって.<6E5C>シブイ男の練習?,왜 그래?<6E5C>미간에 주름 잡고.<6E5C>멋있는 남자 흉내야?,왜 그래?<6E5C>미간에 주름 잡고.<6E5C>멋있는 남자 흉내야?
dom3Mikoto_X03.mes,Script/dom3Mikoto_X03.mes,43,34,주인공,……そうか、そうだよな!<6E5C>今ではなくて、<6E5C>未来のことを考えるんだ!,"…그래, 맞아!<6E5C>지금이 아니라,<6E5C>미래를 생각하는 거야!","…그래, 맞아!<6E5C>지금이 아니라,<6E5C>미래를 생각하는 거야!"
dom3Mikoto_X03.mes,Script/dom3Mikoto_X03.mes,44,9,Rinka,何?変だよあんた,"뭐야, 이상해","뭐야, 이상해"
dom3Mikoto_X03.mes,Script/dom3Mikoto_X03.mes,45,21,주인공,武士道とは死ぬことと見つけたり!<6E5C>……だ,무사도란 죽음에서 찾는 것!<6E5C>…이랬지,무사도란 죽음에서 찾는 것!<6E5C>…이랬지
dom3Mikoto_X03.mes,Script/dom3Mikoto_X03.mes,46,7,주인공,おい、悪魔!,"이봐,악마!","이봐,악마!"
dom3Mikoto_X03.mes,Script/dom3Mikoto_X03.mes,47,25,Mikoto,なんじゃ、まだ生きておったのか.<6E5C>しぶとい奴じゃ,"뭐냐, 아직 살아 있었느냐.<6E5C>질긴 놈이로구나","뭐냐, 아직 살아 있었느냐.<6E5C>질긴 놈이로구나"
dom3Mikoto_X03.mes,Script/dom3Mikoto_X03.mes,48,19,주인공,俺が死ねばお前も消えると<6E5C>言ったよな,내가 죽으면 너도 사라진다<6E5C>했었지,내가 죽으면 너도 사라진다<6E5C>했었지
dom3Mikoto_X03.mes,Script/dom3Mikoto_X03.mes,49,12,Mikoto,おぉ、確かに言ったぞえ,확실히 그리 말했다,확실히 그리 말했다
dom3Mikoto_X03.mes,Script/dom3Mikoto_X03.mes,50,28,주인공,ならばこの血、すべてお前に<6E5C>くれてやる.よく見ておけ!,"그럼 이 피, 전부 네게<6E5C>주마. 잘 보아 두어라!","그럼 이 피, 전부 네게<6E5C>주마. 잘 보아 두어라!"
dom3Mikoto_X03.mes,Script/dom3Mikoto_X03.mes,51,5,[효과음/내레이션],チャキッ,챙!,챙!
dom3Mikoto_X03.mes,Script/dom3Mikoto_X03.mes,52,41,Mikoto,ほぅ!その刀で自分の首を飛ばす<6E5C>つもりか!それは見ものじゃ.<6E5C>とくと見てやろう!,호오! 그 칼로 제 목 베려는가!<6E5C>볼만하겠구나.<6E5C>똑똑히 봐 주마!,호오! 그 칼로 제 목 베려는가!<6E5C>볼만하겠구나.<6E5C>똑똑히 봐 주마!
dom3Mikoto_X03.mes,Script/dom3Mikoto_X03.mes,53,53,주인공,……ああ、悪魔.<6E5C>これでお前も終わりだ<485C>命さん、これであなたは助かる.<6E5C>俺の分まで、どうか生きてくれ……,"…그래, 악마.<6E5C>이걸로 끝이다<485C>미코토, 이걸로 당신은 살 수 있어.<6E5C>내 몫까지 살아 줘…","…그래, 악마.<6E5C>이걸로 끝이다<485C>미코토, 이걸로 당신은 살 수 있어.<6E5C>내 몫까지 살아 줘…"
dom3Mikoto_X03.mes,Script/dom3Mikoto_X03.mes,54,12,주인공,……フンッ!う、ぐ……,"…흐읍! 으, 윽…","…흐읍! 으, 윽…"
dom3Mikoto_X03.mes,Script/dom3Mikoto_X03.mes,55,6,[효과음/내레이션],ググッ……,으드득…,으드득…
dom3Mikoto_X03.mes,Script/dom3Mikoto_X03.mes,56,12,Mikoto,や……め、て……ぇ!!,"그, 그만…둬…요!!","그, 그만…둬…요!!"
dom3Mikoto_X03.mes,Script/dom3Mikoto_X03.mes,57,4,[효과음/내레이션],グサッ,푹,푹
dom3Mikoto_X03.mes,Script/dom3Mikoto_X03.mes,58,7,Mikoto,<이름:3131>様ーっ!,<이름:3131>님!,<이름:3131>님!
dom3Mikoto_X03.mes,Script/dom3Mikoto_X03.mes,59,9,주인공,……み、命さん?,"…미, 미코토?","…미, 미코토?"
dom3Mikoto_X03.mes,Script/dom3Mikoto_X03.mes,60,42,Mikoto,ああっ、<이름:3131>様!しっかりして.<6E5C>お願いです、死なないで……、<6E5C>死なないでください!,"아앗, <이름:3131>님! 정신 차려요.<6E5C>제발, 죽지 마세요…,<6E5C>죽지 말아 주세요!","아앗, <이름:3131>님! 정신 차려요.<6E5C>제발, 죽지 마세요…,<6E5C>죽지 말아 주세요!"
dom3Mikoto_X03.mes,Script/dom3Mikoto_X03.mes,61,32,주인공,これで、君は……、<6E5C>元気になれる…….<6E5C>さよなら……命さん……,"이걸로, 당신은…,<6E5C>건강해질 수 있어….<6E5C>안녕…미코토…","이걸로, 당신은…,<6E5C>건강해질 수 있어….<6E5C>안녕…미코토…"
dom3Mikoto_X03.mes,Script/dom3Mikoto_X03.mes,62,12,Mikoto,いやぁ!<이름:3131>様ー!!!,싫어요! <이름:3131>님!!!,싫어요! <이름:3131>님!!!
dom3Mikoto_X03.mes,Script/dom3Mikoto_X03.mes,63,13,주인공,(……?……あ、あれ?),"(…?…어, 어라?)","(…?…어, 어라?)"
dom3Mikoto_X03.mes,Script/dom3Mikoto_X03.mes,64,20,주인공,(俺……、<6E5C>まだ意識があるのか……?),"(나…, <6E5C>아직 의식이 있나…?)","(나…, <6E5C>아직 의식이 있나…?)"
dom3Mikoto_X03.mes,Script/dom3Mikoto_X03.mes,65,3,[효과음/내레이션],ハッ,헉,헉
dom3Mikoto_X03.mes,Script/dom3Mikoto_X03.mes,66,11,Mikoto,……<이름:3131>様?<이름:3131>様!,…<이름:3131>님? <이름:3131>님!,…<이름:3131>님? <이름:3131>님!
dom3Mikoto_X03.mes,Script/dom3Mikoto_X03.mes,67,21,주인공,み、命さん…….<6E5C>俺、まだ生きてるのか?,"미,미코토….<6E5C>나, 아직 살아 있나?","미,미코토….<6E5C>나, 아직 살아 있나?"
dom3Mikoto_X03.mes,Script/dom3Mikoto_X03.mes,68,15,Mikoto,よかった…….気がついて……,다행…이에요….정신 차려서,다행…이에요….정신 차려서
dom3Mikoto_X03.mes,Script/dom3Mikoto_X03.mes,69,35,주인공,よくないよ!ごめん、俺、<6E5C>すぐやりなおすから.<6E5C>そうしないと命さんが,"다행 아니야! 미안, 나<6E5C>바로 다시 할게.<6E5C>안 그럼 미코토가","다행 아니야! 미안, 나<6E5C>바로 다시 할게.<6E5C>안 그럼 미코토가"
dom3Mikoto_X03.mes,Script/dom3Mikoto_X03.mes,70,43,Mikoto,……やめてください!<6E5C><이름:3131>様が死のうとするぐらいなら、<6E5C>わたくしが自ら命を断ちます!,"…그만두세요!<6E5C><이름:3131>님이 죽으려 하실 바엔,<6E5C>제가 스스로 목숨을 끊겠어요!","…그만두세요!<6E5C><이름:3131>님이 죽으려 하실 바엔,<6E5C>제가 스스로 목숨을 끊겠어요!"
dom3Mikoto_X03.mes,Script/dom3Mikoto_X03.mes,71,5,주인공,そんな!,그런!,그런!
dom3Mikoto_X03.mes,Script/dom3Mikoto_X03.mes,72,32,Mikoto,ごめんなさい.<6E5C>わたくしのせいで<이름:3131>様まで<6E5C>こんな目に……うぅ,죄송해요.<6E5C>저 때문에 <이름:3131>님까지<6E5C>이런 일을…흑,죄송해요.<6E5C>저 때문에 <이름:3131>님까지<6E5C>이런 일을…흑
dom3Mikoto_X03.mes,Script/dom3Mikoto_X03.mes,73,6,주인공,命さん……,미코토…,미코토…
dom3Mikoto_X03.mes,Script/dom3Mikoto_X03.mes,74,41,Mikoto,わたくしがもっと早く死ねばよかっ<6E5C>たのです.そうすれば悪魔も<6E5C>滅ぶというのに……,제가 좀 더 일찍 죽었어야<6E5C>했어요. 그랬다면 악마도<6E5C>사라졌을 텐데…,제가 좀 더 일찍 죽었어야<6E5C>했어요. 그랬다면 악마도<6E5C>사라졌을 텐데…
dom3Mikoto_X03.mes,Script/dom3Mikoto_X03.mes,75,53,Mikoto,こんな体、<6E5C>引き裂いてしまいたい……<485C>いいえ、本当はもっと早くに<6E5C>引き裂いてしまった方が<6E5C>よかったのです,"이런 몸, <6E5C>찢어 버리고 싶어…<485C>아니요, 사실은 더 일찍<6E5C>찢어 버리는 편이<6E5C>나았을 거예요","이런 몸, <6E5C>찢어 버리고 싶어…<485C>아니요, 사실은 더 일찍<6E5C>찢어 버리는 편이<6E5C>나았을 거예요"
dom3Mikoto_X03.mes,Script/dom3Mikoto_X03.mes,76,46,Mikoto,そのせいで<이름:3131>様が<485C>……わたくしが、<이름:3131>様と<6E5C>少しでもいっしょにいたいと<6E5C>願ったばっかりに,"그 탓에 <이름:3131>님이<485C>…제가, <이름:3131>님과<6E5C>조금이라도 함께 있고 싶다고<6E5C>바랐던 탓에","그 탓에 <이름:3131>님이<485C>…제가, <이름:3131>님과<6E5C>조금이라도 함께 있고 싶다고<6E5C>바랐던 탓에"
dom3Mikoto_X03.mes,Script/dom3Mikoto_X03.mes,77,37,Mikoto,でもこれで決心がつきました.<6E5C>……<이름:3131>様、今まで<6E5C>ありがとうございました,"하지만 이걸로 결심이 섰어요.<6E5C>…<이름:3131>님, 지금까지<6E5C>감사했습니다","하지만 이걸로 결심이 섰어요.<6E5C>…<이름:3131>님, 지금까지<6E5C>감사했습니다"
dom3Mikoto_X03.mes,Script/dom3Mikoto_X03.mes,78,3,[효과음/내레이션],スッ,스윽,스윽
dom3Mikoto_X03.mes,Script/dom3Mikoto_X03.mes,79,13,주인공,待って!命さん!駄目だ!,기다려!미코토!안 돼!,기다려!미코토!안 돼!
dom3Mikoto_X03.mes,Script/dom3Mikoto_X03.mes,80,7,Mikoto,<이름:3131>様……?,<이름:3131>님…?,<이름:3131>님…?
dom3Mikoto_X03.mes,Script/dom3Mikoto_X03.mes,81,26,주인공,早まっては駄目だ.<6E5C>何か方法があるはずです、きっと,서두르면 안 돼.<6E5C>분명 방법이 있을 거예요,서두르면 안 돼.<6E5C>분명 방법이 있을 거예요
dom3Mikoto_X03.mes,Script/dom3Mikoto_X03.mes,82,31,주인공,悪魔を追い出してみせると、<6E5C>俺に言ってくれたじゃないですか!,"악마를 몰아내 보이겠다고,<6E5C>나한테 말해 줬잖아요!","악마를 몰아내 보이겠다고,<6E5C>나한테 말해 줬잖아요!"
dom3Mikoto_X03.mes,Script/dom3Mikoto_X03.mes,83,43,Mikoto,わたくしには、しょせん無理だった<6E5C>のです…….現に、こうして<6E5C><이름:3131>様まで傷つけて……,"저에게는, 결국 무리였던<6E5C>거예요….실제로, 이렇게<6E5C><이름:3131>님까지 다치게 하고서…","저에게는, 결국 무리였던<6E5C>거예요….실제로, 이렇게<6E5C><이름:3131>님까지 다치게 하고서…"
dom3Mikoto_X03.mes,Script/dom3Mikoto_X03.mes,84,48,Mikoto,このままではまたたくさんの不幸を<6E5C>招いてしまいます.それを止める<6E5C>ためにはわたくしが死ぬしか!,이대로는 또 많은 불행을<6E5C>불러오고 말 거예요. 그걸 막기<6E5C>위해서는 제가 죽는 수밖에!,이대로는 또 많은 불행을<6E5C>불러오고 말 거예요. 그걸 막기<6E5C>위해서는 제가 죽는 수밖에!
dom3Mikoto_X03.mes,Script/dom3Mikoto_X03.mes,85,34,Mikoto,これはわたくしの悪しき心……<6E5C>一心同体なのです.<6E5C>他に方法など……,이건 제 안의 사악한 마음…<6E5C>일심동체예요.<6E5C>다른 방법 없어…,이건 제 안의 사악한 마음…<6E5C>일심동체예요.<6E5C>다른 방법 없어…
dom3Mikoto_X03.mes,Script/dom3Mikoto_X03.mes,86,35,주인공,(ううっ、いったい何と言えば<6E5C>命さんを止めることが<6E5C>できるんだ……),"(으윽, 대체 뭐라고 해야<6E5C>미코토 씨를 막을 수<6E5C>있는 거지…)","(으윽, 대체 뭐라고 해야<6E5C>미코토 씨를 막을 수<6E5C>있는 거지…)"
dom3Mikoto_X03.mes,Script/dom3Mikoto_X03.mes,87,30,[선택지],命さんが死んだら俺が不幸になる命さんが死んでも解決にならない,미코토가 죽으면 내가 불행해진다\죽어도 해결 안 돼,미코토가 죽으면 내가 불행해진다\죽어도 해결 안 돼
dom3Mikoto_X03.mes,Script/dom3Mikoto_X03.mes,88,20,주인공,命さんが死んだら俺が<6E5C>不幸になります!,미코토가 죽으면 내가<6E5C>불행해집니다!,미코토가 죽으면 내가<6E5C>불행해집니다!
dom3Mikoto_X03.mes,Script/dom3Mikoto_X03.mes,89,20,Mikoto,<이름:3131>様、<6E5C>何をおっしゃっているのです?,"<이름:3131>님, <6E5C>무슨 말씀이세요?","<이름:3131>님, <6E5C>무슨 말씀이세요?"
dom3Mikoto_X03.mes,Script/dom3Mikoto_X03.mes,90,45,주인공,命さんが死ぬなんて耐えられない.<6E5C>他の誰を不幸にしても、<6E5C>命さんは死んで欲しくないんだ!,미코토가 죽는 걸 못 견뎌.<6E5C>남들 불행해져도<6E5C>미코토는 죽지 않았으면 좋겠어!,미코토가 죽는 걸 못 견뎌.<6E5C>남들 불행해져도<6E5C>미코토는 죽지 않았으면 좋겠어!
dom3Mikoto_X03.mes,Script/dom3Mikoto_X03.mes,91,48,주인공,勝手なことを言っているのは<6E5C>わかっています<485C>それでも、俺は命さんには<6E5C>生きていて欲しいんです!,"제멋대로인 말이라는 건<6E5C>알고 있습니다<485C>그래도, 나는 미코토 씨가<6E5C>살아 있길 바랍니다!","제멋대로인 말이라는 건<6E5C>알고 있습니다<485C>그래도, 나는 미코토 씨가<6E5C>살아 있길 바랍니다!"
dom3Mikoto_X03.mes,Script/dom3Mikoto_X03.mes,92,6,Mikoto,<이름:3131>様……,<이름:3131>님…,<이름:3131>님…
dom3Mikoto_X03.mes,Script/dom3Mikoto_X03.mes,93,46,주인공,お願いです、けっして死んだり<6E5C>しないでください.もし、俺を<6E5C>少しでも想ってくれるのなら……,"부탁이에요, 절대 죽지<6E5C>말아 주세요. 혹시, 나를<6E5C>조금이라도 생각해 준다면…","부탁이에요, 절대 죽지<6E5C>말아 주세요. 혹시, 나를<6E5C>조금이라도 생각해 준다면…"
dom3Mikoto_X03.mes,Script/dom3Mikoto_X03.mes,94,9,Mikoto,あぁ、<이름:3131>様……,"아아, <이름:3131>님…","아아, <이름:3131>님…"
dom3Mikoto_X03.mes,Script/dom3Mikoto_X03.mes,95,11,Mikoto,……しかし、それでは,"…하지만, 그럼","…하지만, 그럼"
dom3Mikoto_X03.mes,Script/dom3Mikoto_X03.mes,96,48,주인공,俺、何か方法がないか探してみます<6E5C>.命さんもつらいでしょうが、<6E5C>どうかそれまで頑張ってください,"나, 무슨 방법이 없는지 찾아볼게<6E5C>.미코토 씨도 힘들겠지만,<6E5C>부디 그때까지 버텨 줘","나, 무슨 방법이 없는지 찾아볼게<6E5C>.미코토 씨도 힘들겠지만,<6E5C>부디 그때까지 버텨 줘"
dom3Mikoto_X03.mes,Script/dom3Mikoto_X03.mes,97,53,Mikoto,わかりました.<6E5C>……ありがとうございます<485C>わたくしは命の火が尽きるまで、<6E5C><이름:3131>様のことを信じて頑張ります,"알겠습니다.<6E5C>…감사합니다<485C>저는 목숨의 불씨가 다할 때까지,<6E5C><이름:3131>님을 믿고 버티겠습니다","알겠습니다.<6E5C>…감사합니다<485C>저는 목숨의 불씨가 다할 때까지,<6E5C><이름:3131>님을 믿고 버티겠습니다"
dom3Mikoto_X03.mes,Script/dom3Mikoto_X03.mes,98,14,주인공,命さん…….俺も頑張ります,미코토 씨….나도 힘낼게,미코토 씨….나도 힘낼게
dom3Mikoto_X03.mes,Script/dom3Mikoto_X03.mes,99,22,주인공,命さんが死んでも、<6E5C>本当の解決にならない!,"미코토가 죽어도,<6E5C>진짜 해결은 안 돼!","미코토가 죽어도,<6E5C>진짜 해결은 안 돼!"
dom3Mikoto_X03.mes,Script/dom3Mikoto_X03.mes,100,6,Mikoto,<이름:3131>様……,<이름:3131>님…,<이름:3131>님…
dom3Mikoto_X03.mes,Script/dom3Mikoto_X03.mes,101,59,Mikoto,わたくしのことを考えて<6E5C>くださるのは嬉しいですが、<485C>皆を不幸にしてまで<6E5C>生きながらえるなど、<6E5C>わたくしにはできません,"저를 생각해<6E5C>주시는 건 기쁘지만,<485C>모두를 불행하게 만들면서까지<6E5C>살아남는 건, 저로서는<6E5C>할 수 없어요","저를 생각해<6E5C>주시는 건 기쁘지만,<485C>모두를 불행하게 만들면서까지<6E5C>살아남는 건, 저로서는<6E5C>할 수 없어요"
dom3Mikoto_X03.mes,Script/dom3Mikoto_X03.mes,102,44,주인공,そんなことを言わないでください.<6E5C>命さんも皆も不幸にしない方法が<6E5C>きっとあるはずです!,그런 말 말아요.<6E5C>미코토도 모두도 불행 않을 방법이<6E5C>분명 있을 거예요!,그런 말 말아요.<6E5C>미코토도 모두도 불행 않을 방법이<6E5C>분명 있을 거예요!
dom3Mikoto_X03.mes,Script/dom3Mikoto_X03.mes,103,3,Mikoto,……,…,…
dom3Mikoto_X03.mes,Script/dom3Mikoto_X03.mes,104,28,주인공,命さん、もう長くは生きられないと<6E5C>おっしゃいましたよね,"미코토 씨, 이제 얼마 못 사신다고<6E5C>말씀하셨었죠","미코토 씨, 이제 얼마 못 사신다고<6E5C>말씀하셨었죠"
dom3Mikoto_X03.mes,Script/dom3Mikoto_X03.mes,105,5,Mikoto,……はい,…네,…네
dom3Mikoto_X03.mes,Script/dom3Mikoto_X03.mes,106,61,주인공,最後まで、あきらめないでください<6E5C>.俺、なんとか方法を探しますから<6E5C><485C>命さんもつらいでしょうが、<6E5C>どうか頑張ってください,"마지막까지, 포기하지 말아요<6E5C>.나, 어떻게든 방법을 찾을 테니<6E5C><485C>미코토도 힘들겠지만,<6E5C>부디 힘내요","마지막까지, 포기하지 말아요<6E5C>.나, 어떻게든 방법을 찾을 테니<6E5C><485C>미코토도 힘들겠지만,<6E5C>부디 힘내요"
dom3Mikoto_X03.mes,Script/dom3Mikoto_X03.mes,107,3,Mikoto,……,…,…
dom3Mikoto_X03.mes,Script/dom3Mikoto_X03.mes,108,25,Mikoto,……わかりました.<6E5C><이름:3131>様がそうおっしゃるのなら,…알겠습니다.<6E5C><이름:3131>님이 그리 말씀하신다면,…알겠습니다.<6E5C><이름:3131>님이 그리 말씀하신다면
dom3Mikoto_X03.mes,Script/dom3Mikoto_X03.mes,109,10,주인공,ありがとう、命さん,고마워 미코토 씨,고마워 미코토 씨
dom3Mikoto_X04.mes,Script/dom3Mikoto_X04.mes,0,58,주인공,(方法を探すと約束したものの、<6E5C>いったいどうすればいいんだろう?<6E5C>)<485C>(俺が死ぬしか方法がないなら、<6E5C>やはり……),"(방법을 찾겠다 약속했지만,<6E5C>대체 어떡해야 하지?<6E5C>)<485C>(내가 죽는 수밖에 없다면,<6E5C>역시……)","(방법을 찾겠다 약속했지만,<6E5C>대체 어떡해야 하지?<6E5C>)<485C>(내가 죽는 수밖에 없다면,<6E5C>역시……)"
dom3Mikoto_X04.mes,Script/dom3Mikoto_X04.mes,1,29,Iroha,旦那様、難しい顔をして<6E5C>おられますが、傷が痛むのですか?,"서방님, 표정이 굳어<6E5C>계신데, 상처가 아프신가요?","서방님, 표정이 굳어<6E5C>계신데, 상처가 아프신가요?"
dom3Mikoto_X04.mes,Script/dom3Mikoto_X04.mes,2,20,주인공,いや、悪魔退治の方法を<6E5C>考えていたんだ,"아니, 악마 퇴치법을<6E5C>생각 중이었어","아니, 악마 퇴치법을<6E5C>생각 중이었어"
dom3Mikoto_X04.mes,Script/dom3Mikoto_X04.mes,3,38,Iroha,悪魔退治?やっかいな話しですねぇ<6E5C>.専門の人に頼んだほうが<6E5C>よろしいのでは,악마 퇴치요? 골치 아프네요<6E5C>. 전문가한테 맡기는 게<6E5C>낫지 않을까요,악마 퇴치요? 골치 아프네요<6E5C>. 전문가한테 맡기는 게<6E5C>낫지 않을까요
dom3Mikoto_X04.mes,Script/dom3Mikoto_X04.mes,4,23,주인공,専門の人?悪魔を倒す仕事人<6E5C>なんているのか?,전문가? 악마 잡는 사람도<6E5C>있단 말이야?,전문가? 악마 잡는 사람도<6E5C>있단 말이야?
dom3Mikoto_X04.mes,Script/dom3Mikoto_X04.mes,5,66,Iroha,私、町で見たことがあります.<6E5C>大きな弓を持った、<6E5C>黄金色の肌の女性を<485C>あの方はきっと悪魔を退治する<6E5C>力を持った方ですわ.おそろしい,"저, 마을에서 본 적 있어요.<6E5C>큰 활을 든,<6E5C>황금빛 피부 여성을<485C>그분은 악마 퇴치<6E5C>힘 가진 분일 거예요. 무서워라","저, 마을에서 본 적 있어요.<6E5C>큰 활을 든,<6E5C>황금빛 피부 여성을<485C>그분은 악마 퇴치<6E5C>힘 가진 분일 거예요. 무서워라"
dom3Mikoto_X04.mes,Script/dom3Mikoto_X04.mes,6,15,주인공,弓?黄金色の肌?……そうか!,활? 황금 피부?……그래!,활? 황금 피부?……그래!
dom3Mikoto_X04.mes,Script/dom3Mikoto_X04.mes,7,58,Iroha,旦那様、行かれるおつもりですか?<6E5C>私、あの方はあまりおすすめ<6E5C>いたしません<485C>それなら、<6E5C>山でお募らしの人の方が……,"서방님, 가실 생각이세요?<6E5C>저, 그분은 추천<6E5C>안 드려요<485C>그럼 차라리,<6E5C>산에 사는 분 쪽이……","서방님, 가실 생각이세요?<6E5C>저, 그분은 추천<6E5C>안 드려요<485C>그럼 차라리,<6E5C>산에 사는 분 쪽이……"
dom3Mikoto_X04.mes,Script/dom3Mikoto_X04.mes,8,3,주인공,山?,산?,산?
dom3Mikoto_X04.mes,Script/dom3Mikoto_X04.mes,9,33,Iroha,はい.あの方なら私、安心できます<6E5C>!大きな鷹さんとお友達ですし!,네. 그분이라면 안심돼요<6E5C>! 큰 매랑 친구니까요!,네. 그분이라면 안심돼요<6E5C>! 큰 매랑 친구니까요!
dom3Mikoto_X04.mes,Script/dom3Mikoto_X04.mes,10,37,Mina,――そう、わたしは妖滅師…….<6E5C>あやかしを滅ぼすのが、<6E5C>わたしの役目……,"――그래, 나는 요멸사…….<6E5C>요괴를 멸하는 게,<6E5C>내 역할……","――그래, 나는 요멸사…….<6E5C>요괴를 멸하는 게,<6E5C>내 역할……"
dom3Mikoto_X04.mes,Script/dom3Mikoto_X04.mes,11,45,주인공,どうか悪魔退治をしてくれないか.<6E5C>その人は生まれてからずっと悪魔に<6E5C>苦しめられているんだ,부디 악마 퇴치를 해주세요.<6E5C>그 사람은 태어날 때부터<6E5C>악마에 시달렸어요,부디 악마 퇴치를 해주세요.<6E5C>그 사람은 태어날 때부터<6E5C>악마에 시달렸어요
dom3Mikoto_X04.mes,Script/dom3Mikoto_X04.mes,12,22,Mina,……あやかしは、許せない.<6E5C>……わかったわ,"……요괴는, 용서 못 해.<6E5C>……알았어","……요괴는, 용서 못 해.<6E5C>……알았어"
dom3Mikoto_X04.mes,Script/dom3Mikoto_X04.mes,13,5,[효과음/내레이션],ビィーン,삐이이잉,삐이이잉
dom3Mikoto_X04.mes,Script/dom3Mikoto_X04.mes,14,23,주인공,え?まさかその弓で命さんの<6E5C>体ごと撃つのか?,네? 그 활로 미코토 씨<6E5C>몸까지 쏜다고?,네? 그 활로 미코토 씨<6E5C>몸까지 쏜다고?
dom3Mikoto_X04.mes,Script/dom3Mikoto_X04.mes,15,31,Mina,体の中に巣食っているあやかしを<6E5C>滅ぼすには、それしかない……,"몸속 요괴를 멸하려면,<6E5C>그 수밖에 없어……","몸속 요괴를 멸하려면,<6E5C>그 수밖에 없어……"
dom3Mikoto_X04.mes,Script/dom3Mikoto_X04.mes,16,31,주인공,そんな!そんなことをしたら<6E5C>命さんも死んでしまうじゃないか!,그런! 그런 짓을 하면<6E5C>미코토 씨도 죽잖아!,그런! 그런 짓을 하면<6E5C>미코토 씨도 죽잖아!
dom3Mikoto_X04.mes,Script/dom3Mikoto_X04.mes,17,26,Mina,……それが、あやかしに<6E5C>取り憑かれた者のさだめ……,"……그것이, 요괴에게<6E5C>씌인 자의 숙명……","……그것이, 요괴에게<6E5C>씌인 자의 숙명……"
dom3Mikoto_X04.mes,Script/dom3Mikoto_X04.mes,18,23,주인공,そんなの駄目だ!<6E5C>撃たないで退治してくれよ!,그런 건 안 돼!<6E5C>쏘지 말고 퇴치해줘!,그런 건 안 돼!<6E5C>쏘지 말고 퇴치해줘!
dom3Mikoto_X04.mes,Script/dom3Mikoto_X04.mes,19,16,Mina,……そんなわがまま、知らないっ,"……그런 억지, 몰라!","……그런 억지, 몰라!"
dom3Mikoto_X04.mes,Script/dom3Mikoto_X04.mes,20,4,[효과음/내레이션],プイッ,홱,홱
dom3Mikoto_X04.mes,Script/dom3Mikoto_X04.mes,21,4,주인공,あ……,아……,아……
dom3Mikoto_X04.mes,Script/dom3Mikoto_X04.mes,22,33,Nakoruru,――たしかに、<6E5C>わたしはカムイコタンの巫女.<6E5C>お話はわかりました,"――확실히,<6E5C>저는 카무이코탄의 무녀예요.<6E5C>얘기는 알겠습니다","――확실히,<6E5C>저는 카무이코탄의 무녀예요.<6E5C>얘기는 알겠습니다"
dom3Mikoto_X04.mes,Script/dom3Mikoto_X04.mes,23,16,주인공,じゃあ、引き受けてくれるのかい,"그럼, 맡아줄 거야?","그럼, 맡아줄 거야?"
dom3Mikoto_X04.mes,Script/dom3Mikoto_X04.mes,24,25,Nakoruru,ですが、わたしの力だけでは<6E5C>祓うことはできません,"하지만, 제 힘만으로는<6E5C>물리칠 수 없어요","하지만, 제 힘만으로는<6E5C>물리칠 수 없어요"
dom3Mikoto_X04.mes,Script/dom3Mikoto_X04.mes,25,4,주인공,えっ?,어?,어?
dom3Mikoto_X04.mes,Script/dom3Mikoto_X04.mes,26,27,Nakoruru,<이름:3232>さんのお話では、その悪魔は<6E5C>命さんの悪い心だとか,"<이름:3232>씨 말론, 그 악마는<6E5C>미코토 씨 마음이래요","<이름:3232>씨 말론, 그 악마는<6E5C>미코토 씨 마음이래요"
dom3Mikoto_X04.mes,Script/dom3Mikoto_X04.mes,27,37,주인공,命さんはそう言ってた.<6E5C>でも、俺にはとてもそんな<6E5C>悪い心の人には見えない,미코토 씨가 그리 말했어.<6E5C>하지만 나쁜 맘 가진<6E5C>사람으론 안 보여,미코토 씨가 그리 말했어.<6E5C>하지만 나쁜 맘 가진<6E5C>사람으론 안 보여
dom3Mikoto_X04.mes,Script/dom3Mikoto_X04.mes,28,29,Nakoruru,<이름:3232>さん、悪い心は悪い人の<6E5C>中にだけあるのではないですよ,"<이름:3232>씨, 나쁜 맘은 나쁜 사람<6E5C>안에만 있진 않아요","<이름:3232>씨, 나쁜 맘은 나쁜 사람<6E5C>안에만 있진 않아요"
dom3Mikoto_X04.mes,Script/dom3Mikoto_X04.mes,29,4,주인공,えっ?,어?,어?
dom3Mikoto_X04.mes,Script/dom3Mikoto_X04.mes,30,36,Nakoruru,誰の心にもあるものなのです.<6E5C>わたしの心の中にも、<6E5C>あなたの心の中にも,"누구의 마음속에나 있는 거예요.<6E5C>제 마음속에도,<6E5C>당신 마음속에도","누구의 마음속에나 있는 거예요.<6E5C>제 마음속에도,<6E5C>당신 마음속에도"
dom3Mikoto_X04.mes,Script/dom3Mikoto_X04.mes,31,6,주인공,そんな……,그런……,그런……
dom3Mikoto_X04.mes,Script/dom3Mikoto_X04.mes,32,44,Nakoruru,修行を続けたくなったり、親切で<6E5C>投げかけられる言葉を疎ましく<6E5C>思うことがあるでしょう?,"수행을 계속하고 싶어지거나, 친절한<6E5C>말을 성가시게<6E5C>느낀 적 있으시죠?","수행을 계속하고 싶어지거나, 친절한<6E5C>말을 성가시게<6E5C>느낀 적 있으시죠?"
dom3Mikoto_X04.mes,Script/dom3Mikoto_X04.mes,33,12,주인공,うっ……ナコルルにも?,윽……나코루루한테도?,윽……나코루루한테도?
dom3Mikoto_X04.mes,Script/dom3Mikoto_X04.mes,34,13,Nakoruru,わたしも同じ人間ですよ?,저도 사람이잖아요?,저도 사람이잖아요?
dom3Mikoto_X04.mes,Script/dom3Mikoto_X04.mes,35,55,Nakoruru,命さんは、そんな些細な悪い心が<6E5C>何らかのきっかけで大きくなり、<485C>本人を乗っ取るまでに<6E5C>成長したのだと思います,"미코토 씨는, 그런 사소한 마음이<6E5C>어떤 계기로 커져서,<485C>본인을 삼킬 때까지<6E5C>자란 거라고 생각해요","미코토 씨는, 그런 사소한 마음이<6E5C>어떤 계기로 커져서,<485C>본인을 삼킬 때까지<6E5C>자란 거라고 생각해요"
dom3Mikoto_X04.mes,Script/dom3Mikoto_X04.mes,36,48,Nakoruru,だからそれを無理に消滅させること<6E5C>はできないし、封じることもわたし<6E5C>の力だけではできないのです,"그래서 억지로 소멸시키는 건<6E5C>불가능하고, 봉인도 제<6E5C>힘만으로는 할 수 없어요","그래서 억지로 소멸시키는 건<6E5C>불가능하고, 봉인도 제<6E5C>힘만으로는 할 수 없어요"
dom3Mikoto_X04.mes,Script/dom3Mikoto_X04.mes,37,20,주인공,そんな…….<6E5C>ナコルルだけが頼りなんだ,그런…….<6E5C>나코루루만이 의지가 돼,그런…….<6E5C>나코루루만이 의지가 돼
dom3Mikoto_X04.mes,Script/dom3Mikoto_X04.mes,38,42,Nakoruru,お手伝いすることはできます.<6E5C>でも、最終的には命さん本人の<6E5C>強い意志が必要なんです,도와드릴 수는 있어요.<6E5C>하지만 결국 미코토 씨 본인의<6E5C>강한 의지가 필요해요,도와드릴 수는 있어요.<6E5C>하지만 결국 미코토 씨 본인의<6E5C>강한 의지가 필요해요
dom3Mikoto_X04.mes,Script/dom3Mikoto_X04.mes,39,27,Nakoruru,でも、今の弱っている命さんに<6E5C>それを期待するのは……,하지만 쇠약한 미코토 씨에게<6E5C>기대하는 건……,하지만 쇠약한 미코토 씨에게<6E5C>기대하는 건……
dom3Mikoto_X04.mes,Script/dom3Mikoto_X04.mes,40,38,주인공,うぅ…….いや、でも今は<6E5C>それに賭けるしかない.<6E5C>他に方法も時間もないんだ,으…….아니 지금은<6E5C>거기 걸 수밖에 없어.<6E5C>다른 방법도 시간도 없어,으…….아니 지금은<6E5C>거기 걸 수밖에 없어.<6E5C>다른 방법도 시간도 없어
dom3Mikoto_X04.mes,Script/dom3Mikoto_X04.mes,41,22,Nakoruru,わかりました.<6E5C>できる限りお手伝いしますね,알겠어요.<6E5C>할 수 있는 한 도와드릴게요,알겠어요.<6E5C>할 수 있는 한 도와드릴게요
dom3Mikoto_X04.mes,Script/dom3Mikoto_X04.mes,42,11,주인공,ありがとう、ナコルル,"고마워, 나코루루","고마워, 나코루루"
dom3Mikoto_X04.mes,Script/dom3Mikoto_X04.mes,43,32,주인공,(ナコルルにはああ言ったものの、<6E5C>本当にできるんだろうか……),"(나코루루한테 그렇게 말했지만,<6E5C>정말 할 수 있을까……)","(나코루루한테 그렇게 말했지만,<6E5C>정말 할 수 있을까……)"
dom3Mikoto_X04.mes,Script/dom3Mikoto_X04.mes,44,4,[효과음/내레이션],ドンッ,쿵,쿵
dom3Mikoto_X04.mes,Script/dom3Mikoto_X04.mes,45,9,주인공,あ、すいませ……,"아, 죄송하……","아, 죄송하……"
dom3Mikoto_X04.mes,Script/dom3Mikoto_X04.mes,46,5,UNKNOWN_77,……貴様,……네놈,……네놈
dom3Mikoto_X04.mes,Script/dom3Mikoto_X04.mes,47,24,주인공,ヒ、ヒィィッ!<6E5C>すいません、考え事をしていて!,"히, 히익!<6E5C>죄송해요, 딴생각을 해서!","히, 히익!<6E5C>죄송해요, 딴생각을 해서!"
dom3Mikoto_X04.mes,Script/dom3Mikoto_X04.mes,48,20,UNKNOWN_1e,何を震えてるんだよ、<6E5C>みっともねぇなぁ,"뭘 그렇게 떨고 있어,<6E5C>꼴사납구나","뭘 그렇게 떨고 있어,<6E5C>꼴사납구나"
dom3Mikoto_X04.mes,Script/dom3Mikoto_X04.mes,49,8,주인공,覇王丸さん……,하오마루 씨…,하오마루 씨…
dom3Mikoto_X04.mes,Script/dom3Mikoto_X04.mes,50,20,UNKNOWN_75,おめぇ、<6E5C>そんなに幻十郎が怖いのかい?,"네놈,<6E5C>그리 겐주로가 무서운 거냐?","네놈,<6E5C>그리 겐주로가 무서운 거냐?"
dom3Mikoto_X04.mes,Script/dom3Mikoto_X04.mes,51,8,주인공,そ、そりゃ……,"그, 그야……","그, 그야……"
dom3Mikoto_X04.mes,Script/dom3Mikoto_X04.mes,52,31,UNKNOWN_75,逃げるな.おめぇだってやろうと<6E5C>思えばいい勝負できるはずだぜ,도망치지 마. 너도 하려면<6E5C>좋은 승부 할 수 있을 거다,도망치지 마. 너도 하려면<6E5C>좋은 승부 할 수 있을 거다
dom3Mikoto_X04.mes,Script/dom3Mikoto_X04.mes,53,31,UNKNOWN_77,なんだと、覇王丸.<6E5C>貴様、俺がこの小僧に<6E5C>負けると言うのか?,"뭐라고, 하오마루.<6E5C>내가 이 애송이한테<6E5C>진다는 거냐?","뭐라고, 하오마루.<6E5C>내가 이 애송이한테<6E5C>진다는 거냐?"
dom3Mikoto_X04.mes,Script/dom3Mikoto_X04.mes,54,26,주인공,そうですよ、俺なんかすぐに<6E5C>斬られてしまいますよ!,"맞아요, 저 같은 건 바로<6E5C>베여버릴 거라고요!","맞아요, 저 같은 건 바로<6E5C>베여버릴 거라고요!"
dom3Mikoto_X04.mes,Script/dom3Mikoto_X04.mes,55,25,UNKNOWN_75,かぁー!そんな逃げ腰じゃ<6E5C>勝てるもんも勝てねぇよ,캬핫! 그리 발을 빼선<6E5C>이길 것도 못 이겨,캬핫! 그리 발을 빼선<6E5C>이길 것도 못 이겨
dom3Mikoto_X04.mes,Script/dom3Mikoto_X04.mes,56,31,UNKNOWN_75,いいか、勝負ってのはな、最後まで<6E5C>勝つって思った方が勝つんだ,"잘 들어, 승부란 건, 끝까지<6E5C>이긴다고 믿는 쪽이 이겨","잘 들어, 승부란 건, 끝까지<6E5C>이긴다고 믿는 쪽이 이겨"
dom3Mikoto_X04.mes,Script/dom3Mikoto_X04.mes,57,11,주인공,そんなむちゃくちゃな,그런 말도 안 되는,그런 말도 안 되는
dom3Mikoto_X04.mes,Script/dom3Mikoto_X04.mes,58,21,UNKNOWN_77,強い者が生き、弱い者は死ぬ.<6E5C>それだけだ,강자는 살고 약자는 죽는다.<6E5C>그뿐이다,강자는 살고 약자는 죽는다.<6E5C>그뿐이다
dom3Mikoto_X04.mes,Script/dom3Mikoto_X04.mes,59,37,UNKNOWN_75,そういうおめぇだって勝つ気で<6E5C>いるから、今まで生き残って<6E5C>きたんだろうが,"그리 말하는 너도 이길 마음에<6E5C>있으니, 지금까지 살아<6E5C>남은 거잖아","그리 말하는 너도 이길 마음에<6E5C>있으니, 지금까지 살아<6E5C>남은 거잖아"
dom3Mikoto_X04.mes,Script/dom3Mikoto_X04.mes,60,15,UNKNOWN_77,フン.俺を斬れる奴などおらぬ,흥. 날 벨 놈 따위 없다,흥. 날 벨 놈 따위 없다
dom3Mikoto_X04.mes,Script/dom3Mikoto_X04.mes,61,31,UNKNOWN_75,それだよ.その意志の強さこそが、<6E5C>斬り合って勝つ秘訣なんだよ,"그거야. 그 의지야말로,<6E5C>칼싸움서 이기는 비결이다","그거야. 그 의지야말로,<6E5C>칼싸움서 이기는 비결이다"
dom3Mikoto_X04.mes,Script/dom3Mikoto_X04.mes,62,49,UNKNOWN_75,……命も、悪魔に勝つ気さえありゃ<6E5C>、なんとでもなるんだ.なのに、<6E5C>はなから勝負を捨ててやがる……,"……미코토도, 이길 마음만 있으면<6E5C>어떻게든 돼. 그런데,<6E5C>처음부터 승부를 버려가지고……","……미코토도, 이길 마음만 있으면<6E5C>어떻게든 돼. 그런데,<6E5C>처음부터 승부를 버려가지고……"
dom3Mikoto_X04.mes,Script/dom3Mikoto_X04.mes,63,3,주인공,……,……,……
dom3Mikoto_X04.mes,Script/dom3Mikoto_X04.mes,64,50,UNKNOWN_77,フッ、覇王丸.貴様にしてはめずら<6E5C>しく迷いのある顔をしている.その<6E5C>悩み、俺が首ごと断ってやろうか,"훗, 하오마루. 네놈답잖게<6E5C>망설이는 얼굴이군. 그<6E5C>고민, 내가 목째로 잘라주랴","훗, 하오마루. 네놈답잖게<6E5C>망설이는 얼굴이군. 그<6E5C>고민, 내가 목째로 잘라주랴"
dom3Mikoto_X04.mes,Script/dom3Mikoto_X04.mes,65,17,UNKNOWN_75,……いいだろう.やれるもんならな,……좋다. 할 수 있다면,……좋다. 할 수 있다면
dom3Mikoto_X04.mes,Script/dom3Mikoto_X04.mes,66,17,UNKNOWN_77,その軽口、二度ときけなくしてやる,그 입 다신 못 놀리게 해주마,그 입 다신 못 놀리게 해주마
dom3Mikoto_X04.mes,Script/dom3Mikoto_X04.mes,67,3,[효과음/내레이션],ザッ,스윽,스윽
dom3Mikoto_X04.mes,Script/dom3Mikoto_X04.mes,68,28,주인공,(……行ってしまった.<6E5C>あの二人、実は仲がいいのか?),"(……가버렸다.<6E5C>저 둘, 실은 사이좋은 건가?)","(……가버렸다.<6E5C>저 둘, 실은 사이좋은 건가?)"
dom3Mikoto_X04.mes,Script/dom3Mikoto_X04.mes,69,43,주인공,(しかし、意志の力が勝負を決める<6E5C>……か.そうだな、それこそ<6E5C>死んだら後がないんだ),"(의지의 힘이 승부를 정한다<6E5C>……라. 그렇지, 죽으면<6E5C>그걸로 끝이야)","(의지의 힘이 승부를 정한다<6E5C>……라. 그렇지, 죽으면<6E5C>그걸로 끝이야)"
dom3Mikoto_X04.mes,Script/dom3Mikoto_X04.mes,70,47,주인공,(『武士道とは倒すことと見つけ<6E5C>たり』だ!待っていろよ悪魔.<6E5C>お前は俺と命さんで必ず倒す!),(『무사도란 쓰러뜨림이라<6E5C>깨달았다』! 기다려라 악마.<6E5C>나와 미코토가 쓰러뜨린다!),(『무사도란 쓰러뜨림이라<6E5C>깨달았다』! 기다려라 악마.<6E5C>나와 미코토가 쓰러뜨린다!)
dom3Mikoto_X04.mes,Script/dom3Mikoto_X04.mes,71,30,주인공,(命さん…….枯華院にいなかった<6E5C>.こんな時間にどこへ?),(미코토 씨…….고카인에 없었어<6E5C>이 시간에 어디로?),(미코토 씨…….고카인에 없었어<6E5C>이 시간에 어디로?)
dom3Mikoto_X04.mes,Script/dom3Mikoto_X04.mes,72,4,[효과음/내레이션],フラッ,휘청,휘청
dom3Mikoto_X04.mes,Script/dom3Mikoto_X04.mes,73,22,주인공,!<020A>あの後ろ姿は命さん?<6E5C>いったいどこに!,"!<020A>저 뒷모습, 미코토 씨?<6E5C>어디로!","!<020A>저 뒷모습, 미코토 씨?<6E5C>어디로!"
dom3Mikoto_X04.mes,Script/dom3Mikoto_X04.mes,74,7,Mikoto,……はぁはぁ,"하아, 하아","하아, 하아"
dom3Mikoto_X04.mes,Script/dom3Mikoto_X04.mes,75,14,주인공,命さん……、苦しいのですね,"미코토 씨……, 힘드시죠","미코토 씨……, 힘드시죠"
dom3Mikoto_X04.mes,Script/dom3Mikoto_X04.mes,76,22,Mikoto,……<이름:3131>様?<6E5C>……来てくださったのですか?,……<이름:3131> 님?<6E5C>……와주셨나요?,……<이름:3131> 님?<6E5C>……와주셨나요?
dom3Mikoto_X04.mes,Script/dom3Mikoto_X04.mes,77,24,주인공,こんなところで、<6E5C>ひとりで苦しまないでください,"이런 곳에서,<6E5C>혼자 힘들어하지 마세요","이런 곳에서,<6E5C>혼자 힘들어하지 마세요"
dom3Mikoto_X04.mes,Script/dom3Mikoto_X04.mes,78,19,주인공,……悪魔は、<6E5C>俺がなんとかしますから,"……악마는,<6E5C>제가 해결할게요","……악마는,<6E5C>제가 해결할게요"
dom3Mikoto_X04.mes,Script/dom3Mikoto_X04.mes,79,5,Mikoto,え……?,네……?,네……?
dom3Mikoto_X04.mes,Script/dom3Mikoto_X04.mes,80,26,주인공,きっと命さんを救ってみせます.<6E5C>もう少しの辛抱です,반드시 미코토 씨를 구할게요<6E5C>조금만 견뎌주세요,반드시 미코토 씨를 구할게요<6E5C>조금만 견뎌주세요
dom3Mikoto_X04.mes,Script/dom3Mikoto_X04.mes,81,35,Mikoto,……<이름:3131>様、<6E5C>またこの前のように危ないことを<6E5C>されるつもりなのでは?,"……<이름:3131> 님,<6E5C>또 지난번처럼 위험한 일을<6E5C>하실 생각이신 거죠?","……<이름:3131> 님,<6E5C>또 지난번처럼 위험한 일을<6E5C>하실 생각이신 거죠?"
dom3Mikoto_X04.mes,Script/dom3Mikoto_X04.mes,82,39,Mikoto,わたくしでしたらよいのですよ.<6E5C>もうとうにあきらめて覚悟して<6E5C>いるのですから,저라면 괜찮아요.<6E5C>이미 오래전에 포기하고 각오를<6E5C>했으니까요,저라면 괜찮아요.<6E5C>이미 오래전에 포기하고 각오를<6E5C>했으니까요
dom3Mikoto_X04.mes,Script/dom3Mikoto_X04.mes,83,35,주인공,そんなことを言うな!<6E5C>あきらめるなんて、<6E5C>ぜったいに言っちゃ駄目だ!,"그런 말 마세요!<6E5C>포기한다니,<6E5C>절대 그런 말 하면 안 돼요!","그런 말 마세요!<6E5C>포기한다니,<6E5C>절대 그런 말 하면 안 돼요!"
dom3Mikoto_X04.mes,Script/dom3Mikoto_X04.mes,84,6,Mikoto,<이름:3131>様……,<이름:3131>님……,<이름:3131>님……
dom3Mikoto_X04.mes,Script/dom3Mikoto_X04.mes,85,17,주인공,どうして、どうしてわからないんだ,"왜, 왜 모르는 거예요","왜, 왜 모르는 거예요"
dom3Mikoto_X04.mes,Script/dom3Mikoto_X04.mes,86,55,주인공,俺は、あなたがいなくなることが<6E5C>こんなに悲しいのに!<485C>なぜ、俺の気持ちすらないがしろに<6E5C>して死のうなどと……,"저는, 당신이 사라지는 게<6E5C>이렇게 슬픈데!<485C>왜, 제 마음 아랑곳 않고<6E5C>죽으려 하시는 겁니까……","저는, 당신이 사라지는 게<6E5C>이렇게 슬픈데!<485C>왜, 제 마음 아랑곳 않고<6E5C>죽으려 하시는 겁니까……"
dom3Mikoto_X04.mes,Script/dom3Mikoto_X04.mes,87,23,주인공,俺を信じてください!<6E5C>あなたを必ず助けます!,믿어주세요!<6E5C>당신을 반드시 구합니다!,믿어주세요!<6E5C>당신을 반드시 구합니다!
dom3Mikoto_X04.mes,Script/dom3Mikoto_X04.mes,88,9,Mikoto,うっ、ううっ……,"흑, 흐흑……","흑, 흐흑……"
dom3Mikoto_X04.mes,Script/dom3Mikoto_X04.mes,89,14,주인공,泣かないでください、命さん,"울지 마세요, 미코토 씨","울지 마세요, 미코토 씨"
dom3Mikoto_X04.mes,Script/dom3Mikoto_X04.mes,90,46,Mikoto,……ならば、<이름:3131>様<485C><이름:3131>様もけっして、わたくしの<6E5C>ために死を選ばないと<6E5C>誓ってくれますか?,"……그럼, <이름:3131> 님<485C><이름:3131> 님도 절대, 저를<6E5C>위해 죽지 않겠다고<6E5C>맹세해주시겠어요?","……그럼, <이름:3131> 님<485C><이름:3131> 님도 절대, 저를<6E5C>위해 죽지 않겠다고<6E5C>맹세해주시겠어요?"
dom3Mikoto_X04.mes,Script/dom3Mikoto_X04.mes,91,6,주인공,命さん……,미코토씨…,미코토씨…
dom3Mikoto_X04.mes,Script/dom3Mikoto_X04.mes,92,59,Mikoto,<이름:3131>様の命と引き揆えに<6E5C>生きるなど、わたくしには<6E5C>耐えられません<485C>あなた様が命を断つのであれば、<6E5C>わたくしも死にます,"<이름:3131> 님 목숨과 바꿔<6E5C>사는 건, 저는<6E5C>견딜 수 없어요<485C>당신이 목숨을 끊으면,<6E5C>저도 죽겠어요","<이름:3131> 님 목숨과 바꿔<6E5C>사는 건, 저는<6E5C>견딜 수 없어요<485C>당신이 목숨을 끊으면,<6E5C>저도 죽겠어요"
dom3Mikoto_X04.mes,Script/dom3Mikoto_X04.mes,93,26,주인공,……たとえ、それで悪魔から<6E5C>解放されるとしても……,"……설령, 그걸로 악마에게서<6E5C>해방된다 해도……","……설령, 그걸로 악마에게서<6E5C>해방된다 해도……"
dom3Mikoto_X04.mes,Script/dom3Mikoto_X04.mes,94,29,Mikoto,はい.<이름:3131>様を失うくらいなら、<6E5C>悪魔に支配された方が……,네.<이름:3131>님을 잃느니<6E5C>차라리 악마에 지배당하는 게……,네.<이름:3131>님을 잃느니<6E5C>차라리 악마에 지배당하는 게……
dom3Mikoto_X04.mes,Script/dom3Mikoto_X04.mes,95,55,주인공,……わかりました.<6E5C>俺も、もう死を選びません<485C>だから命さんも、どんなことが<6E5C>あっても生きる道を選んでください,……알겠습니다.<6E5C>저도 죽음을 택하지 않을게요<485C>미코토 씨도 무슨 일이<6E5C>있어도 살아갈 길을 택해주세요,……알겠습니다.<6E5C>저도 죽음을 택하지 않을게요<485C>미코토 씨도 무슨 일이<6E5C>있어도 살아갈 길을 택해주세요
dom3Mikoto_X04.mes,Script/dom3Mikoto_X04.mes,96,15,Mikoto,では……共に生きる希望を……,그럼……함께 살 희망을……,그럼……함께 살 희망을……
dom3Mikoto_X04.mes,Script/dom3Mikoto_X04.mes,97,27,주인공,ええ、共に生きましょう.<6E5C>それ以外に、道はありません,"네, 함께 살아갑시다.<6E5C>그 외엔 다른 길 없어요","네, 함께 살아갑시다.<6E5C>그 외엔 다른 길 없어요"
dom3Mikoto_X04.mes,Script/dom3Mikoto_X04.mes,98,21,Mikoto,……はい.ありがとうございます、<6E5C><이름:3131>様,"……네. 감사합니다,<6E5C><이름:3131> 님","……네. 감사합니다,<6E5C><이름:3131> 님"
dom3Mikoto_X04.mes,Script/dom3Mikoto_X04.mes,99,55,주인공,今夜はもう遅い.<6E5C>枯華院まで送ります<485C>明日また来ますから、心の準備を<6E5C>して待っていてください.<6E5C>いいですね?,오늘 밤 늦었어요<6E5C>고카인까지 데려다줄게요<485C>내일 다시 올 테니<6E5C>마음 준비하고 기다려주세요.<6E5C>알겠죠?,오늘 밤 늦었어요<6E5C>고카인까지 데려다줄게요<485C>내일 다시 올 테니<6E5C>마음 준비하고 기다려주세요.<6E5C>알겠죠?
dom3Mikoto_X04.mes,Script/dom3Mikoto_X04.mes,100,5,Mikoto,……はい,……네,……네
dom3Mikoto_X05.mes,Script/dom3Mikoto_X05.mes,0,9,주인공,おはよう、いろは,"안녕, 이로하","안녕, 이로하"
dom3Mikoto_X05.mes,Script/dom3Mikoto_X05.mes,1,14,Iroha,おはようございます、旦那様,"안녕하세요, 나리","안녕하세요, 나리"
dom3Mikoto_X05.mes,Script/dom3Mikoto_X05.mes,2,25,주인공,……どうした、いろは?<6E5C>そんなに俺の顔を見つめて,"……왜, 이로하?<6E5C>내 얼굴을 빤히 보고","……왜, 이로하?<6E5C>내 얼굴을 빤히 보고"
dom3Mikoto_X05.mes,Script/dom3Mikoto_X05.mes,3,35,Iroha,今朝の旦那様は良い顔をして<6E5C>おられます.<6E5C>迷いが晴れたような、そんな,오늘 아침 나린 좋은 얼굴<6E5C>하고 계세요.<6E5C>미혹 걷힌 듯해요,오늘 아침 나린 좋은 얼굴<6E5C>하고 계세요.<6E5C>미혹 걷힌 듯해요
dom3Mikoto_X05.mes,Script/dom3Mikoto_X05.mes,4,24,주인공,迷いが晴れた……か.<6E5C>確かにそうかもしれないな,미혹이 걷혔다……라.<6E5C>확실히 그럴지도,미혹이 걷혔다……라.<6E5C>확실히 그럴지도
dom3Mikoto_X05.mes,Script/dom3Mikoto_X05.mes,5,18,Iroha,……頑張ってくださいまし.<6E5C>旦那様,……힘내세요.<6E5C>나리,……힘내세요.<6E5C>나리
dom3Mikoto_X05.mes,Script/dom3Mikoto_X05.mes,6,17,주인공,頑張ってって……知っているのか?,힘내라니……알고 있는 거야?,힘내라니……알고 있는 거야?
dom3Mikoto_X05.mes,Script/dom3Mikoto_X05.mes,7,47,Iroha,ふふっ、いろはは、旦那様のことな<6E5C>らなんでもお見通しです!気をつ<6E5C>けて行ってらっしゃいませ!,"후훗, 이로하는 나리의 일이라면<6E5C>뭐든지 다 알아요! 조심해서<6E5C>다녀오세요!","후훗, 이로하는 나리의 일이라면<6E5C>뭐든지 다 알아요! 조심해서<6E5C>다녀오세요!"
dom3Mikoto_X05.mes,Script/dom3Mikoto_X05.mes,8,6,[효과음/내레이션],カチカチッ,딸깍딸깍,딸깍딸깍
dom3Mikoto_X05.mes,Script/dom3Mikoto_X05.mes,9,14,주인공,火打ち石か…….ありがとう,부싯돌인가……. 고마워,부싯돌인가……. 고마워
dom3Mikoto_X05.mes,Script/dom3Mikoto_X05.mes,10,17,Iroha,どうか無事に帰って来てくださいね,부디 무사히 돌아와 주세요,부디 무사히 돌아와 주세요
dom3Mikoto_X05.mes,Script/dom3Mikoto_X05.mes,11,3,주인공,ああ,그래,그래
dom3Mikoto_X05.mes,Script/dom3Mikoto_X05.mes,12,64,주인공,……問題は、今でも苦しんでいる<6E5C>命さんに悪魔と対決するだけの<6E5C>気力があるかだよな<485C>気力なんて、言葉で持てるもの<6E5C>ではないし……,"……문제는, 지금도 힘든<6E5C>미코토씨에게 악마와 맞설<6E5C>기력이 있냐는 거지<485C>기력은, 말로 가질 수<6E5C>있는 게 아니고……","……문제는, 지금도 힘든<6E5C>미코토씨에게 악마와 맞설<6E5C>기력이 있냐는 거지<485C>기력은, 말로 가질 수<6E5C>있는 게 아니고……"
dom3Mikoto_X05.mes,Script/dom3Mikoto_X05.mes,13,9,UNKNOWN_1e,心配いらない……,걱정 마세요……,걱정 마세요……
dom3Mikoto_X05.mes,Script/dom3Mikoto_X05.mes,14,4,주인공,えっ?,엥?,엥?
dom3Mikoto_X05.mes,Script/dom3Mikoto_X05.mes,15,24,Shiki,愛があれば、あの子はいくらでも<6E5C>強くなれる……,사랑이 있다면 얼마든지<6E5C>강해질 수 있어……,사랑이 있다면 얼마든지<6E5C>강해질 수 있어……
dom3Mikoto_X05.mes,Script/dom3Mikoto_X05.mes,16,7,주인공,色さん……?,시키 씨…?,시키 씨…?
dom3Mikoto_X05.mes,Script/dom3Mikoto_X05.mes,17,24,Shiki,あなたが……あの子に愛を教えて<6E5C>くれた人……?,당신이……아이에게<6E5C>사랑을 가르친 사람……?,당신이……아이에게<6E5C>사랑을 가르친 사람……?
dom3Mikoto_X05.mes,Script/dom3Mikoto_X05.mes,18,7,주인공,え、あ、あの,"네, 저기","네, 저기"
dom3Mikoto_X05.mes,Script/dom3Mikoto_X05.mes,19,21,Shiki,……あの子を呪縛から、<6E5C>解き放ってね……,……저 아이를 저주에서<6E5C>풀어주세요……,……저 아이를 저주에서<6E5C>풀어주세요……
dom3Mikoto_X05.mes,Script/dom3Mikoto_X05.mes,20,3,[효과음/내레이션],スッ,스윽,스윽
dom3Mikoto_X05.mes,Script/dom3Mikoto_X05.mes,21,5,주인공,あっ……,앗……,앗……
dom3Mikoto_X05.mes,Script/dom3Mikoto_X05.mes,22,15,주인공,(今の言葉はどういう……?),"(방금 말, 대체……?)","(방금 말, 대체……?)"
dom3Mikoto_X05.mes,Script/dom3Mikoto_X05.mes,23,17,주인공,命さん、待っていてくれたのですね,"미코토 씨, 기다려 주셨군요","미코토 씨, 기다려 주셨군요"
dom3Mikoto_X05.mes,Script/dom3Mikoto_X05.mes,24,16,Mikoto,<이름:3131>様……みそぎは済ませました,<이름:3131>님……목욕재계 마쳤습니다,<이름:3131>님……목욕재계 마쳤습니다
dom3Mikoto_X05.mes,Script/dom3Mikoto_X05.mes,25,11,주인공,体調はいかがですか?,몸 상태 어떠세요?,몸 상태 어떠세요?
dom3Mikoto_X05.mes,Script/dom3Mikoto_X05.mes,26,54,Mikoto,なんとか立ち上がるぐらい<6E5C>には…….ろうそくも最後は<6E5C>燃え上がると言います<485C>きっと、そんな状態なのでしょう,"그럭저럭 설 수는<6E5C>있을 정도예요…….촛불도 마지막엔<6E5C>더 밝게 탄다지요<485C>분명, 그런 상태겠지요","그럭저럭 설 수는<6E5C>있을 정도예요…….촛불도 마지막엔<6E5C>더 밝게 탄다지요<485C>분명, 그런 상태겠지요"
dom3Mikoto_X05.mes,Script/dom3Mikoto_X05.mes,27,35,주인공,またそんなことを.<6E5C>しっかりしてください.<6E5C>命さんの力が必要なんです,또 그런 말씀을.<6E5C>정신 차리세요.<6E5C>미코토 씨의 힘이 필요해요,또 그런 말씀을.<6E5C>정신 차리세요.<6E5C>미코토 씨의 힘이 필요해요
dom3Mikoto_X05.mes,Script/dom3Mikoto_X05.mes,28,29,Mikoto,<이름:3131>様、わたくしにいったい<6E5C>何をさせるつもりなのですか?,"<이름:3131> 님, 대체 저에게<6E5C>무엇을 시키실 생각이신가요?","<이름:3131> 님, 대체 저에게<6E5C>무엇을 시키실 생각이신가요?"
dom3Mikoto_X05.mes,Script/dom3Mikoto_X05.mes,29,24,주인공,命さん、これから話すことをよく<6E5C>閉いてください,"미코토씨, 지금부터 할 말을<6E5C>잘 들어주세요","미코토씨, 지금부터 할 말을<6E5C>잘 들어주세요"
dom3Mikoto_X05.mes,Script/dom3Mikoto_X05.mes,30,5,Mikoto,……はい,……네,……네
dom3Mikoto_X05.mes,Script/dom3Mikoto_X05.mes,31,52,주인공,命さんに取り付いている悪魔は、<6E5C>命さんの心にいるために、<485C>外から手出しすれば命さんに<6E5C>危害が及ぶんです,"미코토씨에게 씐 악마는,<6E5C>미코토씨 마음속에 있어서,<485C>밖에서 손쓰면 미코토씨에게<6E5C>위해가 가요","미코토씨에게 씐 악마는,<6E5C>미코토씨 마음속에 있어서,<485C>밖에서 손쓰면 미코토씨에게<6E5C>위해가 가요"
dom3Mikoto_X05.mes,Script/dom3Mikoto_X05.mes,32,15,Mikoto,はい、ですからわたくしは……,"네, 그러니까 저는……","네, 그러니까 저는……"
dom3Mikoto_X05.mes,Script/dom3Mikoto_X05.mes,33,52,주인공,そういうことではなくて、命さんの<6E5C>意志の力で闘ってほしいんです<485C>そうすれば封じることが<6E5C>できるそうです,"그런 게 아니라, 미코토씨의<6E5C>의지 힘으로 싸워줬으면 해요<485C>그럼 봉인할 수<6E5C>있대요","그런 게 아니라, 미코토씨의<6E5C>의지 힘으로 싸워줬으면 해요<485C>그럼 봉인할 수<6E5C>있대요"
dom3Mikoto_X05.mes,Script/dom3Mikoto_X05.mes,34,15,Mikoto,わたくしが闘う?意志の力で?,제가 싸운다고요? 의지로?,제가 싸운다고요? 의지로?
dom3Mikoto_X05.mes,Script/dom3Mikoto_X05.mes,35,5,주인공,そうです,그래요,그래요
dom3Mikoto_X05.mes,Script/dom3Mikoto_X05.mes,36,45,Mikoto,そんな……、わたくしには無理<6E5C>です.今までずっと抵抗してきた<6E5C>のに、無理だったのですから,"그런……, 저에게는 무리<6E5C>예요.지금껏 계속 저항해왔<6E5C>는데도, 안 됐으니까요","그런……, 저에게는 무리<6E5C>예요.지금껏 계속 저항해왔<6E5C>는데도, 안 됐으니까요"
dom3Mikoto_X05.mes,Script/dom3Mikoto_X05.mes,37,39,주인공,そんなことを言わないで.<6E5C>できるって信じれば、<6E5C>できないことなんてないんです,"그런 말씀 하지 마세요.<6E5C>할 수 있다고 믿으면,<6E5C>못 할 일은 없어요","그런 말씀 하지 마세요.<6E5C>할 수 있다고 믿으면,<6E5C>못 할 일은 없어요"
dom3Mikoto_X05.mes,Script/dom3Mikoto_X05.mes,38,40,Mikoto,しかし、悪魔の力は今や強大です.<6E5C>それはわたくし自身が一番よく<6E5C>わかっています,"하지만, 악마 힘은 이제 강대해요.<6E5C>그건 저 자신이 제일 잘<6E5C>알아요","하지만, 악마 힘은 이제 강대해요.<6E5C>그건 저 자신이 제일 잘<6E5C>알아요"
dom3Mikoto_X05.mes,Script/dom3Mikoto_X05.mes,39,27,Mikoto,とても、わたくしの力で勝てるもの<6E5C>ではありません……,제 힘으론 이길 수 있는<6E5C>상대가 아니에요……,제 힘으론 이길 수 있는<6E5C>상대가 아니에요……
dom3Mikoto_X05.mes,Script/dom3Mikoto_X05.mes,40,6,주인공,命さん……,미코토씨…,미코토씨…
dom3Mikoto_X05.mes,Script/dom3Mikoto_X05.mes,41,33,주인공,(命さん本人がこれでは対決もでき<6E5C>ない.どう言えば伝わるんだ?),(미코토씨가 이래선 맞설<6E5C>수 없어. 어찌 전해야 할까?),(미코토씨가 이래선 맞설<6E5C>수 없어. 어찌 전해야 할까?)
dom3Mikoto_X05.mes,Script/dom3Mikoto_X05.mes,42,19,[선택지],俺もいっしょに闘います命さんならできる,함께 싸울게요\미코토씨라면 돼요,함께 싸울게요\미코토씨라면 돼요
dom3Mikoto_X05.mes,Script/dom3Mikoto_X05.mes,43,24,주인공,俺が側にいて、俺も命さんと<6E5C>いっしょに闘います,곁에서 저도 미코토씨와<6E5C>함께 싸울게요,곁에서 저도 미코토씨와<6E5C>함께 싸울게요
dom3Mikoto_X05.mes,Script/dom3Mikoto_X05.mes,44,5,Mikoto,<이름:3131>様?,<이름:3131>님?,<이름:3131>님?
dom3Mikoto_X05.mes,Script/dom3Mikoto_X05.mes,45,47,주인공,もしも命さんが負けて悪魔に<6E5C>なったら、俺の責任でもあります.<6E5C>ならば俺もいっしょに死にますよ,"만약 미코토씨가 져서 악마가<6E5C>된다면, 제 책임이기도 해요.<6E5C>그럼 저도 함께 죽어요","만약 미코토씨가 져서 악마가<6E5C>된다면, 제 책임이기도 해요.<6E5C>그럼 저도 함께 죽어요"
dom3Mikoto_X05.mes,Script/dom3Mikoto_X05.mes,46,17,Mikoto,そんなこと、ぜったいいけません!,"그런 일, 절대 안 돼요!","그런 일, 절대 안 돼요!"
dom3Mikoto_X05.mes,Script/dom3Mikoto_X05.mes,47,38,주인공,だから、ふたりで力を合わせて<6E5C>闘いましょう.<6E5C>ふたりが生きていくために……,"그러니, 둘이서 힘을 합쳐<6E5C>싸워요.<6E5C>둘이 함께 살아가기 위해……","그러니, 둘이서 힘을 합쳐<6E5C>싸워요.<6E5C>둘이 함께 살아가기 위해……"
dom3Mikoto_X05.mes,Script/dom3Mikoto_X05.mes,48,37,Mikoto,<이름:3131>様がそこまでおっしゃるの<6E5C>なら、わたくしももう一度、<6E5C>頑張ってみます,"<이름:3131> 님이 그렇게까지<6E5C>말씀하신다면, 저도 다시 한번,<6E5C>힘내볼게요","<이름:3131> 님이 그렇게까지<6E5C>말씀하신다면, 저도 다시 한번,<6E5C>힘내볼게요"
dom3Mikoto_X05.mes,Script/dom3Mikoto_X05.mes,49,37,주인공,闘う気になってくれたんですね.<6E5C>よかった!<6E5C>大丈夫、命さんなら勝てます!,싸울 마음 생기셨군요.<6E5C>다행이에요!<6E5C>미코토씨라면 이겨요!,싸울 마음 생기셨군요.<6E5C>다행이에요!<6E5C>미코토씨라면 이겨요!
dom3Mikoto_X05.mes,Script/dom3Mikoto_X05.mes,50,3,Mikoto,はい,네,네
dom3Mikoto_X05.mes,Script/dom3Mikoto_X05.mes,51,29,주인공,いいえ、命さんならきっとでき<6E5C>ます.自分を信じてください,"아니요, 미코토씨라면 분명<6E5C>돼요.자신을 믿으세요","아니요, 미코토씨라면 분명<6E5C>돼요.자신을 믿으세요"
dom3Mikoto_X05.mes,Script/dom3Mikoto_X05.mes,52,17,Mikoto,そんなことを言われても、困ります,"그런 말씀을 들어도, 곤란해요","그런 말씀을 들어도, 곤란해요"
dom3Mikoto_X05.mes,Script/dom3Mikoto_X05.mes,53,13,주인공,俺の言葉を信じてください,제 말을 믿어주세요,제 말을 믿어주세요
dom3Mikoto_X05.mes,Script/dom3Mikoto_X05.mes,54,3,Mikoto,……,……,……
dom3Mikoto_X05.mes,Script/dom3Mikoto_X05.mes,55,13,주인공,俺も側に付いていますから,저도 곁에 있을게요,저도 곁에 있을게요
dom3Mikoto_X05.mes,Script/dom3Mikoto_X05.mes,56,22,Mikoto,<이름:3131>様がいっしょにいてくだ<6E5C>さるのですか?,<이름:3131> 님이 함께 있어<6E5C>주시는 건가요?,<이름:3131> 님이 함께 있어<6E5C>주시는 건가요?
dom3Mikoto_X05.mes,Script/dom3Mikoto_X05.mes,57,34,주인공,もちろんですよ.もしも死ぬことが<6E5C>あれば……そのときはいっしょです,물론이에요.혹시 죽는 일이<6E5C>있다면……그때는 함께예요,물론이에요.혹시 죽는 일이<6E5C>있다면……그때는 함께예요
dom3Mikoto_X05.mes,Script/dom3Mikoto_X05.mes,58,24,Mikoto,……ならば、わたくしもやってみよ<6E5C>うと思います,"……그렇다면, 저도 해보려<6E5C>고 해요","……그렇다면, 저도 해보려<6E5C>고 해요"
dom3Mikoto_X05.mes,Script/dom3Mikoto_X05.mes,59,50,Mikoto,ですが、<이름:3131>様を危険に巻き込む<6E5C>わけには行きません<485C>やるとなった以上は、<6E5C>わたくしひとりで闘います,"하지만, <이름:3131> 님을 위험에 끌<6E5C>어들일 수는 없어요<485C>하기로 한 이상은,<6E5C>저 혼자서 싸울게요","하지만, <이름:3131> 님을 위험에 끌<6E5C>어들일 수는 없어요<485C>하기로 한 이상은,<6E5C>저 혼자서 싸울게요"
dom3Mikoto_X05.mes,Script/dom3Mikoto_X05.mes,60,3,주인공,え?,네?,네?
dom3Mikoto_X05.mes,Script/dom3Mikoto_X05.mes,61,66,Mikoto,<이름:3131>様の悪魔を滅ぼしたい<6E5C>気持ちはよくわかりました<485C>ですがこれはわたくしの闘い.<6E5C>わたくしがひとりで<6E5C>なさねばならないことなのです,<이름:3131> 님이 악마를 없애고 싶어<6E5C>하시는 마음은 잘 알았습니다<485C>하지만 이건 제 싸움.<6E5C>제가 혼자서<6E5C>해내야만 하는 일이에요,<이름:3131> 님이 악마를 없애고 싶어<6E5C>하시는 마음은 잘 알았습니다<485C>하지만 이건 제 싸움.<6E5C>제가 혼자서<6E5C>해내야만 하는 일이에요
dom3Mikoto_X05.mes,Script/dom3Mikoto_X05.mes,62,14,주인공,何を言っているんだ、命さん,"무슨 소리예요, 미코토씨","무슨 소리예요, 미코토씨"
dom3Mikoto_X05.mes,Script/dom3Mikoto_X05.mes,63,35,Mikoto,<이름:3131>様のいっしょに闘って<6E5C>くださるというお言葉、<6E5C>大変嬉しかったです,"<이름:3131> 님이 함께 싸워<6E5C>주시겠다는 말씀,<6E5C>정말 기뻤어요","<이름:3131> 님이 함께 싸워<6E5C>주시겠다는 말씀,<6E5C>정말 기뻤어요"
dom3Mikoto_X05.mes,Script/dom3Mikoto_X05.mes,64,43,주인공,違うんだ!俺は悪魔を倒したいから<6E5C>闘うんじゃない.俺は命さんを助け<6E5C>たいから闘うんだ,달라요! 악마 쓰러뜨리려<6E5C>싸우는 게 아녜요.전 미코토씨를<6E5C>돕고 싶어 싸워요,달라요! 악마 쓰러뜨리려<6E5C>싸우는 게 아녜요.전 미코토씨를<6E5C>돕고 싶어 싸워요
dom3Mikoto_X05.mes,Script/dom3Mikoto_X05.mes,65,27,Mikoto,<이름:3131>様…….<6E5C>ありがとうございます.<6E5C>わたくしは……,<이름:3131> 님…….<6E5C>감사합니다.<6E5C>저는……,<이름:3131> 님…….<6E5C>감사합니다.<6E5C>저는……
dom3Mikoto_X05.mes,Script/dom3Mikoto_X05.mes,66,40,Mikoto,わたくしは<이름:3131>様のその言葉が<6E5C>あれば、どんなことでもできそうな<6E5C>気がいたします,"저는 <이름:3131> 님의 그 말씀이<6E5C>있다면, 무엇이든 할 수 있을<6E5C>것 같아요","저는 <이름:3131> 님의 그 말씀이<6E5C>있다면, 무엇이든 할 수 있을<6E5C>것 같아요"
dom3Mikoto_X05.mes,Script/dom3Mikoto_X05.mes,67,21,Nakoruru,<이름:3232>さん、中の結界を張り終わり<6E5C>ましたよ,"<이름:3232> 씨, 안쪽 결계를 다<6E5C>쳤어요","<이름:3232> 씨, 안쪽 결계를 다<6E5C>쳤어요"
dom3Mikoto_X05.mes,Script/dom3Mikoto_X05.mes,68,28,주인공,ありがとう、ナコルル.<6E5C>外も言われたとおり張ってきたよ,"고마워, 나코루루.<6E5C>바깥도 말한 대로 쳐놨어","고마워, 나코루루.<6E5C>바깥도 말한 대로 쳐놨어"
dom3Mikoto_X05.mes,Script/dom3Mikoto_X05.mes,69,23,Mikoto,ナコルル様も<이름:3131>様も、<6E5C>ありがとうございます,"나코루루 님도 <이름:3131> 님도,<6E5C>감사합니다","나코루루 님도 <이름:3131> 님도,<6E5C>감사합니다"
dom3Mikoto_X05.mes,Script/dom3Mikoto_X05.mes,70,4,Nakoruru,いいえ,아뇨,아뇨
dom3Mikoto_X05.mes,Script/dom3Mikoto_X05.mes,71,61,Nakoruru,ですが忘れないでください.<6E5C>結界と言っても相手にどれだけの<6E5C>影響を与えられるか……<485C>気休めにしかならないかも<6E5C>しれません,하지만 잊지 마세요.<6E5C>결계라도 상대에게 얼마나<6E5C>영향 줄지……<485C>기분 탓 정도밖에 안 될지도<6E5C>몰라요,하지만 잊지 마세요.<6E5C>결계라도 상대에게 얼마나<6E5C>영향 줄지……<485C>기분 탓 정도밖에 안 될지도<6E5C>몰라요
dom3Mikoto_X05.mes,Script/dom3Mikoto_X05.mes,72,20,주인공,気休めでもなんでも、<6E5C>ないよりましだよ,"기분 탓이라도,<6E5C>없는 것보단 나아","기분 탓이라도,<6E5C>없는 것보단 나아"
dom3Mikoto_X05.mes,Script/dom3Mikoto_X05.mes,73,36,Nakoruru,そうですね.<6E5C>ではわたしは外で祈っています.<6E5C>どうか、頑張ってください,"그렇겠네요.<6E5C>전 밖에서 기도하고 있을게요.<6E5C>부디, 힘내세요","그렇겠네요.<6E5C>전 밖에서 기도하고 있을게요.<6E5C>부디, 힘내세요"
dom3Mikoto_X05.mes,Script/dom3Mikoto_X05.mes,74,11,Mikoto,ありがとうございます,감사합니다,감사합니다
dom3Mikoto_X05.mes,Script/dom3Mikoto_X05.mes,75,5,주인공,頑張るよ,힘낼게,힘낼게
dom3Mikoto_X05.mes,Script/dom3Mikoto_X05.mes,76,20,UNKNOWN_1e,お、なんだか物々しいことになって<6E5C>るな,"오, 뭔가 심상치 않게<6E5C>됐구먼","오, 뭔가 심상치 않게<6E5C>됐구먼"
dom3Mikoto_X05.mes,Script/dom3Mikoto_X05.mes,77,4,Mikoto,おじ様,아저씨,아저씨
dom3Mikoto_X05.mes,Script/dom3Mikoto_X05.mes,78,46,UNKNOWN_75,よかったな、命.これがうまくいけ<6E5C>ば、晴れて健康になり、お前は<6E5C><이름:3232>の恋人になるんだろう?,"잘됐구나, 미코토.잘되<6E5C>면, 떳떳하게 건강해져서, 넌<6E5C><이름:3232>의 연인이 되겠지?","잘됐구나, 미코토.잘되<6E5C>면, 떳떳하게 건강해져서, 넌<6E5C><이름:3232>의 연인이 되겠지?"
dom3Mikoto_X05.mes,Script/dom3Mikoto_X05.mes,79,24,Mikoto,お、おじ様、いきなりなんてことを<6E5C>言うのです!,"아, 아저씨, 갑자기 무슨<6E5C>말씀이세요!","아, 아저씨, 갑자기 무슨<6E5C>말씀이세요!"
dom3Mikoto_X05.mes,Script/dom3Mikoto_X05.mes,80,7,주인공,そうですよ!,그래요!,그래요!
dom3Mikoto_X05.mes,Script/dom3Mikoto_X05.mes,81,53,UNKNOWN_75,照れるな照れるな.<6E5C>俺は嬉しいんだよ<485C>俺は親代わりとは言いながら、<6E5C>おめぇに何もしてやれなかった<6E5C>からな,"부끄러워 마라.<6E5C>나는 기쁘거든<485C>부모 대신이라면서도,<6E5C>너한테 아무것도 못 해줬으니까","부끄러워 마라.<6E5C>나는 기쁘거든<485C>부모 대신이라면서도,<6E5C>너한테 아무것도 못 해줬으니까"
dom3Mikoto_X05.mes,Script/dom3Mikoto_X05.mes,82,61,Mikoto,そんな、おじ様には、両親に捨てら<6E5C>れたわたくしをここまで育ててくだ<6E5C>さいました<485C>感謝の気持ちは言い表しようが<6E5C>ありません,"그런, 아저씨는, 부모에게 버려<6E5C>진 저를 여기까지 키워주셨<6E5C>어요<485C>감사한 마음은 이루 다<6E5C>말할 수 없어요","그런, 아저씨는, 부모에게 버려<6E5C>진 저를 여기까지 키워주셨<6E5C>어요<485C>감사한 마음은 이루 다<6E5C>말할 수 없어요"
dom3Mikoto_X05.mes,Script/dom3Mikoto_X05.mes,83,42,UNKNOWN_75,命……お前、何を勘違いしているか<6E5C>知らねぇが、お前の親はお前を捨て<6E5C>たりしてねぇよ,"미코토……너, 뭘 착각하는<6E5C>지 모르겠다만, 네 부모는 널 버리<6E5C>지 않았어","미코토……너, 뭘 착각하는<6E5C>지 모르겠다만, 네 부모는 널 버리<6E5C>지 않았어"
dom3Mikoto_X05.mes,Script/dom3Mikoto_X05.mes,84,3,Mikoto,え?,네?,네?
dom3Mikoto_X05.mes,Script/dom3Mikoto_X05.mes,85,39,UNKNOWN_75,お前の両親は本当に愛し合って<6E5C>いた.そしてお前は、<6E5C>望まれて生まれて来たんだ,"네 부모는 진심으로 사랑<6E5C>했다. 그리고 너는,<6E5C>바라던 대로 태어났어","네 부모는 진심으로 사랑<6E5C>했다. 그리고 너는,<6E5C>바라던 대로 태어났어"
dom3Mikoto_X05.mes,Script/dom3Mikoto_X05.mes,86,29,UNKNOWN_75,お前は愛されているんだ.<6E5C>皆からな.<6E5C>それだけは忘れるな,넌 사랑받고 있어.<6E5C>모두에게.<6E5C>그것만은 잊지 마라,넌 사랑받고 있어.<6E5C>모두에게.<6E5C>그것만은 잊지 마라
dom3Mikoto_X05.mes,Script/dom3Mikoto_X05.mes,87,6,Mikoto,おじ様……,아저씨……,아저씨……
dom3Mikoto_X05.mes,Script/dom3Mikoto_X05.mes,88,10,Mikoto,はい.忘れません!,"네, 안 잊어요!","네, 안 잊어요!"
dom3Mikoto_X05.mes,Script/dom3Mikoto_X05.mes,89,19,UNKNOWN_75,で、<이름:3232>.<6E5C>おめぇ、勝算はあるのか?,"그래서, <이름:3232>.<6E5C>승산은 있냐?","그래서, <이름:3232>.<6E5C>승산은 있냐?"
dom3Mikoto_X05.mes,Script/dom3Mikoto_X05.mes,90,19,[선택지],自信はないけど頑張ります信じれば勝てる,자신 없지만 할게요\믿으면 이겨요,자신 없지만 할게요\믿으면 이겨요
dom3Mikoto_X05.mes,Script/dom3Mikoto_X05.mes,91,31,주인공,正直に言えば自信はありません.<6E5C>でも出来る限りのことはします,솔직히 자신 없어요.<6E5C>하지만 할 수 있는 데까진 할게요,솔직히 자신 없어요.<6E5C>하지만 할 수 있는 데까진 할게요
dom3Mikoto_X05.mes,Script/dom3Mikoto_X05.mes,92,15,UNKNOWN_75,おいおい、なんだか頼りねぇな,"이봐, 뭔가 미덥지 못하군","이봐, 뭔가 미덥지 못하군"
dom3Mikoto_X05.mes,Script/dom3Mikoto_X05.mes,93,41,Mikoto,<이름:3131>様を責めないでください.<6E5C>わたくしだってできるかどうか<6E5C>わからないのですから,<이름:3131> 님을 탓하지 마세요.<6E5C>저도 할 수 있을지<6E5C>모르니까요,<이름:3131> 님을 탓하지 마세요.<6E5C>저도 할 수 있을지<6E5C>모르니까요
dom3Mikoto_X05.mes,Script/dom3Mikoto_X05.mes,94,12,주인공,命さん.俺、頑張ります,"미코토씨, 힘낼게요","미코토씨, 힘낼게요"
dom3Mikoto_X05.mes,Script/dom3Mikoto_X05.mes,95,26,UNKNOWN_75,そうか、まあよろしく頼むぜ.<6E5C>俺の大切な娘だからな,"그래, 뭐 잘 부탁한다.<6E5C>내 소중한 딸이니까","그래, 뭐 잘 부탁한다.<6E5C>내 소중한 딸이니까"
dom3Mikoto_X05.mes,Script/dom3Mikoto_X05.mes,96,3,주인공,はい,네,네
dom3Mikoto_X05.mes,Script/dom3Mikoto_X05.mes,97,52,주인공,信じれば勝てます.<6E5C>意志の力は何よりも<6E5C>強いんですから<485C>そう教えてくれたのは<6E5C>覇王丸さんじゃないですか,믿으면 이겨요.<6E5C>의지 힘은 무엇보다<6E5C>강하니까요<485C>그렇게 가르쳐준 게<6E5C>하오마루씨잖아요,믿으면 이겨요.<6E5C>의지 힘은 무엇보다<6E5C>강하니까요<485C>그렇게 가르쳐준 게<6E5C>하오마루씨잖아요
dom3Mikoto_X05.mes,Script/dom3Mikoto_X05.mes,98,11,UNKNOWN_75,そういやそうだったな,그러고 보니 그랬지,그러고 보니 그랬지
dom3Mikoto_X05.mes,Script/dom3Mikoto_X05.mes,99,21,주인공,俺は勝ちますよ.<6E5C>勝って命さんを救います,전 이겨요.<6E5C>이겨서 미코토씨 구해요,전 이겨요.<6E5C>이겨서 미코토씨 구해요
dom3Mikoto_X05.mes,Script/dom3Mikoto_X05.mes,100,33,UNKNOWN_75,おめぇ、いい顔になったな.<6E5C>初めて会ったときとは目の光が<6E5C>違うぜ,"너, 좋은 얼굴 됐구나.<6E5C>처음 만났을 때랑 눈빛이<6E5C>다르구먼","너, 좋은 얼굴 됐구나.<6E5C>처음 만났을 때랑 눈빛이<6E5C>다르구먼"
dom3Mikoto_X05.mes,Script/dom3Mikoto_X05.mes,101,30,UNKNOWN_75,命、いい男を選んだな.<6E5C><이름:3232>、命を頼むぞ.<6E5C>俺の大事な娘だ,"미코토, 좋은 남자 골랐구나.<6E5C><이름:3232>, 미코토 부탁한다","미코토, 좋은 남자 골랐구나.<6E5C><이름:3232>, 미코토 부탁한다"
dom3Mikoto_X05.mes,Script/dom3Mikoto_X05.mes,102,3,주인공,はい,네,네
dom3Mikoto_X05.mes,Script/dom3Mikoto_X05.mes,103,15,UNKNOWN_75,じゃあ、俺は邪魔だから行くぜ,"그럼, 난 방해되니까 가마","그럼, 난 방해되니까 가마"
dom3Mikoto_X05.mes,Script/dom3Mikoto_X05.mes,104,8,Mikoto,あ、おじ様……,"아, 아저씨…","아, 아저씨…"
dom3Mikoto_X05.mes,Script/dom3Mikoto_X05.mes,105,14,UNKNOWN_75,どうした、命.不安なのか?,"그래, 미코토.불안하냐?","그래, 미코토.불안하냐?"
dom3Mikoto_X05.mes,Script/dom3Mikoto_X05.mes,106,3,Mikoto,……,……,……
dom3Mikoto_X05.mes,Script/dom3Mikoto_X05.mes,107,53,UNKNOWN_75,お前はもう子供じゃないんだ.<6E5C>自分ではっきり決めるんだ<485C><이름:3232>を信じるか、<6E5C>ここでやめるか.<6E5C>……じゃあな,"넌 이제 어린애가 아니야.<6E5C>확실히 정해라<485C><이름:3232>를 믿을지,<6E5C>여기서 그만둘지.<6E5C>……그럼 간다","넌 이제 어린애가 아니야.<6E5C>확실히 정해라<485C><이름:3232>를 믿을지,<6E5C>여기서 그만둘지.<6E5C>……그럼 간다"
dom3Mikoto_X05.mes,Script/dom3Mikoto_X05.mes,108,3,Mikoto,……,……,……
dom3Mikoto_X05.mes,Script/dom3Mikoto_X05.mes,109,15,Mikoto,わたくしは信じます、<이름:3131>様を,"저는 믿어요, <이름:3131> 님을","저는 믿어요, <이름:3131> 님을"
dom3Mikoto_X05.mes,Script/dom3Mikoto_X05.mes,110,11,주인공,……命さん、そろそろ,"……미코토씨, 슬슬","……미코토씨, 슬슬"
dom3Mikoto_X05.mes,Script/dom3Mikoto_X05.mes,111,3,Mikoto,はい,네,네
dom3Mikoto_X05.mes,Script/dom3Mikoto_X05.mes,112,24,Mikoto,……<이름:3131>様、手を握っていても<6E5C>よろしいですか?,"……<이름:3131> 님, 손을 잡고 있어도<6E5C>될까요?","……<이름:3131> 님, 손을 잡고 있어도<6E5C>될까요?"
dom3Mikoto_X05.mes,Script/dom3Mikoto_X05.mes,113,5,주인공,は、はい,"네, 네","네, 네"
dom3Mikoto_X05.mes,Script/dom3Mikoto_X05.mes,114,4,[효과음/내레이션],ぎゅっ,꼭,꼭
dom3Mikoto_X05.mes,Script/dom3Mikoto_X05.mes,115,38,주인공,(命さん、震えてる?<6E5C>怖いんだな.俺も同じだ.<6E5C>でも、絶対に負けられない),"(미코토씨, 떨고 있나?<6E5C>무섭지. 나도 같아.<6E5C>절대 질 수 없어)","(미코토씨, 떨고 있나?<6E5C>무섭지. 나도 같아.<6E5C>절대 질 수 없어)"
dom3Mikoto_X05.mes,Script/dom3Mikoto_X05.mes,116,10,Mikoto,……では、参ります,"……그럼, 갑니다","……그럼, 갑니다"
dom3Mikoto_X05.mes,Script/dom3Mikoto_X05.mes,117,3,[효과음/내레이션],スッ,스윽,스윽
dom3Mikoto_X05.mes,Script/dom3Mikoto_X05.mes,118,10,Mikoto,う、う……ああっ!,"으, 으……아앗!","으, 으……아앗!"
dom3Mikoto_X05.mes,Script/dom3Mikoto_X05.mes,119,9,[효과음/내레이션],ゴゴゴゴゴゴゴッ,고고고고고고곳,고고고고고고곳
dom3Mikoto_X05.mes,Script/dom3Mikoto_X05.mes,120,9,[효과음/내레이션],ホ~ッホホホッ!,호~홋호호홋!,호~홋호호홋!
dom3Mikoto_X05.mes,Script/dom3Mikoto_X05.mes,121,41,UNKNOWN_ad,ホゥ、自らワラワを呼び覚ます<6E5C>とは、いよいよその体を明け渡す<6E5C>気になったのかえ?,"호오, 스스로 이 몸을 깨우다<6E5C>니, 드디어 몸을 내어줄<6E5C>마음이 든 게냐?","호오, 스스로 이 몸을 깨우다<6E5C>니, 드디어 몸을 내어줄<6E5C>마음이 든 게냐?"
dom3Mikoto_X05.mes,Script/dom3Mikoto_X05.mes,122,16,Mikoto,悪魔…….いいえ、その逆です!,"악마…….아뇨, 반대예요!","악마…….아뇨, 반대예요!"
dom3Mikoto_X05.mes,Script/dom3Mikoto_X05.mes,123,32,UNKNOWN_ad,これは面白いことを言いよるわ.<6E5C>ソナタごときに何ができるものか,재미있는 소리를 하는구나.<6E5C>그대 따위가 뭘 하겠느냐,재미있는 소리를 하는구나.<6E5C>그대 따위가 뭘 하겠느냐
dom3Mikoto_X05.mes,Script/dom3Mikoto_X05.mes,124,15,주인공,ほざけ!今夜がお前の最期だ!,닥쳐라! 오늘 밤 최후다!,닥쳐라! 오늘 밤 최후다!
dom3Mikoto_X05.mes,Script/dom3Mikoto_X05.mes,125,63,UNKNOWN_ad,おや、<이름:3232>ではないか.<6E5C>ソナタ死んだのではなかった<6E5C>のかえ<485C>それともやはり惚れた娘のため<6E5C>とはいえ、命を投げ出すのは<6E5C>怖いか,"오호, <이름:3232> 아니더냐.<6E5C>죽지 않았던<6E5C>것이었느냐<485C>아니면 반한 계집을 위해<6E5C>서라도, 목숨 던지긴<6E5C>두려운 것이더냐","오호, <이름:3232> 아니더냐.<6E5C>죽지 않았던<6E5C>것이었느냐<485C>아니면 반한 계집을 위해<6E5C>서라도, 목숨 던지긴<6E5C>두려운 것이더냐"
dom3Mikoto_X05.mes,Script/dom3Mikoto_X05.mes,126,26,Mikoto,そんな戯言で<이름:3131>様を苦しめる<6E5C>のはやめてください!,그런 헛소리로 <이름:3131> 님을<6E5C>괴롭히지 마세요!,그런 헛소리로 <이름:3131> 님을<6E5C>괴롭히지 마세요!
dom3Mikoto_X05.mes,Script/dom3Mikoto_X05.mes,127,49,UNKNOWN_ad,しかし、この男がソナタのために死<6E5C>ねなかったのは事実.それでもソナ<6E5C>タはこの男を信じると言うのか,"허나, 이 사내가 그대 위해 죽<6E5C>지 못한 건 사실.그럼에도<6E5C>이 사내를 믿는다 하는가","허나, 이 사내가 그대 위해 죽<6E5C>지 못한 건 사실.그럼에도<6E5C>이 사내를 믿는다 하는가"
dom3Mikoto_X05.mes,Script/dom3Mikoto_X05.mes,128,8,주인공,汚いことを……,추한 소리……,추한 소리……
dom3Mikoto_X05.mes,Script/dom3Mikoto_X05.mes,129,24,[선택지],俺が死ねば命さんが悲しむ命さんの声が閉こえたから,미코토씨가 슬퍼해서\미코토씨 목소리가 들려서,미코토씨가 슬퍼해서\미코토씨 목소리가 들려서
dom3Mikoto_X05.mes,Script/dom3Mikoto_X05.mes,130,31,주인공,俺が死ねば命さんが悲しむ.<6E5C>俺は命さんの悲しむことはできない,제가 죽으면 미코토씨가 슬퍼해요.<6E5C>슬프게 할 수 없어요,제가 죽으면 미코토씨가 슬퍼해요.<6E5C>슬프게 할 수 없어요
dom3Mikoto_X05.mes,Script/dom3Mikoto_X05.mes,131,24,Mikoto,そうです、<이름:3131>様はわたくしの<6E5C>ためを考えて……,"그래요, <이름:3131> 님은 저를<6E5C>위해 생각해서……","그래요, <이름:3131> 님은 저를<6E5C>위해 생각해서……"
dom3Mikoto_X05.mes,Script/dom3Mikoto_X05.mes,132,20,UNKNOWN_ad,ホホ、口ではなんとでも言える<6E5C>からのぅ,"호호, 입으론 뭐든 하는<6E5C>법이니라","호호, 입으론 뭐든 하는<6E5C>법이니라"
dom3Mikoto_X05.mes,Script/dom3Mikoto_X05.mes,133,3,Mikoto,……,……,……
dom3Mikoto_X05.mes,Script/dom3Mikoto_X05.mes,134,8,주인공,(くそぉ……),(젠장……),(젠장……)
dom3Mikoto_X05.mes,Script/dom3Mikoto_X05.mes,135,43,주인공,そうだ、あの時、命さんの俺を呼ぶ<6E5C>声が閉こえたから、俺は力を一瞬<6E5C>緩めてしまったんだ,"그래, 그때, 미코토씨가 부르<6E5C>는 목소리에, 나는 힘을<6E5C>한순간 늦춘 거야","그래, 그때, 미코토씨가 부르<6E5C>는 목소리에, 나는 힘을<6E5C>한순간 늦춘 거야"
dom3Mikoto_X05.mes,Script/dom3Mikoto_X05.mes,136,60,Mikoto,あの時、確かにわたくしは叫びまし<6E5C>た.<이름:3131>様の命を救いたくて<485C><이름:3131>様はわたくしのために<6E5C>死ぬのをやめてくださったのです,"그때, 분명 저는 외쳤어요.<6E5C><이름:3131>님 목숨을 구하고 싶어서<485C><이름:3131>님은 절 위해<6E5C>죽길 그만두신 거예요","그때, 분명 저는 외쳤어요.<6E5C><이름:3131>님 목숨을 구하고 싶어서<485C><이름:3131>님은 절 위해<6E5C>죽길 그만두신 거예요"
dom3Mikoto_X05.mes,Script/dom3Mikoto_X05.mes,137,4,UNKNOWN_ad,むうぅ,으음,으음
dom3Mikoto_X05.mes,Script/dom3Mikoto_X05.mes,138,65,UNKNOWN_ad,だが男なんてものは、所詮は娘の心<6E5C>よりも体が欲しいものじゃ<485C>この<이름:3232>とて、今こうしておる<6E5C>のは、ソナタの体を手に入れる<6E5C>ためじゃ,"허나 사내란, 결국 계집의<6E5C>마음보다 몸을 원하는 법이니라<485C>이 <이름:3232>조차, 이러는<6E5C>것도, 그대 몸을 얻기<6E5C>위함이니라","허나 사내란, 결국 계집의<6E5C>마음보다 몸을 원하는 법이니라<485C>이 <이름:3232>조차, 이러는<6E5C>것도, 그대 몸을 얻기<6E5C>위함이니라"
dom3Mikoto_X05.mes,Script/dom3Mikoto_X05.mes,139,14,Mikoto,そんな、<이름:3131>様に限って……,"그런, <이름:3131>님만은……","그런, <이름:3131>님만은……"
dom3Mikoto_X05.mes,Script/dom3Mikoto_X05.mes,140,9,주인공,なんてことを……,무슨 소리를……,무슨 소리를……
dom3Mikoto_X05.mes,Script/dom3Mikoto_X05.mes,141,24,[선택지],命さんの体よりも心に惚れた命さんの体には触れない,몸보다 마음에 반했어요\몸엔 손대지 않아요,몸보다 마음에 반했어요\몸엔 손대지 않아요
dom3Mikoto_X05.mes,Script/dom3Mikoto_X05.mes,142,39,주인공,俺は命さんの顔や体ではなくて<6E5C>心に惚れたんだ.<6E5C>決して体目当てなどではない!,미코토씨의 얼굴이나 몸이<6E5C>아니라 마음에 반했어요.<6E5C>몸이 목적 아녜요!,미코토씨의 얼굴이나 몸이<6E5C>아니라 마음에 반했어요.<6E5C>몸이 목적 아녜요!
dom3Mikoto_X05.mes,Script/dom3Mikoto_X05.mes,143,6,Mikoto,<이름:3131>様……,<이름:3131>님……,<이름:3131>님……
dom3Mikoto_X05.mes,Script/dom3Mikoto_X05.mes,144,50,주인공,もちろん、<6E5C>顔も体もみんな好きだよ<485C>だけど、命さんが今のように美しく<6E5C>なくても、俺は命さんに惚れた,"물론, 얼굴도 몸도<6E5C>좋아하지만<485C>지금처럼 아름<6E5C>답지 않아도, 반했어요","물론, 얼굴도 몸도<6E5C>좋아하지만<485C>지금처럼 아름<6E5C>답지 않아도, 반했어요"
dom3Mikoto_X05.mes,Script/dom3Mikoto_X05.mes,145,36,Mikoto,<이름:3131>様のおっしゃるとおりです.<6E5C><이름:3131>様はそのような方では<6E5C>ありません!,<이름:3131> 님 말씀 그대로예요.<6E5C><이름:3131> 님은 그런 분이<6E5C>아니세요!,<이름:3131> 님 말씀 그대로예요.<6E5C><이름:3131> 님은 그런 분이<6E5C>아니세요!
dom3Mikoto_X05.mes,Script/dom3Mikoto_X05.mes,146,12,UNKNOWN_ad,くっ、きれいごとを……,"큭, 그럴싸한 말을…","큭, 그럴싸한 말을…"
dom3Mikoto_X05.mes,Script/dom3Mikoto_X05.mes,147,28,주인공,俺は命さんがいいと言うまで、<6E5C>決して体に触れたりしない,미코토씨가 좋다 할 때까지<6E5C>몸엔 손대지 않을게요,미코토씨가 좋다 할 때까지<6E5C>몸엔 손대지 않을게요
dom3Mikoto_X05.mes,Script/dom3Mikoto_X05.mes,148,18,Mikoto,<이름:3131>様、わたくしは<6E5C>信じております,"<이름:3131> 님, 저는<6E5C>믿고 있어요","<이름:3131> 님, 저는<6E5C>믿고 있어요"
dom3Mikoto_X05.mes,Script/dom3Mikoto_X05.mes,149,20,UNKNOWN_ad,ならば、そのつないでおる<6E5C>手はなんじゃ,"그럼, 그 마주 잡은<6E5C>손은 뭐냐","그럼, 그 마주 잡은<6E5C>손은 뭐냐"
dom3Mikoto_X05.mes,Script/dom3Mikoto_X05.mes,150,24,주인공,こ、これは命さんが握って欲しいと<6E5C>言ったからで,이건 미코토씨가 잡아달라<6E5C>했기 때문에,이건 미코토씨가 잡아달라<6E5C>했기 때문에
dom3Mikoto_X05.mes,Script/dom3Mikoto_X05.mes,151,23,UNKNOWN_ad,顔がにやけておるわ.<6E5C>男などそういうものじゃ,얼굴이 헤벌쭉하군.<6E5C>사내란 그런 거니라,얼굴이 헤벌쭉하군.<6E5C>사내란 그런 거니라
dom3Mikoto_X05.mes,Script/dom3Mikoto_X05.mes,152,6,Mikoto,<이름:3131>様……,<이름:3131>님……,<이름:3131>님……
dom3Mikoto_X05.mes,Script/dom3Mikoto_X05.mes,153,7,주인공,(くぅ……),(크윽……),(크윽……)
dom3Mikoto_X05.mes,Script/dom3Mikoto_X05.mes,154,46,UNKNOWN_ad,それに知っておるか?この男は<6E5C>ソナタを好いておると言いながら、<6E5C>別の娘と募らしているのだぞ,"게다가 아느냐? 이 사내는<6E5C>그대를 좋아한다면서,<6E5C>다른 계집과 살고 있느니라","게다가 아느냐? 이 사내는<6E5C>그대를 좋아한다면서,<6E5C>다른 계집과 살고 있느니라"
dom3Mikoto_X05.mes,Script/dom3Mikoto_X05.mes,155,8,Mikoto,そ、それは……,"그, 그건……","그, 그건……"
dom3Mikoto_X05.mes,Script/dom3Mikoto_X05.mes,156,13,주인공,いろはとはなんでもない!,이로하와는 무관해!,이로하와는 무관해!
dom3Mikoto_X05.mes,Script/dom3Mikoto_X05.mes,157,40,UNKNOWN_ad,年頃の男女が一つ屋根の下で募らし<6E5C>て、なんでもないことはあるまい.<6E5C>なぁ、命?,"한 지붕 아래 남녀가 살며,<6E5C>아무 일 없을 리 없지.<6E5C>그렇지, 미코토?","한 지붕 아래 남녀가 살며,<6E5C>아무 일 없을 리 없지.<6E5C>그렇지, 미코토?"
dom3Mikoto_X05.mes,Script/dom3Mikoto_X05.mes,158,3,Mikoto,……,……,……
dom3Mikoto_X05.mes,Script/dom3Mikoto_X05.mes,159,26,[선택지],俺が寝るところがなかったから俺にいて欲しいと言うから,내가 잘 곳이 없어서\나더러 있어달라 해서,내가 잘 곳이 없어서\나더러 있어달라 해서
dom3Mikoto_X05.mes,Script/dom3Mikoto_X05.mes,160,44,주인공,それは、俺がこの町で住むところが<6E5C>なかったから、いろはが親切心で<6E5C>世話をしてくれたんだ,"그건, 내가 이 마을에 살 곳이<6E5C>없어서, 이로하가 친절히<6E5C>돌봐준 것뿐이야","그건, 내가 이 마을에 살 곳이<6E5C>없어서, 이로하가 친절히<6E5C>돌봐준 것뿐이야"
dom3Mikoto_X05.mes,Script/dom3Mikoto_X05.mes,161,14,Mikoto,そんな事情があったのですか,그런 사정 있었던 거군요,그런 사정 있었던 거군요
dom3Mikoto_X05.mes,Script/dom3Mikoto_X05.mes,162,38,주인공,俺はこれが終わったら、ちゃんと<6E5C>命さんを両親に紹介して<6E5C>いっしょに募らす!,"이 일 끝나면, 제대로<6E5C>미코토씨를 부모님께 소개하고<6E5C>함께 살 거야!","이 일 끝나면, 제대로<6E5C>미코토씨를 부모님께 소개하고<6E5C>함께 살 거야!"
dom3Mikoto_X05.mes,Script/dom3Mikoto_X05.mes,163,36,Mikoto,<이름:3131>様……ありがとうございます.<6E5C>必ずわたくしは打ち勝って<6E5C>みせます!,<이름:3131> 님…….감사합니다.<6E5C>반드시 저는 이겨<6E5C>내겠습니다!,<이름:3131> 님…….감사합니다.<6E5C>반드시 저는 이겨<6E5C>내겠습니다!
dom3Mikoto_X05.mes,Script/dom3Mikoto_X05.mes,164,10,UNKNOWN_ad,小賢しいことを……,잔꾀 부리는군……,잔꾀 부리는군……
dom3Mikoto_X05.mes,Script/dom3Mikoto_X05.mes,165,23,주인공,それは、いろはが俺にいて欲しいと<6E5C>いうからだ,"그건, 이로하가 있어달라<6E5C>했기 때문이야","그건, 이로하가 있어달라<6E5C>했기 때문이야"
dom3Mikoto_X05.mes,Script/dom3Mikoto_X05.mes,166,3,Mikoto,……,……,……
dom3Mikoto_X05.mes,Script/dom3Mikoto_X05.mes,167,53,UNKNOWN_ad,命、閉いたかえ.<6E5C>この男は乞われればどんな娘とも<6E5C>募らす不蒋者じゃ<485C>ソナタとて同情されておるに<6E5C>すぎぬわ,"미코토, 들었느냐.<6E5C>이 사내는 청하면 어떤 계집과도<6E5C>사는 방탕한 놈.<6E5C>동정받고<6E5C>있을 뿐이니라","미코토, 들었느냐.<6E5C>이 사내는 청하면 어떤 계집과도<6E5C>사는 방탕한 놈.<6E5C>동정받고<6E5C>있을 뿐이니라"
dom3Mikoto_X05.mes,Script/dom3Mikoto_X05.mes,168,46,Mikoto,<이름:3131>様はやはりわたくしに同情<6E5C>して、このようなことに付き合って<6E5C>くださっていたのですね……,"<이름:3131> 님은 역시 저를 동정<6E5C>해서, 이런 일에 함께해<6E5C>주고 계셨던 거군요……","<이름:3131> 님은 역시 저를 동정<6E5C>해서, 이런 일에 함께해<6E5C>주고 계셨던 거군요……"
dom3Mikoto_X05.mes,Script/dom3Mikoto_X05.mes,169,6,주인공,ち、違う!,아니야!,아니야!
dom3Mikoto_X05.mes,Script/dom3Mikoto_X05.mes,170,54,UNKNOWN_ad,たとえ今結ばれたとしても、<6E5C>その先はわからぬぞえ<485C>ソナタを捨てて、この男はまた<6E5C>旅に出てしまうかもしれぬぞ,"설령 맺어진다 해도,<6E5C>그 앞은 알 수 없느니라<485C>버리고, 이 사내는 다시<6E5C>떠나버릴지도 모르느니라","설령 맺어진다 해도,<6E5C>그 앞은 알 수 없느니라<485C>버리고, 이 사내는 다시<6E5C>떠나버릴지도 모르느니라"
dom3Mikoto_X05.mes,Script/dom3Mikoto_X05.mes,171,23,Mikoto,そんな、<이름:3131>様はそんなことは<6E5C>なさりません!,"그런, <이름:3131>님은 그런 짓<6E5C>안 하세요!","그런, <이름:3131>님은 그런 짓<6E5C>안 하세요!"
dom3Mikoto_X05.mes,Script/dom3Mikoto_X05.mes,172,29,UNKNOWN_ad,どうしてわかる.今ここで共に<6E5C>死んだ方が幸せかもしれぬぞ,어찌 아느냐. 여기서 함께<6E5C>죽는 게 행복할지도,어찌 아느냐. 여기서 함께<6E5C>죽는 게 행복할지도
dom3Mikoto_X05.mes,Script/dom3Mikoto_X05.mes,173,3,Mikoto,……,……,……
dom3Mikoto_X05.mes,Script/dom3Mikoto_X05.mes,174,20,[선택지],愛し続けると誓った共に生きて行くと誓った,계속 사랑하겠다 맹세\함께 살겠다 맹세,계속 사랑하겠다 맹세\함께 살겠다 맹세
dom3Mikoto_X05.mes,Script/dom3Mikoto_X05.mes,175,21,주인공,俺は命さんを一生愛し続けると<6E5C>誓ったんだ,평생 미코토씨<6E5C>사랑하겠다 맹세했어요,평생 미코토씨<6E5C>사랑하겠다 맹세했어요
dom3Mikoto_X05.mes,Script/dom3Mikoto_X05.mes,176,22,UNKNOWN_ad,ほう、いつそのようなことを<6E5C>言ったのかえ?,"호오, 언제 그런 말을<6E5C>했더냐?","호오, 언제 그런 말을<6E5C>했더냐?"
dom3Mikoto_X05.mes,Script/dom3Mikoto_X05.mes,177,9,주인공,え、えーっと……,"그, 그게……","그, 그게……"
dom3Mikoto_X05.mes,Script/dom3Mikoto_X05.mes,178,3,Mikoto,……,……,……
dom3Mikoto_X05.mes,Script/dom3Mikoto_X05.mes,179,25,UNKNOWN_ad,ホホホ、別の女子と間違っておるの<6E5C>ではないかえ?,"호호호, 다른 계집과 착각한<6E5C>것이 아니더냐?","호호호, 다른 계집과 착각한<6E5C>것이 아니더냐?"
dom3Mikoto_X05.mes,Script/dom3Mikoto_X05.mes,180,15,주인공,(くそ、しっかりしろ、俺!),"(젠장, 정신차려!)","(젠장, 정신차려!)"
dom3Mikoto_X05.mes,Script/dom3Mikoto_X05.mes,181,22,주인공,俺は命さんと共に生きて行くと<6E5C>誓ったんだ!,미코토씨와 함께 살겠<6E5C>다 맹세했어요!,미코토씨와 함께 살겠<6E5C>다 맹세했어요!
dom3Mikoto_X05.mes,Script/dom3Mikoto_X05.mes,182,30,Mikoto,そうです、確かに<이름:3131>様はそう<6E5C>おっしゃってくださいました!,"그래요, 분명 <이름:3131> 님은 그렇<6E5C>게 말씀해주셨어요!","그래요, 분명 <이름:3131> 님은 그렇<6E5C>게 말씀해주셨어요!"
dom3Mikoto_X05.mes,Script/dom3Mikoto_X05.mes,183,22,UNKNOWN_ad,そんな脆弱な言葉を信用するという<6E5C>のかえ!,그런 나약한 말을 믿으라는<6E5C>것이더냐!,그런 나약한 말을 믿으라는<6E5C>것이더냐!
dom3Mikoto_X05.mes,Script/dom3Mikoto_X05.mes,184,25,Mikoto,信じます.<이름:3131>様の言葉なら、<6E5C>わたくしは信じます,"믿어요.<이름:3131> 님의 말씀이라면,<6E5C>저는 믿어요","믿어요.<이름:3131> 님의 말씀이라면,<6E5C>저는 믿어요"
dom3Mikoto_X05.mes,Script/dom3Mikoto_X05.mes,185,6,주인공,命さん……,미코토씨…,미코토씨…
dom3Mikoto_X05.mes,Script/dom3Mikoto_X05.mes,186,38,UNKNOWN_ad,ホホホホホッ.<6E5C>そろそろ問答にも飽きてきたわ.<6E5C>一気に止めをさしてやるわえ,호호호호홋.<6E5C>슬슬 문답도 지겨워졌구나.<6E5C>단숨에 숨통을 끊어주마,호호호호홋.<6E5C>슬슬 문답도 지겨워졌구나.<6E5C>단숨에 숨통을 끊어주마
dom3Mikoto_X05.mes,Script/dom3Mikoto_X05.mes,187,7,Mikoto,させません!,안 돼요!,안 돼요!
dom3Mikoto_X05.mes,Script/dom3Mikoto_X05.mes,188,42,UNKNOWN_ad,なんじゃと?……くっ、力が…….<6E5C>この後に及んで命の力が増して<6E5C>いるというのか……,"뭐라고? ……큭, 힘이…….<6E5C>지금 미코토 힘이 느<6E5C>는 거냐……","뭐라고? ……큭, 힘이…….<6E5C>지금 미코토 힘이 느<6E5C>는 거냐……"
dom3Mikoto_X05.mes,Script/dom3Mikoto_X05.mes,189,41,Mikoto,もうこの体をあなたの自由にはさせ<6E5C>ません!わたくしの中から出て<6E5C>行ってください!,더는 이 몸을 당신 마음대로<6E5C>하게 두지 않아요! 제 안에서 나<6E5C>가주세요!,더는 이 몸을 당신 마음대로<6E5C>하게 두지 않아요! 제 안에서 나<6E5C>가주세요!
dom3Mikoto_X05.mes,Script/dom3Mikoto_X05.mes,190,42,UNKNOWN_ad,こ、こしゃくな…….<6E5C>これしきの力でワラワを押さえられ<6E5C>るとでも思うておるのか……,이 건방진…….<6E5C>이 힘으로 이 몸을 누를<6E5C>수 있다 보느냐……,이 건방진…….<6E5C>이 힘으로 이 몸을 누를<6E5C>수 있다 보느냐……
dom3Mikoto_X05.mes,Script/dom3Mikoto_X05.mes,191,5,Mikoto,うぅ……,으윽……,으윽……
dom3Mikoto_X05.mes,Script/dom3Mikoto_X05.mes,192,10,주인공,命さん、頑張って!,"힘내요, 미코토!","힘내요, 미코토!"
dom3Mikoto_X05.mes,Script/dom3Mikoto_X05.mes,193,15,UNKNOWN_ad,ワラワの力を甘く見るでないっ,이 몸의 힘 얕보지 말거라,이 몸의 힘 얕보지 말거라
dom3Mikoto_X05.mes,Script/dom3Mikoto_X05.mes,194,7,[효과음/내레이션],ゴゴゴゴゴッ,고고고고곳,고고고고곳
dom3Mikoto_X05.mes,Script/dom3Mikoto_X05.mes,195,19,Mikoto,ま、負けません……、<6E5C>わたくしは……,"지, 지지 않아요……, 저는……","지, 지지 않아요……, 저는……"
dom3Mikoto_X05.mes,Script/dom3Mikoto_X05.mes,196,13,UNKNOWN_ad,クウウ……、ウォオオオ!,"크우우……, 워어어어!","크우우……, 워어어어!"
dom3Mikoto_X05.mes,Script/dom3Mikoto_X05.mes,197,7,[효과음/내레이션],ゴゴゴゴゴゴ,고고고고고,고고고고고
dom3Mikoto_X05.mes,Script/dom3Mikoto_X05.mes,198,9,Mikoto,……ウゥ……ァア,……으으……아아,……으으……아아
dom3Mikoto_X05.mes,Script/dom3Mikoto_X05.mes,199,11,주인공,命さん、負けないで!,"미코토, 지지 마!","미코토, 지지 마!"
dom3Mikoto_X05.mes,Script/dom3Mikoto_X05.mes,200,9,UNKNOWN_ad,……ハアッ!!!,……하아앗!!!,……하아앗!!!
dom3Mikoto_X05.mes,Script/dom3Mikoto_X05.mes,201,6,Mikoto,キャアアア,꺄아아아,꺄아아아
dom3Mikoto_X05.mes,Script/dom3Mikoto_X05.mes,202,13,[효과음/내레이션],ゴゴゴゴゴゴゴウゥ!!!,고고고고고고고오우!!!,고고고고고고고오우!!!
dom3Mikoto_X05.mes,Script/dom3Mikoto_X05.mes,203,5,주인공,うわぁ!,으와아!,으와아!
dom3Mikoto_X05.mes,Script/dom3Mikoto_X05.mes,204,5,[효과음/내레이션],ガンッ!,쾅!,쾅!
dom3Mikoto_X05.mes,Script/dom3Mikoto_X05.mes,205,5,주인공,命さん!,미코토!,미코토!
dom3Mikoto_X05.mes,Script/dom3Mikoto_X05.mes,206,26,Mikoto,……ご、ごめんなさい……わたくし<6E5C>の力ではもう……,"……미, 미안해요……저의<6E5C>힘으로는 더 이상……","……미, 미안해요……저의<6E5C>힘으로는 더 이상……"
dom3Mikoto_X05.mes,Script/dom3Mikoto_X05.mes,207,23,주인공,命さん、しっかりして!<6E5C>あきらめては駄目だ!,"미코토씨, 정신차려요!<6E5C>포기 마요!","미코토씨, 정신차려요!<6E5C>포기 마요!"
dom3Mikoto_X05.mes,Script/dom3Mikoto_X05.mes,208,33,UNKNOWN_ad,ホーホホホッ、別れのあいさつは<6E5C>済んだかえ?命、ソナタは消えよ!,"호호호홋, 작별인사<6E5C>끝났느냐? 미코토, 사라져라!","호호호홋, 작별인사<6E5C>끝났느냐? 미코토, 사라져라!"
dom3Mikoto_X05.mes,Script/dom3Mikoto_X05.mes,209,11,Mikoto,イヤァアアアア!!!,싫어어어어!!!,싫어어어어!!!
dom3Mikoto_X05.mes,Script/dom3Mikoto_X05.mes,210,6,주인공,命さーん!,미코토―!,미코토―!
dom3Mikoto_X05.mes,Script/dom3Mikoto_X05.mes,211,5,[효과음/내레이션],ピカッ!,번쩍!,번쩍!
dom3Mikoto_X05.mes,Script/dom3Mikoto_X05.mes,212,10,[효과음/내레이션],ホ~ホホホホホッ!,호~호호호호홋!,호~호호호호홋!
dom3Mikoto_X05.mes,Script/dom3Mikoto_X05.mes,213,35,UNKNOWN_ad,これでこの体はワラワの物、<6E5C>ワラワの自由じゃ.<6E5C>オーホホホホホホッ!,"이제 이 몸은 이 몸 것,<6E5C>이 몸 자유이니라.<6E5C>오호호호호호홋!","이제 이 몸은 이 몸 것,<6E5C>이 몸 자유이니라.<6E5C>오호호호호호홋!"
dom3Mikoto_X05.mes,Script/dom3Mikoto_X05.mes,214,8,주인공,そ、そんな……,"그, 그런……","그, 그런……"
dom3Mikoto_X05.mes,Script/dom3Mikoto_X05.mes,215,45,UNKNOWN_ad,完全となったワラワの記念すべき<6E5C>一人目の犠牲者は、ソナタにして<6E5C>やろう.光栄に思うがよい,"완전해진 이 몸의 기념할<6E5C>첫 번째 제물은, 그대로 해<6E5C>주마.영광으로 알거라","완전해진 이 몸의 기념할<6E5C>첫 번째 제물은, 그대로 해<6E5C>주마.영광으로 알거라"
dom3Mikoto_X05.mes,Script/dom3Mikoto_X05.mes,216,3,주인공,うっ,윽,윽
dom3Mikoto_X05.mes,Script/dom3Mikoto_X05.mes,217,37,UNKNOWN_ad,どうした?<6E5C>ワラワの瞳に凍てつきたもうたか!<6E5C>絶望のうちに死ぬがよいっ!,왜 그러느냐?<6E5C>눈동자에 얼어붙었느냐!<6E5C>절망 속에서 죽거라!,왜 그러느냐?<6E5C>눈동자에 얼어붙었느냐!<6E5C>절망 속에서 죽거라!
dom3Mikoto_X05.mes,Script/dom3Mikoto_X05.mes,218,10,[효과음/내레이션],ゴゥオオオオオ!!,고오오오오오!!,고오오오오오!!
dom3Mikoto_X05.mes,Script/dom3Mikoto_X05.mes,219,6,[효과음/내레이션],ざしゅっ!,촤악!,촤악!
dom3Mikoto_X05.mes,Script/dom3Mikoto_X05.mes,220,9,주인공,うわわわあ!!!,으와아아아!!!,으와아아아!!!
dom3Mikoto_X05.mes,Script/dom3Mikoto_X05.mes,221,20,주인공,(……命さん、こんな、<6E5C>ことって……),"(……미코토 씨, 이런,<6E5C>일이……)","(……미코토 씨, 이런,<6E5C>일이……)"
dom3Mikoto_X05.mes,Script/dom3Mikoto_X05.mes,222,15,Mikoto,ま、負けません、わたくしは!,"지, 지지 않아요, 저는!","지, 지지 않아요, 저는!"
dom3Mikoto_X05.mes,Script/dom3Mikoto_X05.mes,223,50,UNKNOWN_ad,ウググ……、ワラワを……、ワラワ<6E5C>を<9C1C>除しようと言うのか…….ソナ<6E5C>タの本来の姿であるワラワを……,"으그극……, 이 몸을……, 이 몸<6E5C>을 <9C1C>하려느냐…….그대<6E5C>의 본래 모습인 이 몸을……","으그극……, 이 몸을……, 이 몸<6E5C>을 <9C1C>하려느냐…….그대<6E5C>의 본래 모습인 이 몸을……"
dom3Mikoto_X05.mes,Script/dom3Mikoto_X05.mes,224,6,[효과음/내레이션],ゴゴゴ……,고고고……,고고고……
dom3Mikoto_X05.mes,Script/dom3Mikoto_X05.mes,225,32,Mikoto,わたくしはあなたなどではありま<6E5C>せん.わたくしはわたくしです!,저는 당신 따위가 아니에요.<6E5C>저는 저예요!,저는 당신 따위가 아니에요.<6E5C>저는 저예요!
dom3Mikoto_X05.mes,Script/dom3Mikoto_X05.mes,226,23,UNKNOWN_ad,お、おのれ……、ワラワは滅びぬ…<6E5C>…滅びぬぞ,"이놈……, 이 몸은 멸하지 않는다","이놈……, 이 몸은 멸하지 않는다"
dom3Mikoto_X05.mes,Script/dom3Mikoto_X05.mes,227,4,[효과음/내레이션],ゴ……,고……,고……
dom3Mikoto_X05.mes,Script/dom3Mikoto_X05.mes,228,17,Mikoto,あなたは、元の姿へ帰るのです!!,당신 원래 모습 돌아가세요!!,당신 원래 모습 돌아가세요!!
dom3Mikoto_X05.mes,Script/dom3Mikoto_X05.mes,229,3,[효과음/내레이션],……,……,……
dom3Mikoto_X05.mes,Script/dom3Mikoto_X05.mes,230,9,UNKNOWN_ad,グッ……ウウウッ,끄윽……우우웃,끄윽……우우웃
dom3Mikoto_X05.mes,Script/dom3Mikoto_X05.mes,231,17,Mikoto,わたくしは、<이름:3131>様とともに……!,"저는, <이름:3131> 님과 함께……!","저는, <이름:3131> 님과 함께……!"
dom3Mikoto_X05.mes,Script/dom3Mikoto_X05.mes,232,10,주인공,消えろ!悪魔めっ!,사라져 악마 놈!,사라져 악마 놈!
dom3Mikoto_X05.mes,Script/dom3Mikoto_X05.mes,233,6,[효과음/내레이션],ぎゅっ……,꽉……,꽉……
dom3Mikoto_X05.mes,Script/dom3Mikoto_X05.mes,234,13,UNKNOWN_ad,……グワワアアアア!!!,……그워어어어!!!,……그워어어어!!!
dom3Mikoto_ending1.mes,Script/dom3Mikoto_ending1.mes,0,15,주인공,(うっ……どうなったんだ?),(윽…… 어찌 된 거지?),(윽…… 어찌 된 거지?)
dom3Mikoto_ending1.mes,Script/dom3Mikoto_ending1.mes,1,9,UNKNOWN_1e,<이름:3131>様!<이름:3131>様!,<이름:3131>님!<이름:3131>님!,<이름:3131>님!<이름:3131>님!
dom3Mikoto_ending1.mes,Script/dom3Mikoto_ending1.mes,2,15,주인공,命さん!……あ、この気は……,미코토 씨! 이 기운은……,미코토 씨! 이 기운은……
dom3Mikoto_ending1.mes,Script/dom3Mikoto_ending1.mes,3,68,Mikoto,そうです.<6E5C>悪魔が消え去ったのです!<485C>わたくしの中から、邪悪なもの<6E5C>が一切抜けていきました!<485C>こんな晴れやかな気持ち、<6E5C>はじめてです!,맞아요.<6E5C>악마가 사라졌어요!<485C>제 안에서 사악한 기운이<6E5C>완전히 빠져나갔어요!<485C>이렇게 후련한 기분은<6E5C>처음이에요!,맞아요.<6E5C>악마가 사라졌어요!<485C>제 안에서 사악한 기운이<6E5C>완전히 빠져나갔어요!<485C>이렇게 후련한 기분은<6E5C>처음이에요!
dom3Mikoto_ending1.mes,Script/dom3Mikoto_ending1.mes,4,8,주인공,み、命さんっ!,"미, 미코토!","미, 미코토!"
dom3Mikoto_ending1.mes,Script/dom3Mikoto_ending1.mes,5,4,[효과음/내레이션],ガバッ,덥석,덥석
dom3Mikoto_ending1.mes,Script/dom3Mikoto_ending1.mes,6,6,Mikoto,<이름:3131>様……,<이름:3131>님……,<이름:3131>님……
dom3Mikoto_ending1.mes,Script/dom3Mikoto_ending1.mes,7,41,주인공,命さんの顔をよく見せてください.<6E5C>……正真正銘、命さんの美しい<6E5C>お顔ですね……!,"얼굴을 잘 보여주세요.<6E5C>……틀림없이, 아름다운<6E5C>미코토 씨 얼굴이네요……!","얼굴을 잘 보여주세요.<6E5C>……틀림없이, 아름다운<6E5C>미코토 씨 얼굴이네요……!"
dom3Mikoto_ending1.mes,Script/dom3Mikoto_ending1.mes,8,29,Mikoto,そ、そんなに見られては、わたくし<6E5C>恥ずかしいです!ううっ,"그, 그렇게 보시면 저<6E5C>부끄러워요! 으으……","그, 그렇게 보시면 저<6E5C>부끄러워요! 으으……"
dom3Mikoto_ending1.mes,Script/dom3Mikoto_ending1.mes,9,43,주인공,泣いてはいけない.これからはふた<6E5C>り、いつまでも笑って過ごさないと<6E5C>いけないのだから,"울면 안 돼요. 이제부터는 우리 둘<6E5C>이서, 언제까지나 웃으며 지내야<6E5C>하니까요","울면 안 돼요. 이제부터는 우리 둘<6E5C>이서, 언제까지나 웃으며 지내야<6E5C>하니까요"
dom3Mikoto_ending1.mes,Script/dom3Mikoto_ending1.mes,10,31,Mikoto,そんなことおっしゃっても、涙が<6E5C>あふれて、うまく笑えませんわ,"그렇게 말씀하셔도, 눈물이<6E5C>넘쳐서 웃을 수가 없어요","그렇게 말씀하셔도, 눈물이<6E5C>넘쳐서 웃을 수가 없어요"
dom3Mikoto_ending1.mes,Script/dom3Mikoto_ending1.mes,11,24,주인공,命さん……よく、悪魔に打ち勝って<6E5C>くれましたね,"미코토 씨…… 잘, 악마를 이겨내<6E5C>주셨네요","미코토 씨…… 잘, 악마를 이겨내<6E5C>주셨네요"
dom3Mikoto_ending1.mes,Script/dom3Mikoto_ending1.mes,12,40,Mikoto,すべては<이름:3131>様のおかげです.<6E5C>わたくしひとりでは、とても<6E5C>闘えませんでした……,전부 <이름:3131>님 덕분이에요.<6E5C>저 혼자였다면 도저히<6E5C>싸울 수 없었을 거예요,전부 <이름:3131>님 덕분이에요.<6E5C>저 혼자였다면 도저히<6E5C>싸울 수 없었을 거예요
dom3Mikoto_ending1.mes,Script/dom3Mikoto_ending1.mes,13,42,Mikoto,あなたのおそばで生きられるの<6E5C>なら、わたくしはもう、何も<6E5C>怖くなどありません……!,"당신 곁에서 살 수 있다<6E5C>면, 저는 이제 더는 아무것도<6E5C>두렵지 않아요……!","당신 곁에서 살 수 있다<6E5C>면, 저는 이제 더는 아무것도<6E5C>두렵지 않아요……!"
dom3Mikoto_ending1.mes,Script/dom3Mikoto_ending1.mes,14,6,주인공,命さん……,미코토 씨,미코토 씨
dom3Mikoto_ending1.mes,Script/dom3Mikoto_ending1.mes,15,13,UNKNOWN_1e,よくやったな!命、<이름:3232>!,"장하다, 미코토,<이름:3232>!","장하다, 미코토,<이름:3232>!"
dom3Mikoto_ending1.mes,Script/dom3Mikoto_ending1.mes,16,20,주인공,あ、覇王丸さん…….<6E5C>それに、ナコルル,"아, 하오마루 씨<6E5C>그리고 나코루루","아, 하오마루 씨<6E5C>그리고 나코루루"
dom3Mikoto_ending1.mes,Script/dom3Mikoto_ending1.mes,17,57,Nakoruru,おふたりとも、よく頑張りまし<6E5C>たね.外から、邪悪な気が天に<6E5C>召されていくのが見えました<485C>おふたりの完全な勝利です,두 분 다 잘 버텨내<6E5C>셨어요. 밖에서 사악한 기운이 하늘로<6E5C>거두어지는 게 보였어요<485C>완전한 승리예요,두 분 다 잘 버텨내<6E5C>셨어요. 밖에서 사악한 기운이 하늘로<6E5C>거두어지는 게 보였어요<485C>완전한 승리예요
dom3Mikoto_ending1.mes,Script/dom3Mikoto_ending1.mes,18,25,UNKNOWN_75,やっぱり俺の見込みは間違って<6E5C>なかったな、<이름:3232>!,"역시 내 안목은 틀리지<6E5C>않았구나, <이름:3232>!","역시 내 안목은 틀리지<6E5C>않았구나, <이름:3232>!"
dom3Mikoto_ending1.mes,Script/dom3Mikoto_ending1.mes,19,24,주인공,いいえ、みなさんが協力してくれた<6E5C>おかげです!,"아니에요, 다들 힘을 모아준<6E5C>덕분이에요!","아니에요, 다들 힘을 모아준<6E5C>덕분이에요!"
dom3Mikoto_ending1.mes,Script/dom3Mikoto_ending1.mes,20,34,UNKNOWN_75,よし、今日はおもいきり飲むぞ!<6E5C>逃げたら承知しねぇからな、<6E5C><이름:3232>!,"좋아, 오늘은 실컷 마셔보자!<6E5C>도망가면 가만 안 둔다,<6E5C><이름:3232>","좋아, 오늘은 실컷 마셔보자!<6E5C>도망가면 가만 안 둔다,<6E5C><이름:3232>"
dom3Mikoto_ending1.mes,Script/dom3Mikoto_ending1.mes,21,5,주인공,えぇ~っ,에엑~,에엑~
dom3Mikoto_ending1.mes,Script/dom3Mikoto_ending1.mes,22,13,Mikoto,おじ様ったら……ふふふっ,아저씨도 참…… 후후훗,아저씨도 참…… 후후훗
dom3Mikoto_ending1.mes,Script/dom3Mikoto_ending1.mes,23,6,[효과음/내레이션],そして――,그리고――,그리고――
dom3Mikoto_ending1.mes,Script/dom3Mikoto_ending1.mes,24,31,UNKNOWN_1e,<이름:3131>様、そんなにゆっくり歩かれ<6E5C>ては日が募れてしまいますよ?,"<이름:3131>님, 그렇게 천천히 걸으시<6E5C>면 해가 저물어버려요?","<이름:3131>님, 그렇게 천천히 걸으시<6E5C>면 해가 저물어버려요?"
dom3Mikoto_ending1.mes,Script/dom3Mikoto_ending1.mes,25,11,주인공,待ってよ、命さん……,기다려 미코토 씨,기다려 미코토 씨
dom3Mikoto_ending1.mes,Script/dom3Mikoto_ending1.mes,26,47,Mikoto,京都はまだまだ遠いのでしょう?<6E5C>こんなところでくたびれていては、<6E5C>いつまでたっても着きません,"교토는 아직 멀었잖아요?<6E5C>이런 데서 지쳐 있으면,<6E5C>언제까지고 도착하지 못해요","교토는 아직 멀었잖아요?<6E5C>이런 데서 지쳐 있으면,<6E5C>언제까지고 도착하지 못해요"
dom3Mikoto_ending1.mes,Script/dom3Mikoto_ending1.mes,27,31,주인공,そんな、ずっと病床についていた<6E5C>命さんが、なんという脚力……,계속 병상에 있던<6E5C>미코토 씨가 이런 다리 힘이라니……,계속 병상에 있던<6E5C>미코토 씨가 이런 다리 힘이라니……
dom3Mikoto_ending1.mes,Script/dom3Mikoto_ending1.mes,28,40,Mikoto,外を歩くのがこんなに清清しい<6E5C>なんて、はじめてです!<6E5C>どこまででも歩きますよ!,"밖을 걷는 게 이렇게 상쾌<6E5C>하다니, 처음이에요!<6E5C>어디까지든 걸어요!","밖을 걷는 게 이렇게 상쾌<6E5C>하다니, 처음이에요!<6E5C>어디까지든 걸어요!"
dom3Mikoto_ending1.mes,Script/dom3Mikoto_ending1.mes,29,35,주인공,すっかり元気になってしまって.<6E5C>なんだか、俺のほうが病人<6E5C>みたいだな,"완전히 건강해져 버렸네.<6E5C>왠지, 내 쪽이 오히려 환자<6E5C>같잖아","완전히 건강해져 버렸네.<6E5C>왠지, 내 쪽이 오히려 환자<6E5C>같잖아"
dom3Mikoto_ending1.mes,Script/dom3Mikoto_ending1.mes,30,25,Mikoto,……ホホホ!今度はソナタに<6E5C>取り憑いてやろうかえ,……호호호! 이번엔 그대에게<6E5C>씌어나 볼까나,……호호호! 이번엔 그대에게<6E5C>씌어나 볼까나
dom3Mikoto_ending1.mes,Script/dom3Mikoto_ending1.mes,31,9,주인공,なっ、命さん!?,"뭐, 미코토!?","뭐, 미코토!?"
dom3Mikoto_ending1.mes,Script/dom3Mikoto_ending1.mes,32,33,Mikoto,なんて、冗談ですよ.ほら、あそこ<6E5C>の茶屋までは頑張ってください!,"라고, 농담이에요. 자, 저기<6E5C>찻집까지는 힘내서 가주세요!","라고, 농담이에요. 자, 저기<6E5C>찻집까지는 힘내서 가주세요!"
dom3Mikoto_ending1.mes,Script/dom3Mikoto_ending1.mes,33,26,Mikoto,そうだ、<이름:3131>様のご両親へ<6E5C>お土産もご用意しないと!,"맞다, <이름:3131>님 부모님께<6E5C>선물도 준비해야겠어요!","맞다, <이름:3131>님 부모님께<6E5C>선물도 준비해야겠어요!"
dom3Mikoto_ending1.mes,Script/dom3Mikoto_ending1.mes,34,4,[효과음/내레이션],タタッ,타닥,타닥
dom3Mikoto_ending1.mes,Script/dom3Mikoto_ending1.mes,35,40,주인공,じょ、冗談って……キツイなぁ.<6E5C>でも、こんなにはしゃいでる<6E5C>命さんははじめてだ,"노, 농담이라니…… 짓궂네.<6E5C>그래도, 이렇게 신난<6E5C>미코토 씨는 처음이야","노, 농담이라니…… 짓궂네.<6E5C>그래도, 이렇게 신난<6E5C>미코토 씨는 처음이야"
dom3Mikoto_ending1.mes,Script/dom3Mikoto_ending1.mes,36,33,주인공,これからはふたりで、病も逃げる<6E5C>ぐらい元気に生きていかないとな!,이제부턴 둘이 병도 도망칠<6E5C>정도로 건강하게 살아야겠네!,이제부턴 둘이 병도 도망칠<6E5C>정도로 건강하게 살아야겠네!
dom3Mikoto_ending1.mes,Script/dom3Mikoto_ending1.mes,37,20,UNKNOWN_6d,お疲れ様!<6E5C>少しは楽しんでくれたかな?,수고했어!<6E5C>조금은 즐거웠으려나?,수고했어!<6E5C>조금은 즐거웠으려나?
dom3Mikoto_ending1.mes,Script/dom3Mikoto_ending1.mes,38,12,UNKNOWN_6d,……あ!<6E5C>いっけない!,……아!<6E5C>큰일났다!,……아!<6E5C>큰일났다!
dom3Mikoto_ending1.mes,Script/dom3Mikoto_ending1.mes,39,6,[효과음/내레이션],ドロンッ!,펑!,펑!
dom3Mikoto_ending1.mes,Script/dom3Mikoto_ending1.mes,40,44,Shino,こんぷりーと、おめでとう!<6E5C>今度むささび屋に来たら、善哉<6E5C>いっぱい食べさせてあげるね!,"컴플리트, 축하해!<6E5C>다음에 무사사비야에 오면, 단팥죽<6E5C>잔뜩 먹여줄게!","컴플리트, 축하해!<6E5C>다음에 무사사비야에 오면, 단팥죽<6E5C>잔뜩 먹여줄게!"
dom3Mikoto_ending1.mes,Script/dom3Mikoto_ending1.mes,41,5,Shino,せーのっ,하나둘!,하나둘!
dom3Mikoto_ending1.mes,Script/dom3Mikoto_ending1.mes,42,22,UNKNOWN_1d,わたしたちをみつけてくれて、<6E5C>ありがとう!,"우리를 찾아줘서,<6E5C>고마워!","우리를 찾아줘서,<6E5C>고마워!"
