file,rel_path,block,n_tokens,speaker,source,ai_draft,translation
dom3Nakoruru_L01.mes,Script/dom3Nakoruru_L01.mes,0,20,주인공,ん?……何やら<6E5C>いいにおいがするぞ……,음?……뭔가<6E5C>좋은 냄새가 나는군……,음?……뭔가<6E5C>좋은 냄새가 나는군……
dom3Nakoruru_L01.mes,Script/dom3Nakoruru_L01.mes,1,7,[효과음/내레이션],フラフラ……,휘청휘청……,휘청휘청……
dom3Nakoruru_L01.mes,Script/dom3Nakoruru_L01.mes,2,14,Nakoruru,あら、<이름:3232>さん、こんにちは,"어머, <이름:3232>씨 안녕하세요","어머, <이름:3232>씨 안녕하세요"
dom3Nakoruru_L01.mes,Script/dom3Nakoruru_L01.mes,3,17,주인공,ナコルルじゃないか.ここで何を?,나코루루잖아. 여기서 뭘 해?,나코루루잖아. 여기서 뭘 해?
dom3Nakoruru_L01.mes,Script/dom3Nakoruru_L01.mes,4,16,Nakoruru,ラタシケプを作っていたんですよ,라타시케프를 만들고 있었어요,라타시케프를 만들고 있었어요
dom3Nakoruru_L01.mes,Script/dom3Nakoruru_L01.mes,5,7,주인공,らたしけぷ?,라타시케프?,라타시케프?
dom3Nakoruru_L01.mes,Script/dom3Nakoruru_L01.mes,6,23,Nakoruru,わたしの故郷のお料理で、<6E5C>得意料理なんですよ,"제 고향 음식인데,<6E5C>제가 잘하는 요리예요","제 고향 음식인데,<6E5C>제가 잘하는 요리예요"
dom3Nakoruru_L01.mes,Script/dom3Nakoruru_L01.mes,7,29,주인공,煮物のようだが……これが山に<6E5C>漂ってたいいにおいの正体か,조림 같은데……산에<6E5C>퍼지던 좋은 냄새의 정체였군,조림 같은데……산에<6E5C>퍼지던 좋은 냄새의 정체였군
dom3Nakoruru_L01.mes,Script/dom3Nakoruru_L01.mes,8,19,Nakoruru,<이름:3232>さんも召し上がって<6E5C>いきますか?,<이름:3232>씨도 좀<6E5C>드시고 가실래요?,<이름:3232>씨도 좀<6E5C>드시고 가실래요?
dom3Nakoruru_L01.mes,Script/dom3Nakoruru_L01.mes,9,19,[선택지],いや、帰って食べるよそれじゃ、遠慮なく,"아니, 집에서 먹을게\그럼, 염치없이","아니, 집에서 먹을게\그럼, 염치없이"
dom3Nakoruru_L01.mes,Script/dom3Nakoruru_L01.mes,10,45,주인공,いや、あいにくだが、家の者が仕度<6E5C>をしてくれているはずだから、<6E5C>帰って食べることにするよ,"아니, 아쉽지만 집에서 식구가<6E5C>준비하고 있을 테니,<6E5C>돌아가서 먹기로 할게","아니, 아쉽지만 집에서 식구가<6E5C>준비하고 있을 테니,<6E5C>돌아가서 먹기로 할게"
dom3Nakoruru_L01.mes,Script/dom3Nakoruru_L01.mes,11,8,Nakoruru,そうですか……,그렇군요……,그렇군요……
dom3Nakoruru_L01.mes,Script/dom3Nakoruru_L01.mes,12,17,주인공,(異国の料理は、ちょっとな……),"(타국 음식은, 좀……)","(타국 음식은, 좀……)"
dom3Nakoruru_L01.mes,Script/dom3Nakoruru_L01.mes,13,20,주인공,え、いいのかい?<6E5C>それじゃ、遠慮なく!,"어, 괜찮은가?<6E5C>그럼, 염치없이!","어, 괜찮은가?<6E5C>그럼, 염치없이!"
dom3Nakoruru_L01.mes,Script/dom3Nakoruru_L01.mes,14,16,Nakoruru,ふふ、たくさん食べてくださいね,"후후, 많이 드세요","후후, 많이 드세요"
dom3Nakoruru_L01.mes,Script/dom3Nakoruru_L01.mes,15,15,주인공,それはもう!いただきまーす!,그야 물론! 잘 먹을게!,그야 물론! 잘 먹을게!
dom3Nakoruru_L01.mes,Script/dom3Nakoruru_L01.mes,16,9,[효과음/내레이션],ぱくぱくぱく……,우걱우걱……,우걱우걱……
dom3Nakoruru_L01.mes,Script/dom3Nakoruru_L01.mes,17,7,Nakoruru,どうですか?,어떠세요?,어떠세요?
dom3Nakoruru_L01.mes,Script/dom3Nakoruru_L01.mes,18,25,주인공,うまい!これは、ほんとに……う!<6E5C>ごほっごほっ!,"맛있어! 이건, 정말로……윽!<6E5C>콜록콜록!","맛있어! 이건, 정말로……윽!<6E5C>콜록콜록!"
dom3Nakoruru_L01.mes,Script/dom3Nakoruru_L01.mes,19,28,Nakoruru,そんなにあわてて食べなくても、<6E5C>まだたくさんありますよ,"그렇게 서둘러 먹지 않아도,<6E5C>아직 많이 있어요","그렇게 서둘러 먹지 않아도,<6E5C>아직 많이 있어요"
dom3Nakoruru_L01.mes,Script/dom3Nakoruru_L01.mes,20,32,주인공,ふぅ~、死ぬかと思った.<6E5C>いや、それにしてもうまいなぁ、<6E5C>これ,"후~, 죽는 줄 알았네.<6E5C>아니, 그나저나 맛있네,<6E5C>이거","후~, 죽는 줄 알았네.<6E5C>아니, 그나저나 맛있네,<6E5C>이거"
dom3Nakoruru_L01.mes,Script/dom3Nakoruru_L01.mes,21,42,주인공,(……咳き込んだのが異常に<6E5C>しょっぱいせいだって知ったら、<6E5C>落ち込むだろうな……),"(……내가 사레들린 게 너무<6E5C>짜서 그런 거라는 걸 알면,<6E5C>실망하겠지……)","(……내가 사레들린 게 너무<6E5C>짜서 그런 거라는 걸 알면,<6E5C>실망하겠지……)"
dom3Nakoruru_L01.mes,Script/dom3Nakoruru_L01.mes,22,24,주인공,(ここは、味を感じる前に飲み込む<6E5C>しかない!),(지금은 맛보기 전에<6E5C>삼킬 수밖에 없어!),(지금은 맛보기 전에<6E5C>삼킬 수밖에 없어!)
dom3Nakoruru_L01.mes,Script/dom3Nakoruru_L01.mes,23,6,[효과음/내레이션],ガツガツッ,우걱우걱,우걱우걱
dom3Nakoruru_L01.mes,Script/dom3Nakoruru_L01.mes,24,33,Nakoruru,そんなに喜んで食べてもらえると、<6E5C>うれしいです.<6E5C>……ありがとう,"그렇게 기쁘게 먹어주시니,<6E5C>저도 기뻐요.<6E5C>……고마워요","그렇게 기쁘게 먹어주시니,<6E5C>저도 기뻐요.<6E5C>……고마워요"
dom3Nakoruru_L01.mes,Script/dom3Nakoruru_L01.mes,25,14,주인공,(うぅ、少し罪悪感が……),"(으, 좀 죄책감이……)","(으, 좀 죄책감이……)"
dom3Nakoruru_L02.mes,Script/dom3Nakoruru_L02.mes,0,9,UNKNOWN_1e,姉様~遊ぼうよぉ,언니~ 놀자아,언니~ 놀자아
dom3Nakoruru_L02.mes,Script/dom3Nakoruru_L02.mes,1,25,UNKNOWN_1e,ごめんね、リムルル.<6E5C>今はちょっと手が離せないの,"미안해, 리무루루.<6E5C>지금은 손 뗄 수 없어","미안해, 리무루루.<6E5C>지금은 손 뗄 수 없어"
dom3Nakoruru_L02.mes,Script/dom3Nakoruru_L02.mes,2,13,주인공,(おや、あの姉妹は……),"(어라, 자매는……)","(어라, 자매는……)"
dom3Nakoruru_L02.mes,Script/dom3Nakoruru_L02.mes,3,17,주인공,こんにちは、何をもめてるんだい?,"안녕, 무슨 일로 다투니?","안녕, 무슨 일로 다투니?"
dom3Nakoruru_L02.mes,Script/dom3Nakoruru_L02.mes,4,8,Nakoruru,あ……<이름:3232>さん,아……<이름:3232>씨,아……<이름:3232>씨
dom3Nakoruru_L02.mes,Script/dom3Nakoruru_L02.mes,5,20,UNKNOWN_7e,また来たのぉ?<6E5C>実はすご~くヒマな人?,또 왔어?<6E5C>엄청 한가한가 봐?,또 왔어?<6E5C>엄청 한가한가 봐?
dom3Nakoruru_L02.mes,Script/dom3Nakoruru_L02.mes,6,15,주인공,う……ま、まぁ忙しくはないが,"윽……뭐, 바쁘진 않지만","윽……뭐, 바쁘진 않지만"
dom3Nakoruru_L02.mes,Script/dom3Nakoruru_L02.mes,7,26,UNKNOWN_7e,そっか、じゃあ、あんたでいいや!<6E5C>かくれんぼしよ!,"그렇구나, 그럼 너로 됐어!<6E5C>숨바꼭질하자!","그렇구나, 그럼 너로 됐어!<6E5C>숨바꼭질하자!"
dom3Nakoruru_L02.mes,Script/dom3Nakoruru_L02.mes,8,25,Nakoruru,こら、リムルル.<6E5C>あんた、何て言ってはいけません,"이런, 리무루루.<6E5C>그런 말버릇 쓰면 안 돼요","이런, 리무루루.<6E5C>그런 말버릇 쓰면 안 돼요"
dom3Nakoruru_L02.mes,Script/dom3Nakoruru_L02.mes,9,25,UNKNOWN_7e,はーい.<6E5C>えっと……<이름:3232>兄様!<6E5C>かくれんぼしよ!,네~.<6E5C>음……<이름:3232> 오라버니!<6E5C>숨바꼭질하자!,네~.<6E5C>음……<이름:3232> 오라버니!<6E5C>숨바꼭질하자!
dom3Nakoruru_L02.mes,Script/dom3Nakoruru_L02.mes,10,11,주인공,か、かくれんぼか……,숨바꼭질이라……,숨바꼭질이라……
dom3Nakoruru_L02.mes,Script/dom3Nakoruru_L02.mes,11,20,[선택지],ナコルルもいっしょにナコルルの邪魔せずに,나코루루도 같이\나코루루 방해 않기,나코루루도 같이\나코루루 방해 않기
dom3Nakoruru_L02.mes,Script/dom3Nakoruru_L02.mes,12,15,주인공,そうだな……よし、やろうか!,"그러게……좋아, 해볼까!","그러게……좋아, 해볼까!"
dom3Nakoruru_L02.mes,Script/dom3Nakoruru_L02.mes,13,5,UNKNOWN_7e,わーい!,와아!,와아!
dom3Nakoruru_L02.mes,Script/dom3Nakoruru_L02.mes,14,36,Nakoruru,ごめんなさい、<이름:3232>さん.<6E5C>妹が無理を言って.<6E5C>お願いしてもいいですか?,"죄송해요, <이름:3232>씨.<6E5C>동생이 억지를 부려서요.<6E5C>부탁드려도 될까요?","죄송해요, <이름:3232>씨.<6E5C>동생이 억지를 부려서요.<6E5C>부탁드려도 될까요?"
dom3Nakoruru_L02.mes,Script/dom3Nakoruru_L02.mes,15,27,주인공,何を言ってるんだ?<6E5C>ナコルルもいっしょに<6E5C>やるんだぞ,무슨 소리야?<6E5C>나코루루도 같이<6E5C>하는 거야,무슨 소리야?<6E5C>나코루루도 같이<6E5C>하는 거야
dom3Nakoruru_L02.mes,Script/dom3Nakoruru_L02.mes,16,26,Nakoruru,え、あの、わたしはやらなくては<6E5C>ならないことが……,"네, 저기, 저는 해야 할<6E5C>일이 있어서……","네, 저기, 저는 해야 할<6E5C>일이 있어서……"
dom3Nakoruru_L02.mes,Script/dom3Nakoruru_L02.mes,17,35,주인공,そんなの後々!<6E5C>たまには羽を伸ばさなくては、<6E5C>息が詰まってしまうぞ!,"그런 건 나중에!<6E5C>가끔은 쉬지 않으면,<6E5C>답답해서 못 견뎌!","그런 건 나중에!<6E5C>가끔은 쉬지 않으면,<6E5C>답답해서 못 견뎌!"
dom3Nakoruru_L02.mes,Script/dom3Nakoruru_L02.mes,18,22,UNKNOWN_7e,わーい、わーい!<6E5C>姉様もいっしょにやろー!,"와아, 와아!<6E5C>언니도 같이 하자~!","와아, 와아!<6E5C>언니도 같이 하자~!"
dom3Nakoruru_L02.mes,Script/dom3Nakoruru_L02.mes,19,5,Nakoruru,でも……,근데……,근데……
dom3Nakoruru_L02.mes,Script/dom3Nakoruru_L02.mes,20,4,UNKNOWN_79,ピー!,삐이!,삐이!
dom3Nakoruru_L02.mes,Script/dom3Nakoruru_L02.mes,21,20,주인공,ほら、<6E5C>ママハハも賛成してるじゃないか,"봐,<6E5C>마마하하도 찬성하잖아","봐,<6E5C>마마하하도 찬성하잖아"
dom3Nakoruru_L02.mes,Script/dom3Nakoruru_L02.mes,22,30,Nakoruru,……わかりました.<6E5C>でも、やるからには手は<6E5C>抜きませんよ!,……알겠어요.<6E5C>하지만 하는 이상 봐주지<6E5C>않을 거예요!,……알겠어요.<6E5C>하지만 하는 이상 봐주지<6E5C>않을 거예요!
dom3Nakoruru_L02.mes,Script/dom3Nakoruru_L02.mes,23,8,주인공,望むところだ!,바라던 바다!,바라던 바다!
dom3Nakoruru_L02.mes,Script/dom3Nakoruru_L02.mes,24,15,UNKNOWN_7e,わーい!それじゃ、いくよー!,"와아! 그럼, 간다~!","와아! 그럼, 간다~!"
dom3Nakoruru_L02.mes,Script/dom3Nakoruru_L02.mes,25,28,주인공,(ナコルルたち相手じゃ、<6E5C>だいぶ苦戦しそうだな……!),"(나코루루가 상대라면,<6E5C>꽤 고전하겠는데……!)","(나코루루가 상대라면,<6E5C>꽤 고전하겠는데……!)"
dom3Nakoruru_L02.mes,Script/dom3Nakoruru_L02.mes,26,32,주인공,よし、わかった!<6E5C>ただし、ナコルルの邪魔を<6E5C>しないようにやろう,"좋아, 알았어!<6E5C>다만, 나코루루를 방해하지<6E5C>않도록 하자","좋아, 알았어!<6E5C>다만, 나코루루를 방해하지<6E5C>않도록 하자"
dom3Nakoruru_L02.mes,Script/dom3Nakoruru_L02.mes,27,22,Nakoruru,ごめんなさい、<이름:3232>さん.<6E5C>妹が無理を言って,"죄송해요, <이름:3232>씨<6E5C>동생이 억지를 부려서","죄송해요, <이름:3232>씨<6E5C>동생이 억지를 부려서"
dom3Nakoruru_L02.mes,Script/dom3Nakoruru_L02.mes,28,23,주인공,いいよ、ナコルルの代わりに<6E5C>いっぱい遊ぶから,"괜찮아, 나코루루 대신<6E5C>실컷 놀아줄게","괜찮아, 나코루루 대신<6E5C>실컷 놀아줄게"
dom3Nakoruru_L02.mes,Script/dom3Nakoruru_L02.mes,29,14,UNKNOWN_7e,わーい、やっつけちゃうぞ!,"와아, 이겨버릴 거야!","와아, 이겨버릴 거야!"
dom3Nakoruru_L02.mes,Script/dom3Nakoruru_L02.mes,30,23,주인공,(本当はナコルルと<6E5C>遊びたかったけどな……),(사실은 나코루루랑<6E5C>놀고 싶었는데……),(사실은 나코루루랑<6E5C>놀고 싶었는데……)
dom3Nakoruru_L03.mes,Script/dom3Nakoruru_L03.mes,0,16,주인공,(ナコルルたち、いるかな……),"(나코루루, 있으려나……)","(나코루루, 있으려나……)"
dom3Nakoruru_L03.mes,Script/dom3Nakoruru_L03.mes,1,5,UNKNOWN_1e,ピーッ!,삐익!,삐익!
dom3Nakoruru_L03.mes,Script/dom3Nakoruru_L03.mes,2,27,주인공,(あれは、ママハハか.<6E5C>どこへ飛んでいくんだろう?),"(저건, 마마하하인가.<6E5C>어디로 날아가는 거지?)","(저건, 마마하하인가.<6E5C>어디로 날아가는 거지?)"
dom3Nakoruru_L03.mes,Script/dom3Nakoruru_L03.mes,3,12,[선택지],追いかけてみる放っておく,쫓아가 본다\내버려 둔다,쫓아가 본다\내버려 둔다
dom3Nakoruru_L03.mes,Script/dom3Nakoruru_L03.mes,4,49,주인공,(もしかしたら、ママハハの<6E5C>行く先にナコルルたちがいるかも<6E5C>しれないな)<485C>(追いかけてみるか!),"(혹시, 마마하하가 가는<6E5C>곳에 나코루루 일행이 있을지도<6E5C>모르겠군)<485C>(쫓아가 볼까!)","(혹시, 마마하하가 가는<6E5C>곳에 나코루루 일행이 있을지도<6E5C>모르겠군)<485C>(쫓아가 볼까!)"
dom3Nakoruru_L03.mes,Script/dom3Nakoruru_L03.mes,5,9,[효과음/내레이션],タッタッタッ……,타닥타닥……,타닥타닥……
dom3Nakoruru_L03.mes,Script/dom3Nakoruru_L03.mes,6,17,주인공,(えらく遠くまで行くんだな……),(꽤 멀리까지 가는군……),(꽤 멀리까지 가는군……)
dom3Nakoruru_L03.mes,Script/dom3Nakoruru_L03.mes,7,13,[효과음/내레이션],タッタッタッ……ガサガサ,타닥타닥……바스락,타닥타닥……바스락
dom3Nakoruru_L03.mes,Script/dom3Nakoruru_L03.mes,8,23,주인공,(うむむ、<6E5C>いったいどこまで行くつもりだ!),"(으음,<6E5C>대체 어디까지 갈 셈이지!)","(으음,<6E5C>대체 어디까지 갈 셈이지!)"
dom3Nakoruru_L03.mes,Script/dom3Nakoruru_L03.mes,9,13,[효과음/내레이션],タッタッタッ……ガサガサ,타닥타닥……바스락,타닥타닥……바스락
dom3Nakoruru_L03.mes,Script/dom3Nakoruru_L03.mes,10,5,[효과음/내레이션],ザザザッ,사사삭,사사삭
dom3Nakoruru_L03.mes,Script/dom3Nakoruru_L03.mes,11,4,[효과음/내레이션],バッ!,탁!,탁!
dom3Nakoruru_L03.mes,Script/dom3Nakoruru_L03.mes,12,28,주인공,やっと出た!<6E5C>……ってここは、<6E5C>いつもの町じゃないか!,드디어 나왔다!<6E5C>……여긴 늘 가던 마을이잖아!,드디어 나왔다!<6E5C>……여긴 늘 가던 마을이잖아!
dom3Nakoruru_L03.mes,Script/dom3Nakoruru_L03.mes,13,5,UNKNOWN_79,ピーッ!,삐익!,삐익!
dom3Nakoruru_L03.mes,Script/dom3Nakoruru_L03.mes,14,6,[효과음/내레이션],バサバサッ,푸드덕,푸드덕
dom3Nakoruru_L03.mes,Script/dom3Nakoruru_L03.mes,15,38,주인공,(あ……行ってしまった.<6E5C>まさか、俺はママハハに<6E5C>からかわれたのか……?),"(아……가버렸네.<6E5C>설마, 내가 마마하하에게<6E5C>놀림당한 건가……?)","(아……가버렸네.<6E5C>설마, 내가 마마하하에게<6E5C>놀림당한 건가……?)"
dom3Nakoruru_L03.mes,Script/dom3Nakoruru_L03.mes,16,54,주인공,(気持ちよさそうに飛んでいるのを<6E5C>邪魔するのも悪いな)<485C>(ママハハもたまには自由に<6E5C>飛びまわりたいだろう),(기분 좋게 날고 있는 걸<6E5C>방해하는 것도 미안해)<485C>(마마하하도 가끔 자유롭게<6E5C>날아다니고 싶겠지),(기분 좋게 날고 있는 걸<6E5C>방해하는 것도 미안해)<485C>(마마하하도 가끔 자유롭게<6E5C>날아다니고 싶겠지)
dom3Nakoruru_L03.mes,Script/dom3Nakoruru_L03.mes,17,3,주인공,ん?,음?,음?
dom3Nakoruru_L03.mes,Script/dom3Nakoruru_L03.mes,18,40,주인공,(あ……こんなところで昼寝中かぁ<6E5C>.動物たちに囲まれて<6E5C>気持ちよさそうな……),(아……이런 데서 낮잠 중이었구나<6E5C>동물들에 둘러싸여<6E5C>편해 보이는데……),(아……이런 데서 낮잠 중이었구나<6E5C>동물들에 둘러싸여<6E5C>편해 보이는데……)
dom3Nakoruru_L03.mes,Script/dom3Nakoruru_L03.mes,19,20,주인공,(起こしたら悪いし、<6E5C>そ~っと帰るか),"(깨우면 미안하니,<6E5C>살짝 돌아갈까)","(깨우면 미안하니,<6E5C>살짝 돌아갈까)"
dom3Nakoruru_L03.mes,Script/dom3Nakoruru_L03.mes,20,31,주인공,(ふたりの安らかな寝顔は……<6E5C>そっと胸にしまっておこうっと),(둘의 평온한 잠든 얼굴은……<6E5C>가만히 담아둬야지),(둘의 평온한 잠든 얼굴은……<6E5C>가만히 담아둬야지)
dom3Nakoruru_L04.mes,Script/dom3Nakoruru_L04.mes,0,7,UNKNOWN_1e,待ちやがれ!,거기 서!,거기 서!
dom3Nakoruru_L04.mes,Script/dom3Nakoruru_L04.mes,1,3,주인공,ん?,음?,음?
dom3Nakoruru_L04.mes,Script/dom3Nakoruru_L04.mes,2,5,주인공,狂エ門か,쿄에몬?,쿄에몬?
dom3Nakoruru_L04.mes,Script/dom3Nakoruru_L04.mes,3,27,UNKNOWN_74,テメェ、最近ここらでデカイ面<6E5C>してるらしいじゃねぇか,"너 이 자식, 요즘 잘난 척<6E5C>하고 다닌다며","너 이 자식, 요즘 잘난 척<6E5C>하고 다닌다며"
dom3Nakoruru_L04.mes,Script/dom3Nakoruru_L04.mes,4,13,주인공,別にそんなつもりはないぞ,딱히 그럴 생각은 없다,딱히 그럴 생각은 없다
dom3Nakoruru_L04.mes,Script/dom3Nakoruru_L04.mes,5,25,UNKNOWN_74,うるせぇ!<6E5C>そういう態度が気に入らねぇんだよ<6E5C>!,시끄러워!<6E5C>그런 태도가 마음에 안 든다고<6E5C>!,시끄러워!<6E5C>그런 태도가 마음에 안 든다고<6E5C>!
dom3Nakoruru_L04.mes,Script/dom3Nakoruru_L04.mes,6,4,[효과음/내레이션],チャッ,챙,챙
dom3Nakoruru_L04.mes,Script/dom3Nakoruru_L04.mes,7,5,[효과음/내레이션],キーン!,챙그랑!,챙그랑!
dom3Nakoruru_L04.mes,Script/dom3Nakoruru_L04.mes,8,27,주인공,ちょ、ちょっと待て!<6E5C>いきなり刀を抜く奴があるか!?,"자, 잠깐!<6E5C>다짜고짜 칼을 뽑다니!?","자, 잠깐!<6E5C>다짜고짜 칼을 뽑다니!?"
dom3Nakoruru_L04.mes,Script/dom3Nakoruru_L04.mes,9,17,UNKNOWN_74,テメェも武士ならかかってこいよ!,너도 무사라면 덤벼봐!,너도 무사라면 덤벼봐!
dom3Nakoruru_L04.mes,Script/dom3Nakoruru_L04.mes,10,5,주인공,くそ……,젠장……,젠장……
dom3Nakoruru_L04.mes,Script/dom3Nakoruru_L04.mes,11,7,UNKNOWN_1e,やめなさい!,그만두세요!,그만두세요!
dom3Nakoruru_L04.mes,Script/dom3Nakoruru_L04.mes,12,4,주인공,あ……,아……,아……
dom3Nakoruru_L04.mes,Script/dom3Nakoruru_L04.mes,13,17,Nakoruru,おふたりとも、刀を納めてください,"두 분 다, 칼을 거둬 주세요","두 분 다, 칼을 거둬 주세요"
dom3Nakoruru_L04.mes,Script/dom3Nakoruru_L04.mes,14,6,UNKNOWN_74,あァン!?,아앙!?,아앙!?
dom3Nakoruru_L04.mes,Script/dom3Nakoruru_L04.mes,15,20,주인공,(今刀を納めるのは、<6E5C>逆に危ない……),(칼을 거두면<6E5C>오히려 위험해……),(칼을 거두면<6E5C>오히려 위험해……)
dom3Nakoruru_L04.mes,Script/dom3Nakoruru_L04.mes,16,20,[선택지],ナコルルの言う通りにする狂エ門に集中する,나코루루 말대로 한다\쿄에몬에 집중한다,나코루루 말대로 한다\쿄에몬에 집중한다
dom3Nakoruru_L04.mes,Script/dom3Nakoruru_L04.mes,17,21,주인공,わ、わかったって!<6E5C>そんな顔しないでくれ,"아, 알았다니까!<6E5C>그런 표정 짓지 마","아, 알았다니까!<6E5C>그런 표정 짓지 마"
dom3Nakoruru_L04.mes,Script/dom3Nakoruru_L04.mes,18,9,[효과음/내레이션],スッ……チャキン,스윽……철컥,스윽……철컥
dom3Nakoruru_L04.mes,Script/dom3Nakoruru_L04.mes,19,26,UNKNOWN_74,テメェ、何してやがる!<6E5C>このまま斬られてぇのか!?,"이 자식, 뭐 하는 거야!<6E5C>베이고 싶어!?","이 자식, 뭐 하는 거야!<6E5C>베이고 싶어!?"
dom3Nakoruru_L04.mes,Script/dom3Nakoruru_L04.mes,20,16,주인공,お前、刀を納めた俺を斬るのか?,칼 거둔 날 벨 셈이냐?,칼 거둔 날 벨 셈이냐?
dom3Nakoruru_L04.mes,Script/dom3Nakoruru_L04.mes,21,31,UNKNOWN_74,う……く、くそっ!仕切り直しだ!<6E5C>今度会ったら覚えてやがれ!,"으……크, 젠장!다시 붙자!<6E5C>다음에 만나면 각오해라!","으……크, 젠장!다시 붙자!<6E5C>다음에 만나면 각오해라!"
dom3Nakoruru_L04.mes,Script/dom3Nakoruru_L04.mes,22,5,주인공,ふぅ……,후우……,후우……
dom3Nakoruru_L04.mes,Script/dom3Nakoruru_L04.mes,23,23,Nakoruru,どうして、<6E5C>人を傷つけようとするのですか……,"어째서,<6E5C>사람을 다치게 하려는 건가요……","어째서,<6E5C>사람을 다치게 하려는 건가요……"
dom3Nakoruru_L04.mes,Script/dom3Nakoruru_L04.mes,24,13,주인공,いや、俺はそんなつもりは,아니 나는 그럴 생각은,아니 나는 그럴 생각은
dom3Nakoruru_L04.mes,Script/dom3Nakoruru_L04.mes,25,3,Nakoruru,……,……,……
dom3Nakoruru_L04.mes,Script/dom3Nakoruru_L04.mes,26,39,주인공,わ、悪かったよ.<6E5C>もう無闇に刀を抜いたりしないから<6E5C>……そんな顔しないでくれ,"미, 미안했어.<6E5C>이제 함부로 칼 안 뽑을게<6E5C>……그런 표정 짓지 마","미, 미안했어.<6E5C>이제 함부로 칼 안 뽑을게<6E5C>……그런 표정 짓지 마"
dom3Nakoruru_L04.mes,Script/dom3Nakoruru_L04.mes,27,5,Nakoruru,……はい,……네,……네
dom3Nakoruru_L04.mes,Script/dom3Nakoruru_L04.mes,28,26,주인공,ナコルル、下がっててくれ.<6E5C>君まで巻き添えを食うぞ,"나코루루, 물러나 있어.<6E5C>너까지 휘말리겠어","나코루루, 물러나 있어.<6E5C>너까지 휘말리겠어"
dom3Nakoruru_L04.mes,Script/dom3Nakoruru_L04.mes,29,17,Nakoruru,……刀を納めてくれないんですか?,……칼을 안 거두실 건가요?,……칼을 안 거두실 건가요?
dom3Nakoruru_L04.mes,Script/dom3Nakoruru_L04.mes,30,7,주인공,今は無理だ!,지금 무리!,지금 무리!
dom3Nakoruru_L04.mes,Script/dom3Nakoruru_L04.mes,31,34,Nakoruru,わかりました……<6E5C>そんなわからず屋さんたちには……<6E5C>おしおきです!,알겠어요……<6E5C>그렇게 말 안 듣는 분들껜……<6E5C>혼쭐을 내드리죠!,알겠어요……<6E5C>그렇게 말 안 듣는 분들껜……<6E5C>혼쭐을 내드리죠!
dom3Nakoruru_L04.mes,Script/dom3Nakoruru_L04.mes,32,5,[효과음/내레이션],ヒュッ!,휙!,휙!
dom3Nakoruru_L04.mes,Script/dom3Nakoruru_L04.mes,33,4,[효과음/내레이션],バシッ!,퍽!,퍽!
dom3Nakoruru_L04.mes,Script/dom3Nakoruru_L04.mes,34,5,[효과음/내레이션],バシッ!,퍽!,퍽!
dom3Nakoruru_L04.mes,Script/dom3Nakoruru_L04.mes,35,6,주인공,うわぁぁ!,으아아!,으아아!
dom3Nakoruru_L04.mes,Script/dom3Nakoruru_L04.mes,36,6,UNKNOWN_74,ぐへぇぇ!,끄헤엑!,끄헤엑!
dom3Nakoruru_L04.mes,Script/dom3Nakoruru_L04.mes,37,4,[효과음/내레이션],ドサッ,쿵,쿵
dom3Nakoruru_L04.mes,Script/dom3Nakoruru_L04.mes,38,13,주인공,う……ナコルル、何を……,"윽……나코루루, 왜……","윽……나코루루, 왜……"
dom3Nakoruru_L04.mes,Script/dom3Nakoruru_L04.mes,39,22,Nakoruru,みね打ちです.<6E5C>もう喧嘩しちゃいけませんよ,칼등으로 쳤어요.<6E5C>싸우면 안 돼요,칼등으로 쳤어요.<6E5C>싸우면 안 돼요
dom3Nakoruru_L04.mes,Script/dom3Nakoruru_L04.mes,40,14,UNKNOWN_74,く……あ、あいつ、何者だ?,"크……저 녀석, 뭐야?","크……저 녀석, 뭐야?"
dom3Nakoruru_L04.mes,Script/dom3Nakoruru_L04.mes,41,9,주인공,わ、わからん……,모르겠어……,모르겠어……
dom3Nakoruru_L05.mes,Script/dom3Nakoruru_L05.mes,0,6,UNKNOWN_7b,とぅーい!,얍!,얍!
dom3Nakoruru_L05.mes,Script/dom3Nakoruru_L05.mes,1,3,UNKNOWN_79,ピー,삐,삐
dom3Nakoruru_L05.mes,Script/dom3Nakoruru_L05.mes,2,20,주인공,おぉ、<6E5C>何ともめずらしい取り合わせだな,"오오,<6E5C>참으로 희한한 조합이군","오오,<6E5C>참으로 희한한 조합이군"
dom3Nakoruru_L05.mes,Script/dom3Nakoruru_L05.mes,3,33,Nakoruru,ええ、ママハハもすっかり<6E5C>チャンプルのことが<6E5C>気に入ったみたいで,"네, 마마하하도 어느새<6E5C>챤프루가<6E5C>마음에 든 것 같아요","네, 마마하하도 어느새<6E5C>챤프루가<6E5C>마음에 든 것 같아요"
dom3Nakoruru_L05.mes,Script/dom3Nakoruru_L05.mes,4,15,Mina,チャンプル……うれしそう……,챤프루……기뻐 보여……,챤프루……기뻐 보여……
dom3Nakoruru_L05.mes,Script/dom3Nakoruru_L05.mes,5,34,주인공,それにしてもふたりとも、<6E5C>お供が変わってるよな.<6E5C>鷹ともののけとは,"그나저나 둘 다,<6E5C>동행이 특이하네.<6E5C>매랑 모노노케라니","그나저나 둘 다,<6E5C>동행이 특이하네.<6E5C>매랑 모노노케라니"
dom3Nakoruru_L05.mes,Script/dom3Nakoruru_L05.mes,6,20,Mina,チャンプルはもののけ<6E5C>なんかじゃない!,챤프루는 모노노케 같은 게<6E5C>아니야!,챤프루는 모노노케 같은 게<6E5C>아니야!
dom3Nakoruru_L05.mes,Script/dom3Nakoruru_L05.mes,7,9,주인공,あ、ご、ごめん!,"아, 미안해!","아, 미안해!"
dom3Nakoruru_L05.mes,Script/dom3Nakoruru_L05.mes,8,27,Nakoruru,おそろしいもののけの気は……<6E5C>山の向こうから感じます,무서운 모노노케의 기운이……<6E5C>산 너머에서 느껴져,무서운 모노노케의 기운이……<6E5C>산 너머에서 느껴져
dom3Nakoruru_L05.mes,Script/dom3Nakoruru_L05.mes,9,8,주인공,え、そうなの?,"어, 그래?","어, 그래?"
dom3Nakoruru_L05.mes,Script/dom3Nakoruru_L05.mes,10,23,Mina,ううん……あやかしは、<6E5C>町にひそんでいる……,"아니……요괴는,<6E5C>마을에 숨어 있어……","아니……요괴는,<6E5C>마을에 숨어 있어……"
dom3Nakoruru_L05.mes,Script/dom3Nakoruru_L05.mes,11,4,주인공,町に?,마을?,마을?
dom3Nakoruru_L05.mes,Script/dom3Nakoruru_L05.mes,12,10,Nakoruru,いいえ、向こうです,"아니요, 저쪽이요","아니요, 저쪽이요"
dom3Nakoruru_L05.mes,Script/dom3Nakoruru_L05.mes,13,10,Mina,絶対に……あっちよ,분명히……저쪽이야,분명히……저쪽이야
dom3Nakoruru_L05.mes,Script/dom3Nakoruru_L05.mes,14,40,주인공,まぁまぁ、落ち着いて.<6E5C>ほんとにそんなのがいるかどうか、<6E5C>俺が確認してくるから,"자자, 진정해.<6E5C>정말 그런 게 있는지 없는지,<6E5C>내가 확인하고 올 테니까","자자, 진정해.<6E5C>정말 그런 게 있는지 없는지,<6E5C>내가 확인하고 올 테니까"
dom3Nakoruru_L05.mes,Script/dom3Nakoruru_L05.mes,15,16,Nakoruru,どちらを確認しに行くんですか?,어느 쪽을 확인하러 가나요?,어느 쪽을 확인하러 가나요?
dom3Nakoruru_L05.mes,Script/dom3Nakoruru_L05.mes,16,6,[선택지],町の方山の方,마을쪽\산쪽,마을쪽\산쪽
dom3Nakoruru_L05.mes,Script/dom3Nakoruru_L05.mes,17,16,주인공,じゃあ、町の方へ行ってみるかな,"그럼, 마을 쪽으로 가볼까","그럼, 마을 쪽으로 가볼까"
dom3Nakoruru_L05.mes,Script/dom3Nakoruru_L05.mes,18,8,Nakoruru,……そうですか,……그렇군요,……그렇군요
dom3Nakoruru_L05.mes,Script/dom3Nakoruru_L05.mes,19,15,주인공,(あ、あれ、落ち込んでる?),"(어라, 시무룩해졌나?)","(어라, 시무룩해졌나?)"
dom3Nakoruru_L05.mes,Script/dom3Nakoruru_L05.mes,20,20,주인공,じゃ、じゃあ、<6E5C>ちょっと見に行ってくる,"그, 그럼,<6E5C>잠깐 보고 올게","그, 그럼,<6E5C>잠깐 보고 올게"
dom3Nakoruru_L05.mes,Script/dom3Nakoruru_L05.mes,21,14,주인공,えっと……あやしい奴は、と,"음……수상한 녀석, 하고","음……수상한 녀석, 하고"
dom3Nakoruru_L05.mes,Script/dom3Nakoruru_L05.mes,22,4,UNKNOWN_1e,旦那様,나리,나리
dom3Nakoruru_L05.mes,Script/dom3Nakoruru_L05.mes,23,21,주인공,いろはか.<6E5C>どうしたんだ、こんなところで,"이로하인가.<6E5C>웬일이야, 이런 곳에서","이로하인가.<6E5C>웬일이야, 이런 곳에서"
dom3Nakoruru_L05.mes,Script/dom3Nakoruru_L05.mes,24,38,Iroha,晩ごはんのお買い物です.<6E5C>すぐに仕度をしますから、<6E5C>いっしょに帰りましょう,"저녁 찬거리를 사러 왔어요.<6E5C>바로 준비할 테니,<6E5C>같이 돌아가요","저녁 찬거리를 사러 왔어요.<6E5C>바로 준비할 테니,<6E5C>같이 돌아가요"
dom3Nakoruru_L05.mes,Script/dom3Nakoruru_L05.mes,25,10,주인공,そうだな.帰ろうか,그렇군. 돌아갈까,그렇군. 돌아갈까
dom3Nakoruru_L05.mes,Script/dom3Nakoruru_L05.mes,26,16,주인공,(あやかしは……いなかったな),(요괴는……없었네),(요괴는……없었네)
dom3Nakoruru_L05.mes,Script/dom3Nakoruru_L05.mes,27,16,주인공,じゃあ、山の方へ行ってみるかな,"그럼, 산 쪽으로 가볼까","그럼, 산 쪽으로 가볼까"
dom3Nakoruru_L05.mes,Script/dom3Nakoruru_L05.mes,28,5,Mina,……嫌い,……싫어,……싫어
dom3Nakoruru_L05.mes,Script/dom3Nakoruru_L05.mes,29,20,주인공,え?え?<6E5C>俺、何かまずいこと言ったか?,어? 어?<6E5C>내가 뭔가 실수한 거야?,어? 어?<6E5C>내가 뭔가 실수한 거야?
dom3Nakoruru_L05.mes,Script/dom3Nakoruru_L05.mes,30,20,주인공,ま、まぁとりあえず<6E5C>山の方を見てくるよ,"뭐, 뭐 일단은<6E5C>산 쪽을 보고 올게","뭐, 뭐 일단은<6E5C>산 쪽을 보고 올게"
dom3Nakoruru_L05.mes,Script/dom3Nakoruru_L05.mes,31,14,주인공,さてさて……何か出るかな?,자자……뭔가 나오려나?,자자……뭔가 나오려나?
dom3Nakoruru_L05.mes,Script/dom3Nakoruru_L05.mes,32,15,UNKNOWN_1e,ぐへへへへ……うま、うま……,"그헤헤헤……맛, 맛있다……","그헤헤헤……맛, 맛있다……"
dom3Nakoruru_L05.mes,Script/dom3Nakoruru_L05.mes,33,3,주인공,ん?,음?,음?
dom3Nakoruru_L05.mes,Script/dom3Nakoruru_L05.mes,34,9,UNKNOWN_1e,いだだぎまぁず!,"머, 먹겠따!","머, 먹겠따!"
dom3Nakoruru_L05.mes,Script/dom3Nakoruru_L05.mes,35,7,주인공,な、何だ!?,뭐야!?,뭐야!?
dom3Nakoruru_L05.mes,Script/dom3Nakoruru_L05.mes,36,6,[효과음/내레이션],シーン……,고요……,고요……
dom3Nakoruru_L05.mes,Script/dom3Nakoruru_L05.mes,37,23,주인공,ただならぬ気配を感じたんだが……<6E5C>気のせいか,심상찮은 기척을 느꼈는데……<6E5C>기분 탓인가,심상찮은 기척을 느꼈는데……<6E5C>기분 탓인가
dom3Nakoruru_L06.mes,Script/dom3Nakoruru_L06.mes,0,15,주인공,(あれ、今日は誰もいないな),"(어라, 아무도 없네)","(어라, 아무도 없네)"
dom3Nakoruru_L06.mes,Script/dom3Nakoruru_L06.mes,1,6,[효과음/내레이션],パシャ……,첨벙……,첨벙……
dom3Nakoruru_L06.mes,Script/dom3Nakoruru_L06.mes,2,17,주인공,(水音?こっちか…….<6E5C>寺あ!),(물소리?이쪽인가…….<6E5C>엇!),(물소리?이쪽인가…….<6E5C>엇!)
dom3Nakoruru_L06.mes,Script/dom3Nakoruru_L06.mes,3,25,주인공,(……ナ、ナコルルが水浴びを<6E5C>している……!?),"(……나, 나코루루가<6E5C>목욕 중이야……!?)","(……나, 나코루루가<6E5C>목욕 중이야……!?)"
dom3Nakoruru_L06.mes,Script/dom3Nakoruru_L06.mes,4,16,[선택지],その場を立ち去るしばらく見ている,자리를 뜬다\지켜본다,자리를 뜬다\지켜본다
dom3Nakoruru_L06.mes,Script/dom3Nakoruru_L06.mes,5,26,주인공,(ただの水浴びにしては、<6E5C>神聖な雰囲気を感じるな),(그냥 목욕치고는<6E5C>신성한 분위기가 느껴지는군),(그냥 목욕치고는<6E5C>신성한 분위기가 느껴지는군)
dom3Nakoruru_L06.mes,Script/dom3Nakoruru_L06.mes,6,41,주인공,(巫女の儀式なのかもしれない.<6E5C>ここは邪魔をせずに立ち去った方が<6E5C>よさそうだな),(무녀의 의식인가.<6E5C>방해 말고 떠나는 게<6E5C>좋겠다),(무녀의 의식인가.<6E5C>방해 말고 떠나는 게<6E5C>좋겠다)
dom3Nakoruru_L06.mes,Script/dom3Nakoruru_L06.mes,7,3,[효과음/내레이션],タッ,탓,탓
dom3Nakoruru_L06.mes,Script/dom3Nakoruru_L06.mes,8,15,주인공,(……ちょっと、惜しいけど),(……조금 아쉽지만),(……조금 아쉽지만)
dom3Nakoruru_L06.mes,Script/dom3Nakoruru_L06.mes,9,29,주인공,(水浴び……にしては厳かな様子だ<6E5C>.……キレイだな……),(목욕……치고는 엄숙한 모습이군<6E5C>.……예쁘다……),(목욕……치고는 엄숙한 모습이군<6E5C>.……예쁘다……)
dom3Nakoruru_L06.mes,Script/dom3Nakoruru_L06.mes,10,6,[효과음/내레이션],ポン、ポン,"탁, 탁","탁, 탁"
dom3Nakoruru_L06.mes,Script/dom3Nakoruru_L06.mes,11,20,주인공,(今いいところなんだ、<6E5C>後にしてくれ),"(지금 한창인데,<6E5C>나중에 해줘)","(지금 한창인데,<6E5C>나중에 해줘)"
dom3Nakoruru_L06.mes,Script/dom3Nakoruru_L06.mes,12,3,[효과음/내레이션],ドン、,"쿵,","쿵,"
dom3Nakoruru_L06.mes,Script/dom3Nakoruru_L06.mes,13,3,[효과음/내레이션],ドン,쿵,쿵
dom3Nakoruru_L06.mes,Script/dom3Nakoruru_L06.mes,14,12,주인공,痛いな!誰だよ……あっ,아파!누구야……앗,아파!누구야……앗
dom3Nakoruru_L06.mes,Script/dom3Nakoruru_L06.mes,15,12,UNKNOWN_7e,<이름:3232>兄様、何してるのよ,<이름:3232>오라버니 뭐 해요,<이름:3232>오라버니 뭐 해요
dom3Nakoruru_L06.mes,Script/dom3Nakoruru_L06.mes,16,13,주인공,い、いや、何でもないんだ,"아냐, 아무것도 아니야","아냐, 아무것도 아니야"
dom3Nakoruru_L06.mes,Script/dom3Nakoruru_L06.mes,17,24,UNKNOWN_7e,ウソばっかり!<6E5C>姉様に代わって、おしおきだぁ!,"거짓말만 하고!<6E5C>언니 대신, 혼내주겠어요!","거짓말만 하고!<6E5C>언니 대신, 혼내주겠어요!"
dom3Nakoruru_L06.mes,Script/dom3Nakoruru_L06.mes,18,6,[효과음/내레이션],カチーン!,쨍그랑!,쨍그랑!
dom3Nakoruru_L06.mes,Script/dom3Nakoruru_L06.mes,19,13,주인공,うわぁ!つ、つめたいっ!,"우와!차, 차가워!","우와!차, 차가워!"
dom3Nakoruru_L07.mes,Script/dom3Nakoruru_L07.mes,0,7,Nakoruru,あ、<이름:3232>さん,"아, <이름:3232>씨","아, <이름:3232>씨"
dom3Nakoruru_L07.mes,Script/dom3Nakoruru_L07.mes,1,11,주인공,(髪が濡れてる……),(머리 젖었네……),(머리 젖었네……)
dom3Nakoruru_L07.mes,Script/dom3Nakoruru_L07.mes,2,21,주인공,ナコルル、<6E5C>また水浴びをしていたのかい?,"나코루루,<6E5C>또 목욕하고 있었어?","나코루루,<6E5C>또 목욕하고 있었어?"
dom3Nakoruru_L07.mes,Script/dom3Nakoruru_L07.mes,3,8,Nakoruru,……またって?,……또요?,……또요?
dom3Nakoruru_L07.mes,Script/dom3Nakoruru_L07.mes,4,45,주인공,(し、しまった!どうしよう、<6E5C>この前水浴びしているところを<6E5C>見たと正直に言うべきか……),"(아, 아차!어쩌지,<6E5C>지난번 목욕하는 걸<6E5C>봤다고 솔직히 말해야 하나……)","(아, 아차!어쩌지,<6E5C>지난번 목욕하는 걸<6E5C>봤다고 솔직히 말해야 하나……)"
dom3Nakoruru_L07.mes,Script/dom3Nakoruru_L07.mes,5,9,[선택지],ごまかす正直に言う,숨긴다\밝힌다,숨긴다\밝힌다
dom3Nakoruru_L07.mes,Script/dom3Nakoruru_L07.mes,6,56,주인공,い、いや、何でもない<485C>ナコルルはきれい好きそうだから、<6E5C>いつも水浴びをしてるんじゃないか<6E5C>なーって思っただけだ,"아니, 아무것도 아니야<485C>나코루루는 깔끔한 걸 좋아하니까,<6E5C>항상 목욕하나<6E5C>싶었을 뿐이야","아니, 아무것도 아니야<485C>나코루루는 깔끔한 걸 좋아하니까,<6E5C>항상 목욕하나<6E5C>싶었을 뿐이야"
dom3Nakoruru_L07.mes,Script/dom3Nakoruru_L07.mes,7,7,Nakoruru,変な<이름:3232>さん,이상한<이름:3232>씨,이상한<이름:3232>씨
dom3Nakoruru_L07.mes,Script/dom3Nakoruru_L07.mes,8,15,주인공,(苦しい言い訳だったな……),(궁색한 변명이었네……),(궁색한 변명이었네……)
dom3Nakoruru_L07.mes,Script/dom3Nakoruru_L07.mes,9,64,주인공,……すまん.この前、ナコルルが<6E5C>泉で水浴びしているところを<6E5C>偶然見かけてしまったんだ<485C>でも、すぐに立ち去ったから<6E5C>けっして……,"……미안해.지난번, 나코루루가<6E5C>샘에서 목욕하고 있는 걸<6E5C>우연히 보고 말았어<485C>하지만 바로 자리를 떴으니까<6E5C>절대로……","……미안해.지난번, 나코루루가<6E5C>샘에서 목욕하고 있는 걸<6E5C>우연히 보고 말았어<485C>하지만 바로 자리를 떴으니까<6E5C>절대로……"
dom3Nakoruru_L07.mes,Script/dom3Nakoruru_L07.mes,10,19,Nakoruru,そ、そうですか…….<6E5C>見てたんですか,"그, 그러셨군요…….<6E5C>보셨군요","그, 그러셨군요…….<6E5C>보셨군요"
dom3Nakoruru_L07.mes,Script/dom3Nakoruru_L07.mes,11,15,주인공,ごめん、そんなつもりじゃ……,"미안, 그런 뜻 아냐……","미안, 그런 뜻 아냐……"
dom3Nakoruru_L07.mes,Script/dom3Nakoruru_L07.mes,12,23,Nakoruru,でも、水浴びをしていたわけじゃ<6E5C>ないんですよ,하지만 목욕을 하고 있었던 건<6E5C>아니었어요,하지만 목욕을 하고 있었던 건<6E5C>아니었어요
dom3Nakoruru_L07.mes,Script/dom3Nakoruru_L07.mes,13,3,주인공,え?,어?,어?
dom3Nakoruru_L07.mes,Script/dom3Nakoruru_L07.mes,14,19,Nakoruru,あれは水浴びじゃなくて、<6E5C>みそぎです,"그건 목욕이 아니라,<6E5C>목욕재계예요","그건 목욕이 아니라,<6E5C>목욕재계예요"
dom3Nakoruru_L07.mes,Script/dom3Nakoruru_L07.mes,15,20,주인공,みそぎって、<6E5C>体の穢れを落とすための?,"목욕재계란,<6E5C>몸을 정화하는 거야?","목욕재계란,<6E5C>몸을 정화하는 거야?"
dom3Nakoruru_L07.mes,Script/dom3Nakoruru_L07.mes,16,26,Nakoruru,そうです.<6E5C>神事を行う前に、<6E5C>身を清めていたんです,네.<6E5C>신사 전에 몸을<6E5C>정갈히 했어요,네.<6E5C>신사 전에 몸을<6E5C>정갈히 했어요
dom3Nakoruru_L07.mes,Script/dom3Nakoruru_L07.mes,17,35,주인공,前から気になってたんだけど、<6E5C>ナコルルの仕事っていったい<6E5C>何なんだ?,"전부터 궁금했었는데,<6E5C>나코루루가 하는 일이 대체<6E5C>뭐야?","전부터 궁금했었는데,<6E5C>나코루루가 하는 일이 대체<6E5C>뭐야?"
dom3Nakoruru_L07.mes,Script/dom3Nakoruru_L07.mes,18,48,Nakoruru,仕事ではなく、使命です<485C>大自然を守るために、<6E5C>世界から邪悪なものを<6E5C>取り払うのが、わたしの使命,일이 아니라 사명이에요<485C>대자연을 지키기 위해<6E5C>사악한 것을 몰아내는 게<6E5C>저의 사명이에요,일이 아니라 사명이에요<485C>대자연을 지키기 위해<6E5C>사악한 것을 몰아내는 게<6E5C>저의 사명이에요
dom3Nakoruru_L07.mes,Script/dom3Nakoruru_L07.mes,19,25,주인공,その小さな体で、そんな使命を……<6E5C>大変なことだな,그 작은 몸으로 그런 사명을……<6E5C>힘들겠구나,그 작은 몸으로 그런 사명을……<6E5C>힘들겠구나
dom3Nakoruru_L07.mes,Script/dom3Nakoruru_L07.mes,20,27,Nakoruru,大丈夫です!<6E5C>わたしにはママハハが<6E5C>いてくれますから,괜찮아요!<6E5C>저에게는 마마하하가<6E5C>있어주니까요,괜찮아요!<6E5C>저에게는 마마하하가<6E5C>있어주니까요
dom3Nakoruru_L07.mes,Script/dom3Nakoruru_L07.mes,21,54,주인공,そうだな.<6E5C>もし俺に手伝えることがあれば、<6E5C>遠慮なく言ってくれ<485C>あまり頼りにはならないかも<6E5C>しれないが……,"그렇구나.<6E5C>내가 도울 일이 있으면,<6E5C>사양 말고 말해줘<485C>별 도움은 안 될지도<6E5C>모르지만……","그렇구나.<6E5C>내가 도울 일이 있으면,<6E5C>사양 말고 말해줘<485C>별 도움은 안 될지도<6E5C>모르지만……"
dom3Nakoruru_L07.mes,Script/dom3Nakoruru_L07.mes,22,8,Nakoruru,……ありがとう,……고마워요,……고마워요
dom3Nakoruru_L07.mes,Script/dom3Nakoruru_L07.mes,23,20,Nakoruru,でも、<6E5C>もうみそぎを見ては駄目ですよ?,하지만<6E5C>이제 목욕재계 보면 안 돼요,하지만<6E5C>이제 목욕재계 보면 안 돼요
dom3Nakoruru_L07.mes,Script/dom3Nakoruru_L07.mes,24,7,주인공,う、うん……,"으, 응……","으, 응……"
dom3Nakoruru_L08.mes,Script/dom3Nakoruru_L08.mes,0,14,Iroha,だ、大丈夫ですか、旦那様!,"괘, 괜찮으세요 서방님!","괘, 괜찮으세요 서방님!"
dom3Nakoruru_L08.mes,Script/dom3Nakoruru_L08.mes,1,44,주인공,ごほっ、ごほっ!<6E5C>うぅ、頭が痛い.<6E5C>完全に風邪にやられたようだ<485C>昨日のあれが原因か……,콜록콜록!<6E5C>으윽 머리 아파.<6E5C>완전히 감기 걸린 것 같다<485C>어제 그게 원인인가……,콜록콜록!<6E5C>으윽 머리 아파.<6E5C>완전히 감기 걸린 것 같다<485C>어제 그게 원인인가……
dom3Nakoruru_L08.mes,Script/dom3Nakoruru_L08.mes,2,50,Iroha,うう、旦那様、私のせいで……!<6E5C>今、病を治せるという人を呼びまし<6E5C>たから、もうしばらくの辛抱です!,"으으, 서방님 저 때문에……!<6E5C>병을 고칠 수 있다는 분을 불렀<6E5C>으니 조금만 참으세요!","으으, 서방님 저 때문에……!<6E5C>병을 고칠 수 있다는 분을 불렀<6E5C>으니 조금만 참으세요!"
dom3Nakoruru_L08.mes,Script/dom3Nakoruru_L08.mes,3,10,주인공,や、病を治せる人?,병 고치는 사람?,병 고치는 사람?
dom3Nakoruru_L08.mes,Script/dom3Nakoruru_L08.mes,4,17,Iroha,どうか旦那様をお願いします……!,부디 서방님을 부탁해요……!,부디 서방님을 부탁해요……!
dom3Nakoruru_L08.mes,Script/dom3Nakoruru_L08.mes,5,7,Nakoruru,わかりました,알겠습니다,알겠습니다
dom3Nakoruru_L08.mes,Script/dom3Nakoruru_L08.mes,6,8,주인공,ナ、ナコルル?,나코루루?,나코루루?
dom3Nakoruru_L08.mes,Script/dom3Nakoruru_L08.mes,7,38,Nakoruru,もう大丈夫ですよ、<이름:3232>さん.<6E5C>わたしのお祓いで、<6E5C>風邪を吹き飛ばしますから,"이제 괜찮아요, <이름:3232>씨.<6E5C>제 액막이로,<6E5C>감기를 날려버릴 테니까요","이제 괜찮아요, <이름:3232>씨.<6E5C>제 액막이로,<6E5C>감기를 날려버릴 테니까요"
dom3Nakoruru_L08.mes,Script/dom3Nakoruru_L08.mes,8,7,주인공,え、お祓い?,액막이?,액막이?
dom3Nakoruru_L08.mes,Script/dom3Nakoruru_L08.mes,9,17,[선택지],それより薬湯を……お願いします……,그것보다 탕약을……부탁합니다……,그것보다 탕약을……부탁합니다……
dom3Nakoruru_L08.mes,Script/dom3Nakoruru_L08.mes,10,22,주인공,い、いや、お祓いよりも、<6E5C>薬湯か何かを……,"아니, 액막이보다<6E5C>탕약이나 뭔가를……","아니, 액막이보다<6E5C>탕약이나 뭔가를……"
dom3Nakoruru_L08.mes,Script/dom3Nakoruru_L08.mes,11,20,Nakoruru,いきますよ!<6E5C>カシケキッ……やあぁっ!,갑니다!<6E5C>카시케킷……얍!,갑니다!<6E5C>카시케킷……얍!
dom3Nakoruru_L08.mes,Script/dom3Nakoruru_L08.mes,12,4,[효과음/내레이션],バサッ!,휘릭!,휘릭!
dom3Nakoruru_L08.mes,Script/dom3Nakoruru_L08.mes,13,5,[효과음/내레이션],バサッ!,휘릭!,휘릭!
dom3Nakoruru_L08.mes,Script/dom3Nakoruru_L08.mes,14,34,주인공,ちょ、待って、風が寒いから!<6E5C>タクサがぴしぴし当たって痛いから<6E5C>!,"잠깐, 바람 차가우니까!<6E5C>타쿠사가 따끔따끔 아프니까<6E5C>!","잠깐, 바람 차가우니까!<6E5C>타쿠사가 따끔따끔 아프니까<6E5C>!"
dom3Nakoruru_L08.mes,Script/dom3Nakoruru_L08.mes,15,11,Iroha,旦那様!我慢ですよ!,서방님!참으셔야죠!,서방님!참으셔야죠!
dom3Nakoruru_L08.mes,Script/dom3Nakoruru_L08.mes,16,21,Nakoruru,カシケキッ<020A>カシケキク<020A>ハルアレ<6E5C>……!,카시케킷<020A>카시케쿠<020A>하루아레<6E5C>……!,카시케킷<020A>카시케쿠<020A>하루아레<6E5C>……!
dom3Nakoruru_L08.mes,Script/dom3Nakoruru_L08.mes,17,4,[효과음/내레이션],バサッ!,휘릭!,휘릭!
dom3Nakoruru_L08.mes,Script/dom3Nakoruru_L08.mes,18,5,[효과음/내레이션],バサッ!,휘릭!,휘릭!
dom3Nakoruru_L08.mes,Script/dom3Nakoruru_L08.mes,19,10,주인공,や、やめてくれぇ~,"그, 그만해줘어~","그, 그만해줘어~"
dom3Nakoruru_L08.mes,Script/dom3Nakoruru_L08.mes,20,7,Nakoruru,どうですか?,어떠세요?,어떠세요?
dom3Nakoruru_L08.mes,Script/dom3Nakoruru_L08.mes,21,19,주인공,どうって、これで治るはず……<6E5C>寺!?,이걸로 나을 텐데……<6E5C>엇!?,이걸로 나을 텐데……<6E5C>엇!?
dom3Nakoruru_L08.mes,Script/dom3Nakoruru_L08.mes,22,5,Iroha,旦那様?,서방님?,서방님?
dom3Nakoruru_L08.mes,Script/dom3Nakoruru_L08.mes,23,10,주인공,な、治った……!?,나았다……!?,나았다……!?
dom3Nakoruru_L08.mes,Script/dom3Nakoruru_L08.mes,24,11,Iroha,よかった……旦那様ぁ,다행이다……서방니임,다행이다……서방니임
dom3Nakoruru_L08.mes,Script/dom3Nakoruru_L08.mes,25,16,Nakoruru,チェムライの神々のご加護ですよ,체무라이 신들의 가호예요,체무라이 신들의 가호예요
dom3Nakoruru_L08.mes,Script/dom3Nakoruru_L08.mes,26,27,주인공,そ、それで治るなら、<6E5C>お願いします……ごほっごほっ!,"그, 그걸로 낫는다면,<6E5C>부탁합니다……콜록콜록!","그, 그걸로 낫는다면,<6E5C>부탁합니다……콜록콜록!"
dom3Nakoruru_L08.mes,Script/dom3Nakoruru_L08.mes,27,35,Nakoruru,あ……!<6E5C>タクサを持ってくるのを忘れました<6E5C>!ちょっと取ってきますね,아……!<6E5C>타쿠사를 가져오는 걸 잊었어요<6E5C>!잠깐 가져올게요,아……!<6E5C>타쿠사를 가져오는 걸 잊었어요<6E5C>!잠깐 가져올게요
dom3Nakoruru_L08.mes,Script/dom3Nakoruru_L08.mes,28,5,[효과음/내레이션],ビュンッ,휙,휙
dom3Nakoruru_L08.mes,Script/dom3Nakoruru_L08.mes,29,5,주인공,……へ?,……에?,……에?
dom3Nakoruru_L08.mes,Script/dom3Nakoruru_L08.mes,30,9,Iroha,そ、そんなぁ……,"그, 그런……","그, 그런……"
dom3Nakoruru_L08.mes,Script/dom3Nakoruru_L08.mes,31,30,Iroha,こうなったら、いろはが責任を<6E5C>持って旦那様を完治させます!,이렇게 된 이상 이로하가<6E5C>서방님을 완치시키겠습니다!,이렇게 된 이상 이로하가<6E5C>서방님을 완치시키겠습니다!
dom3Nakoruru_L08.mes,Script/dom3Nakoruru_L08.mes,32,8,주인공,おお、頼んだぞ,"오, 부탁한다","오, 부탁한다"
dom3Nakoruru_L08.mes,Script/dom3Nakoruru_L08.mes,33,21,Iroha,いろは特製、しょうが湯です!<6E5C>ハイィッ!,"이로하 특제, 생강차예요!<6E5C>자아!","이로하 특제, 생강차예요!<6E5C>자아!"
dom3Nakoruru_L08.mes,Script/dom3Nakoruru_L08.mes,34,19,주인공,ううっ、からい~.<6E5C>でも効きそう……,매워~.<6E5C>효과 있겠어……,매워~.<6E5C>효과 있겠어……
dom3Nakoruru_L09.mes,Script/dom3Nakoruru_L09.mes,0,11,주인공,……静かだな、とても,"……조용하네, 아주","……조용하네, 아주"
dom3Nakoruru_L09.mes,Script/dom3Nakoruru_L09.mes,1,29,Nakoruru,はい.<6E5C>少しの刺激で激しく弾けそうな、<6E5C>危うい静けさです,네.<6E5C>작은 자극에도 터질 듯한<6E5C>위태로운 고요함이에요,네.<6E5C>작은 자극에도 터질 듯한<6E5C>위태로운 고요함이에요
dom3Nakoruru_L09.mes,Script/dom3Nakoruru_L09.mes,2,6,UNKNOWN_1e,きゃー!!,꺄악!!,꺄악!!
dom3Nakoruru_L09.mes,Script/dom3Nakoruru_L09.mes,3,8,주인공,!<020A>今のは!?,!<020A>뭐지!?,!<020A>뭐지!?
dom3Nakoruru_L09.mes,Script/dom3Nakoruru_L09.mes,4,21,Nakoruru,女の人の悲鳴……!<6E5C>でも、どっちから!?,여자 비명……!<6E5C>근데 어느 쪽에서!?,여자 비명……!<6E5C>근데 어느 쪽에서!?
dom3Nakoruru_L09.mes,Script/dom3Nakoruru_L09.mes,5,15,주인공,わからん!だが急がないと!!,모르겠어!서둘러야 해!!,모르겠어!서둘러야 해!!
dom3Nakoruru_L09.mes,Script/dom3Nakoruru_L09.mes,6,25,Nakoruru,わたしは向こうを探します!<6E5C><이름:3232>さんはこの奥を!,저는 저쪽 살펴볼게요!<6E5C><이름:3232>씨는 이 안쪽을!,저는 저쪽 살펴볼게요!<6E5C><이름:3232>씨는 이 안쪽을!
dom3Nakoruru_L09.mes,Script/dom3Nakoruru_L09.mes,7,22,[선택지],わかった、任せてくれいや、俺もいっしょに行く,"알았어, 맡길게\아니, 나도 같이 갈게","알았어, 맡길게\아니, 나도 같이 갈게"
dom3Nakoruru_L09.mes,Script/dom3Nakoruru_L09.mes,8,12,주인공,わかった、任せてくれ!,"알았어, 맡겨줘!","알았어, 맡겨줘!"
dom3Nakoruru_L09.mes,Script/dom3Nakoruru_L09.mes,9,9,[효과음/내레이션],タッタッタッ……,타닥타닥……,타닥타닥……
dom3Nakoruru_L09.mes,Script/dom3Nakoruru_L09.mes,10,23,주인공,……誰もいない.<6E5C>こっちじゃなかったか……!,……아무도 없어.<6E5C>이쪽이 아니었나……!,……아무도 없어.<6E5C>이쪽이 아니었나……!
dom3Nakoruru_L09.mes,Script/dom3Nakoruru_L09.mes,11,14,주인공,(ナコルル……大丈夫か?),(나코루루……괜찮을까?),(나코루루……괜찮을까?)
dom3Nakoruru_L09.mes,Script/dom3Nakoruru_L09.mes,12,34,주인공,いや、俺もいっしょに行く.<6E5C>もしもの時にナコルルひとりでは<6E5C>心配だ,아니 나도 같이 갈게.<6E5C>혹시 몰라 나코루루 혼자면<6E5C>걱정되니까,아니 나도 같이 갈게.<6E5C>혹시 몰라 나코루루 혼자면<6E5C>걱정되니까
dom3Nakoruru_L09.mes,Script/dom3Nakoruru_L09.mes,13,10,Nakoruru,わたしは大丈夫……,저는 괜찮아요……,저는 괜찮아요……
dom3Nakoruru_L09.mes,Script/dom3Nakoruru_L09.mes,14,10,주인공,いいから!急ぐぞ!,됐어!서두르자!,됐어!서두르자!
dom3Nakoruru_L09.mes,Script/dom3Nakoruru_L09.mes,15,6,Nakoruru,は、はい!,"네, 네!","네, 네!"
dom3Nakoruru_L09.mes,Script/dom3Nakoruru_L09.mes,16,9,[효과음/내레이션],タッタッタッ……,타닥타닥……,타닥타닥……
dom3Nakoruru_L09.mes,Script/dom3Nakoruru_L09.mes,17,5,UNKNOWN_1c,きゃー!,꺄악!,꺄악!
dom3Nakoruru_L09.mes,Script/dom3Nakoruru_L09.mes,18,32,UNKNOWN_1e,ワシの心は魔道のもの.<6E5C>ヒトの悲鳴を懐かしむ.<6E5C>ンケケケケケ!,내 맘은 마도의 것.<6E5C>인간 비명 그립구나.<6E5C>응케케케케케!,내 맘은 마도의 것.<6E5C>인간 비명 그립구나.<6E5C>응케케케케케!
dom3Nakoruru_L09.mes,Script/dom3Nakoruru_L09.mes,19,4,Nakoruru,危ない,위험!,위험!
dom3Nakoruru_L09.mes,Script/dom3Nakoruru_L09.mes,20,5,[효과음/내레이션],ヒュッ!,휙!,휙!
dom3Nakoruru_L09.mes,Script/dom3Nakoruru_L09.mes,21,6,[효과음/내레이션],バシュッ!,쐐액!,쐐액!
dom3Nakoruru_L09.mes,Script/dom3Nakoruru_L09.mes,22,14,UNKNOWN_1e,うぎゃぁぁぁ!痛いケ~!!,으갸아악!아프잖아~!!,으갸아악!아프잖아~!!
dom3Nakoruru_L09.mes,Script/dom3Nakoruru_L09.mes,23,5,[효과음/내레이션],ダダッ!,타닷!,타닷!
dom3Nakoruru_L09.mes,Script/dom3Nakoruru_L09.mes,24,6,주인공,逃げ、た?,도망쳤나?,도망쳤나?
dom3Nakoruru_L09.mes,Script/dom3Nakoruru_L09.mes,25,19,주인공,(何だったんだ、今のは……魔物?<6E5C>),"(뭐였지, 방금 그건……마물?<6E5C>)","(뭐였지, 방금 그건……마물?<6E5C>)"
dom3Nakoruru_L09.mes,Script/dom3Nakoruru_L09.mes,26,9,Nakoruru,もう大丈夫ですよ,이제 괜찮아요,이제 괜찮아요
dom3Nakoruru_L09.mes,Script/dom3Nakoruru_L09.mes,27,15,UNKNOWN_1c,あ、ありがとうございました!,"가, 감사합니다!","가, 감사합니다!"
dom3Nakoruru_L09.mes,Script/dom3Nakoruru_L09.mes,28,25,Nakoruru,<이름:3232>さん、わたしはこの方を<6E5C>町まで送ってきますね,"<이름:3232>씨, 이분을<6E5C>마을까지 데려다드릴게요","<이름:3232>씨, 이분을<6E5C>마을까지 데려다드릴게요"
dom3Nakoruru_L09.mes,Script/dom3Nakoruru_L09.mes,29,7,주인공,あ、あぁ……,아아……,아아……
dom3Nakoruru_L09.mes,Script/dom3Nakoruru_L09.mes,30,7,Nakoruru,それじゃ……,그럼……,그럼……
dom3Nakoruru_L09.mes,Script/dom3Nakoruru_L09.mes,31,8,주인공,あ!ナコルル!,아!나코루루!,아!나코루루!
dom3Nakoruru_L09.mes,Script/dom3Nakoruru_L09.mes,32,4,Nakoruru,はい?,네?,네?
dom3Nakoruru_L09.mes,Script/dom3Nakoruru_L09.mes,33,16,주인공,その……役に立たなくて、すまん,그……도움이 못 돼서 미안해,그……도움이 못 돼서 미안해
dom3Nakoruru_L09.mes,Script/dom3Nakoruru_L09.mes,34,31,Nakoruru,いいえ、<이름:3232>さんがいっしょに<6E5C>来てくれて……うれしかったです,"아니에요, <이름:3232>씨가 같이<6E5C>와 주셔서……기뻤어요","아니에요, <이름:3232>씨가 같이<6E5C>와 주셔서……기뻤어요"
dom3Nakoruru_L09.mes,Script/dom3Nakoruru_L09.mes,35,7,주인공,ナコルル……,나코루루……,나코루루……
dom3Nakoruru_L09.mes,Script/dom3Nakoruru_L09.mes,36,17,주인공,(もっと、強くならなくては……),"(더, 강해져야만 해……)","(더, 강해져야만 해……)"
dom3Nakoruru_L10.mes,Script/dom3Nakoruru_L10.mes,0,12,주인공,やあ.来たぞ、ナコルル,"야.왔다, 나코루루","야.왔다, 나코루루"
dom3Nakoruru_L10.mes,Script/dom3Nakoruru_L10.mes,1,12,Nakoruru,ふふ、待ってました……,"후후, 기다렸어요……","후후, 기다렸어요……"
dom3Nakoruru_L10.mes,Script/dom3Nakoruru_L10.mes,2,20,주인공,今日は……いいよね.<6E5C>ふたりで遊んでも,오늘은……괜찮지.<6E5C>둘이서 놀아도,오늘은……괜찮지.<6E5C>둘이서 놀아도
dom3Nakoruru_L10.mes,Script/dom3Nakoruru_L10.mes,3,11,Nakoruru,はい…….大丈夫です,네…….괜찮아요,네…….괜찮아요
dom3Nakoruru_L10.mes,Script/dom3Nakoruru_L10.mes,4,35,주인공,それは危険な気配がないから?<6E5C>それとも、ナコルルの心の<6E5C>準備のこと?,위험한 기척 없어서야?<6E5C>아니면 나코루루 맘의<6E5C>준비 하는 거야?,위험한 기척 없어서야?<6E5C>아니면 나코루루 맘의<6E5C>준비 하는 거야?
dom3Nakoruru_L10.mes,Script/dom3Nakoruru_L10.mes,5,32,Nakoruru,もぅ、<이름:3232>さんったら.<6E5C>今日は邪悪な気配を<6E5C>感じないからですよ,"정말, <이름:3232>씨도.<6E5C>오늘은 사악한 기척을<6E5C>느끼지 못해서예요","정말, <이름:3232>씨도.<6E5C>오늘은 사악한 기척을<6E5C>느끼지 못해서예요"
dom3Nakoruru_L10.mes,Script/dom3Nakoruru_L10.mes,6,30,주인공,ごめん.<6E5C>とにかく今日は、できるかぎり<6E5C>ふたりで楽しもう!,"미안.<6E5C>아무튼 오늘은, 최대한<6E5C>둘이서 즐겨보자!","미안.<6E5C>아무튼 오늘은, 최대한<6E5C>둘이서 즐겨보자!"
dom3Nakoruru_L10.mes,Script/dom3Nakoruru_L10.mes,7,25,Nakoruru,はい!<6E5C>どこへ連れて行って<6E5C>くれるんでしょうか?,네!<6E5C>어디로 데려가<6E5C>주시는 건가요?,네!<6E5C>어디로 데려가<6E5C>주시는 건가요?
dom3Nakoruru_L10.mes,Script/dom3Nakoruru_L10.mes,8,7,주인공,そうだな……,글쎄……,글쎄……
dom3Nakoruru_L10.mes,Script/dom3Nakoruru_L10.mes,9,8,[선택지],城下町まいほうむ,마을\집,마을\집
dom3Nakoruru_L10.mes,Script/dom3Nakoruru_L10.mes,10,14,주인공,町へ下りて、羽を伸ばそう!,마을 가서 쉬자!,마을 가서 쉬자!
dom3Nakoruru_L10.mes,Script/dom3Nakoruru_L10.mes,11,4,Nakoruru,はい!,네!,네!
dom3Nakoruru_L10.mes,Script/dom3Nakoruru_L10.mes,12,8,주인공,よし、行くぞ!,"좋아, 가자!","좋아, 가자!"
dom3Nakoruru_L10.mes,Script/dom3Nakoruru_L10.mes,13,4,[효과음/내레이션],グイッ,휙,휙
dom3Nakoruru_L10.mes,Script/dom3Nakoruru_L10.mes,14,4,Nakoruru,きゃっ,꺅,꺅
dom3Nakoruru_L10.mes,Script/dom3Nakoruru_L10.mes,15,3,주인공,ん?,응?,응?
dom3Nakoruru_L10.mes,Script/dom3Nakoruru_L10.mes,16,10,Nakoruru,<이름:3232>さん、手……!,"<이름:3232>씨, 손……!","<이름:3232>씨, 손……!"
dom3Nakoruru_L10.mes,Script/dom3Nakoruru_L10.mes,17,7,주인공,え……嫌か?,어……싫어?,어……싫어?
dom3Nakoruru_L10.mes,Script/dom3Nakoruru_L10.mes,18,17,Nakoruru,だって、人に見られちゃいますよ?,"그치만, 사람들이 보잖아요?","그치만, 사람들이 보잖아요?"
dom3Nakoruru_L10.mes,Script/dom3Nakoruru_L10.mes,19,26,주인공,そんなの俺はかまわない.<6E5C>ナコルルが嫌じゃなければ,그런 건 난 상관없어.<6E5C>나코루루가 싫지 않다면,그런 건 난 상관없어.<6E5C>나코루루가 싫지 않다면
dom3Nakoruru_L10.mes,Script/dom3Nakoruru_L10.mes,20,11,Nakoruru,わたし、わたしは……,"저, 저는……","저, 저는……"
dom3Nakoruru_L10.mes,Script/dom3Nakoruru_L10.mes,21,24,Nakoruru,……嫌じゃ、ありません.<6E5C>でも、巫女として……,"……싫지, 않아요.<6E5C>하지만, 무녀로서는……","……싫지, 않아요.<6E5C>하지만, 무녀로서는……"
dom3Nakoruru_L10.mes,Script/dom3Nakoruru_L10.mes,22,38,주인공,今日は巫女はお休みだ!<6E5C>ナコルルは普通の女の子.<6E5C>だからこのままでいいね?,오늘은 무녀 휴무야!<6E5C>나코루루는 평범한 여자애.<6E5C>이대로 괜찮지?,오늘은 무녀 휴무야!<6E5C>나코루루는 평범한 여자애.<6E5C>이대로 괜찮지?
dom3Nakoruru_L10.mes,Script/dom3Nakoruru_L10.mes,23,3,Nakoruru,……,……,……
dom3Nakoruru_L10.mes,Script/dom3Nakoruru_L10.mes,24,22,Nakoruru,……わかりました.<6E5C>今日は、このままで……,"……알겠습니다.<6E5C>오늘은, 이대로……","……알겠습니다.<6E5C>오늘은, 이대로……"
dom3Nakoruru_L10.mes,Script/dom3Nakoruru_L10.mes,25,28,주인공,もちろんだ!<6E5C>何といわれても離さないからな.<6E5C>行くぞ!,물론이지!<6E5C>뭐라 해도 놓지 않을 거니까.<6E5C>가자!,물론이지!<6E5C>뭐라 해도 놓지 않을 거니까.<6E5C>가자!
dom3Nakoruru_L10.mes,Script/dom3Nakoruru_L10.mes,26,6,Nakoruru,……はい!,……네!,……네!
dom3Nakoruru_L10.mes,Script/dom3Nakoruru_L10.mes,27,10,주인공,もちろん、俺の家だ,물론 우리 집이야,물론 우리 집이야
dom3Nakoruru_L10.mes,Script/dom3Nakoruru_L10.mes,28,20,Nakoruru,まぁ、<이름:3232>さんの家で<6E5C>遊べるのですか?,"어머, <이름:3232>씨 집에서<6E5C>노는 건가요?","어머, <이름:3232>씨 집에서<6E5C>노는 건가요?"
dom3Nakoruru_L10.mes,Script/dom3Nakoruru_L10.mes,29,49,주인공,ああ.今日はナコルルを呼ぶと言っ<6E5C>たら、いろはが、とびっきりの手料<6E5C>理を用意するとはりきってたよ,응.오늘 나코루루를 부른다고 했<6E5C>더니 이로하가 최고의 요<6E5C>리를 준비하겠다고 신나 있었어,응.오늘 나코루루를 부른다고 했<6E5C>더니 이로하가 최고의 요<6E5C>리를 준비하겠다고 신나 있었어
dom3Nakoruru_L10.mes,Script/dom3Nakoruru_L10.mes,30,9,Nakoruru,……いろはさんが,……이로하 씨가,……이로하 씨가
dom3Nakoruru_L10.mes,Script/dom3Nakoruru_L10.mes,31,13,주인공,ああ.早く食べに行こう!,응.얼른 먹으러 가자!,응.얼른 먹으러 가자!
dom3Nakoruru_L10.mes,Script/dom3Nakoruru_L10.mes,32,29,Nakoruru,あの……ごめんなさい.<6E5C>わたし、やっぱり遠慮しておきます,"저기……죄송해요.<6E5C>저, 역시 사양할게요","저기……죄송해요.<6E5C>저, 역시 사양할게요"
dom3Nakoruru_L10.mes,Script/dom3Nakoruru_L10.mes,33,8,주인공,え、どうして?,"어, 왜?","어, 왜?"
dom3Nakoruru_L10.mes,Script/dom3Nakoruru_L10.mes,34,26,Nakoruru,こうしている間にも、<6E5C>自然は危険にさらされています,이러는 동안에도<6E5C>자연은 위험에 처해 있어요,이러는 동안에도<6E5C>자연은 위험에 처해 있어요
dom3Nakoruru_L10.mes,Script/dom3Nakoruru_L10.mes,35,35,Nakoruru,わたしは、カムイコタンの巫女.<6E5C>そのことを忘れては<6E5C>いけなかった……,"저는, 카무이코탄의 무녀.<6E5C>그 사실을 잊어서는<6E5C>안 됐는데……","저는, 카무이코탄의 무녀.<6E5C>그 사실을 잊어서는<6E5C>안 됐는데……"
dom3Nakoruru_L10.mes,Script/dom3Nakoruru_L10.mes,36,7,주인공,ナコルル……,나코루루……,나코루루……
dom3Nakoruru_L10.mes,Script/dom3Nakoruru_L10.mes,37,41,Nakoruru,ごめんなさい、<이름:3232>さん.<6E5C><이름:3232>さんが誘ってくれたこと、<6E5C>とてもうれしかったです!,"죄송해요, <이름:3232>씨.<6E5C><이름:3232>씨가 초대해주신 것,<6E5C>정말 기뻤어요!","죄송해요, <이름:3232>씨.<6E5C><이름:3232>씨가 초대해주신 것,<6E5C>정말 기뻤어요!"
dom3Nakoruru_L10.mes,Script/dom3Nakoruru_L10.mes,38,7,Nakoruru,さよなら……,안녕……,안녕……
dom3Nakoruru_L10.mes,Script/dom3Nakoruru_L10.mes,39,11,주인공,ちょっと!ナコルル!,잠깐!나코루루!,잠깐!나코루루!
dom3Nakoruru_L10.mes,Script/dom3Nakoruru_L10.mes,40,7,주인공,ナコルル……,나코루루……,나코루루……
dom3Nakoruru_M01.mes,Script/dom3Nakoruru_M01.mes,0,55,주인공,(いろはに、きのこを採ってきてと<6E5C>頼まれたものの……見たことない<6E5C>ものばかりだな)<485C>(果たして食えるのやら),(이로하가 버섯을 캐다<6E5C>달라 부탁했는데……본 적 없는<6E5C>것들뿐이네)<485C>(과연 먹을 수 있을까),(이로하가 버섯을 캐다<6E5C>달라 부탁했는데……본 적 없는<6E5C>것들뿐이네)<485C>(과연 먹을 수 있을까)
dom3Nakoruru_M01.mes,Script/dom3Nakoruru_M01.mes,1,4,[효과음/내레이션],ザザッ,휙,휙
dom3Nakoruru_M01.mes,Script/dom3Nakoruru_M01.mes,2,2,주인공,?,?,?
dom3Nakoruru_M01.mes,Script/dom3Nakoruru_M01.mes,3,5,[효과음/내레이션],ドンッ!,쿵!,쿵!
dom3Nakoruru_M01.mes,Script/dom3Nakoruru_M01.mes,4,7,주인공,うわぁぁぁ!,으아악!,으아악!
dom3Nakoruru_M01.mes,Script/dom3Nakoruru_M01.mes,5,8,[효과음/내레이션],ゴロゴロゴロ……,우르릉……,우르릉……
dom3Nakoruru_M01.mes,Script/dom3Nakoruru_M01.mes,6,5,[효과음/내레이션],ドーン!,쾅!,쾅!
dom3Nakoruru_M01.mes,Script/dom3Nakoruru_M01.mes,7,20,주인공,いてて……<6E5C>だ、誰かに突き飛ばされた?,"아야야……<6E5C>누, 누가 밀친 건가?","아야야……<6E5C>누, 누가 밀친 건가?"
dom3Nakoruru_M01.mes,Script/dom3Nakoruru_M01.mes,8,11,UNKNOWN_7e,姉様に近づかないで!,언니한테 가지 마!,언니한테 가지 마!
dom3Nakoruru_M01.mes,Script/dom3Nakoruru_M01.mes,9,26,주인공,へ?何だ、いきなり…….<6E5C>君は、ナコルルの妹の……,"어? 뭐야, 갑자기….<6E5C>너 나코루루의 동생……","어? 뭐야, 갑자기….<6E5C>너 나코루루의 동생……"
dom3Nakoruru_M01.mes,Script/dom3Nakoruru_M01.mes,10,27,UNKNOWN_7e,姉様には大事な仕事があるんだから<6E5C>、邪魔しないでよ!,"언니한텐 중요한 일이 있으니까<6E5C>, 방해하지 마!","언니한텐 중요한 일이 있으니까<6E5C>, 방해하지 마!"
dom3Nakoruru_M01.mes,Script/dom3Nakoruru_M01.mes,11,17,[선택지],わ、わかったよナコルルの仕事って?,알았어\나코루루 일이 뭔데?,알았어\나코루루 일이 뭔데?
dom3Nakoruru_M01.mes,Script/dom3Nakoruru_M01.mes,12,8,주인공,わ、わかったよ,"아, 알았어","아, 알았어"
dom3Nakoruru_M01.mes,Script/dom3Nakoruru_M01.mes,13,27,UNKNOWN_7e,約束だよ!<6E5C>やぶったら、氷づけに<6E5C>しちゃうんだから!,"약속이야!<6E5C>어기면, 얼려버릴<6E5C>거니까!","약속이야!<6E5C>어기면, 얼려버릴<6E5C>거니까!"
dom3Nakoruru_M01.mes,Script/dom3Nakoruru_M01.mes,14,19,주인공,(……何だっていうんだ、まったく<6E5C>),"(……대체 뭐냐고, 진짜<6E5C>)","(……대체 뭐냐고, 진짜<6E5C>)"
dom3Nakoruru_M01.mes,Script/dom3Nakoruru_M01.mes,15,27,주인공,邪魔をするつもりなどないが……<6E5C>ナコルルの仕事って?,방해할 생각은 없지만……<6E5C>나코루루의 일이 뭔데?,방해할 생각은 없지만……<6E5C>나코루루의 일이 뭔데?
dom3Nakoruru_M01.mes,Script/dom3Nakoruru_M01.mes,16,17,UNKNOWN_7e,あんたに言ってもわかんないもん!,너한테 말해도 모를 거야!,너한테 말해도 모를 거야!
dom3Nakoruru_M01.mes,Script/dom3Nakoruru_M01.mes,17,21,주인공,大自然の声、<6E5C>というのと関係があるのか?,대자연의 목소리랑<6E5C>관계있는 거야?,대자연의 목소리랑<6E5C>관계있는 거야?
dom3Nakoruru_M01.mes,Script/dom3Nakoruru_M01.mes,18,20,UNKNOWN_7e,え、<6E5C>あんたも大自然の声が閉こえるの?,"어,<6E5C>너도 대자연의 목소리가 들려?","어,<6E5C>너도 대자연의 목소리가 들려?"
dom3Nakoruru_M01.mes,Script/dom3Nakoruru_M01.mes,19,8,주인공,いや、さっぱり,"아니, 전혀","아니, 전혀"
dom3Nakoruru_M01.mes,Script/dom3Nakoruru_M01.mes,20,12,UNKNOWN_7e,姉様から何か閉いたの?,언니한테 뭐 들었어?,언니한테 뭐 들었어?
dom3Nakoruru_M01.mes,Script/dom3Nakoruru_M01.mes,21,17,주인공,うーん、そんなことをチラリと……,"음, 그런 얘길 살짝……","음, 그런 얘길 살짝……"
dom3Nakoruru_M01.mes,Script/dom3Nakoruru_M01.mes,22,27,UNKNOWN_7e,……こんなやつに自然の声の話を<6E5C>するなんて、姉様……,"……이런 애한테 목소리 얘길<6E5C>하다니, 언니……","……이런 애한테 목소리 얘길<6E5C>하다니, 언니……"
dom3Nakoruru_M01.mes,Script/dom3Nakoruru_M01.mes,23,8,UNKNOWN_7e,もういいもん!,됐거든!,됐거든!
dom3Nakoruru_M01.mes,Script/dom3Nakoruru_M01.mes,24,28,주인공,(あぁ、行ってしまった.<6E5C>まったく、変わった姉妹だな),"(아, 가버렸네.<6E5C>참, 별난 자매로군)","(아, 가버렸네.<6E5C>참, 별난 자매로군)"
dom3Nakoruru_M02.mes,Script/dom3Nakoruru_M02.mes,0,16,주인공,ナコルル.今日はどうしたんだ?,"나코루루, 오늘 웬일이야?","나코루루, 오늘 웬일이야?"
dom3Nakoruru_M02.mes,Script/dom3Nakoruru_M02.mes,1,30,Nakoruru,町で病にかかった人がいると閉いて<6E5C>、お祓いに来ていたんです,마을에 아픈 사람 있다는 말 듣고<6E5C>액막이하러 왔어요,마을에 아픈 사람 있다는 말 듣고<6E5C>액막이하러 왔어요
dom3Nakoruru_M02.mes,Script/dom3Nakoruru_M02.mes,2,19,주인공,お祓い?<6E5C>そんなことまでできるのか?,액막이?<6E5C>그런 것도 할 수 있어?,액막이?<6E5C>그런 것도 할 수 있어?
dom3Nakoruru_M02.mes,Script/dom3Nakoruru_M02.mes,3,26,Nakoruru,はい.<6E5C>こう見えても、カムイコタンの<6E5C>巫女ですから,"네.<6E5C>이래 봬도, 카무이코탄의<6E5C>무녀니까요","네.<6E5C>이래 봬도, 카무이코탄의<6E5C>무녀니까요"
dom3Nakoruru_M02.mes,Script/dom3Nakoruru_M02.mes,4,10,[선택지],カムイコタン?巫女?,카무이코탄? 무녀?,카무이코탄? 무녀?
dom3Nakoruru_M02.mes,Script/dom3Nakoruru_M02.mes,5,8,주인공,カムイコタン?,카무이코탄?,카무이코탄?
dom3Nakoruru_M02.mes,Script/dom3Nakoruru_M02.mes,6,33,Nakoruru,ええ、わたしの故郷、アイヌモシリ<6E5C>にあるとても美しい村のことです,"네, 제 고향인 아이누모시리<6E5C>에 있는 아름다운 마을이에요","네, 제 고향인 아이누모시리<6E5C>에 있는 아름다운 마을이에요"
dom3Nakoruru_M02.mes,Script/dom3Nakoruru_M02.mes,7,27,주인공,アイヌ!?<6E5C>それって、北の果ての大地じゃ<6E5C>ないのか?,아이누!?<6E5C>그거 북쪽 끝의 땅<6E5C>아니야?,아이누!?<6E5C>그거 북쪽 끝의 땅<6E5C>아니야?
dom3Nakoruru_M02.mes,Script/dom3Nakoruru_M02.mes,8,39,Nakoruru,よく知っていますね.<6E5C>厳しい自然に囲まれていますが、<6E5C>とてもいいところですよ,"잘 아시네요.<6E5C>혹독한 자연에 둘러싸여 있지만,<6E5C>아주 좋은 곳이에요","잘 아시네요.<6E5C>혹독한 자연에 둘러싸여 있지만,<6E5C>아주 좋은 곳이에요"
dom3Nakoruru_M02.mes,Script/dom3Nakoruru_M02.mes,9,19,주인공,そうか……<6E5C>一度行ってみたいものだな,그렇군……<6E5C>한번 가보고 싶네,그렇군……<6E5C>한번 가보고 싶네
dom3Nakoruru_M02.mes,Script/dom3Nakoruru_M02.mes,10,29,Nakoruru,本当ですか?<6E5C>そう言っていただけると、<6E5C>うれしいです……,"정말인가요?<6E5C>그렇게 말씀해주시니,<6E5C>기뻐요……","정말인가요?<6E5C>그렇게 말씀해주시니,<6E5C>기뻐요……"
dom3Nakoruru_M02.mes,Script/dom3Nakoruru_M02.mes,11,23,Nakoruru,いつかすべてが終わったら、<6E5C>ご案内しますね?,"언젠가 다 끝나면,<6E5C>안내해 드릴게요?","언젠가 다 끝나면,<6E5C>안내해 드릴게요?"
dom3Nakoruru_M02.mes,Script/dom3Nakoruru_M02.mes,12,9,주인공,それは楽しみだな,그거 기대되는군,그거 기대되는군
dom3Nakoruru_M02.mes,Script/dom3Nakoruru_M02.mes,13,12,주인공,巫女?ナコルルがかい?,무녀? 나코루루가?,무녀? 나코루루가?
dom3Nakoruru_M02.mes,Script/dom3Nakoruru_M02.mes,14,8,Nakoruru,はい、そうです,"네, 맞아요","네, 맞아요"
dom3Nakoruru_M02.mes,Script/dom3Nakoruru_M02.mes,15,23,주인공,大自然の声が閉こえるのも、<6E5C>巫女だからか……,목소리가 들리는 것도<6E5C>무녀라서일까……,목소리가 들리는 것도<6E5C>무녀라서일까……
dom3Nakoruru_M02.mes,Script/dom3Nakoruru_M02.mes,16,38,Nakoruru,巫女だから閉こえるのか、<6E5C>閉こえるから巫女なのかは……<6E5C>わかりませんけどね,"무녀라서 들리는 건지,<6E5C>들려서 무녀인 건지는……<6E5C>저도 잘 모르겠어요","무녀라서 들리는 건지,<6E5C>들려서 무녀인 건지는……<6E5C>저도 잘 모르겠어요"
dom3Nakoruru_M02.mes,Script/dom3Nakoruru_M02.mes,17,11,주인공,な、何かややこしいな,뭔가 복잡하네,뭔가 복잡하네
dom3Nakoruru_M02.mes,Script/dom3Nakoruru_M02.mes,18,16,Nakoruru,ふふ、<이름:3232>さんは正直な人ですね,"후후, <이름:3232>씨는 솔직하네요","후후, <이름:3232>씨는 솔직하네요"
dom3Nakoruru_M03.mes,Script/dom3Nakoruru_M03.mes,0,8,UNKNOWN_1e,ちょっと、キミ,"잠깐, 자네","잠깐, 자네"
dom3Nakoruru_M03.mes,Script/dom3Nakoruru_M03.mes,1,5,주인공,え、俺?,어 나?,어 나?
dom3Nakoruru_M03.mes,Script/dom3Nakoruru_M03.mes,2,9,UNKNOWN_1e,YE<060C>!キミだよ,YE<060C>!너야,YE<060C>!너야
dom3Nakoruru_M03.mes,Script/dom3Nakoruru_M03.mes,3,17,주인공,(あ、いつかのド派手な忍者……),"(아, 그 화려한 닌자……)","(아, 그 화려한 닌자……)"
dom3Nakoruru_M03.mes,Script/dom3Nakoruru_M03.mes,4,15,UNKNOWN_7f,キミに閉きたいことがあるんだ,너한테 물어볼 게 있어,너한테 물어볼 게 있어
dom3Nakoruru_M03.mes,Script/dom3Nakoruru_M03.mes,5,5,주인공,何です?,뭔데요?,뭔데요?
dom3Nakoruru_M03.mes,Script/dom3Nakoruru_M03.mes,6,40,UNKNOWN_7f,キミと、ナコルルの関係についてだ<6E5C>.キミはナコルルのことを<6E5C>どう思ってるんだ?,"너랑, 나코루루의 관계에 대해서야<6E5C>. 나코루루를<6E5C>어떻게 생각하는 거지?","너랑, 나코루루의 관계에 대해서야<6E5C>. 나코루루를<6E5C>어떻게 생각하는 거지?"
dom3Nakoruru_M03.mes,Script/dom3Nakoruru_M03.mes,7,9,주인공,い、いきなりだな,"가, 갑작스럽네","가, 갑작스럽네"
dom3Nakoruru_M03.mes,Script/dom3Nakoruru_M03.mes,8,16,[선택지],かわいい女の子どうって言われても,"귀여운 여자애, 라고 해도","귀여운 여자애, 라고 해도"
dom3Nakoruru_M03.mes,Script/dom3Nakoruru_M03.mes,9,13,주인공,か、かわいい女の子、かな,"귀, 귀여운 애랄까","귀, 귀여운 애랄까"
dom3Nakoruru_M03.mes,Script/dom3Nakoruru_M03.mes,10,35,UNKNOWN_7f,NOォォ!やっぱりそうか、<6E5C>キミもナコルルのことを<6E5C>想ってるんだな!,"NO오! 역시 그렇군,<6E5C>너도 나코루루를<6E5C>생각하고 있는 거구나!","NO오! 역시 그렇군,<6E5C>너도 나코루루를<6E5C>생각하고 있는 거구나!"
dom3Nakoruru_M03.mes,Script/dom3Nakoruru_M03.mes,11,3,주인공,へ?,어?,어?
dom3Nakoruru_M03.mes,Script/dom3Nakoruru_M03.mes,12,58,UNKNOWN_7f,そうなんだヨ!<6E5C>被女はビューティフル<6E5C>やまとなでしこなんだ!<485C>ナコルルの魅力に気づいてるなんて<6E5C>、やるじゃないか!,"그렇다니까!<6E5C>그녀는 뷰티풀<6E5C>야마토나데시코라고!<485C>나코루루의 매력을 알아채다니<6E5C>, 제법인데!","그렇다니까!<6E5C>그녀는 뷰티풀<6E5C>야마토나데시코라고!<485C>나코루루의 매력을 알아채다니<6E5C>, 제법인데!"
dom3Nakoruru_M03.mes,Script/dom3Nakoruru_M03.mes,13,6,주인공,ど、どうも,"아, 예","아, 예"
dom3Nakoruru_M03.mes,Script/dom3Nakoruru_M03.mes,14,44,UNKNOWN_7f,キミとはいつか闘う運命に<6E5C>あるかもしれないね!<6E5C>その日まで、BYE!<485C>行くぜ、パピィ!,"너와는 언젠가 싸울 운명일<6E5C>지도 모르겠군!<6E5C>그날까지, BYE!<485C>가자, 파피!","너와는 언젠가 싸울 운명일<6E5C>지도 모르겠군!<6E5C>그날까지, BYE!<485C>가자, 파피!"
dom3Nakoruru_M03.mes,Script/dom3Nakoruru_M03.mes,15,5,Kasumi, ワン!, 멍!, 멍!
dom3Nakoruru_M03.mes,Script/dom3Nakoruru_M03.mes,16,4,[효과음/내레이션],タタッ,탁,탁
dom3Nakoruru_M03.mes,Script/dom3Nakoruru_M03.mes,17,15,주인공,(な、何故闘うことに……?),(왜 싸우게 됐지……?),(왜 싸우게 됐지……?)
dom3Nakoruru_M03.mes,Script/dom3Nakoruru_M03.mes,18,14,주인공,ど、どうって言われても……,"어, 어떠냐고 해도……","어, 어떠냐고 해도……"
dom3Nakoruru_M03.mes,Script/dom3Nakoruru_M03.mes,19,53,UNKNOWN_7f,OH!キミにはナコルルの魅力が<6E5C>わからないのかい!?<485C>まったく、あきれたブシドーだな!<6E5C>行こう、パピィ!,"OH! 너는 나코루루의 매력을<6E5C>모르는 거냐!?<485C>정말이지, 한심한 부시도로군!<6E5C>가자, 파피!","OH! 너는 나코루루의 매력을<6E5C>모르는 거냐!?<485C>정말이지, 한심한 부시도로군!<6E5C>가자, 파피!"
dom3Nakoruru_M03.mes,Script/dom3Nakoruru_M03.mes,20,5,Kasumi, ワン!, 멍!, 멍!
dom3Nakoruru_M03.mes,Script/dom3Nakoruru_M03.mes,21,4,[효과음/내레이션],タタッ,탁,탁
dom3Nakoruru_M03.mes,Script/dom3Nakoruru_M03.mes,22,25,주인공,(ナコルルの魅力とブシドーに<6E5C>何の関係が……?),(나코루루 매력이랑 부시도가<6E5C>무슨상관……?),(나코루루 매력이랑 부시도가<6E5C>무슨상관……?)
dom3Nakoruru_M04.mes,Script/dom3Nakoruru_M04.mes,0,17,주인공,(……何だか今日は山が静かだな),(……오늘은 산이 조용하네),(……오늘은 산이 조용하네)
dom3Nakoruru_M04.mes,Script/dom3Nakoruru_M04.mes,1,4,[효과음/내레이션],ザザッ,슥,슥
dom3Nakoruru_M04.mes,Script/dom3Nakoruru_M04.mes,2,2,주인공,!,!,!
dom3Nakoruru_M04.mes,Script/dom3Nakoruru_M04.mes,3,3,Nakoruru,……,……,……
dom3Nakoruru_M04.mes,Script/dom3Nakoruru_M04.mes,4,22,주인공,ナ、ナコルルか.<6E5C>どうしたんだ、怖い顔して,나 나코루루군.<6E5C>왜 그래 무서운 얼굴로,나 나코루루군.<6E5C>왜 그래 무서운 얼굴로
dom3Nakoruru_M04.mes,Script/dom3Nakoruru_M04.mes,5,32,Nakoruru,山に……邪悪な気配が……<6E5C><이름:3232>さんは何か<6E5C>感じませんでしたか?,산에……사악한 기운이……<6E5C><이름:3232>씨는 뭔가<6E5C>못 느끼셨나요?,산에……사악한 기운이……<6E5C><이름:3232>씨는 뭔가<6E5C>못 느끼셨나요?
dom3Nakoruru_M04.mes,Script/dom3Nakoruru_M04.mes,6,20,[선택지],静かで平和じゃないか静か過ぎて不気味だな,평화롭잖아\조용해서 으스스하네,평화롭잖아\조용해서 으스스하네
dom3Nakoruru_M04.mes,Script/dom3Nakoruru_M04.mes,7,17,주인공,いや、別に.静かで平和じゃないか,"아니, 딱히. 평화롭잖아","아니, 딱히. 평화롭잖아"
dom3Nakoruru_M04.mes,Script/dom3Nakoruru_M04.mes,8,30,Nakoruru,……そうですか.<6E5C>やはり、この声は閉こえないん<6E5C>ですね……,"……그런가요.<6E5C>역시, 이 목소리는 들리지<6E5C>않는군요……","……그런가요.<6E5C>역시, 이 목소리는 들리지<6E5C>않는군요……"
dom3Nakoruru_M04.mes,Script/dom3Nakoruru_M04.mes,9,3,[효과음/내레이션],スッ,슥,슥
dom3Nakoruru_M04.mes,Script/dom3Nakoruru_M04.mes,10,29,주인공,え?どういうことだ……?<6E5C>あんな、はりつめた顔をして……,"어? 무슨 소리야……?<6E5C>그렇게, 긴장한 얼굴로……","어? 무슨 소리야……?<6E5C>그렇게, 긴장한 얼굴로……"
dom3Nakoruru_M04.mes,Script/dom3Nakoruru_M04.mes,11,50,주인공,ああ、<6E5C>俺もおかしいと思っていたんだ<485C>虫の声も鳥の羽音も閉こえない<6E5C>なんて……静か過ぎて不気味だな,"아,<6E5C>나도 이상하다 싶었어<485C>벌레도 새소리도 안 들리다니<6E5C>……조용해서 으스스하네","아,<6E5C>나도 이상하다 싶었어<485C>벌레도 새소리도 안 들리다니<6E5C>……조용해서 으스스하네"
dom3Nakoruru_M04.mes,Script/dom3Nakoruru_M04.mes,12,14,Nakoruru,何か、嫌な予感がします……,왠지 불길한 예감 들어요,왠지 불길한 예감 들어요
dom3Nakoruru_M04.mes,Script/dom3Nakoruru_M04.mes,13,7,주인공,……そうだな,……그렇네,……그렇네
dom3Nakoruru_M04.mes,Script/dom3Nakoruru_M04.mes,14,8,Nakoruru,……少し、怖い,조금 무서워요,조금 무서워요
dom3Nakoruru_M04.mes,Script/dom3Nakoruru_M04.mes,15,4,주인공,俺もだ,나도야,나도야
dom3Nakoruru_M04.mes,Script/dom3Nakoruru_M04.mes,16,7,Nakoruru,<이름:3232>さんも?,<이름:3232>씨도요?,<이름:3232>씨도요?
dom3Nakoruru_M04.mes,Script/dom3Nakoruru_M04.mes,17,9,주인공,ほら、手を貸して,"자, 손 좀 줘","자, 손 좀 줘"
dom3Nakoruru_M04.mes,Script/dom3Nakoruru_M04.mes,18,3,[효과음/내레이션],スッ,슥,슥
dom3Nakoruru_M04.mes,Script/dom3Nakoruru_M04.mes,19,35,Nakoruru,ほんと……<이름:3232>さんの胸、<6E5C>すごく鼓動が早い.<6E5C>それに、顔も赤いみたい,정말……<이름:3232>씨 가슴이<6E5C>엄청 뛰어요.<6E5C>얼굴도 빨간 것 같아요,정말……<이름:3232>씨 가슴이<6E5C>엄청 뛰어요.<6E5C>얼굴도 빨간 것 같아요
dom3Nakoruru_M04.mes,Script/dom3Nakoruru_M04.mes,20,26,주인공,い、いや、顔が赤いのはナコルルが<6E5C>触れてるから……,"아니, 얼굴 빨간 건 나코루루가<6E5C>닿아서……","아니, 얼굴 빨간 건 나코루루가<6E5C>닿아서……"
dom3Nakoruru_M04.mes,Script/dom3Nakoruru_M04.mes,21,5,Nakoruru,え……?,어……?,어……?
dom3Nakoruru_M04.mes,Script/dom3Nakoruru_M04.mes,22,11,주인공,な、何でもないです!,아무것도 아니에요!,아무것도 아니에요!
dom3Nakoruru_M05.mes,Script/dom3Nakoruru_M05.mes,0,11,주인공,この前は大変だったな,지난번엔 힘들었지,지난번엔 힘들었지
dom3Nakoruru_M05.mes,Script/dom3Nakoruru_M05.mes,1,38,Nakoruru,ええ……これから、もっと恐ろしい<6E5C>ことが起こるような……<6E5C>そんな気がします,네……앞으로 더 무서운<6E5C>일이 일어날 것 같은……<6E5C>그런 느낌이 들어요,네……앞으로 더 무서운<6E5C>일이 일어날 것 같은……<6E5C>그런 느낌이 들어요
dom3Nakoruru_M05.mes,Script/dom3Nakoruru_M05.mes,2,15,주인공,ひとりで……立ち向かうのか?,혼자서……맞설 셈이야?,혼자서……맞설 셈이야?
dom3Nakoruru_M05.mes,Script/dom3Nakoruru_M05.mes,3,5,Nakoruru,……はい,……네,……네
dom3Nakoruru_M05.mes,Script/dom3Nakoruru_M05.mes,4,20,[선택지],いっしょに闘わせてくれ無茶はしないでくれ,같이 싸우게 해줘\무리는 하지 말아줘,같이 싸우게 해줘\무리는 하지 말아줘
dom3Nakoruru_M05.mes,Script/dom3Nakoruru_M05.mes,5,20,주인공,ナコルル、<6E5C>俺もいっしょに闘わせてくれ,"나코루루,<6E5C>나도 같이 싸우게 해줘","나코루루,<6E5C>나도 같이 싸우게 해줘"
dom3Nakoruru_M05.mes,Script/dom3Nakoruru_M05.mes,6,3,Nakoruru,え?,어?,어?
dom3Nakoruru_M05.mes,Script/dom3Nakoruru_M05.mes,7,51,주인공,ナコルルの使命を代わって<6E5C>やることは、俺にはできない<485C>でも……いっしょに闘うことは<6E5C>できると思うんだ,나코루루의 사명을 대신<6E5C>해줄 수는 없어<485C>하지만……같이 싸우는 건<6E5C>할 수 있을 거라 생각해,나코루루의 사명을 대신<6E5C>해줄 수는 없어<485C>하지만……같이 싸우는 건<6E5C>할 수 있을 거라 생각해
dom3Nakoruru_M05.mes,Script/dom3Nakoruru_M05.mes,8,15,주인공,俺は……ナコルルを守りたい!,나코루루를 지키고 싶어!,나코루루를 지키고 싶어!
dom3Nakoruru_M05.mes,Script/dom3Nakoruru_M05.mes,9,4,[효과음/내레이션],ぎゅっ,꽉,꽉
dom3Nakoruru_M05.mes,Script/dom3Nakoruru_M05.mes,10,7,Nakoruru,<이름:3232>さん……,<이름:3232>씨……,<이름:3232>씨……
dom3Nakoruru_M05.mes,Script/dom3Nakoruru_M05.mes,11,4,주인공,頼む!,부탁!,부탁!
dom3Nakoruru_M05.mes,Script/dom3Nakoruru_M05.mes,12,24,Nakoruru,本当に、いいんですか?<6E5C>容易ならざる道ですよ?,정말로 괜찮으신가요?<6E5C>쉽지 않은 길이에요?,정말로 괜찮으신가요?<6E5C>쉽지 않은 길이에요?
dom3Nakoruru_M05.mes,Script/dom3Nakoruru_M05.mes,13,29,주인공,もとより、覚悟のうえ……!<6E5C>この手は、死んでも離さない!,"처음부터 각오했어……!<6E5C>이 손, 죽어도 안 놓아!","처음부터 각오했어……!<6E5C>이 손, 죽어도 안 놓아!"
dom3Nakoruru_M05.mes,Script/dom3Nakoruru_M05.mes,14,15,Nakoruru,……ありがとう、<이름:3232>さん……,"……고마워요, <이름:3232>씨……","……고마워요, <이름:3232>씨……"
dom3Nakoruru_M05.mes,Script/dom3Nakoruru_M05.mes,15,26,주인공,ナコルルを守るためなら、<6E5C>この命惜しくなどない……,"나코루루 위해서라면,<6E5C>목숨 안 아까워","나코루루 위해서라면,<6E5C>목숨 안 아까워"
dom3Nakoruru_M05.mes,Script/dom3Nakoruru_M05.mes,16,36,주인공,……でも、一度もナコルルと<6E5C>迭瀬できなかったのは、<6E5C>ちょっと心残りかな,"……근데, 한 번도 나코루루랑<6E5C>데이트를 못한 게,<6E5C>좀 아쉽네","……근데, 한 번도 나코루루랑<6E5C>데이트를 못한 게,<6E5C>좀 아쉽네"
dom3Nakoruru_M05.mes,Script/dom3Nakoruru_M05.mes,17,3,Nakoruru,え?,어?,어?
dom3Nakoruru_M05.mes,Script/dom3Nakoruru_M05.mes,18,37,주인공,あ、いや、ふたりっきりで遊んだ<6E5C>ことがないから…….<6E5C>ごめん、不謹慎だね,"아, 아니, 둘이서만 놀아본<6E5C>적이 없어서…….<6E5C>미안, 경솔했네","아, 아니, 둘이서만 놀아본<6E5C>적이 없어서…….<6E5C>미안, 경솔했네"
dom3Nakoruru_M05.mes,Script/dom3Nakoruru_M05.mes,19,6,Nakoruru,そんな……,그런……,그런……
dom3Nakoruru_M05.mes,Script/dom3Nakoruru_M05.mes,20,15,Nakoruru,……わたしも、同じ気持ちです,"……저도, 같은 마음이에요","……저도, 같은 마음이에요"
dom3Nakoruru_M05.mes,Script/dom3Nakoruru_M05.mes,21,23,Nakoruru,でも、カムイコタンの巫女に、<6E5C>遊ぶ時間は……,"하지만 카무이코탄 무녀에게,<6E5C>놀 시간은…","하지만 카무이코탄 무녀에게,<6E5C>놀 시간은…"
dom3Nakoruru_M05.mes,Script/dom3Nakoruru_M05.mes,22,3,주인공,……,……,……
dom3Nakoruru_M05.mes,Script/dom3Nakoruru_M05.mes,23,32,주인공,あ、明日迎えに来るよ!<6E5C>明日だけは、ふたりで……<6E5C>いいだろう?,"아, 내일 데리러 올게!<6E5C>내일만은, 둘이서……<6E5C>괜찮지?","아, 내일 데리러 올게!<6E5C>내일만은, 둘이서……<6E5C>괜찮지?"
dom3Nakoruru_M05.mes,Script/dom3Nakoruru_M05.mes,24,6,Nakoruru,……はい!,……네!,……네!
dom3Nakoruru_M05.mes,Script/dom3Nakoruru_M05.mes,25,22,주인공,そうか……くれぐれも、<6E5C>無茶はしないでくれ,"그렇구나……부디,<6E5C>무리는 하지 말아줘","그렇구나……부디,<6E5C>무리는 하지 말아줘"
dom3Nakoruru_M05.mes,Script/dom3Nakoruru_M05.mes,26,24,Nakoruru,大丈夫、わたしにはママハハが<6E5C>ついていますから,"괜찮아요, 저에게는 마마하하가<6E5C>있으니까요","괜찮아요, 저에게는 마마하하가<6E5C>있으니까요"
dom3Nakoruru_M05.mes,Script/dom3Nakoruru_M05.mes,27,4,UNKNOWN_79,ピー!,삐!,삐!
dom3Nakoruru_M05.mes,Script/dom3Nakoruru_M05.mes,28,7,주인공,……そうだな,……그렇네,……그렇네
dom3Nakoruru_S01.mes,Script/dom3Nakoruru_S01.mes,0,11,Nakoruru,こんにちは、<이름:3232>さん,"안녕하세요, <이름:3232>씨","안녕하세요, <이름:3232>씨"
dom3Nakoruru_S01.mes,Script/dom3Nakoruru_S01.mes,1,8,주인공,やあ、ナコルル,안녕 나코루루,안녕 나코루루
dom3Nakoruru_S01.mes,Script/dom3Nakoruru_S01.mes,2,37,Nakoruru,また無防備に山へ入って<6E5C>きたんですね.後ろ、動物たちに<6E5C>狙われていますよ,또 무방비하게 산에 들어<6E5C>오셨네요. 뒤에서 동물들이<6E5C>노리고 있어요,또 무방비하게 산에 들어<6E5C>오셨네요. 뒤에서 동물들이<6E5C>노리고 있어요
dom3Nakoruru_S01.mes,Script/dom3Nakoruru_S01.mes,3,6,주인공,な、何!?,뭐 뭐야?,뭐 뭐야?
dom3Nakoruru_S01.mes,Script/dom3Nakoruru_S01.mes,4,3,[효과음/내레이션],バッ,확,확
dom3Nakoruru_S01.mes,Script/dom3Nakoruru_S01.mes,5,30,주인공,(うおぉ!いつの間にか俺の後ろに<6E5C>野生動物たちの行列が!),(우오!어느새 내 뒤에<6E5C>야생 동물들이 줄지어!),(우오!어느새 내 뒤에<6E5C>야생 동물들이 줄지어!)
dom3Nakoruru_S01.mes,Script/dom3Nakoruru_S01.mes,6,41,Nakoruru,くすくす……不思議な人ですね.<6E5C>なぜか動物たちはあなたを<6E5C>襲うつもりはないみたい,후후……신기한 분이시네요.<6E5C>어쩐지 동물들은 당신을<6E5C>덮칠 생각은 없나 봐요,후후……신기한 분이시네요.<6E5C>어쩐지 동물들은 당신을<6E5C>덮칠 생각은 없나 봐요
dom3Nakoruru_S01.mes,Script/dom3Nakoruru_S01.mes,7,9,주인공,ほっ……よかった,휴……다행이다,휴……다행이다
dom3Nakoruru_S01.mes,Script/dom3Nakoruru_S01.mes,8,5,[효과음/내레이션],ザザッ!,휙!,휙!
dom3Nakoruru_S01.mes,Script/dom3Nakoruru_S01.mes,9,5,[효과음/내레이션],ドンッ!,쿵!,쿵!
dom3Nakoruru_S01.mes,Script/dom3Nakoruru_S01.mes,10,16,주인공,うわぁぁぁ!やられたぁぁっ!!,으아악! 당했다아!!,으아악! 당했다아!!
dom3Nakoruru_S01.mes,Script/dom3Nakoruru_S01.mes,11,3,[효과음/내레이션],……,……,……
dom3Nakoruru_S01.mes,Script/dom3Nakoruru_S01.mes,12,11,주인공,あ、あれ?何ともない,어 어라? 멀쩡하네,어 어라? 멀쩡하네
dom3Nakoruru_S01.mes,Script/dom3Nakoruru_S01.mes,13,25,Nakoruru,こら、リムルル.<6E5C>旅の人を脅かしては駄目でしょう,"리무루루,<6E5C>여행객 놀라게 하면 안 되잖니","리무루루,<6E5C>여행객 놀라게 하면 안 되잖니"
dom3Nakoruru_S01.mes,Script/dom3Nakoruru_S01.mes,14,38,UNKNOWN_7e,だって姉様!この人は森の声も<6E5C>閉かないでこんなとこまで<6E5C>入ってきたんだよ!,근데 언니! 이 사람 숲 목소리도<6E5C>안듣고 여기까지<6E5C>들어왔단 말이야!,근데 언니! 이 사람 숲 목소리도<6E5C>안듣고 여기까지<6E5C>들어왔단 말이야!
dom3Nakoruru_S01.mes,Script/dom3Nakoruru_S01.mes,15,10,주인공,な、なんだなんだ?,"뭐, 뭐야 뭐야?","뭐, 뭐야 뭐야?"
dom3Nakoruru_S01.mes,Script/dom3Nakoruru_S01.mes,16,29,Nakoruru,ごめんなさい、<이름:3232>さん.<6E5C>これはわたしの妹のリムルルです,"미안해요, <이름:3232>씨.<6E5C>이 아이는 제 동생 리무루루예요","미안해요, <이름:3232>씨.<6E5C>이 아이는 제 동생 리무루루예요"
dom3Nakoruru_S01.mes,Script/dom3Nakoruru_S01.mes,17,4,UNKNOWN_7e,むぅ~,무~,무~
dom3Nakoruru_S01.mes,Script/dom3Nakoruru_S01.mes,18,24,주인공,(な、何だか嫌われてしまったみた<6E5C>いだな……),(뭔가 미움받아 버린 것<6E5C>같네……),(뭔가 미움받아 버린 것<6E5C>같네……)
dom3Nakoruru_S01.mes,Script/dom3Nakoruru_S01.mes,19,19,Nakoruru,<이름:3232>さん、また山で<6E5C>寝てたんですか?,"<이름:3232>씨, 또 산에서<6E5C>주무셨나요?","<이름:3232>씨, 또 산에서<6E5C>주무셨나요?"
dom3Nakoruru_S01.mes,Script/dom3Nakoruru_S01.mes,20,35,주인공,いや、住むところが見つかって、<6E5C>何とか人並みに雨露は<6E5C>しのげているよ,"아니, 살 곳 찾아서,<6E5C>그럭저럭 남들처럼 비바람은<6E5C>피하고 있어","아니, 살 곳 찾아서,<6E5C>그럭저럭 남들처럼 비바람은<6E5C>피하고 있어"
dom3Nakoruru_S01.mes,Script/dom3Nakoruru_S01.mes,21,15,Nakoruru,それじゃあ、どうしてここへ?,"그럼, 왜 여기에?","그럼, 왜 여기에?"
dom3Nakoruru_S01.mes,Script/dom3Nakoruru_S01.mes,22,45,주인공,うーん、どうして……か.<6E5C>これといった理由はないんだが、<6E5C>この山の中にいると落ち着くんだ,"음, 글쎄.<6E5C>딱히 이렇다 할 이유는 없지만,<6E5C>이 산속에 있으면 마음이 편해져","음, 글쎄.<6E5C>딱히 이렇다 할 이유는 없지만,<6E5C>이 산속에 있으면 마음이 편해져"
dom3Nakoruru_S01.mes,Script/dom3Nakoruru_S01.mes,23,35,Nakoruru,<이름:3232>さんにも、無意識に<6E5C>大自然の声が閉こえているのかも<6E5C>しれませんね,<이름:3232>씨에게도 무의식중에<6E5C>대자연의 목소리가 들리는지도<6E5C>모르겠네요,<이름:3232>씨에게도 무의식중에<6E5C>대자연의 목소리가 들리는지도<6E5C>모르겠네요
dom3Nakoruru_S01.mes,Script/dom3Nakoruru_S01.mes,24,26,주인공,声…….そういえば前にもそんな<6E5C>ことを言っていたね,목소리….그러고 보니 전에도 그런<6E5C>얘길 했었지,목소리….그러고 보니 전에도 그런<6E5C>얘길 했었지
dom3Nakoruru_S01.mes,Script/dom3Nakoruru_S01.mes,25,47,Nakoruru,はい.この世界は、声に満ちて<6E5C>いるんですよ.すべてのものが、<6E5C>魂を持って話しかけてくるんです,네. 이 세상은 목소리로 가득<6E5C>차 있어요. 모든 것이<6E5C>영혼을 갖고 말을 걸어와요,네. 이 세상은 목소리로 가득<6E5C>차 있어요. 모든 것이<6E5C>영혼을 갖고 말을 걸어와요
dom3Nakoruru_S01.mes,Script/dom3Nakoruru_S01.mes,26,14,Nakoruru,ほら、じーっと耳をすませて,자 가만히 귀 기울여봐요,자 가만히 귀 기울여봐요
dom3Nakoruru_S01.mes,Script/dom3Nakoruru_S01.mes,27,3,주인공,え?,어?,어?
dom3Nakoruru_S01.mes,Script/dom3Nakoruru_S01.mes,28,5,[효과음/내레이션],…………,……,……
dom3Nakoruru_S01.mes,Script/dom3Nakoruru_S01.mes,29,23,Nakoruru,……木々のささやきが閉こえて<6E5C>きたでしょう?,……나무들의 속삭임이 들려<6E5C>오죠?,……나무들의 속삭임이 들려<6E5C>오죠?
dom3Nakoruru_S01.mes,Script/dom3Nakoruru_S01.mes,30,8,주인공,う、う~ん……,"으, 으음……","으, 으음……"
dom3Nakoruru_S02.mes,Script/dom3Nakoruru_S02.mes,0,13,UNKNOWN_1e,おじさん、これをください,"아저씨, 이거 주세요","아저씨, 이거 주세요"
dom3Nakoruru_S02.mes,Script/dom3Nakoruru_S02.mes,1,10,UNKNOWN_12,",おう、毎度あり!",오 매번 고맙네!,오 매번 고맙네!
dom3Nakoruru_S02.mes,Script/dom3Nakoruru_S02.mes,2,10,주인공,(あ、あれは……),"(아, 저건……)","(아, 저건……)"
dom3Nakoruru_S02.mes,Script/dom3Nakoruru_S02.mes,3,13,Nakoruru,あ、<이름:3232>さん.こんにちは,"아,<이름:3232>씨. 안녕하세요","아,<이름:3232>씨. 안녕하세요"
dom3Nakoruru_S02.mes,Script/dom3Nakoruru_S02.mes,4,19,주인공,やあ.<6E5C>ナコルルも買い物をするんだな,안녕.<6E5C>나코루루도 장을 보는구나,안녕.<6E5C>나코루루도 장을 보는구나
dom3Nakoruru_S02.mes,Script/dom3Nakoruru_S02.mes,5,11,Nakoruru,え、おかしいですか?,"어, 이상한가요?","어, 이상한가요?"
dom3Nakoruru_S02.mes,Script/dom3Nakoruru_S02.mes,6,35,주인공,いや、ずっと山にいる印象が<6E5C>強いから、町で見かけると<6E5C>不思議な感じで,"아니, 늘 산에 있는 인상이<6E5C>강해서 마을서 보니<6E5C>신기한 느낌","아니, 늘 산에 있는 인상이<6E5C>강해서 마을서 보니<6E5C>신기한 느낌"
dom3Nakoruru_S02.mes,Script/dom3Nakoruru_S02.mes,7,30,Nakoruru,ふふ、わたしだって人並みのことを<6E5C>することくらいありますよ,"후후, 저도 남들처럼 하는<6E5C>일 정도는 있어요","후후, 저도 남들처럼 하는<6E5C>일 정도는 있어요"
dom3Nakoruru_S02.mes,Script/dom3Nakoruru_S02.mes,8,11,주인공,そ、そりゃそうだよな,"그, 그건 그렇지","그, 그건 그렇지"
dom3Nakoruru_S02.mes,Script/dom3Nakoruru_S02.mes,9,44,주인공,あ、そういえば前に閉こうとしたん<6E5C>だけど、ナコルルはどうして山で<6E5C>募らしているんだい?,"아, 그러고 보니 전에 물어보려<6E5C>했는데 나코루루는 왜 산에서<6E5C>살고 있는 거야?","아, 그러고 보니 전에 물어보려<6E5C>했는데 나코루루는 왜 산에서<6E5C>살고 있는 거야?"
dom3Nakoruru_S02.mes,Script/dom3Nakoruru_S02.mes,10,39,Nakoruru,わたしは、この町の人間ではないん<6E5C>ですよ.遠いところから旅をして<6E5C>きたんです,"저는, 이 마을 사람이 아니<6E5C>거든요. 먼 곳에서 여행을 해서<6E5C>왔어요","저는, 이 마을 사람이 아니<6E5C>거든요. 먼 곳에서 여행을 해서<6E5C>왔어요"
dom3Nakoruru_S02.mes,Script/dom3Nakoruru_S02.mes,11,17,주인공,どうしてまた、女の身で長旅など?,어째서 여자몸으로 긴 여행을?,어째서 여자몸으로 긴 여행을?
dom3Nakoruru_S02.mes,Script/dom3Nakoruru_S02.mes,12,11,Nakoruru,それは……言えません,그건…말 못해요,그건…말 못해요
dom3Nakoruru_S02.mes,Script/dom3Nakoruru_S02.mes,13,6,주인공,そ、そうか,그런가,그런가
dom3Nakoruru_S02.mes,Script/dom3Nakoruru_S02.mes,14,13,주인공,(何かわけあり、か……),(뭔가 사정 있나……),(뭔가 사정 있나……)
dom3Nakoruru_S02.mes,Script/dom3Nakoruru_S02.mes,15,14,Nakoruru,<이름:3232>さんは、どうして旅を?,"<이름:3232>씨는, 왜 여행을?","<이름:3232>씨는, 왜 여행을?"
dom3Nakoruru_S02.mes,Script/dom3Nakoruru_S02.mes,16,10,주인공,え、いや、俺は……,"어 아니, 난……","어 아니, 난……"
dom3Nakoruru_S02.mes,Script/dom3Nakoruru_S02.mes,17,16,Nakoruru,ふふっ.わけあり、なんですか?,후훗. 사정이 있는 건가요?,후훗. 사정이 있는 건가요?
dom3Nakoruru_S03.mes,Script/dom3Nakoruru_S03.mes,0,17,주인공,(いかんな……道に迷ったかな?),(이런... 길을 잃었나?),(이런... 길을 잃었나?)
dom3Nakoruru_S03.mes,Script/dom3Nakoruru_S03.mes,1,5,UNKNOWN_1e,ピーッ!,삐익!,삐익!
dom3Nakoruru_S03.mes,Script/dom3Nakoruru_S03.mes,2,6,[효과음/내레이션],バサバサッ,푸드덕,푸드덕
dom3Nakoruru_S03.mes,Script/dom3Nakoruru_S03.mes,3,4,주인공,うわ!,으악!,으악!
dom3Nakoruru_S03.mes,Script/dom3Nakoruru_S03.mes,4,3,[효과음/내레이션],トン,툭,툭
dom3Nakoruru_S03.mes,Script/dom3Nakoruru_S03.mes,5,16,주인공,マ、ママハハか……びっくりした,"마, 마마하하잖아, 놀랐네","마, 마마하하잖아, 놀랐네"
dom3Nakoruru_S03.mes,Script/dom3Nakoruru_S03.mes,6,8,UNKNOWN_1e,大丈夫ですか?,괜찮으세요?,괜찮으세요?
dom3Nakoruru_S03.mes,Script/dom3Nakoruru_S03.mes,7,8,주인공,あぁ、何とかね,"아, 그럭저럭","아, 그럭저럭"
dom3Nakoruru_S03.mes,Script/dom3Nakoruru_S03.mes,8,20,Nakoruru,もう、いじわるしちゃ駄目よ、<6E5C>ママハハ,"정말, 짓궂게 굴지 마요,<6E5C>마마하하","정말, 짓궂게 굴지 마요,<6E5C>마마하하"
dom3Nakoruru_S03.mes,Script/dom3Nakoruru_S03.mes,9,3,UNKNOWN_79,ピー,삐,삐
dom3Nakoruru_S03.mes,Script/dom3Nakoruru_S03.mes,10,28,주인공,何だか、ナコルルの言ってることが<6E5C>わかってるみたいだな,"왠지, 나코루루 말을<6E5C>알아듣는 것 같네","왠지, 나코루루 말을<6E5C>알아듣는 것 같네"
dom3Nakoruru_S03.mes,Script/dom3Nakoruru_S03.mes,11,23,Nakoruru,ええ、ママハハは人間の言葉が<6E5C>わかるんですよ,"네, 마마하하는 사람 말을<6E5C>알아듣거든요","네, 마마하하는 사람 말을<6E5C>알아듣거든요"
dom3Nakoruru_S03.mes,Script/dom3Nakoruru_S03.mes,12,19,주인공,ほ、ほんとに?<6E5C>何者だ、ママハハって,"저, 정말?<6E5C>뭐야, 마마하하란 게","저, 정말?<6E5C>뭐야, 마마하하란 게"
dom3Nakoruru_S03.mes,Script/dom3Nakoruru_S03.mes,13,24,Nakoruru,ふふ.ママハハはチチウシを守る<6E5C>守護鳥なんです,마마하하는 치치우시 지키는<6E5C>수호조예요,마마하하는 치치우시 지키는<6E5C>수호조예요
dom3Nakoruru_S03.mes,Script/dom3Nakoruru_S03.mes,14,10,주인공,チチウシ?守護鳥?,치치우시?수호조?,치치우시?수호조?
dom3Nakoruru_S03.mes,Script/dom3Nakoruru_S03.mes,15,23,Nakoruru,また今度、お話ししますね.<6E5C>行こう、ママハハ,"다음에 얘기해 드릴게요.<6E5C>가자, 마마하하","다음에 얘기해 드릴게요.<6E5C>가자, 마마하하"
dom3Nakoruru_S03.mes,Script/dom3Nakoruru_S03.mes,16,24,주인공,(やっぱり変わった子だ……って、<6E5C>しまった!),"(역시 특이한 아이야...아, <6E5C>이런!)","(역시 특이한 아이야...아, <6E5C>이런!)"
dom3Nakoruru_S03.mes,Script/dom3Nakoruru_S03.mes,17,37,주인공,(道に迷っていたんだった.<6E5C>帰り道を閉いておけばよかったな.<6E5C>やれやれ),(길을 잃었었지.<6E5C>돌아가는 길을 물어볼걸.<6E5C>이거 참),(길을 잃었었지.<6E5C>돌아가는 길을 물어볼걸.<6E5C>이거 참)
dom3Nakoruru_S04.mes,Script/dom3Nakoruru_S04.mes,0,11,Nakoruru,こんにちは、<이름:3232>さん,"안녕하세요, <이름:3232>님","안녕하세요, <이름:3232>님"
dom3Nakoruru_S04.mes,Script/dom3Nakoruru_S04.mes,1,28,주인공,やあ、ナコルル.<6E5C>あれ、今日はリムルルいないのかい<6E5C>?,"안녕, 나코루루.<6E5C>어라, 오늘 리무루루 없나<6E5C>?","안녕, 나코루루.<6E5C>어라, 오늘 리무루루 없나<6E5C>?"
dom3Nakoruru_S04.mes,Script/dom3Nakoruru_S04.mes,2,13,UNKNOWN_1e,あたしならここにいるよ!,나라면 여기 있는데!,나라면 여기 있는데!
dom3Nakoruru_S04.mes,Script/dom3Nakoruru_S04.mes,3,4,[효과음/내레이션],ザザッ,사삭,사삭
dom3Nakoruru_S04.mes,Script/dom3Nakoruru_S04.mes,4,4,[효과음/내레이션],ストッ,턱,턱
dom3Nakoruru_S04.mes,Script/dom3Nakoruru_S04.mes,5,14,주인공,き、木の上から!君は猿か?,"나, 나무서!원숭이냐?","나, 나무서!원숭이냐?"
dom3Nakoruru_S04.mes,Script/dom3Nakoruru_S04.mes,6,27,UNKNOWN_7e,何を~、そんなこと言う<6E5C><이름:3232>兄様は……おしおきだぁ!,"뭐야~,<6E5C><이름:3232>오라버니 그런 말 하면 혼나!","뭐야~,<6E5C><이름:3232>오라버니 그런 말 하면 혼나!"
dom3Nakoruru_S04.mes,Script/dom3Nakoruru_S04.mes,7,10,주인공,じょ、冗談だって!,"노, 농담이야!","노, 농담이야!"
dom3Nakoruru_S04.mes,Script/dom3Nakoruru_S04.mes,8,16,Nakoruru,ほらほら、リムルル.やめなさい,"자자, 리무루루. 그만하렴","자자, 리무루루. 그만하렴"
dom3Nakoruru_S04.mes,Script/dom3Nakoruru_S04.mes,9,4,UNKNOWN_7e,はーい,네~,네~
dom3Nakoruru_S04.mes,Script/dom3Nakoruru_S04.mes,10,21,주인공,ふぅ.<6E5C>それにしても、リムルルは身軽だな,휴.<6E5C>그나저나 리무루루 몸이 가볍네,휴.<6E5C>그나저나 리무루루 몸이 가볍네
dom3Nakoruru_S04.mes,Script/dom3Nakoruru_S04.mes,11,36,UNKNOWN_7e,そりゃそうだよ.<6E5C>姉様といっしょに巫女になるために<6E5C>修行中なんだから!,그야 당연하지.<6E5C>언니랑 같이 무녀 되려고<6E5C>수행 중이니까!,그야 당연하지.<6E5C>언니랑 같이 무녀 되려고<6E5C>수행 중이니까!
dom3Nakoruru_S04.mes,Script/dom3Nakoruru_S04.mes,12,24,주인공,ナコルルの故郷の巫女は、<6E5C>猿マネが得意なのか?,나코루루 고향 무녀는<6E5C>원숭이 흉내 내나?,나코루루 고향 무녀는<6E5C>원숭이 흉내 내나?
dom3Nakoruru_S04.mes,Script/dom3Nakoruru_S04.mes,13,10,UNKNOWN_7e,<이름:3232>兄様~~~!!,<이름:3232>오라버니~~!,<이름:3232>오라버니~~!
dom3Nakoruru_S04.mes,Script/dom3Nakoruru_S04.mes,14,10,주인공,う.ごめん、ごめん,"윽. 미안, 미안","윽. 미안, 미안"
dom3Nakoruru_S04.mes,Script/dom3Nakoruru_S04.mes,15,28,Nakoruru,もぉ、そんなに怒らないのリムルル<6E5C>.いい子だから、ね?,"정말, 그렇게 화내지 마 리무루루<6E5C>. 착하지?","정말, 그렇게 화내지 마 리무루루<6E5C>. 착하지?"
dom3Nakoruru_S04.mes,Script/dom3Nakoruru_S04.mes,16,11,UNKNOWN_7e,うぅぅ.ねぇさまぁ~,으으. 언니이~,으으. 언니이~
dom3Nakoruru_S04.mes,Script/dom3Nakoruru_S04.mes,17,14,주인공,(……仲のいい姉妹だなぁ),(...사이좋은 자매네),(...사이좋은 자매네)
dom3Nakoruru_S05.mes,Script/dom3Nakoruru_S05.mes,0,13,주인공,ふわぁ~、のどかだな……,"흐아~, 평화롭네...","흐아~, 평화롭네..."
dom3Nakoruru_S05.mes,Script/dom3Nakoruru_S05.mes,1,10,Nakoruru,ええ、平和な証です,평화의 증거죠,평화의 증거죠
dom3Nakoruru_S05.mes,Script/dom3Nakoruru_S05.mes,2,21,주인공,こうのどかだと、<6E5C>眠ってしまいそうだなぁ,"이렇게 평화로우니,<6E5C>잠이 올 것 같네","이렇게 평화로우니,<6E5C>잠이 올 것 같네"
dom3Nakoruru_S05.mes,Script/dom3Nakoruru_S05.mes,3,36,Nakoruru,ふふ、いいですよ、眠っても.<6E5C>よかったら、ひざを<6E5C>お貸ししましょうか?,"후후, 주무셔도 돼요.<6E5C>괜찮으시면, 무릎을<6E5C>빌려드릴까요?","후후, 주무셔도 돼요.<6E5C>괜찮으시면, 무릎을<6E5C>빌려드릴까요?"
dom3Nakoruru_S05.mes,Script/dom3Nakoruru_S05.mes,4,29,주인공,え!それはまだ早……いや、<6E5C>それじゃ、お言葉に甘えて……,"에!아직 일러...아니,<6E5C>그럼, 염치없지만...","에!아직 일러...아니,<6E5C>그럼, 염치없지만..."
dom3Nakoruru_S05.mes,Script/dom3Nakoruru_S05.mes,5,4,[효과음/내레이션],ガサッ,부스럭,부스럭
dom3Nakoruru_S05.mes,Script/dom3Nakoruru_S05.mes,6,6,UNKNOWN_1e,ナコルル!,나코루루!,나코루루!
dom3Nakoruru_S05.mes,Script/dom3Nakoruru_S05.mes,7,12,Nakoruru,あ……ガルフォードさん,아... 갈포드 씨,아... 갈포드 씨
dom3Nakoruru_S05.mes,Script/dom3Nakoruru_S05.mes,8,32,UNKNOWN_7f,OH!<6E5C>やっと探し当てたと思ったら、<6E5C>ダレだいそのオトコは!?,"오!<6E5C>겨우 찾았나 했더니,<6E5C>그 남자는 누구야!?","오!<6E5C>겨우 찾았나 했더니,<6E5C>그 남자는 누구야!?"
dom3Nakoruru_S05.mes,Script/dom3Nakoruru_S05.mes,9,35,주인공,(金色の髪……異国の者か?<6E5C>この姿は忍者……だよな、一応.<6E5C>何者?),"(금발, 이국인인가?<6E5C>이 모습 닌자... 일단은.<6E5C>누구지?)","(금발, 이국인인가?<6E5C>이 모습 닌자... 일단은.<6E5C>누구지?)"
dom3Nakoruru_S05.mes,Script/dom3Nakoruru_S05.mes,10,11,Nakoruru,こちらは<이름:3232>さんです,이쪽은 <이름:3232>씨예요,이쪽은 <이름:3232>씨예요
dom3Nakoruru_S05.mes,Script/dom3Nakoruru_S05.mes,11,55,UNKNOWN_7f,<이름:3232>?閉かない名だネ<485C>なぁパピィ、どう見たって俺の方が<6E5C>ナコルルにふさわしい<6E5C>ハンサムボーイだと思わないか?,"<이름:3232>?처음 듣는 이름이네<485C>포피, 아무리 봐도 내 쪽이<6E5C>나코루루에게 어울리는<6E5C>미남 아니야?","<이름:3232>?처음 듣는 이름이네<485C>포피, 아무리 봐도 내 쪽이<6E5C>나코루루에게 어울리는<6E5C>미남 아니야?"
dom3Nakoruru_S05.mes,Script/dom3Nakoruru_S05.mes,12,5,Kasumi, ワン!,멍!,멍!
dom3Nakoruru_S05.mes,Script/dom3Nakoruru_S05.mes,13,12,주인공,(何故、犬に閉く!?),(왜 개한테!?),(왜 개한테!?)
dom3Nakoruru_S05.mes,Script/dom3Nakoruru_S05.mes,14,19,Nakoruru,相変わらずですね、<6E5C>ガルフォードさん,"여전하시네요,<6E5C>갈포드 씨","여전하시네요,<6E5C>갈포드 씨"
dom3Nakoruru_S05.mes,Script/dom3Nakoruru_S05.mes,15,40,주인공,(むぅ……また変わり者登場か.<6E5C>ナコルルの周りにはこんなの<6E5C>ばっかりなのか?),(음... 또 괴짜 등장인가.<6E5C>나코루루 주변엔 이런 사람들<6E5C>뿐인가?),(음... 또 괴짜 등장인가.<6E5C>나코루루 주변엔 이런 사람들<6E5C>뿐인가?)
dom3Nakoruru_S06.mes,Script/dom3Nakoruru_S06.mes,0,8,Nakoruru,あ、<이름:3232>さん!,"아, <이름:3232>님!","아, <이름:3232>님!"
dom3Nakoruru_S06.mes,Script/dom3Nakoruru_S06.mes,1,33,주인공,何だ、今日はやけに元気がいいな.<6E5C>何かいいことでもあったのかい?,"오, 오늘따라 기운 넘치네.<6E5C>뭔가 좋은 일이라도 있었어?","오, 오늘따라 기운 넘치네.<6E5C>뭔가 좋은 일이라도 있었어?"
dom3Nakoruru_S06.mes,Script/dom3Nakoruru_S06.mes,2,26,Nakoruru,はい!<6E5C>あのひとからの<6E5C>おくりものが届いたんです!,네!<6E5C>그분에게서<6E5C>선물이 왔거든요!,네!<6E5C>그분에게서<6E5C>선물이 왔거든요!
dom3Nakoruru_S06.mes,Script/dom3Nakoruru_S06.mes,3,10,주인공,あのひとからって?,그분이라면?,그분이라면?
dom3Nakoruru_S06.mes,Script/dom3Nakoruru_S06.mes,4,30,Nakoruru,カムイコタンの幼馴染です.<6E5C>こんな遠くまで手紙が届くなんて,카무이코탄 소꿉친구예요.<6E5C>이 먼 곳까지 편지가 오다니,카무이코탄 소꿉친구예요.<6E5C>이 먼 곳까지 편지가 오다니
dom3Nakoruru_S06.mes,Script/dom3Nakoruru_S06.mes,5,13,주인공,手紙か……よく届いたなぁ,편지구나...용케 왔네,편지구나...용케 왔네
dom3Nakoruru_S06.mes,Script/dom3Nakoruru_S06.mes,6,15,Nakoruru,本当に、よく届いてくれました,"정말로, 잘 와줬어요","정말로, 잘 와줬어요"
dom3Nakoruru_S06.mes,Script/dom3Nakoruru_S06.mes,7,17,주인공,もしかして、恋人からの手紙とか?,"혹시, 애인한테서 온 편지야?","혹시, 애인한테서 온 편지야?"
dom3Nakoruru_S06.mes,Script/dom3Nakoruru_S06.mes,8,32,Nakoruru,い、いえ、そんな…….<6E5C>ヤンタムゥには婚約者が<6E5C>いますから……,"아뇨, 그런 게...<6E5C>얀타무에게 약혼자가<6E5C>있어서요...","아뇨, 그런 게...<6E5C>얀타무에게 약혼자가<6E5C>있어서요..."
dom3Nakoruru_S06.mes,Script/dom3Nakoruru_S06.mes,9,6,주인공,そ、そうか,"그, 그래","그, 그래"
dom3Nakoruru_S06.mes,Script/dom3Nakoruru_S06.mes,10,24,주인공,(何やらまずいことを<6E5C>言ってしまったか……?),(뭔가 실수를<6E5C>해버렸나...?),(뭔가 실수를<6E5C>해버렸나...?)
dom3Nakoruru_S06.mes,Script/dom3Nakoruru_S06.mes,11,29,주인공,やあ、ナコルル.<6E5C>もう、あの手紙の返事は<6E5C>書いたのかい?,"안녕, 나코루루.<6E5C>그 편지 답장은 벌써<6E5C>썼어?","안녕, 나코루루.<6E5C>그 편지 답장은 벌써<6E5C>썼어?"
dom3Nakoruru_S06.mes,Script/dom3Nakoruru_S06.mes,12,23,Nakoruru,はい.<6E5C>さっき、飛脚さんに<6E5C>渡したところです,"네.<6E5C>아까, 파발꾼에게<6E5C>막 건넸어요","네.<6E5C>아까, 파발꾼에게<6E5C>막 건넸어요"
dom3Nakoruru_S06.mes,Script/dom3Nakoruru_S06.mes,13,50,주인공,飛脚というのは優秀だなぁ<485C>以前、肉を投げてよこしてくれた<6E5C>ことがあったよ.<6E5C>何故かはわからないけど,"파발꾼이란 참 대단하네<485C>예전에, 고기를 던져준<6E5C>적이 있었지.<6E5C>왜 그랬는진 모르겠지만","파발꾼이란 참 대단하네<485C>예전에, 고기를 던져준<6E5C>적이 있었지.<6E5C>왜 그랬는진 모르겠지만"
dom3Nakoruru_S06.mes,Script/dom3Nakoruru_S06.mes,14,22,Nakoruru,そうですか.<6E5C>なら必ず、届けてくれますよね,"그렇군요.<6E5C>그럼 분명, 전해줄 거예요","그렇군요.<6E5C>그럼 분명, 전해줄 거예요"
dom3Nakoruru_S06.mes,Script/dom3Nakoruru_S06.mes,15,10,주인공,ナコルルの想いを?,나코루루 마음을?,나코루루 마음을?
dom3Nakoruru_S06.mes,Script/dom3Nakoruru_S06.mes,16,19,Nakoruru,な、何を言ってるんですか、<6E5C><이름:3232>さん,"무, 무슨 말씀이세요,<6E5C><이름:3232>씨","무, 무슨 말씀이세요,<6E5C><이름:3232>씨"
dom3Nakoruru_S06.mes,Script/dom3Nakoruru_S06.mes,17,35,주인공,へぇ、意外な反応だな.<6E5C>ナコルルにも女の子らしい<6E5C>一面があったんだな,"허, 의외의 반응이네.<6E5C>나코루루에게도 소녀다운<6E5C>면이 있었구나","허, 의외의 반응이네.<6E5C>나코루루에게도 소녀다운<6E5C>면이 있었구나"
dom3Nakoruru_S06.mes,Script/dom3Nakoruru_S06.mes,18,27,Nakoruru,いえ……わたしは巫女だから……<6E5C>そんな、男の人なんて,"아뇨... 전 무녀니까...<6E5C>그런, 남자는","아뇨... 전 무녀니까...<6E5C>그런, 남자는"
dom3Nakoruru_S06.mes,Script/dom3Nakoruru_S06.mes,19,7,주인공,興味がない?,관심 없어?,관심 없어?
dom3Nakoruru_S06.mes,Script/dom3Nakoruru_S06.mes,20,37,Nakoruru,わたしにはやらなくてはならない<6E5C>ことがあるから……<6E5C>今は、考えられません,"저에겐 해야만 하는<6E5C>일이 있으니까...<6E5C>지금은, 생각할 수 없어요","저에겐 해야만 하는<6E5C>일이 있으니까...<6E5C>지금은, 생각할 수 없어요"
dom3Nakoruru_S06.mes,Script/dom3Nakoruru_S06.mes,21,13,주인공,そうか……もったいないな,그런가... 아깝네,그런가... 아깝네
dom3Nakoruru_S06.mes,Script/dom3Nakoruru_S06.mes,22,3,Nakoruru,え?,네?,네?
dom3Nakoruru_S06.mes,Script/dom3Nakoruru_S06.mes,23,11,주인공,い、いや、何でもない,아무것도 아니야,아무것도 아니야
dom3Nakoruru_S07.mes,Script/dom3Nakoruru_S07.mes,0,10,UNKNOWN_1e,ヤバイ、激ヤバだ!,"야, 큰일이야!","야, 큰일이야!"
dom3Nakoruru_S07.mes,Script/dom3Nakoruru_S07.mes,1,3,주인공,ん?,음?,음?
dom3Nakoruru_S07.mes,Script/dom3Nakoruru_S07.mes,2,24,UNKNOWN_1e,このままでは、<6E5C>妖精さんにキラワレテシマウ~!,"이대로면,<6E5C>요정님한테 미움받고 말 거야~!","이대로면,<6E5C>요정님한테 미움받고 말 거야~!"
dom3Nakoruru_S07.mes,Script/dom3Nakoruru_S07.mes,3,20,주인공,な、何だ、<6E5C>この肉まんみたいな男は……,"뭐야,<6E5C>이 왕만두 같은 남자는...","뭐야,<6E5C>이 왕만두 같은 남자는..."
dom3Nakoruru_S07.mes,Script/dom3Nakoruru_S07.mes,4,15,UNKNOWN_1c,.しっ!失敬だぞ、オマエ~!,".쳇!무례하잖아, 너~!",".쳇!무례하잖아, 너~!"
dom3Nakoruru_S07.mes,Script/dom3Nakoruru_S07.mes,5,4,UNKNOWN_1e,あっ!,앗!,앗!
dom3Nakoruru_S07.mes,Script/dom3Nakoruru_S07.mes,6,22,주인공,ナコルル、どうしたの?<6E5C>しまったって顔して,"나코루루, 왜?<6E5C>아차 싶은 얼굴로","나코루루, 왜?<6E5C>아차 싶은 얼굴로"
dom3Nakoruru_S07.mes,Script/dom3Nakoruru_S07.mes,7,6,Nakoruru,えっと……,저기...,저기...
dom3Nakoruru_S07.mes,Script/dom3Nakoruru_S07.mes,8,39,UNKNOWN_4c,.妖精さん!よかった、やっと<6E5C>見つけた!妖精さんは僕のモノ、<6E5C>僕だけのモノ!,".요정님!다행이다, 드디어<6E5C>찾았어!요정님은 제 거,<6E5C>저만의 것!",".요정님!다행이다, 드디어<6E5C>찾았어!요정님은 제 거,<6E5C>저만의 것!"
dom3Nakoruru_S07.mes,Script/dom3Nakoruru_S07.mes,9,44,Nakoruru,……わたしのことを妖精と言って、<6E5C>後をついてくるんです.<6E5C>悪い人ではないんですけど……,"... 저를 요정이라 부르며,<6E5C>뒤를 쫓아다녀요.<6E5C>나쁜 분은 아니지만...","... 저를 요정이라 부르며,<6E5C>뒤를 쫓아다녀요.<6E5C>나쁜 분은 아니지만..."
dom3Nakoruru_S07.mes,Script/dom3Nakoruru_S07.mes,10,16,주인공,むむ……すとぉかぁというやつか,으음... 스토커라는 건가,으음... 스토커라는 건가
dom3Nakoruru_S07.mes,Script/dom3Nakoruru_S07.mes,11,42,Kagura Maya,.お前、失礼だぞ~!<485C>僕は聖なる森の番人なんだ!<6E5C>妖精さんを守るのが仕事なんだぞ!,.너 무례해!<485C>난 신성한 숲의 파수꾼이야!<6E5C>요정님 지키는 게 내 일이라고!,.너 무례해!<485C>난 신성한 숲의 파수꾼이야!<6E5C>요정님 지키는 게 내 일이라고!
dom3Nakoruru_S07.mes,Script/dom3Nakoruru_S07.mes,12,35,주인공,残念だな、肉まん君.<6E5C>ナコルルは俺が守るから、<6E5C>あきらめて帰りなさい,"안됐지만, 왕만두 군.<6E5C>나코루루는 내가 지키니<6E5C>포기하고 돌아가","안됐지만, 왕만두 군.<6E5C>나코루루는 내가 지키니<6E5C>포기하고 돌아가"
dom3Nakoruru_S07.mes,Script/dom3Nakoruru_S07.mes,13,4,[효과음/내레이션],ぎゅっ,꽉,꽉
dom3Nakoruru_S07.mes,Script/dom3Nakoruru_S07.mes,14,9,Nakoruru,え……<이름:3232>さん?,...<이름:3232>씨?,...<이름:3232>씨?
dom3Nakoruru_S07.mes,Script/dom3Nakoruru_S07.mes,15,26,UNKNOWN_32,.あ~、なんてこと!<6E5C>お前、妖精さんの肩を離せ~!,".아, 이런!<6E5C>너, 요정님 어깨서 손 떼!",".아, 이런!<6E5C>너, 요정님 어깨서 손 떼!"
dom3Nakoruru_S07.mes,Script/dom3Nakoruru_S07.mes,16,9,주인공,離した方がいい?,떼야 할까?,떼야 할까?
dom3Nakoruru_S07.mes,Script/dom3Nakoruru_S07.mes,17,9,Nakoruru,いえ、そんな……,아뇨 그게...,아뇨 그게...
dom3Nakoruru_S07.mes,Script/dom3Nakoruru_S07.mes,18,17,UNKNOWN_20,.しょ~っく!そんなバカな~!?,.충격이야!그럴 리가~!?,.충격이야!그럴 리가~!?
dom3Nakoruru_S07.mes,Script/dom3Nakoruru_S07.mes,19,5,[효과음/내레이션],タタタッ,타타탓,타타탓
dom3Nakoruru_S07.mes,Script/dom3Nakoruru_S07.mes,20,21,주인공,ふぅ……行ったか.<6E5C>何だったんだあいつ?,휴... 갔나.<6E5C>뭐였지 저 녀석?,휴... 갔나.<6E5C>뭐였지 저 녀석?
dom3Nakoruru_S07.mes,Script/dom3Nakoruru_S07.mes,21,13,Nakoruru,……暑いですからね、最近,"더워서 그래요, 요즘","더워서 그래요, 요즘"
dom3Nakoruru_S07.mes,Script/dom3Nakoruru_S07.mes,22,21,주인공,ナコルルの顔が赤いのも、<6E5C>暑いからかな?,"얼굴 빨간 것도,<6E5C>더워서 그런가?","얼굴 빨간 것도,<6E5C>더워서 그런가?"
dom3Nakoruru_S07.mes,Script/dom3Nakoruru_S07.mes,23,16,Nakoruru,もう、<이름:3232>さん、いじわるですね,"정말, <이름:3232>씨, 짓궂으시네요","정말, <이름:3232>씨, 짓궂으시네요"
dom3Nakoruru_S07.mes,Script/dom3Nakoruru_S07.mes,24,10,UNKNOWN_77,……貴様を、殺ス!,"네놈, 죽인다!","네놈, 죽인다!"
dom3Nakoruru_S07.mes,Script/dom3Nakoruru_S07.mes,25,14,UNKNOWN_75,面白ぇ、かかってきやがれ!,"재밌군, 덤벼봐라!","재밌군, 덤벼봐라!"
dom3Nakoruru_S07.mes,Script/dom3Nakoruru_S07.mes,26,8,[효과음/내레이션],ガキーンッ!!,카아앙!!,카아앙!!
dom3Nakoruru_S07.mes,Script/dom3Nakoruru_S07.mes,27,20,주인공,(あれは、<6E5C>覇王丸さんと牙神幻十郎!),"(저건,<6E5C>하오마루 씨와 겐주로!)","(저건,<6E5C>하오마루 씨와 겐주로!)"
dom3Nakoruru_S07.mes,Script/dom3Nakoruru_S07.mes,28,9,UNKNOWN_1e,やめてください!,그만두세요!,그만두세요!
dom3Nakoruru_S07.mes,Script/dom3Nakoruru_S07.mes,29,6,주인공,ナコルル!,나코루루!,나코루루!
dom3Nakoruru_S07.mes,Script/dom3Nakoruru_S07.mes,30,26,주인공,(あ、あのふたりを<6E5C>止めるつもりか!?無茶だ!!),"(저, 저 둘을<6E5C>말리려는 거야!?무모해!!)","(저, 저 둘을<6E5C>말리려는 거야!?무모해!!)"
dom3Nakoruru_S07.mes,Script/dom3Nakoruru_S07.mes,31,16,UNKNOWN_77,貴様……邪魔をするなら、斬る!,"네놈, 방해하면 베겠다!","네놈, 방해하면 베겠다!"
dom3Nakoruru_S07.mes,Script/dom3Nakoruru_S07.mes,32,8,주인공,あ、危ないっ!,"아, 위험해!","아, 위험해!"
dom3Nakoruru_S07.mes,Script/dom3Nakoruru_S07.mes,33,4,[효과음/내레이션],ヒュッ,휙,휙
dom3Nakoruru_S07.mes,Script/dom3Nakoruru_S07.mes,34,5,Nakoruru,えいっ!,에잇!,에잇!
dom3Nakoruru_S07.mes,Script/dom3Nakoruru_S07.mes,35,6,[효과음/내레이션],キーンッ!,채앵!,채앵!
dom3Nakoruru_S07.mes,Script/dom3Nakoruru_S07.mes,36,5,UNKNOWN_77,ぬ……!,큭!,큭!
dom3Nakoruru_S07.mes,Script/dom3Nakoruru_S07.mes,37,22,주인공,(と、止めた?<6E5C>あの牙神幻十郎の剣を……),(막았어?<6E5C>그 겐주로의 검을...),(막았어?<6E5C>그 겐주로의 검을...)
dom3Nakoruru_S07.mes,Script/dom3Nakoruru_S07.mes,38,34,UNKNOWN_77,女の身で俺の剣を止めるか……<6E5C>面白い.<6E5C>楽しみはとっておくとしよう,여자 몸으로 내 검을 막다니...<6E5C>재밌군.<6E5C>즐거움은 아껴두지,여자 몸으로 내 검을 막다니...<6E5C>재밌군.<6E5C>즐거움은 아껴두지
dom3Nakoruru_S07.mes,Script/dom3Nakoruru_S07.mes,39,5,Nakoruru,……ふぅ,휴,휴
dom3Nakoruru_S07.mes,Script/dom3Nakoruru_S07.mes,40,21,UNKNOWN_75,ちっ、<6E5C>いいところを邪魔されちまったなぁ,"쳇,<6E5C>한창 좋을 때 방해받았네","쳇,<6E5C>한창 좋을 때 방해받았네"
dom3Nakoruru_S07.mes,Script/dom3Nakoruru_S07.mes,41,21,Nakoruru,もう!<6E5C>争いはいけませんよ、覇王丸さん!,"정말!<6E5C>싸우지 마요, 하오마루 씨!","정말!<6E5C>싸우지 마요, 하오마루 씨!"
dom3Nakoruru_S07.mes,Script/dom3Nakoruru_S07.mes,42,30,UNKNOWN_75,わ、わかったわかった.<6E5C>なるべく気をつけるよ.<6E5C>じゃあな!,"아, 알았어 알았어.<6E5C>최대한 조심할게.<6E5C>그럼 간다!","아, 알았어 알았어.<6E5C>최대한 조심할게.<6E5C>그럼 간다!"
dom3Nakoruru_S07.mes,Script/dom3Nakoruru_S07.mes,43,48,주인공,(覇王丸さんや牙神幻十郎と対等に<6E5C>渡り合えるなんて……ナコルルって<6E5C>、とんでもない女の子だな),(하오마루 씨나 겐주로와 대등하게<6E5C>맞서다니... 나코루루는<6E5C>정말 대단한 여자애구나),(하오마루 씨나 겐주로와 대등하게<6E5C>맞서다니... 나코루루는<6E5C>정말 대단한 여자애구나)
dom3Nakoruru_S08.mes,Script/dom3Nakoruru_S08.mes,0,20,주인공,(ん……?<6E5C>あれは、ナコルルと凛花か),(음?<6E5C>저건 나코루루와 린카인가),(음?<6E5C>저건 나코루루와 린카인가)
dom3Nakoruru_S08.mes,Script/dom3Nakoruru_S08.mes,1,46,Nakoruru,……あなたが持っている刀は<6E5C>真剣じゃないの?<485C>駄目よ、そんな物を振り回して<6E5C>人を傷つけては,"당신이 든 칼은<6E5C>진검 아닌가요?<485C>안 돼요, 그걸 마구 휘둘러<6E5C>사람 다치게 하면","당신이 든 칼은<6E5C>진검 아닌가요?<485C>안 돼요, 그걸 마구 휘둘러<6E5C>사람 다치게 하면"
dom3Nakoruru_S08.mes,Script/dom3Nakoruru_S08.mes,2,30,Rinka,うるさい!<6E5C>あんたが持っている刀だって、<6E5C>同じじゃないか!,"시끄러워!<6E5C>당신이 든 칼도,<6E5C>똑같잖아!","시끄러워!<6E5C>당신이 든 칼도,<6E5C>똑같잖아!"
dom3Nakoruru_S08.mes,Script/dom3Nakoruru_S08.mes,3,12,주인공,(えらい剣幕だな……),(대단한 기세네),(대단한 기세네)
dom3Nakoruru_S08.mes,Script/dom3Nakoruru_S08.mes,4,43,Nakoruru,そうね……わたしの刀も同じかも<6E5C>しれない.でも、わたしは私怨で<6E5C>振るったりはしないわ,"그렇네요... 제 칼도 같을지<6E5C>몰라요, 사사로운 원한으로<6E5C>휘두르진 않아요","그렇네요... 제 칼도 같을지<6E5C>몰라요, 사사로운 원한으로<6E5C>휘두르진 않아요"
dom3Nakoruru_S08.mes,Script/dom3Nakoruru_S08.mes,5,34,Rinka,!<020A>……あ、あんたなんかにあたし<6E5C>の気持ちなんてわからないんだよ!,!<020A>... 당신 같은 사람은 내<6E5C>마음 모른단 말이야!,!<020A>... 당신 같은 사람은 내<6E5C>마음 모른단 말이야!
dom3Nakoruru_S08.mes,Script/dom3Nakoruru_S08.mes,6,4,[효과음/내레이션],ダッ!,타닷!,타닷!
dom3Nakoruru_S08.mes,Script/dom3Nakoruru_S08.mes,7,22,Nakoruru,悲しい瞳……燃えているのに、<6E5C>冷たくて……,슬픈 눈동자... 타는데도<6E5C>차갑고...,슬픈 눈동자... 타는데도<6E5C>차갑고...
dom3Nakoruru_S08.mes,Script/dom3Nakoruru_S08.mes,8,25,주인공,(ナコルルでも、<6E5C>凛花をなだめるのは無理……か),"(나코루루도,<6E5C>린카 달래는 건 무리인가)","(나코루루도,<6E5C>린카 달래는 건 무리인가)"
dom3Nakoruru_S09.mes,Script/dom3Nakoruru_S09.mes,0,6,주인공,ナコルル?,나코루루?,나코루루?
dom3Nakoruru_S09.mes,Script/dom3Nakoruru_S09.mes,1,7,Nakoruru,……<이름:3232>さん,...<이름:3232>씨,...<이름:3232>씨
dom3Nakoruru_S09.mes,Script/dom3Nakoruru_S09.mes,2,14,주인공,どうした、何かあったのか?,"왜 그래, 무슨 일이야?","왜 그래, 무슨 일이야?"
dom3Nakoruru_S09.mes,Script/dom3Nakoruru_S09.mes,3,17,Nakoruru,いえ……何も…….<6E5C>……今はまだ,아뇨... 아무것도...<6E5C>아직,아뇨... 아무것도...<6E5C>아직
dom3Nakoruru_S09.mes,Script/dom3Nakoruru_S09.mes,4,4,주인공,今は?,지금?,지금?
dom3Nakoruru_S09.mes,Script/dom3Nakoruru_S09.mes,5,34,Nakoruru,森がざわめいています…….<6E5C>きっと、何かよくないことが<6E5C>起こる……,"숲이 술렁여요...<6E5C>분명, 안 좋은 일이<6E5C>일어날 거예요","숲이 술렁여요...<6E5C>분명, 안 좋은 일이<6E5C>일어날 거예요"
dom3Nakoruru_S09.mes,Script/dom3Nakoruru_S09.mes,6,9,주인공,よくないこと……,나쁜 일...,나쁜 일...
dom3Nakoruru_S09.mes,Script/dom3Nakoruru_S09.mes,7,25,Nakoruru,はい.<6E5C>闘わなくてはならない、<6E5C>何かが起こります,"네.<6E5C>싸워야만 하는,<6E5C>뭔가가 일어나요","네.<6E5C>싸워야만 하는,<6E5C>뭔가가 일어나요"
dom3Nakoruru_S09.mes,Script/dom3Nakoruru_S09.mes,8,12,주인공,闘うって、ナコルルが?,싸운다니 나코루루가?,싸운다니 나코루루가?
dom3Nakoruru_S09.mes,Script/dom3Nakoruru_S09.mes,9,15,Nakoruru,ええ.それがわたしの使命……,네. 그게 제 사명...,네. 그게 제 사명...
dom3Nakoruru_S09.mes,Script/dom3Nakoruru_S09.mes,10,8,주인공,ひとりで、か?,"혼자서, 야?","혼자서, 야?"
dom3Nakoruru_S09.mes,Script/dom3Nakoruru_S09.mes,11,24,Nakoruru,無関係な人を巻き込むことは……<6E5C>できませんから,무관한 사람을 끌어들일 순...<6E5C>없으니까요,무관한 사람을 끌어들일 순...<6E5C>없으니까요
dom3Nakoruru_S09.mes,Script/dom3Nakoruru_S09.mes,12,16,주인공,俺は……無関係な人間なのかな?,나는... 무관한 사람인가?,나는... 무관한 사람인가?
dom3Nakoruru_S09.mes,Script/dom3Nakoruru_S09.mes,13,3,Nakoruru,え?,네?,네?
dom3Nakoruru_S09.mes,Script/dom3Nakoruru_S09.mes,14,12,주인공,そうは、思いたくないな,그리 안 믿고 싶네,그리 안 믿고 싶네
dom3Nakoruru_S09.mes,Script/dom3Nakoruru_S09.mes,15,7,Nakoruru,<이름:3232>さん……,<이름:3232>씨...,<이름:3232>씨...
dom3Nakoruru_S09.mes,Script/dom3Nakoruru_S09.mes,16,17,Nakoruru,でも、これはわたしの使命です……,"그래도, 제 사명이에요...","그래도, 제 사명이에요..."
dom3Nakoruru_S09.mes,Script/dom3Nakoruru_S09.mes,17,23,주인공,(……いったい、<6E5C>何が起こるっていうんだ?),"(...대체,<6E5C>무슨 일이 생기는 거지?)","(...대체,<6E5C>무슨 일이 생기는 거지?)"
dom3Nakoruru_X01.mes,Script/dom3Nakoruru_X01.mes,0,14,Iroha,おはようございます、旦那様,"좋은 아침입니다, 서방님","좋은 아침입니다, 서방님"
dom3Nakoruru_X01.mes,Script/dom3Nakoruru_X01.mes,1,9,주인공,おはよう、いろは,"잘잤어, 이로하","잘잤어, 이로하"
dom3Nakoruru_X01.mes,Script/dom3Nakoruru_X01.mes,2,6,Iroha,旦那様……,서방님……,서방님……
dom3Nakoruru_X01.mes,Script/dom3Nakoruru_X01.mes,3,3,[효과음/내레이션],スッ,휙,휙
dom3Nakoruru_X01.mes,Script/dom3Nakoruru_X01.mes,4,25,주인공,ど、どうしたんだ、いろは.<6E5C>いきなり三つ指ついて,"왜 그래, 이로하.<6E5C>갑자기 절까지 하고","왜 그래, 이로하.<6E5C>갑자기 절까지 하고"
dom3Nakoruru_X01.mes,Script/dom3Nakoruru_X01.mes,5,12,Iroha,旦那様、どうかご無事で,"서방님, 부디 무사히","서방님, 부디 무사히"
dom3Nakoruru_X01.mes,Script/dom3Nakoruru_X01.mes,6,9,주인공,なんだ?いきなり,뭐야? 갑자기,뭐야? 갑자기
dom3Nakoruru_X01.mes,Script/dom3Nakoruru_X01.mes,7,36,Iroha,これから旦那様がなされようと<6E5C>していることを、<6E5C>いろはは応援しています,"이제부터 서방님이 하시려는<6E5C>일을,<6E5C>이로하는 응원해요","이제부터 서방님이 하시려는<6E5C>일을,<6E5C>이로하는 응원해요"
dom3Nakoruru_X01.mes,Script/dom3Nakoruru_X01.mes,8,32,Iroha,どうか、私を助けてくださった<6E5C>ように、この世界を救ってください,"부디, 저를 구해주셨던 것<6E5C>처럼, 이 세상을 구해주세요","부디, 저를 구해주셨던 것<6E5C>처럼, 이 세상을 구해주세요"
dom3Nakoruru_X01.mes,Script/dom3Nakoruru_X01.mes,9,11,주인공,う、うん、ありがとう,"으, 응, 고마워","으, 응, 고마워"
dom3Nakoruru_X01.mes,Script/dom3Nakoruru_X01.mes,10,31,주인공,(世界……?<6E5C>なんだかえらく話が大きく<6E5C>なってしまってるな),(세상……?<6E5C>어쩐지 이야기가 엄청<6E5C>커져버렸군),(세상……?<6E5C>어쩐지 이야기가 엄청<6E5C>커져버렸군)
dom3Nakoruru_X01.mes,Script/dom3Nakoruru_X01.mes,11,22,Iroha,大丈夫、<6E5C>旦那様なら必ず成し遂げられます!,괜찮아요.<6E5C>서방님이면 반드시 해내요!,괜찮아요.<6E5C>서방님이면 반드시 해내요!
dom3Nakoruru_X01.mes,Script/dom3Nakoruru_X01.mes,12,19,주인공,ありがとう、いろは.<6E5C>行ってくるよ!,"고마워, 이로하.<6E5C>다녀올게!","고마워, 이로하.<6E5C>다녀올게!"
dom3Nakoruru_X01.mes,Script/dom3Nakoruru_X01.mes,13,42,주인공,(木の葉のこすれ合う音もしない…<6E5C>…静かだ.山全体が何かを恐れて<6E5C>いるような……),(나뭇잎 소리도 없이<6E5C>조용해. 산 전체가 뭔가를<6E5C>두려워하는 듯……),(나뭇잎 소리도 없이<6E5C>조용해. 산 전체가 뭔가를<6E5C>두려워하는 듯……)
dom3Nakoruru_X01.mes,Script/dom3Nakoruru_X01.mes,14,6,[효과음/내레이션],ガサガサッ,바스락,바스락
dom3Nakoruru_X01.mes,Script/dom3Nakoruru_X01.mes,15,6,UNKNOWN_1e,<이름:3232>兄様!,<이름:3232>오빠!,<이름:3232>오빠!
dom3Nakoruru_X01.mes,Script/dom3Nakoruru_X01.mes,16,23,주인공,リムルルじゃないか.<6E5C>迎えに来てくれたのか?,리무루루 아니야.<6E5C>마중 나와준 거야?,리무루루 아니야.<6E5C>마중 나와준 거야?
dom3Nakoruru_X01.mes,Script/dom3Nakoruru_X01.mes,17,42,UNKNOWN_7e,姉様が最後のみそぎをしてるから、<6E5C><이름:3232>兄様がのぞかないように<6E5C>見張りに来たんだよ!,언니가 마지막 정화 의식 중이라<6E5C><이름:3232>오라버니가 못 훔쳐보게<6E5C>망보러 왔어!,언니가 마지막 정화 의식 중이라<6E5C><이름:3232>오라버니가 못 훔쳐보게<6E5C>망보러 왔어!
dom3Nakoruru_X01.mes,Script/dom3Nakoruru_X01.mes,18,19,주인공,見張りって……俺って<6E5C>信用ないんだな,감시라니……<6E5C>날 못 믿는 거군,감시라니……<6E5C>날 못 믿는 거군
dom3Nakoruru_X01.mes,Script/dom3Nakoruru_X01.mes,19,12,UNKNOWN_1e,そんなことはないですよ,그렇지 않아요,그렇지 않아요
dom3Nakoruru_X01.mes,Script/dom3Nakoruru_X01.mes,20,14,UNKNOWN_7e,姉様!みそぎは終わったの?,언니! 정화의식 끝났어?,언니! 정화의식 끝났어?
dom3Nakoruru_X01.mes,Script/dom3Nakoruru_X01.mes,21,11,Nakoruru,ええ.準備は整ったわ,"응, 준비 다 됐어","응, 준비 다 됐어"
dom3Nakoruru_X01.mes,Script/dom3Nakoruru_X01.mes,22,6,주인공,準備って?,준비라니?,준비라니?
dom3Nakoruru_X01.mes,Script/dom3Nakoruru_X01.mes,23,8,Nakoruru,闘いの準備です,싸움 준비예요,싸움 준비예요
dom3Nakoruru_X01.mes,Script/dom3Nakoruru_X01.mes,24,16,주인공,山の異変の原因がわかったのか?,산 이변 원인 알아냈어?,산 이변 원인 알아냈어?
dom3Nakoruru_X01.mes,Script/dom3Nakoruru_X01.mes,25,27,Nakoruru,はい.どうやら異界の門が<6E5C>開きかけているようなんです,"응, 아무래도 이계문이<6E5C>열리는 것 같아요","응, 아무래도 이계문이<6E5C>열리는 것 같아요"
dom3Nakoruru_X01.mes,Script/dom3Nakoruru_X01.mes,26,11,UNKNOWN_7e,姉様、異界の門って?,"언니, 이계문이란?","언니, 이계문이란?"
dom3Nakoruru_X01.mes,Script/dom3Nakoruru_X01.mes,27,50,Nakoruru,この世界と異界をつなぐ門のことよ<6E5C><485C>その門を開いた者は、大きな力を<6E5C>得ることができると言われてるの,이 세상과 이계를 잇는 문이야<6E5C><485C>그 문을 연 자는 커다란 힘을<6E5C>얻는다고 전해져,이 세상과 이계를 잇는 문이야<6E5C><485C>그 문을 연 자는 커다란 힘을<6E5C>얻는다고 전해져
dom3Nakoruru_X01.mes,Script/dom3Nakoruru_X01.mes,28,6,주인공,大きな力?,큰 힘?,큰 힘?
dom3Nakoruru_X01.mes,Script/dom3Nakoruru_X01.mes,29,21,Nakoruru,門を開いた者のどんな望みも<6E5C>叶える力です,문 연 자의 소원을<6E5C>이뤄주는 힘이에요,문 연 자의 소원을<6E5C>이뤄주는 힘이에요
dom3Nakoruru_X01.mes,Script/dom3Nakoruru_X01.mes,30,8,주인공,どんな願いも?,무슨 소원도?,무슨 소원도?
dom3Nakoruru_X01.mes,Script/dom3Nakoruru_X01.mes,31,39,Nakoruru,ええ.悪しき心の持ち主が門を<6E5C>開けば、世界を破滅させることさえ<6E5C>可能でしょう,응. 사악한 자가 문을 열면<6E5C>세상마저 멸망시킬 수 있어요,응. 사악한 자가 문을 열면<6E5C>세상마저 멸망시킬 수 있어요
dom3Nakoruru_X01.mes,Script/dom3Nakoruru_X01.mes,32,10,주인공,せ、世界を破滅!?,"세,세상 멸망!?","세,세상 멸망!?"
dom3Nakoruru_X01.mes,Script/dom3Nakoruru_X01.mes,33,27,주인공,(いろはの言ってたことが現実味を<6E5C>帯びてきたな……),(이로하 말이 현실감을<6E5C>띠기 시작했군……),(이로하 말이 현실감을<6E5C>띠기 시작했군……)
dom3Nakoruru_X01.mes,Script/dom3Nakoruru_X01.mes,34,34,UNKNOWN_7e,じゃあ、山が怖がってるのは、<6E5C>悪い人が門を開こうと<6E5C>しているから?,"그럼, 산이 무서워하는 건<6E5C>나쁜 사람이 문을 열려고<6E5C>해서야?","그럼, 산이 무서워하는 건<6E5C>나쁜 사람이 문을 열려고<6E5C>해서야?"
dom3Nakoruru_X01.mes,Script/dom3Nakoruru_X01.mes,35,28,Nakoruru,ええ…….<6E5C>早く門を閉じないと、<6E5C>大変なことになる……,그래…….<6E5C>빨리 닫지 않으면<6E5C>큰일 나……,그래…….<6E5C>빨리 닫지 않으면<6E5C>큰일 나……
dom3Nakoruru_X01.mes,Script/dom3Nakoruru_X01.mes,36,15,주인공,門の場所はわかってないのか?,문의 위치는 모르는 거야?,문의 위치는 모르는 거야?
dom3Nakoruru_X01.mes,Script/dom3Nakoruru_X01.mes,37,11,Nakoruru,はい、残念ながら……,"네, 안타깝게도……","네, 안타깝게도……"
dom3Nakoruru_X01.mes,Script/dom3Nakoruru_X01.mes,38,33,주인공,そうか.<6E5C>じゃあ、まずは門を探すところから<6E5C>始めないといけないな,"그렇군.<6E5C>그럼, 우선 문을 찾는 것부터<6E5C>시작해야겠군","그렇군.<6E5C>그럼, 우선 문을 찾는 것부터<6E5C>시작해야겠군"
dom3Nakoruru_X01.mes,Script/dom3Nakoruru_X01.mes,39,50,Nakoruru,この町へ来てまだ日の浅いわたした<6E5C>ちではわからないことも、町の人に<6E5C>閉けば何かわかるかもしれません,이 마을에 온 지 얼마 안 됐으니<6E5C>마을 사람들에게 물으면<6E5C>뭔가 알 수 있을지도 몰라요,이 마을에 온 지 얼마 안 됐으니<6E5C>마을 사람들에게 물으면<6E5C>뭔가 알 수 있을지도 몰라요
dom3Nakoruru_X01.mes,Script/dom3Nakoruru_X01.mes,40,15,주인공,よし、とにかく町へ降りよう!,"좋아, 마을로 내려가자!","좋아, 마을로 내려가자!"
dom3Nakoruru_X01.mes,Script/dom3Nakoruru_X01.mes,41,4,Nakoruru,はい!,네!,네!
dom3Nakoruru_X01.mes,Script/dom3Nakoruru_X01.mes,42,29,Iroha,あら、旦那様.どうしたんです?<6E5C>おなかが空いたんですか?,"어머, 서방님. 무슨 일이세요?<6E5C>배가 고프신가요?","어머, 서방님. 무슨 일이세요?<6E5C>배가 고프신가요?"
dom3Nakoruru_X01.mes,Script/dom3Nakoruru_X01.mes,43,13,주인공,いや、そうじゃなくて……,"아니, 그게 아니라……","아니, 그게 아니라……"
dom3Nakoruru_X01.mes,Script/dom3Nakoruru_X01.mes,44,40,Iroha,あ!もしかしてサボりですか?<6E5C>ダメですよ.ごはんはお仕事が<6E5C>終わってからです!,아! 혹시 농땡이 부리시는 건가요?<6E5C>안 돼요. 밥은 일이<6E5C>끝난 뒤예요!,아! 혹시 농땡이 부리시는 건가요?<6E5C>안 돼요. 밥은 일이<6E5C>끝난 뒤예요!
dom3Nakoruru_X01.mes,Script/dom3Nakoruru_X01.mes,45,16,주인공,いやいや、だからそうじゃなくて,"아니, 그게 아니라니까","아니, 그게 아니라니까"
dom3Nakoruru_X01.mes,Script/dom3Nakoruru_X01.mes,46,14,Iroha,ほら、早く行ってください!,"자, 어서 가세요!","자, 어서 가세요!"
dom3Nakoruru_X01.mes,Script/dom3Nakoruru_X01.mes,47,15,주인공,お、押すなよ、わかったから!,"밀지 마, 알았다니까!","밀지 마, 알았다니까!"
dom3Nakoruru_X01.mes,Script/dom3Nakoruru_X01.mes,48,9,UNKNOWN_1e,OH!ナコルル!,OH!나코루루!,OH!나코루루!
dom3Nakoruru_X01.mes,Script/dom3Nakoruru_X01.mes,49,12,Nakoruru,あ……ガルフォードさん,아…… 갈포드 씨,아…… 갈포드 씨
dom3Nakoruru_X01.mes,Script/dom3Nakoruru_X01.mes,50,19,주인공,(ま、またこの派手な忍者か……!<6E5C>),(또 저 화려한 닌자인가……!<6E5C>),(또 저 화려한 닌자인가……!<6E5C>)
dom3Nakoruru_X01.mes,Script/dom3Nakoruru_X01.mes,51,29,UNKNOWN_7f,<060C>HIT!……ナコルル、キミは<6E5C>ここで何をしてるんだい?,"<060C>HIT!…나코루루, 넌<6E5C>여기서 뭐 하는 거야?","<060C>HIT!…나코루루, 넌<6E5C>여기서 뭐 하는 거야?"
dom3Nakoruru_X01.mes,Script/dom3Nakoruru_X01.mes,52,12,주인공,もちろん、俺とでぇとだ,당연히 나랑 데이트다,당연히 나랑 데이트다
dom3Nakoruru_X01.mes,Script/dom3Nakoruru_X01.mes,53,7,Nakoruru,<이름:3232>さんっ!,<이름:3232> 씨!,<이름:3232> 씨!
dom3Nakoruru_X01.mes,Script/dom3Nakoruru_X01.mes,54,33,UNKNOWN_7f,N○ォォォ!!そんなバカな!?<6E5C>キミは純潔の巫女だったはすじゃ!,노오오오!! 그럴 리가!?<6E5C>넌 순결한 무녀였을 텐데!,노오오오!! 그럴 리가!?<6E5C>넌 순결한 무녀였을 텐데!
dom3Nakoruru_X01.mes,Script/dom3Nakoruru_X01.mes,55,15,Nakoruru,あ、あの、ガルフォードさん?,"저, 저기, 갈포드 씨?","저, 저기, 갈포드 씨?"
dom3Nakoruru_X01.mes,Script/dom3Nakoruru_X01.mes,56,52,UNKNOWN_7f,OH<020A>MY<020A>GOD…….<6E5C>オレは身を退くしかないのか<485C>くっそぉ、あの地平線に向かって<6E5C>走るぞ、パピィ!,"OH<020A>MY<020A>GOD…….<6E5C>나는 물러날 수밖에 없나<485C>젠장, 저 지평선을 향해<6E5C>달리자, 포피!","OH<020A>MY<020A>GOD…….<6E5C>나는 물러날 수밖에 없나<485C>젠장, 저 지평선을 향해<6E5C>달리자, 포피!"
dom3Nakoruru_X01.mes,Script/dom3Nakoruru_X01.mes,57,6,Kaidou, ワンッ!,멍!,멍!
dom3Nakoruru_X01.mes,Script/dom3Nakoruru_X01.mes,58,4,[효과음/내레이션],ダダッ,다다닥,다다닥
dom3Nakoruru_X01.mes,Script/dom3Nakoruru_X01.mes,59,5,Nakoruru,あ……!,아……!,아……!
dom3Nakoruru_X01.mes,Script/dom3Nakoruru_X01.mes,60,8,주인공,行っちゃったね,가버렸네,가버렸네
dom3Nakoruru_X01.mes,Script/dom3Nakoruru_X01.mes,61,22,Nakoruru,もう、どうしてあんなこと<6E5C>言ったんですか?,"정말, 왜 그런 말을<6E5C>하신 거예요?","정말, 왜 그런 말을<6E5C>하신 거예요?"
dom3Nakoruru_X01.mes,Script/dom3Nakoruru_X01.mes,62,25,주인공,それは……俺がナコルルのことを…<6E5C>…ゴニョゴニョ,그건…… 내가 나코루루를…<6E5C>…우물우물,그건…… 내가 나코루루를…<6E5C>…우물우물
dom3Nakoruru_X01.mes,Script/dom3Nakoruru_X01.mes,63,7,Nakoruru,<이름:3232>さん……,<이름:3232> 씨……,<이름:3232> 씨……
dom3Nakoruru_X01.mes,Script/dom3Nakoruru_X01.mes,64,21,주인공,さ、さあ、<6E5C>他の人にも話を閉きに行こう!,"자, <6E5C>다른 사람들에게도 물어보자!","자, <6E5C>다른 사람들에게도 물어보자!"
dom3Nakoruru_X01.mes,Script/dom3Nakoruru_X01.mes,65,8,Shino,いらっしゃい!,어서 오세요!,어서 오세요!
dom3Nakoruru_X01.mes,Script/dom3Nakoruru_X01.mes,66,23,주인공,詩乃さんに、<6E5C>ちょっと閉きたいことがあるんだ,"시노 씨에게,<6E5C>좀 물어보고 싶은 게 있어","시노 씨에게,<6E5C>좀 물어보고 싶은 게 있어"
dom3Nakoruru_X01.mes,Script/dom3Nakoruru_X01.mes,67,8,Shino,閉きたいこと?,물을 거?,물을 거?
dom3Nakoruru_X01.mes,Script/dom3Nakoruru_X01.mes,68,25,주인공,うん.最近、この町で変わった<6E5C>ことってないかな?,응. 요즘 이 마을에 달라진<6E5C>일 없었어?,응. 요즘 이 마을에 달라진<6E5C>일 없었어?
dom3Nakoruru_X01.mes,Script/dom3Nakoruru_X01.mes,69,9,Shino,変わったこと?<6E5C>寺,달라진 거?<6E5C>음,달라진 거?<6E5C>음
dom3Nakoruru_X01.mes,Script/dom3Nakoruru_X01.mes,70,17,Shino,きゅうりが値上がりしたこととか?,오이 값이 오른 거라던가?,오이 값이 오른 거라던가?
dom3Nakoruru_X01.mes,Script/dom3Nakoruru_X01.mes,71,27,주인공,いや、そんなことじゃなくて、<6E5C>もっと大きな変化が……,"아니, 그런 게 아니라,<6E5C>더 큰 변화가……","아니, 그런 게 아니라,<6E5C>더 큰 변화가……"
dom3Nakoruru_X01.mes,Script/dom3Nakoruru_X01.mes,72,21,Shino,そんなこと?<6E5C>こっちは死活問題なんだよ!,그런 거?<6E5C>이쪽은 사활 문제라고!,그런 거?<6E5C>이쪽은 사활 문제라고!
dom3Nakoruru_X01.mes,Script/dom3Nakoruru_X01.mes,73,28,주인공,わ、悪かったよ.<6E5C>特にないならいいんだ.<6E5C>お邪魔したね,"미, 미안해.<6E5C>딱히 없으면 됐어.<6E5C>방해했네","미, 미안해.<6E5C>딱히 없으면 됐어.<6E5C>방해했네"
dom3Nakoruru_X01.mes,Script/dom3Nakoruru_X01.mes,74,12,Shino,あ……ちょっと待って!,아…… 잠깐 기다려!,아…… 잠깐 기다려!
dom3Nakoruru_X01.mes,Script/dom3Nakoruru_X01.mes,75,3,주인공,え?,어?,어?
dom3Nakoruru_X01.mes,Script/dom3Nakoruru_X01.mes,76,63,Shino,変わったことといえば、ここの<6E5C>ところ色さんの姿を見かけないよ<485C>蜜蜂屋の方にも顔を出してないみた<6E5C>いだし、どうしたんだろうねぇ,"달라진 거라면, 요즘<6E5C>시키 씨 모습이 안 보이던데<485C>꿀벌집 쪽에도 얼굴을 안 비쳤다는<6E5C>것 같고, 무슨 일일까","달라진 거라면, 요즘<6E5C>시키 씨 모습이 안 보이던데<485C>꿀벌집 쪽에도 얼굴을 안 비쳤다는<6E5C>것 같고, 무슨 일일까"
dom3Nakoruru_X01.mes,Script/dom3Nakoruru_X01.mes,77,6,주인공,色さんが?,시키가?,시키가?
dom3Nakoruru_X01.mes,Script/dom3Nakoruru_X01.mes,78,40,Shino,タチの悪い連中といっしょにいる<6E5C>ところを見たって話も閉くし、<6E5C>ちょっと心配だね,"질 나쁜 무리와 함께 있는<6E5C>걸 봤다는 얘기도 들리고,<6E5C>좀 걱정되네","질 나쁜 무리와 함께 있는<6E5C>걸 봤다는 얘기도 들리고,<6E5C>좀 걱정되네"
dom3Nakoruru_X01.mes,Script/dom3Nakoruru_X01.mes,79,14,주인공,そうか……どうしたんだろう,그렇구나…… 무슨 일일까,그렇구나…… 무슨 일일까
dom3Nakoruru_X01.mes,Script/dom3Nakoruru_X01.mes,80,31,Saya,アラ、<이름:3232>ちゃんじゃないの.<6E5C>カワイイ子を連れて何してるの?,"어머, <이름:3232> 아니니.<6E5C>귀여운 애 데리고 뭐 하는 거야?","어머, <이름:3232> 아니니.<6E5C>귀여운 애 데리고 뭐 하는 거야?"
dom3Nakoruru_X01.mes,Script/dom3Nakoruru_X01.mes,81,29,주인공,ちょっとこの町に詳しい人に、<6E5C>話を閉いて回ってるんですよ,이 마을 잘 아는 사람에게<6E5C>이것저것 묻고 다녀요,이 마을 잘 아는 사람에게<6E5C>이것저것 묻고 다녀요
dom3Nakoruru_X01.mes,Script/dom3Nakoruru_X01.mes,82,27,Saya,夜景のきれいなデートスポットでも<6E5C>探してるのかしら?,야경이 예쁜 데이트 장소라도<6E5C>찾고 있는 건가?,야경이 예쁜 데이트 장소라도<6E5C>찾고 있는 건가?
dom3Nakoruru_X01.mes,Script/dom3Nakoruru_X01.mes,83,33,주인공,違いますよ!<6E5C>最近この近くで何か<6E5C>変わったことがなかったかと……,아니에요!<6E5C>요즘 이 근처에 뭔가<6E5C>달라진 게 없었나 해서요,아니에요!<6E5C>요즘 이 근처에 뭔가<6E5C>달라진 게 없었나 해서요
dom3Nakoruru_X01.mes,Script/dom3Nakoruru_X01.mes,84,7,Ukyo,……異変……,……이변……,……이변……
dom3Nakoruru_X01.mes,Script/dom3Nakoruru_X01.mes,85,17,주인공,右京さん、何か知ってるんですか?,"우쿄 씨, 뭔가 알고 계세요?","우쿄 씨, 뭔가 알고 계세요?"
dom3Nakoruru_X01.mes,Script/dom3Nakoruru_X01.mes,86,22,Ukyo,悪しき気が……満ちている……う、<6E5C>ゴホゴホ,"사악한 기운이 가득해……큭,<6E5C>콜록콜록","사악한 기운이 가득해……큭,<6E5C>콜록콜록"
dom3Nakoruru_X01.mes,Script/dom3Nakoruru_X01.mes,87,24,Saya,<이름:3232>ちゃん、悪いけど、<6E5C>今日はこのへんで……ネ,"<이름:3232>야, 미안한데<6E5C>오늘은 여기까지","<이름:3232>야, 미안한데<6E5C>오늘은 여기까지"
dom3Nakoruru_X01.mes,Script/dom3Nakoruru_X01.mes,88,19,주인공,あ……はい.<6E5C>右京さん、お大事に……,아…… 네.<6E5C>우쿄씨 몸조리하세요,아…… 네.<6E5C>우쿄씨 몸조리하세요
dom3Nakoruru_X01.mes,Script/dom3Nakoruru_X01.mes,89,15,Rinka,今日こそ、決着をつけてやる!,오늘은 끝장내주마!,오늘은 끝장내주마!
dom3Nakoruru_X01.mes,Script/dom3Nakoruru_X01.mes,90,24,UNKNOWN_74,上等じゃねぇか!<6E5C>ガキだからって容赦しねぇぞ!,좋다 이거지!<6E5C>애새끼라고 봐주지 않는다!,좋다 이거지!<6E5C>애새끼라고 봐주지 않는다!
dom3Nakoruru_X01.mes,Script/dom3Nakoruru_X01.mes,91,27,주인공,(う……とても話を閉けるような<6E5C>状況じゃないな……),(윽…… 물어볼 상황이<6E5C>아니군……),(윽…… 물어볼 상황이<6E5C>아니군……)
dom3Nakoruru_X01.mes,Script/dom3Nakoruru_X01.mes,92,23,UNKNOWN_75,おう、<이름:3232>じゃねぇか.<6E5C>神妙な顔してどうした,"오, <이름:3232> 아니냐.<6E5C>왜 그리 심각해","오, <이름:3232> 아니냐.<6E5C>왜 그리 심각해"
dom3Nakoruru_X01.mes,Script/dom3Nakoruru_X01.mes,93,44,주인공,ちょっとお閉きしたいことが<6E5C>あって…….最近、この町で何か<6E5C>変わったことはないですか?,잠깐 여쭤볼 게<6E5C>있어서요. 요즘 이 마을에 뭔가<6E5C>달라진 일 없나요?,잠깐 여쭤볼 게<6E5C>있어서요. 요즘 이 마을에 뭔가<6E5C>달라진 일 없나요?
dom3Nakoruru_X01.mes,Script/dom3Nakoruru_X01.mes,94,37,UNKNOWN_75,変わったこと…….<6E5C>うーむ……この町じゃ普通のことの<6E5C>方が少ねぇからなぁ,달라진 일……<6E5C>이 마을엔 평범한 일이<6E5C>더 드무니까 말이야,달라진 일……<6E5C>이 마을엔 평범한 일이<6E5C>더 드무니까 말이야
dom3Nakoruru_X01.mes,Script/dom3Nakoruru_X01.mes,95,10,주인공,(た、確かに……),"(하, 하긴……)","(하, 하긴……)"
dom3Nakoruru_X01.mes,Script/dom3Nakoruru_X01.mes,96,16,UNKNOWN_75,命、何か耳にしたことはないか?,"미코토, 들은 거 없어?","미코토, 들은 거 없어?"
dom3Nakoruru_X01.mes,Script/dom3Nakoruru_X01.mes,97,35,Mikoto,いえ……わたくしはあまり外を<6E5C>出歩くこともないので……<6E5C>ごめんなさい,아뇨…… 저는 그다지 밖을<6E5C>나다니지 않아서……<6E5C>죄송해요,아뇨…… 저는 그다지 밖을<6E5C>나다니지 않아서……<6E5C>죄송해요
dom3Nakoruru_X01.mes,Script/dom3Nakoruru_X01.mes,98,28,주인공,そんな謝らないでください.<6E5C>何もないのが一番なんだから,그렇게 사과 마세요.<6E5C>아무 일 없는 게 최고니까요,그렇게 사과 마세요.<6E5C>아무 일 없는 게 최고니까요
dom3Nakoruru_X01.mes,Script/dom3Nakoruru_X01.mes,99,15,UNKNOWN_75,何か厄介ごとを抱えてんのか?,골치 아픈 일 있냐?,골치 아픈 일 있냐?
dom3Nakoruru_X01.mes,Script/dom3Nakoruru_X01.mes,100,6,주인공,それは……,그건……,그건……
dom3Nakoruru_X01.mes,Script/dom3Nakoruru_X01.mes,101,7,Mikoto,<이름:3131>様……?,<이름:3131>님……?,<이름:3131>님……?
dom3Nakoruru_X01.mes,Script/dom3Nakoruru_X01.mes,102,39,UNKNOWN_75,……まぁいい.<6E5C>男なら、しっかり胸に秘めて語らぬ<6E5C>想いってのがあってもいい!,됐다.<6E5C>사내라면 말 못 할<6E5C>마음 하나쯤 있어도 되지!,됐다.<6E5C>사내라면 말 못 할<6E5C>마음 하나쯤 있어도 되지!
dom3Nakoruru_X01.mes,Script/dom3Nakoruru_X01.mes,103,40,UNKNOWN_75,だがな、<이름:3232>.<6E5C>もし力を貸してほしいことがあれば<6E5C>、いつでも遠慮なく言ってこい,"하지만, <이름:3232>.<6E5C>힘이 필요하면<6E5C>언제든 말해라","하지만, <이름:3232>.<6E5C>힘이 필요하면<6E5C>언제든 말해라"
dom3Nakoruru_X01.mes,Script/dom3Nakoruru_X01.mes,104,24,UNKNOWN_75,俺も命も、お前の頼みなら喜んで<6E5C>協力するからな,나도 미코토도 기꺼이<6E5C>도와줄게,나도 미코토도 기꺼이<6E5C>도와줄게
dom3Nakoruru_X01.mes,Script/dom3Nakoruru_X01.mes,105,16,주인공,はい……ありがとうございます!,네…… 감사합니다!,네…… 감사합니다!
dom3Nakoruru_X01.mes,Script/dom3Nakoruru_X01.mes,106,21,UNKNOWN_7e,あれ、どうしたの?<6E5C>お仕事はもう終わり?,어? 무슨 일이야?<6E5C>벌써 끝났어?,어? 무슨 일이야?<6E5C>벌써 끝났어?
dom3Nakoruru_X01.mes,Script/dom3Nakoruru_X01.mes,107,7,주인공,いや、まだだ,"아니, 아직","아니, 아직"
dom3Nakoruru_X01.mes,Script/dom3Nakoruru_X01.mes,108,36,Nakoruru,<이름:3232>さん、今こうしている間にも<6E5C>異界への門は少しずつ<6E5C>開いているんです,"<이름:3232>씨, 지금도<6E5C>이계문은 조금씩<6E5C>열리고 있어요","<이름:3232>씨, 지금도<6E5C>이계문은 조금씩<6E5C>열리고 있어요"
dom3Nakoruru_X01.mes,Script/dom3Nakoruru_X01.mes,109,19,Nakoruru,手遅れになる前に、<6E5C>見つけ出さないと,"늦어버리기 전에,<6E5C>찾아내야만 해요","늦어버리기 전에,<6E5C>찾아내야만 해요"
dom3Nakoruru_X01.mes,Script/dom3Nakoruru_X01.mes,110,13,주인공,そ、そうだったな.ごめん,"그, 그랬었지. 미안","그, 그랬었지. 미안"
dom3Nakoruru_X01.mes,Script/dom3Nakoruru_X01.mes,111,3,Mina,……,……,……
dom3Nakoruru_X01.mes,Script/dom3Nakoruru_X01.mes,112,13,주인공,ミナ、ちょっといいかな?,"미나, 잠깐 괜찮을까?","미나, 잠깐 괜찮을까?"
dom3Nakoruru_X01.mes,Script/dom3Nakoruru_X01.mes,113,5,Mina,……何?,……뭐?,……뭐?
dom3Nakoruru_X01.mes,Script/dom3Nakoruru_X01.mes,114,20,주인공,最近、<6E5C>この辺で変わったことはないか?,"요즘,<6E5C>이 근처 달라진 거 없어?","요즘,<6E5C>이 근처 달라진 거 없어?"
dom3Nakoruru_X01.mes,Script/dom3Nakoruru_X01.mes,115,10,Mina,……変わったこと?,……달라진 거?,……달라진 거?
dom3Nakoruru_X01.mes,Script/dom3Nakoruru_X01.mes,116,4,UNKNOWN_7b,ミナー,미나~,미나~
dom3Nakoruru_X01.mes,Script/dom3Nakoruru_X01.mes,117,14,Mina,そう……そうね、チャンプル,"그래…… 그렇네, 챤푸루","그래…… 그렇네, 챤푸루"
dom3Nakoruru_X01.mes,Script/dom3Nakoruru_X01.mes,118,4,주인공,ミナ?,미나?,미나?
dom3Nakoruru_X01.mes,Script/dom3Nakoruru_X01.mes,119,25,Mina,山の奥……あの方向から、<6E5C>かすかな邪気を感じるわ,산속 저 방향에서<6E5C>희미한 사기가 느껴져,산속 저 방향에서<6E5C>희미한 사기가 느껴져
dom3Nakoruru_X01.mes,Script/dom3Nakoruru_X01.mes,120,21,Nakoruru,私たちが募らしてるところの<6E5C>反対側ですね,저희가 살고 있는 곳의<6E5C>반대편이네요,저희가 살고 있는 곳의<6E5C>반대편이네요
dom3Nakoruru_X01.mes,Script/dom3Nakoruru_X01.mes,121,16,주인공,町の正反対か……えらい山奥だな,"정반대라, 깊은 산이군","정반대라, 깊은 산이군"
dom3Nakoruru_X01.mes,Script/dom3Nakoruru_X01.mes,122,39,Mina,ひどく不安定で……かすかな邪気<6E5C>だけど、少しずつ大きなものに<6E5C>なっている……,불안정해서…… 희미하지만<6E5C>점점 커지고<6E5C>있어……,불안정해서…… 희미하지만<6E5C>점점 커지고<6E5C>있어……
dom3Nakoruru_X01.mes,Script/dom3Nakoruru_X01.mes,123,5,Nakoruru,<이름:3232>さん,<이름:3232> 씨,<이름:3232> 씨
dom3Nakoruru_X01.mes,Script/dom3Nakoruru_X01.mes,124,26,주인공,うん、急ごう.手遅れになる前に.<6E5C>ミナ、ありがとう,"응, 서두르자. 늦기 전에.<6E5C>미나, 고마워","응, 서두르자. 늦기 전에.<6E5C>미나, 고마워"
dom3Nakoruru_X01.mes,Script/dom3Nakoruru_X01.mes,125,3,Mina,……,……,……
dom3Nakoruru_X01.mes,Script/dom3Nakoruru_X01.mes,126,37,Nakoruru,<이름:3232>さん、もうここには何も<6E5C>ありませんよ.<6E5C>早く他のところへ行きましょう,"<이름:3232> 씨, 이제 여기엔 아무것도<6E5C>없어요.<6E5C>어서 다른 곳으로 가요","<이름:3232> 씨, 이제 여기엔 아무것도<6E5C>없어요.<6E5C>어서 다른 곳으로 가요"
dom3Nakoruru_X01.mes,Script/dom3Nakoruru_X01.mes,127,7,주인공,……そうだな,……그렇군,……그렇군
dom3Nakoruru_X01.mes,Script/dom3Nakoruru_X01.mes,128,28,주인공,う~ん、手がかりがつかめないなぁ<6E5C>.しんどくなってきた,"으음, 단서를 못 잡겠네<6E5C>. 슬슬 지쳐가는걸","으음, 단서를 못 잡겠네<6E5C>. 슬슬 지쳐가는걸"
dom3Nakoruru_X01.mes,Script/dom3Nakoruru_X01.mes,129,23,Nakoruru,……ごめんなさい、<이름:3232>さん.<6E5C>わたしのせいで,"……미안해요, <이름:3232> 씨.<6E5C>저 때문에","……미안해요, <이름:3232> 씨.<6E5C>저 때문에"
dom3Nakoruru_X01.mes,Script/dom3Nakoruru_X01.mes,130,23,주인공,え?そんなことないよ!<6E5C>まだまだ平気だって!,어? 그렇지 않아!<6E5C>아직 끄떡없어!,어? 그렇지 않아!<6E5C>아직 끄떡없어!
dom3Nakoruru_X01.mes,Script/dom3Nakoruru_X01.mes,131,41,Nakoruru,これ以上は、もうわたしひとりで<6E5C>結構です.<이름:3232>さんは、<6E5C>帰って休んでください……,"더 이상은, 이제 저 혼자서도<6E5C>충분해요. <이름:3232> 씨는,<6E5C>돌아가서 쉬세요……","더 이상은, 이제 저 혼자서도<6E5C>충분해요. <이름:3232> 씨는,<6E5C>돌아가서 쉬세요……"
dom3Nakoruru_X01.mes,Script/dom3Nakoruru_X01.mes,132,3,[효과음/내레이션],タッ,탁,탁
dom3Nakoruru_X01.mes,Script/dom3Nakoruru_X01.mes,133,12,주인공,え!そんな、ナコルル!,"어!그런, 나코루루!","어!그런, 나코루루!"
dom3Nakoruru_X01.mes,Script/dom3Nakoruru_X01.mes,134,16,Nakoruru,貴重な手がかりが得られましたね,귀중한 단서를 얻었네요,귀중한 단서를 얻었네요
dom3Nakoruru_X01.mes,Script/dom3Nakoruru_X01.mes,135,28,주인공,ああ、そうだな.<6E5C>あとは門を見つけて、<6E5C>封印するだけだ,그래.<6E5C>이제 문 찾아서<6E5C>봉인만 하면 돼,그래.<6E5C>이제 문 찾아서<6E5C>봉인만 하면 돼
dom3Nakoruru_X01.mes,Script/dom3Nakoruru_X01.mes,136,30,Nakoruru,それにしても、誰があんな危険な<6E5C>門を開こうとしてるのかしら,"그나저나, 누가 저런 위험한<6E5C>문을 열려는 걸까요","그나저나, 누가 저런 위험한<6E5C>문을 열려는 걸까요"
dom3Nakoruru_X01.mes,Script/dom3Nakoruru_X01.mes,137,8,주인공,う~ん……ん?,으음…… 응?,으음…… 응?
dom3Nakoruru_X01.mes,Script/dom3Nakoruru_X01.mes,138,17,주인공,(あそこにいるのは……色さん?),(저기 있는 건 시키씨?),(저기 있는 건 시키씨?)
dom3Nakoruru_X01.mes,Script/dom3Nakoruru_X01.mes,139,42,주인공,色さん、どこへ行ってたんですか?<6E5C>最近見かけないって、詩乃さんが<6E5C>心配してましたよ,"시키 씨, 어디 갔었어요?<6E5C>요즘 안 보인다고 시노 씨가<6E5C>걱정했어요","시키 씨, 어디 갔었어요?<6E5C>요즘 안 보인다고 시노 씨가<6E5C>걱정했어요"
dom3Nakoruru_X01.mes,Script/dom3Nakoruru_X01.mes,140,13,Shiki,……私を連れて行って……,……날 데려가 줘요……,……날 데려가 줘요……
dom3Nakoruru_X01.mes,Script/dom3Nakoruru_X01.mes,141,35,주인공,色さん?よくわからないけど、<6E5C>いっしょにむささび屋に<6E5C>行きましょうか,"시키 씨? 잘은 모르겠지만,<6E5C>같이 날다람쥐집에<6E5C>가볼까요","시키 씨? 잘은 모르겠지만,<6E5C>같이 날다람쥐집에<6E5C>가볼까요"
dom3Nakoruru_X01.mes,Script/dom3Nakoruru_X01.mes,142,5,UNKNOWN_1e,……待て,……멈춰,……멈춰
dom3Nakoruru_X01.mes,Script/dom3Nakoruru_X01.mes,143,10,주인공,だ、誰だ、お前は?,"누구냐, 넌?","누구냐, 넌?"
dom3Nakoruru_X01.mes,Script/dom3Nakoruru_X01.mes,144,32,UNKNOWN_8e,その女は我のもの……我の鍵……<6E5C>貴様ごときが触れることは許さぬ,"그 여자는 내 것, 내 열쇠……<6E5C>네놈이 손댈 순 없다","그 여자는 내 것, 내 열쇠……<6E5C>네놈이 손댈 순 없다"
dom3Nakoruru_X01.mes,Script/dom3Nakoruru_X01.mes,145,12,주인공,な、何を言ってるんだ?,무슨 소리야?,무슨 소리야?
dom3Nakoruru_X01.mes,Script/dom3Nakoruru_X01.mes,146,12,UNKNOWN_8e,さあ、色.我の元へ……,"자, 시키. 내게로","자, 시키. 내게로"
dom3Nakoruru_X01.mes,Script/dom3Nakoruru_X01.mes,147,14,Shiki,うっ…….<6E5C>はい……ユガ様,윽…….<6E5C>네…… 유가 님,윽…….<6E5C>네…… 유가 님
dom3Nakoruru_X01.mes,Script/dom3Nakoruru_X01.mes,148,8,주인공,し、色さん!?,"시, 시키!?","시, 시키!?"
dom3Nakoruru_X01.mes,Script/dom3Nakoruru_X01.mes,149,5,[효과음/내레이션],スッ……,스윽……,스윽……
dom3Nakoruru_X01.mes,Script/dom3Nakoruru_X01.mes,150,14,주인공,……いったい、なんなんだ?,"……대체, 뭐였던 거지?","……대체, 뭐였던 거지?"
dom3Nakoruru_X01.mes,Script/dom3Nakoruru_X01.mes,151,17,Nakoruru,何か様子がおかしかったですね……,뭔가 상태가 이상했어요……,뭔가 상태가 이상했어요……
dom3Nakoruru_X01.mes,Script/dom3Nakoruru_X01.mes,152,5,주인공,うん……,응……,응……
dom3Nakoruru_X01.mes,Script/dom3Nakoruru_X01.mes,153,8,Nakoruru,どうしますか?,어떡할래요?,어떡할래요?
dom3Nakoruru_X01.mes,Script/dom3Nakoruru_X01.mes,154,3,주인공,え?,어?,어?
dom3Nakoruru_X01.mes,Script/dom3Nakoruru_X01.mes,155,22,Nakoruru,あの人のことが心配なんでしょ、<6E5C><이름:3232>さん?,"그 사람이 걱정되시는 거죠,<6E5C><이름:3232> 씨?","그 사람이 걱정되시는 거죠,<6E5C><이름:3232> 씨?"
dom3Nakoruru_X01.mes,Script/dom3Nakoruru_X01.mes,156,22,주인공,うん……でも、<6E5C>今は門を封印するのが先だし,응…… 근데<6E5C>지금은 문 봉인이 먼저야,응…… 근데<6E5C>지금은 문 봉인이 먼저야
dom3Nakoruru_X01.mes,Script/dom3Nakoruru_X01.mes,157,29,Nakoruru,門……そういえば、<6E5C>今の人が気になることを<6E5C>言ってました,문…… 그러고 보니<6E5C>그 사람이 이상한 말을<6E5C>했어요,문…… 그러고 보니<6E5C>그 사람이 이상한 말을<6E5C>했어요
dom3Nakoruru_X01.mes,Script/dom3Nakoruru_X01.mes,158,15,주인공,ああ.色さんが自分の鍵だとか,"아, 시키가 자기 열쇠래","아, 시키가 자기 열쇠래"
dom3Nakoruru_X01.mes,Script/dom3Nakoruru_X01.mes,159,16,Nakoruru,まさか、あの人が門を開こうと?,설마 그 사람이 문을?,설마 그 사람이 문을?
dom3Nakoruru_X01.mes,Script/dom3Nakoruru_X01.mes,160,44,주인공,気になるな…….<6E5C>とにかく、早く門を見つけないと<485C>明日の朝から山の奥を<6E5C>探索してみよう,신경 쓰이네…….<6E5C>어서 문을 찾아야 해<485C>내일 아침 산속을<6E5C>탐색해보자,신경 쓰이네…….<6E5C>어서 문을 찾아야 해<485C>내일 아침 산속을<6E5C>탐색해보자
dom3Nakoruru_X01.mes,Script/dom3Nakoruru_X01.mes,161,16,Nakoruru,そうですね.それではまた、明日,"그러네요. 그럼 또, 내일","그러네요. 그럼 또, 내일"
dom3Nakoruru_X01.mes,Script/dom3Nakoruru_X01.mes,162,10,주인공,あ、ナコルル……!,"아, 나코루루!","아, 나코루루!"
dom3Nakoruru_X01.mes,Script/dom3Nakoruru_X01.mes,163,3,Nakoruru,え?,어?,어?
dom3Nakoruru_X01.mes,Script/dom3Nakoruru_X01.mes,164,4,[효과음/내레이션],ギュッ,꽉,꽉
dom3Nakoruru_X01.mes,Script/dom3Nakoruru_X01.mes,165,10,Nakoruru,!<020A><이름:3232>さん……?,!<020A><이름:3232> 씨……?,!<020A><이름:3232> 씨……?
dom3Nakoruru_X01.mes,Script/dom3Nakoruru_X01.mes,166,43,주인공,ごめん.その、俺はナコルルの<6E5C>ことが大事で、できれば危険な目に<6E5C>遭わせたくないと……,미안. 난 나코루루가<6E5C>소중해서 위험한 일을<6E5C>겪게 하기 싫었어……,미안. 난 나코루루가<6E5C>소중해서 위험한 일을<6E5C>겪게 하기 싫었어……
dom3Nakoruru_X01.mes,Script/dom3Nakoruru_X01.mes,167,7,Nakoruru,<이름:3232>さん……,<이름:3232> 씨……,<이름:3232> 씨……
dom3Nakoruru_X01.mes,Script/dom3Nakoruru_X01.mes,168,3,[효과음/내레이션],パッ,탁,탁
dom3Nakoruru_X01.mes,Script/dom3Nakoruru_X01.mes,169,9,주인공,あ……ナコルル?,"아, 나코루루?","아, 나코루루?"
dom3Nakoruru_X01.mes,Script/dom3Nakoruru_X01.mes,170,37,Nakoruru,……ダメです.<6E5C>わたしは……巫女として生きること<6E5C>を宿命づけられている身,……안 돼요.<6E5C>저는…… 무녀로서 살아가도록<6E5C>운명 지어진 몸이에요,……안 돼요.<6E5C>저는…… 무녀로서 살아가도록<6E5C>운명 지어진 몸이에요
dom3Nakoruru_X01.mes,Script/dom3Nakoruru_X01.mes,171,7,주인공,ナコルル……,나코루루……,나코루루……
dom3Nakoruru_X01.mes,Script/dom3Nakoruru_X01.mes,172,8,Nakoruru,……また、明日,"……또, 내일","……또, 내일"
dom3Nakoruru_X01.mes,Script/dom3Nakoruru_X01.mes,173,4,[효과음/내레이션],タタッ,타닷,타닷
dom3Nakoruru_X01.mes,Script/dom3Nakoruru_X01.mes,174,11,주인공,(巫女の宿命……か),(무녀의 숙명인가),(무녀의 숙명인가)
dom3Nakoruru_X01.mes,Script/dom3Nakoruru_X01.mes,175,33,Iroha,旦那様……なんだか元気がないよう<6E5C>ですけど、何かあったんですか?,"서방님…… 왠지 기운이 없어<6E5C>보이는데, 무슨 일이에요?","서방님…… 왠지 기운이 없어<6E5C>보이는데, 무슨 일이에요?"
dom3Nakoruru_X01.mes,Script/dom3Nakoruru_X01.mes,176,12,주인공,いや、なんでもないんだ,"아니, 아무것도 아냐","아니, 아무것도 아냐"
dom3Nakoruru_X01.mes,Script/dom3Nakoruru_X01.mes,177,45,Iroha,隠してもダメです!<485C>旦那様は思っていることが顔に<6E5C>出るから、すぐにわかっちゃうん<6E5C>ですよ,숨겨도 소용없어요!<485C>서방님은 생각하는 게 얼굴에<6E5C>드러나서 금방 알아차리고<6E5C>만걸요,숨겨도 소용없어요!<485C>서방님은 생각하는 게 얼굴에<6E5C>드러나서 금방 알아차리고<6E5C>만걸요
dom3Nakoruru_X01.mes,Script/dom3Nakoruru_X01.mes,178,17,주인공,俺ってそんなにわかりやすいのか?,내가 그렇게 알기 쉬운가?,내가 그렇게 알기 쉬운가?
dom3Nakoruru_X01.mes,Script/dom3Nakoruru_X01.mes,179,6,Iroha,それはもう,그럼요,그럼요
dom3Nakoruru_X01.mes,Script/dom3Nakoruru_X01.mes,180,8,주인공,そ、そうか……,"그, 그런가","그, 그런가"
dom3Nakoruru_X01.mes,Script/dom3Nakoruru_X01.mes,181,60,주인공,(俺のいろんな想いは、<6E5C>全部ナコルルにバレてしまって<6E5C>るのかな……)<485C>(でも俺も普通の男だ.<6E5C>仕方ないじゃないか……),(내 마음이<6E5C>다 나코루루에게 들켰나……)<485C>(나도 평범한 남자야.<6E5C>어쩔 수 없잖아……),(내 마음이<6E5C>다 나코루루에게 들켰나……)<485C>(나도 평범한 남자야.<6E5C>어쩔 수 없잖아……)
dom3Nakoruru_X01.mes,Script/dom3Nakoruru_X01.mes,182,4,[효과음/내레이션],ガタッ,덜컹,덜컹
dom3Nakoruru_X01.mes,Script/dom3Nakoruru_X01.mes,183,7,주인공,ん?なんだ?,응? 뭐지?,응? 뭐지?
dom3Nakoruru_X01.mes,Script/dom3Nakoruru_X01.mes,184,12,Iroha,誰か来たんでしょうか?,누가 온 걸까요?,누가 온 걸까요?
dom3Nakoruru_X01.mes,Script/dom3Nakoruru_X01.mes,185,10,주인공,ちょっと見てくるよ,잠깐 보고 올게,잠깐 보고 올게
dom3Nakoruru_X01.mes,Script/dom3Nakoruru_X01.mes,186,4,[효과음/내레이션],ガタン,덜컹,덜컹
dom3Nakoruru_X01.mes,Script/dom3Nakoruru_X01.mes,187,5,주인공,あ……!,아……!,아……!
dom3Nakoruru_X01.mes,Script/dom3Nakoruru_X01.mes,188,3,Shiki,……,……,……
dom3Nakoruru_X01.mes,Script/dom3Nakoruru_X01.mes,189,24,주인공,し、色さん!<6E5C>どうしたんですか、こんな時間に?,"시, 시키 씨!<6E5C>이 시간에 웬일이에요?","시, 시키 씨!<6E5C>이 시간에 웬일이에요?"
dom3Nakoruru_X01.mes,Script/dom3Nakoruru_X01.mes,190,9,Shiki,……あ、ああっ!,"……아, 아앗!","……아, 아앗!"
dom3Nakoruru_X01.mes,Script/dom3Nakoruru_X01.mes,191,39,주인공,傷だらけで…….<6E5C>あのユガという男から逃げて<6E5C>きたんですね!?いったい何が!,상처투성이라니…….<6E5C>유가에게서 도망친<6E5C>거군요!? 무슨 일이에요!,상처투성이라니…….<6E5C>유가에게서 도망친<6E5C>거군요!? 무슨 일이에요!
dom3Nakoruru_X01.mes,Script/dom3Nakoruru_X01.mes,192,30,Shiki,……わ、私は……あの男に記憶を<6E5C>消され、鍵として操られ……,……저는 그 남자에게<6E5C>기억을 지우고 조종당했어……,……저는 그 남자에게<6E5C>기억을 지우고 조종당했어……
dom3Nakoruru_X01.mes,Script/dom3Nakoruru_X01.mes,193,10,주인공,記憶を?鍵って……,기억을? 열쇠?,기억을? 열쇠?
dom3Nakoruru_X01.mes,Script/dom3Nakoruru_X01.mes,194,13,Shiki,異界の門を、開く、鍵……,문을 여는 열쇠……,문을 여는 열쇠……
dom3Nakoruru_X01.mes,Script/dom3Nakoruru_X01.mes,195,52,Shiki,私の体に封印を解く鍵を刻んで、<6E5C>来るべき日に備えていた……<485C>私が逃げ出さないよう、<6E5C>記憶まで消して……,내 몸에 봉인 여는 열쇠를 새겨<6E5C>올 날을 대비했어……<485C>내가 도망 못 가게<6E5C>기억까지 지워서……,내 몸에 봉인 여는 열쇠를 새겨<6E5C>올 날을 대비했어……<485C>내가 도망 못 가게<6E5C>기억까지 지워서……
dom3Nakoruru_X01.mes,Script/dom3Nakoruru_X01.mes,196,7,Shiki,ああああっ!,아아아앗!,아아아앗!
dom3Nakoruru_X01.mes,Script/dom3Nakoruru_X01.mes,197,26,주인공,落ち着いて、色さん!<6E5C>来るべき日とは、どういう……,"진정해요, 시키 씨!<6E5C>올 날이란 게 무슨……","진정해요, 시키 씨!<6E5C>올 날이란 게 무슨……"
dom3Nakoruru_X01.mes,Script/dom3Nakoruru_X01.mes,198,23,Shiki,日輪が隠され、<6E5C>陽と陰が覆される日が来る……,해가 가려지고<6E5C>음양이 뒤집히는 날 와……,해가 가려지고<6E5C>음양이 뒤집히는 날 와……
dom3Nakoruru_X01.mes,Script/dom3Nakoruru_X01.mes,199,29,Shiki,そのとき、異界への門は完全に<6E5C>姿を現し、鍵穴が現れる……,그때 이계문이 완전히<6E5C>드러나고 열쇠 구멍 나타나……,그때 이계문이 완전히<6E5C>드러나고 열쇠 구멍 나타나……
dom3Nakoruru_X01.mes,Script/dom3Nakoruru_X01.mes,200,33,주인공,陽と陰が…….<6E5C>じゃあ、まだ門は完全には現れて<6E5C>いないんですね?,음양이…….<6E5C>그럼 아직 문이 완전히<6E5C>안 나타난 거죠?,음양이…….<6E5C>그럼 아직 문이 완전히<6E5C>안 나타난 거죠?
dom3Nakoruru_X01.mes,Script/dom3Nakoruru_X01.mes,201,7,Shiki,そのはず……,그럴 텐데…,그럴 텐데…
dom3Nakoruru_X01.mes,Script/dom3Nakoruru_X01.mes,202,36,주인공,わかりました.<6E5C>明日、俺がナコルルとふたりで、<6E5C>門を完全に封印します!,알겠어요.<6E5C>내일 나코루루와 둘이<6E5C>문을 완전히 봉인할게요!,알겠어요.<6E5C>내일 나코루루와 둘이<6E5C>문을 완전히 봉인할게요!
dom3Nakoruru_X01.mes,Script/dom3Nakoruru_X01.mes,203,6,Shiki,……無理よ,……무리야,……무리야
dom3Nakoruru_X01.mes,Script/dom3Nakoruru_X01.mes,204,30,주인공,だ、大丈夫ですよ!<6E5C>絶対に、ふたりでなんとか<6E5C>しますから!,"괘, 괜찮아요!<6E5C>둘이서 어떻게든<6E5C>할게요!","괘, 괜찮아요!<6E5C>둘이서 어떻게든<6E5C>할게요!"
dom3Nakoruru_X01.mes,Script/dom3Nakoruru_X01.mes,205,23,Shiki,ふたりで…….<6E5C>私は、もう、何もできない……,둘이서…….<6E5C>전 이제 아무것도 못해……,둘이서…….<6E5C>전 이제 아무것도 못해……
dom3Nakoruru_X01.mes,Script/dom3Nakoruru_X01.mes,206,4,[효과음/내레이션],バタッ,쿵,쿵
dom3Nakoruru_X01.mes,Script/dom3Nakoruru_X01.mes,207,6,주인공,色さん!?,시키!?,시키!?
dom3Nakoruru_X01.mes,Script/dom3Nakoruru_X01.mes,208,32,Iroha,逃げてくるのに必死だったの<6E5C>ですね…….<6E5C>私が休ませておきます,도망 오느라 필사적였나<6E5C>보네요…….<6E5C>제가 쉬게 할게요,도망 오느라 필사적였나<6E5C>보네요…….<6E5C>제가 쉬게 할게요
dom3Nakoruru_X01.mes,Script/dom3Nakoruru_X01.mes,209,19,주인공,(……必ず、門を封印しなくては!<6E5C>),(……반드시 문을 봉인해야!<6E5C>),(……반드시 문을 봉인해야!<6E5C>)
dom3Nakoruru_X02.mes,Script/dom3Nakoruru_X02.mes,0,12,Nakoruru,そうですか……色さんが,그렇군요……시키씨가,그렇군요……시키씨가
dom3Nakoruru_X02.mes,Script/dom3Nakoruru_X02.mes,1,19,주인공,うん.<6E5C>今はいろはが看病してくれてる,응.<6E5C>지금은 이로하가 간병중이야,응.<6E5C>지금은 이로하가 간병중이야
dom3Nakoruru_X02.mes,Script/dom3Nakoruru_X02.mes,2,34,Nakoruru,色さんのためにも、ユガという人の<6E5C>野望を阻止しなくてはいけませんね,"시키씨를 위해서라도, 유가라는 사람의<6E5C>야망을 막아야겠군요","시키씨를 위해서라도, 유가라는 사람의<6E5C>야망을 막아야겠군요"
dom3Nakoruru_X02.mes,Script/dom3Nakoruru_X02.mes,3,25,주인공,そうだな.絶対にあいつの<6E5C>思い通りにはさせない!,그래.절대로 그놈<6E5C>뜻대로 되게 두지 않아!,그래.절대로 그놈<6E5C>뜻대로 되게 두지 않아!
dom3Nakoruru_X02.mes,Script/dom3Nakoruru_X02.mes,4,21,주인공,でも、異界への門なんてどこに<6E5C>あるんだ?,근데 이계문이 대체 어디<6E5C>있는 거지?,근데 이계문이 대체 어디<6E5C>있는 거지?
dom3Nakoruru_X02.mes,Script/dom3Nakoruru_X02.mes,5,35,Nakoruru,朝から感じる強い邪気……<6E5C>きっとあれが…….<6E5C><이름:3232>さん、こっちです!,"아침부터 강한 사기가……<6E5C>분명 저것이…….<6E5C><이름:3232>씨,이쪽이에요!","아침부터 강한 사기가……<6E5C>분명 저것이…….<6E5C><이름:3232>씨,이쪽이에요!"
dom3Nakoruru_X02.mes,Script/dom3Nakoruru_X02.mes,6,30,주인공,な、なんだ、あの黒い渦巻きみたい<6E5C>なのは……宙に浮いてる?,"저게 뭐지, 검은 소용돌이<6E5C>같은게……공중에 떠 있어?","저게 뭐지, 검은 소용돌이<6E5C>같은게……공중에 떠 있어?"
dom3Nakoruru_X02.mes,Script/dom3Nakoruru_X02.mes,7,29,Nakoruru,あれこそまさに異界への門……<6E5C>禍々しい邪気を放っています,저게 바로 이계의 문……<6E5C>불길한 사기를 뿜고 있어요,저게 바로 이계의 문……<6E5C>불길한 사기를 뿜고 있어요
dom3Nakoruru_X02.mes,Script/dom3Nakoruru_X02.mes,8,21,주인공,あれがそうなのか!<6E5C>……しかし、小さいな,"저게 그거였어!<6E5C>……근데, 작네","저게 그거였어!<6E5C>……근데, 작네"
dom3Nakoruru_X02.mes,Script/dom3Nakoruru_X02.mes,9,27,Nakoruru,けれど、この山を覆いつくすほどの<6E5C>邪気を放っています,하지만 이 산을 뒤덮을 만큼<6E5C>사기를 뿜고 있어요,하지만 이 산을 뒤덮을 만큼<6E5C>사기를 뿜고 있어요
dom3Nakoruru_X02.mes,Script/dom3Nakoruru_X02.mes,10,17,주인공,そんなのが完全に開いたら…….<6E5C>寺,그런 게 완전히 열리면…….<6E5C>절,그런 게 완전히 열리면…….<6E5C>절
dom3Nakoruru_X02.mes,Script/dom3Nakoruru_X02.mes,11,4,주인공,ゴクッ,꿀꺽,꿀꺽
dom3Nakoruru_X02.mes,Script/dom3Nakoruru_X02.mes,12,29,Nakoruru,そんなことはさせません.<6E5C><이름:3232>さん、下がっていてください,"그런 일은 못 해요.<6E5C><이름:3232>씨, 물러나 계세요","그런 일은 못 해요.<6E5C><이름:3232>씨, 물러나 계세요"
dom3Nakoruru_X02.mes,Script/dom3Nakoruru_X02.mes,13,6,주인공,ナコルル?,나코루루?,나코루루?
dom3Nakoruru_X02.mes,Script/dom3Nakoruru_X02.mes,14,23,Nakoruru,ママハハとチチウシの力を使って、<6E5C>封印します,마마하하와 치치우시 힘으로<6E5C>봉인할게요,마마하하와 치치우시 힘으로<6E5C>봉인할게요
dom3Nakoruru_X02.mes,Script/dom3Nakoruru_X02.mes,15,7,주인공,う、うん……,"으, 응……","으, 응……"
dom3Nakoruru_X02.mes,Script/dom3Nakoruru_X02.mes,16,6,Nakoruru,行きます!,갑니다!,갑니다!
dom3Nakoruru_X02.mes,Script/dom3Nakoruru_X02.mes,17,29,Nakoruru,アパチャンカムイ……カムイヌレ…<6E5C>…イコカヌ……イタッ!,아파챤카무이……카무이누레…<6E5C>…이코카누……이탓!,아파챤카무이……카무이누레…<6E5C>…이코카누……이탓!
dom3Nakoruru_X02.mes,Script/dom3Nakoruru_X02.mes,18,7,[효과음/내레이션],キィィィン!,키이이잉!,키이이잉!
dom3Nakoruru_X02.mes,Script/dom3Nakoruru_X02.mes,19,20,주인공,(ママハハとチチウシが<6E5C>共鳴してる?),(마마하하랑 치치우시가<6E5C>공명해?),(마마하하랑 치치우시가<6E5C>공명해?)
dom3Nakoruru_X02.mes,Script/dom3Nakoruru_X02.mes,20,5,Nakoruru,……!?,……!?,……!?
dom3Nakoruru_X02.mes,Script/dom3Nakoruru_X02.mes,21,5,UNKNOWN_79,ピーッ!,삐이!,삐이!
dom3Nakoruru_X02.mes,Script/dom3Nakoruru_X02.mes,22,5,[효과음/내레이션],バチッ!,파직!,파직!
dom3Nakoruru_X02.mes,Script/dom3Nakoruru_X02.mes,23,4,Nakoruru,あ……,아……,아……
dom3Nakoruru_X02.mes,Script/dom3Nakoruru_X02.mes,24,6,주인공,ナコルル?,나코루루?,나코루루?
dom3Nakoruru_X02.mes,Script/dom3Nakoruru_X02.mes,25,34,Nakoruru,……ダメです.<6E5C>わたしひとりの力では、<6E5C>門を封印することができない,……안 돼요.<6E5C>저 혼자 힘으론<6E5C>문을 봉인 못 해요,……안 돼요.<6E5C>저 혼자 힘으론<6E5C>문을 봉인 못 해요
dom3Nakoruru_X02.mes,Script/dom3Nakoruru_X02.mes,26,3,주인공,え?,네?,네?
dom3Nakoruru_X02.mes,Script/dom3Nakoruru_X02.mes,27,27,Nakoruru,邪気が邪魔をして、門そのものへ<6E5C>言葉が届かないんです,사기가 방해해서 문에<6E5C>말이 안 닿아요,사기가 방해해서 문에<6E5C>말이 안 닿아요
dom3Nakoruru_X02.mes,Script/dom3Nakoruru_X02.mes,28,13,주인공,俺が手伝えば、なんとか!,내가 도우면 어떻게든!,내가 도우면 어떻게든!
dom3Nakoruru_X02.mes,Script/dom3Nakoruru_X02.mes,29,37,Nakoruru,いえ、これには巫女としての<6E5C>能力が必要です.<6E5C>どなたかが協力してくれれば,"아니요, 이건 무녀로서의<6E5C>능력이 필요해요.<6E5C>누군가 협력해준다면","아니요, 이건 무녀로서의<6E5C>능력이 필요해요.<6E5C>누군가 협력해준다면"
dom3Nakoruru_X02.mes,Script/dom3Nakoruru_X02.mes,30,14,주인공,巫女なんて、町にいたかなぁ,"무녀라니, 마을에 있었나","무녀라니, 마을에 있었나"
dom3Nakoruru_X02.mes,Script/dom3Nakoruru_X02.mes,31,20,Nakoruru,ええ、かわいいシーサーを<6E5C>連れた巫女が,"네, 귀여운 시사 데린<6E5C>무녀가","네, 귀여운 시사 데린<6E5C>무녀가"
dom3Nakoruru_X02.mes,Script/dom3Nakoruru_X02.mes,32,9,주인공,……あ、そうか!,"아, 그렇구나!","아, 그렇구나!"
dom3Nakoruru_X02.mes,Script/dom3Nakoruru_X02.mes,33,26,주인공,……と、いうわけなんだ.<6E5C>協力してくれないか、ミナ,"……라는 사정이야.<6E5C>협력해주지 않을래, 미나","……라는 사정이야.<6E5C>협력해주지 않을래, 미나"
dom3Nakoruru_X02.mes,Script/dom3Nakoruru_X02.mes,34,12,Nakoruru,お願いします、ミナさん,"부탁드려요, 미나 씨","부탁드려요, 미나 씨"
dom3Nakoruru_X02.mes,Script/dom3Nakoruru_X02.mes,35,26,Mina,わたしは妖滅師……この世から<6E5C>邪悪な闇を祓う者……,나는 요멸사……이 세상<6E5C>어둠을 몰아내는 자……,나는 요멸사……이 세상<6E5C>어둠을 몰아내는 자……
dom3Nakoruru_X02.mes,Script/dom3Nakoruru_X02.mes,36,4,UNKNOWN_7b,ミナー,미나아,미나아
dom3Nakoruru_X02.mes,Script/dom3Nakoruru_X02.mes,37,12,주인공,協力してくれるのかい?,협력해줄 거야?,협력해줄 거야?
dom3Nakoruru_X02.mes,Script/dom3Nakoruru_X02.mes,38,46,Mina,ええ……でも、少し時間が必要.<6E5C>準備ができたら、あなたたちの<6E5C>ところへ行くから……待ってて,그래……근데 시간이 좀 필요해.<6E5C>준비되면 너희들한테<6E5C>갈 테니……기다려,그래……근데 시간이 좀 필요해.<6E5C>준비되면 너희들한테<6E5C>갈 테니……기다려
dom3Nakoruru_X02.mes,Script/dom3Nakoruru_X02.mes,39,12,주인공,わかった、ありがとう!,"알았어, 고마워!","알았어, 고마워!"
dom3Nakoruru_X02.mes,Script/dom3Nakoruru_X02.mes,40,16,Nakoruru,ありがとうございます、ミナさん,"감사합니다, 미나 씨","감사합니다, 미나 씨"
dom3Nakoruru_X02.mes,Script/dom3Nakoruru_X02.mes,41,32,UNKNOWN_7e,それじゃあ、<6E5C>まだ門は閉じてないんだね.<6E5C>山が怖がってるもんね,"그럼, <6E5C>아직 문이 안 닫힌 거네.<6E5C>산이 무서워하는 거네","그럼, <6E5C>아직 문이 안 닫힌 거네.<6E5C>산이 무서워하는 거네"
dom3Nakoruru_X02.mes,Script/dom3Nakoruru_X02.mes,42,20,Nakoruru,大丈夫よ、リムルル.<6E5C>必ず封印するから,"괜찮아,리무루루.<6E5C>꼭 봉인할 테니까","괜찮아,리무루루.<6E5C>꼭 봉인할 테니까"
dom3Nakoruru_X02.mes,Script/dom3Nakoruru_X02.mes,43,4,UNKNOWN_7e,うん!,응!,응!
dom3Nakoruru_X02.mes,Script/dom3Nakoruru_X02.mes,44,34,UNKNOWN_1e,みずくさいよナコルル!<6E5C>どうしてオレに声をかけて<6E5C>くれないんだい!,너무하잖아 나코루루!<6E5C>어째서 나한테 말도<6E5C>안 걸어주는 거야!,너무하잖아 나코루루!<6E5C>어째서 나한테 말도<6E5C>안 걸어주는 거야!
dom3Nakoruru_X02.mes,Script/dom3Nakoruru_X02.mes,45,19,Nakoruru,あ、ガルフォードさん!?<6E5C>それは……,"아, 갈포드 씨!?<6E5C>그건……","아, 갈포드 씨!?<6E5C>그건……"
dom3Nakoruru_X02.mes,Script/dom3Nakoruru_X02.mes,46,26,주인공,いかがわしい忍者より俺の方が<6E5C>頼りがいがあるからだ,수상쩍은 닌자보다 내가<6E5C>더 믿음직하니까 그렇지,수상쩍은 닌자보다 내가<6E5C>더 믿음직하니까 그렇지
dom3Nakoruru_X02.mes,Script/dom3Nakoruru_X02.mes,47,34,UNKNOWN_7f,N○ォォ!またキミか!<6E5C>どうしてオレとナコルルの<6E5C>邪魔をするんだ?,누오오!또 너냐!<6E5C>왜 나랑 나코루루<6E5C>사이를 방해하는 거야?,누오오!또 너냐!<6E5C>왜 나랑 나코루루<6E5C>사이를 방해하는 거야?
dom3Nakoruru_X02.mes,Script/dom3Nakoruru_X02.mes,48,16,주인공,邪魔をしてるのは、あんたの方だ,"방해하는 건, 그쪽이잖아","방해하는 건, 그쪽이잖아"
dom3Nakoruru_X02.mes,Script/dom3Nakoruru_X02.mes,49,49,UNKNOWN_7f,<060C>HIT!この際ハッキリさせて<6E5C>しまおう!ナコルル、オレとこの<6E5C>頼りない男、どっちを選ぶんだい?,"<060C>HIT!이참에 확실히<6E5C>해두자!나코루루, 나랑 이<6E5C>못 미더운 남자 중 누굴 고를래?","<060C>HIT!이참에 확실히<6E5C>해두자!나코루루, 나랑 이<6E5C>못 미더운 남자 중 누굴 고를래?"
dom3Nakoruru_X02.mes,Script/dom3Nakoruru_X02.mes,50,11,주인공,だ、誰が頼りないだ!,누가 못 미더워!,누가 못 미더워!
dom3Nakoruru_X02.mes,Script/dom3Nakoruru_X02.mes,51,9,Nakoruru,やめてください!,그만두세요!,그만두세요!
dom3Nakoruru_X02.mes,Script/dom3Nakoruru_X02.mes,52,7,주인공,……ナコルル,……나코루루,……나코루루
dom3Nakoruru_X02.mes,Script/dom3Nakoruru_X02.mes,53,9,Nakoruru,……ごめんなさい,……죄송해요,……죄송해요
dom3Nakoruru_X02.mes,Script/dom3Nakoruru_X02.mes,54,4,[효과음/내레이션],タタッ,타닥,타닥
dom3Nakoruru_X02.mes,Script/dom3Nakoruru_X02.mes,55,9,주인공,あ、ナコルル!?,"아, 나코루루!","아, 나코루루!"
dom3Nakoruru_X02.mes,Script/dom3Nakoruru_X02.mes,56,28,UNKNOWN_7e,もう!ふたりとも姉様の気も<6E5C>知らないで!おしおきだぁ!,아 진짜!둘 다 언니 마음도<6E5C>모르고!혼내줄 거야!,아 진짜!둘 다 언니 마음도<6E5C>모르고!혼내줄 거야!
dom3Nakoruru_X02.mes,Script/dom3Nakoruru_X02.mes,57,6,[효과음/내레이션],カキーン!,카키인!,카키인!
dom3Nakoruru_X02.mes,Script/dom3Nakoruru_X02.mes,58,9,UNKNOWN_7f,N○ォォォォ!!,누오오오오!!,누오오오오!!
dom3Nakoruru_X02.mes,Script/dom3Nakoruru_X02.mes,59,8,주인공,うわぁぁぁぁ!,으아아아아!,으아아아아!
dom3Nakoruru_X02.mes,Script/dom3Nakoruru_X02.mes,60,28,주인공,(……ナコルル、こんな大事な<6E5C>ときに困らせてしまった),"(……나코루루, 중요한 때에<6E5C>곤란하게 만들었구나)","(……나코루루, 중요한 때에<6E5C>곤란하게 만들었구나)"
dom3Nakoruru_X02.mes,Script/dom3Nakoruru_X02.mes,61,3,UNKNOWN_79,ピー,삐,삐
dom3Nakoruru_X02.mes,Script/dom3Nakoruru_X02.mes,62,29,주인공,あ、ママハハ……もしかして、<6E5C>俺を呼びにきてくれたのか?,"아, 마마하하……혹시, <6E5C>날 부르러 와준 거야?","아, 마마하하……혹시, <6E5C>날 부르러 와준 거야?"
dom3Nakoruru_X02.mes,Script/dom3Nakoruru_X02.mes,63,4,UNKNOWN_79,ピーッ,삐이,삐이
dom3Nakoruru_X02.mes,Script/dom3Nakoruru_X02.mes,64,42,주인공,あれ、怒ってる?ごめん、<6E5C>ちゃんと謝るから、ナコルルの<6E5C>ところへ案内してくれないか,"어라, 화났어?미안, <6E5C>제대로 사과할 테니, 나코루루한테<6E5C>안내해주지 않을래","어라, 화났어?미안, <6E5C>제대로 사과할 테니, 나코루루한테<6E5C>안내해주지 않을래"
dom3Nakoruru_X02.mes,Script/dom3Nakoruru_X02.mes,65,6,[효과음/내레이션],バサバサッ,푸드덕,푸드덕
dom3Nakoruru_X02.mes,Script/dom3Nakoruru_X02.mes,66,6,주인공,あっちか!,저쪽인가!,저쪽인가!
dom3Nakoruru_X02.mes,Script/dom3Nakoruru_X02.mes,67,7,주인공,ナコルル……,나코루루……,나코루루……
dom3Nakoruru_X02.mes,Script/dom3Nakoruru_X02.mes,68,3,Nakoruru,……,……,……
dom3Nakoruru_X02.mes,Script/dom3Nakoruru_X02.mes,69,47,주인공,あの、さっきはすまない.ナコルル<6E5C>の気持ちも考えないで、自分たちの<6E5C>都合ばかり押しつけて……,"저기, 아까는 미안해.나코루루<6E5C>마음도 생각 안 하고, 우리<6E5C>사정만 강요해서……","저기, 아까는 미안해.나코루루<6E5C>마음도 생각 안 하고, 우리<6E5C>사정만 강요해서……"
dom3Nakoruru_X02.mes,Script/dom3Nakoruru_X02.mes,70,38,Nakoruru,いいえ……いいんです.<6E5C>元はといえば、わたしがはっきり<6E5C>しなかったから……,"아니요……괜찮아요.<6E5C>애초에, 제가 확실히<6E5C>하지 않았던 탓이니까요……","아니요……괜찮아요.<6E5C>애초에, 제가 확실히<6E5C>하지 않았던 탓이니까요……"
dom3Nakoruru_X02.mes,Script/dom3Nakoruru_X02.mes,71,22,[선택지],はっきりさせてしまおうかナコルルは悪くないよ,확실히 해버릴까\나코루루는 잘못 없어,확실히 해버릴까\나코루루는 잘못 없어
dom3Nakoruru_X02.mes,Script/dom3Nakoruru_X02.mes,72,43,주인공,……この際、はっきりさせてしま<6E5C>おうか.そうすれば、ナコルルの<6E5C>苦悩も消えるわけだし,"……이 기회에, 확실히 해<6E5C>버릴까.그러면, 나코루루의<6E5C>고민도 사라질 테니까","……이 기회에, 확실히 해<6E5C>버릴까.그러면, 나코루루의<6E5C>고민도 사라질 테니까"
dom3Nakoruru_X02.mes,Script/dom3Nakoruru_X02.mes,73,8,Nakoruru,……そうですね,……그렇겠네요,……그렇겠네요
dom3Nakoruru_X02.mes,Script/dom3Nakoruru_X02.mes,74,14,주인공,で……どっちを選ぶんだい?,그래서 뭘 고를 거야?,그래서 뭘 고를 거야?
dom3Nakoruru_X02.mes,Script/dom3Nakoruru_X02.mes,75,7,Nakoruru,わたしは……,저는……,저는……
dom3Nakoruru_X02.mes,Script/dom3Nakoruru_X02.mes,76,10,Nakoruru,どちらも選べません,둘 다 못 골라요,둘 다 못 골라요
dom3Nakoruru_X02.mes,Script/dom3Nakoruru_X02.mes,77,3,주인공,へ?,어?,어?
dom3Nakoruru_X02.mes,Script/dom3Nakoruru_X02.mes,78,33,Nakoruru,わたしはカムイコタンの<6E5C>巫女です…….<6E5C>宿命を背負って生きる運命,저는 카무이코탄의<6E5C>무녀예요…….<6E5C>숙명 지고 사는 운명,저는 카무이코탄의<6E5C>무녀예요…….<6E5C>숙명 지고 사는 운명
dom3Nakoruru_X02.mes,Script/dom3Nakoruru_X02.mes,79,34,Nakoruru,ひとりの人間としての生き方を選ぶ<6E5C>ことはできません……ごめんなさい,한 인간으로 살아가는 길은<6E5C>택할 수 없어요……죄송해요,한 인간으로 살아가는 길은<6E5C>택할 수 없어요……죄송해요
dom3Nakoruru_X02.mes,Script/dom3Nakoruru_X02.mes,80,4,[효과음/내레이션],タタッ,타닥,타닥
dom3Nakoruru_X02.mes,Script/dom3Nakoruru_X02.mes,81,9,주인공,あ……ナコルル!,아……나코루루!,아……나코루루!
dom3Nakoruru_X02.mes,Script/dom3Nakoruru_X02.mes,82,16,주인공,(答えを急ぎすぎたのかな……),(대답을 너무 재촉했나……),(대답을 너무 재촉했나……)
dom3Nakoruru_X02.mes,Script/dom3Nakoruru_X02.mes,83,44,주인공,いや、ナコルルは悪くないよ.<6E5C>ナコルルの背負う宿命も考えずに<6E5C>答えを急いだ俺が悪いんだ,"아니,나코루루 잘못 없어.<6E5C>나코루루 숙명도 생각 않고<6E5C>대답 재촉한 내가 나빴어","아니,나코루루 잘못 없어.<6E5C>나코루루 숙명도 생각 않고<6E5C>대답 재촉한 내가 나빴어"
dom3Nakoruru_X02.mes,Script/dom3Nakoruru_X02.mes,84,7,Nakoruru,<이름:3232>さん……,<이름:3232>씨……,<이름:3232>씨……
dom3Nakoruru_X02.mes,Script/dom3Nakoruru_X02.mes,85,23,주인공,今は、異界の門を封印すること<6E5C>だけを考えよう,지금은 문 봉인만<6E5C>생각하자,지금은 문 봉인만<6E5C>생각하자
dom3Nakoruru_X02.mes,Script/dom3Nakoruru_X02.mes,86,6,Nakoruru,……はい!,……네!,……네!
dom3Nakoruru_X02.mes,Script/dom3Nakoruru_X02.mes,87,21,주인공,あ……でも、これだけは<6E5C>覚えていてほしい,"아……근데, 이것만은<6E5C>기억해줬으면 해","아……근데, 이것만은<6E5C>기억해줬으면 해"
dom3Nakoruru_X02.mes,Script/dom3Nakoruru_X02.mes,88,3,Nakoruru,え?,네?,네?
dom3Nakoruru_X02.mes,Script/dom3Nakoruru_X02.mes,89,40,주인공,俺は、ナコルルの宿命もいっしょに<6E5C>背負って、共に生きていきたいと<6E5C>思ってる……,"나는 나코루루의 숙명도 함께<6E5C>지고, 같이 살고 싶다고<6E5C>생각해……","나는 나코루루의 숙명도 함께<6E5C>지고, 같이 살고 싶다고<6E5C>생각해……"
dom3Nakoruru_X02.mes,Script/dom3Nakoruru_X02.mes,90,13,Nakoruru,……ありがとう、<이름:3232>さん,"……고마워요, <이름:3232>씨","……고마워요, <이름:3232>씨"
dom3Nakoruru_X02.mes,Script/dom3Nakoruru_X02.mes,91,14,주인공,ミナ、準備はできたのかい?,"미나, 준비는 됐어?","미나, 준비는 됐어?"
dom3Nakoruru_X02.mes,Script/dom3Nakoruru_X02.mes,92,12,Mina,ええ……いつでもいいわ,그래……언제든 좋아,그래……언제든 좋아
dom3Nakoruru_X02.mes,Script/dom3Nakoruru_X02.mes,93,44,Nakoruru,では、ミナさんは邪気祓いをお願い<6E5C>します.わたしはそれを<6E5C>見届けてから、門を封印します,그럼 미나 씨는 사기 제거를<6E5C>부탁해요.저는 그걸<6E5C>지켜본 후 문을 봉인할게요,그럼 미나 씨는 사기 제거를<6E5C>부탁해요.저는 그걸<6E5C>지켜본 후 문을 봉인할게요
dom3Nakoruru_X02.mes,Script/dom3Nakoruru_X02.mes,94,8,Mina,……わかったわ,……알았어,……알았어
dom3Nakoruru_X02.mes,Script/dom3Nakoruru_X02.mes,95,9,UNKNOWN_1e,そうはさせぬ……,안 되지……,안 되지……
dom3Nakoruru_X02.mes,Script/dom3Nakoruru_X02.mes,96,5,주인공,誰だ!?,누구냐!,누구냐!
dom3Nakoruru_X02.mes,Script/dom3Nakoruru_X02.mes,97,11,주인공,お、お前は……ユガ!,"너, 너는……유가!","너, 너는……유가!"
dom3Nakoruru_X02.mes,Script/dom3Nakoruru_X02.mes,98,27,UNKNOWN_8e,我のゆく道を阻む者どもは……<6E5C>何人たりとも許さぬ……,내 갈 길을 막는 자……<6E5C>누구도 용서 않는다……,내 갈 길을 막는 자……<6E5C>누구도 용서 않는다……
dom3Nakoruru_X02.mes,Script/dom3Nakoruru_X02.mes,99,34,주인공,く……!ナコルル、ミナ!<6E5C>ここは俺に任せて、<6E5C>ふたりは門の封印を!,"크……!나코루루,미나!<6E5C>여긴 나한테 맡기고<6E5C>둘은 문 봉인을!","크……!나코루루,미나!<6E5C>여긴 나한테 맡기고<6E5C>둘은 문 봉인을!"
dom3Nakoruru_X02.mes,Script/dom3Nakoruru_X02.mes,100,8,Nakoruru,……ダメです!,……안 돼요!,……안 돼요!
dom3Nakoruru_X02.mes,Script/dom3Nakoruru_X02.mes,101,7,주인공,どうして!?,어째서!?,어째서!?
dom3Nakoruru_X02.mes,Script/dom3Nakoruru_X02.mes,102,53,Nakoruru,その人の邪気……とてもひとりで<6E5C>打ち払えるものではありません<485C>おそらく、門からの力が<6E5C>流れ込んでいる……,저 사람 사기는……도저히 혼자서<6E5C>물리칠 게 아니에요<485C>아마 문에서 나온 힘이<6E5C>흘러드는 거예요……,저 사람 사기는……도저히 혼자서<6E5C>물리칠 게 아니에요<485C>아마 문에서 나온 힘이<6E5C>흘러드는 거예요……
dom3Nakoruru_X02.mes,Script/dom3Nakoruru_X02.mes,103,13,주인공,じゃあ、どうすればいい?,그럼 어떡하면 돼?,그럼 어떡하면 돼?
dom3Nakoruru_X02.mes,Script/dom3Nakoruru_X02.mes,104,31,Nakoruru,ママハハに力をくい止めてもらい、<6E5C>その間に倒すしかありません,마마하하가 힘을 막는 동안<6E5C>그 틈에 쓰러뜨릴 수밖에요,마마하하가 힘을 막는 동안<6E5C>그 틈에 쓰러뜨릴 수밖에요
dom3Nakoruru_X02.mes,Script/dom3Nakoruru_X02.mes,105,11,Nakoruru,ママハハ……お願い!,마마하하……부탁해!,마마하하……부탁해!
dom3Nakoruru_X02.mes,Script/dom3Nakoruru_X02.mes,106,5,UNKNOWN_79,ピーッ!,삐이!,삐이!
dom3Nakoruru_X02.mes,Script/dom3Nakoruru_X02.mes,107,6,[효과음/내레이션],バサバサッ,푸드덕,푸드덕
dom3Nakoruru_X02.mes,Script/dom3Nakoruru_X02.mes,108,7,[효과음/내레이션],キィィィン!,키이이잉!,키이이잉!
dom3Nakoruru_X02.mes,Script/dom3Nakoruru_X02.mes,109,24,UNKNOWN_8e,……そんなもので門の力を封じる<6E5C>ことなどできぬ,……그런 걸로 문의 힘을 봉할<6E5C>수는 없다,……그런 걸로 문의 힘을 봉할<6E5C>수는 없다
dom3Nakoruru_X02.mes,Script/dom3Nakoruru_X02.mes,110,7,Mina,チャンプル!,찬푸루!,찬푸루!
dom3Nakoruru_X02.mes,Script/dom3Nakoruru_X02.mes,111,6,UNKNOWN_7b,はぁやぁ!,하아얍!,하아얍!
dom3Nakoruru_X02.mes,Script/dom3Nakoruru_X02.mes,112,7,[효과음/내레이션],キィィィン!,키이이잉!,키이이잉!
dom3Nakoruru_X02.mes,Script/dom3Nakoruru_X02.mes,113,49,주인공,チャンプルも門の力を封じてる……<6E5C>?ママハハはともかく、チャンプル<6E5C>にもあんな力があったのか……,찬푸루도 문 힘을 막고 있어……<6E5C>?마마하하는 그렇다 쳐도 찬푸루<6E5C>한테도 저런 힘이?,찬푸루도 문 힘을 막고 있어……<6E5C>?마마하하는 그렇다 쳐도 찬푸루<6E5C>한테도 저런 힘이?
dom3Nakoruru_X02.mes,Script/dom3Nakoruru_X02.mes,114,34,Nakoruru,さあ<이름:3232>さん、今のうちです!<6E5C>あの子たちの力は長くは持ちません<6E5C>!,"자, <이름:3232>씨, 지금이에요!<6E5C>저 아이들 힘은 오래 못 가요<6E5C>!","자, <이름:3232>씨, 지금이에요!<6E5C>저 아이들 힘은 오래 못 가요<6E5C>!"
dom3Nakoruru_X02.mes,Script/dom3Nakoruru_X02.mes,115,13,주인공,よ、よし!行くぞユガ!!,좋아!간다 유가!!,좋아!간다 유가!!
dom3Nakoruru_X02.mes,Script/dom3Nakoruru_X02.mes,116,9,UNKNOWN_8e,ぬうぅぅぅ……!,누우우우……!,누우우우……!
dom3Nakoruru_X02.mes,Script/dom3Nakoruru_X02.mes,117,12,[선택지],斬りつける!様子を見る!,벤다\상황을 지켜본다,벤다\상황을 지켜본다
dom3Nakoruru_X02.mes,Script/dom3Nakoruru_X02.mes,118,14,주인공,先手必勝!どりゃぁぁぁ!!,선수필승!이야아아아!!,선수필승!이야아아아!!
dom3Nakoruru_X02.mes,Script/dom3Nakoruru_X02.mes,119,17,UNKNOWN_8e,我にそのような斬撃は効かぬ……!,그런 참격은 안 통해……!,그런 참격은 안 통해……!
dom3Nakoruru_X02.mes,Script/dom3Nakoruru_X02.mes,120,6,[효과음/내레이션],バシュッ!,슈욱!,슈욱!
dom3Nakoruru_X02.mes,Script/dom3Nakoruru_X02.mes,121,7,주인공,うわぁぁぁ!,으아아아!,으아아아!
dom3Nakoruru_X02.mes,Script/dom3Nakoruru_X02.mes,122,7,[효과음/내레이션],ズザザーッ!,즈르르륵!,즈르르륵!
dom3Nakoruru_X02.mes,Script/dom3Nakoruru_X02.mes,123,39,주인공,(な、何が起こったんだ……!?<6E5C>斬りつけたと思った瞬間に<6E5C>弾き飛ばされた?),(뭐가 일어난 거지……!?<6E5C>벤 순간에 튕겨 날아갔어?),(뭐가 일어난 거지……!?<6E5C>벤 순간에 튕겨 날아갔어?)
dom3Nakoruru_X02.mes,Script/dom3Nakoruru_X02.mes,124,23,주인공,(くそ!ここは様子を<6E5C>見るしかないか……!),(젠장!여기선<6E5C>지켜볼 수밖에!),(젠장!여기선<6E5C>지켜볼 수밖에!)
dom3Nakoruru_X02.mes,Script/dom3Nakoruru_X02.mes,125,6,UNKNOWN_8e,消えよ……,사라져……,사라져……
dom3Nakoruru_X02.mes,Script/dom3Nakoruru_X02.mes,126,6,[효과음/내레이션],グオォォ!,구오오!,구오오!
dom3Nakoruru_X02.mes,Script/dom3Nakoruru_X02.mes,127,8,주인공,う、うおっと!,"우, 우왓!","우, 우왓!"
dom3Nakoruru_X02.mes,Script/dom3Nakoruru_X02.mes,128,41,주인공,ふぅ……なんとかかわした.<6E5C>しかし両手から衝撃波を<6E5C>繰り出すなんて……反則だ!!,후……어떻게든 피했다.<6E5C>근데 양손에서 충격파를<6E5C>날리다니……반칙이잖아!!,후……어떻게든 피했다.<6E5C>근데 양손에서 충격파를<6E5C>날리다니……반칙이잖아!!
dom3Nakoruru_X02.mes,Script/dom3Nakoruru_X02.mes,129,43,주인공,(でも動きも見えた.攻撃に移る<6E5C>瞬間の一瞬のすき.そこに一撃を<6E5C>入れられれば……!),(그래도 움직임은 보였어.공격하는<6E5C>순간의 빈틈.거기에 일격을<6E5C>먹이면……!),(그래도 움직임은 보였어.공격하는<6E5C>순간의 빈틈.거기에 일격을<6E5C>먹이면……!)
dom3Nakoruru_X02.mes,Script/dom3Nakoruru_X02.mes,130,49,주인공,(敵を知り、己を知れば、百戦危う<6E5C>からず.うかつに近づいてもやられ<6E5C>るだけだ、どこか弱点は……),"(적을 알고 나를 알면 백전백승<6E5C>이지.섣불리 다가가면 당할<6E5C>뿐, 약점은 어디……)","(적을 알고 나를 알면 백전백승<6E5C>이지.섣불리 다가가면 당할<6E5C>뿐, 약점은 어디……)"
dom3Nakoruru_X02.mes,Script/dom3Nakoruru_X02.mes,131,6,UNKNOWN_8e,消えよ……,사라져……,사라져……
dom3Nakoruru_X02.mes,Script/dom3Nakoruru_X02.mes,132,6,[효과음/내레이션],グオォォ!,구오오!,구오오!
dom3Nakoruru_X02.mes,Script/dom3Nakoruru_X02.mes,133,8,주인공,う、うおっと!,"우, 우왓!","우, 우왓!"
dom3Nakoruru_X02.mes,Script/dom3Nakoruru_X02.mes,134,41,주인공,ふぅ……なんとかかわした.<6E5C>しかし両手から衝撃波を<6E5C>繰り出すなんて……反則だ!!,후……어떻게든 피했다.<6E5C>근데 양손에서 충격파를<6E5C>날리다니……반칙이잖아!!,후……어떻게든 피했다.<6E5C>근데 양손에서 충격파를<6E5C>날리다니……반칙이잖아!!
dom3Nakoruru_X02.mes,Script/dom3Nakoruru_X02.mes,135,43,주인공,(でも動きも見えた.攻撃に移る<6E5C>瞬間の一瞬のすき.そこに一撃を<6E5C>入れられれば……!),(그래도 움직임은 보였어.공격하는<6E5C>순간의 빈틈.거기에 일격을<6E5C>먹이면……!),(그래도 움직임은 보였어.공격하는<6E5C>순간의 빈틈.거기에 일격을<6E5C>먹이면……!)
dom3Nakoruru_X02.mes,Script/dom3Nakoruru_X02.mes,136,12,UNKNOWN_8e,こしゃくな……消えよ!,건방진……사라져!,건방진……사라져!
dom3Nakoruru_X02.mes,Script/dom3Nakoruru_X02.mes,137,6,[효과음/내레이션],グオォォ!,구오오!,구오오!
dom3Nakoruru_X02.mes,Script/dom3Nakoruru_X02.mes,138,17,[선택지],ぎりぎりまで見極める回避に専念する,끝까지 지켜본다\회피에 전념한다,끝까지 지켜본다\회피에 전념한다
dom3Nakoruru_X02.mes,Script/dom3Nakoruru_X02.mes,139,23,주인공,恐れるな……ぎりぎりまで<6E5C>見極めるんだ……!,두려워 마……끝까지<6E5C>지켜보는 거다……!,두려워 마……끝까지<6E5C>지켜보는 거다……!
dom3Nakoruru_X02.mes,Script/dom3Nakoruru_X02.mes,140,7,[효과음/내레이션],ドガァァッ!,쿠과아앙!,쿠과아앙!
dom3Nakoruru_X02.mes,Script/dom3Nakoruru_X02.mes,141,7,주인공,うわぁぁぁ!,으아아아!,으아아아!
dom3Nakoruru_X02.mes,Script/dom3Nakoruru_X02.mes,142,4,[효과음/내레이션],ドサッ,쿵,쿵
dom3Nakoruru_X02.mes,Script/dom3Nakoruru_X02.mes,143,5,주인공,く……!,크……!,크……!
dom3Nakoruru_X02.mes,Script/dom3Nakoruru_X02.mes,144,30,주인공,(つ、強い……けど、見つけたぞ!<6E5C>無防備になるのは右胸!),(강하다……하지만 찾았다!<6E5C>무방비한건 오른쪽 가슴!),(강하다……하지만 찾았다!<6E5C>무방비한건 오른쪽 가슴!)
dom3Nakoruru_X02.mes,Script/dom3Nakoruru_X02.mes,145,5,주인공,うわっ!,으왓!,으왓!
dom3Nakoruru_X02.mes,Script/dom3Nakoruru_X02.mes,146,3,[효과음/내레이션],サッ,휙,휙
dom3Nakoruru_X02.mes,Script/dom3Nakoruru_X02.mes,147,16,주인공,ふぅ……なんとかかわしたか……,후……어떻게든 피했나……,후……어떻게든 피했나……
dom3Nakoruru_X02.mes,Script/dom3Nakoruru_X02.mes,148,31,주인공,(って、しまった!気を取られて<6E5C>弱点を見つけられなかった!),"(아, 이런!정신이 팔려서<6E5C>약점을 못 찾았어!)","(아, 이런!정신이 팔려서<6E5C>약점을 못 찾았어!)"
dom3Nakoruru_X02.mes,Script/dom3Nakoruru_X02.mes,149,9,UNKNOWN_8e,次で……終わりだ,다음으로 끝이다,다음으로 끝이다
dom3Nakoruru_X02.mes,Script/dom3Nakoruru_X02.mes,150,36,주인공,(あの衝撃波がある以上、奴に刀で<6E5C>斬りつけるのは無理……となれば!<6E5C>),(충격파가 있는 이상 칼로<6E5C>베는 건 무리……그럼!<6E5C>),(충격파가 있는 이상 칼로<6E5C>베는 건 무리……그럼!<6E5C>)
dom3Nakoruru_X02.mes,Script/dom3Nakoruru_X02.mes,151,13,주인공,ミナ!弓矢を貸してくれ!,미나!활을 좀 빌려줘!,미나!활을 좀 빌려줘!
dom3Nakoruru_X02.mes,Script/dom3Nakoruru_X02.mes,152,8,Mina,わかった……!,알았어……!,알았어……!
dom3Nakoruru_X02.mes,Script/dom3Nakoruru_X02.mes,153,4,[효과음/내레이션],パシッ,탁,탁
dom3Nakoruru_X02.mes,Script/dom3Nakoruru_X02.mes,154,10,주인공,ありがとう、ミナ!,"고마워, 미나!","고마워, 미나!"
dom3Nakoruru_X02.mes,Script/dom3Nakoruru_X02.mes,155,17,주인공,(この弓矢で、次の攻撃の時に!),"(이 활로, 다음 공격 때!)","(이 활로, 다음 공격 때!)"
dom3Nakoruru_X02.mes,Script/dom3Nakoruru_X02.mes,156,7,[효과음/내레이션],キリキリ……,끼릭끼릭……,끼릭끼릭……
dom3Nakoruru_X02.mes,Script/dom3Nakoruru_X02.mes,157,14,UNKNOWN_8e,無駄なあがきを……消えよ!,쓸데없는 발버둥…사라져!,쓸데없는 발버둥…사라져!
dom3Nakoruru_X02.mes,Script/dom3Nakoruru_X02.mes,158,6,[효과음/내레이션],グオォォ!,구오오!,구오오!
dom3Nakoruru_X02.mes,Script/dom3Nakoruru_X02.mes,159,5,주인공,今だ!!,지금이다,지금이다
dom3Nakoruru_X02.mes,Script/dom3Nakoruru_X02.mes,160,14,[선택지],頭を狙う右胸を狙う左胸を狙う,머리\오른가슴\왼가슴,머리\오른가슴\왼가슴
dom3Nakoruru_X02.mes,Script/dom3Nakoruru_X02.mes,161,6,주인공,食らえ!!,받아라!!,받아라!!
dom3Nakoruru_X02.mes,Script/dom3Nakoruru_X02.mes,162,6,[효과음/내레이션],バシュッ!,슈욱!,슈욱!
dom3Nakoruru_X02.mes,Script/dom3Nakoruru_X02.mes,163,5,[효과음/내레이션],ズンッ!,쿵!,쿵!
dom3Nakoruru_X02.mes,Script/dom3Nakoruru_X02.mes,164,4,주인공,あ……,아……,아……
dom3Nakoruru_X02.mes,Script/dom3Nakoruru_X02.mes,165,16,주인공,(矢が……はね返された……?),(화살이……튕겨나갔어……?),(화살이……튕겨나갔어……?)
dom3Nakoruru_X02.mes,Script/dom3Nakoruru_X02.mes,166,23,주인공,(こ、こんなところで俺は<6E5C>死ぬの……か……),(이런 곳에서 내가<6E5C>죽는 건가……),(이런 곳에서 내가<6E5C>죽는 건가……)
dom3Nakoruru_X02.mes,Script/dom3Nakoruru_X02.mes,167,4,[효과음/내레이션],バタッ,털썩,털썩
dom3Nakoruru_X02.mes,Script/dom3Nakoruru_X02.mes,168,6,주인공,食らえ!!,받아라!!,받아라!!
dom3Nakoruru_X02.mes,Script/dom3Nakoruru_X02.mes,169,6,[효과음/내레이션],バシュッ!,슈욱!,슈욱!
dom3Nakoruru_X02.mes,Script/dom3Nakoruru_X02.mes,170,5,[효과음/내레이션],ズンッ!,쿵!,쿵!
dom3Nakoruru_X02.mes,Script/dom3Nakoruru_X02.mes,171,10,UNKNOWN_8e,う、うおぉぉぉ……,"우, 우오오오……","우, 우오오오……"
dom3Nakoruru_X02.mes,Script/dom3Nakoruru_X02.mes,172,9,주인공,や、やったか!?,"해, 해냈나!?","해, 해냈나!?"
dom3Nakoruru_X02.mes,Script/dom3Nakoruru_X02.mes,173,25,UNKNOWN_8e,ま、まさか……我、<6E5C>の……覇道を……阻むなど……,"서, 설마……내<6E5C>가……패도를……막다니……","서, 설마……내<6E5C>가……패도를……막다니……"
dom3Nakoruru_X02.mes,Script/dom3Nakoruru_X02.mes,174,4,[효과음/내레이션],バタッ,털썩,털썩
dom3Nakoruru_X02.mes,Script/dom3Nakoruru_X02.mes,175,13,Nakoruru,やりましたね、<이름:3232>さん!,"해냈네요, <이름:3232>씨!","해냈네요, <이름:3232>씨!"
dom3Nakoruru_X02.mes,Script/dom3Nakoruru_X02.mes,176,7,Mina,……よかった,……다행이다,……다행이다
dom3Nakoruru_X02.mes,Script/dom3Nakoruru_X02.mes,177,27,주인공,は、はは……なんとか、ね.<6E5C>もう力は残ってないよ……,하하……어떻게든.<6E5C>이제 힘이 하나도 없어……,하하……어떻게든.<6E5C>이제 힘이 하나도 없어……
dom3Nakoruru_X02.mes,Script/dom3Nakoruru_X02.mes,178,13,주인공,あとのことは、頼んだ……,"나머지는, 부탁해……","나머지는, 부탁해……"
dom3Nakoruru_X02.mes,Script/dom3Nakoruru_X02.mes,179,4,[효과음/내레이션],バタッ,털썩,털썩
dom3Nakoruru_X02.mes,Script/dom3Nakoruru_X02.mes,180,7,Nakoruru,<이름:3232>さんっ!,<이름:3232>씨!,<이름:3232>씨!
dom3Nakoruru_X02.mes,Script/dom3Nakoruru_X02.mes,181,4,주인공,ん……,음……,음……
dom3Nakoruru_X02.mes,Script/dom3Nakoruru_X02.mes,182,11,UNKNOWN_1e,あ、気づきましたか?,"아, 정신드셨어요?","아, 정신드셨어요?"
dom3Nakoruru_X02.mes,Script/dom3Nakoruru_X02.mes,183,16,주인공,ナコルル……俺はいったい……?,나코루루……나 대체……?,나코루루……나 대체……?
dom3Nakoruru_X02.mes,Script/dom3Nakoruru_X02.mes,184,17,Nakoruru,<이름:3232>さんは意識を失ってたんですよ,<이름:3232>씨는 의식을 잃었었어요,<이름:3232>씨는 의식을 잃었었어요
dom3Nakoruru_X02.mes,Script/dom3Nakoruru_X02.mes,185,25,주인공,そうか……俺はユガを倒して、それ<6E5C>で力尽きて……,그렇구나……유가를 쓰러뜨리고<6E5C>힘이 다했어……,그렇구나……유가를 쓰러뜨리고<6E5C>힘이 다했어……
dom3Nakoruru_X02.mes,Script/dom3Nakoruru_X02.mes,186,14,주인공,そうだ!門はどうなった!?,맞다!문은 어떻게 됐어!,맞다!문은 어떻게 됐어!
dom3Nakoruru_X02.mes,Script/dom3Nakoruru_X02.mes,187,31,Nakoruru,大丈夫です.ミナさんの力を借りて<6E5C>、ちゃんと封印しましたから,괜찮아요.미나씨의 힘을 빌려서<6E5C>제대로 봉인했으니까요,괜찮아요.미나씨의 힘을 빌려서<6E5C>제대로 봉인했으니까요
dom3Nakoruru_X02.mes,Script/dom3Nakoruru_X02.mes,188,24,Nakoruru,これでこの山を覆う邪気もすぐに<6E5C>晴れるでしょう,이걸로 산을 뒤덮은 사기도 곧<6E5C>걷힐 거예요,이걸로 산을 뒤덮은 사기도 곧<6E5C>걷힐 거예요
dom3Nakoruru_X02.mes,Script/dom3Nakoruru_X02.mes,189,10,주인공,そうか……よかった,그렇구나……다행,그렇구나……다행
dom3Nakoruru_X02.mes,Script/dom3Nakoruru_X02.mes,190,11,Nakoruru,ありがとう、<이름:3232>さん,"고마워요, <이름:3232>씨","고마워요, <이름:3232>씨"
dom3Nakoruru_X02.mes,Script/dom3Nakoruru_X02.mes,191,3,주인공,え?,네?,네?
dom3Nakoruru_X02.mes,Script/dom3Nakoruru_X02.mes,192,44,Nakoruru,あなたとミナさんの助けがなければ<6E5C>、わたしは自分の使命を<6E5C>果たすことができませんでした,"당신과 미나 씨의 도움이 없었다면<6E5C>, 저는 제 사명을<6E5C>다하지 못했을 거예요","당신과 미나 씨의 도움이 없었다면<6E5C>, 저는 제 사명을<6E5C>다하지 못했을 거예요"
dom3Nakoruru_X02.mes,Script/dom3Nakoruru_X02.mes,193,12,Nakoruru,本当に、ありがとう……,"정말로, 고마워요……","정말로, 고마워요……"
dom3Nakoruru_X02.mes,Script/dom3Nakoruru_X02.mes,194,35,주인공,よしてくれ.<6E5C>俺はナコルルに礼を言ってほしくて<6E5C>手伝ったわけじゃない,됐어.<6E5C>나코루루한테 인사받으려고<6E5C>도와준 게 아니야,됐어.<6E5C>나코루루한테 인사받으려고<6E5C>도와준 게 아니야
dom3Nakoruru_X02.mes,Script/dom3Nakoruru_X02.mes,195,5,Nakoruru,……はい,……네,……네
dom3Nakoruru_X02.mes,Script/dom3Nakoruru_X02.mes,196,30,주인공,でも……これでここでのナコルルの<6E5C>仕事は終わったんだな……,근데……이걸로 여기서의 나코루루<6E5C>일은 끝난 거네……,근데……이걸로 여기서의 나코루루<6E5C>일은 끝난 거네……
dom3Nakoruru_X02.mes,Script/dom3Nakoruru_X02.mes,197,15,주인공,帰るのかい、カムイコタンへ?,카무이코탄으로 가?,카무이코탄으로 가?
dom3Nakoruru_X02.mes,Script/dom3Nakoruru_X02.mes,198,30,Nakoruru,はい…….山に平和が戻れば、<6E5C>もう、わたしのいる意味は……,네…….산에 평화가 돌아오면<6E5C>이제 제 의미는……,네…….산에 평화가 돌아오면<6E5C>이제 제 의미는……
dom3Nakoruru_X02.mes,Script/dom3Nakoruru_X02.mes,199,8,주인공,そ、そうか……,그렇구나……,그렇구나……
dom3Nakoruru_X02.mes,Script/dom3Nakoruru_X02.mes,200,3,Nakoruru,……,……,……
dom3Nakoruru_X02.mes,Script/dom3Nakoruru_X02.mes,201,40,주인공,あ、あのさ、ナコルル.明日、<6E5C>俺と……その、ふたりっきりで<6E5C>会ってくれないか?,"저기, 나코루루.내일<6E5C>나랑……그, 단둘이서만<6E5C>만나주지 않을래?","저기, 나코루루.내일<6E5C>나랑……그, 단둘이서만<6E5C>만나주지 않을래?"
dom3Nakoruru_X02.mes,Script/dom3Nakoruru_X02.mes,202,3,Nakoruru,え?,네?,네?
dom3Nakoruru_X02.mes,Script/dom3Nakoruru_X02.mes,203,23,주인공,せめて、ここでの最後の<6E5C>思い出作りに……さ!,적어도 마지막 추억<6E5C>만들려고……말이야!,적어도 마지막 추억<6E5C>만들려고……말이야!
dom3Nakoruru_X02.mes,Script/dom3Nakoruru_X02.mes,204,21,Nakoruru,……わたしも、<6E5C>同じことを思っていました,"……저도, 같은 생각을 하고 있었어요","……저도, 같은 생각을 하고 있었어요"
dom3Nakoruru_X02.mes,Script/dom3Nakoruru_X02.mes,205,22,주인공,よし、じゃあ決まりだ!<6E5C>明日が楽しみだなぁ,"좋아, 그럼 정해졌다!<6E5C>내일이 기대되네","좋아, 그럼 정해졌다!<6E5C>내일이 기대되네"
dom3Nakoruru_X02.mes,Script/dom3Nakoruru_X02.mes,206,6,Nakoruru,……ええ!,……네!,……네!
dom3Nakoruru_X03.mes,Script/dom3Nakoruru_X03.mes,0,15,주인공,ここでも、いろいろあったなぁ,여기서도 여러 일이 있었네,여기서도 여러 일이 있었네
dom3Nakoruru_X03.mes,Script/dom3Nakoruru_X03.mes,1,9,Nakoruru,フフ、そうですね,"후후, 그러네요","후후, 그러네요"
dom3Nakoruru_X03.mes,Script/dom3Nakoruru_X03.mes,2,27,주인공,ナコルルの仕事が無事に終わって<6E5C>よかったよ、ほんとに,나코루루 일이 무사히 끝나서<6E5C>정말 다행이야,나코루루 일이 무사히 끝나서<6E5C>정말 다행이야
dom3Nakoruru_X03.mes,Script/dom3Nakoruru_X03.mes,3,11,Nakoruru,<이름:3232>さんのおかげです,<이름:3232>님 덕분이에요,<이름:3232>님 덕분이에요
dom3Nakoruru_X03.mes,Script/dom3Nakoruru_X03.mes,4,48,주인공,いや、ナコルルががんばったからさ<6E5C>.ただの流れ者の俺から見れば、<6E5C>ほんとにすごいよ、ナコルルは,"아니, 나코루루가 열심히 했으니까<6E5C>그냥 떠돌이인 내가 보기엔,<6E5C>나코루루는 정말 대단해","아니, 나코루루가 열심히 했으니까<6E5C>그냥 떠돌이인 내가 보기엔,<6E5C>나코루루는 정말 대단해"
dom3Nakoruru_X03.mes,Script/dom3Nakoruru_X03.mes,5,29,Nakoruru,……そういえば、<이름:3232>さんは<6E5C>どうして旅をされてるんです?,"……그러고 보니, <이름:3232>님은<6E5C>왜 여행을 하시나요?","……그러고 보니, <이름:3232>님은<6E5C>왜 여행을 하시나요?"
dom3Nakoruru_X03.mes,Script/dom3Nakoruru_X03.mes,6,28,주인공,う~ん……今となっては、<6E5C>ナコルルに言うのは恥ずかしい,음……이제 와서<6E5C>나코루루한테 말하기 부끄럽네,음……이제 와서<6E5C>나코루루한테 말하기 부끄럽네
dom3Nakoruru_X03.mes,Script/dom3Nakoruru_X03.mes,7,7,Nakoruru,恥ずかしい?,부끄럽다뇨?,부끄럽다뇨?
dom3Nakoruru_X03.mes,Script/dom3Nakoruru_X03.mes,8,45,주인공,……家が武家でさ、物心ついた<6E5C>頃から父親に武士とは何かって<6E5C>ことを徹底的に叩き込まれたよ,"……집이 무가라서,<6E5C>철들 무렵부터 아버지한테 무사란<6E5C>무엇인지 철저히 배웠어","……집이 무가라서,<6E5C>철들 무렵부터 아버지한테 무사란<6E5C>무엇인지 철저히 배웠어"
dom3Nakoruru_X03.mes,Script/dom3Nakoruru_X03.mes,9,41,주인공,でも、俺にはその重みが耐えられ<6E5C>なかったんだ.それで、<6E5C>逃げるように家を出て……,근데 난 그 무게를 견딜 수<6E5C>없었어. 그래서<6E5C>도망치듯 집을 나와서……,근데 난 그 무게를 견딜 수<6E5C>없었어. 그래서<6E5C>도망치듯 집을 나와서……
dom3Nakoruru_X03.mes,Script/dom3Nakoruru_X03.mes,10,47,주인공,旅は楽しかったよ.気ままな<6E5C>その日募らし、うるさく言う人間も<6E5C>やらなきゃならないこともなくて,"여행은 즐거웠어. 마음대로<6E5C>하루하루 지내며, 잔소리하는<6E5C>사람도 할 일도 없었으니까","여행은 즐거웠어. 마음대로<6E5C>하루하루 지내며, 잔소리하는<6E5C>사람도 할 일도 없었으니까"
dom3Nakoruru_X03.mes,Script/dom3Nakoruru_X03.mes,11,20,주인공,そんな時に、ナコルル、<6E5C>君に会ったんだ,"그때, 나코루루,<6E5C>널 만난 거야","그때, 나코루루,<6E5C>널 만난 거야"
dom3Nakoruru_X03.mes,Script/dom3Nakoruru_X03.mes,12,3,Nakoruru,……,……,……
dom3Nakoruru_X03.mes,Script/dom3Nakoruru_X03.mes,13,19,주인공,最初は、<6E5C>変わった子だなぁと思ったよ,처음엔<6E5C>특이한 아이라고 생각했어,처음엔<6E5C>특이한 아이라고 생각했어
dom3Nakoruru_X03.mes,Script/dom3Nakoruru_X03.mes,14,4,Nakoruru,まぁ!,어머!,어머!
dom3Nakoruru_X03.mes,Script/dom3Nakoruru_X03.mes,15,47,주인공,はは、ごめん.でも、誰よりも<6E5C>自然を愛するナコルルを見ている<6E5C>うちに、どんどん惹かれていった,"하하, 미안. 근데 누구보다<6E5C>자연을 사랑하는 나코루루를 보면서<6E5C>점점 끌리게 됐어","하하, 미안. 근데 누구보다<6E5C>자연을 사랑하는 나코루루를 보면서<6E5C>점점 끌리게 됐어"
dom3Nakoruru_X03.mes,Script/dom3Nakoruru_X03.mes,16,13,Nakoruru,……ありがとうございます,……고맙습니다,……고맙습니다
dom3Nakoruru_X03.mes,Script/dom3Nakoruru_X03.mes,17,19,주인공,重い宿命を背負っていることも<6E5C>知った,무거운 숙명을 진 것도<6E5C>알게 됐어,무거운 숙명을 진 것도<6E5C>알게 됐어
dom3Nakoruru_X03.mes,Script/dom3Nakoruru_X03.mes,18,42,주인공,自分の弱さが情けなくて、<6E5C>どんなことでもいいからナコルルの<6E5C>力になりたいと思ったよ,"내 나약함이 한심해서,<6E5C>뭐든 좋으니 나코루루한테<6E5C>힘이 되고 싶다고 생각했어","내 나약함이 한심해서,<6E5C>뭐든 좋으니 나코루루한테<6E5C>힘이 되고 싶다고 생각했어"
dom3Nakoruru_X03.mes,Script/dom3Nakoruru_X03.mes,19,7,Nakoruru,<이름:3232>さん……,<이름:3232>님……,<이름:3232>님……
dom3Nakoruru_X03.mes,Script/dom3Nakoruru_X03.mes,20,38,주인공,……ナコルルに、女の子としての<6E5C>しあわせを求める気持ちが<6E5C>あることも知った,……나코루루한테도 여자로서<6E5C>행복을 바라는 마음이<6E5C>있단 걸 알았어,……나코루루한테도 여자로서<6E5C>행복을 바라는 마음이<6E5C>있단 걸 알았어
dom3Nakoruru_X03.mes,Script/dom3Nakoruru_X03.mes,21,6,Nakoruru,それは……,그건……,그건……
dom3Nakoruru_X03.mes,Script/dom3Nakoruru_X03.mes,22,32,주인공,ナコルルが宿命に殉じようと<6E5C>していることも知ってる.<6E5C>でも……,나코루루가 숙명에 순응하려는<6E5C>것도 알고 있어. 근데……,나코루루가 숙명에 순응하려는<6E5C>것도 알고 있어. 근데……
dom3Nakoruru_X03.mes,Script/dom3Nakoruru_X03.mes,23,22,[선택지],本当にそれでいいのか?それでもいいと思ってる,정말 그래도 괜찮아?\그래도 상관없어,정말 그래도 괜찮아?\그래도 상관없어
dom3Nakoruru_X03.mes,Script/dom3Nakoruru_X03.mes,24,48,주인공,本当にそれでいいのか?ナコルル<6E5C>にだって、ひとりの女の子として<6E5C>しあわせになる権利があるはずだ,정말 그래도 괜찮은 거야? 나코루루<6E5C>도 여자로서<6E5C>행복해질 권리가 있어,정말 그래도 괜찮은 거야? 나코루루<6E5C>도 여자로서<6E5C>행복해질 권리가 있어
dom3Nakoruru_X03.mes,Script/dom3Nakoruru_X03.mes,25,3,Nakoruru,……,……,……
dom3Nakoruru_X03.mes,Script/dom3Nakoruru_X03.mes,26,30,주인공,ナコルル……俺といっしょに行こう<6E5C>!ふたりで生きていこう!,나코루루……나랑 같이 가자<6E5C>! 둘이서 살아가자!,나코루루……나랑 같이 가자<6E5C>! 둘이서 살아가자!
dom3Nakoruru_X03.mes,Script/dom3Nakoruru_X03.mes,27,11,Nakoruru,……それはできません,……할 수 없어요,……할 수 없어요
dom3Nakoruru_X03.mes,Script/dom3Nakoruru_X03.mes,28,7,주인공,どうして!?,왜!?,왜!?
dom3Nakoruru_X03.mes,Script/dom3Nakoruru_X03.mes,29,38,Nakoruru,わたしはカムイコタンの巫女……<6E5C>あなたには、それをわかって<6E5C>ほしかった……,저는 카무이코탄의 무녀예요……<6E5C>당신이 그걸 알아주길<6E5C>바랐어요……,저는 카무이코탄의 무녀예요……<6E5C>당신이 그걸 알아주길<6E5C>바랐어요……
dom3Nakoruru_X03.mes,Script/dom3Nakoruru_X03.mes,30,8,주인공,でも、俺は……,하지만……,하지만……
dom3Nakoruru_X03.mes,Script/dom3Nakoruru_X03.mes,31,29,Nakoruru,<이름:3232>さんの気持ちは<6E5C>うれしいです.<6E5C>でも、わたしには……,"<이름:3232>님의 마음은<6E5C>기뻐요.<6E5C>하지만, 저는……","<이름:3232>님의 마음은<6E5C>기뻐요.<6E5C>하지만, 저는……"
dom3Nakoruru_X03.mes,Script/dom3Nakoruru_X03.mes,32,7,Nakoruru,ごめんなさい,죄송해요,죄송해요
dom3Nakoruru_X03.mes,Script/dom3Nakoruru_X03.mes,33,4,[효과음/내레이션],タタッ,타닥,타닥
dom3Nakoruru_X03.mes,Script/dom3Nakoruru_X03.mes,34,7,주인공,ナコルル……,나코루루……,나코루루……
dom3Nakoruru_X03.mes,Script/dom3Nakoruru_X03.mes,35,31,주인공,(そんなことはわかってる……<6E5C>わかってるけど、俺は君が……),"(그런 건 알고 있어……<6E5C>알고 있지만, 난 네가……)","(그런 건 알고 있어……<6E5C>알고 있지만, 난 네가……)"
dom3Nakoruru_X03.mes,Script/dom3Nakoruru_X03.mes,36,15,주인공,俺は、それでもいいと思ってる,난 그래도 괜찮다고 생각해,난 그래도 괜찮다고 생각해
dom3Nakoruru_X03.mes,Script/dom3Nakoruru_X03.mes,37,5,Nakoruru,え……?,네……?,네……?
dom3Nakoruru_X03.mes,Script/dom3Nakoruru_X03.mes,38,40,주인공,そんなナコルルを、俺は好きに<6E5C>なったんだ.だったら、<6E5C>全部受け止めたいって……,"그런 나코루루를, 난 좋아하게<6E5C>됐어. 그럼<6E5C>전부 받아들이고 싶다고……","그런 나코루루를, 난 좋아하게<6E5C>됐어. 그럼<6E5C>전부 받아들이고 싶다고……"
dom3Nakoruru_X03.mes,Script/dom3Nakoruru_X03.mes,39,7,Nakoruru,<이름:3232>さん……,<이름:3232>님……,<이름:3232>님……
dom3Nakoruru_X03.mes,Script/dom3Nakoruru_X03.mes,40,27,주인공,だから、俺も連れていってくれない<6E5C>か、カムイコタンへ,"그러니 나도 데려가 주지<6E5C>않을래, 카무이코탄으로","그러니 나도 데려가 주지<6E5C>않을래, 카무이코탄으로"
dom3Nakoruru_X03.mes,Script/dom3Nakoruru_X03.mes,41,3,Nakoruru,え?,네?,네?
dom3Nakoruru_X03.mes,Script/dom3Nakoruru_X03.mes,42,17,주인공,ずっと、君といっしょにいたいんだ,"계속, 너와 함께 있고 싶어","계속, 너와 함께 있고 싶어"
dom3Nakoruru_X03.mes,Script/dom3Nakoruru_X03.mes,43,11,Nakoruru,それは……できません,그건……안 돼요,그건……안 돼요
dom3Nakoruru_X03.mes,Script/dom3Nakoruru_X03.mes,44,6,주인공,どうして?,왜?,왜?
dom3Nakoruru_X03.mes,Script/dom3Nakoruru_X03.mes,45,31,Nakoruru,わたしの背負う宿命は、誰かと<6E5C>分かち合うものではないから……,"제 숙명은, 누군가와<6E5C>나눌 수 없으니까요……","제 숙명은, 누군가와<6E5C>나눌 수 없으니까요……"
dom3Nakoruru_X03.mes,Script/dom3Nakoruru_X03.mes,46,8,Nakoruru,ごめんなさい!,죄송해요!,죄송해요!
dom3Nakoruru_X03.mes,Script/dom3Nakoruru_X03.mes,47,4,[효과음/내레이션],タタッ,타닥,타닥
dom3Nakoruru_X03.mes,Script/dom3Nakoruru_X03.mes,48,20,주인공,(ナコルル、<6E5C>俺じゃダメなのか……?),"(나코루루,<6E5C>난 안 되나……?)","(나코루루,<6E5C>난 안 되나……?)"
dom3Nakoruru_X03.mes,Script/dom3Nakoruru_X03.mes,49,7,UNKNOWN_77,阿呆ゥがっ!,멍청한 놈!,멍청한 놈!
dom3Nakoruru_X03.mes,Script/dom3Nakoruru_X03.mes,50,8,UNKNOWN_75,うおぅりゃあ!,우오랴아!,우오랴아!
dom3Nakoruru_X03.mes,Script/dom3Nakoruru_X03.mes,51,6,[효과음/내레이션],ガキーン!,카앙!,카앙!
dom3Nakoruru_X03.mes,Script/dom3Nakoruru_X03.mes,52,45,주인공,(覇王丸さんと牙神幻十郎!<6E5C>あのふたりって、なんで飽きも<6E5C>せずに斬り合ってるのかな……),(하오마루 씨와 겐주로!<6E5C>저 둘은 왜 질리지도<6E5C>않고 계속 싸우는 걸까……),(하오마루 씨와 겐주로!<6E5C>저 둘은 왜 질리지도<6E5C>않고 계속 싸우는 걸까……)
dom3Nakoruru_X03.mes,Script/dom3Nakoruru_X03.mes,53,13,UNKNOWN_1e,こら!いい加減にしてよ!,이봐요! 적당히 해요!,이봐요! 적당히 해요!
dom3Nakoruru_X03.mes,Script/dom3Nakoruru_X03.mes,54,29,Shino,喧嘩ならよそでやっとくれ!<6E5C>こちとら商売あがったりだよ!,싸움은 딴 데서 좀 해!<6E5C>이러다 장사 망하겠다고!,싸움은 딴 데서 좀 해!<6E5C>이러다 장사 망하겠다고!
dom3Nakoruru_X03.mes,Script/dom3Nakoruru_X03.mes,55,19,UNKNOWN_75,やれやれ、また邪魔が<6E5C>入っちまったな,"어이구, 또 훼방이<6E5C>들어왔구먼","어이구, 또 훼방이<6E5C>들어왔구먼"
dom3Nakoruru_X03.mes,Script/dom3Nakoruru_X03.mes,56,14,Shino,ほらほら、さっさと行った!,"자자, 얼른 가라고!","자자, 얼른 가라고!"
dom3Nakoruru_X03.mes,Script/dom3Nakoruru_X03.mes,57,22,UNKNOWN_75,わ、わかったから塩をまくのは<6E5C>やめろって!,알았으니까 소금 뿌리는 건<6E5C>그만해!,알았으니까 소금 뿌리는 건<6E5C>그만해!
dom3Nakoruru_X03.mes,Script/dom3Nakoruru_X03.mes,58,6,주인공,(あ……),(아……),(아……)
dom3Nakoruru_X03.mes,Script/dom3Nakoruru_X03.mes,59,7,주인공,覇王丸さん!,하오마루!,하오마루!
dom3Nakoruru_X03.mes,Script/dom3Nakoruru_X03.mes,60,26,UNKNOWN_75,おう、<이름:3232>じゃねぇか.<6E5C>どうした、神妙そうな面して,"오, <이름:3232> 아니냐.<6E5C>왜 그래, 심각한 얼굴로","오, <이름:3232> 아니냐.<6E5C>왜 그래, 심각한 얼굴로"
dom3Nakoruru_X03.mes,Script/dom3Nakoruru_X03.mes,61,48,주인공,あの、閉きたいんですけど……<6E5C>覇王丸さんはどうして闘うんですか<6E5C>?相手が斬りかかってくるから?,"저기, 여쭤보고 싶은데요……<6E5C>하오마루 씨는 왜 싸우세요<6E5C>? 상대가 베어 오니까요?","저기, 여쭤보고 싶은데요……<6E5C>하오마루 씨는 왜 싸우세요<6E5C>? 상대가 베어 오니까요?"
dom3Nakoruru_X03.mes,Script/dom3Nakoruru_X03.mes,62,36,UNKNOWN_75,は?いきなりなんでぃ.<6E5C>んなもん、死合いが好きだからに<6E5C>決まってんだろ,뭐? 갑자기 뭔 소리야.<6E5C>그야 결투가 좋아서<6E5C>그런 거지,뭐? 갑자기 뭔 소리야.<6E5C>그야 결투가 좋아서<6E5C>그런 거지
dom3Nakoruru_X03.mes,Script/dom3Nakoruru_X03.mes,63,3,주인공,へ?,엥?,엥?
dom3Nakoruru_X03.mes,Script/dom3Nakoruru_X03.mes,64,17,UNKNOWN_75,だから好きでやってるんだよ、俺は,그러니까 좋아서 하는 거야,그러니까 좋아서 하는 거야
dom3Nakoruru_X03.mes,Script/dom3Nakoruru_X03.mes,65,17,주인공,ひ、人を斬るのが趣味なんですか?,사람 베는 게 취미예요?,사람 베는 게 취미예요?
dom3Nakoruru_X03.mes,Script/dom3Nakoruru_X03.mes,66,43,UNKNOWN_75,そうじゃねぇよ.剣に生きて、剣に<6E5C>死す.それが俺の信念なんだよ.<6E5C>そのための死合いだ,"그게 아니야. 검에 살고, 검에<6E5C>죽는다. 그게 신념이야.<6E5C>그걸 위한 결투야","그게 아니야. 검에 살고, 검에<6E5C>죽는다. 그게 신념이야.<6E5C>그걸 위한 결투야"
dom3Nakoruru_X03.mes,Script/dom3Nakoruru_X03.mes,67,5,주인공,信念……,신념……,신념……
dom3Nakoruru_X03.mes,Script/dom3Nakoruru_X03.mes,68,52,UNKNOWN_75,ま、大したこっちゃねぇよ.<6E5C>行き着く先は武士道か、<6E5C>修羅道か……<485C>どっちにしろ、<6E5C>ろくな死に方はしねぇ,"뭐, 별거 아니야.<6E5C>끝은 무사도든,<6E5C>수라도든……<485C>어느 쪽이든<6E5C>제대로 된 죽음은 아니겠지","뭐, 별거 아니야.<6E5C>끝은 무사도든,<6E5C>수라도든……<485C>어느 쪽이든<6E5C>제대로 된 죽음은 아니겠지"
dom3Nakoruru_X03.mes,Script/dom3Nakoruru_X03.mes,69,43,주인공,強いわけですね、覇王丸さんは.<6E5C>信念があるから強いのか、<6E5C>強いから信念があるのか……,"그래서 강하신 거군요.<6E5C>신념이 있어 강한 건지,<6E5C>강해서 신념이 생긴 건지……","그래서 강하신 거군요.<6E5C>신념이 있어 강한 건지,<6E5C>강해서 신념이 생긴 건지……"
dom3Nakoruru_X03.mes,Script/dom3Nakoruru_X03.mes,70,40,UNKNOWN_75,何を小難しいこと考えてんだぁ?<6E5C>男なら、これと決めたことを<6E5C>極めればいいんだよ,뭘 그리 어렵게 생각해?<6E5C>사내라면 이거다 싶은 걸<6E5C>끝까지 파면 돼,뭘 그리 어렵게 생각해?<6E5C>사내라면 이거다 싶은 걸<6E5C>끝까지 파면 돼
dom3Nakoruru_X03.mes,Script/dom3Nakoruru_X03.mes,71,15,주인공,たとえそれが色恋であっても?,그게 설령 사랑이라도요?,그게 설령 사랑이라도요?
dom3Nakoruru_X03.mes,Script/dom3Nakoruru_X03.mes,72,46,UNKNOWN_75,惚れた女のために死ぬなんざ、<6E5C>最高にかっこいいじゃねぇか.<6E5C>俺は好きだぜ、そういう馬鹿な男,"반한 여자를 위해 죽다니,<6E5C>최고로 멋진 거 아니냐.<6E5C>그런 바보 같은 남자가 좋더라","반한 여자를 위해 죽다니,<6E5C>최고로 멋진 거 아니냐.<6E5C>그런 바보 같은 남자가 좋더라"
dom3Nakoruru_X03.mes,Script/dom3Nakoruru_X03.mes,73,28,주인공,そうか……どんな想いも、<6E5C>信念と極めれば道になる……か,그렇군……어떤 마음도<6E5C>신념이 되면 길이 되는군,그렇군……어떤 마음도<6E5C>신념이 되면 길이 되는군
dom3Nakoruru_X03.mes,Script/dom3Nakoruru_X03.mes,74,20,주인공,ありがとうございました、<6E5C>覇王丸さん!,"감사했습니다,<6E5C>하오마루 씨!","감사했습니다,<6E5C>하오마루 씨!"
dom3Nakoruru_X03.mes,Script/dom3Nakoruru_X03.mes,75,25,UNKNOWN_75,お?おぉ、なんだかよくわから<6E5C>ねぇが、がんばりな,"오? 오오, 뭔지 잘은<6E5C>모르겠다만, 힘내라","오? 오오, 뭔지 잘은<6E5C>모르겠다만, 힘내라"
dom3Nakoruru_X03.mes,Script/dom3Nakoruru_X03.mes,76,34,주인공,(そうだ……何を迷うことがある.<6E5C>俺はナコルルのためなら死ねる!),(그래……망설일 게 뭐야.<6E5C>나코루루를 위해 죽을 수 있어!),(그래……망설일 게 뭐야.<6E5C>나코루루를 위해 죽을 수 있어!)
dom3Nakoruru_X03.mes,Script/dom3Nakoruru_X03.mes,77,30,주인공,(父さんは不満かもしれないけど…<6E5C>…それが俺の武士道だ!),(아버지는 불만이겠지만…<6E5C>…그게 내 무사도야!),(아버지는 불만이겠지만…<6E5C>…그게 내 무사도야!)
dom3Nakoruru_X04.mes,Script/dom3Nakoruru_X04.mes,0,26,주인공,(駄目だ……うまい告白の言葉が<6E5C>思い浮かばない!),(안 되겠어……멋진 고백이<6E5C>떠오르지 않아!),(안 되겠어……멋진 고백이<6E5C>떠오르지 않아!)
dom3Nakoruru_X04.mes,Script/dom3Nakoruru_X04.mes,1,37,주인공,(いろはに閉こうにも、回復した<6E5C>色さんを町に送りに<6E5C>行っちゃったしなぁ),"(이로하한테 묻자니, 회복한<6E5C>시키를 마을에 데려다주러<6E5C>갔는데)","(이로하한테 묻자니, 회복한<6E5C>시키를 마을에 데려다주러<6E5C>갔는데)"
dom3Nakoruru_X04.mes,Script/dom3Nakoruru_X04.mes,2,25,주인공,(まぁいいや、急いでナコルルの<6E5C>ところへ行こう),"(뭐 됐어, 서둘러 나코루루한테<6E5C>가자)","(뭐 됐어, 서둘러 나코루루한테<6E5C>가자)"
dom3Nakoruru_X04.mes,Script/dom3Nakoruru_X04.mes,3,10,UNKNOWN_7e,あー!<이름:3232>兄様だ!,<이름:3232> 오라버니다!,<이름:3232> 오라버니다!
dom3Nakoruru_X04.mes,Script/dom3Nakoruru_X04.mes,4,15,주인공,よう、リムルル.ナコルルは?,"리무루루, 나코루루는?","리무루루, 나코루루는?"
dom3Nakoruru_X04.mes,Script/dom3Nakoruru_X04.mes,5,47,UNKNOWN_7e,姉様?知らなーい.朝からずっと<6E5C>いないんだ.兄様でいいから、<6E5C>いっしょにかくれんぼしようよ!,"언니? 몰라~. 아침부터 계속<6E5C>없어. 오라버니라도 좋으니까,<6E5C>같이 숨바꼭질하자!","언니? 몰라~. 아침부터 계속<6E5C>없어. 오라버니라도 좋으니까,<6E5C>같이 숨바꼭질하자!"
dom3Nakoruru_X04.mes,Script/dom3Nakoruru_X04.mes,6,25,주인공,ごめん、リムルル.<6E5C>今日はそれどころじゃないんだ,"미안, 리무루루.<6E5C>오늘은 그럴 상황이 아니야","미안, 리무루루.<6E5C>오늘은 그럴 상황이 아니야"
dom3Nakoruru_X04.mes,Script/dom3Nakoruru_X04.mes,7,11,UNKNOWN_7e,えー、つまんないの!,"에이, 재미없어!","에이, 재미없어!"
dom3Nakoruru_X04.mes,Script/dom3Nakoruru_X04.mes,8,21,UNKNOWN_74,おう、テメェ、今日こそ決着を<6E5C>つけようぜ,"어이, 오늘이야말로 결판을<6E5C>내자고","어이, 오늘이야말로 결판을<6E5C>내자고"
dom3Nakoruru_X04.mes,Script/dom3Nakoruru_X04.mes,9,22,주인공,そんなことより、ナコルルを<6E5C>見なかったか?,"그런 것보다, 나코루루<6E5C>못 봤어?","그런 것보다, 나코루루<6E5C>못 봤어?"
dom3Nakoruru_X04.mes,Script/dom3Nakoruru_X04.mes,10,38,UNKNOWN_74,あぁ?なんでオレがテメェに<6E5C>そんなこと教えてやらなきゃ<6E5C>ならねぇんだよっ!,뭐? 왜 내가 네놈한테<6E5C>그런 걸 가르쳐 줘야<6E5C>하는 건데!,뭐? 왜 내가 네놈한테<6E5C>그런 걸 가르쳐 줘야<6E5C>하는 건데!
dom3Nakoruru_X04.mes,Script/dom3Nakoruru_X04.mes,11,10,주인공,頼む!この通りだ!,"부탁해, 제발!","부탁해, 제발!"
dom3Nakoruru_X04.mes,Script/dom3Nakoruru_X04.mes,12,29,UNKNOWN_74,な、なんだよ、調子狂うな.<6E5C>知らねぇよ、オレは見てねぇ!,"뭐, 뭐야, 김새게.<6E5C>몰라, 난 못 봤어!","뭐, 뭐야, 김새게.<6E5C>몰라, 난 못 봤어!"
dom3Nakoruru_X04.mes,Script/dom3Nakoruru_X04.mes,13,15,주인공,そうか.わかった、ありがとう,"그렇군. 알았어, 고마워","그렇군. 알았어, 고마워"
dom3Nakoruru_X04.mes,Script/dom3Nakoruru_X04.mes,14,43,Shino,ナコルルさん?見てないねぇ.<6E5C>ごらんの通り大忙しで、<6E5C>通りを覗いてるヒマもないんだよ,"나코루루 씨? 못 봤는데.<6E5C>보다시피 엄청 바빠서,<6E5C>거리를 살필 틈도 없다고","나코루루 씨? 못 봤는데.<6E5C>보다시피 엄청 바빠서,<6E5C>거리를 살필 틈도 없다고"
dom3Nakoruru_X04.mes,Script/dom3Nakoruru_X04.mes,15,24,Shino,そうだ、<이름:3232>さん.<6E5C>ちょっと手伝っていってよ!,"참, <이름:3232> 씨.<6E5C>잠깐 좀 도와주고 가!","참, <이름:3232> 씨.<6E5C>잠깐 좀 도와주고 가!"
dom3Nakoruru_X04.mes,Script/dom3Nakoruru_X04.mes,16,22,주인공,い、いや、今日は無理です!<6E5C>ごめんなさい!,"아니, 오늘은 안 돼요!<6E5C>죄송해요!","아니, 오늘은 안 돼요!<6E5C>죄송해요!"
dom3Nakoruru_X04.mes,Script/dom3Nakoruru_X04.mes,17,28,주인공,あ、ミナ…….このあいだは<6E5C>ありがとう、手伝ってくれて,"아, 미나…….지난번엔<6E5C>고마웠어, 도와줘서","아, 미나…….지난번엔<6E5C>고마웠어, 도와줘서"
dom3Nakoruru_X04.mes,Script/dom3Nakoruru_X04.mes,18,21,Mina,別に……あれはわたしの<6E5C>仕事でもあるから,별로……그건 나한테도<6E5C>일이니까,별로……그건 나한테도<6E5C>일이니까
dom3Nakoruru_X04.mes,Script/dom3Nakoruru_X04.mes,19,33,주인공,そうか、ミナは妖滅師だもんな.<6E5C>ところで、ナコルル見なかったか?,"그렇군, 미나는 요멸사였지.<6E5C>그런데, 나코루루 못 봤어?","그렇군, 미나는 요멸사였지.<6E5C>그런데, 나코루루 못 봤어?"
dom3Nakoruru_X04.mes,Script/dom3Nakoruru_X04.mes,20,10,Mina,さあ……見てないわ,글쎄……못 봤는데,글쎄……못 봤는데
dom3Nakoruru_X04.mes,Script/dom3Nakoruru_X04.mes,21,5,UNKNOWN_7b,ミナー!,미나~!,미나~!
dom3Nakoruru_X04.mes,Script/dom3Nakoruru_X04.mes,22,7,Mina,え?……そう,어?……그래,어?……그래
dom3Nakoruru_X04.mes,Script/dom3Nakoruru_X04.mes,23,6,주인공,なんだい?,왜 그래?,왜 그래?
dom3Nakoruru_X04.mes,Script/dom3Nakoruru_X04.mes,24,32,Mina,さっき、チャンプルが見たって……<6E5C>.川の上流にいたらしいわ……,"방금, 챰프루가 봤다는데……<6E5C>강 상류에 있었나 봐……","방금, 챰프루가 봤다는데……<6E5C>강 상류에 있었나 봐……"
dom3Nakoruru_X04.mes,Script/dom3Nakoruru_X04.mes,25,21,주인공,そうか!<6E5C>ありがとう、ミナ、チャンプル!,"그렇구나!<6E5C>고마워, 미나, 챰프루!","그렇구나!<6E5C>고마워, 미나, 챰프루!"
dom3Nakoruru_X04.mes,Script/dom3Nakoruru_X04.mes,26,11,주인공,(ナコルルは……と),(나코루루…어디),(나코루루…어디)
dom3Nakoruru_X04.mes,Script/dom3Nakoruru_X04.mes,27,10,Nakoruru,違う!わたしは……,아니야! 저는……,아니야! 저는……
dom3Nakoruru_X04.mes,Script/dom3Nakoruru_X04.mes,28,23,주인공,あ、いた.<6E5C>ん?誰だ、いっしょにいるのは……,"있다.<6E5C>누구지, 같이 있는 사람은……","있다.<6E5C>누구지, 같이 있는 사람은……"
dom3Nakoruru_X04.mes,Script/dom3Nakoruru_X04.mes,29,24,주인공,(なんだ!?<6E5C>なんとナコルルにそっくりな……),(뭐야!?<6E5C>나코루루랑 똑같이 생겼……),(뭐야!?<6E5C>나코루루랑 똑같이 생겼……)
dom3Nakoruru_X04.mes,Script/dom3Nakoruru_X04.mes,30,34,Nakoruru,わたしは、巫女としての<6E5C>使命を果たすために生きると<6E5C>決めているわ!,"나는, 무녀로서의<6E5C>사명을 다하기 위해 살기로<6E5C>정했어!","나는, 무녀로서의<6E5C>사명을 다하기 위해 살기로<6E5C>정했어!"
dom3Nakoruru_X04.mes,Script/dom3Nakoruru_X04.mes,31,28,UNKNOWN_1e,ふふ、なら、どうしてその<6E5C>男のことを思ってうつむくの?,"후후, 왜 그<6E5C>남자 생각에 고개 숙이는 거지?","후후, 왜 그<6E5C>남자 생각에 고개 숙이는 거지?"
dom3Nakoruru_X04.mes,Script/dom3Nakoruru_X04.mes,32,13,Nakoruru,え……?<6E5C>あ、<이름:3232>さん!,"네……?<6E5C>아, <이름:3232>님!","네……?<6E5C>아, <이름:3232>님!"
dom3Nakoruru_X04.mes,Script/dom3Nakoruru_X04.mes,33,17,주인공,ナコルル……あの人はいったい……,나코루루……저 사람은 대체……,나코루루……저 사람은 대체……
dom3Nakoruru_X04.mes,Script/dom3Nakoruru_X04.mes,34,11,Nakoruru,あれは……わたしです,저건……저예요,저건……저예요
dom3Nakoruru_X04.mes,Script/dom3Nakoruru_X04.mes,35,3,주인공,へ?,엥?,엥?
dom3Nakoruru_X04.mes,Script/dom3Nakoruru_X04.mes,36,30,Nakoruru,もうひとりのわたし.<6E5C>未熟なわたしの心に吹き荒れる<6E5C>風です,또 다른 저죠.<6E5C>미숙한 제 마음에 부는<6E5C>바람이에요,또 다른 저죠.<6E5C>미숙한 제 마음에 부는<6E5C>바람이에요
dom3Nakoruru_X04.mes,Script/dom3Nakoruru_X04.mes,37,14,주인공,もうひとりの、ナコルル……,"또 다른, 나코루루……","또 다른, 나코루루……"
dom3Nakoruru_X04.mes,Script/dom3Nakoruru_X04.mes,38,29,UNKNOWN_a0,ほら、ほっとしたでしょう?<6E5C>その男が現れて、安心している,"봐, 안심했지?<6E5C>그 남자가 나타나 마음이 놓였잖아","봐, 안심했지?<6E5C>그 남자가 나타나 마음이 놓였잖아"
dom3Nakoruru_X04.mes,Script/dom3Nakoruru_X04.mes,39,8,Nakoruru,そ、それは……,"그, 그건……","그, 그건……"
dom3Nakoruru_X04.mes,Script/dom3Nakoruru_X04.mes,40,37,UNKNOWN_a0,今のその気持ちが、あなたの本心よ<6E5C>.その男の胸に<6E5C>飛び込みたいんでしょ?,지금 그 마음이 네 진심이야<6E5C>. 그 남자 품에<6E5C>뛰어들고 싶잖아?,지금 그 마음이 네 진심이야<6E5C>. 그 남자 품에<6E5C>뛰어들고 싶잖아?
dom3Nakoruru_X04.mes,Script/dom3Nakoruru_X04.mes,41,4,주인공,え……,어……,어……
dom3Nakoruru_X04.mes,Script/dom3Nakoruru_X04.mes,42,28,Nakoruru,たとえそう思っていたとしても……<6E5C>わたしにはできない!,설령 그렇게 생각해도……<6E5C>저는 할 수 없어요!,설령 그렇게 생각해도……<6E5C>저는 할 수 없어요!
dom3Nakoruru_X04.mes,Script/dom3Nakoruru_X04.mes,43,25,UNKNOWN_a0,なぜ?その男では巫女の使命に<6E5C>耐え切れないから?,왜? 그 남자로는 사명을<6E5C>견딜 수 없어서?,왜? 그 남자로는 사명을<6E5C>견딜 수 없어서?
dom3Nakoruru_X04.mes,Script/dom3Nakoruru_X04.mes,44,29,UNKNOWN_a0,それとも、あなた自身がその男の<6E5C>欲求に耐えられないから?,"아니면, 네가 그 남자의<6E5C>욕구를 견딜 수 없어서?","아니면, 네가 그 남자의<6E5C>욕구를 견딜 수 없어서?"
dom3Nakoruru_X04.mes,Script/dom3Nakoruru_X04.mes,45,21,Nakoruru,……わたしは、カムイコタンの<6E5C>巫女だから,"……저는, 카무이코탄의<6E5C>무녀니까요","……저는, 카무이코탄의<6E5C>무녀니까요"
dom3Nakoruru_X04.mes,Script/dom3Nakoruru_X04.mes,46,52,UNKNOWN_a0,そうよ、<6E5C>あなたはカムイコタンの巫女<485C>そんな男に心を奪われ、<6E5C>見失ってはいけない使命を<6E5C>持っているのよ,"그래,<6E5C>넌 카무이코탄의 무녀<485C>그런 남자에게 마음을 빼앗겨,<6E5C>놓쳐선 안 될 사명이<6E5C>있는 거야","그래,<6E5C>넌 카무이코탄의 무녀<485C>그런 남자에게 마음을 빼앗겨,<6E5C>놓쳐선 안 될 사명이<6E5C>있는 거야"
dom3Nakoruru_X04.mes,Script/dom3Nakoruru_X04.mes,47,14,Nakoruru,わかってるわ、そんなこと!,"알고 있어요, 그런 건!","알고 있어요, 그런 건!"
dom3Nakoruru_X04.mes,Script/dom3Nakoruru_X04.mes,48,13,UNKNOWN_a0,なら、その男を殺しなさい,"그럼, 그 남자를 죽여","그럼, 그 남자를 죽여"
dom3Nakoruru_X04.mes,Script/dom3Nakoruru_X04.mes,49,6,Nakoruru,え……!?,네……!?,네……!?
dom3Nakoruru_X04.mes,Script/dom3Nakoruru_X04.mes,50,9,주인공,なんだってぇ!?,뭐라고!?,뭐라고!?
dom3Nakoruru_X04.mes,Script/dom3Nakoruru_X04.mes,51,23,UNKNOWN_a0,そうすれば、<6E5C>余計な未練も断ち切れるでしょ?,"그럼,<6E5C>미련도 끊어낼 수 있잖아?","그럼,<6E5C>미련도 끊어낼 수 있잖아?"
dom3Nakoruru_X04.mes,Script/dom3Nakoruru_X04.mes,52,15,Nakoruru,そんなこと、できるわけない!,그런 짓 못 해!,그런 짓 못 해!
dom3Nakoruru_X04.mes,Script/dom3Nakoruru_X04.mes,53,19,UNKNOWN_a0,だったら、もう少し素直に<6E5C>なりなさい,"그럼, 좀 더 솔직해<6E5C>지도록 해","그럼, 좀 더 솔직해<6E5C>지도록 해"
dom3Nakoruru_X04.mes,Script/dom3Nakoruru_X04.mes,54,7,Nakoruru,……わたしは,……저는,……저는
dom3Nakoruru_X04.mes,Script/dom3Nakoruru_X04.mes,55,37,UNKNOWN_a0,そうやって自分を縛る鎖を幾重にも<6E5C>重ねていくから、<6E5C>わたしが生まれたのよ,"그렇게 자신을 옭아매는 사슬을 겹겹<6E5C>쌓아가니까,<6E5C>내가 태어난 거야","그렇게 자신을 옭아매는 사슬을 겹겹<6E5C>쌓아가니까,<6E5C>내가 태어난 거야"
dom3Nakoruru_X04.mes,Script/dom3Nakoruru_X04.mes,56,32,UNKNOWN_a0,あなたがもう少しだけ素直になれば<6E5C>、わたしは存在せずに済む……,"네가 조금만 더 솔직하면<6E5C>, 나는 존재하지 않아도 돼……","네가 조금만 더 솔직하면<6E5C>, 나는 존재하지 않아도 돼……"
dom3Nakoruru_X04.mes,Script/dom3Nakoruru_X04.mes,57,7,Nakoruru,わたしは……,저는……,저는……
dom3Nakoruru_X04.mes,Script/dom3Nakoruru_X04.mes,58,39,주인공,ナコルル、俺の気持ちは昨日<6E5C>伝えた通りだ.君と、いっしょに<6E5C>生きていきたい!,"나코루루, 내 마음은 어제<6E5C>전한 그대로야. 너와 함께<6E5C>살아가고 싶어!","나코루루, 내 마음은 어제<6E5C>전한 그대로야. 너와 함께<6E5C>살아가고 싶어!"
dom3Nakoruru_X04.mes,Script/dom3Nakoruru_X04.mes,59,24,Nakoruru,……わたしも……わたしも<6E5C><이름:3232>さんと生きたい!,……저도……저도<6E5C><이름:3232>님과 살고 싶어요!,……저도……저도<6E5C><이름:3232>님과 살고 싶어요!
dom3Nakoruru_X04.mes,Script/dom3Nakoruru_X04.mes,60,32,UNKNOWN_a0,そう……それでいいのよ.<6E5C>その男なら、<6E5C>きっと大丈夫だから……,그래……그거면 됐어.<6E5C>그 남자라면<6E5C>분명 괜찮을 테니까……,그래……그거면 됐어.<6E5C>그 남자라면<6E5C>분명 괜찮을 테니까……
dom3Nakoruru_X04.mes,Script/dom3Nakoruru_X04.mes,61,30,주인공,あ……風とともに消えてしまった.<6E5C>いったいどういうことだ?,아……바람과 함께 사라졌어.<6E5C>대체 어떻게 된 거지?,아……바람과 함께 사라졌어.<6E5C>대체 어떻게 된 거지?
dom3Nakoruru_X04.mes,Script/dom3Nakoruru_X04.mes,62,25,Nakoruru,……わたしは……今まで自分に嘘を<6E5C>ついていました,……저는 지금까지 제게<6E5C>거짓말을 했어요,……저는 지금까지 제게<6E5C>거짓말을 했어요
dom3Nakoruru_X04.mes,Script/dom3Nakoruru_X04.mes,63,30,Nakoruru,本当は苦しいのに、不安なのに、<6E5C>いつも自分を抑えてきた……,"사실은 괴롭고 불안한데,<6E5C>스스로를 억눌러 왔어요……","사실은 괴롭고 불안한데,<6E5C>스스로를 억눌러 왔어요……"
dom3Nakoruru_X04.mes,Script/dom3Nakoruru_X04.mes,64,29,주인공,もういいんだ、ナコルル.<6E5C>ひとりで全部を背負い込まなくて,"이제 됐어, 나코루루.<6E5C>혼자 다 짊어지지 않아도 돼","이제 됐어, 나코루루.<6E5C>혼자 다 짊어지지 않아도 돼"
dom3Nakoruru_X04.mes,Script/dom3Nakoruru_X04.mes,65,24,Nakoruru,本当に?わたしは誰かを頼って<6E5C>しまっていいの?,정말요? 누군가에게 기대도<6E5C>괜찮은 걸까요?,정말요? 누군가에게 기대도<6E5C>괜찮은 걸까요?
dom3Nakoruru_X04.mes,Script/dom3Nakoruru_X04.mes,66,22,[선택지],使命を忘れなければいい俺を頼ってくれればいい,사명을 잊지 않으면 돼\나한테 기대주면 돼,사명을 잊지 않으면 돼\나한테 기대주면 돼
dom3Nakoruru_X04.mes,Script/dom3Nakoruru_X04.mes,67,23,주인공,自分の使命を忘れなければ、<6E5C>それでいいと思う,사명을 잊지 않으면<6E5C>됐다고 생각해,사명을 잊지 않으면<6E5C>됐다고 생각해
dom3Nakoruru_X04.mes,Script/dom3Nakoruru_X04.mes,68,30,Nakoruru,そうですね……やっぱり、使命を<6E5C>忘れてはいけませんよね……,"그렇네요……역시, 사명을<6E5C>잊어서는 안 되겠죠……","그렇네요……역시, 사명을<6E5C>잊어서는 안 되겠죠……"
dom3Nakoruru_X04.mes,Script/dom3Nakoruru_X04.mes,69,8,주인공,え?ナコルル?,나코루루?,나코루루?
dom3Nakoruru_X04.mes,Script/dom3Nakoruru_X04.mes,70,44,Nakoruru,……わたしはカムイコタンの巫女.<6E5C>カムイの力を受け維ぎ、大自然を<6E5C>守って闘っていく運命,……저는 카무이코탄의 무녀.<6E5C>카무이의 힘을 이어받아 대자연을<6E5C>지키며 싸울 운명,……저는 카무이코탄의 무녀.<6E5C>카무이의 힘을 이어받아 대자연을<6E5C>지키며 싸울 운명
dom3Nakoruru_X04.mes,Script/dom3Nakoruru_X04.mes,71,17,주인공,だから、その使命をいっしょに……,"그러니까, 그 사명을 함께……","그러니까, 그 사명을 함께……"
dom3Nakoruru_X04.mes,Script/dom3Nakoruru_X04.mes,72,38,Nakoruru,いいえ……これはわたしの使命.<6E5C>誰かと共に背負っていくものでは<6E5C>ありません,아니요……이건 제 사명.<6E5C>누군가와 함께 짊어질 수<6E5C>있는 게 아니에요,아니요……이건 제 사명.<6E5C>누군가와 함께 짊어질 수<6E5C>있는 게 아니에요
dom3Nakoruru_X04.mes,Script/dom3Nakoruru_X04.mes,73,31,Nakoruru,<이름:3232>さん……今まで、ありがとう.<6E5C>わたしは……使命に殉じます,<이름:3232>님……지금까지 고마웠어요.<6E5C>저는……사명을 따르겠어요,<이름:3232>님……지금까지 고마웠어요.<6E5C>저는……사명을 따르겠어요
dom3Nakoruru_X04.mes,Script/dom3Nakoruru_X04.mes,74,4,[효과음/내레이션],タタッ,타닥,타닥
dom3Nakoruru_X04.mes,Script/dom3Nakoruru_X04.mes,75,8,주인공,ナコルル……!,나코루루……!,나코루루……!
dom3Nakoruru_X04.mes,Script/dom3Nakoruru_X04.mes,76,22,주인공,他の誰でもなく、俺を頼って<6E5C>くれればいい!,다른 누구도 아닌 나한테<6E5C>기대주면 돼!,다른 누구도 아닌 나한테<6E5C>기대주면 돼!
dom3Nakoruru_X04.mes,Script/dom3Nakoruru_X04.mes,77,7,Nakoruru,<이름:3232>さん……,<이름:3232>님……,<이름:3232>님……
dom3Nakoruru_X04.mes,Script/dom3Nakoruru_X04.mes,78,21,주인공,俺はやっと、貫くべき信念を<6E5C>見つけたんだ,난 드디어 관철할 신념을<6E5C>찾았어,난 드디어 관철할 신념을<6E5C>찾았어
dom3Nakoruru_X04.mes,Script/dom3Nakoruru_X04.mes,79,46,주인공,自分が世界で一番大切に想う人を、<6E5C>そばで見守り続けることが、俺の道<6E5C>.俺が見つけた武士道だ,"내게 가장 소중한 사람을,<6E5C>곁에서 지켜보는 게 내 길<6E5C>. 내가 찾은 무사도야","내게 가장 소중한 사람을,<6E5C>곁에서 지켜보는 게 내 길<6E5C>. 내가 찾은 무사도야"
dom3Nakoruru_X04.mes,Script/dom3Nakoruru_X04.mes,80,28,주인공,武士道とは……信念を貫くことと<6E5C>見つけたり!……ってね,무사도란……신념을 관철하는 것과<6E5C>같다! ……라나,무사도란……신념을 관철하는 것과<6E5C>같다! ……라나
dom3Nakoruru_X04.mes,Script/dom3Nakoruru_X04.mes,81,12,Nakoruru,ありがとう……<이름:3232>さん,고마워요……<이름:3232>님,고마워요……<이름:3232>님
dom3Nakoruru_X04.mes,Script/dom3Nakoruru_X04.mes,82,24,주인공,明日、カムイコタンへ帰ろう.<6E5C>リムルルと三人で,내일 카무이코탄에 가자.<6E5C>리무루루와 셋이,내일 카무이코탄에 가자.<6E5C>리무루루와 셋이
dom3Nakoruru_X04.mes,Script/dom3Nakoruru_X04.mes,83,6,Nakoruru,え、明日?,내일요?,내일요?
dom3Nakoruru_X04.mes,Script/dom3Nakoruru_X04.mes,84,29,주인공,嫌かい?もう、この森をおびやかす<6E5C>邪気は退治したんだろ?,"싫어? 이제, 이 숲을 위협하는<6E5C>사기는 퇴치했잖아?","싫어? 이제, 이 숲을 위협하는<6E5C>사기는 퇴치했잖아?"
dom3Nakoruru_X04.mes,Script/dom3Nakoruru_X04.mes,85,5,Nakoruru,でも……,근데……,근데……
dom3Nakoruru_X04.mes,Script/dom3Nakoruru_X04.mes,86,5,UNKNOWN_79,ピーッ!,삐이익!,삐이익!
dom3Nakoruru_X04.mes,Script/dom3Nakoruru_X04.mes,87,15,주인공,ほら、ママハハも帰りたいって,마마하하도 돌아가고 싶대,마마하하도 돌아가고 싶대
dom3Nakoruru_X04.mes,Script/dom3Nakoruru_X04.mes,88,3,Nakoruru,……,……,……
dom3Nakoruru_X04.mes,Script/dom3Nakoruru_X04.mes,89,9,Nakoruru,……わかりました,……알겠어요,……알겠어요
dom3Nakoruru_X04.mes,Script/dom3Nakoruru_X04.mes,90,23,주인공,それじゃ、ナコルル.明日の朝、<6E5C>迎えに行くよ,"그럼, 나코루루. 내일 아침<6E5C>데리러 갈게","그럼, 나코루루. 내일 아침<6E5C>데리러 갈게"
dom3Nakoruru_X04.mes,Script/dom3Nakoruru_X04.mes,91,12,Nakoruru,はい.待っています……,"네, 기다릴게요……","네, 기다릴게요……"
dom3Nakoruru_X04.mes,Script/dom3Nakoruru_X04.mes,92,27,주인공,(遅くなったな……早く帰って<6E5C>明日の仕度をしないと),(늦어졌네……얼른 돌아가서<6E5C>내일 준비를 해야지),(늦어졌네……얼른 돌아가서<6E5C>내일 준비를 해야지)
dom3Nakoruru_X04.mes,Script/dom3Nakoruru_X04.mes,93,6,UNKNOWN_1e,……待って,……잠깐만,……잠깐만
dom3Nakoruru_X04.mes,Script/dom3Nakoruru_X04.mes,94,3,주인공,え?,응?,응?
dom3Nakoruru_X04.mes,Script/dom3Nakoruru_X04.mes,95,8,Mina,話が……あるの,할 말이 있어,할 말이 있어
dom3Nakoruru_X04.mes,Script/dom3Nakoruru_X04.mes,96,16,주인공,ミナじゃないか.どうしたんだ?,미나 아니야. 무슨 일이야?,미나 아니야. 무슨 일이야?
dom3Nakoruru_X04.mes,Script/dom3Nakoruru_X04.mes,97,21,Mina,あの山から……あやかしの気配を<6E5C>感じるわ,저 산에서……요괴의 기척이<6E5C>느껴져,저 산에서……요괴의 기척이<6E5C>느껴져
dom3Nakoruru_X04.mes,Script/dom3Nakoruru_X04.mes,98,41,Mina,完全に邪気に包まれているわけでは<6E5C>ないけど……あやかしに<6E5C>変じようとしている……,완전히 사기에 휩싸인 건<6E5C>아니지만……요괴로<6E5C>변하려 하고 있어……,완전히 사기에 휩싸인 건<6E5C>아니지만……요괴로<6E5C>변하려 하고 있어……
dom3Nakoruru_X04.mes,Script/dom3Nakoruru_X04.mes,99,14,주인공,なんだって!?確かなのか?,뭐라고!? 확실한 거야?,뭐라고!? 확실한 거야?
dom3Nakoruru_X04.mes,Script/dom3Nakoruru_X04.mes,100,23,Mina,間違いない…….<6E5C>チャンプルも、そう言ってる,틀림없어…….<6E5C>챰프루도 그렇게 말해,틀림없어…….<6E5C>챰프루도 그렇게 말해
dom3Nakoruru_X04.mes,Script/dom3Nakoruru_X04.mes,101,3,UNKNOWN_7b,う~,으~,으~
dom3Nakoruru_X04.mes,Script/dom3Nakoruru_X04.mes,102,46,주인공,……わかった.出発する前に大きな<6E5C>仕事ができたな.町に世話になった<6E5C>恩返しをさせてもらうよ,……알았어. 출발하기 전에 큰<6E5C>일이 생겼네. 마을에 신세 진<6E5C>은혜를 갚게 해줘,……알았어. 출발하기 전에 큰<6E5C>일이 생겼네. 마을에 신세 진<6E5C>은혜를 갚게 해줘
dom3Nakoruru_X04.mes,Script/dom3Nakoruru_X04.mes,103,6,Mina,……お願い,……부탁해,……부탁해
dom3Nakoruru_X04.mes,Script/dom3Nakoruru_X04.mes,104,27,주인공,任せてくれ!今の俺には怖いもの<6E5C>なんて何もないからな,맡겨 줘! 지금 나한텐 무서울 게<6E5C>없으니까,맡겨 줘! 지금 나한텐 무서울 게<6E5C>없으니까
dom3Nakoruru_X04.mes,Script/dom3Nakoruru_X04.mes,105,16,Mina,あなたなら……だいじょうぶ、ね,당신이라면……괜찮을 거야,당신이라면……괜찮을 거야
dom3Nakoruru_X04.mes,Script/dom3Nakoruru_X04.mes,106,37,주인공,(あやかしか…….<6E5C>まぁ、あのユガより強いってことは<6E5C>ないだろうな……),"(요괴라……<6E5C>뭐, 그 유가보다 강하진<6E5C>않겠지……)","(요괴라……<6E5C>뭐, 그 유가보다 강하진<6E5C>않겠지……)"
dom3Nakoruru_X05.mes,Script/dom3Nakoruru_X05.mes,0,7,Nakoruru,ミナさんが?,미나씨가요?,미나씨가요?
dom3Nakoruru_X05.mes,Script/dom3Nakoruru_X05.mes,1,23,주인공,ああ、この山からあやかしの気配を<6E5C>感じるって,"그래, 이 산서 요괴 기운이<6E5C>느껴진다더군","그래, 이 산서 요괴 기운이<6E5C>느껴진다더군"
dom3Nakoruru_X05.mes,Script/dom3Nakoruru_X05.mes,2,25,UNKNOWN_7e,そういえば……あたし昨日の夜、<6E5C>変な声を閉いたよ,그러고 보니…… 어젯밤에<6E5C>이상한 소리 들었어,그러고 보니…… 어젯밤에<6E5C>이상한 소리 들었어
dom3Nakoruru_X05.mes,Script/dom3Nakoruru_X05.mes,3,5,Nakoruru,変な声?,이상해?,이상해?
dom3Nakoruru_X05.mes,Script/dom3Nakoruru_X05.mes,4,25,UNKNOWN_7e,うん.なんか、<6E5C>『おなかが空いた~』って言ってた,"응. 뭔가,<6E5C>『배고파~』라고 그랬어","응. 뭔가,<6E5C>『배고파~』라고 그랬어"
dom3Nakoruru_X05.mes,Script/dom3Nakoruru_X05.mes,5,26,주인공,腹を減らしたあやかし?<6E5C>それはなかなか厄介だな……,배고픈 요괴?<6E5C>그거 참 성가시겠는데……,배고픈 요괴?<6E5C>그거 참 성가시겠는데……
dom3Nakoruru_X05.mes,Script/dom3Nakoruru_X05.mes,6,27,Nakoruru,そうですね……このまま放っておく<6E5C>わけにはいきません,그렇군요…… 이대로 내버려 둘<6E5C>수는 없겠어요,그렇군요…… 이대로 내버려 둘<6E5C>수는 없겠어요
dom3Nakoruru_X05.mes,Script/dom3Nakoruru_X05.mes,7,16,UNKNOWN_7e,よーし!みんなでおしおきだぁ!,좋아! 다같이 혼내주자!,좋아! 다같이 혼내주자!
dom3Nakoruru_X05.mes,Script/dom3Nakoruru_X05.mes,8,29,주인공,うん、ミナに約束したし、<6E5C>あやかしの正体を突き止めよう!,"그래, 미나랑 약속했으니까<6E5C>요괴의 정체를 밝혀내자!","그래, 미나랑 약속했으니까<6E5C>요괴의 정체를 밝혀내자!"
dom3Nakoruru_X05.mes,Script/dom3Nakoruru_X05.mes,9,38,주인공,ふぅ……そろそろ昼飯時だな.<6E5C>それらしい気配もないし、<6E5C>少し休憩するか……,"후우…… 슬슬 점심때군.<6E5C>그런 기척도 없고,<6E5C>좀 쉬어볼까……","후우…… 슬슬 점심때군.<6E5C>그런 기척도 없고,<6E5C>좀 쉬어볼까……"
dom3Nakoruru_X05.mes,Script/dom3Nakoruru_X05.mes,10,6,UNKNOWN_1e,キャー!!,꺄악!!,꺄악!!
dom3Nakoruru_X05.mes,Script/dom3Nakoruru_X05.mes,11,21,주인공,今のは……リムルルの悲鳴!?<6E5C>あっちか!,방금…… 리무루루 비명!?<6E5C>저쪽인가!,방금…… 리무루루 비명!?<6E5C>저쪽인가!
dom3Nakoruru_X05.mes,Script/dom3Nakoruru_X05.mes,12,4,[효과음/내레이션],ダダッ,다다닷,다다닷
dom3Nakoruru_X05.mes,Script/dom3Nakoruru_X05.mes,13,18,주인공,あ、ナコルル!<6E5C>君も閉いたのか!?,"아, 나코루루!<6E5C>너도 들었어!?","아, 나코루루!<6E5C>너도 들었어!?"
dom3Nakoruru_X05.mes,Script/dom3Nakoruru_X05.mes,14,15,Nakoruru,はい!確かにリムルルの声が!,네! 리무루루 목소리야!,네! 리무루루 목소리야!
dom3Nakoruru_X05.mes,Script/dom3Nakoruru_X05.mes,15,5,UNKNOWN_79,ピーッ!,삐익!,삐익!
dom3Nakoruru_X05.mes,Script/dom3Nakoruru_X05.mes,16,15,주인공,ママハハの声……あそこか!!,마마하하 소리……저긴가!!,마마하하 소리……저긴가!!
dom3Nakoruru_X05.mes,Script/dom3Nakoruru_X05.mes,17,7,Nakoruru,リムルル!!,리무루루!!,리무루루!!
dom3Nakoruru_X05.mes,Script/dom3Nakoruru_X05.mes,18,15,UNKNOWN_7e,うぅ……姉様……<이름:3232>兄様……,으윽…언니…<이름:3232>오라버니…,으윽…언니…<이름:3232>오라버니…
dom3Nakoruru_X05.mes,Script/dom3Nakoruru_X05.mes,19,16,UNKNOWN_be,うま、うま……いだだぎまぁず!,"냠냠…자, 잘먹겠스므니다!","냠냠…자, 잘먹겠스므니다!"
dom3Nakoruru_X05.mes,Script/dom3Nakoruru_X05.mes,20,15,UNKNOWN_7e,うわぁぁぁん!たすけてぇぇ!,으아아앙! 살려줘어어!,으아아앙! 살려줘어어!
dom3Nakoruru_X05.mes,Script/dom3Nakoruru_X05.mes,21,6,주인공,このぉっ!,이자식이!,이자식이!
dom3Nakoruru_X05.mes,Script/dom3Nakoruru_X05.mes,22,6,[효과음/내레이션],キィィン!,챙그랑!,챙그랑!
dom3Nakoruru_X05.mes,Script/dom3Nakoruru_X05.mes,23,10,주인공,う……!なんて力だ,윽…! 무슨 힘이,윽…! 무슨 힘이
dom3Nakoruru_X05.mes,Script/dom3Nakoruru_X05.mes,24,29,Nakoruru,リムルル!<6E5C><이름:3232>さんが食い止めて<6E5C>くれてる間にこっちへ!,리무루루!<6E5C><이름:3232>씨가 막고<6E5C>있는 동안 이쪽으로!,리무루루!<6E5C><이름:3232>씨가 막고<6E5C>있는 동안 이쪽으로!
dom3Nakoruru_X05.mes,Script/dom3Nakoruru_X05.mes,25,16,UNKNOWN_7e,うぅ……腰が抜けて動けないよぉ,다리에 힘이 풀려 못 움직여,다리에 힘이 풀려 못 움직여
dom3Nakoruru_X05.mes,Script/dom3Nakoruru_X05.mes,26,14,UNKNOWN_be,そのおなご……ぐわぜろぉ!,그 계집…… 내놔랏!,그 계집…… 내놔랏!
dom3Nakoruru_X05.mes,Script/dom3Nakoruru_X05.mes,27,15,주인공,お前なんかにやるものはない!,네놈 따위 줄 건 없다!,네놈 따위 줄 건 없다!
dom3Nakoruru_X05.mes,Script/dom3Nakoruru_X05.mes,28,6,UNKNOWN_1e,お父様!!,아버님!!,아버님!!
dom3Nakoruru_X05.mes,Script/dom3Nakoruru_X05.mes,29,3,Nakoruru,え?,네?,네?
dom3Nakoruru_X05.mes,Script/dom3Nakoruru_X05.mes,30,33,UNKNOWN_1e,お父様……もうやめてください!<6E5C>これ以上無益に人を殺めるのは……,아버님… 이제 그만하세요!<6E5C>더는 사람을 해치지 마세요……,아버님… 이제 그만하세요!<6E5C>더는 사람을 해치지 마세요……
dom3Nakoruru_X05.mes,Script/dom3Nakoruru_X05.mes,31,12,Nakoruru,あの妖怪の……娘さん?,저 요괴의…… 따님?,저 요괴의…… 따님?
dom3Nakoruru_X05.mes,Script/dom3Nakoruru_X05.mes,32,44,UNKNOWN_1e,たとえ、妖怪と忌み嫌われようとも<6E5C>、私にとってお父様はずっと昔から<6E5C>、優しいお父様……,설령 요괴라고 미움받으셔도<6E5C> 저에게는 예전부터 줄곧<6E5C> 다정하신 아버님이세요……,설령 요괴라고 미움받으셔도<6E5C> 저에게는 예전부터 줄곧<6E5C> 다정하신 아버님이세요……
dom3Nakoruru_X05.mes,Script/dom3Nakoruru_X05.mes,33,15,UNKNOWN_be,あ……あぁ……は、かな……?,"아… 아아… 하, 하나…?","아… 아아… 하, 하나…?"
dom3Nakoruru_X05.mes,Script/dom3Nakoruru_X05.mes,34,38,UNKNOWN_bf,そうです、お父様!<6E5C>もうこんなことはやめて、<6E5C>いっしょに村に帰りましょう!,"맞아요, 아버님!<6E5C>이제 이런 짓은 그만두시고<6E5C>함께 마을로 돌아가요!","맞아요, 아버님!<6E5C>이제 이런 짓은 그만두시고<6E5C>함께 마을로 돌아가요!"
dom3Nakoruru_X05.mes,Script/dom3Nakoruru_X05.mes,35,8,UNKNOWN_be,う……うぁ……,으… 으아……,으… 으아……
dom3Nakoruru_X05.mes,Script/dom3Nakoruru_X05.mes,36,16,주인공,む、娘のことを覚えているのか?,"그, 딸 기억하는 건가?","그, 딸 기억하는 건가?"
dom3Nakoruru_X05.mes,Script/dom3Nakoruru_X05.mes,37,18,UNKNOWN_be,い……い……<6E5C>寺いだだぎまぁず!!,이…이……<6E5C>잘먹겠스므니다!!,이…이……<6E5C>잘먹겠스므니다!!
dom3Nakoruru_X05.mes,Script/dom3Nakoruru_X05.mes,38,6,[효과음/내레이션],ガバァッ!,확!,확!
dom3Nakoruru_X05.mes,Script/dom3Nakoruru_X05.mes,39,10,주인공,逃げろ、娘さん!!,도망쳐 아가씨!!,도망쳐 아가씨!!
dom3Nakoruru_X05.mes,Script/dom3Nakoruru_X05.mes,40,6,UNKNOWN_bf,あぁ……!,아아……!,아아……!
dom3Nakoruru_X05.mes,Script/dom3Nakoruru_X05.mes,41,6,Nakoruru,危ない!!,위험해!!,위험해!!
dom3Nakoruru_X05.mes,Script/dom3Nakoruru_X05.mes,42,4,[효과음/내레이션],バッ!,휙!,휙!
dom3Nakoruru_X05.mes,Script/dom3Nakoruru_X05.mes,43,7,[효과음/내레이션],ゴロゴロ……,데굴데굴……,데굴데굴……
dom3Nakoruru_X05.mes,Script/dom3Nakoruru_X05.mes,44,9,UNKNOWN_bf,あぁ、お父様……,"아, 아버님……","아, 아버님……"
dom3Nakoruru_X05.mes,Script/dom3Nakoruru_X05.mes,45,17,주인공,ナコルル、そのまま娘さんを頼む!,"나코루루, 아가씨를 부탁해!","나코루루, 아가씨를 부탁해!"
dom3Nakoruru_X05.mes,Script/dom3Nakoruru_X05.mes,46,4,Nakoruru,はい!,네!,네!
dom3Nakoruru_X05.mes,Script/dom3Nakoruru_X05.mes,47,23,UNKNOWN_be,おまえも……うまぞうだ……<6E5C>いだだぎまぁす!,너도… 맛있겠군…<6E5C>잘먹겠스므니다!,너도… 맛있겠군…<6E5C>잘먹겠스므니다!
dom3Nakoruru_X05.mes,Script/dom3Nakoruru_X05.mes,48,35,주인공,な……!今度はナコルルを!?<6E5C>くそ!そいつを斬るんだ、<6E5C>ナコルル!!,뭐…! 이번엔 나코루루를!?<6E5C>제기랄! 저놈을 베어<6E5C>나코루루!!,뭐…! 이번엔 나코루루를!?<6E5C>제기랄! 저놈을 베어<6E5C>나코루루!!
dom3Nakoruru_X05.mes,Script/dom3Nakoruru_X05.mes,49,7,Nakoruru,で、でも……,"하, 하지만","하, 하지만"
dom3Nakoruru_X05.mes,Script/dom3Nakoruru_X05.mes,50,28,UNKNOWN_bf,どうか、お父様を殺さないで!<6E5C>本当は優しい人なんです!,제발 죽이진 마세요!<6E5C>사실 다정한 분이에요!,제발 죽이진 마세요!<6E5C>사실 다정한 분이에요!
dom3Nakoruru_X05.mes,Script/dom3Nakoruru_X05.mes,51,33,주인공,もうそいつは君の父親じゃない!<6E5C>邪気にとらわれたあやかしなんだ!,이제 저건 네 아버지가 아니야!<6E5C>사기에 사로잡힌 요괴라고!,이제 저건 네 아버지가 아니야!<6E5C>사기에 사로잡힌 요괴라고!
dom3Nakoruru_X05.mes,Script/dom3Nakoruru_X05.mes,52,6,UNKNOWN_bf,そんな……,그런……,그런……
dom3Nakoruru_X05.mes,Script/dom3Nakoruru_X05.mes,53,6,주인공,ナコルル!,나코루루!,나코루루!
dom3Nakoruru_X05.mes,Script/dom3Nakoruru_X05.mes,54,10,Nakoruru,わ、わたしには……,"저, 저는……","저, 저는……"
dom3Nakoruru_X05.mes,Script/dom3Nakoruru_X05.mes,55,8,UNKNOWN_be,ばあぁぁぁ!!,바아아앗!!,바아아앗!!
dom3Nakoruru_X05.mes,Script/dom3Nakoruru_X05.mes,56,6,주인공,くそっ!!,젠장!!,젠장!!
dom3Nakoruru_X05.mes,Script/dom3Nakoruru_X05.mes,57,15,[선택지],腐れ外道を斬るナコルルをかばう,놈을 벤다\나코루루를 감싼다,놈을 벤다\나코루루를 감싼다
dom3Nakoruru_X05.mes,Script/dom3Nakoruru_X05.mes,58,21,주인공,すまん、娘さん!!<6E5C>妖怪!覚悟ぉぉっ!!,"미안, 아가씨!!<6E5C>요괴! 각오해랏!!","미안, 아가씨!!<6E5C>요괴! 각오해랏!!"
dom3Nakoruru_X05.mes,Script/dom3Nakoruru_X05.mes,59,7,[효과음/내레이션],ザクゥッ!!,푸욱!!,푸욱!!
dom3Nakoruru_X05.mes,Script/dom3Nakoruru_X05.mes,60,14,UNKNOWN_be,ぐおぉうわぁあうぅぅぅ!!,크아아아아아!!,크아아아아아!!
dom3Nakoruru_X05.mes,Script/dom3Nakoruru_X05.mes,61,3,Nakoruru,……,……,……
dom3Nakoruru_X05.mes,Script/dom3Nakoruru_X05.mes,62,3,주인공,……,……,……
dom3Nakoruru_X05.mes,Script/dom3Nakoruru_X05.mes,63,6,UNKNOWN_7e,……ひぐっ,……흐윽,……흐윽
dom3Nakoruru_X05.mes,Script/dom3Nakoruru_X05.mes,64,8,UNKNOWN_bf,……お父様……,……아버님……,……아버님……
dom3Nakoruru_X05.mes,Script/dom3Nakoruru_X05.mes,65,25,주인공,すまない.<6E5C>でも、ああするしか<6E5C>なかったんだ……,"미안하다.<6E5C>하지만, 그리할 수밖에<6E5C>없었어……","미안하다.<6E5C>하지만, 그리할 수밖에<6E5C>없었어……"
dom3Nakoruru_X05.mes,Script/dom3Nakoruru_X05.mes,66,14,UNKNOWN_bf,う、うぅ、お父様ぁぁっ!!,"으, 으윽, 아버님!!","으, 으윽, 아버님!!"
dom3Nakoruru_X05.mes,Script/dom3Nakoruru_X05.mes,67,16,Nakoruru,こうするしか、なかったの……?,이럴 수밖에 없었나요……?,이럴 수밖에 없었나요……?
dom3Nakoruru_X05.mes,Script/dom3Nakoruru_X05.mes,68,3,주인공,……,……,……
dom3Nakoruru_X05.mes,Script/dom3Nakoruru_X05.mes,69,10,주인공,危ない!ナコルル!,위험해!나코루루!,위험해!나코루루!
dom3Nakoruru_X05.mes,Script/dom3Nakoruru_X05.mes,70,5,[효과음/내레이션],ガバッ!,확!,확!
dom3Nakoruru_X05.mes,Script/dom3Nakoruru_X05.mes,71,6,[효과음/내레이션],ざくぅ!!,푸욱!!,푸욱!!
dom3Nakoruru_X05.mes,Script/dom3Nakoruru_X05.mes,72,9,주인공,うわぁぁぁぁ!!,으아아아악!!,으아아아악!!
dom3Nakoruru_X05.mes,Script/dom3Nakoruru_X05.mes,73,7,Nakoruru,<이름:3232>さん!!,<이름:3232>씨!!,<이름:3232>씨!!
dom3Nakoruru_X05.mes,Script/dom3Nakoruru_X05.mes,74,7,UNKNOWN_7e,<이름:3232>兄様!!,<이름:3232>오라버니,<이름:3232>오라버니
dom3Nakoruru_X05.mes,Script/dom3Nakoruru_X05.mes,75,37,주인공,(な……なんてことだ……<6E5C>ここまで来て、あやかしに<6E5C>やられるなんて……),"(무……무슨 이런…….<6E5C>여기까지 와서, 요괴에게<6E5C>당하다니……)","(무……무슨 이런…….<6E5C>여기까지 와서, 요괴에게<6E5C>당하다니……)"
dom3Nakoruru_X05.mes,Script/dom3Nakoruru_X05.mes,76,31,주인공,(ごめん、ナコルル……<6E5C>いっしょには、<6E5C>帰れそうにない……),"(미안해, 나코루루…<6E5C>함께는<6E5C>못 돌아갈 것 같아…)","(미안해, 나코루루…<6E5C>함께는<6E5C>못 돌아갈 것 같아…)"
dom3Nakoruru_X05.mes,Script/dom3Nakoruru_X05.mes,77,28,주인공,ナコルルは……俺のやったことが<6E5C>間違ってると思うかい?,나코루루는…… 내가 한 일이<6E5C>잘못됐다고 생각해?,나코루루는…… 내가 한 일이<6E5C>잘못됐다고 생각해?
dom3Nakoruru_X05.mes,Script/dom3Nakoruru_X05.mes,78,41,Nakoruru,……わかりません.<6E5C>でも、<이름:3232>さんがああしていな<6E5C>ければ、誰かが傷ついていた……,……모르겠어요.<6E5C>하지만 <이름:3232>씨가 그러지<6E5C>않았다면 누군가 다쳤을 거예요……,……모르겠어요.<6E5C>하지만 <이름:3232>씨가 그러지<6E5C>않았다면 누군가 다쳤을 거예요……
dom3Nakoruru_X05.mes,Script/dom3Nakoruru_X05.mes,79,32,주인공,俺は、後悔していない.<6E5C>俺は信念を貫くために、<6E5C>斬ったのだから,나는 후회하지 않아.<6E5C>나는 신념을 지키기 위해<6E5C>벤 거니까,나는 후회하지 않아.<6E5C>나는 신념을 지키기 위해<6E5C>벤 거니까
dom3Nakoruru_X05.mes,Script/dom3Nakoruru_X05.mes,80,22,Nakoruru,信念……<이름:3232>さんの信念って、<6E5C>なんですか?,"신념…… <이름:3232>씨의 신념이란,<6E5C>뭔가요?","신념…… <이름:3232>씨의 신념이란,<6E5C>뭔가요?"
dom3Nakoruru_X05.mes,Script/dom3Nakoruru_X05.mes,81,16,[선택지],自然を守ることナコルルを守ること,자연 지킴\나코루루 지킴,자연 지킴\나코루루 지킴
dom3Nakoruru_X05.mes,Script/dom3Nakoruru_X05.mes,82,41,주인공,それは、ナコルルといっしょに<6E5C>自然を守ることだよ.<6E5C>ナコルルの使命はそうだろう?,"그건, 나코루루와 함께<6E5C>자연을 지키는 거야.<6E5C>나코루루의 사명이 그렇잖아?","그건, 나코루루와 함께<6E5C>자연을 지키는 거야.<6E5C>나코루루의 사명이 그렇잖아?"
dom3Nakoruru_X05.mes,Script/dom3Nakoruru_X05.mes,83,44,Nakoruru,そうです……自然を守るのが、<6E5C>わたしの使命.そのためには、<6E5C>人を傷つけることもある……,그래요… 자연을 지키는 게<6E5C>제 사명이에요.그 때문에<6E5C>사람을 다치게도 해요…,그래요… 자연을 지키는 게<6E5C>제 사명이에요.그 때문에<6E5C>사람을 다치게도 해요…
dom3Nakoruru_X05.mes,Script/dom3Nakoruru_X05.mes,84,21,Nakoruru,……わたし、<6E5C>見失ってしまうところでした,"……저, <6E5C>잠시 길을 잃을 뻔했어요","……저, <6E5C>잠시 길을 잃을 뻔했어요"
dom3Nakoruru_X05.mes,Script/dom3Nakoruru_X05.mes,85,53,Nakoruru,巫女であるわたしが、人の幸せを<6E5C>奪いながら<이름:3232>さんと<6E5C>いっしょにいるなど、<485C>許されるはずがないんです……,"무녀인 제가, 사람의 행복을<6E5C>빼앗으면서 <이름:3232>씨와<6E5C>함께 있다니,<485C>용서받을 리 없어요……","무녀인 제가, 사람의 행복을<6E5C>빼앗으면서 <이름:3232>씨와<6E5C>함께 있다니,<485C>용서받을 리 없어요……"
dom3Nakoruru_X05.mes,Script/dom3Nakoruru_X05.mes,86,6,주인공,ナコルル?,나코루루?,나코루루?
dom3Nakoruru_X05.mes,Script/dom3Nakoruru_X05.mes,87,25,Nakoruru,<이름:3232>さん…….<6E5C>使命は、わたしひとりで果たします,"<이름:3232>씨…….<6E5C>사명은, 저 혼자서 다하겠어요","<이름:3232>씨…….<6E5C>사명은, 저 혼자서 다하겠어요"
dom3Nakoruru_X05.mes,Script/dom3Nakoruru_X05.mes,88,43,Nakoruru,人々にうらまれるのはわたしだけで<6E5C>十分…….あなたは、どうか<6E5C>人としてのしあわせを!,사람들에게 원망받는 건 저 하나로<6E5C>충분해요. 당신은부디<6E5C>인간으로서의 행복을!,사람들에게 원망받는 건 저 하나로<6E5C>충분해요. 당신은부디<6E5C>인간으로서의 행복을!
dom3Nakoruru_X05.mes,Script/dom3Nakoruru_X05.mes,89,3,[효과음/내레이션],タッ,탓,탓
dom3Nakoruru_X05.mes,Script/dom3Nakoruru_X05.mes,90,25,주인공,あ、ナコルル!<6E5C>そんな……なにもかもひとりで……,"아, 나코루루!<6E5C>그런…… 모든 걸 혼자서……","아, 나코루루!<6E5C>그런…… 모든 걸 혼자서……"
dom3Nakoruru_X05.mes,Script/dom3Nakoruru_X05.mes,91,36,주인공,ナコルルを守ることだ.<6E5C>それはぜったいに揺らぐことのない<6E5C>、俺の信念だ,나코루루를 지키는 거야.<6E5C>그건 절대 흔들리지 않는<6E5C>내 신념이야,나코루루를 지키는 거야.<6E5C>그건 절대 흔들리지 않는<6E5C>내 신념이야
dom3Nakoruru_X05.mes,Script/dom3Nakoruru_X05.mes,92,7,Nakoruru,<이름:3232>さん……,<이름:3232>씨……,<이름:3232>씨……
dom3Nakoruru_X05.mes,Script/dom3Nakoruru_X05.mes,93,17,Nakoruru,わたしは……わからなくなりました,저는…… 모르게 되어버렸어요,저는…… 모르게 되어버렸어요
dom3Nakoruru_X05.mes,Script/dom3Nakoruru_X05.mes,94,47,Nakoruru,自然を守るために誰かを傷つけなけ<6E5C>ればならないとしたら……わたしは<6E5C>刀を振るう自信がない……,자연을 지키기 위해 누군가를 다치게 해<6E5C>야 한다면…저는<6E5C>칼을 휘두를 자신이 없어요…,자연을 지키기 위해 누군가를 다치게 해<6E5C>야 한다면…저는<6E5C>칼을 휘두를 자신이 없어요…
dom3Nakoruru_X05.mes,Script/dom3Nakoruru_X05.mes,95,7,주인공,ナコルル……,나코루루……,나코루루……
dom3Nakoruru_X05.mes,Script/dom3Nakoruru_X05.mes,96,4,[효과음/내레이션],ギュッ,꼬옥,꼬옥
dom3Nakoruru_X05.mes,Script/dom3Nakoruru_X05.mes,97,14,Nakoruru,<이름:3232>さん?く、苦しいですよ,"<이름:3232>씨? 아, 숨 막혀요","<이름:3232>씨? 아, 숨 막혀요"
dom3Nakoruru_X05.mes,Script/dom3Nakoruru_X05.mes,98,28,주인공,今、ナコルルがこうして無事でいる<6E5C>……それが俺の正義だ,지금 나코루루가 무사한 게<6E5C>내 정의야,지금 나코루루가 무사한 게<6E5C>내 정의야
dom3Nakoruru_X05.mes,Script/dom3Nakoruru_X05.mes,99,25,주인공,たとえそれで誰かに非難されても、<6E5C>俺は後悔しない,설령 비난받아도<6E5C>나는 후회 안 해,설령 비난받아도<6E5C>나는 후회 안 해
dom3Nakoruru_X05.mes,Script/dom3Nakoruru_X05.mes,100,9,Nakoruru,それが、信念……,"그게, 신념……","그게, 신념……"
dom3Nakoruru_X05.mes,Script/dom3Nakoruru_X05.mes,101,19,주인공,ああ.<6E5C>ナコルルが教えてくれたことだ,그래.<6E5C>나코루루가 가르쳐준 거야,그래.<6E5C>나코루루가 가르쳐준 거야
dom3Nakoruru_X05.mes,Script/dom3Nakoruru_X05.mes,102,24,Nakoruru,そうですね……すべてを包み込む<6E5C>正義はない……,그렇네요… 모든걸 감싸안는<6E5C>정의는 없네요…,그렇네요… 모든걸 감싸안는<6E5C>정의는 없네요…
dom3Nakoruru_X05.mes,Script/dom3Nakoruru_X05.mes,103,24,Nakoruru,自分にできることを、<6E5C>貫くしかないんですね……,할 수 있는 걸<6E5C>지킬 수밖에 없네요…,할 수 있는 걸<6E5C>지킬 수밖에 없네요…
dom3Nakoruru_X05.mes,Script/dom3Nakoruru_X05.mes,104,10,주인공,うん.俺はそう思う,응. 나도 그래,응. 나도 그래
dom3Nakoruru_X05.mes,Script/dom3Nakoruru_X05.mes,105,13,Nakoruru,ありがとう、<이름:3232>さん……,"고마워요, <이름:3232>씨……","고마워요, <이름:3232>씨……"
dom3Nakoruru_X05.mes,Script/dom3Nakoruru_X05.mes,106,3,주인공,……,……,……
dom3Nakoruru_X05.mes,Script/dom3Nakoruru_X05.mes,107,3,Nakoruru,……,……,……
dom3Nakoruru_X05.mes,Script/dom3Nakoruru_X05.mes,108,14,주인공,……あ、あの、口づけを……,"…저, 저기…입맞춤을…","…저, 저기…입맞춤을…"
dom3Nakoruru_X05.mes,Script/dom3Nakoruru_X05.mes,109,3,[효과음/내레이션],パッ,팟,팟
dom3Nakoruru_X05.mes,Script/dom3Nakoruru_X05.mes,110,6,Nakoruru,ダメですよ,안 돼요,안 돼요
dom3Nakoruru_X05.mes,Script/dom3Nakoruru_X05.mes,111,7,주인공,そ、そんなぁ,"그, 그런…","그, 그런…"
dom3Nakoruru_X05.mes,Script/dom3Nakoruru_X05.mes,112,28,Nakoruru,いつか……巫女としての使命を<6E5C>終える日が来たら……です,언젠가… 무녀 사명을<6E5C>끝내는 날이 오면…이에요,언젠가… 무녀 사명을<6E5C>끝내는 날이 오면…이에요
dom3Nakoruru_X05.mes,Script/dom3Nakoruru_X05.mes,113,13,주인공,そ、それっていつの話だよ,그게 대체 언제야,그게 대체 언제야
dom3Nakoruru_X05.mes,Script/dom3Nakoruru_X05.mes,114,19,Nakoruru,さあ.<6E5C>十年か二十年か……もっとかも,글쎄요.<6E5C>십 년쯤…아니 더,글쎄요.<6E5C>십 년쯤…아니 더
dom3Nakoruru_X05.mes,Script/dom3Nakoruru_X05.mes,115,32,주인공,ガクッ.<6E5C>……じゃあ、せめてもう一回<6E5C>抱き締めさせてくれないか,털썩.<6E5C>그럼 하다못해 한 번만 더<6E5C>안아보게 해주지 않을래,털썩.<6E5C>그럼 하다못해 한 번만 더<6E5C>안아보게 해주지 않을래
dom3Nakoruru_X05.mes,Script/dom3Nakoruru_X05.mes,116,3,Nakoruru,……,……,……
dom3Nakoruru_X05.mes,Script/dom3Nakoruru_X05.mes,117,6,주인공,……駄目?,…안 돼?,…안 돼?
dom3Nakoruru_X05.mes,Script/dom3Nakoruru_X05.mes,118,9,Nakoruru,……わかりました,……알겠어요,……알겠어요
dom3Nakoruru_X05.mes,Script/dom3Nakoruru_X05.mes,119,7,주인공,で、では……,"그, 그럼…","그, 그럼…"
dom3Nakoruru_X05.mes,Script/dom3Nakoruru_X05.mes,120,5,[효과음/내레이션],ドーン!,쾅!,쾅!
dom3Nakoruru_X05.mes,Script/dom3Nakoruru_X05.mes,121,7,주인공,ぐへぇぇぇ!,으헤엑!,으헤엑!
dom3Nakoruru_X05.mes,Script/dom3Nakoruru_X05.mes,122,12,UNKNOWN_1e,姉様から離れなさーい!,언니한테 떨어지세요!,언니한테 떨어지세요!
dom3Nakoruru_X05.mes,Script/dom3Nakoruru_X05.mes,123,7,Nakoruru,リムルル!?,리무루루!?,리무루루!?
dom3Nakoruru_X05.mes,Script/dom3Nakoruru_X05.mes,124,24,UNKNOWN_7e,もう!あたしだけのけ者にして、<6E5C>ずるいよ姉様!,"정말! 나만 따돌리고,<6E5C>치사해 언니!","정말! 나만 따돌리고,<6E5C>치사해 언니!"
dom3Nakoruru_X05.mes,Script/dom3Nakoruru_X05.mes,125,19,주인공,ひどいな、<6E5C>突き飛ばすことないだろう,"너무하네,<6E5C>밀칠 것까진 없잖아","너무하네,<6E5C>밀칠 것까진 없잖아"
dom3Nakoruru_X05.mes,Script/dom3Nakoruru_X05.mes,126,40,UNKNOWN_7e,知らなーい.<6E5C>ほらほら、早くカムイコタンへ<6E5C>帰ろうよ<485C><이름:3232>兄様も行くんでしょ?,"몰라-.<6E5C>자자, 얼른 카무이코탄으로<6E5C>돌아가자<485C><이름:3232>오라버니도 가는 거지?","몰라-.<6E5C>자자, 얼른 카무이코탄으로<6E5C>돌아가자<485C><이름:3232>오라버니도 가는 거지?"
dom3Nakoruru_X05.mes,Script/dom3Nakoruru_X05.mes,127,4,주인공,え……,어……,어……
dom3Nakoruru_X05.mes,Script/dom3Nakoruru_X05.mes,128,7,Nakoruru,<이름:3232>さん……,<이름:3232>씨……,<이름:3232>씨……
dom3Nakoruru_X05.mes,Script/dom3Nakoruru_X05.mes,129,16,주인공,いっしょに行って……いいかい?,같이 가도…… 될까?,같이 가도…… 될까?
dom3Nakoruru_X05.mes,Script/dom3Nakoruru_X05.mes,130,6,Nakoruru,……はい!,……네!,……네!
dom3Nakoruru_X05.mes,Script/dom3Nakoruru_X05.mes,131,6,UNKNOWN_7e,やったー!,만세-!,만세-!
dom3Nakoruru_X05.mes,Script/dom3Nakoruru_X05.mes,132,7,주인공,よかった……,다행이다……,다행이다……
dom3Nakoruru_ending1.mes,Script/dom3Nakoruru_ending1.mes,0,6,[효과음/내레이션],そして……,그리고……,그리고……
dom3Nakoruru_ending1.mes,Script/dom3Nakoruru_ending1.mes,1,15,주인공,こ、ここがアイヌ……寒い!!,"여, 여기 아이누…추워!!","여, 여기 아이누…추워!!"
dom3Nakoruru_ending1.mes,Script/dom3Nakoruru_ending1.mes,2,21,UNKNOWN_7e,上着を着てなきゃ寒いに<6E5C>決まってるでしょ,겉옷 안 입으니까<6E5C>추운 게 당연하잖아,겉옷 안 입으니까<6E5C>추운 게 당연하잖아
dom3Nakoruru_ending1.mes,Script/dom3Nakoruru_ending1.mes,3,30,주인공,だ、だって、そんなお金ないん<6E5C>だから、仕方ないじゃないか!,"그, 그치만, 그럴 돈이 없으니까<6E5C>어쩔 수 없잖아!","그, 그치만, 그럴 돈이 없으니까<6E5C>어쩔 수 없잖아!"
dom3Nakoruru_ending1.mes,Script/dom3Nakoruru_ending1.mes,4,34,주인공,それに、なんだって雪が!?<6E5C>旅の途中で冬になって<6E5C>しまったのか!?,게다가 어째서 눈이!?<6E5C>여행 도중 겨울이 되어<6E5C>버린 건가!?,게다가 어째서 눈이!?<6E5C>여행 도중 겨울이 되어<6E5C>버린 건가!?
dom3Nakoruru_ending1.mes,Script/dom3Nakoruru_ending1.mes,5,25,Nakoruru,フフ.<6E5C>大自然が<이름:3232>さんを<6E5C>歓迎しているんです!,후후.<6E5C>대자연이 <이름:3232>씨를<6E5C>환영해요!,후후.<6E5C>대자연이 <이름:3232>씨를<6E5C>환영해요!
dom3Nakoruru_ending1.mes,Script/dom3Nakoruru_ending1.mes,6,24,주인공,そ、そうか.もっとあたたかい<6E5C>歓迎がよかったな,그렇군. 더 따뜻한<6E5C>환영이면 좋았을 텐데,그렇군. 더 따뜻한<6E5C>환영이면 좋았을 텐데
dom3Nakoruru_ending1.mes,Script/dom3Nakoruru_ending1.mes,7,11,Nakoruru,もぉ、<이름:3232>さんたら!,"정말, <이름:3232>씨도!","정말, <이름:3232>씨도!"
dom3Nakoruru_ending1.mes,Script/dom3Nakoruru_ending1.mes,8,24,주인공,(……ナコルルもリムルルも、<6E5C>うれしそうだな),(……나코루루도 리무루루도<6E5C>즐거워 보이네),(……나코루루도 리무루루도<6E5C>즐거워 보이네)
dom3Nakoruru_ending1.mes,Script/dom3Nakoruru_ending1.mes,9,33,주인공,(ふたりのしあわせそうな顔を見て<6E5C>ると、寒さなんて吹っ飛ぶ……),(둘의 행복한 얼굴 보니<6E5C>추위 따위 싹 날아가…),(둘의 행복한 얼굴 보니<6E5C>추위 따위 싹 날아가…)
dom3Nakoruru_ending1.mes,Script/dom3Nakoruru_ending1.mes,10,9,주인공,ぶぁっくしゅん!,에에취!!,에에취!!
dom3Nakoruru_ending1.mes,Script/dom3Nakoruru_ending1.mes,11,19,주인공,(わけないか……うぅ、寒い~!!<6E5C>),"(그럴 리가… 으, 추워~!!<6E5C>)","(그럴 리가… 으, 추워~!!<6E5C>)"
dom3Nakoruru_ending1.mes,Script/dom3Nakoruru_ending1.mes,12,15,UNKNOWN_7e,ほらほら、行くよ、<이름:3232>兄様!,"자자, 가자 <이름:3232>오라버니!","자자, 가자 <이름:3232>오라버니!"
dom3Nakoruru_ending1.mes,Script/dom3Nakoruru_ending1.mes,13,12,Nakoruru,<이름:3232>さん……ありがとう,<이름:3232>씨…… 고마워요,<이름:3232>씨…… 고마워요
dom3Nakoruru_ending1.mes,Script/dom3Nakoruru_ending1.mes,14,22,주인공,何言ってるんだよ.<6E5C>これからだろ、俺たちは,무슨 소릴 하는 거야.<6E5C>이제부터잖아,무슨 소릴 하는 거야.<6E5C>이제부터잖아
dom3Nakoruru_ending1.mes,Script/dom3Nakoruru_ending1.mes,15,26,주인공,お礼は、ナコルルが使命を終えた<6E5C>時に閉かせてくれよ,"고맙다는 말은, 사명을 끝냈을<6E5C>때 들려줘","고맙다는 말은, 사명을 끝냈을<6E5C>때 들려줘"
dom3Nakoruru_ending1.mes,Script/dom3Nakoruru_ending1.mes,16,4,Nakoruru,はい!,네!,네!
dom3Nakoruru_ending1.mes,Script/dom3Nakoruru_ending1.mes,17,24,주인공,そして、そのときは俺の故郷にも<6E5C>いっしょに……,"그리고, 그때는 내 고향에도<6E5C>같이……","그리고, 그때는 내 고향에도<6E5C>같이……"
dom3Nakoruru_ending1.mes,Script/dom3Nakoruru_ending1.mes,18,3,Nakoruru,え?,네?,네?
dom3Nakoruru_ending1.mes,Script/dom3Nakoruru_ending1.mes,19,24,주인공,な、なんでもない!<6E5C>そのときになったら言うよ!,"아, 아무것도 아냐!<6E5C>그때가 되면 말할게!","아, 아무것도 아냐!<6E5C>그때가 되면 말할게!"
dom3Nakoruru_ending1.mes,Script/dom3Nakoruru_ending1.mes,20,42,Nakoruru,フフ、おかしいですね、<이름:3232>さん.<6E5C>ほら、もうすぐ村に着きます.<6E5C>カムイコタンです!,"후후, 이상하시네요 <이름:3232>씨.<6E5C>보세요 곧 마을에 도착해요.<6E5C>카무이코탄이에요!","후후, 이상하시네요 <이름:3232>씨.<6E5C>보세요 곧 마을에 도착해요.<6E5C>카무이코탄이에요!"
dom3Nakoruru_ending1.mes,Script/dom3Nakoruru_ending1.mes,21,22,주인공,(……いつか、ナコルルを連れて<6E5C>家に……),(…언젠가 나코루루 데리고<6E5C>집으로…),(…언젠가 나코루루 데리고<6E5C>집으로…)
dom3Nakoruru_ending1.mes,Script/dom3Nakoruru_ending1.mes,22,36,주인공,(そんな日が来るよう、ナコルルの<6E5C>となりで頑張らないと、な……!!<6E5C>),"(그런 날이 오도록 나코루루<6E5C>곁에서 열심히 해야지, 응…!!<6E5C>)","(그런 날이 오도록 나코루루<6E5C>곁에서 열심히 해야지, 응…!!<6E5C>)"
dom3Nakoruru_ending1.mes,Script/dom3Nakoruru_ending1.mes,23,20,UNKNOWN_6d,お疲れ様!<6E5C>少しは楽しんでくれたかな?,수고했어!<6E5C>조금은 즐거웠으려나?,수고했어!<6E5C>조금은 즐거웠으려나?
dom3Nakoruru_ending1.mes,Script/dom3Nakoruru_ending1.mes,24,12,UNKNOWN_6d,……あ!<6E5C>いっけない!,…아!<6E5C>큰일이네!,…아!<6E5C>큰일이네!
dom3Nakoruru_ending1.mes,Script/dom3Nakoruru_ending1.mes,25,6,[효과음/내레이션],ドロンッ!,펑!,펑!
dom3Nakoruru_ending1.mes,Script/dom3Nakoruru_ending1.mes,26,44,Shino,こんぷりーと、おめでとう!<6E5C>今度むささび屋に来たら、善哉<6E5C>いっぱい食べさせてあげるね!,"완료, 축하해!<6E5C>다음에 무사사비야에 오면, 단팥죽<6E5C>잔뜩 먹여줄게!","완료, 축하해!<6E5C>다음에 무사사비야에 오면, 단팥죽<6E5C>잔뜩 먹여줄게!"
dom3Nakoruru_ending1.mes,Script/dom3Nakoruru_ending1.mes,27,5,Shino,せーのっ,하나둘!,하나둘!
dom3Nakoruru_ending1.mes,Script/dom3Nakoruru_ending1.mes,28,22,UNKNOWN_1d,わたしたちをみつけてくれて、<6E5C>ありがとう!,"우리를 찾아줘서,<6E5C>고마워!","우리를 찾아줘서,<6E5C>고마워!"
