file,rel_path,block,n_tokens,speaker,source,ai_draft,translation
dom3Saya_L01.mes,Script/dom3Saya_L01.mes,0,23,주인공,おや、表でお茶を楽しんでる<6E5C>あのふたりは……,,
dom3Saya_L01.mes,Script/dom3Saya_L01.mes,1,14,Saya,アラ、<이름:3232>ちゃんじゃないの,,
dom3Saya_L01.mes,Script/dom3Saya_L01.mes,2,17,주인공,こんにちは.サヤさん、凛花ちゃん,,
dom3Saya_L01.mes,Script/dom3Saya_L01.mes,3,16,Saya,ホラ、凛花もちゃんとアイサツ!,,
dom3Saya_L01.mes,Script/dom3Saya_L01.mes,4,6,Rinka,……フンッ,,
dom3Saya_L01.mes,Script/dom3Saya_L01.mes,5,10,Saya,モゥ、困った子ねェ,,
dom3Saya_L01.mes,Script/dom3Saya_L01.mes,6,9,주인공,いや、ははは……,,
dom3Saya_L01.mes,Script/dom3Saya_L01.mes,7,43,Saya,そういえば、<이름:3232>ちゃん.<6E5C>さっきぼんやりこっちを見てたけど<6E5C>、何を見ていたのカシラ?,,
dom3Saya_L01.mes,Script/dom3Saya_L01.mes,8,21,주인공,え.いや、親子みたい、<6E5C>じゃなかった……,,
dom3Saya_L01.mes,Script/dom3Saya_L01.mes,9,20,[선택지],仲がいいなと思って家族みたいだなと思って,,
dom3Saya_L01.mes,Script/dom3Saya_L01.mes,10,15,주인공,ふたりは仲がいいなぁと思って,,
dom3Saya_L01.mes,Script/dom3Saya_L01.mes,11,30,Saya,そりゃそうよ.もう三年もふたりで<6E5C>募らしてるんだから.ネェ,,
dom3Saya_L01.mes,Script/dom3Saya_L01.mes,12,23,Rinka,そうだよ.<6E5C>何、あたりまえのこと閉いてんの?,,
dom3Saya_L01.mes,Script/dom3Saya_L01.mes,13,44,주인공,…….<6E5C>そ、そうだよね.はは、<6E5C>うらやましいなぁ<485C>俺も仲間に入れてほしいな<6E5C>……なんて,,
dom3Saya_L01.mes,Script/dom3Saya_L01.mes,14,33,Saya,マァ、ワタシと親密な<6E5C>関係になりたいの?<6E5C>気持ちはわかるけど……,,
dom3Saya_L01.mes,Script/dom3Saya_L01.mes,15,23,Rinka,誰があんたなんかと.<6E5C>めざわりだから消えな!,,
dom3Saya_L01.mes,Script/dom3Saya_L01.mes,16,19,주인공,(……なんなんだ、この対応の違い<6E5C>),,
dom3Saya_L01.mes,Script/dom3Saya_L01.mes,17,21,Rinka,……もう食べ終わったし、<6E5C>行こうよ、サヤ,,
dom3Saya_L01.mes,Script/dom3Saya_L01.mes,18,22,Saya,待ちなさい、ほら、<6E5C>口の周りが汚れてるわヨ,,
dom3Saya_L01.mes,Script/dom3Saya_L01.mes,19,6,[효과음/내레이션],ふき、ふき,,
dom3Saya_L01.mes,Script/dom3Saya_L01.mes,20,20,Rinka,う、うんっ…….<6E5C>くすぐったいよ、サヤ,,
dom3Saya_L01.mes,Script/dom3Saya_L01.mes,21,24,주인공,(……見てるだけならかわいい<6E5C>のにな、この子),,
dom3Saya_L01.mes,Script/dom3Saya_L01.mes,22,17,주인공,ふたりは家族みたいだな、と思って,,
dom3Saya_L01.mes,Script/dom3Saya_L01.mes,23,19,Saya,……そうねぇ、<6E5C>もう家族も同然よねぇ,,
dom3Saya_L01.mes,Script/dom3Saya_L01.mes,24,14,Rinka,あんたなんかに関係ないよ!,,
dom3Saya_L01.mes,Script/dom3Saya_L01.mes,25,25,주인공,(……見た目も性格も、<6E5C>ずいぶん違う家族だなぁ),,
dom3Saya_L01.mes,Script/dom3Saya_L01.mes,26,6,UNKNOWN_7a,ヂッ、ヂッ,,
dom3Saya_L01.mes,Script/dom3Saya_L01.mes,27,23,Saya,ほら凛花、<6E5C>鉄之介がおうどんほしがってるわよ,,
dom3Saya_L01.mes,Script/dom3Saya_L01.mes,28,19,Rinka,ごめん、鉄之介!<6E5C>もう食べちゃった!,,
dom3Saya_L01.mes,Script/dom3Saya_L01.mes,29,5,UNKNOWN_7a,ヂー……,,
dom3Saya_L01.mes,Script/dom3Saya_L01.mes,30,29,Saya,かわいそうに、ホラ、わたしの<6E5C>あんみつを分けてあげるわッ,,
dom3Saya_L01.mes,Script/dom3Saya_L01.mes,31,4,UNKNOWN_7a,ヂ~!,,
dom3Saya_L01.mes,Script/dom3Saya_L01.mes,32,15,주인공,(……三人家族かな、これは),,
dom3Saya_L02.mes,Script/dom3Saya_L02.mes,0,25,Saya,アラ、<이름:3232>ちゃん.<6E5C>今日の授業はもう終わったわよ,,
dom3Saya_L02.mes,Script/dom3Saya_L02.mes,1,3,주인공,……,,
dom3Saya_L02.mes,Script/dom3Saya_L02.mes,2,20,Saya,どうしたの?<6E5C>ワタシに愛の告白かしら?,,
dom3Saya_L02.mes,Script/dom3Saya_L02.mes,3,16,주인공,い、いえ、そういうわけでは……,,
dom3Saya_L02.mes,Script/dom3Saya_L02.mes,4,17,Saya,照れなくていいのヨ、カワイイ人★,,
dom3Saya_L02.mes,Script/dom3Saya_L02.mes,5,6,주인공,あのね……,,
dom3Saya_L02.mes,Script/dom3Saya_L02.mes,6,44,Saya,じゃあ、相談事?<이름:3232>ちゃんは<6E5C>旅の浪人って閉いたけど、<6E5C>仕官先を探して旅をしているの?,,
dom3Saya_L02.mes,Script/dom3Saya_L02.mes,7,6,주인공,う、うーん,,
dom3Saya_L02.mes,Script/dom3Saya_L02.mes,8,31,Saya,ダメよ、若者がフラフラしてちゃ.<6E5C>せっかくのイイ男が台ナシ!,,
dom3Saya_L02.mes,Script/dom3Saya_L02.mes,9,32,Saya,何かしたいコトはないの?<6E5C>大恋愛とか、世界一の剣豪に<6E5C>なるとか,,
dom3Saya_L02.mes,Script/dom3Saya_L02.mes,10,14,[선택지],恋愛がしたい剣の道を極めたい,,
dom3Saya_L02.mes,Script/dom3Saya_L02.mes,11,9,주인공,恋愛がしたいです,,
dom3Saya_L02.mes,Script/dom3Saya_L02.mes,12,40,Saya,それはイイ目標ネ!恋愛は人生を<6E5C>大きく変えてくれるわヨ.<6E5C>お相手はダレかしら?,,
dom3Saya_L02.mes,Script/dom3Saya_L02.mes,13,7,주인공,あ、いや……,,
dom3Saya_L02.mes,Script/dom3Saya_L02.mes,14,33,Saya,……モゥ、ワタシが気になるなら<6E5C>気になるって、言わなきゃダメよ?,,
dom3Saya_L02.mes,Script/dom3Saya_L02.mes,15,25,주인공,(……これは、つっこんだ方がいい<6E5C>のだろうか?),,
dom3Saya_L02.mes,Script/dom3Saya_L02.mes,16,52,Saya,まぁ、イイワ.<6E5C>また誰か好きな人ができたら<6E5C>相談してネ<485C><이름:3232>ちゃんの相談なら、<6E5C>何でも閉いちゃうカラ!,,
dom3Saya_L02.mes,Script/dom3Saya_L02.mes,17,5,주인공,は、はい,,
dom3Saya_L02.mes,Script/dom3Saya_L02.mes,18,17,주인공,それなら……剣の道を極めたいです,,
dom3Saya_L02.mes,Script/dom3Saya_L02.mes,19,28,Saya,それはステキネ.<6E5C>サムライ、ブシドー、<6E5C>カッコイイわ~,,
dom3Saya_L02.mes,Script/dom3Saya_L02.mes,20,26,Saya,<이름:3232>ちゃんなら、強い剣豪に<6E5C>なれるかもしれないワネ,,
dom3Saya_L02.mes,Script/dom3Saya_L02.mes,21,14,주인공,どうしてそう思うんですか?,,
dom3Saya_L02.mes,Script/dom3Saya_L02.mes,22,39,Saya,この前の一件で、<이름:3232>ちゃんの<6E5C>強さはお見通しヨ!<6E5C>隠したってダメなんだからッ,,
dom3Saya_L02.mes,Script/dom3Saya_L02.mes,23,10,주인공,それは勘違いですよ,,
dom3Saya_L02.mes,Script/dom3Saya_L02.mes,24,53,Saya,まぁ、そういうコトにしたいのなら<6E5C>それでもイイワ<485C>アナタの強さは、ワタシだけが<6E5C>知ってるから……フフフッ,,
dom3Saya_L02.mes,Script/dom3Saya_L02.mes,25,19,주인공,(俺が剣豪……無理に決まってるな<6E5C>),,
dom3Saya_L03.mes,Script/dom3Saya_L03.mes,0,5,[효과음/내레이션],ザワザワ,,
dom3Saya_L03.mes,Script/dom3Saya_L03.mes,1,32,주인공,な、なんだ?<6E5C>今日はやたら人が多いな.<6E5C>何かはじまるのか……?,,
dom3Saya_L03.mes,Script/dom3Saya_L03.mes,2,21,UNKNOWN_1e,お、<이름:3232>じゃないか!<6E5C>こっち空いてるぞ!,,
dom3Saya_L03.mes,Script/dom3Saya_L03.mes,3,35,주인공,は、覇王丸さん.<6E5C>それに、牙神幻十郎……!?<6E5C>これは何の騒ぎですか?,,
dom3Saya_L03.mes,Script/dom3Saya_L03.mes,4,21,UNKNOWN_75,何って、おめぇさん、<6E5C>知らずに来たのか?,,
dom3Saya_L03.mes,Script/dom3Saya_L03.mes,5,5,[효과음/내레이션],パァン!,,
dom3Saya_L03.mes,Script/dom3Saya_L03.mes,6,12,UNKNOWN_1e,みんな、待たせたねっ!,,
dom3Saya_L03.mes,Script/dom3Saya_L03.mes,7,10,주인공,え……サヤさん!?,,
dom3Saya_L03.mes,Script/dom3Saya_L03.mes,8,13,주인공,(な、なんという格好!),,
dom3Saya_L03.mes,Script/dom3Saya_L03.mes,9,12,주인공,(これは……賭博!?),,
dom3Saya_L03.mes,Script/dom3Saya_L03.mes,10,34,Saya,どちらさんも、ようござんすか?<6E5C>寺ようござんすね?<6E5C>寺入ります……,,
dom3Saya_L03.mes,Script/dom3Saya_L03.mes,11,4,[효과음/내레이션],シュッ,,
dom3Saya_L03.mes,Script/dom3Saya_L03.mes,12,12,[효과음/내레이션],カラカラ……シュタッ!,,
dom3Saya_L03.mes,Script/dom3Saya_L03.mes,13,12,Saya,さぁ~、張った張った!,,
dom3Saya_L03.mes,Script/dom3Saya_L03.mes,14,4,UNKNOWN_75,半だっ,,
dom3Saya_L03.mes,Script/dom3Saya_L03.mes,15,3,UNKNOWN_77,丁!,,
dom3Saya_L03.mes,Script/dom3Saya_L03.mes,16,13,UNKNOWN_75,<이름:3232>、てめぇはどっちだ!,,
dom3Saya_L03.mes,Script/dom3Saya_L03.mes,17,7,주인공,え、えぇ~?,,
dom3Saya_L03.mes,Script/dom3Saya_L03.mes,18,2,[선택지],半丁,,
dom3Saya_L03.mes,Script/dom3Saya_L03.mes,19,6,주인공,じゃ、半!,,
dom3Saya_L03.mes,Script/dom3Saya_L03.mes,20,6,[효과음/내레이션],……パカッ,,
dom3Saya_L03.mes,Script/dom3Saya_L03.mes,21,10,Saya,……ピンゾロの、丁,,
dom3Saya_L03.mes,Script/dom3Saya_L03.mes,22,5,UNKNOWN_75,くそっ!,,
dom3Saya_L03.mes,Script/dom3Saya_L03.mes,23,4,주인공,あぁ~,,
dom3Saya_L03.mes,Script/dom3Saya_L03.mes,24,5,UNKNOWN_77,……フッ,,
dom3Saya_L03.mes,Script/dom3Saya_L03.mes,25,6,UNKNOWN_1e,コラ~!!,,
dom3Saya_L03.mes,Script/dom3Saya_L03.mes,26,3,주인공,ん?,,
dom3Saya_L03.mes,Script/dom3Saya_L03.mes,27,46,Shino,ちょっとぉ!むささび屋の二階で<6E5C>バクチは禁止って言ったでしょ!<6E5C>みんな、つまみ出すよっっ!,,
dom3Saya_L03.mes,Script/dom3Saya_L03.mes,28,11,Saya,アラ、めざといわね~,,
dom3Saya_L03.mes,Script/dom3Saya_L03.mes,29,10,주인공,な、なんで俺まで~,,
dom3Saya_L03.mes,Script/dom3Saya_L03.mes,30,6,주인공,じゃ、丁!,,
dom3Saya_L03.mes,Script/dom3Saya_L03.mes,31,6,[효과음/내레이션],……パカッ,,
dom3Saya_L03.mes,Script/dom3Saya_L03.mes,32,10,Saya,……ピンゾロの、丁,,
dom3Saya_L03.mes,Script/dom3Saya_L03.mes,33,5,UNKNOWN_75,くそっ!,,
dom3Saya_L03.mes,Script/dom3Saya_L03.mes,34,5,주인공,やった!,,
dom3Saya_L03.mes,Script/dom3Saya_L03.mes,35,5,UNKNOWN_77,……フッ,,
dom3Saya_L03.mes,Script/dom3Saya_L03.mes,36,6,UNKNOWN_1e,ちょいとっ,,
dom3Saya_L03.mes,Script/dom3Saya_L03.mes,37,3,주인공,ん?,,
dom3Saya_L03.mes,Script/dom3Saya_L03.mes,38,35,UNKNOWN_6d,蜜蜂屋はいつから賭場に<6E5C>なったんだい?<6E5C>みんな、とっとと出ていきな!,,
dom3Saya_L03.mes,Script/dom3Saya_L03.mes,39,12,Saya,マァ、バレちゃったわ~,,
dom3Saya_L03.mes,Script/dom3Saya_L03.mes,40,6,주인공,ひ、ひぃ~,,
dom3Saya_L04.mes,Script/dom3Saya_L04.mes,0,14,주인공,(サヤさん、いるかな……),,
dom3Saya_L04.mes,Script/dom3Saya_L04.mes,1,4,[효과음/내레이션],ドンッ,,
dom3Saya_L04.mes,Script/dom3Saya_L04.mes,2,15,주인공,あ、すいませ……って、あぁ!,,
dom3Saya_L04.mes,Script/dom3Saya_L04.mes,3,20,UNKNOWN_74,テメェは、<이름:3232>!<6E5C>なんでこンなトコに!,,
dom3Saya_L04.mes,Script/dom3Saya_L04.mes,4,25,주인공,それはこっちの台詞だ!<6E5C>何か悪さしに来たのかぁ?,,
dom3Saya_L04.mes,Script/dom3Saya_L04.mes,5,7,UNKNOWN_74,ンだとォ!?,,
dom3Saya_L04.mes,Script/dom3Saya_L04.mes,6,9,UNKNOWN_1e,ケンカはやめて!,,
dom3Saya_L04.mes,Script/dom3Saya_L04.mes,7,24,Saya,ふたりとも……<6E5C>ワタシのために争うのはヤメて!,,
dom3Saya_L04.mes,Script/dom3Saya_L04.mes,8,5,주인공,……え?,,
dom3Saya_L04.mes,Script/dom3Saya_L04.mes,9,24,Saya,争う気持ちはよくわかるけど……<6E5C>ケンカはダメ!,,
dom3Saya_L04.mes,Script/dom3Saya_L04.mes,10,24,Saya,お願い、ワタシを想うなら、<6E5C>どうか仲良くして?,,
dom3Saya_L04.mes,Script/dom3Saya_L04.mes,11,3,주인공,……,,
dom3Saya_L04.mes,Script/dom3Saya_L04.mes,12,3,UNKNOWN_74,……,,
dom3Saya_L04.mes,Script/dom3Saya_L04.mes,13,7,[선택지],わかった無理だ,,
dom3Saya_L04.mes,Script/dom3Saya_L04.mes,14,29,주인공,何か勘違いしてるようだけど……<6E5C>サヤさんがそう言うのなら,,
dom3Saya_L04.mes,Script/dom3Saya_L04.mes,15,21,UNKNOWN_74,けっ、誰が友達だよ.<6E5C>オレ様は嫌だからな,,
dom3Saya_L04.mes,Script/dom3Saya_L04.mes,16,15,Saya,モォ、そんなこと言わないノ!,,
dom3Saya_L04.mes,Script/dom3Saya_L04.mes,17,44,Saya,世の中には、ケンカしたまま別れて<6E5C>、もう二度と会えなくなること<6E5C>だってあるんだから……,,
dom3Saya_L04.mes,Script/dom3Saya_L04.mes,18,22,UNKNOWN_74,……わかったよ.<6E5C>ケンカしなきゃいいんだろ,,
dom3Saya_L04.mes,Script/dom3Saya_L04.mes,19,20,Saya,よかった!<6E5C>理解してくれてうれしいワ!,,
dom3Saya_L04.mes,Script/dom3Saya_L04.mes,20,36,Saya,ワタシはひとりだけのものじゃない<6E5C>……ミンナのものだから安心してね<6E5C>?,,
dom3Saya_L04.mes,Script/dom3Saya_L04.mes,21,10,Saya,ハイ、三人で握手っ,,
dom3Saya_L04.mes,Script/dom3Saya_L04.mes,22,6,[효과음/내레이션],ぎゅぎゅっ,,
dom3Saya_L04.mes,Script/dom3Saya_L04.mes,23,10,UNKNOWN_74,ウワッ、やめろぉ!,,
dom3Saya_L04.mes,Script/dom3Saya_L04.mes,24,24,주인공,(……うう、<6E5C>なんで狂エ門なんかと握手を……),,
dom3Saya_L04.mes,Script/dom3Saya_L04.mes,25,16,UNKNOWN_0x74,けっ、誰が友達だよ、こんなヤツ,,
dom3Saya_L04.mes,Script/dom3Saya_L04.mes,26,13,주인공,サヤさん、俺も無理ですよ,,
dom3Saya_L04.mes,Script/dom3Saya_L04.mes,27,22,Saya,モォ、そんなにワタシを<6E5C>奪い合いたいの!?,,
dom3Saya_L04.mes,Script/dom3Saya_L04.mes,28,6,주인공,いや、あの,,
dom3Saya_L04.mes,Script/dom3Saya_L04.mes,29,44,Saya,世の中には、ケンカしたまま別れて<6E5C>、もう二度と会えなくなることだっ<6E5C>てあるんだから……,,
dom3Saya_L04.mes,Script/dom3Saya_L04.mes,30,17,주인공,(……どういうことだろう……?),,
dom3Saya_L05.mes,Script/dom3Saya_L05.mes,0,14,UNKNOWN_0x1e,アラァ、<이름:3232>ちゃんじゃない,,
dom3Saya_L05.mes,Script/dom3Saya_L05.mes,1,5,주인공,サヤさん,,
dom3Saya_L05.mes,Script/dom3Saya_L05.mes,2,33,Saya,偶然ねえ.やっぱりワタシたち、<6E5C>運命の糸でつながっているのかしら,,
dom3Saya_L05.mes,Script/dom3Saya_L05.mes,3,6,주인공,ははは……,,
dom3Saya_L05.mes,Script/dom3Saya_L05.mes,4,13,Saya,アラ、あそこに誰かいるわ,,
dom3Saya_L05.mes,Script/dom3Saya_L05.mes,5,10,주인공,ん?あれは……ミナ,,
dom3Saya_L05.mes,Script/dom3Saya_L05.mes,6,27,Saya,<이름:3232>ちゃん、知ってるの?<6E5C>さすが、スミに置けないわネ,,
dom3Saya_L05.mes,Script/dom3Saya_L05.mes,7,11,주인공,そういうわけじゃ……,,
dom3Saya_L05.mes,Script/dom3Saya_L05.mes,8,24,Saya,チョット、どんな子なのか<6E5C>話しかけて来ようっと,,
dom3Saya_L05.mes,Script/dom3Saya_L05.mes,9,15,주인공,え、ちょっと待って、サヤさん,,
dom3Saya_L05.mes,Script/dom3Saya_L05.mes,10,8,Saya,どうかしたの?,,
dom3Saya_L05.mes,Script/dom3Saya_L05.mes,11,27,[선택지],関わらないほうがいいですよでも、サヤさんになら話すかも,,
dom3Saya_L05.mes,Script/dom3Saya_L05.mes,12,48,주인공,被女、人見知りが激しいというか、<6E5C>人が嫌いというか.変わった娘だか<6E5C>ら関わらない方がいいですよ,,
dom3Saya_L05.mes,Script/dom3Saya_L05.mes,13,21,Saya,なら、なおさらほっとけない<6E5C>じゃないの!,,
dom3Saya_L05.mes,Script/dom3Saya_L05.mes,14,13,Saya,ちょっとそこのアナタ~!,,
dom3Saya_L05.mes,Script/dom3Saya_L05.mes,15,5,주인공,うわ……,,
dom3Saya_L05.mes,Script/dom3Saya_L05.mes,16,5,Mina,……誰?,,
dom3Saya_L05.mes,Script/dom3Saya_L05.mes,17,23,Saya,こんにちは.ワタシ、サヤ.<6E5C>アナタの名前は?,,
dom3Saya_L05.mes,Script/dom3Saya_L05.mes,18,3,Mina,……,,
dom3Saya_L05.mes,Script/dom3Saya_L05.mes,19,20,Saya,ステキな衣装ね.<6E5C>アナタの国の物なの?,,
dom3Saya_L05.mes,Script/dom3Saya_L05.mes,20,13,Mina,……わたしに関わらないで,,
dom3Saya_L05.mes,Script/dom3Saya_L05.mes,21,37,Saya,どうして?ワタシはアナタと<6E5C>仲良くなりたいのヨ.<6E5C>ひとりでいることないわ,,
dom3Saya_L05.mes,Script/dom3Saya_L05.mes,22,3,Mina,……,,
dom3Saya_L05.mes,Script/dom3Saya_L05.mes,23,4,[효과음/내레이션],プイッ,,
dom3Saya_L05.mes,Script/dom3Saya_L05.mes,24,13,Saya,アラ……フラレちゃったわ,,
dom3Saya_L05.mes,Script/dom3Saya_L05.mes,25,15,주인공,(やっぱり、ダメだよな……),,
dom3Saya_L05.mes,Script/dom3Saya_L05.mes,26,38,주인공,被女、人見知りが激しい娘<6E5C>なんですが…….<6E5C>サヤさんになら話してくれるかも,,
dom3Saya_L05.mes,Script/dom3Saya_L05.mes,27,20,Saya,わかったワ、ワタシに任せて<6E5C>チョウダイ,,
dom3Saya_L05.mes,Script/dom3Saya_L05.mes,28,13,Saya,チョットそこのアナタ~!,,
dom3Saya_L05.mes,Script/dom3Saya_L05.mes,29,5,Mina,……誰?,,
dom3Saya_L05.mes,Script/dom3Saya_L05.mes,30,23,Saya,こんにちは.ワタシ、サヤ.<6E5C>アナタの名前は?,,
dom3Saya_L05.mes,Script/dom3Saya_L05.mes,31,3,Mina,……,,
dom3Saya_L05.mes,Script/dom3Saya_L05.mes,32,20,Saya,ステキな衣装ね.<6E5C>アナタの国の物なの?,,
dom3Saya_L05.mes,Script/dom3Saya_L05.mes,33,13,Mina,……わたしに関わらないで,,
dom3Saya_L05.mes,Script/dom3Saya_L05.mes,34,38,Saya,どうして?ワタシはアナタと<6E5C>仲良くなりたいのよ.<6E5C>ひとりは……寂しいでしょ,,
dom3Saya_L05.mes,Script/dom3Saya_L05.mes,35,3,Mina,……,,
dom3Saya_L05.mes,Script/dom3Saya_L05.mes,36,4,[효과음/내레이션],プイッ,,
dom3Saya_L05.mes,Script/dom3Saya_L05.mes,37,14,Saya,マァ……カタクナな子ね……,,
dom3Saya_L05.mes,Script/dom3Saya_L05.mes,38,22,주인공,(う~ん、サヤさんでも無理<6E5C>だったか……),,
dom3Saya_L06.mes,Script/dom3Saya_L06.mes,0,20,주인공,あ、右京さん、<6E5C>もう体はいいんですか?,,
dom3Saya_L06.mes,Script/dom3Saya_L06.mes,1,12,Ukyo,……うむ、なんとか……,,
dom3Saya_L06.mes,Script/dom3Saya_L06.mes,2,29,Saya,よかったワ.<6E5C>じゃ、快復気祝いにドコか<6E5C>行きましょうヨ!,,
dom3Saya_L06.mes,Script/dom3Saya_L06.mes,3,10,Saya,ネェ、右京先生……,,
dom3Saya_L06.mes,Script/dom3Saya_L06.mes,4,4,[효과음/내레이션],ピトッ,,
dom3Saya_L06.mes,Script/dom3Saya_L06.mes,5,9,Ukyo,サ、サヤ殿……?,,
dom3Saya_L06.mes,Script/dom3Saya_L06.mes,6,28,Saya,温泉とかどうかしら…….<6E5C>右京先生の体にも良さそうだし,,
dom3Saya_L06.mes,Script/dom3Saya_L06.mes,7,17,Saya,……モチロン、混浴のところ、ネ★,,
dom3Saya_L06.mes,Script/dom3Saya_L06.mes,8,8,주인공,こ、混浴ぅ!?,,
dom3Saya_L06.mes,Script/dom3Saya_L06.mes,9,8,Ukyo,……ガハァッ!,,
dom3Saya_L06.mes,Script/dom3Saya_L06.mes,10,17,Saya,イヤン、右京先生、ダイジョウブ?,,
dom3Saya_L06.mes,Script/dom3Saya_L06.mes,11,16,주인공,(サヤさん、やりすぎだよ……),,
dom3Saya_L06.mes,Script/dom3Saya_L06.mes,12,13,[선택지],サヤを止めるサヤに加勢する,,
dom3Saya_L06.mes,Script/dom3Saya_L06.mes,13,22,주인공,サ、サヤさん、右京さん、<6E5C>血を吐いてますよ,,
dom3Saya_L06.mes,Script/dom3Saya_L06.mes,14,7,Saya,アラ、ホント,,
dom3Saya_L06.mes,Script/dom3Saya_L06.mes,15,26,Saya,ちょっとやりすぎちゃったわネ.<6E5C>ゴメンネ、右京先生,,
dom3Saya_L06.mes,Script/dom3Saya_L06.mes,16,5,[효과음/내레이션],ふきふき,,
dom3Saya_L06.mes,Script/dom3Saya_L06.mes,17,17,Ukyo,……ゴホッゴホッ.<6E5C>い、いや……,,
dom3Saya_L06.mes,Script/dom3Saya_L06.mes,18,31,주인공,(ん?今、鼻の下にも血が付いて<6E5C>いたような…….気のせいか),,
dom3Saya_L06.mes,Script/dom3Saya_L06.mes,19,32,주인공,右京さん、サヤさんがこんなに<6E5C>熱烈に誘ってくれるんですから……,,
dom3Saya_L06.mes,Script/dom3Saya_L06.mes,20,17,Saya,まさか、イヤとは言わないわよねぇ,,
dom3Saya_L06.mes,Script/dom3Saya_L06.mes,21,5,[효과음/내레이션],ムギュウ,,
dom3Saya_L06.mes,Script/dom3Saya_L06.mes,22,3,Ukyo,……,,
dom3Saya_L06.mes,Script/dom3Saya_L06.mes,23,6,Ukyo,……キュウ,,
dom3Saya_L06.mes,Script/dom3Saya_L06.mes,24,4,[효과음/내레이션],パタン,,
dom3Saya_L06.mes,Script/dom3Saya_L06.mes,25,22,Saya,チョ、チョット右京先生!<6E5C>ダイジョウブ!?,,
dom3Saya_L06.mes,Script/dom3Saya_L06.mes,26,24,주인공,(しまった…….<6E5C>右京先生、死んじゃうよ……),,
dom3Saya_L07.mes,Script/dom3Saya_L07.mes,0,15,UNKNOWN_0x1e,おまえさぁ、生まれてくんなよ,,
dom3Saya_L07.mes,Script/dom3Saya_L07.mes,1,5,[효과음/내레이션],バキィッ,,
dom3Saya_L07.mes,Script/dom3Saya_L07.mes,2,19,주인공,(うわっ、生徒同士でケンカか!?<6E5C>),,
dom3Saya_L07.mes,Script/dom3Saya_L07.mes,3,31,Saya,やめなさい!<6E5C>すぐに仲直りしないと許さないわよ<6E5C>!夜血くんっ,,
dom3Saya_L07.mes,Script/dom3Saya_L07.mes,4,39,UNKNOWN_4c,3チッ!センセーかよ.<6E5C>その人を見透かした態度、<6E5C>いちいち気にさわるんだよ!,,
dom3Saya_L07.mes,Script/dom3Saya_L07.mes,5,4,[효과음/내레이션],ぎゅっ,,
dom3Saya_L07.mes,Script/dom3Saya_L07.mes,6,15,Saya,キャッ!ドコさわってるのよ!,,
dom3Saya_L07.mes,Script/dom3Saya_L07.mes,7,26,UNKNOWN_32,3アマが.<6E5C>この体、ズタズタに<6E5C>してやろうかァ~?,,
dom3Saya_L07.mes,Script/dom3Saya_L07.mes,8,12,주인공,(な、なんという奴!),,
dom3Saya_L07.mes,Script/dom3Saya_L07.mes,9,15,[선택지],サヤをかばう夜血を取り押さえる,,
dom3Saya_L07.mes,Script/dom3Saya_L07.mes,10,6,주인공,サヤさん!,,
dom3Saya_L07.mes,Script/dom3Saya_L07.mes,11,12,Saya,いい加減にしなさいっ!,,
dom3Saya_L07.mes,Script/dom3Saya_L07.mes,12,7,[효과음/내레이션],バキィィッ!,,
dom3Saya_L07.mes,Script/dom3Saya_L07.mes,13,22,주인공,いだっ!<6E5C>……サヤさんのひじ打ちが、モロに,,
dom3Saya_L07.mes,Script/dom3Saya_L07.mes,14,21,Saya,や、ヤダ、<이름:3232>ちゃん、<6E5C>どうしてここに?,,
dom3Saya_L07.mes,Script/dom3Saya_L07.mes,15,22,UNKNOWN_2a,3あーあもう、マジになっちゃって.<6E5C>アバヨ,,
dom3Saya_L07.mes,Script/dom3Saya_L07.mes,16,34,Saya,<이름:3232>ちゃん、ダイジョウブ?<6E5C>ゴメンネ.<6E5C>突然飛び出してくるんだもの,,
dom3Saya_L07.mes,Script/dom3Saya_L07.mes,17,16,주인공,(う~ん、完全に失敗した……),,
dom3Saya_L07.mes,Script/dom3Saya_L07.mes,18,11,주인공,サヤさんから離れ……,,
dom3Saya_L07.mes,Script/dom3Saya_L07.mes,19,4,Saya,タァ!,,
dom3Saya_L07.mes,Script/dom3Saya_L07.mes,20,7,[효과음/내레이션],バキィィッ!,,
dom3Saya_L07.mes,Script/dom3Saya_L07.mes,21,5,Kasumi,3グァ!,,
dom3Saya_L07.mes,Script/dom3Saya_L07.mes,22,21,Saya,ゴメンネ.<6E5C>ママより優しくないの、ワタシ,,
dom3Saya_L07.mes,Script/dom3Saya_L07.mes,23,14,UNKNOWN_1a,3チクショウ、覚えてろよ!,,
dom3Saya_L07.mes,Script/dom3Saya_L07.mes,24,3,[효과음/내레이션],ダッ,,
dom3Saya_L07.mes,Script/dom3Saya_L07.mes,25,14,Saya,アラ、<이름:3232>ちゃん.いたの?,,
dom3Saya_L07.mes,Script/dom3Saya_L07.mes,26,19,주인공,(……俺が出る幕なんてなかったな<6E5C>),,
dom3Saya_L08.mes,Script/dom3Saya_L08.mes,0,22,주인공,あ、サヤさんも来てたんですね.<6E5C>こんにちは,,
dom3Saya_L08.mes,Script/dom3Saya_L08.mes,1,16,Saya,コンニチハ.<이름:3232>ちゃんもお昼?,,
dom3Saya_L08.mes,Script/dom3Saya_L08.mes,2,3,주인공,はい,,
dom3Saya_L08.mes,Script/dom3Saya_L08.mes,3,28,Shino,いらっしゃい!<6E5C>あら、サヤさん、<6E5C>着物なんて珍しいわね,,
dom3Saya_L08.mes,Script/dom3Saya_L08.mes,4,37,Saya,でも、慣れないと苦しくて…….<6E5C>詩乃ちゃん、よくこんなの着て<6E5C>働けるわネ,,
dom3Saya_L08.mes,Script/dom3Saya_L08.mes,5,28,Shino,まあ、あたいなんかは子供の<6E5C>ころからずっと着てるからね,,
dom3Saya_L08.mes,Script/dom3Saya_L08.mes,6,27,Saya,ヤッパリ、日本人の体型じゃないと<6E5C>合わないのカシラン,,
dom3Saya_L08.mes,Script/dom3Saya_L08.mes,7,24,Shino,それって、自分の体型がいいって<6E5C>自慢してるの?,,
dom3Saya_L08.mes,Script/dom3Saya_L08.mes,8,41,Saya,アラ、そんなつもりで言ったんじゃ<6E5C>ないんだけど、そう閉こえたなら<6E5C>ゴメンナサ~イ,,
dom3Saya_L08.mes,Script/dom3Saya_L08.mes,9,17,주인공,(……ん?なんだか雲行きが……),,
dom3Saya_L08.mes,Script/dom3Saya_L08.mes,10,26,Shino,ふ、ふん.デカけりゃいいって<6E5C>もんじゃないでしょ!,,
dom3Saya_L08.mes,Script/dom3Saya_L08.mes,11,29,Saya,アラヤダ、ワタシがアナタより<6E5C>劣っていると言いたいワケ?,,
dom3Saya_L08.mes,Script/dom3Saya_L08.mes,12,22,주인공,ちょ、ちょっと二人ともやめて<6E5C>くださいよ!,,
dom3Saya_L08.mes,Script/dom3Saya_L08.mes,13,19,Shino,何?<6E5C><이름:3232>さんはサヤさんの味方なの?,,
dom3Saya_L08.mes,Script/dom3Saya_L08.mes,14,14,주인공,い、いや、そんなことは……,,
dom3Saya_L08.mes,Script/dom3Saya_L08.mes,15,22,Saya,じゃあ、<6E5C>詩乃ちゃんの味方だとでも言うの?,,
dom3Saya_L08.mes,Script/dom3Saya_L08.mes,16,15,주인공,べ、別にそういうわけでは……,,
dom3Saya_L08.mes,Script/dom3Saya_L08.mes,17,16,Shino,ちょっと、はっきりしなさいよ!,,
dom3Saya_L08.mes,Script/dom3Saya_L08.mes,18,11,UNKNOWN_14,4どっちの味方なの?,,
dom3Saya_L08.mes,Script/dom3Saya_L08.mes,19,4,[선택지],サヤ詩乃,,
dom3Saya_L08.mes,Script/dom3Saya_L08.mes,20,14,주인공,……サ、サヤさん、かな……,,
dom3Saya_L08.mes,Script/dom3Saya_L08.mes,21,23,Saya,さっすが、<이름:3232>ちゃん.<6E5C>イイ女を知ってるワ~,,
dom3Saya_L08.mes,Script/dom3Saya_L08.mes,22,22,Shino,<이름:3232>さん……そうだったの…….<6E5C>くやしいっ,,
dom3Saya_L08.mes,Script/dom3Saya_L08.mes,23,7,주인공,詩乃さん……,,
dom3Saya_L08.mes,Script/dom3Saya_L08.mes,24,21,Saya,じゃあ、<이름:3232>ちゃんはもらって<6E5C>行くわよ~,,
dom3Saya_L08.mes,Script/dom3Saya_L08.mes,25,4,[효과음/내레이션],ぐいっ,,
dom3Saya_L08.mes,Script/dom3Saya_L08.mes,26,22,주인공,ち、ちょっと、<6E5C>もらって行くってそんな……,,
dom3Saya_L08.mes,Script/dom3Saya_L08.mes,27,8,[효과음/내레이션],ずるずる…… ,,
dom3Saya_L08.mes,Script/dom3Saya_L08.mes,28,10,주인공,……詩乃さん、かな,,
dom3Saya_L08.mes,Script/dom3Saya_L08.mes,29,12,Saya,え、ヤダ、<이름:3232>ちゃん?,,
dom3Saya_L08.mes,Script/dom3Saya_L08.mes,30,15,Shino,<이름:3232>さん!あたい信じてたよ!,,
dom3Saya_L08.mes,Script/dom3Saya_L08.mes,31,28,Saya,…….<6E5C>仕方ないわね、おジャマ虫は<6E5C>消えるとするわ……,,
dom3Saya_L08.mes,Script/dom3Saya_L08.mes,32,3,[효과음/내레이션],ダッ,,
dom3Saya_L08.mes,Script/dom3Saya_L08.mes,33,10,주인공,うう、女は恐い……,,
dom3Saya_L09.mes,Script/dom3Saya_L09.mes,0,15,주인공,ん?なんだか騒がしいな……?,,
dom3Saya_L09.mes,Script/dom3Saya_L09.mes,1,8,UNKNOWN_1e,<이름:3232>ちゃ~ん!,,
dom3Saya_L09.mes,Script/dom3Saya_L09.mes,2,28,주인공,どわっ!ど、どうしたんですか?<6E5C>サヤさん、その格好は?,,
dom3Saya_L09.mes,Script/dom3Saya_L09.mes,3,32,Saya,ヨカッタ、迎えに行こうと<6E5C>思っていたのヨ.<6E5C>どう?似合うでショ,,
dom3Saya_L09.mes,Script/dom3Saya_L09.mes,4,24,주인공,……ええ、絵から抜け出てきた<6E5C>貴夫人みたいです,,
dom3Saya_L09.mes,Script/dom3Saya_L09.mes,5,10,Saya,クスッ.アリガト★,,
dom3Saya_L09.mes,Script/dom3Saya_L09.mes,6,17,주인공,それって、エゲレスの衣ですよね?,,
dom3Saya_L09.mes,Script/dom3Saya_L09.mes,7,27,Saya,ええ、そうよ.<6E5C>こっちに来る時に持ってきた<6E5C>ものなの,,
dom3Saya_L09.mes,Script/dom3Saya_L09.mes,8,9,주인공,それにしても……,,
dom3Saya_L09.mes,Script/dom3Saya_L09.mes,9,26,[선택지],歩きにくくないんですか?みんなそんな格好なんですか?,,
dom3Saya_L09.mes,Script/dom3Saya_L09.mes,10,13,주인공,歩きにくそうな格好ですね,,
dom3Saya_L09.mes,Script/dom3Saya_L09.mes,11,39,Saya,ソウ?ワタシにしてみれば、<6E5C>日本の着物の方がよっぽど<6E5C>歩きにくいと思うけど?,,
dom3Saya_L09.mes,Script/dom3Saya_L09.mes,12,11,주인공,それを言われると……,,
dom3Saya_L09.mes,Script/dom3Saya_L09.mes,13,34,Saya,ねぇ、このままいっしょに遊びに<6E5C>行きましょう?<6E5C>せっかくですもの!,,
dom3Saya_L09.mes,Script/dom3Saya_L09.mes,14,14,주인공,えっ、その格好でですかぁ?,,
dom3Saya_L09.mes,Script/dom3Saya_L09.mes,15,32,Saya,……なによ.<6E5C><이름:3232>ちゃんったら、ヤッパリ<6E5C>着物の方が好きなのね,,
dom3Saya_L09.mes,Script/dom3Saya_L09.mes,16,11,주인공,そういうわけじゃ……,,
dom3Saya_L09.mes,Script/dom3Saya_L09.mes,17,38,Saya,<이름:3232>ちゃんに見せるために<6E5C>着たのに……もういいわ.<6E5C>誰か他の人を誘うからッ,,
dom3Saya_L09.mes,Script/dom3Saya_L09.mes,18,4,[효과음/내레이션],ササッ,,
dom3Saya_L09.mes,Script/dom3Saya_L09.mes,19,16,주인공,ああ、サヤさん!……しまったな,,
dom3Saya_L09.mes,Script/dom3Saya_L09.mes,20,27,주인공,エゲレスの女性はみんなそんな<6E5C>格好しているんですか?,,
dom3Saya_L09.mes,Script/dom3Saya_L09.mes,21,13,Saya,外を歩くときは大体そうヨ,,
dom3Saya_L09.mes,Script/dom3Saya_L09.mes,22,60,주인공,(……エゲレス人は、<6E5C>みんなあんなに腰が細いのか?)<485C>(というか、<6E5C>あのおしりのところには何が<6E5C>入っているんだ???),,
dom3Saya_L09.mes,Script/dom3Saya_L09.mes,23,28,Saya,……ウフッ.<6E5C>さっきからジロジロ見て、<6E5C>興味があるの?,,
dom3Saya_L09.mes,Script/dom3Saya_L09.mes,24,7,주인공,え?まあ……,,
dom3Saya_L09.mes,Script/dom3Saya_L09.mes,25,29,Saya,なんだったら、ひとつひとつ脱いで<6E5C>見せてあげましょうか?,,
dom3Saya_L09.mes,Script/dom3Saya_L09.mes,26,7,주인공,え、ええっ?,,
dom3Saya_L09.mes,Script/dom3Saya_L09.mes,27,31,Saya,フフッ、そんなに興奮しないで、<6E5C>カワイイわね.ジョーダンよ!,,
dom3Saya_L09.mes,Script/dom3Saya_L09.mes,28,8,주인공,……な、なんだ,,
dom3Saya_L09.mes,Script/dom3Saya_L09.mes,29,36,Saya,……異文化交流はこれぐらいにして<6E5C>、せっかくだから遊びに<6E5C>行きましょッ,,
dom3Saya_L09.mes,Script/dom3Saya_L09.mes,30,10,주인공,はい、よろこんで!,,
dom3Saya_L09.mes,Script/dom3Saya_L09.mes,31,5,Saya,ノンノン,,
dom3Saya_L09.mes,Script/dom3Saya_L09.mes,32,2,주인공,?,,
dom3Saya_L09.mes,Script/dom3Saya_L09.mes,33,24,Saya,そういうときは、『はい、お嬢様』<6E5C>……デショ?,,
dom3Saya_L09.mes,Script/dom3Saya_L09.mes,34,17,주인공,……は、はい、オジョウサマ……?,,
dom3Saya_L10.mes,Script/dom3Saya_L10.mes,0,8,UNKNOWN_1e,<이름:3232>ちゃ~ん!,,
dom3Saya_L10.mes,Script/dom3Saya_L10.mes,1,7,주인공,あ、サヤさん,,
dom3Saya_L10.mes,Script/dom3Saya_L10.mes,2,10,주인공,(うわっ、酒臭い),,
dom3Saya_L10.mes,Script/dom3Saya_L10.mes,3,23,주인공,どうしたんですか、<6E5C>そんなに酔っ払って……?,,
dom3Saya_L10.mes,Script/dom3Saya_L10.mes,4,21,Saya,ナ~ニよ、<6E5C>酔っ払ったら悪いってゆ~の?,,
dom3Saya_L10.mes,Script/dom3Saya_L10.mes,5,7,주인공,い、いや……,,
dom3Saya_L10.mes,Script/dom3Saya_L10.mes,6,21,Saya,<이름:3232>ちゃんも、<6E5C>一緒に香みましょうヨッ★,,
dom3Saya_L10.mes,Script/dom3Saya_L10.mes,7,12,[선택지],いいですよ飲み過ぎですよ,,
dom3Saya_L10.mes,Script/dom3Saya_L10.mes,8,17,주인공,(このままほっとけないよな……),,
dom3Saya_L10.mes,Script/dom3Saya_L10.mes,9,15,주인공,わかりました.少しだけですよ,,
dom3Saya_L10.mes,Script/dom3Saya_L10.mes,10,22,Saya,さっすが、<이름:3232>ちゃん.<6E5C>サァ、行くワヨォ!,,
dom3Saya_L10.mes,Script/dom3Saya_L10.mes,11,7,[효과음/내레이션],ずるずるずる,,
dom3Saya_L10.mes,Script/dom3Saya_L10.mes,12,9,[효과음/내레이션],トクトクトク……,,
dom3Saya_L10.mes,Script/dom3Saya_L10.mes,13,11,Saya,ハイ、<이름:3232>ちゃん.ド。,,
dom3Saya_L10.mes,Script/dom3Saya_L10.mes,14,2,Saya,ウ。,,
dom3Saya_L10.mes,Script/dom3Saya_L10.mes,15,3,Saya,ゾ★,,
dom3Saya_L10.mes,Script/dom3Saya_L10.mes,16,8,주인공,あ、すいません,,
dom3Saya_L10.mes,Script/dom3Saya_L10.mes,17,4,[효과음/내레이션],ゴクッ,,
dom3Saya_L10.mes,Script/dom3Saya_L10.mes,18,30,Saya,アラァン、イイ飲みっぷり!<6E5C>さっすが<이름:3232>ちゃん、イイ男ネ~,,
dom3Saya_L10.mes,Script/dom3Saya_L10.mes,19,44,주인공,はぁ…….それにしてもサヤさんが<6E5C>お酒を飲むなんて珍しいですね.<6E5C>何かあったんですか?,,
dom3Saya_L10.mes,Script/dom3Saya_L10.mes,20,16,Saya,んモウ、タマにはいいじゃないッ,,
dom3Saya_L10.mes,Script/dom3Saya_L10.mes,21,20,Saya,ワタシだって、香みたい時も<6E5C>あるノ……,,
dom3Saya_L10.mes,Script/dom3Saya_L10.mes,22,23,주인공,(……この表情.<6E5C>やはり何かあったのかな?),,
dom3Saya_L10.mes,Script/dom3Saya_L10.mes,23,16,Saya,ホラ、<이름:3232>ちゃんも香んで香んで,,
dom3Saya_L10.mes,Script/dom3Saya_L10.mes,24,12,주인공,俺、あんまりお酒は……,,
dom3Saya_L10.mes,Script/dom3Saya_L10.mes,25,47,Saya,アラ、心配いらないワヨ.ここには<6E5C>お布団だってあるんだから、帰れ<6E5C>なくなってもダイジョーブ★,,
dom3Saya_L10.mes,Script/dom3Saya_L10.mes,26,5,주인공,えっ!?,,
dom3Saya_L10.mes,Script/dom3Saya_L10.mes,27,26,Saya,凛花には、今夜は帰らないかもって<6E5C>言ってきたし……,,
dom3Saya_L10.mes,Script/dom3Saya_L10.mes,28,10,주인공,そ、そ、そんな……,,
dom3Saya_L10.mes,Script/dom3Saya_L10.mes,29,35,Saya,ウ~ン、<6E5C>なんだか暑くなって来ちゃったワ.<6E5C>……脱いじゃおうカシラン,,
dom3Saya_L10.mes,Script/dom3Saya_L10.mes,30,4,주인공,!!?,,
dom3Saya_L10.mes,Script/dom3Saya_L10.mes,31,28,주인공,ダメですよ、サヤさん.<6E5C>飲み過ぎです.家に帰りましょう,,
dom3Saya_L10.mes,Script/dom3Saya_L10.mes,32,31,Saya,モゥ!ノリの悪いコね.<6E5C>いいわヨ、ひとりさみしく<6E5C>香むからッ,,
dom3Saya_L10.mes,Script/dom3Saya_L10.mes,33,6,[효과음/내레이션],フラフラァ,,
dom3Saya_L10.mes,Script/dom3Saya_L10.mes,34,41,주인공,ああ、サヤさん、待って!<6E5C>……ったく、何があってあんなに<6E5C>酔いつぶれてるんだぁ?,,
dom3Saya_M01.mes,Script/dom3Saya_M01.mes,0,11,Saya,じゃあ先に帰っててね,,
dom3Saya_M01.mes,Script/dom3Saya_M01.mes,1,3,Rinka,うん,,
dom3Saya_M01.mes,Script/dom3Saya_M01.mes,2,4,[효과음/내레이션],タタッ,,
dom3Saya_M01.mes,Script/dom3Saya_M01.mes,3,23,Saya,……アラ、<이름:3232>ちゃんじゃない.<6E5C>どうしたの?,,
dom3Saya_M01.mes,Script/dom3Saya_M01.mes,4,33,주인공,(そういや、二人はいっしょに募ら<6E5C>しているって言ってたっけ……),,
dom3Saya_M01.mes,Script/dom3Saya_M01.mes,5,27,[선택지],凛花みたいな妹がいたらいいなサヤさんは凛花の親代わり?,,
dom3Saya_M01.mes,Script/dom3Saya_M01.mes,6,21,주인공,凛花ちゃんみたいな妹がいたら<6E5C>いいですね,,
dom3Saya_M01.mes,Script/dom3Saya_M01.mes,7,29,Saya,アラ、<이름:3232>ちゃんは年下の<6E5C>女の子が好みなの?カワイイわネ,,
dom3Saya_M01.mes,Script/dom3Saya_M01.mes,8,16,주인공,い、いや、そういう意味じゃ……,,
dom3Saya_M01.mes,Script/dom3Saya_M01.mes,9,22,Saya,でも、アナタがそう言ってくれて<6E5C>安心したわ,,
dom3Saya_M01.mes,Script/dom3Saya_M01.mes,10,38,주인공,……サヤさん、優しいんですね.<6E5C>凛花ちゃんもさぞ頼もしく<6E5C>思ってるでしょう,,
dom3Saya_M01.mes,Script/dom3Saya_M01.mes,11,5,Saya,アリガト,,
dom3Saya_M01.mes,Script/dom3Saya_M01.mes,12,38,Saya,……でも、いっしょにいて<6E5C>助けられているのは、<6E5C>ワタシの方かもしれないわね,,
dom3Saya_M01.mes,Script/dom3Saya_M01.mes,13,5,주인공,……え?,,
dom3Saya_M01.mes,Script/dom3Saya_M01.mes,14,38,주인공,サヤさんはしっかりしているから、<6E5C>凛花ちゃんの親代わりみたいな<6E5C>ものですね,,
dom3Saya_M01.mes,Script/dom3Saya_M01.mes,15,38,Saya,アラ、お姉さんじゃないんだ…….<6E5C>それはワタシが老けてるって<6E5C>ことかしら?,,
dom3Saya_M01.mes,Script/dom3Saya_M01.mes,16,16,주인공,い、いえ、そういうわけでは……,,
dom3Saya_M01.mes,Script/dom3Saya_M01.mes,17,47,Saya,悪いけど、ワタシは凛花の<6E5C>ママじゃないの<485C><이름:3232>ちゃん、まさかワタシに<6E5C>ママになってほしいの?,,
dom3Saya_M01.mes,Script/dom3Saya_M01.mes,18,22,주인공,そんなことは……うう、<6E5C>ちょっと怒ってる?,,
dom3Saya_M02.mes,Script/dom3Saya_M02.mes,0,8,UNKNOWN_1e,<이름:3232>ちゃーんっ,,
dom3Saya_M02.mes,Script/dom3Saya_M02.mes,1,3,주인공,ん?,,
dom3Saya_M02.mes,Script/dom3Saya_M02.mes,2,27,주인공,サヤさん、どうしたんですか?<6E5C>着物なんて珍しいですね,,
dom3Saya_M02.mes,Script/dom3Saya_M02.mes,3,46,Saya,そうなのよ.日本の文化に精通する<6E5C>ために買ったんだけど、ワタシって<6E5C>着物にあわないわよネー,,
dom3Saya_M02.mes,Script/dom3Saya_M02.mes,4,20,[선택지],似合ってますよいつもの服の方がいいですよ,,
dom3Saya_M02.mes,Script/dom3Saya_M02.mes,5,23,주인공,そんなことないです.<6E5C>ちゃんと似合ってますよ,,
dom3Saya_M02.mes,Script/dom3Saya_M02.mes,6,12,Saya,アラ、そう?アリガト★,,
dom3Saya_M02.mes,Script/dom3Saya_M02.mes,7,27,Saya,<이름:3232>ちゃんは、こういうのが<6E5C>好みなのね.覚えておくワ,,
dom3Saya_M02.mes,Script/dom3Saya_M02.mes,8,7,주인공,え、いや……,,
dom3Saya_M02.mes,Script/dom3Saya_M02.mes,9,30,Saya,でも……胸がとても苦しいの.<6E5C><이름:3232>ちゃん、さすってくれる?,,
dom3Saya_M02.mes,Script/dom3Saya_M02.mes,10,4,주인공,はぁ?,,
dom3Saya_M02.mes,Script/dom3Saya_M02.mes,11,39,Saya,イイエ!ガマンするわ.<6E5C><이름:3232>ちゃんがスキな服だもの.<6E5C>ずっと着ていたいわ……,,
dom3Saya_M02.mes,Script/dom3Saya_M02.mes,12,6,주인공,いや、あの,,
dom3Saya_M02.mes,Script/dom3Saya_M02.mes,13,23,Saya,アア……恋ってとっても<6E5C>苦しいものなのね……,,
dom3Saya_M02.mes,Script/dom3Saya_M02.mes,14,22,주인공,(もう、<6E5C>俺にどうしろって言うんだよ……),,
dom3Saya_M02.mes,Script/dom3Saya_M02.mes,15,23,주인공,そうですね.<6E5C>いつもの服の方が似合ってますよ,,
dom3Saya_M02.mes,Script/dom3Saya_M02.mes,16,47,Saya,ヤッパリそうよねぇ.<6E5C>胸元も苦しいし……<485C>ワタシみたいなナイスバディに<6E5C>着こなすのはムリね!,,
dom3Saya_M02.mes,Script/dom3Saya_M02.mes,17,7,주인공,は、はぁ……,,
dom3Saya_M02.mes,Script/dom3Saya_M02.mes,18,19,Saya,ねえ、<6E5C>ちょっと緩めてくれないかしら,,
dom3Saya_M02.mes,Script/dom3Saya_M02.mes,19,14,주인공,ええっ?こんなところで!?,,
dom3Saya_M02.mes,Script/dom3Saya_M02.mes,20,39,Saya,それもそうね.<6E5C>じゃあ、誰も来ない教室に行く?<6E5C><이름:3232>ちゃんならイイのよ……?,,
dom3Saya_M02.mes,Script/dom3Saya_M02.mes,21,23,주인공,(……俺、<6E5C>ぜったいにからかわれてるよな?),,
dom3Saya_M03.mes,Script/dom3Saya_M03.mes,0,8,UNKNOWN_1e,オネェサ~ン!,,
dom3Saya_M03.mes,Script/dom3Saya_M03.mes,1,11,주인공,(あっ、あいつは!),,
dom3Saya_M03.mes,Script/dom3Saya_M03.mes,2,39,UNKNOWN_74,また会ったな.<6E5C>ウ~ン、着物姿も色っぽいぜ!<6E5C>今日こそイイ返事閉かせてくれよ,,
dom3Saya_M03.mes,Script/dom3Saya_M03.mes,3,35,Saya,またアナタ?<6E5C>がんばる男は嫌いじゃないけど、<6E5C>あんまりしつこいのもネ,,
dom3Saya_M03.mes,Script/dom3Saya_M03.mes,4,24,Saya,……アラ.そこにいるのは<6E5C><이름:3232>ちゃんじゃないっ,,
dom3Saya_M03.mes,Script/dom3Saya_M03.mes,5,6,주인공,ど、どうも,,
dom3Saya_M03.mes,Script/dom3Saya_M03.mes,6,9,UNKNOWN_74,また、テメェかよ,,
dom3Saya_M03.mes,Script/dom3Saya_M03.mes,7,34,Saya,ネェ、<이름:3232>ちゃん.<6E5C>こんなヒトほっといて、<6E5C>ワタシとデートしない?,,
dom3Saya_M03.mes,Script/dom3Saya_M03.mes,8,8,[선택지],よろこんでえっ?,,
dom3Saya_M03.mes,Script/dom3Saya_M03.mes,9,9,주인공,はい、よろこんで,,
dom3Saya_M03.mes,Script/dom3Saya_M03.mes,10,7,Saya,うれしいワ★,,
dom3Saya_M03.mes,Script/dom3Saya_M03.mes,11,4,UNKNOWN_74,なっ!,,
dom3Saya_M03.mes,Script/dom3Saya_M03.mes,12,24,Saya,というわけなの、ゴメンナサイネ?<6E5C>バイバ~イ★,,
dom3Saya_M03.mes,Script/dom3Saya_M03.mes,13,14,UNKNOWN_74,コラッ!<이름:3232>、待ちやがれ!,,
dom3Saya_M03.mes,Script/dom3Saya_M03.mes,14,3,주인공,え?,,
dom3Saya_M03.mes,Script/dom3Saya_M03.mes,15,11,Saya,ちょっと、イヤなの?,,
dom3Saya_M03.mes,Script/dom3Saya_M03.mes,16,5,주인공,え、いや,,
dom3Saya_M03.mes,Script/dom3Saya_M03.mes,17,37,Saya,もう、こんなイイ女をフるなんて、<6E5C>バチが当たるわよ!<6E5C>ねぇ、狂エ門クン?,,
dom3Saya_M03.mes,Script/dom3Saya_M03.mes,18,10,UNKNOWN_74,ああ、まったくだぜ,,
dom3Saya_M03.mes,Script/dom3Saya_M03.mes,19,23,주인공,え?え?なんで俺が悪者みたい<6E5C>になってるの?,,
dom3Saya_M04.mes,Script/dom3Saya_M04.mes,0,25,Saya,アラ、<이름:3232>ちゃん.<6E5C>なんだか浮かない顔してるわね,,
dom3Saya_M04.mes,Script/dom3Saya_M04.mes,1,11,주인공,そんなことないですよ,,
dom3Saya_M04.mes,Script/dom3Saya_M04.mes,2,30,Saya,ワカルわ…….恋の悩みでしょう?<6E5C>スキな人ができたのねっ!,,
dom3Saya_M04.mes,Script/dom3Saya_M04.mes,3,3,주인공,……,,
dom3Saya_M04.mes,Script/dom3Saya_M04.mes,4,5,[선택지],できたまだ,,
dom3Saya_M04.mes,Script/dom3Saya_M04.mes,5,6,주인공,できました,,
dom3Saya_M04.mes,Script/dom3Saya_M04.mes,6,21,Saya,キャア、オメデトウ!<6E5C>で、誰なのかしら?,,
dom3Saya_M04.mes,Script/dom3Saya_M04.mes,7,9,주인공,それは言えません,,
dom3Saya_M04.mes,Script/dom3Saya_M04.mes,8,19,Saya,エ~?<6E5C>教えてくれてもいいじゃナ~イ,,
dom3Saya_M04.mes,Script/dom3Saya_M04.mes,9,5,주인공,駄目です,,
dom3Saya_M04.mes,Script/dom3Saya_M04.mes,10,40,Saya,まあ、イイワッ.<6E5C>とりあえず、いっしょになるために<6E5C>はまず想いを伝えなきゃネ★,,
dom3Saya_M04.mes,Script/dom3Saya_M04.mes,11,10,Saya,さっそく行くわヨ!,,
dom3Saya_M04.mes,Script/dom3Saya_M04.mes,12,9,주인공,行くってどこへ?,,
dom3Saya_M04.mes,Script/dom3Saya_M04.mes,13,43,Saya,告白に決まってるじゃない!<6E5C>ダイジョウブ!<이름:3232>ちゃんぐらい<6E5C>イイ男ならウマくいくワッ,,
dom3Saya_M04.mes,Script/dom3Saya_M04.mes,14,16,주인공,ちょ、ちょっと待ってサヤさん!,,
dom3Saya_M04.mes,Script/dom3Saya_M04.mes,15,5,주인공,まだです,,
dom3Saya_M04.mes,Script/dom3Saya_M04.mes,16,27,Saya,ノンキねぇ.<6E5C>イイ男がナニ、<6E5C>ボーっとしてんのよっ!,,
dom3Saya_M04.mes,Script/dom3Saya_M04.mes,17,21,주인공,な、なんで怒られないと<6E5C>いけないんですか,,
dom3Saya_M04.mes,Script/dom3Saya_M04.mes,18,51,Saya,……ワタシみたいなイイ女が<6E5C>いるから、他の女に目が<6E5C>いかないのかしら<485C>だとしたら、ワタシのせいね……,,
dom3Saya_M04.mes,Script/dom3Saya_M04.mes,19,30,주인공,(……エゲレス人って、みんな<6E5C>こんな思考回路なんだろうか),,
dom3Saya_M05.mes,Script/dom3Saya_M05.mes,0,25,Saya,<이름:3232>ちゃん、アナタは、<6E5C>行きたいトコロはないノ?,,
dom3Saya_M05.mes,Script/dom3Saya_M05.mes,1,3,주인공,え?,,
dom3Saya_M05.mes,Script/dom3Saya_M05.mes,2,27,Saya,ちゃんと目標を持って旅してるの<6E5C>かって、閉いてるの!,,
dom3Saya_M05.mes,Script/dom3Saya_M05.mes,3,7,주인공,え、えぇっと,,
dom3Saya_M05.mes,Script/dom3Saya_M05.mes,4,17,[선택지],行きたい所があるずっとここにいたい,,
dom3Saya_M05.mes,Script/dom3Saya_M05.mes,5,14,주인공,行きたいところは、あります,,
dom3Saya_M05.mes,Script/dom3Saya_M05.mes,6,9,Saya,アラ、ドコなの?,,
dom3Saya_M05.mes,Script/dom3Saya_M05.mes,7,3,주인공,……,,
dom3Saya_M05.mes,Script/dom3Saya_M05.mes,8,17,Saya,……まだ、ワタシには言えないのね,,
dom3Saya_M05.mes,Script/dom3Saya_M05.mes,9,5,주인공,いや……,,
dom3Saya_M05.mes,Script/dom3Saya_M05.mes,10,61,Saya,イイワ.<6E5C>目標があるのなら安心した!<485C><이름:3232>ちゃんがいつかいなく<6E5C>なっちゃうのは悲しいけど、<6E5C>笑顔で見送ってあげないとネ!,,
dom3Saya_M05.mes,Script/dom3Saya_M05.mes,11,3,주인공,……,,
dom3Saya_M05.mes,Script/dom3Saya_M05.mes,12,44,Saya,いろんなものを見て、いろんな人に<6E5C>会って、イイ男になりなさい!<6E5C>その日が楽しみだわ……,,
dom3Saya_M05.mes,Script/dom3Saya_M05.mes,13,15,주인공,……どこにも行きたくないです,,
dom3Saya_M05.mes,Script/dom3Saya_M05.mes,14,49,Saya,ずっとワタシの側にいたいっていう<6E5C>気持ちはわかるワ.でも、この小さ<6E5C>な町に立ち止まっていたらダメ,,
dom3Saya_M05.mes,Script/dom3Saya_M05.mes,15,15,주인공,けど、俺にはあてもないし……,,
dom3Saya_M05.mes,Script/dom3Saya_M05.mes,16,47,Saya,甘えないで!本当は自分を守って<6E5C>くれる存在があるくせに.アナタは<6E5C>逃げてるだけでしょう……?,,
dom3Saya_M05.mes,Script/dom3Saya_M05.mes,17,3,주인공,……,,
dom3Saya_M05.mes,Script/dom3Saya_M05.mes,18,42,Saya,……でも、ダイジョウブ.旅は人を<6E5C>成長させるワ.<이름:3232>ちゃんは、<6E5C>イイ男になるわヨ!,,
dom3Saya_S01.mes,Script/dom3Saya_S01.mes,0,5,주인공,え~っと,,
dom3Saya_S01.mes,Script/dom3Saya_S01.mes,1,15,UNKNOWN_1e,マァ!本当に来てくれたのネ!,,
dom3Saya_S01.mes,Script/dom3Saya_S01.mes,2,25,주인공,どわっ!<6E5C>……サヤさん、驚かさないで<6E5C>くださいよ,,
dom3Saya_S01.mes,Script/dom3Saya_S01.mes,3,29,Saya,アハハ、ごめんね!<이름:3232>ちゃんが<6E5C>来てくれて、うれしくて!,,
dom3Saya_S01.mes,Script/dom3Saya_S01.mes,4,60,Saya,授業まではまだ時間があるから、<6E5C>今の間に基本を教えちゃうわっ<485C>いい?ワタシの唇をよくみて発音<6E5C>するのよ.ディスィズ……,,
dom3Saya_S01.mes,Script/dom3Saya_S01.mes,5,10,주인공,い、いや、俺は……,,
dom3Saya_S01.mes,Script/dom3Saya_S01.mes,6,16,Saya,アラ?授業に来たんじゃないの?,,
dom3Saya_S01.mes,Script/dom3Saya_S01.mes,7,19,주인공,はい.<6E5C>俺にはとてもエゲレス語は……,,
dom3Saya_S01.mes,Script/dom3Saya_S01.mes,8,55,Saya,じゃあ、ワタシにひと目会いたくて<6E5C>訪ねてくれたのね……<485C>アナタをそんなに悩ませるなんて、<6E5C>ワタシも罪な女……,,
dom3Saya_S01.mes,Script/dom3Saya_S01.mes,9,23,주인공,(……エゲレス人のノリには<6E5C>ついていけん!),,
dom3Saya_S01.mes,Script/dom3Saya_S01.mes,10,24,주인공,(うわっ、授業の真っ最中に<6E5C>入ってしまった!),,
dom3Saya_S01.mes,Script/dom3Saya_S01.mes,11,27,Saya,He11○!<이름:3232>ちゃん.<6E5C>空いているところに座ってね,,
dom3Saya_S01.mes,Script/dom3Saya_S01.mes,12,7,주인공,は、はい……,,
dom3Saya_S01.mes,Script/dom3Saya_S01.mes,13,23,주인공,(……けっこういろんな人が<6E5C>来ているんだな),,
dom3Saya_S01.mes,Script/dom3Saya_S01.mes,14,42,Saya,……じゃあ、今言った言葉を正しく<6E5C>発音してもらおうかしら.<6E5C>そうねぇ……花ちゃん!,,
dom3Saya_S01.mes,Script/dom3Saya_S01.mes,15,17,UNKNOWN_20,5なっ、それがしがでござるか!?,,
dom3Saya_S01.mes,Script/dom3Saya_S01.mes,16,23,주인공,(あのおじさん、<6E5C>花ちゃんっていうんだ……),,
dom3Saya_S01.mes,Script/dom3Saya_S01.mes,17,24,Saya,エエ、ゆっくりでいいから、<6E5C>チャーント言うのよ,,
dom3Saya_S01.mes,Script/dom3Saya_S01.mes,18,15,UNKNOWN_1c,5……あ、あい<020A>ららぶ<020A>ゆー,,
dom3Saya_S01.mes,Script/dom3Saya_S01.mes,19,41,Saya,アァン、あわてちゃダメ★<6E5C>おちついて、舌を軽やかに<6E5C>動かすの.ホラ、こうして……,,
dom3Saya_S01.mes,Script/dom3Saya_S01.mes,20,8,UNKNOWN_0e,5ふがふが……,,
dom3Saya_S01.mes,Script/dom3Saya_S01.mes,21,46,Saya,アナタ、顔がとってもこわばってる<6E5C>わ.やわらかくしないと、立派な<6E5C>国際人にはなれないわよ!,,
dom3Saya_S01.mes,Script/dom3Saya_S01.mes,22,19,Saya,ワタシがほぐしてあげる……<6E5C>チュッ★,,
dom3Saya_S01.mes,Script/dom3Saya_S01.mes,23,11,UNKNOWN_14,5はっ……はうっ!!,,
dom3Saya_S01.mes,Script/dom3Saya_S01.mes,24,21,Saya,どう?これで発音しやすくなった<6E5C>でしょ?,,
dom3Saya_S01.mes,Script/dom3Saya_S01.mes,25,6,Kaidou,5はう~~、,,
dom3Saya_S01.mes,Script/dom3Saya_S01.mes,26,5,Kasumi,5がくっ,,
dom3Saya_S01.mes,Script/dom3Saya_S01.mes,27,26,Saya,ちょっと、花ちゃん!<6E5C>血を吹き出してどうしたの!?,,
dom3Saya_S01.mes,Script/dom3Saya_S01.mes,28,15,주인공,(……なんて恐ろしい授業だ),,
dom3Saya_S01.mes,Script/dom3Saya_S01.mes,29,16,주인공,(また授業に来てしまった……),,
dom3Saya_S01.mes,Script/dom3Saya_S01.mes,30,32,Saya,……ハイ、じゃあ何か例文を出して<6E5C>みて.そこの銀髪のお兄さんっ,,
dom3Saya_S01.mes,Script/dom3Saya_S01.mes,31,13,UNKNOWN_18,6……ウットオシインダヨ,,
dom3Saya_S01.mes,Script/dom3Saya_S01.mes,32,19,주인공,(おいおい、やばいんじゃ<6E5C>ないか?),,
dom3Saya_S01.mes,Script/dom3Saya_S01.mes,33,28,Saya,あまりイイ例文じゃないわねぇ.<6E5C>もっと他にないかしら?,,
dom3Saya_S01.mes,Script/dom3Saya_S01.mes,34,11,UNKNOWN_14,6ムカツクンダヨ……,,
dom3Saya_S01.mes,Script/dom3Saya_S01.mes,35,4,[효과음/내레이션],ブチッ,,
dom3Saya_S01.mes,Script/dom3Saya_S01.mes,36,10,주인공,(ん?何の音だ?),,
dom3Saya_S01.mes,Script/dom3Saya_S01.mes,37,50,Saya,ダメねぇ、そんな態度じゃ.アナタ<6E5C>には異国の血が流れてるんだから、<6E5C>ミンナを率先してもらわないと!,,
dom3Saya_S01.mes,Script/dom3Saya_S01.mes,38,4,Yuri,6……,,
dom3Saya_S01.mes,Script/dom3Saya_S01.mes,39,11,[효과음/내레이션],ブチッブチッブチッ!,,
dom3Saya_S01.mes,Script/dom3Saya_S01.mes,40,8,Saya,アナタねぇ……,,
dom3Saya_S01.mes,Script/dom3Saya_S01.mes,41,11,Saya,もっと素直にならなきゃ,,
dom3Saya_S01.mes,Script/dom3Saya_S01.mes,42,2,Saya,ダ。,,
dom3Saya_S01.mes,Script/dom3Saya_S01.mes,43,2,Saya,メ。,,
dom3Saya_S01.mes,Script/dom3Saya_S01.mes,44,3,Saya,ヨ★,,
dom3Saya_S01.mes,Script/dom3Saya_S01.mes,45,26,UNKNOWN_32,6ワ、ワカッタカラ、<6E5C>ソンナニカオヲチカツケルナ!,,
dom3Saya_S01.mes,Script/dom3Saya_S01.mes,46,20,주인공,(あんなに凶暴そうな男を<6E5C>手玉に……),,
dom3Saya_S01.mes,Script/dom3Saya_S01.mes,47,25,주인공,(狂エ門もここで勉強したら<6E5C>大人しくなるかもな),,
dom3Saya_S02.mes,Script/dom3Saya_S02.mes,0,9,UNKNOWN_0x74,そこのオネーサン,,
dom3Saya_S02.mes,Script/dom3Saya_S02.mes,1,3,Saya,……,,
dom3Saya_S02.mes,Script/dom3Saya_S02.mes,2,13,UNKNOWN_74,そこの綺麗なオネーサン!,,
dom3Saya_S02.mes,Script/dom3Saya_S02.mes,3,14,Saya,あら、ワタシのことかしら?,,
dom3Saya_S02.mes,Script/dom3Saya_S02.mes,4,32,UNKNOWN_74,そう.オレはあんたに惚れたんだ.<6E5C>オレと付き合ってくれねぇか?,,
dom3Saya_S02.mes,Script/dom3Saya_S02.mes,5,23,주인공,(な、なんて直球ド真ん中な<6E5C>ナンパだ……!),,
dom3Saya_S02.mes,Script/dom3Saya_S02.mes,6,13,Saya,フ~ン、なかなかイイ男ね,,
dom3Saya_S02.mes,Script/dom3Saya_S02.mes,7,32,UNKNOWN_74,だろ?料理も得意だぜ!<6E5C>オレといると、<6E5C>毎日楽しいと思うけど?,,
dom3Saya_S02.mes,Script/dom3Saya_S02.mes,8,35,Saya,フフッ.おもしろい人.<6E5C>……でも、好みじゃないの.<6E5C>ゴメンナサイッ★,,
dom3Saya_S02.mes,Script/dom3Saya_S02.mes,9,6,UNKNOWN_74,なっ……!,,
dom3Saya_S02.mes,Script/dom3Saya_S02.mes,10,6,Saya,じゃあね~,,
dom3Saya_S02.mes,Script/dom3Saya_S02.mes,11,32,주인공,(な、なんて直球ド真ん中な<6E5C>断り方だ……!<6E5C>さすがサヤさんだ),,
dom3Saya_S03.mes,Script/dom3Saya_S03.mes,0,5,[효과음/내레이션],トントン,,
dom3Saya_S03.mes,Script/dom3Saya_S03.mes,1,21,Iroha,あら、お客様?<6E5C>はーい、今開けますねー!,,
dom3Saya_S03.mes,Script/dom3Saya_S03.mes,2,4,[효과음/내레이션],ガラッ,,
dom3Saya_S03.mes,Script/dom3Saya_S03.mes,3,16,UNKNOWN_1e,<이름:3232>ちゃん、来ちゃったわヨ~★,,
dom3Saya_S03.mes,Script/dom3Saya_S03.mes,4,9,주인공,こ、この声は……,,
dom3Saya_S03.mes,Script/dom3Saya_S03.mes,5,24,Saya,マァ、おもしろいカッコしてるわね<6E5C>.ステキだわ,,
dom3Saya_S03.mes,Script/dom3Saya_S03.mes,6,23,주인공,(サヤさんのかっこうも十分<6E5C>スゴイけど……),,
dom3Saya_S03.mes,Script/dom3Saya_S03.mes,7,15,Iroha,あ、あなた、どちら様ですか?,,
dom3Saya_S03.mes,Script/dom3Saya_S03.mes,8,36,주인공,しょ、紹介するよ.<6E5C>こちらは寺子屋でエゲレス語を<6E5C>教えている、サヤさん,,
dom3Saya_S03.mes,Script/dom3Saya_S03.mes,9,30,Saya,驚いたワ.<6E5C><이름:3232>ちゃんにこんなカワイイ<6E5C>奥さんがいたなんて,,
dom3Saya_S03.mes,Script/dom3Saya_S03.mes,10,32,주인공,違いますよ!奥さんだなんて.<6E5C>面倒をみてくれているだけですから,,
dom3Saya_S03.mes,Script/dom3Saya_S03.mes,11,26,Iroha,そ、そうですよ.<6E5C>旦那様の奥様だなんて、そんな……,,
dom3Saya_S03.mes,Script/dom3Saya_S03.mes,12,28,Saya,……アラ、じゃあワタシが奥さんに<6E5C>なっちゃおうかしらっ,,
dom3Saya_S03.mes,Script/dom3Saya_S03.mes,13,18,Iroha,それはダメ!<6E5C>ダメったらダメです!,,
dom3Saya_S03.mes,Script/dom3Saya_S03.mes,14,22,Saya,アハハ、<6E5C>なんだかワクワクしてきちゃった★,,
dom3Saya_S03.mes,Script/dom3Saya_S03.mes,15,13,주인공,(な、何しに来たんだ?),,
dom3Saya_S04.mes,Script/dom3Saya_S04.mes,0,19,주인공,サヤさ……あれ、<6E5C>お客さんみたいだな,,
dom3Saya_S04.mes,Script/dom3Saya_S04.mes,1,27,주인공,(……サヤさんと同じ金髪の女性…<6E5C>…エゲレス人!?),,
dom3Saya_S04.mes,Script/dom3Saya_S04.mes,2,37,Goenitz,7……我が国の争いは長引きそうだ.<6E5C>サヤはイギリスに戻る気はないのか<6E5C>?,,
dom3Saya_S04.mes,Script/dom3Saya_S04.mes,3,25,Saya,もちろん、気にならないわけないわ<6E5C>.でも今は……,,
dom3Saya_S04.mes,Script/dom3Saya_S04.mes,4,43,UNKNOWN_54,7日本の方が気になるということか.<6E5C>サヤはすっかりこちらに染まって<6E5C>しまったようだな,,
dom3Saya_S04.mes,Script/dom3Saya_S04.mes,5,33,Saya,そんなことないわ.<6E5C>アナタだってこっちで闘って<6E5C>ばかりじゃない!,,
dom3Saya_S04.mes,Script/dom3Saya_S04.mes,6,25,주인공,(よく閉こえないな……何の話を<6E5C>してるんだろう),,
dom3Saya_S04.mes,Script/dom3Saya_S04.mes,7,14,Saya,アラ、<이름:3232>ちゃん来てたのね,,
dom3Saya_S04.mes,Script/dom3Saya_S04.mes,8,23,주인공,サヤさん、今の方はエゲレスの<6E5C>ご友人ですか?,,
dom3Saya_S04.mes,Script/dom3Saya_S04.mes,9,48,Saya,いいえ、被女はフランス人<485C>この地で異国の者は<6E5C>めずらしいからね.<6E5C>会ってすぐに親しくなったのよ,,
dom3Saya_S04.mes,Script/dom3Saya_S04.mes,10,32,주인공,おふらんす…….<6E5C>なんとも、わーるどわいどな<6E5C>ご交友ですね……,,
dom3Saya_S04.mes,Script/dom3Saya_S04.mes,11,20,Saya,<이름:3232>ちゃんも、<6E5C>世界に羽ばたいてみる?,,
dom3Saya_S04.mes,Script/dom3Saya_S04.mes,12,23,주인공,(う~ん、<6E5C>俺にはとてもついていけないなぁ),,
dom3Saya_S05.mes,Script/dom3Saya_S05.mes,0,39,주인공,寺子屋はっと……あれ、あそこを<6E5C>歩いているのはサヤさん?<6E5C>授業じゃないのかな,,
dom3Saya_S05.mes,Script/dom3Saya_S05.mes,1,10,Saya,アラ……<이름:3232>ちゃん,,
dom3Saya_S05.mes,Script/dom3Saya_S05.mes,2,17,주인공,どうしたんです.お買い物ですか?,,
dom3Saya_S05.mes,Script/dom3Saya_S05.mes,3,32,Saya,ええ、右京先生が寝込んでしまった<6E5C>から、お見舞いしようと思って,,
dom3Saya_S05.mes,Script/dom3Saya_S05.mes,4,16,주인공,そんなに悪いんですか?右京さん,,
dom3Saya_S05.mes,Script/dom3Saya_S05.mes,5,16,Saya,ええ……もって、あと半年と……,,
dom3Saya_S05.mes,Script/dom3Saya_S05.mes,6,2,주인공,!,,
dom3Saya_S05.mes,Script/dom3Saya_S05.mes,7,14,Saya,……十年前から言われてるわ,,
dom3Saya_S05.mes,Script/dom3Saya_S05.mes,8,35,주인공,がくっ!……それって、具合が<6E5C>いいんだか悪いんだか、<6E5C>わかりませんね,,
dom3Saya_S05.mes,Script/dom3Saya_S05.mes,9,38,Saya,とにかく、<이름:3232>ちゃんも<6E5C>いっしょに行きましょう!<6E5C>右京先生、よろこぶわよ!,,
dom3Saya_S05.mes,Script/dom3Saya_S05.mes,10,3,주인공,はい,,
dom3Saya_S05.mes,Script/dom3Saya_S05.mes,11,14,Ukyo,世話をかける、……ゴホゴホ,,
dom3Saya_S05.mes,Script/dom3Saya_S05.mes,12,20,Saya,礼なんていいから、<6E5C>早く良くなってネ★,,
dom3Saya_S05.mes,Script/dom3Saya_S05.mes,13,5,Ukyo,……うむ,,
dom3Saya_S05.mes,Script/dom3Saya_S05.mes,14,36,Saya,やだ、ちょっと熱っぽいんじゃ<6E5C>ない?ワタシがおでこではかって<6E5C>アゲル!,,
dom3Saya_S05.mes,Script/dom3Saya_S05.mes,15,4,[효과음/내레이션],ピトッ,,
dom3Saya_S05.mes,Script/dom3Saya_S05.mes,16,6,Ukyo,ガハァッ!,,
dom3Saya_S05.mes,Script/dom3Saya_S05.mes,17,23,Saya,マァ、タイヘン!<6E5C>添い寝してあげようかしら?,,
dom3Saya_S05.mes,Script/dom3Saya_S05.mes,18,7,Ukyo,ウゴハァッ!,,
dom3Saya_S05.mes,Script/dom3Saya_S05.mes,19,17,Saya,チョット、どうしたの右京先生!?,,
dom3Saya_S05.mes,Script/dom3Saya_S05.mes,20,25,주인공,(……サヤさんは、逆に病に悪いん<6E5C>じゃないかな),,
dom3Saya_S05.mes,Script/dom3Saya_S05.mes,21,21,Saya,アラ、<이름:3232>ちゃん.<6E5C>イイトコロに来たわね,,
dom3Saya_S05.mes,Script/dom3Saya_S05.mes,22,24,주인공,サヤさん、着物で……授業はどうし<6E5C>たんですか?,,
dom3Saya_S05.mes,Script/dom3Saya_S05.mes,23,29,Saya,授業はもうおわり!<6E5C>今からカブキ見にいくわよ、<6E5C>カブキ!,,
dom3Saya_S05.mes,Script/dom3Saya_S05.mes,24,11,주인공,歌舞伎?サヤさんが?,,
dom3Saya_S05.mes,Script/dom3Saya_S05.mes,25,26,Saya,何よ、ワタシがカブキを見たら<6E5C>いけないってワケぇ?,,
dom3Saya_S05.mes,Script/dom3Saya_S05.mes,26,11,주인공,そういうわけじゃ……,,
dom3Saya_S05.mes,Script/dom3Saya_S05.mes,27,10,Saya,じゃ、イクわよ~!,,
dom3Saya_S05.mes,Script/dom3Saya_S05.mes,28,7,주인공,はいはい……,,
dom3Saya_S05.mes,Script/dom3Saya_S05.mes,29,17,UNKNOWN_20,8あ、これにてしゅうりょぉぉぉお,,
dom3Saya_S05.mes,Script/dom3Saya_S05.mes,30,17,[효과음/내레이션],チョンチョンチョンチョン…………,,
dom3Saya_S05.mes,Script/dom3Saya_S05.mes,31,32,주인공,うーん、さすがに見ごたえあった<6E5C>な.サヤさん、よかったですね!,,
dom3Saya_S05.mes,Script/dom3Saya_S05.mes,32,16,Saya,……ン?アラ、もうおわったの?,,
dom3Saya_S05.mes,Script/dom3Saya_S05.mes,33,15,주인공,(っておい!寝てたのかよ!),,
dom3Saya_S06.mes,Script/dom3Saya_S06.mes,0,39,Saya,マァ、<이름:3232>ちゃん.<6E5C>こんなイイ天気にひとり?<6E5C>お散歩する女の子もいないのォ?,,
dom3Saya_S06.mes,Script/dom3Saya_S06.mes,1,13,주인공,よけいなお世話ですね……,,
dom3Saya_S06.mes,Script/dom3Saya_S06.mes,2,28,Saya,仕方ないわねぇ.ワタシが<6E5C>つきあってあげてもいいわよ?,,
dom3Saya_S06.mes,Script/dom3Saya_S06.mes,3,44,주인공,けっこうですよ<485C>サヤさんはさぞモテるでしょう<6E5C>から、俺なんかに合わせなくて<6E5C>いいですっ,,
dom3Saya_S06.mes,Script/dom3Saya_S06.mes,4,17,Saya,アラ、モテたりなんかしないわよ?,,
dom3Saya_S06.mes,Script/dom3Saya_S06.mes,5,16,주인공,またまた、そんなにキレイなのに,,
dom3Saya_S06.mes,Script/dom3Saya_S06.mes,6,28,Saya,本当に好きな人に好かれないと、<6E5C>モテるなんて言わないわ,,
dom3Saya_S06.mes,Script/dom3Saya_S06.mes,7,10,주인공,え……そうですか?,,
dom3Saya_S06.mes,Script/dom3Saya_S06.mes,8,27,Saya,そりゃ、ワタシが美しすぎるのは<6E5C>否定できないけど……,,
dom3Saya_S06.mes,Script/dom3Saya_S06.mes,9,3,주인공,……,,
dom3Saya_S06.mes,Script/dom3Saya_S06.mes,10,29,Saya,女が最後にたどり着くのは、<6E5C>しっかりとつかまえてくれる人,,
dom3Saya_S06.mes,Script/dom3Saya_S06.mes,11,15,주인공,サヤさんみたいな強い人でも?,,
dom3Saya_S06.mes,Script/dom3Saya_S06.mes,12,34,Saya,……強くなんかないわ.<6E5C>ワタシだって、誰かにつかまえて<6E5C>ほしい……,,
dom3Saya_S06.mes,Script/dom3Saya_S06.mes,13,28,주인공,(……サヤさんがこんなこと<6E5C>言うなんて、めずらしいな),,
dom3Saya_S06.mes,Script/dom3Saya_S06.mes,14,25,UNKNOWN_30,E右京様ー!また明日もよろしく<6E5C>おねがいします!,,
dom3Saya_S06.mes,Script/dom3Saya_S06.mes,15,5,Ukyo,……うむ,,
dom3Saya_S06.mes,Script/dom3Saya_S06.mes,16,26,주인공,……本当に女の人ばかりなん<6E5C>ですね.右京さんの授業,,
dom3Saya_S06.mes,Script/dom3Saya_S06.mes,17,5,Ukyo,……うむ,,
dom3Saya_S06.mes,Script/dom3Saya_S06.mes,18,19,주인공,右京さんも、教えがいがある<6E5C>でしょう,,
dom3Saya_S06.mes,Script/dom3Saya_S06.mes,19,13,Ukyo,そんな……ことは……ない,,
dom3Saya_S06.mes,Script/dom3Saya_S06.mes,20,32,주인공,またまた.女生徒に慕われて、<6E5C>嬉しくないわけないじゃないですか,,
dom3Saya_S06.mes,Script/dom3Saya_S06.mes,21,17,Ukyo,拙者に……そのような気持ちは……,,
dom3Saya_S06.mes,Script/dom3Saya_S06.mes,22,35,주인공,そんなカッコつけないで<6E5C>くださいよ.<6E5C>今、ひそかにニヤケてましたよ?,,
dom3Saya_S06.mes,Script/dom3Saya_S06.mes,23,14,Ukyo,ニヤケてなど……おらぬ……,,
dom3Saya_S06.mes,Script/dom3Saya_S06.mes,24,28,주인공,いーえ、たしかにニヤケてましたっ<6E5C>て.白状してください,,
dom3Saya_S06.mes,Script/dom3Saya_S06.mes,25,6,Ukyo,ガハァッ!,,
dom3Saya_S06.mes,Script/dom3Saya_S06.mes,26,8,주인공,え?右京さん?,,
dom3Saya_S06.mes,Script/dom3Saya_S06.mes,27,25,Saya,チョット<이름:3232>ちゃん!<6E5C>右京先生に何をしてるのよ!,,
dom3Saya_S06.mes,Script/dom3Saya_S06.mes,28,10,주인공,いや、俺は何も……,,
dom3Saya_S06.mes,Script/dom3Saya_S06.mes,29,29,Saya,こんなにも血を吐いてるじゃない!<6E5C>右京先生に謝りなさい!,,
dom3Saya_S06.mes,Script/dom3Saya_S06.mes,30,4,주인공,えぇ?,,
dom3Saya_S06.mes,Script/dom3Saya_S06.mes,31,11,Ukyo,<이름:3232>殿……ひどい……,,
dom3Saya_S06.mes,Script/dom3Saya_S06.mes,32,15,Saya,ホラ、ちゃんと謝りなさいよ!,,
dom3Saya_S06.mes,Script/dom3Saya_S06.mes,33,21,주인공,そんな、俺が悪いのか……<6E5C>すいません……,,
dom3Saya_S07.mes,Script/dom3Saya_S07.mes,0,21,주인공,……あれ、あそこにいるのは、<6E5C>サヤさん?,,
dom3Saya_S07.mes,Script/dom3Saya_S07.mes,1,15,Saya,……<이름:3232>ちゃん、どうしたの?,,
dom3Saya_S07.mes,Script/dom3Saya_S07.mes,2,23,주인공,サヤさんこそ、川を眺めて<6E5C>どうしたんですか?,,
dom3Saya_S07.mes,Script/dom3Saya_S07.mes,3,27,Saya,……ワタシだって、静かに故郷を<6E5C>想うときぐらいあるワ,,
dom3Saya_S07.mes,Script/dom3Saya_S07.mes,4,11,주인공,エゲレス、ですか……,,
dom3Saya_S07.mes,Script/dom3Saya_S07.mes,5,27,Saya,……この川の水は、あの国まで<6E5C>流れているのかしら……,,
dom3Saya_S07.mes,Script/dom3Saya_S07.mes,6,13,주인공,……きっと、流れてますよ,,
dom3Saya_S07.mes,Script/dom3Saya_S07.mes,7,13,Saya,……フフ、<이름:3232>ちゃんは?,,
dom3Saya_S07.mes,Script/dom3Saya_S07.mes,8,3,주인공,え?,,
dom3Saya_S07.mes,Script/dom3Saya_S07.mes,9,20,Saya,故郷を思って寂しくなったり<6E5C>しないの?,,
dom3Saya_S07.mes,Script/dom3Saya_S07.mes,10,14,주인공,そ、そんな.なりませんよ!,,
dom3Saya_S07.mes,Script/dom3Saya_S07.mes,11,34,Saya,フフ、ムリしちゃって.<6E5C>寂しいなら、ワタシに甘えても<6E5C>イイのよー?,,
dom3Saya_S07.mes,Script/dom3Saya_S07.mes,12,4,[효과음/내레이션],ぎゅっ,,
dom3Saya_S07.mes,Script/dom3Saya_S07.mes,13,28,주인공,わ、そんなくっつかないで<6E5C>ください!<6E5C>大丈夫ですって!,,
dom3Saya_S08.mes,Script/dom3Saya_S08.mes,0,23,주인공,サヤさん……エゲレスって、<6E5C>どんな国ですか?,,
dom3Saya_S08.mes,Script/dom3Saya_S08.mes,1,24,Saya,アラ、ワタシの故郷に興味が<6E5C>出てきたのかしら?,,
dom3Saya_S08.mes,Script/dom3Saya_S08.mes,2,33,주인공,そうですね…….<6E5C>サヤさんが、どんなとこで<6E5C>育ったのかなって……,,
dom3Saya_S08.mes,Script/dom3Saya_S08.mes,3,40,Saya,イイところよ…….<6E5C>母とふたりきりだったけれど、<6E5C>さみしいなんて思わなかったわ,,
dom3Saya_S08.mes,Script/dom3Saya_S08.mes,4,33,주인공,お母さんと?<6E5C>エゲレスに残して日本<6E5C>に来たんですか?どうしてまた,,
dom3Saya_S08.mes,Script/dom3Saya_S08.mes,5,21,Saya,……じゃあ、<6E5C><이름:3232>ちゃんはどうして旅を?,,
dom3Saya_S08.mes,Script/dom3Saya_S08.mes,6,4,주인공,え……,,
dom3Saya_S08.mes,Script/dom3Saya_S08.mes,7,38,Saya,なにか事情があるのね.<6E5C>それを教えてくれたら、<6E5C>ワタシも教えてあげるワッ!,,
dom3Saya_S08.mes,Script/dom3Saya_S08.mes,8,16,주인공,サヤさん……やっぱりするどいな,,
dom3Saya_X01.mes,Script/dom3Saya_X01.mes,0,3,주인공,……,,
dom3Saya_X01.mes,Script/dom3Saya_X01.mes,1,4,UNKNOWN_1e,旦那様,,
dom3Saya_X01.mes,Script/dom3Saya_X01.mes,2,3,주인공,……,,
dom3Saya_X01.mes,Script/dom3Saya_X01.mes,3,5,UNKNOWN_1e,旦那様?,,
dom3Saya_X01.mes,Script/dom3Saya_X01.mes,4,3,주인공,……,,
dom3Saya_X01.mes,Script/dom3Saya_X01.mes,5,5,UNKNOWN_1e,旦那様!,,
dom3Saya_X01.mes,Script/dom3Saya_X01.mes,6,13,주인공,えっ?……うわアチチチ!,,
dom3Saya_X01.mes,Script/dom3Saya_X01.mes,7,11,UNKNOWN_1e,大丈夫ですか?旦那様,,
dom3Saya_X01.mes,Script/dom3Saya_X01.mes,8,17,주인공,い、いろはか.驚かさないでくれよ,,
dom3Saya_X01.mes,Script/dom3Saya_X01.mes,9,43,Iroha,もう、お汁は熱いから気をつけてと<6E5C>申し上げようとしたのに、<6E5C>気づいてくださらないから,,
dom3Saya_X01.mes,Script/dom3Saya_X01.mes,10,6,주인공,あ、ごめん,,
dom3Saya_X01.mes,Script/dom3Saya_X01.mes,11,14,Iroha,何を考えてらしたんですか?,,
dom3Saya_X01.mes,Script/dom3Saya_X01.mes,12,6,주인공,何って……,,
dom3Saya_X01.mes,Script/dom3Saya_X01.mes,13,37,주인공,(実は気になって仕方ない人がいて<6E5C>……なんて言ったら、<6E5C>いろは怒るよな),,
dom3Saya_X01.mes,Script/dom3Saya_X01.mes,14,14,주인공,……たいしたことじゃないよ,,
dom3Saya_X01.mes,Script/dom3Saya_X01.mes,15,26,Iroha,そうですか?<6E5C>もしかしてお体の具合が<6E5C>悪いんじゃ?,,
dom3Saya_X01.mes,Script/dom3Saya_X01.mes,16,14,주인공,そんなことないよ.元気元気,,
dom3Saya_X01.mes,Script/dom3Saya_X01.mes,17,3,Iroha,……,,
dom3Saya_X01.mes,Script/dom3Saya_X01.mes,18,31,주인공,そ、そうだ俺、<6E5C>今日行くところがあったんだ.<6E5C>いってきます!,,
dom3Saya_X01.mes,Script/dom3Saya_X01.mes,19,3,[효과음/내레이션],ダッ,,
dom3Saya_X01.mes,Script/dom3Saya_X01.mes,20,21,Iroha,あ、早く帰って来てくださいね、<6E5C>旦那様!,,
dom3Saya_X01.mes,Script/dom3Saya_X01.mes,21,37,주인공,(いろはに嘘までついて、<6E5C>会いに来てしまった…….<6E5C>いるかな?サヤさん),,
dom3Saya_X01.mes,Script/dom3Saya_X01.mes,22,4,[효과음/내레이션],ガラッ,,
dom3Saya_X01.mes,Script/dom3Saya_X01.mes,23,19,Saya,じゃあ、<6E5C>気をつけていってらっしゃい,,
dom3Saya_X01.mes,Script/dom3Saya_X01.mes,24,19,Ukyo,……すまない.<6E5C>……留守を、頼む……,,
dom3Saya_X01.mes,Script/dom3Saya_X01.mes,25,12,Saya,エエ、何も心配しないで、,,
dom3Saya_X01.mes,Script/dom3Saya_X01.mes,26,2,Saya,ア。,,
dom3Saya_X01.mes,Script/dom3Saya_X01.mes,27,2,Saya,ナ。,,
dom3Saya_X01.mes,Script/dom3Saya_X01.mes,28,2,Saya,タ!,,
dom3Saya_X01.mes,Script/dom3Saya_X01.mes,29,5,Saya,チュッ★,,
dom3Saya_X01.mes,Script/dom3Saya_X01.mes,30,2,주인공,!,,
dom3Saya_X01.mes,Script/dom3Saya_X01.mes,31,4,Ukyo,ゴフッ,,
dom3Saya_X01.mes,Script/dom3Saya_X01.mes,32,21,Saya,イヤン、<6E5C>そんなに感激してくれるなんて!,,
dom3Saya_X01.mes,Script/dom3Saya_X01.mes,33,7,Ukyo,ご、御免っっ,,
dom3Saya_X01.mes,Script/dom3Saya_X01.mes,34,3,[효과음/내레이션],ダッ,,
dom3Saya_X01.mes,Script/dom3Saya_X01.mes,35,7,주인공,……サヤさん,,
dom3Saya_X01.mes,Script/dom3Saya_X01.mes,36,16,Saya,アラ、<이름:3232>ちゃん、いつの間に?,,
dom3Saya_X01.mes,Script/dom3Saya_X01.mes,37,25,주인공,……サヤさんは、<6E5C>右京さんのことが好きなんですか,,
dom3Saya_X01.mes,Script/dom3Saya_X01.mes,38,3,Saya,……,,
dom3Saya_X01.mes,Script/dom3Saya_X01.mes,39,10,주인공,(……やっぱり!),,
dom3Saya_X01.mes,Script/dom3Saya_X01.mes,40,18,Saya,ヤダワ、<이름:3232>ちゃんたら.<6E5C>違うワヨ,,
dom3Saya_X01.mes,Script/dom3Saya_X01.mes,41,8,주인공,でも、今の……,,
dom3Saya_X01.mes,Script/dom3Saya_X01.mes,42,44,Saya,寺子屋の留守を頼まれただけヨ.<6E5C>右京先生、今日は大事な用事が<6E5C>あるから授業ができないの,,
dom3Saya_X01.mes,Script/dom3Saya_X01.mes,43,5,주인공,……でも,,
dom3Saya_X01.mes,Script/dom3Saya_X01.mes,44,29,Saya,モウ、困った子ネ.<6E5C>だったら右京先生の後を<6E5C>追ってみる?,,
dom3Saya_X01.mes,Script/dom3Saya_X01.mes,45,3,주인공,え?,,
dom3Saya_X01.mes,Script/dom3Saya_X01.mes,46,9,Saya,ホラ、行くわヨ!,,
dom3Saya_X01.mes,Script/dom3Saya_X01.mes,47,33,주인공,ちょ、ちょっと、サヤさん.<6E5C>右京さんの行き先知ってるんですか<6E5C>?,,
dom3Saya_X01.mes,Script/dom3Saya_X01.mes,48,20,Saya,今日はね、右京先生のデートの<6E5C>日なのヨ,,
dom3Saya_X01.mes,Script/dom3Saya_X01.mes,49,5,주인공,でぇと?,,
dom3Saya_X01.mes,Script/dom3Saya_X01.mes,50,26,Saya,お相手は頻繁に会える人ではない<6E5C>らしいんだけど……,,
dom3Saya_X01.mes,Script/dom3Saya_X01.mes,51,9,Saya,あ、ホラ、あそこ,,
dom3Saya_X01.mes,Script/dom3Saya_X01.mes,52,6,Ukyo,……これを,,
dom3Saya_X01.mes,Script/dom3Saya_X01.mes,53,34,UNKNOWN_1c,ありがとうございます.<6E5C>でも、ここにはあまり<6E5C>来ないでくださいまし,,
dom3Saya_X01.mes,Script/dom3Saya_X01.mes,54,3,Ukyo,……,,
dom3Saya_X01.mes,Script/dom3Saya_X01.mes,55,27,UNKNOWN_1c,あまり会いに来られると、<6E5C>私がつらくなってしまいます,,
dom3Saya_X01.mes,Script/dom3Saya_X01.mes,56,3,Ukyo,……,,
dom3Saya_X01.mes,Script/dom3Saya_X01.mes,57,22,UNKNOWN_1c,右京様、私の気持ちもわかって<6E5C>くださいまし,,
dom3Saya_X01.mes,Script/dom3Saya_X01.mes,58,5,Ukyo,……圭殿,,
dom3Saya_X01.mes,Script/dom3Saya_X01.mes,59,3,[효과음/내레이션],サッ,,
dom3Saya_X01.mes,Script/dom3Saya_X01.mes,60,3,Ukyo,……,,
dom3Saya_X01.mes,Script/dom3Saya_X01.mes,61,39,Saya,さすが、あの右京先生の想い人だけ<6E5C>あって、キレイな人ねぇ.<6E5C>ちょっと悔しいワ,,
dom3Saya_X01.mes,Script/dom3Saya_X01.mes,62,12,주인공,サヤさん、やっぱり……,,
dom3Saya_X01.mes,Script/dom3Saya_X01.mes,63,34,Saya,バカね、そういう意味じゃないワヨ<6E5C>.美男美女は絵になるわねって話!,,
dom3Saya_X01.mes,Script/dom3Saya_X01.mes,64,60,주인공,でも、いくらきれいな人だからって<6E5C>、ひどいですよ<485C>右京さんはずっと<6E5C>想い続けてるんでしょ.<6E5C>それをあんな風に言うなんて,,
dom3Saya_X01.mes,Script/dom3Saya_X01.mes,65,52,Saya,人には、それぞれ事情があるものヨ<6E5C><485C>障害があるからこそ燃え上がる<6E5C>愛っていうのもあるわネ.<6E5C>憧れるワ~,,
dom3Saya_X01.mes,Script/dom3Saya_X01.mes,66,31,주인공,サヤさんとなら、どんな障害も<6E5C>乗り越えられそうな気がする……,,
dom3Saya_X01.mes,Script/dom3Saya_X01.mes,67,13,Saya,え?どういう意味かしら?,,
dom3Saya_X01.mes,Script/dom3Saya_X01.mes,68,14,주인공,い、いえ、なんでもないです,,
dom3Saya_X01.mes,Script/dom3Saya_X01.mes,69,39,Saya,…….<6E5C>せっかく出て来たんだし、<6E5C>少し遊んで行きましょうか、<6E5C><이름:3232>ちゃんっ!,,
dom3Saya_X01.mes,Script/dom3Saya_X01.mes,70,21,주인공,え?寺子屋に戻らなくても<6E5C>いいんですか?,,
dom3Saya_X01.mes,Script/dom3Saya_X01.mes,71,40,Saya,どうせ近所の人しか来ないし、<6E5C>本日お休みの札を掛けて来たから、<6E5C>ダイジョーブ!,,
dom3Saya_X01.mes,Script/dom3Saya_X01.mes,72,14,주인공,る、留守番の意味がない……,,
dom3Saya_X01.mes,Script/dom3Saya_X01.mes,73,28,주인공,――ふぅ.<6E5C>今の店の大福餅、とっても<6E5C>おいしかったです,,
dom3Saya_X01.mes,Script/dom3Saya_X01.mes,74,48,Saya,でしょう?<6E5C>あとね、あっちのお店は冬限定の<6E5C>酒まんじゅうがおいしのヨ<485C>向こうの角は三色だんごね,,
dom3Saya_X01.mes,Script/dom3Saya_X01.mes,75,10,주인공,よく知ってますねぇ,,
dom3Saya_X01.mes,Script/dom3Saya_X01.mes,76,41,Saya,フフフ.<6E5C>甘物屋キラーと呼んでちょうだい<485C>イイ女はイイお店も<6E5C>熟知してるもんヨ★,,
dom3Saya_X01.mes,Script/dom3Saya_X01.mes,77,43,주인공,(甘い物とイイ女って関係あるのか<6E5C>?それに、わざわざ着物に着替える<6E5C>理由って……?),,
dom3Saya_X01.mes,Script/dom3Saya_X01.mes,78,53,Saya,ワタシはね、真剣に甘物をいただく<6E5C>ときは必ず正装で巡るの<485C>でないと素晴らしい和巣子たちに<6E5C>失礼でしょう?,,
dom3Saya_X01.mes,Script/dom3Saya_X01.mes,79,48,주인공,……お、俺の考えがつつぬけ!?<6E5C>そこまで真摯に甘物に取り組んでる<6E5C>なんて、知りませんでした……,,
dom3Saya_X01.mes,Script/dom3Saya_X01.mes,80,24,Saya,っていうか、ノリね.<6E5C>なんとなく着たくなったの,,
dom3Saya_X01.mes,Script/dom3Saya_X01.mes,81,4,주인공,がくっ,,
dom3Saya_X01.mes,Script/dom3Saya_X01.mes,82,40,Saya,ちょっとノドが乾いたわネ.<6E5C>向こうに冷やし飴のオイシイ店が<6E5C>あるから行きまショ,,
dom3Saya_X01.mes,Script/dom3Saya_X01.mes,83,23,주인공,あ、俺、冷やし飴は、<6E5C>ショウガ味が苦手で……,,
dom3Saya_X01.mes,Script/dom3Saya_X01.mes,84,23,Saya,ソコがおいしいのに.<6E5C><이름:3232>ちゃんはお子様ネ★,,
dom3Saya_X01.mes,Script/dom3Saya_X01.mes,85,33,Saya,んもう、お姉さまがやさしく<6E5C>飲ませてあげるから、<6E5C>いらっしゃい!,,
dom3Saya_X01.mes,Script/dom3Saya_X01.mes,86,4,[효과음/내레이션],ギュッ,,
dom3Saya_X01.mes,Script/dom3Saya_X01.mes,87,5,주인공,ああ……,,
dom3Saya_X01.mes,Script/dom3Saya_X01.mes,88,23,주인공,(……ま、いいか.<6E5C>手をつないでもらったし),,
dom3Saya_X01.mes,Script/dom3Saya_X01.mes,89,21,Saya,ふぅ.<6E5C>いろいろ歩き回って疲れちゃったワ,,
dom3Saya_X01.mes,Script/dom3Saya_X01.mes,90,16,주인공,(ほとんど食べ歩きだったけど),,
dom3Saya_X01.mes,Script/dom3Saya_X01.mes,91,27,Saya,休憩がてら、むささび屋で<6E5C>お汁粉でも食べて行きまショ,,
dom3Saya_X01.mes,Script/dom3Saya_X01.mes,92,11,주인공,まだ食べるんですか!,,
dom3Saya_X01.mes,Script/dom3Saya_X01.mes,93,25,Saya,むささび屋の裏メニューの<6E5C>冷やし汁粉は絶品なのヨ,,
dom3Saya_X01.mes,Script/dom3Saya_X01.mes,94,10,주인공,うぅ、胸焼けが……,,
dom3Saya_X01.mes,Script/dom3Saya_X01.mes,95,24,Saya,詩乃ちゃーん.<6E5C>冷やし汁粉を二人前、お願いネ~,,
dom3Saya_X01.mes,Script/dom3Saya_X01.mes,96,23,Shino,いらっしゃい.<6E5C>でも、今日はもう店じまいなの,,
dom3Saya_X01.mes,Script/dom3Saya_X01.mes,97,20,Saya,イヤン、<6E5C>せっかく食べたくて来たのにィ,,
dom3Saya_X01.mes,Script/dom3Saya_X01.mes,98,36,Shino,……うう.仕方ないわね.<6E5C>材料は残ってるから、<6E5C>二階で食べてもらえる?,,
dom3Saya_X01.mes,Script/dom3Saya_X01.mes,99,6,주인공,え?二階?,,
dom3Saya_X01.mes,Script/dom3Saya_X01.mes,100,15,Saya,もちろんイイわヨ.アリガト!,,
dom3Saya_X01.mes,Script/dom3Saya_X01.mes,101,24,Saya,アラ、<이름:3232>ちゃんあんまり<6E5C>進んでないじゃないノ,,
dom3Saya_X01.mes,Script/dom3Saya_X01.mes,102,22,주인공,(そんなに甘い物ばかり<6E5C>食べれないよ……),,
dom3Saya_X01.mes,Script/dom3Saya_X01.mes,103,22,Saya,仕方ない子ネ.<6E5C>ワタシが食べさせてあげるワ,,
dom3Saya_X01.mes,Script/dom3Saya_X01.mes,104,3,주인공,え?,,
dom3Saya_X01.mes,Script/dom3Saya_X01.mes,105,7,Saya,ホラ、ア~ン,,
dom3Saya_X01.mes,Script/dom3Saya_X01.mes,106,8,주인공,……あ、あ~ん,,
dom3Saya_X01.mes,Script/dom3Saya_X01.mes,107,5,[효과음/내레이션],もぐもぐ,,
dom3Saya_X01.mes,Script/dom3Saya_X01.mes,108,6,Saya,オイシイ?,,
dom3Saya_X01.mes,Script/dom3Saya_X01.mes,109,10,주인공,え、ええ、まあ……,,
dom3Saya_X01.mes,Script/dom3Saya_X01.mes,110,12,주인공,(味がわからない……),,
dom3Saya_X01.mes,Script/dom3Saya_X01.mes,111,16,Saya,じゃあ、今度は<이름:3232>ちゃんからネ,,
dom3Saya_X01.mes,Script/dom3Saya_X01.mes,112,4,주인공,ええ?,,
dom3Saya_X01.mes,Script/dom3Saya_X01.mes,113,7,Saya,ほら、早くゥ,,
dom3Saya_X01.mes,Script/dom3Saya_X01.mes,114,13,주인공,……わ、わかりましたよ!,,
dom3Saya_X01.mes,Script/dom3Saya_X01.mes,115,7,[효과음/내레이션],……プルプル,,
dom3Saya_X01.mes,Script/dom3Saya_X01.mes,116,22,Saya,やだ、手がふるえてるわよ?<6E5C>どうしたの~?,,
dom3Saya_X01.mes,Script/dom3Saya_X01.mes,117,11,주인공,そ、そんなことは……,,
dom3Saya_X01.mes,Script/dom3Saya_X01.mes,118,4,[효과음/내레이션],ボタッ,,
dom3Saya_X01.mes,Script/dom3Saya_X01.mes,119,6,Saya,キャッッ!,,
dom3Saya_X01.mes,Script/dom3Saya_X01.mes,120,11,주인공,あ、す、すいません!,,
dom3Saya_X01.mes,Script/dom3Saya_X01.mes,121,16,Saya,……もぅ、汚れちゃったワ.<6E5C>セ。,,
dom3Saya_X01.mes,Script/dom3Saya_X01.mes,122,2,Saya,キ。,,
dom3Saya_X01.mes,Script/dom3Saya_X01.mes,123,2,Saya,ニ。,,
dom3Saya_X01.mes,Script/dom3Saya_X01.mes,124,1,Saya,ン,,
dom3Saya_X01.mes,Script/dom3Saya_X01.mes,125,7,Saya,とってよね?,,
dom3Saya_X01.mes,Script/dom3Saya_X01.mes,126,9,주인공,え、責任って……,,
dom3Saya_X01.mes,Script/dom3Saya_X01.mes,127,20,Saya,ホラァ……<6E5C>早くなんとかしてちょうだい,,
dom3Saya_X01.mes,Script/dom3Saya_X01.mes,128,24,주인공,あ、拭けばいいのですねえ……、<6E5C>ってここを!?,,
dom3Saya_X01.mes,Script/dom3Saya_X01.mes,129,34,주인공,(いったいどうやって、こんな<6E5C>ところにこぼしたんだろう、俺……<6E5C>),,
dom3Saya_X01.mes,Script/dom3Saya_X01.mes,130,36,Saya,ワタシの透き通るような白い肌を<6E5C>汚しておいて、拭けないって<6E5C>いうのォ?,,
dom3Saya_X01.mes,Script/dom3Saya_X01.mes,131,32,Saya,アァン、早くぅ.<6E5C>どんどん垂れて、中に入って<6E5C>いっちゃうわ……,,
dom3Saya_X01.mes,Script/dom3Saya_X01.mes,132,5,주인공,うぅ……,,
dom3Saya_X01.mes,Script/dom3Saya_X01.mes,133,4,[선택지],拭く無理,,
dom3Saya_X01.mes,Script/dom3Saya_X01.mes,134,8,주인공,……ええぃっ!,,
dom3Saya_X01.mes,Script/dom3Saya_X01.mes,135,5,[효과음/내레이션],むにゅう,,
dom3Saya_X01.mes,Script/dom3Saya_X01.mes,136,16,주인공,(な、なんとやわらかい……!),,
dom3Saya_X01.mes,Script/dom3Saya_X01.mes,137,6,Saya,アアンッッ,,
dom3Saya_X01.mes,Script/dom3Saya_X01.mes,138,4,주인공,えっ?,,
dom3Saya_X01.mes,Script/dom3Saya_X01.mes,139,23,Saya,そんなに強くしたら痛いワ.<6E5C>もっと優しく……,,
dom3Saya_X01.mes,Script/dom3Saya_X01.mes,140,11,주인공,ああっ、ごめんなさい,,
dom3Saya_X01.mes,Script/dom3Saya_X01.mes,141,24,Saya,慣れてないのネ.……イイワ、<6E5C>ワタシが教えてア。,,
dom3Saya_X01.mes,Script/dom3Saya_X01.mes,142,2,Saya,ゲ。,,
dom3Saya_X01.mes,Script/dom3Saya_X01.mes,143,2,Saya,ル,,
dom3Saya_X01.mes,Script/dom3Saya_X01.mes,144,20,주인공,……そ、そんな……、<6E5C>俺には無理ですよ,,
dom3Saya_X01.mes,Script/dom3Saya_X01.mes,145,33,Saya,モゥ、ダメな子ネェ…….<6E5C>ワタシの肌に触れるのが<6E5C>こわいの……?,,
dom3Saya_X01.mes,Script/dom3Saya_X01.mes,146,5,주인공,うぅ……,,
dom3Saya_X01.mes,Script/dom3Saya_X01.mes,147,37,Saya,カワイイ人.そんな顔しないで.<6E5C>しょうがないワ、<6E5C>ワタシが優しく教えてア。,,
dom3Saya_X01.mes,Script/dom3Saya_X01.mes,148,2,Saya,ゲ。,,
dom3Saya_X01.mes,Script/dom3Saya_X01.mes,149,2,Saya,ル,,
dom3Saya_X01.mes,Script/dom3Saya_X01.mes,150,5,주인공,え……?,,
dom3Saya_X01.mes,Script/dom3Saya_X01.mes,151,20,Saya,ダイジョウブ、<6E5C>ワタシに身を任せて……,,
dom3Saya_X01.mes,Script/dom3Saya_X01.mes,152,12,주인공,そ、そんなサヤさん……,,
dom3Saya_X01.mes,Script/dom3Saya_X01.mes,153,19,Saya,そんなに固くならなくて<6E5C>いいから……,,
dom3Saya_X02.mes,Script/dom3Saya_X02.mes,0,14,주인공,(……ぁあ、サヤさん……),,
dom3Saya_X02.mes,Script/dom3Saya_X02.mes,1,4,[효과음/내레이션],パチッ,,
dom3Saya_X02.mes,Script/dom3Saya_X02.mes,2,29,주인공,……なんだ、夢か.<6E5C>そりゃそうだよな、<6E5C>そんなことが……,,
dom3Saya_X02.mes,Script/dom3Saya_X02.mes,3,6,UNKNOWN_1e,……うぅん,,
dom3Saya_X02.mes,Script/dom3Saya_X02.mes,4,4,주인공,!!!,,
dom3Saya_X02.mes,Script/dom3Saya_X02.mes,5,21,주인공,サ、サヤさん!?<6E5C>夢じゃなかったのか!?,,
dom3Saya_X02.mes,Script/dom3Saya_X02.mes,6,5,Saya,……ママ,,
dom3Saya_X02.mes,Script/dom3Saya_X02.mes,7,5,주인공,(ん?),,
dom3Saya_X02.mes,Script/dom3Saya_X02.mes,8,30,Saya,……サーシャはここよ<6E5C>寺……お願い、目を開けて<6E5C>寺ママ……,,
dom3Saya_X02.mes,Script/dom3Saya_X02.mes,9,20,주인공,(……寝言?<6E5C>うなされているみたいだ),,
dom3Saya_X02.mes,Script/dom3Saya_X02.mes,10,15,주인공,サヤさん、大丈夫?サヤさん?,,
dom3Saya_X02.mes,Script/dom3Saya_X02.mes,11,5,Saya,……ハッ,,
dom3Saya_X02.mes,Script/dom3Saya_X02.mes,12,9,Saya,……<이름:3232>ちゃん?,,
dom3Saya_X02.mes,Script/dom3Saya_X02.mes,13,23,주인공,大丈夫ですか?<6E5C>うなされていたみたいですけど,,
dom3Saya_X02.mes,Script/dom3Saya_X02.mes,14,14,Saya,……悲しい夢を見てしまって,,
dom3Saya_X02.mes,Script/dom3Saya_X02.mes,15,6,주인공,悲しい夢?,,
dom3Saya_X02.mes,Script/dom3Saya_X02.mes,16,14,Saya,ママが死んだときの夢よ……,,
dom3Saya_X02.mes,Script/dom3Saya_X02.mes,17,24,주인공,サヤさんのお母さん…….<6E5C>イギリスにいた頃の?,,
dom3Saya_X02.mes,Script/dom3Saya_X02.mes,18,47,Saya,事故で突然だったから、今でも時々<6E5C>その夢に見るの.もう、あんな<6E5C>つらい夢、見たくないのに……,,
dom3Saya_X02.mes,Script/dom3Saya_X02.mes,19,12,주인공,……そうだったんですか,,
dom3Saya_X02.mes,Script/dom3Saya_X02.mes,20,33,주인공,(サヤさんに、そんな過去があった<6E5C>なんて.いつも明るいのに……),,
dom3Saya_X02.mes,Script/dom3Saya_X02.mes,21,30,주인공,あ、あの、サーシャというのは<6E5C>誰ですか?イギリスのご家族?,,
dom3Saya_X02.mes,Script/dom3Saya_X02.mes,22,26,Saya,ヤダ、閉いてたの?<6E5C>サーシャはワタシ.本当の名前よ,,
dom3Saya_X02.mes,Script/dom3Saya_X02.mes,23,20,주인공,そうだったんですか.<6E5C>知りませんでした,,
dom3Saya_X02.mes,Script/dom3Saya_X02.mes,24,24,Saya,そうね.もう、<6E5C>なくしてしまった名前だもの……,,
dom3Saya_X02.mes,Script/dom3Saya_X02.mes,25,9,주인공,(……サヤさん),,
dom3Saya_X02.mes,Script/dom3Saya_X02.mes,26,3,Saya,……,,
dom3Saya_X02.mes,Script/dom3Saya_X02.mes,27,26,주인공,(サヤさん、元気ないな.<6E5C>朝の夢のせいなのかな?),,
dom3Saya_X02.mes,Script/dom3Saya_X02.mes,28,14,주인공,(よし、ここはひとつ……),,
dom3Saya_X02.mes,Script/dom3Saya_X02.mes,29,21,[선택지],家まで送って行きます今日は何をたべますか?,,
dom3Saya_X02.mes,Script/dom3Saya_X02.mes,30,17,주인공,サヤさん、家まで送って行きますよ,,
dom3Saya_X02.mes,Script/dom3Saya_X02.mes,31,4,Saya,えっ?,,
dom3Saya_X02.mes,Script/dom3Saya_X02.mes,32,21,주인공,だってひとりになりたそうな<6E5C>顔してますよ,,
dom3Saya_X02.mes,Script/dom3Saya_X02.mes,33,8,Saya,<이름:3232>ちゃん……,,
dom3Saya_X02.mes,Script/dom3Saya_X02.mes,34,29,Saya,優しいのネ.<6E5C>心配かけてゴメンナサイ.<6E5C>でもダイジョウブ,,
dom3Saya_X02.mes,Script/dom3Saya_X02.mes,35,27,Saya,サァ、今日もタップリ食べるわヨ!<6E5C>まずはあんみつネ!,,
dom3Saya_X02.mes,Script/dom3Saya_X02.mes,36,14,주인공,え~?また食べるんですかぁ,,
dom3Saya_X02.mes,Script/dom3Saya_X02.mes,37,26,주인공,(なんだ、思っていたより<6E5C>元気そうだな.よかった),,
dom3Saya_X02.mes,Script/dom3Saya_X02.mes,38,33,주인공,サヤさん、今日は何から食べますか<6E5C>?俺、とことん付き合いますよ!,,
dom3Saya_X02.mes,Script/dom3Saya_X02.mes,39,26,Saya,<이름:3232>ちゃん?<6E5C>……そうねぇ、<6E5C>あんみつがいいかしら,,
dom3Saya_X02.mes,Script/dom3Saya_X02.mes,40,28,주인공,あんみつはどこがおいしいんですか<6E5C>?早く行きましょう!,,
dom3Saya_X02.mes,Script/dom3Saya_X02.mes,41,14,Saya,……アリガトネ、<이름:3232>ちゃん,,
dom3Saya_X02.mes,Script/dom3Saya_X02.mes,42,3,주인공,え?,,
dom3Saya_X02.mes,Script/dom3Saya_X02.mes,43,47,Saya,だって昨日はもう食べられないって<6E5C>顔してたのに、ワタシのこと<6E5C>励まそうとしてくれたんでショ?,,
dom3Saya_X02.mes,Script/dom3Saya_X02.mes,44,17,주인공,ち、違いますよ.そんなんじゃ……,,
dom3Saya_X02.mes,Script/dom3Saya_X02.mes,45,23,Saya,モウ、<이름:3232>ちゃんたら!<6E5C>ますますホレちゃうわ,,
dom3Saya_X02.mes,Script/dom3Saya_X02.mes,46,4,[효과음/내레이션],チュ★,,
dom3Saya_X02.mes,Script/dom3Saya_X02.mes,47,3,주인공,わっ,,
dom3Saya_X02.mes,Script/dom3Saya_X02.mes,48,17,주인공,(頬に口づけされてしまった……),,
dom3Saya_X02.mes,Script/dom3Saya_X02.mes,49,28,Shino,いらっしゃい、<6E5C><이름:3232>さんにサヤさん.<6E5C>最近、仲いいわね,,
dom3Saya_X02.mes,Script/dom3Saya_X02.mes,50,5,Saya,マァネ~,,
dom3Saya_X02.mes,Script/dom3Saya_X02.mes,51,11,주인공,そ、そんなことないよ,,
dom3Saya_X02.mes,Script/dom3Saya_X02.mes,52,26,Shino,なんで<이름:3232>さんが照れるのよ.<6E5C>で、今日のご注文は?,,
dom3Saya_X02.mes,Script/dom3Saya_X02.mes,53,17,Saya,あと食べてない物は何かしら……?,,
dom3Saya_X02.mes,Script/dom3Saya_X02.mes,54,21,주인공,じゃあ俺は、あんこつながりで、<6E5C>ぼたもち,,
dom3Saya_X02.mes,Script/dom3Saya_X02.mes,55,17,Shino,ばかねぇ.今は七月だからおはぎよ,,
dom3Saya_X02.mes,Script/dom3Saya_X02.mes,56,17,Saya,ボタモチとオハギって同じ物なの?,,
dom3Saya_X02.mes,Script/dom3Saya_X02.mes,57,49,Shino,そうよ.春のお被岸ごろに食べる<6E5C>のがぼたもちで、秋がおはぎよ<485C>……あ、あれ?<6E5C>どっちだったかしら,,
dom3Saya_X02.mes,Script/dom3Saya_X02.mes,58,6,Saya,オヒガン?,,
dom3Saya_X02.mes,Script/dom3Saya_X02.mes,59,28,Shino,そうよ.<이름:3232>さんもお被岸には<6E5C>お莖参りに帰るんでしょ?,,
dom3Saya_X02.mes,Script/dom3Saya_X02.mes,60,8,주인공,いや、俺は……,,
dom3Saya_X02.mes,Script/dom3Saya_X02.mes,61,27,Shino,呆れた!<6E5C>ご先祖様は大切にしないとバチが<6E5C>当たるわよ,,
dom3Saya_X02.mes,Script/dom3Saya_X02.mes,62,11,Saya,オハカマイリ?バチ?,,
dom3Saya_X02.mes,Script/dom3Saya_X02.mes,63,58,Shino,あれ?<6E5C>サヤさん知らないの?<485C>ご先祖様はいつでも私たちを<6E5C>見守ってくれてるんだから、<6E5C>お莖に参らないとダメなのよ!,,
dom3Saya_X02.mes,Script/dom3Saya_X02.mes,64,31,Saya,見守っている?<6E5C>死んだ人は天国に行って<6E5C>しまうんじゃないの?,,
dom3Saya_X02.mes,Script/dom3Saya_X02.mes,65,38,Shino,ううん.お莖に行けば、<6E5C>ご先祖様とだって話せるのよ.<6E5C>あたいはそう信じてる,,
dom3Saya_X02.mes,Script/dom3Saya_X02.mes,66,32,Shino,だからあたいは、お祖父ちゃんの<6E5C>お莖参りは欠かさないんだから!,,
dom3Saya_X02.mes,Script/dom3Saya_X02.mes,67,42,주인공,え?詩乃さんのお祖父さんって、<6E5C>このむささび屋に働いてる<6E5C>お靭さんじゃなかったの?,,
dom3Saya_X02.mes,Script/dom3Saya_X02.mes,68,13,Shino,いっけない!忘れてたわっ,,
dom3Saya_X02.mes,Script/dom3Saya_X02.mes,69,3,UNKNOWN_a2,……,,
dom3Saya_X02.mes,Script/dom3Saya_X02.mes,70,16,주인공,(あ、厨房からにらんでる……),,
dom3Saya_X02.mes,Script/dom3Saya_X02.mes,71,28,Saya,……そう、死んだ人にも声を<6E5C>届けることはできるのね……,,
dom3Saya_X02.mes,Script/dom3Saya_X02.mes,72,10,주인공,(……サヤさん?),,
dom3Saya_X02.mes,Script/dom3Saya_X02.mes,73,16,주인공,ふぅ、昨日今日とよく食べたなぁ,,
dom3Saya_X02.mes,Script/dom3Saya_X02.mes,74,29,Saya,フフッ、ここまでついて来れたのは<6E5C><이름:3232>ちゃんが初めてヨ!,,
dom3Saya_X02.mes,Script/dom3Saya_X02.mes,75,26,주인공,ここまでって……サヤさん、<6E5C>俺を試してたんですか?,,
dom3Saya_X02.mes,Script/dom3Saya_X02.mes,76,15,Saya,怒らないの.ホメてるんだから,,
dom3Saya_X02.mes,Script/dom3Saya_X02.mes,77,9,UNKNOWN_1e,キィーーエーー!,,
dom3Saya_X02.mes,Script/dom3Saya_X02.mes,78,14,Saya,ヤダ、ナニ!?この変な男ッ,,
dom3Saya_X02.mes,Script/dom3Saya_X02.mes,79,7,주인공,酔っ払いか?,,
dom3Saya_X02.mes,Script/dom3Saya_X02.mes,80,23,UNKNOWN_1a,美しきイケニエが、今宵、<6E5C>二匹舞い込んだ……,,
dom3Saya_X02.mes,Script/dom3Saya_X02.mes,81,4,[효과음/내레이션],チャキ,,
dom3Saya_X02.mes,Script/dom3Saya_X02.mes,82,10,주인공,サヤさん、危ない!,,
dom3Saya_X02.mes,Script/dom3Saya_X02.mes,83,5,Saya,なんのッ,,
dom3Saya_X02.mes,Script/dom3Saya_X02.mes,84,5,[효과음/내레이션],ブンッ!,,
dom3Saya_X02.mes,Script/dom3Saya_X02.mes,85,4,[효과음/내레이션],ヒョイ,,
dom3Saya_X02.mes,Script/dom3Saya_X02.mes,86,16,UNKNOWN_1a,ヌォ!我こそは絶対的永久機関!,,
dom3Saya_X02.mes,Script/dom3Saya_X02.mes,87,9,[효과음/내레이션],ブンッ!ブンッ!,,
dom3Saya_X02.mes,Script/dom3Saya_X02.mes,88,9,[효과음/내레이션],ヒョイッヒョイッ,,
dom3Saya_X02.mes,Script/dom3Saya_X02.mes,89,35,주인공,(す、すごい.あの鋭い振りを、<6E5C>サヤさん、全部余裕でかわしてる!<6E5C>),,
dom3Saya_X02.mes,Script/dom3Saya_X02.mes,90,20,Saya,モゥ、おイタする子には、<6E5C>おしおきヨ★,,
dom3Saya_X02.mes,Script/dom3Saya_X02.mes,91,8,[효과음/내레이션],バシーーーンッ,,
dom3Saya_X02.mes,Script/dom3Saya_X02.mes,92,6,UNKNOWN_1a,グハァッ!,,
dom3Saya_X02.mes,Script/dom3Saya_X02.mes,93,9,Saya,イイ夢見なさい★,,
dom3Saya_X02.mes,Script/dom3Saya_X02.mes,94,17,UNKNOWN_1a,ク……生まれ変わるなら、蝶に……,,
dom3Saya_X02.mes,Script/dom3Saya_X02.mes,95,5,[효과음/내레이션],バタンッ,,
dom3Saya_X02.mes,Script/dom3Saya_X02.mes,96,15,주인공,サ、サヤさん、大丈夫ですか?,,
dom3Saya_X02.mes,Script/dom3Saya_X02.mes,97,21,Saya,ええ、平気.<6E5C>よくいるのよね、こういう男,,
dom3Saya_X02.mes,Script/dom3Saya_X02.mes,98,44,Saya,マ、ある程度のことは覚悟してるわ<6E5C>.だってこの美貌ですもの.<6E5C>狙われるのもムリないわン,,
dom3Saya_X02.mes,Script/dom3Saya_X02.mes,99,3,주인공,……,,
dom3Saya_X02.mes,Script/dom3Saya_X02.mes,100,27,Saya,送ってくれてアリガト.<6E5C>もうここからはひとりで帰るワ,,
dom3Saya_X02.mes,Script/dom3Saya_X02.mes,101,3,[효과음/내레이션],サッ,,
dom3Saya_X02.mes,Script/dom3Saya_X02.mes,102,7,주인공,サヤさん……,,
dom3Saya_X02.mes,Script/dom3Saya_X02.mes,103,19,주인공,(それにしてもあの体術はいったい<6E5C>),,
dom3Saya_X02.mes,Script/dom3Saya_X02.mes,104,3,주인공,あっ,,
dom3Saya_X02.mes,Script/dom3Saya_X02.mes,105,14,주인공,右京さーん!いいところに!,,
dom3Saya_X02.mes,Script/dom3Saya_X02.mes,106,6,Ukyo,……<이름:3232>殿,,
dom3Saya_X02.mes,Script/dom3Saya_X02.mes,107,44,주인공,右京さんはサヤさんと親しい<6E5C>ですよね.サヤさんって、実の<6E5C>ところどういう人なんですか?,,
dom3Saya_X02.mes,Script/dom3Saya_X02.mes,108,12,Ukyo,……サヤ殿?……なぜ?,,
dom3Saya_X02.mes,Script/dom3Saya_X02.mes,109,10,주인공,なぜって、その……,,
dom3Saya_X02.mes,Script/dom3Saya_X02.mes,110,11,Ukyo,……慕っているのか?,,
dom3Saya_X02.mes,Script/dom3Saya_X02.mes,111,3,주인공,……,,
dom3Saya_X02.mes,Script/dom3Saya_X02.mes,112,17,Ukyo,……拙者では、相談には……乗れぬ,,
dom3Saya_X02.mes,Script/dom3Saya_X02.mes,113,49,주인공,そういえば右京さんも片想いを……<6E5C>.こんなに右京さんが想っているの<6E5C>に、相手は冷たい人なんですね,,
dom3Saya_X02.mes,Script/dom3Saya_X02.mes,114,19,Ukyo,圭殿はそのような方では<6E5C>ござらん……,,
dom3Saya_X02.mes,Script/dom3Saya_X02.mes,115,41,Ukyo,圭殿と拙者では身分が違う故…….<6E5C>そのうえ、この病の身では.<6E5C>だが、それでも……,,
dom3Saya_X02.mes,Script/dom3Saya_X02.mes,116,12,주인공,…….<6E5C>俺も頑張ります,,
dom3Saya_X02.mes,Script/dom3Saya_X02.mes,117,41,주인공,(し、しまった!<6E5C>昨日、家に帰ってなかったんだっけ<6E5C>!いろは、怒ってるかな……),,
dom3Saya_X02.mes,Script/dom3Saya_X02.mes,118,6,[효과음/내레이션],そおっ……,,
dom3Saya_X02.mes,Script/dom3Saya_X02.mes,119,11,주인공,(た、ただいま……),,
dom3Saya_X02.mes,Script/dom3Saya_X02.mes,120,14,Iroha,旦那様!お帰りなさいませ!,,
dom3Saya_X02.mes,Script/dom3Saya_X02.mes,121,15,주인공,うわっ!いろは、起きてたのか,,
dom3Saya_X02.mes,Script/dom3Saya_X02.mes,122,32,Iroha,もちろんです!<6E5C>旦那様が無事に帰ってこられて、<6E5C>安心しました!,,
dom3Saya_X02.mes,Script/dom3Saya_X02.mes,123,22,주인공,そうか……よかった、<6E5C>怒ってなかったんだね,,
dom3Saya_X02.mes,Script/dom3Saya_X02.mes,124,8,Iroha,怒ってますよ!,,
dom3Saya_X02.mes,Script/dom3Saya_X02.mes,125,55,Iroha,もう、二日間もだまってどこに<6E5C>行ってらしたんですか!<6E5C>あんまりです!<485C>今夜はたっぷり説教させて<6E5C>もらいます!,,
dom3Saya_X02.mes,Script/dom3Saya_X02.mes,126,11,주인공,(うう、やはり……),,
dom3Saya_X03.mes,Script/dom3Saya_X03.mes,0,6,주인공,サヤさーん,,
dom3Saya_X03.mes,Script/dom3Saya_X03.mes,1,6,[효과음/내레이션],ガサガサッ,,
dom3Saya_X03.mes,Script/dom3Saya_X03.mes,2,8,Saya,<이름:3232>ちゃん!?,,
dom3Saya_X03.mes,Script/dom3Saya_X03.mes,3,26,주인공,どうしたんですか、サヤさん.<6E5C>何を隠したんですか?,,
dom3Saya_X03.mes,Script/dom3Saya_X03.mes,4,39,Saya,なんでもないわ.<이름:3232>ちゃんこそ<6E5C>早いのね.そんなにアタシに<6E5C>会いたかったの?,,
dom3Saya_X03.mes,Script/dom3Saya_X03.mes,5,6,주인공,はい、まあ,,
dom3Saya_X03.mes,Script/dom3Saya_X03.mes,6,22,주인공,(いろはの機嫌が悪くて<6E5C>家にいづらいしな),,
dom3Saya_X03.mes,Script/dom3Saya_X03.mes,7,29,Saya,まだ授業まで時間があるし、<6E5C>お散歩にでも行きましょうか?,,
dom3Saya_X03.mes,Script/dom3Saya_X03.mes,8,4,주인공,はい!,,
dom3Saya_X03.mes,Script/dom3Saya_X03.mes,9,3,Saya,……,,
dom3Saya_X03.mes,Script/dom3Saya_X03.mes,10,16,주인공,サヤさん?何を見ているんですか,,
dom3Saya_X03.mes,Script/dom3Saya_X03.mes,11,23,Saya,あ、ゴメンナサイ.<6E5C>あそこの親子連れをネ……,,
dom3Saya_X03.mes,Script/dom3Saya_X03.mes,12,26,주인공,お母さんと女の子ですね.<6E5C>お父さんはいないのかな?,,
dom3Saya_X03.mes,Script/dom3Saya_X03.mes,13,25,Saya,そうみたいね.<6E5C>……ワタシの子供時代に似ているわ,,
dom3Saya_X03.mes,Script/dom3Saya_X03.mes,14,24,주인공,サヤさんの子供時代、<6E5C>かわいかったんでしょうね,,
dom3Saya_X03.mes,Script/dom3Saya_X03.mes,15,31,Saya,ママはワタシをひとりで<6E5C>育ててくれた.<6E5C>大変だったと思う……,,
dom3Saya_X03.mes,Script/dom3Saya_X03.mes,16,23,주인공,サヤさんのお母さんはえらい人<6E5C>だったんですね,,
dom3Saya_X03.mes,Script/dom3Saya_X03.mes,17,40,Saya,ええ、尊敬しているワ.<6E5C>ママはとびっきりのイイ女<6E5C>だったのよ.ワタシの憧れの人,,
dom3Saya_X03.mes,Script/dom3Saya_X03.mes,18,23,주인공,(サヤさんの性格は母親譲り<6E5C>なのかな……?),,
dom3Saya_X03.mes,Script/dom3Saya_X03.mes,19,25,Saya,<이름:3232>ちゃんも、父親のような男を<6E5C>目指しているの?,,
dom3Saya_X03.mes,Script/dom3Saya_X03.mes,20,5,주인공,俺は……,,
dom3Saya_X03.mes,Script/dom3Saya_X03.mes,21,28,주인공,(厳しすぎる父が嫌で、<6E5C>家を飛び出してきた身だが……),,
dom3Saya_X03.mes,Script/dom3Saya_X03.mes,22,18,[선택지],まだわかりません父のようにはならない,,
dom3Saya_X03.mes,Script/dom3Saya_X03.mes,23,20,주인공,まだ考えたこともないし、<6E5C>わかりません,,
dom3Saya_X03.mes,Script/dom3Saya_X03.mes,24,23,Saya,そう.まだまだ子供でいたいって<6E5C>ことかしら?,,
dom3Saya_X03.mes,Script/dom3Saya_X03.mes,25,4,주인공,う……,,
dom3Saya_X03.mes,Script/dom3Saya_X03.mes,26,23,Saya,でも、人はいつまでも子供じゃ<6E5C>いられないのよ,,
dom3Saya_X03.mes,Script/dom3Saya_X03.mes,27,39,주인공,(そうだな.俺ももう少ししっかり<6E5C>しないと、サヤさんにも呆れられて<6E5C>しまう),,
dom3Saya_X03.mes,Script/dom3Saya_X03.mes,28,14,주인공,俺は父のようにはなりません,,
dom3Saya_X03.mes,Script/dom3Saya_X03.mes,29,21,Saya,アラ、<이름:3232>ちゃんはお父さんが<6E5C>嫌いなの?,,
dom3Saya_X03.mes,Script/dom3Saya_X03.mes,30,32,주인공,あんな子供を叱り付けるだけの男に<6E5C>なんて絶対になりたくないです,,
dom3Saya_X03.mes,Script/dom3Saya_X03.mes,31,34,Saya,さしずめ反面教師ってヤツね.<6E5C>でもイイことね、<6E5C>目標があるってのは,,
dom3Saya_X03.mes,Script/dom3Saya_X03.mes,32,9,주인공,そ、そうなのかな,,
dom3Saya_X03.mes,Script/dom3Saya_X03.mes,33,23,Saya,<이름:3232>ちゃんなら優しいパパに<6E5C>なれるわ.きっと,,
dom3Saya_X03.mes,Script/dom3Saya_X03.mes,34,10,주인공,はい、頑張ります!,,
dom3Saya_X03.mes,Script/dom3Saya_X03.mes,35,20,주인공,(そして、<6E5C>その時にはサヤさんと……),,
dom3Saya_X03.mes,Script/dom3Saya_X03.mes,36,34,Saya,サァ、ワタシはそろそろ戻らないと<6E5C>.かわいい教え子たちが待ってるワ,,
dom3Saya_X03.mes,Script/dom3Saya_X03.mes,37,7,주인공,……サヤさん,,
dom3Saya_X03.mes,Script/dom3Saya_X03.mes,38,5,Saya,ナァニ?,,
dom3Saya_X03.mes,Script/dom3Saya_X03.mes,39,23,주인공,い、いえ……、また明日、<6E5C>会ってくれますか?,,
dom3Saya_X03.mes,Script/dom3Saya_X03.mes,40,19,Saya,ええ、モチロンいいわよ.<6E5C>じゃあね★,,
dom3Saya_X03.mes,Script/dom3Saya_X03.mes,41,38,주인공,(今の、子どもみたいな俺じゃまだ<6E5C>無理かもしれない.<6E5C>だけど、きっと……),,
dom3Saya_X03.mes,Script/dom3Saya_X03.mes,42,14,주인공,(詩乃さんが働いているな),,
dom3Saya_X03.mes,Script/dom3Saya_X03.mes,43,22,Shino,どうしたの?<6E5C>さっきからボーっとしちゃって,,
dom3Saya_X03.mes,Script/dom3Saya_X03.mes,44,42,주인공,いやぁ、詩乃さんは俺と年も変わら<6E5C>ないのに、ちゃんと働いていて<6E5C>偉いなぁと思ってさ,,
dom3Saya_X03.mes,Script/dom3Saya_X03.mes,45,38,Shino,なに馬鹿なこと言ってるの!<6E5C>当たり前じゃない.<6E5C>働かざるもの食うべからず!,,
dom3Saya_X03.mes,Script/dom3Saya_X03.mes,46,21,Shino,それとも<이름:3232>さんは一生<6E5C>働かないつもり?,,
dom3Saya_X03.mes,Script/dom3Saya_X03.mes,47,16,[선택지],ちゃんと働く働かず、剣の道を行く,,
dom3Saya_X03.mes,Script/dom3Saya_X03.mes,48,20,주인공,俺だってちゃんと働くよ!<6E5C>……いつかは,,
dom3Saya_X03.mes,Script/dom3Saya_X03.mes,49,30,Shino,その、『いつか』がなければ<6E5C>かっこよかったんだけどねぇ……,,
dom3Saya_X03.mes,Script/dom3Saya_X03.mes,50,38,주인공,ううっ、痛いところを.<6E5C>だったら明日からでも何か職を<6E5C>探す.これでどうだ?,,
dom3Saya_X03.mes,Script/dom3Saya_X03.mes,51,35,Shino,明日と言わず、<6E5C>今からでも働けるわよ.<6E5C>流しに洗い物がたまってるのよ,,
dom3Saya_X03.mes,Script/dom3Saya_X03.mes,52,25,주인공,トホホ、けっきょくそれが<6E5C>言いたかったんじゃ……,,
dom3Saya_X03.mes,Script/dom3Saya_X03.mes,53,31,Shino,男はつべこべ言わず、黙って働く!<6E5C>その背中に女は惚れるんだよ,,
dom3Saya_X03.mes,Script/dom3Saya_X03.mes,54,14,주인공,本音を言うと、働きたくない,,
dom3Saya_X03.mes,Script/dom3Saya_X03.mes,55,21,Shino,何それ!<6E5C>そんなことできるわけないでしょ,,
dom3Saya_X03.mes,Script/dom3Saya_X03.mes,56,26,주인공,俺は剣の道に生きる男だ.<6E5C>食うためになんて働かない,,
dom3Saya_X03.mes,Script/dom3Saya_X03.mes,57,42,Shino,<이름:3232>さん…….そりゃあ、<6E5C>立派な心がけだけど、だったら<6E5C>一生お嫁さんはもらえないね,,
dom3Saya_X03.mes,Script/dom3Saya_X03.mes,58,14,주인공,え?どうしてそうなるんだ?,,
dom3Saya_X03.mes,Script/dom3Saya_X03.mes,59,44,Shino,だって、剣の道に女は不要だろう?<6E5C>お嫁さんだって働かない男を<6E5C>食わしていくのは大変だよ,,
dom3Saya_X03.mes,Script/dom3Saya_X03.mes,60,28,주인공,むうう、そうか…….<6E5C>これは考えを改めないといけないな,,
dom3Saya_X03.mes,Script/dom3Saya_X03.mes,61,16,주인공,ふぅ、ずいぶん長居してしまった,,
dom3Saya_X03.mes,Script/dom3Saya_X03.mes,62,5,UNKNOWN_1e,<이름:3232>さん,,
dom3Saya_X03.mes,Script/dom3Saya_X03.mes,63,24,주인공,あれ、千夜さん?<6E5C>そうか、もうそんな時間なのか,,
dom3Saya_X03.mes,Script/dom3Saya_X03.mes,64,22,UNKNOWN_6d,どうしたんです?<6E5C>そんなところに突っ立って,,
dom3Saya_X03.mes,Script/dom3Saya_X03.mes,65,27,주인공,……千夜さんも、こんな仕事だと<6E5C>いろいろ大変ですよね,,
dom3Saya_X03.mes,Script/dom3Saya_X03.mes,66,35,UNKNOWN_6d,そりゃあまあ、好きなだけじゃあ<6E5C>やっていけないねぇ.<6E5C>ねぇ、色さん?,,
dom3Saya_X03.mes,Script/dom3Saya_X03.mes,67,17,Shiki,……私には、これしかできないから,,
dom3Saya_X03.mes,Script/dom3Saya_X03.mes,68,15,주인공,お金のためということですか?,,
dom3Saya_X03.mes,Script/dom3Saya_X03.mes,69,44,UNKNOWN_6d,それだけって訳じゃないけど、<6E5C>頼りになる旦那でもいりゃ、<6E5C>こんなことはしてないかもねぇ,,
dom3Saya_X03.mes,Script/dom3Saya_X03.mes,70,9,주인공,頼りになる旦那?,,
dom3Saya_X03.mes,Script/dom3Saya_X03.mes,71,32,UNKNOWN_6d,そうだねぇ.<6E5C>お金があって、優しくって、<6E5C>しっかりしていて……,,
dom3Saya_X03.mes,Script/dom3Saya_X03.mes,72,10,[선택지],難しいな俺には無理だ,,
dom3Saya_X03.mes,Script/dom3Saya_X03.mes,73,17,주인공,む、難しいな.俺にできるのか……,,
dom3Saya_X03.mes,Script/dom3Saya_X03.mes,74,23,Shiki,私は、私を呼び、<6E5C>必要としてくれる人なら……,,
dom3Saya_X03.mes,Script/dom3Saya_X03.mes,75,44,UNKNOWN_6d,まあ、それが一番重要かもしれ<6E5C>ないね.女なんてものは、いい男の<6E5C>側にいるのが幸せなのさ,,
dom3Saya_X03.mes,Script/dom3Saya_X03.mes,76,3,주인공,……,,
dom3Saya_X03.mes,Script/dom3Saya_X03.mes,77,30,UNKNOWN_6d,なんだい?<6E5C><이름:3232>さん、あちきの旦那に<6E5C>なってくれるのかい?,,
dom3Saya_X03.mes,Script/dom3Saya_X03.mes,78,15,주인공,い、いえ、そういう訳では……,,
dom3Saya_X03.mes,Script/dom3Saya_X03.mes,79,28,주인공,(……サヤさんは、どんな男の人を<6E5C>望んでいるのだろう),,
dom3Saya_X03.mes,Script/dom3Saya_X03.mes,80,19,주인공,注文が多いなぁ.<6E5C>俺にはとても無理だ,,
dom3Saya_X03.mes,Script/dom3Saya_X03.mes,81,30,UNKNOWN_6d,なんだい、男がそれぐらいのことで<6E5C>弱音を吐くんじゃないよ!,,
dom3Saya_X03.mes,Script/dom3Saya_X03.mes,82,11,주인공,わっ、ごめんなさい!,,
dom3Saya_X03.mes,Script/dom3Saya_X03.mes,83,27,UNKNOWN_6d,女はいつでも頼りになる<6E5C>旦那様を待っているんだよ……,,
dom3Saya_X03.mes,Script/dom3Saya_X03.mes,84,17,주인공,(……サヤさんもそうなのかな?),,
dom3Saya_X03.mes,Script/dom3Saya_X03.mes,85,9,주인공,ただいま、いろは,,
dom3Saya_X03.mes,Script/dom3Saya_X03.mes,86,13,Iroha,お帰りなさいませ、旦那様,,
dom3Saya_X03.mes,Script/dom3Saya_X03.mes,87,3,주인공,……,,
dom3Saya_X03.mes,Script/dom3Saya_X03.mes,88,22,Iroha,?<020A>どうしたんですか、<6E5C>私の顔をじっと見て,,
dom3Saya_X03.mes,Script/dom3Saya_X03.mes,89,48,주인공,……考えたら、いろはは俺みたいな<6E5C>ろくでなしの世話を毎日してるんだ<6E5C>よな.すごく大変なことだよ,,
dom3Saya_X03.mes,Script/dom3Saya_X03.mes,90,13,주인공,いつもありがとう、いろは,,
dom3Saya_X03.mes,Script/dom3Saya_X03.mes,91,34,Iroha,そ、そんな!<6E5C>旦那様のお世話をさせて<6E5C>いただくのは当然のことです!,,
dom3Saya_X03.mes,Script/dom3Saya_X03.mes,92,21,주인공,いや、<6E5C>なかなかマネできることじゃないよ,,
dom3Saya_X03.mes,Script/dom3Saya_X03.mes,93,45,Iroha,ううっ……旦那様にそのような<6E5C>ねぎらいの言葉をいただける<6E5C>なんて……<485C>いろは、感激です!,,
dom3Saya_X03.mes,Script/dom3Saya_X03.mes,94,11,주인공,そんなに喜ばなくても,,
dom3Saya_X03.mes,Script/dom3Saya_X03.mes,95,30,주인공,(……みんな、年も性別も関係なく<6E5C>、必死に働いてるんだな),,
dom3Saya_X03.mes,Script/dom3Saya_X03.mes,96,42,주인공,(俺なんて、何をするわけでもなく<6E5C>ぶらぶらその日募らし……みんなに<6E5C>申し訳ない!),,
dom3Saya_X03.mes,Script/dom3Saya_X03.mes,97,57,주인공,(俺も明日から心を入れ替えて、<6E5C>しっかりした男になるぞ!)<485C>(まずは、サヤさんにこの気持ちを<6E5C>伝えないと……!),,
dom3Saya_X04.mes,Script/dom3Saya_X04.mes,0,7,주인공,サヤさーん!,,
dom3Saya_X04.mes,Script/dom3Saya_X04.mes,1,28,Saya,アラ、早いのね.<6E5C>ワタシに会うのが待ち切れなかった<6E5C>?,,
dom3Saya_X04.mes,Script/dom3Saya_X04.mes,2,17,주인공,俺、サヤさんに大事な話があります,,
dom3Saya_X04.mes,Script/dom3Saya_X04.mes,3,12,Saya,ナァニ?改まっちゃって,,
dom3Saya_X04.mes,Script/dom3Saya_X04.mes,4,4,주인공,俺……,,
dom3Saya_X04.mes,Script/dom3Saya_X04.mes,5,4,[효과음/내레이션],ガラッ,,
dom3Saya_X04.mes,Script/dom3Saya_X04.mes,6,19,Saya,マァ、右京先生、<6E5C>おはようございます,,
dom3Saya_X04.mes,Script/dom3Saya_X04.mes,7,7,Ukyo,……おはよう,,
dom3Saya_X04.mes,Script/dom3Saya_X04.mes,8,9,Saya,今日もいい天気ね,,
dom3Saya_X04.mes,Script/dom3Saya_X04.mes,9,22,Ukyo,うむ、なんとも清清し……<6E5C>ゲホ、ゴホォッ!,,
dom3Saya_X04.mes,Script/dom3Saya_X04.mes,10,36,주인공,(だ、駄目だ、<6E5C>ここでは落ち着かない.<6E5C>人の少ないところに行かないと),,
dom3Saya_X04.mes,Script/dom3Saya_X04.mes,11,19,Saya,ちょっと<이름:3232>ちゃん.<6E5C>どこに行くの?,,
dom3Saya_X04.mes,Script/dom3Saya_X04.mes,12,12,주인공,(よし、ここなら……),,
dom3Saya_X04.mes,Script/dom3Saya_X04.mes,13,8,Saya,何ナノ?話って,,
dom3Saya_X04.mes,Script/dom3Saya_X04.mes,14,10,주인공,(い、言うぞ……),,
dom3Saya_X04.mes,Script/dom3Saya_X04.mes,15,13,주인공,俺、サヤさんのことが……,,
dom3Saya_X04.mes,Script/dom3Saya_X04.mes,16,7,UNKNOWN_1e,おい、<이름:3232>!,,
dom3Saya_X04.mes,Script/dom3Saya_X04.mes,17,11,주인공,(な、なんだぁ!?),,
dom3Saya_X04.mes,Script/dom3Saya_X04.mes,18,9,Saya,アラ、狂エ門クン,,
dom3Saya_X04.mes,Script/dom3Saya_X04.mes,19,29,UNKNOWN_74,テメェ、最近、オレのサヤさんと<6E5C>仲いいらしいじゃねぇかよ,,
dom3Saya_X04.mes,Script/dom3Saya_X04.mes,20,24,주인공,はぁ?サヤさんがいつ<6E5C>お前のものになったんだ?,,
dom3Saya_X04.mes,Script/dom3Saya_X04.mes,21,36,Saya,そうよ、ワタシの独り占めはダメよ<6E5C>.美しいものはみんなで分けないと<6E5C>!,,
dom3Saya_X04.mes,Script/dom3Saya_X04.mes,22,3,주인공,……,,
dom3Saya_X04.mes,Script/dom3Saya_X04.mes,23,31,UNKNOWN_74,…….<6E5C>とにかく、サヤさんの周りを<6E5C>うろちょろすんじゃねぇよ,,
dom3Saya_X04.mes,Script/dom3Saya_X04.mes,24,15,주인공,俺だってサヤさんは渡さないぞ,,
dom3Saya_X04.mes,Script/dom3Saya_X04.mes,25,24,Saya,ちょっとぉ、ケンカはダメって<6E5C>言ってるでしょ!,,
dom3Saya_X04.mes,Script/dom3Saya_X04.mes,26,20,UNKNOWN_74,今日こそ決着をつけてやるぜ.<6E5C>抜きな!,,
dom3Saya_X04.mes,Script/dom3Saya_X04.mes,27,8,주인공,望むところだ!,,
dom3Saya_X04.mes,Script/dom3Saya_X04.mes,28,4,[효과음/내레이션],チャキ,,
dom3Saya_X04.mes,Script/dom3Saya_X04.mes,29,12,Saya,二人ともやめなさいっ!,,
dom3Saya_X04.mes,Script/dom3Saya_X04.mes,30,2,[효과음/내레이션],バシ,,
dom3Saya_X04.mes,Script/dom3Saya_X04.mes,31,4,[효과음/내레이션],バシッ,,
dom3Saya_X04.mes,Script/dom3Saya_X04.mes,32,4,UNKNOWN_74,いてっ,,
dom3Saya_X04.mes,Script/dom3Saya_X04.mes,33,4,주인공,いたっ,,
dom3Saya_X04.mes,Script/dom3Saya_X04.mes,34,16,Saya,いいかげんにしないと怒るわよ!,,
dom3Saya_X04.mes,Script/dom3Saya_X04.mes,35,14,주인공,もう怒ってるじゃないですか,,
dom3Saya_X04.mes,Script/dom3Saya_X04.mes,36,15,UNKNOWN_74,オレ様が不覚を取るなんて……,,
dom3Saya_X04.mes,Script/dom3Saya_X04.mes,37,23,Saya,二人とも甘い物でも食べて頭を<6E5C>冷やしなさい!,,
dom3Saya_X04.mes,Script/dom3Saya_X04.mes,38,7,UNKNOWN_74,なんだそりゃ,,
dom3Saya_X04.mes,Script/dom3Saya_X04.mes,39,28,Saya,おなかがすいてるから怒りっぽく<6E5C>なるんでしょ.行くわヨ,,
dom3Saya_X04.mes,Script/dom3Saya_X04.mes,40,19,주인공,(自分が食べたいだけなんじゃ……<6E5C>),,
dom3Saya_X04.mes,Script/dom3Saya_X04.mes,41,9,Saya,お善哉みっつネ~,,
dom3Saya_X04.mes,Script/dom3Saya_X04.mes,42,12,UNKNOWN_74,な、なんでオレまで……,,
dom3Saya_X04.mes,Script/dom3Saya_X04.mes,43,28,Saya,こんなイイ女とお茶できるんだから<6E5C>、もっと喜びなさい!,,
dom3Saya_X04.mes,Script/dom3Saya_X04.mes,44,5,주인공,はは……,,
dom3Saya_X04.mes,Script/dom3Saya_X04.mes,45,52,Saya,<이름:3232>ちゃんもちゃんと閉くのよ.<6E5C>とにかくケンカはダメ<485C>そんなことしてもイイことひとつも<6E5C>ないんだから!,,
dom3Saya_X04.mes,Script/dom3Saya_X04.mes,46,45,Saya,しちゃっても、<6E5C>すぐに仲直りすること!<485C>じゃないと、取り返しの<6E5C>つかないことになるわよ!,,
dom3Saya_X04.mes,Script/dom3Saya_X04.mes,47,22,주인공,(前にもそんなことを<6E5C>言われたような……),,
dom3Saya_X04.mes,Script/dom3Saya_X04.mes,48,5,Saya,いーい?,,
dom3Saya_X04.mes,Script/dom3Saya_X04.mes,49,38,UNKNOWN_74,チッ、やってられるか.<6E5C><이름:3232>、この決着は必ず<6E5C>つけてやるから、覚えてろよ!,,
dom3Saya_X04.mes,Script/dom3Saya_X04.mes,50,3,[효과음/내레이션],ダッ,,
dom3Saya_X04.mes,Script/dom3Saya_X04.mes,51,15,Saya,あっ.もう、本当に困った子ネ,,
dom3Saya_X04.mes,Script/dom3Saya_X04.mes,52,24,주인공,サヤさん、取り返しのつかない<6E5C>ことになるって?,,
dom3Saya_X04.mes,Script/dom3Saya_X04.mes,53,34,Saya,……そうね、<6E5C><이름:3232>ちゃんには話しておいた方が<6E5C>いいかもしれないわネ,,
dom3Saya_X04.mes,Script/dom3Saya_X04.mes,54,11,주인공,はい、何でも閉きます,,
dom3Saya_X04.mes,Script/dom3Saya_X04.mes,55,3,Saya,……,,
dom3Saya_X04.mes,Script/dom3Saya_X04.mes,56,6,주인공,サヤさん?,,
dom3Saya_X04.mes,Script/dom3Saya_X04.mes,57,12,Saya,ちょっと歩きましょうか,,
dom3Saya_X04.mes,Script/dom3Saya_X04.mes,58,16,Saya,母の話を、したことがあるわよね,,
dom3Saya_X04.mes,Script/dom3Saya_X04.mes,59,15,주인공,ええ.事故で亡くなったと……,,
dom3Saya_X04.mes,Script/dom3Saya_X04.mes,60,52,Saya,突然だったわ.<6E5C>とてもショックだったけれど、<6E5C>一番悔やまれるのは、<485C>最後に見た母の<6E5C>さみしそうな顔……,,
dom3Saya_X04.mes,Script/dom3Saya_X04.mes,61,28,Saya,……ワタシ、<6E5C>ケンカをしてしまったの.<6E5C>母が死ぬ前日に,,
dom3Saya_X04.mes,Script/dom3Saya_X04.mes,62,8,주인공,前日に、ですか,,
dom3Saya_X04.mes,Script/dom3Saya_X04.mes,63,44,Saya,子どもの頃から、母の仕事がイヤで<6E5C>しかたなかったワ.ワタシには<6E5C>どうしても許せなかった,,
dom3Saya_X04.mes,Script/dom3Saya_X04.mes,64,14,Saya,……暗殺者だったのよ.母は,,
dom3Saya_X04.mes,Script/dom3Saya_X04.mes,65,6,주인공,暗殺者!?,,
dom3Saya_X04.mes,Script/dom3Saya_X04.mes,66,29,주인공,(サヤさんの体術はお母さんから<6E5C>習ったものだったのか!),,
dom3Saya_X04.mes,Script/dom3Saya_X04.mes,67,48,Saya,人に誇れるような仕事ではないわね<6E5C>.でも、女の身ひとつでワタシを<6E5C>育てるためには、仕方なかった,,
dom3Saya_X04.mes,Script/dom3Saya_X04.mes,68,48,Saya,今のワタシには、そのことがわかる<6E5C>.母のつらさと苦しみが<485C>でも当時のワタシには<6E5C>わからなかった,,
dom3Saya_X04.mes,Script/dom3Saya_X04.mes,69,37,Saya,人を殺めてお金をもらうなんて、<6E5C>そんなことができる母が<6E5C>信じられなかった,,
dom3Saya_X04.mes,Script/dom3Saya_X04.mes,70,3,주인공,……,,
dom3Saya_X04.mes,Script/dom3Saya_X04.mes,71,38,Saya,その日も、ワタシは母に<6E5C>『やめてくれないなら家を出る』<6E5C>って啖呵を切ったの,,
dom3Saya_X04.mes,Script/dom3Saya_X04.mes,72,32,주인공,(サヤさんも家出しようと…….<6E5C>俺とはぜんぜん違う理由だけど),,
dom3Saya_X04.mes,Script/dom3Saya_X04.mes,73,32,Saya,次の日、母は黙って家を出たわ.<6E5C>寺そして、戻って来なかった……,,
dom3Saya_X04.mes,Script/dom3Saya_X04.mes,74,15,주인공,……でも、それはたまたまじゃ,,
dom3Saya_X04.mes,Script/dom3Saya_X04.mes,75,39,Saya,母の仕事は恨みもかう.<6E5C>もしかしたら事故に見せかけて<6E5C>殺されたのかもしれない,,
dom3Saya_X04.mes,Script/dom3Saya_X04.mes,76,57,Saya,そして、暗殺者として優秀だった<6E5C>母がそれに気づけなかったのが、<485C>ワタシの言葉を気にしていたから、<6E5C>だとしたら……,,
dom3Saya_X04.mes,Script/dom3Saya_X04.mes,77,12,주인공,そんな、考え過ぎですよ,,
dom3Saya_X04.mes,Script/dom3Saya_X04.mes,78,41,Saya,もう、それを確かめることも、<6E5C>母に謝ることも、ワタシには<6E5C>できないの.永遠に……,,
dom3Saya_X04.mes,Script/dom3Saya_X04.mes,79,3,주인공,……,,
dom3Saya_X04.mes,Script/dom3Saya_X04.mes,80,33,Saya,前に<이름:3232>ちゃん、<6E5C>ワタシに閉いたわね.<6E5C>どうして日本に来たかって,,
dom3Saya_X04.mes,Script/dom3Saya_X04.mes,81,3,주인공,はい,,
dom3Saya_X04.mes,Script/dom3Saya_X04.mes,82,39,Saya,本当はね、母と募らしたあの国に<6E5C>いるのがつらかったの.<6E5C>だから逃げてきたのよ,,
dom3Saya_X04.mes,Script/dom3Saya_X04.mes,83,59,Saya,どれだけ人から憎まれても、<6E5C>ワタシだけは許してあげれば<6E5C>よかった<485C>ワタシを育てるために、<6E5C>手を血で汚してきた母を……,,
dom3Saya_X04.mes,Script/dom3Saya_X04.mes,84,24,주인공,(……サヤさんのような人が、<6E5C>逃げるだなんて),,
dom3Saya_X04.mes,Script/dom3Saya_X04.mes,85,38,주인공,(いや、俺も同じだ.<6E5C>厳しいだけで逃げ出したんだから、<6E5C>もっと情けない!),,
dom3Saya_X04.mes,Script/dom3Saya_X04.mes,86,25,주인공,(でも……俺は、変わる!<6E5C>サヤさんのためにも!),,
dom3Saya_X04.mes,Script/dom3Saya_X04.mes,87,7,주인공,……サヤさん,,
dom3Saya_X04.mes,Script/dom3Saya_X04.mes,88,5,Saya,ナァニ?,,
dom3Saya_X04.mes,Script/dom3Saya_X04.mes,89,17,주인공,俺、サヤさんに伝えたいことが……,,
dom3Saya_X04.mes,Script/dom3Saya_X04.mes,90,28,Saya,そういえば朝もそんなこと言ってた<6E5C>わねぇ.ナニかしら?,,
dom3Saya_X04.mes,Script/dom3Saya_X04.mes,91,12,주인공,俺……サヤさんのことが,,
dom3Saya_X04.mes,Script/dom3Saya_X04.mes,92,7,[효과음/내레이션],ドキドキ……,,
dom3Saya_X04.mes,Script/dom3Saya_X04.mes,93,24,주인공,す、好きです!<6E5C>サヤさんと一生、添い遂げたい!,,
dom3Saya_X04.mes,Script/dom3Saya_X04.mes,94,8,Saya,<이름:3232>ちゃん……,,
dom3Saya_X04.mes,Script/dom3Saya_X04.mes,95,13,주인공,(と、とうとう言えた!),,
dom3Saya_X04.mes,Script/dom3Saya_X04.mes,96,8,Saya,……ありがとう,,
dom3Saya_X04.mes,Script/dom3Saya_X04.mes,97,7,주인공,(やった!),,
dom3Saya_X04.mes,Script/dom3Saya_X04.mes,98,19,Saya,……<이름:3232>ちゃんは、<6E5C>本当に優しいのね,,
dom3Saya_X04.mes,Script/dom3Saya_X04.mes,99,4,주인공,えっ?,,
dom3Saya_X04.mes,Script/dom3Saya_X04.mes,100,22,Saya,そうやって誰にでも<6E5C>優しくしているんでしょ,,
dom3Saya_X04.mes,Script/dom3Saya_X04.mes,101,11,주인공,そういうわけじゃ……,,
dom3Saya_X04.mes,Script/dom3Saya_X04.mes,102,17,Saya,ワタシが落ち込んでると思ったのネ,,
dom3Saya_X04.mes,Script/dom3Saya_X04.mes,103,46,Saya,でもダイジョウブ.<6E5C>ワタシはとびっきりの<6E5C>イイ女ですもの<485C>イイ女はメソメソしてられないワ!,,
dom3Saya_X04.mes,Script/dom3Saya_X04.mes,104,7,주인공,サヤさん……,,
dom3Saya_X04.mes,Script/dom3Saya_X04.mes,105,49,Saya,<이름:3232>ちゃんも成長したのネ.<6E5C>お姉さん、とってもうれしいワ<485C>そんな優しいところは、<6E5C>ワタシも好きヨ,,
dom3Saya_X04.mes,Script/dom3Saya_X04.mes,106,29,Saya,でも覚えておいて.<6E5C>その優しさは、<6E5C>ときに人を傷つけるワ,,
dom3Saya_X04.mes,Script/dom3Saya_X04.mes,107,13,주인공,サヤさん.違う、俺は……,,
dom3Saya_X04.mes,Script/dom3Saya_X04.mes,108,23,Saya,ワタシと出会ったこと、<6E5C>イイ思い出にしてネ!,,
dom3Saya_X04.mes,Script/dom3Saya_X04.mes,109,3,[효과음/내레이션],サッ,,
dom3Saya_X04.mes,Script/dom3Saya_X04.mes,110,16,주인공,あ、サヤさん……!<6E5C>そんな……,,
dom3Saya_X04.mes,Script/dom3Saya_X04.mes,111,3,주인공,……,,
dom3Saya_X04.mes,Script/dom3Saya_X04.mes,112,26,Iroha,旦那様、元気がありませんね.<6E5C>どうされたんですか?,,
dom3Saya_X04.mes,Script/dom3Saya_X04.mes,113,21,주인공,……ものすごい誤解をされて<6E5C>しまったんだ,,
dom3Saya_X04.mes,Script/dom3Saya_X04.mes,114,26,Iroha,誤解ですか?<6E5C>だったら解いたらいいじゃ<6E5C>ないですか,,
dom3Saya_X04.mes,Script/dom3Saya_X04.mes,115,16,주인공,いや、違う.誤解じゃないんだ!,,
dom3Saya_X04.mes,Script/dom3Saya_X04.mes,116,14,Iroha,??<020A>どういうことですか?,,
dom3Saya_X04.mes,Script/dom3Saya_X04.mes,117,31,주인공,(……サヤさんは、俺の気持ちが<6E5C>半端なものだと見抜いたんだ),,
dom3Saya_X04.mes,Script/dom3Saya_X04.mes,118,50,주인공,(もちろん、俺は真剣だった.でも<6E5C>、サヤさんの抱いてきた想いや悲し<6E5C>みに比べたら、なんと軽い……),,
dom3Saya_X04.mes,Script/dom3Saya_X04.mes,119,55,주인공,(このままの俺じゃ駄目だ)<485C>(もっと、サヤさんの悲しみを<6E5C>すべて包み込めるような<6E5C>大きな男にならないと……),,
dom3Saya_X04.mes,Script/dom3Saya_X04.mes,120,29,주인공,よし、明日もう一度告げてみよう!<6E5C>俺の本気が伝わるまで!,,
dom3Saya_X04.mes,Script/dom3Saya_X04.mes,121,32,Iroha,え?え?<6E5C>なんだかわからないけど、<6E5C>頑張ってください、旦那様!,,
dom3Saya_X05.mes,Script/dom3Saya_X05.mes,0,11,주인공,(よしっ、いくぞ!),,
dom3Saya_X05.mes,Script/dom3Saya_X05.mes,1,4,[효과음/내레이션],ガラッ,,
dom3Saya_X05.mes,Script/dom3Saya_X05.mes,2,6,주인공,サヤさん!,,
dom3Saya_X05.mes,Script/dom3Saya_X05.mes,3,17,Rinka,なんだあんたか.サヤならいないよ,,
dom3Saya_X05.mes,Script/dom3Saya_X05.mes,4,20,주인공,あれ、凛花ちゃん?<6E5C>サヤさんはどこに?,,
dom3Saya_X05.mes,Script/dom3Saya_X05.mes,5,44,Rinka,サヤはイギリスに帰ったよ.<6E5C>急だったから、寺子屋に残した<6E5C>荷物をあたしが取りに来たんだ,,
dom3Saya_X05.mes,Script/dom3Saya_X05.mes,6,20,주인공,エ、エゲレスへ!?<6E5C>どうしてそんな……,,
dom3Saya_X05.mes,Script/dom3Saya_X05.mes,7,23,Rinka,うるさい!<6E5C>人にはそれぞれ事情があるんだよ!,,
dom3Saya_X05.mes,Script/dom3Saya_X05.mes,8,11,주인공,な、何も怒らなくても,,
dom3Saya_X05.mes,Script/dom3Saya_X05.mes,9,38,Rinka,……さびしいのは、<6E5C>あんただけじゃないんだ.<6E5C>あたしだって、突然すぎて……,,
dom3Saya_X05.mes,Script/dom3Saya_X05.mes,10,6,주인공,……ごめん,,
dom3Saya_X05.mes,Script/dom3Saya_X05.mes,11,24,Rinka,わかったなら、さっさと出て行きな<6E5C>.邪魔だよ!,,
dom3Saya_X05.mes,Script/dom3Saya_X05.mes,12,47,주인공,はぁ…….サヤさん、どうして急に<6E5C>……?まだ、ちゃんとした告白も<6E5C>できてないのに……くそっ!,,
dom3Saya_X05.mes,Script/dom3Saya_X05.mes,13,41,주인공,そうだ、こんなことしている場合<6E5C>じゃないぞ.追いかけて俺の想いを<6E5C>伝えなくちゃ!,,
dom3Saya_X05.mes,Script/dom3Saya_X05.mes,14,32,주인공,ええーと、エゲレスってどこだ?<6E5C>歩いたら何日ぐらいかるのかな?,,
dom3Saya_X05.mes,Script/dom3Saya_X05.mes,15,30,주인공,違う!エゲレスは海の向こうだ!<6E5C>お、泳いで行けるかな……?,,
dom3Saya_X05.mes,Script/dom3Saya_X05.mes,16,31,주인공,というか、どっちの方角なんだ!?<6E5C>ああもう、何もわからない!,,
dom3Saya_X05.mes,Script/dom3Saya_X05.mes,17,16,UNKNOWN_1e,よお!何ぶつぶつ言ってるんだ?,,
dom3Saya_X05.mes,Script/dom3Saya_X05.mes,18,25,주인공,は、覇王丸さん.<6E5C>その、途方に募れていまして……,,
dom3Saya_X05.mes,Script/dom3Saya_X05.mes,19,20,UNKNOWN_75,悩み事か?<6E5C>俺がなんでも解決してやるよ,,
dom3Saya_X05.mes,Script/dom3Saya_X05.mes,20,50,주인공,覇王丸さんに言っても仕方ないこと<6E5C>ですよ.外国へ渡る方法なんて、わ<6E5C>かりっこないじゃないですか……,,
dom3Saya_X05.mes,Script/dom3Saya_X05.mes,21,43,UNKNOWN_75,外国に?なんだ、そんなことか.<6E5C>世界中を回って武者修行してる<6E5C>俺にはお安いご用だがな,,
dom3Saya_X05.mes,Script/dom3Saya_X05.mes,22,15,주인공,え!世界中を!?本当ですか?,,
dom3Saya_X05.mes,Script/dom3Saya_X05.mes,23,49,UNKNOWN_75,おぅ.いろんな国で闘ったぜ.そう<6E5C>だ、ぐりーんへるっていう、南米で<6E5C>の死合いがまた熱くてよぉ……,,
dom3Saya_X05.mes,Script/dom3Saya_X05.mes,24,47,주인공,そんな武勇伝はどうでもいいんです<6E5C>.どうか、海を渡ってエゲレスに<6E5C>行く方法を教えてください!,,
dom3Saya_X05.mes,Script/dom3Saya_X05.mes,25,46,UNKNOWN_75,海を渡る方法?そうだな、鷹にぶ<6E5C>ら下がって連れて行ってもらったり<6E5C>、風に乗って飛んだりだな,,
dom3Saya_X05.mes,Script/dom3Saya_X05.mes,26,18,주인공,鷹?飛ぶ?<6E5C>お……俺には無理ですよ,,
dom3Saya_X05.mes,Script/dom3Saya_X05.mes,27,24,UNKNOWN_75,がはは!冗談だよ.<6E5C>おすすめは貿易船での密航だ,,
dom3Saya_X05.mes,Script/dom3Saya_X05.mes,28,5,주인공,密航!?,,
dom3Saya_X05.mes,Script/dom3Saya_X05.mes,29,22,UNKNOWN_75,俺は手形とか手に入れるの<6E5C>面倒だったからな,,
dom3Saya_X05.mes,Script/dom3Saya_X05.mes,30,56,주인공,そうか……昨日の朝、サヤさんが<6E5C>見てたのは手形だったんだ!<485C>あのときから、エゲレスに帰ると<6E5C>決めていたのか……,,
dom3Saya_X05.mes,Script/dom3Saya_X05.mes,31,25,주인공,どうしよう、今から取ってたんじゃ<6E5C>間に合わないよ,,
dom3Saya_X05.mes,Script/dom3Saya_X05.mes,32,28,UNKNOWN_75,おめぇ、今まで旅してたんなら<6E5C>持ってるんじゃないのか?,,
dom3Saya_X05.mes,Script/dom3Saya_X05.mes,33,12,주인공,はっ!そう言われれば!,,
dom3Saya_X05.mes,Script/dom3Saya_X05.mes,34,26,UNKNOWN_75,とんだ抜け作だなぁ.<6E5C>なんか知らねぇけど、頑張れよ,,
dom3Saya_X05.mes,Script/dom3Saya_X05.mes,35,15,주인공,はい、ありがとうございます!,,
dom3Saya_X05.mes,Script/dom3Saya_X05.mes,36,5,[효과음/내레이션],タタタッ,,
dom3Saya_X05.mes,Script/dom3Saya_X05.mes,37,42,주인공,はぁはぁ…….<6E5C>待っていろよ、サヤさん.必ずもう<6E5C>一度、この想いを伝えに行く……!,,
dom3Saya_X05.mes,Script/dom3Saya_X05.mes,38,4,[효과음/내레이션],ドンッ,,
dom3Saya_X05.mes,Script/dom3Saya_X05.mes,39,17,주인공,イテッ.すいません、急いでて……,,
dom3Saya_X05.mes,Script/dom3Saya_X05.mes,40,3,Ukyo,……,,
dom3Saya_X05.mes,Script/dom3Saya_X05.mes,41,22,주인공,右京さん!?<6E5C>ごめんなさい、大丈夫ですか?,,
dom3Saya_X05.mes,Script/dom3Saya_X05.mes,42,21,Ukyo,……サヤ殿のところへ、<6E5C>行くのであろう?,,
dom3Saya_X05.mes,Script/dom3Saya_X05.mes,43,12,주인공,そうですが、どうして?,,
dom3Saya_X05.mes,Script/dom3Saya_X05.mes,44,6,Ukyo,……これを,,
dom3Saya_X05.mes,Script/dom3Saya_X05.mes,45,12,주인공,花?これをサヤさんに?,,
dom3Saya_X05.mes,Script/dom3Saya_X05.mes,46,20,Ukyo,向日葵と<6E5C>寺過ごせし日々の<6E5C>寺思い抱き,,
dom3Saya_X05.mes,Script/dom3Saya_X05.mes,47,19,Ukyo,ただ君行くや<6E5C>寺かの女の元へ<6E5C>寺右京,,
dom3Saya_X05.mes,Script/dom3Saya_X05.mes,48,7,주인공,右京さん……,,
dom3Saya_X05.mes,Script/dom3Saya_X05.mes,49,10,Ukyo,……ぐっど、らっく,,
dom3Saya_X05.mes,Script/dom3Saya_X05.mes,50,9,주인공,え、なんですか?,,
dom3Saya_X05.mes,Script/dom3Saya_X05.mes,51,29,Ukyo,幸運を、……という意味だそうだ.<6E5C>……サヤ殿から教わった,,
dom3Saya_X05.mes,Script/dom3Saya_X05.mes,52,17,주인공,幸運を……ありがとうございます!,,
dom3Saya_X05.mes,Script/dom3Saya_X05.mes,53,5,[효과음/내레이션],タタタッ,,
dom3Saya_X05.mes,Script/dom3Saya_X05.mes,54,28,주인공,(はぁはぁ…….なんとか夕方まで<6E5C>には港につきそうだ),,
dom3Saya_X05.mes,Script/dom3Saya_X05.mes,55,8,UNKNOWN_1e,待てっ!<이름:3232>!,,
dom3Saya_X05.mes,Script/dom3Saya_X05.mes,56,24,주인공,狂エ門.のけ、お前の相手を<6E5C>しているヒマはない,,
dom3Saya_X05.mes,Script/dom3Saya_X05.mes,57,17,UNKNOWN_74,サヤさんのところなら行かせねぇぜ,,
dom3Saya_X05.mes,Script/dom3Saya_X05.mes,58,19,주인공,なぜそれを!<6E5C>……まさか、お前も!?,,
dom3Saya_X05.mes,Script/dom3Saya_X05.mes,59,8,UNKNOWN_74,抜けっ、<이름:3232>!,,
dom3Saya_X05.mes,Script/dom3Saya_X05.mes,60,27,주인공,勝った方がサヤさんのところに<6E5C>行けるということか……,,
dom3Saya_X05.mes,Script/dom3Saya_X05.mes,61,12,UNKNOWN_74,今日こそ決着をつける!,,
dom3Saya_X05.mes,Script/dom3Saya_X05.mes,62,49,주인공,まさかお前がそれほどの想いをサヤ<6E5C>さんにささげていたとはな…….<6E5C>ただのチンピラだと思っていたが,,
dom3Saya_X05.mes,Script/dom3Saya_X05.mes,63,49,UNKNOWN_74,なめるな!オレはこう見えても毎日<6E5C>寺子屋に通い、陰ながらサヤさんを<6E5C>見てきたんだぞ!ずっとな……,,
dom3Saya_X05.mes,Script/dom3Saya_X05.mes,64,25,UNKNOWN_74,ポッと出のテメェなんかに<6E5C>負けられネェんだよッ!,,
dom3Saya_X05.mes,Script/dom3Saya_X05.mes,65,34,주인공,知らなかった…….<6E5C>意外に純情なんだな.<6E5C>なら、この勝負も必然……,,
dom3Saya_X05.mes,Script/dom3Saya_X05.mes,66,5,[효과음/내레이션],シャラ…,,
dom3Saya_X05.mes,Script/dom3Saya_X05.mes,67,5,UNKNOWN_74,行くぜっ,,
dom3Saya_X05.mes,Script/dom3Saya_X05.mes,68,5,주인공,来いっ!,,
dom3Saya_X05.mes,Script/dom3Saya_X05.mes,69,3,[효과음/내레이션],ダッ,,
dom3Saya_X05.mes,Script/dom3Saya_X05.mes,70,6,[효과음/내레이션],キィーン!,,
dom3Saya_X05.mes,Script/dom3Saya_X05.mes,71,5,[효과음/내레이션],ギリリッ,,
dom3Saya_X05.mes,Script/dom3Saya_X05.mes,72,8,UNKNOWN_74,く……、やるな,,
dom3Saya_X05.mes,Script/dom3Saya_X05.mes,73,5,주인공,お前もな,,
dom3Saya_X05.mes,Script/dom3Saya_X05.mes,74,4,[효과음/내레이션],キーン,,
dom3Saya_X05.mes,Script/dom3Saya_X05.mes,75,4,[효과음/내레이션],キーン,,
dom3Saya_X05.mes,Script/dom3Saya_X05.mes,76,7,[효과음/내레이션],ギリリッ……,,
dom3Saya_X05.mes,Script/dom3Saya_X05.mes,77,26,주인공,(力はほぼ互角…….<6E5C>このままでは勝負がつかない),,
dom3Saya_X05.mes,Script/dom3Saya_X05.mes,78,19,주인공,(ならばこちらから仕掛けるまで!<6E5C>),,
dom3Saya_X05.mes,Script/dom3Saya_X05.mes,79,5,주인공,セイッ!,,
dom3Saya_X05.mes,Script/dom3Saya_X05.mes,80,6,[효과음/내레이션],カッキーン,,
dom3Saya_X05.mes,Script/dom3Saya_X05.mes,81,4,UNKNOWN_74,うわっ,,
dom3Saya_X05.mes,Script/dom3Saya_X05.mes,82,6,주인공,……今だ!,,
dom3Saya_X05.mes,Script/dom3Saya_X05.mes,83,5,[효과음/내레이션],ザシュッ,,
dom3Saya_X05.mes,Script/dom3Saya_X05.mes,84,13,UNKNOWN_74,なんだとぉ!うわぁぁ……,,
dom3Saya_X05.mes,Script/dom3Saya_X05.mes,85,17,UNKNOWN_74,くそぉ、オレ様が負けるなんて……,,
dom3Saya_X05.mes,Script/dom3Saya_X05.mes,86,12,주인공,悪いが、行かせてもらう,,
dom3Saya_X05.mes,Script/dom3Saya_X05.mes,87,10,UNKNOWN_74,く……、止めを刺せ,,
dom3Saya_X05.mes,Script/dom3Saya_X05.mes,88,16,주인공,……急所は外してある.さらばっ,,
dom3Saya_X05.mes,Script/dom3Saya_X05.mes,89,19,주인공,(ならばこちらから仕掛けるまで!<6E5C>),,
dom3Saya_X05.mes,Script/dom3Saya_X05.mes,90,5,주인공,テイッ!,,
dom3Saya_X05.mes,Script/dom3Saya_X05.mes,91,4,[효과음/내레이션],ガキッ,,
dom3Saya_X05.mes,Script/dom3Saya_X05.mes,92,4,UNKNOWN_74,何っ?,,
dom3Saya_X05.mes,Script/dom3Saya_X05.mes,93,6,주인공,……今だ!,,
dom3Saya_X05.mes,Script/dom3Saya_X05.mes,94,6,[효과음/내레이션],パッキーン,,
dom3Saya_X05.mes,Script/dom3Saya_X05.mes,95,10,주인공,か、刀が折れた!?,,
dom3Saya_X05.mes,Script/dom3Saya_X05.mes,96,7,UNKNOWN_74,もらったぁ!,,
dom3Saya_X05.mes,Script/dom3Saya_X05.mes,97,7,주인공,ま、待てっ!,,
dom3Saya_X05.mes,Script/dom3Saya_X05.mes,98,4,[효과음/내레이션],ザシュ,,
dom3Saya_X05.mes,Script/dom3Saya_X05.mes,99,32,주인공,ウワァァァ!<6E5C>そんな、サヤさんに告げられず<6E5C>死ぬなんて……無念,,
dom3Saya_X05.mes,Script/dom3Saya_X05.mes,100,36,주인공,(はぁはぁ…….<6E5C>ずいぶんと時間をくってしまった.<6E5C>間に合ってくれ!),,
dom3Saya_X05.mes,Script/dom3Saya_X05.mes,101,21,주인공,あ、サヤさん、見つけた!<6E5C>サヤさーん!!,,
dom3Saya_X05.mes,Script/dom3Saya_X05.mes,102,16,Saya,<이름:3232>ちゃん.どうしてここへ!?,,
dom3Saya_X05.mes,Script/dom3Saya_X05.mes,103,23,주인공,俺、まだサヤさんに伝えてないこと<6E5C>があるから,,
dom3Saya_X05.mes,Script/dom3Saya_X05.mes,104,35,Saya,昨日のこと?だったらもう答えたワ.<6E5C>優しさや同情なんかで、ワタシ……,,
dom3Saya_X05.mes,Script/dom3Saya_X05.mes,105,28,주인공,違う、サヤさんは誤解している.<6E5C>俺はサヤさんだけを……,,
dom3Saya_X05.mes,Script/dom3Saya_X05.mes,106,13,[선택지],好きなんだあい、らぶ、ゆぅ,,
dom3Saya_X05.mes,Script/dom3Saya_X05.mes,107,35,주인공,真剣に好きなんだ.<6E5C>サヤさんにだけだ、<6E5C>こんな気持ちを持ってるのは!,,
dom3Saya_X05.mes,Script/dom3Saya_X05.mes,108,33,Saya,……そう.<6E5C>でもそれは一時の気の迷いヨ.<6E5C>ワタシはイイ女だからネ,,
dom3Saya_X05.mes,Script/dom3Saya_X05.mes,109,34,주인공,サヤさんはとびっきりのいい女だよ<6E5C>.でも、気の迷いなんかじゃない!,,
dom3Saya_X05.mes,Script/dom3Saya_X05.mes,110,13,주인공,あい、ららぶ、ゆぅ、だ!,,
dom3Saya_X05.mes,Script/dom3Saya_X05.mes,111,23,Saya,それを言うなら<6E5C>I<020A>1○Ve<020A>ヤ○u<6E5C>でしょ,,
dom3Saya_X05.mes,Script/dom3Saya_X05.mes,112,51,주인공,サヤさん覚えてる?<6E5C>俺が一番始めにサヤさんの授業で<6E5C>教わった言葉だよ<485C>俺はその頃からサヤさんのことを,,
dom3Saya_X05.mes,Script/dom3Saya_X05.mes,113,8,Saya,<이름:3232>ちゃん……,,
dom3Saya_X05.mes,Script/dom3Saya_X05.mes,114,26,Saya,でもネ、ワタシはもうイギリスに<6E5C>帰るのヨ.決めたノ,,
dom3Saya_X05.mes,Script/dom3Saya_X05.mes,115,7,[선택지],俺も行く行くな,,
dom3Saya_X05.mes,Script/dom3Saya_X05.mes,116,35,주인공,サヤさんが急に帰るのには訳が<6E5C>あるんでしょう?<6E5C>俺もいっしょに行く!,,
dom3Saya_X05.mes,Script/dom3Saya_X05.mes,117,8,Saya,困った子ネ……,,
dom3Saya_X05.mes,Script/dom3Saya_X05.mes,118,49,Saya,<이름:3232>ちゃんたちが教えてくれたのよ<6E5C>.死んだ人は見守ってくれている<6E5C>から、お莖参りをしないと、って,,
dom3Saya_X05.mes,Script/dom3Saya_X05.mes,119,32,Saya,ワタシはママのお莖に行って、<6E5C>あの日言えなかった言葉を伝えるの,,
dom3Saya_X05.mes,Script/dom3Saya_X05.mes,120,40,주인공,だったらなおさら俺も行かないと!<6E5C>サヤさんのお母さんに、<6E5C>俺もあいさつするよ!,,
dom3Saya_X05.mes,Script/dom3Saya_X05.mes,121,14,Saya,アラ、何をあいさつするの?,,
dom3Saya_X05.mes,Script/dom3Saya_X05.mes,122,14,주인공,そ、そりゃ……、いろいろと,,
dom3Saya_X05.mes,Script/dom3Saya_X05.mes,123,24,주인공,行くな、サヤさん.<6E5C>ここでずっと一緒に募らそう,,
dom3Saya_X05.mes,Script/dom3Saya_X05.mes,124,8,Saya,困った子ネ……,,
dom3Saya_X05.mes,Script/dom3Saya_X05.mes,125,50,Saya,<이름:3232>ちゃんたちが教えて<6E5C>くれたのよ<485C>死んだ人は見守ってくれて<6E5C>いるから、お莖参りをしないと、<6E5C>って,,
dom3Saya_X05.mes,Script/dom3Saya_X05.mes,126,33,Saya,ワタシはママのお莖に行って、<6E5C>あの日言えなかった言葉を<6E5C>伝えるの,,
dom3Saya_X05.mes,Script/dom3Saya_X05.mes,127,22,주인공,だったら、<6E5C>俺がいっしょにエゲレスに行くよ,,
dom3Saya_X05.mes,Script/dom3Saya_X05.mes,128,41,Saya,簡単に言うけど、遠い外国の地で<6E5C>募らすのは、アナタが思っている<6E5C>ほど楽じゃないワ,,
dom3Saya_X05.mes,Script/dom3Saya_X05.mes,129,56,Saya,もう一生、両親や友達と<6E5C>会えないかもしれないし<485C>それに、世の中には肌の色の違う<6E5C>人間を受け入れない人もいるのヨ,,
dom3Saya_X05.mes,Script/dom3Saya_X05.mes,130,26,[선택지],サヤさんがいればそれでいいサヤさんがいない方がつらい,,
dom3Saya_X05.mes,Script/dom3Saya_X05.mes,131,26,주인공,サヤさんがいれば、<6E5C>何も怖いことなんてありません!,,
dom3Saya_X05.mes,Script/dom3Saya_X05.mes,132,60,Saya,アナタはわかってないワ<485C>アナタには、アナタを大事に思って<6E5C>くれている人がたくさんいる.<6E5C>それを捨てて行ってはいけないワ,,
dom3Saya_X05.mes,Script/dom3Saya_X05.mes,133,13,주인공,……でも、サヤさんだって,,
dom3Saya_X05.mes,Script/dom3Saya_X05.mes,134,59,Saya,そうね、去ろうとするワタシに<6E5C>言えたことではないわ<485C>でも、アナタはこの国が<6E5C>生んでくれた人間.<6E5C>ワタシは違うのよ……,,
dom3Saya_X05.mes,Script/dom3Saya_X05.mes,135,59,주인공,それは、寂しくないって言ったら<6E5C>嘘になるし、不安だってあります<485C>でも、俺にはサヤさんがいない<6E5C>ことの方がつらいんです,,
dom3Saya_X05.mes,Script/dom3Saya_X05.mes,136,41,Saya,そう……ワタシと同じネ.<6E5C>ワタシもこの町のみんなよりも、<6E5C>ママを選んだわけだもの,,
dom3Saya_X05.mes,Script/dom3Saya_X05.mes,137,19,주인공,俺の気持ち、<6E5C>わかってもらえましたか,,
dom3Saya_X05.mes,Script/dom3Saya_X05.mes,138,6,Saya,……ソウネ,,
dom3Saya_X05.mes,Script/dom3Saya_X05.mes,139,21,Saya,でも<이름:3232>ちゃん、<6E5C>忘れていることがあるわ,,
dom3Saya_X05.mes,Script/dom3Saya_X05.mes,140,3,주인공,え?,,
dom3Saya_X05.mes,Script/dom3Saya_X05.mes,141,50,Saya,ワタシは暗殺者の娘…….<6E5C>恨んでいる人間がたくさん<6E5C>いるのよ<485C>帰れば、命を狙われるかも<6E5C>しれないの,,
dom3Saya_X05.mes,Script/dom3Saya_X05.mes,142,3,주인공,えっ,,
dom3Saya_X05.mes,Script/dom3Saya_X05.mes,143,34,Saya,そばにいれば、<이름:3232>ちゃんに<6E5C>だって危険が及ぶわ.<6E5C>それでもいいの?,,
dom3Saya_X05.mes,Script/dom3Saya_X05.mes,144,18,[선택지],ならばなおさらサヤさんといっしょなら,,
dom3Saya_X05.mes,Script/dom3Saya_X05.mes,145,33,주인공,ならばなおさら、ひとりで<6E5C>行かせられない.<6E5C>俺がサヤさんを守る!,,
dom3Saya_X05.mes,Script/dom3Saya_X05.mes,146,30,Saya,ワタシ、守られるほど弱くないワヨ<6E5C>.<이름:3232>ちゃんより強いかも,,
dom3Saya_X05.mes,Script/dom3Saya_X05.mes,147,59,주인공,むっ…….<6E5C>だったら旅の間にサヤさんより<6E5C>強くなって、守ります!<485C>サヤさんも言ってたじゃ<6E5C>ないですか、旅はイイって!,,
dom3Saya_X05.mes,Script/dom3Saya_X05.mes,148,6,Saya,そうネ……,,
dom3Saya_X05.mes,Script/dom3Saya_X05.mes,149,30,주인공,サヤさんといっしょなら、<6E5C>何が起きても怖くなんてありません,,
dom3Saya_X05.mes,Script/dom3Saya_X05.mes,150,28,Saya,チョット、<이름:3232>ちゃん.<6E5C>いつまでも甘えるんじゃないワヨ,,
dom3Saya_X05.mes,Script/dom3Saya_X05.mes,151,37,주인공,そういう意味じゃなくて.<6E5C>サヤさん言ってたじゃないですか、<6E5C>旅はイイって,,
dom3Saya_X05.mes,Script/dom3Saya_X05.mes,152,11,Saya,それはそうだけど……,,
dom3Saya_X05.mes,Script/dom3Saya_X05.mes,153,14,주인공,そうだ、これを忘れてました,,
dom3Saya_X05.mes,Script/dom3Saya_X05.mes,154,14,Saya,これは……、右京先生の花?,,
dom3Saya_X05.mes,Script/dom3Saya_X05.mes,155,23,[선택지],俺はずっとあきらめません俺はずっと愛し続けます,,
dom3Saya_X05.mes,Script/dom3Saya_X05.mes,156,41,주인공,俺は右京さんのようにあきらめ<6E5C>ません.ずっとサヤさんを<6E5C>想い続けて、追いかけます,,
dom3Saya_X05.mes,Script/dom3Saya_X05.mes,157,45,주인공,俺は右京さんのように、いや<6E5C>右京さんよりもずっと深く長く、<6E5C>サヤさんのことを愛し続けます,,
dom3Saya_X05.mes,Script/dom3Saya_X05.mes,158,8,Saya,<이름:3232>ちゃん……,,
dom3Saya_X05.mes,Script/dom3Saya_X05.mes,159,21,Saya,ゴメンネ.<6E5C>やっぱりアナタとは行けないワ,,
dom3Saya_X05.mes,Script/dom3Saya_X05.mes,160,22,Saya,だって、アナタには待っている人が<6E5C>いるもの,,
dom3Saya_X05.mes,Script/dom3Saya_X05.mes,161,3,주인공,え?,,
dom3Saya_X05.mes,Script/dom3Saya_X05.mes,162,32,Saya,サヨナラ、カワイイ人.<6E5C>またいつかどこかで出会えると<6E5C>イイわね,,
dom3Saya_X05.mes,Script/dom3Saya_X05.mes,163,4,[효과음/내레이션],タタッ,,
dom3Saya_X05.mes,Script/dom3Saya_X05.mes,164,7,주인공,サヤさんっ!,,
dom3Saya_X05.mes,Script/dom3Saya_X05.mes,165,13,UNKNOWN_1e,ゼェゼェ……待てぇ、<이름:3232>,,
dom3Saya_X05.mes,Script/dom3Saya_X05.mes,166,5,주인공,狂エ門!,,
dom3Saya_X05.mes,Script/dom3Saya_X05.mes,167,11,UNKNOWN_74,勝ち逃げは許さねぇぞ,,
dom3Saya_X05.mes,Script/dom3Saya_X05.mes,168,11,주인공,不死身か、お前は!?,,
dom3Saya_X05.mes,Script/dom3Saya_X05.mes,169,7,UNKNOWN_74,死ねェェ~!,,
dom3Saya_X05.mes,Script/dom3Saya_X05.mes,170,6,[효과음/내레이션],ざくぅっ!,,
dom3Saya_X05.mes,Script/dom3Saya_X05.mes,171,7,주인공,ぐあぁぁぁ~,,
dom3Saya_X05.mes,Script/dom3Saya_X05.mes,172,13,주인공,(こ、ここまで来て……),,
dom3Saya_ending1.mes,Script/dom3Saya_ending1.mes,0,28,Saya,アリガトウ……<이름:3232>ちゃんの<6E5C>気持ち、しっかりと届いたわ,,
dom3Saya_ending1.mes,Script/dom3Saya_ending1.mes,1,10,주인공,伝わりましたか……,,
dom3Saya_ending1.mes,Script/dom3Saya_ending1.mes,2,8,Saya,ホラ、急いで!,,
dom3Saya_ending1.mes,Script/dom3Saya_ending1.mes,3,3,주인공,え?,,
dom3Saya_ending1.mes,Script/dom3Saya_ending1.mes,4,21,Saya,早く乗らないと、<6E5C>船が出ちゃうじゃない!,,
dom3Saya_ending1.mes,Script/dom3Saya_ending1.mes,5,7,주인공,サヤさん……,,
dom3Saya_ending1.mes,Script/dom3Saya_ending1.mes,6,45,Saya,ウウン、サーシャって呼んで.<6E5C>イギリスに帰るのなら、本当の<6E5C>名前で呼んでもわらないとネ!,,
dom3Saya_ending1.mes,Script/dom3Saya_ending1.mes,7,10,주인공,サ、サヤさん……!,,
dom3Saya_ending1.mes,Script/dom3Saya_ending1.mes,8,7,[효과음/내레이션],……ボー……,,
dom3Saya_ending1.mes,Script/dom3Saya_ending1.mes,9,10,Saya,船が……出るわ……,,
dom3Saya_ending1.mes,Script/dom3Saya_ending1.mes,10,12,주인공,……サヤさん、その服は,,
dom3Saya_ending1.mes,Script/dom3Saya_ending1.mes,11,51,Saya,フフッ、ずっと衣装箱にしまってい<6E5C>た服.もし再び帰ることがあるなら<6E5C>、これを着て帰ろうと決めていたの,,
dom3Saya_ending1.mes,Script/dom3Saya_ending1.mes,12,15,Saya,ママがくれた、大事な服ヨ……,,
dom3Saya_ending1.mes,Script/dom3Saya_ending1.mes,13,14,주인공,とても、似合ってますよ……,,
dom3Saya_ending1.mes,Script/dom3Saya_ending1.mes,14,8,Saya,……ありがとう,,
dom3Saya_ending1.mes,Script/dom3Saya_ending1.mes,15,9,주인공,サ、サーシャ……,,
dom3Saya_ending1.mes,Script/dom3Saya_ending1.mes,16,14,Saya,アナタの言葉、嬉しかったワ,,
dom3Saya_ending1.mes,Script/dom3Saya_ending1.mes,17,55,Saya,ワタシ、アナタのような人をずっと<6E5C>待っていたのかもしれない<485C>本当のワタシを見つけて、<6E5C>受け入れてくれる人……,,
dom3Saya_ending1.mes,Script/dom3Saya_ending1.mes,18,27,주인공,俺も、きっとサーシャのような人を<6E5C>ずっと探してたんだ,,
dom3Saya_ending1.mes,Script/dom3Saya_ending1.mes,19,22,Saya,ワタシたち、<6E5C>これからずっといっしょなのね,,
dom3Saya_ending1.mes,Script/dom3Saya_ending1.mes,20,31,주인공,ああ.だけど、凛花ちゃんには<6E5C>さみしい思いをさせてしまったな,,
dom3Saya_ending1.mes,Script/dom3Saya_ending1.mes,21,52,Saya,ダイジョウブよ.あの子ももう<6E5C>オトナにならないといけないわ<485C>そして、また笑顔で会える日を<6E5C>つくるの……,,
dom3Saya_ending1.mes,Script/dom3Saya_ending1.mes,22,22,주인공,そうですね…….<6E5C>また、三人で遊びましょう,,
dom3Saya_ending1.mes,Script/dom3Saya_ending1.mes,23,10,Saya,甘物屋巡りとかネ!,,
dom3Saya_ending1.mes,Script/dom3Saya_ending1.mes,24,11,주인공,また胸焼けしそうだな,,
dom3Saya_ending1.mes,Script/dom3Saya_ending1.mes,25,38,Saya,でもその前に、今はアナタとふたり<6E5C>だけで……ふたりっきりの時間が<6E5C>ほしいワ,,
dom3Saya_ending1.mes,Script/dom3Saya_ending1.mes,26,39,주인공,俺も、ふたりでサーシャの<6E5C>生まれた国を見たい.<6E5C>そして、世界中を旅したいです,,
dom3Saya_ending1.mes,Script/dom3Saya_ending1.mes,27,23,Saya,エエ.どこに行っても、<6E5C>ふたりはいっしょよ?,,
dom3Saya_ending1.mes,Script/dom3Saya_ending1.mes,28,27,주인공,もちろん、ふぉ、ふぉーえばぁに、<6E5C>とぅぎやざぁ~です,,
dom3Saya_ending1.mes,Script/dom3Saya_ending1.mes,29,42,Saya,フフ!もっとイギリス語を勉強し<6E5C>ないとダメね.アタシがすべて<6E5C>教えてアゲル……ネ★,,
dom3Saya_ending1.mes,Script/dom3Saya_ending1.mes,30,6,주인공,は、はいぃ,,
dom3Saya_ending1.mes,Script/dom3Saya_ending1.mes,31,20,UNKNOWN_0x6d,お疲れ様!<6E5C>少しは楽しんでくれたかな?,,
dom3Saya_ending1.mes,Script/dom3Saya_ending1.mes,32,12,UNKNOWN_6d,……あ!<6E5C>いっけない!,,
dom3Saya_ending1.mes,Script/dom3Saya_ending1.mes,33,6,[효과음/내레이션],ドロンッ!,,
dom3Saya_ending1.mes,Script/dom3Saya_ending1.mes,34,44,Shino,こんぷりーと、おめでとう!<6E5C>今度むささび屋に来たら、善哉<6E5C>いっぱい食べさせてあげるね!,,
dom3Saya_ending1.mes,Script/dom3Saya_ending1.mes,35,5,Shino,せーのっ,,
dom3Saya_ending1.mes,Script/dom3Saya_ending1.mes,36,22,UNKNOWN_1d,わたしたちをみつけてくれて、<6E5C>ありがとう!,,
