file,rel_path,block,n_tokens,speaker,source,ai_draft,translation
dom3Mina_L01.mes,Script/dom3Mina_L01.mes,0,5,[효과음/내레이션],ガヤガヤ,,
dom3Mina_L01.mes,Script/dom3Mina_L01.mes,1,19,주인공,(なんだ?妙に騒がしいようだけど<6E5C>),,
dom3Mina_L01.mes,Script/dom3Mina_L01.mes,2,21,UNKNOWN_28,・おい見ろよ、ありゃ異国者じゃ<6E5C>ねぇか?,,
dom3Mina_L01.mes,Script/dom3Mina_L01.mes,3,29,Hotaru,:おう、間違いねぇ.なんだって<6E5C>こんなとこにいやがるんだ,,
dom3Mina_L01.mes,Script/dom3Mina_L01.mes,4,17,UNKNOWN_20,?しっしっ、とっとと消えやがれ!,,
dom3Mina_L01.mes,Script/dom3Mina_L01.mes,5,6,주인공,あれは……,,
dom3Mina_L01.mes,Script/dom3Mina_L01.mes,6,16,주인공,(ミナとチャンプルじゃないか),,
dom3Mina_L01.mes,Script/dom3Mina_L01.mes,7,49,주인공,(そうか……異国の人間だから、<6E5C>奇異なものを見る視線にさらされて<6E5C>いるんだな.かわいそうに……),,
dom3Mina_L01.mes,Script/dom3Mina_L01.mes,8,15,[선택지],ミナに話しかける町人をいさめる,,
dom3Mina_L01.mes,Script/dom3Mina_L01.mes,9,15,주인공,おーい、ミナ、チャンプルー!,,
dom3Mina_L01.mes,Script/dom3Mina_L01.mes,10,3,Mina,……,,
dom3Mina_L01.mes,Script/dom3Mina_L01.mes,11,33,주인공,今日はふたりで買い物か?<6E5C>よかったら俺も連れていって<6E5C>くれないか,,
dom3Mina_L01.mes,Script/dom3Mina_L01.mes,12,14,Mina,……わたしに、近寄らないで,,
dom3Mina_L01.mes,Script/dom3Mina_L01.mes,13,11,주인공,まぁそう言わずに……,,
dom3Mina_L01.mes,Script/dom3Mina_L01.mes,14,17,Mina,きらい、キライ、みんな大ッ嫌い!,,
dom3Mina_L01.mes,Script/dom3Mina_L01.mes,15,4,[효과음/내레이션],タタッ,,
dom3Mina_L01.mes,Script/dom3Mina_L01.mes,16,4,UNKNOWN_7b,ミナー,,
dom3Mina_L01.mes,Script/dom3Mina_L01.mes,17,3,[효과음/내레이션],タッ,,
dom3Mina_L01.mes,Script/dom3Mina_L01.mes,18,12,주인공,あ~行ってしまった……,,
dom3Mina_L01.mes,Script/dom3Mina_L01.mes,19,24,UNKNOWN_2e,・おい、この野郎、あの女の仲間じゃ<6E5C>ねぇのか?,,
dom3Mina_L01.mes,Script/dom3Mina_L01.mes,20,17,UNKNOWN_20,:ああ.ここらじゃ見ねぇ面だしな,,
dom3Mina_L01.mes,Script/dom3Mina_L01.mes,21,33,주인공,あ、あれ、もしかして俺まで<6E5C>奇異な目で見られてる?<6E5C>参ったな……,,
dom3Mina_L01.mes,Script/dom3Mina_L01.mes,22,42,주인공,そのへんにしておくんだな.<6E5C>大の大人が若いおなごを相手に、<6E5C>ほめられたものじゃない,,
dom3Mina_L01.mes,Script/dom3Mina_L01.mes,23,27,UNKNOWN_34,・あぁん!?なんだてめぇ!<6E5C>てめぇもこの女の仲間か!,,
dom3Mina_L01.mes,Script/dom3Mina_L01.mes,24,37,Goenitz,:ここらじゃ見ねぇ面だな.<6E5C>余計な口出ししやがると<6E5C>ただじゃすまねぇぞ!,,
dom3Mina_L01.mes,Script/dom3Mina_L01.mes,25,33,주인공,俺はただ、見苦しいまねはやめて<6E5C>おいたほうがいいと言ってるだけだ,,
dom3Mina_L01.mes,Script/dom3Mina_L01.mes,26,21,UNKNOWN_28,・言わせておけばこの野郎!<6E5C>やっちまえ!,,
dom3Mina_L01.mes,Script/dom3Mina_L01.mes,27,5,Kasumi,:おう!,,
dom3Mina_L01.mes,Script/dom3Mina_L01.mes,28,4,[효과음/내레이션],ドカッ、,,
dom3Mina_L01.mes,Script/dom3Mina_L01.mes,29,5,[효과음/내레이션],バキッ!,,
dom3Mina_L01.mes,Script/dom3Mina_L01.mes,30,6,Kaidou,・うわー!,,
dom3Mina_L01.mes,Script/dom3Mina_L01.mes,31,15,UNKNOWN_1c,:て、てめぇ、覚えてやがれ!,,
dom3Mina_L01.mes,Script/dom3Mina_L01.mes,32,6,[효과음/내레이션],タタッ……,,
dom3Mina_L01.mes,Script/dom3Mina_L01.mes,33,20,주인공,やれやれ、困った人たちだ.<6E5C>……あれ?,,
dom3Mina_L01.mes,Script/dom3Mina_L01.mes,34,43,주인공,ミナとチャンプルがいない……<6E5C>どこかへ行ってしまったかな?<6E5C>働き損ってやつか……ふぅ,,
dom3Mina_L02.mes,Script/dom3Mina_L02.mes,0,7,[효과음/내레이션],パシャパシャ,,
dom3Mina_L02.mes,Script/dom3Mina_L02.mes,1,10,주인공,(ん?水の音……),,
dom3Mina_L02.mes,Script/dom3Mina_L02.mes,2,7,UNKNOWN_7b,ミナーミナー,,
dom3Mina_L02.mes,Script/dom3Mina_L02.mes,3,17,Mina,フフ、チャンプル、ここまでおいで,,
dom3Mina_L02.mes,Script/dom3Mina_L02.mes,4,29,주인공,(水辺でたわむれる美女と野獣か…<6E5C>…なかなか絵になるな),,
dom3Mina_L02.mes,Script/dom3Mina_L02.mes,5,6,UNKNOWN_7b,!<020A>ミナー,,
dom3Mina_L02.mes,Script/dom3Mina_L02.mes,6,4,Mina,誰!?,,
dom3Mina_L02.mes,Script/dom3Mina_L02.mes,7,35,주인공,(ま、まずいぞ!<6E5C>今見つかったらまた覗いてたと<6E5C>勘違いされてしまう),,
dom3Mina_L02.mes,Script/dom3Mina_L02.mes,8,38,주인공,(ここはごまかすか……しかし<6E5C>ばれると余計まずいことに……<6E5C>どうする!?),,
dom3Mina_L02.mes,Script/dom3Mina_L02.mes,9,17,[선택지],正直に名乗り出る猫の鳴きまねをする,,
dom3Mina_L02.mes,Script/dom3Mina_L02.mes,10,21,[선택지],M<0001><0000><002C><001E><0002>(ええい、ここは男らしく!),,
dom3Mina_L02.mes,Script/dom3Mina_L02.mes,11,3,[효과음/내레이션],ザッ,,
dom3Mina_L02.mes,Script/dom3Mina_L02.mes,12,5,주인공,お、俺だ,,
dom3Mina_L02.mes,Script/dom3Mina_L02.mes,13,14,주인공,(こ、声が裏返った……!),,
dom3Mina_L02.mes,Script/dom3Mina_L02.mes,14,41,Mina,……どうしてそっとしておいて<6E5C>くれないの.どうしてわたしたちの<6E5C>邪魔をするの……,,
dom3Mina_L02.mes,Script/dom3Mina_L02.mes,15,21,주인공,い、いや、俺は決してそんなつもり<6E5C>は……,,
dom3Mina_L02.mes,Script/dom3Mina_L02.mes,16,15,Mina,……もう関わらないで.お願い,,
dom3Mina_L02.mes,Script/dom3Mina_L02.mes,17,8,주인공,俺はそんな……,,
dom3Mina_L02.mes,Script/dom3Mina_L02.mes,18,3,[효과음/내레이션],ザッ,,
dom3Mina_L02.mes,Script/dom3Mina_L02.mes,19,10,Mina,……っ!こないで!,,
dom3Mina_L02.mes,Script/dom3Mina_L02.mes,20,11,주인공,お、おい、冗談だろ?,,
dom3Mina_L02.mes,Script/dom3Mina_L02.mes,21,6,UNKNOWN_7b,ミナー……,,
dom3Mina_L02.mes,Script/dom3Mina_L02.mes,22,12,Mina,どうして……みんな……,,
dom3Mina_L02.mes,Script/dom3Mina_L02.mes,23,8,[효과음/내레이션],ジリ、ジリ……,,
dom3Mina_L02.mes,Script/dom3Mina_L02.mes,24,35,주인공,わ、わかった.俺が悪かった.<6E5C>この場は去るから、<6E5C>その矢を納めて……,,
dom3Mina_L02.mes,Script/dom3Mina_L02.mes,25,13,Mina,わたしを怒らせないでっ!,,
dom3Mina_L02.mes,Script/dom3Mina_L02.mes,26,7,[효과음/내레이션],バシュッ!!,,
dom3Mina_L02.mes,Script/dom3Mina_L02.mes,27,23,주인공,うわぁぁぁぁっ!<6E5C>わかった、もう行くよっ!!,,
dom3Mina_L02.mes,Script/dom3Mina_L02.mes,28,4,[효과음/내레이션],ダダッ,,
dom3Mina_L02.mes,Script/dom3Mina_L02.mes,29,16,주인공,ま、まさかほんとに撃つとは……,,
dom3Mina_L02.mes,Script/dom3Mina_L02.mes,30,32,UNKNOWN_29,F<0000><0000><0000><0000><0000><003C><002E><0002>(こ、これ以上嫌われるのは<6E5C>かなわん……!),,
dom3Mina_L02.mes,Script/dom3Mina_L02.mes,31,4,주인공,ニャ~,,
dom3Mina_L02.mes,Script/dom3Mina_L02.mes,32,3,[효과음/내레이션],……,,
dom3Mina_L02.mes,Script/dom3Mina_L02.mes,33,6,Mina,……マヤー,,
dom3Mina_L02.mes,Script/dom3Mina_L02.mes,34,4,UNKNOWN_7b,ミナー,,
dom3Mina_L02.mes,Script/dom3Mina_L02.mes,35,21,Mina,だいじょうぶ、チャンプル.<6E5C>誰もいないわ,,
dom3Mina_L02.mes,Script/dom3Mina_L02.mes,36,15,주인공,(ほっ……ごまかせたか……),,
dom3Mina_L02.mes,Script/dom3Mina_L02.mes,37,13,Mina,行きましょう、チャンプル,,
dom3Mina_L02.mes,Script/dom3Mina_L02.mes,38,20,주인공,(はぁ……こそこそと情けないな、<6E5C>俺),,
dom3Mina_L03.mes,Script/dom3Mina_L03.mes,0,16,주인공,(今日はミナはいないのか……),,
dom3Mina_L03.mes,Script/dom3Mina_L03.mes,1,9,UNKNOWN_1e,ちゅーうがなびら,,
dom3Mina_L03.mes,Script/dom3Mina_L03.mes,2,16,주인공,ん?おぉ、チャンプルじゃないか,,
dom3Mina_L03.mes,Script/dom3Mina_L03.mes,3,6,UNKNOWN_7b,じゃ~まー,,
dom3Mina_L03.mes,Script/dom3Mina_L03.mes,4,19,주인공,なんだ?<6E5C>何か言ってるようだけど……,,
dom3Mina_L03.mes,Script/dom3Mina_L03.mes,5,17,[선택지],遊んでほしいのか?困っているのか?,,
dom3Mina_L03.mes,Script/dom3Mina_L03.mes,6,27,주인공,そうか!遊んでほしいんだな!<6E5C>よし、何をして遊ぼうか,,
dom3Mina_L03.mes,Script/dom3Mina_L03.mes,7,7,UNKNOWN_7b,わじわじー!,,
dom3Mina_L03.mes,Script/dom3Mina_L03.mes,8,4,[효과음/내레이션],タタッ,,
dom3Mina_L03.mes,Script/dom3Mina_L03.mes,9,9,주인공,あ、おい、こら!,,
dom3Mina_L03.mes,Script/dom3Mina_L03.mes,10,28,주인공,(行ってしまった……どうも怒らせ<6E5C>てしまったようだな),,
dom3Mina_L03.mes,Script/dom3Mina_L03.mes,11,14,주인공,どうした、困っているのか?,,
dom3Mina_L03.mes,Script/dom3Mina_L03.mes,12,7,UNKNOWN_7b,ミナーミナー,,
dom3Mina_L03.mes,Script/dom3Mina_L03.mes,13,29,주인공,ミナを探しているのか?<6E5C>よし、俺がいっしょに探してやろう,,
dom3Mina_L03.mes,Script/dom3Mina_L03.mes,14,9,UNKNOWN_7b,にふぇーでーびる,,
dom3Mina_L03.mes,Script/dom3Mina_L03.mes,15,25,주인공,お、礼を言ってるのか?<6E5C>ははは、お前はかわいいな,,
dom3Mina_L03.mes,Script/dom3Mina_L03.mes,16,3,[효과음/내레이션],ザッ,,
dom3Mina_L03.mes,Script/dom3Mina_L03.mes,17,7,Mina,チャンプル!,,
dom3Mina_L03.mes,Script/dom3Mina_L03.mes,18,7,UNKNOWN_7b,ミナーミナー,,
dom3Mina_L03.mes,Script/dom3Mina_L03.mes,19,4,[효과음/내레이션],タタッ,,
dom3Mina_L03.mes,Script/dom3Mina_L03.mes,20,15,주인공,ははは、よかったなチャンプル,,
dom3Mina_L03.mes,Script/dom3Mina_L03.mes,21,29,Mina,……どうして、あなたがチャンプル<6E5C>といっしょにいるの……,,
dom3Mina_L03.mes,Script/dom3Mina_L03.mes,22,38,주인공,どうもはぐれて困っているよう<6E5C>だったから、いっしょにミナを<6E5C>探していたんだ,,
dom3Mina_L03.mes,Script/dom3Mina_L03.mes,23,13,Mina,……そう.ありがとう……,,
dom3Mina_L03.mes,Script/dom3Mina_L03.mes,24,4,[효과음/내레이션],プイッ,,
dom3Mina_L03.mes,Script/dom3Mina_L03.mes,25,35,주인공,なんだなんだ.<6E5C>感謝するならもっとこう、<6E5C>かわいらしく笑ってだな……,,
dom3Mina_L03.mes,Script/dom3Mina_L03.mes,26,12,주인공,(はぁ……まぁいいか),,
dom3Mina_L04.mes,Script/dom3Mina_L04.mes,0,4,[효과음/내레이션],ガサッ,,
dom3Mina_L04.mes,Script/dom3Mina_L04.mes,1,19,주인공,(ん?あれは……<6E5C>狂エ門じゃないか),,
dom3Mina_L04.mes,Script/dom3Mina_L04.mes,2,11,주인공,(何を見てるんだ?),,
dom3Mina_L04.mes,Script/dom3Mina_L04.mes,3,11,주인공,(あ、あれはミナ!),,
dom3Mina_L04.mes,Script/dom3Mina_L04.mes,4,28,주인공,(狂エ門の奴、<6E5C>のぞきをやってるのか!<6E5C>けしからん!),,
dom3Mina_L04.mes,Script/dom3Mina_L04.mes,5,10,[선택지],声を荒げる優しく諭す,,
dom3Mina_L04.mes,Script/dom3Mina_L04.mes,6,14,[선택지],M<0001><0000><001C><0010><0002>こら、狂エ門!,,
dom3Mina_L04.mes,Script/dom3Mina_L04.mes,7,2,UNKNOWN_74,!,,
dom3Mina_L04.mes,Script/dom3Mina_L04.mes,8,36,주인공,お前という奴は……見下げ果てた<6E5C>奴だな.こそこそ女人をのぞく<6E5C>とは……,,
dom3Mina_L04.mes,Script/dom3Mina_L04.mes,9,16,UNKNOWN_74,ば、馬鹿野郎!静かにしろ……!,,
dom3Mina_L04.mes,Script/dom3Mina_L04.mes,10,4,[효과음/내레이션],ザザッ,,
dom3Mina_L04.mes,Script/dom3Mina_L04.mes,11,2,Mina,!,,
dom3Mina_L04.mes,Script/dom3Mina_L04.mes,12,21,UNKNOWN_74,ほら見ろ!<6E5C>見つかっちまったじゃねぇか!,,
dom3Mina_L04.mes,Script/dom3Mina_L04.mes,13,31,주인공,ミナ、安心しろ.こいつは俺が<6E5C>止めておくから……って、ミナ?,,
dom3Mina_L04.mes,Script/dom3Mina_L04.mes,14,7,[효과음/내레이션],キリキリ……,,
dom3Mina_L04.mes,Script/dom3Mina_L04.mes,15,33,UNKNOWN_74,お、おい!あいつ弓を構えてるぞ!<6E5C>まさか、俺たちを撃つつもりか?,,
dom3Mina_L04.mes,Script/dom3Mina_L04.mes,16,22,주인공,俺たち、じゃない.<6E5C>撃たれるのはお前だけだ,,
dom3Mina_L04.mes,Script/dom3Mina_L04.mes,17,24,UNKNOWN_74,じゃあ、なんで矢が二本つがえて<6E5C>あるんだよ!?,,
dom3Mina_L04.mes,Script/dom3Mina_L04.mes,18,8,주인공,……ミ、ミナ?,,
dom3Mina_L04.mes,Script/dom3Mina_L04.mes,19,13,Mina,……いいかげんにしてよ!,,
dom3Mina_L04.mes,Script/dom3Mina_L04.mes,20,9,[효과음/내레이션],バシュバシュッ!,,
dom3Mina_L04.mes,Script/dom3Mina_L04.mes,21,6,UNKNOWN_74,うわっ!!,,
dom3Mina_L04.mes,Script/dom3Mina_L04.mes,22,4,[효과음/내레이션],ブスッ,,
dom3Mina_L04.mes,Script/dom3Mina_L04.mes,23,15,주인공,う……ど、どうして俺まで……,,
dom3Mina_L04.mes,Script/dom3Mina_L04.mes,24,4,[효과음/내레이션],バタッ,,
dom3Mina_L04.mes,Script/dom3Mina_L04.mes,25,3,Mina,……,,
dom3Mina_L04.mes,Script/dom3Mina_L04.mes,26,4,[효과음/내레이션],プイッ,,
dom3Mina_L04.mes,Script/dom3Mina_L04.mes,27,3,[효과음/내레이션],……,,
dom3Mina_L04.mes,Script/dom3Mina_L04.mes,28,12,주인공,……狂エ門、生きてるか,,
dom3Mina_L04.mes,Script/dom3Mina_L04.mes,29,30,UNKNOWN_74,なんとか……な.<6E5C>あんな女、野放しにしててイイ<6E5C>のかよ……,,
dom3Mina_L04.mes,Script/dom3Mina_L04.mes,30,7,주인공,……わからん,,
dom3Mina_L04.mes,Script/dom3Mina_L04.mes,31,20,주인공,(ここはミナに見つからんよう<6E5C>に……),,
dom3Mina_L04.mes,Script/dom3Mina_L04.mes,32,5,[효과음/내레이션],トントン,,
dom3Mina_L04.mes,Script/dom3Mina_L04.mes,33,15,UNKNOWN_74,!?……テ、テメ……ムググ!,,
dom3Mina_L04.mes,Script/dom3Mina_L04.mes,34,27,주인공,しーっ!文句やいいわけがある<6E5C>なら向こうで閉いてやる,,
dom3Mina_L04.mes,Script/dom3Mina_L04.mes,35,27,UNKNOWN_74,……ちっ、上等じゃねぇか.<6E5C>どこへでも行ってやらぁ!,,
dom3Mina_L04.mes,Script/dom3Mina_L04.mes,36,20,주인공,(やれやれ、血の気の多い奴だ<6E5C>な……),,
dom3Mina_L05.mes,Script/dom3Mina_L05.mes,0,8,Mina,……チャンプル,,
dom3Mina_L05.mes,Script/dom3Mina_L05.mes,1,5,UNKNOWN_7b,う~……,,
dom3Mina_L05.mes,Script/dom3Mina_L05.mes,2,14,주인공,どうした、ミナ、チャンプル,,
dom3Mina_L05.mes,Script/dom3Mina_L05.mes,3,5,UNKNOWN_7b,う~み~,,
dom3Mina_L05.mes,Script/dom3Mina_L05.mes,4,20,Mina,チャンプルが……<6E5C>海へ行きたいって……,,
dom3Mina_L05.mes,Script/dom3Mina_L05.mes,5,25,주인공,海か……旅の途中で見かけは<6E5C>したが……少し遠いな,,
dom3Mina_L05.mes,Script/dom3Mina_L05.mes,6,13,Mina,……ごめんね、チャンプル,,
dom3Mina_L05.mes,Script/dom3Mina_L05.mes,7,16,주인공,うむむ……よし!行こう、海!!,,
dom3Mina_L05.mes,Script/dom3Mina_L05.mes,8,15,Mina,連れて行って……くれる、の?,,
dom3Mina_L05.mes,Script/dom3Mina_L05.mes,9,8,주인공,うむ、行こう!,,
dom3Mina_L05.mes,Script/dom3Mina_L05.mes,10,27,Mina,……どうして、わたしたちに……<6E5C>親切にしてくれるの?,,
dom3Mina_L05.mes,Script/dom3Mina_L05.mes,11,4,주인공,え……,,
dom3Mina_L05.mes,Script/dom3Mina_L05.mes,12,24,[선택지],チャンプルがかわいそうだからミナが寂しそうだから,,
dom3Mina_L05.mes,Script/dom3Mina_L05.mes,13,30,[선택지],o<0001><0000><003C><0030><0002>そ、それはな、チャンプルが<6E5C>かわいそうだからだ,,
dom3Mina_L05.mes,Script/dom3Mina_L05.mes,14,9,Mina,……かわいそう?,,
dom3Mina_L05.mes,Script/dom3Mina_L05.mes,15,18,주인공,あ、ああ.ここの川は<6E5C>狭いからなぁ,,
dom3Mina_L05.mes,Script/dom3Mina_L05.mes,16,36,Mina,……そう.かわいそう…….<6E5C>わたしに連れられて<6E5C>こんなところへ来て……,,
dom3Mina_L05.mes,Script/dom3Mina_L05.mes,17,7,주인공,い、いや……,,
dom3Mina_L05.mes,Script/dom3Mina_L05.mes,18,12,Mina,チャンプル……ごめんね,,
dom3Mina_L05.mes,Script/dom3Mina_L05.mes,19,4,[효과음/내레이션],タタッ,,
dom3Mina_L05.mes,Script/dom3Mina_L05.mes,20,6,주인공,あ、ミナ!,,
dom3Mina_L05.mes,Script/dom3Mina_L05.mes,21,28,주인공,(しまった……ミナを責める<6E5C>つもりはなかったのに……),,
dom3Mina_L05.mes,Script/dom3Mina_L05.mes,22,16,주인공,ミナが……寂しそうだから、かな,,
dom3Mina_L05.mes,Script/dom3Mina_L05.mes,23,29,Mina,わたしは……チャンプルがいて<6E5C>くれれば、寂しくなんか……,,
dom3Mina_L05.mes,Script/dom3Mina_L05.mes,24,25,주인공,まぁいいじゃないか.<6E5C>俺のおせっかいだ.行こう!,,
dom3Mina_L05.mes,Script/dom3Mina_L05.mes,25,22,주인공,(琉球の海とは違うだろうけど、<6E5C>でも……),,
dom3Mina_L05.mes,Script/dom3Mina_L05.mes,26,6,UNKNOWN_7b,ミーナー!,,
dom3Mina_L05.mes,Script/dom3Mina_L05.mes,27,16,Mina,ふふ、気持ちいいね、チャンプル,,
dom3Mina_L05.mes,Script/dom3Mina_L05.mes,28,23,주인공,(楽しそうだな、ふたりとも.<6E5C>よかった……),,
dom3Mina_L05.mes,Script/dom3Mina_L05.mes,29,29,Mina,いつか……ふたりで帰ろうね、<6E5C>チャンプル.いつの日か……,,
dom3Mina_L05.mes,Script/dom3Mina_L05.mes,30,3,UNKNOWN_7b,う~,,
dom3Mina_L05.mes,Script/dom3Mina_L05.mes,31,19,주인공,ミナ、チャンプル、<6E5C>そろそろ戻ろうか,,
dom3Mina_L05.mes,Script/dom3Mina_L05.mes,32,11,Mina,もうちょっと待ってぇ,,
dom3Mina_L05.mes,Script/dom3Mina_L05.mes,33,3,주인공,え?,,
dom3Mina_L05.mes,Script/dom3Mina_L05.mes,34,25,Mina,このままでいたいの、もう少し<6E5C>このままで……ね?,,
dom3Mina_L05.mes,Script/dom3Mina_L05.mes,35,7,주인공,う、うむ……,,
dom3Mina_L05.mes,Script/dom3Mina_L05.mes,36,24,주인공,(……心なしか、いつもより口調が<6E5C>やわらかい),,
dom3Mina_L05.mes,Script/dom3Mina_L05.mes,37,17,주인공,(少しは心を開いてくれたのかな),,
dom3Mina_L06.mes,Script/dom3Mina_L06.mes,0,8,Mina,……何か、用?,,
dom3Mina_L06.mes,Script/dom3Mina_L06.mes,1,23,주인공,い、いきなりだな.<6E5C>そう邪険にしないでくれよ,,
dom3Mina_L06.mes,Script/dom3Mina_L06.mes,2,11,Mina,わたしは……忙しいの,,
dom3Mina_L06.mes,Script/dom3Mina_L06.mes,3,43,주인공,あやかしを討つための修行か…….<6E5C>たまには忘れて、気楽になっても<6E5C>いいんじゃないか?,,
dom3Mina_L06.mes,Script/dom3Mina_L06.mes,4,15,Mina,わたしに足踏みは……必要ない,,
dom3Mina_L06.mes,Script/dom3Mina_L06.mes,5,6,주인공,うむむ……,,
dom3Mina_L06.mes,Script/dom3Mina_L06.mes,6,4,UNKNOWN_7b,ミナー,,
dom3Mina_L06.mes,Script/dom3Mina_L06.mes,7,4,[효과음/내레이션],タタッ,,
dom3Mina_L06.mes,Script/dom3Mina_L06.mes,8,8,[효과음/내레이션],くるんくるん!,,
dom3Mina_L06.mes,Script/dom3Mina_L06.mes,9,27,주인공,おぉ、とんぼ返り!<6E5C>しかも二回転.やるな、チャンプル,,
dom3Mina_L06.mes,Script/dom3Mina_L06.mes,10,15,Mina,ふふふ、上手だね、チャンプル,,
dom3Mina_L06.mes,Script/dom3Mina_L06.mes,11,4,UNKNOWN_7b,う~!,,
dom3Mina_L06.mes,Script/dom3Mina_L06.mes,12,37,주인공,(むむ、このミナを笑わせるとは!<6E5C>よし、俺もミナを笑わせて<6E5C>みせるぞ!),,
dom3Mina_L06.mes,Script/dom3Mina_L06.mes,13,25,주인공,(……とは言ったものの、<6E5C>どうやって笑わせよう),,
dom3Mina_L06.mes,Script/dom3Mina_L06.mes,14,16,[선택지],大道芸で勝負!とんぼ返りで勝負!,,
dom3Mina_L06.mes,Script/dom3Mina_L06.mes,15,22,[선택지],#<0001><0000><002C><0020><0002>(よし、ここは大道芸で勝負!),,
dom3Mina_L06.mes,Script/dom3Mina_L06.mes,16,8,주인공,ミナ、見てくれ,,
dom3Mina_L06.mes,Script/dom3Mina_L06.mes,17,3,Mina,……,,
dom3Mina_L06.mes,Script/dom3Mina_L06.mes,18,11,주인공,そぉら、石お手玉だ!,,
dom3Mina_L06.mes,Script/dom3Mina_L06.mes,19,12,[효과음/내레이션],ひょいひょいひょい……,,
dom3Mina_L06.mes,Script/dom3Mina_L06.mes,20,5,[효과음/내레이션],ごつん!,,
dom3Mina_L06.mes,Script/dom3Mina_L06.mes,21,13,주인공,いてっ!<6E5C>むむ……失敗か,,
dom3Mina_L06.mes,Script/dom3Mina_L06.mes,22,3,Mina,……,,
dom3Mina_L06.mes,Script/dom3Mina_L06.mes,23,23,주인공,(う……やはり即席の大道芸では<6E5C>だめか……),,
dom3Mina_L06.mes,Script/dom3Mina_L06.mes,24,8,Mina,おかしな人……,,
dom3Mina_L06.mes,Script/dom3Mina_L06.mes,25,23,주인공,(おぉ、意に沿わん形だが、<6E5C>笑ってくれた!),,
dom3Mina_L06.mes,Script/dom3Mina_L06.mes,26,15,Mina,次は……何を見せてくれるの?,,
dom3Mina_L06.mes,Script/dom3Mina_L06.mes,27,26,주인공,つ、次?よ、よし、それじゃ……<6E5C>刀で皿回しを……!,,
dom3Mina_L06.mes,Script/dom3Mina_L06.mes,28,24,주인공,(う~む……俺は大道芸人では<6E5C>ないんだが……),,
dom3Mina_L06.mes,Script/dom3Mina_L06.mes,29,31,주인공,(よし、ここはチャンプルに<6E5C>ならって、俺もとんぼ返りを……),,
dom3Mina_L06.mes,Script/dom3Mina_L06.mes,30,5,주인공,とうっ!,,
dom3Mina_L06.mes,Script/dom3Mina_L06.mes,31,4,[효과음/내레이션],バッ!,,
dom3Mina_L06.mes,Script/dom3Mina_L06.mes,32,5,[효과음/내레이션],くる……,,
dom3Mina_L06.mes,Script/dom3Mina_L06.mes,33,5,[효과음/내레이션],ドサッ!,,
dom3Mina_L06.mes,Script/dom3Mina_L06.mes,34,35,주인공,う……いてて……失敗か.<6E5C>初めてではそう上手くはいかん<6E5C>ものだな……,,
dom3Mina_L06.mes,Script/dom3Mina_L06.mes,35,12,Mina,……行こう、チャンプル,,
dom3Mina_L06.mes,Script/dom3Mina_L06.mes,36,3,[효과음/내레이션],タッ,,
dom3Mina_L06.mes,Script/dom3Mina_L06.mes,37,30,주인공,(し、しまった!チャンプルの<6E5C>二番煎じではだめだったか!),,
dom3Mina_L07.mes,Script/dom3Mina_L07.mes,0,27,주인공,少し疲れたな、いろは.<6E5C>むささび屋で一服していこうか,,
dom3Mina_L07.mes,Script/dom3Mina_L07.mes,1,7,Iroha,はい、旦那様,,
dom3Mina_L07.mes,Script/dom3Mina_L07.mes,2,12,UNKNOWN_1e,……あやかしの気配……,,
dom3Mina_L07.mes,Script/dom3Mina_L07.mes,3,3,주인공,え?,,
dom3Mina_L07.mes,Script/dom3Mina_L07.mes,4,28,주인공,おぉ、ミナじゃないか.<6E5C>どうした、そんなに怖い顔をして,,
dom3Mina_L07.mes,Script/dom3Mina_L07.mes,5,9,Mina,……その人……?,,
dom3Mina_L07.mes,Script/dom3Mina_L07.mes,6,12,주인공,え?いろはのこと、か?,,
dom3Mina_L07.mes,Script/dom3Mina_L07.mes,7,19,Mina,もののけ……?<6E5C>いえ、獣の……匂い?,,
dom3Mina_L07.mes,Script/dom3Mina_L07.mes,8,7,Iroha,だ、旦那様?,,
dom3Mina_L07.mes,Script/dom3Mina_L07.mes,9,17,주인공,お、おいミナ、何を言ってるんだ?,,
dom3Mina_L07.mes,Script/dom3Mina_L07.mes,10,16,Mina,そこをどいて……確かめないと!,,
dom3Mina_L07.mes,Script/dom3Mina_L07.mes,11,17,[선택지],いろはをかばうミナの言う通りにする,,
dom3Mina_L07.mes,Script/dom3Mina_L07.mes,12,37,[선택지],、<0001><0000><004C><003E><0002>ま、待て、ミナ.<6E5C>そんな言いがかりを<6E5C>閉き入れるわけには……,,
dom3Mina_L07.mes,Script/dom3Mina_L07.mes,13,13,Mina,あなた……だまされてる!,,
dom3Mina_L07.mes,Script/dom3Mina_L07.mes,14,8,Iroha,だ、旦那様ぁ~,,
dom3Mina_L07.mes,Script/dom3Mina_L07.mes,15,11,주인공,そ、そう言われてもな,,
dom3Mina_L07.mes,Script/dom3Mina_L07.mes,16,44,주인공,確かにいろはは常識では考えられ<6E5C>ない衣をまとったりもするが、<6E5C>それ以外に不審な点は……,,
dom3Mina_L07.mes,Script/dom3Mina_L07.mes,17,7,Mina,……あやしい,,
dom3Mina_L07.mes,Script/dom3Mina_L07.mes,18,8,Iroha,あ、あわわ……,,
dom3Mina_L07.mes,Script/dom3Mina_L07.mes,19,3,Mina,……,,
dom3Mina_L07.mes,Script/dom3Mina_L07.mes,20,4,[효과음/내레이션],プイッ,,
dom3Mina_L07.mes,Script/dom3Mina_L07.mes,21,20,주인공,行ってしまった…….<6E5C>なんだったんだ?,,
dom3Mina_L07.mes,Script/dom3Mina_L07.mes,22,6,Iroha,……うぅっ,,
dom3Mina_L07.mes,Script/dom3Mina_L07.mes,23,20,주인공,ミナ……あまり手荒なことは<6E5C>するなよ?,,
dom3Mina_L07.mes,Script/dom3Mina_L07.mes,24,21,Iroha,旦那様!<6E5C>私を信じてくれないんですか!?,,
dom3Mina_L07.mes,Script/dom3Mina_L07.mes,25,25,Mina,黙りなさい!もしあやかしならば<6E5C>……滅するのみ!,,
dom3Mina_L07.mes,Script/dom3Mina_L07.mes,26,7,[효과음/내레이션],キリキリ……,,
dom3Mina_L07.mes,Script/dom3Mina_L07.mes,27,25,주인공,ちょ、ちょっと待った!<6E5C>ミナ、弓はいかん、弓は!,,
dom3Mina_L07.mes,Script/dom3Mina_L07.mes,28,5,Mina,どいて!,,
dom3Mina_L07.mes,Script/dom3Mina_L07.mes,29,37,주인공,俺はいろはにずいぶん世話に<6E5C>なっているんだ.<6E5C>……どくわけにはいかない!,,
dom3Mina_L07.mes,Script/dom3Mina_L07.mes,30,6,Iroha,旦那様……,,
dom3Mina_L07.mes,Script/dom3Mina_L07.mes,31,11,Mina,チャンプル……行こう,,
dom3Mina_L07.mes,Script/dom3Mina_L07.mes,32,4,[효과음/내레이션],プイッ,,
dom3Mina_L07.mes,Script/dom3Mina_L07.mes,33,9,주인공,ふぅ……助かった,,
dom3Mina_L07.mes,Script/dom3Mina_L07.mes,34,16,Iroha,ありがとうございます、旦那様!,,
dom3Mina_L07.mes,Script/dom3Mina_L07.mes,35,10,주인공,あ、あぁ.行こうか,,
dom3Mina_L07.mes,Script/dom3Mina_L07.mes,36,6,Iroha,はい……!,,
dom3Mina_L08.mes,Script/dom3Mina_L08.mes,0,20,주인공,ははは!<6E5C>チャンプル、こっちだこっち!,,
dom3Mina_L08.mes,Script/dom3Mina_L08.mes,1,9,UNKNOWN_7b,う~、あはあはー,,
dom3Mina_L08.mes,Script/dom3Mina_L08.mes,2,21,주인공,はぁ、はぁ.<6E5C>よし、ちょっと休憩しようか,,
dom3Mina_L08.mes,Script/dom3Mina_L08.mes,3,13,주인공,ミナ、おなか空かないか?,,
dom3Mina_L08.mes,Script/dom3Mina_L08.mes,4,5,Mina,……少し,,
dom3Mina_L08.mes,Script/dom3Mina_L08.mes,5,29,주인공,そうか.それじゃ……今日は俺が<6E5C>ごちそうをふるまおうかな,,
dom3Mina_L08.mes,Script/dom3Mina_L08.mes,6,3,UNKNOWN_7b,めー,,
dom3Mina_L08.mes,Script/dom3Mina_L08.mes,7,8,Mina,……ありがとう,,
dom3Mina_L08.mes,Script/dom3Mina_L08.mes,8,15,주인공,(よーし、ここはひとつ……),,
dom3Mina_L08.mes,Script/dom3Mina_L08.mes,9,20,[선택지],琉球料理を作ろう!男の創作料理を作ろう!,,
dom3Mina_L08.mes,Script/dom3Mina_L08.mes,10,20,주인공,(やはりミナの故郷の料理で<6E5C>勝負だ!),,
dom3Mina_L08.mes,Script/dom3Mina_L08.mes,11,5,[효과음/내레이션],ジュー!,,
dom3Mina_L08.mes,Script/dom3Mina_L08.mes,12,5,[효과음/내레이션],ザッザッ,,
dom3Mina_L08.mes,Script/dom3Mina_L08.mes,13,7,[효과음/내레이션],コトコト……,,
dom3Mina_L08.mes,Script/dom3Mina_L08.mes,14,9,주인공,よし、できたぞ!,,
dom3Mina_L08.mes,Script/dom3Mina_L08.mes,15,8,UNKNOWN_7b,なーべーらー!,,
dom3Mina_L08.mes,Script/dom3Mina_L08.mes,16,41,주인공,お、よく知ってるな、チャンプル.<6E5C>そう、へちまの味喘煮だ!<6E5C>さあ、食べてみてくれ,,
dom3Mina_L08.mes,Script/dom3Mina_L08.mes,17,9,Mina,……いただきます,,
dom3Mina_L08.mes,Script/dom3Mina_L08.mes,18,4,[효과음/내레이션],パクッ,,
dom3Mina_L08.mes,Script/dom3Mina_L08.mes,19,10,주인공,ど、どうかな……?,,
dom3Mina_L08.mes,Script/dom3Mina_L08.mes,20,7,Mina,……おいしい,,
dom3Mina_L08.mes,Script/dom3Mina_L08.mes,21,4,UNKNOWN_7b,う~!,,
dom3Mina_L08.mes,Script/dom3Mina_L08.mes,22,28,주인공,お、チャンプルも気に入って<6E5C>くれたか?よかったよかった,,
dom3Mina_L08.mes,Script/dom3Mina_L08.mes,23,14,주인공,(男の創作料理で勝負だ!),,
dom3Mina_L08.mes,Script/dom3Mina_L08.mes,24,5,[효과음/내레이션],ジュー!,,
dom3Mina_L08.mes,Script/dom3Mina_L08.mes,25,5,[효과음/내레이션],ザッザッ,,
dom3Mina_L08.mes,Script/dom3Mina_L08.mes,26,6,[효과음/내레이션],ジュワー!,,
dom3Mina_L08.mes,Script/dom3Mina_L08.mes,27,9,주인공,よし、できたぞ!,,
dom3Mina_L08.mes,Script/dom3Mina_L08.mes,28,25,주인공,(ちょ、ちょっとこげたけど、<6E5C>大丈夫だろう……),,
dom3Mina_L08.mes,Script/dom3Mina_L08.mes,29,8,UNKNOWN_7b,ゆたさいびーん,,
dom3Mina_L08.mes,Script/dom3Mina_L08.mes,30,3,주인공,え?,,
dom3Mina_L08.mes,Script/dom3Mina_L08.mes,31,25,Mina,……いらない……って.<6E5C>わたしも、遠慮するわ……,,
dom3Mina_L08.mes,Script/dom3Mina_L08.mes,32,31,주인공,そ、そんな……ちょっと見た目は<6E5C>悪いけど、味の方は……ばくっ,,
dom3Mina_L08.mes,Script/dom3Mina_L08.mes,33,14,주인공,(う……!ま、まずい……),,
dom3Mina_L08.mes,Script/dom3Mina_L08.mes,34,3,Mina,……,,
dom3Mina_L08.mes,Script/dom3Mina_L08.mes,35,14,주인공,(うう、完全に失敗だ……),,
dom3Mina_L09.mes,Script/dom3Mina_L09.mes,0,42,Leona,し<0001><0011><0003><0000><0000><0000><0000><0006><000A><0004><0000><0000><0001><002A><0000><0000><0000><0000><0000><000E><0001><FFFF><0000><0000><0000><000B><0008><0001><0001><0000><0000><0000><0018><000C>!うわー!!,,
dom3Mina_L09.mes,Script/dom3Mina_L09.mes,1,8,주인공,な、何事だ!?,,
dom3Mina_L09.mes,Script/dom3Mina_L09.mes,2,4,[효과음/내레이션],タタッ,,
dom3Mina_L09.mes,Script/dom3Mina_L09.mes,3,7,주인공,どうした!?,,
dom3Mina_L09.mes,Script/dom3Mina_L09.mes,4,10,UNKNOWN_12,!ば、化け物……!,,
dom3Mina_L09.mes,Script/dom3Mina_L09.mes,5,8,주인공,あ、あれは……,,
dom3Mina_L09.mes,Script/dom3Mina_L09.mes,6,25,주인공,(な、なんだあれは!?<6E5C>赤い……獅子の化け物?),,
dom3Mina_L09.mes,Script/dom3Mina_L09.mes,7,10,UNKNOWN_12,'グオォォォッ!!,,
dom3Mina_L09.mes,Script/dom3Mina_L09.mes,8,5,[효과음/내레이션],ダッ……,,
dom3Mina_L09.mes,Script/dom3Mina_L09.mes,9,13,주인공,(あ……逃げる、のか?),,
dom3Mina_L09.mes,Script/dom3Mina_L09.mes,10,10,[선택지],放っておく追いかける,,
dom3Mina_L09.mes,Script/dom3Mina_L09.mes,11,31,주인공,(あんな化け物、追いかけたって<6E5C>どうなるものでもないな……),,
dom3Mina_L09.mes,Script/dom3Mina_L09.mes,12,13,주인공,大丈夫か?どこかケガは?,,
dom3Mina_L09.mes,Script/dom3Mina_L09.mes,13,19,주인공,(なんだったんだ、いったい……?<6E5C>),,
dom3Mina_L09.mes,Script/dom3Mina_L09.mes,14,31,UNKNOWN_29,~<0000><0000><0000><0000><0000><0038><002C><0002>(このまま見過ごすわけにも<6E5C>いかんか……),,
dom3Mina_L09.mes,Script/dom3Mina_L09.mes,15,4,[효과음/내레이션],タタッ,,
dom3Mina_L09.mes,Script/dom3Mina_L09.mes,16,4,주인공,ミナ!,,
dom3Mina_L09.mes,Script/dom3Mina_L09.mes,17,3,Mina,……,,
dom3Mina_L09.mes,Script/dom3Mina_L09.mes,18,23,주인공,たった今、こっちに化け物が<6E5C>来なかったか!?,,
dom3Mina_L09.mes,Script/dom3Mina_L09.mes,19,40,Mina,……わたしも、あやかしの気配を<6E5C>感じて、来たの…….<6E5C>でも、何もいなかった……,,
dom3Mina_L09.mes,Script/dom3Mina_L09.mes,20,8,주인공,そ、そうか……,,
dom3Mina_L09.mes,Script/dom3Mina_L09.mes,21,4,UNKNOWN_1e,ミナー,,
dom3Mina_L09.mes,Script/dom3Mina_L09.mes,22,4,[효과음/내레이션],タタッ,,
dom3Mina_L09.mes,Script/dom3Mina_L09.mes,23,22,Mina,チャンプル!<6E5C>……よかった、無事だったのね,,
dom3Mina_L09.mes,Script/dom3Mina_L09.mes,24,4,UNKNOWN_7b,う~?,,
dom3Mina_L09.mes,Script/dom3Mina_L09.mes,25,25,주인공,……しかしいったいなんだったんだ<6E5C>、あの化け物は,,
dom3Mina_L09.mes,Script/dom3Mina_L09.mes,26,30,Mina,……わたしたちの村を滅ぼした<6E5C>あやかしの気配に……似ていた,,
dom3Mina_L09.mes,Script/dom3Mina_L09.mes,27,26,주인공,!<020A>それじゃ、さっきの化け物が<6E5C>ミナたちの村を……,,
dom3Mina_L09.mes,Script/dom3Mina_L09.mes,28,3,Mina,……,,
dom3Mina_L09.mes,Script/dom3Mina_L09.mes,29,22,주인공,(真相を究明する必要が<6E5C>ありそうだな……),,
dom3Mina_L10.mes,Script/dom3Mina_L10.mes,0,3,Mina,……,,
dom3Mina_L10.mes,Script/dom3Mina_L10.mes,1,15,주인공,ミナ、どうした、暗い顔をして,,
dom3Mina_L10.mes,Script/dom3Mina_L10.mes,2,15,Mina,……チャンプルが、いない……,,
dom3Mina_L10.mes,Script/dom3Mina_L10.mes,3,14,주인공,何、まだ帰ってこないのか?,,
dom3Mina_L10.mes,Script/dom3Mina_L10.mes,4,16,Mina,……あやかしの気配が、近い……,,
dom3Mina_L10.mes,Script/dom3Mina_L10.mes,5,14,주인공,!<020A>まさか、チャンプル……,,
dom3Mina_L10.mes,Script/dom3Mina_L10.mes,6,20,[선택지],あやかしと関係が?あやかしにさらわれた?,,
dom3Mina_L10.mes,Script/dom3Mina_L10.mes,7,16,주인공,何かあやかしと関係があるのか?,,
dom3Mina_L10.mes,Script/dom3Mina_L10.mes,8,29,Mina,……わからない……わからないけど<6E5C>、嫌な予感がするの……,,
dom3Mina_L10.mes,Script/dom3Mina_L10.mes,9,27,주인공,ミナ…….<6E5C>大丈夫、チャンプルはきっと<6E5C>帰ってくるよ,,
dom3Mina_L10.mes,Script/dom3Mina_L10.mes,10,17,주인공,もう一度いっしょに探してみよう!,,
dom3Mina_L10.mes,Script/dom3Mina_L10.mes,11,4,Mina,う……,,
dom3Mina_L10.mes,Script/dom3Mina_L10.mes,12,7,Mina,う、うぅ……,,
dom3Mina_L10.mes,Script/dom3Mina_L10.mes,13,5,주인공,ミナ……,,
dom3Mina_L10.mes,Script/dom3Mina_L10.mes,14,7,Mina,うわぁぁぁ!,,
dom3Mina_L10.mes,Script/dom3Mina_L10.mes,15,14,주인공,大丈夫、大丈夫だよ、ミナ!,,
dom3Mina_L10.mes,Script/dom3Mina_L10.mes,16,30,Mina,怖い……怖いの!<6E5C>チャンプルが、<6E5C>いなくなってしまう……!,,
dom3Mina_L10.mes,Script/dom3Mina_L10.mes,17,30,Mina,お父さんも……お母さんも、<6E5C>わたしの前からいなくなった……,,
dom3Mina_L10.mes,Script/dom3Mina_L10.mes,18,39,Mina,チャンプルまでいなくなったら、<6E5C>わたし……わたし……<6E5C>寺あああああっっ!!!,,
dom3Mina_L10.mes,Script/dom3Mina_L10.mes,19,19,주인공,(ミナがこんなに取り乱して……!<6E5C>),,
dom3Mina_L10.mes,Script/dom3Mina_L10.mes,20,43,주인공,(人嫌いだと思っていたけれど……<6E5C>誰よりも優しさを求めていたんだ.<6E5C>苦しいほどに!),,
dom3Mina_L10.mes,Script/dom3Mina_L10.mes,21,20,주인공,(……俺が、<6E5C>俺がなんとかしないと!),,
dom3Mina_L10.mes,Script/dom3Mina_L10.mes,22,53,주인공,そんなことはぜったいにない!<6E5C>チャンプルは必ず帰ってくる!<485C>今度はみつかるから……<6E5C>だから泣くな、ミナ!,,
dom3Mina_L10.mes,Script/dom3Mina_L10.mes,23,10,Mina,う……うん……うぅ,,
dom3Mina_L10.mes,Script/dom3Mina_L10.mes,24,36,주인공,さぁ、行こう、ミナ.<6E5C>涙で曇った瞳では、チャンプルを<6E5C>見つけられないぞ,,
dom3Mina_L10.mes,Script/dom3Mina_L10.mes,25,3,Mina,……,,
dom3Mina_L10.mes,Script/dom3Mina_L10.mes,26,15,주인공,行こう、チャンプルを探しに!,,
dom3Mina_L10.mes,Script/dom3Mina_L10.mes,27,3,Mina,……,,
dom3Mina_L10.mes,Script/dom3Mina_L10.mes,28,6,Mina,……うん!,,
dom3Mina_L10.mes,Script/dom3Mina_L10.mes,29,17,주인공,あやかしにさらわれたのかも……?,,
dom3Mina_L10.mes,Script/dom3Mina_L10.mes,30,5,Mina,……違う,,
dom3Mina_L10.mes,Script/dom3Mina_L10.mes,31,3,주인공,え?,,
dom3Mina_L10.mes,Script/dom3Mina_L10.mes,32,3,Mina,……,,
dom3Mina_L10.mes,Script/dom3Mina_L10.mes,33,14,주인공,何か、心当たりがあるのか?,,
dom3Mina_L10.mes,Script/dom3Mina_L10.mes,34,15,Mina,……あなたには、関係ない……,,
dom3Mina_L10.mes,Script/dom3Mina_L10.mes,35,22,주인공,関係ないって……今さら<6E5C>それはないだろう!,,
dom3Mina_L10.mes,Script/dom3Mina_L10.mes,36,17,Mina,もう、誰も巻き込みたくないの……,,
dom3Mina_L10.mes,Script/dom3Mina_L10.mes,37,23,주인공,そんなこと……俺のことなら<6E5C>気にしなくていい,,
dom3Mina_L10.mes,Script/dom3Mina_L10.mes,38,17,Mina,わたしたちのことは放っておいて!,,
dom3Mina_L10.mes,Script/dom3Mina_L10.mes,39,9,주인공,ミナ……どうして,,
dom3Mina_L10.mes,Script/dom3Mina_L10.mes,40,9,Mina,……ごめんなさい,,
dom3Mina_L10.mes,Script/dom3Mina_L10.mes,41,4,[효과음/내레이션],プイッ,,
dom3Mina_L10.mes,Script/dom3Mina_L10.mes,42,9,주인공,お、おい、ミナ!,,
dom3Mina_L10.mes,Script/dom3Mina_L10.mes,43,31,주인공,(どうして……俺はそんなに頼りに<6E5C>ならないのか……くそっ!),,
dom3Mina_M01.mes,Script/dom3Mina_M01.mes,0,6,주인공,やあ、ミナ,,
dom3Mina_M01.mes,Script/dom3Mina_M01.mes,1,11,Mina,……わたしに用なの?,,
dom3Mina_M01.mes,Script/dom3Mina_M01.mes,2,35,주인공,(お、話を閉いてくれそうだ!<6E5C>ここは重苦しさをなくすため<6E5C>にも……),,
dom3Mina_M01.mes,Script/dom3Mina_M01.mes,3,15,[선택지],自分の話をするミナのことを閉く,,
dom3Mina_M01.mes,Script/dom3Mina_M01.mes,4,48,주인공,ミナはこの国の人間ではないのだろ<6E5C>う?実は俺も旅を続ける身の上で、<6E5C>ここいらの人間ではないんだ,,
dom3Mina_M01.mes,Script/dom3Mina_M01.mes,5,7,Mina,……だから?,,
dom3Mina_M01.mes,Script/dom3Mina_M01.mes,6,26,주인공,い、いや、だから流れ者同士、<6E5C>仲良くしたいな……と,,
dom3Mina_M01.mes,Script/dom3Mina_M01.mes,7,25,Mina,わたしにはチャンプルがいる.<6E5C>他は……いらない!,,
dom3Mina_M01.mes,Script/dom3Mina_M01.mes,8,4,[효과음/내레이션],プイッ,,
dom3Mina_M01.mes,Script/dom3Mina_M01.mes,9,36,주인공,(ミナ…….<6E5C>だったら……どうしてそんな寂しい<6E5C>目をしているんだ……),,
dom3Mina_M01.mes,Script/dom3Mina_M01.mes,10,43,주인공,ミナは俺と同じくここいらの人間<6E5C>ではないのだろう?<6E5C>どこから来たのか教えてくれないか,,
dom3Mina_M01.mes,Script/dom3Mina_M01.mes,11,8,Mina,……ルーチュー,,
dom3Mina_M01.mes,Script/dom3Mina_M01.mes,12,50,주인공,ル、ルーチューって<6E5C>琉球のことか!?<6E5C>遥か海の向こうじゃないか!<485C>どうしてまたそんなところから……,,
dom3Mina_M01.mes,Script/dom3Mina_M01.mes,13,12,Mina,あなたには……関係ない,,
dom3Mina_M01.mes,Script/dom3Mina_M01.mes,14,4,[효과음/내레이션],プイッ,,
dom3Mina_M01.mes,Script/dom3Mina_M01.mes,15,33,주인공,(琉球か……美しいところだと閉く<6E5C>.一度は行ってみたいものだな),,
dom3Mina_M02.mes,Script/dom3Mina_M02.mes,0,23,UNKNOWN_1e,いいじゃねぇか、<6E5C>ちょっとこいつ貸してくれよ,,
dom3Mina_M02.mes,Script/dom3Mina_M02.mes,1,15,UNKNOWN_1e,やめて!チャンプルを離して!,,
dom3Mina_M02.mes,Script/dom3Mina_M02.mes,2,5,UNKNOWN_1e,ミナー!,,
dom3Mina_M02.mes,Script/dom3Mina_M02.mes,3,10,주인공,(な、なんだ!?),,
dom3Mina_M02.mes,Script/dom3Mina_M02.mes,4,20,주인공,(ミナを困らせてるのは……<6E5C>狂エ門!),,
dom3Mina_M02.mes,Script/dom3Mina_M02.mes,5,13,[선택지],狂エ門を止めるミナをかばう,,
dom3Mina_M02.mes,Script/dom3Mina_M02.mes,6,17,주인공,狂エ門……お前、何をやってるんだ,,
dom3Mina_M02.mes,Script/dom3Mina_M02.mes,7,28,UNKNOWN_74,あぁん!?<6E5C>テメェには関係ねぇんだよ!<6E5C>すっこんでろ!,,
dom3Mina_M02.mes,Script/dom3Mina_M02.mes,8,37,주인공,その子は俺の知り合いでな、<6E5C>早いところやめとかないと<6E5C>大変なことになるぞ,,
dom3Mina_M02.mes,Script/dom3Mina_M02.mes,9,15,UNKNOWN_74,大変なこと?上等じゃねぇか!,,
dom3Mina_M02.mes,Script/dom3Mina_M02.mes,10,7,[효과음/내레이션],キリキリ……,,
dom3Mina_M02.mes,Script/dom3Mina_M02.mes,11,6,[효과음/내레이션],バシュッ!,,
dom3Mina_M02.mes,Script/dom3Mina_M02.mes,12,9,UNKNOWN_74,うおぉぉっと!?,,
dom3Mina_M02.mes,Script/dom3Mina_M02.mes,13,5,주인공,うわわ!,,
dom3Mina_M02.mes,Script/dom3Mina_M02.mes,14,25,주인공,ちょ、ちょっと待て!<6E5C>なんで俺ごと撃つんだよ!?,,
dom3Mina_M02.mes,Script/dom3Mina_M02.mes,15,10,Mina,みんな……嫌いだ!,,
dom3Mina_M02.mes,Script/dom3Mina_M02.mes,16,4,[효과음/내레이션],プイッ,,
dom3Mina_M02.mes,Script/dom3Mina_M02.mes,17,26,주인공,……な?だから大変なことになる<6E5C>って言っただろ……,,
dom3Mina_M02.mes,Script/dom3Mina_M02.mes,18,7,UNKNOWN_74,な、納得……,,
dom3Mina_M02.mes,Script/dom3Mina_M02.mes,19,8,주인공,大丈夫か、ミナ,,
dom3Mina_M02.mes,Script/dom3Mina_M02.mes,20,10,Mina,……邪魔、しないで,,
dom3Mina_M02.mes,Script/dom3Mina_M02.mes,21,3,주인공,え?,,
dom3Mina_M02.mes,Script/dom3Mina_M02.mes,22,13,Mina,今から……滅するんだから,,
dom3Mina_M02.mes,Script/dom3Mina_M02.mes,23,7,[효과음/내레이션],キリキリ……,,
dom3Mina_M02.mes,Script/dom3Mina_M02.mes,24,41,주인공,そ、そうか.<6E5C>あ、でも、殺生はいかんぞ、殺生は<6E5C>.死なない程度に、俺も手伝うから,,
dom3Mina_M02.mes,Script/dom3Mina_M02.mes,25,4,[효과음/내레이션],チャッ,,
dom3Mina_M02.mes,Script/dom3Mina_M02.mes,26,16,주인공,さて、これで二対一だな、狂エ門,,
dom3Mina_M02.mes,Script/dom3Mina_M02.mes,27,21,UNKNOWN_74,テ、テメェら、卑怯だぞ!<6E5C>弓と刀なんて!,,
dom3Mina_M02.mes,Script/dom3Mina_M02.mes,28,16,주인공,ほれほれ、逃げるなら今のうちだ,,
dom3Mina_M02.mes,Script/dom3Mina_M02.mes,29,11,UNKNOWN_74,ちっ!覚えてやがれ!,,
dom3Mina_M02.mes,Script/dom3Mina_M02.mes,30,6,[효과음/내레이션],タタッ……,,
dom3Mina_M02.mes,Script/dom3Mina_M02.mes,31,17,주인공,……やれやれ、とんだ災難だったな,,
dom3Mina_M02.mes,Script/dom3Mina_M02.mes,32,12,Mina,余計なことしないで……,,
dom3Mina_M02.mes,Script/dom3Mina_M02.mes,33,4,[효과음/내레이션],プイッ,,
dom3Mina_M02.mes,Script/dom3Mina_M02.mes,34,12,주인공,えぇ?そりゃないだろ~,,
dom3Mina_M03.mes,Script/dom3Mina_M03.mes,0,24,주인공,(ああ、ついつい蜜蜂屋に来て<6E5C>しまったな……),,
dom3Mina_M03.mes,Script/dom3Mina_M03.mes,1,17,UNKNOWN_6d,それじゃ旦那、また来てくださいね,,
dom3Mina_M03.mes,Script/dom3Mina_M03.mes,2,7,주인공,は、はぁ……,,
dom3Mina_M03.mes,Script/dom3Mina_M03.mes,3,4,주인공,あ……,,
dom3Mina_M03.mes,Script/dom3Mina_M03.mes,4,4,Mina,……!,,
dom3Mina_M03.mes,Script/dom3Mina_M03.mes,5,34,주인공,(う……揚屋から出てくるところを<6E5C>完全に見られたよな……気まずい),,
dom3Mina_M03.mes,Script/dom3Mina_M03.mes,6,3,Mina,……,,
dom3Mina_M03.mes,Script/dom3Mina_M03.mes,7,13,주인공,(何か言わなくては……),,
dom3Mina_M03.mes,Script/dom3Mina_M03.mes,8,22,[선택지],とりあえずいいわけをする堂々とした態度を取る,,
dom3Mina_M03.mes,Script/dom3Mina_M03.mes,9,15,주인공,こ、これにはわけがあって……,,
dom3Mina_M03.mes,Script/dom3Mina_M03.mes,10,15,Mina,……わたしには、関係ない……,,
dom3Mina_M03.mes,Script/dom3Mina_M03.mes,11,4,Mina,不潔!,,
dom3Mina_M03.mes,Script/dom3Mina_M03.mes,12,4,[효과음/내레이션],プイッ,,
dom3Mina_M03.mes,Script/dom3Mina_M03.mes,13,4,주인공,あ……,,
dom3Mina_M03.mes,Script/dom3Mina_M03.mes,14,14,주인공,(怒ってたなぁ……とほほ),,
dom3Mina_M03.mes,Script/dom3Mina_M03.mes,15,9,주인공,やあ、こんばんは,,
dom3Mina_M03.mes,Script/dom3Mina_M03.mes,16,3,Mina,……,,
dom3Mina_M03.mes,Script/dom3Mina_M03.mes,17,43,주인공,いい月の夜だな.<6E5C>遠い海の向こうでも、同じ月を見上<6E5C>げている人たちがいるんだろうなぁ,,
dom3Mina_M03.mes,Script/dom3Mina_M03.mes,18,3,Mina,……,,
dom3Mina_M03.mes,Script/dom3Mina_M03.mes,19,7,Mina,……そう、ね,,
dom3Mina_M03.mes,Script/dom3Mina_M03.mes,20,10,주인공,ミナ、ひとりかい?,,
dom3Mina_M03.mes,Script/dom3Mina_M03.mes,21,5,Mina,……ええ,,
dom3Mina_M03.mes,Script/dom3Mina_M03.mes,22,20,주인공,よし、それじゃ、そこまで<6E5C>送っていくよ,,
dom3Mina_M03.mes,Script/dom3Mina_M03.mes,23,8,Mina,ありが……とう,,
dom3Mina_M03.mes,Script/dom3Mina_M03.mes,24,21,주인공,(ふぅ.<6E5C>なんとかごまかせた……かな?),,
dom3Mina_M04.mes,Script/dom3Mina_M04.mes,0,51,UNKNOWN_29,i<0000><0000><0000><0000><0002><0046><0003><0001><04C0><0002><0011><000B><0000><0000><0000><0000><0006><000A><0008><0000><0000><0001><002A><0000><0000><0000><0000><0000><000E><0001><FFFF><0000><0000><0000><0000><0024><0018>・……お、おい、あれって,,
dom3Mina_M04.mes,Script/dom3Mina_M04.mes,1,9,UNKNOWN_10,:え?……あぁ!,,
dom3Mina_M04.mes,Script/dom3Mina_M04.mes,2,10,UNKNOWN_12,・は、早く行こう!,,
dom3Mina_M04.mes,Script/dom3Mina_M04.mes,3,8,UNKNOWN_0e,:え、えぇ……,,
dom3Mina_M04.mes,Script/dom3Mina_M04.mes,4,6,[효과음/내레이션],タタッ……,,
dom3Mina_M04.mes,Script/dom3Mina_M04.mes,5,33,주인공,(ん?なんだ、血相を変えて……<6E5C>何か恐ろしいものでも見たのか?),,
dom3Mina_M04.mes,Script/dom3Mina_M04.mes,6,38,주인공,ミナ、さっき町の人たちがえらい<6E5C>勢いで走っていったけど、<6E5C>何かあったのか?,,
dom3Mina_M04.mes,Script/dom3Mina_M04.mes,7,7,Mina,……知らない,,
dom3Mina_M04.mes,Script/dom3Mina_M04.mes,8,29,주인공,そうか.なんだか、化け物でも<6E5C>見たような顔つきだったけど,,
dom3Mina_M04.mes,Script/dom3Mina_M04.mes,9,25,[선택지],チャンプルに驚いたのかな?ミナを見て驚いたのかな?,,
dom3Mina_M04.mes,Script/dom3Mina_M04.mes,10,22,[선택지],<0174><0001><0000><002C><0020><0002>チャンプルを見て驚いたのかな?,,
dom3Mina_M04.mes,Script/dom3Mina_M04.mes,11,17,Mina,チャンプルは……化け物じゃない!,,
dom3Mina_M04.mes,Script/dom3Mina_M04.mes,12,28,주인공,いや、そうだけど…….<6E5C>被らにはめずらしかったんだろう,,
dom3Mina_M04.mes,Script/dom3Mina_M04.mes,13,22,Mina,……知らない.<6E5C>わたしたちには……関係ない,,
dom3Mina_M04.mes,Script/dom3Mina_M04.mes,14,12,주인공,……まぁ、それはそうか,,
dom3Mina_M04.mes,Script/dom3Mina_M04.mes,15,24,주인공,(しかしただ事ではない驚きよう<6E5C>だったな……),,
dom3Mina_M04.mes,Script/dom3Mina_M04.mes,16,31,UNKNOWN_29,<0104><0000><0000><0000><0000><0000><0038><002C><0002>こんなところにミナが住んでて<6E5C>驚いたかな?,,
dom3Mina_M04.mes,Script/dom3Mina_M04.mes,17,14,Mina,……どうでもいい、そんなの,,
dom3Mina_M04.mes,Script/dom3Mina_M04.mes,18,4,[효과음/내레이션],プイッ,,
dom3Mina_M04.mes,Script/dom3Mina_M04.mes,19,7,주인공,あ、ミナ……,,
dom3Mina_M04.mes,Script/dom3Mina_M04.mes,20,27,주인공,(うーむ……さっきの町の人の<6E5C>驚きよう、気になるな),,
dom3Mina_M05.mes,Script/dom3Mina_M05.mes,0,8,Mina,チャンプルー!,,
dom3Mina_M05.mes,Script/dom3Mina_M05.mes,1,9,주인공,どうした、ミナ?,,
dom3Mina_M05.mes,Script/dom3Mina_M05.mes,2,16,Mina,……チャンプルが、いないの……,,
dom3Mina_M05.mes,Script/dom3Mina_M05.mes,3,8,주인공,チャンプルが?,,
dom3Mina_M05.mes,Script/dom3Mina_M05.mes,4,12,[선택지],いっしょに探す事情を閉く,,
dom3Mina_M05.mes,Script/dom3Mina_M05.mes,5,20,주인공,よし、わかった.<6E5C>俺もいっしょに探そう,,
dom3Mina_M05.mes,Script/dom3Mina_M05.mes,6,8,Mina,……ありがとう,,
dom3Mina_M05.mes,Script/dom3Mina_M05.mes,7,12,주인공,おーい、チャンプルー!,,
dom3Mina_M05.mes,Script/dom3Mina_M05.mes,8,8,Mina,チャンプルー!,,
dom3Mina_M05.mes,Script/dom3Mina_M05.mes,9,48,주인공,――みつからないな<485C>遠くまで遊びに行ったのかもしれ<6E5C>ない.一度、家に戻って待ったら<6E5C>どうだろう,,
dom3Mina_M05.mes,Script/dom3Mina_M05.mes,10,3,Mina,……,,
dom3Mina_M05.mes,Script/dom3Mina_M05.mes,11,23,주인공,(どこに行ったんだ、<6E5C>チャンプルのやつ……),,
dom3Mina_M05.mes,Script/dom3Mina_M05.mes,12,20,UNKNOWN_29,#<0000><0000><0000><0000><0000><0024><0016><0002>よくあることなのか?,,
dom3Mina_M05.mes,Script/dom3Mina_M05.mes,13,43,Mina,……前までは、こんなこと<6E5C>なかった…….ずっと、わたしの<6E5C>そばを離れなかったのに……,,
dom3Mina_M05.mes,Script/dom3Mina_M05.mes,14,33,주인공,最近になって、ひとりでどこかへ<6E5C>行ってしまうようになったのか……,,
dom3Mina_M05.mes,Script/dom3Mina_M05.mes,15,5,Mina,……うん,,
dom3Mina_M05.mes,Script/dom3Mina_M05.mes,16,33,주인공,うーむ……ミナを置いて、どこかへ<6E5C>行ってしまうとも思えないが……,,
dom3Mina_M05.mes,Script/dom3Mina_M05.mes,17,27,주인공,とりあえず、俺も手伝うから、<6E5C>あたりを探してみよう!,,
dom3Mina_M05.mes,Script/dom3Mina_M05.mes,18,11,Mina,でも、もうすべて……,,
dom3Mina_M05.mes,Script/dom3Mina_M05.mes,19,43,주인공,あきらめちゃ駄目だ!チャンプルも<6E5C>ミナがさがしてくれるのを待って<6E5C>るかもしれないぞ!,,
dom3Mina_M05.mes,Script/dom3Mina_M05.mes,20,6,Mina,……うん!,,
dom3Mina_M05.mes,Script/dom3Mina_M05.mes,21,26,주인공,(チャンプル、ミナを置いて<6E5C>どこに行ったんだ……),,
dom3Mina_S01.mes,Script/dom3Mina_S01.mes,0,13,주인공,暑い……少し涼んでいくか,,
dom3Mina_S01.mes,Script/dom3Mina_S01.mes,1,4,[효과음/내레이션],ガサッ,,
dom3Mina_S01.mes,Script/dom3Mina_S01.mes,2,3,주인공,おや,,
dom3Mina_S01.mes,Script/dom3Mina_S01.mes,3,2,Mina,!,,
dom3Mina_S01.mes,Script/dom3Mina_S01.mes,4,27,주인공,そう怖い顔をしなくても、<6E5C>ちょっと涼みに寄っただけだ,,
dom3Mina_S01.mes,Script/dom3Mina_S01.mes,5,3,Mina,……,,
dom3Mina_S01.mes,Script/dom3Mina_S01.mes,6,22,주인공,今日は仲良しのもののけは<6E5C>いないみたいだね,,
dom3Mina_S01.mes,Script/dom3Mina_S01.mes,7,3,Mina,……,,
dom3Mina_S01.mes,Script/dom3Mina_S01.mes,8,16,주인공,ひとりじゃつまらなくないかい?,,
dom3Mina_S01.mes,Script/dom3Mina_S01.mes,9,3,Mina,……,,
dom3Mina_S01.mes,Script/dom3Mina_S01.mes,10,8,주인공,……む、無視?,,
dom3Mina_S01.mes,Script/dom3Mina_S01.mes,11,4,[효과음/내레이션],プイッ,,
dom3Mina_S01.mes,Script/dom3Mina_S01.mes,12,6,주인공,あ、おい!,,
dom3Mina_S01.mes,Script/dom3Mina_S01.mes,13,22,주인공,……参ったな、<6E5C>すっかり嫌われているようだ,,
dom3Mina_S01.mes,Script/dom3Mina_S01.mes,14,22,주인공,(おや、あれはミナと<6E5C>もののけじゃないか),,
dom3Mina_S01.mes,Script/dom3Mina_S01.mes,15,38,주인공,(ふたりきりで寂しくないん<6E5C>だろうか?ミナはいつも機嫌が<6E5C>悪そうだし……),,
dom3Mina_S01.mes,Script/dom3Mina_S01.mes,16,4,UNKNOWN_7b,ミナー,,
dom3Mina_S01.mes,Script/dom3Mina_S01.mes,17,21,Mina,おいで、チャンプル.<6E5C>ふふ、くすぐったい,,
dom3Mina_S01.mes,Script/dom3Mina_S01.mes,18,26,주인공,(……ほう.……あんな顔で<6E5C>笑うこともあるんだな),,
dom3Mina_S01.mes,Script/dom3Mina_S01.mes,19,31,주인공,(また機嫌を損ねてもなんだから、<6E5C>今日はそっとしておこうか),,
dom3Mina_S01.mes,Script/dom3Mina_S01.mes,20,54,UNKNOWN_29,8<0000><0000><0000><0000><0003><0029><0003><0002><02A0><0001><0011><000B><0000><0000><0000><0000><0006><000A><0008><0000><0000><0001><0019><0006><0000><0000><0000><0000><002A><0000><0000><0000><0000><0000><000E><0008><FFFF><0000><0000><0000><0000><0020><0012><0002>やあ、こんにちは,,
dom3Mina_S01.mes,Script/dom3Mina_S01.mes,21,3,Mina,……,,
dom3Mina_S01.mes,Script/dom3Mina_S01.mes,22,16,주인공,ミナはこの河原が好きなのかい?,,
dom3Mina_S01.mes,Script/dom3Mina_S01.mes,23,3,Mina,……,,
dom3Mina_S01.mes,Script/dom3Mina_S01.mes,24,13,주인공,……うぅ、やっぱり無視か,,
dom3Mina_S01.mes,Script/dom3Mina_S01.mes,25,52,주인공,ミ、ミナはチャンプルといっしょに<6E5C>ここで泳ぐのが好きなんだね?<485C>俺もいっしょに泳ごうかなー……<6E5C>なんて,,
dom3Mina_S01.mes,Script/dom3Mina_S01.mes,26,3,Mina,……,,
dom3Mina_S01.mes,Script/dom3Mina_S01.mes,27,44,주인공,ふぅ……まただんまりか.<6E5C>でも、今日は怒らないでいてくれる<6E5C>ようだから、少しうれしいよ,,
dom3Mina_S01.mes,Script/dom3Mina_S01.mes,28,2,Mina,!,,
dom3Mina_S01.mes,Script/dom3Mina_S01.mes,29,4,[효과음/내레이션],プイッ,,
dom3Mina_S01.mes,Script/dom3Mina_S01.mes,30,10,주인공,あ、ちょっと……!,,
dom3Mina_S01.mes,Script/dom3Mina_S01.mes,31,27,주인공,やれやれ、何か気に障ることを<6E5C>言ってしまったかな……,,
dom3Mina_S02.mes,Script/dom3Mina_S02.mes,0,50,[선택지],(<0002><0011><000B><0000><0000><0000><0000><0006><000A><0008><0000><0000><0001><0019><0006><0004><0000><0000><0000><002A><0000><0000><0000><0000><0000><000E><0008><FFFF><0000><0000><0000><0000><0028><001C><006E>チャンプル、ねんねしなさい,,
dom3Mina_S02.mes,Script/dom3Mina_S02.mes,1,6,UNKNOWN_7b,ミナー……,,
dom3Mina_S02.mes,Script/dom3Mina_S02.mes,2,14,주인공,おや、おやすみの時間かい?,,
dom3Mina_S02.mes,Script/dom3Mina_S02.mes,3,2,Mina,!,,
dom3Mina_S02.mes,Script/dom3Mina_S02.mes,4,28,주인공,(え、えらく警戒されてるな……<6E5C>ここはにっこり笑って),,
dom3Mina_S02.mes,Script/dom3Mina_S02.mes,5,4,[효과음/내레이션],ニカッ,,
dom3Mina_S02.mes,Script/dom3Mina_S02.mes,6,12,Mina,……何がおもしろいの?,,
dom3Mina_S02.mes,Script/dom3Mina_S02.mes,7,24,주인공,いや、別におもしろくて笑っている<6E5C>わけでは……,,
dom3Mina_S02.mes,Script/dom3Mina_S02.mes,8,16,Mina,もう、わたしたちに関わらないで,,
dom3Mina_S02.mes,Script/dom3Mina_S02.mes,9,7,주인공,で、でも……,,
dom3Mina_S02.mes,Script/dom3Mina_S02.mes,10,15,Mina,……ただ、ひと言だけ、いい?,,
dom3Mina_S02.mes,Script/dom3Mina_S02.mes,11,12,주인공,あ、ああ、なんだい!?,,
dom3Mina_S02.mes,Script/dom3Mina_S02.mes,12,6,Mina,……消えて,,
dom3Mina_S02.mes,Script/dom3Mina_S02.mes,13,3,주인공,……,,
dom3Mina_S02.mes,Script/dom3Mina_S02.mes,14,14,Mina,行こう、チャンプル.……ね,,
dom3Mina_S02.mes,Script/dom3Mina_S02.mes,15,4,UNKNOWN_7b,ミナー,,
dom3Mina_S02.mes,Script/dom3Mina_S02.mes,16,10,주인공,(き、きつい……),,
dom3Mina_S03.mes,Script/dom3Mina_S03.mes,0,6,주인공,あ……ミナ,,
dom3Mina_S03.mes,Script/dom3Mina_S03.mes,1,5,Mina,!<020A>……,,
dom3Mina_S03.mes,Script/dom3Mina_S03.mes,2,4,[효과음/내레이션],プイッ,,
dom3Mina_S03.mes,Script/dom3Mina_S03.mes,3,15,주인공,……徹底的に無視かよ……うぅ,,
dom3Mina_S03.mes,Script/dom3Mina_S03.mes,4,5,[효과음/내레이션],ポンポン,,
dom3Mina_S03.mes,Script/dom3Mina_S03.mes,5,5,UNKNOWN_1e,あふぁー,,
dom3Mina_S03.mes,Script/dom3Mina_S03.mes,6,19,주인공,ん?<6E5C>……おや、チャンプルじゃないか,,
dom3Mina_S03.mes,Script/dom3Mina_S03.mes,7,3,UNKNOWN_7b,うり,,
dom3Mina_S03.mes,Script/dom3Mina_S03.mes,8,20,주인공,これは……魚?<6E5C>これを俺にくれるのか?,,
dom3Mina_S03.mes,Script/dom3Mina_S03.mes,9,3,UNKNOWN_7b,う~,,
dom3Mina_S03.mes,Script/dom3Mina_S03.mes,10,54,주인공,お前もしかして、<6E5C>俺をなぐさめてくれてるのか?<6E5C>ううっ、すまない<485C>もののけのおまえに励まされる<6E5C>なんて……,,
dom3Mina_S03.mes,Script/dom3Mina_S03.mes,11,6,UNKNOWN_7b,シーサー!,,
dom3Mina_S03.mes,Script/dom3Mina_S03.mes,12,31,주인공,しーさー?<6E5C>おまえ、琉球の獅子か.<6E5C>そんな貫禄は微塵もないが,,
dom3Mina_S03.mes,Script/dom3Mina_S03.mes,13,5,UNKNOWN_7b,おぱ~い,,
dom3Mina_S03.mes,Script/dom3Mina_S03.mes,14,3,주인공,!?,,
dom3Mina_S03.mes,Script/dom3Mina_S03.mes,15,4,[효과음/내레이션],タタッ,,
dom3Mina_S03.mes,Script/dom3Mina_S03.mes,16,32,주인공,(行ってしまった…….<6E5C>とりあえず、頑張るとするか<6E5C>……はぁ),,
dom3Mina_S04.mes,Script/dom3Mina_S04.mes,0,6,UNKNOWN_1e,ピィーッ!,,
dom3Mina_S04.mes,Script/dom3Mina_S04.mes,1,6,[효과음/내레이션],バサバサッ,,
dom3Mina_S04.mes,Script/dom3Mina_S04.mes,2,4,주인공,うわ!,,
dom3Mina_S04.mes,Script/dom3Mina_S04.mes,3,4,[효과음/내레이션],トンッ,,
dom3Mina_S04.mes,Script/dom3Mina_S04.mes,4,28,주인공,た、鷹が俺の肩に……って、<6E5C>お前もしかしてママハハか?,,
dom3Mina_S04.mes,Script/dom3Mina_S04.mes,5,4,UNKNOWN_79,ピーッ,,
dom3Mina_S04.mes,Script/dom3Mina_S04.mes,6,9,UNKNOWN_1e,とぅいーとぅいー,,
dom3Mina_S04.mes,Script/dom3Mina_S04.mes,7,4,[효과음/내레이션],タタッ,,
dom3Mina_S04.mes,Script/dom3Mina_S04.mes,8,31,주인공,あれ、チャンプルじゃないか.<6E5C>なんだ、お前たち仲良しなのか?,,
dom3Mina_S04.mes,Script/dom3Mina_S04.mes,9,4,UNKNOWN_79,ピーッ,,
dom3Mina_S04.mes,Script/dom3Mina_S04.mes,10,3,UNKNOWN_7b,う~,,
dom3Mina_S04.mes,Script/dom3Mina_S04.mes,11,19,주인공,(何を言ってるのかわからんな……<6E5C>),,
dom3Mina_S04.mes,Script/dom3Mina_S04.mes,12,23,UNKNOWN_1e,フフッ、とても仲良しだと言って<6E5C>いるんですよ,,
dom3Mina_S04.mes,Script/dom3Mina_S04.mes,13,10,주인공,ナコルルじゃないか,,
dom3Mina_S04.mes,Script/dom3Mina_S04.mes,14,11,Nakoruru,こんにちは、<이름:3232>さん,,
dom3Mina_S04.mes,Script/dom3Mina_S04.mes,15,21,주인공,仲がいいんだな、<6E5C>ママハハとチャンプルは,,
dom3Mina_S04.mes,Script/dom3Mina_S04.mes,16,20,Nakoruru,チャンプル?<6E5C>あぁ、この子のことですね,,
dom3Mina_S04.mes,Script/dom3Mina_S04.mes,17,6,UNKNOWN_1e,チャンプル,,
dom3Mina_S04.mes,Script/dom3Mina_S04.mes,18,4,UNKNOWN_7b,ミナー,,
dom3Mina_S04.mes,Script/dom3Mina_S04.mes,19,14,Nakoruru,この子はあなたのお友だち?,,
dom3Mina_S04.mes,Script/dom3Mina_S04.mes,20,21,Mina,友だち……そう、<6E5C>わたしの一番大切な存在,,
dom3Mina_S04.mes,Script/dom3Mina_S04.mes,21,24,주인공,(ほう、ミナもナコルルには普通に<6E5C>話すんだな),,
dom3Mina_S04.mes,Script/dom3Mina_S04.mes,22,30,Nakoruru,もう少し、その子とママハハを<6E5C>遊ばせてあげてくれませんか?,,
dom3Mina_S04.mes,Script/dom3Mina_S04.mes,23,5,Mina,ええ……,,
dom3Mina_S04.mes,Script/dom3Mina_S04.mes,24,6,Nakoruru,ありがとう,,
dom3Mina_S04.mes,Script/dom3Mina_S04.mes,25,33,주인공,(おお、ほほえましい図だ…….<6E5C>その素直さを、少しは俺にも……),,
dom3Mina_S05.mes,Script/dom3Mina_S05.mes,0,31,주인공,(今日もいい天気だな.<6E5C>ちょっと水浴びでもしていくか……<6E5C>),,
dom3Mina_S05.mes,Script/dom3Mina_S05.mes,1,7,[효과음/내레이션],パシャパシャ,,
dom3Mina_S05.mes,Script/dom3Mina_S05.mes,2,9,UNKNOWN_1e,ちゅーうがなびら,,
dom3Mina_S05.mes,Script/dom3Mina_S05.mes,3,17,주인공,お、チャンプル.お前も水浴びか?,,
dom3Mina_S05.mes,Script/dom3Mina_S05.mes,4,3,UNKNOWN_7b,う~,,
dom3Mina_S05.mes,Script/dom3Mina_S05.mes,5,24,주인공,ははは、そうかそうか.<6E5C>なら、いっしょに遊ぶか,,
dom3Mina_S05.mes,Script/dom3Mina_S05.mes,6,4,UNKNOWN_7b,ミナー,,
dom3Mina_S05.mes,Script/dom3Mina_S05.mes,7,3,Mina,……,,
dom3Mina_S05.mes,Script/dom3Mina_S05.mes,8,23,주인공,や、やあ、ミナ.<6E5C>君もいっしょに遊ばないか?,,
dom3Mina_S05.mes,Script/dom3Mina_S05.mes,9,8,Mina,……チャンプル,,
dom3Mina_S05.mes,Script/dom3Mina_S05.mes,10,5,UNKNOWN_7b,どぅし~,,
dom3Mina_S05.mes,Script/dom3Mina_S05.mes,11,5,Mina,……そう,,
dom3Mina_S05.mes,Script/dom3Mina_S05.mes,12,6,Mina,……そうね,,
dom3Mina_S05.mes,Script/dom3Mina_S05.mes,13,4,UNKNOWN_7b,ミナー,,
dom3Mina_S05.mes,Script/dom3Mina_S05.mes,14,26,주인공,(おぉ、よくわからんが、<6E5C>何やら通じたようだな!),,
dom3Mina_S05.mes,Script/dom3Mina_S05.mes,15,20,Mina,わたしも……<6E5C>仲間に入れてくれ……る?,,
dom3Mina_S05.mes,Script/dom3Mina_S05.mes,16,22,주인공,も、もちろんだ!<6E5C>よし、いっしょに遊ぼう!,,
dom3Mina_S05.mes,Script/dom3Mina_S05.mes,17,17,주인공,(チャンプルのおかげだな……!),,
dom3Mina_S06.mes,Script/dom3Mina_S06.mes,0,9,[효과음/내레이션],ぐ~きゅるる……,,
dom3Mina_S06.mes,Script/dom3Mina_S06.mes,1,15,UNKNOWN_1e,あはは、腹の虫が騒がしいねぇ,,
dom3Mina_S06.mes,Script/dom3Mina_S06.mes,2,5,주인공,むむ……,,
dom3Mina_S06.mes,Script/dom3Mina_S06.mes,3,31,Shino,ほら、食べて行きなよ.<6E5C>おいしいおだんごができた<6E5C>とこだから,,
dom3Mina_S06.mes,Script/dom3Mina_S06.mes,4,25,주인공,いや、俺は持ち合わせがないから、<6E5C>遠慮しておくよ,,
dom3Mina_S06.mes,Script/dom3Mina_S06.mes,5,22,Shino,なーに言ってんの!<6E5C>ごちそうしてあげるわよ,,
dom3Mina_S06.mes,Script/dom3Mina_S06.mes,6,7,주인공,ほ、本当か?,,
dom3Mina_S06.mes,Script/dom3Mina_S06.mes,7,4,UNKNOWN_1e,ミナー,,
dom3Mina_S06.mes,Script/dom3Mina_S06.mes,8,12,Shino,おや、なんだいこの子?,,
dom3Mina_S06.mes,Script/dom3Mina_S06.mes,9,7,주인공,チャンプル?,,
dom3Mina_S06.mes,Script/dom3Mina_S06.mes,10,3,[효과음/내레이션],タッ,,
dom3Mina_S06.mes,Script/dom3Mina_S06.mes,11,3,Mina,……,,
dom3Mina_S06.mes,Script/dom3Mina_S06.mes,12,15,주인공,おお、ミナもいっしょだったか,,
dom3Mina_S06.mes,Script/dom3Mina_S06.mes,13,40,Shino,お知り合いかい?<6E5C>だったら丁度いいよ<485C>ほら、あんたも<6E5C>おだんご食べて行きなよ!,,
dom3Mina_S06.mes,Script/dom3Mina_S06.mes,14,3,Mina,……,,
dom3Mina_S06.mes,Script/dom3Mina_S06.mes,15,4,[효과음/내레이션],プイッ,,
dom3Mina_S06.mes,Script/dom3Mina_S06.mes,16,14,Shino,ちょ、ちょっと、待ちなよ!,,
dom3Mina_S06.mes,Script/dom3Mina_S06.mes,17,35,주인공,ま……まぁまぁ、落ち着いて.<6E5C>あの子は少し人付き合いが<6E5C>苦手なんだよ,,
dom3Mina_S06.mes,Script/dom3Mina_S06.mes,18,36,Shino,う~、人がめずらしく商売抜いて<6E5C>差し出した親切心を…….<6E5C>知らないっ!,,
dom3Mina_S06.mes,Script/dom3Mina_S06.mes,19,4,[효과음/내레이션],プイッ,,
dom3Mina_S06.mes,Script/dom3Mina_S06.mes,20,17,주인공,やれやれ……って、おだんごは!?,,
dom3Mina_S07.mes,Script/dom3Mina_S07.mes,0,3,주인공,……,,
dom3Mina_S07.mes,Script/dom3Mina_S07.mes,1,6,[효과음/내레이션],バシュッ!,,
dom3Mina_S07.mes,Script/dom3Mina_S07.mes,2,19,주인공,(ミナ……黙々と矢を撃っているな<6E5C>),,
dom3Mina_S07.mes,Script/dom3Mina_S07.mes,3,15,주인공,ミナ、君はどうしてこの町へ?,,
dom3Mina_S07.mes,Script/dom3Mina_S07.mes,4,3,Mina,……,,
dom3Mina_S07.mes,Script/dom3Mina_S07.mes,5,19,주인공,あ、いや、言いたくなければ<6E5C>いいんだ,,
dom3Mina_S07.mes,Script/dom3Mina_S07.mes,6,40,주인공,ただ、女の子が故郷を離れてひとり<6E5C>、この町で何をしているのか<6E5C>気になって……な,,
dom3Mina_S07.mes,Script/dom3Mina_S07.mes,7,27,Mina,……ひとりじゃない.<6E5C>わたしには……チャンプルがいる,,
dom3Mina_S07.mes,Script/dom3Mina_S07.mes,8,28,주인공,そ、それはそうなんだが、<6E5C>ご両親は心配していないのか?,,
dom3Mina_S07.mes,Script/dom3Mina_S07.mes,9,46,Mina,……お父さんとお母さんは……<6E5C>死んだ.あやかしに村が襲われて<6E5C>……その時に、ふたりとも……,,
dom3Mina_S07.mes,Script/dom3Mina_S07.mes,10,2,주인공,!,,
dom3Mina_S07.mes,Script/dom3Mina_S07.mes,11,15,주인공,そ、そうだったのか……すまん,,
dom3Mina_S07.mes,Script/dom3Mina_S07.mes,12,3,Mina,……,,
dom3Mina_S07.mes,Script/dom3Mina_S07.mes,13,16,주인공,……その傷を癒すために、旅を?,,
dom3Mina_S07.mes,Script/dom3Mina_S07.mes,14,45,Mina,……違う.わたしは妖滅師……<6E5C>だから、村を滅ぼしたあやかしを<6E5C>滅するためにここへ来た……,,
dom3Mina_S07.mes,Script/dom3Mina_S07.mes,15,17,주인공,!<020A>この近くにそのあやかしが!?,,
dom3Mina_S07.mes,Script/dom3Mina_S07.mes,16,13,Mina,……あなたには、関係ない,,
dom3Mina_S07.mes,Script/dom3Mina_S07.mes,17,4,[효과음/내레이션],プイッ,,
dom3Mina_S07.mes,Script/dom3Mina_S07.mes,18,15,주인공,……そんなことが……ミナ……,,
dom3Mina_S08.mes,Script/dom3Mina_S08.mes,0,4,UNKNOWN_7b,ミナー,,
dom3Mina_S08.mes,Script/dom3Mina_S08.mes,1,15,Mina,……どうしたの、チャンプル?,,
dom3Mina_S08.mes,Script/dom3Mina_S08.mes,2,8,주인공,誰か来たのか?,,
dom3Mina_S08.mes,Script/dom3Mina_S08.mes,3,3,UNKNOWN_7b,う~,,
dom3Mina_S08.mes,Script/dom3Mina_S08.mes,4,14,UNKNOWN_1e,アラ、<이름:3232>ちゃんじゃない?,,
dom3Mina_S08.mes,Script/dom3Mina_S08.mes,5,4,주인공,あ……,,
dom3Mina_S08.mes,Script/dom3Mina_S08.mes,6,31,Saya,お楽しみの最中だったのかしら.<6E5C>ワタシ、おジャマしちゃった?,,
dom3Mina_S08.mes,Script/dom3Mina_S08.mes,7,15,주인공,そ、そんなのじゃないですよ!,,
dom3Mina_S08.mes,Script/dom3Mina_S08.mes,8,12,Mina,……行こう、チャンプル,,
dom3Mina_S08.mes,Script/dom3Mina_S08.mes,9,4,[효과음/내레이션],プイッ,,
dom3Mina_S08.mes,Script/dom3Mina_S08.mes,10,13,Saya,アララ、行っちゃったわね,,
dom3Mina_S08.mes,Script/dom3Mina_S08.mes,11,16,주인공,……なんか怒ってませんでした?,,
dom3Mina_S08.mes,Script/dom3Mina_S08.mes,12,36,Saya,カワイイじゃない、ヤキモチ焼く<6E5C>なんて.大事にしてあげなきゃ<6E5C>ダメよ?,,
dom3Mina_S08.mes,Script/dom3Mina_S08.mes,13,34,주인공,まさか、ミナが俺のためにやきもち<6E5C>なんて焼くわけないじゃないですか,,
dom3Mina_S08.mes,Script/dom3Mina_S08.mes,14,17,Saya,……フゥ.何もわかってないわねェ,,
dom3Mina_S09.mes,Script/dom3Mina_S09.mes,0,10,Mikoto,……ゴホッ、ゴホッ,,
dom3Mina_S09.mes,Script/dom3Mina_S09.mes,1,22,주인공,大丈夫ですか、<6E5C>顔色がすぐれないようだけど,,
dom3Mina_S09.mes,Script/dom3Mina_S09.mes,2,17,Mikoto,はい…….<6E5C>あ……ああぁぁっっっ,,
dom3Mina_S09.mes,Script/dom3Mina_S09.mes,3,5,주인공,命さん?,,
dom3Mina_S09.mes,Script/dom3Mina_S09.mes,4,10,Mikoto,……ホホ、ソナタか,,
dom3Mina_S09.mes,Script/dom3Mina_S09.mes,5,5,주인공,ん……?,,
dom3Mina_S09.mes,Script/dom3Mina_S09.mes,6,23,Mikoto,どうした?<6E5C>ワラワのこの姿を恐れているのか?,,
dom3Mina_S09.mes,Script/dom3Mina_S09.mes,7,10,주인공,……ミ、命さん!?,,
dom3Mina_S09.mes,Script/dom3Mina_S09.mes,8,8,UNKNOWN_1e,このあやかし!,,
dom3Mina_S09.mes,Script/dom3Mina_S09.mes,9,14,주인공,ミナ!?どうしてここに……,,
dom3Mina_S09.mes,Script/dom3Mina_S09.mes,10,11,Mikoto,なんじゃ、ソナタは?,,
dom3Mina_S09.mes,Script/dom3Mina_S09.mes,11,24,Mina,ひどい邪気……!<6E5C>あやかしは……許さない……!,,
dom3Mina_S09.mes,Script/dom3Mina_S09.mes,12,7,[효과음/내레이션],キリキリ……,,
dom3Mina_S09.mes,Script/dom3Mina_S09.mes,13,16,주인공,ちょ、ちょっとミナ!早まるな!,,
dom3Mina_S09.mes,Script/dom3Mina_S09.mes,14,7,Mina,……早まる?,,
dom3Mina_S09.mes,Script/dom3Mina_S09.mes,15,49,주인공,命さんは重い病気なんだ<485C>病と懸命にたたかっているのに、<6E5C>わけも閉かず、<6E5C>そんなことはやめてくれ!,,
dom3Mina_S09.mes,Script/dom3Mina_S09.mes,16,3,Mina,……,,
dom3Mina_S09.mes,Script/dom3Mina_S09.mes,17,16,Mikoto,ホホホホホ!小娘に何ができる!,,
dom3Mina_S09.mes,Script/dom3Mina_S09.mes,18,16,Mina,……ダメ、あやかしは許せない!,,
dom3Mina_S09.mes,Script/dom3Mina_S09.mes,19,6,[효과음/내레이션],バシュッ!,,
dom3Mina_S09.mes,Script/dom3Mina_S09.mes,20,9,주인공,危ない、命さん!,,
dom3Mina_S09.mes,Script/dom3Mina_S09.mes,21,5,[효과음/내레이션],ブスッ!,,
dom3Mina_S09.mes,Script/dom3Mina_S09.mes,22,6,주인공,うぐァァ!,,
dom3Mina_S09.mes,Script/dom3Mina_S09.mes,23,4,Mina,……!,,
dom3Mina_S09.mes,Script/dom3Mina_S09.mes,24,19,Mikoto,……ハッ!<6E5C><이름:3131>様!<6E5C>どうして……?,,
dom3Mina_S09.mes,Script/dom3Mina_S09.mes,25,19,주인공,ぐっ…….<6E5C>きゅ、急所は外した……ぞ,,
dom3Mina_S09.mes,Script/dom3Mina_S09.mes,26,4,[효과음/내레이션],ドサッ,,
dom3Mina_S10.mes,Script/dom3Mina_S10.mes,0,18,UNKNOWN_22,・こいつ、まだここにいやがったか!,,
dom3Mina_S10.mes,Script/dom3Mina_S10.mes,1,17,UNKNOWN_20,:……さっさと消えろ、異国人が!,,
dom3Mina_S10.mes,Script/dom3Mina_S10.mes,2,10,주인공,(ん?あれは……),,
dom3Mina_S10.mes,Script/dom3Mina_S10.mes,3,3,Mina,……,,
dom3Mina_S10.mes,Script/dom3Mina_S10.mes,4,7,UNKNOWN_7b,わじわじー!,,
dom3Mina_S10.mes,Script/dom3Mina_S10.mes,5,17,UNKNOWN_20,・な、なんだこの小っこいのは!?,,
dom3Mina_S10.mes,Script/dom3Mina_S10.mes,6,17,UNKNOWN_20,:異国から連れてきたもののけか?,,
dom3Mina_S10.mes,Script/dom3Mina_S10.mes,7,13,Mina,違う……チャンプルは……,,
dom3Mina_S10.mes,Script/dom3Mina_S10.mes,8,10,주인공,(あいつら……!),,
dom3Mina_S10.mes,Script/dom3Mina_S10.mes,9,4,[효과음/내레이션],タタッ,,
dom3Mina_S10.mes,Script/dom3Mina_S10.mes,10,9,UNKNOWN_7b,ゆたさいびーん!,,
dom3Mina_S10.mes,Script/dom3Mina_S10.mes,11,5,Kasumi,・ひっ!,,
dom3Mina_S10.mes,Script/dom3Mina_S10.mes,12,12,Mina,……チャンプル、いいの,,
dom3Mina_S10.mes,Script/dom3Mina_S10.mes,13,6,UNKNOWN_7b,ミナー……,,
dom3Mina_S10.mes,Script/dom3Mina_S10.mes,14,26,UNKNOWN_32,:ば、化け物たちめ!<6E5C>さっさとここから消えやがれ!,,
dom3Mina_S10.mes,Script/dom3Mina_S10.mes,15,16,주인공,……消えるのは、お前たちの方だ,,
dom3Mina_S10.mes,Script/dom3Mina_S10.mes,16,9,UNKNOWN_10,:な、なんだお前,,
dom3Mina_S10.mes,Script/dom3Mina_S10.mes,17,28,주인공,さっさと行け.<6E5C>それとも、この刀の<6E5C>サビになりたいか?,,
dom3Mina_S10.mes,Script/dom3Mina_S10.mes,18,5,[효과음/내레이션],チャッ!,,
dom3Mina_S10.mes,Script/dom3Mina_S10.mes,19,12,UNKNOWN_16,:ちっ!おい、行こうぜ,,
dom3Mina_S10.mes,Script/dom3Mina_S10.mes,20,6,Kaidou,・お、おう,,
dom3Mina_S10.mes,Script/dom3Mina_S10.mes,21,6,[효과음/내레이션],タタッ……,,
dom3Mina_S10.mes,Script/dom3Mina_S10.mes,22,23,주인공,やれやれ…….<6E5C>ミナ、チャンプル、大丈夫か?,,
dom3Mina_S10.mes,Script/dom3Mina_S10.mes,23,3,Mina,……,,
dom3Mina_S10.mes,Script/dom3Mina_S10.mes,24,6,UNKNOWN_7b,ミナー……,,
dom3Mina_S10.mes,Script/dom3Mina_S10.mes,25,30,Mina,……こんなこと、もう慣れてる……<6E5C>.行こう、チャンプル……,,
dom3Mina_S10.mes,Script/dom3Mina_S10.mes,26,5,UNKNOWN_7b,ミーナー,,
dom3Mina_S10.mes,Script/dom3Mina_S10.mes,27,24,주인공,あ…….<6E5C>くそ、俺には何もできないのか……<6E5C>!,,
dom3Mina_X01.mes,Script/dom3Mina_X01.mes,0,30,주인공,ミナ……そんな顔するなよ.<6E5C>チャンプルはきっと見つかるから,,
dom3Mina_X01.mes,Script/dom3Mina_X01.mes,1,5,Mina,……うん,,
dom3Mina_X01.mes,Script/dom3Mina_X01.mes,2,17,주인공,(なんとしても探さないとな……),,
dom3Mina_X01.mes,Script/dom3Mina_X01.mes,3,29,Iroha,あら、旦那様.どうしたんです?<6E5C>おなかが空いたんですか?,,
dom3Mina_X01.mes,Script/dom3Mina_X01.mes,4,13,주인공,いや、そうじゃなくて……,,
dom3Mina_X01.mes,Script/dom3Mina_X01.mes,5,40,Iroha,あ!もしかしてサボりですか?<6E5C>ダメですよ.ごはんはお仕事が<6E5C>終わってからです!,,
dom3Mina_X01.mes,Script/dom3Mina_X01.mes,6,16,주인공,いやいや、だからそうじゃなくて,,
dom3Mina_X01.mes,Script/dom3Mina_X01.mes,7,14,Iroha,ほら、早く行ってください!,,
dom3Mina_X01.mes,Script/dom3Mina_X01.mes,8,15,주인공,お、押すなよ、わかったから!,,
dom3Mina_X01.mes,Script/dom3Mina_X01.mes,9,20,UNKNOWN_74,……ったく、<6E5C>ナンパがうまくいかねぇな,,
dom3Mina_X01.mes,Script/dom3Mina_X01.mes,10,14,주인공,狂エ門か.またナンパ中か?,,
dom3Mina_X01.mes,Script/dom3Mina_X01.mes,11,19,UNKNOWN_74,う、うるせぇ!誰が万年女日照りだ<6E5C>!,,
dom3Mina_X01.mes,Script/dom3Mina_X01.mes,12,35,주인공,いや、そんなこと言ってないよ.<6E5C>それより、チャンプルを<6E5C>知らないか?,,
dom3Mina_X01.mes,Script/dom3Mina_X01.mes,13,8,UNKNOWN_74,ちゃんぷるぅ?,,
dom3Mina_X01.mes,Script/dom3Mina_X01.mes,14,25,주인공,いつもミナが連れてる、<6E5C>小さなシーサーのことだよ,,
dom3Mina_X01.mes,Script/dom3Mina_X01.mes,15,42,UNKNOWN_74,ああ、あの化け物のことかよ.<6E5C>知らねぇな.知ってても、お前に<6E5C>教えてやる義理はねぇ,,
dom3Mina_X01.mes,Script/dom3Mina_X01.mes,16,3,Mina,……,,
dom3Mina_X01.mes,Script/dom3Mina_X01.mes,17,7,[효과음/내레이션],キリキリ……,,
dom3Mina_X01.mes,Script/dom3Mina_X01.mes,18,33,UNKNOWN_74,お、おい、なんで弓を構えてんだよ<6E5C>?ほんとに知らねぇんだって!!,,
dom3Mina_X01.mes,Script/dom3Mina_X01.mes,19,25,주인공,ミ、ミナ、落ち着いて.<6E5C>早く他を探しに行こう、な,,
dom3Mina_X01.mes,Script/dom3Mina_X01.mes,20,5,Mina,……うん,,
dom3Mina_X01.mes,Script/dom3Mina_X01.mes,21,37,UNKNOWN_74,なんだよ、お前の言うことは<6E5C>素直に閉くんだな.ケッ!<6E5C>やってらんねぇぜ!,,
dom3Mina_X01.mes,Script/dom3Mina_X01.mes,22,8,Shino,いらっしゃい!,,
dom3Mina_X01.mes,Script/dom3Mina_X01.mes,23,15,주인공,今日も元気だなぁ、詩乃さんは,,
dom3Mina_X01.mes,Script/dom3Mina_X01.mes,24,35,Shino,あったり前だよ!<6E5C>元気がなきゃ、店の切り盛りなんて<6E5C>できないからね!,,
dom3Mina_X01.mes,Script/dom3Mina_X01.mes,25,41,주인공,そうか、みんなそれぞれに自分の<6E5C>道でがんばってるんだなぁ.<6E5C>それに比べて俺は……,,
dom3Mina_X01.mes,Script/dom3Mina_X01.mes,26,7,[효과음/내레이션],クイックイッ,,
dom3Mina_X01.mes,Script/dom3Mina_X01.mes,27,11,Mina,……チャンプル、は?,,
dom3Mina_X01.mes,Script/dom3Mina_X01.mes,28,36,주인공,あ、ああ、そうだったな.<6E5C>詩乃さん、チャンプルを<6E5C>見かけなかったかい?,,
dom3Mina_X01.mes,Script/dom3Mina_X01.mes,29,25,Shino,チャンプルって、その子が連れてた<6E5C>もののけかい?,,
dom3Mina_X01.mes,Script/dom3Mina_X01.mes,30,3,주인공,うん,,
dom3Mina_X01.mes,Script/dom3Mina_X01.mes,31,50,Shino,うーん、見かけないかな.最近、よ<6E5C>くあやかしが出て人を襲うって話は<6E5C>閉くけど……あの子は小さいしね,,
dom3Mina_X01.mes,Script/dom3Mina_X01.mes,32,6,주인공,そうですか,,
dom3Mina_X01.mes,Script/dom3Mina_X01.mes,33,41,Shino,お客さんにも閉いといてあげるよ.<6E5C>何かわかったら教えてあげるから、<6E5C>元気出しな!,,
dom3Mina_X01.mes,Script/dom3Mina_X01.mes,34,14,주인공,うん、ありがとう、詩乃さん,,
dom3Mina_X01.mes,Script/dom3Mina_X01.mes,35,8,Mina,……ありがとう,,
dom3Mina_X01.mes,Script/dom3Mina_X01.mes,36,46,주인공,(うわー、今日も若い男の生徒が<6E5C>いっぱいだな.サヤさん美人だし、<6E5C>教え方もうまいもんなぁ),,
dom3Mina_X01.mes,Script/dom3Mina_X01.mes,37,9,Mina,……いやらしい顔,,
dom3Mina_X01.mes,Script/dom3Mina_X01.mes,38,15,주인공,え?いや、俺はそんなつもりは,,
dom3Mina_X01.mes,Script/dom3Mina_X01.mes,39,6,Mina,知らない!,,
dom3Mina_X01.mes,Script/dom3Mina_X01.mes,40,4,[효과음/내레이션],プイッ,,
dom3Mina_X01.mes,Script/dom3Mina_X01.mes,41,28,주인공,あ、ちょっと、待ってくれよ!<6E5C>俺も何しに来たんだか……,,
dom3Mina_X01.mes,Script/dom3Mina_X01.mes,42,14,주인공,凛花ちゃん、今日も稽古か?,,
dom3Mina_X01.mes,Script/dom3Mina_X01.mes,43,25,Rinka,あんたには関係ないだろ.<6E5C>邪魔するんなら帰ってよ,,
dom3Mina_X01.mes,Script/dom3Mina_X01.mes,44,28,주인공,ま、まぁそう言わずに.<6E5C>ちょっと閉きたいことがあるんだ,,
dom3Mina_X01.mes,Script/dom3Mina_X01.mes,45,8,Rinka,閉きたいこと?,,
dom3Mina_X01.mes,Script/dom3Mina_X01.mes,46,31,주인공,最近、チャンプルを見かけなかった<6E5C>?迷子になっちゃったんだよ,,
dom3Mina_X01.mes,Script/dom3Mina_X01.mes,47,28,Rinka,チャンプル……知らないね.<6E5C>鉄之介、どこかで見かけた?,,
dom3Mina_X01.mes,Script/dom3Mina_X01.mes,48,3,UNKNOWN_7a,ヂゥ,,
dom3Mina_X01.mes,Script/dom3Mina_X01.mes,49,27,Rinka,見てないみたいだね.<6E5C>悪いけど、他を当たってくれる?,,
dom3Mina_X01.mes,Script/dom3Mina_X01.mes,50,28,주인공,そうか、鉄之介なら何か<6E5C>知ってるかも、と思ったんだけど,,
dom3Mina_X01.mes,Script/dom3Mina_X01.mes,51,22,Mikoto,……<이름:3131>様.<6E5C>また来てくださったんですか?,,
dom3Mina_X01.mes,Script/dom3Mina_X01.mes,52,6,Mina,……また?,,
dom3Mina_X01.mes,Script/dom3Mina_X01.mes,53,20,주인공,う、うん、命さん、<6E5C>お加減はどうだい?,,
dom3Mina_X01.mes,Script/dom3Mina_X01.mes,54,43,Mikoto,はい……<이름:3131>様が来てくださる<6E5C>ようになってから、ずいぶんと<6E5C>良くなった気がします……,,
dom3Mina_X01.mes,Script/dom3Mina_X01.mes,55,3,Mina,……,,
dom3Mina_X01.mes,Script/dom3Mina_X01.mes,56,15,주인공,(う……ミナの視線が刺さる),,
dom3Mina_X01.mes,Script/dom3Mina_X01.mes,57,23,주인공,あの、命さんはチャンプルって<6E5C>知ってるかい?,,
dom3Mina_X01.mes,Script/dom3Mina_X01.mes,58,21,Mikoto,チャンプル……?<6E5C>琉球のお料理でしょうか,,
dom3Mina_X01.mes,Script/dom3Mina_X01.mes,59,47,주인공,いや、ミナの友だちの、かわいら<6E5C>しいシーサーなんだけど、どこかへ<6E5C>行ってしまって探してるんだ,,
dom3Mina_X01.mes,Script/dom3Mina_X01.mes,60,10,Mikoto,シーサー……ですか,,
dom3Mina_X01.mes,Script/dom3Mina_X01.mes,61,35,Mikoto,そういえば、最近、町の方で<6E5C>あやかしが出るとよく噂を<6E5C>閉きますが……,,
dom3Mina_X01.mes,Script/dom3Mina_X01.mes,62,41,주인공,うーん、チャンプルは赤子くらいの<6E5C>大きさだし、あやかしってわけでは<6E5C>ないからなぁ,,
dom3Mina_X01.mes,Script/dom3Mina_X01.mes,63,50,Mikoto,そうですか…….<6E5C>残念ですけど、わたくしには他に<6E5C>覚えがありません<485C>お役に立てなくて、ごめんなさい,,
dom3Mina_X01.mes,Script/dom3Mina_X01.mes,64,27,주인공,いや、いいんですよ.<6E5C>ありがとう、命さん.お大事にね,,
dom3Mina_X01.mes,Script/dom3Mina_X01.mes,65,15,Mikoto,はい……ありがとうございます,,
dom3Mina_X01.mes,Script/dom3Mina_X01.mes,66,63,UNKNOWN_29,A<0000><0000><0000><0000><0003><0008><0003><0003>G<0001><0011><000A><0000><0000><0000><0000><0006><000A><0005><0000><0000><0001><0019><0016><0000><0000><0000><0000><0019><0001><0000><0000><0000><0000><000D><0000><0000><0000><0000><0000><0000><0030><0024><006B>今日はどうしたんですか、<6E5C><이름:3232>さん,,
dom3Mina_X01.mes,Script/dom3Mina_X01.mes,67,20,주인공,うん、ちょっとチャンプルを<6E5C>探しててね,,
dom3Mina_X01.mes,Script/dom3Mina_X01.mes,68,23,Nakoruru,チャンプル……あの子がどうか<6E5C>したんですか?,,
dom3Mina_X01.mes,Script/dom3Mina_X01.mes,69,16,주인공,どこかへ消えてしまったんだ……,,
dom3Mina_X01.mes,Script/dom3Mina_X01.mes,70,12,UNKNOWN_7e,姉様、チャンプルって?,,
dom3Mina_X01.mes,Script/dom3Mina_X01.mes,71,31,Nakoruru,ミナさんのお友だちで、ママハハと<6E5C>も仲良しの小さなシーサーよ,,
dom3Mina_X01.mes,Script/dom3Mina_X01.mes,72,15,UNKNOWN_7e,えー!あたしも会いたいなぁ!,,
dom3Mina_X01.mes,Script/dom3Mina_X01.mes,73,36,주인공,そうだ、ママハハならチャンプルが<6E5C>どこにいるか知ってるんじゃないか<6E5C>?,,
dom3Mina_X01.mes,Script/dom3Mina_X01.mes,74,21,Nakoruru,ごめんなさい、ママハハは<6E5C>今いないんです,,
dom3Mina_X01.mes,Script/dom3Mina_X01.mes,75,13,주인공,え?ママハハも行方不明?,,
dom3Mina_X01.mes,Script/dom3Mina_X01.mes,76,39,Nakoruru,いえ、何か気になることがある<6E5C>らしくて、あちこちを飛び回ってる<6E5C>ようなんです,,
dom3Mina_X01.mes,Script/dom3Mina_X01.mes,77,49,주인공,気になること……なんだろう<485C>でも、そんなに飛び回ってるなら、<6E5C>チャンプルを見てるかも<6E5C>しれないな,,
dom3Mina_X01.mes,Script/dom3Mina_X01.mes,78,6,Nakoruru,そうですね,,
dom3Mina_X01.mes,Script/dom3Mina_X01.mes,79,14,주인공,うん、それじゃ、また来るよ,,
dom3Mina_X01.mes,Script/dom3Mina_X01.mes,80,59,UNKNOWN_29,<0174><0000><0000><0000><0000><0011><000B><0000><0000><0000><0000><0006><000A><0008><0000><0000><0001><0019><0007><0001><0000><0000><0000><000D><0000><0000><0000><0000><0000><000E><0008><FFFF><0000><0000><0000><0000><0034><0028><006E>チャンプル……<6E5C>やっぱり帰ってない……,,
dom3Mina_X01.mes,Script/dom3Mina_X01.mes,81,17,주인공,うーん、どこに行ってしまったんだ,,
dom3Mina_X01.mes,Script/dom3Mina_X01.mes,82,20,Mina,わたしのこと、<6E5C>嫌いになったのかな……,,
dom3Mina_X01.mes,Script/dom3Mina_X01.mes,83,38,주인공,そんなわけないだろう.<6E5C>チャンプルは、誰よりも<6E5C>ミナのことが好きなんだから,,
dom3Mina_X01.mes,Script/dom3Mina_X01.mes,84,5,Mina,……うん,,
dom3Mina_X01.mes,Script/dom3Mina_X01.mes,85,12,주인공,ほら、他を探しに行こう,,
dom3Mina_X01.mes,Script/dom3Mina_X01.mes,86,11,주인공,見つからなかった、な,,
dom3Mina_X01.mes,Script/dom3Mina_X01.mes,87,8,Mina,チャンプル……,,
dom3Mina_X01.mes,Script/dom3Mina_X01.mes,88,28,주인공,今日はもう遅いから、また明日、<6E5C>明るくなってから探そう,,
dom3Mina_X01.mes,Script/dom3Mina_X01.mes,89,5,Mina,……うん,,
dom3Mina_X01.mes,Script/dom3Mina_X01.mes,90,16,주인공,大丈夫、明日はきっと見つかる!,,
dom3Mina_X01.mes,Script/dom3Mina_X01.mes,91,5,Mina,……うん,,
dom3Mina_X01.mes,Script/dom3Mina_X01.mes,92,19,주인공,それじゃ、ゆっくり寝るんだぞ、<6E5C>ミナ,,
dom3Mina_X01.mes,Script/dom3Mina_X01.mes,93,5,Mina,……うん,,
dom3Mina_X01.mes,Script/dom3Mina_X01.mes,94,23,주인공,(ミナ……このままじゃ倒れて<6E5C>しまいそうだ),,
dom3Mina_X01.mes,Script/dom3Mina_X01.mes,95,13,주인공,遅くなってしまったな……,,
dom3Mina_X01.mes,Script/dom3Mina_X01.mes,96,5,UNKNOWN_1e,う~……,,
dom3Mina_X01.mes,Script/dom3Mina_X01.mes,97,3,주인공,ん?,,
dom3Mina_X01.mes,Script/dom3Mina_X01.mes,98,7,UNKNOWN_1e,ミ……ナ……,,
dom3Mina_X01.mes,Script/dom3Mina_X01.mes,99,22,주인공,チャンプルの声?<6E5C>いるのか、チャンプル!?,,
dom3Mina_X01.mes,Script/dom3Mina_X01.mes,100,8,UNKNOWN_1e,ゴオォォォォ!,,
dom3Mina_X01.mes,Script/dom3Mina_X01.mes,101,6,[효과음/내레이션],ザシュッ!,,
dom3Mina_X01.mes,Script/dom3Mina_X01.mes,102,8,주인공,ぐわぁぁぁ!!,,
dom3Mina_X01.mes,Script/dom3Mina_X01.mes,103,4,[효과음/내레이션],バタッ,,
dom3Mina_X01.mes,Script/dom3Mina_X01.mes,104,27,주인공,(う……い、いきなり背後から<6E5C>襲ってくるなんて……),,
dom3Mina_X01.mes,Script/dom3Mina_X01.mes,105,20,주인공,(し、しかし、<6E5C>今の化け物……は……),,
dom3Mina_X02.mes,Script/dom3Mina_X02.mes,0,12,UNKNOWN_1e,旦那様……旦那様……!,,
dom3Mina_X02.mes,Script/dom3Mina_X02.mes,1,5,주인공,うぅ……,,
dom3Mina_X02.mes,Script/dom3Mina_X02.mes,2,27,Iroha,あ!旦那様、やっと気づかれ<6E5C>たんですね!良かった……,,
dom3Mina_X02.mes,Script/dom3Mina_X02.mes,3,15,주인공,いろは……?俺はいったい……,,
dom3Mina_X02.mes,Script/dom3Mina_X02.mes,4,59,Iroha,旦那様は昨夜、あやかしに<6E5C>襲われたんです<485C>私がすぐに倒れている<6E5C>旦那様を見つけたので、<6E5C>大事にはいたりませんでしたが,,
dom3Mina_X02.mes,Script/dom3Mina_X02.mes,5,8,주인공,あやかしに……,,
dom3Mina_X02.mes,Script/dom3Mina_X02.mes,6,34,주인공,(そうか、チャンプルの声を閉いた<6E5C>と思った瞬間、背後から襲われて),,
dom3Mina_X02.mes,Script/dom3Mina_X02.mes,7,28,Iroha,旦那様、だいじょうぶですか?<6E5C>いろはは心配で心配で……,,
dom3Mina_X02.mes,Script/dom3Mina_X02.mes,8,24,주인공,ああ、大丈夫だよ.<6E5C>心配かけてごめんよ、いろは,,
dom3Mina_X02.mes,Script/dom3Mina_X02.mes,9,38,주인공,(意識を失う間際に見たのは、<6E5C>赤い巨大な獅子…….<6E5C>前にも見たことがある),,
dom3Mina_X02.mes,Script/dom3Mina_X02.mes,10,4,[효과음/내레이션],ガタッ,,
dom3Mina_X02.mes,Script/dom3Mina_X02.mes,11,4,Mina,あ……,,
dom3Mina_X02.mes,Script/dom3Mina_X02.mes,12,10,주인공,ミナ?どうしたんだ,,
dom3Mina_X02.mes,Script/dom3Mina_X02.mes,13,24,Mina,あなたが……あやかしに<6E5C>襲われたって閉いて……,,
dom3Mina_X02.mes,Script/dom3Mina_X02.mes,14,24,주인공,そうか、見舞いに来てくれたんだな<6E5C>.ありがとう,,
dom3Mina_X02.mes,Script/dom3Mina_X02.mes,15,20,Mina,その傷……<6E5C>獣に引き裂かれたみたい……,,
dom3Mina_X02.mes,Script/dom3Mina_X02.mes,16,24,주인공,ああ……また、あの獅子の化け物が<6E5C>出たんだ……,,
dom3Mina_X02.mes,Script/dom3Mina_X02.mes,17,5,Mina,……そう,,
dom3Mina_X02.mes,Script/dom3Mina_X02.mes,18,50,주인공,(チャンプルの声を閉いたってこと<6E5C>は、だまっておいたほうがいいのか<6E5C>な……まさかとは思うけど……),,
dom3Mina_X02.mes,Script/dom3Mina_X02.mes,19,15,Mina,今日は……探しに行けない、ね,,
dom3Mina_X02.mes,Script/dom3Mina_X02.mes,20,21,Iroha,当たり前です!<6E5C>旦那様は絶対安静ですよ!,,
dom3Mina_X02.mes,Script/dom3Mina_X02.mes,21,22,Mina,そう、ね……ごめんなさい…….<6E5C>帰る……ね,,
dom3Mina_X02.mes,Script/dom3Mina_X02.mes,22,7,주인공,(ミナ……),,
dom3Mina_X02.mes,Script/dom3Mina_X02.mes,23,20,[선택지],また明日、探そうな今日は気晴らしをしよう,,
dom3Mina_X02.mes,Script/dom3Mina_X02.mes,24,46,[선택지],<0108><0001><0000><005C><0050><0002>ごめん、ミナ.明日にはなんとか<6E5C>動けるようにするから、<6E5C>またいっしょに探そうな,,
dom3Mina_X02.mes,Script/dom3Mina_X02.mes,25,5,Mina,……うん,,
dom3Mina_X02.mes,Script/dom3Mina_X02.mes,26,26,주인공,(なんとか明日には動けるように<6E5C>ならないとな……),,
dom3Mina_X02.mes,Script/dom3Mina_X02.mes,27,11,주인공,ちょ、ちょっと待って,,
dom3Mina_X02.mes,Script/dom3Mina_X02.mes,28,4,Mina,……?,,
dom3Mina_X02.mes,Script/dom3Mina_X02.mes,29,39,주인공,ゆっくり歩くくらいはできそう<6E5C>だから、今日はふたりで気晴らしに<6E5C>町を歩こうか,,
dom3Mina_X02.mes,Script/dom3Mina_X02.mes,30,22,Iroha,旦那様!<6E5C>そんな体で何を言ってるんですか!,,
dom3Mina_X02.mes,Script/dom3Mina_X02.mes,31,30,주인공,大丈夫だって.体の丈夫なこと<6E5C>だけが、俺の取り柄なんだから,,
dom3Mina_X02.mes,Script/dom3Mina_X02.mes,32,10,주인공,ほら、ミナ、行こう,,
dom3Mina_X02.mes,Script/dom3Mina_X02.mes,33,5,Mina,でも……,,
dom3Mina_X02.mes,Script/dom3Mina_X02.mes,34,4,[효과음/내레이션],チラッ,,
dom3Mina_X02.mes,Script/dom3Mina_X02.mes,35,15,Iroha,ど、どうして私を見るんですか,,
dom3Mina_X02.mes,Script/dom3Mina_X02.mes,36,27,주인공,怒りんぼのいろはのお許しが<6E5C>なかったら行けないってさ,,
dom3Mina_X02.mes,Script/dom3Mina_X02.mes,37,45,Iroha,そんなこと……うぅ、わかりました<6E5C>よ.その代わり、くれぐれも<6E5C>無茶をしてはいけませんよ!,,
dom3Mina_X02.mes,Script/dom3Mina_X02.mes,38,26,주인공,やった!よかったな、ミナ.<6E5C>いろはのお許しも出たぞ,,
dom3Mina_X02.mes,Script/dom3Mina_X02.mes,39,6,Mina,うん……!,,
dom3Mina_X02.mes,Script/dom3Mina_X02.mes,40,13,Mina,――みんな、忙しそう……,,
dom3Mina_X02.mes,Script/dom3Mina_X02.mes,41,51,주인공,そうだな.それぞれに生活があって<6E5C>、大なり小なり悩みを抱えていて、<6E5C>それでも頑張って生きてるんだなぁ,,
dom3Mina_X02.mes,Script/dom3Mina_X02.mes,42,15,Mina,あなたには……悩みはないの?,,
dom3Mina_X02.mes,Script/dom3Mina_X02.mes,43,6,주인공,俺の悩み?,,
dom3Mina_X02.mes,Script/dom3Mina_X02.mes,44,22,[선택지],ミナの笑顔が見られないこと背中の傷が痛むこと,,
dom3Mina_X02.mes,Script/dom3Mina_X02.mes,45,34,[선택지],◎<0001><0000><0044><0038><0002>そうだなぁ……今は、ミナの笑顔が<6E5C>見られないこと、かな,,
dom3Mina_X02.mes,Script/dom3Mina_X02.mes,46,5,Mina,え……?,,
dom3Mina_X02.mes,Script/dom3Mina_X02.mes,47,28,주인공,惚れた女を笑顔にもできないなんて<6E5C>、男として失格だよな,,
dom3Mina_X02.mes,Script/dom3Mina_X02.mes,48,14,Mina,そんな……そんなこと、ない,,
dom3Mina_X02.mes,Script/dom3Mina_X02.mes,49,6,주인공,ほんとに?,,
dom3Mina_X02.mes,Script/dom3Mina_X02.mes,50,16,Mina,うん……わたし……うれしい、よ,,
dom3Mina_X02.mes,Script/dom3Mina_X02.mes,51,44,Mina,チャンプルがいなくて悲しいけど、<6E5C>あなたといると……少し、<6E5C>さみしい気持ちがなくなるの,,
dom3Mina_X02.mes,Script/dom3Mina_X02.mes,52,13,주인공,そうか、それならよかった,,
dom3Mina_X02.mes,Script/dom3Mina_X02.mes,53,22,Mina,あなたは……わたしといて、<6E5C>うれしい……?,,
dom3Mina_X02.mes,Script/dom3Mina_X02.mes,54,6,주인공,もちろんだ,,
dom3Mina_X02.mes,Script/dom3Mina_X02.mes,55,26,Mina,どうして?わたし、あなたに<6E5C>何もしてあげてない……,,
dom3Mina_X02.mes,Script/dom3Mina_X02.mes,56,11,주인공,いいんだよ、それでも,,
dom3Mina_X02.mes,Script/dom3Mina_X02.mes,57,51,주인공,俺はミナのちょっと冷たいところも<6E5C>、ほんとはとても優しいところも、<6E5C>寂しがりなところも全部好きだから,,
dom3Mina_X02.mes,Script/dom3Mina_X02.mes,58,3,Mina,……,,
dom3Mina_X02.mes,Script/dom3Mina_X02.mes,59,15,주인공,ミナは、俺のこと……好きか?,,
dom3Mina_X02.mes,Script/dom3Mina_X02.mes,60,11,Mina,そ、その、それは……,,
dom3Mina_X02.mes,Script/dom3Mina_X02.mes,61,6,주인공,嫌い、か?,,
dom3Mina_X02.mes,Script/dom3Mina_X02.mes,62,15,Mina,そんなこと……ない、けど……,,
dom3Mina_X02.mes,Script/dom3Mina_X02.mes,63,9,주인공,そうか、よかった,,
dom3Mina_X02.mes,Script/dom3Mina_X02.mes,64,25,주인공,(いい雰囲気だな.<6E5C>今日一日は、このままで……),,
dom3Mina_X02.mes,Script/dom3Mina_X02.mes,65,22,주인공,そうだなぁ、<6E5C>今は背中の傷が痛むこと、かな,,
dom3Mina_X02.mes,Script/dom3Mina_X02.mes,66,31,Mina,無理を……してるのね.<6E5C>ごめんなさい……わたし、<6E5C>帰る……ね,,
dom3Mina_X02.mes,Script/dom3Mina_X02.mes,67,4,[효과음/내레이션],プイッ,,
dom3Mina_X02.mes,Script/dom3Mina_X02.mes,68,11,주인공,あ!ちょっと、ミナ?,,
dom3Mina_X02.mes,Script/dom3Mina_X02.mes,69,42,주인공,(しまった、ミナに元気になって<6E5C>もらおうと思ったのに、<6E5C>逆に気を遣わせてしまった),,
dom3Mina_X02.mes,Script/dom3Mina_X02.mes,70,21,주인공,ふぅ.今日はすこしは楽しくすご<6E5C>せたよな,,
dom3Mina_X02.mes,Script/dom3Mina_X02.mes,71,5,Mina,……うん,,
dom3Mina_X02.mes,Script/dom3Mina_X02.mes,72,23,주인공,明日から、また頑張って<6E5C>チャンプルを探そうな,,
dom3Mina_X02.mes,Script/dom3Mina_X02.mes,73,12,Mina,うん.見つかるよ……ね,,
dom3Mina_X02.mes,Script/dom3Mina_X02.mes,74,12,주인공,ああ、絶対に見つかるさ,,
dom3Mina_X02.mes,Script/dom3Mina_X02.mes,75,6,Mina,ありがとう,,
dom3Mina_X02.mes,Script/dom3Mina_X02.mes,76,4,[효과음/내레이션],チュッ,,
dom3Mina_X02.mes,Script/dom3Mina_X02.mes,77,13,주인공,え……?ミナ、今のは……,,
dom3Mina_X02.mes,Script/dom3Mina_X02.mes,78,24,Mina,お礼…….小さい頃、お母さんが<6E5C>してくれた……,,
dom3Mina_X02.mes,Script/dom3Mina_X02.mes,79,9,주인공,ほ、ほっぺだけ?,,
dom3Mina_X02.mes,Script/dom3Mina_X02.mes,80,3,Mina,……,,
dom3Mina_X02.mes,Script/dom3Mina_X02.mes,81,7,[효과음/내레이션],キリキリ……,,
dom3Mina_X02.mes,Script/dom3Mina_X02.mes,82,32,주인공,う、嘘、ごめん!<6E5C>ほっぺでじゅうぶんだから、<6E5C>矢を納めてくれ!,,
dom3Mina_X02.mes,Script/dom3Mina_X02.mes,83,6,Mina,……冗談よ,,
dom3Mina_X02.mes,Script/dom3Mina_X02.mes,84,5,주인공,は、はは,,
dom3Mina_X02.mes,Script/dom3Mina_X02.mes,85,23,주인공,(ミナの場合、<6E5C>冗談にならないんだよな……),,
dom3Mina_X02.mes,Script/dom3Mina_X02.mes,86,19,Mina,それじゃあ、明日……<6E5C>迎えに行くから,,
dom3Mina_X02.mes,Script/dom3Mina_X02.mes,87,14,주인공,うん、それじゃ、また明日な,,
dom3Mina_X03.mes,Script/dom3Mina_X03.mes,0,21,Iroha,ほらほら、旦那様.<6E5C>早く起きてくださいよ,,
dom3Mina_X03.mes,Script/dom3Mina_X03.mes,1,16,주인공,うーん、もうちょっと……ムニャ,,
dom3Mina_X03.mes,Script/dom3Mina_X03.mes,2,47,Iroha,何を子どもみたいなこと言ってるん<6E5C>ですか.今日もあのミナという人と<6E5C>お出かけになるんでしょう,,
dom3Mina_X03.mes,Script/dom3Mina_X03.mes,3,15,주인공,なんだ、いろは.やきもちか?,,
dom3Mina_X03.mes,Script/dom3Mina_X03.mes,4,24,Iroha,わ、私は……!もう!<6E5C>旦那様なんか知りません!,,
dom3Mina_X03.mes,Script/dom3Mina_X03.mes,5,4,[효과음/내레이션],プイッ,,
dom3Mina_X03.mes,Script/dom3Mina_X03.mes,6,4,[효과음/내레이션],ガタッ,,
dom3Mina_X03.mes,Script/dom3Mina_X03.mes,7,10,주인공,あ、おはよう、ミナ,,
dom3Mina_X03.mes,Script/dom3Mina_X03.mes,8,7,Mina,……おはよう,,
dom3Mina_X03.mes,Script/dom3Mina_X03.mes,9,10,주인공,それじゃ、行こうか,,
dom3Mina_X03.mes,Script/dom3Mina_X03.mes,10,11,Mina,あの人は……いいの?,,
dom3Mina_X03.mes,Script/dom3Mina_X03.mes,11,25,주인공,ああ、いろはか?<6E5C>いいんだよ、いつものことだから,,
dom3Mina_X03.mes,Script/dom3Mina_X03.mes,12,5,Mina,そう……,,
dom3Mina_X03.mes,Script/dom3Mina_X03.mes,13,8,주인공,チャンプルー!,,
dom3Mina_X03.mes,Script/dom3Mina_X03.mes,14,12,주인공,(……ここにもいない),,
dom3Mina_X03.mes,Script/dom3Mina_X03.mes,15,17,주인공,こんなところにいるはずないか……,,
dom3Mina_X03.mes,Script/dom3Mina_X03.mes,16,6,주인공,いない……,,
dom3Mina_X03.mes,Script/dom3Mina_X03.mes,17,3,Mina,……,,
dom3Mina_X03.mes,Script/dom3Mina_X03.mes,18,14,주인공,ちょっと、休憩にするか……,,
dom3Mina_X03.mes,Script/dom3Mina_X03.mes,19,49,주인공,なあ、ミナ.このまま闇雲にふたり<6E5C>で探すより、誰かに手伝ってもらっ<6E5C>たほうがいいんじゃないかな?,,
dom3Mina_X03.mes,Script/dom3Mina_X03.mes,20,14,Mina,誰も……手伝ってくれないよ,,
dom3Mina_X03.mes,Script/dom3Mina_X03.mes,21,27,주인공,そんなことないって.<6E5C>きっと手伝ってくれる人はいるよ,,
dom3Mina_X03.mes,Script/dom3Mina_X03.mes,22,7,Mina,……無理、よ,,
dom3Mina_X03.mes,Script/dom3Mina_X03.mes,23,25,주인공,そうかなぁ.うーん、<6E5C>手伝ってくれそうな人は……,,
dom3Mina_X03.mes,Script/dom3Mina_X03.mes,24,22,[선택지],詩乃さんに頼んでみようナコルルに頼んでみよう,,
dom3Mina_X03.mes,Script/dom3Mina_X03.mes,25,40,주인공,そうだ、詩乃さんなら<6E5C>この町のことにも詳しいし、<6E5C>手伝ってくれるんじゃないかな,,
dom3Mina_X03.mes,Script/dom3Mina_X03.mes,26,16,Shino,はいよ、特製うどん一丁あがり!,,
dom3Mina_X03.mes,Script/dom3Mina_X03.mes,27,9,주인공,……忙しそうだな,,
dom3Mina_X03.mes,Script/dom3Mina_X03.mes,28,13,Shino,ほらほら、どいたどいた!,,
dom3Mina_X03.mes,Script/dom3Mina_X03.mes,29,5,주인공,うわっと,,
dom3Mina_X03.mes,Script/dom3Mina_X03.mes,30,11,Mina,やっぱり……無理だよ,,
dom3Mina_X03.mes,Script/dom3Mina_X03.mes,31,29,주인공,そ、そうだな、昼飯時に詩乃さんの<6E5C>手を借りるのは不可能だ,,
dom3Mina_X03.mes,Script/dom3Mina_X03.mes,32,14,UNKNOWN_46,詩乃ちゃーん、注文いいかい,,
dom3Mina_X03.mes,Script/dom3Mina_X03.mes,33,12,Shino,はいよー!ただいまー!,,
dom3Mina_X03.mes,Script/dom3Mina_X03.mes,34,29,주인공,詩乃さんはあきらめて、<6E5C>ナコルルのところへ行ってみよう!,,
dom3Mina_X03.mes,Script/dom3Mina_X03.mes,35,3,Mina,……,,
dom3Mina_X03.mes,Script/dom3Mina_X03.mes,36,22,주인공,きっと、ナコルルなら協力して<6E5C>くれるはずだ,,
dom3Mina_X03.mes,Script/dom3Mina_X03.mes,37,10,Mina,……だと、いいけど,,
dom3Mina_X03.mes,Script/dom3Mina_X03.mes,38,14,UNKNOWN_1e,わたしがどうかしましたか?,,
dom3Mina_X03.mes,Script/dom3Mina_X03.mes,39,6,[효과음/내레이션],バサバサッ,,
dom3Mina_X03.mes,Script/dom3Mina_X03.mes,40,17,주인공,あれ?……声はすれども姿は見えず,,
dom3Mina_X03.mes,Script/dom3Mina_X03.mes,41,6,Mina,……あそこ,,
dom3Mina_X03.mes,Script/dom3Mina_X03.mes,42,6,[효과음/내레이션],バサバサッ,,
dom3Mina_X03.mes,Script/dom3Mina_X03.mes,43,17,주인공,ナ、ナコルル……空を飛んでる!?,,
dom3Mina_X03.mes,Script/dom3Mina_X03.mes,44,27,Nakoruru,ふふ、違いますよ.<6E5C>ママハハの足につかまってるんです,,
dom3Mina_X03.mes,Script/dom3Mina_X03.mes,45,4,[효과음/내레이션],スタッ,,
dom3Mina_X03.mes,Script/dom3Mina_X03.mes,46,12,주인공,あ、鮮やかな着地で……,,
dom3Mina_X03.mes,Script/dom3Mina_X03.mes,47,49,주인공,(いくらナコルルが軽いといったっ<6E5C>て、人ひとりを支えて飛べるなんて<6E5C>、ママハハっていったい……),,
dom3Mina_X03.mes,Script/dom3Mina_X03.mes,48,31,Nakoruru,それで、今日はどうしました?<6E5C>チャンプルは見つかりましたか?,,
dom3Mina_X03.mes,Script/dom3Mina_X03.mes,49,52,주인공,そのことなんだけど、<6E5C>ナコルルにチャンプル探しを<6E5C>手伝ってほしいんだ<485C>俺たちふたりでは限界があって……,,
dom3Mina_X03.mes,Script/dom3Mina_X03.mes,50,53,Nakoruru,……手伝ってあげたいのは<6E5C>やまやまなんですけど、<485C>今日は、となりの山に<6E5C>行かなくてはいけない用事があって,,
dom3Mina_X03.mes,Script/dom3Mina_X03.mes,51,6,주인공,……そうか,,
dom3Mina_X03.mes,Script/dom3Mina_X03.mes,52,12,Mina,やっぱり……無理、だよ,,
dom3Mina_X03.mes,Script/dom3Mina_X03.mes,53,4,UNKNOWN_79,ピーッ,,
dom3Mina_X03.mes,Script/dom3Mina_X03.mes,54,3,Nakoruru,え?,,
dom3Mina_X03.mes,Script/dom3Mina_X03.mes,55,7,주인공,どうしたの?,,
dom3Mina_X03.mes,Script/dom3Mina_X03.mes,56,20,Nakoruru,ママハハがいっしょに行くと<6E5C>言ってます,,
dom3Mina_X03.mes,Script/dom3Mina_X03.mes,57,7,주인공,ほんとに!?,,
dom3Mina_X03.mes,Script/dom3Mina_X03.mes,58,26,Nakoruru,チャンプルは友だちだから、<6E5C>放っておけないようです,,
dom3Mina_X03.mes,Script/dom3Mina_X03.mes,59,27,주인공,あ、ありがとう!ママハハが<6E5C>いてくれれば百人力だよ!,,
dom3Mina_X03.mes,Script/dom3Mina_X03.mes,60,11,Mina,ほんとに……いいの?,,
dom3Mina_X03.mes,Script/dom3Mina_X03.mes,61,22,Nakoruru,もちろんです.<6E5C>ママハハ、よろしくお願いね,,
dom3Mina_X03.mes,Script/dom3Mina_X03.mes,62,5,UNKNOWN_79,ピーッ!,,
dom3Mina_X03.mes,Script/dom3Mina_X03.mes,63,8,Mina,……ありがとう,,
dom3Mina_X03.mes,Script/dom3Mina_X03.mes,64,23,주인공,よし、さっそく行こうか!<6E5C>ママハハ、頼むよ!,,
dom3Mina_X03.mes,Script/dom3Mina_X03.mes,65,4,UNKNOWN_79,ピーッ,,
dom3Mina_X03.mes,Script/dom3Mina_X03.mes,66,25,주인공,ママハハ、どうだい?<6E5C>チャンプルの気配は感じる?,,
dom3Mina_X03.mes,Script/dom3Mina_X03.mes,67,4,UNKNOWN_79,ピー?,,
dom3Mina_X03.mes,Script/dom3Mina_X03.mes,68,14,주인공,そうか……ここにはいないか,,
dom3Mina_X03.mes,Script/dom3Mina_X03.mes,69,3,UNKNOWN_79,ピー,,
dom3Mina_X03.mes,Script/dom3Mina_X03.mes,70,13,주인공,ここにもいないみたいだな,,
dom3Mina_X03.mes,Script/dom3Mina_X03.mes,71,4,UNKNOWN_79,ピーッ,,
dom3Mina_X03.mes,Script/dom3Mina_X03.mes,72,22,주인공,ここの物陰に隠れてたりして…….<6E5C>寺ないか,,
dom3Mina_X03.mes,Script/dom3Mina_X03.mes,73,5,UNKNOWN_79,ピーッ!,,
dom3Mina_X03.mes,Script/dom3Mina_X03.mes,74,16,주인공,帰ってたりして…….<6E5C>寺ないか,,
dom3Mina_X03.mes,Script/dom3Mina_X03.mes,75,5,Mina,あ……!,,
dom3Mina_X03.mes,Script/dom3Mina_X03.mes,76,7,UNKNOWN_1e,……ミ、ナー,,
dom3Mina_X03.mes,Script/dom3Mina_X03.mes,77,8,주인공,チャンプル!!,,
dom3Mina_X03.mes,Script/dom3Mina_X03.mes,78,14,Mina,チャンプル、チャンプルッ!,,
dom3Mina_X03.mes,Script/dom3Mina_X03.mes,79,7,UNKNOWN_7b,ミナーミナー,,
dom3Mina_X03.mes,Script/dom3Mina_X03.mes,80,27,주인공,まったく心配かけて!<6E5C>どこに行ってたんだよ、お前は!,,
dom3Mina_X03.mes,Script/dom3Mina_X03.mes,81,3,UNKNOWN_7b,う~,,
dom3Mina_X03.mes,Script/dom3Mina_X03.mes,82,31,주인공,まぁ、なんにしても<6E5C>見つかってよかったよ.<6E5C>よかったな、ミナ,,
dom3Mina_X03.mes,Script/dom3Mina_X03.mes,83,8,Mina,うん、うん……,,
dom3Mina_X03.mes,Script/dom3Mina_X03.mes,84,4,[효과음/내레이션],ガバッ,,
dom3Mina_X03.mes,Script/dom3Mina_X03.mes,85,13,주인공,ミ、ミナ、どうしたんだよ,,
dom3Mina_X03.mes,Script/dom3Mina_X03.mes,86,17,Mina,少しだけ……こうさせておいて……,,
dom3Mina_X03.mes,Script/dom3Mina_X03.mes,87,12,주인공,お、俺はかまわないけど,,
dom3Mina_X03.mes,Script/dom3Mina_X03.mes,88,29,Mina,よかった……チャンプルが<6E5C>みつかって……ありがとう……!,,
dom3Mina_X03.mes,Script/dom3Mina_X03.mes,89,35,주인공,(……ミナから抱きついて<6E5C>くるなんて、<6E5C>よっぽどうれしかったんだな),,
dom3Mina_X03.mes,Script/dom3Mina_X03.mes,90,15,주인공,(ミナ、とても喜んでる……),,
dom3Mina_X03.mes,Script/dom3Mina_X03.mes,91,5,UNKNOWN_1e,いたぞ!,,
dom3Mina_X03.mes,Script/dom3Mina_X03.mes,92,7,주인공,な、なんだ?,,
dom3Mina_X03.mes,Script/dom3Mina_X03.mes,93,18,UNKNOWN_22,・てめぇら、そいつをこっちに渡しな,,
dom3Mina_X03.mes,Script/dom3Mina_X03.mes,94,15,주인공,そいつ?チャンプルのことか?,,
dom3Mina_X03.mes,Script/dom3Mina_X03.mes,95,15,UNKNOWN_1c,:お前、その化け物の仲間か?,,
dom3Mina_X03.mes,Script/dom3Mina_X03.mes,96,31,주인공,化け物?何を言ってるんだ.<6E5C>チャンプルは化け物なんかじゃ……,,
dom3Mina_X03.mes,Script/dom3Mina_X03.mes,97,28,UNKNOWN_36,?バカヤロー!<6E5C>そいつに何人やられたと<6E5C>思ってるんだ!,,
dom3Mina_X03.mes,Script/dom3Mina_X03.mes,98,9,주인공,な、何を言ってる,,
dom3Mina_X03.mes,Script/dom3Mina_X03.mes,99,23,UNKNOWN_2c,・今はおとなしいようだけどな、<6E5C>そいつは……,,
dom3Mina_X03.mes,Script/dom3Mina_X03.mes,100,5,주인공,やめろ!,,
dom3Mina_X03.mes,Script/dom3Mina_X03.mes,101,16,주인공,(ミナの前で、そんな話は……),,
dom3Mina_X03.mes,Script/dom3Mina_X03.mes,102,18,UNKNOWN_22,:こいつ、やっぱり化け物の仲間だ!,,
dom3Mina_X03.mes,Script/dom3Mina_X03.mes,103,17,UNKNOWN_20,?だったらいっしょにやっちまえ!,,
dom3Mina_X03.mes,Script/dom3Mina_X03.mes,104,5,Mina,やめて!,,
dom3Mina_X03.mes,Script/dom3Mina_X03.mes,105,30,주인공,くっ……ここで刀を抜いたら疑いの<6E5C>晴らしようがなくなる……,,
dom3Mina_X03.mes,Script/dom3Mina_X03.mes,106,7,UNKNOWN_0c,・食らえっ!,,
dom3Mina_X03.mes,Script/dom3Mina_X03.mes,107,5,[효과음/내레이션],ヒュッ!,,
dom3Mina_X03.mes,Script/dom3Mina_X03.mes,108,11,Mina,チャンプル、危ない!,,
dom3Mina_X03.mes,Script/dom3Mina_X03.mes,109,4,[효과음/내레이션],ガバッ,,
dom3Mina_X03.mes,Script/dom3Mina_X03.mes,110,5,[효과음/내레이션],ガツン!,,
dom3Mina_X03.mes,Script/dom3Mina_X03.mes,111,6,Mina,きゃあっ!,,
dom3Mina_X03.mes,Script/dom3Mina_X03.mes,112,13,주인공,石が!ミナ、大丈夫か!?,,
dom3Mina_X03.mes,Script/dom3Mina_X03.mes,113,21,UNKNOWN_28,:お、おい……<6E5C>人に当たっちまったぞ……,,
dom3Mina_X03.mes,Script/dom3Mina_X03.mes,114,22,UNKNOWN_2a,・かまいやしねぇよ.<6E5C>どうせ化け物の仲間だ,,
dom3Mina_X03.mes,Script/dom3Mina_X03.mes,115,13,UNKNOWN_7b,わ……わ……わじわじー!,,
dom3Mina_X03.mes,Script/dom3Mina_X03.mes,116,10,주인공,チャ、チャンプル?,,
dom3Mina_X03.mes,Script/dom3Mina_X03.mes,117,5,UNKNOWN_79,ピーッ!,,
dom3Mina_X03.mes,Script/dom3Mina_X03.mes,118,10,UNKNOWN_7b,くるさりんどー!!,,
dom3Mina_X03.mes,Script/dom3Mina_X03.mes,119,10,[효과음/내레이션],メキメキメキッ……,,
dom3Mina_X03.mes,Script/dom3Mina_X03.mes,120,20,주인공,あ、あぁ……チャンプルが、<6E5C>怪物に……,,
dom3Mina_X03.mes,Script/dom3Mina_X03.mes,121,9,UNKNOWN_7b,ガアァァァァッ!,,
dom3Mina_X03.mes,Script/dom3Mina_X03.mes,122,4,[효과음/내레이션],バッ!,,
dom3Mina_X03.mes,Script/dom3Mina_X03.mes,123,6,[효과음/내레이션],ザシュッ!,,
dom3Mina_X03.mes,Script/dom3Mina_X03.mes,124,10,UNKNOWN_12,・うぎゃぁぁぁ!!,,
dom3Mina_X03.mes,Script/dom3Mina_X03.mes,125,14,주인공,チャンプル!やめるんだ!!,,
dom3Mina_X03.mes,Script/dom3Mina_X03.mes,126,9,UNKNOWN_10,:ひ、ひぇぇぇ!,,
dom3Mina_X03.mes,Script/dom3Mina_X03.mes,127,9,UNKNOWN_10,?に、逃げろ!!,,
dom3Mina_X03.mes,Script/dom3Mina_X03.mes,128,4,[효과음/내레이션],タタッ,,
dom3Mina_X03.mes,Script/dom3Mina_X03.mes,129,24,주인공,三人とも行ったか…….<6E5C>しかし、チャンプル……,,
dom3Mina_X03.mes,Script/dom3Mina_X03.mes,130,20,주인공,(やはり、<6E5C>赤い獅子の化け物は……!),,
dom3Mina_X03.mes,Script/dom3Mina_X03.mes,131,6,UNKNOWN_7b,グググ……,,
dom3Mina_X03.mes,Script/dom3Mina_X03.mes,132,10,Mina,チャンプ、ル……?,,
dom3Mina_X03.mes,Script/dom3Mina_X03.mes,133,13,주인공,危ない!近づくな、ミナ!,,
dom3Mina_X03.mes,Script/dom3Mina_X03.mes,134,12,Mina,あなた、だった……の?,,
dom3Mina_X03.mes,Script/dom3Mina_X03.mes,135,4,주인공,ミナ?,,
dom3Mina_X03.mes,Script/dom3Mina_X03.mes,136,12,Mina,あのとき、わたしの……,,
dom3Mina_X03.mes,Script/dom3Mina_X03.mes,137,8,UNKNOWN_7b,グオォォォォ!,,
dom3Mina_X03.mes,Script/dom3Mina_X03.mes,138,5,UNKNOWN_79,ピーッ!,,
dom3Mina_X03.mes,Script/dom3Mina_X03.mes,139,6,[효과음/내레이션],ヒューッ!,,
dom3Mina_X03.mes,Script/dom3Mina_X03.mes,140,5,[효과음/내레이션],バシッ!,,
dom3Mina_X03.mes,Script/dom3Mina_X03.mes,141,8,UNKNOWN_7b,ゴガ……ッ!?,,
dom3Mina_X03.mes,Script/dom3Mina_X03.mes,142,8,주인공,ママハハッ!?,,
dom3Mina_X03.mes,Script/dom3Mina_X03.mes,143,17,주인공,(チャンプルが攻撃にひるんだ?),,
dom3Mina_X03.mes,Script/dom3Mina_X03.mes,144,6,UNKNOWN_7b,グ、グ……,,
dom3Mina_X03.mes,Script/dom3Mina_X03.mes,145,7,[효과음/내레이션],ダダダッ……,,
dom3Mina_X03.mes,Script/dom3Mina_X03.mes,146,9,주인공,あ、チャンプル!,,
dom3Mina_X03.mes,Script/dom3Mina_X03.mes,147,9,Mina,チャンプルー!!,,
dom3Mina_X03.mes,Script/dom3Mina_X03.mes,148,10,주인공,行ってしまった……,,
dom3Mina_X03.mes,Script/dom3Mina_X03.mes,149,3,Mina,……,,
dom3Mina_X03.mes,Script/dom3Mina_X03.mes,150,5,주인공,ミナ……,,
dom3Mina_X03.mes,Script/dom3Mina_X03.mes,151,30,Mina,あの邪気……忘れてない……あれは<6E5C>、わたしの村を襲った……,,
dom3Mina_X03.mes,Script/dom3Mina_X03.mes,152,26,주인공,え?ま、まさかミナの村を<6E5C>滅ぼしたあやかしって……,,
dom3Mina_X03.mes,Script/dom3Mina_X03.mes,153,25,Mina,わからない……わからないけど……<6E5C>あの邪気は……,,
dom3Mina_X03.mes,Script/dom3Mina_X03.mes,154,6,주인공,そんな……,,
dom3Mina_X03.mes,Script/dom3Mina_X03.mes,155,28,Mina,もう……何もわからないよ……<6E5C>わたしは、どうすれば……,,
dom3Mina_X03.mes,Script/dom3Mina_X03.mes,156,15,주인공,と、とにかく、一度家へ帰ろう,,
dom3Mina_X03.mes,Script/dom3Mina_X03.mes,157,16,Mina,イヤ!さわらないで、イヤァァ!,,
dom3Mina_X03.mes,Script/dom3Mina_X03.mes,158,4,주인공,ミナ!,,
dom3Mina_X03.mes,Script/dom3Mina_X03.mes,159,44,Mina,チャンプル……もう、わたしには<6E5C>チャンプルしかいなかったのに、<6E5C>そんな……こんなの……,,
dom3Mina_X03.mes,Script/dom3Mina_X03.mes,160,19,주인공,落ち着け!<6E5C>混乱してもしかたないぞ!,,
dom3Mina_X03.mes,Script/dom3Mina_X03.mes,161,2,Mina,!,,
dom3Mina_X03.mes,Script/dom3Mina_X03.mes,162,45,주인공,……とにかく、ゆっくり休んで<6E5C>、それからどうするか考えるんだ.<6E5C>きっと、方法はある……!,,
dom3Mina_X03.mes,Script/dom3Mina_X03.mes,163,3,Mina,……,,
dom3Mina_X03.mes,Script/dom3Mina_X03.mes,164,11,주인공,いろは……ミナを頼む,,
dom3Mina_X03.mes,Script/dom3Mina_X03.mes,165,10,Iroha,旦那様はどちらへ?,,
dom3Mina_X03.mes,Script/dom3Mina_X03.mes,166,51,주인공,ママハハといっしょに、<6E5C>ナコルルのところへ行く<485C>被女もミナと同じ巫女だから、<6E5C>あやかしに詳しいはずだ,,
dom3Mina_X03.mes,Script/dom3Mina_X03.mes,167,7,Mina,わたしも……,,
dom3Mina_X03.mes,Script/dom3Mina_X03.mes,168,27,주인공,いや、ここは俺に任せてくれ.<6E5C>ミナはゆっくり休むんだ,,
dom3Mina_X03.mes,Script/dom3Mina_X03.mes,169,5,Mina,……うん,,
dom3Mina_X03.mes,Script/dom3Mina_X03.mes,170,11,주인공,――というわけなんだ,,
dom3Mina_X03.mes,Script/dom3Mina_X03.mes,171,14,Nakoruru,そうですか……あの子が……,,
dom3Mina_X03.mes,Script/dom3Mina_X03.mes,172,26,주인공,どうにかして、チャンプルを元に<6E5C>戻す方法はないかな,,
dom3Mina_X03.mes,Script/dom3Mina_X03.mes,173,3,Nakoruru,……,,
dom3Mina_X03.mes,Script/dom3Mina_X03.mes,174,15,주인공,やはり、チャンプル自身を……,,
dom3Mina_X03.mes,Script/dom3Mina_X03.mes,175,27,Nakoruru,そういえば、あの子はシーサーだと<6E5C>言ってましたよね?,,
dom3Mina_X03.mes,Script/dom3Mina_X03.mes,176,44,주인공,うん、普段はシーサーっぽくないけ<6E5C>ど、巨大化したチャンプルは確かに<6E5C>シーサーに見えるな,,
dom3Mina_X03.mes,Script/dom3Mina_X03.mes,177,48,Nakoruru,シーサーといえば琉球の守り神の<6E5C>はず.それが人を襲うなんて、本来<6E5C>なら考えられないことなんです,,
dom3Mina_X03.mes,Script/dom3Mina_X03.mes,178,40,주인공,え、それじゃあ、チャンプルは<6E5C>シーサーじゃないのか?<6E5C>正真正銘の……あやかし?,,
dom3Mina_X03.mes,Script/dom3Mina_X03.mes,179,63,Nakoruru,いいえ、そうではなくて……<6E5C>長い時間、人里でさまざまな<6E5C>悪意に触れたことで、<485C>邪悪な気に取り付かれて<6E5C>しまったんだと思います,,
dom3Mina_X03.mes,Script/dom3Mina_X03.mes,180,10,주인공,さまざまな悪意……,,
dom3Mina_X03.mes,Script/dom3Mina_X03.mes,181,16,Nakoruru,はい.あの子に向かう悪意と……,,
dom3Mina_X03.mes,Script/dom3Mina_X03.mes,182,13,주인공,ミナに向けられる悪意か!,,
dom3Mina_X03.mes,Script/dom3Mina_X03.mes,183,5,Nakoruru,おそらく,,
dom3Mina_X03.mes,Script/dom3Mina_X03.mes,184,47,주인공,そうか……チャンプルはミナを迫害<6E5C>する人々から守るため、悪意を<6E5C>すべて引き受けていたのか……,,
dom3Mina_X03.mes,Script/dom3Mina_X03.mes,185,21,주인공,それで、自らが悪意と邪気に囚われ<6E5C>て……,,
dom3Mina_X03.mes,Script/dom3Mina_X03.mes,186,22,Nakoruru,あやかしに変じてしまった、<6E5C>ということです,,
dom3Mina_X03.mes,Script/dom3Mina_X03.mes,187,29,주인공,どうすれば、どうすればチャンプル<6E5C>から邪気を祓えるんだ!,,
dom3Mina_X03.mes,Script/dom3Mina_X03.mes,188,52,Nakoruru,すべての巨大な悪意に負けない、<6E5C>強い意思と力を持った人に<485C>助けを借りることができれば……<6E5C>もしかしたら,,
dom3Mina_X03.mes,Script/dom3Mina_X03.mes,189,14,주인공,そんな強い人いるわけが……,,
dom3Mina_X03.mes,Script/dom3Mina_X03.mes,190,40,Nakoruru,いいえ、よく思い出してください.<6E5C>この町には、強い意思と力を持つ<6E5C>人がいますよ,,
dom3Mina_X03.mes,Script/dom3Mina_X03.mes,191,14,주인공,そ、そうか、覇王丸さんか!,,
dom3Mina_X03.mes,Script/dom3Mina_X03.mes,192,13,Nakoruru,そうです.あとふたり……,,
dom3Mina_X03.mes,Script/dom3Mina_X03.mes,193,14,주인공,もうひとりは……右京さん?,,
dom3Mina_X03.mes,Script/dom3Mina_X03.mes,194,42,Nakoruru,はい.あの方は居合いの達人だと<6E5C>閉いています.それに、<6E5C>とても美しい心の持ち主です,,
dom3Mina_X03.mes,Script/dom3Mina_X03.mes,195,17,주인공,そうか……でも、あとひとりって?,,
dom3Mina_X03.mes,Script/dom3Mina_X03.mes,196,10,Nakoruru,牙神幻十郎さんです,,
dom3Mina_X03.mes,Script/dom3Mina_X03.mes,197,34,주인공,えぇぇ!?あの人はそれこそ悪意の<6E5C>かたまりみたいな人じゃないか!!,,
dom3Mina_X03.mes,Script/dom3Mina_X03.mes,198,43,Nakoruru,いいえ、あの人は強烈な自負と<6E5C>残酷さを持っていますが、<6E5C>邪悪というわけではありません,,
dom3Mina_X03.mes,Script/dom3Mina_X03.mes,199,25,주인공,でも、幻十郎に邪気を祓うこと<6E5C>なんてできるのか?,,
dom3Mina_X03.mes,Script/dom3Mina_X03.mes,200,22,Nakoruru,あれだけの強い意思と力があれば、<6E5C>可能です,,
dom3Mina_X03.mes,Script/dom3Mina_X03.mes,201,9,주인공,ほんとかなぁ……,,
dom3Mina_X03.mes,Script/dom3Mina_X03.mes,202,22,Nakoruru,あの人の強さは、<6E5C>純然たる意思の力ですから,,
dom3Mina_X03.mes,Script/dom3Mina_X03.mes,203,46,주인공,けどさ、覇王丸さんと右京さんは力<6E5C>を貸してくれるかもしれないけど、<6E5C>牙神幻十郎はとても……,,
dom3Mina_X03.mes,Script/dom3Mina_X03.mes,204,21,Nakoruru,そこは、<이름:3232>さんの腕しだいと<6E5C>いうことで,,
dom3Mina_X03.mes,Script/dom3Mina_X03.mes,205,5,주인공,そんな~,,
dom3Mina_X03.mes,Script/dom3Mina_X03.mes,206,55,Nakoruru,とにかく、がんばって三人に力を<6E5C>貸してもらってください<485C>それができたら、一度わたしの<6E5C>ところへ来てくださいね,,
dom3Mina_X03.mes,Script/dom3Mina_X03.mes,207,10,주인공,わ、わかったよ……,,
dom3Mina_X03.mes,Script/dom3Mina_X03.mes,208,44,주인공,(えらいことになったなぁ.<6E5C>チャンプルの問題を解決する前に、<6E5C>俺が死んじゃいそうだよ),,
dom3Mina_X04.mes,Script/dom3Mina_X04.mes,0,27,UNKNOWN_75,……なるほど.化け物退治か.<6E5C>面白そうな話じゃねぇか,,
dom3Mina_X04.mes,Script/dom3Mina_X04.mes,1,10,주인공,面白くないですよぉ,,
dom3Mina_X04.mes,Script/dom3Mina_X04.mes,2,23,UNKNOWN_75,だが、悪ぃな.<6E5C>今はそれどころじゃねぇんだよ,,
dom3Mina_X04.mes,Script/dom3Mina_X04.mes,3,13,주인공,え、どうかしたんですか?,,
dom3Mina_X04.mes,Script/dom3Mina_X04.mes,4,34,UNKNOWN_75,命の具合が思わしくなくてな.<6E5C>付きっきりで看病をしている<6E5C>ところだ,,
dom3Mina_X04.mes,Script/dom3Mina_X04.mes,5,8,주인공,そうですか……,,
dom3Mina_X04.mes,Script/dom3Mina_X04.mes,6,25,주인공,わかりました.<6E5C>命さんのそばにいてあげてください,,
dom3Mina_X04.mes,Script/dom3Mina_X04.mes,7,14,UNKNOWN_75,すまねぇな、力になれなくて,,
dom3Mina_X04.mes,Script/dom3Mina_X04.mes,8,5,주인공,いえ……,,
dom3Mina_X04.mes,Script/dom3Mina_X04.mes,9,10,주인공,(まいったな……),,
dom3Mina_X04.mes,Script/dom3Mina_X04.mes,10,29,주인공,――というわけで、ぜひ右京さんの<6E5C>お力を貸してください!,,
dom3Mina_X04.mes,Script/dom3Mina_X04.mes,11,7,Ukyo,う……ゴフゥ,,
dom3Mina_X04.mes,Script/dom3Mina_X04.mes,12,7,주인공,あ、血が!?,,
dom3Mina_X04.mes,Script/dom3Mina_X04.mes,13,24,Ukyo,す、すまぬ……拙者では……力には<6E5C>、なれぬ……,,
dom3Mina_X04.mes,Script/dom3Mina_X04.mes,14,32,주인공,い、いいですから、右京さんは<6E5C>ゆっくり横になっていてください!,,
dom3Mina_X04.mes,Script/dom3Mina_X04.mes,15,13,주인공,(大丈夫か、この人……),,
dom3Mina_X04.mes,Script/dom3Mina_X04.mes,16,11,주인공,あ、あの、幻十郎さん,,
dom3Mina_X04.mes,Script/dom3Mina_X04.mes,17,17,UNKNOWN_77,……なんだ、また斬られたいのか?,,
dom3Mina_X04.mes,Script/dom3Mina_X04.mes,18,35,주인공,いやいや、とんでもない!<6E5C>ちょっと、お力を貸してほしいだけ<6E5C>ですって,,
dom3Mina_X04.mes,Script/dom3Mina_X04.mes,19,6,UNKNOWN_77,いくら出す,,
dom3Mina_X04.mes,Script/dom3Mina_X04.mes,20,3,주인공,え?,,
dom3Mina_X04.mes,Script/dom3Mina_X04.mes,21,7,UNKNOWN_77,……二十両だ,,
dom3Mina_X04.mes,Script/dom3Mina_X04.mes,22,25,주인공,か、金を取るんですか!?<6E5C>しかもそんな法外な!!,,
dom3Mina_X04.mes,Script/dom3Mina_X04.mes,23,22,UNKNOWN_77,ならば、斬り殺される前に<6E5C>俺の前から失せろ,,
dom3Mina_X04.mes,Script/dom3Mina_X04.mes,24,8,주인공,あ、ちょっと!,,
dom3Mina_X04.mes,Script/dom3Mina_X04.mes,25,24,주인공,(……まいったな、<6E5C>全員に断られてしまったぞ),,
dom3Mina_X04.mes,Script/dom3Mina_X04.mes,26,3,[효과음/내레이션],ザッ,,
dom3Mina_X04.mes,Script/dom3Mina_X04.mes,27,3,Mina,……,,
dom3Mina_X04.mes,Script/dom3Mina_X04.mes,28,13,주인공,ミナ、もう大丈夫なのか?,,
dom3Mina_X04.mes,Script/dom3Mina_X04.mes,29,5,Mina,……ええ,,
dom3Mina_X04.mes,Script/dom3Mina_X04.mes,30,39,주인공,その手にしているものは…….<6E5C>妖滅の弓なんか持って、<6E5C>どこへ行くつもりだ!?,,
dom3Mina_X04.mes,Script/dom3Mina_X04.mes,31,3,Mina,……,,
dom3Mina_X04.mes,Script/dom3Mina_X04.mes,32,9,주인공,ま、まさかミナ!,,
dom3Mina_X04.mes,Script/dom3Mina_X04.mes,33,28,Mina,わたしは……妖滅師……あやかしを<6E5C>退治することが、使命,,
dom3Mina_X04.mes,Script/dom3Mina_X04.mes,34,33,주인공,だ、駄目だ!<6E5C>もう少しだけ待ってくれ!<6E5C>俺がなんとかするから!!,,
dom3Mina_X04.mes,Script/dom3Mina_X04.mes,35,6,Mina,なんとか?,,
dom3Mina_X04.mes,Script/dom3Mina_X04.mes,36,41,주인공,ああ.もしかしたら、チャンプルの<6E5C>邪気だけを祓うことができるかも<6E5C>しれないんだ!,,
dom3Mina_X04.mes,Script/dom3Mina_X04.mes,37,14,Mina,そんなこと……できっこない,,
dom3Mina_X04.mes,Script/dom3Mina_X04.mes,38,5,주인공,できる!,,
dom3Mina_X04.mes,Script/dom3Mina_X04.mes,39,6,Mina,……無理よ,,
dom3Mina_X04.mes,Script/dom3Mina_X04.mes,40,29,주인공,俺を信じろ!<6E5C>絶対に元のチャンプルに<6E5C>戻してみせるから!,,
dom3Mina_X04.mes,Script/dom3Mina_X04.mes,41,3,Mina,……,,
dom3Mina_X04.mes,Script/dom3Mina_X04.mes,42,28,주인공,一日だけ待ってくれ.<6E5C>明日、必ず俺もいっしょに行くから,,
dom3Mina_X04.mes,Script/dom3Mina_X04.mes,43,7,Mina,……わかった,,
dom3Mina_X04.mes,Script/dom3Mina_X04.mes,44,34,주인공,よし!それじゃあ、<6E5C>俺は行くところがあるから、<6E5C>夜に河原で会おう!,,
dom3Mina_X04.mes,Script/dom3Mina_X04.mes,45,3,Mina,……,,
dom3Mina_X04.mes,Script/dom3Mina_X04.mes,46,7,주인공,覇王丸さん!,,
dom3Mina_X04.mes,Script/dom3Mina_X04.mes,47,36,UNKNOWN_75,なんだ、また来たのか?<6E5C>悪いが、今はここを離れるわけには<6E5C>いかねぇんだ,,
dom3Mina_X04.mes,Script/dom3Mina_X04.mes,48,13,주인공,はい、それはわかってます,,
dom3Mina_X04.mes,Script/dom3Mina_X04.mes,49,13,UNKNOWN_75,だったら、なんの用だい?,,
dom3Mina_X04.mes,Script/dom3Mina_X04.mes,50,25,주인공,お、俺に覇王丸さんの剣の奥義を<6E5C>教えてください!,,
dom3Mina_X04.mes,Script/dom3Mina_X04.mes,51,19,UNKNOWN_75,はぁ?<6E5C>何を寝ぼけたことを言ってんだ,,
dom3Mina_X04.mes,Script/dom3Mina_X04.mes,52,25,주인공,寝ぼけても血迷ってもいません!<6E5C>お願いします!!,,
dom3Mina_X04.mes,Script/dom3Mina_X04.mes,53,9,UNKNOWN_75,……本気なのか?,,
dom3Mina_X04.mes,Script/dom3Mina_X04.mes,54,5,주인공,本気です,,
dom3Mina_X04.mes,Script/dom3Mina_X04.mes,55,3,UNKNOWN_75,……,,
dom3Mina_X04.mes,Script/dom3Mina_X04.mes,56,3,주인공,……,,
dom3Mina_X04.mes,Script/dom3Mina_X04.mes,57,11,UNKNOWN_75,……わかった.構えな,,
dom3Mina_X04.mes,Script/dom3Mina_X04.mes,58,3,주인공,え?,,
dom3Mina_X04.mes,Script/dom3Mina_X04.mes,59,52,UNKNOWN_75,本来、奥義なんてもんは人に<6E5C>見せるもんじゃねぇんだ<485C>それに、教えたからって<6E5C>おいそれとできるわけがねぇ,,
dom3Mina_X04.mes,Script/dom3Mina_X04.mes,60,65,UNKNOWN_75,だから、一度だけ本気で<6E5C>技を放ってやる<485C>お前がそれを受けて何かを<6E5C>つかむならそれでよし<485C>つかめなかったとしても、<6E5C>責任は持たねぇ,,
dom3Mina_X04.mes,Script/dom3Mina_X04.mes,61,8,UNKNOWN_75,それでいいか?,,
dom3Mina_X04.mes,Script/dom3Mina_X04.mes,62,6,주인공,は、はい!,,
dom3Mina_X04.mes,Script/dom3Mina_X04.mes,63,31,UNKNOWN_75,いいか、仮にも奥義と名のつく技だ<6E5C>.下手に受ければ……死ぬぜ,,
dom3Mina_X04.mes,Script/dom3Mina_X04.mes,64,6,주인공,ゴクッ……,,
dom3Mina_X04.mes,Script/dom3Mina_X04.mes,65,9,UNKNOWN_75,行くぞぉぉぉ!!,,
dom3Mina_X04.mes,Script/dom3Mina_X04.mes,66,4,주인공,はい!,,
dom3Mina_X04.mes,Script/dom3Mina_X04.mes,67,19,UNKNOWN_75,うおぅりゃあぁぁ!<6E5C>寺天覇封神斬!!,,
dom3Mina_X04.mes,Script/dom3Mina_X04.mes,68,10,[효과음/내레이션],ザシュゥゥゥッ!!,,
dom3Mina_X04.mes,Script/dom3Mina_X04.mes,69,10,주인공,うわあぁぁぁぁ!!,,
dom3Mina_X04.mes,Script/dom3Mina_X04.mes,70,4,[효과음/내레이션],ガクッ,,
dom3Mina_X04.mes,Script/dom3Mina_X04.mes,71,8,주인공,ハァ、ハァ……,,
dom3Mina_X04.mes,Script/dom3Mina_X04.mes,72,12,UNKNOWN_75,よく受け切ったな、<이름:3232>,,
dom3Mina_X04.mes,Script/dom3Mina_X04.mes,73,17,주인공,吹き飛ばされるかと思いました……,,
dom3Mina_X04.mes,Script/dom3Mina_X04.mes,74,13,UNKNOWN_75,どうだ、何かつかめたか?,,
dom3Mina_X04.mes,Script/dom3Mina_X04.mes,75,29,주인공,よくわからないけど、たしかに……<6E5C>.ありがとうございます,,
dom3Mina_X04.mes,Script/dom3Mina_X04.mes,76,49,UNKNOWN_75,いいんだよ.俺たちは巫女じゃねぇ<6E5C>、悪意だか邪気だか知らねぇが、<6E5C>この剣で吹き飛ばすしかねぇんだ,,
dom3Mina_X04.mes,Script/dom3Mina_X04.mes,77,24,UNKNOWN_75,最後は、どれだけ己を張れるかって<6E5C>気持ちだけだ,,
dom3Mina_X04.mes,Script/dom3Mina_X04.mes,78,7,주인공,己を……張る,,
dom3Mina_X04.mes,Script/dom3Mina_X04.mes,79,4,[효과음/내레이션],タタッ,,
dom3Mina_X04.mes,Script/dom3Mina_X04.mes,80,32,Ukyo,……また、来られたのか…….<6E5C>何度来られても、今の拙者では……,,
dom3Mina_X04.mes,Script/dom3Mina_X04.mes,81,28,주인공,右京さんの考える強い意思と力って<6E5C>、どんなものですか?,,
dom3Mina_X04.mes,Script/dom3Mina_X04.mes,82,16,Ukyo,……突然、難しいことを閉く……,,
dom3Mina_X04.mes,Script/dom3Mina_X04.mes,83,67,주인공,すいません.右京さんには<6E5C>覇王丸さんみたいに技を見せて<6E5C>もらうわけにもいかないし、<485C>何か手がかりになることだけでも<6E5C>閉ければと思って,,
dom3Mina_X04.mes,Script/dom3Mina_X04.mes,84,13,Ukyo,むぅ……強い意思と力……,,
dom3Mina_X04.mes,Script/dom3Mina_X04.mes,85,20,주인공,(ありゃ、<6E5C>考え込んでしまったぞ……),,
dom3Mina_X04.mes,Script/dom3Mina_X04.mes,86,21,Ukyo,雪景色に咲く……<6E5C>寺一輪の花のごとく……,,
dom3Mina_X04.mes,Script/dom3Mina_X04.mes,87,3,주인공,へ?,,
dom3Mina_X04.mes,Script/dom3Mina_X04.mes,88,51,Ukyo,<2118>烈な環境に身を置かれても、<6E5C>決して折れぬ心……<6E5C>想い続ける心……<485C>そう、圭殿を想う拙者のような……,,
dom3Mina_X04.mes,Script/dom3Mina_X04.mes,89,8,주인공,う、右京さん?,,
dom3Mina_X04.mes,Script/dom3Mina_X04.mes,90,19,주인공,(なんか変なこと言い始めたぞ……<6E5C>),,
dom3Mina_X04.mes,Script/dom3Mina_X04.mes,91,9,Ukyo,あぁ……圭殿……,,
dom3Mina_X04.mes,Script/dom3Mina_X04.mes,92,32,주인공,あの、お邪魔みたいなんで<6E5C>行きますね.<6E5C>ありがとうございました,,
dom3Mina_X04.mes,Script/dom3Mina_X04.mes,93,4,[효과음/내레이션],タタッ,,
dom3Mina_X04.mes,Script/dom3Mina_X04.mes,94,6,UNKNOWN_1e,阿呆ゥが!,,
dom3Mina_X04.mes,Script/dom3Mina_X04.mes,95,6,[효과음/내레이션],ざくぅ!!,,
dom3Mina_X04.mes,Script/dom3Mina_X04.mes,96,23,주인공,(あれは牙神幻十郎!<6E5C>また誰か斬ってる!?),,
dom3Mina_X04.mes,Script/dom3Mina_X04.mes,97,7,UNKNOWN_77,何を見ている,,
dom3Mina_X04.mes,Script/dom3Mina_X04.mes,98,8,주인공,いや、あの……,,
dom3Mina_X04.mes,Script/dom3Mina_X04.mes,99,5,UNKNOWN_77,……殺ス,,
dom3Mina_X04.mes,Script/dom3Mina_X04.mes,100,13,주인공,な、なんでそうなるんだ!,,
dom3Mina_X04.mes,Script/dom3Mina_X04.mes,101,9,UNKNOWN_77,死ねぇぇぇい!!,,
dom3Mina_X04.mes,Script/dom3Mina_X04.mes,102,17,주인공,うわぁ、どうすりゃいいんだ……!,,
dom3Mina_X04.mes,Script/dom3Mina_X04.mes,103,16,[선택지],ここは気合いだ!逃げるが勝ちだ!,,
dom3Mina_X04.mes,Script/dom3Mina_X04.mes,104,30,주인공,こ、こうなったら……<6E5C>気合いしかない!<6E5C>どりゃあぁぁぁ!!,,
dom3Mina_X04.mes,Script/dom3Mina_X04.mes,105,6,[효과음/내레이션],ガキーン!,,
dom3Mina_X04.mes,Script/dom3Mina_X04.mes,106,12,UNKNOWN_77,ぬぅぅ!止めおったか!,,
dom3Mina_X04.mes,Script/dom3Mina_X04.mes,107,25,주인공,な、なんとか切り抜けた……って、<6E5C>刀が折れた!?,,
dom3Mina_X04.mes,Script/dom3Mina_X04.mes,108,23,UNKNOWN_77,貴様ごときに手を焼こうとは……!<6E5C>許さん!!,,
dom3Mina_X04.mes,Script/dom3Mina_X04.mes,109,16,주인공,ちょ、ちょっと待ってくれぇ!!,,
dom3Mina_X04.mes,Script/dom3Mina_X04.mes,110,29,주인공,(ま、まともにやり合ってられるか<6E5C>!逃げるが勝ちだ!!),,
dom3Mina_X04.mes,Script/dom3Mina_X04.mes,111,4,[효과음/내레이션],タタッ,,
dom3Mina_X04.mes,Script/dom3Mina_X04.mes,112,16,UNKNOWN_77,阿呆ゥが!死にさらせぇぇぇ!!,,
dom3Mina_X04.mes,Script/dom3Mina_X04.mes,113,10,[효과음/내레이션],ざくぅぅぅぅ!!!,,
dom3Mina_X04.mes,Script/dom3Mina_X04.mes,114,10,주인공,うぎゃあぁぁぁ!!,,
dom3Mina_X04.mes,Script/dom3Mina_X04.mes,115,34,주인공,(お、俺は……<6E5C>こんなところで死ぬのか…….<6E5C>ミナ……ごめん……),,
dom3Mina_X04.mes,Script/dom3Mina_X04.mes,116,4,[효과음/내레이션],バタッ,,
dom3Mina_X04.mes,Script/dom3Mina_X04.mes,117,20,[선택지],心が折れたら負けだ!刀が折れたら負けだ!,,
dom3Mina_X04.mes,Script/dom3Mina_X04.mes,118,36,[선택지],「<0001><0000><0048><003C><0002>ここで心が折れたら負けだ!<6E5C>俺は……ミナと約束したんだ!!,,
dom3Mina_X04.mes,Script/dom3Mina_X04.mes,119,8,UNKNOWN_77,うおぅりゃ!!,,
dom3Mina_X04.mes,Script/dom3Mina_X04.mes,120,7,[효과음/내레이션],ひゅおっ!!,,
dom3Mina_X04.mes,Script/dom3Mina_X04.mes,121,6,[효과음/내레이션],ガシィ!!,,
dom3Mina_X04.mes,Script/dom3Mina_X04.mes,122,14,UNKNOWN_77,何ッ!?白刃取り……だと?,,
dom3Mina_X04.mes,Script/dom3Mina_X04.mes,123,8,주인공,で、できた……,,
dom3Mina_X04.mes,Script/dom3Mina_X04.mes,124,23,UNKNOWN_77,面白いではないか.<6E5C>貴様……名はなんという?,,
dom3Mina_X04.mes,Script/dom3Mina_X04.mes,125,10,주인공,うっ.<이름:3131><이름:3232>……,,
dom3Mina_X04.mes,Script/dom3Mina_X04.mes,126,46,UNKNOWN_77,<이름:3232>、貴様の命、<6E5C>ここでは取らずにおいてやる<485C>もうひと砥ぎで<6E5C>楽しめる漢になるだろうからな,,
dom3Mina_X04.mes,Script/dom3Mina_X04.mes,127,22,UNKNOWN_77,次に死合うときは折れぬ刀を<6E5C>持って来い!!,,
dom3Mina_X04.mes,Script/dom3Mina_X04.mes,128,10,주인공,た、助かった……?,,
dom3Mina_X04.mes,Script/dom3Mina_X04.mes,129,41,주인공,(それにしても、なんと凄まじい<6E5C>鬼気と執念だ.俺にも、<6E5C>あんな執念があれば……),,
dom3Mina_X04.mes,Script/dom3Mina_X04.mes,130,46,주인공,っと、そろそろ時間切れだな.<6E5C>何ができたかはわからないけど、<6E5C>ナコルルのところへ行かなきゃ,,
dom3Mina_X04.mes,Script/dom3Mina_X04.mes,131,20,주인공,刀が折れて勝てるわけ<6E5C>ないじゃないか!,,
dom3Mina_X04.mes,Script/dom3Mina_X04.mes,132,27,주인공,(まともにやり合ってられるか!<6E5C>逃げるが勝ちだ!!),,
dom3Mina_X04.mes,Script/dom3Mina_X04.mes,133,4,[효과음/내레이션],タタッ,,
dom3Mina_X04.mes,Script/dom3Mina_X04.mes,134,16,UNKNOWN_77,阿呆ゥが!死にさらせェェェ!!,,
dom3Mina_X04.mes,Script/dom3Mina_X04.mes,135,10,[효과음/내레이션],ざくぅぅぅぅ!!!,,
dom3Mina_X04.mes,Script/dom3Mina_X04.mes,136,10,주인공,うぎゃあぁぁぁ!!,,
dom3Mina_X04.mes,Script/dom3Mina_X04.mes,137,34,주인공,(お、俺は……<6E5C>こんなところで死ぬのか…….<6E5C>ミナ……ごめん……),,
dom3Mina_X04.mes,Script/dom3Mina_X04.mes,138,4,[효과음/내레이션],バタッ,,
dom3Mina_X04.mes,Script/dom3Mina_X04.mes,139,28,주인공,と、いうわけで、誰にも協力して<6E5C>もらえなかったんだ……,,
dom3Mina_X04.mes,Script/dom3Mina_X04.mes,140,38,Nakoruru,そうですか…….<6E5C>でも、<이름:3232>さん自身が、ずいぶんと<6E5C>強くなったみたいですね,,
dom3Mina_X04.mes,Script/dom3Mina_X04.mes,141,7,주인공,そ、そうか?,,
dom3Mina_X04.mes,Script/dom3Mina_X04.mes,142,13,Nakoruru,あとは受け止める勇気です,,
dom3Mina_X04.mes,Script/dom3Mina_X04.mes,143,9,주인공,受け止める勇気?,,
dom3Mina_X04.mes,Script/dom3Mina_X04.mes,144,21,Nakoruru,どんなものも恐れず、<6E5C>受け止める勇気です,,
dom3Mina_X04.mes,Script/dom3Mina_X04.mes,145,52,Nakoruru,大自然は時に激しい試練を<6E5C>課すこともありますが、<485C>それを受け止めて初めて、<6E5C>声を閉くことができるんです,,
dom3Mina_X04.mes,Script/dom3Mina_X04.mes,146,21,주인공,恐れず、受け止める勇気……<6E5C>本当の声、か,,
dom3Mina_X04.mes,Script/dom3Mina_X04.mes,147,31,Nakoruru,<이름:3232>さんならきっと大丈夫.<6E5C>ミナさんも頼りにしているはずです,,
dom3Mina_X04.mes,Script/dom3Mina_X04.mes,148,6,주인공,そうかなぁ,,
dom3Mina_X04.mes,Script/dom3Mina_X04.mes,149,30,Nakoruru,わたしの国では、『ミナ』には<6E5C>『笑う』という意味があります,,
dom3Mina_X04.mes,Script/dom3Mina_X04.mes,150,30,주인공,え、そうなの!?ミナが笑う……<6E5C>とてもかけ離れてる気がする,,
dom3Mina_X04.mes,Script/dom3Mina_X04.mes,151,41,Nakoruru,きっと、ミナさんの笑顔を取り戻せ<6E5C>るのは<이름:3232>さんだけです.<6E5C>頑張ってくださいね?,,
dom3Mina_X04.mes,Script/dom3Mina_X04.mes,152,16,주인공,……うむ、ありがとう、ナコルル,,
dom3Mina_X04.mes,Script/dom3Mina_X04.mes,153,13,주인공,ハァ、ハァ、ごめん遅れて,,
dom3Mina_X04.mes,Script/dom3Mina_X04.mes,154,10,Mina,……だいじょうぶ?,,
dom3Mina_X04.mes,Script/dom3Mina_X04.mes,155,45,주인공,うん、確固たる自信はつかめなかっ<6E5C>たけど、やれることは全部やって<6E5C>やろうって開き直れたよ,,
dom3Mina_X04.mes,Script/dom3Mina_X04.mes,156,5,Mina,そう……,,
dom3Mina_X04.mes,Script/dom3Mina_X04.mes,157,28,주인공,なあ、ミナ.ミナはこれが<6E5C>片付いたら、琉球へ帰るのか?,,
dom3Mina_X04.mes,Script/dom3Mina_X04.mes,158,29,Mina,ええ……村を滅ぼしたあやかしの<6E5C>正体は、わかったから……,,
dom3Mina_X04.mes,Script/dom3Mina_X04.mes,159,15,주인공,チャンプルが……許せないか?,,
dom3Mina_X04.mes,Script/dom3Mina_X04.mes,160,52,Mina,……わからない.お父さんや<6E5C>お母さんのこと、村のことを<6E5C>どう思ったらいいのか<485C>ぜんぜん、わからない……,,
dom3Mina_X04.mes,Script/dom3Mina_X04.mes,161,12,주인공,(ミナ……無理もない),,
dom3Mina_X04.mes,Script/dom3Mina_X04.mes,162,5,Mina,でも……,,
dom3Mina_X04.mes,Script/dom3Mina_X04.mes,163,4,주인공,でも?,,
dom3Mina_X04.mes,Script/dom3Mina_X04.mes,164,19,Mina,元のチャンプルに、<6E5C>戻ってほしい……,,
dom3Mina_X04.mes,Script/dom3Mina_X04.mes,165,45,Mina,どんなときでも、チャンプルは<6E5C>わたしのとなりにいてくれた……<6E5C>それは、ほんとうだから……,,
dom3Mina_X04.mes,Script/dom3Mina_X04.mes,166,6,주인공,そうか……,,
dom3Mina_X04.mes,Script/dom3Mina_X04.mes,167,31,Mina,そして……ふたりで帰る.たとえ、<6E5C>みんなに許されなくても……,,
dom3Mina_X04.mes,Script/dom3Mina_X04.mes,168,10,주인공,ふたり?三人だろ?,,
dom3Mina_X04.mes,Script/dom3Mina_X04.mes,169,5,Mina,え……?,,
dom3Mina_X04.mes,Script/dom3Mina_X04.mes,170,31,주인공,おいおい、俺のことを忘れたのか?<6E5C>俺もいっしょに琉球へ行くよ,,
dom3Mina_X04.mes,Script/dom3Mina_X04.mes,171,6,Mina,どうして?,,
dom3Mina_X04.mes,Script/dom3Mina_X04.mes,172,30,주인공,どうしてって、ミナといっしょに<6E5C>いたいからに決まってるだろ,,
dom3Mina_X04.mes,Script/dom3Mina_X04.mes,173,12,Mina,……わたしで、いいの?,,
dom3Mina_X04.mes,Script/dom3Mina_X04.mes,174,20,주인공,他の誰でもない.<6E5C>俺は、ミナがいいんだ,,
dom3Mina_X04.mes,Script/dom3Mina_X04.mes,175,5,Mina,……うん,,
dom3Mina_X04.mes,Script/dom3Mina_X04.mes,176,27,주인공,あ、琉球へ帰る前に、一度京都へ<6E5C>寄っていっていいか?,,
dom3Mina_X04.mes,Script/dom3Mina_X04.mes,177,7,Mina,チョートゥ?,,
dom3Mina_X04.mes,Script/dom3Mina_X04.mes,178,51,주인공,うん.俺の実家があるんだ<485C>家出同然で飛び出してきたんだけど<6E5C>、今度はきちんと挨拶をして<6E5C>行こうと思う,,
dom3Mina_X04.mes,Script/dom3Mina_X04.mes,179,3,Mina,……,,
dom3Mina_X04.mes,Script/dom3Mina_X04.mes,180,43,주인공,両親にミナのことを紹介するつもり<6E5C>だ.俺は、これからこの人と<6E5C>生きていきます……って,,
dom3Mina_X04.mes,Script/dom3Mina_X04.mes,181,3,Mina,……,,
dom3Mina_X04.mes,Script/dom3Mina_X04.mes,182,5,주인공,駄目か?,,
dom3Mina_X04.mes,Script/dom3Mina_X04.mes,183,15,Mina,ダメ…….<6E5C>寺……じゃ、ない,,
dom3Mina_X04.mes,Script/dom3Mina_X04.mes,184,38,주인공,よし、決まりだ!なんとしても<6E5C>チャンプルを元に戻して、<6E5C>三人で……帰ろう!,,
dom3Mina_X04.mes,Script/dom3Mina_X04.mes,185,4,Mina,うん!,,
dom3Mina_X05.mes,Script/dom3Mina_X05.mes,0,12,주인공,ミナ、準備はいいかい?,,
dom3Mina_X05.mes,Script/dom3Mina_X05.mes,1,3,Mina,うん,,
dom3Mina_X05.mes,Script/dom3Mina_X05.mes,2,23,주인공,それじゃ、いろは……いろいろ<6E5C>世話になったね,,
dom3Mina_X05.mes,Script/dom3Mina_X05.mes,3,19,Iroha,旦那様……行ってしまわれるん<6E5C>ですね,,
dom3Mina_X05.mes,Script/dom3Mina_X05.mes,4,45,주인공,うん…….いろはには感謝しても<6E5C>し足りないくらいなのに、<6E5C>何も残してやれなくて、すまない,,
dom3Mina_X05.mes,Script/dom3Mina_X05.mes,5,50,Iroha,いえ、いろはは旦那様に<6E5C>尽くすのが喜び<485C>悲しいですけど、旦那様の晴れの<6E5C>門出をお祝いいたします……,,
dom3Mina_X05.mes,Script/dom3Mina_X05.mes,6,11,주인공,ありがとう……いろは,,
dom3Mina_X05.mes,Script/dom3Mina_X05.mes,7,3,Mina,……,,
dom3Mina_X05.mes,Script/dom3Mina_X05.mes,8,14,주인공,それじゃあ、行こうか、ミナ,,
dom3Mina_X05.mes,Script/dom3Mina_X05.mes,9,5,Mina,……はい,,
dom3Mina_X05.mes,Script/dom3Mina_X05.mes,10,16,Iroha,がんばってください!旦那様!!,,
dom3Mina_X05.mes,Script/dom3Mina_X05.mes,11,10,주인공,ありがとう、いろは,,
dom3Mina_X05.mes,Script/dom3Mina_X05.mes,12,21,주인공,あやかしの気配があったのは、<6E5C>ここかい?,,
dom3Mina_X05.mes,Script/dom3Mina_X05.mes,13,3,Mina,うん,,
dom3Mina_X05.mes,Script/dom3Mina_X05.mes,14,45,주인공,ここは……俺とミナが初めて会った<6E5C>場所だな.ミナとチャンプルが<6E5C>ふたりで募らしていた……,,
dom3Mina_X05.mes,Script/dom3Mina_X05.mes,15,56,주인공,やはり、あやかしに変じても<6E5C>忘れない記憶があるんだろう<485C>だとすれば、きっとチャンプルを<6E5C>救うことはできるはずだ,,
dom3Mina_X05.mes,Script/dom3Mina_X05.mes,16,12,Mina,……来たわ、チャンプル,,
dom3Mina_X05.mes,Script/dom3Mina_X05.mes,17,6,주인공,来たか……,,
dom3Mina_X05.mes,Script/dom3Mina_X05.mes,18,3,[효과음/내레이션],ザッ,,
dom3Mina_X05.mes,Script/dom3Mina_X05.mes,19,8,UNKNOWN_7b,グウゥゥゥ……,,
dom3Mina_X05.mes,Script/dom3Mina_X05.mes,20,49,Mina,チャンプル……わたしは妖滅師、<6E5C>真鏡名ミナ<485C>このままなら……あなたを<6E5C>滅ぼさなくてはならない……,,
dom3Mina_X05.mes,Script/dom3Mina_X05.mes,21,14,주인공,ミナ、ここは俺に任せてくれ,,
dom3Mina_X05.mes,Script/dom3Mina_X05.mes,22,13,주인공,チャンプル、俺と勝負だ!,,
dom3Mina_X05.mes,Script/dom3Mina_X05.mes,23,9,UNKNOWN_7b,ゴガアォォォ!!,,
dom3Mina_X05.mes,Script/dom3Mina_X05.mes,24,12,주인공,……!すごい妖気だ!!,,
dom3Mina_X05.mes,Script/dom3Mina_X05.mes,25,18,[선택지],気合いで吹き飛ばす正面から受け止める,,
dom3Mina_X05.mes,Script/dom3Mina_X05.mes,26,33,주인공,だが、こんな妖気に……<6E5C>負けられるかぁ!!<6E5C>うおりゃぁぁぁ!!!,,
dom3Mina_X05.mes,Script/dom3Mina_X05.mes,27,8,[효과음/내레이션],バシュゥゥ!!,,
dom3Mina_X05.mes,Script/dom3Mina_X05.mes,28,8,UNKNOWN_7b,グオォォウ!!,,
dom3Mina_X05.mes,Script/dom3Mina_X05.mes,29,34,주인공,で、できた!覇王丸さんのとは<6E5C>比べようもないけど……<485C>天覇封神斬!,,
dom3Mina_X05.mes,Script/dom3Mina_X05.mes,30,13,Mina,……少し、邪気が薄れた?,,
dom3Mina_X05.mes,Script/dom3Mina_X05.mes,31,11,주인공,よーし、まだまだ!!,,
dom3Mina_X05.mes,Script/dom3Mina_X05.mes,32,7,UNKNOWN_7b,グオォォッ!,,
dom3Mina_X05.mes,Script/dom3Mina_X05.mes,33,6,[효과음/내레이션],ザシュッ!,,
dom3Mina_X05.mes,Script/dom3Mina_X05.mes,34,7,주인공,ぐわぁぁ!!,,
dom3Mina_X05.mes,Script/dom3Mina_X05.mes,35,5,Mina,<이름:3232>!!,,
dom3Mina_X05.mes,Script/dom3Mina_X05.mes,36,8,주인공,だ、大丈夫……,,
dom3Mina_X05.mes,Script/dom3Mina_X05.mes,37,11,Mina,でも、肩から血が……,,
dom3Mina_X05.mes,Script/dom3Mina_X05.mes,38,13,주인공,く……!腕が上がらん……,,
dom3Mina_X05.mes,Script/dom3Mina_X05.mes,39,8,UNKNOWN_7b,ゴガァァァ!!,,
dom3Mina_X05.mes,Script/dom3Mina_X05.mes,40,13,Mina,やっぱり、わたしが……!,,
dom3Mina_X05.mes,Script/dom3Mina_X05.mes,41,21,주인공,こんな妖気……正面から<6E5C>受け止めてやる!,,
dom3Mina_X05.mes,Script/dom3Mina_X05.mes,42,9,UNKNOWN_7b,グオォォォッ!!,,
dom3Mina_X05.mes,Script/dom3Mina_X05.mes,43,24,주인공,あう!か、体がすくんで……<6E5C>う。ご。け。な。い,,
dom3Mina_X05.mes,Script/dom3Mina_X05.mes,44,9,UNKNOWN_7b,ゴガァァァ!!!,,
dom3Mina_X05.mes,Script/dom3Mina_X05.mes,45,4,Mina,あぁ!,,
dom3Mina_X05.mes,Script/dom3Mina_X05.mes,46,6,[효과음/내레이션],ザシュッ!,,
dom3Mina_X05.mes,Script/dom3Mina_X05.mes,47,7,주인공,ぐわぁぁ!!,,
dom3Mina_X05.mes,Script/dom3Mina_X05.mes,48,5,Mina,<이름:3232>!!,,
dom3Mina_X05.mes,Script/dom3Mina_X05.mes,49,34,주인공,(お、俺は……こんなところで<6E5C>死ぬのか…….<6E5C>ミナ……ごめん……),,
dom3Mina_X05.mes,Script/dom3Mina_X05.mes,50,4,[효과음/내레이션],バタッ,,
dom3Mina_X05.mes,Script/dom3Mina_X05.mes,51,17,[선택지],頼む、ミナ……!折れない心で……!,,
dom3Mina_X05.mes,Script/dom3Mina_X05.mes,52,14,주인공,す、すまない、ミナ……頼む,,
dom3Mina_X05.mes,Script/dom3Mina_X05.mes,53,13,Mina,ごめんね、チャンプル……,,
dom3Mina_X05.mes,Script/dom3Mina_X05.mes,54,13,UNKNOWN_7b,ゴァ?グオォォォッ!!!,,
dom3Mina_X05.mes,Script/dom3Mina_X05.mes,55,22,주인공,お、おい!<6E5C>なんでこっちに来るんだ……!?,,
dom3Mina_X05.mes,Script/dom3Mina_X05.mes,56,4,Mina,あぁ!,,
dom3Mina_X05.mes,Script/dom3Mina_X05.mes,57,6,[효과음/내레이션],ザシュッ!,,
dom3Mina_X05.mes,Script/dom3Mina_X05.mes,58,7,주인공,ぐわぁぁ!!,,
dom3Mina_X05.mes,Script/dom3Mina_X05.mes,59,5,Mina,<이름:3232>!!,,
dom3Mina_X05.mes,Script/dom3Mina_X05.mes,60,34,주인공,(お、俺は……こんなところで<6E5C>死ぬのか…….<6E5C>ミナ……ごめん……),,
dom3Mina_X05.mes,Script/dom3Mina_X05.mes,61,4,[효과음/내레이션],バタッ,,
dom3Mina_X05.mes,Script/dom3Mina_X05.mes,62,34,주인공,ミ、ミナ……下がってるんだ.<6E5C>俺の心は、<6E5C>まだ折れちゃいない……!,,
dom3Mina_X05.mes,Script/dom3Mina_X05.mes,63,5,Mina,<이름:3232>……,,
dom3Mina_X05.mes,Script/dom3Mina_X05.mes,64,40,주인공,チャンプル、しっかりするんだ!<6E5C>お前は、ミナを守りたかったんじゃ<6E5C>ないのか!?,,
dom3Mina_X05.mes,Script/dom3Mina_X05.mes,65,58,주인공,お前が人々を傷つけて……どれだけ<6E5C>ミナがつらい思いをしたか!!<485C>お前だって、もうミナを<6E5C>傷つけたくはないだろう!!,,
dom3Mina_X05.mes,Script/dom3Mina_X05.mes,66,12,UNKNOWN_7b,グ……グ、ガァァ……?,,
dom3Mina_X05.mes,Script/dom3Mina_X05.mes,67,22,Mina,チャンプル……声が、<6E5C>閉こえている……の?,,
dom3Mina_X05.mes,Script/dom3Mina_X05.mes,68,16,주인공,さあ、チャンプル!帰ってこい!,,
dom3Mina_X05.mes,Script/dom3Mina_X05.mes,69,24,UNKNOWN_7b,グガァァァ……ゴ、<6E5C>グ……グオォォォォッ!!!,,
dom3Mina_X05.mes,Script/dom3Mina_X05.mes,70,6,[효과음/내레이션],ザシュッ!,,
dom3Mina_X05.mes,Script/dom3Mina_X05.mes,71,9,Mina,きゃあぁぁぁ!!,,
dom3Mina_X05.mes,Script/dom3Mina_X05.mes,72,5,주인공,ミナ!!,,
dom3Mina_X05.mes,Script/dom3Mina_X05.mes,73,8,UNKNOWN_7b,グウゥゥゥ……,,
dom3Mina_X05.mes,Script/dom3Mina_X05.mes,74,13,Mina,……わたしは、大丈夫……,,
dom3Mina_X05.mes,Script/dom3Mina_X05.mes,75,8,주인공,ミナ……くそ!,,
dom3Mina_X05.mes,Script/dom3Mina_X05.mes,76,17,[선택지],怒りで斬りつける執念で押さえつける,,
dom3Mina_X05.mes,Script/dom3Mina_X05.mes,77,24,주인공,もう……ダメなんだな、<6E5C>チャンプル……許せ!!,,
dom3Mina_X05.mes,Script/dom3Mina_X05.mes,78,5,[효과음/내레이션],グオッ!,,
dom3Mina_X05.mes,Script/dom3Mina_X05.mes,79,9,UNKNOWN_7b,ゴガァァァ!!!,,
dom3Mina_X05.mes,Script/dom3Mina_X05.mes,80,4,Mina,あぁ!,,
dom3Mina_X05.mes,Script/dom3Mina_X05.mes,81,6,[효과음/내레이션],ザシュッ!,,
dom3Mina_X05.mes,Script/dom3Mina_X05.mes,82,7,주인공,ぐわぁぁ!!,,
dom3Mina_X05.mes,Script/dom3Mina_X05.mes,83,5,Mina,<이름:3232>!!,,
dom3Mina_X05.mes,Script/dom3Mina_X05.mes,84,34,주인공,(お、俺は……こんなところで<6E5C>死ぬのか…….<6E5C>ミナ……ごめん……),,
dom3Mina_X05.mes,Script/dom3Mina_X05.mes,85,4,[효과음/내레이션],バタッ,,
dom3Mina_X05.mes,Script/dom3Mina_X05.mes,86,8,UNKNOWN_7b,ガァァァァ!!,,
dom3Mina_X05.mes,Script/dom3Mina_X05.mes,87,23,주인공,く……この!<6E5C>いい加減に、おとなしくしろ!!,,
dom3Mina_X05.mes,Script/dom3Mina_X05.mes,88,5,[효과음/내레이션],バキッ!,,
dom3Mina_X05.mes,Script/dom3Mina_X05.mes,89,8,[효과음/내레이션],ズザァァァ!!,,
dom3Mina_X05.mes,Script/dom3Mina_X05.mes,90,26,Mina,チャンプルを……押さえつけた?<6E5C><이름:3232>……すごい……,,
dom3Mina_X05.mes,Script/dom3Mina_X05.mes,91,20,주인공,あ……チャンプルから力が<6E5C>抜けていく?,,
dom3Mina_X05.mes,Script/dom3Mina_X05.mes,92,6,UNKNOWN_7b,ミ、ナ……,,
dom3Mina_X05.mes,Script/dom3Mina_X05.mes,93,8,Mina,チャンプル!?,,
dom3Mina_X05.mes,Script/dom3Mina_X05.mes,94,15,주인공,しょ、正気を取り戻したのか?,,
dom3Mina_X05.mes,Script/dom3Mina_X05.mes,95,14,UNKNOWN_7b,ミ、ナ……ナチ、ブサー……,,
dom3Mina_X05.mes,Script/dom3Mina_X05.mes,96,11,Mina,え……?泣き虫……?,,
dom3Mina_X05.mes,Script/dom3Mina_X05.mes,97,20,주인공,うぉ、ま、またチャンプルに<6E5C>力が……!,,
dom3Mina_X05.mes,Script/dom3Mina_X05.mes,98,24,UNKNOWN_7b,グガァァァ……ゴ、<6E5C>グ……グオォォォォッ!!!,,
dom3Mina_X05.mes,Script/dom3Mina_X05.mes,99,6,[효과음/내레이션],ザシュッ!,,
dom3Mina_X05.mes,Script/dom3Mina_X05.mes,100,8,주인공,ぐわぁぁぁ!!,,
dom3Mina_X05.mes,Script/dom3Mina_X05.mes,101,4,Mina,<이름:3232>!,,
dom3Mina_X05.mes,Script/dom3Mina_X05.mes,102,5,주인공,うぅ……,,
dom3Mina_X05.mes,Script/dom3Mina_X05.mes,103,28,주인공,(しまった……油断した…….<6E5C>か、体が、動かない……),,
dom3Mina_X05.mes,Script/dom3Mina_X05.mes,104,8,Mina,チャンプル……,,
dom3Mina_X05.mes,Script/dom3Mina_X05.mes,105,7,UNKNOWN_7b,グゥゥゥ……,,
dom3Mina_X05.mes,Script/dom3Mina_X05.mes,106,27,Mina,もう……ダメなんだね…….<6E5C>なら……わたしの手で……,,
dom3Mina_X05.mes,Script/dom3Mina_X05.mes,107,43,Mina,ごめんね、チャンプル.<6E5C>わたしも……すぐに行くから…….<6E5C>いっしょ、だから、ね……?,,
dom3Mina_X05.mes,Script/dom3Mina_X05.mes,108,7,[효과음/내레이션],キリキリ……,,
dom3Mina_X05.mes,Script/dom3Mina_X05.mes,109,12,주인공,ミ、ミナ……いけない!,,
dom3Mina_X05.mes,Script/dom3Mina_X05.mes,110,10,UNKNOWN_7b,ウ……ウアァァ……,,
dom3Mina_X05.mes,Script/dom3Mina_X05.mes,111,21,주인공,(お、怯えてるのか……?<6E5C>そうか……!),,
dom3Mina_X05.mes,Script/dom3Mina_X05.mes,112,16,[선택지],ミナが怖いんだな武器が怖いんだな,,
dom3Mina_X05.mes,Script/dom3Mina_X05.mes,113,54,주인공,(ミナが怖いんだな、<6E5C>かわいそうに……)<485C>(あんなに絆の深かったふたりが、<6E5C>こんな形で向き合うなんて……),,
dom3Mina_X05.mes,Script/dom3Mina_X05.mes,114,6,주인공,くっ……!,,
dom3Mina_X05.mes,Script/dom3Mina_X05.mes,115,3,[효과음/내레이션],ザッ,,
dom3Mina_X05.mes,Script/dom3Mina_X05.mes,116,6,Mina,<이름:3232>……?,,
dom3Mina_X05.mes,Script/dom3Mina_X05.mes,117,46,주인공,ミナ、君が手を下しちゃいけない.<6E5C>どうしても元には戻らないのなら、<6E5C>俺が、俺がやるから……,,
dom3Mina_X05.mes,Script/dom3Mina_X05.mes,118,7,Mina,……でも……,,
dom3Mina_X05.mes,Script/dom3Mina_X05.mes,119,9,UNKNOWN_7b,ゴガァァァ!!!,,
dom3Mina_X05.mes,Script/dom3Mina_X05.mes,120,4,Mina,あぁ!,,
dom3Mina_X05.mes,Script/dom3Mina_X05.mes,121,6,[효과음/내레이션],ザシュッ!,,
dom3Mina_X05.mes,Script/dom3Mina_X05.mes,122,7,주인공,ぐわぁぁ!!,,
dom3Mina_X05.mes,Script/dom3Mina_X05.mes,123,5,Mina,<이름:3232>!!,,
dom3Mina_X05.mes,Script/dom3Mina_X05.mes,124,34,주인공,(お、俺は……こんなところで<6E5C>死ぬのか…….<6E5C>ミナ……ごめん……),,
dom3Mina_X05.mes,Script/dom3Mina_X05.mes,125,4,[효과음/내레이션],バタッ,,
dom3Mina_X05.mes,Script/dom3Mina_X05.mes,126,36,주인공,(武器が、怖いんだな.<6E5C>確かに……こんなもの、<6E5C>悪意の象徴でしかない),,
dom3Mina_X05.mes,Script/dom3Mina_X05.mes,127,6,[효과음/내레이션],ガチャンッ,,
dom3Mina_X05.mes,Script/dom3Mina_X05.mes,128,4,Mina,<이름:3232>?,,
dom3Mina_X05.mes,Script/dom3Mina_X05.mes,129,33,주인공,ミナ……弓を下ろすんだ.<6E5C>そんなもの、友だちに<6E5C>向けちゃいけない,,
dom3Mina_X05.mes,Script/dom3Mina_X05.mes,130,8,Mina,で、でも……!,,
dom3Mina_X05.mes,Script/dom3Mina_X05.mes,131,56,주인공,チャンプルは、ミナのたった<6E5C>ひとりの友だちだろ?<485C>孤独も、恐れも、寂しさも、<6E5C>ふたりだから乗り越えられたはずだ,,
dom3Mina_X05.mes,Script/dom3Mina_X05.mes,132,5,Mina,……うん,,
dom3Mina_X05.mes,Script/dom3Mina_X05.mes,133,13,주인공,いっしょに、帰るんだろ?,,
dom3Mina_X05.mes,Script/dom3Mina_X05.mes,134,6,Mina,うん……!,,
dom3Mina_X05.mes,Script/dom3Mina_X05.mes,135,6,[효과음/내레이션],ガチャンッ,,
dom3Mina_X05.mes,Script/dom3Mina_X05.mes,136,42,주인공,チャンプル……もう、怖くないよ.<6E5C>誰も、お前とミナを傷つける<6E5C>ものなんて持ってない,,
dom3Mina_X05.mes,Script/dom3Mina_X05.mes,137,45,주인공,もう、ミナのために邪気を受け止め<6E5C>なくていいんだ.おまえの優しさは<6E5C>、痛いほどわかったよ,,
dom3Mina_X05.mes,Script/dom3Mina_X05.mes,138,54,주인공,もしもこの先、お前たちを<6E5C>傷つけようとする奴が現れたら、<6E5C>俺が全部やっつけてやるから<485C>だから……戻って来い,,
dom3Mina_X05.mes,Script/dom3Mina_X05.mes,139,14,UNKNOWN_7b,ガ、ガゥゥ……う、ぅぅ……,,
dom3Mina_X05.mes,Script/dom3Mina_X05.mes,140,19,주인공,そうだ……もう怖がらなくていいん<6E5C>だ,,
dom3Mina_X05.mes,Script/dom3Mina_X05.mes,141,28,주인공,ほら、ミナも呼びかけて…….<6E5C>恐れずに、受け止めるんだ,,
dom3Mina_X05.mes,Script/dom3Mina_X05.mes,142,15,Mina,……チャンプル……帰ってきて,,
dom3Mina_X05.mes,Script/dom3Mina_X05.mes,143,6,UNKNOWN_7b,ミ、ナ……,,
dom3Mina_X05.mes,Script/dom3Mina_X05.mes,144,32,Mina,そうだよ、わたしはここにいる.<6E5C>ずっと、ずっといっしょだからね,,
dom3Mina_X05.mes,Script/dom3Mina_X05.mes,145,10,UNKNOWN_7b,ミ……ミー……ナー,,
dom3Mina_ending1.mes,Script/dom3Mina_ending1.mes,0,8,Mina,チャンプル……,,
dom3Mina_ending1.mes,Script/dom3Mina_ending1.mes,1,6,UNKNOWN_7b,ミナー……,,
dom3Mina_ending1.mes,Script/dom3Mina_ending1.mes,2,11,주인공,も、元に戻った……!,,
dom3Mina_ending1.mes,Script/dom3Mina_ending1.mes,3,12,Mina,……お帰り、チャンプル,,
dom3Mina_ending1.mes,Script/dom3Mina_ending1.mes,4,15,UNKNOWN_7b,ミナー……ワッサイビーン……,,
dom3Mina_ending1.mes,Script/dom3Mina_ending1.mes,5,20,Mina,いいの、もういいのよ、<6E5C>チャンプル……,,
dom3Mina_ending1.mes,Script/dom3Mina_ending1.mes,6,16,주인공,よかったな……ミナ、チャンプル,,
dom3Mina_ending1.mes,Script/dom3Mina_ending1.mes,7,11,Mina,あなたの……おかげね,,
dom3Mina_ending1.mes,Script/dom3Mina_ending1.mes,8,11,주인공,いや、ふたりの絆だよ,,
dom3Mina_ending1.mes,Script/dom3Mina_ending1.mes,9,42,Mina,ううん.あなたが……<이름:3232>が<6E5C>いないと、チャンプルの心を<6E5C>知ることができなかった……,,
dom3Mina_ending1.mes,Script/dom3Mina_ending1.mes,10,37,Mina,いつもいっしょにいたのに、<6E5C>わたしを邪気から<6E5C>守ってくれていたなんて……,,
dom3Mina_ending1.mes,Script/dom3Mina_ending1.mes,11,17,Mina,<이름:3232>、ほんとうに、ありがとう……,,
dom3Mina_ending1.mes,Script/dom3Mina_ending1.mes,12,39,주인공,もういいから.ほら、涙をふいて.<6E5C>チャンプルも、早くミナの笑顔が<6E5C>見たいって,,
dom3Mina_ending1.mes,Script/dom3Mina_ending1.mes,13,3,UNKNOWN_7b,う~,,
dom3Mina_ending1.mes,Script/dom3Mina_ending1.mes,14,9,Mina,……うん.そうね,,
dom3Mina_ending1.mes,Script/dom3Mina_ending1.mes,15,25,주인공,さあ、行こうか.<6E5C>早くミナたちの故郷を見てみたい,,
dom3Mina_ending1.mes,Script/dom3Mina_ending1.mes,16,10,Mina,でも、その前に……,,
dom3Mina_ending1.mes,Script/dom3Mina_ending1.mes,17,3,주인공,え?,,
dom3Mina_ending1.mes,Script/dom3Mina_ending1.mes,18,8,Mina,……チョートゥ,,
dom3Mina_ending1.mes,Script/dom3Mina_ending1.mes,19,34,주인공,あ、そうか.<6E5C>京都の俺の家に来てくれるんだな.<6E5C>ありがとう、ミナ!,,
dom3Mina_ending1.mes,Script/dom3Mina_ending1.mes,20,13,Mina,ううん……うれしい、から,,
dom3Mina_ending1.mes,Script/dom3Mina_ending1.mes,21,17,주인공,よし、京都経由で、琉球へ出発だ!,,
dom3Mina_ending1.mes,Script/dom3Mina_ending1.mes,22,16,Mina,うん……帰ろう、ルーチューへ!,,
dom3Mina_ending1.mes,Script/dom3Mina_ending1.mes,23,6,[효과음/내레이션],そして――,,
dom3Mina_ending1.mes,Script/dom3Mina_ending1.mes,24,13,주인공,ミナ、これかぶってみなよ,,
dom3Mina_ending1.mes,Script/dom3Mina_ending1.mes,25,5,Mina,これ……,,
dom3Mina_ending1.mes,Script/dom3Mina_ending1.mes,26,33,주인공,さっき通った村で売っていたんだ.<6E5C>かわった笠だね.とてもきれいだ,,
dom3Mina_ending1.mes,Script/dom3Mina_ending1.mes,27,8,Mina,……ありがとう,,
dom3Mina_ending1.mes,Script/dom3Mina_ending1.mes,28,5,UNKNOWN_7b,ちり~ん,,
dom3Mina_ending1.mes,Script/dom3Mina_ending1.mes,29,31,주인공,よし、やっと琉球の海に着いたんだ<6E5C>、思いっきり泳ぐとするか!,,
dom3Mina_ending1.mes,Script/dom3Mina_ending1.mes,30,10,Mina,<이름:3232>……泳げるの?,,
dom3Mina_ending1.mes,Script/dom3Mina_ending1.mes,31,16,주인공,も、もちろん!バカにするなよ?,,
dom3Mina_ending1.mes,Script/dom3Mina_ending1.mes,32,29,Mina,ふふ……おぼれそうになったら、<6E5C>わたしが助けてあげる……,,
dom3Mina_ending1.mes,Script/dom3Mina_ending1.mes,33,11,주인공,おぼれたりしないよ!,,
dom3Mina_ending1.mes,Script/dom3Mina_ending1.mes,34,7,UNKNOWN_7b,わじわじーっ,,
dom3Mina_ending1.mes,Script/dom3Mina_ending1.mes,35,20,주인공,わわっ、なんで怒るんだよ<6E5C>チャンプル!,,
dom3Mina_ending1.mes,Script/dom3Mina_ending1.mes,36,20,Mina,ふたりで遊んでたから、<6E5C>怒ったの……?,,
dom3Mina_ending1.mes,Script/dom3Mina_ending1.mes,37,5,UNKNOWN_7b,うう~っ,,
dom3Mina_ending1.mes,Script/dom3Mina_ending1.mes,38,42,주인공,わかった、わかった.仲間はずれに<6E5C>なんかしないから、<6E5C>もうぜったいに変身するなよ!,,
dom3Mina_ending1.mes,Script/dom3Mina_ending1.mes,39,4,UNKNOWN_7b,いゅ~,,
dom3Mina_ending1.mes,Script/dom3Mina_ending1.mes,40,26,Mina,大丈夫…….これからはずっと<6E5C>三人だよ、チャンプル,,
dom3Mina_ending1.mes,Script/dom3Mina_ending1.mes,41,6,UNKNOWN_7b,うっさ~ん,,
dom3Mina_ending1.mes,Script/dom3Mina_ending1.mes,42,43,주인공,(ミナ……こんな自然な笑顔、<6E5C>はじめて見るな.もう二度と<6E5C>悲しい顔なんてさせないぞ),,
dom3Mina_ending1.mes,Script/dom3Mina_ending1.mes,43,10,UNKNOWN_7b,あんま~、た~り~,,
dom3Mina_ending1.mes,Script/dom3Mina_ending1.mes,44,4,Mina,え……,,
dom3Mina_ending1.mes,Script/dom3Mina_ending1.mes,45,8,주인공,どうした、ミナ,,
dom3Mina_ending1.mes,Script/dom3Mina_ending1.mes,46,29,Mina,……わたしと<이름:3232>が、お父さんと<6E5C>お母さんみたいだって……,,
dom3Mina_ending1.mes,Script/dom3Mina_ending1.mes,47,7,UNKNOWN_7b,ちね~じゅ~,,
dom3Mina_ending1.mes,Script/dom3Mina_ending1.mes,48,25,주인공,ははは、じゃあ、チャンプルは<6E5C>俺たちの子どもだな,,
dom3Mina_ending1.mes,Script/dom3Mina_ending1.mes,49,12,Mina,わたしが……お母さん?,,
dom3Mina_ending1.mes,Script/dom3Mina_ending1.mes,50,33,주인공,そうだ、俺たちは家族だ.<6E5C>けっして離れ離れになっては<6E5C>いけないぞ,,
dom3Mina_ending1.mes,Script/dom3Mina_ending1.mes,51,19,Mina,……うん.<6E5C>ずっと、いっしょ……ね?,,
dom3Mina_ending1.mes,Script/dom3Mina_ending1.mes,52,10,주인공,ああ、もちろんだ!,,
dom3Mina_ending1.mes,Script/dom3Mina_ending1.mes,53,25,주인공,(その笑顔だけは、<6E5C>ぜったいに曇らせない……!),,
dom3Mina_ending1.mes,Script/dom3Mina_ending1.mes,54,76,주인공,ろ<0000><0000><0000><0002><000B><0003><000E>@<0001><001E><0000><0000><0000><0000><0000><001A><FFFF><0000><0000><0000><0000><0011><0005><0000><0000><0000><0000><0006><000A><0002><0000><0000><0001><0019><0004><0000><0000><0000><0000><000D><0000><0000><0000><0000><0000><000E><0001><FFFF><0000><0000><0000><0000><0034><0028><006D>お疲れ様!<6E5C>少しは楽しんでくれたかな?,,
dom3Mina_ending1.mes,Script/dom3Mina_ending1.mes,55,12,UNKNOWN_6d,……あ!<6E5C>いっけない!,,
dom3Mina_ending1.mes,Script/dom3Mina_ending1.mes,56,6,[효과음/내레이션],ドロンッ!,,
dom3Mina_ending1.mes,Script/dom3Mina_ending1.mes,57,44,Shino,こんぷりーと、おめでとう!<6E5C>今度むささび屋に来たら、善哉<6E5C>いっぱい食べさせてあげるね!,,
dom3Mina_ending1.mes,Script/dom3Mina_ending1.mes,58,5,Shino,せーのっ,,
dom3Mina_ending1.mes,Script/dom3Mina_ending1.mes,59,22,UNKNOWN_1d,わたしたちをみつけてくれて、<6E5C>ありがとう!,,
