file,rel_path,block,n_tokens,speaker,source,ai_draft,translation
dom3Iroha_L01.mes,Script/dom3Iroha_L01.mes,0,12,주인공,う~ん、お腹すいたなぁ,,
dom3Iroha_L01.mes,Script/dom3Iroha_L01.mes,1,16,[효과음/내레이션],トンッ、トントントントントンッ,,
dom3Iroha_L01.mes,Script/dom3Iroha_L01.mes,2,10,주인공,ん?なんだ、この音,,
dom3Iroha_L01.mes,Script/dom3Iroha_L01.mes,3,14,Iroha,旦那様、お帰りなさいませ!,,
dom3Iroha_L01.mes,Script/dom3Iroha_L01.mes,4,14,주인공,いろは、何をやってるんだ?,,
dom3Iroha_L01.mes,Script/dom3Iroha_L01.mes,5,39,Iroha,見てのとおり、ごはんの用意<6E5C>ですよ!待ってくださいね、<6E5C>すぐにできますからっ,,
dom3Iroha_L01.mes,Script/dom3Iroha_L01.mes,6,41,주인공,そんなのいいよ.ただでさえやっか<6E5C>いになってるのに、飯ぐらい自分で<6E5C>調達するから,,
dom3Iroha_L01.mes,Script/dom3Iroha_L01.mes,7,33,Iroha,いけません!<6E5C>旦那様に最善のおもてなしを<6E5C>するのが私の役目です!,,
dom3Iroha_L01.mes,Script/dom3Iroha_L01.mes,8,12,[효과음/내레이션],ガシャンッ、ダダダダッ,,
dom3Iroha_L01.mes,Script/dom3Iroha_L01.mes,9,22,주인공,なんだか料理とは思えない音が<6E5C>してるぞ……,,
dom3Iroha_L01.mes,Script/dom3Iroha_L01.mes,10,4,[효과음/내레이션],ビュッ,,
dom3Iroha_L01.mes,Script/dom3Iroha_L01.mes,11,4,[효과음/내레이션],キンッ,,
dom3Iroha_L01.mes,Script/dom3Iroha_L01.mes,12,4,[효과음/내레이션],キンッ,,
dom3Iroha_L01.mes,Script/dom3Iroha_L01.mes,13,4,[효과음/내레이션],ガガッ,,
dom3Iroha_L01.mes,Script/dom3Iroha_L01.mes,14,21,Iroha,そこに立ってると危ないですよ、<6E5C>旦那様!,,
dom3Iroha_L01.mes,Script/dom3Iroha_L01.mes,15,5,[효과음/내레이션],ゴォ~~,,
dom3Iroha_L01.mes,Script/dom3Iroha_L01.mes,16,28,주인공,す、すごい.まるで凄まじい死合い<6E5C>を見ているようだ……,,
dom3Iroha_L01.mes,Script/dom3Iroha_L01.mes,17,28,Iroha,はい、旦那様!<6E5C>冷めないうちに<6E5C>お召し上がりください!,,
dom3Iroha_L01.mes,Script/dom3Iroha_L01.mes,18,9,[효과음/내레이션],ずばっ<020A>もぐっっ,,
dom3Iroha_L01.mes,Script/dom3Iroha_L01.mes,19,8,주인공,ふ、ふがふがっ,,
dom3Iroha_L01.mes,Script/dom3Iroha_L01.mes,20,12,Iroha,お味ははいかがですか?,,
dom3Iroha_L01.mes,Script/dom3Iroha_L01.mes,21,5,[선택지],うまい……,,
dom3Iroha_L01.mes,Script/dom3Iroha_L01.mes,22,15,주인공,う、うま……あつつつつつっ!,,
dom3Iroha_L01.mes,Script/dom3Iroha_L01.mes,23,6,Iroha,あ、あれ?,,
dom3Iroha_L01.mes,Script/dom3Iroha_L01.mes,24,33,주인공,……いきなり口につっこんだら<6E5C>ヤケドするじゃないか!<6E5C>はふはふっ,,
dom3Iroha_L01.mes,Script/dom3Iroha_L01.mes,25,13,Iroha,うわ~ん、ごめんなさい~,,
dom3Iroha_L01.mes,Script/dom3Iroha_L01.mes,26,24,주인공,(……まったく、これから先が思い<6E5C>やられるよ),,
dom3Iroha_L01.mes,Script/dom3Iroha_L01.mes,27,4,주인공,……っ,,
dom3Iroha_L01.mes,Script/dom3Iroha_L01.mes,28,23,Iroha,あれ?<6E5C>言葉にならないほど<6E5C>おいしいですか?,,
dom3Iroha_L01.mes,Script/dom3Iroha_L01.mes,29,7,[효과음/내레이션],……ボロボロ,,
dom3Iroha_L01.mes,Script/dom3Iroha_L01.mes,30,29,Iroha,まぁ!<6E5C>泣くほど感激してくれるなんて、<6E5C>いろは光栄です!,,
dom3Iroha_L01.mes,Script/dom3Iroha_L01.mes,31,5,주인공,(……),,
dom3Iroha_L01.mes,Script/dom3Iroha_L01.mes,32,37,주인공,(……死ぬほど熱いっっ!<6E5C>口の中をヤケドして、<6E5C>何もしゃべれないよ……),,
dom3Iroha_L02.mes,Script/dom3Iroha_L02.mes,0,13,주인공,ん?あそこにいるのは……,,
dom3Iroha_L02.mes,Script/dom3Iroha_L02.mes,1,45,Iroha,旦那様!今、晩ごはんのおかずを<6E5C>獲ろうとしてたところなんです!<6E5C>楽しみにしてくださいね!,,
dom3Iroha_L02.mes,Script/dom3Iroha_L02.mes,2,11,주인공,おかずを獲るところ?,,
dom3Iroha_L02.mes,Script/dom3Iroha_L02.mes,3,28,Iroha,今晩はどじょうなんてどう<6E5C>でしょう.私、大好物なんです,,
dom3Iroha_L02.mes,Script/dom3Iroha_L02.mes,4,7,주인공,どじょう~?,,
dom3Iroha_L02.mes,Script/dom3Iroha_L02.mes,5,14,[선택지],どじょうで良い他のものが良い,,
dom3Iroha_L02.mes,Script/dom3Iroha_L02.mes,6,22,주인공,う、うん…….<6E5C>どじょう、食べてみたいなぁ,,
dom3Iroha_L02.mes,Script/dom3Iroha_L02.mes,7,37,Iroha,よかったぁ!<6E5C>たくさんつかまえてきますから、<6E5C>家で待っていてくださいね!,,
dom3Iroha_L02.mes,Script/dom3Iroha_L02.mes,8,26,주인공,(……見た目と違って野性的<6E5C>なんだな、いろはって),,
dom3Iroha_L02.mes,Script/dom3Iroha_L02.mes,9,23,주인공,どじょうはちょっと…….<6E5C>他のものがいいなぁ,,
dom3Iroha_L02.mes,Script/dom3Iroha_L02.mes,10,10,Iroha,他のもの、ですか?,,
dom3Iroha_L02.mes,Script/dom3Iroha_L02.mes,11,21,주인공,焼き鳥なんてどうだい?<6E5C>とてもおいしいぞ,,
dom3Iroha_L02.mes,Script/dom3Iroha_L02.mes,12,16,Iroha,ひっ!だ、旦那様、なんてこと!,,
dom3Iroha_L02.mes,Script/dom3Iroha_L02.mes,13,3,주인공,え?,,
dom3Iroha_L02.mes,Script/dom3Iroha_L02.mes,14,34,Iroha,旦那様がそんな人だなんて<6E5C>思いませんでした…….<6E5C>あんまりですっ!,,
dom3Iroha_L02.mes,Script/dom3Iroha_L02.mes,15,4,[효과음/내레이션],ダダッ,,
dom3Iroha_L02.mes,Script/dom3Iroha_L02.mes,16,15,주인공,へぇ?なんで怒るんだろう……,,
dom3Iroha_L03.mes,Script/dom3Iroha_L03.mes,0,9,주인공,ふあぁ、眠いなぁ,,
dom3Iroha_L03.mes,Script/dom3Iroha_L03.mes,1,12,Iroha,旦那様、お疲れですか?,,
dom3Iroha_L03.mes,Script/dom3Iroha_L03.mes,2,15,주인공,そうだね.ちょっと横になるよ,,
dom3Iroha_L03.mes,Script/dom3Iroha_L03.mes,3,25,Iroha,では、私の膝を枕にしてお休み<6E5C>ください.どうぞ!,,
dom3Iroha_L03.mes,Script/dom3Iroha_L03.mes,4,7,주인공,え、えぇ~?,,
dom3Iroha_L03.mes,Script/dom3Iroha_L03.mes,5,16,Iroha,……私の膝では、寝れませんか?,,
dom3Iroha_L03.mes,Script/dom3Iroha_L03.mes,6,10,주인공,そうじゃなくて……,,
dom3Iroha_L03.mes,Script/dom3Iroha_L03.mes,7,25,Iroha,もぉ、私に遠慮なんかしたら、<6E5C>怒っちゃいますよ!,,
dom3Iroha_L03.mes,Script/dom3Iroha_L03.mes,8,6,주인공,あわわ……,,
dom3Iroha_L03.mes,Script/dom3Iroha_L03.mes,9,38,Iroha,――ふふ、こうやって旦那様の<6E5C>耳カキをするの、夢だったんです!<6E5C>うれしいっ,,
dom3Iroha_L03.mes,Script/dom3Iroha_L03.mes,10,7,주인공,う……う……,,
dom3Iroha_L03.mes,Script/dom3Iroha_L03.mes,11,36,Iroha,どうされました?<6E5C>お体の調子が悪いのですか?<6E5C>お腹が冷えてしまったとか,,
dom3Iroha_L03.mes,Script/dom3Iroha_L03.mes,12,15,주인공,うわー!さわるな、さわるな!,,
dom3Iroha_L03.mes,Script/dom3Iroha_L03.mes,13,46,Iroha,もぉ、なんでも言ってくださいよ?<6E5C>旦那様の笑顔を見るのが、いろは<6E5C>の一番の喜びなんですから,,
dom3Iroha_L03.mes,Script/dom3Iroha_L03.mes,14,14,주인공,(そ、そうは言っても……),,
dom3Iroha_L03.mes,Script/dom3Iroha_L03.mes,15,39,Iroha,あれ、お顔が真っ赤ですね.<6E5C>やっぱり、お風邪でも召されたん<6E5C>でしょうか……?,,
dom3Iroha_L03.mes,Script/dom3Iroha_L03.mes,16,7,[선택지],もう無理平気だ,,
dom3Iroha_L03.mes,Script/dom3Iroha_L03.mes,17,9,주인공,も、もうダメだ~,,
dom3Iroha_L03.mes,Script/dom3Iroha_L03.mes,18,4,[효과음/내레이션],がばっ,,
dom3Iroha_L03.mes,Script/dom3Iroha_L03.mes,19,33,Iroha,あっ、ごめんなさい!<6E5C>痛かったんですね?<6E5C>私が至らないせいで……,,
dom3Iroha_L03.mes,Script/dom3Iroha_L03.mes,20,16,주인공,そうじゃないって!ただ俺が……,,
dom3Iroha_L03.mes,Script/dom3Iroha_L03.mes,21,35,Iroha,……何を怒ってるんですか?<6E5C>言ってくれないと、<6E5C>いろははわかりません,,
dom3Iroha_L03.mes,Script/dom3Iroha_L03.mes,22,21,주인공,(……ああもう、<6E5C>どう言えばいいんだよ),,
dom3Iroha_L03.mes,Script/dom3Iroha_L03.mes,23,7,주인공,へ……平気だ,,
dom3Iroha_L03.mes,Script/dom3Iroha_L03.mes,24,26,Iroha,ふふっ、じゃあ、<6E5C>耳の中ピカピカにしちゃいますね!,,
dom3Iroha_L03.mes,Script/dom3Iroha_L03.mes,25,5,주인공,うう……,,
dom3Iroha_L03.mes,Script/dom3Iroha_L03.mes,26,23,Iroha,……よし!<6E5C>では、今度は反対を向いてください,,
dom3Iroha_L03.mes,Script/dom3Iroha_L03.mes,27,8,주인공,は、はんたい?,,
dom3Iroha_L03.mes,Script/dom3Iroha_L03.mes,28,15,Iroha,左のお耳もお掃除しますから!,,
dom3Iroha_L03.mes,Script/dom3Iroha_L03.mes,29,9,주인공,も、もう無理だ~,,
dom3Iroha_L03.mes,Script/dom3Iroha_L03.mes,30,17,Iroha,あ、旦那様、逃げちゃダメですよ!,,
dom3Iroha_L03.mes,Script/dom3Iroha_L03.mes,31,25,주인공,(こ、こんな生活が続いたら、<6E5C>死んでしまう……),,
dom3Iroha_L04.mes,Script/dom3Iroha_L04.mes,0,9,Mikoto,あ……<이름:3131>様……,,
dom3Iroha_L04.mes,Script/dom3Iroha_L04.mes,1,14,주인공,体の調子はどうだい、命さん,,
dom3Iroha_L04.mes,Script/dom3Iroha_L04.mes,2,12,Mikoto,はい……相変わらずです,,
dom3Iroha_L04.mes,Script/dom3Iroha_L04.mes,3,27,주인공,今日は天気がいいし、たまには<6E5C>散歩に出たらどうですか,,
dom3Iroha_L04.mes,Script/dom3Iroha_L04.mes,4,11,Mikoto,でも、わたくしは……,,
dom3Iroha_L04.mes,Script/dom3Iroha_L04.mes,5,23,UNKNOWN_1e,ダメです!そんな消極的では病に<6E5C>勝てません!,,
dom3Iroha_L04.mes,Script/dom3Iroha_L04.mes,6,4,주인공,え……,,
dom3Iroha_L04.mes,Script/dom3Iroha_L04.mes,7,11,주인공,いろは?なんでここに,,
dom3Iroha_L04.mes,Script/dom3Iroha_L04.mes,8,45,Iroha,そんなことより、こんな暗いお部屋<6E5C>で寝てたのでは気分が滅入る<6E5C>ばかり!ミコトさんですか?,,
dom3Iroha_L04.mes,Script/dom3Iroha_L04.mes,9,3,Mikoto,はい,,
dom3Iroha_L04.mes,Script/dom3Iroha_L04.mes,10,57,Iroha,待っててください、<6E5C>今お部屋の掃除をしますから!<485C>あと、あったかいおかゆを作り<6E5C>ますから召し上がってくださいね!,,
dom3Iroha_L04.mes,Script/dom3Iroha_L04.mes,11,5,Mikoto,でも……,,
dom3Iroha_L04.mes,Script/dom3Iroha_L04.mes,12,14,Iroha,とにかく元気を出さないと!,,
dom3Iroha_L04.mes,Script/dom3Iroha_L04.mes,13,6,[효과음/내레이션],バタバタッ,,
dom3Iroha_L04.mes,Script/dom3Iroha_L04.mes,14,9,[효과음/내레이션],トントントントン,,
dom3Iroha_L04.mes,Script/dom3Iroha_L04.mes,15,13,주인공,ったく、強引なやつだなぁ,,
dom3Iroha_L04.mes,Script/dom3Iroha_L04.mes,16,29,Mikoto,……くすっ、素敵な方ですね.<6E5C><이름:3131>様の大事なお人ですか?,,
dom3Iroha_L04.mes,Script/dom3Iroha_L04.mes,17,7,주인공,大事だなんて,,
dom3Iroha_L04.mes,Script/dom3Iroha_L04.mes,18,16,Mikoto,ちょっと、うらやましいです……,,
dom3Iroha_L04.mes,Script/dom3Iroha_L04.mes,19,11,[선택지],そうかなそれはおかしい,,
dom3Iroha_L04.mes,Script/dom3Iroha_L04.mes,20,8,주인공,そ、そうかな?,,
dom3Iroha_L04.mes,Script/dom3Iroha_L04.mes,21,16,Mikoto,ふふ、<이름:3131>様、顔が赤いですよ?,,
dom3Iroha_L04.mes,Script/dom3Iroha_L04.mes,22,19,주인공,……いやだな、命さんが<6E5C>からかうから,,
dom3Iroha_L04.mes,Script/dom3Iroha_L04.mes,23,25,Mikoto,わたくしだって、たまには<6E5C>それくらい言いますよ?,,
dom3Iroha_L04.mes,Script/dom3Iroha_L04.mes,24,24,Iroha,お待たせしました!<6E5C>いろは特製の梅おかゆです!,,
dom3Iroha_L04.mes,Script/dom3Iroha_L04.mes,25,9,Mikoto,まぁ、美味しそう,,
dom3Iroha_L04.mes,Script/dom3Iroha_L04.mes,26,22,주인공,(……ただの世話好きなのかな、<6E5C>いろはは),,
dom3Iroha_L04.mes,Script/dom3Iroha_L04.mes,27,9,주인공,それはおかしいよ,,
dom3Iroha_L04.mes,Script/dom3Iroha_L04.mes,28,3,Mikoto,え?,,
dom3Iroha_L04.mes,Script/dom3Iroha_L04.mes,29,54,주인공,命さんだって、いつも心配して<6E5C>くれる覇王丸さんたちが<6E5C>いるじゃないか<485C>うらやましく思うなんて、<6E5C>おかしいよ,,
dom3Iroha_L04.mes,Script/dom3Iroha_L04.mes,30,20,Mikoto,……そうですね.<6E5C>わたくしは幸せ者です,,
dom3Iroha_L04.mes,Script/dom3Iroha_L04.mes,31,6,[효과음/내레이션],ガシャーン,,
dom3Iroha_L04.mes,Script/dom3Iroha_L04.mes,32,9,Iroha,きゃー!お皿が!,,
dom3Iroha_L04.mes,Script/dom3Iroha_L04.mes,33,21,주인공,……な?<6E5C>うらやましくなんかないだろう?,,
dom3Iroha_L05.mes,Script/dom3Iroha_L05.mes,0,21,주인공,小腹もすいたし、<6E5C>だんごでも食べようかな,,
dom3Iroha_L05.mes,Script/dom3Iroha_L05.mes,1,21,UNKNOWN_1e,旦那様……こんなところで<6E5C>寄り道ですか?,,
dom3Iroha_L05.mes,Script/dom3Iroha_L05.mes,2,8,주인공,あれ、どうして,,
dom3Iroha_L05.mes,Script/dom3Iroha_L05.mes,3,34,Iroha,旦那様の姿を見かけたので、<6E5C>気になってついてきて<6E5C>しまいました……,,
dom3Iroha_L05.mes,Script/dom3Iroha_L05.mes,4,34,Iroha,私の料理より、こちらでお召し上が<6E5C>りになる方がうれしいのでしょうか,,
dom3Iroha_L05.mes,Script/dom3Iroha_L05.mes,5,11,주인공,そういうわけじゃ……,,
dom3Iroha_L05.mes,Script/dom3Iroha_L05.mes,6,37,Shino,あら<이름:3232>さん、いらっしゃい!<6E5C>今日はかわいいお連れさんが<6E5C>いっしょだねぇ,,
dom3Iroha_L05.mes,Script/dom3Iroha_L05.mes,7,25,주인공,ああ、この子はこの町でお世話に<6E5C>なってる人で……,,
dom3Iroha_L05.mes,Script/dom3Iroha_L05.mes,8,3,Shino,……,,
dom3Iroha_L05.mes,Script/dom3Iroha_L05.mes,9,17,주인공,どうしたんだ、いろはをじっと見て,,
dom3Iroha_L05.mes,Script/dom3Iroha_L05.mes,10,53,Shino,よし、合格!あんた、ちょっと<6E5C>むささび屋の手伝いしとくれよ<485C>あんたみたいな店番が<6E5C>欲しかったところなんだ,,
dom3Iroha_L05.mes,Script/dom3Iroha_L05.mes,11,5,Iroha,えぇ~!,,
dom3Iroha_L05.mes,Script/dom3Iroha_L05.mes,12,14,Shino,ねぇ、<이름:3232>さんも賛成だろ?,,
dom3Iroha_L05.mes,Script/dom3Iroha_L05.mes,13,6,Iroha,旦那様ぁ~,,
dom3Iroha_L05.mes,Script/dom3Iroha_L05.mes,14,7,[선택지],賛成だ俺が働く,,
dom3Iroha_L05.mes,Script/dom3Iroha_L05.mes,15,24,주인공,ああ、いろはは働き者だからな.<6E5C>こき使ってくれ,,
dom3Iroha_L05.mes,Script/dom3Iroha_L05.mes,16,6,Iroha,そんなぁ~,,
dom3Iroha_L05.mes,Script/dom3Iroha_L05.mes,17,15,Shino,さすが<이름:3232>さん!話が早いね!,,
dom3Iroha_L05.mes,Script/dom3Iroha_L05.mes,18,16,UNKNOWN_69,おい、ねーちゃん、こっちに茶!,,
dom3Iroha_L05.mes,Script/dom3Iroha_L05.mes,19,16,UNKNOWN_6a,うどんはまだか?早くしとくれ!,,
dom3Iroha_L05.mes,Script/dom3Iroha_L05.mes,20,21,Iroha,待ってください、ただいま……<6E5C>うわ~ん!,,
dom3Iroha_L05.mes,Script/dom3Iroha_L05.mes,21,35,Shino,ふふ、おかげで今日は大繁盛!<6E5C>どんどん来るから、<6E5C>しっかり働いてよ?,,
dom3Iroha_L05.mes,Script/dom3Iroha_L05.mes,22,13,Iroha,旦那様、助けてください~,,
dom3Iroha_L05.mes,Script/dom3Iroha_L05.mes,23,29,주인공,よかったなぁ、いろは.<6E5C>みんなの役に立ててうれしいだろう,,
dom3Iroha_L05.mes,Script/dom3Iroha_L05.mes,24,16,Iroha,そんな、ひどいですよ、旦那様~,,
dom3Iroha_L05.mes,Script/dom3Iroha_L05.mes,25,40,주인공,なんでいろはを働かせないと<6E5C>いけないんだ.そんなことする<6E5C>ぐらいなら俺が働くよ,,
dom3Iroha_L05.mes,Script/dom3Iroha_L05.mes,26,10,Iroha,だ、旦那様ぁ……!,,
dom3Iroha_L05.mes,Script/dom3Iroha_L05.mes,27,42,Shino,へぇ、かっこいいこと言うじゃ<6E5C>ない.じゃ、お言葉どおり、<6E5C>そうさせてもらおうかなっ,,
dom3Iroha_L05.mes,Script/dom3Iroha_L05.mes,28,8,주인공,……ほんとに?,,
dom3Iroha_L05.mes,Script/dom3Iroha_L05.mes,29,6,[효과음/내레이션],ガシャーン,,
dom3Iroha_L05.mes,Script/dom3Iroha_L05.mes,30,12,UNKNOWN_46,おいこら、何してんだ!,,
dom3Iroha_L05.mes,Script/dom3Iroha_L05.mes,31,10,주인공,すす、すいませーん,,
dom3Iroha_L05.mes,Script/dom3Iroha_L05.mes,32,19,Shino,まだまだなっちゃないねぇ、<6E5C><이름:3232>さん,,
dom3Iroha_L05.mes,Script/dom3Iroha_L05.mes,33,22,Iroha,旦那様、いろははいつでも応援して<6E5C>ますよ!,,
dom3Iroha_L05.mes,Script/dom3Iroha_L05.mes,34,15,주인공,ああ、なんでこんなことに……,,
dom3Iroha_L06.mes,Script/dom3Iroha_L06.mes,0,6,[효과음/내레이션],ガタガタッ,,
dom3Iroha_L06.mes,Script/dom3Iroha_L06.mes,1,3,주인공,ん?,,
dom3Iroha_L06.mes,Script/dom3Iroha_L06.mes,2,11,Shiki,なんだ……人がいたの,,
dom3Iroha_L06.mes,Script/dom3Iroha_L06.mes,3,22,주인공,色さん!どうしたんですか、<6E5C>こんなところへ,,
dom3Iroha_L06.mes,Script/dom3Iroha_L06.mes,4,17,Shiki,別に……ただ、歩いていただけ……,,
dom3Iroha_L06.mes,Script/dom3Iroha_L06.mes,5,24,주인공,そうですか、よかったら上がって<6E5C>いってください,,
dom3Iroha_L06.mes,Script/dom3Iroha_L06.mes,6,31,주인공,色さんには助けてもらったことも<6E5C>あるし、お茶ぐらい出しますよ,,
dom3Iroha_L06.mes,Script/dom3Iroha_L06.mes,7,13,UNKNOWN_1e,旦那様……お客様ですか?,,
dom3Iroha_L06.mes,Script/dom3Iroha_L06.mes,8,21,주인공,ああ、蜜蜂屋で芸妓をしてる、<6E5C>色さんだよ,,
dom3Iroha_L06.mes,Script/dom3Iroha_L06.mes,9,25,Shiki,……そう、あなたたちの家なの.<6E5C>邪魔したわね……,,
dom3Iroha_L06.mes,Script/dom3Iroha_L06.mes,10,3,[효과음/내레이션],スッ,,
dom3Iroha_L06.mes,Script/dom3Iroha_L06.mes,11,7,주인공,あ、色さん!,,
dom3Iroha_L06.mes,Script/dom3Iroha_L06.mes,12,20,Iroha,……旦那様、今の方と親しいん<6E5C>ですか?,,
dom3Iroha_L06.mes,Script/dom3Iroha_L06.mes,13,28,주인공,いや、被女には以前、命を助けても<6E5C>らったことがあるんだ,,
dom3Iroha_L06.mes,Script/dom3Iroha_L06.mes,14,17,주인공,ちゃんとお礼をしたいんだけど……,,
dom3Iroha_L06.mes,Script/dom3Iroha_L06.mes,15,29,Iroha,……私にだって、旦那様をお助け<6E5C>することぐらい、できます,,
dom3Iroha_L06.mes,Script/dom3Iroha_L06.mes,16,3,주인공,え?,,
dom3Iroha_L06.mes,Script/dom3Iroha_L06.mes,17,4,[효과음/내레이션],ぎゅっ,,
dom3Iroha_L06.mes,Script/dom3Iroha_L06.mes,18,20,주인공,ど、どうしたんだ.<6E5C>いきなりくっついて,,
dom3Iroha_L06.mes,Script/dom3Iroha_L06.mes,19,36,Iroha,旦那様に救われたこの命、<6E5C>いろははいつだって差し出せるん<6E5C>ですから……,,
dom3Iroha_L06.mes,Script/dom3Iroha_L06.mes,20,5,주인공,いろは?,,
dom3Iroha_L06.mes,Script/dom3Iroha_L06.mes,21,17,[선택지],バカなこと言うな変なもの食べたのか,,
dom3Iroha_L06.mes,Script/dom3Iroha_L06.mes,22,30,주인공,バカなこと言うなよ.<6E5C>そんなことされても、<6E5C>うれしくないよ,,
dom3Iroha_L06.mes,Script/dom3Iroha_L06.mes,23,6,Iroha,旦那様……,,
dom3Iroha_L06.mes,Script/dom3Iroha_L06.mes,24,29,주인공,いろはが傷つくとこなんて、<6E5C>俺はぜったい見たくないからね,,
dom3Iroha_L06.mes,Script/dom3Iroha_L06.mes,25,32,Iroha,そそ、そんなっ!<6E5C>あ、あの、今すぐ熱いお茶を<6E5C>用意しますねっ!,,
dom3Iroha_L06.mes,Script/dom3Iroha_L06.mes,26,4,[효과음/내레이션],たたっ,,
dom3Iroha_L06.mes,Script/dom3Iroha_L06.mes,27,30,주인공,……しかし、俺がいつ、いろはの<6E5C>命を救ったっていうんだろう,,
dom3Iroha_L06.mes,Script/dom3Iroha_L06.mes,28,15,주인공,……いろは、そんな顔するなよ,,
dom3Iroha_L06.mes,Script/dom3Iroha_L06.mes,29,6,Iroha,旦那様……,,
dom3Iroha_L06.mes,Script/dom3Iroha_L06.mes,30,21,주인공,変なものでも食べたのか?<6E5C>おかしなやつだ,,
dom3Iroha_L06.mes,Script/dom3Iroha_L06.mes,31,13,Iroha,も、もぉ!旦那様のバカ!,,
dom3Iroha_L06.mes,Script/dom3Iroha_L06.mes,32,6,[효과음/내레이션],ピシャンッ,,
dom3Iroha_L06.mes,Script/dom3Iroha_L06.mes,33,14,주인공,?<020A>なんで怒ってるんだろう,,
dom3Iroha_L07.mes,Script/dom3Iroha_L07.mes,0,19,주인공,うむ、絶好の昼寝日和だ.<6E5C>横になるか,,
dom3Iroha_L07.mes,Script/dom3Iroha_L07.mes,1,28,Iroha,旦那様!良い天気なんだから<6E5C>ゴロゴロしないでください!,,
dom3Iroha_L07.mes,Script/dom3Iroha_L07.mes,2,42,주인공,良い天気だからゴロゴロするんだろ<6E5C>う.いろはは、こんな晴れの日に<6E5C>出かけるのかい?,,
dom3Iroha_L07.mes,Script/dom3Iroha_L07.mes,3,41,Iroha,晴れの日に出かけるのは普通です!<6E5C>旦那様もいっしょに行きま<6E5C>しょうよ、お買い物!,,
dom3Iroha_L07.mes,Script/dom3Iroha_L07.mes,4,5,주인공,えぇ~?,,
dom3Iroha_L07.mes,Script/dom3Iroha_L07.mes,5,22,Iroha,決まりです!<6E5C>今日はふたりでお買い物です!,,
dom3Iroha_L07.mes,Script/dom3Iroha_L07.mes,6,9,주인공,そんな強引な……,,
dom3Iroha_L07.mes,Script/dom3Iroha_L07.mes,7,24,Iroha,ほらほら、おいしそうなお野菜が<6E5C>売ってますよ!,,
dom3Iroha_L07.mes,Script/dom3Iroha_L07.mes,8,10,주인공,野菜はちょっと……,,
dom3Iroha_L07.mes,Script/dom3Iroha_L07.mes,9,40,UNKNOWN_4e,",お、新婚さんかい?<6E5C>まけてあげるから買っていきな!<6E5C>精のつく野菜がお安いよ!",,
dom3Iroha_L07.mes,Script/dom3Iroha_L07.mes,10,22,Iroha,ほらほら、八百屋さんもああ<6E5C>言ってますよ!,,
dom3Iroha_L07.mes,Script/dom3Iroha_L07.mes,11,22,주인공,いろは……ちゃんと意味がわかって<6E5C>るのか?,,
dom3Iroha_L07.mes,Script/dom3Iroha_L07.mes,12,27,Iroha,もぉ!旦那様は私と外を歩くのが<6E5C>楽しくないんですか?,,
dom3Iroha_L07.mes,Script/dom3Iroha_L07.mes,13,8,[선택지],楽しい恥ずかしい,,
dom3Iroha_L07.mes,Script/dom3Iroha_L07.mes,14,25,주인공,はは、楽しいよ.<6E5C>楽しいに決まってるじゃないか!,,
dom3Iroha_L07.mes,Script/dom3Iroha_L07.mes,15,27,Iroha,……旦那様、そんな見えすいた<6E5C>ウソつかないでください,,
dom3Iroha_L07.mes,Script/dom3Iroha_L07.mes,16,6,주인공,え、えぇ?,,
dom3Iroha_L07.mes,Script/dom3Iroha_L07.mes,17,27,Iroha,どうせ今日は私がムリヤリ連れてき<6E5C>ましたよ!ふんだっ,,
dom3Iroha_L07.mes,Script/dom3Iroha_L07.mes,18,4,[효과음/내레이션],ぴゅっ,,
dom3Iroha_L07.mes,Script/dom3Iroha_L07.mes,19,17,주인공,え、ちょっと!……女は難しいなぁ,,
dom3Iroha_L07.mes,Script/dom3Iroha_L07.mes,20,13,주인공,って言うか、恥ずかしいよ,,
dom3Iroha_L07.mes,Script/dom3Iroha_L07.mes,21,20,Iroha,……私と歩くのが恥ずかしいのです<6E5C>か?,,
dom3Iroha_L07.mes,Script/dom3Iroha_L07.mes,22,30,주인공,だって……いろはみたいな美人と<6E5C>歩いたことなんてないからさ,,
dom3Iroha_L07.mes,Script/dom3Iroha_L07.mes,23,33,Iroha,び、美人だなんてそんな!<6E5C>変なこと言ったら怒りますよ、<6E5C>旦那様!,,
dom3Iroha_L07.mes,Script/dom3Iroha_L07.mes,24,6,[효과음/내레이션],ポカポカッ,,
dom3Iroha_L07.mes,Script/dom3Iroha_L07.mes,25,24,주인공,いたた.なんで殴られないといけな<6E5C>いんだよ……,,
dom3Iroha_L08.mes,Script/dom3Iroha_L08.mes,0,12,주인공,さて、家に帰るとするか,,
dom3Iroha_L08.mes,Script/dom3Iroha_L08.mes,1,4,[효과음/내레이션],ドンッ,,
dom3Iroha_L08.mes,Script/dom3Iroha_L08.mes,2,10,주인공,おっと、すいません,,
dom3Iroha_L08.mes,Script/dom3Iroha_L08.mes,3,3,UNKNOWN_77,……,,
dom3Iroha_L08.mes,Script/dom3Iroha_L08.mes,4,11,주인공,(ゲゲ!またぁ!?),,
dom3Iroha_L08.mes,Script/dom3Iroha_L08.mes,5,25,UNKNOWN_77,貴様、よほど斬られるのが好きらし<6E5C>いな……死ね!,,
dom3Iroha_L08.mes,Script/dom3Iroha_L08.mes,6,6,[효과음/내레이션],ざくうっ!,,
dom3Iroha_L08.mes,Script/dom3Iroha_L08.mes,7,6,주인공,ぎえええ~,,
dom3Iroha_L08.mes,Script/dom3Iroha_L08.mes,8,3,[효과음/내레이션],……,,
dom3Iroha_L08.mes,Script/dom3Iroha_L08.mes,9,9,UNKNOWN_1e,旦那様、旦那様!,,
dom3Iroha_L08.mes,Script/dom3Iroha_L08.mes,10,7,주인공,(……ん?),,
dom3Iroha_L08.mes,Script/dom3Iroha_L08.mes,11,16,Iroha,旦那様、しっかりしてください!,,
dom3Iroha_L08.mes,Script/dom3Iroha_L08.mes,12,20,주인공,いろは…….<6E5C>俺はいつのまに……いてて,,
dom3Iroha_L08.mes,Script/dom3Iroha_L08.mes,13,31,Iroha,動いてはダメです!<6E5C>今、私が旦那様を<6E5C>お救いいたしますから!,,
dom3Iroha_L08.mes,Script/dom3Iroha_L08.mes,14,9,주인공,え?救うって……,,
dom3Iroha_L08.mes,Script/dom3Iroha_L08.mes,15,5,Iroha,はぁっ!,,
dom3Iroha_L08.mes,Script/dom3Iroha_L08.mes,16,8,[효과음/내레이션],シュババババッ,,
dom3Iroha_L08.mes,Script/dom3Iroha_L08.mes,17,8,주인공,う、うわあああ,,
dom3Iroha_L08.mes,Script/dom3Iroha_L08.mes,18,16,Iroha,動かないでください、旦那様ぁ!,,
dom3Iroha_L08.mes,Script/dom3Iroha_L08.mes,19,24,주인공,す、すごい…….<6E5C>包帯がくるくると何重にも……,,
dom3Iroha_L08.mes,Script/dom3Iroha_L08.mes,20,38,Iroha,旦那様はぜったいに死なせません!<6E5C>そんなこと、このいろはが許しま<6E5C>せーん!,,
dom3Iroha_L08.mes,Script/dom3Iroha_L08.mes,21,24,주인공,まるで白い鳥が舞っている<6E5C>ようだよ、いろは……,,
dom3Iroha_L08.mes,Script/dom3Iroha_L08.mes,22,25,Iroha,……これで大丈夫!<6E5C>お気分はどうですか、旦那様!,,
dom3Iroha_L08.mes,Script/dom3Iroha_L08.mes,23,5,[선택지],良い苦しい,,
dom3Iroha_L08.mes,Script/dom3Iroha_L08.mes,24,24,주인공,う……うん、いろはのおかげで、<6E5C>助かったよ……,,
dom3Iroha_L08.mes,Script/dom3Iroha_L08.mes,25,36,Iroha,よかった!<6E5C>困ったことがあったら、なんでも<6E5C>いろはに言ってくださいね?,,
dom3Iroha_L08.mes,Script/dom3Iroha_L08.mes,26,23,Iroha,旦那様のためなら<6E5C>どんなことでもしますから!,,
dom3Iroha_L08.mes,Script/dom3Iroha_L08.mes,27,21,주인공,うう、ありが……というか、<6E5C>動けない……,,
dom3Iroha_L08.mes,Script/dom3Iroha_L08.mes,28,9,주인공,く……苦しい……,,
dom3Iroha_L08.mes,Script/dom3Iroha_L08.mes,29,10,Iroha,旦那様?旦那様―!,,
dom3Iroha_L08.mes,Script/dom3Iroha_L08.mes,30,19,주인공,(しめすぎだよ、<6E5C>これ……キュゥッ),,
dom3Iroha_L09.mes,Script/dom3Iroha_L09.mes,0,14,UNKNOWN_1e,困ります、やめてください!,,
dom3Iroha_L09.mes,Script/dom3Iroha_L09.mes,1,16,UNKNOWN_1a,黙れ!どういう関係か白状しろ!,,
dom3Iroha_L09.mes,Script/dom3Iroha_L09.mes,2,9,주인공,なんだ?騒々しい,,
dom3Iroha_L09.mes,Script/dom3Iroha_L09.mes,3,10,Iroha,ああっ、旦那様ぁっ,,
dom3Iroha_L09.mes,Script/dom3Iroha_L09.mes,4,22,주인공,またおまえか.<6E5C>こりずによくナンパするなぁ,,
dom3Iroha_L09.mes,Script/dom3Iroha_L09.mes,5,48,UNKNOWN_74,うるせぇ!テメェら、閉いたら夫婦<6E5C>でもなんでもねぇっていうじゃねー<6E5C>か.どういう関係なんだよ!,,
dom3Iroha_L09.mes,Script/dom3Iroha_L09.mes,6,9,주인공,どういうって……,,
dom3Iroha_L09.mes,Script/dom3Iroha_L09.mes,7,43,UNKNOWN_74,ヨソもんがそろって変なコト考えや<6E5C>がって.この町に何かしたら、<6E5C>ただじゃおかねぇぞ!,,
dom3Iroha_L09.mes,Script/dom3Iroha_L09.mes,8,10,주인공,そんなことしないよ,,
dom3Iroha_L09.mes,Script/dom3Iroha_L09.mes,9,31,UNKNOWN_74,ウソつけ!じゃあ、なんでこんな<6E5C>とこにふたりで住んでんだよ!,,
dom3Iroha_L09.mes,Script/dom3Iroha_L09.mes,10,8,주인공,そ、それは……,,
dom3Iroha_L09.mes,Script/dom3Iroha_L09.mes,11,14,[선택지],たまたまだ愛し合ってるからだ,,
dom3Iroha_L09.mes,Script/dom3Iroha_L09.mes,12,9,주인공,た、たまたまだ!,,
dom3Iroha_L09.mes,Script/dom3Iroha_L09.mes,13,8,UNKNOWN_74,たまたまだァ?,,
dom3Iroha_L09.mes,Script/dom3Iroha_L09.mes,14,41,주인공,たまたま会って、俺がやっかいに<6E5C>なっているだけだ……それ以外の<6E5C>なんでもないよ!,,
dom3Iroha_L09.mes,Script/dom3Iroha_L09.mes,15,45,UNKNOWN_74,……あやしい、あやしいぜオマエ<6E5C>ら.いつかぜったい正体をあばいて<6E5C>やるからな、覚えてろ!,,
dom3Iroha_L09.mes,Script/dom3Iroha_L09.mes,16,5,[효과음/내레이션],バタンッ,,
dom3Iroha_L09.mes,Script/dom3Iroha_L09.mes,17,16,Iroha,旦那様……大丈夫でしょうか……,,
dom3Iroha_L09.mes,Script/dom3Iroha_L09.mes,18,15,주인공,う、うん.なんとかなるよ……,,
dom3Iroha_L09.mes,Script/dom3Iroha_L09.mes,19,14,주인공,あ、愛し合ってるからだぁ!,,
dom3Iroha_L09.mes,Script/dom3Iroha_L09.mes,20,7,UNKNOWN_74,なんだとォ?,,
dom3Iroha_L09.mes,Script/dom3Iroha_L09.mes,21,6,Iroha,旦那様……,,
dom3Iroha_L09.mes,Script/dom3Iroha_L09.mes,22,17,주인공,た、たしかに俺たちは夫婦じゃない,,
dom3Iroha_L09.mes,Script/dom3Iroha_L09.mes,23,45,주인공,けど、愛し合う者同士がいっしょに<6E5C>募らしてどこが悪い!とやかく言<6E5C>われる筋合いはないぞ!,,
dom3Iroha_L09.mes,Script/dom3Iroha_L09.mes,24,13,UNKNOWN_74,……ケッ、好きにしろい!,,
dom3Iroha_L09.mes,Script/dom3Iroha_L09.mes,25,5,[효과음/내레이션],バタンッ,,
dom3Iroha_L09.mes,Script/dom3Iroha_L09.mes,26,11,주인공,ふぅ、やっと帰ったな,,
dom3Iroha_L09.mes,Script/dom3Iroha_L09.mes,27,36,Iroha,旦那様…….そんな風に<6E5C>思ってくれていたなんて、<6E5C>いろはは感激です……,,
dom3Iroha_L09.mes,Script/dom3Iroha_L09.mes,28,25,주인공,え?いや、今のは追い返すために<6E5C>言っただけで……,,
dom3Iroha_L09.mes,Script/dom3Iroha_L09.mes,29,21,Iroha,私、旦那様に一生ついていきたいで<6E5C>す……,,
dom3Iroha_L09.mes,Script/dom3Iroha_L09.mes,30,12,주인공,(うわ、参ったな……),,
dom3Iroha_L10.mes,Script/dom3Iroha_L10.mes,0,3,Iroha,……,,
dom3Iroha_L10.mes,Script/dom3Iroha_L10.mes,1,22,주인공,……いろは、今から遠足にでも行か<6E5C>ないか?,,
dom3Iroha_L10.mes,Script/dom3Iroha_L10.mes,2,13,Iroha,え?なんですって、旦那様,,
dom3Iroha_L10.mes,Script/dom3Iroha_L10.mes,3,25,주인공,ふたりで山に登ろうと言ったんだ.<6E5C>ほら、行くぞ!,,
dom3Iroha_L10.mes,Script/dom3Iroha_L10.mes,4,11,Iroha,ま、待ってください~,,
dom3Iroha_L10.mes,Script/dom3Iroha_L10.mes,5,25,Iroha,わぁ、緑がキレイですね!<6E5C>とても気持ちいいです!,,
dom3Iroha_L10.mes,Script/dom3Iroha_L10.mes,6,23,주인공,そうか.少しでも気が晴れたん<6E5C>なら、よかった,,
dom3Iroha_L10.mes,Script/dom3Iroha_L10.mes,7,6,Iroha,旦那様……,,
dom3Iroha_L10.mes,Script/dom3Iroha_L10.mes,8,22,주인공,思いつめてるいろはは、<6E5C>いろはらしくないよ,,
dom3Iroha_L10.mes,Script/dom3Iroha_L10.mes,9,67,주인공,まだ知り合ったばかりだけど、<6E5C>こうやってこの町で楽しく募らせる<6E5C>のはいろはがいるからなんだ<485C>元気がないと、<6E5C>俺まで落ち込んでしまうよ,,
dom3Iroha_L10.mes,Script/dom3Iroha_L10.mes,10,28,Iroha,そんな!旦那様が落ち込むなんて、<6E5C>あってはなりません!,,
dom3Iroha_L10.mes,Script/dom3Iroha_L10.mes,11,34,주인공,だったらいつでも元気でいてくれ.<6E5C>そしたら、俺も落ち込んだりしない,,
dom3Iroha_L10.mes,Script/dom3Iroha_L10.mes,12,31,Iroha,旦那様…….<6E5C>またそうやって、私を救ってくださ<6E5C>るんですか?,,
dom3Iroha_L10.mes,Script/dom3Iroha_L10.mes,13,3,주인공,え?,,
dom3Iroha_L10.mes,Script/dom3Iroha_L10.mes,14,66,Iroha,私……旦那様のぞばを一生離れたく<6E5C>ありません.でも、別れはいずれ<6E5C>来ます<485C>旦那様は、いつかこの町から<6E5C>去ってしまわれるのでしょう?,,
dom3Iroha_L10.mes,Script/dom3Iroha_L10.mes,15,3,주인공,……,,
dom3Iroha_L10.mes,Script/dom3Iroha_L10.mes,16,11,[선택지],そうだなそんなことない,,
dom3Iroha_L10.mes,Script/dom3Iroha_L10.mes,17,23,주인공,そうだな…….<6E5C>一生いつづけることはできない,,
dom3Iroha_L10.mes,Script/dom3Iroha_L10.mes,18,3,Iroha,……,,
dom3Iroha_L10.mes,Script/dom3Iroha_L10.mes,19,51,주인공,でも、いろはとお別れするなんて<6E5C>言ってないだろ?<485C>ここを離れても、いっしょに<6E5C>いることはできるはずだ,,
dom3Iroha_L10.mes,Script/dom3Iroha_L10.mes,20,6,Iroha,旦那様……,,
dom3Iroha_L10.mes,Script/dom3Iroha_L10.mes,21,35,주인공,だから、もうそんな暗い顔は<6E5C>ナシだ.これは旦那様の命令だ.<6E5C>いいね?,,
dom3Iroha_L10.mes,Script/dom3Iroha_L10.mes,22,6,Iroha,……はい!,,
dom3Iroha_L10.mes,Script/dom3Iroha_L10.mes,23,9,주인공,そんなことないよ,,
dom3Iroha_L10.mes,Script/dom3Iroha_L10.mes,24,37,Iroha,……旦那様はウソをつくのがヘタで<6E5C>すね.そんなところも、私は大好き<6E5C>です,,
dom3Iroha_L10.mes,Script/dom3Iroha_L10.mes,25,4,주인공,え……,,
dom3Iroha_L10.mes,Script/dom3Iroha_L10.mes,26,53,Iroha,旦那様が発たれるその日まで、<6E5C>誠心誠意お世話させてもらいます<485C>それだけは、<6E5C>許してくださいますよね……?,,
dom3Iroha_L10.mes,Script/dom3Iroha_L10.mes,27,6,주인공,いろは……,,
dom3Iroha_M01.mes,Script/dom3Iroha_M01.mes,0,25,주인공,さてと、すっかり暗くなったな.<6E5C>もう寝るとするか,,
dom3Iroha_M01.mes,Script/dom3Iroha_M01.mes,1,45,주인공,(……と、あの子はどうするんだろ<6E5C>う.まさか俺といっしょに寝るつも<6E5C>りなんじゃ――!?),,
dom3Iroha_M01.mes,Script/dom3Iroha_M01.mes,2,19,주인공,(うう、ドキドキして眠れ<6E5C>ないっ!),,
dom3Iroha_M01.mes,Script/dom3Iroha_M01.mes,3,3,[효과음/내레이션],……,,
dom3Iroha_M01.mes,Script/dom3Iroha_M01.mes,4,5,[효과음/내레이션],ドキドキ,,
dom3Iroha_M01.mes,Script/dom3Iroha_M01.mes,5,3,[효과음/내레이션],……,,
dom3Iroha_M01.mes,Script/dom3Iroha_M01.mes,6,5,[효과음/내레이션],ドキドキ,,
dom3Iroha_M01.mes,Script/dom3Iroha_M01.mes,7,35,주인공,(……あれ?<6E5C>何の物音も閉こえない.<6E5C>俺が来るのを待ってるのかな?),,
dom3Iroha_M01.mes,Script/dom3Iroha_M01.mes,8,4,[효과음/내레이션],ガラッ,,
dom3Iroha_M01.mes,Script/dom3Iroha_M01.mes,9,2,주인공,!,,
dom3Iroha_M01.mes,Script/dom3Iroha_M01.mes,10,27,Iroha,……ただいまです.旦那様、<6E5C>もう寝てらっしゃいますね,,
dom3Iroha_M01.mes,Script/dom3Iroha_M01.mes,11,27,주인공,(って、出かけてたのかよ!<6E5C>こんな時間に、どこへ?),,
dom3Iroha_M01.mes,Script/dom3Iroha_M01.mes,12,9,[선택지],問いただす寝たふり,,
dom3Iroha_M01.mes,Script/dom3Iroha_M01.mes,13,19,주인공,いったいどこに行ってたんだ、<6E5C>いろは,,
dom3Iroha_M01.mes,Script/dom3Iroha_M01.mes,14,16,Iroha,旦那様、起きてらしたんですか?,,
dom3Iroha_M01.mes,Script/dom3Iroha_M01.mes,15,22,주인공,驚くじゃないか、こんな時間に<6E5C>帰ってきたら,,
dom3Iroha_M01.mes,Script/dom3Iroha_M01.mes,16,29,Iroha,ごめんなさい!<6E5C>すぐに寝ますから、<6E5C>おやすみなさいませっ,,
dom3Iroha_M01.mes,Script/dom3Iroha_M01.mes,17,5,[효과음/내레이션],ぴゅうっ,,
dom3Iroha_M01.mes,Script/dom3Iroha_M01.mes,18,26,주인공,いや、俺は責めてるわけじゃなくて<6E5C>……なんなんだ?,,
dom3Iroha_M01.mes,Script/dom3Iroha_M01.mes,19,26,주인공,というか……別々に寝るのか、<6E5C>そりゃそうだよな……,,
dom3Iroha_M01.mes,Script/dom3Iroha_M01.mes,20,19,주인공,(まぁいいや.<6E5C>寝たふりしておこう),,
dom3Iroha_M01.mes,Script/dom3Iroha_M01.mes,21,5,주인공,ぐーぐー,,
dom3Iroha_M01.mes,Script/dom3Iroha_M01.mes,22,23,Iroha,よかった.<6E5C>ゆっくり休んでくださいね、旦那様,,
dom3Iroha_M01.mes,Script/dom3Iroha_M01.mes,23,31,Iroha,いろはは、旦那様のためならどんな<6E5C>ことでもいたしますから……,,
dom3Iroha_M01.mes,Script/dom3Iroha_M01.mes,24,3,[효과음/내레이션],スッ,,
dom3Iroha_M01.mes,Script/dom3Iroha_M01.mes,25,23,주인공,(……なんだ?<6E5C>どんな用事があったんだろう),,
dom3Iroha_M01.mes,Script/dom3Iroha_M01.mes,26,27,주인공,(……も、もうこっちの部屋には<6E5C>来ないのかな……?),,
dom3Iroha_M02.mes,Script/dom3Iroha_M02.mes,0,15,Iroha,旦那様、晩ご飯ができましたよ,,
dom3Iroha_M02.mes,Script/dom3Iroha_M02.mes,1,12,주인공,ああ、いつもありがとう,,
dom3Iroha_M02.mes,Script/dom3Iroha_M02.mes,2,11,주인공,……ん!?これは……,,
dom3Iroha_M02.mes,Script/dom3Iroha_M02.mes,3,26,Iroha,今晩は野菜炒めですよ!<6E5C>しっかり食べてくださいね?,,
dom3Iroha_M02.mes,Script/dom3Iroha_M02.mes,4,21,주인공,う……俺、<6E5C>この緑色のキライなんだよ……,,
dom3Iroha_M02.mes,Script/dom3Iroha_M02.mes,5,30,Iroha,緑色って、ピーマンのことですか?<6E5C>ダメですよ、好き嫌いは!,,
dom3Iroha_M02.mes,Script/dom3Iroha_M02.mes,6,29,주인공,そんなこと言っても、食べれないも<6E5C>のは食べれないんだから,,
dom3Iroha_M02.mes,Script/dom3Iroha_M02.mes,7,41,Iroha,それでは栄養がかたよります!<6E5C>おいしいんですから、<6E5C>食べないと食べ物に失礼です!,,
dom3Iroha_M02.mes,Script/dom3Iroha_M02.mes,8,15,Iroha,どうしたら食べれるんですか?,,
dom3Iroha_M02.mes,Script/dom3Iroha_M02.mes,9,5,주인공,うう……,,
dom3Iroha_M02.mes,Script/dom3Iroha_M02.mes,10,12,[선택지],自力で食べる口移しでなら,,
dom3Iroha_M02.mes,Script/dom3Iroha_M02.mes,11,7,주인공,え、えーい!,,
dom3Iroha_M02.mes,Script/dom3Iroha_M02.mes,12,4,[효과음/내레이션],ぱくっ,,
dom3Iroha_M02.mes,Script/dom3Iroha_M02.mes,13,13,Iroha,わぁ!さすが旦那様です!,,
dom3Iroha_M02.mes,Script/dom3Iroha_M02.mes,14,40,주인공,……は、ははは.いろはが心を<6E5C>こめて作ってくれたんだ.<6E5C>残すわけないじゃないか,,
dom3Iroha_M02.mes,Script/dom3Iroha_M02.mes,15,16,Iroha,旦那様……いろはは感激です……,,
dom3Iroha_M02.mes,Script/dom3Iroha_M02.mes,16,17,주인공,(うぇぇ、やっぱりマズイ……っ),,
dom3Iroha_M02.mes,Script/dom3Iroha_M02.mes,17,34,주인공,いろはが口移しで食べさせてくれる<6E5C>なら、好き嫌いも克服できるかもな,,
dom3Iroha_M02.mes,Script/dom3Iroha_M02.mes,18,5,Iroha,えぇ!?,,
dom3Iroha_M02.mes,Script/dom3Iroha_M02.mes,19,17,주인공,(なんて、無理に決まってるよな),,
dom3Iroha_M02.mes,Script/dom3Iroha_M02.mes,20,26,Iroha,仕方ありませんね.<6E5C>旦那様がそうおっしゃるなら……,,
dom3Iroha_M02.mes,Script/dom3Iroha_M02.mes,21,4,[효과음/내레이션],ぱくっ,,
dom3Iroha_M02.mes,Script/dom3Iroha_M02.mes,22,24,Iroha,はい、旦那様.<6E5C>顔を寄せてください.んー……っ,,
dom3Iroha_M02.mes,Script/dom3Iroha_M02.mes,23,20,주인공,わーっ!<6E5C>本当にやってどうするんだよ!,,
dom3Iroha_M02.mes,Script/dom3Iroha_M02.mes,24,17,주인공,(冗談が通じないよ、この子……),,
dom3Iroha_M03.mes,Script/dom3Iroha_M03.mes,0,7,Iroha,あ、旦那様!,,
dom3Iroha_M03.mes,Script/dom3Iroha_M03.mes,1,16,주인공,あれ、どこかに出かけるのかい?,,
dom3Iroha_M03.mes,Script/dom3Iroha_M03.mes,2,13,Iroha,な、なんでもありません!,,
dom3Iroha_M03.mes,Script/dom3Iroha_M03.mes,3,20,주인공,ん?<6E5C>今、後ろに隠したものはなんだい?,,
dom3Iroha_M03.mes,Script/dom3Iroha_M03.mes,4,16,Iroha,な、なんでもありませんったら!,,
dom3Iroha_M03.mes,Script/dom3Iroha_M03.mes,5,11,[효과음/내레이션],ボトッ、コロコロ……,,
dom3Iroha_M03.mes,Script/dom3Iroha_M03.mes,6,17,주인공,これは……反物?なんと色鮮やかな,,
dom3Iroha_M03.mes,Script/dom3Iroha_M03.mes,7,32,Iroha,……私が織ったものです.<6E5C>町へ売りに行くところだった<6E5C>ので……,,
dom3Iroha_M03.mes,Script/dom3Iroha_M03.mes,8,42,주인공,いろはが織ったのかい?そうか、<6E5C>あの音は機織りの音だったんだ.<6E5C>いやぁ、見事だなぁ,,
dom3Iroha_M03.mes,Script/dom3Iroha_M03.mes,9,16,Iroha,ほ、本当ですか?うれしいですっ,,
dom3Iroha_M03.mes,Script/dom3Iroha_M03.mes,10,22,[선택지],がんばって売ってこいよでも、どうして織物を?,,
dom3Iroha_M03.mes,Script/dom3Iroha_M03.mes,11,27,주인공,すごいじゃないか、驚いたよ.<6E5C>がんばって売ってきな!,,
dom3Iroha_M03.mes,Script/dom3Iroha_M03.mes,12,24,Iroha,はい、がんばります!<6E5C>では、行ってまいります!,,
dom3Iroha_M03.mes,Script/dom3Iroha_M03.mes,13,4,[효과음/내레이션],タタッ,,
dom3Iroha_M03.mes,Script/dom3Iroha_M03.mes,14,31,주인공,いろはにあんな才能があった<6E5C>なんて、人は見かけによらないなぁ,,
dom3Iroha_M03.mes,Script/dom3Iroha_M03.mes,15,25,주인공,でも、どうしていきなり織物なんか<6E5C>はじめたんだ?,,
dom3Iroha_M03.mes,Script/dom3Iroha_M03.mes,16,10,Iroha,えっ!?それは……,,
dom3Iroha_M03.mes,Script/dom3Iroha_M03.mes,17,19,주인공,……まさか、<6E5C>俺の食事代を稼ぐために,,
dom3Iroha_M03.mes,Script/dom3Iroha_M03.mes,18,30,Iroha,じゃ、じゃあいってきます、<6E5C>旦那様!留守をお願いしますね?,,
dom3Iroha_M03.mes,Script/dom3Iroha_M03.mes,19,4,[효과음/내레이션],タタッ,,
dom3Iroha_M03.mes,Script/dom3Iroha_M03.mes,20,9,주인공,いろはのやつ……,,
dom3Iroha_M04.mes,Script/dom3Iroha_M04.mes,0,16,주인공,暗くなったなぁ.そろそろ帰ろう,,
dom3Iroha_M04.mes,Script/dom3Iroha_M04.mes,1,8,UNKNOWN_1e,あれ、旦那様?,,
dom3Iroha_M04.mes,Script/dom3Iroha_M04.mes,2,15,주인공,いろは、こんな時間まで外に?,,
dom3Iroha_M04.mes,Script/dom3Iroha_M04.mes,3,43,Iroha,はい、ちょっと用事がありまして.<6E5C>でも、もう帰るところです.<6E5C>いっしょに帰りましょう,,
dom3Iroha_M04.mes,Script/dom3Iroha_M04.mes,4,3,주인공,ああ,,
dom3Iroha_M04.mes,Script/dom3Iroha_M04.mes,5,8,[효과음/내레이션],ひそ、ひそ……,,
dom3Iroha_M04.mes,Script/dom3Iroha_M04.mes,6,3,주인공,ん?,,
dom3Iroha_M04.mes,Script/dom3Iroha_M04.mes,7,9,Iroha,どうされました?,,
dom3Iroha_M04.mes,Script/dom3Iroha_M04.mes,8,28,주인공,さっきから、道行く人々がみんな<6E5C>俺たちを指さしてる……,,
dom3Iroha_M04.mes,Script/dom3Iroha_M04.mes,9,10,Iroha,なんでしょうか……,,
dom3Iroha_M04.mes,Script/dom3Iroha_M04.mes,10,13,UNKNOWN_18,C……なんという格好じゃ,,
dom3Iroha_M04.mes,Script/dom3Iroha_M04.mes,11,15,UNKNOWN_1c,D恥ずかしくないのかしら……,,
dom3Iroha_M04.mes,Script/dom3Iroha_M04.mes,12,14,주인공,ハッ!いろは、その格好だ!,,
dom3Iroha_M04.mes,Script/dom3Iroha_M04.mes,13,9,Iroha,え?なんですか?,,
dom3Iroha_M04.mes,Script/dom3Iroha_M04.mes,14,47,주인공,そんな服で歩いてるからみんな<6E5C>見るんだよ!どうしていつものお<6E5C>出かけ用の着物を着てないんだ!,,
dom3Iroha_M04.mes,Script/dom3Iroha_M04.mes,15,14,Iroha,えぇ?急いでましたから……,,
dom3Iroha_M04.mes,Script/dom3Iroha_M04.mes,16,10,[선택지],服を着せる怒って走る,,
dom3Iroha_M04.mes,Script/dom3Iroha_M04.mes,17,13,주인공,あぁもう、これでも着ろ!,,
dom3Iroha_M04.mes,Script/dom3Iroha_M04.mes,18,4,[효과음/내레이션],がばっ,,
dom3Iroha_M04.mes,Script/dom3Iroha_M04.mes,19,41,Iroha,きゃあ!旦那様、いきなり脱ぎだ<6E5C>してどうしたんですか!<6E5C>こんなところでそんな……,,
dom3Iroha_M04.mes,Script/dom3Iroha_M04.mes,20,34,주인공,男なら裸でもいいだろ!<6E5C>とにかく、これを羽織って<6E5C>早く帰りなさい!,,
dom3Iroha_M04.mes,Script/dom3Iroha_M04.mes,21,31,Iroha,はい!<6E5C>わぁ、旦那様のぬくもりが<6E5C>残ってて、あったかいです!,,
dom3Iroha_M04.mes,Script/dom3Iroha_M04.mes,22,13,주인공,俺はそれどころじゃな……,,
dom3Iroha_M04.mes,Script/dom3Iroha_M04.mes,23,11,주인공,へーくっしょんっ!!,,
dom3Iroha_M04.mes,Script/dom3Iroha_M04.mes,24,15,주인공,バカ!恥ずかしくないのかよ!,,
dom3Iroha_M04.mes,Script/dom3Iroha_M04.mes,25,39,Iroha,そんな……この服のどこが<6E5C>いけないのですか?<6E5C>旦那様、お嫌いだったんですか?,,
dom3Iroha_M04.mes,Script/dom3Iroha_M04.mes,26,16,주인공,いや、個人的にはアリだけど……,,
dom3Iroha_M04.mes,Script/dom3Iroha_M04.mes,27,29,Iroha,旦那様が気に入って下さったら、<6E5C>私はそれでいいんです……,,
dom3Iroha_M04.mes,Script/dom3Iroha_M04.mes,28,10,주인공,あぁもう、走るぞ!,,
dom3Iroha_M04.mes,Script/dom3Iroha_M04.mes,29,6,Iroha,は、はい!,,
dom3Iroha_M04.mes,Script/dom3Iroha_M04.mes,30,4,[효과음/내레이션],ズルッ,,
dom3Iroha_M04.mes,Script/dom3Iroha_M04.mes,31,5,주인공,うわぁ!,,
dom3Iroha_M04.mes,Script/dom3Iroha_M04.mes,32,7,[효과음/내레이션],ズッテーン!,,
dom3Iroha_M04.mes,Script/dom3Iroha_M04.mes,33,15,Iroha,ああ旦那様、水たまりに……!,,
dom3Iroha_M04.mes,Script/dom3Iroha_M04.mes,34,14,주인공,は、は、はーくっしょん!!,,
dom3Iroha_M04.mes,Script/dom3Iroha_M04.mes,35,13,주인공,……なんでこんな目に……,,
dom3Iroha_M05.mes,Script/dom3Iroha_M05.mes,0,11,UNKNOWN_1e,きゃーっ!旦那様―!,,
dom3Iroha_M05.mes,Script/dom3Iroha_M05.mes,1,10,주인공,いろは?どうした!,,
dom3Iroha_M05.mes,Script/dom3Iroha_M05.mes,2,25,Iroha,はぁ、はぁ.……今、変な人に<6E5C>追いかけられて……,,
dom3Iroha_M05.mes,Script/dom3Iroha_M05.mes,3,14,주인공,何ぃ!?ちょっと待ってろ!,,
dom3Iroha_M05.mes,Script/dom3Iroha_M05.mes,4,3,[효과음/내레이션],ダッ,,
dom3Iroha_M05.mes,Script/dom3Iroha_M05.mes,5,12,주인공,――もう誰もいないぞ?,,
dom3Iroha_M05.mes,Script/dom3Iroha_M05.mes,6,12,Iroha,そんな、今たしかに……,,
dom3Iroha_M05.mes,Script/dom3Iroha_M05.mes,7,16,주인공,またナンパだったんじゃないか?,,
dom3Iroha_M05.mes,Script/dom3Iroha_M05.mes,8,32,Iroha,違います、そんなのじゃ<6E5C>ありません!<6E5C>とても恐ろしい大男が……,,
dom3Iroha_M05.mes,Script/dom3Iroha_M05.mes,9,23,주인공,とにかく無事だったんだ.<6E5C>落ち着いた方がいい,,
dom3Iroha_M05.mes,Script/dom3Iroha_M05.mes,10,3,Iroha,……,,
dom3Iroha_M05.mes,Script/dom3Iroha_M05.mes,11,9,[선택지],気のせいだ安心しろ,,
dom3Iroha_M05.mes,Script/dom3Iroha_M05.mes,12,21,주인공,気のせいだって.<6E5C>心配性だなぁ、いろはは,,
dom3Iroha_M05.mes,Script/dom3Iroha_M05.mes,13,9,Iroha,でも、でも旦那様,,
dom3Iroha_M05.mes,Script/dom3Iroha_M05.mes,14,25,주인공,それより、お茶でも飲もう.<6E5C>のどがかわいただろ?,,
dom3Iroha_M05.mes,Script/dom3Iroha_M05.mes,15,5,Iroha,……はい,,
dom3Iroha_M05.mes,Script/dom3Iroha_M05.mes,16,25,주인공,安心しろ.もし誰か来ても、<6E5C>俺が追い返してやるよ,,
dom3Iroha_M05.mes,Script/dom3Iroha_M05.mes,17,6,Iroha,旦那様……,,
dom3Iroha_M05.mes,Script/dom3Iroha_M05.mes,18,15,주인공,それとも、俺じゃ頼りないか?,,
dom3Iroha_M05.mes,Script/dom3Iroha_M05.mes,19,35,Iroha,そんなことありません!<6E5C>旦那様ほど頼もしい方は<6E5C>いらっしゃいません!,,
dom3Iroha_M05.mes,Script/dom3Iroha_M05.mes,20,20,Iroha,いろははもう……何も<6E5C>怖くはありません,,
dom3Iroha_M05.mes,Script/dom3Iroha_M05.mes,21,37,주인공,(……いったい誰がいろはを<6E5C>怖がらせたんだ?<6E5C>何もなければいいけど……),,
dom3Iroha_S01.mes,Script/dom3Iroha_S01.mes,0,23,Iroha,旦那様、今日は何をお召し上がりに<6E5C>なります?,,
dom3Iroha_S01.mes,Script/dom3Iroha_S01.mes,1,14,주인공,ありがとう.なんでもいいよ,,
dom3Iroha_S01.mes,Script/dom3Iroha_S01.mes,2,31,Iroha,それでは困ります!旦那様の食べ<6E5C>たいものをお出ししたいのに!,,
dom3Iroha_S01.mes,Script/dom3Iroha_S01.mes,3,44,주인공,と言われても…….君は俺の女中で<6E5C>もなんでもないんだから、そんなに<6E5C>かまわなくていいよ,,
dom3Iroha_S01.mes,Script/dom3Iroha_S01.mes,4,17,주인공,やっかいになってるのは俺の方だし,,
dom3Iroha_S01.mes,Script/dom3Iroha_S01.mes,5,60,Iroha,やっかいだなんて…….<6E5C>遠慮しないでなんでも言いつけて<6E5C>ください<485C>旦那様におつかえするのが、<6E5C>私の生きがいなんですから,,
dom3Iroha_S01.mes,Script/dom3Iroha_S01.mes,6,13,주인공,生きがいだなんて大げさな,,
dom3Iroha_S01.mes,Script/dom3Iroha_S01.mes,7,10,Iroha,……ご迷惑ですか?,,
dom3Iroha_S01.mes,Script/dom3Iroha_S01.mes,8,15,주인공,そんなことない、大歓迎だよ!,,
dom3Iroha_S01.mes,Script/dom3Iroha_S01.mes,9,38,Iroha,良かった!旦那様に嫌われてしまっ<6E5C>たら、いろはは悲しくて死んじゃ<6E5C>います!,,
dom3Iroha_S01.mes,Script/dom3Iroha_S01.mes,10,27,주인공,(……なんで必死に俺の世話を<6E5C>するんだろう、この子),,
dom3Iroha_S01.mes,Script/dom3Iroha_S01.mes,11,14,주인공,ふ~、今日はゆっくりするか,,
dom3Iroha_S01.mes,Script/dom3Iroha_S01.mes,12,14,UNKNOWN_1e,あー!ダメですよ、旦那様!,,
dom3Iroha_S01.mes,Script/dom3Iroha_S01.mes,13,3,주인공,へ?,,
dom3Iroha_S01.mes,Script/dom3Iroha_S01.mes,14,29,Iroha,そこは今から掃除するんですから!<6E5C>ほら、どいてください!,,
dom3Iroha_S01.mes,Script/dom3Iroha_S01.mes,15,10,주인공,ああ、ごめんごめん,,
dom3Iroha_S01.mes,Script/dom3Iroha_S01.mes,16,36,Iroha,それと、洗濯物も出してください<6E5C>ね!ちゃんと着替えないと<6E5C>ダメですよ?,,
dom3Iroha_S01.mes,Script/dom3Iroha_S01.mes,17,16,주인공,いいよ、それくらい自分でするよ,,
dom3Iroha_S01.mes,Script/dom3Iroha_S01.mes,18,31,Iroha,いーえ、私が真っ白にして<6E5C>あげます!<6E5C>ほら、脱いでください!,,
dom3Iroha_S01.mes,Script/dom3Iroha_S01.mes,19,3,[효과음/내레이션],ぐい、,,
dom3Iroha_S01.mes,Script/dom3Iroha_S01.mes,20,3,[효과음/내레이션],ぐい,,
dom3Iroha_S01.mes,Script/dom3Iroha_S01.mes,21,16,주인공,うわ!何をひっぱってるんだよ!,,
dom3Iroha_S01.mes,Script/dom3Iroha_S01.mes,22,34,Iroha,何って、脱がないとお洗濯できない<6E5C>でしょ?ほら、はいじゃいますよ?,,
dom3Iroha_S01.mes,Script/dom3Iroha_S01.mes,23,3,[효과음/내레이션],ぐい、,,
dom3Iroha_S01.mes,Script/dom3Iroha_S01.mes,24,3,[효과음/내레이션],ぐい,,
dom3Iroha_S01.mes,Script/dom3Iroha_S01.mes,25,14,주인공,わーっ、そこはダメだって!,,
dom3Iroha_S01.mes,Script/dom3Iroha_S01.mes,26,21,Iroha,あぁっ!<6E5C>逃げちゃいけませんよ、旦那様!,,
dom3Iroha_S01.mes,Script/dom3Iroha_S01.mes,27,5,[효과음/내레이션],ぴゅーっ,,
dom3Iroha_S01.mes,Script/dom3Iroha_S01.mes,28,17,주인공,はぁ、はぁ、なんて大胆なんだ……,,
dom3Iroha_S02.mes,Script/dom3Iroha_S02.mes,0,14,주인공,ただいま……で、いいのかな,,
dom3Iroha_S02.mes,Script/dom3Iroha_S02.mes,1,34,Iroha,おかえりなさいませ、旦那様!<6E5C>お疲れですか?<6E5C>お休みになられます?,,
dom3Iroha_S02.mes,Script/dom3Iroha_S02.mes,2,30,주인공,いや、疲れてないよ.<6E5C>そんなに心配してくれなくて<6E5C>いいから,,
dom3Iroha_S02.mes,Script/dom3Iroha_S02.mes,3,45,Iroha,そんな……旦那様が戻られるのを、<6E5C>首を長くして待っておりましたの<6E5C>に.私、お邪魔ですか?,,
dom3Iroha_S02.mes,Script/dom3Iroha_S02.mes,4,34,주인공,そんなことないよ.<6E5C>それに首を長くって、<6E5C>少ししか出かけてないのに,,
dom3Iroha_S02.mes,Script/dom3Iroha_S02.mes,5,36,Iroha,旦那様の姿がいっとき見えなくなる<6E5C>だけで、いろはは心配で<6E5C>なりません!,,
dom3Iroha_S02.mes,Script/dom3Iroha_S02.mes,6,31,주인공,そ、そう.ありがとう.でも俺は…<6E5C>…その包帯の方が気になるな,,
dom3Iroha_S02.mes,Script/dom3Iroha_S02.mes,7,4,Iroha,えっ?,,
dom3Iroha_S02.mes,Script/dom3Iroha_S02.mes,8,32,주인공,左足の包帯だよ.<6E5C>会ったときからしてたよね.<6E5C>痛まないのかい?,,
dom3Iroha_S02.mes,Script/dom3Iroha_S02.mes,9,16,Iroha,こ、これはなんでもありません!,,
dom3Iroha_S02.mes,Script/dom3Iroha_S02.mes,10,28,주인공,でもまだ治ってないんだろう.<6E5C>無理に動かなくていいのに,,
dom3Iroha_S02.mes,Script/dom3Iroha_S02.mes,11,39,Iroha,うう……、これ以上私の心配など<6E5C>しないでください!<6E5C>もったいのぅございます!,,
dom3Iroha_S02.mes,Script/dom3Iroha_S02.mes,12,17,주인공,んな大げさな……気になるケガだな,,
dom3Iroha_S02.mes,Script/dom3Iroha_S02.mes,13,7,주인공,ただいま……,,
dom3Iroha_S02.mes,Script/dom3Iroha_S02.mes,14,39,Iroha,おかえりなさいませ、旦那様!<6E5C>ごはんになさいますか?<6E5C>お風呂になさいますか?,,
dom3Iroha_S02.mes,Script/dom3Iroha_S02.mes,15,11,주인공,では、いろはにしよう,,
dom3Iroha_S02.mes,Script/dom3Iroha_S02.mes,16,4,Iroha,はい?,,
dom3Iroha_S02.mes,Script/dom3Iroha_S02.mes,17,41,주인공,い、いや、今のはノリで言った<6E5C>だけで……ゴホン.<6E5C>じゃあ、ごはんをいただこうかな,,
dom3Iroha_S02.mes,Script/dom3Iroha_S02.mes,18,8,[효과음/내레이션],……パーン……,,
dom3Iroha_S02.mes,Script/dom3Iroha_S02.mes,19,6,Iroha,きゃぁっ!,,
dom3Iroha_S02.mes,Script/dom3Iroha_S02.mes,20,4,[효과음/내레이션],ぎゅっ,,
dom3Iroha_S02.mes,Script/dom3Iroha_S02.mes,21,36,주인공,どうしたんだ?<6E5C>今のは遠くで狩りをしてる音だよ.<6E5C>怖がる必要なんてない,,
dom3Iroha_S02.mes,Script/dom3Iroha_S02.mes,22,30,Iroha,いえ……、私、あの音が<6E5C>大嫌いです…….<6E5C>旦那様、怖い……,,
dom3Iroha_S02.mes,Script/dom3Iroha_S02.mes,23,21,주인공,大丈夫、大丈夫だよ.<6E5C>ここにいれば安全だ,,
dom3Iroha_S02.mes,Script/dom3Iroha_S02.mes,24,15,Iroha,はい……旦那様のそばなら……,,
dom3Iroha_S02.mes,Script/dom3Iroha_S02.mes,25,6,[효과음/내레이션],ぎゅっ……,,
dom3Iroha_S02.mes,Script/dom3Iroha_S02.mes,26,44,주인공,(うっ、胸がやわらか……いかんい<6E5C>かん、そんな不謹慎なことを考えて<6E5C>る場合じゃないな),,
dom3Iroha_S03.mes,Script/dom3Iroha_S03.mes,0,8,[효과음/내레이션],バサバサバサッ,,
dom3Iroha_S03.mes,Script/dom3Iroha_S03.mes,1,24,주인공,なな、何の音だ?<6E5C>……おや、こんなところに鶴が,,
dom3Iroha_S03.mes,Script/dom3Iroha_S03.mes,2,5,[효과음/내레이션],キィーッ,,
dom3Iroha_S03.mes,Script/dom3Iroha_S03.mes,3,6,[효과음/내레이션],バサバサッ,,
dom3Iroha_S03.mes,Script/dom3Iroha_S03.mes,4,14,주인공,あ……飛んでいってしまった,,
dom3Iroha_S03.mes,Script/dom3Iroha_S03.mes,5,6,[효과음/내레이션],バタバタッ,,
dom3Iroha_S03.mes,Script/dom3Iroha_S03.mes,6,14,Iroha,だ、旦那様、お戻りですか?,,
dom3Iroha_S03.mes,Script/dom3Iroha_S03.mes,7,29,주인공,どうしたんだ、そんなにあわてて.<6E5C>ん?何か肩についてるぞ,,
dom3Iroha_S03.mes,Script/dom3Iroha_S03.mes,8,37,Iroha,な、何もついてません!<6E5C>今すぐお茶の用意をしますから、<6E5C>お待ちください!,,
dom3Iroha_S03.mes,Script/dom3Iroha_S03.mes,9,5,[효과음/내레이션],ぴゅうっ,,
dom3Iroha_S03.mes,Script/dom3Iroha_S03.mes,10,13,주인공,……これは、羽?白い羽だ,,
dom3Iroha_S03.mes,Script/dom3Iroha_S03.mes,11,22,주인공,いったいどこに行ってたんだ、<6E5C>いろはのやつ,,
dom3Iroha_S03.mes,Script/dom3Iroha_S03.mes,12,22,Iroha,お帰りなさいませ、旦那様.<6E5C>お疲れでしょう,,
dom3Iroha_S03.mes,Script/dom3Iroha_S03.mes,13,17,주인공,いや、そんなに疲れることはないよ,,
dom3Iroha_S03.mes,Script/dom3Iroha_S03.mes,14,34,Iroha,でも、汗をおかきになってますよ.<6E5C>お風呂に入られてはいかがですか?,,
dom3Iroha_S03.mes,Script/dom3Iroha_S03.mes,15,6,주인공,そうだなぁ,,
dom3Iroha_S03.mes,Script/dom3Iroha_S03.mes,16,14,Iroha,お背中お流ししましょうか?,,
dom3Iroha_S03.mes,Script/dom3Iroha_S03.mes,17,12,주인공,……………….<6E5C>寺え?,,
dom3Iroha_S03.mes,Script/dom3Iroha_S03.mes,18,19,주인공,……そ、そ、それはもちろん<6E5C>いろはも,,
dom3Iroha_S03.mes,Script/dom3Iroha_S03.mes,19,4,Iroha,はい?,,
dom3Iroha_S03.mes,Script/dom3Iroha_S03.mes,20,39,주인공,い、いやいやいや、そんなことは<6E5C>決してありえない!<6E5C>風呂ぐらい自分で入るよ!,,
dom3Iroha_S03.mes,Script/dom3Iroha_S03.mes,21,28,Iroha,わかりました.では、私はお食事の<6E5C>用意をしておきますね,,
dom3Iroha_S03.mes,Script/dom3Iroha_S03.mes,22,3,주인공,うむ,,
dom3Iroha_S03.mes,Script/dom3Iroha_S03.mes,23,44,Iroha,お洗濯したふんどしはたたんで置い<6E5C>てますので、あがったらちゃんと<6E5C>着替えてくださいね?,,
dom3Iroha_S03.mes,Script/dom3Iroha_S03.mes,24,3,주인공,……,,
dom3Iroha_S03.mes,Script/dom3Iroha_S03.mes,25,21,주인공,……俺の人生はこれでいいの<6E5C>だろうか……,,
dom3Iroha_S04.mes,Script/dom3Iroha_S04.mes,0,10,[효과음/내레이션],ガチャンッ<020A>バタン,,
dom3Iroha_S04.mes,Script/dom3Iroha_S04.mes,1,10,[효과음/내레이션],ガチャンッ<020A>バタン,,
dom3Iroha_S04.mes,Script/dom3Iroha_S04.mes,2,14,주인공,なんだ?妙な機械の音が……,,
dom3Iroha_S04.mes,Script/dom3Iroha_S04.mes,3,6,Iroha,あ、旦那様,,
dom3Iroha_S04.mes,Script/dom3Iroha_S04.mes,4,17,주인공,いろは、何をバタバタしてるんだ?,,
dom3Iroha_S04.mes,Script/dom3Iroha_S04.mes,5,25,Iroha,な、なんでもありません!<6E5C>気にしないでください!,,
dom3Iroha_S04.mes,Script/dom3Iroha_S04.mes,6,26,주인공,いや、気になるよ.<6E5C>そっちの部屋で何をしてるんだ?,,
dom3Iroha_S04.mes,Script/dom3Iroha_S04.mes,7,29,Iroha,ダメです!のぞいちゃダメですよ!<6E5C>もぉ、ダメですってば!,,
dom3Iroha_S04.mes,Script/dom3Iroha_S04.mes,8,14,주인공,そんなに隠すことないだろう,,
dom3Iroha_S04.mes,Script/dom3Iroha_S04.mes,9,35,Iroha,ダメです!<6E5C>私にだって、秘密のひとつやふたつ<6E5C>くらいあるんですから!,,
dom3Iroha_S04.mes,Script/dom3Iroha_S04.mes,10,15,Iroha,入ってきたら、メッ!ですよ!,,
dom3Iroha_S04.mes,Script/dom3Iroha_S04.mes,11,6,[효과음/내레이션],ピシャンッ,,
dom3Iroha_S04.mes,Script/dom3Iroha_S04.mes,12,13,주인공,……なんなんだ、いったい,,
dom3Iroha_S05.mes,Script/dom3Iroha_S05.mes,0,15,UNKNOWN_1e,きゃあ~、助けてくださいー!,,
dom3Iroha_S05.mes,Script/dom3Iroha_S05.mes,1,11,주인공,その声は、いろは!?,,
dom3Iroha_S05.mes,Script/dom3Iroha_S05.mes,2,6,Iroha,旦那様ぁ~,,
dom3Iroha_S05.mes,Script/dom3Iroha_S05.mes,3,10,UNKNOWN_74,なんだ、<이름:3232>かぁ?,,
dom3Iroha_S05.mes,Script/dom3Iroha_S05.mes,4,12,주인공,どうして狂エ門がここに,,
dom3Iroha_S05.mes,Script/dom3Iroha_S05.mes,5,21,Iroha,この方が、私をしつこく追いまわし<6E5C>て……,,
dom3Iroha_S05.mes,Script/dom3Iroha_S05.mes,6,4,주인공,何ぃ?,,
dom3Iroha_S05.mes,Script/dom3Iroha_S05.mes,7,33,UNKNOWN_74,人閉きの悪いこと言ってんじゃねー<6E5C>よ!ただ茶ァに誘っただけだろ?,,
dom3Iroha_S05.mes,Script/dom3Iroha_S05.mes,8,30,주인공,とにかく迷惑がってるんだから、<6E5C>しつこく誘うのはよくないぞ,,
dom3Iroha_S05.mes,Script/dom3Iroha_S05.mes,9,12,UNKNOWN_74,テメェは関係ねぇだろ!,,
dom3Iroha_S05.mes,Script/dom3Iroha_S05.mes,10,38,Iroha,関係なくありません!<6E5C>この方は私の最愛の旦那様です!<6E5C>侮辱は許しませんよ!,,
dom3Iroha_S05.mes,Script/dom3Iroha_S05.mes,11,7,UNKNOWN_74,……(絶句),,
dom3Iroha_S05.mes,Script/dom3Iroha_S05.mes,12,14,주인공,いや、旦那様っていうか……,,
dom3Iroha_S05.mes,Script/dom3Iroha_S05.mes,13,23,UNKNOWN_74,……<이름:3232>、イイ思いしやがって、<6E5C>チクショウっ,,
dom3Iroha_S05.mes,Script/dom3Iroha_S05.mes,14,4,[효과음/내레이션],ダダッ,,
dom3Iroha_S05.mes,Script/dom3Iroha_S05.mes,15,22,Iroha,はぁ、やっと帰ってくれましたね、<6E5C>旦那様!,,
dom3Iroha_S05.mes,Script/dom3Iroha_S05.mes,16,19,주인공,……とんでもない誤解をされた<6E5C>ような,,
dom3Iroha_S06.mes,Script/dom3Iroha_S06.mes,0,10,UNKNOWN_1a,アンタ、イイ女だな,,
dom3Iroha_S06.mes,Script/dom3Iroha_S06.mes,1,4,주인공,んん?,,
dom3Iroha_S06.mes,Script/dom3Iroha_S06.mes,2,32,UNKNOWN_1a,惚れたぜ…….<6E5C>俺といっしょに来ねぇか?<6E5C>無理にとは言わねぇが,,
dom3Iroha_S06.mes,Script/dom3Iroha_S06.mes,3,26,UNKNOWN_1e,ご、ごめんなさい!<6E5C>私には大事な人がいますからっ!,,
dom3Iroha_S06.mes,Script/dom3Iroha_S06.mes,4,4,[효과음/내레이션],タタッ,,
dom3Iroha_S06.mes,Script/dom3Iroha_S06.mes,5,7,Iroha,あ、旦那様!,,
dom3Iroha_S06.mes,Script/dom3Iroha_S06.mes,6,27,주인공,いろは……ずいぶん粋な男にナンパ<6E5C>されてたみたいだな,,
dom3Iroha_S06.mes,Script/dom3Iroha_S06.mes,7,15,Iroha,そんなのじゃないです……もぅ,,
dom3Iroha_S06.mes,Script/dom3Iroha_S06.mes,8,22,주인공,まぁ、いろはみたいな美人だったら<6E5C>当然だな,,
dom3Iroha_S06.mes,Script/dom3Iroha_S06.mes,9,43,Iroha,そんな…….じゃあ、旦那様も町で<6E5C>いろはに会ったら声をかけてくださ<6E5C>るのですか……?,,
dom3Iroha_S06.mes,Script/dom3Iroha_S06.mes,10,22,주인공,まさか、俺はそんな恥ずかしいこと<6E5C>しないよ,,
dom3Iroha_S06.mes,Script/dom3Iroha_S06.mes,11,16,Iroha,もぉ、旦那様なんて知りません!,,
dom3Iroha_S06.mes,Script/dom3Iroha_S06.mes,12,4,[효과음/내레이션],ぷいっ,,
dom3Iroha_S06.mes,Script/dom3Iroha_S06.mes,13,8,주인공,えぇ?なんだよ,,
dom3Iroha_S07.mes,Script/dom3Iroha_S07.mes,0,16,주인공,いろは……って、あれ?いないや,,
dom3Iroha_S07.mes,Script/dom3Iroha_S07.mes,1,9,주인공,こっちの部屋かな,,
dom3Iroha_S07.mes,Script/dom3Iroha_S07.mes,2,4,[효과음/내레이션],ガラッ,,
dom3Iroha_S07.mes,Script/dom3Iroha_S07.mes,3,20,Iroha,きゃっ!<6E5C>開けちゃダメですよ、旦那様!,,
dom3Iroha_S07.mes,Script/dom3Iroha_S07.mes,4,16,주인공,いろは、いるなら返事してくれよ,,
dom3Iroha_S07.mes,Script/dom3Iroha_S07.mes,5,23,Iroha,ごめんなさい、ずっと機を織ってい<6E5C>たので……,,
dom3Iroha_S07.mes,Script/dom3Iroha_S07.mes,6,3,[효과음/내레이션],スッ,,
dom3Iroha_S07.mes,Script/dom3Iroha_S07.mes,7,19,주인공,機織りか.<6E5C>ちょっと俺も見てみたいな,,
dom3Iroha_S07.mes,Script/dom3Iroha_S07.mes,8,21,Iroha,ダメです!<6E5C>旦那様にはお見せできません!,,
dom3Iroha_S07.mes,Script/dom3Iroha_S07.mes,9,28,주인공,どうしてだよ.<6E5C>見るぐらいいいだろう?<6E5C>邪魔しないから,,
dom3Iroha_S07.mes,Script/dom3Iroha_S07.mes,10,8,Iroha,でも、でも……,,
dom3Iroha_S07.mes,Script/dom3Iroha_S07.mes,11,44,주인공,……そんなに見せたくないならいい<6E5C>よ.俺なんかが触れちゃいけない、<6E5C>大事なものなんだな,,
dom3Iroha_S07.mes,Script/dom3Iroha_S07.mes,12,43,Iroha,そういうわけではありません!<6E5C>……でも、どうしても旦那様には<6E5C>見せられないんです……,,
dom3Iroha_S07.mes,Script/dom3Iroha_S07.mes,13,42,주인공,……いろはは隠し事が多いな.<6E5C>家にいないことも多いし、俺って<6E5C>そんなに信用ないかな,,
dom3Iroha_S07.mes,Script/dom3Iroha_S07.mes,14,24,Iroha,そんな!いろはは旦那様を誰より<6E5C>も信じてます!,,
dom3Iroha_S07.mes,Script/dom3Iroha_S07.mes,15,60,주인공,なら隠さなくてもいいじゃないか.<6E5C>俺がこの町にいられるのはいろはの<6E5C>おかげなんだ<485C>いろはのこと、<6E5C>もっと知りたいんだよ,,
dom3Iroha_S07.mes,Script/dom3Iroha_S07.mes,16,15,Iroha,でも、でも、旦那様……ううっ,,
dom3Iroha_S07.mes,Script/dom3Iroha_S07.mes,17,5,[효과음/내레이션],ポロポロ,,
dom3Iroha_S07.mes,Script/dom3Iroha_S07.mes,18,28,주인공,な、何も泣かなくてもいいだろ?<6E5C>ごめん、俺が悪かったよ,,
dom3Iroha_S07.mes,Script/dom3Iroha_S07.mes,19,21,Iroha,ごめんなさい、旦那様.<6E5C>ごめんなさい……,,
dom3Iroha_S07.mes,Script/dom3Iroha_S07.mes,20,21,주인공,(……いったい何があるって<6E5C>いうんだ?),,
dom3Iroha_S07.mes,Script/dom3Iroha_S07.mes,21,9,[효과음/내레이션],キィー、キィー、,,
dom3Iroha_S07.mes,Script/dom3Iroha_S07.mes,22,6,[효과음/내레이션],バサバサッ,,
dom3Iroha_S07.mes,Script/dom3Iroha_S07.mes,23,5,[효과음/내레이션],ピィーッ,,
dom3Iroha_S07.mes,Script/dom3Iroha_S07.mes,24,13,주인공,なんだ?やけに騒がしいな,,
dom3Iroha_S07.mes,Script/dom3Iroha_S07.mes,25,4,[효과음/내레이션],ガラッ,,
dom3Iroha_S07.mes,Script/dom3Iroha_S07.mes,26,7,Iroha,あ、旦那様!,,
dom3Iroha_S07.mes,Script/dom3Iroha_S07.mes,27,6,[효과음/내레이션],バサバサッ,,
dom3Iroha_S07.mes,Script/dom3Iroha_S07.mes,28,27,주인공,いろは…….そんな大きな鳥と<6E5C>たわむれて何してるんだ,,
dom3Iroha_S07.mes,Script/dom3Iroha_S07.mes,29,5,UNKNOWN_1e,あの……,,
dom3Iroha_S07.mes,Script/dom3Iroha_S07.mes,30,3,주인공,ん?,,
dom3Iroha_S07.mes,Script/dom3Iroha_S07.mes,31,27,Nakoruru,ごめんなさい、こちらにママハハが<6E5C>来ませんでしたか?,,
dom3Iroha_S07.mes,Script/dom3Iroha_S07.mes,32,6,UNKNOWN_79,ピィーッ!,,
dom3Iroha_S07.mes,Script/dom3Iroha_S07.mes,33,24,Nakoruru,あ、やっぱり.<6E5C><이름:3232>さんの家で遊んでたんですね,,
dom3Iroha_S07.mes,Script/dom3Iroha_S07.mes,34,45,Iroha,まぁ、あなたのご主人様ですか.<6E5C>ママハハさん、楽しかったです.<6E5C>また遊びに来てください!,,
dom3Iroha_S07.mes,Script/dom3Iroha_S07.mes,35,4,UNKNOWN_79,ピーッ,,
dom3Iroha_S07.mes,Script/dom3Iroha_S07.mes,36,42,Nakoruru,ふふ、ママハハと遊んでくれてあり<6E5C>がとう.それでは失礼します.<6E5C>行くよ、ママハハッ,,
dom3Iroha_S07.mes,Script/dom3Iroha_S07.mes,37,4,[효과음/내레이션],タタッ,,
dom3Iroha_S07.mes,Script/dom3Iroha_S07.mes,38,16,주인공,……いろは、鷹と遊んでたのか?,,
dom3Iroha_S07.mes,Script/dom3Iroha_S07.mes,39,14,Iroha,はい?どうかされましたか?,,
dom3Iroha_S07.mes,Script/dom3Iroha_S07.mes,40,56,주인공,(……普通、人間が鳥と遊ぶか?<6E5C>でも、ナコルルもママハハと<6E5C>会話するし……)<485C>(これがこの町の人間の常識か?),,
dom3Iroha_S08.mes,Script/dom3Iroha_S08.mes,0,3,Iroha,……,,
dom3Iroha_S08.mes,Script/dom3Iroha_S08.mes,1,16,주인공,どうした、いろは.ボーっとして,,
dom3Iroha_S08.mes,Script/dom3Iroha_S08.mes,2,17,Iroha,あっ、なんでもありません、旦那様,,
dom3Iroha_S08.mes,Script/dom3Iroha_S08.mes,3,21,주인공,何か心配事があるのかい?<6E5C>言ってごらんよ,,
dom3Iroha_S08.mes,Script/dom3Iroha_S08.mes,4,50,Iroha,……わかりません.ただ、ただ不安<6E5C>な気持ちでいっぱいなんです.何か<6E5C>恐ろしいことが起こるような……,,
dom3Iroha_S08.mes,Script/dom3Iroha_S08.mes,5,4,[효과음/내레이션],ぎゅっ,,
dom3Iroha_S08.mes,Script/dom3Iroha_S08.mes,6,5,주인공,いろは?,,
dom3Iroha_S08.mes,Script/dom3Iroha_S08.mes,7,31,Iroha,お許しください.今だけ、こうやっ<6E5C>ておそばに寄らせてください,,
dom3Iroha_S08.mes,Script/dom3Iroha_S08.mes,8,26,Iroha,旦那様の体温を感じるだけで、<6E5C>安心できるんです……,,
dom3Iroha_S08.mes,Script/dom3Iroha_S08.mes,9,7,주인공,う、うん……,,
dom3Iroha_S08.mes,Script/dom3Iroha_S08.mes,10,3,Iroha,……,,
dom3Iroha_S08.mes,Script/dom3Iroha_S08.mes,11,33,주인공,(……どうしたんだろう.こんな風<6E5C>にふるえるいろは、はじめてだ),,
dom3Iroha_X01.mes,Script/dom3Iroha_X01.mes,0,11,주인공,う~ん、むにゃむにゃ,,
dom3Iroha_X01.mes,Script/dom3Iroha_X01.mes,1,28,Iroha,おはようございます、旦那様!<6E5C>朝ごはんができてますよ?,,
dom3Iroha_X01.mes,Script/dom3Iroha_X01.mes,2,13,주인공,うん……ああ、ありがとう,,
dom3Iroha_X01.mes,Script/dom3Iroha_X01.mes,3,10,[효과음/내레이션],ぱくぱく、もぐもぐ,,
dom3Iroha_X01.mes,Script/dom3Iroha_X01.mes,4,3,주인공,……,,
dom3Iroha_X01.mes,Script/dom3Iroha_X01.mes,5,31,Iroha,どうしたんですか、旦那様.<6E5C>さっきからどこを見てるんですか?,,
dom3Iroha_X01.mes,Script/dom3Iroha_X01.mes,6,12,주인공,いや……なんでもないよ,,
dom3Iroha_X01.mes,Script/dom3Iroha_X01.mes,7,15,Iroha,おかしな旦那様ですねぇ!ふふ,,
dom3Iroha_X01.mes,Script/dom3Iroha_X01.mes,8,22,주인공,(……この町に来て、<6E5C>もう少しで一ヶ月か),,
dom3Iroha_X01.mes,Script/dom3Iroha_X01.mes,9,71,주인공,(考えたら、すごいことをしてるよ<6E5C>なぁ.見ず知らずの女性とふたりっ<6E5C>きりで生活なんて……)<485C>(なんでこんなことになったのか、<6E5C>いまだに謎だ),,
dom3Iroha_X01.mes,Script/dom3Iroha_X01.mes,10,53,주인공,(いろははどう思ってるんだろう、<6E5C>俺との募らし)<485C>(何の疑問もないのか?<6E5C>そもそも、いろはの家族は……),,
dom3Iroha_X01.mes,Script/dom3Iroha_X01.mes,11,7,주인공,なぁ、いろは,,
dom3Iroha_X01.mes,Script/dom3Iroha_X01.mes,12,10,Iroha,なんですか、旦那様,,
dom3Iroha_X01.mes,Script/dom3Iroha_X01.mes,13,44,주인공,いろはのご両親は、どちらに住んで<6E5C>るんだ?閉いたことないけど.<6E5C>この町にはいないのか?,,
dom3Iroha_X01.mes,Script/dom3Iroha_X01.mes,14,16,Iroha,え!わ、私の両親ですか……!?,,
dom3Iroha_X01.mes,Script/dom3Iroha_X01.mes,15,20,주인공,(閉いてはいけないことだった<6E5C>かな?),,
dom3Iroha_X01.mes,Script/dom3Iroha_X01.mes,16,55,Iroha,そんな、親にあいさつなんて<6E5C>けっこうですよ!<485C>そんなことされなくても、<6E5C>私はいつでも旦那様のもの<6E5C>ですから!,,
dom3Iroha_X01.mes,Script/dom3Iroha_X01.mes,17,20,주인공,(……いや、<6E5C>そういうことじゃなくて),,
dom3Iroha_X01.mes,Script/dom3Iroha_X01.mes,18,38,주인공,……っと、いかん、いかん.<6E5C>風が心地いいから、少しうとうと<6E5C>してしまったな,,
dom3Iroha_X01.mes,Script/dom3Iroha_X01.mes,19,9,주인공,おーい、いろはー,,
dom3Iroha_X01.mes,Script/dom3Iroha_X01.mes,20,6,[효과음/내레이션],……しーん,,
dom3Iroha_X01.mes,Script/dom3Iroha_X01.mes,21,28,주인공,出かけてるのか…….<6E5C>なら、俺も少し散歩でもしにいくか,,
dom3Iroha_X01.mes,Script/dom3Iroha_X01.mes,22,34,주인공,うん、たまにぶっそうなところもあ<6E5C>るけれど、募らしやすい、いい町だ,,
dom3Iroha_X01.mes,Script/dom3Iroha_X01.mes,23,22,주인공,はて、俺はいつまでここに滞在する<6E5C>のだろう,,
dom3Iroha_X01.mes,Script/dom3Iroha_X01.mes,24,66,주인공,(あてがないとはいえ、いつまでも<6E5C>いられるものでもない……)<485C>(あの家から逃げ続けるように<6E5C>旅を続けるのは、<6E5C>もうやめないと……),,
dom3Iroha_X01.mes,Script/dom3Iroha_X01.mes,25,6,[효과음/내레이션],キィ、キィ,,
dom3Iroha_X01.mes,Script/dom3Iroha_X01.mes,26,9,주인공,ん?なんだ、鳥か,,
dom3Iroha_X01.mes,Script/dom3Iroha_X01.mes,27,4,[효과음/내레이션],キィ~,,
dom3Iroha_X01.mes,Script/dom3Iroha_X01.mes,28,22,주인공,はは、どうした.<6E5C>人なつっこい鶴だな.ん?,,
dom3Iroha_X01.mes,Script/dom3Iroha_X01.mes,29,36,주인공,……なんだ、おまえ足に包帯を巻い<6E5C>てるじゃないか.<6E5C>ケガをしてるのか?,,
dom3Iroha_X01.mes,Script/dom3Iroha_X01.mes,30,16,[선택지],包帯をほどいてやる頭をなでてやる,,
dom3Iroha_X01.mes,Script/dom3Iroha_X01.mes,31,22,주인공,これでは邪魔だろう.<6E5C>どれ、俺が取ってやる,,
dom3Iroha_X01.mes,Script/dom3Iroha_X01.mes,32,8,[효과음/내레이션],キィ!<020A>キィ!,,
dom3Iroha_X01.mes,Script/dom3Iroha_X01.mes,33,8,[효과음/내레이션],バサバサバサッ,,
dom3Iroha_X01.mes,Script/dom3Iroha_X01.mes,34,29,주인공,どうした.<6E5C>そんなに暴れなくていいぞ.<6E5C>楽にしてやるから,,
dom3Iroha_X01.mes,Script/dom3Iroha_X01.mes,35,4,[효과음/내레이션],キィ~,,
dom3Iroha_X01.mes,Script/dom3Iroha_X01.mes,36,38,주인공,不思議なやつだな.<6E5C>悲しそうな顔をして.じゃ、<6E5C>そのままにしておいてやるか,,
dom3Iroha_X01.mes,Script/dom3Iroha_X01.mes,37,4,[효과음/내레이션],キィ!,,
dom3Iroha_X01.mes,Script/dom3Iroha_X01.mes,38,37,주인공,……この町には動物もたくさん<6E5C>いるな.人に限らず住みよい場所<6E5C>なのだろう,,
dom3Iroha_X01.mes,Script/dom3Iroha_X01.mes,39,10,주인공,痛いのか?よしよし,,
dom3Iroha_X01.mes,Script/dom3Iroha_X01.mes,40,5,[효과음/내레이션],なでなで,,
dom3Iroha_X01.mes,Script/dom3Iroha_X01.mes,41,4,[효과음/내레이션],キィ~,,
dom3Iroha_X01.mes,Script/dom3Iroha_X01.mes,42,43,주인공,かわいいのぅ、おまえは.<6E5C>そんなに人なつっこくては、<6E5C>すぐに人に捕らえられてしまうぞ,,
dom3Iroha_X01.mes,Script/dom3Iroha_X01.mes,43,4,[효과음/내레이션],キィッ,,
dom3Iroha_X01.mes,Script/dom3Iroha_X01.mes,44,6,[효과음/내레이션],バサバサッ,,
dom3Iroha_X01.mes,Script/dom3Iroha_X01.mes,45,44,주인공,そうだ、そうだ.早く逃げろ.<6E5C>人は鳥を狩る生き物だからな.<6E5C>あまり近づいてはいけないよ,,
dom3Iroha_X01.mes,Script/dom3Iroha_X01.mes,46,6,[효과음/내레이션],キィ~……,,
dom3Iroha_X01.mes,Script/dom3Iroha_X01.mes,47,41,주인공,いつまでも俺の上を飛び続け<6E5C>て…….なんだか、はじめて会った<6E5C>気がしない鶴だなぁ,,
dom3Iroha_X01.mes,Script/dom3Iroha_X01.mes,48,7,주인공,ただいま……,,
dom3Iroha_X01.mes,Script/dom3Iroha_X01.mes,49,26,Iroha,おかえりなさいませ、旦那様.<6E5C>今、お茶を入れますね,,
dom3Iroha_X01.mes,Script/dom3Iroha_X01.mes,50,17,주인공,ありがとう.いろは、戻ってたのか,,
dom3Iroha_X01.mes,Script/dom3Iroha_X01.mes,51,33,Iroha,はい.機を織っていたところです!<6E5C>ご覧ください、きれいでしょう?,,
dom3Iroha_X01.mes,Script/dom3Iroha_X01.mes,52,24,주인공,うむ.見事なものだ.<6E5C>見かけによらず器用だなぁ,,
dom3Iroha_X01.mes,Script/dom3Iroha_X01.mes,53,19,Iroha,もぉ!どういう意味ですか?<6E5C>旦那様!,,
dom3Iroha_X01.mes,Script/dom3Iroha_X01.mes,54,24,주인공,いや…….で、これを今から売りに<6E5C>いくのかい?,,
dom3Iroha_X01.mes,Script/dom3Iroha_X01.mes,55,37,Iroha,そうです.<6E5C>ついでに買い物もしておきますね!<6E5C>今晩は何を食べたいですか?,,
dom3Iroha_X01.mes,Script/dom3Iroha_X01.mes,56,24,주인공,いろは……俺と募らすために無理を<6E5C>してないか?,,
dom3Iroha_X01.mes,Script/dom3Iroha_X01.mes,57,13,Iroha,え?どういうことですか?,,
dom3Iroha_X01.mes,Script/dom3Iroha_X01.mes,58,62,주인공,機を織って、<6E5C>そのお金で食べ物を…….<6E5C>そうなのだろう<485C>どうしてそんなことをする?<6E5C>メシぐらい、俺がどこからでも<6E5C>調達する,,
dom3Iroha_X01.mes,Script/dom3Iroha_X01.mes,59,45,Iroha,いえ!いろはは旦那様のお役にた<6E5C>ちたいのです!どうか、私のことは<6E5C>気にしないでください!,,
dom3Iroha_X01.mes,Script/dom3Iroha_X01.mes,60,22,주인공,何故そこまで?<6E5C>それでは俺が申し訳なくなる,,
dom3Iroha_X01.mes,Script/dom3Iroha_X01.mes,61,34,Iroha,旦那様にご恩をお返ししたいの<6E5C>です…….<6E5C>いろはは、そのために……,,
dom3Iroha_X01.mes,Script/dom3Iroha_X01.mes,62,22,주인공,ご恩ってなんなんだよ!<6E5C>俺にはわからない!,,
dom3Iroha_X01.mes,Script/dom3Iroha_X01.mes,63,11,Iroha,!<020A>だ、旦那様……?,,
dom3Iroha_X01.mes,Script/dom3Iroha_X01.mes,64,36,주인공,(……あっ.<6E5C>俺は何を怒鳴っているんだ.<6E5C>いろはは、何も悪くないのに),,
dom3Iroha_X01.mes,Script/dom3Iroha_X01.mes,65,40,주인공,……ごめん、ただ、いろはがそんな<6E5C>に尽くしてくれるのに、自分が情け<6E5C>なくて……,,
dom3Iroha_X01.mes,Script/dom3Iroha_X01.mes,66,29,주인공,俺は、いろはに世話をしてもらうよ<6E5C>うな人間じゃないんだよ,,
dom3Iroha_X01.mes,Script/dom3Iroha_X01.mes,67,31,Iroha,そんなことありません!<6E5C>旦那様ほど素晴らしい方は<6E5C>いません!,,
dom3Iroha_X01.mes,Script/dom3Iroha_X01.mes,68,36,주인공,ぜんぜん素晴らしくなんか<6E5C>ないんだ!逃げてばかりで、<6E5C>意気地なしで……,,
dom3Iroha_X01.mes,Script/dom3Iroha_X01.mes,69,6,Iroha,旦那様……,,
dom3Iroha_X01.mes,Script/dom3Iroha_X01.mes,70,45,주인공,(……俺はなんてみっともない<6E5C>男だ.自分が不甲斐ないからって、<6E5C>いろはにあたったりして),,
dom3Iroha_X01.mes,Script/dom3Iroha_X01.mes,71,55,주인공,(いろはと過ごすのは心地良い.<6E5C>とても楽だ)<485C>(その分、自分がどんどん駄目に<6E5C>なっていくような気がする……),,
dom3Iroha_X01.mes,Script/dom3Iroha_X01.mes,72,20,주인공,(やはり、もうそろそろこの<6E5C>町は……),,
dom3Iroha_X01.mes,Script/dom3Iroha_X01.mes,73,6,Iroha,旦那様……,,
dom3Iroha_X01.mes,Script/dom3Iroha_X01.mes,74,9,주인공,なんだい、いろは,,
dom3Iroha_X01.mes,Script/dom3Iroha_X01.mes,75,29,Iroha,少し、出かけませんか.<6E5C>旦那様とふたりで歩きたいです……,,
dom3Iroha_X01.mes,Script/dom3Iroha_X01.mes,76,3,주인공,……,,
dom3Iroha_X01.mes,Script/dom3Iroha_X01.mes,77,16,주인공,もう申の刻とはいえ、暑いな……,,
dom3Iroha_X01.mes,Script/dom3Iroha_X01.mes,78,15,Iroha,はい.でも、風は心地良いです,,
dom3Iroha_X01.mes,Script/dom3Iroha_X01.mes,79,27,주인공,そうだな.……いろは、反物はもう<6E5C>売りに行ったのか?,,
dom3Iroha_X01.mes,Script/dom3Iroha_X01.mes,80,9,Iroha,はい.先ほど……,,
dom3Iroha_X01.mes,Script/dom3Iroha_X01.mes,81,11,주인공,……いつも、すまない,,
dom3Iroha_X01.mes,Script/dom3Iroha_X01.mes,82,33,Iroha,そんな、すまなくなどありません!<6E5C>私が勝手にやっているだけです!,,
dom3Iroha_X01.mes,Script/dom3Iroha_X01.mes,83,43,주인공,いろはは、俺にしてほしいことはな<6E5C>いのか?これだけ世話になったの<6E5C>だ、なんでもするよ,,
dom3Iroha_X01.mes,Script/dom3Iroha_X01.mes,84,41,Iroha,いろははただ、旦那様のそばに置い<6E5C>ていただけるだけで…….<6E5C>それだけで十分です!,,
dom3Iroha_X01.mes,Script/dom3Iroha_X01.mes,85,21,주인공,しかし、それでは…….<6E5C>いろはは最近……,,
dom3Iroha_X01.mes,Script/dom3Iroha_X01.mes,86,21,Iroha,え、なんですか?<6E5C>何が気になるのですか?,,
dom3Iroha_X01.mes,Script/dom3Iroha_X01.mes,87,10,[선택지],やせてきた太ってきた,,
dom3Iroha_X01.mes,Script/dom3Iroha_X01.mes,88,27,주인공,少し、やせてきたんじゃないか?<6E5C>無理をしてるのだろう,,
dom3Iroha_X01.mes,Script/dom3Iroha_X01.mes,89,31,Iroha,や、やせてなどいません!いつも<6E5C>どおり、元気いっぱいですよ!,,
dom3Iroha_X01.mes,Script/dom3Iroha_X01.mes,90,27,주인공,そうか?機をたくさん織って、<6E5C>疲れてるんじゃないか?,,
dom3Iroha_X01.mes,Script/dom3Iroha_X01.mes,91,66,Iroha,平気ですってば!いろははそんな<6E5C>ことでへこたれません!<485C>これからもどんどん働きますから、<6E5C>何でも言いつけてくださいね、<6E5C>旦那様っ!,,
dom3Iroha_X01.mes,Script/dom3Iroha_X01.mes,92,17,주인공,(うう、なんとかいがいしい……),,
dom3Iroha_X01.mes,Script/dom3Iroha_X01.mes,93,27,주인공,(こんなに世話になりっぱなしで、<6E5C>いいのか俺は……),,
dom3Iroha_X01.mes,Script/dom3Iroha_X01.mes,94,25,주인공,少し、太ってきたんじゃないか?<6E5C>服がパンパンだぞ,,
dom3Iroha_X01.mes,Script/dom3Iroha_X01.mes,95,21,Iroha,なな、何を言ってるんですか、<6E5C>旦那様っ!,,
dom3Iroha_X01.mes,Script/dom3Iroha_X01.mes,96,38,주인공,俺もいろはみたいに丈夫に<6E5C>ならないといけないな.<6E5C>たっぷり脂肪をたくわえて,,
dom3Iroha_X01.mes,Script/dom3Iroha_X01.mes,97,40,Iroha,もぉ!どこ見て行ってるんですか!<6E5C>そんなことおっしゃる旦那様、<6E5C>知りませんっ!,,
dom3Iroha_X01.mes,Script/dom3Iroha_X01.mes,98,4,[효과음/내레이션],プイッ,,
dom3Iroha_X01.mes,Script/dom3Iroha_X01.mes,99,7,주인공,あ、いろは!,,
dom3Iroha_X01.mes,Script/dom3Iroha_X01.mes,100,20,주인공,……健康的でいいことだと<6E5C>思うけどなぁ,,
dom3Iroha_X01.mes,Script/dom3Iroha_X01.mes,101,11,주인공,さて、もう寝るか……,,
dom3Iroha_X01.mes,Script/dom3Iroha_X01.mes,102,47,Iroha,おやすみなさいませ、旦那様.<6E5C>お風邪を召されないように、布団を<6E5C>ちゃんとかけて寝てくださいね,,
dom3Iroha_X01.mes,Script/dom3Iroha_X01.mes,103,20,주인공,わかってるよ.<6E5C>まるで母親みたいだなぁ,,
dom3Iroha_X01.mes,Script/dom3Iroha_X01.mes,104,32,Iroha,旦那様の跳ね飛ばした布団を直して<6E5C>るのは、いつも私なのですよ?,,
dom3Iroha_X01.mes,Script/dom3Iroha_X01.mes,105,6,주인공,……ごめん,,
dom3Iroha_X01.mes,Script/dom3Iroha_X01.mes,106,44,Iroha,……旦那様は、やっぱりお優しい人<6E5C>です.私、人に優しくされたのは<6E5C>旦那様がはじめてです,,
dom3Iroha_X01.mes,Script/dom3Iroha_X01.mes,107,22,Iroha,この町での日々は、毎日が夢のよう<6E5C>です……,,
dom3Iroha_X01.mes,Script/dom3Iroha_X01.mes,108,3,주인공,え?,,
dom3Iroha_X01.mes,Script/dom3Iroha_X01.mes,109,39,Iroha,おやすみなさいませ、旦那様.<6E5C>いろはは明日も精一杯<6E5C>お世話させていただきます,,
dom3Iroha_X01.mes,Script/dom3Iroha_X01.mes,110,5,Iroha,では……,,
dom3Iroha_X01.mes,Script/dom3Iroha_X01.mes,111,3,[효과음/내레이션],スッ,,
dom3Iroha_X01.mes,Script/dom3Iroha_X01.mes,112,10,주인공,あ、待っていろは!,,
dom3Iroha_X01.mes,Script/dom3Iroha_X01.mes,113,11,Iroha,なんでございますか?,,
dom3Iroha_X01.mes,Script/dom3Iroha_X01.mes,114,5,주인공,あの……,,
dom3Iroha_X01.mes,Script/dom3Iroha_X01.mes,115,18,[선택지],そっちに行ってもいい?おやすみなさい,,
dom3Iroha_X01.mes,Script/dom3Iroha_X01.mes,116,17,주인공,そっちの部屋に行ってもいいかい?,,
dom3Iroha_X01.mes,Script/dom3Iroha_X01.mes,117,4,Iroha,え……,,
dom3Iroha_X01.mes,Script/dom3Iroha_X01.mes,118,19,주인공,いや、離れて寝るのは<6E5C>さみしいし……,,
dom3Iroha_X01.mes,Script/dom3Iroha_X01.mes,119,6,Iroha,旦那様……,,
dom3Iroha_X01.mes,Script/dom3Iroha_X01.mes,120,6,주인공,いろは……,,
dom3Iroha_X01.mes,Script/dom3Iroha_X01.mes,121,41,Iroha,もう!そんなことダメです!<6E5C>けっして、こっちの部屋に入っちゃ<6E5C>いけませんからね!,,
dom3Iroha_X01.mes,Script/dom3Iroha_X01.mes,122,5,[효과음/내레이션],ピシャッ,,
dom3Iroha_X01.mes,Script/dom3Iroha_X01.mes,123,10,주인공,ぐ……やはり駄目か,,
dom3Iroha_X01.mes,Script/dom3Iroha_X01.mes,124,30,주인공,(毎晩毎晩、この生殺し状態にも、<6E5C>そろそろ限界な気が……),,
dom3Iroha_X01.mes,Script/dom3Iroha_X01.mes,125,16,주인공,いや……なんでもない.おやすみ,,
dom3Iroha_X01.mes,Script/dom3Iroha_X01.mes,126,13,Iroha,……はい、おやすみなさい,,
dom3Iroha_X01.mes,Script/dom3Iroha_X01.mes,127,5,[효과음/내레이션],パタンッ,,
dom3Iroha_X01.mes,Script/dom3Iroha_X01.mes,128,37,주인공,(いろは…….<6E5C>俺の方こそはじめてだよ.<6E5C>ここまで優しくされたのは……),,
dom3Iroha_X01.mes,Script/dom3Iroha_X01.mes,129,28,주인공,(俺は、どうすればいろはに恩を<6E5C>返せるのだろうか……),,
dom3Iroha_X02.mes,Script/dom3Iroha_X02.mes,0,48,주인공,(俺は……いろはとどうするつもり<6E5C>なんだ?いつまでも、この家で<6E5C>やっかいになりつづけるのか?),,
dom3Iroha_X02.mes,Script/dom3Iroha_X02.mes,1,45,주인공,(それでは、自分が駄目になってい<6E5C>くばかりだ.きっちり、けじめを<6E5C>つけないといけない!),,
dom3Iroha_X02.mes,Script/dom3Iroha_X02.mes,2,22,주인공,(この町を出るか、それともいろは<6E5C>と――),,
dom3Iroha_X02.mes,Script/dom3Iroha_X02.mes,3,31,Iroha,どうしたのですか、旦那様?<6E5C>ずいぶん難しい顔をされてますよ?,,
dom3Iroha_X02.mes,Script/dom3Iroha_X02.mes,4,23,주인공,いや、男にはいろいろ考えることが<6E5C>あるんだよ,,
dom3Iroha_X02.mes,Script/dom3Iroha_X02.mes,5,38,Iroha,それより、今日もよい天気ですよ!<6E5C>考えてる時間があったら出かけ<6E5C>ましょう!,,
dom3Iroha_X02.mes,Script/dom3Iroha_X02.mes,6,8,주인공,元気だなぁ……,,
dom3Iroha_X02.mes,Script/dom3Iroha_X02.mes,7,39,Iroha,ちょっと、旦那様!<6E5C>外に出ようと言ってるのに、<6E5C>どうして戻ってくるのですか!,,
dom3Iroha_X02.mes,Script/dom3Iroha_X02.mes,8,12,[선택지],いろはと家にいたい忘れ物,,
dom3Iroha_X02.mes,Script/dom3Iroha_X02.mes,9,23,주인공,いや、俺はいろはとゆっくり<6E5C>過ごしたいからさ,,
dom3Iroha_X02.mes,Script/dom3Iroha_X02.mes,10,6,Iroha,旦那様……,,
dom3Iroha_X02.mes,Script/dom3Iroha_X02.mes,11,11,주인공,いろはもそうだろう?,,
dom3Iroha_X02.mes,Script/dom3Iroha_X02.mes,12,41,Iroha,天気のよいときはお外に出ないと<6E5C>ダメです!羽をのばした方が<6E5C>気持ちいいでしょう?,,
dom3Iroha_X02.mes,Script/dom3Iroha_X02.mes,13,5,주인공,はい……,,
dom3Iroha_X02.mes,Script/dom3Iroha_X02.mes,14,12,주인공,いや、ちょっと忘れ物を,,
dom3Iroha_X02.mes,Script/dom3Iroha_X02.mes,15,10,Iroha,まぁ、なんですか?,,
dom3Iroha_X02.mes,Script/dom3Iroha_X02.mes,16,41,주인공,財布を忘れたよ.少ない中身だけれ<6E5C>ど、いろはにおいしいものでも<6E5C>食べさせないとな,,
dom3Iroha_X02.mes,Script/dom3Iroha_X02.mes,17,6,Iroha,旦那様……,,
dom3Iroha_X02.mes,Script/dom3Iroha_X02.mes,18,6,주인공,いろは……,,
dom3Iroha_X02.mes,Script/dom3Iroha_X02.mes,19,48,Iroha,おいしいものなら、私がいっぱい<6E5C>お作りします!そのようなお言葉、<6E5C>いろはにはもったいないです!,,
dom3Iroha_X02.mes,Script/dom3Iroha_X02.mes,20,21,주인공,う~ん、それではいつもといっしょ<6E5C>だ……,,
dom3Iroha_X02.mes,Script/dom3Iroha_X02.mes,21,43,Iroha,にぎやかで楽しいですね.いっしょ<6E5C>に今晩のおかずを買いましょう.<6E5C>どこに行きますか?,,
dom3Iroha_X02.mes,Script/dom3Iroha_X02.mes,22,5,[선택지],八百屋肉屋,,
dom3Iroha_X02.mes,Script/dom3Iroha_X02.mes,23,26,주인공,そうだな、八百屋さんで新鮮な<6E5C>野菜を買って帰ろうか,,
dom3Iroha_X02.mes,Script/dom3Iroha_X02.mes,24,15,Iroha,はい!野菜は体にいいですよ!,,
dom3Iroha_X02.mes,Script/dom3Iroha_X02.mes,25,15,주인공,肉を買う金は俺にはないし……,,
dom3Iroha_X02.mes,Script/dom3Iroha_X02.mes,26,26,Iroha,お野菜で十分ですよ!<6E5C>私、お肉なんて口にしません!,,
dom3Iroha_X02.mes,Script/dom3Iroha_X02.mes,27,25,주인공,肉も食べずにその胸を?<6E5C>いったい何が詰まって……,,
dom3Iroha_X02.mes,Script/dom3Iroha_X02.mes,28,11,Iroha,え?なんでしょうか?,,
dom3Iroha_X02.mes,Script/dom3Iroha_X02.mes,29,14,주인공,いえ、なんでもないです……,,
dom3Iroha_X02.mes,Script/dom3Iroha_X02.mes,30,16,주인공,たまには奮発して肉を買わないか,,
dom3Iroha_X02.mes,Script/dom3Iroha_X02.mes,31,27,Iroha,肉なんて賓沢です!<6E5C>それに、動物がかわいそうですよ?,,
dom3Iroha_X02.mes,Script/dom3Iroha_X02.mes,32,14,주인공,でも、食べないことにはなぁ,,
dom3Iroha_X02.mes,Script/dom3Iroha_X02.mes,33,30,Iroha,食べなくても生きていけます!<6E5C>私、お肉なんて口にしません!,,
dom3Iroha_X02.mes,Script/dom3Iroha_X02.mes,34,22,주인공,本当?おいしそうなお肉をつけて<6E5C>るのに……,,
dom3Iroha_X02.mes,Script/dom3Iroha_X02.mes,35,21,Iroha,ちょっと旦那様、<6E5C>どこを見てるんですか!,,
dom3Iroha_X02.mes,Script/dom3Iroha_X02.mes,36,11,주인공,ご、ごめんなさい……,,
dom3Iroha_X02.mes,Script/dom3Iroha_X02.mes,37,31,Shino,あら、おふたりでお出かけ?<6E5C>仲イイねぇ.<6E5C>料理は何にするの?,,
dom3Iroha_X02.mes,Script/dom3Iroha_X02.mes,38,7,[선택지],あんみつえだ豆,,
dom3Iroha_X02.mes,Script/dom3Iroha_X02.mes,39,21,주인공,ふたりであんみつでも食べようか、<6E5C>いろは,,
dom3Iroha_X02.mes,Script/dom3Iroha_X02.mes,40,8,Shino,ま、熱いわね!,,
dom3Iroha_X02.mes,Script/dom3Iroha_X02.mes,41,36,Iroha,あんみつだなんて!いろはには<6E5C>もったいのうございます!<6E5C>水で十分です!,,
dom3Iroha_X02.mes,Script/dom3Iroha_X02.mes,42,6,주인공,み、水~?,,
dom3Iroha_X02.mes,Script/dom3Iroha_X02.mes,43,41,Shino,ちょっと…….<이름:3232>さん、普段<6E5C>どんなものを食べさせてるのよ.<6E5C>甲斐性がないわねぇ,,
dom3Iroha_X02.mes,Script/dom3Iroha_X02.mes,44,16,주인공,ぐ……甲斐性がないのは確かだが,,
dom3Iroha_X02.mes,Script/dom3Iroha_X02.mes,45,15,주인공,じゃ、えだ豆でももらおうかな,,
dom3Iroha_X02.mes,Script/dom3Iroha_X02.mes,46,12,Shino,えぇー!しけてるわねぇ,,
dom3Iroha_X02.mes,Script/dom3Iroha_X02.mes,47,26,Iroha,えだ豆大好きです!<6E5C>ありがとうございます、旦那様!,,
dom3Iroha_X02.mes,Script/dom3Iroha_X02.mes,48,15,주인공,……ふぅ、安くすんでよかった,,
dom3Iroha_X02.mes,Script/dom3Iroha_X02.mes,49,31,Shino,情けないわねぇ.ふたりとも、<6E5C>どんな質素な生活をしてるんだか,,
dom3Iroha_X02.mes,Script/dom3Iroha_X02.mes,50,49,주인공,(確かに……いろはの食生活はとて<6E5C>も質素だなぁ.俺がもっといいもの<6E5C>を食べさせてやらないと……),,
dom3Iroha_X02.mes,Script/dom3Iroha_X02.mes,51,22,Ukyo,ふたりで……拙者の句を閉いて<6E5C>くれるか……,,
dom3Iroha_X02.mes,Script/dom3Iroha_X02.mes,52,6,[선택지],閉く閉かない,,
dom3Iroha_X02.mes,Script/dom3Iroha_X02.mes,53,9,주인공,はい、閉きますよ,,
dom3Iroha_X02.mes,Script/dom3Iroha_X02.mes,54,42,Iroha,それより、お顔の色が悪いですよ?<6E5C>寒いのじゃありませんか?<6E5C>まぁ、なんて冷たい手!,,
dom3Iroha_X02.mes,Script/dom3Iroha_X02.mes,55,4,[효과음/내레이션],ぎゅっ,,
dom3Iroha_X02.mes,Script/dom3Iroha_X02.mes,56,6,Ukyo,ガハァッ!,,
dom3Iroha_X02.mes,Script/dom3Iroha_X02.mes,57,19,Iroha,まぁ、大変!<6E5C>すぐに手当てしないと!,,
dom3Iroha_X02.mes,Script/dom3Iroha_X02.mes,58,34,주인공,いや、たぶんいろはが手当てする方<6E5C>が、右京さんの心臓に悪いと思うぞ,,
dom3Iroha_X02.mes,Script/dom3Iroha_X02.mes,59,12,주인공,いえ、句はちょっと……,,
dom3Iroha_X02.mes,Script/dom3Iroha_X02.mes,60,44,Iroha,ダメですよ、旦那様!<6E5C>来たからには、ちゃんと授業に耳を<6E5C>惧けないと!さ、橘様、どうぞ!,,
dom3Iroha_X02.mes,Script/dom3Iroha_X02.mes,61,11,Ukyo,……う、うむ.ゴホッ,,
dom3Iroha_X02.mes,Script/dom3Iroha_X02.mes,62,19,주인공,(あれ?<6E5C>いつもより顔が赤い……?),,
dom3Iroha_X02.mes,Script/dom3Iroha_X02.mes,63,12,Ukyo,ほ、ほ、ほろよいの……,,
dom3Iroha_X02.mes,Script/dom3Iroha_X02.mes,64,34,Iroha,まぁ、なんて素敵な歌……うっとり<6E5C>しますわ.時間を忘れてしまいそう,,
dom3Iroha_X02.mes,Script/dom3Iroha_X02.mes,65,10,Ukyo,……ウ、ウゴハァ!,,
dom3Iroha_X02.mes,Script/dom3Iroha_X02.mes,66,35,주인공,(あの右京さんが、<6E5C>句をかんでる…….<6E5C>モテても女性は苦手なんだな),,
dom3Iroha_X02.mes,Script/dom3Iroha_X02.mes,67,33,Rinka,ふたりして道場に何の用だ!<6E5C>ここは遊びに来るところじゃ<6E5C>ないぞ!,,
dom3Iroha_X02.mes,Script/dom3Iroha_X02.mes,68,13,[선택지],稽古しにきた稽古を見に来た,,
dom3Iroha_X02.mes,Script/dom3Iroha_X02.mes,69,21,주인공,ちがうよ、<6E5C>ちゃんと稽古しに来たんだから,,
dom3Iroha_X02.mes,Script/dom3Iroha_X02.mes,70,41,Iroha,まぁ、剣を振るいに来たんですか?<6E5C>あまり物騒なことはしないで<6E5C>ください、旦那様!,,
dom3Iroha_X02.mes,Script/dom3Iroha_X02.mes,71,13,주인공,じゃ、じゃあやめておくよ,,
dom3Iroha_X02.mes,Script/dom3Iroha_X02.mes,72,14,Rinka,稽古もしないのに来たのか!,,
dom3Iroha_X02.mes,Script/dom3Iroha_X02.mes,73,10,주인공,じゃ、じゃあやるよ,,
dom3Iroha_X02.mes,Script/dom3Iroha_X02.mes,74,5,Iroha,旦那様!,,
dom3Iroha_X02.mes,Script/dom3Iroha_X02.mes,75,8,Rinka,なんなんだよ!,,
dom3Iroha_X02.mes,Script/dom3Iroha_X02.mes,76,6,주인공,うぐぐ……,,
dom3Iroha_X02.mes,Script/dom3Iroha_X02.mes,77,17,주인공,凛花ちゃんの稽古を見に来たんだよ,,
dom3Iroha_X02.mes,Script/dom3Iroha_X02.mes,78,27,Rinka,バ、バカ!あたしの稽古なんか<6E5C>見ても面白くないだろ!,,
dom3Iroha_X02.mes,Script/dom3Iroha_X02.mes,79,19,Iroha,きゃ!<6E5C>真っ赤になって可愛いですね!,,
dom3Iroha_X02.mes,Script/dom3Iroha_X02.mes,80,9,Rinka,なんだってぇ!?,,
dom3Iroha_X02.mes,Script/dom3Iroha_X02.mes,81,20,주인공,いろは、この子をからかうと<6E5C>恐いぞ……,,
dom3Iroha_X02.mes,Script/dom3Iroha_X02.mes,82,17,Mikoto,まぁ、今日はどうされたのですか?,,
dom3Iroha_X02.mes,Script/dom3Iroha_X02.mes,83,12,[선택지],お見舞いに来た遊びに来た,,
dom3Iroha_X02.mes,Script/dom3Iroha_X02.mes,84,20,주인공,何ってもちろん、<6E5C>命さんのお見舞いだよ,,
dom3Iroha_X02.mes,Script/dom3Iroha_X02.mes,85,29,Mikoto,そんな…….わたくしのことなど<6E5C>放っておいてください……,,
dom3Iroha_X02.mes,Script/dom3Iroha_X02.mes,86,21,Iroha,私が病気なんて吹き飛ばして<6E5C>あげますよ!,,
dom3Iroha_X02.mes,Script/dom3Iroha_X02.mes,87,28,주인공,突飛な行動は体にさわるから、<6E5C>いろははつつしむように!,,
dom3Iroha_X02.mes,Script/dom3Iroha_X02.mes,88,4,Iroha,はうぅ,,
dom3Iroha_X02.mes,Script/dom3Iroha_X02.mes,89,16,Mikoto,ふふ…….仲がよろしいのですね,,
dom3Iroha_X02.mes,Script/dom3Iroha_X02.mes,90,27,주인공,もちろん遊びに来たんだよ.<6E5C>命さん、外に出れるかい?,,
dom3Iroha_X02.mes,Script/dom3Iroha_X02.mes,91,20,Mikoto,わたくしは、外で遊ぶなど<6E5C>無理です……,,
dom3Iroha_X02.mes,Script/dom3Iroha_X02.mes,92,38,Iroha,旦那様、無理強いはいけませんよ?<6E5C>女の子の体はとっても繊細なん<6E5C>ですから!,,
dom3Iroha_X02.mes,Script/dom3Iroha_X02.mes,93,41,주인공,命さんはともかく、いろはが<6E5C>繊細ってことはないだろう.<6E5C>そんな豊満な体をしといて,,
dom3Iroha_X02.mes,Script/dom3Iroha_X02.mes,94,12,Iroha,まぁ!なんですって!?,,
dom3Iroha_X02.mes,Script/dom3Iroha_X02.mes,95,13,Mikoto,<이름:3131>様……いやらしい……,,
dom3Iroha_X02.mes,Script/dom3Iroha_X02.mes,96,11,주인공,う……口がすべった?,,
dom3Iroha_X02.mes,Script/dom3Iroha_X02.mes,97,25,Nakoruru,大自然でお散歩ですか?<6E5C>とても気持ちいいでしょう,,
dom3Iroha_X02.mes,Script/dom3Iroha_X02.mes,98,17,[선택지],でも町の方が楽しい自然は気持ちいい,,
dom3Iroha_X02.mes,Script/dom3Iroha_X02.mes,99,24,주인공,でも、町を歩いた方がいろいろ<6E5C>あって楽しいなぁ,,
dom3Iroha_X02.mes,Script/dom3Iroha_X02.mes,100,8,Nakoruru,そうですか……,,
dom3Iroha_X02.mes,Script/dom3Iroha_X02.mes,101,27,Iroha,もぉ!旦那様は自然の良さが<6E5C>まったくわかってません!,,
dom3Iroha_X02.mes,Script/dom3Iroha_X02.mes,102,5,UNKNOWN_79,ピィー!,,
dom3Iroha_X02.mes,Script/dom3Iroha_X02.mes,103,19,주인공,うっ、ママハハまで.<6E5C>すいません……,,
dom3Iroha_X02.mes,Script/dom3Iroha_X02.mes,104,27,주인공,ああ、山の中は気持ちいいな.<6E5C>健やかな心地になれるよ,,
dom3Iroha_X02.mes,Script/dom3Iroha_X02.mes,105,20,Nakoruru,ええ、山の優しさに包まれているん<6E5C>です,,
dom3Iroha_X02.mes,Script/dom3Iroha_X02.mes,106,23,Iroha,本当に、飛び回りたいほど気持ち<6E5C>いいですね!,,
dom3Iroha_X02.mes,Script/dom3Iroha_X02.mes,107,12,주인공,飛び回るって、どこを?,,
dom3Iroha_X02.mes,Script/dom3Iroha_X02.mes,108,11,Iroha,え!?いえ、その……,,
dom3Iroha_X02.mes,Script/dom3Iroha_X02.mes,109,21,주인공,子どもみたいなことを言うなぁ、<6E5C>いろはは,,
dom3Iroha_X02.mes,Script/dom3Iroha_X02.mes,110,3,Mina,……,,
dom3Iroha_X02.mes,Script/dom3Iroha_X02.mes,111,14,주인공,(ミナ、怨念を感じる……),,
dom3Iroha_X02.mes,Script/dom3Iroha_X02.mes,112,8,Iroha,うう、旦那様~,,
dom3Iroha_X02.mes,Script/dom3Iroha_X02.mes,113,14,[선택지],仲良くしようそんなににらむな,,
dom3Iroha_X02.mes,Script/dom3Iroha_X02.mes,114,27,주인공,おいおい、険悪だなぁ.<6E5C>三人で仲良く遊ぼうじゃないか,,
dom3Iroha_X02.mes,Script/dom3Iroha_X02.mes,115,10,Mina,……あやかし、と?,,
dom3Iroha_X02.mes,Script/dom3Iroha_X02.mes,116,27,주인공,おかしなことを言うなぁ.<6E5C>どこにあやかしがいるんだ?,,
dom3Iroha_X02.mes,Script/dom3Iroha_X02.mes,117,42,Iroha,そ、そうです!あやかしなど、<6E5C>そんなの、どこにもいないじゃ<6E5C>ありませんか……あぅぅ,,
dom3Iroha_X02.mes,Script/dom3Iroha_X02.mes,118,8,Mina,……知らないっ,,
dom3Iroha_X02.mes,Script/dom3Iroha_X02.mes,119,4,[효과음/내레이션],プイッ,,
dom3Iroha_X02.mes,Script/dom3Iroha_X02.mes,120,9,Iroha,うう、旦那様……,,
dom3Iroha_X02.mes,Script/dom3Iroha_X02.mes,121,12,주인공,難しい子だな、あの子も,,
dom3Iroha_X02.mes,Script/dom3Iroha_X02.mes,122,30,주인공,いろはが恐がってるじゃないか.<6E5C>そんなににらまないでくれよ,,
dom3Iroha_X02.mes,Script/dom3Iroha_X02.mes,123,9,Mina,でも、その人……,,
dom3Iroha_X02.mes,Script/dom3Iroha_X02.mes,124,35,Iroha,わわ、私がなんだと言うのですか?<6E5C>あやしいところなど、<6E5C>ありません~,,
dom3Iroha_X02.mes,Script/dom3Iroha_X02.mes,125,3,Mina,……,,
dom3Iroha_X02.mes,Script/dom3Iroha_X02.mes,126,52,주인공,ミナ、チャンプルと遊んでいる<6E5C>ところを邪魔したから<6E5C>怒っているのか?<485C>それなら帰るから、許してくれよ?,,
dom3Iroha_X02.mes,Script/dom3Iroha_X02.mes,127,5,UNKNOWN_7b,ミ~ナ~,,
dom3Iroha_X02.mes,Script/dom3Iroha_X02.mes,128,8,Mina,……知らないっ,,
dom3Iroha_X02.mes,Script/dom3Iroha_X02.mes,129,4,[효과음/내레이션],プイッ,,
dom3Iroha_X02.mes,Script/dom3Iroha_X02.mes,130,20,Iroha,あぁ、ありがとうございます、<6E5C>旦那様!,,
dom3Iroha_X02.mes,Script/dom3Iroha_X02.mes,131,13,주인공,ミナはおっかない子だなぁ,,
dom3Iroha_X02.mes,Script/dom3Iroha_X02.mes,132,24,주인공,ここはさっき来たから…….<6E5C>他のところに行くか,,
dom3Iroha_X02.mes,Script/dom3Iroha_X02.mes,133,35,Iroha,今日はたくさん歩きましたね.<6E5C>旦那様とごいっしょできて<6E5C>楽しいです!,,
dom3Iroha_X02.mes,Script/dom3Iroha_X02.mes,134,13,주인공,俺は足がくたくただよ……,,
dom3Iroha_X02.mes,Script/dom3Iroha_X02.mes,135,4,[효과음/내레이션],パラッ,,
dom3Iroha_X02.mes,Script/dom3Iroha_X02.mes,136,15,주인공,……っと、なんだ?……雨か?,,
dom3Iroha_X02.mes,Script/dom3Iroha_X02.mes,137,27,Iroha,まぁ、お洗濯ものを干してるのに!<6E5C>急いで帰らないと!,,
dom3Iroha_X02.mes,Script/dom3Iroha_X02.mes,138,5,[효과음/내레이션],ぴゅうっ,,
dom3Iroha_X02.mes,Script/dom3Iroha_X02.mes,139,30,주인공,おいおい、そんなに走らなくても…<6E5C>…っと、もう閉こえないな,,
dom3Iroha_X02.mes,Script/dom3Iroha_X02.mes,140,34,주인공,しかし、いろはは働き者だな.<6E5C>俺もほんと、<6E5C>見習わないといけないぞ,,
dom3Iroha_X02.mes,Script/dom3Iroha_X02.mes,141,19,주인공,さて、本降りにならないうちに<6E5C>帰るか,,
dom3Iroha_X02.mes,Script/dom3Iroha_X02.mes,142,61,주인공,(いろは……いつも俺の横で笑って<6E5C>くれる、本当に良い子だ)<485C>(そろそろこの、中途半端な関係を<6E5C>やめ、腹をすえないと――),,
dom3Iroha_X02.mes,Script/dom3Iroha_X02.mes,143,8,UNKNOWN_1e,やい、てめぇ!,,
dom3Iroha_X02.mes,Script/dom3Iroha_X02.mes,144,3,주인공,ん?,,
dom3Iroha_X02.mes,Script/dom3Iroha_X02.mes,145,9,주인공,なんだ、狂エ門か,,
dom3Iroha_X02.mes,Script/dom3Iroha_X02.mes,146,33,UNKNOWN_74,てめぇ、旅の途中なんだろ?<6E5C>いつまでこの町に居座る<6E5C>つもりだよ!,,
dom3Iroha_X02.mes,Script/dom3Iroha_X02.mes,147,31,주인공,いつまでいようが俺の勝手だろう.<6E5C>おまえに何か関係あるのか?,,
dom3Iroha_X02.mes,Script/dom3Iroha_X02.mes,148,31,UNKNOWN_74,ウルセェ.<6E5C>だいたいあの女ァ何モンだ?<6E5C>そろそろ吐きやがれ!,,
dom3Iroha_X02.mes,Script/dom3Iroha_X02.mes,149,12,주인공,いろは?何モンもなにも,,
dom3Iroha_X02.mes,Script/dom3Iroha_X02.mes,150,14,UNKNOWN_74,人間じゃねぇぜ、あいつ……,,
dom3Iroha_X02.mes,Script/dom3Iroha_X02.mes,151,5,주인공,はぁ!?,,
dom3Iroha_X02.mes,Script/dom3Iroha_X02.mes,152,58,UNKNOWN_74,見たってヤツがいんだよ<485C>物陰に隠れて、えたいの知れねぇ<6E5C>バケモンに変わっていくところを!<6E5C>テメェ、何飼ってんだよ!,,
dom3Iroha_X02.mes,Script/dom3Iroha_X02.mes,153,27,주인공,バカなことを言うな!<6E5C>なんでいろはがバケモンなんだ!,,
dom3Iroha_X02.mes,Script/dom3Iroha_X02.mes,154,45,UNKNOWN_74,シラ切れんのも今のうちだぜ.<6E5C>何かたくらんでんなら、ただじゃ<6E5C>すまねぇからな!覚えてろ!,,
dom3Iroha_X02.mes,Script/dom3Iroha_X02.mes,155,4,[효과음/내레이션],ダダッ,,
dom3Iroha_X02.mes,Script/dom3Iroha_X02.mes,156,38,주인공,……何をデタラメ言ってるんだ、<6E5C>あいつ.いろはがバケモノ……<6E5C>馬鹿げた話だ,,
dom3Iroha_X02.mes,Script/dom3Iroha_X02.mes,157,29,주인공,(誰かが見たって……そんなの、<6E5C>見間違いに決まっている),,
dom3Iroha_X02.mes,Script/dom3Iroha_X02.mes,158,48,주인공,(いろはは人より変わったかっこう<6E5C>をするから、ちょっとおかしく見え<6E5C>ただけだ.そうに違いない),,
dom3Iroha_X02.mes,Script/dom3Iroha_X02.mes,159,10,UNKNOWN_1e,頭が痛いのですか?,,
dom3Iroha_X02.mes,Script/dom3Iroha_X02.mes,160,12,주인공,わっ!……びっくりした,,
dom3Iroha_X02.mes,Script/dom3Iroha_X02.mes,161,29,Iroha,どうしたのですか.帰ってきてから<6E5C>ずっと、だまりこくって,,
dom3Iroha_X02.mes,Script/dom3Iroha_X02.mes,162,32,주인공,いや、なんでもないよ.……うん、<6E5C>ごはんも食べたし、もう寝よう,,
dom3Iroha_X02.mes,Script/dom3Iroha_X02.mes,163,17,Iroha,はい、お布団ももう敷いてますよ!,,
dom3Iroha_X02.mes,Script/dom3Iroha_X02.mes,164,58,주인공,(あんな根も葉もない話で悩む<6E5C>なんて、どうかしてる)<485C>(いろははどこをどう見ても<6E5C>人間じゃないか.疑うなんて……),,
dom3Iroha_X02.mes,Script/dom3Iroha_X02.mes,165,20,Iroha,どうしたのですか?<6E5C>私の顔をじっと見て,,
dom3Iroha_X02.mes,Script/dom3Iroha_X02.mes,166,8,주인공,う、いや、その,,
dom3Iroha_X02.mes,Script/dom3Iroha_X02.mes,167,10,[선택지],閉いてみる触ってみる,,
dom3Iroha_X02.mes,Script/dom3Iroha_X02.mes,168,15,주인공,いろは……つかぬことを閉くが,,
dom3Iroha_X02.mes,Script/dom3Iroha_X02.mes,169,7,Iroha,なんですか?,,
dom3Iroha_X02.mes,Script/dom3Iroha_X02.mes,170,34,주인공,その……身近に変な生き物など<6E5C>置いてないか?<6E5C>バケモノのような……,,
dom3Iroha_X02.mes,Script/dom3Iroha_X02.mes,171,16,Iroha,バケモノ?どういうことですか?,,
dom3Iroha_X02.mes,Script/dom3Iroha_X02.mes,172,13,주인공,いや、ちょっと気になって,,
dom3Iroha_X02.mes,Script/dom3Iroha_X02.mes,173,3,Iroha,……,,
dom3Iroha_X02.mes,Script/dom3Iroha_X02.mes,174,4,주인공,……?,,
dom3Iroha_X02.mes,Script/dom3Iroha_X02.mes,175,32,Iroha,やめてください!怖い話ですか?<6E5C>私、そういうのダメなんですっ!,,
dom3Iroha_X02.mes,Script/dom3Iroha_X02.mes,176,14,주인공,ごめん、ごめん.悪かったよ,,
dom3Iroha_X02.mes,Script/dom3Iroha_X02.mes,177,19,주인공,(……こりゃ、どう考えても<6E5C>違うな),,
dom3Iroha_X02.mes,Script/dom3Iroha_X02.mes,178,5,[효과음/내레이션],ふにゅっ,,
dom3Iroha_X02.mes,Script/dom3Iroha_X02.mes,179,21,Iroha,きゃっ!な、何をするんですか、<6E5C>旦那様?,,
dom3Iroha_X02.mes,Script/dom3Iroha_X02.mes,180,22,주인공,ちょっとたしかめたいだけだよ.<6E5C>じっとして,,
dom3Iroha_X02.mes,Script/dom3Iroha_X02.mes,181,6,[효과음/내레이션],ふにふにっ,,
dom3Iroha_X02.mes,Script/dom3Iroha_X02.mes,182,25,Iroha,やんっ!そんな、さわっちゃ<6E5C>ダメです、旦那様っ!,,
dom3Iroha_X02.mes,Script/dom3Iroha_X02.mes,183,32,주인공,(やわらかいし、あたたかい……<6E5C>とてもバケモノとは思えないぞ),,
dom3Iroha_X02.mes,Script/dom3Iroha_X02.mes,184,8,[효과음/내레이션],ふにゅふにゅん,,
dom3Iroha_X02.mes,Script/dom3Iroha_X02.mes,185,25,Iroha,きゃっ、きゃっ!<6E5C>も、もうムリです……旦那様ぁ~,,
dom3Iroha_X02.mes,Script/dom3Iroha_X02.mes,186,13,주인공,ごめんごめん、もういいよ,,
dom3Iroha_X02.mes,Script/dom3Iroha_X02.mes,187,34,Iroha,……ふぅ.もぅ、なんでこんなこと<6E5C>なさるんですか?私の体が、何か?,,
dom3Iroha_X02.mes,Script/dom3Iroha_X02.mes,188,15,주인공,なんでもないよ.さ、寝るぞ!,,
dom3Iroha_X02.mes,Script/dom3Iroha_X02.mes,189,6,Iroha,……もぉ!,,
dom3Iroha_X02.mes,Script/dom3Iroha_X02.mes,190,33,주인공,(このあたたかさ、人間以外の何<6E5C>だって言うんだ、バカバカしい!),,
dom3Iroha_X03.mes,Script/dom3Iroha_X03.mes,0,5,[효과음/내레이션],ガバッ!,,
dom3Iroha_X03.mes,Script/dom3Iroha_X03.mes,1,20,주인공,(決めたぞ、<6E5C>俺はいろはと結婚する!),,
dom3Iroha_X03.mes,Script/dom3Iroha_X03.mes,2,32,주인공,(ここまで俺だけに尽くしてくれる<6E5C>女性、他にいるはずがない!),,
dom3Iroha_X03.mes,Script/dom3Iroha_X03.mes,3,48,주인공,(こんなに世話になって、覚悟を<6E5C>決めないでは男ではない!日本一<6E5C>しあわせな夫婦になってやる!),,
dom3Iroha_X03.mes,Script/dom3Iroha_X03.mes,4,55,주인공,(いろはを連れて帰れば……<6E5C>父さんや母さんも喜ぶだろう)<485C>(ふたりなら、どんな困難でも<6E5C>乗り越えられる――),,
dom3Iroha_X03.mes,Script/dom3Iroha_X03.mes,5,15,Iroha,おはようございます、旦那様っ,,
dom3Iroha_X03.mes,Script/dom3Iroha_X03.mes,6,9,주인공,いろは、話が……,,
dom3Iroha_X03.mes,Script/dom3Iroha_X03.mes,7,39,Iroha,ほらほら、雨も上がっていい天気<6E5C>ですよ!掃除をしますから、<6E5C>のいてください!,,
dom3Iroha_X03.mes,Script/dom3Iroha_X03.mes,8,10,주인공,いや、あの話が……,,
dom3Iroha_X03.mes,Script/dom3Iroha_X03.mes,9,25,Iroha,なんですか?お掃除の邪魔を<6E5C>するつもりですか!?,,
dom3Iroha_X03.mes,Script/dom3Iroha_X03.mes,10,20,주인공,ううっ、すでに尻に敷かれてる<6E5C>感じ……,,
dom3Iroha_X03.mes,Script/dom3Iroha_X03.mes,11,40,주인공,いろははまた反物を売りに行って<6E5C>しまった.しかたないから、<6E5C>散歩でもしてくるか,,
dom3Iroha_X03.mes,Script/dom3Iroha_X03.mes,12,25,주인공,その間に、いろはにどう切り出すか<6E5C>を考えよう……,,
dom3Iroha_X03.mes,Script/dom3Iroha_X03.mes,13,19,주인공,うん、ここなら落ちついて<6E5C>考えられる,,
dom3Iroha_X03.mes,Script/dom3Iroha_X03.mes,14,49,주인공,さてと、会った日からいっしょに<6E5C>募らしてるだけに、改めて共に生き<6E5C>ようという言葉は難しいものだな,,
dom3Iroha_X03.mes,Script/dom3Iroha_X03.mes,15,22,UNKNOWN_1e,切り株の上で固まって、<6E5C>どうしたんですか?,,
dom3Iroha_X03.mes,Script/dom3Iroha_X03.mes,16,9,주인공,あ、ナコルル……,,
dom3Iroha_X03.mes,Script/dom3Iroha_X03.mes,17,21,Nakoruru,考え事ですか?<6E5C>頭に小鳥がとまってますよ,,
dom3Iroha_X03.mes,Script/dom3Iroha_X03.mes,18,3,주인공,え?,,
dom3Iroha_X03.mes,Script/dom3Iroha_X03.mes,19,11,[효과음/내레이션],ピヨピヨ、パタタ……,,
dom3Iroha_X03.mes,Script/dom3Iroha_X03.mes,20,4,주인공,あ……,,
dom3Iroha_X03.mes,Script/dom3Iroha_X03.mes,21,52,Nakoruru,フフ、ふしぎですね.<6E5C>動物たちがまったく警戒せず<6E5C>近づいてくる……<485C><이름:3232>さんのあたたかい心の<6E5C>せいです,,
dom3Iroha_X03.mes,Script/dom3Iroha_X03.mes,22,16,주인공,そんなつもりはないんだけどなぁ,,
dom3Iroha_X03.mes,Script/dom3Iroha_X03.mes,23,45,Nakoruru,いつも優しいじゃないですか.<6E5C>はじめて会ったときも、罠に<6E5C>かかった鶴を助けてあげてました,,
dom3Iroha_X03.mes,Script/dom3Iroha_X03.mes,24,44,주인공,そういえば、そんなことあったっけ<6E5C>.はは、ずいぶん昔のことのように<6E5C>思えるよ.懐かしい,,
dom3Iroha_X03.mes,Script/dom3Iroha_X03.mes,25,25,주인공,あの鶴は元気かな.<6E5C>また捕まってなければいいけど,,
dom3Iroha_X03.mes,Script/dom3Iroha_X03.mes,26,35,Nakoruru,とても元気ですよ…….<6E5C>いつも、<이름:3232>さんのことを<6E5C>見つめています……,,
dom3Iroha_X03.mes,Script/dom3Iroha_X03.mes,27,3,주인공,え?,,
dom3Iroha_X03.mes,Script/dom3Iroha_X03.mes,28,6,UNKNOWN_1e,姉様ーっ!,,
dom3Iroha_X03.mes,Script/dom3Iroha_X03.mes,29,11,Nakoruru,どうしたの?リムルル,,
dom3Iroha_X03.mes,Script/dom3Iroha_X03.mes,30,22,UNKNOWN_7e,お話を閉かせてよ!<6E5C>姉様のお話が閉きたーい,,
dom3Iroha_X03.mes,Script/dom3Iroha_X03.mes,31,29,Nakoruru,いきなりねぇ.お話なら、寝る前に<6E5C>いつもしてるでしょう?,,
dom3Iroha_X03.mes,Script/dom3Iroha_X03.mes,32,32,UNKNOWN_7e,今閉きたいの!昨日のつづきは?<6E5C>サロルンカムイのお話をしてよ!,,
dom3Iroha_X03.mes,Script/dom3Iroha_X03.mes,33,11,주인공,さろるん、かむ……?,,
dom3Iroha_X03.mes,Script/dom3Iroha_X03.mes,34,48,Nakoruru,鶴のお話です.神様が鶴に変身して<6E5C>、恵みを与えてくださったという、<6E5C>私の国に昔からあるお話です,,
dom3Iroha_X03.mes,Script/dom3Iroha_X03.mes,35,46,주인공,へぇ.鶴の話ならこっちにもあるよ<6E5C>.助けた鶴が人間に変身して、<6E5C>恩返しをするという……ん?,,
dom3Iroha_X03.mes,Script/dom3Iroha_X03.mes,36,10,Nakoruru,どうしたんですか?,,
dom3Iroha_X03.mes,Script/dom3Iroha_X03.mes,37,5,주인공,いや……,,
dom3Iroha_X03.mes,Script/dom3Iroha_X03.mes,38,43,Nakoruru,……ふふ.<이름:3232>さんが助けた<6E5C>鶴も、はりきって恩返しをしてる<6E5C>最中じゃないでしょうか?,,
dom3Iroha_X03.mes,Script/dom3Iroha_X03.mes,39,3,주인공,……,,
dom3Iroha_X03.mes,Script/dom3Iroha_X03.mes,40,24,주인공,……正直に言えば、前から薄々は<6E5C>思っていたのだ,,
dom3Iroha_X03.mes,Script/dom3Iroha_X03.mes,41,27,주인공,いろはって実は、あの日助けた<6E5C>鶴なんじゃないのか!?,,
dom3Iroha_X03.mes,Script/dom3Iroha_X03.mes,42,58,주인공,いやいやいや、<6E5C>そんなバカな話があるか<485C>それじゃ御伽嘴のまんまだ.<6E5C>お約束にもほどがある.<6E5C>物事を単純に考えすぎだ,,
dom3Iroha_X03.mes,Script/dom3Iroha_X03.mes,43,51,주인공,しかし、たびたび見る鶴やいろはの<6E5C>言動、織物……<485C>いろはは……いろはは……<6E5C>本当は人間じゃないのか?,,
dom3Iroha_X03.mes,Script/dom3Iroha_X03.mes,44,57,주인공,(だとしたらどうしたらいいのだ.<6E5C>結婚なんて不可能じゃないか!)<485C>(鶴相手に結婚の言葉を<6E5C>考えていたなんて……),,
dom3Iroha_X03.mes,Script/dom3Iroha_X03.mes,45,8,[효과음/내레이션],バサバサバサッ,,
dom3Iroha_X03.mes,Script/dom3Iroha_X03.mes,46,7,[효과음/내레이션],キィーーッ!,,
dom3Iroha_X03.mes,Script/dom3Iroha_X03.mes,47,14,주인공,あ!あれはあのときの……!,,
dom3Iroha_X03.mes,Script/dom3Iroha_X03.mes,48,12,[선택지],鶴を眺める鶴を追いかける,,
dom3Iroha_X03.mes,Script/dom3Iroha_X03.mes,49,3,주인공,……,,
dom3Iroha_X03.mes,Script/dom3Iroha_X03.mes,50,7,[효과음/내레이션],キィーー……,,
dom3Iroha_X03.mes,Script/dom3Iroha_X03.mes,51,13,주인공,……飛んでいってしまった,,
dom3Iroha_X03.mes,Script/dom3Iroha_X03.mes,52,46,주인공,あっちは、我が家の方向…….<6E5C>遠くて見えなかったけど、片足が<6E5C>白かった.あれは、包帯……?,,
dom3Iroha_X03.mes,Script/dom3Iroha_X03.mes,53,13,주인공,やっぱり、そうなのか……,,
dom3Iroha_X03.mes,Script/dom3Iroha_X03.mes,54,10,주인공,ま、まさかあれが!,,
dom3Iroha_X03.mes,Script/dom3Iroha_X03.mes,55,3,[효과음/내레이션],ダッ,,
dom3Iroha_X03.mes,Script/dom3Iroha_X03.mes,56,20,주인공,もしそうなら、<6E5C>この目で確かめないと!,,
dom3Iroha_X03.mes,Script/dom3Iroha_X03.mes,57,5,[효과음/내레이션],ダダダッ,,
dom3Iroha_X03.mes,Script/dom3Iroha_X03.mes,58,4,[효과음/내레이션],ズルッ,,
dom3Iroha_X03.mes,Script/dom3Iroha_X03.mes,59,7,[효과음/내레이션],ズッテーン!,,
dom3Iroha_X03.mes,Script/dom3Iroha_X03.mes,60,5,주인공,ぐあっ!,,
dom3Iroha_X03.mes,Script/dom3Iroha_X03.mes,61,14,주인공,……くそ、見失ってしまった,,
dom3Iroha_X03.mes,Script/dom3Iroha_X03.mes,62,6,[효과음/내레이션],ダダダダッ,,
dom3Iroha_X03.mes,Script/dom3Iroha_X03.mes,63,4,[효과음/내레이션],ガラッ,,
dom3Iroha_X03.mes,Script/dom3Iroha_X03.mes,64,5,주인공,いろは!,,
dom3Iroha_X03.mes,Script/dom3Iroha_X03.mes,65,28,Iroha,きゃー!旦那様、着替え中ですよ!<6E5C>早く閉めてください!,,
dom3Iroha_X03.mes,Script/dom3Iroha_X03.mes,66,6,[효과음/내레이션],バッコーン,,
dom3Iroha_X03.mes,Script/dom3Iroha_X03.mes,67,6,[효과음/내레이션],ピシャッ!,,
dom3Iroha_X03.mes,Script/dom3Iroha_X03.mes,68,21,주인공,う、いてて…….<6E5C>いろは!出てきてくれ!,,
dom3Iroha_X03.mes,Script/dom3Iroha_X03.mes,69,11,Iroha,どういうことですか?,,
dom3Iroha_X03.mes,Script/dom3Iroha_X03.mes,70,33,주인공,いろはの本当の姿が見たいんだ!<6E5C>たのむから俺にすべて見せてくれ!,,
dom3Iroha_X03.mes,Script/dom3Iroha_X03.mes,71,5,Iroha,……え?,,
dom3Iroha_X03.mes,Script/dom3Iroha_X03.mes,72,3,[효과음/내레이션],スッ,,
dom3Iroha_X03.mes,Script/dom3Iroha_X03.mes,73,13,Iroha,……どういうことですか?,,
dom3Iroha_X03.mes,Script/dom3Iroha_X03.mes,74,24,주인공,もう俺に隠し事はナシだ.<6E5C>包み隠さず話してくれ,,
dom3Iroha_X03.mes,Script/dom3Iroha_X03.mes,75,8,Iroha,何のことです?,,
dom3Iroha_X03.mes,Script/dom3Iroha_X03.mes,76,25,주인공,いろはのことだよ.<6E5C>いろはの本当の姿を見たいんだ,,
dom3Iroha_X03.mes,Script/dom3Iroha_X03.mes,77,22,Iroha,……な、何をおっしゃってるのか、<6E5C>さっぱり,,
dom3Iroha_X03.mes,Script/dom3Iroha_X03.mes,78,49,주인공,……いろははいつも、俺に機を織る<6E5C>姿を見せないし、内緒で出かけたり<6E5C>するだろう.どうしてなんだ?,,
dom3Iroha_X03.mes,Script/dom3Iroha_X03.mes,79,31,Iroha,それは……旦那様にお見せするよう<6E5C>なものではありませんし……,,
dom3Iroha_X03.mes,Script/dom3Iroha_X03.mes,80,35,주인공,恩って何なんだ?いったい、<6E5C>何の恩を返すために俺の世話を<6E5C>してるんだ,,
dom3Iroha_X03.mes,Script/dom3Iroha_X03.mes,81,12,Iroha,それは……私の命を……,,
dom3Iroha_X03.mes,Script/dom3Iroha_X03.mes,82,43,주인공,そんな覚えはない!少なくとも、<6E5C>今目の前にいる人間の命を救った<6E5C>覚えは、俺にはない!,,
dom3Iroha_X03.mes,Script/dom3Iroha_X03.mes,83,3,Iroha,……,,
dom3Iroha_X03.mes,Script/dom3Iroha_X03.mes,84,67,주인공,いつどこで、俺はいろはを<6E5C>救ったんだ?<485C>俺もこの町に滞在するために、<6E5C>それを閉かず今まで過ごしてきたが<6E5C>……このままではいけないんだ,,
dom3Iroha_X03.mes,Script/dom3Iroha_X03.mes,85,25,주인공,はっきりと教えてくれ.<6E5C>俺はどこで君と出会った?,,
dom3Iroha_X03.mes,Script/dom3Iroha_X03.mes,86,9,Iroha,それは、その……,,
dom3Iroha_X03.mes,Script/dom3Iroha_X03.mes,87,58,주인공,どうして言えないんだ.<6E5C>言えなくはないだろう<485C>俺といろはが募らしだした、<6E5C>大事なきっかけだ.<6E5C>ちゃんと教えてくれよ,,
dom3Iroha_X03.mes,Script/dom3Iroha_X03.mes,88,7,Iroha,あぅ、う……,,
dom3Iroha_X03.mes,Script/dom3Iroha_X03.mes,89,3,주인공,……,,
dom3Iroha_X03.mes,Script/dom3Iroha_X03.mes,90,12,주인공,やっぱり、いろはは……,,
dom3Iroha_X03.mes,Script/dom3Iroha_X03.mes,91,5,Iroha,旦那様!,,
dom3Iroha_X03.mes,Script/dom3Iroha_X03.mes,92,11,주인공,もういい!わかった!,,
dom3Iroha_X03.mes,Script/dom3Iroha_X03.mes,93,3,[효과음/내레이션],ダッ,,
dom3Iroha_X03.mes,Script/dom3Iroha_X03.mes,94,6,Iroha,旦那様ぁ!,,
dom3Iroha_X03.mes,Script/dom3Iroha_X03.mes,95,37,주인공,(そんな、俺は今まで鶴の世話で、<6E5C>この町に居座っていたと<6E5C>いうのか……),,
dom3Iroha_X03.mes,Script/dom3Iroha_X03.mes,96,46,주인공,(なんと滑稽なんだ!こんなのは<6E5C>御伽嘴じゃない.ただの笑い話だ!<6E5C>とんだお笑い種だ……!),,
dom3Iroha_X03.mes,Script/dom3Iroha_X03.mes,97,12,주인공,……家が、なくなったな,,
dom3Iroha_X03.mes,Script/dom3Iroha_X03.mes,98,56,주인공,いや、もともと俺には家など<6E5C>なかったのだ<485C>なんてことはない、<6E5C>元に戻っただけだ.<6E5C>だから、落ち込む必要など……,,
dom3Iroha_X03.mes,Script/dom3Iroha_X03.mes,99,58,주인공,……いろは、どうして空から降り、<6E5C>狭い部屋での生活を選んだ<485C>俺など気にせず、大空を飛び続けて<6E5C>いればいいものを……,,
dom3Iroha_X04.mes,Script/dom3Iroha_X04.mes,0,52,Shino,さーて、今日もはりきって<6E5C>働くわよ!<485C>かわいいお客さんに、お袋の味と<6E5C>あたいの美貌をふりまかないとね!,,
dom3Iroha_X04.mes,Script/dom3Iroha_X04.mes,1,51,Shino,やだ、誰かしらこんなところに<6E5C>ゴミを捨てた人……<485C>たっく、店の前に失礼しちゃうわ.<6E5C>どっこらしょ……,,
dom3Iroha_X04.mes,Script/dom3Iroha_X04.mes,2,4,주인공,う……,,
dom3Iroha_X04.mes,Script/dom3Iroha_X04.mes,3,41,Shino,きゃああ!ゴミかと思ったら<6E5C><이름:3232>さん!?どうしたの、<6E5C>こんなところで膝を抱えて!,,
dom3Iroha_X04.mes,Script/dom3Iroha_X04.mes,4,8,주인공,う……腹が……,,
dom3Iroha_X04.mes,Script/dom3Iroha_X04.mes,5,30,Shino,ちょっと、しっかりしなさいよ!<6E5C>もう、しょうがないわねぇ!,,
dom3Iroha_X04.mes,Script/dom3Iroha_X04.mes,6,8,[효과음/내레이션],ガツガツガツッ,,
dom3Iroha_X04.mes,Script/dom3Iroha_X04.mes,7,34,Shino,……はぁ、<6E5C>まるで犬みたいな食べっぷりね.<6E5C>もっと落ち着きなさいよ,,
dom3Iroha_X04.mes,Script/dom3Iroha_X04.mes,8,12,주인공,ゲホゲホッ!……ごめん,,
dom3Iroha_X04.mes,Script/dom3Iroha_X04.mes,9,55,Shino,で、何があったの?<이름:3232>さん、<6E5C>きれいな女の人とふたりで<6E5C>募らしてなかった?<485C>ケンカして追い出されちゃったの?,,
dom3Iroha_X04.mes,Script/dom3Iroha_X04.mes,10,16,주인공,違うよ……俺が出ていったんだよ,,
dom3Iroha_X04.mes,Script/dom3Iroha_X04.mes,11,21,Shino,見栄はっちゃって!<6E5C>どんなケンカしたの?,,
dom3Iroha_X04.mes,Script/dom3Iroha_X04.mes,12,8,주인공,……言えないよ,,
dom3Iroha_X04.mes,Script/dom3Iroha_X04.mes,13,35,Shino,やらしいわねぇ.<6E5C>どうしても許せないことなの?<6E5C>もう戻らないつもり?,,
dom3Iroha_X04.mes,Script/dom3Iroha_X04.mes,14,9,[선택지],戻らない戻るつもり,,
dom3Iroha_X04.mes,Script/dom3Iroha_X04.mes,15,16,주인공,もう、戻らないよ.戻れないんだ,,
dom3Iroha_X04.mes,Script/dom3Iroha_X04.mes,16,48,Shino,強がり言ってんじゃないわよ!<6E5C>戻りたい気持ちがあるから、まだこ<6E5C>の町でうずくまってるんでしょ?,,
dom3Iroha_X04.mes,Script/dom3Iroha_X04.mes,17,4,주인공,ううっ,,
dom3Iroha_X04.mes,Script/dom3Iroha_X04.mes,18,56,Shino,素直になりなさいよ.<6E5C>強がっても、あとで悲しむのは<6E5C>自分なのよ<485C>こういうときは、相手ととことん<6E5C>話し合わないと,,
dom3Iroha_X04.mes,Script/dom3Iroha_X04.mes,19,3,주인공,……,,
dom3Iroha_X04.mes,Script/dom3Iroha_X04.mes,20,42,Shino,ほら、今日は詩乃さんのおごりに<6E5C>してあげるから、行った行った!<6E5C>うまくやるんだよ!,,
dom3Iroha_X04.mes,Script/dom3Iroha_X04.mes,21,38,주인공,……話し合うも何も、いろはが<6E5C>何も話そうとしないのに、<6E5C>どうしたらいいんだ,,
dom3Iroha_X04.mes,Script/dom3Iroha_X04.mes,22,23,주인공,話し合いで解決できる問題じゃ<6E5C>ないんだよ……,,
dom3Iroha_X04.mes,Script/dom3Iroha_X04.mes,23,14,주인공,いや、戻るつもりだけど……,,
dom3Iroha_X04.mes,Script/dom3Iroha_X04.mes,24,34,Shino,呆れた!<6E5C>じゃあ、こんなとこにいないで<6E5C>さっさと家に帰りなさいよ!,,
dom3Iroha_X04.mes,Script/dom3Iroha_X04.mes,25,20,주인공,そんなあっさり帰れたら、<6E5C>苦労しないよ,,
dom3Iroha_X04.mes,Script/dom3Iroha_X04.mes,26,46,Shino,悩んでるヒマがあったら行動しな<6E5C>さい!仲直りしたら、今日のお代は<6E5C>ちゃんともらうからねっ!,,
dom3Iroha_X04.mes,Script/dom3Iroha_X04.mes,27,44,주인공,……仲直りって、どうしようも<6E5C>ないんだよ、人間と鶴じゃ.<6E5C>どうしたって、相容れないんだ,,
dom3Iroha_X04.mes,Script/dom3Iroha_X04.mes,28,43,주인공,(はぁ、やっぱり戻れないよ.<6E5C>どうせ結ばれぬ仲なら、ここで<6E5C>あきらめた方がいいんだ),,
dom3Iroha_X04.mes,Script/dom3Iroha_X04.mes,29,24,주인공,(今ならまだ、<6E5C>いろはのことは忘れられる……),,
dom3Iroha_X04.mes,Script/dom3Iroha_X04.mes,30,3,UNKNOWN_1e,う~,,
dom3Iroha_X04.mes,Script/dom3Iroha_X04.mes,31,6,[효과음/내레이션],ガサガサッ,,
dom3Iroha_X04.mes,Script/dom3Iroha_X04.mes,32,20,주인공,なんだ!?<6E5C>……あ、この珍妙な生き物は,,
dom3Iroha_X04.mes,Script/dom3Iroha_X04.mes,33,24,UNKNOWN_1e,チャンプル……あまり遠くへ<6E5C>行ってはダメよ……,,
dom3Iroha_X04.mes,Script/dom3Iroha_X04.mes,34,4,[효과음/내레이션],ガサッ,,
dom3Iroha_X04.mes,Script/dom3Iroha_X04.mes,35,2,Mina,!,,
dom3Iroha_X04.mes,Script/dom3Iroha_X04.mes,36,28,주인공,そんな恐い顔をしないでくれ.<6E5C>ふたりの邪魔はしないから,,
dom3Iroha_X04.mes,Script/dom3Iroha_X04.mes,37,5,UNKNOWN_7b,ミーナー,,
dom3Iroha_X04.mes,Script/dom3Iroha_X04.mes,38,24,Mina,うん、チャンプル……わたしは<6E5C>だいじょうぶ……,,
dom3Iroha_X04.mes,Script/dom3Iroha_X04.mes,39,38,주인공,……ふたりは仲がいいな.<6E5C>チャンプルはよかったな、<6E5C>いいご主人様に飼われて,,
dom3Iroha_X04.mes,Script/dom3Iroha_X04.mes,40,2,Mina,!,,
dom3Iroha_X04.mes,Script/dom3Iroha_X04.mes,41,17,주인공,な、なんでそんな目をするんだ……,,
dom3Iroha_X04.mes,Script/dom3Iroha_X04.mes,42,30,Mina,チャンプルは飼ってるんじゃない.<6E5C>わたしの、唯一の友達……,,
dom3Iroha_X04.mes,Script/dom3Iroha_X04.mes,43,5,주인공,友達……,,
dom3Iroha_X04.mes,Script/dom3Iroha_X04.mes,44,32,Mina,ううん、ひとりぼっちのわたしには<6E5C>、友達以上……家族以上の存在,,
dom3Iroha_X04.mes,Script/dom3Iroha_X04.mes,45,13,주인공,そんな、話も通じないのに,,
dom3Iroha_X04.mes,Script/dom3Iroha_X04.mes,46,47,Mina,チャンプルの言うことならなんでも<6E5C>わかる…….チャンプルも、わたし<6E5C>の言葉はすべてわかる……,,
dom3Iroha_X04.mes,Script/dom3Iroha_X04.mes,47,12,주인공,でも、チャンプルは……,,
dom3Iroha_X04.mes,Script/dom3Iroha_X04.mes,48,49,Mina,チャンプルはシーサー……わたしは<6E5C>人間.だけど、気持ちはずっといっ<6E5C>しょ.これからも、ずっと……,,
dom3Iroha_X04.mes,Script/dom3Iroha_X04.mes,49,4,UNKNOWN_7b,しち~,,
dom3Iroha_X04.mes,Script/dom3Iroha_X04.mes,50,3,주인공,……,,
dom3Iroha_X04.mes,Script/dom3Iroha_X04.mes,51,4,[효과음/내레이션],ダダッ,,
dom3Iroha_X04.mes,Script/dom3Iroha_X04.mes,52,28,Nakoruru,まぁ、<이름:3232>さん.<6E5C>今日も険しい顔でどうしたの<6E5C>ですか?,,
dom3Iroha_X04.mes,Script/dom3Iroha_X04.mes,53,33,주인공,ナコルルは鷹のママハハと仲がいい<6E5C>よね.やっぱり特別な存在なの?,,
dom3Iroha_X04.mes,Script/dom3Iroha_X04.mes,54,55,Nakoruru,ママハハですか?<485C>もちろん仲もよいですけれど、<6E5C>同じ使命で結ばれているので、<6E5C>友達というよりは同志でしょうか,,
dom3Iroha_X04.mes,Script/dom3Iroha_X04.mes,55,14,주인공,鷹なのに?不便じゃないの?,,
dom3Iroha_X04.mes,Script/dom3Iroha_X04.mes,56,27,Nakoruru,便利とか不便とか、<6E5C>そういう目で同志を見たりしません,,
dom3Iroha_X04.mes,Script/dom3Iroha_X04.mes,57,9,주인공,う、いや、そうか,,
dom3Iroha_X04.mes,Script/dom3Iroha_X04.mes,58,14,Nakoruru,……何か、あったのですか?,,
dom3Iroha_X04.mes,Script/dom3Iroha_X04.mes,59,3,주인공,……,,
dom3Iroha_X04.mes,Script/dom3Iroha_X04.mes,60,28,Nakoruru,……わたしの知る忍者さんに、<6E5C>犬とともに闘う人がいます,,
dom3Iroha_X04.mes,Script/dom3Iroha_X04.mes,61,40,Nakoruru,何をするにもいっしょで、きっと<6E5C>どちらかが欠けては存在し得ない<6E5C>仲なのでしょう,,
dom3Iroha_X04.mes,Script/dom3Iroha_X04.mes,62,23,주인공,……人間だったらいいと思ったこと<6E5C>はないか?,,
dom3Iroha_X04.mes,Script/dom3Iroha_X04.mes,63,3,Nakoruru,……,,
dom3Iroha_X04.mes,Script/dom3Iroha_X04.mes,64,3,주인공,……,,
dom3Iroha_X04.mes,Script/dom3Iroha_X04.mes,65,22,Nakoruru,……ふふっ、考えたことも<6E5C>ありませんでした,,
dom3Iroha_X04.mes,Script/dom3Iroha_X04.mes,66,38,주인공,(……俺の悩んでいることなど、<6E5C>皆にとっては取るに足らない<6E5C>ことなのか?),,
dom3Iroha_X04.mes,Script/dom3Iroha_X04.mes,67,40,주인공,(人間だろうが鶴だろうが、<6E5C>共に生きるには関係ないと?<6E5C>しかし、それでは……),,
dom3Iroha_X04.mes,Script/dom3Iroha_X04.mes,68,3,[효과음/내레이션],……,,
dom3Iroha_X04.mes,Script/dom3Iroha_X04.mes,69,19,주인공,(……それで何が困るというのだ!<6E5C>),,
dom3Iroha_X04.mes,Script/dom3Iroha_X04.mes,70,46,주인공,(いろははあの通り、俺を慕い、<6E5C>尽くし、話しかけてくれる!<6E5C>俺もそれに応えることができる),,
dom3Iroha_X04.mes,Script/dom3Iroha_X04.mes,71,69,주인공,(それだけで十分じゃないか!<6E5C>ふたりが募らすのに何の<6E5C>問題もない!)<485C>(俺といろはの気持ちさえあれば、<6E5C>いくらでもいっしょにいられる!),,
dom3Iroha_X04.mes,Script/dom3Iroha_X04.mes,72,11,주인공,(俺はいろはを――),,
dom3Iroha_X04.mes,Script/dom3Iroha_X04.mes,73,8,[선택지],愛している好きだ,,
dom3Iroha_X04.mes,Script/dom3Iroha_X04.mes,74,24,주인공,(愛している!<6E5C>大事なのはこの気持ちだけだ!),,
dom3Iroha_X04.mes,Script/dom3Iroha_X04.mes,75,6,[효과음/내레이션],ピィーッ!,,
dom3Iroha_X04.mes,Script/dom3Iroha_X04.mes,76,9,주인공,あ……ママハハ!,,
dom3Iroha_X04.mes,Script/dom3Iroha_X04.mes,77,5,UNKNOWN_79,ピィ~!,,
dom3Iroha_X04.mes,Script/dom3Iroha_X04.mes,78,45,주인공,……ありがとう.俺、ママハハと<6E5C>ナコルルみたいな、お互いを<6E5C>支えあう仲になってみせるよ!,,
dom3Iroha_X04.mes,Script/dom3Iroha_X04.mes,79,5,UNKNOWN_79,ピィッ!,,
dom3Iroha_X04.mes,Script/dom3Iroha_X04.mes,80,32,주인공,(好きだ!この気持ちがあれば<6E5C>どんなことでも乗り越えられる!),,
dom3Iroha_X04.mes,Script/dom3Iroha_X04.mes,81,5,UNKNOWN_1e,あふぁー,,
dom3Iroha_X04.mes,Script/dom3Iroha_X04.mes,82,14,주인공,あ、あれは……チャンプル?,,
dom3Iroha_X04.mes,Script/dom3Iroha_X04.mes,83,5,UNKNOWN_7b,おぱ~い,,
dom3Iroha_X04.mes,Script/dom3Iroha_X04.mes,84,31,주인공,そうか、俺を応援してくれてるの<6E5C>だな.ありがと、チャンプル!,,
dom3Iroha_X04.mes,Script/dom3Iroha_X04.mes,85,3,UNKNOWN_7b,う~,,
dom3Iroha_X04.mes,Script/dom3Iroha_X04.mes,86,4,[효과음/내레이션],バンッ,,
dom3Iroha_X04.mes,Script/dom3Iroha_X04.mes,87,26,주인공,いろは、帰ったぞ!<6E5C>さみしい思いをさせてごめんよ!,,
dom3Iroha_X04.mes,Script/dom3Iroha_X04.mes,88,35,주인공,俺、やっとわかったんだ.<6E5C>求め合う気持ちに、<6E5C>種別なんて関係ないって,,
dom3Iroha_X04.mes,Script/dom3Iroha_X04.mes,89,42,주인공,だからいろはも、もう俺に隠したり<6E5C>せず…….あれ?いないな.<6E5C>もう寝てるのかな……,,
dom3Iroha_X04.mes,Script/dom3Iroha_X04.mes,90,4,[효과음/내레이션],ガラッ,,
dom3Iroha_X04.mes,Script/dom3Iroha_X04.mes,91,34,주인공,部屋にもいない.どうしたんだろう<6E5C>.まさか、俺を探しにどこかへ……,,
dom3Iroha_X04.mes,Script/dom3Iroha_X04.mes,92,4,[효과음/내레이션],カサッ,,
dom3Iroha_X04.mes,Script/dom3Iroha_X04.mes,93,14,주인공,ん?なんだ、この白いの……,,
dom3Iroha_X04.mes,Script/dom3Iroha_X04.mes,94,40,주인공,これは、いろはがいつも頭につけて<6E5C>る布っきれだ.なんでこんなとこに<6E5C>落ちて……,,
dom3Iroha_X04.mes,Script/dom3Iroha_X04.mes,95,9,주인공,!!<020A>この紙はっ,,
dom3Iroha_X04.mes,Script/dom3Iroha_X04.mes,96,47,[효과음/내레이션],――女を返してほしくば、明日の昼<6E5C>、反物を全て持って山の裏の破れ屋<6E5C>まで来るべし――ユガ――,,
dom3Iroha_X04.mes,Script/dom3Iroha_X04.mes,97,24,주인공,そんな、やっと帰って来たのに……<6E5C>いろはっ!!,,
dom3Iroha_X05.mes,Script/dom3Iroha_X05.mes,0,4,[효과음/내레이션],バンッ,,
dom3Iroha_X05.mes,Script/dom3Iroha_X05.mes,1,8,주인공,覇王丸さんっ!,,
dom3Iroha_X05.mes,Script/dom3Iroha_X05.mes,2,24,UNKNOWN_75,おお、なんでぇ、おどかして.<6E5C><이름:3232>じゃねぇえか,,
dom3Iroha_X05.mes,Script/dom3Iroha_X05.mes,3,17,[선택지],ワザをかけてください勇気をください,,
dom3Iroha_X05.mes,Script/dom3Iroha_X05.mes,4,16,주인공,俺に何かワザをかけてください!,,
dom3Iroha_X05.mes,Script/dom3Iroha_X05.mes,5,15,UNKNOWN_75,はぁ?いきなり何言ってんだい,,
dom3Iroha_X05.mes,Script/dom3Iroha_X05.mes,6,40,주인공,とにかく今、覇王丸さんのワザを<6E5C>全身で受けたいんです.<6E5C>よろしくお願いします!,,
dom3Iroha_X05.mes,Script/dom3Iroha_X05.mes,7,47,UNKNOWN_75,じ、事情はよくわからねぇが、<6E5C>意気込みだけはわかった.じゃ、<6E5C>お望みどおり、くらわしてやるよ,,
dom3Iroha_X05.mes,Script/dom3Iroha_X05.mes,8,5,주인공,はいっ!,,
dom3Iroha_X05.mes,Script/dom3Iroha_X05.mes,9,8,UNKNOWN_75,疾風弧月斬!!,,
dom3Iroha_X05.mes,Script/dom3Iroha_X05.mes,10,6,[효과음/내레이션],グアンッ!,,
dom3Iroha_X05.mes,Script/dom3Iroha_X05.mes,11,8,주인공,うああああっ!,,
dom3Iroha_X05.mes,Script/dom3Iroha_X05.mes,12,15,UNKNOWN_75,どうだ?何かすっきりしたか?,,
dom3Iroha_X05.mes,Script/dom3Iroha_X05.mes,13,20,주인공,は……はい!<6E5C>ありがとうございますっ!,,
dom3Iroha_X05.mes,Script/dom3Iroha_X05.mes,14,11,주인공,俺に勇気をください!,,
dom3Iroha_X05.mes,Script/dom3Iroha_X05.mes,15,15,UNKNOWN_75,はぁ?いきなり何言ってんだい,,
dom3Iroha_X05.mes,Script/dom3Iroha_X05.mes,16,36,주인공,とにかく今、覇王丸さんの<6E5C>ありあまる勇気が必要なんです!<6E5C>お願いします,,
dom3Iroha_X05.mes,Script/dom3Iroha_X05.mes,17,45,UNKNOWN_75,じ、事情はよくわからねぇが、<6E5C>意気込みだけはわかった.じゃ、<6E5C>お望みどおり、わけてやるよ,,
dom3Iroha_X05.mes,Script/dom3Iroha_X05.mes,18,5,주인공,はいっ!,,
dom3Iroha_X05.mes,Script/dom3Iroha_X05.mes,19,6,UNKNOWN_75,どりゃっ!,,
dom3Iroha_X05.mes,Script/dom3Iroha_X05.mes,20,8,[효과음/내레이션],バチーーンッ!,,
dom3Iroha_X05.mes,Script/dom3Iroha_X05.mes,21,8,주인공,いてぇぇぇっ!,,
dom3Iroha_X05.mes,Script/dom3Iroha_X05.mes,22,15,UNKNOWN_75,どうだ?何かすっきりしたか?,,
dom3Iroha_X05.mes,Script/dom3Iroha_X05.mes,23,20,주인공,は……はい!<6E5C>ありがとうございますっ!,,
dom3Iroha_X05.mes,Script/dom3Iroha_X05.mes,24,4,[효과음/내레이션],バンッ,,
dom3Iroha_X05.mes,Script/dom3Iroha_X05.mes,25,7,주인공,右京さんっ!,,
dom3Iroha_X05.mes,Script/dom3Iroha_X05.mes,26,12,Ukyo,どうした……<이름:3232>殿……,,
dom3Iroha_X05.mes,Script/dom3Iroha_X05.mes,27,18,[선택지],ワザをかけてください優しさをください,,
dom3Iroha_X05.mes,Script/dom3Iroha_X05.mes,28,16,주인공,俺に何かワザをかけてください!,,
dom3Iroha_X05.mes,Script/dom3Iroha_X05.mes,29,4,Ukyo,……?,,
dom3Iroha_X05.mes,Script/dom3Iroha_X05.mes,30,55,주인공,とにかく今、右京さんのワザを<6E5C>全身で受けたいんです<485C>右京さんは居合いの達人でしょう?<6E5C>よろしくお願いします!,,
dom3Iroha_X05.mes,Script/dom3Iroha_X05.mes,31,10,Ukyo,……??<020A>……承知,,
dom3Iroha_X05.mes,Script/dom3Iroha_X05.mes,32,5,주인공,はいっ!,,
dom3Iroha_X05.mes,Script/dom3Iroha_X05.mes,33,11,Ukyo,秘剣 ツバメがえし!,,
dom3Iroha_X05.mes,Script/dom3Iroha_X05.mes,34,5,[효과음/내레이션],ザンッ!,,
dom3Iroha_X05.mes,Script/dom3Iroha_X05.mes,35,8,주인공,うああああっ!,,
dom3Iroha_X05.mes,Script/dom3Iroha_X05.mes,36,11,Ukyo,……これで、よいか?,,
dom3Iroha_X05.mes,Script/dom3Iroha_X05.mes,37,16,주인공,はい!ありがとうございますっ!,,
dom3Iroha_X05.mes,Script/dom3Iroha_X05.mes,38,12,주인공,俺に優しさをください!,,
dom3Iroha_X05.mes,Script/dom3Iroha_X05.mes,39,4,Ukyo,……?,,
dom3Iroha_X05.mes,Script/dom3Iroha_X05.mes,40,38,주인공,とにかく今、右京さんの優しさが<6E5C>俺に必要なんです.<6E5C>よろしくお願いします!,,
dom3Iroha_X05.mes,Script/dom3Iroha_X05.mes,41,10,Ukyo,……??<020A>……承知,,
dom3Iroha_X05.mes,Script/dom3Iroha_X05.mes,42,27,Ukyo,ちりてのち<6E5C>寺のざらす者の<6E5C>寺悲しさよ<6E5C>寺<020A><020A><020A>右京,,
dom3Iroha_X05.mes,Script/dom3Iroha_X05.mes,43,10,주인공,……う、悲しい詩だ,,
dom3Iroha_X05.mes,Script/dom3Iroha_X05.mes,44,11,Ukyo,……これで、よいか?,,
dom3Iroha_X05.mes,Script/dom3Iroha_X05.mes,45,16,주인공,はい!ありがとうございますっ!,,
dom3Iroha_X05.mes,Script/dom3Iroha_X05.mes,46,3,[효과음/내레이션],ダッ,,
dom3Iroha_X05.mes,Script/dom3Iroha_X05.mes,47,8,주인공,幻十郎さんっ!,,
dom3Iroha_X05.mes,Script/dom3Iroha_X05.mes,48,13,UNKNOWN_77,……カスが、俺に何の用だ,,
dom3Iroha_X05.mes,Script/dom3Iroha_X05.mes,49,10,주인공,俺に何かワザをかけ,,
dom3Iroha_X05.mes,Script/dom3Iroha_X05.mes,50,5,[효과음/내레이션],ざくぅ!,,
dom3Iroha_X05.mes,Script/dom3Iroha_X05.mes,51,8,주인공,ぐああああっ!,,
dom3Iroha_X05.mes,Script/dom3Iroha_X05.mes,52,16,UNKNOWN_77,乞われるまでもなく、斬ってやる,,
dom3Iroha_X05.mes,Script/dom3Iroha_X05.mes,53,26,주인공,き、斬りすぎ…….<6E5C>しかし、血が燃えてきたぞ……!,,
dom3Iroha_X05.mes,Script/dom3Iroha_X05.mes,54,37,주인공,(俺は頭で悩みすぎだ!<6E5C>あれこれ悩むより、<6E5C>打たれた方がすっきりする!),,
dom3Iroha_X05.mes,Script/dom3Iroha_X05.mes,55,37,주인공,(迷わずいろはを救いに行くぞ!<6E5C>たとえ命を落とすことに<6E5C>なっても……!),,
dom3Iroha_X05.mes,Script/dom3Iroha_X05.mes,56,10,UNKNOWN_1e,……助けに行くの?,,
dom3Iroha_X05.mes,Script/dom3Iroha_X05.mes,57,7,주인공,あ、ミナ……,,
dom3Iroha_X05.mes,Script/dom3Iroha_X05.mes,58,21,Mina,わたしには関係ない……けど、<6E5C>がんばって,,
dom3Iroha_X05.mes,Script/dom3Iroha_X05.mes,59,48,주인공,……ありがとう!<6E5C>昨日はごめんよ、<6E5C>失礼なこと言って<485C>ミナとチャンプルの絆、<6E5C>よくわかったよ!,,
dom3Iroha_X05.mes,Script/dom3Iroha_X05.mes,60,19,Mina,うん…….<6E5C>言葉も形も、関係ない……,,
dom3Iroha_X05.mes,Script/dom3Iroha_X05.mes,61,35,주인공,ああ!<6E5C>俺もミナとチャンプルみたいに、<6E5C>けっして離れない仲になるよ!,,
dom3Iroha_X05.mes,Script/dom3Iroha_X05.mes,62,23,Mina,うん…….<6E5C>ずっといっしょに、いてあげて……,,
dom3Iroha_X05.mes,Script/dom3Iroha_X05.mes,63,6,주인공,約束する!,,
dom3Iroha_X05.mes,Script/dom3Iroha_X05.mes,64,13,주인공,いろは!今助けに行くぞ!,,
dom3Iroha_X05.mes,Script/dom3Iroha_X05.mes,65,4,[효과음/내레이션],バンッ,,
dom3Iroha_X05.mes,Script/dom3Iroha_X05.mes,66,11,주인공,どこだぁ!出てこい!,,
dom3Iroha_X05.mes,Script/dom3Iroha_X05.mes,67,13,UNKNOWN_1e,フ……やっと現れたか……,,
dom3Iroha_X05.mes,Script/dom3Iroha_X05.mes,68,27,주인공,おまえが張本人か!?<6E5C>なぜ、いろはをさらったりした!,,
dom3Iroha_X05.mes,Script/dom3Iroha_X05.mes,69,47,UNKNOWN_8e,この娘の織る機を求める者は多い…<6E5C>…売れば大きな資金源となる.<6E5C>我のために織り続けるべし……,,
dom3Iroha_X05.mes,Script/dom3Iroha_X05.mes,70,29,주인공,勝手なこと言いやがって.<6E5C>そんなことぜったい許さないぞ!,,
dom3Iroha_X05.mes,Script/dom3Iroha_X05.mes,71,47,UNKNOWN_8e,貴様になにができる…….おぬしに<6E5C>できるのは、残りの反物を我に<6E5C>差し出すのみ.どこにある……,,
dom3Iroha_X05.mes,Script/dom3Iroha_X05.mes,72,20,주인공,そんなモン、<6E5C>持って来るわけないだろ!,,
dom3Iroha_X05.mes,Script/dom3Iroha_X05.mes,73,20,UNKNOWN_8e,ヌゥ……娘がどうなっても<6E5C>よいのか……,,
dom3Iroha_X05.mes,Script/dom3Iroha_X05.mes,74,34,주인공,はじめっから<6E5C>返す気なんかないくせに!<6E5C>俺が自力で救い出してやる!,,
dom3Iroha_X05.mes,Script/dom3Iroha_X05.mes,75,10,UNKNOWN_8e,うるさいハエめ……,,
dom3Iroha_X05.mes,Script/dom3Iroha_X05.mes,76,6,UNKNOWN_1e,旦那様ァ!,,
dom3Iroha_X05.mes,Script/dom3Iroha_X05.mes,77,6,주인공,いろはっ!,,
dom3Iroha_X05.mes,Script/dom3Iroha_X05.mes,78,11,Iroha,旦那様、どうして……,,
dom3Iroha_X05.mes,Script/dom3Iroha_X05.mes,79,14,주인공,今助けるから、待っていろ!,,
dom3Iroha_X05.mes,Script/dom3Iroha_X05.mes,80,50,Iroha,また助けに来てくださるなんて……<6E5C>.何故ですか.私のことなど、捨て<6E5C>置いて行かれればよかったのに!,,
dom3Iroha_X05.mes,Script/dom3Iroha_X05.mes,81,31,주인공,そんなことできるわけない!俺は<6E5C>いろはがいないと駄目なんだ!,,
dom3Iroha_X05.mes,Script/dom3Iroha_X05.mes,82,36,주인공,いろはが鶴でももののけでも、<6E5C>この世の者でなくても、<6E5C>なんだっていい!,,
dom3Iroha_X05.mes,Script/dom3Iroha_X05.mes,83,26,주인공,俺はいろはと共に生きるんだ!<6E5C>いろはが必要なんだ!,,
dom3Iroha_X05.mes,Script/dom3Iroha_X05.mes,84,19,Iroha,だ、旦那様……<6E5C>そのようなお言葉……,,
dom3Iroha_X05.mes,Script/dom3Iroha_X05.mes,85,47,주인공,何度でも助け出す…….あの日、<6E5C>罠にかかったいろはを助けたように<6E5C>、俺だけがいろはを救うんだ,,
dom3Iroha_X05.mes,Script/dom3Iroha_X05.mes,86,14,주인공,これからも、ずっと……だ!,,
dom3Iroha_X05.mes,Script/dom3Iroha_X05.mes,87,28,Iroha,旦那様……私はまた旦那様に命を…<6E5C>…申し訳ありません!,,
dom3Iroha_X05.mes,Script/dom3Iroha_X05.mes,88,46,주인공,謝ってるヒマがあったら、羽ばたく<6E5C>用意でもしていろ!紐を解いたら<6E5C>すぐ飛びたてるようにな!,,
dom3Iroha_X05.mes,Script/dom3Iroha_X05.mes,89,10,Iroha,あ、あ……はいっ!,,
dom3Iroha_X05.mes,Script/dom3Iroha_X05.mes,90,13,UNKNOWN_8e,別れの言葉は済んだか……,,
dom3Iroha_X05.mes,Script/dom3Iroha_X05.mes,91,9,UNKNOWN_8e,ならば、消えよ!,,
dom3Iroha_X05.mes,Script/dom3Iroha_X05.mes,92,6,[효과음/내레이션],ゴゴゴゴッ,,
dom3Iroha_X05.mes,Script/dom3Iroha_X05.mes,93,6,Iroha,旦那様ぁ!,,
dom3Iroha_X05.mes,Script/dom3Iroha_X05.mes,94,4,[효과음/내레이션],キンッ,,
dom3Iroha_X05.mes,Script/dom3Iroha_X05.mes,95,4,[효과음/내레이션],キンッ,,
dom3Iroha_X05.mes,Script/dom3Iroha_X05.mes,96,6,[효과음/내레이션],キーーンッ,,
dom3Iroha_X05.mes,Script/dom3Iroha_X05.mes,97,8,UNKNOWN_8e,こしゃくな……,,
dom3Iroha_X05.mes,Script/dom3Iroha_X05.mes,98,7,주인공,まだまだぁ!,,
dom3Iroha_X05.mes,Script/dom3Iroha_X05.mes,99,4,[선택지],斬る叩く,,
dom3Iroha_X05.mes,Script/dom3Iroha_X05.mes,100,5,주인공,たぁっ!,,
dom3Iroha_X05.mes,Script/dom3Iroha_X05.mes,101,4,[효과음/내레이션],キンッ,,
dom3Iroha_X05.mes,Script/dom3Iroha_X05.mes,102,6,UNKNOWN_8e,……ぬるい,,
dom3Iroha_X05.mes,Script/dom3Iroha_X05.mes,103,4,UNKNOWN_8e,タパナ,,
dom3Iroha_X05.mes,Script/dom3Iroha_X05.mes,104,7,[효과음/내레이션],キィーーンッ,,
dom3Iroha_X05.mes,Script/dom3Iroha_X05.mes,105,10,주인공,ぐあああああっ!!,,
dom3Iroha_X05.mes,Script/dom3Iroha_X05.mes,106,20,주인공,(そんな、俺はここで<6E5C>終わるのか……),,
dom3Iroha_X05.mes,Script/dom3Iroha_X05.mes,107,22,주인공,(いろは……救いだせなくて、<6E5C>ごめん……),,
dom3Iroha_X05.mes,Script/dom3Iroha_X05.mes,108,5,주인공,たぁっ!,,
dom3Iroha_X05.mes,Script/dom3Iroha_X05.mes,109,9,[효과음/내레이션],ザシュゥゥゥッ!,,
dom3Iroha_X05.mes,Script/dom3Iroha_X05.mes,110,11,UNKNOWN_8e,グアアアアア……!!,,
dom3Iroha_X05.mes,Script/dom3Iroha_X05.mes,111,6,주인공,やったか!,,
dom3Iroha_X05.mes,Script/dom3Iroha_X05.mes,112,16,UNKNOWN_8e,我は……滅び……ぬ……ヌオオ!,,
dom3Iroha_X05.mes,Script/dom3Iroha_X05.mes,113,9,주인공,くそ、まだっ……,,
dom3Iroha_X05.mes,Script/dom3Iroha_X05.mes,114,4,[효과음/내레이션],ビュッ,,
dom3Iroha_X05.mes,Script/dom3Iroha_X05.mes,115,6,[효과음/내레이션],ざしゅっ!,,
dom3Iroha_X05.mes,Script/dom3Iroha_X05.mes,116,7,UNKNOWN_8e,グアアッ!!,,
dom3Iroha_X05.mes,Script/dom3Iroha_X05.mes,117,11,주인공,!<020A>どこから矢が……,,
dom3Iroha_X05.mes,Script/dom3Iroha_X05.mes,118,14,Mina,あなたは……滅びるだけ……,,
dom3Iroha_X05.mes,Script/dom3Iroha_X05.mes,119,4,주인공,ミナ!,,
dom3Iroha_X05.mes,Script/dom3Iroha_X05.mes,120,21,UNKNOWN_8e,グガガガガ、よ、よくも……<6E5C>我……を……,,
dom3Iroha_X05.mes,Script/dom3Iroha_X05.mes,121,8,[효과음/내레이션],ゴゴゴゴゴ……,,
dom3Iroha_ending1.mes,Script/dom3Iroha_ending1.mes,0,20,주인공,やった……倒した!<6E5C>ミナ、ありがとう!,,
dom3Iroha_ending1.mes,Script/dom3Iroha_ending1.mes,1,10,주인공,いろは、大丈夫か!,,
dom3Iroha_ending1.mes,Script/dom3Iroha_ending1.mes,2,22,Iroha,はい、旦那様!<6E5C>ありがとうございます……!,,
dom3Iroha_ending1.mes,Script/dom3Iroha_ending1.mes,3,45,주인공,(これからは、いろはとふたりだ.<6E5C>鶴だろうがなんだろうが、<6E5C>俺の気持ちは変わらないぞ!),,
dom3Iroha_ending1.mes,Script/dom3Iroha_ending1.mes,4,9,[효과음/내레이션],バサバサバサッ!,,
dom3Iroha_ending1.mes,Script/dom3Iroha_ending1.mes,5,12,주인공,わわっ!いきなり鳥が!,,
dom3Iroha_ending1.mes,Script/dom3Iroha_ending1.mes,6,6,주인공,え……鶴?,,
dom3Iroha_ending1.mes,Script/dom3Iroha_ending1.mes,7,22,Iroha,まぁ、つぅちゃん、<6E5C>どこから飛んできたの?,,
dom3Iroha_ending1.mes,Script/dom3Iroha_ending1.mes,8,26,Mina,外で迷ってたみたいだから……<6E5C>連れてきてあげた……,,
dom3Iroha_ending1.mes,Script/dom3Iroha_ending1.mes,9,41,주인공,つぅちゃん?あ、この鶴……<6E5C>左足に包帯をしている!<6E5C>俺が助けた鶴じゃないのか!?,,
dom3Iroha_ending1.mes,Script/dom3Iroha_ending1.mes,10,31,Iroha,はい.<6E5C>私が幼少の頃より飼っております、<6E5C>鶴のつぅちゃんです,,
dom3Iroha_ending1.mes,Script/dom3Iroha_ending1.mes,11,6,UNKNOWN_b5,キィーッ!,,
dom3Iroha_ending1.mes,Script/dom3Iroha_ending1.mes,12,36,주인공,えぇ?だって、この鶴がいろはの<6E5C>本当の姿じゃ……え?<6E5C>どうなってるの?,,
dom3Iroha_ending1.mes,Script/dom3Iroha_ending1.mes,13,39,Iroha,旦那様……鶴が人間に変身できる<6E5C>わけないじゃないですか.<6E5C>冗談が過ぎますよ?,,
dom3Iroha_ending1.mes,Script/dom3Iroha_ending1.mes,14,7,주인공,え?<020A>えぇ?,,
dom3Iroha_ending1.mes,Script/dom3Iroha_ending1.mes,15,51,Iroha,私の命より大事なつぅちゃんを助け<6E5C>て下さったから、いろはは旦那様の<6E5C>お世話をさせていただいたのです!,,
dom3Iroha_ending1.mes,Script/dom3Iroha_ending1.mes,16,20,Iroha,ほら、<6E5C>つぅちゃんもお礼を言いなさい!,,
dom3Iroha_ending1.mes,Script/dom3Iroha_ending1.mes,17,4,UNKNOWN_b5,キィ~,,
dom3Iroha_ending1.mes,Script/dom3Iroha_ending1.mes,18,9,주인공,えぇーーーっ!!,,
dom3Iroha_ending1.mes,Script/dom3Iroha_ending1.mes,19,20,주인공,じゃ、じゃぁ、いろはは、<6E5C>正真正銘……,,
dom3Iroha_ending1.mes,Script/dom3Iroha_ending1.mes,20,49,Iroha,人間に決まってるでしょう!私が<6E5C>鶴だなんて、物語の見すぎですよ、<6E5C>旦那様!失礼しちゃいますわっ!,,
dom3Iroha_ending1.mes,Script/dom3Iroha_ending1.mes,21,8,주인공,(ガーン!!),,
dom3Iroha_ending1.mes,Script/dom3Iroha_ending1.mes,22,20,주인공,(そんな……俺の苦悩は<6E5C>いったい……),,
dom3Iroha_ending1.mes,Script/dom3Iroha_ending1.mes,23,31,Iroha,ほら、もう帰りましょう旦那様.<6E5C>帰って、みんなでごはんです!,,
dom3Iroha_ending1.mes,Script/dom3Iroha_ending1.mes,24,4,UNKNOWN_b5,キィ~,,
dom3Iroha_ending1.mes,Script/dom3Iroha_ending1.mes,25,28,주인공,(これまでの、思わせぶりな仕草は<6E5C>……すべて偶然!?),,
dom3Iroha_ending1.mes,Script/dom3Iroha_ending1.mes,26,16,주인공,(そんな……バカな……トホホ),,
dom3Iroha_ending1.mes,Script/dom3Iroha_ending1.mes,27,27,UNKNOWN_1e,(……ありがとうございます、<6E5C>助けてくださいまして),,
dom3Iroha_ending1.mes,Script/dom3Iroha_ending1.mes,28,53,UNKNOWN_1e,(ううん……あやかしを滅するのが<6E5C>、わたしの使命……)<485C>(あの男は、あやかしに変じようと<6E5C>していた……),,
dom3Iroha_ending1.mes,Script/dom3Iroha_ending1.mes,29,31,UNKNOWN_1e,(それだけではございません.<6E5C>旦那様に、私の本当の姿を……),,
dom3Iroha_ending1.mes,Script/dom3Iroha_ending1.mes,30,47,UNKNOWN_1e,(…….あなたの姿は、まやかし.<6E5C>でも、あやかしじゃない…….<6E5C>あばく必要は、ないもの……),,
dom3Iroha_ending1.mes,Script/dom3Iroha_ending1.mes,31,32,Mina,わたしにも、チャンプルがいる……<6E5C>.離れ離れは、悲しいから……,,
dom3Iroha_ending1.mes,Script/dom3Iroha_ending1.mes,32,53,Iroha,本当にありがとうございます<485C>あの鶴さんを連れてきて<6E5C>くれなければ、完全に知られて<6E5C>しまうところでした……,,
dom3Iroha_ending1.mes,Script/dom3Iroha_ending1.mes,33,25,주인공,おーい、何をしてるんだ、<6E5C>ふたりとも.早く帰ろう,,
dom3Iroha_ending1.mes,Script/dom3Iroha_ending1.mes,34,13,Iroha,はい、旦那様.ただいま!,,
dom3Iroha_ending1.mes,Script/dom3Iroha_ending1.mes,35,3,[효과음/내레이션],……,,
dom3Iroha_ending1.mes,Script/dom3Iroha_ending1.mes,36,6,Iroha,旦那様……,,
dom3Iroha_ending1.mes,Script/dom3Iroha_ending1.mes,37,55,Iroha,今日は、本当に<6E5C>ありがとうございました……<485C>私のために身をていし……いろはは<6E5C>一生、旦那様についていきます!,,
dom3Iroha_ending1.mes,Script/dom3Iroha_ending1.mes,38,3,주인공,……,,
dom3Iroha_ending1.mes,Script/dom3Iroha_ending1.mes,39,50,Iroha,あの、旦那様…….今夜は、そちら<6E5C>で寝てもよろしいですか?旦那様の<6E5C>横で、眠りにつきとうございます,,
dom3Iroha_ending1.mes,Script/dom3Iroha_ending1.mes,40,3,주인공,……,,
dom3Iroha_ending1.mes,Script/dom3Iroha_ending1.mes,41,7,Iroha,旦那様……?,,
dom3Iroha_ending1.mes,Script/dom3Iroha_ending1.mes,42,3,주인공,……,,
dom3Iroha_ending1.mes,Script/dom3Iroha_ending1.mes,43,52,Iroha,い、嫌なのですか?<6E5C>私とふしどを共にするのは、<6E5C>お嫌でしたか?<485C>それならはっきり<6E5C>言ってくださいまし!,,
dom3Iroha_ending1.mes,Script/dom3Iroha_ending1.mes,44,10,주인공,……すー、くーくー,,
dom3Iroha_ending1.mes,Script/dom3Iroha_ending1.mes,45,7,Iroha,……旦那様ぁ,,
dom3Iroha_ending1.mes,Script/dom3Iroha_ending1.mes,46,9,Iroha,お疲れですね……,,
dom3Iroha_ending1.mes,Script/dom3Iroha_ending1.mes,47,35,Iroha,私のために疲れきったそのお体、<6E5C>いろはにあたためさせて<6E5C>ください……,,
dom3Iroha_ending1.mes,Script/dom3Iroha_ending1.mes,48,13,[효과음/내레이션],しゅる、しゅるしゅる……,,
dom3Iroha_ending1.mes,Script/dom3Iroha_ending1.mes,49,62,Iroha,旦那様…….<6E5C>旦那様にウソをひとつつくことを、<6E5C>どうかお許しください<485C>旦那様のそばにいるためには、<6E5C>こうするしかないのです,,
dom3Iroha_ending1.mes,Script/dom3Iroha_ending1.mes,50,67,Iroha,旦那様に知れては、<6E5C>魔法がとけてしまいます<485C>いろはは、ずっと旦那様のおそばに<6E5C>いたいのです.旦那様も、同じ<6E5C>想いでいてくれますよね?,,
dom3Iroha_ending1.mes,Script/dom3Iroha_ending1.mes,51,31,Iroha,……これからも、いろはを旦那様の<6E5C>横においてやってください!,,
dom3Iroha_ending1.mes,Script/dom3Iroha_ending1.mes,52,23,Iroha,これからも、ずっとずっと、<6E5C>一生……ですよ?,,
dom3Iroha_ending1.mes,Script/dom3Iroha_ending1.mes,53,6,[효과음/내레이션],ぎゅっ……,,
dom3Iroha_ending1.mes,Script/dom3Iroha_ending1.mes,54,25,주인공,(いろは……何があっても、<6E5C>一生守るからな……),,
dom3Iroha_ending1.mes,Script/dom3Iroha_ending1.mes,55,24,주인공,(俺だけの、お嫁さんだ……<6E5C>むにゃむにゃ……),,
dom3Iroha_ending1.mes,Script/dom3Iroha_ending1.mes,56,20,UNKNOWN_6d,お疲れ様!<6E5C>少しは楽しんでくれたかな?,,
dom3Iroha_ending1.mes,Script/dom3Iroha_ending1.mes,57,12,UNKNOWN_6d,……あ!<6E5C>いっけない!,,
dom3Iroha_ending1.mes,Script/dom3Iroha_ending1.mes,58,6,[효과음/내레이션],ドロンッ!,,
dom3Iroha_ending1.mes,Script/dom3Iroha_ending1.mes,59,44,Shino,こんぷりーと、おめでとう!<6E5C>今度むささび屋に来たら、善哉<6E5C>いっぱい食べさせてあげるね!,,
dom3Iroha_ending1.mes,Script/dom3Iroha_ending1.mes,60,5,Shino,せーのっ,,
dom3Iroha_ending1.mes,Script/dom3Iroha_ending1.mes,61,22,UNKNOWN_1d,わたしたちをみつけてくれて、<6E5C>ありがとう!,,
