file,rel_path,block,n_tokens,speaker,source,ai_draft,translation
dom3Shiki_L01.mes,Script/dom3Shiki_L01.mes,0,10,주인공,う~腹が減った……,으~ 배고프다……,으~ 배고프다……
dom3Shiki_L01.mes,Script/dom3Shiki_L01.mes,1,37,Goenitz,",いらっしゃいいらっしゃい!<6E5C>お、そこのお兄さん、<6E5C>今日は大根が安いよ!",",어서와요 어서와요!<6E5C>오, 거기 총각,<6E5C>오늘 무가 싸다구!",",어서와요 어서와요!<6E5C>오, 거기 총각,<6E5C>오늘 무가 싸다구!"
dom3Shiki_L01.mes,Script/dom3Shiki_L01.mes,2,13,주인공,いや、俺は金がなくて……,"아니,난돈이없어서……","아니,난돈이없어서……"
dom3Shiki_L01.mes,Script/dom3Shiki_L01.mes,3,3,[효과음/내레이션],スッ,휙,휙
dom3Shiki_L01.mes,Script/dom3Shiki_L01.mes,4,10,UNKNOWN_1e,これ……きれい、ね,이거…… 예쁘네,이거…… 예쁘네
dom3Shiki_L01.mes,Script/dom3Shiki_L01.mes,5,4,주인공,あ……,아……,아……
dom3Shiki_L01.mes,Script/dom3Shiki_L01.mes,6,3,Shiki,……,……,……
dom3Shiki_L01.mes,Script/dom3Shiki_L01.mes,7,40,UNKNOWN_4e,",お姉さん、お目が高い!<6E5C>そいつは遠い異国からやってきた<6E5C>果物さ.珍しいだろ!",",아가씨,보는눈있네!<6E5C>그건머나먼이국에서온<6E5C>과일이야.신기하지!",",아가씨,보는눈있네!<6E5C>그건머나먼이국에서온<6E5C>과일이야.신기하지!"
dom3Shiki_L01.mes,Script/dom3Shiki_L01.mes,8,21,Shiki,でも、いずれは食われ……<6E5C>消える運命……,하지만언젠가는먹히고……<6E5C>사라질운명……,하지만언젠가는먹히고……<6E5C>사라질운명……
dom3Shiki_L01.mes,Script/dom3Shiki_L01.mes,9,26,주인공,色さん、眼帯なんかして、<6E5C>目をどうかしたんですか?,"시키씨,왜안대를했어요?<6E5C>눈이왜그래요?","시키씨,왜안대를했어요?<6E5C>눈이왜그래요?"
dom3Shiki_L01.mes,Script/dom3Shiki_L01.mes,10,3,Shiki,……,……,……
dom3Shiki_L01.mes,Script/dom3Shiki_L01.mes,11,12,주인공,(うむむ……無視か?),(흠……무시하나?),(흠……무시하나?)
dom3Shiki_L01.mes,Script/dom3Shiki_L01.mes,12,12,[선택지],もう一度尋ねる話を変える,다시묻는다\화제를바꾼다,다시묻는다\화제를바꾼다
dom3Shiki_L01.mes,Script/dom3Shiki_L01.mes,13,25,주인공,あ、あの、色さん.<6E5C>その目、どうかしたんですか?,"아,저기,시키씨.<6E5C>그눈,어떻게된거예요?","아,저기,시키씨.<6E5C>그눈,어떻게된거예요?"
dom3Shiki_L01.mes,Script/dom3Shiki_L01.mes,14,23,Shiki,……なんでもないわ.<6E5C>夕日がまぶしいだけ……,……아무것도아니야.<6E5C>석양이눈부실뿐……,……아무것도아니야.<6E5C>석양이눈부실뿐……
dom3Shiki_L01.mes,Script/dom3Shiki_L01.mes,15,20,주인공,夕日が……って、<6E5C>どうして片一方だけ?,"석양이……라니,<6E5C>왜 한쪽만요?","석양이……라니,<6E5C>왜 한쪽만요?"
dom3Shiki_L01.mes,Script/dom3Shiki_L01.mes,16,28,Shiki,同じ色は痛むの……私の目に、<6E5C>夕日はまぶし過ぎるわ……,"같은색은아파……내눈에는,<6E5C>석양이너무눈부셔……","같은색은아파……내눈에는,<6E5C>석양이너무눈부셔……"
dom3Shiki_L01.mes,Script/dom3Shiki_L01.mes,17,30,Shiki,……この果実も、私の目と同じ色.<6E5C>あの人を待つ、瞳の色……,……이과일도내눈과같은색.<6E5C>그사람을기다리는눈빛……,……이과일도내눈과같은색.<6E5C>그사람을기다리는눈빛……
dom3Shiki_L01.mes,Script/dom3Shiki_L01.mes,18,7,주인공,あの人って?,그사람이?,그사람이?
dom3Shiki_L01.mes,Script/dom3Shiki_L01.mes,19,3,Shiki,……,……,……
dom3Shiki_L01.mes,Script/dom3Shiki_L01.mes,20,3,[효과음/내레이션],スッ,휙,휙
dom3Shiki_L01.mes,Script/dom3Shiki_L01.mes,21,18,UNKNOWN_22,",おや、なんだい、買わないのかい?",",이런, 뭐야, 안 사는 거야?",",이런, 뭐야, 안 사는 거야?"
dom3Shiki_L01.mes,Script/dom3Shiki_L01.mes,22,24,주인공,(色さんの目……<6E5C>何かわけありみたいだな……),(시키씨눈……<6E5C>뭔가사연있나본데……),(시키씨눈……<6E5C>뭔가사연있나본데……)
dom3Shiki_L01.mes,Script/dom3Shiki_L01.mes,23,17,주인공,し、色さんも腹が減ったんですか?,"새,시키씨도배고파요?","새,시키씨도배고파요?"
dom3Shiki_L01.mes,Script/dom3Shiki_L01.mes,24,38,Shiki,飢え……?そうね……私はいつも<6E5C>満たされようとしているのかも<6E5C>しれない……,굶주림……?그러네……나는늘<6E5C>채워지려하고있는건지도<6E5C>모르겠어……,굶주림……?그러네……나는늘<6E5C>채워지려하고있는건지도<6E5C>모르겠어……
dom3Shiki_L01.mes,Script/dom3Shiki_L01.mes,25,14,주인공,そんなに腹が減るんですか?,그렇게 배가 고파요?,그렇게 배가 고파요?
dom3Shiki_L01.mes,Script/dom3Shiki_L01.mes,26,22,Shiki,えぇ……<6E5C>死も飲み込んでしまえるほどに……,그래……<6E5C>죽음마저삼킬수있을만큼……,그래……<6E5C>죽음마저삼킬수있을만큼……
dom3Shiki_L01.mes,Script/dom3Shiki_L01.mes,27,3,[효과음/내레이션],スッ,휙,휙
dom3Shiki_L01.mes,Script/dom3Shiki_L01.mes,28,18,UNKNOWN_22,",おや、なんだい、買わないのかい?",",이런, 뭐야, 안 사는 거야?",",이런, 뭐야, 안 사는 거야?"
dom3Shiki_L01.mes,Script/dom3Shiki_L01.mes,29,28,주인공,(死も飲み込むほどって……<6E5C>そんなに腹が減ってたのか),(죽음마저삼킬정도라니……<6E5C>그렇게배고팠던건가),(죽음마저삼킬정도라니……<6E5C>그렇게배고팠던건가)
dom3Shiki_L02.mes,Script/dom3Shiki_L02.mes,0,8,UNKNOWN_0e,(にゃ~お……,(냐~옹……,(냐~옹……
dom3Shiki_L02.mes,Script/dom3Shiki_L02.mes,1,16,Shiki,……お前はどこから来たの……?,……넌 어디서 온 거니……?,……넌 어디서 온 거니……?
dom3Shiki_L02.mes,Script/dom3Shiki_L02.mes,2,20,주인공,(あれは……色さん.<6E5C>猫と話してる?),(저건……시키씨<6E5C>고양이랑얘기하나?),(저건……시키씨<6E5C>고양이랑얘기하나?)
dom3Shiki_L02.mes,Script/dom3Shiki_L02.mes,3,13,[선택지],声をかける声をかけずにおく,말을건다\말걸지않는다,말을건다\말걸지않는다
dom3Shiki_L02.mes,Script/dom3Shiki_L02.mes,4,4,주인공,色さん,시키씨,시키씨
dom3Shiki_L02.mes,Script/dom3Shiki_L02.mes,5,5,Kasumi,(にゃっ,(냥,(냥
dom3Shiki_L02.mes,Script/dom3Shiki_L02.mes,6,4,[효과음/내레이션],タッ!,탁!,탁!
dom3Shiki_L02.mes,Script/dom3Shiki_L02.mes,7,4,Shiki,あ……,아……,아……
dom3Shiki_L02.mes,Script/dom3Shiki_L02.mes,8,21,주인공,……今の猫、<6E5C>色さんの知ってる猫ですか?,"……그고양이,<6E5C>시키씨가아는고양이예요?","……그고양이,<6E5C>시키씨가아는고양이예요?"
dom3Shiki_L02.mes,Script/dom3Shiki_L02.mes,9,36,Shiki,……知らない.<6E5C>あなたのことと同じくらい……<6E5C>知らないし、興味もないわ,"……몰라.<6E5C>너에 대한 것과 똑같이……<6E5C>모르고, 관심도 없어","……몰라.<6E5C>너에 대한 것과 똑같이……<6E5C>모르고, 관심도 없어"
dom3Shiki_L02.mes,Script/dom3Shiki_L02.mes,10,26,주인공,(お、俺って野良猫と同じ<6E5C>扱いなのか……ひどいな),"(내,내가길고양이랑같은<6E5C>취급인건가……너무하네)","(내,내가길고양이랑같은<6E5C>취급인건가……너무하네)"
dom3Shiki_L02.mes,Script/dom3Shiki_L02.mes,11,24,주인공,(何やら通じている様子……<6E5C>そっとしておくか),(뭔가통하는것같은데……<6E5C>가만히놔둘까),(뭔가통하는것같은데……<6E5C>가만히놔둘까)
dom3Shiki_L02.mes,Script/dom3Shiki_L02.mes,12,6,Kaidou,(にゃ~ご,(냐~옹,(냐~옹
dom3Shiki_L02.mes,Script/dom3Shiki_L02.mes,13,37,Shiki,お前も……行くところがないのね.<6E5C>あてどなくさまよって……<6E5C>私と同じ……,너도…… 갈 곳이 없구나.<6E5C>정처 없이 헤매고……<6E5C>나랑 똑같이……,너도…… 갈 곳이 없구나.<6E5C>정처 없이 헤매고……<6E5C>나랑 똑같이……
dom3Shiki_L02.mes,Script/dom3Shiki_L02.mes,14,8,주인공,(色さん……),(시키씨……),(시키씨……)
dom3Shiki_L02.mes,Script/dom3Shiki_L02.mes,15,34,Shiki,誰にも必要とされず……誰も求めず<6E5C>……意味を教えられずに生きている,"누구에게도필요없고,아무도바라지않으며<6E5C>……의미도모른채살고있어","누구에게도필요없고,아무도바라지않으며<6E5C>……의미도모른채살고있어"
dom3Shiki_L02.mes,Script/dom3Shiki_L02.mes,16,24,Shiki,なのに……それでも、<6E5C>お前はあたたかいのね……,"그런데…… 그래도,<6E5C>넌 따뜻하구나……","그런데…… 그래도,<6E5C>넌 따뜻하구나……"
dom3Shiki_L02.mes,Script/dom3Shiki_L02.mes,17,8,UNKNOWN_0e,(ごろごろ……,(그르렁……,(그르렁……
dom3Shiki_L02.mes,Script/dom3Shiki_L02.mes,18,14,Shiki,お前……私の子になる……?,너……내아이될래……?,너……내아이될래……?
dom3Shiki_L02.mes,Script/dom3Shiki_L02.mes,19,5,Kasumi,(にゃ~,(냐~,(냐~
dom3Shiki_L02.mes,Script/dom3Shiki_L02.mes,20,4,[효과음/내레이션],タッ!,탁!,탁!
dom3Shiki_L02.mes,Script/dom3Shiki_L02.mes,21,4,Shiki,あ……,아……,아……
dom3Shiki_L02.mes,Script/dom3Shiki_L02.mes,22,17,주인공,(猫の奴、行ってしまったか……),"(고양이 녀석, 가버렸나……)","(고양이 녀석, 가버렸나……)"
dom3Shiki_L02.mes,Script/dom3Shiki_L02.mes,23,27,Shiki,そうね……私たちは……ひとりで<6E5C>生きるのが似合い……,그러네…… 우리는…… 혼자<6E5C>사는 게 어울리는……,그러네…… 우리는…… 혼자<6E5C>사는 게 어울리는……
dom3Shiki_L02.mes,Script/dom3Shiki_L02.mes,24,3,[효과음/내레이션],スッ,휙,휙
dom3Shiki_L02.mes,Script/dom3Shiki_L02.mes,25,21,주인공,(……そういえば、俺も……<6E5C>ひとりだな),(……그러고보니나도……<6E5C>혼자구나),(……그러고보니나도……<6E5C>혼자구나)
dom3Shiki_L03.mes,Script/dom3Shiki_L03.mes,0,8,[효과음/내레이션],べんべん……♪,벤벤……♪,벤벤……♪
dom3Shiki_L03.mes,Script/dom3Shiki_L03.mes,1,10,[효과음/내레이션],とんてんてん……♪,통텐텐……♪,통텐텐……♪
dom3Shiki_L03.mes,Script/dom3Shiki_L03.mes,2,17,주인공,(色さん…….見事な三味線だな),(시키씨……샤미센잘하네),(시키씨……샤미센잘하네)
dom3Shiki_L03.mes,Script/dom3Shiki_L03.mes,3,12,[효과음/내레이션],べべん……<6E5C>寺ピンッ!,베벤……<6E5C>퉁 핑!,베벤……<6E5C>퉁 핑!
dom3Shiki_L03.mes,Script/dom3Shiki_L03.mes,4,5,주인공,あ……!,아……!,아……!
dom3Shiki_L03.mes,Script/dom3Shiki_L03.mes,5,12,주인공,(<430E>が切れたのか……),(<430E>가끊어진건가……),(<430E>가끊어진건가……)
dom3Shiki_L03.mes,Script/dom3Shiki_L03.mes,6,3,Shiki,……,……,……
dom3Shiki_L03.mes,Script/dom3Shiki_L03.mes,7,8,주인공,(色さん……),(시키씨……),(시키씨……)
dom3Shiki_L03.mes,Script/dom3Shiki_L03.mes,8,17,[선택지],代わりの三味線を渡す色に話しかける,새샤미센건넨다\시키에게말건다,새샤미센건넨다\시키에게말건다
dom3Shiki_L03.mes,Script/dom3Shiki_L03.mes,9,7,주인공,色さん、これ,"시키씨,이거","시키씨,이거"
dom3Shiki_L03.mes,Script/dom3Shiki_L03.mes,10,3,[효과음/내레이션],スッ,휙,휙
dom3Shiki_L03.mes,Script/dom3Shiki_L03.mes,11,12,Shiki,……どこから、それを?,"……어디서, 그걸?","……어디서, 그걸?"
dom3Shiki_L03.mes,Script/dom3Shiki_L03.mes,12,32,주인공,えっと……そこの隣の間に飾って<6E5C>あったのをちょっと<9C1A>借して……,그게……저기 옆방에 장식되어<6E5C>있던 걸 잠깐 <9C1A>빌려서……,그게……저기 옆방에 장식되어<6E5C>있던 걸 잠깐 <9C1A>빌려서……
dom3Shiki_L03.mes,Script/dom3Shiki_L03.mes,13,19,Shiki,……いけない人.<6E5C>でも……礼を言うわ,……못된사람이네.<6E5C>그래도……고마워,……못된사람이네.<6E5C>그래도……고마워
dom3Shiki_L03.mes,Script/dom3Shiki_L03.mes,14,14,주인공,続き……聴かせてくれますか,이어서…… 들려줄래요,이어서…… 들려줄래요
dom3Shiki_L03.mes,Script/dom3Shiki_L03.mes,15,5,Shiki,ええ……,그래……,그래……
dom3Shiki_L03.mes,Script/dom3Shiki_L03.mes,16,6,[효과음/내레이션],べん……♪,벤……♪,벤……♪
dom3Shiki_L03.mes,Script/dom3Shiki_L03.mes,17,8,[효과음/내레이션],べんべん……♪,벤벤……♪,벤벤……♪
dom3Shiki_L03.mes,Script/dom3Shiki_L03.mes,18,10,[효과음/내레이션],とんてんてん……♪,통텐텐……♪,통텐텐……♪
dom3Shiki_L03.mes,Script/dom3Shiki_L03.mes,19,36,주인공,(惚れ惚れする音色だ……色さんの<6E5C>顔も心なしか生き生きとして見える<6E5C>),(반할것같은음색이다……시키씨<6E5C>얼굴도왠지생기있어보여<6E5C>),(반할것같은음색이다……시키씨<6E5C>얼굴도왠지생기있어보여<6E5C>)
dom3Shiki_L03.mes,Script/dom3Shiki_L03.mes,20,25,주인공,(今日はめずらしく、<6E5C>いい気分で酔えそうだ……),"(오늘은웬일로,<6E5C>기분좋게취할수있겠다……)","(오늘은웬일로,<6E5C>기분좋게취할수있겠다……)"
dom3Shiki_L03.mes,Script/dom3Shiki_L03.mes,21,9,[효과음/내레이션],パチパチパチ……,짝짝짝……,짝짝짝……
dom3Shiki_L03.mes,Script/dom3Shiki_L03.mes,22,8,주인공,いい音色でした,음색좋았어요,음색좋았어요
dom3Shiki_L03.mes,Script/dom3Shiki_L03.mes,23,3,Shiki,……,……,……
dom3Shiki_L03.mes,Script/dom3Shiki_L03.mes,24,21,주인공,色さんはどこで三味線を<6E5C>覚えたんですか?,시키씨는어디서샤미센을<6E5C>배웠어요?,시키씨는어디서샤미센을<6E5C>배웠어요?
dom3Shiki_L03.mes,Script/dom3Shiki_L03.mes,25,10,Shiki,ここで……習ったわ,여기서…… 배웠어,여기서…… 배웠어
dom3Shiki_L03.mes,Script/dom3Shiki_L03.mes,26,7,주인공,千夜さんに?,치요씨한테?,치요씨한테?
dom3Shiki_L03.mes,Script/dom3Shiki_L03.mes,27,5,Shiki,……ええ,……응,……응
dom3Shiki_L03.mes,Script/dom3Shiki_L03.mes,28,15,주인공,仲がいいんですね、おふたりは,"사이가좋으시네요,두분은","사이가좋으시네요,두분은"
dom3Shiki_L03.mes,Script/dom3Shiki_L03.mes,29,9,Shiki,……拾われただけ,……주워진것뿐,……주워진것뿐
dom3Shiki_L03.mes,Script/dom3Shiki_L03.mes,30,3,주인공,え?,네?,네?
dom3Shiki_L03.mes,Script/dom3Shiki_L03.mes,31,29,Shiki,ふらふらとうつろをさまよう私は…<6E5C>…あの人に拾われたのよ,정처없이허공헤매던나는…<6E5C>…그사람이주웠어,정처없이허공헤매던나는…<6E5C>…그사람이주웠어
dom3Shiki_L03.mes,Script/dom3Shiki_L03.mes,32,8,주인공,そ、そうですか,"그, 그렇군요","그, 그렇군요"
dom3Shiki_L03.mes,Script/dom3Shiki_L03.mes,33,20,Shiki,あの人は……<6E5C>私に何も閉かなかった……,그사람은……<6E5C>아무것도안물었어……,그사람은……<6E5C>아무것도안물었어……
dom3Shiki_L03.mes,Script/dom3Shiki_L03.mes,34,13,주인공,いい人ですね……千夜さん,좋은분이네요……치요씨,좋은분이네요……치요씨
dom3Shiki_L03.mes,Script/dom3Shiki_L03.mes,35,7,Shiki,……そう、ね,……그러네,……그러네
dom3Shiki_L03.mes,Script/dom3Shiki_L03.mes,36,47,주인공,(色さんも千夜さんも、<6E5C>素性の知れない人たちだな)<485C>(まぁでも、<6E5C>俺も似たようなものか……),"(시키씨도치요씨도,<6E5C>정체모를사람들이군)<485C>(뭐그래도,<6E5C>나도비슷한가……)","(시키씨도치요씨도,<6E5C>정체모를사람들이군)<485C>(뭐그래도,<6E5C>나도비슷한가……)"
dom3Shiki_L04.mes,Script/dom3Shiki_L04.mes,0,9,UNKNOWN_1e,待ってください!,기다려 주세요!,기다려 주세요!
dom3Shiki_L04.mes,Script/dom3Shiki_L04.mes,1,25,UNKNOWN_1e,放っておいて……私を必要とする人<6E5C>なんていないわ,내버려둬……날필요로하는사람<6E5C>따윈없어,내버려둬……날필요로하는사람<6E5C>따윈없어
dom3Shiki_L04.mes,Script/dom3Shiki_L04.mes,2,14,주인공,(何だ何だ……もめ事か?),(뭐지……다툼인가?),(뭐지……다툼인가?)
dom3Shiki_L04.mes,Script/dom3Shiki_L04.mes,3,13,주인공,色さん……と、ナコルル?,시키씨……랑나코루루?,시키씨……랑나코루루?
dom3Shiki_L04.mes,Script/dom3Shiki_L04.mes,4,26,Nakoruru,あ、<이름:3232>さん!<이름:3232>さんからも<6E5C>言ってあげてください,"아, <이름:3232> 씨!<이름:3232> 씨도<6E5C>말 좀 해주세요","아, <이름:3232> 씨!<이름:3232> 씨도<6E5C>말 좀 해주세요"
dom3Shiki_L04.mes,Script/dom3Shiki_L04.mes,5,15,주인공,お、俺に何を言えというんだ?,"내,내가뭘말하라는거야?","내,내가뭘말하라는거야?"
dom3Shiki_L04.mes,Script/dom3Shiki_L04.mes,6,39,Nakoruru,この世界に必要ない人など<6E5C>いないということを、<6E5C>色さんに教えてあげてください,"이세상에필요없는사람따위<6E5C>없다는걸,<6E5C>시키씨에게알려주세요","이세상에필요없는사람따위<6E5C>없다는걸,<6E5C>시키씨에게알려주세요"
dom3Shiki_L04.mes,Script/dom3Shiki_L04.mes,7,7,주인공,お、俺が!?,"내,내가!?","내,내가!?"
dom3Shiki_L04.mes,Script/dom3Shiki_L04.mes,8,3,Shiki,……,……,……
dom3Shiki_L04.mes,Script/dom3Shiki_L04.mes,9,12,[선택지],わ、わかったむ、無理だ!,"알았어\무,무리야!","알았어\무,무리야!"
dom3Shiki_L04.mes,Script/dom3Shiki_L04.mes,10,18,주인공,……わ、わかったよ.<6E5C>え~ゴホン!,"……아, 알았어.<6E5C>에~ 흠흠!","……아, 알았어.<6E5C>에~ 흠흠!"
dom3Shiki_L04.mes,Script/dom3Shiki_L04.mes,11,67,주인공,色さん、この世に必要のない人間<6E5C>なんていないんです<485C>すべての人に何らかの使命があり、<6E5C>人は皆、それを全うするために<6E5C>生きてるんですよ,"시키씨,이세상에필요없는인간<6E5C>따윈없어요<485C>모두에게저마다사명이있고,<6E5C>사람은다그걸이루려고<6E5C>살아가는거예요","시키씨,이세상에필요없는인간<6E5C>따윈없어요<485C>모두에게저마다사명이있고,<6E5C>사람은다그걸이루려고<6E5C>살아가는거예요"
dom3Shiki_L04.mes,Script/dom3Shiki_L04.mes,12,11,Shiki,……あなたの使命は?,……당신의 사명은?,……당신의 사명은?
dom3Shiki_L04.mes,Script/dom3Shiki_L04.mes,13,3,주인공,え?,네?,네?
dom3Shiki_L04.mes,Script/dom3Shiki_L04.mes,14,13,Shiki,あなたの生きる意味は何?,당신이사는의미가뭐야?,당신이사는의미가뭐야?
dom3Shiki_L04.mes,Script/dom3Shiki_L04.mes,15,13,주인공,あ……えっと、それは……,"아…… 그게, 그건……","아…… 그게, 그건……"
dom3Shiki_L04.mes,Script/dom3Shiki_L04.mes,16,6,Nakoruru,<이름:3232>さん?,<이름:3232> 씨?,<이름:3232> 씨?
dom3Shiki_L04.mes,Script/dom3Shiki_L04.mes,17,11,주인공,……すまん、ナコルル,"……미안, 나코루루","……미안, 나코루루"
dom3Shiki_L04.mes,Script/dom3Shiki_L04.mes,18,28,Shiki,なくてはならないものなど……<6E5C>この世界には存在しないわ,없어선안될것따위……<6E5C>이세상엔존재하지않아,없어선안될것따위……<6E5C>이세상엔존재하지않아
dom3Shiki_L04.mes,Script/dom3Shiki_L04.mes,19,4,Nakoruru,あ……,아……,아……
dom3Shiki_L04.mes,Script/dom3Shiki_L04.mes,20,47,주인공,(な、何てことだ……俺は自分が<6E5C>何のために生きてるのかもわかって<6E5C>なかったのか……参ったな),"(이,이럴수가……나는내가<6E5C>무엇을위해사는지도모르고<6E5C>있었던건가……곤란하네)","(이,이럴수가……나는내가<6E5C>무엇을위해사는지도모르고<6E5C>있었던건가……곤란하네)"
dom3Shiki_L04.mes,Script/dom3Shiki_L04.mes,21,9,주인공,……む、無理だ!,"……무,무리야!","……무,무리야!"
dom3Shiki_L04.mes,Script/dom3Shiki_L04.mes,22,3,Nakoruru,え?,네?,네?
dom3Shiki_L04.mes,Script/dom3Shiki_L04.mes,23,3,Shiki,……,……,……
dom3Shiki_L04.mes,Script/dom3Shiki_L04.mes,24,41,주인공,俺自身が必要とされているか<6E5C>どうかもわからんのに、<6E5C>そんな無責任なことは言えん!,"내자신이필요한존재인지<6E5C>아닌지도모르면서,<6E5C>그런무책임한말은못해!","내자신이필요한존재인지<6E5C>아닌지도모르면서,<6E5C>그런무책임한말은못해!"
dom3Shiki_L04.mes,Script/dom3Shiki_L04.mes,25,7,Nakoruru,<이름:3232>さん……,<이름:3232> 씨……,<이름:3232> 씨……
dom3Shiki_L04.mes,Script/dom3Shiki_L04.mes,26,7,주인공,しかし、だ!,하지만!,하지만!
dom3Shiki_L04.mes,Script/dom3Shiki_L04.mes,27,3,Nakoruru,え?,네?,네?
dom3Shiki_L04.mes,Script/dom3Shiki_L04.mes,28,17,주인공,俺は色さんがいなくなると寂しい!,난시키씨가없어지면허전해!,난시키씨가없어지면허전해!
dom3Shiki_L04.mes,Script/dom3Shiki_L04.mes,29,8,Nakoruru,<이름:3232>さん……!,<이름:3232> 씨……!,<이름:3232> 씨……!
dom3Shiki_L04.mes,Script/dom3Shiki_L04.mes,30,41,주인공,だから、色さんを必要としてる<6E5C>人間が、少なくともここに<6E5C>ひとりはいるってことだ!,"그러니까,시키씨를필요로하는<6E5C>사람이적어도여기<6E5C>한명은있다는거야!","그러니까,시키씨를필요로하는<6E5C>사람이적어도여기<6E5C>한명은있다는거야!"
dom3Shiki_L04.mes,Script/dom3Shiki_L04.mes,31,8,Shiki,私は……必要?,나……필요해?,나……필요해?
dom3Shiki_L04.mes,Script/dom3Shiki_L04.mes,32,5,주인공,必要だ!,필요해!,필요해!
dom3Shiki_L04.mes,Script/dom3Shiki_L04.mes,33,12,Nakoruru,そうです、必要ですよ!,"맞아요, 필요해요!","맞아요, 필요해요!"
dom3Shiki_L04.mes,Script/dom3Shiki_L04.mes,34,8,Shiki,……ありがとう,……고마워,……고마워
dom3Shiki_L04.mes,Script/dom3Shiki_L04.mes,35,7,주인공,い、いや……,"아,아니……","아,아니……"
dom3Shiki_L04.mes,Script/dom3Shiki_L04.mes,36,24,주인공,(は、恥ずかしいことを<6E5C>叫んでしまったな……),"(부, 부끄러운 말을<6E5C>외쳐버렸네……)","(부, 부끄러운 말을<6E5C>외쳐버렸네……)"
dom3Shiki_L05.mes,Script/dom3Shiki_L05.mes,0,3,Shiki,……,……,……
dom3Shiki_L05.mes,Script/dom3Shiki_L05.mes,1,13,주인공,どうしたんですか、色さん,"무슨일이에요,시키씨","무슨일이에요,시키씨"
dom3Shiki_L05.mes,Script/dom3Shiki_L05.mes,2,23,Shiki,……大きなお花と、小さな花、<6E5C>どちらが好き?,"……큰꽃이랑작은꽃,<6E5C>어느쪽이좋아?","……큰꽃이랑작은꽃,<6E5C>어느쪽이좋아?"
dom3Shiki_L05.mes,Script/dom3Shiki_L05.mes,3,5,주인공,……へ?,……네?,……네?
dom3Shiki_L05.mes,Script/dom3Shiki_L05.mes,4,5,Shiki,どっち?,어느쪽?,어느쪽?
dom3Shiki_L05.mes,Script/dom3Shiki_L05.mes,5,11,[선택지],小さな花どちらでもない,작은 꽃\둘 다 아니다,작은 꽃\둘 다 아니다
dom3Shiki_L05.mes,Script/dom3Shiki_L05.mes,6,27,주인공,うーん、俺は女じゃないから、<6E5C>小さい花の方がいいかな,"음,전여자가아니니까,<6E5C>작은꽃이더나을것같아요","음,전여자가아니니까,<6E5C>작은꽃이더나을것같아요"
dom3Shiki_L05.mes,Script/dom3Shiki_L05.mes,7,12,Shiki,……河原で、待ってるわ,……강가에서기다릴게,……강가에서기다릴게
dom3Shiki_L05.mes,Script/dom3Shiki_L05.mes,8,19,주인공,え、なんて?<6E5C>……どういう意味だろう,"네, 뭐라고요?<6E5C>……무슨 뜻일까","네, 뭐라고요?<6E5C>……무슨 뜻일까"
dom3Shiki_L05.mes,Script/dom3Shiki_L05.mes,9,25,주인공,俺は女じゃないから、<6E5C>花のことはわからないですよ,"전여자가아니라서,<6E5C>꽃은잘몰라요","전여자가아니라서,<6E5C>꽃은잘몰라요"
dom3Shiki_L05.mes,Script/dom3Shiki_L05.mes,10,6,Shiki,……そうね,……그렇지,……그렇지
dom3Shiki_L05.mes,Script/dom3Shiki_L05.mes,11,21,주인공,それより、今は色さんの方が<6E5C>気になります,그보다지금은시키씨가<6E5C>더신경쓰여요,그보다지금은시키씨가<6E5C>더신경쓰여요
dom3Shiki_L05.mes,Script/dom3Shiki_L05.mes,12,3,Shiki,……,……,……
dom3Shiki_L05.mes,Script/dom3Shiki_L05.mes,13,29,주인공,色さんは、目の前にいてもすぐに<6E5C>消えてなくなりそうで……,시키씨는눈앞에있어도금방<6E5C>사라질것같아서……,시키씨는눈앞에있어도금방<6E5C>사라질것같아서……
dom3Shiki_L05.mes,Script/dom3Shiki_L05.mes,14,35,Shiki,そうね…….<6E5C>私はすぐに散って堕ちる、<6E5C>かよわい花にすぎないから……,그러네…….<6E5C>나는금방지고떨어지는<6E5C>연약한꽃일뿐이니까……,그러네…….<6E5C>나는금방지고떨어지는<6E5C>연약한꽃일뿐이니까……
dom3Shiki_L05.mes,Script/dom3Shiki_L05.mes,15,3,[효과음/내레이션],スッ,휙,휙
dom3Shiki_L05.mes,Script/dom3Shiki_L05.mes,16,8,주인공,あ、色さん!?,"아,시키씨!?","아,시키씨!?"
dom3Shiki_L05.mes,Script/dom3Shiki_L05.mes,17,13,주인공,(何だったんだろう……),(뭐였을까……),(뭐였을까……)
dom3Shiki_L05_2.mes,Script/dom3Shiki_L05_2.mes,0,23,주인공,(さすがにこの時間になると、<6E5C>誰もいないな),"(역시이시간되니까,<6E5C>아무도없구나)","(역시이시간되니까,<6E5C>아무도없구나)"
dom3Shiki_L05_2.mes,Script/dom3Shiki_L05_2.mes,1,3,[효과음/내레이션],ザッ,사각,사각
dom3Shiki_L05_2.mes,Script/dom3Shiki_L05_2.mes,2,7,UNKNOWN_1e,……お待たせ,……기다렸지,……기다렸지
dom3Shiki_L05_2.mes,Script/dom3Shiki_L05_2.mes,3,13,주인공,色さん、どうして俺を……,"시키씨,왜저를……","시키씨,왜저를……"
dom3Shiki_L05_2.mes,Script/dom3Shiki_L05_2.mes,4,3,Shiki,これ,이거,이거
dom3Shiki_L05_2.mes,Script/dom3Shiki_L05_2.mes,5,9,[효과음/내레이션],パチ……パチパチ,파직……파직파직,파직……파직파직
dom3Shiki_L05_2.mes,Script/dom3Shiki_L05_2.mes,6,8,주인공,あ……線香花火,아……선향불꽃,아……선향불꽃
dom3Shiki_L05_2.mes,Script/dom3Shiki_L05_2.mes,7,10,Shiki,私の好きな花火……,좋아하는불꽃……,좋아하는불꽃……
dom3Shiki_L05_2.mes,Script/dom3Shiki_L05_2.mes,8,9,주인공,きれいですね……,예쁘네요……,예쁘네요……
dom3Shiki_L05_2.mes,Script/dom3Shiki_L05_2.mes,9,28,Shiki,そう……儚くて、ひと呼吸だけ<6E5C>輝いて堕ちる……私のよう,그래……덧없이한호흡만<6E5C>빛나다지지……나처럼,그래……덧없이한호흡만<6E5C>빛나다지지……나처럼
dom3Shiki_L05_2.mes,Script/dom3Shiki_L05_2.mes,10,16,주인공,色さん……これを見せるために?,시키씨……이걸보여주려고?,시키씨……이걸보여주려고?
dom3Shiki_L05_2.mes,Script/dom3Shiki_L05_2.mes,11,32,Shiki,……あなたとなら、<6E5C>堕ちてもいいと思えたから……<6E5C>かもしれない,"……당신과 함께라면,<6E5C>떨어져도 좋겠다 싶었을지도<6E5C>몰라","……당신과 함께라면,<6E5C>떨어져도 좋겠다 싶었을지도<6E5C>몰라"
dom3Shiki_L05_2.mes,Script/dom3Shiki_L05_2.mes,12,13,주인공,俺といっしょに、ですか?,저랑 함께요?,저랑 함께요?
dom3Shiki_L05_2.mes,Script/dom3Shiki_L05_2.mes,13,28,Shiki,いえ、なんでもないわ.<6E5C>あなたは……生きているのだもの,"아니, 아무것도 아니야.<6E5C>당신은…… 살아 있는걸","아니, 아무것도 아니야.<6E5C>당신은…… 살아 있는걸"
dom3Shiki_L05_2.mes,Script/dom3Shiki_L05_2.mes,14,17,주인공,いっしょに、生きましょう、色さん,"함께살아가요,시키씨","함께살아가요,시키씨"
dom3Shiki_L05_2.mes,Script/dom3Shiki_L05_2.mes,15,5,Shiki,え……?,어……?,어……?
dom3Shiki_L05_2.mes,Script/dom3Shiki_L05_2.mes,16,19,주인공,線香花火、<6E5C>俺にも点けさせてください,"선향불꽃,<6E5C>저도 켜보게 해주세요","선향불꽃,<6E5C>저도 켜보게 해주세요"
dom3Shiki_L05_2.mes,Script/dom3Shiki_L05_2.mes,17,4,Shiki,あ……,아……,아……
dom3Shiki_L05_2.mes,Script/dom3Shiki_L05_2.mes,18,40,주인공,……今日、誘ってくれて、<6E5C>うれしいです.俺は、色さんと<6E5C>いっしょに生きたいです,"……오늘불러줘서,<6E5C>기뻐요.저는시키씨와<6E5C>함께살고싶어요","……오늘불러줘서,<6E5C>기뻐요.저는시키씨와<6E5C>함께살고싶어요"
dom3Shiki_L05_2.mes,Script/dom3Shiki_L05_2.mes,19,19,주인공,……というか、<6E5C>いっしょに頑張りたい,"……라고할까,<6E5C>같이힘내고싶어","……라고할까,<6E5C>같이힘내고싶어"
dom3Shiki_L05_2.mes,Script/dom3Shiki_L05_2.mes,20,16,주인공,……というか、えっと、要するに,"……라고할까,그러니까요컨대","……라고할까,그러니까요컨대"
dom3Shiki_L05_2.mes,Script/dom3Shiki_L05_2.mes,21,10,Shiki,ふふ……ありがとう,후후…… 고마워,후후…… 고마워
dom3Shiki_L05_2.mes,Script/dom3Shiki_L05_2.mes,22,6,주인공,色さん……,시키씨……,시키씨……
dom3Shiki_L05_2.mes,Script/dom3Shiki_L05_2.mes,23,34,주인공,(声を出して笑う色さんを<6E5C>見るのって、<6E5C>初めてかもしれないな……),"(소리내어웃는시키씨를<6E5C>보는건,<6E5C>처음일지도모르겠다……)","(소리내어웃는시키씨를<6E5C>보는건,<6E5C>처음일지도모르겠다……)"
dom3Shiki_L05_2.mes,Script/dom3Shiki_L05_2.mes,24,9,Shiki,……きれいね……,……예쁘네……,……예쁘네……
dom3Shiki_L05_2.mes,Script/dom3Shiki_L05_2.mes,25,7,[효과음/내레이션],パチパチ……,파직파직……,파직파직……
dom3Shiki_L06.mes,Script/dom3Shiki_L06.mes,0,7,[효과음/내레이션],ざわざわ……,웅성웅성……,웅성웅성……
dom3Shiki_L06.mes,Script/dom3Shiki_L06.mes,1,25,주인공,(また何かあったのか?<6E5C>まったく騒がしい町だな),(또 뭔 일 있었나?<6E5C>참 시끄러운 동네군),(또 뭔 일 있었나?<6E5C>참 시끄러운 동네군)
dom3Shiki_L06.mes,Script/dom3Shiki_L06.mes,2,10,주인공,(し、色さん!?),"(시, 시키!?)","(시, 시키!?)"
dom3Shiki_L06.mes,Script/dom3Shiki_L06.mes,3,33,UNKNOWN_40,)おい、うちの兄貴の誘いを断るとは<6E5C>どういうつもりだ!といいたい,")어이, 형님 초대를 거절하다니<6E5C>대체 무슨 생각이냐!",")어이, 형님 초대를 거절하다니<6E5C>대체 무슨 생각이냐!"
dom3Shiki_L06.mes,Script/dom3Shiki_L06.mes,4,17,Shiki,お前に、私と交わる資格はない……,네겐 어울릴 자격 없어……,네겐 어울릴 자격 없어……
dom3Shiki_L06.mes,Script/dom3Shiki_L06.mes,5,26,UNKNOWN_8c,ぬうぅ!<6E5C>わしらゴロツキ魂、<6E5C>みせたろやないかい!,"으윽!<6E5C>우리 양아치 근성,<6E5C>보여줘야지!","으윽!<6E5C>우리 양아치 근성,<6E5C>보여줘야지!"
dom3Shiki_L06.mes,Script/dom3Shiki_L06.mes,6,5,Kasumi,)へい!,)네!,)네!
dom3Shiki_L06.mes,Script/dom3Shiki_L06.mes,7,7,Shiki,……死ぬわよ,……죽는다,……죽는다
dom3Shiki_L06.mes,Script/dom3Shiki_L06.mes,8,11,주인공,(あ、危ない……!),"(아, 위험해…!)","(아, 위험해…!)"
dom3Shiki_L06.mes,Script/dom3Shiki_L06.mes,9,13,[선택지],ゴロツキを止める色を止める,양아치 막기\시키 막기,양아치 막기\시키 막기
dom3Shiki_L06.mes,Script/dom3Shiki_L06.mes,10,13,주인공,おい、お前たち!やめろ!,"이봐, 너희들! 그만둬","이봐, 너희들! 그만둬"
dom3Shiki_L06.mes,Script/dom3Shiki_L06.mes,11,13,UNKNOWN_18,)何だお前は、といいたい,")뭐냐, 넌?",")뭐냐, 넌?"
dom3Shiki_L06.mes,Script/dom3Shiki_L06.mes,12,29,Hotaru,-邪魔するなら、<6E5C>お前から先に始末してやる!<6E5C>といいたい,"-방해할 거라면,<6E5C>너부터 먼저 처리해주마!<6E5C>","-방해할 거라면,<6E5C>너부터 먼저 처리해주마!<6E5C>"
dom3Shiki_L06.mes,Script/dom3Shiki_L06.mes,13,4,[효과음/내레이션],バッ!,휙!,휙!
dom3Shiki_L06.mes,Script/dom3Shiki_L06.mes,14,7,주인공,やれやれ……,이거 참……,이거 참……
dom3Shiki_L06.mes,Script/dom3Shiki_L06.mes,15,4,[효과음/내레이션],チャッ,챙,챙
dom3Shiki_L06.mes,Script/dom3Shiki_L06.mes,16,4,[효과음/내레이션],バキッ!,퍽!,퍽!
dom3Shiki_L06.mes,Script/dom3Shiki_L06.mes,17,5,[효과음/내레이션],ドカッ!,쿵!,쿵!
dom3Shiki_L06.mes,Script/dom3Shiki_L06.mes,18,3,[효과음/내레이션],チン,챙,챙
dom3Shiki_L06.mes,Script/dom3Shiki_L06.mes,19,4,[효과음/내레이션],ドサッ,쿵,쿵
dom3Shiki_L06.mes,Script/dom3Shiki_L06.mes,20,25,주인공,ふぅ……みね打ちだ.<6E5C>そいつら連れてさっさと行け,후……칼등이다.<6E5C>그놈들 데리고 얼른 가라,후……칼등이다.<6E5C>그놈들 데리고 얼른 가라
dom3Shiki_L06.mes,Script/dom3Shiki_L06.mes,21,33,UNKNOWN_8c,な、何ですのん……わし、なぁ~ん<6E5C>も悪いことしとりまへんのに……,"무, 뭡니까……저는 아무<6E5C>짓도 안 했는데쓰……","무, 뭡니까……저는 아무<6E5C>짓도 안 했는데쓰……"
dom3Shiki_L06.mes,Script/dom3Shiki_L06.mes,22,7,[효과음/내레이션],ダダダッ……,다다닥……,다다닥……
dom3Shiki_L06.mes,Script/dom3Shiki_L06.mes,23,11,주인공,色さん、無事ですか?,"시키씨, 무사해?","시키씨, 무사해?"
dom3Shiki_L06.mes,Script/dom3Shiki_L06.mes,24,13,Shiki,……余計なことをしないで,……쓸데없는 짓 하지마,……쓸데없는 짓 하지마
dom3Shiki_L06.mes,Script/dom3Shiki_L06.mes,25,24,주인공,(よ、余計なこと?<6E5C>ひどい言われようだな……),"(쓰, 쓸데없는 짓?<6E5C>너무한 말이네……)","(쓰, 쓸데없는 짓?<6E5C>너무한 말이네……)"
dom3Shiki_L06.mes,Script/dom3Shiki_L06.mes,26,13,주인공,ちょ、ちょっと待ったー!,"자, 잠깐 기다려!","자, 잠깐 기다려!"
dom3Shiki_L06.mes,Script/dom3Shiki_L06.mes,27,13,UNKNOWN_18,)何だお前は、といいたい,")뭐냐, 넌?",")뭐냐, 넌?"
dom3Shiki_L06.mes,Script/dom3Shiki_L06.mes,28,25,주인공,お前たち、悪いことは言わないから<6E5C>おとなしく帰れ,너희 나쁜 말 안 할 테니<6E5C>얌전히 돌아가라,너희 나쁜 말 안 할 테니<6E5C>얌전히 돌아가라
dom3Shiki_L06.mes,Script/dom3Shiki_L06.mes,29,13,UNKNOWN_18,-ふざけるな、といいたい,-까불지 말라고,-까불지 말라고
dom3Shiki_L06.mes,Script/dom3Shiki_L06.mes,30,12,UNKNOWN_8c,そんな奴は放っとけや!,그런 놈 내버려둬라!,그런 놈 내버려둬라!
dom3Shiki_L06.mes,Script/dom3Shiki_L06.mes,31,7,UNKNOWN_0c,)へ、へい!,")네, 넵!",")네, 넵!"
dom3Shiki_L06.mes,Script/dom3Shiki_L06.mes,32,5,[효과음/내레이션],ダダッ!,다다닥!,다다닥!
dom3Shiki_L06.mes,Script/dom3Shiki_L06.mes,33,6,주인공,あ、こら!,아 이놈!,아 이놈!
dom3Shiki_L06.mes,Script/dom3Shiki_L06.mes,34,3,Shiki,……,……,……
dom3Shiki_L06.mes,Script/dom3Shiki_L06.mes,35,4,[효과음/내레이션],チャッ,챙,챙
dom3Shiki_L06.mes,Script/dom3Shiki_L06.mes,36,6,[효과음/내레이션],バシュッ!,슈욱!,슈욱!
dom3Shiki_L06.mes,Script/dom3Shiki_L06.mes,37,6,[효과음/내레이션],バシュッ!,슈욱!,슈욱!
dom3Shiki_L06.mes,Script/dom3Shiki_L06.mes,38,3,[효과음/내레이션],チン,챙,챙
dom3Shiki_L06.mes,Script/dom3Shiki_L06.mes,39,4,[효과음/내레이션],ドサッ,쿵,쿵
dom3Shiki_L06.mes,Script/dom3Shiki_L06.mes,40,14,주인공,あー……言わんこっちゃない,아……그러게 내가 뭐랬어,아……그러게 내가 뭐랬어
dom3Shiki_L06.mes,Script/dom3Shiki_L06.mes,41,15,UNKNOWN_1c,)つ、つよい……といいた……,")가, 강하다……",")가, 강하다……"
dom3Shiki_L06.mes,Script/dom3Shiki_L06.mes,42,29,주인공,ほら、色さんをこれ以上怒らせない<6E5C>うちに、さっさと消えろ,"자, 시키 씨를 더 화나게 하기<6E5C>전에, 얼른 꺼져라","자, 시키 씨를 더 화나게 하기<6E5C>전에, 얼른 꺼져라"
dom3Shiki_L06.mes,Script/dom3Shiki_L06.mes,43,33,UNKNOWN_8c,な、何ですのん……わし、なぁ~ん<6E5C>も悪いことしとりまへんのに……,"무, 뭡니까……저는 아무<6E5C>짓도 안 했는데쓰……","무, 뭡니까……저는 아무<6E5C>짓도 안 했는데쓰……"
dom3Shiki_L06.mes,Script/dom3Shiki_L06.mes,44,7,[효과음/내레이션],ダダダッ……,다다닥……,다다닥……
dom3Shiki_L06.mes,Script/dom3Shiki_L06.mes,45,12,주인공,色さん、大丈夫ですか?,"시키씨, 괜찮아요?","시키씨, 괜찮아요?"
dom3Shiki_L06.mes,Script/dom3Shiki_L06.mes,46,5,Shiki,……えぇ,……응,……응
dom3Shiki_L06.mes,Script/dom3Shiki_L06.mes,47,38,주인공,あの……あんまりやり過ぎない方が<6E5C>いいですよ.<6E5C>ああいう奴らはしつこいから,저기……너무 심하게 안 하는 게<6E5C>좋아요.<6E5C>저런 녀석들은 끈질기니까요,저기……너무 심하게 안 하는 게<6E5C>좋아요.<6E5C>저런 녀석들은 끈질기니까요
dom3Shiki_L06.mes,Script/dom3Shiki_L06.mes,48,6,Shiki,そうね……,그러네……,그러네……
dom3Shiki_L06.mes,Script/dom3Shiki_L06.mes,49,19,주인공,(しかし何だ?この色さんの強さは<6E5C>),(근데 뭐지? 시키씨 강함은<6E5C>),(근데 뭐지? 시키씨 강함은<6E5C>)
dom3Shiki_L07.mes,Script/dom3Shiki_L07.mes,0,7,[효과음/내레이션],べべん……♪,둥둥……♪,둥둥……♪
dom3Shiki_L07.mes,Script/dom3Shiki_L07.mes,1,10,[효과음/내레이션],とんてんてん……♪,둥기둥기둥……♪,둥기둥기둥……♪
dom3Shiki_L07.mes,Script/dom3Shiki_L07.mes,2,23,주인공,(今宵も色さんの三味線は<6E5C>冴えているな……),(오늘 밤도 시키씨 샤미센은<6E5C>절묘하네…),(오늘 밤도 시키씨 샤미센은<6E5C>절묘하네…)
dom3Shiki_L07.mes,Script/dom3Shiki_L07.mes,3,5,[효과음/내레이션],ハラ……,스륵……,스륵……
dom3Shiki_L07.mes,Script/dom3Shiki_L07.mes,4,19,주인공,(あ!<6E5C>色さんの着物がはだける……),(아!<6E5C>시키씨 옷이 풀어지네……),(아!<6E5C>시키씨 옷이 풀어지네……)
dom3Shiki_L07.mes,Script/dom3Shiki_L07.mes,5,5,[효과음/내레이션],べべん♪,둥둥♪,둥둥♪
dom3Shiki_L07.mes,Script/dom3Shiki_L07.mes,6,3,Shiki,……,……,……
dom3Shiki_L07.mes,Script/dom3Shiki_L07.mes,7,3,[효과음/내레이션],スッ,스윽,스윽
dom3Shiki_L07.mes,Script/dom3Shiki_L07.mes,8,5,주인공,あ……?,아……?,아……?
dom3Shiki_L07.mes,Script/dom3Shiki_L07.mes,9,31,주인공,(今、色さんが着物を直す前に<6E5C>ちらっと見えたのは……刺青?),(방금 시키씨가 옷 고칠 때<6E5C>얼핏 보인 건……문신?),(방금 시키씨가 옷 고칠 때<6E5C>얼핏 보인 건……문신?)
dom3Shiki_L07.mes,Script/dom3Shiki_L07.mes,10,11,Shiki,……何を見ているの?,……뭘 보는 거야?,……뭘 보는 거야?
dom3Shiki_L07.mes,Script/dom3Shiki_L07.mes,11,7,주인공,あ、いや……,"아, 아니…","아, 아니…"
dom3Shiki_L07.mes,Script/dom3Shiki_L07.mes,12,19,[선택지],刺青が見えたから……見て見ぬふりをする,문신이 보였다고 말한다\못 본 척한다,문신이 보였다고 말한다\못 본 척한다
dom3Shiki_L07.mes,Script/dom3Shiki_L07.mes,13,28,주인공,すいません……今、刺青が<6E5C>見えたような気がしたから……,죄송해요……방금 문신이<6E5C>보인 것 같아서요……,죄송해요……방금 문신이<6E5C>보인 것 같아서요……
dom3Shiki_L07.mes,Script/dom3Shiki_L07.mes,14,3,Shiki,……,……,……
dom3Shiki_L07.mes,Script/dom3Shiki_L07.mes,15,9,Shiki,……これのこと?,……이거 말야?,……이거 말야?
dom3Shiki_L07.mes,Script/dom3Shiki_L07.mes,16,5,[효과음/내레이션],パサ……,스륵……,스륵……
dom3Shiki_L07.mes,Script/dom3Shiki_L07.mes,17,6,주인공,……ごくり,……꿀꺽,……꿀꺽
dom3Shiki_L07.mes,Script/dom3Shiki_L07.mes,18,14,Shiki,禍々しい、呪われた刺青……,"불길한, 저주받은 문신…","불길한, 저주받은 문신…"
dom3Shiki_L07.mes,Script/dom3Shiki_L07.mes,19,14,주인공,ど、どうしてそんな刺青を?,"왜, 왜 그런 문신을?","왜, 왜 그런 문신을?"
dom3Shiki_L07.mes,Script/dom3Shiki_L07.mes,20,32,Shiki,……わからない.<6E5C>でも……思い出そうとすれば、<6E5C>心がざわつくわ,"……모르겠어.<6E5C>하지만……떠올리려 하면,<6E5C>마음이 술렁여","……모르겠어.<6E5C>하지만……떠올리려 하면,<6E5C>마음이 술렁여"
dom3Shiki_L07.mes,Script/dom3Shiki_L07.mes,21,39,Shiki,何か、闇から伸びる手に胸を<6E5C>つかまれそうな……ひどく不安な<6E5C>気配を感じる……,"뭔가, 어둠 속 손이 가슴을<6E5C>움켜쥘 것 같은 불안한<6E5C>기운이 느껴져……","뭔가, 어둠 속 손이 가슴을<6E5C>움켜쥘 것 같은 불안한<6E5C>기운이 느껴져……"
dom3Shiki_L07.mes,Script/dom3Shiki_L07.mes,22,24,주인공,思い出さない方がいいことなの<6E5C>かもしれませんね,떠올리지 않는 게 좋을<6E5C>지도 모르겠네요,떠올리지 않는 게 좋을<6E5C>지도 모르겠네요
dom3Shiki_L07.mes,Script/dom3Shiki_L07.mes,23,42,Shiki,そう……これはきっと、<6E5C>人に見せてはいけないもの……<6E5C>思い出してはいけないもの……,"그래……이건 분명,<6E5C>남에게 보여선 안 되는 것……<6E5C>떠올려선 안 되는 것……","그래……이건 분명,<6E5C>남에게 보여선 안 되는 것……<6E5C>떠올려선 안 되는 것……"
dom3Shiki_L07.mes,Script/dom3Shiki_L07.mes,24,13,주인공,ど、どうしてそれを俺に?,"어, 왜 그걸 나한테?","어, 왜 그걸 나한테?"
dom3Shiki_L07.mes,Script/dom3Shiki_L07.mes,25,31,Shiki,わからない…….あなたになら、<6E5C>見せてもいいような気がしたの,"모르겠어…….당신에게라면,<6E5C>보여줘도 될 것 같았어","모르겠어…….당신에게라면,<6E5C>보여줘도 될 것 같았어"
dom3Shiki_L07.mes,Script/dom3Shiki_L07.mes,26,26,주인공,……これが、色さんの記憶の<6E5C>鍵なのかもしれませんね,"……이게, 시키씨 기억의<6E5C>열쇠일지도 모르겠네요","……이게, 시키씨 기억의<6E5C>열쇠일지도 모르겠네요"
dom3Shiki_L07.mes,Script/dom3Shiki_L07.mes,27,34,Shiki,鍵……そうね.何かの鍵.<6E5C>開けてはいけない扉の……<6E5C>そんな気がする,열쇠……그러네. 뭔가의 열쇠.<6E5C>열면 안될 문의……<6E5C>그런 느낌,열쇠……그러네. 뭔가의 열쇠.<6E5C>열면 안될 문의……<6E5C>그런 느낌
dom3Shiki_L07.mes,Script/dom3Shiki_L07.mes,28,26,주인공,(呪われた刺青……いったい誰が<6E5C>そんなものを……),(저주받은 문신……대체 누가<6E5C>그런 걸……),(저주받은 문신……대체 누가<6E5C>그런 걸……)
dom3Shiki_L07.mes,Script/dom3Shiki_L07.mes,29,59,주인공,(昔、何かがあったん<6E5C>だろうけど……)<485C>(色さん自身は忘れてしまっている<6E5C>ようだし、あまり触れない方が<6E5C>いいだろう),"(옛날에, 뭔가 있었겠지<6E5C>만……)<485C>(시키 씨 본인은 잊어버린<6E5C>것 같으니, 너무 건드리지 않는 게<6E5C>좋겠지)","(옛날에, 뭔가 있었겠지<6E5C>만……)<485C>(시키 씨 본인은 잊어버린<6E5C>것 같으니, 너무 건드리지 않는 게<6E5C>좋겠지)"
dom3Shiki_L07.mes,Script/dom3Shiki_L07.mes,30,31,주인공,色さんがあまりに美しかったので、<6E5C>見とれてしまって.はは……,"시키씨가 너무 아름다워서,<6E5C>넋을 잃고 봤어요. 하하……","시키씨가 너무 아름다워서,<6E5C>넋을 잃고 봤어요. 하하……"
dom3Shiki_L07.mes,Script/dom3Shiki_L07.mes,31,5,Shiki,……そう,……그래,……그래
dom3Shiki_L07.mes,Script/dom3Shiki_L07.mes,32,28,주인공,(はぁ……俺は何を軟派な台詞を<6E5C>口にしてるんだか……),(하아……내가 무슨 느끼한 대사를<6E5C>내뱉는지……),(하아……내가 무슨 느끼한 대사를<6E5C>내뱉는지……)
dom3Shiki_L08.mes,Script/dom3Shiki_L08.mes,0,12,주인공,(あ、あれは色さん!),(저건 시키씨!),(저건 시키씨!)
dom3Shiki_L08.mes,Script/dom3Shiki_L08.mes,1,37,주인공,(今から蜜蜂屋みたいだな.<6E5C>もう、あまりお金もないけど、<6E5C>行こうか……),"(지금 미츠바치야에 가는것 같군.<6E5C>돈도 별로 없지만,<6E5C>가볼까……)","(지금 미츠바치야에 가는것 같군.<6E5C>돈도 별로 없지만,<6E5C>가볼까……)"
dom3Shiki_L08.mes,Script/dom3Shiki_L08.mes,2,6,[효과음/내레이션],べん……♪,둥……♪,둥……♪
dom3Shiki_L08.mes,Script/dom3Shiki_L08.mes,3,7,[효과음/내레이션],べべん……♪,둥둥……♪,둥둥……♪
dom3Shiki_L08.mes,Script/dom3Shiki_L08.mes,4,10,UNKNOWN_46,ひぇぇぇ、誰かぁ!,"으악, 사람 살려","으악, 사람 살려"
dom3Shiki_L08.mes,Script/dom3Shiki_L08.mes,5,6,UNKNOWN_1e,阿呆ゥが!,멍청이!,멍청이!
dom3Shiki_L08.mes,Script/dom3Shiki_L08.mes,6,5,[효과음/내레이션],ドガッ!,퍽!,퍽!
dom3Shiki_L08.mes,Script/dom3Shiki_L08.mes,7,7,주인공,な、何だ!?,뭐 뭐야!?,뭐 뭐야!?
dom3Shiki_L08.mes,Script/dom3Shiki_L08.mes,8,6,UNKNOWN_77,貴様が色か,시키냐?,시키냐?
dom3Shiki_L08.mes,Script/dom3Shiki_L08.mes,9,10,주인공,き、牙神幻十郎!?,"가, 겐주로!?","가, 겐주로!?"
dom3Shiki_L08.mes,Script/dom3Shiki_L08.mes,10,27,UNKNOWN_77,ん?何だ貴様.<6E5C>分もわきまえず、芸妓と色の稽古か<6E5C>?,음? 뭐냐 네놈.<6E5C>주제도 모르고 기생과 노냐<6E5C>?,음? 뭐냐 네놈.<6E5C>주제도 모르고 기생과 노냐<6E5C>?
dom3Shiki_L08.mes,Script/dom3Shiki_L08.mes,11,8,주인공,な、何の用だ?,무슨 일이지?,무슨 일이지?
dom3Shiki_L08.mes,Script/dom3Shiki_L08.mes,12,15,UNKNOWN_77,俺が用があるのはそっちの女よ,볼일 있는 건 그쪽 여자다,볼일 있는 건 그쪽 여자다
dom3Shiki_L08.mes,Script/dom3Shiki_L08.mes,13,3,Shiki,……,……,……
dom3Shiki_L08.mes,Script/dom3Shiki_L08.mes,14,46,UNKNOWN_77,ほう……俺を見ても眉ひとつ<6E5C>動かさんとは.なかなか面白い女だ<6E5C>.奴にくれてやるには惜しいな,호오……날 보고도 눈썹 하나<6E5C>까딱 안 하다니. 재밌군<6E5C>. 그놈 주기엔 아깝군,호오……날 보고도 눈썹 하나<6E5C>까딱 안 하다니. 재밌군<6E5C>. 그놈 주기엔 아깝군
dom3Shiki_L08.mes,Script/dom3Shiki_L08.mes,15,7,Shiki,……何か用?,……볼일?,……볼일?
dom3Shiki_L08.mes,Script/dom3Shiki_L08.mes,16,49,UNKNOWN_77,つまらん仕事だ.<6E5C>貴様を連れていくだけのな<485C>おとなしくついてくるならよし.<6E5C>さもなくば……斬る!,시시한 일이다.<6E5C>네놈을 데려가면 되는<485C>얌전히 따라오면 좋고.<6E5C>아니면……벤다!,시시한 일이다.<6E5C>네놈을 데려가면 되는<485C>얌전히 따라오면 좋고.<6E5C>아니면……벤다!
dom3Shiki_L08.mes,Script/dom3Shiki_L08.mes,17,13,주인공,(む、むちゃくちゃだ!),"(마, 말도 안 돼!)","(마, 말도 안 돼!)"
dom3Shiki_L08.mes,Script/dom3Shiki_L08.mes,18,15,[선택지],幻十郎を止める色を連れて逃げる,겐주로 저지\시키 데리고 도주,겐주로 저지\시키 데리고 도주
dom3Shiki_L08.mes,Script/dom3Shiki_L08.mes,19,6,주인공,ま、待て!,기다려!,기다려!
dom3Shiki_L08.mes,Script/dom3Shiki_L08.mes,20,11,UNKNOWN_77,貴様……何のつもりだ,네놈……무슨 짓이냐,네놈……무슨 짓이냐
dom3Shiki_L08.mes,Script/dom3Shiki_L08.mes,21,16,주인공,色さんを渡すわけにはいかない!,시키 씨를 넘길 수는 없어!,시키 씨를 넘길 수는 없어!
dom3Shiki_L08.mes,Script/dom3Shiki_L08.mes,22,6,UNKNOWN_77,阿呆ゥが!,멍청이!,멍청이!
dom3Shiki_L08.mes,Script/dom3Shiki_L08.mes,23,42,UNKNOWN_77,貴様ごときが立ちふさがった<6E5C>ところで、我が剣の前では風を<6E5C>薙ぐに等しいわ!死ねィ!,네놈 따위가 막아선들<6E5C>내 검 앞에선 바람을<6E5C>가르는 것과 같다! 죽어라!,네놈 따위가 막아선들<6E5C>내 검 앞에선 바람을<6E5C>가르는 것과 같다! 죽어라!
dom3Shiki_L08.mes,Script/dom3Shiki_L08.mes,24,6,[효과음/내레이션],バシュッ!,슈욱!,슈욱!
dom3Shiki_L08.mes,Script/dom3Shiki_L08.mes,25,8,주인공,うわぁぁぁ!!,으아아악!!,으아아악!!
dom3Shiki_L08.mes,Script/dom3Shiki_L08.mes,26,11,주인공,(……つ、強い……),"(……가, 강해…)","(……가, 강해…)"
dom3Shiki_L08.mes,Script/dom3Shiki_L08.mes,27,4,[효과음/내레이션],バタッ,쿵,쿵
dom3Shiki_L08.mes,Script/dom3Shiki_L08.mes,28,3,[효과음/내레이션],……,……,……
dom3Shiki_L08.mes,Script/dom3Shiki_L08.mes,29,4,주인공,う……,으……,으……
dom3Shiki_L08.mes,Script/dom3Shiki_L08.mes,30,19,주인공,し、色……さん?<6E5C>無事だったのか……,"시, 시키……씨?<6E5C>무사했나……","시, 시키……씨?<6E5C>무사했나……"
dom3Shiki_L08.mes,Script/dom3Shiki_L08.mes,31,29,Shiki,あの男なら、あなたを斬って……<6E5C>満足そうに帰っていったわ,"그 남자라면, 당신을 베고……<6E5C>만족스럽게 돌아갔어","그 남자라면, 당신을 베고……<6E5C>만족스럽게 돌아갔어"
dom3Shiki_L08.mes,Script/dom3Shiki_L08.mes,32,10,주인공,そ、そうですか……,"그, 그런가요……","그, 그런가요……"
dom3Shiki_L08.mes,Script/dom3Shiki_L08.mes,33,20,주인공,(闘って勝ち目はない……<6E5C>となれば!),(싸워도 승산 없다……<6E5C>그렇다면!),(싸워도 승산 없다……<6E5C>그렇다면!)
dom3Shiki_L08.mes,Script/dom3Shiki_L08.mes,34,4,[효과음/내레이션],バッ!,휙!,휙!
dom3Shiki_L08.mes,Script/dom3Shiki_L08.mes,35,10,주인공,色さん!逃げるぞ!,시키씨 도망치자!,시키씨 도망치자!
dom3Shiki_L08.mes,Script/dom3Shiki_L08.mes,36,4,Shiki,……!,……!,……!
dom3Shiki_L08.mes,Script/dom3Shiki_L08.mes,37,20,UNKNOWN_77,ほぅ.<6E5C>貴様……俺から逃げるつもりか?,"호오.<6E5C>네놈, 도망칠 셈이냐?","호오.<6E5C>네놈, 도망칠 셈이냐?"
dom3Shiki_L08.mes,Script/dom3Shiki_L08.mes,38,6,[효과음/내레이션],タタタッ!,다다닥!,다다닥!
dom3Shiki_L08_2.mes,Script/dom3Shiki_L08_2.mes,0,9,[효과음/내레이션],タッタッタッ……,다다닥……,다다닥……
dom3Shiki_L08_2.mes,Script/dom3Shiki_L08_2.mes,1,25,주인공,はぁ、はぁ……ここまで来れば、<6E5C>もう大丈夫だろう,"하아, 하아……여기까지 왔으면,<6E5C>괜찮겠지","하아, 하아……여기까지 왔으면,<6E5C>괜찮겠지"
dom3Shiki_L08_2.mes,Script/dom3Shiki_L08_2.mes,2,11,Shiki,……なぜ、逃げるの?,……왜 도망쳐?,……왜 도망쳐?
dom3Shiki_L08_2.mes,Script/dom3Shiki_L08_2.mes,3,30,주인공,なぜって……あのままあそこに<6E5C>いたら、色さんを守れないから,왜냐면……그대로 있었으면<6E5C>시키씨를 못 지키니까,왜냐면……그대로 있었으면<6E5C>시키씨를 못 지키니까
dom3Shiki_L08_2.mes,Script/dom3Shiki_L08_2.mes,4,14,Shiki,私に……守る価値などないわ,난……지킬 가치 없어,난……지킬 가치 없어
dom3Shiki_L08_2.mes,Script/dom3Shiki_L08_2.mes,5,39,주인공,それを決めるのは俺だ.<6E5C>俺は色さんが嫌がったって、<6E5C>俺のやりたいようにやる!,"그건 내가 정한다.<6E5C>시키씨가 싫어해도,<6E5C>내 뜻대로 할 거야!","그건 내가 정한다.<6E5C>시키씨가 싫어해도,<6E5C>내 뜻대로 할 거야!"
dom3Shiki_L08_2.mes,Script/dom3Shiki_L08_2.mes,6,21,Shiki,それでは……<6E5C>さっきの男と変わらない……,그럼……<6E5C>아까 그 남자와 같잖아……,그럼……<6E5C>아까 그 남자와 같잖아……
dom3Shiki_L08_2.mes,Script/dom3Shiki_L08_2.mes,7,9,주인공,う……そ、それは,"으……그, 그건","으……그, 그건"
dom3Shiki_L08_2.mes,Script/dom3Shiki_L08_2.mes,8,11,Shiki,冗談よ……ありがとう,농담이야……고마워,농담이야……고마워
dom3Shiki_L08_2.mes,Script/dom3Shiki_L08_2.mes,9,16,주인공,い、いや……そんな、礼など……,아니……그런 인사는……,아니……그런 인사는……
dom3Shiki_L08_2.mes,Script/dom3Shiki_L08_2.mes,10,26,주인공,(……それにしてもあの男、<6E5C>また来るだろうな……),"(그건 그렇고 그 남자,<6E5C>또 오겠지……)","(그건 그렇고 그 남자,<6E5C>또 오겠지……)"
dom3Shiki_L09.mes,Script/dom3Shiki_L09.mes,0,25,주인공,あれ、ふたりそろって店の前で何を<6E5C>してるんです?,"어라, 둘이 가게 앞에서 뭘<6E5C>하고 있어요?","어라, 둘이 가게 앞에서 뭘<6E5C>하고 있어요?"
dom3Shiki_L09.mes,Script/dom3Shiki_L09.mes,1,27,UNKNOWN_6d,旦那……色さんが、<6E5C>店に出れなくなっちまったんですよ,"나리……시키 씨가,<6E5C>가게에 못 나오게 됐어요","나리……시키 씨가,<6E5C>가게에 못 나오게 됐어요"
dom3Shiki_L09.mes,Script/dom3Shiki_L09.mes,2,5,주인공,えぇ!?,네에!?,네에!?
dom3Shiki_L09.mes,Script/dom3Shiki_L09.mes,3,48,UNKNOWN_6d,ここのところ、色さんを探しに<6E5C>やくざ者が出入りするようになって<6E5C>……お客さんたちが怖がってねぇ,"요즘, 시키 씨를 찾으러<6E5C>야쿠자들이 드나들게 돼서<6E5C>……손님들이 무서워하지 뭐예요","요즘, 시키 씨를 찾으러<6E5C>야쿠자들이 드나들게 돼서<6E5C>……손님들이 무서워하지 뭐예요"
dom3Shiki_L09.mes,Script/dom3Shiki_L09.mes,4,45,UNKNOWN_6d,あちきは嫌だけど、<6E5C>お客さんの身を危険にさらすわけには<6E5C>いかないし……<485C>ごめんよ、色さん,"저는 싫지만,<6E5C>손님을 위험에 빠뜨릴 수는<6E5C>없으니……<485C>미안해, 시키 씨","저는 싫지만,<6E5C>손님을 위험에 빠뜨릴 수는<6E5C>없으니……<485C>미안해, 시키 씨"
dom3Shiki_L09.mes,Script/dom3Shiki_L09.mes,5,27,Shiki,……いいの.<6E5C>私が消えれば、<6E5C>それでいいのだから……,"……괜찮아.<6E5C>내가 사라지면,<6E5C>그걸로 되니까……","……괜찮아.<6E5C>내가 사라지면,<6E5C>그걸로 되니까……"
dom3Shiki_L09.mes,Script/dom3Shiki_L09.mes,6,8,UNKNOWN_6d,あ……色さん!,아……시키씨!,아……시키씨!
dom3Shiki_L09.mes,Script/dom3Shiki_L09.mes,7,6,주인공,色さん……,시키……,시키……
dom3Shiki_L09.mes,Script/dom3Shiki_L09.mes,8,25,주인공,(俺にできることって……<6E5C>何かあるんだろうか?),(내가 할 수 있는 일이……<6E5C>뭔가 있을까?),(내가 할 수 있는 일이……<6E5C>뭔가 있을까?)
dom3Shiki_L09.mes,Script/dom3Shiki_L09.mes,9,17,[선택지],千夜に詳しい話を閉く色を追いかける,치요에게 듣는다\시키 뒤쫓기,치요에게 듣는다\시키 뒤쫓기
dom3Shiki_L09.mes,Script/dom3Shiki_L09.mes,10,25,주인공,千夜さん、もう少し詳しい話を<6E5C>閉かせてくれますか,"치요씨, 좀 더 자세한 이야기를<6E5C>들려주실래요","치요씨, 좀 더 자세한 이야기를<6E5C>들려주실래요"
dom3Shiki_L09.mes,Script/dom3Shiki_L09.mes,11,34,UNKNOWN_6d,……どうも、色さんの着物に<6E5C>ご禁制の薬が入っていた<6E5C>らしいんですよ,"……아무래도, 시키씨 기모노에<6E5C>금지된 약이 있었던<6E5C>모양이에요","……아무래도, 시키씨 기모노에<6E5C>금지된 약이 있었던<6E5C>모양이에요"
dom3Shiki_L09.mes,Script/dom3Shiki_L09.mes,12,71,UNKNOWN_6d,あちきは間違いなくやくざ者の<6E5C>しわざだと踏んでるんですけど……<485C>びびっちまったお客が、<6E5C>『色もやくざの仲間じゃないのか』<6E5C>って言い出してねぇ,"저는 틀림없이 야쿠자들의<6E5C>짓이라고 보고 있지만요……<485C>겁먹은 손님이,<6E5C>『시키도 야쿠자 한패 아니냐』<6E5C>라고 말을 꺼내서요","저는 틀림없이 야쿠자들의<6E5C>짓이라고 보고 있지만요……<485C>겁먹은 손님이,<6E5C>『시키도 야쿠자 한패 아니냐』<6E5C>라고 말을 꺼내서요"
dom3Shiki_L09.mes,Script/dom3Shiki_L09.mes,13,6,주인공,そんな……,그런……,그런……
dom3Shiki_L09.mes,Script/dom3Shiki_L09.mes,14,44,UNKNOWN_6d,旦那……あちきが頼むのは筋違い<6E5C>かもしれないけど、色さんを<6E5C>救ってやってくれないかい?,"나리……제가 부탁하는 게 이상할<6E5C>수도 있지만, 시키씨를<6E5C>구해주지 않겠어요?","나리……제가 부탁하는 게 이상할<6E5C>수도 있지만, 시키씨를<6E5C>구해주지 않겠어요?"
dom3Shiki_L09.mes,Script/dom3Shiki_L09.mes,15,28,UNKNOWN_6d,色さん、旦那にはずいぶんと心を<6E5C>開いていたようだし……,"시키씨, 나리한테는 꽤 마음을<6E5C>열었던 것 같고……","시키씨, 나리한테는 꽤 마음을<6E5C>열었던 것 같고……"
dom3Shiki_L09.mes,Script/dom3Shiki_L09.mes,16,9,주인공,……わかりました,……알겠습니다,……알겠습니다
dom3Shiki_L09.mes,Script/dom3Shiki_L09.mes,17,28,UNKNOWN_6d,めずらしく頼もしいねぇ、旦那!<6E5C>よろしく頼みましたよ!,"웬일로 든든하네요, 나리!<6E5C>잘 부탁드려요!","웬일로 든든하네요, 나리!<6E5C>잘 부탁드려요!"
dom3Shiki_L09.mes,Script/dom3Shiki_L09.mes,18,11,주인공,任せてください……!,맡겨주세요……!,맡겨주세요……!
dom3Shiki_L09.mes,Script/dom3Shiki_L09.mes,19,13,주인공,俺、色さんを追いかけます,시키씨를 쫓겠습니다,시키씨를 쫓겠습니다
dom3Shiki_L09.mes,Script/dom3Shiki_L09.mes,20,11,UNKNOWN_6d,頼みましたよ、旦那!,"부탁드려요, 나리!","부탁드려요, 나리!"
dom3Shiki_L09.mes,Script/dom3Shiki_L09.mes,21,9,[효과음/내레이션],タッタッタッ……,다다닥……,다다닥……
dom3Shiki_L09.mes,Script/dom3Shiki_L09.mes,22,5,주인공,色さん!,시키씨!,시키씨!
dom3Shiki_L09.mes,Script/dom3Shiki_L09.mes,23,21,Shiki,もう、いい…….<6E5C>私のことは放っておいて,"이제, 됐어…….<6E5C>나는 신경 쓰지 마","이제, 됐어…….<6E5C>나는 신경 쓰지 마"
dom3Shiki_L09.mes,Script/dom3Shiki_L09.mes,24,5,주인공,しかし!,하지만!,하지만!
dom3Shiki_L09.mes,Script/dom3Shiki_L09.mes,25,8,Shiki,もう、いい……,"이제, 됐어…","이제, 됐어…"
dom3Shiki_L09.mes,Script/dom3Shiki_L09.mes,26,3,[효과음/내레이션],スッ,스윽,스윽
dom3Shiki_L09.mes,Script/dom3Shiki_L09.mes,27,8,주인공,(色さん……),(시키씨……),(시키씨……)
dom3Shiki_L10.mes,Script/dom3Shiki_L10.mes,0,3,주인공,ん?,음?,음?
dom3Shiki_L10.mes,Script/dom3Shiki_L10.mes,1,43,주인공,(色さんだ……あんな格好で、<6E5C>どこに行くんだ?蜜蜂屋は<6E5C>追い出されたはずなのに……),"(시키씨다……저런 차림으로,<6E5C>어딜 가지? 미츠바치야에서<6E5C>쫓겨났을 텐데……)","(시키씨다……저런 차림으로,<6E5C>어딜 가지? 미츠바치야에서<6E5C>쫓겨났을 텐데……)"
dom3Shiki_L10.mes,Script/dom3Shiki_L10.mes,2,3,[효과음/내레이션],スッ,스윽,스윽
dom3Shiki_L10.mes,Script/dom3Shiki_L10.mes,3,30,주인공,(むむ……あの様子、ただごと<6E5C>じゃない!追いかけないと!),"(음음……저 모습, 심상치<6E5C>않아! 쫓아가야 해!)","(음음……저 모습, 심상치<6E5C>않아! 쫓아가야 해!)"
dom3Shiki_L10.mes,Script/dom3Shiki_L10.mes,4,7,[효과음/내레이션],タッタッタッ,다다닥,다다닥
dom3Shiki_L10.mes,Script/dom3Shiki_L10.mes,5,26,주인공,(こんな町はずれに来て、<6E5C>何をするつもりだ……?),"(이런 변두리까지 와서,<6E5C>뭘 하려는 거지?)","(이런 변두리까지 와서,<6E5C>뭘 하려는 거지?)"
dom3Shiki_L10.mes,Script/dom3Shiki_L10.mes,6,3,Shiki,……,……,……
dom3Shiki_L10.mes,Script/dom3Shiki_L10.mes,7,5,[효과음/내레이션],ゴソゴソ,부스럭,부스럭
dom3Shiki_L10.mes,Script/dom3Shiki_L10.mes,8,11,주인공,(あ……あれは!?),(아……저건!?),(아……저건!?)
dom3Shiki_L10.mes,Script/dom3Shiki_L10.mes,9,5,주인공,色さん!,시키씨!,시키씨!
dom3Shiki_L10.mes,Script/dom3Shiki_L10.mes,10,2,Shiki,!,!,!
dom3Shiki_L10.mes,Script/dom3Shiki_L10.mes,11,10,Shiki,……私に、何か用?,……나한테 볼일?,……나한테 볼일?
dom3Shiki_L10.mes,Script/dom3Shiki_L10.mes,12,32,주인공,色さん!その手に持っているのは<6E5C>……ご禁制の薬じゃないのか!?,시키씨! 그 손에 든 건<6E5C>……금지된 약 아니야!?,시키씨! 그 손에 든 건<6E5C>……금지된 약 아니야!?
dom3Shiki_L10.mes,Script/dom3Shiki_L10.mes,13,43,Shiki,……あなたもこれがほしいの?<6E5C>私といっしょに堕ちるというのなら<6E5C>、吸わせてあげる……,"……당신도 이게 갖고 싶어?<6E5C>나와 함께 타락하겠다면<6E5C>, 피우게 해줄게……","……당신도 이게 갖고 싶어?<6E5C>나와 함께 타락하겠다면<6E5C>, 피우게 해줄게……"
dom3Shiki_L10.mes,Script/dom3Shiki_L10.mes,14,5,주인공,く……!,큭……!,큭……!
dom3Shiki_L10.mes,Script/dom3Shiki_L10.mes,15,13,[선택지],力づくで止める怒鳴りつける,힘으로 막는다\호통친다,힘으로 막는다\호통친다
dom3Shiki_L10.mes,Script/dom3Shiki_L10.mes,16,21,주인공,と、とにかくそんなもの<6E5C>早く捨てるんだ!,"아, 아무튼 그런 건<6E5C>빨리 버려!","아, 아무튼 그런 건<6E5C>빨리 버려!"
dom3Shiki_L10.mes,Script/dom3Shiki_L10.mes,17,16,Shiki,なぜ?……あなたには関係ないわ,왜?……당신하고는 상관없어,왜?……당신하고는 상관없어
dom3Shiki_L10.mes,Script/dom3Shiki_L10.mes,18,23,Shiki,もう、どうでもいいの.<6E5C>どこまで堕ちても……,이제 상관없어.<6E5C>어디까지 떨어져도……,이제 상관없어.<6E5C>어디까지 떨어져도……
dom3Shiki_L10.mes,Script/dom3Shiki_L10.mes,19,28,주인공,うむむ……口で言ってわからない<6E5C>なら、力づくでも……!,"으으음……말로 해서 모르겠다<6E5C>면, 힘으로라도……!","으으음……말로 해서 모르겠다<6E5C>면, 힘으로라도……!"
dom3Shiki_L10.mes,Script/dom3Shiki_L10.mes,20,4,[효과음/내레이션],ダッ!,탓!,탓!
dom3Shiki_L10.mes,Script/dom3Shiki_L10.mes,21,6,[효과음/내레이션],バシュッ!,슈욱!,슈욱!
dom3Shiki_L10.mes,Script/dom3Shiki_L10.mes,22,12,주인공,ぐあああぁぁぁ~!!!,크아아아악~!!!,크아아아악~!!!
dom3Shiki_L10.mes,Script/dom3Shiki_L10.mes,23,4,[효과음/내레이션],バタッ,쿵,쿵
dom3Shiki_L10.mes,Script/dom3Shiki_L10.mes,24,29,주인공,(う、うぅ、しまった……<6E5C>色さんって、強いんだった……),"(으, 으윽, 이런……<6E5C>시키 씨, 강했었지……)","(으, 으윽, 이런……<6E5C>시키 씨, 강했었지……)"
dom3Shiki_L10.mes,Script/dom3Shiki_L10.mes,25,8,주인공,馬鹿者っ!!!,바보녀석!!!,바보녀석!!!
dom3Shiki_L10.mes,Script/dom3Shiki_L10.mes,26,2,Shiki,!,!,!
dom3Shiki_L10.mes,Script/dom3Shiki_L10.mes,27,35,주인공,いい加減にしないか!<6E5C>いつまで自分から逃げ続ければ<6E5C>気が済むんだ!?,적당히 해!<6E5C>언제까지 도망만 쳐야<6E5C>속이 시원하겠어!?,적당히 해!<6E5C>언제까지 도망만 쳐야<6E5C>속이 시원하겠어!?
dom3Shiki_L10.mes,Script/dom3Shiki_L10.mes,28,54,주인공,そうやってあなたを大切に思う<6E5C>人間の気持ちまで裏切って、<485C>悪魔に魂を売って六道魔界へ<6E5C>でも堕ちるつもりか!,"그렇게 당신을 아끼는<6E5C>사람들 마음까지 배신하고,<485C>악마에 영혼 팔아 육도마계로<6E5C>떨어질 셈이냐!","그렇게 당신을 아끼는<6E5C>사람들 마음까지 배신하고,<485C>악마에 영혼 팔아 육도마계로<6E5C>떨어질 셈이냐!"
dom3Shiki_L10.mes,Script/dom3Shiki_L10.mes,29,7,Shiki,……わ、私は,"……나, 난","……나, 난"
dom3Shiki_L10.mes,Script/dom3Shiki_L10.mes,30,32,주인공,こんな物に逃げて……一度も闘おう<6E5C>とせず、すべてを捨てるのか!,이런 것에 도망쳐서……싸우지 않고<6E5C>모든 걸 버리는 거냐!,이런 것에 도망쳐서……싸우지 않고<6E5C>모든 걸 버리는 거냐!
dom3Shiki_L10.mes,Script/dom3Shiki_L10.mes,31,44,주인공,……なぜ、どうしてひとりで<6E5C>行こうとする!?<485C>どうして俺を……俺を<6E5C>信じて頼らない!!,"……왜, 어째서 혼자<6E5C>가려는 거야!?<485C>왜 날……날<6E5C>믿고 의지 안 해!!","……왜, 어째서 혼자<6E5C>가려는 거야!?<485C>왜 날……날<6E5C>믿고 의지 안 해!!"
dom3Shiki_L10.mes,Script/dom3Shiki_L10.mes,32,6,Shiki,う……うぅ,으……으윽,으……으윽
dom3Shiki_L10.mes,Script/dom3Shiki_L10.mes,33,60,주인공,この世界に意味があろうと<6E5C>なかろうと、今こうして<6E5C>生きている俺たちは<485C>このぬくもりを信じて生きれば<6E5C>いいじゃないか!!,"이 세계에 의미가 있든<6E5C>없든, 지금 이렇게<6E5C>살아 있는 우리는<485C>이 온기를 믿고 살아가면<6E5C>되는 거잖아!!","이 세계에 의미가 있든<6E5C>없든, 지금 이렇게<6E5C>살아 있는 우리는<485C>이 온기를 믿고 살아가면<6E5C>되는 거잖아!!"
dom3Shiki_L10.mes,Script/dom3Shiki_L10.mes,34,10,Shiki,信じて……いいの?,믿어도 돼?,믿어도 돼?
dom3Shiki_L10.mes,Script/dom3Shiki_L10.mes,35,8,주인공,当たり前だ!!,당연하잖아!!,당연하잖아!!
dom3Shiki_L10.mes,Script/dom3Shiki_L10.mes,36,3,Shiki,……,……,……
dom3Shiki_L10.mes,Script/dom3Shiki_L10.mes,37,11,주인공,さぁ、もう行こう……,"자, 이제 가자……","자, 이제 가자……"
dom3Shiki_L10.mes,Script/dom3Shiki_L10.mes,38,3,Shiki,……,……,……
dom3Shiki_L10.mes,Script/dom3Shiki_L10.mes,39,4,[효과음/내레이션],コクン,끄덕,끄덕
dom3Shiki_L10.mes,Script/dom3Shiki_L10.mes,40,15,주인공,(……色さんは、俺が守る!),(시키씨는 내가 지킨다!),(시키씨는 내가 지킨다!)
dom3Shiki_M01.mes,Script/dom3Shiki_M01.mes,0,13,UNKNOWN_1e,おう、ちょっと付き合えよ,"어이, 잠깐 놀아줘","어이, 잠깐 놀아줘"
dom3Shiki_M01.mes,Script/dom3Shiki_M01.mes,1,23,UNKNOWN_1e,……お前では、<6E5C>私と交わることはできない……,"……네놈으론,<6E5C>나와 어울릴 수 없어……","……네놈으론,<6E5C>나와 어울릴 수 없어……"
dom3Shiki_M01.mes,Script/dom3Shiki_M01.mes,2,3,주인공,ん?,음?,음?
dom3Shiki_M01.mes,Script/dom3Shiki_M01.mes,3,24,UNKNOWN_74,そう言うなよ.<6E5C>楽しいところに連れてってやるぜ,그러지 말라고.<6E5C>재밌는 데 데려가 줄게,그러지 말라고.<6E5C>재밌는 데 데려가 줄게
dom3Shiki_M01.mes,Script/dom3Shiki_M01.mes,4,6,Shiki,……死んで,……죽어,……죽어
dom3Shiki_M01.mes,Script/dom3Shiki_M01.mes,5,4,[효과음/내레이션],チャッ,챙,챙
dom3Shiki_M01.mes,Script/dom3Shiki_M01.mes,6,5,[효과음/내레이션],ヒュッ!,휙!,휙!
dom3Shiki_M01.mes,Script/dom3Shiki_M01.mes,7,44,UNKNOWN_74,うわわ!テ、テメェ、<6E5C>いきなり刀を抜くって……!<485C>声かけただけで、<6E5C>そりゃァねぇだろ!,"으악! 너, 갑자기<6E5C>칼을 뽑다니……!<485C>말만 걸었는데,<6E5C>너무하잖아!","으악! 너, 갑자기<6E5C>칼을 뽑다니……!<485C>말만 걸었는데,<6E5C>너무하잖아!"
dom3Shiki_M01.mes,Script/dom3Shiki_M01.mes,8,19,주인공,(今の色さんの太刀筋……本気だ!<6E5C>),(방금 시키의 검술……진심이다<6E5C>),(방금 시키의 검술……진심이다<6E5C>)
dom3Shiki_M01.mes,Script/dom3Shiki_M01.mes,9,13,[선택지],成り行きを見守る止めに入る,지켜본다\싸움을 말린다,지켜본다\싸움을 말린다
dom3Shiki_M01.mes,Script/dom3Shiki_M01.mes,10,60,주인공,(とはいえ、狂エ門もそう簡単に<6E5C>斬られる男ではないだろう)<485C>(止めに入って文句を言われても<6E5C>かなわんし、放っておくか),"(하긴, 쿄에몬도 그리 쉽게<6E5C>베일 놈은 아니겠지)<485C>(말렸다가 트집 잡혀도<6E5C>곤란하니, 내버려 둘까)","(하긴, 쿄에몬도 그리 쉽게<6E5C>베일 놈은 아니겠지)<485C>(말렸다가 트집 잡혀도<6E5C>곤란하니, 내버려 둘까)"
dom3Shiki_M01.mes,Script/dom3Shiki_M01.mes,11,28,UNKNOWN_74,く……冗談じゃねぇ、<6E5C>テメェの相手なんてしてられるか!,"큭……농담 마,<6E5C>네놈 상대나 하고 있을까 보냐!","큭……농담 마,<6E5C>네놈 상대나 하고 있을까 보냐!"
dom3Shiki_M01.mes,Script/dom3Shiki_M01.mes,12,23,Shiki,……そう、みんな私から去って<6E5C>いけばいい……,"……그래, 다들 나를 떠나<6E5C>가면 돼……","……그래, 다들 나를 떠나<6E5C>가면 돼……"
dom3Shiki_M01.mes,Script/dom3Shiki_M01.mes,13,44,주인공,(し、色さんに軽はずみな気持ちで<6E5C>声をかけるのは、やめておいた方が<6E5C>よさそうだな……),"(시, 시키 씨한테 경솔하게<6E5C>말을 거는 건, 그만두는 게<6E5C>좋을 것 같군……)","(시, 시키 씨한테 경솔하게<6E5C>말을 거는 건, 그만두는 게<6E5C>좋을 것 같군……)"
dom3Shiki_M01.mes,Script/dom3Shiki_M01.mes,14,6,Shiki,死になさい,죽어,죽어
dom3Shiki_M01.mes,Script/dom3Shiki_M01.mes,15,9,주인공,ちょっと待った!,잠깐 기다려!,잠깐 기다려!
dom3Shiki_M01.mes,Script/dom3Shiki_M01.mes,16,20,UNKNOWN_74,なんだテメェ!<6E5C>邪魔するんじゃねぇよ!,"뭐야, 넌!<6E5C>방해하지 말라고!","뭐야, 넌!<6E5C>방해하지 말라고!"
dom3Shiki_M01.mes,Script/dom3Shiki_M01.mes,17,44,주인공,邪魔って……今の太刀筋を見た<6E5C>だろう.お前はここで本気の命の<6E5C>やりとりをするつもりか?,방해라니……방금 그 검술을<6E5C>봤겠지.너 여기서 진짜 목숨을<6E5C>걸 셈이냐?,방해라니……방금 그 검술을<6E5C>봤겠지.너 여기서 진짜 목숨을<6E5C>걸 셈이냐?
dom3Shiki_M01.mes,Script/dom3Shiki_M01.mes,18,6,UNKNOWN_74,……ちっ!,……칫!,……칫!
dom3Shiki_M01.mes,Script/dom3Shiki_M01.mes,19,11,주인공,色さんも、刀を納めて,"시키, 칼 거둬요","시키, 칼 거둬요"
dom3Shiki_M01.mes,Script/dom3Shiki_M01.mes,20,3,Shiki,……,……,……
dom3Shiki_M01.mes,Script/dom3Shiki_M01.mes,21,3,[효과음/내레이션],スッ,스윽,스윽
dom3Shiki_M01.mes,Script/dom3Shiki_M01.mes,22,29,주인공,(ふぅ、なんで俺が喧嘩の仲裁を<6E5C>しなきゃならんのだ……),"(휴, 왜 내가 싸움을 말려야<6E5C>하는 건지……)","(휴, 왜 내가 싸움을 말려야<6E5C>하는 건지……)"
dom3Shiki_M02.mes,Script/dom3Shiki_M02.mes,0,26,UNKNOWN_6d,旦那、今日はどちらにお酌をして<6E5C>ほしいんですかい?,"나리, 오늘은 누구한테 술을<6E5C>따라드릴까요?","나리, 오늘은 누구한테 술을<6E5C>따라드릴까요?"
dom3Shiki_M02.mes,Script/dom3Shiki_M02.mes,1,3,Shiki,……,……,……
dom3Shiki_M02.mes,Script/dom3Shiki_M02.mes,2,6,주인공,えっと……,음……,음……
dom3Shiki_M02.mes,Script/dom3Shiki_M02.mes,3,19,[선택지],色さんに頼もうかな千夜さんに頼もうかな,시키한테 부탁할까\치요한테 부탁할까,시키한테 부탁할까\치요한테 부탁할까
dom3Shiki_M02.mes,Script/dom3Shiki_M02.mes,4,16,주인공,それじゃ、色さんにお願いします,"그럼, 시키한테 부탁할게요","그럼, 시키한테 부탁할게요"
dom3Shiki_M02.mes,Script/dom3Shiki_M02.mes,5,41,UNKNOWN_6d,あらあら……妨けるじゃないか.<6E5C>ホラ、色さん、ご指名だよ.<6E5C>色さんが愛おしいって,"어머어머……샘나잖아.<6E5C>이봐, 시키 씨, 지명이야.<6E5C>시키 씨가 사랑스럽다니","어머어머……샘나잖아.<6E5C>이봐, 시키 씨, 지명이야.<6E5C>시키 씨가 사랑스럽다니"
dom3Shiki_M02.mes,Script/dom3Shiki_M02.mes,6,17,주인공,いや、そこまで言ってないですよ!,"아니, 그렇게까진 안 했어요!","아니, 그렇게까진 안 했어요!"
dom3Shiki_M02.mes,Script/dom3Shiki_M02.mes,7,25,주인공,そんなこと言ったら、<6E5C>色さんに怒られてしまう……,"그런 말 하면,<6E5C>시키 씨한테 혼나겠는데……","그런 말 하면,<6E5C>시키 씨한테 혼나겠는데……"
dom3Shiki_M02.mes,Script/dom3Shiki_M02.mes,8,3,Shiki,……,……,……
dom3Shiki_M02.mes,Script/dom3Shiki_M02.mes,9,10,주인공,(……あ、あれ?),(……어라?),(……어라?)
dom3Shiki_M02.mes,Script/dom3Shiki_M02.mes,10,21,UNKNOWN_6d,フフ、照れない照れない.<6E5C>ほら、色さんも,"후후, 부끄러워 말고.<6E5C>자, 시키도","후후, 부끄러워 말고.<6E5C>자, 시키도"
dom3Shiki_M02.mes,Script/dom3Shiki_M02.mes,11,5,Shiki,えぇ……,네……,네……
dom3Shiki_M02.mes,Script/dom3Shiki_M02.mes,12,7,[효과음/내레이션],とくとく……,졸졸……,졸졸……
dom3Shiki_M02.mes,Script/dom3Shiki_M02.mes,13,27,주인공,(へぇ……千夜さんの言うことには<6E5C>素直なんだな……),(허……치요 씨 말은<6E5C>고분고분 잘 듣는구나……),(허……치요 씨 말은<6E5C>고분고분 잘 듣는구나……)
dom3Shiki_M02.mes,Script/dom3Shiki_M02.mes,14,20,주인공,それじゃ、<6E5C>千夜さんにお願いしようかな,"그럼,<6E5C>치요 씨한테 부탁해 볼까나","그럼,<6E5C>치요 씨한테 부탁해 볼까나"
dom3Shiki_M02.mes,Script/dom3Shiki_M02.mes,15,16,UNKNOWN_6d,あら、あちきでいいんですかい?,"어머, 저라도 괜찮겠어요?","어머, 저라도 괜찮겠어요?"
dom3Shiki_M02.mes,Script/dom3Shiki_M02.mes,16,15,주인공,いや、そんなに深い意味は……,"아니, 그리 깊은 뜻은……","아니, 그리 깊은 뜻은……"
dom3Shiki_M02.mes,Script/dom3Shiki_M02.mes,17,23,UNKNOWN_6d,いやだね、旦那.<6E5C>あちきのお酌は高いですよ?,"싫은데요, 나리.<6E5C>제 술은 비싸다고요?","싫은데요, 나리.<6E5C>제 술은 비싸다고요?"
dom3Shiki_M02.mes,Script/dom3Shiki_M02.mes,18,8,Shiki,……楽しそうね,……즐겁네,……즐겁네
dom3Shiki_M02.mes,Script/dom3Shiki_M02.mes,19,39,UNKNOWN_6d,そらそうだよ.自分が楽しまなきゃ<6E5C>、客を楽しませるなんて<6E5C>できやしないからね,그야 그렇지.자기가 즐겁지 않으면<6E5C>손님을 즐겁게 할 수<6E5C>없으니까,그야 그렇지.자기가 즐겁지 않으면<6E5C>손님을 즐겁게 할 수<6E5C>없으니까
dom3Shiki_M02.mes,Script/dom3Shiki_M02.mes,20,6,UNKNOWN_6d,はい、旦那,"네, 나리","네, 나리"
dom3Shiki_M02.mes,Script/dom3Shiki_M02.mes,21,7,[효과음/내레이션],とくとく……,졸졸……,졸졸……
dom3Shiki_M02.mes,Script/dom3Shiki_M02.mes,22,27,주인공,(すごいな、千夜さん.<6E5C>色さんと普通に話してる……),"(대단하네, 치요 씨.<6E5C>시키랑 잘 얘기하네……)","(대단하네, 치요 씨.<6E5C>시키랑 잘 얘기하네……)"
dom3Shiki_M03.mes,Script/dom3Shiki_M03.mes,0,51,주인공,(すっかり暗くなってしまっ<6E5C>た……)<485C>(ん?人影が……<6E5C>こんな夜更けに誰だ?<6E5C>まさか、もののけ!?),"(완전히 어두워졌<6E5C>군……)<485C>(음? 사람 그림자가……<6E5C>이 밤중에 누구지?<6E5C>설마, 요괴!?)","(완전히 어두워졌<6E5C>군……)<485C>(음? 사람 그림자가……<6E5C>이 밤중에 누구지?<6E5C>설마, 요괴!?)"
dom3Shiki_M03.mes,Script/dom3Shiki_M03.mes,1,3,[효과음/내레이션],スッ,스윽,스윽
dom3Shiki_M03.mes,Script/dom3Shiki_M03.mes,2,10,주인공,うわ!色さんか!?,으악! 시키야!?,으악! 시키야!?
dom3Shiki_M03.mes,Script/dom3Shiki_M03.mes,3,3,Shiki,……,……,……
dom3Shiki_M03.mes,Script/dom3Shiki_M03.mes,4,37,주인공,これからお仕事……にしては、<6E5C>遅いですね.<6E5C>どこかへ行っていたんですか?,"이제부터 일……치고는,<6E5C>늦네요.<6E5C>어디 갔다 오신 거예요?","이제부터 일……치고는,<6E5C>늦네요.<6E5C>어디 갔다 오신 거예요?"
dom3Shiki_M03.mes,Script/dom3Shiki_M03.mes,5,8,Shiki,……声が、近い,소리가 가까워,소리가 가까워
dom3Shiki_M03.mes,Script/dom3Shiki_M03.mes,6,3,주인공,声?,소리,소리
dom3Shiki_M03.mes,Script/dom3Shiki_M03.mes,7,23,[선택지],色さんを呼ぶ声ですか?色さんが求める声ですか?,시키를 부르는 소리?\시키가 원하는 소리?,시키를 부르는 소리?\시키가 원하는 소리?
dom3Shiki_M03.mes,Script/dom3Shiki_M03.mes,8,21,주인공,それって、色さんを呼ぶ声の<6E5C>ことですか?,"그거, 시키를 부르는 소리<6E5C>얘긴가요?","그거, 시키를 부르는 소리<6E5C>얘긴가요?"
dom3Shiki_M03.mes,Script/dom3Shiki_M03.mes,9,11,Shiki,……違う.これは……,……아니야.이건……,……아니야.이건……
dom3Shiki_M03.mes,Script/dom3Shiki_M03.mes,10,18,주인공,あ、ちょっと!<6E5C>待ってくださいよ!,"아, 잠깐만요!<6E5C>기다려 주세요!","아, 잠깐만요!<6E5C>기다려 주세요!"
dom3Shiki_M03.mes,Script/dom3Shiki_M03.mes,11,29,주인공,(……どんな人が色さんを呼んで<6E5C>いるっていうんだ……?),(……어떤 사람이 시키를<6E5C>부르고 있다는 거지……?),(……어떤 사람이 시키를<6E5C>부르고 있다는 거지……?)
dom3Shiki_M03.mes,Script/dom3Shiki_M03.mes,12,21,주인공,それって、色さんが求める人の声<6E5C>ですか?,그거 시키가 원하는<6E5C>사람 소리인가요?,그거 시키가 원하는<6E5C>사람 소리인가요?
dom3Shiki_M03.mes,Script/dom3Shiki_M03.mes,13,22,Shiki,私が求める……そう、<6E5C>私の魂が求める声……,내가 원해……<6E5C>영혼이 원하는 소리……,내가 원해……<6E5C>영혼이 원하는 소리……
dom3Shiki_M03.mes,Script/dom3Shiki_M03.mes,14,33,주인공,それが近いということは、その人が<6E5C>近くまで来ているってことですか,"그게 가까워졌다는 건, 그 사람이<6E5C>근처까지 왔다는 뜻인가요","그게 가까워졌다는 건, 그 사람이<6E5C>근처까지 왔다는 뜻인가요"
dom3Shiki_M03.mes,Script/dom3Shiki_M03.mes,15,11,Shiki,……行かなくては……,……가야만 해……,……가야만 해……
dom3Shiki_M03.mes,Script/dom3Shiki_M03.mes,16,23,주인공,(色さんが求める人……<6E5C>どんな人なんだろう),(시키가 원하는 사람……<6E5C>어떤 사람일까),(시키가 원하는 사람……<6E5C>어떤 사람일까)
dom3Shiki_M04.mes,Script/dom3Shiki_M04.mes,0,25,주인공,あの、色さんはどうしてここで<6E5C>働いてるんですか?,"저기, 시키는 왜 여기서<6E5C>일하는 거예요?","저기, 시키는 왜 여기서<6E5C>일하는 거예요?"
dom3Shiki_M04.mes,Script/dom3Shiki_M04.mes,1,16,Shiki,……千夜さんに拾われたから……,……치요 씨가 거둬줘서……,……치요 씨가 거둬줘서……
dom3Shiki_M04.mes,Script/dom3Shiki_M04.mes,2,22,주인공,千夜さんに言われたから、<6E5C>ってことですか?,"치요 씨가 말해서,<6E5C>그런 거예요?","치요 씨가 말해서,<6E5C>그런 거예요?"
dom3Shiki_M04.mes,Script/dom3Shiki_M04.mes,3,21,Shiki,いえ……ここには、<6E5C>明かりがあるから……,"아니……여기엔,<6E5C>불빛이 있으니까……","아니……여기엔,<6E5C>불빛이 있으니까……"
dom3Shiki_M04.mes,Script/dom3Shiki_M04.mes,4,26,[선택지],寂しがり屋さんなんですねにぎやかなのが好きなんですね,외로움을 잘 타시는군요\떠들썩한 걸 좋아하시는군요,외로움을 잘 타시는군요\떠들썩한 걸 좋아하시는군요
dom3Shiki_M04.mes,Script/dom3Shiki_M04.mes,5,21,주인공,色さんは、<6E5C>寂しがり屋さんなんですね……,"시키는,<6E5C>외로움을 잘 타시는군요……","시키는,<6E5C>외로움을 잘 타시는군요……"
dom3Shiki_M04.mes,Script/dom3Shiki_M04.mes,6,5,Shiki,寂しい?,외로워?,외로워?
dom3Shiki_M04.mes,Script/dom3Shiki_M04.mes,7,17,주인공,……のかな、と思ったんですが……,"……그런가, 싶었는데요……","……그런가, 싶었는데요……"
dom3Shiki_M04.mes,Script/dom3Shiki_M04.mes,8,15,Shiki,そう……私は、寂しいのね……,그래……나는 외롭구나……,그래……나는 외롭구나……
dom3Shiki_M04.mes,Script/dom3Shiki_M04.mes,9,7,주인공,色さん……?,시키……?,시키……?
dom3Shiki_M04.mes,Script/dom3Shiki_M04.mes,10,26,Shiki,孤独は……寂しさを連れて……<6E5C>私をうつろにするのね,고독은……외로움을 데려와<6E5C>나를 텅 비게 하네,고독은……외로움을 데려와<6E5C>나를 텅 비게 하네
dom3Shiki_M04.mes,Script/dom3Shiki_M04.mes,11,20,주인공,い、今の色さんは孤独じゃ<6E5C>ないですよ!,"지, 지금 시키는 고독하지<6E5C>않아요!","지, 지금 시키는 고독하지<6E5C>않아요!"
dom3Shiki_M04.mes,Script/dom3Shiki_M04.mes,12,30,주인공,千夜さんや店のお客さんたちが<6E5C>いるし、それに……俺もいます,"치요 씨나 가게 손님들이<6E5C>있고, 게다가……저도 있어요","치요 씨나 가게 손님들이<6E5C>있고, 게다가……저도 있어요"
dom3Shiki_M04.mes,Script/dom3Shiki_M04.mes,13,3,Shiki,……,……,……
dom3Shiki_M04.mes,Script/dom3Shiki_M04.mes,14,17,주인공,(……お、俺はいらないかな……),(……내가 필요 없나……),(……내가 필요 없나……)
dom3Shiki_M04.mes,Script/dom3Shiki_M04.mes,15,8,Shiki,……ありがとう,……고마워,……고마워
dom3Shiki_M04.mes,Script/dom3Shiki_M04.mes,16,11,주인공,!<020A>え、あ、いいえっ,"!<020A>어, 아니에요","!<020A>어, 아니에요"
dom3Shiki_M04.mes,Script/dom3Shiki_M04.mes,17,21,주인공,色さんは、<6E5C>にぎやかなのが好きなんですね,"시키는,<6E5C>떠들썩한 걸 좋아하는군요","시키는,<6E5C>떠들썩한 걸 좋아하는군요"
dom3Shiki_M04.mes,Script/dom3Shiki_M04.mes,18,34,Shiki,……にぎやか?<6E5C>私は……静寂の闇の中を、<6E5C>ひとりで歩くのが好き……,……떠들썩함?<6E5C>나는……고요한 어둠 속<6E5C>홀로 걷는 게 좋아……,……떠들썩함?<6E5C>나는……고요한 어둠 속<6E5C>홀로 걷는 게 좋아……
dom3Shiki_M04.mes,Script/dom3Shiki_M04.mes,19,13,주인공,あ、あれ?そうですか……,어라? 그런가요……,어라? 그런가요……
dom3Shiki_M05.mes,Script/dom3Shiki_M05.mes,0,21,주인공,色さん、<6E5C>あまり外に出ると危ないですよ!,"시키,<6E5C>너무 밖에 나가면 위험해요!","시키,<6E5C>너무 밖에 나가면 위험해요!"
dom3Shiki_M05.mes,Script/dom3Shiki_M05.mes,1,10,Shiki,何が危ないの……?,뭐가 위험한데?,뭐가 위험한데?
dom3Shiki_M05.mes,Script/dom3Shiki_M05.mes,2,6,주인공,何って……,뭐냐면……,뭐냐면……
dom3Shiki_M05.mes,Script/dom3Shiki_M05.mes,3,16,UNKNOWN_1e,何をこそこそとほざいている……,뭘 그리 몰래 지껄이는 거야,뭘 그리 몰래 지껄이는 거야
dom3Shiki_M05.mes,Script/dom3Shiki_M05.mes,4,9,주인공,き、牙神幻十郎!,겐주로!,겐주로!
dom3Shiki_M05.mes,Script/dom3Shiki_M05.mes,5,8,UNKNOWN_77,今日は逃がさん,안 놓친다,안 놓친다
dom3Shiki_M05.mes,Script/dom3Shiki_M05.mes,6,13,주인공,(くそ……どうする!?),(젠장……어쩌지!?),(젠장……어쩌지!?)
dom3Shiki_M05.mes,Script/dom3Shiki_M05.mes,7,16,[선택지],色だけでも逃がす色を連れて逃げる,시키만이라도\시키도 데리고,시키만이라도\시키도 데리고
dom3Shiki_M05.mes,Script/dom3Shiki_M05.mes,8,14,주인공,色さん!あなただけでも……,시키! 당신만이라도……,시키! 당신만이라도……
dom3Shiki_M05.mes,Script/dom3Shiki_M05.mes,9,8,Shiki,……もういいわ,……이제 됐어,……이제 됐어
dom3Shiki_M05.mes,Script/dom3Shiki_M05.mes,10,9,주인공,し、色さん……?,"시, 시키……?","시, 시키……?"
dom3Shiki_M05.mes,Script/dom3Shiki_M05.mes,11,27,UNKNOWN_77,フン、どうあがいても<6E5C>助からんことがわかったようだな,"흥, 발버둥 쳐도<6E5C>못 산다는 걸 알았나 보군","흥, 발버둥 쳐도<6E5C>못 산다는 걸 알았나 보군"
dom3Shiki_M05.mes,Script/dom3Shiki_M05.mes,12,9,주인공,な、何だと……!,뭐라고……!,뭐라고……!
dom3Shiki_M05.mes,Script/dom3Shiki_M05.mes,13,6,UNKNOWN_77,ついて来い,따라와라,따라와라
dom3Shiki_M05.mes,Script/dom3Shiki_M05.mes,14,3,Shiki,……,……,……
dom3Shiki_M05.mes,Script/dom3Shiki_M05.mes,15,3,[효과음/내레이션],スッ,스윽,스윽
dom3Shiki_M05.mes,Script/dom3Shiki_M05.mes,16,15,주인공,ま、待て、行っちゃいけない!,"가, 기다려, 가지 마!","가, 기다려, 가지 마!"
dom3Shiki_M05.mes,Script/dom3Shiki_M05.mes,17,19,주인공,(くそ、俺には何もできないのか!<6E5C>),"(젠장, 아무것도<6E5C>할 수 없나!)","(젠장, 아무것도<6E5C>할 수 없나!)"
dom3Shiki_M05.mes,Script/dom3Shiki_M05.mes,18,13,주인공,な、なぜ色さんを狙う!?,왜 시키를 노리지!?,왜 시키를 노리지!?
dom3Shiki_M05.mes,Script/dom3Shiki_M05.mes,19,16,UNKNOWN_77,言ったはずだ.つまらん仕事だと,말했잖아.시시한 일이라고,말했잖아.시시한 일이라고
dom3Shiki_M05.mes,Script/dom3Shiki_M05.mes,20,9,주인공,誰からの依頼で?,누구 의뢰냐?,누구 의뢰냐?
dom3Shiki_M05.mes,Script/dom3Shiki_M05.mes,21,20,UNKNOWN_77,さて、な……ユガとか言ったか、<6E5C>あの男,"글쎄, 다……유가라던가,<6E5C>그 남자","글쎄, 다……유가라던가,<6E5C>그 남자"
dom3Shiki_M05.mes,Script/dom3Shiki_M05.mes,22,2,Shiki,!,!,!
dom3Shiki_M05.mes,Script/dom3Shiki_M05.mes,23,5,주인공,色さん?,시키?,시키?
dom3Shiki_M05.mes,Script/dom3Shiki_M05.mes,24,15,Shiki,だ……駄目……私は、もう……,안……안 돼……난 이제……,안……안 돼……난 이제……
dom3Shiki_M05.mes,Script/dom3Shiki_M05.mes,25,4,[효과음/내레이션],ダッ!,타닷!,타닷!
dom3Shiki_M05.mes,Script/dom3Shiki_M05.mes,26,8,주인공,あ、色さん!?,"아, 시키!?","아, 시키!?"
dom3Shiki_M05.mes,Script/dom3Shiki_M05.mes,27,8,UNKNOWN_77,逃がすかぁ!!,놓칠까!!,놓칠까!!
dom3Shiki_M05.mes,Script/dom3Shiki_M05.mes,28,22,주인공,は、速い……!<6E5C>ちょ、ちょっと待ってくれ!,"빠르다……!<6E5C>자, 잠깐 기다려 줘!","빠르다……!<6E5C>자, 잠깐 기다려 줘!"
dom3Shiki_M05.mes,Script/dom3Shiki_M05.mes,29,11,주인공,(ユガ……何者だ?),(유가……뭐지?),(유가……뭐지?)
dom3Shiki_M06.mes,Script/dom3Shiki_M06.mes,0,14,주인공,色さん.これからどうする?,"시키, 어떻게 할래요?","시키, 어떻게 할래요?"
dom3Shiki_M06.mes,Script/dom3Shiki_M06.mes,1,11,Shiki,……あなたに、任せる,……당신에게 맡길게,……당신에게 맡길게
dom3Shiki_M06.mes,Script/dom3Shiki_M06.mes,2,8,주인공,そ、そうか……,"그, 그런가","그, 그런가"
dom3Shiki_M06.mes,Script/dom3Shiki_M06.mes,3,47,주인공,(むぅ……牙神幻十郎や、やくざ者<6E5C>たちのことを考えると、やはり<6E5C>この町を離れるべきだな……),"(음……키바가미 겐주로나 야쿠자<6E5C>놈들을 생각하면, 역시<6E5C>이 마을을 떠나야겠어……)","(음……키바가미 겐주로나 야쿠자<6E5C>놈들을 생각하면, 역시<6E5C>이 마을을 떠나야겠어……)"
dom3Shiki_M06.mes,Script/dom3Shiki_M06.mes,4,2,UNKNOWN_1e,色,야,야
dom3Shiki_M06.mes,Script/dom3Shiki_M06.mes,5,9,Shiki,!<020A>……あ、あぁ,"!<020A>……아, 아","!<020A>……아, 아"
dom3Shiki_M06.mes,Script/dom3Shiki_M06.mes,6,5,주인공,色さん?,시키?,시키?
dom3Shiki_M06.mes,Script/dom3Shiki_M06.mes,7,31,UNKNOWN_8e,探したぞ……色.<6E5C>おまえは我のもの.<6E5C>我とともに歩むべし……,찾았다……시키.<6E5C>넌 내 것.<6E5C>나와 함께 걸어야 한다……,찾았다……시키.<6E5C>넌 내 것.<6E5C>나와 함께 걸어야 한다……
dom3Shiki_M06.mes,Script/dom3Shiki_M06.mes,8,16,주인공,な、何を言ってるんだ、こいつ?,"뭐, 뭔 소리야, 이놈?","뭐, 뭔 소리야, 이놈?"
dom3Shiki_M06.mes,Script/dom3Shiki_M06.mes,9,15,Shiki,……は……い、ユ……ガ……様,"……네……유, 유가……님","……네……유, 유가……님"
dom3Shiki_M06.mes,Script/dom3Shiki_M06.mes,10,8,주인공,し、色さん!?,"시, 시키!?","시, 시키!?"
dom3Shiki_M06.mes,Script/dom3Shiki_M06.mes,11,9,UNKNOWN_8e,さぁ、我と共に!,"자, 나와 함께","자, 나와 함께"
dom3Shiki_M06.mes,Script/dom3Shiki_M06.mes,12,13,Shiki,……ユガ様と……共に……,……유가 님과……함께,……유가 님과……함께
dom3Shiki_M06.mes,Script/dom3Shiki_M06.mes,13,13,주인공,ど、どういうことだ……?,"무, 무슨 소리야……?","무, 무슨 소리야……?"
dom3Shiki_M06.mes,Script/dom3Shiki_M06.mes,14,27,[선택지],あれが、色さんを呼ぶ声の主?あれが、色さんが求める男?,"저놈이, 소리의 주인?\저놈이 원하는 그 남자?","저놈이, 소리의 주인?\저놈이 원하는 그 남자?"
dom3Shiki_M06.mes,Script/dom3Shiki_M06.mes,15,51,주인공,(まさか、あれが色さんを呼んでい<6E5C>た声の主?まるで操り人形みたいに<6E5C>、色さんを連れて行くなんて……),"(설마, 저놈이 시키를 불렀<6E5C>던 소리의 주인? 꼭 꼭두각시<6E5C>처럼, 시키를 데려가다니……)","(설마, 저놈이 시키를 불렀<6E5C>던 소리의 주인? 꼭 꼭두각시<6E5C>처럼, 시키를 데려가다니……)"
dom3Shiki_M06.mes,Script/dom3Shiki_M06.mes,16,28,주인공,って、考えてる場合じゃない!<6E5C>色さんを連れ戻さないと!,"라니, 생각할 때가 아니야!<6E5C>시키를 데려와야 해!","라니, 생각할 때가 아니야!<6E5C>시키를 데려와야 해!"
dom3Shiki_M06.mes,Script/dom3Shiki_M06.mes,17,43,주인공,(もしかして、あれが色さんが<6E5C>求めていた男?だとしたら……<6E5C>俺にはどうしようも……),"(혹시, 저놈이 시키가<6E5C>원하던 남자? 그렇다면……<6E5C>내가 할 수 있는 게……)","(혹시, 저놈이 시키가<6E5C>원하던 남자? 그렇다면……<6E5C>내가 할 수 있는 게……)"
dom3Shiki_S01.mes,Script/dom3Shiki_S01.mes,0,14,주인공,(おや……あれは色さん?),(어라……저건 시키?),(어라……저건 시키?)
dom3Shiki_S01.mes,Script/dom3Shiki_S01.mes,1,3,Shiki,……,……,……
dom3Shiki_S01.mes,Script/dom3Shiki_S01.mes,2,4,[효과음/내레이션],ドンッ,쿵,쿵
dom3Shiki_S01.mes,Script/dom3Shiki_S01.mes,3,20,UNKNOWN_26,!いてっ!<6E5C>おい、どこ見て歩いてやがる,"!아야!<6E5C>야, 어딜 보고 걷는 거야","!아야!<6E5C>야, 어딜 보고 걷는 거야"
dom3Shiki_S01.mes,Script/dom3Shiki_S01.mes,4,27,Shiki,……どこ?<6E5C>そう……私はどこを<6E5C>見つめているの……?,……어디?<6E5C>그래……나는 어딜<6E5C>보고 있을까……?,……어디?<6E5C>그래……나는 어딜<6E5C>보고 있을까……?
dom3Shiki_S01.mes,Script/dom3Shiki_S01.mes,5,29,Hotaru,!き、気持ち悪い奴だな……!<6E5C>もういい!さっさと行けよ!,"!기, 기분 나쁜 놈이네……!<6E5C>됐어! 얼른 가라고!","!기, 기분 나쁜 놈이네……!<6E5C>됐어! 얼른 가라고!"
dom3Shiki_S01.mes,Script/dom3Shiki_S01.mes,6,15,Shiki,……あなたも私を知らない……,……너도 날 모르는구나……,……너도 날 모르는구나……
dom3Shiki_S01.mes,Script/dom3Shiki_S01.mes,7,4,주인공,色さん,시키,시키
dom3Shiki_S01.mes,Script/dom3Shiki_S01.mes,8,5,Shiki,……何?,……뭐?,……뭐?
dom3Shiki_S01.mes,Script/dom3Shiki_S01.mes,9,17,주인공,散歩ですか.いったい、どこまで?,산책이에요? 어디까지요?,산책이에요? 어디까지요?
dom3Shiki_S01.mes,Script/dom3Shiki_S01.mes,10,16,Shiki,誰かに……呼ばれている気がする,누군가 부르는 기분이 들어,누군가 부르는 기분이 들어
dom3Shiki_S01.mes,Script/dom3Shiki_S01.mes,11,7,주인공,呼ばれてる?,불려가요?,불려가요?
dom3Shiki_S01.mes,Script/dom3Shiki_S01.mes,12,6,[효과음/내레이션],……フラッ,……휘청,……휘청
dom3Shiki_S01.mes,Script/dom3Shiki_S01.mes,13,35,주인공,ああ、危ないですよ!<6E5C>こんなになるまで歩いて、<6E5C>誰が呼んでるんですか,"아, 위험해요!<6E5C>이렇게 될 때까지 걷다니,<6E5C>누가 부르는 건데요","아, 위험해요!<6E5C>이렇게 될 때까지 걷다니,<6E5C>누가 부르는 건데요"
dom3Shiki_S01.mes,Script/dom3Shiki_S01.mes,14,16,Shiki,…….<6E5C>……あなたでは、ないわ,"…….<6E5C>……당신은, 아니야","…….<6E5C>……당신은, 아니야"
dom3Shiki_S01.mes,Script/dom3Shiki_S01.mes,15,24,주인공,(あぁ、行ってしまった…….<6E5C>不思議な人だな),"(아아, 가버렸군…….<6E5C>신기한 사람이네)","(아아, 가버렸군…….<6E5C>신기한 사람이네)"
dom3Shiki_S01.mes,Script/dom3Shiki_S01.mes,16,14,주인공,色さん、今日はどちらまで?,"시키, 오늘은 어디까지?","시키, 오늘은 어디까지?"
dom3Shiki_S01.mes,Script/dom3Shiki_S01.mes,17,25,Shiki,……私には、行くべき場所も、<6E5C>帰る家もないわ……,"……나에게는, 갈 곳도<6E5C>돌아갈 집도 없어……","……나에게는, 갈 곳도<6E5C>돌아갈 집도 없어……"
dom3Shiki_S01.mes,Script/dom3Shiki_S01.mes,18,17,주인공,……う、生まれはどこなんですか?,"……저, 태어난 곳은 어디예요","……저, 태어난 곳은 어디예요"
dom3Shiki_S01.mes,Script/dom3Shiki_S01.mes,19,17,Shiki,生まれたときの記憶なんて……ない,태어난 기억 따위……없어,태어난 기억 따위……없어
dom3Shiki_S01.mes,Script/dom3Shiki_S01.mes,20,13,주인공,そりゃ俺にもないですけど,그거야 저도 없지만요,그거야 저도 없지만요
dom3Shiki_S01.mes,Script/dom3Shiki_S01.mes,21,36,Shiki,そんなものは、どこだっていいの.<6E5C>でも、私の行く場所は<6E5C>ただひとつ……,"그런 건, 어디든 상관없어.<6E5C>하지만, 갈 곳은<6E5C>단 하나뿐……","그런 건, 어디든 상관없어.<6E5C>하지만, 갈 곳은<6E5C>단 하나뿐……"
dom3Shiki_S01.mes,Script/dom3Shiki_S01.mes,22,9,주인공,どこなんですか?,어디인데요?,어디인데요?
dom3Shiki_S01.mes,Script/dom3Shiki_S01.mes,23,3,Shiki,……,……,……
dom3Shiki_S01.mes,Script/dom3Shiki_S01.mes,24,16,주인공,……色さん、ひょっとして記憶が,"……시키 씨, 혹시 기억이","……시키 씨, 혹시 기억이"
dom3Shiki_S01.mes,Script/dom3Shiki_S01.mes,25,16,Shiki,……記憶なんて、私には必要ない,……기억은 필요 없어,……기억은 필요 없어
dom3Shiki_S01.mes,Script/dom3Shiki_S01.mes,26,26,Shiki,過去にも……過去がない自分にも…<6E5C>…興味はない……,과거도……과거 없는 나에게도……<6E5C>흥미 없어……,과거도……과거 없는 나에게도……<6E5C>흥미 없어……
dom3Shiki_S01.mes,Script/dom3Shiki_S01.mes,27,13,주인공,記憶喪失……というやつか,기억상실……이라는 건가,기억상실……이라는 건가
dom3Shiki_S01.mes,Script/dom3Shiki_S01.mes,28,9,Shiki,……放っておいて,……내버려 둬,……내버려 둬
dom3Shiki_S01.mes,Script/dom3Shiki_S01.mes,29,12,주인공,(過去のない人……か),(과거 없는 사람),(과거 없는 사람)
dom3Shiki_S02.mes,Script/dom3Shiki_S02.mes,0,33,주인공,(そろそろ日が募れるか.<6E5C>早く帰らないと、<6E5C>いろはが心配するな),(슬슬 해가 저무는군.<6E5C>빨리 안 가면<6E5C>이로하가 걱정해),(슬슬 해가 저무는군.<6E5C>빨리 안 가면<6E5C>이로하가 걱정해)
dom3Shiki_S02.mes,Script/dom3Shiki_S02.mes,1,20,주인공,あれ、色さん.<6E5C>これからお仕事ですか?,"어라, 시키씨.<6E5C>이제 일하러 가요?","어라, 시키씨.<6E5C>이제 일하러 가요?"
dom3Shiki_S02.mes,Script/dom3Shiki_S02.mes,2,20,Shiki,そう……うつろな私に似合いの<6E5C>仕事……,그래……공허한 나다운<6E5C>일이지……,그래……공허한 나다운<6E5C>일이지……
dom3Shiki_S02.mes,Script/dom3Shiki_S02.mes,3,9,주인공,うつろなって……,공허하다니……,공허하다니……
dom3Shiki_S02.mes,Script/dom3Shiki_S02.mes,4,31,Shiki,……すべて、かげろうのように<6E5C>消える運命.あなたも、私も……,"……전부, 아지랑이처럼<6E5C>사라질 운명이야.너도, 나도……","……전부, 아지랑이처럼<6E5C>사라질 운명이야.너도, 나도……"
dom3Shiki_S02.mes,Script/dom3Shiki_S02.mes,5,17,주인공,こ、怖いこと言わないでくださいよ,"무, 무서운 말 하지 마세요","무, 무서운 말 하지 마세요"
dom3Shiki_S02.mes,Script/dom3Shiki_S02.mes,6,22,Shiki,怖い?そう……あなたは<6E5C>生きているのね……,무섭다고?그래……넌<6E5C>살아있구나……,무섭다고?그래……넌<6E5C>살아있구나……
dom3Shiki_S02.mes,Script/dom3Shiki_S02.mes,7,27,주인공,も、もちろんですよ!<6E5C>色さんだってそうじゃないですか,"무, 물론이죠!<6E5C>시키 씨도 마찬가지잖아요","무, 물론이죠!<6E5C>시키 씨도 마찬가지잖아요"
dom3Shiki_S02.mes,Script/dom3Shiki_S02.mes,8,8,Shiki,……私は、違う,"……난, 달라","……난, 달라"
dom3Shiki_S02.mes,Script/dom3Shiki_S02.mes,9,3,주인공,え?,뭐?,뭐?
dom3Shiki_S02.mes,Script/dom3Shiki_S02.mes,10,28,Shiki,私に生はない…….私が生きる<6E5C>場所は、ここじゃない……,삶이 없어…….내가 있을<6E5C>곳은 여기가 아냐……,삶이 없어…….내가 있을<6E5C>곳은 여기가 아냐……
dom3Shiki_S02.mes,Script/dom3Shiki_S02.mes,11,21,주인공,色さん……そんなこと<6E5C>言わないでください,시키 씨……그런 말<6E5C>하지 말아주세요,시키 씨……그런 말<6E5C>하지 말아주세요
dom3Shiki_S02.mes,Script/dom3Shiki_S02.mes,12,17,Shiki,……あなたには、関係のないことね,"……너와는, 상관없는 일이야","……너와는, 상관없는 일이야"
dom3Shiki_S02.mes,Script/dom3Shiki_S02.mes,13,8,주인공,あ、ちょっと!,"아, 잠깐!","아, 잠깐!"
dom3Shiki_S02.mes,Script/dom3Shiki_S02.mes,14,12,주인공,(何だ、まったく……),"(뭐야, 정말……)","(뭐야, 정말……)"
dom3Shiki_S02.mes,Script/dom3Shiki_S02.mes,15,56,주인공,(色さん……また蜜蜂屋へ行く<6E5C>のか.どうして芸妓を<6E5C>してるのかな)<485C>(客商売が向いてるようには<6E5C>見えないけど),(시키씨……또 미츠바치야에 가는군.<6E5C>왜 게이샤를<6E5C>하는 걸까)<485C>(손님 상대는 안 맞아<6E5C>보이는데),(시키씨……또 미츠바치야에 가는군.<6E5C>왜 게이샤를<6E5C>하는 걸까)<485C>(손님 상대는 안 맞아<6E5C>보이는데)
dom3Shiki_S02.mes,Script/dom3Shiki_S02.mes,16,11,Shiki,……何を見ているの?,……뭘 보는 거야?,……뭘 보는 거야?
dom3Shiki_S02.mes,Script/dom3Shiki_S02.mes,17,28,주인공,いや、色さんはどうして芸妓を<6E5C>やっているのかなと思って,"아니, 시키씨는 왜 게이샤를<6E5C>하고 있나 궁금해서요","아니, 시키씨는 왜 게이샤를<6E5C>하고 있나 궁금해서요"
dom3Shiki_S02.mes,Script/dom3Shiki_S02.mes,18,9,Shiki,……探しているの,……찾고 있어,……찾고 있어
dom3Shiki_S02.mes,Script/dom3Shiki_S02.mes,19,22,주인공,探してる?<6E5C>誰か会いたい人がいるんですか?,찾는다고요?<6E5C>만나고 싶은 사람 있어요?,찾는다고요?<6E5C>만나고 싶은 사람 있어요?
dom3Shiki_S02.mes,Script/dom3Shiki_S02.mes,20,38,Shiki,わからない……でも、<6E5C>誰かが私を呼んでいる…….<6E5C>だから、私は声を探す……,모르겠어……하지만<6E5C>누가 날 부르고 있어…….<6E5C>그래서 소리를 찾아……,모르겠어……하지만<6E5C>누가 날 부르고 있어…….<6E5C>그래서 소리를 찾아……
dom3Shiki_S02.mes,Script/dom3Shiki_S02.mes,21,25,주인공,呼ぶ声……?それは、今も<6E5C>閉こえているんですか?,"부르는 목소리요……?그건, 지금도<6E5C>들리나요?","부르는 목소리요……?그건, 지금도<6E5C>들리나요?"
dom3Shiki_S02.mes,Script/dom3Shiki_S02.mes,22,17,Shiki,ええ……鳴り止むことはないわ……,그래……멈추는 일은 없어……,그래……멈추는 일은 없어……
dom3Shiki_S02.mes,Script/dom3Shiki_S02.mes,23,41,주인공,……俺もいっしょに探しましょう<6E5C>か?きっと、ひとりよりふたりの<6E5C>方が早く見つかる,……저도 같이 찾을<6E5C>까요?분명 혼자보다 둘이<6E5C>더 빨리 찾을 거예요,……저도 같이 찾을<6E5C>까요?분명 혼자보다 둘이<6E5C>더 빨리 찾을 거예요
dom3Shiki_S02.mes,Script/dom3Shiki_S02.mes,24,28,Shiki,……あなたじゃ、ムリ.<6E5C>誰も、私の心は触れられない……,……넌 무리야.<6E5C>누구도 내 맘엔 닿을 수 없어……,……넌 무리야.<6E5C>누구도 내 맘엔 닿을 수 없어……
dom3Shiki_S02.mes,Script/dom3Shiki_S02.mes,25,19,주인공,そんなの、<6E5C>わからないじゃないですか,"그런 건,<6E5C>모르는 거잖아요","그런 건,<6E5C>모르는 거잖아요"
dom3Shiki_S02.mes,Script/dom3Shiki_S02.mes,26,16,Shiki,……私を、楽しませてくれるの?,"……날, 즐겁게 해줄 거야?","……날, 즐겁게 해줄 거야?"
dom3Shiki_S02.mes,Script/dom3Shiki_S02.mes,27,7,주인공,え、いやその,"아니, 그게","아니, 그게"
dom3Shiki_S02.mes,Script/dom3Shiki_S02.mes,28,16,Shiki,……やっぱり、あなたじゃムリね,"……역시, 너로는 무리네","……역시, 너로는 무리네"
dom3Shiki_S02.mes,Script/dom3Shiki_S02.mes,29,20,주인공,いや、俺は別にそういうつもり<6E5C>じゃ……,"아니, 딱히 그런 뜻은<6E5C>아녔는데……","아니, 딱히 그런 뜻은<6E5C>아녔는데……"
dom3Shiki_S03.mes,Script/dom3Shiki_S03.mes,0,5,Shiki,空が……,하늘…,하늘…
dom3Shiki_S03.mes,Script/dom3Shiki_S03.mes,1,19,주인공,(色さんだ.何を<CC14>いてるんだろう<6E5C>),(시키씨다.뭘<CC14> 보는 걸까<6E5C>),(시키씨다.뭘<CC14> 보는 걸까<6E5C>)
dom3Shiki_S03.mes,Script/dom3Shiki_S03.mes,2,10,주인공,こんにちは、色さん,"안녕하세요, 시키","안녕하세요, 시키"
dom3Shiki_S03.mes,Script/dom3Shiki_S03.mes,3,7,Shiki,……私に用?,……볼일?,……볼일?
dom3Shiki_S03.mes,Script/dom3Shiki_S03.mes,4,25,주인공,え、いや、用ってほどのもんでは<6E5C>ないですけど……,"아니, 딱히 볼일이랄 것까진<6E5C>없지만요……","아니, 딱히 볼일이랄 것까진<6E5C>없지만요……"
dom3Shiki_S03.mes,Script/dom3Shiki_S03.mes,5,21,Shiki,なら……どうして私に<6E5C>話しかけるの……?,그럼……왜 나한테<6E5C>말 거는 거야……?,그럼……왜 나한테<6E5C>말 거는 거야……?
dom3Shiki_S03.mes,Script/dom3Shiki_S03.mes,6,22,주인공,そりゃ、色さんのことが気になる<6E5C>からですよ,"그야, 시키 씨가 신경 쓰이니까<6E5C>그렇죠","그야, 시키 씨가 신경 쓰이니까<6E5C>그렇죠"
dom3Shiki_S03.mes,Script/dom3Shiki_S03.mes,7,22,Shiki,私は、あなたのことなどどうでも<6E5C>いいわ……,"난, 너 같은 건 아무래도<6E5C>상관없어……","난, 너 같은 건 아무래도<6E5C>상관없어……"
dom3Shiki_S03.mes,Script/dom3Shiki_S03.mes,8,24,주인공,そ、そんな冷たいこと言わないで<6E5C>くださいよ……,"그, 그렇게 차갑게 말하지<6E5C>말아주세요……","그, 그렇게 차갑게 말하지<6E5C>말아주세요……"
dom3Shiki_S03.mes,Script/dom3Shiki_S03.mes,9,22,주인공,空なんか眺めて、<6E5C>何か見つかったんですか?,"하늘 보면서,<6E5C>뭐 좀 찾았어요?","하늘 보면서,<6E5C>뭐 좀 찾았어요?"
dom3Shiki_S03.mes,Script/dom3Shiki_S03.mes,10,21,Shiki,いいえ……ただ、<6E5C>あまりにも赤いから……,"아니……그냥,<6E5C>너무 붉어서……","아니……그냥,<6E5C>너무 붉어서……"
dom3Shiki_S03.mes,Script/dom3Shiki_S03.mes,11,4,주인공,赤い?,붉어?,붉어?
dom3Shiki_S03.mes,Script/dom3Shiki_S03.mes,12,17,Shiki,私は……あなたなんて求めていない,난……널 원하지 않아,난……널 원하지 않아
dom3Shiki_S03.mes,Script/dom3Shiki_S03.mes,13,30,주인공,う……じゃ、じゃあ、色さんの<6E5C>求める人ってどんな人ですか?,"으……그럼, 시키씨가<6E5C>원하는 사람은 어떤 사람이에요?","으……그럼, 시키씨가<6E5C>원하는 사람은 어떤 사람이에요?"
dom3Shiki_S03.mes,Script/dom3Shiki_S03.mes,14,8,Shiki,わからない……,모르겠어……,모르겠어……
dom3Shiki_S03.mes,Script/dom3Shiki_S03.mes,15,7,주인공,わからない?,모른다고요?,모른다고요?
dom3Shiki_S03.mes,Script/dom3Shiki_S03.mes,16,44,Shiki,そう……誰かが私を呼んでいる……<6E5C>私も、誰かを求めている.<6E5C>わかるのは、それだけよ……,그래……누가 날 부르고 있어……<6E5C>나도 누군가를 원해.<6E5C>아는 건 그것뿐이야……,그래……누가 날 부르고 있어……<6E5C>나도 누군가를 원해.<6E5C>아는 건 그것뿐이야……
dom3Shiki_S03.mes,Script/dom3Shiki_S03.mes,17,7,주인공,あ、色さん!,"아, 시키!","아, 시키!"
dom3Shiki_S03.mes,Script/dom3Shiki_S03.mes,18,29,주인공,(……いったい、誰を求めて、誰に<6E5C>呼ばれているんだ……),"(……대체 누굴 원하고, 누구한테<6E5C>불리는 걸까……)","(……대체 누굴 원하고, 누구한테<6E5C>불리는 걸까……)"
dom3Shiki_S03.mes,Script/dom3Shiki_S03.mes,19,24,주인공,(こんなに青い空を、<6E5C>赤いだなんて言って……),(이렇게 파란 하늘을<6E5C>붉다고 하다니……),(이렇게 파란 하늘을<6E5C>붉다고 하다니……)
dom3Shiki_S04.mes,Script/dom3Shiki_S04.mes,0,12,UNKNOWN_16,#おい、いやがったぞ!,"#야, 저기 있다!","#야, 저기 있다!"
dom3Shiki_S04.mes,Script/dom3Shiki_S04.mes,1,12,UNKNOWN_16,&よし、そっちへ回れ!,"&좋아, 그쪽으로!","&좋아, 그쪽으로!"
dom3Shiki_S04.mes,Script/dom3Shiki_S04.mes,2,13,주인공,(なんだ、物々しい……),"(뭐야, 살벌하네……)","(뭐야, 살벌하네……)"
dom3Shiki_S04.mes,Script/dom3Shiki_S04.mes,3,17,주인공,あ……色さん.何です、この騒ぎは,아……시키씨.무슨 소란이에요,아……시키씨.무슨 소란이에요
dom3Shiki_S04.mes,Script/dom3Shiki_S04.mes,4,12,Shiki,あなたには……関係ない,너랑은……상관없어,너랑은……상관없어
dom3Shiki_S04.mes,Script/dom3Shiki_S04.mes,5,24,UNKNOWN_2e,#色!てめぇ、こんなとこに隠れて<6E5C>やがったか!,"#시키!이 자식, 이런 데 숨어<6E5C>있었냐!","#시키!이 자식, 이런 데 숨어<6E5C>있었냐!"
dom3Shiki_S04.mes,Script/dom3Shiki_S04.mes,6,2,주인공,!,!,!
dom3Shiki_S04.mes,Script/dom3Shiki_S04.mes,7,6,Shiki,……離れて,……비켜,……비켜
dom3Shiki_S04.mes,Script/dom3Shiki_S04.mes,8,7,주인공,し、色さん?,"시, 시키?","시, 시키?"
dom3Shiki_S04.mes,Script/dom3Shiki_S04.mes,9,4,[효과음/내레이션],チャッ,챙,챙
dom3Shiki_S04.mes,Script/dom3Shiki_S04.mes,10,8,Shiki,……死になさい,……죽어라,……죽어라
dom3Shiki_S04.mes,Script/dom3Shiki_S04.mes,11,6,[효과음/내레이션],バシュッ!,촤악!,촤악!
dom3Shiki_S04.mes,Script/dom3Shiki_S04.mes,12,7,UNKNOWN_0c,#ぐえぇぇ!,#끄아악!,#끄아악!
dom3Shiki_S04.mes,Script/dom3Shiki_S04.mes,13,17,UNKNOWN_20,&て、てめぇ!やりやがったな!!,"&이 계집, 해버렸겠다!!","&이 계집, 해버렸겠다!!"
dom3Shiki_S04.mes,Script/dom3Shiki_S04.mes,14,3,[효과음/내레이션],タッ,탁,탁
dom3Shiki_S04.mes,Script/dom3Shiki_S04.mes,15,8,UNKNOWN_0e,&待ちやがれ!,&게 섰거라!,&게 섰거라!
dom3Shiki_S04.mes,Script/dom3Shiki_S04.mes,16,12,주인공,な、何だったんだ……?,"뭐, 뭐였지……?","뭐, 뭐였지……?"
dom3Shiki_S04.mes,Script/dom3Shiki_S04.mes,17,26,주인공,(色さん……危ないことに首をつっ<6E5C>こんでるのか?),(시키씨……위험한 일에<6E5C>발 들이고 있나?),(시키씨……위험한 일에<6E5C>발 들이고 있나?)
dom3Shiki_S04.mes,Script/dom3Shiki_S04.mes,18,9,주인공,ごめんくださーい,계세요~,계세요~
dom3Shiki_S04.mes,Script/dom3Shiki_S04.mes,19,6,[효과음/내레이션],シーン……,정적……,정적……
dom3Shiki_S04.mes,Script/dom3Shiki_S04.mes,20,14,주인공,(あれ、誰もいないのかな),"(어라, 아무도 없나)","(어라, 아무도 없나)"
dom3Shiki_S04.mes,Script/dom3Shiki_S04.mes,21,13,UNKNOWN_1e,チッ.しけたとこやのぉ~,칫.후줄근한 데구먼~,칫.후줄근한 데구먼~
dom3Shiki_S04.mes,Script/dom3Shiki_S04.mes,22,14,주인공,うおっ.な、何だお前は!?,"우왓.뭐, 뭐야 넌!?","우왓.뭐, 뭐야 넌!?"
dom3Shiki_S04.mes,Script/dom3Shiki_S04.mes,23,25,UNKNOWN_1e,んん~?<6E5C>おめぇ、色って女と<6E5C>知り合いらしーなぁ,"음~?<6E5C>너, 시키란 여자랑<6E5C>아는 사이라며","음~?<6E5C>너, 시키란 여자랑<6E5C>아는 사이라며"
dom3Shiki_S04.mes,Script/dom3Shiki_S04.mes,24,22,주인공,(誰だ、この大きな木槌を持った<6E5C>男は……),"(누구지, 큰 나무망치 든<6E5C>남자는……)","(누구지, 큰 나무망치 든<6E5C>남자는……)"
dom3Shiki_S04.mes,Script/dom3Shiki_S04.mes,25,13,UNKNOWN_18,0閉いてんのか、こらぁ!,"0듣고 있냐, 이놈아!","0듣고 있냐, 이놈아!"
dom3Shiki_S04.mes,Script/dom3Shiki_S04.mes,26,10,주인공,色さんに何の用だ?,시키한테 볼일?,시키한테 볼일?
dom3Shiki_S04.mes,Script/dom3Shiki_S04.mes,27,28,UNKNOWN_36,0おめぇには関係ねぇ!<6E5C>閉かれたことにだけ答えやがれ!,0네놈과는 상관없다!<6E5C>물은 것에만 답이나 해!,0네놈과는 상관없다!<6E5C>물은 것에만 답이나 해!
dom3Shiki_S04.mes,Script/dom3Shiki_S04.mes,28,30,주인공,お、お前のようなやくざ者に答える<6E5C>口は持ち合わせておらん!,"너, 너 같은 양아치한텐 대답할<6E5C>입 없다!","너, 너 같은 양아치한텐 대답할<6E5C>입 없다!"
dom3Shiki_S04.mes,Script/dom3Shiki_S04.mes,29,21,UNKNOWN_28,0なんだとぉ……?<6E5C>い~い度胸じゃねぇか,0뭐라고……?<6E5C>배짱 한번 두둑하구나,0뭐라고……?<6E5C>배짱 한번 두둑하구나
dom3Shiki_S04.mes,Script/dom3Shiki_S04.mes,30,9,UNKNOWN_1e,……私に何か用?,……뭔 볼일?,……뭔 볼일?
dom3Shiki_S04.mes,Script/dom3Shiki_S04.mes,31,8,주인공,あ……色さん!,아……시키!,아……시키!
dom3Shiki_S04.mes,Script/dom3Shiki_S04.mes,32,31,Mary,0クハァーッ!たまんねぇなぁ!<6E5C>こいつは高く売れる女だぜぇ!,"0쿠하아앗!죽여주는군!<6E5C>이 계집, 비싸게 팔리겠어!","0쿠하아앗!죽여주는군!<6E5C>이 계집, 비싸게 팔리겠어!"
dom3Shiki_S04.mes,Script/dom3Shiki_S04.mes,33,12,주인공,く!色さん、下がって!,"큭!시키씨, 물러서!","큭!시키씨, 물러서!"
dom3Shiki_S04.mes,Script/dom3Shiki_S04.mes,34,8,Shiki,……死になさい,……죽어라,……죽어라
dom3Shiki_S04.mes,Script/dom3Shiki_S04.mes,35,4,[효과음/내레이션],チャッ,챙,챙
dom3Shiki_S04.mes,Script/dom3Shiki_S04.mes,36,6,[효과음/내레이션],バシュッ!,촤악!,촤악!
dom3Shiki_S04.mes,Script/dom3Shiki_S04.mes,37,8,UNKNOWN_0e,0ぐえぇぇぇ!,0끄아아악!,0끄아아악!
dom3Shiki_S04.mes,Script/dom3Shiki_S04.mes,38,23,주인공,し、色さん!?<6E5C>いきなり斬りつけるなんて……,"시, 시키 씨!?<6E5C>갑자기 베어버리다니……","시, 시키 씨!?<6E5C>갑자기 베어버리다니……"
dom3Shiki_S04.mes,Script/dom3Shiki_S04.mes,39,19,Shiki,醜い男に……<6E5C>私と交わる資格はないわ,추한 남잔……<6E5C>날 얽힐 자격 없어,추한 남잔……<6E5C>날 얽힐 자격 없어
dom3Shiki_S04.mes,Script/dom3Shiki_S04.mes,40,10,주인공,そ、そうですか……,"그, 그런가요……","그, 그런가요……"
dom3Shiki_S04.mes,Script/dom3Shiki_S04.mes,41,8,Shiki,あなたなら……,너라면……,너라면……
dom3Shiki_S04.mes,Script/dom3Shiki_S04.mes,42,3,주인공,え?,뭐?,뭐?
dom3Shiki_S04.mes,Script/dom3Shiki_S04.mes,43,7,Shiki,何でもないわ,별거 아냐,별거 아냐
dom3Shiki_S04.mes,Script/dom3Shiki_S04.mes,44,3,[효과음/내레이션],スッ,스윽,스윽
dom3Shiki_S04.mes,Script/dom3Shiki_S04.mes,45,3,주인공,……,……,……
dom3Shiki_S04.mes,Script/dom3Shiki_S04.mes,46,17,UNKNOWN_20,0よ、よくもこのオレ様をぉぉ~!,"0가, 감히 이 몸을~!","0가, 감히 이 몸을~!"
dom3Shiki_S04.mes,Script/dom3Shiki_S04.mes,47,28,주인공,お前も、これにこりたら色さんには<6E5C>手を出さないことだな,너도 이걸로 배웠으면<6E5C>시키한텐 손대지 마라,너도 이걸로 배웠으면<6E5C>시키한텐 손대지 마라
dom3Shiki_S05.mes,Script/dom3Shiki_S05.mes,0,24,UNKNOWN_75,ほら、どうしたぁ!<6E5C>お前の腕はそんなもんか!?,"이봐, 왜 그래!<6E5C>네 실력은 그 정도냐!?","이봐, 왜 그래!<6E5C>네 실력은 그 정도냐!?"
dom3Shiki_S05.mes,Script/dom3Shiki_S05.mes,1,6,[효과음/내레이션],バシュッ!,촤악!,촤악!
dom3Shiki_S05.mes,Script/dom3Shiki_S05.mes,2,4,주인공,うわ!,우와!,우와!
dom3Shiki_S05.mes,Script/dom3Shiki_S05.mes,3,4,[효과음/내레이션],ドサッ,쿵,쿵
dom3Shiki_S05.mes,Script/dom3Shiki_S05.mes,4,10,주인공,ま、参りました……,"지, 졌습니다……","지, 졌습니다……"
dom3Shiki_S05.mes,Script/dom3Shiki_S05.mes,5,15,UNKNOWN_75,<이름:3232>……なぜ本気にならねぇ?,<이름:3232>……왜 진심 안 내냐?,<이름:3232>……왜 진심 안 내냐?
dom3Shiki_S05.mes,Script/dom3Shiki_S05.mes,6,45,주인공,何を言ってるんですか……<6E5C>俺は十分本気ですよ<485C>覇王丸さんがでたらめに<6E5C>強すぎるんですって,무슨 말씀이세요……<6E5C>전 충분히 진심인데요<485C>하오마루씨가 말도 안되게<6E5C>강한 거라고요,무슨 말씀이세요……<6E5C>전 충분히 진심인데요<485C>하오마루씨가 말도 안되게<6E5C>강한 거라고요
dom3Shiki_S05.mes,Script/dom3Shiki_S05.mes,7,35,UNKNOWN_75,そうかねぇ……おめぇはどこか<6E5C>自分の力を抑えているように<6E5C>見えるがな,그런가……넌 어딘가<6E5C>힘을 억누르는 것<6E5C>처럼 보이는데,그런가……넌 어딘가<6E5C>힘을 억누르는 것<6E5C>처럼 보이는데
dom3Shiki_S05.mes,Script/dom3Shiki_S05.mes,8,22,주인공,そんなことないです.<6E5C>これが俺の限界ですよ,그런 거 아니에요.<6E5C>이게 제 한계라고요,그런 거 아니에요.<6E5C>이게 제 한계라고요
dom3Shiki_S05.mes,Script/dom3Shiki_S05.mes,9,23,UNKNOWN_75,……まぁいい.<6E5C>そういうことにしといてやるよ,……뭐 됐다.<6E5C>그런 걸로 해두마,……뭐 됐다.<6E5C>그런 걸로 해두마
dom3Shiki_S05.mes,Script/dom3Shiki_S05.mes,10,46,주인공,(やれやれ……覇王丸さんには、<6E5C>自分のむちゃくちゃな強さを<6E5C>もう少し自覚してほしいもんだ),"(휴우……하오마루 씨는,<6E5C>자기 말도 안 되는 강함을<6E5C>좀 더 자각했으면 좋겠는데)","(휴우……하오마루 씨는,<6E5C>자기 말도 안 되는 강함을<6E5C>좀 더 자각했으면 좋겠는데)"
dom3Shiki_S05.mes,Script/dom3Shiki_S05.mes,11,3,[효과음/내레이션],スッ,스윽,스윽
dom3Shiki_S05.mes,Script/dom3Shiki_S05.mes,12,4,주인공,あ……,아……,아……
dom3Shiki_S05.mes,Script/dom3Shiki_S05.mes,13,4,주인공,色さん,시키씨,시키씨
dom3Shiki_S05.mes,Script/dom3Shiki_S05.mes,14,12,UNKNOWN_75,ん?何だ、何か用かい?,음? 뭔 볼일이냐?,음? 뭔 볼일이냐?
dom3Shiki_S05.mes,Script/dom3Shiki_S05.mes,15,12,Shiki,……私の、求める男……,…내가 원하던 남자…,…내가 원하던 남자…
dom3Shiki_S05.mes,Script/dom3Shiki_S05.mes,16,5,주인공,色さん?,시키?,시키?
dom3Shiki_S05.mes,Script/dom3Shiki_S05.mes,17,10,Shiki,あぁ!……う、うぅ,아앗!……으윽,아앗!……으윽
dom3Shiki_S05.mes,Script/dom3Shiki_S05.mes,18,14,UNKNOWN_75,お、おい、だいじょうぶか?,"이, 이봐, 괜찮으냐?","이, 이봐, 괜찮으냐?"
dom3Shiki_S05.mes,Script/dom3Shiki_S05.mes,19,9,Shiki,お、お前、が……,"네, 네가……","네, 네가……"
dom3Shiki_S05.mes,Script/dom3Shiki_S05.mes,20,10,UNKNOWN_75,なんだぁ、あの女?,"뭐야, 저 여자?","뭐야, 저 여자?"
dom3Shiki_S05.mes,Script/dom3Shiki_S05.mes,21,38,주인공,(色さん今……私の求める<6E5C>男って…….まさか、覇王丸さんが<6E5C>そうなのか?),(시키씨……내가 원하던<6E5C>남자라니…….설마 하오마루가<6E5C>그 사람인가?),(시키씨……내가 원하던<6E5C>남자라니…….설마 하오마루가<6E5C>그 사람인가?)
dom3Shiki_S06.mes,Script/dom3Shiki_S06.mes,0,3,UNKNOWN_1e,おい,야,야
dom3Shiki_S06.mes,Script/dom3Shiki_S06.mes,1,3,주인공,え?,어?,어?
dom3Shiki_S06.mes,Script/dom3Shiki_S06.mes,2,5,주인공,あ……!,아……!,아……!
dom3Shiki_S06.mes,Script/dom3Shiki_S06.mes,3,11,주인공,(き、牙神幻十郎!),"(키, 겐주로!)","(키, 겐주로!)"
dom3Shiki_S06.mes,Script/dom3Shiki_S06.mes,4,16,UNKNOWN_77,貴様、色の居所を知っているか?,"네놈, 시키 행방 아느냐?","네놈, 시키 행방 아느냐?"
dom3Shiki_S06.mes,Script/dom3Shiki_S06.mes,5,7,주인공,し、知らん!,"모, 몰라!","모, 몰라!"
dom3Shiki_S06.mes,Script/dom3Shiki_S06.mes,6,12,UNKNOWN_77,何だ、震えているのか?,"뭐냐, 떨고 있냐?","뭐냐, 떨고 있냐?"
dom3Shiki_S06.mes,Script/dom3Shiki_S06.mes,7,30,UNKNOWN_77,クックック……安心しろ.<6E5C>今は脆弱な猫を斬っている暇はない,큭큭……안심해라.<6E5C>지금은 약한 고양이 벨 여유 없다,큭큭……안심해라.<6E5C>지금은 약한 고양이 벨 여유 없다
dom3Shiki_S06.mes,Script/dom3Shiki_S06.mes,8,5,주인공,く……!,큭……!,큭……!
dom3Shiki_S06.mes,Script/dom3Shiki_S06.mes,9,24,UNKNOWN_77,本当に知らんようだな.<6E5C>ならば、貴様に用はない,진짜 모르나 보군.<6E5C>그럼 볼일 없다,진짜 모르나 보군.<6E5C>그럼 볼일 없다
dom3Shiki_S06.mes,Script/dom3Shiki_S06.mes,10,3,[효과음/내레이션],ダッ,탁,탁
dom3Shiki_S06.mes,Script/dom3Shiki_S06.mes,11,27,주인공,はぁ、はぁ……向き合うだけで<6E5C>汗が出る……何て殺気だ,"하, 하아……마주만 해도<6E5C>땀이 나……무슨 살기야","하, 하아……마주만 해도<6E5C>땀이 나……무슨 살기야"
dom3Shiki_S06.mes,Script/dom3Shiki_S06.mes,12,11,UNKNOWN_1e,何をしているの……?,뭘 하는 거야……?,뭘 하는 거야……?
dom3Shiki_S06.mes,Script/dom3Shiki_S06.mes,13,40,주인공,あ、色さん!<6E5C>出歩いちゃ危ないです!<485C>牙神幻十郎が色さんを<6E5C>探してるんですよ!,"아, 시키씨!<6E5C>돌아다니면 위험해요!<485C>겐주로가 시키씨를<6E5C>찾고 있어요!","아, 시키씨!<6E5C>돌아다니면 위험해요!<485C>겐주로가 시키씨를<6E5C>찾고 있어요!"
dom3Shiki_S06.mes,Script/dom3Shiki_S06.mes,14,13,Shiki,……私を……呼んでいる?,……날 부르는 거야?,……날 부르는 거야?
dom3Shiki_S06.mes,Script/dom3Shiki_S06.mes,15,13,주인공,いや、呼んでいるというか,"아뇨, 부른다기보다는","아뇨, 부른다기보다는"
dom3Shiki_S06.mes,Script/dom3Shiki_S06.mes,16,19,Shiki,……私には、<6E5C>怖いものなど何もないわ,"……나한텐,<6E5C>무서운 것 따위 없어","……나한텐,<6E5C>무서운 것 따위 없어"
dom3Shiki_S07.mes,Script/dom3Shiki_S07.mes,0,13,Nakoruru,……山が、ざわめいている,……산이 술렁이고 있어,……산이 술렁이고 있어
dom3Shiki_S07.mes,Script/dom3Shiki_S07.mes,1,5,UNKNOWN_79,ピーッ!,삐익!,삐익!
dom3Shiki_S07.mes,Script/dom3Shiki_S07.mes,2,8,Nakoruru,あ……あなたは,아……당신은,아……당신은
dom3Shiki_S07.mes,Script/dom3Shiki_S07.mes,3,16,Nakoruru,色さん……何か、ありましたか?,시키씨……무슨 일 있으세요?,시키씨……무슨 일 있으세요?
dom3Shiki_S07.mes,Script/dom3Shiki_S07.mes,4,13,Nakoruru,(ひどくうつろな瞳……),(공허한 눈동자……),(공허한 눈동자……)
dom3Shiki_S07.mes,Script/dom3Shiki_S07.mes,5,14,Shiki,……何も.何も……ない、わ,……아무것도……없어,……아무것도……없어
dom3Shiki_S07.mes,Script/dom3Shiki_S07.mes,6,6,Nakoruru,色さん……,시키씨……,시키씨……
dom3Shiki_S07.mes,Script/dom3Shiki_S07.mes,7,12,Shiki,私のことは放っておいて,나는 신경 쓰지 마,나는 신경 쓰지 마
dom3Shiki_S07.mes,Script/dom3Shiki_S07.mes,8,42,Nakoruru,(うつろな瞳の奥にあったのは……<6E5C>悲しみ?被女を、このまま放って<6E5C>おいたら……!),(공허한 눈 안쪽에 있던 건……<6E5C>슬픔?이대로 내버려<6E5C>둔다면……!),(공허한 눈 안쪽에 있던 건……<6E5C>슬픔?이대로 내버려<6E5C>둔다면……!)
dom3Shiki_S07.mes,Script/dom3Shiki_S07.mes,9,3,[효과음/내레이션],ザッ,사악,사악
dom3Shiki_S07.mes,Script/dom3Shiki_S07.mes,10,8,Nakoruru,あ……<이름:3232>さん,아……<이름:3232> 씨,아……<이름:3232> 씨
dom3Shiki_S07.mes,Script/dom3Shiki_S07.mes,11,8,주인공,やあ、ナコルル,안녕 나코루루,안녕 나코루루
dom3Shiki_S07.mes,Script/dom3Shiki_S07.mes,12,20,Nakoruru,今、色さんと<6E5C>すれ違いませんでしたか?,방금 시키씨와<6E5C>스쳐가지 않았나요?,방금 시키씨와<6E5C>스쳐가지 않았나요?
dom3Shiki_S07.mes,Script/dom3Shiki_S07.mes,13,22,주인공,いや、見かけなかったが.<6E5C>色さんがここへ?,"아니, 못 봤는데.<6E5C>시키 씨가 여기로?","아니, 못 봤는데.<6E5C>시키 씨가 여기로?"
dom3Shiki_S07.mes,Script/dom3Shiki_S07.mes,14,15,Nakoruru,はい……何かから逃げるように,네……뭔가로부터 도망치듯이,네……뭔가로부터 도망치듯이
dom3Shiki_S07.mes,Script/dom3Shiki_S07.mes,15,6,주인공,そうか……,그런가……,그런가……
dom3Shiki_S07.mes,Script/dom3Shiki_S07.mes,16,20,Nakoruru,<이름:3232>さん……<6E5C>色さんをお願いしますね?,<이름:3232> 씨……<6E5C>시키 씨를 부탁드려요?,<이름:3232> 씨……<6E5C>시키 씨를 부탁드려요?
dom3Shiki_S07.mes,Script/dom3Shiki_S07.mes,17,8,주인공,え、なんで俺が,"어, 왜 내가","어, 왜 내가"
dom3Shiki_S07.mes,Script/dom3Shiki_S07.mes,18,34,Nakoruru,<이름:3232>さんもそれを望んでいると<6E5C>思ったのですけど……<6E5C>違いましたか?,<이름:3232> 씨도 그걸 바라고 있다고<6E5C>생각했는데요……<6E5C>아니었나요?,<이름:3232> 씨도 그걸 바라고 있다고<6E5C>생각했는데요……<6E5C>아니었나요?
dom3Shiki_S07.mes,Script/dom3Shiki_S07.mes,19,5,주인공,……いや,……아니,……아니
dom3Shiki_S08.mes,Script/dom3Shiki_S08.mes,0,3,Shiki,……,……,……
dom3Shiki_S08.mes,Script/dom3Shiki_S08.mes,1,4,[효과음/내레이션],フラッ,휘청,휘청
dom3Shiki_S08.mes,Script/dom3Shiki_S08.mes,2,9,주인공,色さん、危ない!,"시키씨, 위험!","시키씨, 위험!"
dom3Shiki_S08.mes,Script/dom3Shiki_S08.mes,3,4,[효과음/내레이션],ガシッ,덥석,덥석
dom3Shiki_S08.mes,Script/dom3Shiki_S08.mes,4,3,Shiki,……,……,……
dom3Shiki_S08.mes,Script/dom3Shiki_S08.mes,5,22,주인공,ひどい顔色じゃないですか!<6E5C>大丈夫ですか?,안색이 엄청 안 좋잖아요!<6E5C>괜찮으세요?,안색이 엄청 안 좋잖아요!<6E5C>괜찮으세요?
dom3Shiki_S08.mes,Script/dom3Shiki_S08.mes,6,11,Shiki,大丈夫……ではないわ,괜찮지……않아,괜찮지……않아
dom3Shiki_S08.mes,Script/dom3Shiki_S08.mes,7,6,주인공,色さん……,시키씨……,시키씨……
dom3Shiki_S08.mes,Script/dom3Shiki_S08.mes,8,32,Shiki,……怖いの.世界が崩れていく……<6E5C>私の周りの世界が、すべて……,……무서워.세상이 무너져……<6E5C>내 주위 세상이 전부……,……무서워.세상이 무너져……<6E5C>내 주위 세상이 전부……
dom3Shiki_S08.mes,Script/dom3Shiki_S08.mes,9,15,주인공,そんなこと、俺がさせません!,제가 막을 거예요!,제가 막을 거예요!
dom3Shiki_S08.mes,Script/dom3Shiki_S08.mes,10,45,Shiki,あなたは、私を救ってくれるの?<6E5C>疎まれ、憎まれるだけの私を、<6E5C>闇から連れ出してくれるの?,"넌 나를 구해줄 거야?<6E5C>미움받고 증오만 받는 나를,<6E5C>어둠에서 데려나와 줄 거야?","넌 나를 구해줄 거야?<6E5C>미움받고 증오만 받는 나를,<6E5C>어둠에서 데려나와 줄 거야?"
dom3Shiki_S08.mes,Script/dom3Shiki_S08.mes,11,53,주인공,お、俺はまだまだ半人前で……<6E5C>絶対の約束はできないけど、<485C>俺にできることだったら、<6E5C>何だってします……!,"저, 전 아직 부족하지만……<6E5C>절대 약속은 못 해도<485C>제가 할 수 있는 거라면,<6E5C>뭐든 할게요……!","저, 전 아직 부족하지만……<6E5C>절대 약속은 못 해도<485C>제가 할 수 있는 거라면,<6E5C>뭐든 할게요……!"
dom3Shiki_S08.mes,Script/dom3Shiki_S08.mes,12,3,Shiki,……,……,……
dom3Shiki_S08.mes,Script/dom3Shiki_S08.mes,13,3,주인공,……,……,……
dom3Shiki_S08.mes,Script/dom3Shiki_S08.mes,14,17,Shiki,それなら……少し、そばにいて……,그럼……잠시 곁에 있어줘……,그럼……잠시 곁에 있어줘……
dom3Shiki_S08.mes,Script/dom3Shiki_S08.mes,15,6,주인공,……はい!,……네!,……네!
dom3Shiki_X01.mes,Script/dom3Shiki_X01.mes,0,14,Iroha,おはようございます、旦那様,"좋은 아침이에요, 주인님","좋은 아침이에요, 주인님"
dom3Shiki_X01.mes,Script/dom3Shiki_X01.mes,1,12,주인공,ん……おはよう、いろは,"좋은 아침, 이로하","좋은 아침, 이로하"
dom3Shiki_X01.mes,Script/dom3Shiki_X01.mes,2,19,Iroha,ささ、旦那様.<6E5C>準備は整っていますよ,"자자, 주인님.<6E5C>준비는 다 됐어요","자자, 주인님.<6E5C>준비는 다 됐어요"
dom3Shiki_X01.mes,Script/dom3Shiki_X01.mes,3,10,주인공,え?なんの準備だよ,어?무슨 준비인데,어?무슨 준비인데
dom3Shiki_X01.mes,Script/dom3Shiki_X01.mes,4,24,Iroha,もちろん、色さんを探しに<6E5C>行くための準備ですよ,"당연히, 시키씨를 찾으러<6E5C>가기 위한 준비죠","당연히, 시키씨를 찾으러<6E5C>가기 위한 준비죠"
dom3Shiki_X01.mes,Script/dom3Shiki_X01.mes,5,28,Iroha,お弁当を作っておきましたから、<6E5C>持っていってくださいね,"도시락을 만들어뒀으니까,<6E5C>가져가세요","도시락을 만들어뒀으니까,<6E5C>가져가세요"
dom3Shiki_X01.mes,Script/dom3Shiki_X01.mes,6,13,주인공,……知ってたのか、いろは,"……알았구나, 이로하","……알았구나, 이로하"
dom3Shiki_X01.mes,Script/dom3Shiki_X01.mes,7,36,Iroha,いろはは旦那様のお世話をするのが<6E5C>喜びなんです.全部お見通しですよ<6E5C>!,이로하는 주인님 돌보는 게<6E5C>기쁨인걸요.다 꿰뚫어 보고 있어요<6E5C>!,이로하는 주인님 돌보는 게<6E5C>기쁨인걸요.다 꿰뚫어 보고 있어요<6E5C>!
dom3Shiki_X01.mes,Script/dom3Shiki_X01.mes,8,20,주인공,いろは……ありがとう.<6E5C>行ってくるよ!,이로하……고마워.<6E5C>다녀올게!,이로하……고마워.<6E5C>다녀올게!
dom3Shiki_X01.mes,Script/dom3Shiki_X01.mes,9,17,주인공,(さて、と.まずはここから……),"(자, 우선 여기부터……)","(자, 우선 여기부터……)"
dom3Shiki_X01.mes,Script/dom3Shiki_X01.mes,10,4,UNKNOWN_1e,<이름:3131>様,<이름:3131>님,<이름:3131>님
dom3Shiki_X01.mes,Script/dom3Shiki_X01.mes,11,13,주인공,はい.……っと、命さん?,"네.……어라, 미코토?","네.……어라, 미코토?"
dom3Shiki_X01.mes,Script/dom3Shiki_X01.mes,12,23,Mikoto,どうされたんですか、<이름:3131>様.<6E5C>探し物ですか?,"무슨 일이세요, <이름:3131>님.<6E5C>뭔가 찾으세요?","무슨 일이세요, <이름:3131>님.<6E5C>뭔가 찾으세요?"
dom3Shiki_X01.mes,Script/dom3Shiki_X01.mes,13,21,주인공,命さんこそ、出歩いて大丈夫なんで<6E5C>すか?,미코토씨야말로 돌아다녀도<6E5C>괜찮으세요?,미코토씨야말로 돌아다녀도<6E5C>괜찮으세요?
dom3Shiki_X01.mes,Script/dom3Shiki_X01.mes,14,44,Mikoto,はい、今日は体の調子も良いし、<6E5C>覇王丸おじ様が散歩にでも行って<6E5C>来いと言うものですから,"네, 오늘은 몸 상태도 좋고,<6E5C>하오마루 아저씨가 산책이라도<6E5C>다녀오라고 하셔서요","네, 오늘은 몸 상태도 좋고,<6E5C>하오마루 아저씨가 산책이라도<6E5C>다녀오라고 하셔서요"
dom3Shiki_X01.mes,Script/dom3Shiki_X01.mes,15,12,주인공,そうか、それはよかった,"그렇군요, 다행이네요","그렇군요, 다행이네요"
dom3Shiki_X01.mes,Script/dom3Shiki_X01.mes,16,12,Mikoto,それで、<이름:3131>様は何を?,"그런데, <이름:3131>님은?","그런데, <이름:3131>님은?"
dom3Shiki_X01.mes,Script/dom3Shiki_X01.mes,17,43,주인공,ああ、俺は色さんを探してるんです<6E5C>.命さん、どこかで色さんを<6E5C>見かけませんでしたか?,"아, 전 시키씨를 찾고 있어요<6E5C>.미코토씨, 어디서 시키씨를<6E5C>본 적 없으세요?","아, 전 시키씨를 찾고 있어요<6E5C>.미코토씨, 어디서 시키씨를<6E5C>본 적 없으세요?"
dom3Shiki_X01.mes,Script/dom3Shiki_X01.mes,18,26,Mikoto,色様……ですか.<6E5C>いいえ、わたくしは存じ上げません,"시키님……말인가요.<6E5C>아니요, 잘 모르겠어요","시키님……말인가요.<6E5C>아니요, 잘 모르겠어요"
dom3Shiki_X01.mes,Script/dom3Shiki_X01.mes,19,8,주인공,そうですか……,그런가요……,그런가요……
dom3Shiki_X01.mes,Script/dom3Shiki_X01.mes,20,19,Mikoto,ごめんなさい、<6E5C>お役に立てなくて……,"죄송해요,<6E5C>도움이 못 돼서……","죄송해요,<6E5C>도움이 못 돼서……"
dom3Shiki_X01.mes,Script/dom3Shiki_X01.mes,21,25,주인공,い、いや、いいんですよ.<6E5C>ありがとうございました,"아, 아뇨, 괜찮아요.<6E5C>감사했습니다","아, 아뇨, 괜찮아요.<6E5C>감사했습니다"
dom3Shiki_X01.mes,Script/dom3Shiki_X01.mes,22,29,Shino,あら、<이름:3232>さんじゃない.<6E5C>相変わらずふらふらとしてるの?,"어머, <이름:3232>씨 아냐.<6E5C>여전히 정처없이 다니는 거야?","어머, <이름:3232>씨 아냐.<6E5C>여전히 정처없이 다니는 거야?"
dom3Shiki_X01.mes,Script/dom3Shiki_X01.mes,23,40,주인공,ひどい言われようだな.<6E5C>色さんを探してるんだよ.<6E5C>詩乃さん、何か知らないかい?,"말이 심하네.<6E5C>시키씨를 찾고 있어.<6E5C>시노씨, 뭐 아는 거 없어?","말이 심하네.<6E5C>시키씨를 찾고 있어.<6E5C>시노씨, 뭐 아는 거 없어?"
dom3Shiki_X01.mes,Script/dom3Shiki_X01.mes,24,32,Shino,色さん?<6E5C>ごめん、ちょっとわからないねぇ.<6E5C>何かあったのかい?,"시키 씨?<6E5C>미안, 잘 모르겠는데.<6E5C>무슨 일 있었어?","시키 씨?<6E5C>미안, 잘 모르겠는데.<6E5C>무슨 일 있었어?"
dom3Shiki_X01.mes,Script/dom3Shiki_X01.mes,25,36,주인공,いや、知らないならいいんだ.<6E5C>仕事の邪魔をして悪かったね.<6E5C>ありがとう,"아니, 모른다면 됐어.<6E5C>일하는데 방해해서 미안해.<6E5C>고마워","아니, 모른다면 됐어.<6E5C>일하는데 방해해서 미안해.<6E5C>고마워"
dom3Shiki_X01.mes,Script/dom3Shiki_X01.mes,26,13,Shino,あ、ちょっと、<이름:3232>さん!,"아, 잠깐, <이름:3232> 씨!","아, 잠깐, <이름:3232> 씨!"
dom3Shiki_X01.mes,Script/dom3Shiki_X01.mes,27,33,주인공,(他に色さんのことを知っていそう<6E5C>な人といえば……あの人か……),(그 외에 시키씨를 알 만한<6E5C>사람이라면……그 녀석인가……),(그 외에 시키씨를 알 만한<6E5C>사람이라면……그 녀석인가……)
dom3Shiki_X01.mes,Script/dom3Shiki_X01.mes,28,24,주인공,(できれば、あまり近寄りたく<6E5C>ないんだけどな),(가능하면 별로 가까이<6E5C>가고 싶지 않은데),(가능하면 별로 가까이<6E5C>가고 싶지 않은데)
dom3Shiki_X01.mes,Script/dom3Shiki_X01.mes,29,13,주인공,あ、あの、牙神幻十郎さん,"저, 저기, 겐주로 씨","저, 저기, 겐주로 씨"
dom3Shiki_X01.mes,Script/dom3Shiki_X01.mes,30,19,UNKNOWN_77,なんだ貴様……また斬られに<6E5C>来たのか,뭐냐 네놈……또 베이러<6E5C>온 거냐,뭐냐 네놈……또 베이러<6E5C>온 거냐
dom3Shiki_X01.mes,Script/dom3Shiki_X01.mes,31,40,주인공,い、いや、それは遠慮します.<6E5C>そうじゃなくて、色さんの<6E5C>居場所を知りませんか?,"아뇨, 그건 사양할게요.<6E5C>그게 아니라 시키씨가<6E5C>어디 있는지 아세요?","아뇨, 그건 사양할게요.<6E5C>그게 아니라 시키씨가<6E5C>어디 있는지 아세요?"
dom3Shiki_X01.mes,Script/dom3Shiki_X01.mes,32,35,주인공,誰かに頼まれて色さんを<6E5C>探してたあなたなら、<6E5C>何か知ってるでしょう?,"누가 부탁해 시키씨를<6E5C>찾던 당신이라면,<6E5C>뭔가 알겠죠?","누가 부탁해 시키씨를<6E5C>찾던 당신이라면,<6E5C>뭔가 알겠죠?"
dom3Shiki_X01.mes,Script/dom3Shiki_X01.mes,33,7,UNKNOWN_77,……つまらん,……시시하군,……시시하군
dom3Shiki_X01.mes,Script/dom3Shiki_X01.mes,34,3,주인공,は?,뭐?,뭐?
dom3Shiki_X01.mes,Script/dom3Shiki_X01.mes,35,25,UNKNOWN_77,貴様のような退屈な人間の相手を<6E5C>している暇はない,네놈 같은 지루한 인간을 상대할<6E5C>여유는 없다,네놈 같은 지루한 인간을 상대할<6E5C>여유는 없다
dom3Shiki_X01.mes,Script/dom3Shiki_X01.mes,36,17,주인공,いや、ちょっと待ってくださいよ!,"아니, 잠깐 기다려보세요!","아니, 잠깐 기다려보세요!"
dom3Shiki_X01.mes,Script/dom3Shiki_X01.mes,37,10,주인공,(く……ここは!),(큭……여긴!),(큭……여긴!)
dom3Shiki_X01.mes,Script/dom3Shiki_X01.mes,38,12,[선택지],強気に説得男なら剣で語る,강하게 설득\칼로 말한다,강하게 설득\칼로 말한다
dom3Shiki_X01.mes,Script/dom3Shiki_X01.mes,39,4,UNKNOWN_77,フン!,흥!,흥!
dom3Shiki_X01.mes,Script/dom3Shiki_X01.mes,40,6,주인공,ま、待て!,기다려!,기다려!
dom3Shiki_X01.mes,Script/dom3Shiki_X01.mes,41,4,UNKNOWN_77,何ィ?,뭐?,뭐?
dom3Shiki_X01.mes,Script/dom3Shiki_X01.mes,42,26,주인공,お、俺の質問に答えろ!<6E5C>色さんはどこに行ったんだ?,내 질문에 답해라!<6E5C>시키는 어디로 갔냐?,내 질문에 답해라!<6E5C>시키는 어디로 갔냐?
dom3Shiki_X01.mes,Script/dom3Shiki_X01.mes,43,12,주인공,(うぅ……怖いよ……),(으으……무서워……),(으으……무서워……)
dom3Shiki_X01.mes,Script/dom3Shiki_X01.mes,44,23,UNKNOWN_77,力のない者が跳ね返りおって……<6E5C>阿呆ゥが!!,힘없는 자가 대들다니……<6E5C>바보 같으니!!,힘없는 자가 대들다니……<6E5C>바보 같으니!!
dom3Shiki_X01.mes,Script/dom3Shiki_X01.mes,45,6,[효과음/내레이션],ざくぅ!!,푹!!,푹!!
dom3Shiki_X01.mes,Script/dom3Shiki_X01.mes,46,9,주인공,ぐわぁぁぁぁ!!,크아아악!!,크아아악!!
dom3Shiki_X01.mes,Script/dom3Shiki_X01.mes,47,7,주인공,く、くそ……,크윽……,크윽……
dom3Shiki_X01.mes,Script/dom3Shiki_X01.mes,48,12,UNKNOWN_77,ほぅ、これでは倒れぬか,"호오, 안 쓰러지나","호오, 안 쓰러지나"
dom3Shiki_X01.mes,Script/dom3Shiki_X01.mes,49,36,주인공,うっ……明日.<6E5C>また明日までに強くなって、<6E5C>ぜったい閉き出してやる……,"윽……내일.<6E5C>내일까지 다시 강해져서,<6E5C>반드시 알아내고 말겠어……","윽……내일.<6E5C>내일까지 다시 강해져서,<6E5C>반드시 알아내고 말겠어……"
dom3Shiki_X01.mes,Script/dom3Shiki_X01.mes,50,12,UNKNOWN_77,フンッ、このたわけが!,"흥, 멍청한 놈이!","흥, 멍청한 놈이!"
dom3Shiki_X01.mes,Script/dom3Shiki_X01.mes,51,28,주인공,(退屈じゃないところを見せるには<6E5C>……これしかない!),(지루하지 않음을 보이려면<6E5C>……이 방법뿐이야!),(지루하지 않음을 보이려면<6E5C>……이 방법뿐이야!)
dom3Shiki_X01.mes,Script/dom3Shiki_X01.mes,52,14,주인공,牙神幻十郎!覚悟ぉぉぉ!!,겐주로!각오해라!!,겐주로!각오해라!!
dom3Shiki_X01.mes,Script/dom3Shiki_X01.mes,53,5,UNKNOWN_77,ほう……,호오……,호오……
dom3Shiki_X01.mes,Script/dom3Shiki_X01.mes,54,5,[효과음/내레이션],キーン!,챙!,챙!
dom3Shiki_X01.mes,Script/dom3Shiki_X01.mes,55,15,주인공,あ、あっさり止められた……!,너무 쉽게 막혔어……!,너무 쉽게 막혔어……!
dom3Shiki_X01.mes,Script/dom3Shiki_X01.mes,56,40,UNKNOWN_77,貴様……なかなか面白いことを<6E5C>してくれる.それ相応の覚悟を<6E5C>しているのだろうな,네놈……꽤 재미있는 짓을<6E5C>하는군.그에 걸맞은 각오는<6E5C>돼 있겠지,네놈……꽤 재미있는 짓을<6E5C>하는군.그에 걸맞은 각오는<6E5C>돼 있겠지
dom3Shiki_X01.mes,Script/dom3Shiki_X01.mes,57,39,주인공,え、えっと……くそ!<6E5C>もうこうなったら、煮るなり焼く<6E5C>なり好きにしてくれ!!,"어, 어어……젠장!<6E5C>이렇게 된 이상, 삶든 굽든<6E5C>마음대로 해라!!","어, 어어……젠장!<6E5C>이렇게 된 이상, 삶든 굽든<6E5C>마음대로 해라!!"
dom3Shiki_X01.mes,Script/dom3Shiki_X01.mes,58,14,UNKNOWN_77,くっくっ、面白いではないか,"큭큭, 재미있지 않은가","큭큭, 재미있지 않은가"
dom3Shiki_X01.mes,Script/dom3Shiki_X01.mes,59,3,주인공,え?,뭐?,뭐?
dom3Shiki_X01.mes,Script/dom3Shiki_X01.mes,60,56,UNKNOWN_77,<이름:3232>とか言ったな.<6E5C>貴様に機会をやろう<485C>この俺から一本でも取ることが<6E5C>できれば、色という女のことを<6E5C>教えてやる,"<이름:3232>라고 했겠다.<6E5C>네게 기회를 주지<485C>이 몸에게서 한 판이라도 딴다면,<6E5C>시키란 여자에 대해<6E5C>알려주마","<이름:3232>라고 했겠다.<6E5C>네게 기회를 주지<485C>이 몸에게서 한 판이라도 딴다면,<6E5C>시키란 여자에 대해<6E5C>알려주마"
dom3Shiki_X01.mes,Script/dom3Shiki_X01.mes,61,10,주인공,ほ、本当ですか!?,정말이에요!?,정말이에요!?
dom3Shiki_X01.mes,Script/dom3Shiki_X01.mes,62,29,UNKNOWN_77,明日夕刻、河原にて待つ.<6E5C>逃げれば……殺ス!わかったか!,내일 저녁 강가서 기다리마.<6E5C>도망치면……죽는다!,내일 저녁 강가서 기다리마.<6E5C>도망치면……죽는다!
dom3Shiki_X01.mes,Script/dom3Shiki_X01.mes,63,10,주인공,わ、わかりました!,"아, 알겠습니다!","아, 알겠습니다!"
dom3Shiki_X01.mes,Script/dom3Shiki_X01.mes,64,20,UNKNOWN_77,フン……なかなか面白い<6E5C>余興ができたわ,흥……꽤 재밌는<6E5C>여흥이 생겼군,흥……꽤 재밌는<6E5C>여흥이 생겼군
dom3Shiki_X01.mes,Script/dom3Shiki_X01.mes,65,33,주인공,(こ、怖かった……<6E5C>しかし、とんでもない約束を<6E5C>してしまったな),"(무, 무서웠어……<6E5C>근데, 말도 안 되는 약속을<6E5C>해버렸네)","(무, 무서웠어……<6E5C>근데, 말도 안 되는 약속을<6E5C>해버렸네)"
dom3Shiki_X01.mes,Script/dom3Shiki_X01.mes,66,58,주인공,(今のままではとても<6E5C>一本取ることなんて不可能……)<485C>(明日の夕刻までに、<6E5C>できるだけのことをやるしか<6E5C>ない、か),(지금 이대로는 도저히<6E5C>한 판도 못 딸 것……)<485C>(내일 저녁까지<6E5C>할 수 있는 데까지<6E5C>해볼 수밖에 없나),(지금 이대로는 도저히<6E5C>한 판도 못 딸 것……)<485C>(내일 저녁까지<6E5C>할 수 있는 데까지<6E5C>해볼 수밖에 없나)
dom3Shiki_X02.mes,Script/dom3Shiki_X02.mes,0,27,주인공,……と、いうわけなんだ.<6E5C>俺に稽古をつけてくれないか,…그런 사정이야.<6E5C>수련 좀 시켜주지 않을래?,…그런 사정이야.<6E5C>수련 좀 시켜주지 않을래?
dom3Shiki_X02.mes,Script/dom3Shiki_X02.mes,1,15,Nakoruru,いきなり稽古と言われても……,갑자기 수련이라니…,갑자기 수련이라니…
dom3Shiki_X02.mes,Script/dom3Shiki_X02.mes,2,23,UNKNOWN_7e,いいじゃない、姉様.<6E5C>なんだか楽しそうだし!,"좋잖아, 언니.<6E5C>왠지 재밌을 것 같은데!","좋잖아, 언니.<6E5C>왠지 재밌을 것 같은데!"
dom3Shiki_X02.mes,Script/dom3Shiki_X02.mes,3,11,Nakoruru,もう、リムルルったら,"정말, 리무루루도…","정말, 리무루루도…"
dom3Shiki_X02.mes,Script/dom3Shiki_X02.mes,4,4,주인공,頼む!,부탁해,부탁해
dom3Shiki_X02.mes,Script/dom3Shiki_X02.mes,5,48,Nakoruru,……できれば、<6E5C>人と争うための技なんて<6E5C>教えたくはないんですけど……<485C>事情が事情ですからね……,…가능하면<6E5C>남과 다투는 기술 같은 건<6E5C>가르치고 싶지 않지만…<485C>사정이 사정이니까요…,…가능하면<6E5C>남과 다투는 기술 같은 건<6E5C>가르치고 싶지 않지만…<485C>사정이 사정이니까요…
dom3Shiki_X02.mes,Script/dom3Shiki_X02.mes,6,9,주인공,そ、それじゃあ?,"그, 그럼?","그, 그럼?"
dom3Shiki_X02.mes,Script/dom3Shiki_X02.mes,7,24,Nakoruru,わかりました.<6E5C>わたしでよければお手伝いします,알겠어요.<6E5C>저라도 괜찮다면 도와드릴게요,알겠어요.<6E5C>저라도 괜찮다면 도와드릴게요
dom3Shiki_X02.mes,Script/dom3Shiki_X02.mes,8,12,주인공,ありがとう、ナコルル!,"고마워, 나코루루!","고마워, 나코루루!"
dom3Shiki_X02.mes,Script/dom3Shiki_X02.mes,9,37,Nakoruru,ただし、今から一朝一夕でアイヌの<6E5C>戦士の技を身につけることは<6E5C>不可能です,"다만, 하루아침에 아이누<6E5C>전사의 기술을 익히는 건<6E5C>불가능해요","다만, 하루아침에 아이누<6E5C>전사의 기술을 익히는 건<6E5C>불가능해요"
dom3Shiki_X02.mes,Script/dom3Shiki_X02.mes,10,15,주인공,じゃあ、どうすればいいんだ?,"그럼, 어떡하면 되는데?","그럼, 어떡하면 되는데?"
dom3Shiki_X02.mes,Script/dom3Shiki_X02.mes,11,28,Nakoruru,<이름:3232>さんは自分で気づいていない<6E5C>だけで、十分に強いです,"<이름:3232>씨는 스스로 깨닫지 못했을<6E5C>뿐, 충분히 강해요","<이름:3232>씨는 스스로 깨닫지 못했을<6E5C>뿐, 충분히 강해요"
dom3Shiki_X02.mes,Script/dom3Shiki_X02.mes,12,52,Nakoruru,あの幻十郎という人の前でも、<6E5C>恐れず立ち向かう勇気さえあれば、<485C>一本取ることは不可能では<6E5C>ないはずです,"그 겐주로 앞에서도,<6E5C>두려워 않고 맞설 용기만 있다면,<485C>한 판 정도는 불가능하진<6E5C>않을 거예요","그 겐주로 앞에서도,<6E5C>두려워 않고 맞설 용기만 있다면,<485C>한 판 정도는 불가능하진<6E5C>않을 거예요"
dom3Shiki_X02.mes,Script/dom3Shiki_X02.mes,13,16,주인공,そうは言っても、あの人は怖いよ,"그래도, 그 사람은 무서워","그래도, 그 사람은 무서워"
dom3Shiki_X02.mes,Script/dom3Shiki_X02.mes,14,22,Nakoruru,あなたには、守りたい人が<6E5C>いるんでしょう?,"당신에겐, 지키고픈 사람이<6E5C>있잖아요?","당신에겐, 지키고픈 사람이<6E5C>있잖아요?"
dom3Shiki_X02.mes,Script/dom3Shiki_X02.mes,15,5,주인공,う、うん,"으, 응","으, 응"
dom3Shiki_X02.mes,Script/dom3Shiki_X02.mes,16,39,Nakoruru,その人のために戦うという強い<6E5C>意思があれば、恐れは被方へ<6E5C>消えていくはずです,"그 사람을 위해 싸운다는 강한<6E5C>의지가 있다면, 두려움은<6E5C>사라질 거예요","그 사람을 위해 싸운다는 강한<6E5C>의지가 있다면, 두려움은<6E5C>사라질 거예요"
dom3Shiki_X02.mes,Script/dom3Shiki_X02.mes,17,9,주인공,そんなもんかな?,그런 걸까?,그런 걸까?
dom3Shiki_X02.mes,Script/dom3Shiki_X02.mes,18,40,Nakoruru,決して折れない心を持っているなら<6E5C>、か弱き者でも獅子に<6E5C>打ち勝つことができます,"결코 꺾이지 않는 마음이라면<6E5C>, 약한 자라도 사자를<6E5C>이길 수 있어요","결코 꺾이지 않는 마음이라면<6E5C>, 약한 자라도 사자를<6E5C>이길 수 있어요"
dom3Shiki_X02.mes,Script/dom3Shiki_X02.mes,19,35,Nakoruru,色さんのためという強い心が<6E5C>あるなら、恐れも迷いも<6E5C>なくなるはずです,시키 씨를 위하면<6E5C>두려움도 망설임도<6E5C>없어질 거예요,시키 씨를 위하면<6E5C>두려움도 망설임도<6E5C>없어질 거예요
dom3Shiki_X02.mes,Script/dom3Shiki_X02.mes,20,26,주인공,決して折れない心、か.わかった.<6E5C>俺、やってみるよ,"결코 꺾이지 않는 마음, 이라.알겠어.<6E5C>해볼게","결코 꺾이지 않는 마음, 이라.알겠어.<6E5C>해볼게"
dom3Shiki_X02.mes,Script/dom3Shiki_X02.mes,21,10,Nakoruru,がんばってください,힘내세요,힘내세요
dom3Shiki_X02.mes,Script/dom3Shiki_X02.mes,22,11,주인공,ありがとう、ナコルル,"고마워, 나코루루","고마워, 나코루루"
dom3Shiki_X02.mes,Script/dom3Shiki_X02.mes,23,5,주인공,右京さん,우쿄 씨,우쿄 씨
dom3Shiki_X02.mes,Script/dom3Shiki_X02.mes,24,9,Ukyo,……どうされた?,…무슨 일인가?,…무슨 일인가?
dom3Shiki_X02.mes,Script/dom3Shiki_X02.mes,25,32,주인공,右京さんは、神夢想一刀流を修めた<6E5C>、居合いの達人だと閉きました,우쿄 씨는 신무상일도류를 익힌<6E5C>발도술의 달인이라 들었어요,우쿄 씨는 신무상일도류를 익힌<6E5C>발도술의 달인이라 들었어요
dom3Shiki_X02.mes,Script/dom3Shiki_X02.mes,26,22,주인공,お願いします!<6E5C>俺に稽古をつけてください!,부탁드립니다!<6E5C>저에게 수련을 시켜주세요,부탁드립니다!<6E5C>저에게 수련을 시켜주세요
dom3Shiki_X02.mes,Script/dom3Shiki_X02.mes,27,13,Ukyo,……愛しき者のため……か,…사랑 때문…인가,…사랑 때문…인가
dom3Shiki_X02.mes,Script/dom3Shiki_X02.mes,28,37,주인공,そ、そうです!<6E5C>俺が、生涯をかけて守り抜こうと<6E5C>心に決めた人のためです!,"그, 그래요!<6E5C>제가 평생을 걸고 지키기로<6E5C>마음먹은 사람이라서요!","그, 그래요!<6E5C>제가 평생을 걸고 지키기로<6E5C>마음먹은 사람이라서요!"
dom3Shiki_X02.mes,Script/dom3Shiki_X02.mes,29,15,주인공,……って、よくわかりましたね,"…라니, 용케 아셨네요","…라니, 용케 아셨네요"
dom3Shiki_X02.mes,Script/dom3Shiki_X02.mes,30,15,Ukyo,……拙者にも……想い人が……,…소생에게도…연모하는 이가,…소생에게도…연모하는 이가
dom3Shiki_X02.mes,Script/dom3Shiki_X02.mes,31,8,주인공,え?なんです?,네? 뭐라고요,네? 뭐라고요
dom3Shiki_X02.mes,Script/dom3Shiki_X02.mes,32,13,Ukyo,いや……なんでもない……,아니…아무것도 아닐세…,아니…아무것도 아닐세…
dom3Shiki_X02.mes,Script/dom3Shiki_X02.mes,33,17,주인공,お願いします.どうか俺に稽古を!,부탁드립니다.저에게 수련을,부탁드립니다.저에게 수련을
dom3Shiki_X02.mes,Script/dom3Shiki_X02.mes,34,22,Ukyo,ゴホ、ゴホ.<6E5C>拙者は……見ての通りの……体,콜록.<6E5C>소생은 보다시피 이런 몸이네,콜록.<6E5C>소생은 보다시피 이런 몸이네
dom3Shiki_X02.mes,Script/dom3Shiki_X02.mes,35,28,Ukyo,<이름:3232>殿の願いは……今の拙者には…<6E5C>…少し荷がきつい……,<이름:3232>공의 소망은…지금 소생에게는…<6E5C>조금 벅차다네…,<이름:3232>공의 소망은…지금 소생에게는…<6E5C>조금 벅차다네…
dom3Shiki_X02.mes,Script/dom3Shiki_X02.mes,36,23,주인공,じゃあ、せめて剣を高みへ導く<6E5C>心得だけでも!,"그럼, 검의 경지를 높일<6E5C>마음만이라도!","그럼, 검의 경지를 높일<6E5C>마음만이라도!"
dom3Shiki_X02.mes,Script/dom3Shiki_X02.mes,37,7,Ukyo,……明鏡止水,…명경지수,…명경지수
dom3Shiki_X02.mes,Script/dom3Shiki_X02.mes,38,3,주인공,え?,네?,네?
dom3Shiki_X02.mes,Script/dom3Shiki_X02.mes,39,27,Ukyo,心……鏡のごとく曇りなく……<6E5C>水面のごとく静かに……,마음은…거울처럼 흐림 없이…<6E5C>수면처럼 고요히…,마음은…거울처럼 흐림 없이…<6E5C>수면처럼 고요히…
dom3Shiki_X02.mes,Script/dom3Shiki_X02.mes,40,11,주인공,曇りなく、静かな心?,맑고 고요한 마음?,맑고 고요한 마음?
dom3Shiki_X02.mes,Script/dom3Shiki_X02.mes,41,47,Ukyo,左様……目を閉じ、明鏡止水にて<6E5C>相手に向かえば……いかなる技すら<6E5C>、見極めることができる……,"그렇다네…눈을 감고, 명경지수로<6E5C>맞서면…어떤 기술이든<6E5C>꿰뚫어 볼 수 있다네…","그렇다네…눈을 감고, 명경지수로<6E5C>맞서면…어떤 기술이든<6E5C>꿰뚫어 볼 수 있다네…"
dom3Shiki_X02.mes,Script/dom3Shiki_X02.mes,42,15,주인공,どんな技でも……見極められる,어떤 기술이든…꿰뚫어 본다,어떤 기술이든…꿰뚫어 본다
dom3Shiki_X02.mes,Script/dom3Shiki_X02.mes,43,31,주인공,そうか!そこで神速の一閃を放つ<6E5C>のが居合いの極意なんですね!,그렇군요!거기서 신속의 일섬을<6E5C>날리는 게 극의로군요!,그렇군요!거기서 신속의 일섬을<6E5C>날리는 게 극의로군요!
dom3Shiki_X02.mes,Script/dom3Shiki_X02.mes,44,7,Ukyo,……いかにも,…그렇다네,…그렇다네
dom3Shiki_X02.mes,Script/dom3Shiki_X02.mes,45,27,주인공,なるほど…….<6E5C>右京さん、ありがとうございました<6E5C>!,"그렇군요….<6E5C>우쿄 씨, 정말 감사했습니다<6E5C>!","그렇군요….<6E5C>우쿄 씨, 정말 감사했습니다<6E5C>!"
dom3Shiki_X02.mes,Script/dom3Shiki_X02.mes,46,6,주인공,最後は……,마지막은…,마지막은…
dom3Shiki_X02.mes,Script/dom3Shiki_X02.mes,47,25,UNKNOWN_75,よう、<이름:3232>じゃねぇか.<6E5C>どうした、辛気臭い面して,"오, <이름:3232> 아니냐.<6E5C>왜 그래, 뚱한 얼굴로","오, <이름:3232> 아니냐.<6E5C>왜 그래, 뚱한 얼굴로"
dom3Shiki_X02.mes,Script/dom3Shiki_X02.mes,48,27,주인공,覇王丸さんを探してたんですよ.<6E5C>稽古をつけてほしくて,하오마루 씨를 찾았어요.<6E5C>수련 부탁드리려고요,하오마루 씨를 찾았어요.<6E5C>수련 부탁드리려고요
dom3Shiki_X02.mes,Script/dom3Shiki_X02.mes,49,27,UNKNOWN_75,稽古?そりゃいつでもしてやるが<6E5C>……何かあったのか?,수련?그거야 언제든 해주겠다만<6E5C>무슨 일 있었냐?,수련?그거야 언제든 해주겠다만<6E5C>무슨 일 있었냐?
dom3Shiki_X02.mes,Script/dom3Shiki_X02.mes,50,25,주인공,実は……牙神幻十郎と仕合うことに<6E5C>なりまして……,실은…키바가미 겐주로와 겨루게<6E5C>되어서요…,실은…키바가미 겐주로와 겨루게<6E5C>되어서요…
dom3Shiki_X02.mes,Script/dom3Shiki_X02.mes,51,16,UNKNOWN_75,幻十郎と?そいつぁおもしれぇな,겐주로랑?그거 재밌겠는데,겐주로랑?그거 재밌겠는데
dom3Shiki_X02.mes,Script/dom3Shiki_X02.mes,52,34,주인공,面白くないですよ!<6E5C>一本取れなかったら、<6E5C>きっと殺されるんですよ!,"재미없거든요!<6E5C>한 판 못 따내면,<6E5C>분명 죽는단 말이에요!","재미없거든요!<6E5C>한 판 못 따내면,<6E5C>분명 죽는단 말이에요!"
dom3Shiki_X02.mes,Script/dom3Shiki_X02.mes,53,30,UNKNOWN_75,悪い.そんなに必死になるなよ.<6E5C>要は一本取ればいいんだろ?,미안.그렇게 필사적이지 마.<6E5C>한 판만 따면 되잖아?,미안.그렇게 필사적이지 마.<6E5C>한 판만 따면 되잖아?
dom3Shiki_X02.mes,Script/dom3Shiki_X02.mes,54,9,주인공,そんな簡単に……,그렇게 쉽게…,그렇게 쉽게…
dom3Shiki_X02.mes,Script/dom3Shiki_X02.mes,55,30,UNKNOWN_75,やる前からビビッてたんじゃ、<6E5C>ハナっから勝負にならねぇぞ!,"하기도 전부터 쫄아 있으면,<6E5C>애초에 승부가 안 돼!","하기도 전부터 쫄아 있으면,<6E5C>애초에 승부가 안 돼!"
dom3Shiki_X02.mes,Script/dom3Shiki_X02.mes,56,46,UNKNOWN_75,幻十郎……あいつは強ぇ.お前が<6E5C>一本を取るためには、初撃に<6E5C>すべてを賭けるしかねぇだろうな,"겐주로…그놈은 강해.네가<6E5C>한 판 따내려면, 첫 일격에<6E5C>전부를 걸 수밖에 없을 거다","겐주로…그놈은 강해.네가<6E5C>한 판 따내려면, 첫 일격에<6E5C>전부를 걸 수밖에 없을 거다"
dom3Shiki_X02.mes,Script/dom3Shiki_X02.mes,57,8,주인공,初撃、ですか?,첫 일격이요?,첫 일격이요?
dom3Shiki_X02.mes,Script/dom3Shiki_X02.mes,58,38,UNKNOWN_75,そうだ.中途半端な技をいくら<6E5C>振り回したって、あいつには<6E5C>通用しねぇからな,"그래.어설픈 기술을 아무리<6E5C>휘둘러봤자, 그놈한테는<6E5C>안 통하니까","그래.어설픈 기술을 아무리<6E5C>휘둘러봤자, 그놈한테는<6E5C>안 통하니까"
dom3Shiki_X02.mes,Script/dom3Shiki_X02.mes,59,35,주인공,技を見切られる前に……<6E5C>渾身の一撃を叩き込むしか<6E5C>ないってことですか,기술을 간파당하기 전에<6E5C>혼신의 일격을 꽂는 수밖에<6E5C>없다는 거죠,기술을 간파당하기 전에<6E5C>혼신의 일격을 꽂는 수밖에<6E5C>없다는 거죠
dom3Shiki_X02.mes,Script/dom3Shiki_X02.mes,60,8,UNKNOWN_75,そういうこった,그런 얘기지,그런 얘기지
dom3Shiki_X02.mes,Script/dom3Shiki_X02.mes,61,21,주인공,じゃ、じゃあ、<6E5C>その一撃を教えてください,"그, 그럼,<6E5C>그 일격을 가르쳐주세요","그, 그럼,<6E5C>그 일격을 가르쳐주세요"
dom3Shiki_X02.mes,Script/dom3Shiki_X02.mes,62,4,UNKNOWN_75,無理だ,무리다,무리다
dom3Shiki_X02.mes,Script/dom3Shiki_X02.mes,63,3,주인공,へ?,네?,네?
dom3Shiki_X02.mes,Script/dom3Shiki_X02.mes,64,58,UNKNOWN_75,俺とあいつは元々同門でな.<6E5C>お互いの技は知り尽くしてる<485C>そんな俺の技を覚えたところで、<6E5C>あいつには見切られちまうさ,나랑 그놈은 원래 한 스승 밑이라.<6E5C>서로 기술은 훤히 꿰고 있지<485C>내 기술을 배워봤자<6E5C>그놈에겐 뻔히 읽혀,나랑 그놈은 원래 한 스승 밑이라.<6E5C>서로 기술은 훤히 꿰고 있지<485C>내 기술을 배워봤자<6E5C>그놈에겐 뻔히 읽혀
dom3Shiki_X02.mes,Script/dom3Shiki_X02.mes,65,13,주인공,そんな、じゃあどうすれば,"그런, 그럼 어떡하면","그런, 그럼 어떡하면"
dom3Shiki_X02.mes,Script/dom3Shiki_X02.mes,66,65,UNKNOWN_75,<이름:3232>.<6E5C>お前は隠してるみてぇだが、<485C>相当な実力を持ってるってのは<6E5C>わかってるんだよ<485C>お前の持つ最高の突きを<6E5C>奴にお見舞いしてやれ,"<이름:3232>.<6E5C>숨기고 있는 모양이지만,<485C>상당한 실력인 건<6E5C>다 알고 있다고<485C>네 최고의 찌르기를<6E5C>그놈에게 먹여줘라","<이름:3232>.<6E5C>숨기고 있는 모양이지만,<485C>상당한 실력인 건<6E5C>다 알고 있다고<485C>네 최고의 찌르기를<6E5C>그놈에게 먹여줘라"
dom3Shiki_X02.mes,Script/dom3Shiki_X02.mes,67,7,주인공,突き、ですか,"찌르기, 요","찌르기, 요"
dom3Shiki_X02.mes,Script/dom3Shiki_X02.mes,68,45,UNKNOWN_75,そうだ.一番隙が少なく、<6E5C>最短距離で相手に届く技だ<485C>あいつから一本取るには<6E5C>それしかねぇ,"그래.빈틈이 적고,<6E5C>최단 거리로 닿는 기술이다<485C>한 판 따내려면<6E5C>그것뿐이야","그래.빈틈이 적고,<6E5C>최단 거리로 닿는 기술이다<485C>한 판 따내려면<6E5C>그것뿐이야"
dom3Shiki_X02.mes,Script/dom3Shiki_X02.mes,69,9,주인공,……わかりました,…알겠습니다,…알겠습니다
dom3Shiki_X02.mes,Script/dom3Shiki_X02.mes,70,28,UNKNOWN_75,ま、しっかりがんばりな.<6E5C>死んだら骨は拾ってやるからよ,"뭐, 확실히 힘내라.<6E5C>죽으면 뼈는 주워줄 테니까","뭐, 확실히 힘내라.<6E5C>죽으면 뼈는 주워줄 테니까"
dom3Shiki_X02.mes,Script/dom3Shiki_X02.mes,71,24,주인공,ふ、不吉なこと言わないで<6E5C>くださいよ!……もう,"부, 불길한 소리 하지 말아<6E5C>주세요!…정말","부, 불길한 소리 하지 말아<6E5C>주세요!…정말"
dom3Shiki_X02.mes,Script/dom3Shiki_X02.mes,72,10,주인공,(いよいよか……),(드디어인가…),(드디어인가…)
dom3Shiki_X02.mes,Script/dom3Shiki_X02.mes,73,3,[효과음/내레이션],ザッ,스윽,스윽
dom3Shiki_X02.mes,Script/dom3Shiki_X02.mes,74,10,주인공,(き、来た……!),"(오, 온다…!)","(오, 온다…!)"
dom3Shiki_X02.mes,Script/dom3Shiki_X02.mes,75,16,UNKNOWN_77,フ……覚悟はしてきたのだろうな,흐…각오는 하고 왔겠지,흐…각오는 하고 왔겠지
dom3Shiki_X02.mes,Script/dom3Shiki_X02.mes,76,27,주인공,ど、どの覚悟ですか?<6E5C>仕合いする覚悟か、それとも……,"무, 무슨 각오요?<6E5C>겨룰 각오인지, 아니면…","무, 무슨 각오요?<6E5C>겨룰 각오인지, 아니면…"
dom3Shiki_X02.mes,Script/dom3Shiki_X02.mes,77,20,UNKNOWN_77,今生に別れを告げる覚悟に<6E5C>決まっている,이승과 작별할 각오에<6E5C>정해져 있지,이승과 작별할 각오에<6E5C>정해져 있지
dom3Shiki_X02.mes,Script/dom3Shiki_X02.mes,78,38,주인공,やっぱり!<6E5C>お、俺はあなたから一本取って、<6E5C>必ず色さんのところへ行く……!,역시!<6E5C>나는 당신에게서 한 판 따내고<6E5C>반드시 시키 씨에게 갈 거야!,역시!<6E5C>나는 당신에게서 한 판 따내고<6E5C>반드시 시키 씨에게 갈 거야!
dom3Shiki_X02.mes,Script/dom3Shiki_X02.mes,79,39,UNKNOWN_77,くく……面白いぞ、貴様.<6E5C>ならば、その剣がこの俺に<6E5C>通用するか、見せてみろ!,"크크…재밌군, 네놈.<6E5C>그 검이 이 나에게<6E5C>통하는지, 보여봐라!","크크…재밌군, 네놈.<6E5C>그 검이 이 나에게<6E5C>통하는지, 보여봐라!"
dom3Shiki_X02.mes,Script/dom3Shiki_X02.mes,80,25,주인공,(来た……!もうこうなったら、<6E5C>やるしかない!),(왔다…!이렇게 된 이상<6E5C>할 수밖에 없다!),(왔다…!이렇게 된 이상<6E5C>할 수밖에 없다!)
dom3Shiki_X02.mes,Script/dom3Shiki_X02.mes,81,21,[선택지],恐れない勇気で!渾身の一閃を!明鏡止水だ!,두려움 없이!\혼신의 일섬을!\명경지수!,두려움 없이!\혼신의 일섬을!\명경지수!
dom3Shiki_X02.mes,Script/dom3Shiki_X02.mes,82,25,주인공,恐れるな……俺には、<6E5C>守りたい人がいるんだ……!,두려워 마…나에겐<6E5C>지키고 싶은 사람이 있어!,두려워 마…나에겐<6E5C>지키고 싶은 사람이 있어!
dom3Shiki_X02.mes,Script/dom3Shiki_X02.mes,83,7,UNKNOWN_77,うおりゃあ!,우오랴!,우오랴!
dom3Shiki_X02.mes,Script/dom3Shiki_X02.mes,84,5,[효과음/내레이션],グォッ!,커헉!,커헉!
dom3Shiki_X02.mes,Script/dom3Shiki_X02.mes,85,16,주인공,行くぞ……う、うおぉぉぉぉ!!,"간다…우, 우오오오오!!","간다…우, 우오오오오!!"
dom3Shiki_X02.mes,Script/dom3Shiki_X02.mes,86,7,UNKNOWN_77,阿呆ゥが!!,얼간이가!!,얼간이가!!
dom3Shiki_X02.mes,Script/dom3Shiki_X02.mes,87,6,[효과음/내레이션],ざくぅ!!,서걱!!,서걱!!
dom3Shiki_X02.mes,Script/dom3Shiki_X02.mes,88,9,주인공,ぐわぁぁぁぁ!!,으아아악!!,으아아악!!
dom3Shiki_X02.mes,Script/dom3Shiki_X02.mes,89,4,[효과음/내레이션],バタッ,털썩,털썩
dom3Shiki_X02.mes,Script/dom3Shiki_X02.mes,90,25,주인공,(く……恐怖で体が思うように<6E5C>動かなかった……),(크…공포에 몸이 뜻대로<6E5C>움직이지 않았어…),(크…공포에 몸이 뜻대로<6E5C>움직이지 않았어…)
dom3Shiki_X02.mes,Script/dom3Shiki_X02.mes,91,31,주인공,(こ、こんなところで死ぬのか……<6E5C>俺は.うぅ……色さん……),"(이, 이런 곳에서 죽는 건가…<6E5C>나는.으윽…시키 씨…)","(이, 이런 곳에서 죽는 건가…<6E5C>나는.으윽…시키 씨…)"
dom3Shiki_X02.mes,Script/dom3Shiki_X02.mes,92,16,주인공,目を閉じて……明鏡止水だ……!,눈을 감고…명경지수다…!,눈을 감고…명경지수다…!
dom3Shiki_X02.mes,Script/dom3Shiki_X02.mes,93,7,UNKNOWN_77,阿呆ゥが!!,얼간이가!!,얼간이가!!
dom3Shiki_X02.mes,Script/dom3Shiki_X02.mes,94,13,주인공,うわぁ!やっぱり怖い!!,으악!역시 무서워!!,으악!역시 무서워!!
dom3Shiki_X02.mes,Script/dom3Shiki_X02.mes,95,6,[효과음/내레이션],ざくぅ!!,서걱!!,서걱!!
dom3Shiki_X02.mes,Script/dom3Shiki_X02.mes,96,9,주인공,ぐわぁぁぁぁ!!,으아아악!!,으아아악!!
dom3Shiki_X02.mes,Script/dom3Shiki_X02.mes,97,4,[효과음/내레이션],バタッ,털썩,털썩
dom3Shiki_X02.mes,Script/dom3Shiki_X02.mes,98,24,주인공,(く……怖くて思わず目を<6E5C>開けちゃったよ……),(크…무서워서 나도 모르게<6E5C>눈을 떴어…),(크…무서워서 나도 모르게<6E5C>눈을 떴어…)
dom3Shiki_X02.mes,Script/dom3Shiki_X02.mes,99,31,주인공,(こ、こんなところで死ぬのか……<6E5C>俺は.うぅ……色さん……),"(이, 이런 곳에서 죽는 건가…<6E5C>나는.으윽…시키 씨…)","(이, 이런 곳에서 죽는 건가…<6E5C>나는.으윽…시키 씨…)"
dom3Shiki_X02.mes,Script/dom3Shiki_X02.mes,100,19,[선택지],ここで渾身の一閃だ!ここで明鏡止水だ!,지금 일섬이다!\지금 명경지수다!,지금 일섬이다!\지금 명경지수다!
dom3Shiki_X02.mes,Script/dom3Shiki_X02.mes,101,16,주인공,行くぞ……う、うおぉぉぉぉ!!,"간다…우, 우오오오오!!","간다…우, 우오오오오!!"
dom3Shiki_X02.mes,Script/dom3Shiki_X02.mes,102,7,UNKNOWN_77,阿呆ゥが!!,얼간이가!!,얼간이가!!
dom3Shiki_X02.mes,Script/dom3Shiki_X02.mes,103,6,[효과음/내레이션],ざくぅ!!,서걱!!,서걱!!
dom3Shiki_X02.mes,Script/dom3Shiki_X02.mes,104,9,주인공,ぐわぁぁぁぁ!!,으아아악!!,으아아악!!
dom3Shiki_X02.mes,Script/dom3Shiki_X02.mes,105,4,[효과음/내레이션],バタッ,털썩,털썩
dom3Shiki_X02.mes,Script/dom3Shiki_X02.mes,106,32,주인공,(く……相手の剣が見えなかった…<6E5C>…心が、乱れていたのか……),(크…상대 검이 보이지 않았어<6E5C>마음이 흐트러졌던 걸까…),(크…상대 검이 보이지 않았어<6E5C>마음이 흐트러졌던 걸까…)
dom3Shiki_X02.mes,Script/dom3Shiki_X02.mes,107,31,주인공,(こ、こんなところで死ぬのか……<6E5C>俺は.うぅ……色さん……),"(이, 이런 곳에서 죽는 건가…<6E5C>나는.으윽…시키 씨…)","(이, 이런 곳에서 죽는 건가…<6E5C>나는.으윽…시키 씨…)"
dom3Shiki_X02.mes,Script/dom3Shiki_X02.mes,108,10,주인공,(目を閉じて……),(눈을 감고…),(눈을 감고…)
dom3Shiki_X02.mes,Script/dom3Shiki_X02.mes,109,3,[효과음/내레이션],スッ,슥,슥
dom3Shiki_X02.mes,Script/dom3Shiki_X02.mes,110,28,주인공,(鏡のごとく曇りなく、<6E5C>水面のごとく静かな心で……!),(거울처럼 흐림 없이<6E5C>수면처럼 고요한 마음으로!),(거울처럼 흐림 없이<6E5C>수면처럼 고요한 마음으로!)
dom3Shiki_X02.mes,Script/dom3Shiki_X02.mes,111,3,[효과음/내레이션],カッ,번쩍,번쩍
dom3Shiki_X02.mes,Script/dom3Shiki_X02.mes,112,6,주인공,見えた!!,보였다!!,보였다!!
dom3Shiki_X02.mes,Script/dom3Shiki_X02.mes,113,28,[선택지],魂のひと突きだ!一文字になぎ払うんだ!渾身の二閃突きだ!,혼의 찌르기다!\일자로 베어낸다!\혼신의 이섬찌르기다!,혼의 찌르기다!\일자로 베어낸다!\혼신의 이섬찌르기다!
dom3Shiki_X02.mes,Script/dom3Shiki_X02.mes,114,14,주인공,これが俺の答えだぁぁぁ!!,이게 내 대답이다아아!!,이게 내 대답이다아아!!
dom3Shiki_X02.mes,Script/dom3Shiki_X02.mes,115,7,UNKNOWN_77,ぬうぅぅ!?,크윽!?,크윽!?
dom3Shiki_X02.mes,Script/dom3Shiki_X02.mes,116,6,[효과음/내레이션],キィィン!,채앵!,채앵!
dom3Shiki_X02.mes,Script/dom3Shiki_X02.mes,117,3,[효과음/내레이션],……,…,…
dom3Shiki_X02.mes,Script/dom3Shiki_X02.mes,118,9,주인공,は、外れた……?,"비, 빗나갔다…","비, 빗나갔다…"
dom3Shiki_X02.mes,Script/dom3Shiki_X02.mes,119,13,UNKNOWN_77,フン……外したのだ、俺が,흥…일부러 빗나갔다,흥…일부러 빗나갔다
dom3Shiki_X02.mes,Script/dom3Shiki_X02.mes,120,5,주인공,え……?,어…?,어…?
dom3Shiki_X02.mes,Script/dom3Shiki_X02.mes,121,31,UNKNOWN_77,貴様のような小者に、毛ほどとはい<6E5C>え、傷をつけられるとは……,"네놈 같은 소인배에게 털끝만큼<6E5C>이라도, 상처를 입다니…","네놈 같은 소인배에게 털끝만큼<6E5C>이라도, 상처를 입다니…"
dom3Shiki_X02.mes,Script/dom3Shiki_X02.mes,122,11,주인공,あ……肩から血が……,아…어깨에서 피가…,아…어깨에서 피가…
dom3Shiki_X02.mes,Script/dom3Shiki_X02.mes,123,37,UNKNOWN_77,貴様の突きの軌道を変えていな<6E5C>ければ、心の臓を突かれて<6E5C>いたかもしれんな,"네놈의 찌르기 궤도를 바꾸지<6E5C>않았다면, 심장을 찔렸을지도<6E5C>모르지","네놈의 찌르기 궤도를 바꾸지<6E5C>않았다면, 심장을 찔렸을지도<6E5C>모르지"
dom3Shiki_X02.mes,Script/dom3Shiki_X02.mes,124,46,주인공,(そ、そうか……!俺の突きを<6E5C>かわすために攻撃をやめて、刀で<6E5C>俺の軌道を逸らしたのか……),"(그, 그런가…!내 찌르기를<6E5C>피하려 공격을 멈추고, 칼로<6E5C>궤도를 비튼 거였나…)","(그, 그런가…!내 찌르기를<6E5C>피하려 공격을 멈추고, 칼로<6E5C>궤도를 비튼 거였나…)"
dom3Shiki_X02.mes,Script/dom3Shiki_X02.mes,125,16,주인공,あ、でも.一本取れなかった……,아 그래도.한 판 못 땄어…,아 그래도.한 판 못 땄어…
dom3Shiki_X02.mes,Script/dom3Shiki_X02.mes,126,12,주인공,(こ、殺される……?),"(주, 죽는 건가?)","(주, 죽는 건가?)"
dom3Shiki_X02.mes,Script/dom3Shiki_X02.mes,127,12,UNKNOWN_77,女は町の外れの破れ屋だ,여자는 마을 폐가다,여자는 마을 폐가다
dom3Shiki_X02.mes,Script/dom3Shiki_X02.mes,128,3,주인공,え?,어?,어?
dom3Shiki_X02.mes,Script/dom3Shiki_X02.mes,129,27,UNKNOWN_77,さっさと行け.それともこのまま<6E5C>斬り捨てられたいか?,냉큼 가라.아니면 이대로<6E5C>베여 죽고 싶으냐?,냉큼 가라.아니면 이대로<6E5C>베여 죽고 싶으냐?
dom3Shiki_X02.mes,Script/dom3Shiki_X02.mes,130,27,주인공,い、いや、それは遠慮させて<6E5C>もらいます!それじゃ!!,"아, 아뇨, 그건 사양하<6E5C>겠습니다!그럼!!","아, 아뇨, 그건 사양하<6E5C>겠습니다!그럼!!"
dom3Shiki_X02.mes,Script/dom3Shiki_X02.mes,131,4,[효과음/내레이션],タタッ,타닥,타닥
dom3Shiki_X02.mes,Script/dom3Shiki_X02.mes,132,39,주인공,(……なんで教えてくれたのかな.<6E5C>もしかして、少しは認めて<6E5C>もらえたのか?),"(…왜 가르쳐줬을까.<6E5C>혹시, 조금은 인정<6E5C>받은 걸까?)","(…왜 가르쳐줬을까.<6E5C>혹시, 조금은 인정<6E5C>받은 걸까?)"
dom3Shiki_X02.mes,Script/dom3Shiki_X02.mes,133,10,주인공,おりゃあぁぁぁ!!,으랴아아!!,으랴아아!!
dom3Shiki_X02.mes,Script/dom3Shiki_X02.mes,134,7,UNKNOWN_77,阿呆ゥが!!,얼간이가!!,얼간이가!!
dom3Shiki_X02.mes,Script/dom3Shiki_X02.mes,135,6,[효과음/내레이션],ざくぅ!!,서걱!!,서걱!!
dom3Shiki_X02.mes,Script/dom3Shiki_X02.mes,136,9,주인공,ぐわぁぁぁぁ!!,으아아악!!,으아아악!!
dom3Shiki_X02.mes,Script/dom3Shiki_X02.mes,137,4,[효과음/내레이션],バタッ,털썩,털썩
dom3Shiki_X02.mes,Script/dom3Shiki_X02.mes,138,44,주인공,(く……お、俺の剣が見切られ<6E5C>た…….大技では……隙を突く<6E5C>ことができなかったか……),"(크…내, 내 검이 간파당<6E5C>했어….큰 기술로는…빈틈을 찌를<6E5C>수 없었던 건가…)","(크…내, 내 검이 간파당<6E5C>했어….큰 기술로는…빈틈을 찌를<6E5C>수 없었던 건가…)"
dom3Shiki_X02.mes,Script/dom3Shiki_X02.mes,139,31,주인공,(こ、こんなところで死ぬのか……<6E5C>俺は.うぅ……色さん……),"(이, 이런 곳에서 죽는 건가…<6E5C>나는.으윽…시키 씨…)","(이, 이런 곳에서 죽는 건가…<6E5C>나는.으윽…시키 씨…)"
dom3Shiki_X02.mes,Script/dom3Shiki_X02.mes,140,10,주인공,おりゃあぁぁぁ!!,으랴아아!!,으랴아아!!
dom3Shiki_X02.mes,Script/dom3Shiki_X02.mes,141,7,UNKNOWN_77,阿呆ゥが!!,얼간이가!!,얼간이가!!
dom3Shiki_X02.mes,Script/dom3Shiki_X02.mes,142,6,[효과음/내레이션],ざくぅ!!,서걱!!,서걱!!
dom3Shiki_X02.mes,Script/dom3Shiki_X02.mes,143,9,주인공,ぐわぁぁぁぁ!!,으아아악!!,으아아악!!
dom3Shiki_X02.mes,Script/dom3Shiki_X02.mes,144,4,[효과음/내레이션],バタッ,털썩,털썩
dom3Shiki_X02.mes,Script/dom3Shiki_X02.mes,145,52,주인공,(く……お、俺の必殺の二閃突きが<6E5C>見切られた……)<485C>(大技では……隙を突くことが<6E5C>できなかったか……),(크…내 필살의 이섬 찌르기가<6E5C>간파당했어…)<485C>(큰 기술로는…빈틈을 못<6E5C>찔렀나…),(크…내 필살의 이섬 찌르기가<6E5C>간파당했어…)<485C>(큰 기술로는…빈틈을 못<6E5C>찔렀나…)
dom3Shiki_X02.mes,Script/dom3Shiki_X02.mes,146,31,주인공,(こ、こんなところで死ぬのか……<6E5C>俺は.うぅ……色さん……),"(이, 이런 곳에서 죽는 건가…<6E5C>나는.으윽…시키 씨…)","(이, 이런 곳에서 죽는 건가…<6E5C>나는.으윽…시키 씨…)"
dom3Shiki_X02.mes,Script/dom3Shiki_X02.mes,147,4,[효과음/내레이션],バン!,탕!,탕!
dom3Shiki_X02.mes,Script/dom3Shiki_X02.mes,148,5,주인공,色さん!,시키 씨,시키 씨
dom3Shiki_X02.mes,Script/dom3Shiki_X02.mes,149,3,Shiki,……,…,…
dom3Shiki_X02.mes,Script/dom3Shiki_X02.mes,150,28,주인공,や、やっと見つけた……!<6E5C>さあ、いっしょに帰りましょう,"드, 드디어 찾았다…!<6E5C>자, 같이 돌아가요","드, 드디어 찾았다…!<6E5C>자, 같이 돌아가요"
dom3Shiki_X02.mes,Script/dom3Shiki_X02.mes,151,5,Shiki,……誰?,…누구?,…누구?
dom3Shiki_X02.mes,Script/dom3Shiki_X02.mes,152,24,주인공,な、何を言ってるんです?<6E5C>俺ですよ、<이름:3232>です!,"무, 무슨 소리예요?<6E5C>저예요, <이름:3232>요!","무, 무슨 소리예요?<6E5C>저예요, <이름:3232>요!"
dom3Shiki_X02.mes,Script/dom3Shiki_X02.mes,153,13,Shiki,……知らない.消えて……,…몰라.사라져…,…몰라.사라져…
dom3Shiki_X02.mes,Script/dom3Shiki_X02.mes,154,5,주인공,色さん?,시키 씨,시키 씨
dom3Shiki_X02.mes,Script/dom3Shiki_X02.mes,155,13,Shiki,私は……ユガ様のもの……,나는…유가 님의 것…,나는…유가 님의 것…
dom3Shiki_X02.mes,Script/dom3Shiki_X02.mes,156,13,주인공,くそ!どうなってるんだ?,젠장!어떻게 된 거야?,젠장!어떻게 된 거야?
dom3Shiki_X02.mes,Script/dom3Shiki_X02.mes,157,28,UNKNOWN_1e,その女は我のもの…….<6E5C>何人たりとも触れることは許さぬ,그 여자는 짐의 것….<6E5C>누구도 손대지 못한다,그 여자는 짐의 것….<6E5C>누구도 손대지 못한다
dom3Shiki_X02.mes,Script/dom3Shiki_X02.mes,158,3,주인공,!?,!?,!?
dom3Shiki_X02.mes,Script/dom3Shiki_X02.mes,159,7,Shiki,ユ、ガ……様,"유, 가…님","유, 가…님"
dom3Shiki_X02.mes,Script/dom3Shiki_X02.mes,160,24,주인공,お、お前はあの時の……!<6E5C>色さんに何をした!?,"네놈, 그놈…!<6E5C>시키 씨에게 무슨 짓을!?","네놈, 그놈…!<6E5C>시키 씨에게 무슨 짓을!?"
dom3Shiki_X02.mes,Script/dom3Shiki_X02.mes,161,39,UNKNOWN_8e,色は門を開く鍵……余計な感情は<6E5C>いらぬ.我の言葉にのみ従う<6E5C>人形に作り変えた,시키는 문 여는 열쇠…감정은<6E5C>필요 없다.내게만 따르는<6E5C>인형으로 바꿨다,시키는 문 여는 열쇠…감정은<6E5C>필요 없다.내게만 따르는<6E5C>인형으로 바꿨다
dom3Shiki_X02.mes,Script/dom3Shiki_X02.mes,162,16,주인공,色さんが鍵?何を言ってるんだ?,시키 씨가 열쇠?무슨 소리야,시키 씨가 열쇠?무슨 소리야
dom3Shiki_X02.mes,Script/dom3Shiki_X02.mes,163,26,UNKNOWN_8e,貴様も見たはず……この女の背に<6E5C>刻まれた紋様を……,네놈도 봤을 터…이 여자 등에<6E5C>새겨진 문양을…,네놈도 봤을 터…이 여자 등에<6E5C>새겨진 문양을…
dom3Shiki_X02.mes,Script/dom3Shiki_X02.mes,164,13,주인공,あ、あの刺青のことか……,"아, 그 문신 말인가…","아, 그 문신 말인가…"
dom3Shiki_X02.mes,Script/dom3Shiki_X02.mes,165,36,UNKNOWN_8e,あれは異界の門の鍵……<6E5C>この女を<9D12>体として、<6E5C>闇を復活させるための、な,그건 이계 문 열쇠…<6E5C>이 여자로 <9D12>체 삼아<6E5C>어둠을 되살리려는 것,그건 이계 문 열쇠…<6E5C>이 여자로 <9D12>체 삼아<6E5C>어둠을 되살리려는 것
dom3Shiki_X02.mes,Script/dom3Shiki_X02.mes,166,6,주인공,異界の門?,이계의 문,이계의 문
dom3Shiki_X02.mes,Script/dom3Shiki_X02.mes,167,16,UNKNOWN_8e,これ以上、貴様に話すことはない,"더는, 네놈에게 할 말 없다","더는, 네놈에게 할 말 없다"
dom3Shiki_X02.mes,Script/dom3Shiki_X02.mes,168,39,주인공,く……!門の鍵だかなんだか<6E5C>知らないけど、とにかく<6E5C>色さんは返してもらうぞ!,"크…!문의 열쇠인지 뭔지<6E5C>모르겠지만, 아무튼<6E5C>시키 씨는 돌려받겠어!","크…!문의 열쇠인지 뭔지<6E5C>모르겠지만, 아무튼<6E5C>시키 씨는 돌려받겠어!"
dom3Shiki_X02.mes,Script/dom3Shiki_X02.mes,169,3,Shiki,……,…,…
dom3Shiki_X02.mes,Script/dom3Shiki_X02.mes,170,14,UNKNOWN_8e,身の程を知れ……愚か者……,분수를 알라…어리석은 자,분수를 알라…어리석은 자
dom3Shiki_X02.mes,Script/dom3Shiki_X02.mes,171,4,[효과음/내레이션],カッ!,확!,확!
dom3Shiki_X02.mes,Script/dom3Shiki_X02.mes,172,19,주인공,(な、なんだ……?指先が光った?<6E5C>),"(뭐, 뭐지…?손끝이 빛났어?<6E5C>)","(뭐, 뭐지…?손끝이 빛났어?<6E5C>)"
dom3Shiki_X02.mes,Script/dom3Shiki_X02.mes,173,17,주인공,あ、あれ.目の前が真っ暗に……?,"어, 어라.눈앞이 캄캄해져…?","어, 어라.눈앞이 캄캄해져…?"
dom3Shiki_X02.mes,Script/dom3Shiki_X02.mes,174,4,[효과음/내레이션],バタッ,털썩,털썩
dom3Shiki_X03.mes,Script/dom3Shiki_X03.mes,0,4,주인공,う……,윽……,윽……
dom3Shiki_X03.mes,Script/dom3Shiki_X03.mes,1,4,UNKNOWN_1e,ミナー,미나~,미나~
dom3Shiki_X03.mes,Script/dom3Shiki_X03.mes,2,10,주인공,ミナ?チャンプル?,미나? 참프루?,미나? 참프루?
dom3Shiki_X03.mes,Script/dom3Shiki_X03.mes,3,8,Mina,気づいたの……,깨어났구나……,깨어났구나……
dom3Shiki_X03.mes,Script/dom3Shiki_X03.mes,4,41,주인공,俺、なんでこんなところに?<6E5C>破れ屋で色さんを見つけて、<6E5C>ユガって奴が出てきて……,내가 왜 여기에?<6E5C>폐가에서 시키 씨를 발견했는데<6E5C>유가란 놈이 나타나서……,내가 왜 여기에?<6E5C>폐가에서 시키 씨를 발견했는데<6E5C>유가란 놈이 나타나서……
dom3Shiki_X03.mes,Script/dom3Shiki_X03.mes,5,17,Mina,あなたは……ここで眠っていたのよ,당신은……여기서 자고 있었어,당신은……여기서 자고 있었어
dom3Shiki_X03.mes,Script/dom3Shiki_X03.mes,6,39,주인공,そうか.そういえば、ユガの指先が<6E5C>光って……急に目の前が<6E5C>真っ暗になって……,그렇군. 유가 손끝이<6E5C>빛나서……갑자기 눈앞이<6E5C>캄캄해져서……,그렇군. 유가 손끝이<6E5C>빛나서……갑자기 눈앞이<6E5C>캄캄해져서……
dom3Shiki_X03.mes,Script/dom3Shiki_X03.mes,7,17,Mina,……かすかに、邪気を感じた……わ,……희미하게 사기를 느꼈어……,……희미하게 사기를 느꼈어……
dom3Shiki_X03.mes,Script/dom3Shiki_X03.mes,8,14,주인공,邪気?もしかしてユガから?,사기? 혹시 유가한테서?,사기? 혹시 유가한테서?
dom3Shiki_X03.mes,Script/dom3Shiki_X03.mes,9,21,Mina,わからない……でも、<6E5C>きっと……そう、ね,"모르겠어……하지만,<6E5C>분명……아마","모르겠어……하지만,<6E5C>분명……아마"
dom3Shiki_X03.mes,Script/dom3Shiki_X03.mes,10,21,주인공,くそ……あんな術、<6E5C>手の出しようが……!,젠장……그런 술수엔<6E5C>손쓸 방법이……!,젠장……그런 술수엔<6E5C>손쓸 방법이……!
dom3Shiki_X03.mes,Script/dom3Shiki_X03.mes,11,5,Mina,これ……,이건……,이건……
dom3Shiki_X03.mes,Script/dom3Shiki_X03.mes,12,3,[효과음/내레이션],スッ,스윽,스윽
dom3Shiki_X03.mes,Script/dom3Shiki_X03.mes,13,11,주인공,え?これは……弓矢?,어? 활과 화살?,어? 활과 화살?
dom3Shiki_X03.mes,Script/dom3Shiki_X03.mes,14,20,Mina,破魔の矢…….<6E5C>邪気を祓うことができる,파마의 화살…….<6E5C>사기를 물리쳐,파마의 화살…….<6E5C>사기를 물리쳐
dom3Shiki_X03.mes,Script/dom3Shiki_X03.mes,15,15,주인공,どうしてこんなのものを俺に?,왜 이런 걸 나한테?,왜 이런 걸 나한테?
dom3Shiki_X03.mes,Script/dom3Shiki_X03.mes,16,27,Mina,チャンプルが……あなたを気に<6E5C>入ったみたいだから……,참프루가……당신을 마음에<6E5C>든 것 같으니까……,참프루가……당신을 마음에<6E5C>든 것 같으니까……
dom3Shiki_X03.mes,Script/dom3Shiki_X03.mes,17,3,UNKNOWN_7b,う~,우~,우~
dom3Shiki_X03.mes,Script/dom3Shiki_X03.mes,18,21,주인공,そうか.<6E5C>ありがとう、ミナ、チャンプル!,"그렇군.<6E5C>고마워, 미나, 참프루!","그렇군.<6E5C>고마워, 미나, 참프루!"
dom3Shiki_X03.mes,Script/dom3Shiki_X03.mes,19,45,주인공,これはありがたく借りていくよ.<6E5C>明日、もう一度……今度こそ、<6E5C>色さんを取り返してみせる!,"이건 고맙게 빌려갈게.<6E5C>내일 다시……이번엔 꼭,<6E5C>시키 씨를 되찾아 보이겠어!","이건 고맙게 빌려갈게.<6E5C>내일 다시……이번엔 꼭,<6E5C>시키 씨를 되찾아 보이겠어!"
dom3Shiki_X03.mes,Script/dom3Shiki_X03.mes,20,13,주인공,(あれ……誰もいない?),(어라…아무도 없나?),(어라…아무도 없나?)
dom3Shiki_X03.mes,Script/dom3Shiki_X03.mes,21,11,UNKNOWN_1e,……何をしているの?,……뭐 하는 거야?,……뭐 하는 거야?
dom3Shiki_X03.mes,Script/dom3Shiki_X03.mes,22,4,주인공,あ……,아……,아……
dom3Shiki_X03.mes,Script/dom3Shiki_X03.mes,23,3,Shiki,……,……,……
dom3Shiki_X03.mes,Script/dom3Shiki_X03.mes,24,22,주인공,色さん…….<6E5C>ユガは、どこにいるんですか?,시키 씨……<6E5C>유가는 어디 있는 겁니까?,시키 씨……<6E5C>유가는 어디 있는 겁니까?
dom3Shiki_X03.mes,Script/dom3Shiki_X03.mes,25,7,Shiki,ユガ様……?,유가님……?,유가님……?
dom3Shiki_X03.mes,Script/dom3Shiki_X03.mes,26,10,UNKNOWN_1e,我はここにあり……,난 여기 있다……,난 여기 있다……
dom3Shiki_X03.mes,Script/dom3Shiki_X03.mes,27,6,주인공,出たな!?,왔구나!?,왔구나!?
dom3Shiki_X03.mes,Script/dom3Shiki_X03.mes,28,17,UNKNOWN_8e,貴様……何ゆえ色に固執する……?,"네놈, 왜 색에게 집착하나?","네놈, 왜 색에게 집착하나?"
dom3Shiki_X03.mes,Script/dom3Shiki_X03.mes,29,6,주인공,それは……,그건……,그건……
dom3Shiki_X03.mes,Script/dom3Shiki_X03.mes,30,24,[선택지],色さんは俺のものだから色さんと生きると決めたから,시키씨는 내 거니까\시키 씨와 살기로 했으니까,시키씨는 내 거니까\시키 씨와 살기로 했으니까
dom3Shiki_X03.mes,Script/dom3Shiki_X03.mes,31,14,주인공,色さんは俺のものだからだ!,시키 씨는 내 거니까!,시키 씨는 내 거니까!
dom3Shiki_X03.mes,Script/dom3Shiki_X03.mes,32,21,UNKNOWN_8e,……所詮、下等な人間の愚かな<6E5C>答えか……,"……역시, 인간의<6E5C>어리석은 답이군……","……역시, 인간의<6E5C>어리석은 답이군……"
dom3Shiki_X03.mes,Script/dom3Shiki_X03.mes,33,9,주인공,な、なんだと!?,"뭐, 뭐라고!?","뭐, 뭐라고!?"
dom3Shiki_X03.mes,Script/dom3Shiki_X03.mes,34,35,UNKNOWN_8e,己のものだと声を張るならば……<6E5C>その力をもって我から<6E5C>奪い取ってみよ,제 것이라 소리친다면……<6E5C>그 힘으로 나에게서<6E5C>빼앗아 보아라,제 것이라 소리친다면……<6E5C>그 힘으로 나에게서<6E5C>빼앗아 보아라
dom3Shiki_X03.mes,Script/dom3Shiki_X03.mes,35,16,주인공,よ、よし、行くぞ!うおぉぉ!!,"좋, 좋아 간다!우오오오!!","좋, 좋아 간다!우오오오!!"
dom3Shiki_X03.mes,Script/dom3Shiki_X03.mes,36,6,UNKNOWN_8e,……ナラカ,……나라카,……나라카
dom3Shiki_X03.mes,Script/dom3Shiki_X03.mes,37,4,[효과음/내레이션],カッ!,번쩍!,번쩍!
dom3Shiki_X03.mes,Script/dom3Shiki_X03.mes,38,3,주인공,!?,!?,!?
dom3Shiki_X03.mes,Script/dom3Shiki_X03.mes,39,4,UNKNOWN_8e,消えよ,사라져,사라져
dom3Shiki_X03.mes,Script/dom3Shiki_X03.mes,40,31,주인공,な、なんだ?ひ、光の輪が……!?<6E5C>ち、力が……抜けていく……,"뭐, 뭐지? 빛의 고리가……!?<6E5C>힘이……빠져나가……","뭐, 뭐지? 빛의 고리가……!?<6E5C>힘이……빠져나가……"
dom3Shiki_X03.mes,Script/dom3Shiki_X03.mes,41,53,주인공,(なんだか気持ちよく<6E5C>なってきた……)<485C>(体から魂が離れていく<6E5C>みたいだ…….<6E5C>ふわふわして、あぁ……),(왠지 기분 좋아<6E5C>지는 것 같아……)<485C>(몸에서 영혼이 빠져나가는<6E5C>느낌…….<6E5C>둥실둥실 아아……),(왠지 기분 좋아<6E5C>지는 것 같아……)<485C>(몸에서 영혼이 빠져나가는<6E5C>느낌…….<6E5C>둥실둥실 아아……)
dom3Shiki_X03.mes,Script/dom3Shiki_X03.mes,42,8,주인공,(色さん……),(시키 씨…),(시키 씨…)
dom3Shiki_X03.mes,Script/dom3Shiki_X03.mes,43,22,주인공,色さんとふたりで生きるって<6E5C>決めたからだ!,시키 씨와 둘이서 살기로<6E5C>결심했으니까!,시키 씨와 둘이서 살기로<6E5C>결심했으니까!
dom3Shiki_X03.mes,Script/dom3Shiki_X03.mes,44,3,Shiki,……,……,……
dom3Shiki_X03.mes,Script/dom3Shiki_X03.mes,45,36,UNKNOWN_8e,異なことを…….<6E5C>貴様は抜け殻となったこの女と<6E5C>共に生きるというのか?,이상한 소리를…….<6E5C>네놈은 빈껍데기 여자와<6E5C>함께 살겠다는 거냐?,이상한 소리를…….<6E5C>네놈은 빈껍데기 여자와<6E5C>함께 살겠다는 거냐?
dom3Shiki_X03.mes,Script/dom3Shiki_X03.mes,46,32,UNKNOWN_8e,今の色は……人形も同じ.<6E5C>我の言葉のみに反応する、<6E5C>木偶人形ぞ,지금 색은 인형과 같다.<6E5C>내 말에만 반응하는<6E5C>꼭두각시니라,지금 색은 인형과 같다.<6E5C>내 말에만 반응하는<6E5C>꼭두각시니라
dom3Shiki_X03.mes,Script/dom3Shiki_X03.mes,47,44,주인공,魂がないなら、俺のを分けてやる!<6E5C>記憶がないなら、これから<6E5C>ひとつずつ積み重ねていく!,영혼이 없다면 내 걸 나눠주겠어!<6E5C>기억이 없다면 지금부터<6E5C>하나씩 쌓아가면 돼!,영혼이 없다면 내 걸 나눠주겠어!<6E5C>기억이 없다면 지금부터<6E5C>하나씩 쌓아가면 돼!
dom3Shiki_X03.mes,Script/dom3Shiki_X03.mes,48,17,주인공,俺は、どんな色さんでも愛してる!,나는 어떤 시키씨라도 사랑해!,나는 어떤 시키씨라도 사랑해!
dom3Shiki_X03.mes,Script/dom3Shiki_X03.mes,49,7,Shiki,……あ、い?,"……아,이?","……아,이?"
dom3Shiki_X03.mes,Script/dom3Shiki_X03.mes,50,6,주인공,色さん!?,시키씨!?,시키씨!?
dom3Shiki_X03.mes,Script/dom3Shiki_X03.mes,51,9,Shiki,あなたは……誰?,당신은……누구?,당신은……누구?
dom3Shiki_X03.mes,Script/dom3Shiki_X03.mes,52,24,주인공,俺は、<이름:3232>だ!<6E5C>俺の声を忘れてしまったのか!?,나는 <이름:3232>다!<6E5C>내 목소리를 잊은 거야!?,나는 <이름:3232>다!<6E5C>내 목소리를 잊은 거야!?
dom3Shiki_X03.mes,Script/dom3Shiki_X03.mes,53,8,Shiki,<이름:3232>……うぅ!,<이름:3232>……으윽!,<이름:3232>……으윽!
dom3Shiki_X03.mes,Script/dom3Shiki_X03.mes,54,22,UNKNOWN_8e,ぬぅ……我の術から<6E5C>逃れようというのか……,크윽……내 술법에서<6E5C>벗어나려느냐……,크윽……내 술법에서<6E5C>벗어나려느냐……
dom3Shiki_X03.mes,Script/dom3Shiki_X03.mes,55,31,주인공,頑張れ、色さん!俺はここだ!<6E5C>俺のところへ戻って来てくれ!!,힘내 시키씨! 나는 여기 있어!<6E5C>내 곁으로 돌아와줘!!,힘내 시키씨! 나는 여기 있어!<6E5C>내 곁으로 돌아와줘!!
dom3Shiki_X03.mes,Script/dom3Shiki_X03.mes,56,12,Shiki,<이름:3232>……<이름:3232>……あぁ!,<이름:3232>……<이름:3232>……아아!,<이름:3232>……<이름:3232>……아아!
dom3Shiki_X03.mes,Script/dom3Shiki_X03.mes,57,16,UNKNOWN_8e,おのれ……!我の邪魔はさせぬ!,이놈! 방해는 용납 못 해!,이놈! 방해는 용납 못 해!
dom3Shiki_X03.mes,Script/dom3Shiki_X03.mes,58,4,[효과음/내레이션],カッ!,번쩍!,번쩍!
dom3Shiki_X03.mes,Script/dom3Shiki_X03.mes,59,24,주인공,く!またあの技か!?<6E5C>ならば……この矢で……!,큭! 그 기술이냐!?<6E5C>그럼 이 화살로!,큭! 그 기술이냐!?<6E5C>그럼 이 화살로!
dom3Shiki_X03.mes,Script/dom3Shiki_X03.mes,60,5,[효과음/내레이션],ヒュッ!,휙!,휙!
dom3Shiki_X03.mes,Script/dom3Shiki_X03.mes,61,7,[효과음/내레이션],バシュッ!!,퓨슉!!,퓨슉!!
dom3Shiki_X03.mes,Script/dom3Shiki_X03.mes,62,12,UNKNOWN_8e,ぬうぅぅおぉぉぉぉ……,크우우우오오오……,크우우우오오오……
dom3Shiki_X03.mes,Script/dom3Shiki_X03.mes,63,7,주인공,やったか!?,해냈나!?,해냈나!?
dom3Shiki_X03.mes,Script/dom3Shiki_X03.mes,64,29,UNKNOWN_8e,……お、おのれ……貴様ごときに…<6E5C>…我が、敗れるのか……,"……이, 이놈……네놈에게…<6E5C>…내가 패배하는 건가……","……이, 이놈……네놈에게…<6E5C>…내가 패배하는 건가……"
dom3Shiki_X03.mes,Script/dom3Shiki_X03.mes,65,4,[효과음/내레이션],バタッ,털썩,털썩
dom3Shiki_X03.mes,Script/dom3Shiki_X03.mes,66,25,주인공,か、勝ったのか?<6E5C>すごいな、ミナの矢は.色さん!,"이, 이긴 건가?<6E5C>대단해 미나 화살 시키씨!","이, 이긴 건가?<6E5C>대단해 미나 화살 시키씨!"
dom3Shiki_X03.mes,Script/dom3Shiki_X03.mes,67,3,Shiki,……,……,……
dom3Shiki_X03.mes,Script/dom3Shiki_X03.mes,68,15,주인공,色さん……俺がわかりますか?,시키 씨……제가 보이세요?,시키 씨……제가 보이세요?
dom3Shiki_X03.mes,Script/dom3Shiki_X03.mes,69,3,Shiki,……,……,……
dom3Shiki_X03.mes,Script/dom3Shiki_X03.mes,70,33,주인공,く、駄目か……!?<6E5C>ユガの呪縛からは解き放たれた<6E5C>はずなのに……,"크, 안 되는 건가……!?<6E5C>유가 저주에서 풀려났을<6E5C>텐데……","크, 안 되는 건가……!?<6E5C>유가 저주에서 풀려났을<6E5C>텐데……"
dom3Shiki_X03.mes,Script/dom3Shiki_X03.mes,71,27,주인공,と、とにかく、もうここには用は<6E5C>ない.行きましょう!,"아, 아무튼, 이제 여기 볼일은<6E5C>없어. 가자!","아, 아무튼, 이제 여기 볼일은<6E5C>없어. 가자!"
dom3Shiki_X03.mes,Script/dom3Shiki_X03.mes,72,9,주인공,色さん!色さん!,시키씨! 시키씨,시키씨! 시키씨
dom3Shiki_X03.mes,Script/dom3Shiki_X03.mes,73,3,Shiki,……,……,……
dom3Shiki_X03.mes,Script/dom3Shiki_X03.mes,74,23,주인공,こたえてくれよ、色さん!<6E5C>俺が見えるだろう?,"대답해줘, 시키 씨!<6E5C>내가 보이지?","대답해줘, 시키 씨!<6E5C>내가 보이지?"
dom3Shiki_X03.mes,Script/dom3Shiki_X03.mes,75,3,Shiki,……,……,……
dom3Shiki_X03.mes,Script/dom3Shiki_X03.mes,76,33,주인공,何も見てない…….<6E5C>色さんの瞳には、<6E5C>少しも俺が映っていない……,아무것도 안 봐……<6E5C>시키 씨 눈동자엔<6E5C>내가 조금도 안 비쳐,아무것도 안 봐……<6E5C>시키 씨 눈동자엔<6E5C>내가 조금도 안 비쳐
dom3Shiki_X03.mes,Script/dom3Shiki_X03.mes,77,3,Shiki,……,……,……
dom3Shiki_X03.mes,Script/dom3Shiki_X03.mes,78,37,주인공,……駄目なのか.<6E5C>俺なんかがいくら呼びかけても、<6E5C>こたえてはくれないのか,……안 되는 건가.<6E5C>나 따위가 아무리 불러도<6E5C>대답해주지 않는 건가,……안 되는 건가.<6E5C>나 따위가 아무리 불러도<6E5C>대답해주지 않는 건가
dom3Shiki_X03.mes,Script/dom3Shiki_X03.mes,79,3,Shiki,……,……,……
dom3Shiki_X03.mes,Script/dom3Shiki_X03.mes,80,59,주인공,自分でもわからないよ、どうして<6E5C>こんなに心をかきむしられるのか<485C>でも、あなたを想うと、<6E5C>いてもたってもいられないんだ,"나도 잘 모르겠어, 왜 이렇게<6E5C>마음이 찢어지는 건지<485C>하지만, 당신을 생각하면,<6E5C>가만히 있을 수가 없어","나도 잘 모르겠어, 왜 이렇게<6E5C>마음이 찢어지는 건지<485C>하지만, 당신을 생각하면,<6E5C>가만히 있을 수가 없어"
dom3Shiki_X03.mes,Script/dom3Shiki_X03.mes,81,23,주인공,その瞳に俺が映るまで、<6E5C>俺はあきらめないっ!,눈에 내가 비칠 때까지<6E5C>포기 안 해!,눈에 내가 비칠 때까지<6E5C>포기 안 해!
dom3Shiki_X03.mes,Script/dom3Shiki_X03.mes,82,3,Shiki,……,……,……
dom3Shiki_X03.mes,Script/dom3Shiki_X03.mes,83,11,[선택지],抱きしめる口づけをする,안아준다\입맞춤을 한다,안아준다\입맞춤을 한다
dom3Shiki_X03.mes,Script/dom3Shiki_X03.mes,84,28,주인공,こんなに体を冷たくして…….<6E5C>どうか閉ざさないでくれ!,몸이 이렇게 차가운데…….<6E5C>제발 마음을 닫지 마!,몸이 이렇게 차가운데…….<6E5C>제발 마음을 닫지 마!
dom3Shiki_X03.mes,Script/dom3Shiki_X03.mes,85,4,[효과음/내레이션],ガバッ,와락,와락
dom3Shiki_X03.mes,Script/dom3Shiki_X03.mes,86,48,주인공,俺で温めることができるなら…….<6E5C>俺がその意識を取り戻せるのなら、<6E5C>どんなことでもするのに……,나로 따뜻하게 할 수 있다면…….<6E5C>의식을 되찾을 수 있다면<6E5C>무슨 짓이든 할 텐데……,나로 따뜻하게 할 수 있다면…….<6E5C>의식을 되찾을 수 있다면<6E5C>무슨 짓이든 할 텐데……
dom3Shiki_X03.mes,Script/dom3Shiki_X03.mes,87,5,[효과음/내레이션],ぎゅうっ,꽉,꽉
dom3Shiki_X03.mes,Script/dom3Shiki_X03.mes,88,6,Shiki,……あ……,……아……,……아……
dom3Shiki_X03.mes,Script/dom3Shiki_X03.mes,89,5,주인공,色さん?,시키씨?,시키씨?
dom3Shiki_X03.mes,Script/dom3Shiki_X03.mes,90,9,Shiki,……あ、……あぁ,"……아,……아아","……아,……아아"
dom3Shiki_X03.mes,Script/dom3Shiki_X03.mes,91,21,주인공,色さん、頑張って!<6E5C>俺がここにいるから!,시키 씨 힘내!<6E5C>내가 여기 있으니까!,시키 씨 힘내!<6E5C>내가 여기 있으니까!
dom3Shiki_X03.mes,Script/dom3Shiki_X03.mes,92,3,Shiki,……,……,……
dom3Shiki_X03.mes,Script/dom3Shiki_X03.mes,93,38,주인공,……見ていられない、そんな魂の<6E5C>抜けた、人形のような色さんは<6E5C>見たくないよ,…못 보겠어 그런 영혼이<6E5C>빠진 인형 같은 시키 씨는<6E5C>보고 싶지 않아,…못 보겠어 그런 영혼이<6E5C>빠진 인형 같은 시키 씨는<6E5C>보고 싶지 않아
dom3Shiki_X03.mes,Script/dom3Shiki_X03.mes,94,29,주인공,必ず、あなたの心を取り戻すから、<6E5C>どうか待っていてくれ!,"반드시 당신의 마음을 되찾을 테니,<6E5C>부디 기다려줘!","반드시 당신의 마음을 되찾을 테니,<6E5C>부디 기다려줘!"
dom3Shiki_X03.mes,Script/dom3Shiki_X03.mes,95,15,Shiki,(…….<6E5C>寺こ、こ、ろ……),"(…….<6E5C>마,마,음……)","(…….<6E5C>마,마,음……)"
dom3Shiki_X03.mes,Script/dom3Shiki_X03.mes,96,24,주인공,色さん、どうか、この口づけで<6E5C>目覚めてくれ……,"시키 씨 부디, 이 입맞춤으로<6E5C>깨어나줘……","시키 씨 부디, 이 입맞춤으로<6E5C>깨어나줘……"
dom3Shiki_X03.mes,Script/dom3Shiki_X03.mes,97,3,[효과음/내레이션],スッ,스윽,스윽
dom3Shiki_X03.mes,Script/dom3Shiki_X03.mes,98,5,Shiki,あぁっ!,아앗!,아앗!
dom3Shiki_X03.mes,Script/dom3Shiki_X03.mes,99,21,주인공,お、落ち着いて色さん、<6E5C>どうしたんだ……,"지, 진정해 시키 씨,<6E5C>왜 그래……","지, 진정해 시키 씨,<6E5C>왜 그래……"
dom3Shiki_X03.mes,Script/dom3Shiki_X03.mes,100,8,Shiki,う……うぅ……,으……으윽……,으……으윽……
dom3Shiki_X03.mes,Script/dom3Shiki_X03.mes,101,36,주인공,こんなに震えて…….<6E5C>今の俺には、色さんを救う力が<6E5C>ないというのか……,이렇게 떨다니…….<6E5C>나에겐 시키 씨를 구할 힘이<6E5C>없다는 건가……,이렇게 떨다니…….<6E5C>나에겐 시키 씨를 구할 힘이<6E5C>없다는 건가……
dom3Shiki_X03.mes,Script/dom3Shiki_X03.mes,102,6,주인공,色さん……,시키씨……,시키씨……
dom3Shiki_X03.mes,Script/dom3Shiki_X03.mes,103,34,Iroha,……旦那様がこんなに呼びかけても<6E5C>反応がないなんて……どうすれば?,……주인님이 이렇게 부르는데도<6E5C>반응이 없다니……어쩌면 좋죠?,……주인님이 이렇게 부르는데도<6E5C>반응이 없다니……어쩌면 좋죠?
dom3Shiki_X03.mes,Script/dom3Shiki_X03.mes,104,13,주인공,やっと取り戻したのに……,겨우 되찾았는데……,겨우 되찾았는데……
dom3Shiki_X03.mes,Script/dom3Shiki_X03.mes,105,6,Iroha,旦那様……,주인님……,주인님……
dom3Shiki_X03.mes,Script/dom3Shiki_X03.mes,106,3,Shiki,……,……,……
dom3Shiki_X03.mes,Script/dom3Shiki_X03.mes,107,15,Iroha,もぉ、いい加減にしなさーい!,"정말, 적당히 좀 하세요!","정말, 적당히 좀 하세요!"
dom3Shiki_X03.mes,Script/dom3Shiki_X03.mes,108,7,주인공,い、いろは?,"이,이로하?","이,이로하?"
dom3Shiki_X03.mes,Script/dom3Shiki_X03.mes,109,33,Iroha,こんなに旦那様が必死になってるの<6E5C>に、いつまで黙ってるんですか!,이렇게 주인님이 필사적인데<6E5C>언제까지 입 다물고 계세요!,이렇게 주인님이 필사적인데<6E5C>언제까지 입 다물고 계세요!
dom3Shiki_X03.mes,Script/dom3Shiki_X03.mes,110,14,주인공,いや、いろは、色さんは……,아니 이로하 시키씨는……,아니 이로하 시키씨는……
dom3Shiki_X03.mes,Script/dom3Shiki_X03.mes,111,25,Iroha,止めないでください旦那様!<6E5C>いろはは悔しいです!,말리지 말아주세요 주인님!<6E5C>이로하는 분해요!,말리지 말아주세요 주인님!<6E5C>이로하는 분해요!
dom3Shiki_X03.mes,Script/dom3Shiki_X03.mes,112,12,Shiki,……く、や、し、い……,"……분, 하, 다……","……분, 하, 다……"
dom3Shiki_X03.mes,Script/dom3Shiki_X03.mes,113,3,주인공,え?,어?,어?
dom3Shiki_X03.mes,Script/dom3Shiki_X03.mes,114,12,Iroha,今、しゃべりましたね?,"지금, 말했죠?","지금, 말했죠?"
dom3Shiki_X03.mes,Script/dom3Shiki_X03.mes,115,5,주인공,う、うん,"으, 응","으, 응"
dom3Shiki_X03.mes,Script/dom3Shiki_X03.mes,116,3,Shiki,……,……,……
dom3Shiki_X03.mes,Script/dom3Shiki_X03.mes,117,16,Iroha,気のせいだったんでしょうか……,기분 탓이었을까요……,기분 탓이었을까요……
dom3Shiki_X03.mes,Script/dom3Shiki_X03.mes,118,59,주인공,いや、やはり完全に心を失って<6E5C>しまったわけじゃないんだ<485C>呼びかけ続ければ、<6E5C>きっと帰ってきてくれる.<6E5C>俺は信じるよ!,"아니, 역시 완전히 마음을 잃어<6E5C>버린 건 아니야<485C>계속 불러주면,<6E5C>분명 돌아와 줄 거야.<6E5C>나는 믿어!","아니, 역시 완전히 마음을 잃어<6E5C>버린 건 아니야<485C>계속 불러주면,<6E5C>분명 돌아와 줄 거야.<6E5C>나는 믿어!"
dom3Shiki_X03.mes,Script/dom3Shiki_X03.mes,119,47,Iroha,そうですね.色さんにゆかりのある<6E5C>町の人たちにも声をかけてもらって<6E5C>、心を呼び戻しましょう!,그래요. 시키씨와 인연이 있는<6E5C>마을 사람들에게도 부탁해<6E5C>마음을 불러 돌아오게 해요!,그래요. 시키씨와 인연이 있는<6E5C>마을 사람들에게도 부탁해<6E5C>마음을 불러 돌아오게 해요!
dom3Shiki_X03.mes,Script/dom3Shiki_X03.mes,120,45,주인공,よし、決まりだ!<6E5C>落ち込んでなんかいられない、<6E5C>明日は必ず元の色さんに<6E5C>戻してみせるっ!,"좋아, 결정이다!<6E5C>낙담할 순 없어<6E5C>내일은 반드시 원래 시키씨로<6E5C>되돌려 보이겠어!","좋아, 결정이다!<6E5C>낙담할 순 없어<6E5C>내일은 반드시 원래 시키씨로<6E5C>되돌려 보이겠어!"
dom3Shiki_X04.mes,Script/dom3Shiki_X04.mes,0,16,주인공,それじゃ、いろは.行ってくるよ,"그럼, 이로하. 다녀올게","그럼, 이로하. 다녀올게"
dom3Shiki_X04.mes,Script/dom3Shiki_X04.mes,1,17,Iroha,はい.がんばってください、旦那様,"네. 힘내세요, 서방님","네. 힘내세요, 서방님"
dom3Shiki_X04.mes,Script/dom3Shiki_X04.mes,2,8,주인공,行こう、色さん,가자 시키 씨,가자 시키 씨
dom3Shiki_X04.mes,Script/dom3Shiki_X04.mes,3,3,Shiki,……,……,……
dom3Shiki_X04.mes,Script/dom3Shiki_X04.mes,4,16,Iroha,あら、旦那様.どうしたんです?,"어머, 서방님 왜 그러세요?","어머, 서방님 왜 그러세요?"
dom3Shiki_X04.mes,Script/dom3Shiki_X04.mes,5,13,주인공,うん、ちょっと休憩を……,"응, 잠깐 쉬려고……","응, 잠깐 쉬려고……"
dom3Shiki_X04.mes,Script/dom3Shiki_X04.mes,6,56,Iroha,何を言ってるんですか!<6E5C>一刻も早く、色さんの心を<6E5C>取り戻してあげてください!<485C>じゃないと、晩ごはん抜きですよ!,무슨 소리세요!<6E5C>한시라도 빨리 시키 씨의 마음을<6E5C>되찾아 주세요!<485C>안 그러면 저녁밥은 없어요!,무슨 소리세요!<6E5C>한시라도 빨리 시키 씨의 마음을<6E5C>되찾아 주세요!<485C>안 그러면 저녁밥은 없어요!
dom3Shiki_X04.mes,Script/dom3Shiki_X04.mes,7,8,주인공,わ、わかったよ,"아, 알았어","아, 알았어"
dom3Shiki_X04.mes,Script/dom3Shiki_X04.mes,8,14,Iroha,ほら、早く行ってください!,"자, 얼른 가세요!","자, 얼른 가세요!"
dom3Shiki_X04.mes,Script/dom3Shiki_X04.mes,9,13,주인공,押すなよ、わかったから!,"밀지 마, 알았으니까!","밀지 마, 알았으니까!"
dom3Shiki_X04.mes,Script/dom3Shiki_X04.mes,10,24,UNKNOWN_74,お、なんだテメェ.<6E5C>オレを差し置いて迭引かよ!,"오, 뭐냐 너.<6E5C>나 놔두고 데이트냐!","오, 뭐냐 너.<6E5C>나 놔두고 데이트냐!"
dom3Shiki_X04.mes,Script/dom3Shiki_X04.mes,11,8,주인공,いいだろ、別に,상관없잖아,상관없잖아
dom3Shiki_X04.mes,Script/dom3Shiki_X04.mes,12,33,UNKNOWN_74,なぁ、こんなのほっといて、<6E5C>オレと遊びに行かねぇか?<6E5C>オネーサン,"야, 이런 녀석 놔두고,<6E5C>나랑 놀러 가지 않을래?<6E5C>누나","야, 이런 녀석 놔두고,<6E5C>나랑 놀러 가지 않을래?<6E5C>누나"
dom3Shiki_X04.mes,Script/dom3Shiki_X04.mes,13,15,주인공,な!お前、何を言ってるんだ!,뭐! 무슨 소리야!,뭐! 무슨 소리야!
dom3Shiki_X04.mes,Script/dom3Shiki_X04.mes,14,23,UNKNOWN_74,うるせぇな.<6E5C>決めるのはオマエじゃねぇんだよ,시끄럽네.<6E5C>정하는 건 네가 아니라고,시끄럽네.<6E5C>정하는 건 네가 아니라고
dom3Shiki_X04.mes,Script/dom3Shiki_X04.mes,15,17,Shiki,……わたしと……まじわりたいの?,……나와……섞이고 싶은 거야?,……나와……섞이고 싶은 거야?
dom3Shiki_X04.mes,Script/dom3Shiki_X04.mes,16,5,주인공,色さん!,시키!,시키!
dom3Shiki_X04.mes,Script/dom3Shiki_X04.mes,17,33,UNKNOWN_74,へ?いや、まぁその……そんなに<6E5C>はっきり言われると、やりにくいな,"어? 아니, 그게……그렇게<6E5C>대놓고 말하면 곤란한데","어? 아니, 그게……그렇게<6E5C>대놓고 말하면 곤란한데"
dom3Shiki_X04.mes,Script/dom3Shiki_X04.mes,18,14,주인공,ほら、色さん!行きますよ!,"자, 시키 씨! 가요!","자, 시키 씨! 가요!"
dom3Shiki_X04.mes,Script/dom3Shiki_X04.mes,19,16,UNKNOWN_74,あ、コラ!ちょっと待ちやがれ!,"아, 야! 잠깐 기다려!","아, 야! 잠깐 기다려!"
dom3Shiki_X04.mes,Script/dom3Shiki_X04.mes,20,24,Shino,いらっしゃい!<6E5C>あら、今日は色さんもいっしょ?,"어서 와!<6E5C>어머, 오늘 시키 씨도 같이야?","어서 와!<6E5C>어머, 오늘 시키 씨도 같이야?"
dom3Shiki_X04.mes,Script/dom3Shiki_X04.mes,21,20,주인공,あの、千夜さんに<6E5C>会いたいんだけど……,"저, 치요 씨를<6E5C>만나고 싶은데……","저, 치요 씨를<6E5C>만나고 싶은데……"
dom3Shiki_X04.mes,Script/dom3Shiki_X04.mes,22,20,Shino,なによ、あたいじゃ<6E5C>不満だってーのぉ?,"뭐야, 나로는<6E5C>부족하다는 거야?","뭐야, 나로는<6E5C>부족하다는 거야?"
dom3Shiki_X04.mes,Script/dom3Shiki_X04.mes,23,40,주인공,いや、そうじゃないんだけど、<6E5C>色さんとは千夜さんの方が<6E5C>縁が深いな……と思って,"아니, 그런 건 아닌데,<6E5C>시키 씨하곤 치요 씨 쪽이<6E5C>인연이 깊어서","아니, 그런 건 아닌데,<6E5C>시키 씨하곤 치요 씨 쪽이<6E5C>인연이 깊어서"
dom3Shiki_X04.mes,Script/dom3Shiki_X04.mes,24,14,Shino,色さん、どうかしたのかい?,시키 씨 무슨 일 있어?,시키 씨 무슨 일 있어?
dom3Shiki_X04.mes,Script/dom3Shiki_X04.mes,25,24,주인공,うん……心が、どこかへ行って<6E5C>しまったんだ……,"응……마음이, 어딘가로 가<6E5C>버렸어……","응……마음이, 어딘가로 가<6E5C>버렸어……"
dom3Shiki_X04.mes,Script/dom3Shiki_X04.mes,26,37,Shino,心が?そう……わかったよ.<6E5C>また夜においで.<6E5C>千夜さんに会わせてあげるよ,마음이? 그래……알았어.<6E5C>또 밤에 와.<6E5C>치요 씨를 만나게 해줄게,마음이? 그래……알았어.<6E5C>또 밤에 와.<6E5C>치요 씨를 만나게 해줄게
dom3Shiki_X04.mes,Script/dom3Shiki_X04.mes,27,11,주인공,ありがとう、詩乃さん,"고마워, 시노 씨","고마워, 시노 씨"
dom3Shiki_X04.mes,Script/dom3Shiki_X04.mes,28,9,Shino,いいってことよ!,괜찮아!,괜찮아!
dom3Shiki_X04.mes,Script/dom3Shiki_X04.mes,29,14,주인공,(うむ、いい話を閉けたな),(좋은 얘길 들었군),(좋은 얘길 들었군)
dom3Shiki_X04.mes,Script/dom3Shiki_X04.mes,30,5,주인공,右京さん,우쿄 씨,우쿄 씨
dom3Shiki_X04.mes,Script/dom3Shiki_X04.mes,31,10,Ukyo,……その方は……?,……그분은……?,……그분은……?
dom3Shiki_X04.mes,Script/dom3Shiki_X04.mes,32,10,주인공,俺の、大切な人です,소중한 사람입니다,소중한 사람입니다
dom3Shiki_X04.mes,Script/dom3Shiki_X04.mes,33,6,Ukyo,……美しい,…아름답군,…아름답군
dom3Shiki_X04.mes,Script/dom3Shiki_X04.mes,34,3,주인공,え?,어?,어?
dom3Shiki_X04.mes,Script/dom3Shiki_X04.mes,35,24,Ukyo,うつろな……儚さ……拙者と、<6E5C>よく似ている……,"공허함……덧없음……소생과,<6E5C>많이 닮았군……","공허함……덧없음……소생과,<6E5C>많이 닮았군……"
dom3Shiki_X04.mes,Script/dom3Shiki_X04.mes,36,14,주인공,わかりますか……うつろだと,아시나요……공허하다는 걸,아시나요……공허하다는 걸
dom3Shiki_X04.mes,Script/dom3Shiki_X04.mes,37,20,Ukyo,奥深くに……眠る心……目覚めは、<6E5C>近い,깊은 곳 잠든 마음……<6E5C>곧 깨어난다,깊은 곳 잠든 마음……<6E5C>곧 깨어난다
dom3Shiki_X04.mes,Script/dom3Shiki_X04.mes,38,16,Shiki,こころ……わたしの、こころ……,"마음……나의, 마음……","마음……나의, 마음……"
dom3Shiki_X04.mes,Script/dom3Shiki_X04.mes,39,6,주인공,色さん……,시키 씨…,시키 씨…
dom3Shiki_X04.mes,Script/dom3Shiki_X04.mes,40,19,주인공,今日もひとりで稽古か?<6E5C>精が出るなぁ,오늘도 혼자서 수련이야?<6E5C>열심이네,오늘도 혼자서 수련이야?<6E5C>열심이네
dom3Shiki_X04.mes,Script/dom3Shiki_X04.mes,41,19,Rinka,ひとりじゃない.<6E5C>鉄之介もいっしょだ,혼자 아니야.<6E5C>테츠노스케도 있어,혼자 아니야.<6E5C>테츠노스케도 있어
dom3Shiki_X04.mes,Script/dom3Shiki_X04.mes,42,4,UNKNOWN_7a,ヂッ!,지직!,지직!
dom3Shiki_X04.mes,Script/dom3Shiki_X04.mes,43,22,주인공,そうだったな、<6E5C>凛花ちゃんはひとりじゃない,"그랬지,<6E5C>린카는 혼자가 아니지","그랬지,<6E5C>린카는 혼자가 아니지"
dom3Shiki_X04.mes,Script/dom3Shiki_X04.mes,44,11,Shiki,ひとり……こどく……,혼자……고독……,혼자……고독……
dom3Shiki_X04.mes,Script/dom3Shiki_X04.mes,45,17,주인공,色さんも、ひとりじゃないですよ!,"시키 씨도, 혼자가 아니에요!","시키 씨도, 혼자가 아니에요!"
dom3Shiki_X04.mes,Script/dom3Shiki_X04.mes,46,29,Rinka,なんだい、のろけに来たんなら<6E5C>帰ってよ.稽古の邪魔だよ!,"뭐야, 자랑하러 온 거면<6E5C>돌아가. 수련에 방해돼!","뭐야, 자랑하러 온 거면<6E5C>돌아가. 수련에 방해돼!"
dom3Shiki_X04.mes,Script/dom3Shiki_X04.mes,47,13,주인공,ああ.邪魔して悪かったな,"아, 방해해서 미안했다","아, 방해해서 미안했다"
dom3Shiki_X04.mes,Script/dom3Shiki_X04.mes,48,33,UNKNOWN_75,おう、<이름:3232>.ん?<6E5C>横に連れてるのが、<6E5C>例のお前が追いかけてた女か,"오, <이름:3232>. 응?<6E5C>옆에 데려온 게,<6E5C>그 쫓아다니던 여자냐","오, <이름:3232>. 응?<6E5C>옆에 데려온 게,<6E5C>그 쫓아다니던 여자냐"
dom3Shiki_X04.mes,Script/dom3Shiki_X04.mes,49,5,주인공,え、ええ,"아, 네","아, 네"
dom3Shiki_X04.mes,Script/dom3Shiki_X04.mes,50,10,Mikoto,色さん……でしたね,시키 씨……였죠,시키 씨……였죠
dom3Shiki_X04.mes,Script/dom3Shiki_X04.mes,51,3,Shiki,……,……,……
dom3Shiki_X04.mes,Script/dom3Shiki_X04.mes,52,22,주인공,色さんは今、<6E5C>心を失ってしまってるんだ……,"시키 씨는 지금,<6E5C>마음을 잃어버렸어……","시키 씨는 지금,<6E5C>마음을 잃어버렸어……"
dom3Shiki_X04.mes,Script/dom3Shiki_X04.mes,53,39,Mikoto,いいえ……わたくしにはわかります<6E5C>.この方の心は、<6E5C>ちゃんとここにありますよ,"아니요……저는 알 수 있어요<6E5C>. 이분의 마음은,<6E5C>분명 여기 있어요","아니요……저는 알 수 있어요<6E5C>. 이분의 마음은,<6E5C>분명 여기 있어요"
dom3Shiki_X04.mes,Script/dom3Shiki_X04.mes,54,8,주인공,ほ、ほんとに?,"저, 정말요?","저, 정말요?"
dom3Shiki_X04.mes,Script/dom3Shiki_X04.mes,55,25,Mikoto,ええ…….今はまだ、<6E5C>怯えて顔を出さないだけ……,네…….지금은 그저<6E5C>겁먹어 못 나설 뿐……,네…….지금은 그저<6E5C>겁먹어 못 나설 뿐……
dom3Shiki_X04.mes,Script/dom3Shiki_X04.mes,56,11,주인공,怯えてる?色さんが?,겁먹었어? 시키가?,겁먹었어? 시키가?
dom3Shiki_X04.mes,Script/dom3Shiki_X04.mes,57,34,Mikoto,はい.大きな不安を抱えて、<6E5C>目覚めを拒んでいるように<6E5C>見えます……,"네. 커다란 불안을 안고,<6E5C>깨어나길 거부하는 듯<6E5C>보여요……","네. 커다란 불안을 안고,<6E5C>깨어나길 거부하는 듯<6E5C>보여요……"
dom3Shiki_X04.mes,Script/dom3Shiki_X04.mes,58,35,주인공,そんな……どうして.<6E5C>もうユガもいないし、<6E5C>俺がずっとそばにいるのに,"그런……어째서.<6E5C>이제 유가도 없고,<6E5C>내가 계속 곁에 있는데","그런……어째서.<6E5C>이제 유가도 없고,<6E5C>내가 계속 곁에 있는데"
dom3Shiki_X04.mes,Script/dom3Shiki_X04.mes,59,12,Mikoto,うらやましいですね……,부럽네요……,부럽네요……
dom3Shiki_X04.mes,Script/dom3Shiki_X04.mes,60,3,주인공,え?,어?,어?
dom3Shiki_X04.mes,Script/dom3Shiki_X04.mes,61,15,Mikoto,そんなに<이름:3131>様に想われて……,<이름:3131>님께 사랑받다니……,<이름:3131>님께 사랑받다니……
dom3Shiki_X04.mes,Script/dom3Shiki_X04.mes,62,3,Shiki,……,……,……
dom3Shiki_X04.mes,Script/dom3Shiki_X04.mes,63,50,Mikoto,色さん……あなたは、とても<6E5C>大切な方のとなりにいるんですよ<485C>あなたを必要とし、<6E5C>守ってくれる人……,"시키 씨……당신은, 아주<6E5C>소중한 분 곁에 있어요<485C>당신을 필요로 하고,<6E5C>지켜주는 사람……","시키 씨……당신은, 아주<6E5C>소중한 분 곁에 있어요<485C>당신을 필요로 하고,<6E5C>지켜주는 사람……"
dom3Shiki_X04.mes,Script/dom3Shiki_X04.mes,64,42,Mikoto,<이름:3131>様なら、きっとあなたの心を<6E5C>受け止めてくださいます.<6E5C>だから……恐れないで……,"<이름:3131>님이라면, 분명 당신의 마음을<6E5C>받아주실 거예요.<6E5C>그러니 두려워 마요……","<이름:3131>님이라면, 분명 당신의 마음을<6E5C>받아주실 거예요.<6E5C>그러니 두려워 마요……"
dom3Shiki_X04.mes,Script/dom3Shiki_X04.mes,65,17,Shiki,……わたしは……ひとりじゃない?,……나는……혼자가 아니야?,……나는……혼자가 아니야?
dom3Shiki_X04.mes,Script/dom3Shiki_X04.mes,66,6,[효과음/내레이션],ポロッ……,또르르……,또르르……
dom3Shiki_X04.mes,Script/dom3Shiki_X04.mes,67,15,주인공,し、色さん……泣いてるのか?,"시, 시키 씨 우는 거야?","시, 시키 씨 우는 거야?"
dom3Shiki_X04.mes,Script/dom3Shiki_X04.mes,68,17,주인공,(色さんの赤い瞳から、涙が……),(붉은 눈에서 눈물이……),(붉은 눈에서 눈물이……)
dom3Shiki_X04.mes,Script/dom3Shiki_X04.mes,69,28,Mikoto,それが、心です.もうすぐ……<6E5C>もうすぐ、帰ってきますよ,"그게, 마음이에요.<6E5C>곧 돌아올 거예요","그게, 마음이에요.<6E5C>곧 돌아올 거예요"
dom3Shiki_X04.mes,Script/dom3Shiki_X04.mes,70,11,주인공,命さん……ありがとう,미코토 씨……고마워,미코토 씨……고마워
dom3Shiki_X04.mes,Script/dom3Shiki_X04.mes,71,14,주인공,(うむ、いい話を閉けたな),(좋은 얘길 들었군),(좋은 얘길 들었군)
dom3Shiki_X04.mes,Script/dom3Shiki_X04.mes,72,19,Nakoruru,……取り戻せたんですね、<6E5C>大切な人を,"……되찾으셨군요,<6E5C>소중한 사람을","……되찾으셨군요,<6E5C>소중한 사람을"
dom3Shiki_X04.mes,Script/dom3Shiki_X04.mes,73,20,주인공,うん.ナコルルのおかげだ.<6E5C>ありがとう,응. 나코루루 덕분이야.<6E5C>고마워,응. 나코루루 덕분이야.<6E5C>고마워
dom3Shiki_X04.mes,Script/dom3Shiki_X04.mes,74,26,Nakoruru,いえ、<이름:3232>さんの色さんを<6E5C>想う心があればこそですよ,"아뇨, <이름:3232> 씨가 시키 씨를<6E5C>생각했기에 그래요","아뇨, <이름:3232> 씨가 시키 씨를<6E5C>생각했기에 그래요"
dom3Shiki_X04.mes,Script/dom3Shiki_X04.mes,75,30,주인공,心……か.色さんの心は……<6E5C>いつかちゃんと戻ってくるのかな,마음……인가. 시키 씨 마음은……<6E5C>언젠가 돌아올까,마음……인가. 시키 씨 마음은……<6E5C>언젠가 돌아올까
dom3Shiki_X04.mes,Script/dom3Shiki_X04.mes,76,22,Nakoruru,大丈夫、わたしには色さんの声が<6E5C>閉こえます,"괜찮아요, 시키 씨 목소리가<6E5C>들려요","괜찮아요, 시키 씨 목소리가<6E5C>들려요"
dom3Shiki_X04.mes,Script/dom3Shiki_X04.mes,77,59,Nakoruru,今はすくんで手を伸ばせないで<6E5C>いるけど、<이름:3232>さんが手を<6E5C>差し伸べてあげれば、<485C>きっと色さんも手を<6E5C>伸ばしてくれますよ,"지금은 움츠러들어 손을 못 뻗고<6E5C>있지만, <이름:3232> 씨가 손을<6E5C>내밀면,<485C>분명 시키 씨도 손을<6E5C>뻗어 줄 거예요","지금은 움츠러들어 손을 못 뻗고<6E5C>있지만, <이름:3232> 씨가 손을<6E5C>내밀면,<485C>분명 시키 씨도 손을<6E5C>뻗어 줄 거예요"
dom3Shiki_X04.mes,Script/dom3Shiki_X04.mes,78,14,주인공,俺が……手を差し伸べる、か,"내가……손을 내민다, 라","내가……손을 내민다, 라"
dom3Shiki_X04.mes,Script/dom3Shiki_X04.mes,79,14,주인공,(うむ、いい話を閉けたな),(좋은 얘길 들었군),(좋은 얘길 들었군)
dom3Shiki_X04.mes,Script/dom3Shiki_X04.mes,80,30,주인공,ミナ、これ、ありがとう.<6E5C>おかげでユガに勝つことができたよ,"미나, 이거, 고마워.<6E5C>덕분에 유가를 이길 수 있었어","미나, 이거, 고마워.<6E5C>덕분에 유가를 이길 수 있었어"
dom3Shiki_X04.mes,Script/dom3Shiki_X04.mes,81,3,[효과음/내레이션],スッ,스윽,스윽
dom3Shiki_X04.mes,Script/dom3Shiki_X04.mes,82,16,Mina,……その人、心が消えかけてる?,……그 사람 마음이 사라져?,……그 사람 마음이 사라져?
dom3Shiki_X04.mes,Script/dom3Shiki_X04.mes,83,19,Mina,ううん、違う……<6E5C>眠っているのね……,아니야……<6E5C>잠들어 있는 거네……,아니야……<6E5C>잠들어 있는 거네……
dom3Shiki_X04.mes,Script/dom3Shiki_X04.mes,84,9,주인공,わかるのか、ミナ,"알아, 미나?","알아, 미나?"
dom3Shiki_X04.mes,Script/dom3Shiki_X04.mes,85,14,Mina,もうすぐ、目を覚ますわ……,"곧, 눈을 뜰 거야……","곧, 눈을 뜰 거야……"
dom3Shiki_X04.mes,Script/dom3Shiki_X04.mes,86,7,주인공,そ、そうか!,"그, 그래!","그, 그래!"
dom3Shiki_X04.mes,Script/dom3Shiki_X04.mes,87,15,Mina,あとは……あなたしだい……ね,나머지는……당신 몫이야……,나머지는……당신 몫이야……
dom3Shiki_X04.mes,Script/dom3Shiki_X04.mes,88,33,주인공,俺しだい…….<6E5C>俺にできるかな、色さんの心を<6E5C>取り戻すことなんて,나한테 달렸다……<6E5C>내가 시키 씨 마음을<6E5C>되찾을 수 있을까,나한테 달렸다……<6E5C>내가 시키 씨 마음을<6E5C>되찾을 수 있을까
dom3Shiki_X04.mes,Script/dom3Shiki_X04.mes,89,7,Mina,……知らない,……몰라,……몰라
dom3Shiki_X04.mes,Script/dom3Shiki_X04.mes,90,4,[효과음/내레이션],プイッ,홱,홱
dom3Shiki_X04.mes,Script/dom3Shiki_X04.mes,91,24,주인공,あ……行っちゃった.<6E5C>でも……ありがとう、ミナ,"아……가버렸다.<6E5C>그래도……고마워, 미나","아……가버렸다.<6E5C>그래도……고마워, 미나"
dom3Shiki_X04.mes,Script/dom3Shiki_X04.mes,92,14,주인공,(うむ、いい話を閉けたな),(좋은 얘길 들었군),(좋은 얘길 들었군)
dom3Shiki_X04.mes,Script/dom3Shiki_X04.mes,93,45,주인공,……駄目だ.いっこうに心を取り<6E5C>戻す手がかりがみつからない.<6E5C>これからどうしたらいいんだ,……안 되겠다. 마음을 되<6E5C>찾을 실마리가 안 보여.<6E5C>이제부터 어떡해야 하지,……안 되겠다. 마음을 되<6E5C>찾을 실마리가 안 보여.<6E5C>이제부터 어떡해야 하지
dom3Shiki_X04.mes,Script/dom3Shiki_X04.mes,94,5,Shiki,あ……っ,아……읏,아……읏
dom3Shiki_X04.mes,Script/dom3Shiki_X04.mes,95,13,주인공,ん?どうしたんだ、色さん,응? 왜 그래 시키 씨,응? 왜 그래 시키 씨
dom3Shiki_X04.mes,Script/dom3Shiki_X04.mes,96,27,Shiki,……よんで、る……あのひと、<6E5C>が……よんで、いる……,……부르고 있어……그 사람이<6E5C>……부르고 있어……,……부르고 있어……그 사람이<6E5C>……부르고 있어……
dom3Shiki_X04.mes,Script/dom3Shiki_X04.mes,97,28,주인공,あの人?しっかりして色さん!<6E5C>もうユガは倒したんだよ!,그 사람? 정신 차려!<6E5C>유가는 이미 쓰러뜨렸잖아!,그 사람? 정신 차려!<6E5C>유가는 이미 쓰러뜨렸잖아!
dom3Shiki_X04.mes,Script/dom3Shiki_X04.mes,98,26,Shiki,……ダ、メ…….わたしは……<6E5C>あのひとの、もの……,"……아, 안 돼…….나는……<6E5C>그 사람의 것……","……아, 안 돼…….나는……<6E5C>그 사람의 것……"
dom3Shiki_X04.mes,Script/dom3Shiki_X04.mes,99,3,[효과음/내레이션],ダッ,휙,휙
dom3Shiki_X04.mes,Script/dom3Shiki_X04.mes,100,12,주인공,行っては駄目だ色さん!,가지 마 시키 씨!,가지 마 시키 씨!
dom3Shiki_X04.mes,Script/dom3Shiki_X04.mes,101,22,Shiki,……はい、ゆがさま……<6E5C>おおせのままに……,"……네, 유가 님……<6E5C>분부대로……","……네, 유가 님……<6E5C>분부대로……"
dom3Shiki_X04.mes,Script/dom3Shiki_X04.mes,102,2,주인공,!,!,!
dom3Shiki_X04.mes,Script/dom3Shiki_X04.mes,103,5,[효과음/내레이션],ざくぅっ,푹,푹
dom3Shiki_X04.mes,Script/dom3Shiki_X04.mes,104,9,주인공,ど、どうして……,"어, 어째서……","어, 어째서……"
dom3Shiki_X04.mes,Script/dom3Shiki_X04.mes,105,3,Shiki,……,……,……
dom3Shiki_X04.mes,Script/dom3Shiki_X04.mes,106,26,주인공,(……色さん、そんな冷たい顔で、<6E5C>泣かないで……),"(……시키, 그런 차가운 얼굴로<6E5C>울지 마……)","(……시키, 그런 차가운 얼굴로<6E5C>울지 마……)"
dom3Shiki_X04.mes,Script/dom3Shiki_X04.mes,107,5,[효과음/내레이션],ホーホー,부엉부엉,부엉부엉
dom3Shiki_X04.mes,Script/dom3Shiki_X04.mes,108,42,주인공,いろいろ回ってたら、<6E5C>えらく遅くなっちゃったな.<6E5C>早く千夜さんのところへ行かないと,"이곳저곳 돌아다녔더니,<6E5C>너무 늦어졌네.<6E5C>얼른 치요 씨한테 가야지","이곳저곳 돌아다녔더니,<6E5C>너무 늦어졌네.<6E5C>얼른 치요 씨한테 가야지"
dom3Shiki_X04.mes,Script/dom3Shiki_X04.mes,109,9,UNKNOWN_6d,よく来たね、旦那,잘 왔네 도련님,잘 왔네 도련님
dom3Shiki_X04.mes,Script/dom3Shiki_X04.mes,110,12,주인공,千夜さん、色さんが……,"치요 씨, 시키가……","치요 씨, 시키가……"
dom3Shiki_X04.mes,Script/dom3Shiki_X04.mes,111,7,UNKNOWN_6d,わかってるよ,알고 있어,알고 있어
dom3Shiki_X04.mes,Script/dom3Shiki_X04.mes,112,20,UNKNOWN_6d,色さん……<6E5C>あちきのことがわかるかい?,시키 씨……<6E5C>이 몸을 알아보겠느냐?,시키 씨……<6E5C>이 몸을 알아보겠느냐?
dom3Shiki_X04.mes,Script/dom3Shiki_X04.mes,113,11,Shiki,……ち、よ……さん?,"……치, 요……씨?","……치, 요……씨?"
dom3Shiki_X04.mes,Script/dom3Shiki_X04.mes,114,30,UNKNOWN_6d,そう、よくわかってるじゃないか.<6E5C>それじゃ、行こうか色さん,"그래, 잘 알고 있잖니.<6E5C>그럼, 가볼까 시키 씨","그래, 잘 알고 있잖니.<6E5C>그럼, 가볼까 시키 씨"
dom3Shiki_X04.mes,Script/dom3Shiki_X04.mes,115,21,주인공,え、色さんをどこへ連れて<6E5C>行くんですか?,시키 씨 어디로 데려<6E5C>가시는 거예요?,시키 씨 어디로 데려<6E5C>가시는 거예요?
dom3Shiki_X04.mes,Script/dom3Shiki_X04.mes,116,19,UNKNOWN_6d,フフ、旦那は少しそこで<6E5C>待っておいで,"후후, 도련님은 거기서<6E5C>기다리렴","후후, 도련님은 거기서<6E5C>기다리렴"
dom3Shiki_X04.mes,Script/dom3Shiki_X04.mes,117,11,주인공,(な、なんだよ……),"(뭐, 뭐야……)","(뭐, 뭐야……)"
dom3Shiki_X04.mes,Script/dom3Shiki_X04.mes,118,5,주인공,あ……!,아……!,아……!
dom3Shiki_X04.mes,Script/dom3Shiki_X04.mes,119,24,UNKNOWN_6d,あらあら、色さんに見とれて声も<6E5C>出ないのかい?,"어머, 시키 씨한테 반해 말도<6E5C>안 나오냐?","어머, 시키 씨한테 반해 말도<6E5C>안 나오냐?"
dom3Shiki_X04.mes,Script/dom3Shiki_X04.mes,120,17,주인공,千夜さん、どうして着物なんて……,"치요 씨, 어째서 기모노를……","치요 씨, 어째서 기모노를……"
dom3Shiki_X04.mes,Script/dom3Shiki_X04.mes,121,60,UNKNOWN_6d,久しぶりに色さんの三味線で<6E5C>舞いたくなってねぇ<485C>ほら、色さん.この坊やに<6E5C>あちきたちの芸を披露して<6E5C>あげようじゃないか,"오랜만에 시키 씨의 샤미센으로<6E5C>춤을 추고 싶어져서<485C>자, 시키 씨. 이 도련님한테<6E5C>우리 재주를 보여<6E5C>주자꾸나","오랜만에 시키 씨의 샤미센으로<6E5C>춤을 추고 싶어져서<485C>자, 시키 씨. 이 도련님한테<6E5C>우리 재주를 보여<6E5C>주자꾸나"
dom3Shiki_X04.mes,Script/dom3Shiki_X04.mes,122,6,Shiki,……そうね,……그래,……그래
dom3Shiki_X04.mes,Script/dom3Shiki_X04.mes,123,5,주인공,色さん!,시키!,시키!
dom3Shiki_X04.mes,Script/dom3Shiki_X04.mes,124,13,주인공,(ちゃんと会話してる?),(대화가 되는 거야?),(대화가 되는 거야?)
dom3Shiki_X04.mes,Script/dom3Shiki_X04.mes,125,14,UNKNOWN_6d,旦那、よく見といておくれよ,"도련님, 잘 봐두라고","도련님, 잘 봐두라고"
dom3Shiki_X04.mes,Script/dom3Shiki_X04.mes,126,12,[효과음/내레이션],チン、トン、シャン……,"칭, 통, 샹……","칭, 통, 샹……"
dom3Shiki_X04.mes,Script/dom3Shiki_X04.mes,127,5,주인공,おお……,오오……,오오……
dom3Shiki_X04.mes,Script/dom3Shiki_X04.mes,128,25,주인공,(す、すごい……ふたりとも<6E5C>息がぴったりだ……),"(대, 대단해……둘 다<6E5C>호흡이 딱 맞아……)","(대, 대단해……둘 다<6E5C>호흡이 딱 맞아……)"
dom3Shiki_X04.mes,Script/dom3Shiki_X04.mes,129,9,UNKNOWN_6d,どうだった、旦那,"어땠어, 도련님","어땠어, 도련님"
dom3Shiki_X04.mes,Script/dom3Shiki_X04.mes,130,16,주인공,すごすぎて、言葉も出ないよ……,"대단해서, 말도 안 나와……","대단해서, 말도 안 나와……"
dom3Shiki_X04.mes,Script/dom3Shiki_X04.mes,131,12,UNKNOWN_6d,ふふ、だってさ、色さん,"후후, 그렇대, 시키","후후, 그렇대, 시키"
dom3Shiki_X04.mes,Script/dom3Shiki_X04.mes,132,8,Shiki,……ありがとう,……고마워,……고마워
dom3Shiki_X04.mes,Script/dom3Shiki_X04.mes,133,17,주인공,色さん……戻って、来たのか……?,시키 씨……돌아온 거야……?,시키 씨……돌아온 거야……?
dom3Shiki_X04.mes,Script/dom3Shiki_X04.mes,134,50,Shiki,……さっきまでは、切れ切れにしか<6E5C>閉こえなかった.でも、今ははっき<6E5C>りと、あなたの声が閉こえる……,"……아까까진, 끊어질 듯<6E5C>희미하게만 들렸어. 지금은 또렷<6E5C>하게, 당신 목소리가 들려……","……아까까진, 끊어질 듯<6E5C>희미하게만 들렸어. 지금은 또렷<6E5C>하게, 당신 목소리가 들려……"
dom3Shiki_X04.mes,Script/dom3Shiki_X04.mes,135,8,주인공,よ、よかった!,"다,다행이다!","다,다행이다!"
dom3Shiki_X04.mes,Script/dom3Shiki_X04.mes,136,19,UNKNOWN_6d,じゃ、あちきはさっさと<6E5C>消えようかね,"그럼, 이 몸은 슬슬<6E5C>사라져 볼까","그럼, 이 몸은 슬슬<6E5C>사라져 볼까"
dom3Shiki_X04.mes,Script/dom3Shiki_X04.mes,137,12,주인공,千夜さん……ありがとう,치요 씨……고마워요,치요 씨……고마워요
dom3Shiki_X04.mes,Script/dom3Shiki_X04.mes,138,47,UNKNOWN_6d,いいんだよ.<6E5C>色さんはあちきにとっても<6E5C>大切な人だからねぇ<485C>離さないで、しっかりやるんだよ!,"괜찮아.<6E5C>시키 씨는 이 몸한테도<6E5C>소중한 사람이니까<485C>놓치지 말고, 잘해야 한다!","괜찮아.<6E5C>시키 씨는 이 몸한테도<6E5C>소중한 사람이니까<485C>놓치지 말고, 잘해야 한다!"
dom3Shiki_X04.mes,Script/dom3Shiki_X04.mes,139,6,주인공,うん……!,응……!,응……!
dom3Shiki_X04.mes,Script/dom3Shiki_X04.mes,140,19,주인공,色さん……やっと、<6E5C>帰ってきたんだね,"시키 씨……드디어,<6E5C>돌아온 거네","시키 씨……드디어,<6E5C>돌아온 거네"
dom3Shiki_X04.mes,Script/dom3Shiki_X04.mes,141,11,Shiki,あなたの……おかげよ,당신……덕분이야,당신……덕분이야
dom3Shiki_X04.mes,Script/dom3Shiki_X04.mes,142,27,주인공,みんなが、色さんのためならって<6E5C>手を貸してくれたから,"다들, 시키 씨를 위해서라며<6E5C>도와줬으니까","다들, 시키 씨를 위해서라며<6E5C>도와줬으니까"
dom3Shiki_X04.mes,Script/dom3Shiki_X04.mes,143,22,Shiki,そう……私は、<6E5C>ひとりじゃなかったのね……,"그래……나는,<6E5C>혼자가 아니었구나……","그래……나는,<6E5C>혼자가 아니었구나……"
dom3Shiki_X04.mes,Script/dom3Shiki_X04.mes,144,31,주인공,そうだよ.<6E5C>色さんは、ひとりじゃない.<6E5C>これからもずっと……,"맞아.<6E5C>시키 씨는, 혼자가 아니야.<6E5C>앞으로도 계속……","맞아.<6E5C>시키 씨는, 혼자가 아니야.<6E5C>앞으로도 계속……"
dom3Shiki_X04.mes,Script/dom3Shiki_X04.mes,145,16,Shiki,どうしてそんなことが言えるの?,어째서 그리 말할 수 있어?,어째서 그리 말할 수 있어?
dom3Shiki_X04.mes,Script/dom3Shiki_X04.mes,146,22,[선택지],俺が一生そばにいるからみんながいてくれるから,평생 곁에 있을 거니까\다들 있어줄 거니까,평생 곁에 있을 거니까\다들 있어줄 거니까
dom3Shiki_X04.mes,Script/dom3Shiki_X04.mes,147,20,주인공,もちろん、<6E5C>俺が一生そばにいるからだよ,당연하지<6E5C>평생 곁에 있을 거니까,당연하지<6E5C>평생 곁에 있을 거니까
dom3Shiki_X04.mes,Script/dom3Shiki_X04.mes,148,6,Shiki,……一生?,……평생?,……평생?
dom3Shiki_X04.mes,Script/dom3Shiki_X04.mes,149,25,주인공,うん.<6E5C>あの、色さんは……俺のことを、<6E5C>その……,"응.<6E5C>저기, 시키 씨는……날,<6E5C>그……","응.<6E5C>저기, 시키 씨는……날,<6E5C>그……"
dom3Shiki_X04.mes,Script/dom3Shiki_X04.mes,150,5,Shiki,……何?,……뭐?,……뭐?
dom3Shiki_X04.mes,Script/dom3Shiki_X04.mes,151,10,주인공,す、好き、ですか?,"조, 좋아하나요?","조, 좋아하나요?"
dom3Shiki_X04.mes,Script/dom3Shiki_X04.mes,152,3,Shiki,……,……,……
dom3Shiki_X04.mes,Script/dom3Shiki_X04.mes,153,4,[효과음/내레이션],コクン,끄덕,끄덕
dom3Shiki_X04.mes,Script/dom3Shiki_X04.mes,154,37,주인공,ほ、ほんとに!?<6E5C>そ、それじゃあ、俺と……<6E5C>一生を添い遂げてくれますか?,"저, 정말요!?<6E5C>그, 그럼, 저와……<6E5C>평생을 함께해 주실래요?","저, 정말요!?<6E5C>그, 그럼, 저와……<6E5C>평생을 함께해 주실래요?"
dom3Shiki_X04.mes,Script/dom3Shiki_X04.mes,155,3,Shiki,……,……,……
dom3Shiki_X04.mes,Script/dom3Shiki_X04.mes,156,4,[효과음/내레이션],コクン,끄덕,끄덕
dom3Shiki_X04.mes,Script/dom3Shiki_X04.mes,157,10,주인공,よ、よかった……!,"다,다행이다……!","다,다행이다……!"
dom3Shiki_X04.mes,Script/dom3Shiki_X04.mes,158,8,Shiki,……ありがとう,……고마워,……고마워
dom3Shiki_X04.mes,Script/dom3Shiki_X04.mes,159,10,주인공,そんな、お礼なんて,"그런, 인사는 뭘","그런, 인사는 뭘"
dom3Shiki_X04.mes,Script/dom3Shiki_X04.mes,160,30,Shiki,……あなたは私に心をくれた.<6E5C>孤独の淵から救い上げてくれた,……당신은 내게 마음을 줬어.<6E5C>고독의 나락에서 건졌어,……당신은 내게 마음을 줬어.<6E5C>고독의 나락에서 건졌어
dom3Shiki_X04.mes,Script/dom3Shiki_X04.mes,161,32,Shiki,どこまで堕ちてもかまわないと<6E5C>思っていた私に……光をくれた……,어디까지 떨어져도 상관없다 여긴<6E5C>나에게……빛을 줬어……,어디까지 떨어져도 상관없다 여긴<6E5C>나에게……빛을 줬어……
dom3Shiki_X04.mes,Script/dom3Shiki_X04.mes,162,6,주인공,色さん……,시키 씨…,시키 씨…
dom3Shiki_X04.mes,Script/dom3Shiki_X04.mes,163,14,Shiki,とても……うれしかった……,정말……기뻤어……,정말……기뻤어……
dom3Shiki_X04.mes,Script/dom3Shiki_X04.mes,164,11,주인공,色さん……目を閉じて,시키 씨…눈을 감아,시키 씨…눈을 감아
dom3Shiki_X04.mes,Script/dom3Shiki_X04.mes,165,3,[효과음/내레이션],スッ,스윽,스윽
dom3Shiki_X04.mes,Script/dom3Shiki_X04.mes,166,4,Shiki,あ……,아……,아……
dom3Shiki_X04.mes,Script/dom3Shiki_X04.mes,167,3,Shiki,……,……,……
dom3Shiki_X04.mes,Script/dom3Shiki_X04.mes,168,21,주인공,そ、その、ふたりの<6E5C>契りということで……,"그, 그게, 둘의<6E5C>맹세라는 뜻으로……","그, 그게, 둘의<6E5C>맹세라는 뜻으로……"
dom3Shiki_X04.mes,Script/dom3Shiki_X04.mes,169,5,Shiki,……ええ,……응,……응
dom3Shiki_X04.mes,Script/dom3Shiki_X04.mes,170,22,주인공,色さん、俺といっしょに京都へ<6E5C>行きましょう,"시키 씨, 저랑 같이 교토로<6E5C>가요","시키 씨, 저랑 같이 교토로<6E5C>가요"
dom3Shiki_X04.mes,Script/dom3Shiki_X04.mes,171,6,Shiki,……京都?,……교토?,……교토?
dom3Shiki_X04.mes,Script/dom3Shiki_X04.mes,172,11,주인공,俺の実家があるんです,제 본가가 있어요,제 본가가 있어요
dom3Shiki_X04.mes,Script/dom3Shiki_X04.mes,173,57,주인공,武家の人間としての生き方が<6E5C>窮屈で、逃げ出すように<6E5C>家を出てきたんだけど、<485C>色さんに会って帰る決心が<6E5C>着きました,"무가 사람으로서의 삶이<6E5C>답답해서, 도망치듯<6E5C>집을 나왔었는데,<485C>시키 씨를 만나 돌아갈 결심이<6E5C>섰습니다","무가 사람으로서의 삶이<6E5C>답답해서, 도망치듯<6E5C>집을 나왔었는데,<485C>시키 씨를 만나 돌아갈 결심이<6E5C>섰습니다"
dom3Shiki_X04.mes,Script/dom3Shiki_X04.mes,174,8,Shiki,……どうして?,……어째서?,……어째서?
dom3Shiki_X04.mes,Script/dom3Shiki_X04.mes,175,27,주인공,ふたりで募らしていくには、<6E5C>放浪の身は不向きですから,"둘이서 살아가기엔,<6E5C>떠돌이 신세는 안 맞으니까요","둘이서 살아가기엔,<6E5C>떠돌이 신세는 안 맞으니까요"
dom3Shiki_X04.mes,Script/dom3Shiki_X04.mes,176,8,Shiki,ふたりで……?,둘이서……?,둘이서……?
dom3Shiki_X04.mes,Script/dom3Shiki_X04.mes,177,25,주인공,そう.永遠にふたりで、<6E5C>仲むつまじく募らすんです,"네. 영원히 둘이서,<6E5C>사이좋게 살아갈 거예요","네. 영원히 둘이서,<6E5C>사이좋게 살아갈 거예요"
dom3Shiki_X04.mes,Script/dom3Shiki_X04.mes,178,7,Shiki,永遠……に?,영원……히?,영원……히?
dom3Shiki_X04.mes,Script/dom3Shiki_X04.mes,179,8,주인공,嫌ですか……?,싫으세요……?,싫으세요……?
dom3Shiki_X04.mes,Script/dom3Shiki_X04.mes,180,14,Shiki,……夢のような、話だわ……,……꿈같은 이야기네……,……꿈같은 이야기네……
dom3Shiki_X04.mes,Script/dom3Shiki_X04.mes,181,57,주인공,今回のことでわかったように、<6E5C>みんな色さんのことが<6E5C>好きなんです<485C>だからここにいる限り、<6E5C>色さんはひとりじゃない,"이번 일로 알게 됐듯이,<6E5C>다들 시키 씨를<6E5C>좋아해요<485C>그러니 여기 있는 한,<6E5C>시키 씨는 혼자가 아니에요","이번 일로 알게 됐듯이,<6E5C>다들 시키 씨를<6E5C>좋아해요<485C>그러니 여기 있는 한,<6E5C>시키 씨는 혼자가 아니에요"
dom3Shiki_X04.mes,Script/dom3Shiki_X04.mes,182,14,Shiki,みんなが……私を、好き……,다들……나를 좋아한다……,다들……나를 좋아한다……
dom3Shiki_X04.mes,Script/dom3Shiki_X04.mes,183,6,주인공,そうですよ,그래요,그래요
dom3Shiki_X04.mes,Script/dom3Shiki_X04.mes,184,20,Shiki,……そう.<6E5C>あなたもみんなの中のひとり,……그래.<6E5C>당신도 다들 중 하나,……그래.<6E5C>당신도 다들 중 하나
dom3Shiki_X04.mes,Script/dom3Shiki_X04.mes,185,10,주인공,え?いや、俺は……,"아니, 나는……","아니, 나는……"
dom3Shiki_X04.mes,Script/dom3Shiki_X04.mes,186,29,Shiki,やっぱり、私を呼び起こす声は……<6E5C>あなたじゃなかった……,"역시, 나를 깨우는 목소리는……<6E5C>당신이 아니었어……","역시, 나를 깨우는 목소리는……<6E5C>당신이 아니었어……"
dom3Shiki_X04.mes,Script/dom3Shiki_X04.mes,187,7,Shiki,……さよなら,……안녕,……안녕
dom3Shiki_X04.mes,Script/dom3Shiki_X04.mes,188,11,주인공,え……?えぇ~っ!?,어……? 어어엇!?,어……? 어어엇!?
dom3Shiki_X04.mes,Script/dom3Shiki_X04.mes,189,25,주인공,(そ、そんなバカな……<6E5C>こんな終わり方って……),(그런 바보 같은……<6E5C>이런 결말이라니……),(그런 바보 같은……<6E5C>이런 결말이라니……)
dom3Shiki_X04.mes,Script/dom3Shiki_X04.mes,190,13,UNKNOWN_1e,我の邪魔は……許さぬ……,방해는 용서 못 해……,방해는 용서 못 해……
dom3Shiki_X04.mes,Script/dom3Shiki_X04.mes,191,3,주인공,え?,어?,어?
dom3Shiki_X04.mes,Script/dom3Shiki_X04.mes,192,6,[효과음/내레이션],ざしゅっ!,푹!,푹!
dom3Shiki_X04.mes,Script/dom3Shiki_X04.mes,193,8,주인공,うあぁぁぁぁ!,으아아아악!,으아아아악!
dom3Shiki_X04.mes,Script/dom3Shiki_X04.mes,194,19,주인공,(そんな、こんな最期だなんて……<6E5C>),"(그런, 이런 최후라니……<6E5C>)","(그런, 이런 최후라니……<6E5C>)"
dom3Shiki_X05.mes,Script/dom3Shiki_X05.mes,0,20,Iroha,旦那様、色様……<6E5C>いってらっしゃいませ,"나리, 시키님……<6E5C>다녀오세요","나리, 시키님……<6E5C>다녀오세요"
dom3Shiki_X05.mes,Script/dom3Shiki_X05.mes,1,6,주인공,いろは……,이로하……,이로하……
dom3Shiki_X05.mes,Script/dom3Shiki_X05.mes,2,56,Iroha,いろはは、旦那様と過ごせた日々を<6E5C>、けっして忘れません……!<485C>おふたりのお幸せを、<6E5C>遠くから見守っております!,"이로하는 나리와 함께한 나날을<6E5C>절대 잊지 않을게요……!<485C>두 분의 행복을,<6E5C>멀리서 지켜볼게요!","이로하는 나리와 함께한 나날을<6E5C>절대 잊지 않을게요……!<485C>두 분의 행복을,<6E5C>멀리서 지켜볼게요!"
dom3Shiki_X05.mes,Script/dom3Shiki_X05.mes,3,30,주인공,……俺も、いろはに世話になった<6E5C>日々は、けっして忘れないよ,……나도 이로하에게 신세진<6E5C>나날은 결코 잊지 않을게,……나도 이로하에게 신세진<6E5C>나날은 결코 잊지 않을게
dom3Shiki_X05.mes,Script/dom3Shiki_X05.mes,4,15,주인공,いままで、本当にありがとう!,지금까지 정말 고마웠어!,지금까지 정말 고마웠어!
dom3Shiki_X05.mes,Script/dom3Shiki_X05.mes,5,8,Iroha,だ、旦那様……,"나, 나리……","나, 나리……"
dom3Shiki_X05.mes,Script/dom3Shiki_X05.mes,6,6,주인공,いろは……,이로하……,이로하……
dom3Shiki_X05.mes,Script/dom3Shiki_X05.mes,7,35,Iroha,あ、いけませんね!<6E5C>喜ばしいおふたりの門出に<6E5C>泣いたりなんかしちゃ!,"아, 안 되죠!<6E5C>기쁜 두 분의 새출발에<6E5C>눈물이라니 안 되는데!","아, 안 되죠!<6E5C>기쁜 두 분의 새출발에<6E5C>눈물이라니 안 되는데!"
dom3Shiki_X05.mes,Script/dom3Shiki_X05.mes,8,45,Iroha,それでは、気をつけていって<6E5C>らっしゃいませ!ぜったいに幸せに<6E5C>ならないと、めっ!ですよ?,"그럼, 조심히 다녀오세요!<6E5C>반드시 행복해지지<6E5C>않으면, 안 돼요?","그럼, 조심히 다녀오세요!<6E5C>반드시 행복해지지<6E5C>않으면, 안 돼요?"
dom3Shiki_X05.mes,Script/dom3Shiki_X05.mes,9,6,주인공,ああ……!,아아……!,아아……!
dom3Shiki_X05.mes,Script/dom3Shiki_X05.mes,10,13,주인공,色さん、足元に気をつけて,"시키씨, 발밑 조심해요","시키씨, 발밑 조심해요"
dom3Shiki_X05.mes,Script/dom3Shiki_X05.mes,11,5,Shiki,……ええ,……네,……네
dom3Shiki_X05.mes,Script/dom3Shiki_X05.mes,12,26,주인공,長い道のりになるけど、<6E5C>ふたりなら大丈夫ですよね?,"먼 길이 되겠지만,<6E5C>둘이라면 괜찮겠죠?","먼 길이 되겠지만,<6E5C>둘이라면 괜찮겠죠?"
dom3Shiki_X05.mes,Script/dom3Shiki_X05.mes,13,6,Shiki,そうね……,그러게……,그러게……
dom3Shiki_X05.mes,Script/dom3Shiki_X05.mes,14,5,UNKNOWN_1e,待て……,기다려…,기다려…
dom3Shiki_X05.mes,Script/dom3Shiki_X05.mes,15,12,주인공,え?何か言いましたか?,네? 뭐라 하셨어요?,네? 뭐라 하셨어요?
dom3Shiki_X05.mes,Script/dom3Shiki_X05.mes,16,8,Shiki,私は、何も……,난 아무것도…,난 아무것도…
dom3Shiki_X05.mes,Script/dom3Shiki_X05.mes,17,20,UNKNOWN_1e,色……戻ってくるのだ……<6E5C>我の元へ……,색……돌아오너라……<6E5C>나의 곁으로……,색……돌아오너라……<6E5C>나의 곁으로……
dom3Shiki_X05.mes,Script/dom3Shiki_X05.mes,18,9,주인공,こ、この声は……,"이, 이 소리…","이, 이 소리…"
dom3Shiki_X05.mes,Script/dom3Shiki_X05.mes,19,8,Shiki,あ、あぁ……っ,"아, 아아…윽","아, 아아…윽"
dom3Shiki_X05.mes,Script/dom3Shiki_X05.mes,20,30,주인공,ユ、ユガ!!<6E5C>そ、そんな……確かに倒した<6E5C>はずなのに……!,"유, 유가!!<6E5C>그, 그런……분명 쓰러뜨렸을<6E5C>텐데……!","유, 유가!!<6E5C>그, 그런……분명 쓰러뜨렸을<6E5C>텐데……!"
dom3Shiki_X05.mes,Script/dom3Shiki_X05.mes,21,29,UNKNOWN_8e,我の肉体は失われど……精神を<6E5C>木偶に宿らせ……戻ってきた,내 육체는 사라져도…정신을<6E5C>인형에 깃들여……돌아왔다,내 육체는 사라져도…정신을<6E5C>인형에 깃들여……돌아왔다
dom3Shiki_X05.mes,Script/dom3Shiki_X05.mes,22,15,주인공,精神って……怨霊じゃないか!,정신이라니……원령이잖아!,정신이라니……원령이잖아!
dom3Shiki_X05.mes,Script/dom3Shiki_X05.mes,23,61,UNKNOWN_8e,この姿の……ままでは、<6E5C>長くこの世に<6E5C>とどまることはできぬ……<485C>さあ、色.<6E5C>その男を殺して……<6E5C>我の魂の受け皿となれ……,"이 모습으로는……오래<6E5C>이 세상에<6E5C>머물 수 없다……<485C>자, 색.<6E5C>그 남자를 죽이고……<6E5C>내 영혼의 그릇이 되어라…","이 모습으로는……오래<6E5C>이 세상에<6E5C>머물 수 없다……<485C>자, 색.<6E5C>그 남자를 죽이고……<6E5C>내 영혼의 그릇이 되어라…"
dom3Shiki_X05.mes,Script/dom3Shiki_X05.mes,24,14,Shiki,う……うぁ……ユ、ガ……様,"으……으윽…유, 가……님","으……으윽…유, 가……님"
dom3Shiki_X05.mes,Script/dom3Shiki_X05.mes,25,29,주인공,いけない、色さん!<6E5C>あいつの声に耳を貸すんじゃない!<6E5C>!,"안 돼, 시키 씨!<6E5C>그놈 말 듣지 마!<6E5C>!","안 돼, 시키 씨!<6E5C>그놈 말 듣지 마!<6E5C>!"
dom3Shiki_X05.mes,Script/dom3Shiki_X05.mes,26,13,UNKNOWN_8e,さあ、戻っておいで……色,"자, 돌아오너라……색","자, 돌아오너라……색"
dom3Shiki_X05.mes,Script/dom3Shiki_X05.mes,27,12,Shiki,……はい……ユガ様……,……네……유가 님……,……네……유가 님……
dom3Shiki_X05.mes,Script/dom3Shiki_X05.mes,28,9,주인공,色さん!くそぉ!,시키씨! 젠장!,시키씨! 젠장!
dom3Shiki_X05.mes,Script/dom3Shiki_X05.mes,29,17,[선택지],心を強く持つんだ!耳をふさぐんだ!,마음 굳게 먹어!\귀를 막아!,마음 굳게 먹어!\귀를 막아!
dom3Shiki_X05.mes,Script/dom3Shiki_X05.mes,30,5,UNKNOWN_8e,さあ……,자……,자……
dom3Shiki_X05.mes,Script/dom3Shiki_X05.mes,31,14,주인공,色さん!心を強く持つんだ!,시키씨!마음 굳게 먹어!,시키씨!마음 굳게 먹어!
dom3Shiki_X05.mes,Script/dom3Shiki_X05.mes,32,11,Shiki,く……う……私は……,크……윽……나는……,크……윽……나는……
dom3Shiki_X05.mes,Script/dom3Shiki_X05.mes,33,27,UNKNOWN_8e,ぬうぅ……色、何をしている……<6E5C>時間が、ないのだ……,"으으…색, 뭘 하는 것이냐……<6E5C>시간이, 없다……","으으…색, 뭘 하는 것이냐……<6E5C>시간이, 없다……"
dom3Shiki_X05.mes,Script/dom3Shiki_X05.mes,34,13,Shiki,あぁ……う……ユガ様……,아아…윽……유가 님……,아아…윽……유가 님……
dom3Shiki_X05.mes,Script/dom3Shiki_X05.mes,35,5,주인공,色さん!,시키씨!,시키씨!
dom3Shiki_X05.mes,Script/dom3Shiki_X05.mes,36,5,UNKNOWN_8e,さあ……,자……,자……
dom3Shiki_X05.mes,Script/dom3Shiki_X05.mes,37,13,주인공,色さん、耳をふさぐんだ!,"시키 씨, 귀를 막아!","시키 씨, 귀를 막아!"
dom3Shiki_X05.mes,Script/dom3Shiki_X05.mes,38,5,Shiki,うぅ……,으윽……,으윽……
dom3Shiki_X05.mes,Script/dom3Shiki_X05.mes,39,19,UNKNOWN_8e,無駄なこと……我の声は<6E5C>頭に届く……,소용없다…내 목소리는<6E5C>다 들린다…,소용없다…내 목소리는<6E5C>다 들린다…
dom3Shiki_X05.mes,Script/dom3Shiki_X05.mes,40,7,Shiki,ユ、ガ様……,유가 님…,유가 님…
dom3Shiki_X05.mes,Script/dom3Shiki_X05.mes,41,4,[효과음/내레이션],チャキ,철컥,철컥
dom3Shiki_X05.mes,Script/dom3Shiki_X05.mes,42,34,주인공,し、色さん?<6E5C>刀を抜いてどうするつもりだ……!<6E5C>ま、まさか……!?,"새, 시키씨?<6E5C>칼은 왜 뽑은 거야……!<6E5C>서, 설마……!?","새, 시키씨?<6E5C>칼은 왜 뽑은 거야……!<6E5C>서, 설마……!?"
dom3Shiki_X05.mes,Script/dom3Shiki_X05.mes,43,20,Shiki,……堕ちなさい……<6E5C>ユガ様のために……,……타락하세요…<6E5C>유가 님을 위해……,……타락하세요…<6E5C>유가 님을 위해……
dom3Shiki_X05.mes,Script/dom3Shiki_X05.mes,44,6,[효과음/내레이션],ザシュッ!,서걱!,서걱!
dom3Shiki_X05.mes,Script/dom3Shiki_X05.mes,45,13,주인공,そ、そんな……色……さん,"그, 그런……색……채씨","그, 그런……색……채씨"
dom3Shiki_X05.mes,Script/dom3Shiki_X05.mes,46,27,주인공,(ど、どうして……こんな…….<6E5C>うぅ……色さん……),"(어, 어째서……이런…….<6E5C>으윽……시키 씨……)","(어, 어째서……이런…….<6E5C>으윽……시키 씨……)"
dom3Shiki_X05.mes,Script/dom3Shiki_X05.mes,47,4,[효과음/내레이션],バタッ,털썩,털썩
dom3Shiki_X05.mes,Script/dom3Shiki_X05.mes,48,21,[선택지],いっしょに帰るんだ!もう少しこらえるんだ!,같이 돌아가자!\조금만 더 버텨!,같이 돌아가자!\조금만 더 버텨!
dom3Shiki_X05.mes,Script/dom3Shiki_X05.mes,49,21,Shiki,ダ、メ……私は……ユガ様の……<6E5C>もの……,"안, 돼……나는……유가 님의……<6E5C>것…","안, 돼……나는……유가 님의……<6E5C>것…"
dom3Shiki_X05.mes,Script/dom3Shiki_X05.mes,50,27,주인공,色さん!いっしょに京都へ帰ると<6E5C>約束したじゃないか!,시키 씨! 같이 교토로 돌아가자고<6E5C>약속했잖아!,시키 씨! 같이 교토로 돌아가자고<6E5C>약속했잖아!
dom3Shiki_X05.mes,Script/dom3Shiki_X05.mes,51,44,주인공,一生を添い遂げるって!<6E5C>しあわせな夫婦になるって約束した<6E5C>じゃないか!思い出してくれ!,평생을 함께하자고!<6E5C>행복한 부부가 되자고 약속<6E5C>했잖아! 떠올려줘!,평생을 함께하자고!<6E5C>행복한 부부가 되자고 약속<6E5C>했잖아! 떠올려줘!
dom3Shiki_X05.mes,Script/dom3Shiki_X05.mes,52,11,Shiki,……しあわせ、に……,"……행복, 에……","……행복, 에……"
dom3Shiki_X05.mes,Script/dom3Shiki_X05.mes,53,14,UNKNOWN_8e,……色!もう……時間が……,……색! 이제…시간이……,……색! 이제…시간이……
dom3Shiki_X05.mes,Script/dom3Shiki_X05.mes,54,10,Shiki,あう……!ユガ……,아윽……!유가……,아윽……!유가……
dom3Shiki_X05.mes,Script/dom3Shiki_X05.mes,55,23,주인공,(も、もう少し……もう少しの<6E5C>はずなんだ!),"(조, 조금만……조금만 더면<6E5C>될 텐데!)","(조, 조금만……조금만 더면<6E5C>될 텐데!)"
dom3Shiki_X05.mes,Script/dom3Shiki_X05.mes,56,17,UNKNOWN_8e,色……お前は……我の操り人形……,색……너는……나의 꼭두각시……,색……너는……나의 꼭두각시……
dom3Shiki_X05.mes,Script/dom3Shiki_X05.mes,57,7,주인공,く……この!,크…자식!,크…자식!
dom3Shiki_X05.mes,Script/dom3Shiki_X05.mes,58,21,Shiki,も、う……ダメ……私は……<6E5C>ユガ様の……,이제…안 돼……나는……<6E5C>유가 님의……,이제…안 돼……나는……<6E5C>유가 님의……
dom3Shiki_X05.mes,Script/dom3Shiki_X05.mes,59,40,주인공,もう少し……もう少しだけ<6E5C>こらえるんだ!奴に残された<6E5C>時間はあとわずかだから!,조금만……조금만 더<6E5C>버텨! 저놈에게 남은<6E5C>시간은 얼마 안 남았으니까!,조금만……조금만 더<6E5C>버텨! 저놈에게 남은<6E5C>시간은 얼마 안 남았으니까!
dom3Shiki_X05.mes,Script/dom3Shiki_X05.mes,60,16,UNKNOWN_8e,……色!時間が……ないのだ……,……색! 시간이……없다……,……색! 시간이……없다……
dom3Shiki_X05.mes,Script/dom3Shiki_X05.mes,61,7,Shiki,ユ、ガ様……,유가 님…,유가 님…
dom3Shiki_X05.mes,Script/dom3Shiki_X05.mes,62,4,[효과음/내레이션],チャキ,철컥,철컥
dom3Shiki_X05.mes,Script/dom3Shiki_X05.mes,63,34,주인공,し、色さん?<6E5C>刀を抜いてどうするつもりだ……!<6E5C>ま、まさか……!?,"새, 시키씨?<6E5C>칼은 왜 뽑은 거야……!<6E5C>서, 설마……!?","새, 시키씨?<6E5C>칼은 왜 뽑은 거야……!<6E5C>서, 설마……!?"
dom3Shiki_X05.mes,Script/dom3Shiki_X05.mes,64,17,Shiki,堕ちなさい……ユガ様のために……,타락하세요…유가 님을 위해……,타락하세요…유가 님을 위해……
dom3Shiki_X05.mes,Script/dom3Shiki_X05.mes,65,6,[효과음/내레이션],ザシュッ!,서걱!,서걱!
dom3Shiki_X05.mes,Script/dom3Shiki_X05.mes,66,13,주인공,そ、そんな……色……さん,"그, 그런……색……채씨","그, 그런……색……채씨"
dom3Shiki_X05.mes,Script/dom3Shiki_X05.mes,67,27,주인공,(ど、どうして……こんな…….<6E5C>うぅ……色さん……),"(어, 어째서……이런…….<6E5C>으윽……시키 씨……)","(어, 어째서……이런…….<6E5C>으윽……시키 씨……)"
dom3Shiki_X05.mes,Script/dom3Shiki_X05.mes,68,4,[효과음/내레이션],バタッ,털썩,털썩
dom3Shiki_X05.mes,Script/dom3Shiki_X05.mes,69,20,[선택지],色さんは強い人だ!色さんは人形じゃない!,시키씨는 강해!\인형이 아니잖아!,시키씨는 강해!\인형이 아니잖아!
dom3Shiki_X05.mes,Script/dom3Shiki_X05.mes,70,9,Shiki,私は……人形……,나는……인형……,나는……인형……
dom3Shiki_X05.mes,Script/dom3Shiki_X05.mes,71,40,주인공,負けるな、色さん!色さんは<6E5C>強い人だ!ユガの呪縛にだって<6E5C>打ち克てるはずだ!!,"지지 마, 시키씨!<6E5C>넌 강해! 유가의 저주쯤<6E5C>이겨낼 수 있을 거야!!","지지 마, 시키씨!<6E5C>넌 강해! 유가의 저주쯤<6E5C>이겨낼 수 있을 거야!!"
dom3Shiki_X05.mes,Script/dom3Shiki_X05.mes,72,16,UNKNOWN_8e,さあ、色……我の、手の中へ……,"자, 색……내 손안으로……","자, 색……내 손안으로……"
dom3Shiki_X05.mes,Script/dom3Shiki_X05.mes,73,7,Shiki,ユ、ガ様……,유가 님…,유가 님…
dom3Shiki_X05.mes,Script/dom3Shiki_X05.mes,74,4,[효과음/내레이션],チャキ,철컥,철컥
dom3Shiki_X05.mes,Script/dom3Shiki_X05.mes,75,34,주인공,し、色さん?<6E5C>刀を抜いてどうするつもりだ……!<6E5C>ま、まさか……!?,"새, 시키씨?<6E5C>칼은 왜 뽑은 거야……!<6E5C>서, 설마……!?","새, 시키씨?<6E5C>칼은 왜 뽑은 거야……!<6E5C>서, 설마……!?"
dom3Shiki_X05.mes,Script/dom3Shiki_X05.mes,76,17,Shiki,堕ちなさい……ユガ様のために……,타락하세요…유가 님을 위해……,타락하세요…유가 님을 위해……
dom3Shiki_X05.mes,Script/dom3Shiki_X05.mes,77,6,[효과음/내레이션],ザシュッ!,서걱!,서걱!
dom3Shiki_X05.mes,Script/dom3Shiki_X05.mes,78,13,주인공,そ、そんな……色……さん,"그, 그런……색……채씨","그, 그런……색……채씨"
dom3Shiki_X05.mes,Script/dom3Shiki_X05.mes,79,27,주인공,(ど、どうして……こんな…….<6E5C>うぅ……色さん……),"(어, 어째서……이런…….<6E5C>으윽……시키 씨……)","(어, 어째서……이런…….<6E5C>으윽……시키 씨……)"
dom3Shiki_X05.mes,Script/dom3Shiki_X05.mes,80,4,[효과음/내레이션],バタッ,털썩,털썩
dom3Shiki_X05.mes,Script/dom3Shiki_X05.mes,81,9,Shiki,私は……人形……,나는……인형……,나는……인형……
dom3Shiki_X05.mes,Script/dom3Shiki_X05.mes,82,19,주인공,違う!<6E5C>色さんは人形なんかじゃない!,아니야!<6E5C>시키씨는 인형 아니야!,아니야!<6E5C>시키씨는 인형 아니야!
dom3Shiki_X05.mes,Script/dom3Shiki_X05.mes,83,51,주인공,昨日流した涙を思い出すんだ!<6E5C>千夜さんと舞った夜を<6E5C>思い出すんだ!<485C>俺と交わした契りを思い出すんだ!,어제 흘린 눈물을 떠올려!<6E5C>치요 씨와 춤춘 밤을<6E5C>떠올려!<485C>나와 나눈 언약을 떠올려!,어제 흘린 눈물을 떠올려!<6E5C>치요 씨와 춤춘 밤을<6E5C>떠올려!<485C>나와 나눈 언약을 떠올려!
dom3Shiki_X05.mes,Script/dom3Shiki_X05.mes,84,24,주인공,全部、色さんの心に通じ……<6E5C>動いていたはずだ!,전부 시키씨 마음에 닿아……<6E5C>움직인 거야!,전부 시키씨 마음에 닿아……<6E5C>움직인 거야!
dom3Shiki_X05.mes,Script/dom3Shiki_X05.mes,85,8,Shiki,こ、こ、ろ……,"마, 마음……","마, 마음……"
dom3Shiki_X05.mes,Script/dom3Shiki_X05.mes,86,47,주인공,色さんはもう、ひとりの人間として<6E5C>自分の意思で立ったんだ!<6E5C>そして、俺とふたりで行くんだ!!,시키씨는 이제 한 인간으로서<6E5C>자기 의지로 선 거야!<6E5C>그리고 나와 둘이 가는 거야!!,시키씨는 이제 한 인간으로서<6E5C>자기 의지로 선 거야!<6E5C>그리고 나와 둘이 가는 거야!!
dom3Shiki_X05.mes,Script/dom3Shiki_X05.mes,87,8,Shiki,う……<이름:3232>……,으……<이름:3232>……,으……<이름:3232>……
dom3Shiki_X05.mes,Script/dom3Shiki_X05.mes,88,14,주인공,そうだ!戻ってこい、色!!,"그래! 돌아와, 색!!","그래! 돌아와, 색!!"
dom3Shiki_X05.mes,Script/dom3Shiki_X05.mes,89,31,UNKNOWN_8e,色……お前は……我の人形……<6E5C>我の元でしか生きられぬ運命……,색……너는……나의 인형……<6E5C>내 곁에서만 사는 운명……,색……너는……나의 인형……<6E5C>내 곁에서만 사는 운명……
dom3Shiki_X05.mes,Script/dom3Shiki_X05.mes,90,10,Shiki,……ち、が、う……,"……아, 니야……","……아, 니야……"
dom3Shiki_X05.mes,Script/dom3Shiki_X05.mes,91,12,UNKNOWN_8e,色……我の手の中へ……,색……내 손안으로……,색……내 손안으로……
dom3Shiki_X05.mes,Script/dom3Shiki_X05.mes,92,11,Shiki,私は人形じゃない!!,난 인형 아니야!!,난 인형 아니야!!
dom3Shiki_X05.mes,Script/dom3Shiki_X05.mes,93,14,UNKNOWN_8e,ぬぅ……お前は……我の……,으으……너는……나의……,으으……너는……나의……
dom3Shiki_X05.mes,Script/dom3Shiki_X05.mes,94,45,Shiki,もう、あなたの言葉になど、<6E5C>背中の呪いになど負けない!<6E5C>私は、私の意思で生きていくわっ!,이제 당신 말 따위<6E5C>등의 저주 따위에 지지 않아!<6E5C>나는 내 의지로 살아갈 거야!,이제 당신 말 따위<6E5C>등의 저주 따위에 지지 않아!<6E5C>나는 내 의지로 살아갈 거야!
dom3Shiki_X05.mes,Script/dom3Shiki_X05.mes,95,8,UNKNOWN_8e,こしゃくな……,건방진……,건방진……
dom3Shiki_X05.mes,Script/dom3Shiki_X05.mes,96,8,Shiki,消えなさいっ!,사라져!,사라져!
dom3Shiki_X05.mes,Script/dom3Shiki_X05.mes,97,4,[효과음/내레이션],チャキ,철컥,철컥
dom3Shiki_X05.mes,Script/dom3Shiki_X05.mes,98,6,[효과음/내레이션],ザシュッ!,서걱!,서걱!
dom3Shiki_X05.mes,Script/dom3Shiki_X05.mes,99,13,UNKNOWN_8e,グ、グ、グアアアァァ……,"크, 크, 크아아아아…","크, 크, 크아아아아…"
dom3Shiki_ending1.mes,Script/dom3Shiki_ending1.mes,0,9,Shiki,ハァ、ハァ……!,"하아, 하아…!","하아, 하아…!"
dom3Shiki_ending1.mes,Script/dom3Shiki_ending1.mes,1,21,주인공,ユガが……消えた?<6E5C>幽界へ還ったのか!?,유가가…사라졌어?<6E5C>유계로 돌아갔나!?,유가가…사라졌어?<6E5C>유계로 돌아갔나!?
dom3Shiki_ending1.mes,Script/dom3Shiki_ending1.mes,2,10,주인공,色さん、大丈夫か!,"시키씨, 괜찮아!","시키씨, 괜찮아!"
dom3Shiki_ending1.mes,Script/dom3Shiki_ending1.mes,3,5,Shiki,……ええ,……네,……네
dom3Shiki_ending1.mes,Script/dom3Shiki_ending1.mes,4,20,주인공,よかった…….<6E5C>あっ、色さん、背中が!,"다행이다…….<6E5C>앗, 시키씨, 등이!","다행이다…….<6E5C>앗, 시키씨, 등이!"
dom3Shiki_ending1.mes,Script/dom3Shiki_ending1.mes,5,3,Shiki,え?,네?,네?
dom3Shiki_ending1.mes,Script/dom3Shiki_ending1.mes,6,11,주인공,刺青が、消えてる……,문신이 사라졌어……,문신이 사라졌어……
dom3Shiki_ending1.mes,Script/dom3Shiki_ending1.mes,7,30,Shiki,……あぁ.<6E5C>私をずっと支配していた声が……<6E5C>閉こえない……,……아아.<6E5C>날 지배하던 목소리가……<6E5C>들리지 않아……,……아아.<6E5C>날 지배하던 목소리가……<6E5C>들리지 않아……
dom3Shiki_ending1.mes,Script/dom3Shiki_ending1.mes,8,6,[효과음/내레이션],フラッ……,휘청……,휘청……
dom3Shiki_ending1.mes,Script/dom3Shiki_ending1.mes,9,4,[효과음/내레이션],ガシッ,덥석,덥석
dom3Shiki_ending1.mes,Script/dom3Shiki_ending1.mes,10,10,주인공,大丈夫か、色さん!,"괜찮아, 시키씨!","괜찮아, 시키씨!"
dom3Shiki_ending1.mes,Script/dom3Shiki_ending1.mes,11,36,Shiki,……ごめんなさい、<6E5C>安心したら、力が抜けて.<6E5C>……これで、終わったの?,"…미안해요,<6E5C>안심했더니 힘이 풀려서.<6E5C>……이걸로, 끝난 건가요?","…미안해요,<6E5C>안심했더니 힘이 풀려서.<6E5C>……이걸로, 끝난 건가요?"
dom3Shiki_ending1.mes,Script/dom3Shiki_ending1.mes,12,38,주인공,ああ.全部終わったんだ.<6E5C>これでもう、色さんを縛るものは<6E5C>なくなったんだ!,그래. 전부 끝났어.<6E5C>이제 시키 씨를 옭아매던 건<6E5C>없어졌어!,그래. 전부 끝났어.<6E5C>이제 시키 씨를 옭아매던 건<6E5C>없어졌어!
dom3Shiki_ending1.mes,Script/dom3Shiki_ending1.mes,13,11,Shiki,いいえ……まだあるわ,아니……아직 있어,아니……아직 있어
dom3Shiki_ending1.mes,Script/dom3Shiki_ending1.mes,14,3,주인공,え?,응?,응?
dom3Shiki_ending1.mes,Script/dom3Shiki_ending1.mes,15,26,Shiki,今度は、あなたが……私を縛って<6E5C>くれるのでしょう?,"이번엔, 당신이……나를 묶어<6E5C>주는 거지요?","이번엔, 당신이……나를 묶어<6E5C>주는 거지요?"
dom3Shiki_ending1.mes,Script/dom3Shiki_ending1.mes,16,14,주인공,そんなこと、俺はしないよ!,그런 거 난 안 해!,그런 거 난 안 해!
dom3Shiki_ending1.mes,Script/dom3Shiki_ending1.mes,17,16,Shiki,いいえ……あなたに縛られたいの,아니……당신에게 묶이고 싶어,아니……당신에게 묶이고 싶어
dom3Shiki_ending1.mes,Script/dom3Shiki_ending1.mes,18,3,주인공,え?,응?,응?
dom3Shiki_ending1.mes,Script/dom3Shiki_ending1.mes,19,31,Shiki,あなただけに、この身をすべて……<6E5C>.それが、今の私の意思……,"당신에게만 이 몸을 전부……<6E5C>.그게, 지금 내 의지……","당신에게만 이 몸을 전부……<6E5C>.그게, 지금 내 의지……"
dom3Shiki_ending1.mes,Script/dom3Shiki_ending1.mes,20,27,Shiki,あなたの前で、はじめて私は<6E5C>人間として生きられる……,당신 앞에서 처음으로<6E5C>인간으로 살 수 있어……,당신 앞에서 처음으로<6E5C>인간으로 살 수 있어……
dom3Shiki_ending1.mes,Script/dom3Shiki_ending1.mes,21,40,주인공,……わ、わかった!<6E5C>決して離れ離れにならないよう、<6E5C>一生色さんを縛る.いいね?,"……알, 알았어!<6E5C>절대 헤어지지 않도록<6E5C>평생 시키씨를 묶을게. 알겠지?","……알, 알았어!<6E5C>절대 헤어지지 않도록<6E5C>평생 시키씨를 묶을게. 알겠지?"
dom3Shiki_ending1.mes,Script/dom3Shiki_ending1.mes,22,11,Shiki,強く……縛っていてね,강하게……묶어줘,강하게……묶어줘
dom3Shiki_ending1.mes,Script/dom3Shiki_ending1.mes,23,4,주인공,ああ!,그래!,그래!
dom3Shiki_ending1.mes,Script/dom3Shiki_ending1.mes,24,6,[효과음/내레이션],そして――,그리고――,그리고――
dom3Shiki_ending1.mes,Script/dom3Shiki_ending1.mes,25,20,주인공,――う~ん、変わらないなぁ、<6E5C>この町は,"――음~ 안 변했네,<6E5C>이 동네는","――음~ 안 변했네,<6E5C>이 동네는"
dom3Shiki_ending1.mes,Script/dom3Shiki_ending1.mes,26,5,Shiki,ええ……,그러네…,그러네…
dom3Shiki_ending1.mes,Script/dom3Shiki_ending1.mes,27,47,주인공,懐かしい、あれから一年か.まるで<6E5C>十年も昔のように思えてくる.<6E5C>でも、どうして再びこの町へ?,"그립네, 벌써 일 년인가. 마치<6E5C>십 년 전 일 같아.<6E5C>근데 왜 다시 이 동네에?","그립네, 벌써 일 년인가. 마치<6E5C>십 년 전 일 같아.<6E5C>근데 왜 다시 이 동네에?"
dom3Shiki_ending1.mes,Script/dom3Shiki_ending1.mes,28,31,Shiki,この子に、あなたと出会った大切な<6E5C>場所を見せたかったから……,이 아이에게 당신과 만난 소중한<6E5C>장소를 보여주려고……,이 아이에게 당신과 만난 소중한<6E5C>장소를 보여주려고……
dom3Shiki_ending1.mes,Script/dom3Shiki_ending1.mes,29,9,UNKNOWN_a1,ほぁぁ、ほぁぁ!,"우앵, 우앵!","우앵, 우앵!"
dom3Shiki_ending1.mes,Script/dom3Shiki_ending1.mes,30,12,Shiki,よしよし……泣かないで,옳지 옳지……울지 마,옳지 옳지……울지 마
dom3Shiki_ending1.mes,Script/dom3Shiki_ending1.mes,31,15,주인공,ほらほら、いい子だ、いい子だ,"옳지 옳지 착하지, 착하지","옳지 옳지 착하지, 착하지"
dom3Shiki_ending1.mes,Script/dom3Shiki_ending1.mes,32,9,[효과음/내레이션],デンデンデンッ♪,둥둥둥♪,둥둥둥♪
dom3Shiki_ending1.mes,Script/dom3Shiki_ending1.mes,33,4,UNKNOWN_a1,だぁ~,다아~,다아~
dom3Shiki_ending1.mes,Script/dom3Shiki_ending1.mes,34,26,주인공,ははは、喜んでる.<6E5C>おまえもこの町を好きになるか?,하하하 좋아하네.<6E5C>너도 이 동네가 좋아지려나?,하하하 좋아하네.<6E5C>너도 이 동네가 좋아지려나?
dom3Shiki_ending1.mes,Script/dom3Shiki_ending1.mes,35,6,Shiki,フフッ……,후훗……,후훗……
dom3Shiki_ending1.mes,Script/dom3Shiki_ending1.mes,36,51,Shiki,……あの頃の私は、<6E5C>大事なものなど何もなかった<485C>誰のことも、自分のことすらも、<6E5C>どうでもよかった……,"……그때의 나는<6E5C>소중한 건 아무것도 없었어<485C>누구도, 나 자신조차도,<6E5C>아무래도 상관없었어……","……그때의 나는<6E5C>소중한 건 아무것도 없었어<485C>누구도, 나 자신조차도,<6E5C>아무래도 상관없었어……"
dom3Shiki_ending1.mes,Script/dom3Shiki_ending1.mes,37,15,주인공,いつも、孤独な顔をしていたね,늘 외로운 얼굴이었지,늘 외로운 얼굴이었지
dom3Shiki_ending1.mes,Script/dom3Shiki_ending1.mes,38,55,Shiki,でも、今はあなたとこの子が<6E5C>何よりも愛しい.<6E5C>命をかけて守ると誓えるわ<485C>もう誰にも、<6E5C>惑わされたりしない……,하지만 지금은 당신과 이 아이가<6E5C>무엇보다 소중해<6E5C>목숨 걸고 지킬게<485C>이제 다시는<6E5C>흔들리지 않아……,하지만 지금은 당신과 이 아이가<6E5C>무엇보다 소중해<6E5C>목숨 걸고 지킬게<485C>이제 다시는<6E5C>흔들리지 않아……
dom3Shiki_ending1.mes,Script/dom3Shiki_ending1.mes,39,22,주인공,バカ、ふたりを命がけで守るのは<6E5C>俺の仕事だ,바보 둘 목숨걸고 지키는 건<6E5C>내 일이야,바보 둘 목숨걸고 지키는 건<6E5C>내 일이야
dom3Shiki_ending1.mes,Script/dom3Shiki_ending1.mes,40,39,Shiki,フフ、たくましいお父さんね.<6E5C>あなたもいつか、<6E5C>素敵な人を見つけるのよ……?,"후후, 늠름한 아빠네.<6E5C>당신도 언젠가,<6E5C>멋진 사람을 찾길 바라……?","후후, 늠름한 아빠네.<6E5C>당신도 언젠가,<6E5C>멋진 사람을 찾길 바라……?"
dom3Shiki_ending1.mes,Script/dom3Shiki_ending1.mes,41,20,주인공,はは、母さんみたいな<6E5C>美人になるかな?,"하하, 엄마 닮아서<6E5C>미인이 될까?","하하, 엄마 닮아서<6E5C>미인이 될까?"
dom3Shiki_ending1.mes,Script/dom3Shiki_ending1.mes,42,11,Shiki,……ありがとう、<이름:3232>,"……고마워, <이름:3232>","……고마워, <이름:3232>"
dom3Shiki_ending1.mes,Script/dom3Shiki_ending1.mes,43,10,주인공,なんだよ、改まって,"뭐야,새삼스럽게","뭐야,새삼스럽게"
dom3Shiki_ending1.mes,Script/dom3Shiki_ending1.mes,44,33,Shiki,こんなしあわせな日々は、<6E5C>あなたに出会わなければ、<6E5C>訪れなかった,이런 행복한 나날은<6E5C>당신을 만나지 않았다면<6E5C>안 왔을 거야,이런 행복한 나날은<6E5C>당신을 만나지 않았다면<6E5C>안 왔을 거야
dom3Shiki_ending1.mes,Script/dom3Shiki_ending1.mes,45,41,주인공,……訪れたんじゃない.<6E5C>ふたりで作ったんだ.それはもう、<6E5C>永遠に終わることはない,……찾아온 게 아니야.<6E5C>둘이서 만든 거야. 그건 이미<6E5C>영원히 끝나지 않아,……찾아온 게 아니야.<6E5C>둘이서 만든 거야. 그건 이미<6E5C>영원히 끝나지 않아
dom3Shiki_ending1.mes,Script/dom3Shiki_ending1.mes,46,5,Shiki,……ええ,……응,……응
dom3Shiki_ending1.mes,Script/dom3Shiki_ending1.mes,47,11,UNKNOWN_a1,だぁ~、きゃっきゃっ,"다아~, 꺄르르","다아~, 꺄르르"
dom3Shiki_ending1.mes,Script/dom3Shiki_ending1.mes,48,31,Shiki,……なんと温かい命を持った子.<6E5C>いつまでも、そばにいるわ……,……이렇게 따스한 생명을 가진 아이<6E5C>늘 곁에 있을게……,……이렇게 따스한 생명을 가진 아이<6E5C>늘 곁에 있을게……
dom3Shiki_ending1.mes,Script/dom3Shiki_ending1.mes,49,20,UNKNOWN_6d,お疲れ様!<6E5C>少しは楽しんでくれたかな?,수고했어!<6E5C>조금은 즐거웠으려나?,수고했어!<6E5C>조금은 즐거웠으려나?
dom3Shiki_ending1.mes,Script/dom3Shiki_ending1.mes,50,12,UNKNOWN_6d,……あ!<6E5C>いっけない!,……아!<6E5C>큰일났다!,……아!<6E5C>큰일났다!
dom3Shiki_ending1.mes,Script/dom3Shiki_ending1.mes,51,6,[효과음/내레이션],ドロンッ!,펑!,펑!
dom3Shiki_ending1.mes,Script/dom3Shiki_ending1.mes,52,44,Shino,こんぷりーと、おめでとう!<6E5C>今度むささび屋に来たら、善哉<6E5C>いっぱい食べさせてあげるね!,"완료, 축하해!<6E5C>다음에 무사사비야에 오면, 단팥죽<6E5C>잔뜩 먹여줄게!","완료, 축하해!<6E5C>다음에 무사사비야에 오면, 단팥죽<6E5C>잔뜩 먹여줄게!"
dom3Shiki_ending1.mes,Script/dom3Shiki_ending1.mes,53,5,Shino,せーのっ,하나둘!,하나둘!
dom3Shiki_ending1.mes,Script/dom3Shiki_ending1.mes,54,22,UNKNOWN_1d,わたしたちをみつけてくれて、<6E5C>ありがとう!,"우리를 찾아줘서,<6E5C>고마워!","우리를 찾아줘서,<6E5C>고마워!"
