file,rel_path,block,n_tokens,speaker,source,ai_draft,translation
dom3ED_Genjuro.mes,Script/dom3ED_Genjuro.mes,0,23,주인공,ちょっと、どこに行くのですか、<6E5C>幻十郎さん!,"저기,어디가시는겁니까,<6E5C>겐주로님!","저기,어디가시는겁니까,<6E5C>겐주로님!"
dom3ED_Genjuro.mes,Script/dom3ED_Genjuro.mes,1,14,UNKNOWN_77,いいからついて来い.騒ぐな,잔말말고조용히따라와,잔말말고조용히따라와
dom3ED_Genjuro.mes,Script/dom3ED_Genjuro.mes,2,28,주인공,(おっかない…….ここは、<6E5C>おとなしく従うべきか……),(무섭다…….여긴<6E5C>순순히따르는게좋겠어……),(무섭다…….여긴<6E5C>순순히따르는게좋겠어……)
dom3ED_Genjuro.mes,Script/dom3ED_Genjuro.mes,3,17,UNKNOWN_77,どうした.俺の酒が飲めぬと言うか,왜그래.내술을못마시겠다는거냐?,왜그래.내술을못마시겠다는거냐?
dom3ED_Genjuro.mes,Script/dom3ED_Genjuro.mes,4,22,주인공,い、いえいえ!<6E5C>大変おいしゅうございます!,"아, 아닙니다! <6E5C>정말 맛있습니다!","아, 아닙니다! <6E5C>정말 맛있습니다!"
dom3ED_Genjuro.mes,Script/dom3ED_Genjuro.mes,5,34,UNKNOWN_77,フッ、俺の刀を飛ばしたかと<6E5C>思ったら、急に萎縮する.<6E5C>面白いやつよ,"훗,내칼을날려버렸나싶더니<6E5C>갑자기움츠러드는군.<6E5C>재미있는녀석이야","훗,내칼을날려버렸나싶더니<6E5C>갑자기움츠러드는군.<6E5C>재미있는녀석이야"
dom3ED_Genjuro.mes,Script/dom3ED_Genjuro.mes,6,6,주인공,は、ははぁ,"예,옙……","예,옙……"
dom3ED_Genjuro.mes,Script/dom3ED_Genjuro.mes,7,26,UNKNOWN_77,金ならある.好きなだけ飲め.<6E5C>今日は気分がいい……,돈이라면있다.마음껏마셔라.<6E5C>오늘은기분이좋군……,돈이라면있다.마음껏마셔라.<6E5C>오늘은기분이좋군……
dom3ED_Genjuro.mes,Script/dom3ED_Genjuro.mes,8,41,주인공,(あ、あの牙神幻十郎が、<6E5C>心なしか微笑んでいる!<6E5C>だまってつきあっていよう……),"(저,저키바가미겐주로가<6E5C>왠지웃고계신것같다!<6E5C>그냥잠자코맞춰드리자……)","(저,저키바가미겐주로가<6E5C>왠지웃고계신것같다!<6E5C>그냥잠자코맞춰드리자……)"
dom3ED_Genjuro.mes,Script/dom3ED_Genjuro.mes,9,29,주인공,(うぅ~ん、<6E5C>もう飲めませんってば~<6E5C>むにゃむにゃ……),(으으~<6E5C>이제더는못마신다니까요~<6E5C>우물우물……),(으으~<6E5C>이제더는못마신다니까요~<6E5C>우물우물……)
dom3ED_Genjuro.mes,Script/dom3ED_Genjuro.mes,10,10,주인공,はうっ!い、痛い!,"으윽!아,아파!","으윽!아,아파!"
dom3ED_Genjuro.mes,Script/dom3ED_Genjuro.mes,11,8,주인공,こ、ここは……,"여, 여긴……","여, 여긴……"
dom3ED_Genjuro.mes,Script/dom3ED_Genjuro.mes,12,20,주인공,はうっ!<6E5C>か、体の一部分が強烈に痛い!,"으윽!<6E5C>모,몸한부분이엄청아파!","으윽!<6E5C>모,몸한부분이엄청아파!"
dom3ED_Genjuro.mes,Script/dom3ED_Genjuro.mes,13,7,UNKNOWN_1e,起きたか……,일어났나……,일어났나……
dom3ED_Genjuro.mes,Script/dom3ED_Genjuro.mes,14,4,주인공,はっ!,헉!,헉!
dom3ED_Genjuro.mes,Script/dom3ED_Genjuro.mes,15,20,UNKNOWN_77,さっきは度を外しすぎた……<6E5C>休んでおけ,아까는도가지나쳤군……<6E5C>좀쉬어라.,아까는도가지나쳤군……<6E5C>좀쉬어라.
dom3ED_Genjuro.mes,Script/dom3ED_Genjuro.mes,16,10,주인공,こ、この状況は……,"이,이상황은……","이,이상황은……"
dom3ED_Genjuro.mes,Script/dom3ED_Genjuro.mes,17,27,UNKNOWN_77,初めてにしては上出来だ.<6E5C>……なに、じきに痛みは退く,"처음치고는제법이군.<6E5C>……뭐,곧아픔은가실거다.","처음치고는제법이군.<6E5C>……뭐,곧아픔은가실거다."
dom3ED_Genjuro.mes,Script/dom3ED_Genjuro.mes,18,13,주인공,う、うあああああああ!!,"으, 으아아아아아아!!","으, 으아아아아아아!!"
dom3ED_Genjuro.mes,Script/dom3ED_Genjuro.mes,19,20,UNKNOWN_77,フッ、今頃我に戻ったか.<6E5C>哀れなやつよ,"훗,이제야정신이드나.<6E5C>가엾은녀석이군","훗,이제야정신이드나.<6E5C>가엾은녀석이군"
dom3ED_Genjuro.mes,Script/dom3ED_Genjuro.mes,20,37,주인공,(こんな、こんなことって……<6E5C>俺の大事な夏が、<6E5C>ひと夏の思い出が……!),"(이런,이럴수가……<6E5C>내소중한여름이,<6E5C>단한번뿐인여름의추억이……!)","(이런,이럴수가……<6E5C>내소중한여름이,<6E5C>단한번뿐인여름의추억이……!)"
dom3ED_Genjuro.mes,Script/dom3ED_Genjuro.mes,21,13,주인공,(ぎゃあああーーーっ!),(으아아아아악!),(으아아아아악!)
dom3ED_Genjuro.mes,Script/dom3ED_Genjuro.mes,22,20,UNKNOWN_6d,お疲れ様!<6E5C>少しは楽しんでくれたかな?,수고했어!<6E5C>조금은 즐거웠으려나?,수고했어!<6E5C>조금은 즐거웠으려나?
dom3ED_Genjuro.mes,Script/dom3ED_Genjuro.mes,23,12,UNKNOWN_6d,……あ!<6E5C>いっけない!,아!<6E5C>큰일났다!,아!<6E5C>큰일났다!
dom3ED_Genjuro.mes,Script/dom3ED_Genjuro.mes,24,6,[효과음/내레이션],ドロンッ!,펑!,펑!
dom3ED_Genjuro.mes,Script/dom3ED_Genjuro.mes,25,44,Shino,こんぷりーと、おめでとう!<6E5C>今度むささび屋に来たら、善哉<6E5C>いっぱい食べさせてあげるね!,"완료, 축하해!<6E5C>다음에 무사사비야에 오면 단팥죽<6E5C>잔뜩 먹여줄게!","완료, 축하해!<6E5C>다음에 무사사비야에 오면 단팥죽<6E5C>잔뜩 먹여줄게!"
dom3ED_Genjuro.mes,Script/dom3ED_Genjuro.mes,26,5,Shino,せーのっ,하나둘!,하나둘!
dom3ED_Genjuro.mes,Script/dom3ED_Genjuro.mes,27,22,UNKNOWN_1d,わたしたちをみつけてくれて、<6E5C>ありがとう!,우릴 찾아줘서<6E5C>고마워!,우릴 찾아줘서<6E5C>고마워!
dom3ED_HaoUkyo.mes,Script/dom3ED_HaoUkyo.mes,0,30,주인공,(……せめて、死ぬ前に父さんに<6E5C>会って、謝りたかった……),(……적어도죽기전에아버지를<6E5C>만나사과하고싶었는데……),(……적어도죽기전에아버지를<6E5C>만나사과하고싶었는데……)
dom3ED_HaoUkyo.mes,Script/dom3ED_HaoUkyo.mes,1,6,[효과음/내레이션],……ふわっ,……두둥실,……두둥실
dom3ED_HaoUkyo.mes,Script/dom3ED_HaoUkyo.mes,2,28,주인공,(……あたたかい.この背中は、<6E5C>父さんの背中か……?),(……따뜻해. 이 등은<6E5C>아버지의 등인가……?),(……따뜻해. 이 등은<6E5C>아버지의 등인가……?)
dom3ED_HaoUkyo.mes,Script/dom3ED_HaoUkyo.mes,3,24,UNKNOWN_1e,おいおい、そんなにしがみつくなよ<6E5C>.苦しいだろ,"이봐,그렇게꽉매달리지마라<6E5C>.힘들잖아.","이봐,그렇게꽉매달리지마라<6E5C>.힘들잖아."
dom3ED_HaoUkyo.mes,Script/dom3ED_HaoUkyo.mes,4,3,주인공,え?,어?,어?
dom3ED_HaoUkyo.mes,Script/dom3ED_HaoUkyo.mes,5,4,[효과음/내레이션],ドサッ,쿵!,쿵!
dom3ED_HaoUkyo.mes,Script/dom3ED_HaoUkyo.mes,6,13,주인공,いて!え……ここは……?,아야! 어……여긴……?,아야! 어……여긴……?
dom3ED_HaoUkyo.mes,Script/dom3ED_HaoUkyo.mes,7,31,UNKNOWN_75,気づいたか.<6E5C>よく無事だったなぁ、おめぇ.<6E5C>丈夫な体してるぜ,"정신이드나.<6E5C>용케무사했군,너.<6E5C>몸뚱이하나는튼튼하구먼.","정신이드나.<6E5C>용케무사했군,너.<6E5C>몸뚱이하나는튼튼하구먼."
dom3ED_HaoUkyo.mes,Script/dom3ED_HaoUkyo.mes,8,22,주인공,覇王丸さん!?<6E5C>ここはいったい……俺は……,하오마루 님!?<6E5C>여긴 대체……전……,하오마루 님!?<6E5C>여긴 대체……전……
dom3ED_HaoUkyo.mes,Script/dom3ED_HaoUkyo.mes,9,34,UNKNOWN_75,てめぇはよく頑張ったよ.見直した<6E5C>.てめぇの進む道こそ、武士道だぜ,너참잘버텼다.다시봤어<6E5C>.네가가는그길이야말로무사도다.,너참잘버텼다.다시봤어<6E5C>.네가가는그길이야말로무사도다.
dom3ED_HaoUkyo.mes,Script/dom3ED_HaoUkyo.mes,10,12,주인공,……はぁ、それでここは,"……하아,그래서여긴","……하아,그래서여긴"
dom3ED_HaoUkyo.mes,Script/dom3ED_HaoUkyo.mes,11,31,UNKNOWN_75,今から船に乗るのよ!<6E5C>てめぇと俺とで、<6E5C>世界中を武者修行だ!,지금부터배를타는거다!<6E5C>너랑나랑<6E5C>온세상을무예수행하는거다!,지금부터배를타는거다!<6E5C>너랑나랑<6E5C>온세상을무예수행하는거다!
dom3ED_HaoUkyo.mes,Script/dom3ED_HaoUkyo.mes,12,5,주인공,えぇ~?,예에~?,예에~?
dom3ED_HaoUkyo.mes,Script/dom3ED_HaoUkyo.mes,13,4,[선택지],了承拒否,승낙\거부,승낙\거부
dom3ED_HaoUkyo.mes,Script/dom3ED_HaoUkyo.mes,14,25,주인공,い、いやです!<6E5C>そんなこと、ぜったいに御免ですっ,"시,싫습니다!<6E5C>그런건절대사양하겠습니다!","시,싫습니다!<6E5C>그런건절대사양하겠습니다!"
dom3ED_HaoUkyo.mes,Script/dom3ED_HaoUkyo.mes,15,8,UNKNOWN_75,ああ、おいっ!,"어이, 잠깐!","어이, 잠깐!"
dom3ED_HaoUkyo.mes,Script/dom3ED_HaoUkyo.mes,16,3,[효과음/내레이션],ダッ,휙!,휙!
dom3ED_HaoUkyo.mes,Script/dom3ED_HaoUkyo.mes,17,21,주인공,あれ?<6E5C>どうして俺はこんなところに……?,어라?<6E5C>어째서 내가 이런 곳에……?,어라?<6E5C>어째서 내가 이런 곳에……?
dom3ED_HaoUkyo.mes,Script/dom3ED_HaoUkyo.mes,18,27,Ukyo,<이름:3232>殿……そなたはよく<6E5C>頑張った……もう、十分だ……,<이름:3232>공……그대는참으로<6E5C>잘버텼네……이제충분하네……,<이름:3232>공……그대는참으로<6E5C>잘버텼네……이제충분하네……
dom3ED_HaoUkyo.mes,Script/dom3ED_HaoUkyo.mes,19,13,주인공,そんな!俺はまだまだ……,그런! 전 아직……,그런! 전 아직……
dom3ED_HaoUkyo.mes,Script/dom3ED_HaoUkyo.mes,20,11,Ukyo,これを、そなたに……,"이것을,그대에게……","이것을,그대에게……"
dom3ED_HaoUkyo.mes,Script/dom3ED_HaoUkyo.mes,21,3,[효과음/내레이션],サッ,스윽,스윽
dom3ED_HaoUkyo.mes,Script/dom3ED_HaoUkyo.mes,22,13,주인공,え、花?なんと美しい花だ,"어,꽃?참예쁜꽃이구나.","어,꽃?참예쁜꽃이구나."
dom3ED_HaoUkyo.mes,Script/dom3ED_HaoUkyo.mes,23,12,Ukyo,これは……究極の華……,이것은……궁극의꽃……,이것은……궁극의꽃……
dom3ED_HaoUkyo.mes,Script/dom3ED_HaoUkyo.mes,24,6,주인공,究極の華?,궁극의꽃?,궁극의꽃?
dom3ED_HaoUkyo.mes,Script/dom3ED_HaoUkyo.mes,25,24,Ukyo,そなたには……女性より、<6E5C>その華が、似合う……,"그대에게는……여인보다<6E5C>그꽃이,어울리네……","그대에게는……여인보다<6E5C>그꽃이,어울리네……"
dom3ED_HaoUkyo.mes,Script/dom3ED_HaoUkyo.mes,26,4,[선택지],了承拒否,승낙\거부,승낙\거부
dom3ED_HaoUkyo.mes,Script/dom3ED_HaoUkyo.mes,27,21,주인공,いやです!<6E5C>俺は花などでは満足しないっ!,싫습니다!<6E5C>전꽃따위로는만족못합니다!,싫습니다!<6E5C>전꽃따위로는만족못합니다!
dom3ED_HaoUkyo.mes,Script/dom3ED_HaoUkyo.mes,28,9,Ukyo,う……<이름:3232>殿……,으……<이름:3232>공……,으……<이름:3232>공……
dom3ED_HaoUkyo.mes,Script/dom3ED_HaoUkyo.mes,29,52,UNKNOWN_75,強いヤツが現れるのは<6E5C>うれしぃねぇ<485C>ゾクゾクするぜ.<6E5C>どうせなら、もっともっと強くして<6E5C>やらねぇとな!,"강한놈이나타나는건<6E5C>반갑구먼<485C>몸이다짜릿해지는구먼.<6E5C>이왕이면더,더강하게<6E5C>만들어줘야겠어!","강한놈이나타나는건<6E5C>반갑구먼<485C>몸이다짜릿해지는구먼.<6E5C>이왕이면더,더강하게<6E5C>만들어줘야겠어!"
dom3ED_HaoUkyo.mes,Script/dom3ED_HaoUkyo.mes,30,26,주인공,ちょ、ちょっと!<6E5C>俺にはその、やり残したことが……,"자,잠깐만요!<6E5C>저는그,아직해야할일이……","자,잠깐만요!<6E5C>저는그,아직해야할일이……"
dom3ED_HaoUkyo.mes,Script/dom3ED_HaoUkyo.mes,31,24,UNKNOWN_75,ほら、出発の時間だ!<6E5C>日本にしばしさよならだ!,"자,출발할시간이다!<6E5C>일본과는잠시작별이다!","자,출발할시간이다!<6E5C>일본과는잠시작별이다!"
dom3ED_HaoUkyo.mes,Script/dom3ED_HaoUkyo.mes,32,14,주인공,な、なんでこんなことに……,"어, 어쩌다 이렇게……","어, 어쩌다 이렇게……"
dom3ED_HaoUkyo.mes,Script/dom3ED_HaoUkyo.mes,33,26,UNKNOWN_75,ガハハ<6E5C><이름:3232>、強くなるならとことん<6E5C>高みを目指せ!,"가하하<6E5C><이름:3232>,강해지려면끝까지<6E5C>정상을노려라!","가하하<6E5C><이름:3232>,강해지려면끝까지<6E5C>정상을노려라!"
dom3ED_HaoUkyo.mes,Script/dom3ED_HaoUkyo.mes,34,34,UNKNOWN_75,日本一じゃねぇ、世界一!<6E5C>いや、目指す高みは天下一だ!<6E5C>ハハハハ!,"일본제일이아니라세계제일!<6E5C>아니,노릴건천하제일이다!<6E5C>하하하하!","일본제일이아니라세계제일!<6E5C>아니,노릴건천하제일이다!<6E5C>하하하하!"
dom3ED_HaoUkyo.mes,Script/dom3ED_HaoUkyo.mes,35,10,주인공,ムチャクチャな……,말도 안 돼……,말도 안 돼……
dom3ED_HaoUkyo.mes,Script/dom3ED_HaoUkyo.mes,36,36,주인공,(こ、これが俺の夏……<6E5C>俺の武士道…….<6E5C>日本が、遠くなってゆく……),"(이,이것이내여름……<6E5C>내무사도라니…….<6E5C>일본이,멀어져간다……)","(이,이것이내여름……<6E5C>내무사도라니…….<6E5C>일본이,멀어져간다……)"
dom3ED_HaoUkyo.mes,Script/dom3ED_HaoUkyo.mes,37,31,주인공,(……せめて、死ぬ前にひと目、<6E5C>母さんの顔を見たかった……),(……적어도죽기전에한번만<6E5C>어머니얼굴을보고싶었는데……),(……적어도죽기전에한번만<6E5C>어머니얼굴을보고싶었는데……)
dom3ED_HaoUkyo.mes,Script/dom3ED_HaoUkyo.mes,38,6,[효과음/내레이션],……ふわっ,……두둥실,……두둥실
dom3ED_HaoUkyo.mes,Script/dom3ED_HaoUkyo.mes,39,36,주인공,(……なんとよいかおり.<6E5C>これは、母さんの好きだった花の<6E5C>かおり……),"(……참으로좋은향기다.<6E5C>이건,어머니가좋아하시던꽃의<6E5C>향기……)","(……참으로좋은향기다.<6E5C>이건,어머니가좋아하시던꽃의<6E5C>향기……)"
dom3ED_HaoUkyo.mes,Script/dom3ED_HaoUkyo.mes,40,6,UNKNOWN_1e,<이름:3232>殿……,<이름:3232>공……,<이름:3232>공……
dom3ED_HaoUkyo.mes,Script/dom3ED_HaoUkyo.mes,41,3,주인공,え?,어?,어?
dom3ED_HaoUkyo.mes,Script/dom3ED_HaoUkyo.mes,42,11,주인공,あれ……ここは……?,어라…… 여긴……?,어라…… 여긴……?
dom3ED_HaoUkyo.mes,Script/dom3ED_HaoUkyo.mes,43,21,Ukyo,拙者の寺子屋…….<6E5C>動いては、いかん……,졸자의서당일세…….<6E5C>움직이면안되네……,졸자의서당일세…….<6E5C>움직이면안되네……
dom3ED_HaoUkyo.mes,Script/dom3ED_HaoUkyo.mes,44,22,주인공,いてて……じゃ、この手当ては、<6E5C>右京さんが,아야야……그럼이치료는<6E5C>우쿄님이……,아야야……그럼이치료는<6E5C>우쿄님이……
dom3ED_HaoUkyo.mes,Script/dom3ED_HaoUkyo.mes,45,27,Ukyo,<이름:3232>殿……そなたはよく<6E5C>頑張った……もう、十分だ……,<이름:3232>공……그대는참으로<6E5C>잘버텼네……이제충분하네……,<이름:3232>공……그대는참으로<6E5C>잘버텼네……이제충분하네……
dom3ED_HaoUkyo.mes,Script/dom3ED_HaoUkyo.mes,46,16,주인공,そんな!俺はまだまだ……いてて,그런! 전 아직…… 아야야,그런! 전 아직…… 아야야
dom3ED_HaoUkyo.mes,Script/dom3ED_HaoUkyo.mes,47,11,Ukyo,これを、そなたに……,"이것을,그대에게……","이것을,그대에게……"
dom3ED_HaoUkyo.mes,Script/dom3ED_HaoUkyo.mes,48,3,[효과음/내레이션],サッ,스윽,스윽
dom3ED_HaoUkyo.mes,Script/dom3ED_HaoUkyo.mes,49,13,주인공,え、花?なんと美しい花だ,"어,꽃?참예쁜꽃이구나.","어,꽃?참예쁜꽃이구나."
dom3ED_HaoUkyo.mes,Script/dom3ED_HaoUkyo.mes,50,12,Ukyo,これは……究極の華……,이것은……궁극의꽃……,이것은……궁극의꽃……
dom3ED_HaoUkyo.mes,Script/dom3ED_HaoUkyo.mes,51,6,주인공,究極の華?,궁극의꽃?,궁극의꽃?
dom3ED_HaoUkyo.mes,Script/dom3ED_HaoUkyo.mes,52,24,Ukyo,そなたには……女性より、<6E5C>その華が、似合う……,"그대에게는……여인보다<6E5C>그꽃이,어울리네……","그대에게는……여인보다<6E5C>그꽃이,어울리네……"
dom3ED_HaoUkyo.mes,Script/dom3ED_HaoUkyo.mes,53,4,[선택지],了承拒否,승낙\거부,승낙\거부
dom3ED_HaoUkyo.mes,Script/dom3ED_HaoUkyo.mes,54,21,주인공,いやです!<6E5C>俺は花などでは満足しないっ!,싫습니다!<6E5C>전꽃따위로는만족못합니다!,싫습니다!<6E5C>전꽃따위로는만족못합니다!
dom3ED_HaoUkyo.mes,Script/dom3ED_HaoUkyo.mes,55,9,Ukyo,う……<이름:3232>殿……,으……<이름:3232>공……,으……<이름:3232>공……
dom3ED_HaoUkyo.mes,Script/dom3ED_HaoUkyo.mes,56,3,[효과음/내레이션],ダッ,휙!,휙!
dom3ED_HaoUkyo.mes,Script/dom3ED_HaoUkyo.mes,57,21,주인공,あれ?どうして俺はこんな<6E5C>ところに……?,어라? 어째서 내가 이런<6E5C>곳에……?,어라? 어째서 내가 이런<6E5C>곳에……?
dom3ED_HaoUkyo.mes,Script/dom3ED_HaoUkyo.mes,58,34,UNKNOWN_75,てめぇはよく頑張ったよ.見直した<6E5C>.てめぇの進む道こそ、武士道だぜ,너참잘버텼다.다시봤어<6E5C>.네가가는그길이야말로무사도다.,너참잘버텼다.다시봤어<6E5C>.네가가는그길이야말로무사도다.
dom3ED_HaoUkyo.mes,Script/dom3ED_HaoUkyo.mes,59,12,주인공,……はぁ、それでここは,"……하아,그래서여긴","……하아,그래서여긴"
dom3ED_HaoUkyo.mes,Script/dom3ED_HaoUkyo.mes,60,30,UNKNOWN_75,今から船に乗るのよ!てめぇと<6E5C>俺とで、世界中を武者修行だ!,지금부터배를타는거다!너랑<6E5C>나랑온세상을무예수행하는거다!,지금부터배를타는거다!너랑<6E5C>나랑온세상을무예수행하는거다!
dom3ED_HaoUkyo.mes,Script/dom3ED_HaoUkyo.mes,61,5,주인공,えぇ~?,예에~?,예에~?
dom3ED_HaoUkyo.mes,Script/dom3ED_HaoUkyo.mes,62,4,[선택지],了承拒否,승낙\거부,승낙\거부
dom3ED_HaoUkyo.mes,Script/dom3ED_HaoUkyo.mes,63,25,주인공,い、いやです!そんなこと、<6E5C>ぜったいに御免ですっ,"시,싫습니다!그런건<6E5C>절대사양하겠습니다!","시,싫습니다!그런건<6E5C>절대사양하겠습니다!"
dom3ED_HaoUkyo.mes,Script/dom3ED_HaoUkyo.mes,64,8,UNKNOWN_75,ああ、おいっ!,"어이, 잠깐!","어이, 잠깐!"
dom3ED_HaoUkyo.mes,Script/dom3ED_HaoUkyo.mes,65,24,주인공,女性より花……って、<6E5C>慰めてくれてるんですか?,여인보다꽃이라니……<6E5C>절위로해주시는겁니까?,여인보다꽃이라니……<6E5C>절위로해주시는겁니까?
dom3ED_HaoUkyo.mes,Script/dom3ED_HaoUkyo.mes,66,28,Ukyo,恋の痛手はじきに癒える…….<6E5C>華は、そなたを裏切らぬ……,"사랑의상처는곧아무네…….<6E5C>꽃은,그대를배신하지않네……","사랑의상처는곧아무네…….<6E5C>꽃은,그대를배신하지않네……"
dom3ED_HaoUkyo.mes,Script/dom3ED_HaoUkyo.mes,67,3,Ukyo,ゴホ、,"콜록,","콜록,"
dom3ED_HaoUkyo.mes,Script/dom3ED_HaoUkyo.mes,68,4,Ukyo,ゴホッ、,"콜록,","콜록,"
dom3ED_HaoUkyo.mes,Script/dom3ED_HaoUkyo.mes,69,6,Ukyo,ガハァッ!,커헉!,커헉!
dom3ED_HaoUkyo.mes,Script/dom3ED_HaoUkyo.mes,70,6,주인공,右京さん!,우쿄 님!,우쿄 님!
dom3ED_HaoUkyo.mes,Script/dom3ED_HaoUkyo.mes,71,19,주인공,(右京さん、命がけでこれを……!<6E5C>),"(우쿄님,목숨을걸고이걸……!<6E5C>)","(우쿄님,목숨을걸고이걸……!<6E5C>)"
dom3ED_HaoUkyo.mes,Script/dom3ED_HaoUkyo.mes,72,37,주인공,(かたじけない!<6E5C>こうなったら一から出直しだ.<6E5C>あきらめたりしないぞ!),(고맙습니다!<6E5C>이렇게된이상처음부터다시시작이다.<6E5C>포기하지않겠어!),(고맙습니다!<6E5C>이렇게된이상처음부터다시시작이다.<6E5C>포기하지않겠어!)
dom3ED_HaoUkyo.mes,Script/dom3ED_HaoUkyo.mes,73,20,UNKNOWN_6d,お疲れ様!<6E5C>少しは楽しんでくれたかな?,수고했어!<6E5C>조금은 즐거웠으려나?,수고했어!<6E5C>조금은 즐거웠으려나?
dom3ED_HaoUkyo.mes,Script/dom3ED_HaoUkyo.mes,74,12,UNKNOWN_6d,……あ!<6E5C>いっけない!,……아!<6E5C>큰일났다!,……아!<6E5C>큰일났다!
dom3ED_HaoUkyo.mes,Script/dom3ED_HaoUkyo.mes,75,6,[효과음/내레이션],ドロンッ!,펑!,펑!
dom3ED_HaoUkyo.mes,Script/dom3ED_HaoUkyo.mes,76,44,Shino,こんぷりーと、おめでとう!<6E5C>今度むささび屋に来たら、善哉<6E5C>いっぱい食べさせてあげるね!,"완료, 축하해!<6E5C>다음에 무사사비야에 오면 단팥죽<6E5C>잔뜩 먹여줄게!","완료, 축하해!<6E5C>다음에 무사사비야에 오면 단팥죽<6E5C>잔뜩 먹여줄게!"
dom3ED_HaoUkyo.mes,Script/dom3ED_HaoUkyo.mes,77,5,Shino,せーのっ,하나둘!,하나둘!
dom3ED_HaoUkyo.mes,Script/dom3ED_HaoUkyo.mes,78,22,UNKNOWN_1d,わたしたちをみつけてくれて、<6E5C>ありがとう!,우릴 찾아줘서<6E5C>고마워!,우릴 찾아줘서<6E5C>고마워!
dom3ED_HaoUkyo.mes,Script/dom3ED_HaoUkyo.mes,79,3,[효과음/내레이션],ダッ,휙!,휙!
dom3ED_HaoUkyo.mes,Script/dom3ED_HaoUkyo.mes,80,5,주인공,(……),(……),(……)
dom3ED_HaoUkyo.mes,Script/dom3ED_HaoUkyo.mes,81,48,주인공,(このような不甲斐ない結果を導い<6E5C>たのは、すべて未熟な己の責!<6E5C>他人のほどこしはもう受けぬ!),(이런한심한결과를초래한건<6E5C>모두미숙한나자신의잘못!<6E5C>이제남의도움따위받지않겠다!),(이런한심한결과를초래한건<6E5C>모두미숙한나자신의잘못!<6E5C>이제남의도움따위받지않겠다!)
dom3ED_HaoUkyo.mes,Script/dom3ED_HaoUkyo.mes,82,23,주인공,(己の身の処し方は……<6E5C>心得ているつもりだ),(내몸을어찌해야할지는……<6E5C>익히아는셈이다),(내몸을어찌해야할지는……<6E5C>익히아는셈이다)
dom3ED_HaoUkyo.mes,Script/dom3ED_HaoUkyo.mes,83,5,[효과음/내레이션],チャキッ,챙!,챙!
dom3ED_HaoUkyo.mes,Script/dom3ED_HaoUkyo.mes,84,18,[효과음/내레이션],武士道トハ 死ヌコトト見ツケタリ<6E5C>寺,무사도란죽는것이라깨달았노라<6E5C>,무사도란죽는것이라깨달았노라<6E5C>
dom3ED_HaoUkyo.mes,Script/dom3ED_HaoUkyo.mes,85,18,[효과음/내레이션],修羅道トハ 倒スコトト見ツケタリ<6E5C>寺,수라도란쓰러뜨리는것이라깨달았노라<6E5C>,수라도란쓰러뜨리는것이라깨달았노라<6E5C>
dom3ED_HaoUkyo.mes,Script/dom3ED_HaoUkyo.mes,86,12,[효과음/내레이션],我、悪鬼羅刹トナリテ<6E5C>寺,나는 악귀나찰이 되어<6E5C>,나는 악귀나찰이 되어<6E5C>
dom3ED_HaoUkyo.mes,Script/dom3ED_HaoUkyo.mes,87,10,[효과음/내레이션],コノ未熟ナ己ヲ……寺,이미숙한나자신을……,이미숙한나자신을……
dom3ED_HaoUkyo.mes,Script/dom3ED_HaoUkyo.mes,88,4,[효과음/내레이션],斬ル!,벤다!,벤다!
dom3ED_HaoUkyo.mes,Script/dom3ED_HaoUkyo.mes,89,6,[효과음/내레이션],ぐさぁっ!,푹!,푹!
dom3ED_HaoUkyo.mes,Script/dom3ED_HaoUkyo.mes,90,6,주인공,ぐ、う……,"크,윽……","크,윽……"
dom3ED_HaoUkyo.mes,Script/dom3ED_HaoUkyo.mes,91,19,주인공,(父さん、母さん……すまない……<6E5C>),"(아버지,어머니……미안하다……<6E5C>)","(아버지,어머니……미안하다……<6E5C>)"
dom3ED_HaoUkyo.mes,Script/dom3ED_HaoUkyo.mes,92,5,[효과음/내레이션],バタリッ,쿵!,쿵!
dom3ED_HaoUkyo.mes,Script/dom3ED_HaoUkyo.mes,93,10,UNKNOWN_12,<00B4>……泣かせるのぅ,<00B4>……눈물나게하네,<00B4>……눈물나게하네
dom3ED_Haomaru.mes,Script/dom3ED_Haomaru.mes,0,30,주인공,(……せめて、死ぬ前に父さんに<6E5C>会って、謝りたかった……),(……죽기 전에 아버지 뵙고<6E5C>사죄하고 싶었는데……),(……죽기 전에 아버지 뵙고<6E5C>사죄하고 싶었는데……)
dom3ED_Haomaru.mes,Script/dom3ED_Haomaru.mes,1,6,[효과음/내레이션],……ふわっ,……두둥실,……두둥실
dom3ED_Haomaru.mes,Script/dom3ED_Haomaru.mes,2,28,주인공,(……あたたかい.この背中は、<6E5C>父さんの背中か……?),(……따뜻해. 이 등은<6E5C>아버지의 등인가……?),(……따뜻해. 이 등은<6E5C>아버지의 등인가……?)
dom3ED_Haomaru.mes,Script/dom3ED_Haomaru.mes,3,24,UNKNOWN_1e,おいおい、そんなにしがみつくなよ<6E5C>.苦しいだろ,"이봐, 그렇게 꽉 매달리지마라<6E5C>.힘들잖아.","이봐, 그렇게 꽉 매달리지마라<6E5C>.힘들잖아."
dom3ED_Haomaru.mes,Script/dom3ED_Haomaru.mes,4,3,주인공,え?,어?,어?
dom3ED_Haomaru.mes,Script/dom3ED_Haomaru.mes,5,4,[효과음/내레이션],ドサッ,쿵!,쿵!
dom3ED_Haomaru.mes,Script/dom3ED_Haomaru.mes,6,13,주인공,いて!え……ここは……?,아야! 어……여긴……?,아야! 어……여긴……?
dom3ED_Haomaru.mes,Script/dom3ED_Haomaru.mes,7,31,UNKNOWN_75,気づいたか.<6E5C>よく無事だったなぁ、おめぇ.<6E5C>丈夫な体してるぜ,"정신이 드나.<6E5C>용케 무사했군,너.<6E5C>몸뚱이는 튼튼하구먼.","정신이 드나.<6E5C>용케 무사했군,너.<6E5C>몸뚱이는 튼튼하구먼."
dom3ED_Haomaru.mes,Script/dom3ED_Haomaru.mes,8,22,주인공,覇王丸さん!?<6E5C>ここはいったい……俺は……,하오마루 님!?<6E5C>여긴 대체……전……,하오마루 님!?<6E5C>여긴 대체……전……
dom3ED_Haomaru.mes,Script/dom3ED_Haomaru.mes,9,34,UNKNOWN_75,てめぇはよく頑張ったよ.見直した<6E5C>.てめぇの進む道こそ、武士道だぜ,너 참 잘 버텼다.다시봤어<6E5C>.네가 가는 길이야말로 무사도다.,너 참 잘 버텼다.다시봤어<6E5C>.네가 가는 길이야말로 무사도다.
dom3ED_Haomaru.mes,Script/dom3ED_Haomaru.mes,10,12,주인공,……はぁ、それでここは,"……하아,그래서 여긴","……하아,그래서 여긴"
dom3ED_Haomaru.mes,Script/dom3ED_Haomaru.mes,11,31,UNKNOWN_75,今から船に乗るのよ!<6E5C>てめぇと俺とで、<6E5C>世界中を武者修行だ!,지금부터 배타는거다!<6E5C>너랑나랑둘이서<6E5C>온세상무예수행이다!,지금부터 배타는거다!<6E5C>너랑나랑둘이서<6E5C>온세상무예수행이다!
dom3ED_Haomaru.mes,Script/dom3ED_Haomaru.mes,12,5,주인공,えぇ~?,예에~?,예에~?
dom3ED_Haomaru.mes,Script/dom3ED_Haomaru.mes,13,52,UNKNOWN_75,強いヤツが現れるのは<6E5C>うれしぃねぇ<485C>ゾクゾクするぜ.<6E5C>どうせなら、もっともっと強くして<6E5C>やらねぇとな!,"강한 놈이 나타나는건<6E5C>반갑구먼<485C>몸이 짜릿해지는구먼.<6E5C>이왕이면 더,더 강하게<6E5C>만들어줘야겠어!","강한 놈이 나타나는건<6E5C>반갑구먼<485C>몸이 짜릿해지는구먼.<6E5C>이왕이면 더,더 강하게<6E5C>만들어줘야겠어!"
dom3ED_Haomaru.mes,Script/dom3ED_Haomaru.mes,14,26,주인공,ちょ、ちょっと!<6E5C>俺にはその、やり残したことが……,"자, 잠깐만요!<6E5C>저는 그, 아직 할 일이……","자, 잠깐만요!<6E5C>저는 그, 아직 할 일이……"
dom3ED_Haomaru.mes,Script/dom3ED_Haomaru.mes,15,24,UNKNOWN_75,ほら、出発の時間だ!<6E5C>日本にしばしさよならだ!,"자,출발할시간이다!<6E5C>일본과는잠시 작별이다!","자,출발할시간이다!<6E5C>일본과는잠시 작별이다!"
dom3ED_Haomaru.mes,Script/dom3ED_Haomaru.mes,16,14,주인공,な、なんでこんなことに……,"어, 어쩌다 이렇게……","어, 어쩌다 이렇게……"
dom3ED_Haomaru.mes,Script/dom3ED_Haomaru.mes,17,26,UNKNOWN_75,ガハハ<6E5C><이름:3232>、強くなるならとことん<6E5C>高みを目指せ!,"가하하<6E5C><이름:3232>,강해지려면 끝까지<6E5C>정상을 노려라!","가하하<6E5C><이름:3232>,강해지려면 끝까지<6E5C>정상을 노려라!"
dom3ED_Haomaru.mes,Script/dom3ED_Haomaru.mes,18,34,UNKNOWN_75,日本一じゃねぇ、世界一!<6E5C>いや、目指す高みは天下一だ!<6E5C>ハハハハ!,일본제일이 아니라 세계제일!<6E5C>목표는 천하제일이다!<6E5C>하하하하!,일본제일이 아니라 세계제일!<6E5C>목표는 천하제일이다!<6E5C>하하하하!
dom3ED_Haomaru.mes,Script/dom3ED_Haomaru.mes,19,10,주인공,ムチャクチャな……,말도 안 돼……,말도 안 돼……
dom3ED_Haomaru.mes,Script/dom3ED_Haomaru.mes,20,36,주인공,(こ、これが俺の夏……<6E5C>俺の武士道…….<6E5C>日本が、遠くなってゆく……),(이게내 여름……<6E5C>내 무사도라니…….<6E5C>일본이점점 멀어져간다……),(이게내 여름……<6E5C>내 무사도라니…….<6E5C>일본이점점 멀어져간다……)
dom3ED_Haomaru.mes,Script/dom3ED_Haomaru.mes,21,20,UNKNOWN_6d,お疲れ様!<6E5C>少しは楽しんでくれたかな?,수고했어!<6E5C>조금은 즐거웠으려나?,수고했어!<6E5C>조금은 즐거웠으려나?
dom3ED_Haomaru.mes,Script/dom3ED_Haomaru.mes,22,12,UNKNOWN_6d,……あ!<6E5C>いっけない!,……아!<6E5C>큰일났다!,……아!<6E5C>큰일났다!
dom3ED_Haomaru.mes,Script/dom3ED_Haomaru.mes,23,6,[효과음/내레이션],ドロンッ!,펑!,펑!
dom3ED_Haomaru.mes,Script/dom3ED_Haomaru.mes,24,44,Shino,こんぷりーと、おめでとう!<6E5C>今度むささび屋に来たら、善哉<6E5C>いっぱい食べさせてあげるね!,"완료, 축하해!<6E5C>다음에 무사사비야에 오면 단팥죽<6E5C>잔뜩 먹여줄게!","완료, 축하해!<6E5C>다음에 무사사비야에 오면 단팥죽<6E5C>잔뜩 먹여줄게!"
dom3ED_Haomaru.mes,Script/dom3ED_Haomaru.mes,25,5,Shino,せーのっ,하나둘!,하나둘!
dom3ED_Haomaru.mes,Script/dom3ED_Haomaru.mes,26,22,UNKNOWN_1d,わたしたちをみつけてくれて、<6E5C>ありがとう!,우릴 찾아줘서<6E5C>고마워!,우릴 찾아줘서<6E5C>고마워!
dom3ED_Jiketu.mes,Script/dom3ED_Jiketu.mes,0,3,[효과음/내레이션],ダッ,휙!,휙!
dom3ED_Jiketu.mes,Script/dom3ED_Jiketu.mes,1,5,주인공,(……),(……),(……)
dom3ED_Jiketu.mes,Script/dom3ED_Jiketu.mes,2,48,주인공,(このような不甲斐ない結果を導い<6E5C>たのは、すべて未熟な己の責!<6E5C>他人のほどこしはもう受けぬ!),(이런한심한결과를초래한건<6E5C>모두미숙한내탓!<6E5C>이제남의도움따윈받지않겠다!),(이런한심한결과를초래한건<6E5C>모두미숙한내탓!<6E5C>이제남의도움따윈받지않겠다!)
dom3ED_Jiketu.mes,Script/dom3ED_Jiketu.mes,3,23,주인공,(己の身の処し方は……<6E5C>心得ているつもりだ),(내몸을어찌할지는……<6E5C>익히알고있다),(내몸을어찌할지는……<6E5C>익히알고있다)
dom3ED_Jiketu.mes,Script/dom3ED_Jiketu.mes,4,5,[효과음/내레이션],チャキッ,챙!,챙!
dom3ED_Jiketu.mes,Script/dom3ED_Jiketu.mes,5,18,[효과음/내레이션],武士道トハ 死ヌコトト見ツケタリ<6E5C>寺,무사도는곧죽음이라깨달았노라<6E5C>,무사도는곧죽음이라깨달았노라<6E5C>
dom3ED_Jiketu.mes,Script/dom3ED_Jiketu.mes,6,18,[효과음/내레이션],修羅道トハ 倒スコトト見ツケタリ<6E5C>寺,수라도는곧타도라깨달았노라<6E5C>,수라도는곧타도라깨달았노라<6E5C>
dom3ED_Jiketu.mes,Script/dom3ED_Jiketu.mes,7,12,[효과음/내레이션],我、悪鬼羅刹トナリテ<6E5C>寺,나는 악귀나찰이 되어<6E5C>,나는 악귀나찰이 되어<6E5C>
dom3ED_Jiketu.mes,Script/dom3ED_Jiketu.mes,8,10,[효과음/내레이션],コノ未熟ナ己ヲ……寺,이미숙한나를……,이미숙한나를……
dom3ED_Jiketu.mes,Script/dom3ED_Jiketu.mes,9,4,[효과음/내레이션],斬ル!,벤다!,벤다!
dom3ED_Jiketu.mes,Script/dom3ED_Jiketu.mes,10,6,[효과음/내레이션],ぐさぁっ!,푹!,푹!
dom3ED_Jiketu.mes,Script/dom3ED_Jiketu.mes,11,6,주인공,ぐ、う……,크윽……,크윽……
dom3ED_Jiketu.mes,Script/dom3ED_Jiketu.mes,12,19,주인공,(父さん、母さん……すまない……<6E5C>),(아버지어머니……죄송합니다……<6E5C>),(아버지어머니……죄송합니다……<6E5C>)
dom3ED_Jiketu.mes,Script/dom3ED_Jiketu.mes,13,5,[효과음/내레이션],バタリッ,쿵!,쿵!
dom3ED_Jiketu.mes,Script/dom3ED_Jiketu.mes,14,10,UNKNOWN_12,<00B4>……泣かせるのぅ,<00B4>……눈물나는구나,<00B4>……눈물나는구나
dom3ED_Jiketu.mes,Script/dom3ED_Jiketu.mes,15,20,UNKNOWN_6d,お疲れ様!<6E5C>少しは楽しんでくれたかな?,수고했어!<6E5C>조금은 즐거웠으려나?,수고했어!<6E5C>조금은 즐거웠으려나?
dom3ED_Jiketu.mes,Script/dom3ED_Jiketu.mes,16,12,UNKNOWN_6d,……あ!<6E5C>いっけない!,……아!<6E5C>큰일났다!,……아!<6E5C>큰일났다!
dom3ED_Jiketu.mes,Script/dom3ED_Jiketu.mes,17,6,[효과음/내레이션],ドロンッ!,펑!,펑!
dom3ED_Jiketu.mes,Script/dom3ED_Jiketu.mes,18,44,Shino,こんぷりーと、おめでとう!<6E5C>今度むささび屋に来たら、善哉<6E5C>いっぱい食べさせてあげるね!,"완료, 축하해!<6E5C>다음에 무사사비야에 오면 단팥죽<6E5C>잔뜩 먹여줄게!","완료, 축하해!<6E5C>다음에 무사사비야에 오면 단팥죽<6E5C>잔뜩 먹여줄게!"
dom3ED_Jiketu.mes,Script/dom3ED_Jiketu.mes,19,5,Shino,せーのっ,하나둘!,하나둘!
dom3ED_Jiketu.mes,Script/dom3ED_Jiketu.mes,20,22,UNKNOWN_1d,わたしたちをみつけてくれて、<6E5C>ありがとう!,우릴 찾아줘서<6E5C>고마워!,우릴 찾아줘서<6E5C>고마워!
dom3ED_Kyoemon.mes,Script/dom3ED_Kyoemon.mes,0,17,주인공,今日も暑い.ここは実に暑い町だな,오늘도덥네.여긴정말더운동네야,오늘도덥네.여긴정말더운동네야
dom3ED_Kyoemon.mes,Script/dom3ED_Kyoemon.mes,1,4,[효과음/내레이션],ドンッ,쿵!,쿵!
dom3ED_Kyoemon.mes,Script/dom3ED_Kyoemon.mes,2,34,주인공,おっと、太陽がまぶしすぎて浮かれ<6E5C>てしまったか.どうもすいませ……,"아이쿠, 햇살이 너무 눈부셔서<6E5C>붕 떠버렸나. 정말 죄송……","아이쿠, 햇살이 너무 눈부셔서<6E5C>붕 떠버렸나. 정말 죄송……"
dom3ED_Kyoemon.mes,Script/dom3ED_Kyoemon.mes,3,15,UNKNOWN_77,俺の背中がまぶしいだと……?,내 등이 눈부시다고……?,내 등이 눈부시다고……?
dom3ED_Kyoemon.mes,Script/dom3ED_Kyoemon.mes,4,41,주인공,うわー!なんで俺は、町中で<6E5C>ぶつかるといえば幻十郎なんだ!<6E5C>これは運命なのか!?,으악!왜하필마을에서<6E5C>부딪히는사람이겐주로인거야!<6E5C>이것도운명인가!?,으악!왜하필마을에서<6E5C>부딪히는사람이겐주로인거야!<6E5C>이것도운명인가!?
dom3ED_Kyoemon.mes,Script/dom3ED_Kyoemon.mes,5,27,UNKNOWN_77,……そうだ.運命だ.<6E5C>貴様が俺に斬られるというな……,……그래.운명이다.<6E5C>네놈은나에게베인다……,……그래.운명이다.<6E5C>네놈은나에게베인다……
dom3ED_Kyoemon.mes,Script/dom3ED_Kyoemon.mes,6,10,주인공,お、おたすけーっ!,"사, 살려줘어어!","사, 살려줘어어!"
dom3ED_Kyoemon.mes,Script/dom3ED_Kyoemon.mes,7,6,[효과음/내레이션],ざくぅっ!,서걱!,서걱!
dom3ED_Kyoemon.mes,Script/dom3ED_Kyoemon.mes,8,10,주인공,ぐあぁぁぁっ……!,크아아아악……!,크아아아악……!
dom3ED_Kyoemon.mes,Script/dom3ED_Kyoemon.mes,9,33,주인공,……し、しかしへこたれないぞ.<6E5C>回復力だけは、人一倍なんだから!,"……하,하지만기죽지않아.<6E5C>회복력하나는남들보다갑절이니까!","……하,하지만기죽지않아.<6E5C>회복력하나는남들보다갑절이니까!"
dom3ED_Kyoemon.mes,Script/dom3ED_Kyoemon.mes,10,4,[효과음/내레이션],ドンッ,쿵!,쿵!
dom3ED_Kyoemon.mes,Script/dom3ED_Kyoemon.mes,11,2,주인공,え,어,어
dom3ED_Kyoemon.mes,Script/dom3ED_Kyoemon.mes,12,15,UNKNOWN_1e,我の道をふさぐか…….消えよ,내길을막느냐…….사라져라,내길을막느냐…….사라져라
dom3ED_Kyoemon.mes,Script/dom3ED_Kyoemon.mes,13,7,[효과음/내레이션],キーーーン!,채애앵!,채애앵!
dom3ED_Kyoemon.mes,Script/dom3ED_Kyoemon.mes,14,10,주인공,ぐわあああああっ!,크와아아아아악!,크와아아아아악!
dom3ED_Kyoemon.mes,Script/dom3ED_Kyoemon.mes,15,12,주인공,もぅ……駄目、だぁ……,이제……글렀어……,이제……글렀어……
dom3ED_Kyoemon.mes,Script/dom3ED_Kyoemon.mes,16,3,[효과음/내레이션],……,……,……
dom3ED_Kyoemon.mes,Script/dom3ED_Kyoemon.mes,17,16,주인공,(……ん?どこだ、ここは……),(……음?여기가어디지……),(……음?여기가어디지……)
dom3ED_Kyoemon.mes,Script/dom3ED_Kyoemon.mes,18,10,UNKNOWN_1e,ようやくお目覚めか,이제야 깼냐,이제야 깼냐
dom3ED_Kyoemon.mes,Script/dom3ED_Kyoemon.mes,19,14,주인공,え?ま、まさかこの声は……,"어?서,설마이목소리는……","어?서,설마이목소리는……"
dom3ED_Kyoemon.mes,Script/dom3ED_Kyoemon.mes,20,35,UNKNOWN_74,なさけねぇな.ったく、<6E5C>オレ様が通りかからなきゃ、<6E5C>どうなったことか,"한심하기는. 쳇,<6E5C>내가 지나가지 않았으면<6E5C>어떻게 됐을지 원","한심하기는. 쳇,<6E5C>내가 지나가지 않았으면<6E5C>어떻게 됐을지 원"
dom3ED_Kyoemon.mes,Script/dom3ED_Kyoemon.mes,21,21,주인공,狂エ門、お前が手当てを?<6E5C>信じられん……,"쿄에몬,네가치료를?<6E5C>믿기지않는군……","쿄에몬,네가치료를?<6E5C>믿기지않는군……"
dom3ED_Kyoemon.mes,Script/dom3ED_Kyoemon.mes,22,52,UNKNOWN_74,あ?人をバカにしてんのか?<485C>テメーは気に食わねぇが、のたれ<6E5C>死ぬとこを見殺しにするほど<6E5C>非道じゃねぇぜ,"아?사람을무시하는거냐?<485C>네놈이마음에안들긴해도,개죽음<6E5C>당하는걸못본척할만큼<6E5C>매정하진않다고","아?사람을무시하는거냐?<485C>네놈이마음에안들긴해도,개죽음<6E5C>당하는걸못본척할만큼<6E5C>매정하진않다고"
dom3ED_Kyoemon.mes,Script/dom3ED_Kyoemon.mes,23,20,주인공,つかぬことを閉くが……<6E5C>今日は何日だ?,뜬금없지만……<6E5C>오늘며칠이지?,뜬금없지만……<6E5C>오늘며칠이지?
dom3ED_Kyoemon.mes,Script/dom3ED_Kyoemon.mes,24,15,UNKNOWN_74,よく言うぜ、五日間も寝といて,"말은잘하네,닷새나자놓고서","말은잘하네,닷새나자놓고서"
dom3ED_Kyoemon.mes,Script/dom3ED_Kyoemon.mes,25,18,주인공,うあああ!<6E5C>俺の貴重な夏の日が……,으아아아!<6E5C>내소중한여름날이……,으아아아!<6E5C>내소중한여름날이……
dom3ED_Kyoemon.mes,Script/dom3ED_Kyoemon.mes,26,29,UNKNOWN_74,何言ってんだよ.そんなもん、<6E5C>いくらでも取り戻せるだろ!,"뭔 소리야. 그런 거,<6E5C>얼마든지 되찾으면 되잖아!","뭔 소리야. 그런 거,<6E5C>얼마든지 되찾으면 되잖아!"
dom3ED_Kyoemon.mes,Script/dom3ED_Kyoemon.mes,27,27,주인공,……こんなことになったのも、<6E5C>すべて俺の不甲斐なさ!,"……이렇게 된 것도,<6E5C>전부 내가 한심해서다!","……이렇게 된 것도,<6E5C>전부 내가 한심해서다!"
dom3ED_Kyoemon.mes,Script/dom3ED_Kyoemon.mes,28,24,UNKNOWN_74,おい、立ち上がるな.<6E5C>まだ動ける身体じゃねぇぞ,"야,일어나지마.<6E5C>아직움직일몸상태가아니라고","야,일어나지마.<6E5C>아직움직일몸상태가아니라고"
dom3ED_Kyoemon.mes,Script/dom3ED_Kyoemon.mes,29,7,주인공,修行だー!!,수행이다!!,수행이다!!
dom3ED_Kyoemon.mes,Script/dom3ED_Kyoemon.mes,30,6,UNKNOWN_74,おいっ!!,인마!!,인마!!
dom3ED_Kyoemon.mes,Script/dom3ED_Kyoemon.mes,31,23,주인공,はははは!<6E5C>もう全快だ、どこまででも走るぞ!,"하하하하!<6E5C>다나았다,끝까지달릴거야!","하하하하!<6E5C>다나았다,끝까지달릴거야!"
dom3ED_Kyoemon.mes,Script/dom3ED_Kyoemon.mes,32,14,UNKNOWN_74,待ちやがれ<이름:3232>!ハア、ハア,"기다려이자식아<이름:3232>!헉,헉","기다려이자식아<이름:3232>!헉,헉"
dom3ED_Kyoemon.mes,Script/dom3ED_Kyoemon.mes,33,22,주인공,どうした狂エ門ー!<6E5C>俺を捕まえてみろよー!,"왜 그래, 쿄에몬ー!<6E5C>날 잡아보라고ー!","왜 그래, 쿄에몬ー!<6E5C>날 잡아보라고ー!"
dom3ED_Kyoemon.mes,Script/dom3ED_Kyoemon.mes,34,9,UNKNOWN_74,テ、テメエーっ!,"이,이자식이이!","이,이자식이이!"
dom3ED_Kyoemon.mes,Script/dom3ED_Kyoemon.mes,35,9,주인공,ハア……ハア……,헉…… 헉……,헉…… 헉……
dom3ED_Kyoemon.mes,Script/dom3ED_Kyoemon.mes,36,16,UNKNOWN_74,ハア……ハア……待ちやがれー!,헉……헉……기다리라니까!,헉……헉……기다리라니까!
dom3ED_Kyoemon.mes,Script/dom3ED_Kyoemon.mes,37,24,주인공,はは、楽しいな!<6E5C>このままずっと走っていたい!,"하하, 재밌네!<6E5C>이대로 계속 달리고 싶어!","하하, 재밌네!<6E5C>이대로 계속 달리고 싶어!"
dom3ED_Kyoemon.mes,Script/dom3ED_Kyoemon.mes,38,22,UNKNOWN_74,ふ、ふざけやがって……!<6E5C>ハア……ハア……,"자, 장난하냐……!<6E5C>헉…… 헉……","자, 장난하냐……!<6E5C>헉…… 헉……"
dom3ED_Kyoemon.mes,Script/dom3ED_Kyoemon.mes,39,16,주인공,あの水平線の向こうまで競走だ!,저수평선너머까지시합이다!,저수평선너머까지시합이다!
dom3ED_Kyoemon.mes,Script/dom3ED_Kyoemon.mes,40,13,UNKNOWN_74,の……望むところだーっ!,"바, 바라던 바다ー!","바, 바라던 바다ー!"
dom3ED_Kyoemon.mes,Script/dom3ED_Kyoemon.mes,41,10,주인공,フフ……フフフ……,후후……후후후……,후후……후후후……
dom3ED_Kyoemon.mes,Script/dom3ED_Kyoemon.mes,42,10,UNKNOWN_74,ハハハ……ハハ……,하하하……하하……,하하하……하하……
dom3ED_Kyoemon.mes,Script/dom3ED_Kyoemon.mes,43,17,[효과음/내레이션],俺達の夏は、まだまだこれからだ!,"우리의여름은,아직이제부터다!","우리의여름은,아직이제부터다!"
dom3ED_Kyoemon.mes,Script/dom3ED_Kyoemon.mes,44,20,UNKNOWN_6d,お疲れ様!<6E5C>少しは楽しんでくれたかな?,수고했어!<6E5C>조금은 즐거웠으려나?,수고했어!<6E5C>조금은 즐거웠으려나?
dom3ED_Kyoemon.mes,Script/dom3ED_Kyoemon.mes,45,12,UNKNOWN_6d,……あ!<6E5C>いっけない!,아!<6E5C>큰일났다!,아!<6E5C>큰일났다!
dom3ED_Kyoemon.mes,Script/dom3ED_Kyoemon.mes,46,6,[효과음/내레이션],ドロンッ!,펑!,펑!
dom3ED_Kyoemon.mes,Script/dom3ED_Kyoemon.mes,47,44,Shino,こんぷりーと、おめでとう!<6E5C>今度むささび屋に来たら、善哉<6E5C>いっぱい食べさせてあげるね!,"컴플리트, 축하해!<6E5C>다음에 무사사비야에 오면, 단팥죽<6E5C>실컷 먹여줄게!","컴플리트, 축하해!<6E5C>다음에 무사사비야에 오면, 단팥죽<6E5C>실컷 먹여줄게!"
dom3ED_Kyoemon.mes,Script/dom3ED_Kyoemon.mes,48,5,Shino,せーのっ,하나둘!,하나둘!
dom3ED_Kyoemon.mes,Script/dom3ED_Kyoemon.mes,49,22,UNKNOWN_1d,わたしたちをみつけてくれて、<6E5C>ありがとう!,"우리를 찾아줘서,<6E5C>고마워!","우리를 찾아줘서,<6E5C>고마워!"
dom3ED_Rimururu.mes,Script/dom3ED_Rimururu.mes,0,6,[효과음/내레이션],そして――,그리고――,그리고――
dom3ED_Rimururu.mes,Script/dom3ED_Rimururu.mes,1,32,주인공,(俺は……何をやってるんだ.<6E5C>ナコルルの役にも立てないで……),(난 뭘 하는 거지.<6E5C>나코루루한테 도움도 못되고……),(난 뭘 하는 거지.<6E5C>나코루루한테 도움도 못되고……)
dom3ED_Rimururu.mes,Script/dom3ED_Rimururu.mes,2,5,UNKNOWN_1e,……兄様,오라버니,오라버니
dom3ED_Rimururu.mes,Script/dom3ED_Rimururu.mes,3,3,주인공,え?,어?,어?
dom3ED_Rimururu.mes,Script/dom3ED_Rimururu.mes,4,21,주인공,リ、リムルルじゃないか.<6E5C>どうしたんだ?,"리, 리무루루잖아.<6E5C>무슨 일이야?","리, 리무루루잖아.<6E5C>무슨 일이야?"
dom3ED_Rimururu.mes,Script/dom3ED_Rimururu.mes,5,28,UNKNOWN_7e,どうしたじゃないよ!<6E5C>ほんとに頼りにならないんだから!,무슨 일이냐니!<6E5C>정말 못 미더워 죽겠다니까!,무슨 일이냐니!<6E5C>정말 못 미더워 죽겠다니까!
dom3ED_Rimururu.mes,Script/dom3ED_Rimururu.mes,6,9,주인공,どういう意味だよ,무슨 소리야,무슨 소리야
dom3ED_Rimururu.mes,Script/dom3ED_Rimururu.mes,7,23,UNKNOWN_7e,もう<이름:3232>兄様に姉様は<6E5C>任せられないってこと!,<이름:3232>오라버니한텐 언니를<6E5C>못맡긴단 거야!,<이름:3232>오라버니한텐 언니를<6E5C>못맡긴단 거야!
dom3ED_Rimururu.mes,Script/dom3ED_Rimururu.mes,8,30,주인공,ちょっと待ってくれ、俺にはまだ<6E5C>やり残したことがあるんだ!,"잠깐만 기다려봐, 나 아직<6E5C>못다한 일이 있단 말이야!","잠깐만 기다려봐, 나 아직<6E5C>못다한 일이 있단 말이야!"
dom3ED_Rimururu.mes,Script/dom3ED_Rimururu.mes,9,36,UNKNOWN_7e,それはあたしが姉様とふたりで<6E5C>なんとかするから、<이름:3232>兄様は<6E5C>もういいよ,"그건 언니랑 둘이서<6E5C>어떻게든 할 테니, <이름:3232>오라버니는<6E5C>이제 됐어","그건 언니랑 둘이서<6E5C>어떻게든 할 테니, <이름:3232>오라버니는<6E5C>이제 됐어"
dom3ED_Rimururu.mes,Script/dom3ED_Rimururu.mes,10,6,주인공,もういい?,됐다고?,됐다고?
dom3ED_Rimururu.mes,Script/dom3ED_Rimururu.mes,11,17,UNKNOWN_7e,うん.もう姉様に近づかないでね!,이제 언니한테 다가가지마!,이제 언니한테 다가가지마!
dom3ED_Rimururu.mes,Script/dom3ED_Rimururu.mes,12,14,주인공,ガーン!<6E5C>寺そ、そんな……,"쿠앙!<6E5C>그,그럴 수가……","쿠앙!<6E5C>그,그럴 수가……"
dom3ED_Rimururu.mes,Script/dom3ED_Rimururu.mes,13,27,UNKNOWN_7e,あ~あ、<이름:3232>兄様ならって<6E5C>思ってたのになぁ.残念だよ,"아~진짜,<이름:3232>오라버니면 괜찮을줄<6E5C>알았는데.아쉽다","아~진짜,<이름:3232>오라버니면 괜찮을줄<6E5C>알았는데.아쉽다"
dom3ED_Rimururu.mes,Script/dom3ED_Rimururu.mes,14,15,주인공,も、もう一度だけ機会を……!,"하,한번만 더 기회를……!","하,한번만 더 기회를……!"
dom3ED_Rimururu.mes,Script/dom3ED_Rimururu.mes,15,56,UNKNOWN_7e,ダーメ!今回のことが終わったら、<6E5C>あたしたちはふたりで<6E5C>カムイコタンへ帰るんだから<485C>付いてこないでね、<이름:3232>兄様,"안 돼애! 이번 일이 끝나면,<6E5C>우리는 둘이서<6E5C>카무이코탄으로 돌아갈 거니까<485C>따라오지 마, <이름:3232>오라버니","안 돼애! 이번 일이 끝나면,<6E5C>우리는 둘이서<6E5C>카무이코탄으로 돌아갈 거니까<485C>따라오지 마, <이름:3232>오라버니"
dom3ED_Rimururu.mes,Script/dom3ED_Rimururu.mes,16,20,주인공,ナ、ナコルルは?<6E5C>なんて言ってるんだ?,"나, 나코루루는?<6E5C>뭐라고 하는데?","나, 나코루루는?<6E5C>뭐라고 하는데?"
dom3ED_Rimururu.mes,Script/dom3ED_Rimururu.mes,17,22,UNKNOWN_7e,<이름:3232>兄様になんか、<6E5C>二度と会いたくないって,"<이름:3232>오라버니같은건,<6E5C>다신 만나기 싫대","<이름:3232>오라버니같은건,<6E5C>다신 만나기 싫대"
dom3ED_Rimururu.mes,Script/dom3ED_Rimururu.mes,18,14,주인공,ガーン!<6E5C>寺そ、そんな……,"쿠앙!<6E5C>그,그럴 수가……","쿠앙!<6E5C>그,그럴 수가……"
dom3ED_Rimururu.mes,Script/dom3ED_Rimururu.mes,19,12,UNKNOWN_7e,っていうのはウソだけど,라는 건 거짓말이지만,라는 건 거짓말이지만
dom3ED_Rimururu.mes,Script/dom3ED_Rimururu.mes,20,6,주인공,ウソかよ!,구라냐!,구라냐!
dom3ED_Rimururu.mes,Script/dom3ED_Rimururu.mes,21,39,UNKNOWN_7e,でも、姉様は、ずっと悲しそうに<6E5C>だまってたよ…….<6E5C><이름:3232>兄様のせいだからね!,그래도 언니는 계속 슬픈얼굴로<6E5C>말없었어…….<6E5C><이름:3232>오라버니 때문이야!,그래도 언니는 계속 슬픈얼굴로<6E5C>말없었어…….<6E5C><이름:3232>오라버니 때문이야!
dom3ED_Rimururu.mes,Script/dom3ED_Rimururu.mes,22,10,주인공,俺のせい……なのか,내 탓……인가,내 탓……인가
dom3ED_Rimururu.mes,Script/dom3ED_Rimururu.mes,23,43,UNKNOWN_7e,そうだよ!これ以上姉様を悲しま<6E5C>せたら、おしおきなんだから!<6E5C>じゃあね、バイバイッ!,"그렇다니까!더 이상 언니를 슬프게<6E5C>만들면 혼내줄거야!<6E5C>그럼 안녕,바이바이!","그렇다니까!더 이상 언니를 슬프게<6E5C>만들면 혼내줄거야!<6E5C>그럼 안녕,바이바이!"
dom3ED_Rimururu.mes,Script/dom3ED_Rimururu.mes,24,3,[효과음/내레이션],タッ,탓!,탓!
dom3ED_Rimururu.mes,Script/dom3ED_Rimururu.mes,25,41,주인공,(俺には、ナコルルを悲しませる<6E5C>ことしかできなかったのか…….<6E5C>く、無念……!),"(나는,나코루루를 슬프게하는<6E5C>것밖에 못한 건가…….<6E5C>크,원통하다……!)","(나는,나코루루를 슬프게하는<6E5C>것밖에 못한 건가…….<6E5C>크,원통하다……!)"
dom3ED_Rimururu.mes,Script/dom3ED_Rimururu.mes,26,20,UNKNOWN_6d,お疲れ様!<6E5C>少しは楽しんでくれたかな?,수고했어!<6E5C>조금은 즐거웠으려나?,수고했어!<6E5C>조금은 즐거웠으려나?
dom3ED_Rimururu.mes,Script/dom3ED_Rimururu.mes,27,12,UNKNOWN_6d,……あ!<6E5C>いっけない!,……아!<6E5C>큰일났다!,……아!<6E5C>큰일났다!
dom3ED_Rimururu.mes,Script/dom3ED_Rimururu.mes,28,6,[효과음/내레이션],ドロンッ!,펑!,펑!
dom3ED_Rimururu.mes,Script/dom3ED_Rimururu.mes,29,44,Shino,こんぷりーと、おめでとう!<6E5C>今度むささび屋に来たら、善哉<6E5C>いっぱい食べさせてあげるね!,"컴플리트, 축하해!<6E5C>다음에 무사사비야에 오면, 단팥죽<6E5C>실컷 먹여줄게!","컴플리트, 축하해!<6E5C>다음에 무사사비야에 오면, 단팥죽<6E5C>실컷 먹여줄게!"
dom3ED_Rimururu.mes,Script/dom3ED_Rimururu.mes,30,5,Shino,せーのっ,하나둘!,하나둘!
dom3ED_Rimururu.mes,Script/dom3ED_Rimururu.mes,31,22,UNKNOWN_1d,わたしたちをみつけてくれて、<6E5C>ありがとう!,"우리를 찾아줘서,<6E5C>고마워!","우리를 찾아줘서,<6E5C>고마워!"
dom3ED_Ukyou.mes,Script/dom3ED_Ukyou.mes,0,31,주인공,(……せめて、死ぬ前にひと目、<6E5C>母さんの顔を見たかった……),"(……죽기 전에 한 번만,<6E5C>어머니 얼굴 보고싶었다……)","(……죽기 전에 한 번만,<6E5C>어머니 얼굴 보고싶었다……)"
dom3ED_Ukyou.mes,Script/dom3ED_Ukyou.mes,1,6,[효과음/내레이션],……ふわっ,……훅,……훅
dom3ED_Ukyou.mes,Script/dom3ED_Ukyou.mes,2,36,주인공,(……なんとよいかおり.<6E5C>これは、母さんの好きだった花の<6E5C>かおり……),"(……정말 좋은 향기다.<6E5C>이건, 어머니가 좋아하던 꽃<6E5C>향기……)","(……정말 좋은 향기다.<6E5C>이건, 어머니가 좋아하던 꽃<6E5C>향기……)"
dom3ED_Ukyou.mes,Script/dom3ED_Ukyou.mes,3,6,UNKNOWN_1e,<이름:3232>殿……,<이름:3232>님……,<이름:3232>님……
dom3ED_Ukyou.mes,Script/dom3ED_Ukyou.mes,4,3,주인공,え?,어?,어?
dom3ED_Ukyou.mes,Script/dom3ED_Ukyou.mes,5,11,주인공,あれ……ここは……?,어라……여긴……?,어라……여긴……?
dom3ED_Ukyou.mes,Script/dom3ED_Ukyou.mes,6,21,Ukyo,拙者の寺子屋…….<6E5C>動いては、いかん……,소인서당이오…….<6E5C>움직이면아니되오……,소인서당이오…….<6E5C>움직이면아니되오……
dom3ED_Ukyou.mes,Script/dom3ED_Ukyou.mes,7,22,주인공,いてて……じゃ、この手当ては、<6E5C>右京さんが,"아야야…… 그럼, 이 치료는,<6E5C>우쿄씨가","아야야…… 그럼, 이 치료는,<6E5C>우쿄씨가"
dom3ED_Ukyou.mes,Script/dom3ED_Ukyou.mes,8,27,Ukyo,<이름:3232>殿……そなたはよく<6E5C>頑張った……もう、十分だ……,"<이름:3232>님……그대는<6E5C>잘버텼소……이제,충분하오……","<이름:3232>님……그대는<6E5C>잘버텼소……이제,충분하오……"
dom3ED_Ukyou.mes,Script/dom3ED_Ukyou.mes,9,16,주인공,そんな!俺はまだまだ……いてて,그럴수가!아직인데……아야야,그럴수가!아직인데……아야야
dom3ED_Ukyou.mes,Script/dom3ED_Ukyou.mes,10,11,Ukyo,これを、そなたに……,"이것을,그대에게……","이것을,그대에게……"
dom3ED_Ukyou.mes,Script/dom3ED_Ukyou.mes,11,3,[효과음/내레이션],サッ,스윽,스윽
dom3ED_Ukyou.mes,Script/dom3ED_Ukyou.mes,12,13,주인공,え、花?なんと美しい花だ,"어,꽃?진짜 예쁘네","어,꽃?진짜 예쁘네"
dom3ED_Ukyou.mes,Script/dom3ED_Ukyou.mes,13,12,Ukyo,これは……究極の華……,이건……궁극의 꽃……,이건……궁극의 꽃……
dom3ED_Ukyou.mes,Script/dom3ED_Ukyou.mes,14,6,주인공,究極の華?,궁극의꽃?,궁극의꽃?
dom3ED_Ukyou.mes,Script/dom3ED_Ukyou.mes,15,24,Ukyo,そなたには……女性より、<6E5C>その華が、似合う……,"그대에겐……여인보다,<6E5C>그꽃이,더어울리오……","그대에겐……여인보다,<6E5C>그꽃이,더어울리오……"
dom3ED_Ukyou.mes,Script/dom3ED_Ukyou.mes,16,24,주인공,女性より花……って、<6E5C>慰めてくれてるんですか?,여자보다 꽃이라니……<6E5C>절 위로하는 건가요?,여자보다 꽃이라니……<6E5C>절 위로하는 건가요?
dom3ED_Ukyou.mes,Script/dom3ED_Ukyou.mes,17,28,Ukyo,恋の痛手はじきに癒える…….<6E5C>華は、そなたを裏切らぬ……,"사랑의 아픔은 아무는법…….<6E5C>꽃은,배신하지 않소……","사랑의 아픔은 아무는법…….<6E5C>꽃은,배신하지 않소……"
dom3ED_Ukyou.mes,Script/dom3ED_Ukyou.mes,18,3,Ukyo,ゴホ、,"콜록,","콜록,"
dom3ED_Ukyou.mes,Script/dom3ED_Ukyou.mes,19,4,Ukyo,ゴホッ、,"콜록,","콜록,"
dom3ED_Ukyou.mes,Script/dom3ED_Ukyou.mes,20,6,Ukyo,ガハァッ!,커헉!,커헉!
dom3ED_Ukyou.mes,Script/dom3ED_Ukyou.mes,21,6,주인공,右京さん!,우쿄 씨!,우쿄 씨!
dom3ED_Ukyou.mes,Script/dom3ED_Ukyou.mes,22,19,주인공,(右京さん、命がけでこれを……!<6E5C>),"(우쿄씨, 목숨걸고 이걸……!<6E5C>)","(우쿄씨, 목숨걸고 이걸……!<6E5C>)"
dom3ED_Ukyou.mes,Script/dom3ED_Ukyou.mes,23,37,주인공,(かたじけない!<6E5C>こうなったら一から出直しだ.<6E5C>あきらめたりしないぞ!),(고맙습니다!<6E5C>이렇게 된 이상 처음부터 다시.<6E5C>포기하지 않겠어!),(고맙습니다!<6E5C>이렇게 된 이상 처음부터 다시.<6E5C>포기하지 않겠어!)
dom3ED_Ukyou.mes,Script/dom3ED_Ukyou.mes,24,20,UNKNOWN_6d,お疲れ様!<6E5C>少しは楽しんでくれたかな?,수고했어!<6E5C>조금은 즐거웠으려나?,수고했어!<6E5C>조금은 즐거웠으려나?
dom3ED_Ukyou.mes,Script/dom3ED_Ukyou.mes,25,12,UNKNOWN_6d,……あ!<6E5C>いっけない!,……아!<6E5C>큰일났다!,……아!<6E5C>큰일났다!
dom3ED_Ukyou.mes,Script/dom3ED_Ukyou.mes,26,6,[효과음/내레이션],ドロンッ!,펑!,펑!
dom3ED_Ukyou.mes,Script/dom3ED_Ukyou.mes,27,44,Shino,こんぷりーと、おめでとう!<6E5C>今度むささび屋に来たら、善哉<6E5C>いっぱい食べさせてあげるね!,"컴플리트, 축하해!<6E5C>다음에 무사사비야에 오면, 단팥죽<6E5C>실컷 먹여줄게!","컴플리트, 축하해!<6E5C>다음에 무사사비야에 오면, 단팥죽<6E5C>실컷 먹여줄게!"
dom3ED_Ukyou.mes,Script/dom3ED_Ukyou.mes,28,5,Shino,せーのっ,하나둘!,하나둘!
dom3ED_Ukyou.mes,Script/dom3ED_Ukyou.mes,29,22,UNKNOWN_1d,わたしたちをみつけてくれて、<6E5C>ありがとう!,"우리를 찾아줘서,<6E5C>고마워!","우리를 찾아줘서,<6E5C>고마워!"
dom3ENC_T2_Afternoon.mes,Script/dom3ENC_T2_Afternoon.mes,0,4,[효과음/내레이션],ゴ~ン,뎅~,뎅~
dom3ENC_T2_Afternoon.mes,Script/dom3ENC_T2_Afternoon.mes,1,28,UNKNOWN_74,テメェ、ヨソもんがあんまり<6E5C>ウロチョロしてんじゃねーぞ,"야인마, 외지 놈이 너무<6E5C>얼쩡거리고 다니지 말라고","야인마, 외지 놈이 너무<6E5C>얼쩡거리고 다니지 말라고"
dom3ENC_T2_Afternoon.mes,Script/dom3ENC_T2_Afternoon.mes,2,8,주인공,う、狂エ門……,"우,쿄에몬……","우,쿄에몬……"
dom3ENC_T2_Afternoon.mes,Script/dom3ENC_T2_Afternoon.mes,3,37,UNKNOWN_74,なんだ、文句あんのかァ?<6E5C>なんだったらオレ様が町案内して<6E5C>やろうかァッ!,"뭐야, 불만 있냐?<6E5C>정 그러면 내가 마을 안내라도<6E5C>해줄까아?!","뭐야, 불만 있냐?<6E5C>정 그러면 내가 마을 안내라도<6E5C>해줄까아?!"
dom3ENC_T2_Afternoon.mes,Script/dom3ENC_T2_Afternoon.mes,4,12,주인공,えぇ~?いらないよ……,에엥~? 됐거든……,에엥~? 됐거든……
dom3ENC_T2_Afternoon.mes,Script/dom3ENC_T2_Afternoon.mes,5,11,UNKNOWN_75,おっ、<이름:3232>じゃねぇか,"오, <이름:3232> 아니냐","오, <이름:3232> 아니냐"
dom3ENC_T2_Afternoon.mes,Script/dom3ENC_T2_Afternoon.mes,6,6,주인공,覇王丸さん,하오마루씨,하오마루씨
dom3ENC_T2_Afternoon.mes,Script/dom3ENC_T2_Afternoon.mes,7,34,UNKNOWN_75,ちょうど小腹がすいてたんだ.<6E5C>メシを賭けて、ひと仕合い<6E5C>どうだい?,"마침 출출하던 참이었다.<6E5C>밥값 걸고, 한판<6E5C>어떠냐?","마침 출출하던 참이었다.<6E5C>밥값 걸고, 한판<6E5C>어떠냐?"
dom3ENC_T2_Afternoon.mes,Script/dom3ENC_T2_Afternoon.mes,8,7,주인공,無理ですよ~,무리예요~,무리예요~
dom3ENC_T2_Afternoon.mes,Script/dom3ENC_T2_Afternoon.mes,9,3,Ukyo,……,……,……
dom3ENC_T2_Afternoon.mes,Script/dom3ENC_T2_Afternoon.mes,10,26,주인공,右京さん、お散歩ですか?<6E5C>とてもお加減が良さそうで,"우쿄씨,산책나오셨어요?<6E5C>몸상태가좋아보이시네요","우쿄씨,산책나오셨어요?<6E5C>몸상태가좋아보이시네요"
dom3ENC_T2_Afternoon.mes,Script/dom3ENC_T2_Afternoon.mes,11,5,Ukyo,ゴホッ、,"콜록,","콜록,"
dom3ENC_T2_Afternoon.mes,Script/dom3ENC_T2_Afternoon.mes,12,5,Ukyo,ガハッ、,"커헉,","커헉,"
dom3ENC_T2_Afternoon.mes,Script/dom3ENC_T2_Afternoon.mes,13,7,Ukyo,ウゴハァッ!,우게헉!,우게헉!
dom3ENC_T2_Afternoon.mes,Script/dom3ENC_T2_Afternoon.mes,14,10,주인공,す、すいません……,"죄, 죄송해요……","죄, 죄송해요……"
dom3ENC_T2_Afternoon.mes,Script/dom3ENC_T2_Afternoon.mes,15,31,UNKNOWN_1e,ねぇねぇ、バナナンちょうだい!<6E5C>ボク、バナナン食べたいンだ!,"저기저기, 바나난 줘!<6E5C>나 바나난 먹고 싶단 말이야!","저기저기, 바나난 줘!<6E5C>나 바나난 먹고 싶단 말이야!"
dom3ENC_T2_Afternoon.mes,Script/dom3ENC_T2_Afternoon.mes,16,17,주인공,なんだ、この子は.頭に獣の耳!?,뭐야이아이는.머리에짐승귀가!?,뭐야이아이는.머리에짐승귀가!?
dom3ENC_T2_Night.mes,Script/dom3ENC_T2_Night.mes,0,13,Iroha,旦那様、おやすみですか?,"서방님, 주무시나요?","서방님, 주무시나요?"
dom3ENC_T2_Night.mes,Script/dom3ENC_T2_Night.mes,1,9,주인공,うむ.いろはは?,음. 이로하는?,음. 이로하는?
dom3ENC_T2_Night.mes,Script/dom3ENC_T2_Night.mes,2,31,Iroha,私も隣の部屋でやすみます.<6E5C>では、おやすみなさいませ、旦那様,"저도 옆방에서 쉴게요.<6E5C>그럼, 안녕히 주무세요, 서방님","저도 옆방에서 쉴게요.<6E5C>그럼, 안녕히 주무세요, 서방님"
dom3ENC_T2_Night.mes,Script/dom3ENC_T2_Night.mes,3,16,Iroha,のぞいたりしちゃ、ダメですよ?,몰래 훔쳐보시면 안 돼요?,몰래 훔쳐보시면 안 돼요?
dom3ENC_T2_Night.mes,Script/dom3ENC_T2_Night.mes,4,7,주인공,う、うむ……,"으, 음……","으, 음……"
dom3ENC_T2_Night.mes,Script/dom3ENC_T2_Night.mes,5,31,주인공,あれ?いろはがいない.<6E5C>もう寝てるのかな.<6E5C>なぁ、いろは……,"어라? 이로하가 없네.<6E5C>벌써 자나.<6E5C>이봐, 이로하……","어라? 이로하가 없네.<6E5C>벌써 자나.<6E5C>이봐, 이로하……"
dom3ENC_T2_Night.mes,Script/dom3ENC_T2_Night.mes,6,4,[효과음/내레이션],ガラッ,드르륵,드르륵
dom3ENC_T2_Night.mes,Script/dom3ENC_T2_Night.mes,7,34,Iroha,きゃ!いきなり開けないで<6E5C>ください、旦那様.<6E5C>いろははもう寝ます!,"꺅!갑자기열지<6E5C>말아주세요,서방님.<6E5C>이로하는이제잘거예요!","꺅!갑자기열지<6E5C>말아주세요,서방님.<6E5C>이로하는이제잘거예요!"
dom3ENC_T2_Night.mes,Script/dom3ENC_T2_Night.mes,8,6,[효과음/내레이션],ピシャンッ,쾅!,쾅!
dom3ENC_T2_Night.mes,Script/dom3ENC_T2_Night.mes,9,11,주인공,怒られてしまった……,혼나버렸다……,혼나버렸다……
dom3ENC_T2_Night.mes,Script/dom3ENC_T2_Night.mes,10,27,주인공,(むむ、いろはがいない.<6E5C>どこかに出かけてるのかな),"(음음, 이로하가 없네.<6E5C>어딘가 나갔나)","(음음, 이로하가 없네.<6E5C>어딘가 나갔나)"
dom3ENC_T2_Night.mes,Script/dom3ENC_T2_Night.mes,11,36,주인공,(いろはって、けっこう知らない<6E5C>間に外出してるからなぁ……<6E5C>ふぁあ~),(이로하는 은근히 모르는 새<6E5C>밖에 나가있곤 하니까……<6E5C>하아암~),(이로하는 은근히 모르는 새<6E5C>밖에 나가있곤 하니까……<6E5C>하아암~)
dom3ENC_T2_Night.mes,Script/dom3ENC_T2_Night.mes,12,8,[효과음/내레이션],……ぐー、ぐー,……드르렁,……드르렁
dom3ENC_T3_Afternoon.mes,Script/dom3ENC_T3_Afternoon.mes,0,4,[효과음/내레이션],ゴ~ン,뎅~,뎅~
dom3ENC_T3_Afternoon.mes,Script/dom3ENC_T3_Afternoon.mes,1,15,UNKNOWN_1e,なぁ、被女.俺とお茶でも……,"이봐,아가씨.나랑차라도……","이봐,아가씨.나랑차라도……"
dom3ENC_T3_Afternoon.mes,Script/dom3ENC_T3_Afternoon.mes,2,21,UNKNOWN_74,ってオマエかよ!<6E5C>さっさとどっか行けよ!,"라니,너였냐!<6E5C>냉큼어디딴데나가!","라니,너였냐!<6E5C>냉큼어디딴데나가!"
dom3ENC_T3_Afternoon.mes,Script/dom3ENC_T3_Afternoon.mes,3,13,주인공,俺を女と間違えるなよ……,날여자로착각하지마……,날여자로착각하지마……
dom3ENC_T3_Afternoon.mes,Script/dom3ENC_T3_Afternoon.mes,4,14,주인공,うぅ~ん、ハラが減った……,"으으음, 배고프다……","으으음, 배고프다……"
dom3ENC_T3_Afternoon.mes,Script/dom3ENC_T3_Afternoon.mes,5,17,UNKNOWN_1e,なぁにシケた顔で歩いてるんだよ!,뭘그리궁상맞은얼굴로걷고있어!,뭘그리궁상맞은얼굴로걷고있어!
dom3ENC_T3_Afternoon.mes,Script/dom3ENC_T3_Afternoon.mes,6,13,UNKNOWN_75,俺がカツ入れてやろうか?,내가기합좀넣어줄까?,내가기합좀넣어줄까?
dom3ENC_T3_Afternoon.mes,Script/dom3ENC_T3_Afternoon.mes,7,10,주인공,勘弁してください~,제발 봐주세요~,제발 봐주세요~
dom3ENC_T3_Afternoon.mes,Script/dom3ENC_T3_Afternoon.mes,8,33,UNKNOWN_1e,そこのおぬし、新陰流に<6E5C>入門せんか?<6E5C>まずは薪割り百本からじゃ!,거기그대신카게류에<6E5C>입문하지않겠나?<6E5C>우선장작패기백개부터니라!,거기그대신카게류에<6E5C>입문하지않겠나?<6E5C>우선장작패기백개부터니라!
dom3ENC_T3_Afternoon.mes,Script/dom3ENC_T3_Afternoon.mes,9,24,주인공,な、何この隻眼のおじさん.<6E5C>勘弁してください~,"뭐,뭐야이애꾸눈아저씨.<6E5C>제발봐주세요~","뭐,뭐야이애꾸눈아저씨.<6E5C>제발봐주세요~"
dom3ENC_T3_Afternoon.mes,Script/dom3ENC_T3_Afternoon.mes,10,14,주인공,今日は誰とも会わないな……,오늘은아무도안만나네……,오늘은아무도안만나네……
dom3ENC_T3_Afternoon.mes,Script/dom3ENC_T3_Afternoon.mes,11,4,주인공,ヒッ!,히익!,히익!
dom3ENC_T3_Afternoon.mes,Script/dom3ENC_T3_Afternoon.mes,12,7,UNKNOWN_77,……カスめが,……하찮은놈,……하찮은놈
dom3ENC_T3_Afternoon.mes,Script/dom3ENC_T3_Afternoon.mes,13,11,주인공,……ふぅ、命拾いした,"……휴,목숨건졌다","……휴,목숨건졌다"
dom3ENC_T3_Night.mes,Script/dom3ENC_T3_Night.mes,0,13,Iroha,旦那様、おやすみですか?,"서방님, 주무시나요?","서방님, 주무시나요?"
dom3ENC_T3_Night.mes,Script/dom3ENC_T3_Night.mes,1,9,주인공,うむ.いろはは?,음. 이로하는?,음. 이로하는?
dom3ENC_T3_Night.mes,Script/dom3ENC_T3_Night.mes,2,31,Iroha,私も隣の部屋でやすみます.<6E5C>では、おやすみなさいませ、旦那様,"저도 옆방에서 쉴게요.<6E5C>그럼, 안녕히 주무세요, 서방님","저도 옆방에서 쉴게요.<6E5C>그럼, 안녕히 주무세요, 서방님"
dom3ENC_T3_Night.mes,Script/dom3ENC_T3_Night.mes,3,16,Iroha,のぞいたりしちゃ、ダメですよ?,몰래 훔쳐보시면 안 돼요?,몰래 훔쳐보시면 안 돼요?
dom3ENC_T3_Night.mes,Script/dom3ENC_T3_Night.mes,4,7,주인공,う、うむ……,"으, 음……","으, 음……"
dom3ENC_T3_Night.mes,Script/dom3ENC_T3_Night.mes,5,31,주인공,あれ?いろはがいない.<6E5C>もう寝てるのかな.<6E5C>なぁ、いろは……,"어라? 이로하가 없네.<6E5C>벌써 자나.<6E5C>이봐, 이로하……","어라? 이로하가 없네.<6E5C>벌써 자나.<6E5C>이봐, 이로하……"
dom3ENC_T3_Night.mes,Script/dom3ENC_T3_Night.mes,6,4,[효과음/내레이션],ガラッ,드르륵,드르륵
dom3ENC_T3_Night.mes,Script/dom3ENC_T3_Night.mes,7,34,Iroha,きゃ!いきなり開けないで<6E5C>ください、旦那様.<6E5C>いろははもう寝ます!,"꺅!갑자기열지<6E5C>말아주세요,서방님.<6E5C>이로하는이제잘거예요!","꺅!갑자기열지<6E5C>말아주세요,서방님.<6E5C>이로하는이제잘거예요!"
dom3ENC_T3_Night.mes,Script/dom3ENC_T3_Night.mes,8,6,[효과음/내레이션],ピシャンッ,쾅!,쾅!
dom3ENC_T3_Night.mes,Script/dom3ENC_T3_Night.mes,9,11,주인공,怒られてしまった……,혼나버렸다……,혼나버렸다……
dom3ENC_T3_Night.mes,Script/dom3ENC_T3_Night.mes,10,27,주인공,(むむ、いろはがいない.<6E5C>どこかに出かけてるのかな),"(음음, 이로하가 없네.<6E5C>어딘가 나갔나)","(음음, 이로하가 없네.<6E5C>어딘가 나갔나)"
dom3ENC_T3_Night.mes,Script/dom3ENC_T3_Night.mes,11,36,주인공,(いろはって、けっこう知らない<6E5C>間に外出してるからなぁ……<6E5C>ふぁあ~),(이로하는 은근히 모르는 새<6E5C>밖에 나가있곤 하니까……<6E5C>하아암~),(이로하는 은근히 모르는 새<6E5C>밖에 나가있곤 하니까……<6E5C>하아암~)
dom3ENC_T3_Night.mes,Script/dom3ENC_T3_Night.mes,12,8,[효과음/내레이션],……ぐー、ぐー,……드르렁,……드르렁
dom3ENC_T4_Afternoon.mes,Script/dom3ENC_T4_Afternoon.mes,0,4,[효과음/내레이션],ゴ~ン,뎅~,뎅~
dom3ENC_T4_Afternoon.mes,Script/dom3ENC_T4_Afternoon.mes,1,14,주인공,うぅ~ん、ハラが減った……,"으으음, 배고프다……","으으음, 배고프다……"
dom3ENC_T4_Afternoon.mes,Script/dom3ENC_T4_Afternoon.mes,2,5,UNKNOWN_1e,ほらよ!,옜다!,옜다!
dom3ENC_T4_Afternoon.mes,Script/dom3ENC_T4_Afternoon.mes,3,11,주인공,む!?これはだんご!,음!?이건경단!,음!?이건경단!
dom3ENC_T4_Afternoon.mes,Script/dom3ENC_T4_Afternoon.mes,4,22,UNKNOWN_74,フラフラしてんじゃねぇよ、<6E5C>みっともねぇ!,"휘청거리지 좀 마,<6E5C>꼴사납게!","휘청거리지 좀 마,<6E5C>꼴사납게!"
dom3ENC_T4_Afternoon.mes,Script/dom3ENC_T4_Afternoon.mes,5,21,주인공,おまえ……ひょっとしてイイやつ<6E5C>なのか?,너……혹시알고보니좋은녀석<6E5C>인거냐?,너……혹시알고보니좋은녀석<6E5C>인거냐?
dom3ENC_T4_Afternoon.mes,Script/dom3ENC_T4_Afternoon.mes,6,33,UNKNOWN_1c,すいません…….<6E5C>覇王丸様がどこにいるか、<6E5C>ご存知ありませんか?,"실례합니다…….<6E5C>하오마루님이 어디 계신지,<6E5C>혹시 아시나요?","실례합니다…….<6E5C>하오마루님이 어디 계신지,<6E5C>혹시 아시나요?"
dom3ENC_T4_Afternoon.mes,Script/dom3ENC_T4_Afternoon.mes,7,27,주인공,え?枯華院と道場にいないなら、<6E5C>わかりませんけど……,"네?고카인이랑도장에안계시면,<6E5C>저도잘모르는데요……","네?고카인이랑도장에안계시면,<6E5C>저도잘모르는데요……"
dom3ENC_T4_Afternoon.mes,Script/dom3ENC_T4_Afternoon.mes,8,41,UNKNOWN_1c,そうですか…….<6E5C>もしお会いしたら、静という女が<6E5C>探していたとお伝えください……,"그렇군요…….<6E5C>혹시만나시면,시즈카라는여자가<6E5C>찾고있었다고전해주세요……","그렇군요…….<6E5C>혹시만나시면,시즈카라는여자가<6E5C>찾고있었다고전해주세요……"
dom3ENC_T4_Afternoon.mes,Script/dom3ENC_T4_Afternoon.mes,9,34,주인공,(覇王丸さんにこんな<6E5C>美人の知り合いが!?<6E5C>どういう関係なんだろ),(하오마루 씨한테 이런<6E5C>미인 지인이!?<6E5C>대체 무슨 사이지),(하오마루 씨한테 이런<6E5C>미인 지인이!?<6E5C>대체 무슨 사이지)
dom3ENC_T4_Afternoon.mes,Script/dom3ENC_T4_Afternoon.mes,10,30,주인공,(……ん?あの、物陰で何かを<6E5C>見つめているのは右京さん?),"(……응?저기,그늘에서뭔가를<6E5C>바라보고있는건우쿄씨?)","(……응?저기,그늘에서뭔가를<6E5C>바라보고있는건우쿄씨?)"
dom3ENC_T4_Afternoon.mes,Script/dom3ENC_T4_Afternoon.mes,11,5,Ukyo,圭殿……,케이……,케이……
dom3ENC_T4_Afternoon.mes,Script/dom3ENC_T4_Afternoon.mes,12,29,주인공,(何やら思いつめた様子だな…….<6E5C>話しかけないでおくか),(뭔가골똘히생각에잠긴모습이네…….<6E5C>말걸지말아야겠다),(뭔가골똘히생각에잠긴모습이네…….<6E5C>말걸지말아야겠다)
dom3ENC_T4_Afternoon.mes,Script/dom3ENC_T4_Afternoon.mes,13,28,주인공,(う!牙神幻十郎だ!ここは<6E5C>そぉっと通り過ぎよう……),(윽!키바가미겐주로다!여긴<6E5C>조용히지나가자……),(윽!키바가미겐주로다!여긴<6E5C>조용히지나가자……)
dom3ENC_T4_Afternoon.mes,Script/dom3ENC_T4_Afternoon.mes,14,12,[효과음/내레이션],ぴょこんっ<020A>ぴょこんっ,폴짝<020A>폴짝,폴짝<020A>폴짝
dom3ENC_T4_Afternoon.mes,Script/dom3ENC_T4_Afternoon.mes,15,48,주인공,(ん?幻十郎のあとをカエルが<6E5C>くっついてきてるぞ.まさか、あの<6E5C>牙神幻十郎に、お供の動物!?),(응?겐주로뒤를개구리가<6E5C>졸졸따라오고있잖아.설마그<6E5C>키바가미겐주로한테반려동물이!?),(응?겐주로뒤를개구리가<6E5C>졸졸따라오고있잖아.설마그<6E5C>키바가미겐주로한테반려동물이!?)
dom3ENC_T4_Night.mes,Script/dom3ENC_T4_Night.mes,0,13,Iroha,旦那様、おやすみですか?,"서방님, 주무시나요?","서방님, 주무시나요?"
dom3ENC_T4_Night.mes,Script/dom3ENC_T4_Night.mes,1,9,주인공,うむ.いろはは?,음. 이로하는?,음. 이로하는?
dom3ENC_T4_Night.mes,Script/dom3ENC_T4_Night.mes,2,31,Iroha,私も隣の部屋でやすみます.<6E5C>では、おやすみなさいませ、旦那様,"저도 옆방에서 쉴게요.<6E5C>그럼, 안녕히 주무세요, 서방님","저도 옆방에서 쉴게요.<6E5C>그럼, 안녕히 주무세요, 서방님"
dom3ENC_T4_Night.mes,Script/dom3ENC_T4_Night.mes,3,16,Iroha,のぞいたりしちゃ、ダメですよ?,몰래 훔쳐보시면 안 돼요?,몰래 훔쳐보시면 안 돼요?
dom3ENC_T4_Night.mes,Script/dom3ENC_T4_Night.mes,4,7,주인공,う、うむ……,"으, 음……","으, 음……"
dom3ENC_T4_Night.mes,Script/dom3ENC_T4_Night.mes,5,31,주인공,あれ?いろはがいない.<6E5C>もう寝てるのかな.<6E5C>なぁ、いろは……,"어라? 이로하가 없네.<6E5C>벌써 자나.<6E5C>이봐, 이로하……","어라? 이로하가 없네.<6E5C>벌써 자나.<6E5C>이봐, 이로하……"
dom3ENC_T4_Night.mes,Script/dom3ENC_T4_Night.mes,6,4,[효과음/내레이션],ガラッ,드르륵,드르륵
dom3ENC_T4_Night.mes,Script/dom3ENC_T4_Night.mes,7,34,Iroha,きゃ!いきなり開けないで<6E5C>ください、旦那様.<6E5C>いろははもう寝ます!,"꺅!갑자기열지<6E5C>말아주세요,서방님.<6E5C>이로하는이제잘거예요!","꺅!갑자기열지<6E5C>말아주세요,서방님.<6E5C>이로하는이제잘거예요!"
dom3ENC_T4_Night.mes,Script/dom3ENC_T4_Night.mes,8,6,[효과음/내레이션],ピシャンッ,쾅!,쾅!
dom3ENC_T4_Night.mes,Script/dom3ENC_T4_Night.mes,9,11,주인공,怒られてしまった……,혼나버렸다……,혼나버렸다……
dom3ENC_T4_Night.mes,Script/dom3ENC_T4_Night.mes,10,27,주인공,(むむ、いろはがいない.<6E5C>どこかに出かけてるのかな),"(음음, 이로하가 없네.<6E5C>어딘가 나갔나)","(음음, 이로하가 없네.<6E5C>어딘가 나갔나)"
dom3ENC_T4_Night.mes,Script/dom3ENC_T4_Night.mes,11,36,주인공,(いろはって、けっこう知らない<6E5C>間に外出してるからなぁ……<6E5C>ふぁあ~),(이로하는 은근히 모르는 새<6E5C>밖에 나가있곤 하니까……<6E5C>하아암~),(이로하는 은근히 모르는 새<6E5C>밖에 나가있곤 하니까……<6E5C>하아암~)
dom3ENC_T4_Night.mes,Script/dom3ENC_T4_Night.mes,12,8,[효과음/내레이션],……ぐー、ぐー,……드르렁,……드르렁
dom3HZR.mes,Script/dom3HZR.mes,0,7,주인공,あ、君は……,"아, 넌……","아, 넌……"
dom3HZR.mes,Script/dom3HZR.mes,1,35,UNKNOWN_7e,ナコルル姉様は忙しいんだから!<6E5C>おぽんちな人とはつきあわない<6E5C>よっ!,나코루루언니는바쁘단말이야!<6E5C>바보같은사람이랑은안놀아줄<6E5C>거야!,나코루루언니는바쁘단말이야!<6E5C>바보같은사람이랑은안놀아줄<6E5C>거야!
dom3HZR.mes,Script/dom3HZR.mes,2,24,주인공,お、おぽんち?<6E5C>俺のどこがおぽんちだと言うんだ,"바, 바보라고?<6E5C>내가 어디가 바보라는 거야","바, 바보라고?<6E5C>내가 어디가 바보라는 거야"
dom3HZR.mes,Script/dom3HZR.mes,3,26,UNKNOWN_7e,自然を愛でる気持ちを教わって<6E5C>から、出直しだよっ!,자연사랑하는마음부터배우고<6E5C>다시오란말이야!,자연사랑하는마음부터배우고<6E5C>다시오란말이야!
dom3HZR.mes,Script/dom3HZR.mes,4,24,UNKNOWN_1e,乱暴者は、姉様に近づいたらいけ<6E5C>ないんだから!,난폭한사람은언니곁에가면<6E5C>안된단말이야!,난폭한사람은언니곁에가면<6E5C>안된단말이야!
dom3HZR.mes,Script/dom3HZR.mes,5,13,주인공,乱暴者って、俺のことか?,"난폭자라니,나말이야?","난폭자라니,나말이야?"
dom3HZR.mes,Script/dom3HZR.mes,6,23,UNKNOWN_7e,好きで刀を振るう人なんて、<6E5C>姉様は嫌いだよ?,"좋다고칼휘두르는사람은,<6E5C>언니는싫어한다고?","좋다고칼휘두르는사람은,<6E5C>언니는싫어한다고?"
dom3HZR.mes,Script/dom3HZR.mes,7,22,주인공,風が、空気が心地良い.<6E5C>一句詠みたくなるな,바람과공기가좋구나.<6E5C>글귀한수읊고싶어지네,바람과공기가좋구나.<6E5C>글귀한수읊고싶어지네
dom3HZR.mes,Script/dom3HZR.mes,8,13,UNKNOWN_7e,いっくって、お歌のこと?,"글귀라니,노래말이야?","글귀라니,노래말이야?"
dom3HZR.mes,Script/dom3HZR.mes,9,10,주인공,うわ、びっくりした,"우와,깜짝놀랐잖아","우와,깜짝놀랐잖아"
dom3HZR.mes,Script/dom3HZR.mes,10,27,UNKNOWN_7e,詠んでよ.姉様は、自然を愛でる<6E5C>お歌が大好きだから!,읊어봐.언니는자연사랑하는<6E5C>노래정말좋아하니까!,읊어봐.언니는자연사랑하는<6E5C>노래정말좋아하니까!
dom3HZR.mes,Script/dom3HZR.mes,11,14,UNKNOWN_7e,うう、イヤなにおいがする~,"으으,싫은냄새가난다~","으으,싫은냄새가난다~"
dom3HZR.mes,Script/dom3HZR.mes,12,20,주인공,失礼だな.<6E5C>これでも風呂には入ってるぞ,실례잖아.<6E5C>이래봬도목욕은하고다닌다고,실례잖아.<6E5C>이래봬도목욕은하고다닌다고
dom3HZR.mes,Script/dom3HZR.mes,13,46,UNKNOWN_7e,ちがうよ.悪い気持ちがこびりつい<6E5C>てるんだよ.おっかない人には、<6E5C>近づいちゃダメなんだから,"그게아니야.나쁜기운이잔뜩<6E5C>붙어있단말이야.무서운사람한테는,<6E5C>가까이가면안된다고","그게아니야.나쁜기운이잔뜩<6E5C>붙어있단말이야.무서운사람한테는,<6E5C>가까이가면안된다고"
dom3HZR.mes,Script/dom3HZR.mes,14,13,Shino,ちょっと、どいたどいた!,"잠깐, 비켜, 비켜!","잠깐, 비켜, 비켜!"
dom3HZR.mes,Script/dom3HZR.mes,15,22,주인공,どうしたんだい、詩乃さん.<6E5C>そんな大荷物で,"무슨일이야,시노씨.<6E5C>그렇게큰짐을들고","무슨일이야,시노씨.<6E5C>그렇게큰짐을들고"
dom3HZR.mes,Script/dom3HZR.mes,16,23,Shino,あたいは忙しいんだよ!<6E5C>ジャマだからおのき!,난 바쁘다고!<6E5C>방해되니까 비켜있어!,난 바쁘다고!<6E5C>방해되니까 비켜있어!
dom3HZR.mes,Script/dom3HZR.mes,17,21,주인공,邪魔だなんて…….<6E5C>俺でよければ手伝うよ,방해라니…….<6E5C>내가괜찮다면도와줄게,방해라니…….<6E5C>내가괜찮다면도와줄게
dom3HZR.mes,Script/dom3HZR.mes,18,7,주인공,う、重いっっ,"으,무거워어","으,무거워어"
dom3HZR.mes,Script/dom3HZR.mes,19,29,Shino,あはは!男は強くないとねっ.<6E5C>さ、坊やは帰った、帰った!,"아하하!남자는힘세야지.<6E5C>자,꼬마는이만가,가라고!","아하하!남자는힘세야지.<6E5C>자,꼬마는이만가,가라고!"
dom3HZR.mes,Script/dom3HZR.mes,20,32,Shino,閉いたよ、<이름:3232>さん.<6E5C>道場で覇王丸さんに<6E5C>しごかれたんだって?,"들었어,<이름:3232>씨.<6E5C>도장에서하오마루씨한테<6E5C>단단히굴렀다며?","들었어,<이름:3232>씨.<6E5C>도장에서하오마루씨한테<6E5C>단단히굴렀다며?"
dom3HZR.mes,Script/dom3HZR.mes,21,16,주인공,武者修行に励んでると言ってくれ,무사수행에힘쓰고있다고해줘,무사수행에힘쓰고있다고해줘
dom3HZR.mes,Script/dom3HZR.mes,22,43,Shino,ふふ、これからも頑張りなよ.<6E5C>稽古に疲れたら、いつでも<6E5C>お茶を飲みに来ていいからさ!,"후후, 앞으로도 힘내.<6E5C>수련하다 지치면, 언제든지<6E5C>차 마시러 와도 되니까!","후후, 앞으로도 힘내.<6E5C>수련하다 지치면, 언제든지<6E5C>차 마시러 와도 되니까!"
dom3HZR.mes,Script/dom3HZR.mes,23,27,주인공,あ、詩乃さん.<6E5C>これ、そこで咲いていた花<6E5C>なんだけど,"아,시노씨.<6E5C>이거,저기피어있던꽃<6E5C>인데말이야","아,시노씨.<6E5C>이거,저기피어있던꽃<6E5C>인데말이야"
dom3HZR.mes,Script/dom3HZR.mes,24,15,Shino,あたいにくれるの?ありがとう,나 주는 거야? 고마워,나 주는 거야? 고마워
dom3HZR.mes,Script/dom3HZR.mes,25,43,Shino,でも、<이름:3232>さんが花なんて<6E5C>似合わないわねぇ.ガラじゃ<6E5C>ないことはするもんじゃないわよ,"근데, <이름:3232> 씨한텐 꽃이<6E5C>안 어울리네. 안 하던 짓은<6E5C>하는 거 아니야","근데, <이름:3232> 씨한텐 꽃이<6E5C>안 어울리네. 안 하던 짓은<6E5C>하는 거 아니야"
dom3HZR.mes,Script/dom3HZR.mes,26,7,주인공,ひどいな……,너무하네……,너무하네……
dom3HZR.mes,Script/dom3HZR.mes,27,28,Shino,ちょっと<이름:3232>さん、この町を<6E5C>あんまり汚さないでくれる?,"저기<이름:3232>씨,이동네를<6E5C>너무더럽히지말아줄래?","저기<이름:3232>씨,이동네를<6E5C>너무더럽히지말아줄래?"
dom3HZR.mes,Script/dom3HZR.mes,28,10,주인공,俺がいつ汚したと?,언제더럽혔다고?,언제더럽혔다고?
dom3HZR.mes,Script/dom3HZR.mes,29,43,Shino,通りで幻十郎さんに斬られたってい<6E5C>うじゃない.無駄にばらまくほど、<6E5C>血が余ってるの?,거리에서겐주로씨한테베였다고<6E5C>하던데.함부로흘릴만큼<6E5C>피가남아도나보지?,거리에서겐주로씨한테베였다고<6E5C>하던데.함부로흘릴만큼<6E5C>피가남아도나보지?
dom3HZR.mes,Script/dom3HZR.mes,30,15,주인공,そういうわけじゃないけど……,그런 건 아니지만……,그런 건 아니지만……
dom3HZR.mes,Script/dom3HZR.mes,31,5,UNKNOWN_1e,ミーナー,미나아~,미나아~
dom3HZR.mes,Script/dom3HZR.mes,32,21,주인공,おや、ミナのお供のチャンプル<6E5C>じゃないか,"이런, 미나의 짝꿍 챰푸르<6E5C>아니야?","이런, 미나의 짝꿍 챰푸르<6E5C>아니야?"
dom3HZR.mes,Script/dom3HZR.mes,33,3,UNKNOWN_1e,う~,우~,우~
dom3HZR.mes,Script/dom3HZR.mes,34,50,주인공,悲しい顔をしてどうしたんだ<485C>……あの子の抱えている悲しさを<6E5C>思って、いっしょに<6E5C>悲しんでいるのか?,"슬픈표정짓고왜그래<485C>……그애가안고있는슬픔을<6E5C>생각하면서,같이<6E5C>슬퍼해주는거니?","슬픈표정짓고왜그래<485C>……그애가안고있는슬픔을<6E5C>생각하면서,같이<6E5C>슬퍼해주는거니?"
dom3HZR.mes,Script/dom3HZR.mes,35,24,주인공,やぁ、良かったらいっしょに<6E5C>散歩でもしないかい,"야,괜찮다면같이<6E5C>산책이라도하지않을래?","야,괜찮다면같이<6E5C>산책이라도하지않을래?"
dom3HZR.mes,Script/dom3HZR.mes,36,13,Mina,刀を振るう手で触れないで,칼휘두르는손으로만지지마,칼휘두르는손으로만지지마
dom3HZR.mes,Script/dom3HZR.mes,37,24,주인공,そんな、ミナだって弓矢を持って<6E5C>いるじゃないか,"그런, 미나도 활을 들고<6E5C>있잖아","그런, 미나도 활을 들고<6E5C>있잖아"
dom3HZR.mes,Script/dom3HZR.mes,38,29,Mina,わたしは、あやかしを滅ぼすのが<6E5C>使命…….あなたとは違う,"나는,요괴물리치는게<6E5C>사명이야…….너랑은달라","나는,요괴물리치는게<6E5C>사명이야…….너랑은달라"
dom3HZR.mes,Script/dom3HZR.mes,39,4,[효과음/내레이션],プイッ,홱,홱
dom3HZR.mes,Script/dom3HZR.mes,40,4,주인공,あ……,아……,아……
dom3HZR.mes,Script/dom3HZR.mes,41,45,주인공,ミナも少しは他人と親しくしたらど<6E5C>うだ.そうだ、寺子屋なら優しい人<6E5C>もいっぱいいるし……,"미나도남들이랑좀친하게<6E5C>지내는게어때.맞다,서당가면다정한사람도<6E5C>많은데……","미나도남들이랑좀친하게<6E5C>지내는게어때.맞다,서당가면다정한사람도<6E5C>많은데……"
dom3HZR.mes,Script/dom3HZR.mes,42,11,Mina,みんな、大っキライ!,"다들, 정말 싫어!","다들, 정말 싫어!"
dom3HZR.mes,Script/dom3HZR.mes,43,4,[효과음/내레이션],プイッ,홱,홱
dom3HZR.mes,Script/dom3HZR.mes,44,9,주인공,むむ、難しい……,"으음,어렵네……","으음,어렵네……"
dom3HZR.mes,Script/dom3HZR.mes,45,5,Mina,……これ,……이거,……이거
dom3HZR.mes,Script/dom3HZR.mes,46,39,주인공,ん?ああ、ちょいと幻十郎さんに<6E5C>斬られただけだよ.もう治ってるか<6E5C>ら大丈夫だ,"응?아,그냥겐주로씨한테<6E5C>좀베인것뿐이야.이미다나아서<6E5C>괜찮아","응?아,그냥겐주로씨한테<6E5C>좀베인것뿐이야.이미다나아서<6E5C>괜찮아"
dom3HZR.mes,Script/dom3HZR.mes,47,28,Mina,……あなたも、心に傷を負ってるん<6E5C>だね.……悲しい、ね,"……너도,마음에상처를갖고있<6E5C>구나.……슬프네","……너도,마음에상처를갖고있<6E5C>구나.……슬프네"
dom3HZR.mes,Script/dom3HZR.mes,48,5,주인공,ミナ……,미나……,미나……
dom3HZR.mes,Script/dom3HZR.mes,49,16,주인공,あれ、ひょっとして稽古中かい?,"어라, 혹시 수련 중이야?","어라, 혹시 수련 중이야?"
dom3HZR.mes,Script/dom3HZR.mes,50,60,Rinka,見たらわかるだろ!<6E5C>あたしはあんたみたいに遊んで<6E5C>ばかりじゃないんだよ!<485C>くやしかったら、少しは体を<6E5C>鍛えたらどうだ!,"보면 알잖아!<6E5C>난 너처럼 놀기만<6E5C>하지 않는다고!<485C>분하면, 너도 좀 몸이나<6E5C>단련해보든가!","보면 알잖아!<6E5C>난 너처럼 놀기만<6E5C>하지 않는다고!<485C>분하면, 너도 좀 몸이나<6E5C>단련해보든가!"
dom3HZR.mes,Script/dom3HZR.mes,51,4,[효과음/내레이션],ダダッ,다다닥,다다닥
dom3HZR.mes,Script/dom3HZR.mes,52,16,주인공,俺はくやしいなんてひと言も……,난 분하다고 한마디도……,난 분하다고 한마디도……
dom3HZR.mes,Script/dom3HZR.mes,53,17,Rinka,朝から道場で稽古しているらしいな,아침부터 도장에서 수련한다며,아침부터 도장에서 수련한다며
dom3HZR.mes,Script/dom3HZR.mes,54,33,주인공,ああ、どんどん強くなるぞ.<6E5C>俺が道場の指南役になったら<6E5C>喜ぶか?,"그래,점점강해지고있어.<6E5C>내가도장사범이되면<6E5C>기뻐할거야?","그래,점점강해지고있어.<6E5C>내가도장사범이되면<6E5C>기뻐할거야?"
dom3HZR.mes,Script/dom3HZR.mes,55,16,Rinka,バカ!よ、喜ぶわけないだろっ!,"바보!기,기뻐할리없잖아!","바보!기,기뻐할리없잖아!"
dom3HZR.mes,Script/dom3HZR.mes,56,51,주인공,また木刀を持って…….少しは、<6E5C>しおらしいことをしたらどうだ?<485C>サヤさんを見習って<6E5C>寺子屋に行くとか,또 목검을 들고……. 좀 얌전하게<6E5C>굴어보는 건 어때?<485C>사야 씨를 본받아서<6E5C>서당에 가본다든가,또 목검을 들고……. 좀 얌전하게<6E5C>굴어보는 건 어때?<485C>사야 씨를 본받아서<6E5C>서당에 가본다든가
dom3HZR.mes,Script/dom3HZR.mes,57,28,Rinka,うるさい!あたしは本なんかじゃ<6E5C>生きていけないんだよ!,시끄러워!난책같은걸로는<6E5C>못살아간단말이야!,시끄러워!난책같은걸로는<6E5C>못살아간단말이야!
dom3HZR.mes,Script/dom3HZR.mes,58,25,Rinka,閉いたよ.朝から人斬りに遭ったら<6E5C>しいじゃないか,들었어. 아침부터 칼부림을 당했다<6E5C>며,들었어. 아침부터 칼부림을 당했다<6E5C>며
dom3HZR.mes,Script/dom3HZR.mes,59,14,주인공,う……、どうしてそのことを,"으……, 그걸 어떻게","으……, 그걸 어떻게"
dom3HZR.mes,Script/dom3HZR.mes,60,34,Rinka,情けない!強い男に振れないなら、<6E5C>その腰の飾りははずしたらどうだ!,"한심하긴!남자답게못휘두를<6E5C>거면,그허리장식은떼버려!","한심하긴!남자답게못휘두를<6E5C>거면,그허리장식은떼버려!"
dom3HZR.mes,Script/dom3HZR.mes,61,39,Saya,アラ、<이름:3232>ちゃん.<6E5C>ワタシ、これから授業なの.<6E5C><이름:3232>ちゃんもいっしょにどう?,"어머, <이름:3232> 군.<6E5C>저 이제 수업하러 가는데.<6E5C><이름:3232> 군도 같이 갈래?","어머, <이름:3232> 군.<6E5C>저 이제 수업하러 가는데.<6E5C><이름:3232> 군도 같이 갈래?"
dom3HZR.mes,Script/dom3HZR.mes,62,12,주인공,はぁ、またの機会に……,"하아,다음기회에……","하아,다음기회에……"
dom3HZR.mes,Script/dom3HZR.mes,63,51,Saya,ダメよ?<6E5C>男だって学ぶものは学ばないと!<485C>女はあつかいひとつで変わるん<6E5C>だから、ナニゴトも勉強よォ?,"안돼요?<6E5C>남자도배울건배워야죠!<485C>여자는다루기하나로달라지는<6E5C>법이니,뭐든공부라고요?","안돼요?<6E5C>남자도배울건배워야죠!<485C>여자는다루기하나로달라지는<6E5C>법이니,뭐든공부라고요?"
dom3HZR.mes,Script/dom3HZR.mes,64,22,주인공,いかがわしい勉強じゃなければ<6E5C>いいですけど,이상한 공부만 아니라면<6E5C>괜찮지만요,이상한 공부만 아니라면<6E5C>괜찮지만요
dom3HZR.mes,Script/dom3HZR.mes,65,23,Saya,<이름:3232>ちゃん、寺子屋より道場の<6E5C>方が楽しいの?,<이름:3232> 군은 서당보다 도장이<6E5C>더 재밌어요?,<이름:3232> 군은 서당보다 도장이<6E5C>더 재밌어요?
dom3HZR.mes,Script/dom3HZR.mes,66,13,주인공,別に楽しいというわけでは,딱히재밌다는건아니고,딱히재밌다는건아니고
dom3HZR.mes,Script/dom3HZR.mes,67,34,Saya,悲しいわ.ワタシの教えより、<6E5C>覇王丸さんの方が魅力的と<6E5C>いうことね,슬프네요. 제 가르침보다<6E5C>하오마루 씨가 더 매력적이란<6E5C>거군요,슬프네요. 제 가르침보다<6E5C>하오마루 씨가 더 매력적이란<6E5C>거군요
dom3HZR.mes,Script/dom3HZR.mes,68,34,Saya,まじめに右京先生の授業を<6E5C>受けてるみたいね.<6E5C>スゴイわ、<이름:3232>ちゃん,"우쿄선생님수업착실히<6E5C>듣고있나보네요.<6E5C>대단해요,<이름:3232>군","우쿄선생님수업착실히<6E5C>듣고있나보네요.<6E5C>대단해요,<이름:3232>군"
dom3HZR.mes,Script/dom3HZR.mes,69,12,주인공,俺なんてまだまだですよ,저는 아직 멀었어요,저는 아직 멀었어요
dom3HZR.mes,Script/dom3HZR.mes,70,21,Saya,<이름:3232>ちゃんも、オトナの<6E5C>仲間入りかしら?,"<이름:3232>군도,이제어른<6E5C>대열에드는걸까요?","<이름:3232>군도,이제어른<6E5C>대열에드는걸까요?"
dom3HZR.mes,Script/dom3HZR.mes,71,20,Saya,<이름:3232>ちゃん、袖がやぶけてる<6E5C>じゃないの,"<이름:3232> 군, 소매가 찢어져<6E5C>있잖아요","<이름:3232> 군, 소매가 찢어져<6E5C>있잖아요"
dom3HZR.mes,Script/dom3HZR.mes,72,24,주인공,これくらい平気ですよ.<6E5C>ちょっと斬られただけで,이 정도는 괜찮아요.<6E5C>살짝 베인 것뿐인데요,이 정도는 괜찮아요.<6E5C>살짝 베인 것뿐인데요
dom3HZR.mes,Script/dom3HZR.mes,73,33,Saya,ヤンチャなのはいいけど、親が悲し<6E5C>むようなことになっちゃダメよ!,"말썽부리는건좋은데,부모님이<6E5C>슬퍼할일은만들면안돼요!","말썽부리는건좋은데,부모님이<6E5C>슬퍼할일은만들면안돼요!"
dom3HZR.mes,Script/dom3HZR.mes,74,17,주인공,命さん、何をみつめてるんですか?,"미코토 님, 뭘 보고 계세요?","미코토 님, 뭘 보고 계세요?"
dom3HZR.mes,Script/dom3HZR.mes,75,48,Mikoto,そこに咲いている草花が、生き生き<6E5C>と美しくて…….わたくしにも、<6E5C>あのような力強さがあれば……,"저기피어있는풀꽃이,생기있고<6E5C>아름다워서요…….저에게도,<6E5C>저런강인함이있다면……","저기피어있는풀꽃이,생기있고<6E5C>아름다워서요…….저에게도,<6E5C>저런강인함이있다면……"
dom3HZR.mes,Script/dom3HZR.mes,76,6,주인공,命さん……,미코토님…,미코토님…
dom3HZR.mes,Script/dom3HZR.mes,77,43,주인공,あ、命さん.俺、朝に覇王丸さんの<6E5C>稽古を受けてるんです.<6E5C>命さんも元気になったら……,"아,미코토님.전아침에하오마루씨한테<6E5C>수련받고있어요.<6E5C>얼른건강해지시면……","아,미코토님.전아침에하오마루씨한테<6E5C>수련받고있어요.<6E5C>얼른건강해지시면……"
dom3HZR.mes,Script/dom3HZR.mes,78,31,Mikoto,ホホホホホ!<6E5C>ソナタ、強くなってワラワを<6E5C>追い出すつもりか?,"호호호호호!<6E5C>그대, 강해져서 이 몸을<6E5C>내쫓을 셈인가?","호호호호호!<6E5C>그대, 강해져서 이 몸을<6E5C>내쫓을 셈인가?"
dom3HZR.mes,Script/dom3HZR.mes,79,21,주인공,俺は命さんに良くなって<6E5C>ほしいだけで……,전미코토님이나아지셨으면<6E5C>할뿐인데……,전미코토님이나아지셨으면<6E5C>할뿐인데……
dom3HZR.mes,Script/dom3HZR.mes,80,27,Mikoto,ソナタがいくら強くなろうと、<6E5C>ワラワにかなうものか!,"그대아무리강해진들,<6E5C>이몸당해낼성싶은가!","그대아무리강해진들,<6E5C>이몸당해낼성싶은가!"
dom3HZR.mes,Script/dom3HZR.mes,81,21,Mikoto,……<이름:3131>様、その手に持っている<6E5C>ものは?,"……<이름:3131>님,그손에든<6E5C>건뭔가요?","……<이름:3131>님,그손에든<6E5C>건뭔가요?"
dom3HZR.mes,Script/dom3HZR.mes,82,32,주인공,まだ習いたてですけど、句を作って<6E5C>きました.閉いてくれますか?,"아직배운지얼마안됐지만,글귀지어<6E5C>왔어요.들어주실래요?","아직배운지얼마안됐지만,글귀지어<6E5C>왔어요.들어주실래요?"
dom3HZR.mes,Script/dom3HZR.mes,83,33,Mikoto,まぁ、素敵.<6E5C>わたくし、歌は大好きです.<6E5C>是非、閉かせてください,"어머,근사해라.<6E5C>전노래를정말좋아해요.<6E5C>꼭,들려주세요","어머,근사해라.<6E5C>전노래를정말좋아해요.<6E5C>꼭,들려주세요"
dom3HZR.mes,Script/dom3HZR.mes,84,10,Mikoto,<이름:3131>様、この傷……,"<이름:3131>님,이상처……","<이름:3131>님,이상처……"
dom3HZR.mes,Script/dom3HZR.mes,85,26,주인공,何、たいしたことはないですよ.<6E5C>町に乱暴者がいてね,"아뇨,별거아니에요.<6E5C>동네에난폭한사람있어서요","아뇨,별거아니에요.<6E5C>동네에난폭한사람있어서요"
dom3HZR.mes,Script/dom3HZR.mes,86,40,Mikoto,危ないことはなさらないで<6E5C>ください.<이름:3131>様まで床に<6E5C>ふせられたら、わたくし……,"위험한 일은 하지 말아<6E5C>주세요. <이름:3131> 님마저 몸져<6E5C>누우시면, 저는……","위험한 일은 하지 말아<6E5C>주세요. <이름:3131> 님마저 몸져<6E5C>누우시면, 저는……"
dom3HZR.mes,Script/dom3HZR.mes,87,15,주인공,色さん、どこに行くんですか?,"시키 님, 어디 가세요?","시키 님, 어디 가세요?"
dom3HZR.mes,Script/dom3HZR.mes,88,19,Shiki,……あなたには、関係のないところ<6E5C>よ,"……당신과는, 상관없는<6E5C>곳이야","……당신과는, 상관없는<6E5C>곳이야"
dom3HZR.mes,Script/dom3HZR.mes,89,20,주인공,何か、俺で助けられることが<6E5C>あれば……,"혹시,제가도울수있는일<6E5C>있다면……","혹시,제가도울수있는일<6E5C>있다면……"
dom3HZR.mes,Script/dom3HZR.mes,90,31,Shiki,あなたじゃない…….<6E5C>私の求める男の声は、<6E5C>もっと力強い……,"당신아니야…….<6E5C>내가찾는남자목소리는,<6E5C>훨씬힘차……","당신아니야…….<6E5C>내가찾는남자목소리는,<6E5C>훨씬힘차……"
dom3HZR.mes,Script/dom3HZR.mes,91,53,주인공,でも俺、色さんに命を助けて<6E5C>もらったし何かしたいんです<485C>どうして見ず知らずの俺を<6E5C>助けてくれたんですか?,"그래도저,시키님이목숨구해<6E5C>주셨으니뭐라도하고싶어요<485C>어째서알지도못하는저를<6E5C>구해주셨나요?","그래도저,시키님이목숨구해<6E5C>주셨으니뭐라도하고싶어요<485C>어째서알지도못하는저를<6E5C>구해주셨나요?"
dom3HZR.mes,Script/dom3HZR.mes,92,9,Shiki,……わからないわ,……나도모르겠어,……나도모르겠어
dom3HZR.mes,Script/dom3HZR.mes,93,48,주인공,色さん、フラフラと歩いて…….<6E5C>困ってることがあったら俺に言って<6E5C>くださいよ.力になりますから,"시키님,힘없이걷고계시던데…….<6E5C>곤란한일있으면저한테말해<6E5C>주세요.힘이되어드릴게요","시키님,힘없이걷고계시던데…….<6E5C>곤란한일있으면저한테말해<6E5C>주세요.힘이되어드릴게요"
dom3HZR.mes,Script/dom3HZR.mes,94,6,Shiki,……無理よ,……무리야,……무리야
dom3HZR.mes,Script/dom3HZR.mes,95,28,주인공,そんなことないです!<6E5C>今朝だって、道場で腕を鍛えて……,"그렇지않아요!<6E5C>오늘아침에도,도장에서몸단련하고……","그렇지않아요!<6E5C>오늘아침에도,도장에서몸단련하고……"
dom3HZR.mes,Script/dom3HZR.mes,96,21,Shiki,……そう.<6E5C>無力な男に、価値はないものね,……그래.<6E5C>힘없는남자는가치없는법이지,……그래.<6E5C>힘없는남자는가치없는법이지
dom3HZR.mes,Script/dom3HZR.mes,97,15,Shiki,でも、力だけじゃ足りない……,"하지만,힘만으론부족해……","하지만,힘만으론부족해……"
dom3HZR.mes,Script/dom3HZR.mes,98,4,주인공,……?,……?,……?
dom3HZR.mes,Script/dom3HZR.mes,99,45,주인공,色さんは芸事をしてるから歌が<6E5C>好きですよね.俺、句を習って<6E5C>るんです.閉いてくれますか?,시키님은예능하시니노래<6E5C>좋아하시죠.저요즘글귀배우고<6E5C>있어요.들어주실래요?,시키님은예능하시니노래<6E5C>좋아하시죠.저요즘글귀배우고<6E5C>있어요.들어주실래요?
dom3HZR.mes,Script/dom3HZR.mes,100,27,Shiki,あなたの歌など私には必要<6E5C>ない…….閉くに値しないわ,당신노래따위나에겐필요<6E5C>없어…….들을가치도없어,당신노래따위나에겐필요<6E5C>없어…….들을가치도없어
dom3HZR.mes,Script/dom3HZR.mes,101,6,주인공,ひどい……,너무하네…,너무하네…
dom3HZR.mes,Script/dom3HZR.mes,102,4,Shiki,……血,……피,……피
dom3HZR.mes,Script/dom3HZR.mes,103,30,주인공,あ、これは今朝、町で斬られたとき<6E5C>のもので……お恥ずかしい,"아,이건오늘아침동네서베였을<6E5C>때생긴거라……부끄럽네요","아,이건오늘아침동네서베였을<6E5C>때생긴거라……부끄럽네요"
dom3HZR.mes,Script/dom3HZR.mes,104,17,Shiki,……あなたも、闇を抱えているのね,"……당신도,어둠품고있구나","……당신도,어둠품고있구나"
dom3HZR.mes,Script/dom3HZR.mes,105,16,Shiki,でも、それだけじゃ足りない……,"하지만,그것만으론부족해……","하지만,그것만으론부족해……"
dom3HZR.mes,Script/dom3HZR.mes,106,4,주인공,……?,……?,……?
dom3HZR.mes,Script/dom3HZR.mes,107,16,Iroha,私、買い物してきますね、旦那様,"저,장보고올게요,서방님","저,장보고올게요,서방님"
dom3HZR.mes,Script/dom3HZR.mes,108,34,주인공,買い物か.メシだったら<6E5C>俺が何か獲ってこようか.<6E5C>山で動物とか……,장보러가는구나.먹을거면<6E5C>내가뭐라도잡아올까?<6E5C>산짐승이라도……,장보러가는구나.먹을거면<6E5C>내가뭐라도잡아올까?<6E5C>산짐승이라도……
dom3HZR.mes,Script/dom3HZR.mes,109,29,Iroha,いけません!そんなこと.<6E5C>生き物を傷つけてはいけません!,안돼요!그런짓은요.<6E5C>생명다치게하시면안돼요!,안돼요!그런짓은요.<6E5C>생명다치게하시면안돼요!
dom3HZR.mes,Script/dom3HZR.mes,110,28,Iroha,旦那様.剣術道場などに通われて、<6E5C>どうされるのですか?,"서방님.검술도장같은데다니셔서,<6E5C>어쩌시려고요?","서방님.검술도장같은데다니셔서,<6E5C>어쩌시려고요?"
dom3HZR.mes,Script/dom3HZR.mes,111,15,주인공,もちろん、強い男になるんだよ,"당연히,강한남자가되려고","당연히,강한남자가되려고"
dom3HZR.mes,Script/dom3HZR.mes,112,38,Iroha,旦那様はそのままで十分素敵です.<6E5C>刀など、どうか振るわないでくださ<6E5C>い……,"서방님은지금그대로충분히멋져요.<6E5C>칼같은건,부디휘두르지말아<6E5C>주세요……","서방님은지금그대로충분히멋져요.<6E5C>칼같은건,부디휘두르지말아<6E5C>주세요……"
dom3HZR.mes,Script/dom3HZR.mes,113,25,주인공,いろは、右京さんから習った句を<6E5C>閉いてくれるか?,"이로하, 우쿄 씨한테 배운 글귀를<6E5C>들어줄래?","이로하, 우쿄 씨한테 배운 글귀를<6E5C>들어줄래?"
dom3HZR.mes,Script/dom3HZR.mes,114,34,Iroha,そんな!<6E5C>私に歌のことなどわかりません!<6E5C>どうか許してくださいっ!,그런!<6E5C>저는 노래 같은 건 몰라요!<6E5C>부디 용서해주세요!,그런!<6E5C>저는 노래 같은 건 몰라요!<6E5C>부디 용서해주세요!
dom3HZR.mes,Script/dom3HZR.mes,115,5,[효과음/내레이션],ぴゅうっ,휙,휙
dom3HZR.mes,Script/dom3HZR.mes,116,11,주인공,何も逃げなくても……,도망안가도되는데……,도망안가도되는데……
dom3HZR.mes,Script/dom3HZR.mes,117,26,Iroha,旦那様、傷が…….<6E5C>町でいじめられているのですか?,"서방님,상처가…….<6E5C>동네서괴롭힘당하시는건가요?","서방님,상처가…….<6E5C>동네서괴롭힘당하시는건가요?"
dom3HZR.mes,Script/dom3HZR.mes,118,20,주인공,いじめられているどころでは<6E5C>ないかなぁ,괴롭힘당하는 정도가<6E5C>아닌 것 같은데,괴롭힘당하는 정도가<6E5C>아닌 것 같은데
dom3HZR.mes,Script/dom3HZR.mes,119,51,Iroha,でも、安心してください!<6E5C>いろはがいつでも看病いたします<6E5C>から!<485C>旦那様は私がお守りいたし<6E5C>ますね?,"하지만,안심하세요!<6E5C>이로하가언제든지간병해<6E5C>드릴테니까요!<485C>서방님은제가지켜<6E5C>드릴게요?","하지만,안심하세요!<6E5C>이로하가언제든지간병해<6E5C>드릴테니까요!<485C>서방님은제가지켜<6E5C>드릴게요?"
dom3HZR.mes,Script/dom3HZR.mes,120,27,UNKNOWN_6d,旦那……フラフラしてるとこを見る<6E5C>と、ヒマなのかい?,"나리……그렇게어슬렁대는걸보<6E5C>니,한가하신가봐요?","나리……그렇게어슬렁대는걸보<6E5C>니,한가하신가봐요?"
dom3HZR.mes,Script/dom3HZR.mes,121,29,주인공,グサッ.<6E5C>俺は千夜さんに会いたくて来てるの<6E5C>に、ひどいな,"윽.<6E5C>난 치요 씨가 보고 싶어서 온 건데,<6E5C>너무하네","윽.<6E5C>난 치요 씨가 보고 싶어서 온 건데,<6E5C>너무하네"
dom3HZR.mes,Script/dom3HZR.mes,122,31,UNKNOWN_6d,だったら蜜蜂屋の用心棒でもやるか<6E5C>い?毎日あちきと会えますよ,그럼미츠바치야경호원이라도<6E5C>해보실래요?매일저랑만날수있어요,그럼미츠바치야경호원이라도<6E5C>해보실래요?매일저랑만날수있어요
dom3HZR.mes,Script/dom3HZR.mes,123,16,주인공,そんなおっかない仕事できないよ,그런 무서운 일은 못 해,그런 무서운 일은 못 해
dom3HZR.mes,Script/dom3HZR.mes,124,26,UNKNOWN_6d,やれやれ、情けないねぇ.<6E5C>弱っちぃ男は嫌いですよ?,"이런, 한심하기는.<6E5C>약해빠진 남자는 싫어해요?","이런, 한심하기는.<6E5C>약해빠진 남자는 싫어해요?"
dom3HZR.mes,Script/dom3HZR.mes,125,27,UNKNOWN_6d,旦那……フラフラしてるとこを見る<6E5C>と、ヒマなのかい?,"나리……그렇게어슬렁대는걸보<6E5C>니,한가하신가봐요?","나리……그렇게어슬렁대는걸보<6E5C>니,한가하신가봐요?"
dom3HZR.mes,Script/dom3HZR.mes,126,29,주인공,グサッ.<6E5C>俺は千夜さんに会いたくて来てるの<6E5C>に、ひどいな,"윽.<6E5C>난 치요 씨가 보고 싶어서 온 건데,<6E5C>너무하네","윽.<6E5C>난 치요 씨가 보고 싶어서 온 건데,<6E5C>너무하네"
dom3HZR.mes,Script/dom3HZR.mes,127,31,UNKNOWN_6d,だったら蜜蜂屋の用心棒でもやるか<6E5C>い?毎日あちきと会えますよ,그럼미츠바치야경호원이라도<6E5C>해보실래요?매일저랑만날수있어요,그럼미츠바치야경호원이라도<6E5C>해보실래요?매일저랑만날수있어요
dom3HZR.mes,Script/dom3HZR.mes,128,16,주인공,そんなおっかない仕事できないよ,그런 무서운 일은 못 해,그런 무서운 일은 못 해
dom3HZR.mes,Script/dom3HZR.mes,129,26,UNKNOWN_6d,やれやれ、情けないねぇ.<6E5C>弱っちぃ男は嫌いですよ?,"이런, 한심하기는.<6E5C>약해빠진 남자는 싫어해요?","이런, 한심하기는.<6E5C>약해빠진 남자는 싫어해요?"
dom3HZR.mes,Script/dom3HZR.mes,130,27,UNKNOWN_6d,旦那……フラフラしてるとこを見る<6E5C>と、ヒマなのかい?,"나리……그렇게어슬렁대는걸보<6E5C>니,한가하신가봐요?","나리……그렇게어슬렁대는걸보<6E5C>니,한가하신가봐요?"
dom3HZR.mes,Script/dom3HZR.mes,131,36,주인공,グサッ.<6E5C>そんなことないよ.朝は道場で稽古<6E5C>したり、これでも忙しいんだ,"윽.<6E5C>그렇지않아.아침엔도장에서수련도<6E5C>하고,이래봬도바쁘다고","윽.<6E5C>그렇지않아.아침엔도장에서수련도<6E5C>하고,이래봬도바쁘다고"
dom3HZR.mes,Script/dom3HZR.mes,132,35,UNKNOWN_6d,それは、けっこう!<6E5C>蜜蜂屋の用心棒になるため、努力し<6E5C>てるんだねぇ!,"그것참,좋네요!<6E5C>미츠바치야경호원되려고,노력하고<6E5C>계시나봐요!","그것참,좋네요!<6E5C>미츠바치야경호원되려고,노력하고<6E5C>계시나봐요!"
dom3HZR.mes,Script/dom3HZR.mes,133,13,주인공,用心棒にはならないよ……,경호원은안될거야……,경호원은안될거야……
dom3HZR.mes,Script/dom3HZR.mes,134,9,주인공,誰もいないか……,아무도 없나……,아무도 없나……
dom3HZR.mes,Script/dom3HZR.mes,135,17,UNKNOWN_74,こんなところに何の用だ、テメェ!,"이런데서무슨볼일이냐,이자식아!","이런데서무슨볼일이냐,이자식아!"
dom3HZR.mes,Script/dom3HZR.mes,136,5,주인공,狂エ門!,쿄에몬!,쿄에몬!
dom3HZR.mes,Script/dom3HZR.mes,137,32,UNKNOWN_74,テメェには他にすることねぇのか?<6E5C>さっさとどっかに行きやがれ!,네놈은 딴 할 일도 없냐?<6E5C>냉큼 어디로든 꺼져버려!,네놈은 딴 할 일도 없냐?<6E5C>냉큼 어디로든 꺼져버려!
dom3HZR.mes,Script/dom3HZR.mes,138,16,주인공,おまえはすることないのかよ……,네가할일없는거아니고……,네가할일없는거아니고……
dom3HZR.mes,Script/dom3HZR.mes,139,34,주인공,いろははお出かけか.<6E5C>変なかっこうで出歩いてなければ<6E5C>いいけど……,이로하는외출했나.<6E5C>이상한차림으로다니지만<6E5C>않으면좋겠는데……,이로하는외출했나.<6E5C>이상한차림으로다니지만<6E5C>않으면좋겠는데……
dom3HZR.mes,Script/dom3HZR.mes,140,3,[효과음/내레이션],不明,불명,불명
dom3OP_0701.mes,Script/dom3OP_0701.mes,0,15,[효과음/내레이션],いろはを攻略対象に営めますか?,이로하를공략대상으로설정?,이로하를공략대상으로설정?
dom3OP_0701.mes,Script/dom3OP_0701.mes,1,7,[선택지],営める営めない,가능\불가능,가능\불가능
dom3OP_0701.mes,Script/dom3OP_0701.mes,2,9,[선택지],次前BGテスト終了,다음\이전\BG종료,다음\이전\BG종료
dom3OP_0701.mes,Script/dom3OP_0701.mes,3,9,[선택지],次前BGテスト終了,다음\이전\BG종료,다음\이전\BG종료
dom3OP_0701.mes,Script/dom3OP_0701.mes,4,15,[선택지],ナコルル詩乃ミナ凛花次のページ,나코루루시노미나린카다음페이지,나코루루\시노\미나\린카\다음페이지
dom3OP_0701.mes,Script/dom3OP_0701.mes,5,12,[선택지],サヤ命色いろは次のページ,사야미코토시키이로하다음,사야\미코토\시키\이로하\다음
dom3OP_0701.mes,Script/dom3OP_0701.mes,6,18,[선택지],サブキャラ次のページキャラテスト終了,서브캐릭터\다음페이지\캐릭터테스트종료,서브캐릭터\다음페이지\캐릭터테스트종료
dom3OP_0701.mes,Script/dom3OP_0701.mes,7,5,UNKNOWN_6e5c,タイトル：,타이틀:,타이틀:
dom3OP_0701.mes,Script/dom3OP_0701.mes,8,6,[효과음/내레이션],オープニング,오프닝,오프닝
dom3OP_0701.mes,Script/dom3OP_0701.mes,9,6,[효과음/내레이션],メインテーマ,메인테마,메인테마
dom3OP_0701.mes,Script/dom3OP_0701.mes,10,4,[효과음/내레이션],真剣勝負,진검승부,진검승부
dom3OP_0701.mes,Script/dom3OP_0701.mes,11,4,[효과음/내레이션],ムーディ,무디,무디
dom3OP_0701.mes,Script/dom3OP_0701.mes,12,3,[효과음/내레이션],悲しみ,슬픔,슬픔
dom3OP_0701.mes,Script/dom3OP_0701.mes,13,8,[효과음/내레이션],ナコルルのテーマ,나코루루의 테마,나코루루의 테마
dom3OP_0701.mes,Script/dom3OP_0701.mes,14,6,[효과음/내레이션],詩乃のテーマ,시노의 테마,시노의 테마
dom3OP_0701.mes,Script/dom3OP_0701.mes,15,6,[효과음/내레이션],千夜のテーマ,치요의 테마,치요의 테마
dom3OP_0701.mes,Script/dom3OP_0701.mes,16,6,[효과음/내레이션],ミナのテーマ,미나의 테마,미나의 테마
dom3OP_0701.mes,Script/dom3OP_0701.mes,17,6,[효과음/내레이션],凛花のテーマ,린카의 테마,린카의 테마
dom3OP_0701.mes,Script/dom3OP_0701.mes,18,6,[효과음/내레이션],サヤのテーマ,사야의 테마,사야의 테마
dom3OP_0701.mes,Script/dom3OP_0701.mes,19,5,[효과음/내레이션],命のテーマ,미코토테마,미코토테마
dom3OP_0701.mes,Script/dom3OP_0701.mes,20,5,[효과음/내레이션],色のテーマ,시키의테마,시키의테마
dom3OP_0701.mes,Script/dom3OP_0701.mes,21,7,[효과음/내레이션],いろはのテーマ,이로하의 테마,이로하의 테마
dom3OP_0701.mes,Script/dom3OP_0701.mes,22,15,[선택지],ナコルル詩乃ミナ凛花次のページ,나코루루시노미나린카다음페이지,나코루루\시노\미나\린카\다음페이지
dom3OP_0701.mes,Script/dom3OP_0701.mes,23,12,[선택지],サヤ命色いろは次のページ,사야미코토시키이로하다음,사야\미코토\시키\이로하\다음
dom3OP_0701.mes,Script/dom3OP_0701.mes,24,10,[선택지],狂エ門次のページ戻る,쿄에몬\다음\뒤로가기,쿄에몬\다음\뒤로가기
dom3OP_0701.mes,Script/dom3OP_0701.mes,25,15,[효과음/내레이션],プロローグからはじめますか?,프롤로그부터시작할까요?,프롤로그부터시작할까요?
dom3OP_0701.mes,Script/dom3OP_0701.mes,26,21,[선택지],プロローグからはじめる7月3日からはじめる,프롤로그부터시작하기\7월3일부터시작하기,프롤로그부터시작하기\7월3일부터시작하기
dom3OP_0701.mes,Script/dom3OP_0701.mes,27,5,[효과음/내레이션],…………寺,…………절,…………절
dom3OP_0701.mes,Script/dom3OP_0701.mes,28,8,[효과음/내레이션],……ピィ、ピィ,"……삐이,삐이","……삐이,삐이"
dom3OP_0701.mes,Script/dom3OP_0701.mes,29,7,주인공,(……ん?),(……음?),(……음?)
dom3OP_0701.mes,Script/dom3OP_0701.mes,30,9,[효과음/내레이션],チチチ、チィチィ,"짹짹짹, 짹짹","짹짹짹, 짹짹"
dom3OP_0701.mes,Script/dom3OP_0701.mes,31,24,주인공,(……ああ、もう朝か.<6E5C>鳥たちがうるさいなぁ),"(……아,벌써아침인가.<6E5C>새들이시끄럽네)","(……아,벌써아침인가.<6E5C>새들이시끄럽네)"
dom3OP_0701.mes,Script/dom3OP_0701.mes,32,7,주인공,うぅ~ん……,으으음……,으으음……
dom3OP_0701.mes,Script/dom3OP_0701.mes,33,17,주인공,……ふぁ~あ.よく寝た、よく寝た,"……하아암.잘잤다,잘잤어","……하아암.잘잤다,잘잤어"
dom3OP_0701.mes,Script/dom3OP_0701.mes,34,44,주인공,……しかし、俺もどこでも寝れる<6E5C>立派な体になったもんだ.<6E5C>一年も放浪してたら当たり前か,……그나저나나도아무데서나잘수있는<6E5C>훌륭한몸이됐구나.<6E5C>1년이나떠돌아다녔으니당연한가,……그나저나나도아무데서나잘수있는<6E5C>훌륭한몸이됐구나.<6E5C>1년이나떠돌아다녔으니당연한가
dom3OP_0701.mes,Script/dom3OP_0701.mes,35,40,주인공,よぉし、いつの日か、立ったまま<6E5C>寝れる丈夫な体になるまで、<6E5C>がんばるぞ!おー!,"좋아,언젠가는선채로<6E5C>잘수있는튼튼한몸이될때까지<6E5C>열심히해보자!오오!","좋아,언젠가는선채로<6E5C>잘수있는튼튼한몸이될때까지<6E5C>열심히해보자!오오!"
dom3OP_0701.mes,Script/dom3OP_0701.mes,36,9,주인공,……むなしいなぁ,……허무하네,……허무하네
dom3OP_0701.mes,Script/dom3OP_0701.mes,37,8,[효과음/내레이션],キィー、キー!,"끼이익,끼익!","끼이익,끼익!"
dom3OP_0701.mes,Script/dom3OP_0701.mes,38,22,주인공,なんだ?ずいぶんと大きな鳥の<6E5C>鳴き声が……,뭐지?꽤나큰새울음소리가<6E5C>들리는데……,뭐지?꽤나큰새울음소리가<6E5C>들리는데……
dom3OP_0701.mes,Script/dom3OP_0701.mes,39,7,[효과음/내레이션],キィ、キィッ,"끼익,끼이익","끼익,끼이익"
dom3OP_0701.mes,Script/dom3OP_0701.mes,40,49,주인공,わぁっ!こんな草むらに鳥がはばた<6E5C>いて…….あ、罠か.罠にかかって<6E5C>動けないんだな.かわいそうに,"으앗!이런풀숲에서새가파닥거리<6E5C>고있잖아…….아,덫인가.움직이지못하는구나.<6E5C>불쌍하게도","으앗!이런풀숲에서새가파닥거리<6E5C>고있잖아…….아,덫인가.움직이지못하는구나.<6E5C>불쌍하게도"
dom3OP_0701.mes,Script/dom3OP_0701.mes,41,7,[효과음/내레이션],キィ、キィ~,"끼익,끼이이","끼익,끼이이"
dom3OP_0701.mes,Script/dom3OP_0701.mes,42,40,주인공,な、なんだよ.そんな訴えるような<6E5C>目で俺を見るなよ.これも運命だ、<6E5C>あきらめろ,"뭐,뭐야.그렇게호소하는것같은<6E5C>눈으로날보지마.이것도운명이다,<6E5C>포기해","뭐,뭐야.그렇게호소하는것같은<6E5C>눈으로날보지마.이것도운명이다,<6E5C>포기해"
dom3OP_0701.mes,Script/dom3OP_0701.mes,43,5,[효과음/내레이션],キィィ~,끼이이익,끼이이익
dom3OP_0701.mes,Script/dom3OP_0701.mes,44,14,주인공,……う~ん、しかたないなぁ,"……으음, 어쩔 수 없네","……으음, 어쩔 수 없네"
dom3OP_0701.mes,Script/dom3OP_0701.mes,45,8,[효과음/내레이션],ガチャ、ガチャ,"철컥, 철컥","철컥, 철컥"
dom3OP_0701.mes,Script/dom3OP_0701.mes,46,8,[효과음/내레이션],バサバサバサッ,푸드덕푸드덕,푸드덕푸드덕
dom3OP_0701.mes,Script/dom3OP_0701.mes,47,25,주인공,ほら、もう捕まったりするんじゃな<6E5C>いぞ.元気でな,"자, 이제 다시 붙잡히지<6E5C>마라.잘 지내","자, 이제 다시 붙잡히지<6E5C>마라.잘 지내"
dom3OP_0701.mes,Script/dom3OP_0701.mes,48,8,[효과음/내레이션],キー!<020A>キー!,끼익!<020A>끼익!,끼익!<020A>끼익!
dom3OP_0701.mes,Script/dom3OP_0701.mes,49,36,주인공,よかった.無事に飛べるみたいだ.<6E5C>あんなにうれしそうに空を<6E5C>回って……,다행이다.무사히날수있는모양이네.<6E5C>기쁜듯이하늘을<6E5C>빙빙도는걸보니……,다행이다.무사히날수있는모양이네.<6E5C>기쁜듯이하늘을<6E5C>빙빙도는걸보니……
dom3OP_0701.mes,Script/dom3OP_0701.mes,50,8,UNKNOWN_1e,優しいんですね,다정하시네요,다정하시네요
dom3OP_0701.mes,Script/dom3OP_0701.mes,51,3,주인공,えっ,엇,엇
dom3OP_0701.mes,Script/dom3OP_0701.mes,52,40,UNKNOWN_28,悲しい声が閉こえてきたので助けに<6E5C>来たんですけど……先を越されてし<6E5C>まいました,슬픈 울음소리가 들려서 도우러<6E5C>왔는데…… 먼저 오셨네요,슬픈 울음소리가 들려서 도우러<6E5C>왔는데…… 먼저 오셨네요
dom3OP_0701.mes,Script/dom3OP_0701.mes,53,5,주인공,君は……,넌……,넌……
dom3OP_0701.mes,Script/dom3OP_0701.mes,54,28,UNKNOWN_28,この、ねおじ山に住んでる、<6E5C>ナコルルです.はじめまして,"이네오지산에살고있는,<6E5C>나코루루예요.처음뵙겠습니다","이네오지산에살고있는,<6E5C>나코루루예요.처음뵙겠습니다"
dom3OP_0701.mes,Script/dom3OP_0701.mes,55,25,주인공,ねおじ山っていうのかい、<6E5C>この山は.変な名前だね,"네오지산이라고하는구나,<6E5C>이산은.이름특이하네","네오지산이라고하는구나,<6E5C>이산은.이름특이하네"
dom3OP_0701.mes,Script/dom3OP_0701.mes,56,17,Nakoruru,名前も知らないで入ったんですか?,이름도모르고들어오신거예요?,이름도모르고들어오신거예요?
dom3OP_0701.mes,Script/dom3OP_0701.mes,57,48,주인공,俺は旅の者でね.行くとこ行くとこ<6E5C>山ばかりだ.悪いけど、いちいち<6E5C>名前なんて気にしてられないな,난떠돌이나그네라서말이지.가는곳마다<6E5C>온통산뿐이야.미안한데일일이<6E5C>이름같은거신경쓸여유가없어,난떠돌이나그네라서말이지.가는곳마다<6E5C>온통산뿐이야.미안한데일일이<6E5C>이름같은거신경쓸여유가없어
dom3OP_0701.mes,Script/dom3OP_0701.mes,58,37,Nakoruru,ここは素敵な山ですよ?<6E5C>木々がのびのび育って、<6E5C>動物たちもたくさんいます,"여긴 멋진 산이에요?<6E5C>나무들도 쑥쑥 자라고,<6E5C>동물들도 많이 있어요","여긴 멋진 산이에요?<6E5C>나무들도 쑥쑥 자라고,<6E5C>동물들도 많이 있어요"
dom3OP_0701.mes,Script/dom3OP_0701.mes,59,34,주인공,そうだな.<6E5C>一晩寝させてもらったけど、<6E5C>寝心地の悪くない山だったよ,"그렇구나.<6E5C>하룻밤 재워줬는데,<6E5C>잠자리가 나쁘지 않은 산이었어","그렇구나.<6E5C>하룻밤 재워줬는데,<6E5C>잠자리가 나쁘지 않은 산이었어"
dom3OP_0701.mes,Script/dom3OP_0701.mes,60,52,Nakoruru,ふふっ、よく襲われないで<6E5C>すみましたね<485C>きっと、邪気がないから、みんなが<6E5C>仲間だと認めてくれたんですね,"후훗, 습격당하지 않고<6E5C>넘어갔네요<485C>분명 사악한 기운이 없어서 다들<6E5C>동료로 인정해준 거겠죠","후훗, 습격당하지 않고<6E5C>넘어갔네요<485C>분명 사악한 기운이 없어서 다들<6E5C>동료로 인정해준 거겠죠"
dom3OP_0701.mes,Script/dom3OP_0701.mes,61,31,Nakoruru,刀を持ってるから恐い人かと思った<6E5C>けれど、ぜんぜん違うみたい,"칼을갖고있어서무서운사람인가했<6E5C>는데,전혀그렇지않은것같아요","칼을갖고있어서무서운사람인가했<6E5C>는데,전혀그렇지않은것같아요"
dom3OP_0701.mes,Script/dom3OP_0701.mes,62,23,주인공,この腰の物は……<6E5C>まぁ、護身用みたいなものさ,"이허리에찬건……<6E5C>뭐,호신용같은거야","이허리에찬건……<6E5C>뭐,호신용같은거야"
dom3OP_0701.mes,Script/dom3OP_0701.mes,63,31,주인공,君、この山に住んでるって言ったけ<6E5C>ど、近くに村はないのかい?,"너, 이 산에 산다고 했<6E5C>는데, 근처에 마을은 없어?","너, 이 산에 산다고 했<6E5C>는데, 근처에 마을은 없어?"
dom3OP_0701.mes,Script/dom3OP_0701.mes,64,30,Nakoruru,いいえ.この山道を進んで南に<6E5C>降りると、すぐに町があります,아뇨.이산길을따라남쪽으로<6E5C>내려가면바로마을이있어요,아뇨.이산길을따라남쪽으로<6E5C>내려가면바로마을이있어요
dom3OP_0701.mes,Script/dom3OP_0701.mes,65,44,주인공,そうか.ならば町で熱いお茶でも<6E5C>もらっていこう.もう湧き水で腹を<6E5C>冷やしたくないしなぁ,그렇군.마을에서따뜻한차라도<6E5C>한잔마셔야겠다.더는샘물로배속을<6E5C>차게하고싶지않으니까,그렇군.마을에서따뜻한차라도<6E5C>한잔마셔야겠다.더는샘물로배속을<6E5C>차게하고싶지않으니까
dom3OP_0701.mes,Script/dom3OP_0701.mes,66,24,Nakoruru,あなたはふもとの町から来た人では<6E5C>ないのですね,당신은 산기슭 마을에서 온 사람이<6E5C>아니군요,당신은 산기슭 마을에서 온 사람이<6E5C>아니군요
dom3OP_0701.mes,Script/dom3OP_0701.mes,67,23,주인공,ああ.東の方からあてもなく流れて<6E5C>きただけだ,그래.그냥동쪽에서정처없이흘러<6E5C>왔을뿐이야,그래.그냥동쪽에서정처없이흘러<6E5C>왔을뿐이야
dom3OP_0701.mes,Script/dom3OP_0701.mes,68,31,주인공,名は<이름:3131><이름:3232>.<6E5C>……君はなぜ、町に降りず<6E5C>こんな山の中で――,이름은<이름:3131><이름:3232>.<6E5C>……넌왜마을로안내려가고<6E5C>이런산속에서――,이름은<이름:3131><이름:3232>.<6E5C>……넌왜마을로안내려가고<6E5C>이런산속에서――
dom3OP_0701.mes,Script/dom3OP_0701.mes,69,6,[효과음/내레이션],バサバサッ,푸드덕,푸드덕
dom3OP_0701.mes,Script/dom3OP_0701.mes,70,21,주인공,わぁっ!大きな鷹がこっちに……<6E5C>危ない!,으앗!커다란매가이쪽으로……<6E5C>위험해!,으앗!커다란매가이쪽으로……<6E5C>위험해!
dom3OP_0701.mes,Script/dom3OP_0701.mes,71,31,Nakoruru,大丈夫.ママハハは無闇に人を<6E5C>襲ったりしません.ね?ママハハ,괜찮아요.마마하하는함부로<6E5C>공격안해요.그렇지?마마하하,괜찮아요.마마하하는함부로<6E5C>공격안해요.그렇지?마마하하
dom3OP_0701.mes,Script/dom3OP_0701.mes,72,4,UNKNOWN_79,ピーッ,삐이익,삐이익
dom3OP_0701.mes,Script/dom3OP_0701.mes,73,15,주인공,あ……君の鳥か.びっくりした,아……네새구나.깜짝놀랐잖아,아……네새구나.깜짝놀랐잖아
dom3OP_0701.mes,Script/dom3OP_0701.mes,74,26,Nakoruru,もぉ、驚かせたりして、<6E5C>いじわるだなぁ.ママハハは,"정말, 놀라게 하고,<6E5C>심술궂네.마마하하는","정말, 놀라게 하고,<6E5C>심술궂네.마마하하는"
dom3OP_0701.mes,Script/dom3OP_0701.mes,75,5,UNKNOWN_79,ピィッ!,삐잇!,삐잇!
dom3OP_0701.mes,Script/dom3OP_0701.mes,76,47,Nakoruru,<이름:3232>さん、気をつけて旅を続けて<6E5C>くださいね.大自然を甘くみると、<6E5C>おしおきされちゃいますよ?,"<이름:3232>씨, 조심해서 여행을 계속<6E5C>해주세요.대자연을 얕보면<6E5C>벌 받을지도 몰라요?","<이름:3232>씨, 조심해서 여행을 계속<6E5C>해주세요.대자연을 얕보면<6E5C>벌 받을지도 몰라요?"
dom3OP_0701.mes,Script/dom3OP_0701.mes,77,26,주인공,おしおき?それはおっかないな.<6E5C>気をつけるとしよう,벌? 그거 무섭네.<6E5C>조심하도록 하지,벌? 그거 무섭네.<6E5C>조심하도록 하지
dom3OP_0701.mes,Script/dom3OP_0701.mes,78,27,Nakoruru,くれぐれも、その刀で悪さしたり<6E5C>しないでくださいね?,부디그칼로나쁜짓같은거<6E5C>하지말아주세요?,부디그칼로나쁜짓같은거<6E5C>하지말아주세요?
dom3OP_0701.mes,Script/dom3OP_0701.mes,79,41,Nakoruru,あなたからは穏やかな気しか感じな<6E5C>いので、大丈夫だと思いますけど.<6E5C>……それでは,당신에게서는온화한기운밖에느껴지<6E5C>지않으니괜찮을거라생각하지만.<6E5C>……그럼이만,당신에게서는온화한기운밖에느껴지<6E5C>지않으니괜찮을거라생각하지만.<6E5C>……그럼이만
dom3OP_0701.mes,Script/dom3OP_0701.mes,80,6,[효과음/내레이션],タタッ……,타닥……,타닥……
dom3OP_0701.mes,Script/dom3OP_0701.mes,81,10,주인공,あ……行っちゃった,아…… 가버렸네,아…… 가버렸네
dom3OP_0701.mes,Script/dom3OP_0701.mes,82,39,주인공,不思議な女の子だったな.どこか、<6E5C>この国の人間ではないような……<6E5C>まぁいいか,"신기한여자애였네.어딘지모르게<6E5C>이나라사람이아닌것같은……<6E5C>뭐,상관없나","신기한여자애였네.어딘지모르게<6E5C>이나라사람이아닌것같은……<6E5C>뭐,상관없나"
dom3OP_0701.mes,Script/dom3OP_0701.mes,83,16,주인공,とにかく、町へ降りてみるか……,아무튼마을로내려가볼까……,아무튼마을로내려가볼까……
dom3OP_0701.mes,Script/dom3OP_0701.mes,84,6,[효과음/내레이션],ざわ、ざわ,"웅성,웅성","웅성,웅성"
dom3OP_0701.mes,Script/dom3OP_0701.mes,85,29,주인공,ずいぶんにぎやかな町だなぁ.<6E5C>人が多くて、活気に満ちてる,꽤 활기찬 마을이네.<6E5C>사람도 많고 생기가 넘쳐,꽤 활기찬 마을이네.<6E5C>사람도 많고 생기가 넘쳐
dom3OP_0701.mes,Script/dom3OP_0701.mes,86,36,주인공,とにかく、のどが渇いて<6E5C>しょうがない.どれどれ、どこかに<6E5C>お茶屋は……,"아무튼목이말라서<6E5C>참을수가없네.어디보자,어딘가에<6E5C>찻집이라도……","아무튼목이말라서<6E5C>참을수가없네.어디보자,어딘가에<6E5C>찻집이라도……"
dom3OP_0701.mes,Script/dom3OP_0701.mes,87,35,주인공,お、あったあった.<6E5C>「むささび屋」か.<6E5C>ふむ、よい感じの店じゃないか,"오, 있다 있어.<6E5C>「무사사비야」인가.<6E5C>흠, 느낌 좋은 가게잖아","오, 있다 있어.<6E5C>「무사사비야」인가.<6E5C>흠, 느낌 좋은 가게잖아"
dom3OP_0701.mes,Script/dom3OP_0701.mes,88,4,[효과음/내레이션],ガラッ,드르륵,드르륵
dom3OP_0701.mes,Script/dom3OP_0701.mes,89,10,UNKNOWN_1e,いらっしゃいませー,어서 오세요~,어서 오세요~
dom3OP_0701.mes,Script/dom3OP_0701.mes,90,25,주인공,すいませんが、お茶を一杯いただけ<6E5C>ないでしょうか,죄송하지만 차 한 잔만<6E5C>주실 수 있을까요,죄송하지만 차 한 잔만<6E5C>주실 수 있을까요
dom3OP_0701.mes,Script/dom3OP_0701.mes,91,24,UNKNOWN_1e,はいはい、お茶ならここに……<6E5C>って、ああーっ!,"네네, 차라면 여기……<6E5C>어, 아아앗!","네네, 차라면 여기……<6E5C>어, 아아앗!"
dom3OP_0701.mes,Script/dom3OP_0701.mes,92,4,[효과음/내레이션],ズルッ,주르륵,주르륵
dom3OP_0701.mes,Script/dom3OP_0701.mes,93,8,[효과음/내레이션],バッチャーンッ,촤아아악,촤아아악
dom3OP_0701.mes,Script/dom3OP_0701.mes,94,12,주인공,うあああっちぃぃーっ!,으아아아 뜨거어어!,으아아아 뜨거어어!
dom3OP_0701.mes,Script/dom3OP_0701.mes,95,24,UNKNOWN_1c,きゃああ!ごめんなさい!<6E5C>すぐにふきますからっ,꺄아악! 죄송해요!<6E5C>바로 닦아드릴게요!,꺄아악! 죄송해요!<6E5C>바로 닦아드릴게요!
dom3OP_0701.mes,Script/dom3OP_0701.mes,96,6,주인공,あつつ……,아뜨뜨……,아뜨뜨……
dom3OP_0701.mes,Script/dom3OP_0701.mes,97,6,[효과음/내레이션],ふき、ふき,"슥삭,슥삭","슥삭,슥삭"
dom3OP_0701.mes,Script/dom3OP_0701.mes,98,14,UNKNOWN_1c,大丈夫?ヤケドはしてない?,괜찮아요?덴곳없어요?,괜찮아요?덴곳없어요?
dom3OP_0701.mes,Script/dom3OP_0701.mes,99,14,주인공,うむ……なんとか、大丈夫だ,음…… 그럭저럭 괜찮아,음…… 그럭저럭 괜찮아
dom3OP_0701.mes,Script/dom3OP_0701.mes,100,16,UNKNOWN_1c,きゃああ!これ、厠の雑巾だわ!,꺄아악!이거화장실걸레였잖아!,꺄아악!이거화장실걸레였잖아!
dom3OP_0701.mes,Script/dom3OP_0701.mes,101,4,주인공,がくっ,털썩,털썩
dom3OP_0701.mes,Script/dom3OP_0701.mes,102,13,UNKNOWN_1c,お客さん、しっかりして!,"손님, 정신 차리세요!","손님, 정신 차리세요!"
dom3OP_0701.mes,Script/dom3OP_0701.mes,103,29,주인공,ううっ、もう雑巾はいいよ…….<6E5C>君は、このお店の子かい?,"으윽, 걸레는 이제 됐어…….<6E5C>넌 이 가게 아이니?","으윽, 걸레는 이제 됐어…….<6E5C>넌 이 가게 아이니?"
dom3OP_0701.mes,Script/dom3OP_0701.mes,104,43,UNKNOWN_1c,ええ.あたいは詩乃!このむささび<6E5C>屋の看板娘、美人の詩乃ちゃんとは<6E5C>あたいのことさ!,"응!나는시노!이무사사비<6E5C>야의간판아가씨,미인시노쨩이란<6E5C>바로나를말하는거야!","응!나는시노!이무사사비<6E5C>야의간판아가씨,미인시노쨩이란<6E5C>바로나를말하는거야!"
dom3OP_0701.mes,Script/dom3OP_0701.mes,105,5,주인공,は、はぁ,"하,하아","하,하아"
dom3OP_0701.mes,Script/dom3OP_0701.mes,106,12,Shino,お客さん、見ない顔だね,"손님,처음보는얼굴이네","손님,처음보는얼굴이네"
dom3OP_0701.mes,Script/dom3OP_0701.mes,107,20,주인공,俺はさっき、この町に来たばかり<6E5C>で……,난방금이마을에막도착했<6E5C>는데……,난방금이마을에막도착했<6E5C>는데……
dom3OP_0701.mes,Script/dom3OP_0701.mes,108,32,Shino,旅のお人?<6E5C>それならゆっくりしていって.<6E5C>ここはいい町だから!,여행자야?<6E5C>그럼 천천히 있다 가.<6E5C>여긴 좋은 마을이니까!,여행자야?<6E5C>그럼 천천히 있다 가.<6E5C>여긴 좋은 마을이니까!
dom3OP_0701.mes,Script/dom3OP_0701.mes,109,17,Shino,お茶でも飲んで一服していきなよ!,차라도마시면서한숨돌리다가!,차라도마시면서한숨돌리다가!
dom3OP_0701.mes,Script/dom3OP_0701.mes,110,25,주인공,いや、お茶はもういい…….<6E5C>頭から頂戴したからな,"아니,차는됐어…….<6E5C>이미머리로실컷받았으니까","아니,차는됐어…….<6E5C>이미머리로실컷받았으니까"
dom3OP_0701.mes,Script/dom3OP_0701.mes,111,12,Shino,アハハ!それもそうねっ,아하하!그것도그렇네!,아하하!그것도그렇네!
dom3OP_0701.mes,Script/dom3OP_0701.mes,112,8,주인공,笑い事じゃ……,웃을일아냐……,웃을일아냐……
dom3OP_0701.mes,Script/dom3OP_0701.mes,113,35,Shino,怒らないで.おわびに<6E5C>おだんご出してあげるから.<6E5C>それで許して、ね?,"화내지마.사과의의미로<6E5C>경단내줄테니까.<6E5C>그걸로용서해줘,응?","화내지마.사과의의미로<6E5C>경단내줄테니까.<6E5C>그걸로용서해줘,응?"
dom3OP_0701.mes,Script/dom3OP_0701.mes,114,10,주인공,おだんご?やった!,경단? 앗싸!,경단? 앗싸!
dom3OP_0701.mes,Script/dom3OP_0701.mes,115,20,UNKNOWN_1e,ハハハ!<6E5C>みっともねぇなあ、おめぇさん,"하하하!<6E5C>꼴사납구먼, 이 친구","하하하!<6E5C>꼴사납구먼, 이 친구"
dom3OP_0701.mes,Script/dom3OP_0701.mes,116,37,Shino,ちょっと覇王丸さん、<6E5C>いじめないでよ!この人、<6E5C>町に来たばかりなんだから,"잠깐,하오마루아저씨,<6E5C>놀리지마!이사람,<6E5C>이제막마을에온거란말이야","잠깐,하오마루아저씨,<6E5C>놀리지마!이사람,<6E5C>이제막마을에온거란말이야"
dom3OP_0701.mes,Script/dom3OP_0701.mes,117,42,UNKNOWN_75,いじめてるのはおめぇの方だろ.<6E5C>まぁ、詩乃のドジは今にはじまった<6E5C>ことじゃねぇがな,"놀리는건네쪽아니냐.<6E5C>뭐,시노의덜렁대는건어제오늘<6E5C>일이아니지만말이다","놀리는건네쪽아니냐.<6E5C>뭐,시노의덜렁대는건어제오늘<6E5C>일이아니지만말이다"
dom3OP_0701.mes,Script/dom3OP_0701.mes,118,8,Shino,覇王丸さーん!,하오마루씨!,하오마루씨!
dom3OP_0701.mes,Script/dom3OP_0701.mes,119,7,주인공,ええっと……,저기……,저기……
dom3OP_0701.mes,Script/dom3OP_0701.mes,120,34,UNKNOWN_75,おう、俺はこの近所の寺で<6E5C>募らしてる覇王丸だ.<6E5C>おめぇさん、名は?,"오,난이근처절에서<6E5C>지내고있는하오마루다.<6E5C>넌이름이뭐냐?","오,난이근처절에서<6E5C>지내고있는하오마루다.<6E5C>넌이름이뭐냐?"
dom3OP_0701.mes,Script/dom3OP_0701.mes,121,10,주인공,<이름:3131><이름:3232>といいます,<이름:3131><이름:3232>라고합니다,<이름:3131><이름:3232>라고합니다
dom3OP_0701.mes,Script/dom3OP_0701.mes,122,27,UNKNOWN_75,<이름:3232>か.武者修行で日本を<6E5C>まわってるのかい?粋だねぇ,<이름:3232>인가.무사수행으로일본을<6E5C>돌아다니는거냐?멋지네,<이름:3232>인가.무사수행으로일본을<6E5C>돌아다니는거냐?멋지네
dom3OP_0701.mes,Script/dom3OP_0701.mes,123,14,주인공,いえ、そういうわけでは……,"아뇨,그런건아니고……","아뇨,그런건아니고……"
dom3OP_0701.mes,Script/dom3OP_0701.mes,124,32,UNKNOWN_75,刀を持って旅してるってことは、<6E5C>闘いながら町を渡ってるんだろう,"칼을갖고여행한다는건,<6E5C>싸우면서이마을저마을떠도는거겠지","칼을갖고여행한다는건,<6E5C>싸우면서이마을저마을떠도는거겠지"
dom3OP_0701.mes,Script/dom3OP_0701.mes,125,34,UNKNOWN_75,どうだい.この町での初仕合いは、<6E5C>この覇王丸にしねぇか?大歓迎だぜ,"어떠냐.이마을에서의첫시합은,<6E5C>이하오마루랑하지않겠냐?대환영이다","어떠냐.이마을에서의첫시합은,<6E5C>이하오마루랑하지않겠냐?대환영이다"
dom3OP_0701.mes,Script/dom3OP_0701.mes,126,38,주인공,そんな、仕合いなんてしない<6E5C>ですよ!これは闘うために<6E5C>持ってるわけでは……,"아뇨,시합같은건안해<6E5C>요!이건싸우려고<6E5C>갖고다니는게아니라……","아뇨,시합같은건안해<6E5C>요!이건싸우려고<6E5C>갖고다니는게아니라……"
dom3OP_0701.mes,Script/dom3OP_0701.mes,127,17,UNKNOWN_75,なんだい.じゃあ、ただの飾りか?,뭐야.그럼 그냥 장식이냐?,뭐야.그럼 그냥 장식이냐?
dom3OP_0701.mes,Script/dom3OP_0701.mes,128,10,주인공,……まぁ、そうです,"……뭐,그렇습니다","……뭐,그렇습니다"
dom3OP_0701.mes,Script/dom3OP_0701.mes,129,11,UNKNOWN_75,ハッ、つまらねぇなぁ,"흥, 재미없구먼","흥, 재미없구먼"
dom3OP_0701.mes,Script/dom3OP_0701.mes,130,63,UNKNOWN_75,まぁいい.急ぎ旅じゃねぇんなら、<6E5C>しばらくここにとどまったら<6E5C>どうだ<485C>そこのオテンバ娘が言うように、<6E5C>悪くねぇ町だと思うぜ?,"뭐됐다.급한여행이아니라면,<6E5C>당분간여기머무는게<6E5C>어떠냐<485C>저기저말괄량이아가씨말대로,<6E5C>나쁘지않은마을이라고생각한다만?","뭐됐다.급한여행이아니라면,<6E5C>당분간여기머무는게<6E5C>어떠냐<485C>저기저말괄량이아가씨말대로,<6E5C>나쁘지않은마을이라고생각한다만?"
dom3OP_0701.mes,Script/dom3OP_0701.mes,131,35,Shino,そうよ!なんせ、ここには<6E5C>むささび屋があるし、<6E5C>詩乃さんもいるしね!,"맞아!뭐니뭐니해도여기엔<6E5C>무사사비야도있고,<6E5C>이시노씨도있잖아!","맞아!뭐니뭐니해도여기엔<6E5C>무사사비야도있고,<6E5C>이시노씨도있잖아!"
dom3OP_0701.mes,Script/dom3OP_0701.mes,132,15,UNKNOWN_75,メシはあまりうまくねぇけどな,밥은 별로 맛없지만 말이지,밥은 별로 맛없지만 말이지
dom3OP_0701.mes,Script/dom3OP_0701.mes,133,9,Shino,覇王丸さんっっ!,하오마루씨!,하오마루씨!
dom3OP_0701.mes,Script/dom3OP_0701.mes,134,20,주인공,でも知り合いもいませんし.<6E5C>宿代も……,하지만아는사람도없고요.<6E5C>숙박비도……,하지만아는사람도없고요.<6E5C>숙박비도……
dom3OP_0701.mes,Script/dom3OP_0701.mes,135,49,UNKNOWN_75,浪人が宿代なんて小せぇこと気にし<6E5C>てどうする!体で稼ぎゃぁいいだ<6E5C>ろ.俺みたいに剣術なんかでよ!,낭인이숙박비따위하찮은걸신경써<6E5C>서어쩌겠다는거냐!몸으로벌면되<6E5C>잖아.나처럼검술같은걸로말이다!,낭인이숙박비따위하찮은걸신경써<6E5C>서어쩌겠다는거냐!몸으로벌면되<6E5C>잖아.나처럼검술같은걸로말이다!
dom3OP_0701.mes,Script/dom3OP_0701.mes,136,15,Shino,覇王丸さんのは大道芸だけどね,하오마루씨건길거리공연이지만,하오마루씨건길거리공연이지만
dom3OP_0701.mes,Script/dom3OP_0701.mes,137,43,UNKNOWN_75,知り合いだって、歩けばいくらでも<6E5C>作れるだろ!現に、俺とおめぇは<6E5C>もう知り合いだぜ?,아는사람이야돌아다니면얼마든지<6E5C>만들수있지않냐!실제로나랑너는<6E5C>벌써아는사이잖냐?,아는사람이야돌아다니면얼마든지<6E5C>만들수있지않냐!실제로나랑너는<6E5C>벌써아는사이잖냐?
dom3OP_0701.mes,Script/dom3OP_0701.mes,138,9,주인공,そうですけど……,그렇긴하지만……,그렇긴하지만……
dom3OP_0701.mes,Script/dom3OP_0701.mes,139,40,UNKNOWN_75,なんなら俺が町を案内してやっても<6E5C>いいぜ.剣の相手なら<6E5C>いつでもなってやるし!,정그러면내가마을을안내해줘도<6E5C>되고.칼상대라면<6E5C>언제든되어줄테니까!,정그러면내가마을을안내해줘도<6E5C>되고.칼상대라면<6E5C>언제든되어줄테니까!
dom3OP_0701.mes,Script/dom3OP_0701.mes,140,10,주인공,それはちょっと……,그건 좀……,그건 좀……
dom3OP_0701.mes,Script/dom3OP_0701.mes,141,36,주인공,……まぁ、せっかくだから<6E5C>散歩だけでもしてみます.<6E5C>ごちそうさまでした,"……뭐, 모처럼이니까<6E5C>산책 정도는 해볼게요.<6E5C>잘 먹었습니다","……뭐, 모처럼이니까<6E5C>산책 정도는 해볼게요.<6E5C>잘 먹었습니다"
dom3OP_0701.mes,Script/dom3OP_0701.mes,142,34,Shino,ありがとうございます!<6E5C>お茶とおだんご、<6E5C>合わせて五文になります!,감사합니다! <6E5C>차랑 경단 합쳐서 다섯 문이에요!,감사합니다! <6E5C>차랑 경단 합쳐서 다섯 문이에요!
dom3OP_0701.mes,Script/dom3OP_0701.mes,143,16,주인공,え?このだんごはおわびじゃ……,뭐?이경단이사과라니……,뭐?이경단이사과라니……
dom3OP_0701.mes,Script/dom3OP_0701.mes,144,49,Shino,<이름:3232>さん、いい町だからって<6E5C>そんなに甘くないですよ!<485C>この世は善人ばかりじゃ<6E5C>ないんですからねっ,"<이름:3232>씨,좋은마을이라고<6E5C>그렇게만만하지않아요!<485C>세상은착한사람들만<6E5C>있는게아니거든요!","<이름:3232>씨,좋은마을이라고<6E5C>그렇게만만하지않아요!<485C>세상은착한사람들만<6E5C>있는게아니거든요!"
dom3OP_0701.mes,Script/dom3OP_0701.mes,145,10,주인공,そんな、サギだ……,"그런,사기잖아……","그런,사기잖아……"
dom3OP_0701.mes,Script/dom3OP_0701.mes,146,23,UNKNOWN_75,ハハハ!こりゃまた一杯くわされ<6E5C>たな、おめぇ,"하하하!이거또제대로<6E5C>한방먹었구먼,자네","하하하!이거또제대로<6E5C>한방먹었구먼,자네"
dom3OP_0701.mes,Script/dom3OP_0701.mes,147,6,주인공,トホホ……,아이고……,아이고……
dom3OP_0701.mes,Script/dom3OP_0701.mes,148,48,주인공,……ま、ああ言ったんだ.商魂<6E5C>たくましい町なのはわかったけど、<6E5C>ぶらりとしてから次の町へ移ろう,"……뭐,그렇게됐으니.장사근성이<6E5C>억척스러운마을인건알았고,<6E5C>둘러본다음다음마을로넘어가자","……뭐,그렇게됐으니.장사근성이<6E5C>억척스러운마을인건알았고,<6E5C>둘러본다음다음마을로넘어가자"
dom3OP_0701.mes,Script/dom3OP_0701.mes,149,20,UNKNOWN_1e,待ちな!<6E5C>逃げるなんて男らしくないよ!,기다려!<6E5C>도망치다니사내답지못하잖아!,기다려!<6E5C>도망치다니사내답지못하잖아!
dom3OP_0701.mes,Script/dom3OP_0701.mes,150,3,주인공,ん?,응?,응?
dom3OP_0701.mes,Script/dom3OP_0701.mes,151,23,UNKNOWN_1a,んだとぉ?<6E5C>オレ様がいつ逃げたっつーんだよ!,뭐라고?<6E5C>내가 언제 도망쳤다는 거야!,뭐라고?<6E5C>내가 언제 도망쳤다는 거야!
dom3OP_0701.mes,Script/dom3OP_0701.mes,152,32,UNKNOWN_1e,おまえたち侍は弱いものにしか刀が<6E5C>抜けないんだろ!この腰抜け!,너희사무라이는약한상대한테나<6E5C>칼을뽑을수있는거지!이겁쟁이야!,너희사무라이는약한상대한테나<6E5C>칼을뽑을수있는거지!이겁쟁이야!
dom3OP_0701.mes,Script/dom3OP_0701.mes,153,32,주인공,……おいおい、ケンカか?<6E5C>……ずいぶんガラの悪そうな<6E5C>男だなぁ,"……어이어이, 싸움인가?<6E5C>……꽤나 인상 험악한<6E5C>녀석이구먼","……어이어이, 싸움인가?<6E5C>……꽤나 인상 험악한<6E5C>녀석이구먼"
dom3OP_0701.mes,Script/dom3OP_0701.mes,154,16,주인공,人垣で相手の姿は見えないが……,사람들에가려안보이지만……,사람들에가려안보이지만……
dom3OP_0701.mes,Script/dom3OP_0701.mes,155,25,UNKNOWN_28,文句があるなら刀を抜きな!<6E5C>あたしが斬ってやる!,불만있으면칼을뽑아!<6E5C>내가베어줄테니까!,불만있으면칼을뽑아!<6E5C>내가베어줄테니까!
dom3OP_0701.mes,Script/dom3OP_0701.mes,156,12,UNKNOWN_1a,上等じゃねぇか、チビ!,"좋다이거야,꼬맹이!","좋다이거야,꼬맹이!"
dom3OP_0701.mes,Script/dom3OP_0701.mes,157,30,주인공,なっ!相手は女の子じゃないか!<6E5C>あんなに小さい体で刀を……,뭣!상대는 여자애잖아!<6E5C>저렇게 작은 몸으로 칼을……,뭣!상대는 여자애잖아!<6E5C>저렇게 작은 몸으로 칼을……
dom3OP_0701.mes,Script/dom3OP_0701.mes,158,4,[효과음/내레이션],チャッ,챙,챙
dom3OP_0701.mes,Script/dom3OP_0701.mes,159,5,주인공,抜いた!,뽑았다!,뽑았다!
dom3OP_0701.mes,Script/dom3OP_0701.mes,160,16,UNKNOWN_28,だまれ!チビなんかじゃないっ!,닥쳐!꼬맹이 아니야!,닥쳐!꼬맹이 아니야!
dom3OP_0701.mes,Script/dom3OP_0701.mes,161,13,UNKNOWN_1a,……ガキが、泣きてぇのか,"……꼬맹이가,울고싶으냐","……꼬맹이가,울고싶으냐"
dom3OP_0701.mes,Script/dom3OP_0701.mes,162,17,주인공,危ない、このままでは血が流れる!,"위험해,이대로면피를보게돼!","위험해,이대로면피를보게돼!"
dom3OP_0701.mes,Script/dom3OP_0701.mes,163,11,주인공,やめろ!ふたりとも!,그만둬!둘 다!,그만둬!둘 다!
dom3OP_0701.mes,Script/dom3OP_0701.mes,164,13,UNKNOWN_1a,……あ?なんだ、テメェは,"……아?뭐야, 넌","……아?뭐야, 넌"
dom3OP_0701.mes,Script/dom3OP_0701.mes,165,38,주인공,事情は知らないが、刀を出すような<6E5C>ケンカではないだろう.<6E5C>早く納めなさい!,"사정은모르겠지만,칼까지뽑을<6E5C>싸움은아니잖아.<6E5C>얼른칼집어넣어!","사정은모르겠지만,칼까지뽑을<6E5C>싸움은아니잖아.<6E5C>얼른칼집어넣어!"
dom3OP_0701.mes,Script/dom3OP_0701.mes,166,22,UNKNOWN_28,うるさい!<6E5C>部外者が口出しすんじゃないよ!,시끄러워!<6E5C>상관없는사람이참견하지마!,시끄러워!<6E5C>상관없는사람이참견하지마!
dom3OP_0701.mes,Script/dom3OP_0701.mes,167,45,UNKNOWN_28,あんただって刀を持ってるじゃない<6E5C>か.侍だからっていばって……<6E5C>おまえらはみんなそうだ!,당신도 칼 차고 있잖아<6E5C>사무라이라고 잘난 척하고……<6E5C>너희들은 다 그래!,당신도 칼 차고 있잖아<6E5C>사무라이라고 잘난 척하고……<6E5C>너희들은 다 그래!
dom3OP_0701.mes,Script/dom3OP_0701.mes,168,14,주인공,俺は別にいばってなんか……,난딱히잘난척하는게……,난딱히잘난척하는게……
dom3OP_0701.mes,Script/dom3OP_0701.mes,169,26,UNKNOWN_28,これ以上文句を言うなら、<6E5C>あんたからやっつけるよ!,더 불평하면<6E5C>당신부터 해치울 거야!,더 불평하면<6E5C>당신부터 해치울 거야!
dom3OP_0701.mes,Script/dom3OP_0701.mes,170,5,UNKNOWN_28,たぁっ!,타앗!,타앗!
dom3OP_0701.mes,Script/dom3OP_0701.mes,171,10,주인공,ええい、仕方ないっ,"에잇,어쩔수없군","에잇,어쩔수없군"
dom3OP_0701.mes,Script/dom3OP_0701.mes,172,4,[효과음/내레이션],チャッ,챙,챙
dom3OP_0701.mes,Script/dom3OP_0701.mes,173,4,[효과음/내레이션],キンッ寺,챙그랑!,챙그랑!
dom3OP_0701.mes,Script/dom3OP_0701.mes,174,5,[효과음/내레이션],ガチャン,철그렁,철그렁
dom3OP_0701.mes,Script/dom3OP_0701.mes,175,5,UNKNOWN_28,うっ……,윽……,윽……
dom3OP_0701.mes,Script/dom3OP_0701.mes,176,12,UNKNOWN_1a,刀を一瞬で落とした……,칼을순식간에떨궜어……,칼을순식간에떨궜어……
dom3OP_0701.mes,Script/dom3OP_0701.mes,177,42,주인공,君みたいな子供が、そんな大きな刀<6E5C>を振り回すんじゃない.<6E5C>ケガをしたらどうするんだ,너같은어린애가그렇게큰칼<6E5C>을휘두르면안돼.<6E5C>다치기라도하면어쩌려고그래,너같은어린애가그렇게큰칼<6E5C>을휘두르면안돼.<6E5C>다치기라도하면어쩌려고그래
dom3OP_0701.mes,Script/dom3OP_0701.mes,178,47,UNKNOWN_28,だ、だまれ!あたしにはこうやって<6E5C>生きていくしかないんだ!よくも<6E5C>父さんの刀を……ちくしょう,"다, 닥쳐!나는 이렇게라도<6E5C>살아갈 수밖에 없단 말이야!감히<6E5C>아버지의 칼을……젠장","다, 닥쳐!나는 이렇게라도<6E5C>살아갈 수밖에 없단 말이야!감히<6E5C>아버지의 칼을……젠장"
dom3OP_0701.mes,Script/dom3OP_0701.mes,179,7,UNKNOWN_1e,ヂッ、ヂッ!,"찍, 찍!","찍, 찍!"
dom3OP_0701.mes,Script/dom3OP_0701.mes,180,13,주인공,なんだ?この青いネズミは,뭐야?이 파란 쥐는,뭐야?이 파란 쥐는
dom3OP_0701.mes,Script/dom3OP_0701.mes,181,24,UNKNOWN_28,……ごめんね、鉄之介.<6E5C>また怖がらせちゃったね,"……미안해, 테츠노스케.<6E5C>또 놀라게 했네","……미안해, 테츠노스케.<6E5C>또 놀라게 했네"
dom3OP_0701.mes,Script/dom3OP_0701.mes,182,13,UNKNOWN_28,……わかった.もういくよ,……알았어.이제 갈게,……알았어.이제 갈게
dom3OP_0701.mes,Script/dom3OP_0701.mes,183,4,UNKNOWN_7a,ヂッ!,찍!,찍!
dom3OP_0701.mes,Script/dom3OP_0701.mes,184,24,UNKNOWN_28,あたしは、侍なんかにぜったい<6E5C>屈さないからね!,"나는,사무라이따위한테절대<6E5C>굴복하지않을거야!","나는,사무라이따위한테절대<6E5C>굴복하지않을거야!"
dom3OP_0701.mes,Script/dom3OP_0701.mes,185,4,[효과음/내레이션],タタッ,타닥,타닥
dom3OP_0701.mes,Script/dom3OP_0701.mes,186,17,주인공,……あんな子どもが、どうして刀を,"……저런어린애가,왜칼을……","……저런어린애가,왜칼을……"
dom3OP_0701.mes,Script/dom3OP_0701.mes,187,17,UNKNOWN_1a,オイ.テメェ、見かけねぇツラだな,"어이.너, 처음 보는 낯짝인데","어이.너, 처음 보는 낯짝인데"
dom3OP_0701.mes,Script/dom3OP_0701.mes,188,44,주인공,俺は浪人の<이름:3232>という者だ.<6E5C>ふたりとも、この町の者かい?<6E5C>どうしてあの子と争ってたんだ,난낭인<이름:3232>라는사람이다.<6E5C>둘다이마을사람인가?<6E5C>왜그애랑다투고있었지?,난낭인<이름:3232>라는사람이다.<6E5C>둘다이마을사람인가?<6E5C>왜그애랑다투고있었지?
dom3OP_0701.mes,Script/dom3OP_0701.mes,189,61,UNKNOWN_1a,オレは何もしてねぇよ!刀を<6E5C>持ってるってだけで、あのガキが<6E5C>つっかかってきたんだ<485C>手をかけるつもりなんざ<6E5C>ハナからねぇぜ,"난아무것도안했어!칼을<6E5C>차고있었단이유로,저꼬맹이가<6E5C>시비를걸어온거라고<485C>애초에손댈생각따위<6E5C>없었단말이다","난아무것도안했어!칼을<6E5C>차고있었단이유로,저꼬맹이가<6E5C>시비를걸어온거라고<485C>애초에손댈생각따위<6E5C>없었단말이다"
dom3OP_0701.mes,Script/dom3OP_0701.mes,190,33,주인공,むぅ……血の気の多い人間も、<6E5C>けっこういるみたいだな、<6E5C>この町は,"으음……이마을엔다혈질인<6E5C>사람들이꽤많은모양이군,<6E5C>여기는","으음……이마을엔다혈질인<6E5C>사람들이꽤많은모양이군,<6E5C>여기는"
dom3OP_0701.mes,Script/dom3OP_0701.mes,191,25,UNKNOWN_1e,ほぅ.おめぇさん、なかなか度胸が<6E5C>あるじゃねぇか,"호오.자네, 꽤나 배짱이<6E5C>두둑하구먼","호오.자네, 꽤나 배짱이<6E5C>두둑하구먼"
dom3OP_0701.mes,Script/dom3OP_0701.mes,192,21,주인공,あなたは……さっきの茶屋の、<6E5C>覇王丸さん,"당신은……아까그찻집의,<6E5C>하오마루씨","당신은……아까그찻집의,<6E5C>하오마루씨"
dom3OP_0701.mes,Script/dom3OP_0701.mes,193,57,UNKNOWN_75,いくら子どもとはいえ、抜いた刀を<6E5C>即座に打ち落とすなんて、<6E5C>フ抜け野郎にはできないぜ<485C>意外としっかりしてるんだな,"아무리애라지만,뽑아든칼을<6E5C>그자리에서쳐서떨어뜨리다니,<6E5C>얼빠진놈은못할짓이지<485C>의외로제법이구먼","아무리애라지만,뽑아든칼을<6E5C>그자리에서쳐서떨어뜨리다니,<6E5C>얼빠진놈은못할짓이지<485C>의외로제법이구먼"
dom3OP_0701.mes,Script/dom3OP_0701.mes,194,19,주인공,……そんなに頼りなく<6E5C>見えますか、俺,……그렇게못미더워<6E5C>보였습니까?,……그렇게못미더워<6E5C>보였습니까?
dom3OP_0701.mes,Script/dom3OP_0701.mes,195,28,UNKNOWN_1a,ケッ!あれくらいオレにだって<6E5C>できたぜ.それをコイツが,쳇!그정도는나도할수<6E5C>있었어.그런데이자식이,쳇!그정도는나도할수<6E5C>있었어.그런데이자식이
dom3OP_0701.mes,Script/dom3OP_0701.mes,196,37,UNKNOWN_75,狂エ門、おめぇも暴れてばかり<6E5C>いねぇで、たまには人の役に<6E5C>立ったらどうだ,"쿄에몬,너도맨날날뛰기만<6E5C>하지말고,가끔은남한테<6E5C>도움이좀돼봐라","쿄에몬,너도맨날날뛰기만<6E5C>하지말고,가끔은남한테<6E5C>도움이좀돼봐라"
dom3OP_0701.mes,Script/dom3OP_0701.mes,197,24,UNKNOWN_75,そんなだから、あんな娘子に馬鹿に<6E5C>されるんだぜ,그러니까저런계집애한테까지<6E5C>무시당하는거다,그러니까저런계집애한테까지<6E5C>무시당하는거다
dom3OP_0701.mes,Script/dom3OP_0701.mes,198,10,UNKNOWN_74,う、うるせぇなぁ!,"시, 시끄러워!","시, 시끄러워!"
dom3OP_0701.mes,Script/dom3OP_0701.mes,199,36,UNKNOWN_74,……<이름:3232>、ヨソもんがこの町で<6E5C>デケェ顔してんじゃねーぞ.<6E5C>目ざわりだぜ,"……<이름:3232>,타지놈이이마을에서<6E5C>잘난척하지마라.<6E5C>눈에거슬려","……<이름:3232>,타지놈이이마을에서<6E5C>잘난척하지마라.<6E5C>눈에거슬려"
dom3OP_0701.mes,Script/dom3OP_0701.mes,200,4,[효과음/내레이션],タタッ,타닥,타닥
dom3OP_0701.mes,Script/dom3OP_0701.mes,201,19,주인공,……なんか俺、<6E5C>嫌われてしまったかな,"……왠지나,<6E5C>미움받은것같은데","……왠지나,<6E5C>미움받은것같은데"
dom3OP_0701.mes,Script/dom3OP_0701.mes,202,44,UNKNOWN_75,気にすんな.悪い奴じゃねぇんだ<6E5C>が、あいつはちょっと短気で<6E5C>いけねぇ.ここらじゃ有名だ,신경쓰지마라.나쁜놈은아닌데<6E5C>저녀석이좀성질이급해서<6E5C>탈이야.이근방에선유명하지,신경쓰지마라.나쁜놈은아닌데<6E5C>저녀석이좀성질이급해서<6E5C>탈이야.이근방에선유명하지
dom3OP_0701.mes,Script/dom3OP_0701.mes,203,42,UNKNOWN_75,それよりどうだい.こいつも<6E5C>縁だし、ちょっくら俺の部屋で<6E5C>酒でも酌み交わさねぇか?,"그건그렇고어떤가.이것도<6E5C>인연인데,잠깐내방에서<6E5C>술이라도한잔나누지않겠나?","그건그렇고어떤가.이것도<6E5C>인연인데,잠깐내방에서<6E5C>술이라도한잔나누지않겠나?"
dom3OP_0701.mes,Script/dom3OP_0701.mes,204,21,주인공,お言葉はうれしいですけど、俺、<6E5C>酒は……,"말씀은 감사한데, 저는<6E5C>술은……","말씀은 감사한데, 저는<6E5C>술은……"
dom3OP_0701.mes,Script/dom3OP_0701.mes,205,26,UNKNOWN_75,情けねぇこと言ってんじゃねぇよ.<6E5C>町に来た歓迎だ!,한심한소리하지말라고.<6E5C>이마을에온걸환영하는거다!,한심한소리하지말라고.<6E5C>이마을에온걸환영하는거다!
dom3OP_0701.mes,Script/dom3OP_0701.mes,206,8,주인공,いや、その……,"아니,그게……","아니,그게……"
dom3OP_0701.mes,Script/dom3OP_0701.mes,207,9,UNKNOWN_75,ほら、こっちだ!,"자, 이쪽이다!","자, 이쪽이다!"
dom3OP_0701.mes,Script/dom3OP_0701.mes,208,8,[효과음/내레이션],ずる、ずる……,질질……,질질……
dom3OP_0701.mes,Script/dom3OP_0701.mes,209,6,주인공,ううう……,으으윽……,으으윽……
dom3OP_0701.mes,Script/dom3OP_0701.mes,210,20,UNKNOWN_75,ここだ.<6E5C>まぁ、遠慮しないで入ってくれ,"여기다.<6E5C>뭐, 사양 말고 들어와라","여기다.<6E5C>뭐, 사양 말고 들어와라"
dom3OP_0701.mes,Script/dom3OP_0701.mes,211,42,주인공,え……こんなところに住んでるん<6E5C>ですか?町中なのに、ずいぶん<6E5C>さみしい雰囲気ですね,예……이런 데서 사시는 겁니까?<6E5C>마을 안인데도 꽤나<6E5C>을씨년스러운 분위기네요,예……이런 데서 사시는 겁니까?<6E5C>마을 안인데도 꽤나<6E5C>을씨년스러운 분위기네요
dom3OP_0701.mes,Script/dom3OP_0701.mes,212,33,UNKNOWN_75,修行場所にもしてたし、<6E5C>丁度いいんだ.<6E5C>汚い荒れ寺だが気にすんな,수행장소로쓰던곳이라딱좋아.<6E5C>낡은절이지만신경쓰지마라,수행장소로쓰던곳이라딱좋아.<6E5C>낡은절이지만신경쓰지마라
dom3OP_0701.mes,Script/dom3OP_0701.mes,213,11,주인공,はぁ.おじゃまします,예.실례하겠습니다,예.실례하겠습니다
dom3OP_0701.mes,Script/dom3OP_0701.mes,214,26,UNKNOWN_1e,……覇王丸おじ様?<6E5C>どなたかいらっしゃるのですか?,……하오마루 아저씨?<6E5C>누구 오셨나요?,……하오마루 아저씨?<6E5C>누구 오셨나요?
dom3OP_0701.mes,Script/dom3OP_0701.mes,215,10,주인공,え?奥に人が……?,어?안에누가……?,어?안에누가……?
dom3OP_0701.mes,Script/dom3OP_0701.mes,216,42,UNKNOWN_75,おう、珍しく客人だぜ.<6E5C>命(ミコト)もたまには布団から<6E5C>出て、こっちに来たらどうだ,"오,모처럼온손님이다.<6E5C>미코토도가끔은이불밖으로<6E5C>나와서이쪽으로와보는게어떠냐","오,모처럼온손님이다.<6E5C>미코토도가끔은이불밖으로<6E5C>나와서이쪽으로와보는게어떠냐"
dom3OP_0701.mes,Script/dom3OP_0701.mes,217,5,Mikoto,でも……,근데……,근데……
dom3OP_0701.mes,Script/dom3OP_0701.mes,218,25,UNKNOWN_75,すこしくらいなら体にもさわらねぇ<6E5C>だろ.安心しろ,조금정도는몸에무리<6E5C>안갈거다.걱정마라,조금정도는몸에무리<6E5C>안갈거다.걱정마라
dom3OP_0701.mes,Script/dom3OP_0701.mes,219,5,Mikoto,……はい,……네,……네
dom3OP_0701.mes,Script/dom3OP_0701.mes,220,4,주인공,あ……,아……,아……
dom3OP_0701.mes,Script/dom3OP_0701.mes,221,35,UNKNOWN_75,えー、この町にはじめてやって<6E5C>来たっていう、<6E5C>浪人の……<이름:3131><이름:3232>だ!,"에- 이 마을에 처음<6E5C>와 봤다는, 낭인……<6E5C><이름:3131><이름:3232>다!","에- 이 마을에 처음<6E5C>와 봤다는, 낭인……<6E5C><이름:3131><이름:3232>다!"
dom3OP_0701.mes,Script/dom3OP_0701.mes,222,10,주인공,あの、はじめまして,"저,처음뵙겠습니다","저,처음뵙겠습니다"
dom3OP_0701.mes,Script/dom3OP_0701.mes,223,49,Mikoto,はじめまして.こんな、何もない寺<6E5C>に来られて…….また、おじ様が<6E5C>ムリヤリ連れてきたのでしょう?,"처음뵙겠습니다.이런,아무것도<6E5C>없는절까지오시게해서……또<6E5C>아저씨가억지로데려오신거겠죠?","처음뵙겠습니다.이런,아무것도<6E5C>없는절까지오시게해서……또<6E5C>아저씨가억지로데려오신거겠죠?"
dom3OP_0701.mes,Script/dom3OP_0701.mes,224,33,UNKNOWN_75,そんなことねぇよ.<6E5C>こいつがどうしても来たいって<6E5C>言ったんだぜ?,그런 거 아니다.<6E5C>이 녀석이 꼭 오고 싶다고<6E5C>했단 말이다?,그런 거 아니다.<6E5C>이 녀석이 꼭 오고 싶다고<6E5C>했단 말이다?
dom3OP_0701.mes,Script/dom3OP_0701.mes,225,4,주인공,え……,네……,네……
dom3OP_0701.mes,Script/dom3OP_0701.mes,226,34,Mikoto,そんなこと言って…….<6E5C>ごめんなさい.<6E5C>ご迷惑をおかけしてしまって,그런 말씀을 하시고…….<6E5C>죄송해요.<6E5C>폐를 끼쳐드려서,그런 말씀을 하시고…….<6E5C>죄송해요.<6E5C>폐를 끼쳐드려서
dom3OP_0701.mes,Script/dom3OP_0701.mes,227,4,주인공,そんな,아뇨,아뇨
dom3OP_0701.mes,Script/dom3OP_0701.mes,228,14,UNKNOWN_75,おいおい、人閉きが悪いなぁ,"어이어이,남듣기안좋게구먼","어이어이,남듣기안좋게구먼"
dom3OP_0701.mes,Script/dom3OP_0701.mes,229,57,Mikoto,何のおもてなしもできませんが、<6E5C>ゆっくりしていってくださいね<485C>でも、あまりおじ様に振り<6E5C>回されてはいけませんよ?,"아무 대접도 못 해드리지만,<6E5C>편히 계시다 가세요<485C>그래도 아저씨한테 너무<6E5C>휘둘리시면 안 돼요?","아무 대접도 못 해드리지만,<6E5C>편히 계시다 가세요<485C>그래도 아저씨한테 너무<6E5C>휘둘리시면 안 돼요?"
dom3OP_0701.mes,Script/dom3OP_0701.mes,230,13,주인공,もう手遅れな感じです……,이미늦은것같은데요……,이미늦은것같은데요……
dom3OP_0701.mes,Script/dom3OP_0701.mes,231,16,UNKNOWN_75,よぉし、今夜は三人で飲むかぁ!,"좋아,오늘밤은셋이서마셔볼까!","좋아,오늘밤은셋이서마셔볼까!"
dom3OP_0701.mes,Script/dom3OP_0701.mes,232,39,Mikoto,もぅ、わたくしは飲める<6E5C>体じゃ…….以前、お靭様にも<6E5C>怒られたじゃないですか,"정말,저는마실수있는<6E5C>몸이아닌데…….전에진님한테도<6E5C>혼나셨잖아요","정말,저는마실수있는<6E5C>몸이아닌데…….전에진님한테도<6E5C>혼나셨잖아요"
dom3OP_0701.mes,Script/dom3OP_0701.mes,233,25,UNKNOWN_75,それは骸羅の奴だろう?<6E5C>俺はそんなことした覚えは,그건가이라그녀석얘기잖아?<6E5C>나는그런짓한기억은,그건가이라그녀석얘기잖아?<6E5C>나는그런짓한기억은
dom3OP_0701.mes,Script/dom3OP_0701.mes,234,31,Mikoto,おじ様たち、ふたりともです.<6E5C>本当に無茶ばかりされるんだから,"아저씨들, 두 분 다예요.<6E5C>정말 무리만 하신다니까","아저씨들, 두 분 다예요.<6E5C>정말 무리만 하신다니까"
dom3OP_0701.mes,Script/dom3OP_0701.mes,235,26,UNKNOWN_75,しかたねぇなぁ.<6E5C>少しくらいならいけると思うんだが,어쩔수없구먼.<6E5C>조금정도는괜찮을거라생각하는데,어쩔수없구먼.<6E5C>조금정도는괜찮을거라생각하는데
dom3OP_0701.mes,Script/dom3OP_0701.mes,236,22,주인공,あの、失礼ですけど、お体が悪いん<6E5C>ですか?,"저, 실례지만 몸이 편찮으신<6E5C>건가요?","저, 실례지만 몸이 편찮으신<6E5C>건가요?"
dom3OP_0701.mes,Script/dom3OP_0701.mes,237,22,Mikoto,……はい.もうずっと床にふせって<6E5C>おります,……네.벌써오랫동안자리보전만<6E5C>하고있어요,……네.벌써오랫동안자리보전만<6E5C>하고있어요
dom3OP_0701.mes,Script/dom3OP_0701.mes,238,50,UNKNOWN_75,病気なんて、お天道さんの光を浴び<6E5C>りゃあ、ケロッと治る.いつまでも<6E5C>閉じこもってるからいけねぇんだ,"병 따위, 햇볕만 좀 쬐면<6E5C>씻은 듯이 낫는다.계속<6E5C>틀어박혀만 있으니까 안 되는 거다","병 따위, 햇볕만 좀 쬐면<6E5C>씻은 듯이 낫는다.계속<6E5C>틀어박혀만 있으니까 안 되는 거다"
dom3OP_0701.mes,Script/dom3OP_0701.mes,239,46,Mikoto,そんなことをしては、また皆様に<6E5C>迷惑が!もういいのです.わたくし<6E5C>の病は治らないものと……,그러시면 또 다들 폐를<6E5C>입잖아요!이제 괜찮아요.제<6E5C>병은 낫지 않는 거라고……,그러시면 또 다들 폐를<6E5C>입잖아요!이제 괜찮아요.제<6E5C>병은 낫지 않는 거라고……
dom3OP_0701.mes,Script/dom3OP_0701.mes,240,17,UNKNOWN_75,思いつめたら治るものも治らねぇ!,너무골똘하면나을것도안낫는다!,너무골똘하면나을것도안낫는다!
dom3OP_0701.mes,Script/dom3OP_0701.mes,241,34,Mikoto,しかし、わたくしの内に巣食う<6E5C>病は、この身を一生<6E5C>……ゴホ、ゴホッ,"하지만,제안에자리잡은이<6E5C>병은,이몸을평생<6E5C>……콜록,콜록","하지만,제안에자리잡은이<6E5C>병은,이몸을평생<6E5C>……콜록,콜록"
dom3OP_0701.mes,Script/dom3OP_0701.mes,242,33,UNKNOWN_75,……すまねぇ、命.無理させたな.<6E5C>もういいから、横になって休みな,"……미안하다,미코토.무리시켰구나.<6E5C>이제됐으니누워서쉬어라","……미안하다,미코토.무리시켰구나.<6E5C>이제됐으니누워서쉬어라"
dom3OP_0701.mes,Script/dom3OP_0701.mes,243,61,Mikoto,……ごめんなさい、覇王丸おじ様<485C><이름:3131>様もせっかくいらっしゃっ<6E5C>たのに、お見苦しいところを<6E5C>見せてしまって……お恥ずかしい,"……죄송해요, 하오마루 아저씨<485C><이름:3131>님도 모처럼 와 <6E5C>주셨는데, 보기 흉한 모습을<6E5C>보여드려서……부끄럽네요","……죄송해요, 하오마루 아저씨<485C><이름:3131>님도 모처럼 와 <6E5C>주셨는데, 보기 흉한 모습을<6E5C>보여드려서……부끄럽네요"
dom3OP_0701.mes,Script/dom3OP_0701.mes,244,7,주인공,いえ、そんな,"아니요,그런","아니요,그런"
dom3OP_0701.mes,Script/dom3OP_0701.mes,245,42,Mikoto,どうかわたくしのことはお気に<6E5C>なさらず、おじ様と楽しんでいって<6E5C>ください.では……,"부디 저는 신경 쓰지 마시고,<6E5C>아저씨와 즐거운 시간 보내<6E5C>세요.그럼……","부디 저는 신경 쓰지 마시고,<6E5C>아저씨와 즐거운 시간 보내<6E5C>세요.그럼……"
dom3OP_0701.mes,Script/dom3OP_0701.mes,246,5,[효과음/내레이션],スッ……,스윽……,스윽……
dom3OP_0701.mes,Script/dom3OP_0701.mes,247,20,UNKNOWN_75,……すまねぇな.<6E5C>空気を悪くしちまって,……미안하구먼.<6E5C>분위기를흐려서,……미안하구먼.<6E5C>분위기를흐려서
dom3OP_0701.mes,Script/dom3OP_0701.mes,248,33,주인공,かまいません.病は大変ですね.<6E5C>被女は覇王丸さんのご家族ですか?,괜찮습니다.병이힘드시겠네요.<6E5C>그녀는하오마루씨의가족이신가요?,괜찮습니다.병이힘드시겠네요.<6E5C>그녀는하오마루씨의가족이신가요?
dom3OP_0701.mes,Script/dom3OP_0701.mes,249,28,UNKNOWN_75,いや、血のつながりはねぇが.<6E5C>まぁ、家族みたいなもんだ,"아니,피가이어진사이는아니지만<6E5C>뭐,가족같은존재지","아니,피가이어진사이는아니지만<6E5C>뭐,가족같은존재지"
dom3OP_0701.mes,Script/dom3OP_0701.mes,250,47,UNKNOWN_75,小せぇ頃から病気がちで、なんとか<6E5C>元気にしてやりてぇんだが……<6E5C>俺じゃあちょっと無理みてぇだ,"어릴때부터몸이약해서,어떻게든<6E5C>건강하게해주고싶은데……<6E5C>나로선좀무리인것같다","어릴때부터몸이약해서,어떻게든<6E5C>건강하게해주고싶은데……<6E5C>나로선좀무리인것같다"
dom3OP_0701.mes,Script/dom3OP_0701.mes,251,32,UNKNOWN_75,あんたみたいな奴がそばにいりゃ、<6E5C>案外すぐ治るのかもしれねぇな,"자네같은녀석이곁에있으면,<6E5C>의외로금방나을지도모르겠구먼","자네같은녀석이곁에있으면,<6E5C>의외로금방나을지도모르겠구먼"
dom3OP_0701.mes,Script/dom3OP_0701.mes,252,19,주인공,俺なんかなんの役にも立たない<6E5C>ですよ,저같은건아무도움도<6E5C>안될거예요,저같은건아무도움도<6E5C>안될거예요
dom3OP_0701.mes,Script/dom3OP_0701.mes,253,43,UNKNOWN_75,そうか?さっき、ケンカをあっさ<6E5C>り収めたみてぇにチョチョイッと<6E5C>治せるんじゃねぇか?,"그런가?아까싸움을순식간에<6E5C>진정시켰던것처럼,뚝딱<6E5C>낫게해줄수있는거아닌가?","그런가?아까싸움을순식간에<6E5C>진정시켰던것처럼,뚝딱<6E5C>낫게해줄수있는거아닌가?"
dom3OP_0701.mes,Script/dom3OP_0701.mes,254,24,주인공,そんなことで病気が治るわけ<6E5C>ないじゃないですか,그런 걸로 병이 나을 리가<6E5C>없잖아요,그런 걸로 병이 나을 리가<6E5C>없잖아요
dom3OP_0701.mes,Script/dom3OP_0701.mes,255,25,UNKNOWN_75,おめぇからは不思議と、そんな気を<6E5C>感じるんだがな,이상하게자네한테서는그런<6E5C>기운이느껴진단말이지,이상하게자네한테서는그런<6E5C>기운이느껴진단말이지
dom3OP_0701.mes,Script/dom3OP_0701.mes,256,4,주인공,え……,네……,네……
dom3OP_0701.mes,Script/dom3OP_0701.mes,257,43,UNKNOWN_75,……まぁ、今夜は暗い話はナシだ!<6E5C>とにかく酒だ、酒!とことん<6E5C>歓迎してやるぞ、<이름:3232>!,"……뭐,오늘밤은우울한얘기는<6E5C>그만두자!아무튼술이다,술!<6E5C>제대로환영해주마,<이름:3232>!","……뭐,오늘밤은우울한얘기는<6E5C>그만두자!아무튼술이다,술!<6E5C>제대로환영해주마,<이름:3232>!"
dom3OP_0701.mes,Script/dom3OP_0701.mes,258,26,주인공,そんなに騒いだら命さんが寝れない<6E5C>ですよ!もう……,그렇게떠들면미코토씨가<6E5C>잠을못자잖아요!정말……,그렇게떠들면미코토씨가<6E5C>잠을못자잖아요!정말……
dom3OP_0701.mes,Script/dom3OP_0701.mes,259,8,[효과음/내레이션],ふら、ふら……,"휘청,휘청……","휘청,휘청……"
dom3OP_0701.mes,Script/dom3OP_0701.mes,260,34,주인공,……ううっ、お酒は弱いって言った<6E5C>のに、散々飲まされてしまった……,"……으윽, 술 약하다고 했는데<6E5C>실컷 마시게 됐잖아……","……으윽, 술 약하다고 했는데<6E5C>실컷 마시게 됐잖아……"
dom3OP_0701.mes,Script/dom3OP_0701.mes,261,71,주인공,もう、とっぷり夜じゃないか.<6E5C>今夜はどこで寝よう……<485C>宿屋はいいけど、宿代の代わりに<6E5C>薪を割るのも、いい加減に<6E5C>疲れたしなぁ.……また野宿か,"벌써완전히밤이잖아.<6E5C>오늘밤은어디서자지……<485C>여관도좋지만,숙박비대신<6E5C>장작패는것도이제슬슬<6E5C>지치는데.……또노숙인가","벌써완전히밤이잖아.<6E5C>오늘밤은어디서자지……<485C>여관도좋지만,숙박비대신<6E5C>장작패는것도이제슬슬<6E5C>지치는데.……또노숙인가"
dom3OP_0701.mes,Script/dom3OP_0701.mes,262,34,주인공,なんにしても、もう故郷には帰れな<6E5C>いんだ.あの家には、ぜったい……,"어쨌든,이제고향으로는돌아갈<6E5C>수없어.그집에는,절대……","어쨌든,이제고향으로는돌아갈<6E5C>수없어.그집에는,절대……"
dom3OP_0701.mes,Script/dom3OP_0701.mes,263,8,UNKNOWN_1e,あれ?旦那……,어라?나리……,어라?나리……
dom3OP_0701.mes,Script/dom3OP_0701.mes,264,8,주인공,え、俺のこと?,"어,나말이야?","어,나말이야?"
dom3OP_0701.mes,Script/dom3OP_0701.mes,265,14,주인공,(うわ!なんと美しい……),(우와!정말아름다워……),(우와!정말아름다워……)
dom3OP_0701.mes,Script/dom3OP_0701.mes,266,40,UNKNOWN_1c,……こんな夜中に、何をふらふら<6E5C>歩いてなさる.<6E5C>迷子にでもなられたんですかい?,"……이런한밤중에,뭘그리<6E5C>비틀비틀걷고계신대요.<6E5C>길이라도잃으셨나요?","……이런한밤중에,뭘그리<6E5C>비틀비틀걷고계신대요.<6E5C>길이라도잃으셨나요?"
dom3OP_0701.mes,Script/dom3OP_0701.mes,267,13,주인공,いや、俺は旅の途中で……,"아니,나는여행도중에……","아니,나는여행도중에……"
dom3OP_0701.mes,Script/dom3OP_0701.mes,268,31,UNKNOWN_1c,なら、宿にお困りでしょう.<6E5C>どうです.<6E5C>あちきの店に寄っては,그럼묵을곳이곤란하겠네요.<6E5C>어때요.<6E5C>이몸의가게에들르시는건,그럼묵을곳이곤란하겠네요.<6E5C>어때요.<6E5C>이몸의가게에들르시는건
dom3OP_0701.mes,Script/dom3OP_0701.mes,269,28,주인공,えぇ!?そんな、遊女を買うお金<6E5C>なんか、俺にはとても!,"예!?그런,유녀를살돈<6E5C>같은건저한테는도저히!","예!?그런,유녀를살돈<6E5C>같은건저한테는도저히!"
dom3OP_0701.mes,Script/dom3OP_0701.mes,270,4,UNKNOWN_1c,遊女?,유녀?,유녀?
dom3OP_0701.mes,Script/dom3OP_0701.mes,271,23,주인공,そうでしょう.<6E5C>あなたみたいなキレイな人……,그렇잖아요.<6E5C>당신처럼 예쁜 분이……,그렇잖아요.<6E5C>당신처럼 예쁜 분이……
dom3OP_0701.mes,Script/dom3OP_0701.mes,272,57,UNKNOWN_1c,……ふふっ.うれしい言葉だけど、<6E5C>あちきはただの芸妓.そこの蜜蜂屋<6E5C>で芸を売ってる千夜です<485C>肌は売っておりませぬ,"……후훗.기쁜말이긴한데,<6E5C>이몸은그저게이샤랍니다.저기<6E5C>미츠바치야에서예를파는치요예요<485C>몸은팔지않아요","……후훗.기쁜말이긴한데,<6E5C>이몸은그저게이샤랍니다.저기<6E5C>미츠바치야에서예를파는치요예요<485C>몸은팔지않아요"
dom3OP_0701.mes,Script/dom3OP_0701.mes,273,19,주인공,芸妓さんですか.<6E5C>それは失礼なことを,게이샤셨군요.<6E5C>실례되는말을했네요,게이샤셨군요.<6E5C>실례되는말을했네요
dom3OP_0701.mes,Script/dom3OP_0701.mes,274,20,UNKNOWN_6d,旦那……あちきを買いたいん<6E5C>ですかい?,나리……이몸을사고싶으신<6E5C>건가요?,나리……이몸을사고싶으신<6E5C>건가요?
dom3OP_0701.mes,Script/dom3OP_0701.mes,275,20,주인공,えっ!?そ、そういうわけでは、<6E5C>あわわ,"엣!?그, 그런 건 아니고,<6E5C>아와와","엣!?그, 그런 건 아니고,<6E5C>아와와"
dom3OP_0701.mes,Script/dom3OP_0701.mes,276,17,UNKNOWN_6d,ふふ、冗談よ.おもしろい人だねぇ,"후후,농담이에요.재밌는분이시네","후후,농담이에요.재밌는분이시네"
dom3OP_0701.mes,Script/dom3OP_0701.mes,277,28,주인공,くっ…….酔っ払ってるからって、<6E5C>からかわないでくれ!,"큭…….취했다고,<6E5C>놀리지 좀 마!","큭…….취했다고,<6E5C>놀리지 좀 마!"
dom3OP_0701.mes,Script/dom3OP_0701.mes,278,37,UNKNOWN_6d,お待ち.そんな足取りでどこに?<6E5C>せめて、少し休んでいかれたらどう<6E5C>ですか,잠깐만요.그런걸음걸이로<6E5C>어딜가시게요?적어도잠깐<6E5C>쉬었다가시는게어때요,잠깐만요.그런걸음걸이로<6E5C>어딜가시게요?적어도잠깐<6E5C>쉬었다가시는게어때요
dom3OP_0701.mes,Script/dom3OP_0701.mes,279,22,주인공,ええい、情けは無用!<6E5C>これくらい平気だぁ!,"에잇,동정없어!<6E5C>이정도야아무렇지않아!","에잇,동정없어!<6E5C>이정도야아무렇지않아!"
dom3OP_0701.mes,Script/dom3OP_0701.mes,280,8,UNKNOWN_6d,ああ、旦那……,"아아,나리……","아아,나리……"
dom3OP_0701.mes,Script/dom3OP_0701.mes,281,47,주인공,……うう、だんだん頭が痛くなって<6E5C>きた.やっぱり、お言葉に甘えて<6E5C>休んでいけばよかったかなぁ,"……으으, 점점 머리가 아파온다.<6E5C>역시 말씀에 못 이기는 척<6E5C>쉬었다 갈 걸 그랬나","……으으, 점점 머리가 아파온다.<6E5C>역시 말씀에 못 이기는 척<6E5C>쉬었다 갈 걸 그랬나"
dom3OP_0701.mes,Script/dom3OP_0701.mes,282,66,주인공,いやいや、この町は商売根性<6E5C>たくましい町だからな.どこで<6E5C>スキをつかれるかわからないぞ!<485C>しっかりしなきゃ、<6E5C>しっかりしなきゃ……,"아니야,아니야.이마을은장사<6E5C>근성이억척스러운곳이니까.<6E5C>어디서허점을찔릴지모른다고!<485C>정신차려야지,<6E5C>정신차려야지……","아니야,아니야.이마을은장사<6E5C>근성이억척스러운곳이니까.<6E5C>어디서허점을찔릴지모른다고!<485C>정신차려야지,<6E5C>정신차려야지……"
dom3OP_0702.mes,Script/dom3OP_0702.mes,0,10,주인공,(う、う~ん……),"(으, 으음……)","(으, 으음……)"
dom3OP_0702.mes,Script/dom3OP_0702.mes,1,9,[효과음/내레이션],チュン、チュン、,"짹짹, 짹짹,","짹짹, 짹짹,"
dom3OP_0702.mes,Script/dom3OP_0702.mes,2,12,주인공,……あれ、どこだ?ここ,"……어라,여기어디지?","……어라,여기어디지?"
dom3OP_0702.mes,Script/dom3OP_0702.mes,3,55,주인공,いたっ!頭がガンガンする<485C>……そうか、昨日酔っ払ったまま、<6E5C>こんな河原で寝ちまったのか、俺.<6E5C>いたたたた……,"아야!머리가지끈지끈하네<485C>……그렇군,어제취한채로,<6E5C>이런강변에서자버렸구나,나.<6E5C>아이고고고……","아야!머리가지끈지끈하네<485C>……그렇군,어제취한채로,<6E5C>이런강변에서자버렸구나,나.<6E5C>아이고고고……"
dom3OP_0702.mes,Script/dom3OP_0702.mes,4,27,주인공,ううっ、とにかく起きよう.<6E5C>川の水で顔でも洗って……,"으윽,아무튼일어나자.<6E5C>강물로세수라도하고……","으윽,아무튼일어나자.<6E5C>강물로세수라도하고……"
dom3OP_0702.mes,Script/dom3OP_0702.mes,5,4,UNKNOWN_1e,ミナー,미나~,미나~
dom3OP_0702.mes,Script/dom3OP_0702.mes,6,3,주인공,へ?,어?,어?
dom3OP_0702.mes,Script/dom3OP_0702.mes,7,6,[효과음/내레이션],ガサガサッ,부스럭,부스럭
dom3OP_0702.mes,Script/dom3OP_0702.mes,8,29,주인공,……今、草むらに変な生き物が<6E5C>見えたような…….なんだ?,"……방금,수풀속에이상한생물이<6E5C>보인것같은데…….뭐지?","……방금,수풀속에이상한생물이<6E5C>보인것같은데…….뭐지?"
dom3OP_0702.mes,Script/dom3OP_0702.mes,9,5,UNKNOWN_1e,ミーナー,미이나~,미이나~
dom3OP_0702.mes,Script/dom3OP_0702.mes,10,6,[효과음/내레이션],ガサガサッ,부스럭,부스럭
dom3OP_0702.mes,Script/dom3OP_0702.mes,11,30,주인공,うわ、また!まさかもののけ!?<6E5C>まだ酔ってるのかな、俺……,"우와, 또!설마 요괴!?<6E5C>아직 안 깼나, 나……","우와, 또!설마 요괴!?<6E5C>아직 안 깼나, 나……"
dom3OP_0702.mes,Script/dom3OP_0702.mes,12,46,UNKNOWN_1e,……大丈夫、チャンプル.わたしは<6E5C>ここにいる…….ひとりぼっちに<6E5C>なんか、させないから……,"……괜찮아, 챤푸루.나는<6E5C>여기 있어…….혼자 두게<6E5C>하지 않을 거니까……","……괜찮아, 챤푸루.나는<6E5C>여기 있어…….혼자 두게<6E5C>하지 않을 거니까……"
dom3OP_0702.mes,Script/dom3OP_0702.mes,13,4,[효과음/내레이션],ぎゅっ,꼬옥,꼬옥
dom3OP_0702.mes,Script/dom3OP_0702.mes,14,19,주인공,(……な!<6E5C>少女がもののけを胸に!),(……뭐!<6E5C>소녀가요괴를안고있어!),(……뭐!<6E5C>소녀가요괴를안고있어!)
dom3OP_0702.mes,Script/dom3OP_0702.mes,15,4,UNKNOWN_7b,ミナー,미나~,미나~
dom3OP_0702.mes,Script/dom3OP_0702.mes,16,7,UNKNOWN_1c,!<020A>……誰?,!<020A>누구?,!<020A>누구?
dom3OP_0702.mes,Script/dom3OP_0702.mes,17,13,주인공,いや、あやしい者では……,수상한사람아니야……,수상한사람아니야……
dom3OP_0702.mes,Script/dom3OP_0702.mes,18,29,UNKNOWN_1c,どうしてここに…….ここは……<6E5C>チャンプルとわたしの……,어째서 여기에…….여기는……<6E5C>챤푸루와 나의……,어째서 여기에…….여기는……<6E5C>챤푸루와 나의……
dom3OP_0702.mes,Script/dom3OP_0702.mes,19,53,주인공,そ、そうか.<6E5C>君たちの大切な遊び場だったのか.<6E5C>これは失礼した<485C>旅の者で勝手がわからず、<6E5C>もうしわけない,"그,그렇구나.<6E5C>너희들의소중한놀이터였구나.<6E5C>이거실례했어<485C>여행중이라사정을몰라서,<6E5C>미안해","그,그렇구나.<6E5C>너희들의소중한놀이터였구나.<6E5C>이거실례했어<485C>여행중이라사정을몰라서,<6E5C>미안해"
dom3OP_0702.mes,Script/dom3OP_0702.mes,20,3,UNKNOWN_1c,……,……,……
dom3OP_0702.mes,Script/dom3OP_0702.mes,21,44,주인공,その、胸に抱いてる生き物は君のお<6E5C>供かい?見たことのない動物だが、<6E5C>なんという名の――,"저, 품에 안고 있는 생물은 네<6E5C>일행이야?본 적 없는 동물인데,<6E5C>이름이 뭐――","저, 품에 안고 있는 생물은 네<6E5C>일행이야?본 적 없는 동물인데,<6E5C>이름이 뭐――"
dom3OP_0702.mes,Script/dom3OP_0702.mes,22,13,UNKNOWN_1c,チャンプルに触らないで!,챤푸루한테 손대지 마!,챤푸루한테 손대지 마!
dom3OP_0702.mes,Script/dom3OP_0702.mes,23,4,UNKNOWN_7b,ミナー,미나~,미나~
dom3OP_0702.mes,Script/dom3OP_0702.mes,24,26,주인공,うっ……チャンプルというのか、<6E5C>その珍妙な生き物は,"윽……챤푸루라고 하는구나,<6E5C>저 희한한 생물은","윽……챤푸루라고 하는구나,<6E5C>저 희한한 생물은"
dom3OP_0702.mes,Script/dom3OP_0702.mes,25,11,주인공,君の名が……ミナー?,네 이름이……미나?,네 이름이……미나?
dom3OP_0702.mes,Script/dom3OP_0702.mes,26,23,Mina,……来ないで.<6E5C>……わたしに関わらないで……,……오지 마.<6E5C>……나한테 관여하지 마……,……오지 마.<6E5C>……나한테 관여하지 마……
dom3OP_0702.mes,Script/dom3OP_0702.mes,27,31,주인공,そんなに邪険にしなくても.<6E5C>ただその生き物が気になっただけで,그렇게매몰차게안굴어도되잖아.<6E5C>그냥그생물이궁금했을뿐인데,그렇게매몰차게안굴어도되잖아.<6E5C>그냥그생물이궁금했을뿐인데
dom3OP_0702.mes,Script/dom3OP_0702.mes,28,45,주인공,……君、その肌の色は、この国の<6E5C>人間じゃないのかい?ずいぶん<6E5C>涼しそうな格好をしているし,"……너,그피부색을보니이나라<6E5C>사람이아닌것같은데?차림새도<6E5C>꽤시원해보이고","……너,그피부색을보니이나라<6E5C>사람이아닌것같은데?차림새도<6E5C>꽤시원해보이고"
dom3OP_0702.mes,Script/dom3OP_0702.mes,29,8,Mina,近寄らないで!,다가오지 마!,다가오지 마!
dom3OP_0702.mes,Script/dom3OP_0702.mes,30,19,주인공,いや、俺は何も悪さをする<6E5C>つもりでは,"아니,나는딱히나쁜짓을할<6E5C>생각은……","아니,나는딱히나쁜짓을할<6E5C>생각은……"
dom3OP_0702.mes,Script/dom3OP_0702.mes,31,20,Mina,あなたなんか知らない!<6E5C>いなくなって!,당신 같은 거 몰라!<6E5C>없어져 버려!,당신 같은 거 몰라!<6E5C>없어져 버려!
dom3OP_0702.mes,Script/dom3OP_0702.mes,32,9,주인공,何もそこまで……,뭘그렇게까지……,뭘그렇게까지……
dom3OP_0702.mes,Script/dom3OP_0702.mes,33,17,Mina,きらい、キライ、みんな大ッ嫌い!,"싫어, 싫어, 다 너무 싫어!","싫어, 싫어, 다 너무 싫어!"
dom3OP_0702.mes,Script/dom3OP_0702.mes,34,4,UNKNOWN_7b,ミナー,미나~,미나~
dom3OP_0702.mes,Script/dom3OP_0702.mes,35,14,Mina,チャンプル…….行こう……,챤푸루…….가자……,챤푸루…….가자……
dom3OP_0702.mes,Script/dom3OP_0702.mes,36,3,[효과음/내레이션],ダッ,휙,휙
dom3OP_0702.mes,Script/dom3OP_0702.mes,37,4,주인공,あ……,아……,아……
dom3OP_0702.mes,Script/dom3OP_0702.mes,38,19,주인공,なんだったんだ?<6E5C>あの娘とあの動物は,뭐였던거지?<6E5C>그소녀랑그동물은,뭐였던거지?<6E5C>그소녀랑그동물은
dom3OP_0702.mes,Script/dom3OP_0702.mes,39,51,주인공,……まさか、こんな河原で、あの<6E5C>チャンプルとかいうもののけと<485C>ふたりっきりで募らしてるん<6E5C>だろうか?,"……설마, 이런 강변에서, 그<6E5C>챤푸루라는 요괴랑<485C>단둘이서 살고 있는<6E5C>걸까?","……설마, 이런 강변에서, 그<6E5C>챤푸루라는 요괴랑<485C>단둘이서 살고 있는<6E5C>걸까?"
dom3OP_0702.mes,Script/dom3OP_0702.mes,40,42,주인공,……むぅ、考えてもしかたないな.<6E5C>また怒られたらかなわん.<6E5C>さっさとここから出よう,"……음, 생각해봤자 소용없지.<6E5C>또 혼나면 곤란하니까.<6E5C>얼른 여기서 나가자","……음, 생각해봤자 소용없지.<6E5C>또 혼나면 곤란하니까.<6E5C>얼른 여기서 나가자"
dom3OP_0702.mes,Script/dom3OP_0702.mes,41,7,[효과음/내레이션],タッタッタッ,타닥타닥,타닥타닥
dom3OP_0702.mes,Script/dom3OP_0702.mes,42,33,주인공,……ふぅ.<6E5C>朝から変な目にあっちゃったな.<6E5C>何もしてないのに――,……후.<6E5C>아침부터이상한꼴을당했네.<6E5C>아무것도안했는데――,……후.<6E5C>아침부터이상한꼴을당했네.<6E5C>아무것도안했는데――
dom3OP_0702.mes,Script/dom3OP_0702.mes,43,4,[효과음/내레이션],ぐぅ~,꼬르륵,꼬르륵
dom3OP_0702.mes,Script/dom3OP_0702.mes,44,49,주인공,……そういえばお腹がすいたなぁ.<6E5C>昨日は覇王丸さんの家でご馳走に<6E5C>なったけど、今日はどうしようか,"……그러고보니배가고프네.<6E5C>어제는하오마루씨댁에서대접을<6E5C>받았는데,오늘은어떻게할까","……그러고보니배가고프네.<6E5C>어제는하오마루씨댁에서대접을<6E5C>받았는데,오늘은어떻게할까"
dom3OP_0702.mes,Script/dom3OP_0702.mes,45,8,UNKNOWN_1e,あ、<이름:3232>さん?,"아,<이름:3232>씨?","아,<이름:3232>씨?"
dom3OP_0702.mes,Script/dom3OP_0702.mes,46,15,주인공,君はむささび屋の……えーっと,너는 무사사비야의……음,너는 무사사비야의……음
dom3OP_0702.mes,Script/dom3OP_0702.mes,47,40,Shino,詩乃よっ!あたいはちゃんと<6E5C><이름:3232>さんの名前を覚えてたのに、<6E5C>失礼しちゃうわっ!,"시노라고!나는 확실히<6E5C><이름:3232> 씨 이름을 기억하고 있었는데,<6E5C>실례잖아!","시노라고!나는 확실히<6E5C><이름:3232> 씨 이름을 기억하고 있었는데,<6E5C>실례잖아!"
dom3OP_0702.mes,Script/dom3OP_0702.mes,48,17,주인공,ごめんよ、あれからいろいろあって,"미안해,그뒤로이런저런일이있어서","미안해,그뒤로이런저런일이있어서"
dom3OP_0702.mes,Script/dom3OP_0702.mes,49,28,Shino,いろいろ?<6E5C>この町がいかに楽しい町か、<6E5C>よくわかった?,"이런저런?<6E5C>이마을이얼마나재밌는곳인지,<6E5C>잘알았어?","이런저런?<6E5C>이마을이얼마나재밌는곳인지,<6E5C>잘알았어?"
dom3OP_0702.mes,Script/dom3OP_0702.mes,50,22,주인공,いい意味でも悪い意味でも、<6E5C>よくわかったよ,"좋은의미로든나쁜의미로든,<6E5C>잘알았어","좋은의미로든나쁜의미로든,<6E5C>잘알았어"
dom3OP_0702.mes,Script/dom3OP_0702.mes,51,51,Shino,それなら安心!<6E5C>町にはいろんな顔があるからね<485C><이름:3232>さんは町の人たちに<6E5C>かなり気に入られたんじゃない?,그렇다면다행이네!<6E5C>마을에는여러얼굴이있으니까<485C><이름:3232>씨는마을사람들한테<6E5C>꽤마음에든거아니야?,그렇다면다행이네!<6E5C>마을에는여러얼굴이있으니까<485C><이름:3232>씨는마을사람들한테<6E5C>꽤마음에든거아니야?
dom3OP_0702.mes,Script/dom3OP_0702.mes,52,10,주인공,う~ん、どうだろう,음~ 글쎄,음~ 글쎄
dom3OP_0702.mes,Script/dom3OP_0702.mes,53,4,[효과음/내레이션],ぐぅ~,꼬르륵,꼬르륵
dom3OP_0702.mes,Script/dom3OP_0702.mes,54,25,Shino,あら.<이름:3232>さん、<6E5C>ごはんまだなの?お金がないの?,"어머.<이름:3232>씨,<6E5C>아직밥안먹었어?돈이없는거야?","어머.<이름:3232>씨,<6E5C>아직밥안먹었어?돈이없는거야?"
dom3OP_0702.mes,Script/dom3OP_0702.mes,55,28,주인공,昨日、どこかで財布から五文、<6E5C>落としちゃったみたいでね,"어제,어디선가지갑에서다섯푼을<6E5C>흘려버린것같더라고","어제,어디선가지갑에서다섯푼을<6E5C>흘려버린것같더라고"
dom3OP_0702.mes,Script/dom3OP_0702.mes,56,52,Shino,それなら、すぐそこのむささび屋っ<6E5C>て茶屋のおうどんがオススメよ?<485C>今ならお値頃価格で<6E5C>御奉仕中みたい!,"그렇다면,바로저기무사사비야<6E5C>라는찻집우동을추천할게?<485C>지금은저렴한가격에<6E5C>서비스중인가봐!","그렇다면,바로저기무사사비야<6E5C>라는찻집우동을추천할게?<485C>지금은저렴한가격에<6E5C>서비스중인가봐!"
dom3OP_0702.mes,Script/dom3OP_0702.mes,57,33,주인공,そんなこと言って、またちゃっかり<6E5C>諸求するんだろう.わかってるよ,"그런 말 하면서, 또 은근슬쩍<6E5C>돈 뜯을 거잖아.다 알아","그런 말 하면서, 또 은근슬쩍<6E5C>돈 뜯을 거잖아.다 알아"
dom3OP_0702.mes,Script/dom3OP_0702.mes,58,57,Shino,人を悪徳商人みたいに言っちゃっ<6E5C>て.そんなことしないから<6E5C>来なさいよ<485C>詩乃さんが腕によりをかけて<6E5C>作ってあげる!,사람을악덕상인처럼말하고<6E5C>말이야.그런짓안할테니까<6E5C>어서와<485C>시노언니가솜씨발휘해서<6E5C>만들어줄게!,사람을악덕상인처럼말하고<6E5C>말이야.그런짓안할테니까<6E5C>어서와<485C>시노언니가솜씨발휘해서<6E5C>만들어줄게!
dom3OP_0702.mes,Script/dom3OP_0702.mes,59,4,[효과음/내레이션],ぐぅ~,꼬르륵,꼬르륵
dom3OP_0702.mes,Script/dom3OP_0702.mes,60,29,주인공,むむ、今ひとつ信用できないが……<6E5C>腹の虫には逆らえないな,"음,왠지못미덥지만……<6E5C>배속벌레는못이기겠네","음,왠지못미덥지만……<6E5C>배속벌레는못이기겠네"
dom3OP_0702.mes,Script/dom3OP_0702.mes,61,10,[효과음/내레이션],ずるっずるっずるっ,후루룩후루룩후루룩,후루룩후루룩후루룩
dom3OP_0702.mes,Script/dom3OP_0702.mes,62,9,Shino,どう?お味の方は,어때?맛은,어때?맛은
dom3OP_0702.mes,Script/dom3OP_0702.mes,63,28,주인공,ああ.すごく腹が減ってたから、<6E5C>何を食べてもおいしいよ,"아.엄청 배가 고팠으니까,<6E5C>뭘 먹어도 맛있어","아.엄청 배가 고팠으니까,<6E5C>뭘 먹어도 맛있어"
dom3OP_0702.mes,Script/dom3OP_0702.mes,64,30,Shino,失礼ね!<6E5C>ちゃんと味わって食べてよ、<6E5C>自慢の味なんだからっ,"실례잖아!<6E5C>제대로맛보면서먹어줘,<6E5C>자신있는맛이란말이야","실례잖아!<6E5C>제대로맛보면서먹어줘,<6E5C>자신있는맛이란말이야"
dom3OP_0702.mes,Script/dom3OP_0702.mes,65,19,주인공,ごめん、ごめん.<6E5C>ちゃんとおいしいよ,"미안, 미안.<6E5C>진짜로 맛있어","미안, 미안.<6E5C>진짜로 맛있어"
dom3OP_0702.mes,Script/dom3OP_0702.mes,66,17,Shino,もぉー、お残しは許さないからね!,"정말이지,남기는건용서안해!","정말이지,남기는건용서안해!"
dom3OP_0702.mes,Script/dom3OP_0702.mes,67,5,주인공,はいはい,네네,네네
dom3OP_0702.mes,Script/dom3OP_0702.mes,68,4,[효과음/내레이션],タタッ,타닥,타닥
dom3OP_0702.mes,Script/dom3OP_0702.mes,69,53,주인공,忙しそうだな……ずるずる.<6E5C>お店も混んでるし<485C>早く食べて、お勘定を言われない<6E5C>うちに逃げるか……ずるずる,"바빠 보이네……후루룩.<6E5C>가게도 붐비고<485C>얼른 먹고, 계산 얘기 나오기<6E5C>전에 도망갈까……후루룩","바빠 보이네……후루룩.<6E5C>가게도 붐비고<485C>얼른 먹고, 계산 얘기 나오기<6E5C>전에 도망갈까……후루룩"
dom3OP_0702.mes,Script/dom3OP_0702.mes,70,25,UNKNOWN_1e,アナタ……昨日、凛花を助けてくれ<6E5C>た人じゃない?,"당신……어제, 린카를 구해준<6E5C>사람 아니야?","당신……어제, 린카를 구해준<6E5C>사람 아니야?"
dom3OP_0702.mes,Script/dom3OP_0702.mes,71,3,주인공,え?,어?,어?
dom3OP_0702.mes,Script/dom3OP_0702.mes,72,13,UNKNOWN_1c,アラ、けっこうイイ男ネッ,"어머,꽤괜찮은남자네","어머,꽤괜찮은남자네"
dom3OP_0702.mes,Script/dom3OP_0702.mes,73,29,주인공,なな……エゲレス人!?なんで<6E5C>こんなとこに異国の女性が!,"무,무슨……영국인!?어째서<6E5C>이런곳에이국여성이!","무,무슨……영국인!?어째서<6E5C>이런곳에이국여성이!"
dom3OP_0702.mes,Script/dom3OP_0702.mes,74,23,UNKNOWN_1c,ヤァネェ、ジロジロ見ないでよ.<6E5C>照れちゃうわ,"어머 참, 빤히 쳐다보지 마.<6E5C>부끄럽잖아","어머 참, 빤히 쳐다보지 마.<6E5C>부끄럽잖아"
dom3OP_0702.mes,Script/dom3OP_0702.mes,75,16,주인공,あぅ、あぅ、あいあむ、え~っと,"으,으,아이앰,어~그러니까","으,으,아이앰,어~그러니까"
dom3OP_0702.mes,Script/dom3OP_0702.mes,76,20,UNKNOWN_1c,そんなにかたくならないで.<6E5C>カワイイ人,그렇게 긴장하지 마.<6E5C>귀여운 사람,그렇게 긴장하지 마.<6E5C>귀여운 사람
dom3OP_0702.mes,Script/dom3OP_0702.mes,77,17,주인공,ううっ、どうすればいいのやら……,"으윽, 어떻게 해야 할지……","으윽, 어떻게 해야 할지……"
dom3OP_0702.mes,Script/dom3OP_0702.mes,78,14,UNKNOWN_1e,そんな奴ほっときなよ、サヤ,"그런녀석내버려둬,사야","그런녀석내버려둬,사야"
dom3OP_0702.mes,Script/dom3OP_0702.mes,79,28,주인공,あ、昨日の女の子!よかった、<6E5C>あの後も無事だったんだね,"아,어제그여자애!다행이다,<6E5C>그후에도무사했구나","아,어제그여자애!다행이다,<6E5C>그후에도무사했구나"
dom3OP_0702.mes,Script/dom3OP_0702.mes,80,31,Saya,ヤッパリ.あのときは凛花がお世話<6E5C>になったわね.アリガトウ!,역시나.그때는 린카가 신세를<6E5C>졌지.고마워!,역시나.그때는 린카가 신세를<6E5C>졌지.고마워!
dom3OP_0702.mes,Script/dom3OP_0702.mes,81,34,Saya,ワタシが止めようとする前にアナタ<6E5C>が現れたから、おどろいちゃったわ,"내가 말리려던 참에 당신이<6E5C>나타나서, 깜짝 놀랐어","내가 말리려던 참에 당신이<6E5C>나타나서, 깜짝 놀랐어"
dom3OP_0702.mes,Script/dom3OP_0702.mes,82,10,주인공,いや、俺は何も……,"아니,난딱히……","아니,난딱히……"
dom3OP_0702.mes,Script/dom3OP_0702.mes,83,24,주인공,凛花ちゃんっていうのか、君.<6E5C>かわいい名前だね,"린카라고 하는구나, 너.<6E5C>귀여운 이름이네","린카라고 하는구나, 너.<6E5C>귀여운 이름이네"
dom3OP_0702.mes,Script/dom3OP_0702.mes,84,26,Rinka,フン!あんたなんか知らないよ!<6E5C>早く行こうよ、サヤ,"흥!당신 같은 거 몰라!<6E5C>얼른 가자, 사야","흥!당신 같은 거 몰라!<6E5C>얼른 가자, 사야"
dom3OP_0702.mes,Script/dom3OP_0702.mes,85,46,Saya,コ~ラ.ケガするところを助けても<6E5C>らったんだから、ちゃんとお礼を言<6E5C>わないとダメでしょう?,"이런.다칠 뻔한 걸 구해줬으니까,<6E5C>제대로 고맙다고 해야지?","이런.다칠 뻔한 걸 구해줬으니까,<6E5C>제대로 고맙다고 해야지?"
dom3OP_0702.mes,Script/dom3OP_0702.mes,86,48,Rinka,そんなの知らないっ!あんな奴、<6E5C>あたしひとりでやっつけれたんだ.<6E5C>邪魔なんかして、いい迷惑だ!,"그런거몰라!그런녀석,<6E5C>나혼자서도해치울수있었어.<6E5C>방해나하고,완전민폐야!","그런거몰라!그런녀석,<6E5C>나혼자서도해치울수있었어.<6E5C>방해나하고,완전민폐야!"
dom3OP_0702.mes,Script/dom3OP_0702.mes,87,33,주인공,あんな見るからに危険な男に、<6E5C>ケンカなんかしかけちゃ<6E5C>いけないよ,"저렇게딱봐도위험한남자한테,<6E5C>싸움같은거걸면<6E5C>안되지","저렇게딱봐도위험한남자한테,<6E5C>싸움같은거걸면<6E5C>안되지"
dom3OP_0702.mes,Script/dom3OP_0702.mes,88,34,Rinka,うるさい!あたしはあんたなんかに<6E5C>守られるような弱い人間じゃない!,시끄러워!나는당신같은사람한테<6E5C>보호받을만큼약한사람이아니야!,시끄러워!나는당신같은사람한테<6E5C>보호받을만큼약한사람이아니야!
dom3OP_0702.mes,Script/dom3OP_0702.mes,89,31,Rinka,ひとりで闘えたんだ.おまえたち<6E5C>侍なんかに負けたりしない……,혼자서도싸울수있었어.너희<6E5C>같은사무라이한테는안져……,혼자서도싸울수있었어.너희<6E5C>같은사무라이한테는안져……
dom3OP_0702.mes,Script/dom3OP_0702.mes,90,3,[효과음/내레이션],ダッ,휙,휙
dom3OP_0702.mes,Script/dom3OP_0702.mes,91,9,주인공,あ、ちょっと……,"아, 잠깐……","아, 잠깐……"
dom3OP_0702.mes,Script/dom3OP_0702.mes,92,55,Saya,……いいの.放っておいて.<6E5C>あの子、ちょっと難しいところが<6E5C>あるの<485C>普段はイイ子なんだけど……<6E5C>ごめんなさい,"……괜찮아.내버려 둬.<6E5C>저 애, 좀 까다로운 데가<6E5C>있어서<485C>평소엔 착한 앤데……<6E5C>미안해","……괜찮아.내버려 둬.<6E5C>저 애, 좀 까다로운 데가<6E5C>있어서<485C>평소엔 착한 앤데……<6E5C>미안해"
dom3OP_0702.mes,Script/dom3OP_0702.mes,93,27,주인공,……そうですか.かたくなだけど、<6E5C>まっすぐな子ですね,"……그런가요.고집스럽지만,<6E5C>올곧은 아이네요","……그런가요.고집스럽지만,<6E5C>올곧은 아이네요"
dom3OP_0702.mes,Script/dom3OP_0702.mes,94,30,Saya,フフッ.<6E5C>アナタ、やっぱりイイ男ね.<6E5C>ワタシ惚れちゃうかも,"후훗.<6E5C>당신, 역시 괜찮은 남자네.<6E5C>나 반해버릴지도","후훗.<6E5C>당신, 역시 괜찮은 남자네.<6E5C>나 반해버릴지도"
dom3OP_0702.mes,Script/dom3OP_0702.mes,95,15,주인공,え?からかわないでください!,네?놀리지 말아 주세요!,네?놀리지 말아 주세요!
dom3OP_0702.mes,Script/dom3OP_0702.mes,96,17,Saya,アラ、からかってなんかないわよ?,"어머, 놀리는 거 아닌데?","어머, 놀리는 거 아닌데?"
dom3OP_0702.mes,Script/dom3OP_0702.mes,97,50,주인공,……あっ、あの、あなたはあの子と<6E5C>どういう間柄で?見たところ、お姉<6E5C>さんではないみたいですけど……,"……앗, 저기, 당신은 그 아이와<6E5C>어떤 사이인가요?보아하니, 언니는<6E5C>아닌 것 같은데……","……앗, 저기, 당신은 그 아이와<6E5C>어떤 사이인가요?보아하니, 언니는<6E5C>아닌 것 같은데……"
dom3OP_0702.mes,Script/dom3OP_0702.mes,98,54,Saya,あたりまえじゃない!<6E5C>凛花とは昔からの知り合いで、<6E5C>ふたりでこの町に募らしてるの<485C>お互い家族がいないからね,"당연하잖아!<6E5C>린카와는 옛날부터 아는 사이라,<6E5C>둘이서 이 마을에 살고 있어<485C>서로 가족이 없으니까","당연하잖아!<6E5C>린카와는 옛날부터 아는 사이라,<6E5C>둘이서 이 마을에 살고 있어<485C>서로 가족이 없으니까"
dom3OP_0702.mes,Script/dom3OP_0702.mes,99,20,주인공,家族が…….<6E5C>そうでしたか、すいません,"가족이…….<6E5C>그랬군요, 죄송해요","가족이…….<6E5C>그랬군요, 죄송해요"
dom3OP_0702.mes,Script/dom3OP_0702.mes,100,24,Saya,謝らなくていいわよ.アナタは?<6E5C>旅の人でしょ?,사과 안 해도 돼.당신은?<6E5C>여행자지?,사과 안 해도 돼.당신은?<6E5C>여행자지?
dom3OP_0702.mes,Script/dom3OP_0702.mes,101,11,주인공,はい、<이름:3232>といいます,"네,<이름:3232>라고합니다","네,<이름:3232>라고합니다"
dom3OP_0702.mes,Script/dom3OP_0702.mes,102,40,Saya,じゃあ、<이름:3232>ちゃん.<6E5C>この出会いを記念して、ちょっと<6E5C>お姉さんに付き合わない?,"그럼, <이름:3232> 군.<6E5C>이 만남을 기념해서, 잠깐<6E5C>언니랑 놀지 않을래?","그럼, <이름:3232> 군.<6E5C>이 만남을 기념해서, 잠깐<6E5C>언니랑 놀지 않을래?"
dom3OP_0702.mes,Script/dom3OP_0702.mes,103,8,주인공,<이름:3232>ちゃん!?,<이름:3232> 군!?,<이름:3232> 군!?
dom3OP_0702.mes,Script/dom3OP_0702.mes,104,15,Shino,あれ、サヤさん、いつの間に?,"어라,사야씨,언제왔어요?","어라,사야씨,언제왔어요?"
dom3OP_0702.mes,Script/dom3OP_0702.mes,105,36,Saya,こんにちは、詩乃ちゃん.<6E5C>こちらのお兄さん、<6E5C>チョットお借りするわよ?,"안녕, 시노.<6E5C>이쪽 오빠, 잠깐<6E5C>빌려갈게?","안녕, 시노.<6E5C>이쪽 오빠, 잠깐<6E5C>빌려갈게?"
dom3OP_0702.mes,Script/dom3OP_0702.mes,106,38,Shino,<이름:3232>さん、お帰り?<6E5C>次に来たときは、しっかり<6E5C>店のお手伝いしてくださいね?,"<이름:3232>씨,가는거예요?<6E5C>다음에올때는,확실히<6E5C>가게일도와줘야해요?","<이름:3232>씨,가는거예요?<6E5C>다음에올때는,확실히<6E5C>가게일도와줘야해요?"
dom3OP_0702.mes,Script/dom3OP_0702.mes,107,8,주인공,え?なんで俺が,네?왜 제가,네?왜 제가
dom3OP_0702.mes,Script/dom3OP_0702.mes,108,37,Shino,お金もないのに<6E5C>うどん食べたんでしょう?<6E5C>体で返すのが当たり前じゃない!,돈도 없으면서<6E5C>우동 먹었잖아요?<6E5C>몸으로 갚는 게 당연하죠!,돈도 없으면서<6E5C>우동 먹었잖아요?<6E5C>몸으로 갚는 게 당연하죠!
dom3OP_0702.mes,Script/dom3OP_0702.mes,109,6,주인공,そんな……,그런……,그런……
dom3OP_0702.mes,Script/dom3OP_0702.mes,110,21,Saya,アハハ!さすが詩乃ちゃん.<6E5C>うまいわね~,아하하!역시 시노네.<6E5C>말 잘하네~,아하하!역시 시노네.<6E5C>말 잘하네~
dom3OP_0702.mes,Script/dom3OP_0702.mes,111,21,주인공,なんなんだ、ここの人たちは…….<6E5C>トホホ,"대체뭐야,여기사람들은…….<6E5C>아이고참","대체뭐야,여기사람들은…….<6E5C>아이고참"
dom3OP_0702.mes,Script/dom3OP_0702.mes,112,7,주인공,……ここは?,……여기는?,……여기는?
dom3OP_0702.mes,Script/dom3OP_0702.mes,113,20,Saya,ワタシがイギリス語を教えてる<6E5C>寺子屋よ,내가 영어를 가르치는<6E5C>서당이야,내가 영어를 가르치는<6E5C>서당이야
dom3OP_0702.mes,Script/dom3OP_0702.mes,114,27,주인공,エゲレス語を!?この町では<6E5C>そんな最先端なことが……,영어를!?이 마을에서는<6E5C>그런 최첨단인 게……,영어를!?이 마을에서는<6E5C>그런 최첨단인 게……
dom3OP_0702.mes,Script/dom3OP_0702.mes,115,32,Saya,アナタもどう?<6E5C>最先端の仲間入りは.<6E5C>優しく教えてあげるわよ?,당신도어때?<6E5C>최첨단무리에끼는거.<6E5C>다정하게가르쳐줄게?,당신도어때?<6E5C>최첨단무리에끼는거.<6E5C>다정하게가르쳐줄게?
dom3OP_0702.mes,Script/dom3OP_0702.mes,116,9,주인공,俺にはとても……,저한텐도저히……,저한텐도저히……
dom3OP_0702.mes,Script/dom3OP_0702.mes,117,19,Saya,ア、右京先生!<6E5C>今日はお早いんですね,"아,우쿄선생님!<6E5C>오늘은일찍오셨네요","아,우쿄선생님!<6E5C>오늘은일찍오셨네요"
dom3OP_0702.mes,Script/dom3OP_0702.mes,118,15,주인공,ん?サヤさん以外にも教師が?,응?사야씨말고도선생님이?,응?사야씨말고도선생님이?
dom3OP_0702.mes,Script/dom3OP_0702.mes,119,24,Ukyo,……今日は……体調が……<6E5C>良好だった、ので……,"……오늘은……몸상태가……<6E5C>좋았기,때문에……","……오늘은……몸상태가……<6E5C>좋았기,때문에……"
dom3OP_0702.mes,Script/dom3OP_0702.mes,120,24,주인공,(……って言うわりには、顔色の<6E5C>悪い人だなぁ),"(……라고하기엔,안색이<6E5C>안좋은사람이네)","(……라고하기엔,안색이<6E5C>안좋은사람이네)"
dom3OP_0702.mes,Script/dom3OP_0702.mes,121,37,Saya,右京先生にも紹介するわ.<6E5C>こちら、浪人の<이름:3232>ちゃん.<6E5C>カワイイ人でしょ?,"우쿄선생님한테도소개할게.<6E5C>이쪽,낭인인<이름:3232>군.<6E5C>귀여운사람이죠?","우쿄선생님한테도소개할게.<6E5C>이쪽,낭인인<이름:3232>군.<6E5C>귀여운사람이죠?"
dom3OP_0702.mes,Script/dom3OP_0702.mes,122,9,주인공,かわいいって……,귀엽다니……,귀엽다니……
dom3OP_0702.mes,Script/dom3OP_0702.mes,123,43,Saya,こちらは、この寺子屋で川柳を<6E5C>教えてる橘右京先生よ.<6E5C>かなり華奢だけど、イイ男よね?,이쪽은서당서센류가르치는<6E5C>타치바나우쿄선생님.<6E5C>여리여리해도괜찮은남자지?,이쪽은서당서센류가르치는<6E5C>타치바나우쿄선생님.<6E5C>여리여리해도괜찮은남자지?
dom3OP_0702.mes,Script/dom3OP_0702.mes,124,39,주인공,そうですね.<6E5C>まるで女の人みたいにキレイです.<6E5C>さぞやおモテになるんでしょう,그러네요.<6E5C>마치 여자처럼 예쁘시네요.<6E5C>분명 인기도 많으시겠어요,그러네요.<6E5C>마치 여자처럼 예쁘시네요.<6E5C>분명 인기도 많으시겠어요
dom3OP_0702.mes,Script/dom3OP_0702.mes,125,35,Saya,モチロン!<6E5C>右京先生の生徒はみんな女性よ.<6E5C>おっかけまでいるんだから,물론이지!<6E5C>우쿄선생님의제자는전부여자야.<6E5C>열성팬까지있다니까,물론이지!<6E5C>우쿄선생님의제자는전부여자야.<6E5C>열성팬까지있다니까
dom3OP_0702.mes,Script/dom3OP_0702.mes,126,6,주인공,おっかけ?,열성팬?,열성팬?
dom3OP_0702.mes,Script/dom3OP_0702.mes,127,5,Ukyo,ガハァ!,커헉!,커헉!
dom3OP_0702.mes,Script/dom3OP_0702.mes,128,3,주인공,!?,!?,!?
dom3OP_0702.mes,Script/dom3OP_0702.mes,129,11,Saya,大丈夫!?右京先生!,괜찮아요?선생님!,괜찮아요?선생님!
dom3OP_0702.mes,Script/dom3OP_0702.mes,130,17,Ukyo,……拙者、授業がある故……御免っ,"……소생,수업있어서……실례하오","……소생,수업있어서……실례하오"
dom3OP_0702.mes,Script/dom3OP_0702.mes,131,3,[효과음/내레이션],ダッ,휙,휙
dom3OP_0702.mes,Script/dom3OP_0702.mes,132,6,Saya,右京先生!,선생님!,선생님!
dom3OP_0702.mes,Script/dom3OP_0702.mes,133,26,주인공,……大丈夫ですか?<6E5C>血を吐いてたみたいですけど……,……괜찮으신건가요?<6E5C>피를토하신것같던데……,……괜찮으신건가요?<6E5C>피를토하신것같던데……
dom3OP_0702.mes,Script/dom3OP_0702.mes,134,29,Saya,あの人、肺を患ってるのよ.<6E5C>キレイなのに、かわいそうだわ,"저 사람, 폐를 앓고 있어.<6E5C>예쁜데, 안됐다니까","저 사람, 폐를 앓고 있어.<6E5C>예쁜데, 안됐다니까"
dom3OP_0702.mes,Script/dom3OP_0702.mes,135,27,주인공,病は怖いですね.……命さんも、<6E5C>肺を悪くしてるのかな,"병은무섭네요.……미코토씨도,<6E5C>폐가안좋으신걸까요","병은무섭네요.……미코토씨도,<6E5C>폐가안좋으신걸까요"
dom3OP_0702.mes,Script/dom3OP_0702.mes,136,7,Saya,ミコトさん?,미코토 씨?,미코토 씨?
dom3OP_0702.mes,Script/dom3OP_0702.mes,137,43,주인공,昨日、知り合った女性です.<6E5C>その方も美しいのに、長いこと<6E5C>病に悩まされている人でした,"어제,알게된여성이에요.<6E5C>그분도아름다운데,오랫동안<6E5C>병에시달리는분이었어요","어제,알게된여성이에요.<6E5C>그분도아름다운데,오랫동안<6E5C>병에시달리는분이었어요"
dom3OP_0702.mes,Script/dom3OP_0702.mes,138,21,Saya,マァ、ナンパ?やり手なのね.<6E5C>ステキだわ,"어머, 헌팅?수완가네.<6E5C>멋져","어머, 헌팅?수완가네.<6E5C>멋져"
dom3OP_0702.mes,Script/dom3OP_0702.mes,139,14,주인공,ナンパなんかじゃないです!,작업 거는 거 아니에요!,작업 거는 거 아니에요!
dom3OP_0702.mes,Script/dom3OP_0702.mes,140,36,Saya,でも病気は怖いわ.<6E5C>美人薄命ってヤツかしらね.<6E5C>ワタシも自分が心配……,근데병은무섭네.<6E5C>미인박명이라는거려나.<6E5C>나도내자신이걱정되네……,근데병은무섭네.<6E5C>미인박명이라는거려나.<6E5C>나도내자신이걱정되네……
dom3OP_0702.mes,Script/dom3OP_0702.mes,141,3,주인공,……,……,……
dom3OP_0702.mes,Script/dom3OP_0702.mes,142,31,Saya,アラ、もうこんな時間.かわいい<6E5C>教え子たちの教室へ行かないと,"어머,벌써시간이이렇게됐네.<6E5C>귀여운제자들교실에가야겠어","어머,벌써시간이이렇게됐네.<6E5C>귀여운제자들교실에가야겠어"
dom3OP_0702.mes,Script/dom3OP_0702.mes,143,10,주인공,じゃあ、俺はこれで,"그럼, 전 이만","그럼, 전 이만"
dom3OP_0702.mes,Script/dom3OP_0702.mes,144,58,Saya,ええ.ワタシに会いたくなったら、<6E5C>いつでもこの寺子屋に来てね?<485C><이름:3232>ちゃんなら、どんなこと<6E5C>でも教えてあげるからッ,"그래.내가 보고 싶어지면,<6E5C>언제든 이 서당으로 와<485C><이름:3232> 짱이라면, 뭐든지<6E5C>다 가르쳐 줄 테니까!","그래.내가 보고 싶어지면,<6E5C>언제든 이 서당으로 와<485C><이름:3232> 짱이라면, 뭐든지<6E5C>다 가르쳐 줄 테니까!"
dom3OP_0702.mes,Script/dom3OP_0702.mes,145,6,주인공,は、はいっ,"네, 네!","네, 네!"
dom3OP_0702.mes,Script/dom3OP_0702.mes,146,14,Saya,じゃ~ねぇ.カワイイ人ッ★,그럼안녕~.귀여운사람!,그럼안녕~.귀여운사람!
dom3OP_0702.mes,Script/dom3OP_0702.mes,147,61,주인공,……変わった人が多いな、<6E5C>この町には.にぎやかだけど、<6E5C>俺には馴染めそうにもない<485C>親切な人もいるけど、<6E5C>とどまるのは……,"……희한한사람이많네,<6E5C>이마을에는.활기차긴한데,<6E5C>나랑은안맞을것같아<485C>친절한사람도있지만,<6E5C>여기머무는건……","……희한한사람이많네,<6E5C>이마을에는.활기차긴한데,<6E5C>나랑은안맞을것같아<485C>친절한사람도있지만,<6E5C>여기머무는건……"
dom3OP_0702.mes,Script/dom3OP_0702.mes,148,22,주인공,でも、他に行くあてがあるわけでも<6E5C>なし……,"그래도,딱히다른갈곳이있는것도<6E5C>아니고……","그래도,딱히다른갈곳이있는것도<6E5C>아니고……"
dom3OP_0702.mes,Script/dom3OP_0702.mes,149,4,[효과음/내레이션],ドンッ,쿵!,쿵!
dom3OP_0702.mes,Script/dom3OP_0702.mes,150,22,주인공,あ、すいません.<6E5C>考え事をしていたので……,"아, 죄송해요.<6E5C>생각 좀 하느라……","아, 죄송해요.<6E5C>생각 좀 하느라……"
dom3OP_0702.mes,Script/dom3OP_0702.mes,151,3,UNKNOWN_1a,……,……,……
dom3OP_0702.mes,Script/dom3OP_0702.mes,152,4,주인공,……?,……?,……?
dom3OP_0702.mes,Script/dom3OP_0702.mes,153,6,UNKNOWN_1a,……殺ス!,……죽인다,……죽인다
dom3OP_0702.mes,Script/dom3OP_0702.mes,154,9,주인공,え?うわあああ!,뭐?으아아아악!,뭐?으아아아악!
dom3OP_0702.mes,Script/dom3OP_0702.mes,155,6,[효과음/내레이션],ざくぅっ!,서걱!,서걱!
dom3OP_0702.mes,Script/dom3OP_0702.mes,156,10,주인공,ぐあああぁぁぁ~!,크아아아아~!,크아아아아~!
dom3OP_0702.mes,Script/dom3OP_0702.mes,157,17,주인공,(……な、何なんだよ、これ……),"(……뭐, 뭐야 이게……)","(……뭐, 뭐야 이게……)"
dom3OP_0702.mes,Script/dom3OP_0702.mes,158,9,주인공,(う、うう……),"(으,으윽……)","(으,으윽……)"
dom3OP_0702.mes,Script/dom3OP_0702.mes,159,40,주인공,(俺はこんな見知らぬ土地で、<6E5C>わけもわからず斬り殺される<6E5C>運命だったのか……),"(나는이런낯선땅에서,<6E5C>영문도모른채베여죽을<6E5C>운명이었던건가……)","(나는이런낯선땅에서,<6E5C>영문도모른채베여죽을<6E5C>운명이었던건가……)"
dom3OP_0702.mes,Script/dom3OP_0702.mes,160,19,주인공,(父さん、母さん……<6E5C>ごめんよ……),"(아버지,어머니……<6E5C>미안해요……)","(아버지,어머니……<6E5C>미안해요……)"
dom3OP_0702.mes,Script/dom3OP_0702.mes,161,17,UNKNOWN_1e,……あなた、このまま死ぬの……?,"……당신,이대로죽을건가요……?","……당신,이대로죽을건가요……?"
dom3OP_0702.mes,Script/dom3OP_0702.mes,162,5,주인공,(!?),(!?),(!?)
dom3OP_0702.mes,Script/dom3OP_0702.mes,163,25,UNKNOWN_1e,……そう.安らかになりたいのなら<6E5C>……死になさい,……그래.편안해지고 싶다면<6E5C>……죽으렴,……그래.편안해지고 싶다면<6E5C>……죽으렴
dom3OP_0702.mes,Script/dom3OP_0702.mes,164,23,UNKNOWN_1e,そのまま、ゆっくりと、堕ちていき<6E5C>なさい……,"그대로, 천천히, 떨어져<6E5C>가렴……","그대로, 천천히, 떨어져<6E5C>가렴……"
dom3OP_0702.mes,Script/dom3OP_0702.mes,165,8,주인공,だ、誰だっ!?,"누,누구냐!?","누,누구냐!?"
dom3OP_0702.mes,Script/dom3OP_0702.mes,166,4,[효과음/내레이션],ガバッ,벌떡,벌떡
dom3OP_0702.mes,Script/dom3OP_0702.mes,167,11,주인공,……?ここはどこだ?,……?여긴어디지?,……?여긴어디지?
dom3OP_0702.mes,Script/dom3OP_0702.mes,168,22,주인공,いたっ!体が…….包帯?<6E5C>誰が手当てを……,아얏! 몸이…….붕대?<6E5C>누가 치료를……,아얏! 몸이…….붕대?<6E5C>누가 치료를……
dom3OP_0702.mes,Script/dom3OP_0702.mes,169,3,UNKNOWN_1c,……,……,……
dom3OP_0702.mes,Script/dom3OP_0702.mes,170,7,주인공,?<020A>あなたは,?<020A>당신은,?<020A>당신은
dom3OP_0702.mes,Script/dom3OP_0702.mes,171,22,UNKNOWN_1c,……なんだ、目覚めたのね.<6E5C>つまらない……,"……뭐야, 깨어났네.<6E5C>재미없어……","……뭐야, 깨어났네.<6E5C>재미없어……"
dom3OP_0702.mes,Script/dom3OP_0702.mes,172,3,[효과음/내레이션],スッ,스윽,스윽
dom3OP_0702.mes,Script/dom3OP_0702.mes,173,12,주인공,!?<020A>どういう意味……,!?<020A>그게무슨뜻……,!?<020A>그게무슨뜻……
dom3OP_0702.mes,Script/dom3OP_0702.mes,174,17,UNKNOWN_1e,旦那、やっと目覚めたんですかい?,"나리, 이제야 깨어나셨수?","나리, 이제야 깨어나셨수?"
dom3OP_0702.mes,Script/dom3OP_0702.mes,175,8,주인공,君は昨夜の……,어젯밤당신……,어젯밤당신……
dom3OP_0702.mes,Script/dom3OP_0702.mes,176,46,UNKNOWN_6d,びっくりしたわよ、血まみれで運ば<6E5C>れてくるから.でも傷は浅かったみ<6E5C>たい.運が良かったねぇ,"깜짝놀랐다니까,피투성이로<6E5C>실려왔으니까.그래도상처는얕았던<6E5C>것같아.운이좋았네","깜짝놀랐다니까,피투성이로<6E5C>실려왔으니까.그래도상처는얕았던<6E5C>것같아.운이좋았네"
dom3OP_0702.mes,Script/dom3OP_0702.mes,177,24,주인공,そうか、これは君がしてくれたの<6E5C>か.ありがとう,"그렇구나, 이건 네가 해준<6E5C>거구나.고마워","그렇구나, 이건 네가 해준<6E5C>거구나.고마워"
dom3OP_0702.mes,Script/dom3OP_0702.mes,178,57,UNKNOWN_6d,それくらいお安いご用さ.それに、<6E5C>倒れてる旦那を見つけて運んできた<6E5C>のは色(シキ)さんよ<485C>礼は被女に言っておくれ,"그정도야식은죽먹기지.게다가,<6E5C>쓰러져있던나리를발견해서데려온<6E5C>건시키씨야<485C>고맙다는인사는그애한테해줘","그정도야식은죽먹기지.게다가,<6E5C>쓰러져있던나리를발견해서데려온<6E5C>건시키씨야<485C>고맙다는인사는그애한테해줘"
dom3OP_0702.mes,Script/dom3OP_0702.mes,179,5,주인공,色さん?,시키씨?,시키씨?
dom3OP_0702.mes,Script/dom3OP_0702.mes,180,46,UNKNOWN_6d,さっき、この部屋を出ていった<6E5C>芸妓仲間よ.旦那が目覚めるまで、<6E5C>ずっと横で看てたんですよ?,"방금이방에서나간<6E5C>기생동료야.나리가깨어날때까지,<6E5C>계속옆에서간호했다고요?","방금이방에서나간<6E5C>기생동료야.나리가깨어날때까지,<6E5C>계속옆에서간호했다고요?"
dom3OP_0702.mes,Script/dom3OP_0702.mes,181,16,주인공,そうか、被女が.命の恩人だなぁ,"그렇구나,그애가생명의은인이네","그렇구나,그애가생명의은인이네"
dom3OP_0702.mes,Script/dom3OP_0702.mes,182,31,UNKNOWN_6d,ところで旦那.<6E5C>その傷……幻十郎さんに<6E5C>斬られたんですかい?,그런데 나리.<6E5C>그 상처……겐주로 씨한테<6E5C>베인 거유?,그런데 나리.<6E5C>그 상처……겐주로 씨한테<6E5C>베인 거유?
dom3OP_0702.mes,Script/dom3OP_0702.mes,183,29,주인공,いや、名は知らないが、<6E5C>背中に大きな傷跡のある<6E5C>侍だった,"아니,이름은모르지만,<6E5C>등에큰흉터가있는<6E5C>무사였어","아니,이름은모르지만,<6E5C>등에큰흉터가있는<6E5C>무사였어"
dom3OP_0702.mes,Script/dom3OP_0702.mes,184,56,UNKNOWN_6d,やっぱり幻十郎さんね…….<6E5C>被に近づいちゃあ、いけませんよ<485C>機嫌の悪いときゃ、誰被なく<6E5C>斬りつけちまうンだから,"역시겐주로씨였구나…….<6E5C>그사람한테가까이가면안돼요<485C>기분나쁠땐,누구든상관없이<6E5C>베어버리니까","역시겐주로씨였구나…….<6E5C>그사람한테가까이가면안돼요<485C>기분나쁠땐,누구든상관없이<6E5C>베어버리니까"
dom3OP_0702.mes,Script/dom3OP_0702.mes,185,13,주인공,な、なんて恐ろしい人……,"무,무서운사람이네……","무,무서운사람이네……"
dom3OP_0702.mes,Script/dom3OP_0702.mes,186,69,UNKNOWN_6d,まぁ、旦那なら親しくなれるかもし<6E5C>れないねぇ.幻十郎さん、この店に<6E5C>もよくお見えだよ<485C>次に会ったら気軽に話しかけて<6E5C>みちゃどうですかい?,"뭐,나리라면친해질수도<6E5C>있겠네.겐주로씨,이가게에<6E5C>도자주오시거든<485C>다음에만나면편하게말이라도<6E5C>걸어보는게어떻수?","뭐,나리라면친해질수도<6E5C>있겠네.겐주로씨,이가게에<6E5C>도자주오시거든<485C>다음에만나면편하게말이라도<6E5C>걸어보는게어떻수?"
dom3OP_0702.mes,Script/dom3OP_0702.mes,187,15,주인공,冗談じゃない!御免こうむる!,농담하지마요!사양할게요!,농담하지마요!사양할게요!
dom3OP_0702.mes,Script/dom3OP_0702.mes,188,31,UNKNOWN_6d,まぁ、無理もないわね.そんなに<6E5C>悪い人じゃあないンだけどねぇ,"뭐, 그럴 만도 하지.그렇게<6E5C>나쁜 사람은 아닌데 말이야","뭐, 그럴 만도 하지.그렇게<6E5C>나쁜 사람은 아닌데 말이야"
dom3OP_0702.mes,Script/dom3OP_0702.mes,189,46,주인공,介抱してくれたのは感謝する.<6E5C>でも、あの男が来るとなっては長居<6E5C>してられないな.失礼するよ,"간호해준건고맙게생각해.<6E5C>하지만,그남자가온다면오래<6E5C>머물순없겠네.이만실례할게","간호해준건고맙게생각해.<6E5C>하지만,그남자가온다면오래<6E5C>머물순없겠네.이만실례할게"
dom3OP_0702.mes,Script/dom3OP_0702.mes,190,14,UNKNOWN_6d,すぐ動いては傷が開きます!,바로움직이면상처벌어져요!,바로움직이면상처벌어져요!
dom3OP_0702.mes,Script/dom3OP_0702.mes,191,29,주인공,心配ご無用.昔から治りは早い方で<6E5C>ね.もう走って帰れるよ,걱정마.예전부터낫는게빨라.<6E5C>벌써뛰어서돌아갈수있어,걱정마.예전부터낫는게빨라.<6E5C>벌써뛰어서돌아갈수있어
dom3OP_0702.mes,Script/dom3OP_0702.mes,192,16,UNKNOWN_6d,……そりゃあ、たいした回復力で,"……거참, 대단한 회복력이네","……거참, 대단한 회복력이네"
dom3OP_0702.mes,Script/dom3OP_0702.mes,193,46,주인공,じゃあね、千夜さん.気が向いた<6E5C>ら、あのおっかない男に遭遇しない<6E5C>ように訪れるかもしれない,"그럼 안녕, 치요 씨.내키면<6E5C>그 무서운 남자와 마주치지 않게<6E5C>또 들를지도 몰라","그럼 안녕, 치요 씨.내키면<6E5C>그 무서운 남자와 마주치지 않게<6E5C>또 들를지도 몰라"
dom3OP_0702.mes,Script/dom3OP_0702.mes,194,43,UNKNOWN_6d,ふふ.期待しないで待っておりま<6E5C>す.蜜蜂屋はむささび屋の二階、<6E5C>表の看板が目印ですよ,"후후.기대안하고기다리고<6E5C>있을게요.미츠바치야는무사사비야2층,<6E5C>앞쪽간판이표시예요","후후.기대안하고기다리고<6E5C>있을게요.미츠바치야는무사사비야2층,<6E5C>앞쪽간판이표시예요"
dom3OP_0702.mes,Script/dom3OP_0702.mes,195,25,주인공,え?むささび屋って、詩乃さんの<6E5C>働いてる茶屋の?,"어? 무사사비야면, 시노 씨가<6E5C>일하는 찻집?","어? 무사사비야면, 시노 씨가<6E5C>일하는 찻집?"
dom3OP_0702.mes,Script/dom3OP_0702.mes,196,36,UNKNOWN_6d,ああ.ここは昼間はお茶屋.<6E5C>夕方は揚屋に変わって芸事を<6E5C>見せるんでさぁ,"그래.여긴낮에는찻집이고,<6E5C>저녁엔유흥집으로바뀌어서기예를<6E5C>보여준다우","그래.여긴낮에는찻집이고,<6E5C>저녁엔유흥집으로바뀌어서기예를<6E5C>보여준다우"
dom3OP_0702.mes,Script/dom3OP_0702.mes,197,14,UNKNOWN_6d,昼間に来たことがおありで?,낮에 와본 적 있수?,낮에 와본 적 있수?
dom3OP_0702.mes,Script/dom3OP_0702.mes,198,42,주인공,ああ.詩乃という、おさげの看板娘<6E5C>に一杯くわされたことがあるよ.<6E5C>いや、二杯かな?,"응.시노라는,땋은머리간판아가씨<6E5C>한테한방먹은적이있어.<6E5C>아니,두방이었나?","응.시노라는,땋은머리간판아가씨<6E5C>한테한방먹은적이있어.<6E5C>아니,두방이었나?"
dom3OP_0702.mes,Script/dom3OP_0702.mes,199,34,UNKNOWN_6d,あはは!ここはあきんどの町.<6E5C>それぐらいでないと生きて<6E5C>いけませぬ,아하하!여긴장사꾼의마을.<6E5C>그정도가아니면살아남을<6E5C>수없다우,아하하!여긴장사꾼의마을.<6E5C>그정도가아니면살아남을<6E5C>수없다우
dom3OP_0702.mes,Script/dom3OP_0702.mes,200,35,UNKNOWN_6d,旦那もしばらく居座って、<6E5C>ちったぁ、たくましくなっては<6E5C>どうですか?,"나리도한동안눌러앉아서,<6E5C>조금은강단있게<6E5C>되어보는게어떻수?","나리도한동안눌러앉아서,<6E5C>조금은강단있게<6E5C>되어보는게어떻수?"
dom3OP_0702.mes,Script/dom3OP_0702.mes,201,28,주인공,たくましくなるまえに、斬り殺され<6E5C>ちゃうかもしれないな,"강단 있게 되기 전에, 베여<6E5C>죽을지도 모르겠는데","강단 있게 되기 전에, 베여<6E5C>죽을지도 모르겠는데"
dom3OP_0702.mes,Script/dom3OP_0702.mes,202,39,UNKNOWN_6d,それは旦那次第.無理だと思うんな<6E5C>ら、もうこのあたりには近づかない<6E5C>ことです,"그건나리하기나름.무리라고생각한다<6E5C>면,이제이근처엔다가오지<6E5C>않는게좋아요","그건나리하기나름.무리라고생각한다<6E5C>면,이제이근처엔다가오지<6E5C>않는게좋아요"
dom3OP_0702.mes,Script/dom3OP_0702.mes,203,33,주인공,そうだな…….もし無事に生きてこ<6E5C>れたら、あなたの舞を見に来るよ,"그러게…….만약무사히살아<6E5C>남는다면,당신춤을보러올게","그러게…….만약무사히살아<6E5C>남는다면,당신춤을보러올게"
dom3OP_0702.mes,Script/dom3OP_0702.mes,204,12,UNKNOWN_6d,ふふ……それは楽しみな,후후……그거 기대되네,후후……그거 기대되네
dom3OP_0702.mes,Script/dom3OP_0702.mes,205,40,UNKNOWN_6d,くれぐれも帰り道はお気をつけを.<6E5C>おっ死んじまっては、土産の舞も<6E5C><9C1A>めませんよ,부디 돌아가시는 길 조심하세요.<6E5C>죽어버리면 답례 춤도<9C1A>못 봐드리니까요,부디 돌아가시는 길 조심하세요.<6E5C>죽어버리면 답례 춤도<9C1A>못 봐드리니까요
dom3OP_0702.mes,Script/dom3OP_0702.mes,206,38,주인공,うーん、いてて.さすがに<6E5C>まだ痛いな.あたりまえか、<6E5C>刀で斬られたんだから,"으음, 아야야.역시 아직<6E5C>아프네.당연한가, 칼에<6E5C>베였으니까","으음, 아야야.역시 아직<6E5C>아프네.당연한가, 칼에<6E5C>베였으니까"
dom3OP_0702.mes,Script/dom3OP_0702.mes,207,33,주인공,……しかし、どうしよう.<6E5C>今日はもう町を発てなく<6E5C>なってしまった,"……근데, 어쩌지.<6E5C>오늘은 이미 마을을 떠날 수<6E5C>없게 됐네","……근데, 어쩌지.<6E5C>오늘은 이미 마을을 떠날 수<6E5C>없게 됐네"
dom3OP_0702.mes,Script/dom3OP_0702.mes,208,28,주인공,とどまるかどうかは別にして、<6E5C>今夜の寝るところが問題だ,"머무를지말지는둘째치고,<6E5C>오늘밤잘곳이문제네","머무를지말지는둘째치고,<6E5C>오늘밤잘곳이문제네"
dom3OP_0702.mes,Script/dom3OP_0702.mes,209,43,주인공,宿屋は金がないからこき使われそう<6E5C>だし.道端で寝たら、また誰に襲わ<6E5C>れるかわからない,"여관은돈이없어서부려먹힐것<6E5C>같고.길가에서자면,또누구한테습격<6E5C>당할지몰라","여관은돈이없어서부려먹힐것<6E5C>같고.길가에서자면,또누구한테습격<6E5C>당할지몰라"
dom3OP_0702.mes,Script/dom3OP_0702.mes,210,39,주인공,やはり、暗いけど別の町へ行こう<6E5C>か.……優しい人もいるけれど、<6E5C>この町は……,"역시,어둡지만다른마을로가야<6E5C>겠어.……친절한사람도있지만,<6E5C>이마을은……","역시,어둡지만다른마을로가야<6E5C>겠어.……친절한사람도있지만,<6E5C>이마을은……"
dom3OP_0702.mes,Script/dom3OP_0702.mes,211,10,[효과음/내레이션],ピィー、ピィーーッ,"삐이, 삐이이잇","삐이, 삐이이잇"
dom3OP_0702.mes,Script/dom3OP_0702.mes,212,8,주인공,ん?この音……,응?이소리……,응?이소리……
dom3OP_0702.mes,Script/dom3OP_0702.mes,213,22,UNKNOWN_1e,ママハハ、先にリムルルのところへ<6E5C>戻って!,"마마하하, 먼저 리무루루한테<6E5C>돌아가!","마마하하, 먼저 리무루루한테<6E5C>돌아가!"
dom3OP_0702.mes,Script/dom3OP_0702.mes,214,4,주인공,あ……,아……,아……
dom3OP_0702.mes,Script/dom3OP_0702.mes,215,12,Nakoruru,……あなたは、<이름:3232>さん,"……당신은, <이름:3232> 씨","……당신은, <이름:3232> 씨"
dom3OP_0702.mes,Script/dom3OP_0702.mes,216,7,주인공,ナコルル……,나코루루……,나코루루……
dom3OP_0702.mes,Script/dom3OP_0702.mes,217,17,Nakoruru,……こんばんは.また会いましたね,……안녕하세요.또 만났네요,……안녕하세요.또 만났네요
dom3OP_0702.mes,Script/dom3OP_0702.mes,218,17,주인공,ああ.こんな夜道にどうしたんだい,그래.이런 밤길에 무슨 일이야,그래.이런 밤길에 무슨 일이야
dom3OP_0702.mes,Script/dom3OP_0702.mes,219,43,Nakoruru,声が閉こえたので、隣町の森に<6E5C>行ってたんです.でももう大丈夫.<6E5C>家へ帰るところですよ,"소리가들려서,옆마을숲에<6E5C>갔었어요.근데이제괜찮아요.<6E5C>집에돌아가는길이에요","소리가들려서,옆마을숲에<6E5C>갔었어요.근데이제괜찮아요.<6E5C>집에돌아가는길이에요"
dom3OP_0702.mes,Script/dom3OP_0702.mes,220,8,주인공,声って、誰の?,누구소리?,누구소리?
dom3OP_0702.mes,Script/dom3OP_0702.mes,221,22,Nakoruru,あなたには……自然の声が閉こえ<6E5C>ませんか?,당신에게는……자연의소리가들리지<6E5C>않나요?,당신에게는……자연의소리가들리지<6E5C>않나요?
dom3OP_0702.mes,Script/dom3OP_0702.mes,222,4,주인공,自然?,자연?,자연?
dom3OP_0702.mes,Script/dom3OP_0702.mes,223,24,Nakoruru,ごめんなさい.<6E5C>妹が待ってるから、行かなくちゃ,"미안해요.<6E5C>동생이기다리고있어서,가봐야겠어요","미안해요.<6E5C>동생이기다리고있어서,가봐야겠어요"
dom3OP_0702.mes,Script/dom3OP_0702.mes,224,3,[효과음/내레이션],ダッ,휙,휙
dom3OP_0702.mes,Script/dom3OP_0702.mes,225,27,주인공,あっ!……自然の声って、なんだ?<6E5C>やっぱり変な子だな,"앗!……자연의소리라니,뭐지?<6E5C>역시이상한애네","앗!……자연의소리라니,뭐지?<6E5C>역시이상한애네"
dom3OP_0702.mes,Script/dom3OP_0702.mes,226,27,주인공,……あの山で妹と募らしてるのか.<6E5C>危なくないのかなぁ,……저산에서동생이랑살고있는건가.<6E5C>위험하지않을까,……저산에서동생이랑살고있는건가.<6E5C>위험하지않을까
dom3OP_0702.mes,Script/dom3OP_0702.mes,227,15,주인공,居心地がいいのなら、俺も……,"지내기 편하다면, 나도……","지내기 편하다면, 나도……"
dom3OP_0702.mes,Script/dom3OP_0702.mes,228,3,[효과음/내레이션],タッ,탁,탁
dom3OP_0702.mes,Script/dom3OP_0702.mes,229,4,[효과음/내레이션],ぎゅっ,꽉,꽉
dom3OP_0702.mes,Script/dom3OP_0702.mes,230,6,[효과음/내레이션],ずってーん,우당탕,우당탕
dom3OP_0702.mes,Script/dom3OP_0702.mes,231,11,주인공,いた!何かが袖を……,아얏!뭔가소매를……,아얏!뭔가소매를……
dom3OP_0702.mes,Script/dom3OP_0702.mes,232,7,UNKNOWN_1e,あ、あの……,"저,저기……","저,저기……"
dom3OP_0702.mes,Script/dom3OP_0702.mes,233,3,주인공,ん?,응?,응?
dom3OP_0702.mes,Script/dom3OP_0702.mes,234,8,UNKNOWN_1c,あの、あの……,"저기,저기……","저기,저기……"
dom3OP_0702.mes,Script/dom3OP_0702.mes,235,32,주인공,うわ!いつのまに人が.<6E5C>……あなたが袖を<6E5C>ひっぱったんですか?,우와! 언제 사람이.<6E5C>……당신이 소매를<6E5C>잡아당긴 거예요?,우와! 언제 사람이.<6E5C>……당신이 소매를<6E5C>잡아당긴 거예요?
dom3OP_0702.mes,Script/dom3OP_0702.mes,236,12,UNKNOWN_1c,ごめんなさい!あの……,죄송해요! 저기……,죄송해요! 저기……
dom3OP_0702.mes,Script/dom3OP_0702.mes,237,11,주인공,……俺に何か用でも?,……무슨볼일이라도?,……무슨볼일이라도?
dom3OP_0702.mes,Script/dom3OP_0702.mes,238,10,UNKNOWN_1c,……はい、あの……,"……네, 저기……","……네, 저기……"
dom3OP_0702.mes,Script/dom3OP_0702.mes,239,33,주인공,(……な、なんて格好だ!こんな<6E5C>服で歩いて恥ずかしくないのか!),"(……무,무슨차림이야!이런<6E5C>옷을입고다니는데부끄럽지않나!)","(……무,무슨차림이야!이런<6E5C>옷을입고다니는데부끄럽지않나!)"
dom3OP_0702.mes,Script/dom3OP_0702.mes,240,36,주인공,(サヤさんといい……まさか、<6E5C>はやってるのかな.<6E5C>やはり恐ろしい町だ),"(사야씨도그렇고……설마,<6E5C>유행인건가.<6E5C>역시무서운마을이야)","(사야씨도그렇고……설마,<6E5C>유행인건가.<6E5C>역시무서운마을이야)"
dom3OP_0702.mes,Script/dom3OP_0702.mes,241,8,UNKNOWN_1c,あの、あの……,"저기,저기……","저기,저기……"
dom3OP_0702.mes,Script/dom3OP_0702.mes,242,4,주인공,はい?,네?,네?
dom3OP_0702.mes,Script/dom3OP_0702.mes,243,17,UNKNOWN_1c,私といっしょに募らしてください!,저랑 같이 살아주세요!,저랑 같이 살아주세요!
dom3OP_0702.mes,Script/dom3OP_0702.mes,244,3,주인공,……,……,……
dom3OP_0702.mes,Script/dom3OP_0702.mes,245,3,[효과음/내레이션],……,……,……
dom3OP_0702.mes,Script/dom3OP_0702.mes,246,6,주인공,……はぁ?,……하아?,……하아?
dom3OP_0702.mes,Script/dom3OP_0702.mes,247,32,UNKNOWN_1c,あなた様のお世話がしたいんです.<6E5C>ご迷惑でなければ私の家で……,당신님을보살펴드리고싶어요.<6E5C>폐가안된다면저희집에서……,당신님을보살펴드리고싶어요.<6E5C>폐가안된다면저희집에서……
dom3OP_0702.mes,Script/dom3OP_0702.mes,248,16,주인공,な、なんで突然そういうことに?,"왜,왜갑자기그런얘기가?","왜,왜갑자기그런얘기가?"
dom3OP_0702.mes,Script/dom3OP_0702.mes,249,44,UNKNOWN_1c,ご恩をお返ししたいんです.<6E5C>私にできることは身の回りの<6E5C>お世話しかないので、せめて……,"은혜를 갚고 싶어요.<6E5C>제가 할 수 있는 건 신변<6E5C>보살핌뿐이라서, 적어도……","은혜를 갚고 싶어요.<6E5C>제가 할 수 있는 건 신변<6E5C>보살핌뿐이라서, 적어도……"
dom3OP_0702.mes,Script/dom3OP_0702.mes,250,37,주인공,ご恩って……俺とあなたは<6E5C>初対面だと思いますけど?<6E5C>誰かと間違えてますよ,은혜라니……저랑당신은<6E5C>초면인것같은데요?<6E5C>누구랑착각하신거예요,은혜라니……저랑당신은<6E5C>초면인것같은데요?<6E5C>누구랑착각하신거예요
dom3OP_0702.mes,Script/dom3OP_0702.mes,251,32,UNKNOWN_1c,いいえ、間違えたりしません!<6E5C>あなた様はたしかに命の恩人です!,"아니요,착각한거아니에요!<6E5C>당신님은분명생명의은인이에요!","아니요,착각한거아니에요!<6E5C>당신님은분명생명의은인이에요!"
dom3OP_0702.mes,Script/dom3OP_0702.mes,252,15,주인공,と言われても、身に覚えが……,그렇게말씀하셔도짚이는게……,그렇게말씀하셔도짚이는게……
dom3OP_0702.mes,Script/dom3OP_0702.mes,253,20,UNKNOWN_1c,あの、迷惑ですか?<6E5C>私と募らすのは……,"저기,폐가되나요?<6E5C>저랑같이사는건……","저기,폐가되나요?<6E5C>저랑같이사는건……"
dom3OP_0702.mes,Script/dom3OP_0702.mes,254,15,주인공,いや、そういうわけじゃなくて,"아니, 그런 게 아니라","아니, 그런 게 아니라"
dom3OP_0702.mes,Script/dom3OP_0702.mes,255,27,주인공,(……まいったなぁ.<6E5C>おかしな人違いされちゃったぞ),(……곤란하네.<6E5C>이상하게사람을잘못봤나보네),(……곤란하네.<6E5C>이상하게사람을잘못봤나보네)
dom3OP_0702.mes,Script/dom3OP_0702.mes,256,24,주인공,(……でも、ただで寝床を得られる<6E5C>のなら……),"(……근데,공짜로잠자리를얻을수<6E5C>있다면……)","(……근데,공짜로잠자리를얻을수<6E5C>있다면……)"
dom3OP_0702.mes,Script/dom3OP_0702.mes,257,33,주인공,……わかりました.そこまで言うの<6E5C>なら、いっしょに募らしましょう,"……알겠어요.그렇게까지 말한다<6E5C>면, 같이 살죠","……알겠어요.그렇게까지 말한다<6E5C>면, 같이 살죠"
dom3OP_0702.mes,Script/dom3OP_0702.mes,258,37,UNKNOWN_1c,わぁ!ありがとうございます!<6E5C>私、一生懸命お世話させていただき<6E5C>ますっ!,와! 감사합니다!<6E5C>제가 열심히 보살펴<6E5C>드릴게요!,와! 감사합니다!<6E5C>제가 열심히 보살펴<6E5C>드릴게요!
dom3OP_0702.mes,Script/dom3OP_0702.mes,259,11,주인공,うむ、ありがとう……,"음, 고마워……","음, 고마워……"
dom3OP_0702.mes,Script/dom3OP_0702.mes,260,16,주인공,(うう、ちょっと罪悪感が……),"(으윽, 좀 죄책감이……)","(으윽, 좀 죄책감이……)"
dom3OP_0702.mes,Script/dom3OP_0702.mes,261,44,주인공,え~っと、そういえば名前をまだ<6E5C>閉いてないよね.あなたのこと、<6E5C>なんて呼べばいいかな?,"어~, 그러고 보니 이름을 아직<6E5C>안 물어봤네.당신을,<6E5C>뭐라고 부르면 될까?","어~, 그러고 보니 이름을 아직<6E5C>안 물어봤네.당신을,<6E5C>뭐라고 부르면 될까?"
dom3OP_0702.mes,Script/dom3OP_0702.mes,262,13,UNKNOWN_1c,え?あ、えっと、その……,"네?아,저기,그게……","네?아,저기,그게……"
dom3OP_0702.mes,Script/dom3OP_0702.mes,263,10,주인공,……?どうしたの?,……? 왜 그래?,……? 왜 그래?
dom3OP_0702.mes,Script/dom3OP_0702.mes,264,15,UNKNOWN_1c,あの、その……い、ろ、は……,"저,그게……이,로,하……","저,그게……이,로,하……"
dom3OP_0702.mes,Script/dom3OP_0702.mes,265,14,주인공,いろは?いろはっていうのか,이로하?이로하라고하는구나,이로하?이로하라고하는구나
dom3OP_0702.mes,Script/dom3OP_0702.mes,266,17,UNKNOWN_1c,あ、はい.そうです、いろはです!,"아, 네.맞아요, 이로하예요!","아, 네.맞아요, 이로하예요!"
dom3OP_0702.mes,Script/dom3OP_0702.mes,267,23,주인공,よろしく、いろは.<6E5C>しばらくやっかいになるね,"잘부탁해,이로하.<6E5C>당분간신세좀질게","잘부탁해,이로하.<6E5C>당분간신세좀질게"
dom3OP_0702.mes,Script/dom3OP_0702.mes,268,26,Iroha,はい!<6E5C>旦那様のお世話ができるなんて、<6E5C>光栄です!,"네!<6E5C>나리님을보살펴드릴수있다니,<6E5C>영광이에요!","네!<6E5C>나리님을보살펴드릴수있다니,<6E5C>영광이에요!"
dom3OP_0702.mes,Script/dom3OP_0702.mes,269,7,주인공,だ、旦那様?,"나,나리님?","나,나리님?"
dom3OP_0702.mes,Script/dom3OP_0702.mes,270,13,Iroha,……いけなかったですか?,……안 될까요?,……안 될까요?
dom3OP_0702.mes,Script/dom3OP_0702.mes,271,10,주인공,いや、いいけど……,"아니,괜찮은데……","아니,괜찮은데……"
dom3OP_0702.mes,Script/dom3OP_0702.mes,272,35,Iroha,では旦那様、我が家はこちら<6E5C>ですよ?ちゃんとついてきて<6E5C>くださいね!,"그럼 나리님, 저희 집은 이쪽<6E5C>이에요.잘 따라<6E5C>오세요!","그럼 나리님, 저희 집은 이쪽<6E5C>이에요.잘 따라<6E5C>오세요!"
dom3OP_0702.mes,Script/dom3OP_0702.mes,273,4,[효과음/내레이션],タタッ,타다닥,타다닥
dom3OP_0702.mes,Script/dom3OP_0702.mes,274,32,주인공,(……う~ん.結局、この町に<6E5C>とどまることになってしまったな),"(……으음.결국, 이 마을에<6E5C>머무르게 됐네)","(……으음.결국, 이 마을에<6E5C>머무르게 됐네)"
dom3OP_0702.mes,Script/dom3OP_0702.mes,275,25,주인공,(不安も山ほどあるが……まぁ、<6E5C>なんとかなるか),"(불안한것도산더미지만……뭐,<6E5C>어떻게든되겠지)","(불안한것도산더미지만……뭐,<6E5C>어떻게든되겠지)"
dom3OP_0702.mes,Script/dom3OP_0702.mes,276,26,주인공,(ずいぶんにぎやかな日々が、<6E5C>はじまりそうだ……),"(꽤나시끌벅적한나날이,<6E5C>시작될것같다……)","(꽤나시끌벅적한나날이,<6E5C>시작될것같다……)"
