file,rel_path,block,n_tokens,speaker,source,ai_draft,translation
dom3Rinka_L01.mes,Script/dom3Rinka_L01.mes,0,10,주인공,剣術道場は、と……,검술 도장이라……,검술 도장이라……
dom3Rinka_L01.mes,Script/dom3Rinka_L01.mes,1,15,주인공,あれ、なんか人が集まってるぞ,"어라, 사람들이 모여 있네","어라, 사람들이 모여 있네"
dom3Rinka_L01.mes,Script/dom3Rinka_L01.mes,2,11,UNKNOWN_8c,ええから飛んでみいっ,그냥 날아 봐라,그냥 날아 봐라
dom3Rinka_L01.mes,Script/dom3Rinka_L01.mes,3,28,UNKNOWN_36,>おまえ、<6E5C>兄貴の言うことが閉けないのか.<6E5C>といいたい,">네놈,<6E5C>형님 말이 안 들리냐.<6E5C>",">네놈,<6E5C>형님 말이 안 들리냐.<6E5C>"
dom3Rinka_L01.mes,Script/dom3Rinka_L01.mes,4,26,주인공,(うわっ、ヤバそうな人たちが<6E5C>ケンカを売ってるぞ),"(우와, 위험한 놈들이<6E5C>시비를 걸고 있어)","(우와, 위험한 놈들이<6E5C>시비를 걸고 있어)"
dom3Rinka_L01.mes,Script/dom3Rinka_L01.mes,5,14,UNKNOWN_8c,オラ、はようせえや、コラァ,"야, 빨리 좀 해라","야, 빨리 좀 해라"
dom3Rinka_L01.mes,Script/dom3Rinka_L01.mes,6,13,UNKNOWN_1e,弱い者いじめはよしなっ!,약자 괴롭히지 마!,약자 괴롭히지 마!
dom3Rinka_L01.mes,Script/dom3Rinka_L01.mes,7,16,주인공,あ、あの子は凛花ちゃん.無茶だ,"저 애 린카잖아, 무모해","저 애 린카잖아, 무모해"
dom3Rinka_L01.mes,Script/dom3Rinka_L01.mes,8,12,UNKNOWN_8c,あ~ん、なんやおまえは,"아앙~, 뭐야 넌","아앙~, 뭐야 넌"
dom3Rinka_L01.mes,Script/dom3Rinka_L01.mes,9,27,Rinka,よってたかって、卑怯なマネは<6E5C>やめなって言ってるんだ,떼로 몰려들어서 비겁한 짓은<6E5C>그만두라고 했잖아,떼로 몰려들어서 비겁한 짓은<6E5C>그만두라고 했잖아
dom3Rinka_L01.mes,Script/dom3Rinka_L01.mes,10,14,UNKNOWN_8c,なんやと、このクソガキッ!,"뭐라고, 이 꼬맹이가!","뭐라고, 이 꼬맹이가!"
dom3Rinka_L01.mes,Script/dom3Rinka_L01.mes,11,10,[선택지],様子を見る止めに入る,지켜본다\말린다,지켜본다\말린다
dom3Rinka_L01.mes,Script/dom3Rinka_L01.mes,12,14,Rinka,ふん!なめるんじゃないよ!,흥! 얕보지 마!,흥! 얕보지 마!
dom3Rinka_L01.mes,Script/dom3Rinka_L01.mes,13,3,주인공,あっ,앗,앗
dom3Rinka_L01.mes,Script/dom3Rinka_L01.mes,14,4,[효과음/내레이션],シュッ,슉,슉
dom3Rinka_L01.mes,Script/dom3Rinka_L01.mes,15,4,[효과음/내레이션],バシッ,퍽,퍽
dom3Rinka_L01.mes,Script/dom3Rinka_L01.mes,16,6,주인공,居合い!?,거합!?,거합!?
dom3Rinka_L01.mes,Script/dom3Rinka_L01.mes,17,5,UNKNOWN_8c,ぐはっ!,크헉!,크헉!
dom3Rinka_L01.mes,Script/dom3Rinka_L01.mes,18,7,UNKNOWN_0c,>あ、兄貴!,>아 형님!,>아 형님!
dom3Rinka_L01.mes,Script/dom3Rinka_L01.mes,19,10,Rinka,まだ傷つきたいの?,더 다치고 싶어?,더 다치고 싶어?
dom3Rinka_L01.mes,Script/dom3Rinka_L01.mes,20,36,UNKNOWN_46,>ク、クソッ.<6E5C>今日のところは引き上げてやる.<6E5C>覚えてろっ.といいたい,">크, 젠장.<6E5C>오늘은 이쯤에서 물러가주마.<6E5C>각오해둬라.",">크, 젠장.<6E5C>오늘은 이쯤에서 물러가주마.<6E5C>각오해둬라."
dom3Rinka_L01.mes,Script/dom3Rinka_L01.mes,21,7,[효과음/내레이션],ダダダッ……,다다닥……,다다닥……
dom3Rinka_L01.mes,Script/dom3Rinka_L01.mes,22,20,주인공,はぁ、<6E5C>一時はどうなることかと思ったよ,"하아,<6E5C>한때는 어떻게 되나 싶었어","하아,<6E5C>한때는 어떻게 되나 싶었어"
dom3Rinka_L01.mes,Script/dom3Rinka_L01.mes,23,14,Rinka,あんた、まだこの町にいたの,아직도 이 마을에 있었어,아직도 이 마을에 있었어
dom3Rinka_L01.mes,Script/dom3Rinka_L01.mes,24,33,주인공,相手が大したことなくて<6E5C>よかったけど、<6E5C>もう危ないことはよすんだ,"상대가 별거 아니라서<6E5C>다행이지만,<6E5C>이제 위험한 짓은 그만둬","상대가 별거 아니라서<6E5C>다행이지만,<6E5C>이제 위험한 짓은 그만둬"
dom3Rinka_L01.mes,Script/dom3Rinka_L01.mes,25,37,Rinka,うるさい!<6E5C>あんたたち侍もあいつらと一緒だ.<6E5C>弱い者をいじめる卑怯者だよ,시끄러워!<6E5C>사무라이도 그놈들과 똑같아.<6E5C>약자 괴롭히는 비겁자야,시끄러워!<6E5C>사무라이도 그놈들과 똑같아.<6E5C>약자 괴롭히는 비겁자야
dom3Rinka_L01.mes,Script/dom3Rinka_L01.mes,26,4,[효과음/내레이션],タタッ,타닥,타닥
dom3Rinka_L01.mes,Script/dom3Rinka_L01.mes,27,28,주인공,"あ,行ってしまった.<6E5C>でも、正義感の強い子なんだな……","아, 가버렸네.<6E5C>그래도, 정의감 강한 아이구나……","아, 가버렸네.<6E5C>그래도, 정의감 강한 아이구나……"
dom3Rinka_L01.mes,Script/dom3Rinka_L01.mes,28,12,주인공,その子の言うとおりだ!,그 애 말이 맞아!,그 애 말이 맞아!
dom3Rinka_L01.mes,Script/dom3Rinka_L01.mes,29,11,UNKNOWN_8c,な、なんだ、おめえは,"뭐, 뭐야, 넌","뭐, 뭐야, 넌"
dom3Rinka_L01.mes,Script/dom3Rinka_L01.mes,30,8,Rinka,ま、またあんた,"또, 또 너야","또, 또 너야"
dom3Rinka_L01.mes,Script/dom3Rinka_L01.mes,31,22,주인공,手を引けと言っているんだ.<6E5C>さもないと……,손 떼라고 말하는 거야.<6E5C>안 그러면……,손 떼라고 말하는 거야.<6E5C>안 그러면……
dom3Rinka_L01.mes,Script/dom3Rinka_L01.mes,32,5,[효과음/내레이션],チャキッ,챙,챙
dom3Rinka_L01.mes,Script/dom3Rinka_L01.mes,33,35,UNKNOWN_8c,うっ…….<6E5C>今日のところはこれぐらいで勘弁し<6E5C>てやらあ.引き上げるぞ,윽…….<6E5C>오늘은 이쯤에서 봐<6E5C>주마. 물러난다,윽…….<6E5C>오늘은 이쯤에서 봐<6E5C>주마. 물러난다
dom3Rinka_L01.mes,Script/dom3Rinka_L01.mes,34,13,UNKNOWN_18,>ま、待ってくれ、兄貴~,">기, 기다려줘 형님~",">기, 기다려줘 형님~"
dom3Rinka_L01.mes,Script/dom3Rinka_L01.mes,35,7,[효과음/내레이션],ダダダッ……,다다닥……,다다닥……
dom3Rinka_L01.mes,Script/dom3Rinka_L01.mes,36,8,주인공,ふう.やれやれ,"후우, 참","후우, 참"
dom3Rinka_L01.mes,Script/dom3Rinka_L01.mes,37,26,Rinka,どうして邪魔するんだ.<6E5C>あたしひとりでも闘えたのに,왜 방해하는 거야.<6E5C>혼자서도 싸울 수 있었는데,왜 방해하는 거야.<6E5C>혼자서도 싸울 수 있었는데
dom3Rinka_L01.mes,Script/dom3Rinka_L01.mes,38,12,Rinka,あんたなんか、嫌いだ!,"너 같은 거, 싫어!","너 같은 거, 싫어!"
dom3Rinka_L01.mes,Script/dom3Rinka_L01.mes,39,4,[효과음/내레이션],タタッ,타닥,타닥
dom3Rinka_L01.mes,Script/dom3Rinka_L01.mes,40,33,주인공,やっぱり怒らしてしまった.<6E5C>助けないほうが<6E5C>よかったのかな……?,역시 화나게 하고 말았네.<6E5C>돕지 않는 편이<6E5C>나았으려나……?,역시 화나게 하고 말았네.<6E5C>돕지 않는 편이<6E5C>나았으려나……?
dom3Rinka_L02.mes,Script/dom3Rinka_L02.mes,0,16,주인공,(おや、あそこにいるのは……),"(어라, 저기 있는 건……)","(어라, 저기 있는 건……)"
dom3Rinka_L02.mes,Script/dom3Rinka_L02.mes,1,17,UNKNOWN_7e,ねえ、そのネズミさん、かわいいね,"얘, 그 쥐돌이, 귀엽다","얘, 그 쥐돌이, 귀엽다"
dom3Rinka_L02.mes,Script/dom3Rinka_L02.mes,2,4,UNKNOWN_7a,ヂッ?,찍?,찍?
dom3Rinka_L02.mes,Script/dom3Rinka_L02.mes,3,7,UNKNOWN_7e,おいでおいで,이리 온,이리 온
dom3Rinka_L02.mes,Script/dom3Rinka_L02.mes,4,3,UNKNOWN_7a,ヂッ,찍,찍
dom3Rinka_L02.mes,Script/dom3Rinka_L02.mes,5,4,[효과음/내레이션],ぴょん,폴짝,폴짝
dom3Rinka_L02.mes,Script/dom3Rinka_L02.mes,6,9,Rinka,あ、こら、鉄之介,"아, 테츠노스케","아, 테츠노스케"
dom3Rinka_L02.mes,Script/dom3Rinka_L02.mes,7,29,UNKNOWN_7e,君は鉄之介っていうんだ.<6E5C>あたしはリムルル.あなたは? ,넌 테츠노스케라고 하는구나.<6E5C>나는 리무루루야. 넌?,넌 테츠노스케라고 하는구나.<6E5C>나는 리무루루야. 넌?
dom3Rinka_L02.mes,Script/dom3Rinka_L02.mes,8,5,Rinka,……凛花,……린카,……린카
dom3Rinka_L02.mes,Script/dom3Rinka_L02.mes,9,12,UNKNOWN_7e,よろしくね、凛花ちゃん,"잘 부탁해, 린카","잘 부탁해, 린카"
dom3Rinka_L02.mes,Script/dom3Rinka_L02.mes,10,3,Rinka,……,……,……
dom3Rinka_L02.mes,Script/dom3Rinka_L02.mes,11,29,주인공,(面白い組み合わせだなぁ.<6E5C>もう少しこのまま見ていよう),(재미있는 조합이네.<6E5C>조금 더 이대로 지켜보자),(재미있는 조합이네.<6E5C>조금 더 이대로 지켜보자)
dom3Rinka_L02.mes,Script/dom3Rinka_L02.mes,12,8,[효과음/내레이션],カリカリカリッ,아그작아그작,아그작아그작
dom3Rinka_L02.mes,Script/dom3Rinka_L02.mes,13,13,Rinka,あっ、だめだよっ、鉄之介,"안 돼, 테츠노스케","안 돼, 테츠노스케"
dom3Rinka_L02.mes,Script/dom3Rinka_L02.mes,14,26,UNKNOWN_7e,気に入ったの?ふふ、これは<6E5C>オカリナっていうんだよ,"마음에 들었어? 후후, 이건<6E5C>오카리나라는 거야","마음에 들었어? 후후, 이건<6E5C>오카리나라는 거야"
dom3Rinka_L02.mes,Script/dom3Rinka_L02.mes,15,32,UNKNOWN_7e,姉様にもらった大事なものだけど、<6E5C>凛花ちゃん吹いてみる?はい!,"언니한테 받은 소중한 물건이지만,<6E5C>린카도 불어볼래? 자!","언니한테 받은 소중한 물건이지만,<6E5C>린카도 불어볼래? 자!"
dom3Rinka_L02.mes,Script/dom3Rinka_L02.mes,16,3,Rinka,……,……,……
dom3Rinka_L02.mes,Script/dom3Rinka_L02.mes,17,35,주인공,(受け取らないのか?凛花.<6E5C>そういうところから友達が<6E5C>できるんだぞ),(안 받는 거야? 린카.<6E5C>그런 데서부터 친구가<6E5C>생기는 거라고),(안 받는 거야? 린카.<6E5C>그런 데서부터 친구가<6E5C>생기는 거라고)
dom3Rinka_L02.mes,Script/dom3Rinka_L02.mes,18,12,[선택지],声を掛けるこのまま見てる,말을 건다\지켜본다,말을 건다\지켜본다
dom3Rinka_L02.mes,Script/dom3Rinka_L02.mes,19,16,주인공,吹かしてもらったら、凛花ちゃん,"불어 보라고 해줬잖아, 린카","불어 보라고 해줬잖아, 린카"
dom3Rinka_L02.mes,Script/dom3Rinka_L02.mes,20,17,UNKNOWN_7e,あー、姉様につきまとってた人だー,언니한테 붙어다니던 사람이네,언니한테 붙어다니던 사람이네
dom3Rinka_L02.mes,Script/dom3Rinka_L02.mes,21,12,주인공,ひ、人閉きの悪いことを,사람 듣기 안 좋게,사람 듣기 안 좋게
dom3Rinka_L02.mes,Script/dom3Rinka_L02.mes,22,15,Rinka,……あんた、ずっと見てたのか,……계속 보고 있었어?,……계속 보고 있었어?
dom3Rinka_L02.mes,Script/dom3Rinka_L02.mes,23,10,주인공,う……、うん、まあ,"으……, 응, 뭐","으……, 응, 뭐"
dom3Rinka_L02.mes,Script/dom3Rinka_L02.mes,24,5,Rinka,バカっ!,바보!,바보!
dom3Rinka_L02.mes,Script/dom3Rinka_L02.mes,25,3,[효과음/내레이션],ダッ,탁,탁
dom3Rinka_L02.mes,Script/dom3Rinka_L02.mes,26,6,UNKNOWN_7a,ヂヂヂッ!,찍찍찍!,찍찍찍!
dom3Rinka_L02.mes,Script/dom3Rinka_L02.mes,27,11,UNKNOWN_7e,ああっ、凛花ちゃん!,"아앗, 린카!","아앗, 린카!"
dom3Rinka_L02.mes,Script/dom3Rinka_L02.mes,28,13,주인공,……また怒られてしまった,……또 혼나고 말았네,……또 혼나고 말았네
dom3Rinka_L02.mes,Script/dom3Rinka_L02.mes,29,14,UNKNOWN_7e,のぞきはいけないんだからー,엿보면 안 된다구,엿보면 안 된다구
dom3Rinka_L02.mes,Script/dom3Rinka_L02.mes,30,3,Rinka,……,……,……
dom3Rinka_L02.mes,Script/dom3Rinka_L02.mes,31,4,UNKNOWN_7a,ヂヂッ,찍찍,찍찍
dom3Rinka_L02.mes,Script/dom3Rinka_L02.mes,32,33,주인공,(なんでそこで迷うんだ.<6E5C>あ、凛花の手が伸びた.<6E5C>よしっ、いけ),"(왜 거기서 망설이는 거야.<6E5C>손이 뻗었어.<6E5C>좋아, 가라)","(왜 거기서 망설이는 거야.<6E5C>손이 뻗었어.<6E5C>좋아, 가라)"
dom3Rinka_L02.mes,Script/dom3Rinka_L02.mes,33,23,UNKNOWN_7e,そう、そこに指を当てて……、<6E5C>そこから吹くの,"거기에 손가락 대고……,<6E5C>거기서 불면 돼","거기에 손가락 대고……,<6E5C>거기서 불면 돼"
dom3Rinka_L02.mes,Script/dom3Rinka_L02.mes,34,3,[효과음/내레이션],ポー,뽀오,뽀오
dom3Rinka_L02.mes,Script/dom3Rinka_L02.mes,35,17,Rinka,……不思議な音.でも、優しい音だ,……신기한 소리. 근데 다정해,……신기한 소리. 근데 다정해
dom3Rinka_L02.mes,Script/dom3Rinka_L02.mes,36,19,UNKNOWN_7e,でしょー?<6E5C>凛花ちゃんも気に入った?,그렇지?<6E5C>린카도 마음에 들었어?,그렇지?<6E5C>린카도 마음에 들었어?
dom3Rinka_L02.mes,Script/dom3Rinka_L02.mes,37,13,Rinka,……う、うん.ありがとう,"……으, 응. 고마워","……으, 응. 고마워"
dom3Rinka_L02.mes,Script/dom3Rinka_L02.mes,38,21,UNKNOWN_7e,ううんっ.<6E5C>気に入ってくれてうれしいよ!,아니야.<6E5C>마음에 들어해서 기뻐!,아니야.<6E5C>마음에 들어해서 기뻐!
dom3Rinka_L02.mes,Script/dom3Rinka_L02.mes,39,41,UNKNOWN_7e,あ、早く帰らないと姉様に怒られ<6E5C>ちゃう!またね、凛花ちゃん.<6E5C>鉄之介もバイバイ!,"아, 빨리 안 가면 언니한테 혼나<6E5C>버려! 또 보자.<6E5C>테츠노스케도 안녕!","아, 빨리 안 가면 언니한테 혼나<6E5C>버려! 또 보자.<6E5C>테츠노스케도 안녕!"
dom3Rinka_L02.mes,Script/dom3Rinka_L02.mes,40,9,Rinka,……うん、またね,……응 또 보자,……응 또 보자
dom3Rinka_L02.mes,Script/dom3Rinka_L02.mes,41,4,UNKNOWN_7a,ヂッ!,찍!,찍!
dom3Rinka_L02.mes,Script/dom3Rinka_L02.mes,42,5,[효과음/내레이션],タタタッ,타다닥,타다닥
dom3Rinka_L02.mes,Script/dom3Rinka_L02.mes,43,36,주인공,(なかなか微笑ましい光景だったな<6E5C>.凛花もちゃんとお礼を言ってたし<6E5C>),(꽤 흐뭇한 광경이었네<6E5C>. 린카도 제대로 인사도 했고<6E5C>),(꽤 흐뭇한 광경이었네<6E5C>. 린카도 제대로 인사도 했고<6E5C>)
dom3Rinka_L03.mes,Script/dom3Rinka_L03.mes,0,13,주인공,……本当について来るの?,……진짜 따라올 거야?,……진짜 따라올 거야?
dom3Rinka_L03.mes,Script/dom3Rinka_L03.mes,1,29,Iroha,はい!<6E5C>旦那様のお稽古される姿、<6E5C>一度見てみたいんです!,"네!<6E5C>주인님 수련하시는 모습,<6E5C>한 번 보고 싶어요!","네!<6E5C>주인님 수련하시는 모습,<6E5C>한 번 보고 싶어요!"
dom3Rinka_L03.mes,Script/dom3Rinka_L03.mes,2,22,주인공,そんなおもしろいものじゃないと<6E5C>思うけどな,그렇게 재미있는 건 아닐<6E5C>것 같은데,그렇게 재미있는 건 아닐<6E5C>것 같은데
dom3Rinka_L03.mes,Script/dom3Rinka_L03.mes,3,30,Iroha,ここが道場ですかぁ.<6E5C>うわあ、<6E5C>いろんな人がいるんですね~,"여기가 도장이군요.<6E5C>우와,<6E5C>사람들이 다양하네요~","여기가 도장이군요.<6E5C>우와,<6E5C>사람들이 다양하네요~"
dom3Rinka_L03.mes,Script/dom3Rinka_L03.mes,4,7,Iroha,あ、あの子!,저 애!,저 애!
dom3Rinka_L03.mes,Script/dom3Rinka_L03.mes,5,12,Rinka,ん?あんた誰?何の用?,누구야? 무슨 볼일?,누구야? 무슨 볼일?
dom3Rinka_L03.mes,Script/dom3Rinka_L03.mes,6,30,Iroha,女の子がそんな格好で木刀なんか<6E5C>振り回しちゃダメじゃない!,여자애가 그런 차림으로 목검같은 걸<6E5C>휘두르면 안 돼!,여자애가 그런 차림으로 목검같은 걸<6E5C>휘두르면 안 돼!
dom3Rinka_L03.mes,Script/dom3Rinka_L03.mes,7,4,Rinka,え!?,뭐!?,뭐!?
dom3Rinka_L03.mes,Script/dom3Rinka_L03.mes,8,21,주인공,(いろは……よりによって凛花に<6E5C>説教か),(이로하……하필 린카한테<6E5C>설교라니),(이로하……하필 린카한테<6E5C>설교라니)
dom3Rinka_L03.mes,Script/dom3Rinka_L03.mes,9,34,Iroha,もうお年頃なんだから、<6E5C>女の子らしくしないとダメです.<6E5C>ね?旦那様,"다 큰 나이니까,<6E5C>여자애답게 굴어야 해요.<6E5C>그렇죠? 주인님","다 큰 나이니까,<6E5C>여자애답게 굴어야 해요.<6E5C>그렇죠? 주인님"
dom3Rinka_L03.mes,Script/dom3Rinka_L03.mes,10,9,주인공,(え、俺ぇ~?),"(어, 나?~)","(어, 나?~)"
dom3Rinka_L03.mes,Script/dom3Rinka_L03.mes,11,20,[선택지],そんなことはない女の子らしくした方がいい,그렇지 않다\여자애답게 하는 게 좋다,그렇지 않다\여자애답게 하는 게 좋다
dom3Rinka_L03.mes,Script/dom3Rinka_L03.mes,12,22,주인공,い、いや、<6E5C>人それぞれでいいんじゃないかな,"아니,<6E5C>사람 나름 아닐까","아니,<6E5C>사람 나름 아닐까"
dom3Rinka_L03.mes,Script/dom3Rinka_L03.mes,13,26,Rinka,ふ、ふん.わかったようなこと<6E5C>言うんじゃないよ……,"흐, 흥. 다 아는 것처럼<6E5C>말하지 마……","흐, 흥. 다 아는 것처럼<6E5C>말하지 마……"
dom3Rinka_L03.mes,Script/dom3Rinka_L03.mes,14,22,Iroha,旦那様に向かってなんてことを<6E5C>言うんです!,주인님한테 대체 무슨 말버릇<6E5C>이에요!,주인님한테 대체 무슨 말버릇<6E5C>이에요!
dom3Rinka_L03.mes,Script/dom3Rinka_L03.mes,15,23,Rinka,だまれ!何さ、スイカみたいな<6E5C>胸ぶらさげて!,닥쳐! 뭐 수박같은<6E5C>가슴 달고 다니면서!,닥쳐! 뭐 수박같은<6E5C>가슴 달고 다니면서!
dom3Rinka_L03.mes,Script/dom3Rinka_L03.mes,16,4,[효과음/내레이션],タタッ,타닥,타닥
dom3Rinka_L03.mes,Script/dom3Rinka_L03.mes,17,16,Iroha,まぁ、なんて失礼な子かしらっ!,"어머, 정말 무례한 애네!","어머, 정말 무례한 애네!"
dom3Rinka_L03.mes,Script/dom3Rinka_L03.mes,18,10,주인공,(ス、スイカ……),"(스, 수박……)","(스, 수박……)"
dom3Rinka_L03.mes,Script/dom3Rinka_L03.mes,19,32,주인공,うん、いろはの言うとおりだ.<6E5C>女の子らしくしてた方がかわいいぞ,"응, 이로하 말이 맞아.<6E5C>여자애답게 하는 게 더 귀여워","응, 이로하 말이 맞아.<6E5C>여자애답게 하는 게 더 귀여워"
dom3Rinka_L03.mes,Script/dom3Rinka_L03.mes,20,30,Rinka,う、うるさいっ!<6E5C>どうせあたしはかわいくなんか<6E5C>ないよっ!,"시, 시끄러워!<6E5C>어차피 나는 귀엽지도<6E5C>않다고!","시, 시끄러워!<6E5C>어차피 나는 귀엽지도<6E5C>않다고!"
dom3Rinka_L03.mes,Script/dom3Rinka_L03.mes,21,4,[효과음/내레이션],タタッ,타닥,타닥
dom3Rinka_L03.mes,Script/dom3Rinka_L03.mes,22,15,Iroha,まぁ、なんて乱暴な子かしら!,"어머, 정말 난폭한 애네!","어머, 정말 난폭한 애네!"
dom3Rinka_L03.mes,Script/dom3Rinka_L03.mes,23,17,주인공,(あ~あ、また怒らせちゃったよ),"(아~아, 또 화나게 했네)","(아~아, 또 화나게 했네)"
dom3Rinka_L04.mes,Script/dom3Rinka_L04.mes,0,17,주인공,あれ、こんなところでどうしたんだ,"어라, 이런 데서 무슨 일이야","어라, 이런 데서 무슨 일이야"
dom3Rinka_L04.mes,Script/dom3Rinka_L04.mes,1,19,Rinka,……鉄之介がいなく<6E5C>なっちゃったんだ,……테츠노스케가 없어<6E5C>져버렸어,……테츠노스케가 없어<6E5C>져버렸어
dom3Rinka_L04.mes,Script/dom3Rinka_L04.mes,2,21,주인공,ええっ、それは大変だ.<6E5C>いっしょに探すよ,"뭐, 그거 큰일이네.<6E5C>같이 찾아줄게","뭐, 그거 큰일이네.<6E5C>같이 찾아줄게"
dom3Rinka_L04.mes,Script/dom3Rinka_L04.mes,3,14,Rinka,いいよ、あんたには関係ない,"됐어, 너랑은 상관없어","됐어, 너랑은 상관없어"
dom3Rinka_L04.mes,Script/dom3Rinka_L04.mes,4,4,[효과음/내레이션],タタッ,타닥,타닥
dom3Rinka_L04.mes,Script/dom3Rinka_L04.mes,5,33,주인공,(行っちゃった…….<6E5C>凛花のあんな悲しそうな顔、<6E5C>初めて見たな),"(가버렸네…….<6E5C>린카의 슬퍼 보이는 얼굴,<6E5C>처음 봤어)","(가버렸네…….<6E5C>린카의 슬퍼 보이는 얼굴,<6E5C>처음 봤어)"
dom3Rinka_L04.mes,Script/dom3Rinka_L04.mes,6,11,[선택지],凛花を追うひとりで探す,린카 쫓기\혼자 찾기,린카 쫓기\혼자 찾기
dom3Rinka_L04.mes,Script/dom3Rinka_L04.mes,7,10,주인공,待って、凛花ちゃん,"기다려, 린카","기다려, 린카"
dom3Rinka_L04.mes,Script/dom3Rinka_L04.mes,8,3,[효과음/내레이션],タッ,탁,탁
dom3Rinka_L04.mes,Script/dom3Rinka_L04.mes,9,5,Rinka,なんだよ,뭐야,뭐야
dom3Rinka_L04.mes,Script/dom3Rinka_L04.mes,10,27,주인공,俺も探すって.困ったときに<6E5C>強がってもしょうがないぞ,나 같이 찾을게.곤란할 땐<6E5C>센 척해봤자 소용없어,나 같이 찾을게.곤란할 땐<6E5C>센 척해봤자 소용없어
dom3Rinka_L04.mes,Script/dom3Rinka_L04.mes,11,34,Rinka,つ、強がってなんかない!<6E5C>ひとりで十分だって言ってるんだ、<6E5C>バカ!,"세, 센 척 아니야!<6E5C>혼자서 충분하다고 말하는 거야,<6E5C>바보!","세, 센 척 아니야!<6E5C>혼자서 충분하다고 말하는 거야,<6E5C>바보!"
dom3Rinka_L04.mes,Script/dom3Rinka_L04.mes,12,3,[효과음/내레이션],ダッ,탁,탁
dom3Rinka_L04.mes,Script/dom3Rinka_L04.mes,13,15,주인공,……ったく、かわいくないなぁ,"……참 나, 귀엽지가 않네","……참 나, 귀엽지가 않네"
dom3Rinka_L04.mes,Script/dom3Rinka_L04.mes,14,21,주인공,しかたない.<6E5C>おせっかいだが探してやるか,어쩔 수 없지.<6E5C>오지랖이지만 찾아줄까,어쩔 수 없지.<6E5C>오지랖이지만 찾아줄까
dom3Rinka_L04.mes,Script/dom3Rinka_L04.mes,15,34,주인공,ここでいなくなったのなら、<6E5C>山にくわしい人に閉くのが<6E5C>一番だな……,"여기서 없어졌다면,<6E5C>산 잘 아는 사람한테 묻는 게<6E5C>낫겠지……","여기서 없어졌다면,<6E5C>산 잘 아는 사람한테 묻는 게<6E5C>낫겠지……"
dom3Rinka_L04.mes,Script/dom3Rinka_L04.mes,16,35,Nakoruru,――青いネズミさんですか?<6E5C>ふふ、その子ならママハハと<6E5C>遊んでますよ,"――파란 쥐돌이 말인가요?<6E5C>후후, 그 애라면 마마하하랑<6E5C>놀아요","――파란 쥐돌이 말인가요?<6E5C>후후, 그 애라면 마마하하랑<6E5C>놀아요"
dom3Rinka_L04.mes,Script/dom3Rinka_L04.mes,17,6,주인공,やっぱり!,역시!,역시!
dom3Rinka_L04.mes,Script/dom3Rinka_L04.mes,18,20,주인공,おーい、凛花ちゃん!<6E5C>みつかったぞー!,"어이, 린카!<6E5C>찾았다!","어이, 린카!<6E5C>찾았다!"
dom3Rinka_L04.mes,Script/dom3Rinka_L04.mes,19,3,[효과음/내레이션],ザッ,스윽,스윽
dom3Rinka_L04.mes,Script/dom3Rinka_L04.mes,20,13,Rinka,えっ、みつかったって……,"어, 찾았다니……","어, 찾았다니……"
dom3Rinka_L04.mes,Script/dom3Rinka_L04.mes,21,3,UNKNOWN_7a,ヂ!,찍!,찍!
dom3Rinka_L04.mes,Script/dom3Rinka_L04.mes,22,5,Rinka,鉄之介!,테츠!,테츠!
dom3Rinka_L04.mes,Script/dom3Rinka_L04.mes,23,14,주인공,よかったなぁ、ケガもなくて,다행이네 다친 데도 없고,다행이네 다친 데도 없고
dom3Rinka_L04.mes,Script/dom3Rinka_L04.mes,24,8,Rinka,あ、ありが……,"고, 고마……","고, 고마……"
dom3Rinka_L04.mes,Script/dom3Rinka_L04.mes,25,9,주인공,え、なんだって?,"어, 뭐라고?","어, 뭐라고?"
dom3Rinka_L04.mes,Script/dom3Rinka_L04.mes,26,16,Rinka,なんでもない!帰るよ、鉄之介!,"아니야! 가자, 테츠노스케!","아니야! 가자, 테츠노스케!"
dom3Rinka_L04.mes,Script/dom3Rinka_L04.mes,27,4,UNKNOWN_7a,ヂッ!,찍!,찍!
dom3Rinka_L04.mes,Script/dom3Rinka_L04.mes,28,3,[효과음/내레이션],ダッ,탁,탁
dom3Rinka_L04.mes,Script/dom3Rinka_L04.mes,29,13,Nakoruru,くすっ.かわいい子ですね,풋. 귀여운 아이네요,풋. 귀여운 아이네요
dom3Rinka_L04.mes,Script/dom3Rinka_L04.mes,30,7,주인공,……やれやれ,……이거 참,……이거 참
dom3Rinka_L05.mes,Script/dom3Rinka_L05.mes,0,24,UNKNOWN_1e,っんだと、コラァ.<6E5C>もういっぺん言ってみろや!,"뭐라고, 이 자식아.<6E5C>한 번 더 말해봐라!","뭐라고, 이 자식아.<6E5C>한 번 더 말해봐라!"
dom3Rinka_L05.mes,Script/dom3Rinka_L05.mes,1,20,UNKNOWN_1e,何度でも言ってやるよ.<6E5C>このバカ侍っ!,몇번이든 말해주지.<6E5C>바보 사무라이!,몇번이든 말해주지.<6E5C>바보 사무라이!
dom3Rinka_L05.mes,Script/dom3Rinka_L05.mes,2,41,주인공,なんだ、ケンカか?まったく<6E5C>ケンカの多い町だ.血の気の多い<6E5C>人間が集まってるのか,"뭐야, 싸움인가?<6E5C>싸움 많은 동네네. 다혈질들만<6E5C>모여 있나","뭐야, 싸움인가?<6E5C>싸움 많은 동네네. 다혈질들만<6E5C>모여 있나"
dom3Rinka_L05.mes,Script/dom3Rinka_L05.mes,3,25,주인공,(うわぁ、またこの二人だよ!<6E5C>よく飽きないなぁ),"(우와, 또 이 두 사람이야!<6E5C>안 질리네)","(우와, 또 이 두 사람이야!<6E5C>안 질리네)"
dom3Rinka_L05.mes,Script/dom3Rinka_L05.mes,4,16,Rinka,男がべらべら喋るんじゃないよ!,남자가 시끄럽게 떠들지 마!,남자가 시끄럽게 떠들지 마!
dom3Rinka_L05.mes,Script/dom3Rinka_L05.mes,5,39,UNKNOWN_74,ガキが生意気な口を利くんじゃねェ<6E5C>!本気でやられたら泣いて<6E5C>逃げるくせによ!,꼬맹이가 건방진 소리 하네<6E5C>!진심으로 당하면 울면서<6E5C>도망칠 주제에!,꼬맹이가 건방진 소리 하네<6E5C>!진심으로 당하면 울면서<6E5C>도망칠 주제에!
dom3Rinka_L05.mes,Script/dom3Rinka_L05.mes,6,19,Rinka,じゃあ、あたしが現実を見せて<6E5C>やるよ,"그럼, 내가 현실을 보여<6E5C>주지","그럼, 내가 현실을 보여<6E5C>주지"
dom3Rinka_L05.mes,Script/dom3Rinka_L05.mes,7,5,[효과음/내레이션],チャキッ,챙,챙
dom3Rinka_L05.mes,Script/dom3Rinka_L05.mes,8,15,주인공,(ああ、また刀を手に……!),(또 칼을 손에……!),(또 칼을 손에……!)
dom3Rinka_L05.mes,Script/dom3Rinka_L05.mes,9,10,[선택지],止めに入る様子を見る,말린다\지켜본다,말린다\지켜본다
dom3Rinka_L05.mes,Script/dom3Rinka_L05.mes,10,14,주인공,簡単に刀を抜くんじゃない!,함부로 칼을 뽑지 마!,함부로 칼을 뽑지 마!
dom3Rinka_L05.mes,Script/dom3Rinka_L05.mes,11,12,UNKNOWN_74,あぁん、またテメェかよ,"아앙, 또 네놈이냐","아앙, 또 네놈이냐"
dom3Rinka_L05.mes,Script/dom3Rinka_L05.mes,12,11,Rinka,あんたはひっこんでろ,너는 빠져 있어,너는 빠져 있어
dom3Rinka_L05.mes,Script/dom3Rinka_L05.mes,13,40,주인공,こんな往来で斬り合ったら、<6E5C>他の人に迷惑だ.もっと平和的に<6E5C>解決できないのか!,"길에서 칼부림하면,<6E5C>다른 사람 민폐야. 더 평화롭게<6E5C>해결 못 하나!","길에서 칼부림하면,<6E5C>다른 사람 민폐야. 더 평화롭게<6E5C>해결 못 하나!"
dom3Rinka_L05.mes,Script/dom3Rinka_L05.mes,14,37,UNKNOWN_74,……たしかに、こんなところで<6E5C>チビを斬っても、<6E5C>俺の名前に傷がつくだけだ,"……하긴, 이런 데서<6E5C>꼬맹이 베봤자,<6E5C>내 이름에 흠집만 나지","……하긴, 이런 데서<6E5C>꼬맹이 베봤자,<6E5C>내 이름에 흠집만 나지"
dom3Rinka_L05.mes,Script/dom3Rinka_L05.mes,15,38,Rinka,……だったら、正々堂々と道場で<6E5C>勝敗をつける.<6E5C>刀じゃなければいいんだろう,"……그럼, 도장에서 정정당당히<6E5C>승부를 낸다.<6E5C>칼만 아니면 되잖아","……그럼, 도장에서 정정당당히<6E5C>승부를 낸다.<6E5C>칼만 아니면 되잖아"
dom3Rinka_L05.mes,Script/dom3Rinka_L05.mes,16,8,UNKNOWN_74,上等じゃねぇか,"좋다, 그거","좋다, 그거"
dom3Rinka_L05.mes,Script/dom3Rinka_L05.mes,17,27,UNKNOWN_74,――勝負は五日後の二十日.<6E5C>やめるんなら今のうちだぜ,――승부는 닷새 뒤 스무날.<6E5C>그만두려면 지금뿐,――승부는 닷새 뒤 스무날.<6E5C>그만두려면 지금뿐
dom3Rinka_L05.mes,Script/dom3Rinka_L05.mes,18,12,Rinka,それはこっちの台詞だよ,그건 이쪽 할 소리야,그건 이쪽 할 소리야
dom3Rinka_L05.mes,Script/dom3Rinka_L05.mes,19,19,UNKNOWN_74,よし.じゃあ<이름:3232>、<6E5C>テメェが証人だ!,"좋아, <이름:3232>,<6E5C>네놈이 증인이다!","좋아, <이름:3232>,<6E5C>네놈이 증인이다!"
dom3Rinka_L05.mes,Script/dom3Rinka_L05.mes,20,31,주인공,ええっ、俺?<6E5C>……うう、そんなつもりで言ったん<6E5C>じゃないのに,"뭐, 나?<6E5C>……으으, 그럴 생각으로 말한 게<6E5C>아니었는데","뭐, 나?<6E5C>……으으, 그럴 생각으로 말한 게<6E5C>아니었는데"
dom3Rinka_L05.mes,Script/dom3Rinka_L05.mes,21,27,UNKNOWN_74,フン、やめとけやめとけ.<6E5C>おまえじゃ俺には勝てねぇよ,"흥, 관둬 관둬.<6E5C>네깟 게 나한텐 안 돼","흥, 관둬 관둬.<6E5C>네깟 게 나한텐 안 돼"
dom3Rinka_L05.mes,Script/dom3Rinka_L05.mes,22,26,Rinka,やってみなくちゃわからないだろう<6E5C>.あんたも抜きな,해보지 않으면 모르잖아<6E5C>.너도 뽑아,해보지 않으면 모르잖아<6E5C>.너도 뽑아
dom3Rinka_L05.mes,Script/dom3Rinka_L05.mes,23,34,UNKNOWN_74,ガキなんか斬ったら寝覚めが悪いぜ<6E5C>.刀じゃなくても勝負はできるだろ,애새끼 베면 뒷맛이 안 좋지<6E5C>.칼 없어도 승부는 나잖아,애새끼 베면 뒷맛이 안 좋지<6E5C>.칼 없어도 승부는 나잖아
dom3Rinka_L05.mes,Script/dom3Rinka_L05.mes,24,40,Rinka,……だったら、正々堂々と道場で<6E5C>勝敗をつける.<6E5C>あたしの剣で叩きつけてやるよ!,……그럼 정정당당하게 도장에서<6E5C>승부를 낸다.<6E5C>내 검으로 박살내 주겠어!,……그럼 정정당당하게 도장에서<6E5C>승부를 낸다.<6E5C>내 검으로 박살내 주겠어!
dom3Rinka_L05.mes,Script/dom3Rinka_L05.mes,25,8,UNKNOWN_74,上等じゃねぇか,"좋다, 딱이야","좋다, 딱이야"
dom3Rinka_L05.mes,Script/dom3Rinka_L05.mes,26,27,UNKNOWN_74,――勝負は五日後の二十日.<6E5C>やめるんなら今のうちだぜ,"―승부는 닷새 뒤, 20일.<6E5C>그만두려면 지금이다","―승부는 닷새 뒤, 20일.<6E5C>그만두려면 지금이다"
dom3Rinka_L05.mes,Script/dom3Rinka_L05.mes,27,12,Rinka,それはこっちの台詞だよ,그건 내가 할 소리야,그건 내가 할 소리야
dom3Rinka_L05.mes,Script/dom3Rinka_L05.mes,28,36,주인공,(と、とりあえず斬り合わずに<6E5C>すんだな…….<6E5C>でも、勝負だなんて……),"(어, 어쨌든 칼부림은<6E5C>피했나…….<6E5C>근데 승부라니……)","(어, 어쨌든 칼부림은<6E5C>피했나…….<6E5C>근데 승부라니……)"
dom3Rinka_L06.mes,Script/dom3Rinka_L06.mes,0,7,UNKNOWN_1e,ねえ、あんた,"저기, 너","저기, 너"
dom3Rinka_L06.mes,Script/dom3Rinka_L06.mes,1,21,주인공,わ、びっくりした.どうしたの、<6E5C>いきなり,"와, 놀랐잖아.왜 그래,<6E5C>갑자기","와, 놀랐잖아.왜 그래,<6E5C>갑자기"
dom3Rinka_L06.mes,Script/dom3Rinka_L06.mes,2,22,Rinka,……、あっ、あ、あたしに稽古<6E5C>つけてよ……,"……, 저, 나한테 좀<6E5C>가르쳐줘……","……, 저, 나한테 좀<6E5C>가르쳐줘……"
dom3Rinka_L06.mes,Script/dom3Rinka_L06.mes,3,5,주인공,ええっ?,에엑?,에엑?
dom3Rinka_L06.mes,Script/dom3Rinka_L06.mes,4,24,Rinka,……今度の試合は、ぜったいに<6E5C>負けられないんだ,"……이번 시합은, 절대로<6E5C>질 수 없어","……이번 시합은, 절대로<6E5C>질 수 없어"
dom3Rinka_L06.mes,Script/dom3Rinka_L06.mes,5,7,주인공,で、でも……,"그, 근데…","그, 근데…"
dom3Rinka_L06.mes,Script/dom3Rinka_L06.mes,6,45,Rinka,……やっぱりダメだよね.あたし、<6E5C>今まであんたにひどいこといっぱい<6E5C>言ってきたもんね……,"……역시 안 되겠지.나,<6E5C>지금까지 너한테 못되게 많이<6E5C>굴었잖아……","……역시 안 되겠지.나,<6E5C>지금까지 너한테 못되게 많이<6E5C>굴었잖아……"
dom3Rinka_L06.mes,Script/dom3Rinka_L06.mes,7,3,주인공,……,……,……
dom3Rinka_L06.mes,Script/dom3Rinka_L06.mes,8,18,[선택지],稽古は一人でするもの稽古をつけてやる,훈련은 혼자 하는 거야\가르쳐 주지,훈련은 혼자 하는 거야\가르쳐 주지
dom3Rinka_L06.mes,Script/dom3Rinka_L06.mes,9,37,주인공,俺は人に教えられるほどの腕は<6E5C>ない.それに、剣の道とは己で<6E5C>極めるものだ,난 남을 가르칠 실력은 없어<6E5C>또 검의 길은 스스로<6E5C>깨우치는 거야,난 남을 가르칠 실력은 없어<6E5C>또 검의 길은 스스로<6E5C>깨우치는 거야
dom3Rinka_L06.mes,Script/dom3Rinka_L06.mes,10,7,Rinka,……わかった,……알았어,……알았어
dom3Rinka_L06.mes,Script/dom3Rinka_L06.mes,11,15,주인공,凛花ちゃんの試合は応援するよ,린카의 시합은 응원할게,린카의 시합은 응원할게
dom3Rinka_L06.mes,Script/dom3Rinka_L06.mes,12,5,Rinka,……うん,……응,……응
dom3Rinka_L06.mes,Script/dom3Rinka_L06.mes,13,38,주인공,(……ちょっとかわいそうだけど、<6E5C>私怨のための稽古なんてつけられ<6E5C>ないよ),"(……좀 안됐지만,<6E5C>사적인 원한 때문에 훈련은<6E5C>못 시켜줘)","(……좀 안됐지만,<6E5C>사적인 원한 때문에 훈련은<6E5C>못 시켜줘)"
dom3Rinka_L06.mes,Script/dom3Rinka_L06.mes,14,3,Rinka,……,……,……
dom3Rinka_L06.mes,Script/dom3Rinka_L06.mes,15,4,주인공,いいよ,좋아,좋아
dom3Rinka_L06.mes,Script/dom3Rinka_L06.mes,16,4,Rinka,えっ?,엇?,엇?
dom3Rinka_L06.mes,Script/dom3Rinka_L06.mes,17,16,주인공,稽古をつけてやるって言ったんだ,훈련시켜 준다고 했잖아,훈련시켜 준다고 했잖아
dom3Rinka_L06.mes,Script/dom3Rinka_L06.mes,18,6,Rinka,ほんと!?,진짜!?,진짜!?
dom3Rinka_L06.mes,Script/dom3Rinka_L06.mes,19,24,주인공,ああ.ビシバシやるから覚悟<6E5C>しろよ、凛花ちゃん,"그래.빡세게 굴릴 거니까<6E5C>각오해, 린카","그래.빡세게 굴릴 거니까<6E5C>각오해, 린카"
dom3Rinka_L06.mes,Script/dom3Rinka_L06.mes,20,9,Rinka,……凛花でいいよ,……린카면 돼,……린카면 돼
dom3Rinka_L06.mes,Script/dom3Rinka_L06.mes,21,3,주인공,え?,어?,어?
dom3Rinka_L06.mes,Script/dom3Rinka_L06.mes,22,35,Rinka,気持ちが悪いから『ちゃん』付けで<6E5C>呼ぶなって言ってるんだよ、<6E5C><이름:3232>!,"기분 나쁘니까 『짱』 붙여서<6E5C>부르지 말랬잖아,<6E5C><이름:3232>!","기분 나쁘니까 『짱』 붙여서<6E5C>부르지 말랬잖아,<6E5C><이름:3232>!"
dom3Rinka_L06.mes,Script/dom3Rinka_L06.mes,23,21,주인공,お、おう!……って、<6E5C>俺も呼び捨てかよ!,"어, 어어!……라니,<6E5C>나도 반말이냐!","어, 어어!……라니,<6E5C>나도 반말이냐!"
dom3Rinka_L06.mes,Script/dom3Rinka_L06.mes,24,9,주인공,まぁ……いいか!,뭐……괜찮나!,뭐……괜찮나!
dom3Rinka_L06.mes,Script/dom3Rinka_L06.mes,25,8,[효과음/내레이션],ブンッ<020A>ブンッ,붕붕<020A>붕붕,붕붕<020A>붕붕
dom3Rinka_L06.mes,Script/dom3Rinka_L06.mes,26,34,주인공,――いいぞ、その感じだ.<6E5C>でも、その木刀はちょっと<6E5C>大きすぎるかな,"―좋아, 그 느낌이야.<6E5C>근데 그 목검은 좀<6E5C>너무 크지 않아?","―좋아, 그 느낌이야.<6E5C>근데 그 목검은 좀<6E5C>너무 크지 않아?"
dom3Rinka_L06.mes,Script/dom3Rinka_L06.mes,27,36,Rinka,ううん.あの刀を振るためには、<6E5C>これぐらいじゃないと練習に<6E5C>ならないよ,"아니.그 칼을 휘두르려면,<6E5C>이 정도는 돼야 연습이<6E5C>되거든","아니.그 칼을 휘두르려면,<6E5C>이 정도는 돼야 연습이<6E5C>되거든"
dom3Rinka_L06.mes,Script/dom3Rinka_L06.mes,28,20,주인공,そういえば、随分と長い刀だけ<6E5C>ど……?,"그러고 보니, 꽤 긴 칼인데<6E5C>……?","그러고 보니, 꽤 긴 칼인데<6E5C>……?"
dom3Rinka_L06.mes,Script/dom3Rinka_L06.mes,29,22,Rinka,闇路廉徹(やみじこてつ).<6E5C>父さんの形見さ,야미지 코테츠.<6E5C>아버지의 유품이야,야미지 코테츠.<6E5C>아버지의 유품이야
dom3Rinka_L06.mes,Script/dom3Rinka_L06.mes,30,57,Rinka,父さんの興した夢想夕雲流は、<6E5C>遠心力を利用して、大きな剣を<6E5C>自在に操る剣技なんだ<485C>あたしは、この刀で強くなるんだ,"아버지가 만든 몽상류는,<6E5C>원심력으로 큰 검을<6E5C>자유자재로 다루는 검술이야<485C>난 이 칼로 강해질 거야","아버지가 만든 몽상류는,<6E5C>원심력으로 큰 검을<6E5C>자유자재로 다루는 검술이야<485C>난 이 칼로 강해질 거야"
dom3Rinka_L06.mes,Script/dom3Rinka_L06.mes,31,8,[효과음/내레이션],ブンッ<020A>ブンッ,붕붕<020A>붕붕,붕붕<020A>붕붕
dom3Rinka_L06.mes,Script/dom3Rinka_L06.mes,32,31,주인공,(なるほど、あの背丈ほどある刀に<6E5C>も、訳があったんだな……),"(그렇군, 그 키만 한 칼에도<6E5C>이유가 있었구나……)","(그렇군, 그 키만 한 칼에도<6E5C>이유가 있었구나……)"
dom3Rinka_L07.mes,Script/dom3Rinka_L07.mes,0,17,주인공,(今日だな、ふたりの試合は……),"(오늘이지, 둘의 시합은……)","(오늘이지, 둘의 시합은……)"
dom3Rinka_L07.mes,Script/dom3Rinka_L07.mes,1,13,주인공,けっこう人が集まってるな,사람이 꽤 모였네,사람이 꽤 모였네
dom3Rinka_L07.mes,Script/dom3Rinka_L07.mes,2,3,Rinka,……,……,……
dom3Rinka_L07.mes,Script/dom3Rinka_L07.mes,3,16,주인공,(凛花、気合入っているな……),"(린카, 기합 들어갔네……)","(린카, 기합 들어갔네……)"
dom3Rinka_L07.mes,Script/dom3Rinka_L07.mes,4,15,UNKNOWN_1e,ちゃんと来てるとは、感心だぜ,"제대로 왔다니, 기특하군","제대로 왔다니, 기특하군"
dom3Rinka_L07.mes,Script/dom3Rinka_L07.mes,5,26,Rinka,あんたこそ、遅かったじゃない.<6E5C>逃げたかと思ったよ,너야말로 늦었잖아.<6E5C>도망친 줄 알았어,너야말로 늦었잖아.<6E5C>도망친 줄 알았어
dom3Rinka_L07.mes,Script/dom3Rinka_L07.mes,6,24,UNKNOWN_74,へん、その減らず口、<6E5C>すぐにきけなくしてやるぜ,"흥, 그 잘난 입,<6E5C>당장 닫아주지","흥, 그 잘난 입,<6E5C>당장 닫아주지"
dom3Rinka_L07.mes,Script/dom3Rinka_L07.mes,7,10,UNKNOWN_12,1両者、前へどうぞ,"양측, 앞으로","양측, 앞으로"
dom3Rinka_L07.mes,Script/dom3Rinka_L07.mes,8,20,주인공,なんだか俺までドキドキ<6E5C>してきたぞ……,왠지 나까지 두근두근<6E5C>해지는데……,왠지 나까지 두근두근<6E5C>해지는데……
dom3Rinka_L07.mes,Script/dom3Rinka_L07.mes,9,7,UNKNOWN_0c,1構えて……,자세……,자세……
dom3Rinka_L07.mes,Script/dom3Rinka_L07.mes,10,14,UNKNOWN_1a,1いざ尋常に……<6E5C>寺勝負!,"자, 정정당당히<6E5C>승부!","자, 정정당당히<6E5C>승부!"
dom3Rinka_L07.mes,Script/dom3Rinka_L07.mes,11,15,Rinka,夢想夕雲流。吉野凛花、参る!,"몽상류. 린카, 간다!","몽상류. 린카, 간다!"
dom3Rinka_L07.mes,Script/dom3Rinka_L07.mes,12,5,UNKNOWN_74,来いや!,덤벼!,덤벼!
dom3Rinka_L07.mes,Script/dom3Rinka_L07.mes,13,9,[효과음/내레이션],じり、じりっ……,"스륵, 스륵……","스륵, 스륵……"
dom3Rinka_L07.mes,Script/dom3Rinka_L07.mes,14,27,주인공,(両者とも構えたまま動かない.<6E5C>勝負は一瞬だな……),(둘 다 미동도 없어.<6E5C>승부는 순식간이겠지……),(둘 다 미동도 없어.<6E5C>승부는 순식간이겠지……)
dom3Rinka_L07.mes,Script/dom3Rinka_L07.mes,15,9,주인공,(……動いた!),(…움직였다!),(…움직였다!)
dom3Rinka_L07.mes,Script/dom3Rinka_L07.mes,16,8,[효과음/내레이션],スパーーーン!,스파아아앙!,스파아아앙!
dom3Rinka_L07.mes,Script/dom3Rinka_L07.mes,17,5,UNKNOWN_1e,グハッ!,크헉!,크헉!
dom3Rinka_L07.mes,Script/dom3Rinka_L07.mes,18,7,주인공,や、やった!,해냈다!,해냈다!
dom3Rinka_L07.mes,Script/dom3Rinka_L07.mes,19,13,UNKNOWN_18,1勝者……<6E5C>寺吉野凛花!,승자……<6E5C>요시노 린카!,승자……<6E5C>요시노 린카!
dom3Rinka_L07.mes,Script/dom3Rinka_L07.mes,20,8,Rinka,……はぁ、はぁ,"…하아, 하아","…하아, 하아"
dom3Rinka_L07.mes,Script/dom3Rinka_L07.mes,21,9,주인공,やったぞ!凛花!,해냈어! 린카!,해냈어! 린카!
dom3Rinka_L07.mes,Script/dom3Rinka_L07.mes,22,34,UNKNOWN_74,く、くそぉ…….<6E5C>オレ様があんな小娘に負けるなんて<6E5C>.今に見てろっ,"크, 크윽…….<6E5C>내가 저런 꼬맹이한테 지다니<6E5C>.두고 보자","크, 크윽…….<6E5C>내가 저런 꼬맹이한테 지다니<6E5C>.두고 보자"
dom3Rinka_L07.mes,Script/dom3Rinka_L07.mes,23,4,[효과음/내레이션],タタッ,타탓,타탓
dom3Rinka_L07.mes,Script/dom3Rinka_L07.mes,24,13,Rinka,……勝てたの?あたし……,……내가 이겼어……?,……내가 이겼어……?
dom3Rinka_L07.mes,Script/dom3Rinka_L07.mes,25,10,주인공,すごいじゃないか!,대단하잖아!,대단하잖아!
dom3Rinka_L07.mes,Script/dom3Rinka_L07.mes,26,11,Rinka,<이름:3232>、見てたんだ……,"<이름:3232>, 봤구나……","<이름:3232>, 봤구나……"
dom3Rinka_L07.mes,Script/dom3Rinka_L07.mes,27,27,주인공,もちろんだよ.<6E5C>俺のかわいい一番弟子の<6E5C>試合だからな,당연하지.<6E5C>내 귀여운 수제자의<6E5C>시합이니까,당연하지.<6E5C>내 귀여운 수제자의<6E5C>시합이니까
dom3Rinka_L07.mes,Script/dom3Rinka_L07.mes,28,3,Rinka,……,……,……
dom3Rinka_L07.mes,Script/dom3Rinka_L07.mes,29,14,주인공,(あ、あれ?怒ったかな?),"(어, 어라? 화났나?)","(어, 어라? 화났나?)"
dom3Rinka_L07.mes,Script/dom3Rinka_L07.mes,30,10,Rinka,……んたのおかげだ,……네 덕분이다,……네 덕분이다
dom3Rinka_L07.mes,Script/dom3Rinka_L07.mes,31,4,주인공,えっ?,엇?,엇?
dom3Rinka_L07.mes,Script/dom3Rinka_L07.mes,32,12,Rinka,……あんたのおかげだよ,……네 덕분이야,……네 덕분이야
dom3Rinka_L07.mes,Script/dom3Rinka_L07.mes,33,5,주인공,……え?,……어?,……어?
dom3Rinka_L07.mes,Script/dom3Rinka_L07.mes,34,9,Rinka,……あ、ありがと,"……고, 고마워","……고, 고마워"
dom3Rinka_L07.mes,Script/dom3Rinka_L07.mes,35,5,주인공,……え?,……어?,……어?
dom3Rinka_L07.mes,Script/dom3Rinka_L07.mes,36,34,Rinka,だから、ありがとうって<6E5C>言ってるんだよ!<6E5C>何度も言わせるな、バカ!,"그러니까 고맙다고<6E5C>말한 거잖아!<6E5C>몇 번씩 말하게 마, 바보!","그러니까 고맙다고<6E5C>말한 거잖아!<6E5C>몇 번씩 말하게 마, 바보!"
dom3Rinka_L07.mes,Script/dom3Rinka_L07.mes,37,38,주인공,ハハハ.凛花が礼を言うなんて<6E5C>めずらしいからな、<6E5C>何度も閉きたいじゃないか,하하하.린카가 인사를 하다니<6E5C>희한한 일이니까<6E5C>몇 번이고 듣고 싶잖아,하하하.린카가 인사를 하다니<6E5C>희한한 일이니까<6E5C>몇 번이고 듣고 싶잖아
dom3Rinka_L07.mes,Script/dom3Rinka_L07.mes,38,26,Rinka,なっ……からかうなんて、<6E5C>サイテーだ!知らないッ!,"뭐……놀리다니,<6E5C>최악이야!몰라, 몰라!","뭐……놀리다니,<6E5C>최악이야!몰라, 몰라!"
dom3Rinka_L07.mes,Script/dom3Rinka_L07.mes,39,29,주인공,(……けっこうかわいいところも<6E5C>あるじゃないか、こいつ),"(……꽤 귀여운 구석도<6E5C>있잖아, 이 녀석)","(……꽤 귀여운 구석도<6E5C>있잖아, 이 녀석)"
dom3Rinka_L07.mes,Script/dom3Rinka_L07.mes,40,5,UNKNOWN_1e,キャア!,꺄악!,꺄악!
dom3Rinka_L07.mes,Script/dom3Rinka_L07.mes,41,4,주인공,凛花!,린카!,린카!
dom3Rinka_L07.mes,Script/dom3Rinka_L07.mes,42,12,UNKNOWN_16,1勝者……<6E5C>寺狂エ門!,승자……<6E5C>쿄에몬!,승자……<6E5C>쿄에몬!
dom3Rinka_L07.mes,Script/dom3Rinka_L07.mes,43,12,UNKNOWN_74,ハッ!俺様の勝ちだな!,핫! 내 승리다!,핫! 내 승리다!
dom3Rinka_L07.mes,Script/dom3Rinka_L07.mes,44,29,UNKNOWN_74,次からは、相手を見てケンカ<6E5C>するんだな、おじょーちゃん!,"다음부턴 상대 봐가면서<6E5C>싸워라, 아가씨!","다음부턴 상대 봐가면서<6E5C>싸워라, 아가씨!"
dom3Rinka_L07.mes,Script/dom3Rinka_L07.mes,45,21,Rinka,ちくしょう.<6E5C>あんな奴に負けるなんて……,젠장.<6E5C>저런 놈한테 지다니……,젠장.<6E5C>저런 놈한테 지다니……
dom3Rinka_L07.mes,Script/dom3Rinka_L07.mes,46,5,주인공,凛花……,린카……,린카……
dom3Rinka_L07.mes,Script/dom3Rinka_L07.mes,47,15,Rinka,ちくしょう、ちくしょうっ……,"젠장, 젠장……","젠장, 젠장……"
dom3Rinka_L07.mes,Script/dom3Rinka_L07.mes,48,3,[효과음/내레이션],ダッ,탓,탓
dom3Rinka_L07.mes,Script/dom3Rinka_L07.mes,49,25,주인공,あっ…….<6E5C>……しかたない.<6E5C>これが勝負の世界だ,아…….<6E5C>…어쩔 수 없지.<6E5C>이게 승부 세계다,아…….<6E5C>…어쩔 수 없지.<6E5C>이게 승부 세계다
dom3Rinka_L08.mes,Script/dom3Rinka_L08.mes,0,3,Rinka,あっ,앗,앗
dom3Rinka_L08.mes,Script/dom3Rinka_L08.mes,1,16,주인공,おっ、凛花も今からごはんかい?,"오, 린카도 밥 먹으러?","오, 린카도 밥 먹으러?"
dom3Rinka_L08.mes,Script/dom3Rinka_L08.mes,2,13,Rinka,うん、おなか減っちゃって,"응, 배가 고파서","응, 배가 고파서"
dom3Rinka_L08.mes,Script/dom3Rinka_L08.mes,3,13,Rinka,ねぇ<이름:3232>、何かおごってよ,"<이름:3232>, 뭐 좀 사줘","<이름:3232>, 뭐 좀 사줘"
dom3Rinka_L08.mes,Script/dom3Rinka_L08.mes,4,13,주인공,え、なんでそうなるんだ?,"어, 왜 그리 되지?","어, 왜 그리 되지?"
dom3Rinka_L08.mes,Script/dom3Rinka_L08.mes,5,27,Rinka,いいじゃん!<6E5C><이름:3232>にご褒美もらったって<6E5C>いいだろう?,괜찮잖아!<6E5C><이름:3232>한테 선물 받아도<6E5C>되잖아?,괜찮잖아!<6E5C><이름:3232>한테 선물 받아도<6E5C>되잖아?
dom3Rinka_L08.mes,Script/dom3Rinka_L08.mes,6,42,주인공,ご褒美?それって、この前の試合の<6E5C>ことか?はは、子どもみたいに<6E5C>喜んで、かわいいな,"선물? 그거 저번 시합<6E5C>얘기야?하하, 애처럼<6E5C>좋아하고, 귀엽네","선물? 그거 저번 시합<6E5C>얘기야?하하, 애처럼<6E5C>좋아하고, 귀엽네"
dom3Rinka_L08.mes,Script/dom3Rinka_L08.mes,7,28,Rinka,も、もぉ!からかうなよ!<6E5C>男ならだまってごちそうしろ!,"무, 뭐야!놀리지 마!<6E5C>남자면 잠자코 사줘!","무, 뭐야!놀리지 마!<6E5C>남자면 잠자코 사줘!"
dom3Rinka_L08.mes,Script/dom3Rinka_L08.mes,8,26,주인공,(……こんなに浮かれてる凛花、<6E5C>はじめて見るなぁ),(……이렇게 들뜬 린카는<6E5C>처음 보네),(……이렇게 들뜬 린카는<6E5C>처음 보네)
dom3Rinka_L08.mes,Script/dom3Rinka_L08.mes,9,8,[선택지],おごるおごらない,한턱낸다\안 낸다,한턱낸다\안 낸다
dom3Rinka_L08.mes,Script/dom3Rinka_L08.mes,10,28,주인공,がんばったもんな.よし、なんでも<6E5C>好きなの頼んでいいぞ,"고생했으니까.그래, 뭐든지<6E5C>먹고 싶은 거 시켜","고생했으니까.그래, 뭐든지<6E5C>먹고 싶은 거 시켜"
dom3Rinka_L08.mes,Script/dom3Rinka_L08.mes,11,6,Rinka,やったぁ!,야호!,야호!
dom3Rinka_L08.mes,Script/dom3Rinka_L08.mes,12,3,UNKNOWN_7a,ヂ~,지~,지~
dom3Rinka_L08.mes,Script/dom3Rinka_L08.mes,13,12,주인공,はいはい、鉄之介にもね,"그래, 테츠노스케도","그래, 테츠노스케도"
dom3Rinka_L08.mes,Script/dom3Rinka_L08.mes,14,13,Rinka,ちょっと、おねぇさ~ん!,"저기, 언니~!","저기, 언니~!"
dom3Rinka_L08.mes,Script/dom3Rinka_L08.mes,15,11,Shino,はいはい、お決まり?,"네네, 정했어?","네네, 정했어?"
dom3Rinka_L08.mes,Script/dom3Rinka_L08.mes,16,25,Rinka,このお店のおすすめは?<6E5C>今日は<이름:3232>のおごりなのっ,이 가게 추천 메뉴는?<6E5C>오늘은 <이름:3232>이 사줄게,이 가게 추천 메뉴는?<6E5C>오늘은 <이름:3232>이 사줄게
dom3Rinka_L08.mes,Script/dom3Rinka_L08.mes,17,49,Shino,あら、ずいぶんと気前がいいのね.<6E5C>だったら、これね!むささび屋の<6E5C>究極奥義『豪華絢爛うどん』よ!,"어머, 꽤 통이 크네.<6E5C>그럼 이거야!무사사비야의<6E5C>궁극오의 『화려찬란 우동』이야!","어머, 꽤 통이 크네.<6E5C>그럼 이거야!무사사비야의<6E5C>궁극오의 『화려찬란 우동』이야!"
dom3Rinka_L08.mes,Script/dom3Rinka_L08.mes,18,7,Rinka,じゃ、それ!,그럼 그걸로,그럼 그걸로
dom3Rinka_L08.mes,Script/dom3Rinka_L08.mes,19,35,주인공,じゃあ、俺も……、<6E5C>って一番高い料理じゃないか!<6E5C>くぅ、やられた……,"그럼, 나도……,<6E5C>제일 비싼 요리잖아!<6E5C>크윽, 당했다……","그럼, 나도……,<6E5C>제일 비싼 요리잖아!<6E5C>크윽, 당했다……"
dom3Rinka_L08.mes,Script/dom3Rinka_L08.mes,20,36,Shino,厳選素材たっぷりの、至高の<6E5C>おうどんよ.凛花ちゃん、<6E5C>味わって食べてね,"엄선 재료 듬뿍 든, 최고의<6E5C>우동이야.린카,<6E5C>맛있게 먹어","엄선 재료 듬뿍 든, 최고의<6E5C>우동이야.린카,<6E5C>맛있게 먹어"
dom3Rinka_L08.mes,Script/dom3Rinka_L08.mes,21,4,Rinka,うんっ,응!,응!
dom3Rinka_L08.mes,Script/dom3Rinka_L08.mes,22,27,주인공,(お、女って…….<6E5C>ま、いいか.凛花も嬉しそうだし),"(여, 여자란…….<6E5C>뭐 됐나.린카도 좋아하니까)","(여, 여자란…….<6E5C>뭐 됐나.린카도 좋아하니까)"
dom3Rinka_L08.mes,Script/dom3Rinka_L08.mes,23,15,주인공,(お金、厳しいんだよな……),"(돈이, 빠듯한데……)","(돈이, 빠듯한데……)"
dom3Rinka_L08.mes,Script/dom3Rinka_L08.mes,24,27,주인공,普通は良いことのあった方が<6E5C>おごるってもんだぞ?凛花,보통은 좋은 일 있는 쪽이<6E5C>한턱내는 거잖아?린카,보통은 좋은 일 있는 쪽이<6E5C>한턱내는 거잖아?린카
dom3Rinka_L08.mes,Script/dom3Rinka_L08.mes,25,16,Rinka,……ケチ!もぉいいよ、フンッ!,"……쪼잔해! 됐어, 흥!","……쪼잔해! 됐어, 흥!"
dom3Rinka_L08.mes,Script/dom3Rinka_L08.mes,26,3,UNKNOWN_7a,ヂッ,직,직
dom3Rinka_L08.mes,Script/dom3Rinka_L08.mes,27,38,주인공,(あちゃ、いつもの機嫌に<6E5C>戻っちゃったよ.<6E5C>でも、お金は大事だしなぁ……),"(아차, 평소 기분으로<6E5C>돌아갔네.<6E5C>그래도 돈은 중요하니까……)","(아차, 평소 기분으로<6E5C>돌아갔네.<6E5C>그래도 돈은 중요하니까……)"
dom3Rinka_L09.mes,Script/dom3Rinka_L09.mes,0,44,주인공,(あれ、凛花がいない.稽古もせず<6E5C>にどこに行ったんだろう?<6E5C>ちょっと探しに行こう……),"(어라, 린카가 없네.훈련도 안 하고<6E5C>어디 간 거지?<6E5C>좀 찾으러 가야겠다……)","(어라, 린카가 없네.훈련도 안 하고<6E5C>어디 간 거지?<6E5C>좀 찾으러 가야겠다……)"
dom3Rinka_L09.mes,Script/dom3Rinka_L09.mes,1,9,Saya,凛花?いないわよ,린카? 없는데,린카? 없는데
dom3Rinka_L09.mes,Script/dom3Rinka_L09.mes,2,12,UNKNOWN_74,チビなんて知らねェよ!,꼬맹이 따위 몰라!,꼬맹이 따위 몰라!
dom3Rinka_L09.mes,Script/dom3Rinka_L09.mes,3,19,주인공,(……どこに行ったんだ、<6E5C>いったい),"(……대체 어디 간 거야,<6E5C>정말)","(……대체 어디 간 거야,<6E5C>정말)"
dom3Rinka_L09.mes,Script/dom3Rinka_L09.mes,4,29,주인공,ひとりになりたいときに行く場所.<6E5C>……そうだ、あそこだ!,"혼자 있고 싶을 때 가는 곳.<6E5C>……맞다, 거기다!","혼자 있고 싶을 때 가는 곳.<6E5C>……맞다, 거기다!"
dom3Rinka_L09.mes,Script/dom3Rinka_L09.mes,5,5,주인공,……いた,……있다,……있다
dom3Rinka_L09.mes,Script/dom3Rinka_L09.mes,6,13,주인공,(なんだか寂しそうだな),(왠지 쓸쓸해 보이네),(왠지 쓸쓸해 보이네)
dom3Rinka_L09.mes,Script/dom3Rinka_L09.mes,7,5,주인공,……凛花,……린카,……린카
dom3Rinka_L09.mes,Script/dom3Rinka_L09.mes,8,5,Rinka,……<이름:3232>,……<이름:3232>,……<이름:3232>
dom3Rinka_L09.mes,Script/dom3Rinka_L09.mes,9,16,주인공,どうしたんだよ.心配したんだぞ,왜 그래.걱정했잖아,왜 그래.걱정했잖아
dom3Rinka_L09.mes,Script/dom3Rinka_L09.mes,10,25,[선택지],おなかでも痛いのか?お父さんを思い出していたのか?,배라도 아픈 거야?\아버지 생각이 났어?,배라도 아픈 거야?\아버지 생각이 났어?
dom3Rinka_L09.mes,Script/dom3Rinka_L09.mes,11,9,주인공,腹でも痛むのか?,배 아파?,배 아파?
dom3Rinka_L09.mes,Script/dom3Rinka_L09.mes,12,6,Rinka,……違うよ,……아니야,……아니야
dom3Rinka_L09.mes,Script/dom3Rinka_L09.mes,13,15,주인공,でも、なんだかつらそうだぞ?,근데 왠지 힘들어 보이는데,근데 왠지 힘들어 보이는데
dom3Rinka_L09.mes,Script/dom3Rinka_L09.mes,14,7,Rinka,なんでもない,별거 아냐,별거 아냐
dom3Rinka_L09.mes,Script/dom3Rinka_L09.mes,15,34,주인공,わかった.<6E5C>腐ったものでも食べたんだろう.<6E5C>凛花はいやしいからなぁ,알았다.<6E5C>상한 거라도 먹었나 보네.<6E5C>린카는 먹보니까,알았다.<6E5C>상한 거라도 먹었나 보네.<6E5C>린카는 먹보니까
dom3Rinka_L09.mes,Script/dom3Rinka_L09.mes,16,20,Rinka,違うって言ってるだろ!<6E5C><이름:3232>のバカッ!,아니라고 했잖아!<6E5C><이름:3232> 바보야!,아니라고 했잖아!<6E5C><이름:3232> 바보야!
dom3Rinka_L09.mes,Script/dom3Rinka_L09.mes,17,3,[효과음/내레이션],ダッ,탓,탓
dom3Rinka_L09.mes,Script/dom3Rinka_L09.mes,18,24,주인공,あっ……しまった.<6E5C>笑わせようと思ったのに……,아……아차.<6E5C>웃기려고 했는데……,아……아차.<6E5C>웃기려고 했는데……
dom3Rinka_L09.mes,Script/dom3Rinka_L09.mes,19,23,주인공,また、お父さんのこと、<6E5C>思い出していたのか?,"또, 아버지 생각을,<6E5C>하고 있었어?","또, 아버지 생각을,<6E5C>하고 있었어?"
dom3Rinka_L09.mes,Script/dom3Rinka_L09.mes,20,3,Rinka,……,……,……
dom3Rinka_L09.mes,Script/dom3Rinka_L09.mes,21,16,주인공,侍に殺されたって言ってたよな?,사무라이한테 죽었다 했지?,사무라이한테 죽었다 했지?
dom3Rinka_L09.mes,Script/dom3Rinka_L09.mes,22,3,Rinka,……,……,……
dom3Rinka_L09.mes,Script/dom3Rinka_L09.mes,23,40,주인공,よかったら、くわしく教えてくれ<6E5C>ないか.凛花が落ち込んでたら、<6E5C>気になるよ……,"괜찮으면, 자세히 말해줄<6E5C>수 없어.린카가 우울해하면,<6E5C>신경 쓰이니까……","괜찮으면, 자세히 말해줄<6E5C>수 없어.린카가 우울해하면,<6E5C>신경 쓰이니까……"
dom3Rinka_L09.mes,Script/dom3Rinka_L09.mes,24,5,Rinka,<이름:3232>……,<이름:3232>……,<이름:3232>……
dom3Rinka_L09.mes,Script/dom3Rinka_L09.mes,25,3,주인공,……,……,……
dom3Rinka_L09.mes,Script/dom3Rinka_L09.mes,26,47,Rinka,あたし、これでも昔は武家の娘だっ<6E5C>たんだ.父さんも母さんもいて、<6E5C>三人で仲良く募らしてたんだ,"나, 이래봬도 옛날엔 무가 딸이<6E5C>었어.아버지 어머니 있어서,<6E5C>셋이 사이좋게 살았어","나, 이래봬도 옛날엔 무가 딸이<6E5C>었어.아버지 어머니 있어서,<6E5C>셋이 사이좋게 살았어"
dom3Rinka_L09.mes,Script/dom3Rinka_L09.mes,27,58,Rinka,……それがある時、<6E5C>父さんが謀反を企てたと言われて、<6E5C>藩を追われて……<485C>言われのない罪で父さんは<6E5C>殺されてしまった,"……그러던 어느 날,<6E5C>아버지가 모반죄로 몰려서,<6E5C>번에서 쫓겨나고……<485C>누명을 쓰고 아버지는 죽임을 당했어","……그러던 어느 날,<6E5C>아버지가 모반죄로 몰려서,<6E5C>번에서 쫓겨나고……<485C>누명을 쓰고 아버지는 죽임을 당했어"
dom3Rinka_L09.mes,Script/dom3Rinka_L09.mes,28,41,Rinka,母さんと二人だけになって、その<6E5C>母さんも悲しみにくれるうちに、<6E5C>病にかかって……,"어머니와 둘만 남았는데, 그<6E5C>어머니마저 슬픔에 잠기다가,<6E5C>병에 걸려서……","어머니와 둘만 남았는데, 그<6E5C>어머니마저 슬픔에 잠기다가,<6E5C>병에 걸려서……"
dom3Rinka_L09.mes,Script/dom3Rinka_L09.mes,29,3,주인공,……,……,……
dom3Rinka_L09.mes,Script/dom3Rinka_L09.mes,30,46,Rinka,父さんはそんなことする人じゃ<6E5C>ない.あたしにはわかってる<485C>……でも、誰も信じてくれなかった,아버지는 그럴 사람이<6E5C>아니야.나는 알아<485C>……근데 아무도 믿어주지 않았어,아버지는 그럴 사람이<6E5C>아니야.나는 알아<485C>……근데 아무도 믿어주지 않았어
dom3Rinka_L09.mes,Script/dom3Rinka_L09.mes,31,10,주인공,……そうだったのか,……그랬구나,……그랬구나
dom3Rinka_L09.mes,Script/dom3Rinka_L09.mes,32,16,Rinka,……今のあたしはひとりぼっちだ,……지금 나는 혼자야,……지금 나는 혼자야
dom3Rinka_L09.mes,Script/dom3Rinka_L09.mes,33,3,주인공,……,……,……
dom3Rinka_L09.mes,Script/dom3Rinka_L09.mes,34,3,UNKNOWN_7a,ヂッ,직,직
dom3Rinka_L09.mes,Script/dom3Rinka_L09.mes,35,17,Rinka,あ、ごめん.鉄之介もいっしょだね,"아, 미안.테츠노스케도 있었지","아, 미안.테츠노스케도 있었지"
dom3Rinka_L09.mes,Script/dom3Rinka_L09.mes,36,38,주인공,……鉄之介だけじゃないよ、<6E5C>凛花のまわりにはサヤさんだって<6E5C>いるじゃないか,"……테츠노스케만이 아니야,<6E5C>린카 곁엔 사야 씨도<6E5C>있잖아","……테츠노스케만이 아니야,<6E5C>린카 곁엔 사야 씨도<6E5C>있잖아"
dom3Rinka_L09.mes,Script/dom3Rinka_L09.mes,37,11,주인공,それに、俺だって……,"게다가, 나도……","게다가, 나도……"
dom3Rinka_L09.mes,Script/dom3Rinka_L09.mes,38,5,Rinka,<이름:3232>……,<이름:3232>……,<이름:3232>……
dom3Rinka_L09.mes,Script/dom3Rinka_L09.mes,39,17,주인공,(うっ……けっこう恥ずかしいな),(윽……꽤 부끄럽네),(윽……꽤 부끄럽네)
dom3Rinka_L09.mes,Script/dom3Rinka_L09.mes,40,14,Rinka,あ、明日も稽古だぞ、<이름:3232>!,"내일도 훈련이다,<이름:3232>!","내일도 훈련이다,<이름:3232>!"
dom3Rinka_L09.mes,Script/dom3Rinka_L09.mes,41,3,주인공,へ?,헤?,헤?
dom3Rinka_L09.mes,Script/dom3Rinka_L09.mes,42,21,Rinka,遅れたら、承知しないからな!<6E5C>じゃぁなっ,늦으면 가만 안 둬!<6E5C>그럼 간다!,늦으면 가만 안 둬!<6E5C>그럼 간다!
dom3Rinka_L09.mes,Script/dom3Rinka_L09.mes,43,3,[효과음/내레이션],ダッ,타닥,타닥
dom3Rinka_L09.mes,Script/dom3Rinka_L09.mes,44,24,주인공,な、なんだいきなり…….<6E5C>元気になったのかな?,"뭐, 뭐야 갑자기…….<6E5C>기운 차린 건가?","뭐, 뭐야 갑자기…….<6E5C>기운 차린 건가?"
dom3Rinka_L10.mes,Script/dom3Rinka_L10.mes,0,32,주인공,(あれ、凛花のやつ、まだだな.<6E5C>遅れるなって言ったくせに……),"(어라, 린카 녀석 아직이네.<6E5C>늦지 말라고 해놓고선……)","(어라, 린카 녀석 아직이네.<6E5C>늦지 말라고 해놓고선……)"
dom3Rinka_L10.mes,Script/dom3Rinka_L10.mes,1,6,UNKNOWN_1e,ヂ!<020A>ヂ!,지!<020A>지!,지!<020A>지!
dom3Rinka_L10.mes,Script/dom3Rinka_L10.mes,2,45,주인공,おや、鉄之介?<6E5C>ひとりでどうしたんだ<485C>首に変なものをくっつけて.<6E5C>……俺を呼んでるのか?,"어라, 테츠노스케?<6E5C>혼자 웬일이야<485C>목에 이상한 걸 달고.<6E5C>……날 부르는 거야?","어라, 테츠노스케?<6E5C>혼자 웬일이야<485C>목에 이상한 걸 달고.<6E5C>……날 부르는 거야?"
dom3Rinka_L10.mes,Script/dom3Rinka_L10.mes,3,4,UNKNOWN_7a,ヂッ!,지!,지!
dom3Rinka_L10.mes,Script/dom3Rinka_L10.mes,4,12,[선택지],鉄之介を追うこのまま待つ,쫓아간다\기다린다,쫓아간다\기다린다
dom3Rinka_L10.mes,Script/dom3Rinka_L10.mes,5,29,주인공,(……凛花に何かあったのかも<6E5C>しれない.行ってみるか!),(……린카한테 무슨 일이<6E5C>있나 봐. 가보자!),(……린카한테 무슨 일이<6E5C>있나 봐. 가보자!)
dom3Rinka_L10.mes,Script/dom3Rinka_L10.mes,6,4,[효과음/내레이션],タタッ,타다닥,타다닥
dom3Rinka_L10.mes,Script/dom3Rinka_L10.mes,7,16,주인공,はぁ、はぁ、いったいどこに……,"하아, 하아, 대체 어디……","하아, 하아, 대체 어디……"
dom3Rinka_L10.mes,Script/dom3Rinka_L10.mes,8,4,UNKNOWN_7a,ヂッ!,지!,지!
dom3Rinka_L10.mes,Script/dom3Rinka_L10.mes,9,4,주인공,あ……,아……,아……
dom3Rinka_L10.mes,Script/dom3Rinka_L10.mes,10,7,주인공,り、凛花……,리 린카……,리 린카……
dom3Rinka_L10.mes,Script/dom3Rinka_L10.mes,11,3,Rinka,……,……,……
dom3Rinka_L10.mes,Script/dom3Rinka_L10.mes,12,16,주인공,これを見せるために、俺を……?,"이걸 보여주려고, 날……?","이걸 보여주려고, 날……?"
dom3Rinka_L10.mes,Script/dom3Rinka_L10.mes,13,6,Rinka,……ヘン?,이상해?,이상해?
dom3Rinka_L10.mes,Script/dom3Rinka_L10.mes,14,3,주인공,え?,어?,어?
dom3Rinka_L10.mes,Script/dom3Rinka_L10.mes,15,15,Rinka,おかしいかって閉いてるんだっ,이상하냐고 묻는 거잖아!,이상하냐고 묻는 거잖아!
dom3Rinka_L10.mes,Script/dom3Rinka_L10.mes,16,3,주인공,……,……,……
dom3Rinka_L10.mes,Script/dom3Rinka_L10.mes,17,16,Rinka,な、なんだよ、はっきり言えよ!,"뭐, 뭐야, 확실히 말해!","뭐, 뭐야, 확실히 말해!"
dom3Rinka_L10.mes,Script/dom3Rinka_L10.mes,18,22,주인공,うん、いや、すごく…….<6E5C>寺……かわいいよ,"응, 아니, 되게…….<6E5C>그…… 귀여워","응, 아니, 되게…….<6E5C>그…… 귀여워"
dom3Rinka_L10.mes,Script/dom3Rinka_L10.mes,19,8,Rinka,……よかったぁ,……다행이다,……다행이다
dom3Rinka_L10.mes,Script/dom3Rinka_L10.mes,20,27,주인공,……で、その格好でどうやって<6E5C>稽古するつもりなんだ?,"……근데, 그 차림으로 어떻게<6E5C>수련할 생각이야?","……근데, 그 차림으로 어떻게<6E5C>수련할 생각이야?"
dom3Rinka_L10.mes,Script/dom3Rinka_L10.mes,21,3,Rinka,え?,어?,어?
dom3Rinka_L10.mes,Script/dom3Rinka_L10.mes,22,14,주인공,だって、今日は稽古だろう?,그야 오늘 수련이잖아?,그야 오늘 수련이잖아?
dom3Rinka_L10.mes,Script/dom3Rinka_L10.mes,23,6,Rinka,……バカッ,……바보!,……바보!
dom3Rinka_L10.mes,Script/dom3Rinka_L10.mes,24,29,주인공,ったく、俺とふたりで遊びたいなら<6E5C>、正直に言えばいいのに,"참, 나랑 놀고 싶으면<6E5C>솔직히 말하면 되는데","참, 나랑 놀고 싶으면<6E5C>솔직히 말하면 되는데"
dom3Rinka_L10.mes,Script/dom3Rinka_L10.mes,25,13,Rinka,もぉ!わかった、脱ぐよ!,"참! 알았어, 벗을게!","참! 알았어, 벗을게!"
dom3Rinka_L10.mes,Script/dom3Rinka_L10.mes,26,20,주인공,わ、バカ!<6E5C>そんなことしなくていいよ!,"와, 바보!<6E5C>그럴 필요 없어!","와, 바보!<6E5C>그럴 필요 없어!"
dom3Rinka_L10.mes,Script/dom3Rinka_L10.mes,27,21,주인공,……今日は、ふたりでおもいっきり<6E5C>遊ぼう,……오늘은 둘이서 실컷<6E5C>놀자,……오늘은 둘이서 실컷<6E5C>놀자
dom3Rinka_L10.mes,Script/dom3Rinka_L10.mes,28,6,Rinka,……うんっ,……응!,……응!
dom3Rinka_L10.mes,Script/dom3Rinka_L10.mes,29,29,주인공,(凛花……いつもと違って、<6E5C>ちょっとドキドキするな……),"(린카……평소랑 달라서,<6E5C>좀 두근거리네……)","(린카……평소랑 달라서,<6E5C>좀 두근거리네……)"
dom3Rinka_L10.mes,Script/dom3Rinka_L10.mes,30,39,주인공,いや、今日は稽古だと凛花に念を<6E5C>押されたからな.<6E5C>とにかく道場で待っていよう,"아니, 오늘은 수련이라 린카가<6E5C>다짐 받았으니까.<6E5C>도장서 기다리자","아니, 오늘은 수련이라 린카가<6E5C>다짐 받았으니까.<6E5C>도장서 기다리자"
dom3Rinka_L10.mes,Script/dom3Rinka_L10.mes,31,6,UNKNOWN_7a,ヂ~、ヂ~,지~ 지~,지~ 지~
dom3Rinka_L10.mes,Script/dom3Rinka_L10.mes,32,44,주인공,どうしたんだよ、そんなにあわてて<6E5C>.もうすぐおまえのご主人様も<6E5C>来るから、安心しろって,"왜 그래, 그렇게 허둥대고<6E5C>. 곧 네 주인님도<6E5C>올 테니까 안심하라고","왜 그래, 그렇게 허둥대고<6E5C>. 곧 네 주인님도<6E5C>올 테니까 안심하라고"
dom3Rinka_L10.mes,Script/dom3Rinka_L10.mes,33,4,UNKNOWN_7a,ヂ~!,지~!,지~!
dom3Rinka_L10.mes,Script/dom3Rinka_L10.mes,34,43,주인공,ははは、俺のまわりを走り回って、<6E5C>おもしろいやつだなぁ.<6E5C>そんなに遊んでほしいのか?,"하하하, 내 주위를 뛰고,<6E5C>재밌는 녀석이네.<6E5C>그렇게 놀고 싶은 거야?","하하하, 내 주위를 뛰고,<6E5C>재밌는 녀석이네.<6E5C>그렇게 놀고 싶은 거야?"
dom3Rinka_L10.mes,Script/dom3Rinka_L10.mes,35,5,주인공,……ヂー,……지~,……지~
dom3Rinka_L10.mes,Script/dom3Rinka_L10.mes,36,22,주인공,しかし遅いなぁ、凛花のやつ.<6E5C>……ふわ~あ,"그나저나 늦네, 린카.<6E5C>……하아~암","그나저나 늦네, 린카.<6E5C>……하아~암"
dom3Rinka_M01.mes,Script/dom3Rinka_M01.mes,0,14,주인공,今日もまじめにやってるなぁ,오늘도 열심히 하고 있네,오늘도 열심히 하고 있네
dom3Rinka_M01.mes,Script/dom3Rinka_M01.mes,1,10,Rinka,あんた、また来たの,"너, 또 왔어","너, 또 왔어"
dom3Rinka_M01.mes,Script/dom3Rinka_M01.mes,2,4,주인공,まあね,그냥,그냥
dom3Rinka_M01.mes,Script/dom3Rinka_M01.mes,3,24,Rinka,ふーん.<6E5C>稽古しに来たんだろ、<6E5C>あんたもやれば,"흐음.<6E5C>수련하러 온 거지,<6E5C>너도 해","흐음.<6E5C>수련하러 온 거지,<6E5C>너도 해"
dom3Rinka_M01.mes,Script/dom3Rinka_M01.mes,4,11,[선택지],俺はいいじゃあ、やるか,"난 됐어\그럼, 해볼까","난 됐어\그럼, 해볼까"
dom3Rinka_M01.mes,Script/dom3Rinka_M01.mes,5,9,주인공,いや、俺はいいや,"아니, 난 됐어","아니, 난 됐어"
dom3Rinka_M01.mes,Script/dom3Rinka_M01.mes,6,20,Rinka,あ、そう.<6E5C>思ったとおりの腰抜けだね!,아 그래.<6E5C>역시 생각대로 겁쟁이네!,아 그래.<6E5C>역시 생각대로 겁쟁이네!
dom3Rinka_M01.mes,Script/dom3Rinka_M01.mes,7,16,주인공,ありゃ、呆れて行っちゃった……,"어라, 질렸는지 가버렸네……","어라, 질렸는지 가버렸네……"
dom3Rinka_M01.mes,Script/dom3Rinka_M01.mes,8,25,주인공,そうだな.<6E5C>凛花ちゃん、相手をしてくれるかい<6E5C>?,"그래.<6E5C>린카짱, 상대해 줄래<6E5C>?","그래.<6E5C>린카짱, 상대해 줄래<6E5C>?"
dom3Rinka_M01.mes,Script/dom3Rinka_M01.mes,9,24,Rinka,な、なんであたしがっ.<6E5C>やるならひとりでやりな,"왜, 왜 내가 하는데!<6E5C>할 거면 혼자 해","왜, 왜 내가 하는데!<6E5C>할 거면 혼자 해"
dom3Rinka_M01.mes,Script/dom3Rinka_M01.mes,10,3,[효과음/내레이션],タッ,타닥,타닥
dom3Rinka_M01.mes,Script/dom3Rinka_M01.mes,11,18,주인공,ちぇ.<6E5C>仕方ない、素振りでもするか,"쳇.<6E5C>할 수 없지, 휘둘러 볼까","쳇.<6E5C>할 수 없지, 휘둘러 볼까"
dom3Rinka_M02.mes,Script/dom3Rinka_M02.mes,0,34,주인공,あれ?こんな遅くに寺子屋に<6E5C>明かりがついてるぞ.<6E5C>誰かいるのかな?,어라? 늦은 시간에 서당에<6E5C>불이 켜져 있네.<6E5C>누구 있나?,어라? 늦은 시간에 서당에<6E5C>불이 켜져 있네.<6E5C>누구 있나?
dom3Rinka_M02.mes,Script/dom3Rinka_M02.mes,1,17,UNKNOWN_1e,……いつでもワタシがいるでしょ?,……언제나 내가 있잖아?,……언제나 내가 있잖아?
dom3Rinka_M02.mes,Script/dom3Rinka_M02.mes,2,7,UNKNOWN_1e,う、うん……,"으, 응……","으, 응……"
dom3Rinka_M02.mes,Script/dom3Rinka_M02.mes,3,30,주인공,女の人の話し声がする…….<6E5C>何か相談事をしているみたいだな,여자 목소리가 들리네…….<6E5C>뭔가 상담하는 것 같은데,여자 목소리가 들리네…….<6E5C>뭔가 상담하는 것 같은데
dom3Rinka_M02.mes,Script/dom3Rinka_M02.mes,4,8,[선택지],のぞくのぞかない,엿본다\안 본다,엿본다\안 본다
dom3Rinka_M02.mes,Script/dom3Rinka_M02.mes,5,12,주인공,(サヤさんと凛花!?),(사야랑 린카?!),(사야랑 린카?!)
dom3Rinka_M02.mes,Script/dom3Rinka_M02.mes,6,34,Saya,それじゃあ、<6E5C>生きていくのが楽しくないワ.<6E5C>もっとラクにならないと,"그래서야,<6E5C>사는 게 즐겁지 않을 거야.<6E5C>좀 더 편해져야지","그래서야,<6E5C>사는 게 즐겁지 않을 거야.<6E5C>좀 더 편해져야지"
dom3Rinka_M02.mes,Script/dom3Rinka_M02.mes,7,17,Rinka,楽しく生きるなんてあたしには……,"즐겁게 산다니, 나한테는……","즐겁게 산다니, 나한테는……"
dom3Rinka_M02.mes,Script/dom3Rinka_M02.mes,8,15,Saya,今の生き方じゃつらいでしょ?,지금 같은 삶은 힘들잖아?,지금 같은 삶은 힘들잖아?
dom3Rinka_M02.mes,Script/dom3Rinka_M02.mes,9,3,Rinka,……,……,……
dom3Rinka_M02.mes,Script/dom3Rinka_M02.mes,10,4,[효과음/내레이션],フワッ,포옥,포옥
dom3Rinka_M02.mes,Script/dom3Rinka_M02.mes,11,33,Saya,アナタはひとりじゃないわ.<6E5C>いつでもアナタを大切に<6E5C>思う人がいる,넌 혼자가 아니야.<6E5C>언제나 널 소중히<6E5C>여기는 사람이 있어,넌 혼자가 아니야.<6E5C>언제나 널 소중히<6E5C>여기는 사람이 있어
dom3Rinka_M02.mes,Script/dom3Rinka_M02.mes,12,6,Rinka,サヤ……?,사야……?,사야……?
dom3Rinka_M02.mes,Script/dom3Rinka_M02.mes,13,12,Saya,早くそれに気づいて……,빨리 깨달았으면……,빨리 깨달았으면……
dom3Rinka_M02.mes,Script/dom3Rinka_M02.mes,14,13,주인공,(サヤさんが凛花を……),(사야가 린카를……?),(사야가 린카를……?)
dom3Rinka_M02.mes,Script/dom3Rinka_M02.mes,15,6,[효과음/내레이션],ぎゅぅ……,꼬옥……,꼬옥……
dom3Rinka_M02.mes,Script/dom3Rinka_M02.mes,16,14,Saya,つらい時には甘えていいのよ,힘들 땐 응석 부려도 돼,힘들 땐 응석 부려도 돼
dom3Rinka_M02.mes,Script/dom3Rinka_M02.mes,17,16,Rinka,サ、サヤ……く、くるしいよ……,"사, 사야……다, 답답해……","사, 사야……다, 답답해……"
dom3Rinka_M02.mes,Script/dom3Rinka_M02.mes,18,25,주인공,(凛花、サヤさんの前では<6E5C>おとなしいんだな……),"(린카, 사야 씨 앞에서는<6E5C>얌전하구나……)","(린카, 사야 씨 앞에서는<6E5C>얌전하구나……)"
dom3Rinka_M02.mes,Script/dom3Rinka_M02.mes,19,37,주인공,きっとこんな夜中にするぐらい<6E5C>だから、人に閉かれたくないこと<6E5C>なんだろう,분명 이런 한밤중에 할 정도니<6E5C>남한테 들키고 싶지 않은<6E5C>얘기겠지,분명 이런 한밤중에 할 정도니<6E5C>남한테 들키고 싶지 않은<6E5C>얘기겠지
dom3Rinka_M02.mes,Script/dom3Rinka_M02.mes,20,6,주인공,行こう……,가자……,가자……
dom3Rinka_M03.mes,Script/dom3Rinka_M03.mes,0,5,[효과음/내레이션],トントン,똑똑,똑똑
dom3Rinka_M03.mes,Script/dom3Rinka_M03.mes,1,14,주인공,ん、お客さん?はいはいっと,"응, 손님? 네네~","응, 손님? 네네~"
dom3Rinka_M03.mes,Script/dom3Rinka_M03.mes,2,4,[효과음/내레이션],ガラッ,드르륵,드르륵
dom3Rinka_M03.mes,Script/dom3Rinka_M03.mes,3,22,주인공,……どうしたの、凛花ちゃん.<6E5C>こんな時間に,"……무슨 일이야, 린카짱.<6E5C>이런 시간에","……무슨 일이야, 린카짱.<6E5C>이런 시간에"
dom3Rinka_M03.mes,Script/dom3Rinka_M03.mes,4,16,Rinka,……これ、サヤが持って行けって,"……이거, 사야가 가져가랬어","……이거, 사야가 가져가랬어"
dom3Rinka_M03.mes,Script/dom3Rinka_M03.mes,5,11,주인공,わっ、すごいごちそう,"와, 진수성찬이네","와, 진수성찬이네"
dom3Rinka_M03.mes,Script/dom3Rinka_M03.mes,6,15,Iroha,まぁ、かわいいお客さんですね,"어머, 귀여운 손님이네요","어머, 귀여운 손님이네요"
dom3Rinka_M03.mes,Script/dom3Rinka_M03.mes,7,23,주인공,いろは、見て.<6E5C>すごいごちそう戴いちゃったよ,"이로하, 봐봐.<6E5C>엄청난 진수성찬 받았어","이로하, 봐봐.<6E5C>엄청난 진수성찬 받았어"
dom3Rinka_M03.mes,Script/dom3Rinka_M03.mes,8,10,Rinka,……じゃあ、帰るね,"……그럼, 갈게","……그럼, 갈게"
dom3Rinka_M03.mes,Script/dom3Rinka_M03.mes,9,43,주인공,待って.こんなにたくさんじゃ食べ<6E5C>切れないよ.凛花ちゃんもいっしょ<6E5C>に食べて行きなよ,기다려. 이렇게 많으면 다<6E5C>못 먹어. 린카짱도 같이<6E5C>먹고 가,기다려. 이렇게 많으면 다<6E5C>못 먹어. 린카짱도 같이<6E5C>먹고 가
dom3Rinka_M03.mes,Script/dom3Rinka_M03.mes,10,20,Iroha,そうしましょう!<6E5C>三人で晩ごはんです!,그렇게 해요!<6E5C>셋이서 저녁밥이에요!,그렇게 해요!<6E5C>셋이서 저녁밥이에요!
dom3Rinka_M03.mes,Script/dom3Rinka_M03.mes,11,5,Rinka,……うん,……응,……응
dom3Rinka_M03.mes,Script/dom3Rinka_M03.mes,12,31,주인공,(……ん?よく見ると、いびつな<6E5C>形をしてるなぁ.このおかず),(……응? 자세히 보니 삐뚤빼뚤한<6E5C>모양이네. 이 반찬),(……응? 자세히 보니 삐뚤빼뚤한<6E5C>모양이네. 이 반찬)
dom3Rinka_M03.mes,Script/dom3Rinka_M03.mes,13,29,주인공,(サヤさんが作ったって言ってた<6E5C>けど、ひょっとして……),"(사야 씨가 만들었다고 했는데,<6E5C>혹시……)","(사야 씨가 만들었다고 했는데,<6E5C>혹시……)"
dom3Rinka_M03.mes,Script/dom3Rinka_M03.mes,14,13,Iroha,では、いただきましょう!,"그럼, 잘 먹겠습니다!","그럼, 잘 먹겠습니다!"
dom3Rinka_M03.mes,Script/dom3Rinka_M03.mes,15,4,[효과음/내레이션],パクッ,냠,냠
dom3Rinka_M03.mes,Script/dom3Rinka_M03.mes,16,3,주인공,……,……,……
dom3Rinka_M03.mes,Script/dom3Rinka_M03.mes,17,8,Rinka,……ど、どう?,……어때?,……어때?
dom3Rinka_M03.mes,Script/dom3Rinka_M03.mes,18,11,[선택지],まずくはないうまいよ!,맛없진 않아\맛있어!,맛없진 않아\맛있어!
dom3Rinka_M03.mes,Script/dom3Rinka_M03.mes,19,26,주인공,う~ん、まずくはないけど、<6E5C>もうちょいってとこかな,"으~음, 맛없진 않은데,<6E5C>좀 아쉬운 정도랄까","으~음, 맛없진 않은데,<6E5C>좀 아쉬운 정도랄까"
dom3Rinka_M03.mes,Script/dom3Rinka_M03.mes,20,23,Rinka,そう…….<6E5C>あたし、サヤが待ってるから帰るね,"그래…….<6E5C>나, 사야가 기다리니까 갈게","그래…….<6E5C>나, 사야가 기다리니까 갈게"
dom3Rinka_M03.mes,Script/dom3Rinka_M03.mes,21,36,주인공,(あ……<6E5C>やっぱり凛花が作ったんだ.<6E5C>でも、なんでそんなことを……?),"(아……<6E5C>역시 린카가 만든 거였어.<6E5C>근데, 왜 그런 짓을……?)","(아……<6E5C>역시 린카가 만든 거였어.<6E5C>근데, 왜 그런 짓을……?)"
dom3Rinka_M03.mes,Script/dom3Rinka_M03.mes,22,9,주인공,うん、うまいよ!,"응, 맛있어!","응, 맛있어!"
dom3Rinka_M03.mes,Script/dom3Rinka_M03.mes,23,6,Rinka,ほんと!?,정말!?,정말!?
dom3Rinka_M03.mes,Script/dom3Rinka_M03.mes,24,20,주인공,(ははっ、やっぱり凛花が<6E5C>作ったんだ),"(하핫, 역시 린카가<6E5C>만든 거였어)","(하핫, 역시 린카가<6E5C>만든 거였어)"
dom3Rinka_M03.mes,Script/dom3Rinka_M03.mes,25,31,주인공,わざわざこんなことしなくても、<6E5C>素直に礼を言えばいいのに……,"굳이 안 해도,<6E5C>솔직히 고맙다면 될 텐데……","굳이 안 해도,<6E5C>솔직히 고맙다면 될 텐데……"
dom3Rinka_M03.mes,Script/dom3Rinka_M03.mes,26,42,Rinka,な、何言ってんだ?これはサヤが<6E5C>作ったんだ!頼まれたから持って<6E5C>きただけだからな!,"무, 무슨 소리야? 이건 사야가<6E5C>만든 거야! 부탁받아서<6E5C>가져왔을 뿐이라고!","무, 무슨 소리야? 이건 사야가<6E5C>만든 거야! 부탁받아서<6E5C>가져왔을 뿐이라고!"
dom3Rinka_M03.mes,Script/dom3Rinka_M03.mes,27,21,주인공,はいはい、そういうことにしといて<6E5C>やるよ,"네네, 그런 걸로 해<6E5C>줄게","네네, 그런 걸로 해<6E5C>줄게"
dom3Rinka_M04.mes,Script/dom3Rinka_M04.mes,0,6,주인공,なあ、凛花,저기 린카,저기 린카
dom3Rinka_M04.mes,Script/dom3Rinka_M04.mes,1,5,Rinka,なんだ?,왜?,왜?
dom3Rinka_M04.mes,Script/dom3Rinka_M04.mes,2,40,주인공,あの……前に強くなりたいって<6E5C>言ってたけど、強くなって<6E5C>どうするつもりなんだ?,"저기…… 전에 강해지고 싶다고<6E5C>했었잖아, 강해져서<6E5C>뭘 할 생각이야?","저기…… 전에 강해지고 싶다고<6E5C>했었잖아, 강해져서<6E5C>뭘 할 생각이야?"
dom3Rinka_M04.mes,Script/dom3Rinka_M04.mes,3,3,Rinka,……,……,……
dom3Rinka_M04.mes,Script/dom3Rinka_M04.mes,4,30,[선택지],守ってもらうのじゃ駄目なのか?まさか、侍をみんな斬るつもり?,지켜주면 안 되는 거야?\설마 다 벨 생각이야?,지켜주면 안 되는 거야?\설마 다 벨 생각이야?
dom3Rinka_M04.mes,Script/dom3Rinka_M04.mes,5,31,주인공,誰か強い人間に守ってもらうのじゃ<6E5C>駄目なのか?女の子なんだし,누군가 강한 사람이 지켜주면<6E5C>안 되는 거야? 여자애니까,누군가 강한 사람이 지켜주면<6E5C>안 되는 거야? 여자애니까
dom3Rinka_M04.mes,Script/dom3Rinka_M04.mes,6,11,Rinka,……それじゃ、ダメだ,"……그럼, 안 돼","……그럼, 안 돼"
dom3Rinka_M04.mes,Script/dom3Rinka_M04.mes,7,20,Rinka,そんなんじゃ、あたしは生きて<6E5C>いけない,"그래서야, 나는 살아갈<6E5C>수 없어","그래서야, 나는 살아갈<6E5C>수 없어"
dom3Rinka_M04.mes,Script/dom3Rinka_M04.mes,8,61,주인공,……でも、人はひとりでは生きて<6E5C>いけないんじゃないか?<485C>助け合うためなら、<6E5C>守ってもらうことがあって<6E5C>いいんじゃないかな,"……근데, 사람은 혼자선 살아<6E5C>갈 수 없잖아?<485C>서로 돕는 거면,<6E5C>지켜줌을 받아도<6E5C>괜찮지 않을까","……근데, 사람은 혼자선 살아<6E5C>갈 수 없잖아?<485C>서로 돕는 거면,<6E5C>지켜줌을 받아도<6E5C>괜찮지 않을까"
dom3Rinka_M04.mes,Script/dom3Rinka_M04.mes,9,11,주인공,俺なら凛花のこと……,나라면 린카를……,나라면 린카를……
dom3Rinka_M04.mes,Script/dom3Rinka_M04.mes,10,3,Rinka,え?,어?,어?
dom3Rinka_M04.mes,Script/dom3Rinka_M04.mes,11,16,주인공,……ご、ごめん.なんでもないよ,"……미안, 아무것도 아냐","……미안, 아무것도 아냐"
dom3Rinka_M04.mes,Script/dom3Rinka_M04.mes,12,11,Rinka,なんだ?変だぞ、<이름:3232>,"이상해, <이름:3232>","이상해, <이름:3232>"
dom3Rinka_M04.mes,Script/dom3Rinka_M04.mes,13,22,주인공,(……う~ん、俺は何を言おうと<6E5C>したんだ),"(……으음, 무슨 말을<6E5C>하려던 거지)","(……으음, 무슨 말을<6E5C>하려던 거지)"
dom3Rinka_M04.mes,Script/dom3Rinka_M04.mes,14,36,주인공,まさか誰よりも強くなって、<6E5C>侍をみんな斬ろうと思って<6E5C>いるんじゃ……?,"설마 누구보다도 강해져서,<6E5C>사무라이를 전부 베려고<6E5C>하는 건……?","설마 누구보다도 강해져서,<6E5C>사무라이를 전부 베려고<6E5C>하는 건……?"
dom3Rinka_M04.mes,Script/dom3Rinka_M04.mes,15,13,Rinka,……それができるならね!,……가능하다면 말이지!,……가능하다면 말이지!
dom3Rinka_M04.mes,Script/dom3Rinka_M04.mes,16,6,주인공,本当に!?,정말로!?,정말로!?
dom3Rinka_M04.mes,Script/dom3Rinka_M04.mes,17,29,Rinka,……なんてね.そんなことできる<6E5C>わけないじゃないか、バカ,"……라고 해봤어. 그런 게 가능할<6E5C>리 없잖아, 바보","……라고 해봤어. 그런 게 가능할<6E5C>리 없잖아, 바보"
dom3Rinka_M04.mes,Script/dom3Rinka_M04.mes,18,9,주인공,な、なんだぁ……,"뭐, 뭐야……","뭐, 뭐야……"
dom3Rinka_M04.mes,Script/dom3Rinka_M04.mes,19,23,주인공,(……で、結局どうするつもり<6E5C>なんだろう?),"(……그래서, 결국 어쩔<6E5C>생각인 걸까?)","(……그래서, 결국 어쩔<6E5C>생각인 걸까?)"
dom3Rinka_M05.mes,Script/dom3Rinka_M05.mes,0,25,주인공,(あ、凛花だ.<6E5C>ボーッと立って、どうしたんだ?),"(아, 린카다.<6E5C>멍하니 서서, 뭐지?)","(아, 린카다.<6E5C>멍하니 서서, 뭐지?)"
dom3Rinka_M05.mes,Script/dom3Rinka_M05.mes,1,7,Rinka,……父さ……,……아버……,……아버……
dom3Rinka_M05.mes,Script/dom3Rinka_M05.mes,2,3,[효과음/내레이션],タッ,타닥,타닥
dom3Rinka_M05.mes,Script/dom3Rinka_M05.mes,3,3,주인공,あっ,앗,앗
dom3Rinka_M05.mes,Script/dom3Rinka_M05.mes,4,10,[선택지],呼び止める追いかける,불러 세운다\쫓아간다,불러 세운다\쫓아간다
dom3Rinka_M05.mes,Script/dom3Rinka_M05.mes,5,13,주인공,おい、待てよ凛花!凛花!,"야, 기다려! 린카!","야, 기다려! 린카!"
dom3Rinka_M05.mes,Script/dom3Rinka_M05.mes,6,3,[효과음/내레이션],……,……,……
dom3Rinka_M05.mes,Script/dom3Rinka_M05.mes,7,40,주인공,……人ごみにまぎれて消えて<6E5C>しまった.あいつ、小さいから<6E5C>探しにくいんだよなぁ,"……인파에 섞여 사라져<6E5C>버렸네. 그 녀석, 작아서<6E5C>찾기 힘들단 말이지","……인파에 섞여 사라져<6E5C>버렸네. 그 녀석, 작아서<6E5C>찾기 힘들단 말이지"
dom3Rinka_M05.mes,Script/dom3Rinka_M05.mes,8,7,UNKNOWN_1e,なんだって?,뭐라고?,뭐라고?
dom3Rinka_M05.mes,Script/dom3Rinka_M05.mes,9,13,주인공,わぁ!凛花、いたのかよ!,"으악! 린카, 있었냐!","으악! 린카, 있었냐!"
dom3Rinka_M05.mes,Script/dom3Rinka_M05.mes,10,13,Rinka,誰がチビだ!<이름:3232>のバカ!,누가 꼬맹이!<이름:3232>바보!,누가 꼬맹이!<이름:3232>바보!
dom3Rinka_M05.mes,Script/dom3Rinka_M05.mes,11,4,[효과음/내레이션],バキッ,빠악,빠악
dom3Rinka_M05.mes,Script/dom3Rinka_M05.mes,12,16,주인공,いたっ!誰も、チビだなんて……,아야! 누가 꼬맹이라고……,아야! 누가 꼬맹이라고……
dom3Rinka_M05.mes,Script/dom3Rinka_M05.mes,13,11,주인공,(どこに行くんだ?),(어디 가?),(어디 가?)
dom3Rinka_M05.mes,Script/dom3Rinka_M05.mes,14,8,주인공,おい、凛花……,"야, 린카……","야, 린카……"
dom3Rinka_M05.mes,Script/dom3Rinka_M05.mes,15,7,Rinka,うるさいよ!,시끄러워!,시끄러워!
dom3Rinka_M05.mes,Script/dom3Rinka_M05.mes,16,16,주인공,突然走りだして、どうしたんだよ,"갑자기 뛰다니, 뭐야","갑자기 뛰다니, 뭐야"
dom3Rinka_M05.mes,Script/dom3Rinka_M05.mes,17,13,Rinka,……似てたんだ.後ろ姿が,……닮았었어. 뒷모습이,……닮았었어. 뒷모습이
dom3Rinka_M05.mes,Script/dom3Rinka_M05.mes,18,3,주인공,え?,어?,어?
dom3Rinka_M05.mes,Script/dom3Rinka_M05.mes,19,26,Rinka,もういないのに.<6E5C>死んでるって、わかってるのに……,이제 없는데.<6E5C>죽은 거 알고 있는데……,이제 없는데.<6E5C>죽은 거 알고 있는데……
dom3Rinka_M05.mes,Script/dom3Rinka_M05.mes,20,8,주인공,……お父さんか,……아버지구나,……아버지구나
dom3Rinka_M05.mes,Script/dom3Rinka_M05.mes,21,30,Rinka,父さんは、侍に殺されたんだ.<6E5C>母さんも、後を追うように……,아버진 사무라이한테 죽었어.<6E5C>어머니도 뒤따랐어……,아버진 사무라이한테 죽었어.<6E5C>어머니도 뒤따랐어……
dom3Rinka_M05.mes,Script/dom3Rinka_M05.mes,22,36,Rinka,あたしは立ち止まってなんか<6E5C>いれないんだ.<6E5C>父さんと母さんのために……,나는 멈춰 있을 수는<6E5C>없어.<6E5C>아버지랑 어머니를 위해서……,나는 멈춰 있을 수는<6E5C>없어.<6E5C>아버지랑 어머니를 위해서……
dom3Rinka_M05.mes,Script/dom3Rinka_M05.mes,23,3,[효과음/내레이션],タッ,타닥,타닥
dom3Rinka_M05.mes,Script/dom3Rinka_M05.mes,24,20,주인공,(あっ.<6E5C>……今度こそ行ってしまった),(앗.<6E5C>……이번엔 정말 가버렸네),(앗.<6E5C>……이번엔 정말 가버렸네)
dom3Rinka_M05.mes,Script/dom3Rinka_M05.mes,25,25,주인공,(侍に殺されたって……だから侍が<6E5C>嫌いなのか?),(사무라이한테 죽었다니…… 그래서<6E5C>싫은가?),(사무라이한테 죽었다니…… 그래서<6E5C>싫은가?)
dom3Rinka_M06.mes,Script/dom3Rinka_M06.mes,0,6,[효과음/내레이션],MER06,MER06,MER06
dom3Rinka_S01.mes,Script/dom3Rinka_S01.mes,0,7,UNKNOWN_1e,おい、あんた,"야, 너","야, 너"
dom3Rinka_S01.mes,Script/dom3Rinka_S01.mes,1,7,주인공,あ、君は……,"아, 넌…","아, 넌…"
dom3Rinka_S01.mes,Script/dom3Rinka_S01.mes,2,15,Rinka,あんた、まだこの町にいたんだ,"너, 아직 마을에 있었네","너, 아직 마을에 있었네"
dom3Rinka_S01.mes,Script/dom3Rinka_S01.mes,3,16,주인공,まあ、しばらくは滞在しようかと,"뭐, 당분간은 머물까 해서","뭐, 당분간은 머물까 해서"
dom3Rinka_S01.mes,Script/dom3Rinka_S01.mes,4,29,Rinka,この町は、あんたみたいな侍がいて<6E5C>いいところじゃないんだ,"이 마을은, 너 같은 사무라이<6E5C>있을 곳 아니야","이 마을은, 너 같은 사무라이<6E5C>있을 곳 아니야"
dom3Rinka_S01.mes,Script/dom3Rinka_S01.mes,5,5,주인공,……え?,……어?,……어?
dom3Rinka_S01.mes,Script/dom3Rinka_S01.mes,6,15,Rinka,わかったらさっさと出ていきな,알았으면 얼른 나가,알았으면 얼른 나가
dom3Rinka_S01.mes,Script/dom3Rinka_S01.mes,7,4,[효과음/내레이션],タタッ,타다닥,타다닥
dom3Rinka_S01.mes,Script/dom3Rinka_S01.mes,8,11,주인공,ちょ、ちょっと待てよ,"자, 잠깐 기다려","자, 잠깐 기다려"
dom3Rinka_S01.mes,Script/dom3Rinka_S01.mes,9,42,주인공,……行ってしまった.この前も<6E5C>侍がどうとか言ってたな…….<6E5C>嫌われているのかな、俺,"……가버렸네. 지난번에도<6E5C>사무라이가 어쩌고 했었지…….<6E5C>미움받는 건가, 나","……가버렸네. 지난번에도<6E5C>사무라이가 어쩌고 했었지…….<6E5C>미움받는 건가, 나"
dom3Rinka_S02.mes,Script/dom3Rinka_S02.mes,0,17,주인공,たまには剣の稽古でもするかな……,가끔은 검술 수련이나 할까……,가끔은 검술 수련이나 할까……
dom3Rinka_S02.mes,Script/dom3Rinka_S02.mes,1,14,UNKNOWN_1e,あんた、この道場に何の用?,"너, 여긴 무슨 일?","너, 여긴 무슨 일?"
dom3Rinka_S02.mes,Script/dom3Rinka_S02.mes,2,22,주인공,凛花ちゃん.君もこの道場に<6E5C>通っているの?,린카짱. 너도 이 도장에<6E5C>다니는 거야?,린카짱. 너도 이 도장에<6E5C>다니는 거야?
dom3Rinka_S02.mes,Script/dom3Rinka_S02.mes,3,13,Rinka,な、なれなれしく呼ぶな!,"치, 친하게 부르지마!","치, 친하게 부르지마!"
dom3Rinka_S02.mes,Script/dom3Rinka_S02.mes,4,47,주인공,そんなに怒らなくても.俺はただ、<6E5C>あまり君みたいな子が刀を振り回す<6E5C>のはどうかと思っただけで,그렇게 화낼 것까지야.난 그냥<6E5C>너 같은 애가 검을 휘두르는 게<6E5C>어떨까 싶었을 뿐이야,그렇게 화낼 것까지야.난 그냥<6E5C>너 같은 애가 검을 휘두르는 게<6E5C>어떨까 싶었을 뿐이야
dom3Rinka_S02.mes,Script/dom3Rinka_S02.mes,5,43,Rinka,うるさい!あんたに何がわかる.<6E5C>文句があったら抜けっ!<6E5C>それとも、その腰の物は飾り?,시끄러워!네가 뭘 안다고.<6E5C>불만있으면 뽑아!<6E5C>아니면 허리에 찬 건 장식이냐?,시끄러워!네가 뭘 안다고.<6E5C>불만있으면 뽑아!<6E5C>아니면 허리에 찬 건 장식이냐?
dom3Rinka_S02.mes,Script/dom3Rinka_S02.mes,6,25,주인공,ま、まいったな.<6E5C>子供相手に刀を抜くわけには……,이거 곤란한데.<6E5C>애 상대로 칼 뽑을 수는……,이거 곤란한데.<6E5C>애 상대로 칼 뽑을 수는……
dom3Rinka_S02.mes,Script/dom3Rinka_S02.mes,7,20,Rinka,おいっ!<6E5C>あたしはこれでも十六だっ!!,야!<6E5C>나 이래봬도 열여섯이라고!!,야!<6E5C>나 이래봬도 열여섯이라고!!
dom3Rinka_S02.mes,Script/dom3Rinka_S02.mes,8,9,주인공,そ、そうなの!?,"그, 그래!?","그, 그래!?"
dom3Rinka_S02.mes,Script/dom3Rinka_S02.mes,9,7,UNKNOWN_7a,ヂッ、ヂュウ,"찍, 찌익","찍, 찌익"
dom3Rinka_S02.mes,Script/dom3Rinka_S02.mes,10,5,[효과음/내레이션],ピョンッ,폴짝,폴짝
dom3Rinka_S02.mes,Script/dom3Rinka_S02.mes,11,7,Rinka,て、鉄之介っ,테츠노스케!,테츠노스케!
dom3Rinka_S02.mes,Script/dom3Rinka_S02.mes,12,12,주인공,わっ、あのときのネズミ,"왓, 그때 그 쥐다","왓, 그때 그 쥐다"
dom3Rinka_S02.mes,Script/dom3Rinka_S02.mes,13,12,Rinka,ダメっ、鉄之介、戻って,"안돼,테츠노스케돌아와","안돼,테츠노스케돌아와"
dom3Rinka_S02.mes,Script/dom3Rinka_S02.mes,14,3,[효과음/내레이션],タッ,탓,탓
dom3Rinka_S02.mes,Script/dom3Rinka_S02.mes,15,30,주인공,追いかけて行ってしまった…….<6E5C>はは、ネズミに助けられたな,"쫓아가 버렸네…….<6E5C>하하, 쥐한테 도움 받았네","쫓아가 버렸네…….<6E5C>하하, 쥐한테 도움 받았네"
dom3Rinka_S02.mes,Script/dom3Rinka_S02.mes,16,19,주인공,(あ、凛花がひとりで稽古している<6E5C>),(린카가 혼자 수련하고 있네<6E5C>),(린카가 혼자 수련하고 있네<6E5C>)
dom3Rinka_S02.mes,Script/dom3Rinka_S02.mes,17,27,주인공,(……小さい体なのに、<6E5C>重そうな木刀を使っているな),"(……작은 몸인데,<6E5C>무거운 목검을 쓰고 있네)","(……작은 몸인데,<6E5C>무거운 목검을 쓰고 있네)"
dom3Rinka_S02.mes,Script/dom3Rinka_S02.mes,18,43,주인공,(変わった太刀筋だけど、<6E5C>型はきれいだ.けっこういい線<6E5C>いってるんじゃないだろうか),"(독특한 칼놀림이지만,<6E5C>품새는 깔끔하네.꽤 괜찮은 실력<6E5C>인 거 같은데)","(독특한 칼놀림이지만,<6E5C>품새는 깔끔하네.꽤 괜찮은 실력<6E5C>인 거 같은데)"
dom3Rinka_S02.mes,Script/dom3Rinka_S02.mes,19,8,Rinka,あ、あんた……,"너, 너……","너, 너……"
dom3Rinka_S02.mes,Script/dom3Rinka_S02.mes,20,13,주인공,(見つかってしまった!),(들켜버렸다!),(들켜버렸다!)
dom3Rinka_S02.mes,Script/dom3Rinka_S02.mes,21,3,Rinka,……,……,……
dom3Rinka_S02.mes,Script/dom3Rinka_S02.mes,22,8,주인공,……こんにちは,……안녕,……안녕
dom3Rinka_S02.mes,Script/dom3Rinka_S02.mes,23,4,[효과음/내레이션],ふらっ,휘청,휘청
dom3Rinka_S02.mes,Script/dom3Rinka_S02.mes,24,3,주인공,あっ,앗,앗
dom3Rinka_S02.mes,Script/dom3Rinka_S02.mes,25,53,주인공,ふらふらしながら、<6E5C>行ってしまった<485C>そんなに疲れるまで稽古する<6E5C>なんて、そこまで強くなりたい<6E5C>のか……?,"비틀거리며,<6E5C>가버렸다<485C>그렇게 지칠 때까지 수련하다니,<6E5C>그렇게까지 강해지고<6E5C>싶은 걸까……?","비틀거리며,<6E5C>가버렸다<485C>그렇게 지칠 때까지 수련하다니,<6E5C>그렇게까지 강해지고<6E5C>싶은 걸까……?"
dom3Rinka_S03.mes,Script/dom3Rinka_S03.mes,0,15,주인공,凛花ちゃんは来てるかな……?,린카는 와 있으려나……?,린카는 와 있으려나……?
dom3Rinka_S03.mes,Script/dom3Rinka_S03.mes,1,10,UNKNOWN_12,2あの、すいません,"2저, 죄송한데요","2저, 죄송한데요"
dom3Rinka_S03.mes,Script/dom3Rinka_S03.mes,2,11,주인공,え、あ、なんですか?,"어, 아, 뭐죠?","어, 아, 뭐죠?"
dom3Rinka_S03.mes,Script/dom3Rinka_S03.mes,3,22,UNKNOWN_2a,2お手隙でしたら手合わせお願い<6E5C>できますか,2시간 괜찮으시면 대련<6E5C>부탁드려도될까요,2시간 괜찮으시면 대련<6E5C>부탁드려도될까요
dom3Rinka_S03.mes,Script/dom3Rinka_S03.mes,4,9,주인공,あぁ、いいですよ,"아, 좋아요","아, 좋아요"
dom3Rinka_S03.mes,Script/dom3Rinka_S03.mes,5,24,UNKNOWN_2e,2わたくし、鈴木と申す.<6E5C>よろしくお願いします,2저는 스즈키라고 합니다.<6E5C>잘 부탁드립니다,2저는 스즈키라고 합니다.<6E5C>잘 부탁드립니다
dom3Rinka_S03.mes,Script/dom3Rinka_S03.mes,6,14,주인공,(……バカ丁寧な人だなぁ),(……되게딱딱한사람이네),(……되게딱딱한사람이네)
dom3Rinka_S03.mes,Script/dom3Rinka_S03.mes,7,14,주인공,はい、よろしくお願いします,"네, 잘 부탁드립니다","네, 잘 부탁드립니다"
dom3Rinka_S03.mes,Script/dom3Rinka_S03.mes,8,13,[효과음/내레이션],いざ尋常に……<6E5C>寺勝負!,이제 시작……<6E5C>승부!,이제 시작……<6E5C>승부!
dom3Rinka_S03.mes,Script/dom3Rinka_S03.mes,9,4,[효과음/내레이션],バキッ,퍽,퍽
dom3Rinka_S03.mes,Script/dom3Rinka_S03.mes,10,7,UNKNOWN_0c,2あいたっ!,2아얏!,2아얏!
dom3Rinka_S03.mes,Script/dom3Rinka_S03.mes,11,17,주인공,(しまった、やりすぎちゃったか),"(아차, 너무 심했나)","(아차, 너무 심했나)"
dom3Rinka_S03.mes,Script/dom3Rinka_S03.mes,12,9,주인공,大丈夫ですか!?,괜찮으세요!?,괜찮으세요!?
dom3Rinka_S03.mes,Script/dom3Rinka_S03.mes,13,9,UNKNOWN_10,2こ、降参ですっ,"2하,항복입니다","2하,항복입니다"
dom3Rinka_S03.mes,Script/dom3Rinka_S03.mes,14,17,UNKNOWN_1e,……あんた、本当に強かったんだ ,"……너, 진짜 강했구나","……너, 진짜 강했구나"
dom3Rinka_S03.mes,Script/dom3Rinka_S03.mes,15,12,주인공,凛花ちゃん、見てたんだ,"린카, 보고 있었구나","린카, 보고 있었구나"
dom3Rinka_S03.mes,Script/dom3Rinka_S03.mes,16,49,Rinka,……ふ、ふん.少しぐらい強いから<6E5C>って、いい気になるんじゃないよ.<6E5C>侍なんて、みんないっしょさっ,"……흥, 흥.조금 강하다고<6E5C>우쭐대지 마.<6E5C>사무라이 놈들은 다 똑같으니까","……흥, 흥.조금 강하다고<6E5C>우쭐대지 마.<6E5C>사무라이 놈들은 다 똑같으니까"
dom3Rinka_S03.mes,Script/dom3Rinka_S03.mes,17,3,[효과음/내레이션],タッ,탓,탓
dom3Rinka_S03.mes,Script/dom3Rinka_S03.mes,18,20,주인공,う~ん.<6E5C>やっぱり嫌われてるのかな.俺,으~음.<6E5C>역시 미움받고 있나.나,으~음.<6E5C>역시 미움받고 있나.나
dom3Rinka_S04.mes,Script/dom3Rinka_S04.mes,0,28,주인공,(あれ、凛花だ.こんなところで<6E5C>何をしているんだろう),"(어라, 린카다.이런 곳에서<6E5C>뭘 하고 있는 거지)","(어라, 린카다.이런 곳에서<6E5C>뭘 하고 있는 거지)"
dom3Rinka_S04.mes,Script/dom3Rinka_S04.mes,1,3,Rinka,……,……,……
dom3Rinka_S04.mes,Script/dom3Rinka_S04.mes,2,4,UNKNOWN_7a,ヂウ~,찌이~,찌이~
dom3Rinka_S04.mes,Script/dom3Rinka_S04.mes,3,5,[효과음/내레이션],すりすり,비비적,비비적
dom3Rinka_S04.mes,Script/dom3Rinka_S04.mes,4,21,Rinka,……なぐさめてくれてるんだね.<6E5C>ありがと,……위로해주는 거구나.<6E5C>고마워,……위로해주는 거구나.<6E5C>고마워
dom3Rinka_S04.mes,Script/dom3Rinka_S04.mes,5,4,UNKNOWN_7a,ヂゥッ,찍!,찍!
dom3Rinka_S04.mes,Script/dom3Rinka_S04.mes,6,56,주인공,(ネズミと何か話してる<6E5C>みたいだ……)<485C>(鉄之介の前ではあんな<6E5C>表情もするのか.<6E5C>いつもいっしょだもんな……),(쥐랑 뭔가 얘기하는<6E5C>것같네……)<485C>(테츠노스케 앞에선 저런<6E5C>표정도 짓는구나.<6E5C>늘 같이 있으니까……),(쥐랑 뭔가 얘기하는<6E5C>것같네……)<485C>(테츠노스케 앞에선 저런<6E5C>표정도 짓는구나.<6E5C>늘 같이 있으니까……)
dom3Rinka_S04.mes,Script/dom3Rinka_S04.mes,7,4,UNKNOWN_7a,ヂッ!,찍!,찍!
dom3Rinka_S04.mes,Script/dom3Rinka_S04.mes,8,8,Rinka,あっ、鉄之介っ,테츠노스케!,테츠노스케!
dom3Rinka_S04.mes,Script/dom3Rinka_S04.mes,9,5,[효과음/내레이션],ピョイン,폴짝,폴짝
dom3Rinka_S04.mes,Script/dom3Rinka_S04.mes,10,9,주인공,うわっ!鉄之介!,우왓!테츠노스케,우왓!테츠노스케
dom3Rinka_S04.mes,Script/dom3Rinka_S04.mes,11,5,UNKNOWN_7a,ヂッヂッ,찍찍,찍찍
dom3Rinka_S04.mes,Script/dom3Rinka_S04.mes,12,26,Rinka,ああ、ダメだよ、鉄之介!<6E5C>そんな奴になついちゃ……,"아, 안돼, 그런 녀석한테<6E5C>따르면……","아, 안돼, 그런 녀석한테<6E5C>따르면……"
dom3Rinka_S04.mes,Script/dom3Rinka_S04.mes,13,7,[효과음/내레이션],ごそごそごそ,부스럭부스럭,부스럭부스럭
dom3Rinka_S04.mes,Script/dom3Rinka_S04.mes,14,32,주인공,あ、もしかしてこれかな.<6E5C>森で拾った木の実.<6E5C>ほしいならやるよ,이거 때문인가.<6E5C>숲에서 주운 열매.<6E5C>갖고싶으면 줄게,이거 때문인가.<6E5C>숲에서 주운 열매.<6E5C>갖고싶으면 줄게
dom3Rinka_S04.mes,Script/dom3Rinka_S04.mes,15,5,UNKNOWN_7a,ヂヂヂ~,찌찌찌~,찌찌찌~
dom3Rinka_S04.mes,Script/dom3Rinka_S04.mes,16,10,Rinka,こ、こらっ!鉄之介,이놈아!테츠노스케,이놈아!테츠노스케
dom3Rinka_S04.mes,Script/dom3Rinka_S04.mes,17,24,Rinka,……食べ物で釣るなんて汚い奴だ.<6E5C>この卑怯者!,……먹을 걸로 꾀다니 치사한 놈.<6E5C>비겁자!,……먹을 걸로 꾀다니 치사한 놈.<6E5C>비겁자!
dom3Rinka_S04.mes,Script/dom3Rinka_S04.mes,18,3,[효과음/내레이션],タッ,탓,탓
dom3Rinka_S04.mes,Script/dom3Rinka_S04.mes,19,6,UNKNOWN_7a,ヂュウー…,찌익~…,찌익~…
dom3Rinka_S04.mes,Script/dom3Rinka_S04.mes,20,16,주인공,うう、また怒らせてしまった……,"으으, 또 화나게 했네……","으으, 또 화나게 했네……"
dom3Rinka_S05.mes,Script/dom3Rinka_S05.mes,0,14,주인공,さぁて、今日も稽古するかな,"자, 오늘도 수련할까","자, 오늘도 수련할까"
dom3Rinka_S05.mes,Script/dom3Rinka_S05.mes,1,26,UNKNOWN_1e,あんたみたいなのが、<6E5C>この神聖な道場になんの用だ!,"너 같은 게, 신성한<6E5C>도장에 무슨 볼일이냐!","너 같은 게, 신성한<6E5C>도장에 무슨 볼일이냐!"
dom3Rinka_S05.mes,Script/dom3Rinka_S05.mes,2,7,주인공,な、なんだ?,"뭐, 뭐야?","뭐, 뭐야?"
dom3Rinka_S05.mes,Script/dom3Rinka_S05.mes,3,22,UNKNOWN_74,テメェ、いつかのナマイキな<6E5C>ガキじゃねぇか,"너, 언젠가 그 건방진<6E5C>꼬맹이 아니냐","너, 언젠가 그 건방진<6E5C>꼬맹이 아니냐"
dom3Rinka_S05.mes,Script/dom3Rinka_S05.mes,4,24,주인공,(うわぁ、この組み合わせは<6E5C>ちょっとまずいぞ),"(우와, 이 조합은<6E5C>좀 곤란한데)","(우와, 이 조합은<6E5C>좀 곤란한데)"
dom3Rinka_S05.mes,Script/dom3Rinka_S05.mes,5,13,Rinka,あたしはガキじゃないっ!,난 꼬맹이 아니야!,난 꼬맹이 아니야!
dom3Rinka_S05.mes,Script/dom3Rinka_S05.mes,6,25,UNKNOWN_74,ピーピーうるせぇんだよ.<6E5C>やっちまうぞ、コラァ!,"삑삑거려서 시끄럽구만.<6E5C>혼내주마, 자식아!","삑삑거려서 시끄럽구만.<6E5C>혼내주마, 자식아!"
dom3Rinka_S05.mes,Script/dom3Rinka_S05.mes,7,5,UNKNOWN_7a,ヂッッ!,찍!!,찍!!
dom3Rinka_S05.mes,Script/dom3Rinka_S05.mes,8,9,Rinka,ダメッ、鉄之介っ,"안돼,테츠노스케","안돼,테츠노스케"
dom3Rinka_S05.mes,Script/dom3Rinka_S05.mes,9,5,[효과음/내레이션],ピョイン,폴짝,폴짝
dom3Rinka_S05.mes,Script/dom3Rinka_S05.mes,10,4,[효과음/내레이션],ガシッ,덥석,덥석
dom3Rinka_S05.mes,Script/dom3Rinka_S05.mes,11,13,UNKNOWN_74,なんだぁ、このネズミは?,"뭐야, 이 쥐새끼는?","뭐야, 이 쥐새끼는?"
dom3Rinka_S05.mes,Script/dom3Rinka_S05.mes,12,6,UNKNOWN_7a,ヂー、ヂー,"찍, 찍","찍, 찍"
dom3Rinka_S05.mes,Script/dom3Rinka_S05.mes,13,8,Rinka,鉄之介を返せっ,테츠노스케내놔,테츠노스케내놔
dom3Rinka_S05.mes,Script/dom3Rinka_S05.mes,14,24,UNKNOWN_74,取れるもんなら取ってみろよ、チビ<6E5C>.ホレホレ~,"뺏을 수 있으면 뺏어봐라<6E5C>.자, 자~","뺏을 수 있으면 뺏어봐라<6E5C>.자, 자~"
dom3Rinka_S05.mes,Script/dom3Rinka_S05.mes,15,5,Rinka,くっ……,큭……,큭……
dom3Rinka_S05.mes,Script/dom3Rinka_S05.mes,16,13,주인공,もうその辺で返してやれよ,이제 그쯤에서 돌려줘라,이제 그쯤에서 돌려줘라
dom3Rinka_S05.mes,Script/dom3Rinka_S05.mes,17,6,Rinka,あんた……,너……,너……
dom3Rinka_S05.mes,Script/dom3Rinka_S05.mes,18,6,UNKNOWN_74,テメェ……,자식……,자식……
dom3Rinka_S05.mes,Script/dom3Rinka_S05.mes,19,35,UNKNOWN_74,まあ、いいぜ.こんなネズミ<6E5C>いじめてもしょうがないしな.<6E5C>ほらよっと,"뭐, 됐다.이런 쥐새끼<6E5C>괴롭혀봤자 소용없지.<6E5C>자, 받아라","뭐, 됐다.이런 쥐새끼<6E5C>괴롭혀봤자 소용없지.<6E5C>자, 받아라"
dom3Rinka_S05.mes,Script/dom3Rinka_S05.mes,20,4,[효과음/내레이션],ヒョイ,휙,휙
dom3Rinka_S05.mes,Script/dom3Rinka_S05.mes,21,8,Rinka,あっ、鉄之介!,테츠노스케!,테츠노스케!
dom3Rinka_S05.mes,Script/dom3Rinka_S05.mes,22,4,UNKNOWN_7a,ヂッ!,찍!,찍!
dom3Rinka_S05.mes,Script/dom3Rinka_S05.mes,23,20,UNKNOWN_74,テメェとは、<6E5C>いつか決着つけてやるぜ!,"너랑은,<6E5C>언젠가 결판을 내주마!","너랑은,<6E5C>언젠가 결판을 내주마!"
dom3Rinka_S05.mes,Script/dom3Rinka_S05.mes,24,3,[효과음/내레이션],ダッ,탓,탓
dom3Rinka_S05.mes,Script/dom3Rinka_S05.mes,25,15,Rinka,鉄之介……よかったぁ、無事で,"테츠노스케, 무사해서 다행","테츠노스케, 무사해서 다행"
dom3Rinka_S05.mes,Script/dom3Rinka_S05.mes,26,3,UNKNOWN_7a,ヂ~,찌~,찌~
dom3Rinka_S05.mes,Script/dom3Rinka_S05.mes,27,20,주인공,(やれやれ、<6E5C>大事なのはネズミだけか),"(어휴,<6E5C>소중한 건 쥐뿐인가)","(어휴,<6E5C>소중한 건 쥐뿐인가)"
dom3Rinka_S06.mes,Script/dom3Rinka_S06.mes,0,34,주인공,(今日も何かに取り憑かれたように<6E5C>、木刀を振っているな、凛花……),"(오늘도 뭔가에 홀린 듯<6E5C>목검을 휘두르고 있네, 린카……)","(오늘도 뭔가에 홀린 듯<6E5C>목검을 휘두르고 있네, 린카……)"
dom3Rinka_S06.mes,Script/dom3Rinka_S06.mes,1,7,Rinka,ハァハァ……,하아하아……,하아하아……
dom3Rinka_S06.mes,Script/dom3Rinka_S06.mes,2,43,주인공,そんなになるまで稽古しなくて<6E5C>も…….凛花ちゃんは他に<6E5C>やりたいこととかないのかい?,그렇게 될 때까지 수련 안 해도<6E5C>…….다른 하고<6E5C>싶은 일 없어?,그렇게 될 때까지 수련 안 해도<6E5C>…….다른 하고<6E5C>싶은 일 없어?
dom3Rinka_S06.mes,Script/dom3Rinka_S06.mes,3,14,Rinka,……うるさい.あたしは……,……시끄러워.난……,……시끄러워.난……
dom3Rinka_S06.mes,Script/dom3Rinka_S06.mes,4,46,Rinka,あたしは、こうやって生きていく<6E5C>しかないんだ.強くなるんだ.<6E5C>父さんや母さんのためにも……,"난, 이렇게 살아갈<6E5C>수밖에 없어.강해질 거야.<6E5C>아버지랑 어머니를 위해서라도……","난, 이렇게 살아갈<6E5C>수밖에 없어.강해질 거야.<6E5C>아버지랑 어머니를 위해서라도……"
dom3Rinka_S06.mes,Script/dom3Rinka_S06.mes,5,39,주인공,父さんや母さんのため?<6E5C>娘がふらふらになるまで稽古を<6E5C>望む親なんて、いないよ,부모님을 위해서?<6E5C>딸이 쓰러질 때까지 수련하길<6E5C>바라는 부모는 없어,부모님을 위해서?<6E5C>딸이 쓰러질 때까지 수련하길<6E5C>바라는 부모는 없어
dom3Rinka_S06.mes,Script/dom3Rinka_S06.mes,6,23,Rinka,何も知らない侍が、<6E5C>知ったような口をきくな!,뭣도 모르는 사무라이가<6E5C>아는 척하지 마!,뭣도 모르는 사무라이가<6E5C>아는 척하지 마!
dom3Rinka_S06.mes,Script/dom3Rinka_S06.mes,7,3,[효과음/내레이션],ダッ,탓,탓
dom3Rinka_S06.mes,Script/dom3Rinka_S06.mes,8,31,주인공,(……どうしてそんな無理をするん<6E5C>だ.両親に何かあるのか?),(……왜 저리 무리하는<6E5C>거지.부모님께 무슨 일 있나?),(……왜 저리 무리하는<6E5C>거지.부모님께 무슨 일 있나?)
dom3Rinka_S06.mes,Script/dom3Rinka_S06.mes,9,11,주인공,(あ、覇王丸さんだ),(하오마루 씨다),(하오마루 씨다)
dom3Rinka_S06.mes,Script/dom3Rinka_S06.mes,10,13,UNKNOWN_75,おっ、今日もやってるねぇ,"오, 오늘도 하는구나","오, 오늘도 하는구나"
dom3Rinka_S06.mes,Script/dom3Rinka_S06.mes,11,7,Rinka,……何か用?,…뭔 일?,…뭔 일?
dom3Rinka_S06.mes,Script/dom3Rinka_S06.mes,12,48,UNKNOWN_75,こりゃ、ごあいさつだな.これでも<6E5C>一応ここの指南役だからな、ちゃん<6E5C>と稽古してるか見にきたんだ,"거참, 인사가 그게 뭐냐.이래봬도<6E5C>여기 지도역이라, 잘<6E5C>수련하나 보러 왔다","거참, 인사가 그게 뭐냐.이래봬도<6E5C>여기 지도역이라, 잘<6E5C>수련하나 보러 왔다"
dom3Rinka_S06.mes,Script/dom3Rinka_S06.mes,13,22,Rinka,ふん.侍なんかに見られても、<6E5C>嬉しくないよ,"흥.사무라이한테 보여도,<6E5C>기쁘지 않아","흥.사무라이한테 보여도,<6E5C>기쁘지 않아"
dom3Rinka_S06.mes,Script/dom3Rinka_S06.mes,14,13,UNKNOWN_75,相変わらずの侍嫌いだなぁ,여전히사무라이가싫구나,여전히사무라이가싫구나
dom3Rinka_S06.mes,Script/dom3Rinka_S06.mes,15,27,Rinka,侍なんて、弱い者にしか刀を<6E5C>抜けない腰抜けばっかりだ,"사무라이는, 약자한테만 칼을<6E5C>뽑는 겁쟁이들뿐이야","사무라이는, 약자한테만 칼을<6E5C>뽑는 겁쟁이들뿐이야"
dom3Rinka_S06.mes,Script/dom3Rinka_S06.mes,16,37,UNKNOWN_75,ふむ.<6E5C>まあ、侍の本分は命のやり取りだか<6E5C>らな.そういう奴も中にはいるさ,흠.<6E5C>사무라이 본분은 목숨을<6E5C>주고받는 거니까.그런 놈도 있지,흠.<6E5C>사무라이 본분은 목숨을<6E5C>주고받는 거니까.그런 놈도 있지
dom3Rinka_S06.mes,Script/dom3Rinka_S06.mes,17,31,UNKNOWN_75,でも、そんな奴ばかりじゃないと<6E5C>思うぜ.例えば、そいつとかな,"근데, 다 그런건<6E5C>아니라고 봐.예를 들면, 저놈이라든가","근데, 다 그런건<6E5C>아니라고 봐.예를 들면, 저놈이라든가"
dom3Rinka_S06.mes,Script/dom3Rinka_S06.mes,18,8,주인공,ええっ、俺!?,"네, 저요!?","네, 저요!?"
dom3Rinka_S06.mes,Script/dom3Rinka_S06.mes,19,7,Rinka,あ、あんた!,"너, 너!","너, 너!"
dom3Rinka_S06.mes,Script/dom3Rinka_S06.mes,20,32,UNKNOWN_75,俺は嫌われてるみたいだし、お前に<6E5C>頼むぜ.侍の魂、教えてやんな,"난 미움받으니, 네게<6E5C>맡기마.사무라이 혼 가르쳐줘라","난 미움받으니, 네게<6E5C>맡기마.사무라이 혼 가르쳐줘라"
dom3Rinka_S06.mes,Script/dom3Rinka_S06.mes,21,3,[효과음/내레이션],タッ,탓,탓
dom3Rinka_S06.mes,Script/dom3Rinka_S06.mes,22,10,주인공,は、覇王丸さ~ん!,"하,하오마루 씨!","하,하오마루 씨!"
dom3Rinka_S06.mes,Script/dom3Rinka_S06.mes,23,3,Rinka,……,……,……
dom3Rinka_S06.mes,Script/dom3Rinka_S06.mes,24,8,주인공,……え、えっと,"……저, 저기","……저, 저기"
dom3Rinka_S06.mes,Script/dom3Rinka_S06.mes,25,6,Rinka,……ふんっ,……흥,……흥
dom3Rinka_S06.mes,Script/dom3Rinka_S06.mes,26,4,[효과음/내레이션],タタッ,타타닥,타타닥
dom3Rinka_S06.mes,Script/dom3Rinka_S06.mes,27,7,주인공,……なんだ?,……뭐야?,……뭐야?
dom3Rinka_S07.mes,Script/dom3Rinka_S07.mes,0,17,주인공,あれ.命さん、どうしたんですか?,"어라.미코토씨,무슨 일이세요?","어라.미코토씨,무슨 일이세요?"
dom3Rinka_S07.mes,Script/dom3Rinka_S07.mes,1,16,Mikoto,覇王丸おじ様に、お届け物を……,하오마루 아저씨께 물건을……,하오마루 아저씨께 물건을……
dom3Rinka_S07.mes,Script/dom3Rinka_S07.mes,2,14,주인공,病気の命さんにおつかいを?,아픈미코토씨한테심부름?,아픈미코토씨한테심부름?
dom3Rinka_S07.mes,Script/dom3Rinka_S07.mes,3,35,UNKNOWN_75,おう、命.悪かったな.<6E5C>たくっ、骸羅か師匠が持って来れば<6E5C>いいものを,"오, 미코토.미안하다.<6E5C>쯧, 가이라나 사부가 갖고 오면<6E5C>될걸","오, 미코토.미안하다.<6E5C>쯧, 가이라나 사부가 갖고 오면<6E5C>될걸"
dom3Rinka_S07.mes,Script/dom3Rinka_S07.mes,4,28,Mikoto,そんな、これくらいなら、<6E5C>わたくしにだってできます……,"그런,이 정도라면,<6E5C>저도 할 수 있어요……","그런,이 정도라면,<6E5C>저도 할 수 있어요……"
dom3Rinka_S07.mes,Script/dom3Rinka_S07.mes,5,13,UNKNOWN_75,帰ったら、すぐ休むんだぞ,"돌아가면, 바로 쉬어라","돌아가면, 바로 쉬어라"
dom3Rinka_S07.mes,Script/dom3Rinka_S07.mes,6,19,주인공,命さん、<6E5C>気をつけて帰ってくださいね,"미코토 씨,<6E5C>조심히 돌아가세요","미코토 씨,<6E5C>조심히 돌아가세요"
dom3Rinka_S07.mes,Script/dom3Rinka_S07.mes,7,7,Mikoto,は、はい……,"네, 네……","네, 네……"
dom3Rinka_S07.mes,Script/dom3Rinka_S07.mes,8,3,[효과음/내레이션],タッ,탓,탓
dom3Rinka_S07.mes,Script/dom3Rinka_S07.mes,9,17,UNKNOWN_1e,ふ~ん、ああいう女の子がいいんだ,"흐~응,저런 애가 좋은 거구나","흐~응,저런 애가 좋은 거구나"
dom3Rinka_S07.mes,Script/dom3Rinka_S07.mes,10,19,주인공,……凛花.<6E5C>別にそういうわけでは……,……린카.딱히 그런 건 아니고……,……린카.딱히 그런 건 아니고……
dom3Rinka_S07.mes,Script/dom3Rinka_S07.mes,11,34,Rinka,ああやって、<6E5C>みんなに守られてる人間はいいよ.<6E5C>でもあたしには……,"저렇게,<6E5C>다들 지켜주는 사람은 좋겠네.<6E5C>근데 나는……","저렇게,<6E5C>다들 지켜주는 사람은 좋겠네.<6E5C>근데 나는……"
dom3Rinka_S07.mes,Script/dom3Rinka_S07.mes,12,28,주인공,凛花だって守られたら<6E5C>いいじゃないか.<6E5C>意地張らずにさ,린카도 지켜줘도<6E5C>되잖아.<6E5C>고집부리지 말고,린카도 지켜줘도<6E5C>되잖아.<6E5C>고집부리지 말고
dom3Rinka_S07.mes,Script/dom3Rinka_S07.mes,13,39,Rinka,あ、あたしを意地っぱりみたいに<6E5C>言うな!あたしは守られなくても<6E5C>平気なんだ!,"너, 나를 고집쟁이처럼<6E5C>말하지마!나는 지켜주지 않아도<6E5C>괜찮아!","너, 나를 고집쟁이처럼<6E5C>말하지마!나는 지켜주지 않아도<6E5C>괜찮아!"
dom3Rinka_S07.mes,Script/dom3Rinka_S07.mes,14,15,주인공,(……また怒らせてしまった),(……또 화나게 했네),(……또 화나게 했네)
dom3Rinka_S07.mes,Script/dom3Rinka_S07.mes,15,20,주인공,今日はすいてるな……凛花、<6E5C>ひとりか?,"오늘은 한산하네……린카,<6E5C>혼자야?","오늘은 한산하네……린카,<6E5C>혼자야?"
dom3Rinka_S07.mes,Script/dom3Rinka_S07.mes,16,23,Rinka,……あたしって、<6E5C>そんなにかわいくないかな?,"……나,<6E5C>그렇게 안 귀여운가?","……나,<6E5C>그렇게 안 귀여운가?"
dom3Rinka_S07.mes,Script/dom3Rinka_S07.mes,17,10,주인공,え?どうしたの突然,어?갑자기 왜,어?갑자기 왜
dom3Rinka_S07.mes,Script/dom3Rinka_S07.mes,18,29,Rinka,……覇王丸も<이름:3232>も、ああいう<6E5C>大人しい女がいいんだろう?,"……하오마루도<이름:3232>도, 저런<6E5C>얌전한 여자가 좋겠지?","……하오마루도<이름:3232>도, 저런<6E5C>얌전한 여자가 좋겠지?"
dom3Rinka_S07.mes,Script/dom3Rinka_S07.mes,19,22,주인공,(大人しい女?<6E5C>……ああ、命さんのことか),"(얌전한 여자?<6E5C>……아,미코토 씨구나)","(얌전한 여자?<6E5C>……아,미코토 씨구나)"
dom3Rinka_S07.mes,Script/dom3Rinka_S07.mes,20,16,주인공,凛花は凛花でいいと思うけど……,린카는 린카대로 좋은데……,린카는 린카대로 좋은데……
dom3Rinka_S07.mes,Script/dom3Rinka_S07.mes,21,20,주인공,みんなにかわいいって<6E5C>思われたいのか?,다들한테 귀엽다고<6E5C>보이고싶은 거야?,다들한테 귀엽다고<6E5C>보이고싶은 거야?
dom3Rinka_S07.mes,Script/dom3Rinka_S07.mes,22,17,Rinka,……そ、そういうわけじゃないっ!,"……그, 그런 거 아니야!","……그, 그런 거 아니야!"
dom3Rinka_S07.mes,Script/dom3Rinka_S07.mes,23,21,주인공,う~ん、凛花は性格がかわいく<6E5C>ないかもな,"으~음, 린카는 성격이 안귀여울<6E5C>지도","으~음, 린카는 성격이 안귀여울<6E5C>지도"
dom3Rinka_S07.mes,Script/dom3Rinka_S07.mes,24,24,Rinka,!<020A>あ、あたしだって<6E5C>かわいいところくらい……,"!<020A>나, 나도 귀여운<6E5C>구석 정도는……","!<020A>나, 나도 귀여운<6E5C>구석 정도는……"
dom3Rinka_S07.mes,Script/dom3Rinka_S07.mes,25,13,주인공,なんだ?どこにあるんだ?,뭔데?어디에 있는데?,뭔데?어디에 있는데?
dom3Rinka_S07.mes,Script/dom3Rinka_S07.mes,26,31,Rinka,うるさいっ!あんたなんかには<6E5C>勿体ないから見せてないだけだ!,시끄러워!너 같은 애한테는<6E5C>아까워서 안 보여줄 뿐이야!,시끄러워!너 같은 애한테는<6E5C>아까워서 안 보여줄 뿐이야!
dom3Rinka_S07.mes,Script/dom3Rinka_S07.mes,27,4,[효과음/내레이션],バキッ,퍽,퍽
dom3Rinka_S07.mes,Script/dom3Rinka_S07.mes,28,27,주인공,うわっ!<6E5C>いたた……凛花に一本取られて<6E5C>しまった……,우왓!<6E5C>아야야……린카한테 한 방<6E5C>먹었네……,우왓!<6E5C>아야야……린카한테 한 방<6E5C>먹었네……
dom3Rinka_S08.mes,Script/dom3Rinka_S08.mes,0,19,주인공,えーっと……<6E5C>ここには来てないのかな,음…….<6E5C>여기엔 안 왔나,음…….<6E5C>여기엔 안 왔나
dom3Rinka_S08.mes,Script/dom3Rinka_S08.mes,1,26,Saya,アラ、いらっしゃい色男さん.<6E5C>凛花ならいないわよ?,"어머, 어서 와, 미남 씨.<6E5C>린카라면 없는데?","어머, 어서 와, 미남 씨.<6E5C>린카라면 없는데?"
dom3Rinka_S08.mes,Script/dom3Rinka_S08.mes,2,19,주인공,え?<6E5C>あ、いや、そういうわけでは……,"어?<6E5C>아니, 그런 게 아니라……","어?<6E5C>아니, 그런 게 아니라……"
dom3Rinka_S08.mes,Script/dom3Rinka_S08.mes,3,38,Saya,マァマァ、お茶でも飲んで行きな<6E5C>さいよ.お目当ての凛花も<6E5C>そのうち来るわよ,"자자, 차라도 마시고 가.<6E5C>기다리는 린카도<6E5C>곧 올 거야","자자, 차라도 마시고 가.<6E5C>기다리는 린카도<6E5C>곧 올 거야"
dom3Rinka_S08.mes,Script/dom3Rinka_S08.mes,4,5,주인공,は、はぁ,"네, 네","네, 네"
dom3Rinka_S08.mes,Script/dom3Rinka_S08.mes,5,36,Saya,どうしたの、そんなに緊張して.<6E5C>絶世の美女が目の前に<6E5C>いるからかしら?,"왜 그래, 그렇게 긴장해서.<6E5C>절세미녀가 눈앞에<6E5C>있어서 그런가?","왜 그래, 그렇게 긴장해서.<6E5C>절세미녀가 눈앞에<6E5C>있어서 그런가?"
dom3Rinka_S08.mes,Script/dom3Rinka_S08.mes,6,17,주인공,サヤさん、何か誤解してませんか?,"사야씨,오해하신거 아니에요?","사야씨,오해하신거 아니에요?"
dom3Rinka_S08.mes,Script/dom3Rinka_S08.mes,7,11,Saya,ヤダワ、なんの話~?,"어머,무슨얘기야~?","어머,무슨얘기야~?"
dom3Rinka_S08.mes,Script/dom3Rinka_S08.mes,8,9,주인공,またとぼけて……,또시치미떼고……,또시치미떼고……
dom3Rinka_S08.mes,Script/dom3Rinka_S08.mes,9,40,Saya,あの子、過去につらいことが<6E5C>あってね、ちょっと難しいところも<6E5C>あるんだけど……,"그 애, 과거에 힘든 일이<6E5C>있어서, 좀 어려운 부분도<6E5C>있는데……","그 애, 과거에 힘든 일이<6E5C>있어서, 좀 어려운 부분도<6E5C>있는데……"
dom3Rinka_S08.mes,Script/dom3Rinka_S08.mes,10,14,Saya,アナタがいれば安心みたいね,네가 있으면 안심되나봐,네가 있으면 안심되나봐
dom3Rinka_S08.mes,Script/dom3Rinka_S08.mes,11,3,주인공,え?,어?,어?
dom3Rinka_S08.mes,Script/dom3Rinka_S08.mes,12,4,[효과음/내레이션],ガラッ,드르륵,드르륵
dom3Rinka_S08.mes,Script/dom3Rinka_S08.mes,13,10,Rinka,サヤ、忘れ物だよー,"사야, 두고 갔어","사야, 두고 갔어"
dom3Rinka_S08.mes,Script/dom3Rinka_S08.mes,14,36,Saya,ホラ、お姫様のお帰りヨ.<6E5C>これからもよろしくネ、<6E5C>カワイイナイトさん★,"짜잔, 공주님 귀환이야.<6E5C>앞으로도 잘 부탁해,<6E5C>귀여운 기사님★","짜잔, 공주님 귀환이야.<6E5C>앞으로도 잘 부탁해,<6E5C>귀여운 기사님★"
dom3Rinka_S08.mes,Script/dom3Rinka_S08.mes,15,8,주인공,サ、サヤさ~ん,"사, 사야 씨","사, 사야 씨"
dom3Rinka_S09.mes,Script/dom3Rinka_S09.mes,0,5,Rinka,……ふぅ,……후우,……후우
dom3Rinka_S09.mes,Script/dom3Rinka_S09.mes,1,29,주인공,(あれ?今のため息か?<6E5C>心なしか元気がないような……?),(어라? 한숨?<6E5C>왠지 기운 없어 보이는데?),(어라? 한숨?<6E5C>왠지 기운 없어 보이는데?)
dom3Rinka_S09.mes,Script/dom3Rinka_S09.mes,2,12,주인공,凛花、どうかしたのか?,"린카, 무슨 일이야?","린카, 무슨 일이야?"
dom3Rinka_S09.mes,Script/dom3Rinka_S09.mes,3,14,Rinka,<이름:3232>か…….なんでもないよ,<이름:3232>냐…….아무것도 아냐,<이름:3232>냐…….아무것도 아냐
dom3Rinka_S09.mes,Script/dom3Rinka_S09.mes,4,39,주인공,なんでもないのならいいけど…….<6E5C>もし、何かあるんなら、<6E5C>ちゃんと言うんだぞ,아무것도 아니면 다행인데…….<6E5C>혹시 무슨 일 있으면<6E5C>제대로 말해야 해,아무것도 아니면 다행인데…….<6E5C>혹시 무슨 일 있으면<6E5C>제대로 말해야 해
dom3Rinka_S09.mes,Script/dom3Rinka_S09.mes,5,9,Rinka,……え?何の話?,……뭔 소리야?,……뭔 소리야?
dom3Rinka_S09.mes,Script/dom3Rinka_S09.mes,6,46,주인공,大事な話だ.俺じゃなくても、<6E5C>サヤさんでもいい<485C>何かあったら、どんなことでも<6E5C>必ず話すんだ,중요한 얘기야. 나 아니어도<6E5C>사야 씨라도 좋아<485C>무슨 일 있으면 뭐든<6E5C>꼭 말해,중요한 얘기야. 나 아니어도<6E5C>사야 씨라도 좋아<485C>무슨 일 있으면 뭐든<6E5C>꼭 말해
dom3Rinka_S09.mes,Script/dom3Rinka_S09.mes,7,42,주인공,ひとりで背負い込む必要なんて<6E5C>ないんだ.人は、助け合って<6E5C>生きていく生き物なんだぞ,혼자 짊어질 필요는<6E5C>없어. 사람은 서로 도우며<6E5C>살아가는 존재라고,혼자 짊어질 필요는<6E5C>없어. 사람은 서로 도우며<6E5C>살아가는 존재라고
dom3Rinka_S09.mes,Script/dom3Rinka_S09.mes,8,3,Rinka,……,……,……
dom3Rinka_S09.mes,Script/dom3Rinka_S09.mes,9,24,Rinka,ははっ、何かあったのはそっちの<6E5C>方じゃないの?,"하핫, 무슨 일 있는 건 그쪽<6E5C>아니야?","하핫, 무슨 일 있는 건 그쪽<6E5C>아니야?"
dom3Rinka_S09.mes,Script/dom3Rinka_S09.mes,10,12,주인공,バカ、人が心配して……,"바보, 걱정돼서……","바보, 걱정돼서……"
dom3Rinka_S09.mes,Script/dom3Rinka_S09.mes,11,23,Rinka,……わかった.言うよ.<6E5C>ちゃんと言うからさ!,……알았어. 말할게.<6E5C>꼭 말할 테니까!,……알았어. 말할게.<6E5C>꼭 말할 테니까!
dom3Rinka_S09.mes,Script/dom3Rinka_S09.mes,12,5,주인공,うん……,응……,응……
dom3Rinka_X01.mes,Script/dom3Rinka_X01.mes,0,17,UNKNOWN_1e,旦那様、朝ですよ.起きてください,"서방님, 아침이에요. 일어나요","서방님, 아침이에요. 일어나요"
dom3Rinka_X01.mes,Script/dom3Rinka_X01.mes,1,7,주인공,……ううん?,……으응?,……으응?
dom3Rinka_X01.mes,Script/dom3Rinka_X01.mes,2,26,Iroha,おはようございます、旦那様.<6E5C>朝ご飯ができてますよ,"좋은 아침이에요, 서방님.<6E5C>아침밥 다 됐어요","좋은 아침이에요, 서방님.<6E5C>아침밥 다 됐어요"
dom3Rinka_X01.mes,Script/dom3Rinka_X01.mes,3,5,주인공,あ、うん,"아, 응","아, 응"
dom3Rinka_X01.mes,Script/dom3Rinka_X01.mes,4,17,Iroha,今日はどちらに行かれるんですか?,오늘은 어디 가시나요?,오늘은 어디 가시나요?
dom3Rinka_X01.mes,Script/dom3Rinka_X01.mes,5,32,주인공,(……たしか、凛花に稽古をつけて<6E5C>やるって約束していたような),(……분명 린카한테 수련 봐주기로<6E5C>약속한 것 같은데),(……분명 린카한테 수련 봐주기로<6E5C>약속한 것 같은데)
dom3Rinka_X01.mes,Script/dom3Rinka_X01.mes,6,20,주인공,今日は道場に行って、<6E5C>剣の稽古をするよ,오늘은 도장 가서<6E5C>검술 수련할 거야,오늘은 도장 가서<6E5C>검술 수련할 거야
dom3Rinka_X01.mes,Script/dom3Rinka_X01.mes,7,27,Iroha,そうですか.いっしょに買い物に<6E5C>行きたかったのですが,그러시군요. 같이 장 보러<6E5C>가고 싶었는데 말이죠,그러시군요. 같이 장 보러<6E5C>가고 싶었는데 말이죠
dom3Rinka_X01.mes,Script/dom3Rinka_X01.mes,8,15,주인공,侍は日頃の鍛錬が大切だからな,사무라이는 단련이 중요해,사무라이는 단련이 중요해
dom3Rinka_X01.mes,Script/dom3Rinka_X01.mes,9,23,Iroha,そうですね.<6E5C>どうか、頑張ってくださいませ!,"그렇죠.<6E5C>부디, 힘내세요!","그렇죠.<6E5C>부디, 힘내세요!"
dom3Rinka_X01.mes,Script/dom3Rinka_X01.mes,10,3,주인공,ああ,그래,그래
dom3Rinka_X01.mes,Script/dom3Rinka_X01.mes,11,12,주인공,(ちょっと罪悪感……),(조금 죄책감이……),(조금 죄책감이……)
dom3Rinka_X01.mes,Script/dom3Rinka_X01.mes,12,8,Rinka,遅いよ、<이름:3232>!,"느려, <이름:3232>!","느려, <이름:3232>!"
dom3Rinka_X01.mes,Script/dom3Rinka_X01.mes,13,10,주인공,ああ、ごめんごめん,"아, 미안 미안","아, 미안 미안"
dom3Rinka_X01.mes,Script/dom3Rinka_X01.mes,14,9,Rinka,じゃあ、始めるよ,"그럼, 시작할게","그럼, 시작할게"
dom3Rinka_X01.mes,Script/dom3Rinka_X01.mes,15,5,주인공,お、おう,오냐,오냐
dom3Rinka_X01.mes,Script/dom3Rinka_X01.mes,16,26,주인공,(これじゃどっちが<6E5C>教えてるんだか、わからないよ),(이래서야 누가<6E5C>가르치는 건지 모르겠네),(이래서야 누가<6E5C>가르치는 건지 모르겠네)
dom3Rinka_X01.mes,Script/dom3Rinka_X01.mes,17,4,[효과음/내레이션],ブンッ,붕!,붕!
dom3Rinka_X01.mes,Script/dom3Rinka_X01.mes,18,4,[효과음/내레이션],ブンッ,붕!,붕!
dom3Rinka_X01.mes,Script/dom3Rinka_X01.mes,19,6,Rinka,……九十九,……구십구,……구십구
dom3Rinka_X01.mes,Script/dom3Rinka_X01.mes,20,4,[효과음/내레이션],ブンッ,붕!,붕!
dom3Rinka_X01.mes,Script/dom3Rinka_X01.mes,21,3,Rinka,百!,백!,백!
dom3Rinka_X01.mes,Script/dom3Rinka_X01.mes,22,13,Rinka,素振り百回、終わったよ!,빈칼질 백번 끝!,빈칼질 백번 끝!
dom3Rinka_X01.mes,Script/dom3Rinka_X01.mes,23,7,주인공,(早い……),(빠르네),(빠르네)
dom3Rinka_X01.mes,Script/dom3Rinka_X01.mes,24,8,Rinka,次は、何する?,다음엔 뭐?,다음엔 뭐?
dom3Rinka_X01.mes,Script/dom3Rinka_X01.mes,25,41,주인공,そ、そうだなあ.ずっとひとりで<6E5C>やってもつまらないし、摸擬試合を<6E5C>やってみるか?,"그, 글쎄.계속 혼자서만<6E5C>하면 재미없고, 모의시합이나<6E5C>해볼까?","그, 글쎄.계속 혼자서만<6E5C>하면 재미없고, 모의시합이나<6E5C>해볼까?"
dom3Rinka_X01.mes,Script/dom3Rinka_X01.mes,26,11,Rinka,え、<이름:3232>と?いいの?,<이름:3232>랑? 괜찮아?,<이름:3232>랑? 괜찮아?
dom3Rinka_X01.mes,Script/dom3Rinka_X01.mes,27,12,주인공,ああ.でも、俺は強いぞ,그래. 근데 나 강해,그래. 근데 나 강해
dom3Rinka_X01.mes,Script/dom3Rinka_X01.mes,28,24,Rinka,いいよ.それぐらいじゃないと<6E5C>稽古にならないよ,좋아. 그 정도는 돼야<6E5C>수련이 되지,좋아. 그 정도는 돼야<6E5C>수련이 되지
dom3Rinka_X01.mes,Script/dom3Rinka_X01.mes,29,5,[효과음/내레이션],バーン!,빠앙!,빠앙!
dom3Rinka_X01.mes,Script/dom3Rinka_X01.mes,30,7,Rinka,……はぁはぁ,……하아하아,……하아하아
dom3Rinka_X01.mes,Script/dom3Rinka_X01.mes,31,21,주인공,どうした?<6E5C>さっきから一本も取れてないぞ,왜 그래?<6E5C>한 판도 못 땄잖아,왜 그래?<6E5C>한 판도 못 땄잖아
dom3Rinka_X01.mes,Script/dom3Rinka_X01.mes,32,5,Rinka,……くっ,……큭,……큭
dom3Rinka_X01.mes,Script/dom3Rinka_X01.mes,33,19,주인공,腹も減ってきたし、<6E5C>次で最後にしよう,배도 고프고<6E5C>다음이 마지막이다,배도 고프고<6E5C>다음이 마지막이다
dom3Rinka_X01.mes,Script/dom3Rinka_X01.mes,34,3,Rinka,……,……,……
dom3Rinka_X01.mes,Script/dom3Rinka_X01.mes,35,43,주인공,そんな目でにらむなよ.<6E5C>わかったよ、じゃあ、次勝てた方が<6E5C>昼飯おごるってのはどうだ?,"그런 눈으로 보지 마.<6E5C>알았어, 다음에 이긴 쪽이<6E5C>점심 사는 걸로 하자","그런 눈으로 보지 마.<6E5C>알았어, 다음에 이긴 쪽이<6E5C>점심 사는 걸로 하자"
dom3Rinka_X01.mes,Script/dom3Rinka_X01.mes,36,42,주인공,(どうせ俺が勝つだろうし、<6E5C>このままだと勝つまでやるとか<6E5C>言い出しかねないからな),"(어차피 내가 이길 거고,<6E5C>이대로면 이길 때까지 하자고<6E5C>할 것 같으니까)","(어차피 내가 이길 거고,<6E5C>이대로면 이길 때까지 하자고<6E5C>할 것 같으니까)"
dom3Rinka_X01.mes,Script/dom3Rinka_X01.mes,37,8,Rinka,いいよ、それで,"좋아, 그걸로","좋아, 그걸로"
dom3Rinka_X01.mes,Script/dom3Rinka_X01.mes,38,13,주인공,よし.じゃあ、構えて……,좋아. 자세 잡고……,좋아. 자세 잡고……
dom3Rinka_X01.mes,Script/dom3Rinka_X01.mes,39,3,Rinka,……,……,……
dom3Rinka_X01.mes,Script/dom3Rinka_X01.mes,40,31,주인공,(な、なんだ?<6E5C>凛花の目の色が変わった?<6E5C>うーん、俺は……),"(뭐, 뭐지?<6E5C>린카 눈빛이 변했어?<6E5C>으음, 난……)","(뭐, 뭐지?<6E5C>린카 눈빛이 변했어?<6E5C>으음, 난……)"
dom3Rinka_X01.mes,Script/dom3Rinka_X01.mes,41,9,[선택지],稽古のように真剣に,수련처럼 진지하게,수련처럼 진지하게
dom3Rinka_X01.mes,Script/dom3Rinka_X01.mes,42,26,주인공,(ま、まあ、ずっと勝ててたん<6E5C>だし、大丈夫だろう),"(뭐, 뭐, 계속 이겨왔으니<6E5C>괜찮겠지)","(뭐, 뭐, 계속 이겨왔으니<6E5C>괜찮겠지)"
dom3Rinka_X01.mes,Script/dom3Rinka_X01.mes,43,4,주인공,始めっ,시작!,시작!
dom3Rinka_X01.mes,Script/dom3Rinka_X01.mes,44,3,[효과음/내레이션],ダッ,탓!,탓!
dom3Rinka_X01.mes,Script/dom3Rinka_X01.mes,45,4,주인공,え……,어……,어……
dom3Rinka_X01.mes,Script/dom3Rinka_X01.mes,46,7,[효과음/내레이션],バキーーンッ,빠키이잉!,빠키이잉!
dom3Rinka_X01.mes,Script/dom3Rinka_X01.mes,47,6,주인공,いってえ!,아야!,아야!
dom3Rinka_X01.mes,Script/dom3Rinka_X01.mes,48,4,Rinka,やった,됐다,됐다
dom3Rinka_X01.mes,Script/dom3Rinka_X01.mes,49,8,주인공,……俺の負けだ,……내 패배다,……내 패배다
dom3Rinka_X01.mes,Script/dom3Rinka_X01.mes,50,20,Rinka,…….<6E5C><이름:3232>、手を抜いたんじゃないよね,"…….<6E5C><이름:3232>, 설마 봐준 거 아니지","…….<6E5C><이름:3232>, 설마 봐준 거 아니지"
dom3Rinka_X01.mes,Script/dom3Rinka_X01.mes,51,16,주인공,ぎくっ.<6E5C>そ、そんなことないさ,"뜨끔.<6E5C>그, 그럴 리 없잖아","뜨끔.<6E5C>그, 그럴 리 없잖아"
dom3Rinka_X01.mes,Script/dom3Rinka_X01.mes,52,4,Rinka,じ~っ,빤히,빤히
dom3Rinka_X01.mes,Script/dom3Rinka_X01.mes,53,16,주인공,な、なんだよ、そんなににらんで,"뭐, 뭐야, 그렇게 노려보고","뭐, 뭐야, 그렇게 노려보고"
dom3Rinka_X01.mes,Script/dom3Rinka_X01.mes,54,19,Rinka,……まぁいいか.<6E5C><이름:3232>のおごりだな!,……뭐 됐어.<6E5C><이름:3232>가 사는 거다!,……뭐 됐어.<6E5C><이름:3232>가 사는 거다!
dom3Rinka_X01.mes,Script/dom3Rinka_X01.mes,55,23,주인공,(もうちょっと素直に喜んで<6E5C>ほしいよな……),(더 솔직히 기뻐해<6E5C>줬으면 하는데……),(더 솔직히 기뻐해<6E5C>줬으면 하는데……)
dom3Rinka_X01.mes,Script/dom3Rinka_X01.mes,56,26,주인공,(これは本気でやらないと<6E5C>負けるかもしれない……),(이건 진심으로 안 하면<6E5C>질지도 모르겠어……),(이건 진심으로 안 하면<6E5C>질지도 모르겠어……)
dom3Rinka_X01.mes,Script/dom3Rinka_X01.mes,57,4,주인공,始めっ,시작!,시작!
dom3Rinka_X01.mes,Script/dom3Rinka_X01.mes,58,3,[효과음/내레이션],ダッ,탓!,탓!
dom3Rinka_X01.mes,Script/dom3Rinka_X01.mes,59,5,Rinka,エイッ!,얍!,얍!
dom3Rinka_X01.mes,Script/dom3Rinka_X01.mes,60,4,[효과음/내레이션],ビュッ,휙!,휙!
dom3Rinka_X01.mes,Script/dom3Rinka_X01.mes,61,4,Rinka,えっ?,어?,어?
dom3Rinka_X01.mes,Script/dom3Rinka_X01.mes,62,4,주인공,甘い!,물러!,물러!
dom3Rinka_X01.mes,Script/dom3Rinka_X01.mes,63,4,[효과음/내레이션],バシッ,팍!,팍!
dom3Rinka_X01.mes,Script/dom3Rinka_X01.mes,64,5,Rinka,キャア!,꺄악!,꺄악!
dom3Rinka_X01.mes,Script/dom3Rinka_X01.mes,65,29,Rinka,……はぁ、やっぱり<이름:3232>は<6E5C>強いね.あの振りを避けるなんて,"……하아, 역시 <이름:3232>는<6E5C>강하네. 그걸 피하다니","……하아, 역시 <이름:3232>는<6E5C>강하네. 그걸 피하다니"
dom3Rinka_X01.mes,Script/dom3Rinka_X01.mes,66,13,주인공,うむ、一応、師匠だからな,"음, 그래도 스승이니까","음, 그래도 스승이니까"
dom3Rinka_X01.mes,Script/dom3Rinka_X01.mes,67,26,주인공,(で、でもさっきまでのままじゃ<6E5C>危なかったぞ……),(근데 아까 그대로였으면<6E5C>위험했을 거야……),(근데 아까 그대로였으면<6E5C>위험했을 거야……)
dom3Rinka_X01.mes,Script/dom3Rinka_X01.mes,68,37,Rinka,そうだね.あたしももっともっと<6E5C>稽古を積まないとね.<6E5C>まずは打倒、<이름:3232>!,"그러네. 나도 더 더<6E5C>수련을 쌓아야겠어.<6E5C>우선은 타도, <이름:3232>!","그러네. 나도 더 더<6E5C>수련을 쌓아야겠어.<6E5C>우선은 타도, <이름:3232>!"
dom3Rinka_X01.mes,Script/dom3Rinka_X01.mes,69,3,주인공,え?,어?,어?
dom3Rinka_X01.mes,Script/dom3Rinka_X01.mes,70,11,Rinka,それまで、よろしくな,그때까지 잘 부탁해,그때까지 잘 부탁해
dom3Rinka_X01.mes,Script/dom3Rinka_X01.mes,71,21,주인공,……じゃあ、俺に勝てたら<6E5C>どうするんだ?,……그럼 나한테 이기면<6E5C>어쩔 건데?,……그럼 나한테 이기면<6E5C>어쩔 건데?
dom3Rinka_X01.mes,Script/dom3Rinka_X01.mes,72,21,Rinka,決まってるだろう.<6E5C>次の師匠を探すんだよ,뻔하잖아.<6E5C>다음 스승을 찾는 거지,뻔하잖아.<6E5C>다음 스승을 찾는 거지
dom3Rinka_X01.mes,Script/dom3Rinka_X01.mes,73,11,주인공,ずいぶん冷たいんだな,꽤나 매정하네,꽤나 매정하네
dom3Rinka_X01.mes,Script/dom3Rinka_X01.mes,74,44,Rinka,あたしが日本一になったら、<6E5C><이름:3232>もあたしの二番目の師匠<6E5C>として名が上がるからいいじゃん,"내가 일본 제일이 되면,<6E5C><이름:3232>도 내 두 번째 스승<6E5C>으로 이름 남으니까 좋잖아","내가 일본 제일이 되면,<6E5C><이름:3232>도 내 두 번째 스승<6E5C>으로 이름 남으니까 좋잖아"
dom3Rinka_X01.mes,Script/dom3Rinka_X01.mes,75,6,주인공,とほほ……,어이쿠……,어이쿠……
dom3Rinka_X01.mes,Script/dom3Rinka_X01.mes,76,20,주인공,(まあ、凛花も機嫌がいいし、<6E5C>いいか),(린카 기분 좋아 보이니<6E5C>됐나),(린카 기분 좋아 보이니<6E5C>됐나)
dom3Rinka_X01.mes,Script/dom3Rinka_X01.mes,77,24,Rinka,ふぅ、やっぱり稽古した後だと<6E5C>ご飯がおいしい!,"후우, 역시 수련한 뒤에는<6E5C>밥이 맛있어!","후우, 역시 수련한 뒤에는<6E5C>밥이 맛있어!"
dom3Rinka_X01.mes,Script/dom3Rinka_X01.mes,78,3,UNKNOWN_7a,ヂッ,찌릭,찌릭
dom3Rinka_X01.mes,Script/dom3Rinka_X01.mes,79,16,주인공,他人のおごりだとなおさらだろ?,남이 사주면 더더욱 그렇지?,남이 사주면 더더욱 그렇지?
dom3Rinka_X01.mes,Script/dom3Rinka_X01.mes,80,12,Rinka,もちろん.またやろうね,당연하지. 또 하자,당연하지. 또 하자
dom3Rinka_X01.mes,Script/dom3Rinka_X01.mes,81,47,주인공,(こんなことならもっと真剣にやれ<6E5C>ばよかったな…….物賭けたとたん<6E5C>強くなるなんて反則だよ),(이럴 줄 알았으면 더 진지하게<6E5C>할걸…….내기 걸자마자<6E5C>강해지는 건 반칙이잖아),(이럴 줄 알았으면 더 진지하게<6E5C>할걸…….내기 걸자마자<6E5C>강해지는 건 반칙이잖아)
dom3Rinka_X01.mes,Script/dom3Rinka_X01.mes,82,10,Rinka,ん?なんか言った?,응? 뭐라 했어?,응? 뭐라 했어?
dom3Rinka_X01.mes,Script/dom3Rinka_X01.mes,83,10,주인공,いや、なんでもない,아무것도 아냐,아무것도 아냐
dom3Rinka_X01.mes,Script/dom3Rinka_X01.mes,84,20,주인공,確かに.<6E5C>他人のおごりだとなおさらだな,확실히.<6E5C>남이 사주면 더더욱 그렇지,확실히.<6E5C>남이 사주면 더더욱 그렇지
dom3Rinka_X01.mes,Script/dom3Rinka_X01.mes,85,10,Rinka,次は負けないからね,다음엔 안 져,다음엔 안 져
dom3Rinka_X01.mes,Script/dom3Rinka_X01.mes,86,9,주인공,え、またやるの?,"어, 또 하게?","어, 또 하게?"
dom3Rinka_X01.mes,Script/dom3Rinka_X01.mes,87,22,Rinka,もちろん.<6E5C>負けた分を取り返せるまでやるよ,당연하지.<6E5C>진 만큼 되찾을 때까지 할게,당연하지.<6E5C>진 만큼 되찾을 때까지 할게
dom3Rinka_X01.mes,Script/dom3Rinka_X01.mes,88,34,주인공,(こりゃ俺もまじめにやらないと.<6E5C>うかうかしてたら抜かされるかも),(이건 나도 진지하게 해야겠는걸.<6E5C>방심하다간 따라잡힐지도),(이건 나도 진지하게 해야겠는걸.<6E5C>방심하다간 따라잡힐지도)
dom3Rinka_X01.mes,Script/dom3Rinka_X01.mes,89,7,Rinka,どうかした?,왜 그래?,왜 그래?
dom3Rinka_X01.mes,Script/dom3Rinka_X01.mes,90,13,주인공,いや、俺も負けないぞ、と,"아니, 나도 안 진다고","아니, 나도 안 진다고"
dom3Rinka_X01.mes,Script/dom3Rinka_X01.mes,91,14,Rinka,うん、あたしも負けないよ!,"응, 나도 안 질 거야!","응, 나도 안 질 거야!"
dom3Rinka_X01.mes,Script/dom3Rinka_X01.mes,92,15,Rinka,食べ終わったし、道場に戻ろう,다 먹었으니 도장으로 가자,다 먹었으니 도장으로 가자
dom3Rinka_X01.mes,Script/dom3Rinka_X01.mes,93,40,주인공,ええっ.<6E5C>試合があるわけでもないし、<6E5C>今日はもういいじゃないか<485C>遊びに行こうよ,"에엣.<6E5C>시합이 있는 것도 아니고,<6E5C>오늘은 이제 됐잖아<485C>놀러 가자","에엣.<6E5C>시합이 있는 것도 아니고,<6E5C>오늘은 이제 됐잖아<485C>놀러 가자"
dom3Rinka_X01.mes,Script/dom3Rinka_X01.mes,94,28,Rinka,あたしは稽古しているのが好きなん<6E5C>だよ.<이름:3232>もやろうよ,난 수련하는 게 좋단<6E5C>말이야. <이름:3232>도 하자,난 수련하는 게 좋단<6E5C>말이야. <이름:3232>도 하자
dom3Rinka_X01.mes,Script/dom3Rinka_X01.mes,95,3,주인공,……,……,……
dom3Rinka_X01.mes,Script/dom3Rinka_X01.mes,96,19,주인공,遊びも、一流の剣客に必要な<6E5C>稽古だぞ,노는 것도 필요한<6E5C>수련이야,노는 것도 필요한<6E5C>수련이야
dom3Rinka_X01.mes,Script/dom3Rinka_X01.mes,97,9,Rinka,え……そうなの?,……그런 거야?,……그런 거야?
dom3Rinka_X01.mes,Script/dom3Rinka_X01.mes,98,4,주인공,そうだ,그래,그래
dom3Rinka_X01.mes,Script/dom3Rinka_X01.mes,99,5,Rinka,本当に?,정말로?,정말로?
dom3Rinka_X01.mes,Script/dom3Rinka_X01.mes,100,4,주인공,本当に,정말로,정말로
dom3Rinka_X01.mes,Script/dom3Rinka_X01.mes,101,3,UNKNOWN_7a,ヂ~,찌~,찌~
dom3Rinka_X01.mes,Script/dom3Rinka_X01.mes,102,24,Rinka,……わかったよ、鉄之介.<6E5C>じゃあ着替えてくる!,"……알았어, 테츠.<6E5C>옷 갈아입고 올게!","……알았어, 테츠.<6E5C>옷 갈아입고 올게!"
dom3Rinka_X01.mes,Script/dom3Rinka_X01.mes,103,3,[효과음/내레이션],タッ,탓,탓
dom3Rinka_X01.mes,Script/dom3Rinka_X01.mes,104,19,주인공,(うん、我ながらいい説得<6E5C>だったな),"(음, 나름 괜찮은 설득<6E5C>이었어)","(음, 나름 괜찮은 설득<6E5C>이었어)"
dom3Rinka_X01.mes,Script/dom3Rinka_X01.mes,105,16,Rinka,おまたせ!で、どこに行くんだ?,기다렸지! 근데 어디 가?,기다렸지! 근데 어디 가?
dom3Rinka_X01.mes,Script/dom3Rinka_X01.mes,106,11,[선택지],着物を見に見世物小屋に,기모노 보러 오두막에,기모노 보러 오두막에
dom3Rinka_X01.mes,Script/dom3Rinka_X01.mes,107,20,주인공,そうだなあ、反物とか見に<6E5C>行かないか?,"글쎄, 옷감 보러<6E5C>가지 않을래?","글쎄, 옷감 보러<6E5C>가지 않을래?"
dom3Rinka_X01.mes,Script/dom3Rinka_X01.mes,108,10,Rinka,反物?別にいいけど,옷감? 상관없는데,옷감? 상관없는데
dom3Rinka_X01.mes,Script/dom3Rinka_X01.mes,109,25,UNKNOWN_a3,お嬢さんでしたら、こういう柄とか<6E5C>いかがですか?,"아가씨라면, 이런 무늬는<6E5C>어떠세요?","아가씨라면, 이런 무늬는<6E5C>어떠세요?"
dom3Rinka_X01.mes,Script/dom3Rinka_X01.mes,110,12,UNKNOWN_16,<00A4>こちらも似合いますよ,<00A4>이것도 잘 어울려요,<00A4>이것도 잘 어울려요
dom3Rinka_X01.mes,Script/dom3Rinka_X01.mes,111,8,Rinka,え?いや違うよ,"아니, 아니야","아니, 아니야"
dom3Rinka_X01.mes,Script/dom3Rinka_X01.mes,112,29,Rinka,<이름:3232>が見に来たんだろ.<6E5C>にやにや笑ってないで、助けてよ!,<이름:3232>가 보러 왔잖아.<6E5C>실실 웃지 말고 도와줘!,<이름:3232>가 보러 왔잖아.<6E5C>실실 웃지 말고 도와줘!
dom3Rinka_X01.mes,Script/dom3Rinka_X01.mes,113,19,주인공,いいじゃないか、<6E5C>合わせてもらいなよ,"괜찮잖아,<6E5C>맞춰봐","괜찮잖아,<6E5C>맞춰봐"
dom3Rinka_X01.mes,Script/dom3Rinka_X01.mes,114,16,Rinka,……まさか、買ってくれるのか?,"……설마, 사주는 거야?","……설마, 사주는 거야?"
dom3Rinka_X01.mes,Script/dom3Rinka_X01.mes,115,25,주인공,うっ、さすがにそれは無理だけど、<6E5C>古着ぐらいなら,"윽, 그건 무리지만,<6E5C>헌 옷 정도라면","윽, 그건 무리지만,<6E5C>헌 옷 정도라면"
dom3Rinka_X01.mes,Script/dom3Rinka_X01.mes,116,11,Rinka,な、なんだよ.ケチ!,"뭐야, 짠돌이!","뭐야, 짠돌이!"
dom3Rinka_X01.mes,Script/dom3Rinka_X01.mes,117,39,주인공,凛花ももっとかわいい格好をしても<6E5C>いいんじゃないかな、と思ってさ.<6E5C>似合うよ,린카도 좀 더 귀엽게 입어도<6E5C>괜찮지 않을까 싶어서.<6E5C>잘 어울려,린카도 좀 더 귀엽게 입어도<6E5C>괜찮지 않을까 싶어서.<6E5C>잘 어울려
dom3Rinka_X01.mes,Script/dom3Rinka_X01.mes,118,5,Rinka,バカっ!,바보!,바보!
dom3Rinka_X01.mes,Script/dom3Rinka_X01.mes,119,13,주인공,見世物小屋とかどうかな?,구경거리 오두막 어때?,구경거리 오두막 어때?
dom3Rinka_X01.mes,Script/dom3Rinka_X01.mes,120,7,Rinka,うん、いいよ,"응, 좋아","응, 좋아"
dom3Rinka_X01.mes,Script/dom3Rinka_X01.mes,121,29,주인공,じゃああそこに……って<6E5C>「妖鮑!美人巫女の猛獣使い」!?,그럼 저기……<6E5C>「요괴전복! 미녀무녀 맹수조련사」!?,그럼 저기……<6E5C>「요괴전복! 미녀무녀 맹수조련사」!?
dom3Rinka_X01.mes,Script/dom3Rinka_X01.mes,122,57,UNKNOWN_a5,さぁさ、寄ってらっしゃい<6E5C>見てらっしゃい<485C>猛獣と美人巫女の大乱闘だよ.<6E5C>巫女の着物が引き裂かれて、<6E5C>さあ大変っっ,"자자, 오세요 구경하세요<485C>맹수와 미녀무녀 대난투입니다.<6E5C>무녀 기모노가 찢어져서,<6E5C>자아 큰일이에요","자자, 오세요 구경하세요<485C>맹수와 미녀무녀 대난투입니다.<6E5C>무녀 기모노가 찢어져서,<6E5C>자아 큰일이에요"
dom3Rinka_X01.mes,Script/dom3Rinka_X01.mes,123,21,Rinka,ふ~ん.<이름:3232>は、ああいうのが<6E5C>見たいんだ,<이름:3232>는 저런 게<6E5C>보고 싶은 거구나,<이름:3232>는 저런 게<6E5C>보고 싶은 거구나
dom3Rinka_X01.mes,Script/dom3Rinka_X01.mes,124,22,주인공,ち、違う!<6E5C>ちゃんと見てなかっただけだって,아니야!<6E5C>제대로 안 보고 있었을 뿐이야,아니야!<6E5C>제대로 안 보고 있었을 뿐이야
dom3Rinka_X01.mes,Script/dom3Rinka_X01.mes,125,16,주인공,……う~ん、けっこう回ったなぁ,"……으음, 꽤 돌아다녔네","……으음, 꽤 돌아다녔네"
dom3Rinka_X01.mes,Script/dom3Rinka_X01.mes,126,25,Rinka,ね、面白かったでしょ?<6E5C>あたしの行きつけの武具屋,"그치, 재밌었지?<6E5C>내 단골 무구점","그치, 재밌었지?<6E5C>내 단골 무구점"
dom3Rinka_X01.mes,Script/dom3Rinka_X01.mes,127,56,주인공,面白かったというより、<6E5C>訳がわからなかったぞ<485C>鉄球のついた棒とか、デカ過ぎる<6E5C><CA02>手とか……本当に武具屋なのか?,"재밌기보다,<6E5C>영문 모르겠던데<485C>쇠구슬 달린 봉이나, 너무 큰<6E5C><CA02>손이나……진짜 무구점 맞아?","재밌기보다,<6E5C>영문 모르겠던데<485C>쇠구슬 달린 봉이나, 너무 큰<6E5C><CA02>손이나……진짜 무구점 맞아?"
dom3Rinka_X01.mes,Script/dom3Rinka_X01.mes,128,40,Rinka,なんでも売ってる不思議な店なん<6E5C>だ.あの武器はみんな店主さんが<6E5C>集めたんだって,뭐든지 파는 신기한 가게<6E5C>야. 그 무기들은 다 주인아저씨가<6E5C>모았다더라,뭐든지 파는 신기한 가게<6E5C>야. 그 무기들은 다 주인아저씨가<6E5C>모았다더라
dom3Rinka_X01.mes,Script/dom3Rinka_X01.mes,129,31,주인공,あの黒装束の人がか…….凛花<6E5C>らしいと言えば凛花らしい店だな,그 검은 옷 사람이……. 린카<6E5C>답다면 린카다운 가게네,그 검은 옷 사람이……. 린카<6E5C>답다면 린카다운 가게네
dom3Rinka_X01.mes,Script/dom3Rinka_X01.mes,130,20,Rinka,この仕掛け鞘もあそこで見つけ<6E5C>たんだよ,칼집도 거기서<6E5C>찾았단 말이지,칼집도 거기서<6E5C>찾았단 말이지
dom3Rinka_X01.mes,Script/dom3Rinka_X01.mes,131,6,주인공,仕掛け鞘?,장치칼집?,장치칼집?
dom3Rinka_X01.mes,Script/dom3Rinka_X01.mes,132,16,Rinka,そうだよ.気づいてなかったの?,맞아. 몰랐던 거야?,맞아. 몰랐던 거야?
dom3Rinka_X01.mes,Script/dom3Rinka_X01.mes,133,5,[효과음/내레이션],カシャン,찰칵,찰칵
dom3Rinka_X01.mes,Script/dom3Rinka_X01.mes,134,19,주인공,わっ.<6E5C>刀を抜いたとたん、鞘が縮んだ,우왓.<6E5C>칼 뽑자마자 칼집이 줄었어,우왓.<6E5C>칼 뽑자마자 칼집이 줄었어
dom3Rinka_X01.mes,Script/dom3Rinka_X01.mes,135,34,Rinka,ね、いいでしょ.<6E5C>鉄之介の家もあそこで<6E5C>見つけたんだ.ね?鉄之介ッ,"그치, 괜찮지?<6E5C>테츠 집도 거기서<6E5C>찾았어. 그치? 테츠!","그치, 괜찮지?<6E5C>테츠 집도 거기서<6E5C>찾았어. 그치? 테츠!"
dom3Rinka_X01.mes,Script/dom3Rinka_X01.mes,136,6,UNKNOWN_7a,ヂッヂッ!,찌릭찌릭!,찌릭찌릭!
dom3Rinka_X01.mes,Script/dom3Rinka_X01.mes,137,4,주인공,へぇ~,허~,허~
dom3Rinka_X01.mes,Script/dom3Rinka_X01.mes,138,26,Rinka,今日は楽しかったよ.<6E5C>こんなに遊んだの、始めてかも,"오늘 즐거웠어.<6E5C>이렇게 논 거, 처음일지도","오늘 즐거웠어.<6E5C>이렇게 논 거, 처음일지도"
dom3Rinka_X01.mes,Script/dom3Rinka_X01.mes,139,8,주인공,それはよかった,그거 다행이네,그거 다행이네
dom3Rinka_X01.mes,Script/dom3Rinka_X01.mes,140,48,Rinka,<이름:3232>の言うとおりだね.<6E5C>たまには遊びも必要かも<485C>いままでのあたし、何か余裕が<6E5C>なかった気がする,"<이름:3232> 말 맞네.<6E5C>가끔 노는 것도 필요할지도<485C>지금까지 나, 여유가<6E5C>없었던 것 같아","<이름:3232> 말 맞네.<6E5C>가끔 노는 것도 필요할지도<485C>지금까지 나, 여유가<6E5C>없었던 것 같아"
dom3Rinka_X01.mes,Script/dom3Rinka_X01.mes,141,15,주인공,(……今日の凛花、素直だな),(……오늘 린카 솔직하네),(……오늘 린카 솔직하네)
dom3Rinka_X01.mes,Script/dom3Rinka_X01.mes,142,29,Rinka,……あたし、強がってたのかな?<6E5C>無理ばかりしてたのかな?,"……나, 강한 척 했던 걸까?<6E5C>무리만 했던 걸까?","……나, 강한 척 했던 걸까?<6E5C>무리만 했던 걸까?"
dom3Rinka_X01.mes,Script/dom3Rinka_X01.mes,143,36,주인공,……いいじゃないか.今日は凛花の<6E5C>笑顔をたくさん見れて、<6E5C>俺も楽しいよ,"……괜찮잖아. 오늘은 린카가<6E5C>웃는 모습 많이 봐서,<6E5C>나도 즐거워","……괜찮잖아. 오늘은 린카가<6E5C>웃는 모습 많이 봐서,<6E5C>나도 즐거워"
dom3Rinka_X01.mes,Script/dom3Rinka_X01.mes,144,7,Rinka,う、うん……,"으, 응……","으, 응……"
dom3Rinka_X01.mes,Script/dom3Rinka_X01.mes,145,15,주인공,いつも怒った顔ばかりだもんな,맨날 화난 얼굴만 보이잖아,맨날 화난 얼굴만 보이잖아
dom3Rinka_X01.mes,Script/dom3Rinka_X01.mes,146,9,Rinka,うるさいなぁっ!,시끄러워!,시끄러워!
dom3Rinka_X01.mes,Script/dom3Rinka_X01.mes,147,9,주인공,はは、また怒った,"하하,또 화났네","하하,또 화났네"
dom3Rinka_X01.mes,Script/dom3Rinka_X01.mes,148,3,Rinka,……,……,……
dom3Rinka_X01.mes,Script/dom3Rinka_X01.mes,149,26,주인공,どうした、凛花?<6E5C>な、なにも本気で怒らなくても……,"왜 그래, 린카?<6E5C>그렇게까지 화 안내도……","왜 그래, 린카?<6E5C>그렇게까지 화 안내도……"
dom3Rinka_X01.mes,Script/dom3Rinka_X01.mes,150,3,Rinka,……,……,……
dom3Rinka_X01.mes,Script/dom3Rinka_X01.mes,151,26,주인공,いったいどこを見て…….<6E5C>ん?あの赤い髪の人は……,대체 어딜 보고……<6E5C>응?저 빨간 머리는……,대체 어딜 보고……<6E5C>응?저 빨간 머리는……
dom3Rinka_X01.mes,Script/dom3Rinka_X01.mes,152,6,Rinka,あいつ……,저놈……,저놈……
dom3Rinka_X01.mes,Script/dom3Rinka_X01.mes,153,5,UNKNOWN_1e,旦那様!,서방님!,서방님!
dom3Rinka_X01.mes,Script/dom3Rinka_X01.mes,154,4,주인공,えっ?,어?,어?
dom3Rinka_X01.mes,Script/dom3Rinka_X01.mes,155,31,Iroha,何してらっしゃるんです.稽古に<6E5C>行かれたんじゃないんですか?,뭐 하고 계세요. 수련하러<6E5C>가신 거 아니었어요?,뭐 하고 계세요. 수련하러<6E5C>가신 거 아니었어요?
dom3Rinka_X01.mes,Script/dom3Rinka_X01.mes,156,7,주인공,え、いや……,"어,그게……","어,그게……"
dom3Rinka_X01.mes,Script/dom3Rinka_X01.mes,157,7,Rinka,あの傷……!,저상처……!,저상처……!
dom3Rinka_X01.mes,Script/dom3Rinka_X01.mes,158,3,[효과음/내레이션],タッ,탁,탁
dom3Rinka_X01.mes,Script/dom3Rinka_X01.mes,159,6,주인공,あ、凛花っ,"아,린카!","아,린카!"
dom3Rinka_X01.mes,Script/dom3Rinka_X01.mes,160,25,Iroha,旦那様!私をだましてたんですね.<6E5C>あんまりです!,서방님! 절 속이셨던 거군요.<6E5C>너무하세요!,서방님! 절 속이셨던 거군요.<6E5C>너무하세요!
dom3Rinka_X01.mes,Script/dom3Rinka_X01.mes,161,3,[효과음/내레이션],タッ,탁,탁
dom3Rinka_X01.mes,Script/dom3Rinka_X01.mes,162,7,주인공,あ、いろはっ,"아,이로하!","아,이로하!"
dom3Rinka_X01.mes,Script/dom3Rinka_X01.mes,163,15,주인공,(ど、どうすりゃいいんだ?),"(어, 어떡하면 좋지?)","(어, 어떡하면 좋지?)"
dom3Rinka_X01.mes,Script/dom3Rinka_X01.mes,164,17,[선택지],凛花を追いかけるいろはを追いかける,린카를 쫓아간다\이로하를 쫓아간다,린카를 쫓아간다\이로하를 쫓아간다
dom3Rinka_X01.mes,Script/dom3Rinka_X01.mes,165,8,주인공,待って、凛花!,"기다려,린카!","기다려,린카!"
dom3Rinka_X01.mes,Script/dom3Rinka_X01.mes,166,7,Rinka,今の男は……,저 남자……,저 남자……
dom3Rinka_X01.mes,Script/dom3Rinka_X01.mes,167,11,주인공,牙神幻十郎のことか?,겐주로 말이야?,겐주로 말이야?
dom3Rinka_X01.mes,Script/dom3Rinka_X01.mes,168,7,Rinka,知ってるの?,알고 있어?,알고 있어?
dom3Rinka_X01.mes,Script/dom3Rinka_X01.mes,169,12,주인공,いや、よくは知らないよ,"아니, 잘은 몰라","아니, 잘은 몰라"
dom3Rinka_X01.mes,Script/dom3Rinka_X01.mes,170,5,Rinka,そう……,그래……,그래……
dom3Rinka_X01.mes,Script/dom3Rinka_X01.mes,171,15,Rinka,あたし、もう帰るよ.じゃあね,나 이제 갈게. 그럼,나 이제 갈게. 그럼
dom3Rinka_X01.mes,Script/dom3Rinka_X01.mes,172,18,주인공,あっ…….<6E5C>いったいどうしたんだ?,아……<6E5C>대체 왜 그러는 거지?,아……<6E5C>대체 왜 그러는 거지?
dom3Rinka_X01.mes,Script/dom3Rinka_X01.mes,173,9,주인공,待って、いろは!,"기다려,이로하!","기다려,이로하!"
dom3Rinka_X01.mes,Script/dom3Rinka_X01.mes,174,25,Iroha,離してください.<6E5C>もう知りません、旦那様なんて!,"놓아주세요.<6E5C>이제 몰라요, 서방님 같은 거!","놓아주세요.<6E5C>이제 몰라요, 서방님 같은 거!"
dom3Rinka_X01.mes,Script/dom3Rinka_X01.mes,175,10,주인공,ごめん.悪かったよ,미안. 잘못했어,미안. 잘못했어
dom3Rinka_X01.mes,Script/dom3Rinka_X01.mes,176,25,Iroha,私より、若い女の子と会う方が<6E5C>楽しいんでしょう!,저보다 젊은 여자애가<6E5C>더 즐거우신 거죠!,저보다 젊은 여자애가<6E5C>더 즐거우신 거죠!
dom3Rinka_X01.mes,Script/dom3Rinka_X01.mes,177,5,[효과음/내레이션],ポカポカ,콩콩,콩콩
dom3Rinka_X01.mes,Script/dom3Rinka_X01.mes,178,12,주인공,いてて!悪かったって!,"아야,미안하다니까!","아야,미안하다니까!"
dom3Rinka_X01.mes,Script/dom3Rinka_X01.mes,179,20,주인공,(……凛花、どこに行ったの<6E5C>かな……),"(……린카, 어디로 간<6E5C>걸까……)","(……린카, 어디로 간<6E5C>걸까……)"
dom3Rinka_X01.mes,Script/dom3Rinka_X01.mes,180,15,주인공,いいかげん、機嫌直してくれよ,이제 그만 기분 좀 풀어줘,이제 그만 기분 좀 풀어줘
dom3Rinka_X01.mes,Script/dom3Rinka_X01.mes,181,10,Iroha,もう怒ってませんよ,이제 안 화났어요,이제 안 화났어요
dom3Rinka_X01.mes,Script/dom3Rinka_X01.mes,182,20,주인공,怒ってないって……晩めし、<6E5C>これだけ?,안 화났다면서……저녁이<6E5C>이것뿐이야?,안 화났다면서……저녁이<6E5C>이것뿐이야?
dom3Rinka_X01.mes,Script/dom3Rinka_X01.mes,183,33,Iroha,お漬物のどこがいけないんですか.<6E5C>嫌なら食べなくてけっこうです!,장아찌가 뭐가 어때서요.<6E5C>싫으면 안 드셔도 돼요!,장아찌가 뭐가 어때서요.<6E5C>싫으면 안 드셔도 돼요!
dom3Rinka_X01.mes,Script/dom3Rinka_X01.mes,184,40,주인공,た、食べるよ!……ポリポリ.<6E5C>はは、いろはの漬けてくれた<6E5C>漬物は、おいしいなぁ,"머, 먹을게!……아삭아삭.<6E5C>하하, 이로하가 담가준<6E5C>장아찌는 참 맛있네","머, 먹을게!……아삭아삭.<6E5C>하하, 이로하가 담가준<6E5C>장아찌는 참 맛있네"
dom3Rinka_X01.mes,Script/dom3Rinka_X01.mes,185,16,Iroha,それはご近所でもらったものです,그거 이웃집에서 받은 거예요,그거 이웃집에서 받은 거예요
dom3Rinka_X01.mes,Script/dom3Rinka_X01.mes,186,5,주인공,……はぁ,……하아,……하아
dom3Rinka_X02.mes,Script/dom3Rinka_X02.mes,0,13,Iroha,旦那様、今日はどちらへ?,"서방님,오늘은 어디로?","서방님,오늘은 어디로?"
dom3Rinka_X02.mes,Script/dom3Rinka_X02.mes,1,29,주인공,(いろはには悪いけど、<6E5C>昨日の凛花の様子が気になるなあ),"(이로하한텐 미안하지만,<6E5C>어제 린카가 신경 쓰여)","(이로하한텐 미안하지만,<6E5C>어제 린카가 신경 쓰여)"
dom3Rinka_X02.mes,Script/dom3Rinka_X02.mes,2,9,주인공,今日も剣の稽古に,오늘도 수련하러,오늘도 수련하러
dom3Rinka_X02.mes,Script/dom3Rinka_X02.mes,3,9,Iroha,……わかりました,……알겠어요,……알겠어요
dom3Rinka_X02.mes,Script/dom3Rinka_X02.mes,4,11,주인공,(あれ?怒らないぞ),(어라?안 화내네),(어라?안 화내네)
dom3Rinka_X02.mes,Script/dom3Rinka_X02.mes,5,15,Iroha,今日は私もいっしょに行きます,오늘은 저도 같이 갈게요,오늘은 저도 같이 갈게요
dom3Rinka_X02.mes,Script/dom3Rinka_X02.mes,6,5,주인공,えー!?,에엑!?,에엑!?
dom3Rinka_X02.mes,Script/dom3Rinka_X02.mes,7,24,주인공,なぁ、いろは.<6E5C>稽古なんて見てても面白くないよ,"저기,이로하.<6E5C>수련 같은 거 봐도 재미없어","저기,이로하.<6E5C>수련 같은 거 봐도 재미없어"
dom3Rinka_X02.mes,Script/dom3Rinka_X02.mes,8,62,Iroha,旦那様がまじめに稽古する姿を<6E5C>見るのは楽しいです<485C>それに、旦那様に悪い虫が<6E5C>つかないように見張るのも、<6E5C>いろはの役目です!,서방님이 진지하게 수련하는 모습<6E5C>보는 게 즐거워요<485C>게다가 나쁜 벌레 안 붙게<6E5C>지키는 것도 이로하 몫이에요!,서방님이 진지하게 수련하는 모습<6E5C>보는 게 즐거워요<485C>게다가 나쁜 벌레 안 붙게<6E5C>지키는 것도 이로하 몫이에요!
dom3Rinka_X02.mes,Script/dom3Rinka_X02.mes,9,10,주인공,(悪い虫って……),(나쁜벌레라니…),(나쁜벌레라니…)
dom3Rinka_X02.mes,Script/dom3Rinka_X02.mes,10,4,[효과음/내레이션],ガラッ,드르륵,드르륵
dom3Rinka_X02.mes,Script/dom3Rinka_X02.mes,11,10,주인공,あ、凛花.おはよう,"린카,좋은 아침","린카,좋은 아침"
dom3Rinka_X02.mes,Script/dom3Rinka_X02.mes,12,3,Rinka,……,……,……
dom3Rinka_X02.mes,Script/dom3Rinka_X02.mes,13,17,주인공,よ、よし、さっそく手合わせするか,"좋, 좋아, 바로 겨뤄볼까","좋, 좋아, 바로 겨뤄볼까"
dom3Rinka_X02.mes,Script/dom3Rinka_X02.mes,14,6,Rinka,今日はいい,오늘은됐어,오늘은됐어
dom3Rinka_X02.mes,Script/dom3Rinka_X02.mes,15,4,주인공,えっ?,어?,어?
dom3Rinka_X02.mes,Script/dom3Rinka_X02.mes,16,13,Rinka,今日はひとりで稽古するよ,오늘은 혼자 수련할래,오늘은 혼자 수련할래
dom3Rinka_X02.mes,Script/dom3Rinka_X02.mes,17,5,주인공,なんで?,왜?,왜?
dom3Rinka_X02.mes,Script/dom3Rinka_X02.mes,18,10,Rinka,そういう気分なんだ,그런 기분이야,그런 기분이야
dom3Rinka_X02.mes,Script/dom3Rinka_X02.mes,19,3,[효과음/내레이션],スッ,스윽,스윽
dom3Rinka_X02.mes,Script/dom3Rinka_X02.mes,20,5,주인공,あっ……,아……,아……
dom3Rinka_X02.mes,Script/dom3Rinka_X02.mes,21,5,Iroha,あら……,어머……,어머……
dom3Rinka_X02.mes,Script/dom3Rinka_X02.mes,22,45,Iroha,今日はお相手もいないようですし、<6E5C>稽古はやめていっしょに<6E5C>お買い物に行きましょう、旦那様,"오늘은 상대도 없는 것 같으니,<6E5C>수련은 그만두고 같이<6E5C>장 보러 가요, 서방님","오늘은 상대도 없는 것 같으니,<6E5C>수련은 그만두고 같이<6E5C>장 보러 가요, 서방님"
dom3Rinka_X02.mes,Script/dom3Rinka_X02.mes,23,3,주인공,えっ,어,어
dom3Rinka_X02.mes,Script/dom3Rinka_X02.mes,24,7,Iroha,行きますよ!,갈 거예요!,갈 거예요!
dom3Rinka_X02.mes,Script/dom3Rinka_X02.mes,25,4,[효과음/내레이션],ぐいっ,휙,휙
dom3Rinka_X02.mes,Script/dom3Rinka_X02.mes,26,5,주인공,うう……,으으……,으으……
dom3Rinka_X02.mes,Script/dom3Rinka_X02.mes,27,51,주인공,……はぁはぁ.<6E5C>なんとか買い物から抜けられたぞ<485C>さっさと道場に戻ろう.<6E5C>どうも凛花の態度が気にかかる,……하아하아.<6E5C>겨우 장보기서 빠져나왔군<485C>얼른 도장으로.<6E5C>린카 태도가 마음에 걸려,……하아하아.<6E5C>겨우 장보기서 빠져나왔군<485C>얼른 도장으로.<6E5C>린카 태도가 마음에 걸려
dom3Rinka_X02.mes,Script/dom3Rinka_X02.mes,28,10,주인공,あれ、……いない?,"어라, ……없네?","어라, ……없네?"
dom3Rinka_X02.mes,Script/dom3Rinka_X02.mes,29,20,주인공,あ、覇王丸さん.<6E5C>凛花、知りませんか?,"아, 하오마루씨.<6E5C>린카 못보셨어요?","아, 하오마루씨.<6E5C>린카 못보셨어요?"
dom3Rinka_X02.mes,Script/dom3Rinka_X02.mes,30,22,UNKNOWN_75,凛花ならそこで素振りを……、ん?<6E5C>いねぇな,"린카라면 저기서 연습을……,응?<6E5C>없구먼","린카라면 저기서 연습을……,응?<6E5C>없구먼"
dom3Rinka_X02.mes,Script/dom3Rinka_X02.mes,31,47,UNKNOWN_75,鬼気迫る勢いで稽古してたんだが…<6E5C>…おめぇたち、仲よくなったと<6E5C>思ったらさっそく痴話喧嘩か?,필사적으로 수련하더니…<6E5C>…너희들 사이좋아졌나<6E5C>싶더니 벌써 사랑싸움이냐?,필사적으로 수련하더니…<6E5C>…너희들 사이좋아졌나<6E5C>싶더니 벌써 사랑싸움이냐?
dom3Rinka_X02.mes,Script/dom3Rinka_X02.mes,32,33,주인공,違いますよ!とにかく、<6E5C>さっきまではいたんですね.<6E5C>失礼しますっ,"아니에요!아무튼,<6E5C>방금까진 있었단 거군요.<6E5C>실례할게요!","아니에요!아무튼,<6E5C>방금까진 있었단 거군요.<6E5C>실례할게요!"
dom3Rinka_X02.mes,Script/dom3Rinka_X02.mes,33,16,UNKNOWN_75,おい、そんなに急がねぇでも……,"야, 그리 안서둘러도……","야, 그리 안서둘러도……"
dom3Rinka_X02.mes,Script/dom3Rinka_X02.mes,34,3,[효과음/내레이션],ダッ,탁,탁
dom3Rinka_X02.mes,Script/dom3Rinka_X02.mes,35,31,Saya,アラァ、<이름:3232>ちゃん.<6E5C>走らなくても、<6E5C>ワタシは逃げないわヨ?,"어머, <이름:3232> 짱.<6E5C>안 뛰어도,<6E5C>나는 안 도망가는데?","어머, <이름:3232> 짱.<6E5C>안 뛰어도,<6E5C>나는 안 도망가는데?"
dom3Rinka_X02.mes,Script/dom3Rinka_X02.mes,36,20,주인공,そうじゃなくて、凛花、<6E5C>来てませんか?,"그게 아니라,린카,<6E5C>여기 안왔어요?","그게 아니라,린카,<6E5C>여기 안왔어요?"
dom3Rinka_X02.mes,Script/dom3Rinka_X02.mes,37,35,Saya,なんだ、お目当ては凛花?<6E5C>こっちには来てないわヨ.<6E5C>道場じゃないの?,"뭐야, 찾는 건 린카?<6E5C>여긴 안 왔는데.<6E5C>도장 아니야?","뭐야, 찾는 건 린카?<6E5C>여긴 안 왔는데.<6E5C>도장 아니야?"
dom3Rinka_X02.mes,Script/dom3Rinka_X02.mes,38,14,주인공,それが道場にもいなくて……,그게 도장에도 없어서……,그게 도장에도 없어서……
dom3Rinka_X02.mes,Script/dom3Rinka_X02.mes,39,34,Saya,……そう.<6E5C>そういえば、昨日帰って来てから<6E5C>様子がおかしかったのよ,"……그래.<6E5C>그러고 보니, 어제 돌아오고 나서<6E5C>모습이 이상했어","……그래.<6E5C>그러고 보니, 어제 돌아오고 나서<6E5C>모습이 이상했어"
dom3Rinka_X02.mes,Script/dom3Rinka_X02.mes,40,23,Saya,<이름:3232>ちゃん、<6E5C>何かしたんじゃないでしょうね?,"<이름:3232> 짱,<6E5C>뭔가 한 거 아니지?","<이름:3232> 짱,<6E5C>뭔가 한 거 아니지?"
dom3Rinka_X02.mes,Script/dom3Rinka_X02.mes,41,11,주인공,な、何もしてませんよ,아무것도 안했어요,아무것도 안했어요
dom3Rinka_X02.mes,Script/dom3Rinka_X02.mes,42,34,Saya,そうよね、<이름:3232>ちゃんに限って<6E5C>女の子泣かすような事は<6E5C>しないわよネ,"그렇지, <이름:3232> 짱이라면<6E5C>여자애 울릴 만한 짓은<6E5C>안 하겠지","그렇지, <이름:3232> 짱이라면<6E5C>여자애 울릴 만한 짓은<6E5C>안 하겠지"
dom3Rinka_X02.mes,Script/dom3Rinka_X02.mes,43,29,Saya,凛花を見かけたら、<6E5C><이름:3232>ちゃんが探してたと<6E5C>伝えておくワ,"린카를 보면,<6E5C><이름:3232> 짱이 찾더라고<6E5C>전해둘게","린카를 보면,<6E5C><이름:3232> 짱이 찾더라고<6E5C>전해둘게"
dom3Rinka_X02.mes,Script/dom3Rinka_X02.mes,44,7,주인공,お願いします,부탁드려요,부탁드려요
dom3Rinka_X02.mes,Script/dom3Rinka_X02.mes,45,12,Shino,<이름:3232>さん、いらっしゃい,"<이름:3232> 씨, 어서 와요","<이름:3232> 씨, 어서 와요"
dom3Rinka_X02.mes,Script/dom3Rinka_X02.mes,46,11,주인공,凛花、来てないよね?,"린카, 안 왔지?","린카, 안 왔지?"
dom3Rinka_X02.mes,Script/dom3Rinka_X02.mes,47,15,Shino,来てないけど?どうかしたの?,안왔는데?무슨 일 있어?,안왔는데?무슨 일 있어?
dom3Rinka_X02.mes,Script/dom3Rinka_X02.mes,48,21,주인공,いや、来てなかったらいいんだ.<6E5C>じゃあっ,"아니, 안 왔으면 됐어.<6E5C>그럼!","아니, 안 왔으면 됐어.<6E5C>그럼!"
dom3Rinka_X02.mes,Script/dom3Rinka_X02.mes,49,15,Shino,ちょっと、食べてかないのぉ?,"잠깐, 먹고 안 가?","잠깐, 먹고 안 가?"
dom3Rinka_X02.mes,Script/dom3Rinka_X02.mes,50,3,[효과음/내레이션],ダッ,탁,탁
dom3Rinka_X02.mes,Script/dom3Rinka_X02.mes,51,12,주인공,どこに行ったんだ、凛花,"어디간거야,린카","어디간거야,린카"
dom3Rinka_X02.mes,Script/dom3Rinka_X02.mes,52,27,주인공,家にも帰ってないし、<6E5C>あとはここらへんを探すしか……,"집에도 안왔고,<6E5C>이 근처를 찾아볼 수밖에……","집에도 안왔고,<6E5C>이 근처를 찾아볼 수밖에……"
dom3Rinka_X02.mes,Script/dom3Rinka_X02.mes,53,39,주인공,(……?何か先程から視線を<6E5C>感じる…….まさか、後を<6E5C>つけられているのか?),(……? 아까부터 시선이<6E5C>느껴지는데……. 설마 미행<6E5C>당하나?),(……? 아까부터 시선이<6E5C>느껴지는데……. 설마 미행<6E5C>당하나?)
dom3Rinka_X02.mes,Script/dom3Rinka_X02.mes,54,23,주인공,(よし、ここは気づかないふりで<6E5C>歩いて……),"(좋아,못본척<6E5C>걸어가다가……)","(좋아,못본척<6E5C>걸어가다가……)"
dom3Rinka_X02.mes,Script/dom3Rinka_X02.mes,55,8,[선택지],振り返る走りだす,돌아본다\달린다,돌아본다\달린다
dom3Rinka_X02.mes,Script/dom3Rinka_X02.mes,56,6,주인공,(今だ!),(지금!),(지금!)
dom3Rinka_X02.mes,Script/dom3Rinka_X02.mes,57,3,[효과음/내레이션],バッ,휙,휙
dom3Rinka_X02.mes,Script/dom3Rinka_X02.mes,58,6,주인공,あ、待て!,기다려!,기다려!
dom3Rinka_X02.mes,Script/dom3Rinka_X02.mes,59,5,[효과음/내레이션],ダダダッ,다다닥,다다닥
dom3Rinka_X02.mes,Script/dom3Rinka_X02.mes,60,31,주인공,はぁはぁはぁ.<6E5C>くそぉ、逃げられた.<6E5C>でも、今の後ろ姿は……,"하아하아하아.<6E5C>젠장 놓쳤다.<6E5C>근데, 그 뒷모습은……","하아하아하아.<6E5C>젠장 놓쳤다.<6E5C>근데, 그 뒷모습은……"
dom3Rinka_X02.mes,Script/dom3Rinka_X02.mes,61,35,주인공,(……ん?<6E5C>どうしていなくなったのに、<6E5C>まだ視線を感じるんだ……?),(……응?<6E5C>사라졌는데 왜<6E5C>아직도 시선이 느껴지지……?),(……응?<6E5C>사라졌는데 왜<6E5C>아직도 시선이 느껴지지……?)
dom3Rinka_X02.mes,Script/dom3Rinka_X02.mes,62,6,주인공,(今だ!),(지금!),(지금!)
dom3Rinka_X02.mes,Script/dom3Rinka_X02.mes,63,6,[효과음/내레이션],ダダダダッ,다다다닥,다다다닥
dom3Rinka_X02.mes,Script/dom3Rinka_X02.mes,64,12,주인공,(ここを曲がって、と),"(여기서 돌면,하고)","(여기서 돌면,하고)"
dom3Rinka_X02.mes,Script/dom3Rinka_X02.mes,65,8,UNKNOWN_1e,……ハァ、ハァ,"……하아,하아","……하아,하아"
dom3Rinka_X02.mes,Script/dom3Rinka_X02.mes,66,15,UNKNOWN_74,チクショウ、どこ行きやがった,"젠장, 어디로 간 거야","젠장, 어디로 간 거야"
dom3Rinka_X02.mes,Script/dom3Rinka_X02.mes,67,13,주인공,何やっているんだ、狂エ門,"뭐 하는 거야, 쿄에몬","뭐 하는 거야, 쿄에몬"
dom3Rinka_X02.mes,Script/dom3Rinka_X02.mes,68,7,UNKNOWN_74,うわ!<이름:3232>!,우왓!<이름:3232>!,우왓!<이름:3232>!
dom3Rinka_X02.mes,Script/dom3Rinka_X02.mes,69,16,주인공,どうして俺の後をつけてたんだ?,왜 내 뒤를 밟은거야?,왜 내 뒤를 밟은거야?
dom3Rinka_X02.mes,Script/dom3Rinka_X02.mes,70,19,UNKNOWN_74,テ、テメェの後なんか<6E5C>つけてねぇーよ,너 따위 뒤<6E5C>밟은적 없거든,너 따위 뒤<6E5C>밟은적 없거든
dom3Rinka_X02.mes,Script/dom3Rinka_X02.mes,71,9,주인공,あ、待て、こら!,"기다려,이놈아!","기다려,이놈아!"
dom3Rinka_X02.mes,Script/dom3Rinka_X02.mes,72,55,주인공,(行ってしまった…….<6E5C>でも、なぜ狂エ門が?)<485C>(……それに、まだ妙な視線を<6E5C>感じる.いったいなんなんだ?),"(가버렸네……<6E5C>근데, 왜 쿄에몬이?)<485C>(……게다가, 아직도 이상한 시선이<6E5C>느껴져. 대체 뭐지?)","(가버렸네……<6E5C>근데, 왜 쿄에몬이?)<485C>(……게다가, 아직도 이상한 시선이<6E5C>느껴져. 대체 뭐지?)"
dom3Rinka_X02.mes,Script/dom3Rinka_X02.mes,73,4,주인공,あっ!,아!,아!
dom3Rinka_X02.mes,Script/dom3Rinka_X02.mes,74,20,주인공,凛花!どこ行ってたんだ?<6E5C>探したんだぞ,린카! 어디 갔었던 거야?<6E5C>찾았잖아,린카! 어디 갔었던 거야?<6E5C>찾았잖아
dom3Rinka_X02.mes,Script/dom3Rinka_X02.mes,75,14,Rinka,…….<6E5C>ずっとここにいたよ,…….<6E5C>계속 여기 있었어,…….<6E5C>계속 여기 있었어
dom3Rinka_X02.mes,Script/dom3Rinka_X02.mes,76,26,주인공,そんなはずないだろ.<6E5C>さっきはいなかったじゃないか,그럴 리 없잖아.<6E5C>아까는 없었잖아,그럴 리 없잖아.<6E5C>아까는 없었잖아
dom3Rinka_X02.mes,Script/dom3Rinka_X02.mes,77,22,Rinka,たまたまだよ.<6E5C>あたしだって厠ぐらい行くし,우연이야.<6E5C>나도 뒷간 정도는 가니까,우연이야.<6E5C>나도 뒷간 정도는 가니까
dom3Rinka_X02.mes,Script/dom3Rinka_X02.mes,78,12,주인공,……なんで嘘をつくんだ,……왜 거짓말하는거야,……왜 거짓말하는거야
dom3Rinka_X02.mes,Script/dom3Rinka_X02.mes,79,8,Rinka,……うるさい!,……시끄러워!,……시끄러워!
dom3Rinka_X02.mes,Script/dom3Rinka_X02.mes,80,7,주인공,おい、待てよ,"야, 기다려","야, 기다려"
dom3Rinka_X02.mes,Script/dom3Rinka_X02.mes,81,22,Rinka,体を拭きに行くんだ.<6E5C>それとも見たいのか?,몸 닦으러 가는거야.<6E5C>아님 보고싶어?,몸 닦으러 가는거야.<6E5C>아님 보고싶어?
dom3Rinka_X02.mes,Script/dom3Rinka_X02.mes,82,6,주인공,バ、バカ!,"바,바보!","바,바보!"
dom3Rinka_X02.mes,Script/dom3Rinka_X02.mes,83,5,UNKNOWN_7a,ヂヂヂッ,지지직,지지직
dom3Rinka_X02.mes,Script/dom3Rinka_X02.mes,84,3,[효과음/내레이션],タッ,탁,탁
dom3Rinka_X02.mes,Script/dom3Rinka_X02.mes,85,16,주인공,あっ!……どうしたんだよ、凛花,"앗!……왜 그래, 린카","앗!……왜 그래, 린카"
dom3Rinka_X02.mes,Script/dom3Rinka_X02.mes,86,23,주인공,ごめん!<6E5C>途中でいなくなったのは<6E5C>悪かったよ,미안!<6E5C>중간에 사라진 건<6E5C>내가 잘못했어,미안!<6E5C>중간에 사라진 건<6E5C>내가 잘못했어
dom3Rinka_X02.mes,Script/dom3Rinka_X02.mes,87,15,Iroha,もう旦那様なんて知りません!,이제 서방님 몰라요!,이제 서방님 몰라요!
dom3Rinka_X02.mes,Script/dom3Rinka_X02.mes,88,5,[효과음/내레이션],ドンドン,쿵쿵,쿵쿵
dom3Rinka_X02.mes,Script/dom3Rinka_X02.mes,89,15,주인공,あ、ほらほら、お客さんだよ!,"아,이봐,손님왔어!","아,이봐,손님왔어!"
dom3Rinka_X02.mes,Script/dom3Rinka_X02.mes,90,11,Iroha,もぉ、旦那様ったら!,"정말,서방님도참!","정말,서방님도참!"
dom3Rinka_X02.mes,Script/dom3Rinka_X02.mes,91,4,[효과음/내레이션],ガラッ,드르륵,드르륵
dom3Rinka_X02.mes,Script/dom3Rinka_X02.mes,92,12,Saya,夜遅くにゴメンナサイね,밤늦게 미안해,밤늦게 미안해
dom3Rinka_X02.mes,Script/dom3Rinka_X02.mes,93,14,주인공,サヤさん?どうしたんですか,사야 씨? 무슨 일이세요,사야 씨? 무슨 일이세요
dom3Rinka_X02.mes,Script/dom3Rinka_X02.mes,94,9,Saya,凛花、来てない?,"린카,안왔어?","린카,안왔어?"
dom3Rinka_X02.mes,Script/dom3Rinka_X02.mes,95,13,주인공,え、来てないですけど……,"어, 안 왔는데요……","어, 안 왔는데요……"
dom3Rinka_X02.mes,Script/dom3Rinka_X02.mes,96,25,Saya,……夕食を作っている間に<6E5C>いなくなっちゃったのよ,……저녁 준비하는 사이에<6E5C>사라져 버렸어,……저녁 준비하는 사이에<6E5C>사라져 버렸어
dom3Rinka_X02.mes,Script/dom3Rinka_X02.mes,97,4,주인공,えっ?,어?,어?
dom3Rinka_X02.mes,Script/dom3Rinka_X02.mes,98,33,Saya,あの子、こんな夜にだまって<6E5C>出かけたことなんて<6E5C>なかったのに……,그 애가 이런 밤에 말도 없이<6E5C>나간 적은<6E5C>없었는데……,그 애가 이런 밤에 말도 없이<6E5C>나간 적은<6E5C>없었는데……
dom3Rinka_X02.mes,Script/dom3Rinka_X02.mes,99,15,주인공,それは心配だ.俺も探しますよ,걱정되네요.저도 찾을게요,걱정되네요.저도 찾을게요
dom3Rinka_X02.mes,Script/dom3Rinka_X02.mes,100,6,Saya,ありがとう,고마워,고마워
dom3Rinka_X02.mes,Script/dom3Rinka_X02.mes,101,19,주인공,いろは、というわけだから<6E5C>出かけるよ,"이로하, 그런 이유니까<6E5C>나갔다올게","이로하, 그런 이유니까<6E5C>나갔다올게"
dom3Rinka_X02.mes,Script/dom3Rinka_X02.mes,102,7,Iroha,あ、旦那様!,"아,서방님!","아,서방님!"
dom3Rinka_X02.mes,Script/dom3Rinka_X02.mes,103,13,주인공,俺はあっちの方を探します,저는 저쪽을 찾아볼게요,저는 저쪽을 찾아볼게요
dom3Rinka_X02.mes,Script/dom3Rinka_X02.mes,104,21,Saya,じゃあワタシはこっちを探すわ.<6E5C>お願いね,그럼 나는 이쪽을 찾을게.<6E5C>부탁해,그럼 나는 이쪽을 찾을게.<6E5C>부탁해
dom3Rinka_X02.mes,Script/dom3Rinka_X02.mes,105,5,주인공,凛花ー!,린카ー!,린카ー!
dom3Rinka_X02.mes,Script/dom3Rinka_X02.mes,106,29,주인공,(もう、何があったっていうんだ?<6E5C>みんなに心配をかけて),"(대체, 무슨 일이 있었던 거야?<6E5C>다들 걱정시키고)","(대체, 무슨 일이 있었던 거야?<6E5C>다들 걱정시키고)"
dom3Rinka_X02.mes,Script/dom3Rinka_X02.mes,107,16,주인공,凛花ー!……ハァハァ、いないな,"린카ー!……하아하아, 없네","린카ー!……하아하아, 없네"
dom3Rinka_X02.mes,Script/dom3Rinka_X02.mes,108,7,UNKNOWN_1e,<이름:3232>ちゃん!,<이름:3232> 짱!,<이름:3232> 짱!
dom3Rinka_X02.mes,Script/dom3Rinka_X02.mes,109,17,주인공,あ、サヤさん.……それに、凛花!,"아,사야씨.……게다가,린카!","아,사야씨.……게다가,린카!"
dom3Rinka_X02.mes,Script/dom3Rinka_X02.mes,110,21,Saya,念のため家に戻ってみたら、<6E5C>帰ってたのヨ,"집에 가봤더니,<6E5C>돌아와 있었어","집에 가봤더니,<6E5C>돌아와 있었어"
dom3Rinka_X02.mes,Script/dom3Rinka_X02.mes,111,10,주인공,なんだ.よかったぁ,뭐야. 다행이다,뭐야. 다행이다
dom3Rinka_X02.mes,Script/dom3Rinka_X02.mes,112,27,Saya,ホラ、<이름:3232>ちゃんも探して<6E5C>くれてたんだから謝りなさい,"자, <이름:3232> 짱도 찾아<6E5C>줬으니까 사과해","자, <이름:3232> 짱도 찾아<6E5C>줬으니까 사과해"
dom3Rinka_X02.mes,Script/dom3Rinka_X02.mes,113,6,Rinka,……ごめん,……미안,……미안
dom3Rinka_X02.mes,Script/dom3Rinka_X02.mes,114,17,주인공,どこに行ってたんだよ、こんな夜に,"어디 갔었던 거야, 이런 밤에","어디 갔었던 거야, 이런 밤에"
dom3Rinka_X02.mes,Script/dom3Rinka_X02.mes,115,20,Rinka,……ちょっと風に当たりに<6E5C>出ただけだよ,……잠깐 바람 쐬러<6E5C>나갔던 것뿐이야,……잠깐 바람 쐬러<6E5C>나갔던 것뿐이야
dom3Rinka_X02.mes,Script/dom3Rinka_X02.mes,116,35,주인공,でも、サヤさんにも<6E5C>だまって出るなんて.<6E5C>今日は凛花、少しおかしいぞ,그래도 사야씨한테도<6E5C>말없이 나가다니.<6E5C>오늘 린카 좀 이상해,그래도 사야씨한테도<6E5C>말없이 나가다니.<6E5C>오늘 린카 좀 이상해
dom3Rinka_X02.mes,Script/dom3Rinka_X02.mes,117,8,Rinka,なんでもないっ,아무것도아냐!,아무것도아냐!
dom3Rinka_X02.mes,Script/dom3Rinka_X02.mes,118,3,[효과음/내레이션],タッ,탁,탁
dom3Rinka_X02.mes,Script/dom3Rinka_X02.mes,119,26,Saya,あ、コラ、待ちなさい、凛花!<6E5C>ゴメンネ、<이름:3232>ちゃん,"아, 이봐, 기다려, 린카!<6E5C>미안해, <이름:3232> 군","아, 이봐, 기다려, 린카!<6E5C>미안해, <이름:3232> 군"
dom3Rinka_X02.mes,Script/dom3Rinka_X02.mes,120,4,[효과음/내레이션],タタッ,타닥,타닥
dom3Rinka_X02.mes,Script/dom3Rinka_X02.mes,121,31,주인공,……凛花.やっと打ち解け合えたと<6E5C>思ったのに、どうしたんだ?,"……린카. 좀 친해졌다<6E5C>싶었는데, 왜 그래?","……린카. 좀 친해졌다<6E5C>싶었는데, 왜 그래?"
dom3Rinka_X03.mes,Script/dom3Rinka_X03.mes,0,41,주인공,(凛花のことが気になって、<6E5C>朝から来てしまった.<6E5C>いろはには悪いことしたかな?),"(린카가 신경 쓰여서,<6E5C>아침부터 와버렸다.<6E5C>이로하한테는 미안하게 됐나?)","(린카가 신경 쓰여서,<6E5C>아침부터 와버렸다.<6E5C>이로하한테는 미안하게 됐나?)"
dom3Rinka_X03.mes,Script/dom3Rinka_X03.mes,1,7,[효과음/내레이션],キョロキョロ,두리번두리번,두리번두리번
dom3Rinka_X03.mes,Script/dom3Rinka_X03.mes,2,45,주인공,……あれ?来てないぞ.あの稽古<6E5C>好きが道場に来ないなんて……、<6E5C>おかしい.探しに行こう!,……어라? 안 왔네. 수련<6E5C>좋아하는 애가 도장에 안 오다니<6E5C>이상해. 찾아보자!,……어라? 안 왔네. 수련<6E5C>좋아하는 애가 도장에 안 오다니<6E5C>이상해. 찾아보자!
dom3Rinka_X03.mes,Script/dom3Rinka_X03.mes,3,7,주인공,……いないな,……없네,……없네
dom3Rinka_X03.mes,Script/dom3Rinka_X03.mes,4,16,주인공,こんなところにはいないよな……,이런 데는 없겠지……,이런 데는 없겠지……
dom3Rinka_X03.mes,Script/dom3Rinka_X03.mes,5,19,주인공,いったいどこに行ったんだよ、<6E5C>凛花は,"대체 어디 간 거야,<6E5C>린카는","대체 어디 간 거야,<6E5C>린카는"
dom3Rinka_X03.mes,Script/dom3Rinka_X03.mes,6,48,주인공,はぁ.俺、昨日からこんなことばっ<6E5C>かりやってるな.それもこれも、<6E5C>凛花が何度もいなくなるからだ,"하아. 나 어제부터 이런 짓만<6E5C>하네. 이것도 다,<6E5C>린카가 자꾸 없어지니까 그런 거지","하아. 나 어제부터 이런 짓만<6E5C>하네. 이것도 다,<6E5C>린카가 자꾸 없어지니까 그런 거지"
dom3Rinka_X03.mes,Script/dom3Rinka_X03.mes,7,35,주인공,いやな予感がするし、<6E5C>早く探し出そう.<6E5C>様子がおかしくなったのは……,"불길한 예감이 드니까,<6E5C>얼른 찾아내자.<6E5C>상태가 이상해진 건……","불길한 예감이 드니까,<6E5C>얼른 찾아내자.<6E5C>상태가 이상해진 건……"
dom3Rinka_X03.mes,Script/dom3Rinka_X03.mes,8,29,주인공,そうだ.遊びに行った時だ.<6E5C>あのとき凛花が見てたもの……,맞다. 놀러 갔을 때.<6E5C>그때 린카가 보던 것……,맞다. 놀러 갔을 때.<6E5C>그때 린카가 보던 것……
dom3Rinka_X03.mes,Script/dom3Rinka_X03.mes,9,8,주인공,牙神幻十郎だ!,겐주로다!,겐주로다!
dom3Rinka_X03.mes,Script/dom3Rinka_X03.mes,10,7,주인공,詩乃さーん!,시노 씨~!,시노 씨~!
dom3Rinka_X03.mes,Script/dom3Rinka_X03.mes,11,15,Shino,どうしたの?そんなにあわてて,"무슨 일이야, 허둥대며?","무슨 일이야, 허둥대며?"
dom3Rinka_X03.mes,Script/dom3Rinka_X03.mes,12,14,주인공,牙神幻十郎を知らないかい?,겐주로 못 봤어?,겐주로 못 봤어?
dom3Rinka_X03.mes,Script/dom3Rinka_X03.mes,13,41,Shino,女の子の次は幻十郎さん?<6E5C>あの人ならさっきまで二階で<6E5C>寝てたわよ.いいご身分よね,여자애 다음은 겐주로 씨?<6E5C>아까까지 이층에서<6E5C>자고 있었어. 팔자 좋지,여자애 다음은 겐주로 씨?<6E5C>아까까지 이층에서<6E5C>자고 있었어. 팔자 좋지
dom3Rinka_X03.mes,Script/dom3Rinka_X03.mes,14,7,주인공,さっきまで?,아까까지?,아까까지?
dom3Rinka_X03.mes,Script/dom3Rinka_X03.mes,15,28,Shino,ええ.つい今しがた出て行ったわよ<6E5C>.西の方角に行ったわ,응. 방금 막 나갔어<6E5C>. 서쪽으로 갔어,응. 방금 막 나갔어<6E5C>. 서쪽으로 갔어
dom3Rinka_X03.mes,Script/dom3Rinka_X03.mes,16,7,주인공,ありがとう!,고마워!,고마워!
dom3Rinka_X03.mes,Script/dom3Rinka_X03.mes,17,6,Shino,<이름:3232>さん?,<이름:3232> 씨?,<이름:3232> 씨?
dom3Rinka_X03.mes,Script/dom3Rinka_X03.mes,18,4,[효과음/내레이션],チャキ,챙,챙
dom3Rinka_X03.mes,Script/dom3Rinka_X03.mes,19,12,UNKNOWN_1e,父さんの仇、覚悟しろ!,"아빠 원수, 각오해!","아빠 원수, 각오해!"
dom3Rinka_X03.mes,Script/dom3Rinka_X03.mes,20,6,주인공,あの声は!,그 소리!,그 소리!
dom3Rinka_X03.mes,Script/dom3Rinka_X03.mes,21,7,UNKNOWN_77,なんだお前は,뭐냐 넌,뭐냐 넌
dom3Rinka_X03.mes,Script/dom3Rinka_X03.mes,22,33,Rinka,忘れたとは言わせないよ!あたし<6E5C>の父さんを殺したのはあんただろ!,잊었다곤 못 해!<6E5C>내 아버지 죽인 건 당신이잖아!,잊었다곤 못 해!<6E5C>내 아버지 죽인 건 당신이잖아!
dom3Rinka_X03.mes,Script/dom3Rinka_X03.mes,23,23,UNKNOWN_77,斬った人間のことなど、<6E5C>いちいち覚えておらん,"벤 인간 따위,<6E5C>일일이 기억 안 한다","벤 인간 따위,<6E5C>일일이 기억 안 한다"
dom3Rinka_X03.mes,Script/dom3Rinka_X03.mes,24,22,Rinka,うるさい!その背中の傷が証拠だ<6E5C>!覚悟っ!,시끄러워!그 등 상처가 증거다<6E5C>각오해!,시끄러워!그 등 상처가 증거다<6E5C>각오해!
dom3Rinka_X03.mes,Script/dom3Rinka_X03.mes,25,5,주인공,駄目だ!,안 돼!,안 돼!
dom3Rinka_X03.mes,Script/dom3Rinka_X03.mes,26,16,[선택지],二人の間に飛び出す幻十郎に向かう,사이로 뛰어든다\겐주로에게 간다,사이로 뛰어든다\겐주로에게 간다
dom3Rinka_X03.mes,Script/dom3Rinka_X03.mes,27,19,UNKNOWN_77,刃向かう者は女とて容赦せん.<6E5C>殺ス!,여자도 봐주지 않는다.<6E5C>죽인다!,여자도 봐주지 않는다.<6E5C>죽인다!
dom3Rinka_X03.mes,Script/dom3Rinka_X03.mes,28,6,주인공,危ないっ!,위험해!,위험해!
dom3Rinka_X03.mes,Script/dom3Rinka_X03.mes,29,7,[효과음/내레이션],ざしゅっっ!,서걱!,서걱!
dom3Rinka_X03.mes,Script/dom3Rinka_X03.mes,30,5,Rinka,<이름:3232>っ!,<이름:3232>!,<이름:3232>!
dom3Rinka_X03.mes,Script/dom3Rinka_X03.mes,31,8,주인공,う、うぅ……っ,"으, 으윽……","으, 으윽……"
dom3Rinka_X03.mes,Script/dom3Rinka_X03.mes,32,11,Rinka,なんで、あんたが……,"왜, 당신이……","왜, 당신이……"
dom3Rinka_X03.mes,Script/dom3Rinka_X03.mes,33,14,UNKNOWN_77,貴様、邪魔立てするつもりか,"네놈, 방해할 셈이냐","네놈, 방해할 셈이냐"
dom3Rinka_X03.mes,Script/dom3Rinka_X03.mes,34,11,주인공,り、凛花は斬らせない,린카는 못 베게 해,린카는 못 베게 해
dom3Rinka_X03.mes,Script/dom3Rinka_X03.mes,35,27,Rinka,何を言っているんだ、<이름:3232>!<6E5C>あんたは関係ないだろう!,"무슨 소리야, <이름:3232>!<6E5C>당신은 상관없잖아!","무슨 소리야, <이름:3232>!<6E5C>당신은 상관없잖아!"
dom3Rinka_X03.mes,Script/dom3Rinka_X03.mes,36,16,주인공,何があっても、ここはどかん……,무슨 일 있어도 안 비켜……,무슨 일 있어도 안 비켜……
dom3Rinka_X03.mes,Script/dom3Rinka_X03.mes,37,11,UNKNOWN_77,ならばもろとも死ね!,그럼 같이 죽어라!,그럼 같이 죽어라!
dom3Rinka_X03.mes,Script/dom3Rinka_X03.mes,38,5,[효과음/내레이션],チャキッ,챙!,챙!
dom3Rinka_X03.mes,Script/dom3Rinka_X03.mes,39,19,Rinka,やめてくれ!<6E5C>こいつは関係ないんだ!,그만해!<6E5C>이 녀석은 상관없다고!,그만해!<6E5C>이 녀석은 상관없다고!
dom3Rinka_X03.mes,Script/dom3Rinka_X03.mes,40,7,UNKNOWN_7a,ヂ、ヂ~ッ!,"지, 지잉!","지, 지잉!"
dom3Rinka_X03.mes,Script/dom3Rinka_X03.mes,41,17,UNKNOWN_1e,もうそのへんにしておけよ、幻十郎,"그쯤 해둬라, 겐주로","그쯤 해둬라, 겐주로"
dom3Rinka_X03.mes,Script/dom3Rinka_X03.mes,42,4,주인공,あ……,아……,아……
dom3Rinka_X03.mes,Script/dom3Rinka_X03.mes,43,17,UNKNOWN_77,覇王丸…….貴様まで邪魔をするか,하오마루…….네놈까지 방해냐,하오마루…….네놈까지 방해냐
dom3Rinka_X03.mes,Script/dom3Rinka_X03.mes,44,26,UNKNOWN_75,そいつを斬ったところでおめぇの<6E5C>得にはならないだろ,그놈을 벤다고 해서 네놈한테<6E5C>득 될 거 없잖아,그놈을 벤다고 해서 네놈한테<6E5C>득 될 거 없잖아
dom3Rinka_X03.mes,Script/dom3Rinka_X03.mes,45,21,UNKNOWN_77,ならば貴様が相手をしてくれると<6E5C>いうのか,그럼 네놈이 상대해<6E5C>주겠다는 거냐,그럼 네놈이 상대해<6E5C>주겠다는 거냐
dom3Rinka_X03.mes,Script/dom3Rinka_X03.mes,46,10,UNKNOWN_75,仕方ねぇな、来いよ,"할 수 없군, 와","할 수 없군, 와"
dom3Rinka_X03.mes,Script/dom3Rinka_X03.mes,47,5,UNKNOWN_77,よかろう,좋다,좋다
dom3Rinka_X03.mes,Script/dom3Rinka_X03.mes,48,3,[효과음/내레이션],タッ,탁,탁
dom3Rinka_X03.mes,Script/dom3Rinka_X03.mes,49,8,Rinka,<이름:3232>、血が……,"<이름:3232>, 피……","<이름:3232>, 피……"
dom3Rinka_X03.mes,Script/dom3Rinka_X03.mes,50,19,주인공,(凛花、無事だったんだ、よかった<6E5C>),"(린카, 무사했구나, 다행이다<6E5C>)","(린카, 무사했구나, 다행이다<6E5C>)"
dom3Rinka_X03.mes,Script/dom3Rinka_X03.mes,51,6,주인공,り、ん……,"리, 린","리, 린"
dom3Rinka_X03.mes,Script/dom3Rinka_X03.mes,52,14,주인공,(あれ?声がうまく出ない),(어라? 소리 안 나와),(어라? 소리 안 나와)
dom3Rinka_X03.mes,Script/dom3Rinka_X03.mes,53,11,Rinka,<이름:3232>、しっかりしろ!,"<이름:3232>, 정신 차려!","<이름:3232>, 정신 차려!"
dom3Rinka_X03.mes,Script/dom3Rinka_X03.mes,54,14,주인공,(あれ?目もおかしく……),(어라? 눈도 이상해),(어라? 눈도 이상해)
dom3Rinka_X03.mes,Script/dom3Rinka_X03.mes,55,6,Rinka,<이름:3232>っっ!,<이름:3232>!!,<이름:3232>!!
dom3Rinka_X03.mes,Script/dom3Rinka_X03.mes,56,11,주인공,(こうなったら……),(이렇게 된 이상),(이렇게 된 이상)
dom3Rinka_X03.mes,Script/dom3Rinka_X03.mes,57,11,주인공,助太刀するぞ、凛花!,"가세할게, 린카!","가세할게, 린카!"
dom3Rinka_X03.mes,Script/dom3Rinka_X03.mes,58,14,UNKNOWN_77,貴様、邪魔立てするつもりか,"네놈, 방해할 셈이냐","네놈, 방해할 셈이냐"
dom3Rinka_X03.mes,Script/dom3Rinka_X03.mes,59,5,Rinka,<이름:3232>!?,<이름:3232>!?,<이름:3232>!?
dom3Rinka_X03.mes,Script/dom3Rinka_X03.mes,60,30,주인공,凛花のかなう相手じゃない.<6E5C>奴は俺が引き留めるから、逃げろ,"린카 상대가 아니야.<6E5C>저놈은 내가 막을 테니, 도망쳐","린카 상대가 아니야.<6E5C>저놈은 내가 막을 테니, 도망쳐"
dom3Rinka_X03.mes,Script/dom3Rinka_X03.mes,61,17,Rinka,なにを、あんたこそ引っ込んでな!,"무슨 소리야, 당신이나 빠져!","무슨 소리야, 당신이나 빠져!"
dom3Rinka_X03.mes,Script/dom3Rinka_X03.mes,62,14,UNKNOWN_77,刃向かう者はすべて、殺ス!,덤비는 자 전부 죽인다!,덤비는 자 전부 죽인다!
dom3Rinka_X03.mes,Script/dom3Rinka_X03.mes,63,4,주인공,えっ?,엇?,엇?
dom3Rinka_X03.mes,Script/dom3Rinka_X03.mes,64,7,[효과음/내레이션],ざしゅっっ!,서걱!!,서걱!!
dom3Rinka_X03.mes,Script/dom3Rinka_X03.mes,65,7,주인공,うわぁぁあ!,으아아악!,으아아악!
dom3Rinka_X03.mes,Script/dom3Rinka_X03.mes,66,5,Rinka,<이름:3232>っ!,<이름:3232>!,<이름:3232>!
dom3Rinka_X04.mes,Script/dom3Rinka_X04.mes,0,7,주인공,(……うぅ),(……으윽),(……으윽)
dom3Rinka_X04.mes,Script/dom3Rinka_X04.mes,1,9,UNKNOWN_1e,……ヂッ.ヂヂッ,"……지, 지지직","……지, 지지직"
dom3Rinka_X04.mes,Script/dom3Rinka_X04.mes,2,14,주인공,(……なんだ?うるさいな),(……뭐야? 시끄럽네),(……뭐야? 시끄럽네)
dom3Rinka_X04.mes,Script/dom3Rinka_X04.mes,3,23,주인공,(……それに、何か、<6E5C>腹のあたりが重い……),"(……게다가, 왠지,<6E5C>배 쪽이 무겁다…)","(……게다가, 왠지,<6E5C>배 쪽이 무겁다…)"
dom3Rinka_X04.mes,Script/dom3Rinka_X04.mes,4,4,[효과음/내레이션],ガバッ,벌떡,벌떡
dom3Rinka_X04.mes,Script/dom3Rinka_X04.mes,5,14,주인공,ア、イテテテ……あ、凛花?,"아, 아야야…아, 린카?","아, 아야야…아, 린카?"
dom3Rinka_X04.mes,Script/dom3Rinka_X04.mes,6,4,Rinka,<이름:3232>!,<이름:3232>!,<이름:3232>!
dom3Rinka_X04.mes,Script/dom3Rinka_X04.mes,7,32,Rinka,気がついたんだ.よかった…….<6E5C>ごめん、あたし寝ちゃったんだね,"정신 차렸구나. 다행이야…….<6E5C>미안, 나 잠들어버렸나 봐","정신 차렸구나. 다행이야…….<6E5C>미안, 나 잠들어버렸나 봐"
dom3Rinka_X04.mes,Script/dom3Rinka_X04.mes,8,20,주인공,俺は、いったい…….<6E5C>あれ、いろはは?,"나는, 대체…….<6E5C>어라, 이로하는?","나는, 대체…….<6E5C>어라, 이로하는?"
dom3Rinka_X04.mes,Script/dom3Rinka_X04.mes,9,42,Rinka,あの人なら替えの包帯を買いに<6E5C>行ってる.<이름:3232>、覚えてないの?<6E5C>幻十郎に斬られて……,"그 사람이라면 붕대 사러<6E5C>갔어. <이름:3232>, 기억 안 나?<6E5C>겐주로한테 베여서……","그 사람이라면 붕대 사러<6E5C>갔어. <이름:3232>, 기억 안 나?<6E5C>겐주로한테 베여서……"
dom3Rinka_X04.mes,Script/dom3Rinka_X04.mes,10,19,주인공,思い出した!<6E5C>凛花は無事だったのか?,생각났어!<6E5C>린카는 무사했던 거야?,생각났어!<6E5C>린카는 무사했던 거야?
dom3Rinka_X04.mes,Script/dom3Rinka_X04.mes,11,16,Rinka,……覇王丸が来て、助けてくれた,……하오마루가 와서 도와줬어,……하오마루가 와서 도와줬어
dom3Rinka_X04.mes,Script/dom3Rinka_X04.mes,12,30,주인공,そうか.それはよかった.<6E5C>もう、あんな無茶するんじゃないぞ,"그렇구나. 다행이다.<6E5C>이제, 그런 무모한 짓 하지 마","그렇구나. 다행이다.<6E5C>이제, 그런 무모한 짓 하지 마"
dom3Rinka_X04.mes,Script/dom3Rinka_X04.mes,13,35,Rinka,無茶はあんただよ!<6E5C>あたしなんかをかばって、<6E5C>死んだらどうするんだ!,"무모한 건 당신이잖아!<6E5C>날 감싸다가,<6E5C>죽었으면 어쩔 뻔했어!","무모한 건 당신이잖아!<6E5C>날 감싸다가,<6E5C>죽었으면 어쩔 뻔했어!"
dom3Rinka_X04.mes,Script/dom3Rinka_X04.mes,14,14,주인공,そ、そんな怒ることないだろ,"그, 화낼 것 없잖아","그, 화낼 것 없잖아"
dom3Rinka_X04.mes,Script/dom3Rinka_X04.mes,15,25,Rinka,あたしの闘いなのに、<6E5C>あんたには関係ないのにっ!,"내 싸움인데,<6E5C>당신은 상관도 없는데!","내 싸움인데,<6E5C>당신은 상관도 없는데!"
dom3Rinka_X04.mes,Script/dom3Rinka_X04.mes,16,40,주인공,そんな言い方するなよ.<6E5C>凛花が斬られると思ったら、<6E5C>だまってられるわけないだろ,"그런 말투 하지 마.<6E5C>린카가 베인다 생각하니까,<6E5C>가만있을 수 없었다고","그런 말투 하지 마.<6E5C>린카가 베인다 생각하니까,<6E5C>가만있을 수 없었다고"
dom3Rinka_X04.mes,Script/dom3Rinka_X04.mes,17,20,Rinka,……あんたはバカだ.<6E5C>大バカ野郎だよ!,……당신은 바보야.<6E5C>대바보 멍청이!,……당신은 바보야.<6E5C>대바보 멍청이!
dom3Rinka_X04.mes,Script/dom3Rinka_X04.mes,18,47,Rinka,本当に.……本当に、<6E5C><이름:3232>が死ななくてよかった<485C>父さんのように、<6E5C>死んじゃうかと思った……!,"정말로.……정말로,<6E5C><이름:3232>이 안 죽어서 다행이야<485C>아버지처럼,<6E5C>죽는 줄 알았어……!","정말로.……정말로,<6E5C><이름:3232>이 안 죽어서 다행이야<485C>아버지처럼,<6E5C>죽는 줄 알았어……!"
dom3Rinka_X04.mes,Script/dom3Rinka_X04.mes,19,14,주인공,凛花…….泣いているのか?,린카…….우는 거야?,린카…….우는 거야?
dom3Rinka_X04.mes,Script/dom3Rinka_X04.mes,20,15,Rinka,な、……泣いてなんかないよっ,"아, ……안 울었거든!","아, ……안 울었거든!"
dom3Rinka_X04.mes,Script/dom3Rinka_X04.mes,21,45,주인공,この包帯、凛花が巻いてくれたん<6E5C>だろ?不器用だなぁ.なれない<6E5C>看病に疲れて寝て……ははは,"이 붕대, 린카가 감아준 거<6E5C>지? 손재주 없네. 낯선<6E5C>간병에 지쳐 잠들고……하하","이 붕대, 린카가 감아준 거<6E5C>지? 손재주 없네. 낯선<6E5C>간병에 지쳐 잠들고……하하"
dom3Rinka_X04.mes,Script/dom3Rinka_X04.mes,22,26,Rinka,ち、違うよ!<6E5C>あの牛みたいな胸の女が<6E5C>やったんだ!,"아, 아니거든!<6E5C>그 소 같은 여자가<6E5C>한 거야!","아, 아니거든!<6E5C>그 소 같은 여자가<6E5C>한 거야!"
dom3Rinka_X04.mes,Script/dom3Rinka_X04.mes,23,11,주인공,はいはい、わかったよ,"네네, 알겠어","네네, 알겠어"
dom3Rinka_X04.mes,Script/dom3Rinka_X04.mes,24,15,Rinka,もぉ!<이름:3232>なんか死んじゃえ!,정말!<이름:3232> 그냥 죽어버려!,정말!<이름:3232> 그냥 죽어버려!
dom3Rinka_X04.mes,Script/dom3Rinka_X04.mes,25,4,[효과음/내레이션],バコッ,퍽,퍽
dom3Rinka_X04.mes,Script/dom3Rinka_X04.mes,26,16,주인공,いた!本当に死んじゃうよ凛花!,아파! 진짜 죽겠다 린카!,아파! 진짜 죽겠다 린카!
dom3Rinka_X04.mes,Script/dom3Rinka_X04.mes,27,4,[효과음/내레이션],ガラッ,드르륵,드르륵
dom3Rinka_X04.mes,Script/dom3Rinka_X04.mes,28,8,주인공,ん?誰か来た?,응? 누구지?,응? 누구지?
dom3Rinka_X04.mes,Script/dom3Rinka_X04.mes,29,44,Saya,ハロ~!かっこいいヒーローの<6E5C>お見舞いに来てあげたわよッ.<6E5C>目覚めてよかったわネ、凛花,"헬로~!멋진 히어로 병문안<6E5C>와줬어.<6E5C>깨어나서 다행이네, 린카","헬로~!멋진 히어로 병문안<6E5C>와줬어.<6E5C>깨어나서 다행이네, 린카"
dom3Rinka_X04.mes,Script/dom3Rinka_X04.mes,30,13,Rinka,あ、あたしは知らないよっ,"나, 난 모른다고!","나, 난 모른다고!"
dom3Rinka_X04.mes,Script/dom3Rinka_X04.mes,31,47,Saya,まったく、ずっと<이름:3232>ちゃんの<6E5C>そばについてるって閉かないから、<6E5C>ワタシひとりでさみしかったワ,"정말이지, 계속 <이름:3232> 군<6E5C>곁에 붙어있는다고 안 들어서,<6E5C>나 혼자 외로웠단 말이야","정말이지, 계속 <이름:3232> 군<6E5C>곁에 붙어있는다고 안 들어서,<6E5C>나 혼자 외로웠단 말이야"
dom3Rinka_X04.mes,Script/dom3Rinka_X04.mes,32,5,Rinka,サヤッ!,사야!,사야!
dom3Rinka_X04.mes,Script/dom3Rinka_X04.mes,33,39,Saya,ホラ、目覚めたんだから休んで<6E5C>きなさい.<이름:3232>ちゃんより<6E5C>疲れた顔してるわよ?,"자, 깨어났으니까 가서 쉬어<6E5C>. <이름:3232> 군보다<6E5C>피곤한 얼굴이거든?","자, 깨어났으니까 가서 쉬어<6E5C>. <이름:3232> 군보다<6E5C>피곤한 얼굴이거든?"
dom3Rinka_X04.mes,Script/dom3Rinka_X04.mes,34,11,Rinka,……わかった.じゃあ,……알았어. 그럼,……알았어. 그럼
dom3Rinka_X04.mes,Script/dom3Rinka_X04.mes,35,4,[효과음/내레이션],パタン,탁,탁
dom3Rinka_X04.mes,Script/dom3Rinka_X04.mes,36,24,주인공,……ねぇ、サヤさん.<6E5C>ひとつ閉いてもいいかな?,"……저기, 사야 씨.<6E5C>하나 물어봐도 될까?","……저기, 사야 씨.<6E5C>하나 물어봐도 될까?"
dom3Rinka_X04.mes,Script/dom3Rinka_X04.mes,37,7,Saya,なにカシラ?,뭔데?,뭔데?
dom3Rinka_X04.mes,Script/dom3Rinka_X04.mes,38,20,주인공,凛花の父親の仇って、<6E5C>牙神幻十郎なの?,"린카 아버지 원수가,<6E5C>겐주로야?","린카 아버지 원수가,<6E5C>겐주로야?"
dom3Rinka_X04.mes,Script/dom3Rinka_X04.mes,39,49,Saya,……そのことね.<6E5C>ワタシもよくは知らないのよ<485C>凛花のお父さんはけっこう<6E5C>偉い人だったみたいだけど,……그 얘기구나.<6E5C>나도 자세히는 몰라<485C>린카 아버지는 꽤<6E5C>높은 사람이었던 모양인데,……그 얘기구나.<6E5C>나도 자세히는 몰라<485C>린카 아버지는 꽤<6E5C>높은 사람이었던 모양인데
dom3Rinka_X04.mes,Script/dom3Rinka_X04.mes,40,15,주인공,謀反を企てたって閉いたな……,모반 꾸몄다고 들었는데……,모반 꾸몄다고 들었는데……
dom3Rinka_X04.mes,Script/dom3Rinka_X04.mes,41,44,Saya,もしかしたら、まつりごとの派閥<6E5C>争いに巻き込まれたのかも<6E5C>しれないわね.嫉妨は怖いから,"혹시, 정치판 파벌<6E5C>다툼에 휘말린 걸지도<6E5C>몰라. 질투는 무서우니까","혹시, 정치판 파벌<6E5C>다툼에 휘말린 걸지도<6E5C>몰라. 질투는 무서우니까"
dom3Rinka_X04.mes,Script/dom3Rinka_X04.mes,42,13,Saya,ワタシも気をつけなきゃネ,나도 조심해야겠네,나도 조심해야겠네
dom3Rinka_X04.mes,Script/dom3Rinka_X04.mes,43,3,주인공,……,……,……
dom3Rinka_X04.mes,Script/dom3Rinka_X04.mes,44,6,UNKNOWN_1e,旦那様ー!,서방니임!,서방니임!
dom3Rinka_X04.mes,Script/dom3Rinka_X04.mes,45,4,[효과음/내레이션],ガバッ,벌떡,벌떡
dom3Rinka_X04.mes,Script/dom3Rinka_X04.mes,46,32,Iroha,旦那様、目が覚めたんですね!<6E5C>ご無事でよかったです!はぁぁっ!,"서방님, 정신이 드셨군요!<6E5C>무사하셔서 다행이에요!흐아앙!","서방님, 정신이 드셨군요!<6E5C>무사하셔서 다행이에요!흐아앙!"
dom3Rinka_X04.mes,Script/dom3Rinka_X04.mes,47,6,[효과음/내레이션],むぎゅう!,으갹!,으갹!
dom3Rinka_X04.mes,Script/dom3Rinka_X04.mes,48,8,주인공,イタタタタッ!,아야야야얏!,아야야야얏!
dom3Rinka_X04.mes,Script/dom3Rinka_X04.mes,49,43,Saya,アラ、モテる男は大変ネ.<6E5C>嫉妨に気をつけなきゃいけないのは<6E5C><이름:3232>ちゃんの方かしらン?,"어머, 인기남은 힘들겠네.<6E5C>질투 조심해야 할 사람은<6E5C><이름:3232> 군 쪽인가?","어머, 인기남은 힘들겠네.<6E5C>질투 조심해야 할 사람은<6E5C><이름:3232> 군 쪽인가?"
dom3Rinka_X04.mes,Script/dom3Rinka_X04.mes,50,5,UNKNOWN_1e,……おい,……어이,……어이
dom3Rinka_X04.mes,Script/dom3Rinka_X04.mes,51,4,주인공,……?,……?,……?
dom3Rinka_X04.mes,Script/dom3Rinka_X04.mes,52,11,주인공,うわっ!き、狂エ門?,"우왓!쿄, 쿄에몬?","우왓!쿄, 쿄에몬?"
dom3Rinka_X04.mes,Script/dom3Rinka_X04.mes,53,14,UNKNOWN_74,……大丈夫なのかよ、テメェ,"……괜찮은 거냐, 네놈","……괜찮은 거냐, 네놈"
dom3Rinka_X04.mes,Script/dom3Rinka_X04.mes,54,16,주인공,ああ.しかし、どうしてここに?,"어. 근데, 여긴 왜?","어. 근데, 여긴 왜?"
dom3Rinka_X04.mes,Script/dom3Rinka_X04.mes,55,16,UNKNOWN_74,その、なんだ.……み、見舞いだ,"그, 뭐냐.……무, 문병이다","그, 뭐냐.……무, 문병이다"
dom3Rinka_X04.mes,Script/dom3Rinka_X04.mes,56,6,주인공,見舞いぃ?,문벼~엉?,문벼~엉?
dom3Rinka_X04.mes,Script/dom3Rinka_X04.mes,57,27,UNKNOWN_74,なんだよ、オレ様が見舞いに<6E5C>来ちゃ悪いっつーのかよ!,"뭐야, 내가 문병 좀<6E5C>오면 안 된다는 거냐!","뭐야, 내가 문병 좀<6E5C>오면 안 된다는 거냐!"
dom3Rinka_X04.mes,Script/dom3Rinka_X04.mes,58,16,주인공,そ、そういうわけではないが……,"그, 그런 건 아니지만……","그, 그런 건 아니지만……"
dom3Rinka_X04.mes,Script/dom3Rinka_X04.mes,59,10,주인공,(……気持ち悪い),(…기분 나쁘네),(…기분 나쁘네)
dom3Rinka_X04.mes,Script/dom3Rinka_X04.mes,60,38,UNKNOWN_74,……あ、あの、凛花だがよ.<6E5C>あいつ、父の仇がどうとか<6E5C>言ってたが、なんだ?,"……저, 저기, 린카 말인데.<6E5C>원수 어쩌고<6E5C>했는데, 그게 뭐냐?","……저, 저기, 린카 말인데.<6E5C>원수 어쩌고<6E5C>했는데, 그게 뭐냐?"
dom3Rinka_X04.mes,Script/dom3Rinka_X04.mes,61,16,주인공,は?なぜそんなことを閉くんだ?,뭐? 왜 그런 걸 묻냐?,뭐? 왜 그런 걸 묻냐?
dom3Rinka_X04.mes,Script/dom3Rinka_X04.mes,62,21,UNKNOWN_74,なんだっていいじゃねぇかよ.<6E5C>教えろよ!,뭐든 상관없잖냐.<6E5C>말해봐!,뭐든 상관없잖냐.<6E5C>말해봐!
dom3Rinka_X04.mes,Script/dom3Rinka_X04.mes,63,3,주인공,……,……,……
dom3Rinka_X04.mes,Script/dom3Rinka_X04.mes,64,7,[선택지],教える教えない,말한다\비밀,말한다\비밀
dom3Rinka_X04.mes,Script/dom3Rinka_X04.mes,65,30,주인공,(俺もまだわからない事だらけだし<6E5C>、話しても大丈夫だろう),"(나도 아직 모르는 것투성이니<6E5C>, 말해도 괜찮겠지)","(나도 아직 모르는 것투성이니<6E5C>, 말해도 괜찮겠지)"
dom3Rinka_X04.mes,Script/dom3Rinka_X04.mes,66,23,주인공,……というわけで、<6E5C>俺も詳しくは知らないんだ,"……그런 이유로,<6E5C>나도 자세히는 몰라","……그런 이유로,<6E5C>나도 자세히는 몰라"
dom3Rinka_X04.mes,Script/dom3Rinka_X04.mes,67,21,UNKNOWN_74,そうか、わかった.<6E5C>じゃあな、養生しろよ,"그런가, 알았다.<6E5C>몸조리 잘해라","그런가, 알았다.<6E5C>몸조리 잘해라"
dom3Rinka_X04.mes,Script/dom3Rinka_X04.mes,68,22,주인공,なんだあいつ?<6E5C>逃げるように帰って行ったぞ,뭐야 저 녀석?<6E5C>도망치듯 돌아갔잖아,뭐야 저 녀석?<6E5C>도망치듯 돌아갔잖아
dom3Rinka_X04.mes,Script/dom3Rinka_X04.mes,69,27,주인공,(なにか怪しいな.<6E5C>ここは黙っていた方がよさそうだ),(뭔가 수상한데.<6E5C>입 다물고 있는 게 좋겠어),(뭔가 수상한데.<6E5C>입 다물고 있는 게 좋겠어)
dom3Rinka_X04.mes,Script/dom3Rinka_X04.mes,70,13,주인공,俺も詳しくは知らないんだ,나도 자세히는 몰라,나도 자세히는 몰라
dom3Rinka_X04.mes,Script/dom3Rinka_X04.mes,71,19,UNKNOWN_74,知っていることだけでいいから<6E5C>話せよ,아는 것만이라도 좋으니까<6E5C>말해봐,아는 것만이라도 좋으니까<6E5C>말해봐
dom3Rinka_X04.mes,Script/dom3Rinka_X04.mes,72,28,주인공,凛花個人のことだから、<6E5C>知っていても俺からは話せないよ,"린카 개인 일이니까,<6E5C>알아도 내 입으론 말 못 해","린카 개인 일이니까,<6E5C>알아도 내 입으론 말 못 해"
dom3Rinka_X04.mes,Script/dom3Rinka_X04.mes,73,10,UNKNOWN_74,なんだよ、ケチッ!,"뭐야, 쫀쫀하긴!","뭐야, 쫀쫀하긴!"
dom3Rinka_X04.mes,Script/dom3Rinka_X04.mes,74,16,주인공,ケチって…….おかしなやつだな,쫀쫀하다니…이상한 녀석이네,쫀쫀하다니…이상한 녀석이네
dom3Rinka_X04.mes,Script/dom3Rinka_X04.mes,75,4,[효과음/내레이션],ガラッ,드르륵,드르륵
dom3Rinka_X04.mes,Script/dom3Rinka_X04.mes,76,6,UNKNOWN_1e,どう?具合,좀 어때?,좀 어때?
dom3Rinka_X04.mes,Script/dom3Rinka_X04.mes,77,45,주인공,凛花.また来てくれたんだ.<6E5C>おかげでかなりよくなったよ<485C>もう無理して看病に来なくていいぞ,린카. 또 와줬구나.<6E5C>덕분에 많이 나아졌어<485C>이제 무리해서 간병 안 와도 돼,린카. 또 와줬구나.<6E5C>덕분에 많이 나아졌어<485C>이제 무리해서 간병 안 와도 돼
dom3Rinka_X04.mes,Script/dom3Rinka_X04.mes,78,10,Rinka,……そう.そうだね,……그래. 그렇지,……그래. 그렇지
dom3Rinka_X04.mes,Script/dom3Rinka_X04.mes,79,33,주인공,なんでさみしそうな顔するんだよ.<6E5C>そんなに俺の看病がしたいのか?,왜 서운한 얼굴 하는 거야.<6E5C>그렇게 내 간병이 하고 싶어?,왜 서운한 얼굴 하는 거야.<6E5C>그렇게 내 간병이 하고 싶어?
dom3Rinka_X04.mes,Script/dom3Rinka_X04.mes,80,19,Rinka,バカ!な、治ったのが残念なんだよ<6E5C>!,바보!나은 게 아쉬운 거라고<6E5C>!,바보!나은 게 아쉬운 거라고<6E5C>!
dom3Rinka_X04.mes,Script/dom3Rinka_X04.mes,81,12,주인공,(なんと天邪鬼な……),(정말 심술쟁이네…),(정말 심술쟁이네…)
dom3Rinka_X04.mes,Script/dom3Rinka_X04.mes,82,57,주인공,とにかく、今回は凛花にケガが<6E5C>なかったからよかったものの、<485C>もうひとりでいなくなったり、<6E5C>危ないことはよすんだぞ,"아무튼, 이번엔 린카가 안 다쳐서<6E5C>다행이었지만,<485C>이제 혼자 사라지거나,<6E5C>위험한 짓은 그만둬","아무튼, 이번엔 린카가 안 다쳐서<6E5C>다행이었지만,<485C>이제 혼자 사라지거나,<6E5C>위험한 짓은 그만둬"
dom3Rinka_X04.mes,Script/dom3Rinka_X04.mes,83,27,Rinka,でも、やっと父さんの仇が見つ<6E5C>かったっていうのに……,"그치만, 겨우 아버지 원수를 찾<6E5C>았는데……","그치만, 겨우 아버지 원수를 찾<6E5C>았는데……"
dom3Rinka_X04.mes,Script/dom3Rinka_X04.mes,84,19,주인공,相手があの牙神幻十郎じゃ<6E5C>勝てないよ,상대가 그 겐주로면<6E5C>못 이겨,상대가 그 겐주로면<6E5C>못 이겨
dom3Rinka_X04.mes,Script/dom3Rinka_X04.mes,85,29,Rinka,これはあたしの問題なんだ.<6E5C>あたしは死んだってかまわない,이건 내 문제야.<6E5C>난 죽어도 상관없어,이건 내 문제야.<6E5C>난 죽어도 상관없어
dom3Rinka_X04.mes,Script/dom3Rinka_X04.mes,86,29,주인공,そんなこと言うな!<6E5C>もっと周りの人間のことも<6E5C>考えろよ!,그런 말 하지 마!<6E5C>주변 사람들 생각도<6E5C>좀 하라고!,그런 말 하지 마!<6E5C>주변 사람들 생각도<6E5C>좀 하라고!
dom3Rinka_X04.mes,Script/dom3Rinka_X04.mes,87,29,Rinka,あたしが今までどんな思いで<6E5C>生きてきたか知らないくせに!,내가 지금까지 어떤 마음으로<6E5C>살아왔는지도 모르면서!,내가 지금까지 어떤 마음으로<6E5C>살아왔는지도 모르면서!
dom3Rinka_X04.mes,Script/dom3Rinka_X04.mes,88,41,주인공,違う!そうじゃなくて、<6E5C>もっと頼ってほしいんだ.<6E5C>……俺は凛花の力になりたいんだ,"아니야!그게 아니라,<6E5C>더 의지해 줬으면 해.<6E5C>……린카한테 힘이 되고 싶어","아니야!그게 아니라,<6E5C>더 의지해 줬으면 해.<6E5C>……린카한테 힘이 되고 싶어"
dom3Rinka_X04.mes,Script/dom3Rinka_X04.mes,89,4,Rinka,えっ?,엇?,엇?
dom3Rinka_X04.mes,Script/dom3Rinka_X04.mes,90,30,주인공,俺は凛花が心配でたまらないんだ.<6E5C>ひとりで死のうとするなよ,난 린카가 걱정돼 못 견디겠어.<6E5C>혼자 죽으려 하지 마,난 린카가 걱정돼 못 견디겠어.<6E5C>혼자 죽으려 하지 마
dom3Rinka_X04.mes,Script/dom3Rinka_X04.mes,91,13,Rinka,な、何言ってるんだ?<이름:3232>,무슨 소리야<이름:3232>?,무슨 소리야<이름:3232>?
dom3Rinka_X04.mes,Script/dom3Rinka_X04.mes,92,55,주인공,俺、今まで父親からも、人生からも<6E5C>逃げてきたけど、今わかったよ<485C>俺は凛花を守りたい.<6E5C>いっしょに闘いたいんだ,지금까지 아버지한테도 인생한테도<6E5C>도망쳤지만 이제 알았어<485C>난 린카를 지키고 싶어<6E5C>같이 싸우고 싶어,지금까지 아버지한테도 인생한테도<6E5C>도망쳤지만 이제 알았어<485C>난 린카를 지키고 싶어<6E5C>같이 싸우고 싶어
dom3Rinka_X04.mes,Script/dom3Rinka_X04.mes,93,5,Rinka,……<이름:3232>,……<이름:3232>,……<이름:3232>
dom3Rinka_X04.mes,Script/dom3Rinka_X04.mes,94,51,주인공,でも、相手があの幻十郎じゃ、<6E5C>二人とも犬死にするのがオチだ<485C>凛花のお父さんでも<6E5C>勝てなかったんだろ?,"하지만 상대가 그 겐주로라면,<6E5C>둘 다 개죽음당하는 게 뻔해<485C>린카 아버지도<6E5C>못 이겼다며?","하지만 상대가 그 겐주로라면,<6E5C>둘 다 개죽음당하는 게 뻔해<485C>린카 아버지도<6E5C>못 이겼다며?"
dom3Rinka_X04.mes,Script/dom3Rinka_X04.mes,95,16,Rinka,父さんはあんな奴に負けないよ!,아버지는 그런 놈 안 져!,아버지는 그런 놈 안 져!
dom3Rinka_X04.mes,Script/dom3Rinka_X04.mes,96,11,주인공,え?どういうことだ?,무슨 소리야?,무슨 소리야?
dom3Rinka_X04.mes,Script/dom3Rinka_X04.mes,97,48,Rinka,父さんは藩の剣術指南役だったんだ<6E5C>.でもある日、謀反を企てたと<6E5C>言われて藩の人間に追われて……,아버지는 번 검술 지도역이었어<6E5C>.근데 어느 날 모반죄로<6E5C>몰려 번 사람들한테 쫓겨서……,아버지는 번 검술 지도역이었어<6E5C>.근데 어느 날 모반죄로<6E5C>몰려 번 사람들한테 쫓겨서……
dom3Rinka_X04.mes,Script/dom3Rinka_X04.mes,98,68,Rinka,母さんとあたしと三人で逃げたんだ<6E5C>.つかまりそうになったあたしを助<6E5C>けるため、父さんは……<485C>もう、あたしの目の前で<6E5C>人が死ぬのは嫌だ!,"어머니랑 나랑 셋이서 도망쳤어<6E5C>.잡힐 뻔한 날 구하려<6E5C>다가, 아버지는……<485C>이제, 내 눈앞에서<6E5C>사람이 죽는 건 싫어!","어머니랑 나랑 셋이서 도망쳤어<6E5C>.잡힐 뻔한 날 구하려<6E5C>다가, 아버지는……<485C>이제, 내 눈앞에서<6E5C>사람이 죽는 건 싫어!"
dom3Rinka_X04.mes,Script/dom3Rinka_X04.mes,99,19,Rinka,父さんも、<6E5C><이름:3232>も……もう二度と……,아버지도<6E5C><이름:3232>도……이제 다시는……,아버지도<6E5C><이름:3232>도……이제 다시는……
dom3Rinka_X04.mes,Script/dom3Rinka_X04.mes,100,37,주인공,凛花…….それでは、<6E5C>そのときの捕方が父さんの仇?<6E5C>本当に幻十郎なのか?,린카…….그럼 그때<6E5C>포졸이 아버지 원수야?<6E5C>정말 겐주로인 거야?,린카…….그럼 그때<6E5C>포졸이 아버지 원수야?<6E5C>정말 겐주로인 거야?
dom3Rinka_X04.mes,Script/dom3Rinka_X04.mes,101,68,Rinka,囲まれた父さんにとどめをさした<6E5C>男は捕方の頭だ<485C>陣笠で顔ははっきりわからなかった<6E5C>けど、父さんはあたしを助ける<6E5C>ために背中を斬りつけた,"포위당한 아버지 숨통을<6E5C>끊은 남자는 포졸 대장이야<485C>진가사 때문에 얼굴은 잘 몰랐지<6E5C>만, 아버지는 날 구하려고<6E5C>등을 베였어","포위당한 아버지 숨통을<6E5C>끊은 남자는 포졸 대장이야<485C>진가사 때문에 얼굴은 잘 몰랐지<6E5C>만, 아버지는 날 구하려고<6E5C>등을 베였어"
dom3Rinka_X04.mes,Script/dom3Rinka_X04.mes,102,22,Rinka,父さんの残した背中の傷が、<6E5C>憎き仇の証……,아버지 등의 상처가<6E5C>원수의 증거야……,아버지 등의 상처가<6E5C>원수의 증거야……
dom3Rinka_X04.mes,Script/dom3Rinka_X04.mes,103,7,주인공,あの傷か……,그 상처인가,그 상처인가
dom3Rinka_X04.mes,Script/dom3Rinka_X04.mes,104,49,Rinka,母さんに抱かれて生きながらえた<6E5C>あたしがすることは、<6E5C>ふたりのための仇討ちだ<485C>それしかないんだよ,"어머니 품에 안겨 겨우 살아남은<6E5C>내가 할 일은,<6E5C>두 사람을 위한 복수야<485C>그것뿐이야","어머니 품에 안겨 겨우 살아남은<6E5C>내가 할 일은,<6E5C>두 사람을 위한 복수야<485C>그것뿐이야"
dom3Rinka_X04.mes,Script/dom3Rinka_X04.mes,105,52,주인공,うーん、証拠は背中の傷だけか……<6E5C>.もう少し、きちんと確かめた方が<6E5C>いいかもしれない<485C>俺も手伝うからさ,"음, 증거는 등 상처뿐인가……<6E5C>.좀 더 확실히 확인하는<6E5C>게 좋을지도 몰라<485C>나도 도울게","음, 증거는 등 상처뿐인가……<6E5C>.좀 더 확실히 확인하는<6E5C>게 좋을지도 몰라<485C>나도 도울게"
dom3Rinka_X04.mes,Script/dom3Rinka_X04.mes,106,7,Rinka,……わかった,……알았어,……알았어
dom3Rinka_X04.mes,Script/dom3Rinka_X04.mes,107,12,주인공,す、すごいごちそうだな,정말 대단한 성찬이네,정말 대단한 성찬이네
dom3Rinka_X04.mes,Script/dom3Rinka_X04.mes,108,47,Iroha,はい、旦那様が回復したお祝いです<6E5C>.いっぱい食べてくださいね.<6E5C>あ、お味喘汁をついで来ますね,"네 나리께서 회복하신 걸<6E5C>축하드리는 거예요.많이 드세요<6E5C>아, 된장국 더 갖다드릴게요","네 나리께서 회복하신 걸<6E5C>축하드리는 거예요.많이 드세요<6E5C>아, 된장국 더 갖다드릴게요"
dom3Rinka_X04.mes,Script/dom3Rinka_X04.mes,109,55,주인공,(……しかし、凛花の仇は本当に<6E5C>幻十郎なんだろうか)<485C>(あの人が藩の役人だったとは、<6E5C>なかなか考えにくいな),"(……그런데 린카의 원수는 정말<6E5C>겐주로일까)<485C>(그 사람이 번의 관리였다니,<6E5C>좀처럼 믿기 어렵네)","(……그런데 린카의 원수는 정말<6E5C>겐주로일까)<485C>(그 사람이 번의 관리였다니,<6E5C>좀처럼 믿기 어렵네)"
dom3Rinka_X04.mes,Script/dom3Rinka_X04.mes,110,53,주인공,(背中の傷だって、はたして<6E5C>その傷かどうか……)<485C>(あんなおっかない相手が本当に<6E5C>仇じゃ、やっかいだぞ),"(등의 상처도, 정말<6E5C>그 상처인지……)<485C>(그렇게 무서운 상대가 정말<6E5C>원수라면, 골치 아프겠어)","(등의 상처도, 정말<6E5C>그 상처인지……)<485C>(그렇게 무서운 상대가 정말<6E5C>원수라면, 골치 아프겠어)"
dom3Rinka_X04.mes,Script/dom3Rinka_X04.mes,111,31,Iroha,旦那様、<9F1A>が止まってますよ!<6E5C>私の料理がお気に召しませんか?,"나리,<9F1A>이 멈췄어요!<6E5C>제 요리가 입에 안 맞으세요?","나리,<9F1A>이 멈췄어요!<6E5C>제 요리가 입에 안 맞으세요?"
dom3Rinka_X04.mes,Script/dom3Rinka_X04.mes,112,28,주인공,へ?そ、そんなことないよっ.<6E5C>おいしぃなぁ、ばくばくっ,"네? 아, 아니야, 그런 거.<6E5C>맛있다, 냠냠","네? 아, 아니야, 그런 거.<6E5C>맛있다, 냠냠"
dom3Rinka_X04.mes,Script/dom3Rinka_X04.mes,113,20,Iroha,もぉ、<6E5C>誰のことを考えてらしたんだか!,정말<6E5C>누구 생각하고 계셨던 거예요!,정말<6E5C>누구 생각하고 계셨던 거예요!
dom3Rinka_X04.mes,Script/dom3Rinka_X04.mes,114,20,주인공,(ううっ、<6E5C>幻十郎よりおっかない……),"(으윽,<6E5C>겐주로보다 무서워……)","(으윽,<6E5C>겐주로보다 무서워……)"
dom3Rinka_X05.mes,Script/dom3Rinka_X05.mes,0,4,UNKNOWN_1e,<이름:3232>!,<이름:3232>!,<이름:3232>!
dom3Rinka_X05.mes,Script/dom3Rinka_X05.mes,1,9,주인공,お、凛花.早いな,"린카, 빠르네","린카, 빠르네"
dom3Rinka_X05.mes,Script/dom3Rinka_X05.mes,2,27,Rinka,当たり前だろ.<6E5C>こんな日に寝坊なんて<6E5C>してられないよ,당연하잖아.<6E5C>이런 날 늦잠 잘<6E5C>수는 없지,당연하잖아.<6E5C>이런 날 늦잠 잘<6E5C>수는 없지
dom3Rinka_X05.mes,Script/dom3Rinka_X05.mes,3,20,Rinka,で、<이름:3232>はどうやって<6E5C>探すつもりなの?,그럼 <이름:3232>는 어떻게<6E5C>찾을 거야?,그럼 <이름:3232>는 어떻게<6E5C>찾을 거야?
dom3Rinka_X05.mes,Script/dom3Rinka_X05.mes,4,27,주인공,そうだなぁ、真相を追求するには、<6E5C>まずは情報収集だな,"글쎄, 진상을 밝히려면,<6E5C>일단 정보 수집이지","글쎄, 진상을 밝히려면,<6E5C>일단 정보 수집이지"
dom3Rinka_X05.mes,Script/dom3Rinka_X05.mes,5,15,Rinka,そうか.どこから閉きに行く?,어디부터 물어볼 거야?,어디부터 물어볼 거야?
dom3Rinka_X05.mes,Script/dom3Rinka_X05.mes,6,21,Iroha,はい?凛花さんの<6E5C>お父さんのことですか?,네? 린카 씨의<6E5C>아버님 얘긴가요?,네? 린카 씨의<6E5C>아버님 얘긴가요?
dom3Rinka_X05.mes,Script/dom3Rinka_X05.mes,7,22,주인공,いろはなら知っているんじゃ<6E5C>ないかと思って,이로하라면 알고 있지<6E5C>않을까 싶어서,이로하라면 알고 있지<6E5C>않을까 싶어서
dom3Rinka_X05.mes,Script/dom3Rinka_X05.mes,8,20,Iroha,私が知っているわけないじゃ<6E5C>ないですか,제가 알고 있을 리가<6E5C>없잖아요,제가 알고 있을 리가<6E5C>없잖아요
dom3Rinka_X05.mes,Script/dom3Rinka_X05.mes,9,11,주인공,……そりゃそうだよな,……그건 그렇지,……그건 그렇지
dom3Rinka_X05.mes,Script/dom3Rinka_X05.mes,10,39,Iroha,そんなことより、<6E5C>今日も早く帰ってきてくださいね!<6E5C>まだ傷にさわりますから!,"그것보다,<6E5C>오늘도 일찍 돌아오세요!<6E5C>아직 상처에 무리하시면 안 돼요!","그것보다,<6E5C>오늘도 일찍 돌아오세요!<6E5C>아직 상처에 무리하시면 안 돼요!"
dom3Rinka_X05.mes,Script/dom3Rinka_X05.mes,11,5,주인공,……はい,……네,……네
dom3Rinka_X05.mes,Script/dom3Rinka_X05.mes,12,11,Shiki,吉野凛花の父親……?,린카 아버지……?,린카 아버지……?
dom3Rinka_X05.mes,Script/dom3Rinka_X05.mes,13,22,주인공,色さんなら知っているんじゃ<6E5C>ないかと思って,시키 씨라면 알고 있지<6E5C>않을까 싶어서,시키 씨라면 알고 있지<6E5C>않을까 싶어서
dom3Rinka_X05.mes,Script/dom3Rinka_X05.mes,14,12,Shiki,私には……わからないわ,나는……모르겠어,나는……모르겠어
dom3Rinka_X05.mes,Script/dom3Rinka_X05.mes,15,12,주인공,そうか…….そうだよな,그런가…….그렇겠지,그런가…….그렇겠지
dom3Rinka_X05.mes,Script/dom3Rinka_X05.mes,16,14,Shiki,それが……私を呼ぶ男……?,그게…날 부른 남자…?,그게…날 부른 남자…?
dom3Rinka_X05.mes,Script/dom3Rinka_X05.mes,17,14,주인공,へ?何を言ってるんですか?,무슨 소리예요?,무슨 소리예요?
dom3Rinka_X05.mes,Script/dom3Rinka_X05.mes,18,17,주인공,(ゲ!張本人に会っちゃったよ!),(헉! 장본인을 만나버렸어!),(헉! 장본인을 만나버렸어!)
dom3Rinka_X05.mes,Script/dom3Rinka_X05.mes,19,16,UNKNOWN_77,貴様、この前の…….何か用か?,"네놈, 저번의…뭔 일이냐?","네놈, 저번의…뭔 일이냐?"
dom3Rinka_X05.mes,Script/dom3Rinka_X05.mes,20,30,주인공,そ、その、背中の傷についてお教え<6E5C>願いたいのですけれど……,"저, 그, 등의 상처에 대해<6E5C>여쭤보고 싶은데요……","저, 그, 등의 상처에 대해<6E5C>여쭤보고 싶은데요……"
dom3Rinka_X05.mes,Script/dom3Rinka_X05.mes,21,32,UNKNOWN_77,貴様に関係なかろう.<6E5C>懲りもせず、わざわざ<6E5C>斬られに来たのか?,네놈과 상관없다.<6E5C>정신 못 차리고 일부러<6E5C>베이러 왔느냐?,네놈과 상관없다.<6E5C>정신 못 차리고 일부러<6E5C>베이러 왔느냐?
dom3Rinka_X05.mes,Script/dom3Rinka_X05.mes,22,8,주인공,いえ、そんな!,아니에요!,아니에요!
dom3Rinka_X05.mes,Script/dom3Rinka_X05.mes,23,16,Rinka,教えてくれてもいいじゃないか!,가르쳐줘도 되잖아!,가르쳐줘도 되잖아!
dom3Rinka_X05.mes,Script/dom3Rinka_X05.mes,24,9,주인공,あ、こら、凛花!,"이봐, 린카!","이봐, 린카!"
dom3Rinka_X05.mes,Script/dom3Rinka_X05.mes,25,5,[효과음/내레이션],むぎゅっ,꾸욱,꾸욱
dom3Rinka_X05.mes,Script/dom3Rinka_X05.mes,26,4,UNKNOWN_1e,グエッ,꾸엑,꾸엑
dom3Rinka_X05.mes,Script/dom3Rinka_X05.mes,27,10,주인공,えっ?……カエル?,어? ……개구리?,어? ……개구리?
dom3Rinka_X05.mes,Script/dom3Rinka_X05.mes,28,10,UNKNOWN_77,き、貴様ッ!殺ス!,이놈! 죽인다!,이놈! 죽인다!
dom3Rinka_X05.mes,Script/dom3Rinka_X05.mes,29,15,주인공,うわぁっ!り、凛花、逃げて!,"으아악! 린카, 도망쳐!","으아악! 린카, 도망쳐!"
dom3Rinka_X05.mes,Script/dom3Rinka_X05.mes,30,6,[효과음/내레이션],ざくぅっ!,서걱!,서걱!
dom3Rinka_X05.mes,Script/dom3Rinka_X05.mes,31,7,주인공,うわぁぁぁ!,으아아악!,으아아악!
dom3Rinka_X05.mes,Script/dom3Rinka_X05.mes,32,4,Rinka,<이름:3232>!,<이름:3232>!,<이름:3232>!
dom3Rinka_X05.mes,Script/dom3Rinka_X05.mes,33,6,UNKNOWN_77,阿呆ゥが!,멍청아!,멍청아!
dom3Rinka_X05.mes,Script/dom3Rinka_X05.mes,34,15,Shino,凛花ちゃんのお父さんのこと?,린카 짱 아버지 얘기?,린카 짱 아버지 얘기?
dom3Rinka_X05.mes,Script/dom3Rinka_X05.mes,35,23,주인공,詩乃さんなら知っているんじゃ<6E5C>ないかと思って,시노 씨라면 알고 있지<6E5C>않을까 싶어서,시노 씨라면 알고 있지<6E5C>않을까 싶어서
dom3Rinka_X05.mes,Script/dom3Rinka_X05.mes,36,15,Shino,さぁ、あたいにはわからないね,"글쎄, 나도 모르는데","글쎄, 나도 모르는데"
dom3Rinka_X05.mes,Script/dom3Rinka_X05.mes,37,12,주인공,そうか…….そうだよな,그런가…….그렇겠지,그런가…….그렇겠지
dom3Rinka_X05.mes,Script/dom3Rinka_X05.mes,38,20,Shino,店の手伝いしたら、<6E5C>何かわかるかもよ?,가게 도와주면<6E5C>뭔가 알게 될지도?,가게 도와주면<6E5C>뭔가 알게 될지도?
dom3Rinka_X05.mes,Script/dom3Rinka_X05.mes,39,13,주인공,その手には乗らないよ……,그 수엔 안 넘어가……,그 수엔 안 넘어가……
dom3Rinka_X05.mes,Script/dom3Rinka_X05.mes,40,11,UNKNOWN_74,なんなんだよ、テメェ,"뭐야, 너","뭐야, 너"
dom3Rinka_X05.mes,Script/dom3Rinka_X05.mes,41,47,주인공,おまえ、この前俺に閉いてきたよな<6E5C>.凛花のお父さんの仇のこと、<6E5C>何か知っているんじゃないのか,"너, 저번에 나한테 물어봤잖아<6E5C>.린카 아버지 원수 얘기,<6E5C>뭔가 아는 거 아냐?","너, 저번에 나한테 물어봤잖아<6E5C>.린카 아버지 원수 얘기,<6E5C>뭔가 아는 거 아냐?"
dom3Rinka_X05.mes,Script/dom3Rinka_X05.mes,42,12,UNKNOWN_74,オレは何も知らねぇよっ,난 아무것도 몰라,난 아무것도 몰라
dom3Rinka_X05.mes,Script/dom3Rinka_X05.mes,43,3,[효과음/내레이션],ダッ,휙,휙
dom3Rinka_X05.mes,Script/dom3Rinka_X05.mes,44,6,주인공,あ、待て!,기다려!,기다려!
dom3Rinka_X05.mes,Script/dom3Rinka_X05.mes,45,4,[효과음/내레이션],ヒュン,휘릭,휘릭
dom3Rinka_X05.mes,Script/dom3Rinka_X05.mes,46,5,UNKNOWN_74,うわっ!,으왓!,으왓!
dom3Rinka_X05.mes,Script/dom3Rinka_X05.mes,47,6,Rinka,次は斬るよ,이제 벤다,이제 벤다
dom3Rinka_X05.mes,Script/dom3Rinka_X05.mes,48,14,UNKNOWN_74,二人がかりなんて卑怯だろ!,둘이 덤비다니 비겁해!,둘이 덤비다니 비겁해!
dom3Rinka_X05.mes,Script/dom3Rinka_X05.mes,49,11,주인공,俺の後も付けてただろ,내 뒤 따라왔지,내 뒤 따라왔지
dom3Rinka_X05.mes,Script/dom3Rinka_X05.mes,50,14,UNKNOWN_74,…….<6E5C>ちっ、仕方ねぇなぁ,…….<6E5C>쳇 어쩔 수 없군,…….<6E5C>쳇 어쩔 수 없군
dom3Rinka_X05.mes,Script/dom3Rinka_X05.mes,51,67,UNKNOWN_74,頼まれたんだよ.<6E5C>テメェとそのチビがあやしいから<6E5C>調べろって<485C>俺もテメェの化けの皮が<6E5C>はげると思って調べたんだが……<6E5C>何も出てこねぇ,부탁받았어.<6E5C>너랑 그 꼬맹이가 수상하니까<6E5C>조사하라고<485C>나도 네놈 정체가<6E5C>드러날 줄 알고 조사했는데……<6E5C>아무것도 안 나와,부탁받았어.<6E5C>너랑 그 꼬맹이가 수상하니까<6E5C>조사하라고<485C>나도 네놈 정체가<6E5C>드러날 줄 알고 조사했는데……<6E5C>아무것도 안 나와
dom3Rinka_X05.mes,Script/dom3Rinka_X05.mes,52,11,주인공,俺の化けの皮って……,내 정체라니……,내 정체라니……
dom3Rinka_X05.mes,Script/dom3Rinka_X05.mes,53,30,Rinka,あたしがあやしい?<6E5C>いったい誰がそんなこと<6E5C>言ったんだよ!,내가 수상하다고?<6E5C>대체 누가 그런 소리<6E5C>했는데!,내가 수상하다고?<6E5C>대체 누가 그런 소리<6E5C>했는데!
dom3Rinka_X05.mes,Script/dom3Rinka_X05.mes,54,17,UNKNOWN_74,ユガっていうヤクザの親分からだよ,유가라는 야쿠자 두목이야,유가라는 야쿠자 두목이야
dom3Rinka_X05.mes,Script/dom3Rinka_X05.mes,55,4,Rinka,ユガ?,유가?,유가?
dom3Rinka_X05.mes,Script/dom3Rinka_X05.mes,56,26,UNKNOWN_74,もういいだろ.<6E5C>疑ったりして悪かったな.<6E5C>あばよ!,이제 됐지.<6E5C>의심해서 미안했다.<6E5C>잘 가라!,이제 됐지.<6E5C>의심해서 미안했다.<6E5C>잘 가라!
dom3Rinka_X05.mes,Script/dom3Rinka_X05.mes,57,29,주인공,(ユガ……いったい、何者なんだ?<6E5C>なぜ、凛花のことを?),"(유가…….대체, 누구지?<6E5C>왜 린카를?)","(유가…….대체, 누구지?<6E5C>왜 린카를?)"
dom3Rinka_X05.mes,Script/dom3Rinka_X05.mes,58,15,Ukyo,……凛花殿の父上のこと……?,……린카 님 부친 일……?,……린카 님 부친 일……?
dom3Rinka_X05.mes,Script/dom3Rinka_X05.mes,59,23,주인공,右京さんなら知っているんじゃ<6E5C>ないかと思って,우쿄 씨라면 알고 있지<6E5C>않을까 싶어서,우쿄 씨라면 알고 있지<6E5C>않을까 싶어서
dom3Rinka_X05.mes,Script/dom3Rinka_X05.mes,60,6,Ukyo,……知らぬ,……모르오,……모르오
dom3Rinka_X05.mes,Script/dom3Rinka_X05.mes,61,13,주인공,そうか…….そうですよね,그런가…….그렇겠죠,그런가…….그렇겠죠
dom3Rinka_X05.mes,Script/dom3Rinka_X05.mes,62,20,Ukyo,あぶくよに……<6E5C><020A><020A><020A>つなぐ脈こそ……,덧없는 세상<020A><020A><020A>잇는 맥이야말로……,덧없는 세상<020A><020A><020A>잇는 맥이야말로……
dom3Rinka_X05.mes,Script/dom3Rinka_X05.mes,63,31,주인공,あ、すいません.<6E5C>川柳を閉いてる時間はないので、<6E5C>失礼します,"아, 죄송해요.<6E5C>센류 들을 시간 없어서<6E5C>실례하겠습니다","아, 죄송해요.<6E5C>센류 들을 시간 없어서<6E5C>실례하겠습니다"
dom3Rinka_X05.mes,Script/dom3Rinka_X05.mes,64,3,Ukyo,……,……,……
dom3Rinka_X05.mes,Script/dom3Rinka_X05.mes,65,28,UNKNOWN_75,……なるほどな.<6E5C>それで仇を探し回ってるって<6E5C>わけかい,…그렇군.<6E5C>그래서 원수 찾아 헤매고<6E5C>있는 거로군,…그렇군.<6E5C>그래서 원수 찾아 헤매고<6E5C>있는 거로군
dom3Rinka_X05.mes,Script/dom3Rinka_X05.mes,66,17,주인공,そうなんです.何かご存知ですか?,그렇습니다. 뭔가 아세요?,그렇습니다. 뭔가 아세요?
dom3Rinka_X05.mes,Script/dom3Rinka_X05.mes,67,13,UNKNOWN_75,それなら、幻十郎は違うぞ,겐주로는 아니다,겐주로는 아니다
dom3Rinka_X05.mes,Script/dom3Rinka_X05.mes,68,3,주인공,え!,네!,네!
dom3Rinka_X05.mes,Script/dom3Rinka_X05.mes,69,28,UNKNOWN_75,あいつの背中の傷は、<6E5C>幼少の頃のものだと言ってたからな,"그놈 등의 상처는,<6E5C>어릴 적 생긴 거라고 했으니까","그놈 등의 상처는,<6E5C>어릴 적 생긴 거라고 했으니까"
dom3Rinka_X05.mes,Script/dom3Rinka_X05.mes,70,13,주인공,……そうだったんですか!,……그랬군요!,……그랬군요!
dom3Rinka_X05.mes,Script/dom3Rinka_X05.mes,71,52,UNKNOWN_75,ただあいつ、最近、ユガっていう<6E5C>ヤクザ者と会っているらしい<485C>なんでも藩の重役とも<6E5C>関わりある奴らしいぜ,"다만 그놈, 요즘 유가라는<6E5C>야쿠자와 만나는 것 같더군<485C>번의 중역과도<6E5C>관계 있는 놈들 같더라고","다만 그놈, 요즘 유가라는<6E5C>야쿠자와 만나는 것 같더군<485C>번의 중역과도<6E5C>관계 있는 놈들 같더라고"
dom3Rinka_X05.mes,Script/dom3Rinka_X05.mes,72,7,주인공,……なんと!,……세상에!,……세상에!
dom3Rinka_X05.mes,Script/dom3Rinka_X05.mes,73,32,UNKNOWN_75,ま、よくは知らないがな.<6E5C>あんまりあいつと関わるのは<6E5C>やめとけ,"뭐, 잘 모르지만.<6E5C>그놈이랑 엮이지<6E5C>않는 게 좋을 거다","뭐, 잘 모르지만.<6E5C>그놈이랑 엮이지<6E5C>않는 게 좋을 거다"
dom3Rinka_X05.mes,Script/dom3Rinka_X05.mes,74,8,주인공,……そうですか,……그런가요,……그런가요
dom3Rinka_X05.mes,Script/dom3Rinka_X05.mes,75,49,UNKNOWN_75,ユガと言や、狂エ門も周りを<6E5C>ウロチョロしてやがる<485C>むささび屋でよく見かけるから、<6E5C>何か閉いてみろ,유가라면 쿄에몬도 근처를<6E5C>얼쩡대고 있더라<485C>무사사비야서 자주 보이니까<6E5C>뭔가 물어봐라,유가라면 쿄에몬도 근처를<6E5C>얼쩡대고 있더라<485C>무사사비야서 자주 보이니까<6E5C>뭔가 물어봐라
dom3Rinka_X05.mes,Script/dom3Rinka_X05.mes,76,30,주인공,(ユガ……いったい、何者なんだ?<6E5C>そいつが関係あるのか?),"(유가……대체, 누구지?<6E5C>그놈이 관계있는 건가?)","(유가……대체, 누구지?<6E5C>그놈이 관계있는 건가?)"
dom3Rinka_X05.mes,Script/dom3Rinka_X05.mes,77,16,Mikoto,凛花さんのお父様のことですか?,린카 씨의 아버님 일인가요?,린카 씨의 아버님 일인가요?
dom3Rinka_X05.mes,Script/dom3Rinka_X05.mes,78,22,주인공,命さんなら知っているんじゃ<6E5C>ないかと思って,미코토 씨라면 알고 있지<6E5C>않을까 싶어서,미코토 씨라면 알고 있지<6E5C>않을까 싶어서
dom3Rinka_X05.mes,Script/dom3Rinka_X05.mes,79,21,Mikoto,すいません、<6E5C>わたくしにはわかりかねます,"죄송해요,<6E5C>저는 잘 모르겠어요","죄송해요,<6E5C>저는 잘 모르겠어요"
dom3Rinka_X05.mes,Script/dom3Rinka_X05.mes,80,12,주인공,そうか…….そうだよな,그런가…….그렇겠지,그런가…….그렇겠지
dom3Rinka_X05.mes,Script/dom3Rinka_X05.mes,81,27,Mikoto,申し訳ありません……お役に<6E5C>立てなくて.コホ、コホッ,"죄송합니다……도움이<6E5C>못 돼서.콜록, 콜록","죄송합니다……도움이<6E5C>못 돼서.콜록, 콜록"
dom3Rinka_X05.mes,Script/dom3Rinka_X05.mes,82,15,주인공,いえ!こっちこそすいません!,아뇨! 저야말로 죄송해요!,아뇨! 저야말로 죄송해요!
dom3Rinka_X05.mes,Script/dom3Rinka_X05.mes,83,15,Nakoruru,凛花さんのお父さんについて?,린카 씨 아버지 얘기야?,린카 씨 아버지 얘기야?
dom3Rinka_X05.mes,Script/dom3Rinka_X05.mes,84,24,주인공,ナコルルなら知っているんじゃ<6E5C>ないかなと思って,나코루루라면 알고 있지<6E5C>않을까 싶어서,나코루루라면 알고 있지<6E5C>않을까 싶어서
dom3Rinka_X05.mes,Script/dom3Rinka_X05.mes,85,25,Nakoruru,わたし、町のことにはあまり<6E5C>くわしくないので……,"나는, 마을 일은 별로<6E5C>잘 몰라서……","나는, 마을 일은 별로<6E5C>잘 몰라서……"
dom3Rinka_X05.mes,Script/dom3Rinka_X05.mes,86,15,주인공,そうか…….そりゃそうだよね,그런가…….하긴 그렇겠네,그런가…….하긴 그렇겠네
dom3Rinka_X05.mes,Script/dom3Rinka_X05.mes,87,5,UNKNOWN_79,ピィー!,삐이―!,삐이―!
dom3Rinka_X05.mes,Script/dom3Rinka_X05.mes,88,20,주인공,ママハハは……って、<6E5C>閉けるわけないか,마마하하는…이라니<6E5C>물어볼 리가 없나,마마하하는…이라니<6E5C>물어볼 리가 없나
dom3Rinka_X05.mes,Script/dom3Rinka_X05.mes,89,15,Mina,凛花って人の、お父さん……?,린카란 사람의 아버지……?,린카란 사람의 아버지……?
dom3Rinka_X05.mes,Script/dom3Rinka_X05.mes,90,21,주인공,ミナなら知っているんじゃ<6E5C>ないかと思って,미나라면 알고 있지<6E5C>않을까 싶어서,미나라면 알고 있지<6E5C>않을까 싶어서
dom3Rinka_X05.mes,Script/dom3Rinka_X05.mes,91,7,Mina,……知らない,……몰라,……몰라
dom3Rinka_X05.mes,Script/dom3Rinka_X05.mes,92,12,주인공,そうか…….そうだよな,그런가…….그렇겠지,그런가…….그렇겠지
dom3Rinka_X05.mes,Script/dom3Rinka_X05.mes,93,15,Mina,……わたしの、お父さんも……,"……내, 아버지도……","……내, 아버지도……"
dom3Rinka_X05.mes,Script/dom3Rinka_X05.mes,94,27,주인공,(あ、あれ?なんか、まずいこと<6E5C>閉いちゃったかな?),"(어, 어라? 뭔가, 곤란한 걸<6E5C>물어본 건가?)","(어, 어라? 뭔가, 곤란한 걸<6E5C>물어본 건가?)"
dom3Rinka_X05.mes,Script/dom3Rinka_X05.mes,95,41,주인공,……やはり、この町での<6E5C>情報収集には限界があるな.<6E5C>凛花の住んでいた藩に行こうか,…역시 이 마을에서<6E5C>정보 수집은 한계가 있네.<6E5C>린카가 살던 번으로 가볼까,…역시 이 마을에서<6E5C>정보 수집은 한계가 있네.<6E5C>린카가 살던 번으로 가볼까
dom3Rinka_X05.mes,Script/dom3Rinka_X05.mes,96,5,Rinka,うん……,응……,응……
dom3Rinka_X05.mes,Script/dom3Rinka_X05.mes,97,8,UNKNOWN_1e,……オマエたち,……너희들,……너희들
dom3Rinka_X05.mes,Script/dom3Rinka_X05.mes,98,4,주인공,えっ?,어?,어?
dom3Rinka_X05.mes,Script/dom3Rinka_X05.mes,99,15,UNKNOWN_1e,振り向くな.そのまま話を閉け,뒤돌지 마. 그대로 들어,뒤돌지 마. 그대로 들어
dom3Rinka_X05.mes,Script/dom3Rinka_X05.mes,100,28,UNKNOWN_1e,でかい声も上げるなよ.<6E5C>誰が見ているかわからないからな,큰 소리도 내지 마라.<6E5C>누가 보고 있을지 모르니까,큰 소리도 내지 마라.<6E5C>누가 보고 있을지 모르니까
dom3Rinka_X05.mes,Script/dom3Rinka_X05.mes,101,7,주인공,は……はいっ,네……넵,네……넵
dom3Rinka_X05.mes,Script/dom3Rinka_X05.mes,102,15,UNKNOWN_1e,オレは幕府御庭番衆だった者だ,나는 막부 오니와반슈였다,나는 막부 오니와반슈였다
dom3Rinka_X05.mes,Script/dom3Rinka_X05.mes,103,4,주인공,何!?,뭐!?,뭐!?
dom3Rinka_X05.mes,Script/dom3Rinka_X05.mes,104,12,Rinka,元御庭番衆が何の用だ!,옛 첩자가 웬일이야!,옛 첩자가 웬일이야!
dom3Rinka_X05.mes,Script/dom3Rinka_X05.mes,105,31,Mary,<00A6>おまえたち、最近、ある剣客に<6E5C>ついて閉きまわっているだろう,"<00A6>너희들, 요즘 어떤 검객에<6E5C>대해 캐묻고 다니지","<00A6>너희들, 요즘 어떤 검객에<6E5C>대해 캐묻고 다니지"
dom3Rinka_X05.mes,Script/dom3Rinka_X05.mes,106,9,Rinka,それがどうした!,그게 어쨌다고!,그게 어쨌다고!
dom3Rinka_X05.mes,Script/dom3Rinka_X05.mes,107,42,Kagura Maya,<00A6>いいから黙って閉け.<6E5C>オレは昔、ある男に世話になった<485C>夢想夕雲流創始者の吉野殿だ,<00A6>닥치고 들어.<6E5C>옛날 한 남자에게 신세 졌다<485C>몽상류 시조 요시노 님이다,<00A6>닥치고 들어.<6E5C>옛날 한 남자에게 신세 졌다<485C>몽상류 시조 요시노 님이다
dom3Rinka_X05.mes,Script/dom3Rinka_X05.mes,108,8,Rinka,!<020A>父さんの?,!<020A>아버지의?,!<020A>아버지의?
dom3Rinka_X05.mes,Script/dom3Rinka_X05.mes,109,53,UNKNOWN_68,<00A6>凛花、オマエとも赤ん坊の頃に<6E5C>会っている<485C>吉野殿のことで、どうしても<6E5C>オマエに伝えておきたいことがある,"<00A6>린카, 너와도 갓난아기 때<6E5C>만난 적이 있다<485C>요시노 님에 관해, 꼭<6E5C>네게 전하고 싶은 게 있다","<00A6>린카, 너와도 갓난아기 때<6E5C>만난 적이 있다<485C>요시노 님에 관해, 꼭<6E5C>네게 전하고 싶은 게 있다"
dom3Rinka_X05.mes,Script/dom3Rinka_X05.mes,110,19,Rinka,(……そういえばこの声、どこかで<6E5C>),(……그러고 보니 이 목소리<6E5C>),(……그러고 보니 이 목소리<6E5C>)
dom3Rinka_X05.mes,Script/dom3Rinka_X05.mes,111,56,Mina,<00A6>吉野殿は謀反を企んでなんかいない<6E5C><485C>それどころか、当時、家老だった<6E5C>男の不正を知って、<6E5C>暴こうとしていたんだ,<00A6>요시노 님은 모반 따위<6E5C>꾸미지 않았다<485C>오히려 당시 가로였던<6E5C>남자 부정을 알고<6E5C>파헤치려 했다,<00A6>요시노 님은 모반 따위<6E5C>꾸미지 않았다<485C>오히려 당시 가로였던<6E5C>남자 부정을 알고<6E5C>파헤치려 했다
dom3Rinka_X05.mes,Script/dom3Rinka_X05.mes,112,25,Rinka,(……!やっぱり父さんは<6E5C>正しかったんだ……!),(……! 역시 아버지는<6E5C>옳았구나……!),(……! 역시 아버지는<6E5C>옳았구나……!)
dom3Rinka_X05.mes,Script/dom3Rinka_X05.mes,113,37,Goenitz,<00A6>だが、反対にその不正の濡れ衣を<6E5C>着せられてしまったんだ.<6E5C>よくある話さ,<00A6>하지만 반대로 그 부정 누명을<6E5C>뒤집어썼다.<6E5C>흔한 얘기지,<00A6>하지만 반대로 그 부정 누명을<6E5C>뒤집어썼다.<6E5C>흔한 얘기지
dom3Rinka_X05.mes,Script/dom3Rinka_X05.mes,114,50,UNKNOWN_62,<00A6>オレはその事件をずっと調べ、この<6E5C>町に流れ着いたんだ.その家老と<6E5C>結託している人物がこの町にいる,<00A6>나는 그 사건을 조사하다 이<6E5C>마을에 흘러왔다.그 가로와<6E5C>결탁한 자가 이 마을에 있다,<00A6>나는 그 사건을 조사하다 이<6E5C>마을에 흘러왔다.그 가로와<6E5C>결탁한 자가 이 마을에 있다
dom3Rinka_X05.mes,Script/dom3Rinka_X05.mes,115,7,UNKNOWN_0c,<00A6>……ユガだ,<00A6>……유가다,<00A6>……유가다
dom3Rinka_X05.mes,Script/dom3Rinka_X05.mes,116,10,주인공,……ヤクザのユガ?,……야쿠자 유가?,……야쿠자 유가?
dom3Rinka_X05.mes,Script/dom3Rinka_X05.mes,117,40,UNKNOWN_4e,<00A6>そうだ.吉野殿を追い、<6E5C>殺したのはユガの部下だ.<6E5C>すべてはユガの策にすぎない,<00A6>그래.요시노 님을 쫓아<6E5C>죽인 건 유가 부하다.<6E5C>다 유가의 계략이야,<00A6>그래.요시노 님을 쫓아<6E5C>죽인 건 유가 부하다.<6E5C>다 유가의 계략이야
dom3Rinka_X05.mes,Script/dom3Rinka_X05.mes,118,24,Rinka,(父さんの無実を知る人が、<6E5C>ちゃんといた……),(아버지 무죄를 아는 사람이<6E5C>있었어…),(아버지 무죄를 아는 사람이<6E5C>있었어…)
dom3Rinka_X05.mes,Script/dom3Rinka_X05.mes,119,39,UNKNOWN_4c,<00A6>凛花、大きくなったな.<6E5C>その<이름:3232>は、ここ数日ずっと<6E5C>見てたが信用できる男だ,"<00A6>린카, 많이 컸구나.<6E5C>그 <이름:3232>는 요 며칠<6E5C>지켜봤는데 믿을 남자다","<00A6>린카, 많이 컸구나.<6E5C>그 <이름:3232>는 요 며칠<6E5C>지켜봤는데 믿을 남자다"
dom3Rinka_X05.mes,Script/dom3Rinka_X05.mes,120,20,주인공,あの視線の主はあなただったん<6E5C>ですか!,그 시선의 주인이 당신이었<6E5C>군요!,그 시선의 주인이 당신이었<6E5C>군요!
dom3Rinka_X05.mes,Script/dom3Rinka_X05.mes,121,26,UNKNOWN_32,<00A6><이름:3232>、凛花を頼むぞ.<6E5C>ユガはこの先にいる.頑張れ,<00A6><이름:3232> 린카 부탁해.<6E5C>유가는 앞에 있다.힘내,<00A6><이름:3232> 린카 부탁해.<6E5C>유가는 앞에 있다.힘내
dom3Rinka_X05.mes,Script/dom3Rinka_X05.mes,122,14,Rinka,待って!あんたの名前は……,기다려! 당신 이름은……,기다려! 당신 이름은……
dom3Rinka_X05.mes,Script/dom3Rinka_X05.mes,123,20,UNKNOWN_26,<00A6>オレに名前はない.<6E5C>閉く必要はないよ,<00A6>내겐 이름 없다.<6E5C>물을 필요 없어,<00A6>내겐 이름 없다.<6E5C>물을 필요 없어
dom3Rinka_X05.mes,Script/dom3Rinka_X05.mes,124,36,Rinka,ううん、知ってる.<6E5C>あたしはあんたに会ってる.<6E5C>よく父さんと話していた,"아니, 알아.<6E5C>나 당신 만난 적 있어.<6E5C>자주 아버지랑 얘기했었어","아니, 알아.<6E5C>나 당신 만난 적 있어.<6E5C>자주 아버지랑 얘기했었어"
dom3Rinka_X05.mes,Script/dom3Rinka_X05.mes,125,12,Rinka,たしか、龍巳十四郎……,타츠미 주시로……,타츠미 주시로……
dom3Rinka_X05.mes,Script/dom3Rinka_X05.mes,126,39,UNKNOWN_4c,<00A6>フッ、よく覚えていたな.<6E5C>でも、その名前は違う.<6E5C>オレは銃士浪.<5118>銃士浪だ,<00A6>훗 잘 기억했군.<6E5C>하지만 그 이름은 틀렸다.<6E5C>나는 주시로.<5118>주시로다,<00A6>훗 잘 기억했군.<6E5C>하지만 그 이름은 틀렸다.<6E5C>나는 주시로.<5118>주시로다
dom3Rinka_X05.mes,Script/dom3Rinka_X05.mes,127,22,Rinka,(銃士浪……あたしの<6E5C>父さんを知る人……),(주시로……내<6E5C>아버지를 아는 사람……),(주시로……내<6E5C>아버지를 아는 사람……)
dom3Rinka_X05.mes,Script/dom3Rinka_X05.mes,128,22,주인공,あなたはユガのところに<6E5C>行かないんですか?,당신은 유가한테 안<6E5C>가시나요?,당신은 유가한테 안<6E5C>가시나요?
dom3Rinka_X05.mes,Script/dom3Rinka_X05.mes,129,16,UNKNOWN_a7,オレにはまだやることがあるんだ,나한테는 아직 할 일이 있다,나한테는 아직 할 일이 있다
dom3Rinka_X05.mes,Script/dom3Rinka_X05.mes,130,25,UNKNOWN_a7,凛花、素直になれよ.<6E5C>おまえの父はいつも見ている,"린카, 솔직해져.<6E5C>네 아버지는 항상 봐","린카, 솔직해져.<6E5C>네 아버지는 항상 봐"
dom3Rinka_X05.mes,Script/dom3Rinka_X05.mes,131,61,UNKNOWN_a7,空を見てみな.<6E5C>止まっちゃいないんだぜ、<6E5C>ちっぽけな雲でもよ<485C>おまえが笑うだけで、<6E5C>空の父さんは救われる.<6E5C>……じゃあな,"하늘을 봐봐.<6E5C>멈춰 있지 않아,<6E5C>작은 구름이라도<485C>네가 웃기만 해도,<6E5C>하늘의 아버지는 구원받는다.<6E5C>……그럼","하늘을 봐봐.<6E5C>멈춰 있지 않아,<6E5C>작은 구름이라도<485C>네가 웃기만 해도,<6E5C>하늘의 아버지는 구원받는다.<6E5C>……그럼"
dom3Rinka_X05.mes,Script/dom3Rinka_X05.mes,132,3,[효과음/내레이션],ザッ,쓱,쓱
dom3Rinka_X05.mes,Script/dom3Rinka_X05.mes,133,5,Rinka,あっ……,아……,아……
dom3Rinka_X05.mes,Script/dom3Rinka_X05.mes,134,12,주인공,……不思議な人だったな,……신비한 사람이었네,……신비한 사람이었네
dom3Rinka_X05.mes,Script/dom3Rinka_X05.mes,135,51,Rinka,うん.でも、ずっと知りたかった<6E5C>ことがわかった<485C>父さんの真実を、ちゃんと<6E5C>知っている人がいたんだ……,응. 근데 계속 알고 싶었던<6E5C>걸 알게 됐어<485C>아버지 진실을 제대로<6E5C>아는 사람이 있었어……,응. 근데 계속 알고 싶었던<6E5C>걸 알게 됐어<485C>아버지 진실을 제대로<6E5C>아는 사람이 있었어……
dom3Rinka_X05.mes,Script/dom3Rinka_X05.mes,136,23,주인공,そうだな.<6E5C>……じゃあ、行こうか.ユガの元へ,"그렇네.<6E5C>……그럼, 가볼까. 유가한테","그렇네.<6E5C>……그럼, 가볼까. 유가한테"
dom3Rinka_X05.mes,Script/dom3Rinka_X05.mes,137,26,Rinka,本当にいいの?行けば、<이름:3232>も<6E5C>殺されるかもしれない,정말 괜찮아? 가면 <이름:3232>도<6E5C>죽을지도 몰라,정말 괜찮아? 가면 <이름:3232>도<6E5C>죽을지도 몰라
dom3Rinka_X05.mes,Script/dom3Rinka_X05.mes,138,32,주인공,怖くないって言ったら<6E5C>嘘になるけど…….<6E5C>でも、もう決めたんだ,"안 무섭다면<6E5C>거짓말이겠지만……<6E5C>그래도, 이미 결심했어","안 무섭다면<6E5C>거짓말이겠지만……<6E5C>그래도, 이미 결심했어"
dom3Rinka_X05.mes,Script/dom3Rinka_X05.mes,139,23,주인공,凛花といっしょに闘うって.<6E5C>凛花は俺が守る!,같이 싸운다.<6E5C>린카는 내가 지킨다!,같이 싸운다.<6E5C>린카는 내가 지킨다!
dom3Rinka_X05.mes,Script/dom3Rinka_X05.mes,140,27,Rinka,ま、守るんじゃない!<6E5C>あたしは守られたいんじゃない!,지키긴 뭘 지켜!<6E5C>나는 보호받고 싶지 않아!,지키긴 뭘 지켜!<6E5C>나는 보호받고 싶지 않아!
dom3Rinka_X05.mes,Script/dom3Rinka_X05.mes,141,6,주인공,しかし……,하지만……,하지만……
dom3Rinka_X05.mes,Script/dom3Rinka_X05.mes,142,40,Rinka,決めるなら……こう、誓って欲しい<6E5C>.何があっても、あたしと<6E5C>闘いぬくって……!,"결심했다면……맹세해<6E5C>. 무슨 일이 있어도, 같이<6E5C>끝까지 싸운다고……!","결심했다면……맹세해<6E5C>. 무슨 일이 있어도, 같이<6E5C>끝까지 싸운다고……!"
dom3Rinka_X05.mes,Script/dom3Rinka_X05.mes,143,32,주인공,……わかった.俺の武士道は、<6E5C>共に闘うこととみつけたり……だ!,……알았어. 내 무사도는<6E5C>함께 싸우는 것.<6E5C>그거다!,……알았어. 내 무사도는<6E5C>함께 싸우는 것.<6E5C>그거다!
dom3Rinka_X05.mes,Script/dom3Rinka_X05.mes,144,7,UNKNOWN_7a,ヂッ!<020A>ヂ~,찍!<020A>찌익~,찍!<020A>찌익~
dom3Rinka_X05.mes,Script/dom3Rinka_X05.mes,145,21,주인공,ははっ、鉄之介もいっしょに<6E5C>闘うってさ!,"하하, 테츠노스케도 같이<6E5C>싸우겠대!","하하, 테츠노스케도 같이<6E5C>싸우겠대!"
dom3Rinka_X05.mes,Script/dom3Rinka_X05.mes,146,6,Rinka,……うん!,……응!,……응!
dom3Rinka_X05.mes,Script/dom3Rinka_X05.mes,147,14,주인공,……ここが、ユガのいる……,"……여기가, 유가가……","……여기가, 유가가……"
dom3Rinka_X05.mes,Script/dom3Rinka_X05.mes,148,7,UNKNOWN_1e,待っていたぞ,기다렸다,기다렸다
dom3Rinka_X05.mes,Script/dom3Rinka_X05.mes,149,4,주인공,えっ?,엇?,엇?
dom3Rinka_X05.mes,Script/dom3Rinka_X05.mes,150,10,Rinka,あんたがユガか!?,너가 유가냐!?,너가 유가냐!?
dom3Rinka_X05.mes,Script/dom3Rinka_X05.mes,151,44,UNKNOWN_8e,いかにも、我がこの国の影の支配者<6E5C>、ユガなり.汝、凛花.<6E5C>会えたことを光栄に思うがよい,"그렇다, 이 나라 어둠의 지배자<6E5C>유가다. 그대 린카,<6E5C>만남을 영광으로 여겨라","그렇다, 이 나라 어둠의 지배자<6E5C>유가다. 그대 린카,<6E5C>만남을 영광으로 여겨라"
dom3Rinka_X05.mes,Script/dom3Rinka_X05.mes,152,11,Rinka,なぜあたしの名前を?,어떻게 내 이름을?,어떻게 내 이름을?
dom3Rinka_X05.mes,Script/dom3Rinka_X05.mes,153,20,UNKNOWN_8e,汝らの行動など、<6E5C>我の前では無に等しい,그대들 행동 따위<6E5C>내겐 무와 같다,그대들 행동 따위<6E5C>내겐 무와 같다
dom3Rinka_X05.mes,Script/dom3Rinka_X05.mes,154,10,UNKNOWN_1e,イテェな、離せよ!,"아파, 놔라!","아파, 놔라!"
dom3Rinka_X05.mes,Script/dom3Rinka_X05.mes,155,15,주인공,き、狂エ門!どうしてここに?,쿄에몬! 왜 여기에?,쿄에몬! 왜 여기에?
dom3Rinka_X05.mes,Script/dom3Rinka_X05.mes,156,40,UNKNOWN_74,ふざけるな!あのチビと<이름:3232>の<6E5C>ことなら、何もわからなかったって<6E5C>言ってるだろ!,"웃기지 마! 그 꼬맹이랑 <이름:3232><6E5C>얘기라면, 아무것도 모른다고<6E5C>말했잖아!","웃기지 마! 그 꼬맹이랑 <이름:3232><6E5C>얘기라면, 아무것도 모른다고<6E5C>말했잖아!"
dom3Rinka_X05.mes,Script/dom3Rinka_X05.mes,157,20,UNKNOWN_8e,汝は用済みなり.<6E5C>ともにここで滅ぶべし,그대는 쓸모없다.<6E5C>함께 사라져라,그대는 쓸모없다.<6E5C>함께 사라져라
dom3Rinka_X05.mes,Script/dom3Rinka_X05.mes,158,5,[효과음/내레이션],バババッ,타타탓,타타탓
dom3Rinka_X05.mes,Script/dom3Rinka_X05.mes,159,6,Rinka,て、鉄砲!,총이다!,총이다!
dom3Rinka_X05.mes,Script/dom3Rinka_X05.mes,160,15,주인공,くそっ、待ち構えていたんだな,"젠장, 기다리고 있었구나","젠장, 기다리고 있었구나"
dom3Rinka_X05.mes,Script/dom3Rinka_X05.mes,161,5,UNKNOWN_74,汚えぞ!,치사해!,치사해!
dom3Rinka_X05.mes,Script/dom3Rinka_X05.mes,162,17,UNKNOWN_8e,愚民のたわ言閉く耳なし.滅びよ!,헛소리 귀 없다. 죽어라!,헛소리 귀 없다. 죽어라!
dom3Rinka_X05.mes,Script/dom3Rinka_X05.mes,163,5,[효과음/내레이션],バンッ!,탕!,탕!
dom3Rinka_X05.mes,Script/dom3Rinka_X05.mes,164,7,Rinka,キャアアア!,꺄아아아!,꺄아아아!
dom3Rinka_X05.mes,Script/dom3Rinka_X05.mes,165,7,주인공,ウワァァァ!,우와아아아!,우와아아아!
dom3Rinka_X05.mes,Script/dom3Rinka_X05.mes,166,35,주인공,(ここまで来たのに、俺はこんな<6E5C>ところで死ぬのか…….<6E5C>り、凛花!),"(여기까지 와서, 이런<6E5C>데서 죽는 건가…….<6E5C>리, 린카!)","(여기까지 와서, 이런<6E5C>데서 죽는 건가…….<6E5C>리, 린카!)"
dom3Rinka_X05.mes,Script/dom3Rinka_X05.mes,167,14,주인공,……ここが、ユガのいる……,"……여기가, 유가가……","……여기가, 유가가……"
dom3Rinka_X05.mes,Script/dom3Rinka_X05.mes,168,12,UNKNOWN_a8,な、なんだお前だちは!,"뭐, 뭐야 너희들은!","뭐, 뭐야 너희들은!"
dom3Rinka_X05.mes,Script/dom3Rinka_X05.mes,169,14,주인공,ユガって奴に会いに来たんだ,유가란 놈을 만나러 왔다,유가란 놈을 만나러 왔다
dom3Rinka_X05.mes,Script/dom3Rinka_X05.mes,170,22,Rinka,さっさとしないと、<6E5C>あんたたちから斬るよ!,"빨리 안 하면,<6E5C>너희부터 벨 거야!","빨리 안 하면,<6E5C>너희부터 벨 거야!"
dom3Rinka_X05.mes,Script/dom3Rinka_X05.mes,171,5,UNKNOWN_1e,何者なり,웬놈이냐,웬놈이냐
dom3Rinka_X05.mes,Script/dom3Rinka_X05.mes,172,9,주인공,お前が、ユガ!?,"네가, 유가!?","네가, 유가!?"
dom3Rinka_X05.mes,Script/dom3Rinka_X05.mes,173,22,UNKNOWN_8e,いかにも、<6E5C>我がこの国の影の支配者ユガなり,"그렇다,<6E5C>내가 이 나라 지배자 유가다","그렇다,<6E5C>내가 이 나라 지배자 유가다"
dom3Rinka_X05.mes,Script/dom3Rinka_X05.mes,174,27,Rinka,夢想夕雲流正統の娘、吉野凛花!<6E5C>父の仇を取りに来た!,"몽상류 딸, 요시노 린카!<6E5C>원수를 갚으러 왔다!","몽상류 딸, 요시노 린카!<6E5C>원수를 갚으러 왔다!"
dom3Rinka_X05.mes,Script/dom3Rinka_X05.mes,175,56,UNKNOWN_8e,……フム、あの小うるさい<6E5C>剣術指南役の娘か<485C>あの者は知りすぎた.<6E5C>我の計画に立て付く愚か者、<6E5C>故に始末したまで,"……흠, 그 시끄럽던<6E5C>검술 사범 딸인가<485C>너무 많이 알았지.<6E5C>내 계획을 방해한 자,<6E5C>그래서 처리했다","……흠, 그 시끄럽던<6E5C>검술 사범 딸인가<485C>너무 많이 알았지.<6E5C>내 계획을 방해한 자,<6E5C>그래서 처리했다"
dom3Rinka_X05.mes,Script/dom3Rinka_X05.mes,176,39,Rinka,やっぱり、おまえが父さんを!<6E5C>許さない…….<6E5C>母さんだって、あんたのせいで!,"역시, 네가 아버지를!<6E5C>용서 안 해…….<6E5C>어머니도, 다 너 때문에!","역시, 네가 아버지를!<6E5C>용서 안 해…….<6E5C>어머니도, 다 너 때문에!"
dom3Rinka_X05.mes,Script/dom3Rinka_X05.mes,177,33,UNKNOWN_8e,親子とも、こそこそとよく動く.<6E5C>出て来なければ生きていけたものを,부녀가 바쁘게 기어다니는군.<6E5C>나서지만 않았으면 살았을 텐데,부녀가 바쁘게 기어다니는군.<6E5C>나서지만 않았으면 살았을 텐데
dom3Rinka_X05.mes,Script/dom3Rinka_X05.mes,178,20,UNKNOWN_8e,せっかく来たのだ.<6E5C>我の手で死すべし!,모처럼 왔으니.<6E5C>내 손으로 죽어라!,모처럼 왔으니.<6E5C>내 손으로 죽어라!
dom3Rinka_X05.mes,Script/dom3Rinka_X05.mes,179,8,[효과음/내레이션],バラバラバラッ,타다다닷,타다다닷
dom3Rinka_X05.mes,Script/dom3Rinka_X05.mes,180,10,[효과음/내레이션],チャキチャキチャキ,챙챙챙,챙챙챙
dom3Rinka_X05.mes,Script/dom3Rinka_X05.mes,181,6,주인공,囲まれた!,포위됐어!,포위됐어!
dom3Rinka_X05.mes,Script/dom3Rinka_X05.mes,182,14,Rinka,二人で闘えばなんとかなるっ,둘이 싸우면 될 거야,둘이 싸우면 될 거야
dom3Rinka_X05.mes,Script/dom3Rinka_X05.mes,183,20,주인공,いや、ザコは俺に任せて、<6E5C>凛花はユガを,졸개는 맡기고<6E5C>린카는 유가를,졸개는 맡기고<6E5C>린카는 유가를
dom3Rinka_X05.mes,Script/dom3Rinka_X05.mes,184,3,Rinka,でも,근데,근데
dom3Rinka_X05.mes,Script/dom3Rinka_X05.mes,185,8,주인공,師匠を信じろ!,사부를 믿어!,사부를 믿어!
dom3Rinka_X05.mes,Script/dom3Rinka_X05.mes,186,16,Rinka,……わかった.死ぬなよ、<이름:3232>!,……알았어. 죽지 마<이름:3232>!,……알았어. 죽지 마<이름:3232>!
dom3Rinka_X05.mes,Script/dom3Rinka_X05.mes,187,14,주인공,ああ.凛花こそしくじるな!,그래. 실수하지 마!,그래. 실수하지 마!
dom3Rinka_X05.mes,Script/dom3Rinka_X05.mes,188,4,Rinka,うん!,응!,응!
dom3Rinka_X05.mes,Script/dom3Rinka_X05.mes,189,3,[효과음/내레이션],タッ,탓,탓
dom3Rinka_X05.mes,Script/dom3Rinka_X05.mes,190,31,주인공,さあ、俺がまとめて相手してやる.<6E5C>死にたい奴は掛かって来い!,"자, 내가 다 상대해 주지.<6E5C>죽고 싶은 놈은 덤벼라!","자, 내가 다 상대해 주지.<6E5C>죽고 싶은 놈은 덤벼라!"
dom3Rinka_X05.mes,Script/dom3Rinka_X05.mes,191,6,[효과음/내레이션],チャキーン,챙그랑,챙그랑
dom3Rinka_X05.mes,Script/dom3Rinka_X05.mes,192,11,UNKNOWN_a9,小僧がっ!なめるな!,"애송이, 얕보지마!","애송이, 얕보지마!"
dom3Rinka_X05.mes,Script/dom3Rinka_X05.mes,193,7,UNKNOWN_a9,うおぉぉぉ!,우오오오오!,우오오오오!
dom3Rinka_X05.mes,Script/dom3Rinka_X05.mes,194,5,주인공,フンッ!,흥!,흥!
dom3Rinka_X05.mes,Script/dom3Rinka_X05.mes,195,6,[효과음/내레이션],チャキンッ,챙!,챙!
dom3Rinka_X05.mes,Script/dom3Rinka_X05.mes,196,6,UNKNOWN_aa,死ねやっ!,죽어라!,죽어라!
dom3Rinka_X05.mes,Script/dom3Rinka_X05.mes,197,5,주인공,うわっ!,우왓!,우왓!
dom3Rinka_X05.mes,Script/dom3Rinka_X05.mes,198,6,[효과음/내레이션],チェインッ,챙!,챙!
dom3Rinka_X05.mes,Script/dom3Rinka_X05.mes,199,5,UNKNOWN_ab,隙あり!,빈틈!,빈틈!
dom3Rinka_X05.mes,Script/dom3Rinka_X05.mes,200,5,주인공,えっ!?,엇!?,엇!?
dom3Rinka_X05.mes,Script/dom3Rinka_X05.mes,201,4,[효과음/내레이션],ザクッ,푹,푹
dom3Rinka_X05.mes,Script/dom3Rinka_X05.mes,202,21,주인공,ウワァァ!<6E5C>……う、後ろからとは卑怯だぞ,우와아!<6E5C>……뒤에서 치다니 비겁해,우와아!<6E5C>……뒤에서 치다니 비겁해
dom3Rinka_X05.mes,Script/dom3Rinka_X05.mes,203,12,UNKNOWN_a9,ヤクザに卑怯もあるか!,야쿠자는 비겁 몰라!,야쿠자는 비겁 몰라!
dom3Rinka_X05.mes,Script/dom3Rinka_X05.mes,204,4,[효과음/내레이션],ザクッ,푹,푹
dom3Rinka_X05.mes,Script/dom3Rinka_X05.mes,205,7,주인공,ウワアアア!,우와아아아!,우와아아아!
dom3Rinka_X05.mes,Script/dom3Rinka_X05.mes,206,31,주인공,……く、くそぅ、せめて、凛花だけ<6E5C>でも……生き残ってくれ……,"……크윽, 최소한 린카만은<6E5C>……살아남아 줘……","……크윽, 최소한 린카만은<6E5C>……살아남아 줘……"
dom3Rinka_X05.mes,Script/dom3Rinka_X05.mes,207,6,[효과음/내레이션],チャキーン,챙그랑,챙그랑
dom3Rinka_X05.mes,Script/dom3Rinka_X05.mes,208,11,UNKNOWN_a9,小僧がっ!なめるな!,"애송이, 얕보지마!","애송이, 얕보지마!"
dom3Rinka_X05.mes,Script/dom3Rinka_X05.mes,209,7,UNKNOWN_a9,うおぉぉぉ!,우오오오오!,우오오오오!
dom3Rinka_X05.mes,Script/dom3Rinka_X05.mes,210,5,주인공,フンッ!,흥!,흥!
dom3Rinka_X05.mes,Script/dom3Rinka_X05.mes,211,4,[효과음/내레이션],キンッ,챙!,챙!
dom3Rinka_X05.mes,Script/dom3Rinka_X05.mes,212,4,[효과음/내레이션],キンッ,챙!,챙!
dom3Rinka_X05.mes,Script/dom3Rinka_X05.mes,213,7,UNKNOWN_a9,グワァァァ!,크아아아!,크아아아!
dom3Rinka_X05.mes,Script/dom3Rinka_X05.mes,214,6,UNKNOWN_aa,死ねやっ!,죽어라!,죽어라!
dom3Rinka_X05.mes,Script/dom3Rinka_X05.mes,215,5,주인공,セイッ!,얍!,얍!
dom3Rinka_X05.mes,Script/dom3Rinka_X05.mes,216,4,[효과음/내레이션],キンッ,챙!,챙!
dom3Rinka_X05.mes,Script/dom3Rinka_X05.mes,217,4,[효과음/내레이션],キンッ,챙!,챙!
dom3Rinka_X05.mes,Script/dom3Rinka_X05.mes,218,7,UNKNOWN_aa,ギャアアア!,끄아아아!,끄아아아!
dom3Rinka_X05.mes,Script/dom3Rinka_X05.mes,219,7,주인공,まだまだっ!,아직이다!,아직이다!
dom3Rinka_X05.mes,Script/dom3Rinka_X05.mes,220,4,[효과음/내레이션],キンッ,챙!,챙!
dom3Rinka_X05.mes,Script/dom3Rinka_X05.mes,221,5,UNKNOWN_ab,グハッ!,크헉!,크헉!
dom3Rinka_X05.mes,Script/dom3Rinka_X05.mes,222,16,주인공,……ふぅ.日頃の訓練の成果だな,……후. 평소 훈련 성과군,……후. 평소 훈련 성과군
dom3Rinka_X05.mes,Script/dom3Rinka_X05.mes,223,6,주인공,凛花は!?,린카는!?,린카는!?
dom3Rinka_X05.mes,Script/dom3Rinka_X05.mes,224,15,Rinka,夢想夕雲流。吉野凛花、参る!,"몽상류. 린카, 간다!","몽상류. 린카, 간다!"
dom3Rinka_X05.mes,Script/dom3Rinka_X05.mes,225,13,UNKNOWN_8e,その愚かさ、思い知るべし,그 어리석음 깨달아라,그 어리석음 깨달아라
dom3Rinka_X05.mes,Script/dom3Rinka_X05.mes,226,11,Rinka,夢想夕雲流。梅雨舞!,몽상류. 츠유마이!,몽상류. 츠유마이!
dom3Rinka_X05.mes,Script/dom3Rinka_X05.mes,227,5,UNKNOWN_8e,クシャナ,쿠샤나,쿠샤나
dom3Rinka_X05.mes,Script/dom3Rinka_X05.mes,228,7,[효과음/내레이션],キィーーンッ,키이이잉,키이이잉
dom3Rinka_X05.mes,Script/dom3Rinka_X05.mes,229,9,Rinka,くっ……、まだだ,"큭…, 아직이다","큭…, 아직이다"
dom3Rinka_X05.mes,Script/dom3Rinka_X05.mes,230,19,UNKNOWN_8e,グゥッ……、汝の首に鎖をかけるべ<6E5C>し,크윽…… 목에 사슬을 걸겠다<6E5C>,크윽…… 목에 사슬을 걸겠다<6E5C>
dom3Rinka_X05.mes,Script/dom3Rinka_X05.mes,231,12,Rinka,夢想夕雲流奥義。関雪!,"몽상류, 세키세츠!","몽상류, 세키세츠!"
dom3Rinka_X05.mes,Script/dom3Rinka_X05.mes,232,6,UNKNOWN_8e,ヴェーダガ,베다가,베다가
dom3Rinka_X05.mes,Script/dom3Rinka_X05.mes,233,7,[효과음/내레이션],ザシュッッ!,촤악!,촤악!
dom3Rinka_X05.mes,Script/dom3Rinka_X05.mes,234,9,주인공,(どっちだ!?),(누구야!?),(누구야!?)
dom3Rinka_X05.mes,Script/dom3Rinka_X05.mes,235,5,Rinka,うっ……,윽……,윽……
dom3Rinka_X05.mes,Script/dom3Rinka_X05.mes,236,4,주인공,凛花!,린카!,린카!
dom3Rinka_X05.mes,Script/dom3Rinka_X05.mes,237,24,UNKNOWN_8e,わ、我は……滅びぬ…….<6E5C>グゥオオオオオ……!,난……멸하지 않는다…….<6E5C>구오오오오오……!,난……멸하지 않는다…….<6E5C>구오오오오오……!
dom3Rinka_X05.mes,Script/dom3Rinka_X05.mes,238,9,[효과음/내레이션],バターーーン……,쿠우웅……,쿠우웅……
dom3Rinka_X05.mes,Script/dom3Rinka_X05.mes,239,4,주인공,凛花!,린카!,린카!
dom3Rinka_X05.mes,Script/dom3Rinka_X05.mes,240,15,Rinka,<이름:3232>…….あたし、やったよ!,"<이름:3232>……. 나, 해냈어!","<이름:3232>……. 나, 해냈어!"
dom3Rinka_X05.mes,Script/dom3Rinka_X05.mes,241,42,Rinka,みんな、あんたのおかげだ……!<6E5C>これで、空の父さんと母さんに笑顔<6E5C>で向き合える……,다 네 덕분이야……!<6E5C>이제 하늘의 부모님께 웃으며<6E5C>마주할 수 있어……,다 네 덕분이야……!<6E5C>이제 하늘의 부모님께 웃으며<6E5C>마주할 수 있어……
dom3Rinka_X05.mes,Script/dom3Rinka_X05.mes,242,17,Rinka,父さん、きっと誉めてくれるよね?,"아버지, 분명 칭찬해 주겠지?","아버지, 분명 칭찬해 주겠지?"
dom3Rinka_X05.mes,Script/dom3Rinka_X05.mes,243,33,주인공,ああ、よくやった!父さんの代わ<6E5C>りに、俺がいっぱい誉めてやるよ!,"그래, 잘했어! 아버지 대신<6E5C>에, 내가 잔뜩 칭찬해 줄게!","그래, 잘했어! 아버지 대신<6E5C>에, 내가 잔뜩 칭찬해 줄게!"
dom3Rinka_X05.mes,Script/dom3Rinka_X05.mes,244,6,[효과음/내레이션],ナデナデッ,쓰담쓰담,쓰담쓰담
dom3Rinka_X05.mes,Script/dom3Rinka_X05.mes,245,23,Rinka,いた!何をするんだ、<이름:3232>.<6E5C>……恥ずかしいよ,"아파! 뭐 하는 거야, <이름:3232>.<6E5C>부끄럽잖아","아파! 뭐 하는 거야, <이름:3232>.<6E5C>부끄럽잖아"
dom3Rinka_X05.mes,Script/dom3Rinka_X05.mes,246,52,주인공,黙ってろ!今まで誰にも<6E5C>甘えられなかったんだ<485C>これからは、うんと俺に甘えろよ?<6E5C>もう、強がったりするな,가만있어! 여태 아무한테도<6E5C>응석 못 부렸잖아<485C>이제부턴 실컷 응석 부려.<6E5C>강한 척 그만해,가만있어! 여태 아무한테도<6E5C>응석 못 부렸잖아<485C>이제부턴 실컷 응석 부려.<6E5C>강한 척 그만해
dom3Rinka_X05.mes,Script/dom3Rinka_X05.mes,247,16,Rinka,う……うん.うまく、できるかな,으…응. 잘 할 수 있을까,으…응. 잘 할 수 있을까
dom3Rinka_X05.mes,Script/dom3Rinka_X05.mes,248,32,주인공,甘え方も、俺が稽古で教えてやるよ<6E5C>.剣の上達より難しいかもな?,응석 부리는 법도 내가 가르쳐줄게<6E5C>검술보다 어려울지도?,응석 부리는 법도 내가 가르쳐줄게<6E5C>검술보다 어려울지도?
dom3Rinka_X05.mes,Script/dom3Rinka_X05.mes,249,10,Rinka,も、もぉ、<이름:3232>ッ!,"정말, <이름:3232>!","정말, <이름:3232>!"
dom3Rinka_X05.mes,Script/dom3Rinka_X05.mes,250,4,UNKNOWN_7a,ヂ~!,찌익!,찌익!
dom3Rinka_ending1.mes,Script/dom3Rinka_ending1.mes,0,13,주인공,(う~ん、むにゃむにゃ),"(으음, 우물우물……)","(으음, 우물우물……)"
dom3Rinka_ending1.mes,Script/dom3Rinka_ending1.mes,1,5,UNKNOWN_1e,<이름:3232>っ!,<이름:3232>!,<이름:3232>!
dom3Rinka_ending1.mes,Script/dom3Rinka_ending1.mes,2,5,주인공,(ん?),(음?),(음?)
dom3Rinka_ending1.mes,Script/dom3Rinka_ending1.mes,3,5,[효과음/내레이션],ドーン!,쿵!,쿵!
dom3Rinka_ending1.mes,Script/dom3Rinka_ending1.mes,4,4,주인공,重っ!,묵직!,묵직!
dom3Rinka_ending1.mes,Script/dom3Rinka_ending1.mes,5,8,[효과음/내레이션],カリカリカリッ,사각사각사각,사각사각사각
dom3Rinka_ending1.mes,Script/dom3Rinka_ending1.mes,6,4,주인공,痛っ!,아파!,아파!
dom3Rinka_ending1.mes,Script/dom3Rinka_ending1.mes,7,8,Rinka,<이름:3232>、起きろ!,<이름:3232> 일어나!,<이름:3232> 일어나!
dom3Rinka_ending1.mes,Script/dom3Rinka_ending1.mes,8,6,UNKNOWN_7a,ヂヂヂッ!,찍찍찍!,찍찍찍!
dom3Rinka_ending1.mes,Script/dom3Rinka_ending1.mes,9,26,주인공,ふ、布団の上に乗るのも、<6E5C>かじるのも止めてくれよ!,이불 위 올라오는 것도<6E5C>물어뜯는 것도 그만해!,이불 위 올라오는 것도<6E5C>물어뜯는 것도 그만해!
dom3Rinka_ending1.mes,Script/dom3Rinka_ending1.mes,10,11,Rinka,早く!稽古に行くぞ!,빨리! 수련 가자!,빨리! 수련 가자!
dom3Rinka_ending1.mes,Script/dom3Rinka_ending1.mes,11,23,주인공,えぇ~、毎日稽古って、<6E5C>さすがに疲れるよ……,"에~, 매일 수련이라니<6E5C>진짜 지친다……","에~, 매일 수련이라니<6E5C>진짜 지친다……"
dom3Rinka_ending1.mes,Script/dom3Rinka_ending1.mes,12,39,Rinka,何言ってるんだ!<6E5C>あたしといっしょに闘いぬくって<6E5C>誓ったのはウソだったのか?,"무슨 소리야!<6E5C>나랑 같이 끝까지 싸우겠다고<6E5C>맹세한 거, 거짓말이었어?","무슨 소리야!<6E5C>나랑 같이 끝까지 싸우겠다고<6E5C>맹세한 거, 거짓말이었어?"
dom3Rinka_ending1.mes,Script/dom3Rinka_ending1.mes,13,39,주인공,ウソって、もう仇は倒したのに……<6E5C>.たまには稽古じゃなくて、<6E5C>でぇとしようよ,"거짓말이라니, 원수는 이미 갚았는데……<6E5C>가끔은 수련 말고 데이트하자","거짓말이라니, 원수는 이미 갚았는데……<6E5C>가끔은 수련 말고 데이트하자"
dom3Rinka_ending1.mes,Script/dom3Rinka_ending1.mes,14,10,Rinka,え……でぇと……?,어……데이트……?,어……데이트……?
dom3Rinka_ending1.mes,Script/dom3Rinka_ending1.mes,15,33,주인공,ははっ.なんだ、凛花も稽古より<6E5C>そっちの方がうれしいんじゃないか,"하하. 뭐야, 린카도 수련보다<6E5C>그쪽이 더 좋은 거 아니야","하하. 뭐야, 린카도 수련보다<6E5C>그쪽이 더 좋은 거 아니야"
dom3Rinka_ending1.mes,Script/dom3Rinka_ending1.mes,16,55,Rinka,なっ、そんなことないぞ!<485C>あたしは父さんの夢想夕雲流を<6E5C>再び興すために、遊んでる<6E5C>ヒマなんてないんだからな!,"무, 무슨 소리야!<485C>난 아버지의 몽상류를<6E5C>다시 일으켜야 해서, 놀<6E5C>틈 따위 없어!","무, 무슨 소리야!<485C>난 아버지의 몽상류를<6E5C>다시 일으켜야 해서, 놀<6E5C>틈 따위 없어!"
dom3Rinka_ending1.mes,Script/dom3Rinka_ending1.mes,17,16,Rinka,そんなこと言う<이름:3232>は、こうだ!,그런 말 하는 <이름:3232>는 이거다,그런 말 하는 <이름:3232>는 이거다
dom3Rinka_ending1.mes,Script/dom3Rinka_ending1.mes,18,6,[효과음/내레이션],バシーン!,찰싹!,찰싹!
dom3Rinka_ending1.mes,Script/dom3Rinka_ending1.mes,19,7,주인공,いてててて!,아야야야얏!,아야야야얏!
dom3Rinka_ending1.mes,Script/dom3Rinka_ending1.mes,20,4,UNKNOWN_7a,ヂ~ッ,찌익~,찌익~
dom3Rinka_ending1.mes,Script/dom3Rinka_ending1.mes,21,9,[효과음/내레이션],タッタッタッ……,타닥타닥……,타닥타닥……
dom3Rinka_ending1.mes,Script/dom3Rinka_ending1.mes,22,22,Rinka,ハハハッ、気持ちいいな!<6E5C>ふたりで走るのは,"하하핫, 기분 좋다!<6E5C>둘이서 달리는 거","하하핫, 기분 좋다!<6E5C>둘이서 달리는 거"
dom3Rinka_ending1.mes,Script/dom3Rinka_ending1.mes,23,20,주인공,気持ちいいというよりは……<6E5C>しんどいな,기분 좋다기보다는……<6E5C>힘드네,기분 좋다기보다는……<6E5C>힘드네
dom3Rinka_ending1.mes,Script/dom3Rinka_ending1.mes,24,4,Rinka,<이름:3232>!,<이름:3232>!,<이름:3232>!
dom3Rinka_ending1.mes,Script/dom3Rinka_ending1.mes,25,63,주인공,そうだな.これくらいで根を上げて<6E5C>いる場合じゃないな<485C>なんせ、ふたりで夢想夕雲流を<6E5C>受け維ぎ、興さないと<6E5C>いけないんだから!,"그렇지. 이 정도로 힘들다고<6E5C>투덜댈 때가 아니지<485C>어쨌든, 둘이서 몽상류를<6E5C>이어받아서, 일으켜야<6E5C>하니까!","그렇지. 이 정도로 힘들다고<6E5C>투덜댈 때가 아니지<485C>어쨌든, 둘이서 몽상류를<6E5C>이어받아서, 일으켜야<6E5C>하니까!"
dom3Rinka_ending1.mes,Script/dom3Rinka_ending1.mes,26,10,Rinka,え、ふたりで……?,"어, 둘이서……?","어, 둘이서……?"
dom3Rinka_ending1.mes,Script/dom3Rinka_ending1.mes,27,6,주인공,嫌なのか?,싫어?,싫어?
dom3Rinka_ending1.mes,Script/dom3Rinka_ending1.mes,28,12,Rinka,そ、そんなんじゃない!,"그, 그런 거 아냐!","그, 그런 거 아냐!"
dom3Rinka_ending1.mes,Script/dom3Rinka_ending1.mes,29,20,주인공,よし!<6E5C>ならこのまま、京都まで走るか!,좋아!<6E5C>이대로 교토까지 달릴까!,좋아!<6E5C>이대로 교토까지 달릴까!
dom3Rinka_ending1.mes,Script/dom3Rinka_ending1.mes,30,5,Rinka,京都!?,교토!?,교토!?
dom3Rinka_ending1.mes,Script/dom3Rinka_ending1.mes,31,60,주인공,俺の実家があるんだ<485C>武家の嫡男なんて、<6E5C>重苦しくて冗談じゃないと逃げ<6E5C>出してしまったが、<485C>凛花といっしょなら頑張れるよ,"내 본가가 있어<485C>무가의 적장자라니 답답해서<6E5C>도망쳤었지만,<485C>린카랑 함께면 버틸 수 있어","내 본가가 있어<485C>무가의 적장자라니 답답해서<6E5C>도망쳤었지만,<485C>린카랑 함께면 버틸 수 있어"
dom3Rinka_ending1.mes,Script/dom3Rinka_ending1.mes,32,31,Rinka,武家?<이름:3232>が?<6E5C>……あたしがいると、<6E5C>お父さんが怒るんじゃぁ,무가? <이름:3232>가?<6E5C>……내가 있으면 아버님이 화내실까,무가? <이름:3232>가?<6E5C>……내가 있으면 아버님이 화내실까
dom3Rinka_ending1.mes,Script/dom3Rinka_ending1.mes,33,40,주인공,ふたりなら、どんな困難でも乗り<6E5C>越えられる.そうだろ?<6E5C>それとも俺じゃ不安か?,둘이면 어떤 어려움도<6E5C>넘을 수 있어. 그렇지?<6E5C>아니면 내가 불안해?,둘이면 어떤 어려움도<6E5C>넘을 수 있어. 그렇지?<6E5C>아니면 내가 불안해?
dom3Rinka_ending1.mes,Script/dom3Rinka_ending1.mes,34,29,Rinka,そ、そんなわけない!それなら、<6E5C><이름:3232>の実家まで、競走だ!,"그, 그럴 리 없어! 그럼<6E5C><이름:3232> 본가까지, 경주다!","그, 그럴 리 없어! 그럼<6E5C><이름:3232> 본가까지, 경주다!"
dom3Rinka_ending1.mes,Script/dom3Rinka_ending1.mes,35,4,주인공,えぇ?,엥?,엥?
dom3Rinka_ending1.mes,Script/dom3Rinka_ending1.mes,36,5,[효과음/내레이션],タタタッ,타다닷,타다닷
dom3Rinka_ending1.mes,Script/dom3Rinka_ending1.mes,37,31,Rinka,早く来ないと、<이름:3232>なんかより<6E5C>うんと強くなってしまうからな!,"빨리 안 오면, <이름:3232>보다<6E5C>훨씬 강해져 버릴 거니까!","빨리 안 오면, <이름:3232>보다<6E5C>훨씬 강해져 버릴 거니까!"
dom3Rinka_ending1.mes,Script/dom3Rinka_ending1.mes,38,11,주인공,待ってくれよ、凛花~,"기다려 줘, 린카~","기다려 줘, 린카~"
dom3Rinka_ending1.mes,Script/dom3Rinka_ending1.mes,39,4,UNKNOWN_7a,ヂ~ッ,찌익~,찌익~
dom3Rinka_ending1.mes,Script/dom3Rinka_ending1.mes,40,20,UNKNOWN_6d,お疲れ様!<6E5C>少しは楽しんでくれたかな?,수고했어!<6E5C>조금은 즐거웠으려나?,수고했어!<6E5C>조금은 즐거웠으려나?
dom3Rinka_ending1.mes,Script/dom3Rinka_ending1.mes,41,12,UNKNOWN_6d,……あ!<6E5C>いっけない!,……아!<6E5C>큰일났다!,……아!<6E5C>큰일났다!
dom3Rinka_ending1.mes,Script/dom3Rinka_ending1.mes,42,6,[효과음/내레이션],ドロンッ!,펑!,펑!
dom3Rinka_ending1.mes,Script/dom3Rinka_ending1.mes,43,44,Shino,こんぷりーと、おめでとう!<6E5C>今度むささび屋に来たら、善哉<6E5C>いっぱい食べさせてあげるね!,"완료, 축하해!<6E5C>다음에 무사사비야에 오면 단팥죽<6E5C>잔뜩 먹여줄게!","완료, 축하해!<6E5C>다음에 무사사비야에 오면 단팥죽<6E5C>잔뜩 먹여줄게!"
dom3Rinka_ending1.mes,Script/dom3Rinka_ending1.mes,44,5,Shino,せーのっ,하나둘!,하나둘!
dom3Rinka_ending1.mes,Script/dom3Rinka_ending1.mes,45,22,UNKNOWN_1d,わたしたちをみつけてくれて、<6E5C>ありがとう!,"우리를 찾아줘서,<6E5C>고마워!","우리를 찾아줘서,<6E5C>고마워!"
