file,rel_path,block,n_tokens,speaker,source,ai_draft,translation
dom3Shino_L01.mes,Script/dom3Shino_L01.mes,0,32,Shino,あら、いらっしゃい<이름:3232>さん!<6E5C>毎日来てくれるなんてうれしいわ!,"어머, 어서와요 <이름:3232>씨!<6E5C>매일 와주다니 기쁘잖아!","어머, 어서와요 <이름:3232>씨!<6E5C>매일 와주다니 기쁘잖아!"
dom3Shino_L01.mes,Script/dom3Shino_L01.mes,1,23,주인공,不思議と落ち着くんだよね、<6E5C>こき使われるのに,"이상하게 편안해,<6E5C>이렇게 부려먹히는데도","이상하게 편안해,<6E5C>이렇게 부려먹히는데도"
dom3Shino_L01.mes,Script/dom3Shino_L01.mes,2,44,Shino,ふふっ、<6E5C>さてはあたいに惚れちゃった?<485C>素直に言えばいいのに、<6E5C>恥ずかしがり屋さんねぇ,"후훗,<6E5C>혹시 나한테 반한거야?<485C>솔직히 말하면 될 걸,<6E5C>부끄럼쟁이네","후훗,<6E5C>혹시 나한테 반한거야?<485C>솔직히 말하면 될 걸,<6E5C>부끄럼쟁이네"
dom3Shino_L01.mes,Script/dom3Shino_L01.mes,3,9,주인공,いや、あのね……,"아니, 저기……","아니, 저기……"
dom3Shino_L01.mes,Script/dom3Shino_L01.mes,4,24,Shino,ちょっと待って、<6E5C>今お善哉を出してあげるから!,"잠깐 기다려,<6E5C>지금 단팥죽 내줄게!","잠깐 기다려,<6E5C>지금 단팥죽 내줄게!"
dom3Shino_L01.mes,Script/dom3Shino_L01.mes,5,3,[효과음/내레이션],タッ,탁,탁
dom3Shino_L01.mes,Script/dom3Shino_L01.mes,6,25,주인공,……まだ何も注文してないんだけど<6E5C>……まぁいいか,……아직 안 시켰는데<6E5C>……뭐 상관없나,……아직 안 시켰는데<6E5C>……뭐 상관없나
dom3Shino_L01.mes,Script/dom3Shino_L01.mes,7,9,Shino,はい、おまたせ!,"자, 나왔어!","자, 나왔어!"
dom3Shino_L01.mes,Script/dom3Shino_L01.mes,8,30,주인공,あ、ありがとう.<6E5C>……砂糖と塩を間違えたり<6E5C>してないよね?,고마워.<6E5C>설탕이랑 소금<6E5C>안 헷갈렸지?,고마워.<6E5C>설탕이랑 소금<6E5C>안 헷갈렸지?
dom3Shino_L01.mes,Script/dom3Shino_L01.mes,9,28,Shino,やぁねぇ.<6E5C>あたいがそんな失敗するわけ<6E5C>ないじゃない!,에이 참.<6E5C>내가 그런 실수를 할 리<6E5C>없잖아!,에이 참.<6E5C>내가 그런 실수를 할 리<6E5C>없잖아!
dom3Shino_L01.mes,Script/dom3Shino_L01.mes,10,3,주인공,……,……,……
dom3Shino_L01.mes,Script/dom3Shino_L01.mes,11,16,Shino,そんなことより、はい、あ~ん!,"그건 그렇고, 자, 아~앙!","그건 그렇고, 자, 아~앙!"
dom3Shino_L01.mes,Script/dom3Shino_L01.mes,12,3,주인공,えっ,엇,엇
dom3Shino_L01.mes,Script/dom3Shino_L01.mes,13,16,Shino,ほらほら、かたくならないで……,"자자, 긴장하지 말고……","자자, 긴장하지 말고……"
dom3Shino_L01.mes,Script/dom3Shino_L01.mes,14,15,주인공,な、何してるんだよ!いきなり,"뭐, 뭐하는거야! 갑자기","뭐, 뭐하는거야! 갑자기"
dom3Shino_L01.mes,Script/dom3Shino_L01.mes,15,40,Shino,ここまでご奉仕しちゃうの、<6E5C><이름:3232>さんだけなんだからねっ.<6E5C>早くお口を開けてよ~,"이렇게까지 챙겨주는 건,<6E5C><이름:3232>씨뿐이라구.<6E5C>얼른 입 벌려봐~","이렇게까지 챙겨주는 건,<6E5C><이름:3232>씨뿐이라구.<6E5C>얼른 입 벌려봐~"
dom3Shino_L01.mes,Script/dom3Shino_L01.mes,16,24,주인공,恥ずかしいって!<6E5C>うわ、膝の上にまで乗るなよ!,"부끄럽다고!<6E5C>우와, 무릎에 올라오지마!","부끄럽다고!<6E5C>우와, 무릎에 올라오지마!"
dom3Shino_L01.mes,Script/dom3Shino_L01.mes,17,15,Shino,もぉ、本当はうれしいくせに~,"참 나, 사실은 좋으면서~","참 나, 사실은 좋으면서~"
dom3Shino_L01.mes,Script/dom3Shino_L01.mes,18,11,주인공,……わ、わかったよ!,"……아, 알았어!","……아, 알았어!"
dom3Shino_L01.mes,Script/dom3Shino_L01.mes,19,11,[효과음/내레이션],……ぱくっ<020A>もぐもぐ,……냠<020A>우물우물,……냠<020A>우물우물
dom3Shino_L01.mes,Script/dom3Shino_L01.mes,20,9,Shino,どぉ?おいしい?,어때? 맛있어?,어때? 맛있어?
dom3Shino_L01.mes,Script/dom3Shino_L01.mes,21,9,[선택지],わからないおいしい,모른다\맛있다,모른다\맛있다
dom3Shino_L01.mes,Script/dom3Shino_L01.mes,22,16,주인공,い、いや…….よくわからないな,"아, 아니…….잘 모르겠는데","아, 아니…….잘 모르겠는데"
dom3Shino_L01.mes,Script/dom3Shino_L01.mes,23,35,Shino,ヤダ…….ドキドキして<6E5C>味がよくわからなかった?<6E5C>しょうがないわねぇ,싫어…….두근거려서<6E5C>맛을 잘 못 느꼈어?<6E5C>어쩔 수 없네,싫어…….두근거려서<6E5C>맛을 잘 못 느꼈어?<6E5C>어쩔 수 없네
dom3Shino_L01.mes,Script/dom3Shino_L01.mes,24,16,주인공,(……もう、好きにしてくれよ),"(……에라, 마음대로 해)","(……에라, 마음대로 해)"
dom3Shino_L01.mes,Script/dom3Shino_L01.mes,25,10,주인공,お、おいしい……よ,"마, 맛있어……","마, 맛있어……"
dom3Shino_L01.mes,Script/dom3Shino_L01.mes,26,30,Shino,ふふ、あったりまえじゃない!<6E5C>心までとろけちゃったでしょ?,"후후, 당연하잖아!<6E5C>마음까지 녹아버렸지?","후후, 당연하잖아!<6E5C>마음까지 녹아버렸지?"
dom3Shino_L01.mes,Script/dom3Shino_L01.mes,27,16,주인공,(もう、ついていけないよ……),"(정말, 못 따라가겠어……)","(정말, 못 따라가겠어……)"
dom3Shino_L02.mes,Script/dom3Shino_L02.mes,0,35,UNKNOWN_1e,ちょいと!<6E5C>うちのお客さんにケンカ売る<6E5C>なんて、ただじゃおかないよ!,"잠깐!<6E5C>우리 손님한테 시비 걸다니,<6E5C>가만 안 둘거야!","잠깐!<6E5C>우리 손님한테 시비 걸다니,<6E5C>가만 안 둘거야!"
dom3Shino_L02.mes,Script/dom3Shino_L02.mes,1,8,주인공,な、なんだぁ?,"뭐, 뭐야?","뭐, 뭐야?"
dom3Shino_L02.mes,Script/dom3Shino_L02.mes,2,12,Shino,さっさと謝りなさいよ!,얼른 사과해!,얼른 사과해!
dom3Shino_L02.mes,Script/dom3Shino_L02.mes,3,15,UNKNOWN_74,んだとぉ?何もしてねーだろ!,"뭐야, 아무 짓도 안했어!","뭐야, 아무 짓도 안했어!"
dom3Shino_L02.mes,Script/dom3Shino_L02.mes,4,29,주인공,な、詩乃さんが、あのおっかな<6E5C>そうな男にえらく怒ってるぞ,"저, 시노씨가 저 무서운<6E5C>남자한테 엄청 화났어","저, 시노씨가 저 무서운<6E5C>남자한테 엄청 화났어"
dom3Shino_L02.mes,Script/dom3Shino_L02.mes,5,32,UNKNOWN_74,むこうからイチャモンつけて<6E5C>きたんだよ!<6E5C>オレ様は悪くねーよ!,저쪽이 먼저 시비를 걸어<6E5C>온거라고!<6E5C>내 잘못이 아냐!,저쪽이 먼저 시비를 걸어<6E5C>온거라고!<6E5C>내 잘못이 아냐!
dom3Shino_L02.mes,Script/dom3Shino_L02.mes,6,61,Shino,あはは!<6E5C>いつもハデなことばかりしてるから<6E5C>反感買っちゃうのよ!<485C>あたいみたいに、誰からも慕われる<6E5C>人気者にならないと!,"아하하!<6E5C>맨날 요란하게 구니까<6E5C>미움 사는거야!<485C>나처럼, 누구한테나 사랑받는<6E5C>인기인이 돼야지!","아하하!<6E5C>맨날 요란하게 구니까<6E5C>미움 사는거야!<485C>나처럼, 누구한테나 사랑받는<6E5C>인기인이 돼야지!"
dom3Shino_L02.mes,Script/dom3Shino_L02.mes,7,11,UNKNOWN_74,ケッ、冗談じゃねーよ,"쳇, 웃기지 마","쳇, 웃기지 마"
dom3Shino_L02.mes,Script/dom3Shino_L02.mes,8,25,Shino,とにかく、あたいの店でケンカは<6E5C>ご法度だからネ!,"아무튼, 내 가게에서 싸움은<6E5C>절대 안돼!","아무튼, 내 가게에서 싸움은<6E5C>절대 안돼!"
dom3Shino_L02.mes,Script/dom3Shino_L02.mes,9,11,UNKNOWN_74,はいはい、わかったよ,"예예, 알았다구","예예, 알았다구"
dom3Shino_L02.mes,Script/dom3Shino_L02.mes,10,21,주인공,すごい…….<6E5C>あの男を言い負かせちゃった,대단해…….<6E5C>저 남자를 말로 눌렀어,대단해…….<6E5C>저 남자를 말로 눌렀어
dom3Shino_L02.mes,Script/dom3Shino_L02.mes,11,22,Shino,あら、<이름:3232>さんじゃない.<6E5C>お店によってく?,"어머, <이름:3232>씨잖아.<6E5C>가게 들를래?","어머, <이름:3232>씨잖아.<6E5C>가게 들를래?"
dom3Shino_L02.mes,Script/dom3Shino_L02.mes,12,11,[선택지],あぶないなぁすごいなぁ,위험하네\대단하네,위험하네\대단하네
dom3Shino_L02.mes,Script/dom3Shino_L02.mes,13,34,주인공,あぶないなぁ.<6E5C>あんな言い方してたら、<6E5C>いつケガするかわからないよ,"위험하네.<6E5C>저런 식으로 말하다간,<6E5C>언제 다칠지 몰라","위험하네.<6E5C>저런 식으로 말하다간,<6E5C>언제 다칠지 몰라"
dom3Shino_L02.mes,Script/dom3Shino_L02.mes,14,34,Shino,へっちゃらよぉ.<6E5C>あんなのに恐がってたら、<6E5C>お店なんてできないわ!,"끄떡없어.<6E5C>저런 거 무서워했다간,<6E5C>가게 같은 건 못하지!","끄떡없어.<6E5C>저런 거 무서워했다간,<6E5C>가게 같은 건 못하지!"
dom3Shino_L02.mes,Script/dom3Shino_L02.mes,15,11,주인공,そうかもしれないけど,그럴지도 모르지만,그럴지도 모르지만
dom3Shino_L02.mes,Script/dom3Shino_L02.mes,16,34,Shino,<이름:3232>さんは心配性ねぇ.<6E5C>そんなことじゃ世の中渡って<6E5C>いけないわよ?,<이름:3232>씨는 걱정도 많네.<6E5C>그래서야 세상 살아가기<6E5C>힘들다구?,<이름:3232>씨는 걱정도 많네.<6E5C>그래서야 세상 살아가기<6E5C>힘들다구?
dom3Shino_L02.mes,Script/dom3Shino_L02.mes,17,14,주인공,……逆に説教されてしまった,……오히려 잔소리 들었네,……오히려 잔소리 들었네
dom3Shino_L02.mes,Script/dom3Shino_L02.mes,18,24,주인공,すごいなぁ.<6E5C>あんな言い方して、恐くないのかい,대단하네.<6E5C>저렇게 말하고 안 무서운가,대단하네.<6E5C>저렇게 말하고 안 무서운가
dom3Shino_L02.mes,Script/dom3Shino_L02.mes,19,35,Shino,へっちゃらよぉ.<6E5C>お客さんは誰よりも大事だもの.<6E5C>守るのが当然だわ!,끄떡없어.<6E5C>손님은 누구보다 소중한걸.<6E5C>지키는 게 당연하지!,끄떡없어.<6E5C>손님은 누구보다 소중한걸.<6E5C>지키는 게 당연하지!
dom3Shino_L02.mes,Script/dom3Shino_L02.mes,20,9,주인공,それは感心だなぁ,그거 대단하네,그거 대단하네
dom3Shino_L02.mes,Script/dom3Shino_L02.mes,21,30,Shino,ふふっ.<6E5C>しびれちゃった?<6E5C>あたいに惚れたらケガするわよ?,후훗.<6E5C>반해버렸어?<6E5C>나한테 반하면 다칠걸?,후훗.<6E5C>반해버렸어?<6E5C>나한테 반하면 다칠걸?
dom3Shino_L02.mes,Script/dom3Shino_L02.mes,22,16,주인공,誰もそこまで言ってないけど……,그렇게까진 안 했는데……,그렇게까진 안 했는데……
dom3Shino_L03.mes,Script/dom3Shino_L03.mes,0,6,UNKNOWN_69,がんばれー,힘내라~,힘내라~
dom3Shino_L03.mes,Script/dom3Shino_L03.mes,1,9,UNKNOWN_6a,もうすこしだー!,조금만 더!,조금만 더!
dom3Shino_L03.mes,Script/dom3Shino_L03.mes,2,18,주인공,なんだ?<6E5C>えらい盛り上がりようだな,뭐지?<6E5C>엄청 신났네,뭐지?<6E5C>엄청 신났네
dom3Shino_L03.mes,Script/dom3Shino_L03.mes,3,11,UNKNOWN_7c,だ、だめだっ.降参~,"아, 안돼.항복~","아, 안돼.항복~"
dom3Shino_L03.mes,Script/dom3Shino_L03.mes,4,16,UNKNOWN_75,へっ、また俺の勝ちか?わりぃな,"흥, 또 이겼군. 미안하다","흥, 또 이겼군. 미안하다"
dom3Shino_L03.mes,Script/dom3Shino_L03.mes,5,23,주인공,覇王丸さん、いったい<6E5C>何をやってるんですか?,"하오마루씨, 대체<6E5C>뭘 하고 있는 거예요?","하오마루씨, 대체<6E5C>뭘 하고 있는 거예요?"
dom3Shino_L03.mes,Script/dom3Shino_L03.mes,6,35,Shino,あら<이름:3232>さん、絶好の<6E5C>たいみんぐね.<6E5C>もちろん、やる気バッチリよね?,"어머 <이름:3232>씨, 절호의<6E5C>타이밍이네.<6E5C>당연히, 의욕 충분하지?","어머 <이름:3232>씨, 절호의<6E5C>타이밍이네.<6E5C>당연히, 의욕 충분하지?"
dom3Shino_L03.mes,Script/dom3Shino_L03.mes,7,3,주인공,へ?,엥?,엥?
dom3Shino_L03.mes,Script/dom3Shino_L03.mes,8,43,Shino,毎月恒例の『大食い大会』に決まっ<6E5C>てるじゃない!よーし、みんな、<6E5C>新しい挑戦者よぉ!,"매달 하는『대식 대회』인게<6E5C>당연하잖아!자, 다들,<6E5C>새로운 도전자야~!","매달 하는『대식 대회』인게<6E5C>당연하잖아!자, 다들,<6E5C>새로운 도전자야~!"
dom3Shino_L03.mes,Script/dom3Shino_L03.mes,9,5,UNKNOWN_46,おぉー!,오오~!,오오~!
dom3Shino_L03.mes,Script/dom3Shino_L03.mes,10,6,주인공,え、えぇ?,"어, 어?","어, 어?"
dom3Shino_L03.mes,Script/dom3Shino_L03.mes,11,23,UNKNOWN_75,おっ、次はおまえさんか.<6E5C>こいつぁ楽しみだ!,"오, 다음은 너로군.<6E5C>이거 기대되는데!","오, 다음은 너로군.<6E5C>이거 기대되는데!"
dom3Shino_L03.mes,Script/dom3Shino_L03.mes,12,14,Shino,じゃ、今度は特盛うどんよ!,이번엔 곱빼기 우동!,이번엔 곱빼기 우동!
dom3Shino_L03.mes,Script/dom3Shino_L03.mes,13,16,Shino,一本目<6E5C>寺いざ尋常に<6E5C>寺勝負!,일회전<6E5C>정정당당히<6E5C>승부!,일회전<6E5C>정정당당히<6E5C>승부!
dom3Shino_L03.mes,Script/dom3Shino_L03.mes,14,15,주인공,ちょちょ、ちょっと待ってよ!,"자, 잠깐만 기다려봐!","자, 잠깐만 기다려봐!"
dom3Shino_L03.mes,Script/dom3Shino_L03.mes,15,8,[효과음/내레이션],ガツガツガツッ,우걱우걱우걱,우걱우걱우걱
dom3Shino_L03.mes,Script/dom3Shino_L03.mes,16,36,Shino,おおーっと覇王丸さん、<6E5C>三人抜きした直後だというのに<6E5C>素晴らしい勢い!,"오오, 하오마루씨,<6E5C>세 명을 제친 직후인데도<6E5C>엄청난 기세!","오오, 하오마루씨,<6E5C>세 명을 제친 직후인데도<6E5C>엄청난 기세!"
dom3Shino_L03.mes,Script/dom3Shino_L03.mes,17,15,Shino,この勝負も圧勝でしょうかー?,이번 승부도 압승일까요~?,이번 승부도 압승일까요~?
dom3Shino_L03.mes,Script/dom3Shino_L03.mes,18,6,주인공,く、くそ~,젠장~,젠장~
dom3Shino_L03.mes,Script/dom3Shino_L03.mes,19,17,[선택지],慎重に食べ始めるとにかく食べまくる,조심히 먹는다\마구 먹는다,조심히 먹는다\마구 먹는다
dom3Shino_L03.mes,Script/dom3Shino_L03.mes,20,10,[효과음/내레이션],ぱくぱく、もぐもぐ,"냠냠, 우물우물","냠냠, 우물우물"
dom3Shino_L03.mes,Script/dom3Shino_L03.mes,21,16,Shino,挑戦者、ようやく食べ始めました,"도전자, 드디어 먹기 시작","도전자, 드디어 먹기 시작"
dom3Shino_L03.mes,Script/dom3Shino_L03.mes,22,25,Shino,しかし悠長です.<6E5C>優勝する気はあるんでしょうか?,너무 느긋하네요.<6E5C>우승할 마음은 있나요?,너무 느긋하네요.<6E5C>우승할 마음은 있나요?
dom3Shino_L03.mes,Script/dom3Shino_L03.mes,23,10,UNKNOWN_75,うっ!<020A>げほげほっ,윽!<020A>콜록콜록,윽!<020A>콜록콜록
dom3Shino_L03.mes,Script/dom3Shino_L03.mes,24,43,Shino,おっと覇王丸選手、むせはじめ<6E5C>ました.やはりこれまでの試合が<6E5C>たたったのでしょうか?,"하오마루 선수, 사레들리기<6E5C>시작했네요.역시 그동안 시합이<6E5C>영향을 준 걸까요?","하오마루 선수, 사레들리기<6E5C>시작했네요.역시 그동안 시합이<6E5C>영향을 준 걸까요?"
dom3Shino_L03.mes,Script/dom3Shino_L03.mes,25,8,주인공,ごちそうさん!,잘 먹었다!,잘 먹었다!
dom3Shino_L03.mes,Script/dom3Shino_L03.mes,26,5,UNKNOWN_75,なにぃ?,뭐야?,뭐야?
dom3Shino_L03.mes,Script/dom3Shino_L03.mes,27,30,Shino,なんと!<6E5C>そのすきに挑戦者が完食!<6E5C>優勝は<이름:3232>さんで~す!,이럴 수가!<6E5C>그 틈에 완식!<6E5C>우승은 <이름:3232>씨~!,이럴 수가!<6E5C>그 틈에 완식!<6E5C>우승은 <이름:3232>씨~!
dom3Shino_L03.mes,Script/dom3Shino_L03.mes,28,4,주인공,うっぷ,우웁,우웁
dom3Shino_L03.mes,Script/dom3Shino_L03.mes,29,25,주인공,……で、なんで俺はこんなこと<6E5C>してるんだろう……,……왜 내가 이런 걸<6E5C>하고 있는 거지……,……왜 내가 이런 걸<6E5C>하고 있는 거지……
dom3Shino_L03.mes,Script/dom3Shino_L03.mes,30,8,[효과음/내레이션],ガツガツガツッ,우걱우걱우걱,우걱우걱우걱
dom3Shino_L03.mes,Script/dom3Shino_L03.mes,31,15,Shino,おお、挑戦者も本領発揮です!,"오오, 도전자 실력 발휘!","오오, 도전자 실력 발휘!"
dom3Shino_L03.mes,Script/dom3Shino_L03.mes,32,14,주인공,うぅ!<020A>げほっ、げほげほっ,"으윽!<020A>콜록, 콜록콜록","으윽!<020A>콜록, 콜록콜록"
dom3Shino_L03.mes,Script/dom3Shino_L03.mes,33,27,Shino,ちょっと<이름:3232>さん!<6E5C>お戻しは代金十倍払いだからね~!,잠깐 <이름:3232>씨!<6E5C>토하면 대금 열배야~!,잠깐 <이름:3232>씨!<6E5C>토하면 대금 열배야~!
dom3Shino_L03.mes,Script/dom3Shino_L03.mes,34,16,주인공,うう……やるんじゃなかった……,으윽……하는 게 아니었어……,으윽……하는 게 아니었어……
dom3Shino_L04.mes,Script/dom3Shino_L04.mes,0,28,주인공,もう、むささび屋は閉まってるな.<6E5C>ということは上で……,무사사비야는 닫혔네.<6E5C>그렇다는 건 위에서……,무사사비야는 닫혔네.<6E5C>그렇다는 건 위에서……
dom3Shino_L04.mes,Script/dom3Shino_L04.mes,1,19,UNKNOWN_1e,どうした千夜.<6E5C>俺の誘いを拒む気か?,"치요, 왜.<6E5C>날 거절할 셈이냐?","치요, 왜.<6E5C>날 거절할 셈이냐?"
dom3Shino_L04.mes,Script/dom3Shino_L04.mes,2,23,주인공,(ゲゲッ、牙神幻十郎だ!<6E5C>本当に来てたんだ),"(헉, 키바가미 겐쥬로!<6E5C>진짜 왔었구나)","(헉, 키바가미 겐쥬로!<6E5C>진짜 왔었구나)"
dom3Shino_L04.mes,Script/dom3Shino_L04.mes,3,44,UNKNOWN_6d,よしとくんな.ここは肌を売る場所<6E5C>じゃねぇんだ.女を抱きたいなら<6E5C>ヨソをあたっておくれ,그만두시게.여긴 몸을 파는 곳이<6E5C>아니라구.여자를 안고 싶으면<6E5C>다른 데를 알아봐,그만두시게.여긴 몸을 파는 곳이<6E5C>아니라구.여자를 안고 싶으면<6E5C>다른 데를 알아봐
dom3Shino_L04.mes,Script/dom3Shino_L04.mes,4,5,UNKNOWN_77,貴様……,이놈……,이놈……
dom3Shino_L04.mes,Script/dom3Shino_L04.mes,5,23,주인공,(げ、幻十郎を怒らせてる!<6E5C>死んじゃうよぉ),(겐쥬로 화나게 했어!<6E5C>죽는거 아냐),(겐쥬로 화나게 했어!<6E5C>죽는거 아냐)
dom3Shino_L04.mes,Script/dom3Shino_L04.mes,6,11,[선택지],幻十郎を呼ぶ千夜を呼ぶ,겐쥬로!\치요!,겐쥬로!\치요!
dom3Shino_L04.mes,Script/dom3Shino_L04.mes,7,15,주인공,ちょ、ちょっと、幻十郎さん!,"자, 잠깐, 겐쥬로씨!","자, 잠깐, 겐쥬로씨!"
dom3Shino_L04.mes,Script/dom3Shino_L04.mes,8,7,UNKNOWN_77,ム……貴様は,음……네놈은,음……네놈은
dom3Shino_L04.mes,Script/dom3Shino_L04.mes,9,22,주인공,嫌がってるのに、ムリヤリは<6E5C>よくないですよ,싫어하는데 억지로 그러면<6E5C>안 좋아요,싫어하는데 억지로 그러면<6E5C>안 좋아요
dom3Shino_L04.mes,Script/dom3Shino_L04.mes,10,20,UNKNOWN_77,……まだ斬られ足りぬようだな、<6E5C>殺ス!,"……아직 덜 베였군,<6E5C>죽인다!","……아직 덜 베였군,<6E5C>죽인다!"
dom3Shino_L04.mes,Script/dom3Shino_L04.mes,11,6,주인공,ひぇぇぇ~,히이익~,히이익~
dom3Shino_L04.mes,Script/dom3Shino_L04.mes,12,41,UNKNOWN_6d,旦那、身をていしてあちきを<6E5C>助けてくれるなんて…….<6E5C>旦那のことは一生忘れないよ,"서방님, 몸을 던져서 나를<6E5C>구해주다니…….<6E5C>서방님은 평생 잊지 않을게","서방님, 몸을 던져서 나를<6E5C>구해주다니…….<6E5C>서방님은 평생 잊지 않을게"
dom3Shino_L04.mes,Script/dom3Shino_L04.mes,13,14,주인공,勝手に殺さないでくれよ~!,멋대로 죽이지 좀 마~!,멋대로 죽이지 좀 마~!
dom3Shino_L04.mes,Script/dom3Shino_L04.mes,14,15,주인공,ちょっと、千夜さん、こっち!,"잠깐, 치요씨, 이쪽으로!","잠깐, 치요씨, 이쪽으로!"
dom3Shino_L04.mes,Script/dom3Shino_L04.mes,15,26,UNKNOWN_6d,ああ、なんだい.<6E5C>じゃあ幻十郎さん、ちょいと御免よ,"아아, 왜.<6E5C>그럼 겐쥬로씨, 잠깐 실례할게","아아, 왜.<6E5C>그럼 겐쥬로씨, 잠깐 실례할게"
dom3Shino_L04.mes,Script/dom3Shino_L04.mes,16,4,UNKNOWN_77,フンッ,흥,흥
dom3Shino_L04.mes,Script/dom3Shino_L04.mes,17,9,UNKNOWN_6d,旦那、何の用で?,무슨 일?,무슨 일?
dom3Shino_L04.mes,Script/dom3Shino_L04.mes,18,37,주인공,いや、千夜さんが困ってたから、<6E5C>思わず呼んでしまっただけ<6E5C>なんだけど……,"아니, 치요씨가 곤란해 보여서,<6E5C>나도 모르게 불러버린<6E5C>것뿐인데……","아니, 치요씨가 곤란해 보여서,<6E5C>나도 모르게 불러버린<6E5C>것뿐인데……"
dom3Shino_L04.mes,Script/dom3Shino_L04.mes,19,5,UNKNOWN_6d,旦那……,서방님…,서방님…
dom3Shino_L04.mes,Script/dom3Shino_L04.mes,20,17,UNKNOWN_6d,あちきを助けるなんて百年早いよ!,나를 구하겠다니 백년은 일러!,나를 구하겠다니 백년은 일러!
dom3Shino_L04.mes,Script/dom3Shino_L04.mes,21,7,주인공,ご、ごめんっ,"미, 미안","미, 미안"
dom3Shino_L04.mes,Script/dom3Shino_L04.mes,22,16,UNKNOWN_6d,(……ありがとう、助かったわ),"(고마워, 덕분에 살았어)","(고마워, 덕분에 살았어)"
dom3Shino_L04.mes,Script/dom3Shino_L04.mes,23,10,주인공,え……今、なんて?,"어, 방금 뭐라고","어, 방금 뭐라고"
dom3Shino_L05.mes,Script/dom3Shino_L05.mes,0,18,Shino,あ、<이름:3232>さん.<6E5C>もう店じまいなのに,"아, <이름:3232>씨.<6E5C>이제 가게 닫는데","아, <이름:3232>씨.<6E5C>이제 가게 닫는데"
dom3Shino_L05.mes,Script/dom3Shino_L05.mes,1,10,주인공,いや、蜜蜂屋に……,미츠바치야에…,미츠바치야에…
dom3Shino_L05.mes,Script/dom3Shino_L05.mes,2,32,Shino,はいはい、しっかり楽しんできたら<6E5C>!ちゃんとお金をはらってね!,"예예, 실컷 즐기고 오라구<6E5C>!돈은 제대로 내고!","예예, 실컷 즐기고 오라구<6E5C>!돈은 제대로 내고!"
dom3Shino_L05.mes,Script/dom3Shino_L05.mes,3,5,주인공,はい……,네……,네……
dom3Shino_L05.mes,Script/dom3Shino_L05.mes,4,3,Shiki,……,……,……
dom3Shino_L05.mes,Script/dom3Shino_L05.mes,5,16,주인공,やぁ、色さん.来てしまいました,"안녕, 시키씨.와버렸네요","안녕, 시키씨.와버렸네요"
dom3Shino_L05.mes,Script/dom3Shino_L05.mes,6,20,Shiki,……いけない子.<6E5C>死に急ぎたいのかしら,못된 아이네.<6E5C>죽고 싶어 안달인가,못된 아이네.<6E5C>죽고 싶어 안달인가
dom3Shino_L05.mes,Script/dom3Shino_L05.mes,7,4,주인공,え!?,엇!?,엇!?
dom3Shino_L05.mes,Script/dom3Shino_L05.mes,8,12,Shiki,フフ……なんでもないわ,"후후, 아무것도 아냐","후후, 아무것도 아냐"
dom3Shino_L05.mes,Script/dom3Shino_L05.mes,9,25,UNKNOWN_1e,おや、芸のひとつもわからないのに<6E5C>無理をして……,예능 하나 볼 줄 모르면서<6E5C>무리를 하다니……,예능 하나 볼 줄 모르면서<6E5C>무리를 하다니……
dom3Shino_L05.mes,Script/dom3Shino_L05.mes,10,6,주인공,千夜さん!,치요씨!,치요씨!
dom3Shino_L05.mes,Script/dom3Shino_L05.mes,11,47,UNKNOWN_6d,旦那……悪いけど、子どもと付き<6E5C>合ってる時間はないんだよ.芸事に<6E5C>興味がないなら、来ても――,"서방님……미안하지만, 애들 상대할<6E5C>시간은 없다구.예능에<6E5C>흥미 없으면, 와봤자――","서방님……미안하지만, 애들 상대할<6E5C>시간은 없다구.예능에<6E5C>흥미 없으면, 와봤자――"
dom3Shino_L05.mes,Script/dom3Shino_L05.mes,12,10,주인공,子どもじゃないよ!,애 아니거든!,애 아니거든!
dom3Shino_L05.mes,Script/dom3Shino_L05.mes,13,4,[효과음/내레이션],バン!,탕!,탕!
dom3Shino_L05.mes,Script/dom3Shino_L05.mes,14,8,UNKNOWN_6d,!<020A>これは……,!<020A>이건……,!<020A>이건……
dom3Shino_L05.mes,Script/dom3Shino_L05.mes,15,54,주인공,俺の貴重なへそくりだ.<6E5C>ふたりの芸を堪能するために<6E5C>持ってきたんだ<485C>これでもう冷やかしとは<6E5C>言わせないぞ!,내 소중한 비상금이야.<6E5C>두 사람 예능 만끽하려<6E5C>가져왔어<485C>이제 놀리는 손님이란 말<6E5C>못하게 할거야!,내 소중한 비상금이야.<6E5C>두 사람 예능 만끽하려<6E5C>가져왔어<485C>이제 놀리는 손님이란 말<6E5C>못하게 할거야!
dom3Shino_L05.mes,Script/dom3Shino_L05.mes,16,21,UNKNOWN_6d,アハハ!<6E5C>それは思い切ったことをしたねぇ,아하하!<6E5C>그거 참 통 크게 나왔네,아하하!<6E5C>그거 참 통 크게 나왔네
dom3Shino_L05.mes,Script/dom3Shino_L05.mes,17,37,UNKNOWN_6d,そこまでされたんじゃ、<6E5C>あちきらも誠心誠意、<6E5C>やらさせてもらうしかないよ,"그렇게까지 나오면,<6E5C>우리도 성심성의껏,<6E5C>해드릴 수밖에 없지","그렇게까지 나오면,<6E5C>우리도 성심성의껏,<6E5C>해드릴 수밖에 없지"
dom3Shino_L05.mes,Script/dom3Shino_L05.mes,18,8,UNKNOWN_6d,いくよ、色さん,"가자, 시키","가자, 시키"
dom3Shino_L05.mes,Script/dom3Shino_L05.mes,19,5,Shiki,はい……,네……,네……
dom3Shino_L05.mes,Script/dom3Shino_L05.mes,20,12,[효과음/내레이션],チン、トン、シャン……,"칭, 통, 샹……","칭, 통, 샹……"
dom3Shino_L05.mes,Script/dom3Shino_L05.mes,21,5,주인공,おお……,오오……,오오……
dom3Shino_L05.mes,Script/dom3Shino_L05.mes,22,19,주인공,(す、すごい…….言葉も出ないや<6E5C>),"(대, 대단해.말도 안 나오네<6E5C>)","(대, 대단해.말도 안 나오네<6E5C>)"
dom3Shino_L05.mes,Script/dom3Shino_L05.mes,23,40,UNKNOWN_6d,どうした、旦那.あちきの舞に<6E5C>見とれちゃったのかい?<6E5C>それとも三味線の音色に?,"왜그래, 서방님.내 춤에<6E5C>넋을 잃은 거야?<6E5C>아니면 샤미센 소리에?","왜그래, 서방님.내 춤에<6E5C>넋을 잃은 거야?<6E5C>아니면 샤미센 소리에?"
dom3Shino_L05.mes,Script/dom3Shino_L05.mes,24,4,[선택지],舞三味線,춤\샤미센,춤\샤미센
dom3Shino_L05.mes,Script/dom3Shino_L05.mes,25,28,주인공,千夜さんの舞を見てたら、<6E5C>時間が止まってしまいましたよ,"치요씨의 춤을 보고 있으니,<6E5C>시간이 멈춰버렸어요","치요씨의 춤을 보고 있으니,<6E5C>시간이 멈춰버렸어요"
dom3Shino_L05.mes,Script/dom3Shino_L05.mes,26,22,UNKNOWN_6d,フフ.見かけより口が<6E5C>達者なんだねぇ、旦那,"후후.보기보다 말주변이<6E5C>좋네, 서방님","후후.보기보다 말주변이<6E5C>좋네, 서방님"
dom3Shino_L05.mes,Script/dom3Shino_L05.mes,27,21,주인공,こんなに見事な三味線、<6E5C>聴いたことないよ,"이렇게 멋진 샤미센,<6E5C>들어본 적 없어","이렇게 멋진 샤미센,<6E5C>들어본 적 없어"
dom3Shino_L05.mes,Script/dom3Shino_L05.mes,28,29,UNKNOWN_6d,フフ.よかったねぇ、色さん.<6E5C>旦那が惚れちゃったそうだよ,"후후.잘됐네, 시키씨.<6E5C>서방님이 반해버렸다는데","후후.잘됐네, 시키씨.<6E5C>서방님이 반해버렸다는데"
dom3Shino_L05.mes,Script/dom3Shino_L05.mes,29,6,주인공,いや、その,"아니, 그","아니, 그"
dom3Shino_L05.mes,Script/dom3Shino_L05.mes,30,14,Shiki,……やっぱり、いけない子ね,"……역시, 못된 아이네","……역시, 못된 아이네"
dom3Shino_L06.mes,Script/dom3Shino_L06.mes,0,38,Shino,あら<이름:3232>さん.<6E5C>芸妓遊びはほどほどにしないと、<6E5C>身を持ちくずしちゃうわよ?,"어머 <이름:3232>씨.<6E5C>기생놀이는 적당히 안하면,<6E5C>신세 망쳐버린다?","어머 <이름:3232>씨.<6E5C>기생놀이는 적당히 안하면,<6E5C>신세 망쳐버린다?"
dom3Shino_L06.mes,Script/dom3Shino_L06.mes,1,20,Shino,じゃ、あたいは帰るから、<6E5C>ごゆっくり~,"난 돌아갈테니,<6E5C>천천히 놀다가~","난 돌아갈테니,<6E5C>천천히 놀다가~"
dom3Shino_L06.mes,Script/dom3Shino_L06.mes,2,14,UNKNOWN_6d,なんだい、旦那が一番客かい,"뭐야, 서방님이 첫손님?","뭐야, 서방님이 첫손님?"
dom3Shino_L06.mes,Script/dom3Shino_L06.mes,3,24,주인공,そんな嫌そうな言い方<6E5C>しないでくれよ、千夜さん,"그렇게 싫은 티 내는<6E5C>말투 하지마, 치요씨","그렇게 싫은 티 내는<6E5C>말투 하지마, 치요씨"
dom3Shino_L06.mes,Script/dom3Shino_L06.mes,4,36,UNKNOWN_6d,なんなら、他のお客が来るまで、<6E5C>ふたりで秘密の遊びでも<6E5C>しましょうか?,"그럼, 다른 손님이 올 때까지,<6E5C>둘이서 비밀 놀이라도<6E5C>해볼까?","그럼, 다른 손님이 올 때까지,<6E5C>둘이서 비밀 놀이라도<6E5C>해볼까?"
dom3Shino_L06.mes,Script/dom3Shino_L06.mes,5,5,주인공,えっ!?,엇!?,엇!?
dom3Shino_L06.mes,Script/dom3Shino_L06.mes,6,5,[선택지],するしない,한다\안한다,한다\안한다
dom3Shino_L06.mes,Script/dom3Shino_L06.mes,7,15,주인공,も、もちろん喜んで……ゴクリ,"무, 물론 좋아서……꿀꺽","무, 물론 좋아서……꿀꺽"
dom3Shino_L06.mes,Script/dom3Shino_L06.mes,8,40,UNKNOWN_6d,旦那……そんな下心でうちに<6E5C>来てたんですかい.<6E5C>それならとっとと帰っておくれ!,서방님 그런 흑심으로 우리 가게에<6E5C>왔던 거예요.<6E5C>그렇다면 얼른 돌아가!,서방님 그런 흑심으로 우리 가게에<6E5C>왔던 거예요.<6E5C>그렇다면 얼른 돌아가!
dom3Shino_L06.mes,Script/dom3Shino_L06.mes,9,3,주인공,へ?,엥?,엥?
dom3Shino_L06.mes,Script/dom3Shino_L06.mes,10,8,Shiki,こんばんは……,안녕하세요……,안녕하세요……
dom3Shino_L06.mes,Script/dom3Shino_L06.mes,11,41,UNKNOWN_6d,ああ、色さん待ってたよ.<6E5C>こんなひよっ子放っておいて、<6E5C>ふたりで遊ぼうじゃないか,"아아, 시키씨 기다렸어.<6E5C>이런 애송이는 내버려두고,<6E5C>둘이서 놀자구","아아, 시키씨 기다렸어.<6E5C>이런 애송이는 내버려두고,<6E5C>둘이서 놀자구"
dom3Shino_L06.mes,Script/dom3Shino_L06.mes,12,7,주인공,く、くそぉ~,"젠, 젠장~","젠, 젠장~"
dom3Shino_L06.mes,Script/dom3Shino_L06.mes,13,31,주인공,なんだよ、秘密の遊びって!<6E5C>変なことならぜったいにしないよ!,"뭐야, 비밀 놀이라니!<6E5C>이상한 거면 절대 안 할거야!","뭐야, 비밀 놀이라니!<6E5C>이상한 거면 절대 안 할거야!"
dom3Shino_L06.mes,Script/dom3Shino_L06.mes,14,17,UNKNOWN_6d,どうしたんだい、急に怒ったりして,"왜그래, 갑자기 화를 내고","왜그래, 갑자기 화를 내고"
dom3Shino_L06.mes,Script/dom3Shino_L06.mes,15,14,주인공,千夜さんがからかうからだよ,치요씨가 놀리니까 그렇지,치요씨가 놀리니까 그렇지
dom3Shino_L06.mes,Script/dom3Shino_L06.mes,16,24,UNKNOWN_6d,フフ……旦那のそういうところ、<6E5C>嫌いじゃないよ,"후후……서방님의 그런 점,<6E5C>싫지 않아","후후……서방님의 그런 점,<6E5C>싫지 않아"
dom3Shino_L06.mes,Script/dom3Shino_L06.mes,17,4,주인공,え!?,엇!?,엇!?
dom3Shino_L06.mes,Script/dom3Shino_L06.mes,18,11,UNKNOWN_6d,アハハ、赤くなった!,"아하하, 빨개졌어!","아하하, 빨개졌어!"
dom3Shino_L06.mes,Script/dom3Shino_L06.mes,19,17,주인공,なっ……やっぱりからかったのか!,헉……역시 놀린거였구나!,헉……역시 놀린거였구나!
dom3Shino_L06.mes,Script/dom3Shino_L06.mes,20,31,UNKNOWN_6d,アラ、女の本音も見分けられ<6E5C>ないんですかい?<6E5C>まだまだだねぇ,"어머, 여자의 본심도 못 알아보<6E5C>시나요?<6E5C>아직 멀었네","어머, 여자의 본심도 못 알아보<6E5C>시나요?<6E5C>아직 멀었네"
dom3Shino_L07.mes,Script/dom3Shino_L07.mes,0,30,주인공,あれ、詩乃さんもう帰ったのかな.<6E5C>開けっ放しで無用心だなぁ,"어라, 시노씨 벌써 갔나.<6E5C>문 열어둔 채 조심성 없네","어라, 시노씨 벌써 갔나.<6E5C>문 열어둔 채 조심성 없네"
dom3Shino_L07.mes,Script/dom3Shino_L07.mes,1,11,UNKNOWN_1e,きゃああ!助けてっ!,꺄악! 살려줘!,꺄악! 살려줘!
dom3Shino_L07.mes,Script/dom3Shino_L07.mes,2,23,주인공,詩乃さん!<6E5C>な、なんだ、あの刀を持った男は!,"시노 씨!<6E5C>뭐, 뭐야, 칼 든 남자는!","시노 씨!<6E5C>뭐, 뭐야, 칼 든 남자는!"
dom3Shino_L07.mes,Script/dom3Shino_L07.mes,3,24,UNKNOWN_1f,声を出さねば殺されずに<6E5C>すんだものを.死ねぇ!,소리만 안 냈으면<6E5C>안 죽었을걸.뒈져라!,소리만 안 냈으면<6E5C>안 죽었을걸.뒈져라!
dom3Shino_L07.mes,Script/dom3Shino_L07.mes,4,5,Shino,いやぁ!,꺅!,꺅!
dom3Shino_L07.mes,Script/dom3Shino_L07.mes,5,6,주인공,あぶない!,위험해!,위험해!
dom3Shino_L07.mes,Script/dom3Shino_L07.mes,6,8,[선택지],かばう助けを呼ぶ,감싸기\도움 요청,감싸기\도움 요청
dom3Shino_L07.mes,Script/dom3Shino_L07.mes,7,17,주인공,とにかく、詩乃さんを守らないと!,"일단, 시노 씨를 지켜야 해!","일단, 시노 씨를 지켜야 해!"
dom3Shino_L07.mes,Script/dom3Shino_L07.mes,8,4,[효과음/내레이션],ガバッ,덥석,덥석
dom3Shino_L07.mes,Script/dom3Shino_L07.mes,9,6,Shino,<이름:3232>さん!,<이름:3232>씨!,<이름:3232>씨!
dom3Shino_L07.mes,Script/dom3Shino_L07.mes,10,7,주인공,動かないで!,꼼짝 마!,꼼짝 마!
dom3Shino_L07.mes,Script/dom3Shino_L07.mes,11,3,[효과음/내레이션],……,……,……
dom3Shino_L07.mes,Script/dom3Shino_L07.mes,12,10,주인공,……あれ?消えた?,어라? 사라졌어?,어라? 사라졌어?
dom3Shino_L07.mes,Script/dom3Shino_L07.mes,13,36,Shino,……<이름:3232>さんがあたいを<6E5C>抱きしめてるあいだに、<6E5C>逃げちゃったみたいだね,"……<이름:3232>씨가 날<6E5C>꽉 껴안고 있는 사이에,<6E5C>도망친 것 같아","……<이름:3232>씨가 날<6E5C>꽉 껴안고 있는 사이에,<6E5C>도망친 것 같아"
dom3Shino_L07.mes,Script/dom3Shino_L07.mes,14,36,주인공,そうか、それはよかった.<6E5C>ケガはなかったかい.<6E5C>盗んでいったものは……,"그런가, 다행이다.<6E5C>다친 데는 없었고.<6E5C>훔쳐간 건……","그런가, 다행이다.<6E5C>다친 데는 없었고.<6E5C>훔쳐간 건……"
dom3Shino_L07.mes,Script/dom3Shino_L07.mes,15,28,Shino,ううん、大丈夫!<6E5C><이름:3232>さんが守ってくれたから<6E5C>平気よ!,"응, 괜찮아!<6E5C><이름:3232>씨가 지켜줘서<6E5C>멀쩡해!","응, 괜찮아!<6E5C><이름:3232>씨가 지켜줘서<6E5C>멀쩡해!"
dom3Shino_L07.mes,Script/dom3Shino_L07.mes,16,27,주인공,……だったら、なんでまだ俺に<6E5C>しがみついてるんだい?,"……그럼, 왜 아직 나한테<6E5C>매달려 있는 거야?","……그럼, 왜 아직 나한테<6E5C>매달려 있는 거야?"
dom3Shino_L07.mes,Script/dom3Shino_L07.mes,17,45,Shino,かよわいお姫様が怖い思いしたん<6E5C>だから、もう少し抱きしめてやる<6E5C>のが男ってもんでしょ!?,"연약한 공주님이 무서운 일을<6E5C>당했으니까, 좀 더 안아주는<6E5C>게 남자다운 거잖아!?","연약한 공주님이 무서운 일을<6E5C>당했으니까, 좀 더 안아주는<6E5C>게 남자다운 거잖아!?"
dom3Shino_L07.mes,Script/dom3Shino_L07.mes,18,8,주인공,え、あ、はいっ,"어, 아, 네","어, 아, 네"
dom3Shino_L07.mes,Script/dom3Shino_L07.mes,19,5,[효과음/내레이션],ぎゅうっ,꼬옥,꼬옥
dom3Shino_L07.mes,Script/dom3Shino_L07.mes,20,24,Shino,ふふ……<이름:3232>さんって、<6E5C>けっこう胸板厚いんだね,"후후……<이름:3232>씨,<6E5C>의외로 가슴이 두껍네","후후……<이름:3232>씨,<6E5C>의외로 가슴이 두껍네"
dom3Shino_L07.mes,Script/dom3Shino_L07.mes,21,27,주인공,(……盗人に斬られかけたって<6E5C>いうのに、悠長だなぁ),(……도둑한테 베일 뻔했는데<6E5C>참 느긋하네),(……도둑한테 베일 뻔했는데<6E5C>참 느긋하네)
dom3Shino_L07.mes,Script/dom3Shino_L07.mes,22,8,주인공,誰か、誰かー!,누구 없어요!,누구 없어요!
dom3Shino_L07.mes,Script/dom3Shino_L07.mes,23,21,주인공,くそ、誰もいない.<6E5C>ああ、詩乃さんが……,"젠장, 아무도 없어.<6E5C>아, 시노씨가…","젠장, 아무도 없어.<6E5C>아, 시노씨가…"
dom3Shino_L07.mes,Script/dom3Shino_L07.mes,24,10,Shino,あたいならここよ!,"나야, 여기!","나야, 여기!"
dom3Shino_L07.mes,Script/dom3Shino_L07.mes,25,14,주인공,あれ?さっきの刀の男は……,아까 칼 든 남자는……,아까 칼 든 남자는……
dom3Shino_L07.mes,Script/dom3Shino_L07.mes,26,43,Shino,盗人なら逃げちゃったわよ!<6E5C>お姫様をほったらかして外に<6E5C>出るなんて、ヒドイじゃない!,"도둑이라면 도망쳤어!<6E5C>공주님을 내버려두고 밖에<6E5C>나가다니, 너무하잖아!","도둑이라면 도망쳤어!<6E5C>공주님을 내버려두고 밖에<6E5C>나가다니, 너무하잖아!"
dom3Shino_L07.mes,Script/dom3Shino_L07.mes,27,15,주인공,違うよ、俺は助けを呼ぶために,"아니야, 난 도움을 부르러","아니야, 난 도움을 부르러"
dom3Shino_L07.mes,Script/dom3Shino_L07.mes,28,26,Shino,呼んでる間に殺されちゃうわよ!<6E5C>ノンキなんだから!,부르는 사이에 죽는다구!<6E5C>느긋하기는!,부르는 사이에 죽는다구!<6E5C>느긋하기는!
dom3Shino_L07.mes,Script/dom3Shino_L07.mes,29,29,주인공,うう…….盗人に入られたのに、<6E5C>俺を叱ってる場合か……?,"으으…….도둑이 들어왔는데,<6E5C>날 혼낼 때야……?","으으…….도둑이 들어왔는데,<6E5C>날 혼낼 때야……?"
dom3Shino_L08.mes,Script/dom3Shino_L08.mes,0,15,주인공,もう閉まってるな、むささび屋,"벌써 닫혔네, 무사사비야","벌써 닫혔네, 무사사비야"
dom3Shino_L08.mes,Script/dom3Shino_L08.mes,1,14,주인공,ということは千夜さんが……,그럼 치요 씨가……,그럼 치요 씨가……
dom3Shino_L08.mes,Script/dom3Shino_L08.mes,2,8,주인공,あれ、いないや,"어라, 없네","어라, 없네"
dom3Shino_L08.mes,Script/dom3Shino_L08.mes,3,23,Shiki,千夜さんは、さっきお客を送りに<6E5C>外へ出たわよ,치요 씨는 아까 손님 배웅하러<6E5C>나갔어,치요 씨는 아까 손님 배웅하러<6E5C>나갔어
dom3Shino_L08.mes,Script/dom3Shino_L08.mes,4,6,주인공,そうか……,그런가……,그런가……
dom3Shino_L08.mes,Script/dom3Shino_L08.mes,5,15,Shiki,……会いに行かない方がいいわ,…만나러 안 가는 게 좋아,…만나러 안 가는 게 좋아
dom3Shino_L08.mes,Script/dom3Shino_L08.mes,6,3,주인공,え?,어?,어?
dom3Shino_L08.mes,Script/dom3Shino_L08.mes,7,12,Shiki,あなた、悲しむもの……,"당신, 슬퍼할 텐데…","당신, 슬퍼할 텐데…"
dom3Shino_L08.mes,Script/dom3Shino_L08.mes,8,3,주인공,……,……,……
dom3Shino_L08.mes,Script/dom3Shino_L08.mes,9,6,[효과음/내레이션],タタタ……,타타타……,타타타……
dom3Shino_L08.mes,Script/dom3Shino_L08.mes,10,11,주인공,……あっ、千夜さん!,"……앗, 치요 씨!","……앗, 치요 씨!"
dom3Shino_L08.mes,Script/dom3Shino_L08.mes,11,27,주인공,……知らない男と歩いてる.<6E5C>あんなに仲良さそうに……,…모르는 남자와 걷고 있어.<6E5C>저렇게 다정하게…,…모르는 남자와 걷고 있어.<6E5C>저렇게 다정하게…
dom3Shino_L08.mes,Script/dom3Shino_L08.mes,12,11,[선택지],その場を去る声をかける,떠나기\말 걸기,떠나기\말 걸기
dom3Shino_L08.mes,Script/dom3Shino_L08.mes,13,40,주인공,……大事なお客さんなんだ.<6E5C>俺なんかが千夜さんの仕事の<6E5C>ジャマをしちゃいけない,……소중한 손님이시겠지.<6E5C>나 같은 게 치요 씨 일을<6E5C>방해하면 안 돼,……소중한 손님이시겠지.<6E5C>나 같은 게 치요 씨 일을<6E5C>방해하면 안 돼
dom3Shino_L08.mes,Script/dom3Shino_L08.mes,14,23,주인공,わかってるのに、<6E5C>この想いはなんなんだ……?,"알고 있는데,<6E5C>이 마음은 대체 뭘까……?","알고 있는데,<6E5C>이 마음은 대체 뭘까……?"
dom3Shino_L08.mes,Script/dom3Shino_L08.mes,15,39,주인공,……俺みたいな子どもは、<6E5C>千夜さんに近づけないんだ.<6E5C>ここにいても仕方ない!,…나 같은 애송이는<6E5C>치요 씨한테 다가갈 수 없어.<6E5C>있어봤자 소용없어!,…나 같은 애송이는<6E5C>치요 씨한테 다가갈 수 없어.<6E5C>있어봤자 소용없어!
dom3Shino_L08.mes,Script/dom3Shino_L08.mes,16,3,[효과음/내레이션],ダッ,탁,탁
dom3Shino_L08.mes,Script/dom3Shino_L08.mes,17,6,주인공,千夜さん!,치요 씨!,치요 씨!
dom3Shino_L08.mes,Script/dom3Shino_L08.mes,18,21,UNKNOWN_6d,……なんで後をつけてきてるんだい<6E5C>、旦那,"……왜 뒤를 따라오는 거니<6E5C>, 나리","……왜 뒤를 따라오는 거니<6E5C>, 나리"
dom3Shino_L08.mes,Script/dom3Shino_L08.mes,19,7,주인공,いや、俺……,"아니, 난…","아니, 난…"
dom3Shino_L08.mes,Script/dom3Shino_L08.mes,20,14,UNKNOWN_1e,どうした、千夜.早く来ぬか,"왜 안 와, 치요","왜 안 와, 치요"
dom3Shino_L08.mes,Script/dom3Shino_L08.mes,21,3,[효과음/내레이션],ズッ,스윽,스윽
dom3Shino_L08.mes,Script/dom3Shino_L08.mes,22,23,주인공,(な、なんだこの男.<6E5C>いかにも悪そうな……),(뭐야 이 남자.<6E5C>딱 봐도 나쁜 놈…),(뭐야 이 남자.<6E5C>딱 봐도 나쁜 놈…)
dom3Shino_L08.mes,Script/dom3Shino_L08.mes,23,5,UNKNOWN_6d,ハイ、今,"네,지금","네,지금"
dom3Shino_L08.mes,Script/dom3Shino_L08.mes,24,13,UNKNOWN_1a,ゴミは放っておくべし……,쓰레기는 내버려둬…,쓰레기는 내버려둬…
dom3Shino_L08.mes,Script/dom3Shino_L08.mes,25,29,UNKNOWN_6d,旦那……とっとと帰っておくれ.<6E5C>そんなことされちゃ迷惑だ,나리…… 얼른 돌아가주세요.<6E5C>그러시면 곤란해요,나리…… 얼른 돌아가주세요.<6E5C>그러시면 곤란해요
dom3Shino_L08.mes,Script/dom3Shino_L08.mes,26,6,주인공,で、でもっ,그래도,그래도
dom3Shino_L08.mes,Script/dom3Shino_L08.mes,27,29,UNKNOWN_6d,それ以上来ると、あちきがつらく<6E5C>なるからやめておくれ……,그 이상 다가오면 제가 힘들어<6E5C>지니까 그만둬주세요…,그 이상 다가오면 제가 힘들어<6E5C>지니까 그만둬주세요…
dom3Shino_L08.mes,Script/dom3Shino_L08.mes,28,3,주인공,えっ,엣,엣
dom3Shino_L08.mes,Script/dom3Shino_L08.mes,29,19,UNKNOWN_6d,……旦那には関わりあいのねぇ<6E5C>ことさ,……나리와는 상관없는<6E5C>일이에요,……나리와는 상관없는<6E5C>일이에요
dom3Shino_L08.mes,Script/dom3Shino_L08.mes,30,16,주인공,ちょっと、千夜さん!千夜さん!,"잠깐, 치요 씨! 치요 씨!","잠깐, 치요 씨! 치요 씨!"
dom3Shino_L09.mes,Script/dom3Shino_L09.mes,0,15,주인공,あれ、今日は千夜さんはまだ?,"어라, 오늘 치요씨 아직?","어라, 오늘 치요씨 아직?"
dom3Shino_L09.mes,Script/dom3Shino_L09.mes,1,13,Shiki,ええ、待っていれば来るわ,"응, 기다리면 올 거야","응, 기다리면 올 거야"
dom3Shino_L09.mes,Script/dom3Shino_L09.mes,2,6,주인공,そうか……,그런가……,그런가……
dom3Shino_L09.mes,Script/dom3Shino_L09.mes,3,24,Shiki,……あなたは、相手に憎まれても、<6E5C>愛しぬく人?,…당신은 미움받아도<6E5C>끝까지 사랑하는 사람?,…당신은 미움받아도<6E5C>끝까지 사랑하는 사람?
dom3Shino_L09.mes,Script/dom3Shino_L09.mes,4,11,주인공,へ?いきなりなんだい,헤? 갑자기 뭐야,헤? 갑자기 뭐야
dom3Shino_L09.mes,Script/dom3Shino_L09.mes,5,47,Shiki,愛する人には好かれたいわね.<6E5C>憎まれるのはお互い不幸……でも、<6E5C>愛ってそんな平穏なものかしら,사랑하면 사랑받고 싶지.<6E5C>미움받는 건 서로 불행…하지만<6E5C>사랑이 그렇게 평온한 걸까,사랑하면 사랑받고 싶지.<6E5C>미움받는 건 서로 불행…하지만<6E5C>사랑이 그렇게 평온한 걸까
dom3Shino_L09.mes,Script/dom3Shino_L09.mes,6,3,주인공,……,……,……
dom3Shino_L09.mes,Script/dom3Shino_L09.mes,7,21,[선택지],憎まれても愛する断じて憎まれることはしない,미움받아도 사랑한다\미움받을 일 안 한다,미움받아도 사랑한다\미움받을 일 안 한다
dom3Shino_L09.mes,Script/dom3Shino_L09.mes,8,51,주인공,本気で愛する人なら、<6E5C>相手の気持ちなんかかまわずに<6E5C>愛してしまうんじゃないかな<485C>傷つけてしまうほどに,진심으로 사랑하는 사람이라면<6E5C>상대 마음 따윈 상관없이<6E5C>사랑하는 거 아닐까<485C>상처 입힐 만큼,진심으로 사랑하는 사람이라면<6E5C>상대 마음 따윈 상관없이<6E5C>사랑하는 거 아닐까<485C>상처 입힐 만큼
dom3Shino_L09.mes,Script/dom3Shino_L09.mes,9,3,Shiki,……,……,……
dom3Shino_L09.mes,Script/dom3Shino_L09.mes,10,17,Shiki,……ちょっとした遊びをしましょう,……좀 재밌는 놀이를 하자,……좀 재밌는 놀이를 하자
dom3Shino_L09.mes,Script/dom3Shino_L09.mes,11,40,Shiki,あなたにその気持ちがあるなら、<6E5C>下へ降りた廊下の、<6E5C>一番奥の扉を開けるといいわ,당신한테 그럴 마음 있다면<6E5C>아래로 내려간 복도<6E5C>제일 끝 문 열어보면 돼,당신한테 그럴 마음 있다면<6E5C>아래로 내려간 복도<6E5C>제일 끝 문 열어보면 돼
dom3Shino_L09.mes,Script/dom3Shino_L09.mes,12,4,주인공,え……,어……,어……
dom3Shino_L09.mes,Script/dom3Shino_L09.mes,13,34,주인공,なんだろう.<6E5C>気になって来ちゃったけど、<6E5C>この奥にいったい何が……,"뭐지.<6E5C>신경 쓰여서 와버렸는데,<6E5C>이 안쪽에 대체 뭐가……","뭐지.<6E5C>신경 쓰여서 와버렸는데,<6E5C>이 안쪽에 대체 뭐가……"
dom3Shino_L09.mes,Script/dom3Shino_L09.mes,14,4,[효과음/내레이션],ガラッ,드르륵,드르륵
dom3Shino_L09.mes,Script/dom3Shino_L09.mes,15,8,UNKNOWN_1e,キャーーー!!,꺄아아아!!,꺄아아아!!
dom3Shino_L09.mes,Script/dom3Shino_L09.mes,16,4,주인공,え!?,엣!?,엣!?
dom3Shino_L09.mes,Script/dom3Shino_L09.mes,17,11,주인공,千夜……詩乃さん!?,치요……시노 씨!?,치요……시노 씨!?
dom3Shino_L09.mes,Script/dom3Shino_L09.mes,18,16,Shino,何してんのよ、ヘンタイッッッ!,"뭐 하는 거야, 변태!!!","뭐 하는 거야, 변태!!!"
dom3Shino_L09.mes,Script/dom3Shino_L09.mes,19,12,주인공,いや、俺は色さんに……,"아니, 시키 씨한테…","아니, 시키 씨한테…"
dom3Shino_L09.mes,Script/dom3Shino_L09.mes,20,26,Shino,さっさと戸を閉めなさーい!<6E5C>いつまで見てんのよぉ!,얼른 문 닫으라구!<6E5C>언제까지 보고 있을 거야!,얼른 문 닫으라구!<6E5C>언제까지 보고 있을 거야!
dom3Shino_L09.mes,Script/dom3Shino_L09.mes,21,9,주인공,いや、あの、その,"아니, 그게","아니, 그게"
dom3Shino_L09.mes,Script/dom3Shino_L09.mes,22,4,[효과음/내레이션],ドカッ,퍽,퍽
dom3Shino_L09.mes,Script/dom3Shino_L09.mes,23,4,[효과음/내레이션],バキッ,빠직,빠직
dom3Shino_L09.mes,Script/dom3Shino_L09.mes,24,6,[효과음/내레이션],カラーンッ,쨍그랑,쨍그랑
dom3Shino_L09.mes,Script/dom3Shino_L09.mes,25,14,주인공,うっ……だ、だまされた……,"윽……소, 속았다……","윽……소, 속았다……"
dom3Shino_L09.mes,Script/dom3Shino_L09.mes,26,14,주인공,(……しかし、今のは……),(…근데 방금 그건…),(…근데 방금 그건…)
dom3Shino_L09.mes,Script/dom3Shino_L09.mes,27,40,주인공,憎まれるようなこと、ぜったいに<6E5C>しないよ.好きな人の悲しむ姿は<6E5C>見たくないもの,미움받을 짓 절대<6E5C>안 해.좋아하는 사람 슬픈 모습은<6E5C>보고 싶지 않으니까,미움받을 짓 절대<6E5C>안 해.좋아하는 사람 슬픈 모습은<6E5C>보고 싶지 않으니까
dom3Shino_L09.mes,Script/dom3Shino_L09.mes,28,22,Shiki,そうね…….<6E5C>あなたならそう言うと思ったわ,그렇구나…<6E5C>당신이라면 그럴 줄 알았어,그렇구나…<6E5C>당신이라면 그럴 줄 알았어
dom3Shino_L09.mes,Script/dom3Shino_L09.mes,29,24,Shiki,なら待ちましょう.<6E5C>じっと、おとなしく、ね……,"그럼 기다리자.<6E5C>가만히, 얌전히, 응……","그럼 기다리자.<6E5C>가만히, 얌전히, 응……"
dom3Shino_L09.mes,Script/dom3Shino_L09.mes,30,5,주인공,……はい,……네,……네
dom3Shino_L09.mes,Script/dom3Shino_L09.mes,31,6,UNKNOWN_1e,待たせたね,기다렸지,기다렸지
dom3Shino_L09.mes,Script/dom3Shino_L09.mes,32,15,주인공,あ!待ってましたよ千夜さん!,아! 기다렸어요 치요 씨!,아! 기다렸어요 치요 씨!
dom3Shino_L09.mes,Script/dom3Shino_L09.mes,33,26,UNKNOWN_6d,犬みたいにはしゃいじゃって.<6E5C>人気家業もつらいねぇ,강아지처럼 신났네.<6E5C>인기 있는 것도 힘들겠어,강아지처럼 신났네.<6E5C>인기 있는 것도 힘들겠어
dom3Shino_L10.mes,Script/dom3Shino_L10.mes,0,36,주인공,詩乃さん…….<6E5C>ああ言っていたけど、会って<6E5C>どうするつもりなんだろうか,"시노 씨…….<6E5C>그렇게 말했었는데, 만나서<6E5C>어쩌려는 걸까","시노 씨…….<6E5C>그렇게 말했었는데, 만나서<6E5C>어쩌려는 걸까"
dom3Shino_L10.mes,Script/dom3Shino_L10.mes,1,12,주인공,あれ?誰もいないや……,어라? 아무도 없네…,어라? 아무도 없네…
dom3Shino_L10.mes,Script/dom3Shino_L10.mes,2,11,Shino,<이름:3232>さん、待ってたわ,"<이름:3232>씨, 기다렸어","<이름:3232>씨, 기다렸어"
dom3Shino_L10.mes,Script/dom3Shino_L10.mes,3,7,주인공,詩乃さん……,시노 씨……,시노 씨……
dom3Shino_L10.mes,Script/dom3Shino_L10.mes,4,49,Shino,ほらほら、女は用意が大変なんだか<6E5C>ら、先に河原に行っといて!今日<6E5C>はたっぷり付き合っちゃうから!,"자자, 여자는 준비할 게 많으니까<6E5C>먼저 강가에 가 있어! 오늘<6E5C>은 실컷 놀아줄 거니까!","자자, 여자는 준비할 게 많으니까<6E5C>먼저 강가에 가 있어! 오늘<6E5C>은 실컷 놀아줄 거니까!"
dom3Shino_L10.mes,Script/dom3Shino_L10.mes,5,9,주인공,え?河原で何を?,강가에서 뭘?,강가에서 뭘?
dom3Shino_L10.mes,Script/dom3Shino_L10.mes,6,24,Shino,何って、でぇとでしょ?<6E5C>昨日、約束したじゃない,"뭐긴, 데이트잖아?<6E5C>어제, 약속했잖아","뭐긴, 데이트잖아?<6E5C>어제, 약속했잖아"
dom3Shino_L10.mes,Script/dom3Shino_L10.mes,7,30,주인공,あれは、でぇとの約束だったのかぁ<6E5C>?どうなってるんだよ……,"그게, 데이트 약속이었던 거야<6E5C>? 어떻게 된 거지……","그게, 데이트 약속이었던 거야<6E5C>? 어떻게 된 거지……"
dom3Shino_L10.mes,Script/dom3Shino_L10.mes,8,16,주인공,ここで待ってたらいいのかな……,여기서 기다리면 되나……,여기서 기다리면 되나……
dom3Shino_L10.mes,Script/dom3Shino_L10.mes,9,2,UNKNOWN_1e,お。,오래,오래
dom3Shino_L10.mes,Script/dom3Shino_L10.mes,10,2,UNKNOWN_1e,ま。,기다,기다
dom3Shino_L10.mes,Script/dom3Shino_L10.mes,11,2,UNKNOWN_1e,た。,렸,렸
dom3Shino_L10.mes,Script/dom3Shino_L10.mes,12,3,UNKNOWN_1e,せ★,지★,지★
dom3Shino_L10.mes,Script/dom3Shino_L10.mes,13,8,주인공,あ、詩乃さ――,"아, 시노씨―","아, 시노씨―"
dom3Shino_L10.mes,Script/dom3Shino_L10.mes,14,7,주인공,……千夜さん,……치요 씨,……치요 씨
dom3Shino_L10.mes,Script/dom3Shino_L10.mes,15,40,UNKNOWN_6d,フフ、どっちの姿がよかったかしら<6E5C>.むささび屋の詩乃?<6E5C>それとも蜜蜂屋の千夜?,후후 어느 쪽이 좋았어<6E5C>? 무사사비야 시노?<6E5C>아니면 미츠바치야 치요?,후후 어느 쪽이 좋았어<6E5C>? 무사사비야 시노?<6E5C>아니면 미츠바치야 치요?
dom3Shino_L10.mes,Script/dom3Shino_L10.mes,16,3,주인공,……,……,……
dom3Shino_L10.mes,Script/dom3Shino_L10.mes,17,28,주인공,……どっちの姿でも、君は君だ.<6E5C>見た目なんて関係ないよ,…어느 쪽이든 넌 너야.<6E5C>겉모습 따윈 상관없어,…어느 쪽이든 넌 너야.<6E5C>겉모습 따윈 상관없어
dom3Shino_L10.mes,Script/dom3Shino_L10.mes,18,16,UNKNOWN_6d,……旦那なら、そう言うと思った,…나리라면 그럴 줄 알았어,…나리라면 그럴 줄 알았어
dom3Shino_L10.mes,Script/dom3Shino_L10.mes,19,40,주인공,どうして、昼と夜でふたつの顔を?<6E5C>別人にならないといけない理由は<6E5C>なんなんだ?,"왜, 낮과 밤에 두 얼굴을?<6E5C>다른 사람이 돼야 하는 이유는<6E5C>뭔데?","왜, 낮과 밤에 두 얼굴을?<6E5C>다른 사람이 돼야 하는 이유는<6E5C>뭔데?"
dom3Shino_L10.mes,Script/dom3Shino_L10.mes,20,56,UNKNOWN_6d,……言ったはずだよ.<6E5C>あちきの秘密を忘れられないなら、<6E5C>死ぬかもしれないって<485C>その覚悟があって閉いてるのかい?,"……말했을 텐데.<6E5C>이 몸의 비밀을 못 잊는다면,<6E5C>죽을지도 모른다고<485C>그 각오는 하고 묻는 거니?","……말했을 텐데.<6E5C>이 몸의 비밀을 못 잊는다면,<6E5C>죽을지도 모른다고<485C>그 각오는 하고 묻는 거니?"
dom3Shino_L10.mes,Script/dom3Shino_L10.mes,21,8,주인공,も、もちろんだ,"무, 물론이지","무, 물론이지"
dom3Shino_L10.mes,Script/dom3Shino_L10.mes,22,17,UNKNOWN_6d,くすくす、足がふるえてるよ、旦那,"쿡쿡, 다리가 떨리네, 나리","쿡쿡, 다리가 떨리네, 나리"
dom3Shino_L10.mes,Script/dom3Shino_L10.mes,23,2,주인공,!,!,!
dom3Shino_L10.mes,Script/dom3Shino_L10.mes,24,54,UNKNOWN_6d,ありがとう.でもね、あたいは<6E5C><이름:3232>さんを殺したくないんだ<485C>だから、このことはまだ、<6E5C>ふたりだけの秘密……ね,"고마워.그래도, 나는<6E5C><이름:3232>씨를 죽이고 싶지 않아<485C>그러니까, 이 일은 아직,<6E5C>둘만의 비밀……이야","고마워.그래도, 나는<6E5C><이름:3232>씨를 죽이고 싶지 않아<485C>그러니까, 이 일은 아직,<6E5C>둘만의 비밀……이야"
dom3Shino_L10.mes,Script/dom3Shino_L10.mes,25,7,주인공,……詩乃さん,……시노 씨,……시노 씨
dom3Shino_L10.mes,Script/dom3Shino_L10.mes,26,51,UNKNOWN_6d,でも不思議だねぇ<485C><이름:3232>さんとは、はじめて会った<6E5C>ときから、何故かあたいの秘密を<6E5C>知られる気がしたんだ,근데 이상하지<485C><이름:3232>씨와는 처음 만났을<6E5C>때부터 왠지 이 몸의 비밀을<6E5C>들킬 것 같았어,근데 이상하지<485C><이름:3232>씨와는 처음 만났을<6E5C>때부터 왠지 이 몸의 비밀을<6E5C>들킬 것 같았어
dom3Shino_L10.mes,Script/dom3Shino_L10.mes,27,24,UNKNOWN_6d,<이름:3232>さんには、<6E5C>見られちゃう気がしたんだよ……,"<이름:3232>씨한테는,<6E5C>들켜버릴 것 같았거든……","<이름:3232>씨한테는,<6E5C>들켜버릴 것 같았거든……"
dom3Shino_L10.mes,Script/dom3Shino_L10.mes,28,59,주인공,……いや、俺もあの日、<6E5C>風呂場で詩乃さんと千夜さん<6E5C>の着物を見なければ、<485C>ふたりが同一人物だなんて<6E5C>気づかなかったよ,…나도 그날<6E5C>목욕탕에서 시노 씨와 치요 씨<6E5C>기모노를 못 봤다면<485C>둘이 동일인물인 줄<6E5C>몰랐을 거야,…나도 그날<6E5C>목욕탕에서 시노 씨와 치요 씨<6E5C>기모노를 못 봤다면<485C>둘이 동일인물인 줄<6E5C>몰랐을 거야
dom3Shino_L10.mes,Script/dom3Shino_L10.mes,29,24,UNKNOWN_6d,まったく、色さんのいたずらには<6E5C>困ったもんだね,"정말, 시키 씨 장난에는<6E5C>못 당하겠네","정말, 시키 씨 장난에는<6E5C>못 당하겠네"
dom3Shino_L10.mes,Script/dom3Shino_L10.mes,30,6,주인공,そうだなぁ,그렇겠지,그렇겠지
dom3Shino_L10.mes,Script/dom3Shino_L10.mes,31,33,UNKNOWN_6d,<이름:3232>さんは、<6E5C>どっちが本当の姿だと思う?<6E5C>本当のあたいをあてて?,<이름:3232>씨는<6E5C>어느 쪽이 진짜라고 생각해?<6E5C>진짜 나를 맞혀봐?,<이름:3232>씨는<6E5C>어느 쪽이 진짜라고 생각해?<6E5C>진짜 나를 맞혀봐?
dom3Shino_L10.mes,Script/dom3Shino_L10.mes,32,4,주인공,え……,어……,어……
dom3Shino_L10.mes,Script/dom3Shino_L10.mes,33,12,[선택지],どちらも本物どちらも偽物,둘 다 진짜\둘 다 가짜,둘 다 진짜\둘 다 가짜
dom3Shino_L10.mes,Script/dom3Shino_L10.mes,34,28,주인공,どっちも本当だろう.<6E5C>君に嘘の姿なんてないと思ってるよ,둘 다 진짜겠지.<6E5C>너한테 거짓 모습 없다고 생각해,둘 다 진짜겠지.<6E5C>너한테 거짓 모습 없다고 생각해
dom3Shino_L10.mes,Script/dom3Shino_L10.mes,35,36,UNKNOWN_6d,フフ……ありがとう.<6E5C>旦那にそう言われると、<6E5C>あちきも楽な気分になるよ,후후…고마워.<6E5C>나리한테 그리 말하니<6E5C>이 몸도 마음이 편해지네,후후…고마워.<6E5C>나리한테 그리 말하니<6E5C>이 몸도 마음이 편해지네
dom3Shino_L10.mes,Script/dom3Shino_L10.mes,36,28,UNKNOWN_6d,みんなを騙してるのは、<6E5C>けっしていい気分じゃないからね,다들 속이는 건<6E5C>결코 기분 좋은 일이 아니니까,다들 속이는 건<6E5C>결코 기분 좋은 일이 아니니까
dom3Shino_L10.mes,Script/dom3Shino_L10.mes,37,11,주인공,そうだね、大変だろう,"그렇겠지, 힘들겠다","그렇겠지, 힘들겠다"
dom3Shino_L10.mes,Script/dom3Shino_L10.mes,38,36,UNKNOWN_6d,今日は、旦那と会えてよかった……<6E5C>.店まで並んで歩いても、いいかい<6E5C>?,오늘은 나리와 만나서 좋았어…<6E5C>.가게까지 나란히 걸어도 될까<6E5C>?,오늘은 나리와 만나서 좋았어…<6E5C>.가게까지 나란히 걸어도 될까<6E5C>?
dom3Shino_L10.mes,Script/dom3Shino_L10.mes,39,5,주인공,……ああ,……응,……응
dom3Shino_L10.mes,Script/dom3Shino_L10.mes,40,13,주인공,どっちも嘘じゃないのか?,둘 다 거짓은 아니야?,둘 다 거짓은 아니야?
dom3Shino_L10.mes,Script/dom3Shino_L10.mes,41,3,UNKNOWN_6d,え?,어?,어?
dom3Shino_L10.mes,Script/dom3Shino_L10.mes,42,47,주인공,悪い意味で言ってるんじゃないんだ<6E5C>.ただ、君にはまだ別の姿が<6E5C>あるように思えてならなくて……,"나쁜 뜻으로 하는 말은 아니야<6E5C>.그냥, 너한테 또 다른 모습이<6E5C>있을 것만 같아서……","나쁜 뜻으로 하는 말은 아니야<6E5C>.그냥, 너한테 또 다른 모습이<6E5C>있을 것만 같아서……"
dom3Shino_L10.mes,Script/dom3Shino_L10.mes,43,13,UNKNOWN_6d,……ぷっ!アハハハハハ!,……풋! 아하하하하!,……풋! 아하하하하!
dom3Shino_L10.mes,Script/dom3Shino_L10.mes,44,12,주인공,な、なんで笑うんだい?,"왜, 왜 웃는 거야?","왜, 왜 웃는 거야?"
dom3Shino_L10.mes,Script/dom3Shino_L10.mes,45,22,UNKNOWN_6d,……いや、<이름:3232>さんには<6E5C>参っちゃうよ、本当,"…아니, <이름:3232>씨한테는<6E5C>정말 못 당하겠어","…아니, <이름:3232>씨한테는<6E5C>정말 못 당하겠어"
dom3Shino_L10.mes,Script/dom3Shino_L10.mes,46,4,주인공,……?,……?,……?
dom3Shino_L10.mes,Script/dom3Shino_L10.mes,47,29,UNKNOWN_6d,これからちょっと……楽しいことが<6E5C>起こるかもしれないねぇ,이제부터 좀……재밌는 일이<6E5C>일어날지도 모르겠네,이제부터 좀……재밌는 일이<6E5C>일어날지도 모르겠네
dom3Shino_M01.mes,Script/dom3Shino_M01.mes,0,18,Shino,あぁ~、<이름:3232>さん!<6E5C>探してたのよ!,"아~, <이름:3232>씨!<6E5C>찾고 있었어!","아~, <이름:3232>씨!<6E5C>찾고 있었어!"
dom3Shino_M01.mes,Script/dom3Shino_M01.mes,1,6,주인공,え、何事?,무슨 일?,무슨 일?
dom3Shino_M01.mes,Script/dom3Shino_M01.mes,2,22,Shino,今、お店が超大忙しなの!<6E5C>ほらほら、早く!,"지금 가게가 완전 바빠!<6E5C>자자, 빨리!","지금 가게가 완전 바빠!<6E5C>자자, 빨리!"
dom3Shino_M01.mes,Script/dom3Shino_M01.mes,3,13,주인공,って……手伝えってこと?,도우란 거야?,도우란 거야?
dom3Shino_M01.mes,Script/dom3Shino_M01.mes,4,40,Shino,あたりまえでしょ?<6E5C>受けた恩はちゃ~んと返すのが、<6E5C>まっとうな人間ってもんよ!,"당연하잖아?<6E5C>받은 은혜는 제대~로 갚는 게,<6E5C>제대로 된 사람이란 거지!","당연하잖아?<6E5C>받은 은혜는 제대~로 갚는 게,<6E5C>제대로 된 사람이란 거지!"
dom3Shino_M01.mes,Script/dom3Shino_M01.mes,5,44,주인공,歩いてる人間をひっつかまえて、<6E5C>強制労働させるのがまっとうな<6E5C>人間とは思えないがな……,"걷는 사람 붙잡아다가,<6E5C>강제 노동시키는 게<6E5C>제대로 된 사람 같진 않은데……","걷는 사람 붙잡아다가,<6E5C>강제 노동시키는 게<6E5C>제대로 된 사람 같진 않은데……"
dom3Shino_M01.mes,Script/dom3Shino_M01.mes,6,45,Shino,ヤダ、むずかしいこと言っても<6E5C>わかんないわっ.それよりほら、<6E5C>お客さんが待ってるわよっ!,"싫어, 어려운 말 해봤자<6E5C>모르겠단 말야. 그보다 자,<6E5C>손님이 기다리고 있다구!","싫어, 어려운 말 해봤자<6E5C>모르겠단 말야. 그보다 자,<6E5C>손님이 기다리고 있다구!"
dom3Shino_M01.mes,Script/dom3Shino_M01.mes,7,9,주인공,なんと強引な……,정말 억지네……,정말 억지네……
dom3Shino_M01.mes,Script/dom3Shino_M01.mes,8,24,Shino,ほらほら、おそばができたわよ、<6E5C>持っていって!,"자자, 소바 다 됐어,<6E5C>갖다 줘!","자자, 소바 다 됐어,<6E5C>갖다 줘!"
dom3Shino_M01.mes,Script/dom3Shino_M01.mes,9,8,주인공,は、はいはいっ,"네, 네네!","네, 네네!"
dom3Shino_M01.mes,Script/dom3Shino_M01.mes,10,13,Shino,洗い物がたまってるわよ!,설거지 쌓였어!,설거지 쌓였어!
dom3Shino_M01.mes,Script/dom3Shino_M01.mes,11,5,주인공,へへ~っ,헤헤~,헤헤~
dom3Shino_M01.mes,Script/dom3Shino_M01.mes,12,28,Shino,いいじゃない!<이름:3232>さん、<6E5C>けっこう向いてるんじゃない?,"좋잖아!<이름:3232>씨,<6E5C>꽤 잘 맞는 거 아냐?","좋잖아!<이름:3232>씨,<6E5C>꽤 잘 맞는 거 아냐?"
dom3Shino_M01.mes,Script/dom3Shino_M01.mes,13,12,[선택지],すがすがしいなでも疲れた,상쾌하네\그래도 지쳤어,상쾌하네\그래도 지쳤어
dom3Shino_M01.mes,Script/dom3Shino_M01.mes,14,19,주인공,うん、なんだかすがすがしい<6E5C>気分だな,"응, 왠지 상쾌한<6E5C>기분이네","응, 왠지 상쾌한<6E5C>기분이네"
dom3Shino_M01.mes,Script/dom3Shino_M01.mes,15,34,Shino,今日は<이름:3232>さんのおかげで<6E5C>助かっちゃった.<6E5C>ありがとう!はい、これ,"오늘은 <이름:3232>씨 덕분에<6E5C>살았어.<6E5C>고마워! 자, 이거","오늘은 <이름:3232>씨 덕분에<6E5C>살았어.<6E5C>고마워! 자, 이거"
dom3Shino_M01.mes,Script/dom3Shino_M01.mes,16,4,[효과음/내레이션],タタッ,타닥,타닥
dom3Shino_M01.mes,Script/dom3Shino_M01.mes,17,13,주인공,え、これは……おむすび?,"어, 이건…… 주먹밥?","어, 이건…… 주먹밥?"
dom3Shino_M01.mes,Script/dom3Shino_M01.mes,18,25,주인공,こんなに大きな…….<6E5C>もぐもぐ、うん、おいしい!,"이렇게 크다니…….<6E5C>냠냠, 응, 맛있다!","이렇게 크다니…….<6E5C>냠냠, 응, 맛있다!"
dom3Shino_M01.mes,Script/dom3Shino_M01.mes,19,10,주인공,でも、疲れたな……,그래도 지쳤네,그래도 지쳤네
dom3Shino_M01.mes,Script/dom3Shino_M01.mes,20,36,Shino,もぉ、だらしないわねぇ.<6E5C>これぐらいでへこたれるなんて<6E5C>みっともない!,"정말, 칠칠맞긴.<6E5C>이 정도로 나가떨어지다니<6E5C>한심하잖아!","정말, 칠칠맞긴.<6E5C>이 정도로 나가떨어지다니<6E5C>한심하잖아!"
dom3Shino_M01.mes,Script/dom3Shino_M01.mes,21,21,주인공,ムリヤリ働かせておいて<6E5C>無茶苦茶だな……,억지로 일 시켜놓고<6E5C>너무하네……,억지로 일 시켜놓고<6E5C>너무하네……
dom3Shino_M02.mes,Script/dom3Shino_M02.mes,0,10,주인공,さて、帰るとするか,"자, 돌아갈까","자, 돌아갈까"
dom3Shino_M02.mes,Script/dom3Shino_M02.mes,1,7,UNKNOWN_1e,待ちな、旦那,"잠깐, 나리","잠깐, 나리"
dom3Shino_M02.mes,Script/dom3Shino_M02.mes,2,3,주인공,ん?,음?,음?
dom3Shino_M02.mes,Script/dom3Shino_M02.mes,3,28,UNKNOWN_6d,もうお帰りかい?<6E5C>夜はまだまだこれからだって<6E5C>いうのに,벌써 돌아가시게?<6E5C>밤은 아직 시작인데<6E5C>말이야,벌써 돌아가시게?<6E5C>밤은 아직 시작인데<6E5C>말이야
dom3Shino_M02.mes,Script/dom3Shino_M02.mes,4,14,주인공,でも、俺は金もあまりないし,"그치만, 돈도 별로 없고","그치만, 돈도 별로 없고"
dom3Shino_M02.mes,Script/dom3Shino_M02.mes,5,39,UNKNOWN_6d,フフ……さっきはかっこよかった<6E5C>ですよ、旦那.<6E5C>あちきにお礼をさせてください,"후후…… 아까는 멋있었어요,<6E5C>나리.<6E5C>이 몸이 인사라도 하게 해줘요","후후…… 아까는 멋있었어요,<6E5C>나리.<6E5C>이 몸이 인사라도 하게 해줘요"
dom3Shino_M02.mes,Script/dom3Shino_M02.mes,6,34,UNKNOWN_6d,ほら、こんなところにお酒が<6E5C>あります.<6E5C>あちきがお酌いたしましょう,"자, 마침 여기 술이<6E5C>있네요.<6E5C>이 몸이 따라 드릴게요","자, 마침 여기 술이<6E5C>있네요.<6E5C>이 몸이 따라 드릴게요"
dom3Shino_M02.mes,Script/dom3Shino_M02.mes,7,21,주인공,そんなことしたら、<6E5C>詩乃さんに迷惑が……,"그런 짓 하면,<6E5C>시노 씨한테 폐가……","그런 짓 하면,<6E5C>시노 씨한테 폐가……"
dom3Shino_M02.mes,Script/dom3Shino_M02.mes,8,42,UNKNOWN_6d,かまやしないよ.まさか、<6E5C>あちきよりあんな小娘の方が<6E5C>気になるってェのかい、旦那は,"상관없어요.설마,<6E5C>이 몸보다 그런 꼬맹이가<6E5C>신경 쓰인다는 거예요, 나리는?","상관없어요.설마,<6E5C>이 몸보다 그런 꼬맹이가<6E5C>신경 쓰인다는 거예요, 나리는?"
dom3Shino_M02.mes,Script/dom3Shino_M02.mes,9,6,주인공,そんな……,그런……,그런……
dom3Shino_M02.mes,Script/dom3Shino_M02.mes,10,18,[선택지],千夜の方が気になる詩乃の方が気になる,치요가 신경 쓰여\시노가 신경 쓰여,치요가 신경 쓰여\시노가 신경 쓰여
dom3Shino_M02.mes,Script/dom3Shino_M02.mes,11,29,주인공,そんなわけないよ!<6E5C>千夜さんの方が<6E5C>ずっと魅力的なのに!,그럴 리 없어!<6E5C>치요 씨가<6E5C>훨씬 매력적인데!,그럴 리 없어!<6E5C>치요 씨가<6E5C>훨씬 매력적인데!
dom3Shino_M02.mes,Script/dom3Shino_M02.mes,12,47,UNKNOWN_6d,ホホホ.そりゃあそうさ.あんな<6E5C>ションベンくさいガキと比べられ<6E5C>たら、たまったもんじゃないよ,호호호. 그야 그렇지.<6E5C>그런 오줌싸개 애송이랑 비교당하면<6E5C>참을 수가 없지,호호호. 그야 그렇지.<6E5C>그런 오줌싸개 애송이랑 비교당하면<6E5C>참을 수가 없지
dom3Shino_M02.mes,Script/dom3Shino_M02.mes,13,11,주인공,ハハ、そりゃそうだよ,"하하, 그야 그렇지","하하, 그야 그렇지"
dom3Shino_M02.mes,Script/dom3Shino_M02.mes,14,30,UNKNOWN_6d,じゃあ旦那、気をつけて帰るんだよ<6E5C>.背後には気をつけてねぇ,"그럼 나리, 조심해서 돌아가<6E5C>.뒤쪽은 조심하고","그럼 나리, 조심해서 돌아가<6E5C>.뒤쪽은 조심하고"
dom3Shino_M02.mes,Script/dom3Shino_M02.mes,15,9,주인공,え?あ……あれ?,응? 어라?,응? 어라?
dom3Shino_M02.mes,Script/dom3Shino_M02.mes,16,21,주인공,そりゃ、詩乃さんのことは<6E5C>気になるよ……,"그야, 시노 씨는<6E5C>신경 쓰이지……","그야, 시노 씨는<6E5C>신경 쓰이지……"
dom3Shino_M02.mes,Script/dom3Shino_M02.mes,17,21,UNKNOWN_6d,なんで旦那があの娘のことを気に<6E5C>するのさ,왜 나리가 그 애를 신경<6E5C>쓰는 거야,왜 나리가 그 애를 신경<6E5C>쓰는 거야
dom3Shino_M02.mes,Script/dom3Shino_M02.mes,18,16,주인공,なんでって、わからないけど……,"왜냐면, 나도 모르겠지만……","왜냐면, 나도 모르겠지만……"
dom3Shino_M02.mes,Script/dom3Shino_M02.mes,19,34,UNKNOWN_6d,フフッ、旦那はかわいいねぇ.<6E5C>あちきまで気になっちゃうじゃ<6E5C>ないか,"후훗, 나리는 귀엽네.<6E5C>이 몸까지 신경 쓰이잖아<6E5C>","후훗, 나리는 귀엽네.<6E5C>이 몸까지 신경 쓰이잖아<6E5C>"
dom3Shino_M02.mes,Script/dom3Shino_M02.mes,20,4,주인공,……?,……?,……?
dom3Shino_M03.mes,Script/dom3Shino_M03.mes,0,16,Shino,きゃあ!そいつをつかまえてー!,꺄악!그놈 잡아줘!,꺄악!그놈 잡아줘!
dom3Shino_M03.mes,Script/dom3Shino_M03.mes,1,3,주인공,え?,어?,어?
dom3Shino_M03.mes,Script/dom3Shino_M03.mes,2,4,[효과음/내레이션],ドンッ,쿵,쿵
dom3Shino_M03.mes,Script/dom3Shino_M03.mes,3,7,주인공,うわぁぁぁ!,우와아아!,우와아아!
dom3Shino_M03.mes,Script/dom3Shino_M03.mes,4,17,UNKNOWN_ac,GFFぅ~.このままトンズラだ~,꾸엑~.이대로 튄다~,꾸엑~.이대로 튄다~
dom3Shino_M03.mes,Script/dom3Shino_M03.mes,5,9,주인공,なな、なんだぁ?,"뭐, 뭐야?","뭐, 뭐야?"
dom3Shino_M03.mes,Script/dom3Shino_M03.mes,6,16,Shino,食い逃げよ!逃がしちゃダメぇ!,먹튀야!놓치면 안 돼!,먹튀야!놓치면 안 돼!
dom3Shino_M03.mes,Script/dom3Shino_M03.mes,7,6,주인공,よ、よし!,"좋, 좋아","좋, 좋아"
dom3Shino_M03.mes,Script/dom3Shino_M03.mes,8,13,[선택지],足をひっかける体当たりする,다리걸기\몸통박치기,다리걸기\몸통박치기
dom3Shino_M03.mes,Script/dom3Shino_M03.mes,9,4,주인공,それ!,얍!,얍!
dom3Shino_M03.mes,Script/dom3Shino_M03.mes,10,8,UNKNOWN_ac,グエエエ~ッ!,꾸에엑~!,꾸에엑~!
dom3Shino_M03.mes,Script/dom3Shino_M03.mes,11,5,[효과음/내레이션],ドーン!,쿵!,쿵!
dom3Shino_M03.mes,Script/dom3Shino_M03.mes,12,20,Shino,やったぁ!<6E5C>すごいじゃない、<이름:3232>さん!,"해냈다!<6E5C>대단하잖아, <이름:3232>씨!","해냈다!<6E5C>대단하잖아, <이름:3232>씨!"
dom3Shino_M03.mes,Script/dom3Shino_M03.mes,13,19,주인공,へへっ.<6E5C>悪は許しちゃおけないからね,헤헷.<6E5C>악은 용서 못 하니까,헤헷.<6E5C>악은 용서 못 하니까
dom3Shino_M03.mes,Script/dom3Shino_M03.mes,14,33,Shino,よーし、ギッタギタに<6E5C>こらしめてやるわよ!<6E5C>この食い逃げ常習犯!,"좋아, 아주 박살을<6E5C>내주겠어!<6E5C>이 상습 먹튀범!","좋아, 아주 박살을<6E5C>내주겠어!<6E5C>이 상습 먹튀범!"
dom3Shino_M03.mes,Script/dom3Shino_M03.mes,15,5,UNKNOWN_ac,ブヒー!,꿀꿀!,꿀꿀!
dom3Shino_M03.mes,Script/dom3Shino_M03.mes,16,24,주인공,食い逃げ犯より、<6E5C>詩乃さんの方がよっぽど恐いや,"먹튀범보다,<6E5C>시노 씨가 훨씬 무섭네","먹튀범보다,<6E5C>시노 씨가 훨씬 무섭네"
dom3Shino_M03.mes,Script/dom3Shino_M03.mes,17,4,주인공,それ!,얍!,얍!
dom3Shino_M03.mes,Script/dom3Shino_M03.mes,18,6,[효과음/내레이션],ボヨ~ン!,보용~!,보용~!
dom3Shino_M03.mes,Script/dom3Shino_M03.mes,19,6,주인공,ぐあああ!,으아악!,으아악!
dom3Shino_M03.mes,Script/dom3Shino_M03.mes,20,22,UNKNOWN_ac,グヒヒッ!<6E5C>オイラの肉にかなうもんかァ~!,꾸히히!<6E5C>내 살덩이를 당해낼쏘냐~!,꾸히히!<6E5C>내 살덩이를 당해낼쏘냐~!
dom3Shino_M03.mes,Script/dom3Shino_M03.mes,21,7,[효과음/내레이션],ドドドッ……,두두두……,두두두……
dom3Shino_M03.mes,Script/dom3Shino_M03.mes,22,31,Shino,ああもう、<6E5C>逃げられちゃったじゃない!<6E5C>どうしてくれるのよ!,"아 정말,<6E5C>놓쳐버렸잖아!<6E5C>어떡할 거야!","아 정말,<6E5C>놓쳐버렸잖아!<6E5C>어떡할 거야!"
dom3Shino_M03.mes,Script/dom3Shino_M03.mes,23,12,주인공,えぇっ、俺のせい……?,"에엣, 내 탓……?","에엣, 내 탓……?"
dom3Shino_M04.mes,Script/dom3Shino_M04.mes,0,27,주인공,すっかり遅くなってしまったな.<6E5C>いろはが心配してるぞ,완전히 늦어버렸네.<6E5C>이로하가 걱정하겠어,완전히 늦어버렸네.<6E5C>이로하가 걱정하겠어
dom3Shino_M04.mes,Script/dom3Shino_M04.mes,1,8,UNKNOWN_1e,貴様……殺ス!,"네놈, 죽어!","네놈, 죽어!"
dom3Shino_M04.mes,Script/dom3Shino_M04.mes,2,7,주인공,うわあああ!,우와아아!,우와아아!
dom3Shino_M04.mes,Script/dom3Shino_M04.mes,3,3,[효과음/내레이션],……,……,……
dom3Shino_M04.mes,Script/dom3Shino_M04.mes,4,7,UNKNOWN_1e,……くすくす,……킥킥,……킥킥
dom3Shino_M04.mes,Script/dom3Shino_M04.mes,5,10,주인공,え……千夜さん!?,어……치요 씨!?,어……치요 씨!?
dom3Shino_M04.mes,Script/dom3Shino_M04.mes,6,20,UNKNOWN_6d,すごい悲鳴だねぇ.<6E5C>みんな起きちまうよ,엄청난 비명이네.<6E5C>다들 깨겠어,엄청난 비명이네.<6E5C>다들 깨겠어
dom3Shino_M04.mes,Script/dom3Shino_M04.mes,7,18,주인공,驚かさないでくれよ!<6E5C>人が悪いなぁ,놀라게 하지 마!<6E5C>성격 짓궂네,놀라게 하지 마!<6E5C>성격 짓궂네
dom3Shino_M04.mes,Script/dom3Shino_M04.mes,8,61,UNKNOWN_6d,こんなことで怯えるくらいなら、<6E5C>夜中に出歩かないことだね<485C>何かあっても、この町のせいじゃ<6E5C>ないよ.無用心な旦那が悪いのさ,"이런 걸로 겁먹을 거면,<6E5C>밤에 나다니지 말라고<485C>무슨 일 있어도 동네 탓 아니야.<6E5C>조심성 없는 나리 잘못이지","이런 걸로 겁먹을 거면,<6E5C>밤에 나다니지 말라고<485C>무슨 일 있어도 동네 탓 아니야.<6E5C>조심성 없는 나리 잘못이지"
dom3Shino_M04.mes,Script/dom3Shino_M04.mes,9,8,주인공,……千夜さん?,……치요 씨?,……치요 씨?
dom3Shino_M04.mes,Script/dom3Shino_M04.mes,10,59,UNKNOWN_6d,最近、嫌なにおいがするんだよ.<6E5C>よからぬことが町に<6E5C>うごめいている……<485C>あちきは旦那に巻き込まれて<6E5C>ほしくないんだよ,요즘 불길한 냄새가 나.<6E5C>안 좋은 일이 동네에<6E5C>꿈틀대고 있어……<485C>나리가 휘말리지<6E5C>않았으면 좋겠어,요즘 불길한 냄새가 나.<6E5C>안 좋은 일이 동네에<6E5C>꿈틀대고 있어……<485C>나리가 휘말리지<6E5C>않았으면 좋겠어
dom3Shino_M04.mes,Script/dom3Shino_M04.mes,11,3,주인공,……,……,……
dom3Shino_M04.mes,Script/dom3Shino_M04.mes,12,8,[선택지],平気だわかったよ,괜찮아\알았어,괜찮아\알았어
dom3Shino_M04.mes,Script/dom3Shino_M04.mes,13,28,주인공,そんなの平気だよ.俺は、この町に<6E5C>惚れて居座ってるんだ,그런 거 괜찮아.<6E5C>이 동네에 반해서 눌러앉은 거야,그런 거 괜찮아.<6E5C>이 동네에 반해서 눌러앉은 거야
dom3Shino_M04.mes,Script/dom3Shino_M04.mes,14,34,주인공,明るいとこだけ見ようとは思わない<6E5C>.闇の部分だって、しっかり見るよ,밝은 곳만 보려 하진 않아<6E5C>.어두운 부분도 제대로 볼 거야,밝은 곳만 보려 하진 않아<6E5C>.어두운 부분도 제대로 볼 거야
dom3Shino_M04.mes,Script/dom3Shino_M04.mes,15,5,UNKNOWN_6d,旦那……,나리……,나리……
dom3Shino_M04.mes,Script/dom3Shino_M04.mes,16,19,주인공,な、なんだい.<6E5C>じっと見つめたりして,"뭐, 뭔데.<6E5C>빤히 쳐다보고 그러고","뭐, 뭔데.<6E5C>빤히 쳐다보고 그러고"
dom3Shino_M04.mes,Script/dom3Shino_M04.mes,17,35,UNKNOWN_6d,その言葉……ぜったいですよ?<6E5C>真実を見ても、嫌ったりしないで<6E5C>おくれ,"그 말……꼭 지켜야 해요?<6E5C>진실을 봐도, 싫어하지 말아<6E5C>줘","그 말……꼭 지켜야 해요?<6E5C>진실을 봐도, 싫어하지 말아<6E5C>줘"
dom3Shino_M04.mes,Script/dom3Shino_M04.mes,18,7,주인공,お、おう……,"오, 오냐","오, 오냐"
dom3Shino_M04.mes,Script/dom3Shino_M04.mes,19,30,주인공,わかったよ.千夜さんの言うとおり<6E5C>、出歩かないようにしよう,"알았어.치요 씨 말대로<6E5C>, 나다니지 않도록 할게","알았어.치요 씨 말대로<6E5C>, 나다니지 않도록 할게"
dom3Shino_M04.mes,Script/dom3Shino_M04.mes,20,23,UNKNOWN_6d,そうそう.<6E5C>子どもは帰って早く寝るもんですよ,그래그래.<6E5C>애들은 집에 가서 일찍 자야지,그래그래.<6E5C>애들은 집에 가서 일찍 자야지
dom3Shino_M04.mes,Script/dom3Shino_M04.mes,21,23,주인공,どうしていつも子どもあつかい<6E5C>なんだよ、もぉ,"왜 맨날 애 취급<6E5C>하는 거야, 진짜","왜 맨날 애 취급<6E5C>하는 거야, 진짜"
dom3Shino_M05.mes,Script/dom3Shino_M05.mes,0,12,Shino,あ……<이름:3232>さん……っ!,아……<이름:3232>씨……!,아……<이름:3232>씨……!
dom3Shino_M05.mes,Script/dom3Shino_M05.mes,1,30,주인공,このまえはごめん!<6E5C>決してのぞくつもりじゃ<6E5C>なかったんだ!,지난번엔 미안!<6E5C>절대 훔쳐보려던 건<6E5C>아니었어!,지난번엔 미안!<6E5C>절대 훔쳐보려던 건<6E5C>아니었어!
dom3Shino_M05.mes,Script/dom3Shino_M05.mes,2,30,Shino,……色さんに閉いたわよ.<6E5C>からかわれたんでしょ、<6E5C><이름:3232>さん,"……시키한테 들었어.<6E5C>놀림당한 거지,<6E5C><이름:3232>씨","……시키한테 들었어.<6E5C>놀림당한 거지,<6E5C><이름:3232>씨"
dom3Shino_M05.mes,Script/dom3Shino_M05.mes,3,16,주인공,うん…….だけど、本当にごめん,"응…….근데, 정말 미안","응…….근데, 정말 미안"
dom3Shino_M05.mes,Script/dom3Shino_M05.mes,4,29,Shino,もういいわ、何も見てないなら.<6E5C>何も見てないんでしょう?,"이제 됐어, 안 봤다면.<6E5C>아무것도 안 봤지?","이제 됐어, 안 봤다면.<6E5C>아무것도 안 봤지?"
dom3Shino_M05.mes,Script/dom3Shino_M05.mes,5,4,주인공,え……,어……,어……
dom3Shino_M05.mes,Script/dom3Shino_M05.mes,6,19,Shino,見たの!?<6E5C>ちょっと、何を見たのよ!,"봤어!?<6E5C>야, 뭘 본 거야!","봤어!?<6E5C>야, 뭘 본 거야!"
dom3Shino_M05.mes,Script/dom3Shino_M05.mes,7,19,주인공,(これは……正直に言うしかない!<6E5C>),(이건…… 솔직히 말할 수밖에<6E5C>),(이건…… 솔직히 말할 수밖에<6E5C>)
dom3Shino_M05.mes,Script/dom3Shino_M05.mes,8,2,[선택지],胸服,흉\복,흉\복
dom3Shino_M05.mes,Script/dom3Shino_M05.mes,9,17,주인공,正直に言うけど、胸をチラッと……,솔직히 말하면 가슴을 살짝……,솔직히 말하면 가슴을 살짝……
dom3Shino_M05.mes,Script/dom3Shino_M05.mes,10,3,Shino,……,……,……
dom3Shino_M05.mes,Script/dom3Shino_M05.mes,11,33,주인공,ごめん!でもそんな一瞬だったし、<6E5C>やらしいことなんてぜんぜん……,"미안!근데 그것도 순식간이었고,<6E5C>야한 짓 같은 건 전혀……","미안!근데 그것도 순식간이었고,<6E5C>야한 짓 같은 건 전혀……"
dom3Shino_M05.mes,Script/dom3Shino_M05.mes,12,16,Shino,……わかったわ.覚悟を決めるわ,……알았어.각오할게,……알았어.각오할게
dom3Shino_M05.mes,Script/dom3Shino_M05.mes,13,3,주인공,へ?,어?,어?
dom3Shino_M05.mes,Script/dom3Shino_M05.mes,14,52,Shino,裸を見られたとあっては、<6E5C>もうお嫁にいけないもの<485C>ぜーんぶ<이름:3232>さんに責任を<6E5C>取ってもらうわ★<6E5C>旦那様っ,"알몸을 들켰으니,<6E5C>이제 시집도 못 가잖아<485C>전부 <이름:3232>씨한테 책임을<6E5C>지게 할 거야★<6E5C>서방님","알몸을 들켰으니,<6E5C>이제 시집도 못 가잖아<485C>전부 <이름:3232>씨한테 책임을<6E5C>지게 할 거야★<6E5C>서방님"
dom3Shino_M05.mes,Script/dom3Shino_M05.mes,15,7,주인공,え、えぇ~!,"어, 어어!","어, 어어!"
dom3Shino_M05.mes,Script/dom3Shino_M05.mes,16,22,주인공,服を見たよ…….<6E5C>脱衣所に置いてあった服を,옷을 봤어…….<6E5C>탈의실에 있던 옷을,옷을 봤어…….<6E5C>탈의실에 있던 옷을
dom3Shino_M05.mes,Script/dom3Shino_M05.mes,17,3,Shino,……,……,……
dom3Shino_M05.mes,Script/dom3Shino_M05.mes,18,37,주인공,あの着物はどういうこと?<6E5C>前から気になっていたけど、<6E5C>詩乃さんは実は――,"그 기모노는 뭐야?<6E5C>전부터 궁금했는데,<6E5C>시노 씨는 사실――","그 기모노는 뭐야?<6E5C>전부터 궁금했는데,<6E5C>시노 씨는 사실――"
dom3Shino_M05.mes,Script/dom3Shino_M05.mes,19,7,Shino,言わないで!,말하지 마!,말하지 마!
dom3Shino_M05.mes,Script/dom3Shino_M05.mes,20,2,주인공,!,!,!
dom3Shino_M05.mes,Script/dom3Shino_M05.mes,21,25,Shino,……まさか、<이름:3232>さんに<6E5C>知られちゃうなんてね……,"……설마, <이름:3232>씨한테<6E5C>들켜버릴 줄이야……","……설마, <이름:3232>씨한테<6E5C>들켜버릴 줄이야……"
dom3Shino_M05.mes,Script/dom3Shino_M05.mes,22,7,주인공,詩乃さん……,시노 씨……,시노 씨……
dom3Shino_M05.mes,Script/dom3Shino_M05.mes,23,43,Shino,このことを忘れるなら見逃して<6E5C>あげる.でも、忘れられないなら<6E5C>……死ぬかもしれないわ,"이 일을 잊는다면 눈감아<6E5C>줄게.근데, 못 잊는다면<6E5C>……죽을지도 몰라","이 일을 잊는다면 눈감아<6E5C>줄게.근데, 못 잊는다면<6E5C>……죽을지도 몰라"
dom3Shino_M05.mes,Script/dom3Shino_M05.mes,24,3,주인공,……,……,……
dom3Shino_M05.mes,Script/dom3Shino_M05.mes,25,35,Shino,それでも忘れないというなら、<6E5C>明日店に来て.<6E5C>もう、隠さないから――,"그래도 못 잊겠다면,<6E5C>내일 가게로 와.<6E5C>이제 안 숨길 테니――","그래도 못 잊겠다면,<6E5C>내일 가게로 와.<6E5C>이제 안 숨길 테니――"
dom3Shino_M06.mes,Script/dom3Shino_M06.mes,0,19,주인공,……あ、あれ?<6E5C>千夜さんの姿がないぞ,……어라?<6E5C>치요 씨가 없네,……어라?<6E5C>치요 씨가 없네
dom3Shino_M06.mes,Script/dom3Shino_M06.mes,1,21,주인공,千夜さーん!<6E5C>じゃなくて……詩乃さーん?,치요 씨―!<6E5C>가 아니라…… 시노 씨?,치요 씨―!<6E5C>가 아니라…… 시노 씨?
dom3Shino_M06.mes,Script/dom3Shino_M06.mes,2,19,Shino,ボーっとしてたらダメよ、<6E5C><이름:3232>さん!,"멍하니 있으면 안 돼,<6E5C><이름:3232>씨!","멍하니 있으면 안 돼,<6E5C><이름:3232>씨!"
dom3Shino_M06.mes,Script/dom3Shino_M06.mes,3,20,주인공,うわっ!<6E5C>い、いつのまに着替えたんだ?,"우왓!<6E5C>어, 언제 갈아입은 거야?","우왓!<6E5C>어, 언제 갈아입은 거야?"
dom3Shino_M06.mes,Script/dom3Shino_M06.mes,4,34,Shino,<이름:3232>さんに<6E5C>閉きたいことがあるわ.<6E5C>どうして刀を持って旅してるの?,<이름:3232>씨한테<6E5C>물어볼 게 있어.<6E5C>왜 검을 들고 여행하는 거야?,<이름:3232>씨한테<6E5C>물어볼 게 있어.<6E5C>왜 검을 들고 여행하는 거야?
dom3Shino_M06.mes,Script/dom3Shino_M06.mes,5,11,주인공,へぇ?いきなりだなぁ,어?갑작스럽네,어?갑작스럽네
dom3Shino_M06.mes,Script/dom3Shino_M06.mes,6,44,Shino,真剣に閉いてるの!<6E5C>その刀はなんのための刀?<485C>悪を斬るため?<6E5C>それとも自分を守るため?,진지하게 묻는 거야!<6E5C>그 검 뭐하러 써?<485C>악을 베려고?<6E5C>아님 자길 지키려고?,진지하게 묻는 거야!<6E5C>그 검 뭐하러 써?<485C>악을 베려고?<6E5C>아님 자길 지키려고?
dom3Shino_M06.mes,Script/dom3Shino_M06.mes,7,15,[선택지],悪を斬るため大事な人を守るため,악을 베려고\사람을 지키려고,악을 베려고\사람을 지키려고
dom3Shino_M06.mes,Script/dom3Shino_M06.mes,8,11,주인공,あ、悪を斬るためだ!,"아, 악을 베려고!","아, 악을 베려고!"
dom3Shino_M06.mes,Script/dom3Shino_M06.mes,9,33,Shino,……本当?そんな話、<이름:3232>さんの<6E5C>口から一度も閉いたことないわよ?,"……진짜?그런 말,<6E5C><이름:3232>씨한테<6E5C>들은 적 없는데?","……진짜?그런 말,<6E5C><이름:3232>씨한테<6E5C>들은 적 없는데?"
dom3Shino_M06.mes,Script/dom3Shino_M06.mes,10,29,주인공,でも、<6E5C>俺はやるときはやる男だからな.<6E5C>男は不言実行だ!,"근데,<6E5C>난 할 땐 하는 남자야.<6E5C>남자는 행동파거든!","근데,<6E5C>난 할 땐 하는 남자야.<6E5C>남자는 행동파거든!"
dom3Shino_M06.mes,Script/dom3Shino_M06.mes,11,31,Shino,……ふふ、まぁいいわ.<6E5C>ちょっと不安だけど、<6E5C>信用してあげる,"……후후, 뭐 됐어.<6E5C>조금 불안하지만,<6E5C>믿어줄게","……후후, 뭐 됐어.<6E5C>조금 불안하지만,<6E5C>믿어줄게"
dom3Shino_M06.mes,Script/dom3Shino_M06.mes,12,9,주인공,どういう意味だよ,무슨 뜻이야,무슨 뜻이야
dom3Shino_M06.mes,Script/dom3Shino_M06.mes,13,31,Shino,とにかく、今日は<이름:3232>さんと<6E5C>過ごせてよかったわ!<6E5C>ありがと!,"아무튼, 오늘은 <이름:3232>씨랑<6E5C>함께해서 좋았어!<6E5C>고마워!","아무튼, 오늘은 <이름:3232>씨랑<6E5C>함께해서 좋았어!<6E5C>고마워!"
dom3Shino_M06.mes,Script/dom3Shino_M06.mes,14,4,[효과음/내레이션],ちゅっ,쪽,쪽
dom3Shino_M06.mes,Script/dom3Shino_M06.mes,15,16,주인공,わ!なんだよ、いきなり頬に……,"와!뭐야, 갑자기 볼에……","와!뭐야, 갑자기 볼에……"
dom3Shino_M06.mes,Script/dom3Shino_M06.mes,16,34,Shino,ふいたらダメよ.<6E5C>無事を祈るおまじないなんだから!<6E5C>じゃあまたね!,닦으면 안 돼.<6E5C>무사기원 부적 같은 거니까!<6E5C>그럼 또 봐!,닦으면 안 돼.<6E5C>무사기원 부적 같은 거니까!<6E5C>그럼 또 봐!
dom3Shino_M06.mes,Script/dom3Shino_M06.mes,17,4,[효과음/내레이션],タタッ,타닥,타닥
dom3Shino_M06.mes,Script/dom3Shino_M06.mes,18,11,주인공,……どういうことだ?,……무슨 뜻이지?,……무슨 뜻이지?
dom3Shino_M06.mes,Script/dom3Shino_M06.mes,19,20,주인공,これは、<6E5C>大事な人を守るための刀だ……,"이건,<6E5C>소중한 사람 지킬 검이야……","이건,<6E5C>소중한 사람 지킬 검이야……"
dom3Shino_M06.mes,Script/dom3Shino_M06.mes,20,10,Shino,大事な人って、誰?,그게 누군데?,그게 누군데?
dom3Shino_M06.mes,Script/dom3Shino_M06.mes,21,15,주인공,それは……まだわからないけど,그건…… 아직 모르겠지만,그건…… 아직 모르겠지만
dom3Shino_M06.mes,Script/dom3Shino_M06.mes,22,34,Shino,何よそれ、いい加減ねぇ.<6E5C>素直にあたいの名前を<6E5C>出したらいいものを,"뭐야 그게, 대충이네.<6E5C>솔직하게 내 이름을<6E5C>말하면 좋을 텐데","뭐야 그게, 대충이네.<6E5C>솔직하게 내 이름을<6E5C>말하면 좋을 텐데"
dom3Shino_M06.mes,Script/dom3Shino_M06.mes,23,7,주인공,え、えぇ~?,"어, 어어?","어, 어어?"
dom3Shino_S01.mes,Script/dom3Shino_S01.mes,0,22,주인공,小腹がすいたな.<6E5C>何か甘いものでも食べるか,출출한데.<6E5C>뭔가 단 거라도 먹을까,출출한데.<6E5C>뭔가 단 거라도 먹을까
dom3Shino_S01.mes,Script/dom3Shino_S01.mes,1,14,Shino,あら<이름:3232>さん、いらっしゃい,"어머 <이름:3232> 씨, 어서 와","어머 <이름:3232> 씨, 어서 와"
dom3Shino_S01.mes,Script/dom3Shino_S01.mes,2,13,주인공,やぁ.善哉でももらおうか,야.단팥죽이나 먹을까,야.단팥죽이나 먹을까
dom3Shino_S01.mes,Script/dom3Shino_S01.mes,3,16,Shino,おやすい御用よ!はい、どうぞ!,"식은 죽 먹기지!자, 여기!","식은 죽 먹기지!자, 여기!"
dom3Shino_S01.mes,Script/dom3Shino_S01.mes,4,20,주인공,おお、うまそうだ.<6E5C>どれどれ、ずず……,"오, 맛있겠다.<6E5C>어디보자,후루룩……","오, 맛있겠다.<6E5C>어디보자,후루룩……"
dom3Shino_S01.mes,Script/dom3Shino_S01.mes,5,16,주인공,ゴハァ!なな、なんだこの味は!,"우웩!이,이게 무슨 맛이야!","우웩!이,이게 무슨 맛이야!"
dom3Shino_S01.mes,Script/dom3Shino_S01.mes,6,24,Shino,ちょっと!むささび屋の料理に<6E5C>ケチつける気ぃ?,잠깐!무사사비야 요리에<6E5C>트집 잡을 셈이야?,잠깐!무사사비야 요리에<6E5C>트집 잡을 셈이야?
dom3Shino_S01.mes,Script/dom3Shino_S01.mes,7,16,주인공,いや、だってこれ、すごい味だぞ,"아니, 이거 엄청난맛이라고","아니, 이거 엄청난맛이라고"
dom3Shino_S01.mes,Script/dom3Shino_S01.mes,8,10,Shino,どれどれ……ペロッ,어디 보자……날름,어디 보자……날름
dom3Shino_S01.mes,Script/dom3Shino_S01.mes,9,26,Shino,きゃあ!何この味!<6E5C>お砂糖とお塩をまちがえてるわ!,꺅!이게무슨맛이야!<6E5C>설탕이랑소금을착각했잖아!,꺅!이게무슨맛이야!<6E5C>설탕이랑소금을착각했잖아!
dom3Shino_S01.mes,Script/dom3Shino_S01.mes,10,13,주인공,そ、そんな古典的ミス……,"그,그런실수가……","그,그런실수가……"
dom3Shino_S01.mes,Script/dom3Shino_S01.mes,11,26,Shino,でも……せっかく作ったんだから、<6E5C>残さず食べてね?,"그래도……모처럼만들었으니,<6E5C>남기지말고다먹어?","그래도……모처럼만들었으니,<6E5C>남기지말고다먹어?"
dom3Shino_S01.mes,Script/dom3Shino_S01.mes,12,14,주인공,えぇ~.そんなご無体な……,에엥~.그런무리한말을……,에엥~.그런무리한말을……
dom3Shino_S02.mes,Script/dom3Shino_S02.mes,0,24,주인공,う~ん、今日もねおじ山の空気は<6E5C>気持ちいいなー,"으음, 오늘도 네오지산 공기는<6E5C>기분 좋네~","으음, 오늘도 네오지산 공기는<6E5C>기분 좋네~"
dom3Shino_S02.mes,Script/dom3Shino_S02.mes,1,16,UNKNOWN_1e,あら、こんなところまでお散歩?,"어머,이런데까지산책이야?","어머,이런데까지산책이야?"
dom3Shino_S02.mes,Script/dom3Shino_S02.mes,2,21,주인공,あれ.詩乃さんこそ、<6E5C>店番もせずに何を?,"어라.시노씨야말로,<6E5C>가게도안보고뭐해?","어라.시노씨야말로,<6E5C>가게도안보고뭐해?"
dom3Shino_S02.mes,Script/dom3Shino_S02.mes,3,47,Shino,新鮮な山菜採りよ.この山では<6E5C>いろんな食材が採れるんだから<485C>お店はおじいちゃんにまかせてるの,신선한산나물캐는거야.이산에선<6E5C>이런저런식재료가나거든<485C>가게는할아버지한테맡겼어,신선한산나물캐는거야.이산에선<6E5C>이런저런식재료가나거든<485C>가게는할아버지한테맡겼어
dom3Shino_S02.mes,Script/dom3Shino_S02.mes,4,23,주인공,おじいさんとふたりでやってるの?<6E5C>むささび屋,할아버지랑 둘이서 하는 거야?<6E5C>무사사비야,할아버지랑 둘이서 하는 거야?<6E5C>무사사비야
dom3Shino_S02.mes,Script/dom3Shino_S02.mes,5,38,Shino,そうよ.あたいにはお父さんも<6E5C>お母さんも昔からいないもの.<6E5C>ふたりっきりよ,맞아.나한테는 아빠도<6E5C>엄마도 예전부터 없거든.<6E5C>둘뿐이야,맞아.나한테는 아빠도<6E5C>엄마도 예전부터 없거든.<6E5C>둘뿐이야
dom3Shino_S02.mes,Script/dom3Shino_S02.mes,6,10,주인공,そうか……大変だな,그렇군……힘들겠네,그렇군……힘들겠네
dom3Shino_S02.mes,Script/dom3Shino_S02.mes,7,53,Shino,何しんみりしてんの!<485C>この町には親ナシなんていっぱい<6E5C>いるんだから、いちいち悲しんで<6E5C>たらキリないわよ!,"왜 우울해져!<485C>이 마을엔 부모 없는 애들 잔뜩<6E5C>있으니까, 일일이 슬퍼하면<6E5C>끝이 없다고!","왜 우울해져!<485C>이 마을엔 부모 없는 애들 잔뜩<6E5C>있으니까, 일일이 슬퍼하면<6E5C>끝이 없다고!"
dom3Shino_S02.mes,Script/dom3Shino_S02.mes,8,8,주인공,そうだけど……,그렇지만……,그렇지만……
dom3Shino_S02.mes,Script/dom3Shino_S02.mes,9,38,Shino,あたいはおじいちゃんがいるから<6E5C>まだ良いわよ.<6E5C>お客さんにも愛されてるし!,나는 할아버지가 있으니까<6E5C>그나마 낫지.<6E5C>손님들한테도 사랑받고!,나는 할아버지가 있으니까<6E5C>그나마 낫지.<6E5C>손님들한테도 사랑받고!
dom3Shino_S02.mes,Script/dom3Shino_S02.mes,10,53,Shino,お母さんの料理は食べたことない<6E5C>けど、みんなに『おふくろの味』を<6E5C>味わってもらうのが、<485C>あたいの夢なんだ,"엄마 요리는 먹어본 적<6E5C>없지만, 다들한테 '엄마의 손맛'을<6E5C>맛보여 주는 게,<485C>내 꿈이거든","엄마 요리는 먹어본 적<6E5C>없지만, 다들한테 '엄마의 손맛'을<6E5C>맛보여 주는 게,<485C>내 꿈이거든"
dom3Shino_S02.mes,Script/dom3Shino_S02.mes,11,16,주인공,そうか……えらいなぁ、詩乃さん,"그렇구나……대단하네,시노씨","그렇구나……대단하네,시노씨"
dom3Shino_S02.mes,Script/dom3Shino_S02.mes,12,33,Shino,ふふっ、<이름:3232>さんも旅ばかりで、<6E5C>お里の母親が恋しくなっちゃった?,"후훗, <이름:3232> 씨도 여행만 다녀서,<6E5C>고향 엄마가 그리워졌어?","후훗, <이름:3232> 씨도 여행만 다녀서,<6E5C>고향 엄마가 그리워졌어?"
dom3Shino_S02.mes,Script/dom3Shino_S02.mes,13,15,주인공,な、何をバカなこと言って……,"무,무슨바보같은소릴……","무,무슨바보같은소릴……"
dom3Shino_S02.mes,Script/dom3Shino_S02.mes,14,47,Shino,さみしくなったら、いつでもむささ<6E5C>び屋に来なよ!あたいが代わりに<6E5C>お母さんになってあげるよ?,"외로워지면, 언제든 무사사<6E5C>비야로 와!내가 대신<6E5C>엄마가 되어줄게?","외로워지면, 언제든 무사사<6E5C>비야로 와!내가 대신<6E5C>엄마가 되어줄게?"
dom3Shino_S02.mes,Script/dom3Shino_S02.mes,15,23,주인공,……ハハ、ずいぶん勝気な<6E5C>母さんだね、そりゃ,"……하하, 꽤나 드센<6E5C>엄마네, 그거","……하하, 꽤나 드센<6E5C>엄마네, 그거"
dom3Shino_S03.mes,Script/dom3Shino_S03.mes,0,21,Shino,あれ、<이름:3232>さん、今日はもう<6E5C>店じまいだよ,"어라,<이름:3232>씨,오늘은벌써<6E5C>가게문닫았어","어라,<이름:3232>씨,오늘은벌써<6E5C>가게문닫았어"
dom3Shino_S03.mes,Script/dom3Shino_S03.mes,1,30,주인공,いやその、夕方は千夜さんて人が<6E5C>働いてると閉いたんだが……,"아니그게, 저녁엔치요씨란사람이<6E5C>일한다고들었는데……","아니그게, 저녁엔치요씨란사람이<6E5C>일한다고들었는데……"
dom3Shino_S03.mes,Script/dom3Shino_S03.mes,2,33,Shino,やだ、<이름:3232>さんてばけっこう<6E5C>遊び人?はいはい、お二階へ<6E5C>どうぞっ,"얘, <이름:3232> 씨 의외로<6E5C>바람둥이야?자자, 이층으로<6E5C>가시죠","얘, <이름:3232> 씨 의외로<6E5C>바람둥이야?자자, 이층으로<6E5C>가시죠"
dom3Shino_S03.mes,Script/dom3Shino_S03.mes,3,19,주인공,別にそういうわけじゃ……<6E5C>まいったな,딱히 그런 건 아닌데……<6E5C>곤란하네,딱히 그런 건 아닌데……<6E5C>곤란하네
dom3Shino_S03.mes,Script/dom3Shino_S03.mes,4,8,UNKNOWN_6d,アラ、旦那……,"어머,나리……","어머,나리……"
dom3Shino_S03.mes,Script/dom3Shino_S03.mes,5,12,주인공,やぁ.生きて会えた、ね,야.살아서 만났네,야.살아서 만났네
dom3Shino_S03.mes,Script/dom3Shino_S03.mes,6,9,UNKNOWN_6d,運の強い人だこと,운좋은분이네요,운좋은분이네요
dom3Shino_S03.mes,Script/dom3Shino_S03.mes,7,34,UNKNOWN_6d,では、祝いの舞は何を<6E5C>ご希望ですか?<6E5C>何なりとおっしゃっておくんな,"그럼, 축하춤은 무엇으로<6E5C>원하세요?<6E5C>뭐든 말씀해 주세요","그럼, 축하춤은 무엇으로<6E5C>원하세요?<6E5C>뭐든 말씀해 주세요"
dom3Shino_S03.mes,Script/dom3Shino_S03.mes,8,19,주인공,いやぁ、俺は芸のことは<6E5C>さっぱり……,"아니뭐,예능쪽은<6E5C>전혀몰라서……","아니뭐,예능쪽은<6E5C>전혀몰라서……"
dom3Shino_S03.mes,Script/dom3Shino_S03.mes,9,52,UNKNOWN_6d,まぁ、舞のひとつも知らずに<6E5C>来たんですか?<485C>ここは子どもの来るところじゃ<6E5C>ないんだ.冷やかしは御免だよ,"어머, 춤 하나도 모르면서<6E5C>오신 거예요?<485C>여긴 애들이 올 데가<6E5C>아니에요.놀리는 건 사양이에요","어머, 춤 하나도 모르면서<6E5C>오신 거예요?<485C>여긴 애들이 올 데가<6E5C>아니에요.놀리는 건 사양이에요"
dom3Shino_S03.mes,Script/dom3Shino_S03.mes,10,29,주인공,そ、そんなに怒らなくても.<6E5C>せっかく来たのに、トホホ……,"그, 그렇게 화 안 내도.<6E5C>모처럼 왔는데, 흑흑……","그, 그렇게 화 안 내도.<6E5C>모처럼 왔는데, 흑흑……"
dom3Shino_S03.mes,Script/dom3Shino_S03.mes,11,23,Shino,あ!<이름:3232>さん、この時間に<6E5C>来たってことは……,"아!<이름:3232> 씨, 이 시간에<6E5C>왔다는 건……","아!<이름:3232> 씨, 이 시간에<6E5C>왔다는 건……"
dom3Shino_S03.mes,Script/dom3Shino_S03.mes,12,6,주인공,いや、その,"아니,그게","아니,그게"
dom3Shino_S03.mes,Script/dom3Shino_S03.mes,13,20,Shino,はいはい!<6E5C>さっさとお二階に行ったら?,자자!<6E5C>얼른 이층으로 가지 그래?,자자!<6E5C>얼른 이층으로 가지 그래?
dom3Shino_S03.mes,Script/dom3Shino_S03.mes,14,14,UNKNOWN_6d,旦那、また来たんですかい?,"나리, 또 오셨어요?","나리, 또 오셨어요?"
dom3Shino_S03.mes,Script/dom3Shino_S03.mes,15,5,주인공,う、うん,"으, 응","으, 응"
dom3Shino_S03.mes,Script/dom3Shino_S03.mes,16,49,UNKNOWN_6d,来てくれるのはうれしいけど、あま<6E5C>り旦那みたいな人がこういう店には<6E5C>まっちまうのは歓迎しないねぇ,"와주는 건 기쁘지만, 너무<6E5C>나리 같은 분이 이런 가게에<6E5C>빠져버리는 건 반갑지 않네요","와주는 건 기쁘지만, 너무<6E5C>나리 같은 분이 이런 가게에<6E5C>빠져버리는 건 반갑지 않네요"
dom3Shino_S03.mes,Script/dom3Shino_S03.mes,17,13,주인공,それはどういう意味だい?,그건 무슨 뜻이야?,그건 무슨 뜻이야?
dom3Shino_S03.mes,Script/dom3Shino_S03.mes,18,17,UNKNOWN_6d,フフ、やっぱりまだまだ子どもだね,"후후, 역시 아직 애구나","후후, 역시 아직 애구나"
dom3Shino_S03.mes,Script/dom3Shino_S03.mes,19,8,주인공,なんだよそれ!,뭐야 그게!,뭐야 그게!
dom3Shino_S03.mes,Script/dom3Shino_S03.mes,20,22,UNKNOWN_1e,千夜さん……常連の左門さんが<6E5C>お呼びですよ,치요씨……단골사몬씨가<6E5C>부르고있어요,치요씨……단골사몬씨가<6E5C>부르고있어요
dom3Shino_S03.mes,Script/dom3Shino_S03.mes,21,35,UNKNOWN_6d,ああ、ありがとう色さん.<6E5C>代わりに、こちらの坊やの相手を<6E5C>しておくれ,"아아, 고마워 시키 씨.<6E5C>대신, 이 도련님 좀<6E5C>상대해 주렴","아아, 고마워 시키 씨.<6E5C>대신, 이 도련님 좀<6E5C>상대해 주렴"
dom3Shino_S03.mes,Script/dom3Shino_S03.mes,22,5,Shiki,はい……,네……,네……
dom3Shino_S03.mes,Script/dom3Shino_S03.mes,23,7,주인공,坊やって……,도련님이라니,도련님이라니
dom3Shino_S03.mes,Script/dom3Shino_S03.mes,24,29,UNKNOWN_6d,みておくれ、真っ赤になるとこなん<6E5C>か、かわいいじゃないか,"봐봐, 새빨개지는 거<6E5C>귀엽잖아","봐봐, 새빨개지는 거<6E5C>귀엽잖아"
dom3Shino_S03.mes,Script/dom3Shino_S03.mes,25,6,Shiki,……そうね,……그러네,……그러네
dom3Shino_S03.mes,Script/dom3Shino_S03.mes,26,16,주인공,くそぉ、ふたりしてからかって!,"젠장, 둘이서 놀리고!","젠장, 둘이서 놀리고!"
dom3Shino_S04.mes,Script/dom3Shino_S04.mes,0,29,UNKNOWN_1e,ちょっと!<6E5C>あたいの料理を粗末にするなんて<6E5C>許さないよ!,잠깐!<6E5C>내 요리를 함부로 대하다니<6E5C>용서 못 해!,잠깐!<6E5C>내 요리를 함부로 대하다니<6E5C>용서 못 해!
dom3Shino_S04.mes,Script/dom3Shino_S04.mes,1,38,주인공,おお、詩乃さんがお客さんに<6E5C>怒ってるぞ.まったく恐いもの<6E5C>知らずなんだから,"오, 시노 씨가 손님한테<6E5C>화내고 있어.정말 겁이<6E5C>없다니까","오, 시노 씨가 손님한테<6E5C>화내고 있어.정말 겁이<6E5C>없다니까"
dom3Shino_S04.mes,Script/dom3Shino_S04.mes,2,20,Shino,ちゃんと拾わないと、<6E5C>許さないからね!,"제대로안주우면,<6E5C>용서안할거야!","제대로안주우면,<6E5C>용서안할거야!"
dom3Shino_S04.mes,Script/dom3Shino_S04.mes,3,6,UNKNOWN_77,……小娘が,…계집애가,…계집애가
dom3Shino_S04.mes,Script/dom3Shino_S04.mes,4,21,주인공,(ゲゲ~!<6E5C>相手はあの牙神幻十郎だよ!),(헉~!<6E5C>상대는그겐주로라고!),(헉~!<6E5C>상대는그겐주로라고!)
dom3Shino_S04.mes,Script/dom3Shino_S04.mes,5,28,주인공,(いくらなんでも無鉄砲すぎる!<6E5C>斬り殺されちゃうぞ!),(아무리 그래도 너무 무모해!<6E5C>베여 죽는다고!),(아무리 그래도 너무 무모해!<6E5C>베여 죽는다고!)
dom3Shino_S04.mes,Script/dom3Shino_S04.mes,6,11,UNKNOWN_77,……阿呆ゥが.殺――,……멍청한 것.죽ー,……멍청한 것.죽ー
dom3Shino_S04.mes,Script/dom3Shino_S04.mes,7,30,Shino,待ちな!<6E5C>なんでも斬ったらいいってもんじゃ<6E5C>ないんだから!,기다려!<6E5C>뭐든지 베면 다인 게<6E5C>아니라고!,기다려!<6E5C>뭐든지 베면 다인 게<6E5C>아니라고!
dom3Shino_S04.mes,Script/dom3Shino_S04.mes,8,44,Shino,あなただってごはんを食べて<6E5C>生きてるでしょう?食べ物には<6E5C>感謝しないとバチがあたるよ!,당신도 밥을 먹고<6E5C>사는 거잖아?음식한테는<6E5C>감사하지 않으면 벌 받아!,당신도 밥을 먹고<6E5C>사는 거잖아?음식한테는<6E5C>감사하지 않으면 벌 받아!
dom3Shino_S04.mes,Script/dom3Shino_S04.mes,9,25,주인공,(すげ~.<6E5C>斬られる前に言い返してるよ……!<6E5C>),(대단해~.<6E5C>베이기전에말대꾸하고있어……!<6E5C>),(대단해~.<6E5C>베이기전에말대꾸하고있어……!<6E5C>)
dom3Shino_S04.mes,Script/dom3Shino_S04.mes,10,10,UNKNOWN_77,フン……くだらんな,흥……시시하군,흥……시시하군
dom3Shino_S04.mes,Script/dom3Shino_S04.mes,11,3,[효과음/내레이션],スッ,슥,슥
dom3Shino_S04.mes,Script/dom3Shino_S04.mes,12,13,주인공,(あの幻十郎が退いた!),(그겐주로가물러났어!),(그겐주로가물러났어!)
dom3Shino_S04.mes,Script/dom3Shino_S04.mes,13,13,주인공,し、詩乃さん、大丈夫!?,"시,시노씨,괜찮아!?","시,시노씨,괜찮아!?"
dom3Shino_S04.mes,Script/dom3Shino_S04.mes,14,12,Shino,あら、見てたの<이름:3232>さん,"어머,보고있었어<이름:3232>씨","어머,보고있었어<이름:3232>씨"
dom3Shino_S04.mes,Script/dom3Shino_S04.mes,15,22,주인공,あんな人にくってかかるなんて、<6E5C>危ないよ!,"그런 사람한테 대들다니,<6E5C>위험하잖아!","그런 사람한테 대들다니,<6E5C>위험하잖아!"
dom3Shino_S04.mes,Script/dom3Shino_S04.mes,16,34,Shino,平気よぉ.このお店ではあたいが<6E5C>一番エライんだから!<6E5C>はっはっは!,괜찮아~.이 가게에선 내가<6E5C>제일 대장이니까!<6E5C>하하하!,괜찮아~.이 가게에선 내가<6E5C>제일 대장이니까!<6E5C>하하하!
dom3Shino_S04.mes,Script/dom3Shino_S04.mes,17,8,주인공,……大物だなぁ,……배짱 좋네,……배짱 좋네
dom3Shino_S05.mes,Script/dom3Shino_S05.mes,0,8,Shino,あら、お散歩?,"어머,산책?","어머,산책?"
dom3Shino_S05.mes,Script/dom3Shino_S05.mes,1,19,주인공,そういう詩乃さんは重そうな<6E5C>荷物だね,그러는시노씨는무거워<6E5C>보이는짐이네,그러는시노씨는무거워<6E5C>보이는짐이네
dom3Shino_S05.mes,Script/dom3Shino_S05.mes,2,24,Shino,買い出しよ.<6E5C>まぁ、持ってくれるの?助かるわ!,"장 보러 가.<6E5C>어머, 들어줄 거야?살았다!","장 보러 가.<6E5C>어머, 들어줄 거야?살았다!"
dom3Shino_S05.mes,Script/dom3Shino_S05.mes,3,23,주인공,いや、そんなことひと言も……<6E5C>わかりましたよ,"아니, 그런 말 한마디도……<6E5C>알겠어요","아니, 그런 말 한마디도……<6E5C>알겠어요"
dom3Shino_S05.mes,Script/dom3Shino_S05.mes,4,43,Shino,<이름:3232>さんがこの町に来て、<6E5C>かれこれ十日ね.もう離れられなく<6E5C>なっちゃったんじゃない?,"<이름:3232>씨가이마을에온지,<6E5C>어느덧열흘이네.이제못떠나게<6E5C>된거아니야?","<이름:3232>씨가이마을에온지,<6E5C>어느덧열흘이네.이제못떠나게<6E5C>된거아니야?"
dom3Shino_S05.mes,Script/dom3Shino_S05.mes,5,10,주인공,うーん、どうかなぁ,"음, 글쎄 어떨까","음, 글쎄 어떨까"
dom3Shino_S05.mes,Script/dom3Shino_S05.mes,6,37,Shino,旅なんかやめて、ずっとこの町に<6E5C>いたらいいのに…….<6E5C>あたいのそばに……,"여행따위그만두고,계속이<6E5C>마을에있으면좋을텐데…….<6E5C>내곁에……","여행따위그만두고,계속이<6E5C>마을에있으면좋을텐데…….<6E5C>내곁에……"
dom3Shino_S05.mes,Script/dom3Shino_S05.mes,7,3,주인공,え?,뭐?,뭐?
dom3Shino_S05.mes,Script/dom3Shino_S05.mes,8,28,Shino,そしたら、お店番として永遠に<6E5C>コキ使ってあげるのにね!,"그럼, 가게 점원으로 영원히<6E5C>부려먹어 줄 텐데!","그럼, 가게 점원으로 영원히<6E5C>부려먹어 줄 텐데!"
dom3Shino_S05.mes,Script/dom3Shino_S05.mes,9,14,주인공,冗談じゃないよ.トホホ……,농담이 아니야.흑흑……,농담이 아니야.흑흑……
dom3Shino_S06.mes,Script/dom3Shino_S06.mes,0,27,Shino,あれ、もう店じまいなのに、<6E5C>千夜さんに会いに来たの?,"어라, 벌써닫았는데,<6E5C>치요씨만나러왔어?","어라, 벌써닫았는데,<6E5C>치요씨만나러왔어?"
dom3Shino_S06.mes,Script/dom3Shino_S06.mes,1,6,주인공,いや、その,"아니,그게","아니,그게"
dom3Shino_S06.mes,Script/dom3Shino_S06.mes,2,34,Shino,どーぞ、お二階に!<6E5C>でも、<이름:3232>さんじゃ相手に<6E5C>ならないんじゃない?,"어서, 이층으로!<6E5C>근데, <이름:3232> 씨로는<6E5C>상대가 안 되지 않아?","어서, 이층으로!<6E5C>근데, <이름:3232> 씨로는<6E5C>상대가 안 되지 않아?"
dom3Shino_S06.mes,Script/dom3Shino_S06.mes,3,11,주인공,どういう意味だよ……,그게무슨뜻이야……,그게무슨뜻이야……
dom3Shino_S06.mes,Script/dom3Shino_S06.mes,4,10,주인공,うわ、すごい人だな,"우와,사람많네","우와,사람많네"
dom3Shino_S06.mes,Script/dom3Shino_S06.mes,5,24,UNKNOWN_69,おい千夜さん、<6E5C>早くこっちに来て舞っておくれよ,"이봐치요씨,<6E5C>얼른와서춤춰줘","이봐치요씨,<6E5C>얼른와서춤춰줘"
dom3Shino_S06.mes,Script/dom3Shino_S06.mes,6,12,UNKNOWN_6a,まてまて、俺の方が先だ,"잠깐,내가먼저야","잠깐,내가먼저야"
dom3Shino_S06.mes,Script/dom3Shino_S06.mes,7,24,UNKNOWN_6d,せわしねぇのぉ.<6E5C>男なら黙って待ったらどうだい,성질급하셔라.<6E5C>사내라면조용히기다려,성질급하셔라.<6E5C>사내라면조용히기다려
dom3Shino_S06.mes,Script/dom3Shino_S06.mes,8,43,주인공,(千夜さんって、すごい人気なん<6E5C>だな.やはり、俺なんかが近づける<6E5C>人じゃないのかな),"(치요씨는,진짜인기가<6E5C>많구나.역시,나같은게<6E5C>다가갈수있는사람이아닌가)","(치요씨는,진짜인기가<6E5C>많구나.역시,나같은게<6E5C>다가갈수있는사람이아닌가)"
dom3Shino_S06.mes,Script/dom3Shino_S06.mes,9,21,UNKNOWN_1e,……ずっと目で追ってるのね、<6E5C>千夜さんを,"……계속눈으로좇고있네,<6E5C>치요씨를","……계속눈으로좇고있네,<6E5C>치요씨를"
dom3Shino_S06.mes,Script/dom3Shino_S06.mes,10,6,주인공,色さん……,시키씨……,시키씨……
dom3Shino_S06.mes,Script/dom3Shino_S06.mes,11,33,주인공,違いますよ!<6E5C>千夜さんは俺のことなんて<6E5C>ぜんぜん見てくれないのに,아니에요!<6E5C>치요 씨는 저 같은 건<6E5C>전혀 봐주지도 않는데,아니에요!<6E5C>치요 씨는 저 같은 건<6E5C>전혀 봐주지도 않는데
dom3Shino_S06.mes,Script/dom3Shino_S06.mes,12,25,Shiki,そう……あなたには被女の目が<6E5C>見えないのね……?,그래……넌그녀의눈이<6E5C>안보이는구나……?,그래……넌그녀의눈이<6E5C>안보이는구나……?
dom3Shino_S06.mes,Script/dom3Shino_S06.mes,13,5,주인공,……目?,……눈?,……눈?
dom3Shino_S07.mes,Script/dom3Shino_S07.mes,0,19,주인공,むささび屋は今日も<6E5C>にぎわってるなぁ,무사사비야는 오늘도<6E5C>북적이네,무사사비야는 오늘도<6E5C>북적이네
dom3Shino_S07.mes,Script/dom3Shino_S07.mes,1,28,주인공,……ん?<6E5C>詩乃さん、何やら怪しい人<6E5C>と話してるぞ……?,"……응?<6E5C>시노씨,수상한사람과<6E5C>얘기중인데……?","……응?<6E5C>시노씨,수상한사람과<6E5C>얘기중인데……?"
dom3Shino_S07.mes,Script/dom3Shino_S07.mes,2,14,UNKNOWN_7d,むぅ、そのような無茶を……,"으음, 그런무리한짓을……","으음, 그런무리한짓을……"
dom3Shino_S07.mes,Script/dom3Shino_S07.mes,3,17,Shino,大丈夫よ.あたいを誰だとお思い?,괜찮아.날 누구라고 생각해?,괜찮아.날 누구라고 생각해?
dom3Shino_S07.mes,Script/dom3Shino_S07.mes,4,14,UNKNOWN_7d,では、拙者はこれにて御免っ,"그럼, 소인은이만가겠소","그럼, 소인은이만가겠소"
dom3Shino_S07.mes,Script/dom3Shino_S07.mes,5,5,[효과음/내레이션],ドロンッ,펑,펑
dom3Shino_S07.mes,Script/dom3Shino_S07.mes,6,16,주인공,うわ!煙とともに消えた……!?,우와!연기와함께사라졌어…!?,우와!연기와함께사라졌어…!?
dom3Shino_S07.mes,Script/dom3Shino_S07.mes,7,26,Shino,あら、そんなとこにつっ立って<6E5C>どうしたの?<이름:3232>さん,"어머,그런데서있어?<6E5C>왜그래?<이름:3232>씨","어머,그런데서있어?<6E5C>왜그래?<이름:3232>씨"
dom3Shino_S07.mes,Script/dom3Shino_S07.mes,8,16,주인공,詩乃さん、今のお客はいったい?,"시노씨, 그손님은대체?","시노씨, 그손님은대체?"
dom3Shino_S07.mes,Script/dom3Shino_S07.mes,9,33,Shino,何のこと?<6E5C><이름:3232>さんったら、暑さで変な<6E5C>ものでも見たんじゃない?,"무슨소리야?<6E5C><이름:3232>씨도참,더위먹고<6E5C>이상한걸본거아니야?","무슨소리야?<6E5C><이름:3232>씨도참,더위먹고<6E5C>이상한걸본거아니야?"
dom3Shino_S07.mes,Script/dom3Shino_S07.mes,10,10,주인공,え……見間違いか?,어……헛것을봤나?,어……헛것을봤나?
dom3Shino_S07.mes,Script/dom3Shino_S07.mes,11,12,Shino,は~い、おソバお待ちっ,"네~, 소바나왔어","네~, 소바나왔어"
dom3Shino_S07.mes,Script/dom3Shino_S07.mes,12,15,주인공,詩乃さん、今日も忙しそうだね,"시노씨, 오늘도바빠보이네","시노씨, 오늘도바빠보이네"
dom3Shino_S07.mes,Script/dom3Shino_S07.mes,13,28,Shino,こんなにお客さんに愛されたら、<6E5C>休むヒマなんてないね!,"이렇게 손님들한테 사랑받으니,<6E5C>쉴 틈이 없다니까!","이렇게 손님들한테 사랑받으니,<6E5C>쉴 틈이 없다니까!"
dom3Shino_S07.mes,Script/dom3Shino_S07.mes,14,33,주인공,しかし、詩乃さんも年頃なんだ.<6E5C>たまにはキレイな服を着たいだろう,"근데,시노씨도한창때야.<6E5C>가끔예쁜옷도입고싶겠지","근데,시노씨도한창때야.<6E5C>가끔예쁜옷도입고싶겠지"
dom3Shino_S07.mes,Script/dom3Shino_S07.mes,15,29,Shino,そんなことないわ.<6E5C>あたいはどんな姿でも美しいからね<6E5C>!,그런 거 아니야.<6E5C>난 어떤 모습이든 아름다우니까<6E5C>!,그런 거 아니야.<6E5C>난 어떤 모습이든 아름다우니까<6E5C>!
dom3Shino_S07.mes,Script/dom3Shino_S07.mes,16,29,주인공,……晴れ着を買うお金がない<6E5C>からって、強がらなくていいよ,……옷살돈이없다고<6E5C>강해빠지지않아도돼,……옷살돈이없다고<6E5C>강해빠지지않아도돼
dom3Shino_S07.mes,Script/dom3Shino_S07.mes,17,42,Shino,失礼しちゃうわ!着飾らないと<6E5C>いけない女なんて、しょせん<6E5C>たいした女じゃないのよ!,"실례잖아!치장 안 하면<6E5C>안 되는 여자 따위, 어차피<6E5C>별거 아닌 여자라고!","실례잖아!치장 안 하면<6E5C>안 되는 여자 따위, 어차피<6E5C>별거 아닌 여자라고!"
dom3Shino_S07.mes,Script/dom3Shino_S07.mes,18,29,Shino,<이름:3232>さんは、汗を浮かべて働く<6E5C>あたいに色気を感じないの?,<이름:3232>씨는땀흘리며일하는<6E5C>나한테색기안느껴져?,<이름:3232>씨는땀흘리며일하는<6E5C>나한테색기안느껴져?
dom3Shino_S07.mes,Script/dom3Shino_S07.mes,19,15,주인공,え~?考えたこともなかったよ,어~?생각해 본 적도 없어,어~?생각해 본 적도 없어
dom3Shino_S07.mes,Script/dom3Shino_S07.mes,20,40,Shino,……はぁ、まだまだ子どもね.<6E5C>女のなんたるかを、ちっとも<6E5C>わかってないんだから,"……하아, 아직 애구나.<6E5C>여자가 뭔지, 전혀<6E5C>모르고 있으니","……하아, 아직 애구나.<6E5C>여자가 뭔지, 전혀<6E5C>모르고 있으니"
dom3Shino_S07.mes,Script/dom3Shino_S07.mes,21,30,주인공,……どうでもいいけど、さっきから<6E5C>完全に手が止まってるぞ?,"……아무래도좋은데,아까부터<6E5C>완전히손멈춰있잖아?","……아무래도좋은데,아까부터<6E5C>완전히손멈춰있잖아?"
dom3Shino_S08.mes,Script/dom3Shino_S08.mes,0,12,Shino,<이름:3232>さん、もう閉店だよ,"<이름:3232>씨,이제문닫아","<이름:3232>씨,이제문닫아"
dom3Shino_S08.mes,Script/dom3Shino_S08.mes,1,30,주인공,詩乃さんは、いつもむささび屋を<6E5C>閉めたあとはどうしてるの?,"시노 씨는, 항상 무사사비야<6E5C>문 닫은 다음엔 뭐 해?","시노 씨는, 항상 무사사비야<6E5C>문 닫은 다음엔 뭐 해?"
dom3Shino_S08.mes,Script/dom3Shino_S08.mes,2,21,Shino,突然だね.<6E5C>家に帰るに決まってるじゃない,갑작스럽네.<6E5C>집에 가는 게 당연하잖아,갑작스럽네.<6E5C>집에 가는 게 당연하잖아
dom3Shino_S08.mes,Script/dom3Shino_S08.mes,3,33,주인공,でも二階では蜜蜂屋を<6E5C>やってるんだろ?<6E5C>どうして働かないんだい?,근데 이층에선 미츠바치야를<6E5C>하잖아?<6E5C>왜 일 안 해?,근데 이층에선 미츠바치야를<6E5C>하잖아?<6E5C>왜 일 안 해?
dom3Shino_S08.mes,Script/dom3Shino_S08.mes,4,30,Shino,そ、それは……茶屋でくたくた<6E5C>だからに決まってるじゃないっ,"그, 그건……찻집에서 녹초가<6E5C>됐으니까 당연하잖아!","그, 그건……찻집에서 녹초가<6E5C>됐으니까 당연하잖아!"
dom3Shino_S08.mes,Script/dom3Shino_S08.mes,5,8,주인공,……わかったぞ,……알겠다,……알겠다
dom3Shino_S08.mes,Script/dom3Shino_S08.mes,6,3,Shino,えっ,엣,엣
dom3Shino_S08.mes,Script/dom3Shino_S08.mes,7,14,주인공,舞も三味線もヘタなんだろう,춤도샤미센도서투르지,춤도샤미센도서투르지
dom3Shino_S08.mes,Script/dom3Shino_S08.mes,8,7,Shino,<이름:3232>さーん!,<이름:3232> 씨~!,<이름:3232> 씨~!
dom3Shino_S08.mes,Script/dom3Shino_S08.mes,9,30,주인공,千夜さんに習ったらいいのに.<6E5C>ふたりは親戚同士なんだろう?,치요 씨한테 배우면 좋을 텐데.<6E5C>둘은 친척 사이잖아?,치요 씨한테 배우면 좋을 텐데.<6E5C>둘은 친척 사이잖아?
dom3Shino_S08.mes,Script/dom3Shino_S08.mes,10,12,Shino,な、なんでそう思うの?,"왜,왜그렇게생각해?","왜,왜그렇게생각해?"
dom3Shino_S08.mes,Script/dom3Shino_S08.mes,11,36,주인공,厨房のおじいさんは詩乃さんの<6E5C>おじいさんだろ.<6E5C>千夜さんは違うのかい?,주방의 할아버지는 시노 씨<6E5C>할아버지잖아.<6E5C>치요 씨는 아닌 거야?,주방의 할아버지는 시노 씨<6E5C>할아버지잖아.<6E5C>치요 씨는 아닌 거야?
dom3Shino_S08.mes,Script/dom3Shino_S08.mes,12,39,UNKNOWN_1e,……ちょいと、下で何を騒がしく<6E5C>してるんだい.<6E5C>うるさくて踊れないじゃないか,"……잠깐,아래서뭘그리시끄럽게<6E5C>구는거야.<6E5C>시끄러워춤못추잖아","……잠깐,아래서뭘그리시끄럽게<6E5C>구는거야.<6E5C>시끄러워춤못추잖아"
dom3Shino_S08.mes,Script/dom3Shino_S08.mes,13,13,주인공,あ、千夜さん?すいません,"아, 치요 씨?죄송해요","아, 치요 씨?죄송해요"
dom3Shino_S08.mes,Script/dom3Shino_S08.mes,14,33,Shino,ほら、さっさと二階に行ったら?<6E5C>あたいは片付けで忙しいんだからっ,"봐봐, 얼른 이층으로 가지?<6E5C>난 정리하느라 바쁘니까!","봐봐, 얼른 이층으로 가지?<6E5C>난 정리하느라 바쁘니까!"
dom3Shino_S08.mes,Script/dom3Shino_S08.mes,15,4,[효과음/내레이션],タタッ,타닥,타닥
dom3Shino_S08.mes,Script/dom3Shino_S08.mes,16,24,주인공,うーん、まぁいいか.<6E5C>早く千夜さんの顔を見よう,"음,됐나.<6E5C>얼른치요씨얼굴보러가자","음,됐나.<6E5C>얼른치요씨얼굴보러가자"
dom3Shino_S08.mes,Script/dom3Shino_S08.mes,17,5,주인공,千夜さん,치요 씨,치요 씨
dom3Shino_S08.mes,Script/dom3Shino_S08.mes,18,11,UNKNOWN_6d,アラ旦那、いつのまに,"어머 나리, 어느새","어머 나리, 어느새"
dom3Shino_S08.mes,Script/dom3Shino_S08.mes,19,16,주인공,千夜さんは昼間は何をしてるの?,치요씨는낮에뭐해?,치요씨는낮에뭐해?
dom3Shino_S08.mes,Script/dom3Shino_S08.mes,20,8,UNKNOWN_6d,いきなり何だい,갑자기 뭐야,갑자기 뭐야
dom3Shino_S08.mes,Script/dom3Shino_S08.mes,21,50,주인공,夕方になれば、このむささび屋の<6E5C>二階で千夜さんと会えるけど、<485C>昼間に会うにはどこに<6E5C>行けばいいの?,"저녁엔이무사사비야<6E5C>이층에서치요씨를만나는데,<485C>낮엔어디로<6E5C>가면돼?","저녁엔이무사사비야<6E5C>이층에서치요씨를만나는데,<485C>낮엔어디로<6E5C>가면돼?"
dom3Shino_S08.mes,Script/dom3Shino_S08.mes,22,13,UNKNOWN_6d,……野募なことを閉くねぇ,……촌스러운 걸 묻네,……촌스러운 걸 묻네
dom3Shino_S08.mes,Script/dom3Shino_S08.mes,23,26,주인공,なんだよ、俺は千夜さんに<6E5C>会いたいから閉いてるのに,"뭐야, 난 치요 씨를<6E5C>만나고 싶어서 묻는 건데","뭐야, 난 치요 씨를<6E5C>만나고 싶어서 묻는 건데"
dom3Shino_S08.mes,Script/dom3Shino_S08.mes,24,49,UNKNOWN_6d,あちきの昼の顔なんか見ようと<6E5C>しちゃいけないよ<485C>ここでつかの間、<6E5C>たわむれるだけで十分じゃないか,"제 낮의 얼굴 같은 건 보려고<6E5C>하면 안 돼요<485C>여기서 잠깐,<6E5C>노니는 것만으로 충분하잖아요","제 낮의 얼굴 같은 건 보려고<6E5C>하면 안 돼요<485C>여기서 잠깐,<6E5C>노니는 것만으로 충분하잖아요"
dom3Shino_S08.mes,Script/dom3Shino_S08.mes,25,5,주인공,でも……,근데……,근데……
dom3Shino_S08.mes,Script/dom3Shino_S08.mes,26,26,UNKNOWN_6d,ダメだよ.あちきは夜しか<6E5C>飛べない鳥なんだから……,안 돼요.전 밤에만<6E5C>날 수 있는 새니까……,안 돼요.전 밤에만<6E5C>날 수 있는 새니까……
dom3Shino_S08.mes,Script/dom3Shino_S08.mes,27,8,주인공,千夜さん……?,치요 씨……?,치요 씨……?
dom3Shino_X01.mes,Script/dom3Shino_X01.mes,0,14,주인공,う~ん、今日もよい天気だな,"으음, 날씨 좋네","으음, 날씨 좋네"
dom3Shino_X01.mes,Script/dom3Shino_X01.mes,1,30,Iroha,おはようございます、旦那様.<6E5C>朝ごはんの用意ができてますよ,"좋은 아침이에요, 서방님.<6E5C>아침 식사 준비됐어요","좋은 아침이에요, 서방님.<6E5C>아침 식사 준비됐어요"
dom3Shino_X01.mes,Script/dom3Shino_X01.mes,2,13,주인공,ああ、ありがとう、いろは,"그래, 고마워, 이로하","그래, 고마워, 이로하"
dom3Shino_X01.mes,Script/dom3Shino_X01.mes,3,6,[효과음/내레이션],……じーっ,……빤히,……빤히
dom3Shino_X01.mes,Script/dom3Shino_X01.mes,4,21,Iroha,ど、どうされたんですか?<6E5C>私の顔に何か?,"왜, 왜 그러세요?<6E5C>제 얼굴에 뭐가?","왜, 왜 그러세요?<6E5C>제 얼굴에 뭐가?"
dom3Shino_X01.mes,Script/dom3Shino_X01.mes,5,26,주인공,いや……いろはにもふたつの顔が<6E5C>あるのかなと思って,아니……이로하도 두 얼굴이<6E5C>있나 싶어서,아니……이로하도 두 얼굴이<6E5C>있나 싶어서
dom3Shino_X01.mes,Script/dom3Shino_X01.mes,6,6,Iroha,は、はい?,"네, 네?","네, 네?"
dom3Shino_X01.mes,Script/dom3Shino_X01.mes,7,32,주인공,女は化けるって本当だよなぁ.<6E5C>最近、ちょっと驚くことがあってね,여자는 변신한다지.<6E5C>요즘 좀 놀랄 일이 있었거든,여자는 변신한다지.<6E5C>요즘 좀 놀랄 일이 있었거든
dom3Shino_X01.mes,Script/dom3Shino_X01.mes,8,46,주인공,いろはにも、俺に隠してるもう<6E5C>ひとつの姿があるんじゃないかと<6E5C>……ははは、そんなわけないか,"이로하도 나한테 숨기는<6E5C>또 다른 모습이 있는 건 아닐까<6E5C>……하하하, 그럴 리 없나","이로하도 나한테 숨기는<6E5C>또 다른 모습이 있는 건 아닐까<6E5C>……하하하, 그럴 리 없나"
dom3Shino_X01.mes,Script/dom3Shino_X01.mes,9,3,Iroha,……,……,……
dom3Shino_X01.mes,Script/dom3Shino_X01.mes,10,3,[효과음/내레이션],……,……,……
dom3Shino_X01.mes,Script/dom3Shino_X01.mes,11,3,주인공,!?,!?,!?
dom3Shino_X01.mes,Script/dom3Shino_X01.mes,12,40,Iroha,うふふ!そんなことあるわけ<6E5C>ないじゃないですか、旦那様.<6E5C>ご冗談が過ぎますわ!,"우후후!그럴 리가<6E5C>없잖아요, 서방님.<6E5C>농담이 너무 심하세요!","우후후!그럴 리가<6E5C>없잖아요, 서방님.<6E5C>농담이 너무 심하세요!"
dom3Shino_X01.mes,Script/dom3Shino_X01.mes,13,13,주인공,は、はは、そうだよなぁ!,"하, 하하, 그렇지!","하, 하하, 그렇지!"
dom3Shino_X01.mes,Script/dom3Shino_X01.mes,14,21,주인공,(いまの間はいったい……女って<6E5C>怖いな),"(방금 그 침묵, 여자는<6E5C>무섭구나)","(방금 그 침묵, 여자는<6E5C>무섭구나)"
dom3Shino_X01.mes,Script/dom3Shino_X01.mes,15,27,주인공,(詩乃さん…….この時間は、<6E5C>あっちの姿だよな……),(시노 씨…….이 시간엔<6E5C>그쪽 모습이겠지……),(시노 씨…….이 시간엔<6E5C>그쪽 모습이겠지……)
dom3Shino_X01.mes,Script/dom3Shino_X01.mes,16,16,Shino,はいはい!おソバ三人前お待ち!,네네!소바 세 그릇 나왔어!,네네!소바 세 그릇 나왔어!
dom3Shino_X01.mes,Script/dom3Shino_X01.mes,17,10,주인공,(うわ、忙しそう),(우와 바빠),(우와 바빠)
dom3Shino_X01.mes,Script/dom3Shino_X01.mes,18,19,Shino,なんだ、<이름:3232>さんも来たの?<6E5C>注文は?,"뭐야, <이름:3232>씨도 왔어?<6E5C>주문은?","뭐야, <이름:3232>씨도 왔어?<6E5C>주문은?"
dom3Shino_X01.mes,Script/dom3Shino_X01.mes,19,15,주인공,いや、俺は詩乃さんと話を……,"아니, 난 시노 씨랑……","아니, 난 시노 씨랑……"
dom3Shino_X01.mes,Script/dom3Shino_X01.mes,20,35,Shino,こんなお昼時に話なんか<6E5C>してらんないよ!<6E5C>食べないんなら帰っとくれ!,이렇게 바쁜 점심때 얘기<6E5C>할 틈 없어!<6E5C>안 먹을 거면 돌아가!,이렇게 바쁜 점심때 얘기<6E5C>할 틈 없어!<6E5C>안 먹을 거면 돌아가!
dom3Shino_X01.mes,Script/dom3Shino_X01.mes,21,25,주인공,(昨日の態度とえらい違い.<6E5C>やっぱり女って……),(어제 태도랑 다르네.<6E5C>역시 여자란……),(어제 태도랑 다르네.<6E5C>역시 여자란……)
dom3Shino_X01.mes,Script/dom3Shino_X01.mes,22,35,Shino,注文は決まったの?<6E5C>忙しいんだから、手間のかからない<6E5C>料理にしてよ!,주문은 정했어?<6E5C>바쁘니까 손 안 가는<6E5C>걸로 시켜!,주문은 정했어?<6E5C>바쁘니까 손 안 가는<6E5C>걸로 시켜!
dom3Shino_X01.mes,Script/dom3Shino_X01.mes,23,11,주인공,(なんて言い草……),(무슨 말투가……),(무슨 말투가……)
dom3Shino_X01.mes,Script/dom3Shino_X01.mes,24,7,주인공,え、え~っと,"어, 어~음","어, 어~음"
dom3Shino_X01.mes,Script/dom3Shino_X01.mes,25,9,[선택지],豪華絢爛うどんお茶,화려한 우동\차,화려한 우동\차
dom3Shino_X01.mes,Script/dom3Shino_X01.mes,26,20,주인공,豪華絢爛うどんをひとつ、<6E5C>お願いするよ,화려한 우동 하나<6E5C>부탁할게,화려한 우동 하나<6E5C>부탁할게
dom3Shino_X01.mes,Script/dom3Shino_X01.mes,27,16,Shino,えぇー!一番時間のかかる料理!,에엑!제일 오래 걸리는데!,에엑!제일 오래 걸리는데!
dom3Shino_X01.mes,Script/dom3Shino_X01.mes,28,48,주인공,どんなに時間がかかってもかまわ<6E5C>ないよ.詩乃さんの愛情こもった<6E5C>手料理が食べたくて来たんだから,아무리 오래 걸려도 상관<6E5C>없어.시노 씨 정성 담긴<6E5C>손맛이 먹고 싶어서 왔으니까,아무리 오래 걸려도 상관<6E5C>없어.시노 씨 정성 담긴<6E5C>손맛이 먹고 싶어서 왔으니까
dom3Shino_X01.mes,Script/dom3Shino_X01.mes,29,7,Shino,<이름:3232>さん……,<이름:3232>씨……,<이름:3232>씨……
dom3Shino_X01.mes,Script/dom3Shino_X01.mes,30,7,주인공,詩乃さん……,시노 씨……,시노 씨……
dom3Shino_X01.mes,Script/dom3Shino_X01.mes,31,39,Shino,だったら<이름:3232>さんのは一番最後だ!<6E5C>手が空いてから、<6E5C>たーっぷり作ったげるよ!,그럼 <이름:3232>씨 건 제일 마지막이야!<6E5C>손 비면<6E5C>듬뿍 만들어줄게!,그럼 <이름:3232>씨 건 제일 마지막이야!<6E5C>손 비면<6E5C>듬뿍 만들어줄게!
dom3Shino_X01.mes,Script/dom3Shino_X01.mes,32,4,주인공,えぇ~,에~,에~
dom3Shino_X01.mes,Script/dom3Shino_X01.mes,33,14,주인공,じゃ、じゃあお茶を一杯……,"그, 차 한 잔만……","그, 차 한 잔만……"
dom3Shino_X01.mes,Script/dom3Shino_X01.mes,34,9,Shino,えぇ!?お茶ぁ?,에엑!?차아?,에엑!?차아?
dom3Shino_X01.mes,Script/dom3Shino_X01.mes,35,30,주인공,詩乃さんが入れてくれるお茶だけで<6E5C>、俺は胸いっぱいだよ……,시노 씨가 타준 차만으로도<6E5C>가슴이 벅차오르는걸……,시노 씨가 타준 차만으로도<6E5C>가슴이 벅차오르는걸……
dom3Shino_X01.mes,Script/dom3Shino_X01.mes,36,7,Shino,<이름:3232>さん……,<이름:3232>씨……,<이름:3232>씨……
dom3Shino_X01.mes,Script/dom3Shino_X01.mes,37,7,주인공,詩乃さん……,시노 씨……,시노 씨……
dom3Shino_X01.mes,Script/dom3Shino_X01.mes,38,49,Shino,お茶だけ頼むなんて<6E5C>どーゆーつもりよ!嫌がらせ?<485C>あたいの料理が食べたくないなら<6E5C>帰りなさいよ!,차만 시키다니<6E5C>무슨 심보야!괴롭히는 거야?<485C>내 요리 먹기 싫으면<6E5C>돌아가라고!,차만 시키다니<6E5C>무슨 심보야!괴롭히는 거야?<485C>내 요리 먹기 싫으면<6E5C>돌아가라고!
dom3Shino_X01.mes,Script/dom3Shino_X01.mes,39,11,주인공,あ……やっぱりそうか,아……역시 그런가,아……역시 그런가
dom3Shino_X01.mes,Script/dom3Shino_X01.mes,40,16,주인공,よかったの?お店抜け出して……,괜찮아?가게 빠져나와도……,괜찮아?가게 빠져나와도……
dom3Shino_X01.mes,Script/dom3Shino_X01.mes,41,66,Shino,うん.お昼時は過ぎたし、<6E5C>おじいちゃんに任せて<6E5C>きたから大丈夫!<485C>せっかく<이름:3232>さんが<6E5C>来てくれたんだから、<6E5C>ちょっとだけなら、ね!,"응.점심때도 지났고,<6E5C>할아버지한테 맡기고<6E5C>왔으니까 괜찮아!<485C>모처럼 <이름:3232>씨가<6E5C>와줬으니까,<6E5C>잠깐이면 괜찮잖아!","응.점심때도 지났고,<6E5C>할아버지한테 맡기고<6E5C>왔으니까 괜찮아!<485C>모처럼 <이름:3232>씨가<6E5C>와줬으니까,<6E5C>잠깐이면 괜찮잖아!"
dom3Shino_X01.mes,Script/dom3Shino_X01.mes,42,6,주인공,ありがとう,고마워,고마워
dom3Shino_X01.mes,Script/dom3Shino_X01.mes,43,24,Shino,ううん、あたいこそ.<6E5C>来てくれてありがとう……,"아니, 나야말로.<6E5C>와줘서 고마워……","아니, 나야말로.<6E5C>와줘서 고마워……"
dom3Shino_X01.mes,Script/dom3Shino_X01.mes,44,31,주인공,(……なんだ.詩乃さん、俺が<6E5C>来たのちゃんと喜んでたんだな),"(……뭐야.시노 씨, 내가<6E5C>온 걸 진짜 기뻐했구나)","(……뭐야.시노 씨, 내가<6E5C>온 걸 진짜 기뻐했구나)"
dom3Shino_X01.mes,Script/dom3Shino_X01.mes,45,21,Shino,おうどん、<6E5C>三杯も食べてくれるなんて……,우동을<6E5C>세 그릇이나 먹어주다니……,우동을<6E5C>세 그릇이나 먹어주다니……
dom3Shino_X01.mes,Script/dom3Shino_X01.mes,46,23,주인공,(……無理やり食べさせたくせに…<6E5C>…ウップ),(……억지로 먹인 주제에……<6E5C>우웁),(……억지로 먹인 주제에……<6E5C>우웁)
dom3Shino_X01.mes,Script/dom3Shino_X01.mes,47,15,Shino,で、こんなところで話って何?,그래서 할 얘기가 뭔데?,그래서 할 얘기가 뭔데?
dom3Shino_X01.mes,Script/dom3Shino_X01.mes,48,25,주인공,いや、その、ただ詩乃さんのことが<6E5C>気になって……,"아니, 그냥 시노 씨가<6E5C>신경 쓰여서……","아니, 그냥 시노 씨가<6E5C>신경 쓰여서……"
dom3Shino_X01.mes,Script/dom3Shino_X01.mes,49,20,Shino,ヤダ、率直に言われると<6E5C>照れちゃうわね,"싫어, 그리 말하니<6E5C>부끄럽잖아","싫어, 그리 말하니<6E5C>부끄럽잖아"
dom3Shino_X01.mes,Script/dom3Shino_X01.mes,50,58,주인공,(どうして昼と夜でふたつの顔を<6E5C>使い分けてるのか知りたいけど、)<485C>(秘密だって言われたし、<6E5C>きかない方がいいよな),"(왜 낮과 밤에 두 얼굴을<6E5C>나눠 쓰는지 궁금하지만,)<485C>(비밀이라고 했으니<6E5C>묻지 않는 게 낫겠지)","(왜 낮과 밤에 두 얼굴을<6E5C>나눠 쓰는지 궁금하지만,)<485C>(비밀이라고 했으니<6E5C>묻지 않는 게 낫겠지)"
dom3Shino_X01.mes,Script/dom3Shino_X01.mes,51,23,Shino,ちょっとの間でも、<6E5C>精イッパイ遊びましょう!,잠깐이라도<6E5C>실컷 놀아보자!,잠깐이라도<6E5C>실컷 놀아보자!
dom3Shino_X01.mes,Script/dom3Shino_X01.mes,52,47,Shino,今日は、阿沙宮あてなって歌手が<6E5C>この町に歌いに来てるらしいわよ.<6E5C>いっしょに聴きに行かない?,"오늘, 아사미야 아테라는 가수가<6E5C>이 마을에 노래하러 왔대.<6E5C>같이 들으러 안 갈래?","오늘, 아사미야 아테라는 가수가<6E5C>이 마을에 노래하러 왔대.<6E5C>같이 들으러 안 갈래?"
dom3Shino_X01.mes,Script/dom3Shino_X01.mes,53,12,주인공,えー、そんなお金は……,"에, 그런 돈은……","에, 그런 돈은……"
dom3Shino_X01.mes,Script/dom3Shino_X01.mes,54,8,Shino,何よ、嫌なの?,"뭐야, 싫어?","뭐야, 싫어?"
dom3Shino_X01.mes,Script/dom3Shino_X01.mes,55,34,주인공,いや……こうやって歩いて話すだけ<6E5C>でもいいじゃないか.楽しいだろ?,아니……이렇게 걸으며 얘기하는 것만<6E5C>으로도 좋잖아.즐겁잖아?,아니……이렇게 걸으며 얘기하는 것만<6E5C>으로도 좋잖아.즐겁잖아?
dom3Shino_X01.mes,Script/dom3Shino_X01.mes,56,18,Shino,<이름:3232>さんと話すのは<6E5C>楽しいけど……,<이름:3232>씨랑 얘기하면<6E5C>즐겁지만……,<이름:3232>씨랑 얘기하면<6E5C>즐겁지만……
dom3Shino_X01.mes,Script/dom3Shino_X01.mes,57,4,주인공,けど?,근데?,근데?
dom3Shino_X01.mes,Script/dom3Shino_X01.mes,58,55,Shino,あたい……小さい頃からずっと<6E5C>店で働いてたから、そういう遊びを<6E5C>したことがないんだ<485C>だからちょっと憧れてたの,"나……어릴 때부터 계속<6E5C>가게에서 일해서, 그런 놀이는<6E5C>해본 적이 없거든<485C>그래서 좀 동경했었어","나……어릴 때부터 계속<6E5C>가게에서 일해서, 그런 놀이는<6E5C>해본 적이 없거든<485C>그래서 좀 동경했었어"
dom3Shino_X01.mes,Script/dom3Shino_X01.mes,59,34,Shino,店に来る同い年くらいのお客さんが<6E5C>騒いでたから、行ってみたくて……,"가게 오는 또래 손님들이<6E5C>떠들길래, 가보고 싶어서……","가게 오는 또래 손님들이<6E5C>떠들길래, 가보고 싶어서……"
dom3Shino_X01.mes,Script/dom3Shino_X01.mes,60,3,주인공,……,……,……
dom3Shino_X01.mes,Script/dom3Shino_X01.mes,61,26,Shino,でも、ぜいたくだよね.<6E5C>ごめん、言ってみただけよ!,"근데, 사치스럽지.<6E5C>미안, 그냥 해본 말이야!","근데, 사치스럽지.<6E5C>미안, 그냥 해본 말이야!"
dom3Shino_X01.mes,Script/dom3Shino_X01.mes,62,26,주인공,いいよ!いっしょに見よう!<6E5C>俺も詩乃さんと見たいよ,좋아!같이 보자!<6E5C>나도 시노 씨랑 보고 싶어,좋아!같이 보자!<6E5C>나도 시노 씨랑 보고 싶어
dom3Shino_X01.mes,Script/dom3Shino_X01.mes,63,59,Shino,ありがとう、<이름:3232>さん.<6E5C>でも、おじいちゃんひとりに<6E5C>店をまかせて、<485C>あたいだけ遊ぶなんてできないよ.<6E5C>だからいいんだ,"고마워, <이름:3232>씨.<6E5C>근데 할아버지 혼자<6E5C>가게 맡기고,<485C>나만 노는 건 못 해.<6E5C>그러니까 됐어","고마워, <이름:3232>씨.<6E5C>근데 할아버지 혼자<6E5C>가게 맡기고,<485C>나만 노는 건 못 해.<6E5C>그러니까 됐어"
dom3Shino_X01.mes,Script/dom3Shino_X01.mes,64,5,주인공,でも……,근데……,근데……
dom3Shino_X01.mes,Script/dom3Shino_X01.mes,65,63,Shino,こうやって、<이름:3232>さんとゆっくり<6E5C>話せただけでもありがたいよ!<485C>さ、帰っらないと.<6E5C>可愛いお客さんがあたいを<6E5C>待ってるからね!,"이렇게, <이름:3232>씨랑<6E5C>느긋하게 얘기한 것만도<6E5C>고마워!<485C>자, 이제 가야지.<6E5C>귀여운 손님들이 날<6E5C>기다리니까!","이렇게, <이름:3232>씨랑<6E5C>느긋하게 얘기한 것만도<6E5C>고마워!<485C>자, 이제 가야지.<6E5C>귀여운 손님들이 날<6E5C>기다리니까!"
dom3Shino_X01.mes,Script/dom3Shino_X01.mes,66,5,주인공,……うん,……응,……응
dom3Shino_X01.mes,Script/dom3Shino_X01.mes,67,7,주인공,詩乃さん……,시노 씨……,시노 씨……
dom3Shino_X01.mes,Script/dom3Shino_X01.mes,68,27,UNKNOWN_6d,ちょいと、今は詩乃さんじゃないよ<6E5C>.千夜さんとお呼び,"잠깐, 지금은 시노가 아니야<6E5C>.치요라고 불러","잠깐, 지금은 시노가 아니야<6E5C>.치요라고 불러"
dom3Shino_X01.mes,Script/dom3Shino_X01.mes,69,5,주인공,う、うん,"으, 응","으, 응"
dom3Shino_X01.mes,Script/dom3Shino_X01.mes,70,51,UNKNOWN_6d,そんな、さみしそうな顔を<6E5C>するんじゃないよぉ<485C>旦那が会ってくれたおかげで、<6E5C>またやる気も出たんだから,그렇게 서운한 표정<6E5C>짓지 마<485C>서방님이 만나준 덕분에<6E5C>다시 힘이 났으니까,그렇게 서운한 표정<6E5C>짓지 마<485C>서방님이 만나준 덕분에<6E5C>다시 힘이 났으니까
dom3Shino_X01.mes,Script/dom3Shino_X01.mes,71,10,UNKNOWN_6d,ありがとうね、旦那,"고마워, 서방님","고마워, 서방님"
dom3Shino_X01.mes,Script/dom3Shino_X01.mes,72,24,주인공,俺の方こそ、忙しいのに<6E5C>会ってくれてありがとう,"나야말로, 바쁜데<6E5C>만나줘서 고마워","나야말로, 바쁜데<6E5C>만나줘서 고마워"
dom3Shino_X01.mes,Script/dom3Shino_X01.mes,73,27,UNKNOWN_6d,さ、もう帰んな.あまり遅いと<6E5C>家の人も心配するんだろ,"자, 이제 가.너무 늦으면<6E5C>집에서 걱정할 거야","자, 이제 가.너무 늦으면<6E5C>집에서 걱정할 거야"
dom3Shino_X01.mes,Script/dom3Shino_X01.mes,74,14,주인공,しかし、もう少しぐらい……,"하지만, 조금만 더……","하지만, 조금만 더……"
dom3Shino_X01.mes,Script/dom3Shino_X01.mes,75,25,UNKNOWN_6d,男は退き際が肝心だよ.<6E5C>無理を言うもんじゃないよ,남자는 물러날 때가 중요해.<6E5C>억지 쓰지 마,남자는 물러날 때가 중요해.<6E5C>억지 쓰지 마
dom3Shino_X01.mes,Script/dom3Shino_X01.mes,76,8,주인공,うっ……ごめん,윽……미안,윽……미안
dom3Shino_X01.mes,Script/dom3Shino_X01.mes,77,24,UNKNOWN_6d,あら、色さん.お早いね.<6E5C>今日もよろしく頼むよ,"시키 씨, 일찍 왔네.<6E5C>오늘도 잘 부탁해","시키 씨, 일찍 왔네.<6E5C>오늘도 잘 부탁해"
dom3Shino_X01.mes,Script/dom3Shino_X01.mes,78,3,Shiki,……,……,……
dom3Shino_X01.mes,Script/dom3Shino_X01.mes,79,5,UNKNOWN_6d,色さん?,시키씨?,시키씨?
dom3Shino_X01.mes,Script/dom3Shino_X01.mes,80,5,Shiki,……ええ,……네,……네
dom3Shino_X01.mes,Script/dom3Shino_X01.mes,81,27,주인공,(ん?いつもに輪をかけてボーっ<6E5C>としてるな、色さん),"(응?평소보다 더 넋<6E5C>놓고 있네, 시키 씨)","(응?평소보다 더 넋<6E5C>놓고 있네, 시키 씨)"
dom3Shino_X01.mes,Script/dom3Shino_X01.mes,82,27,UNKNOWN_6d,さ、旦那は早く帰った帰った.<6E5C>懐の寒い人はお断りだよ,서방님 얼른 가.<6E5C>가벼운 주머니는 사절이야,서방님 얼른 가.<6E5C>가벼운 주머니는 사절이야
dom3Shino_X01.mes,Script/dom3Shino_X01.mes,83,8,주인공,う、ひどい……,"으, 너무해","으, 너무해"
dom3Shino_X01.mes,Script/dom3Shino_X01.mes,84,39,주인공,(詩乃さん……やはり生活のために<6E5C>、昼と夜の顔を使い分けて<6E5C>いるんだろうか),(시노 씨……역시 생계를 위해<6E5C>낮과 밤의 얼굴을 나눠 쓰는<6E5C>걸까),(시노 씨……역시 생계를 위해<6E5C>낮과 밤의 얼굴을 나눠 쓰는<6E5C>걸까)
dom3Shino_X01.mes,Script/dom3Shino_X01.mes,85,36,주인공,(早くに両親を亡くし、友達とも<6E5C>遊べず働き通し……なんと<6E5C>大変なんだ),(일찍 부모 여의고 친구랑도<6E5C>못 놀고 일만……고생이<6E5C>많구나),(일찍 부모 여의고 친구랑도<6E5C>못 놀고 일만……고생이<6E5C>많구나)
dom3Shino_X01.mes,Script/dom3Shino_X01.mes,86,41,주인공,(それに比べ、俺は不自由のない<6E5C>家庭でぬくぬく育ち、<6E5C>それすらも飛び出して……),"(그에 비해 난 부족함 없이<6E5C>곱게 자라놓고,<6E5C>그마저 뛰쳐나와서……)","(그에 비해 난 부족함 없이<6E5C>곱게 자라놓고,<6E5C>그마저 뛰쳐나와서……)"
dom3Shino_X01.mes,Script/dom3Shino_X01.mes,87,53,주인공,(なんと情けないんだ!)<485C>(こんな俺じゃ、詩乃さんに<6E5C>一人前の男として見てもらうなんて<6E5C>ぜったい無理だ),(정말 한심하구나!)<485C>(이런 나로선 시노 씨한테<6E5C>제 몫 하는 남자로 보이기란<6E5C>절대 무리야),(정말 한심하구나!)<485C>(이런 나로선 시노 씨한테<6E5C>제 몫 하는 남자로 보이기란<6E5C>절대 무리야)
dom3Shino_X01.mes,Script/dom3Shino_X01.mes,88,49,주인공,(ああ、もっとたくましい男になら<6E5C>ないと、いつまでも子ども扱いの<6E5C>ままだぞ.俺、年上なのに……),"(아, 더 씩씩한 남자가 되지<6E5C>않으면 계속 애 취급만<6E5C>받겠어.나, 연상인데……)","(아, 더 씩씩한 남자가 되지<6E5C>않으면 계속 애 취급만<6E5C>받겠어.나, 연상인데……)"
dom3Shino_X01.mes,Script/dom3Shino_X01.mes,89,32,주인공,(……うう、また来てしまった.<6E5C>どうせ追い返されるだけなのに),"(……으, 또 와버렸네.<6E5C>어차피 쫓겨나기만 할 텐데)","(……으, 또 와버렸네.<6E5C>어차피 쫓겨나기만 할 텐데)"
dom3Shino_X01.mes,Script/dom3Shino_X01.mes,90,67,주인공,(俺ってば、いつのまにこんな<6E5C>詩乃さんが気になるように<6E5C>なったんだろうか)<485C>(振り回されるうちに、<6E5C>すっかり夢中にされちゃったかな),"(나 참, 언제부터 이렇게<6E5C>시노 씨가 신경 쓰이게<6E5C>됐을까)<485C>(휘둘리는 사이에<6E5C>완전히 빠져버린 걸까)","(나 참, 언제부터 이렇게<6E5C>시노 씨가 신경 쓰이게<6E5C>됐을까)<485C>(휘둘리는 사이에<6E5C>완전히 빠져버린 걸까)"
dom3Shino_X01.mes,Script/dom3Shino_X01.mes,91,65,주인공,(いやいや、そりゃ気になるじゃ<6E5C>ないか.ふたつの顔でまんまと<6E5C>騙されたんだ)<485C>(そうだよ、これは好きとか<6E5C>そういう問題じゃ……),"(아니, 그야 신경 쓰이지<6E5C>않겠어.두 얼굴에 완전히<6E5C>속았으니까)<485C>(그래, 좋아한다든가<6E5C>그런 문제가 아니라……)","(아니, 그야 신경 쓰이지<6E5C>않겠어.두 얼굴에 완전히<6E5C>속았으니까)<485C>(그래, 좋아한다든가<6E5C>그런 문제가 아니라……)"
dom3Shino_X01.mes,Script/dom3Shino_X01.mes,92,16,UNKNOWN_1e,何ブツブツ言ってるんだい、旦那,"뭘 중얼거리는 거야, 서방님","뭘 중얼거리는 거야, 서방님"
dom3Shino_X01.mes,Script/dom3Shino_X01.mes,93,12,주인공,あ、し……千夜さん!?,"아, 치……치요 씨?","아, 치……치요 씨?"
dom3Shino_X01.mes,Script/dom3Shino_X01.mes,94,25,UNKNOWN_6d,まだ帰ってなかったのかい?<6E5C>しつこい男は嫌いだよ,아직 안 갔었어?<6E5C>끈질긴 남자는 싫어,아직 안 갔었어?<6E5C>끈질긴 남자는 싫어
dom3Shino_X01.mes,Script/dom3Shino_X01.mes,95,11,주인공,いや、あの、でも……,"아니, 그래도……","아니, 그래도……"
dom3Shino_X01.mes,Script/dom3Shino_X01.mes,96,31,UNKNOWN_6d,あちきは仕事なんだ.<6E5C>旦那にばかり、<6E5C>かまってられないんだよ,나는 일이 있어.<6E5C>서방님한테만<6E5C>신경 쓸 순 없다고,나는 일이 있어.<6E5C>서방님한테만<6E5C>신경 쓸 순 없다고
dom3Shino_X01.mes,Script/dom3Shino_X01.mes,97,41,주인공,待ってよ、千夜さん!<6E5C>仕事って……蜜蜂屋は?<485C>どうして外に?<6E5C>どこに行くんだよ!,"기다려, 치요 씨!<6E5C>일이라니 미츠바치야는?<485C>왜 밖에?<6E5C>어디 가?","기다려, 치요 씨!<6E5C>일이라니 미츠바치야는?<485C>왜 밖에?<6E5C>어디 가?"
dom3Shino_X01.mes,Script/dom3Shino_X01.mes,98,32,UNKNOWN_6d,……子どもは知らなくていいこと<6E5C>ってのが、世の中にはあるんだよ,"……아이는 몰라도 되는 일<6E5C>이란 게, 세상엔 있는 법이야","……아이는 몰라도 되는 일<6E5C>이란 게, 세상엔 있는 법이야"
dom3Shino_X01.mes,Script/dom3Shino_X01.mes,99,3,[효과음/내레이션],スッ,스윽,스윽
dom3Shino_X01.mes,Script/dom3Shino_X01.mes,100,13,주인공,え、ちょっと、千夜さん!,"어, 잠깐, 치요 씨!","어, 잠깐, 치요 씨!"
dom3Shino_X01.mes,Script/dom3Shino_X01.mes,101,19,주인공,(子どもは知らなくていいって……<6E5C>),(아이는 몰라도 된다니……<6E5C>),(아이는 몰라도 된다니……<6E5C>)
dom3Shino_X01.mes,Script/dom3Shino_X01.mes,102,38,주인공,(まさか詩乃さん、お金のために<6E5C>肌を…….ウソだろ?<6E5C>そんなわけないよな),"(설마 시노 씨, 돈 때문에<6E5C>몸을…….거짓말이지?<6E5C>그럴 리 없지)","(설마 시노 씨, 돈 때문에<6E5C>몸을…….거짓말이지?<6E5C>그럴 리 없지)"
dom3Shino_X01.mes,Script/dom3Shino_X01.mes,103,20,주인공,(詩乃さんに限って、<6E5C>そんなこと……),"(시노 씨라면, 그런 일은……)","(시노 씨라면, 그런 일은……)"
dom3Shino_X02.mes,Script/dom3Shino_X02.mes,0,24,주인공,(……くっ.気になって、<6E5C>ろくに寝れなかった),(……큭. 신경 쓰여서<6E5C>제대로 못 잤어),(……큭. 신경 쓰여서<6E5C>제대로 못 잤어)
dom3Shino_X02.mes,Script/dom3Shino_X02.mes,1,25,Iroha,旦那様、大丈夫ですか?<6E5C>お顔の色がすぐれませんが,"서방님, 괜찮으세요?<6E5C>안색이 안 좋으신데요","서방님, 괜찮으세요?<6E5C>안색이 안 좋으신데요"
dom3Shino_X02.mes,Script/dom3Shino_X02.mes,2,10,주인공,大丈夫だよ、いろは,"괜찮아, 이로하","괜찮아, 이로하"
dom3Shino_X02.mes,Script/dom3Shino_X02.mes,3,51,Iroha,昨日はお帰りが遅かったですし……<6E5C>.ダメですよ、夜遊びは!<485C>ふしだらなことは、<6E5C>いろはが許しません!,"어제는 늦게 돌아오셨고……<6E5C>안 돼요, 밤놀이는!<485C>문란한 짓은<6E5C>이로하가 용서 안 해요!","어제는 늦게 돌아오셨고……<6E5C>안 돼요, 밤놀이는!<485C>문란한 짓은<6E5C>이로하가 용서 안 해요!"
dom3Shino_X02.mes,Script/dom3Shino_X02.mes,4,12,주인공,そんなことしてないよ!,그런 짓 안 했어!,그런 짓 안 했어!
dom3Shino_X02.mes,Script/dom3Shino_X02.mes,5,43,주인공,(ふしだらなこと……詩乃さんは<6E5C>どうなんだろう.ただの芸妓だって<6E5C>言ってたのに……),(문란한 짓……시노 씨는<6E5C>어떨까.그냥 기생이라고<6E5C>했었는데……),(문란한 짓……시노 씨는<6E5C>어떨까.그냥 기생이라고<6E5C>했었는데……)
dom3Shino_X02.mes,Script/dom3Shino_X02.mes,6,7,주인공,詩乃さん……,시노 씨……,시노 씨……
dom3Shino_X02.mes,Script/dom3Shino_X02.mes,7,26,Shino,あれ<이름:3232>さん、また来たの?<6E5C>ずいぶんヒマなんだねぇ,"어라 <이름:3232>씨, 또 왔어?<6E5C>되게 한가한가 보네","어라 <이름:3232>씨, 또 왔어?<6E5C>되게 한가한가 보네"
dom3Shino_X02.mes,Script/dom3Shino_X02.mes,8,25,주인공,ヒマって……俺は詩乃さんに<6E5C>会いたくて来てるのに,한가하다니……시노 씨가<6E5C>보고 싶어서 왔는데,한가하다니……시노 씨가<6E5C>보고 싶어서 왔는데
dom3Shino_X02.mes,Script/dom3Shino_X02.mes,9,35,Shino,あはは!それはどうも.<6E5C>お客さんみんなに愛されて、<6E5C>まいっちゃうね!,"아하하!그거 고맙네.<6E5C>손님들 모두한테 사랑받아서,<6E5C>곤란하네!","아하하!그거 고맙네.<6E5C>손님들 모두한테 사랑받아서,<6E5C>곤란하네!"
dom3Shino_X02.mes,Script/dom3Shino_X02.mes,10,37,주인공,(く……、俺はしょせん、<6E5C>その他大勢のお客さんの<6E5C>ひとりにすぎないのか),"(윽……, 결국 난<6E5C>그저 그런 손님들 중<6E5C>하나에 불과한 건가)","(윽……, 결국 난<6E5C>그저 그런 손님들 중<6E5C>하나에 불과한 건가)"
dom3Shino_X02.mes,Script/dom3Shino_X02.mes,11,40,주인공,(でも、詩乃さんの秘密を知ってる<6E5C>のは俺だけだぞ!特別なんだぞ!<6E5C>……たぶん),"(그래도, 시노 씨의 비밀을 아는 건<6E5C>나뿐이야!특별해!<6E5C>……아마도)","(그래도, 시노 씨의 비밀을 아는 건<6E5C>나뿐이야!특별해!<6E5C>……아마도)"
dom3Shino_X02.mes,Script/dom3Shino_X02.mes,12,21,Shino,それより……<이름:3232>さんに<6E5C>お願いがあるんだ,그것보다……<이름:3232>씨한테<6E5C>부탁이 있는데,그것보다……<이름:3232>씨한테<6E5C>부탁이 있는데
dom3Shino_X02.mes,Script/dom3Shino_X02.mes,13,26,주인공,え、詩乃さんが俺にお願い?<6E5C>何だい、何でも閉くよ!,"어, 시노 씨 부탁?<6E5C>뭐든 들어줄게!","어, 시노 씨 부탁?<6E5C>뭐든 들어줄게!"
dom3Shino_X02.mes,Script/dom3Shino_X02.mes,14,14,Shino,色さんのことなんだけど……,시키 씨 얘기인데……,시키 씨 얘기인데……
dom3Shino_X02.mes,Script/dom3Shino_X02.mes,15,11,주인공,色さんがどうかしたの,시키 씨 무슨 일?,시키 씨 무슨 일?
dom3Shino_X02.mes,Script/dom3Shino_X02.mes,16,53,Shino,最近、様子がおかしいんだ<485C>もともと元気な方じゃないけど、<6E5C>近頃はうわの空が多くて<6E5C>どうも危なっかしいんだ,"요즘, 좀 이상해<485C>원래 기운찬 편은 아니지만,<6E5C>요샌 멍할 때가 많아서<6E5C>왠지 위태로워 보여","요즘, 좀 이상해<485C>원래 기운찬 편은 아니지만,<6E5C>요샌 멍할 때가 많아서<6E5C>왠지 위태로워 보여"
dom3Shino_X02.mes,Script/dom3Shino_X02.mes,17,20,Shino,ちょいと、<6E5C>気にかけておいてくれない?,"잠깐,<6E5C>신경 좀 써줄래?","잠깐,<6E5C>신경 좀 써줄래?"
dom3Shino_X02.mes,Script/dom3Shino_X02.mes,18,8,주인공,うーん、そうか,"음, 그렇구나","음, 그렇구나"
dom3Shino_X02.mes,Script/dom3Shino_X02.mes,19,13,[선택지],承知した詩乃の方が気になる,알겠어\시노가 더 걱정돼,알겠어\시노가 더 걱정돼
dom3Shino_X02.mes,Script/dom3Shino_X02.mes,20,46,주인공,わかったよ、色さんのことを見てれ<6E5C>ばいいんだね.詩乃さんの頼みなら<6E5C>、閉かずにはおれないな,"알겠어, 시키 씨를 지켜보면<6E5C>되는 거지.시노 씨 부탁이라면<6E5C>안 들어줄 수가 없지","알겠어, 시키 씨를 지켜보면<6E5C>되는 거지.시노 씨 부탁이라면<6E5C>안 들어줄 수가 없지"
dom3Shino_X02.mes,Script/dom3Shino_X02.mes,21,24,Shino,ふふ、ありがとう!<6E5C><이름:3232>さんは頼りになるなぁ!,"후후, 고마워!<6E5C><이름:3232>씨는 믿음직하네!","후후, 고마워!<6E5C><이름:3232>씨는 믿음직하네!"
dom3Shino_X02.mes,Script/dom3Shino_X02.mes,22,28,주인공,そんなこと言って……また都合よく<6E5C>使おうって魂胆だろ?,그렇게 말하면서……또 편히<6E5C>부려먹으려는 속셈이지?,그렇게 말하면서……또 편히<6E5C>부려먹으려는 속셈이지?
dom3Shino_X02.mes,Script/dom3Shino_X02.mes,23,22,Shino,失礼ね!あたいがいつそんなこと<6E5C>したのよ!,실례네!내가 언제 그런 짓<6E5C>했어!,실례네!내가 언제 그런 짓<6E5C>했어!
dom3Shino_X02.mes,Script/dom3Shino_X02.mes,24,21,주인공,身に覚えがありすぎて、<6E5C>一言で言えないよ,짚이는 게 많아서<6E5C>한마디로 못 해,짚이는 게 많아서<6E5C>한마디로 못 해
dom3Shino_X02.mes,Script/dom3Shino_X02.mes,25,42,Shino,<이름:3232>さんだから頼んだのよ?<6E5C><이름:3232>さんじゃなかったら、<6E5C>こんなことお願いできない……,"<이름:3232>씨니까 부탁한 거야?<6E5C><이름:3232>씨가 아니었다면,<6E5C>이런 부탁 못 했어……","<이름:3232>씨니까 부탁한 거야?<6E5C><이름:3232>씨가 아니었다면,<6E5C>이런 부탁 못 했어……"
dom3Shino_X02.mes,Script/dom3Shino_X02.mes,26,3,주인공,え!,어!,어!
dom3Shino_X02.mes,Script/dom3Shino_X02.mes,27,15,Shino,と、とにかく、頼んだからね!,"아, 아무튼, 부탁했다!","아, 아무튼, 부탁했다!"
dom3Shino_X02.mes,Script/dom3Shino_X02.mes,28,5,[효과음/내레이션],ピュンッ,휭,휭
dom3Shino_X02.mes,Script/dom3Shino_X02.mes,29,17,주인공,……俺、頼りにされてるのか、な?,"……나, 의지되고 있나?","……나, 의지되고 있나?"
dom3Shino_X02.mes,Script/dom3Shino_X02.mes,30,12,주인공,でも、それはできないな,"근데, 그건 못 해","근데, 그건 못 해"
dom3Shino_X02.mes,Script/dom3Shino_X02.mes,31,8,Shino,え、どうして?,"어, 왜?","어, 왜?"
dom3Shino_X02.mes,Script/dom3Shino_X02.mes,32,39,주인공,だって、俺が気になるのは<6E5C>詩乃さんだ.他の女の人なんて、<6E5C>見てられないよ……,"왜냐면, 신경 쓰이는 건<6E5C>시노 씨야.다른 여잔<6E5C>눈에 안 들어와……","왜냐면, 신경 쓰이는 건<6E5C>시노 씨야.다른 여잔<6E5C>눈에 안 들어와……"
dom3Shino_X02.mes,Script/dom3Shino_X02.mes,33,7,Shino,<이름:3232>さん……,<이름:3232>씨……,<이름:3232>씨……
dom3Shino_X02.mes,Script/dom3Shino_X02.mes,34,7,주인공,詩乃さん……,시노 씨……,시노 씨……
dom3Shino_X02.mes,Script/dom3Shino_X02.mes,35,41,Shino,そんな悠長なこと言ってる場合じゃ<6E5C>ないのよ!真剣に頼んでるん<6E5C>だから、お願いよ!,"그런 한가한 소리 할 때가<6E5C>아니야!진지하게 부탁하는<6E5C>거니까, 제발!","그런 한가한 소리 할 때가<6E5C>아니야!진지하게 부탁하는<6E5C>거니까, 제발!"
dom3Shino_X02.mes,Script/dom3Shino_X02.mes,36,34,주인공,うう、やっぱり通じない…….<6E5C>俺って、ただ利用されてる<6E5C>だけ……?,"으으, 역시 안 통해…….<6E5C>난 그냥 이용당하는<6E5C>거야……?","으으, 역시 안 통해…….<6E5C>난 그냥 이용당하는<6E5C>거야……?"
dom3Shino_X02.mes,Script/dom3Shino_X02.mes,37,54,주인공,(詩乃さんには、<6E5C>俺にかまってる時間なんてない)<485C>(生活のために、昼も夜も<6E5C>働いてるんだ.人の二倍も……),"(시노 씨한텐,<6E5C>날 신경 쓸 시간 없어)<485C>(생계 위해 낮에도 밤에도<6E5C>일하니까.남의 두 배로……)","(시노 씨한텐,<6E5C>날 신경 쓸 시간 없어)<485C>(생계 위해 낮에도 밤에도<6E5C>일하니까.남의 두 배로……)"
dom3Shino_X02.mes,Script/dom3Shino_X02.mes,38,59,주인공,(俺なんかに、詩乃さんのしている<6E5C>ことを咎める権利なんてない)<485C>(苦労もわからないくせに、<6E5C>何を言えるって言うんだ),"(나 따위가, 시노 씨 하는<6E5C>일을 탓할 자격 없어)<485C>(고생도 모르면서,<6E5C>무슨 말을 할 수 있겠어)","(나 따위가, 시노 씨 하는<6E5C>일을 탓할 자격 없어)<485C>(고생도 모르면서,<6E5C>무슨 말을 할 수 있겠어)"
dom3Shino_X02.mes,Script/dom3Shino_X02.mes,39,34,주인공,(でも、この胸の奥をかきむしられ<6E5C>るような想いは、どうすれば……),"(그래도, 가슴속을 쥐어뜯는<6E5C>이 마음은, 어쩌면 좋을지……)","(그래도, 가슴속을 쥐어뜯는<6E5C>이 마음은, 어쩌면 좋을지……)"
dom3Shino_X02.mes,Script/dom3Shino_X02.mes,40,24,Shino,どうしたの?<이름:3232>さん.<6E5C><이름:3232>さんも様子が変よ?,왜 그래?<이름:3232>씨.<6E5C><이름:3232>씨도 좀 이상한데?,왜 그래?<이름:3232>씨.<6E5C><이름:3232>씨도 좀 이상한데?
dom3Shino_X02.mes,Script/dom3Shino_X02.mes,41,13,주인공,いや、なんでもないよ……,"아니, 아무것도 아냐","아니, 아무것도 아냐"
dom3Shino_X02.mes,Script/dom3Shino_X02.mes,42,9,Shino,おかしな人だねぇ,이상한 사람이네,이상한 사람이네
dom3Shino_X02.mes,Script/dom3Shino_X02.mes,43,19,주인공,(うう、見ているだけでつらい……<6E5C>),"(으으, 보고만 있어도 괴로워<6E5C>)","(으으, 보고만 있어도 괴로워<6E5C>)"
dom3Shino_X02.mes,Script/dom3Shino_X02.mes,44,35,UNKNOWN_46,その兄ちゃん、<6E5C>最近店でよく見るなぁ.<6E5C>詩乃ちゃんにホの字なのかい?,"그 총각,<6E5C>요즘 가게서 자주 보이던데.<6E5C>시노한테 반했냐?","그 총각,<6E5C>요즘 가게서 자주 보이던데.<6E5C>시노한테 반했냐?"
dom3Shino_X02.mes,Script/dom3Shino_X02.mes,45,13,주인공,なな!何をバカなことを!,"무, 무슨 소리야!","무, 무슨 소리야!"
dom3Shino_X02.mes,Script/dom3Shino_X02.mes,46,28,Shino,ふふん、あたいは町のあいどるだか<6E5C>らね.しかたないな~,"흐흥, 난 마을의 아이돌이니<6E5C>까.어쩔 수 없네~","흐흥, 난 마을의 아이돌이니<6E5C>까.어쩔 수 없네~"
dom3Shino_X02.mes,Script/dom3Shino_X02.mes,47,41,UNKNOWN_46,あいどるってもんは、もっと可憐な<6E5C>もんだぜ?歌や踊りも、<6E5C>ちったぁできねぇとなぁ,"아이돌이란 건, 더 청초해야<6E5C>지.노래나 춤도,<6E5C>좀 해야 하는 거 아니냐","아이돌이란 건, 더 청초해야<6E5C>지.노래나 춤도,<6E5C>좀 해야 하는 거 아니냐"
dom3Shino_X02.mes,Script/dom3Shino_X02.mes,48,31,Shino,失礼ね!あたいだって、それぐらい<6E5C>やろうと思えばできるわよ!,실례네!나도 그 정도는<6E5C>마음만 먹으면 할 수 있거든!,실례네!나도 그 정도는<6E5C>마음만 먹으면 할 수 있거든!
dom3Shino_X02.mes,Script/dom3Shino_X02.mes,49,37,주인공,そうですよ!詩乃さんお踊りは、<6E5C>それは見事なもんですよ!<6E5C>俺は毎晩、蜜蜂,"맞아요!시노 씨 춤은,<6E5C>정말 훌륭하다고요!<6E5C>전 매일 밤, 미츠바치","맞아요!시노 씨 춤은,<6E5C>정말 훌륭하다고요!<6E5C>전 매일 밤, 미츠바치"
dom3Shino_X02.mes,Script/dom3Shino_X02.mes,50,4,[효과음/내레이션],ドフッ,퍽,퍽
dom3Shino_X02.mes,Script/dom3Shino_X02.mes,51,7,주인공,ぐ……ぐぅぅ,끄……끄윽,끄……끄윽
dom3Shino_X02.mes,Script/dom3Shino_X02.mes,52,15,UNKNOWN_46,へ?どうしたんだい、兄ちゃん,"어?왜 그래, 총각","어?왜 그래, 총각"
dom3Shino_X02.mes,Script/dom3Shino_X02.mes,53,36,Shino,あはは!食べ過ぎで<6E5C>むせちゃったのかしら?<6E5C>あたいは料理も見事だからっ,아하하!많이 먹어서<6E5C>목이 멘 건가?<6E5C>나 요리 솜씨도 훌륭하니까,아하하!많이 먹어서<6E5C>목이 멘 건가?<6E5C>나 요리 솜씨도 훌륭하니까
dom3Shino_X02.mes,Script/dom3Shino_X02.mes,54,15,주인공,(みぞおちに直撃……うぐぅ),(명치에 직격……으윽),(명치에 직격……으윽)
dom3Shino_X02.mes,Script/dom3Shino_X02.mes,55,7,UNKNOWN_1e,これ、詩乃や,"얘, 시노야","얘, 시노야"
dom3Shino_X02.mes,Script/dom3Shino_X02.mes,56,3,주인공,ん?,응?,응?
dom3Shino_X02.mes,Script/dom3Shino_X02.mes,57,11,Shino,なぁに、おじいちゃん,"왜 그래, 할아버지","왜 그래, 할아버지"
dom3Shino_X02.mes,Script/dom3Shino_X02.mes,58,37,주인공,(詩乃さんのおじいさん!<6E5C>いつも厨房の中で影の薄い<6E5C>存在だったのに……),(시노 씨 할아버지!<6E5C>늘 주방 안에서 존재감<6E5C>없었는데……),(시노 씨 할아버지!<6E5C>늘 주방 안에서 존재감<6E5C>없었는데……)
dom3Shino_X02.mes,Script/dom3Shino_X02.mes,59,43,UNKNOWN_a2,昼時も過ぎたし、わしはちょっくら<6E5C>散歩に出ようと思っておる.<6E5C>少しの間、店を頼んだぞ,"점심때도 지났고, 잠깐<6E5C>산책이나 나가볼까 하네.<6E5C>잠깐, 가게를 부탁하네","점심때도 지났고, 잠깐<6E5C>산책이나 나가볼까 하네.<6E5C>잠깐, 가게를 부탁하네"
dom3Shino_X02.mes,Script/dom3Shino_X02.mes,60,15,Shino,いいよ.ゆっくり休んできてね,그래.편히 쉬다 와,그래.편히 쉬다 와
dom3Shino_X02.mes,Script/dom3Shino_X02.mes,61,28,UNKNOWN_a2,これ、そこの若いの.<6E5C>年寄りの杖代わりになって歩かんか,"이봐, 젊은이.<6E5C>늙은이 지팡이 대신 걷지 않겠나","이봐, 젊은이.<6E5C>늙은이 지팡이 대신 걷지 않겠나"
dom3Shino_X02.mes,Script/dom3Shino_X02.mes,62,6,주인공,え、俺ぇ?,저요?,저요?
dom3Shino_X02.mes,Script/dom3Shino_X02.mes,63,37,Shino,<이름:3232>さん、頼んだよ!<6E5C>こけておっ死んじゃわないように、<6E5C>丁重に扱ってね!,"<이름:3232>씨, 부탁해!<6E5C>넘어져서 돌아가시지 않게,<6E5C>정중히 모셔야 해!","<이름:3232>씨, 부탁해!<6E5C>넘어져서 돌아가시지 않게,<6E5C>정중히 모셔야 해!"
dom3Shino_X02.mes,Script/dom3Shino_X02.mes,64,19,주인공,自分のおじいさんに、<6E5C>なんて暴言……,"할아버지한테,<6E5C>무슨 막말이야……","할아버지한테,<6E5C>무슨 막말이야……"
dom3Shino_X02.mes,Script/dom3Shino_X02.mes,65,8,UNKNOWN_a2,ほれ、行くぞ!,가자꾸나!,가자꾸나!
dom3Shino_X02.mes,Script/dom3Shino_X02.mes,66,5,주인공,はいはい,네네,네네
dom3Shino_X02.mes,Script/dom3Shino_X02.mes,67,33,주인공,大丈夫ですか?<6E5C>そこ、段になってますから、<6E5C>気をつけてくださいね,"괜찮으세요?<6E5C>거기, 턱이 있으니까<6E5C>조심하세요","괜찮으세요?<6E5C>거기, 턱이 있으니까<6E5C>조심하세요"
dom3Shino_X02.mes,Script/dom3Shino_X02.mes,68,26,UNKNOWN_a2,わかっとる!<6E5C>わしはそこまで老いぼれではないぞ<6E5C>!,알고 있느니라!<6E5C>내가 그리 노망나진 않았어<6E5C>!,알고 있느니라!<6E5C>내가 그리 노망나진 않았어<6E5C>!
dom3Shino_X02.mes,Script/dom3Shino_X02.mes,69,17,주인공,(人を杖代わりにしておいて……),(사람 지팡이로 써놓고선……),(사람 지팡이로 써놓고선……)
dom3Shino_X02.mes,Script/dom3Shino_X02.mes,70,35,UNKNOWN_a2,で、どうなんじゃ?<6E5C>おぬしと詩乃はどこらへんまで<6E5C>進んでおるんじゃ?,"그래서, 어떤가?<6E5C>자네와 시노는 어디까지<6E5C>진전이 있었는가?","그래서, 어떤가?<6E5C>자네와 시노는 어디까지<6E5C>진전이 있었는가?"
dom3Shino_X02.mes,Script/dom3Shino_X02.mes,71,14,주인공,いきなり核心をえぐる質問!,갑자기 핵심 찌르는 질문,갑자기 핵심 찌르는 질문
dom3Shino_X02.mes,Script/dom3Shino_X02.mes,72,35,주인공,なな何を言ってるんですか.<6E5C>俺と詩乃さんはそんな関係じゃ<6E5C>ないです!,"무, 무슨 말씀이세요.<6E5C>저랑 시노 씨는 그런 사이<6E5C>아니에요!","무, 무슨 말씀이세요.<6E5C>저랑 시노 씨는 그런 사이<6E5C>아니에요!"
dom3Shino_X02.mes,Script/dom3Shino_X02.mes,73,15,UNKNOWN_a2,でも、好いておるのじゃろう?,"허나, 좋아하지 않는가?","허나, 좋아하지 않는가?"
dom3Shino_X02.mes,Script/dom3Shino_X02.mes,74,10,주인공,う、いや、その……,"으, 그게……","으, 그게……"
dom3Shino_X02.mes,Script/dom3Shino_X02.mes,75,60,UNKNOWN_a2,わかっとる、みなまで言うな!<485C>好いとるが想いを伝えられず、<6E5C>いつも詩乃にいいように扱われ<6E5C>るだけなのじゃろう.情けない,"알고 있느니라, 다 말 안 해도 돼!<485C>좋아하며 맘도 못 전하고,<6E5C>늘 시노한테 휘둘리기만<6E5C>하는 게지.한심하다","알고 있느니라, 다 말 안 해도 돼!<485C>좋아하며 맘도 못 전하고,<6E5C>늘 시노한테 휘둘리기만<6E5C>하는 게지.한심하다"
dom3Shino_X02.mes,Script/dom3Shino_X02.mes,76,20,주인공,わかってるなら<6E5C>閉かないでくださいよ!,아시면서<6E5C>묻지 말아 주세요!,아시면서<6E5C>묻지 말아 주세요!
dom3Shino_X02.mes,Script/dom3Shino_X02.mes,77,51,UNKNOWN_a2,あの娘はああ見えて、<6E5C>恥ずかしがり屋じゃ<485C>おぬしの気持ちにどう応えれば<6E5C>いいのか、わからんのじゃろう,"그 아이는 저래 보여도,<6E5C>부끄럼쟁이라네<485C>자네 마음에 어떻게 답해야<6E5C>할지, 모르는 게지","그 아이는 저래 보여도,<6E5C>부끄럼쟁이라네<485C>자네 마음에 어떻게 답해야<6E5C>할지, 모르는 게지"
dom3Shino_X02.mes,Script/dom3Shino_X02.mes,78,8,주인공,そうですかねぇ,그런 걸까요,그런 걸까요
dom3Shino_X02.mes,Script/dom3Shino_X02.mes,79,43,UNKNOWN_a2,おぬしが来てから、<6E5C>あの娘はかわったよ<485C>口には出さんが、<6E5C>うきうきしておるのがわかる,"자네가 온 후로,<6E5C>그 아인 변했다네<485C>입 밖엔 안 내지만<6E5C>들떠 있는 게 보이네","자네가 온 후로,<6E5C>그 아인 변했다네<485C>입 밖엔 안 내지만<6E5C>들떠 있는 게 보이네"
dom3Shino_X02.mes,Script/dom3Shino_X02.mes,80,7,주인공,本当ですか?,정말요?,정말요?
dom3Shino_X02.mes,Script/dom3Shino_X02.mes,81,12,UNKNOWN_a2,割る皿の枚数が増えたわ,깨는 접시 늘었느니라,깨는 접시 늘었느니라
dom3Shino_X02.mes,Script/dom3Shino_X02.mes,82,5,주인공,……はぁ,……하아,……하아
dom3Shino_X02.mes,Script/dom3Shino_X02.mes,83,57,UNKNOWN_a2,これからも、ちょくちょく店に<6E5C>来てくれんかの<485C>小さい頃から、女の子らしいことは<6E5C>何もさせてやれんかったからの……,"앞으로도, 종종 가게에<6E5C>와주지 않겠나<485C>어릴 적부터, 여자아이다운 건<6E5C>아무것도 해준 게 없어서……","앞으로도, 종종 가게에<6E5C>와주지 않겠나<485C>어릴 적부터, 여자아이다운 건<6E5C>아무것도 해준 게 없어서……"
dom3Shino_X02.mes,Script/dom3Shino_X02.mes,84,26,주인공,もちろん、俺でよければ.<6E5C>でも、詩乃さんは忙しいし,"물론이죠, 저라면.<6E5C>근데, 시노 씨는 바쁘고","물론이죠, 저라면.<6E5C>근데, 시노 씨는 바쁘고"
dom3Shino_X02.mes,Script/dom3Shino_X02.mes,85,34,UNKNOWN_a2,おぬしは知っておるのだろう?<6E5C>詩乃が千夜として芸を<6E5C>売っておるのを,자네는 알고 있겠지?<6E5C>시노가 치요로서 재주를<6E5C>팔고 있다는 걸,자네는 알고 있겠지?<6E5C>시노가 치요로서 재주를<6E5C>팔고 있다는 걸
dom3Shino_X02.mes,Script/dom3Shino_X02.mes,86,10,주인공,え!どうしてそれを,네!어떻게 그걸,네!어떻게 그걸
dom3Shino_X02.mes,Script/dom3Shino_X02.mes,87,68,UNKNOWN_a2,このおいぼれの目はごまかせんよ.<6E5C>この秘密を知っておるのは、<6E5C>町でおぬしだけじゃ<485C>やはり、詩乃にとっておぬしは<6E5C>特別な存在なのじゃろう,"이 늙은이 눈은 못 속인다네.<6E5C>이 비밀을 아는 건,<6E5C>마을에서 자네뿐이라네<485C>역시, 시노에게 자네는<6E5C>특별한 존재인 게지","이 늙은이 눈은 못 속인다네.<6E5C>이 비밀을 아는 건,<6E5C>마을에서 자네뿐이라네<485C>역시, 시노에게 자네는<6E5C>특별한 존재인 게지"
dom3Shino_X02.mes,Script/dom3Shino_X02.mes,88,25,주인공,それは、たまたまですよ.<6E5C>偶然、見てしまったから,"그건, 그냥 우연이에요.<6E5C>우연히 본 것뿐이라","그건, 그냥 우연이에요.<6E5C>우연히 본 것뿐이라"
dom3Shino_X02.mes,Script/dom3Shino_X02.mes,89,36,UNKNOWN_a2,そんなことはない.<6E5C>詩乃がおぬしに、たいそう心を<6E5C>開いているのがわかる,그렇지 않다네.<6E5C>시노가 자네에게 마음을<6E5C>열고 있다는 게 보인다네,그렇지 않다네.<6E5C>시노가 자네에게 마음을<6E5C>열고 있다는 게 보인다네
dom3Shino_X02.mes,Script/dom3Shino_X02.mes,90,59,UNKNOWN_a2,おぬしのような男が現れて、<6E5C>わしは嬉しいんじゃ<485C>詩乃には苦労ばかり<6E5C>させておるからのぅ.<6E5C>気を許せる人がほしいんじゃ,자네 같은 사내가 나타나서<6E5C>내 마음이 기쁘구나<485C>시노한테 고생만<6E5C>시켜서 말일세.<6E5C>맘 놓을 사람 필요했느니라,자네 같은 사내가 나타나서<6E5C>내 마음이 기쁘구나<485C>시노한테 고생만<6E5C>시켜서 말일세.<6E5C>맘 놓을 사람 필요했느니라
dom3Shino_X02.mes,Script/dom3Shino_X02.mes,91,28,주인공,でも、いくら生活のためだからって<6E5C>、あんな仕事まで……,"그래도, 아무리 생계 때문이라도<6E5C>그런 일까지……","그래도, 아무리 생계 때문이라도<6E5C>그런 일까지……"
dom3Shino_X02.mes,Script/dom3Shino_X02.mes,92,11,UNKNOWN_a2,ん、なんのことじゃ?,"음, 무슨 소린가?","음, 무슨 소린가?"
dom3Shino_X02.mes,Script/dom3Shino_X02.mes,93,24,주인공,その……お店と芸以外のことも、<6E5C>詩乃さんは……,"그게……가게, 재주 말고도,<6E5C>시노 씨는……","그게……가게, 재주 말고도,<6E5C>시노 씨는……"
dom3Shino_X02.mes,Script/dom3Shino_X02.mes,94,20,UNKNOWN_a2,ぬぬ!<6E5C>おぬし、そこまで知っておったか,"으음!<6E5C>자네, 거기까지 알고 있었나","으음!<6E5C>자네, 거기까지 알고 있었나"
dom3Shino_X02.mes,Script/dom3Shino_X02.mes,95,16,주인공,(!<020A>やっぱり、そうなんだ!),"(!<020A>역시, 그런 거였어!)","(!<020A>역시, 그런 거였어!)"
dom3Shino_X02.mes,Script/dom3Shino_X02.mes,96,37,UNKNOWN_a2,仕方ないんじゃ…….<6E5C>苦しい思いをさせているが、<6E5C>これが生きていく術……,"어쩔 수 없느니라…….<6E5C>괴롭게 하지만,<6E5C>이게 살아가는 길이라……","어쩔 수 없느니라…….<6E5C>괴롭게 하지만,<6E5C>이게 살아가는 길이라……"
dom3Shino_X02.mes,Script/dom3Shino_X02.mes,97,32,주인공,そんな、あんまりです!<6E5C>詩乃さんだって、<6E5C>したくないはずです!,"그런, 너무해요!<6E5C>시노 씨도,<6E5C>하기 싫을 거예요!","그런, 너무해요!<6E5C>시노 씨도,<6E5C>하기 싫을 거예요!"
dom3Shino_X02.mes,Script/dom3Shino_X02.mes,98,20,UNKNOWN_a2,言わんでくれ.<6E5C>わしもつらいんじゃ……,말하지 말아다오.<6E5C>나도 괴롭구나……,말하지 말아다오.<6E5C>나도 괴롭구나……
dom3Shino_X02.mes,Script/dom3Shino_X02.mes,99,3,주인공,……,……,……
dom3Shino_X02.mes,Script/dom3Shino_X02.mes,100,23,UNKNOWN_a2,ありがとうよ、お若いの.<6E5C>楽しい散歩じゃった,"고맙네, 젊은이.<6E5C>즐거운 산책이었느니라","고맙네, 젊은이.<6E5C>즐거운 산책이었느니라"
dom3Shino_X02.mes,Script/dom3Shino_X02.mes,101,3,주인공,……,……,……
dom3Shino_X02.mes,Script/dom3Shino_X02.mes,102,28,UNKNOWN_a2,そんな目でわしを責めんでくれ.<6E5C>おぬしの気持ちはわかる,그런 눈으로 탓하지 말아다오.<6E5C>자네 마음은 안다네,그런 눈으로 탓하지 말아다오.<6E5C>자네 마음은 안다네
dom3Shino_X02.mes,Script/dom3Shino_X02.mes,103,7,주인공,でも、俺……,그래도……,그래도……
dom3Shino_X02.mes,Script/dom3Shino_X02.mes,104,38,UNKNOWN_a2,しかし、やはりわしの目に<6E5C>狂いはなかった.<6E5C>そこまで見破られておるとは……,"허나, 역시 내 눈은<6E5C>틀리지 않았구나.<6E5C>그렇게까지 간파당하다니……","허나, 역시 내 눈은<6E5C>틀리지 않았구나.<6E5C>그렇게까지 간파당하다니……"
dom3Shino_X02.mes,Script/dom3Shino_X02.mes,105,28,UNKNOWN_a2,おぬしなら、あの娘を救えるかも<6E5C>しれんな.じゃ、またの,자네면 그 아일 구할지도<6E5C>모르겠구나.그럼 또 보세,자네면 그 아일 구할지도<6E5C>모르겠구나.그럼 또 보세
dom3Shino_X02.mes,Script/dom3Shino_X02.mes,106,3,[효과음/내레이션],スッ,슥,슥
dom3Shino_X02.mes,Script/dom3Shino_X02.mes,107,19,주인공,え?おじいさん、<6E5C>今のはどういう……,"네?할아버지,<6E5C>방금 그건 무슨……","네?할아버지,<6E5C>방금 그건 무슨……"
dom3Shino_X02.mes,Script/dom3Shino_X02.mes,108,16,UNKNOWN_1e,ずいぶん長い散歩だったんだねぇ,꽤 긴 산책이었나 보네,꽤 긴 산책이었나 보네
dom3Shino_X02.mes,Script/dom3Shino_X02.mes,109,8,주인공,あ……千夜さん,아……치요 씨,아……치요 씨
dom3Shino_X02.mes,Script/dom3Shino_X02.mes,110,26,UNKNOWN_6d,どうしたんだい.<6E5C>今日はずっと呆けた顔をしてるねぇ,왜 그래.<6E5C>오늘 계속 멍한 얼굴이네,왜 그래.<6E5C>오늘 계속 멍한 얼굴이네
dom3Shino_X02.mes,Script/dom3Shino_X02.mes,111,21,주인공,(今夜も、千夜さんはどこかの<6E5C>男と……),(오늘도 치요 씬 어디서<6E5C>남자와……),(오늘도 치요 씬 어디서<6E5C>남자와……)
dom3Shino_X02.mes,Script/dom3Shino_X02.mes,112,20,UNKNOWN_6d,うん?<6E5C>あちきの顔に何かついてるかい?,응?<6E5C>내 얼굴에 뭐 묻었나?,응?<6E5C>내 얼굴에 뭐 묻었나?
dom3Shino_X02.mes,Script/dom3Shino_X02.mes,113,11,주인공,な、なんでもないよ!,아무것도 아냐!,아무것도 아냐!
dom3Shino_X02.mes,Script/dom3Shino_X02.mes,114,22,UNKNOWN_6d,なんだい、急に怒ったりして、<6E5C>変な人だねぇ,"뭐야, 갑자기 화내고,<6E5C>이상한 사람이네","뭐야, 갑자기 화내고,<6E5C>이상한 사람이네"
dom3Shino_X02.mes,Script/dom3Shino_X02.mes,115,33,UNKNOWN_6d,それより、<6E5C>色さんを見かけなかったかい?<6E5C>まだ店に来てないんだよ,"그것보다,<6E5C>시키 씨 못 봤나?<6E5C>아직 가게에 안 왔거든","그것보다,<6E5C>시키 씨 못 봤나?<6E5C>아직 가게에 안 왔거든"
dom3Shino_X02.mes,Script/dom3Shino_X02.mes,116,13,주인공,いや、見かけなかったけど,"아니, 못 봤는데","아니, 못 봤는데"
dom3Shino_X02.mes,Script/dom3Shino_X02.mes,117,23,UNKNOWN_6d,心配だねぇ.<6E5C>旦那、探してきてくれないかい?,"걱정되네.<6E5C>나리, 찾아봐 주지 않겠나?","걱정되네.<6E5C>나리, 찾아봐 주지 않겠나?"
dom3Shino_X02.mes,Script/dom3Shino_X02.mes,118,10,[선택지],ここにいる探しに行く,여기있는다\찾으러간다,여기있는다\찾으러간다
dom3Shino_X02.mes,Script/dom3Shino_X02.mes,119,11,주인공,いや、ここにいるよ!,"아니, 여기 있을게","아니, 여기 있을게"
dom3Shino_X02.mes,Script/dom3Shino_X02.mes,120,7,UNKNOWN_6d,どうしてだい,어째서인가,어째서인가
dom3Shino_X02.mes,Script/dom3Shino_X02.mes,121,57,주인공,俺は千夜さんの方が心配だ<485C>そんな働いてばかりで……<6E5C>俺にできることがあるならなんでも<6E5C>言ってくれ!力になるから!,난 치요 씨가 더 걱정이야<485C>그리 일만 하니까……<6E5C>내가 할 수 있는 게 있으면<6E5C>말해줘!힘이 될 테니까!,난 치요 씨가 더 걱정이야<485C>그리 일만 하니까……<6E5C>내가 할 수 있는 게 있으면<6E5C>말해줘!힘이 될 테니까!
dom3Shino_X02.mes,Script/dom3Shino_X02.mes,122,5,UNKNOWN_6d,旦那……,나리……,나리……
dom3Shino_X02.mes,Script/dom3Shino_X02.mes,123,7,주인공,千夜さん……,치요 씨……,치요 씨……
dom3Shino_X02.mes,Script/dom3Shino_X02.mes,124,47,UNKNOWN_6d,だから色さんを探してきてって<6E5C>言ってるんだよ!<485C>まったく、わけのわからないことを<6E5C>言うねぇ!,"그러니까 시키 씨 찾아오라고<6E5C>말하잖아!<485C>정말이지, 알 수 없는 소리를<6E5C>하는구먼!","그러니까 시키 씨 찾아오라고<6E5C>말하잖아!<485C>정말이지, 알 수 없는 소리를<6E5C>하는구먼!"
dom3Shino_X02.mes,Script/dom3Shino_X02.mes,125,13,주인공,うう、わかりましたよ……,"으으, 알겠습니다……","으으, 알겠습니다……"
dom3Shino_X02.mes,Script/dom3Shino_X02.mes,126,13,주인공,わかった、行ってくるよ!,"알겠어, 다녀올게!","알겠어, 다녀올게!"
dom3Shino_X02.mes,Script/dom3Shino_X02.mes,127,9,UNKNOWN_6d,旦那、頼んだよ!,"나리, 부탁해!","나리, 부탁해!"
dom3Shino_X02.mes,Script/dom3Shino_X02.mes,128,4,[효과음/내레이션],タタッ,타닥,타닥
dom3Shino_X02.mes,Script/dom3Shino_X02.mes,129,61,주인공,(俺にできるのは、<6E5C>少しでも詩乃さんの重荷を<6E5C>軽くすることだけ……)<485C>(詩乃さんの頼むことなら、<6E5C>なんでも引き受ける!),"(내가 할 수 있는 건,<6E5C>조금이라도 시노 씨 짐<6E5C>덜어주는 것뿐……)<485C>(시노 씨 부탁이라면,<6E5C>뭐든지 맡을게!)","(내가 할 수 있는 건,<6E5C>조금이라도 시노 씨 짐<6E5C>덜어주는 것뿐……)<485C>(시노 씨 부탁이라면,<6E5C>뭐든지 맡을게!)"
dom3Shino_X02.mes,Script/dom3Shino_X02.mes,130,38,주인공,(仕事は詩乃さんの決めたこと……<6E5C>俺に口出しできることじゃない<6E5C>から……),(일은 시노 씨가 정한 것……<6E5C>내가 참견할 게<6E5C>아니니까……),(일은 시노 씨가 정한 것……<6E5C>내가 참견할 게<6E5C>아니니까……)
dom3Shino_X02.mes,Script/dom3Shino_X02.mes,131,9,[효과음/내레이션],タッタッタッ……,타다닥……,타다닥……
dom3Shino_X02.mes,Script/dom3Shino_X02.mes,132,42,주인공,う~ん、本当に見当たらないなぁ.<6E5C>ひょっとして、すれ違いでもう店に<6E5C>行ってるのかも,"으음, 정말 안 보이네.<6E5C>혹시, 엇갈려서 이미 가게에<6E5C>가 있는 걸지도","으음, 정말 안 보이네.<6E5C>혹시, 엇갈려서 이미 가게에<6E5C>가 있는 걸지도"
dom3Shino_X02.mes,Script/dom3Shino_X02.mes,133,4,[효과음/내레이션],フラッ,휘청,휘청
dom3Shino_X02.mes,Script/dom3Shino_X02.mes,134,34,주인공,あ、色さん!<6E5C>どこに行ってたんですか.<6E5C>千夜さん、心配してましたよ,"아, 시키 씨!<6E5C>어디 갔었어요.<6E5C>치요 씨가 걱정했어요","아, 시키 씨!<6E5C>어디 갔었어요.<6E5C>치요 씨가 걱정했어요"
dom3Shino_X02.mes,Script/dom3Shino_X02.mes,135,9,Shiki,……ち、よ……?,"……치, 요?","……치, 요?"
dom3Shino_X02.mes,Script/dom3Shino_X02.mes,136,42,주인공,どうしたんですか?<6E5C>フラフラじゃないですか.ほら、<6E5C>俺といっしょに店に行きましょう,"왜 그러세요?<6E5C>비틀거리잖아요.자, <6E5C>저랑 같이 가게로 가요","왜 그러세요?<6E5C>비틀거리잖아요.자, <6E5C>저랑 같이 가게로 가요"
dom3Shino_X02.mes,Script/dom3Shino_X02.mes,137,9,UNKNOWN_1e,その女を離せ……,그 여잘 놔라,그 여잘 놔라
dom3Shino_X02.mes,Script/dom3Shino_X02.mes,138,7,주인공,な、なんだ?,"뭐, 뭐야?","뭐, 뭐야?"
dom3Shino_X02.mes,Script/dom3Shino_X02.mes,139,22,UNKNOWN_1a,その女は、我のもの…….<6E5C>邪魔は許さぬ……,그 여잔 내 것…….<6E5C>방해 용서 않는다,그 여잔 내 것…….<6E5C>방해 용서 않는다
dom3Shino_X02.mes,Script/dom3Shino_X02.mes,140,26,주인공,な、何者だお前は!<6E5C>我のものって、どういうことだ!,"너, 넌 누구냐!<6E5C>내 것이라니, 무슨 소리야!","너, 넌 누구냐!<6E5C>내 것이라니, 무슨 소리야!"
dom3Shino_X02.mes,Script/dom3Shino_X02.mes,141,8,UNKNOWN_1a,来い……色……,오라……시키,오라……시키
dom3Shino_X02.mes,Script/dom3Shino_X02.mes,142,19,Shiki,あ、あ…….<6E5C>はい……ユガ……様……,"아, 아…….<6E5C>네……유가……님……","아, 아…….<6E5C>네……유가……님……"
dom3Shino_X02.mes,Script/dom3Shino_X02.mes,143,17,주인공,駄目だ色さん、行っちゃいけない!,"안 돼 시키 씨, 가지 마!","안 돼 시키 씨, 가지 마!"
dom3Shino_X02.mes,Script/dom3Shino_X02.mes,144,7,UNKNOWN_8e,愚か者が……,어리석다……,어리석다……
dom3Shino_X02.mes,Script/dom3Shino_X02.mes,145,3,[효과음/내레이션],カッ,번쩍,번쩍
dom3Shino_X02.mes,Script/dom3Shino_X02.mes,146,14,주인공,ぐああ!……なんだ?今の光,"크아악!……뭐지, 그 빛","크아악!……뭐지, 그 빛"
dom3Shino_X02.mes,Script/dom3Shino_X02.mes,147,6,UNKNOWN_8e,ゆくぞ……,가자……,가자……
dom3Shino_X02.mes,Script/dom3Shino_X02.mes,148,8,Shiki,ユガ……様……,유가……님……,유가……님……
dom3Shino_X02.mes,Script/dom3Shino_X02.mes,149,3,[효과음/내레이션],スッ,슥,슥
dom3Shino_X02.mes,Script/dom3Shino_X02.mes,150,12,주인공,あ、ちょっと、色さん!,"아, 잠깐 시키 씨!","아, 잠깐 시키 씨!"
dom3Shino_X02.mes,Script/dom3Shino_X02.mes,151,41,주인공,くそ、あれだけ詩乃さんに色さんの<6E5C>ことを見るように頼まれたのに、<6E5C>どうしよう……,"젠장, 그렇게 시노 씨한테 시키 씨<6E5C>지켜보라고 부탁받았는데,<6E5C>어쩌지……","젠장, 그렇게 시노 씨한테 시키 씨<6E5C>지켜보라고 부탁받았는데,<6E5C>어쩌지……"
dom3Shino_X02.mes,Script/dom3Shino_X02.mes,152,12,[선택지],とにかく探す蜜蜂屋に戻る,찾는다\가게로 돌아간다,찾는다\가게로 돌아간다
dom3Shino_X02.mes,Script/dom3Shino_X02.mes,153,49,주인공,このままじゃ、<6E5C>また詩乃さんに呆れられる!<485C>俺がしっかりしてるところを、<6E5C>たまには見せないとな!,"이대로면,<6E5C>또 시노 씨한테 어이없어 보일 거야!<485C>내 야무진 모습을,<6E5C>가끔은 보여줘야지!","이대로면,<6E5C>또 시노 씨한테 어이없어 보일 거야!<485C>내 야무진 모습을,<6E5C>가끔은 보여줘야지!"
dom3Shino_X02.mes,Script/dom3Shino_X02.mes,154,24,주인공,まってろよ色さん、<6E5C>ぜったい探して連れ戻すぞ!,"기다려 시키 씨,<6E5C>꼭 찾아서 데려올 거야!","기다려 시키 씨,<6E5C>꼭 찾아서 데려올 거야!"
dom3Shino_X02.mes,Script/dom3Shino_X02.mes,155,7,[효과음/내레이션],タタタッ……,타다닥……,타다닥……
dom3Shino_X02.mes,Script/dom3Shino_X02.mes,156,17,주인공,仕方ない、一度蜜蜂屋に戻ろう……,어쩔 수 없다 가게로 돌아가자,어쩔 수 없다 가게로 돌아가자
dom3Shino_X02.mes,Script/dom3Shino_X02.mes,157,51,UNKNOWN_6d,色さんが変な男にさらわれたぁ?<6E5C>ちょっと、何やってんのよ!<485C>色さんのこと見ててって<6E5C>言ったじゃない!,"시키 씨가 이상한 남자한테 끌려갔다고?<6E5C>야, 뭐 하고 있었어!<485C>시키 씨 보라고<6E5C>말했잖아!","시키 씨가 이상한 남자한테 끌려갔다고?<6E5C>야, 뭐 하고 있었어!<485C>시키 씨 보라고<6E5C>말했잖아!"
dom3Shino_X02.mes,Script/dom3Shino_X02.mes,158,22,주인공,千夜さん、千夜さん、<6E5C>口調が詩乃さんだよ!,"치요 씨, 치요 씨,<6E5C>말투가 시노야!","치요 씨, 치요 씨,<6E5C>말투가 시노야!"
dom3Shino_X02.mes,Script/dom3Shino_X02.mes,159,53,UNKNOWN_6d,っ……とと、とにかく、<6E5C>ちゃんと救い出してきておくれ!<485C>すごすご逃げ戻ってくるなんて、<6E5C>情けないよ旦那!,"윽……아, 아무튼,<6E5C>제대로 구해서 데려와 다오!<485C>풀 죽어서 도망쳐 오다니,<6E5C>한심하네 나리!","윽……아, 아무튼,<6E5C>제대로 구해서 데려와 다오!<485C>풀 죽어서 도망쳐 오다니,<6E5C>한심하네 나리!"
dom3Shino_X02.mes,Script/dom3Shino_X02.mes,160,8,주인공,うう……はいぃ,으으……넵,으으……넵
dom3Shino_X03.mes,Script/dom3Shino_X03.mes,0,31,주인공,はぁ、はぁ…….<6E5C>くそ、夜通し探したけど、<6E5C>みつからなかった,"하아, 하아…….<6E5C>젠장, 밤새 찾아다녔지만,<6E5C>못 찾았어","하아, 하아…….<6E5C>젠장, 밤새 찾아다녔지만,<6E5C>못 찾았어"
dom3Shino_X03.mes,Script/dom3Shino_X03.mes,1,60,주인공,いったい何者なんだ、あの男は.<6E5C>それに、色さんとはどういう<6E5C>関係なんだ?<485C>いや、俺はどこかで会ってるぞ、<6E5C>あの男に……,"대체 그놈은 누구지.<6E5C>게다가, 시키 씨완 대체<6E5C>무슨 관계야?<485C>아니, 어디선가 만난 적<6E5C>있어, 그 녀석을……","대체 그놈은 누구지.<6E5C>게다가, 시키 씨완 대체<6E5C>무슨 관계야?<485C>아니, 어디선가 만난 적<6E5C>있어, 그 녀석을……"
dom3Shino_X03.mes,Script/dom3Shino_X03.mes,2,30,주인공,……そうだ!あいつは千夜さんと<6E5C>親しそうに歩いていた男だ!,……맞아! 그놈은 치요 씨랑<6E5C>친밀하게 걷던 남자야!,……맞아! 그놈은 치요 씨랑<6E5C>친밀하게 걷던 남자야!
dom3Shino_X03.mes,Script/dom3Shino_X03.mes,3,27,주인공,夜の町をふたりで消えて…….<6E5C>くそ、どういうことだ!,"밤거리로 둘이 사라지고…….<6E5C>젠장, 대체 뭐야!","밤거리로 둘이 사라지고…….<6E5C>젠장, 대체 뭐야!"
dom3Shino_X03.mes,Script/dom3Shino_X03.mes,4,49,주인공,俺だけがすっかり蚊帳の<6E5C>外じゃないか!<485C>なのにこんな走らされて……<6E5C>やめだ、やめだ!もう疲れた!,"나만 완전히 뒷전<6E5C>취급이잖아!<485C>이렇게 뛰게 하다니……<6E5C>그만두자, 그만둬! 지쳤어!","나만 완전히 뒷전<6E5C>취급이잖아!<485C>이렇게 뛰게 하다니……<6E5C>그만두자, 그만둬! 지쳤어!"
dom3Shino_X03.mes,Script/dom3Shino_X03.mes,5,37,Iroha,旦那様、やっとお帰りですか!?<6E5C>いろはは心配で夜も<6E5C>眠れませんでしたよ?,"서방님, 오셨네요!?<6E5C>이로하는 걱정돼 밤에도<6E5C>잠을 못 잤어요?","서방님, 오셨네요!?<6E5C>이로하는 걱정돼 밤에도<6E5C>잠을 못 잤어요?"
dom3Shino_X03.mes,Script/dom3Shino_X03.mes,6,42,주인공,ああ、ごめん.もう心配かけたり<6E5C>しないよ.やっぱり、いろはの元は<6E5C>落ち着いていいよ,"아, 미안.더는 걱정 끼치지<6E5C>않을게.역시 이로하 곁이<6E5C>편해서 좋아","아, 미안.더는 걱정 끼치지<6E5C>않을게.역시 이로하 곁이<6E5C>편해서 좋아"
dom3Shino_X03.mes,Script/dom3Shino_X03.mes,7,31,Iroha,ど、どうされたのですか!?<6E5C>急にそのようなことをおっしゃって,"무, 무슨 일이세요!?<6E5C>갑자기 그런 말씀을 하시고","무, 무슨 일이세요!?<6E5C>갑자기 그런 말씀을 하시고"
dom3Shino_X03.mes,Script/dom3Shino_X03.mes,8,40,주인공,(しんどい思いは嫌だ.<6E5C>心を乱され、振り回されるだけなら<6E5C>、いっそ忘れて……),"(힘든 건 싫어.<6E5C>마음만 흐트러지고 휘둘릴<6E5C>뿐이라면, 차라리 잊고……)","(힘든 건 싫어.<6E5C>마음만 흐트러지고 휘둘릴<6E5C>뿐이라면, 차라리 잊고……)"
dom3Shino_X03.mes,Script/dom3Shino_X03.mes,9,45,주인공,(まただ.また俺はこうやって<6E5C>逃げるんだ.父さんから、あの家<6E5C>から逃げ出したように――),"(또야. 또 이렇게<6E5C>도망치는구나. 아버지에게서, 그 집<6E5C>에서 도망친 것처럼――)","(또야. 또 이렇게<6E5C>도망치는구나. 아버지에게서, 그 집<6E5C>에서 도망친 것처럼――)"
dom3Shino_X03.mes,Script/dom3Shino_X03.mes,10,3,주인공,……,……,……
dom3Shino_X03.mes,Script/dom3Shino_X03.mes,11,24,UNKNOWN_75,おう、<이름:3232>じゃねぇか.<6E5C>浮かない顔してどうした,"오, <이름:3232> 아니냐.<6E5C>표정이 왜 그래","오, <이름:3232> 아니냐.<6E5C>표정이 왜 그래"
dom3Shino_X03.mes,Script/dom3Shino_X03.mes,12,19,주인공,覇王丸さん…….<6E5C>なんでもないですよ,하오마루 씨…….<6E5C>아무것도 아녜요,하오마루 씨…….<6E5C>아무것도 아녜요
dom3Shino_X03.mes,Script/dom3Shino_X03.mes,13,39,UNKNOWN_75,なんでもないって顔じゃねぇだろ.<6E5C>悩みがあるなら閉いてやるから、<6E5C>話してみな,"아무것도 아닌 얼굴이 아니잖아.<6E5C>고민 있으면 들어줄 테니까,<6E5C>말해봐","아무것도 아닌 얼굴이 아니잖아.<6E5C>고민 있으면 들어줄 테니까,<6E5C>말해봐"
dom3Shino_X03.mes,Script/dom3Shino_X03.mes,14,38,주인공,……覇王丸さんは、<6E5C>一度好きになった人になら、<6E5C>とことんついて行きますか?,"……하오마루 씨는,<6E5C>한번 좋아진 사람이라면,<6E5C>끝까지 따라가나요?","……하오마루 씨는,<6E5C>한번 좋아진 사람이라면,<6E5C>끝까지 따라가나요?"
dom3Shino_X03.mes,Script/dom3Shino_X03.mes,15,39,UNKNOWN_75,はぁ?なんでぇ、女の話かよ.<6E5C>そういうのは苦手なんだ.<6E5C>右京か他のやつに……,"하아? 뭐야, 여자 얘기냐.<6E5C>그런 건 잘 못해.<6E5C>우쿄나 딴 놈한테……","하아? 뭐야, 여자 얘기냐.<6E5C>그런 건 잘 못해.<6E5C>우쿄나 딴 놈한테……"
dom3Shino_X03.mes,Script/dom3Shino_X03.mes,16,16,주인공,そうですね……いいんです、もう,"그렇죠……됐어요, 이제","그렇죠……됐어요, 이제"
dom3Shino_X03.mes,Script/dom3Shino_X03.mes,17,57,UNKNOWN_75,ああ、待て待て!そ、そうだなぁ<485C>色恋のことはわからねぇが、<6E5C>一度信じたらとことん信じる!<6E5C>それが男ってもんだろ?,"아, 잠깐 기다려!그, 글쎄다<485C>연애는 잘 모르지만,<6E5C>한번 믿으면 끝까지 믿는다!<6E5C>그게 사내 아니겠냐?","아, 잠깐 기다려!그, 글쎄다<485C>연애는 잘 모르지만,<6E5C>한번 믿으면 끝까지 믿는다!<6E5C>그게 사내 아니겠냐?"
dom3Shino_X03.mes,Script/dom3Shino_X03.mes,18,12,주인공,でも、裏切られたら……,"근데, 배신당하면……","근데, 배신당하면……"
dom3Shino_X03.mes,Script/dom3Shino_X03.mes,19,46,UNKNOWN_75,男がそんなことでビビッてどうする<6E5C>!じゃあ、なんだ?てめぇは損得で<6E5C>人を好きになんのかい?,사내가 그런 걸로 쫄면 어떡해<6E5C>! 그럼 뭐냐? 손익 따져서<6E5C>사람을 좋아하는 거냐?,사내가 그런 걸로 쫄면 어떡해<6E5C>! 그럼 뭐냐? 손익 따져서<6E5C>사람을 좋아하는 거냐?
dom3Shino_X03.mes,Script/dom3Shino_X03.mes,20,9,주인공,そういうわけじゃ,그런 건 아닌데,그런 건 아닌데
dom3Shino_X03.mes,Script/dom3Shino_X03.mes,21,54,UNKNOWN_75,信じるっていうのは、<6E5C>そういうことじゃねぇ<485C>どんなことがあろうと突き進む.<6E5C>気持ちがゆらいじゃいけねぇんだ,"믿는다는 건,<6E5C>그런 게 아니야<485C>무슨 일 있어도 밀고 나가는 거다.<6E5C>마음이 흔들리면 안 돼","믿는다는 건,<6E5C>그런 게 아니야<485C>무슨 일 있어도 밀고 나가는 거다.<6E5C>마음이 흔들리면 안 돼"
dom3Shino_X03.mes,Script/dom3Shino_X03.mes,22,17,주인공,そんなこと、なかなかできませんよ,"그런 거, 좀처럼 안 되던데요","그런 거, 좀처럼 안 되던데요"
dom3Shino_X03.mes,Script/dom3Shino_X03.mes,23,53,UNKNOWN_75,何かを信じるってことは、<6E5C>信じて進む自分も信じ抜くって<6E5C>ことさ<485C>途中で逃げちゃ、<6E5C>自分を裏切ったも同然だ,"뭔가를 믿는 건,<6E5C>믿고 나아가는 자신마저 믿는<6E5C>거다<485C>도중에 도망치면,<6E5C>자신을 배신한 거나 같다","뭔가를 믿는 건,<6E5C>믿고 나아가는 자신마저 믿는<6E5C>거다<485C>도중에 도망치면,<6E5C>자신을 배신한 거나 같다"
dom3Shino_X03.mes,Script/dom3Shino_X03.mes,24,3,주인공,……,……,……
dom3Shino_X03.mes,Script/dom3Shino_X03.mes,25,53,UNKNOWN_75,そんなやつは、色恋だけじゃねぇ.<6E5C>何からも逃げ出しちまう<485C>自分の気持ちも信じられねぇ男は<6E5C>男じゃねぇのよ,"그런 놈은, 연애뿐만이 아니야.<6E5C>뭐든지 도망쳐버리지<485C>자기 마음도 못 믿는 사내는<6E5C>사내가 아니지","그런 놈은, 연애뿐만이 아니야.<6E5C>뭐든지 도망쳐버리지<485C>자기 마음도 못 믿는 사내는<6E5C>사내가 아니지"
dom3Shino_X03.mes,Script/dom3Shino_X03.mes,26,63,주인공,(そうだ…….<6E5C>俺は父さんから逃げ、詩乃さんの<6E5C>ことすら投げ出した)<485C>(こんなことを、俺はこれから先、<6E5C>何度も繰り返すのか),"(그래…….<6E5C>아버지에게서 도망쳤고, 시노 씨<6E5C>일도 내팽개쳤어)<485C>(이런 짓을, 앞으로도,<6E5C>몇 번이고 반복할까)","(그래…….<6E5C>아버지에게서 도망쳤고, 시노 씨<6E5C>일도 내팽개쳤어)<485C>(이런 짓을, 앞으로도,<6E5C>몇 번이고 반복할까)"
dom3Shino_X03.mes,Script/dom3Shino_X03.mes,27,55,주인공,(俺は詩乃さんが……好きだ!)<485C>(詩乃さんだって、俺を信じ<6E5C>俺だけに秘密を打ち明けて<6E5C>くれたのじゃないか!),"(나는 시노 씨가……좋아!)<485C>(시노 씨도, 나를 믿고<6E5C>나한테만 비밀을 털어<6E5C>놓아줬잖아!)","(나는 시노 씨가……좋아!)<485C>(시노 씨도, 나를 믿고<6E5C>나한테만 비밀을 털어<6E5C>놓아줬잖아!)"
dom3Shino_X03.mes,Script/dom3Shino_X03.mes,28,71,주인공,(もし、まだ隠していることが<6E5C>あっても、それがなんだ!)<485C>(どんな真実でも、俺の詩乃さんを<6E5C>想う気持ちは変わらない……<6E5C>そうじゃないのか!),"(설령, 아직 숨긴 게<6E5C>있다 해도, 그게 뭐 어때!)<485C>(어떤 진실이든, 시노 씨를<6E5C>생각하는 맘은 변치 않아……<6E5C>그렇잖아!)","(설령, 아직 숨긴 게<6E5C>있다 해도, 그게 뭐 어때!)<485C>(어떤 진실이든, 시노 씨를<6E5C>생각하는 맘은 변치 않아……<6E5C>그렇잖아!)"
dom3Shino_X03.mes,Script/dom3Shino_X03.mes,29,32,주인공,詩乃さん、待ってろ!<6E5C>俺は何があっても詩乃さんを<6E5C>救うからな!,기다려요!<6E5C>무슨 일이 있어도 시노 씨를<6E5C>구할 테니까!,기다려요!<6E5C>무슨 일이 있어도 시노 씨를<6E5C>구할 테니까!
dom3Shino_X03.mes,Script/dom3Shino_X03.mes,30,7,[효과음/내레이션],ダダダッ……,다다닷……,다다닷……
dom3Shino_X03.mes,Script/dom3Shino_X03.mes,31,51,주인공,あ、あれ?誰もいない…….<6E5C>どういうことだ!?<485C>むささび屋が休みだったことなんて<6E5C>今までなかったぞ!,"어, 어라? 아무도 없어…….<6E5C>어떻게 된 거야!?<485C>무사사비야가 쉰 적은<6E5C>지금까지 없었는데!","어, 어라? 아무도 없어…….<6E5C>어떻게 된 거야!?<485C>무사사비야가 쉰 적은<6E5C>지금까지 없었는데!"
dom3Shino_X03.mes,Script/dom3Shino_X03.mes,32,36,주인공,まさか、色さんだけでなく<6E5C>詩乃さんも…….<6E5C>くそ、こうしちゃいれない!,"설마, 시키 씨뿐 아니라<6E5C>시노 씨까지…….<6E5C>이럴 때가 아냐!","설마, 시키 씨뿐 아니라<6E5C>시노 씨까지…….<6E5C>이럴 때가 아냐!"
dom3Shino_X03.mes,Script/dom3Shino_X03.mes,33,3,[효과음/내레이션],ダッ,닷,닷
dom3Shino_X03.mes,Script/dom3Shino_X03.mes,34,40,주인공,詩乃さーーん!色さーーん!<6E5C>嫌な予感がする.なんとしても、<6E5C>探し出さないと……,시노 씨!시키 씨!<6E5C>불길한 예감이 들어. 어떻게든<6E5C>찾아내야……,시노 씨!시키 씨!<6E5C>불길한 예감이 들어. 어떻게든<6E5C>찾아내야……
dom3Shino_X03.mes,Script/dom3Shino_X03.mes,35,12,주인공,あ!あそこにいるのは!,아! 저기 있는 건!,아! 저기 있는 건!
dom3Shino_X03.mes,Script/dom3Shino_X03.mes,36,21,주인공,色さん!<6E5C>よかった、無事だったんですね!,"시키 씨!<6E5C>다행이다, 무사하셨군요!","시키 씨!<6E5C>다행이다, 무사하셨군요!"
dom3Shino_X03.mes,Script/dom3Shino_X03.mes,37,9,Shiki,あなた……は……,당신……은……,당신……은……
dom3Shino_X03.mes,Script/dom3Shino_X03.mes,38,25,주인공,しっかりしてください!<6E5C>ほら、もう大丈夫ですから,"정신 차리세요!<6E5C>자, 이제 괜찮으니까요","정신 차리세요!<6E5C>자, 이제 괜찮으니까요"
dom3Shino_X03.mes,Script/dom3Shino_X03.mes,39,14,UNKNOWN_1e,邪魔立てするか、おぬし……,"방해할 셈이냐, 네놈……","방해할 셈이냐, 네놈……"
dom3Shino_X03.mes,Script/dom3Shino_X03.mes,40,8,주인공,お、おまえは!,"너, 넌!","너, 넌!"
dom3Shino_X03.mes,Script/dom3Shino_X03.mes,41,27,UNKNOWN_8e,今から異界の門を開く…….<6E5C>おぬしは下がっておれ……,이제 이계 문을 연다…….<6E5C>네놈은 물러나 있거라,이제 이계 문을 연다…….<6E5C>네놈은 물러나 있거라
dom3Shino_X03.mes,Script/dom3Shino_X03.mes,42,28,주인공,異界の門?なんだそれ.<6E5C>とにかく、色さんは渡さないぞ!,"이계 문? 뭔데.<6E5C>아무튼, 시키 씨는 못 넘겨!","이계 문? 뭔데.<6E5C>아무튼, 시키 씨는 못 넘겨!"
dom3Shino_X03.mes,Script/dom3Shino_X03.mes,43,12,UNKNOWN_8e,フン……こしゃくな……,흥……건방진……,흥……건방진……
dom3Shino_X03.mes,Script/dom3Shino_X03.mes,44,3,[효과음/내레이션],カッ,캇,캇
dom3Shino_X03.mes,Script/dom3Shino_X03.mes,45,5,주인공,うわっ!,우왓!,우왓!
dom3Shino_X03.mes,Script/dom3Shino_X03.mes,46,15,UNKNOWN_8e,消えるがよい……ゴミめが……,사라져라……쓰레기……,사라져라……쓰레기……
dom3Shino_X03.mes,Script/dom3Shino_X03.mes,47,17,주인공,そ、そう簡単に消されてたまるか!,"그, 그렇게 쉽게 사라질까!","그, 그렇게 쉽게 사라질까!"
dom3Shino_X03.mes,Script/dom3Shino_X03.mes,48,5,[효과음/내레이션],チャキッ,챠킷,챠킷
dom3Shino_X03.mes,Script/dom3Shino_X03.mes,49,17,UNKNOWN_8e,フ……そんな刀で何をするつもりか,흐……그런 칼로 뭘 할 셈이지,흐……그런 칼로 뭘 할 셈이지
dom3Shino_X03.mes,Script/dom3Shino_X03.mes,50,15,주인공,おまえをたたっ斬るつもりだ!,널 베어버릴 생각이다!,널 베어버릴 생각이다!
dom3Shino_X03.mes,Script/dom3Shino_X03.mes,51,4,[효과음/내레이션],キンッ,챙,챙
dom3Shino_X03.mes,Script/dom3Shino_X03.mes,52,4,[효과음/내레이션],キンッ,챙,챙
dom3Shino_X03.mes,Script/dom3Shino_X03.mes,53,9,주인공,くそ……手ごわい,젠장……만만찮아,젠장……만만찮아
dom3Shino_X03.mes,Script/dom3Shino_X03.mes,54,22,UNKNOWN_8e,そんな腕で我が斬れるか……<6E5C>潔く闇に消えよ,그 솜씨로 날 베겠나……<6E5C>곱게 사라져라,그 솜씨로 날 베겠나……<6E5C>곱게 사라져라
dom3Shino_X03.mes,Script/dom3Shino_X03.mes,55,4,[효과음/내레이션],ゴオッ,고옷,고옷
dom3Shino_X03.mes,Script/dom3Shino_X03.mes,56,7,주인공,うああああ!,으아아악!,으아아악!
dom3Shino_X03.mes,Script/dom3Shino_X03.mes,57,7,[효과음/내레이션],カカカカッ!,카카카칵!,카카카칵!
dom3Shino_X03.mes,Script/dom3Shino_X03.mes,58,4,UNKNOWN_8e,ム……,음……,음……
dom3Shino_X03.mes,Script/dom3Shino_X03.mes,59,15,주인공,……な、なんだ?……手裏剣?,"……뭐, 뭐지?……수리검?","……뭐, 뭐지?……수리검?"
dom3Shino_X03.mes,Script/dom3Shino_X03.mes,60,30,UNKNOWN_1e,そこまでだ!あんたの悪事、<6E5C>あたいが全て暴かせてもらった!,"거기까지다! 당신의 악행,<6E5C>내가 전부 밝혀냈다!","거기까지다! 당신의 악행,<6E5C>내가 전부 밝혀냈다!"
dom3Shino_X03.mes,Script/dom3Shino_X03.mes,61,12,주인공,え!?どこから声が……,어? 어디서 소리?,어? 어디서 소리?
dom3Shino_X03.mes,Script/dom3Shino_X03.mes,62,38,UNKNOWN_1e,てめぇの不蒋な悪行三昧……<6E5C>お天道様が許しても、<6E5C>このあたいが許さないよ!,"네놈의 몹쓸 악행은……<6E5C>하늘이 용서해도,<6E5C>이 몸이 용서 못 해!","네놈의 몹쓸 악행은……<6E5C>하늘이 용서해도,<6E5C>이 몸이 용서 못 해!"
dom3Shino_X03.mes,Script/dom3Shino_X03.mes,63,4,주인공,上!?,위!?,위!?
dom3Shino_X03.mes,Script/dom3Shino_X03.mes,64,38,Shino,おとなしく観念しな!<6E5C>詩乃さんが来たからには、<6E5C>もう逃げられないんだから!,"얌전히 포기해!<6E5C>시노 씨가 왔으니까,<6E5C>이제 못 도망가!","얌전히 포기해!<6E5C>시노 씨가 왔으니까,<6E5C>이제 못 도망가!"
dom3Shino_X03.mes,Script/dom3Shino_X03.mes,65,9,주인공,し、詩乃さん!?,"시, 시노씨!?","시, 시노씨!?"
dom3Shino_X03.mes,Script/dom3Shino_X03.mes,66,16,UNKNOWN_8e,貴様、あの小汚い店の小娘か……,"네놈, 그 가게 계집이냐……","네놈, 그 가게 계집이냐……"
dom3Shino_X03.mes,Script/dom3Shino_X03.mes,67,47,Shino,どこが小汚いだってぇ!?<6E5C>あたいの店を侮辱すると、<6E5C>ひどい目に遭うよ!<485C>早く色さんを離しな!,"어디가 지저분해!?<6E5C>내 가게를 모욕하면,<6E5C>혼쭐날 줄 알아!<485C>빨리 시키 씨 놔줘!","어디가 지저분해!?<6E5C>내 가게를 모욕하면,<6E5C>혼쭐날 줄 알아!<485C>빨리 시키 씨 놔줘!"
dom3Shino_X03.mes,Script/dom3Shino_X03.mes,68,7,[효과음/내레이션],カカカカッ!,카카카칵!,카카카칵!
dom3Shino_X03.mes,Script/dom3Shino_X03.mes,69,5,UNKNOWN_8e,ヌゥ……,누우……,누우……
dom3Shino_X03.mes,Script/dom3Shino_X03.mes,70,19,주인공,(すごい!あのユガがひるんでる!<6E5C>),(대단해! 유가가 움찔했어!<6E5C>),(대단해! 유가가 움찔했어!<6E5C>)
dom3Shino_X03.mes,Script/dom3Shino_X03.mes,71,13,UNKNOWN_8e,ものども……であえぃっ!,게 있느냐……나와랏!,게 있느냐……나와랏!
dom3Shino_X03.mes,Script/dom3Shino_X03.mes,72,3,Shino,よっ,이얍,이얍
dom3Shino_X03.mes,Script/dom3Shino_X03.mes,73,3,[효과음/내레이션],ダッ,닷,닷
dom3Shino_X03.mes,Script/dom3Shino_X03.mes,74,8,[효과음/내레이션],バラバラバラッ,다다다다닷,다다다다닷
dom3Shino_X03.mes,Script/dom3Shino_X03.mes,75,10,[효과음/내레이션],チャキチャキチャキ,챠캇챠캇챠캇,챠캇챠캇챠캇
dom3Shino_X03.mes,Script/dom3Shino_X03.mes,76,9,주인공,くぅ、囲まれた!,"큭, 포위됐다!","큭, 포위됐다!"
dom3Shino_X03.mes,Script/dom3Shino_X03.mes,77,5,[효과음/내레이션],シュタッ,슈탓,슈탓
dom3Shino_X03.mes,Script/dom3Shino_X03.mes,78,28,Shino,なぁにあせってんの.<6E5C>あたいが来たからには大丈夫だよ!,뭘 그렇게 조급해해.<6E5C>내가 왔으니까 이제 괜찮아!,뭘 그렇게 조급해해.<6E5C>내가 왔으니까 이제 괜찮아!
dom3Shino_X03.mes,Script/dom3Shino_X03.mes,79,23,주인공,詩乃さん…….<6E5C>っていうか、本当に詩乃さん?,"시노 씨…….<6E5C>근데, 진짜 시노 씨예요?","시노 씨…….<6E5C>근데, 진짜 시노 씨예요?"
dom3Shino_X03.mes,Script/dom3Shino_X03.mes,80,18,Shino,やぁね、まだわかんないの?<6E5C>エイッ,"참 나, 아직도 몰라?<6E5C>얍","참 나, 아직도 몰라?<6E5C>얍"
dom3Shino_X03.mes,Script/dom3Shino_X03.mes,81,17,Shino,あるときは茶屋のオテンバ看板娘!,찻집의 말괄량이 간판아씨!,찻집의 말괄량이 간판아씨!
dom3Shino_X03.mes,Script/dom3Shino_X03.mes,82,23,Shino,またあるときは、<6E5C>妖鮑でせくしぃな芸妓さん!,"또 어떤 때는,<6E5C>요염하고 섹시한 게이샤!","또 어떤 때는,<6E5C>요염하고 섹시한 게이샤!"
dom3Shino_X03.mes,Script/dom3Shino_X03.mes,83,12,Shino,しかして、その実態は!,"하지만, 그 정체는!","하지만, 그 정체는!"
dom3Shino_X03.mes,Script/dom3Shino_X03.mes,84,30,Shino,愛のくノ一、らぶりぃ詩乃さんさっ<6E5C>!ユガ、覚悟しなさいよ!,"사랑의 여닌자, 러블리 시노<6E5C>씨야! 유가, 각오해!","사랑의 여닌자, 러블리 시노<6E5C>씨야! 유가, 각오해!"
dom3Shino_X03.mes,Script/dom3Shino_X03.mes,85,36,주인공,す、すごい…….<6E5C>言葉の意味はわからないが、<6E5C>なんだか迫力だけは感じる,"대, 대단해…….<6E5C>무슨 말인지는 모르겠지만,<6E5C>왠지 기세는 느껴져","대, 대단해…….<6E5C>무슨 말인지는 모르겠지만,<6E5C>왠지 기세는 느껴져"
dom3Shino_X03.mes,Script/dom3Shino_X03.mes,86,3,[효과음/내레이션],ダッ,닷,닷
dom3Shino_X03.mes,Script/dom3Shino_X03.mes,87,23,UNKNOWN_1e,詩乃、抜かるでないぞ!<6E5C>敵の前で油断するな!,"시노, 방심 마!<6E5C>적 앞서 정신 차려!","시노, 방심 마!<6E5C>적 앞서 정신 차려!"
dom3Shino_X03.mes,Script/dom3Shino_X03.mes,88,25,Shino,大丈夫よ、おじいちゃん.<6E5C>ヘマなんてしないから!,"괜찮아, 할아버지.<6E5C>실수 같은 거 안 해!","괜찮아, 할아버지.<6E5C>실수 같은 거 안 해!"
dom3Shino_X03.mes,Script/dom3Shino_X03.mes,89,4,UNKNOWN_a2,うむっ,음,음
dom3Shino_X03.mes,Script/dom3Shino_X03.mes,90,3,[효과음/내레이션],ダッ,닷,닷
dom3Shino_X03.mes,Script/dom3Shino_X03.mes,91,27,주인공,でぇ!?この黒い忍者、<6E5C>あのヨボヨボのおじいさん!?,"뭐!? 이 검은 닌자가,<6E5C>그 비실한 할아버지!?","뭐!? 이 검은 닌자가,<6E5C>그 비실한 할아버지!?"
dom3Shino_X03.mes,Script/dom3Shino_X03.mes,92,32,주인공,この姿……前にむささび屋を襲った<6E5C>、刀を持った男じゃないか!?,"이 모습……전에 무사사비야 습격한<6E5C>, 칼 든 남자잖아!?","이 모습……전에 무사사비야 습격한<6E5C>, 칼 든 남자잖아!?"
dom3Shino_X03.mes,Script/dom3Shino_X03.mes,93,14,UNKNOWN_a2,あれはおぬしを試したんじゃ,그건 네놈을 시험한 게야,그건 네놈을 시험한 게야
dom3Shino_X03.mes,Script/dom3Shino_X03.mes,94,16,주인공,はぁ?いったい、どういうこと?,"하아? 대체, 무슨 소리야?","하아? 대체, 무슨 소리야?"
dom3Shino_X03.mes,Script/dom3Shino_X03.mes,95,37,Shino,ちょっと説明してるヒマないかも?<6E5C>生きて切り抜けられたら教えて<6E5C>アゲルッ,지금은 설명할 틈이 없을지도?<6E5C>살아서 빠져나가면 그때<6E5C>알려줄게,지금은 설명할 틈이 없을지도?<6E5C>살아서 빠져나가면 그때<6E5C>알려줄게
dom3Shino_X03.mes,Script/dom3Shino_X03.mes,96,5,주인공,えぇ~?,에엣~?,에엣~?
dom3Shino_X03.mes,Script/dom3Shino_X03.mes,97,6,UNKNOWN_a8,どりゃーっ,이야앗,이야앗
dom3Shino_X03.mes,Script/dom3Shino_X03.mes,98,4,주인공,うわわ,우와악,우와악
dom3Shino_X03.mes,Script/dom3Shino_X03.mes,99,4,[효과음/내레이션],キンッ,챙,챙
dom3Shino_X03.mes,Script/dom3Shino_X03.mes,100,30,Shino,ほらほら、頑張って!<6E5C>あたいは親分の方<6E5C>かたづけとくから!,"자자, 힘내!<6E5C>나는 두목 쪽을<6E5C>처리해둘 테니까!","자자, 힘내!<6E5C>나는 두목 쪽을<6E5C>처리해둘 테니까!"
dom3Shino_X03.mes,Script/dom3Shino_X03.mes,101,3,[효과음/내레이션],ダッ,닷,닷
dom3Shino_X03.mes,Script/dom3Shino_X03.mes,102,6,UNKNOWN_8e,小娘が……,계집이……,계집이……
dom3Shino_X03.mes,Script/dom3Shino_X03.mes,103,21,주인공,え、ちょっと、<6E5C>大丈夫なのかよ詩乃さん!,"어, 잠깐,<6E5C>괜찮은 거야 시노 씨!","어, 잠깐,<6E5C>괜찮은 거야 시노 씨!"
dom3Shino_X03.mes,Script/dom3Shino_X03.mes,104,17,UNKNOWN_a8,てめぇ、よそ見してんじゃねぇー!,"네놈, 한눈팔지 마라―!","네놈, 한눈팔지 마라―!"
dom3Shino_X03.mes,Script/dom3Shino_X03.mes,105,5,주인공,うおっと,우옷,우옷
dom3Shino_X03.mes,Script/dom3Shino_X03.mes,106,13,[선택지],詩乃を追う手下をやっつける,시노 쫓는 놈을 해치운다,시노 쫓는 놈을 해치운다
dom3Shino_X03.mes,Script/dom3Shino_X03.mes,107,5,[효과음/내레이션],ひょいっ,휙,휙
dom3Shino_X03.mes,Script/dom3Shino_X03.mes,108,22,주인공,詩乃さん!<6E5C>そんなやつ、ひとりじゃ危険だ!,"시노 씨!<6E5C>그런 놈, 혼자선 위험해!","시노 씨!<6E5C>그런 놈, 혼자선 위험해!"
dom3Shino_X03.mes,Script/dom3Shino_X03.mes,109,12,UNKNOWN_a8,危険なのはてめぇだぁ!,위험한 건 네놈이다!,위험한 건 네놈이다!
dom3Shino_X03.mes,Script/dom3Shino_X03.mes,110,4,[효과음/내레이션],ドガッ,퍽,퍽
dom3Shino_X03.mes,Script/dom3Shino_X03.mes,111,6,주인공,ぐああっ!,크아악!,크아악!
dom3Shino_X03.mes,Script/dom3Shino_X03.mes,112,40,Shino,何やってんのよ<이름:3232>さん!<6E5C>あたいなんかにかまってたら<6E5C>死んじゃうわよっ!えいっ,뭐 하는 거야<이름:3232>씨!<6E5C>나 따위한테 신경 쓰다간<6E5C>죽는다고! 얍,뭐 하는 거야<이름:3232>씨!<6E5C>나 따위한테 신경 쓰다간<6E5C>죽는다고! 얍
dom3Shino_X03.mes,Script/dom3Shino_X03.mes,113,5,[효과음/내레이션],ザシュッ,촤악,촤악
dom3Shino_X03.mes,Script/dom3Shino_X03.mes,114,6,UNKNOWN_a8,うああ~っ,으아악~,으아악~
dom3Shino_X03.mes,Script/dom3Shino_X03.mes,115,20,주인공,うそ.<6E5C>詩乃さんに助けられちゃった……,말도 안 돼.<6E5C>시노 씨 덕에 살았네,말도 안 돼.<6E5C>시노 씨 덕에 살았네
dom3Shino_X03.mes,Script/dom3Shino_X03.mes,116,36,주인공,詩乃さんが、<6E5C>まさか刀を持つなんて…….<6E5C>よし、俺も負けてられないな!,"시노 씨가,<6E5C>설마 칼을 들 줄이야…….<6E5C>나도 질 순 없지!","시노 씨가,<6E5C>설마 칼을 들 줄이야…….<6E5C>나도 질 순 없지!"
dom3Shino_X03.mes,Script/dom3Shino_X03.mes,117,4,[효과음/내레이션],キンッ,챙,챙
dom3Shino_X03.mes,Script/dom3Shino_X03.mes,118,4,[효과음/내레이션],キンッ,챙,챙
dom3Shino_X03.mes,Script/dom3Shino_X03.mes,119,5,[효과음/내레이션],ザシュッ,촤악,촤악
dom3Shino_X03.mes,Script/dom3Shino_X03.mes,120,6,UNKNOWN_a8,うああ~っ,으아악~,으아악~
dom3Shino_X03.mes,Script/dom3Shino_X03.mes,121,33,주인공,ふぅ.とにかく、詩乃さんを<6E5C>助太刀できるように突き進まないと<6E5C>!,"후.아무튼, 시노 씨를<6E5C>도울 수 있게 밀고 나가야지<6E5C>!","후.아무튼, 시노 씨를<6E5C>도울 수 있게 밀고 나가야지<6E5C>!"
dom3Shino_X03.mes,Script/dom3Shino_X03.mes,122,23,UNKNOWN_8e,しかたない…….<6E5C>ここは一時退いてやろう……,어쩔 수 없군…….<6E5C>잠시 물러나지……,어쩔 수 없군…….<6E5C>잠시 물러나지……
dom3Shino_X03.mes,Script/dom3Shino_X03.mes,123,8,[효과음/내레이션],ゴゴゴゴゴ……,고고고고고……,고고고고고……
dom3Shino_X03.mes,Script/dom3Shino_X03.mes,124,11,Shino,ああっ!待ちなさい!,앗! 거기 서!,앗! 거기 서!
dom3Shino_X03.mes,Script/dom3Shino_X03.mes,125,11,주인공,うっ、煙とともに……,"윽, 연기 속으로","윽, 연기 속으로"
dom3Shino_X03.mes,Script/dom3Shino_X03.mes,126,13,Shino,……ちぇっ、逃しちゃった,"……칫, 놓쳐버렸네","……칫, 놓쳐버렸네"
dom3Shino_X03.mes,Script/dom3Shino_X03.mes,127,22,주인공,とりあえず……<6E5C>色さんは取り戻せてよかった,일단은……<6E5C>시키 씨를 되찾아서 다행이야,일단은……<6E5C>시키 씨를 되찾아서 다행이야
dom3Shino_X03.mes,Script/dom3Shino_X03.mes,128,25,Shino,そうね.<이름:3232>さんの手助けの<6E5C>おかげね.ありがとう,그러게.<이름:3232>씨가 도와준<6E5C>덕분이네.고마워,그러게.<이름:3232>씨가 도와준<6E5C>덕분이네.고마워
dom3Shino_X03.mes,Script/dom3Shino_X03.mes,129,15,주인공,……で、もう説明してくれる?,"……그래서, 설명해줄래?","……그래서, 설명해줄래?"
dom3Shino_X03.mes,Script/dom3Shino_X03.mes,130,28,Shino,あはは.説明も何も、見ての通り、<6E5C>あたいは、くノ一なの,"아하하.설명이고 뭐고, 보다시피,<6E5C>나는, 여닌자야","아하하.설명이고 뭐고, 보다시피,<6E5C>나는, 여닌자야"
dom3Shino_X03.mes,Script/dom3Shino_X03.mes,131,53,주인공,見ての通りって、さっぱり<6E5C>わからないよ!<485C>そんなハデな姿で忍者?<6E5C>だいたい、なんで詩乃さんが<6E5C>忍者なの?,"보다시피라니, 전혀<6E5C>모르겠는데!<485C>그리 화려한 모습으로 닌자?<6E5C>애초에, 왜 시노 씨가<6E5C>닌자야?","보다시피라니, 전혀<6E5C>모르겠는데!<485C>그리 화려한 모습으로 닌자?<6E5C>애초에, 왜 시노 씨가<6E5C>닌자야?"
dom3Shino_X03.mes,Script/dom3Shino_X03.mes,132,31,Shino,なんでって、生まれたときから<6E5C>だから仕方ないじゃない.家系よ,"왜냐니, 태어날 때부터<6E5C>그런 걸 어쩌겠어.집안이야","왜냐니, 태어날 때부터<6E5C>그런 걸 어쩌겠어.집안이야"
dom3Shino_X03.mes,Script/dom3Shino_X03.mes,133,6,주인공,お店は……,가게는……,가게는……
dom3Shino_X03.mes,Script/dom3Shino_X03.mes,134,63,Shino,もともと、この町にはびこる悪を<6E5C>退治するため、あたいと<6E5C>おじいちゃんはやって来たの<485C>茶屋と揚屋は、情報収集には<6E5C>最適なのよね,"원래, 이 마을에 판치는 악을<6E5C>퇴치하려고, 나랑<6E5C>할아버지가 온 거야<485C>찻집이랑 유곽은, 정보 수집에는<6E5C>딱 좋거든","원래, 이 마을에 판치는 악을<6E5C>퇴치하려고, 나랑<6E5C>할아버지가 온 거야<485C>찻집이랑 유곽은, 정보 수집에는<6E5C>딱 좋거든"
dom3Shino_X03.mes,Script/dom3Shino_X03.mes,135,29,주인공,情報収集……じゃあ、今の姿が、<6E5C>詩乃さんの本当の姿……?,"정보 수집……그럼, 이 모습이<6E5C>시노 씨 진짜 모습?","정보 수집……그럼, 이 모습이<6E5C>시노 씨 진짜 모습?"
dom3Shino_X03.mes,Script/dom3Shino_X03.mes,136,36,Shino,もぅ、本物も偽物もないわよ.<6E5C>どれもあたい!<6E5C>変なことにこだわるわねぇ,"정말, 진짜도 가짜도 없어.<6E5C>다 나야!<6E5C>이상한 거에 신경 쓰네","정말, 진짜도 가짜도 없어.<6E5C>다 나야!<6E5C>이상한 거에 신경 쓰네"
dom3Shino_X03.mes,Script/dom3Shino_X03.mes,137,38,주인공,じゃ、あの男と夜の町に<6E5C>消えてたのも、悪事を探るため……<6E5C>.な、なんだ……,"그럼, 그 남자랑 밤거리에<6E5C>사라진 것도 악행 캐려고<6E5C>.뭐, 뭐야……","그럼, 그 남자랑 밤거리에<6E5C>사라진 것도 악행 캐려고<6E5C>.뭐, 뭐야……"
dom3Shino_X03.mes,Script/dom3Shino_X03.mes,138,6,[효과음/내레이션],へなへな~,휘청휘청,휘청휘청
dom3Shino_X03.mes,Script/dom3Shino_X03.mes,139,15,Shino,どうしたの?腰くだけちゃって,왜 그래? 다리가 풀려서,왜 그래? 다리가 풀려서
dom3Shino_X03.mes,Script/dom3Shino_X03.mes,140,25,주인공,いや……もう、すごい取りこし<6E5C>苦労をしちゃってね,"아니……진짜, 엄청 괜한<6E5C>걱정을 했었네","아니……진짜, 엄청 괜한<6E5C>걱정을 했었네"
dom3Shino_X03.mes,Script/dom3Shino_X03.mes,141,64,Shino,へばってる場合じゃないわよ.<6E5C>気を引き締めないといけないのは<6E5C>これからなんだから!<485C>またユガは色さんを取り戻しに<6E5C>やってくるわ,지쳐 있을 때가 아니야.<6E5C>정신 바짝 차려야 하는 건<6E5C>지금부터니까!<485C>또 유가가 시키 씨를 되찾으러<6E5C>올 거야,지쳐 있을 때가 아니야.<6E5C>정신 바짝 차려야 하는 건<6E5C>지금부터니까!<485C>또 유가가 시키 씨를 되찾으러<6E5C>올 거야
dom3Shino_X03.mes,Script/dom3Shino_X03.mes,142,23,주인공,そ、そうか.そもそも、<6E5C>ユガとは何者なんだ?,"그, 그렇구나.애초에,<6E5C>유가란 뭐야?","그, 그렇구나.애초에,<6E5C>유가란 뭐야?"
dom3Shino_X03.mes,Script/dom3Shino_X03.mes,143,68,Shino,この町を仕切ってるヤクザの親分よ<6E5C>.それだけならまぁいいんだけど、<485C>家老と結託して昔から人々を<6E5C><CF16>めたり、悪事の数々を<6E5C>はたらいてるの,"이 마을 주무르는 야쿠자 두목이야<6E5C>.그거면 낫겠지만,<485C>가로랑 결탁해 사람들을<6E5C><CF16>거나, 온갖 나쁜 짓을<6E5C>일삼고 있어","이 마을 주무르는 야쿠자 두목이야<6E5C>.그거면 낫겠지만,<485C>가로랑 결탁해 사람들을<6E5C><CF16>거나, 온갖 나쁜 짓을<6E5C>일삼고 있어"
dom3Shino_X03.mes,Script/dom3Shino_X03.mes,144,10,주인공,よくある大悪党だね,흔한 대악당이네,흔한 대악당이네
dom3Shino_X03.mes,Script/dom3Shino_X03.mes,145,49,Shino,それが、今回はよくあるじゃすまな<6E5C>いことをしでかしてて…….それを<6E5C>阻止するのが、あたいらの任務,"근데, 이번엔 흔한 걸로 안 끝날<6E5C>짓을 저질러서…….그걸<6E5C>막는 게, 우리 임무야","근데, 이번엔 흔한 걸로 안 끝날<6E5C>짓을 저질러서…….그걸<6E5C>막는 게, 우리 임무야"
dom3Shino_X03.mes,Script/dom3Shino_X03.mes,146,24,주인공,よくあるじゃすまない……<6E5C>色さんをあやつって?,흔한 걸로 안 끝나……<6E5C>시키 씨 조종해서?,흔한 걸로 안 끝나……<6E5C>시키 씨 조종해서?
dom3Shino_X03.mes,Script/dom3Shino_X03.mes,147,46,Shino,そう.異界に通じる門を開き、<6E5C>邪悪な神を復活させて世界を手中に<6E5C>収めようとたくらんでるのよ,"맞아. 이계 통하는 문을 열어,<6E5C>사신을 부활시켜 세계를 손에<6E5C>넣으려고 꾸미고 있어","맞아. 이계 통하는 문을 열어,<6E5C>사신을 부활시켜 세계를 손에<6E5C>넣으려고 꾸미고 있어"
dom3Shino_X03.mes,Script/dom3Shino_X03.mes,148,17,주인공,……さ、さっぱりわからない話だな,"……저, 전혀 모르겠는 얘기네","……저, 전혀 모르겠는 얘기네"
dom3Shino_X03.mes,Script/dom3Shino_X03.mes,149,46,Shino,とにかく、難しい話を抜きにして<6E5C>要約すれば、色さんを守ってユガを<6E5C>倒せばいいの.わかった?,"아무튼, 어려운 얘기 빼고<6E5C>요약하면, 시키 씨 지키며 유가<6E5C>쓰러뜨리면 돼.알겠지?","아무튼, 어려운 얘기 빼고<6E5C>요약하면, 시키 씨 지키며 유가<6E5C>쓰러뜨리면 돼.알겠지?"
dom3Shino_X03.mes,Script/dom3Shino_X03.mes,150,11,주인공,すごくよくわかったよ,완전 잘 알았어,완전 잘 알았어
dom3Shino_X03.mes,Script/dom3Shino_X03.mes,151,48,Shino,じゃ、色さんのことは頼んだわよ?<6E5C>あたいはおじいちゃんとふたりで<6E5C>ユガの本拠地をさぐってるから,"그럼, 시키 씨는 부탁했어?<6E5C>나는 할아버지랑 둘이서<6E5C>유가의 본거지를 캐고 있을게","그럼, 시키 씨는 부탁했어?<6E5C>나는 할아버지랑 둘이서<6E5C>유가의 본거지를 캐고 있을게"
dom3Shino_X03.mes,Script/dom3Shino_X03.mes,152,10,주인공,う、うん.わかった,"으, 응. 알았어","으, 응. 알았어"
dom3Shino_X03.mes,Script/dom3Shino_X03.mes,153,20,Shino,<이름:3232>さんだから、<6E5C>頼んでるんだからね?,"<이름:3232>씨니까,<6E5C>부탁하는 거니까?","<이름:3232>씨니까,<6E5C>부탁하는 거니까?"
dom3Shino_X03.mes,Script/dom3Shino_X03.mes,154,3,주인공,え?,어?,어?
dom3Shino_X03.mes,Script/dom3Shino_X03.mes,155,47,Shino,ここまで本性を見せちゃったのは、<6E5C><이름:3232>さんだけだよ.本当はこんな<6E5C>こと、掟破りなんだから……,"여기까지 본모습을 보여준 건,<6E5C><이름:3232>씨뿐이야.사실 이런<6E5C>거, 규율 위반이니까……","여기까지 본모습을 보여준 건,<6E5C><이름:3232>씨뿐이야.사실 이런<6E5C>거, 규율 위반이니까……"
dom3Shino_X03.mes,Script/dom3Shino_X03.mes,156,8,주인공,そ、そうか……,"그, 그래……","그, 그래……"
dom3Shino_X03.mes,Script/dom3Shino_X03.mes,157,26,Shino,<이름:3232>さんの心と、<6E5C>強さを信頼してるんだからね……?,"<이름:3232>씨의 마음과,<6E5C>강함을 믿는 거니까……?","<이름:3232>씨의 마음과,<6E5C>강함을 믿는 거니까……?"
dom3Shino_X03.mes,Script/dom3Shino_X03.mes,158,7,주인공,詩乃さん……,시노 씨……,시노 씨……
dom3Shino_X03.mes,Script/dom3Shino_X03.mes,159,10,Shino,しからば、ゴメンッ,"그럼, 미안!","그럼, 미안!"
dom3Shino_X03.mes,Script/dom3Shino_X03.mes,160,5,[효과음/내레이션],ドロンッ,펑,펑
dom3Shino_X03.mes,Script/dom3Shino_X03.mes,161,27,주인공,うわっ!……ゲホ、ゲホ.<6E5C>何も煙玉で消えなくても……,"우왓, 콜록콜록.<6E5C>연막탄까지 안 써도 되는데","우왓, 콜록콜록.<6E5C>연막탄까지 안 써도 되는데"
dom3Shino_X03.mes,Script/dom3Shino_X03.mes,162,45,주인공,(なんだか、きつねにつままれた<6E5C>ような気分だけど、今の詩乃さんの<6E5C>言葉は本物だよな……),"(왠지, 여우한테 홀린 것<6E5C>같은 기분이지만, 방금 시노 씨<6E5C>말은 진심이었지……)","(왠지, 여우한테 홀린 것<6E5C>같은 기분이지만, 방금 시노 씨<6E5C>말은 진심이었지……)"
dom3Shino_X03.mes,Script/dom3Shino_X03.mes,163,33,주인공,(よし!足手まといにならないよ<6E5C>うに、俺も全力で助太刀するぞ!),(좋아! 짐이 되지 않도록<6E5C>나도 전력으로 도와줄 거야!),(좋아! 짐이 되지 않도록<6E5C>나도 전력으로 도와줄 거야!)
dom3Shino_X04.mes,Script/dom3Shino_X04.mes,0,23,주인공,じゃあいろは、<6E5C>色さんをよく看ておいておくれ,"그럼 이로하, <6E5C>시키 씨를 잘 보살펴다오","그럼 이로하, <6E5C>시키 씨를 잘 보살펴다오"
dom3Shino_X04.mes,Script/dom3Shino_X04.mes,1,33,Iroha,はい!もう、意識も戻られて<6E5C>普通にお話できますし、<6E5C>大丈夫ですよ,"네! 의식도 돌아왔고<6E5C>대화도 잘 되세요,<6E5C>괜찮아요","네! 의식도 돌아왔고<6E5C>대화도 잘 되세요,<6E5C>괜찮아요"
dom3Shino_X04.mes,Script/dom3Shino_X04.mes,2,43,주인공,一応、覇王丸さんにも頼んだから<6E5C>安心かな.怪しい奴が来ても、<6E5C>絶対に開けちゃ駄目だよ,"하오마루 씨에게 부탁했으니<6E5C>안심해도 돼. 수상한 놈이 와도,<6E5C>절대 열지 마","하오마루 씨에게 부탁했으니<6E5C>안심해도 돼. 수상한 놈이 와도,<6E5C>절대 열지 마"
dom3Shino_X04.mes,Script/dom3Shino_X04.mes,3,38,Iroha,はい!旦那様の言いつけは<6E5C>全力でまっとうします!<6E5C>いろはを信じてください!,네! 서방님의 말씀은<6E5C>전력으로 지키겠습니다!<6E5C>이로하를 믿어주세요!,네! 서방님의 말씀은<6E5C>전력으로 지키겠습니다!<6E5C>이로하를 믿어주세요!
dom3Shino_X04.mes,Script/dom3Shino_X04.mes,4,23,주인공,ああ、もちろん信じてる.<6E5C>じゃ、行ってくるね,"그래, 물론 믿고 있어.<6E5C>그럼, 다녀올게","그래, 물론 믿고 있어.<6E5C>그럼, 다녀올게"
dom3Shino_X04.mes,Script/dom3Shino_X04.mes,5,44,Iroha,気をつけて行ってらっしゃいませ!<6E5C>悪をやっつける旦那様は、<6E5C>とってもかっこいいですよ!,"조심해서 다녀오세요!<6E5C>악을 물리치는 서방님은,<6E5C>정말 멋있으세요!","조심해서 다녀오세요!<6E5C>악을 물리치는 서방님은,<6E5C>정말 멋있으세요!"
dom3Shino_X04.mes,Script/dom3Shino_X04.mes,6,66,주인공,(詩乃さんは今頃ユガを倒そうと<6E5C>しているはず……ならば俺も<6E5C>行かねば!)<485C>(詩乃さんの背中を守るぐらい<6E5C>なら、俺にもできるはずだ),(시노 씨는 지금쯤 유가와<6E5C>싸우고 있겠지…… 나도<6E5C>가야 해!)<485C>(시노 씨 등 정도는<6E5C>나도 지킬 수 있을 거야),(시노 씨는 지금쯤 유가와<6E5C>싸우고 있겠지…… 나도<6E5C>가야 해!)<485C>(시노 씨 등 정도는<6E5C>나도 지킬 수 있을 거야)
dom3Shino_X04.mes,Script/dom3Shino_X04.mes,7,34,주인공,(しかし、ユガの本拠地は<6E5C>どこなのだ?<6E5C>まずはそれを探さねば……),"(하지만, 유가의 본거지는<6E5C>어디지?<6E5C>먼저 찾아야……)","(하지만, 유가의 본거지는<6E5C>어디지?<6E5C>먼저 찾아야……)"
dom3Shino_X04.mes,Script/dom3Shino_X04.mes,8,13,UNKNOWN_1e,やいテメェ、待ちやがれ!,"어이, 거기 서!","어이, 거기 서!"
dom3Shino_X04.mes,Script/dom3Shino_X04.mes,9,3,주인공,ん?,응?,응?
dom3Shino_X04.mes,Script/dom3Shino_X04.mes,10,46,UNKNOWN_74,やっぱり、オレ様がにらんだとおり<6E5C>のくせぇ野郎だったな、オマエ.<6E5C>斬ってやるから、抜きな!,"역시, 내가 노려본 대로<6E5C>수상쩍은 놈이었군, 너.<6E5C>베어줄 테니, 칼 뽑아라!","역시, 내가 노려본 대로<6E5C>수상쩍은 놈이었군, 너.<6E5C>베어줄 테니, 칼 뽑아라!"
dom3Shino_X04.mes,Script/dom3Shino_X04.mes,11,13,주인공,狂エ門!どういうことだ?,쿄에몬! 무슨 소리?,쿄에몬! 무슨 소리?
dom3Shino_X04.mes,Script/dom3Shino_X04.mes,12,57,UNKNOWN_74,どういうことじゃねぇよ、コソ泥が<6E5C>!昨夜、組の屋敷に入って金を<6E5C>盗んだのはテメェなんだろ!<485C>みんな知ってんだよ!,"무슨 소리긴, 도둑놈이<6E5C>! 어젯밤, 조직 저택에 들어가서 돈을<6E5C>훔친 게 너잖아!<485C>다들 알고 있다고!","무슨 소리긴, 도둑놈이<6E5C>! 어젯밤, 조직 저택에 들어가서 돈을<6E5C>훔친 게 너잖아!<485C>다들 알고 있다고!"
dom3Shino_X04.mes,Script/dom3Shino_X04.mes,13,23,주인공,(!<020A>そうか、ユガがそのような<6E5C>情報を……),"(! <020A>그런가, 유가가 그런<6E5C>정보를……)","(! <020A>그런가, 유가가 그런<6E5C>정보를……)"
dom3Shino_X04.mes,Script/dom3Shino_X04.mes,14,26,UNKNOWN_74,金はどこだ!おとなしく出したら<6E5C>命までは取らねぇぜ,돈 어디 있어! 순순히 내놓으면<6E5C>안 죽인다,돈 어디 있어! 순순히 내놓으면<6E5C>안 죽인다
dom3Shino_X04.mes,Script/dom3Shino_X04.mes,15,17,주인공,で、組長さんは今どこにいるんだ?,조장님은 지금 어디 계셔?,조장님은 지금 어디 계셔?
dom3Shino_X04.mes,Script/dom3Shino_X04.mes,16,15,UNKNOWN_74,アァ?裏の破れ屋に行ってるよ,아? 뒤쪽 폐가에 가 있어,아? 뒤쪽 폐가에 가 있어
dom3Shino_X04.mes,Script/dom3Shino_X04.mes,17,9,주인공,そうか.恩に着る,"그런가, 고맙다","그런가, 고맙다"
dom3Shino_X04.mes,Script/dom3Shino_X04.mes,18,3,[효과음/내레이션],ダッ,탓,탓
dom3Shino_X04.mes,Script/dom3Shino_X04.mes,19,25,UNKNOWN_74,お、おい!どういうことだよ、<6E5C>テメェ待ちやがれ!,"어, 어이! 뭐 하는 거야,<6E5C>거기 서!","어, 어이! 뭐 하는 거야,<6E5C>거기 서!"
dom3Shino_X04.mes,Script/dom3Shino_X04.mes,20,5,[효과음/내레이션],バンッ!,쾅!,쾅!
dom3Shino_X04.mes,Script/dom3Shino_X04.mes,21,6,주인공,ここかっ!,여긴가!,여긴가!
dom3Shino_X04.mes,Script/dom3Shino_X04.mes,22,13,Shino,あ、<이름:3232>さん!イテテ……,"아, <이름:3232> 씨! 아얏","아, <이름:3232> 씨! 아얏"
dom3Shino_X04.mes,Script/dom3Shino_X04.mes,23,23,주인공,詩乃さん、大丈夫か!<6E5C>ケガしてるじゃないか!,"시노 씨, 괜찮아!<6E5C>다쳤잖아!","시노 씨, 괜찮아!<6E5C>다쳤잖아!"
dom3Shino_X04.mes,Script/dom3Shino_X04.mes,24,26,Shino,これっくらいへっちゃらよ!<6E5C>いくわよ、乱咲手裏剣っ,"이 정도쯤이야 끄떡없어!<6E5C>간다, 난만수리검!","이 정도쯤이야 끄떡없어!<6E5C>간다, 난만수리검!"
dom3Shino_X04.mes,Script/dom3Shino_X04.mes,25,6,[효과음/내레이션],カカカカッ,카카카칵,카카카칵
dom3Shino_X04.mes,Script/dom3Shino_X04.mes,26,6,Shino,蝶流淡っ!,접류담!,접류담!
dom3Shino_X04.mes,Script/dom3Shino_X04.mes,27,4,[효과음/내레이션],ゴォッ,고옷,고옷
dom3Shino_X04.mes,Script/dom3Shino_X04.mes,28,10,UNKNOWN_8e,ヌゥ……こしゃくな,누우…… 건방진,누우…… 건방진
dom3Shino_X04.mes,Script/dom3Shino_X04.mes,29,21,주인공,すごい…….<6E5C>よし、俺も助太刀いたすぞ!,"대단해……<6E5C>좋아, 나도 돕겠다!","대단해……<6E5C>좋아, 나도 돕겠다!"
dom3Shino_X04.mes,Script/dom3Shino_X04.mes,30,19,UNKNOWN_1e,テメェの相手はこのオレだ、<6E5C><이름:3232>っ!,"네 상대는 바로 나다,<6E5C><이름:3232>!","네 상대는 바로 나다,<6E5C><이름:3232>!"
dom3Shino_X04.mes,Script/dom3Shino_X04.mes,31,7,주인공,狂エ門……!,쿄에몬!,쿄에몬!
dom3Shino_X04.mes,Script/dom3Shino_X04.mes,32,21,UNKNOWN_74,盗人がぁ!<6E5C>この町から追い出してやるぜ!,도둑놈이!<6E5C>이 마을에서 쫓아내주마!,도둑놈이!<6E5C>이 마을에서 쫓아내주마!
dom3Shino_X04.mes,Script/dom3Shino_X04.mes,33,13,주인공,違う!それはでたらめだ!,아니야! 그건 거짓!,아니야! 그건 거짓!
dom3Shino_X04.mes,Script/dom3Shino_X04.mes,34,16,UNKNOWN_74,今さら命乞いしてんじゃねぇよ!,이제 와서 목숨 구걸 마!,이제 와서 목숨 구걸 마!
dom3Shino_X04.mes,Script/dom3Shino_X04.mes,35,4,[효과음/내레이션],キンッ,챙!,챙!
dom3Shino_X04.mes,Script/dom3Shino_X04.mes,36,4,[효과음/내레이션],キンッ,챙!,챙!
dom3Shino_X04.mes,Script/dom3Shino_X04.mes,37,9,[효과음/내레이션],ギリギリギリ……,끼기긱……,끼기긱……
dom3Shino_X04.mes,Script/dom3Shino_X04.mes,38,19,UNKNOWN_74,……フンッ、<6E5C>なかなかやるじゃねぇか,"……흥,<6E5C>제법이잖아","……흥,<6E5C>제법이잖아"
dom3Shino_X04.mes,Script/dom3Shino_X04.mes,39,22,주인공,おまえと争う理由はない!<6E5C>刀を納めてくれ!,너와 싸울 이유 없다!<6E5C>칼을 거두어라!,너와 싸울 이유 없다!<6E5C>칼을 거두어라!
dom3Shino_X04.mes,Script/dom3Shino_X04.mes,40,15,UNKNOWN_74,ガタガタ言ってんじゃねぇよ!,구시렁대지 좀 마!,구시렁대지 좀 마!
dom3Shino_X04.mes,Script/dom3Shino_X04.mes,41,4,[효과음/내레이션],キンッ,챙!,챙!
dom3Shino_X04.mes,Script/dom3Shino_X04.mes,42,5,주인공,くそ……,젠장……,젠장……
dom3Shino_X04.mes,Script/dom3Shino_X04.mes,43,15,[선택지],刀でわからせる話してわからせる,칼로 알려준다\말로 알려준다,칼로 알려준다\말로 알려준다
dom3Shino_X04.mes,Script/dom3Shino_X04.mes,44,20,주인공,こうなれば……<6E5C>刀でわからせるのみよ!,이리 된 이상……<6E5C>칼로 알려줄 뿐!,이리 된 이상……<6E5C>칼로 알려줄 뿐!
dom3Shino_X04.mes,Script/dom3Shino_X04.mes,45,6,UNKNOWN_74,上等ォッ!,좋다앗!,좋다앗!
dom3Shino_X04.mes,Script/dom3Shino_X04.mes,46,4,[효과음/내레이션],キンッ,챙!,챙!
dom3Shino_X04.mes,Script/dom3Shino_X04.mes,47,4,[효과음/내레이션],キンッ,챙!,챙!
dom3Shino_X04.mes,Script/dom3Shino_X04.mes,48,7,[효과음/내레이션],キーーーンッ,채---앵!,채---앵!
dom3Shino_X04.mes,Script/dom3Shino_X04.mes,49,7,UNKNOWN_74,クッ、刀が!,"큭, 칼이!","큭, 칼이!"
dom3Shino_X04.mes,Script/dom3Shino_X04.mes,50,39,주인공,待ってくれ、誤解だ!<6E5C>俺は金など盗んでいない.<6E5C>すべてはユガのはかりごとだ!,"기다려, 오해야!<6E5C>나는 돈 훔친 적 없어.<6E5C>전부 유가의 계략이다!","기다려, 오해야!<6E5C>나는 돈 훔친 적 없어.<6E5C>전부 유가의 계략이다!"
dom3Shino_X04.mes,Script/dom3Shino_X04.mes,51,8,UNKNOWN_74,問答無用だぁ!,문답무용이다!,문답무용이다!
dom3Shino_X04.mes,Script/dom3Shino_X04.mes,52,5,[효과음/내레이션],ザシュッ,서걱,서걱
dom3Shino_X04.mes,Script/dom3Shino_X04.mes,53,5,주인공,ぐあっ!,크윽!,크윽!
dom3Shino_X04.mes,Script/dom3Shino_X04.mes,54,36,주인공,(うう……俺は詩乃さんを<6E5C>助けることもできずに死ぬのか……<6E5C>無念……),(으윽…… 시노 씨를<6E5C>돕지도 못하고 죽는 건가……<6E5C>분하다……),(으윽…… 시노 씨를<6E5C>돕지도 못하고 죽는 건가……<6E5C>분하다……)
dom3Shino_X04.mes,Script/dom3Shino_X04.mes,55,30,UNKNOWN_8e,もうよい……戯れには飽きた…….<6E5C>うぬら、一掃してくれよう,"이제 됐다…… 장난은 질렸다…….<6E5C>네놈들, 쓸어주마","이제 됐다…… 장난은 질렸다…….<6E5C>네놈들, 쓸어주마"
dom3Shino_X04.mes,Script/dom3Shino_X04.mes,56,4,UNKNOWN_8e,ダラニ,다라니,다라니
dom3Shino_X04.mes,Script/dom3Shino_X04.mes,57,7,[효과음/내레이션],ゴォォォッ!,고오오옷!,고오오옷!
dom3Shino_X04.mes,Script/dom3Shino_X04.mes,58,19,UNKNOWN_74,ぐあああっ!<6E5C>な、なんでオレまで……,"크아아악!<6E5C>왜, 왜 나까지……","크아아악!<6E5C>왜, 왜 나까지……"
dom3Shino_X04.mes,Script/dom3Shino_X04.mes,59,34,UNKNOWN_8e,おぬしはもう用済み……我の駒とし<6E5C>て働けたこと、誇りにするべし……,네놈은 쓸모없다…… 내 말로<6E5C>일한 것을 자랑으로 여겨라……,네놈은 쓸모없다…… 내 말로<6E5C>일한 것을 자랑으로 여겨라……
dom3Shino_X04.mes,Script/dom3Shino_X04.mes,60,7,UNKNOWN_74,なんだと……,뭐라고……,뭐라고……
dom3Shino_X04.mes,Script/dom3Shino_X04.mes,61,7,[효과음/내레이션],ゴォォォッ!,고오오옷!,고오오옷!
dom3Shino_X04.mes,Script/dom3Shino_X04.mes,62,8,UNKNOWN_74,うああああっ!,우아아아악!,우아아아악!
dom3Shino_X04.mes,Script/dom3Shino_X04.mes,63,7,주인공,ぐあああっ!,크아아악!,크아아악!
dom3Shino_X04.mes,Script/dom3Shino_X04.mes,64,21,Shino,やめろ!<6E5C>あんたの相手はあたいだろっ!!,그만해!<6E5C>네 상대는 나잖아!!,그만해!<6E5C>네 상대는 나잖아!!
dom3Shino_X04.mes,Script/dom3Shino_X04.mes,65,35,UNKNOWN_8e,ホゥ、おぬし、この男を…….<6E5C>面白い、目の前でいたぶり<6E5C>殺してやろう,"호오, 이 남자를…….<6E5C>재밌군, 눈앞에서 괴롭혀<6E5C>죽여주지","호오, 이 남자를…….<6E5C>재밌군, 눈앞에서 괴롭혀<6E5C>죽여주지"
dom3Shino_X04.mes,Script/dom3Shino_X04.mes,66,4,UNKNOWN_8e,アルガ,알가,알가
dom3Shino_X04.mes,Script/dom3Shino_X04.mes,67,7,[효과음/내레이션],ゴォォォッ!,고오오옷!,고오오옷!
dom3Shino_X04.mes,Script/dom3Shino_X04.mes,68,9,주인공,ぐあああああっ!,크아아아아악!,크아아아아악!
dom3Shino_X04.mes,Script/dom3Shino_X04.mes,69,14,Shino,いやあああ!<이름:3232>さんっっ!,안 돼애애!<이름:3232> 씨!!,안 돼애애!<이름:3232> 씨!!
dom3Shino_X04.mes,Script/dom3Shino_X04.mes,70,8,UNKNOWN_1e,忍法、百舌崩し,"인법, 격추술","인법, 격추술"
dom3Shino_X04.mes,Script/dom3Shino_X04.mes,71,10,[효과음/내레이션],ゴオオオオンッッ!,고오오오옹!!,고오오오옹!!
dom3Shino_X04.mes,Script/dom3Shino_X04.mes,72,6,UNKNOWN_8e,グアッ……,구아악……,구아악……
dom3Shino_X04.mes,Script/dom3Shino_X04.mes,73,9,Shino,おじいちゃんっ!,할아버지!,할아버지!
dom3Shino_X04.mes,Script/dom3Shino_X04.mes,74,17,UNKNOWN_8e,フ……楽しみは、取っておこう……,"후…… 즐거움은, 남겨두지……","후…… 즐거움은, 남겨두지……"
dom3Shino_X04.mes,Script/dom3Shino_X04.mes,75,8,[효과음/내레이션],ゴゴゴゴゴ……,고고고고고……,고고고고고……
dom3Shino_X04.mes,Script/dom3Shino_X04.mes,76,14,주인공,う……どうなって……あ……,으…… 어떻게……아……,으…… 어떻게……아……
dom3Shino_X04.mes,Script/dom3Shino_X04.mes,77,8,Shino,<이름:3232>さんっ!!,<이름:3232> 씨!!,<이름:3232> 씨!!
dom3Shino_X04.mes,Script/dom3Shino_X04.mes,78,3,[효과음/내레이션],……,……,……
dom3Shino_X04.mes,Script/dom3Shino_X04.mes,79,19,주인공,(……俺は、どうなったんだ……?<6E5C>),"(……나는, 어떻게 된 거지?<6E5C>)","(……나는, 어떻게 된 거지?<6E5C>)"
dom3Shino_X04.mes,Script/dom3Shino_X04.mes,80,39,주인공,(体が熱い……死んだのか?<6E5C>寺……何かが流れ落ちる音がする……<6E5C>.<6E5C>寺血?),(몸이 뜨겁다…… 죽었나?<6E5C>절…… 소리가 흐른다……<6E5C>.<6E5C>절피?),(몸이 뜨겁다…… 죽었나?<6E5C>절…… 소리가 흐른다……<6E5C>.<6E5C>절피?)
dom3Shino_X04.mes,Script/dom3Shino_X04.mes,81,12,주인공,(いや…….<6E5C>寺涙?),(아냐.<6E5C>절 눈물?),(아냐.<6E5C>절 눈물?)
dom3Shino_X04.mes,Script/dom3Shino_X04.mes,82,7,UNKNOWN_1e,<이름:3232>さんっ!,<이름:3232> 씨!,<이름:3232> 씨!
dom3Shino_X04.mes,Script/dom3Shino_X04.mes,83,13,주인공,う…….<6E5C>し、詩乃さん?,"으….<6E5C>시, 시노 씨?","으….<6E5C>시, 시노 씨?"
dom3Shino_X04.mes,Script/dom3Shino_X04.mes,84,13,Shino,よかった!目覚めたのね!,다행이다! 깨어났구나!,다행이다! 깨어났구나!
dom3Shino_X04.mes,Script/dom3Shino_X04.mes,85,15,주인공,ユガは、どうなっ……いててて,"유가는, 어떻게…… 이떼떼","유가는, 어떻게…… 이떼떼"
dom3Shino_X04.mes,Script/dom3Shino_X04.mes,86,20,Shino,動いちゃダメよ!<6E5C>すごい傷なんだから!,움직이면 안 돼!<6E5C>상처가 심하잖아!,움직이면 안 돼!<6E5C>상처가 심하잖아!
dom3Shino_X04.mes,Script/dom3Shino_X04.mes,87,28,주인공,でも、まだユガは生きてるんだろう<6E5C>.倒さねば……くくっ,"그래도, 유가는 살아있잖아<6E5C>. 쓰러뜨려야……크윽","그래도, 유가는 살아있잖아<6E5C>. 쓰러뜨려야……크윽"
dom3Shino_X04.mes,Script/dom3Shino_X04.mes,88,42,Shino,この右腕じゃ無理よ.刀だって<6E5C>持てないわ!もういいのよ、<6E5C>あとはあたいが闘うから!,"이 오른팔로는 무리야. 칼도<6E5C>못 들어! 이제 됐어,<6E5C>남은 건 내가 싸울게!","이 오른팔로는 무리야. 칼도<6E5C>못 들어! 이제 됐어,<6E5C>남은 건 내가 싸울게!"
dom3Shino_X04.mes,Script/dom3Shino_X04.mes,89,6,주인공,しかし……,하지만……,하지만……
dom3Shino_X04.mes,Script/dom3Shino_X04.mes,90,31,Shino,ごめんなさい.<6E5C>あたいが<이름:3232>さんを巻き込んだ<6E5C>ばっかりに……,미안해.<6E5C>내가 <이름:3232> 씨를 끌어들인<6E5C>탓에……,미안해.<6E5C>내가 <이름:3232> 씨를 끌어들인<6E5C>탓에……
dom3Shino_X04.mes,Script/dom3Shino_X04.mes,91,34,Shino,やっぱり、やめておけばよかった.<6E5C>すべて、秘密にしておけばよかった,"역시, 그만뒀어야 했어.<6E5C>전부, 비밀로 해뒀어야 했는데","역시, 그만뒀어야 했어.<6E5C>전부, 비밀로 해뒀어야 했는데"
dom3Shino_X04.mes,Script/dom3Shino_X04.mes,92,10,주인공,そんなこと言うな!,그런 말 마!,그런 말 마!
dom3Shino_X04.mes,Script/dom3Shino_X04.mes,93,58,Shino,<이름:3232>さんに、すべてを知って<6E5C>ほしくなったんだ<485C>いっしょに闘いたいって<6E5C>願ってしまった<485C>すべて、あたいのせいだよ……,"<이름:3232> 씨에게, 전부 알려주고<6E5C>싶어져 버렸어<485C>함께 싸우고 싶다고<6E5C>바라고 말았어<485C>전부, 다 내 탓이야……","<이름:3232> 씨에게, 전부 알려주고<6E5C>싶어져 버렸어<485C>함께 싸우고 싶다고<6E5C>바라고 말았어<485C>전부, 다 내 탓이야……"
dom3Shino_X04.mes,Script/dom3Shino_X04.mes,94,28,주인공,詩乃さん、俺は闘うよ.<6E5C>俺だって、詩乃さんと闘いたい!,"시노 씨, 나도 싸울 거야.<6E5C>같이 싸우고 싶어!","시노 씨, 나도 싸울 거야.<6E5C>같이 싸우고 싶어!"
dom3Shino_X04.mes,Script/dom3Shino_X04.mes,95,27,Shino,ううん.もうダメ…….<6E5C>もう、<이름:3232>さんは巻き込めない,아니.안 돼…….<6E5C><이름:3232> 씨를 끌어들일 수 없어,아니.안 돼…….<6E5C><이름:3232> 씨를 끌어들일 수 없어
dom3Shino_X04.mes,Script/dom3Shino_X04.mes,96,7,주인공,どうしてだ!,어째서야!,어째서야!
dom3Shino_X04.mes,Script/dom3Shino_X04.mes,97,35,Shino,死んでほしくないの…….<6E5C>あなただけは生きてほしい.<6E5C>ぜったいに……,죽지 않았으면 좋겠어…….<6E5C>당신만은 살아줬으면 해.<6E5C>절대로……,죽지 않았으면 좋겠어…….<6E5C>당신만은 살아줬으면 해.<6E5C>절대로……
dom3Shino_X04.mes,Script/dom3Shino_X04.mes,98,7,주인공,詩乃さん……,시노 씨……,시노 씨……
dom3Shino_X04.mes,Script/dom3Shino_X04.mes,99,52,Shino,……こんな想い、はじめて<485C>闘うのも死ぬのもこわくないけど、<6E5C><이름:3232>さんを失うのは、<6E5C>耐えられないほど怖い,"이런 마음 처음이야<485C>싸우다 죽는 건 안 무섭지만,<6E5C><이름:3232> 씨를 잃는 건,<6E5C>견딜 수 없이 무서워","이런 마음 처음이야<485C>싸우다 죽는 건 안 무섭지만,<6E5C><이름:3232> 씨를 잃는 건,<6E5C>견딜 수 없이 무서워"
dom3Shino_X04.mes,Script/dom3Shino_X04.mes,100,17,Shino,だからダメ.もうここでお別れ、ね,그러니 안 돼.여기서 헤어져,그러니 안 돼.여기서 헤어져
dom3Shino_X04.mes,Script/dom3Shino_X04.mes,101,46,주인공,そんなの嫌だ!俺だって詩乃さんを<6E5C>失うなんて耐えられない!俺が<6E5C>守り抜いてみせる!ぐっ……,그런 거 싫어! 나도 시노 씨를<6E5C>잃는 건 못 견뎌! 내가<6E5C>끝까지 지킨다! 크윽……,그런 거 싫어! 나도 시노 씨를<6E5C>잃는 건 못 견뎌! 내가<6E5C>끝까지 지킨다! 크윽……
dom3Shino_X04.mes,Script/dom3Shino_X04.mes,102,21,Shino,ダメ!傷が開いちゃうわ!<6E5C>じっとしてて!,안 돼! 상처 벌어져!<6E5C>가만히 있어!,안 돼! 상처 벌어져!<6E5C>가만히 있어!
dom3Shino_X04.mes,Script/dom3Shino_X04.mes,103,39,주인공,こんなところで、<6E5C>休んでなどいられない.詩乃さん<6E5C>ひとり闘わせるわけには……,"이런 곳에서,<6E5C>쉬고 있을 수 없어. 시노 씨<6E5C>혼자 싸우게 둘 수는……","이런 곳에서,<6E5C>쉬고 있을 수 없어. 시노 씨<6E5C>혼자 싸우게 둘 수는……"
dom3Shino_X04.mes,Script/dom3Shino_X04.mes,104,15,Shino,おまじない……きかなかったね,부적…… 안 통했네,부적…… 안 통했네
dom3Shino_X04.mes,Script/dom3Shino_X04.mes,105,5,주인공,……え?,……어?,……어?
dom3Shino_X04.mes,Script/dom3Shino_X04.mes,106,39,Shino,覚えてない?河原でした、無事で<6E5C>いられますようにっておまじない.<6E5C>あたい……,"기억 안 나? 강변에서 했잖아, 무사히<6E5C>있게 해달라는 부적.<6E5C>나……","기억 안 나? 강변에서 했잖아, 무사히<6E5C>있게 해달라는 부적.<6E5C>나……"
dom3Shino_X04.mes,Script/dom3Shino_X04.mes,107,8,[선택지],抱擁した接吻した,안았다\입맞췄다,안았다\입맞췄다
dom3Shino_X04.mes,Script/dom3Shino_X04.mes,108,17,주인공,……詩乃さん、俺に抱きついて……,"시노 씨, 나한테 안겼어……","시노 씨, 나한테 안겼어……"
dom3Shino_X04.mes,Script/dom3Shino_X04.mes,109,28,Shino,ふふ…….今度はちゃんときく<6E5C>おまじない、かけてあげる,"후후…… 이번엔 제대로 통하는<6E5C>부적, 걸어줄게","후후…… 이번엔 제대로 통하는<6E5C>부적, 걸어줄게"
dom3Shino_X04.mes,Script/dom3Shino_X04.mes,110,15,주인공,あのとき、俺の頬に接吻を……,"그때, 뺨에 입맞췄어……","그때, 뺨에 입맞췄어……"
dom3Shino_X04.mes,Script/dom3Shino_X04.mes,111,28,Shino,うん…….今度はちゃんときく<6E5C>おまじない、かけてあげる,"응…… 이번엔 제대로 통하는<6E5C>부적, 걸어줄게","응…… 이번엔 제대로 통하는<6E5C>부적, 걸어줄게"
dom3Shino_X04.mes,Script/dom3Shino_X04.mes,112,6,주인공,え、何を?,"어, 뭘?","어, 뭘?"
dom3Shino_X04.mes,Script/dom3Shino_X04.mes,113,8,주인공,うっ、うぐ……,"윽, 으윽……","윽, 으윽……"
dom3Shino_X04.mes,Script/dom3Shino_X04.mes,114,12,Shino,……これで、もう大丈夫,이걸로 이제 괜찮아,이걸로 이제 괜찮아
dom3Shino_X04.mes,Script/dom3Shino_X04.mes,115,14,주인공,な……何故、突然、唇を……,"왜, 갑자기 입술을……","왜, 갑자기 입술을……"
dom3Shino_X04.mes,Script/dom3Shino_X04.mes,116,44,Shino,<이름:3232>さん…….あたいのために<6E5C>ありがとう.もうその気持ちだけで<6E5C>十分.ひとりで闘えるよ,<이름:3232> 씨…….날 위해줘서<6E5C>고마워. 그 마음으로<6E5C>충분해. 혼자 싸울 수 있어,<이름:3232> 씨…….날 위해줘서<6E5C>고마워. 그 마음으로<6E5C>충분해. 혼자 싸울 수 있어
dom3Shino_X04.mes,Script/dom3Shino_X04.mes,117,10,주인공,何を言って…….<6E5C>寺,무슨 소리…….<6E5C>절,무슨 소리…….<6E5C>절
dom3Shino_X04.mes,Script/dom3Shino_X04.mes,118,22,주인공,!?な、なんだ?詩乃さん!<6E5C>何を飲ませた!,!? 뭐야? 시노 씨!<6E5C>뭘 먹인 거야!,!? 뭐야? 시노 씨!<6E5C>뭘 먹인 거야!
dom3Shino_X04.mes,Script/dom3Shino_X04.mes,119,43,Shino,<이름:3232>さんが、たっぷりお休み<6E5C>できる薬.そして、あたいと<6E5C>この闘いのことを忘れる薬……,"<이름:3232> 씨가, 푹 쉴 수<6E5C>있는 약이야. 그리고, 나와<6E5C>이 싸움을 잊는 약……","<이름:3232> 씨가, 푹 쉴 수<6E5C>있는 약이야. 그리고, 나와<6E5C>이 싸움을 잊는 약……"
dom3Shino_X04.mes,Script/dom3Shino_X04.mes,120,30,주인공,何故そんなものを!いやだ!<6E5C>俺は眠りなどしない、忘れない!,"왜 그런 걸!싫어!<6E5C>나는 잠들지 않아, 잊지 않아!","왜 그런 걸!싫어!<6E5C>나는 잠들지 않아, 잊지 않아!"
dom3Shino_X04.mes,Script/dom3Shino_X04.mes,121,37,Shino,眠れば、この傷は治るわ.<6E5C>目覚めたときは、痛みもあたいも<6E5C>いなくなってる,"잠들면, 이 상처는 나아.<6E5C>깨어나면, 아픔도 나도<6E5C>사라지고 없어","잠들면, 이 상처는 나아.<6E5C>깨어나면, 아픔도 나도<6E5C>사라지고 없어"
dom3Shino_X04.mes,Script/dom3Shino_X04.mes,122,37,Shino,いいの.<이름:3232>さんが忘れても、<6E5C>あたいが忘れないから.<6E5C>一生、覚えておくよ,"괜찮아.<이름:3232> 씨가 잊어도,<6E5C>내가 잊지 않을 거야.<6E5C>평생 기억할게","괜찮아.<이름:3232> 씨가 잊어도,<6E5C>내가 잊지 않을 거야.<6E5C>평생 기억할게"
dom3Shino_X04.mes,Script/dom3Shino_X04.mes,123,16,주인공,いや……だ!詩乃さ……忘れ……,싫……어!시노 씨……잊지……,싫……어!시노 씨……잊지……
dom3Shino_X04.mes,Script/dom3Shino_X04.mes,124,24,Shino,<이름:3232><020A>ん…<020A><020A>好<020A><020A>っ<020A>わ<6E5C>寺…<020A>さよ<020A><020A>…<020A>,<이름:3232><020A>씨…<020A><020A>좋<020A><020A>아<020A>해<6E5C>절…<020A>안녕<020A><020A>…<020A>,<이름:3232><020A>씨…<020A><020A>좋<020A><020A>아<020A>해<6E5C>절…<020A>안녕<020A><020A>…<020A>
dom3Shino_X04.mes,Script/dom3Shino_X04.mes,125,14,주인공,な、なんて……閉こえな……,뭐라고…… 안 둘려……,뭐라고…… 안 둘려……
dom3Shino_X04.mes,Script/dom3Shino_X04.mes,126,11,주인공,し、の、……さ、……,"시, 노, ……씨","시, 노, ……씨"
dom3Shino_X05.mes,Script/dom3Shino_X05.mes,0,4,[효과음/내레이션],ダダッ,다다닥,다다닥
dom3Shino_X05.mes,Script/dom3Shino_X05.mes,1,3,Shino,……,……,……
dom3Shino_X05.mes,Script/dom3Shino_X05.mes,2,11,UNKNOWN_1e,……詩乃、大丈夫か?,"……시노, 괜찮아?","……시노, 괜찮아?"
dom3Shino_X05.mes,Script/dom3Shino_X05.mes,3,20,Shino,……あ、うん.<6E5C>大丈夫よ、おじいちゃん,"……아, 응.<6E5C>괜찮아요, 할아버지","……아, 응.<6E5C>괜찮아요, 할아버지"
dom3Shino_X05.mes,Script/dom3Shino_X05.mes,4,54,UNKNOWN_a2,悲しいのも無理はない<485C>あの若者が目覚めたときには、<6E5C>わしらのことはみーんな頭の中から<6E5C>消えとるんじゃからな,"슬픈 것도 당연하지<485C>그 애가 눈뜰 때는, <6E5C>우리 일은 죄다 머릿속서<6E5C>사라졌을 테니","슬픈 것도 당연하지<485C>그 애가 눈뜰 때는, <6E5C>우리 일은 죄다 머릿속서<6E5C>사라졌을 테니"
dom3Shino_X05.mes,Script/dom3Shino_X05.mes,5,47,Shino,そ、そんなのぜんぜん平気だよ!<6E5C><이름:3232>さんがあれ以上傷つく方が、<6E5C>あたいにはつらかったんだもん,"그, 그런 거 하나 안 힘들어!<6E5C><이름:3232>씨가 더 다치는 게, <6E5C>나한텐 더 괴로웠어","그, 그런 거 하나 안 힘들어!<6E5C><이름:3232>씨가 더 다치는 게, <6E5C>나한텐 더 괴로웠어"
dom3Shino_X05.mes,Script/dom3Shino_X05.mes,6,57,UNKNOWN_a2,そうじゃな…….あの若者なら、<6E5C>わしらと同じ忍の者になれるかとも<6E5C>思っておったんじゃが……<485C>ちと、荷が重すぎたか,"그렇구나…….그 애라면, <6E5C>우리와 같은 닌자가 될 수 있을까<6E5C>싶었건만……<485C>조금, 짐이 무거웠나","그렇구나…….그 애라면, <6E5C>우리와 같은 닌자가 될 수 있을까<6E5C>싶었건만……<485C>조금, 짐이 무거웠나"
dom3Shino_X05.mes,Script/dom3Shino_X05.mes,7,23,Shino,そうだよ.<이름:3232>さんに忍者の<6E5C>仲間入りは無理さ,맞아.<이름:3232>씨는 닌자<6E5C>동료가 되긴 무리야,맞아.<이름:3232>씨는 닌자<6E5C>동료가 되긴 무리야
dom3Shino_X05.mes,Script/dom3Shino_X05.mes,8,36,UNKNOWN_a2,それならば、記憶を一切<6E5C>消去するのが忍の掟…….<6E5C>つらいが、たえてくれ,"그럼, 기억 전부<6E5C>지우는 게 닌자의 규율….<6E5C>괴롭겠지만 견뎌다오","그럼, 기억 전부<6E5C>지우는 게 닌자의 규율….<6E5C>괴롭겠지만 견뎌다오"
dom3Shino_X05.mes,Script/dom3Shino_X05.mes,9,34,Shino,もう、平気だって!<6E5C>それより、異界の門って<6E5C>ここらへんじゃないの?,"아, 괜찮다니까!<6E5C>그것보다, 이계의 문은<6E5C>이 근처 아니야?","아, 괜찮다니까!<6E5C>그것보다, 이계의 문은<6E5C>이 근처 아니야?"
dom3Shino_X05.mes,Script/dom3Shino_X05.mes,10,13,UNKNOWN_a2,うむ.ここじゃ、ここじゃ,"음.여기다, 여기야","음.여기다, 여기야"
dom3Shino_X05.mes,Script/dom3Shino_X05.mes,11,32,UNKNOWN_a2,この禍々しき黒き門を、<6E5C>ただいまより封印する.<6E5C>準備はよいな?,이 불길한 검은 문을<6E5C>지금 봉인하겠다.<6E5C>준비는 됐느냐?,이 불길한 검은 문을<6E5C>지금 봉인하겠다.<6E5C>준비는 됐느냐?
dom3Shino_X05.mes,Script/dom3Shino_X05.mes,12,6,Shino,バッチリ!,완벽해!,완벽해!
dom3Shino_X05.mes,Script/dom3Shino_X05.mes,13,5,UNKNOWN_a2,では……,그럼……,그럼……
dom3Shino_X05.mes,Script/dom3Shino_X05.mes,14,20,UNKNOWN_1e,おぬしら……ここまで辻り<6E5C>着いたか……,네놈들……여기까지<6E5C>다다랐구나……,네놈들……여기까지<6E5C>다다랐구나……
dom3Shino_X05.mes,Script/dom3Shino_X05.mes,15,6,Shino,この声は!,이 소리!,이 소리!
dom3Shino_X05.mes,Script/dom3Shino_X05.mes,16,4,UNKNOWN_a2,ユガ!,유가!,유가!
dom3Shino_X05.mes,Script/dom3Shino_X05.mes,17,31,UNKNOWN_8e,ネズミと思って甘く見ておったら、<6E5C>こざかしいマネを……許さぬ,"쥐새끼라고 얕봤더니, <6E5C>건방진 짓을……용서 못 한다","쥐새끼라고 얕봤더니, <6E5C>건방진 짓을……용서 못 한다"
dom3Shino_X05.mes,Script/dom3Shino_X05.mes,18,23,UNKNOWN_a2,えぇい、おぬしこそ、<6E5C>ここで成敗してくれる!,"에잇, 네놈이야말로<6E5C>여기서 처단해주마!","에잇, 네놈이야말로<6E5C>여기서 처단해주마!"
dom3Shino_X05.mes,Script/dom3Shino_X05.mes,19,5,Shino,たぁっ!,타앗!,타앗!
dom3Shino_X05.mes,Script/dom3Shino_X05.mes,20,7,[효과음/내레이션],キーーーンッ,키이이잉,키이이잉
dom3Shino_X05.mes,Script/dom3Shino_X05.mes,21,6,Shino,きゃあっ!,꺄악!,꺄악!
dom3Shino_X05.mes,Script/dom3Shino_X05.mes,22,17,UNKNOWN_8e,フン……そんなワザ、効かぬわ……,흥……그런 기술 안 통한다……,흥……그런 기술 안 통한다……
dom3Shino_X05.mes,Script/dom3Shino_X05.mes,23,5,UNKNOWN_8e,バラモン,바라몬,바라몬
dom3Shino_X05.mes,Script/dom3Shino_X05.mes,24,7,[효과음/내레이션],ゴォォォッ!,고오오옷!,고오오옷!
dom3Shino_X05.mes,Script/dom3Shino_X05.mes,25,7,UNKNOWN_a2,ぐあああっ!,크아아악!,크아아악!
dom3Shino_X05.mes,Script/dom3Shino_X05.mes,26,7,Shino,きゃああっ!,꺄아악!,꺄아악!
dom3Shino_X05.mes,Script/dom3Shino_X05.mes,27,23,Shino,(うっ、ここまで来て……<6E5C>くやしいっ……!),"(윽, 여기까지 와서……<6E5C>분해……!)","(윽, 여기까지 와서……<6E5C>분해……!)"
dom3Shino_X05.mes,Script/dom3Shino_X05.mes,28,29,Shino,(……町のみんなや、<6E5C><이름:3232>さんに姿を偽った<6E5C>バツかなぁ),(……마을 사람이나<6E5C><이름:3232>씨한테 모습속인<6E5C>벌인가 봐),(……마을 사람이나<6E5C><이름:3232>씨한테 모습속인<6E5C>벌인가 봐)
dom3Shino_X05.mes,Script/dom3Shino_X05.mes,29,61,Shino,(<이름:3232>さん……最後にもう<6E5C>一度だけ、でぇとしたかったよ)<485C>(あたい、男の人と並んで歩くの、<6E5C>はじめてだったんだよ……?),"(<이름:3232>씨……마지막으로 한 번만<6E5C>데이트하고 싶었어)<485C>(나, 남자랑 나란히 걷는 거, <6E5C>처음이었단 말이야……?)","(<이름:3232>씨……마지막으로 한 번만<6E5C>데이트하고 싶었어)<485C>(나, 남자랑 나란히 걷는 거, <6E5C>처음이었단 말이야……?)"
dom3Shino_X05.mes,Script/dom3Shino_X05.mes,30,5,[효과음/내레이션],グサッ!,푹!,푹!
dom3Shino_X05.mes,Script/dom3Shino_X05.mes,31,2,Shino,!,!,!
dom3Shino_X05.mes,Script/dom3Shino_X05.mes,32,16,UNKNOWN_8e,ぐぐぐっ、この刀は……何奴……,"크크큭, 이 칼은…웬 놈……","크크큭, 이 칼은…웬 놈……"
dom3Shino_X05.mes,Script/dom3Shino_X05.mes,33,34,UNKNOWN_1e,やい!いつまでも気味の悪ぃ顔で<6E5C>ほえてんじゃないぞ!<6E5C>この大悪党!,야!언제까지 재수없는 낯짝으로<6E5C>짖어댈 셈이냐!<6E5C>이 대악당아!,야!언제까지 재수없는 낯짝으로<6E5C>짖어댈 셈이냐!<6E5C>이 대악당아!
dom3Shino_X05.mes,Script/dom3Shino_X05.mes,34,5,UNKNOWN_8e,貴様……,네놈……,네놈……
dom3Shino_X05.mes,Script/dom3Shino_X05.mes,35,7,Shino,<이름:3232>さんっ!,<이름:3232>씨!,<이름:3232>씨!
dom3Shino_X05.mes,Script/dom3Shino_X05.mes,36,29,주인공,おまえの顔を見るのも今日が最後だ<6E5C>!とっとと地獄に帰れ!,네 얼굴 보는 것도 끝이다<6E5C>!냉큼 지옥으로 꺼져라!,네 얼굴 보는 것도 끝이다<6E5C>!냉큼 지옥으로 꺼져라!
dom3Shino_X05.mes,Script/dom3Shino_X05.mes,37,6,UNKNOWN_8e,ぬぬぅ……,끄으……,끄으……
dom3Shino_X05.mes,Script/dom3Shino_X05.mes,38,11,Shino,<이름:3232>さん、どうして?,"<이름:3232>씨, 왜?","<이름:3232>씨, 왜?"
dom3Shino_X05.mes,Script/dom3Shino_X05.mes,39,25,주인공,どうしてって、大事な姫を助けに<6E5C>きたんじゃないか,"왜냐니, 소중한 공주님을 구하러<6E5C>온 거잖아","왜냐니, 소중한 공주님을 구하러<6E5C>온 거잖아"
dom3Shino_X05.mes,Script/dom3Shino_X05.mes,40,28,Shino,だって薬を!<6E5C>まさか、体を傷つけて<6E5C>眠らないように……,그치만 약을!<6E5C>설마 상처 내서<6E5C>잠 안 자려고……,그치만 약을!<6E5C>설마 상처 내서<6E5C>잠 안 자려고……
dom3Shino_X05.mes,Script/dom3Shino_X05.mes,41,26,주인공,……っていうのは痛そうだから、<6E5C>吐かせてもらったよ,"……라면 아플 것 같아서, <6E5C>토해내고 왔지","……라면 아플 것 같아서, <6E5C>토해내고 왔지"
dom3Shino_X05.mes,Script/dom3Shino_X05.mes,42,6,Shino,吐くって?,토해?,토해?
dom3Shino_X05.mes,Script/dom3Shino_X05.mes,43,48,주인공,河原だっただろ?川まで死ぬ気で<6E5C>はいずって、枯れるぐらい水をのん<6E5C>だよ.おかげで三日は腹下しだ,"강가였잖아?강까지 죽을힘으로<6E5C>기어가, 물 마를 만큼 마셨지<6E5C>.덕분에 사흘 배탈났어","강가였잖아?강까지 죽을힘으로<6E5C>기어가, 물 마를 만큼 마셨지<6E5C>.덕분에 사흘 배탈났어"
dom3Shino_X05.mes,Script/dom3Shino_X05.mes,44,16,Shino,えぇ~!そんな、そんなので……,"에~!그런, 그런 걸로……","에~!그런, 그런 걸로……"
dom3Shino_X05.mes,Script/dom3Shino_X05.mes,45,19,UNKNOWN_a2,ははは!詩乃、おまえの負けじゃの<6E5C>!,"하하하!시노, 네가 진 것이야<6E5C>!","하하하!시노, 네가 진 것이야<6E5C>!"
dom3Shino_X05.mes,Script/dom3Shino_X05.mes,46,24,UNKNOWN_8e,ネズミが集まって何を笑っておる…<6E5C>…耳ざわりな,쥐새끼들 모여서 뭘 웃냐…<6E5C>…거슬리는군,쥐새끼들 모여서 뭘 웃냐…<6E5C>…거슬리는군
dom3Shino_X05.mes,Script/dom3Shino_X05.mes,47,4,UNKNOWN_8e,消えよ,꺼져라,꺼져라
dom3Shino_X05.mes,Script/dom3Shino_X05.mes,48,7,[효과음/내레이션],キーーーンッ,키이이잉,키이이잉
dom3Shino_X05.mes,Script/dom3Shino_X05.mes,49,3,주인공,くっ,큭,큭
dom3Shino_X05.mes,Script/dom3Shino_X05.mes,50,28,Shino,<이름:3232>さん!<6E5C>その体で闘うなんて無理よ!<6E5C>右手がもう……,<이름:3232>씨!<6E5C>그 몸으론 무리야!<6E5C>오른손이 이미……,<이름:3232>씨!<6E5C>그 몸으론 무리야!<6E5C>오른손이 이미……
dom3Shino_X05.mes,Script/dom3Shino_X05.mes,51,28,주인공,右が駄目なら左で闘うのみ!<6E5C>これしきで退いてられるか!,오른손 안 되면 왼손뿐!<6E5C>이 정도 안 물러선다!,오른손 안 되면 왼손뿐!<6E5C>이 정도 안 물러선다!
dom3Shino_X05.mes,Script/dom3Shino_X05.mes,52,5,Shino,でも……,그래도…,그래도…
dom3Shino_X05.mes,Script/dom3Shino_X05.mes,53,54,주인공,闘わせてくれ.詩乃さんとともに<6E5C>闘うのが、俺の道だ<485C>武士道でも、<6E5C>修羅道でもなんでもいい.<6E5C>俺の決めた道だ,싸우게 해줘.시노 씨와 함께<6E5C>싸우는 게 내 길이다<485C>무사도든<6E5C>수라도든 뭐든 좋아.<6E5C>내 정한 길이다,싸우게 해줘.시노 씨와 함께<6E5C>싸우는 게 내 길이다<485C>무사도든<6E5C>수라도든 뭐든 좋아.<6E5C>내 정한 길이다
dom3Shino_X05.mes,Script/dom3Shino_X05.mes,54,7,Shino,<이름:3232>さん……,<이름:3232>씨……,<이름:3232>씨……
dom3Shino_X05.mes,Script/dom3Shino_X05.mes,55,22,UNKNOWN_a2,ボケっとしてるヒマはないぞ!<6E5C>やつが動く!,멍때릴 틈은 없다!<6E5C>놈이 움직인다!,멍때릴 틈은 없다!<6E5C>놈이 움직인다!
dom3Shino_X05.mes,Script/dom3Shino_X05.mes,56,15,UNKNOWN_8e,三人まとめて葬ってやろう……,셋이 한꺼번에 묻어주마……,셋이 한꺼번에 묻어주마……
dom3Shino_X05.mes,Script/dom3Shino_X05.mes,57,7,UNKNOWN_8e,ヴィシャサナ,비샤사나,비샤사나
dom3Shino_X05.mes,Script/dom3Shino_X05.mes,58,7,[효과음/내레이션],ゴォォォッ!,고오오옷!,고오오옷!
dom3Shino_X05.mes,Script/dom3Shino_X05.mes,59,6,Shino,なんのっ!,그정도야!,그정도야!
dom3Shino_X05.mes,Script/dom3Shino_X05.mes,60,6,주인공,させるか!,못하게해!,못하게해!
dom3Shino_X05.mes,Script/dom3Shino_X05.mes,61,7,[효과음/내레이션],キーーーンッ,키이이잉,키이이잉
dom3Shino_X05.mes,Script/dom3Shino_X05.mes,62,4,[효과음/내레이션],ダダッ,다다닥,다다닥
dom3Shino_X05.mes,Script/dom3Shino_X05.mes,63,15,UNKNOWN_8e,ヌゥ、うるさいハエどもめ……,"누음, 시끄러운 날파리들…","누음, 시끄러운 날파리들…"
dom3Shino_X05.mes,Script/dom3Shino_X05.mes,64,22,주인공,こそこそ逃げやがって、<6E5C>さっさと観念しろ!,"살금살금 도망치다니, <6E5C>어서 각오해라!","살금살금 도망치다니, <6E5C>어서 각오해라!"
dom3Shino_X05.mes,Script/dom3Shino_X05.mes,65,15,UNKNOWN_8e,おぬしひとりで何ができる……,네놈 혼자 뭘 하겠나……,네놈 혼자 뭘 하겠나……
dom3Shino_X05.mes,Script/dom3Shino_X05.mes,66,47,주인공,(詩乃さん、おじいさん!今の間に<6E5C>門の封印を頼みます!ユガは、<6E5C>なんとか俺が倒しますから!),"(시노 씨, 할아버님!지금 사이<6E5C>문 봉인 부탁드려요!유가는<6E5C>어떻게든 쓰러뜨릴게요!)","(시노 씨, 할아버님!지금 사이<6E5C>문 봉인 부탁드려요!유가는<6E5C>어떻게든 쓰러뜨릴게요!)"
dom3Shino_X05.mes,Script/dom3Shino_X05.mes,67,13,UNKNOWN_8e,手負いが笑わせる……死ね,다친 놈 우습군…죽어라,다친 놈 우습군…죽어라
dom3Shino_X05.mes,Script/dom3Shino_X05.mes,68,3,주인공,うっ,윽,윽
dom3Shino_X05.mes,Script/dom3Shino_X05.mes,69,6,[효과음/내레이션],カキーンッ,채캉!,채캉!
dom3Shino_X05.mes,Script/dom3Shino_X05.mes,70,9,주인공,あ……おまえは!,아……네놈은!,아……네놈은!
dom3Shino_X05.mes,Script/dom3Shino_X05.mes,71,22,UNKNOWN_74,ヘッ!借りは返させてもらうぜ、<6E5C>親分さんよ,"헹!빚은 갚아주지, <6E5C>두목 나리","헹!빚은 갚아주지, <6E5C>두목 나리"
dom3Shino_X05.mes,Script/dom3Shino_X05.mes,72,17,UNKNOWN_8e,貴様……我にたてつくつもりか……,네놈……나에게 덤빌 셈이냐……,네놈……나에게 덤빌 셈이냐……
dom3Shino_X05.mes,Script/dom3Shino_X05.mes,73,22,UNKNOWN_74,よくもオレ様を騙しやがったな!<6E5C>許さねェ!,잘도 이 몸을 속였겠다!<6E5C>용서 못 해!,잘도 이 몸을 속였겠다!<6E5C>용서 못 해!
dom3Shino_X05.mes,Script/dom3Shino_X05.mes,74,21,UNKNOWN_8e,フッ、駒は貴様だけではない……<6E5C>かかれっ,"훗, 말은 네놈뿐이 아니지……<6E5C>덤벼라","훗, 말은 네놈뿐이 아니지……<6E5C>덤벼라"
dom3Shino_X05.mes,Script/dom3Shino_X05.mes,75,7,UNKNOWN_b2,うおおおおっ,우오오옷,우오오옷
dom3Shino_X05.mes,Script/dom3Shino_X05.mes,76,28,UNKNOWN_74,<이름:3232>!ザコはオレにまかせて、<6E5C>オマエはヤツの首を取れ!,<이름:3232>!잔챙이는 나한테 맡기고<6E5C>넌 놈의 목을 따라!,<이름:3232>!잔챙이는 나한테 맡기고<6E5C>넌 놈의 목을 따라!
dom3Shino_X05.mes,Script/dom3Shino_X05.mes,77,24,주인공,……狂エ門、おまえって案外いい奴<6E5C>だったんだな,"……쿄에몬, 너 의외로 좋은 놈<6E5C>이었구나","……쿄에몬, 너 의외로 좋은 놈<6E5C>이었구나"
dom3Shino_X05.mes,Script/dom3Shino_X05.mes,78,17,UNKNOWN_74,のん気なこと言ってる場合かよっ!,느긋한 소리 할 때냐!,느긋한 소리 할 때냐!
dom3Shino_X05.mes,Script/dom3Shino_X05.mes,79,24,주인공,またどこかで会うような気がするよ<6E5C>、おまえとは,"또 어디선가 만날 것 같아<6E5C>, 너랑은","또 어디선가 만날 것 같아<6E5C>, 너랑은"
dom3Shino_X05.mes,Script/dom3Shino_X05.mes,80,26,UNKNOWN_74,冗談じゃねェ!とりあえず百年は<6E5C>顔も見たくねェよ!,농담하지 마!일단 백 년은<6E5C>얼굴도 보기 싫어!,농담하지 마!일단 백 년은<6E5C>얼굴도 보기 싫어!
dom3Shino_X05.mes,Script/dom3Shino_X05.mes,81,20,주인공,なら百年後、あるいは二百年後に<6E5C>会おう,"그럼 백 년, 이백 년 후에<6E5C>만나자","그럼 백 년, 이백 년 후에<6E5C>만나자"
dom3Shino_X05.mes,Script/dom3Shino_X05.mes,82,9,주인공,覚悟しろ、ユガ!,각오해라 유가!,각오해라 유가!
dom3Shino_X05.mes,Script/dom3Shino_X05.mes,83,5,UNKNOWN_8e,消えよ!,꺼져라!,꺼져라!
dom3Shino_X05.mes,Script/dom3Shino_X05.mes,84,4,[효과음/내레이션],ガガッ,가각,가각
dom3Shino_X05.mes,Script/dom3Shino_X05.mes,85,8,UNKNOWN_1e,<이름:3232>さーーん!,<이름:3232>씨이이!,<이름:3232>씨이이!
dom3Shino_X05.mes,Script/dom3Shino_X05.mes,86,11,주인공,その声は、詩乃さん!,그 목소리는 시노!,그 목소리는 시노!
dom3Shino_X05.mes,Script/dom3Shino_X05.mes,87,53,Shino,門は封印したわ!<6E5C>うわ、すごい人数<485C>ったく、卑怯なんだから.<6E5C>こっちだって仲間を呼んじゃうん<6E5C>だからね!,"문은 봉인했어!<6E5C>우와, 엄청난 인원수<485C>정말, 비겁하다니까.<6E5C>이쪽도 동료를 불러버릴 거<6E5C>니까!","문은 봉인했어!<6E5C>우와, 엄청난 인원수<485C>정말, 비겁하다니까.<6E5C>이쪽도 동료를 불러버릴 거<6E5C>니까!"
dom3Shino_X05.mes,Script/dom3Shino_X05.mes,88,7,Shino,ピィィィィッ,피이이잇,피이이잇
dom3Shino_X05.mes,Script/dom3Shino_X05.mes,89,13,UNKNOWN_ae,",<7D0C>ユガ……闇に滅せよ!",",<7D0C>유가…어둠에지거라!",",<7D0C>유가…어둠에지거라!"
dom3Shino_X05.mes,Script/dom3Shino_X05.mes,90,27,UNKNOWN_af,では参るか!んんんんんー……<6E5C>うおおおああぁぁっ!!,그럼 가볼까!으으으응……<6E5C>우오오오아아앗!!,그럼 가볼까!으으으응……<6E5C>우오오오아아앗!!
dom3Shino_X05.mes,Script/dom3Shino_X05.mes,91,17,UNKNOWN_b0,さぁ、盛り上がってまいりました!,"자, 분위기가 달아올랐습니다!","자, 분위기가 달아올랐습니다!"
dom3Shino_X05.mes,Script/dom3Shino_X05.mes,92,23,주인공,……すごい人たちだな.<6E5C>みんな、本当に忍者?,…대단한 사람들이네.<6E5C>다들 진짜 닌자야?,…대단한 사람들이네.<6E5C>다들 진짜 닌자야?
dom3Shino_X05.mes,Script/dom3Shino_X05.mes,93,22,Shino,何言ってんの!<6E5C><이름:3232>さんもワザかけるわよ!,무슨 소리야!<6E5C><이름:3232>씨도 기술 걸 거야!,무슨 소리야!<6E5C><이름:3232>씨도 기술 걸 거야!
dom3Shino_X05.mes,Script/dom3Shino_X05.mes,94,22,주인공,えぇ?俺に忍術なんて<6E5C>出せるわけないだろ?,에?나한테 인술이<6E5C>나올 리 없잖아?,에?나한테 인술이<6E5C>나올 리 없잖아?
dom3Shino_X05.mes,Script/dom3Shino_X05.mes,95,29,Shino,昨日、あたいが見せたじゃない!<6E5C><이름:3232>さんならできるって!,어제 내가 보여줬잖아!<6E5C><이름:3232>씨라면 할 수 있다니까!,어제 내가 보여줬잖아!<6E5C><이름:3232>씨라면 할 수 있다니까!
dom3Shino_X05.mes,Script/dom3Shino_X05.mes,96,13,주인공,そんなめちゃくちゃな……,그런 말도 안 되는……,그런 말도 안 되는……
dom3Shino_X05.mes,Script/dom3Shino_X05.mes,97,9,Shino,いくわよーーっ!,간다아아!,간다아아!
dom3Shino_X05.mes,Script/dom3Shino_X05.mes,98,13,주인공,えぇいヤケだ、たぁぁっ!,에잇 모르겠다 타아앗!,에잇 모르겠다 타아앗!
dom3Shino_X05.mes,Script/dom3Shino_X05.mes,99,11,Shino,<이름:3232>さん、手裏剣よ!,<이름:3232>씨 수리검이야!,<이름:3232>씨 수리검이야!
dom3Shino_X05.mes,Script/dom3Shino_X05.mes,100,15,[선택지],旋風手裏剣乱咲手裏剣烈風手裏剣,선풍수리검\난무수리검\열풍수리검,선풍수리검\난무수리검\열풍수리검
dom3Shino_X05.mes,Script/dom3Shino_X05.mes,101,6,[효과음/내레이션],カカカカッ,카카카칵,카카카칵
dom3Shino_X05.mes,Script/dom3Shino_X05.mes,102,6,Shino,火の術よ!,화염술!,화염술!
dom3Shino_X05.mes,Script/dom3Shino_X05.mes,103,9,[선택지],爆淡龍龍淡舞蝶流淡,폭담룡\용담무\접류담,폭담룡\용담무\접류담
dom3Shino_X05.mes,Script/dom3Shino_X05.mes,104,7,[효과음/내레이션],ゴォォォォッ,고오오옷,고오오옷
dom3Shino_X05.mes,Script/dom3Shino_X05.mes,105,8,Shino,締めの必殺技!,마무리기술!,마무리기술!
dom3Shino_X05.mes,Script/dom3Shino_X05.mes,106,14,주인공,えぇ、そんなの知らないよぉ,"에, 그런 거 몰라~","에, 그런 거 몰라~"
dom3Shino_X05.mes,Script/dom3Shino_X05.mes,107,17,Shino,いいから、侍の勘でわかるでしょ!,됐으니까 무사 감으로 알잖아!,됐으니까 무사 감으로 알잖아!
dom3Shino_X05.mes,Script/dom3Shino_X05.mes,108,12,[선택지],紅葉の舞銀杏の舞蜜蜂の舞,단풍춤\은행춤\꿀벌춤,단풍춤\은행춤\꿀벌춤
dom3Shino_X05.mes,Script/dom3Shino_X05.mes,109,8,[효과음/내레이션],ドガァァァンッ,콰과과쾅,콰과과쾅
dom3Shino_X05.mes,Script/dom3Shino_X05.mes,110,10,UNKNOWN_8e,グアアアアァァ……,그아아아아……,그아아아아……
dom3Shino_X05.mes,Script/dom3Shino_X05.mes,111,8,[효과음/내레이션],ゴゴゴゴゴ……,고고고고……,고고고고……
dom3Shino_X05.mes,Script/dom3Shino_X05.mes,112,7,UNKNOWN_8e,グ、ググ……,"그, 그그…","그, 그그…"
dom3Shino_X05.mes,Script/dom3Shino_X05.mes,113,5,주인공,やった!,해냈다!,해냈다!
dom3Shino_X05.mes,Script/dom3Shino_X05.mes,114,8,UNKNOWN_8e,ヌ……滅びよ!,누…멸하여라!,누…멸하여라!
dom3Shino_X05.mes,Script/dom3Shino_X05.mes,115,8,UNKNOWN_8e,ルディラーンダ,루디란다,루디란다
dom3Shino_X05.mes,Script/dom3Shino_X05.mes,116,11,Shino,危ない!<이름:3232>さんっ!,위험해!<이름:3232>씨!,위험해!<이름:3232>씨!
dom3Shino_X05.mes,Script/dom3Shino_X05.mes,117,7,[효과음/내레이션],ゴォォォォッ,고오오옷,고오오옷
dom3Shino_X05.mes,Script/dom3Shino_X05.mes,118,8,주인공,ぐああああっ!,크아아아악!,크아아아악!
dom3Shino_X05.mes,Script/dom3Shino_X05.mes,119,16,주인공,(しまった……油断、した……),"(아차……방심, 했다……)","(아차……방심, 했다……)"
dom3Shino_X05.mes,Script/dom3Shino_X05.mes,120,5,[효과음/내레이션],バタンッ,쾅!,쾅!
dom3Shino_X05.mes,Script/dom3Shino_X05.mes,121,32,주인공,(俺は……ここで、死ぬのか…….<6E5C>父さん、母さん、ごめん……),"(나는…여기서 죽는 건가….<6E5C>아버지, 어머니 미안해요…)","(나는…여기서 죽는 건가….<6E5C>아버지, 어머니 미안해요…)"
dom3Shino_ending1.mes,Script/dom3Shino_ending1.mes,0,3,[효과음/내레이션],……,……,……
dom3Shino_ending1.mes,Script/dom3Shino_ending1.mes,1,7,주인공,……消えた?,…사라졌다?,…사라졌다?
dom3Shino_ending1.mes,Script/dom3Shino_ending1.mes,2,14,주인공,倒したのか?あのユガを……,쓰러뜨렸나?그 유가를……,쓰러뜨렸나?그 유가를……
dom3Shino_ending1.mes,Script/dom3Shino_ending1.mes,3,30,Shino,すごーい!<이름:3232>さん、さっすが!<6E5C>あたいが惚れただけあるわ!,"대단해애!<이름:3232>씨, 역시!<6E5C>내가 반한 보람이 있네!","대단해애!<이름:3232>씨, 역시!<6E5C>내가 반한 보람이 있네!"
dom3Shino_ending1.mes,Script/dom3Shino_ending1.mes,4,4,[효과음/내레이션],ぎゅっ,꼬옥,꼬옥
dom3Shino_ending1.mes,Script/dom3Shino_ending1.mes,5,21,주인공,うわ!そんな、いきなり<6E5C>抱きつかなくても,"우와!그렇게, 갑자기<6E5C>안기지 않아도","우와!그렇게, 갑자기<6E5C>안기지 않아도"
dom3Shino_ending1.mes,Script/dom3Shino_ending1.mes,6,43,Shino,ありがとう……これって、愛の<6E5C>成せるワザよね?あたいたちの愛が<6E5C>勝利へ導いたのよね?,"고마워……이게, 사랑이<6E5C>이룬 기적이지?우리들의 사랑이<6E5C>승리로 이끈 거지?","고마워……이게, 사랑이<6E5C>이룬 기적이지?우리들의 사랑이<6E5C>승리로 이끈 거지?"
dom3Shino_ending1.mes,Script/dom3Shino_ending1.mes,7,12,주인공,そんな、こっぱずかしい,"그런, 부끄럽잖아","그런, 부끄럽잖아"
dom3Shino_ending1.mes,Script/dom3Shino_ending1.mes,8,6,Shino,違うの!?,아니야!?,아니야!?
dom3Shino_ending1.mes,Script/dom3Shino_ending1.mes,9,12,주인공,おっしゃるとおりです!,말씀하신 대로입니다!,말씀하신 대로입니다!
dom3Shino_ending1.mes,Script/dom3Shino_ending1.mes,10,32,Shino,これで、この町もこの国も<6E5C>安泰だわ…….<6E5C><이름:3232>さんが救ったのよ,이걸로 이 마을도 나라도<6E5C>안전해…….<6E5C><이름:3232>씨가 구했어,이걸로 이 마을도 나라도<6E5C>안전해…….<6E5C><이름:3232>씨가 구했어
dom3Shino_ending1.mes,Script/dom3Shino_ending1.mes,11,19,주인공,そんな、俺は少し助太刀を<6E5C>しただけだ,"무슨, 난 조금 거들었을<6E5C>뿐인데","무슨, 난 조금 거들었을<6E5C>뿐인데"
dom3Shino_ending1.mes,Script/dom3Shino_ending1.mes,12,24,UNKNOWN_a2,いやいや、おぬしのおかげじゃ.<6E5C>立派なもんじゃ,"아니아니, 네 덕분이니라.<6E5C>훌륭하구나","아니아니, 네 덕분이니라.<6E5C>훌륭하구나"
dom3Shino_ending1.mes,Script/dom3Shino_ending1.mes,13,8,주인공,あ、おじいさん,"아, 할아버님","아, 할아버님"
dom3Shino_ending1.mes,Script/dom3Shino_ending1.mes,14,47,UNKNOWN_a2,まさかここまでの力の持ち主とは<6E5C>思わなんだ.さすが、わしらが忍で<6E5C>あることを見破っただけある,설마 이 정도 힘을 가졌을 줄은<6E5C>몰랐구나.과연 우리가 닌자임을<6E5C>꿰뚫어본 보람이 있어,설마 이 정도 힘을 가졌을 줄은<6E5C>몰랐구나.과연 우리가 닌자임을<6E5C>꿰뚫어본 보람이 있어
dom3Shino_ending1.mes,Script/dom3Shino_ending1.mes,15,31,주인공,いえいえ、それほどでは……って、<6E5C>俺、そんなの見破ったっけ?,"아뇨아뇨, 그 정도는……아니<6E5C>내가 그런 걸 꿰뚫어봤나?","아뇨아뇨, 그 정도는……아니<6E5C>내가 그런 걸 꿰뚫어봤나?"
dom3Shino_ending1.mes,Script/dom3Shino_ending1.mes,16,48,Shino,とにかく、無事倒したんだから、<6E5C>早く町に帰りましょう!店を開け<6E5C>ないと、お客さんが待ってるわ!,아무튼 무사히 쓰러뜨렸으니<6E5C>얼른 마을로 돌아가자!가게 열지<6E5C>않으면 손님이 기다려!,아무튼 무사히 쓰러뜨렸으니<6E5C>얼른 마을로 돌아가자!가게 열지<6E5C>않으면 손님이 기다려!
dom3Shino_ending1.mes,Script/dom3Shino_ending1.mes,17,6,UNKNOWN_1e,ホホホ……,호호호……,호호호……
dom3Shino_ending1.mes,Script/dom3Shino_ending1.mes,18,41,UNKNOWN_1e,今回は、ちゃんと任務を果たした<6E5C>みたいね.少しは成長したのかしら<6E5C>?詩乃ちゃんっ,"이번엔, 제대로 임무를 완수한<6E5C>모양이네.조금은 성장한 걸까<6E5C>?시노쨩","이번엔, 제대로 임무를 완수한<6E5C>모양이네.조금은 성장한 걸까<6E5C>?시노쨩"
dom3Shino_ending1.mes,Script/dom3Shino_ending1.mes,19,16,주인공,だ、誰!?またハデな忍者が……,누구야!?또 화려한 닌자가…,누구야!?또 화려한 닌자가…
dom3Shino_ending1.mes,Script/dom3Shino_ending1.mes,20,10,Shino,麻衣おねえちゃん!,마이 언니!,마이 언니!
dom3Shino_ending1.mes,Script/dom3Shino_ending1.mes,21,8,주인공,おねぇちゃん?,언니?,언니?
dom3Shino_ending1.mes,Script/dom3Shino_ending1.mes,22,28,Shino,あたいの従姉だよ…….<6E5C>里で一番腕の立つ、くノ一なんだ,내 사촌 언니야….<6E5C>마을서 제일 잘하는 쿠노이치야,내 사촌 언니야….<6E5C>마을서 제일 잘하는 쿠노이치야
dom3Shino_ending1.mes,Script/dom3Shino_ending1.mes,23,44,UNKNOWN_b1,ホホホ!くやしかったら、つべこべ<6E5C>いわずにかかってらっしゃい!<6E5C>いつでも待ってるわよ!,"호호호!억울하면, 잔말 말고<6E5C>덤벼 보라고!<6E5C>언제든지 기다리고 있을게!","호호호!억울하면, 잔말 말고<6E5C>덤벼 보라고!<6E5C>언제든지 기다리고 있을게!"
dom3Shino_ending1.mes,Script/dom3Shino_ending1.mes,24,6,UNKNOWN_b1,じゃあね~,안녕~,안녕~
dom3Shino_ending1.mes,Script/dom3Shino_ending1.mes,25,3,[효과음/내레이션],ダッ,휙,휙
dom3Shino_ending1.mes,Script/dom3Shino_ending1.mes,26,16,주인공,従姉…….ハデな服装は家系か?,사촌 언니…옷도 집안 내력?,사촌 언니…옷도 집안 내력?
dom3Shino_ending1.mes,Script/dom3Shino_ending1.mes,27,30,Shino,こうしちゃいられない!<6E5C><이름:3232>さん、町へ帰らず山で<6E5C>修行よ!,"이럴 때가 아니야!<6E5C><이름:3232>씨, 산에서<6E5C>수행이야!","이럴 때가 아니야!<6E5C><이름:3232>씨, 산에서<6E5C>수행이야!"
dom3Shino_ending1.mes,Script/dom3Shino_ending1.mes,28,7,주인공,へ、なんで?,"어, 왜?","어, 왜?"
dom3Shino_ending1.mes,Script/dom3Shino_ending1.mes,29,38,Shino,あたいは日本一のくノ一になるのが<6E5C>夢なんだから!<6E5C><이름:3232>さんも付き合ってよ!,난 일본 제일의 쿠노이치가 되는 게<6E5C>꿈이니까!<6E5C><이름:3232>씨도 같이 해줘!,난 일본 제일의 쿠노이치가 되는 게<6E5C>꿈이니까!<6E5C><이름:3232>씨도 같이 해줘!
dom3Shino_ending1.mes,Script/dom3Shino_ending1.mes,30,4,주인공,えぇ~,에~,에~
dom3Shino_ending1.mes,Script/dom3Shino_ending1.mes,31,27,UNKNOWN_a2,ふぉっふぉっふぉ.<6E5C>頼もしい忍者かっぷるの誕生じゃあ,허허허.<6E5C>든든한 닌자 커플의 탄생이로구나,허허허.<6E5C>든든한 닌자 커플의 탄생이로구나
dom3Shino_ending1.mes,Script/dom3Shino_ending1.mes,32,6,[효과음/내레이션],そして――,그리고~,그리고~
dom3Shino_ending1.mes,Script/dom3Shino_ending1.mes,33,19,Shino,<이름:3232>さん!<6E5C>早く洗い物かたづけてよ!,<이름:3232>씨!<6E5C>빨리 설거지 좀 해줘!,<이름:3232>씨!<6E5C>빨리 설거지 좀 해줘!
dom3Shino_ending1.mes,Script/dom3Shino_ending1.mes,34,20,주인공,いてて……朝の修行で、<6E5C>腕が筋肉痛……,아야야…아침 수행으로<6E5C>팔이 근육통…,아야야…아침 수행으로<6E5C>팔이 근육통…
dom3Shino_ending1.mes,Script/dom3Shino_ending1.mes,35,39,Shino,情けないわね!そんなんじゃ、<6E5C>明日の日本を支える立派な忍には<6E5C>なれないわよ!,"한심하네!그래서야, <6E5C>내일의 일본을 지탱할 훌륭한 닌자는<6E5C>못 된다고!","한심하네!그래서야, <6E5C>내일의 일본을 지탱할 훌륭한 닌자는<6E5C>못 된다고!"
dom3Shino_ending1.mes,Script/dom3Shino_ending1.mes,36,16,주인공,俺は忍になるなんてひと言も……,난 닌자가 된다곤 한마디도…,난 닌자가 된다곤 한마디도…
dom3Shino_ending1.mes,Script/dom3Shino_ending1.mes,37,53,Shino,何言ってんの!<6E5C>これだけあたいの秘密を<6E5C>知っちゃったら、<485C>忍になるか死ぬかしか道は<6E5C>残ってないんだから!,무슨 소리야!<6E5C>이만큼 내 비밀을<6E5C>알아버렸으면<485C>닌자가 되거나 죽거나 밖에<6E5C>길이 안 남았어!,무슨 소리야!<6E5C>이만큼 내 비밀을<6E5C>알아버렸으면<485C>닌자가 되거나 죽거나 밖에<6E5C>길이 안 남았어!
dom3Shino_ending1.mes,Script/dom3Shino_ending1.mes,38,10,주인공,んなムチャクチャな,그런 말도 안 돼,그런 말도 안 돼
dom3Shino_ending1.mes,Script/dom3Shino_ending1.mes,39,32,Shino,あたいのはじめての唇を奪っておき<6E5C>ながら、逃げようって言うの?,"내 첫 입술을 뺏어놓고서<6E5C>는, 도망치겠다는 거야?","내 첫 입술을 뺏어놓고서<6E5C>는, 도망치겠다는 거야?"
dom3Shino_ending1.mes,Script/dom3Shino_ending1.mes,40,16,주인공,あれは自分からしてきたんだろ!,그건 네가 먼저 한 거잖아!,그건 네가 먼저 한 거잖아!
dom3Shino_ending1.mes,Script/dom3Shino_ending1.mes,41,30,Shino,ふふっ、照れちゃって.<6E5C>そんな<이름:3232>さんも、<6E5C>かわいいわよ!,"후훗, 부끄러워하기는.<6E5C>그런 <이름:3232>씨도, <6E5C>귀여워!","후훗, 부끄러워하기는.<6E5C>그런 <이름:3232>씨도, <6E5C>귀여워!"
dom3Shino_ending1.mes,Script/dom3Shino_ending1.mes,42,3,주인공,……,……,……
dom3Shino_ending1.mes,Script/dom3Shino_ending1.mes,43,36,Shino,ほら、これが終わったら、<6E5C>次は蜜蜂屋の掃除よ.<6E5C>明日は朝からまた修行!,봐 이게 끝나면<6E5C>다음은 미츠바치야 청소야.<6E5C>내일부터 또 수행!,봐 이게 끝나면<6E5C>다음은 미츠바치야 청소야.<6E5C>내일부터 또 수행!
dom3Shino_ending1.mes,Script/dom3Shino_ending1.mes,44,20,주인공,げぇ~.<6E5C>体が三つあっても足りないよ~,우엑~.<6E5C>몸이 셋이라도 모자라겠어~,우엑~.<6E5C>몸이 셋이라도 모자라겠어~
dom3Shino_ending1.mes,Script/dom3Shino_ending1.mes,45,35,Shino,大丈夫!<이름:3232>さんのことは、<6E5C>あたいがちゃーんと守って<6E5C>あげるから!ね?,"괜찮아!<이름:3232>씨는, <6E5C>내가 확실하게 지켜<6E5C>줄 테니까!그치?","괜찮아!<이름:3232>씨는, <6E5C>내가 확실하게 지켜<6E5C>줄 테니까!그치?"
dom3Shino_ending1.mes,Script/dom3Shino_ending1.mes,46,2,[효과음/내레이션],あ。,아.,아.
dom3Shino_ending1.mes,Script/dom3Shino_ending1.mes,47,2,[효과음/내레이션],な。,나.,나.
dom3Shino_ending1.mes,Script/dom3Shino_ending1.mes,48,4,[효과음/내레이션],たっ!,탓!,탓!
dom3Shino_ending1.mes,Script/dom3Shino_ending1.mes,49,4,주인공,うぅ~,으으~,으으~
dom3Shino_ending1.mes,Script/dom3Shino_ending1.mes,50,41,주인공,(俺はこのまま店で働き、<6E5C>忍になる運命なのか……<6E5C>.一生、尻に敷かれそうな……),(이대로 가게서 일하며<6E5C>닌자가 될 운명인가…<6E5C>.평생 잡혀 살 것 같은…),(이대로 가게서 일하며<6E5C>닌자가 될 운명인가…<6E5C>.평생 잡혀 살 것 같은…)
dom3Shino_ending1.mes,Script/dom3Shino_ending1.mes,51,63,주인공,(まぁ、いいか.<6E5C>詩乃さんを守り、詩乃さんと共に<6E5C>闘えるのは俺だけだ)<485C>(けっして遅れを取らないように、<6E5C>頑張らないとな!),"(뭐, 됐나.<6E5C>시노 씨를 지키고 함께<6E5C>싸울 수 있는 건 나뿐이야)<485C>(절대 뒤처지지 않도록<6E5C>힘내야겠지!)","(뭐, 됐나.<6E5C>시노 씨를 지키고 함께<6E5C>싸울 수 있는 건 나뿐이야)<485C>(절대 뒤처지지 않도록<6E5C>힘내야겠지!)"
dom3Shino_ending1.mes,Script/dom3Shino_ending1.mes,52,51,주인공,(父さん、母さん、いつか家に帰る<6E5C>ときは、天井裏から現れるかもしれ<6E5C>ないけれど……勘弁してくれよ!),"(아버지, 어머니, 언젠가 집에 돌아갈<6E5C>땐 천장 속에서 나타날지도<6E5C>모르지만……좀 봐줘요!)","(아버지, 어머니, 언젠가 집에 돌아갈<6E5C>땐 천장 속에서 나타날지도<6E5C>모르지만……좀 봐줘요!)"
dom3Shino_ending1.mes,Script/dom3Shino_ending1.mes,53,20,UNKNOWN_6d,お疲れ様!<6E5C>少しは楽しんでくれたかな?,수고했어!<6E5C>조금은 즐거웠으려나?,수고했어!<6E5C>조금은 즐거웠으려나?
dom3Shino_ending1.mes,Script/dom3Shino_ending1.mes,54,12,UNKNOWN_6d,……あ!<6E5C>いっけない!,……아!<6E5C>큰일났다!,……아!<6E5C>큰일났다!
dom3Shino_ending1.mes,Script/dom3Shino_ending1.mes,55,6,[효과음/내레이션],ドロンッ!,펑!,펑!
dom3Shino_ending1.mes,Script/dom3Shino_ending1.mes,56,44,Shino,こんぷりーと、おめでとう!<6E5C>今度むささび屋に来たら、善哉<6E5C>いっぱい食べさせてあげるね!,"컴플리트, 축하해!<6E5C>다음에 무사사비야에 오면, 단팥죽<6E5C>잔뜩 먹여줄게!","컴플리트, 축하해!<6E5C>다음에 무사사비야에 오면, 단팥죽<6E5C>잔뜩 먹여줄게!"
dom3Shino_ending1.mes,Script/dom3Shino_ending1.mes,57,5,Shino,せーのっ,하나둘!,하나둘!
dom3Shino_ending1.mes,Script/dom3Shino_ending1.mes,58,22,UNKNOWN_1d,わたしたちをみつけてくれて、<6E5C>ありがとう!,"우리를 찾아줘서, <6E5C>고마워!","우리를 찾아줘서, <6E5C>고마워!"
